Image,Num_Threads,OMP_Schedule,Grayscale,Flip_Horizontal,Adjust_Brightness,Flip_Vertical,Quantize,Adjust_Contrast,Negative,Equalize_Histogram,Zoom_In,Zoom_Out,Rotate_CW,Rotate_CCW,Gaussian_3x3,Gaussian_5x5,Gaussian_7x7,Gaussian_9x9,Gaussian_11x11,Adaptive_Median,Total_Time_ms
4000x3000.png,1,dynamic_1,54.9871,20.563,82.3257,4.57098,251.346,119.224,46.194,84.6533,128.63,123.861,70.3487,70.0373,528.166,952.092,1615.87,2431.33,3571.23,3764.05,13919.5
6000x6000.png,1,dynamic_1,164.769,61.601,247.239,15.1979,680.835,356.106,139.416,253.789,393.117,369.86,208.633,205.099,1591.86,2880.38,4835.72,7315.23,10732.8,11092.3,41543.9
8k.jpeg,1,dynamic_1,13.6009,4.94636,19.4881,1.12244,56.2666,32.0779,12.2586,20.1285,30.7897,29.9408,20.0644,18.2518,122.967,224.005,380.536,573.845,843.025,872.193,3275.51
city.jpg,1,dynamic_1,388.363,151.866,582.4,34.4319,1778,839.595,326.981,593.017,1000.46,866.624,442.416,430.656,3567.32,6668.46,11372.8,18661,26910.4,26887.7,101502
city2.jpg,1,dynamic_1,438.912,164.85,658.309,40.9591,2007.69,947.611,369.487,683.827,1004.17,984.966,517.877,500.999,4139.08,7644.76,12894.9,19532.3,28673.2,30706.5,111910
firework.jpg,1,dynamic_1,849.548,316.491,1274.48,79.9651,3518.55,1847.58,720.382,1310.17,0.000341,1914.96,1085.5,1075.2,7883.42,14609.6,24831.8,37777.6,55663.9,60509.1,215268
flor1.jpg,1,dynamic_1,402.945,151.347,605.19,36.9003,1838.16,865.769,337.281,609.611,934.366,899.177,519.486,502.371,3768.23,6973.96,11779.8,17839.7,26196.1,28986.5,103247
flor2.jpg,1,dynamic_1,45.2778,17.1652,67.7665,3.87293,206.521,97.4143,38.1081,68.7038,105.797,99.8867,56.0177,63.873,432.962,786.127,1335.7,2020.98,2979.62,3210.66,11636.4
monument.jpg,1,dynamic_1,771.545,288.667,1162.16,71.1296,3533.86,1657.39,649.089,1180.9,1870.75,1740.02,911.179,882.947,7343.78,13404.4,22650.6,34350.6,50375.5,51886,194731
poke.jpg,1,dynamic_1,1.04713,0.396414,1.55017,0.048973,4.31235,2.26408,0.874859,1.63415,1.73588,2.295,0.798737,0.75223,9.88475,17.792,29.8855,44.925,65.607,69.9433,255.748
rain_paisage.jpg,1,dynamic_1,917.593,348.708,1375.4,80.1625,4200.34,1989.78,778.24,1404.59,0.000422,2045.49,1035.56,1070.57,8427.45,15765.9,26837,44134.5,63522.7,63928.9,237863
sky.jpg,1,dynamic_1,293.838,109.393,440.728,27.3914,1341.69,643.784,246.904,445.655,684.016,659.14,343.923,332.79,2796.66,5095.49,8610.59,13032.1,19136,20783.8,75023.9
stars.jpg,1,dynamic_1,512.511,190.623,768.094,46.9353,2116.97,1107.99,431.019,798.075,1194.69,1157.57,572.836,596.743,5060.25,9005.92,15142.8,22905.2,33520.2,33350.2,128479
4000x3000.png,2,dynamic_16,28.1913,10.437,41.3725,2.60102,126.269,59.2885,23.2304,42.744,65.5723,63.0984,38.0758,37.975,264.117,477.811,805.455,1253.89,1785.59,1891.52,7017.24
6000x6000.png,2,dynamic_16,83.9073,31.2912,126.584,14.4718,347.517,179.264,70.3392,128.16,195.674,186.346,111.006,108.771,799.273,1444.81,2421.34,3669.06,5381.4,5604.83,20904.1
8k.jpeg,2,dynamic_16,6.65149,2.48131,9.78834,0.587788,26.9218,14.206,5.54099,10.0337,16.0838,15.0797,10.9508,9.16682,61.7859,112.556,190.216,287.844,421.375,444.527,1645.8
city.jpg,2,dynamic_16,197.264,72.7286,292.523,18.5183,894.289,422.923,164.329,298.576,514.551,432.734,248.911,241.914,1905.88,3386.67,5722.51,9396.79,13523.8,13662.9,51397.8
city2.jpg,2,dynamic_16,223.248,82.3945,330.716,22.0703,1010.84,475.659,185.726,335.323,526.732,495.019,276.332,266.692,2081.53,3853.34,6481.23,9796.17,14404.2,15518.7,56365.9
firework.jpg,2,dynamic_16,432.049,159.542,640.017,43.1419,1778.41,921.462,359.647,648.815,0.000359,968.764,577.716,569.909,4063.16,7377.5,12488.9,18970.4,27938.6,30693,108631
flor1.jpg,2,dynamic_16,203.502,75.1992,302.169,20.0871,919.672,434.095,169.703,305.55,473.988,452.053,273.184,267.171,1928.74,3502.82,5898.62,8956.84,13144.3,14687.7,52015.4
flor2.jpg,2,dynamic_16,22.9897,8.68056,34.0478,2.0544,104.582,48.979,19.1773,34.6268,53.8206,50.2765,30.1946,33.5796,217.135,394.36,666.301,1015.1,1488.58,1617.08,5841.57
monument.jpg,2,dynamic_16,392.173,144.666,580.462,39.2188,1771.05,836.49,326.923,600.341,919.647,870.517,486.033,472.648,3726.29,6731.94,11354.8,17206.5,25238.7,26293.2,97991.6
poke.jpg,2,dynamic_16,0.603562,0.207963,0.781518,0.045579,2.1615,1.18354,0.444212,0.82053,0.870018,1.18843,0.389127,0.383917,4.96954,8.91229,15.0181,22.9629,32.8401,35.3915,129.174
rain_paisage.jpg,2,dynamic_16,474.715,175.175,691.197,44.0244,2110.43,999.13,387.496,712.907,0.000363,1027.49,549.557,571.371,4391.47,7980.34,13520.7,22166,31892.4,32448.5,120143
sky.jpg,2,dynamic_16,151.067,55.1305,222.265,14.7508,675.898,318.837,124.109,224.552,345.414,331.799,182.615,178.01,1395.78,2551.34,4316.35,6529.53,9596.34,10452.9,37666.7
stars.jpg,2,dynamic_16,259.981,96.1774,386.519,26.2685,1063.59,555.733,216.494,403.827,604.741,578.469,308.818,318.941,2537.17,4505.42,7599.82,11474,16810.5,16773,64519.5
4000x3000.png,2,static,0,0,0,0,0,0,0,0,0,0,0,0,0,0,0,0,0,1902.13,1902.13
6000x6000.png,2,static,0,0,0,0,0,0,0,0,0,0,0,0,0,0,0,0,0,6090.78,6090.78
8k.jpeg,2,static,0,0,0,0,0,0,0,0,0,0,0,0,0,0,0,0,0,444.616,444.616
city.jpg,2,static,0,0,0,0,0,0,0,0,0,0,0,0,0,0,0,0,0,17426.6,17426.6
city2.jpg,2,static,0,0,0,0,0,0,0,0,0,0,0,0,0,0,0,0,0,16457.6,16457.6
firework.jpg,2,static,0,0,0,0,0,0,0,0,0,0,0,0,0,0,0,0,0,33976.1,33976.1
flor1.jpg,2,static,0,0,0,0,0,0,0,0,0,0,0,0,0,0,0,0,0,16543.9,16543.9
flor2.jpg,2,static,0,0,0,0,0,0,0,0,0,0,0,0,0,0,0,0,0,1630.97,1630.97
monument.jpg,2,static,0,0,0,0,0,0,0,0,0,0,0,0,0,0,0,0,0,31691.9,31691.9
poke.jpg,2,static,0,0,0,0,0,0,0,0,0,0,0,0,0,0,0,0,0,37.388,37.388
rain_paisage.jpg,2,static,0,0,0,0,0,0,0,0,0,0,0,0,0,0,0,0,0,42573.1,42573.1
sky.jpg,2,static,0,0,0,0,0,0,0,0,0,0,0,0,0,0,0,0,0,10641.2,10641.2
stars.jpg,2,static,0,0,0,0,0,0,0,0,0,0,0,0,0,0,0,0,0,16957.6,16957.6
4000x3000.png,2,dynamic_1,0,0,0,0,0,0,0,0,0,0,0,0,0,0,0,0,0,1895.68,1895.68
6000x6000.png,2,dynamic_1,0,0,0,0,0,0,0,0,0,0,0,0,0,0,0,0,0,5626.5,5626.5
8k.jpeg,2,dynamic_1,0,0,0,0,0,0,0,0,0,0,0,0,0,0,0,0,0,441.238,441.238
city.jpg,2,dynamic_1,0,0,0,0,0,0,0,0,0,0,0,0,0,0,0,0,0,13674.9,13674.9
city2.jpg,2,dynamic_1,0,0,0,0,0,0,0,0,0,0,0,0,0,0,0,0,0,15540,15540
firework.jpg,2,dynamic_1,0,0,0,0,0,0,0,0,0,0,0,0,0,0,0,0,0,30700.1,30700.1
flor1.jpg,2,dynamic_1,0,0,0,0,0,0,0,0,0,0,0,0,0,0,0,0,0,14673.9,14673.9
flor2.jpg,2,dynamic_1,0,0,0,0,0,0,0,0,0,0,0,0,0,0,0,0,0,1623.47,1623.47
monument.jpg,2,dynamic_1,0,0,0,0,0,0,0,0,0,0,0,0,0,0,0,0,0,26336.8,26336.8
poke.jpg,2,dynamic_1,0,0,0,0,0,0,0,0,0,0,0,0,0,0,0,0,0,35.5717,35.5717
rain_paisage.jpg,2,dynamic_1,0,0,0,0,0,0,0,0,0,0,0,0,0,0,0,0,0,32496,32496
sky.jpg,2,dynamic_1,0,0,0,0,0,0,0,0,0,0,0,0,0,0,0,0,0,10446.1,10446.1
stars.jpg,2,dynamic_1,0,0,0,0,0,0,0,0,0,0,0,0,0,0,0,0,0,16804.1,16804.1
4000x3000.png,2,dynamic_2,0,0,0,0,0,0,0,0,0,0,0,0,0,0,0,0,0,1894.56,1894.56
6000x6000.png,2,dynamic_2,0,0,0,0,0,0,0,0,0,0,0,0,0,0,0,0,0,5617.47,5617.47
8k.jpeg,2,dynamic_2,0,0,0,0,0,0,0,0,0,0,0,0,0,0,0,0,0,442.009,442.009
city.jpg,2,dynamic_2,0,0,0,0,0,0,0,0,0,0,0,0,0,0,0,0,0,13661.9,13661.9
city2.jpg,2,dynamic_2,0,0,0,0,0,0,0,0,0,0,0,0,0,0,0,0,0,15531.7,15531.7
firework.jpg,2,dynamic_2,0,0,0,0,0,0,0,0,0,0,0,0,0,0,0,0,0,30731.8,30731.8
flor1.jpg,2,dynamic_2,0,0,0,0,0,0,0,0,0,0,0,0,0,0,0,0,0,14681,14681
flor2.jpg,2,dynamic_2,0,0,0,0,0,0,0,0,0,0,0,0,0,0,0,0,0,1623.22,1623.22
monument.jpg,2,dynamic_2,0,0,0,0,0,0,0,0,0,0,0,0,0,0,0,0,0,26309.4,26309.4
poke.jpg,2,dynamic_2,0,0,0,0,0,0,0,0,0,0,0,0,0,0,0,0,0,35.5183,35.5183
rain_paisage.jpg,2,dynamic_2,0,0,0,0,0,0,0,0,0,0,0,0,0,0,0,0,0,32467,32467
sky.jpg,2,dynamic_2,0,0,0,0,0,0,0,0,0,0,0,0,0,0,0,0,0,10461.2,10461.2
stars.jpg,2,dynamic_2,0,0,0,0,0,0,0,0,0,0,0,0,0,0,0,0,0,16793.4,16793.4
4000x3000.png,2,dynamic_4,0,0,0,0,0,0,0,0,0,0,0,0,0,0,0,0,0,1898.39,1898.39
6000x6000.png,2,dynamic_4,0,0,0,0,0,0,0,0,0,0,0,0,0,0,0,0,0,5607,5607
8k.jpeg,2,dynamic_4,0,0,0,0,0,0,0,0,0,0,0,0,0,0,0,0,0,439.913,439.913
city.jpg,2,dynamic_4,0,0,0,0,0,0,0,0,0,0,0,0,0,0,0,0,0,13674.2,13674.2
city2.jpg,2,dynamic_4,0,0,0,0,0,0,0,0,0,0,0,0,0,0,0,0,0,15523.3,15523.3
firework.jpg,2,dynamic_4,0,0,0,0,0,0,0,0,0,0,0,0,0,0,0,0,0,30709.4,30709.4
flor1.jpg,2,dynamic_4,0,0,0,0,0,0,0,0,0,0,0,0,0,0,0,0,0,14697.2,14697.2
flor2.jpg,2,dynamic_4,0,0,0,0,0,0,0,0,0,0,0,0,0,0,0,0,0,1631.21,1631.21
monument.jpg,2,dynamic_4,0,0,0,0,0,0,0,0,0,0,0,0,0,0,0,0,0,26325.3,26325.3
poke.jpg,2,dynamic_4,0,0,0,0,0,0,0,0,0,0,0,0,0,0,0,0,0,35.5559,35.5559
rain_paisage.jpg,2,dynamic_4,0,0,0,0,0,0,0,0,0,0,0,0,0,0,0,0,0,32463.5,32463.5
sky.jpg,2,dynamic_4,0,0,0,0,0,0,0,0,0,0,0,0,0,0,0,0,0,10471,10471
stars.jpg,2,dynamic_4,0,0,0,0,0,0,0,0,0,0,0,0,0,0,0,0,0,16806.7,16806.7
4000x3000.png,2,dynamic_8,0,0,0,0,0,0,0,0,0,0,0,0,0,0,0,0,0,1894.21,1894.21
6000x6000.png,2,dynamic_8,0,0,0,0,0,0,0,0,0,0,0,0,0,0,0,0,0,5611.86,5611.86
8k.jpeg,2,dynamic_8,0,0,0,0,0,0,0,0,0,0,0,0,0,0,0,0,0,440.175,440.175
city.jpg,2,dynamic_8,0,0,0,0,0,0,0,0,0,0,0,0,0,0,0,0,0,13672.6,13672.6
city2.jpg,2,dynamic_8,0,0,0,0,0,0,0,0,0,0,0,0,0,0,0,0,0,15502.6,15502.6
firework.jpg,2,dynamic_8,0,0,0,0,0,0,0,0,0,0,0,0,0,0,0,0,0,30677.8,30677.8
flor1.jpg,2,dynamic_8,0,0,0,0,0,0,0,0,0,0,0,0,0,0,0,0,0,14667.5,14667.5
flor2.jpg,2,dynamic_8,0,0,0,0,0,0,0,0,0,0,0,0,0,0,0,0,0,1623.26,1623.26
monument.jpg,2,dynamic_8,0,0,0,0,0,0,0,0,0,0,0,0,0,0,0,0,0,26311.6,26311.6
poke.jpg,2,dynamic_8,0,0,0,0,0,0,0,0,0,0,0,0,0,0,0,0,0,35.8705,35.8705
rain_paisage.jpg,2,dynamic_8,0,0,0,0,0,0,0,0,0,0,0,0,0,0,0,0,0,32425.1,32425.1
sky.jpg,2,dynamic_8,0,0,0,0,0,0,0,0,0,0,0,0,0,0,0,0,0,10470.3,10470.3
stars.jpg,2,dynamic_8,0,0,0,0,0,0,0,0,0,0,0,0,0,0,0,0,0,16767.7,16767.7
4000x3000.png,2,dynamic_32,0,0,0,0,0,0,0,0,0,0,0,0,0,0,0,0,0,1896.44,1896.44
6000x6000.png,2,dynamic_32,0,0,0,0,0,0,0,0,0,0,0,0,0,0,0,0,0,5622.15,5622.15
8k.jpeg,2,dynamic_32,0,0,0,0,0,0,0,0,0,0,0,0,0,0,0,0,0,443.795,443.795
city.jpg,2,dynamic_32,0,0,0,0,0,0,0,0,0,0,0,0,0,0,0,0,0,13662.9,13662.9
city2.jpg,2,dynamic_32,0,0,0,0,0,0,0,0,0,0,0,0,0,0,0,0,0,15535.4,15535.4
firework.jpg,2,dynamic_32,0,0,0,0,0,0,0,0,0,0,0,0,0,0,0,0,0,30665.7,30665.7
flor1.jpg,2,dynamic_32,0,0,0,0,0,0,0,0,0,0,0,0,0,0,0,0,0,14672,14672
flor2.jpg,2,dynamic_32,0,0,0,0,0,0,0,0,0,0,0,0,0,0,0,0,0,1622.99,1622.99
monument.jpg,2,dynamic_32,0,0,0,0,0,0,0,0,0,0,0,0,0,0,0,0,0,26312.1,26312.1
poke.jpg,2,dynamic_32,0,0,0,0,0,0,0,0,0,0,0,0,0,0,0,0,0,35.8643,35.8643
rain_paisage.jpg,2,dynamic_32,0,0,0,0,0,0,0,0,0,0,0,0,0,0,0,0,0,32460.9,32460.9
sky.jpg,2,dynamic_32,0,0,0,0,0,0,0,0,0,0,0,0,0,0,0,0,0,10470.2,10470.2
stars.jpg,2,dynamic_32,0,0,0,0,0,0,0,0,0,0,0,0,0,0,0,0,0,16776.1,16776.1
4000x3000.png,2,dynamic_64,0,0,0,0,0,0,0,0,0,0,0,0,0,0,0,0,0,1925.06,1925.06
6000x6000.png,2,dynamic_64,0,0,0,0,0,0,0,0,0,0,0,0,0,0,0,0,0,5610.08,5610.08
8k.jpeg,2,dynamic_64,0,0,0,0,0,0,0,0,0,0,0,0,0,0,0,0,0,443.027,443.027
city.jpg,2,dynamic_64,0,0,0,0,0,0,0,0,0,0,0,0,0,0,0,0,0,13698,13698
city2.jpg,2,dynamic_64,0,0,0,0,0,0,0,0,0,0,0,0,0,0,0,0,0,15544.2,15544.2
firework.jpg,2,dynamic_64,0,0,0,0,0,0,0,0,0,0,0,0,0,0,0,0,0,30722.5,30722.5
flor1.jpg,2,dynamic_64,0,0,0,0,0,0,0,0,0,0,0,0,0,0,0,0,0,14673.2,14673.2
flor2.jpg,2,dynamic_64,0,0,0,0,0,0,0,0,0,0,0,0,0,0,0,0,0,1641.63,1641.63
monument.jpg,2,dynamic_64,0,0,0,0,0,0,0,0,0,0,0,0,0,0,0,0,0,26317,26317
poke.jpg,2,dynamic_64,0,0,0,0,0,0,0,0,0,0,0,0,0,0,0,0,0,37.1772,37.1772
rain_paisage.jpg,2,dynamic_64,0,0,0,0,0,0,0,0,0,0,0,0,0,0,0,0,0,32507.8,32507.8
sky.jpg,2,dynamic_64,0,0,0,0,0,0,0,0,0,0,0,0,0,0,0,0,0,10464.2,10464.2
stars.jpg,2,dynamic_64,0,0,0,0,0,0,0,0,0,0,0,0,0,0,0,0,0,16834.9,16834.9
4000x3000.png,2,dynamic_128,0,0,0,0,0,0,0,0,0,0,0,0,0,0,0,0,0,1904.35,1904.35
6000x6000.png,2,dynamic_128,0,0,0,0,0,0,0,0,0,0,0,0,0,0,0,0,0,5644.98,5644.98
8k.jpeg,2,dynamic_128,0,0,0,0,0,0,0,0,0,0,0,0,0,0,0,0,0,462.112,462.112
city.jpg,2,dynamic_128,0,0,0,0,0,0,0,0,0,0,0,0,0,0,0,0,0,13703.7,13703.7
city2.jpg,2,dynamic_128,0,0,0,0,0,0,0,0,0,0,0,0,0,0,0,0,0,15521.8,15521.8
firework.jpg,2,dynamic_128,0,0,0,0,0,0,0,0,0,0,0,0,0,0,0,0,0,30717.8,30717.8
flor1.jpg,2,dynamic_128,0,0,0,0,0,0,0,0,0,0,0,0,0,0,0,0,0,14680,14680
flor2.jpg,2,dynamic_128,0,0,0,0,0,0,0,0,0,0,0,0,0,0,0,0,0,1624.99,1624.99
monument.jpg,2,dynamic_128,0,0,0,0,0,0,0,0,0,0,0,0,0,0,0,0,0,26332.6,26332.6
poke.jpg,2,dynamic_128,0,0,0,0,0,0,0,0,0,0,0,0,0,0,0,0,0,39.5981,39.5981
rain_paisage.jpg,2,dynamic_128,0,0,0,0,0,0,0,0,0,0,0,0,0,0,0,0,0,32482.4,32482.4
sky.jpg,2,dynamic_128,0,0,0,0,0,0,0,0,0,0,0,0,0,0,0,0,0,10456.8,10456.8
stars.jpg,2,dynamic_128,0,0,0,0,0,0,0,0,0,0,0,0,0,0,0,0,0,16839.7,16839.7
4000x3000.png,3,dynamic_16,19.0471,7.14346,27.5884,2.07745,84.4186,39.796,15.6073,28.5196,42.7475,41.8989,27.6226,28.0758,176.344,317.691,538.949,810.587,1196.98,1271.98,4677.08
6000x6000.png,3,dynamic_16,55.8114,21.1068,82.6737,6.5792,228.553,118.836,46.6116,92.0675,126.398,123.856,85.5309,84.2113,529.674,952.027,1609.21,2442.17,3573.88,3779.03,13958.2
8k.jpeg,3,dynamic_16,4.53925,1.82575,6.67927,0.580701,18.1167,9.42274,3.78252,6.69355,10.4841,10.1179,9.62461,7.32681,41.238,74.6712,126.422,191.578,280.972,297.392,1101.47
city.jpg,3,dynamic_16,131.477,49.1295,194.814,15.6912,597.67,280.089,109.874,199.148,329.773,289.365,177.755,178.335,1231.7,2242.22,3803.98,6245.09,8996.65,9155.35,34228.1
city2.jpg,3,dynamic_16,148.813,56.1218,220.118,18.6497,683.81,316.968,124.048,223.708,335.78,328.859,208.966,202.539,1389.03,2546.67,4300.94,6534.58,9556.13,10381.5,37577.2
firework.jpg,3,dynamic_16,287.15,107.987,425.941,36.3359,1178.42,621.878,241.749,443.016,0.000335,637.476,434.952,429.236,2711.57,4920.77,8316.67,12616.7,18603.7,20605,72618.6
flor1.jpg,3,dynamic_16,141.38,50.9858,208.771,16.9206,616.75,288.644,113.178,203.793,306.189,300.394,209.415,206.281,1275.62,2327.46,3922.21,5961.95,8745.94,9813.24,34709.1
flor2.jpg,3,dynamic_16,15.4613,5.95627,22.6936,1.65263,68.9989,32.7328,12.8384,22.9594,35.0249,34.9531,22.5218,24.3795,144.334,261.907,443.605,673.431,992.113,1085.46,3901.02
monument.jpg,3,dynamic_16,281.305,98.2854,387.997,33.5819,1239.19,563.348,220.795,453.213,597.409,578.742,369.777,354.75,2486.42,4496.84,7596.65,11529.5,16800.9,17643.6,65732.3
poke.jpg,3,dynamic_16,0.454905,0.153251,0.527128,0.07093,1.4762,0.767643,0.300898,0.564379,0.636227,0.791346,0.452186,0.467113,3.34525,5.96946,10.1681,15.2316,21.9779,23.9209,87.2755
rain_paisage.jpg,3,dynamic_16,310.255,116.015,460.113,37.7869,1411.95,667.373,259.37,477.17,0.000358,681.855,410.109,421.41,2942.47,5336.68,8999.63,14743.1,21230.6,21783.1,80289
sky.jpg,3,dynamic_16,99.3021,37.4594,147.176,12.2398,451.016,212.918,83.1496,149.662,224.646,220.334,137.342,134.57,932.54,1694.74,2870.31,4336.62,6383.7,6993.34,25121.1
stars.jpg,3,dynamic_16,173.53,64.9442,256.914,21.589,711.151,370.229,146.124,267.471,393.153,385.832,230.139,237.878,1692.16,3008.9,5051.37,7656.52,11197.2,11248.3,43113.4
4000x3000.png,3,static,0,0,0,0,0,0,0,0,0,0,0,0,0,0,0,0,0,1274.87,1274.87
6000x6000.png,3,static,0,0,0,0,0,0,0,0,0,0,0,0,0,0,0,0,0,4104.93,4104.93
8k.jpeg,3,static,0,0,0,0,0,0,0,0,0,0,0,0,0,0,0,0,0,312.099,312.099
city.jpg,3,static,0,0,0,0,0,0,0,0,0,0,0,0,0,0,0,0,0,12455.4,12455.4
city2.jpg,3,static,0,0,0,0,0,0,0,0,0,0,0,0,0,0,0,0,0,11725.3,11725.3
firework.jpg,3,static,0,0,0,0,0,0,0,0,0,0,0,0,0,0,0,0,0,25117.2,25117.2
flor1.jpg,3,static,0,0,0,0,0,0,0,0,0,0,0,0,0,0,0,0,0,11798.9,11798.9
flor2.jpg,3,static,0,0,0,0,0,0,0,0,0,0,0,0,0,0,0,0,0,1120.97,1120.97
monument.jpg,3,static,0,0,0,0,0,0,0,0,0,0,0,0,0,0,0,0,0,23908.3,23908.3
poke.jpg,3,static,0,0,0,0,0,0,0,0,0,0,0,0,0,0,0,0,0,26.0381,26.0381
rain_paisage.jpg,3,static,0,0,0,0,0,0,0,0,0,0,0,0,0,0,0,0,0,29216.2,29216.2
sky.jpg,3,static,0,0,0,0,0,0,0,0,0,0,0,0,0,0,0,0,0,7205.56,7205.56
stars.jpg,3,static,0,0,0,0,0,0,0,0,0,0,0,0,0,0,0,0,0,11640.1,11640.1
4000x3000.png,3,dynamic_1,0,0,0,0,0,0,0,0,0,0,0,0,0,0,0,0,0,1272.76,1272.76
6000x6000.png,3,dynamic_1,0,0,0,0,0,0,0,0,0,0,0,0,0,0,0,0,0,3786,3786
8k.jpeg,3,dynamic_1,0,0,0,0,0,0,0,0,0,0,0,0,0,0,0,0,0,296.442,296.442
city.jpg,3,dynamic_1,0,0,0,0,0,0,0,0,0,0,0,0,0,0,0,0,0,9169.28,9169.28
city2.jpg,3,dynamic_1,0,0,0,0,0,0,0,0,0,0,0,0,0,0,0,0,0,10397,10397
firework.jpg,3,dynamic_1,0,0,0,0,0,0,0,0,0,0,0,0,0,0,0,0,0,20668.3,20668.3
flor1.jpg,3,dynamic_1,0,0,0,0,0,0,0,0,0,0,0,0,0,0,0,0,0,9803.09,9803.09
flor2.jpg,3,dynamic_1,0,0,0,0,0,0,0,0,0,0,0,0,0,0,0,0,0,1085.31,1085.31
monument.jpg,3,dynamic_1,0,0,0,0,0,0,0,0,0,0,0,0,0,0,0,0,0,17610.5,17610.5
poke.jpg,3,dynamic_1,0,0,0,0,0,0,0,0,0,0,0,0,0,0,0,0,0,24.0503,24.0503
rain_paisage.jpg,3,dynamic_1,0,0,0,0,0,0,0,0,0,0,0,0,0,0,0,0,0,21782.9,21782.9
sky.jpg,3,dynamic_1,0,0,0,0,0,0,0,0,0,0,0,0,0,0,0,0,0,6985.03,6985.03
stars.jpg,3,dynamic_1,0,0,0,0,0,0,0,0,0,0,0,0,0,0,0,0,0,11258,11258
4000x3000.png,3,dynamic_2,0,0,0,0,0,0,0,0,0,0,0,0,0,0,0,0,0,1271.86,1271.86
6000x6000.png,3,dynamic_2,0,0,0,0,0,0,0,0,0,0,0,0,0,0,0,0,0,3766.1,3766.1
8k.jpeg,3,dynamic_2,0,0,0,0,0,0,0,0,0,0,0,0,0,0,0,0,0,296.02,296.02
city.jpg,3,dynamic_2,0,0,0,0,0,0,0,0,0,0,0,0,0,0,0,0,0,9172.86,9172.86
city2.jpg,3,dynamic_2,0,0,0,0,0,0,0,0,0,0,0,0,0,0,0,0,0,10422.9,10422.9
firework.jpg,3,dynamic_2,0,0,0,0,0,0,0,0,0,0,0,0,0,0,0,0,0,20613,20613
flor1.jpg,3,dynamic_2,0,0,0,0,0,0,0,0,0,0,0,0,0,0,0,0,0,9833.28,9833.28
flor2.jpg,3,dynamic_2,0,0,0,0,0,0,0,0,0,0,0,0,0,0,0,0,0,1091.43,1091.43
monument.jpg,3,dynamic_2,0,0,0,0,0,0,0,0,0,0,0,0,0,0,0,0,0,17614.2,17614.2
poke.jpg,3,dynamic_2,0,0,0,0,0,0,0,0,0,0,0,0,0,0,0,0,0,24.6639,24.6639
rain_paisage.jpg,3,dynamic_2,0,0,0,0,0,0,0,0,0,0,0,0,0,0,0,0,0,21797.3,21797.3
sky.jpg,3,dynamic_2,0,0,0,0,0,0,0,0,0,0,0,0,0,0,0,0,0,7010.06,7010.06
stars.jpg,3,dynamic_2,0,0,0,0,0,0,0,0,0,0,0,0,0,0,0,0,0,11237.2,11237.2
4000x3000.png,3,dynamic_4,0,0,0,0,0,0,0,0,0,0,0,0,0,0,0,0,0,1270.53,1270.53
6000x6000.png,3,dynamic_4,0,0,0,0,0,0,0,0,0,0,0,0,0,0,0,0,0,3760.88,3760.88
8k.jpeg,3,dynamic_4,0,0,0,0,0,0,0,0,0,0,0,0,0,0,0,0,0,296.719,296.719
city.jpg,3,dynamic_4,0,0,0,0,0,0,0,0,0,0,0,0,0,0,0,0,0,9171.42,9171.42
city2.jpg,3,dynamic_4,0,0,0,0,0,0,0,0,0,0,0,0,0,0,0,0,0,10392.9,10392.9
firework.jpg,3,dynamic_4,0,0,0,0,0,0,0,0,0,0,0,0,0,0,0,0,0,20625.5,20625.5
flor1.jpg,3,dynamic_4,0,0,0,0,0,0,0,0,0,0,0,0,0,0,0,0,0,9803.07,9803.07
flor2.jpg,3,dynamic_4,0,0,0,0,0,0,0,0,0,0,0,0,0,0,0,0,0,1086.51,1086.51
monument.jpg,3,dynamic_4,0,0,0,0,0,0,0,0,0,0,0,0,0,0,0,0,0,17603.9,17603.9
poke.jpg,3,dynamic_4,0,0,0,0,0,0,0,0,0,0,0,0,0,0,0,0,0,23.8673,23.8673
rain_paisage.jpg,3,dynamic_4,0,0,0,0,0,0,0,0,0,0,0,0,0,0,0,0,0,21746.1,21746.1
sky.jpg,3,dynamic_4,0,0,0,0,0,0,0,0,0,0,0,0,0,0,0,0,0,6995.99,6995.99
stars.jpg,3,dynamic_4,0,0,0,0,0,0,0,0,0,0,0,0,0,0,0,0,0,11218.2,11218.2
4000x3000.png,3,dynamic_8,0,0,0,0,0,0,0,0,0,0,0,0,0,0,0,0,0,1271.93,1271.93
6000x6000.png,3,dynamic_8,0,0,0,0,0,0,0,0,0,0,0,0,0,0,0,0,0,3781.9,3781.9
8k.jpeg,3,dynamic_8,0,0,0,0,0,0,0,0,0,0,0,0,0,0,0,0,0,296.86,296.86
city.jpg,3,dynamic_8,0,0,0,0,0,0,0,0,0,0,0,0,0,0,0,0,0,9147.77,9147.77
city2.jpg,3,dynamic_8,0,0,0,0,0,0,0,0,0,0,0,0,0,0,0,0,0,10388.8,10388.8
firework.jpg,3,dynamic_8,0,0,0,0,0,0,0,0,0,0,0,0,0,0,0,0,0,20609.2,20609.2
flor1.jpg,3,dynamic_8,0,0,0,0,0,0,0,0,0,0,0,0,0,0,0,0,0,9808.68,9808.68
flor2.jpg,3,dynamic_8,0,0,0,0,0,0,0,0,0,0,0,0,0,0,0,0,0,1106.86,1106.86
monument.jpg,3,dynamic_8,0,0,0,0,0,0,0,0,0,0,0,0,0,0,0,0,0,17576.7,17576.7
poke.jpg,3,dynamic_8,0,0,0,0,0,0,0,0,0,0,0,0,0,0,0,0,0,23.8523,23.8523
rain_paisage.jpg,3,dynamic_8,0,0,0,0,0,0,0,0,0,0,0,0,0,0,0,0,0,21776,21776
sky.jpg,3,dynamic_8,0,0,0,0,0,0,0,0,0,0,0,0,0,0,0,0,0,6985.17,6985.17
stars.jpg,3,dynamic_8,0,0,0,0,0,0,0,0,0,0,0,0,0,0,0,0,0,11249,11249
4000x3000.png,3,dynamic_32,0,0,0,0,0,0,0,0,0,0,0,0,0,0,0,0,0,1276.57,1276.57
6000x6000.png,3,dynamic_32,0,0,0,0,0,0,0,0,0,0,0,0,0,0,0,0,0,3770.75,3770.75
8k.jpeg,3,dynamic_32,0,0,0,0,0,0,0,0,0,0,0,0,0,0,0,0,0,303.566,303.566
city.jpg,3,dynamic_32,0,0,0,0,0,0,0,0,0,0,0,0,0,0,0,0,0,9149.73,9149.73
city2.jpg,3,dynamic_32,0,0,0,0,0,0,0,0,0,0,0,0,0,0,0,0,0,10400,10400
firework.jpg,3,dynamic_32,0,0,0,0,0,0,0,0,0,0,0,0,0,0,0,0,0,20582.7,20582.7
flor1.jpg,3,dynamic_32,0,0,0,0,0,0,0,0,0,0,0,0,0,0,0,0,0,9801.97,9801.97
flor2.jpg,3,dynamic_32,0,0,0,0,0,0,0,0,0,0,0,0,0,0,0,0,0,1085.95,1085.95
monument.jpg,3,dynamic_32,0,0,0,0,0,0,0,0,0,0,0,0,0,0,0,0,0,17615.7,17615.7
poke.jpg,3,dynamic_32,0,0,0,0,0,0,0,0,0,0,0,0,0,0,0,0,0,25.2881,25.2881
rain_paisage.jpg,3,dynamic_32,0,0,0,0,0,0,0,0,0,0,0,0,0,0,0,0,0,21728.4,21728.4
sky.jpg,3,dynamic_32,0,0,0,0,0,0,0,0,0,0,0,0,0,0,0,0,0,7011.1,7011.1
stars.jpg,3,dynamic_32,0,0,0,0,0,0,0,0,0,0,0,0,0,0,0,0,0,11223.2,11223.2
4000x3000.png,3,dynamic_64,0,0,0,0,0,0,0,0,0,0,0,0,0,0,0,0,0,1279.93,1279.93
6000x6000.png,3,dynamic_64,0,0,0,0,0,0,0,0,0,0,0,0,0,0,0,0,0,3766.72,3766.72
8k.jpeg,3,dynamic_64,0,0,0,0,0,0,0,0,0,0,0,0,0,0,0,0,0,306.682,306.682
city.jpg,3,dynamic_64,0,0,0,0,0,0,0,0,0,0,0,0,0,0,0,0,0,9170.3,9170.3
city2.jpg,3,dynamic_64,0,0,0,0,0,0,0,0,0,0,0,0,0,0,0,0,0,10415.5,10415.5
firework.jpg,3,dynamic_64,0,0,0,0,0,0,0,0,0,0,0,0,0,0,0,0,0,20623.7,20623.7
flor1.jpg,3,dynamic_64,0,0,0,0,0,0,0,0,0,0,0,0,0,0,0,0,0,9805.55,9805.55
flor2.jpg,3,dynamic_64,0,0,0,0,0,0,0,0,0,0,0,0,0,0,0,0,0,1088.39,1088.39
monument.jpg,3,dynamic_64,0,0,0,0,0,0,0,0,0,0,0,0,0,0,0,0,0,17601.8,17601.8
poke.jpg,3,dynamic_64,0,0,0,0,0,0,0,0,0,0,0,0,0,0,0,0,0,25.2972,25.2972
rain_paisage.jpg,3,dynamic_64,0,0,0,0,0,0,0,0,0,0,0,0,0,0,0,0,0,21839.4,21839.4
sky.jpg,3,dynamic_64,0,0,0,0,0,0,0,0,0,0,0,0,0,0,0,0,0,7014.05,7014.05
stars.jpg,3,dynamic_64,0,0,0,0,0,0,0,0,0,0,0,0,0,0,0,0,0,11244.7,11244.7
4000x3000.png,3,dynamic_128,0,0,0,0,0,0,0,0,0,0,0,0,0,0,0,0,0,1315.03,1315.03
6000x6000.png,3,dynamic_128,0,0,0,0,0,0,0,0,0,0,0,0,0,0,0,0,0,3792.98,3792.98
8k.jpeg,3,dynamic_128,0,0,0,0,0,0,0,0,0,0,0,0,0,0,0,0,0,316.34,316.34
city.jpg,3,dynamic_128,0,0,0,0,0,0,0,0,0,0,0,0,0,0,0,0,0,9221.91,9221.91
city2.jpg,3,dynamic_128,0,0,0,0,0,0,0,0,0,0,0,0,0,0,0,0,0,10417.7,10417.7
firework.jpg,3,dynamic_128,0,0,0,0,0,0,0,0,0,0,0,0,0,0,0,0,0,20710.4,20710.4
flor1.jpg,3,dynamic_128,0,0,0,0,0,0,0,0,0,0,0,0,0,0,0,0,0,9880.19,9880.19
flor2.jpg,3,dynamic_128,0,0,0,0,0,0,0,0,0,0,0,0,0,0,0,0,0,1113.03,1113.03
monument.jpg,3,dynamic_128,0,0,0,0,0,0,0,0,0,0,0,0,0,0,0,0,0,17638.5,17638.5
poke.jpg,3,dynamic_128,0,0,0,0,0,0,0,0,0,0,0,0,0,0,0,0,0,26.1012,26.1012
rain_paisage.jpg,3,dynamic_128,0,0,0,0,0,0,0,0,0,0,0,0,0,0,0,0,0,21860,21860
sky.jpg,3,dynamic_128,0,0,0,0,0,0,0,0,0,0,0,0,0,0,0,0,0,6989.86,6989.86
stars.jpg,3,dynamic_128,0,0,0,0,0,0,0,0,0,0,0,0,0,0,0,0,0,11373.3,11373.3
4000x3000.png,4,dynamic_16,14.3604,5.41714,20.856,1.66551,63.0147,29.8715,11.8359,21.384,32.9012,31.6026,22.9432,22.2839,132.884,239.779,407.025,613.98,896.769,971.542,3540.11
6000x6000.png,4,dynamic_16,42.2092,16.0205,64.5943,5.96333,172.659,89.6587,35.3306,64.8102,96.2932,94.5198,64.7051,64.5541,398.402,727.264,1212.71,1834.24,2740.99,2846.43,10571.4
8k.jpeg,4,dynamic_16,3.46374,1.36649,5.04409,0.490989,13.6193,7.19322,2.90013,5.05496,7.9235,7.6551,8.03176,5.67531,31.0638,56.4754,95.6079,144.24,211.683,228.696,836.185
city.jpg,4,dynamic_16,100.519,38.6061,153.081,15.7372,464.488,212.451,83.0393,152.497,250.471,221.537,138.568,131.202,947.933,1699.27,2927.35,4731.39,6772.5,6930.55,25971.2
city2.jpg,4,dynamic_16,112.458,42.4588,166.396,17.1704,514.943,249.579,97.5276,176.667,255.086,250.344,159.93,152.931,1054.75,1922.04,3245.67,4923.11,7214.71,7984.34,28540.1
firework.jpg,4,dynamic_16,222.744,82.3551,331.438,30.7496,914.395,476.307,185.322,334.707,0.000525,494.608,341.565,338.961,2059.28,3793.26,6502.41,9792.38,14427.5,15785.9,56113.9
flor1.jpg,4,dynamic_16,104.954,38.7801,160.074,14.2037,476.866,224.908,87.9216,157.995,239.489,234.262,164.54,160.912,1001.99,1808.93,3049.35,4622.55,6779.32,7460.4,26787.5
flor2.jpg,4,dynamic_16,11.7409,4.52217,17.2137,1.36344,51.776,24.5674,10.3876,18.1671,27.5543,32.2769,20.0486,20.3678,110.243,196.727,332.08,506.683,744.744,816.909,2947.37
monument.jpg,4,dynamic_16,197.054,74.2025,291.271,31.5087,889.783,419.171,164.78,300.137,465.041,435.731,275.168,268.046,1858.78,3369.52,5675.02,8627.53,12644.8,13313.2,49300.8
poke.jpg,4,dynamic_16,0.48453,0.173034,0.707975,0.053986,2.00576,1.0586,0.381447,0.752671,0.846725,0.893406,0.347438,0.457112,4.37247,8.28644,14.966,12.5476,16.5324,18.0787,82.9462
rain_paisage.jpg,4,dynamic_16,234.734,87.7243,346.42,36.8588,1061.01,506.71,195.285,358.703,0.000356,513.049,312.822,323.46,2215.98,3994.7,6867.98,11147.4,16007.2,16535.5,60745.6
sky.jpg,4,dynamic_16,75.2356,28.3799,111.512,11.3817,340.349,159.727,62.6811,113.014,176.078,166.814,105.351,104.056,699.244,1279.83,2171.96,3348.96,4953.23,5285.62,19193.4
stars.jpg,4,dynamic_16,129.586,49.2533,193.58,20.3164,534.967,276.769,108.956,222.236,296.363,289.64,176.29,182.553,1272.9,2259.94,3804.69,5739.33,8403.16,8518.89,32479.4
4000x3000.png,4,static,0,0,0,0,0,0,0,0,0,0,0,0,0,0,0,0,0,978.945,978.945
6000x6000.png,4,static,0,0,0,0,0,0,0,0,0,0,0,0,0,0,0,0,0,3096.54,3096.54
8k.jpeg,4,static,0,0,0,0,0,0,0,0,0,0,0,0,0,0,0,0,0,242.291,242.291
city.jpg,4,static,0,0,0,0,0,0,0,0,0,0,0,0,0,0,0,0,0,9447.76,9447.76
city2.jpg,4,static,0,0,0,0,0,0,0,0,0,0,0,0,0,0,0,0,0,8877.34,8877.34
firework.jpg,4,static,0,0,0,0,0,0,0,0,0,0,0,0,0,0,0,0,0,19864.5,19864.5
flor1.jpg,4,static,0,0,0,0,0,0,0,0,0,0,0,0,0,0,0,0,0,9032.67,9032.67
flor2.jpg,4,static,0,0,0,0,0,0,0,0,0,0,0,0,0,0,0,0,0,873.898,873.898
monument.jpg,4,static,0,0,0,0,0,0,0,0,0,0,0,0,0,0,0,0,0,18352.6,18352.6
poke.jpg,4,static,0,0,0,0,0,0,0,0,0,0,0,0,0,0,0,0,0,19.1319,19.1319
rain_paisage.jpg,4,static,0,0,0,0,0,0,0,0,0,0,0,0,0,0,0,0,0,22178.3,22178.3
sky.jpg,4,static,0,0,0,0,0,0,0,0,0,0,0,0,0,0,0,0,0,5586.33,5586.33
stars.jpg,4,static,0,0,0,0,0,0,0,0,0,0,0,0,0,0,0,0,0,8905.37,8905.37
4000x3000.png,4,dynamic_1,0,0,0,0,0,0,0,0,0,0,0,0,0,0,0,0,0,961.541,961.541
6000x6000.png,4,dynamic_1,0,0,0,0,0,0,0,0,0,0,0,0,0,0,0,0,0,2839.11,2839.11
8k.jpeg,4,dynamic_1,0,0,0,0,0,0,0,0,0,0,0,0,0,0,0,0,0,225.286,225.286
city.jpg,4,dynamic_1,0,0,0,0,0,0,0,0,0,0,0,0,0,0,0,0,0,6956.2,6956.2
city2.jpg,4,dynamic_1,0,0,0,0,0,0,0,0,0,0,0,0,0,0,0,0,0,7930.53,7930.53
firework.jpg,4,dynamic_1,0,0,0,0,0,0,0,0,0,0,0,0,0,0,0,0,0,15664.7,15664.7
flor1.jpg,4,dynamic_1,0,0,0,0,0,0,0,0,0,0,0,0,0,0,0,0,0,7473.36,7473.36
flor2.jpg,4,dynamic_1,0,0,0,0,0,0,0,0,0,0,0,0,0,0,0,0,0,822.039,822.039
monument.jpg,4,dynamic_1,0,0,0,0,0,0,0,0,0,0,0,0,0,0,0,0,0,13337.1,13337.1
poke.jpg,4,dynamic_1,0,0,0,0,0,0,0,0,0,0,0,0,0,0,0,0,0,18.0474,18.0474
rain_paisage.jpg,4,dynamic_1,0,0,0,0,0,0,0,0,0,0,0,0,0,0,0,0,0,16602.5,16602.5
sky.jpg,4,dynamic_1,0,0,0,0,0,0,0,0,0,0,0,0,0,0,0,0,0,5436.48,5436.48
stars.jpg,4,dynamic_1,0,0,0,0,0,0,0,0,0,0,0,0,0,0,0,0,0,8673.35,8673.35
4000x3000.png,4,dynamic_2,0,0,0,0,0,0,0,0,0,0,0,0,0,0,0,0,0,960.986,960.986
6000x6000.png,4,dynamic_2,0,0,0,0,0,0,0,0,0,0,0,0,0,0,0,0,0,2882.36,2882.36
8k.jpeg,4,dynamic_2,0,0,0,0,0,0,0,0,0,0,0,0,0,0,0,0,0,231.382,231.382
city.jpg,4,dynamic_2,0,0,0,0,0,0,0,0,0,0,0,0,0,0,0,0,0,6981.7,6981.7
city2.jpg,4,dynamic_2,0,0,0,0,0,0,0,0,0,0,0,0,0,0,0,0,0,7898.19,7898.19
firework.jpg,4,dynamic_2,0,0,0,0,0,0,0,0,0,0,0,0,0,0,0,0,0,15707.9,15707.9
flor1.jpg,4,dynamic_2,0,0,0,0,0,0,0,0,0,0,0,0,0,0,0,0,0,7445.64,7445.64
flor2.jpg,4,dynamic_2,0,0,0,0,0,0,0,0,0,0,0,0,0,0,0,0,0,822.259,822.259
monument.jpg,4,dynamic_2,0,0,0,0,0,0,0,0,0,0,0,0,0,0,0,0,0,13378.2,13378.2
poke.jpg,4,dynamic_2,0,0,0,0,0,0,0,0,0,0,0,0,0,0,0,0,0,18.0697,18.0697
rain_paisage.jpg,4,dynamic_2,0,0,0,0,0,0,0,0,0,0,0,0,0,0,0,0,0,16491.8,16491.8
sky.jpg,4,dynamic_2,0,0,0,0,0,0,0,0,0,0,0,0,0,0,0,0,0,5311.06,5311.06
stars.jpg,4,dynamic_2,0,0,0,0,0,0,0,0,0,0,0,0,0,0,0,0,0,8535.79,8535.79
4000x3000.png,4,dynamic_4,0,0,0,0,0,0,0,0,0,0,0,0,0,0,0,0,0,959.78,959.78
6000x6000.png,4,dynamic_4,0,0,0,0,0,0,0,0,0,0,0,0,0,0,0,0,0,2839.92,2839.92
8k.jpeg,4,dynamic_4,0,0,0,0,0,0,0,0,0,0,0,0,0,0,0,0,0,225.047,225.047
city.jpg,4,dynamic_4,0,0,0,0,0,0,0,0,0,0,0,0,0,0,0,0,0,6945.89,6945.89
city2.jpg,4,dynamic_4,0,0,0,0,0,0,0,0,0,0,0,0,0,0,0,0,0,7912.17,7912.17
firework.jpg,4,dynamic_4,0,0,0,0,0,0,0,0,0,0,0,0,0,0,0,0,0,15629.6,15629.6
flor1.jpg,4,dynamic_4,0,0,0,0,0,0,0,0,0,0,0,0,0,0,0,0,0,7458.53,7458.53
flor2.jpg,4,dynamic_4,0,0,0,0,0,0,0,0,0,0,0,0,0,0,0,0,0,822.476,822.476
monument.jpg,4,dynamic_4,0,0,0,0,0,0,0,0,0,0,0,0,0,0,0,0,0,13327.6,13327.6
poke.jpg,4,dynamic_4,0,0,0,0,0,0,0,0,0,0,0,0,0,0,0,0,0,18.1751,18.1751
rain_paisage.jpg,4,dynamic_4,0,0,0,0,0,0,0,0,0,0,0,0,0,0,0,0,0,16480.5,16480.5
sky.jpg,4,dynamic_4,0,0,0,0,0,0,0,0,0,0,0,0,0,0,0,0,0,5293.75,5293.75
stars.jpg,4,dynamic_4,0,0,0,0,0,0,0,0,0,0,0,0,0,0,0,0,0,8521.2,8521.2
4000x3000.png,4,dynamic_8,0,0,0,0,0,0,0,0,0,0,0,0,0,0,0,0,0,972.553,972.553
6000x6000.png,4,dynamic_8,0,0,0,0,0,0,0,0,0,0,0,0,0,0,0,0,0,2839.85,2839.85
8k.jpeg,4,dynamic_8,0,0,0,0,0,0,0,0,0,0,0,0,0,0,0,0,0,224.634,224.634
city.jpg,4,dynamic_8,0,0,0,0,0,0,0,0,0,0,0,0,0,0,0,0,0,6979.02,6979.02
city2.jpg,4,dynamic_8,0,0,0,0,0,0,0,0,0,0,0,0,0,0,0,0,0,7869.73,7869.73
firework.jpg,4,dynamic_8,0,0,0,0,0,0,0,0,0,0,0,0,0,0,0,0,0,15866,15866
flor1.jpg,4,dynamic_8,0,0,0,0,0,0,0,0,0,0,0,0,0,0,0,0,0,7654.08,7654.08
flor2.jpg,4,dynamic_8,0,0,0,0,0,0,0,0,0,0,0,0,0,0,0,0,0,848.657,848.657
monument.jpg,4,dynamic_8,0,0,0,0,0,0,0,0,0,0,0,0,0,0,0,0,0,13683.9,13683.9
poke.jpg,4,dynamic_8,0,0,0,0,0,0,0,0,0,0,0,0,0,0,0,0,0,18.9322,18.9322
rain_paisage.jpg,4,dynamic_8,0,0,0,0,0,0,0,0,0,0,0,0,0,0,0,0,0,16923.6,16923.6
sky.jpg,4,dynamic_8,0,0,0,0,0,0,0,0,0,0,0,0,0,0,0,0,0,5438.15,5438.15
stars.jpg,4,dynamic_8,0,0,0,0,0,0,0,0,0,0,0,0,0,0,0,0,0,8746.63,8746.63
4000x3000.png,4,dynamic_32,0,0,0,0,0,0,0,0,0,0,0,0,0,0,0,0,0,966.098,966.098
6000x6000.png,4,dynamic_32,0,0,0,0,0,0,0,0,0,0,0,0,0,0,0,0,0,2848.65,2848.65
8k.jpeg,4,dynamic_32,0,0,0,0,0,0,0,0,0,0,0,0,0,0,0,0,0,227.914,227.914
city.jpg,4,dynamic_32,0,0,0,0,0,0,0,0,0,0,0,0,0,0,0,0,0,6957.19,6957.19
city2.jpg,4,dynamic_32,0,0,0,0,0,0,0,0,0,0,0,0,0,0,0,0,0,7857.5,7857.5
firework.jpg,4,dynamic_32,0,0,0,0,0,0,0,0,0,0,0,0,0,0,0,0,0,15626.7,15626.7
flor1.jpg,4,dynamic_32,0,0,0,0,0,0,0,0,0,0,0,0,0,0,0,0,0,7438.23,7438.23
flor2.jpg,4,dynamic_32,0,0,0,0,0,0,0,0,0,0,0,0,0,0,0,0,0,827.051,827.051
monument.jpg,4,dynamic_32,0,0,0,0,0,0,0,0,0,0,0,0,0,0,0,0,0,13392.9,13392.9
poke.jpg,4,dynamic_32,0,0,0,0,0,0,0,0,0,0,0,0,0,0,0,0,0,18.8403,18.8403
rain_paisage.jpg,4,dynamic_32,0,0,0,0,0,0,0,0,0,0,0,0,0,0,0,0,0,16466.8,16466.8
sky.jpg,4,dynamic_32,0,0,0,0,0,0,0,0,0,0,0,0,0,0,0,0,0,5298.65,5298.65
stars.jpg,4,dynamic_32,0,0,0,0,0,0,0,0,0,0,0,0,0,0,0,0,0,8510.46,8510.46
4000x3000.png,4,dynamic_64,0,0,0,0,0,0,0,0,0,0,0,0,0,0,0,0,0,979.944,979.944
6000x6000.png,4,dynamic_64,0,0,0,0,0,0,0,0,0,0,0,0,0,0,0,0,0,2860.84,2860.84
8k.jpeg,4,dynamic_64,0,0,0,0,0,0,0,0,0,0,0,0,0,0,0,0,0,239.357,239.357
city.jpg,4,dynamic_64,0,0,0,0,0,0,0,0,0,0,0,0,0,0,0,0,0,7004.57,7004.57
city2.jpg,4,dynamic_64,0,0,0,0,0,0,0,0,0,0,0,0,0,0,0,0,0,7906.55,7906.55
firework.jpg,4,dynamic_64,0,0,0,0,0,0,0,0,0,0,0,0,0,0,0,0,0,15695.5,15695.5
flor1.jpg,4,dynamic_64,0,0,0,0,0,0,0,0,0,0,0,0,0,0,0,0,0,7457.24,7457.24
flor2.jpg,4,dynamic_64,0,0,0,0,0,0,0,0,0,0,0,0,0,0,0,0,0,835.996,835.996
monument.jpg,4,dynamic_64,0,0,0,0,0,0,0,0,0,0,0,0,0,0,0,0,0,13329.4,13329.4
poke.jpg,4,dynamic_64,0,0,0,0,0,0,0,0,0,0,0,0,0,0,0,0,0,21.5227,21.5227
rain_paisage.jpg,4,dynamic_64,0,0,0,0,0,0,0,0,0,0,0,0,0,0,0,0,0,16509.8,16509.8
sky.jpg,4,dynamic_64,0,0,0,0,0,0,0,0,0,0,0,0,0,0,0,0,0,5303.04,5303.04
stars.jpg,4,dynamic_64,0,0,0,0,0,0,0,0,0,0,0,0,0,0,0,0,0,8565.23,8565.23
4000x3000.png,4,dynamic_128,0,0,0,0,0,0,0,0,0,0,0,0,0,0,0,0,0,979.981,979.981
6000x6000.png,4,dynamic_128,0,0,0,0,0,0,0,0,0,0,0,0,0,0,0,0,0,2858.66,2858.66
8k.jpeg,4,dynamic_128,0,0,0,0,0,0,0,0,0,0,0,0,0,0,0,0,0,249.044,249.044
city.jpg,4,dynamic_128,0,0,0,0,0,0,0,0,0,0,0,0,0,0,0,0,0,6965.18,6965.18
city2.jpg,4,dynamic_128,0,0,0,0,0,0,0,0,0,0,0,0,0,0,0,0,0,7943.33,7943.33
firework.jpg,4,dynamic_128,0,0,0,0,0,0,0,0,0,0,0,0,0,0,0,0,0,15781.2,15781.2
flor1.jpg,4,dynamic_128,0,0,0,0,0,0,0,0,0,0,0,0,0,0,0,0,0,7463.35,7463.35
flor2.jpg,4,dynamic_128,0,0,0,0,0,0,0,0,0,0,0,0,0,0,0,0,0,832.159,832.159
monument.jpg,4,dynamic_128,0,0,0,0,0,0,0,0,0,0,0,0,0,0,0,0,0,13390.2,13390.2
poke.jpg,4,dynamic_128,0,0,0,0,0,0,0,0,0,0,0,0,0,0,0,0,0,23.5841,23.5841
rain_paisage.jpg,4,dynamic_128,0,0,0,0,0,0,0,0,0,0,0,0,0,0,0,0,0,16488.3,16488.3
sky.jpg,4,dynamic_128,0,0,0,0,0,0,0,0,0,0,0,0,0,0,0,0,0,5335.04,5335.04
stars.jpg,4,dynamic_128,0,0,0,0,0,0,0,0,0,0,0,0,0,0,0,0,0,8524.91,8524.91
4000x3000.png,5,dynamic_16,11.9549,4.36414,17.2181,1.50912,52.3744,24.6406,9.71063,17.7544,27.2609,26.7827,19.075,19.1409,109.787,198.803,333.876,508.088,761.502,789.725,2933.57
6000x6000.png,5,dynamic_16,34.5743,12.8882,51.3327,10.6889,141.773,73.7991,28.8341,52.7639,79.7287,77.7843,54.9423,54.6523,330.901,603.637,1003.78,1515.23,2235.08,2362.26,8724.65
8k.jpeg,5,dynamic_16,2.87205,1.12324,4.18913,0.405753,11.3247,5.97576,2.39421,4.19894,7.17599,6.35783,7.21756,4.66572,25.8218,48.4072,79.7381,119.384,175.073,186.161,692.486
city.jpg,5,dynamic_16,81.4187,30.6938,124.692,13.3987,369.102,174.939,67.9165,123.215,208.777,180.719,114.248,110.612,762.884,1396.09,2372.52,3880.4,5581.31,5709.67,21302.6
city2.jpg,5,dynamic_16,92.1142,34.2578,136.815,15.3534,417.03,197.061,77.1156,138.747,215.199,207.599,137.546,132.406,873.598,1590.49,2677.66,4052.47,5950.99,6511.87,23458.3
firework.jpg,5,dynamic_16,180.07,68.1739,266.897,37.5492,740.524,383.49,174.578,302.907,0.000697,429.523,285.095,275.227,1707.49,3073.57,5188.73,7862.87,11611.5,12741.2,45329.4
flor1.jpg,5,dynamic_16,84.3832,31.3133,125.133,13.9213,381.909,181.718,77.6144,127.259,192.97,188.188,132.675,130.238,798.736,1450.87,2451.57,3712.88,5471.86,6166.06,21719.3
flor2.jpg,5,dynamic_16,9.6829,3.77706,14.2861,1.24737,43.1798,20.4475,8.14534,14.4764,22.2567,21.6848,15.2868,16.6055,90.8948,164.516,277.515,421.577,620.382,682.46,2448.42
monument.jpg,5,dynamic_16,192.461,62.0516,242.727,32.9858,741.307,349.055,156.376,250.581,379.368,360.499,248.49,227.56,1549.77,2779.97,4715.44,7139.02,10490,10971.1,40888.7
poke.jpg,5,dynamic_16,0.311734,0.098982,0.329281,0.047674,0.906965,0.514248,0.189336,0.351972,0.820542,0.481656,0.279152,0.284521,2.10191,3.80205,6.24615,9.53806,13.6707,15.4429,55.4179
rain_paisage.jpg,5,dynamic_16,192.744,72.5011,286.34,32.9146,873.787,413.222,160.772,295.859,0.000354,426.428,266.607,272.305,1827.08,3311.75,5602.96,9189.24,13277.2,13584,50085.7
sky.jpg,5,dynamic_16,61.6527,22.9762,91.787,9.87312,279.725,132.004,51.6391,92.875,141.569,137.61,90.1881,88.0037,588.29,1073.69,1787.84,2703.84,3965.15,4360.67,15679.4
stars.jpg,5,dynamic_16,107.873,40.1174,159.795,18.3144,442.625,230.719,89.8936,166.563,247.077,241.178,148.991,151.874,1071.24,1872.16,3153.61,4772.44,6961.77,7012.93,26889.2
4000x3000.png,5,static,0,0,0,0,0,0,0,0,0,0,0,0,0,0,0,0,0,822.515,822.515
6000x6000.png,5,static,0,0,0,0,0,0,0,0,0,0,0,0,0,0,0,0,0,2591.57,2591.57
8k.jpeg,5,static,0,0,0,0,0,0,0,0,0,0,0,0,0,0,0,0,0,206.818,206.818
city.jpg,5,static,0,0,0,0,0,0,0,0,0,0,0,0,0,0,0,0,0,7684.39,7684.39
city2.jpg,5,static,0,0,0,0,0,0,0,0,0,0,0,0,0,0,0,0,0,7302.11,7302.11
firework.jpg,5,static,0,0,0,0,0,0,0,0,0,0,0,0,0,0,0,0,0,16336.6,16336.6
flor1.jpg,5,static,0,0,0,0,0,0,0,0,0,0,0,0,0,0,0,0,0,7392.01,7392.01
flor2.jpg,5,static,0,0,0,0,0,0,0,0,0,0,0,0,0,0,0,0,0,740.328,740.328
monument.jpg,5,static,0,0,0,0,0,0,0,0,0,0,0,0,0,0,0,0,0,15038.5,15038.5
poke.jpg,5,static,0,0,0,0,0,0,0,0,0,0,0,0,0,0,0,0,0,15.9654,15.9654
rain_paisage.jpg,5,static,0,0,0,0,0,0,0,0,0,0,0,0,0,0,0,0,0,18163,18163
sky.jpg,5,static,0,0,0,0,0,0,0,0,0,0,0,0,0,0,0,0,0,4586.79,4586.79
stars.jpg,5,static,0,0,0,0,0,0,0,0,0,0,0,0,0,0,0,0,0,7462.54,7462.54
4000x3000.png,5,dynamic_1,0,0,0,0,0,0,0,0,0,0,0,0,0,0,0,0,0,791.816,791.816
6000x6000.png,5,dynamic_1,0,0,0,0,0,0,0,0,0,0,0,0,0,0,0,0,0,2350.29,2350.29
8k.jpeg,5,dynamic_1,0,0,0,0,0,0,0,0,0,0,0,0,0,0,0,0,0,187.287,187.287
city.jpg,5,dynamic_1,0,0,0,0,0,0,0,0,0,0,0,0,0,0,0,0,0,5700.66,5700.66
city2.jpg,5,dynamic_1,0,0,0,0,0,0,0,0,0,0,0,0,0,0,0,0,0,6507.86,6507.86
firework.jpg,5,dynamic_1,0,0,0,0,0,0,0,0,0,0,0,0,0,0,0,0,0,12759.2,12759.2
flor1.jpg,5,dynamic_1,0,0,0,0,0,0,0,0,0,0,0,0,0,0,0,0,0,6127.27,6127.27
flor2.jpg,5,dynamic_1,0,0,0,0,0,0,0,0,0,0,0,0,0,0,0,0,0,683.966,683.966
monument.jpg,5,dynamic_1,0,0,0,0,0,0,0,0,0,0,0,0,0,0,0,0,0,10978.6,10978.6
poke.jpg,5,dynamic_1,0,0,0,0,0,0,0,0,0,0,0,0,0,0,0,0,0,14.9737,14.9737
rain_paisage.jpg,5,dynamic_1,0,0,0,0,0,0,0,0,0,0,0,0,0,0,0,0,0,13598.3,13598.3
sky.jpg,5,dynamic_1,0,0,0,0,0,0,0,0,0,0,0,0,0,0,0,0,0,4365.35,4365.35
stars.jpg,5,dynamic_1,0,0,0,0,0,0,0,0,0,0,0,0,0,0,0,0,0,7022.31,7022.31
4000x3000.png,5,dynamic_2,0,0,0,0,0,0,0,0,0,0,0,0,0,0,0,0,0,800.762,800.762
6000x6000.png,5,dynamic_2,0,0,0,0,0,0,0,0,0,0,0,0,0,0,0,0,0,2353.26,2353.26
8k.jpeg,5,dynamic_2,0,0,0,0,0,0,0,0,0,0,0,0,0,0,0,0,0,185.753,185.753
city.jpg,5,dynamic_2,0,0,0,0,0,0,0,0,0,0,0,0,0,0,0,0,0,5708.11,5708.11
city2.jpg,5,dynamic_2,0,0,0,0,0,0,0,0,0,0,0,0,0,0,0,0,0,6463.08,6463.08
firework.jpg,5,dynamic_2,0,0,0,0,0,0,0,0,0,0,0,0,0,0,0,0,0,12906.5,12906.5
flor1.jpg,5,dynamic_2,0,0,0,0,0,0,0,0,0,0,0,0,0,0,0,0,0,6134.2,6134.2
flor2.jpg,5,dynamic_2,0,0,0,0,0,0,0,0,0,0,0,0,0,0,0,0,0,677.105,677.105
monument.jpg,5,dynamic_2,0,0,0,0,0,0,0,0,0,0,0,0,0,0,0,0,0,10978.6,10978.6
poke.jpg,5,dynamic_2,0,0,0,0,0,0,0,0,0,0,0,0,0,0,0,0,0,14.963,14.963
rain_paisage.jpg,5,dynamic_2,0,0,0,0,0,0,0,0,0,0,0,0,0,0,0,0,0,13564.9,13564.9
sky.jpg,5,dynamic_2,0,0,0,0,0,0,0,0,0,0,0,0,0,0,0,0,0,4358.16,4358.16
stars.jpg,5,dynamic_2,0,0,0,0,0,0,0,0,0,0,0,0,0,0,0,0,0,6993.57,6993.57
4000x3000.png,5,dynamic_4,0,0,0,0,0,0,0,0,0,0,0,0,0,0,0,0,0,795.239,795.239
6000x6000.png,5,dynamic_4,0,0,0,0,0,0,0,0,0,0,0,0,0,0,0,0,0,2339.13,2339.13
8k.jpeg,5,dynamic_4,0,0,0,0,0,0,0,0,0,0,0,0,0,0,0,0,0,186.889,186.889
city.jpg,5,dynamic_4,0,0,0,0,0,0,0,0,0,0,0,0,0,0,0,0,0,5703.24,5703.24
city2.jpg,5,dynamic_4,0,0,0,0,0,0,0,0,0,0,0,0,0,0,0,0,0,6506.87,6506.87
firework.jpg,5,dynamic_4,0,0,0,0,0,0,0,0,0,0,0,0,0,0,0,0,0,12906.4,12906.4
flor1.jpg,5,dynamic_4,0,0,0,0,0,0,0,0,0,0,0,0,0,0,0,0,0,6131.91,6131.91
flor2.jpg,5,dynamic_4,0,0,0,0,0,0,0,0,0,0,0,0,0,0,0,0,0,677.705,677.705
monument.jpg,5,dynamic_4,0,0,0,0,0,0,0,0,0,0,0,0,0,0,0,0,0,10983.4,10983.4
poke.jpg,5,dynamic_4,0,0,0,0,0,0,0,0,0,0,0,0,0,0,0,0,0,14.8732,14.8732
rain_paisage.jpg,5,dynamic_4,0,0,0,0,0,0,0,0,0,0,0,0,0,0,0,0,0,13559,13559
sky.jpg,5,dynamic_4,0,0,0,0,0,0,0,0,0,0,0,0,0,0,0,0,0,4351.16,4351.16
stars.jpg,5,dynamic_4,0,0,0,0,0,0,0,0,0,0,0,0,0,0,0,0,0,7000.78,7000.78
4000x3000.png,5,dynamic_8,0,0,0,0,0,0,0,0,0,0,0,0,0,0,0,0,0,793.422,793.422
6000x6000.png,5,dynamic_8,0,0,0,0,0,0,0,0,0,0,0,0,0,0,0,0,0,2368.21,2368.21
8k.jpeg,5,dynamic_8,0,0,0,0,0,0,0,0,0,0,0,0,0,0,0,0,0,188.981,188.981
city.jpg,5,dynamic_8,0,0,0,0,0,0,0,0,0,0,0,0,0,0,0,0,0,5710.55,5710.55
city2.jpg,5,dynamic_8,0,0,0,0,0,0,0,0,0,0,0,0,0,0,0,0,0,6512.67,6512.67
firework.jpg,5,dynamic_8,0,0,0,0,0,0,0,0,0,0,0,0,0,0,0,0,0,12770.2,12770.2
flor1.jpg,5,dynamic_8,0,0,0,0,0,0,0,0,0,0,0,0,0,0,0,0,0,6134.8,6134.8
flor2.jpg,5,dynamic_8,0,0,0,0,0,0,0,0,0,0,0,0,0,0,0,0,0,677.599,677.599
monument.jpg,5,dynamic_8,0,0,0,0,0,0,0,0,0,0,0,0,0,0,0,0,0,10967.4,10967.4
poke.jpg,5,dynamic_8,0,0,0,0,0,0,0,0,0,0,0,0,0,0,0,0,0,15.6088,15.6088
rain_paisage.jpg,5,dynamic_8,0,0,0,0,0,0,0,0,0,0,0,0,0,0,0,0,0,13621,13621
sky.jpg,5,dynamic_8,0,0,0,0,0,0,0,0,0,0,0,0,0,0,0,0,0,4372.99,4372.99
stars.jpg,5,dynamic_8,0,0,0,0,0,0,0,0,0,0,0,0,0,0,0,0,0,6996.07,6996.07
4000x3000.png,5,dynamic_32,0,0,0,0,0,0,0,0,0,0,0,0,0,0,0,0,0,796.972,796.972
6000x6000.png,5,dynamic_32,0,0,0,0,0,0,0,0,0,0,0,0,0,0,0,0,0,2350.55,2350.55
8k.jpeg,5,dynamic_32,0,0,0,0,0,0,0,0,0,0,0,0,0,0,0,0,0,191.228,191.228
city.jpg,5,dynamic_32,0,0,0,0,0,0,0,0,0,0,0,0,0,0,0,0,0,5703.57,5703.57
city2.jpg,5,dynamic_32,0,0,0,0,0,0,0,0,0,0,0,0,0,0,0,0,0,6513.94,6513.94
firework.jpg,5,dynamic_32,0,0,0,0,0,0,0,0,0,0,0,0,0,0,0,0,0,12748.9,12748.9
flor1.jpg,5,dynamic_32,0,0,0,0,0,0,0,0,0,0,0,0,0,0,0,0,0,6136.87,6136.87
flor2.jpg,5,dynamic_32,0,0,0,0,0,0,0,0,0,0,0,0,0,0,0,0,0,684.12,684.12
monument.jpg,5,dynamic_32,0,0,0,0,0,0,0,0,0,0,0,0,0,0,0,0,0,10950.7,10950.7
poke.jpg,5,dynamic_32,0,0,0,0,0,0,0,0,0,0,0,0,0,0,0,0,0,16.2427,16.2427
rain_paisage.jpg,5,dynamic_32,0,0,0,0,0,0,0,0,0,0,0,0,0,0,0,0,0,13615.8,13615.8
sky.jpg,5,dynamic_32,0,0,0,0,0,0,0,0,0,0,0,0,0,0,0,0,0,4353.48,4353.48
stars.jpg,5,dynamic_32,0,0,0,0,0,0,0,0,0,0,0,0,0,0,0,0,0,7039.11,7039.11
4000x3000.png,5,dynamic_64,0,0,0,0,0,0,0,0,0,0,0,0,0,0,0,0,0,802.846,802.846
6000x6000.png,5,dynamic_64,0,0,0,0,0,0,0,0,0,0,0,0,0,0,0,0,0,2358.19,2358.19
8k.jpeg,5,dynamic_64,0,0,0,0,0,0,0,0,0,0,0,0,0,0,0,0,0,225.224,225.224
city.jpg,5,dynamic_64,0,0,0,0,0,0,0,0,0,0,0,0,0,0,0,0,0,5748.3,5748.3
city2.jpg,5,dynamic_64,0,0,0,0,0,0,0,0,0,0,0,0,0,0,0,0,0,6562.34,6562.34
firework.jpg,5,dynamic_64,0,0,0,0,0,0,0,0,0,0,0,0,0,0,0,0,0,12788.8,12788.8
flor1.jpg,5,dynamic_64,0,0,0,0,0,0,0,0,0,0,0,0,0,0,0,0,0,6139.62,6139.62
flor2.jpg,5,dynamic_64,0,0,0,0,0,0,0,0,0,0,0,0,0,0,0,0,0,695.996,695.996
monument.jpg,5,dynamic_64,0,0,0,0,0,0,0,0,0,0,0,0,0,0,0,0,0,10955.7,10955.7
poke.jpg,5,dynamic_64,0,0,0,0,0,0,0,0,0,0,0,0,0,0,0,0,0,16.5843,16.5843
rain_paisage.jpg,5,dynamic_64,0,0,0,0,0,0,0,0,0,0,0,0,0,0,0,0,0,13624.1,13624.1
sky.jpg,5,dynamic_64,0,0,0,0,0,0,0,0,0,0,0,0,0,0,0,0,0,4388.18,4388.18
stars.jpg,5,dynamic_64,0,0,0,0,0,0,0,0,0,0,0,0,0,0,0,0,0,7048.09,7048.09
4000x3000.png,5,dynamic_128,0,0,0,0,0,0,0,0,0,0,0,0,0,0,0,0,0,827.151,827.151
6000x6000.png,5,dynamic_128,0,0,0,0,0,0,0,0,0,0,0,0,0,0,0,0,0,2365.02,2365.02
8k.jpeg,5,dynamic_128,0,0,0,0,0,0,0,0,0,0,0,0,0,0,0,0,0,212.722,212.722
city.jpg,5,dynamic_128,0,0,0,0,0,0,0,0,0,0,0,0,0,0,0,0,0,5767.66,5767.66
city2.jpg,5,dynamic_128,0,0,0,0,0,0,0,0,0,0,0,0,0,0,0,0,0,6585.75,6585.75
firework.jpg,5,dynamic_128,0,0,0,0,0,0,0,0,0,0,0,0,0,0,0,0,0,12847.8,12847.8
flor1.jpg,5,dynamic_128,0,0,0,0,0,0,0,0,0,0,0,0,0,0,0,0,0,6217.32,6217.32
flor2.jpg,5,dynamic_128,0,0,0,0,0,0,0,0,0,0,0,0,0,0,0,0,0,703.961,703.961
monument.jpg,5,dynamic_128,0,0,0,0,0,0,0,0,0,0,0,0,0,0,0,0,0,10980.9,10980.9
poke.jpg,5,dynamic_128,0,0,0,0,0,0,0,0,0,0,0,0,0,0,0,0,0,22.1239,22.1239
rain_paisage.jpg,5,dynamic_128,0,0,0,0,0,0,0,0,0,0,0,0,0,0,0,0,0,13647.1,13647.1
sky.jpg,5,dynamic_128,0,0,0,0,0,0,0,0,0,0,0,0,0,0,0,0,0,4398.5,4398.5
stars.jpg,5,dynamic_128,0,0,0,0,0,0,0,0,0,0,0,0,0,0,0,0,0,7061.38,7061.38
4000x3000.png,6,dynamic_16,10.0908,3.77156,14.4412,1.62599,43.7821,20.7082,8.18055,14.8201,22.9637,22.5468,16.816,17.0391,91.8465,165.625,279.794,424.302,647.253,671.871,2477.48
6000x6000.png,6,dynamic_16,28.795,11.1809,42.9907,5.47229,120.091,62.2009,25.2036,44.6743,67.2413,65.8847,48.4238,47.9555,276.609,496.844,857.711,1267.13,1859.74,2045.07,7373.23
8k.jpeg,6,dynamic_16,2.4252,1.02435,3.5316,0.386887,9.5115,5.15016,2.06462,3.60229,5.96509,5.33378,6.73866,3.82152,21.5557,39.1708,65.9291,99.4113,146.109,159.174,580.905
city.jpg,6,dynamic_16,68.5098,25.9372,101.438,14.3828,313.483,145.618,61.1688,104.649,173.557,151.248,108.434,99.9159,642.602,1174.39,1971.64,3250.41,4665.85,4833.06,17906.3
city2.jpg,6,dynamic_16,78.0691,29.5928,114.458,16.3906,353.656,164.924,64.6531,116.54,177.25,171.875,118.182,115.159,725.243,1327.96,2291.63,3398.49,4976.42,5491.86,19732.4
firework.jpg,6,dynamic_16,149.917,56.8015,221.954,33.4329,624.316,320.245,124.841,227.566,0.000499,332.37,241.508,239.943,1429.77,2555.47,4375.12,6550.25,9645.98,10930.7,38060.2
flor1.jpg,6,dynamic_16,70.5887,26.8213,104.472,15.0688,320.854,150.252,58.9513,106.297,161.699,156.542,116.885,115.123,687.458,1209.73,2035.45,3100.39,4547.27,5188.41,18172.3
flor2.jpg,6,dynamic_16,8.07107,3.16301,11.8881,1.07686,35.9225,16.9691,6.74215,11.9816,18.9151,17.598,13.6919,15.1781,75.4633,136.35,230.547,349.797,515.734,568.782,2037.87
monument.jpg,6,dynamic_16,137.007,51.5559,202.041,30.1592,617.753,289.976,116.173,221.928,337.361,301.657,207.57,202.068,1281.69,2334.71,3924.18,5943.7,8733.15,9323.83,34256.5
poke.jpg,6,dynamic_16,0.294607,0.0819,0.279531,0.045034,0.763226,0.396759,0.15894,0.499662,0.32258,0.434452,0.24565,0.244068,1.74801,3.12516,5.24963,8.30154,12.1886,13.5517,47.931
rain_paisage.jpg,6,dynamic_16,160.38,61.0948,238.997,37.3536,745.619,345.714,135.414,247.897,0.000505,360.094,234.049,241.376,1536.38,2751.72,4668.61,7716.09,11043,11473.1,41996.8
sky.jpg,6,dynamic_16,52.0981,19.9369,76.7084,10.5919,234.554,110.094,43.224,77.7872,118.322,114.92,78.2827,76.5579,481.629,881.73,1508.82,2297.43,3319.96,3675.79,13178.4
stars.jpg,6,dynamic_16,90.2594,34.1097,133.562,19.3935,370.613,192.449,75.1754,139.474,212.896,201.321,131.351,144.312,880.905,1561.16,2633.72,3974.28,5868.32,5906.74,22570
4000x3000.png,6,static,0,0,0,0,0,0,0,0,0,0,0,0,0,0,0,0,0,704.751,704.751
6000x6000.png,6,static,0,0,0,0,0,0,0,0,0,0,0,0,0,0,0,0,0,2166.17,2166.17
8k.jpeg,6,static,0,0,0,0,0,0,0,0,0,0,0,0,0,0,0,0,0,177.366,177.366
city.jpg,6,static,0,0,0,0,0,0,0,0,0,0,0,0,0,0,0,0,0,6469.29,6469.29
city2.jpg,6,static,0,0,0,0,0,0,0,0,0,0,0,0,0,0,0,0,0,6198.21,6198.21
firework.jpg,6,static,0,0,0,0,0,0,0,0,0,0,0,0,0,0,0,0,0,13992.1,13992.1
flor1.jpg,6,static,0,0,0,0,0,0,0,0,0,0,0,0,0,0,0,0,0,6194.1,6194.1
flor2.jpg,6,static,0,0,0,0,0,0,0,0,0,0,0,0,0,0,0,0,0,630.122,630.122
monument.jpg,6,static,0,0,0,0,0,0,0,0,0,0,0,0,0,0,0,0,0,12709.5,12709.5
poke.jpg,6,static,0,0,0,0,0,0,0,0,0,0,0,0,0,0,0,0,0,14.302,14.302
rain_paisage.jpg,6,static,0,0,0,0,0,0,0,0,0,0,0,0,0,0,0,0,0,15238.1,15238.1
sky.jpg,6,static,0,0,0,0,0,0,0,0,0,0,0,0,0,0,0,0,0,3879.95,3879.95
stars.jpg,6,static,0,0,0,0,0,0,0,0,0,0,0,0,0,0,0,0,0,6253,6253
4000x3000.png,6,dynamic_1,0,0,0,0,0,0,0,0,0,0,0,0,0,0,0,0,0,672.853,672.853
6000x6000.png,6,dynamic_1,0,0,0,0,0,0,0,0,0,0,0,0,0,0,0,0,0,1991.14,1991.14
8k.jpeg,6,dynamic_1,0,0,0,0,0,0,0,0,0,0,0,0,0,0,0,0,0,157.731,157.731
city.jpg,6,dynamic_1,0,0,0,0,0,0,0,0,0,0,0,0,0,0,0,0,0,4859.87,4859.87
city2.jpg,6,dynamic_1,0,0,0,0,0,0,0,0,0,0,0,0,0,0,0,0,0,5509.41,5509.41
firework.jpg,6,dynamic_1,0,0,0,0,0,0,0,0,0,0,0,0,0,0,0,0,0,10954,10954
flor1.jpg,6,dynamic_1,0,0,0,0,0,0,0,0,0,0,0,0,0,0,0,0,0,5187.64,5187.64
flor2.jpg,6,dynamic_1,0,0,0,0,0,0,0,0,0,0,0,0,0,0,0,0,0,573.666,573.666
monument.jpg,6,dynamic_1,0,0,0,0,0,0,0,0,0,0,0,0,0,0,0,0,0,9311.74,9311.74
poke.jpg,6,dynamic_1,0,0,0,0,0,0,0,0,0,0,0,0,0,0,0,0,0,13.275,13.275
rain_paisage.jpg,6,dynamic_1,0,0,0,0,0,0,0,0,0,0,0,0,0,0,0,0,0,11506.5,11506.5
sky.jpg,6,dynamic_1,0,0,0,0,0,0,0,0,0,0,0,0,0,0,0,0,0,3683.67,3683.67
stars.jpg,6,dynamic_1,0,0,0,0,0,0,0,0,0,0,0,0,0,0,0,0,0,5932.88,5932.88
4000x3000.png,6,dynamic_2,0,0,0,0,0,0,0,0,0,0,0,0,0,0,0,0,0,670.019,670.019
6000x6000.png,6,dynamic_2,0,0,0,0,0,0,0,0,0,0,0,0,0,0,0,0,0,1998.57,1998.57
8k.jpeg,6,dynamic_2,0,0,0,0,0,0,0,0,0,0,0,0,0,0,0,0,0,166.187,166.187
city.jpg,6,dynamic_2,0,0,0,0,0,0,0,0,0,0,0,0,0,0,0,0,0,4858.61,4858.61
city2.jpg,6,dynamic_2,0,0,0,0,0,0,0,0,0,0,0,0,0,0,0,0,0,5516.49,5516.49
firework.jpg,6,dynamic_2,0,0,0,0,0,0,0,0,0,0,0,0,0,0,0,0,0,10919.5,10919.5
flor1.jpg,6,dynamic_2,0,0,0,0,0,0,0,0,0,0,0,0,0,0,0,0,0,5241.91,5241.91
flor2.jpg,6,dynamic_2,0,0,0,0,0,0,0,0,0,0,0,0,0,0,0,0,0,573.614,573.614
monument.jpg,6,dynamic_2,0,0,0,0,0,0,0,0,0,0,0,0,0,0,0,0,0,9298.48,9298.48
poke.jpg,6,dynamic_2,0,0,0,0,0,0,0,0,0,0,0,0,0,0,0,0,0,12.653,12.653
rain_paisage.jpg,6,dynamic_2,0,0,0,0,0,0,0,0,0,0,0,0,0,0,0,0,0,11491,11491
sky.jpg,6,dynamic_2,0,0,0,0,0,0,0,0,0,0,0,0,0,0,0,0,0,3681.65,3681.65
stars.jpg,6,dynamic_2,0,0,0,0,0,0,0,0,0,0,0,0,0,0,0,0,0,5921.81,5921.81
4000x3000.png,6,dynamic_4,0,0,0,0,0,0,0,0,0,0,0,0,0,0,0,0,0,671.034,671.034
6000x6000.png,6,dynamic_4,0,0,0,0,0,0,0,0,0,0,0,0,0,0,0,0,0,1978.55,1978.55
8k.jpeg,6,dynamic_4,0,0,0,0,0,0,0,0,0,0,0,0,0,0,0,0,0,157.052,157.052
city.jpg,6,dynamic_4,0,0,0,0,0,0,0,0,0,0,0,0,0,0,0,0,0,4848.85,4848.85
city2.jpg,6,dynamic_4,0,0,0,0,0,0,0,0,0,0,0,0,0,0,0,0,0,5539.01,5539.01
firework.jpg,6,dynamic_4,0,0,0,0,0,0,0,0,0,0,0,0,0,0,0,0,0,10914.8,10914.8
flor1.jpg,6,dynamic_4,0,0,0,0,0,0,0,0,0,0,0,0,0,0,0,0,0,5199.67,5199.67
flor2.jpg,6,dynamic_4,0,0,0,0,0,0,0,0,0,0,0,0,0,0,0,0,0,571.916,571.916
monument.jpg,6,dynamic_4,0,0,0,0,0,0,0,0,0,0,0,0,0,0,0,0,0,9364.02,9364.02
poke.jpg,6,dynamic_4,0,0,0,0,0,0,0,0,0,0,0,0,0,0,0,0,0,12.8525,12.8525
rain_paisage.jpg,6,dynamic_4,0,0,0,0,0,0,0,0,0,0,0,0,0,0,0,0,0,11519.8,11519.8
sky.jpg,6,dynamic_4,0,0,0,0,0,0,0,0,0,0,0,0,0,0,0,0,0,3702,3702
stars.jpg,6,dynamic_4,0,0,0,0,0,0,0,0,0,0,0,0,0,0,0,0,0,5926.02,5926.02
4000x3000.png,6,dynamic_8,0,0,0,0,0,0,0,0,0,0,0,0,0,0,0,0,0,709.765,709.765
6000x6000.png,6,dynamic_8,0,0,0,0,0,0,0,0,0,0,0,0,0,0,0,0,0,1976.06,1976.06
8k.jpeg,6,dynamic_8,0,0,0,0,0,0,0,0,0,0,0,0,0,0,0,0,0,160.15,160.15
city.jpg,6,dynamic_8,0,0,0,0,0,0,0,0,0,0,0,0,0,0,0,0,0,4841.21,4841.21
city2.jpg,6,dynamic_8,0,0,0,0,0,0,0,0,0,0,0,0,0,0,0,0,0,5488.25,5488.25
firework.jpg,6,dynamic_8,0,0,0,0,0,0,0,0,0,0,0,0,0,0,0,0,0,10964.9,10964.9
flor1.jpg,6,dynamic_8,0,0,0,0,0,0,0,0,0,0,0,0,0,0,0,0,0,5186.18,5186.18
flor2.jpg,6,dynamic_8,0,0,0,0,0,0,0,0,0,0,0,0,0,0,0,0,0,571.42,571.42
monument.jpg,6,dynamic_8,0,0,0,0,0,0,0,0,0,0,0,0,0,0,0,0,0,9269.25,9269.25
poke.jpg,6,dynamic_8,0,0,0,0,0,0,0,0,0,0,0,0,0,0,0,0,0,12.7299,12.7299
rain_paisage.jpg,6,dynamic_8,0,0,0,0,0,0,0,0,0,0,0,0,0,0,0,0,0,11505.3,11505.3
sky.jpg,6,dynamic_8,0,0,0,0,0,0,0,0,0,0,0,0,0,0,0,0,0,3677.32,3677.32
stars.jpg,6,dynamic_8,0,0,0,0,0,0,0,0,0,0,0,0,0,0,0,0,0,5913.74,5913.74
4000x3000.png,6,dynamic_32,0,0,0,0,0,0,0,0,0,0,0,0,0,0,0,0,0,674.467,674.467
6000x6000.png,6,dynamic_32,0,0,0,0,0,0,0,0,0,0,0,0,0,0,0,0,0,1998.97,1998.97
8k.jpeg,6,dynamic_32,0,0,0,0,0,0,0,0,0,0,0,0,0,0,0,0,0,166.764,166.764
city.jpg,6,dynamic_32,0,0,0,0,0,0,0,0,0,0,0,0,0,0,0,0,0,4854.25,4854.25
city2.jpg,6,dynamic_32,0,0,0,0,0,0,0,0,0,0,0,0,0,0,0,0,0,5559.99,5559.99
firework.jpg,6,dynamic_32,0,0,0,0,0,0,0,0,0,0,0,0,0,0,0,0,0,10927.9,10927.9
flor1.jpg,6,dynamic_32,0,0,0,0,0,0,0,0,0,0,0,0,0,0,0,0,0,5214.6,5214.6
flor2.jpg,6,dynamic_32,0,0,0,0,0,0,0,0,0,0,0,0,0,0,0,0,0,582.202,582.202
monument.jpg,6,dynamic_32,0,0,0,0,0,0,0,0,0,0,0,0,0,0,0,0,0,9356.88,9356.88
poke.jpg,6,dynamic_32,0,0,0,0,0,0,0,0,0,0,0,0,0,0,0,0,0,13.2878,13.2878
rain_paisage.jpg,6,dynamic_32,0,0,0,0,0,0,0,0,0,0,0,0,0,0,0,0,0,11486.3,11486.3
sky.jpg,6,dynamic_32,0,0,0,0,0,0,0,0,0,0,0,0,0,0,0,0,0,3711.75,3711.75
stars.jpg,6,dynamic_32,0,0,0,0,0,0,0,0,0,0,0,0,0,0,0,0,0,5978.22,5978.22
4000x3000.png,6,dynamic_64,0,0,0,0,0,0,0,0,0,0,0,0,0,0,0,0,0,679.195,679.195
6000x6000.png,6,dynamic_64,0,0,0,0,0,0,0,0,0,0,0,0,0,0,0,0,0,1982.74,1982.74
8k.jpeg,6,dynamic_64,0,0,0,0,0,0,0,0,0,0,0,0,0,0,0,0,0,169.4,169.4
city.jpg,6,dynamic_64,0,0,0,0,0,0,0,0,0,0,0,0,0,0,0,0,0,4879.16,4879.16
city2.jpg,6,dynamic_64,0,0,0,0,0,0,0,0,0,0,0,0,0,0,0,0,0,5529.84,5529.84
firework.jpg,6,dynamic_64,0,0,0,0,0,0,0,0,0,0,0,0,0,0,0,0,0,10988.1,10988.1
flor1.jpg,6,dynamic_64,0,0,0,0,0,0,0,0,0,0,0,0,0,0,0,0,0,5227.69,5227.69
flor2.jpg,6,dynamic_64,0,0,0,0,0,0,0,0,0,0,0,0,0,0,0,0,0,585.185,585.185
monument.jpg,6,dynamic_64,0,0,0,0,0,0,0,0,0,0,0,0,0,0,0,0,0,9297.68,9297.68
poke.jpg,6,dynamic_64,0,0,0,0,0,0,0,0,0,0,0,0,0,0,0,0,0,14.1356,14.1356
rain_paisage.jpg,6,dynamic_64,0,0,0,0,0,0,0,0,0,0,0,0,0,0,0,0,0,11549.3,11549.3
sky.jpg,6,dynamic_64,0,0,0,0,0,0,0,0,0,0,0,0,0,0,0,0,0,3693.6,3693.6
stars.jpg,6,dynamic_64,0,0,0,0,0,0,0,0,0,0,0,0,0,0,0,0,0,5965.91,5965.91
4000x3000.png,6,dynamic_128,0,0,0,0,0,0,0,0,0,0,0,0,0,0,0,0,0,696.675,696.675
6000x6000.png,6,dynamic_128,0,0,0,0,0,0,0,0,0,0,0,0,0,0,0,0,0,1999.65,1999.65
8k.jpeg,6,dynamic_128,0,0,0,0,0,0,0,0,0,0,0,0,0,0,0,0,0,181.37,181.37
city.jpg,6,dynamic_128,0,0,0,0,0,0,0,0,0,0,0,0,0,0,0,0,0,4951.02,4951.02
city2.jpg,6,dynamic_128,0,0,0,0,0,0,0,0,0,0,0,0,0,0,0,0,0,5584.81,5584.81
firework.jpg,6,dynamic_128,0,0,0,0,0,0,0,0,0,0,0,0,0,0,0,0,0,11018.6,11018.6
flor1.jpg,6,dynamic_128,0,0,0,0,0,0,0,0,0,0,0,0,0,0,0,0,0,5292.31,5292.31
flor2.jpg,6,dynamic_128,0,0,0,0,0,0,0,0,0,0,0,0,0,0,0,0,0,620.801,620.801
monument.jpg,6,dynamic_128,0,0,0,0,0,0,0,0,0,0,0,0,0,0,0,0,0,9328.72,9328.72
poke.jpg,6,dynamic_128,0,0,0,0,0,0,0,0,0,0,0,0,0,0,0,0,0,21.4951,21.4951
rain_paisage.jpg,6,dynamic_128,0,0,0,0,0,0,0,0,0,0,0,0,0,0,0,0,0,11550.1,11550.1
sky.jpg,6,dynamic_128,0,0,0,0,0,0,0,0,0,0,0,0,0,0,0,0,0,3734.82,3734.82
stars.jpg,6,dynamic_128,0,0,0,0,0,0,0,0,0,0,0,0,0,0,0,0,0,6110.94,6110.94
4000x3000.png,7,dynamic_16,9.39394,3.40008,13.2551,1.65181,40.322,19.502,7.45111,13.6975,21.0842,20.4143,16.3407,16.1791,84.9766,152.784,257.209,391.892,570.869,609.717,2250.14
6000x6000.png,7,dynamic_16,29.5331,9.99348,39.7171,5.02482,109.488,57.2161,22.3305,40.9353,62.1041,60.2865,44.3645,44.0747,254.873,457.739,772.01,1190.37,1712.41,1800.92,6713.39
8k.jpeg,7,dynamic_16,2.21891,0.862401,3.20658,0.361171,8.69742,4.5914,1.84075,3.24782,5.2411,4.85874,6.67478,3.56455,19.7413,35.8191,61.056,92.1808,134.603,144.028,532.794
city.jpg,7,dynamic_16,63.0465,23.3615,93.5963,13.4842,285.755,134.974,52.5247,95.4695,160.301,139.662,92.4186,91.6165,588.513,1080.05,1825.94,2999.42,4289.36,4387.52,16417
city2.jpg,7,dynamic_16,71.7745,27.3226,106.315,19.3623,324.622,152.728,59.8829,108.236,163.372,159.092,111.824,110.176,671.901,1221.32,2050.67,3119.87,4567.33,4999.2,18045
firework.jpg,7,dynamic_16,137.202,51.3437,204.155,30.6297,578.068,294.032,114.931,206.736,0.000466,305.244,229.412,227.473,1290.55,2346.03,3983.8,6061.01,8846.58,9870.26,34777.5
flor1.jpg,7,dynamic_16,82.4854,24.1908,100.306,14.2062,296.679,138.951,61.9079,97.8051,148.352,144.925,108.848,107.231,616.387,1117.13,1884.77,2846.2,4164.05,4717.3,16671.7
flor2.jpg,7,dynamic_16,7.35924,2.82825,10.9151,0.996851,32.9909,15.7853,6.20479,11.2089,17.5065,15.9997,13.3491,15.1426,69.7189,126.051,213.241,323.766,474.692,518.651,1876.41
monument.jpg,7,dynamic_16,124.975,46.4946,185.662,28.3565,586.207,267.781,104.312,190.519,289.78,277.648,189.419,187.07,1176.8,2142.25,3608.51,5498.26,8036.48,8419.92,31360.4
poke.jpg,7,dynamic_16,0.28502,0.08327,0.255706,0.038901,0.710066,0.368471,0.146144,1.75868,0.30791,0.376407,0.207209,0.180226,1.608,2.87075,4.83196,7.29207,10.6665,11.6374,43.6247
rain_paisage.jpg,7,dynamic_16,148.932,55.018,220.685,34.1224,674.286,319.008,123.869,227.519,0.0006,333.741,215.688,221.709,1389.75,2548.44,4373.66,7260.35,10356.4,10458.4,38961.6
sky.jpg,7,dynamic_16,48.2929,18.519,70.9419,12.5565,216.096,103.183,39.5911,71.5164,108.137,105.976,71.6961,70.5709,443.716,812.88,1408.39,2109.77,3053.02,3385.16,12150
stars.jpg,7,dynamic_16,83.1309,30.7975,122.954,18.1502,340.169,177.639,69.0326,128.258,189.702,185.125,121.005,123.357,814.065,1440.6,2421.09,3673.23,5325.57,5398.59,20662.5
4000x3000.png,7,static,0,0,0,0,0,0,0,0,0,0,0,0,0,0,0,0,0,659.333,659.333
6000x6000.png,7,static,0,0,0,0,0,0,0,0,0,0,0,0,0,0,0,0,0,1954.26,1954.26
8k.jpeg,7,static,0,0,0,0,0,0,0,0,0,0,0,0,0,0,0,0,0,163.674,163.674
city.jpg,7,static,0,0,0,0,0,0,0,0,0,0,0,0,0,0,0,0,0,5754.03,5754.03
city2.jpg,7,static,0,0,0,0,0,0,0,0,0,0,0,0,0,0,0,0,0,5560.69,5560.69
firework.jpg,7,static,0,0,0,0,0,0,0,0,0,0,0,0,0,0,0,0,0,12306.1,12306.1
flor1.jpg,7,static,0,0,0,0,0,0,0,0,0,0,0,0,0,0,0,0,0,5636.41,5636.41
flor2.jpg,7,static,0,0,0,0,0,0,0,0,0,0,0,0,0,0,0,0,0,566.35,566.35
monument.jpg,7,static,0,0,0,0,0,0,0,0,0,0,0,0,0,0,0,0,0,11179.4,11179.4
poke.jpg,7,static,0,0,0,0,0,0,0,0,0,0,0,0,0,0,0,0,0,12.5642,12.5642
rain_paisage.jpg,7,static,0,0,0,0,0,0,0,0,0,0,0,0,0,0,0,0,0,13421.3,13421.3
sky.jpg,7,static,0,0,0,0,0,0,0,0,0,0,0,0,0,0,0,0,0,3501.94,3501.94
stars.jpg,7,static,0,0,0,0,0,0,0,0,0,0,0,0,0,0,0,0,0,5774.07,5774.07
4000x3000.png,7,dynamic_1,0,0,0,0,0,0,0,0,0,0,0,0,0,0,0,0,0,611.087,611.087
6000x6000.png,7,dynamic_1,0,0,0,0,0,0,0,0,0,0,0,0,0,0,0,0,0,1798.95,1798.95
8k.jpeg,7,dynamic_1,0,0,0,0,0,0,0,0,0,0,0,0,0,0,0,0,0,143.032,143.032
city.jpg,7,dynamic_1,0,0,0,0,0,0,0,0,0,0,0,0,0,0,0,0,0,4406.71,4406.71
city2.jpg,7,dynamic_1,0,0,0,0,0,0,0,0,0,0,0,0,0,0,0,0,0,5000.69,5000.69
firework.jpg,7,dynamic_1,0,0,0,0,0,0,0,0,0,0,0,0,0,0,0,0,0,9943.71,9943.71
flor1.jpg,7,dynamic_1,0,0,0,0,0,0,0,0,0,0,0,0,0,0,0,0,0,4698.28,4698.28
flor2.jpg,7,dynamic_1,0,0,0,0,0,0,0,0,0,0,0,0,0,0,0,0,0,520.434,520.434
monument.jpg,7,dynamic_1,0,0,0,0,0,0,0,0,0,0,0,0,0,0,0,0,0,8450.17,8450.17
poke.jpg,7,dynamic_1,0,0,0,0,0,0,0,0,0,0,0,0,0,0,0,0,0,11.553,11.553
rain_paisage.jpg,7,dynamic_1,0,0,0,0,0,0,0,0,0,0,0,0,0,0,0,0,0,10439,10439
sky.jpg,7,dynamic_1,0,0,0,0,0,0,0,0,0,0,0,0,0,0,0,0,0,3343.85,3343.85
stars.jpg,7,dynamic_1,0,0,0,0,0,0,0,0,0,0,0,0,0,0,0,0,0,5380.36,5380.36
4000x3000.png,7,dynamic_2,0,0,0,0,0,0,0,0,0,0,0,0,0,0,0,0,0,609.338,609.338
6000x6000.png,7,dynamic_2,0,0,0,0,0,0,0,0,0,0,0,0,0,0,0,0,0,1802.09,1802.09
8k.jpeg,7,dynamic_2,0,0,0,0,0,0,0,0,0,0,0,0,0,0,0,0,0,143.077,143.077
city.jpg,7,dynamic_2,0,0,0,0,0,0,0,0,0,0,0,0,0,0,0,0,0,4395.76,4395.76
city2.jpg,7,dynamic_2,0,0,0,0,0,0,0,0,0,0,0,0,0,0,0,0,0,5035.14,5035.14
firework.jpg,7,dynamic_2,0,0,0,0,0,0,0,0,0,0,0,0,0,0,0,0,0,9898.55,9898.55
flor1.jpg,7,dynamic_2,0,0,0,0,0,0,0,0,0,0,0,0,0,0,0,0,0,4705.29,4705.29
flor2.jpg,7,dynamic_2,0,0,0,0,0,0,0,0,0,0,0,0,0,0,0,0,0,520.805,520.805
monument.jpg,7,dynamic_2,0,0,0,0,0,0,0,0,0,0,0,0,0,0,0,0,0,8376.16,8376.16
poke.jpg,7,dynamic_2,0,0,0,0,0,0,0,0,0,0,0,0,0,0,0,0,0,11.5219,11.5219
rain_paisage.jpg,7,dynamic_2,0,0,0,0,0,0,0,0,0,0,0,0,0,0,0,0,0,10408.3,10408.3
sky.jpg,7,dynamic_2,0,0,0,0,0,0,0,0,0,0,0,0,0,0,0,0,0,3380.57,3380.57
stars.jpg,7,dynamic_2,0,0,0,0,0,0,0,0,0,0,0,0,0,0,0,0,0,5382.35,5382.35
4000x3000.png,7,dynamic_4,0,0,0,0,0,0,0,0,0,0,0,0,0,0,0,0,0,609.377,609.377
6000x6000.png,7,dynamic_4,0,0,0,0,0,0,0,0,0,0,0,0,0,0,0,0,0,1801.28,1801.28
8k.jpeg,7,dynamic_4,0,0,0,0,0,0,0,0,0,0,0,0,0,0,0,0,0,143.306,143.306
city.jpg,7,dynamic_4,0,0,0,0,0,0,0,0,0,0,0,0,0,0,0,0,0,4412.24,4412.24
city2.jpg,7,dynamic_4,0,0,0,0,0,0,0,0,0,0,0,0,0,0,0,0,0,5004.48,5004.48
firework.jpg,7,dynamic_4,0,0,0,0,0,0,0,0,0,0,0,0,0,0,0,0,0,9909.84,9909.84
flor1.jpg,7,dynamic_4,0,0,0,0,0,0,0,0,0,0,0,0,0,0,0,0,0,4733.04,4733.04
flor2.jpg,7,dynamic_4,0,0,0,0,0,0,0,0,0,0,0,0,0,0,0,0,0,527.33,527.33
monument.jpg,7,dynamic_4,0,0,0,0,0,0,0,0,0,0,0,0,0,0,0,0,0,8418.18,8418.18
poke.jpg,7,dynamic_4,0,0,0,0,0,0,0,0,0,0,0,0,0,0,0,0,0,11.6489,11.6489
rain_paisage.jpg,7,dynamic_4,0,0,0,0,0,0,0,0,0,0,0,0,0,0,0,0,0,10419.5,10419.5
sky.jpg,7,dynamic_4,0,0,0,0,0,0,0,0,0,0,0,0,0,0,0,0,0,3374.47,3374.47
stars.jpg,7,dynamic_4,0,0,0,0,0,0,0,0,0,0,0,0,0,0,0,0,0,5384.46,5384.46
4000x3000.png,7,dynamic_8,0,0,0,0,0,0,0,0,0,0,0,0,0,0,0,0,0,612.308,612.308
6000x6000.png,7,dynamic_8,0,0,0,0,0,0,0,0,0,0,0,0,0,0,0,0,0,1802.3,1802.3
8k.jpeg,7,dynamic_8,0,0,0,0,0,0,0,0,0,0,0,0,0,0,0,0,0,144.357,144.357
city.jpg,7,dynamic_8,0,0,0,0,0,0,0,0,0,0,0,0,0,0,0,0,0,4401.28,4401.28
city2.jpg,7,dynamic_8,0,0,0,0,0,0,0,0,0,0,0,0,0,0,0,0,0,5001.89,5001.89
firework.jpg,7,dynamic_8,0,0,0,0,0,0,0,0,0,0,0,0,0,0,0,0,0,9831.2,9831.2
flor1.jpg,7,dynamic_8,0,0,0,0,0,0,0,0,0,0,0,0,0,0,0,0,0,4701.49,4701.49
flor2.jpg,7,dynamic_8,0,0,0,0,0,0,0,0,0,0,0,0,0,0,0,0,0,522.245,522.245
monument.jpg,7,dynamic_8,0,0,0,0,0,0,0,0,0,0,0,0,0,0,0,0,0,8455.7,8455.7
poke.jpg,7,dynamic_8,0,0,0,0,0,0,0,0,0,0,0,0,0,0,0,0,0,11.7258,11.7258
rain_paisage.jpg,7,dynamic_8,0,0,0,0,0,0,0,0,0,0,0,0,0,0,0,0,0,10454.9,10454.9
sky.jpg,7,dynamic_8,0,0,0,0,0,0,0,0,0,0,0,0,0,0,0,0,0,3353.04,3353.04
stars.jpg,7,dynamic_8,0,0,0,0,0,0,0,0,0,0,0,0,0,0,0,0,0,5389.76,5389.76
4000x3000.png,7,dynamic_32,0,0,0,0,0,0,0,0,0,0,0,0,0,0,0,0,0,613.02,613.02
6000x6000.png,7,dynamic_32,0,0,0,0,0,0,0,0,0,0,0,0,0,0,0,0,0,1803.3,1803.3
8k.jpeg,7,dynamic_32,0,0,0,0,0,0,0,0,0,0,0,0,0,0,0,0,0,150.723,150.723
city.jpg,7,dynamic_32,0,0,0,0,0,0,0,0,0,0,0,0,0,0,0,0,0,4424.24,4424.24
city2.jpg,7,dynamic_32,0,0,0,0,0,0,0,0,0,0,0,0,0,0,0,0,0,5009.46,5009.46
firework.jpg,7,dynamic_32,0,0,0,0,0,0,0,0,0,0,0,0,0,0,0,0,0,9952.3,9952.3
flor1.jpg,7,dynamic_32,0,0,0,0,0,0,0,0,0,0,0,0,0,0,0,0,0,4720.8,4720.8
flor2.jpg,7,dynamic_32,0,0,0,0,0,0,0,0,0,0,0,0,0,0,0,0,0,525.455,525.455
monument.jpg,7,dynamic_32,0,0,0,0,0,0,0,0,0,0,0,0,0,0,0,0,0,8396.78,8396.78
poke.jpg,7,dynamic_32,0,0,0,0,0,0,0,0,0,0,0,0,0,0,0,0,0,12.9392,12.9392
rain_paisage.jpg,7,dynamic_32,0,0,0,0,0,0,0,0,0,0,0,0,0,0,0,0,0,10408.2,10408.2
sky.jpg,7,dynamic_32,0,0,0,0,0,0,0,0,0,0,0,0,0,0,0,0,0,3344.64,3344.64
stars.jpg,7,dynamic_32,0,0,0,0,0,0,0,0,0,0,0,0,0,0,0,0,0,5411.37,5411.37
4000x3000.png,7,dynamic_64,0,0,0,0,0,0,0,0,0,0,0,0,0,0,0,0,0,630.483,630.483
6000x6000.png,7,dynamic_64,0,0,0,0,0,0,0,0,0,0,0,0,0,0,0,0,0,1804.96,1804.96
8k.jpeg,7,dynamic_64,0,0,0,0,0,0,0,0,0,0,0,0,0,0,0,0,0,157.795,157.795
city.jpg,7,dynamic_64,0,0,0,0,0,0,0,0,0,0,0,0,0,0,0,0,0,4413.71,4413.71
city2.jpg,7,dynamic_64,0,0,0,0,0,0,0,0,0,0,0,0,0,0,0,0,0,5027.29,5027.29
firework.jpg,7,dynamic_64,0,0,0,0,0,0,0,0,0,0,0,0,0,0,0,0,0,9989.08,9989.08
flor1.jpg,7,dynamic_64,0,0,0,0,0,0,0,0,0,0,0,0,0,0,0,0,0,4734.17,4734.17
flor2.jpg,7,dynamic_64,0,0,0,0,0,0,0,0,0,0,0,0,0,0,0,0,0,533.733,533.733
monument.jpg,7,dynamic_64,0,0,0,0,0,0,0,0,0,0,0,0,0,0,0,0,0,8420.86,8420.86
poke.jpg,7,dynamic_64,0,0,0,0,0,0,0,0,0,0,0,0,0,0,0,0,0,13.5258,13.5258
rain_paisage.jpg,7,dynamic_64,0,0,0,0,0,0,0,0,0,0,0,0,0,0,0,0,0,10450.9,10450.9
sky.jpg,7,dynamic_64,0,0,0,0,0,0,0,0,0,0,0,0,0,0,0,0,0,3375.4,3375.4
stars.jpg,7,dynamic_64,0,0,0,0,0,0,0,0,0,0,0,0,0,0,0,0,0,5420.75,5420.75
4000x3000.png,7,dynamic_128,0,0,0,0,0,0,0,0,0,0,0,0,0,0,0,0,0,646.707,646.707
6000x6000.png,7,dynamic_128,0,0,0,0,0,0,0,0,0,0,0,0,0,0,0,0,0,1838.43,1838.43
8k.jpeg,7,dynamic_128,0,0,0,0,0,0,0,0,0,0,0,0,0,0,0,0,0,165.202,165.202
city.jpg,7,dynamic_128,0,0,0,0,0,0,0,0,0,0,0,0,0,0,0,0,0,4485.33,4485.33
city2.jpg,7,dynamic_128,0,0,0,0,0,0,0,0,0,0,0,0,0,0,0,0,0,5099.14,5099.14
firework.jpg,7,dynamic_128,0,0,0,0,0,0,0,0,0,0,0,0,0,0,0,0,0,9981.48,9981.48
flor1.jpg,7,dynamic_128,0,0,0,0,0,0,0,0,0,0,0,0,0,0,0,0,0,4762.06,4762.06
flor2.jpg,7,dynamic_128,0,0,0,0,0,0,0,0,0,0,0,0,0,0,0,0,0,562.341,562.341
monument.jpg,7,dynamic_128,0,0,0,0,0,0,0,0,0,0,0,0,0,0,0,0,0,8469.3,8469.3
poke.jpg,7,dynamic_128,0,0,0,0,0,0,0,0,0,0,0,0,0,0,0,0,0,20.8729,20.8729
rain_paisage.jpg,7,dynamic_128,0,0,0,0,0,0,0,0,0,0,0,0,0,0,0,0,0,10605.7,10605.7
sky.jpg,7,dynamic_128,0,0,0,0,0,0,0,0,0,0,0,0,0,0,0,0,0,3396.38,3396.38
stars.jpg,7,dynamic_128,0,0,0,0,0,0,0,0,0,0,0,0,0,0,0,0,0,5539.21,5539.21
4000x3000.png,8,dynamic_16,8.3398,3.05388,11.641,1.67871,35.4654,16.7817,6.60561,11.9764,18.8072,18.1688,14.9341,14.9364,74.3741,133.673,225.348,340.944,502.762,548.114,1987.6
6000x6000.png,8,dynamic_16,28.0284,9.07633,35.1525,7.53398,117.992,50.0991,20.4631,36.0214,54.2212,52.8597,42.0366,41.5805,223.429,400.691,675.641,1024.72,1503.37,1618.18,5941.09
8k.jpeg,8,dynamic_16,1.94524,0.818782,2.86527,0.378616,7.69274,4.07291,1.65231,2.89091,4.95091,4.31027,6.77864,3.10847,17.5377,31.5187,53.3208,80.9145,118.361,128.256,471.374
city.jpg,8,dynamic_16,57.0848,20.8293,82.0604,16.6632,251.079,118.243,46.2724,83.864,142.913,121.927,89.3258,87.5479,518.76,942.103,1595.98,2625.06,3772.45,3935.69,14507.9
city2.jpg,8,dynamic_16,62.5613,23.9968,92.7074,18.2055,284.018,133.382,52.3061,94.3775,143.621,139.589,102.147,100.263,609.363,1070.46,1806.64,2736.36,4024.64,4478.29,15972.9
firework.jpg,8,dynamic_16,121.596,46.4068,179.423,36.3242,497.209,257.711,101.181,182.699,0.00036,269.606,208.756,207.477,1136.05,2080.98,3492,5295.96,7816.87,8951.04,30881.3
flor1.jpg,8,dynamic_16,60.6752,25.2105,84.6096,16.2926,263.139,122.025,47.7596,86.4761,131.274,127.418,101.522,101.135,539.112,978.997,1648.35,2515.67,3671.03,4227.8,14748.5
flor2.jpg,8,dynamic_16,6.54343,2.55158,9.62451,1.00612,29.0995,13.8545,6.28329,9.75849,15.4265,14.1865,12.5145,13.5732,60.9704,110.319,186.621,283.078,417.694,462.479,1655.58
monument.jpg,8,dynamic_16,109.845,42.133,162.472,32.4813,496.821,234.34,91.8478,168.078,254.497,245.29,178.62,175.345,1049.55,1883.45,3177.68,4820.6,7078.74,7565.62,27767.4
poke.jpg,8,dynamic_16,0.258176,0.067176,0.225495,0.042824,0.657929,0.324183,0.130511,0.35312,0.284472,0.341375,0.210037,0.20922,1.4273,2.49941,4.26019,6.35598,9.32354,10.7768,37.7478
rain_paisage.jpg,8,dynamic_16,131.043,49.3581,194.637,39.7732,594.208,279.421,109.257,200.84,0.000405,288.292,206.81,212.538,1232.57,2231.95,3785.51,6231.47,8923.89,9371.76,34083.3
sky.jpg,8,dynamic_16,42.2613,16.0922,62.0312,11.556,196.879,89.0547,35.6888,63.2186,97.463,93.8351,68.46,67.8108,391.845,713.684,1206.31,1828.4,2684.18,2996.18,10664.9
stars.jpg,8,dynamic_16,73.7829,28.4175,108.294,21.6069,299.721,158.378,61.2042,113.324,167.592,163.433,116.584,118.223,716.598,1265.99,2127.33,3215.21,4698.63,4821.2,18275.5
4000x3000.png,8,static,0,0,0,0,0,0,0,0,0,0,0,0,0,0,0,0,0,582.787,582.787
6000x6000.png,8,static,0,0,0,0,0,0,0,0,0,0,0,0,0,0,0,0,0,1744.56,1744.56
8k.jpeg,8,static,0,0,0,0,0,0,0,0,0,0,0,0,0,0,0,0,0,145.754,145.754
city.jpg,8,static,0,0,0,0,0,0,0,0,0,0,0,0,0,0,0,0,0,5089.29,5089.29
city2.jpg,8,static,0,0,0,0,0,0,0,0,0,0,0,0,0,0,0,0,0,4944.43,4944.43
firework.jpg,8,static,0,0,0,0,0,0,0,0,0,0,0,0,0,0,0,0,0,11041.5,11041.5
flor1.jpg,8,static,0,0,0,0,0,0,0,0,0,0,0,0,0,0,0,0,0,4955.03,4955.03
flor2.jpg,8,static,0,0,0,0,0,0,0,0,0,0,0,0,0,0,0,0,0,517.731,517.731
monument.jpg,8,static,0,0,0,0,0,0,0,0,0,0,0,0,0,0,0,0,0,9982.35,9982.35
poke.jpg,8,static,0,0,0,0,0,0,0,0,0,0,0,0,0,0,0,0,0,19.7854,19.7854
rain_paisage.jpg,8,static,0,0,0,0,0,0,0,0,0,0,0,0,0,0,0,0,0,12005.1,12005.1
sky.jpg,8,static,0,0,0,0,0,0,0,0,0,0,0,0,0,0,0,0,0,3132.49,3132.49
stars.jpg,8,static,0,0,0,0,0,0,0,0,0,0,0,0,0,0,0,0,0,5069.97,5069.97
4000x3000.png,8,dynamic_1,0,0,0,0,0,0,0,0,0,0,0,0,0,0,0,0,0,543.267,543.267
6000x6000.png,8,dynamic_1,0,0,0,0,0,0,0,0,0,0,0,0,0,0,0,0,0,1613.37,1613.37
8k.jpeg,8,dynamic_1,0,0,0,0,0,0,0,0,0,0,0,0,0,0,0,0,0,128.624,128.624
city.jpg,8,dynamic_1,0,0,0,0,0,0,0,0,0,0,0,0,0,0,0,0,0,3931.94,3931.94
city2.jpg,8,dynamic_1,0,0,0,0,0,0,0,0,0,0,0,0,0,0,0,0,0,4491.99,4491.99
firework.jpg,8,dynamic_1,0,0,0,0,0,0,0,0,0,0,0,0,0,0,0,0,0,8864.76,8864.76
flor1.jpg,8,dynamic_1,0,0,0,0,0,0,0,0,0,0,0,0,0,0,0,0,0,4217.45,4217.45
flor2.jpg,8,dynamic_1,0,0,0,0,0,0,0,0,0,0,0,0,0,0,0,0,0,467.153,467.153
monument.jpg,8,dynamic_1,0,0,0,0,0,0,0,0,0,0,0,0,0,0,0,0,0,7538.68,7538.68
poke.jpg,8,dynamic_1,0,0,0,0,0,0,0,0,0,0,0,0,0,0,0,0,0,10.3055,10.3055
rain_paisage.jpg,8,dynamic_1,0,0,0,0,0,0,0,0,0,0,0,0,0,0,0,0,0,9388.14,9388.14
sky.jpg,8,dynamic_1,0,0,0,0,0,0,0,0,0,0,0,0,0,0,0,0,0,2988.93,2988.93
stars.jpg,8,dynamic_1,0,0,0,0,0,0,0,0,0,0,0,0,0,0,0,0,0,4819.54,4819.54
4000x3000.png,8,dynamic_2,0,0,0,0,0,0,0,0,0,0,0,0,0,0,0,0,0,543.481,543.481
6000x6000.png,8,dynamic_2,0,0,0,0,0,0,0,0,0,0,0,0,0,0,0,0,0,1614.37,1614.37
8k.jpeg,8,dynamic_2,0,0,0,0,0,0,0,0,0,0,0,0,0,0,0,0,0,134.252,134.252
city.jpg,8,dynamic_2,0,0,0,0,0,0,0,0,0,0,0,0,0,0,0,0,0,3929.18,3929.18
city2.jpg,8,dynamic_2,0,0,0,0,0,0,0,0,0,0,0,0,0,0,0,0,0,4478.77,4478.77
firework.jpg,8,dynamic_2,0,0,0,0,0,0,0,0,0,0,0,0,0,0,0,0,0,8874.32,8874.32
flor1.jpg,8,dynamic_2,0,0,0,0,0,0,0,0,0,0,0,0,0,0,0,0,0,4224.14,4224.14
flor2.jpg,8,dynamic_2,0,0,0,0,0,0,0,0,0,0,0,0,0,0,0,0,0,466.855,466.855
monument.jpg,8,dynamic_2,0,0,0,0,0,0,0,0,0,0,0,0,0,0,0,0,0,7540.41,7540.41
poke.jpg,8,dynamic_2,0,0,0,0,0,0,0,0,0,0,0,0,0,0,0,0,0,10.3815,10.3815
rain_paisage.jpg,8,dynamic_2,0,0,0,0,0,0,0,0,0,0,0,0,0,0,0,0,0,9347.56,9347.56
sky.jpg,8,dynamic_2,0,0,0,0,0,0,0,0,0,0,0,0,0,0,0,0,0,3001.56,3001.56
stars.jpg,8,dynamic_2,0,0,0,0,0,0,0,0,0,0,0,0,0,0,0,0,0,4811.63,4811.63
4000x3000.png,8,dynamic_4,0,0,0,0,0,0,0,0,0,0,0,0,0,0,0,0,0,562.735,562.735
6000x6000.png,8,dynamic_4,0,0,0,0,0,0,0,0,0,0,0,0,0,0,0,0,0,1619.09,1619.09
8k.jpeg,8,dynamic_4,0,0,0,0,0,0,0,0,0,0,0,0,0,0,0,0,0,128.225,128.225
city.jpg,8,dynamic_4,0,0,0,0,0,0,0,0,0,0,0,0,0,0,0,0,0,3949.43,3949.43
city2.jpg,8,dynamic_4,0,0,0,0,0,0,0,0,0,0,0,0,0,0,0,0,0,4513.16,4513.16
firework.jpg,8,dynamic_4,0,0,0,0,0,0,0,0,0,0,0,0,0,0,0,0,0,8895.49,8895.49
flor1.jpg,8,dynamic_4,0,0,0,0,0,0,0,0,0,0,0,0,0,0,0,0,0,4243.6,4243.6
flor2.jpg,8,dynamic_4,0,0,0,0,0,0,0,0,0,0,0,0,0,0,0,0,0,469.207,469.207
monument.jpg,8,dynamic_4,0,0,0,0,0,0,0,0,0,0,0,0,0,0,0,0,0,7573.08,7573.08
poke.jpg,8,dynamic_4,0,0,0,0,0,0,0,0,0,0,0,0,0,0,0,0,0,10.4231,10.4231
rain_paisage.jpg,8,dynamic_4,0,0,0,0,0,0,0,0,0,0,0,0,0,0,0,0,0,9399.35,9399.35
sky.jpg,8,dynamic_4,0,0,0,0,0,0,0,0,0,0,0,0,0,0,0,0,0,3006.84,3006.84
stars.jpg,8,dynamic_4,0,0,0,0,0,0,0,0,0,0,0,0,0,0,0,0,0,4835.75,4835.75
4000x3000.png,8,dynamic_8,0,0,0,0,0,0,0,0,0,0,0,0,0,0,0,0,0,544.501,544.501
6000x6000.png,8,dynamic_8,0,0,0,0,0,0,0,0,0,0,0,0,0,0,0,0,0,1619,1619
8k.jpeg,8,dynamic_8,0,0,0,0,0,0,0,0,0,0,0,0,0,0,0,0,0,129.064,129.064
city.jpg,8,dynamic_8,0,0,0,0,0,0,0,0,0,0,0,0,0,0,0,0,0,3939.93,3939.93
city2.jpg,8,dynamic_8,0,0,0,0,0,0,0,0,0,0,0,0,0,0,0,0,0,4477.81,4477.81
firework.jpg,8,dynamic_8,0,0,0,0,0,0,0,0,0,0,0,0,0,0,0,0,0,8884.49,8884.49
flor1.jpg,8,dynamic_8,0,0,0,0,0,0,0,0,0,0,0,0,0,0,0,0,0,4216.81,4216.81
flor2.jpg,8,dynamic_8,0,0,0,0,0,0,0,0,0,0,0,0,0,0,0,0,0,468.549,468.549
monument.jpg,8,dynamic_8,0,0,0,0,0,0,0,0,0,0,0,0,0,0,0,0,0,7535.99,7535.99
poke.jpg,8,dynamic_8,0,0,0,0,0,0,0,0,0,0,0,0,0,0,0,0,0,10.4773,10.4773
rain_paisage.jpg,8,dynamic_8,0,0,0,0,0,0,0,0,0,0,0,0,0,0,0,0,0,9348.15,9348.15
sky.jpg,8,dynamic_8,0,0,0,0,0,0,0,0,0,0,0,0,0,0,0,0,0,2988.45,2988.45
stars.jpg,8,dynamic_8,0,0,0,0,0,0,0,0,0,0,0,0,0,0,0,0,0,4815.65,4815.65
4000x3000.png,8,dynamic_32,0,0,0,0,0,0,0,0,0,0,0,0,0,0,0,0,0,551.031,551.031
6000x6000.png,8,dynamic_32,0,0,0,0,0,0,0,0,0,0,0,0,0,0,0,0,0,1617.75,1617.75
8k.jpeg,8,dynamic_32,0,0,0,0,0,0,0,0,0,0,0,0,0,0,0,0,0,137.47,137.47
city.jpg,8,dynamic_32,0,0,0,0,0,0,0,0,0,0,0,0,0,0,0,0,0,3947.72,3947.72
city2.jpg,8,dynamic_32,0,0,0,0,0,0,0,0,0,0,0,0,0,0,0,0,0,4483.95,4483.95
firework.jpg,8,dynamic_32,0,0,0,0,0,0,0,0,0,0,0,0,0,0,0,0,0,8888.13,8888.13
flor1.jpg,8,dynamic_32,0,0,0,0,0,0,0,0,0,0,0,0,0,0,0,0,0,4248.6,4248.6
flor2.jpg,8,dynamic_32,0,0,0,0,0,0,0,0,0,0,0,0,0,0,0,0,0,473.796,473.796
monument.jpg,8,dynamic_32,0,0,0,0,0,0,0,0,0,0,0,0,0,0,0,0,0,7583.69,7583.69
poke.jpg,8,dynamic_32,0,0,0,0,0,0,0,0,0,0,0,0,0,0,0,0,0,12.3622,12.3622
rain_paisage.jpg,8,dynamic_32,0,0,0,0,0,0,0,0,0,0,0,0,0,0,0,0,0,9328.8,9328.8
sky.jpg,8,dynamic_32,0,0,0,0,0,0,0,0,0,0,0,0,0,0,0,0,0,3060.19,3060.19
stars.jpg,8,dynamic_32,0,0,0,0,0,0,0,0,0,0,0,0,0,0,0,0,0,4847.46,4847.46
4000x3000.png,8,dynamic_64,0,0,0,0,0,0,0,0,0,0,0,0,0,0,0,0,0,558.783,558.783
6000x6000.png,8,dynamic_64,0,0,0,0,0,0,0,0,0,0,0,0,0,0,0,0,0,1628.62,1628.62
8k.jpeg,8,dynamic_64,0,0,0,0,0,0,0,0,0,0,0,0,0,0,0,0,0,142.94,142.94
city.jpg,8,dynamic_64,0,0,0,0,0,0,0,0,0,0,0,0,0,0,0,0,0,3943.74,3943.74
city2.jpg,8,dynamic_64,0,0,0,0,0,0,0,0,0,0,0,0,0,0,0,0,0,4521.53,4521.53
firework.jpg,8,dynamic_64,0,0,0,0,0,0,0,0,0,0,0,0,0,0,0,0,0,8918.14,8918.14
flor1.jpg,8,dynamic_64,0,0,0,0,0,0,0,0,0,0,0,0,0,0,0,0,0,4262.19,4262.19
flor2.jpg,8,dynamic_64,0,0,0,0,0,0,0,0,0,0,0,0,0,0,0,0,0,474.325,474.325
monument.jpg,8,dynamic_64,0,0,0,0,0,0,0,0,0,0,0,0,0,0,0,0,0,7553.29,7553.29
poke.jpg,8,dynamic_64,0,0,0,0,0,0,0,0,0,0,0,0,0,0,0,0,0,13.0237,13.0237
rain_paisage.jpg,8,dynamic_64,0,0,0,0,0,0,0,0,0,0,0,0,0,0,0,0,0,9354.45,9354.45
sky.jpg,8,dynamic_64,0,0,0,0,0,0,0,0,0,0,0,0,0,0,0,0,0,3010.12,3010.12
stars.jpg,8,dynamic_64,0,0,0,0,0,0,0,0,0,0,0,0,0,0,0,0,0,4820.87,4820.87
4000x3000.png,8,dynamic_128,0,0,0,0,0,0,0,0,0,0,0,0,0,0,0,0,0,564.127,564.127
6000x6000.png,8,dynamic_128,0,0,0,0,0,0,0,0,0,0,0,0,0,0,0,0,0,1651.35,1651.35
8k.jpeg,8,dynamic_128,0,0,0,0,0,0,0,0,0,0,0,0,0,0,0,0,0,158.558,158.558
city.jpg,8,dynamic_128,0,0,0,0,0,0,0,0,0,0,0,0,0,0,0,0,0,3965.23,3965.23
city2.jpg,8,dynamic_128,0,0,0,0,0,0,0,0,0,0,0,0,0,0,0,0,0,4548.42,4548.42
firework.jpg,8,dynamic_128,0,0,0,0,0,0,0,0,0,0,0,0,0,0,0,0,0,8997.91,8997.91
flor1.jpg,8,dynamic_128,0,0,0,0,0,0,0,0,0,0,0,0,0,0,0,0,0,4311.97,4311.97
flor2.jpg,8,dynamic_128,0,0,0,0,0,0,0,0,0,0,0,0,0,0,0,0,0,510.154,510.154
monument.jpg,8,dynamic_128,0,0,0,0,0,0,0,0,0,0,0,0,0,0,0,0,0,7587.16,7587.16
poke.jpg,8,dynamic_128,0,0,0,0,0,0,0,0,0,0,0,0,0,0,0,0,0,20.2549,20.2549
rain_paisage.jpg,8,dynamic_128,0,0,0,0,0,0,0,0,0,0,0,0,0,0,0,0,0,9368.34,9368.34
sky.jpg,8,dynamic_128,0,0,0,0,0,0,0,0,0,0,0,0,0,0,0,0,0,3015.07,3015.07
stars.jpg,8,dynamic_128,0,0,0,0,0,0,0,0,0,0,0,0,0,0,0,0,0,4966.29,4966.29
4000x3000.png,9,dynamic_16,7.60425,2.76923,10.4381,1.71643,31.3919,14.9657,6.32435,10.6952,17.0623,16.1739,15.0732,14.9934,66.8363,119.274,209.253,314.631,480.768,495.121,1835.09
6000x6000.png,9,dynamic_16,32.0466,12.8488,35.3844,5.40506,89.4177,44.6383,21.0298,33.3997,49.3388,47.1395,38.4094,37.7381,207.209,375.427,600.53,932.407,1334.65,1436.28,5333.29
8k.jpeg,9,dynamic_16,1.75489,0.734748,2.56364,0.344903,6.88047,3.61225,1.48118,2.56746,4.42932,3.86217,7.0967,2.76295,15.6263,28.1748,47.5909,71.976,106.484,116.352,424.294
city.jpg,9,dynamic_16,67.3849,18.851,73.0588,14.6884,232.595,105.499,41.2224,74.9485,126.235,108.952,87.6978,86.1491,468.507,844.602,1423.69,2340.71,3358.78,3528.8,13002.4
city2.jpg,9,dynamic_16,55.9525,21.6954,82.7308,19.7972,252.053,119.052,47.19,84.3425,128.809,124.196,95.2738,93.6933,525.655,952.561,1607.7,2430.04,3568.61,4011.09,14220.4
firework.jpg,9,dynamic_16,107.725,41.7034,159.133,39.9202,455.876,247.41,89.5484,162.713,0.000364,239.321,196.118,191.884,1017.19,1833.44,3135.42,4715.54,6935.32,7941.22,27509.5
flor1.jpg,9,dynamic_16,50.7433,19.6566,75.0799,15.4164,229.874,116.047,43.2434,76.7907,116.693,113.119,92.6472,91.8201,482.677,868.909,1468.28,2236.77,3288.38,3778.71,13164.9
flor2.jpg,9,dynamic_16,5.80602,2.31418,8.60639,1.09956,25.9792,12.307,4.90503,8.68472,13.8211,12.6388,11.9207,12.6803,54.7857,98.4419,166.139,253.305,371.608,419.404,1484.45
monument.jpg,9,dynamic_16,109.39,54.2679,144.347,30.1003,453.098,207.988,81.3091,149.13,226.567,217.085,165.839,165.029,931.838,1672.88,2823.75,4284.45,6287.99,6740.18,24745.2
poke.jpg,9,dynamic_16,0.241816,0.098691,0.210167,0.045567,0.558077,0.287794,0.117092,0.578888,0.936748,0.313417,0.205976,0.1536,1.26163,2.25877,3.79621,5.74856,8.25257,10.0783,35.1439
rain_paisage.jpg,9,dynamic_16,124.207,45.56,188.352,37.511,536.48,247.761,97.6651,178.092,0.000438,256.363,192.323,196.861,1090.08,1974.51,3359.83,5504.33,7943.31,8351.46,30324.7
sky.jpg,9,dynamic_16,37.2523,14.5337,59.3701,12.6735,169.125,79.368,31.1945,56.2371,85.7737,83.1559,63.9134,62.8454,348.652,634.718,1081.8,1630.59,2382.55,2688.77,9522.52
stars.jpg,9,dynamic_16,64.9847,24.9805,96.6656,23.5602,265.916,138.488,54.6244,100.53,150.057,145.414,109.028,111.239,635.156,1131.84,1887.62,2854.68,4187.45,4311.99,16294.2
4000x3000.png,9,static,0,0,0,0,0,0,0,0,0,0,0,0,0,0,0,0,0,535.136,535.136
6000x6000.png,9,static,0,0,0,0,0,0,0,0,0,0,0,0,0,0,0,0,0,1556.27,1556.27
8k.jpeg,9,static,0,0,0,0,0,0,0,0,0,0,0,0,0,0,0,0,0,134.389,134.389
city.jpg,9,static,0,0,0,0,0,0,0,0,0,0,0,0,0,0,0,0,0,4583.57,4583.57
city2.jpg,9,static,0,0,0,0,0,0,0,0,0,0,0,0,0,0,0,0,0,4446.49,4446.49
firework.jpg,9,static,0,0,0,0,0,0,0,0,0,0,0,0,0,0,0,0,0,9927.96,9927.96
flor1.jpg,9,static,0,0,0,0,0,0,0,0,0,0,0,0,0,0,0,0,0,4495.2,4495.2
flor2.jpg,9,static,0,0,0,0,0,0,0,0,0,0,0,0,0,0,0,0,0,448.819,448.819
monument.jpg,9,static,0,0,0,0,0,0,0,0,0,0,0,0,0,0,0,0,0,8929.44,8929.44
poke.jpg,9,static,0,0,0,0,0,0,0,0,0,0,0,0,0,0,0,0,0,10.0317,10.0317
rain_paisage.jpg,9,static,0,0,0,0,0,0,0,0,0,0,0,0,0,0,0,0,0,10789.5,10789.5
sky.jpg,9,static,0,0,0,0,0,0,0,0,0,0,0,0,0,0,0,0,0,2813.13,2813.13
stars.jpg,9,static,0,0,0,0,0,0,0,0,0,0,0,0,0,0,0,0,0,4559.75,4559.75
4000x3000.png,9,dynamic_1,0,0,0,0,0,0,0,0,0,0,0,0,0,0,0,0,0,504.636,504.636
6000x6000.png,9,dynamic_1,0,0,0,0,0,0,0,0,0,0,0,0,0,0,0,0,0,1442.31,1442.31
8k.jpeg,9,dynamic_1,0,0,0,0,0,0,0,0,0,0,0,0,0,0,0,0,0,114.323,114.323
city.jpg,9,dynamic_1,0,0,0,0,0,0,0,0,0,0,0,0,0,0,0,0,0,3525.89,3525.89
city2.jpg,9,dynamic_1,0,0,0,0,0,0,0,0,0,0,0,0,0,0,0,0,0,4000.22,4000.22
firework.jpg,9,dynamic_1,0,0,0,0,0,0,0,0,0,0,0,0,0,0,0,0,0,7954.58,7954.58
flor1.jpg,9,dynamic_1,0,0,0,0,0,0,0,0,0,0,0,0,0,0,0,0,0,3779.2,3779.2
flor2.jpg,9,dynamic_1,0,0,0,0,0,0,0,0,0,0,0,0,0,0,0,0,0,417.139,417.139
monument.jpg,9,dynamic_1,0,0,0,0,0,0,0,0,0,0,0,0,0,0,0,0,0,6738.83,6738.83
poke.jpg,9,dynamic_1,0,0,0,0,0,0,0,0,0,0,0,0,0,0,0,0,0,9.28797,9.28797
rain_paisage.jpg,9,dynamic_1,0,0,0,0,0,0,0,0,0,0,0,0,0,0,0,0,0,8346.9,8346.9
sky.jpg,9,dynamic_1,0,0,0,0,0,0,0,0,0,0,0,0,0,0,0,0,0,2664.59,2664.59
stars.jpg,9,dynamic_1,0,0,0,0,0,0,0,0,0,0,0,0,0,0,0,0,0,4312.6,4312.6
4000x3000.png,9,dynamic_2,0,0,0,0,0,0,0,0,0,0,0,0,0,0,0,0,0,486.06,486.06
6000x6000.png,9,dynamic_2,0,0,0,0,0,0,0,0,0,0,0,0,0,0,0,0,0,1438,1438
8k.jpeg,9,dynamic_2,0,0,0,0,0,0,0,0,0,0,0,0,0,0,0,0,0,119.66,119.66
city.jpg,9,dynamic_2,0,0,0,0,0,0,0,0,0,0,0,0,0,0,0,0,0,3525.44,3525.44
city2.jpg,9,dynamic_2,0,0,0,0,0,0,0,0,0,0,0,0,0,0,0,0,0,4012.88,4012.88
firework.jpg,9,dynamic_2,0,0,0,0,0,0,0,0,0,0,0,0,0,0,0,0,0,7957.55,7957.55
flor1.jpg,9,dynamic_2,0,0,0,0,0,0,0,0,0,0,0,0,0,0,0,0,0,3803.42,3803.42
flor2.jpg,9,dynamic_2,0,0,0,0,0,0,0,0,0,0,0,0,0,0,0,0,0,416.494,416.494
monument.jpg,9,dynamic_2,0,0,0,0,0,0,0,0,0,0,0,0,0,0,0,0,0,6731.06,6731.06
poke.jpg,9,dynamic_2,0,0,0,0,0,0,0,0,0,0,0,0,0,0,0,0,0,9.37851,9.37851
rain_paisage.jpg,9,dynamic_2,0,0,0,0,0,0,0,0,0,0,0,0,0,0,0,0,0,8363.52,8363.52
sky.jpg,9,dynamic_2,0,0,0,0,0,0,0,0,0,0,0,0,0,0,0,0,0,2673.9,2673.9
stars.jpg,9,dynamic_2,0,0,0,0,0,0,0,0,0,0,0,0,0,0,0,0,0,4326.6,4326.6
4000x3000.png,9,dynamic_4,0,0,0,0,0,0,0,0,0,0,0,0,0,0,0,0,0,504.401,504.401
6000x6000.png,9,dynamic_4,0,0,0,0,0,0,0,0,0,0,0,0,0,0,0,0,0,1454.03,1454.03
8k.jpeg,9,dynamic_4,0,0,0,0,0,0,0,0,0,0,0,0,0,0,0,0,0,114.747,114.747
city.jpg,9,dynamic_4,0,0,0,0,0,0,0,0,0,0,0,0,0,0,0,0,0,3519.49,3519.49
city2.jpg,9,dynamic_4,0,0,0,0,0,0,0,0,0,0,0,0,0,0,0,0,0,4011.34,4011.34
firework.jpg,9,dynamic_4,0,0,0,0,0,0,0,0,0,0,0,0,0,0,0,0,0,7941.38,7941.38
flor1.jpg,9,dynamic_4,0,0,0,0,0,0,0,0,0,0,0,0,0,0,0,0,0,3783.09,3783.09
flor2.jpg,9,dynamic_4,0,0,0,0,0,0,0,0,0,0,0,0,0,0,0,0,0,417.615,417.615
monument.jpg,9,dynamic_4,0,0,0,0,0,0,0,0,0,0,0,0,0,0,0,0,0,6721.18,6721.18
poke.jpg,9,dynamic_4,0,0,0,0,0,0,0,0,0,0,0,0,0,0,0,0,0,9.23068,9.23068
rain_paisage.jpg,9,dynamic_4,0,0,0,0,0,0,0,0,0,0,0,0,0,0,0,0,0,8328.7,8328.7
sky.jpg,9,dynamic_4,0,0,0,0,0,0,0,0,0,0,0,0,0,0,0,0,0,2671.6,2671.6
stars.jpg,9,dynamic_4,0,0,0,0,0,0,0,0,0,0,0,0,0,0,0,0,0,4304.88,4304.88
4000x3000.png,9,dynamic_8,0,0,0,0,0,0,0,0,0,0,0,0,0,0,0,0,0,490.835,490.835
6000x6000.png,9,dynamic_8,0,0,0,0,0,0,0,0,0,0,0,0,0,0,0,0,0,1458.96,1458.96
8k.jpeg,9,dynamic_8,0,0,0,0,0,0,0,0,0,0,0,0,0,0,0,0,0,116.289,116.289
city.jpg,9,dynamic_8,0,0,0,0,0,0,0,0,0,0,0,0,0,0,0,0,0,3563.98,3563.98
city2.jpg,9,dynamic_8,0,0,0,0,0,0,0,0,0,0,0,0,0,0,0,0,0,4001.62,4001.62
firework.jpg,9,dynamic_8,0,0,0,0,0,0,0,0,0,0,0,0,0,0,0,0,0,7919.33,7919.33
flor1.jpg,9,dynamic_8,0,0,0,0,0,0,0,0,0,0,0,0,0,0,0,0,0,3788.88,3788.88
flor2.jpg,9,dynamic_8,0,0,0,0,0,0,0,0,0,0,0,0,0,0,0,0,0,418.098,418.098
monument.jpg,9,dynamic_8,0,0,0,0,0,0,0,0,0,0,0,0,0,0,0,0,0,6733.65,6733.65
poke.jpg,9,dynamic_8,0,0,0,0,0,0,0,0,0,0,0,0,0,0,0,0,0,9.40866,9.40866
rain_paisage.jpg,9,dynamic_8,0,0,0,0,0,0,0,0,0,0,0,0,0,0,0,0,0,8335.52,8335.52
sky.jpg,9,dynamic_8,0,0,0,0,0,0,0,0,0,0,0,0,0,0,0,0,0,2672.84,2672.84
stars.jpg,9,dynamic_8,0,0,0,0,0,0,0,0,0,0,0,0,0,0,0,0,0,4288.93,4288.93
4000x3000.png,9,dynamic_32,0,0,0,0,0,0,0,0,0,0,0,0,0,0,0,0,0,497.273,497.273
6000x6000.png,9,dynamic_32,0,0,0,0,0,0,0,0,0,0,0,0,0,0,0,0,0,1444.37,1444.37
8k.jpeg,9,dynamic_32,0,0,0,0,0,0,0,0,0,0,0,0,0,0,0,0,0,121.815,121.815
city.jpg,9,dynamic_32,0,0,0,0,0,0,0,0,0,0,0,0,0,0,0,0,0,3528.51,3528.51
city2.jpg,9,dynamic_32,0,0,0,0,0,0,0,0,0,0,0,0,0,0,0,0,0,4006.74,4006.74
firework.jpg,9,dynamic_32,0,0,0,0,0,0,0,0,0,0,0,0,0,0,0,0,0,7930.96,7930.96
flor1.jpg,9,dynamic_32,0,0,0,0,0,0,0,0,0,0,0,0,0,0,0,0,0,3774.31,3774.31
flor2.jpg,9,dynamic_32,0,0,0,0,0,0,0,0,0,0,0,0,0,0,0,0,0,424.151,424.151
monument.jpg,9,dynamic_32,0,0,0,0,0,0,0,0,0,0,0,0,0,0,0,0,0,6726.76,6726.76
poke.jpg,9,dynamic_32,0,0,0,0,0,0,0,0,0,0,0,0,0,0,0,0,0,11.4547,11.4547
rain_paisage.jpg,9,dynamic_32,0,0,0,0,0,0,0,0,0,0,0,0,0,0,0,0,0,8322.69,8322.69
sky.jpg,9,dynamic_32,0,0,0,0,0,0,0,0,0,0,0,0,0,0,0,0,0,2692.24,2692.24
stars.jpg,9,dynamic_32,0,0,0,0,0,0,0,0,0,0,0,0,0,0,0,0,0,4284.78,4284.78
4000x3000.png,9,dynamic_64,0,0,0,0,0,0,0,0,0,0,0,0,0,0,0,0,0,509.973,509.973
6000x6000.png,9,dynamic_64,0,0,0,0,0,0,0,0,0,0,0,0,0,0,0,0,0,1460.67,1460.67
8k.jpeg,9,dynamic_64,0,0,0,0,0,0,0,0,0,0,0,0,0,0,0,0,0,130.735,130.735
city.jpg,9,dynamic_64,0,0,0,0,0,0,0,0,0,0,0,0,0,0,0,0,0,3563.25,3563.25
city2.jpg,9,dynamic_64,0,0,0,0,0,0,0,0,0,0,0,0,0,0,0,0,0,4057.98,4057.98
firework.jpg,9,dynamic_64,0,0,0,0,0,0,0,0,0,0,0,0,0,0,0,0,0,7973.87,7973.87
flor1.jpg,9,dynamic_64,0,0,0,0,0,0,0,0,0,0,0,0,0,0,0,0,0,3814.99,3814.99
flor2.jpg,9,dynamic_64,0,0,0,0,0,0,0,0,0,0,0,0,0,0,0,0,0,437.306,437.306
monument.jpg,9,dynamic_64,0,0,0,0,0,0,0,0,0,0,0,0,0,0,0,0,0,6787.45,6787.45
poke.jpg,9,dynamic_64,0,0,0,0,0,0,0,0,0,0,0,0,0,0,0,0,0,12.9463,12.9463
rain_paisage.jpg,9,dynamic_64,0,0,0,0,0,0,0,0,0,0,0,0,0,0,0,0,0,8393.44,8393.44
sky.jpg,9,dynamic_64,0,0,0,0,0,0,0,0,0,0,0,0,0,0,0,0,0,2695.34,2695.34
stars.jpg,9,dynamic_64,0,0,0,0,0,0,0,0,0,0,0,0,0,0,0,0,0,4327.51,4327.51
4000x3000.png,9,dynamic_128,0,0,0,0,0,0,0,0,0,0,0,0,0,0,0,0,0,513.95,513.95
6000x6000.png,9,dynamic_128,0,0,0,0,0,0,0,0,0,0,0,0,0,0,0,0,0,1507.21,1507.21
8k.jpeg,9,dynamic_128,0,0,0,0,0,0,0,0,0,0,0,0,0,0,0,0,0,149.849,149.849
city.jpg,9,dynamic_128,0,0,0,0,0,0,0,0,0,0,0,0,0,0,0,0,0,3586.45,3586.45
city2.jpg,9,dynamic_128,0,0,0,0,0,0,0,0,0,0,0,0,0,0,0,0,0,4074.92,4074.92
firework.jpg,9,dynamic_128,0,0,0,0,0,0,0,0,0,0,0,0,0,0,0,0,0,8061.71,8061.71
flor1.jpg,9,dynamic_128,0,0,0,0,0,0,0,0,0,0,0,0,0,0,0,0,0,3867.27,3867.27
flor2.jpg,9,dynamic_128,0,0,0,0,0,0,0,0,0,0,0,0,0,0,0,0,0,459.099,459.099
monument.jpg,9,dynamic_128,0,0,0,0,0,0,0,0,0,0,0,0,0,0,0,0,0,6762.15,6762.15
poke.jpg,9,dynamic_128,0,0,0,0,0,0,0,0,0,0,0,0,0,0,0,0,0,19.7758,19.7758
rain_paisage.jpg,9,dynamic_128,0,0,0,0,0,0,0,0,0,0,0,0,0,0,0,0,0,8402.07,8402.07
sky.jpg,9,dynamic_128,0,0,0,0,0,0,0,0,0,0,0,0,0,0,0,0,0,2683.38,2683.38
stars.jpg,9,dynamic_128,0,0,0,0,0,0,0,0,0,0,0,0,0,0,0,0,0,4425.95,4425.95
4000x3000.png,10,dynamic_16,7.08278,2.5498,9.40802,2.12326,28.5837,13.489,5.97332,9.70189,15.3759,14.8295,14.3442,14.3612,60.1116,108.122,180.932,273.116,402.974,441.507,1604.59
6000x6000.png,10,dynamic_16,18.8584,7.41901,27.8477,5.97063,77.369,40.0986,15.7581,28.8565,48.0698,42.9019,36.2388,35.5132,178.812,325.685,541.541,819.812,1202.24,1305.07,4758.06
8k.jpeg,10,dynamic_16,2.73494,1.13931,2.35153,0.359502,6.20829,3.26604,1.3591,2.34333,4.15411,3.48401,7.30185,2.55881,14.1054,31.2318,42.7747,73.9329,105.635,105.331,410.271
city.jpg,10,dynamic_16,44.3126,17.3836,65.5645,16.1914,201.167,94.4887,37.5848,67.7938,113.38,98.2325,78.6529,79.2428,415.846,753.888,1282.24,2093.45,3068.04,3214.23,11741.7
city2.jpg,10,dynamic_16,50.3289,23.917,74.6046,18.604,227.737,106.966,42.8766,75.5841,115.452,112.529,89.7007,87.6414,472.929,858.806,1444.97,2186.97,3212.02,3613.34,12815
firework.jpg,10,dynamic_16,97.1918,38.638,143.617,36.9408,398.99,206.862,81.1562,146.544,0.000355,216.184,180.458,179.075,913.061,1657.89,2801.94,4237.11,6236.53,7185.68,24757.9
flor1.jpg,10,dynamic_16,60.7656,17.9943,77.0633,16.604,211.065,98.8816,38.1268,68.9936,106.036,102.232,86.8556,85.5241,433.872,782.84,1318.58,1997.73,2941.51,3407.73,11852.4
flor2.jpg,10,dynamic_16,5.26136,2.11163,7.76729,1.00006,23.3427,11.0664,4.42491,7.84367,12.5228,11.3847,11.5687,12.3537,49.2359,88.6779,148.955,226.657,333.849,374.843,1332.87
monument.jpg,10,dynamic_16,88.3191,34.8848,130.448,33.4385,400.526,187.956,89.0799,150.23,205.82,196.239,156.897,153.927,852.918,1505.58,2546.21,3874.36,5638.99,6111.17,22357
poke.jpg,10,dynamic_16,0.24558,0.060485,0.182621,0.056235,0.508533,0.259967,0.104727,1.13595,0.229899,0.268602,0.153411,0.178815,1.16824,2.00111,3.43592,5.1647,7.41113,8.98636,31.5523
rain_paisage.jpg,10,dynamic_16,104.411,40.2986,154.572,34.1962,478.991,223.846,87.4621,162.384,0.000549,230.833,180.906,210.638,988.151,1788.47,3019.08,4960.64,7135.34,7540.3,27340.5
sky.jpg,10,dynamic_16,58.056,21.4846,71.9609,17.6256,160.347,74.3458,30.0619,83.1458,78.5655,75.6696,74.092,58.716,311.982,571.026,964.292,1495.12,2139.23,2411.39,8697.1
stars.jpg,10,dynamic_16,58.4432,23.9188,86.4158,22.7124,240.071,124.529,49.4988,90.5685,135.759,130.247,101.957,103.737,572.251,1011.14,1710.71,2594.53,3760.96,3874.44,14691.9
4000x3000.png,10,static,0,0,0,0,0,0,0,0,0,0,0,0,0,0,0,0,0,480.262,480.262
6000x6000.png,10,static,0,0,0,0,0,0,0,0,0,0,0,0,0,0,0,0,0,1417.94,1417.94
8k.jpeg,10,static,0,0,0,0,0,0,0,0,0,0,0,0,0,0,0,0,0,123.296,123.296
city.jpg,10,static,0,0,0,0,0,0,0,0,0,0,0,0,0,0,0,0,0,4125.9,4125.9
city2.jpg,10,static,0,0,0,0,0,0,0,0,0,0,0,0,0,0,0,0,0,4032.49,4032.49
firework.jpg,10,static,0,0,0,0,0,0,0,0,0,0,0,0,0,0,0,0,0,8969.51,8969.51
flor1.jpg,10,static,0,0,0,0,0,0,0,0,0,0,0,0,0,0,0,0,0,4019.31,4019.31
flor2.jpg,10,static,0,0,0,0,0,0,0,0,0,0,0,0,0,0,0,0,0,406.773,406.773
monument.jpg,10,static,0,0,0,0,0,0,0,0,0,0,0,0,0,0,0,0,0,8062,8062
poke.jpg,10,static,0,0,0,0,0,0,0,0,0,0,0,0,0,0,0,0,0,8.95585,8.95585
rain_paisage.jpg,10,static,0,0,0,0,0,0,0,0,0,0,0,0,0,0,0,0,0,9818.21,9818.21
sky.jpg,10,static,0,0,0,0,0,0,0,0,0,0,0,0,0,0,0,0,0,2547.43,2547.43
stars.jpg,10,static,0,0,0,0,0,0,0,0,0,0,0,0,0,0,0,0,0,4104.84,4104.84
4000x3000.png,10,dynamic_1,0,0,0,0,0,0,0,0,0,0,0,0,0,0,0,0,0,440.7,440.7
6000x6000.png,10,dynamic_1,0,0,0,0,0,0,0,0,0,0,0,0,0,0,0,0,0,1300.13,1300.13
8k.jpeg,10,dynamic_1,0,0,0,0,0,0,0,0,0,0,0,0,0,0,0,0,0,104.088,104.088
city.jpg,10,dynamic_1,0,0,0,0,0,0,0,0,0,0,0,0,0,0,0,0,0,3189.67,3189.67
city2.jpg,10,dynamic_1,0,0,0,0,0,0,0,0,0,0,0,0,0,0,0,0,0,3628.38,3628.38
firework.jpg,10,dynamic_1,0,0,0,0,0,0,0,0,0,0,0,0,0,0,0,0,0,7177.62,7177.62
flor1.jpg,10,dynamic_1,0,0,0,0,0,0,0,0,0,0,0,0,0,0,0,0,0,3407.88,3407.88
flor2.jpg,10,dynamic_1,0,0,0,0,0,0,0,0,0,0,0,0,0,0,0,0,0,376.222,376.222
monument.jpg,10,dynamic_1,0,0,0,0,0,0,0,0,0,0,0,0,0,0,0,0,0,6084.66,6084.66
poke.jpg,10,dynamic_1,0,0,0,0,0,0,0,0,0,0,0,0,0,0,0,0,0,8.37395,8.37395
rain_paisage.jpg,10,dynamic_1,0,0,0,0,0,0,0,0,0,0,0,0,0,0,0,0,0,7561.76,7561.76
sky.jpg,10,dynamic_1,0,0,0,0,0,0,0,0,0,0,0,0,0,0,0,0,0,2436.86,2436.86
stars.jpg,10,dynamic_1,0,0,0,0,0,0,0,0,0,0,0,0,0,0,0,0,0,3896.02,3896.02
4000x3000.png,10,dynamic_2,0,0,0,0,0,0,0,0,0,0,0,0,0,0,0,0,0,439.873,439.873
6000x6000.png,10,dynamic_2,0,0,0,0,0,0,0,0,0,0,0,0,0,0,0,0,0,1301.21,1301.21
8k.jpeg,10,dynamic_2,0,0,0,0,0,0,0,0,0,0,0,0,0,0,0,0,0,103.84,103.84
city.jpg,10,dynamic_2,0,0,0,0,0,0,0,0,0,0,0,0,0,0,0,0,0,3188.35,3188.35
city2.jpg,10,dynamic_2,0,0,0,0,0,0,0,0,0,0,0,0,0,0,0,0,0,3615.34,3615.34
firework.jpg,10,dynamic_2,0,0,0,0,0,0,0,0,0,0,0,0,0,0,0,0,0,7173.06,7173.06
flor1.jpg,10,dynamic_2,0,0,0,0,0,0,0,0,0,0,0,0,0,0,0,0,0,3408.85,3408.85
flor2.jpg,10,dynamic_2,0,0,0,0,0,0,0,0,0,0,0,0,0,0,0,0,0,375.687,375.687
monument.jpg,10,dynamic_2,0,0,0,0,0,0,0,0,0,0,0,0,0,0,0,0,0,6070.34,6070.34
poke.jpg,10,dynamic_2,0,0,0,0,0,0,0,0,0,0,0,0,0,0,0,0,0,8.3078,8.3078
rain_paisage.jpg,10,dynamic_2,0,0,0,0,0,0,0,0,0,0,0,0,0,0,0,0,0,7548.94,7548.94
sky.jpg,10,dynamic_2,0,0,0,0,0,0,0,0,0,0,0,0,0,0,0,0,0,2413.82,2413.82
stars.jpg,10,dynamic_2,0,0,0,0,0,0,0,0,0,0,0,0,0,0,0,0,0,3868.83,3868.83
4000x3000.png,10,dynamic_4,0,0,0,0,0,0,0,0,0,0,0,0,0,0,0,0,0,441.024,441.024
6000x6000.png,10,dynamic_4,0,0,0,0,0,0,0,0,0,0,0,0,0,0,0,0,0,1298.82,1298.82
8k.jpeg,10,dynamic_4,0,0,0,0,0,0,0,0,0,0,0,0,0,0,0,0,0,104.459,104.459
city.jpg,10,dynamic_4,0,0,0,0,0,0,0,0,0,0,0,0,0,0,0,0,0,3176.97,3176.97
city2.jpg,10,dynamic_4,0,0,0,0,0,0,0,0,0,0,0,0,0,0,0,0,0,3618.56,3618.56
firework.jpg,10,dynamic_4,0,0,0,0,0,0,0,0,0,0,0,0,0,0,0,0,0,7174.38,7174.38
flor1.jpg,10,dynamic_4,0,0,0,0,0,0,0,0,0,0,0,0,0,0,0,0,0,3409.97,3409.97
flor2.jpg,10,dynamic_4,0,0,0,0,0,0,0,0,0,0,0,0,0,0,0,0,0,376.094,376.094
monument.jpg,10,dynamic_4,0,0,0,0,0,0,0,0,0,0,0,0,0,0,0,0,0,6076.86,6076.86
poke.jpg,10,dynamic_4,0,0,0,0,0,0,0,0,0,0,0,0,0,0,0,0,0,8.32882,8.32882
rain_paisage.jpg,10,dynamic_4,0,0,0,0,0,0,0,0,0,0,0,0,0,0,0,0,0,7541.16,7541.16
sky.jpg,10,dynamic_4,0,0,0,0,0,0,0,0,0,0,0,0,0,0,0,0,0,2416.81,2416.81
stars.jpg,10,dynamic_4,0,0,0,0,0,0,0,0,0,0,0,0,0,0,0,0,0,3868.67,3868.67
4000x3000.png,10,dynamic_8,0,0,0,0,0,0,0,0,0,0,0,0,0,0,0,0,0,442.489,442.489
6000x6000.png,10,dynamic_8,0,0,0,0,0,0,0,0,0,0,0,0,0,0,0,0,0,1301.14,1301.14
8k.jpeg,10,dynamic_8,0,0,0,0,0,0,0,0,0,0,0,0,0,0,0,0,0,104.979,104.979
city.jpg,10,dynamic_8,0,0,0,0,0,0,0,0,0,0,0,0,0,0,0,0,0,3184.58,3184.58
city2.jpg,10,dynamic_8,0,0,0,0,0,0,0,0,0,0,0,0,0,0,0,0,0,3614.4,3614.4
firework.jpg,10,dynamic_8,0,0,0,0,0,0,0,0,0,0,0,0,0,0,0,0,0,7165.45,7165.45
flor1.jpg,10,dynamic_8,0,0,0,0,0,0,0,0,0,0,0,0,0,0,0,0,0,3401.33,3401.33
flor2.jpg,10,dynamic_8,0,0,0,0,0,0,0,0,0,0,0,0,0,0,0,0,0,380.92,380.92
monument.jpg,10,dynamic_8,0,0,0,0,0,0,0,0,0,0,0,0,0,0,0,0,0,6070.96,6070.96
poke.jpg,10,dynamic_8,0,0,0,0,0,0,0,0,0,0,0,0,0,0,0,0,0,8.75733,8.75733
rain_paisage.jpg,10,dynamic_8,0,0,0,0,0,0,0,0,0,0,0,0,0,0,0,0,0,7532.27,7532.27
sky.jpg,10,dynamic_8,0,0,0,0,0,0,0,0,0,0,0,0,0,0,0,0,0,2415.29,2415.29
stars.jpg,10,dynamic_8,0,0,0,0,0,0,0,0,0,0,0,0,0,0,0,0,0,3882.9,3882.9
4000x3000.png,10,dynamic_32,0,0,0,0,0,0,0,0,0,0,0,0,0,0,0,0,0,451.016,451.016
6000x6000.png,10,dynamic_32,0,0,0,0,0,0,0,0,0,0,0,0,0,0,0,0,0,1309.61,1309.61
8k.jpeg,10,dynamic_32,0,0,0,0,0,0,0,0,0,0,0,0,0,0,0,0,0,113.863,113.863
city.jpg,10,dynamic_32,0,0,0,0,0,0,0,0,0,0,0,0,0,0,0,0,0,3187.33,3187.33
city2.jpg,10,dynamic_32,0,0,0,0,0,0,0,0,0,0,0,0,0,0,0,0,0,3639.87,3639.87
firework.jpg,10,dynamic_32,0,0,0,0,0,0,0,0,0,0,0,0,0,0,0,0,0,7180.83,7180.83
flor1.jpg,10,dynamic_32,0,0,0,0,0,0,0,0,0,0,0,0,0,0,0,0,0,3426.21,3426.21
flor2.jpg,10,dynamic_32,0,0,0,0,0,0,0,0,0,0,0,0,0,0,0,0,0,384.744,384.744
monument.jpg,10,dynamic_32,0,0,0,0,0,0,0,0,0,0,0,0,0,0,0,0,0,6076.29,6076.29
poke.jpg,10,dynamic_32,0,0,0,0,0,0,0,0,0,0,0,0,0,0,0,0,0,10.1011,10.1011
rain_paisage.jpg,10,dynamic_32,0,0,0,0,0,0,0,0,0,0,0,0,0,0,0,0,0,7525.85,7525.85
sky.jpg,10,dynamic_32,0,0,0,0,0,0,0,0,0,0,0,0,0,0,0,0,0,2412.44,2412.44
stars.jpg,10,dynamic_32,0,0,0,0,0,0,0,0,0,0,0,0,0,0,0,0,0,3876.76,3876.76
4000x3000.png,10,dynamic_64,0,0,0,0,0,0,0,0,0,0,0,0,0,0,0,0,0,461.165,461.165
6000x6000.png,10,dynamic_64,0,0,0,0,0,0,0,0,0,0,0,0,0,0,0,0,0,1321.29,1321.29
8k.jpeg,10,dynamic_64,0,0,0,0,0,0,0,0,0,0,0,0,0,0,0,0,0,121.662,121.662
city.jpg,10,dynamic_64,0,0,0,0,0,0,0,0,0,0,0,0,0,0,0,0,0,3211.98,3211.98
city2.jpg,10,dynamic_64,0,0,0,0,0,0,0,0,0,0,0,0,0,0,0,0,0,3655.72,3655.72
firework.jpg,10,dynamic_64,0,0,0,0,0,0,0,0,0,0,0,0,0,0,0,0,0,7218.55,7218.55
flor1.jpg,10,dynamic_64,0,0,0,0,0,0,0,0,0,0,0,0,0,0,0,0,0,3459.85,3459.85
flor2.jpg,10,dynamic_64,0,0,0,0,0,0,0,0,0,0,0,0,0,0,0,0,0,389.93,389.93
monument.jpg,10,dynamic_64,0,0,0,0,0,0,0,0,0,0,0,0,0,0,0,0,0,6096.33,6096.33
poke.jpg,10,dynamic_64,0,0,0,0,0,0,0,0,0,0,0,0,0,0,0,0,0,12.0694,12.0694
rain_paisage.jpg,10,dynamic_64,0,0,0,0,0,0,0,0,0,0,0,0,0,0,0,0,0,7564.52,7564.52
sky.jpg,10,dynamic_64,0,0,0,0,0,0,0,0,0,0,0,0,0,0,0,0,0,2446.53,2446.53
stars.jpg,10,dynamic_64,0,0,0,0,0,0,0,0,0,0,0,0,0,0,0,0,0,3939.84,3939.84
4000x3000.png,10,dynamic_128,0,0,0,0,0,0,0,0,0,0,0,0,0,0,0,0,0,489.274,489.274
6000x6000.png,10,dynamic_128,0,0,0,0,0,0,0,0,0,0,0,0,0,0,0,0,0,1354.84,1354.84
8k.jpeg,10,dynamic_128,0,0,0,0,0,0,0,0,0,0,0,0,0,0,0,0,0,146.477,146.477
city.jpg,10,dynamic_128,0,0,0,0,0,0,0,0,0,0,0,0,0,0,0,0,0,3263.56,3263.56
city2.jpg,10,dynamic_128,0,0,0,0,0,0,0,0,0,0,0,0,0,0,0,0,0,3696.42,3696.42
firework.jpg,10,dynamic_128,0,0,0,0,0,0,0,0,0,0,0,0,0,0,0,0,0,7245.1,7245.1
flor1.jpg,10,dynamic_128,0,0,0,0,0,0,0,0,0,0,0,0,0,0,0,0,0,3554.74,3554.74
flor2.jpg,10,dynamic_128,0,0,0,0,0,0,0,0,0,0,0,0,0,0,0,0,0,405.799,405.799
monument.jpg,10,dynamic_128,0,0,0,0,0,0,0,0,0,0,0,0,0,0,0,0,0,6125.07,6125.07
poke.jpg,10,dynamic_128,0,0,0,0,0,0,0,0,0,0,0,0,0,0,0,0,0,19.4233,19.4233
rain_paisage.jpg,10,dynamic_128,0,0,0,0,0,0,0,0,0,0,0,0,0,0,0,0,0,7598.17,7598.17
sky.jpg,10,dynamic_128,0,0,0,0,0,0,0,0,0,0,0,0,0,0,0,0,0,2518.52,2518.52
stars.jpg,10,dynamic_128,0,0,0,0,0,0,0,0,0,0,0,0,0,0,0,0,0,3946.31,3946.31
4000x3000.png,11,dynamic_16,6.43325,2.26996,8.55388,1.69204,25.7383,12.2321,4.86752,8.84283,14.6738,13.5162,13.8673,13.8885,54.4595,97.5757,166.535,249.378,367.245,402.628,1464.4
6000x6000.png,11,dynamic_16,17.541,9.86355,25.4522,5.50323,70.5993,36.5842,14.389,26.354,40.3688,38.9175,36.1811,34.0022,163.178,291.788,494.182,776.169,1098.83,1191.26,4371.17
8k.jpeg,11,dynamic_16,1.45248,0.680563,2.1781,0.359912,5.66234,3.01004,1.21802,2.17955,3.643,3.24764,7.54673,2.35669,12.8424,23.0493,38.8562,58.8962,86.2717,96.2755,349.726
city.jpg,11,dynamic_16,40.6183,15.9306,60.8356,16.5343,183.27,86.3427,33.823,61.5438,104.877,89.2555,74.8754,73.3034,377.465,688.258,1161.77,1908.09,2745.84,2906.14,10628.8
city2.jpg,11,dynamic_16,45.625,18.3399,67.7287,17.1994,206.96,97.1102,38.2162,68.7462,106.542,102.037,84.8317,83.4158,428.261,780.881,1324.48,2006.39,2928.17,3318.65,11723.6
firework.jpg,11,dynamic_16,88.5689,36.9927,130.703,39.9412,361.627,188.562,74.0579,133.708,0.000489,196.559,173.889,172.485,835.659,1504.52,2555.18,3871.5,5680.77,6599.57,22644.3
flor1.jpg,11,dynamic_16,45.7302,16.6073,61.5432,15.645,188.539,88.7339,34.6566,62.9047,96.5978,93.0397,82.789,82.1963,394.698,712.192,1216.55,1818.25,2693.9,3131.46,10836
flor2.jpg,11,dynamic_16,4.81402,1.90532,7.04669,0.93305,21.157,10.0719,4.01664,7.09966,11.596,10.3452,11.1617,11.9019,44.8444,80.7058,135.764,206.623,302.519,347.349,1219.85
monument.jpg,11,dynamic_16,80.167,33.9922,122.798,26.6345,366.385,170.569,67.0391,122.626,187.735,178.661,148.389,145.795,760.556,1367.66,2321.67,3555.83,5150.93,5566.44,20373.9
poke.jpg,11,dynamic_16,0.214247,0.052581,0.167341,0.078733,0.466093,0.237721,0.097159,0.730858,0.243328,0.255309,0.166098,0.183419,1.06612,1.8393,3.15985,4.6024,6.80284,7.83995,28.2034
rain_paisage.jpg,11,dynamic_16,100.364,39.0211,141.238,38.1535,431.785,203.003,79.5957,161.56,0.000461,219.373,170.866,174.952,898.63,1625.3,2762.82,4554.32,6481.73,6897.66,24980.4
sky.jpg,11,dynamic_16,30.8259,12.149,45.0703,11.0573,138.46,64.9985,26.109,45.7646,71.4554,68.4272,56.8368,55.8994,285.206,518.888,876.788,1333.07,1948.07,2204.23,7793.31
stars.jpg,11,dynamic_16,53.3476,21.0992,78.8617,20.3201,218.795,114.28,45.7102,83.0578,125.039,121.535,96.0321,98.199,523.596,924.754,1546.61,2347.98,3420.11,3557.03,13396.4
4000x3000.png,11,static,0,0,0,0,0,0,0,0,0,0,0,0,0,0,0,0,0,444.25,444.25
6000x6000.png,11,static,0,0,0,0,0,0,0,0,0,0,0,0,0,0,0,0,0,1310.46,1310.46
8k.jpeg,11,static,0,0,0,0,0,0,0,0,0,0,0,0,0,0,0,0,0,115.455,115.455
city.jpg,11,static,0,0,0,0,0,0,0,0,0,0,0,0,0,0,0,0,0,3793.08,3793.08
city2.jpg,11,static,0,0,0,0,0,0,0,0,0,0,0,0,0,0,0,0,0,3726.2,3726.2
firework.jpg,11,static,0,0,0,0,0,0,0,0,0,0,0,0,0,0,0,0,0,8213.21,8213.21
flor1.jpg,11,static,0,0,0,0,0,0,0,0,0,0,0,0,0,0,0,0,0,3674.9,3674.9
flor2.jpg,11,static,0,0,0,0,0,0,0,0,0,0,0,0,0,0,0,0,0,371.103,371.103
monument.jpg,11,static,0,0,0,0,0,0,0,0,0,0,0,0,0,0,0,0,0,7363.98,7363.98
poke.jpg,11,static,0,0,0,0,0,0,0,0,0,0,0,0,0,0,0,0,0,8.41077,8.41077
rain_paisage.jpg,11,static,0,0,0,0,0,0,0,0,0,0,0,0,0,0,0,0,0,9004.61,9004.61
sky.jpg,11,static,0,0,0,0,0,0,0,0,0,0,0,0,0,0,0,0,0,2317.89,2317.89
stars.jpg,11,static,0,0,0,0,0,0,0,0,0,0,0,0,0,0,0,0,0,3767.97,3767.97
4000x3000.png,11,dynamic_1,0,0,0,0,0,0,0,0,0,0,0,0,0,0,0,0,0,402.081,402.081
6000x6000.png,11,dynamic_1,0,0,0,0,0,0,0,0,0,0,0,0,0,0,0,0,0,1189.1,1189.1
8k.jpeg,11,dynamic_1,0,0,0,0,0,0,0,0,0,0,0,0,0,0,0,0,0,95.1689,95.1689
city.jpg,11,dynamic_1,0,0,0,0,0,0,0,0,0,0,0,0,0,0,0,0,0,2920,2920
city2.jpg,11,dynamic_1,0,0,0,0,0,0,0,0,0,0,0,0,0,0,0,0,0,3316.85,3316.85
firework.jpg,11,dynamic_1,0,0,0,0,0,0,0,0,0,0,0,0,0,0,0,0,0,6551.73,6551.73
flor1.jpg,11,dynamic_1,0,0,0,0,0,0,0,0,0,0,0,0,0,0,0,0,0,3120.41,3120.41
flor2.jpg,11,dynamic_1,0,0,0,0,0,0,0,0,0,0,0,0,0,0,0,0,0,345.636,345.636
monument.jpg,11,dynamic_1,0,0,0,0,0,0,0,0,0,0,0,0,0,0,0,0,0,5587.32,5587.32
poke.jpg,11,dynamic_1,0,0,0,0,0,0,0,0,0,0,0,0,0,0,0,0,0,7.65555,7.65555
rain_paisage.jpg,11,dynamic_1,0,0,0,0,0,0,0,0,0,0,0,0,0,0,0,0,0,6911.64,6911.64
sky.jpg,11,dynamic_1,0,0,0,0,0,0,0,0,0,0,0,0,0,0,0,0,0,2199.39,2199.39
stars.jpg,11,dynamic_1,0,0,0,0,0,0,0,0,0,0,0,0,0,0,0,0,0,3554.26,3554.26
4000x3000.png,11,dynamic_2,0,0,0,0,0,0,0,0,0,0,0,0,0,0,0,0,0,401.869,401.869
6000x6000.png,11,dynamic_2,0,0,0,0,0,0,0,0,0,0,0,0,0,0,0,0,0,1184.92,1184.92
8k.jpeg,11,dynamic_2,0,0,0,0,0,0,0,0,0,0,0,0,0,0,0,0,0,95.238,95.238
city.jpg,11,dynamic_2,0,0,0,0,0,0,0,0,0,0,0,0,0,0,0,0,0,2910.46,2910.46
city2.jpg,11,dynamic_2,0,0,0,0,0,0,0,0,0,0,0,0,0,0,0,0,0,3308.52,3308.52
firework.jpg,11,dynamic_2,0,0,0,0,0,0,0,0,0,0,0,0,0,0,0,0,0,6558.19,6558.19
flor1.jpg,11,dynamic_2,0,0,0,0,0,0,0,0,0,0,0,0,0,0,0,0,0,3112.16,3112.16
flor2.jpg,11,dynamic_2,0,0,0,0,0,0,0,0,0,0,0,0,0,0,0,0,0,356.747,356.747
monument.jpg,11,dynamic_2,0,0,0,0,0,0,0,0,0,0,0,0,0,0,0,0,0,5584.68,5584.68
poke.jpg,11,dynamic_2,0,0,0,0,0,0,0,0,0,0,0,0,0,0,0,0,0,7.73512,7.73512
rain_paisage.jpg,11,dynamic_2,0,0,0,0,0,0,0,0,0,0,0,0,0,0,0,0,0,6903.56,6903.56
sky.jpg,11,dynamic_2,0,0,0,0,0,0,0,0,0,0,0,0,0,0,0,0,0,2215.96,2215.96
stars.jpg,11,dynamic_2,0,0,0,0,0,0,0,0,0,0,0,0,0,0,0,0,0,3550.88,3550.88
4000x3000.png,11,dynamic_4,0,0,0,0,0,0,0,0,0,0,0,0,0,0,0,0,0,403.348,403.348
6000x6000.png,11,dynamic_4,0,0,0,0,0,0,0,0,0,0,0,0,0,0,0,0,0,1192.29,1192.29
8k.jpeg,11,dynamic_4,0,0,0,0,0,0,0,0,0,0,0,0,0,0,0,0,0,96.3539,96.3539
city.jpg,11,dynamic_4,0,0,0,0,0,0,0,0,0,0,0,0,0,0,0,0,0,2913.12,2913.12
city2.jpg,11,dynamic_4,0,0,0,0,0,0,0,0,0,0,0,0,0,0,0,0,0,3299.31,3299.31
firework.jpg,11,dynamic_4,0,0,0,0,0,0,0,0,0,0,0,0,0,0,0,0,0,6544.96,6544.96
flor1.jpg,11,dynamic_4,0,0,0,0,0,0,0,0,0,0,0,0,0,0,0,0,0,3111.44,3111.44
flor2.jpg,11,dynamic_4,0,0,0,0,0,0,0,0,0,0,0,0,0,0,0,0,0,343.682,343.682
monument.jpg,11,dynamic_4,0,0,0,0,0,0,0,0,0,0,0,0,0,0,0,0,0,5562.4,5562.4
poke.jpg,11,dynamic_4,0,0,0,0,0,0,0,0,0,0,0,0,0,0,0,0,0,7.77853,7.77853
rain_paisage.jpg,11,dynamic_4,0,0,0,0,0,0,0,0,0,0,0,0,0,0,0,0,0,6878.87,6878.87
sky.jpg,11,dynamic_4,0,0,0,0,0,0,0,0,0,0,0,0,0,0,0,0,0,2198.77,2198.77
stars.jpg,11,dynamic_4,0,0,0,0,0,0,0,0,0,0,0,0,0,0,0,0,0,3536.17,3536.17
4000x3000.png,11,dynamic_8,0,0,0,0,0,0,0,0,0,0,0,0,0,0,0,0,0,405.163,405.163
6000x6000.png,11,dynamic_8,0,0,0,0,0,0,0,0,0,0,0,0,0,0,0,0,0,1186.42,1186.42
8k.jpeg,11,dynamic_8,0,0,0,0,0,0,0,0,0,0,0,0,0,0,0,0,0,96.4978,96.4978
city.jpg,11,dynamic_8,0,0,0,0,0,0,0,0,0,0,0,0,0,0,0,0,0,2903.92,2903.92
city2.jpg,11,dynamic_8,0,0,0,0,0,0,0,0,0,0,0,0,0,0,0,0,0,3300.44,3300.44
firework.jpg,11,dynamic_8,0,0,0,0,0,0,0,0,0,0,0,0,0,0,0,0,0,6553.23,6553.23
flor1.jpg,11,dynamic_8,0,0,0,0,0,0,0,0,0,0,0,0,0,0,0,0,0,3120.26,3120.26
flor2.jpg,11,dynamic_8,0,0,0,0,0,0,0,0,0,0,0,0,0,0,0,0,0,345.783,345.783
monument.jpg,11,dynamic_8,0,0,0,0,0,0,0,0,0,0,0,0,0,0,0,0,0,5575.18,5575.18
poke.jpg,11,dynamic_8,0,0,0,0,0,0,0,0,0,0,0,0,0,0,0,0,0,7.91295,7.91295
rain_paisage.jpg,11,dynamic_8,0,0,0,0,0,0,0,0,0,0,0,0,0,0,0,0,0,6895.39,6895.39
sky.jpg,11,dynamic_8,0,0,0,0,0,0,0,0,0,0,0,0,0,0,0,0,0,2200.24,2200.24
stars.jpg,11,dynamic_8,0,0,0,0,0,0,0,0,0,0,0,0,0,0,0,0,0,3540.43,3540.43
4000x3000.png,11,dynamic_32,0,0,0,0,0,0,0,0,0,0,0,0,0,0,0,0,0,411.437,411.437
6000x6000.png,11,dynamic_32,0,0,0,0,0,0,0,0,0,0,0,0,0,0,0,0,0,1189.47,1189.47
8k.jpeg,11,dynamic_32,0,0,0,0,0,0,0,0,0,0,0,0,0,0,0,0,0,103.764,103.764
city.jpg,11,dynamic_32,0,0,0,0,0,0,0,0,0,0,0,0,0,0,0,0,0,2918.42,2918.42
city2.jpg,11,dynamic_32,0,0,0,0,0,0,0,0,0,0,0,0,0,0,0,0,0,3353.84,3353.84
firework.jpg,11,dynamic_32,0,0,0,0,0,0,0,0,0,0,0,0,0,0,0,0,0,6578.87,6578.87
flor1.jpg,11,dynamic_32,0,0,0,0,0,0,0,0,0,0,0,0,0,0,0,0,0,3134.24,3134.24
flor2.jpg,11,dynamic_32,0,0,0,0,0,0,0,0,0,0,0,0,0,0,0,0,0,353.402,353.402
monument.jpg,11,dynamic_32,0,0,0,0,0,0,0,0,0,0,0,0,0,0,0,0,0,5566.92,5566.92
poke.jpg,11,dynamic_32,0,0,0,0,0,0,0,0,0,0,0,0,0,0,0,0,0,8.30193,8.30193
rain_paisage.jpg,11,dynamic_32,0,0,0,0,0,0,0,0,0,0,0,0,0,0,0,0,0,6918.87,6918.87
sky.jpg,11,dynamic_32,0,0,0,0,0,0,0,0,0,0,0,0,0,0,0,0,0,2223.31,2223.31
stars.jpg,11,dynamic_32,0,0,0,0,0,0,0,0,0,0,0,0,0,0,0,0,0,3568.17,3568.17
4000x3000.png,11,dynamic_64,0,0,0,0,0,0,0,0,0,0,0,0,0,0,0,0,0,431.176,431.176
6000x6000.png,11,dynamic_64,0,0,0,0,0,0,0,0,0,0,0,0,0,0,0,0,0,1208.79,1208.79
8k.jpeg,11,dynamic_64,0,0,0,0,0,0,0,0,0,0,0,0,0,0,0,0,0,113.176,113.176
city.jpg,11,dynamic_64,0,0,0,0,0,0,0,0,0,0,0,0,0,0,0,0,0,2941.31,2941.31
city2.jpg,11,dynamic_64,0,0,0,0,0,0,0,0,0,0,0,0,0,0,0,0,0,3345.14,3345.14
firework.jpg,11,dynamic_64,0,0,0,0,0,0,0,0,0,0,0,0,0,0,0,0,0,6622.71,6622.71
flor1.jpg,11,dynamic_64,0,0,0,0,0,0,0,0,0,0,0,0,0,0,0,0,0,3154.2,3154.2
flor2.jpg,11,dynamic_64,0,0,0,0,0,0,0,0,0,0,0,0,0,0,0,0,0,364.949,364.949
monument.jpg,11,dynamic_64,0,0,0,0,0,0,0,0,0,0,0,0,0,0,0,0,0,5585.39,5585.39
poke.jpg,11,dynamic_64,0,0,0,0,0,0,0,0,0,0,0,0,0,0,0,0,0,11.8593,11.8593
rain_paisage.jpg,11,dynamic_64,0,0,0,0,0,0,0,0,0,0,0,0,0,0,0,0,0,6917.56,6917.56
sky.jpg,11,dynamic_64,0,0,0,0,0,0,0,0,0,0,0,0,0,0,0,0,0,2274.8,2274.8
stars.jpg,11,dynamic_64,0,0,0,0,0,0,0,0,0,0,0,0,0,0,0,0,0,3643.04,3643.04
4000x3000.png,11,dynamic_128,0,0,0,0,0,0,0,0,0,0,0,0,0,0,0,0,0,470.371,470.371
6000x6000.png,11,dynamic_128,0,0,0,0,0,0,0,0,0,0,0,0,0,0,0,0,0,1253.15,1253.15
8k.jpeg,11,dynamic_128,0,0,0,0,0,0,0,0,0,0,0,0,0,0,0,0,0,107.794,107.794
city.jpg,11,dynamic_128,0,0,0,0,0,0,0,0,0,0,0,0,0,0,0,0,0,2992.13,2992.13
city2.jpg,11,dynamic_128,0,0,0,0,0,0,0,0,0,0,0,0,0,0,0,0,0,3412.63,3412.63
firework.jpg,11,dynamic_128,0,0,0,0,0,0,0,0,0,0,0,0,0,0,0,0,0,6630.86,6630.86
flor1.jpg,11,dynamic_128,0,0,0,0,0,0,0,0,0,0,0,0,0,0,0,0,0,3255.99,3255.99
flor2.jpg,11,dynamic_128,0,0,0,0,0,0,0,0,0,0,0,0,0,0,0,0,0,392.554,392.554
monument.jpg,11,dynamic_128,0,0,0,0,0,0,0,0,0,0,0,0,0,0,0,0,0,5630,5630
poke.jpg,11,dynamic_128,0,0,0,0,0,0,0,0,0,0,0,0,0,0,0,0,0,19.456,19.456
rain_paisage.jpg,11,dynamic_128,0,0,0,0,0,0,0,0,0,0,0,0,0,0,0,0,0,6906.54,6906.54
sky.jpg,11,dynamic_128,0,0,0,0,0,0,0,0,0,0,0,0,0,0,0,0,0,2292.77,2292.77
stars.jpg,11,dynamic_128,0,0,0,0,0,0,0,0,0,0,0,0,0,0,0,0,0,3774.76,3774.76
4000x3000.png,12,dynamic_16,6.00697,2.10013,7.87828,1.82387,23.6554,11.2726,4.46869,8.13331,13.2215,12.6271,13.3354,13.6645,50.1827,89.8155,151.128,228.116,334.227,374.97,1346.63
6000x6000.png,12,dynamic_16,15.8096,6.51988,23.38,6.09349,65.125,33.5285,13.7277,24.6828,37.6364,36.3992,32.9512,32.7631,149.428,267.555,452.814,683.632,1028.29,1096.14,4006.48
8k.jpeg,12,dynamic_16,1.34664,0.590049,1.93279,0.359245,5.23217,2.7561,1.15518,2.02067,3.85269,2.98793,3.51068,1.7131,11.8323,21.2289,35.6225,53.8228,79.2134,90.8431,320.02
city.jpg,12,dynamic_16,37.2009,16.0164,54.9308,16.4522,169.573,82.3418,31.019,56.3362,96.168,82.175,74.082,72.2267,346.916,632.65,1065.52,1748.01,2536.21,2687.26,9805.08
city2.jpg,12,dynamic_16,41.9696,17.727,62.0027,18.7082,191.05,89.164,35.8218,63.5827,98.074,93.6549,81.759,80.1692,395.634,717.006,1205.98,1867.73,2701.53,3049.14,10810.7
firework.jpg,12,dynamic_16,80.9487,34.8786,119.973,37.6416,333.359,172.413,67.6434,122.507,0.000388,180.551,164.167,162.495,766.194,1381.09,2339.54,3545.85,5203.77,6092.85,20805.9
flor1.jpg,12,dynamic_16,39.5386,16.1822,56.7036,16.8642,174.54,81.2365,32.0662,57.768,89.4831,87.342,78.9341,77.7939,363.644,654.535,1101.37,1668.62,2451.52,2878.73,9926.87
flor2.jpg,12,dynamic_16,4.53289,1.76232,6.56524,0.974457,19.4241,9.26926,3.71156,7.14443,10.5632,9.59982,10.7207,11.6372,40.7798,73.9993,124.687,189.319,278.261,315.501,1118.45
monument.jpg,12,dynamic_16,73.7775,31.7617,114.906,34.1135,334.91,156.361,61.5324,112.98,173.051,164.047,142.498,140.296,698.335,1256.41,2126,3234.02,4709.1,5120.36,18684.5
poke.jpg,12,dynamic_16,0.212542,0.048833,0.153119,0.041201,0.42846,0.21726,0.109377,0.733718,0.225769,0.227086,0.16228,0.16158,0.963888,1.73964,2.85054,4.34349,6.32219,7.39435,26.3353
rain_paisage.jpg,12,dynamic_16,87.5569,38.159,129.5,41.2653,398.019,186.37,73.0583,134.441,0.00037,192.767,164.258,167.13,824.542,1484.89,2532.19,4162.78,5948.81,6353.94,22919.7
sky.jpg,12,dynamic_16,28.1255,11.89,41.5655,11.9214,127.769,59.4927,23.4521,42.3915,65.4626,63.4581,54.9513,54.0233,261.604,478.166,805.532,1216.66,1796.98,2034.88,7178.33
stars.jpg,12,dynamic_16,48.9145,20.6602,74.3061,22.2071,201.342,103.904,40.8939,75.9986,114.59,109.257,92.4059,94.0266,478.599,858.126,1445.47,2141.67,3140.22,3255.96,12318.5
4000x3000.png,12,static,0,0,0,0,0,0,0,0,0,0,0,0,0,0,0,0,0,414.657,414.657
6000x6000.png,12,static,0,0,0,0,0,0,0,0,0,0,0,0,0,0,0,0,0,1226.71,1226.71
8k.jpeg,12,static,0,0,0,0,0,0,0,0,0,0,0,0,0,0,0,0,0,108.055,108.055
city.jpg,12,static,0,0,0,0,0,0,0,0,0,0,0,0,0,0,0,0,0,3553.25,3553.25
city2.jpg,12,static,0,0,0,0,0,0,0,0,0,0,0,0,0,0,0,0,0,3429.62,3429.62
firework.jpg,12,static,0,0,0,0,0,0,0,0,0,0,0,0,0,0,0,0,0,7693.71,7693.71
flor1.jpg,12,static,0,0,0,0,0,0,0,0,0,0,0,0,0,0,0,0,0,3402.41,3402.41
flor2.jpg,12,static,0,0,0,0,0,0,0,0,0,0,0,0,0,0,0,0,0,346.333,346.333
monument.jpg,12,static,0,0,0,0,0,0,0,0,0,0,0,0,0,0,0,0,0,6818.08,6818.08
poke.jpg,12,static,0,0,0,0,0,0,0,0,0,0,0,0,0,0,0,0,0,7.72713,7.72713
rain_paisage.jpg,12,static,0,0,0,0,0,0,0,0,0,0,0,0,0,0,0,0,0,8291.23,8291.23
sky.jpg,12,static,0,0,0,0,0,0,0,0,0,0,0,0,0,0,0,0,0,2157.67,2157.67
stars.jpg,12,static,0,0,0,0,0,0,0,0,0,0,0,0,0,0,0,0,0,3534.25,3534.25
4000x3000.png,12,dynamic_1,0,0,0,0,0,0,0,0,0,0,0,0,0,0,0,0,0,369.792,369.792
6000x6000.png,12,dynamic_1,0,0,0,0,0,0,0,0,0,0,0,0,0,0,0,0,0,1094.91,1094.91
8k.jpeg,12,dynamic_1,0,0,0,0,0,0,0,0,0,0,0,0,0,0,0,0,0,87.6703,87.6703
city.jpg,12,dynamic_1,0,0,0,0,0,0,0,0,0,0,0,0,0,0,0,0,0,2689.02,2689.02
city2.jpg,12,dynamic_1,0,0,0,0,0,0,0,0,0,0,0,0,0,0,0,0,0,3055.77,3055.77
firework.jpg,12,dynamic_1,0,0,0,0,0,0,0,0,0,0,0,0,0,0,0,0,0,6057.68,6057.68
flor1.jpg,12,dynamic_1,0,0,0,0,0,0,0,0,0,0,0,0,0,0,0,0,0,2870.31,2870.31
flor2.jpg,12,dynamic_1,0,0,0,0,0,0,0,0,0,0,0,0,0,0,0,0,0,316.743,316.743
monument.jpg,12,dynamic_1,0,0,0,0,0,0,0,0,0,0,0,0,0,0,0,0,0,5127.6,5127.6
poke.jpg,12,dynamic_1,0,0,0,0,0,0,0,0,0,0,0,0,0,0,0,0,0,6.99777,6.99777
rain_paisage.jpg,12,dynamic_1,0,0,0,0,0,0,0,0,0,0,0,0,0,0,0,0,0,6372.32,6372.32
sky.jpg,12,dynamic_1,0,0,0,0,0,0,0,0,0,0,0,0,0,0,0,0,0,2033.74,2033.74
stars.jpg,12,dynamic_1,0,0,0,0,0,0,0,0,0,0,0,0,0,0,0,0,0,3260.06,3260.06
4000x3000.png,12,dynamic_2,0,0,0,0,0,0,0,0,0,0,0,0,0,0,0,0,0,377.936,377.936
6000x6000.png,12,dynamic_2,0,0,0,0,0,0,0,0,0,0,0,0,0,0,0,0,0,1096.08,1096.08
8k.jpeg,12,dynamic_2,0,0,0,0,0,0,0,0,0,0,0,0,0,0,0,0,0,87.8439,87.8439
city.jpg,12,dynamic_2,0,0,0,0,0,0,0,0,0,0,0,0,0,0,0,0,0,2696.56,2696.56
city2.jpg,12,dynamic_2,0,0,0,0,0,0,0,0,0,0,0,0,0,0,0,0,0,3050.81,3050.81
firework.jpg,12,dynamic_2,0,0,0,0,0,0,0,0,0,0,0,0,0,0,0,0,0,6046.54,6046.54
flor1.jpg,12,dynamic_2,0,0,0,0,0,0,0,0,0,0,0,0,0,0,0,0,0,2869.37,2869.37
flor2.jpg,12,dynamic_2,0,0,0,0,0,0,0,0,0,0,0,0,0,0,0,0,0,316.565,316.565
monument.jpg,12,dynamic_2,0,0,0,0,0,0,0,0,0,0,0,0,0,0,0,0,0,5158.1,5158.1
poke.jpg,12,dynamic_2,0,0,0,0,0,0,0,0,0,0,0,0,0,0,0,0,0,7.05375,7.05375
rain_paisage.jpg,12,dynamic_2,0,0,0,0,0,0,0,0,0,0,0,0,0,0,0,0,0,6349.39,6349.39
sky.jpg,12,dynamic_2,0,0,0,0,0,0,0,0,0,0,0,0,0,0,0,0,0,2025.79,2025.79
stars.jpg,12,dynamic_2,0,0,0,0,0,0,0,0,0,0,0,0,0,0,0,0,0,3262.02,3262.02
4000x3000.png,12,dynamic_4,0,0,0,0,0,0,0,0,0,0,0,0,0,0,0,0,0,371.714,371.714
6000x6000.png,12,dynamic_4,0,0,0,0,0,0,0,0,0,0,0,0,0,0,0,0,0,1090.11,1090.11
8k.jpeg,12,dynamic_4,0,0,0,0,0,0,0,0,0,0,0,0,0,0,0,0,0,87.8196,87.8196
city.jpg,12,dynamic_4,0,0,0,0,0,0,0,0,0,0,0,0,0,0,0,0,0,2683.54,2683.54
city2.jpg,12,dynamic_4,0,0,0,0,0,0,0,0,0,0,0,0,0,0,0,0,0,3097.05,3097.05
firework.jpg,12,dynamic_4,0,0,0,0,0,0,0,0,0,0,0,0,0,0,0,0,0,6062.86,6062.86
flor1.jpg,12,dynamic_4,0,0,0,0,0,0,0,0,0,0,0,0,0,0,0,0,0,2871.73,2871.73
flor2.jpg,12,dynamic_4,0,0,0,0,0,0,0,0,0,0,0,0,0,0,0,0,0,318.005,318.005
monument.jpg,12,dynamic_4,0,0,0,0,0,0,0,0,0,0,0,0,0,0,0,0,0,5128.43,5128.43
poke.jpg,12,dynamic_4,0,0,0,0,0,0,0,0,0,0,0,0,0,0,0,0,0,7.17053,7.17053
rain_paisage.jpg,12,dynamic_4,0,0,0,0,0,0,0,0,0,0,0,0,0,0,0,0,0,6385.44,6385.44
sky.jpg,12,dynamic_4,0,0,0,0,0,0,0,0,0,0,0,0,0,0,0,0,0,2044.63,2044.63
stars.jpg,12,dynamic_4,0,0,0,0,0,0,0,0,0,0,0,0,0,0,0,0,0,3270.28,3270.28
4000x3000.png,12,dynamic_8,0,0,0,0,0,0,0,0,0,0,0,0,0,0,0,0,0,374.179,374.179
6000x6000.png,12,dynamic_8,0,0,0,0,0,0,0,0,0,0,0,0,0,0,0,0,0,1113.35,1113.35
8k.jpeg,12,dynamic_8,0,0,0,0,0,0,0,0,0,0,0,0,0,0,0,0,0,89.3676,89.3676
city.jpg,12,dynamic_8,0,0,0,0,0,0,0,0,0,0,0,0,0,0,0,0,0,2685.05,2685.05
city2.jpg,12,dynamic_8,0,0,0,0,0,0,0,0,0,0,0,0,0,0,0,0,0,3037.82,3037.82
firework.jpg,12,dynamic_8,0,0,0,0,0,0,0,0,0,0,0,0,0,0,0,0,0,6077.92,6077.92
flor1.jpg,12,dynamic_8,0,0,0,0,0,0,0,0,0,0,0,0,0,0,0,0,0,2895.06,2895.06
flor2.jpg,12,dynamic_8,0,0,0,0,0,0,0,0,0,0,0,0,0,0,0,0,0,317.52,317.52
monument.jpg,12,dynamic_8,0,0,0,0,0,0,0,0,0,0,0,0,0,0,0,0,0,5119.54,5119.54
poke.jpg,12,dynamic_8,0,0,0,0,0,0,0,0,0,0,0,0,0,0,0,0,0,7.34813,7.34813
rain_paisage.jpg,12,dynamic_8,0,0,0,0,0,0,0,0,0,0,0,0,0,0,0,0,0,6343.87,6343.87
sky.jpg,12,dynamic_8,0,0,0,0,0,0,0,0,0,0,0,0,0,0,0,0,0,2360.13,2360.13
stars.jpg,12,dynamic_8,0,0,0,0,0,0,0,0,0,0,0,0,0,0,0,0,0,3326.87,3326.87
4000x3000.png,12,dynamic_32,0,0,0,0,0,0,0,0,0,0,0,0,0,0,0,0,0,377.057,377.057
6000x6000.png,12,dynamic_32,0,0,0,0,0,0,0,0,0,0,0,0,0,0,0,0,0,1099.69,1099.69
8k.jpeg,12,dynamic_32,0,0,0,0,0,0,0,0,0,0,0,0,0,0,0,0,0,96.9586,96.9586
city.jpg,12,dynamic_32,0,0,0,0,0,0,0,0,0,0,0,0,0,0,0,0,0,2698.59,2698.59
city2.jpg,12,dynamic_32,0,0,0,0,0,0,0,0,0,0,0,0,0,0,0,0,0,3060.44,3060.44
firework.jpg,12,dynamic_32,0,0,0,0,0,0,0,0,0,0,0,0,0,0,0,0,0,6064.36,6064.36
flor1.jpg,12,dynamic_32,0,0,0,0,0,0,0,0,0,0,0,0,0,0,0,0,0,2884.29,2884.29
flor2.jpg,12,dynamic_32,0,0,0,0,0,0,0,0,0,0,0,0,0,0,0,0,0,322.757,322.757
monument.jpg,12,dynamic_32,0,0,0,0,0,0,0,0,0,0,0,0,0,0,0,0,0,5156.11,5156.11
poke.jpg,12,dynamic_32,0,0,0,0,0,0,0,0,0,0,0,0,0,0,0,0,0,7.95617,7.95617
rain_paisage.jpg,12,dynamic_32,0,0,0,0,0,0,0,0,0,0,0,0,0,0,0,0,0,6357.36,6357.36
sky.jpg,12,dynamic_32,0,0,0,0,0,0,0,0,0,0,0,0,0,0,0,0,0,2048.5,2048.5
stars.jpg,12,dynamic_32,0,0,0,0,0,0,0,0,0,0,0,0,0,0,0,0,0,3289.08,3289.08
4000x3000.png,12,dynamic_64,0,0,0,0,0,0,0,0,0,0,0,0,0,0,0,0,0,389.428,389.428
6000x6000.png,12,dynamic_64,0,0,0,0,0,0,0,0,0,0,0,0,0,0,0,0,0,1102.17,1102.17
8k.jpeg,12,dynamic_64,0,0,0,0,0,0,0,0,0,0,0,0,0,0,0,0,0,104.712,104.712
city.jpg,12,dynamic_64,0,0,0,0,0,0,0,0,0,0,0,0,0,0,0,0,0,2719.04,2719.04
city2.jpg,12,dynamic_64,0,0,0,0,0,0,0,0,0,0,0,0,0,0,0,0,0,3104.13,3104.13
firework.jpg,12,dynamic_64,0,0,0,0,0,0,0,0,0,0,0,0,0,0,0,0,0,6104.88,6104.88
flor1.jpg,12,dynamic_64,0,0,0,0,0,0,0,0,0,0,0,0,0,0,0,0,0,2924.41,2924.41
flor2.jpg,12,dynamic_64,0,0,0,0,0,0,0,0,0,0,0,0,0,0,0,0,0,328.969,328.969
monument.jpg,12,dynamic_64,0,0,0,0,0,0,0,0,0,0,0,0,0,0,0,0,0,5149.98,5149.98
poke.jpg,12,dynamic_64,0,0,0,0,0,0,0,0,0,0,0,0,0,0,0,0,0,11.5532,11.5532
rain_paisage.jpg,12,dynamic_64,0,0,0,0,0,0,0,0,0,0,0,0,0,0,0,0,0,6429.99,6429.99
sky.jpg,12,dynamic_64,0,0,0,0,0,0,0,0,0,0,0,0,0,0,0,0,0,2050.27,2050.27
stars.jpg,12,dynamic_64,0,0,0,0,0,0,0,0,0,0,0,0,0,0,0,0,0,3364,3364
4000x3000.png,12,dynamic_128,0,0,0,0,0,0,0,0,0,0,0,0,0,0,0,0,0,392.882,392.882
6000x6000.png,12,dynamic_128,0,0,0,0,0,0,0,0,0,0,0,0,0,0,0,0,0,1123.57,1123.57
8k.jpeg,12,dynamic_128,0,0,0,0,0,0,0,0,0,0,0,0,0,0,0,0,0,104.347,104.347
city.jpg,12,dynamic_128,0,0,0,0,0,0,0,0,0,0,0,0,0,0,0,0,0,2753.45,2753.45
city2.jpg,12,dynamic_128,0,0,0,0,0,0,0,0,0,0,0,0,0,0,0,0,0,3171.14,3171.14
firework.jpg,12,dynamic_128,0,0,0,0,0,0,0,0,0,0,0,0,0,0,0,0,0,6149.11,6149.11
flor1.jpg,12,dynamic_128,0,0,0,0,0,0,0,0,0,0,0,0,0,0,0,0,0,2950.47,2950.47
flor2.jpg,12,dynamic_128,0,0,0,0,0,0,0,0,0,0,0,0,0,0,0,0,0,350.38,350.38
monument.jpg,12,dynamic_128,0,0,0,0,0,0,0,0,0,0,0,0,0,0,0,0,0,5172.22,5172.22
poke.jpg,12,dynamic_128,0,0,0,0,0,0,0,0,0,0,0,0,0,0,0,0,0,19.002,19.002
rain_paisage.jpg,12,dynamic_128,0,0,0,0,0,0,0,0,0,0,0,0,0,0,0,0,0,6391.02,6391.02
sky.jpg,12,dynamic_128,0,0,0,0,0,0,0,0,0,0,0,0,0,0,0,0,0,2050.4,2050.4
stars.jpg,12,dynamic_128,0,0,0,0,0,0,0,0,0,0,0,0,0,0,0,0,0,3411.2,3411.2
4000x3000.png,1,dynamic_1,55.4379,20.6027,82.3081,4.5608,251.062,117.275,46.2228,84.5928,128.255,123.484,70.6955,70.1455,527.644,955.663,1609.29,2433.01,3571.59,3766.16,13918
6000x6000.png,1,dynamic_1,166.227,61.5302,248.168,15.2087,681.041,354.357,138.944,253.727,384.281,370.211,209.775,204.76,1588.32,2866.13,4846.99,7323.46,10733.4,11096.9,41543.4
8k.jpeg,1,dynamic_1,13.2276,4.96208,19.5496,1.13518,53.5987,28.4127,11.0067,19.8848,31.4361,29.8935,19.9137,18.0878,122.814,224.218,379.653,574.189,841.595,869.8,3263.38
city.jpg,1,dynamic_1,392.324,144.412,582.889,34.435,1775.48,830.595,327.632,592.972,1001.08,866.357,442.95,431.809,3564.19,6661.33,11363.1,18657.3,26867.9,26919,101456
city2.jpg,1,dynamic_1,448.414,165.264,658.207,40.8269,2009.64,950.223,373.706,669.523,1025.09,986.596,511.598,499.219,4142.75,7656.1,12921.3,19585.3,28701.3,30707.9,112053
firework.jpg,1,dynamic_1,857.914,316.989,1273.49,78.7638,3506.69,1847.01,715.049,1290.72,0.000393,1919.98,1088.72,1078.62,7880.08,14604.8,24826.9,37773.8,55667.7,60530.7,215258
flor1.jpg,1,dynamic_1,404.635,149.464,600.927,37.1068,1849.21,866.726,337.175,608.183,932.633,909.13,513.117,503.036,3777.32,6969.24,11782.5,17849.3,26194.9,29000.8,103285
flor2.jpg,1,dynamic_1,45.1243,17.0446,67.8912,3.87457,206.475,97.9815,38.0928,68.7775,107.368,99.7639,56.1342,62.1676,432.791,794.084,1328.95,2020.19,2978.23,3218.11,11643
monument.jpg,1,dynamic_1,770.44,288.249,1165.15,70.9236,3540.74,1671.54,649.41,1181.75,1829.63,1730.25,898.579,879.651,7336.28,13409.2,22653.8,34368.4,50379,51889.5,194712
poke.jpg,1,dynamic_1,1.09235,0.384678,1.55011,0.048763,4.35533,2.29176,0.876314,1.62029,1.77802,2.30404,0.771391,0.750871,9.89225,17.7934,29.9144,44.9313,65.474,69.9742,255.803
rain_paisage.jpg,1,dynamic_1,934.361,341.24,1376.06,80.2895,4202.75,1987.21,771.898,1407.11,0.000382,2057.59,1031.41,1076.35,8424.8,15766.5,26841.1,44133.1,63499.1,63938.8,237870
sky.jpg,1,dynamic_1,293.092,109.563,440.029,27.3056,1350.02,633.964,247.11,445.568,684.59,659.653,339.611,333.284,2790.04,5107.62,8610.93,13037.4,19138.1,20793.2,75041
stars.jpg,1,dynamic_1,517.291,190.773,767.235,47.067,2123.65,1096.5,431.44,798.475,1203.73,1150.85,574.857,600.042,5061.56,9011.55,15145.6,22915.4,33511.3,33352.2,128499
4000x3000.png,2,dynamic_16,27.8181,10.4512,41.2667,2.53992,126.783,59.4789,23.2314,42.7479,65.4778,62.6923,38.0872,37.8052,264.251,487.383,805.716,1219.16,1786.52,1903.88,7005.29
6000x6000.png,2,dynamic_16,83.759,30.9484,124.067,8.26429,342.477,178.545,70.0785,127.995,194.216,186.526,110.826,109.014,813.796,1436.75,2418.51,3671.41,5378.6,5617.72,20903.5
8k.jpeg,2,dynamic_16,6.67218,2.4844,9.87256,0.588321,26.9255,14.0237,5.60186,9.9728,16.0374,15.0679,10.9757,9.13759,61.7781,112.453,190.81,297.735,421.03,438.794,1649.96
city.jpg,2,dynamic_16,197.447,72.6304,292.711,18.452,894.607,422.264,174.286,299.485,506.608,434.824,237.295,231.529,1858.16,3397.47,5720.57,9395.34,13505.9,13688.6,51348.2
city2.jpg,2,dynamic_16,222.84,82.7355,330.925,22.1356,1009.37,476.623,196.159,335.756,517.776,495.993,273.145,265.984,2082.67,3835.8,6499,9796.99,14379,15549.6,56372.6
firework.jpg,2,dynamic_16,431.412,159.724,641.432,42.811,1766.31,921.175,359.611,652.211,0.000381,957.396,577.086,571.098,4058.32,7382.79,12485.8,18975.2,27936.2,30741.2,108660
flor1.jpg,2,dynamic_16,203.51,75.482,301.619,20.1083,921.401,442.518,169.715,305.61,471.867,453.124,272.954,267.993,1927.56,3508.42,5904.69,8955.64,13148.3,14697,52047.6
flor2.jpg,2,dynamic_16,22.9954,8.65187,34.098,2.18784,103.99,49.1136,19.2314,34.6135,53.6774,50.1211,30.4719,33.5559,217.423,395.353,664.899,1011.83,1499.08,1619.84,5851.14
monument.jpg,2,dynamic_16,391.973,144.875,581.289,39.243,1774.59,848.18,327.367,597.883,919.236,869.835,480.414,480.378,3716.33,6763.8,11358.1,17227,25254,26358,98132.4
poke.jpg,2,dynamic_16,0.570441,0.206812,0.780992,0.045249,2.20341,1.13395,0.444284,0.819082,0.899956,1.15074,0.389898,0.384094,5.00988,8.99682,14.968,22.5347,32.8364,35.351,128.726
rain_paisage.jpg,2,dynamic_16,467.58,172.738,692.239,44.0354,2131.64,995.34,389.688,714.066,0.000521,1027.41,556.656,572.461,4402.86,7986.16,13536.5,22196.2,31878.3,32545.3,120309
sky.jpg,2,dynamic_16,148.907,55.2131,221.111,14.7044,675.344,318.415,124.14,224.858,345.709,331.326,185.991,178.019,1393.14,2551.18,4320.9,6550.32,9608.28,10476.6,37724.2
stars.jpg,2,dynamic_16,260.222,96.1206,386.762,26.1232,1075.41,556.672,217.192,402.212,605.702,578.11,308.306,318.918,2546.51,4516.07,7626.39,11498.2,16813.1,16813.6,64645.6
4000x3000.png,2,static,0,0,0,0,0,0,0,0,0,0,0,0,0,0,0,0,0,1901.68,1901.68
6000x6000.png,2,static,0,0,0,0,0,0,0,0,0,0,0,0,0,0,0,0,0,6107.66,6107.66
8k.jpeg,2,static,0,0,0,0,0,0,0,0,0,0,0,0,0,0,0,0,0,445.316,445.316
city.jpg,2,static,0,0,0,0,0,0,0,0,0,0,0,0,0,0,0,0,0,17457.1,17457.1
city2.jpg,2,static,0,0,0,0,0,0,0,0,0,0,0,0,0,0,0,0,0,16520,16520
firework.jpg,2,static,0,0,0,0,0,0,0,0,0,0,0,0,0,0,0,0,0,34022.4,34022.4
flor1.jpg,2,static,0,0,0,0,0,0,0,0,0,0,0,0,0,0,0,0,0,16578.3,16578.3
flor2.jpg,2,static,0,0,0,0,0,0,0,0,0,0,0,0,0,0,0,0,0,1633.09,1633.09
monument.jpg,2,static,0,0,0,0,0,0,0,0,0,0,0,0,0,0,0,0,0,31750.9,31750.9
poke.jpg,2,static,0,0,0,0,0,0,0,0,0,0,0,0,0,0,0,0,0,37.3457,37.3457
rain_paisage.jpg,2,static,0,0,0,0,0,0,0,0,0,0,0,0,0,0,0,0,0,42599.8,42599.8
sky.jpg,2,static,0,0,0,0,0,0,0,0,0,0,0,0,0,0,0,0,0,10656,10656
stars.jpg,2,static,0,0,0,0,0,0,0,0,0,0,0,0,0,0,0,0,0,17005.1,17005.1
4000x3000.png,2,dynamic_1,0,0,0,0,0,0,0,0,0,0,0,0,0,0,0,0,0,1897.48,1897.48
6000x6000.png,2,dynamic_1,0,0,0,0,0,0,0,0,0,0,0,0,0,0,0,0,0,5632.41,5632.41
8k.jpeg,2,dynamic_1,0,0,0,0,0,0,0,0,0,0,0,0,0,0,0,0,0,440.771,440.771
city.jpg,2,dynamic_1,0,0,0,0,0,0,0,0,0,0,0,0,0,0,0,0,0,13681.2,13681.2
city2.jpg,2,dynamic_1,0,0,0,0,0,0,0,0,0,0,0,0,0,0,0,0,0,15552.5,15552.5
firework.jpg,2,dynamic_1,0,0,0,0,0,0,0,0,0,0,0,0,0,0,0,0,0,30728.6,30728.6
flor1.jpg,2,dynamic_1,0,0,0,0,0,0,0,0,0,0,0,0,0,0,0,0,0,14684.7,14684.7
flor2.jpg,2,dynamic_1,0,0,0,0,0,0,0,0,0,0,0,0,0,0,0,0,0,1620.47,1620.47
monument.jpg,2,dynamic_1,0,0,0,0,0,0,0,0,0,0,0,0,0,0,0,0,0,26356.1,26356.1
poke.jpg,2,dynamic_1,0,0,0,0,0,0,0,0,0,0,0,0,0,0,0,0,0,35.5604,35.5604
rain_paisage.jpg,2,dynamic_1,0,0,0,0,0,0,0,0,0,0,0,0,0,0,0,0,0,32501.8,32501.8
sky.jpg,2,dynamic_1,0,0,0,0,0,0,0,0,0,0,0,0,0,0,0,0,0,10454,10454
stars.jpg,2,dynamic_1,0,0,0,0,0,0,0,0,0,0,0,0,0,0,0,0,0,16802.4,16802.4
4000x3000.png,2,dynamic_2,0,0,0,0,0,0,0,0,0,0,0,0,0,0,0,0,0,1892.08,1892.08
6000x6000.png,2,dynamic_2,0,0,0,0,0,0,0,0,0,0,0,0,0,0,0,0,0,5627.51,5627.51
8k.jpeg,2,dynamic_2,0,0,0,0,0,0,0,0,0,0,0,0,0,0,0,0,0,439.211,439.211
city.jpg,2,dynamic_2,0,0,0,0,0,0,0,0,0,0,0,0,0,0,0,0,0,13683.2,13683.2
city2.jpg,2,dynamic_2,0,0,0,0,0,0,0,0,0,0,0,0,0,0,0,0,0,15590.3,15590.3
firework.jpg,2,dynamic_2,0,0,0,0,0,0,0,0,0,0,0,0,0,0,0,0,0,30671.5,30671.5
flor1.jpg,2,dynamic_2,0,0,0,0,0,0,0,0,0,0,0,0,0,0,0,0,0,14651.1,14651.1
flor2.jpg,2,dynamic_2,0,0,0,0,0,0,0,0,0,0,0,0,0,0,0,0,0,1620.27,1620.27
monument.jpg,2,dynamic_2,0,0,0,0,0,0,0,0,0,0,0,0,0,0,0,0,0,26251.9,26251.9
poke.jpg,2,dynamic_2,0,0,0,0,0,0,0,0,0,0,0,0,0,0,0,0,0,35.4366,35.4366
rain_paisage.jpg,2,dynamic_2,0,0,0,0,0,0,0,0,0,0,0,0,0,0,0,0,0,32388.6,32388.6
sky.jpg,2,dynamic_2,0,0,0,0,0,0,0,0,0,0,0,0,0,0,0,0,0,10438.6,10438.6
stars.jpg,2,dynamic_2,0,0,0,0,0,0,0,0,0,0,0,0,0,0,0,0,0,16770.4,16770.4
4000x3000.png,2,dynamic_4,0,0,0,0,0,0,0,0,0,0,0,0,0,0,0,0,0,1892.36,1892.36
6000x6000.png,2,dynamic_4,0,0,0,0,0,0,0,0,0,0,0,0,0,0,0,0,0,5615.67,5615.67
8k.jpeg,2,dynamic_4,0,0,0,0,0,0,0,0,0,0,0,0,0,0,0,0,0,453.183,453.183
city.jpg,2,dynamic_4,0,0,0,0,0,0,0,0,0,0,0,0,0,0,0,0,0,13699.4,13699.4
city2.jpg,2,dynamic_4,0,0,0,0,0,0,0,0,0,0,0,0,0,0,0,0,0,15531,15531
firework.jpg,2,dynamic_4,0,0,0,0,0,0,0,0,0,0,0,0,0,0,0,0,0,30738.6,30738.6
flor1.jpg,2,dynamic_4,0,0,0,0,0,0,0,0,0,0,0,0,0,0,0,0,0,14705.3,14705.3
flor2.jpg,2,dynamic_4,0,0,0,0,0,0,0,0,0,0,0,0,0,0,0,0,0,1621.1,1621.1
monument.jpg,2,dynamic_4,0,0,0,0,0,0,0,0,0,0,0,0,0,0,0,0,0,26336.2,26336.2
poke.jpg,2,dynamic_4,0,0,0,0,0,0,0,0,0,0,0,0,0,0,0,0,0,35.6625,35.6625
rain_paisage.jpg,2,dynamic_4,0,0,0,0,0,0,0,0,0,0,0,0,0,0,0,0,0,32498.9,32498.9
sky.jpg,2,dynamic_4,0,0,0,0,0,0,0,0,0,0,0,0,0,0,0,0,0,10466.5,10466.5
stars.jpg,2,dynamic_4,0,0,0,0,0,0,0,0,0,0,0,0,0,0,0,0,0,16796.8,16796.8
4000x3000.png,2,dynamic_8,0,0,0,0,0,0,0,0,0,0,0,0,0,0,0,0,0,1917.57,1917.57
6000x6000.png,2,dynamic_8,0,0,0,0,0,0,0,0,0,0,0,0,0,0,0,0,0,5617.06,5617.06
8k.jpeg,2,dynamic_8,0,0,0,0,0,0,0,0,0,0,0,0,0,0,0,0,0,440.328,440.328
city.jpg,2,dynamic_8,0,0,0,0,0,0,0,0,0,0,0,0,0,0,0,0,0,13696.2,13696.2
city2.jpg,2,dynamic_8,0,0,0,0,0,0,0,0,0,0,0,0,0,0,0,0,0,15525.9,15525.9
firework.jpg,2,dynamic_8,0,0,0,0,0,0,0,0,0,0,0,0,0,0,0,0,0,30719,30719
flor1.jpg,2,dynamic_8,0,0,0,0,0,0,0,0,0,0,0,0,0,0,0,0,0,14700.5,14700.5
flor2.jpg,2,dynamic_8,0,0,0,0,0,0,0,0,0,0,0,0,0,0,0,0,0,1631.14,1631.14
monument.jpg,2,dynamic_8,0,0,0,0,0,0,0,0,0,0,0,0,0,0,0,0,0,26340,26340
poke.jpg,2,dynamic_8,0,0,0,0,0,0,0,0,0,0,0,0,0,0,0,0,0,35.6762,35.6762
rain_paisage.jpg,2,dynamic_8,0,0,0,0,0,0,0,0,0,0,0,0,0,0,0,0,0,32498.9,32498.9
sky.jpg,2,dynamic_8,0,0,0,0,0,0,0,0,0,0,0,0,0,0,0,0,0,10474.7,10474.7
stars.jpg,2,dynamic_8,0,0,0,0,0,0,0,0,0,0,0,0,0,0,0,0,0,16790.6,16790.6
4000x3000.png,2,dynamic_32,0,0,0,0,0,0,0,0,0,0,0,0,0,0,0,0,0,1888.98,1888.98
6000x6000.png,2,dynamic_32,0,0,0,0,0,0,0,0,0,0,0,0,0,0,0,0,0,5618.43,5618.43
8k.jpeg,2,dynamic_32,0,0,0,0,0,0,0,0,0,0,0,0,0,0,0,0,0,449.703,449.703
city.jpg,2,dynamic_32,0,0,0,0,0,0,0,0,0,0,0,0,0,0,0,0,0,13675.5,13675.5
city2.jpg,2,dynamic_32,0,0,0,0,0,0,0,0,0,0,0,0,0,0,0,0,0,15525,15525
firework.jpg,2,dynamic_32,0,0,0,0,0,0,0,0,0,0,0,0,0,0,0,0,0,30652.9,30652.9
flor1.jpg,2,dynamic_32,0,0,0,0,0,0,0,0,0,0,0,0,0,0,0,0,0,14657.5,14657.5
flor2.jpg,2,dynamic_32,0,0,0,0,0,0,0,0,0,0,0,0,0,0,0,0,0,1621.74,1621.74
monument.jpg,2,dynamic_32,0,0,0,0,0,0,0,0,0,0,0,0,0,0,0,0,0,26312.5,26312.5
poke.jpg,2,dynamic_32,0,0,0,0,0,0,0,0,0,0,0,0,0,0,0,0,0,35.9492,35.9492
rain_paisage.jpg,2,dynamic_32,0,0,0,0,0,0,0,0,0,0,0,0,0,0,0,0,0,32461.7,32461.7
sky.jpg,2,dynamic_32,0,0,0,0,0,0,0,0,0,0,0,0,0,0,0,0,0,10483.7,10483.7
stars.jpg,2,dynamic_32,0,0,0,0,0,0,0,0,0,0,0,0,0,0,0,0,0,16781.6,16781.6
4000x3000.png,2,dynamic_64,0,0,0,0,0,0,0,0,0,0,0,0,0,0,0,0,0,1921.18,1921.18
6000x6000.png,2,dynamic_64,0,0,0,0,0,0,0,0,0,0,0,0,0,0,0,0,0,5611.32,5611.32
8k.jpeg,2,dynamic_64,0,0,0,0,0,0,0,0,0,0,0,0,0,0,0,0,0,441.609,441.609
city.jpg,2,dynamic_64,0,0,0,0,0,0,0,0,0,0,0,0,0,0,0,0,0,13708.7,13708.7
city2.jpg,2,dynamic_64,0,0,0,0,0,0,0,0,0,0,0,0,0,0,0,0,0,15569.7,15569.7
firework.jpg,2,dynamic_64,0,0,0,0,0,0,0,0,0,0,0,0,0,0,0,0,0,30752.9,30752.9
flor1.jpg,2,dynamic_64,0,0,0,0,0,0,0,0,0,0,0,0,0,0,0,0,0,14727.8,14727.8
flor2.jpg,2,dynamic_64,0,0,0,0,0,0,0,0,0,0,0,0,0,0,0,0,0,1637.5,1637.5
monument.jpg,2,dynamic_64,0,0,0,0,0,0,0,0,0,0,0,0,0,0,0,0,0,26331.3,26331.3
poke.jpg,2,dynamic_64,0,0,0,0,0,0,0,0,0,0,0,0,0,0,0,0,0,37.1204,37.1204
rain_paisage.jpg,2,dynamic_64,0,0,0,0,0,0,0,0,0,0,0,0,0,0,0,0,0,32506.4,32506.4
sky.jpg,2,dynamic_64,0,0,0,0,0,0,0,0,0,0,0,0,0,0,0,0,0,10464.8,10464.8
stars.jpg,2,dynamic_64,0,0,0,0,0,0,0,0,0,0,0,0,0,0,0,0,0,16853.4,16853.4
4000x3000.png,2,dynamic_128,0,0,0,0,0,0,0,0,0,0,0,0,0,0,0,0,0,1902.69,1902.69
6000x6000.png,2,dynamic_128,0,0,0,0,0,0,0,0,0,0,0,0,0,0,0,0,0,5646.01,5646.01
8k.jpeg,2,dynamic_128,0,0,0,0,0,0,0,0,0,0,0,0,0,0,0,0,0,461.777,461.777
city.jpg,2,dynamic_128,0,0,0,0,0,0,0,0,0,0,0,0,0,0,0,0,0,13704.9,13704.9
city2.jpg,2,dynamic_128,0,0,0,0,0,0,0,0,0,0,0,0,0,0,0,0,0,15542.9,15542.9
firework.jpg,2,dynamic_128,0,0,0,0,0,0,0,0,0,0,0,0,0,0,0,0,0,30706.9,30706.9
flor1.jpg,2,dynamic_128,0,0,0,0,0,0,0,0,0,0,0,0,0,0,0,0,0,14686.2,14686.2
flor2.jpg,2,dynamic_128,0,0,0,0,0,0,0,0,0,0,0,0,0,0,0,0,0,1621.89,1621.89
monument.jpg,2,dynamic_128,0,0,0,0,0,0,0,0,0,0,0,0,0,0,0,0,0,26297.9,26297.9
poke.jpg,2,dynamic_128,0,0,0,0,0,0,0,0,0,0,0,0,0,0,0,0,0,39.3991,39.3991
rain_paisage.jpg,2,dynamic_128,0,0,0,0,0,0,0,0,0,0,0,0,0,0,0,0,0,32448,32448
sky.jpg,2,dynamic_128,0,0,0,0,0,0,0,0,0,0,0,0,0,0,0,0,0,10442.4,10442.4
stars.jpg,2,dynamic_128,0,0,0,0,0,0,0,0,0,0,0,0,0,0,0,0,0,16806.4,16806.4
4000x3000.png,3,dynamic_16,18.809,7.13438,27.6173,2.03104,84.1473,39.5362,15.6116,28.9509,46.2104,42.8093,29.2244,27.3753,176.113,317.008,538.347,814.175,1189.07,1272.79,4676.96
6000x6000.png,3,dynamic_16,55.9218,21.0333,82.618,6.58976,229.83,118.898,46.5233,85.3929,126.242,125.196,85.4768,84.2218,530.361,951.703,1623.04,2436.43,3582.49,3774.61,13966.6
8k.jpeg,3,dynamic_16,4.57417,1.77371,6.74244,0.567278,18.0766,9.46529,3.78845,6.72271,10.4823,10.1859,9.60581,7.29364,41.2496,74.789,126.395,191.479,280.92,296.223,1100.33
city.jpg,3,dynamic_16,131.687,48.7531,194.989,15.5921,600.656,280.608,109.65,199.681,329.772,289.382,176.813,171.672,1232.94,2252.04,3802.56,6235.06,8980.7,9146.61,34199.2
city2.jpg,3,dynamic_16,148.51,55.9316,220.339,18.5901,672.482,319.247,123.994,223.896,335.579,328.679,213.217,200.628,1390.51,2542.58,4305.98,6536.2,9563.73,10397.5,37597.6
firework.jpg,3,dynamic_16,285.968,108.026,425.426,36.472,1178.19,612.79,239.732,433.072,0.000416,637.628,434.099,436.338,2715.36,4915.86,8342.32,12609.5,18577.3,20640,72628.1
flor1.jpg,3,dynamic_16,135.823,51.5083,201.353,16.7418,615.592,288.642,113.128,203.812,305.719,308.49,207.49,204.916,1277.72,2325.79,3926.41,5940.77,8765.09,9812.52,34701.5
flor2.jpg,3,dynamic_16,15.3857,5.88809,22.7341,1.65797,68.9603,32.884,13.6524,25.1771,34.887,33.7343,21.9689,24.5716,144.651,261.946,442.735,679.72,991.111,1083,3904.67
monument.jpg,3,dynamic_16,261.237,98.0974,386.815,32.9813,1183.09,556.33,217.76,406.182,596.237,586.667,364.021,354.032,2481.11,4467.68,7547.45,11426.5,16830,17616.1,65412.3
poke.jpg,3,dynamic_16,0.456573,0.151535,0.555208,0.060019,1.45089,0.757728,0.300799,0.606786,0.600115,0.830109,0.445109,0.461998,3.35205,5.99752,10.0448,15.187,22.0245,23.8357,87.1184
rain_paisage.jpg,3,dynamic_16,311.046,115.065,460.076,37.5539,1412,663.306,258.783,476.516,0.000382,681.738,413.239,421.444,2936.23,5304.62,9017.03,14802.2,21292.9,21854.5,80458.2
sky.jpg,3,dynamic_16,98.7408,37.5331,147.18,12.183,449.96,211.794,83.053,149.46,223.998,220.523,135.731,133.864,927.591,1696.06,2875.99,4348.59,6377.72,7023.43,25153.4
stars.jpg,3,dynamic_16,179.677,66.5202,261.503,21.7592,712.446,409.773,145.172,267.931,393.475,384.47,231.252,234.586,1695.31,3031.33,5110.53,7672.21,11224.6,11255.8,43298.3
4000x3000.png,3,static,0,0,0,0,0,0,0,0,0,0,0,0,0,0,0,0,0,1274.56,1274.56
6000x6000.png,3,static,0,0,0,0,0,0,0,0,0,0,0,0,0,0,0,0,0,4097.47,4097.47
8k.jpeg,3,static,0,0,0,0,0,0,0,0,0,0,0,0,0,0,0,0,0,309.448,309.448
city.jpg,3,static,0,0,0,0,0,0,0,0,0,0,0,0,0,0,0,0,0,12453.4,12453.4
city2.jpg,3,static,0,0,0,0,0,0,0,0,0,0,0,0,0,0,0,0,0,11735.8,11735.8
firework.jpg,3,static,0,0,0,0,0,0,0,0,0,0,0,0,0,0,0,0,0,25128.6,25128.6
flor1.jpg,3,static,0,0,0,0,0,0,0,0,0,0,0,0,0,0,0,0,0,11800.6,11800.6
flor2.jpg,3,static,0,0,0,0,0,0,0,0,0,0,0,0,0,0,0,0,0,1136.03,1136.03
monument.jpg,3,static,0,0,0,0,0,0,0,0,0,0,0,0,0,0,0,0,0,23929.6,23929.6
poke.jpg,3,static,0,0,0,0,0,0,0,0,0,0,0,0,0,0,0,0,0,25.1347,25.1347
rain_paisage.jpg,3,static,0,0,0,0,0,0,0,0,0,0,0,0,0,0,0,0,0,29184.6,29184.6
sky.jpg,3,static,0,0,0,0,0,0,0,0,0,0,0,0,0,0,0,0,0,7182.5,7182.5
stars.jpg,3,static,0,0,0,0,0,0,0,0,0,0,0,0,0,0,0,0,0,11666.2,11666.2
4000x3000.png,3,dynamic_1,0,0,0,0,0,0,0,0,0,0,0,0,0,0,0,0,0,1274.6,1274.6
6000x6000.png,3,dynamic_1,0,0,0,0,0,0,0,0,0,0,0,0,0,0,0,0,0,3802.18,3802.18
8k.jpeg,3,dynamic_1,0,0,0,0,0,0,0,0,0,0,0,0,0,0,0,0,0,302.985,302.985
city.jpg,3,dynamic_1,0,0,0,0,0,0,0,0,0,0,0,0,0,0,0,0,0,9192.49,9192.49
city2.jpg,3,dynamic_1,0,0,0,0,0,0,0,0,0,0,0,0,0,0,0,0,0,10408.4,10408.4
firework.jpg,3,dynamic_1,0,0,0,0,0,0,0,0,0,0,0,0,0,0,0,0,0,20658.7,20658.7
flor1.jpg,3,dynamic_1,0,0,0,0,0,0,0,0,0,0,0,0,0,0,0,0,0,9910.89,9910.89
flor2.jpg,3,dynamic_1,0,0,0,0,0,0,0,0,0,0,0,0,0,0,0,0,0,1090.23,1090.23
monument.jpg,3,dynamic_1,0,0,0,0,0,0,0,0,0,0,0,0,0,0,0,0,0,17920.3,17920.3
poke.jpg,3,dynamic_1,0,0,0,0,0,0,0,0,0,0,0,0,0,0,0,0,0,23.9227,23.9227
rain_paisage.jpg,3,dynamic_1,0,0,0,0,0,0,0,0,0,0,0,0,0,0,0,0,0,21974.8,21974.8
sky.jpg,3,dynamic_1,0,0,0,0,0,0,0,0,0,0,0,0,0,0,0,0,0,7078.16,7078.16
stars.jpg,3,dynamic_1,0,0,0,0,0,0,0,0,0,0,0,0,0,0,0,0,0,11374.4,11374.4
4000x3000.png,3,dynamic_2,0,0,0,0,0,0,0,0,0,0,0,0,0,0,0,0,0,1301.62,1301.62
6000x6000.png,3,dynamic_2,0,0,0,0,0,0,0,0,0,0,0,0,0,0,0,0,0,3809.89,3809.89
8k.jpeg,3,dynamic_2,0,0,0,0,0,0,0,0,0,0,0,0,0,0,0,0,0,297.603,297.603
city.jpg,3,dynamic_2,0,0,0,0,0,0,0,0,0,0,0,0,0,0,0,0,0,9157.87,9157.87
city2.jpg,3,dynamic_2,0,0,0,0,0,0,0,0,0,0,0,0,0,0,0,0,0,10451.8,10451.8
firework.jpg,3,dynamic_2,0,0,0,0,0,0,0,0,0,0,0,0,0,0,0,0,0,20670.4,20670.4
flor1.jpg,3,dynamic_2,0,0,0,0,0,0,0,0,0,0,0,0,0,0,0,0,0,9836.37,9836.37
flor2.jpg,3,dynamic_2,0,0,0,0,0,0,0,0,0,0,0,0,0,0,0,0,0,1086.5,1086.5
monument.jpg,3,dynamic_2,0,0,0,0,0,0,0,0,0,0,0,0,0,0,0,0,0,17669,17669
poke.jpg,3,dynamic_2,0,0,0,0,0,0,0,0,0,0,0,0,0,0,0,0,0,23.8863,23.8863
rain_paisage.jpg,3,dynamic_2,0,0,0,0,0,0,0,0,0,0,0,0,0,0,0,0,0,21879,21879
sky.jpg,3,dynamic_2,0,0,0,0,0,0,0,0,0,0,0,0,0,0,0,0,0,7085.29,7085.29
stars.jpg,3,dynamic_2,0,0,0,0,0,0,0,0,0,0,0,0,0,0,0,0,0,11426.2,11426.2
4000x3000.png,3,dynamic_4,0,0,0,0,0,0,0,0,0,0,0,0,0,0,0,0,0,1273.73,1273.73
6000x6000.png,3,dynamic_4,0,0,0,0,0,0,0,0,0,0,0,0,0,0,0,0,0,3779.23,3779.23
8k.jpeg,3,dynamic_4,0,0,0,0,0,0,0,0,0,0,0,0,0,0,0,0,0,301.005,301.005
city.jpg,3,dynamic_4,0,0,0,0,0,0,0,0,0,0,0,0,0,0,0,0,0,9245.53,9245.53
city2.jpg,3,dynamic_4,0,0,0,0,0,0,0,0,0,0,0,0,0,0,0,0,0,10445.2,10445.2
firework.jpg,3,dynamic_4,0,0,0,0,0,0,0,0,0,0,0,0,0,0,0,0,0,20676.9,20676.9
flor1.jpg,3,dynamic_4,0,0,0,0,0,0,0,0,0,0,0,0,0,0,0,0,0,9816.21,9816.21
flor2.jpg,3,dynamic_4,0,0,0,0,0,0,0,0,0,0,0,0,0,0,0,0,0,1087.4,1087.4
monument.jpg,3,dynamic_4,0,0,0,0,0,0,0,0,0,0,0,0,0,0,0,0,0,17650.9,17650.9
poke.jpg,3,dynamic_4,0,0,0,0,0,0,0,0,0,0,0,0,0,0,0,0,0,23.8468,23.8468
rain_paisage.jpg,3,dynamic_4,0,0,0,0,0,0,0,0,0,0,0,0,0,0,0,0,0,21812.2,21812.2
sky.jpg,3,dynamic_4,0,0,0,0,0,0,0,0,0,0,0,0,0,0,0,0,0,7023.55,7023.55
stars.jpg,3,dynamic_4,0,0,0,0,0,0,0,0,0,0,0,0,0,0,0,0,0,11263.4,11263.4
4000x3000.png,3,dynamic_8,0,0,0,0,0,0,0,0,0,0,0,0,0,0,0,0,0,1273.68,1273.68
6000x6000.png,3,dynamic_8,0,0,0,0,0,0,0,0,0,0,0,0,0,0,0,0,0,3784.29,3784.29
8k.jpeg,3,dynamic_8,0,0,0,0,0,0,0,0,0,0,0,0,0,0,0,0,0,302.101,302.101
city.jpg,3,dynamic_8,0,0,0,0,0,0,0,0,0,0,0,0,0,0,0,0,0,9169.54,9169.54
city2.jpg,3,dynamic_8,0,0,0,0,0,0,0,0,0,0,0,0,0,0,0,0,0,10391.4,10391.4
firework.jpg,3,dynamic_8,0,0,0,0,0,0,0,0,0,0,0,0,0,0,0,0,0,20663.6,20663.6
flor1.jpg,3,dynamic_8,0,0,0,0,0,0,0,0,0,0,0,0,0,0,0,0,0,9811.73,9811.73
flor2.jpg,3,dynamic_8,0,0,0,0,0,0,0,0,0,0,0,0,0,0,0,0,0,1100.91,1100.91
monument.jpg,3,dynamic_8,0,0,0,0,0,0,0,0,0,0,0,0,0,0,0,0,0,17663,17663
poke.jpg,3,dynamic_8,0,0,0,0,0,0,0,0,0,0,0,0,0,0,0,0,0,23.8772,23.8772
rain_paisage.jpg,3,dynamic_8,0,0,0,0,0,0,0,0,0,0,0,0,0,0,0,0,0,21778.5,21778.5
sky.jpg,3,dynamic_8,0,0,0,0,0,0,0,0,0,0,0,0,0,0,0,0,0,7005.35,7005.35
stars.jpg,3,dynamic_8,0,0,0,0,0,0,0,0,0,0,0,0,0,0,0,0,0,11251.6,11251.6
4000x3000.png,3,dynamic_32,0,0,0,0,0,0,0,0,0,0,0,0,0,0,0,0,0,1280.4,1280.4
6000x6000.png,3,dynamic_32,0,0,0,0,0,0,0,0,0,0,0,0,0,0,0,0,0,3767.71,3767.71
8k.jpeg,3,dynamic_32,0,0,0,0,0,0,0,0,0,0,0,0,0,0,0,0,0,305.023,305.023
city.jpg,3,dynamic_32,0,0,0,0,0,0,0,0,0,0,0,0,0,0,0,0,0,9154.24,9154.24
city2.jpg,3,dynamic_32,0,0,0,0,0,0,0,0,0,0,0,0,0,0,0,0,0,10422.9,10422.9
firework.jpg,3,dynamic_32,0,0,0,0,0,0,0,0,0,0,0,0,0,0,0,0,0,20695.5,20695.5
flor1.jpg,3,dynamic_32,0,0,0,0,0,0,0,0,0,0,0,0,0,0,0,0,0,9837.03,9837.03
flor2.jpg,3,dynamic_32,0,0,0,0,0,0,0,0,0,0,0,0,0,0,0,0,0,1086.77,1086.77
monument.jpg,3,dynamic_32,0,0,0,0,0,0,0,0,0,0,0,0,0,0,0,0,0,17660.3,17660.3
poke.jpg,3,dynamic_32,0,0,0,0,0,0,0,0,0,0,0,0,0,0,0,0,0,26.0796,26.0796
rain_paisage.jpg,3,dynamic_32,0,0,0,0,0,0,0,0,0,0,0,0,0,0,0,0,0,21824.2,21824.2
sky.jpg,3,dynamic_32,0,0,0,0,0,0,0,0,0,0,0,0,0,0,0,0,0,7044.35,7044.35
stars.jpg,3,dynamic_32,0,0,0,0,0,0,0,0,0,0,0,0,0,0,0,0,0,11276.6,11276.6
4000x3000.png,3,dynamic_64,0,0,0,0,0,0,0,0,0,0,0,0,0,0,0,0,0,1284.17,1284.17
6000x6000.png,3,dynamic_64,0,0,0,0,0,0,0,0,0,0,0,0,0,0,0,0,0,3774.78,3774.78
8k.jpeg,3,dynamic_64,0,0,0,0,0,0,0,0,0,0,0,0,0,0,0,0,0,302.864,302.864
city.jpg,3,dynamic_64,0,0,0,0,0,0,0,0,0,0,0,0,0,0,0,0,0,9200.27,9200.27
city2.jpg,3,dynamic_64,0,0,0,0,0,0,0,0,0,0,0,0,0,0,0,0,0,10445.4,10445.4
firework.jpg,3,dynamic_64,0,0,0,0,0,0,0,0,0,0,0,0,0,0,0,0,0,20697.8,20697.8
flor1.jpg,3,dynamic_64,0,0,0,0,0,0,0,0,0,0,0,0,0,0,0,0,0,9842.41,9842.41
flor2.jpg,3,dynamic_64,0,0,0,0,0,0,0,0,0,0,0,0,0,0,0,0,0,1088.06,1088.06
monument.jpg,3,dynamic_64,0,0,0,0,0,0,0,0,0,0,0,0,0,0,0,0,0,17649.1,17649.1
poke.jpg,3,dynamic_64,0,0,0,0,0,0,0,0,0,0,0,0,0,0,0,0,0,25.3375,25.3375
rain_paisage.jpg,3,dynamic_64,0,0,0,0,0,0,0,0,0,0,0,0,0,0,0,0,0,21815.8,21815.8
sky.jpg,3,dynamic_64,0,0,0,0,0,0,0,0,0,0,0,0,0,0,0,0,0,7011.73,7011.73
stars.jpg,3,dynamic_64,0,0,0,0,0,0,0,0,0,0,0,0,0,0,0,0,0,11246.6,11246.6
4000x3000.png,3,dynamic_128,0,0,0,0,0,0,0,0,0,0,0,0,0,0,0,0,0,1302.55,1302.55
6000x6000.png,3,dynamic_128,0,0,0,0,0,0,0,0,0,0,0,0,0,0,0,0,0,3804.96,3804.96
8k.jpeg,3,dynamic_128,0,0,0,0,0,0,0,0,0,0,0,0,0,0,0,0,0,316.736,316.736
city.jpg,3,dynamic_128,0,0,0,0,0,0,0,0,0,0,0,0,0,0,0,0,0,9270.25,9270.25
city2.jpg,3,dynamic_128,0,0,0,0,0,0,0,0,0,0,0,0,0,0,0,0,0,10522.3,10522.3
firework.jpg,3,dynamic_128,0,0,0,0,0,0,0,0,0,0,0,0,0,0,0,0,0,20778.5,20778.5
flor1.jpg,3,dynamic_128,0,0,0,0,0,0,0,0,0,0,0,0,0,0,0,0,0,9895.36,9895.36
flor2.jpg,3,dynamic_128,0,0,0,0,0,0,0,0,0,0,0,0,0,0,0,0,0,1116.84,1116.84
monument.jpg,3,dynamic_128,0,0,0,0,0,0,0,0,0,0,0,0,0,0,0,0,0,17784.1,17784.1
poke.jpg,3,dynamic_128,0,0,0,0,0,0,0,0,0,0,0,0,0,0,0,0,0,26.5254,26.5254
rain_paisage.jpg,3,dynamic_128,0,0,0,0,0,0,0,0,0,0,0,0,0,0,0,0,0,21993.6,21993.6
sky.jpg,3,dynamic_128,0,0,0,0,0,0,0,0,0,0,0,0,0,0,0,0,0,7036.42,7036.42
stars.jpg,3,dynamic_128,0,0,0,0,0,0,0,0,0,0,0,0,0,0,0,0,0,11475.7,11475.7
4000x3000.png,4,dynamic_16,14.3758,5.3949,20.855,1.66358,63.3106,31.1404,11.8289,21.4174,33.3304,31.758,21.6551,22.1453,133.189,239.145,408.127,612.128,893.81,972.403,3537.68
6000x6000.png,4,dynamic_16,42.0906,16.0034,62.3362,5.95186,172.39,89.9483,35.2717,72.9099,96.0891,93.1869,63.8605,64.4513,401.6,715.914,1220.47,1846.34,2700.78,2844.25,10543.8
8k.jpeg,4,dynamic_16,3.47847,1.37249,5.0326,0.478375,13.6784,7.19889,2.87397,5.05569,8.05379,7.65258,8.0607,5.64829,31.0177,57.4858,99.4982,144.816,211.704,224.716,837.822
city.jpg,4,dynamic_16,106.437,43.7074,148.427,15.012,453.421,212.008,83.2236,151.531,251.903,217.841,139.12,130.928,939.742,1702.64,2918.67,4845.64,7030.11,6988.6,26379
city2.jpg,4,dynamic_16,118.589,45.2206,172.729,18.0462,533.79,249.514,105.108,177.304,270.991,259.759,159,165.029,1118.64,1922.68,3250.23,4910.19,7315.78,7921.62,28714.2
firework.jpg,4,dynamic_16,218.846,82.0789,328.577,35.2761,898.115,467.429,182.196,330.524,0.000482,486.756,330.006,326.445,2095.03,3764.99,6344.13,9821.2,14468,15877.8,56057.4
flor1.jpg,4,dynamic_16,105.244,39.2234,156.413,14.1268,478.397,225.302,88.1522,158.177,241.889,236.332,164.434,162.441,1004.33,1809.25,3058.76,4469.65,6578.73,7486.45,26477.3
flor2.jpg,4,dynamic_16,11.6915,4.53649,17.1886,1.32517,52.0861,24.5389,9.78666,17.3352,26.7381,25.8921,17.6042,19.374,108.594,196.852,341.949,506.566,746.829,818.664,2947.55
monument.jpg,4,dynamic_16,219.251,74.2627,291.535,31.3627,926.921,418.332,165.515,300.957,451.697,444.88,272.587,269.831,1862.22,3386.58,5708.04,8710.11,12682,13539.1,49755.3
poke.jpg,4,dynamic_16,0.384422,0.120665,0.441953,0.053936,1.14008,0.570507,0.226908,0.417097,0.716782,0.595507,0.399939,0.284571,2.50241,4.57458,7.60152,11.3854,16.7883,18.1938,66.3984
rain_paisage.jpg,4,dynamic_16,236.902,88.9804,349.968,37.625,1085.91,521.037,200.611,369.781,0.000387,532.648,321.357,328.454,2294.42,4136.17,6993.3,11504.6,16039.8,16711.1,61752.7
sky.jpg,4,dynamic_16,77.1307,28.692,114.769,10.5018,355.843,166.02,64.6221,115.447,175.882,171.613,109.386,105.792,725.15,1326.68,2237.23,3381.42,4960.38,5461.23,19587.8
stars.jpg,4,dynamic_16,133.556,49.923,199.514,18.2637,551.018,287.5,111.962,207.277,309.483,299.559,179.629,184.795,1320.75,2347.26,3925.79,5750.08,8441.79,8492.38,32810.5
4000x3000.png,4,static,0,0,0,0,0,0,0,0,0,0,0,0,0,0,0,0,0,978.908,978.908
6000x6000.png,4,static,0,0,0,0,0,0,0,0,0,0,0,0,0,0,0,0,0,3101.61,3101.61
8k.jpeg,4,static,0,0,0,0,0,0,0,0,0,0,0,0,0,0,0,0,0,243.756,243.756
city.jpg,4,static,0,0,0,0,0,0,0,0,0,0,0,0,0,0,0,0,0,9451.43,9451.43
city2.jpg,4,static,0,0,0,0,0,0,0,0,0,0,0,0,0,0,0,0,0,8927.43,8927.43
firework.jpg,4,static,0,0,0,0,0,0,0,0,0,0,0,0,0,0,0,0,0,19910.6,19910.6
flor1.jpg,4,static,0,0,0,0,0,0,0,0,0,0,0,0,0,0,0,0,0,9008.4,9008.4
flor2.jpg,4,static,0,0,0,0,0,0,0,0,0,0,0,0,0,0,0,0,0,879.516,879.516
monument.jpg,4,static,0,0,0,0,0,0,0,0,0,0,0,0,0,0,0,0,0,18431,18431
poke.jpg,4,static,0,0,0,0,0,0,0,0,0,0,0,0,0,0,0,0,0,18.986,18.986
rain_paisage.jpg,4,static,0,0,0,0,0,0,0,0,0,0,0,0,0,0,0,0,0,22302.8,22302.8
sky.jpg,4,static,0,0,0,0,0,0,0,0,0,0,0,0,0,0,0,0,0,5676.18,5676.18
stars.jpg,4,static,0,0,0,0,0,0,0,0,0,0,0,0,0,0,0,0,0,8935.56,8935.56
4000x3000.png,4,dynamic_1,0,0,0,0,0,0,0,0,0,0,0,0,0,0,0,0,0,962.593,962.593
6000x6000.png,4,dynamic_1,0,0,0,0,0,0,0,0,0,0,0,0,0,0,0,0,0,2912.92,2912.92
8k.jpeg,4,dynamic_1,0,0,0,0,0,0,0,0,0,0,0,0,0,0,0,0,0,230.682,230.682
city.jpg,4,dynamic_1,0,0,0,0,0,0,0,0,0,0,0,0,0,0,0,0,0,7158.71,7158.71
city2.jpg,4,dynamic_1,0,0,0,0,0,0,0,0,0,0,0,0,0,0,0,0,0,8107.25,8107.25
firework.jpg,4,dynamic_1,0,0,0,0,0,0,0,0,0,0,0,0,0,0,0,0,0,16094.6,16094.6
flor1.jpg,4,dynamic_1,0,0,0,0,0,0,0,0,0,0,0,0,0,0,0,0,0,7498.36,7498.36
flor2.jpg,4,dynamic_1,0,0,0,0,0,0,0,0,0,0,0,0,0,0,0,0,0,831.532,831.532
monument.jpg,4,dynamic_1,0,0,0,0,0,0,0,0,0,0,0,0,0,0,0,0,0,13363.7,13363.7
poke.jpg,4,dynamic_1,0,0,0,0,0,0,0,0,0,0,0,0,0,0,0,0,0,18.0949,18.0949
rain_paisage.jpg,4,dynamic_1,0,0,0,0,0,0,0,0,0,0,0,0,0,0,0,0,0,16557.2,16557.2
sky.jpg,4,dynamic_1,0,0,0,0,0,0,0,0,0,0,0,0,0,0,0,0,0,5297.58,5297.58
stars.jpg,4,dynamic_1,0,0,0,0,0,0,0,0,0,0,0,0,0,0,0,0,0,8513.22,8513.22
4000x3000.png,4,dynamic_2,0,0,0,0,0,0,0,0,0,0,0,0,0,0,0,0,0,980.399,980.399
6000x6000.png,4,dynamic_2,0,0,0,0,0,0,0,0,0,0,0,0,0,0,0,0,0,2834.29,2834.29
8k.jpeg,4,dynamic_2,0,0,0,0,0,0,0,0,0,0,0,0,0,0,0,0,0,225.388,225.388
city.jpg,4,dynamic_2,0,0,0,0,0,0,0,0,0,0,0,0,0,0,0,0,0,6982.01,6982.01
city2.jpg,4,dynamic_2,0,0,0,0,0,0,0,0,0,0,0,0,0,0,0,0,0,8010.27,8010.27
firework.jpg,4,dynamic_2,0,0,0,0,0,0,0,0,0,0,0,0,0,0,0,0,0,15680.7,15680.7
flor1.jpg,4,dynamic_2,0,0,0,0,0,0,0,0,0,0,0,0,0,0,0,0,0,7541.12,7541.12
flor2.jpg,4,dynamic_2,0,0,0,0,0,0,0,0,0,0,0,0,0,0,0,0,0,852.03,852.03
monument.jpg,4,dynamic_2,0,0,0,0,0,0,0,0,0,0,0,0,0,0,0,0,0,13795.1,13795.1
poke.jpg,4,dynamic_2,0,0,0,0,0,0,0,0,0,0,0,0,0,0,0,0,0,18.5868,18.5868
rain_paisage.jpg,4,dynamic_2,0,0,0,0,0,0,0,0,0,0,0,0,0,0,0,0,0,16985.3,16985.3
sky.jpg,4,dynamic_2,0,0,0,0,0,0,0,0,0,0,0,0,0,0,0,0,0,5459.91,5459.91
stars.jpg,4,dynamic_2,0,0,0,0,0,0,0,0,0,0,0,0,0,0,0,0,0,8741.39,8741.39
4000x3000.png,4,dynamic_4,0,0,0,0,0,0,0,0,0,0,0,0,0,0,0,0,0,971.962,971.962
6000x6000.png,4,dynamic_4,0,0,0,0,0,0,0,0,0,0,0,0,0,0,0,0,0,2850.89,2850.89
8k.jpeg,4,dynamic_4,0,0,0,0,0,0,0,0,0,0,0,0,0,0,0,0,0,226.102,226.102
city.jpg,4,dynamic_4,0,0,0,0,0,0,0,0,0,0,0,0,0,0,0,0,0,7001.53,7001.53
city2.jpg,4,dynamic_4,0,0,0,0,0,0,0,0,0,0,0,0,0,0,0,0,0,7976.34,7976.34
firework.jpg,4,dynamic_4,0,0,0,0,0,0,0,0,0,0,0,0,0,0,0,0,0,15756.4,15756.4
flor1.jpg,4,dynamic_4,0,0,0,0,0,0,0,0,0,0,0,0,0,0,0,0,0,7484.93,7484.93
flor2.jpg,4,dynamic_4,0,0,0,0,0,0,0,0,0,0,0,0,0,0,0,0,0,835.674,835.674
monument.jpg,4,dynamic_4,0,0,0,0,0,0,0,0,0,0,0,0,0,0,0,0,0,13395.5,13395.5
poke.jpg,4,dynamic_4,0,0,0,0,0,0,0,0,0,0,0,0,0,0,0,0,0,18.3868,18.3868
rain_paisage.jpg,4,dynamic_4,0,0,0,0,0,0,0,0,0,0,0,0,0,0,0,0,0,16586.6,16586.6
sky.jpg,4,dynamic_4,0,0,0,0,0,0,0,0,0,0,0,0,0,0,0,0,0,5315.17,5315.17
stars.jpg,4,dynamic_4,0,0,0,0,0,0,0,0,0,0,0,0,0,0,0,0,0,8548.68,8548.68
4000x3000.png,4,dynamic_8,0,0,0,0,0,0,0,0,0,0,0,0,0,0,0,0,0,959.314,959.314
6000x6000.png,4,dynamic_8,0,0,0,0,0,0,0,0,0,0,0,0,0,0,0,0,0,2831.17,2831.17
8k.jpeg,4,dynamic_8,0,0,0,0,0,0,0,0,0,0,0,0,0,0,0,0,0,224.193,224.193
city.jpg,4,dynamic_8,0,0,0,0,0,0,0,0,0,0,0,0,0,0,0,0,0,6948.65,6948.65
city2.jpg,4,dynamic_8,0,0,0,0,0,0,0,0,0,0,0,0,0,0,0,0,0,7871.58,7871.58
firework.jpg,4,dynamic_8,0,0,0,0,0,0,0,0,0,0,0,0,0,0,0,0,0,15646.9,15646.9
flor1.jpg,4,dynamic_8,0,0,0,0,0,0,0,0,0,0,0,0,0,0,0,0,0,7419.82,7419.82
flor2.jpg,4,dynamic_8,0,0,0,0,0,0,0,0,0,0,0,0,0,0,0,0,0,822.346,822.346
monument.jpg,4,dynamic_8,0,0,0,0,0,0,0,0,0,0,0,0,0,0,0,0,0,13603.8,13603.8
poke.jpg,4,dynamic_8,0,0,0,0,0,0,0,0,0,0,0,0,0,0,0,0,0,18.9656,18.9656
rain_paisage.jpg,4,dynamic_8,0,0,0,0,0,0,0,0,0,0,0,0,0,0,0,0,0,16907.5,16907.5
sky.jpg,4,dynamic_8,0,0,0,0,0,0,0,0,0,0,0,0,0,0,0,0,0,5447.06,5447.06
stars.jpg,4,dynamic_8,0,0,0,0,0,0,0,0,0,0,0,0,0,0,0,0,0,8737.04,8737.04
4000x3000.png,4,dynamic_32,0,0,0,0,0,0,0,0,0,0,0,0,0,0,0,0,0,971.074,971.074
6000x6000.png,4,dynamic_32,0,0,0,0,0,0,0,0,0,0,0,0,0,0,0,0,0,2836.55,2836.55
8k.jpeg,4,dynamic_32,0,0,0,0,0,0,0,0,0,0,0,0,0,0,0,0,0,227.126,227.126
city.jpg,4,dynamic_32,0,0,0,0,0,0,0,0,0,0,0,0,0,0,0,0,0,6972.47,6972.47
city2.jpg,4,dynamic_32,0,0,0,0,0,0,0,0,0,0,0,0,0,0,0,0,0,7925.13,7925.13
firework.jpg,4,dynamic_32,0,0,0,0,0,0,0,0,0,0,0,0,0,0,0,0,0,15671.5,15671.5
flor1.jpg,4,dynamic_32,0,0,0,0,0,0,0,0,0,0,0,0,0,0,0,0,0,7493.5,7493.5
flor2.jpg,4,dynamic_32,0,0,0,0,0,0,0,0,0,0,0,0,0,0,0,0,0,830.943,830.943
monument.jpg,4,dynamic_32,0,0,0,0,0,0,0,0,0,0,0,0,0,0,0,0,0,13343.5,13343.5
poke.jpg,4,dynamic_32,0,0,0,0,0,0,0,0,0,0,0,0,0,0,0,0,0,19.012,19.012
rain_paisage.jpg,4,dynamic_32,0,0,0,0,0,0,0,0,0,0,0,0,0,0,0,0,0,16506,16506
sky.jpg,4,dynamic_32,0,0,0,0,0,0,0,0,0,0,0,0,0,0,0,0,0,5310.34,5310.34
stars.jpg,4,dynamic_32,0,0,0,0,0,0,0,0,0,0,0,0,0,0,0,0,0,8518.51,8518.51
4000x3000.png,4,dynamic_64,0,0,0,0,0,0,0,0,0,0,0,0,0,0,0,0,0,971.737,971.737
6000x6000.png,4,dynamic_64,0,0,0,0,0,0,0,0,0,0,0,0,0,0,0,0,0,2883.22,2883.22
8k.jpeg,4,dynamic_64,0,0,0,0,0,0,0,0,0,0,0,0,0,0,0,0,0,237.699,237.699
city.jpg,4,dynamic_64,0,0,0,0,0,0,0,0,0,0,0,0,0,0,0,0,0,6967.5,6967.5
city2.jpg,4,dynamic_64,0,0,0,0,0,0,0,0,0,0,0,0,0,0,0,0,0,7909.75,7909.75
firework.jpg,4,dynamic_64,0,0,0,0,0,0,0,0,0,0,0,0,0,0,0,0,0,15699.3,15699.3
flor1.jpg,4,dynamic_64,0,0,0,0,0,0,0,0,0,0,0,0,0,0,0,0,0,7452.2,7452.2
flor2.jpg,4,dynamic_64,0,0,0,0,0,0,0,0,0,0,0,0,0,0,0,0,0,828.283,828.283
monument.jpg,4,dynamic_64,0,0,0,0,0,0,0,0,0,0,0,0,0,0,0,0,0,13342.8,13342.8
poke.jpg,4,dynamic_64,0,0,0,0,0,0,0,0,0,0,0,0,0,0,0,0,0,21.5721,21.5721
rain_paisage.jpg,4,dynamic_64,0,0,0,0,0,0,0,0,0,0,0,0,0,0,0,0,0,16451.7,16451.7
sky.jpg,4,dynamic_64,0,0,0,0,0,0,0,0,0,0,0,0,0,0,0,0,0,5282.53,5282.53
stars.jpg,4,dynamic_64,0,0,0,0,0,0,0,0,0,0,0,0,0,0,0,0,0,8545.94,8545.94
4000x3000.png,4,dynamic_128,0,0,0,0,0,0,0,0,0,0,0,0,0,0,0,0,0,976.707,976.707
6000x6000.png,4,dynamic_128,0,0,0,0,0,0,0,0,0,0,0,0,0,0,0,0,0,2851.31,2851.31
8k.jpeg,4,dynamic_128,0,0,0,0,0,0,0,0,0,0,0,0,0,0,0,0,0,249.485,249.485
city.jpg,4,dynamic_128,0,0,0,0,0,0,0,0,0,0,0,0,0,0,0,0,0,6973.52,6973.52
city2.jpg,4,dynamic_128,0,0,0,0,0,0,0,0,0,0,0,0,0,0,0,0,0,7951.29,7951.29
firework.jpg,4,dynamic_128,0,0,0,0,0,0,0,0,0,0,0,0,0,0,0,0,0,15704.9,15704.9
flor1.jpg,4,dynamic_128,0,0,0,0,0,0,0,0,0,0,0,0,0,0,0,0,0,7489.23,7489.23
flor2.jpg,4,dynamic_128,0,0,0,0,0,0,0,0,0,0,0,0,0,0,0,0,0,838.238,838.238
monument.jpg,4,dynamic_128,0,0,0,0,0,0,0,0,0,0,0,0,0,0,0,0,0,13340.5,13340.5
poke.jpg,4,dynamic_128,0,0,0,0,0,0,0,0,0,0,0,0,0,0,0,0,0,23.4995,23.4995
rain_paisage.jpg,4,dynamic_128,0,0,0,0,0,0,0,0,0,0,0,0,0,0,0,0,0,16473.3,16473.3
sky.jpg,4,dynamic_128,0,0,0,0,0,0,0,0,0,0,0,0,0,0,0,0,0,5289.29,5289.29
stars.jpg,4,dynamic_128,0,0,0,0,0,0,0,0,0,0,0,0,0,0,0,0,0,8519.58,8519.58
4000x3000.png,5,dynamic_16,11.9783,4.38026,17.2371,1.50402,52.5196,24.767,9.6511,17.7496,26.9682,26.6554,18.6371,18.4549,109.732,197.872,333.803,505.77,741.612,791.852,2911.14
6000x6000.png,5,dynamic_16,34.593,12.8971,51.5114,5.25595,141.858,74.5558,29.211,53.1537,80.145,77.458,55.456,55.4925,331.495,596.558,1016.66,1576.95,2226.82,2344.72,8764.8
8k.jpeg,5,dynamic_16,2.84551,1.17033,4.15205,0.409372,11.3018,5.91807,2.36699,4.17713,6.77767,6.25949,7.1069,4.67176,25.5719,46.5324,79.1453,119.123,175.109,186.871,689.509
city.jpg,5,dynamic_16,81.859,30.2737,120.795,13.3186,371.886,174.938,67.7399,123.238,207.797,180.851,112.579,111.232,765.04,1402.59,2382.41,3897.34,5605.93,5771.69,21421.5
city2.jpg,5,dynamic_16,92.4762,34.4501,137.338,15.4527,434.516,205.723,91.4424,138.78,213.012,204.802,134.481,130.741,852.445,1590.44,2693.85,4061.2,5966.99,6465.24,23463.4
firework.jpg,5,dynamic_16,178.747,66.3353,265.128,30.6699,735.385,382.96,151.877,269.555,0.000495,398.847,275.046,269.262,1683.25,3054.9,5172.45,7838.92,11605.2,12939,45317.5
flor1.jpg,5,dynamic_16,84.3999,31.346,126.081,13.8609,382.951,179.829,70.096,126.95,192.821,187.582,131.692,131.115,800.888,1454.36,2479.56,3722.39,5465.91,6132.34,21714.2
flor2.jpg,5,dynamic_16,9.59834,3.69179,14.1489,1.12467,42.9299,20.3383,7.97889,14.2513,22.1719,21.0972,15.1772,16.699,90.072,163.614,276.388,444.446,617.021,678.151,2458.9
monument.jpg,5,dynamic_16,163.64,62.1713,264.114,34.1625,741.752,348.445,138.025,249.515,388.903,362.079,236.12,230.281,1543.66,2791.6,4719.11,7168.86,10496.1,11038.2,40976.8
poke.jpg,5,dynamic_16,0.319352,0.095616,0.327328,0.047127,0.954815,0.471912,0.187051,0.343744,0.605002,0.481351,0.271984,0.300028,2.11068,3.73794,6.24251,9.60383,13.6753,15.5261,55.3017
rain_paisage.jpg,5,dynamic_16,193.234,73.2284,295.522,33.5901,876.31,412.492,160.55,296.886,0.00038,449.497,280.745,269.587,1811.51,3308.6,5601.39,9195.55,13206.4,13613.4,50078.5
sky.jpg,5,dynamic_16,61.8279,22.9341,97.1384,9.97174,280.586,137.262,51.5093,93.4543,141.224,137.852,88.9111,86.2262,578.456,1055.8,1790.32,2704.51,3973.03,4367.86,15678.9
stars.jpg,5,dynamic_16,109.476,39.9772,160.426,18.4871,450.117,230.969,90.1263,166.366,248.297,240.188,148.311,151.969,1052.2,1889.7,3149.98,4754.42,6969.16,7009.8,26880
4000x3000.png,5,static,0,0,0,0,0,0,0,0,0,0,0,0,0,0,0,0,0,828.922,828.922
6000x6000.png,5,static,0,0,0,0,0,0,0,0,0,0,0,0,0,0,0,0,0,2554.21,2554.21
8k.jpeg,5,static,0,0,0,0,0,0,0,0,0,0,0,0,0,0,0,0,0,207.639,207.639
city.jpg,5,static,0,0,0,0,0,0,0,0,0,0,0,0,0,0,0,0,0,7710.63,7710.63
city2.jpg,5,static,0,0,0,0,0,0,0,0,0,0,0,0,0,0,0,0,0,7195.69,7195.69
firework.jpg,5,static,0,0,0,0,0,0,0,0,0,0,0,0,0,0,0,0,0,16538.8,16538.8
flor1.jpg,5,static,0,0,0,0,0,0,0,0,0,0,0,0,0,0,0,0,0,7368.41,7368.41
flor2.jpg,5,static,0,0,0,0,0,0,0,0,0,0,0,0,0,0,0,0,0,748.414,748.414
monument.jpg,5,static,0,0,0,0,0,0,0,0,0,0,0,0,0,0,0,0,0,15060.2,15060.2
poke.jpg,5,static,0,0,0,0,0,0,0,0,0,0,0,0,0,0,0,0,0,15.9888,15.9888
rain_paisage.jpg,5,static,0,0,0,0,0,0,0,0,0,0,0,0,0,0,0,0,0,18022.9,18022.9
sky.jpg,5,static,0,0,0,0,0,0,0,0,0,0,0,0,0,0,0,0,0,4543.42,4543.42
stars.jpg,5,static,0,0,0,0,0,0,0,0,0,0,0,0,0,0,0,0,0,7354.48,7354.48
4000x3000.png,5,dynamic_1,0,0,0,0,0,0,0,0,0,0,0,0,0,0,0,0,0,794.685,794.685
6000x6000.png,5,dynamic_1,0,0,0,0,0,0,0,0,0,0,0,0,0,0,0,0,0,2339.04,2339.04
8k.jpeg,5,dynamic_1,0,0,0,0,0,0,0,0,0,0,0,0,0,0,0,0,0,186.152,186.152
city.jpg,5,dynamic_1,0,0,0,0,0,0,0,0,0,0,0,0,0,0,0,0,0,5700.43,5700.43
city2.jpg,5,dynamic_1,0,0,0,0,0,0,0,0,0,0,0,0,0,0,0,0,0,6510.56,6510.56
firework.jpg,5,dynamic_1,0,0,0,0,0,0,0,0,0,0,0,0,0,0,0,0,0,12743.1,12743.1
flor1.jpg,5,dynamic_1,0,0,0,0,0,0,0,0,0,0,0,0,0,0,0,0,0,6132.51,6132.51
flor2.jpg,5,dynamic_1,0,0,0,0,0,0,0,0,0,0,0,0,0,0,0,0,0,678.395,678.395
monument.jpg,5,dynamic_1,0,0,0,0,0,0,0,0,0,0,0,0,0,0,0,0,0,11001.9,11001.9
poke.jpg,5,dynamic_1,0,0,0,0,0,0,0,0,0,0,0,0,0,0,0,0,0,14.9904,14.9904
rain_paisage.jpg,5,dynamic_1,0,0,0,0,0,0,0,0,0,0,0,0,0,0,0,0,0,13599.3,13599.3
sky.jpg,5,dynamic_1,0,0,0,0,0,0,0,0,0,0,0,0,0,0,0,0,0,4362.23,4362.23
stars.jpg,5,dynamic_1,0,0,0,0,0,0,0,0,0,0,0,0,0,0,0,0,0,7031.25,7031.25
4000x3000.png,5,dynamic_2,0,0,0,0,0,0,0,0,0,0,0,0,0,0,0,0,0,791.539,791.539
6000x6000.png,5,dynamic_2,0,0,0,0,0,0,0,0,0,0,0,0,0,0,0,0,0,2338.51,2338.51
8k.jpeg,5,dynamic_2,0,0,0,0,0,0,0,0,0,0,0,0,0,0,0,0,0,186.642,186.642
city.jpg,5,dynamic_2,0,0,0,0,0,0,0,0,0,0,0,0,0,0,0,0,0,5726.95,5726.95
city2.jpg,5,dynamic_2,0,0,0,0,0,0,0,0,0,0,0,0,0,0,0,0,0,6505.2,6505.2
firework.jpg,5,dynamic_2,0,0,0,0,0,0,0,0,0,0,0,0,0,0,0,0,0,12774.2,12774.2
flor1.jpg,5,dynamic_2,0,0,0,0,0,0,0,0,0,0,0,0,0,0,0,0,0,6148.51,6148.51
flor2.jpg,5,dynamic_2,0,0,0,0,0,0,0,0,0,0,0,0,0,0,0,0,0,678.343,678.343
monument.jpg,5,dynamic_2,0,0,0,0,0,0,0,0,0,0,0,0,0,0,0,0,0,10996.8,10996.8
poke.jpg,5,dynamic_2,0,0,0,0,0,0,0,0,0,0,0,0,0,0,0,0,0,14.9075,14.9075
rain_paisage.jpg,5,dynamic_2,0,0,0,0,0,0,0,0,0,0,0,0,0,0,0,0,0,13588,13588
sky.jpg,5,dynamic_2,0,0,0,0,0,0,0,0,0,0,0,0,0,0,0,0,0,4362,4362
stars.jpg,5,dynamic_2,0,0,0,0,0,0,0,0,0,0,0,0,0,0,0,0,0,7052.52,7052.52
4000x3000.png,5,dynamic_4,0,0,0,0,0,0,0,0,0,0,0,0,0,0,0,0,0,792.209,792.209
6000x6000.png,5,dynamic_4,0,0,0,0,0,0,0,0,0,0,0,0,0,0,0,0,0,2338.21,2338.21
8k.jpeg,5,dynamic_4,0,0,0,0,0,0,0,0,0,0,0,0,0,0,0,0,0,186.792,186.792
city.jpg,5,dynamic_4,0,0,0,0,0,0,0,0,0,0,0,0,0,0,0,0,0,5700.3,5700.3
city2.jpg,5,dynamic_4,0,0,0,0,0,0,0,0,0,0,0,0,0,0,0,0,0,6497.65,6497.65
firework.jpg,5,dynamic_4,0,0,0,0,0,0,0,0,0,0,0,0,0,0,0,0,0,12785.5,12785.5
flor1.jpg,5,dynamic_4,0,0,0,0,0,0,0,0,0,0,0,0,0,0,0,0,0,6127.04,6127.04
flor2.jpg,5,dynamic_4,0,0,0,0,0,0,0,0,0,0,0,0,0,0,0,0,0,687.421,687.421
monument.jpg,5,dynamic_4,0,0,0,0,0,0,0,0,0,0,0,0,0,0,0,0,0,10987.2,10987.2
poke.jpg,5,dynamic_4,0,0,0,0,0,0,0,0,0,0,0,0,0,0,0,0,0,15.0211,15.0211
rain_paisage.jpg,5,dynamic_4,0,0,0,0,0,0,0,0,0,0,0,0,0,0,0,0,0,13584.1,13584.1
sky.jpg,5,dynamic_4,0,0,0,0,0,0,0,0,0,0,0,0,0,0,0,0,0,4374.61,4374.61
stars.jpg,5,dynamic_4,0,0,0,0,0,0,0,0,0,0,0,0,0,0,0,0,0,7044.32,7044.32
4000x3000.png,5,dynamic_8,0,0,0,0,0,0,0,0,0,0,0,0,0,0,0,0,0,793.024,793.024
6000x6000.png,5,dynamic_8,0,0,0,0,0,0,0,0,0,0,0,0,0,0,0,0,0,2345.95,2345.95
8k.jpeg,5,dynamic_8,0,0,0,0,0,0,0,0,0,0,0,0,0,0,0,0,0,186.418,186.418
city.jpg,5,dynamic_8,0,0,0,0,0,0,0,0,0,0,0,0,0,0,0,0,0,5705,5705
city2.jpg,5,dynamic_8,0,0,0,0,0,0,0,0,0,0,0,0,0,0,0,0,0,6501.83,6501.83
firework.jpg,5,dynamic_8,0,0,0,0,0,0,0,0,0,0,0,0,0,0,0,0,0,12770.4,12770.4
flor1.jpg,5,dynamic_8,0,0,0,0,0,0,0,0,0,0,0,0,0,0,0,0,0,6139.41,6139.41
flor2.jpg,5,dynamic_8,0,0,0,0,0,0,0,0,0,0,0,0,0,0,0,0,0,678.917,678.917
monument.jpg,5,dynamic_8,0,0,0,0,0,0,0,0,0,0,0,0,0,0,0,0,0,10949.3,10949.3
poke.jpg,5,dynamic_8,0,0,0,0,0,0,0,0,0,0,0,0,0,0,0,0,0,15.2442,15.2442
rain_paisage.jpg,5,dynamic_8,0,0,0,0,0,0,0,0,0,0,0,0,0,0,0,0,0,13565.9,13565.9
sky.jpg,5,dynamic_8,0,0,0,0,0,0,0,0,0,0,0,0,0,0,0,0,0,4354.4,4354.4
stars.jpg,5,dynamic_8,0,0,0,0,0,0,0,0,0,0,0,0,0,0,0,0,0,7003.12,7003.12
4000x3000.png,5,dynamic_32,0,0,0,0,0,0,0,0,0,0,0,0,0,0,0,0,0,812.109,812.109
6000x6000.png,5,dynamic_32,0,0,0,0,0,0,0,0,0,0,0,0,0,0,0,0,0,2332.84,2332.84
8k.jpeg,5,dynamic_32,0,0,0,0,0,0,0,0,0,0,0,0,0,0,0,0,0,191.473,191.473
city.jpg,5,dynamic_32,0,0,0,0,0,0,0,0,0,0,0,0,0,0,0,0,0,5701.29,5701.29
city2.jpg,5,dynamic_32,0,0,0,0,0,0,0,0,0,0,0,0,0,0,0,0,0,6506.61,6506.61
firework.jpg,5,dynamic_32,0,0,0,0,0,0,0,0,0,0,0,0,0,0,0,0,0,12779.1,12779.1
flor1.jpg,5,dynamic_32,0,0,0,0,0,0,0,0,0,0,0,0,0,0,0,0,0,6124.8,6124.8
flor2.jpg,5,dynamic_32,0,0,0,0,0,0,0,0,0,0,0,0,0,0,0,0,0,684.122,684.122
monument.jpg,5,dynamic_32,0,0,0,0,0,0,0,0,0,0,0,0,0,0,0,0,0,10943.9,10943.9
poke.jpg,5,dynamic_32,0,0,0,0,0,0,0,0,0,0,0,0,0,0,0,0,0,16.1716,16.1716
rain_paisage.jpg,5,dynamic_32,0,0,0,0,0,0,0,0,0,0,0,0,0,0,0,0,0,13586.5,13586.5
sky.jpg,5,dynamic_32,0,0,0,0,0,0,0,0,0,0,0,0,0,0,0,0,0,4354.4,4354.4
stars.jpg,5,dynamic_32,0,0,0,0,0,0,0,0,0,0,0,0,0,0,0,0,0,7018.42,7018.42
4000x3000.png,5,dynamic_64,0,0,0,0,0,0,0,0,0,0,0,0,0,0,0,0,0,801.768,801.768
6000x6000.png,5,dynamic_64,0,0,0,0,0,0,0,0,0,0,0,0,0,0,0,0,0,2358.37,2358.37
8k.jpeg,5,dynamic_64,0,0,0,0,0,0,0,0,0,0,0,0,0,0,0,0,0,200.868,200.868
city.jpg,5,dynamic_64,0,0,0,0,0,0,0,0,0,0,0,0,0,0,0,0,0,5720.31,5720.31
city2.jpg,5,dynamic_64,0,0,0,0,0,0,0,0,0,0,0,0,0,0,0,0,0,6508.84,6508.84
firework.jpg,5,dynamic_64,0,0,0,0,0,0,0,0,0,0,0,0,0,0,0,0,0,12801.3,12801.3
flor1.jpg,5,dynamic_64,0,0,0,0,0,0,0,0,0,0,0,0,0,0,0,0,0,6145.54,6145.54
flor2.jpg,5,dynamic_64,0,0,0,0,0,0,0,0,0,0,0,0,0,0,0,0,0,696.624,696.624
monument.jpg,5,dynamic_64,0,0,0,0,0,0,0,0,0,0,0,0,0,0,0,0,0,10941.1,10941.1
poke.jpg,5,dynamic_64,0,0,0,0,0,0,0,0,0,0,0,0,0,0,0,0,0,16.4553,16.4553
rain_paisage.jpg,5,dynamic_64,0,0,0,0,0,0,0,0,0,0,0,0,0,0,0,0,0,13605.8,13605.8
sky.jpg,5,dynamic_64,0,0,0,0,0,0,0,0,0,0,0,0,0,0,0,0,0,4384.4,4384.4
stars.jpg,5,dynamic_64,0,0,0,0,0,0,0,0,0,0,0,0,0,0,0,0,0,7041.88,7041.88
4000x3000.png,5,dynamic_128,0,0,0,0,0,0,0,0,0,0,0,0,0,0,0,0,0,825.404,825.404
6000x6000.png,5,dynamic_128,0,0,0,0,0,0,0,0,0,0,0,0,0,0,0,0,0,2405.21,2405.21
8k.jpeg,5,dynamic_128,0,0,0,0,0,0,0,0,0,0,0,0,0,0,0,0,0,213.477,213.477
city.jpg,5,dynamic_128,0,0,0,0,0,0,0,0,0,0,0,0,0,0,0,0,0,5738.39,5738.39
city2.jpg,5,dynamic_128,0,0,0,0,0,0,0,0,0,0,0,0,0,0,0,0,0,6567.25,6567.25
firework.jpg,5,dynamic_128,0,0,0,0,0,0,0,0,0,0,0,0,0,0,0,0,0,12823.6,12823.6
flor1.jpg,5,dynamic_128,0,0,0,0,0,0,0,0,0,0,0,0,0,0,0,0,0,6173.1,6173.1
flor2.jpg,5,dynamic_128,0,0,0,0,0,0,0,0,0,0,0,0,0,0,0,0,0,704.038,704.038
monument.jpg,5,dynamic_128,0,0,0,0,0,0,0,0,0,0,0,0,0,0,0,0,0,10966.9,10966.9
poke.jpg,5,dynamic_128,0,0,0,0,0,0,0,0,0,0,0,0,0,0,0,0,0,22.4947,22.4947
rain_paisage.jpg,5,dynamic_128,0,0,0,0,0,0,0,0,0,0,0,0,0,0,0,0,0,13634.8,13634.8
sky.jpg,5,dynamic_128,0,0,0,0,0,0,0,0,0,0,0,0,0,0,0,0,0,4437.04,4437.04
stars.jpg,5,dynamic_128,0,0,0,0,0,0,0,0,0,0,0,0,0,0,0,0,0,7082.75,7082.75
4000x3000.png,6,dynamic_16,10.2565,3.78529,14.5116,1.50369,43.6023,20.6834,8.26044,14.8736,23.6077,22.7882,16.5009,16.7332,91.9585,164.867,278.987,424.929,617.445,672.296,2447.59
6000x6000.png,6,dynamic_16,29.3501,11.9238,45.6508,5.48442,119.628,61.787,24.2959,45.3543,67.9735,65.7349,47.5777,49.148,290.758,532.008,843.223,1271.19,1876.33,1977.47,7364.88
8k.jpeg,6,dynamic_16,2.43177,1.03386,3.50481,0.400078,9.4871,4.98116,2.00214,3.54768,5.4969,5.33187,7.00851,3.82323,21.5748,38.9836,65.8126,99.8774,147.004,159.011,581.312
city.jpg,6,dynamic_16,74.7778,25.9981,101.479,14.4714,312,145.975,57.8112,105.25,186.824,152.02,101.946,100.049,644.471,1173.1,1991.82,3262.78,4695.86,4843.19,17989.8
city2.jpg,6,dynamic_16,84.1205,31.0359,123.244,21.5845,376.464,165.804,64.8662,117.254,177.079,184.41,117.385,120.663,735.417,1338.25,2239.66,3394.67,4992.51,5531.28,19815.7
firework.jpg,6,dynamic_16,149.886,56.7098,221.726,33.0817,615.346,319.465,125.488,226.444,0.000491,339.349,240.379,240.5,1470.25,2575.94,4347,6580.27,9673.13,10946.6,38161.5
flor1.jpg,6,dynamic_16,70.9163,27.0239,107.549,15.2873,325.03,150.884,59.6655,106.269,163.048,163.115,116.507,114.437,671.044,1218.99,2056.95,3102.19,4569.87,5199.41,18238.2
flor2.jpg,6,dynamic_16,8.10607,3.21002,11.9411,1.04648,36.1018,17.3244,6.75834,12.0833,19.0692,17.6283,13.6339,15.0433,75.6009,137.573,231.354,350.347,516.546,585.044,2058.41
monument.jpg,6,dynamic_16,143.761,51.7019,202.779,30.2369,620.275,294.94,113.839,207.415,315.772,302.113,207.485,215.132,1294.53,2322.72,3947.11,5962.72,8781.37,9281.13,34295
poke.jpg,6,dynamic_16,0.287167,0.082741,0.279168,0.044143,0.808293,0.39843,0.158323,0.313501,0.33398,0.413109,0.24787,0.247796,1.78164,3.11799,5.21954,7.86905,11.5614,13.1138,46.278
rain_paisage.jpg,6,dynamic_16,162.055,61.5531,239.575,37.3087,735.343,345.135,136.048,264.327,0.000385,356.138,234.438,244.713,1530.07,2780.83,4717.39,7760.13,11055.7,11580.8,42241.5
sky.jpg,6,dynamic_16,51.6073,19.7788,76.6331,10.6167,245.905,123.715,43.5398,78.1428,119.034,115.852,79.4985,77.4047,483.594,887.415,1499.93,2284.03,3334.53,3732.03,13263.2
stars.jpg,6,dynamic_16,90.2693,34.1915,133.65,19.3517,370.117,195.933,75.4871,139.437,206.06,201.133,132.127,135.395,896.211,1568.38,2634.54,4043.48,5904.02,5927.97,22707.8
4000x3000.png,6,static,0,0,0,0,0,0,0,0,0,0,0,0,0,0,0,0,0,704.299,704.299
6000x6000.png,6,static,0,0,0,0,0,0,0,0,0,0,0,0,0,0,0,0,0,2184.25,2184.25
8k.jpeg,6,static,0,0,0,0,0,0,0,0,0,0,0,0,0,0,0,0,0,177.284,177.284
city.jpg,6,static,0,0,0,0,0,0,0,0,0,0,0,0,0,0,0,0,0,6471.17,6471.17
city2.jpg,6,static,0,0,0,0,0,0,0,0,0,0,0,0,0,0,0,0,0,6181.79,6181.79
firework.jpg,6,static,0,0,0,0,0,0,0,0,0,0,0,0,0,0,0,0,0,13943,13943
flor1.jpg,6,static,0,0,0,0,0,0,0,0,0,0,0,0,0,0,0,0,0,6201.31,6201.31
flor2.jpg,6,static,0,0,0,0,0,0,0,0,0,0,0,0,0,0,0,0,0,619.818,619.818
monument.jpg,6,static,0,0,0,0,0,0,0,0,0,0,0,0,0,0,0,0,0,12660.2,12660.2
poke.jpg,6,static,0,0,0,0,0,0,0,0,0,0,0,0,0,0,0,0,0,13.2805,13.2805
rain_paisage.jpg,6,static,0,0,0,0,0,0,0,0,0,0,0,0,0,0,0,0,0,15235.4,15235.4
sky.jpg,6,static,0,0,0,0,0,0,0,0,0,0,0,0,0,0,0,0,0,3886.73,3886.73
stars.jpg,6,static,0,0,0,0,0,0,0,0,0,0,0,0,0,0,0,0,0,6261.11,6261.11
4000x3000.png,6,dynamic_1,0,0,0,0,0,0,0,0,0,0,0,0,0,0,0,0,0,670.615,670.615
6000x6000.png,6,dynamic_1,0,0,0,0,0,0,0,0,0,0,0,0,0,0,0,0,0,1981.7,1981.7
8k.jpeg,6,dynamic_1,0,0,0,0,0,0,0,0,0,0,0,0,0,0,0,0,0,158.006,158.006
city.jpg,6,dynamic_1,0,0,0,0,0,0,0,0,0,0,0,0,0,0,0,0,0,4871.36,4871.36
city2.jpg,6,dynamic_1,0,0,0,0,0,0,0,0,0,0,0,0,0,0,0,0,0,5575.45,5575.45
firework.jpg,6,dynamic_1,0,0,0,0,0,0,0,0,0,0,0,0,0,0,0,0,0,10946.5,10946.5
flor1.jpg,6,dynamic_1,0,0,0,0,0,0,0,0,0,0,0,0,0,0,0,0,0,5205.76,5205.76
flor2.jpg,6,dynamic_1,0,0,0,0,0,0,0,0,0,0,0,0,0,0,0,0,0,574.607,574.607
monument.jpg,6,dynamic_1,0,0,0,0,0,0,0,0,0,0,0,0,0,0,0,0,0,9375.92,9375.92
poke.jpg,6,dynamic_1,0,0,0,0,0,0,0,0,0,0,0,0,0,0,0,0,0,12.6442,12.6442
rain_paisage.jpg,6,dynamic_1,0,0,0,0,0,0,0,0,0,0,0,0,0,0,0,0,0,11538.9,11538.9
sky.jpg,6,dynamic_1,0,0,0,0,0,0,0,0,0,0,0,0,0,0,0,0,0,3700.52,3700.52
stars.jpg,6,dynamic_1,0,0,0,0,0,0,0,0,0,0,0,0,0,0,0,0,0,5964.24,5964.24
4000x3000.png,6,dynamic_2,0,0,0,0,0,0,0,0,0,0,0,0,0,0,0,0,0,672.777,672.777
6000x6000.png,6,dynamic_2,0,0,0,0,0,0,0,0,0,0,0,0,0,0,0,0,0,1984.24,1984.24
8k.jpeg,6,dynamic_2,0,0,0,0,0,0,0,0,0,0,0,0,0,0,0,0,0,157.673,157.673
city.jpg,6,dynamic_2,0,0,0,0,0,0,0,0,0,0,0,0,0,0,0,0,0,4829.45,4829.45
city2.jpg,6,dynamic_2,0,0,0,0,0,0,0,0,0,0,0,0,0,0,0,0,0,5504.71,5504.71
firework.jpg,6,dynamic_2,0,0,0,0,0,0,0,0,0,0,0,0,0,0,0,0,0,10950.2,10950.2
flor1.jpg,6,dynamic_2,0,0,0,0,0,0,0,0,0,0,0,0,0,0,0,0,0,5196.04,5196.04
flor2.jpg,6,dynamic_2,0,0,0,0,0,0,0,0,0,0,0,0,0,0,0,0,0,579.193,579.193
monument.jpg,6,dynamic_2,0,0,0,0,0,0,0,0,0,0,0,0,0,0,0,0,0,9306.32,9306.32
poke.jpg,6,dynamic_2,0,0,0,0,0,0,0,0,0,0,0,0,0,0,0,0,0,12.7982,12.7982
rain_paisage.jpg,6,dynamic_2,0,0,0,0,0,0,0,0,0,0,0,0,0,0,0,0,0,11510.6,11510.6
sky.jpg,6,dynamic_2,0,0,0,0,0,0,0,0,0,0,0,0,0,0,0,0,0,3683.77,3683.77
stars.jpg,6,dynamic_2,0,0,0,0,0,0,0,0,0,0,0,0,0,0,0,0,0,5959.45,5959.45
4000x3000.png,6,dynamic_4,0,0,0,0,0,0,0,0,0,0,0,0,0,0,0,0,0,682.143,682.143
6000x6000.png,6,dynamic_4,0,0,0,0,0,0,0,0,0,0,0,0,0,0,0,0,0,1976.77,1976.77
8k.jpeg,6,dynamic_4,0,0,0,0,0,0,0,0,0,0,0,0,0,0,0,0,0,157.182,157.182
city.jpg,6,dynamic_4,0,0,0,0,0,0,0,0,0,0,0,0,0,0,0,0,0,4850.91,4850.91
city2.jpg,6,dynamic_4,0,0,0,0,0,0,0,0,0,0,0,0,0,0,0,0,0,5522.21,5522.21
firework.jpg,6,dynamic_4,0,0,0,0,0,0,0,0,0,0,0,0,0,0,0,0,0,10896.7,10896.7
flor1.jpg,6,dynamic_4,0,0,0,0,0,0,0,0,0,0,0,0,0,0,0,0,0,5197.43,5197.43
flor2.jpg,6,dynamic_4,0,0,0,0,0,0,0,0,0,0,0,0,0,0,0,0,0,573.617,573.617
monument.jpg,6,dynamic_4,0,0,0,0,0,0,0,0,0,0,0,0,0,0,0,0,0,9315.82,9315.82
poke.jpg,6,dynamic_4,0,0,0,0,0,0,0,0,0,0,0,0,0,0,0,0,0,13.5113,13.5113
rain_paisage.jpg,6,dynamic_4,0,0,0,0,0,0,0,0,0,0,0,0,0,0,0,0,0,11482.2,11482.2
sky.jpg,6,dynamic_4,0,0,0,0,0,0,0,0,0,0,0,0,0,0,0,0,0,3684.27,3684.27
stars.jpg,6,dynamic_4,0,0,0,0,0,0,0,0,0,0,0,0,0,0,0,0,0,5928.97,5928.97
4000x3000.png,6,dynamic_8,0,0,0,0,0,0,0,0,0,0,0,0,0,0,0,0,0,671.299,671.299
6000x6000.png,6,dynamic_8,0,0,0,0,0,0,0,0,0,0,0,0,0,0,0,0,0,1984.17,1984.17
8k.jpeg,6,dynamic_8,0,0,0,0,0,0,0,0,0,0,0,0,0,0,0,0,0,159.968,159.968
city.jpg,6,dynamic_8,0,0,0,0,0,0,0,0,0,0,0,0,0,0,0,0,0,4885.99,4885.99
city2.jpg,6,dynamic_8,0,0,0,0,0,0,0,0,0,0,0,0,0,0,0,0,0,5530.04,5530.04
firework.jpg,6,dynamic_8,0,0,0,0,0,0,0,0,0,0,0,0,0,0,0,0,0,10996.6,10996.6
flor1.jpg,6,dynamic_8,0,0,0,0,0,0,0,0,0,0,0,0,0,0,0,0,0,5210.27,5210.27
flor2.jpg,6,dynamic_8,0,0,0,0,0,0,0,0,0,0,0,0,0,0,0,0,0,576.669,576.669
monument.jpg,6,dynamic_8,0,0,0,0,0,0,0,0,0,0,0,0,0,0,0,0,0,9318.5,9318.5
poke.jpg,6,dynamic_8,0,0,0,0,0,0,0,0,0,0,0,0,0,0,0,0,0,12.8237,12.8237
rain_paisage.jpg,6,dynamic_8,0,0,0,0,0,0,0,0,0,0,0,0,0,0,0,0,0,11573.5,11573.5
sky.jpg,6,dynamic_8,0,0,0,0,0,0,0,0,0,0,0,0,0,0,0,0,0,3696.96,3696.96
stars.jpg,6,dynamic_8,0,0,0,0,0,0,0,0,0,0,0,0,0,0,0,0,0,5948.96,5948.96
4000x3000.png,6,dynamic_32,0,0,0,0,0,0,0,0,0,0,0,0,0,0,0,0,0,675.68,675.68
6000x6000.png,6,dynamic_32,0,0,0,0,0,0,0,0,0,0,0,0,0,0,0,0,0,1988.74,1988.74
8k.jpeg,6,dynamic_32,0,0,0,0,0,0,0,0,0,0,0,0,0,0,0,0,0,166.829,166.829
city.jpg,6,dynamic_32,0,0,0,0,0,0,0,0,0,0,0,0,0,0,0,0,0,4895.37,4895.37
city2.jpg,6,dynamic_32,0,0,0,0,0,0,0,0,0,0,0,0,0,0,0,0,0,5515.36,5515.36
firework.jpg,6,dynamic_32,0,0,0,0,0,0,0,0,0,0,0,0,0,0,0,0,0,10967.2,10967.2
flor1.jpg,6,dynamic_32,0,0,0,0,0,0,0,0,0,0,0,0,0,0,0,0,0,5254.22,5254.22
flor2.jpg,6,dynamic_32,0,0,0,0,0,0,0,0,0,0,0,0,0,0,0,0,0,576.711,576.711
monument.jpg,6,dynamic_32,0,0,0,0,0,0,0,0,0,0,0,0,0,0,0,0,0,9291.17,9291.17
poke.jpg,6,dynamic_32,0,0,0,0,0,0,0,0,0,0,0,0,0,0,0,0,0,13.3156,13.3156
rain_paisage.jpg,6,dynamic_32,0,0,0,0,0,0,0,0,0,0,0,0,0,0,0,0,0,11486.2,11486.2
sky.jpg,6,dynamic_32,0,0,0,0,0,0,0,0,0,0,0,0,0,0,0,0,0,3760.37,3760.37
stars.jpg,6,dynamic_32,0,0,0,0,0,0,0,0,0,0,0,0,0,0,0,0,0,5937.65,5937.65
4000x3000.png,6,dynamic_64,0,0,0,0,0,0,0,0,0,0,0,0,0,0,0,0,0,677.915,677.915
6000x6000.png,6,dynamic_64,0,0,0,0,0,0,0,0,0,0,0,0,0,0,0,0,0,1988.7,1988.7
8k.jpeg,6,dynamic_64,0,0,0,0,0,0,0,0,0,0,0,0,0,0,0,0,0,172.032,172.032
city.jpg,6,dynamic_64,0,0,0,0,0,0,0,0,0,0,0,0,0,0,0,0,0,4874.32,4874.32
city2.jpg,6,dynamic_64,0,0,0,0,0,0,0,0,0,0,0,0,0,0,0,0,0,5537.57,5537.57
firework.jpg,6,dynamic_64,0,0,0,0,0,0,0,0,0,0,0,0,0,0,0,0,0,10968.3,10968.3
flor1.jpg,6,dynamic_64,0,0,0,0,0,0,0,0,0,0,0,0,0,0,0,0,0,5204.12,5204.12
flor2.jpg,6,dynamic_64,0,0,0,0,0,0,0,0,0,0,0,0,0,0,0,0,0,584.277,584.277
monument.jpg,6,dynamic_64,0,0,0,0,0,0,0,0,0,0,0,0,0,0,0,0,0,9345.81,9345.81
poke.jpg,6,dynamic_64,0,0,0,0,0,0,0,0,0,0,0,0,0,0,0,0,0,13.8476,13.8476
rain_paisage.jpg,6,dynamic_64,0,0,0,0,0,0,0,0,0,0,0,0,0,0,0,0,0,11488.8,11488.8
sky.jpg,6,dynamic_64,0,0,0,0,0,0,0,0,0,0,0,0,0,0,0,0,0,3699.32,3699.32
stars.jpg,6,dynamic_64,0,0,0,0,0,0,0,0,0,0,0,0,0,0,0,0,0,5976.14,5976.14
4000x3000.png,6,dynamic_128,0,0,0,0,0,0,0,0,0,0,0,0,0,0,0,0,0,699.962,699.962
6000x6000.png,6,dynamic_128,0,0,0,0,0,0,0,0,0,0,0,0,0,0,0,0,0,2007.06,2007.06
8k.jpeg,6,dynamic_128,0,0,0,0,0,0,0,0,0,0,0,0,0,0,0,0,0,180.969,180.969
city.jpg,6,dynamic_128,0,0,0,0,0,0,0,0,0,0,0,0,0,0,0,0,0,4940.52,4940.52
city2.jpg,6,dynamic_128,0,0,0,0,0,0,0,0,0,0,0,0,0,0,0,0,0,5591.23,5591.23
firework.jpg,6,dynamic_128,0,0,0,0,0,0,0,0,0,0,0,0,0,0,0,0,0,11021.3,11021.3
flor1.jpg,6,dynamic_128,0,0,0,0,0,0,0,0,0,0,0,0,0,0,0,0,0,5305.71,5305.71
flor2.jpg,6,dynamic_128,0,0,0,0,0,0,0,0,0,0,0,0,0,0,0,0,0,598.791,598.791
monument.jpg,6,dynamic_128,0,0,0,0,0,0,0,0,0,0,0,0,0,0,0,0,0,9336.34,9336.34
poke.jpg,6,dynamic_128,0,0,0,0,0,0,0,0,0,0,0,0,0,0,0,0,0,21.5107,21.5107
rain_paisage.jpg,6,dynamic_128,0,0,0,0,0,0,0,0,0,0,0,0,0,0,0,0,0,11597.7,11597.7
sky.jpg,6,dynamic_128,0,0,0,0,0,0,0,0,0,0,0,0,0,0,0,0,0,3707.04,3707.04
stars.jpg,6,dynamic_128,0,0,0,0,0,0,0,0,0,0,0,0,0,0,0,0,0,6098.79,6098.79
4000x3000.png,7,dynamic_16,9.42516,3.46164,13.2989,1.64233,40.3054,19.1794,7.46523,13.6586,21.1811,20.4055,15.7882,15.5848,84.7673,152.574,267.873,389.422,570.864,608.202,2255.1
6000x6000.png,7,dynamic_16,29.4144,10.1084,39.5353,5.06106,109.311,71.4212,22.2628,40.7766,61.7549,60.0018,43.9018,43.2657,254.797,457.194,806.692,1166.48,1711.92,1801.69,6735.58
8k.jpeg,7,dynamic_16,2.18183,0.875524,3.18349,0.371812,8.70219,4.56897,1.81451,3.26306,5.40398,4.89933,4.32541,2.91873,19.7607,35.8846,63.8973,92.0514,134.591,143.936,532.629
city.jpg,7,dynamic_16,64.7319,23.785,93.3413,14.2685,284.855,134.549,52.4275,95.0625,159.55,139.396,91.97,91.4606,588.497,1072.5,1893.61,2986.46,4281.36,4387.27,16455.1
city2.jpg,7,dynamic_16,70.9612,26.8083,105.369,15.5177,322.193,151.766,59.8826,106.894,162.12,157.904,107.881,104.954,664.163,1220.71,2132.54,3121.2,4564.33,5013.41,18108.6
firework.jpg,7,dynamic_16,139.209,53.7744,205.124,39.7567,567.698,295.139,116.066,217.48,0.000382,307.899,234.014,230.514,1305.96,2353.27,4096.01,6012.88,8866.92,9849.02,34890.7
flor1.jpg,7,dynamic_16,65.5113,25.498,96.9057,17.6757,296.33,139.345,58.9935,99.8769,148.929,145.713,112.878,106.092,604.768,1112.68,1946.78,2850.35,4190.7,4730.66,16749.7
flor2.jpg,7,dynamic_16,7.36215,2.86459,10.8636,0.987617,32.9727,15.7273,6.54171,10.9906,17.2049,16.008,12.9127,14.2919,69.5255,125.97,222.518,323.715,475.11,518.869,1884.44
monument.jpg,7,dynamic_16,124.828,47.1587,185.019,27.8979,564.8,266.742,103.822,190.003,288.334,277.657,190.723,186.736,1183.87,2141.09,3756.34,5476.21,8004.08,8427.24,31442.6
poke.jpg,7,dynamic_16,0.268047,0.08321,0.256837,0.04082,0.709647,0.369692,0.1469,1.43843,0.35362,0.378103,0.209123,0.210752,1.61467,2.84916,5.18684,7.30685,10.5387,11.7715,43.733
rain_paisage.jpg,7,dynamic_16,148.135,56.194,219.806,33.178,672.13,317.872,123.904,243.729,0.000395,327.903,215.81,228.249,1399.82,2534.69,4465.37,7043.33,10101.4,10338.1,38469.6
sky.jpg,7,dynamic_16,47.6594,18.1913,70.5925,9.97632,215.36,101.503,39.7539,71.6225,108.967,106.022,71.5851,70.4366,443.635,814.855,1433.13,2093.34,3049.77,3366.41,12132.8
stars.jpg,7,dynamic_16,82.7716,31.4837,123.684,18.0661,340.686,178.025,69.2073,128.252,190.816,184.927,120.179,123.293,811.723,1450.39,2516.2,3652.63,5373.52,5372.88,20768.7
4000x3000.png,7,static,0,0,0,0,0,0,0,0,0,0,0,0,0,0,0,0,0,655.447,655.447
6000x6000.png,7,static,0,0,0,0,0,0,0,0,0,0,0,0,0,0,0,0,0,1970.37,1970.37
8k.jpeg,7,static,0,0,0,0,0,0,0,0,0,0,0,0,0,0,0,0,0,163.535,163.535
city.jpg,7,static,0,0,0,0,0,0,0,0,0,0,0,0,0,0,0,0,0,5791.19,5791.19
city2.jpg,7,static,0,0,0,0,0,0,0,0,0,0,0,0,0,0,0,0,0,5611.31,5611.31
firework.jpg,7,static,0,0,0,0,0,0,0,0,0,0,0,0,0,0,0,0,0,12501.7,12501.7
flor1.jpg,7,static,0,0,0,0,0,0,0,0,0,0,0,0,0,0,0,0,0,5625.01,5625.01
flor2.jpg,7,static,0,0,0,0,0,0,0,0,0,0,0,0,0,0,0,0,0,547.913,547.913
monument.jpg,7,static,0,0,0,0,0,0,0,0,0,0,0,0,0,0,0,0,0,11340.2,11340.2
poke.jpg,7,static,0,0,0,0,0,0,0,0,0,0,0,0,0,0,0,0,0,22.5797,22.5797
rain_paisage.jpg,7,static,0,0,0,0,0,0,0,0,0,0,0,0,0,0,0,0,0,13517.3,13517.3
sky.jpg,7,static,0,0,0,0,0,0,0,0,0,0,0,0,0,0,0,0,0,3494.04,3494.04
stars.jpg,7,static,0,0,0,0,0,0,0,0,0,0,0,0,0,0,0,0,0,5631.33,5631.33
4000x3000.png,7,dynamic_1,0,0,0,0,0,0,0,0,0,0,0,0,0,0,0,0,0,609.051,609.051
6000x6000.png,7,dynamic_1,0,0,0,0,0,0,0,0,0,0,0,0,0,0,0,0,0,1798.76,1798.76
8k.jpeg,7,dynamic_1,0,0,0,0,0,0,0,0,0,0,0,0,0,0,0,0,0,142.913,142.913
city.jpg,7,dynamic_1,0,0,0,0,0,0,0,0,0,0,0,0,0,0,0,0,0,4388.62,4388.62
city2.jpg,7,dynamic_1,0,0,0,0,0,0,0,0,0,0,0,0,0,0,0,0,0,5003.62,5003.62
firework.jpg,7,dynamic_1,0,0,0,0,0,0,0,0,0,0,0,0,0,0,0,0,0,9898.37,9898.37
flor1.jpg,7,dynamic_1,0,0,0,0,0,0,0,0,0,0,0,0,0,0,0,0,0,4700.24,4700.24
flor2.jpg,7,dynamic_1,0,0,0,0,0,0,0,0,0,0,0,0,0,0,0,0,0,521.427,521.427
monument.jpg,7,dynamic_1,0,0,0,0,0,0,0,0,0,0,0,0,0,0,0,0,0,8425.5,8425.5
poke.jpg,7,dynamic_1,0,0,0,0,0,0,0,0,0,0,0,0,0,0,0,0,0,11.7085,11.7085
rain_paisage.jpg,7,dynamic_1,0,0,0,0,0,0,0,0,0,0,0,0,0,0,0,0,0,10392.8,10392.8
sky.jpg,7,dynamic_1,0,0,0,0,0,0,0,0,0,0,0,0,0,0,0,0,0,3336.7,3336.7
stars.jpg,7,dynamic_1,0,0,0,0,0,0,0,0,0,0,0,0,0,0,0,0,0,5373.88,5373.88
4000x3000.png,7,dynamic_2,0,0,0,0,0,0,0,0,0,0,0,0,0,0,0,0,0,612.89,612.89
6000x6000.png,7,dynamic_2,0,0,0,0,0,0,0,0,0,0,0,0,0,0,0,0,0,1801.78,1801.78
8k.jpeg,7,dynamic_2,0,0,0,0,0,0,0,0,0,0,0,0,0,0,0,0,0,143.041,143.041
city.jpg,7,dynamic_2,0,0,0,0,0,0,0,0,0,0,0,0,0,0,0,0,0,4402.68,4402.68
city2.jpg,7,dynamic_2,0,0,0,0,0,0,0,0,0,0,0,0,0,0,0,0,0,5007,5007
firework.jpg,7,dynamic_2,0,0,0,0,0,0,0,0,0,0,0,0,0,0,0,0,0,9898.26,9898.26
flor1.jpg,7,dynamic_2,0,0,0,0,0,0,0,0,0,0,0,0,0,0,0,0,0,4695.84,4695.84
flor2.jpg,7,dynamic_2,0,0,0,0,0,0,0,0,0,0,0,0,0,0,0,0,0,526.108,526.108
monument.jpg,7,dynamic_2,0,0,0,0,0,0,0,0,0,0,0,0,0,0,0,0,0,8411.11,8411.11
poke.jpg,7,dynamic_2,0,0,0,0,0,0,0,0,0,0,0,0,0,0,0,0,0,11.7168,11.7168
rain_paisage.jpg,7,dynamic_2,0,0,0,0,0,0,0,0,0,0,0,0,0,0,0,0,0,10409.2,10409.2
sky.jpg,7,dynamic_2,0,0,0,0,0,0,0,0,0,0,0,0,0,0,0,0,0,3333.17,3333.17
stars.jpg,7,dynamic_2,0,0,0,0,0,0,0,0,0,0,0,0,0,0,0,0,0,5390.65,5390.65
4000x3000.png,7,dynamic_4,0,0,0,0,0,0,0,0,0,0,0,0,0,0,0,0,0,608.94,608.94
6000x6000.png,7,dynamic_4,0,0,0,0,0,0,0,0,0,0,0,0,0,0,0,0,0,1802.39,1802.39
8k.jpeg,7,dynamic_4,0,0,0,0,0,0,0,0,0,0,0,0,0,0,0,0,0,142.881,142.881
city.jpg,7,dynamic_4,0,0,0,0,0,0,0,0,0,0,0,0,0,0,0,0,0,4395.98,4395.98
city2.jpg,7,dynamic_4,0,0,0,0,0,0,0,0,0,0,0,0,0,0,0,0,0,5000.88,5000.88
firework.jpg,7,dynamic_4,0,0,0,0,0,0,0,0,0,0,0,0,0,0,0,0,0,9929.22,9929.22
flor1.jpg,7,dynamic_4,0,0,0,0,0,0,0,0,0,0,0,0,0,0,0,0,0,4701.3,4701.3
flor2.jpg,7,dynamic_4,0,0,0,0,0,0,0,0,0,0,0,0,0,0,0,0,0,520.179,520.179
monument.jpg,7,dynamic_4,0,0,0,0,0,0,0,0,0,0,0,0,0,0,0,0,0,8297.72,8297.72
poke.jpg,7,dynamic_4,0,0,0,0,0,0,0,0,0,0,0,0,0,0,0,0,0,11.6746,11.6746
rain_paisage.jpg,7,dynamic_4,0,0,0,0,0,0,0,0,0,0,0,0,0,0,0,0,0,10441.5,10441.5
sky.jpg,7,dynamic_4,0,0,0,0,0,0,0,0,0,0,0,0,0,0,0,0,0,3355.77,3355.77
stars.jpg,7,dynamic_4,0,0,0,0,0,0,0,0,0,0,0,0,0,0,0,0,0,5367.82,5367.82
4000x3000.png,7,dynamic_8,0,0,0,0,0,0,0,0,0,0,0,0,0,0,0,0,0,606.812,606.812
6000x6000.png,7,dynamic_8,0,0,0,0,0,0,0,0,0,0,0,0,0,0,0,0,0,1798.57,1798.57
8k.jpeg,7,dynamic_8,0,0,0,0,0,0,0,0,0,0,0,0,0,0,0,0,0,142.536,142.536
city.jpg,7,dynamic_8,0,0,0,0,0,0,0,0,0,0,0,0,0,0,0,0,0,4383.98,4383.98
city2.jpg,7,dynamic_8,0,0,0,0,0,0,0,0,0,0,0,0,0,0,0,0,0,5024.32,5024.32
firework.jpg,7,dynamic_8,0,0,0,0,0,0,0,0,0,0,0,0,0,0,0,0,0,9881.22,9881.22
flor1.jpg,7,dynamic_8,0,0,0,0,0,0,0,0,0,0,0,0,0,0,0,0,0,4688.04,4688.04
flor2.jpg,7,dynamic_8,0,0,0,0,0,0,0,0,0,0,0,0,0,0,0,0,0,521.825,521.825
monument.jpg,7,dynamic_8,0,0,0,0,0,0,0,0,0,0,0,0,0,0,0,0,0,8436.67,8436.67
poke.jpg,7,dynamic_8,0,0,0,0,0,0,0,0,0,0,0,0,0,0,0,0,0,11.6293,11.6293
rain_paisage.jpg,7,dynamic_8,0,0,0,0,0,0,0,0,0,0,0,0,0,0,0,0,0,10388.6,10388.6
sky.jpg,7,dynamic_8,0,0,0,0,0,0,0,0,0,0,0,0,0,0,0,0,0,3343.83,3343.83
stars.jpg,7,dynamic_8,0,0,0,0,0,0,0,0,0,0,0,0,0,0,0,0,0,5375.35,5375.35
4000x3000.png,7,dynamic_32,0,0,0,0,0,0,0,0,0,0,0,0,0,0,0,0,0,611.383,611.383
6000x6000.png,7,dynamic_32,0,0,0,0,0,0,0,0,0,0,0,0,0,0,0,0,0,1804.26,1804.26
8k.jpeg,7,dynamic_32,0,0,0,0,0,0,0,0,0,0,0,0,0,0,0,0,0,150.761,150.761
city.jpg,7,dynamic_32,0,0,0,0,0,0,0,0,0,0,0,0,0,0,0,0,0,4404.66,4404.66
city2.jpg,7,dynamic_32,0,0,0,0,0,0,0,0,0,0,0,0,0,0,0,0,0,5009.68,5009.68
firework.jpg,7,dynamic_32,0,0,0,0,0,0,0,0,0,0,0,0,0,0,0,0,0,9916.98,9916.98
flor1.jpg,7,dynamic_32,0,0,0,0,0,0,0,0,0,0,0,0,0,0,0,0,0,4752.28,4752.28
flor2.jpg,7,dynamic_32,0,0,0,0,0,0,0,0,0,0,0,0,0,0,0,0,0,525.811,525.811
monument.jpg,7,dynamic_32,0,0,0,0,0,0,0,0,0,0,0,0,0,0,0,0,0,8417.72,8417.72
poke.jpg,7,dynamic_32,0,0,0,0,0,0,0,0,0,0,0,0,0,0,0,0,0,12.8688,12.8688
rain_paisage.jpg,7,dynamic_32,0,0,0,0,0,0,0,0,0,0,0,0,0,0,0,0,0,10413.6,10413.6
sky.jpg,7,dynamic_32,0,0,0,0,0,0,0,0,0,0,0,0,0,0,0,0,0,3388.51,3388.51
stars.jpg,7,dynamic_32,0,0,0,0,0,0,0,0,0,0,0,0,0,0,0,0,0,5433.86,5433.86
4000x3000.png,7,dynamic_64,0,0,0,0,0,0,0,0,0,0,0,0,0,0,0,0,0,631.014,631.014
6000x6000.png,7,dynamic_64,0,0,0,0,0,0,0,0,0,0,0,0,0,0,0,0,0,1806.91,1806.91
8k.jpeg,7,dynamic_64,0,0,0,0,0,0,0,0,0,0,0,0,0,0,0,0,0,157.917,157.917
city.jpg,7,dynamic_64,0,0,0,0,0,0,0,0,0,0,0,0,0,0,0,0,0,4417.26,4417.26
city2.jpg,7,dynamic_64,0,0,0,0,0,0,0,0,0,0,0,0,0,0,0,0,0,5028.85,5028.85
firework.jpg,7,dynamic_64,0,0,0,0,0,0,0,0,0,0,0,0,0,0,0,0,0,9960.3,9960.3
flor1.jpg,7,dynamic_64,0,0,0,0,0,0,0,0,0,0,0,0,0,0,0,0,0,4729.03,4729.03
flor2.jpg,7,dynamic_64,0,0,0,0,0,0,0,0,0,0,0,0,0,0,0,0,0,534.568,534.568
monument.jpg,7,dynamic_64,0,0,0,0,0,0,0,0,0,0,0,0,0,0,0,0,0,8427.83,8427.83
poke.jpg,7,dynamic_64,0,0,0,0,0,0,0,0,0,0,0,0,0,0,0,0,0,13.6965,13.6965
rain_paisage.jpg,7,dynamic_64,0,0,0,0,0,0,0,0,0,0,0,0,0,0,0,0,0,10440.2,10440.2
sky.jpg,7,dynamic_64,0,0,0,0,0,0,0,0,0,0,0,0,0,0,0,0,0,3362.65,3362.65
stars.jpg,7,dynamic_64,0,0,0,0,0,0,0,0,0,0,0,0,0,0,0,0,0,5414.41,5414.41
4000x3000.png,7,dynamic_128,0,0,0,0,0,0,0,0,0,0,0,0,0,0,0,0,0,646.349,646.349
6000x6000.png,7,dynamic_128,0,0,0,0,0,0,0,0,0,0,0,0,0,0,0,0,0,1843.7,1843.7
8k.jpeg,7,dynamic_128,0,0,0,0,0,0,0,0,0,0,0,0,0,0,0,0,0,166.619,166.619
city.jpg,7,dynamic_128,0,0,0,0,0,0,0,0,0,0,0,0,0,0,0,0,0,4496.15,4496.15
city2.jpg,7,dynamic_128,0,0,0,0,0,0,0,0,0,0,0,0,0,0,0,0,0,5037.7,5037.7
firework.jpg,7,dynamic_128,0,0,0,0,0,0,0,0,0,0,0,0,0,0,0,0,0,10018.3,10018.3
flor1.jpg,7,dynamic_128,0,0,0,0,0,0,0,0,0,0,0,0,0,0,0,0,0,4770.09,4770.09
flor2.jpg,7,dynamic_128,0,0,0,0,0,0,0,0,0,0,0,0,0,0,0,0,0,538.332,538.332
monument.jpg,7,dynamic_128,0,0,0,0,0,0,0,0,0,0,0,0,0,0,0,0,0,8449.83,8449.83
poke.jpg,7,dynamic_128,0,0,0,0,0,0,0,0,0,0,0,0,0,0,0,0,0,21.1713,21.1713
rain_paisage.jpg,7,dynamic_128,0,0,0,0,0,0,0,0,0,0,0,0,0,0,0,0,0,10472.1,10472.1
sky.jpg,7,dynamic_128,0,0,0,0,0,0,0,0,0,0,0,0,0,0,0,0,0,3395.37,3395.37
stars.jpg,7,dynamic_128,0,0,0,0,0,0,0,0,0,0,0,0,0,0,0,0,0,5511.06,5511.06
4000x3000.png,8,dynamic_16,8.33594,3.0647,11.6604,1.8447,59.0329,18.2466,6.619,12.0052,18.8479,18.0171,14.6145,14.8619,74.3084,133.486,225.356,340.76,503.429,548.527,2013.02
6000x6000.png,8,dynamic_16,23.5576,9.0432,34.7446,5.80873,96.9431,49.9204,19.6737,36.6088,54.2101,52.8332,41.8,40.5701,223.477,400.425,677.359,1023.54,1500.37,1603.36,5894.25
8k.jpeg,8,dynamic_16,1.9765,0.81323,2.85766,0.37168,7.66129,4.06271,1.87246,2.92372,4.98959,4.33528,6.8046,3.11571,17.5693,31.5094,53.2346,80.8542,118.911,130.308,474.171
city.jpg,8,dynamic_16,55.2704,21.0268,81.858,15.8787,250.705,118.032,46.9299,84.1285,140.292,121.875,89.3789,87.3352,517.466,940.505,1593.86,2617.25,3760.87,3945.79,14488.5
city2.jpg,8,dynamic_16,62.4299,23.9089,92.4607,17.8098,284.193,133.153,52.2245,94.0998,142.769,139.078,103.16,100.204,588.459,1069.56,1803.65,2727.04,4007.12,4475.97,15917.3
firework.jpg,8,dynamic_16,121.278,46.0798,179.573,36.2621,494.802,257.448,100.756,182.606,0.000368,269.145,209.453,207.074,1147.62,2057.7,3483.39,5282.58,7778.89,8865.42,30720.1
flor1.jpg,8,dynamic_16,57.14,21.9606,84.4191,16.1807,258.456,121.498,47.5734,85.9207,130.653,126.874,101.137,99.1119,539.451,979.837,1646.47,2491.36,3667.81,4224.84,14700.7
flor2.jpg,8,dynamic_16,6.52791,2.56936,9.61128,1.01206,28.9664,13.8753,5.46916,9.75158,15.3723,14.1894,12.442,13.2711,61.0858,110.327,185.581,282.923,416.348,465.753,1655.07
monument.jpg,8,dynamic_16,109.659,41.8243,162.326,32.3534,497.19,234.049,92.9145,167.544,253.304,244.318,179.981,176.215,1035.27,1877.6,3169.95,4795.46,7035.12,7525.41,27630.5
poke.jpg,8,dynamic_16,0.255382,0.066934,0.224362,0.043503,0.624411,0.323336,0.12967,0.272571,0.283909,0.35548,0.210218,0.219546,1.4168,2.49711,4.34065,6.31592,9.29271,10.7132,37.5857
rain_paisage.jpg,8,dynamic_16,130.357,49.4664,193.707,39.859,592.333,278.031,108.711,200.395,0.000392,289.685,209.764,210.937,1226.2,2223.72,3766.02,6181.9,8890.49,9326.66,33918.2
sky.jpg,8,dynamic_16,41.7738,15.9772,61.8037,11.4086,189.279,89.0159,34.9045,62.9539,96.1346,94.369,68.5897,67.1563,388.99,712.384,1205.06,1820.57,2674.11,2992.89,10627.4
stars.jpg,8,dynamic_16,72.8487,28.4699,107.788,21.616,299.274,155.48,60.8869,113.859,167.108,162.486,116.047,118.462,716.111,1262.44,2118.77,3216.44,4689.83,4807.45,18235.4
4000x3000.png,8,static,0,0,0,0,0,0,0,0,0,0,0,0,0,0,0,0,0,583.744,583.744
6000x6000.png,8,static,0,0,0,0,0,0,0,0,0,0,0,0,0,0,0,0,0,1749.85,1749.85
8k.jpeg,8,static,0,0,0,0,0,0,0,0,0,0,0,0,0,0,0,0,0,145.384,145.384
city.jpg,8,static,0,0,0,0,0,0,0,0,0,0,0,0,0,0,0,0,0,5088.5,5088.5
city2.jpg,8,static,0,0,0,0,0,0,0,0,0,0,0,0,0,0,0,0,0,4945.17,4945.17
firework.jpg,8,static,0,0,0,0,0,0,0,0,0,0,0,0,0,0,0,0,0,11029.7,11029.7
flor1.jpg,8,static,0,0,0,0,0,0,0,0,0,0,0,0,0,0,0,0,0,4939.22,4939.22
flor2.jpg,8,static,0,0,0,0,0,0,0,0,0,0,0,0,0,0,0,0,0,498.383,498.383
monument.jpg,8,static,0,0,0,0,0,0,0,0,0,0,0,0,0,0,0,0,0,9990.6,9990.6
poke.jpg,8,static,0,0,0,0,0,0,0,0,0,0,0,0,0,0,0,0,0,11.2898,11.2898
rain_paisage.jpg,8,static,0,0,0,0,0,0,0,0,0,0,0,0,0,0,0,0,0,11972.5,11972.5
sky.jpg,8,static,0,0,0,0,0,0,0,0,0,0,0,0,0,0,0,0,0,3133.61,3133.61
stars.jpg,8,static,0,0,0,0,0,0,0,0,0,0,0,0,0,0,0,0,0,5087.94,5087.94
4000x3000.png,8,dynamic_1,0,0,0,0,0,0,0,0,0,0,0,0,0,0,0,0,0,543.726,543.726
6000x6000.png,8,dynamic_1,0,0,0,0,0,0,0,0,0,0,0,0,0,0,0,0,0,1616.7,1616.7
8k.jpeg,8,dynamic_1,0,0,0,0,0,0,0,0,0,0,0,0,0,0,0,0,0,131.823,131.823
city.jpg,8,dynamic_1,0,0,0,0,0,0,0,0,0,0,0,0,0,0,0,0,0,3937.17,3937.17
city2.jpg,8,dynamic_1,0,0,0,0,0,0,0,0,0,0,0,0,0,0,0,0,0,4489.9,4489.9
firework.jpg,8,dynamic_1,0,0,0,0,0,0,0,0,0,0,0,0,0,0,0,0,0,8872.08,8872.08
flor1.jpg,8,dynamic_1,0,0,0,0,0,0,0,0,0,0,0,0,0,0,0,0,0,4225.56,4225.56
flor2.jpg,8,dynamic_1,0,0,0,0,0,0,0,0,0,0,0,0,0,0,0,0,0,466.257,466.257
monument.jpg,8,dynamic_1,0,0,0,0,0,0,0,0,0,0,0,0,0,0,0,0,0,7536.37,7536.37
poke.jpg,8,dynamic_1,0,0,0,0,0,0,0,0,0,0,0,0,0,0,0,0,0,10.576,10.576
rain_paisage.jpg,8,dynamic_1,0,0,0,0,0,0,0,0,0,0,0,0,0,0,0,0,0,9378.34,9378.34
sky.jpg,8,dynamic_1,0,0,0,0,0,0,0,0,0,0,0,0,0,0,0,0,0,2988.63,2988.63
stars.jpg,8,dynamic_1,0,0,0,0,0,0,0,0,0,0,0,0,0,0,0,0,0,4806.83,4806.83
4000x3000.png,8,dynamic_2,0,0,0,0,0,0,0,0,0,0,0,0,0,0,0,0,0,544.755,544.755
6000x6000.png,8,dynamic_2,0,0,0,0,0,0,0,0,0,0,0,0,0,0,0,0,0,1607.98,1607.98
8k.jpeg,8,dynamic_2,0,0,0,0,0,0,0,0,0,0,0,0,0,0,0,0,0,127.874,127.874
city.jpg,8,dynamic_2,0,0,0,0,0,0,0,0,0,0,0,0,0,0,0,0,0,3931.87,3931.87
city2.jpg,8,dynamic_2,0,0,0,0,0,0,0,0,0,0,0,0,0,0,0,0,0,4479.57,4479.57
firework.jpg,8,dynamic_2,0,0,0,0,0,0,0,0,0,0,0,0,0,0,0,0,0,8887.67,8887.67
flor1.jpg,8,dynamic_2,0,0,0,0,0,0,0,0,0,0,0,0,0,0,0,0,0,4226.77,4226.77
flor2.jpg,8,dynamic_2,0,0,0,0,0,0,0,0,0,0,0,0,0,0,0,0,0,466.906,466.906
monument.jpg,8,dynamic_2,0,0,0,0,0,0,0,0,0,0,0,0,0,0,0,0,0,7529.33,7529.33
poke.jpg,8,dynamic_2,0,0,0,0,0,0,0,0,0,0,0,0,0,0,0,0,0,10.4479,10.4479
rain_paisage.jpg,8,dynamic_2,0,0,0,0,0,0,0,0,0,0,0,0,0,0,0,0,0,9361.74,9361.74
sky.jpg,8,dynamic_2,0,0,0,0,0,0,0,0,0,0,0,0,0,0,0,0,0,2994.93,2994.93
stars.jpg,8,dynamic_2,0,0,0,0,0,0,0,0,0,0,0,0,0,0,0,0,0,4799.37,4799.37
4000x3000.png,8,dynamic_4,0,0,0,0,0,0,0,0,0,0,0,0,0,0,0,0,0,543.766,543.766
6000x6000.png,8,dynamic_4,0,0,0,0,0,0,0,0,0,0,0,0,0,0,0,0,0,1609.79,1609.79
8k.jpeg,8,dynamic_4,0,0,0,0,0,0,0,0,0,0,0,0,0,0,0,0,0,128.585,128.585
city.jpg,8,dynamic_4,0,0,0,0,0,0,0,0,0,0,0,0,0,0,0,0,0,3935.64,3935.64
city2.jpg,8,dynamic_4,0,0,0,0,0,0,0,0,0,0,0,0,0,0,0,0,0,4480.59,4480.59
firework.jpg,8,dynamic_4,0,0,0,0,0,0,0,0,0,0,0,0,0,0,0,0,0,8865.73,8865.73
flor1.jpg,8,dynamic_4,0,0,0,0,0,0,0,0,0,0,0,0,0,0,0,0,0,4221.76,4221.76
flor2.jpg,8,dynamic_4,0,0,0,0,0,0,0,0,0,0,0,0,0,0,0,0,0,466.562,466.562
monument.jpg,8,dynamic_4,0,0,0,0,0,0,0,0,0,0,0,0,0,0,0,0,0,7526.38,7526.38
poke.jpg,8,dynamic_4,0,0,0,0,0,0,0,0,0,0,0,0,0,0,0,0,0,10.4205,10.4205
rain_paisage.jpg,8,dynamic_4,0,0,0,0,0,0,0,0,0,0,0,0,0,0,0,0,0,9347.94,9347.94
sky.jpg,8,dynamic_4,0,0,0,0,0,0,0,0,0,0,0,0,0,0,0,0,0,2990.52,2990.52
stars.jpg,8,dynamic_4,0,0,0,0,0,0,0,0,0,0,0,0,0,0,0,0,0,4823.47,4823.47
4000x3000.png,8,dynamic_8,0,0,0,0,0,0,0,0,0,0,0,0,0,0,0,0,0,545.186,545.186
6000x6000.png,8,dynamic_8,0,0,0,0,0,0,0,0,0,0,0,0,0,0,0,0,0,1610.1,1610.1
8k.jpeg,8,dynamic_8,0,0,0,0,0,0,0,0,0,0,0,0,0,0,0,0,0,128.724,128.724
city.jpg,8,dynamic_8,0,0,0,0,0,0,0,0,0,0,0,0,0,0,0,0,0,3932.12,3932.12
city2.jpg,8,dynamic_8,0,0,0,0,0,0,0,0,0,0,0,0,0,0,0,0,0,4474.26,4474.26
firework.jpg,8,dynamic_8,0,0,0,0,0,0,0,0,0,0,0,0,0,0,0,0,0,8869.18,8869.18
flor1.jpg,8,dynamic_8,0,0,0,0,0,0,0,0,0,0,0,0,0,0,0,0,0,4223.12,4223.12
flor2.jpg,8,dynamic_8,0,0,0,0,0,0,0,0,0,0,0,0,0,0,0,0,0,466.401,466.401
monument.jpg,8,dynamic_8,0,0,0,0,0,0,0,0,0,0,0,0,0,0,0,0,0,7523.45,7523.45
poke.jpg,8,dynamic_8,0,0,0,0,0,0,0,0,0,0,0,0,0,0,0,0,0,10.4866,10.4866
rain_paisage.jpg,8,dynamic_8,0,0,0,0,0,0,0,0,0,0,0,0,0,0,0,0,0,9314.08,9314.08
sky.jpg,8,dynamic_8,0,0,0,0,0,0,0,0,0,0,0,0,0,0,0,0,0,2987.22,2987.22
stars.jpg,8,dynamic_8,0,0,0,0,0,0,0,0,0,0,0,0,0,0,0,0,0,4803.45,4803.45
4000x3000.png,8,dynamic_32,0,0,0,0,0,0,0,0,0,0,0,0,0,0,0,0,0,552.391,552.391
6000x6000.png,8,dynamic_32,0,0,0,0,0,0,0,0,0,0,0,0,0,0,0,0,0,1617.25,1617.25
8k.jpeg,8,dynamic_32,0,0,0,0,0,0,0,0,0,0,0,0,0,0,0,0,0,138.747,138.747
city.jpg,8,dynamic_32,0,0,0,0,0,0,0,0,0,0,0,0,0,0,0,0,0,3940.16,3940.16
city2.jpg,8,dynamic_32,0,0,0,0,0,0,0,0,0,0,0,0,0,0,0,0,0,4487.98,4487.98
firework.jpg,8,dynamic_32,0,0,0,0,0,0,0,0,0,0,0,0,0,0,0,0,0,8887.45,8887.45
flor1.jpg,8,dynamic_32,0,0,0,0,0,0,0,0,0,0,0,0,0,0,0,0,0,4241.1,4241.1
flor2.jpg,8,dynamic_32,0,0,0,0,0,0,0,0,0,0,0,0,0,0,0,0,0,473.199,473.199
monument.jpg,8,dynamic_32,0,0,0,0,0,0,0,0,0,0,0,0,0,0,0,0,0,7541.56,7541.56
poke.jpg,8,dynamic_32,0,0,0,0,0,0,0,0,0,0,0,0,0,0,0,0,0,12.2954,12.2954
rain_paisage.jpg,8,dynamic_32,0,0,0,0,0,0,0,0,0,0,0,0,0,0,0,0,0,9333.85,9333.85
sky.jpg,8,dynamic_32,0,0,0,0,0,0,0,0,0,0,0,0,0,0,0,0,0,3011.8,3011.8
stars.jpg,8,dynamic_32,0,0,0,0,0,0,0,0,0,0,0,0,0,0,0,0,0,4821.96,4821.96
4000x3000.png,8,dynamic_64,0,0,0,0,0,0,0,0,0,0,0,0,0,0,0,0,0,556.827,556.827
6000x6000.png,8,dynamic_64,0,0,0,0,0,0,0,0,0,0,0,0,0,0,0,0,0,1633.41,1633.41
8k.jpeg,8,dynamic_64,0,0,0,0,0,0,0,0,0,0,0,0,0,0,0,0,0,143.859,143.859
city.jpg,8,dynamic_64,0,0,0,0,0,0,0,0,0,0,0,0,0,0,0,0,0,3945.53,3945.53
city2.jpg,8,dynamic_64,0,0,0,0,0,0,0,0,0,0,0,0,0,0,0,0,0,4521.81,4521.81
firework.jpg,8,dynamic_64,0,0,0,0,0,0,0,0,0,0,0,0,0,0,0,0,0,8896.54,8896.54
flor1.jpg,8,dynamic_64,0,0,0,0,0,0,0,0,0,0,0,0,0,0,0,0,0,4245.32,4245.32
flor2.jpg,8,dynamic_64,0,0,0,0,0,0,0,0,0,0,0,0,0,0,0,0,0,475.68,475.68
monument.jpg,8,dynamic_64,0,0,0,0,0,0,0,0,0,0,0,0,0,0,0,0,0,7525.37,7525.37
poke.jpg,8,dynamic_64,0,0,0,0,0,0,0,0,0,0,0,0,0,0,0,0,0,13.088,13.088
rain_paisage.jpg,8,dynamic_64,0,0,0,0,0,0,0,0,0,0,0,0,0,0,0,0,0,9319.02,9319.02
sky.jpg,8,dynamic_64,0,0,0,0,0,0,0,0,0,0,0,0,0,0,0,0,0,3000.17,3000.17
stars.jpg,8,dynamic_64,0,0,0,0,0,0,0,0,0,0,0,0,0,0,0,0,0,4843.12,4843.12
4000x3000.png,8,dynamic_128,0,0,0,0,0,0,0,0,0,0,0,0,0,0,0,0,0,564.932,564.932
6000x6000.png,8,dynamic_128,0,0,0,0,0,0,0,0,0,0,0,0,0,0,0,0,0,1635.8,1635.8
8k.jpeg,8,dynamic_128,0,0,0,0,0,0,0,0,0,0,0,0,0,0,0,0,0,173.448,173.448
city.jpg,8,dynamic_128,0,0,0,0,0,0,0,0,0,0,0,0,0,0,0,0,0,3976.36,3976.36
city2.jpg,8,dynamic_128,0,0,0,0,0,0,0,0,0,0,0,0,0,0,0,0,0,4542.52,4542.52
firework.jpg,8,dynamic_128,0,0,0,0,0,0,0,0,0,0,0,0,0,0,0,0,0,9010.9,9010.9
flor1.jpg,8,dynamic_128,0,0,0,0,0,0,0,0,0,0,0,0,0,0,0,0,0,4308.53,4308.53
flor2.jpg,8,dynamic_128,0,0,0,0,0,0,0,0,0,0,0,0,0,0,0,0,0,500.449,500.449
monument.jpg,8,dynamic_128,0,0,0,0,0,0,0,0,0,0,0,0,0,0,0,0,0,7568.89,7568.89
poke.jpg,8,dynamic_128,0,0,0,0,0,0,0,0,0,0,0,0,0,0,0,0,0,20.5552,20.5552
rain_paisage.jpg,8,dynamic_128,0,0,0,0,0,0,0,0,0,0,0,0,0,0,0,0,0,9339.52,9339.52
sky.jpg,8,dynamic_128,0,0,0,0,0,0,0,0,0,0,0,0,0,0,0,0,0,3008.45,3008.45
stars.jpg,8,dynamic_128,0,0,0,0,0,0,0,0,0,0,0,0,0,0,0,0,0,4942.76,4942.76
4000x3000.png,9,dynamic_16,7.51796,2.71964,10.3674,1.725,31.4431,14.9703,5.93621,10.688,16.8826,16.2457,14.7286,15.1018,66.6476,119.507,200.324,302.891,445.912,487.291,1770.9
6000x6000.png,9,dynamic_16,20.9999,8.12267,30.9694,5.2748,85.7736,44.4456,21.4838,32.0769,49.1286,49.3673,38.136,38.0298,198.568,364.188,601.285,909.129,1334.42,1440.04,5271.44
8k.jpeg,9,dynamic_16,1.78038,0.730929,2.58604,0.366349,6.84178,3.62254,1.484,2.55865,4.55192,3.84255,6.8796,2.78811,15.6341,28.0185,47.5063,71.6745,106.422,117.039,424.327
city.jpg,9,dynamic_16,49.3788,18.9605,73.0354,14.9432,224.061,105.137,41.2599,74.6921,125.302,109.519,87.7607,84.7865,460.427,836.881,1418.1,2329.68,3366.8,3513.97,12934.7
city2.jpg,9,dynamic_16,55.774,21.5092,82.4079,16.4865,253.061,118.546,47.2217,84.0621,127.931,123.719,95.4311,93.1336,521.239,950.664,1607.34,2444.78,3568.34,3991.42,14203.1
firework.jpg,9,dynamic_16,107.633,41.3046,159.377,33.8359,442.493,229.27,90.1406,162.361,0.000399,239.328,193.255,192.865,1012.18,1832.98,3101.71,4708.19,6936.43,7915,27398.4
flor1.jpg,9,dynamic_16,50.8898,19.7136,75.1518,15.4174,231.177,108.092,42.4734,77.0019,116.831,115.141,94.4816,91.9645,486.776,876.318,1478.88,2220,3278.14,3779.31,13157.8
flor2.jpg,9,dynamic_16,5.83143,2.28692,8.60523,0.956226,25.8943,12.3686,4.89229,8.74733,13.6742,13.2552,11.7984,13.3069,54.5903,98.2907,165.289,251.936,370.326,415.853,1477.9
monument.jpg,9,dynamic_16,97.6365,37.5309,144.734,30.2184,444.505,212.332,81.7111,149.308,226.965,217.179,166.717,162.892,923.376,1668.86,2847.66,4298.13,6284.94,6715.99,24710.7
poke.jpg,9,dynamic_16,0.240783,0.06298,0.202231,0.039927,0.587822,0.288963,0.115705,1.27889,0.763584,0.299491,0.166911,0.172224,1.26323,2.23082,3.83875,5.73465,8.2825,9.98707,35.5565
rain_paisage.jpg,9,dynamic_16,124.95,44.5686,172.121,37.3074,548.082,248.009,97.0203,178.593,0.000394,255.688,190.714,195.347,1091.29,1989.35,3356.79,5527.25,7938.65,8351.33,30347.1
sky.jpg,9,dynamic_16,37.1738,14.2782,54.9807,10.576,168.686,79.1418,31.0186,56.2553,85.283,83.1925,63.4487,62.1722,346.147,637.517,1072.3,1625.77,2398.86,2669.12,9495.92
stars.jpg,9,dynamic_16,64.9558,24.7675,96.1899,19.6083,266.8,138.827,54.2406,100.325,149.534,144.741,107.233,109.669,635.879,1123.67,1886.09,2856.05,4179.61,4283.75,16241.9
4000x3000.png,9,static,0,0,0,0,0,0,0,0,0,0,0,0,0,0,0,0,0,529.176,529.176
6000x6000.png,9,static,0,0,0,0,0,0,0,0,0,0,0,0,0,0,0,0,0,1564.21,1564.21
8k.jpeg,9,static,0,0,0,0,0,0,0,0,0,0,0,0,0,0,0,0,0,134.658,134.658
city.jpg,9,static,0,0,0,0,0,0,0,0,0,0,0,0,0,0,0,0,0,4563.94,4563.94
city2.jpg,9,static,0,0,0,0,0,0,0,0,0,0,0,0,0,0,0,0,0,4475.29,4475.29
firework.jpg,9,static,0,0,0,0,0,0,0,0,0,0,0,0,0,0,0,0,0,9942.69,9942.69
flor1.jpg,9,static,0,0,0,0,0,0,0,0,0,0,0,0,0,0,0,0,0,4438.89,4438.89
flor2.jpg,9,static,0,0,0,0,0,0,0,0,0,0,0,0,0,0,0,0,0,453.236,453.236
monument.jpg,9,static,0,0,0,0,0,0,0,0,0,0,0,0,0,0,0,0,0,8925.33,8925.33
poke.jpg,9,static,0,0,0,0,0,0,0,0,0,0,0,0,0,0,0,0,0,9.91468,9.91468
rain_paisage.jpg,9,static,0,0,0,0,0,0,0,0,0,0,0,0,0,0,0,0,0,10758.6,10758.6
sky.jpg,9,static,0,0,0,0,0,0,0,0,0,0,0,0,0,0,0,0,0,2814.76,2814.76
stars.jpg,9,static,0,0,0,0,0,0,0,0,0,0,0,0,0,0,0,0,0,4538.24,4538.24
4000x3000.png,9,dynamic_1,0,0,0,0,0,0,0,0,0,0,0,0,0,0,0,0,0,487.12,487.12
6000x6000.png,9,dynamic_1,0,0,0,0,0,0,0,0,0,0,0,0,0,0,0,0,0,1438.6,1438.6
8k.jpeg,9,dynamic_1,0,0,0,0,0,0,0,0,0,0,0,0,0,0,0,0,0,114.969,114.969
city.jpg,9,dynamic_1,0,0,0,0,0,0,0,0,0,0,0,0,0,0,0,0,0,3522.26,3522.26
city2.jpg,9,dynamic_1,0,0,0,0,0,0,0,0,0,0,0,0,0,0,0,0,0,3994.63,3994.63
firework.jpg,9,dynamic_1,0,0,0,0,0,0,0,0,0,0,0,0,0,0,0,0,0,7936.45,7936.45
flor1.jpg,9,dynamic_1,0,0,0,0,0,0,0,0,0,0,0,0,0,0,0,0,0,3765.86,3765.86
flor2.jpg,9,dynamic_1,0,0,0,0,0,0,0,0,0,0,0,0,0,0,0,0,0,416.389,416.389
monument.jpg,9,dynamic_1,0,0,0,0,0,0,0,0,0,0,0,0,0,0,0,0,0,6745.52,6745.52
poke.jpg,9,dynamic_1,0,0,0,0,0,0,0,0,0,0,0,0,0,0,0,0,0,9.26866,9.26866
rain_paisage.jpg,9,dynamic_1,0,0,0,0,0,0,0,0,0,0,0,0,0,0,0,0,0,8342.71,8342.71
sky.jpg,9,dynamic_1,0,0,0,0,0,0,0,0,0,0,0,0,0,0,0,0,0,2677.76,2677.76
stars.jpg,9,dynamic_1,0,0,0,0,0,0,0,0,0,0,0,0,0,0,0,0,0,4301.11,4301.11
4000x3000.png,9,dynamic_2,0,0,0,0,0,0,0,0,0,0,0,0,0,0,0,0,0,486.475,486.475
6000x6000.png,9,dynamic_2,0,0,0,0,0,0,0,0,0,0,0,0,0,0,0,0,0,1445.85,1445.85
8k.jpeg,9,dynamic_2,0,0,0,0,0,0,0,0,0,0,0,0,0,0,0,0,0,114.04,114.04
city.jpg,9,dynamic_2,0,0,0,0,0,0,0,0,0,0,0,0,0,0,0,0,0,3525.59,3525.59
city2.jpg,9,dynamic_2,0,0,0,0,0,0,0,0,0,0,0,0,0,0,0,0,0,3999.31,3999.31
firework.jpg,9,dynamic_2,0,0,0,0,0,0,0,0,0,0,0,0,0,0,0,0,0,7958.17,7958.17
flor1.jpg,9,dynamic_2,0,0,0,0,0,0,0,0,0,0,0,0,0,0,0,0,0,3762.86,3762.86
flor2.jpg,9,dynamic_2,0,0,0,0,0,0,0,0,0,0,0,0,0,0,0,0,0,417.481,417.481
monument.jpg,9,dynamic_2,0,0,0,0,0,0,0,0,0,0,0,0,0,0,0,0,0,6742.29,6742.29
poke.jpg,9,dynamic_2,0,0,0,0,0,0,0,0,0,0,0,0,0,0,0,0,0,9.19443,9.19443
rain_paisage.jpg,9,dynamic_2,0,0,0,0,0,0,0,0,0,0,0,0,0,0,0,0,0,8328.28,8328.28
sky.jpg,9,dynamic_2,0,0,0,0,0,0,0,0,0,0,0,0,0,0,0,0,0,2680.24,2680.24
stars.jpg,9,dynamic_2,0,0,0,0,0,0,0,0,0,0,0,0,0,0,0,0,0,4301.23,4301.23
4000x3000.png,9,dynamic_4,0,0,0,0,0,0,0,0,0,0,0,0,0,0,0,0,0,486.131,486.131
6000x6000.png,9,dynamic_4,0,0,0,0,0,0,0,0,0,0,0,0,0,0,0,0,0,1437.08,1437.08
8k.jpeg,9,dynamic_4,0,0,0,0,0,0,0,0,0,0,0,0,0,0,0,0,0,115.071,115.071
city.jpg,9,dynamic_4,0,0,0,0,0,0,0,0,0,0,0,0,0,0,0,0,0,3518.2,3518.2
city2.jpg,9,dynamic_4,0,0,0,0,0,0,0,0,0,0,0,0,0,0,0,0,0,3991.72,3991.72
firework.jpg,9,dynamic_4,0,0,0,0,0,0,0,0,0,0,0,0,0,0,0,0,0,7923.14,7923.14
flor1.jpg,9,dynamic_4,0,0,0,0,0,0,0,0,0,0,0,0,0,0,0,0,0,3772.28,3772.28
flor2.jpg,9,dynamic_4,0,0,0,0,0,0,0,0,0,0,0,0,0,0,0,0,0,416.964,416.964
monument.jpg,9,dynamic_4,0,0,0,0,0,0,0,0,0,0,0,0,0,0,0,0,0,6717.84,6717.84
poke.jpg,9,dynamic_4,0,0,0,0,0,0,0,0,0,0,0,0,0,0,0,0,0,9.18263,9.18263
rain_paisage.jpg,9,dynamic_4,0,0,0,0,0,0,0,0,0,0,0,0,0,0,0,0,0,8338.99,8338.99
sky.jpg,9,dynamic_4,0,0,0,0,0,0,0,0,0,0,0,0,0,0,0,0,0,2670.22,2670.22
stars.jpg,9,dynamic_4,0,0,0,0,0,0,0,0,0,0,0,0,0,0,0,0,0,4315.26,4315.26
4000x3000.png,9,dynamic_8,0,0,0,0,0,0,0,0,0,0,0,0,0,0,0,0,0,488.987,488.987
6000x6000.png,9,dynamic_8,0,0,0,0,0,0,0,0,0,0,0,0,0,0,0,0,0,1443.93,1443.93
8k.jpeg,9,dynamic_8,0,0,0,0,0,0,0,0,0,0,0,0,0,0,0,0,0,116.83,116.83
city.jpg,9,dynamic_8,0,0,0,0,0,0,0,0,0,0,0,0,0,0,0,0,0,3527.74,3527.74
city2.jpg,9,dynamic_8,0,0,0,0,0,0,0,0,0,0,0,0,0,0,0,0,0,3995.74,3995.74
firework.jpg,9,dynamic_8,0,0,0,0,0,0,0,0,0,0,0,0,0,0,0,0,0,7953.29,7953.29
flor1.jpg,9,dynamic_8,0,0,0,0,0,0,0,0,0,0,0,0,0,0,0,0,0,3770.26,3770.26
flor2.jpg,9,dynamic_8,0,0,0,0,0,0,0,0,0,0,0,0,0,0,0,0,0,418.271,418.271
monument.jpg,9,dynamic_8,0,0,0,0,0,0,0,0,0,0,0,0,0,0,0,0,0,6738.16,6738.16
poke.jpg,9,dynamic_8,0,0,0,0,0,0,0,0,0,0,0,0,0,0,0,0,0,9.40693,9.40693
rain_paisage.jpg,9,dynamic_8,0,0,0,0,0,0,0,0,0,0,0,0,0,0,0,0,0,8353.1,8353.1
sky.jpg,9,dynamic_8,0,0,0,0,0,0,0,0,0,0,0,0,0,0,0,0,0,2674.5,2674.5
stars.jpg,9,dynamic_8,0,0,0,0,0,0,0,0,0,0,0,0,0,0,0,0,0,4302.33,4302.33
4000x3000.png,9,dynamic_32,0,0,0,0,0,0,0,0,0,0,0,0,0,0,0,0,0,496.27,496.27
6000x6000.png,9,dynamic_32,0,0,0,0,0,0,0,0,0,0,0,0,0,0,0,0,0,1439.99,1439.99
8k.jpeg,9,dynamic_32,0,0,0,0,0,0,0,0,0,0,0,0,0,0,0,0,0,121.711,121.711
city.jpg,9,dynamic_32,0,0,0,0,0,0,0,0,0,0,0,0,0,0,0,0,0,3532.49,3532.49
city2.jpg,9,dynamic_32,0,0,0,0,0,0,0,0,0,0,0,0,0,0,0,0,0,3998.7,3998.7
firework.jpg,9,dynamic_32,0,0,0,0,0,0,0,0,0,0,0,0,0,0,0,0,0,7939.66,7939.66
flor1.jpg,9,dynamic_32,0,0,0,0,0,0,0,0,0,0,0,0,0,0,0,0,0,3784.48,3784.48
flor2.jpg,9,dynamic_32,0,0,0,0,0,0,0,0,0,0,0,0,0,0,0,0,0,421.238,421.238
monument.jpg,9,dynamic_32,0,0,0,0,0,0,0,0,0,0,0,0,0,0,0,0,0,6731.88,6731.88
poke.jpg,9,dynamic_32,0,0,0,0,0,0,0,0,0,0,0,0,0,0,0,0,0,12.0271,12.0271
rain_paisage.jpg,9,dynamic_32,0,0,0,0,0,0,0,0,0,0,0,0,0,0,0,0,0,8346.67,8346.67
sky.jpg,9,dynamic_32,0,0,0,0,0,0,0,0,0,0,0,0,0,0,0,0,0,2686.87,2686.87
stars.jpg,9,dynamic_32,0,0,0,0,0,0,0,0,0,0,0,0,0,0,0,0,0,4286.2,4286.2
4000x3000.png,9,dynamic_64,0,0,0,0,0,0,0,0,0,0,0,0,0,0,0,0,0,510.102,510.102
6000x6000.png,9,dynamic_64,0,0,0,0,0,0,0,0,0,0,0,0,0,0,0,0,0,1476.2,1476.2
8k.jpeg,9,dynamic_64,0,0,0,0,0,0,0,0,0,0,0,0,0,0,0,0,0,130.653,130.653
city.jpg,9,dynamic_64,0,0,0,0,0,0,0,0,0,0,0,0,0,0,0,0,0,3528.03,3528.03
city2.jpg,9,dynamic_64,0,0,0,0,0,0,0,0,0,0,0,0,0,0,0,0,0,4037.25,4037.25
firework.jpg,9,dynamic_64,0,0,0,0,0,0,0,0,0,0,0,0,0,0,0,0,0,7961.43,7961.43
flor1.jpg,9,dynamic_64,0,0,0,0,0,0,0,0,0,0,0,0,0,0,0,0,0,3800.38,3800.38
flor2.jpg,9,dynamic_64,0,0,0,0,0,0,0,0,0,0,0,0,0,0,0,0,0,435.601,435.601
monument.jpg,9,dynamic_64,0,0,0,0,0,0,0,0,0,0,0,0,0,0,0,0,0,6715.44,6715.44
poke.jpg,9,dynamic_64,0,0,0,0,0,0,0,0,0,0,0,0,0,0,0,0,0,12.49,12.49
rain_paisage.jpg,9,dynamic_64,0,0,0,0,0,0,0,0,0,0,0,0,0,0,0,0,0,8364.41,8364.41
sky.jpg,9,dynamic_64,0,0,0,0,0,0,0,0,0,0,0,0,0,0,0,0,0,2682.44,2682.44
stars.jpg,9,dynamic_64,0,0,0,0,0,0,0,0,0,0,0,0,0,0,0,0,0,4301.06,4301.06
4000x3000.png,9,dynamic_128,0,0,0,0,0,0,0,0,0,0,0,0,0,0,0,0,0,519.742,519.742
6000x6000.png,9,dynamic_128,0,0,0,0,0,0,0,0,0,0,0,0,0,0,0,0,0,1502.83,1502.83
8k.jpeg,9,dynamic_128,0,0,0,0,0,0,0,0,0,0,0,0,0,0,0,0,0,150.372,150.372
city.jpg,9,dynamic_128,0,0,0,0,0,0,0,0,0,0,0,0,0,0,0,0,0,3584.8,3584.8
city2.jpg,9,dynamic_128,0,0,0,0,0,0,0,0,0,0,0,0,0,0,0,0,0,4075.98,4075.98
firework.jpg,9,dynamic_128,0,0,0,0,0,0,0,0,0,0,0,0,0,0,0,0,0,8051.49,8051.49
flor1.jpg,9,dynamic_128,0,0,0,0,0,0,0,0,0,0,0,0,0,0,0,0,0,3873.14,3873.14
flor2.jpg,9,dynamic_128,0,0,0,0,0,0,0,0,0,0,0,0,0,0,0,0,0,458.11,458.11
monument.jpg,9,dynamic_128,0,0,0,0,0,0,0,0,0,0,0,0,0,0,0,0,0,6747.88,6747.88
poke.jpg,9,dynamic_128,0,0,0,0,0,0,0,0,0,0,0,0,0,0,0,0,0,19.7357,19.7357
rain_paisage.jpg,9,dynamic_128,0,0,0,0,0,0,0,0,0,0,0,0,0,0,0,0,0,8403.46,8403.46
sky.jpg,9,dynamic_128,0,0,0,0,0,0,0,0,0,0,0,0,0,0,0,0,0,2683,2683
stars.jpg,9,dynamic_128,0,0,0,0,0,0,0,0,0,0,0,0,0,0,0,0,0,4414.79,4414.79
4000x3000.png,10,dynamic_16,6.97518,2.49153,9.41758,1.80045,28.147,13.4433,5.37482,9.81675,15.2302,14.6316,14.3207,14.3855,59.8245,107.292,180.635,272.879,402.752,441.411,1600.83
6000x6000.png,10,dynamic_16,18.9715,7.41479,27.9598,6.01008,77.4542,40.1123,15.8215,29.3818,45.2364,42.6334,36.0758,53.0025,197.664,320.783,543.669,819.575,1205.21,1300.96,4787.94
8k.jpeg,10,dynamic_16,1.58459,0.676948,2.33266,0.356996,6.18473,3.26985,1.35191,2.40611,4.34803,3.45824,6.96891,2.5036,14.0754,25.326,43.4211,82.2847,94.8374,104.664,400.051
city.jpg,10,dynamic_16,44.4466,17.2021,65.7775,16.1953,201.166,94.5448,37.1776,67.5003,113.598,98.1196,78.7672,76.8956,415.261,781.116,1279.01,2108.92,3024.02,3186.7,11706.4
city2.jpg,10,dynamic_16,50.2727,19.8104,74.337,18.4458,227.417,106.76,41.916,75.8691,115.329,111.833,89.4243,87.766,471.275,872.563,1444.3,2186.45,3217.77,3615.68,12827.2
firework.jpg,10,dynamic_16,96.7388,37.9258,148.351,37.1962,397.192,206.461,80.951,146.703,0.00028,220.711,182.99,183.148,917.875,1655.41,2798.85,4236.77,6240.57,7168.37,24756.2
flor1.jpg,10,dynamic_16,45.8554,18.0038,68.8644,16.5992,207.513,97.5077,38.9144,69.1224,105.844,102.207,87.343,86.0042,433.985,789.067,1324.45,2000.98,2936.94,3407.94,11837.1
flor2.jpg,10,dynamic_16,5.28031,2.10394,7.73228,1.02935,23.2382,11.0843,4.83903,7.81707,12.4131,11.3961,10.7481,11.5148,49.3216,88.7059,149.126,226.772,333.48,377.177,1333.78
monument.jpg,10,dynamic_16,88.2266,34.7167,151.788,32.796,399.362,187.326,73.9881,135.146,205.788,196.041,156.925,154.699,834.57,1510.77,2538.98,3840.38,5645.52,6080.78,22267.8
poke.jpg,10,dynamic_16,0.230958,0.056777,0.182606,0.03435,0.509722,0.259232,0.150795,0.700454,0.24915,0.276632,0.173776,0.176427,1.14086,2.05124,3.44414,5.14786,7.39245,8.97245,31.1499
rain_paisage.jpg,10,dynamic_16,104.442,40.5777,155.139,40.1664,474.136,223.006,87.7713,160.832,0.000369,230.623,180.939,184.5,982.471,1792.19,3017.7,4965.27,7142.46,7530.49,27312.7
sky.jpg,10,dynamic_16,55.9228,13.2754,49.7618,11.8237,151.984,71.38,27.9466,50.4295,77.3952,75.2628,59.9175,59.2893,312.118,570.171,964.248,1486.53,2143.44,2413.54,8594.44
stars.jpg,10,dynamic_16,58.5538,23.4766,86.8136,22.0892,240.061,125.069,48.927,93.1345,137.443,130.89,103.42,104.075,572.837,1010.28,1696.16,2574.28,3755.45,3870.21,14653.2
4000x3000.png,10,static,0,0,0,0,0,0,0,0,0,0,0,0,0,0,0,0,0,482.287,482.287
6000x6000.png,10,static,0,0,0,0,0,0,0,0,0,0,0,0,0,0,0,0,0,1458.54,1458.54
8k.jpeg,10,static,0,0,0,0,0,0,0,0,0,0,0,0,0,0,0,0,0,124.033,124.033
city.jpg,10,static,0,0,0,0,0,0,0,0,0,0,0,0,0,0,0,0,0,4150.15,4150.15
city2.jpg,10,static,0,0,0,0,0,0,0,0,0,0,0,0,0,0,0,0,0,4098.72,4098.72
firework.jpg,10,static,0,0,0,0,0,0,0,0,0,0,0,0,0,0,0,0,0,8996.97,8996.97
flor1.jpg,10,static,0,0,0,0,0,0,0,0,0,0,0,0,0,0,0,0,0,4032.26,4032.26
flor2.jpg,10,static,0,0,0,0,0,0,0,0,0,0,0,0,0,0,0,0,0,407.412,407.412
monument.jpg,10,static,0,0,0,0,0,0,0,0,0,0,0,0,0,0,0,0,0,8088.83,8088.83
poke.jpg,10,static,0,0,0,0,0,0,0,0,0,0,0,0,0,0,0,0,0,9.41179,9.41179
rain_paisage.jpg,10,static,0,0,0,0,0,0,0,0,0,0,0,0,0,0,0,0,0,9758.45,9758.45
sky.jpg,10,static,0,0,0,0,0,0,0,0,0,0,0,0,0,0,0,0,0,2549.87,2549.87
stars.jpg,10,static,0,0,0,0,0,0,0,0,0,0,0,0,0,0,0,0,0,4161.06,4161.06
4000x3000.png,10,dynamic_1,0,0,0,0,0,0,0,0,0,0,0,0,0,0,0,0,0,439.608,439.608
6000x6000.png,10,dynamic_1,0,0,0,0,0,0,0,0,0,0,0,0,0,0,0,0,0,1301.89,1301.89
8k.jpeg,10,dynamic_1,0,0,0,0,0,0,0,0,0,0,0,0,0,0,0,0,0,103.523,103.523
city.jpg,10,dynamic_1,0,0,0,0,0,0,0,0,0,0,0,0,0,0,0,0,0,3188.85,3188.85
city2.jpg,10,dynamic_1,0,0,0,0,0,0,0,0,0,0,0,0,0,0,0,0,0,3618.42,3618.42
firework.jpg,10,dynamic_1,0,0,0,0,0,0,0,0,0,0,0,0,0,0,0,0,0,7162.71,7162.71
flor1.jpg,10,dynamic_1,0,0,0,0,0,0,0,0,0,0,0,0,0,0,0,0,0,3403.01,3403.01
flor2.jpg,10,dynamic_1,0,0,0,0,0,0,0,0,0,0,0,0,0,0,0,0,0,377.136,377.136
monument.jpg,10,dynamic_1,0,0,0,0,0,0,0,0,0,0,0,0,0,0,0,0,0,6091.95,6091.95
poke.jpg,10,dynamic_1,0,0,0,0,0,0,0,0,0,0,0,0,0,0,0,0,0,8.29722,8.29722
rain_paisage.jpg,10,dynamic_1,0,0,0,0,0,0,0,0,0,0,0,0,0,0,0,0,0,7538.1,7538.1
sky.jpg,10,dynamic_1,0,0,0,0,0,0,0,0,0,0,0,0,0,0,0,0,0,2422.82,2422.82
stars.jpg,10,dynamic_1,0,0,0,0,0,0,0,0,0,0,0,0,0,0,0,0,0,3878.96,3878.96
4000x3000.png,10,dynamic_2,0,0,0,0,0,0,0,0,0,0,0,0,0,0,0,0,0,439.352,439.352
6000x6000.png,10,dynamic_2,0,0,0,0,0,0,0,0,0,0,0,0,0,0,0,0,0,1299.02,1299.02
8k.jpeg,10,dynamic_2,0,0,0,0,0,0,0,0,0,0,0,0,0,0,0,0,0,104.058,104.058
city.jpg,10,dynamic_2,0,0,0,0,0,0,0,0,0,0,0,0,0,0,0,0,0,3184.89,3184.89
city2.jpg,10,dynamic_2,0,0,0,0,0,0,0,0,0,0,0,0,0,0,0,0,0,3625.54,3625.54
firework.jpg,10,dynamic_2,0,0,0,0,0,0,0,0,0,0,0,0,0,0,0,0,0,7153.38,7153.38
flor1.jpg,10,dynamic_2,0,0,0,0,0,0,0,0,0,0,0,0,0,0,0,0,0,3406.22,3406.22
flor2.jpg,10,dynamic_2,0,0,0,0,0,0,0,0,0,0,0,0,0,0,0,0,0,376.161,376.161
monument.jpg,10,dynamic_2,0,0,0,0,0,0,0,0,0,0,0,0,0,0,0,0,0,6083.47,6083.47
poke.jpg,10,dynamic_2,0,0,0,0,0,0,0,0,0,0,0,0,0,0,0,0,0,8.25943,8.25943
rain_paisage.jpg,10,dynamic_2,0,0,0,0,0,0,0,0,0,0,0,0,0,0,0,0,0,7568.3,7568.3
sky.jpg,10,dynamic_2,0,0,0,0,0,0,0,0,0,0,0,0,0,0,0,0,0,2406.92,2406.92
stars.jpg,10,dynamic_2,0,0,0,0,0,0,0,0,0,0,0,0,0,0,0,0,0,3864.91,3864.91
4000x3000.png,10,dynamic_4,0,0,0,0,0,0,0,0,0,0,0,0,0,0,0,0,0,439.645,439.645
6000x6000.png,10,dynamic_4,0,0,0,0,0,0,0,0,0,0,0,0,0,0,0,0,0,1298.65,1298.65
8k.jpeg,10,dynamic_4,0,0,0,0,0,0,0,0,0,0,0,0,0,0,0,0,0,104.125,104.125
city.jpg,10,dynamic_4,0,0,0,0,0,0,0,0,0,0,0,0,0,0,0,0,0,3183.28,3183.28
city2.jpg,10,dynamic_4,0,0,0,0,0,0,0,0,0,0,0,0,0,0,0,0,0,3623,3623
firework.jpg,10,dynamic_4,0,0,0,0,0,0,0,0,0,0,0,0,0,0,0,0,0,7159.67,7159.67
flor1.jpg,10,dynamic_4,0,0,0,0,0,0,0,0,0,0,0,0,0,0,0,0,0,3413.49,3413.49
flor2.jpg,10,dynamic_4,0,0,0,0,0,0,0,0,0,0,0,0,0,0,0,0,0,377.095,377.095
monument.jpg,10,dynamic_4,0,0,0,0,0,0,0,0,0,0,0,0,0,0,0,0,0,6070.48,6070.48
poke.jpg,10,dynamic_4,0,0,0,0,0,0,0,0,0,0,0,0,0,0,0,0,0,8.31928,8.31928
rain_paisage.jpg,10,dynamic_4,0,0,0,0,0,0,0,0,0,0,0,0,0,0,0,0,0,7723.15,7723.15
sky.jpg,10,dynamic_4,0,0,0,0,0,0,0,0,0,0,0,0,0,0,0,0,0,2417.04,2417.04
stars.jpg,10,dynamic_4,0,0,0,0,0,0,0,0,0,0,0,0,0,0,0,0,0,3870.05,3870.05
4000x3000.png,10,dynamic_8,0,0,0,0,0,0,0,0,0,0,0,0,0,0,0,0,0,441.462,441.462
6000x6000.png,10,dynamic_8,0,0,0,0,0,0,0,0,0,0,0,0,0,0,0,0,0,1301.46,1301.46
8k.jpeg,10,dynamic_8,0,0,0,0,0,0,0,0,0,0,0,0,0,0,0,0,0,105.809,105.809
city.jpg,10,dynamic_8,0,0,0,0,0,0,0,0,0,0,0,0,0,0,0,0,0,3180.07,3180.07
city2.jpg,10,dynamic_8,0,0,0,0,0,0,0,0,0,0,0,0,0,0,0,0,0,3621.37,3621.37
firework.jpg,10,dynamic_8,0,0,0,0,0,0,0,0,0,0,0,0,0,0,0,0,0,7159.46,7159.46
flor1.jpg,10,dynamic_8,0,0,0,0,0,0,0,0,0,0,0,0,0,0,0,0,0,3401.2,3401.2
flor2.jpg,10,dynamic_8,0,0,0,0,0,0,0,0,0,0,0,0,0,0,0,0,0,378.852,378.852
monument.jpg,10,dynamic_8,0,0,0,0,0,0,0,0,0,0,0,0,0,0,0,0,0,6077.85,6077.85
poke.jpg,10,dynamic_8,0,0,0,0,0,0,0,0,0,0,0,0,0,0,0,0,0,8.70455,8.70455
rain_paisage.jpg,10,dynamic_8,0,0,0,0,0,0,0,0,0,0,0,0,0,0,0,0,0,7523.98,7523.98
sky.jpg,10,dynamic_8,0,0,0,0,0,0,0,0,0,0,0,0,0,0,0,0,0,2427.33,2427.33
stars.jpg,10,dynamic_8,0,0,0,0,0,0,0,0,0,0,0,0,0,0,0,0,0,3873.21,3873.21
4000x3000.png,10,dynamic_32,0,0,0,0,0,0,0,0,0,0,0,0,0,0,0,0,0,449.91,449.91
6000x6000.png,10,dynamic_32,0,0,0,0,0,0,0,0,0,0,0,0,0,0,0,0,0,1308.69,1308.69
8k.jpeg,10,dynamic_32,0,0,0,0,0,0,0,0,0,0,0,0,0,0,0,0,0,113.921,113.921
city.jpg,10,dynamic_32,0,0,0,0,0,0,0,0,0,0,0,0,0,0,0,0,0,3191.81,3191.81
city2.jpg,10,dynamic_32,0,0,0,0,0,0,0,0,0,0,0,0,0,0,0,0,0,3630.27,3630.27
firework.jpg,10,dynamic_32,0,0,0,0,0,0,0,0,0,0,0,0,0,0,0,0,0,7198.36,7198.36
flor1.jpg,10,dynamic_32,0,0,0,0,0,0,0,0,0,0,0,0,0,0,0,0,0,3412.02,3412.02
flor2.jpg,10,dynamic_32,0,0,0,0,0,0,0,0,0,0,0,0,0,0,0,0,0,384.491,384.491
monument.jpg,10,dynamic_32,0,0,0,0,0,0,0,0,0,0,0,0,0,0,0,0,0,6078.15,6078.15
poke.jpg,10,dynamic_32,0,0,0,0,0,0,0,0,0,0,0,0,0,0,0,0,0,10.4004,10.4004
rain_paisage.jpg,10,dynamic_32,0,0,0,0,0,0,0,0,0,0,0,0,0,0,0,0,0,7546.71,7546.71
sky.jpg,10,dynamic_32,0,0,0,0,0,0,0,0,0,0,0,0,0,0,0,0,0,2441.85,2441.85
stars.jpg,10,dynamic_32,0,0,0,0,0,0,0,0,0,0,0,0,0,0,0,0,0,3908.96,3908.96
4000x3000.png,10,dynamic_64,0,0,0,0,0,0,0,0,0,0,0,0,0,0,0,0,0,456.364,456.364
6000x6000.png,10,dynamic_64,0,0,0,0,0,0,0,0,0,0,0,0,0,0,0,0,0,1322.03,1322.03
8k.jpeg,10,dynamic_64,0,0,0,0,0,0,0,0,0,0,0,0,0,0,0,0,0,125.499,125.499
city.jpg,10,dynamic_64,0,0,0,0,0,0,0,0,0,0,0,0,0,0,0,0,0,3207.27,3207.27
city2.jpg,10,dynamic_64,0,0,0,0,0,0,0,0,0,0,0,0,0,0,0,0,0,3652.12,3652.12
firework.jpg,10,dynamic_64,0,0,0,0,0,0,0,0,0,0,0,0,0,0,0,0,0,7200.02,7200.02
flor1.jpg,10,dynamic_64,0,0,0,0,0,0,0,0,0,0,0,0,0,0,0,0,0,3486.23,3486.23
flor2.jpg,10,dynamic_64,0,0,0,0,0,0,0,0,0,0,0,0,0,0,0,0,0,389.395,389.395
monument.jpg,10,dynamic_64,0,0,0,0,0,0,0,0,0,0,0,0,0,0,0,0,0,6079.31,6079.31
poke.jpg,10,dynamic_64,0,0,0,0,0,0,0,0,0,0,0,0,0,0,0,0,0,12.3682,12.3682
rain_paisage.jpg,10,dynamic_64,0,0,0,0,0,0,0,0,0,0,0,0,0,0,0,0,0,7552.38,7552.38
sky.jpg,10,dynamic_64,0,0,0,0,0,0,0,0,0,0,0,0,0,0,0,0,0,2457.49,2457.49
stars.jpg,10,dynamic_64,0,0,0,0,0,0,0,0,0,0,0,0,0,0,0,0,0,3958.19,3958.19
4000x3000.png,10,dynamic_128,0,0,0,0,0,0,0,0,0,0,0,0,0,0,0,0,0,492.324,492.324
6000x6000.png,10,dynamic_128,0,0,0,0,0,0,0,0,0,0,0,0,0,0,0,0,0,1340.26,1340.26
8k.jpeg,10,dynamic_128,0,0,0,0,0,0,0,0,0,0,0,0,0,0,0,0,0,142.111,142.111
city.jpg,10,dynamic_128,0,0,0,0,0,0,0,0,0,0,0,0,0,0,0,0,0,3259.26,3259.26
city2.jpg,10,dynamic_128,0,0,0,0,0,0,0,0,0,0,0,0,0,0,0,0,0,3697.27,3697.27
firework.jpg,10,dynamic_128,0,0,0,0,0,0,0,0,0,0,0,0,0,0,0,0,0,7262.01,7262.01
flor1.jpg,10,dynamic_128,0,0,0,0,0,0,0,0,0,0,0,0,0,0,0,0,0,3549.53,3549.53
flor2.jpg,10,dynamic_128,0,0,0,0,0,0,0,0,0,0,0,0,0,0,0,0,0,405.311,405.311
monument.jpg,10,dynamic_128,0,0,0,0,0,0,0,0,0,0,0,0,0,0,0,0,0,6114.72,6114.72
poke.jpg,10,dynamic_128,0,0,0,0,0,0,0,0,0,0,0,0,0,0,0,0,0,19.3044,19.3044
rain_paisage.jpg,10,dynamic_128,0,0,0,0,0,0,0,0,0,0,0,0,0,0,0,0,0,7600.03,7600.03
sky.jpg,10,dynamic_128,0,0,0,0,0,0,0,0,0,0,0,0,0,0,0,0,0,2519.34,2519.34
stars.jpg,10,dynamic_128,0,0,0,0,0,0,0,0,0,0,0,0,0,0,0,0,0,3950.96,3950.96
4000x3000.png,11,dynamic_16,6.39923,2.30477,8.55552,1.71502,25.7282,12.2709,4.86683,8.87334,14.5085,13.5843,14.1886,13.7776,54.3914,97.9178,165.932,248.564,365.976,406.922,1466.48
6000x6000.png,11,dynamic_16,26.6944,6.80946,26.8644,5.59282,70.7287,36.4944,14.8801,26.3222,40.4738,39.2079,36.0161,33.6565,163.279,291.772,492.387,745.763,1095.64,1189.81,4342.39
8k.jpeg,11,dynamic_16,1.49672,0.671576,2.13038,0.353763,5.62571,3.01228,1.31513,2.13567,3.94605,3.18296,7.41634,2.2648,12.7685,23.0181,38.955,58.737,86.06,96.2711,349.361
city.jpg,11,dynamic_16,40.5377,15.9807,67.8348,16.1139,196.165,85.9703,33.7147,61.3417,104.384,89.1593,74.4757,73.4091,376.982,696.306,1160.98,1906.52,2757.41,2912.51,10669.8
city2.jpg,11,dynamic_16,45.5511,18.1421,67.3479,17.1777,206.911,97.264,38.8612,69.1438,106.389,101.859,85.2568,83.255,427.584,780.067,1330.56,1999.54,2933.12,3303.08,11711.1
firework.jpg,11,dynamic_16,88.0362,34.8504,130.44,34.9141,361.211,187.605,73.4542,133.403,0.000356,196.284,170.924,169.918,832.087,1503.21,2541.2,3851.94,5686.38,6572.23,22568.1
flor1.jpg,11,dynamic_16,41.56,16.5876,61.4973,15.5752,188.876,88.462,34.696,62.5091,97.8657,92.6389,82.2524,80.747,394.475,715.707,1214.37,1815.08,2677.09,3124.79,10804.8
flor2.jpg,11,dynamic_16,4.80316,1.90711,7.08558,0.929939,21.152,10.0209,4.05053,7.13981,11.6656,11.2656,11.1735,11.9962,44.572,80.5794,135.951,206.516,302.247,345.355,1218.41
monument.jpg,11,dynamic_16,79.8393,32.5045,118.222,31.4775,364.1,170.462,66.7417,127.941,187.179,178.017,148.702,145.821,759.457,1376.2,2339.53,3504.97,5149.48,5576.23,20356.9
poke.jpg,11,dynamic_16,0.217257,0.05358,0.167302,0.039843,0.513422,0.238551,0.098161,3.13696,0.427947,0.261308,0.163269,0.163838,1.03824,1.88615,3.12071,4.64259,6.74487,7.90516,30.8192
rain_paisage.jpg,11,dynamic_16,98.0736,38.8296,140.58,38.1145,431.583,203.192,79.2687,145.957,0.000446,210.018,170.904,174.875,895.743,1619.16,2759.99,4512.1,6521.03,6923.34,24962.8
sky.jpg,11,dynamic_16,50.7198,12.669,50.7718,12.8504,139.657,65.1561,25.6627,46.1433,71.6922,68.555,57.9452,57.2063,285.323,522.45,880.967,1333.9,1949.05,2210.39,7841.11
stars.jpg,11,dynamic_16,53.1035,21.1588,78.5977,20.3202,218.146,113.46,44.4214,82.2075,124.847,118.666,96.3939,97.9334,523.728,921.792,1543.13,2368.24,3414.05,3554.85,13395.1
4000x3000.png,11,static,0,0,0,0,0,0,0,0,0,0,0,0,0,0,0,0,0,444.922,444.922
6000x6000.png,11,static,0,0,0,0,0,0,0,0,0,0,0,0,0,0,0,0,0,1312.01,1312.01
8k.jpeg,11,static,0,0,0,0,0,0,0,0,0,0,0,0,0,0,0,0,0,115.411,115.411
city.jpg,11,static,0,0,0,0,0,0,0,0,0,0,0,0,0,0,0,0,0,3786.07,3786.07
city2.jpg,11,static,0,0,0,0,0,0,0,0,0,0,0,0,0,0,0,0,0,3708.22,3708.22
firework.jpg,11,static,0,0,0,0,0,0,0,0,0,0,0,0,0,0,0,0,0,8206.44,8206.44
flor1.jpg,11,static,0,0,0,0,0,0,0,0,0,0,0,0,0,0,0,0,0,3647.46,3647.46
flor2.jpg,11,static,0,0,0,0,0,0,0,0,0,0,0,0,0,0,0,0,0,371.812,371.812
monument.jpg,11,static,0,0,0,0,0,0,0,0,0,0,0,0,0,0,0,0,0,7375.74,7375.74
poke.jpg,11,static,0,0,0,0,0,0,0,0,0,0,0,0,0,0,0,0,0,8.4864,8.4864
rain_paisage.jpg,11,static,0,0,0,0,0,0,0,0,0,0,0,0,0,0,0,0,0,8946.49,8946.49
sky.jpg,11,static,0,0,0,0,0,0,0,0,0,0,0,0,0,0,0,0,0,2310.7,2310.7
stars.jpg,11,static,0,0,0,0,0,0,0,0,0,0,0,0,0,0,0,0,0,3767.26,3767.26
4000x3000.png,11,dynamic_1,0,0,0,0,0,0,0,0,0,0,0,0,0,0,0,0,0,401.042,401.042
6000x6000.png,11,dynamic_1,0,0,0,0,0,0,0,0,0,0,0,0,0,0,0,0,0,1188.92,1188.92
8k.jpeg,11,dynamic_1,0,0,0,0,0,0,0,0,0,0,0,0,0,0,0,0,0,95.3256,95.3256
city.jpg,11,dynamic_1,0,0,0,0,0,0,0,0,0,0,0,0,0,0,0,0,0,2902.65,2902.65
city2.jpg,11,dynamic_1,0,0,0,0,0,0,0,0,0,0,0,0,0,0,0,0,0,3322.42,3322.42
firework.jpg,11,dynamic_1,0,0,0,0,0,0,0,0,0,0,0,0,0,0,0,0,0,6570.96,6570.96
flor1.jpg,11,dynamic_1,0,0,0,0,0,0,0,0,0,0,0,0,0,0,0,0,0,3129.75,3129.75
flor2.jpg,11,dynamic_1,0,0,0,0,0,0,0,0,0,0,0,0,0,0,0,0,0,343.967,343.967
monument.jpg,11,dynamic_1,0,0,0,0,0,0,0,0,0,0,0,0,0,0,0,0,0,5584.55,5584.55
poke.jpg,11,dynamic_1,0,0,0,0,0,0,0,0,0,0,0,0,0,0,0,0,0,7.83109,7.83109
rain_paisage.jpg,11,dynamic_1,0,0,0,0,0,0,0,0,0,0,0,0,0,0,0,0,0,6915.66,6915.66
sky.jpg,11,dynamic_1,0,0,0,0,0,0,0,0,0,0,0,0,0,0,0,0,0,2205.42,2205.42
stars.jpg,11,dynamic_1,0,0,0,0,0,0,0,0,0,0,0,0,0,0,0,0,0,3543.79,3543.79
4000x3000.png,11,dynamic_2,0,0,0,0,0,0,0,0,0,0,0,0,0,0,0,0,0,402.071,402.071
6000x6000.png,11,dynamic_2,0,0,0,0,0,0,0,0,0,0,0,0,0,0,0,0,0,1185.62,1185.62
8k.jpeg,11,dynamic_2,0,0,0,0,0,0,0,0,0,0,0,0,0,0,0,0,0,94.7252,94.7252
city.jpg,11,dynamic_2,0,0,0,0,0,0,0,0,0,0,0,0,0,0,0,0,0,2906.74,2906.74
city2.jpg,11,dynamic_2,0,0,0,0,0,0,0,0,0,0,0,0,0,0,0,0,0,3305.32,3305.32
firework.jpg,11,dynamic_2,0,0,0,0,0,0,0,0,0,0,0,0,0,0,0,0,0,6569.79,6569.79
flor1.jpg,11,dynamic_2,0,0,0,0,0,0,0,0,0,0,0,0,0,0,0,0,0,3111.11,3111.11
flor2.jpg,11,dynamic_2,0,0,0,0,0,0,0,0,0,0,0,0,0,0,0,0,0,349.367,349.367
monument.jpg,11,dynamic_2,0,0,0,0,0,0,0,0,0,0,0,0,0,0,0,0,0,5587.05,5587.05
poke.jpg,11,dynamic_2,0,0,0,0,0,0,0,0,0,0,0,0,0,0,0,0,0,7.71034,7.71034
rain_paisage.jpg,11,dynamic_2,0,0,0,0,0,0,0,0,0,0,0,0,0,0,0,0,0,6880.68,6880.68
sky.jpg,11,dynamic_2,0,0,0,0,0,0,0,0,0,0,0,0,0,0,0,0,0,2221.04,2221.04
stars.jpg,11,dynamic_2,0,0,0,0,0,0,0,0,0,0,0,0,0,0,0,0,0,3544.07,3544.07
4000x3000.png,11,dynamic_4,0,0,0,0,0,0,0,0,0,0,0,0,0,0,0,0,0,401.611,401.611
6000x6000.png,11,dynamic_4,0,0,0,0,0,0,0,0,0,0,0,0,0,0,0,0,0,1218.66,1218.66
8k.jpeg,11,dynamic_4,0,0,0,0,0,0,0,0,0,0,0,0,0,0,0,0,0,96.0057,96.0057
city.jpg,11,dynamic_4,0,0,0,0,0,0,0,0,0,0,0,0,0,0,0,0,0,2907.4,2907.4
city2.jpg,11,dynamic_4,0,0,0,0,0,0,0,0,0,0,0,0,0,0,0,0,0,3296.09,3296.09
firework.jpg,11,dynamic_4,0,0,0,0,0,0,0,0,0,0,0,0,0,0,0,0,0,6538.69,6538.69
flor1.jpg,11,dynamic_4,0,0,0,0,0,0,0,0,0,0,0,0,0,0,0,0,0,3127.87,3127.87
flor2.jpg,11,dynamic_4,0,0,0,0,0,0,0,0,0,0,0,0,0,0,0,0,0,344.214,344.214
monument.jpg,11,dynamic_4,0,0,0,0,0,0,0,0,0,0,0,0,0,0,0,0,0,5561.76,5561.76
poke.jpg,11,dynamic_4,0,0,0,0,0,0,0,0,0,0,0,0,0,0,0,0,0,7.76023,7.76023
rain_paisage.jpg,11,dynamic_4,0,0,0,0,0,0,0,0,0,0,0,0,0,0,0,0,0,6882.3,6882.3
sky.jpg,11,dynamic_4,0,0,0,0,0,0,0,0,0,0,0,0,0,0,0,0,0,2193.14,2193.14
stars.jpg,11,dynamic_4,0,0,0,0,0,0,0,0,0,0,0,0,0,0,0,0,0,3541.51,3541.51
4000x3000.png,11,dynamic_8,0,0,0,0,0,0,0,0,0,0,0,0,0,0,0,0,0,407.245,407.245
6000x6000.png,11,dynamic_8,0,0,0,0,0,0,0,0,0,0,0,0,0,0,0,0,0,1185.81,1185.81
8k.jpeg,11,dynamic_8,0,0,0,0,0,0,0,0,0,0,0,0,0,0,0,0,0,96.4627,96.4627
city.jpg,11,dynamic_8,0,0,0,0,0,0,0,0,0,0,0,0,0,0,0,0,0,2903.96,2903.96
city2.jpg,11,dynamic_8,0,0,0,0,0,0,0,0,0,0,0,0,0,0,0,0,0,3303.32,3303.32
firework.jpg,11,dynamic_8,0,0,0,0,0,0,0,0,0,0,0,0,0,0,0,0,0,6562.86,6562.86
flor1.jpg,11,dynamic_8,0,0,0,0,0,0,0,0,0,0,0,0,0,0,0,0,0,3128.39,3128.39
flor2.jpg,11,dynamic_8,0,0,0,0,0,0,0,0,0,0,0,0,0,0,0,0,0,345.733,345.733
monument.jpg,11,dynamic_8,0,0,0,0,0,0,0,0,0,0,0,0,0,0,0,0,0,5575.92,5575.92
poke.jpg,11,dynamic_8,0,0,0,0,0,0,0,0,0,0,0,0,0,0,0,0,0,7.90929,7.90929
rain_paisage.jpg,11,dynamic_8,0,0,0,0,0,0,0,0,0,0,0,0,0,0,0,0,0,6893.73,6893.73
sky.jpg,11,dynamic_8,0,0,0,0,0,0,0,0,0,0,0,0,0,0,0,0,0,2200.18,2200.18
stars.jpg,11,dynamic_8,0,0,0,0,0,0,0,0,0,0,0,0,0,0,0,0,0,3540.59,3540.59
4000x3000.png,11,dynamic_32,0,0,0,0,0,0,0,0,0,0,0,0,0,0,0,0,0,418.942,418.942
6000x6000.png,11,dynamic_32,0,0,0,0,0,0,0,0,0,0,0,0,0,0,0,0,0,1197.55,1197.55
8k.jpeg,11,dynamic_32,0,0,0,0,0,0,0,0,0,0,0,0,0,0,0,0,0,104.276,104.276
city.jpg,11,dynamic_32,0,0,0,0,0,0,0,0,0,0,0,0,0,0,0,0,0,2983.91,2983.91
city2.jpg,11,dynamic_32,0,0,0,0,0,0,0,0,0,0,0,0,0,0,0,0,0,3345.78,3345.78
firework.jpg,11,dynamic_32,0,0,0,0,0,0,0,0,0,0,0,0,0,0,0,0,0,6633.13,6633.13
flor1.jpg,11,dynamic_32,0,0,0,0,0,0,0,0,0,0,0,0,0,0,0,0,0,3155.84,3155.84
flor2.jpg,11,dynamic_32,0,0,0,0,0,0,0,0,0,0,0,0,0,0,0,0,0,355.654,355.654
monument.jpg,11,dynamic_32,0,0,0,0,0,0,0,0,0,0,0,0,0,0,0,0,0,5613.25,5613.25
poke.jpg,11,dynamic_32,0,0,0,0,0,0,0,0,0,0,0,0,0,0,0,0,0,8.33078,8.33078
rain_paisage.jpg,11,dynamic_32,0,0,0,0,0,0,0,0,0,0,0,0,0,0,0,0,0,6950.46,6950.46
sky.jpg,11,dynamic_32,0,0,0,0,0,0,0,0,0,0,0,0,0,0,0,0,0,2236.74,2236.74
stars.jpg,11,dynamic_32,0,0,0,0,0,0,0,0,0,0,0,0,0,0,0,0,0,3590.95,3590.95
4000x3000.png,11,dynamic_64,0,0,0,0,0,0,0,0,0,0,0,0,0,0,0,0,0,430.695,430.695
6000x6000.png,11,dynamic_64,0,0,0,0,0,0,0,0,0,0,0,0,0,0,0,0,0,1207.13,1207.13
8k.jpeg,11,dynamic_64,0,0,0,0,0,0,0,0,0,0,0,0,0,0,0,0,0,112.734,112.734
city.jpg,11,dynamic_64,0,0,0,0,0,0,0,0,0,0,0,0,0,0,0,0,0,2937.55,2937.55
city2.jpg,11,dynamic_64,0,0,0,0,0,0,0,0,0,0,0,0,0,0,0,0,0,3333.11,3333.11
firework.jpg,11,dynamic_64,0,0,0,0,0,0,0,0,0,0,0,0,0,0,0,0,0,6596.84,6596.84
flor1.jpg,11,dynamic_64,0,0,0,0,0,0,0,0,0,0,0,0,0,0,0,0,0,3145,3145
flor2.jpg,11,dynamic_64,0,0,0,0,0,0,0,0,0,0,0,0,0,0,0,0,0,368.719,368.719
monument.jpg,11,dynamic_64,0,0,0,0,0,0,0,0,0,0,0,0,0,0,0,0,0,5565.33,5565.33
poke.jpg,11,dynamic_64,0,0,0,0,0,0,0,0,0,0,0,0,0,0,0,0,0,12.3301,12.3301
rain_paisage.jpg,11,dynamic_64,0,0,0,0,0,0,0,0,0,0,0,0,0,0,0,0,0,6911.51,6911.51
sky.jpg,11,dynamic_64,0,0,0,0,0,0,0,0,0,0,0,0,0,0,0,0,0,2263.44,2263.44
stars.jpg,11,dynamic_64,0,0,0,0,0,0,0,0,0,0,0,0,0,0,0,0,0,3624.35,3624.35
4000x3000.png,11,dynamic_128,0,0,0,0,0,0,0,0,0,0,0,0,0,0,0,0,0,469.509,469.509
6000x6000.png,11,dynamic_128,0,0,0,0,0,0,0,0,0,0,0,0,0,0,0,0,0,1251.1,1251.1
8k.jpeg,11,dynamic_128,0,0,0,0,0,0,0,0,0,0,0,0,0,0,0,0,0,108.009,108.009
city.jpg,11,dynamic_128,0,0,0,0,0,0,0,0,0,0,0,0,0,0,0,0,0,2985.53,2985.53
city2.jpg,11,dynamic_128,0,0,0,0,0,0,0,0,0,0,0,0,0,0,0,0,0,3409.46,3409.46
firework.jpg,11,dynamic_128,0,0,0,0,0,0,0,0,0,0,0,0,0,0,0,0,0,6644.93,6644.93
flor1.jpg,11,dynamic_128,0,0,0,0,0,0,0,0,0,0,0,0,0,0,0,0,0,3226.74,3226.74
flor2.jpg,11,dynamic_128,0,0,0,0,0,0,0,0,0,0,0,0,0,0,0,0,0,376.414,376.414
monument.jpg,11,dynamic_128,0,0,0,0,0,0,0,0,0,0,0,0,0,0,0,0,0,5620.25,5620.25
poke.jpg,11,dynamic_128,0,0,0,0,0,0,0,0,0,0,0,0,0,0,0,0,0,19.4072,19.4072
rain_paisage.jpg,11,dynamic_128,0,0,0,0,0,0,0,0,0,0,0,0,0,0,0,0,0,6907.76,6907.76
sky.jpg,11,dynamic_128,0,0,0,0,0,0,0,0,0,0,0,0,0,0,0,0,0,2278.54,2278.54
stars.jpg,11,dynamic_128,0,0,0,0,0,0,0,0,0,0,0,0,0,0,0,0,0,3755.84,3755.84
4000x3000.png,12,dynamic_16,5.97646,2.11796,7.9095,1.99812,23.6411,11.3851,4.5066,8.32367,13.2666,12.7421,11.7876,11.7581,50.3346,90.1797,151.925,232.508,334.739,375.277,1350.38
6000x6000.png,12,dynamic_16,15.8104,6.51967,23.3212,6.12879,65.1228,33.4584,13.239,24.2778,37.7312,36.598,33.0915,32.8237,152.012,268.592,452.887,686.295,1005.16,1110.4,4003.47
8k.jpeg,12,dynamic_16,1.40542,0.591825,2.00813,0.362313,5.25508,2.72138,1.16265,2.16452,3.81981,3.25428,2.90224,1.6749,11.8906,21.2438,35.8754,54.3767,79.5508,91.278,321.538
city.jpg,12,dynamic_16,37.2829,16.0934,55.0734,16.618,169.076,79.1964,31.1647,56.7486,96.8694,82.1279,72.7982,71.5401,352.083,629.222,1070.23,1752.45,2524.27,2682.61,9795.45
city2.jpg,12,dynamic_16,41.8579,17.8367,62.0333,18.6477,190.137,89.076,35.0538,63.5368,98.5627,93.3674,81.652,80.1701,399.963,741.601,1214.83,1825.53,2692.23,3044.93,10791
firework.jpg,12,dynamic_16,81.0452,35.3528,119.82,37.4996,331.974,172.439,67.8261,122.16,0.000341,180.762,172.083,162.36,768.597,1381.59,2335.85,3533.35,5254.18,6060.44,20817.3
flor1.jpg,12,dynamic_16,38.3059,16.3328,56.6151,16.9548,183.215,81.1989,32.6992,57.621,89.7498,85.5988,78.9084,77.8519,369.073,653.155,1100.01,1665.44,2452.23,2876.64,9931.61
flor2.jpg,12,dynamic_16,4.46242,1.78919,6.50204,0.986196,19.4583,9.27723,3.94181,6.72132,10.6309,10.3316,11.5309,12.2759,45.343,74.1265,124.715,189.175,278.39,314.293,1123.95
monument.jpg,12,dynamic_16,73.6694,31.7438,109.038,33.9545,336.913,156.416,61.6489,112.524,172.489,164.008,141.96,139.999,698.812,1296.71,2121.06,3211.74,4705.66,5120.02,18688.4
poke.jpg,12,dynamic_16,0.210187,0.049276,0.153031,0.041289,0.470563,0.219094,0.089529,0.255295,0.639255,0.228162,0.146984,0.15202,0.956918,1.71717,2.88135,4.31728,6.3197,7.3989,26.246
rain_paisage.jpg,12,dynamic_16,87.6098,38.5869,142.664,41.6853,397.146,185.815,73.1014,134.92,0.000381,192.722,163.999,166.211,825.638,1485.53,2528.74,4158.87,5953.59,6354.45,22931.3
sky.jpg,12,dynamic_16,28.1529,11.9017,41.5282,11.9737,127.368,59.5834,24.1168,42.3318,65.529,63.0121,54.199,53.485,260.167,496.606,804.189,1220.05,1786.4,2061.9,7212.48
stars.jpg,12,dynamic_16,48.8844,20.8649,72.7516,22.0837,204.929,135.302,42.9894,79.5736,115.622,109.268,92.1396,93.0978,478.775,843.452,1416.03,2166.95,3147.57,3261.86,12352.1
4000x3000.png,12,static,0,0,0,0,0,0,0,0,0,0,0,0,0,0,0,0,0,411.203,411.203
6000x6000.png,12,static,0,0,0,0,0,0,0,0,0,0,0,0,0,0,0,0,0,1235.82,1235.82
8k.jpeg,12,static,0,0,0,0,0,0,0,0,0,0,0,0,0,0,0,0,0,106.701,106.701
city.jpg,12,static,0,0,0,0,0,0,0,0,0,0,0,0,0,0,0,0,0,3487.49,3487.49
city2.jpg,12,static,0,0,0,0,0,0,0,0,0,0,0,0,0,0,0,0,0,3383.78,3383.78
firework.jpg,12,static,0,0,0,0,0,0,0,0,0,0,0,0,0,0,0,0,0,7587.63,7587.63
flor1.jpg,12,static,0,0,0,0,0,0,0,0,0,0,0,0,0,0,0,0,0,3372.25,3372.25
flor2.jpg,12,static,0,0,0,0,0,0,0,0,0,0,0,0,0,0,0,0,0,343.864,343.864
monument.jpg,12,static,0,0,0,0,0,0,0,0,0,0,0,0,0,0,0,0,0,6807.29,6807.29
poke.jpg,12,static,0,0,0,0,0,0,0,0,0,0,0,0,0,0,0,0,0,7.62383,7.62383
rain_paisage.jpg,12,static,0,0,0,0,0,0,0,0,0,0,0,0,0,0,0,0,0,8328.18,8328.18
sky.jpg,12,static,0,0,0,0,0,0,0,0,0,0,0,0,0,0,0,0,0,2132.79,2132.79
stars.jpg,12,static,0,0,0,0,0,0,0,0,0,0,0,0,0,0,0,0,0,3471.61,3471.61
4000x3000.png,12,dynamic_1,0,0,0,0,0,0,0,0,0,0,0,0,0,0,0,0,0,371.608,371.608
6000x6000.png,12,dynamic_1,0,0,0,0,0,0,0,0,0,0,0,0,0,0,0,0,0,1096.87,1096.87
8k.jpeg,12,dynamic_1,0,0,0,0,0,0,0,0,0,0,0,0,0,0,0,0,0,87.3523,87.3523
city.jpg,12,dynamic_1,0,0,0,0,0,0,0,0,0,0,0,0,0,0,0,0,0,2692.57,2692.57
city2.jpg,12,dynamic_1,0,0,0,0,0,0,0,0,0,0,0,0,0,0,0,0,0,3056.81,3056.81
firework.jpg,12,dynamic_1,0,0,0,0,0,0,0,0,0,0,0,0,0,0,0,0,0,6087.64,6087.64
flor1.jpg,12,dynamic_1,0,0,0,0,0,0,0,0,0,0,0,0,0,0,0,0,0,2874.37,2874.37
flor2.jpg,12,dynamic_1,0,0,0,0,0,0,0,0,0,0,0,0,0,0,0,0,0,316.742,316.742
monument.jpg,12,dynamic_1,0,0,0,0,0,0,0,0,0,0,0,0,0,0,0,0,0,5138.54,5138.54
poke.jpg,12,dynamic_1,0,0,0,0,0,0,0,0,0,0,0,0,0,0,0,0,0,7.01093,7.01093
rain_paisage.jpg,12,dynamic_1,0,0,0,0,0,0,0,0,0,0,0,0,0,0,0,0,0,6364.68,6364.68
sky.jpg,12,dynamic_1,0,0,0,0,0,0,0,0,0,0,0,0,0,0,0,0,0,2028.13,2028.13
stars.jpg,12,dynamic_1,0,0,0,0,0,0,0,0,0,0,0,0,0,0,0,0,0,3309.12,3309.12
4000x3000.png,12,dynamic_2,0,0,0,0,0,0,0,0,0,0,0,0,0,0,0,0,0,370.432,370.432
6000x6000.png,12,dynamic_2,0,0,0,0,0,0,0,0,0,0,0,0,0,0,0,0,0,1092.62,1092.62
8k.jpeg,12,dynamic_2,0,0,0,0,0,0,0,0,0,0,0,0,0,0,0,0,0,87.3811,87.3811
city.jpg,12,dynamic_2,0,0,0,0,0,0,0,0,0,0,0,0,0,0,0,0,0,2686.64,2686.64
city2.jpg,12,dynamic_2,0,0,0,0,0,0,0,0,0,0,0,0,0,0,0,0,0,3044,3044
firework.jpg,12,dynamic_2,0,0,0,0,0,0,0,0,0,0,0,0,0,0,0,0,0,6061.18,6061.18
flor1.jpg,12,dynamic_2,0,0,0,0,0,0,0,0,0,0,0,0,0,0,0,0,0,2870.52,2870.52
flor2.jpg,12,dynamic_2,0,0,0,0,0,0,0,0,0,0,0,0,0,0,0,0,0,318.721,318.721
monument.jpg,12,dynamic_2,0,0,0,0,0,0,0,0,0,0,0,0,0,0,0,0,0,5155.54,5155.54
poke.jpg,12,dynamic_2,0,0,0,0,0,0,0,0,0,0,0,0,0,0,0,0,0,7.04327,7.04327
rain_paisage.jpg,12,dynamic_2,0,0,0,0,0,0,0,0,0,0,0,0,0,0,0,0,0,6363.72,6363.72
sky.jpg,12,dynamic_2,0,0,0,0,0,0,0,0,0,0,0,0,0,0,0,0,0,2033.72,2033.72
stars.jpg,12,dynamic_2,0,0,0,0,0,0,0,0,0,0,0,0,0,0,0,0,0,3277.19,3277.19
4000x3000.png,12,dynamic_4,0,0,0,0,0,0,0,0,0,0,0,0,0,0,0,0,0,370.614,370.614
6000x6000.png,12,dynamic_4,0,0,0,0,0,0,0,0,0,0,0,0,0,0,0,0,0,1092.23,1092.23
8k.jpeg,12,dynamic_4,0,0,0,0,0,0,0,0,0,0,0,0,0,0,0,0,0,88.0996,88.0996
city.jpg,12,dynamic_4,0,0,0,0,0,0,0,0,0,0,0,0,0,0,0,0,0,2709.18,2709.18
city2.jpg,12,dynamic_4,0,0,0,0,0,0,0,0,0,0,0,0,0,0,0,0,0,3057.19,3057.19
firework.jpg,12,dynamic_4,0,0,0,0,0,0,0,0,0,0,0,0,0,0,0,0,0,6038.72,6038.72
flor1.jpg,12,dynamic_4,0,0,0,0,0,0,0,0,0,0,0,0,0,0,0,0,0,2871.47,2871.47
flor2.jpg,12,dynamic_4,0,0,0,0,0,0,0,0,0,0,0,0,0,0,0,0,0,317.068,317.068
monument.jpg,12,dynamic_4,0,0,0,0,0,0,0,0,0,0,0,0,0,0,0,0,0,5119.93,5119.93
poke.jpg,12,dynamic_4,0,0,0,0,0,0,0,0,0,0,0,0,0,0,0,0,0,7.11655,7.11655
rain_paisage.jpg,12,dynamic_4,0,0,0,0,0,0,0,0,0,0,0,0,0,0,0,0,0,6381.57,6381.57
sky.jpg,12,dynamic_4,0,0,0,0,0,0,0,0,0,0,0,0,0,0,0,0,0,2027.05,2027.05
stars.jpg,12,dynamic_4,0,0,0,0,0,0,0,0,0,0,0,0,0,0,0,0,0,3262.69,3262.69
4000x3000.png,12,dynamic_8,0,0,0,0,0,0,0,0,0,0,0,0,0,0,0,0,0,372.629,372.629
6000x6000.png,12,dynamic_8,0,0,0,0,0,0,0,0,0,0,0,0,0,0,0,0,0,1094.6,1094.6
8k.jpeg,12,dynamic_8,0,0,0,0,0,0,0,0,0,0,0,0,0,0,0,0,0,90.1059,90.1059
city.jpg,12,dynamic_8,0,0,0,0,0,0,0,0,0,0,0,0,0,0,0,0,0,2686.07,2686.07
city2.jpg,12,dynamic_8,0,0,0,0,0,0,0,0,0,0,0,0,0,0,0,0,0,3051.99,3051.99
firework.jpg,12,dynamic_8,0,0,0,0,0,0,0,0,0,0,0,0,0,0,0,0,0,6062.11,6062.11
flor1.jpg,12,dynamic_8,0,0,0,0,0,0,0,0,0,0,0,0,0,0,0,0,0,2870.06,2870.06
flor2.jpg,12,dynamic_8,0,0,0,0,0,0,0,0,0,0,0,0,0,0,0,0,0,317.131,317.131
monument.jpg,12,dynamic_8,0,0,0,0,0,0,0,0,0,0,0,0,0,0,0,0,0,5130.3,5130.3
poke.jpg,12,dynamic_8,0,0,0,0,0,0,0,0,0,0,0,0,0,0,0,0,0,7.30084,7.30084
rain_paisage.jpg,12,dynamic_8,0,0,0,0,0,0,0,0,0,0,0,0,0,0,0,0,0,6342.19,6342.19
sky.jpg,12,dynamic_8,0,0,0,0,0,0,0,0,0,0,0,0,0,0,0,0,0,2031.01,2031.01
stars.jpg,12,dynamic_8,0,0,0,0,0,0,0,0,0,0,0,0,0,0,0,0,0,3272.09,3272.09
4000x3000.png,12,dynamic_32,0,0,0,0,0,0,0,0,0,0,0,0,0,0,0,0,0,379.888,379.888
6000x6000.png,12,dynamic_32,0,0,0,0,0,0,0,0,0,0,0,0,0,0,0,0,0,1100.98,1100.98
8k.jpeg,12,dynamic_32,0,0,0,0,0,0,0,0,0,0,0,0,0,0,0,0,0,119.151,119.151
city.jpg,12,dynamic_32,0,0,0,0,0,0,0,0,0,0,0,0,0,0,0,0,0,2703.11,2703.11
city2.jpg,12,dynamic_32,0,0,0,0,0,0,0,0,0,0,0,0,0,0,0,0,0,3058.19,3058.19
firework.jpg,12,dynamic_32,0,0,0,0,0,0,0,0,0,0,0,0,0,0,0,0,0,6081.78,6081.78
flor1.jpg,12,dynamic_32,0,0,0,0,0,0,0,0,0,0,0,0,0,0,0,0,0,2891.24,2891.24
flor2.jpg,12,dynamic_32,0,0,0,0,0,0,0,0,0,0,0,0,0,0,0,0,0,323.722,323.722
monument.jpg,12,dynamic_32,0,0,0,0,0,0,0,0,0,0,0,0,0,0,0,0,0,5129.09,5129.09
poke.jpg,12,dynamic_32,0,0,0,0,0,0,0,0,0,0,0,0,0,0,0,0,0,8.0001,8.0001
rain_paisage.jpg,12,dynamic_32,0,0,0,0,0,0,0,0,0,0,0,0,0,0,0,0,0,6359.54,6359.54
sky.jpg,12,dynamic_32,0,0,0,0,0,0,0,0,0,0,0,0,0,0,0,0,0,2071.34,2071.34
stars.jpg,12,dynamic_32,0,0,0,0,0,0,0,0,0,0,0,0,0,0,0,0,0,3288.68,3288.68
4000x3000.png,12,dynamic_64,0,0,0,0,0,0,0,0,0,0,0,0,0,0,0,0,0,391.251,391.251
6000x6000.png,12,dynamic_64,0,0,0,0,0,0,0,0,0,0,0,0,0,0,0,0,0,1115.63,1115.63
8k.jpeg,12,dynamic_64,0,0,0,0,0,0,0,0,0,0,0,0,0,0,0,0,0,103.923,103.923
city.jpg,12,dynamic_64,0,0,0,0,0,0,0,0,0,0,0,0,0,0,0,0,0,2756.69,2756.69
city2.jpg,12,dynamic_64,0,0,0,0,0,0,0,0,0,0,0,0,0,0,0,0,0,3087.93,3087.93
firework.jpg,12,dynamic_64,0,0,0,0,0,0,0,0,0,0,0,0,0,0,0,0,0,6098.57,6098.57
flor1.jpg,12,dynamic_64,0,0,0,0,0,0,0,0,0,0,0,0,0,0,0,0,0,2917.49,2917.49
flor2.jpg,12,dynamic_64,0,0,0,0,0,0,0,0,0,0,0,0,0,0,0,0,0,327.862,327.862
monument.jpg,12,dynamic_64,0,0,0,0,0,0,0,0,0,0,0,0,0,0,0,0,0,5139.6,5139.6
poke.jpg,12,dynamic_64,0,0,0,0,0,0,0,0,0,0,0,0,0,0,0,0,0,11.7342,11.7342
rain_paisage.jpg,12,dynamic_64,0,0,0,0,0,0,0,0,0,0,0,0,0,0,0,0,0,6397.75,6397.75
sky.jpg,12,dynamic_64,0,0,0,0,0,0,0,0,0,0,0,0,0,0,0,0,0,2039.1,2039.1
stars.jpg,12,dynamic_64,0,0,0,0,0,0,0,0,0,0,0,0,0,0,0,0,0,3353.57,3353.57
4000x3000.png,12,dynamic_128,0,0,0,0,0,0,0,0,0,0,0,0,0,0,0,0,0,393.137,393.137
6000x6000.png,12,dynamic_128,0,0,0,0,0,0,0,0,0,0,0,0,0,0,0,0,0,1125.39,1125.39
8k.jpeg,12,dynamic_128,0,0,0,0,0,0,0,0,0,0,0,0,0,0,0,0,0,105.175,105.175
city.jpg,12,dynamic_128,0,0,0,0,0,0,0,0,0,0,0,0,0,0,0,0,0,2756.41,2756.41
city2.jpg,12,dynamic_128,0,0,0,0,0,0,0,0,0,0,0,0,0,0,0,0,0,3170.78,3170.78
firework.jpg,12,dynamic_128,0,0,0,0,0,0,0,0,0,0,0,0,0,0,0,0,0,6161.83,6161.83
flor1.jpg,12,dynamic_128,0,0,0,0,0,0,0,0,0,0,0,0,0,0,0,0,0,2939.24,2939.24
flor2.jpg,12,dynamic_128,0,0,0,0,0,0,0,0,0,0,0,0,0,0,0,0,0,349.731,349.731
monument.jpg,12,dynamic_128,0,0,0,0,0,0,0,0,0,0,0,0,0,0,0,0,0,5174.8,5174.8
poke.jpg,12,dynamic_128,0,0,0,0,0,0,0,0,0,0,0,0,0,0,0,0,0,18.7898,18.7898
rain_paisage.jpg,12,dynamic_128,0,0,0,0,0,0,0,0,0,0,0,0,0,0,0,0,0,6403,6403
sky.jpg,12,dynamic_128,0,0,0,0,0,0,0,0,0,0,0,0,0,0,0,0,0,2071.34,2071.34
stars.jpg,12,dynamic_128,0,0,0,0,0,0,0,0,0,0,0,0,0,0,0,0,0,3365.19,3365.19
4000x3000.png,1,dynamic_1,55.3764,20.585,82.4851,4.61975,250.944,118.563,46.211,84.6958,128.426,124.175,70.8622,70.2225,528.057,950.9,1607.53,2436.8,3567.39,3755.62,13903.5
6000x6000.png,1,dynamic_1,164.651,61.5497,247.028,15.0833,680.375,355.384,138.816,253.629,383.55,370.865,209.015,211.235,1590.9,2861.89,4834.72,7314.93,10719.4,11080.5,41493.5
8k.jpeg,1,dynamic_1,13.1258,4.97146,19.5944,1.14375,53.702,28.1677,11.0089,19.8887,31.4218,29.7867,19.8662,18.0998,122.739,224.148,379.428,581.185,840.716,868.362,3267.36
city.jpg,1,dynamic_1,389.014,142.913,582.463,34.0257,1785.66,835.008,327.096,591.663,1000.97,866.467,443.369,429.88,3566.12,6660.98,11357.3,18656.7,26855.4,26877,101402
city2.jpg,1,dynamic_1,439.051,163.664,658.238,41.0598,2016.02,942.009,369.801,667.252,1034.52,987.909,518.168,499.741,4137.27,7635.12,12899.5,19530.9,28670,30692,111902
firework.jpg,1,dynamic_1,856.869,316.985,1272.95,78.749,3516.35,1818.31,715.035,1305.55,0.000338,1906.2,1095.7,1077,7865.58,14595.7,24846.2,37750,55633.9,60426,215077
flor1.jpg,1,dynamic_1,400.93,149.531,603.965,38.5383,1834.93,868.085,337.389,607.831,931.763,899.975,512.992,502.774,3776.39,6971.16,11775.4,17835.9,26181.9,28964,103193
flor2.jpg,1,dynamic_1,45.2309,17.0671,67.7628,3.86014,206.536,97.516,38.0501,68.7278,106.482,99.7382,56.0743,61.7592,432.938,785.911,1327.23,2026.58,2970.16,3215.33,11627
monument.jpg,1,dynamic_1,772.238,287.84,1167.83,72.5019,3535.56,1652.11,649.82,1182.76,1816.33,1738.81,912.725,885.398,7342.01,13389.6,22648.5,34339.3,50341,51842.3,194577
poke.jpg,1,dynamic_1,1.04687,0.382347,1.56551,0.048819,4.33821,2.29879,0.882072,1.63603,1.72593,2.38396,0.771544,0.751448,9.92438,17.6904,29.8915,44.9567,65.4798,69.7608,255.535
rain_paisage.jpg,1,dynamic_1,917.443,337.141,1383.43,79.869,4201.06,1985.83,772.576,1425.96,0.000498,2045.41,1032.87,1078.32,8418.25,15765.4,26833.3,44110.8,63446.6,63854.7,237689
sky.jpg,1,dynamic_1,293.258,109.552,439.97,27.4543,1342.68,634.801,247.116,445.454,691.338,658.86,343.278,333.638,2781.44,5107.46,8602.97,13029.1,19105,20753.7,74947
stars.jpg,1,dynamic_1,512.394,190.905,768.003,46.7582,2116.11,1108.17,439.465,797.05,1194.32,1150.3,572.461,603.536,5059.79,8989.49,15139.9,22885.8,33512.5,33347.6,128435
4000x3000.png,2,dynamic_16,28.0822,10.4099,41.483,2.49354,126.478,59.511,23.2888,42.6645,65.6537,62.4658,38.2136,37.996,264.284,477.096,804.725,1215.96,1797.3,1889.35,6987.46
6000x6000.png,2,dynamic_16,83.7377,33.0135,125.939,8.18567,342.305,178.047,69.7498,128.119,194.524,188.766,115.885,105.147,803.012,1431.93,2428.43,3669.8,5378.3,5607.85,20892.7
8k.jpeg,2,dynamic_16,6.67929,2.52529,9.89491,0.585808,26.8811,14.1302,5.50686,9.93834,16.0947,15.0057,11.0843,9.14326,61.6741,112.608,190.42,287.421,423.194,438.58,1641.37
city.jpg,2,dynamic_16,197.229,72.6971,298.271,18.6067,895.103,422,164.337,298.918,505.984,435.135,237.317,230.754,1869.7,3386.71,5717.45,9394.08,13487.6,13675,51306.8
city2.jpg,2,dynamic_16,223.029,82.5188,338.071,21.9887,1009.34,476.294,186.373,335.772,516.718,495.434,275.964,266.834,2092.18,3832.45,6488.13,9798.28,14376.2,15523,56338.6
firework.jpg,2,dynamic_16,431.522,159.57,639.813,43.1405,1769.31,932.925,359.307,649.842,0.000381,958.436,576.165,578.026,4045.33,7366.44,12481,18948.2,27937.5,30687.2,108564
flor1.jpg,2,dynamic_16,203.73,75.1549,306.815,20.1597,923.502,433.952,170.125,305.865,470.738,451.901,272.606,268.53,1941.1,3500.83,5901.27,8947.06,13124.1,14697.8,52015.2
flor2.jpg,2,dynamic_16,23.101,8.62117,34.0158,2.09136,104.304,48.9751,20.0468,34.5751,53.69,50.2265,30.3804,33.4623,216.723,393.184,674.78,1012.98,1489.48,1620.39,5851.02
monument.jpg,2,dynamic_16,391.885,144.799,580.943,39.4732,1788.43,839.289,327.424,597.963,918.81,873.308,486.396,473.372,3721.88,6709.64,11354.8,17213.2,25214.4,26280.5,97956.6
poke.jpg,2,dynamic_16,0.574015,0.209464,0.780953,0.04622,2.20549,1.12974,0.442764,0.820739,0.931166,1.1505,0.388123,0.382884,4.96821,8.97826,14.9585,22.5737,32.7926,35.3141,128.648
rain_paisage.jpg,2,dynamic_16,465.475,171.672,694.532,43.5683,2125.08,993.52,388.686,713.032,0.000387,1025.48,549.427,571.136,4397.18,7961.75,13490.9,22155.4,31859.3,32461.2,120067
sky.jpg,2,dynamic_16,148.897,55.2772,220.718,14.8294,675.277,317.891,126.621,223.778,345.172,330.999,182.806,178.254,1389.59,2549.86,4309.96,6526.57,9581.73,10447.5,37625.7
stars.jpg,2,dynamic_16,259.67,95.8801,389.881,26.1561,1065.86,555.851,216.505,400.56,604.882,578.977,306.5,318.72,2533.92,4497.76,7599.42,11472.7,16795.7,16775.5,64494.4
4000x3000.png,2,static,0,0,0,0,0,0,0,0,0,0,0,0,0,0,0,0,0,1898.95,1898.95
6000x6000.png,2,static,0,0,0,0,0,0,0,0,0,0,0,0,0,0,0,0,0,6088.28,6088.28
8k.jpeg,2,static,0,0,0,0,0,0,0,0,0,0,0,0,0,0,0,0,0,442.724,442.724
city.jpg,2,static,0,0,0,0,0,0,0,0,0,0,0,0,0,0,0,0,0,17433.8,17433.8
city2.jpg,2,static,0,0,0,0,0,0,0,0,0,0,0,0,0,0,0,0,0,16437.2,16437.2
firework.jpg,2,static,0,0,0,0,0,0,0,0,0,0,0,0,0,0,0,0,0,33980.1,33980.1
flor1.jpg,2,static,0,0,0,0,0,0,0,0,0,0,0,0,0,0,0,0,0,16539.5,16539.5
flor2.jpg,2,static,0,0,0,0,0,0,0,0,0,0,0,0,0,0,0,0,0,1630.82,1630.82
monument.jpg,2,static,0,0,0,0,0,0,0,0,0,0,0,0,0,0,0,0,0,31675.6,31675.6
poke.jpg,2,static,0,0,0,0,0,0,0,0,0,0,0,0,0,0,0,0,0,37.2597,37.2597
rain_paisage.jpg,2,static,0,0,0,0,0,0,0,0,0,0,0,0,0,0,0,0,0,42536.9,42536.9
sky.jpg,2,static,0,0,0,0,0,0,0,0,0,0,0,0,0,0,0,0,0,10624.7,10624.7
stars.jpg,2,static,0,0,0,0,0,0,0,0,0,0,0,0,0,0,0,0,0,16961.4,16961.4
4000x3000.png,2,dynamic_1,0,0,0,0,0,0,0,0,0,0,0,0,0,0,0,0,0,1895.6,1895.6
6000x6000.png,2,dynamic_1,0,0,0,0,0,0,0,0,0,0,0,0,0,0,0,0,0,5642.78,5642.78
8k.jpeg,2,dynamic_1,0,0,0,0,0,0,0,0,0,0,0,0,0,0,0,0,0,439.659,439.659
city.jpg,2,dynamic_1,0,0,0,0,0,0,0,0,0,0,0,0,0,0,0,0,0,13670.3,13670.3
city2.jpg,2,dynamic_1,0,0,0,0,0,0,0,0,0,0,0,0,0,0,0,0,0,15535.5,15535.5
firework.jpg,2,dynamic_1,0,0,0,0,0,0,0,0,0,0,0,0,0,0,0,0,0,30687.1,30687.1
flor1.jpg,2,dynamic_1,0,0,0,0,0,0,0,0,0,0,0,0,0,0,0,0,0,14675.3,14675.3
flor2.jpg,2,dynamic_1,0,0,0,0,0,0,0,0,0,0,0,0,0,0,0,0,0,1619.71,1619.71
monument.jpg,2,dynamic_1,0,0,0,0,0,0,0,0,0,0,0,0,0,0,0,0,0,26344.1,26344.1
poke.jpg,2,dynamic_1,0,0,0,0,0,0,0,0,0,0,0,0,0,0,0,0,0,35.6583,35.6583
rain_paisage.jpg,2,dynamic_1,0,0,0,0,0,0,0,0,0,0,0,0,0,0,0,0,0,32451.7,32451.7
sky.jpg,2,dynamic_1,0,0,0,0,0,0,0,0,0,0,0,0,0,0,0,0,0,10454.3,10454.3
stars.jpg,2,dynamic_1,0,0,0,0,0,0,0,0,0,0,0,0,0,0,0,0,0,16796.6,16796.6
4000x3000.png,2,dynamic_2,0,0,0,0,0,0,0,0,0,0,0,0,0,0,0,0,0,1901.99,1901.99
6000x6000.png,2,dynamic_2,0,0,0,0,0,0,0,0,0,0,0,0,0,0,0,0,0,5612.86,5612.86
8k.jpeg,2,dynamic_2,0,0,0,0,0,0,0,0,0,0,0,0,0,0,0,0,0,439.969,439.969
city.jpg,2,dynamic_2,0,0,0,0,0,0,0,0,0,0,0,0,0,0,0,0,0,13663.6,13663.6
city2.jpg,2,dynamic_2,0,0,0,0,0,0,0,0,0,0,0,0,0,0,0,0,0,15527.3,15527.3
firework.jpg,2,dynamic_2,0,0,0,0,0,0,0,0,0,0,0,0,0,0,0,0,0,30677.9,30677.9
flor1.jpg,2,dynamic_2,0,0,0,0,0,0,0,0,0,0,0,0,0,0,0,0,0,14676.3,14676.3
flor2.jpg,2,dynamic_2,0,0,0,0,0,0,0,0,0,0,0,0,0,0,0,0,0,1628.92,1628.92
monument.jpg,2,dynamic_2,0,0,0,0,0,0,0,0,0,0,0,0,0,0,0,0,0,26306.6,26306.6
poke.jpg,2,dynamic_2,0,0,0,0,0,0,0,0,0,0,0,0,0,0,0,0,0,39.4488,39.4488
rain_paisage.jpg,2,dynamic_2,0,0,0,0,0,0,0,0,0,0,0,0,0,0,0,0,0,32465.2,32465.2
sky.jpg,2,dynamic_2,0,0,0,0,0,0,0,0,0,0,0,0,0,0,0,0,0,10453.7,10453.7
stars.jpg,2,dynamic_2,0,0,0,0,0,0,0,0,0,0,0,0,0,0,0,0,0,16780,16780
4000x3000.png,2,dynamic_4,0,0,0,0,0,0,0,0,0,0,0,0,0,0,0,0,0,1891.27,1891.27
6000x6000.png,2,dynamic_4,0,0,0,0,0,0,0,0,0,0,0,0,0,0,0,0,0,5605.39,5605.39
8k.jpeg,2,dynamic_4,0,0,0,0,0,0,0,0,0,0,0,0,0,0,0,0,0,439.528,439.528
city.jpg,2,dynamic_4,0,0,0,0,0,0,0,0,0,0,0,0,0,0,0,0,0,13675.9,13675.9
city2.jpg,2,dynamic_4,0,0,0,0,0,0,0,0,0,0,0,0,0,0,0,0,0,15506.3,15506.3
firework.jpg,2,dynamic_4,0,0,0,0,0,0,0,0,0,0,0,0,0,0,0,0,0,30678.7,30678.7
flor1.jpg,2,dynamic_4,0,0,0,0,0,0,0,0,0,0,0,0,0,0,0,0,0,14683.3,14683.3
flor2.jpg,2,dynamic_4,0,0,0,0,0,0,0,0,0,0,0,0,0,0,0,0,0,1618.85,1618.85
monument.jpg,2,dynamic_4,0,0,0,0,0,0,0,0,0,0,0,0,0,0,0,0,0,26302.7,26302.7
poke.jpg,2,dynamic_4,0,0,0,0,0,0,0,0,0,0,0,0,0,0,0,0,0,35.647,35.647
rain_paisage.jpg,2,dynamic_4,0,0,0,0,0,0,0,0,0,0,0,0,0,0,0,0,0,32491.7,32491.7
sky.jpg,2,dynamic_4,0,0,0,0,0,0,0,0,0,0,0,0,0,0,0,0,0,10452,10452
stars.jpg,2,dynamic_4,0,0,0,0,0,0,0,0,0,0,0,0,0,0,0,0,0,16774.9,16774.9
4000x3000.png,2,dynamic_8,0,0,0,0,0,0,0,0,0,0,0,0,0,0,0,0,0,1903.59,1903.59
6000x6000.png,2,dynamic_8,0,0,0,0,0,0,0,0,0,0,0,0,0,0,0,0,0,5610.81,5610.81
8k.jpeg,2,dynamic_8,0,0,0,0,0,0,0,0,0,0,0,0,0,0,0,0,0,439.995,439.995
city.jpg,2,dynamic_8,0,0,0,0,0,0,0,0,0,0,0,0,0,0,0,0,0,13672.2,13672.2
city2.jpg,2,dynamic_8,0,0,0,0,0,0,0,0,0,0,0,0,0,0,0,0,0,15509.5,15509.5
firework.jpg,2,dynamic_8,0,0,0,0,0,0,0,0,0,0,0,0,0,0,0,0,0,30701.3,30701.3
flor1.jpg,2,dynamic_8,0,0,0,0,0,0,0,0,0,0,0,0,0,0,0,0,0,14677.5,14677.5
flor2.jpg,2,dynamic_8,0,0,0,0,0,0,0,0,0,0,0,0,0,0,0,0,0,1629.14,1629.14
monument.jpg,2,dynamic_8,0,0,0,0,0,0,0,0,0,0,0,0,0,0,0,0,0,26334.8,26334.8
poke.jpg,2,dynamic_8,0,0,0,0,0,0,0,0,0,0,0,0,0,0,0,0,0,35.6853,35.6853
rain_paisage.jpg,2,dynamic_8,0,0,0,0,0,0,0,0,0,0,0,0,0,0,0,0,0,32486.9,32486.9
sky.jpg,2,dynamic_8,0,0,0,0,0,0,0,0,0,0,0,0,0,0,0,0,0,10479.7,10479.7
stars.jpg,2,dynamic_8,0,0,0,0,0,0,0,0,0,0,0,0,0,0,0,0,0,16786.5,16786.5
4000x3000.png,2,dynamic_32,0,0,0,0,0,0,0,0,0,0,0,0,0,0,0,0,0,1892.81,1892.81
6000x6000.png,2,dynamic_32,0,0,0,0,0,0,0,0,0,0,0,0,0,0,0,0,0,5606.27,5606.27
8k.jpeg,2,dynamic_32,0,0,0,0,0,0,0,0,0,0,0,0,0,0,0,0,0,449.386,449.386
city.jpg,2,dynamic_32,0,0,0,0,0,0,0,0,0,0,0,0,0,0,0,0,0,13676.9,13676.9
city2.jpg,2,dynamic_32,0,0,0,0,0,0,0,0,0,0,0,0,0,0,0,0,0,15533.9,15533.9
firework.jpg,2,dynamic_32,0,0,0,0,0,0,0,0,0,0,0,0,0,0,0,0,0,30697.2,30697.2
flor1.jpg,2,dynamic_32,0,0,0,0,0,0,0,0,0,0,0,0,0,0,0,0,0,14663.2,14663.2
flor2.jpg,2,dynamic_32,0,0,0,0,0,0,0,0,0,0,0,0,0,0,0,0,0,1619.04,1619.04
monument.jpg,2,dynamic_32,0,0,0,0,0,0,0,0,0,0,0,0,0,0,0,0,0,26342.9,26342.9
poke.jpg,2,dynamic_32,0,0,0,0,0,0,0,0,0,0,0,0,0,0,0,0,0,36.0316,36.0316
rain_paisage.jpg,2,dynamic_32,0,0,0,0,0,0,0,0,0,0,0,0,0,0,0,0,0,32476.3,32476.3
sky.jpg,2,dynamic_32,0,0,0,0,0,0,0,0,0,0,0,0,0,0,0,0,0,10490.3,10490.3
stars.jpg,2,dynamic_32,0,0,0,0,0,0,0,0,0,0,0,0,0,0,0,0,0,16784.1,16784.1
4000x3000.png,2,dynamic_64,0,0,0,0,0,0,0,0,0,0,0,0,0,0,0,0,0,1914.89,1914.89
6000x6000.png,2,dynamic_64,0,0,0,0,0,0,0,0,0,0,0,0,0,0,0,0,0,5593.32,5593.32
8k.jpeg,2,dynamic_64,0,0,0,0,0,0,0,0,0,0,0,0,0,0,0,0,0,441.266,441.266
city.jpg,2,dynamic_64,0,0,0,0,0,0,0,0,0,0,0,0,0,0,0,0,0,13671.3,13671.3
city2.jpg,2,dynamic_64,0,0,0,0,0,0,0,0,0,0,0,0,0,0,0,0,0,15514.4,15514.4
firework.jpg,2,dynamic_64,0,0,0,0,0,0,0,0,0,0,0,0,0,0,0,0,0,30679.6,30679.6
flor1.jpg,2,dynamic_64,0,0,0,0,0,0,0,0,0,0,0,0,0,0,0,0,0,14679.3,14679.3
flor2.jpg,2,dynamic_64,0,0,0,0,0,0,0,0,0,0,0,0,0,0,0,0,0,1624.54,1624.54
monument.jpg,2,dynamic_64,0,0,0,0,0,0,0,0,0,0,0,0,0,0,0,0,0,26301.9,26301.9
poke.jpg,2,dynamic_64,0,0,0,0,0,0,0,0,0,0,0,0,0,0,0,0,0,37.1984,37.1984
rain_paisage.jpg,2,dynamic_64,0,0,0,0,0,0,0,0,0,0,0,0,0,0,0,0,0,32460.3,32460.3
sky.jpg,2,dynamic_64,0,0,0,0,0,0,0,0,0,0,0,0,0,0,0,0,0,10443.5,10443.5
stars.jpg,2,dynamic_64,0,0,0,0,0,0,0,0,0,0,0,0,0,0,0,0,0,16823.9,16823.9
4000x3000.png,2,dynamic_128,0,0,0,0,0,0,0,0,0,0,0,0,0,0,0,0,0,1900.32,1900.32
6000x6000.png,2,dynamic_128,0,0,0,0,0,0,0,0,0,0,0,0,0,0,0,0,0,5643.29,5643.29
8k.jpeg,2,dynamic_128,0,0,0,0,0,0,0,0,0,0,0,0,0,0,0,0,0,462.087,462.087
city.jpg,2,dynamic_128,0,0,0,0,0,0,0,0,0,0,0,0,0,0,0,0,0,13708,13708
city2.jpg,2,dynamic_128,0,0,0,0,0,0,0,0,0,0,0,0,0,0,0,0,0,15533,15533
firework.jpg,2,dynamic_128,0,0,0,0,0,0,0,0,0,0,0,0,0,0,0,0,0,30682.9,30682.9
flor1.jpg,2,dynamic_128,0,0,0,0,0,0,0,0,0,0,0,0,0,0,0,0,0,14693.2,14693.2
flor2.jpg,2,dynamic_128,0,0,0,0,0,0,0,0,0,0,0,0,0,0,0,0,0,1619.92,1619.92
monument.jpg,2,dynamic_128,0,0,0,0,0,0,0,0,0,0,0,0,0,0,0,0,0,26324.5,26324.5
poke.jpg,2,dynamic_128,0,0,0,0,0,0,0,0,0,0,0,0,0,0,0,0,0,39.5112,39.5112
rain_paisage.jpg,2,dynamic_128,0,0,0,0,0,0,0,0,0,0,0,0,0,0,0,0,0,32515.8,32515.8
sky.jpg,2,dynamic_128,0,0,0,0,0,0,0,0,0,0,0,0,0,0,0,0,0,10470.4,10470.4
stars.jpg,2,dynamic_128,0,0,0,0,0,0,0,0,0,0,0,0,0,0,0,0,0,16830,16830
4000x3000.png,3,dynamic_16,18.9087,7.10833,27.7793,2.05787,84.137,39.6754,15.6221,28.4027,42.5984,41.831,28.104,27.3777,176.297,317.018,538.622,809.71,1189.15,1274.23,4668.63
6000x6000.png,3,dynamic_16,55.7773,21.1028,82.5747,6.63626,228.539,118.648,46.5715,85.4061,126.583,123.707,85.1079,83.9063,531.585,961.205,1606.49,2435.2,3582.13,3784.19,13965.4
8k.jpeg,3,dynamic_16,4.50343,1.81047,6.68407,0.568379,18.0696,9.49349,3.78481,6.66843,10.5156,10.0542,10.3945,7.7985,41.2404,74.8669,126.571,191.291,280.714,296.285,1101.31
city.jpg,3,dynamic_16,131.448,49.0878,194.701,15.7895,599.6,278.727,109.607,199.171,329.719,288.469,177.07,171.224,1232.38,2240.33,3801.03,6236,8990.8,9136.54,34181.7
city2.jpg,3,dynamic_16,148.656,55.8484,220.096,18.4783,675.434,316.534,123.961,223.78,334.824,332.48,208.473,196.369,1387.03,2550.47,4310.31,6546.34,9583.33,10413.8,37646.2
firework.jpg,3,dynamic_16,287.623,107.802,425.934,36.2859,1177.25,614.11,240.407,432.943,0.00032,650.073,437.622,426.614,2707.3,4913.67,8308.82,12651.8,18580.3,20627.2,72625.7
flor1.jpg,3,dynamic_16,135.869,51.0799,200.98,16.6875,616.234,288.111,113.182,203.824,306.112,300.174,206.841,205.07,1273.26,2332.07,3919.22,5947.83,8767.82,9816.55,34700.9
flor2.jpg,3,dynamic_16,15.3718,5.91058,22.7041,1.6746,68.9866,32.675,12.8616,22.948,34.9828,33.5019,21.7584,24.3223,144.235,271.173,442.119,676.983,990.565,1082.09,3904.86
monument.jpg,3,dynamic_16,259.206,98.2701,387.306,32.8345,1185.93,554.963,226.787,398.671,606.912,588.036,363.831,350.969,2475.68,4464.21,7545.67,11435.8,16823.4,17591.7,65390.1
poke.jpg,3,dynamic_16,0.451473,0.151743,0.570234,0.074665,1.4543,0.758067,0.301542,0.556714,0.643178,0.801648,0.450135,0.465694,3.35515,5.95993,10.0451,15.2228,22.0999,23.9791,87.3414
rain_paisage.jpg,3,dynamic_16,312.317,116.122,460.704,37.4577,1413.55,663.288,259.511,477.707,0.000297,691.076,406.518,420.805,2938.45,5300.98,8998.74,14742.6,21214.9,21735.4,80190.2
sky.jpg,3,dynamic_16,99.5448,37.4604,147.524,12.1797,459.283,211.059,83.0763,149.727,223.948,220.601,135.468,133.216,925.555,1701.19,2867.14,4342.59,6370.14,6998.58,25118.3
stars.jpg,3,dynamic_16,181.557,64.9817,257.281,21.3042,712.093,369.004,144.966,267.806,392.547,384.611,227.04,235.622,1691.79,2996.58,5056.88,7633.29,11218.3,11218.8,43074.5
4000x3000.png,3,static,0,0,0,0,0,0,0,0,0,0,0,0,0,0,0,0,0,1289.93,1289.93
6000x6000.png,3,static,0,0,0,0,0,0,0,0,0,0,0,0,0,0,0,0,0,4114.42,4114.42
8k.jpeg,3,static,0,0,0,0,0,0,0,0,0,0,0,0,0,0,0,0,0,309.947,309.947
city.jpg,3,static,0,0,0,0,0,0,0,0,0,0,0,0,0,0,0,0,0,12469.1,12469.1
city2.jpg,3,static,0,0,0,0,0,0,0,0,0,0,0,0,0,0,0,0,0,11728.5,11728.5
firework.jpg,3,static,0,0,0,0,0,0,0,0,0,0,0,0,0,0,0,0,0,25121.5,25121.5
flor1.jpg,3,static,0,0,0,0,0,0,0,0,0,0,0,0,0,0,0,0,0,11788.2,11788.2
flor2.jpg,3,static,0,0,0,0,0,0,0,0,0,0,0,0,0,0,0,0,0,1137.86,1137.86
monument.jpg,3,static,0,0,0,0,0,0,0,0,0,0,0,0,0,0,0,0,0,23874.1,23874.1
poke.jpg,3,static,0,0,0,0,0,0,0,0,0,0,0,0,0,0,0,0,0,25.1067,25.1067
rain_paisage.jpg,3,static,0,0,0,0,0,0,0,0,0,0,0,0,0,0,0,0,0,29175.3,29175.3
sky.jpg,3,static,0,0,0,0,0,0,0,0,0,0,0,0,0,0,0,0,0,7190.19,7190.19
stars.jpg,3,static,0,0,0,0,0,0,0,0,0,0,0,0,0,0,0,0,0,11602.8,11602.8
4000x3000.png,3,dynamic_1,0,0,0,0,0,0,0,0,0,0,0,0,0,0,0,0,0,1272.2,1272.2
6000x6000.png,3,dynamic_1,0,0,0,0,0,0,0,0,0,0,0,0,0,0,0,0,0,3761.38,3761.38
8k.jpeg,3,dynamic_1,0,0,0,0,0,0,0,0,0,0,0,0,0,0,0,0,0,300.919,300.919
city.jpg,3,dynamic_1,0,0,0,0,0,0,0,0,0,0,0,0,0,0,0,0,0,9178.21,9178.21
city2.jpg,3,dynamic_1,0,0,0,0,0,0,0,0,0,0,0,0,0,0,0,0,0,10398.1,10398.1
firework.jpg,3,dynamic_1,0,0,0,0,0,0,0,0,0,0,0,0,0,0,0,0,0,20674.6,20674.6
flor1.jpg,3,dynamic_1,0,0,0,0,0,0,0,0,0,0,0,0,0,0,0,0,0,9813.71,9813.71
flor2.jpg,3,dynamic_1,0,0,0,0,0,0,0,0,0,0,0,0,0,0,0,0,0,1085.38,1085.38
monument.jpg,3,dynamic_1,0,0,0,0,0,0,0,0,0,0,0,0,0,0,0,0,0,17654.4,17654.4
poke.jpg,3,dynamic_1,0,0,0,0,0,0,0,0,0,0,0,0,0,0,0,0,0,24.0489,24.0489
rain_paisage.jpg,3,dynamic_1,0,0,0,0,0,0,0,0,0,0,0,0,0,0,0,0,0,21862.6,21862.6
sky.jpg,3,dynamic_1,0,0,0,0,0,0,0,0,0,0,0,0,0,0,0,0,0,6990.61,6990.61
stars.jpg,3,dynamic_1,0,0,0,0,0,0,0,0,0,0,0,0,0,0,0,0,0,11260.9,11260.9
4000x3000.png,3,dynamic_2,0,0,0,0,0,0,0,0,0,0,0,0,0,0,0,0,0,1274.71,1274.71
6000x6000.png,3,dynamic_2,0,0,0,0,0,0,0,0,0,0,0,0,0,0,0,0,0,3767.44,3767.44
8k.jpeg,3,dynamic_2,0,0,0,0,0,0,0,0,0,0,0,0,0,0,0,0,0,295.792,295.792
city.jpg,3,dynamic_2,0,0,0,0,0,0,0,0,0,0,0,0,0,0,0,0,0,9153.25,9153.25
city2.jpg,3,dynamic_2,0,0,0,0,0,0,0,0,0,0,0,0,0,0,0,0,0,10399.7,10399.7
firework.jpg,3,dynamic_2,0,0,0,0,0,0,0,0,0,0,0,0,0,0,0,0,0,20619.9,20619.9
flor1.jpg,3,dynamic_2,0,0,0,0,0,0,0,0,0,0,0,0,0,0,0,0,0,9821.7,9821.7
flor2.jpg,3,dynamic_2,0,0,0,0,0,0,0,0,0,0,0,0,0,0,0,0,0,1085.43,1085.43
monument.jpg,3,dynamic_2,0,0,0,0,0,0,0,0,0,0,0,0,0,0,0,0,0,17609.6,17609.6
poke.jpg,3,dynamic_2,0,0,0,0,0,0,0,0,0,0,0,0,0,0,0,0,0,23.8795,23.8795
rain_paisage.jpg,3,dynamic_2,0,0,0,0,0,0,0,0,0,0,0,0,0,0,0,0,0,21734.4,21734.4
sky.jpg,3,dynamic_2,0,0,0,0,0,0,0,0,0,0,0,0,0,0,0,0,0,7013.79,7013.79
stars.jpg,3,dynamic_2,0,0,0,0,0,0,0,0,0,0,0,0,0,0,0,0,0,11228.4,11228.4
4000x3000.png,3,dynamic_4,0,0,0,0,0,0,0,0,0,0,0,0,0,0,0,0,0,1270.35,1270.35
6000x6000.png,3,dynamic_4,0,0,0,0,0,0,0,0,0,0,0,0,0,0,0,0,0,3763.03,3763.03
8k.jpeg,3,dynamic_4,0,0,0,0,0,0,0,0,0,0,0,0,0,0,0,0,0,296.077,296.077
city.jpg,3,dynamic_4,0,0,0,0,0,0,0,0,0,0,0,0,0,0,0,0,0,9167.79,9167.79
city2.jpg,3,dynamic_4,0,0,0,0,0,0,0,0,0,0,0,0,0,0,0,0,0,10374.6,10374.6
firework.jpg,3,dynamic_4,0,0,0,0,0,0,0,0,0,0,0,0,0,0,0,0,0,20630.2,20630.2
flor1.jpg,3,dynamic_4,0,0,0,0,0,0,0,0,0,0,0,0,0,0,0,0,0,9816.94,9816.94
flor2.jpg,3,dynamic_4,0,0,0,0,0,0,0,0,0,0,0,0,0,0,0,0,0,1084.99,1084.99
monument.jpg,3,dynamic_4,0,0,0,0,0,0,0,0,0,0,0,0,0,0,0,0,0,17583.2,17583.2
poke.jpg,3,dynamic_4,0,0,0,0,0,0,0,0,0,0,0,0,0,0,0,0,0,23.8505,23.8505
rain_paisage.jpg,3,dynamic_4,0,0,0,0,0,0,0,0,0,0,0,0,0,0,0,0,0,21735.9,21735.9
sky.jpg,3,dynamic_4,0,0,0,0,0,0,0,0,0,0,0,0,0,0,0,0,0,6998.69,6998.69
stars.jpg,3,dynamic_4,0,0,0,0,0,0,0,0,0,0,0,0,0,0,0,0,0,11283.8,11283.8
4000x3000.png,3,dynamic_8,0,0,0,0,0,0,0,0,0,0,0,0,0,0,0,0,0,1272.27,1272.27
6000x6000.png,3,dynamic_8,0,0,0,0,0,0,0,0,0,0,0,0,0,0,0,0,0,3777.9,3777.9
8k.jpeg,3,dynamic_8,0,0,0,0,0,0,0,0,0,0,0,0,0,0,0,0,0,296.885,296.885
city.jpg,3,dynamic_8,0,0,0,0,0,0,0,0,0,0,0,0,0,0,0,0,0,9149.35,9149.35
city2.jpg,3,dynamic_8,0,0,0,0,0,0,0,0,0,0,0,0,0,0,0,0,0,10392.6,10392.6
firework.jpg,3,dynamic_8,0,0,0,0,0,0,0,0,0,0,0,0,0,0,0,0,0,20618,20618
flor1.jpg,3,dynamic_8,0,0,0,0,0,0,0,0,0,0,0,0,0,0,0,0,0,9806.31,9806.31
flor2.jpg,3,dynamic_8,0,0,0,0,0,0,0,0,0,0,0,0,0,0,0,0,0,1087.18,1087.18
monument.jpg,3,dynamic_8,0,0,0,0,0,0,0,0,0,0,0,0,0,0,0,0,0,17573.1,17573.1
poke.jpg,3,dynamic_8,0,0,0,0,0,0,0,0,0,0,0,0,0,0,0,0,0,23.8886,23.8886
rain_paisage.jpg,3,dynamic_8,0,0,0,0,0,0,0,0,0,0,0,0,0,0,0,0,0,21751.6,21751.6
sky.jpg,3,dynamic_8,0,0,0,0,0,0,0,0,0,0,0,0,0,0,0,0,0,6983.96,6983.96
stars.jpg,3,dynamic_8,0,0,0,0,0,0,0,0,0,0,0,0,0,0,0,0,0,11234.3,11234.3
4000x3000.png,3,dynamic_32,0,0,0,0,0,0,0,0,0,0,0,0,0,0,0,0,0,1274.54,1274.54
6000x6000.png,3,dynamic_32,0,0,0,0,0,0,0,0,0,0,0,0,0,0,0,0,0,3764.21,3764.21
8k.jpeg,3,dynamic_32,0,0,0,0,0,0,0,0,0,0,0,0,0,0,0,0,0,302.929,302.929
city.jpg,3,dynamic_32,0,0,0,0,0,0,0,0,0,0,0,0,0,0,0,0,0,9137.99,9137.99
city2.jpg,3,dynamic_32,0,0,0,0,0,0,0,0,0,0,0,0,0,0,0,0,0,10396.4,10396.4
firework.jpg,3,dynamic_32,0,0,0,0,0,0,0,0,0,0,0,0,0,0,0,0,0,20610,20610
flor1.jpg,3,dynamic_32,0,0,0,0,0,0,0,0,0,0,0,0,0,0,0,0,0,9830.91,9830.91
flor2.jpg,3,dynamic_32,0,0,0,0,0,0,0,0,0,0,0,0,0,0,0,0,0,1086.71,1086.71
monument.jpg,3,dynamic_32,0,0,0,0,0,0,0,0,0,0,0,0,0,0,0,0,0,17608.9,17608.9
poke.jpg,3,dynamic_32,0,0,0,0,0,0,0,0,0,0,0,0,0,0,0,0,0,24.7156,24.7156
rain_paisage.jpg,3,dynamic_32,0,0,0,0,0,0,0,0,0,0,0,0,0,0,0,0,0,21722.9,21722.9
sky.jpg,3,dynamic_32,0,0,0,0,0,0,0,0,0,0,0,0,0,0,0,0,0,7020.68,7020.68
stars.jpg,3,dynamic_32,0,0,0,0,0,0,0,0,0,0,0,0,0,0,0,0,0,11224.6,11224.6
4000x3000.png,3,dynamic_64,0,0,0,0,0,0,0,0,0,0,0,0,0,0,0,0,0,1283.73,1283.73
6000x6000.png,3,dynamic_64,0,0,0,0,0,0,0,0,0,0,0,0,0,0,0,0,0,3778.47,3778.47
8k.jpeg,3,dynamic_64,0,0,0,0,0,0,0,0,0,0,0,0,0,0,0,0,0,302.882,302.882
city.jpg,3,dynamic_64,0,0,0,0,0,0,0,0,0,0,0,0,0,0,0,0,0,9209.5,9209.5
city2.jpg,3,dynamic_64,0,0,0,0,0,0,0,0,0,0,0,0,0,0,0,0,0,10450,10450
firework.jpg,3,dynamic_64,0,0,0,0,0,0,0,0,0,0,0,0,0,0,0,0,0,20691.3,20691.3
flor1.jpg,3,dynamic_64,0,0,0,0,0,0,0,0,0,0,0,0,0,0,0,0,0,9818.16,9818.16
flor2.jpg,3,dynamic_64,0,0,0,0,0,0,0,0,0,0,0,0,0,0,0,0,0,1101.84,1101.84
monument.jpg,3,dynamic_64,0,0,0,0,0,0,0,0,0,0,0,0,0,0,0,0,0,17631.3,17631.3
poke.jpg,3,dynamic_64,0,0,0,0,0,0,0,0,0,0,0,0,0,0,0,0,0,25.4728,25.4728
rain_paisage.jpg,3,dynamic_64,0,0,0,0,0,0,0,0,0,0,0,0,0,0,0,0,0,21894.8,21894.8
sky.jpg,3,dynamic_64,0,0,0,0,0,0,0,0,0,0,0,0,0,0,0,0,0,6996.75,6996.75
stars.jpg,3,dynamic_64,0,0,0,0,0,0,0,0,0,0,0,0,0,0,0,0,0,11275.6,11275.6
4000x3000.png,3,dynamic_128,0,0,0,0,0,0,0,0,0,0,0,0,0,0,0,0,0,1282.72,1282.72
6000x6000.png,3,dynamic_128,0,0,0,0,0,0,0,0,0,0,0,0,0,0,0,0,0,3772.91,3772.91
8k.jpeg,3,dynamic_128,0,0,0,0,0,0,0,0,0,0,0,0,0,0,0,0,0,316.313,316.313
city.jpg,3,dynamic_128,0,0,0,0,0,0,0,0,0,0,0,0,0,0,0,0,0,9206.3,9206.3
city2.jpg,3,dynamic_128,0,0,0,0,0,0,0,0,0,0,0,0,0,0,0,0,0,10423.8,10423.8
firework.jpg,3,dynamic_128,0,0,0,0,0,0,0,0,0,0,0,0,0,0,0,0,0,20694.2,20694.2
flor1.jpg,3,dynamic_128,0,0,0,0,0,0,0,0,0,0,0,0,0,0,0,0,0,9864,9864
flor2.jpg,3,dynamic_128,0,0,0,0,0,0,0,0,0,0,0,0,0,0,0,0,0,1112.5,1112.5
monument.jpg,3,dynamic_128,0,0,0,0,0,0,0,0,0,0,0,0,0,0,0,0,0,17620.7,17620.7
poke.jpg,3,dynamic_128,0,0,0,0,0,0,0,0,0,0,0,0,0,0,0,0,0,26.4539,26.4539
rain_paisage.jpg,3,dynamic_128,0,0,0,0,0,0,0,0,0,0,0,0,0,0,0,0,0,21722.1,21722.1
sky.jpg,3,dynamic_128,0,0,0,0,0,0,0,0,0,0,0,0,0,0,0,0,0,6986.6,6986.6
stars.jpg,3,dynamic_128,0,0,0,0,0,0,0,0,0,0,0,0,0,0,0,0,0,11349,11349
4000x3000.png,4,dynamic_16,14.4019,5.38514,21.0413,1.69247,62.9946,29.9226,11.8021,21.6692,32.7545,31.2989,21.8908,21.825,132.675,239.292,412.19,608.176,895.197,958.905,3523.11
6000x6000.png,4,dynamic_16,42.0239,15.9142,62.2905,5.86438,180.727,96.5442,35.4808,64.3596,95.6253,93.0495,65.9656,63.9131,397.496,715.168,1206.62,1834.55,2691.35,2839.51,10506.5
8k.jpeg,4,dynamic_16,3.46763,1.47305,5.1182,0.494365,13.6474,7.15308,2.89841,5.06023,7.99641,7.65583,8.08637,5.62405,31.032,56.4197,95.6661,144.208,212.075,224.12,832.195
city.jpg,4,dynamic_16,99.2863,37.2839,147.087,14.655,451.19,213.518,86.7921,160.181,261.496,221.264,134.501,132.423,935.636,1689.15,2860.07,4689.36,6750.06,6918.48,25802.4
city2.jpg,4,dynamic_16,112.414,42.416,166.274,17.3289,506.948,237.637,93.2956,168.45,255.854,258.616,161.91,157.519,1039.27,1911.38,3235.2,4885.38,7171.65,7850.28,28271.8
firework.jpg,4,dynamic_16,250.524,82.4816,332.533,34.5438,890.743,489.506,181.075,327.518,0.000304,483.423,325.847,316.272,2073.15,3823.83,6498,9788.74,14437.2,15635.2,55970.6
flor1.jpg,4,dynamic_16,102.203,38.5081,150.953,15.3946,461.472,217.253,84.9862,153.535,230.909,225.976,160.384,151.885,981.589,1748,2956.7,4473.08,6582.98,7445.6,26181.4
flor2.jpg,4,dynamic_16,11.6152,4.52752,17.1184,1.28333,51.7949,24.5817,9.73423,17.3827,26.8312,25.4776,18.1501,21.016,108.779,200.01,343.538,526.105,745.47,816.053,2969.47
monument.jpg,4,dynamic_16,196.712,74.0386,290.811,31.1267,886.155,418.517,163.625,301.284,451.179,435.343,279.625,266.946,1856.61,3369.2,5664.92,8620.89,12625.7,13286.8,49219.5
poke.jpg,4,dynamic_16,0.396527,0.117925,0.3956,0.053229,1.09072,0.570482,0.226893,0.451511,1.95362,0.597021,0.348107,0.352517,2.54497,4.47625,7.60818,11.3806,16.6283,18.1941,67.3866
rain_paisage.jpg,4,dynamic_16,234.405,87.6956,345.315,36.5604,1067.84,498.292,195.477,358.181,0.000593,513.44,316.975,325.691,2215.06,3987.41,6740.79,11117.9,15929,16469.4,60439.4
sky.jpg,4,dynamic_16,74.8068,28.3933,110.386,11.253,339.385,159.143,62.3405,112.426,174.228,166.141,105.485,100.72,694.317,1272.09,2156.92,3284.99,4799.97,5281.83,18934.8
stars.jpg,4,dynamic_16,130.842,49.3307,193.635,20.7318,555.868,292.553,109.191,202.208,297.314,290.492,178.284,187.658,1277.35,2258.35,3808.01,5744,8413.03,8519.35,32528.2
4000x3000.png,4,static,0,0,0,0,0,0,0,0,0,0,0,0,0,0,0,0,0,973.952,973.952
6000x6000.png,4,static,0,0,0,0,0,0,0,0,0,0,0,0,0,0,0,0,0,3089.15,3089.15
8k.jpeg,4,static,0,0,0,0,0,0,0,0,0,0,0,0,0,0,0,0,0,242.246,242.246
city.jpg,4,static,0,0,0,0,0,0,0,0,0,0,0,0,0,0,0,0,0,9412.2,9412.2
city2.jpg,4,static,0,0,0,0,0,0,0,0,0,0,0,0,0,0,0,0,0,8837.82,8837.82
firework.jpg,4,static,0,0,0,0,0,0,0,0,0,0,0,0,0,0,0,0,0,19803.8,19803.8
flor1.jpg,4,static,0,0,0,0,0,0,0,0,0,0,0,0,0,0,0,0,0,9013.19,9013.19
flor2.jpg,4,static,0,0,0,0,0,0,0,0,0,0,0,0,0,0,0,0,0,873.776,873.776
monument.jpg,4,static,0,0,0,0,0,0,0,0,0,0,0,0,0,0,0,0,0,18298.8,18298.8
poke.jpg,4,static,0,0,0,0,0,0,0,0,0,0,0,0,0,0,0,0,0,19.024,19.024
rain_paisage.jpg,4,static,0,0,0,0,0,0,0,0,0,0,0,0,0,0,0,0,0,22157.8,22157.8
sky.jpg,4,static,0,0,0,0,0,0,0,0,0,0,0,0,0,0,0,0,0,5561.59,5561.59
stars.jpg,4,static,0,0,0,0,0,0,0,0,0,0,0,0,0,0,0,0,0,8918.91,8918.91
4000x3000.png,4,dynamic_1,0,0,0,0,0,0,0,0,0,0,0,0,0,0,0,0,0,964.043,964.043
6000x6000.png,4,dynamic_1,0,0,0,0,0,0,0,0,0,0,0,0,0,0,0,0,0,2841.12,2841.12
8k.jpeg,4,dynamic_1,0,0,0,0,0,0,0,0,0,0,0,0,0,0,0,0,0,225.01,225.01
city.jpg,4,dynamic_1,0,0,0,0,0,0,0,0,0,0,0,0,0,0,0,0,0,7027.09,7027.09
city2.jpg,4,dynamic_1,0,0,0,0,0,0,0,0,0,0,0,0,0,0,0,0,0,8116.55,8116.55
firework.jpg,4,dynamic_1,0,0,0,0,0,0,0,0,0,0,0,0,0,0,0,0,0,15710,15710
flor1.jpg,4,dynamic_1,0,0,0,0,0,0,0,0,0,0,0,0,0,0,0,0,0,7569.03,7569.03
flor2.jpg,4,dynamic_1,0,0,0,0,0,0,0,0,0,0,0,0,0,0,0,0,0,847.302,847.302
monument.jpg,4,dynamic_1,0,0,0,0,0,0,0,0,0,0,0,0,0,0,0,0,0,13723.9,13723.9
poke.jpg,4,dynamic_1,0,0,0,0,0,0,0,0,0,0,0,0,0,0,0,0,0,18.8331,18.8331
rain_paisage.jpg,4,dynamic_1,0,0,0,0,0,0,0,0,0,0,0,0,0,0,0,0,0,16785.7,16785.7
sky.jpg,4,dynamic_1,0,0,0,0,0,0,0,0,0,0,0,0,0,0,0,0,0,5321.38,5321.38
stars.jpg,4,dynamic_1,0,0,0,0,0,0,0,0,0,0,0,0,0,0,0,0,0,8505.77,8505.77
4000x3000.png,4,dynamic_2,0,0,0,0,0,0,0,0,0,0,0,0,0,0,0,0,0,959.419,959.419
6000x6000.png,4,dynamic_2,0,0,0,0,0,0,0,0,0,0,0,0,0,0,0,0,0,2828.91,2828.91
8k.jpeg,4,dynamic_2,0,0,0,0,0,0,0,0,0,0,0,0,0,0,0,0,0,223.408,223.408
city.jpg,4,dynamic_2,0,0,0,0,0,0,0,0,0,0,0,0,0,0,0,0,0,6981.53,6981.53
city2.jpg,4,dynamic_2,0,0,0,0,0,0,0,0,0,0,0,0,0,0,0,0,0,7843.72,7843.72
firework.jpg,4,dynamic_2,0,0,0,0,0,0,0,0,0,0,0,0,0,0,0,0,0,15621.4,15621.4
flor1.jpg,4,dynamic_2,0,0,0,0,0,0,0,0,0,0,0,0,0,0,0,0,0,7427.07,7427.07
flor2.jpg,4,dynamic_2,0,0,0,0,0,0,0,0,0,0,0,0,0,0,0,0,0,820.87,820.87
monument.jpg,4,dynamic_2,0,0,0,0,0,0,0,0,0,0,0,0,0,0,0,0,0,13285.9,13285.9
poke.jpg,4,dynamic_2,0,0,0,0,0,0,0,0,0,0,0,0,0,0,0,0,0,18.0451,18.0451
rain_paisage.jpg,4,dynamic_2,0,0,0,0,0,0,0,0,0,0,0,0,0,0,0,0,0,16425.8,16425.8
sky.jpg,4,dynamic_2,0,0,0,0,0,0,0,0,0,0,0,0,0,0,0,0,0,5276.8,5276.8
stars.jpg,4,dynamic_2,0,0,0,0,0,0,0,0,0,0,0,0,0,0,0,0,0,8503.13,8503.13
4000x3000.png,4,dynamic_4,0,0,0,0,0,0,0,0,0,0,0,0,0,0,0,0,0,958.946,958.946
6000x6000.png,4,dynamic_4,0,0,0,0,0,0,0,0,0,0,0,0,0,0,0,0,0,2835.58,2835.58
8k.jpeg,4,dynamic_4,0,0,0,0,0,0,0,0,0,0,0,0,0,0,0,0,0,224.252,224.252
city.jpg,4,dynamic_4,0,0,0,0,0,0,0,0,0,0,0,0,0,0,0,0,0,6922.9,6922.9
city2.jpg,4,dynamic_4,0,0,0,0,0,0,0,0,0,0,0,0,0,0,0,0,0,7861.08,7861.08
firework.jpg,4,dynamic_4,0,0,0,0,0,0,0,0,0,0,0,0,0,0,0,0,0,15596.4,15596.4
flor1.jpg,4,dynamic_4,0,0,0,0,0,0,0,0,0,0,0,0,0,0,0,0,0,7428.19,7428.19
flor2.jpg,4,dynamic_4,0,0,0,0,0,0,0,0,0,0,0,0,0,0,0,0,0,821.142,821.142
monument.jpg,4,dynamic_4,0,0,0,0,0,0,0,0,0,0,0,0,0,0,0,0,0,13359.8,13359.8
poke.jpg,4,dynamic_4,0,0,0,0,0,0,0,0,0,0,0,0,0,0,0,0,0,18.1198,18.1198
rain_paisage.jpg,4,dynamic_4,0,0,0,0,0,0,0,0,0,0,0,0,0,0,0,0,0,16462.4,16462.4
sky.jpg,4,dynamic_4,0,0,0,0,0,0,0,0,0,0,0,0,0,0,0,0,0,5280.72,5280.72
stars.jpg,4,dynamic_4,0,0,0,0,0,0,0,0,0,0,0,0,0,0,0,0,0,8478.45,8478.45
4000x3000.png,4,dynamic_8,0,0,0,0,0,0,0,0,0,0,0,0,0,0,0,0,0,967.439,967.439
6000x6000.png,4,dynamic_8,0,0,0,0,0,0,0,0,0,0,0,0,0,0,0,0,0,2832.36,2832.36
8k.jpeg,4,dynamic_8,0,0,0,0,0,0,0,0,0,0,0,0,0,0,0,0,0,225.842,225.842
city.jpg,4,dynamic_8,0,0,0,0,0,0,0,0,0,0,0,0,0,0,0,0,0,6978.9,6978.9
city2.jpg,4,dynamic_8,0,0,0,0,0,0,0,0,0,0,0,0,0,0,0,0,0,7871.45,7871.45
firework.jpg,4,dynamic_8,0,0,0,0,0,0,0,0,0,0,0,0,0,0,0,0,0,15604.7,15604.7
flor1.jpg,4,dynamic_8,0,0,0,0,0,0,0,0,0,0,0,0,0,0,0,0,0,7427.64,7427.64
flor2.jpg,4,dynamic_8,0,0,0,0,0,0,0,0,0,0,0,0,0,0,0,0,0,825.573,825.573
monument.jpg,4,dynamic_8,0,0,0,0,0,0,0,0,0,0,0,0,0,0,0,0,0,13307,13307
poke.jpg,4,dynamic_8,0,0,0,0,0,0,0,0,0,0,0,0,0,0,0,0,0,18.3505,18.3505
rain_paisage.jpg,4,dynamic_8,0,0,0,0,0,0,0,0,0,0,0,0,0,0,0,0,0,16460.8,16460.8
sky.jpg,4,dynamic_8,0,0,0,0,0,0,0,0,0,0,0,0,0,0,0,0,0,5293.88,5293.88
stars.jpg,4,dynamic_8,0,0,0,0,0,0,0,0,0,0,0,0,0,0,0,0,0,8522.64,8522.64
