Run_ID,Timestamp_UTC,Image,Operation,Width,Height,Layout,Phase,Repeat,Threads,Schedule,Chunk,Simd_Build,OMP_Places,OMP_Proc_Bind,Hostname,Compiler,Build_Flags,Elapsed_ms,Result_Hash,Validation
layout-Grayscale-simd_off-t1-r1-4000x3000.png,2026-09-19T18:10:13Z,4000x3000.png,Grayscale,4000,3000,AoS,Kernel,1,1,static,,off,,,hype1,g++,-O3 -Wall -Wextra -std=c++17 -fopenmp -DOMP_EXPLICIT_SIMD=0 -fno-tree-vectorize,46.050868,00925fa85224b60c,passed
layout-Grayscale-simd_off-t1-r1-4000x3000.png,2026-09-19T18:10:13Z,4000x3000.png,Grayscale,4000,3000,SoA,AoS_to_SoA,1,1,static,,off,,,hype1,g++,-O3 -Wall -Wextra -std=c++17 -fopenmp -DOMP_EXPLICIT_SIMD=0 -fno-tree-vectorize,24.941505,00925fa85224b60c,passed
layout-Grayscale-simd_off-t1-r1-4000x3000.png,2026-09-19T18:10:13Z,4000x3000.png,Grayscale,4000,3000,SoA,Kernel,1,1,static,,off,,,hype1,g++,-O3 -Wall -Wextra -std=c++17 -fopenmp -DOMP_EXPLICIT_SIMD=0 -fno-tree-vectorize,38.428166,00925fa85224b60c,passed
layout-Grayscale-simd_off-t1-r1-4000x3000.png,2026-09-19T18:10:13Z,4000x3000.png,Grayscale,4000,3000,SoA,SoA_to_AoS,1,1,static,,off,,,hype1,g++,-O3 -Wall -Wextra -std=c++17 -fopenmp -DOMP_EXPLICIT_SIMD=0 -fno-tree-vectorize,24.475979,00925fa85224b60c,passed
layout-Grayscale-simd_off-t1-r1-4000x3000.png,2026-09-19T18:10:13Z,4000x3000.png,Grayscale,4000,3000,SoA,End_to_End,1,1,static,,off,,,hype1,g++,-O3 -Wall -Wextra -std=c++17 -fopenmp -DOMP_EXPLICIT_SIMD=0 -fno-tree-vectorize,87.845650,00925fa85224b60c,passed
layout-Grayscale-simd_off-t1-r1-6000x6000.png,2026-09-19T18:10:15Z,6000x6000.png,Grayscale,6000,6000,AoS,Kernel,1,1,static,,off,,,hype1,g++,-O3 -Wall -Wextra -std=c++17 -fopenmp -DOMP_EXPLICIT_SIMD=0 -fno-tree-vectorize,138.509472,937793859b387046,passed
layout-Grayscale-simd_off-t1-r1-6000x6000.png,2026-09-19T18:10:15Z,6000x6000.png,Grayscale,6000,6000,SoA,AoS_to_SoA,1,1,static,,off,,,hype1,g++,-O3 -Wall -Wextra -std=c++17 -fopenmp -DOMP_EXPLICIT_SIMD=0 -fno-tree-vectorize,75.260702,937793859b387046,passed
layout-Grayscale-simd_off-t1-r1-6000x6000.png,2026-09-19T18:10:15Z,6000x6000.png,Grayscale,6000,6000,SoA,Kernel,1,1,static,,off,,,hype1,g++,-O3 -Wall -Wextra -std=c++17 -fopenmp -DOMP_EXPLICIT_SIMD=0 -fno-tree-vectorize,115.446314,937793859b387046,passed
layout-Grayscale-simd_off-t1-r1-6000x6000.png,2026-09-19T18:10:15Z,6000x6000.png,Grayscale,6000,6000,SoA,SoA_to_AoS,1,1,static,,off,,,hype1,g++,-O3 -Wall -Wextra -std=c++17 -fopenmp -DOMP_EXPLICIT_SIMD=0 -fno-tree-vectorize,73.796685,937793859b387046,passed
layout-Grayscale-simd_off-t1-r1-6000x6000.png,2026-09-19T18:10:15Z,6000x6000.png,Grayscale,6000,6000,SoA,End_to_End,1,1,static,,off,,,hype1,g++,-O3 -Wall -Wextra -std=c++17 -fopenmp -DOMP_EXPLICIT_SIMD=0 -fno-tree-vectorize,264.503701,937793859b387046,passed
layout-Gaussian_11x11-simd_off-t1-r1-4000x3000.png,2026-09-19T18:10:25Z,4000x3000.png,Gaussian_11x11,3990,2990,AoS,Kernel,1,1,static,,off,,,hype1,g++,-O3 -Wall -Wextra -std=c++17 -fopenmp -DOMP_EXPLICIT_SIMD=0 -fno-tree-vectorize,3062.561071,1e8adb9534bf99dc,passed
layout-Gaussian_11x11-simd_off-t1-r1-4000x3000.png,2026-09-19T18:10:25Z,4000x3000.png,Gaussian_11x11,3990,2990,SoA,AoS_to_SoA,1,1,static,,off,,,hype1,g++,-O3 -Wall -Wextra -std=c++17 -fopenmp -DOMP_EXPLICIT_SIMD=0 -fno-tree-vectorize,24.420418,1e8adb9534bf99dc,passed
layout-Gaussian_11x11-simd_off-t1-r1-4000x3000.png,2026-09-19T18:10:25Z,4000x3000.png,Gaussian_11x11,3990,2990,SoA,Kernel,1,1,static,,off,,,hype1,g++,-O3 -Wall -Wextra -std=c++17 -fopenmp -DOMP_EXPLICIT_SIMD=0 -fno-tree-vectorize,3085.355315,1e8adb9534bf99dc,passed
layout-Gaussian_11x11-simd_off-t1-r1-4000x3000.png,2026-09-19T18:10:25Z,4000x3000.png,Gaussian_11x11,3990,2990,SoA,SoA_to_AoS,1,1,static,,off,,,hype1,g++,-O3 -Wall -Wextra -std=c++17 -fopenmp -DOMP_EXPLICIT_SIMD=0 -fno-tree-vectorize,25.519626,1e8adb9534bf99dc,passed
layout-Gaussian_11x11-simd_off-t1-r1-4000x3000.png,2026-09-19T18:10:25Z,4000x3000.png,Gaussian_11x11,3990,2990,SoA,End_to_End,1,1,static,,off,,,hype1,g++,-O3 -Wall -Wextra -std=c++17 -fopenmp -DOMP_EXPLICIT_SIMD=0 -fno-tree-vectorize,3135.295359,1e8adb9534bf99dc,passed
layout-Gaussian_11x11-simd_off-t1-r1-6000x6000.png,2026-09-19T18:10:55Z,6000x6000.png,Gaussian_11x11,5990,5990,AoS,Kernel,1,1,static,,off,,,hype1,g++,-O3 -Wall -Wextra -std=c++17 -fopenmp -DOMP_EXPLICIT_SIMD=0 -fno-tree-vectorize,9203.960844,c923a906c8989668,passed
layout-Gaussian_11x11-simd_off-t1-r1-6000x6000.png,2026-09-19T18:10:55Z,6000x6000.png,Gaussian_11x11,5990,5990,SoA,AoS_to_SoA,1,1,static,,off,,,hype1,g++,-O3 -Wall -Wextra -std=c++17 -fopenmp -DOMP_EXPLICIT_SIMD=0 -fno-tree-vectorize,71.735383,c923a906c8989668,passed
layout-Gaussian_11x11-simd_off-t1-r1-6000x6000.png,2026-09-19T18:10:55Z,6000x6000.png,Gaussian_11x11,5990,5990,SoA,Kernel,1,1,static,,off,,,hype1,g++,-O3 -Wall -Wextra -std=c++17 -fopenmp -DOMP_EXPLICIT_SIMD=0 -fno-tree-vectorize,9229.799905,c923a906c8989668,passed
layout-Gaussian_11x11-simd_off-t1-r1-6000x6000.png,2026-09-19T18:10:55Z,6000x6000.png,Gaussian_11x11,5990,5990,SoA,SoA_to_AoS,1,1,static,,off,,,hype1,g++,-O3 -Wall -Wextra -std=c++17 -fopenmp -DOMP_EXPLICIT_SIMD=0 -fno-tree-vectorize,73.646968,c923a906c8989668,passed
layout-Gaussian_11x11-simd_off-t1-r1-6000x6000.png,2026-09-19T18:10:55Z,6000x6000.png,Gaussian_11x11,5990,5990,SoA,End_to_End,1,1,static,,off,,,hype1,g++,-O3 -Wall -Wextra -std=c++17 -fopenmp -DOMP_EXPLICIT_SIMD=0 -fno-tree-vectorize,9375.182256,c923a906c8989668,passed
layout-Grayscale-simd_omp-t1-r1-4000x3000.png,2026-09-19T18:10:56Z,4000x3000.png,Grayscale,4000,3000,AoS,Kernel,1,1,static,,omp,,,hype1,g++,-O3 -Wall -Wextra -std=c++17 -fopenmp -DOMP_EXPLICIT_SIMD=1,47.858265,00925fa85224b60c,passed
layout-Grayscale-simd_omp-t1-r1-4000x3000.png,2026-09-19T18:10:56Z,4000x3000.png,Grayscale,4000,3000,SoA,AoS_to_SoA,1,1,static,,omp,,,hype1,g++,-O3 -Wall -Wextra -std=c++17 -fopenmp -DOMP_EXPLICIT_SIMD=1,23.458957,00925fa85224b60c,passed
layout-Grayscale-simd_omp-t1-r1-4000x3000.png,2026-09-19T18:10:56Z,4000x3000.png,Grayscale,4000,3000,SoA,Kernel,1,1,static,,omp,,,hype1,g++,-O3 -Wall -Wextra -std=c++17 -fopenmp -DOMP_EXPLICIT_SIMD=1,38.444342,00925fa85224b60c,passed
layout-Grayscale-simd_omp-t1-r1-4000x3000.png,2026-09-19T18:10:56Z,4000x3000.png,Grayscale,4000,3000,SoA,SoA_to_AoS,1,1,static,,omp,,,hype1,g++,-O3 -Wall -Wextra -std=c++17 -fopenmp -DOMP_EXPLICIT_SIMD=1,25.304627,00925fa85224b60c,passed
layout-Grayscale-simd_omp-t1-r1-4000x3000.png,2026-09-19T18:10:56Z,4000x3000.png,Grayscale,4000,3000,SoA,End_to_End,1,1,static,,omp,,,hype1,g++,-O3 -Wall -Wextra -std=c++17 -fopenmp -DOMP_EXPLICIT_SIMD=1,87.207926,00925fa85224b60c,passed
layout-Grayscale-simd_omp-t1-r1-6000x6000.png,2026-09-19T18:10:58Z,6000x6000.png,Grayscale,6000,6000,AoS,Kernel,1,1,static,,omp,,,hype1,g++,-O3 -Wall -Wextra -std=c++17 -fopenmp -DOMP_EXPLICIT_SIMD=1,143.932310,937793859b387046,passed
layout-Grayscale-simd_omp-t1-r1-6000x6000.png,2026-09-19T18:10:58Z,6000x6000.png,Grayscale,6000,6000,SoA,AoS_to_SoA,1,1,static,,omp,,,hype1,g++,-O3 -Wall -Wextra -std=c++17 -fopenmp -DOMP_EXPLICIT_SIMD=1,74.981077,937793859b387046,passed
layout-Grayscale-simd_omp-t1-r1-6000x6000.png,2026-09-19T18:10:58Z,6000x6000.png,Grayscale,6000,6000,SoA,Kernel,1,1,static,,omp,,,hype1,g++,-O3 -Wall -Wextra -std=c++17 -fopenmp -DOMP_EXPLICIT_SIMD=1,116.324826,937793859b387046,passed
layout-Grayscale-simd_omp-t1-r1-6000x6000.png,2026-09-19T18:10:58Z,6000x6000.png,Grayscale,6000,6000,SoA,SoA_to_AoS,1,1,static,,omp,,,hype1,g++,-O3 -Wall -Wextra -std=c++17 -fopenmp -DOMP_EXPLICIT_SIMD=1,73.712062,937793859b387046,passed
layout-Grayscale-simd_omp-t1-r1-6000x6000.png,2026-09-19T18:10:58Z,6000x6000.png,Grayscale,6000,6000,SoA,End_to_End,1,1,static,,omp,,,hype1,g++,-O3 -Wall -Wextra -std=c++17 -fopenmp -DOMP_EXPLICIT_SIMD=1,265.017965,937793859b387046,passed
layout-Gaussian_11x11-simd_omp-t1-r1-4000x3000.png,2026-09-19T18:11:12Z,4000x3000.png,Gaussian_11x11,3990,2990,AoS,Kernel,1,1,static,,omp,,,hype1,g++,-O3 -Wall -Wextra -std=c++17 -fopenmp -DOMP_EXPLICIT_SIMD=1,3064.778543,1e8adb9534bf99dc,passed
layout-Gaussian_11x11-simd_omp-t1-r1-4000x3000.png,2026-09-19T18:11:12Z,4000x3000.png,Gaussian_11x11,3990,2990,SoA,AoS_to_SoA,1,1,static,,omp,,,hype1,g++,-O3 -Wall -Wextra -std=c++17 -fopenmp -DOMP_EXPLICIT_SIMD=1,24.723707,1e8adb9534bf99dc,passed
layout-Gaussian_11x11-simd_omp-t1-r1-4000x3000.png,2026-09-19T18:11:12Z,4000x3000.png,Gaussian_11x11,3990,2990,SoA,Kernel,1,1,static,,omp,,,hype1,g++,-O3 -Wall -Wextra -std=c++17 -fopenmp -DOMP_EXPLICIT_SIMD=1,6183.122086,1e8adb9534bf99dc,passed
layout-Gaussian_11x11-simd_omp-t1-r1-4000x3000.png,2026-09-19T18:11:12Z,4000x3000.png,Gaussian_11x11,3990,2990,SoA,SoA_to_AoS,1,1,static,,omp,,,hype1,g++,-O3 -Wall -Wextra -std=c++17 -fopenmp -DOMP_EXPLICIT_SIMD=1,24.730025,1e8adb9534bf99dc,passed
layout-Gaussian_11x11-simd_omp-t1-r1-4000x3000.png,2026-09-19T18:11:12Z,4000x3000.png,Gaussian_11x11,3990,2990,SoA,End_to_End,1,1,static,,omp,,,hype1,g++,-O3 -Wall -Wextra -std=c++17 -fopenmp -DOMP_EXPLICIT_SIMD=1,6232.575818,1e8adb9534bf99dc,passed
layout-Gaussian_11x11-simd_omp-t1-r1-6000x6000.png,2026-09-19T18:11:51Z,6000x6000.png,Gaussian_11x11,5990,5990,AoS,Kernel,1,1,static,,omp,,,hype1,g++,-O3 -Wall -Wextra -std=c++17 -fopenmp -DOMP_EXPLICIT_SIMD=1,9214.152387,c923a906c8989668,passed
layout-Gaussian_11x11-simd_omp-t1-r1-6000x6000.png,2026-09-19T18:11:51Z,6000x6000.png,Gaussian_11x11,5990,5990,SoA,AoS_to_SoA,1,1,static,,omp,,,hype1,g++,-O3 -Wall -Wextra -std=c++17 -fopenmp -DOMP_EXPLICIT_SIMD=1,75.692129,c923a906c8989668,passed
layout-Gaussian_11x11-simd_omp-t1-r1-6000x6000.png,2026-09-19T18:11:51Z,6000x6000.png,Gaussian_11x11,5990,5990,SoA,Kernel,1,1,static,,omp,,,hype1,g++,-O3 -Wall -Wextra -std=c++17 -fopenmp -DOMP_EXPLICIT_SIMD=1,18734.359348,c923a906c8989668,passed
layout-Gaussian_11x11-simd_omp-t1-r1-6000x6000.png,2026-09-19T18:11:51Z,6000x6000.png,Gaussian_11x11,5990,5990,SoA,SoA_to_AoS,1,1,static,,omp,,,hype1,g++,-O3 -Wall -Wextra -std=c++17 -fopenmp -DOMP_EXPLICIT_SIMD=1,73.398521,c923a906c8989668,passed
layout-Gaussian_11x11-simd_omp-t1-r1-6000x6000.png,2026-09-19T18:11:51Z,6000x6000.png,Gaussian_11x11,5990,5990,SoA,End_to_End,1,1,static,,omp,,,hype1,g++,-O3 -Wall -Wextra -std=c++17 -fopenmp -DOMP_EXPLICIT_SIMD=1,18883.449998,c923a906c8989668,passed
layout-Grayscale-simd_omp-t1-r2-4000x3000.png,2026-09-19T18:11:52Z,4000x3000.png,Grayscale,4000,3000,AoS,Kernel,2,1,static,,omp,,,hype1,g++,-O3 -Wall -Wextra -std=c++17 -fopenmp -DOMP_EXPLICIT_SIMD=1,47.843199,00925fa85224b60c,passed
layout-Grayscale-simd_omp-t1-r2-4000x3000.png,2026-09-19T18:11:52Z,4000x3000.png,Grayscale,4000,3000,SoA,AoS_to_SoA,2,1,static,,omp,,,hype1,g++,-O3 -Wall -Wextra -std=c++17 -fopenmp -DOMP_EXPLICIT_SIMD=1,24.637522,00925fa85224b60c,passed
layout-Grayscale-simd_omp-t1-r2-4000x3000.png,2026-09-19T18:11:52Z,4000x3000.png,Grayscale,4000,3000,SoA,Kernel,2,1,static,,omp,,,hype1,g++,-O3 -Wall -Wextra -std=c++17 -fopenmp -DOMP_EXPLICIT_SIMD=1,38.395426,00925fa85224b60c,passed
layout-Grayscale-simd_omp-t1-r2-4000x3000.png,2026-09-19T18:11:52Z,4000x3000.png,Grayscale,4000,3000,SoA,SoA_to_AoS,2,1,static,,omp,,,hype1,g++,-O3 -Wall -Wextra -std=c++17 -fopenmp -DOMP_EXPLICIT_SIMD=1,25.347878,00925fa85224b60c,passed
layout-Grayscale-simd_omp-t1-r2-4000x3000.png,2026-09-19T18:11:52Z,4000x3000.png,Grayscale,4000,3000,SoA,End_to_End,2,1,static,,omp,,,hype1,g++,-O3 -Wall -Wextra -std=c++17 -fopenmp -DOMP_EXPLICIT_SIMD=1,88.380826,00925fa85224b60c,passed
layout-Grayscale-simd_omp-t1-r2-6000x6000.png,2026-09-19T18:11:54Z,6000x6000.png,Grayscale,6000,6000,AoS,Kernel,2,1,static,,omp,,,hype1,g++,-O3 -Wall -Wextra -std=c++17 -fopenmp -DOMP_EXPLICIT_SIMD=1,143.825045,937793859b387046,passed
layout-Grayscale-simd_omp-t1-r2-6000x6000.png,2026-09-19T18:11:54Z,6000x6000.png,Grayscale,6000,6000,SoA,AoS_to_SoA,2,1,static,,omp,,,hype1,g++,-O3 -Wall -Wextra -std=c++17 -fopenmp -DOMP_EXPLICIT_SIMD=1,76.097939,937793859b387046,passed
layout-Grayscale-simd_omp-t1-r2-6000x6000.png,2026-09-19T18:11:54Z,6000x6000.png,Grayscale,6000,6000,SoA,Kernel,2,1,static,,omp,,,hype1,g++,-O3 -Wall -Wextra -std=c++17 -fopenmp -DOMP_EXPLICIT_SIMD=1,115.513209,937793859b387046,passed
layout-Grayscale-simd_omp-t1-r2-6000x6000.png,2026-09-19T18:11:54Z,6000x6000.png,Grayscale,6000,6000,SoA,SoA_to_AoS,2,1,static,,omp,,,hype1,g++,-O3 -Wall -Wextra -std=c++17 -fopenmp -DOMP_EXPLICIT_SIMD=1,73.320552,937793859b387046,passed
layout-Grayscale-simd_omp-t1-r2-6000x6000.png,2026-09-19T18:11:54Z,6000x6000.png,Grayscale,6000,6000,SoA,End_to_End,2,1,static,,omp,,,hype1,g++,-O3 -Wall -Wextra -std=c++17 -fopenmp -DOMP_EXPLICIT_SIMD=1,264.931700,937793859b387046,passed
layout-Gaussian_11x11-simd_omp-t1-r2-4000x3000.png,2026-09-19T18:12:07Z,4000x3000.png,Gaussian_11x11,3990,2990,AoS,Kernel,2,1,static,,omp,,,hype1,g++,-O3 -Wall -Wextra -std=c++17 -fopenmp -DOMP_EXPLICIT_SIMD=1,3063.725969,1e8adb9534bf99dc,passed
layout-Gaussian_11x11-simd_omp-t1-r2-4000x3000.png,2026-09-19T18:12:07Z,4000x3000.png,Gaussian_11x11,3990,2990,SoA,AoS_to_SoA,2,1,static,,omp,,,hype1,g++,-O3 -Wall -Wextra -std=c++17 -fopenmp -DOMP_EXPLICIT_SIMD=1,23.825722,1e8adb9534bf99dc,passed
layout-Gaussian_11x11-simd_omp-t1-r2-4000x3000.png,2026-09-19T18:12:07Z,4000x3000.png,Gaussian_11x11,3990,2990,SoA,Kernel,2,1,static,,omp,,,hype1,g++,-O3 -Wall -Wextra -std=c++17 -fopenmp -DOMP_EXPLICIT_SIMD=1,6185.648771,1e8adb9534bf99dc,passed
layout-Gaussian_11x11-simd_omp-t1-r2-4000x3000.png,2026-09-19T18:12:07Z,4000x3000.png,Gaussian_11x11,3990,2990,SoA,SoA_to_AoS,2,1,static,,omp,,,hype1,g++,-O3 -Wall -Wextra -std=c++17 -fopenmp -DOMP_EXPLICIT_SIMD=1,25.014715,1e8adb9534bf99dc,passed
layout-Gaussian_11x11-simd_omp-t1-r2-4000x3000.png,2026-09-19T18:12:07Z,4000x3000.png,Gaussian_11x11,3990,2990,SoA,End_to_End,2,1,static,,omp,,,hype1,g++,-O3 -Wall -Wextra -std=c++17 -fopenmp -DOMP_EXPLICIT_SIMD=1,6234.489208,1e8adb9534bf99dc,passed
layout-Gaussian_11x11-simd_omp-t1-r2-6000x6000.png,2026-09-19T18:12:47Z,6000x6000.png,Gaussian_11x11,5990,5990,AoS,Kernel,2,1,static,,omp,,,hype1,g++,-O3 -Wall -Wextra -std=c++17 -fopenmp -DOMP_EXPLICIT_SIMD=1,9199.555232,c923a906c8989668,passed
layout-Gaussian_11x11-simd_omp-t1-r2-6000x6000.png,2026-09-19T18:12:47Z,6000x6000.png,Gaussian_11x11,5990,5990,SoA,AoS_to_SoA,2,1,static,,omp,,,hype1,g++,-O3 -Wall -Wextra -std=c++17 -fopenmp -DOMP_EXPLICIT_SIMD=1,70.906032,c923a906c8989668,passed
layout-Gaussian_11x11-simd_omp-t1-r2-6000x6000.png,2026-09-19T18:12:47Z,6000x6000.png,Gaussian_11x11,5990,5990,SoA,Kernel,2,1,static,,omp,,,hype1,g++,-O3 -Wall -Wextra -std=c++17 -fopenmp -DOMP_EXPLICIT_SIMD=1,18618.516527,c923a906c8989668,passed
layout-Gaussian_11x11-simd_omp-t1-r2-6000x6000.png,2026-09-19T18:12:47Z,6000x6000.png,Gaussian_11x11,5990,5990,SoA,SoA_to_AoS,2,1,static,,omp,,,hype1,g++,-O3 -Wall -Wextra -std=c++17 -fopenmp -DOMP_EXPLICIT_SIMD=1,73.865043,c923a906c8989668,passed
layout-Gaussian_11x11-simd_omp-t1-r2-6000x6000.png,2026-09-19T18:12:47Z,6000x6000.png,Gaussian_11x11,5990,5990,SoA,End_to_End,2,1,static,,omp,,,hype1,g++,-O3 -Wall -Wextra -std=c++17 -fopenmp -DOMP_EXPLICIT_SIMD=1,18763.287602,c923a906c8989668,passed
layout-Grayscale-simd_off-t1-r2-4000x3000.png,2026-09-19T18:12:48Z,4000x3000.png,Grayscale,4000,3000,AoS,Kernel,2,1,static,,off,,,hype1,g++,-O3 -Wall -Wextra -std=c++17 -fopenmp -DOMP_EXPLICIT_SIMD=0 -fno-tree-vectorize,46.070000,00925fa85224b60c,passed
layout-Grayscale-simd_off-t1-r2-4000x3000.png,2026-09-19T18:12:48Z,4000x3000.png,Grayscale,4000,3000,SoA,AoS_to_SoA,2,1,static,,off,,,hype1,g++,-O3 -Wall -Wextra -std=c++17 -fopenmp -DOMP_EXPLICIT_SIMD=0 -fno-tree-vectorize,24.835278,00925fa85224b60c,passed
layout-Grayscale-simd_off-t1-r2-4000x3000.png,2026-09-19T18:12:48Z,4000x3000.png,Grayscale,4000,3000,SoA,Kernel,2,1,static,,off,,,hype1,g++,-O3 -Wall -Wextra -std=c++17 -fopenmp -DOMP_EXPLICIT_SIMD=0 -fno-tree-vectorize,38.400843,00925fa85224b60c,passed
layout-Grayscale-simd_off-t1-r2-4000x3000.png,2026-09-19T18:12:48Z,4000x3000.png,Grayscale,4000,3000,SoA,SoA_to_AoS,2,1,static,,off,,,hype1,g++,-O3 -Wall -Wextra -std=c++17 -fopenmp -DOMP_EXPLICIT_SIMD=0 -fno-tree-vectorize,25.336523,00925fa85224b60c,passed
layout-Grayscale-simd_off-t1-r2-4000x3000.png,2026-09-19T18:12:48Z,4000x3000.png,Grayscale,4000,3000,SoA,End_to_End,2,1,static,,off,,,hype1,g++,-O3 -Wall -Wextra -std=c++17 -fopenmp -DOMP_EXPLICIT_SIMD=0 -fno-tree-vectorize,88.572644,00925fa85224b60c,passed
layout-Grayscale-simd_off-t1-r2-6000x6000.png,2026-09-19T18:12:50Z,6000x6000.png,Grayscale,6000,6000,AoS,Kernel,2,1,static,,off,,,hype1,g++,-O3 -Wall -Wextra -std=c++17 -fopenmp -DOMP_EXPLICIT_SIMD=0 -fno-tree-vectorize,138.399627,937793859b387046,passed
layout-Grayscale-simd_off-t1-r2-6000x6000.png,2026-09-19T18:12:50Z,6000x6000.png,Grayscale,6000,6000,SoA,AoS_to_SoA,2,1,static,,off,,,hype1,g++,-O3 -Wall -Wextra -std=c++17 -fopenmp -DOMP_EXPLICIT_SIMD=0 -fno-tree-vectorize,74.862879,937793859b387046,passed
layout-Grayscale-simd_off-t1-r2-6000x6000.png,2026-09-19T18:12:50Z,6000x6000.png,Grayscale,6000,6000,SoA,Kernel,2,1,static,,off,,,hype1,g++,-O3 -Wall -Wextra -std=c++17 -fopenmp -DOMP_EXPLICIT_SIMD=0 -fno-tree-vectorize,115.411359,937793859b387046,passed
layout-Grayscale-simd_off-t1-r2-6000x6000.png,2026-09-19T18:12:50Z,6000x6000.png,Grayscale,6000,6000,SoA,SoA_to_AoS,2,1,static,,off,,,hype1,g++,-O3 -Wall -Wextra -std=c++17 -fopenmp -DOMP_EXPLICIT_SIMD=0 -fno-tree-vectorize,73.108990,937793859b387046,passed
layout-Grayscale-simd_off-t1-r2-6000x6000.png,2026-09-19T18:12:50Z,6000x6000.png,Grayscale,6000,6000,SoA,End_to_End,2,1,static,,off,,,hype1,g++,-O3 -Wall -Wextra -std=c++17 -fopenmp -DOMP_EXPLICIT_SIMD=0 -fno-tree-vectorize,263.383228,937793859b387046,passed
layout-Gaussian_11x11-simd_off-t1-r2-4000x3000.png,2026-09-19T18:13:00Z,4000x3000.png,Gaussian_11x11,3990,2990,AoS,Kernel,2,1,static,,off,,,hype1,g++,-O3 -Wall -Wextra -std=c++17 -fopenmp -DOMP_EXPLICIT_SIMD=0 -fno-tree-vectorize,3080.365765,1e8adb9534bf99dc,passed
layout-Gaussian_11x11-simd_off-t1-r2-4000x3000.png,2026-09-19T18:13:00Z,4000x3000.png,Gaussian_11x11,3990,2990,SoA,AoS_to_SoA,2,1,static,,off,,,hype1,g++,-O3 -Wall -Wextra -std=c++17 -fopenmp -DOMP_EXPLICIT_SIMD=0 -fno-tree-vectorize,24.761131,1e8adb9534bf99dc,passed
layout-Gaussian_11x11-simd_off-t1-r2-4000x3000.png,2026-09-19T18:13:00Z,4000x3000.png,Gaussian_11x11,3990,2990,SoA,Kernel,2,1,static,,off,,,hype1,g++,-O3 -Wall -Wextra -std=c++17 -fopenmp -DOMP_EXPLICIT_SIMD=0 -fno-tree-vectorize,3072.489786,1e8adb9534bf99dc,passed
layout-Gaussian_11x11-simd_off-t1-r2-4000x3000.png,2026-09-19T18:13:00Z,4000x3000.png,Gaussian_11x11,3990,2990,SoA,SoA_to_AoS,2,1,static,,off,,,hype1,g++,-O3 -Wall -Wextra -std=c++17 -fopenmp -DOMP_EXPLICIT_SIMD=0 -fno-tree-vectorize,24.693656,1e8adb9534bf99dc,passed
layout-Gaussian_11x11-simd_off-t1-r2-4000x3000.png,2026-09-19T18:13:00Z,4000x3000.png,Gaussian_11x11,3990,2990,SoA,End_to_End,2,1,static,,off,,,hype1,g++,-O3 -Wall -Wextra -std=c++17 -fopenmp -DOMP_EXPLICIT_SIMD=0 -fno-tree-vectorize,3121.944573,1e8adb9534bf99dc,passed
layout-Gaussian_11x11-simd_off-t1-r2-6000x6000.png,2026-09-19T18:13:30Z,6000x6000.png,Gaussian_11x11,5990,5990,AoS,Kernel,2,1,static,,off,,,hype1,g++,-O3 -Wall -Wextra -std=c++17 -fopenmp -DOMP_EXPLICIT_SIMD=0 -fno-tree-vectorize,9195.775452,c923a906c8989668,passed
layout-Gaussian_11x11-simd_off-t1-r2-6000x6000.png,2026-09-19T18:13:30Z,6000x6000.png,Gaussian_11x11,5990,5990,SoA,AoS_to_SoA,2,1,static,,off,,,hype1,g++,-O3 -Wall -Wextra -std=c++17 -fopenmp -DOMP_EXPLICIT_SIMD=0 -fno-tree-vectorize,78.943707,c923a906c8989668,passed
layout-Gaussian_11x11-simd_off-t1-r2-6000x6000.png,2026-09-19T18:13:30Z,6000x6000.png,Gaussian_11x11,5990,5990,SoA,Kernel,2,1,static,,off,,,hype1,g++,-O3 -Wall -Wextra -std=c++17 -fopenmp -DOMP_EXPLICIT_SIMD=0 -fno-tree-vectorize,9233.447357,c923a906c8989668,passed
layout-Gaussian_11x11-simd_off-t1-r2-6000x6000.png,2026-09-19T18:13:30Z,6000x6000.png,Gaussian_11x11,5990,5990,SoA,SoA_to_AoS,2,1,static,,off,,,hype1,g++,-O3 -Wall -Wextra -std=c++17 -fopenmp -DOMP_EXPLICIT_SIMD=0 -fno-tree-vectorize,73.185777,c923a906c8989668,passed
layout-Gaussian_11x11-simd_off-t1-r2-6000x6000.png,2026-09-19T18:13:30Z,6000x6000.png,Gaussian_11x11,5990,5990,SoA,End_to_End,2,1,static,,off,,,hype1,g++,-O3 -Wall -Wextra -std=c++17 -fopenmp -DOMP_EXPLICIT_SIMD=0 -fno-tree-vectorize,9385.576841,c923a906c8989668,passed
layout-Grayscale-simd_off-t1-r3-4000x3000.png,2026-09-19T18:13:31Z,4000x3000.png,Grayscale,4000,3000,AoS,Kernel,3,1,static,,off,,,hype1,g++,-O3 -Wall -Wextra -std=c++17 -fopenmp -DOMP_EXPLICIT_SIMD=0 -fno-tree-vectorize,46.426127,00925fa85224b60c,passed
layout-Grayscale-simd_off-t1-r3-4000x3000.png,2026-09-19T18:13:31Z,4000x3000.png,Grayscale,4000,3000,SoA,AoS_to_SoA,3,1,static,,off,,,hype1,g++,-O3 -Wall -Wextra -std=c++17 -fopenmp -DOMP_EXPLICIT_SIMD=0 -fno-tree-vectorize,24.887858,00925fa85224b60c,passed
layout-Grayscale-simd_off-t1-r3-4000x3000.png,2026-09-19T18:13:31Z,4000x3000.png,Grayscale,4000,3000,SoA,Kernel,3,1,static,,off,,,hype1,g++,-O3 -Wall -Wextra -std=c++17 -fopenmp -DOMP_EXPLICIT_SIMD=0 -fno-tree-vectorize,38.763679,00925fa85224b60c,passed
layout-Grayscale-simd_off-t1-r3-4000x3000.png,2026-09-19T18:13:31Z,4000x3000.png,Grayscale,4000,3000,SoA,SoA_to_AoS,3,1,static,,off,,,hype1,g++,-O3 -Wall -Wextra -std=c++17 -fopenmp -DOMP_EXPLICIT_SIMD=0 -fno-tree-vectorize,25.041949,00925fa85224b60c,passed
layout-Grayscale-simd_off-t1-r3-4000x3000.png,2026-09-19T18:13:31Z,4000x3000.png,Grayscale,4000,3000,SoA,End_to_End,3,1,static,,off,,,hype1,g++,-O3 -Wall -Wextra -std=c++17 -fopenmp -DOMP_EXPLICIT_SIMD=0 -fno-tree-vectorize,88.693486,00925fa85224b60c,passed
layout-Grayscale-simd_off-t1-r3-6000x6000.png,2026-09-19T18:13:33Z,6000x6000.png,Grayscale,6000,6000,AoS,Kernel,3,1,static,,off,,,hype1,g++,-O3 -Wall -Wextra -std=c++17 -fopenmp -DOMP_EXPLICIT_SIMD=0 -fno-tree-vectorize,138.525850,937793859b387046,passed
layout-Grayscale-simd_off-t1-r3-6000x6000.png,2026-09-19T18:13:33Z,6000x6000.png,Grayscale,6000,6000,SoA,AoS_to_SoA,3,1,static,,off,,,hype1,g++,-O3 -Wall -Wextra -std=c++17 -fopenmp -DOMP_EXPLICIT_SIMD=0 -fno-tree-vectorize,75.169992,937793859b387046,passed
layout-Grayscale-simd_off-t1-r3-6000x6000.png,2026-09-19T18:13:33Z,6000x6000.png,Grayscale,6000,6000,SoA,Kernel,3,1,static,,off,,,hype1,g++,-O3 -Wall -Wextra -std=c++17 -fopenmp -DOMP_EXPLICIT_SIMD=0 -fno-tree-vectorize,115.546666,937793859b387046,passed
layout-Grayscale-simd_off-t1-r3-6000x6000.png,2026-09-19T18:13:33Z,6000x6000.png,Grayscale,6000,6000,SoA,SoA_to_AoS,3,1,static,,off,,,hype1,g++,-O3 -Wall -Wextra -std=c++17 -fopenmp -DOMP_EXPLICIT_SIMD=0 -fno-tree-vectorize,74.283200,937793859b387046,passed
layout-Grayscale-simd_off-t1-r3-6000x6000.png,2026-09-19T18:13:33Z,6000x6000.png,Grayscale,6000,6000,SoA,End_to_End,3,1,static,,off,,,hype1,g++,-O3 -Wall -Wextra -std=c++17 -fopenmp -DOMP_EXPLICIT_SIMD=0 -fno-tree-vectorize,264.999858,937793859b387046,passed
layout-Gaussian_11x11-simd_off-t1-r3-4000x3000.png,2026-09-19T18:13:43Z,4000x3000.png,Gaussian_11x11,3990,2990,AoS,Kernel,3,1,static,,off,,,hype1,g++,-O3 -Wall -Wextra -std=c++17 -fopenmp -DOMP_EXPLICIT_SIMD=0 -fno-tree-vectorize,3059.688687,1e8adb9534bf99dc,passed
layout-Gaussian_11x11-simd_off-t1-r3-4000x3000.png,2026-09-19T18:13:43Z,4000x3000.png,Gaussian_11x11,3990,2990,SoA,AoS_to_SoA,3,1,static,,off,,,hype1,g++,-O3 -Wall -Wextra -std=c++17 -fopenmp -DOMP_EXPLICIT_SIMD=0 -fno-tree-vectorize,23.551425,1e8adb9534bf99dc,passed
layout-Gaussian_11x11-simd_off-t1-r3-4000x3000.png,2026-09-19T18:13:43Z,4000x3000.png,Gaussian_11x11,3990,2990,SoA,Kernel,3,1,static,,off,,,hype1,g++,-O3 -Wall -Wextra -std=c++17 -fopenmp -DOMP_EXPLICIT_SIMD=0 -fno-tree-vectorize,3067.642656,1e8adb9534bf99dc,passed
layout-Gaussian_11x11-simd_off-t1-r3-4000x3000.png,2026-09-19T18:13:43Z,4000x3000.png,Gaussian_11x11,3990,2990,SoA,SoA_to_AoS,3,1,static,,off,,,hype1,g++,-O3 -Wall -Wextra -std=c++17 -fopenmp -DOMP_EXPLICIT_SIMD=0 -fno-tree-vectorize,24.736555,1e8adb9534bf99dc,passed
layout-Gaussian_11x11-simd_off-t1-r3-4000x3000.png,2026-09-19T18:13:43Z,4000x3000.png,Gaussian_11x11,3990,2990,SoA,End_to_End,3,1,static,,off,,,hype1,g++,-O3 -Wall -Wextra -std=c++17 -fopenmp -DOMP_EXPLICIT_SIMD=0 -fno-tree-vectorize,3115.930636,1e8adb9534bf99dc,passed
layout-Gaussian_11x11-simd_off-t1-r3-6000x6000.png,2026-09-19T18:14:13Z,6000x6000.png,Gaussian_11x11,5990,5990,AoS,Kernel,3,1,static,,off,,,hype1,g++,-O3 -Wall -Wextra -std=c++17 -fopenmp -DOMP_EXPLICIT_SIMD=0 -fno-tree-vectorize,9207.946107,c923a906c8989668,passed
layout-Gaussian_11x11-simd_off-t1-r3-6000x6000.png,2026-09-19T18:14:13Z,6000x6000.png,Gaussian_11x11,5990,5990,SoA,AoS_to_SoA,3,1,static,,off,,,hype1,g++,-O3 -Wall -Wextra -std=c++17 -fopenmp -DOMP_EXPLICIT_SIMD=0 -fno-tree-vectorize,73.890173,c923a906c8989668,passed
layout-Gaussian_11x11-simd_off-t1-r3-6000x6000.png,2026-09-19T18:14:13Z,6000x6000.png,Gaussian_11x11,5990,5990,SoA,Kernel,3,1,static,,off,,,hype1,g++,-O3 -Wall -Wextra -std=c++17 -fopenmp -DOMP_EXPLICIT_SIMD=0 -fno-tree-vectorize,9231.049654,c923a906c8989668,passed
layout-Gaussian_11x11-simd_off-t1-r3-6000x6000.png,2026-09-19T18:14:13Z,6000x6000.png,Gaussian_11x11,5990,5990,SoA,SoA_to_AoS,3,1,static,,off,,,hype1,g++,-O3 -Wall -Wextra -std=c++17 -fopenmp -DOMP_EXPLICIT_SIMD=0 -fno-tree-vectorize,73.890565,c923a906c8989668,passed
layout-Gaussian_11x11-simd_off-t1-r3-6000x6000.png,2026-09-19T18:14:13Z,6000x6000.png,Gaussian_11x11,5990,5990,SoA,End_to_End,3,1,static,,off,,,hype1,g++,-O3 -Wall -Wextra -std=c++17 -fopenmp -DOMP_EXPLICIT_SIMD=0 -fno-tree-vectorize,9378.830392,c923a906c8989668,passed
layout-Grayscale-simd_omp-t1-r3-4000x3000.png,2026-09-19T18:14:14Z,4000x3000.png,Grayscale,4000,3000,AoS,Kernel,3,1,static,,omp,,,hype1,g++,-O3 -Wall -Wextra -std=c++17 -fopenmp -DOMP_EXPLICIT_SIMD=1,48.328009,00925fa85224b60c,passed
layout-Grayscale-simd_omp-t1-r3-4000x3000.png,2026-09-19T18:14:14Z,4000x3000.png,Grayscale,4000,3000,SoA,AoS_to_SoA,3,1,static,,omp,,,hype1,g++,-O3 -Wall -Wextra -std=c++17 -fopenmp -DOMP_EXPLICIT_SIMD=1,23.654414,00925fa85224b60c,passed
layout-Grayscale-simd_omp-t1-r3-4000x3000.png,2026-09-19T18:14:14Z,4000x3000.png,Grayscale,4000,3000,SoA,Kernel,3,1,static,,omp,,,hype1,g++,-O3 -Wall -Wextra -std=c++17 -fopenmp -DOMP_EXPLICIT_SIMD=1,38.458427,00925fa85224b60c,passed
layout-Grayscale-simd_omp-t1-r3-4000x3000.png,2026-09-19T18:14:14Z,4000x3000.png,Grayscale,4000,3000,SoA,SoA_to_AoS,3,1,static,,omp,,,hype1,g++,-O3 -Wall -Wextra -std=c++17 -fopenmp -DOMP_EXPLICIT_SIMD=1,24.944433,00925fa85224b60c,passed
layout-Grayscale-simd_omp-t1-r3-4000x3000.png,2026-09-19T18:14:14Z,4000x3000.png,Grayscale,4000,3000,SoA,End_to_End,3,1,static,,omp,,,hype1,g++,-O3 -Wall -Wextra -std=c++17 -fopenmp -DOMP_EXPLICIT_SIMD=1,87.057274,00925fa85224b60c,passed
layout-Grayscale-simd_omp-t1-r3-6000x6000.png,2026-09-19T18:14:16Z,6000x6000.png,Grayscale,6000,6000,AoS,Kernel,3,1,static,,omp,,,hype1,g++,-O3 -Wall -Wextra -std=c++17 -fopenmp -DOMP_EXPLICIT_SIMD=1,144.014713,937793859b387046,passed
layout-Grayscale-simd_omp-t1-r3-6000x6000.png,2026-09-19T18:14:16Z,6000x6000.png,Grayscale,6000,6000,SoA,AoS_to_SoA,3,1,static,,omp,,,hype1,g++,-O3 -Wall -Wextra -std=c++17 -fopenmp -DOMP_EXPLICIT_SIMD=1,75.445222,937793859b387046,passed
layout-Grayscale-simd_omp-t1-r3-6000x6000.png,2026-09-19T18:14:16Z,6000x6000.png,Grayscale,6000,6000,SoA,Kernel,3,1,static,,omp,,,hype1,g++,-O3 -Wall -Wextra -std=c++17 -fopenmp -DOMP_EXPLICIT_SIMD=1,117.419385,937793859b387046,passed
layout-Grayscale-simd_omp-t1-r3-6000x6000.png,2026-09-19T18:14:16Z,6000x6000.png,Grayscale,6000,6000,SoA,SoA_to_AoS,3,1,static,,omp,,,hype1,g++,-O3 -Wall -Wextra -std=c++17 -fopenmp -DOMP_EXPLICIT_SIMD=1,71.906666,937793859b387046,passed
layout-Grayscale-simd_omp-t1-r3-6000x6000.png,2026-09-19T18:14:16Z,6000x6000.png,Grayscale,6000,6000,SoA,End_to_End,3,1,static,,omp,,,hype1,g++,-O3 -Wall -Wextra -std=c++17 -fopenmp -DOMP_EXPLICIT_SIMD=1,264.771273,937793859b387046,passed
layout-Gaussian_11x11-simd_omp-t1-r3-4000x3000.png,2026-09-19T18:14:29Z,4000x3000.png,Gaussian_11x11,3990,2990,AoS,Kernel,3,1,static,,omp,,,hype1,g++,-O3 -Wall -Wextra -std=c++17 -fopenmp -DOMP_EXPLICIT_SIMD=1,3059.364414,1e8adb9534bf99dc,passed
layout-Gaussian_11x11-simd_omp-t1-r3-4000x3000.png,2026-09-19T18:14:29Z,4000x3000.png,Gaussian_11x11,3990,2990,SoA,AoS_to_SoA,3,1,static,,omp,,,hype1,g++,-O3 -Wall -Wextra -std=c++17 -fopenmp -DOMP_EXPLICIT_SIMD=1,24.676227,1e8adb9534bf99dc,passed
layout-Gaussian_11x11-simd_omp-t1-r3-4000x3000.png,2026-09-19T18:14:29Z,4000x3000.png,Gaussian_11x11,3990,2990,SoA,Kernel,3,1,static,,omp,,,hype1,g++,-O3 -Wall -Wextra -std=c++17 -fopenmp -DOMP_EXPLICIT_SIMD=1,6195.127678,1e8adb9534bf99dc,passed
layout-Gaussian_11x11-simd_omp-t1-r3-4000x3000.png,2026-09-19T18:14:29Z,4000x3000.png,Gaussian_11x11,3990,2990,SoA,SoA_to_AoS,3,1,static,,omp,,,hype1,g++,-O3 -Wall -Wextra -std=c++17 -fopenmp -DOMP_EXPLICIT_SIMD=1,25.091118,1e8adb9534bf99dc,passed
layout-Gaussian_11x11-simd_omp-t1-r3-4000x3000.png,2026-09-19T18:14:29Z,4000x3000.png,Gaussian_11x11,3990,2990,SoA,End_to_End,3,1,static,,omp,,,hype1,g++,-O3 -Wall -Wextra -std=c++17 -fopenmp -DOMP_EXPLICIT_SIMD=1,6244.895023,1e8adb9534bf99dc,passed
layout-Gaussian_11x11-simd_omp-t1-r3-6000x6000.png,2026-09-19T18:15:09Z,6000x6000.png,Gaussian_11x11,5990,5990,AoS,Kernel,3,1,static,,omp,,,hype1,g++,-O3 -Wall -Wextra -std=c++17 -fopenmp -DOMP_EXPLICIT_SIMD=1,9200.106565,c923a906c8989668,passed
layout-Gaussian_11x11-simd_omp-t1-r3-6000x6000.png,2026-09-19T18:15:09Z,6000x6000.png,Gaussian_11x11,5990,5990,SoA,AoS_to_SoA,3,1,static,,omp,,,hype1,g++,-O3 -Wall -Wextra -std=c++17 -fopenmp -DOMP_EXPLICIT_SIMD=1,70.789302,c923a906c8989668,passed
layout-Gaussian_11x11-simd_omp-t1-r3-6000x6000.png,2026-09-19T18:15:09Z,6000x6000.png,Gaussian_11x11,5990,5990,SoA,Kernel,3,1,static,,omp,,,hype1,g++,-O3 -Wall -Wextra -std=c++17 -fopenmp -DOMP_EXPLICIT_SIMD=1,18600.531851,c923a906c8989668,passed
layout-Gaussian_11x11-simd_omp-t1-r3-6000x6000.png,2026-09-19T18:15:09Z,6000x6000.png,Gaussian_11x11,5990,5990,SoA,SoA_to_AoS,3,1,static,,omp,,,hype1,g++,-O3 -Wall -Wextra -std=c++17 -fopenmp -DOMP_EXPLICIT_SIMD=1,73.561138,c923a906c8989668,passed
layout-Gaussian_11x11-simd_omp-t1-r3-6000x6000.png,2026-09-19T18:15:09Z,6000x6000.png,Gaussian_11x11,5990,5990,SoA,End_to_End,3,1,static,,omp,,,hype1,g++,-O3 -Wall -Wextra -std=c++17 -fopenmp -DOMP_EXPLICIT_SIMD=1,18744.882291,c923a906c8989668,passed
layout-Grayscale-simd_omp-t1-r4-4000x3000.png,2026-09-19T18:15:09Z,4000x3000.png,Grayscale,4000,3000,AoS,Kernel,4,1,static,,omp,,,hype1,g++,-O3 -Wall -Wextra -std=c++17 -fopenmp -DOMP_EXPLICIT_SIMD=1,47.859494,00925fa85224b60c,passed
layout-Grayscale-simd_omp-t1-r4-4000x3000.png,2026-09-19T18:15:09Z,4000x3000.png,Grayscale,4000,3000,SoA,AoS_to_SoA,4,1,static,,omp,,,hype1,g++,-O3 -Wall -Wextra -std=c++17 -fopenmp -DOMP_EXPLICIT_SIMD=1,24.347469,00925fa85224b60c,passed
layout-Grayscale-simd_omp-t1-r4-4000x3000.png,2026-09-19T18:15:09Z,4000x3000.png,Grayscale,4000,3000,SoA,Kernel,4,1,static,,omp,,,hype1,g++,-O3 -Wall -Wextra -std=c++17 -fopenmp -DOMP_EXPLICIT_SIMD=1,41.266187,00925fa85224b60c,passed
layout-Grayscale-simd_omp-t1-r4-4000x3000.png,2026-09-19T18:15:09Z,4000x3000.png,Grayscale,4000,3000,SoA,SoA_to_AoS,4,1,static,,omp,,,hype1,g++,-O3 -Wall -Wextra -std=c++17 -fopenmp -DOMP_EXPLICIT_SIMD=1,25.537205,00925fa85224b60c,passed
layout-Grayscale-simd_omp-t1-r4-4000x3000.png,2026-09-19T18:15:09Z,4000x3000.png,Grayscale,4000,3000,SoA,End_to_End,4,1,static,,omp,,,hype1,g++,-O3 -Wall -Wextra -std=c++17 -fopenmp -DOMP_EXPLICIT_SIMD=1,91.150861,00925fa85224b60c,passed
layout-Grayscale-simd_omp-t1-r4-6000x6000.png,2026-09-19T18:15:12Z,6000x6000.png,Grayscale,6000,6000,AoS,Kernel,4,1,static,,omp,,,hype1,g++,-O3 -Wall -Wextra -std=c++17 -fopenmp -DOMP_EXPLICIT_SIMD=1,143.968330,937793859b387046,passed
layout-Grayscale-simd_omp-t1-r4-6000x6000.png,2026-09-19T18:15:12Z,6000x6000.png,Grayscale,6000,6000,SoA,AoS_to_SoA,4,1,static,,omp,,,hype1,g++,-O3 -Wall -Wextra -std=c++17 -fopenmp -DOMP_EXPLICIT_SIMD=1,70.657921,937793859b387046,passed
layout-Grayscale-simd_omp-t1-r4-6000x6000.png,2026-09-19T18:15:12Z,6000x6000.png,Grayscale,6000,6000,SoA,Kernel,4,1,static,,omp,,,hype1,g++,-O3 -Wall -Wextra -std=c++17 -fopenmp -DOMP_EXPLICIT_SIMD=1,115.504749,937793859b387046,passed
layout-Grayscale-simd_omp-t1-r4-6000x6000.png,2026-09-19T18:15:12Z,6000x6000.png,Grayscale,6000,6000,SoA,SoA_to_AoS,4,1,static,,omp,,,hype1,g++,-O3 -Wall -Wextra -std=c++17 -fopenmp -DOMP_EXPLICIT_SIMD=1,73.916310,937793859b387046,passed
layout-Grayscale-simd_omp-t1-r4-6000x6000.png,2026-09-19T18:15:12Z,6000x6000.png,Grayscale,6000,6000,SoA,End_to_End,4,1,static,,omp,,,hype1,g++,-O3 -Wall -Wextra -std=c++17 -fopenmp -DOMP_EXPLICIT_SIMD=1,260.078980,937793859b387046,passed
layout-Gaussian_11x11-simd_omp-t1-r4-4000x3000.png,2026-09-19T18:15:25Z,4000x3000.png,Gaussian_11x11,3990,2990,AoS,Kernel,4,1,static,,omp,,,hype1,g++,-O3 -Wall -Wextra -std=c++17 -fopenmp -DOMP_EXPLICIT_SIMD=1,3060.039935,1e8adb9534bf99dc,passed
layout-Gaussian_11x11-simd_omp-t1-r4-4000x3000.png,2026-09-19T18:15:25Z,4000x3000.png,Gaussian_11x11,3990,2990,SoA,AoS_to_SoA,4,1,static,,omp,,,hype1,g++,-O3 -Wall -Wextra -std=c++17 -fopenmp -DOMP_EXPLICIT_SIMD=1,23.777338,1e8adb9534bf99dc,passed
layout-Gaussian_11x11-simd_omp-t1-r4-4000x3000.png,2026-09-19T18:15:25Z,4000x3000.png,Gaussian_11x11,3990,2990,SoA,Kernel,4,1,static,,omp,,,hype1,g++,-O3 -Wall -Wextra -std=c++17 -fopenmp -DOMP_EXPLICIT_SIMD=1,6182.363934,1e8adb9534bf99dc,passed
layout-Gaussian_11x11-simd_omp-t1-r4-4000x3000.png,2026-09-19T18:15:25Z,4000x3000.png,Gaussian_11x11,3990,2990,SoA,SoA_to_AoS,4,1,static,,omp,,,hype1,g++,-O3 -Wall -Wextra -std=c++17 -fopenmp -DOMP_EXPLICIT_SIMD=1,24.786416,1e8adb9534bf99dc,passed
layout-Gaussian_11x11-simd_omp-t1-r4-4000x3000.png,2026-09-19T18:15:25Z,4000x3000.png,Gaussian_11x11,3990,2990,SoA,End_to_End,4,1,static,,omp,,,hype1,g++,-O3 -Wall -Wextra -std=c++17 -fopenmp -DOMP_EXPLICIT_SIMD=1,6230.927688,1e8adb9534bf99dc,passed
layout-Gaussian_11x11-simd_omp-t1-r4-6000x6000.png,2026-09-19T18:16:04Z,6000x6000.png,Gaussian_11x11,5990,5990,AoS,Kernel,4,1,static,,omp,,,hype1,g++,-O3 -Wall -Wextra -std=c++17 -fopenmp -DOMP_EXPLICIT_SIMD=1,9198.263477,c923a906c8989668,passed
layout-Gaussian_11x11-simd_omp-t1-r4-6000x6000.png,2026-09-19T18:16:04Z,6000x6000.png,Gaussian_11x11,5990,5990,SoA,AoS_to_SoA,4,1,static,,omp,,,hype1,g++,-O3 -Wall -Wextra -std=c++17 -fopenmp -DOMP_EXPLICIT_SIMD=1,70.855018,c923a906c8989668,passed
layout-Gaussian_11x11-simd_omp-t1-r4-6000x6000.png,2026-09-19T18:16:04Z,6000x6000.png,Gaussian_11x11,5990,5990,SoA,Kernel,4,1,static,,omp,,,hype1,g++,-O3 -Wall -Wextra -std=c++17 -fopenmp -DOMP_EXPLICIT_SIMD=1,18601.905363,c923a906c8989668,passed
layout-Gaussian_11x11-simd_omp-t1-r4-6000x6000.png,2026-09-19T18:16:04Z,6000x6000.png,Gaussian_11x11,5990,5990,SoA,SoA_to_AoS,4,1,static,,omp,,,hype1,g++,-O3 -Wall -Wextra -std=c++17 -fopenmp -DOMP_EXPLICIT_SIMD=1,73.774220,c923a906c8989668,passed
layout-Gaussian_11x11-simd_omp-t1-r4-6000x6000.png,2026-09-19T18:16:04Z,6000x6000.png,Gaussian_11x11,5990,5990,SoA,End_to_End,4,1,static,,omp,,,hype1,g++,-O3 -Wall -Wextra -std=c++17 -fopenmp -DOMP_EXPLICIT_SIMD=1,18746.534601,c923a906c8989668,passed
layout-Grayscale-simd_off-t1-r4-4000x3000.png,2026-09-19T18:16:05Z,4000x3000.png,Grayscale,4000,3000,AoS,Kernel,4,1,static,,off,,,hype1,g++,-O3 -Wall -Wextra -std=c++17 -fopenmp -DOMP_EXPLICIT_SIMD=0 -fno-tree-vectorize,46.484506,00925fa85224b60c,passed
layout-Grayscale-simd_off-t1-r4-4000x3000.png,2026-09-19T18:16:05Z,4000x3000.png,Grayscale,4000,3000,SoA,AoS_to_SoA,4,1,static,,off,,,hype1,g++,-O3 -Wall -Wextra -std=c++17 -fopenmp -DOMP_EXPLICIT_SIMD=0 -fno-tree-vectorize,24.984467,00925fa85224b60c,passed
layout-Grayscale-simd_off-t1-r4-4000x3000.png,2026-09-19T18:16:05Z,4000x3000.png,Grayscale,4000,3000,SoA,Kernel,4,1,static,,off,,,hype1,g++,-O3 -Wall -Wextra -std=c++17 -fopenmp -DOMP_EXPLICIT_SIMD=0 -fno-tree-vectorize,38.800320,00925fa85224b60c,passed
layout-Grayscale-simd_off-t1-r4-4000x3000.png,2026-09-19T18:16:05Z,4000x3000.png,Grayscale,4000,3000,SoA,SoA_to_AoS,4,1,static,,off,,,hype1,g++,-O3 -Wall -Wextra -std=c++17 -fopenmp -DOMP_EXPLICIT_SIMD=0 -fno-tree-vectorize,25.070108,00925fa85224b60c,passed
layout-Grayscale-simd_off-t1-r4-4000x3000.png,2026-09-19T18:16:05Z,4000x3000.png,Grayscale,4000,3000,SoA,End_to_End,4,1,static,,off,,,hype1,g++,-O3 -Wall -Wextra -std=c++17 -fopenmp -DOMP_EXPLICIT_SIMD=0 -fno-tree-vectorize,88.854895,00925fa85224b60c,passed
layout-Grayscale-simd_off-t1-r4-6000x6000.png,2026-09-19T18:16:07Z,6000x6000.png,Grayscale,6000,6000,AoS,Kernel,4,1,static,,off,,,hype1,g++,-O3 -Wall -Wextra -std=c++17 -fopenmp -DOMP_EXPLICIT_SIMD=0 -fno-tree-vectorize,138.541720,937793859b387046,passed
layout-Grayscale-simd_off-t1-r4-6000x6000.png,2026-09-19T18:16:07Z,6000x6000.png,Grayscale,6000,6000,SoA,AoS_to_SoA,4,1,static,,off,,,hype1,g++,-O3 -Wall -Wextra -std=c++17 -fopenmp -DOMP_EXPLICIT_SIMD=0 -fno-tree-vectorize,75.056259,937793859b387046,passed
layout-Grayscale-simd_off-t1-r4-6000x6000.png,2026-09-19T18:16:07Z,6000x6000.png,Grayscale,6000,6000,SoA,Kernel,4,1,static,,off,,,hype1,g++,-O3 -Wall -Wextra -std=c++17 -fopenmp -DOMP_EXPLICIT_SIMD=0 -fno-tree-vectorize,115.500495,937793859b387046,passed
layout-Grayscale-simd_off-t1-r4-6000x6000.png,2026-09-19T18:16:07Z,6000x6000.png,Grayscale,6000,6000,SoA,SoA_to_AoS,4,1,static,,off,,,hype1,g++,-O3 -Wall -Wextra -std=c++17 -fopenmp -DOMP_EXPLICIT_SIMD=0 -fno-tree-vectorize,74.348455,937793859b387046,passed
layout-Grayscale-simd_off-t1-r4-6000x6000.png,2026-09-19T18:16:07Z,6000x6000.png,Grayscale,6000,6000,SoA,End_to_End,4,1,static,,off,,,hype1,g++,-O3 -Wall -Wextra -std=c++17 -fopenmp -DOMP_EXPLICIT_SIMD=0 -fno-tree-vectorize,264.905209,937793859b387046,passed
layout-Gaussian_11x11-simd_off-t1-r4-4000x3000.png,2026-09-19T18:16:17Z,4000x3000.png,Gaussian_11x11,3990,2990,AoS,Kernel,4,1,static,,off,,,hype1,g++,-O3 -Wall -Wextra -std=c++17 -fopenmp -DOMP_EXPLICIT_SIMD=0 -fno-tree-vectorize,3061.529239,1e8adb9534bf99dc,passed
layout-Gaussian_11x11-simd_off-t1-r4-4000x3000.png,2026-09-19T18:16:17Z,4000x3000.png,Gaussian_11x11,3990,2990,SoA,AoS_to_SoA,4,1,static,,off,,,hype1,g++,-O3 -Wall -Wextra -std=c++17 -fopenmp -DOMP_EXPLICIT_SIMD=0 -fno-tree-vectorize,23.200491,1e8adb9534bf99dc,passed
layout-Gaussian_11x11-simd_off-t1-r4-4000x3000.png,2026-09-19T18:16:17Z,4000x3000.png,Gaussian_11x11,3990,2990,SoA,Kernel,4,1,static,,off,,,hype1,g++,-O3 -Wall -Wextra -std=c++17 -fopenmp -DOMP_EXPLICIT_SIMD=0 -fno-tree-vectorize,3067.306565,1e8adb9534bf99dc,passed
layout-Gaussian_11x11-simd_off-t1-r4-4000x3000.png,2026-09-19T18:16:17Z,4000x3000.png,Gaussian_11x11,3990,2990,SoA,SoA_to_AoS,4,1,static,,off,,,hype1,g++,-O3 -Wall -Wextra -std=c++17 -fopenmp -DOMP_EXPLICIT_SIMD=0 -fno-tree-vectorize,24.754153,1e8adb9534bf99dc,passed
layout-Gaussian_11x11-simd_off-t1-r4-4000x3000.png,2026-09-19T18:16:17Z,4000x3000.png,Gaussian_11x11,3990,2990,SoA,End_to_End,4,1,static,,off,,,hype1,g++,-O3 -Wall -Wextra -std=c++17 -fopenmp -DOMP_EXPLICIT_SIMD=0 -fno-tree-vectorize,3115.261209,1e8adb9534bf99dc,passed
layout-Gaussian_11x11-simd_off-t1-r4-6000x6000.png,2026-09-19T18:16:47Z,6000x6000.png,Gaussian_11x11,5990,5990,AoS,Kernel,4,1,static,,off,,,hype1,g++,-O3 -Wall -Wextra -std=c++17 -fopenmp -DOMP_EXPLICIT_SIMD=0 -fno-tree-vectorize,9203.968710,c923a906c8989668,passed
layout-Gaussian_11x11-simd_off-t1-r4-6000x6000.png,2026-09-19T18:16:47Z,6000x6000.png,Gaussian_11x11,5990,5990,SoA,AoS_to_SoA,4,1,static,,off,,,hype1,g++,-O3 -Wall -Wextra -std=c++17 -fopenmp -DOMP_EXPLICIT_SIMD=0 -fno-tree-vectorize,73.451307,c923a906c8989668,passed
layout-Gaussian_11x11-simd_off-t1-r4-6000x6000.png,2026-09-19T18:16:47Z,6000x6000.png,Gaussian_11x11,5990,5990,SoA,Kernel,4,1,static,,off,,,hype1,g++,-O3 -Wall -Wextra -std=c++17 -fopenmp -DOMP_EXPLICIT_SIMD=0 -fno-tree-vectorize,9225.864429,c923a906c8989668,passed
layout-Gaussian_11x11-simd_off-t1-r4-6000x6000.png,2026-09-19T18:16:47Z,6000x6000.png,Gaussian_11x11,5990,5990,SoA,SoA_to_AoS,4,1,static,,off,,,hype1,g++,-O3 -Wall -Wextra -std=c++17 -fopenmp -DOMP_EXPLICIT_SIMD=0 -fno-tree-vectorize,73.813137,c923a906c8989668,passed
layout-Gaussian_11x11-simd_off-t1-r4-6000x6000.png,2026-09-19T18:16:47Z,6000x6000.png,Gaussian_11x11,5990,5990,SoA,End_to_End,4,1,static,,off,,,hype1,g++,-O3 -Wall -Wextra -std=c++17 -fopenmp -DOMP_EXPLICIT_SIMD=0 -fno-tree-vectorize,9373.128873,c923a906c8989668,passed
layout-Grayscale-simd_off-t1-r5-4000x3000.png,2026-09-19T18:16:48Z,4000x3000.png,Grayscale,4000,3000,AoS,Kernel,5,1,static,,off,,,hype1,g++,-O3 -Wall -Wextra -std=c++17 -fopenmp -DOMP_EXPLICIT_SIMD=0 -fno-tree-vectorize,46.064805,00925fa85224b60c,passed
layout-Grayscale-simd_off-t1-r5-4000x3000.png,2026-09-19T18:16:48Z,4000x3000.png,Grayscale,4000,3000,SoA,AoS_to_SoA,5,1,static,,off,,,hype1,g++,-O3 -Wall -Wextra -std=c++17 -fopenmp -DOMP_EXPLICIT_SIMD=0 -fno-tree-vectorize,24.810806,00925fa85224b60c,passed
layout-Grayscale-simd_off-t1-r5-4000x3000.png,2026-09-19T18:16:48Z,4000x3000.png,Grayscale,4000,3000,SoA,Kernel,5,1,static,,off,,,hype1,g++,-O3 -Wall -Wextra -std=c++17 -fopenmp -DOMP_EXPLICIT_SIMD=0 -fno-tree-vectorize,38.377438,00925fa85224b60c,passed
layout-Grayscale-simd_off-t1-r5-4000x3000.png,2026-09-19T18:16:48Z,4000x3000.png,Grayscale,4000,3000,SoA,SoA_to_AoS,5,1,static,,off,,,hype1,g++,-O3 -Wall -Wextra -std=c++17 -fopenmp -DOMP_EXPLICIT_SIMD=0 -fno-tree-vectorize,25.397749,00925fa85224b60c,passed
layout-Grayscale-simd_off-t1-r5-4000x3000.png,2026-09-19T18:16:48Z,4000x3000.png,Grayscale,4000,3000,SoA,End_to_End,5,1,static,,off,,,hype1,g++,-O3 -Wall -Wextra -std=c++17 -fopenmp -DOMP_EXPLICIT_SIMD=0 -fno-tree-vectorize,88.585993,00925fa85224b60c,passed
layout-Grayscale-simd_off-t1-r5-6000x6000.png,2026-09-19T18:16:50Z,6000x6000.png,Grayscale,6000,6000,AoS,Kernel,5,1,static,,off,,,hype1,g++,-O3 -Wall -Wextra -std=c++17 -fopenmp -DOMP_EXPLICIT_SIMD=0 -fno-tree-vectorize,138.504815,937793859b387046,passed
layout-Grayscale-simd_off-t1-r5-6000x6000.png,2026-09-19T18:16:50Z,6000x6000.png,Grayscale,6000,6000,SoA,AoS_to_SoA,5,1,static,,off,,,hype1,g++,-O3 -Wall -Wextra -std=c++17 -fopenmp -DOMP_EXPLICIT_SIMD=0 -fno-tree-vectorize,74.065253,937793859b387046,passed
layout-Grayscale-simd_off-t1-r5-6000x6000.png,2026-09-19T18:16:50Z,6000x6000.png,Grayscale,6000,6000,SoA,Kernel,5,1,static,,off,,,hype1,g++,-O3 -Wall -Wextra -std=c++17 -fopenmp -DOMP_EXPLICIT_SIMD=0 -fno-tree-vectorize,115.543217,937793859b387046,passed
layout-Grayscale-simd_off-t1-r5-6000x6000.png,2026-09-19T18:16:50Z,6000x6000.png,Grayscale,6000,6000,SoA,SoA_to_AoS,5,1,static,,off,,,hype1,g++,-O3 -Wall -Wextra -std=c++17 -fopenmp -DOMP_EXPLICIT_SIMD=0 -fno-tree-vectorize,74.055441,937793859b387046,passed
layout-Grayscale-simd_off-t1-r5-6000x6000.png,2026-09-19T18:16:50Z,6000x6000.png,Grayscale,6000,6000,SoA,End_to_End,5,1,static,,off,,,hype1,g++,-O3 -Wall -Wextra -std=c++17 -fopenmp -DOMP_EXPLICIT_SIMD=0 -fno-tree-vectorize,263.663911,937793859b387046,passed
layout-Gaussian_11x11-simd_off-t1-r5-4000x3000.png,2026-09-19T18:17:00Z,4000x3000.png,Gaussian_11x11,3990,2990,AoS,Kernel,5,1,static,,off,,,hype1,g++,-O3 -Wall -Wextra -std=c++17 -fopenmp -DOMP_EXPLICIT_SIMD=0 -fno-tree-vectorize,3069.854931,1e8adb9534bf99dc,passed
layout-Gaussian_11x11-simd_off-t1-r5-4000x3000.png,2026-09-19T18:17:00Z,4000x3000.png,Gaussian_11x11,3990,2990,SoA,AoS_to_SoA,5,1,static,,off,,,hype1,g++,-O3 -Wall -Wextra -std=c++17 -fopenmp -DOMP_EXPLICIT_SIMD=0 -fno-tree-vectorize,23.573035,1e8adb9534bf99dc,passed
layout-Gaussian_11x11-simd_off-t1-r5-4000x3000.png,2026-09-19T18:17:00Z,4000x3000.png,Gaussian_11x11,3990,2990,SoA,Kernel,5,1,static,,off,,,hype1,g++,-O3 -Wall -Wextra -std=c++17 -fopenmp -DOMP_EXPLICIT_SIMD=0 -fno-tree-vectorize,3072.462309,1e8adb9534bf99dc,passed
layout-Gaussian_11x11-simd_off-t1-r5-4000x3000.png,2026-09-19T18:17:00Z,4000x3000.png,Gaussian_11x11,3990,2990,SoA,SoA_to_AoS,5,1,static,,off,,,hype1,g++,-O3 -Wall -Wextra -std=c++17 -fopenmp -DOMP_EXPLICIT_SIMD=0 -fno-tree-vectorize,24.749150,1e8adb9534bf99dc,passed
layout-Gaussian_11x11-simd_off-t1-r5-4000x3000.png,2026-09-19T18:17:00Z,4000x3000.png,Gaussian_11x11,3990,2990,SoA,End_to_End,5,1,static,,off,,,hype1,g++,-O3 -Wall -Wextra -std=c++17 -fopenmp -DOMP_EXPLICIT_SIMD=0 -fno-tree-vectorize,3120.784494,1e8adb9534bf99dc,passed
layout-Gaussian_11x11-simd_off-t1-r5-6000x6000.png,2026-09-19T18:17:31Z,6000x6000.png,Gaussian_11x11,5990,5990,AoS,Kernel,5,1,static,,off,,,hype1,g++,-O3 -Wall -Wextra -std=c++17 -fopenmp -DOMP_EXPLICIT_SIMD=0 -fno-tree-vectorize,9197.708024,c923a906c8989668,passed
layout-Gaussian_11x11-simd_off-t1-r5-6000x6000.png,2026-09-19T18:17:31Z,6000x6000.png,Gaussian_11x11,5990,5990,SoA,AoS_to_SoA,5,1,static,,off,,,hype1,g++,-O3 -Wall -Wextra -std=c++17 -fopenmp -DOMP_EXPLICIT_SIMD=0 -fno-tree-vectorize,74.872993,c923a906c8989668,passed
layout-Gaussian_11x11-simd_off-t1-r5-6000x6000.png,2026-09-19T18:17:31Z,6000x6000.png,Gaussian_11x11,5990,5990,SoA,Kernel,5,1,static,,off,,,hype1,g++,-O3 -Wall -Wextra -std=c++17 -fopenmp -DOMP_EXPLICIT_SIMD=0 -fno-tree-vectorize,9229.407109,c923a906c8989668,passed
layout-Gaussian_11x11-simd_off-t1-r5-6000x6000.png,2026-09-19T18:17:31Z,6000x6000.png,Gaussian_11x11,5990,5990,SoA,SoA_to_AoS,5,1,static,,off,,,hype1,g++,-O3 -Wall -Wextra -std=c++17 -fopenmp -DOMP_EXPLICIT_SIMD=0 -fno-tree-vectorize,73.523515,c923a906c8989668,passed
layout-Gaussian_11x11-simd_off-t1-r5-6000x6000.png,2026-09-19T18:17:31Z,6000x6000.png,Gaussian_11x11,5990,5990,SoA,End_to_End,5,1,static,,off,,,hype1,g++,-O3 -Wall -Wextra -std=c++17 -fopenmp -DOMP_EXPLICIT_SIMD=0 -fno-tree-vectorize,9377.803617,c923a906c8989668,passed
layout-Grayscale-simd_omp-t1-r5-4000x3000.png,2026-09-19T18:17:31Z,4000x3000.png,Grayscale,4000,3000,AoS,Kernel,5,1,static,,omp,,,hype1,g++,-O3 -Wall -Wextra -std=c++17 -fopenmp -DOMP_EXPLICIT_SIMD=1,48.247342,00925fa85224b60c,passed
layout-Grayscale-simd_omp-t1-r5-4000x3000.png,2026-09-19T18:17:31Z,4000x3000.png,Grayscale,4000,3000,SoA,AoS_to_SoA,5,1,static,,omp,,,hype1,g++,-O3 -Wall -Wextra -std=c++17 -fopenmp -DOMP_EXPLICIT_SIMD=1,24.719274,00925fa85224b60c,passed
layout-Grayscale-simd_omp-t1-r5-4000x3000.png,2026-09-19T18:17:31Z,4000x3000.png,Grayscale,4000,3000,SoA,Kernel,5,1,static,,omp,,,hype1,g++,-O3 -Wall -Wextra -std=c++17 -fopenmp -DOMP_EXPLICIT_SIMD=1,38.452792,00925fa85224b60c,passed
layout-Grayscale-simd_omp-t1-r5-4000x3000.png,2026-09-19T18:17:31Z,4000x3000.png,Grayscale,4000,3000,SoA,SoA_to_AoS,5,1,static,,omp,,,hype1,g++,-O3 -Wall -Wextra -std=c++17 -fopenmp -DOMP_EXPLICIT_SIMD=1,25.374676,00925fa85224b60c,passed
layout-Grayscale-simd_omp-t1-r5-4000x3000.png,2026-09-19T18:17:31Z,4000x3000.png,Grayscale,4000,3000,SoA,End_to_End,5,1,static,,omp,,,hype1,g++,-O3 -Wall -Wextra -std=c++17 -fopenmp -DOMP_EXPLICIT_SIMD=1,88.546742,00925fa85224b60c,passed
layout-Grayscale-simd_omp-t1-r5-6000x6000.png,2026-09-19T18:17:33Z,6000x6000.png,Grayscale,6000,6000,AoS,Kernel,5,1,static,,omp,,,hype1,g++,-O3 -Wall -Wextra -std=c++17 -fopenmp -DOMP_EXPLICIT_SIMD=1,143.907608,937793859b387046,passed
layout-Grayscale-simd_omp-t1-r5-6000x6000.png,2026-09-19T18:17:33Z,6000x6000.png,Grayscale,6000,6000,SoA,AoS_to_SoA,5,1,static,,omp,,,hype1,g++,-O3 -Wall -Wextra -std=c++17 -fopenmp -DOMP_EXPLICIT_SIMD=1,73.652410,937793859b387046,passed
layout-Grayscale-simd_omp-t1-r5-6000x6000.png,2026-09-19T18:17:33Z,6000x6000.png,Grayscale,6000,6000,SoA,Kernel,5,1,static,,omp,,,hype1,g++,-O3 -Wall -Wextra -std=c++17 -fopenmp -DOMP_EXPLICIT_SIMD=1,116.477056,937793859b387046,passed
layout-Grayscale-simd_omp-t1-r5-6000x6000.png,2026-09-19T18:17:33Z,6000x6000.png,Grayscale,6000,6000,SoA,SoA_to_AoS,5,1,static,,omp,,,hype1,g++,-O3 -Wall -Wextra -std=c++17 -fopenmp -DOMP_EXPLICIT_SIMD=1,74.081263,937793859b387046,passed
layout-Grayscale-simd_omp-t1-r5-6000x6000.png,2026-09-19T18:17:33Z,6000x6000.png,Grayscale,6000,6000,SoA,End_to_End,5,1,static,,omp,,,hype1,g++,-O3 -Wall -Wextra -std=c++17 -fopenmp -DOMP_EXPLICIT_SIMD=1,264.210729,937793859b387046,passed
layout-Gaussian_11x11-simd_omp-t1-r5-4000x3000.png,2026-09-19T18:17:47Z,4000x3000.png,Gaussian_11x11,3990,2990,AoS,Kernel,5,1,static,,omp,,,hype1,g++,-O3 -Wall -Wextra -std=c++17 -fopenmp -DOMP_EXPLICIT_SIMD=1,3064.726646,1e8adb9534bf99dc,passed
layout-Gaussian_11x11-simd_omp-t1-r5-4000x3000.png,2026-09-19T18:17:47Z,4000x3000.png,Gaussian_11x11,3990,2990,SoA,AoS_to_SoA,5,1,static,,omp,,,hype1,g++,-O3 -Wall -Wextra -std=c++17 -fopenmp -DOMP_EXPLICIT_SIMD=1,24.594002,1e8adb9534bf99dc,passed
layout-Gaussian_11x11-simd_omp-t1-r5-4000x3000.png,2026-09-19T18:17:47Z,4000x3000.png,Gaussian_11x11,3990,2990,SoA,Kernel,5,1,static,,omp,,,hype1,g++,-O3 -Wall -Wextra -std=c++17 -fopenmp -DOMP_EXPLICIT_SIMD=1,6182.921864,1e8adb9534bf99dc,passed
layout-Gaussian_11x11-simd_omp-t1-r5-4000x3000.png,2026-09-19T18:17:47Z,4000x3000.png,Gaussian_11x11,3990,2990,SoA,SoA_to_AoS,5,1,static,,omp,,,hype1,g++,-O3 -Wall -Wextra -std=c++17 -fopenmp -DOMP_EXPLICIT_SIMD=1,25.101032,1e8adb9534bf99dc,passed
layout-Gaussian_11x11-simd_omp-t1-r5-4000x3000.png,2026-09-19T18:17:47Z,4000x3000.png,Gaussian_11x11,3990,2990,SoA,End_to_End,5,1,static,,omp,,,hype1,g++,-O3 -Wall -Wextra -std=c++17 -fopenmp -DOMP_EXPLICIT_SIMD=1,6232.616898,1e8adb9534bf99dc,passed
layout-Gaussian_11x11-simd_omp-t1-r5-6000x6000.png,2026-09-19T18:18:26Z,6000x6000.png,Gaussian_11x11,5990,5990,AoS,Kernel,5,1,static,,omp,,,hype1,g++,-O3 -Wall -Wextra -std=c++17 -fopenmp -DOMP_EXPLICIT_SIMD=1,9206.647108,c923a906c8989668,passed
layout-Gaussian_11x11-simd_omp-t1-r5-6000x6000.png,2026-09-19T18:18:26Z,6000x6000.png,Gaussian_11x11,5990,5990,SoA,AoS_to_SoA,5,1,static,,omp,,,hype1,g++,-O3 -Wall -Wextra -std=c++17 -fopenmp -DOMP_EXPLICIT_SIMD=1,75.187953,c923a906c8989668,passed
layout-Gaussian_11x11-simd_omp-t1-r5-6000x6000.png,2026-09-19T18:18:26Z,6000x6000.png,Gaussian_11x11,5990,5990,SoA,Kernel,5,1,static,,omp,,,hype1,g++,-O3 -Wall -Wextra -std=c++17 -fopenmp -DOMP_EXPLICIT_SIMD=1,18591.096856,c923a906c8989668,passed
layout-Gaussian_11x11-simd_omp-t1-r5-6000x6000.png,2026-09-19T18:18:26Z,6000x6000.png,Gaussian_11x11,5990,5990,SoA,SoA_to_AoS,5,1,static,,omp,,,hype1,g++,-O3 -Wall -Wextra -std=c++17 -fopenmp -DOMP_EXPLICIT_SIMD=1,74.013612,c923a906c8989668,passed
layout-Gaussian_11x11-simd_omp-t1-r5-6000x6000.png,2026-09-19T18:18:26Z,6000x6000.png,Gaussian_11x11,5990,5990,SoA,End_to_End,5,1,static,,omp,,,hype1,g++,-O3 -Wall -Wextra -std=c++17 -fopenmp -DOMP_EXPLICIT_SIMD=1,18740.298421,c923a906c8989668,passed
layout-Grayscale-simd_off-t2-r1-4000x3000.png,2026-09-19T18:19:21Z,4000x3000.png,Grayscale,4000,3000,AoS,Kernel,1,2,static,,off,,,hype1,g++,-O3 -Wall -Wextra -std=c++17 -fopenmp -DOMP_EXPLICIT_SIMD=0 -fno-tree-vectorize,24.525336,00925fa85224b60c,passed
layout-Grayscale-simd_off-t2-r1-4000x3000.png,2026-09-19T18:19:21Z,4000x3000.png,Grayscale,4000,3000,SoA,AoS_to_SoA,1,2,static,,off,,,hype1,g++,-O3 -Wall -Wextra -std=c++17 -fopenmp -DOMP_EXPLICIT_SIMD=0 -fno-tree-vectorize,11.831407,00925fa85224b60c,passed
layout-Grayscale-simd_off-t2-r1-4000x3000.png,2026-09-19T18:19:21Z,4000x3000.png,Grayscale,4000,3000,SoA,Kernel,1,2,static,,off,,,hype1,g++,-O3 -Wall -Wextra -std=c++17 -fopenmp -DOMP_EXPLICIT_SIMD=0 -fno-tree-vectorize,19.790739,00925fa85224b60c,passed
layout-Grayscale-simd_off-t2-r1-4000x3000.png,2026-09-19T18:19:21Z,4000x3000.png,Grayscale,4000,3000,SoA,SoA_to_AoS,1,2,static,,off,,,hype1,g++,-O3 -Wall -Wextra -std=c++17 -fopenmp -DOMP_EXPLICIT_SIMD=0 -fno-tree-vectorize,13.396818,00925fa85224b60c,passed
layout-Grayscale-simd_off-t2-r1-4000x3000.png,2026-09-19T18:19:21Z,4000x3000.png,Grayscale,4000,3000,SoA,End_to_End,1,2,static,,off,,,hype1,g++,-O3 -Wall -Wextra -std=c++17 -fopenmp -DOMP_EXPLICIT_SIMD=0 -fno-tree-vectorize,45.018964,00925fa85224b60c,passed
layout-Grayscale-simd_off-t2-r1-6000x6000.png,2026-09-19T18:19:23Z,6000x6000.png,Grayscale,6000,6000,AoS,Kernel,1,2,static,,off,,,hype1,g++,-O3 -Wall -Wextra -std=c++17 -fopenmp -DOMP_EXPLICIT_SIMD=0 -fno-tree-vectorize,72.585888,937793859b387046,passed
layout-Grayscale-simd_off-t2-r1-6000x6000.png,2026-09-19T18:19:23Z,6000x6000.png,Grayscale,6000,6000,SoA,AoS_to_SoA,1,2,static,,off,,,hype1,g++,-O3 -Wall -Wextra -std=c++17 -fopenmp -DOMP_EXPLICIT_SIMD=0 -fno-tree-vectorize,35.437378,937793859b387046,passed
layout-Grayscale-simd_off-t2-r1-6000x6000.png,2026-09-19T18:19:23Z,6000x6000.png,Grayscale,6000,6000,SoA,Kernel,1,2,static,,off,,,hype1,g++,-O3 -Wall -Wextra -std=c++17 -fopenmp -DOMP_EXPLICIT_SIMD=0 -fno-tree-vectorize,60.387279,937793859b387046,passed
layout-Grayscale-simd_off-t2-r1-6000x6000.png,2026-09-19T18:19:23Z,6000x6000.png,Grayscale,6000,6000,SoA,SoA_to_AoS,1,2,static,,off,,,hype1,g++,-O3 -Wall -Wextra -std=c++17 -fopenmp -DOMP_EXPLICIT_SIMD=0 -fno-tree-vectorize,39.068659,937793859b387046,passed
layout-Grayscale-simd_off-t2-r1-6000x6000.png,2026-09-19T18:19:23Z,6000x6000.png,Grayscale,6000,6000,SoA,End_to_End,1,2,static,,off,,,hype1,g++,-O3 -Wall -Wextra -std=c++17 -fopenmp -DOMP_EXPLICIT_SIMD=0 -fno-tree-vectorize,134.893316,937793859b387046,passed
layout-Gaussian_11x11-simd_off-t2-r1-4000x3000.png,2026-09-19T18:19:29Z,4000x3000.png,Gaussian_11x11,3990,2990,AoS,Kernel,1,2,static,,off,,,hype1,g++,-O3 -Wall -Wextra -std=c++17 -fopenmp -DOMP_EXPLICIT_SIMD=0 -fno-tree-vectorize,1559.443542,1e8adb9534bf99dc,passed
layout-Gaussian_11x11-simd_off-t2-r1-4000x3000.png,2026-09-19T18:19:29Z,4000x3000.png,Gaussian_11x11,3990,2990,SoA,AoS_to_SoA,1,2,static,,off,,,hype1,g++,-O3 -Wall -Wextra -std=c++17 -fopenmp -DOMP_EXPLICIT_SIMD=0 -fno-tree-vectorize,12.313429,1e8adb9534bf99dc,passed
layout-Gaussian_11x11-simd_off-t2-r1-4000x3000.png,2026-09-19T18:19:29Z,4000x3000.png,Gaussian_11x11,3990,2990,SoA,Kernel,1,2,static,,off,,,hype1,g++,-O3 -Wall -Wextra -std=c++17 -fopenmp -DOMP_EXPLICIT_SIMD=0 -fno-tree-vectorize,1541.392160,1e8adb9534bf99dc,passed
layout-Gaussian_11x11-simd_off-t2-r1-4000x3000.png,2026-09-19T18:19:29Z,4000x3000.png,Gaussian_11x11,3990,2990,SoA,SoA_to_AoS,1,2,static,,off,,,hype1,g++,-O3 -Wall -Wextra -std=c++17 -fopenmp -DOMP_EXPLICIT_SIMD=0 -fno-tree-vectorize,12.627780,1e8adb9534bf99dc,passed
layout-Gaussian_11x11-simd_off-t2-r1-4000x3000.png,2026-09-19T18:19:29Z,4000x3000.png,Gaussian_11x11,3990,2990,SoA,End_to_End,1,2,static,,off,,,hype1,g++,-O3 -Wall -Wextra -std=c++17 -fopenmp -DOMP_EXPLICIT_SIMD=0 -fno-tree-vectorize,1566.333369,1e8adb9534bf99dc,passed
layout-Gaussian_11x11-simd_off-t2-r1-6000x6000.png,2026-09-19T18:19:45Z,6000x6000.png,Gaussian_11x11,5990,5990,AoS,Kernel,1,2,static,,off,,,hype1,g++,-O3 -Wall -Wextra -std=c++17 -fopenmp -DOMP_EXPLICIT_SIMD=0 -fno-tree-vectorize,4613.824843,c923a906c8989668,passed
layout-Gaussian_11x11-simd_off-t2-r1-6000x6000.png,2026-09-19T18:19:45Z,6000x6000.png,Gaussian_11x11,5990,5990,SoA,AoS_to_SoA,1,2,static,,off,,,hype1,g++,-O3 -Wall -Wextra -std=c++17 -fopenmp -DOMP_EXPLICIT_SIMD=0 -fno-tree-vectorize,35.134161,c923a906c8989668,passed
layout-Gaussian_11x11-simd_off-t2-r1-6000x6000.png,2026-09-19T18:19:45Z,6000x6000.png,Gaussian_11x11,5990,5990,SoA,Kernel,1,2,static,,off,,,hype1,g++,-O3 -Wall -Wextra -std=c++17 -fopenmp -DOMP_EXPLICIT_SIMD=0 -fno-tree-vectorize,4623.689517,c923a906c8989668,passed
layout-Gaussian_11x11-simd_off-t2-r1-6000x6000.png,2026-09-19T18:19:45Z,6000x6000.png,Gaussian_11x11,5990,5990,SoA,SoA_to_AoS,1,2,static,,off,,,hype1,g++,-O3 -Wall -Wextra -std=c++17 -fopenmp -DOMP_EXPLICIT_SIMD=0 -fno-tree-vectorize,37.326087,c923a906c8989668,passed
layout-Gaussian_11x11-simd_off-t2-r1-6000x6000.png,2026-09-19T18:19:45Z,6000x6000.png,Gaussian_11x11,5990,5990,SoA,End_to_End,1,2,static,,off,,,hype1,g++,-O3 -Wall -Wextra -std=c++17 -fopenmp -DOMP_EXPLICIT_SIMD=0 -fno-tree-vectorize,4696.149765,c923a906c8989668,passed
layout-Grayscale-simd_omp-t2-r1-4000x3000.png,2026-09-19T18:19:46Z,4000x3000.png,Grayscale,4000,3000,AoS,Kernel,1,2,static,,omp,,,hype1,g++,-O3 -Wall -Wextra -std=c++17 -fopenmp -DOMP_EXPLICIT_SIMD=1,25.309010,00925fa85224b60c,passed
layout-Grayscale-simd_omp-t2-r1-4000x3000.png,2026-09-19T18:19:46Z,4000x3000.png,Grayscale,4000,3000,SoA,AoS_to_SoA,1,2,static,,omp,,,hype1,g++,-O3 -Wall -Wextra -std=c++17 -fopenmp -DOMP_EXPLICIT_SIMD=1,12.074226,00925fa85224b60c,passed
layout-Grayscale-simd_omp-t2-r1-4000x3000.png,2026-09-19T18:19:46Z,4000x3000.png,Grayscale,4000,3000,SoA,Kernel,1,2,static,,omp,,,hype1,g++,-O3 -Wall -Wextra -std=c++17 -fopenmp -DOMP_EXPLICIT_SIMD=1,19.703309,00925fa85224b60c,passed
layout-Grayscale-simd_omp-t2-r1-4000x3000.png,2026-09-19T18:19:46Z,4000x3000.png,Grayscale,4000,3000,SoA,SoA_to_AoS,1,2,static,,omp,,,hype1,g++,-O3 -Wall -Wextra -std=c++17 -fopenmp -DOMP_EXPLICIT_SIMD=1,12.858579,00925fa85224b60c,passed
layout-Grayscale-simd_omp-t2-r1-4000x3000.png,2026-09-19T18:19:46Z,4000x3000.png,Grayscale,4000,3000,SoA,End_to_End,1,2,static,,omp,,,hype1,g++,-O3 -Wall -Wextra -std=c++17 -fopenmp -DOMP_EXPLICIT_SIMD=1,44.636114,00925fa85224b60c,passed
layout-Grayscale-simd_omp-t2-r1-6000x6000.png,2026-09-19T18:19:48Z,6000x6000.png,Grayscale,6000,6000,AoS,Kernel,1,2,static,,omp,,,hype1,g++,-O3 -Wall -Wextra -std=c++17 -fopenmp -DOMP_EXPLICIT_SIMD=1,74.653684,937793859b387046,passed
layout-Grayscale-simd_omp-t2-r1-6000x6000.png,2026-09-19T18:19:48Z,6000x6000.png,Grayscale,6000,6000,SoA,AoS_to_SoA,1,2,static,,omp,,,hype1,g++,-O3 -Wall -Wextra -std=c++17 -fopenmp -DOMP_EXPLICIT_SIMD=1,35.046106,937793859b387046,passed
layout-Grayscale-simd_omp-t2-r1-6000x6000.png,2026-09-19T18:19:48Z,6000x6000.png,Grayscale,6000,6000,SoA,Kernel,1,2,static,,omp,,,hype1,g++,-O3 -Wall -Wextra -std=c++17 -fopenmp -DOMP_EXPLICIT_SIMD=1,59.091301,937793859b387046,passed
layout-Grayscale-simd_omp-t2-r1-6000x6000.png,2026-09-19T18:19:48Z,6000x6000.png,Grayscale,6000,6000,SoA,SoA_to_AoS,1,2,static,,omp,,,hype1,g++,-O3 -Wall -Wextra -std=c++17 -fopenmp -DOMP_EXPLICIT_SIMD=1,37.421660,937793859b387046,passed
layout-Grayscale-simd_omp-t2-r1-6000x6000.png,2026-09-19T18:19:48Z,6000x6000.png,Grayscale,6000,6000,SoA,End_to_End,1,2,static,,omp,,,hype1,g++,-O3 -Wall -Wextra -std=c++17 -fopenmp -DOMP_EXPLICIT_SIMD=1,131.559067,937793859b387046,passed
layout-Gaussian_11x11-simd_omp-t2-r1-4000x3000.png,2026-09-19T18:19:54Z,4000x3000.png,Gaussian_11x11,3990,2990,AoS,Kernel,1,2,static,,omp,,,hype1,g++,-O3 -Wall -Wextra -std=c++17 -fopenmp -DOMP_EXPLICIT_SIMD=1,1533.889532,1e8adb9534bf99dc,passed
layout-Gaussian_11x11-simd_omp-t2-r1-4000x3000.png,2026-09-19T18:19:54Z,4000x3000.png,Gaussian_11x11,3990,2990,SoA,AoS_to_SoA,1,2,static,,omp,,,hype1,g++,-O3 -Wall -Wextra -std=c++17 -fopenmp -DOMP_EXPLICIT_SIMD=1,11.820788,1e8adb9534bf99dc,passed
layout-Gaussian_11x11-simd_omp-t2-r1-4000x3000.png,2026-09-19T18:19:54Z,4000x3000.png,Gaussian_11x11,3990,2990,SoA,Kernel,1,2,static,,omp,,,hype1,g++,-O3 -Wall -Wextra -std=c++17 -fopenmp -DOMP_EXPLICIT_SIMD=1,3102.921946,1e8adb9534bf99dc,passed
layout-Gaussian_11x11-simd_omp-t2-r1-4000x3000.png,2026-09-19T18:19:54Z,4000x3000.png,Gaussian_11x11,3990,2990,SoA,SoA_to_AoS,1,2,static,,omp,,,hype1,g++,-O3 -Wall -Wextra -std=c++17 -fopenmp -DOMP_EXPLICIT_SIMD=1,12.544346,1e8adb9534bf99dc,passed
layout-Gaussian_11x11-simd_omp-t2-r1-4000x3000.png,2026-09-19T18:19:54Z,4000x3000.png,Gaussian_11x11,3990,2990,SoA,End_to_End,1,2,static,,omp,,,hype1,g++,-O3 -Wall -Wextra -std=c++17 -fopenmp -DOMP_EXPLICIT_SIMD=1,3127.287080,1e8adb9534bf99dc,passed
layout-Gaussian_11x11-simd_omp-t2-r1-6000x6000.png,2026-09-19T18:20:15Z,6000x6000.png,Gaussian_11x11,5990,5990,AoS,Kernel,1,2,static,,omp,,,hype1,g++,-O3 -Wall -Wextra -std=c++17 -fopenmp -DOMP_EXPLICIT_SIMD=1,4604.511125,c923a906c8989668,passed
layout-Gaussian_11x11-simd_omp-t2-r1-6000x6000.png,2026-09-19T18:20:15Z,6000x6000.png,Gaussian_11x11,5990,5990,SoA,AoS_to_SoA,1,2,static,,omp,,,hype1,g++,-O3 -Wall -Wextra -std=c++17 -fopenmp -DOMP_EXPLICIT_SIMD=1,37.045799,c923a906c8989668,passed
layout-Gaussian_11x11-simd_omp-t2-r1-6000x6000.png,2026-09-19T18:20:15Z,6000x6000.png,Gaussian_11x11,5990,5990,SoA,Kernel,1,2,static,,omp,,,hype1,g++,-O3 -Wall -Wextra -std=c++17 -fopenmp -DOMP_EXPLICIT_SIMD=1,9330.034668,c923a906c8989668,passed
layout-Gaussian_11x11-simd_omp-t2-r1-6000x6000.png,2026-09-19T18:20:15Z,6000x6000.png,Gaussian_11x11,5990,5990,SoA,SoA_to_AoS,1,2,static,,omp,,,hype1,g++,-O3 -Wall -Wextra -std=c++17 -fopenmp -DOMP_EXPLICIT_SIMD=1,37.799832,c923a906c8989668,passed
layout-Gaussian_11x11-simd_omp-t2-r1-6000x6000.png,2026-09-19T18:20:15Z,6000x6000.png,Gaussian_11x11,5990,5990,SoA,End_to_End,1,2,static,,omp,,,hype1,g++,-O3 -Wall -Wextra -std=c++17 -fopenmp -DOMP_EXPLICIT_SIMD=1,9404.880299,c923a906c8989668,passed
layout-Grayscale-simd_omp-t2-r2-4000x3000.png,2026-09-19T18:20:16Z,4000x3000.png,Grayscale,4000,3000,AoS,Kernel,2,2,static,,omp,,,hype1,g++,-O3 -Wall -Wextra -std=c++17 -fopenmp -DOMP_EXPLICIT_SIMD=1,26.370340,00925fa85224b60c,passed
layout-Grayscale-simd_omp-t2-r2-4000x3000.png,2026-09-19T18:20:16Z,4000x3000.png,Grayscale,4000,3000,SoA,AoS_to_SoA,2,2,static,,omp,,,hype1,g++,-O3 -Wall -Wextra -std=c++17 -fopenmp -DOMP_EXPLICIT_SIMD=1,12.902920,00925fa85224b60c,passed
layout-Grayscale-simd_omp-t2-r2-4000x3000.png,2026-09-19T18:20:16Z,4000x3000.png,Grayscale,4000,3000,SoA,Kernel,2,2,static,,omp,,,hype1,g++,-O3 -Wall -Wextra -std=c++17 -fopenmp -DOMP_EXPLICIT_SIMD=1,19.862471,00925fa85224b60c,passed
layout-Grayscale-simd_omp-t2-r2-4000x3000.png,2026-09-19T18:20:16Z,4000x3000.png,Grayscale,4000,3000,SoA,SoA_to_AoS,2,2,static,,omp,,,hype1,g++,-O3 -Wall -Wextra -std=c++17 -fopenmp -DOMP_EXPLICIT_SIMD=1,12.255244,00925fa85224b60c,passed
layout-Grayscale-simd_omp-t2-r2-4000x3000.png,2026-09-19T18:20:16Z,4000x3000.png,Grayscale,4000,3000,SoA,End_to_End,2,2,static,,omp,,,hype1,g++,-O3 -Wall -Wextra -std=c++17 -fopenmp -DOMP_EXPLICIT_SIMD=1,45.020635,00925fa85224b60c,passed
layout-Grayscale-simd_omp-t2-r2-6000x6000.png,2026-09-19T18:20:18Z,6000x6000.png,Grayscale,6000,6000,AoS,Kernel,2,2,static,,omp,,,hype1,g++,-O3 -Wall -Wextra -std=c++17 -fopenmp -DOMP_EXPLICIT_SIMD=1,74.552329,937793859b387046,passed
layout-Grayscale-simd_omp-t2-r2-6000x6000.png,2026-09-19T18:20:18Z,6000x6000.png,Grayscale,6000,6000,SoA,AoS_to_SoA,2,2,static,,omp,,,hype1,g++,-O3 -Wall -Wextra -std=c++17 -fopenmp -DOMP_EXPLICIT_SIMD=1,36.913692,937793859b387046,passed
layout-Grayscale-simd_omp-t2-r2-6000x6000.png,2026-09-19T18:20:18Z,6000x6000.png,Grayscale,6000,6000,SoA,Kernel,2,2,static,,omp,,,hype1,g++,-O3 -Wall -Wextra -std=c++17 -fopenmp -DOMP_EXPLICIT_SIMD=1,59.112836,937793859b387046,passed
layout-Grayscale-simd_omp-t2-r2-6000x6000.png,2026-09-19T18:20:18Z,6000x6000.png,Grayscale,6000,6000,SoA,SoA_to_AoS,2,2,static,,omp,,,hype1,g++,-O3 -Wall -Wextra -std=c++17 -fopenmp -DOMP_EXPLICIT_SIMD=1,37.499972,937793859b387046,passed
layout-Grayscale-simd_omp-t2-r2-6000x6000.png,2026-09-19T18:20:18Z,6000x6000.png,Grayscale,6000,6000,SoA,End_to_End,2,2,static,,omp,,,hype1,g++,-O3 -Wall -Wextra -std=c++17 -fopenmp -DOMP_EXPLICIT_SIMD=1,133.526500,937793859b387046,passed
layout-Gaussian_11x11-simd_omp-t2-r2-4000x3000.png,2026-09-19T18:20:25Z,4000x3000.png,Gaussian_11x11,3990,2990,AoS,Kernel,2,2,static,,omp,,,hype1,g++,-O3 -Wall -Wextra -std=c++17 -fopenmp -DOMP_EXPLICIT_SIMD=1,1530.932093,1e8adb9534bf99dc,passed
layout-Gaussian_11x11-simd_omp-t2-r2-4000x3000.png,2026-09-19T18:20:25Z,4000x3000.png,Gaussian_11x11,3990,2990,SoA,AoS_to_SoA,2,2,static,,omp,,,hype1,g++,-O3 -Wall -Wextra -std=c++17 -fopenmp -DOMP_EXPLICIT_SIMD=1,11.833057,1e8adb9534bf99dc,passed
layout-Gaussian_11x11-simd_omp-t2-r2-4000x3000.png,2026-09-19T18:20:25Z,4000x3000.png,Gaussian_11x11,3990,2990,SoA,Kernel,2,2,static,,omp,,,hype1,g++,-O3 -Wall -Wextra -std=c++17 -fopenmp -DOMP_EXPLICIT_SIMD=1,3102.362129,1e8adb9534bf99dc,passed
layout-Gaussian_11x11-simd_omp-t2-r2-4000x3000.png,2026-09-19T18:20:25Z,4000x3000.png,Gaussian_11x11,3990,2990,SoA,SoA_to_AoS,2,2,static,,omp,,,hype1,g++,-O3 -Wall -Wextra -std=c++17 -fopenmp -DOMP_EXPLICIT_SIMD=1,12.952297,1e8adb9534bf99dc,passed
layout-Gaussian_11x11-simd_omp-t2-r2-4000x3000.png,2026-09-19T18:20:25Z,4000x3000.png,Gaussian_11x11,3990,2990,SoA,End_to_End,2,2,static,,omp,,,hype1,g++,-O3 -Wall -Wextra -std=c++17 -fopenmp -DOMP_EXPLICIT_SIMD=1,3127.147483,1e8adb9534bf99dc,passed
layout-Gaussian_11x11-simd_omp-t2-r2-6000x6000.png,2026-09-19T18:20:46Z,6000x6000.png,Gaussian_11x11,5990,5990,AoS,Kernel,2,2,static,,omp,,,hype1,g++,-O3 -Wall -Wextra -std=c++17 -fopenmp -DOMP_EXPLICIT_SIMD=1,4612.049426,c923a906c8989668,passed
layout-Gaussian_11x11-simd_omp-t2-r2-6000x6000.png,2026-09-19T18:20:46Z,6000x6000.png,Gaussian_11x11,5990,5990,SoA,AoS_to_SoA,2,2,static,,omp,,,hype1,g++,-O3 -Wall -Wextra -std=c++17 -fopenmp -DOMP_EXPLICIT_SIMD=1,37.364637,c923a906c8989668,passed
layout-Gaussian_11x11-simd_omp-t2-r2-6000x6000.png,2026-09-19T18:20:46Z,6000x6000.png,Gaussian_11x11,5990,5990,SoA,Kernel,2,2,static,,omp,,,hype1,g++,-O3 -Wall -Wextra -std=c++17 -fopenmp -DOMP_EXPLICIT_SIMD=1,9313.801140,c923a906c8989668,passed
layout-Gaussian_11x11-simd_omp-t2-r2-6000x6000.png,2026-09-19T18:20:46Z,6000x6000.png,Gaussian_11x11,5990,5990,SoA,SoA_to_AoS,2,2,static,,omp,,,hype1,g++,-O3 -Wall -Wextra -std=c++17 -fopenmp -DOMP_EXPLICIT_SIMD=1,37.312996,c923a906c8989668,passed
layout-Gaussian_11x11-simd_omp-t2-r2-6000x6000.png,2026-09-19T18:20:46Z,6000x6000.png,Gaussian_11x11,5990,5990,SoA,End_to_End,2,2,static,,omp,,,hype1,g++,-O3 -Wall -Wextra -std=c++17 -fopenmp -DOMP_EXPLICIT_SIMD=1,9388.478773,c923a906c8989668,passed
layout-Grayscale-simd_off-t2-r2-4000x3000.png,2026-09-19T18:20:46Z,4000x3000.png,Grayscale,4000,3000,AoS,Kernel,2,2,static,,off,,,hype1,g++,-O3 -Wall -Wextra -std=c++17 -fopenmp -DOMP_EXPLICIT_SIMD=0 -fno-tree-vectorize,24.371582,00925fa85224b60c,passed
layout-Grayscale-simd_off-t2-r2-4000x3000.png,2026-09-19T18:20:46Z,4000x3000.png,Grayscale,4000,3000,SoA,AoS_to_SoA,2,2,static,,off,,,hype1,g++,-O3 -Wall -Wextra -std=c++17 -fopenmp -DOMP_EXPLICIT_SIMD=0 -fno-tree-vectorize,11.802012,00925fa85224b60c,passed
layout-Grayscale-simd_off-t2-r2-4000x3000.png,2026-09-19T18:20:46Z,4000x3000.png,Grayscale,4000,3000,SoA,Kernel,2,2,static,,off,,,hype1,g++,-O3 -Wall -Wextra -std=c++17 -fopenmp -DOMP_EXPLICIT_SIMD=0 -fno-tree-vectorize,19.653351,00925fa85224b60c,passed
layout-Grayscale-simd_off-t2-r2-4000x3000.png,2026-09-19T18:20:46Z,4000x3000.png,Grayscale,4000,3000,SoA,SoA_to_AoS,2,2,static,,off,,,hype1,g++,-O3 -Wall -Wextra -std=c++17 -fopenmp -DOMP_EXPLICIT_SIMD=0 -fno-tree-vectorize,12.651676,00925fa85224b60c,passed
layout-Grayscale-simd_off-t2-r2-4000x3000.png,2026-09-19T18:20:46Z,4000x3000.png,Grayscale,4000,3000,SoA,End_to_End,2,2,static,,off,,,hype1,g++,-O3 -Wall -Wextra -std=c++17 -fopenmp -DOMP_EXPLICIT_SIMD=0 -fno-tree-vectorize,44.107039,00925fa85224b60c,passed
layout-Grayscale-simd_off-t2-r2-6000x6000.png,2026-09-19T18:20:48Z,6000x6000.png,Grayscale,6000,6000,AoS,Kernel,2,2,static,,off,,,hype1,g++,-O3 -Wall -Wextra -std=c++17 -fopenmp -DOMP_EXPLICIT_SIMD=0 -fno-tree-vectorize,71.254597,937793859b387046,passed
layout-Grayscale-simd_off-t2-r2-6000x6000.png,2026-09-19T18:20:48Z,6000x6000.png,Grayscale,6000,6000,SoA,AoS_to_SoA,2,2,static,,off,,,hype1,g++,-O3 -Wall -Wextra -std=c++17 -fopenmp -DOMP_EXPLICIT_SIMD=0 -fno-tree-vectorize,37.144591,937793859b387046,passed
layout-Grayscale-simd_off-t2-r2-6000x6000.png,2026-09-19T18:20:48Z,6000x6000.png,Grayscale,6000,6000,SoA,Kernel,2,2,static,,off,,,hype1,g++,-O3 -Wall -Wextra -std=c++17 -fopenmp -DOMP_EXPLICIT_SIMD=0 -fno-tree-vectorize,58.728580,937793859b387046,passed
layout-Grayscale-simd_off-t2-r2-6000x6000.png,2026-09-19T18:20:48Z,6000x6000.png,Grayscale,6000,6000,SoA,SoA_to_AoS,2,2,static,,off,,,hype1,g++,-O3 -Wall -Wextra -std=c++17 -fopenmp -DOMP_EXPLICIT_SIMD=0 -fno-tree-vectorize,37.317719,937793859b387046,passed
layout-Grayscale-simd_off-t2-r2-6000x6000.png,2026-09-19T18:20:48Z,6000x6000.png,Grayscale,6000,6000,SoA,End_to_End,2,2,static,,off,,,hype1,g++,-O3 -Wall -Wextra -std=c++17 -fopenmp -DOMP_EXPLICIT_SIMD=0 -fno-tree-vectorize,133.190890,937793859b387046,passed
layout-Gaussian_11x11-simd_off-t2-r2-4000x3000.png,2026-09-19T18:20:54Z,4000x3000.png,Gaussian_11x11,3990,2990,AoS,Kernel,2,2,static,,off,,,hype1,g++,-O3 -Wall -Wextra -std=c++17 -fopenmp -DOMP_EXPLICIT_SIMD=0 -fno-tree-vectorize,1531.492592,1e8adb9534bf99dc,passed
layout-Gaussian_11x11-simd_off-t2-r2-4000x3000.png,2026-09-19T18:20:54Z,4000x3000.png,Gaussian_11x11,3990,2990,SoA,AoS_to_SoA,2,2,static,,off,,,hype1,g++,-O3 -Wall -Wextra -std=c++17 -fopenmp -DOMP_EXPLICIT_SIMD=0 -fno-tree-vectorize,11.807800,1e8adb9534bf99dc,passed
layout-Gaussian_11x11-simd_off-t2-r2-4000x3000.png,2026-09-19T18:20:54Z,4000x3000.png,Gaussian_11x11,3990,2990,SoA,Kernel,2,2,static,,off,,,hype1,g++,-O3 -Wall -Wextra -std=c++17 -fopenmp -DOMP_EXPLICIT_SIMD=0 -fno-tree-vectorize,1547.751989,1e8adb9534bf99dc,passed
layout-Gaussian_11x11-simd_off-t2-r2-4000x3000.png,2026-09-19T18:20:54Z,4000x3000.png,Gaussian_11x11,3990,2990,SoA,SoA_to_AoS,2,2,static,,off,,,hype1,g++,-O3 -Wall -Wextra -std=c++17 -fopenmp -DOMP_EXPLICIT_SIMD=0 -fno-tree-vectorize,12.537936,1e8adb9534bf99dc,passed
layout-Gaussian_11x11-simd_off-t2-r2-4000x3000.png,2026-09-19T18:20:54Z,4000x3000.png,Gaussian_11x11,3990,2990,SoA,End_to_End,2,2,static,,off,,,hype1,g++,-O3 -Wall -Wextra -std=c++17 -fopenmp -DOMP_EXPLICIT_SIMD=0 -fno-tree-vectorize,1572.097725,1e8adb9534bf99dc,passed
layout-Gaussian_11x11-simd_off-t2-r2-6000x6000.png,2026-09-19T18:21:10Z,6000x6000.png,Gaussian_11x11,5990,5990,AoS,Kernel,2,2,static,,off,,,hype1,g++,-O3 -Wall -Wextra -std=c++17 -fopenmp -DOMP_EXPLICIT_SIMD=0 -fno-tree-vectorize,4636.395069,c923a906c8989668,passed
layout-Gaussian_11x11-simd_off-t2-r2-6000x6000.png,2026-09-19T18:21:10Z,6000x6000.png,Gaussian_11x11,5990,5990,SoA,AoS_to_SoA,2,2,static,,off,,,hype1,g++,-O3 -Wall -Wextra -std=c++17 -fopenmp -DOMP_EXPLICIT_SIMD=0 -fno-tree-vectorize,36.418453,c923a906c8989668,passed
layout-Gaussian_11x11-simd_off-t2-r2-6000x6000.png,2026-09-19T18:21:10Z,6000x6000.png,Gaussian_11x11,5990,5990,SoA,Kernel,2,2,static,,off,,,hype1,g++,-O3 -Wall -Wextra -std=c++17 -fopenmp -DOMP_EXPLICIT_SIMD=0 -fno-tree-vectorize,4629.034829,c923a906c8989668,passed
layout-Gaussian_11x11-simd_off-t2-r2-6000x6000.png,2026-09-19T18:21:10Z,6000x6000.png,Gaussian_11x11,5990,5990,SoA,SoA_to_AoS,2,2,static,,off,,,hype1,g++,-O3 -Wall -Wextra -std=c++17 -fopenmp -DOMP_EXPLICIT_SIMD=0 -fno-tree-vectorize,39.374588,c923a906c8989668,passed
layout-Gaussian_11x11-simd_off-t2-r2-6000x6000.png,2026-09-19T18:21:10Z,6000x6000.png,Gaussian_11x11,5990,5990,SoA,End_to_End,2,2,static,,off,,,hype1,g++,-O3 -Wall -Wextra -std=c++17 -fopenmp -DOMP_EXPLICIT_SIMD=0 -fno-tree-vectorize,4704.827870,c923a906c8989668,passed
layout-Grayscale-simd_off-t2-r3-4000x3000.png,2026-09-19T18:21:10Z,4000x3000.png,Grayscale,4000,3000,AoS,Kernel,3,2,static,,off,,,hype1,g++,-O3 -Wall -Wextra -std=c++17 -fopenmp -DOMP_EXPLICIT_SIMD=0 -fno-tree-vectorize,23.404831,00925fa85224b60c,passed
layout-Grayscale-simd_off-t2-r3-4000x3000.png,2026-09-19T18:21:10Z,4000x3000.png,Grayscale,4000,3000,SoA,AoS_to_SoA,3,2,static,,off,,,hype1,g++,-O3 -Wall -Wextra -std=c++17 -fopenmp -DOMP_EXPLICIT_SIMD=0 -fno-tree-vectorize,11.738882,00925fa85224b60c,passed
layout-Grayscale-simd_off-t2-r3-4000x3000.png,2026-09-19T18:21:10Z,4000x3000.png,Grayscale,4000,3000,SoA,Kernel,3,2,static,,off,,,hype1,g++,-O3 -Wall -Wextra -std=c++17 -fopenmp -DOMP_EXPLICIT_SIMD=0 -fno-tree-vectorize,19.667154,00925fa85224b60c,passed
layout-Grayscale-simd_off-t2-r3-4000x3000.png,2026-09-19T18:21:10Z,4000x3000.png,Grayscale,4000,3000,SoA,SoA_to_AoS,3,2,static,,off,,,hype1,g++,-O3 -Wall -Wextra -std=c++17 -fopenmp -DOMP_EXPLICIT_SIMD=0 -fno-tree-vectorize,13.551350,00925fa85224b60c,passed
layout-Grayscale-simd_off-t2-r3-4000x3000.png,2026-09-19T18:21:10Z,4000x3000.png,Grayscale,4000,3000,SoA,End_to_End,3,2,static,,off,,,hype1,g++,-O3 -Wall -Wextra -std=c++17 -fopenmp -DOMP_EXPLICIT_SIMD=0 -fno-tree-vectorize,44.957386,00925fa85224b60c,passed
layout-Grayscale-simd_off-t2-r3-6000x6000.png,2026-09-19T18:21:12Z,6000x6000.png,Grayscale,6000,6000,AoS,Kernel,3,2,static,,off,,,hype1,g++,-O3 -Wall -Wextra -std=c++17 -fopenmp -DOMP_EXPLICIT_SIMD=0 -fno-tree-vectorize,72.643970,937793859b387046,passed
layout-Grayscale-simd_off-t2-r3-6000x6000.png,2026-09-19T18:21:12Z,6000x6000.png,Grayscale,6000,6000,SoA,AoS_to_SoA,3,2,static,,off,,,hype1,g++,-O3 -Wall -Wextra -std=c++17 -fopenmp -DOMP_EXPLICIT_SIMD=0 -fno-tree-vectorize,37.560757,937793859b387046,passed
layout-Grayscale-simd_off-t2-r3-6000x6000.png,2026-09-19T18:21:12Z,6000x6000.png,Grayscale,6000,6000,SoA,Kernel,3,2,static,,off,,,hype1,g++,-O3 -Wall -Wextra -std=c++17 -fopenmp -DOMP_EXPLICIT_SIMD=0 -fno-tree-vectorize,57.619710,937793859b387046,passed
layout-Grayscale-simd_off-t2-r3-6000x6000.png,2026-09-19T18:21:12Z,6000x6000.png,Grayscale,6000,6000,SoA,SoA_to_AoS,3,2,static,,off,,,hype1,g++,-O3 -Wall -Wextra -std=c++17 -fopenmp -DOMP_EXPLICIT_SIMD=0 -fno-tree-vectorize,37.859273,937793859b387046,passed
layout-Grayscale-simd_off-t2-r3-6000x6000.png,2026-09-19T18:21:12Z,6000x6000.png,Grayscale,6000,6000,SoA,End_to_End,3,2,static,,off,,,hype1,g++,-O3 -Wall -Wextra -std=c++17 -fopenmp -DOMP_EXPLICIT_SIMD=0 -fno-tree-vectorize,133.039740,937793859b387046,passed
layout-Gaussian_11x11-simd_off-t2-r3-4000x3000.png,2026-09-19T18:21:18Z,4000x3000.png,Gaussian_11x11,3990,2990,AoS,Kernel,3,2,static,,off,,,hype1,g++,-O3 -Wall -Wextra -std=c++17 -fopenmp -DOMP_EXPLICIT_SIMD=0 -fno-tree-vectorize,1534.018522,1e8adb9534bf99dc,passed
layout-Gaussian_11x11-simd_off-t2-r3-4000x3000.png,2026-09-19T18:21:18Z,4000x3000.png,Gaussian_11x11,3990,2990,SoA,AoS_to_SoA,3,2,static,,off,,,hype1,g++,-O3 -Wall -Wextra -std=c++17 -fopenmp -DOMP_EXPLICIT_SIMD=0 -fno-tree-vectorize,11.838164,1e8adb9534bf99dc,passed
layout-Gaussian_11x11-simd_off-t2-r3-4000x3000.png,2026-09-19T18:21:18Z,4000x3000.png,Gaussian_11x11,3990,2990,SoA,Kernel,3,2,static,,off,,,hype1,g++,-O3 -Wall -Wextra -std=c++17 -fopenmp -DOMP_EXPLICIT_SIMD=0 -fno-tree-vectorize,1539.821733,1e8adb9534bf99dc,passed
layout-Gaussian_11x11-simd_off-t2-r3-4000x3000.png,2026-09-19T18:21:18Z,4000x3000.png,Gaussian_11x11,3990,2990,SoA,SoA_to_AoS,3,2,static,,off,,,hype1,g++,-O3 -Wall -Wextra -std=c++17 -fopenmp -DOMP_EXPLICIT_SIMD=0 -fno-tree-vectorize,12.650360,1e8adb9534bf99dc,passed
layout-Gaussian_11x11-simd_off-t2-r3-4000x3000.png,2026-09-19T18:21:18Z,4000x3000.png,Gaussian_11x11,3990,2990,SoA,End_to_End,3,2,static,,off,,,hype1,g++,-O3 -Wall -Wextra -std=c++17 -fopenmp -DOMP_EXPLICIT_SIMD=0 -fno-tree-vectorize,1564.310257,1e8adb9534bf99dc,passed
layout-Gaussian_11x11-simd_off-t2-r3-6000x6000.png,2026-09-19T18:21:34Z,6000x6000.png,Gaussian_11x11,5990,5990,AoS,Kernel,3,2,static,,off,,,hype1,g++,-O3 -Wall -Wextra -std=c++17 -fopenmp -DOMP_EXPLICIT_SIMD=0 -fno-tree-vectorize,4605.162887,c923a906c8989668,passed
layout-Gaussian_11x11-simd_off-t2-r3-6000x6000.png,2026-09-19T18:21:34Z,6000x6000.png,Gaussian_11x11,5990,5990,SoA,AoS_to_SoA,3,2,static,,off,,,hype1,g++,-O3 -Wall -Wextra -std=c++17 -fopenmp -DOMP_EXPLICIT_SIMD=0 -fno-tree-vectorize,35.503167,c923a906c8989668,passed
layout-Gaussian_11x11-simd_off-t2-r3-6000x6000.png,2026-09-19T18:21:34Z,6000x6000.png,Gaussian_11x11,5990,5990,SoA,Kernel,3,2,static,,off,,,hype1,g++,-O3 -Wall -Wextra -std=c++17 -fopenmp -DOMP_EXPLICIT_SIMD=0 -fno-tree-vectorize,4665.512550,c923a906c8989668,passed
layout-Gaussian_11x11-simd_off-t2-r3-6000x6000.png,2026-09-19T18:21:34Z,6000x6000.png,Gaussian_11x11,5990,5990,SoA,SoA_to_AoS,3,2,static,,off,,,hype1,g++,-O3 -Wall -Wextra -std=c++17 -fopenmp -DOMP_EXPLICIT_SIMD=0 -fno-tree-vectorize,37.870640,c923a906c8989668,passed
layout-Gaussian_11x11-simd_off-t2-r3-6000x6000.png,2026-09-19T18:21:34Z,6000x6000.png,Gaussian_11x11,5990,5990,SoA,End_to_End,3,2,static,,off,,,hype1,g++,-O3 -Wall -Wextra -std=c++17 -fopenmp -DOMP_EXPLICIT_SIMD=0 -fno-tree-vectorize,4738.886357,c923a906c8989668,passed
layout-Grayscale-simd_omp-t2-r3-4000x3000.png,2026-09-19T18:21:35Z,4000x3000.png,Grayscale,4000,3000,AoS,Kernel,3,2,static,,omp,,,hype1,g++,-O3 -Wall -Wextra -std=c++17 -fopenmp -DOMP_EXPLICIT_SIMD=1,25.273686,00925fa85224b60c,passed
layout-Grayscale-simd_omp-t2-r3-4000x3000.png,2026-09-19T18:21:35Z,4000x3000.png,Grayscale,4000,3000,SoA,AoS_to_SoA,3,2,static,,omp,,,hype1,g++,-O3 -Wall -Wextra -std=c++17 -fopenmp -DOMP_EXPLICIT_SIMD=1,11.978601,00925fa85224b60c,passed
layout-Grayscale-simd_omp-t2-r3-4000x3000.png,2026-09-19T18:21:35Z,4000x3000.png,Grayscale,4000,3000,SoA,Kernel,3,2,static,,omp,,,hype1,g++,-O3 -Wall -Wextra -std=c++17 -fopenmp -DOMP_EXPLICIT_SIMD=1,19.828899,00925fa85224b60c,passed
layout-Grayscale-simd_omp-t2-r3-4000x3000.png,2026-09-19T18:21:35Z,4000x3000.png,Grayscale,4000,3000,SoA,SoA_to_AoS,3,2,static,,omp,,,hype1,g++,-O3 -Wall -Wextra -std=c++17 -fopenmp -DOMP_EXPLICIT_SIMD=1,12.641857,00925fa85224b60c,passed
layout-Grayscale-simd_omp-t2-r3-4000x3000.png,2026-09-19T18:21:35Z,4000x3000.png,Grayscale,4000,3000,SoA,End_to_End,3,2,static,,omp,,,hype1,g++,-O3 -Wall -Wextra -std=c++17 -fopenmp -DOMP_EXPLICIT_SIMD=1,44.449357,00925fa85224b60c,passed
layout-Grayscale-simd_omp-t2-r3-6000x6000.png,2026-09-19T18:21:37Z,6000x6000.png,Grayscale,6000,6000,AoS,Kernel,3,2,static,,omp,,,hype1,g++,-O3 -Wall -Wextra -std=c++17 -fopenmp -DOMP_EXPLICIT_SIMD=1,75.006470,937793859b387046,passed
layout-Grayscale-simd_omp-t2-r3-6000x6000.png,2026-09-19T18:21:37Z,6000x6000.png,Grayscale,6000,6000,SoA,AoS_to_SoA,3,2,static,,omp,,,hype1,g++,-O3 -Wall -Wextra -std=c++17 -fopenmp -DOMP_EXPLICIT_SIMD=1,36.981696,937793859b387046,passed
layout-Grayscale-simd_omp-t2-r3-6000x6000.png,2026-09-19T18:21:37Z,6000x6000.png,Grayscale,6000,6000,SoA,Kernel,3,2,static,,omp,,,hype1,g++,-O3 -Wall -Wextra -std=c++17 -fopenmp -DOMP_EXPLICIT_SIMD=1,59.277137,937793859b387046,passed
layout-Grayscale-simd_omp-t2-r3-6000x6000.png,2026-09-19T18:21:37Z,6000x6000.png,Grayscale,6000,6000,SoA,SoA_to_AoS,3,2,static,,omp,,,hype1,g++,-O3 -Wall -Wextra -std=c++17 -fopenmp -DOMP_EXPLICIT_SIMD=1,37.360345,937793859b387046,passed
layout-Grayscale-simd_omp-t2-r3-6000x6000.png,2026-09-19T18:21:37Z,6000x6000.png,Grayscale,6000,6000,SoA,End_to_End,3,2,static,,omp,,,hype1,g++,-O3 -Wall -Wextra -std=c++17 -fopenmp -DOMP_EXPLICIT_SIMD=1,133.619178,937793859b387046,passed
layout-Gaussian_11x11-simd_omp-t2-r3-4000x3000.png,2026-09-19T18:21:44Z,4000x3000.png,Gaussian_11x11,3990,2990,AoS,Kernel,3,2,static,,omp,,,hype1,g++,-O3 -Wall -Wextra -std=c++17 -fopenmp -DOMP_EXPLICIT_SIMD=1,1532.564384,1e8adb9534bf99dc,passed
layout-Gaussian_11x11-simd_omp-t2-r3-4000x3000.png,2026-09-19T18:21:44Z,4000x3000.png,Gaussian_11x11,3990,2990,SoA,AoS_to_SoA,3,2,static,,omp,,,hype1,g++,-O3 -Wall -Wextra -std=c++17 -fopenmp -DOMP_EXPLICIT_SIMD=1,12.028478,1e8adb9534bf99dc,passed
layout-Gaussian_11x11-simd_omp-t2-r3-4000x3000.png,2026-09-19T18:21:44Z,4000x3000.png,Gaussian_11x11,3990,2990,SoA,Kernel,3,2,static,,omp,,,hype1,g++,-O3 -Wall -Wextra -std=c++17 -fopenmp -DOMP_EXPLICIT_SIMD=1,3094.727616,1e8adb9534bf99dc,passed
layout-Gaussian_11x11-simd_omp-t2-r3-4000x3000.png,2026-09-19T18:21:44Z,4000x3000.png,Gaussian_11x11,3990,2990,SoA,SoA_to_AoS,3,2,static,,omp,,,hype1,g++,-O3 -Wall -Wextra -std=c++17 -fopenmp -DOMP_EXPLICIT_SIMD=1,12.664043,1e8adb9534bf99dc,passed
layout-Gaussian_11x11-simd_omp-t2-r3-4000x3000.png,2026-09-19T18:21:44Z,4000x3000.png,Gaussian_11x11,3990,2990,SoA,End_to_End,3,2,static,,omp,,,hype1,g++,-O3 -Wall -Wextra -std=c++17 -fopenmp -DOMP_EXPLICIT_SIMD=1,3119.420137,1e8adb9534bf99dc,passed
layout-Gaussian_11x11-simd_omp-t2-r3-6000x6000.png,2026-09-19T18:22:04Z,6000x6000.png,Gaussian_11x11,5990,5990,AoS,Kernel,3,2,static,,omp,,,hype1,g++,-O3 -Wall -Wextra -std=c++17 -fopenmp -DOMP_EXPLICIT_SIMD=1,4603.364553,c923a906c8989668,passed
layout-Gaussian_11x11-simd_omp-t2-r3-6000x6000.png,2026-09-19T18:22:04Z,6000x6000.png,Gaussian_11x11,5990,5990,SoA,AoS_to_SoA,3,2,static,,omp,,,hype1,g++,-O3 -Wall -Wextra -std=c++17 -fopenmp -DOMP_EXPLICIT_SIMD=1,37.177920,c923a906c8989668,passed
layout-Gaussian_11x11-simd_omp-t2-r3-6000x6000.png,2026-09-19T18:22:04Z,6000x6000.png,Gaussian_11x11,5990,5990,SoA,Kernel,3,2,static,,omp,,,hype1,g++,-O3 -Wall -Wextra -std=c++17 -fopenmp -DOMP_EXPLICIT_SIMD=1,9342.597158,c923a906c8989668,passed
layout-Gaussian_11x11-simd_omp-t2-r3-6000x6000.png,2026-09-19T18:22:04Z,6000x6000.png,Gaussian_11x11,5990,5990,SoA,SoA_to_AoS,3,2,static,,omp,,,hype1,g++,-O3 -Wall -Wextra -std=c++17 -fopenmp -DOMP_EXPLICIT_SIMD=1,38.392268,c923a906c8989668,passed
layout-Gaussian_11x11-simd_omp-t2-r3-6000x6000.png,2026-09-19T18:22:04Z,6000x6000.png,Gaussian_11x11,5990,5990,SoA,End_to_End,3,2,static,,omp,,,hype1,g++,-O3 -Wall -Wextra -std=c++17 -fopenmp -DOMP_EXPLICIT_SIMD=1,9418.167346,c923a906c8989668,passed
layout-Grayscale-simd_omp-t2-r4-4000x3000.png,2026-09-19T18:22:05Z,4000x3000.png,Grayscale,4000,3000,AoS,Kernel,4,2,static,,omp,,,hype1,g++,-O3 -Wall -Wextra -std=c++17 -fopenmp -DOMP_EXPLICIT_SIMD=1,25.255444,00925fa85224b60c,passed
layout-Grayscale-simd_omp-t2-r4-4000x3000.png,2026-09-19T18:22:05Z,4000x3000.png,Grayscale,4000,3000,SoA,AoS_to_SoA,4,2,static,,omp,,,hype1,g++,-O3 -Wall -Wextra -std=c++17 -fopenmp -DOMP_EXPLICIT_SIMD=1,12.402767,00925fa85224b60c,passed
layout-Grayscale-simd_omp-t2-r4-4000x3000.png,2026-09-19T18:22:05Z,4000x3000.png,Grayscale,4000,3000,SoA,Kernel,4,2,static,,omp,,,hype1,g++,-O3 -Wall -Wextra -std=c++17 -fopenmp -DOMP_EXPLICIT_SIMD=1,19.249755,00925fa85224b60c,passed
layout-Grayscale-simd_omp-t2-r4-4000x3000.png,2026-09-19T18:22:05Z,4000x3000.png,Grayscale,4000,3000,SoA,SoA_to_AoS,4,2,static,,omp,,,hype1,g++,-O3 -Wall -Wextra -std=c++17 -fopenmp -DOMP_EXPLICIT_SIMD=1,12.653304,00925fa85224b60c,passed
layout-Grayscale-simd_omp-t2-r4-4000x3000.png,2026-09-19T18:22:05Z,4000x3000.png,Grayscale,4000,3000,SoA,End_to_End,4,2,static,,omp,,,hype1,g++,-O3 -Wall -Wextra -std=c++17 -fopenmp -DOMP_EXPLICIT_SIMD=1,44.305826,00925fa85224b60c,passed
layout-Grayscale-simd_omp-t2-r4-6000x6000.png,2026-09-19T18:22:07Z,6000x6000.png,Grayscale,6000,6000,AoS,Kernel,4,2,static,,omp,,,hype1,g++,-O3 -Wall -Wextra -std=c++17 -fopenmp -DOMP_EXPLICIT_SIMD=1,74.693309,937793859b387046,passed
layout-Grayscale-simd_omp-t2-r4-6000x6000.png,2026-09-19T18:22:07Z,6000x6000.png,Grayscale,6000,6000,SoA,AoS_to_SoA,4,2,static,,omp,,,hype1,g++,-O3 -Wall -Wextra -std=c++17 -fopenmp -DOMP_EXPLICIT_SIMD=1,36.804096,937793859b387046,passed
layout-Grayscale-simd_omp-t2-r4-6000x6000.png,2026-09-19T18:22:07Z,6000x6000.png,Grayscale,6000,6000,SoA,Kernel,4,2,static,,omp,,,hype1,g++,-O3 -Wall -Wextra -std=c++17 -fopenmp -DOMP_EXPLICIT_SIMD=1,58.926751,937793859b387046,passed
layout-Grayscale-simd_omp-t2-r4-6000x6000.png,2026-09-19T18:22:07Z,6000x6000.png,Grayscale,6000,6000,SoA,SoA_to_AoS,4,2,static,,omp,,,hype1,g++,-O3 -Wall -Wextra -std=c++17 -fopenmp -DOMP_EXPLICIT_SIMD=1,37.395474,937793859b387046,passed
layout-Grayscale-simd_omp-t2-r4-6000x6000.png,2026-09-19T18:22:07Z,6000x6000.png,Grayscale,6000,6000,SoA,End_to_End,4,2,static,,omp,,,hype1,g++,-O3 -Wall -Wextra -std=c++17 -fopenmp -DOMP_EXPLICIT_SIMD=1,133.126321,937793859b387046,passed
layout-Gaussian_11x11-simd_omp-t2-r4-4000x3000.png,2026-09-19T18:22:14Z,4000x3000.png,Gaussian_11x11,3990,2990,AoS,Kernel,4,2,static,,omp,,,hype1,g++,-O3 -Wall -Wextra -std=c++17 -fopenmp -DOMP_EXPLICIT_SIMD=1,1533.359394,1e8adb9534bf99dc,passed
layout-Gaussian_11x11-simd_omp-t2-r4-4000x3000.png,2026-09-19T18:22:14Z,4000x3000.png,Gaussian_11x11,3990,2990,SoA,AoS_to_SoA,4,2,static,,omp,,,hype1,g++,-O3 -Wall -Wextra -std=c++17 -fopenmp -DOMP_EXPLICIT_SIMD=1,11.833361,1e8adb9534bf99dc,passed
layout-Gaussian_11x11-simd_omp-t2-r4-4000x3000.png,2026-09-19T18:22:14Z,4000x3000.png,Gaussian_11x11,3990,2990,SoA,Kernel,4,2,static,,omp,,,hype1,g++,-O3 -Wall -Wextra -std=c++17 -fopenmp -DOMP_EXPLICIT_SIMD=1,3096.490980,1e8adb9534bf99dc,passed
layout-Gaussian_11x11-simd_omp-t2-r4-4000x3000.png,2026-09-19T18:22:14Z,4000x3000.png,Gaussian_11x11,3990,2990,SoA,SoA_to_AoS,4,2,static,,omp,,,hype1,g++,-O3 -Wall -Wextra -std=c++17 -fopenmp -DOMP_EXPLICIT_SIMD=1,12.754748,1e8adb9534bf99dc,passed
layout-Gaussian_11x11-simd_omp-t2-r4-4000x3000.png,2026-09-19T18:22:14Z,4000x3000.png,Gaussian_11x11,3990,2990,SoA,End_to_End,4,2,static,,omp,,,hype1,g++,-O3 -Wall -Wextra -std=c++17 -fopenmp -DOMP_EXPLICIT_SIMD=1,3121.079089,1e8adb9534bf99dc,passed
layout-Gaussian_11x11-simd_omp-t2-r4-6000x6000.png,2026-09-19T18:22:35Z,6000x6000.png,Gaussian_11x11,5990,5990,AoS,Kernel,4,2,static,,omp,,,hype1,g++,-O3 -Wall -Wextra -std=c++17 -fopenmp -DOMP_EXPLICIT_SIMD=1,4605.635869,c923a906c8989668,passed
layout-Gaussian_11x11-simd_omp-t2-r4-6000x6000.png,2026-09-19T18:22:35Z,6000x6000.png,Gaussian_11x11,5990,5990,SoA,AoS_to_SoA,4,2,static,,omp,,,hype1,g++,-O3 -Wall -Wextra -std=c++17 -fopenmp -DOMP_EXPLICIT_SIMD=1,36.561628,c923a906c8989668,passed
layout-Gaussian_11x11-simd_omp-t2-r4-6000x6000.png,2026-09-19T18:22:35Z,6000x6000.png,Gaussian_11x11,5990,5990,SoA,Kernel,4,2,static,,omp,,,hype1,g++,-O3 -Wall -Wextra -std=c++17 -fopenmp -DOMP_EXPLICIT_SIMD=1,9362.049431,c923a906c8989668,passed
layout-Gaussian_11x11-simd_omp-t2-r4-6000x6000.png,2026-09-19T18:22:35Z,6000x6000.png,Gaussian_11x11,5990,5990,SoA,SoA_to_AoS,4,2,static,,omp,,,hype1,g++,-O3 -Wall -Wextra -std=c++17 -fopenmp -DOMP_EXPLICIT_SIMD=1,38.930591,c923a906c8989668,passed
layout-Gaussian_11x11-simd_omp-t2-r4-6000x6000.png,2026-09-19T18:22:35Z,6000x6000.png,Gaussian_11x11,5990,5990,SoA,End_to_End,4,2,static,,omp,,,hype1,g++,-O3 -Wall -Wextra -std=c++17 -fopenmp -DOMP_EXPLICIT_SIMD=1,9437.541650,c923a906c8989668,passed
layout-Grayscale-simd_off-t2-r4-4000x3000.png,2026-09-19T18:22:35Z,4000x3000.png,Grayscale,4000,3000,AoS,Kernel,4,2,static,,off,,,hype1,g++,-O3 -Wall -Wextra -std=c++17 -fopenmp -DOMP_EXPLICIT_SIMD=0 -fno-tree-vectorize,24.366889,00925fa85224b60c,passed
layout-Grayscale-simd_off-t2-r4-4000x3000.png,2026-09-19T18:22:35Z,4000x3000.png,Grayscale,4000,3000,SoA,AoS_to_SoA,4,2,static,,off,,,hype1,g++,-O3 -Wall -Wextra -std=c++17 -fopenmp -DOMP_EXPLICIT_SIMD=0 -fno-tree-vectorize,12.113368,00925fa85224b60c,passed
layout-Grayscale-simd_off-t2-r4-4000x3000.png,2026-09-19T18:22:35Z,4000x3000.png,Grayscale,4000,3000,SoA,Kernel,4,2,static,,off,,,hype1,g++,-O3 -Wall -Wextra -std=c++17 -fopenmp -DOMP_EXPLICIT_SIMD=0 -fno-tree-vectorize,19.672816,00925fa85224b60c,passed
layout-Grayscale-simd_off-t2-r4-4000x3000.png,2026-09-19T18:22:35Z,4000x3000.png,Grayscale,4000,3000,SoA,SoA_to_AoS,4,2,static,,off,,,hype1,g++,-O3 -Wall -Wextra -std=c++17 -fopenmp -DOMP_EXPLICIT_SIMD=0 -fno-tree-vectorize,13.499381,00925fa85224b60c,passed
layout-Grayscale-simd_off-t2-r4-4000x3000.png,2026-09-19T18:22:35Z,4000x3000.png,Grayscale,4000,3000,SoA,End_to_End,4,2,static,,off,,,hype1,g++,-O3 -Wall -Wextra -std=c++17 -fopenmp -DOMP_EXPLICIT_SIMD=0 -fno-tree-vectorize,45.285565,00925fa85224b60c,passed
layout-Grayscale-simd_off-t2-r4-6000x6000.png,2026-09-19T18:22:37Z,6000x6000.png,Grayscale,6000,6000,AoS,Kernel,4,2,static,,off,,,hype1,g++,-O3 -Wall -Wextra -std=c++17 -fopenmp -DOMP_EXPLICIT_SIMD=0 -fno-tree-vectorize,72.548329,937793859b387046,passed
layout-Grayscale-simd_off-t2-r4-6000x6000.png,2026-09-19T18:22:37Z,6000x6000.png,Grayscale,6000,6000,SoA,AoS_to_SoA,4,2,static,,off,,,hype1,g++,-O3 -Wall -Wextra -std=c++17 -fopenmp -DOMP_EXPLICIT_SIMD=0 -fno-tree-vectorize,37.426862,937793859b387046,passed
layout-Grayscale-simd_off-t2-r4-6000x6000.png,2026-09-19T18:22:37Z,6000x6000.png,Grayscale,6000,6000,SoA,Kernel,4,2,static,,off,,,hype1,g++,-O3 -Wall -Wextra -std=c++17 -fopenmp -DOMP_EXPLICIT_SIMD=0 -fno-tree-vectorize,59.104690,937793859b387046,passed
layout-Grayscale-simd_off-t2-r4-6000x6000.png,2026-09-19T18:22:37Z,6000x6000.png,Grayscale,6000,6000,SoA,SoA_to_AoS,4,2,static,,off,,,hype1,g++,-O3 -Wall -Wextra -std=c++17 -fopenmp -DOMP_EXPLICIT_SIMD=0 -fno-tree-vectorize,39.650068,937793859b387046,passed
layout-Grayscale-simd_off-t2-r4-6000x6000.png,2026-09-19T18:22:37Z,6000x6000.png,Grayscale,6000,6000,SoA,End_to_End,4,2,static,,off,,,hype1,g++,-O3 -Wall -Wextra -std=c++17 -fopenmp -DOMP_EXPLICIT_SIMD=0 -fno-tree-vectorize,136.181620,937793859b387046,passed
layout-Gaussian_11x11-simd_off-t2-r4-4000x3000.png,2026-09-19T18:22:43Z,4000x3000.png,Gaussian_11x11,3990,2990,AoS,Kernel,4,2,static,,off,,,hype1,g++,-O3 -Wall -Wextra -std=c++17 -fopenmp -DOMP_EXPLICIT_SIMD=0 -fno-tree-vectorize,1533.200180,1e8adb9534bf99dc,passed
layout-Gaussian_11x11-simd_off-t2-r4-4000x3000.png,2026-09-19T18:22:43Z,4000x3000.png,Gaussian_11x11,3990,2990,SoA,AoS_to_SoA,4,2,static,,off,,,hype1,g++,-O3 -Wall -Wextra -std=c++17 -fopenmp -DOMP_EXPLICIT_SIMD=0 -fno-tree-vectorize,12.423003,1e8adb9534bf99dc,passed
layout-Gaussian_11x11-simd_off-t2-r4-4000x3000.png,2026-09-19T18:22:43Z,4000x3000.png,Gaussian_11x11,3990,2990,SoA,Kernel,4,2,static,,off,,,hype1,g++,-O3 -Wall -Wextra -std=c++17 -fopenmp -DOMP_EXPLICIT_SIMD=0 -fno-tree-vectorize,1538.806898,1e8adb9534bf99dc,passed
layout-Gaussian_11x11-simd_off-t2-r4-4000x3000.png,2026-09-19T18:22:43Z,4000x3000.png,Gaussian_11x11,3990,2990,SoA,SoA_to_AoS,4,2,static,,off,,,hype1,g++,-O3 -Wall -Wextra -std=c++17 -fopenmp -DOMP_EXPLICIT_SIMD=0 -fno-tree-vectorize,12.698290,1e8adb9534bf99dc,passed
layout-Gaussian_11x11-simd_off-t2-r4-4000x3000.png,2026-09-19T18:22:43Z,4000x3000.png,Gaussian_11x11,3990,2990,SoA,End_to_End,4,2,static,,off,,,hype1,g++,-O3 -Wall -Wextra -std=c++17 -fopenmp -DOMP_EXPLICIT_SIMD=0 -fno-tree-vectorize,1563.928191,1e8adb9534bf99dc,passed
layout-Gaussian_11x11-simd_off-t2-r4-6000x6000.png,2026-09-19T18:22:59Z,6000x6000.png,Gaussian_11x11,5990,5990,AoS,Kernel,4,2,static,,off,,,hype1,g++,-O3 -Wall -Wextra -std=c++17 -fopenmp -DOMP_EXPLICIT_SIMD=0 -fno-tree-vectorize,4603.413075,c923a906c8989668,passed
layout-Gaussian_11x11-simd_off-t2-r4-6000x6000.png,2026-09-19T18:22:59Z,6000x6000.png,Gaussian_11x11,5990,5990,SoA,AoS_to_SoA,4,2,static,,off,,,hype1,g++,-O3 -Wall -Wextra -std=c++17 -fopenmp -DOMP_EXPLICIT_SIMD=0 -fno-tree-vectorize,35.489643,c923a906c8989668,passed
layout-Gaussian_11x11-simd_off-t2-r4-6000x6000.png,2026-09-19T18:22:59Z,6000x6000.png,Gaussian_11x11,5990,5990,SoA,Kernel,4,2,static,,off,,,hype1,g++,-O3 -Wall -Wextra -std=c++17 -fopenmp -DOMP_EXPLICIT_SIMD=0 -fno-tree-vectorize,4619.099238,c923a906c8989668,passed
layout-Gaussian_11x11-simd_off-t2-r4-6000x6000.png,2026-09-19T18:22:59Z,6000x6000.png,Gaussian_11x11,5990,5990,SoA,SoA_to_AoS,4,2,static,,off,,,hype1,g++,-O3 -Wall -Wextra -std=c++17 -fopenmp -DOMP_EXPLICIT_SIMD=0 -fno-tree-vectorize,36.877060,c923a906c8989668,passed
layout-Gaussian_11x11-simd_off-t2-r4-6000x6000.png,2026-09-19T18:22:59Z,6000x6000.png,Gaussian_11x11,5990,5990,SoA,End_to_End,4,2,static,,off,,,hype1,g++,-O3 -Wall -Wextra -std=c++17 -fopenmp -DOMP_EXPLICIT_SIMD=0 -fno-tree-vectorize,4691.465941,c923a906c8989668,passed
layout-Grayscale-simd_off-t2-r5-4000x3000.png,2026-09-19T18:23:00Z,4000x3000.png,Grayscale,4000,3000,AoS,Kernel,5,2,static,,off,,,hype1,g++,-O3 -Wall -Wextra -std=c++17 -fopenmp -DOMP_EXPLICIT_SIMD=0 -fno-tree-vectorize,23.896280,00925fa85224b60c,passed
layout-Grayscale-simd_off-t2-r5-4000x3000.png,2026-09-19T18:23:00Z,4000x3000.png,Grayscale,4000,3000,SoA,AoS_to_SoA,5,2,static,,off,,,hype1,g++,-O3 -Wall -Wextra -std=c++17 -fopenmp -DOMP_EXPLICIT_SIMD=0 -fno-tree-vectorize,12.078918,00925fa85224b60c,passed
layout-Grayscale-simd_off-t2-r5-4000x3000.png,2026-09-19T18:23:00Z,4000x3000.png,Grayscale,4000,3000,SoA,Kernel,5,2,static,,off,,,hype1,g++,-O3 -Wall -Wextra -std=c++17 -fopenmp -DOMP_EXPLICIT_SIMD=0 -fno-tree-vectorize,19.659516,00925fa85224b60c,passed
layout-Grayscale-simd_off-t2-r5-4000x3000.png,2026-09-19T18:23:00Z,4000x3000.png,Grayscale,4000,3000,SoA,SoA_to_AoS,5,2,static,,off,,,hype1,g++,-O3 -Wall -Wextra -std=c++17 -fopenmp -DOMP_EXPLICIT_SIMD=0 -fno-tree-vectorize,13.509250,00925fa85224b60c,passed
layout-Grayscale-simd_off-t2-r5-4000x3000.png,2026-09-19T18:23:00Z,4000x3000.png,Grayscale,4000,3000,SoA,End_to_End,5,2,static,,off,,,hype1,g++,-O3 -Wall -Wextra -std=c++17 -fopenmp -DOMP_EXPLICIT_SIMD=0 -fno-tree-vectorize,45.247684,00925fa85224b60c,passed
layout-Grayscale-simd_off-t2-r5-6000x6000.png,2026-09-19T18:23:02Z,6000x6000.png,Grayscale,6000,6000,AoS,Kernel,5,2,static,,off,,,hype1,g++,-O3 -Wall -Wextra -std=c++17 -fopenmp -DOMP_EXPLICIT_SIMD=0 -fno-tree-vectorize,72.566367,937793859b387046,passed
layout-Grayscale-simd_off-t2-r5-6000x6000.png,2026-09-19T18:23:02Z,6000x6000.png,Grayscale,6000,6000,SoA,AoS_to_SoA,5,2,static,,off,,,hype1,g++,-O3 -Wall -Wextra -std=c++17 -fopenmp -DOMP_EXPLICIT_SIMD=0 -fno-tree-vectorize,35.378066,937793859b387046,passed
layout-Grayscale-simd_off-t2-r5-6000x6000.png,2026-09-19T18:23:02Z,6000x6000.png,Grayscale,6000,6000,SoA,Kernel,5,2,static,,off,,,hype1,g++,-O3 -Wall -Wextra -std=c++17 -fopenmp -DOMP_EXPLICIT_SIMD=0 -fno-tree-vectorize,59.082450,937793859b387046,passed
layout-Grayscale-simd_off-t2-r5-6000x6000.png,2026-09-19T18:23:02Z,6000x6000.png,Grayscale,6000,6000,SoA,SoA_to_AoS,5,2,static,,off,,,hype1,g++,-O3 -Wall -Wextra -std=c++17 -fopenmp -DOMP_EXPLICIT_SIMD=0 -fno-tree-vectorize,37.881888,937793859b387046,passed
layout-Grayscale-simd_off-t2-r5-6000x6000.png,2026-09-19T18:23:02Z,6000x6000.png,Grayscale,6000,6000,SoA,End_to_End,5,2,static,,off,,,hype1,g++,-O3 -Wall -Wextra -std=c++17 -fopenmp -DOMP_EXPLICIT_SIMD=0 -fno-tree-vectorize,132.342404,937793859b387046,passed
layout-Gaussian_11x11-simd_off-t2-r5-4000x3000.png,2026-09-19T18:23:07Z,4000x3000.png,Gaussian_11x11,3990,2990,AoS,Kernel,5,2,static,,off,,,hype1,g++,-O3 -Wall -Wextra -std=c++17 -fopenmp -DOMP_EXPLICIT_SIMD=0 -fno-tree-vectorize,1531.983965,1e8adb9534bf99dc,passed
layout-Gaussian_11x11-simd_off-t2-r5-4000x3000.png,2026-09-19T18:23:07Z,4000x3000.png,Gaussian_11x11,3990,2990,SoA,AoS_to_SoA,5,2,static,,off,,,hype1,g++,-O3 -Wall -Wextra -std=c++17 -fopenmp -DOMP_EXPLICIT_SIMD=0 -fno-tree-vectorize,11.825423,1e8adb9534bf99dc,passed
layout-Gaussian_11x11-simd_off-t2-r5-4000x3000.png,2026-09-19T18:23:07Z,4000x3000.png,Gaussian_11x11,3990,2990,SoA,Kernel,5,2,static,,off,,,hype1,g++,-O3 -Wall -Wextra -std=c++17 -fopenmp -DOMP_EXPLICIT_SIMD=0 -fno-tree-vectorize,1535.177772,1e8adb9534bf99dc,passed
layout-Gaussian_11x11-simd_off-t2-r5-4000x3000.png,2026-09-19T18:23:07Z,4000x3000.png,Gaussian_11x11,3990,2990,SoA,SoA_to_AoS,5,2,static,,off,,,hype1,g++,-O3 -Wall -Wextra -std=c++17 -fopenmp -DOMP_EXPLICIT_SIMD=0 -fno-tree-vectorize,12.816825,1e8adb9534bf99dc,passed
layout-Gaussian_11x11-simd_off-t2-r5-4000x3000.png,2026-09-19T18:23:07Z,4000x3000.png,Gaussian_11x11,3990,2990,SoA,End_to_End,5,2,static,,off,,,hype1,g++,-O3 -Wall -Wextra -std=c++17 -fopenmp -DOMP_EXPLICIT_SIMD=0 -fno-tree-vectorize,1559.820020,1e8adb9534bf99dc,passed
layout-Gaussian_11x11-simd_off-t2-r5-6000x6000.png,2026-09-19T18:23:23Z,6000x6000.png,Gaussian_11x11,5990,5990,AoS,Kernel,5,2,static,,off,,,hype1,g++,-O3 -Wall -Wextra -std=c++17 -fopenmp -DOMP_EXPLICIT_SIMD=0 -fno-tree-vectorize,4601.733946,c923a906c8989668,passed
layout-Gaussian_11x11-simd_off-t2-r5-6000x6000.png,2026-09-19T18:23:23Z,6000x6000.png,Gaussian_11x11,5990,5990,SoA,AoS_to_SoA,5,2,static,,off,,,hype1,g++,-O3 -Wall -Wextra -std=c++17 -fopenmp -DOMP_EXPLICIT_SIMD=0 -fno-tree-vectorize,35.413108,c923a906c8989668,passed
layout-Gaussian_11x11-simd_off-t2-r5-6000x6000.png,2026-09-19T18:23:23Z,6000x6000.png,Gaussian_11x11,5990,5990,SoA,Kernel,5,2,static,,off,,,hype1,g++,-O3 -Wall -Wextra -std=c++17 -fopenmp -DOMP_EXPLICIT_SIMD=0 -fno-tree-vectorize,4620.562731,c923a906c8989668,passed
layout-Gaussian_11x11-simd_off-t2-r5-6000x6000.png,2026-09-19T18:23:23Z,6000x6000.png,Gaussian_11x11,5990,5990,SoA,SoA_to_AoS,5,2,static,,off,,,hype1,g++,-O3 -Wall -Wextra -std=c++17 -fopenmp -DOMP_EXPLICIT_SIMD=0 -fno-tree-vectorize,37.500541,c923a906c8989668,passed
layout-Gaussian_11x11-simd_off-t2-r5-6000x6000.png,2026-09-19T18:23:23Z,6000x6000.png,Gaussian_11x11,5990,5990,SoA,End_to_End,5,2,static,,off,,,hype1,g++,-O3 -Wall -Wextra -std=c++17 -fopenmp -DOMP_EXPLICIT_SIMD=0 -fno-tree-vectorize,4693.476380,c923a906c8989668,passed
layout-Grayscale-simd_omp-t2-r5-4000x3000.png,2026-09-19T18:23:24Z,4000x3000.png,Grayscale,4000,3000,AoS,Kernel,5,2,static,,omp,,,hype1,g++,-O3 -Wall -Wextra -std=c++17 -fopenmp -DOMP_EXPLICIT_SIMD=1,25.022299,00925fa85224b60c,passed
layout-Grayscale-simd_omp-t2-r5-4000x3000.png,2026-09-19T18:23:24Z,4000x3000.png,Grayscale,4000,3000,SoA,AoS_to_SoA,5,2,static,,omp,,,hype1,g++,-O3 -Wall -Wextra -std=c++17 -fopenmp -DOMP_EXPLICIT_SIMD=1,11.799653,00925fa85224b60c,passed
layout-Grayscale-simd_omp-t2-r5-4000x3000.png,2026-09-19T18:23:24Z,4000x3000.png,Grayscale,4000,3000,SoA,Kernel,5,2,static,,omp,,,hype1,g++,-O3 -Wall -Wextra -std=c++17 -fopenmp -DOMP_EXPLICIT_SIMD=1,19.728022,00925fa85224b60c,passed
layout-Grayscale-simd_omp-t2-r5-4000x3000.png,2026-09-19T18:23:24Z,4000x3000.png,Grayscale,4000,3000,SoA,SoA_to_AoS,5,2,static,,omp,,,hype1,g++,-O3 -Wall -Wextra -std=c++17 -fopenmp -DOMP_EXPLICIT_SIMD=1,13.423072,00925fa85224b60c,passed
layout-Grayscale-simd_omp-t2-r5-4000x3000.png,2026-09-19T18:23:24Z,4000x3000.png,Grayscale,4000,3000,SoA,End_to_End,5,2,static,,omp,,,hype1,g++,-O3 -Wall -Wextra -std=c++17 -fopenmp -DOMP_EXPLICIT_SIMD=1,44.950747,00925fa85224b60c,passed
layout-Grayscale-simd_omp-t2-r5-6000x6000.png,2026-09-19T18:23:26Z,6000x6000.png,Grayscale,6000,6000,AoS,Kernel,5,2,static,,omp,,,hype1,g++,-O3 -Wall -Wextra -std=c++17 -fopenmp -DOMP_EXPLICIT_SIMD=1,75.386385,937793859b387046,passed
layout-Grayscale-simd_omp-t2-r5-6000x6000.png,2026-09-19T18:23:26Z,6000x6000.png,Grayscale,6000,6000,SoA,AoS_to_SoA,5,2,static,,omp,,,hype1,g++,-O3 -Wall -Wextra -std=c++17 -fopenmp -DOMP_EXPLICIT_SIMD=1,36.306652,937793859b387046,passed
layout-Grayscale-simd_omp-t2-r5-6000x6000.png,2026-09-19T18:23:26Z,6000x6000.png,Grayscale,6000,6000,SoA,Kernel,5,2,static,,omp,,,hype1,g++,-O3 -Wall -Wextra -std=c++17 -fopenmp -DOMP_EXPLICIT_SIMD=1,57.740564,937793859b387046,passed
layout-Grayscale-simd_omp-t2-r5-6000x6000.png,2026-09-19T18:23:26Z,6000x6000.png,Grayscale,6000,6000,SoA,SoA_to_AoS,5,2,static,,omp,,,hype1,g++,-O3 -Wall -Wextra -std=c++17 -fopenmp -DOMP_EXPLICIT_SIMD=1,37.704401,937793859b387046,passed
layout-Grayscale-simd_omp-t2-r5-6000x6000.png,2026-09-19T18:23:26Z,6000x6000.png,Grayscale,6000,6000,SoA,End_to_End,5,2,static,,omp,,,hype1,g++,-O3 -Wall -Wextra -std=c++17 -fopenmp -DOMP_EXPLICIT_SIMD=1,131.751617,937793859b387046,passed
layout-Gaussian_11x11-simd_omp-t2-r5-4000x3000.png,2026-09-19T18:23:33Z,4000x3000.png,Gaussian_11x11,3990,2990,AoS,Kernel,5,2,static,,omp,,,hype1,g++,-O3 -Wall -Wextra -std=c++17 -fopenmp -DOMP_EXPLICIT_SIMD=1,1562.057568,1e8adb9534bf99dc,passed
layout-Gaussian_11x11-simd_omp-t2-r5-4000x3000.png,2026-09-19T18:23:33Z,4000x3000.png,Gaussian_11x11,3990,2990,SoA,AoS_to_SoA,5,2,static,,omp,,,hype1,g++,-O3 -Wall -Wextra -std=c++17 -fopenmp -DOMP_EXPLICIT_SIMD=1,11.838425,1e8adb9534bf99dc,passed
layout-Gaussian_11x11-simd_omp-t2-r5-4000x3000.png,2026-09-19T18:23:33Z,4000x3000.png,Gaussian_11x11,3990,2990,SoA,Kernel,5,2,static,,omp,,,hype1,g++,-O3 -Wall -Wextra -std=c++17 -fopenmp -DOMP_EXPLICIT_SIMD=1,3099.854379,1e8adb9534bf99dc,passed
layout-Gaussian_11x11-simd_omp-t2-r5-4000x3000.png,2026-09-19T18:23:33Z,4000x3000.png,Gaussian_11x11,3990,2990,SoA,SoA_to_AoS,5,2,static,,omp,,,hype1,g++,-O3 -Wall -Wextra -std=c++17 -fopenmp -DOMP_EXPLICIT_SIMD=1,12.514935,1e8adb9534bf99dc,passed
layout-Gaussian_11x11-simd_omp-t2-r5-4000x3000.png,2026-09-19T18:23:33Z,4000x3000.png,Gaussian_11x11,3990,2990,SoA,End_to_End,5,2,static,,omp,,,hype1,g++,-O3 -Wall -Wextra -std=c++17 -fopenmp -DOMP_EXPLICIT_SIMD=1,3124.207739,1e8adb9534bf99dc,passed
layout-Gaussian_11x11-simd_omp-t2-r5-6000x6000.png,2026-09-19T18:23:53Z,6000x6000.png,Gaussian_11x11,5990,5990,AoS,Kernel,5,2,static,,omp,,,hype1,g++,-O3 -Wall -Wextra -std=c++17 -fopenmp -DOMP_EXPLICIT_SIMD=1,4604.838337,c923a906c8989668,passed
layout-Gaussian_11x11-simd_omp-t2-r5-6000x6000.png,2026-09-19T18:23:53Z,6000x6000.png,Gaussian_11x11,5990,5990,SoA,AoS_to_SoA,5,2,static,,omp,,,hype1,g++,-O3 -Wall -Wextra -std=c++17 -fopenmp -DOMP_EXPLICIT_SIMD=1,36.614719,c923a906c8989668,passed
layout-Gaussian_11x11-simd_omp-t2-r5-6000x6000.png,2026-09-19T18:23:53Z,6000x6000.png,Gaussian_11x11,5990,5990,SoA,Kernel,5,2,static,,omp,,,hype1,g++,-O3 -Wall -Wextra -std=c++17 -fopenmp -DOMP_EXPLICIT_SIMD=1,9309.723763,c923a906c8989668,passed
layout-Gaussian_11x11-simd_omp-t2-r5-6000x6000.png,2026-09-19T18:23:53Z,6000x6000.png,Gaussian_11x11,5990,5990,SoA,SoA_to_AoS,5,2,static,,omp,,,hype1,g++,-O3 -Wall -Wextra -std=c++17 -fopenmp -DOMP_EXPLICIT_SIMD=1,37.643806,c923a906c8989668,passed
layout-Gaussian_11x11-simd_omp-t2-r5-6000x6000.png,2026-09-19T18:23:53Z,6000x6000.png,Gaussian_11x11,5990,5990,SoA,End_to_End,5,2,static,,omp,,,hype1,g++,-O3 -Wall -Wextra -std=c++17 -fopenmp -DOMP_EXPLICIT_SIMD=1,9383.982288,c923a906c8989668,passed
layout-Grayscale-simd_off-t4-r1-4000x3000.png,2026-09-19T18:24:27Z,4000x3000.png,Grayscale,4000,3000,AoS,Kernel,1,4,static,,off,,,hype1,g++,-O3 -Wall -Wextra -std=c++17 -fopenmp -DOMP_EXPLICIT_SIMD=0 -fno-tree-vectorize,12.878542,00925fa85224b60c,passed
layout-Grayscale-simd_off-t4-r1-4000x3000.png,2026-09-19T18:24:27Z,4000x3000.png,Grayscale,4000,3000,SoA,AoS_to_SoA,1,4,static,,off,,,hype1,g++,-O3 -Wall -Wextra -std=c++17 -fopenmp -DOMP_EXPLICIT_SIMD=0 -fno-tree-vectorize,7.013213,00925fa85224b60c,passed
layout-Grayscale-simd_off-t4-r1-4000x3000.png,2026-09-19T18:24:27Z,4000x3000.png,Grayscale,4000,3000,SoA,Kernel,1,4,static,,off,,,hype1,g++,-O3 -Wall -Wextra -std=c++17 -fopenmp -DOMP_EXPLICIT_SIMD=0 -fno-tree-vectorize,10.216748,00925fa85224b60c,passed
layout-Grayscale-simd_off-t4-r1-4000x3000.png,2026-09-19T18:24:27Z,4000x3000.png,Grayscale,4000,3000,SoA,SoA_to_AoS,1,4,static,,off,,,hype1,g++,-O3 -Wall -Wextra -std=c++17 -fopenmp -DOMP_EXPLICIT_SIMD=0 -fno-tree-vectorize,8.430706,00925fa85224b60c,passed
layout-Grayscale-simd_off-t4-r1-4000x3000.png,2026-09-19T18:24:27Z,4000x3000.png,Grayscale,4000,3000,SoA,End_to_End,1,4,static,,off,,,hype1,g++,-O3 -Wall -Wextra -std=c++17 -fopenmp -DOMP_EXPLICIT_SIMD=0 -fno-tree-vectorize,25.660667,00925fa85224b60c,passed
layout-Grayscale-simd_off-t4-r1-6000x6000.png,2026-09-19T18:24:29Z,6000x6000.png,Grayscale,6000,6000,AoS,Kernel,1,4,static,,off,,,hype1,g++,-O3 -Wall -Wextra -std=c++17 -fopenmp -DOMP_EXPLICIT_SIMD=0 -fno-tree-vectorize,38.864203,937793859b387046,passed
layout-Grayscale-simd_off-t4-r1-6000x6000.png,2026-09-19T18:24:29Z,6000x6000.png,Grayscale,6000,6000,SoA,AoS_to_SoA,1,4,static,,off,,,hype1,g++,-O3 -Wall -Wextra -std=c++17 -fopenmp -DOMP_EXPLICIT_SIMD=0 -fno-tree-vectorize,19.838380,937793859b387046,passed
layout-Grayscale-simd_off-t4-r1-6000x6000.png,2026-09-19T18:24:29Z,6000x6000.png,Grayscale,6000,6000,SoA,Kernel,1,4,static,,off,,,hype1,g++,-O3 -Wall -Wextra -std=c++17 -fopenmp -DOMP_EXPLICIT_SIMD=0 -fno-tree-vectorize,32.833551,937793859b387046,passed
layout-Grayscale-simd_off-t4-r1-6000x6000.png,2026-09-19T18:24:29Z,6000x6000.png,Grayscale,6000,6000,SoA,SoA_to_AoS,1,4,static,,off,,,hype1,g++,-O3 -Wall -Wextra -std=c++17 -fopenmp -DOMP_EXPLICIT_SIMD=0 -fno-tree-vectorize,18.668300,937793859b387046,passed
layout-Grayscale-simd_off-t4-r1-6000x6000.png,2026-09-19T18:24:29Z,6000x6000.png,Grayscale,6000,6000,SoA,End_to_End,1,4,static,,off,,,hype1,g++,-O3 -Wall -Wextra -std=c++17 -fopenmp -DOMP_EXPLICIT_SIMD=0 -fno-tree-vectorize,71.340231,937793859b387046,passed
layout-Gaussian_11x11-simd_off-t4-r1-4000x3000.png,2026-09-19T18:24:32Z,4000x3000.png,Gaussian_11x11,3990,2990,AoS,Kernel,1,4,static,,off,,,hype1,g++,-O3 -Wall -Wextra -std=c++17 -fopenmp -DOMP_EXPLICIT_SIMD=0 -fno-tree-vectorize,774.217518,1e8adb9534bf99dc,passed
layout-Gaussian_11x11-simd_off-t4-r1-4000x3000.png,2026-09-19T18:24:32Z,4000x3000.png,Gaussian_11x11,3990,2990,SoA,AoS_to_SoA,1,4,static,,off,,,hype1,g++,-O3 -Wall -Wextra -std=c++17 -fopenmp -DOMP_EXPLICIT_SIMD=0 -fno-tree-vectorize,6.107969,1e8adb9534bf99dc,passed
layout-Gaussian_11x11-simd_off-t4-r1-4000x3000.png,2026-09-19T18:24:32Z,4000x3000.png,Gaussian_11x11,3990,2990,SoA,Kernel,1,4,static,,off,,,hype1,g++,-O3 -Wall -Wextra -std=c++17 -fopenmp -DOMP_EXPLICIT_SIMD=0 -fno-tree-vectorize,775.702492,1e8adb9534bf99dc,passed
layout-Gaussian_11x11-simd_off-t4-r1-4000x3000.png,2026-09-19T18:24:32Z,4000x3000.png,Gaussian_11x11,3990,2990,SoA,SoA_to_AoS,1,4,static,,off,,,hype1,g++,-O3 -Wall -Wextra -std=c++17 -fopenmp -DOMP_EXPLICIT_SIMD=0 -fno-tree-vectorize,6.927569,1e8adb9534bf99dc,passed
layout-Gaussian_11x11-simd_off-t4-r1-4000x3000.png,2026-09-19T18:24:32Z,4000x3000.png,Gaussian_11x11,3990,2990,SoA,End_to_End,1,4,static,,off,,,hype1,g++,-O3 -Wall -Wextra -std=c++17 -fopenmp -DOMP_EXPLICIT_SIMD=0 -fno-tree-vectorize,788.738030,1e8adb9534bf99dc,passed
layout-Gaussian_11x11-simd_off-t4-r1-6000x6000.png,2026-09-19T18:24:41Z,6000x6000.png,Gaussian_11x11,5990,5990,AoS,Kernel,1,4,static,,off,,,hype1,g++,-O3 -Wall -Wextra -std=c++17 -fopenmp -DOMP_EXPLICIT_SIMD=0 -fno-tree-vectorize,2460.666790,c923a906c8989668,passed
layout-Gaussian_11x11-simd_off-t4-r1-6000x6000.png,2026-09-19T18:24:41Z,6000x6000.png,Gaussian_11x11,5990,5990,SoA,AoS_to_SoA,1,4,static,,off,,,hype1,g++,-O3 -Wall -Wextra -std=c++17 -fopenmp -DOMP_EXPLICIT_SIMD=0 -fno-tree-vectorize,21.292008,c923a906c8989668,passed
layout-Gaussian_11x11-simd_off-t4-r1-6000x6000.png,2026-09-19T18:24:41Z,6000x6000.png,Gaussian_11x11,5990,5990,SoA,Kernel,1,4,static,,off,,,hype1,g++,-O3 -Wall -Wextra -std=c++17 -fopenmp -DOMP_EXPLICIT_SIMD=0 -fno-tree-vectorize,2470.626078,c923a906c8989668,passed
layout-Gaussian_11x11-simd_off-t4-r1-6000x6000.png,2026-09-19T18:24:41Z,6000x6000.png,Gaussian_11x11,5990,5990,SoA,SoA_to_AoS,1,4,static,,off,,,hype1,g++,-O3 -Wall -Wextra -std=c++17 -fopenmp -DOMP_EXPLICIT_SIMD=0 -fno-tree-vectorize,19.302481,c923a906c8989668,passed
layout-Gaussian_11x11-simd_off-t4-r1-6000x6000.png,2026-09-19T18:24:41Z,6000x6000.png,Gaussian_11x11,5990,5990,SoA,End_to_End,1,4,static,,off,,,hype1,g++,-O3 -Wall -Wextra -std=c++17 -fopenmp -DOMP_EXPLICIT_SIMD=0 -fno-tree-vectorize,2511.220567,c923a906c8989668,passed
layout-Grayscale-simd_omp-t4-r1-4000x3000.png,2026-09-19T18:24:42Z,4000x3000.png,Grayscale,4000,3000,AoS,Kernel,1,4,static,,omp,,,hype1,g++,-O3 -Wall -Wextra -std=c++17 -fopenmp -DOMP_EXPLICIT_SIMD=1,12.946626,00925fa85224b60c,passed
layout-Grayscale-simd_omp-t4-r1-4000x3000.png,2026-09-19T18:24:42Z,4000x3000.png,Grayscale,4000,3000,SoA,AoS_to_SoA,1,4,static,,omp,,,hype1,g++,-O3 -Wall -Wextra -std=c++17 -fopenmp -DOMP_EXPLICIT_SIMD=1,7.051705,00925fa85224b60c,passed
layout-Grayscale-simd_omp-t4-r1-4000x3000.png,2026-09-19T18:24:42Z,4000x3000.png,Grayscale,4000,3000,SoA,Kernel,1,4,static,,omp,,,hype1,g++,-O3 -Wall -Wextra -std=c++17 -fopenmp -DOMP_EXPLICIT_SIMD=1,10.332132,00925fa85224b60c,passed
layout-Grayscale-simd_omp-t4-r1-4000x3000.png,2026-09-19T18:24:42Z,4000x3000.png,Grayscale,4000,3000,SoA,SoA_to_AoS,1,4,static,,omp,,,hype1,g++,-O3 -Wall -Wextra -std=c++17 -fopenmp -DOMP_EXPLICIT_SIMD=1,8.802905,00925fa85224b60c,passed
layout-Grayscale-simd_omp-t4-r1-4000x3000.png,2026-09-19T18:24:42Z,4000x3000.png,Grayscale,4000,3000,SoA,End_to_End,1,4,static,,omp,,,hype1,g++,-O3 -Wall -Wextra -std=c++17 -fopenmp -DOMP_EXPLICIT_SIMD=1,26.186742,00925fa85224b60c,passed
layout-Grayscale-simd_omp-t4-r1-6000x6000.png,2026-09-19T18:24:44Z,6000x6000.png,Grayscale,6000,6000,AoS,Kernel,1,4,static,,omp,,,hype1,g++,-O3 -Wall -Wextra -std=c++17 -fopenmp -DOMP_EXPLICIT_SIMD=1,37.331598,937793859b387046,passed
layout-Grayscale-simd_omp-t4-r1-6000x6000.png,2026-09-19T18:24:44Z,6000x6000.png,Grayscale,6000,6000,SoA,AoS_to_SoA,1,4,static,,omp,,,hype1,g++,-O3 -Wall -Wextra -std=c++17 -fopenmp -DOMP_EXPLICIT_SIMD=1,20.898389,937793859b387046,passed
layout-Grayscale-simd_omp-t4-r1-6000x6000.png,2026-09-19T18:24:44Z,6000x6000.png,Grayscale,6000,6000,SoA,Kernel,1,4,static,,omp,,,hype1,g++,-O3 -Wall -Wextra -std=c++17 -fopenmp -DOMP_EXPLICIT_SIMD=1,30.676374,937793859b387046,passed
layout-Grayscale-simd_omp-t4-r1-6000x6000.png,2026-09-19T18:24:44Z,6000x6000.png,Grayscale,6000,6000,SoA,SoA_to_AoS,1,4,static,,omp,,,hype1,g++,-O3 -Wall -Wextra -std=c++17 -fopenmp -DOMP_EXPLICIT_SIMD=1,22.201605,937793859b387046,passed
layout-Grayscale-simd_omp-t4-r1-6000x6000.png,2026-09-19T18:24:44Z,6000x6000.png,Grayscale,6000,6000,SoA,End_to_End,1,4,static,,omp,,,hype1,g++,-O3 -Wall -Wextra -std=c++17 -fopenmp -DOMP_EXPLICIT_SIMD=1,73.776368,937793859b387046,passed
layout-Gaussian_11x11-simd_omp-t4-r1-4000x3000.png,2026-09-19T18:24:48Z,4000x3000.png,Gaussian_11x11,3990,2990,AoS,Kernel,1,4,static,,omp,,,hype1,g++,-O3 -Wall -Wextra -std=c++17 -fopenmp -DOMP_EXPLICIT_SIMD=1,766.283366,1e8adb9534bf99dc,passed
layout-Gaussian_11x11-simd_omp-t4-r1-4000x3000.png,2026-09-19T18:24:48Z,4000x3000.png,Gaussian_11x11,3990,2990,SoA,AoS_to_SoA,1,4,static,,omp,,,hype1,g++,-O3 -Wall -Wextra -std=c++17 -fopenmp -DOMP_EXPLICIT_SIMD=1,6.289859,1e8adb9534bf99dc,passed
layout-Gaussian_11x11-simd_omp-t4-r1-4000x3000.png,2026-09-19T18:24:48Z,4000x3000.png,Gaussian_11x11,3990,2990,SoA,Kernel,1,4,static,,omp,,,hype1,g++,-O3 -Wall -Wextra -std=c++17 -fopenmp -DOMP_EXPLICIT_SIMD=1,1561.101775,1e8adb9534bf99dc,passed
layout-Gaussian_11x11-simd_omp-t4-r1-4000x3000.png,2026-09-19T18:24:48Z,4000x3000.png,Gaussian_11x11,3990,2990,SoA,SoA_to_AoS,1,4,static,,omp,,,hype1,g++,-O3 -Wall -Wextra -std=c++17 -fopenmp -DOMP_EXPLICIT_SIMD=1,6.731324,1e8adb9534bf99dc,passed
layout-Gaussian_11x11-simd_omp-t4-r1-4000x3000.png,2026-09-19T18:24:48Z,4000x3000.png,Gaussian_11x11,3990,2990,SoA,End_to_End,1,4,static,,omp,,,hype1,g++,-O3 -Wall -Wextra -std=c++17 -fopenmp -DOMP_EXPLICIT_SIMD=1,1574.122958,1e8adb9534bf99dc,passed
layout-Gaussian_11x11-simd_omp-t4-r1-6000x6000.png,2026-09-19T18:24:59Z,6000x6000.png,Gaussian_11x11,5990,5990,AoS,Kernel,1,4,static,,omp,,,hype1,g++,-O3 -Wall -Wextra -std=c++17 -fopenmp -DOMP_EXPLICIT_SIMD=1,2344.833840,c923a906c8989668,passed
layout-Gaussian_11x11-simd_omp-t4-r1-6000x6000.png,2026-09-19T18:24:59Z,6000x6000.png,Gaussian_11x11,5990,5990,SoA,AoS_to_SoA,1,4,static,,omp,,,hype1,g++,-O3 -Wall -Wextra -std=c++17 -fopenmp -DOMP_EXPLICIT_SIMD=1,19.414074,c923a906c8989668,passed
layout-Gaussian_11x11-simd_omp-t4-r1-6000x6000.png,2026-09-19T18:24:59Z,6000x6000.png,Gaussian_11x11,5990,5990,SoA,Kernel,1,4,static,,omp,,,hype1,g++,-O3 -Wall -Wextra -std=c++17 -fopenmp -DOMP_EXPLICIT_SIMD=1,4714.281365,c923a906c8989668,passed
layout-Gaussian_11x11-simd_omp-t4-r1-6000x6000.png,2026-09-19T18:24:59Z,6000x6000.png,Gaussian_11x11,5990,5990,SoA,SoA_to_AoS,1,4,static,,omp,,,hype1,g++,-O3 -Wall -Wextra -std=c++17 -fopenmp -DOMP_EXPLICIT_SIMD=1,19.682419,c923a906c8989668,passed
layout-Gaussian_11x11-simd_omp-t4-r1-6000x6000.png,2026-09-19T18:24:59Z,6000x6000.png,Gaussian_11x11,5990,5990,SoA,End_to_End,1,4,static,,omp,,,hype1,g++,-O3 -Wall -Wextra -std=c++17 -fopenmp -DOMP_EXPLICIT_SIMD=1,4753.377858,c923a906c8989668,passed
layout-Grayscale-simd_omp-t4-r2-4000x3000.png,2026-09-19T18:25:00Z,4000x3000.png,Grayscale,4000,3000,AoS,Kernel,2,4,static,,omp,,,hype1,g++,-O3 -Wall -Wextra -std=c++17 -fopenmp -DOMP_EXPLICIT_SIMD=1,13.562427,00925fa85224b60c,passed
layout-Grayscale-simd_omp-t4-r2-4000x3000.png,2026-09-19T18:25:00Z,4000x3000.png,Grayscale,4000,3000,SoA,AoS_to_SoA,2,4,static,,omp,,,hype1,g++,-O3 -Wall -Wextra -std=c++17 -fopenmp -DOMP_EXPLICIT_SIMD=1,7.217699,00925fa85224b60c,passed
layout-Grayscale-simd_omp-t4-r2-4000x3000.png,2026-09-19T18:25:00Z,4000x3000.png,Grayscale,4000,3000,SoA,Kernel,2,4,static,,omp,,,hype1,g++,-O3 -Wall -Wextra -std=c++17 -fopenmp -DOMP_EXPLICIT_SIMD=1,10.134451,00925fa85224b60c,passed
layout-Grayscale-simd_omp-t4-r2-4000x3000.png,2026-09-19T18:25:00Z,4000x3000.png,Grayscale,4000,3000,SoA,SoA_to_AoS,2,4,static,,omp,,,hype1,g++,-O3 -Wall -Wextra -std=c++17 -fopenmp -DOMP_EXPLICIT_SIMD=1,8.507989,00925fa85224b60c,passed
layout-Grayscale-simd_omp-t4-r2-4000x3000.png,2026-09-19T18:25:00Z,4000x3000.png,Grayscale,4000,3000,SoA,End_to_End,2,4,static,,omp,,,hype1,g++,-O3 -Wall -Wextra -std=c++17 -fopenmp -DOMP_EXPLICIT_SIMD=1,25.860139,00925fa85224b60c,passed
layout-Grayscale-simd_omp-t4-r2-6000x6000.png,2026-09-19T18:25:02Z,6000x6000.png,Grayscale,6000,6000,AoS,Kernel,2,4,static,,omp,,,hype1,g++,-O3 -Wall -Wextra -std=c++17 -fopenmp -DOMP_EXPLICIT_SIMD=1,39.213142,937793859b387046,passed
layout-Grayscale-simd_omp-t4-r2-6000x6000.png,2026-09-19T18:25:02Z,6000x6000.png,Grayscale,6000,6000,SoA,AoS_to_SoA,2,4,static,,omp,,,hype1,g++,-O3 -Wall -Wextra -std=c++17 -fopenmp -DOMP_EXPLICIT_SIMD=1,20.878075,937793859b387046,passed
layout-Grayscale-simd_omp-t4-r2-6000x6000.png,2026-09-19T18:25:02Z,6000x6000.png,Grayscale,6000,6000,SoA,Kernel,2,4,static,,omp,,,hype1,g++,-O3 -Wall -Wextra -std=c++17 -fopenmp -DOMP_EXPLICIT_SIMD=1,30.068735,937793859b387046,passed
layout-Grayscale-simd_omp-t4-r2-6000x6000.png,2026-09-19T18:25:02Z,6000x6000.png,Grayscale,6000,6000,SoA,SoA_to_AoS,2,4,static,,omp,,,hype1,g++,-O3 -Wall -Wextra -std=c++17 -fopenmp -DOMP_EXPLICIT_SIMD=1,21.156912,937793859b387046,passed
layout-Grayscale-simd_omp-t4-r2-6000x6000.png,2026-09-19T18:25:02Z,6000x6000.png,Grayscale,6000,6000,SoA,End_to_End,2,4,static,,omp,,,hype1,g++,-O3 -Wall -Wextra -std=c++17 -fopenmp -DOMP_EXPLICIT_SIMD=1,72.103722,937793859b387046,passed
layout-Gaussian_11x11-simd_omp-t4-r2-4000x3000.png,2026-09-19T18:25:05Z,4000x3000.png,Gaussian_11x11,3990,2990,AoS,Kernel,2,4,static,,omp,,,hype1,g++,-O3 -Wall -Wextra -std=c++17 -fopenmp -DOMP_EXPLICIT_SIMD=1,768.817712,1e8adb9534bf99dc,passed
layout-Gaussian_11x11-simd_omp-t4-r2-4000x3000.png,2026-09-19T18:25:05Z,4000x3000.png,Gaussian_11x11,3990,2990,SoA,AoS_to_SoA,2,4,static,,omp,,,hype1,g++,-O3 -Wall -Wextra -std=c++17 -fopenmp -DOMP_EXPLICIT_SIMD=1,6.697009,1e8adb9534bf99dc,passed
layout-Gaussian_11x11-simd_omp-t4-r2-4000x3000.png,2026-09-19T18:25:05Z,4000x3000.png,Gaussian_11x11,3990,2990,SoA,Kernel,2,4,static,,omp,,,hype1,g++,-O3 -Wall -Wextra -std=c++17 -fopenmp -DOMP_EXPLICIT_SIMD=1,1551.964740,1e8adb9534bf99dc,passed
layout-Gaussian_11x11-simd_omp-t4-r2-4000x3000.png,2026-09-19T18:25:05Z,4000x3000.png,Gaussian_11x11,3990,2990,SoA,SoA_to_AoS,2,4,static,,omp,,,hype1,g++,-O3 -Wall -Wextra -std=c++17 -fopenmp -DOMP_EXPLICIT_SIMD=1,6.502482,1e8adb9534bf99dc,passed
layout-Gaussian_11x11-simd_omp-t4-r2-4000x3000.png,2026-09-19T18:25:05Z,4000x3000.png,Gaussian_11x11,3990,2990,SoA,End_to_End,2,4,static,,omp,,,hype1,g++,-O3 -Wall -Wextra -std=c++17 -fopenmp -DOMP_EXPLICIT_SIMD=1,1565.164231,1e8adb9534bf99dc,passed
layout-Gaussian_11x11-simd_omp-t4-r2-6000x6000.png,2026-09-19T18:25:17Z,6000x6000.png,Gaussian_11x11,5990,5990,AoS,Kernel,2,4,static,,omp,,,hype1,g++,-O3 -Wall -Wextra -std=c++17 -fopenmp -DOMP_EXPLICIT_SIMD=1,2312.583395,c923a906c8989668,passed
layout-Gaussian_11x11-simd_omp-t4-r2-6000x6000.png,2026-09-19T18:25:17Z,6000x6000.png,Gaussian_11x11,5990,5990,SoA,AoS_to_SoA,2,4,static,,omp,,,hype1,g++,-O3 -Wall -Wextra -std=c++17 -fopenmp -DOMP_EXPLICIT_SIMD=1,19.408979,c923a906c8989668,passed
layout-Gaussian_11x11-simd_omp-t4-r2-6000x6000.png,2026-09-19T18:25:17Z,6000x6000.png,Gaussian_11x11,5990,5990,SoA,Kernel,2,4,static,,omp,,,hype1,g++,-O3 -Wall -Wextra -std=c++17 -fopenmp -DOMP_EXPLICIT_SIMD=1,4713.754777,c923a906c8989668,passed
layout-Gaussian_11x11-simd_omp-t4-r2-6000x6000.png,2026-09-19T18:25:17Z,6000x6000.png,Gaussian_11x11,5990,5990,SoA,SoA_to_AoS,2,4,static,,omp,,,hype1,g++,-O3 -Wall -Wextra -std=c++17 -fopenmp -DOMP_EXPLICIT_SIMD=1,18.949565,c923a906c8989668,passed
layout-Gaussian_11x11-simd_omp-t4-r2-6000x6000.png,2026-09-19T18:25:17Z,6000x6000.png,Gaussian_11x11,5990,5990,SoA,End_to_End,2,4,static,,omp,,,hype1,g++,-O3 -Wall -Wextra -std=c++17 -fopenmp -DOMP_EXPLICIT_SIMD=1,4752.113321,c923a906c8989668,passed
layout-Grayscale-simd_off-t4-r2-4000x3000.png,2026-09-19T18:25:18Z,4000x3000.png,Grayscale,4000,3000,AoS,Kernel,2,4,static,,off,,,hype1,g++,-O3 -Wall -Wextra -std=c++17 -fopenmp -DOMP_EXPLICIT_SIMD=0 -fno-tree-vectorize,12.895834,00925fa85224b60c,passed
layout-Grayscale-simd_off-t4-r2-4000x3000.png,2026-09-19T18:25:18Z,4000x3000.png,Grayscale,4000,3000,SoA,AoS_to_SoA,2,4,static,,off,,,hype1,g++,-O3 -Wall -Wextra -std=c++17 -fopenmp -DOMP_EXPLICIT_SIMD=0 -fno-tree-vectorize,7.163172,00925fa85224b60c,passed
layout-Grayscale-simd_off-t4-r2-4000x3000.png,2026-09-19T18:25:18Z,4000x3000.png,Grayscale,4000,3000,SoA,Kernel,2,4,static,,off,,,hype1,g++,-O3 -Wall -Wextra -std=c++17 -fopenmp -DOMP_EXPLICIT_SIMD=0 -fno-tree-vectorize,10.232339,00925fa85224b60c,passed
layout-Grayscale-simd_off-t4-r2-4000x3000.png,2026-09-19T18:25:18Z,4000x3000.png,Grayscale,4000,3000,SoA,SoA_to_AoS,2,4,static,,off,,,hype1,g++,-O3 -Wall -Wextra -std=c++17 -fopenmp -DOMP_EXPLICIT_SIMD=0 -fno-tree-vectorize,8.497333,00925fa85224b60c,passed
layout-Grayscale-simd_off-t4-r2-4000x3000.png,2026-09-19T18:25:18Z,4000x3000.png,Grayscale,4000,3000,SoA,End_to_End,2,4,static,,off,,,hype1,g++,-O3 -Wall -Wextra -std=c++17 -fopenmp -DOMP_EXPLICIT_SIMD=0 -fno-tree-vectorize,25.892844,00925fa85224b60c,passed
layout-Grayscale-simd_off-t4-r2-6000x6000.png,2026-09-19T18:25:19Z,6000x6000.png,Grayscale,6000,6000,AoS,Kernel,2,4,static,,off,,,hype1,g++,-O3 -Wall -Wextra -std=c++17 -fopenmp -DOMP_EXPLICIT_SIMD=0 -fno-tree-vectorize,36.485437,937793859b387046,passed
layout-Grayscale-simd_off-t4-r2-6000x6000.png,2026-09-19T18:25:19Z,6000x6000.png,Grayscale,6000,6000,SoA,AoS_to_SoA,2,4,static,,off,,,hype1,g++,-O3 -Wall -Wextra -std=c++17 -fopenmp -DOMP_EXPLICIT_SIMD=0 -fno-tree-vectorize,21.140723,937793859b387046,passed
layout-Grayscale-simd_off-t4-r2-6000x6000.png,2026-09-19T18:25:19Z,6000x6000.png,Grayscale,6000,6000,SoA,Kernel,2,4,static,,off,,,hype1,g++,-O3 -Wall -Wextra -std=c++17 -fopenmp -DOMP_EXPLICIT_SIMD=0 -fno-tree-vectorize,30.561387,937793859b387046,passed
layout-Grayscale-simd_off-t4-r2-6000x6000.png,2026-09-19T18:25:19Z,6000x6000.png,Grayscale,6000,6000,SoA,SoA_to_AoS,2,4,static,,off,,,hype1,g++,-O3 -Wall -Wextra -std=c++17 -fopenmp -DOMP_EXPLICIT_SIMD=0 -fno-tree-vectorize,21.115512,937793859b387046,passed
layout-Grayscale-simd_off-t4-r2-6000x6000.png,2026-09-19T18:25:19Z,6000x6000.png,Grayscale,6000,6000,SoA,End_to_End,2,4,static,,off,,,hype1,g++,-O3 -Wall -Wextra -std=c++17 -fopenmp -DOMP_EXPLICIT_SIMD=0 -fno-tree-vectorize,72.817622,937793859b387046,passed
layout-Gaussian_11x11-simd_off-t4-r2-4000x3000.png,2026-09-19T18:25:23Z,4000x3000.png,Gaussian_11x11,3990,2990,AoS,Kernel,2,4,static,,off,,,hype1,g++,-O3 -Wall -Wextra -std=c++17 -fopenmp -DOMP_EXPLICIT_SIMD=0 -fno-tree-vectorize,769.423628,1e8adb9534bf99dc,passed
layout-Gaussian_11x11-simd_off-t4-r2-4000x3000.png,2026-09-19T18:25:23Z,4000x3000.png,Gaussian_11x11,3990,2990,SoA,AoS_to_SoA,2,4,static,,off,,,hype1,g++,-O3 -Wall -Wextra -std=c++17 -fopenmp -DOMP_EXPLICIT_SIMD=0 -fno-tree-vectorize,6.943124,1e8adb9534bf99dc,passed
layout-Gaussian_11x11-simd_off-t4-r2-4000x3000.png,2026-09-19T18:25:23Z,4000x3000.png,Gaussian_11x11,3990,2990,SoA,Kernel,2,4,static,,off,,,hype1,g++,-O3 -Wall -Wextra -std=c++17 -fopenmp -DOMP_EXPLICIT_SIMD=0 -fno-tree-vectorize,773.676962,1e8adb9534bf99dc,passed
layout-Gaussian_11x11-simd_off-t4-r2-4000x3000.png,2026-09-19T18:25:23Z,4000x3000.png,Gaussian_11x11,3990,2990,SoA,SoA_to_AoS,2,4,static,,off,,,hype1,g++,-O3 -Wall -Wextra -std=c++17 -fopenmp -DOMP_EXPLICIT_SIMD=0 -fno-tree-vectorize,6.236897,1e8adb9534bf99dc,passed
layout-Gaussian_11x11-simd_off-t4-r2-4000x3000.png,2026-09-19T18:25:23Z,4000x3000.png,Gaussian_11x11,3990,2990,SoA,End_to_End,2,4,static,,off,,,hype1,g++,-O3 -Wall -Wextra -std=c++17 -fopenmp -DOMP_EXPLICIT_SIMD=0 -fno-tree-vectorize,786.856983,1e8adb9534bf99dc,passed
layout-Gaussian_11x11-simd_off-t4-r2-6000x6000.png,2026-09-19T18:25:32Z,6000x6000.png,Gaussian_11x11,5990,5990,AoS,Kernel,2,4,static,,off,,,hype1,g++,-O3 -Wall -Wextra -std=c++17 -fopenmp -DOMP_EXPLICIT_SIMD=0 -fno-tree-vectorize,2332.470610,c923a906c8989668,passed
layout-Gaussian_11x11-simd_off-t4-r2-6000x6000.png,2026-09-19T18:25:32Z,6000x6000.png,Gaussian_11x11,5990,5990,SoA,AoS_to_SoA,2,4,static,,off,,,hype1,g++,-O3 -Wall -Wextra -std=c++17 -fopenmp -DOMP_EXPLICIT_SIMD=0 -fno-tree-vectorize,18.886236,c923a906c8989668,passed
layout-Gaussian_11x11-simd_off-t4-r2-6000x6000.png,2026-09-19T18:25:32Z,6000x6000.png,Gaussian_11x11,5990,5990,SoA,Kernel,2,4,static,,off,,,hype1,g++,-O3 -Wall -Wextra -std=c++17 -fopenmp -DOMP_EXPLICIT_SIMD=0 -fno-tree-vectorize,2372.048316,c923a906c8989668,passed
layout-Gaussian_11x11-simd_off-t4-r2-6000x6000.png,2026-09-19T18:25:32Z,6000x6000.png,Gaussian_11x11,5990,5990,SoA,SoA_to_AoS,2,4,static,,off,,,hype1,g++,-O3 -Wall -Wextra -std=c++17 -fopenmp -DOMP_EXPLICIT_SIMD=0 -fno-tree-vectorize,19.243765,c923a906c8989668,passed
layout-Gaussian_11x11-simd_off-t4-r2-6000x6000.png,2026-09-19T18:25:32Z,6000x6000.png,Gaussian_11x11,5990,5990,SoA,End_to_End,2,4,static,,off,,,hype1,g++,-O3 -Wall -Wextra -std=c++17 -fopenmp -DOMP_EXPLICIT_SIMD=0 -fno-tree-vectorize,2410.178317,c923a906c8989668,passed
layout-Grayscale-simd_off-t4-r3-4000x3000.png,2026-09-19T18:25:32Z,4000x3000.png,Grayscale,4000,3000,AoS,Kernel,3,4,static,,off,,,hype1,g++,-O3 -Wall -Wextra -std=c++17 -fopenmp -DOMP_EXPLICIT_SIMD=0 -fno-tree-vectorize,12.952589,00925fa85224b60c,passed
layout-Grayscale-simd_off-t4-r3-4000x3000.png,2026-09-19T18:25:32Z,4000x3000.png,Grayscale,4000,3000,SoA,AoS_to_SoA,3,4,static,,off,,,hype1,g++,-O3 -Wall -Wextra -std=c++17 -fopenmp -DOMP_EXPLICIT_SIMD=0 -fno-tree-vectorize,6.983010,00925fa85224b60c,passed
layout-Grayscale-simd_off-t4-r3-4000x3000.png,2026-09-19T18:25:32Z,4000x3000.png,Grayscale,4000,3000,SoA,Kernel,3,4,static,,off,,,hype1,g++,-O3 -Wall -Wextra -std=c++17 -fopenmp -DOMP_EXPLICIT_SIMD=0 -fno-tree-vectorize,10.139535,00925fa85224b60c,passed
layout-Grayscale-simd_off-t4-r3-4000x3000.png,2026-09-19T18:25:32Z,4000x3000.png,Grayscale,4000,3000,SoA,SoA_to_AoS,3,4,static,,off,,,hype1,g++,-O3 -Wall -Wextra -std=c++17 -fopenmp -DOMP_EXPLICIT_SIMD=0 -fno-tree-vectorize,8.765753,00925fa85224b60c,passed
layout-Grayscale-simd_off-t4-r3-4000x3000.png,2026-09-19T18:25:32Z,4000x3000.png,Grayscale,4000,3000,SoA,End_to_End,3,4,static,,off,,,hype1,g++,-O3 -Wall -Wextra -std=c++17 -fopenmp -DOMP_EXPLICIT_SIMD=0 -fno-tree-vectorize,25.888298,00925fa85224b60c,passed
layout-Grayscale-simd_off-t4-r3-6000x6000.png,2026-09-19T18:25:34Z,6000x6000.png,Grayscale,6000,6000,AoS,Kernel,3,4,static,,off,,,hype1,g++,-O3 -Wall -Wextra -std=c++17 -fopenmp -DOMP_EXPLICIT_SIMD=0 -fno-tree-vectorize,37.744831,937793859b387046,passed
layout-Grayscale-simd_off-t4-r3-6000x6000.png,2026-09-19T18:25:34Z,6000x6000.png,Grayscale,6000,6000,SoA,AoS_to_SoA,3,4,static,,off,,,hype1,g++,-O3 -Wall -Wextra -std=c++17 -fopenmp -DOMP_EXPLICIT_SIMD=0 -fno-tree-vectorize,20.843823,937793859b387046,passed
layout-Grayscale-simd_off-t4-r3-6000x6000.png,2026-09-19T18:25:34Z,6000x6000.png,Grayscale,6000,6000,SoA,Kernel,3,4,static,,off,,,hype1,g++,-O3 -Wall -Wextra -std=c++17 -fopenmp -DOMP_EXPLICIT_SIMD=0 -fno-tree-vectorize,30.528322,937793859b387046,passed
layout-Grayscale-simd_off-t4-r3-6000x6000.png,2026-09-19T18:25:34Z,6000x6000.png,Grayscale,6000,6000,SoA,SoA_to_AoS,3,4,static,,off,,,hype1,g++,-O3 -Wall -Wextra -std=c++17 -fopenmp -DOMP_EXPLICIT_SIMD=0 -fno-tree-vectorize,21.642309,937793859b387046,passed
layout-Grayscale-simd_off-t4-r3-6000x6000.png,2026-09-19T18:25:34Z,6000x6000.png,Grayscale,6000,6000,SoA,End_to_End,3,4,static,,off,,,hype1,g++,-O3 -Wall -Wextra -std=c++17 -fopenmp -DOMP_EXPLICIT_SIMD=0 -fno-tree-vectorize,73.014454,937793859b387046,passed
layout-Gaussian_11x11-simd_off-t4-r3-4000x3000.png,2026-09-19T18:25:37Z,4000x3000.png,Gaussian_11x11,3990,2990,AoS,Kernel,3,4,static,,off,,,hype1,g++,-O3 -Wall -Wextra -std=c++17 -fopenmp -DOMP_EXPLICIT_SIMD=0 -fno-tree-vectorize,774.552538,1e8adb9534bf99dc,passed
layout-Gaussian_11x11-simd_off-t4-r3-4000x3000.png,2026-09-19T18:25:37Z,4000x3000.png,Gaussian_11x11,3990,2990,SoA,AoS_to_SoA,3,4,static,,off,,,hype1,g++,-O3 -Wall -Wextra -std=c++17 -fopenmp -DOMP_EXPLICIT_SIMD=0 -fno-tree-vectorize,6.113330,1e8adb9534bf99dc,passed
layout-Gaussian_11x11-simd_off-t4-r3-4000x3000.png,2026-09-19T18:25:37Z,4000x3000.png,Gaussian_11x11,3990,2990,SoA,Kernel,3,4,static,,off,,,hype1,g++,-O3 -Wall -Wextra -std=c++17 -fopenmp -DOMP_EXPLICIT_SIMD=0 -fno-tree-vectorize,786.238627,1e8adb9534bf99dc,passed
layout-Gaussian_11x11-simd_off-t4-r3-4000x3000.png,2026-09-19T18:25:37Z,4000x3000.png,Gaussian_11x11,3990,2990,SoA,SoA_to_AoS,3,4,static,,off,,,hype1,g++,-O3 -Wall -Wextra -std=c++17 -fopenmp -DOMP_EXPLICIT_SIMD=0 -fno-tree-vectorize,6.208931,1e8adb9534bf99dc,passed
layout-Gaussian_11x11-simd_off-t4-r3-4000x3000.png,2026-09-19T18:25:37Z,4000x3000.png,Gaussian_11x11,3990,2990,SoA,End_to_End,3,4,static,,off,,,hype1,g++,-O3 -Wall -Wextra -std=c++17 -fopenmp -DOMP_EXPLICIT_SIMD=0 -fno-tree-vectorize,798.560888,1e8adb9534bf99dc,passed
layout-Gaussian_11x11-simd_off-t4-r3-6000x6000.png,2026-09-19T18:25:46Z,6000x6000.png,Gaussian_11x11,5990,5990,AoS,Kernel,3,4,static,,off,,,hype1,g++,-O3 -Wall -Wextra -std=c++17 -fopenmp -DOMP_EXPLICIT_SIMD=0 -fno-tree-vectorize,2331.105735,c923a906c8989668,passed
layout-Gaussian_11x11-simd_off-t4-r3-6000x6000.png,2026-09-19T18:25:46Z,6000x6000.png,Gaussian_11x11,5990,5990,SoA,AoS_to_SoA,3,4,static,,off,,,hype1,g++,-O3 -Wall -Wextra -std=c++17 -fopenmp -DOMP_EXPLICIT_SIMD=0 -fno-tree-vectorize,19.672044,c923a906c8989668,passed
layout-Gaussian_11x11-simd_off-t4-r3-6000x6000.png,2026-09-19T18:25:46Z,6000x6000.png,Gaussian_11x11,5990,5990,SoA,Kernel,3,4,static,,off,,,hype1,g++,-O3 -Wall -Wextra -std=c++17 -fopenmp -DOMP_EXPLICIT_SIMD=0 -fno-tree-vectorize,2324.854394,c923a906c8989668,passed
layout-Gaussian_11x11-simd_off-t4-r3-6000x6000.png,2026-09-19T18:25:46Z,6000x6000.png,Gaussian_11x11,5990,5990,SoA,SoA_to_AoS,3,4,static,,off,,,hype1,g++,-O3 -Wall -Wextra -std=c++17 -fopenmp -DOMP_EXPLICIT_SIMD=0 -fno-tree-vectorize,18.631397,c923a906c8989668,passed
layout-Gaussian_11x11-simd_off-t4-r3-6000x6000.png,2026-09-19T18:25:46Z,6000x6000.png,Gaussian_11x11,5990,5990,SoA,End_to_End,3,4,static,,off,,,hype1,g++,-O3 -Wall -Wextra -std=c++17 -fopenmp -DOMP_EXPLICIT_SIMD=0 -fno-tree-vectorize,2363.157835,c923a906c8989668,passed
layout-Grayscale-simd_omp-t4-r3-4000x3000.png,2026-09-19T18:25:47Z,4000x3000.png,Grayscale,4000,3000,AoS,Kernel,3,4,static,,omp,,,hype1,g++,-O3 -Wall -Wextra -std=c++17 -fopenmp -DOMP_EXPLICIT_SIMD=1,13.270600,00925fa85224b60c,passed
layout-Grayscale-simd_omp-t4-r3-4000x3000.png,2026-09-19T18:25:47Z,4000x3000.png,Grayscale,4000,3000,SoA,AoS_to_SoA,3,4,static,,omp,,,hype1,g++,-O3 -Wall -Wextra -std=c++17 -fopenmp -DOMP_EXPLICIT_SIMD=1,7.172662,00925fa85224b60c,passed
layout-Grayscale-simd_omp-t4-r3-4000x3000.png,2026-09-19T18:25:47Z,4000x3000.png,Grayscale,4000,3000,SoA,Kernel,3,4,static,,omp,,,hype1,g++,-O3 -Wall -Wextra -std=c++17 -fopenmp -DOMP_EXPLICIT_SIMD=1,10.181950,00925fa85224b60c,passed
layout-Grayscale-simd_omp-t4-r3-4000x3000.png,2026-09-19T18:25:47Z,4000x3000.png,Grayscale,4000,3000,SoA,SoA_to_AoS,3,4,static,,omp,,,hype1,g++,-O3 -Wall -Wextra -std=c++17 -fopenmp -DOMP_EXPLICIT_SIMD=1,8.535617,00925fa85224b60c,passed
layout-Grayscale-simd_omp-t4-r3-4000x3000.png,2026-09-19T18:25:47Z,4000x3000.png,Grayscale,4000,3000,SoA,End_to_End,3,4,static,,omp,,,hype1,g++,-O3 -Wall -Wextra -std=c++17 -fopenmp -DOMP_EXPLICIT_SIMD=1,25.890229,00925fa85224b60c,passed
layout-Grayscale-simd_omp-t4-r3-6000x6000.png,2026-09-19T18:25:49Z,6000x6000.png,Grayscale,6000,6000,AoS,Kernel,3,4,static,,omp,,,hype1,g++,-O3 -Wall -Wextra -std=c++17 -fopenmp -DOMP_EXPLICIT_SIMD=1,38.972331,937793859b387046,passed
layout-Grayscale-simd_omp-t4-r3-6000x6000.png,2026-09-19T18:25:49Z,6000x6000.png,Grayscale,6000,6000,SoA,AoS_to_SoA,3,4,static,,omp,,,hype1,g++,-O3 -Wall -Wextra -std=c++17 -fopenmp -DOMP_EXPLICIT_SIMD=1,20.788924,937793859b387046,passed
layout-Grayscale-simd_omp-t4-r3-6000x6000.png,2026-09-19T18:25:49Z,6000x6000.png,Grayscale,6000,6000,SoA,Kernel,3,4,static,,omp,,,hype1,g++,-O3 -Wall -Wextra -std=c++17 -fopenmp -DOMP_EXPLICIT_SIMD=1,30.600704,937793859b387046,passed
layout-Grayscale-simd_omp-t4-r3-6000x6000.png,2026-09-19T18:25:49Z,6000x6000.png,Grayscale,6000,6000,SoA,SoA_to_AoS,3,4,static,,omp,,,hype1,g++,-O3 -Wall -Wextra -std=c++17 -fopenmp -DOMP_EXPLICIT_SIMD=1,22.120181,937793859b387046,passed
layout-Grayscale-simd_omp-t4-r3-6000x6000.png,2026-09-19T18:25:49Z,6000x6000.png,Grayscale,6000,6000,SoA,End_to_End,3,4,static,,omp,,,hype1,g++,-O3 -Wall -Wextra -std=c++17 -fopenmp -DOMP_EXPLICIT_SIMD=1,73.509809,937793859b387046,passed
layout-Gaussian_11x11-simd_omp-t4-r3-4000x3000.png,2026-09-19T18:25:53Z,4000x3000.png,Gaussian_11x11,3990,2990,AoS,Kernel,3,4,static,,omp,,,hype1,g++,-O3 -Wall -Wextra -std=c++17 -fopenmp -DOMP_EXPLICIT_SIMD=1,769.437527,1e8adb9534bf99dc,passed
layout-Gaussian_11x11-simd_omp-t4-r3-4000x3000.png,2026-09-19T18:25:53Z,4000x3000.png,Gaussian_11x11,3990,2990,SoA,AoS_to_SoA,3,4,static,,omp,,,hype1,g++,-O3 -Wall -Wextra -std=c++17 -fopenmp -DOMP_EXPLICIT_SIMD=1,6.340320,1e8adb9534bf99dc,passed
layout-Gaussian_11x11-simd_omp-t4-r3-4000x3000.png,2026-09-19T18:25:53Z,4000x3000.png,Gaussian_11x11,3990,2990,SoA,Kernel,3,4,static,,omp,,,hype1,g++,-O3 -Wall -Wextra -std=c++17 -fopenmp -DOMP_EXPLICIT_SIMD=1,1562.206222,1e8adb9534bf99dc,passed
layout-Gaussian_11x11-simd_omp-t4-r3-4000x3000.png,2026-09-19T18:25:53Z,4000x3000.png,Gaussian_11x11,3990,2990,SoA,SoA_to_AoS,3,4,static,,omp,,,hype1,g++,-O3 -Wall -Wextra -std=c++17 -fopenmp -DOMP_EXPLICIT_SIMD=1,6.378761,1e8adb9534bf99dc,passed
layout-Gaussian_11x11-simd_omp-t4-r3-4000x3000.png,2026-09-19T18:25:53Z,4000x3000.png,Gaussian_11x11,3990,2990,SoA,End_to_End,3,4,static,,omp,,,hype1,g++,-O3 -Wall -Wextra -std=c++17 -fopenmp -DOMP_EXPLICIT_SIMD=1,1574.925303,1e8adb9534bf99dc,passed
layout-Gaussian_11x11-simd_omp-t4-r3-6000x6000.png,2026-09-19T18:26:04Z,6000x6000.png,Gaussian_11x11,5990,5990,AoS,Kernel,3,4,static,,omp,,,hype1,g++,-O3 -Wall -Wextra -std=c++17 -fopenmp -DOMP_EXPLICIT_SIMD=1,2324.775409,c923a906c8989668,passed
layout-Gaussian_11x11-simd_omp-t4-r3-6000x6000.png,2026-09-19T18:26:04Z,6000x6000.png,Gaussian_11x11,5990,5990,SoA,AoS_to_SoA,3,4,static,,omp,,,hype1,g++,-O3 -Wall -Wextra -std=c++17 -fopenmp -DOMP_EXPLICIT_SIMD=1,19.129120,c923a906c8989668,passed
layout-Gaussian_11x11-simd_omp-t4-r3-6000x6000.png,2026-09-19T18:26:04Z,6000x6000.png,Gaussian_11x11,5990,5990,SoA,Kernel,3,4,static,,omp,,,hype1,g++,-O3 -Wall -Wextra -std=c++17 -fopenmp -DOMP_EXPLICIT_SIMD=1,4800.131381,c923a906c8989668,passed
layout-Gaussian_11x11-simd_omp-t4-r3-6000x6000.png,2026-09-19T18:26:04Z,6000x6000.png,Gaussian_11x11,5990,5990,SoA,SoA_to_AoS,3,4,static,,omp,,,hype1,g++,-O3 -Wall -Wextra -std=c++17 -fopenmp -DOMP_EXPLICIT_SIMD=1,20.736886,c923a906c8989668,passed
layout-Gaussian_11x11-simd_omp-t4-r3-6000x6000.png,2026-09-19T18:26:04Z,6000x6000.png,Gaussian_11x11,5990,5990,SoA,End_to_End,3,4,static,,omp,,,hype1,g++,-O3 -Wall -Wextra -std=c++17 -fopenmp -DOMP_EXPLICIT_SIMD=1,4839.997387,c923a906c8989668,passed
layout-Grayscale-simd_omp-t4-r4-4000x3000.png,2026-09-19T18:26:05Z,4000x3000.png,Grayscale,4000,3000,AoS,Kernel,4,4,static,,omp,,,hype1,g++,-O3 -Wall -Wextra -std=c++17 -fopenmp -DOMP_EXPLICIT_SIMD=1,13.179251,00925fa85224b60c,passed
layout-Grayscale-simd_omp-t4-r4-4000x3000.png,2026-09-19T18:26:05Z,4000x3000.png,Grayscale,4000,3000,SoA,AoS_to_SoA,4,4,static,,omp,,,hype1,g++,-O3 -Wall -Wextra -std=c++17 -fopenmp -DOMP_EXPLICIT_SIMD=1,7.090733,00925fa85224b60c,passed
layout-Grayscale-simd_omp-t4-r4-4000x3000.png,2026-09-19T18:26:05Z,4000x3000.png,Grayscale,4000,3000,SoA,Kernel,4,4,static,,omp,,,hype1,g++,-O3 -Wall -Wextra -std=c++17 -fopenmp -DOMP_EXPLICIT_SIMD=1,9.985887,00925fa85224b60c,passed
layout-Grayscale-simd_omp-t4-r4-4000x3000.png,2026-09-19T18:26:05Z,4000x3000.png,Grayscale,4000,3000,SoA,SoA_to_AoS,4,4,static,,omp,,,hype1,g++,-O3 -Wall -Wextra -std=c++17 -fopenmp -DOMP_EXPLICIT_SIMD=1,8.143728,00925fa85224b60c,passed
layout-Grayscale-simd_omp-t4-r4-4000x3000.png,2026-09-19T18:26:05Z,4000x3000.png,Grayscale,4000,3000,SoA,End_to_End,4,4,static,,omp,,,hype1,g++,-O3 -Wall -Wextra -std=c++17 -fopenmp -DOMP_EXPLICIT_SIMD=1,25.220348,00925fa85224b60c,passed
layout-Grayscale-simd_omp-t4-r4-6000x6000.png,2026-09-19T18:26:07Z,6000x6000.png,Grayscale,6000,6000,AoS,Kernel,4,4,static,,omp,,,hype1,g++,-O3 -Wall -Wextra -std=c++17 -fopenmp -DOMP_EXPLICIT_SIMD=1,38.313963,937793859b387046,passed
layout-Grayscale-simd_omp-t4-r4-6000x6000.png,2026-09-19T18:26:07Z,6000x6000.png,Grayscale,6000,6000,SoA,AoS_to_SoA,4,4,static,,omp,,,hype1,g++,-O3 -Wall -Wextra -std=c++17 -fopenmp -DOMP_EXPLICIT_SIMD=1,20.889305,937793859b387046,passed
layout-Grayscale-simd_omp-t4-r4-6000x6000.png,2026-09-19T18:26:07Z,6000x6000.png,Grayscale,6000,6000,SoA,Kernel,4,4,static,,omp,,,hype1,g++,-O3 -Wall -Wextra -std=c++17 -fopenmp -DOMP_EXPLICIT_SIMD=1,30.624988,937793859b387046,passed
layout-Grayscale-simd_omp-t4-r4-6000x6000.png,2026-09-19T18:26:07Z,6000x6000.png,Grayscale,6000,6000,SoA,SoA_to_AoS,4,4,static,,omp,,,hype1,g++,-O3 -Wall -Wextra -std=c++17 -fopenmp -DOMP_EXPLICIT_SIMD=1,21.507865,937793859b387046,passed
layout-Grayscale-simd_omp-t4-r4-6000x6000.png,2026-09-19T18:26:07Z,6000x6000.png,Grayscale,6000,6000,SoA,End_to_End,4,4,static,,omp,,,hype1,g++,-O3 -Wall -Wextra -std=c++17 -fopenmp -DOMP_EXPLICIT_SIMD=1,73.022158,937793859b387046,passed
layout-Gaussian_11x11-simd_omp-t4-r4-4000x3000.png,2026-09-19T18:26:11Z,4000x3000.png,Gaussian_11x11,3990,2990,AoS,Kernel,4,4,static,,omp,,,hype1,g++,-O3 -Wall -Wextra -std=c++17 -fopenmp -DOMP_EXPLICIT_SIMD=1,774.017976,1e8adb9534bf99dc,passed
layout-Gaussian_11x11-simd_omp-t4-r4-4000x3000.png,2026-09-19T18:26:11Z,4000x3000.png,Gaussian_11x11,3990,2990,SoA,AoS_to_SoA,4,4,static,,omp,,,hype1,g++,-O3 -Wall -Wextra -std=c++17 -fopenmp -DOMP_EXPLICIT_SIMD=1,6.199546,1e8adb9534bf99dc,passed
layout-Gaussian_11x11-simd_omp-t4-r4-4000x3000.png,2026-09-19T18:26:11Z,4000x3000.png,Gaussian_11x11,3990,2990,SoA,Kernel,4,4,static,,omp,,,hype1,g++,-O3 -Wall -Wextra -std=c++17 -fopenmp -DOMP_EXPLICIT_SIMD=1,1561.707264,1e8adb9534bf99dc,passed
layout-Gaussian_11x11-simd_omp-t4-r4-4000x3000.png,2026-09-19T18:26:11Z,4000x3000.png,Gaussian_11x11,3990,2990,SoA,SoA_to_AoS,4,4,static,,omp,,,hype1,g++,-O3 -Wall -Wextra -std=c++17 -fopenmp -DOMP_EXPLICIT_SIMD=1,6.586476,1e8adb9534bf99dc,passed
layout-Gaussian_11x11-simd_omp-t4-r4-4000x3000.png,2026-09-19T18:26:11Z,4000x3000.png,Gaussian_11x11,3990,2990,SoA,End_to_End,4,4,static,,omp,,,hype1,g++,-O3 -Wall -Wextra -std=c++17 -fopenmp -DOMP_EXPLICIT_SIMD=1,1574.493286,1e8adb9534bf99dc,passed
layout-Gaussian_11x11-simd_omp-t4-r4-6000x6000.png,2026-09-19T18:26:22Z,6000x6000.png,Gaussian_11x11,5990,5990,AoS,Kernel,4,4,static,,omp,,,hype1,g++,-O3 -Wall -Wextra -std=c++17 -fopenmp -DOMP_EXPLICIT_SIMD=1,2323.652149,c923a906c8989668,passed
layout-Gaussian_11x11-simd_omp-t4-r4-6000x6000.png,2026-09-19T18:26:22Z,6000x6000.png,Gaussian_11x11,5990,5990,SoA,AoS_to_SoA,4,4,static,,omp,,,hype1,g++,-O3 -Wall -Wextra -std=c++17 -fopenmp -DOMP_EXPLICIT_SIMD=1,20.743959,c923a906c8989668,passed
layout-Gaussian_11x11-simd_omp-t4-r4-6000x6000.png,2026-09-19T18:26:22Z,6000x6000.png,Gaussian_11x11,5990,5990,SoA,Kernel,4,4,static,,omp,,,hype1,g++,-O3 -Wall -Wextra -std=c++17 -fopenmp -DOMP_EXPLICIT_SIMD=1,4711.666726,c923a906c8989668,passed
layout-Gaussian_11x11-simd_omp-t4-r4-6000x6000.png,2026-09-19T18:26:22Z,6000x6000.png,Gaussian_11x11,5990,5990,SoA,SoA_to_AoS,4,4,static,,omp,,,hype1,g++,-O3 -Wall -Wextra -std=c++17 -fopenmp -DOMP_EXPLICIT_SIMD=1,19.105543,c923a906c8989668,passed
layout-Gaussian_11x11-simd_omp-t4-r4-6000x6000.png,2026-09-19T18:26:22Z,6000x6000.png,Gaussian_11x11,5990,5990,SoA,End_to_End,4,4,static,,omp,,,hype1,g++,-O3 -Wall -Wextra -std=c++17 -fopenmp -DOMP_EXPLICIT_SIMD=1,4751.516228,c923a906c8989668,passed
layout-Grayscale-simd_off-t4-r4-4000x3000.png,2026-09-19T18:26:23Z,4000x3000.png,Grayscale,4000,3000,AoS,Kernel,4,4,static,,off,,,hype1,g++,-O3 -Wall -Wextra -std=c++17 -fopenmp -DOMP_EXPLICIT_SIMD=0 -fno-tree-vectorize,12.916827,00925fa85224b60c,passed
layout-Grayscale-simd_off-t4-r4-4000x3000.png,2026-09-19T18:26:23Z,4000x3000.png,Grayscale,4000,3000,SoA,AoS_to_SoA,4,4,static,,off,,,hype1,g++,-O3 -Wall -Wextra -std=c++17 -fopenmp -DOMP_EXPLICIT_SIMD=0 -fno-tree-vectorize,7.615248,00925fa85224b60c,passed
layout-Grayscale-simd_off-t4-r4-4000x3000.png,2026-09-19T18:26:23Z,4000x3000.png,Grayscale,4000,3000,SoA,Kernel,4,4,static,,off,,,hype1,g++,-O3 -Wall -Wextra -std=c++17 -fopenmp -DOMP_EXPLICIT_SIMD=0 -fno-tree-vectorize,9.818568,00925fa85224b60c,passed
layout-Grayscale-simd_off-t4-r4-4000x3000.png,2026-09-19T18:26:23Z,4000x3000.png,Grayscale,4000,3000,SoA,SoA_to_AoS,4,4,static,,off,,,hype1,g++,-O3 -Wall -Wextra -std=c++17 -fopenmp -DOMP_EXPLICIT_SIMD=0 -fno-tree-vectorize,7.933593,00925fa85224b60c,passed
layout-Grayscale-simd_off-t4-r4-4000x3000.png,2026-09-19T18:26:23Z,4000x3000.png,Grayscale,4000,3000,SoA,End_to_End,4,4,static,,off,,,hype1,g++,-O3 -Wall -Wextra -std=c++17 -fopenmp -DOMP_EXPLICIT_SIMD=0 -fno-tree-vectorize,25.367409,00925fa85224b60c,passed
layout-Grayscale-simd_off-t4-r4-6000x6000.png,2026-09-19T18:26:25Z,6000x6000.png,Grayscale,6000,6000,AoS,Kernel,4,4,static,,off,,,hype1,g++,-O3 -Wall -Wextra -std=c++17 -fopenmp -DOMP_EXPLICIT_SIMD=0 -fno-tree-vectorize,37.488104,937793859b387046,passed
layout-Grayscale-simd_off-t4-r4-6000x6000.png,2026-09-19T18:26:25Z,6000x6000.png,Grayscale,6000,6000,SoA,AoS_to_SoA,4,4,static,,off,,,hype1,g++,-O3 -Wall -Wextra -std=c++17 -fopenmp -DOMP_EXPLICIT_SIMD=0 -fno-tree-vectorize,20.912371,937793859b387046,passed
layout-Grayscale-simd_off-t4-r4-6000x6000.png,2026-09-19T18:26:25Z,6000x6000.png,Grayscale,6000,6000,SoA,Kernel,4,4,static,,off,,,hype1,g++,-O3 -Wall -Wextra -std=c++17 -fopenmp -DOMP_EXPLICIT_SIMD=0 -fno-tree-vectorize,30.567978,937793859b387046,passed
layout-Grayscale-simd_off-t4-r4-6000x6000.png,2026-09-19T18:26:25Z,6000x6000.png,Grayscale,6000,6000,SoA,SoA_to_AoS,4,4,static,,off,,,hype1,g++,-O3 -Wall -Wextra -std=c++17 -fopenmp -DOMP_EXPLICIT_SIMD=0 -fno-tree-vectorize,21.744323,937793859b387046,passed
layout-Grayscale-simd_off-t4-r4-6000x6000.png,2026-09-19T18:26:25Z,6000x6000.png,Grayscale,6000,6000,SoA,End_to_End,4,4,static,,off,,,hype1,g++,-O3 -Wall -Wextra -std=c++17 -fopenmp -DOMP_EXPLICIT_SIMD=0 -fno-tree-vectorize,73.224672,937793859b387046,passed
layout-Gaussian_11x11-simd_off-t4-r4-4000x3000.png,2026-09-19T18:26:28Z,4000x3000.png,Gaussian_11x11,3990,2990,AoS,Kernel,4,4,static,,off,,,hype1,g++,-O3 -Wall -Wextra -std=c++17 -fopenmp -DOMP_EXPLICIT_SIMD=0 -fno-tree-vectorize,793.690031,1e8adb9534bf99dc,passed
layout-Gaussian_11x11-simd_off-t4-r4-4000x3000.png,2026-09-19T18:26:28Z,4000x3000.png,Gaussian_11x11,3990,2990,SoA,AoS_to_SoA,4,4,static,,off,,,hype1,g++,-O3 -Wall -Wextra -std=c++17 -fopenmp -DOMP_EXPLICIT_SIMD=0 -fno-tree-vectorize,6.504114,1e8adb9534bf99dc,passed
layout-Gaussian_11x11-simd_off-t4-r4-4000x3000.png,2026-09-19T18:26:28Z,4000x3000.png,Gaussian_11x11,3990,2990,SoA,Kernel,4,4,static,,off,,,hype1,g++,-O3 -Wall -Wextra -std=c++17 -fopenmp -DOMP_EXPLICIT_SIMD=0 -fno-tree-vectorize,774.771858,1e8adb9534bf99dc,passed
layout-Gaussian_11x11-simd_off-t4-r4-4000x3000.png,2026-09-19T18:26:28Z,4000x3000.png,Gaussian_11x11,3990,2990,SoA,SoA_to_AoS,4,4,static,,off,,,hype1,g++,-O3 -Wall -Wextra -std=c++17 -fopenmp -DOMP_EXPLICIT_SIMD=0 -fno-tree-vectorize,6.562980,1e8adb9534bf99dc,passed
layout-Gaussian_11x11-simd_off-t4-r4-4000x3000.png,2026-09-19T18:26:28Z,4000x3000.png,Gaussian_11x11,3990,2990,SoA,End_to_End,4,4,static,,off,,,hype1,g++,-O3 -Wall -Wextra -std=c++17 -fopenmp -DOMP_EXPLICIT_SIMD=0 -fno-tree-vectorize,787.838952,1e8adb9534bf99dc,passed
layout-Gaussian_11x11-simd_off-t4-r4-6000x6000.png,2026-09-19T18:26:37Z,6000x6000.png,Gaussian_11x11,5990,5990,AoS,Kernel,4,4,static,,off,,,hype1,g++,-O3 -Wall -Wextra -std=c++17 -fopenmp -DOMP_EXPLICIT_SIMD=0 -fno-tree-vectorize,2381.049940,c923a906c8989668,passed
layout-Gaussian_11x11-simd_off-t4-r4-6000x6000.png,2026-09-19T18:26:37Z,6000x6000.png,Gaussian_11x11,5990,5990,SoA,AoS_to_SoA,4,4,static,,off,,,hype1,g++,-O3 -Wall -Wextra -std=c++17 -fopenmp -DOMP_EXPLICIT_SIMD=0 -fno-tree-vectorize,19.385913,c923a906c8989668,passed
layout-Gaussian_11x11-simd_off-t4-r4-6000x6000.png,2026-09-19T18:26:37Z,6000x6000.png,Gaussian_11x11,5990,5990,SoA,Kernel,4,4,static,,off,,,hype1,g++,-O3 -Wall -Wextra -std=c++17 -fopenmp -DOMP_EXPLICIT_SIMD=0 -fno-tree-vectorize,2333.048987,c923a906c8989668,passed
layout-Gaussian_11x11-simd_off-t4-r4-6000x6000.png,2026-09-19T18:26:37Z,6000x6000.png,Gaussian_11x11,5990,5990,SoA,SoA_to_AoS,4,4,static,,off,,,hype1,g++,-O3 -Wall -Wextra -std=c++17 -fopenmp -DOMP_EXPLICIT_SIMD=0 -fno-tree-vectorize,18.534133,c923a906c8989668,passed
layout-Gaussian_11x11-simd_off-t4-r4-6000x6000.png,2026-09-19T18:26:37Z,6000x6000.png,Gaussian_11x11,5990,5990,SoA,End_to_End,4,4,static,,off,,,hype1,g++,-O3 -Wall -Wextra -std=c++17 -fopenmp -DOMP_EXPLICIT_SIMD=0 -fno-tree-vectorize,2370.969033,c923a906c8989668,passed
layout-Grayscale-simd_off-t4-r5-4000x3000.png,2026-09-19T18:26:38Z,4000x3000.png,Grayscale,4000,3000,AoS,Kernel,5,4,static,,off,,,hype1,g++,-O3 -Wall -Wextra -std=c++17 -fopenmp -DOMP_EXPLICIT_SIMD=0 -fno-tree-vectorize,12.823075,00925fa85224b60c,passed
layout-Grayscale-simd_off-t4-r5-4000x3000.png,2026-09-19T18:26:38Z,4000x3000.png,Grayscale,4000,3000,SoA,AoS_to_SoA,5,4,static,,off,,,hype1,g++,-O3 -Wall -Wextra -std=c++17 -fopenmp -DOMP_EXPLICIT_SIMD=0 -fno-tree-vectorize,7.177083,00925fa85224b60c,passed
layout-Grayscale-simd_off-t4-r5-4000x3000.png,2026-09-19T18:26:38Z,4000x3000.png,Grayscale,4000,3000,SoA,Kernel,5,4,static,,off,,,hype1,g++,-O3 -Wall -Wextra -std=c++17 -fopenmp -DOMP_EXPLICIT_SIMD=0 -fno-tree-vectorize,10.145194,00925fa85224b60c,passed
layout-Grayscale-simd_off-t4-r5-4000x3000.png,2026-09-19T18:26:38Z,4000x3000.png,Grayscale,4000,3000,SoA,SoA_to_AoS,5,4,static,,off,,,hype1,g++,-O3 -Wall -Wextra -std=c++17 -fopenmp -DOMP_EXPLICIT_SIMD=0 -fno-tree-vectorize,8.489277,00925fa85224b60c,passed
layout-Grayscale-simd_off-t4-r5-4000x3000.png,2026-09-19T18:26:38Z,4000x3000.png,Grayscale,4000,3000,SoA,End_to_End,5,4,static,,off,,,hype1,g++,-O3 -Wall -Wextra -std=c++17 -fopenmp -DOMP_EXPLICIT_SIMD=0 -fno-tree-vectorize,25.811554,00925fa85224b60c,passed
layout-Grayscale-simd_off-t4-r5-6000x6000.png,2026-09-19T18:26:39Z,6000x6000.png,Grayscale,6000,6000,AoS,Kernel,5,4,static,,off,,,hype1,g++,-O3 -Wall -Wextra -std=c++17 -fopenmp -DOMP_EXPLICIT_SIMD=0 -fno-tree-vectorize,36.087833,937793859b387046,passed
layout-Grayscale-simd_off-t4-r5-6000x6000.png,2026-09-19T18:26:39Z,6000x6000.png,Grayscale,6000,6000,SoA,AoS_to_SoA,5,4,static,,off,,,hype1,g++,-O3 -Wall -Wextra -std=c++17 -fopenmp -DOMP_EXPLICIT_SIMD=0 -fno-tree-vectorize,20.761338,937793859b387046,passed
layout-Grayscale-simd_off-t4-r5-6000x6000.png,2026-09-19T18:26:39Z,6000x6000.png,Grayscale,6000,6000,SoA,Kernel,5,4,static,,off,,,hype1,g++,-O3 -Wall -Wextra -std=c++17 -fopenmp -DOMP_EXPLICIT_SIMD=0 -fno-tree-vectorize,30.549664,937793859b387046,passed
layout-Grayscale-simd_off-t4-r5-6000x6000.png,2026-09-19T18:26:39Z,6000x6000.png,Grayscale,6000,6000,SoA,SoA_to_AoS,5,4,static,,off,,,hype1,g++,-O3 -Wall -Wextra -std=c++17 -fopenmp -DOMP_EXPLICIT_SIMD=0 -fno-tree-vectorize,21.919494,937793859b387046,passed
layout-Grayscale-simd_off-t4-r5-6000x6000.png,2026-09-19T18:26:39Z,6000x6000.png,Grayscale,6000,6000,SoA,End_to_End,5,4,static,,off,,,hype1,g++,-O3 -Wall -Wextra -std=c++17 -fopenmp -DOMP_EXPLICIT_SIMD=0 -fno-tree-vectorize,73.230496,937793859b387046,passed
layout-Gaussian_11x11-simd_off-t4-r5-4000x3000.png,2026-09-19T18:26:43Z,4000x3000.png,Gaussian_11x11,3990,2990,AoS,Kernel,5,4,static,,off,,,hype1,g++,-O3 -Wall -Wextra -std=c++17 -fopenmp -DOMP_EXPLICIT_SIMD=0 -fno-tree-vectorize,771.753726,1e8adb9534bf99dc,passed
layout-Gaussian_11x11-simd_off-t4-r5-4000x3000.png,2026-09-19T18:26:43Z,4000x3000.png,Gaussian_11x11,3990,2990,SoA,AoS_to_SoA,5,4,static,,off,,,hype1,g++,-O3 -Wall -Wextra -std=c++17 -fopenmp -DOMP_EXPLICIT_SIMD=0 -fno-tree-vectorize,7.153631,1e8adb9534bf99dc,passed
layout-Gaussian_11x11-simd_off-t4-r5-4000x3000.png,2026-09-19T18:26:43Z,4000x3000.png,Gaussian_11x11,3990,2990,SoA,Kernel,5,4,static,,off,,,hype1,g++,-O3 -Wall -Wextra -std=c++17 -fopenmp -DOMP_EXPLICIT_SIMD=0 -fno-tree-vectorize,772.036177,1e8adb9534bf99dc,passed
layout-Gaussian_11x11-simd_off-t4-r5-4000x3000.png,2026-09-19T18:26:43Z,4000x3000.png,Gaussian_11x11,3990,2990,SoA,SoA_to_AoS,5,4,static,,off,,,hype1,g++,-O3 -Wall -Wextra -std=c++17 -fopenmp -DOMP_EXPLICIT_SIMD=0 -fno-tree-vectorize,6.323044,1e8adb9534bf99dc,passed
layout-Gaussian_11x11-simd_off-t4-r5-4000x3000.png,2026-09-19T18:26:43Z,4000x3000.png,Gaussian_11x11,3990,2990,SoA,End_to_End,5,4,static,,off,,,hype1,g++,-O3 -Wall -Wextra -std=c++17 -fopenmp -DOMP_EXPLICIT_SIMD=0 -fno-tree-vectorize,785.512852,1e8adb9534bf99dc,passed
layout-Gaussian_11x11-simd_off-t4-r5-6000x6000.png,2026-09-19T18:26:52Z,6000x6000.png,Gaussian_11x11,5990,5990,AoS,Kernel,5,4,static,,off,,,hype1,g++,-O3 -Wall -Wextra -std=c++17 -fopenmp -DOMP_EXPLICIT_SIMD=0 -fno-tree-vectorize,2325.346490,c923a906c8989668,passed
layout-Gaussian_11x11-simd_off-t4-r5-6000x6000.png,2026-09-19T18:26:52Z,6000x6000.png,Gaussian_11x11,5990,5990,SoA,AoS_to_SoA,5,4,static,,off,,,hype1,g++,-O3 -Wall -Wextra -std=c++17 -fopenmp -DOMP_EXPLICIT_SIMD=0 -fno-tree-vectorize,19.170173,c923a906c8989668,passed
layout-Gaussian_11x11-simd_off-t4-r5-6000x6000.png,2026-09-19T18:26:52Z,6000x6000.png,Gaussian_11x11,5990,5990,SoA,Kernel,5,4,static,,off,,,hype1,g++,-O3 -Wall -Wextra -std=c++17 -fopenmp -DOMP_EXPLICIT_SIMD=0 -fno-tree-vectorize,2320.786278,c923a906c8989668,passed
layout-Gaussian_11x11-simd_off-t4-r5-6000x6000.png,2026-09-19T18:26:52Z,6000x6000.png,Gaussian_11x11,5990,5990,SoA,SoA_to_AoS,5,4,static,,off,,,hype1,g++,-O3 -Wall -Wextra -std=c++17 -fopenmp -DOMP_EXPLICIT_SIMD=0 -fno-tree-vectorize,18.378928,c923a906c8989668,passed
layout-Gaussian_11x11-simd_off-t4-r5-6000x6000.png,2026-09-19T18:26:52Z,6000x6000.png,Gaussian_11x11,5990,5990,SoA,End_to_End,5,4,static,,off,,,hype1,g++,-O3 -Wall -Wextra -std=c++17 -fopenmp -DOMP_EXPLICIT_SIMD=0 -fno-tree-vectorize,2358.335379,c923a906c8989668,passed
layout-Grayscale-simd_omp-t4-r5-4000x3000.png,2026-09-19T18:26:52Z,4000x3000.png,Grayscale,4000,3000,AoS,Kernel,5,4,static,,omp,,,hype1,g++,-O3 -Wall -Wextra -std=c++17 -fopenmp -DOMP_EXPLICIT_SIMD=1,13.361695,00925fa85224b60c,passed
layout-Grayscale-simd_omp-t4-r5-4000x3000.png,2026-09-19T18:26:52Z,4000x3000.png,Grayscale,4000,3000,SoA,AoS_to_SoA,5,4,static,,omp,,,hype1,g++,-O3 -Wall -Wextra -std=c++17 -fopenmp -DOMP_EXPLICIT_SIMD=1,7.003919,00925fa85224b60c,passed
layout-Grayscale-simd_omp-t4-r5-4000x3000.png,2026-09-19T18:26:52Z,4000x3000.png,Grayscale,4000,3000,SoA,Kernel,5,4,static,,omp,,,hype1,g++,-O3 -Wall -Wextra -std=c++17 -fopenmp -DOMP_EXPLICIT_SIMD=1,10.095489,00925fa85224b60c,passed
layout-Grayscale-simd_omp-t4-r5-4000x3000.png,2026-09-19T18:26:52Z,4000x3000.png,Grayscale,4000,3000,SoA,SoA_to_AoS,5,4,static,,omp,,,hype1,g++,-O3 -Wall -Wextra -std=c++17 -fopenmp -DOMP_EXPLICIT_SIMD=1,8.699832,00925fa85224b60c,passed
layout-Grayscale-simd_omp-t4-r5-4000x3000.png,2026-09-19T18:26:52Z,4000x3000.png,Grayscale,4000,3000,SoA,End_to_End,5,4,static,,omp,,,hype1,g++,-O3 -Wall -Wextra -std=c++17 -fopenmp -DOMP_EXPLICIT_SIMD=1,25.799240,00925fa85224b60c,passed
layout-Grayscale-simd_omp-t4-r5-6000x6000.png,2026-09-19T18:26:54Z,6000x6000.png,Grayscale,6000,6000,AoS,Kernel,5,4,static,,omp,,,hype1,g++,-O3 -Wall -Wextra -std=c++17 -fopenmp -DOMP_EXPLICIT_SIMD=1,38.854070,937793859b387046,passed
layout-Grayscale-simd_omp-t4-r5-6000x6000.png,2026-09-19T18:26:54Z,6000x6000.png,Grayscale,6000,6000,SoA,AoS_to_SoA,5,4,static,,omp,,,hype1,g++,-O3 -Wall -Wextra -std=c++17 -fopenmp -DOMP_EXPLICIT_SIMD=1,20.980694,937793859b387046,passed
layout-Grayscale-simd_omp-t4-r5-6000x6000.png,2026-09-19T18:26:54Z,6000x6000.png,Grayscale,6000,6000,SoA,Kernel,5,4,static,,omp,,,hype1,g++,-O3 -Wall -Wextra -std=c++17 -fopenmp -DOMP_EXPLICIT_SIMD=1,30.666301,937793859b387046,passed
layout-Grayscale-simd_omp-t4-r5-6000x6000.png,2026-09-19T18:26:54Z,6000x6000.png,Grayscale,6000,6000,SoA,SoA_to_AoS,5,4,static,,omp,,,hype1,g++,-O3 -Wall -Wextra -std=c++17 -fopenmp -DOMP_EXPLICIT_SIMD=1,19.618798,937793859b387046,passed
layout-Grayscale-simd_omp-t4-r5-6000x6000.png,2026-09-19T18:26:54Z,6000x6000.png,Grayscale,6000,6000,SoA,End_to_End,5,4,static,,omp,,,hype1,g++,-O3 -Wall -Wextra -std=c++17 -fopenmp -DOMP_EXPLICIT_SIMD=1,71.265793,937793859b387046,passed
layout-Gaussian_11x11-simd_omp-t4-r5-4000x3000.png,2026-09-19T18:26:58Z,4000x3000.png,Gaussian_11x11,3990,2990,AoS,Kernel,5,4,static,,omp,,,hype1,g++,-O3 -Wall -Wextra -std=c++17 -fopenmp -DOMP_EXPLICIT_SIMD=1,772.539003,1e8adb9534bf99dc,passed
layout-Gaussian_11x11-simd_omp-t4-r5-4000x3000.png,2026-09-19T18:26:58Z,4000x3000.png,Gaussian_11x11,3990,2990,SoA,AoS_to_SoA,5,4,static,,omp,,,hype1,g++,-O3 -Wall -Wextra -std=c++17 -fopenmp -DOMP_EXPLICIT_SIMD=1,6.399193,1e8adb9534bf99dc,passed
layout-Gaussian_11x11-simd_omp-t4-r5-4000x3000.png,2026-09-19T18:26:58Z,4000x3000.png,Gaussian_11x11,3990,2990,SoA,Kernel,5,4,static,,omp,,,hype1,g++,-O3 -Wall -Wextra -std=c++17 -fopenmp -DOMP_EXPLICIT_SIMD=1,1571.949029,1e8adb9534bf99dc,passed
layout-Gaussian_11x11-simd_omp-t4-r5-4000x3000.png,2026-09-19T18:26:58Z,4000x3000.png,Gaussian_11x11,3990,2990,SoA,SoA_to_AoS,5,4,static,,omp,,,hype1,g++,-O3 -Wall -Wextra -std=c++17 -fopenmp -DOMP_EXPLICIT_SIMD=1,6.556366,1e8adb9534bf99dc,passed
layout-Gaussian_11x11-simd_omp-t4-r5-4000x3000.png,2026-09-19T18:26:58Z,4000x3000.png,Gaussian_11x11,3990,2990,SoA,End_to_End,5,4,static,,omp,,,hype1,g++,-O3 -Wall -Wextra -std=c++17 -fopenmp -DOMP_EXPLICIT_SIMD=1,1584.904588,1e8adb9534bf99dc,passed
layout-Gaussian_11x11-simd_omp-t4-r5-6000x6000.png,2026-09-19T18:27:10Z,6000x6000.png,Gaussian_11x11,5990,5990,AoS,Kernel,5,4,static,,omp,,,hype1,g++,-O3 -Wall -Wextra -std=c++17 -fopenmp -DOMP_EXPLICIT_SIMD=1,2402.036369,c923a906c8989668,passed
layout-Gaussian_11x11-simd_omp-t4-r5-6000x6000.png,2026-09-19T18:27:10Z,6000x6000.png,Gaussian_11x11,5990,5990,SoA,AoS_to_SoA,5,4,static,,omp,,,hype1,g++,-O3 -Wall -Wextra -std=c++17 -fopenmp -DOMP_EXPLICIT_SIMD=1,19.470823,c923a906c8989668,passed
layout-Gaussian_11x11-simd_omp-t4-r5-6000x6000.png,2026-09-19T18:27:10Z,6000x6000.png,Gaussian_11x11,5990,5990,SoA,Kernel,5,4,static,,omp,,,hype1,g++,-O3 -Wall -Wextra -std=c++17 -fopenmp -DOMP_EXPLICIT_SIMD=1,4710.313492,c923a906c8989668,passed
layout-Gaussian_11x11-simd_omp-t4-r5-6000x6000.png,2026-09-19T18:27:10Z,6000x6000.png,Gaussian_11x11,5990,5990,SoA,SoA_to_AoS,5,4,static,,omp,,,hype1,g++,-O3 -Wall -Wextra -std=c++17 -fopenmp -DOMP_EXPLICIT_SIMD=1,19.166280,c923a906c8989668,passed
layout-Gaussian_11x11-simd_omp-t4-r5-6000x6000.png,2026-09-19T18:27:10Z,6000x6000.png,Gaussian_11x11,5990,5990,SoA,End_to_End,5,4,static,,omp,,,hype1,g++,-O3 -Wall -Wextra -std=c++17 -fopenmp -DOMP_EXPLICIT_SIMD=1,4748.950595,c923a906c8989668,passed
layout-Grayscale-simd_off-t8-r1-4000x3000.png,2026-09-19T18:27:33Z,4000x3000.png,Grayscale,4000,3000,AoS,Kernel,1,8,static,,off,,,hype1,g++,-O3 -Wall -Wextra -std=c++17 -fopenmp -DOMP_EXPLICIT_SIMD=0 -fno-tree-vectorize,7.433358,00925fa85224b60c,passed
layout-Grayscale-simd_off-t8-r1-4000x3000.png,2026-09-19T18:27:33Z,4000x3000.png,Grayscale,4000,3000,SoA,AoS_to_SoA,1,8,static,,off,,,hype1,g++,-O3 -Wall -Wextra -std=c++17 -fopenmp -DOMP_EXPLICIT_SIMD=0 -fno-tree-vectorize,3.848008,00925fa85224b60c,passed
layout-Grayscale-simd_off-t8-r1-4000x3000.png,2026-09-19T18:27:33Z,4000x3000.png,Grayscale,4000,3000,SoA,Kernel,1,8,static,,off,,,hype1,g++,-O3 -Wall -Wextra -std=c++17 -fopenmp -DOMP_EXPLICIT_SIMD=0 -fno-tree-vectorize,5.450678,00925fa85224b60c,passed
layout-Grayscale-simd_off-t8-r1-4000x3000.png,2026-09-19T18:27:33Z,4000x3000.png,Grayscale,4000,3000,SoA,SoA_to_AoS,1,8,static,,off,,,hype1,g++,-O3 -Wall -Wextra -std=c++17 -fopenmp -DOMP_EXPLICIT_SIMD=0 -fno-tree-vectorize,4.257672,00925fa85224b60c,passed
layout-Grayscale-simd_off-t8-r1-4000x3000.png,2026-09-19T18:27:33Z,4000x3000.png,Grayscale,4000,3000,SoA,End_to_End,1,8,static,,off,,,hype1,g++,-O3 -Wall -Wextra -std=c++17 -fopenmp -DOMP_EXPLICIT_SIMD=0 -fno-tree-vectorize,13.556358,00925fa85224b60c,passed
layout-Grayscale-simd_off-t8-r1-6000x6000.png,2026-09-19T18:27:35Z,6000x6000.png,Grayscale,6000,6000,AoS,Kernel,1,8,static,,off,,,hype1,g++,-O3 -Wall -Wextra -std=c++17 -fopenmp -DOMP_EXPLICIT_SIMD=0 -fno-tree-vectorize,21.065639,937793859b387046,passed
layout-Grayscale-simd_off-t8-r1-6000x6000.png,2026-09-19T18:27:35Z,6000x6000.png,Grayscale,6000,6000,SoA,AoS_to_SoA,1,8,static,,off,,,hype1,g++,-O3 -Wall -Wextra -std=c++17 -fopenmp -DOMP_EXPLICIT_SIMD=0 -fno-tree-vectorize,10.676748,937793859b387046,passed
layout-Grayscale-simd_off-t8-r1-6000x6000.png,2026-09-19T18:27:35Z,6000x6000.png,Grayscale,6000,6000,SoA,Kernel,1,8,static,,off,,,hype1,g++,-O3 -Wall -Wextra -std=c++17 -fopenmp -DOMP_EXPLICIT_SIMD=0 -fno-tree-vectorize,16.753472,937793859b387046,passed
layout-Grayscale-simd_off-t8-r1-6000x6000.png,2026-09-19T18:27:35Z,6000x6000.png,Grayscale,6000,6000,SoA,SoA_to_AoS,1,8,static,,off,,,hype1,g++,-O3 -Wall -Wextra -std=c++17 -fopenmp -DOMP_EXPLICIT_SIMD=0 -fno-tree-vectorize,11.110097,937793859b387046,passed
layout-Grayscale-simd_off-t8-r1-6000x6000.png,2026-09-19T18:27:35Z,6000x6000.png,Grayscale,6000,6000,SoA,End_to_End,1,8,static,,off,,,hype1,g++,-O3 -Wall -Wextra -std=c++17 -fopenmp -DOMP_EXPLICIT_SIMD=0 -fno-tree-vectorize,38.540317,937793859b387046,passed
layout-Gaussian_11x11-simd_off-t8-r1-4000x3000.png,2026-09-19T18:27:37Z,4000x3000.png,Gaussian_11x11,3990,2990,AoS,Kernel,1,8,static,,off,,,hype1,g++,-O3 -Wall -Wextra -std=c++17 -fopenmp -DOMP_EXPLICIT_SIMD=0 -fno-tree-vectorize,426.437355,1e8adb9534bf99dc,passed
layout-Gaussian_11x11-simd_off-t8-r1-4000x3000.png,2026-09-19T18:27:37Z,4000x3000.png,Gaussian_11x11,3990,2990,SoA,AoS_to_SoA,1,8,static,,off,,,hype1,g++,-O3 -Wall -Wextra -std=c++17 -fopenmp -DOMP_EXPLICIT_SIMD=0 -fno-tree-vectorize,3.677404,1e8adb9534bf99dc,passed
layout-Gaussian_11x11-simd_off-t8-r1-4000x3000.png,2026-09-19T18:27:37Z,4000x3000.png,Gaussian_11x11,3990,2990,SoA,Kernel,1,8,static,,off,,,hype1,g++,-O3 -Wall -Wextra -std=c++17 -fopenmp -DOMP_EXPLICIT_SIMD=0 -fno-tree-vectorize,432.116632,1e8adb9534bf99dc,passed
layout-Gaussian_11x11-simd_off-t8-r1-4000x3000.png,2026-09-19T18:27:37Z,4000x3000.png,Gaussian_11x11,3990,2990,SoA,SoA_to_AoS,1,8,static,,off,,,hype1,g++,-O3 -Wall -Wextra -std=c++17 -fopenmp -DOMP_EXPLICIT_SIMD=0 -fno-tree-vectorize,3.724790,1e8adb9534bf99dc,passed
layout-Gaussian_11x11-simd_off-t8-r1-4000x3000.png,2026-09-19T18:27:37Z,4000x3000.png,Gaussian_11x11,3990,2990,SoA,End_to_End,1,8,static,,off,,,hype1,g++,-O3 -Wall -Wextra -std=c++17 -fopenmp -DOMP_EXPLICIT_SIMD=0 -fno-tree-vectorize,439.518826,1e8adb9534bf99dc,passed
layout-Gaussian_11x11-simd_off-t8-r1-6000x6000.png,2026-09-19T18:27:42Z,6000x6000.png,Gaussian_11x11,5990,5990,AoS,Kernel,1,8,static,,off,,,hype1,g++,-O3 -Wall -Wextra -std=c++17 -fopenmp -DOMP_EXPLICIT_SIMD=0 -fno-tree-vectorize,1288.654040,c923a906c8989668,passed
layout-Gaussian_11x11-simd_off-t8-r1-6000x6000.png,2026-09-19T18:27:42Z,6000x6000.png,Gaussian_11x11,5990,5990,SoA,AoS_to_SoA,1,8,static,,off,,,hype1,g++,-O3 -Wall -Wextra -std=c++17 -fopenmp -DOMP_EXPLICIT_SIMD=0 -fno-tree-vectorize,10.549495,c923a906c8989668,passed
layout-Gaussian_11x11-simd_off-t8-r1-6000x6000.png,2026-09-19T18:27:42Z,6000x6000.png,Gaussian_11x11,5990,5990,SoA,Kernel,1,8,static,,off,,,hype1,g++,-O3 -Wall -Wextra -std=c++17 -fopenmp -DOMP_EXPLICIT_SIMD=0 -fno-tree-vectorize,1287.641277,c923a906c8989668,passed
layout-Gaussian_11x11-simd_off-t8-r1-6000x6000.png,2026-09-19T18:27:42Z,6000x6000.png,Gaussian_11x11,5990,5990,SoA,SoA_to_AoS,1,8,static,,off,,,hype1,g++,-O3 -Wall -Wextra -std=c++17 -fopenmp -DOMP_EXPLICIT_SIMD=0 -fno-tree-vectorize,10.804128,c923a906c8989668,passed
layout-Gaussian_11x11-simd_off-t8-r1-6000x6000.png,2026-09-19T18:27:42Z,6000x6000.png,Gaussian_11x11,5990,5990,SoA,End_to_End,1,8,static,,off,,,hype1,g++,-O3 -Wall -Wextra -std=c++17 -fopenmp -DOMP_EXPLICIT_SIMD=0 -fno-tree-vectorize,1308.994900,c923a906c8989668,passed
layout-Grayscale-simd_omp-t8-r1-4000x3000.png,2026-09-19T18:27:43Z,4000x3000.png,Grayscale,4000,3000,AoS,Kernel,1,8,static,,omp,,,hype1,g++,-O3 -Wall -Wextra -std=c++17 -fopenmp -DOMP_EXPLICIT_SIMD=1,7.651279,00925fa85224b60c,passed
layout-Grayscale-simd_omp-t8-r1-4000x3000.png,2026-09-19T18:27:43Z,4000x3000.png,Grayscale,4000,3000,SoA,AoS_to_SoA,1,8,static,,omp,,,hype1,g++,-O3 -Wall -Wextra -std=c++17 -fopenmp -DOMP_EXPLICIT_SIMD=1,3.804726,00925fa85224b60c,passed
layout-Grayscale-simd_omp-t8-r1-4000x3000.png,2026-09-19T18:27:43Z,4000x3000.png,Grayscale,4000,3000,SoA,Kernel,1,8,static,,omp,,,hype1,g++,-O3 -Wall -Wextra -std=c++17 -fopenmp -DOMP_EXPLICIT_SIMD=1,5.486802,00925fa85224b60c,passed
layout-Grayscale-simd_omp-t8-r1-4000x3000.png,2026-09-19T18:27:43Z,4000x3000.png,Grayscale,4000,3000,SoA,SoA_to_AoS,1,8,static,,omp,,,hype1,g++,-O3 -Wall -Wextra -std=c++17 -fopenmp -DOMP_EXPLICIT_SIMD=1,4.444404,00925fa85224b60c,passed
layout-Grayscale-simd_omp-t8-r1-4000x3000.png,2026-09-19T18:27:43Z,4000x3000.png,Grayscale,4000,3000,SoA,End_to_End,1,8,static,,omp,,,hype1,g++,-O3 -Wall -Wextra -std=c++17 -fopenmp -DOMP_EXPLICIT_SIMD=1,13.735932,00925fa85224b60c,passed
layout-Grayscale-simd_omp-t8-r1-6000x6000.png,2026-09-19T18:27:45Z,6000x6000.png,Grayscale,6000,6000,AoS,Kernel,1,8,static,,omp,,,hype1,g++,-O3 -Wall -Wextra -std=c++17 -fopenmp -DOMP_EXPLICIT_SIMD=1,21.749722,937793859b387046,passed
layout-Grayscale-simd_omp-t8-r1-6000x6000.png,2026-09-19T18:27:45Z,6000x6000.png,Grayscale,6000,6000,SoA,AoS_to_SoA,1,8,static,,omp,,,hype1,g++,-O3 -Wall -Wextra -std=c++17 -fopenmp -DOMP_EXPLICIT_SIMD=1,11.094660,937793859b387046,passed
layout-Grayscale-simd_omp-t8-r1-6000x6000.png,2026-09-19T18:27:45Z,6000x6000.png,Grayscale,6000,6000,SoA,Kernel,1,8,static,,omp,,,hype1,g++,-O3 -Wall -Wextra -std=c++17 -fopenmp -DOMP_EXPLICIT_SIMD=1,16.616950,937793859b387046,passed
layout-Grayscale-simd_omp-t8-r1-6000x6000.png,2026-09-19T18:27:45Z,6000x6000.png,Grayscale,6000,6000,SoA,SoA_to_AoS,1,8,static,,omp,,,hype1,g++,-O3 -Wall -Wextra -std=c++17 -fopenmp -DOMP_EXPLICIT_SIMD=1,11.613739,937793859b387046,passed
layout-Grayscale-simd_omp-t8-r1-6000x6000.png,2026-09-19T18:27:45Z,6000x6000.png,Grayscale,6000,6000,SoA,End_to_End,1,8,static,,omp,,,hype1,g++,-O3 -Wall -Wextra -std=c++17 -fopenmp -DOMP_EXPLICIT_SIMD=1,39.325349,937793859b387046,passed
layout-Gaussian_11x11-simd_omp-t8-r1-4000x3000.png,2026-09-19T18:27:47Z,4000x3000.png,Gaussian_11x11,3990,2990,AoS,Kernel,1,8,static,,omp,,,hype1,g++,-O3 -Wall -Wextra -std=c++17 -fopenmp -DOMP_EXPLICIT_SIMD=1,455.379794,1e8adb9534bf99dc,passed
layout-Gaussian_11x11-simd_omp-t8-r1-4000x3000.png,2026-09-19T18:27:47Z,4000x3000.png,Gaussian_11x11,3990,2990,SoA,AoS_to_SoA,1,8,static,,omp,,,hype1,g++,-O3 -Wall -Wextra -std=c++17 -fopenmp -DOMP_EXPLICIT_SIMD=1,3.665285,1e8adb9534bf99dc,passed
layout-Gaussian_11x11-simd_omp-t8-r1-4000x3000.png,2026-09-19T18:27:47Z,4000x3000.png,Gaussian_11x11,3990,2990,SoA,Kernel,1,8,static,,omp,,,hype1,g++,-O3 -Wall -Wextra -std=c++17 -fopenmp -DOMP_EXPLICIT_SIMD=1,864.837498,1e8adb9534bf99dc,passed
layout-Gaussian_11x11-simd_omp-t8-r1-4000x3000.png,2026-09-19T18:27:47Z,4000x3000.png,Gaussian_11x11,3990,2990,SoA,SoA_to_AoS,1,8,static,,omp,,,hype1,g++,-O3 -Wall -Wextra -std=c++17 -fopenmp -DOMP_EXPLICIT_SIMD=1,4.063551,1e8adb9534bf99dc,passed
layout-Gaussian_11x11-simd_omp-t8-r1-4000x3000.png,2026-09-19T18:27:47Z,4000x3000.png,Gaussian_11x11,3990,2990,SoA,End_to_End,1,8,static,,omp,,,hype1,g++,-O3 -Wall -Wextra -std=c++17 -fopenmp -DOMP_EXPLICIT_SIMD=1,872.566334,1e8adb9534bf99dc,passed
layout-Gaussian_11x11-simd_omp-t8-r1-6000x6000.png,2026-09-19T18:27:55Z,6000x6000.png,Gaussian_11x11,5990,5990,AoS,Kernel,1,8,static,,omp,,,hype1,g++,-O3 -Wall -Wextra -std=c++17 -fopenmp -DOMP_EXPLICIT_SIMD=1,1281.057754,c923a906c8989668,passed
layout-Gaussian_11x11-simd_omp-t8-r1-6000x6000.png,2026-09-19T18:27:55Z,6000x6000.png,Gaussian_11x11,5990,5990,SoA,AoS_to_SoA,1,8,static,,omp,,,hype1,g++,-O3 -Wall -Wextra -std=c++17 -fopenmp -DOMP_EXPLICIT_SIMD=1,10.822435,c923a906c8989668,passed
layout-Gaussian_11x11-simd_omp-t8-r1-6000x6000.png,2026-09-19T18:27:55Z,6000x6000.png,Gaussian_11x11,5990,5990,SoA,Kernel,1,8,static,,omp,,,hype1,g++,-O3 -Wall -Wextra -std=c++17 -fopenmp -DOMP_EXPLICIT_SIMD=1,2618.025396,c923a906c8989668,passed
layout-Gaussian_11x11-simd_omp-t8-r1-6000x6000.png,2026-09-19T18:27:55Z,6000x6000.png,Gaussian_11x11,5990,5990,SoA,SoA_to_AoS,1,8,static,,omp,,,hype1,g++,-O3 -Wall -Wextra -std=c++17 -fopenmp -DOMP_EXPLICIT_SIMD=1,10.597697,c923a906c8989668,passed
layout-Gaussian_11x11-simd_omp-t8-r1-6000x6000.png,2026-09-19T18:27:55Z,6000x6000.png,Gaussian_11x11,5990,5990,SoA,End_to_End,1,8,static,,omp,,,hype1,g++,-O3 -Wall -Wextra -std=c++17 -fopenmp -DOMP_EXPLICIT_SIMD=1,2639.445528,c923a906c8989668,passed
layout-Grayscale-simd_omp-t8-r2-4000x3000.png,2026-09-19T18:27:55Z,4000x3000.png,Grayscale,4000,3000,AoS,Kernel,2,8,static,,omp,,,hype1,g++,-O3 -Wall -Wextra -std=c++17 -fopenmp -DOMP_EXPLICIT_SIMD=1,7.562513,00925fa85224b60c,passed
layout-Grayscale-simd_omp-t8-r2-4000x3000.png,2026-09-19T18:27:55Z,4000x3000.png,Grayscale,4000,3000,SoA,AoS_to_SoA,2,8,static,,omp,,,hype1,g++,-O3 -Wall -Wextra -std=c++17 -fopenmp -DOMP_EXPLICIT_SIMD=1,3.776092,00925fa85224b60c,passed
layout-Grayscale-simd_omp-t8-r2-4000x3000.png,2026-09-19T18:27:55Z,4000x3000.png,Grayscale,4000,3000,SoA,Kernel,2,8,static,,omp,,,hype1,g++,-O3 -Wall -Wextra -std=c++17 -fopenmp -DOMP_EXPLICIT_SIMD=1,5.476701,00925fa85224b60c,passed
layout-Grayscale-simd_omp-t8-r2-4000x3000.png,2026-09-19T18:27:55Z,4000x3000.png,Grayscale,4000,3000,SoA,SoA_to_AoS,2,8,static,,omp,,,hype1,g++,-O3 -Wall -Wextra -std=c++17 -fopenmp -DOMP_EXPLICIT_SIMD=1,3.889196,00925fa85224b60c,passed
layout-Grayscale-simd_omp-t8-r2-4000x3000.png,2026-09-19T18:27:55Z,4000x3000.png,Grayscale,4000,3000,SoA,End_to_End,2,8,static,,omp,,,hype1,g++,-O3 -Wall -Wextra -std=c++17 -fopenmp -DOMP_EXPLICIT_SIMD=1,13.141989,00925fa85224b60c,passed
layout-Grayscale-simd_omp-t8-r2-6000x6000.png,2026-09-19T18:27:57Z,6000x6000.png,Grayscale,6000,6000,AoS,Kernel,2,8,static,,omp,,,hype1,g++,-O3 -Wall -Wextra -std=c++17 -fopenmp -DOMP_EXPLICIT_SIMD=1,21.879419,937793859b387046,passed
layout-Grayscale-simd_omp-t8-r2-6000x6000.png,2026-09-19T18:27:57Z,6000x6000.png,Grayscale,6000,6000,SoA,AoS_to_SoA,2,8,static,,omp,,,hype1,g++,-O3 -Wall -Wextra -std=c++17 -fopenmp -DOMP_EXPLICIT_SIMD=1,11.227120,937793859b387046,passed
layout-Grayscale-simd_omp-t8-r2-6000x6000.png,2026-09-19T18:27:57Z,6000x6000.png,Grayscale,6000,6000,SoA,Kernel,2,8,static,,omp,,,hype1,g++,-O3 -Wall -Wextra -std=c++17 -fopenmp -DOMP_EXPLICIT_SIMD=1,16.281569,937793859b387046,passed
layout-Grayscale-simd_omp-t8-r2-6000x6000.png,2026-09-19T18:27:57Z,6000x6000.png,Grayscale,6000,6000,SoA,SoA_to_AoS,2,8,static,,omp,,,hype1,g++,-O3 -Wall -Wextra -std=c++17 -fopenmp -DOMP_EXPLICIT_SIMD=1,11.086798,937793859b387046,passed
layout-Grayscale-simd_omp-t8-r2-6000x6000.png,2026-09-19T18:27:57Z,6000x6000.png,Grayscale,6000,6000,SoA,End_to_End,2,8,static,,omp,,,hype1,g++,-O3 -Wall -Wextra -std=c++17 -fopenmp -DOMP_EXPLICIT_SIMD=1,38.595487,937793859b387046,passed
layout-Gaussian_11x11-simd_omp-t8-r2-4000x3000.png,2026-09-19T18:28:00Z,4000x3000.png,Gaussian_11x11,3990,2990,AoS,Kernel,2,8,static,,omp,,,hype1,g++,-O3 -Wall -Wextra -std=c++17 -fopenmp -DOMP_EXPLICIT_SIMD=1,427.813332,1e8adb9534bf99dc,passed
layout-Gaussian_11x11-simd_omp-t8-r2-4000x3000.png,2026-09-19T18:28:00Z,4000x3000.png,Gaussian_11x11,3990,2990,SoA,AoS_to_SoA,2,8,static,,omp,,,hype1,g++,-O3 -Wall -Wextra -std=c++17 -fopenmp -DOMP_EXPLICIT_SIMD=1,3.492327,1e8adb9534bf99dc,passed
layout-Gaussian_11x11-simd_omp-t8-r2-4000x3000.png,2026-09-19T18:28:00Z,4000x3000.png,Gaussian_11x11,3990,2990,SoA,Kernel,2,8,static,,omp,,,hype1,g++,-O3 -Wall -Wextra -std=c++17 -fopenmp -DOMP_EXPLICIT_SIMD=1,865.105406,1e8adb9534bf99dc,passed
layout-Gaussian_11x11-simd_omp-t8-r2-4000x3000.png,2026-09-19T18:28:00Z,4000x3000.png,Gaussian_11x11,3990,2990,SoA,SoA_to_AoS,2,8,static,,omp,,,hype1,g++,-O3 -Wall -Wextra -std=c++17 -fopenmp -DOMP_EXPLICIT_SIMD=1,3.652084,1e8adb9534bf99dc,passed
layout-Gaussian_11x11-simd_omp-t8-r2-4000x3000.png,2026-09-19T18:28:00Z,4000x3000.png,Gaussian_11x11,3990,2990,SoA,End_to_End,2,8,static,,omp,,,hype1,g++,-O3 -Wall -Wextra -std=c++17 -fopenmp -DOMP_EXPLICIT_SIMD=1,872.249817,1e8adb9534bf99dc,passed
layout-Gaussian_11x11-simd_omp-t8-r2-6000x6000.png,2026-09-19T18:28:07Z,6000x6000.png,Gaussian_11x11,5990,5990,AoS,Kernel,2,8,static,,omp,,,hype1,g++,-O3 -Wall -Wextra -std=c++17 -fopenmp -DOMP_EXPLICIT_SIMD=1,1320.997777,c923a906c8989668,passed
layout-Gaussian_11x11-simd_omp-t8-r2-6000x6000.png,2026-09-19T18:28:07Z,6000x6000.png,Gaussian_11x11,5990,5990,SoA,AoS_to_SoA,2,8,static,,omp,,,hype1,g++,-O3 -Wall -Wextra -std=c++17 -fopenmp -DOMP_EXPLICIT_SIMD=1,10.703558,c923a906c8989668,passed
layout-Gaussian_11x11-simd_omp-t8-r2-6000x6000.png,2026-09-19T18:28:07Z,6000x6000.png,Gaussian_11x11,5990,5990,SoA,Kernel,2,8,static,,omp,,,hype1,g++,-O3 -Wall -Wextra -std=c++17 -fopenmp -DOMP_EXPLICIT_SIMD=1,2608.125082,c923a906c8989668,passed
layout-Gaussian_11x11-simd_omp-t8-r2-6000x6000.png,2026-09-19T18:28:07Z,6000x6000.png,Gaussian_11x11,5990,5990,SoA,SoA_to_AoS,2,8,static,,omp,,,hype1,g++,-O3 -Wall -Wextra -std=c++17 -fopenmp -DOMP_EXPLICIT_SIMD=1,10.383196,c923a906c8989668,passed
layout-Gaussian_11x11-simd_omp-t8-r2-6000x6000.png,2026-09-19T18:28:07Z,6000x6000.png,Gaussian_11x11,5990,5990,SoA,End_to_End,2,8,static,,omp,,,hype1,g++,-O3 -Wall -Wextra -std=c++17 -fopenmp -DOMP_EXPLICIT_SIMD=1,2629.211836,c923a906c8989668,passed
layout-Grayscale-simd_off-t8-r2-4000x3000.png,2026-09-19T18:28:07Z,4000x3000.png,Grayscale,4000,3000,AoS,Kernel,2,8,static,,off,,,hype1,g++,-O3 -Wall -Wextra -std=c++17 -fopenmp -DOMP_EXPLICIT_SIMD=0 -fno-tree-vectorize,7.452124,00925fa85224b60c,passed
layout-Grayscale-simd_off-t8-r2-4000x3000.png,2026-09-19T18:28:07Z,4000x3000.png,Grayscale,4000,3000,SoA,AoS_to_SoA,2,8,static,,off,,,hype1,g++,-O3 -Wall -Wextra -std=c++17 -fopenmp -DOMP_EXPLICIT_SIMD=0 -fno-tree-vectorize,3.842571,00925fa85224b60c,passed
layout-Grayscale-simd_off-t8-r2-4000x3000.png,2026-09-19T18:28:07Z,4000x3000.png,Grayscale,4000,3000,SoA,Kernel,2,8,static,,off,,,hype1,g++,-O3 -Wall -Wextra -std=c++17 -fopenmp -DOMP_EXPLICIT_SIMD=0 -fno-tree-vectorize,5.480938,00925fa85224b60c,passed
layout-Grayscale-simd_off-t8-r2-4000x3000.png,2026-09-19T18:28:07Z,4000x3000.png,Grayscale,4000,3000,SoA,SoA_to_AoS,2,8,static,,off,,,hype1,g++,-O3 -Wall -Wextra -std=c++17 -fopenmp -DOMP_EXPLICIT_SIMD=0 -fno-tree-vectorize,4.229233,00925fa85224b60c,passed
layout-Grayscale-simd_off-t8-r2-4000x3000.png,2026-09-19T18:28:07Z,4000x3000.png,Grayscale,4000,3000,SoA,End_to_End,2,8,static,,off,,,hype1,g++,-O3 -Wall -Wextra -std=c++17 -fopenmp -DOMP_EXPLICIT_SIMD=0 -fno-tree-vectorize,13.552742,00925fa85224b60c,passed
layout-Grayscale-simd_off-t8-r2-6000x6000.png,2026-09-19T18:28:09Z,6000x6000.png,Grayscale,6000,6000,AoS,Kernel,2,8,static,,off,,,hype1,g++,-O3 -Wall -Wextra -std=c++17 -fopenmp -DOMP_EXPLICIT_SIMD=0 -fno-tree-vectorize,20.902911,937793859b387046,passed
layout-Grayscale-simd_off-t8-r2-6000x6000.png,2026-09-19T18:28:09Z,6000x6000.png,Grayscale,6000,6000,SoA,AoS_to_SoA,2,8,static,,off,,,hype1,g++,-O3 -Wall -Wextra -std=c++17 -fopenmp -DOMP_EXPLICIT_SIMD=0 -fno-tree-vectorize,10.764296,937793859b387046,passed
layout-Grayscale-simd_off-t8-r2-6000x6000.png,2026-09-19T18:28:09Z,6000x6000.png,Grayscale,6000,6000,SoA,Kernel,2,8,static,,off,,,hype1,g++,-O3 -Wall -Wextra -std=c++17 -fopenmp -DOMP_EXPLICIT_SIMD=0 -fno-tree-vectorize,16.540949,937793859b387046,passed
layout-Grayscale-simd_off-t8-r2-6000x6000.png,2026-09-19T18:28:09Z,6000x6000.png,Grayscale,6000,6000,SoA,SoA_to_AoS,2,8,static,,off,,,hype1,g++,-O3 -Wall -Wextra -std=c++17 -fopenmp -DOMP_EXPLICIT_SIMD=0 -fno-tree-vectorize,11.018999,937793859b387046,passed
layout-Grayscale-simd_off-t8-r2-6000x6000.png,2026-09-19T18:28:09Z,6000x6000.png,Grayscale,6000,6000,SoA,End_to_End,2,8,static,,off,,,hype1,g++,-O3 -Wall -Wextra -std=c++17 -fopenmp -DOMP_EXPLICIT_SIMD=0 -fno-tree-vectorize,38.324244,937793859b387046,passed
layout-Gaussian_11x11-simd_off-t8-r2-4000x3000.png,2026-09-19T18:28:11Z,4000x3000.png,Gaussian_11x11,3990,2990,AoS,Kernel,2,8,static,,off,,,hype1,g++,-O3 -Wall -Wextra -std=c++17 -fopenmp -DOMP_EXPLICIT_SIMD=0 -fno-tree-vectorize,427.136879,1e8adb9534bf99dc,passed
layout-Gaussian_11x11-simd_off-t8-r2-4000x3000.png,2026-09-19T18:28:11Z,4000x3000.png,Gaussian_11x11,3990,2990,SoA,AoS_to_SoA,2,8,static,,off,,,hype1,g++,-O3 -Wall -Wextra -std=c++17 -fopenmp -DOMP_EXPLICIT_SIMD=0 -fno-tree-vectorize,3.507748,1e8adb9534bf99dc,passed
layout-Gaussian_11x11-simd_off-t8-r2-4000x3000.png,2026-09-19T18:28:11Z,4000x3000.png,Gaussian_11x11,3990,2990,SoA,Kernel,2,8,static,,off,,,hype1,g++,-O3 -Wall -Wextra -std=c++17 -fopenmp -DOMP_EXPLICIT_SIMD=0 -fno-tree-vectorize,426.922307,1e8adb9534bf99dc,passed
layout-Gaussian_11x11-simd_off-t8-r2-4000x3000.png,2026-09-19T18:28:11Z,4000x3000.png,Gaussian_11x11,3990,2990,SoA,SoA_to_AoS,2,8,static,,off,,,hype1,g++,-O3 -Wall -Wextra -std=c++17 -fopenmp -DOMP_EXPLICIT_SIMD=0 -fno-tree-vectorize,3.956139,1e8adb9534bf99dc,passed
layout-Gaussian_11x11-simd_off-t8-r2-4000x3000.png,2026-09-19T18:28:11Z,4000x3000.png,Gaussian_11x11,3990,2990,SoA,End_to_End,2,8,static,,off,,,hype1,g++,-O3 -Wall -Wextra -std=c++17 -fopenmp -DOMP_EXPLICIT_SIMD=0 -fno-tree-vectorize,434.386194,1e8adb9534bf99dc,passed
layout-Gaussian_11x11-simd_off-t8-r2-6000x6000.png,2026-09-19T18:28:17Z,6000x6000.png,Gaussian_11x11,5990,5990,AoS,Kernel,2,8,static,,off,,,hype1,g++,-O3 -Wall -Wextra -std=c++17 -fopenmp -DOMP_EXPLICIT_SIMD=0 -fno-tree-vectorize,1282.245638,c923a906c8989668,passed
layout-Gaussian_11x11-simd_off-t8-r2-6000x6000.png,2026-09-19T18:28:17Z,6000x6000.png,Gaussian_11x11,5990,5990,SoA,AoS_to_SoA,2,8,static,,off,,,hype1,g++,-O3 -Wall -Wextra -std=c++17 -fopenmp -DOMP_EXPLICIT_SIMD=0 -fno-tree-vectorize,10.440955,c923a906c8989668,passed
layout-Gaussian_11x11-simd_off-t8-r2-6000x6000.png,2026-09-19T18:28:17Z,6000x6000.png,Gaussian_11x11,5990,5990,SoA,Kernel,2,8,static,,off,,,hype1,g++,-O3 -Wall -Wextra -std=c++17 -fopenmp -DOMP_EXPLICIT_SIMD=0 -fno-tree-vectorize,1291.090108,c923a906c8989668,passed
layout-Gaussian_11x11-simd_off-t8-r2-6000x6000.png,2026-09-19T18:28:17Z,6000x6000.png,Gaussian_11x11,5990,5990,SoA,SoA_to_AoS,2,8,static,,off,,,hype1,g++,-O3 -Wall -Wextra -std=c++17 -fopenmp -DOMP_EXPLICIT_SIMD=0 -fno-tree-vectorize,10.447690,c923a906c8989668,passed
layout-Gaussian_11x11-simd_off-t8-r2-6000x6000.png,2026-09-19T18:28:17Z,6000x6000.png,Gaussian_11x11,5990,5990,SoA,End_to_End,2,8,static,,off,,,hype1,g++,-O3 -Wall -Wextra -std=c++17 -fopenmp -DOMP_EXPLICIT_SIMD=0 -fno-tree-vectorize,1311.978753,c923a906c8989668,passed
layout-Grayscale-simd_off-t8-r3-4000x3000.png,2026-09-19T18:28:18Z,4000x3000.png,Grayscale,4000,3000,AoS,Kernel,3,8,static,,off,,,hype1,g++,-O3 -Wall -Wextra -std=c++17 -fopenmp -DOMP_EXPLICIT_SIMD=0 -fno-tree-vectorize,7.446425,00925fa85224b60c,passed
layout-Grayscale-simd_off-t8-r3-4000x3000.png,2026-09-19T18:28:18Z,4000x3000.png,Grayscale,4000,3000,SoA,AoS_to_SoA,3,8,static,,off,,,hype1,g++,-O3 -Wall -Wextra -std=c++17 -fopenmp -DOMP_EXPLICIT_SIMD=0 -fno-tree-vectorize,3.899628,00925fa85224b60c,passed
layout-Grayscale-simd_off-t8-r3-4000x3000.png,2026-09-19T18:28:18Z,4000x3000.png,Grayscale,4000,3000,SoA,Kernel,3,8,static,,off,,,hype1,g++,-O3 -Wall -Wextra -std=c++17 -fopenmp -DOMP_EXPLICIT_SIMD=0 -fno-tree-vectorize,5.516110,00925fa85224b60c,passed
layout-Grayscale-simd_off-t8-r3-4000x3000.png,2026-09-19T18:28:18Z,4000x3000.png,Grayscale,4000,3000,SoA,SoA_to_AoS,3,8,static,,off,,,hype1,g++,-O3 -Wall -Wextra -std=c++17 -fopenmp -DOMP_EXPLICIT_SIMD=0 -fno-tree-vectorize,4.446256,00925fa85224b60c,passed
layout-Grayscale-simd_off-t8-r3-4000x3000.png,2026-09-19T18:28:18Z,4000x3000.png,Grayscale,4000,3000,SoA,End_to_End,3,8,static,,off,,,hype1,g++,-O3 -Wall -Wextra -std=c++17 -fopenmp -DOMP_EXPLICIT_SIMD=0 -fno-tree-vectorize,13.861994,00925fa85224b60c,passed
layout-Grayscale-simd_off-t8-r3-6000x6000.png,2026-09-19T18:28:20Z,6000x6000.png,Grayscale,6000,6000,AoS,Kernel,3,8,static,,off,,,hype1,g++,-O3 -Wall -Wextra -std=c++17 -fopenmp -DOMP_EXPLICIT_SIMD=0 -fno-tree-vectorize,21.171886,937793859b387046,passed
layout-Grayscale-simd_off-t8-r3-6000x6000.png,2026-09-19T18:28:20Z,6000x6000.png,Grayscale,6000,6000,SoA,AoS_to_SoA,3,8,static,,off,,,hype1,g++,-O3 -Wall -Wextra -std=c++17 -fopenmp -DOMP_EXPLICIT_SIMD=0 -fno-tree-vectorize,10.912288,937793859b387046,passed
layout-Grayscale-simd_off-t8-r3-6000x6000.png,2026-09-19T18:28:20Z,6000x6000.png,Grayscale,6000,6000,SoA,Kernel,3,8,static,,off,,,hype1,g++,-O3 -Wall -Wextra -std=c++17 -fopenmp -DOMP_EXPLICIT_SIMD=0 -fno-tree-vectorize,16.701892,937793859b387046,passed
layout-Grayscale-simd_off-t8-r3-6000x6000.png,2026-09-19T18:28:20Z,6000x6000.png,Grayscale,6000,6000,SoA,SoA_to_AoS,3,8,static,,off,,,hype1,g++,-O3 -Wall -Wextra -std=c++17 -fopenmp -DOMP_EXPLICIT_SIMD=0 -fno-tree-vectorize,11.661547,937793859b387046,passed
layout-Grayscale-simd_off-t8-r3-6000x6000.png,2026-09-19T18:28:20Z,6000x6000.png,Grayscale,6000,6000,SoA,End_to_End,3,8,static,,off,,,hype1,g++,-O3 -Wall -Wextra -std=c++17 -fopenmp -DOMP_EXPLICIT_SIMD=0 -fno-tree-vectorize,39.275727,937793859b387046,passed
layout-Gaussian_11x11-simd_off-t8-r3-4000x3000.png,2026-09-19T18:28:22Z,4000x3000.png,Gaussian_11x11,3990,2990,AoS,Kernel,3,8,static,,off,,,hype1,g++,-O3 -Wall -Wextra -std=c++17 -fopenmp -DOMP_EXPLICIT_SIMD=0 -fno-tree-vectorize,426.435132,1e8adb9534bf99dc,passed
layout-Gaussian_11x11-simd_off-t8-r3-4000x3000.png,2026-09-19T18:28:22Z,4000x3000.png,Gaussian_11x11,3990,2990,SoA,AoS_to_SoA,3,8,static,,off,,,hype1,g++,-O3 -Wall -Wextra -std=c++17 -fopenmp -DOMP_EXPLICIT_SIMD=0 -fno-tree-vectorize,3.608912,1e8adb9534bf99dc,passed
layout-Gaussian_11x11-simd_off-t8-r3-4000x3000.png,2026-09-19T18:28:22Z,4000x3000.png,Gaussian_11x11,3990,2990,SoA,Kernel,3,8,static,,off,,,hype1,g++,-O3 -Wall -Wextra -std=c++17 -fopenmp -DOMP_EXPLICIT_SIMD=0 -fno-tree-vectorize,453.359627,1e8adb9534bf99dc,passed
layout-Gaussian_11x11-simd_off-t8-r3-4000x3000.png,2026-09-19T18:28:22Z,4000x3000.png,Gaussian_11x11,3990,2990,SoA,SoA_to_AoS,3,8,static,,off,,,hype1,g++,-O3 -Wall -Wextra -std=c++17 -fopenmp -DOMP_EXPLICIT_SIMD=0 -fno-tree-vectorize,3.890302,1e8adb9534bf99dc,passed
layout-Gaussian_11x11-simd_off-t8-r3-4000x3000.png,2026-09-19T18:28:22Z,4000x3000.png,Gaussian_11x11,3990,2990,SoA,End_to_End,3,8,static,,off,,,hype1,g++,-O3 -Wall -Wextra -std=c++17 -fopenmp -DOMP_EXPLICIT_SIMD=0 -fno-tree-vectorize,460.858841,1e8adb9534bf99dc,passed
layout-Gaussian_11x11-simd_off-t8-r3-6000x6000.png,2026-09-19T18:28:28Z,6000x6000.png,Gaussian_11x11,5990,5990,AoS,Kernel,3,8,static,,off,,,hype1,g++,-O3 -Wall -Wextra -std=c++17 -fopenmp -DOMP_EXPLICIT_SIMD=0 -fno-tree-vectorize,1285.773403,c923a906c8989668,passed
layout-Gaussian_11x11-simd_off-t8-r3-6000x6000.png,2026-09-19T18:28:28Z,6000x6000.png,Gaussian_11x11,5990,5990,SoA,AoS_to_SoA,3,8,static,,off,,,hype1,g++,-O3 -Wall -Wextra -std=c++17 -fopenmp -DOMP_EXPLICIT_SIMD=0 -fno-tree-vectorize,10.873582,c923a906c8989668,passed
layout-Gaussian_11x11-simd_off-t8-r3-6000x6000.png,2026-09-19T18:28:28Z,6000x6000.png,Gaussian_11x11,5990,5990,SoA,Kernel,3,8,static,,off,,,hype1,g++,-O3 -Wall -Wextra -std=c++17 -fopenmp -DOMP_EXPLICIT_SIMD=0 -fno-tree-vectorize,1306.447021,c923a906c8989668,passed
layout-Gaussian_11x11-simd_off-t8-r3-6000x6000.png,2026-09-19T18:28:28Z,6000x6000.png,Gaussian_11x11,5990,5990,SoA,SoA_to_AoS,3,8,static,,off,,,hype1,g++,-O3 -Wall -Wextra -std=c++17 -fopenmp -DOMP_EXPLICIT_SIMD=0 -fno-tree-vectorize,10.463851,c923a906c8989668,passed
layout-Gaussian_11x11-simd_off-t8-r3-6000x6000.png,2026-09-19T18:28:28Z,6000x6000.png,Gaussian_11x11,5990,5990,SoA,End_to_End,3,8,static,,off,,,hype1,g++,-O3 -Wall -Wextra -std=c++17 -fopenmp -DOMP_EXPLICIT_SIMD=0 -fno-tree-vectorize,1327.784454,c923a906c8989668,passed
layout-Grayscale-simd_omp-t8-r3-4000x3000.png,2026-09-19T18:28:28Z,4000x3000.png,Grayscale,4000,3000,AoS,Kernel,3,8,static,,omp,,,hype1,g++,-O3 -Wall -Wextra -std=c++17 -fopenmp -DOMP_EXPLICIT_SIMD=1,7.669952,00925fa85224b60c,passed
layout-Grayscale-simd_omp-t8-r3-4000x3000.png,2026-09-19T18:28:28Z,4000x3000.png,Grayscale,4000,3000,SoA,AoS_to_SoA,3,8,static,,omp,,,hype1,g++,-O3 -Wall -Wextra -std=c++17 -fopenmp -DOMP_EXPLICIT_SIMD=1,3.847162,00925fa85224b60c,passed
layout-Grayscale-simd_omp-t8-r3-4000x3000.png,2026-09-19T18:28:28Z,4000x3000.png,Grayscale,4000,3000,SoA,Kernel,3,8,static,,omp,,,hype1,g++,-O3 -Wall -Wextra -std=c++17 -fopenmp -DOMP_EXPLICIT_SIMD=1,5.559804,00925fa85224b60c,passed
layout-Grayscale-simd_omp-t8-r3-4000x3000.png,2026-09-19T18:28:28Z,4000x3000.png,Grayscale,4000,3000,SoA,SoA_to_AoS,3,8,static,,omp,,,hype1,g++,-O3 -Wall -Wextra -std=c++17 -fopenmp -DOMP_EXPLICIT_SIMD=1,4.359064,00925fa85224b60c,passed
layout-Grayscale-simd_omp-t8-r3-4000x3000.png,2026-09-19T18:28:28Z,4000x3000.png,Grayscale,4000,3000,SoA,End_to_End,3,8,static,,omp,,,hype1,g++,-O3 -Wall -Wextra -std=c++17 -fopenmp -DOMP_EXPLICIT_SIMD=1,13.766030,00925fa85224b60c,passed
layout-Grayscale-simd_omp-t8-r3-6000x6000.png,2026-09-19T18:28:30Z,6000x6000.png,Grayscale,6000,6000,AoS,Kernel,3,8,static,,omp,,,hype1,g++,-O3 -Wall -Wextra -std=c++17 -fopenmp -DOMP_EXPLICIT_SIMD=1,21.827302,937793859b387046,passed
layout-Grayscale-simd_omp-t8-r3-6000x6000.png,2026-09-19T18:28:30Z,6000x6000.png,Grayscale,6000,6000,SoA,AoS_to_SoA,3,8,static,,omp,,,hype1,g++,-O3 -Wall -Wextra -std=c++17 -fopenmp -DOMP_EXPLICIT_SIMD=1,10.699290,937793859b387046,passed
layout-Grayscale-simd_omp-t8-r3-6000x6000.png,2026-09-19T18:28:30Z,6000x6000.png,Grayscale,6000,6000,SoA,Kernel,3,8,static,,omp,,,hype1,g++,-O3 -Wall -Wextra -std=c++17 -fopenmp -DOMP_EXPLICIT_SIMD=1,16.677791,937793859b387046,passed
layout-Grayscale-simd_omp-t8-r3-6000x6000.png,2026-09-19T18:28:30Z,6000x6000.png,Grayscale,6000,6000,SoA,SoA_to_AoS,3,8,static,,omp,,,hype1,g++,-O3 -Wall -Wextra -std=c++17 -fopenmp -DOMP_EXPLICIT_SIMD=1,11.172472,937793859b387046,passed
layout-Grayscale-simd_omp-t8-r3-6000x6000.png,2026-09-19T18:28:30Z,6000x6000.png,Grayscale,6000,6000,SoA,End_to_End,3,8,static,,omp,,,hype1,g++,-O3 -Wall -Wextra -std=c++17 -fopenmp -DOMP_EXPLICIT_SIMD=1,38.549553,937793859b387046,passed
layout-Gaussian_11x11-simd_omp-t8-r3-4000x3000.png,2026-09-19T18:28:33Z,4000x3000.png,Gaussian_11x11,3990,2990,AoS,Kernel,3,8,static,,omp,,,hype1,g++,-O3 -Wall -Wextra -std=c++17 -fopenmp -DOMP_EXPLICIT_SIMD=1,438.126221,1e8adb9534bf99dc,passed
layout-Gaussian_11x11-simd_omp-t8-r3-4000x3000.png,2026-09-19T18:28:33Z,4000x3000.png,Gaussian_11x11,3990,2990,SoA,AoS_to_SoA,3,8,static,,omp,,,hype1,g++,-O3 -Wall -Wextra -std=c++17 -fopenmp -DOMP_EXPLICIT_SIMD=1,3.445235,1e8adb9534bf99dc,passed
layout-Gaussian_11x11-simd_omp-t8-r3-4000x3000.png,2026-09-19T18:28:33Z,4000x3000.png,Gaussian_11x11,3990,2990,SoA,Kernel,3,8,static,,omp,,,hype1,g++,-O3 -Wall -Wextra -std=c++17 -fopenmp -DOMP_EXPLICIT_SIMD=1,867.540204,1e8adb9534bf99dc,passed
layout-Gaussian_11x11-simd_omp-t8-r3-4000x3000.png,2026-09-19T18:28:33Z,4000x3000.png,Gaussian_11x11,3990,2990,SoA,SoA_to_AoS,3,8,static,,omp,,,hype1,g++,-O3 -Wall -Wextra -std=c++17 -fopenmp -DOMP_EXPLICIT_SIMD=1,4.214684,1e8adb9534bf99dc,passed
layout-Gaussian_11x11-simd_omp-t8-r3-4000x3000.png,2026-09-19T18:28:33Z,4000x3000.png,Gaussian_11x11,3990,2990,SoA,End_to_End,3,8,static,,omp,,,hype1,g++,-O3 -Wall -Wextra -std=c++17 -fopenmp -DOMP_EXPLICIT_SIMD=1,875.200123,1e8adb9534bf99dc,passed
layout-Gaussian_11x11-simd_omp-t8-r3-6000x6000.png,2026-09-19T18:28:40Z,6000x6000.png,Gaussian_11x11,5990,5990,AoS,Kernel,3,8,static,,omp,,,hype1,g++,-O3 -Wall -Wextra -std=c++17 -fopenmp -DOMP_EXPLICIT_SIMD=1,1288.161191,c923a906c8989668,passed
layout-Gaussian_11x11-simd_omp-t8-r3-6000x6000.png,2026-09-19T18:28:40Z,6000x6000.png,Gaussian_11x11,5990,5990,SoA,AoS_to_SoA,3,8,static,,omp,,,hype1,g++,-O3 -Wall -Wextra -std=c++17 -fopenmp -DOMP_EXPLICIT_SIMD=1,10.625045,c923a906c8989668,passed
layout-Gaussian_11x11-simd_omp-t8-r3-6000x6000.png,2026-09-19T18:28:40Z,6000x6000.png,Gaussian_11x11,5990,5990,SoA,Kernel,3,8,static,,omp,,,hype1,g++,-O3 -Wall -Wextra -std=c++17 -fopenmp -DOMP_EXPLICIT_SIMD=1,2613.731885,c923a906c8989668,passed
layout-Gaussian_11x11-simd_omp-t8-r3-6000x6000.png,2026-09-19T18:28:40Z,6000x6000.png,Gaussian_11x11,5990,5990,SoA,SoA_to_AoS,3,8,static,,omp,,,hype1,g++,-O3 -Wall -Wextra -std=c++17 -fopenmp -DOMP_EXPLICIT_SIMD=1,10.464146,c923a906c8989668,passed
layout-Gaussian_11x11-simd_omp-t8-r3-6000x6000.png,2026-09-19T18:28:40Z,6000x6000.png,Gaussian_11x11,5990,5990,SoA,End_to_End,3,8,static,,omp,,,hype1,g++,-O3 -Wall -Wextra -std=c++17 -fopenmp -DOMP_EXPLICIT_SIMD=1,2634.821076,c923a906c8989668,passed
layout-Grayscale-simd_omp-t8-r4-4000x3000.png,2026-09-19T18:28:40Z,4000x3000.png,Grayscale,4000,3000,AoS,Kernel,4,8,static,,omp,,,hype1,g++,-O3 -Wall -Wextra -std=c++17 -fopenmp -DOMP_EXPLICIT_SIMD=1,7.602081,00925fa85224b60c,passed
layout-Grayscale-simd_omp-t8-r4-4000x3000.png,2026-09-19T18:28:40Z,4000x3000.png,Grayscale,4000,3000,SoA,AoS_to_SoA,4,8,static,,omp,,,hype1,g++,-O3 -Wall -Wextra -std=c++17 -fopenmp -DOMP_EXPLICIT_SIMD=1,3.985986,00925fa85224b60c,passed
layout-Grayscale-simd_omp-t8-r4-4000x3000.png,2026-09-19T18:28:40Z,4000x3000.png,Grayscale,4000,3000,SoA,Kernel,4,8,static,,omp,,,hype1,g++,-O3 -Wall -Wextra -std=c++17 -fopenmp -DOMP_EXPLICIT_SIMD=1,5.518449,00925fa85224b60c,passed
layout-Grayscale-simd_omp-t8-r4-4000x3000.png,2026-09-19T18:28:40Z,4000x3000.png,Grayscale,4000,3000,SoA,SoA_to_AoS,4,8,static,,omp,,,hype1,g++,-O3 -Wall -Wextra -std=c++17 -fopenmp -DOMP_EXPLICIT_SIMD=1,3.898299,00925fa85224b60c,passed
layout-Grayscale-simd_omp-t8-r4-4000x3000.png,2026-09-19T18:28:40Z,4000x3000.png,Grayscale,4000,3000,SoA,End_to_End,4,8,static,,omp,,,hype1,g++,-O3 -Wall -Wextra -std=c++17 -fopenmp -DOMP_EXPLICIT_SIMD=1,13.402734,00925fa85224b60c,passed
layout-Grayscale-simd_omp-t8-r4-6000x6000.png,2026-09-19T18:28:42Z,6000x6000.png,Grayscale,6000,6000,AoS,Kernel,4,8,static,,omp,,,hype1,g++,-O3 -Wall -Wextra -std=c++17 -fopenmp -DOMP_EXPLICIT_SIMD=1,21.535520,937793859b387046,passed
layout-Grayscale-simd_omp-t8-r4-6000x6000.png,2026-09-19T18:28:42Z,6000x6000.png,Grayscale,6000,6000,SoA,AoS_to_SoA,4,8,static,,omp,,,hype1,g++,-O3 -Wall -Wextra -std=c++17 -fopenmp -DOMP_EXPLICIT_SIMD=1,11.306145,937793859b387046,passed
layout-Grayscale-simd_omp-t8-r4-6000x6000.png,2026-09-19T18:28:42Z,6000x6000.png,Grayscale,6000,6000,SoA,Kernel,4,8,static,,omp,,,hype1,g++,-O3 -Wall -Wextra -std=c++17 -fopenmp -DOMP_EXPLICIT_SIMD=1,16.383338,937793859b387046,passed
layout-Grayscale-simd_omp-t8-r4-6000x6000.png,2026-09-19T18:28:42Z,6000x6000.png,Grayscale,6000,6000,SoA,SoA_to_AoS,4,8,static,,omp,,,hype1,g++,-O3 -Wall -Wextra -std=c++17 -fopenmp -DOMP_EXPLICIT_SIMD=1,10.421138,937793859b387046,passed
layout-Grayscale-simd_omp-t8-r4-6000x6000.png,2026-09-19T18:28:42Z,6000x6000.png,Grayscale,6000,6000,SoA,End_to_End,4,8,static,,omp,,,hype1,g++,-O3 -Wall -Wextra -std=c++17 -fopenmp -DOMP_EXPLICIT_SIMD=1,38.110621,937793859b387046,passed
layout-Gaussian_11x11-simd_omp-t8-r4-4000x3000.png,2026-09-19T18:28:45Z,4000x3000.png,Gaussian_11x11,3990,2990,AoS,Kernel,4,8,static,,omp,,,hype1,g++,-O3 -Wall -Wextra -std=c++17 -fopenmp -DOMP_EXPLICIT_SIMD=1,431.453028,1e8adb9534bf99dc,passed
layout-Gaussian_11x11-simd_omp-t8-r4-4000x3000.png,2026-09-19T18:28:45Z,4000x3000.png,Gaussian_11x11,3990,2990,SoA,AoS_to_SoA,4,8,static,,omp,,,hype1,g++,-O3 -Wall -Wextra -std=c++17 -fopenmp -DOMP_EXPLICIT_SIMD=1,3.574805,1e8adb9534bf99dc,passed
layout-Gaussian_11x11-simd_omp-t8-r4-4000x3000.png,2026-09-19T18:28:45Z,4000x3000.png,Gaussian_11x11,3990,2990,SoA,Kernel,4,8,static,,omp,,,hype1,g++,-O3 -Wall -Wextra -std=c++17 -fopenmp -DOMP_EXPLICIT_SIMD=1,863.072052,1e8adb9534bf99dc,passed
layout-Gaussian_11x11-simd_omp-t8-r4-4000x3000.png,2026-09-19T18:28:45Z,4000x3000.png,Gaussian_11x11,3990,2990,SoA,SoA_to_AoS,4,8,static,,omp,,,hype1,g++,-O3 -Wall -Wextra -std=c++17 -fopenmp -DOMP_EXPLICIT_SIMD=1,4.140725,1e8adb9534bf99dc,passed
layout-Gaussian_11x11-simd_omp-t8-r4-4000x3000.png,2026-09-19T18:28:45Z,4000x3000.png,Gaussian_11x11,3990,2990,SoA,End_to_End,4,8,static,,omp,,,hype1,g++,-O3 -Wall -Wextra -std=c++17 -fopenmp -DOMP_EXPLICIT_SIMD=1,870.787582,1e8adb9534bf99dc,passed
layout-Gaussian_11x11-simd_omp-t8-r4-6000x6000.png,2026-09-19T18:28:52Z,6000x6000.png,Gaussian_11x11,5990,5990,AoS,Kernel,4,8,static,,omp,,,hype1,g++,-O3 -Wall -Wextra -std=c++17 -fopenmp -DOMP_EXPLICIT_SIMD=1,1278.410545,c923a906c8989668,passed
layout-Gaussian_11x11-simd_omp-t8-r4-6000x6000.png,2026-09-19T18:28:52Z,6000x6000.png,Gaussian_11x11,5990,5990,SoA,AoS_to_SoA,4,8,static,,omp,,,hype1,g++,-O3 -Wall -Wextra -std=c++17 -fopenmp -DOMP_EXPLICIT_SIMD=1,10.843954,c923a906c8989668,passed
layout-Gaussian_11x11-simd_omp-t8-r4-6000x6000.png,2026-09-19T18:28:52Z,6000x6000.png,Gaussian_11x11,5990,5990,SoA,Kernel,4,8,static,,omp,,,hype1,g++,-O3 -Wall -Wextra -std=c++17 -fopenmp -DOMP_EXPLICIT_SIMD=1,2607.859421,c923a906c8989668,passed
layout-Gaussian_11x11-simd_omp-t8-r4-6000x6000.png,2026-09-19T18:28:52Z,6000x6000.png,Gaussian_11x11,5990,5990,SoA,SoA_to_AoS,4,8,static,,omp,,,hype1,g++,-O3 -Wall -Wextra -std=c++17 -fopenmp -DOMP_EXPLICIT_SIMD=1,10.562005,c923a906c8989668,passed
layout-Gaussian_11x11-simd_omp-t8-r4-6000x6000.png,2026-09-19T18:28:52Z,6000x6000.png,Gaussian_11x11,5990,5990,SoA,End_to_End,4,8,static,,omp,,,hype1,g++,-O3 -Wall -Wextra -std=c++17 -fopenmp -DOMP_EXPLICIT_SIMD=1,2629.265380,c923a906c8989668,passed
layout-Grayscale-simd_off-t8-r4-4000x3000.png,2026-09-19T18:28:53Z,4000x3000.png,Grayscale,4000,3000,AoS,Kernel,4,8,static,,off,,,hype1,g++,-O3 -Wall -Wextra -std=c++17 -fopenmp -DOMP_EXPLICIT_SIMD=0 -fno-tree-vectorize,7.506230,00925fa85224b60c,passed
layout-Grayscale-simd_off-t8-r4-4000x3000.png,2026-09-19T18:28:53Z,4000x3000.png,Grayscale,4000,3000,SoA,AoS_to_SoA,4,8,static,,off,,,hype1,g++,-O3 -Wall -Wextra -std=c++17 -fopenmp -DOMP_EXPLICIT_SIMD=0 -fno-tree-vectorize,3.884650,00925fa85224b60c,passed
layout-Grayscale-simd_off-t8-r4-4000x3000.png,2026-09-19T18:28:53Z,4000x3000.png,Grayscale,4000,3000,SoA,Kernel,4,8,static,,off,,,hype1,g++,-O3 -Wall -Wextra -std=c++17 -fopenmp -DOMP_EXPLICIT_SIMD=0 -fno-tree-vectorize,5.576467,00925fa85224b60c,passed
layout-Grayscale-simd_off-t8-r4-4000x3000.png,2026-09-19T18:28:53Z,4000x3000.png,Grayscale,4000,3000,SoA,SoA_to_AoS,4,8,static,,off,,,hype1,g++,-O3 -Wall -Wextra -std=c++17 -fopenmp -DOMP_EXPLICIT_SIMD=0 -fno-tree-vectorize,4.441769,00925fa85224b60c,passed
layout-Grayscale-simd_off-t8-r4-4000x3000.png,2026-09-19T18:28:53Z,4000x3000.png,Grayscale,4000,3000,SoA,End_to_End,4,8,static,,off,,,hype1,g++,-O3 -Wall -Wextra -std=c++17 -fopenmp -DOMP_EXPLICIT_SIMD=0 -fno-tree-vectorize,13.902886,00925fa85224b60c,passed
layout-Grayscale-simd_off-t8-r4-6000x6000.png,2026-09-19T18:28:54Z,6000x6000.png,Grayscale,6000,6000,AoS,Kernel,4,8,static,,off,,,hype1,g++,-O3 -Wall -Wextra -std=c++17 -fopenmp -DOMP_EXPLICIT_SIMD=0 -fno-tree-vectorize,21.146923,937793859b387046,passed
layout-Grayscale-simd_off-t8-r4-6000x6000.png,2026-09-19T18:28:54Z,6000x6000.png,Grayscale,6000,6000,SoA,AoS_to_SoA,4,8,static,,off,,,hype1,g++,-O3 -Wall -Wextra -std=c++17 -fopenmp -DOMP_EXPLICIT_SIMD=0 -fno-tree-vectorize,10.607630,937793859b387046,passed
layout-Grayscale-simd_off-t8-r4-6000x6000.png,2026-09-19T18:28:54Z,6000x6000.png,Grayscale,6000,6000,SoA,Kernel,4,8,static,,off,,,hype1,g++,-O3 -Wall -Wextra -std=c++17 -fopenmp -DOMP_EXPLICIT_SIMD=0 -fno-tree-vectorize,16.683275,937793859b387046,passed
layout-Grayscale-simd_off-t8-r4-6000x6000.png,2026-09-19T18:28:54Z,6000x6000.png,Grayscale,6000,6000,SoA,SoA_to_AoS,4,8,static,,off,,,hype1,g++,-O3 -Wall -Wextra -std=c++17 -fopenmp -DOMP_EXPLICIT_SIMD=0 -fno-tree-vectorize,11.167867,937793859b387046,passed
layout-Grayscale-simd_off-t8-r4-6000x6000.png,2026-09-19T18:28:54Z,6000x6000.png,Grayscale,6000,6000,SoA,End_to_End,4,8,static,,off,,,hype1,g++,-O3 -Wall -Wextra -std=c++17 -fopenmp -DOMP_EXPLICIT_SIMD=0 -fno-tree-vectorize,38.458772,937793859b387046,passed
layout-Gaussian_11x11-simd_off-t8-r4-4000x3000.png,2026-09-19T18:28:56Z,4000x3000.png,Gaussian_11x11,3990,2990,AoS,Kernel,4,8,static,,off,,,hype1,g++,-O3 -Wall -Wextra -std=c++17 -fopenmp -DOMP_EXPLICIT_SIMD=0 -fno-tree-vectorize,429.610939,1e8adb9534bf99dc,passed
layout-Gaussian_11x11-simd_off-t8-r4-4000x3000.png,2026-09-19T18:28:56Z,4000x3000.png,Gaussian_11x11,3990,2990,SoA,AoS_to_SoA,4,8,static,,off,,,hype1,g++,-O3 -Wall -Wextra -std=c++17 -fopenmp -DOMP_EXPLICIT_SIMD=0 -fno-tree-vectorize,3.532824,1e8adb9534bf99dc,passed
layout-Gaussian_11x11-simd_off-t8-r4-4000x3000.png,2026-09-19T18:28:56Z,4000x3000.png,Gaussian_11x11,3990,2990,SoA,Kernel,4,8,static,,off,,,hype1,g++,-O3 -Wall -Wextra -std=c++17 -fopenmp -DOMP_EXPLICIT_SIMD=0 -fno-tree-vectorize,440.206191,1e8adb9534bf99dc,passed
layout-Gaussian_11x11-simd_off-t8-r4-4000x3000.png,2026-09-19T18:28:56Z,4000x3000.png,Gaussian_11x11,3990,2990,SoA,SoA_to_AoS,4,8,static,,off,,,hype1,g++,-O3 -Wall -Wextra -std=c++17 -fopenmp -DOMP_EXPLICIT_SIMD=0 -fno-tree-vectorize,4.130616,1e8adb9534bf99dc,passed
layout-Gaussian_11x11-simd_off-t8-r4-4000x3000.png,2026-09-19T18:28:56Z,4000x3000.png,Gaussian_11x11,3990,2990,SoA,End_to_End,4,8,static,,off,,,hype1,g++,-O3 -Wall -Wextra -std=c++17 -fopenmp -DOMP_EXPLICIT_SIMD=0 -fno-tree-vectorize,447.869631,1e8adb9534bf99dc,passed
layout-Gaussian_11x11-simd_off-t8-r4-6000x6000.png,2026-09-19T18:29:02Z,6000x6000.png,Gaussian_11x11,5990,5990,AoS,Kernel,4,8,static,,off,,,hype1,g++,-O3 -Wall -Wextra -std=c++17 -fopenmp -DOMP_EXPLICIT_SIMD=0 -fno-tree-vectorize,1284.302994,c923a906c8989668,passed
layout-Gaussian_11x11-simd_off-t8-r4-6000x6000.png,2026-09-19T18:29:02Z,6000x6000.png,Gaussian_11x11,5990,5990,SoA,AoS_to_SoA,4,8,static,,off,,,hype1,g++,-O3 -Wall -Wextra -std=c++17 -fopenmp -DOMP_EXPLICIT_SIMD=0 -fno-tree-vectorize,10.669133,c923a906c8989668,passed
layout-Gaussian_11x11-simd_off-t8-r4-6000x6000.png,2026-09-19T18:29:02Z,6000x6000.png,Gaussian_11x11,5990,5990,SoA,Kernel,4,8,static,,off,,,hype1,g++,-O3 -Wall -Wextra -std=c++17 -fopenmp -DOMP_EXPLICIT_SIMD=0 -fno-tree-vectorize,1288.452376,c923a906c8989668,passed
layout-Gaussian_11x11-simd_off-t8-r4-6000x6000.png,2026-09-19T18:29:02Z,6000x6000.png,Gaussian_11x11,5990,5990,SoA,SoA_to_AoS,4,8,static,,off,,,hype1,g++,-O3 -Wall -Wextra -std=c++17 -fopenmp -DOMP_EXPLICIT_SIMD=0 -fno-tree-vectorize,11.170405,c923a906c8989668,passed
layout-Gaussian_11x11-simd_off-t8-r4-6000x6000.png,2026-09-19T18:29:02Z,6000x6000.png,Gaussian_11x11,5990,5990,SoA,End_to_End,4,8,static,,off,,,hype1,g++,-O3 -Wall -Wextra -std=c++17 -fopenmp -DOMP_EXPLICIT_SIMD=0 -fno-tree-vectorize,1310.291914,c923a906c8989668,passed
layout-Grayscale-simd_off-t8-r5-4000x3000.png,2026-09-19T18:29:03Z,4000x3000.png,Grayscale,4000,3000,AoS,Kernel,5,8,static,,off,,,hype1,g++,-O3 -Wall -Wextra -std=c++17 -fopenmp -DOMP_EXPLICIT_SIMD=0 -fno-tree-vectorize,7.472036,00925fa85224b60c,passed
layout-Grayscale-simd_off-t8-r5-4000x3000.png,2026-09-19T18:29:03Z,4000x3000.png,Grayscale,4000,3000,SoA,AoS_to_SoA,5,8,static,,off,,,hype1,g++,-O3 -Wall -Wextra -std=c++17 -fopenmp -DOMP_EXPLICIT_SIMD=0 -fno-tree-vectorize,4.114292,00925fa85224b60c,passed
layout-Grayscale-simd_off-t8-r5-4000x3000.png,2026-09-19T18:29:03Z,4000x3000.png,Grayscale,4000,3000,SoA,Kernel,5,8,static,,off,,,hype1,g++,-O3 -Wall -Wextra -std=c++17 -fopenmp -DOMP_EXPLICIT_SIMD=0 -fno-tree-vectorize,5.419813,00925fa85224b60c,passed
layout-Grayscale-simd_off-t8-r5-4000x3000.png,2026-09-19T18:29:03Z,4000x3000.png,Grayscale,4000,3000,SoA,SoA_to_AoS,5,8,static,,off,,,hype1,g++,-O3 -Wall -Wextra -std=c++17 -fopenmp -DOMP_EXPLICIT_SIMD=0 -fno-tree-vectorize,4.172667,00925fa85224b60c,passed
layout-Grayscale-simd_off-t8-r5-4000x3000.png,2026-09-19T18:29:03Z,4000x3000.png,Grayscale,4000,3000,SoA,End_to_End,5,8,static,,off,,,hype1,g++,-O3 -Wall -Wextra -std=c++17 -fopenmp -DOMP_EXPLICIT_SIMD=0 -fno-tree-vectorize,13.706772,00925fa85224b60c,passed
layout-Grayscale-simd_off-t8-r5-6000x6000.png,2026-09-19T18:29:05Z,6000x6000.png,Grayscale,6000,6000,AoS,Kernel,5,8,static,,off,,,hype1,g++,-O3 -Wall -Wextra -std=c++17 -fopenmp -DOMP_EXPLICIT_SIMD=0 -fno-tree-vectorize,21.161758,937793859b387046,passed
layout-Grayscale-simd_off-t8-r5-6000x6000.png,2026-09-19T18:29:05Z,6000x6000.png,Grayscale,6000,6000,SoA,AoS_to_SoA,5,8,static,,off,,,hype1,g++,-O3 -Wall -Wextra -std=c++17 -fopenmp -DOMP_EXPLICIT_SIMD=0 -fno-tree-vectorize,11.023425,937793859b387046,passed
layout-Grayscale-simd_off-t8-r5-6000x6000.png,2026-09-19T18:29:05Z,6000x6000.png,Grayscale,6000,6000,SoA,Kernel,5,8,static,,off,,,hype1,g++,-O3 -Wall -Wextra -std=c++17 -fopenmp -DOMP_EXPLICIT_SIMD=0 -fno-tree-vectorize,16.658499,937793859b387046,passed
layout-Grayscale-simd_off-t8-r5-6000x6000.png,2026-09-19T18:29:05Z,6000x6000.png,Grayscale,6000,6000,SoA,SoA_to_AoS,5,8,static,,off,,,hype1,g++,-O3 -Wall -Wextra -std=c++17 -fopenmp -DOMP_EXPLICIT_SIMD=0 -fno-tree-vectorize,11.046716,937793859b387046,passed
layout-Grayscale-simd_off-t8-r5-6000x6000.png,2026-09-19T18:29:05Z,6000x6000.png,Grayscale,6000,6000,SoA,End_to_End,5,8,static,,off,,,hype1,g++,-O3 -Wall -Wextra -std=c++17 -fopenmp -DOMP_EXPLICIT_SIMD=0 -fno-tree-vectorize,38.728640,937793859b387046,passed
layout-Gaussian_11x11-simd_off-t8-r5-4000x3000.png,2026-09-19T18:29:07Z,4000x3000.png,Gaussian_11x11,3990,2990,AoS,Kernel,5,8,static,,off,,,hype1,g++,-O3 -Wall -Wextra -std=c++17 -fopenmp -DOMP_EXPLICIT_SIMD=0 -fno-tree-vectorize,461.206165,1e8adb9534bf99dc,passed
layout-Gaussian_11x11-simd_off-t8-r5-4000x3000.png,2026-09-19T18:29:07Z,4000x3000.png,Gaussian_11x11,3990,2990,SoA,AoS_to_SoA,5,8,static,,off,,,hype1,g++,-O3 -Wall -Wextra -std=c++17 -fopenmp -DOMP_EXPLICIT_SIMD=0 -fno-tree-vectorize,3.520808,1e8adb9534bf99dc,passed
layout-Gaussian_11x11-simd_off-t8-r5-4000x3000.png,2026-09-19T18:29:07Z,4000x3000.png,Gaussian_11x11,3990,2990,SoA,Kernel,5,8,static,,off,,,hype1,g++,-O3 -Wall -Wextra -std=c++17 -fopenmp -DOMP_EXPLICIT_SIMD=0 -fno-tree-vectorize,427.741218,1e8adb9534bf99dc,passed
layout-Gaussian_11x11-simd_off-t8-r5-4000x3000.png,2026-09-19T18:29:07Z,4000x3000.png,Gaussian_11x11,3990,2990,SoA,SoA_to_AoS,5,8,static,,off,,,hype1,g++,-O3 -Wall -Wextra -std=c++17 -fopenmp -DOMP_EXPLICIT_SIMD=0 -fno-tree-vectorize,3.784582,1e8adb9534bf99dc,passed
layout-Gaussian_11x11-simd_off-t8-r5-4000x3000.png,2026-09-19T18:29:07Z,4000x3000.png,Gaussian_11x11,3990,2990,SoA,End_to_End,5,8,static,,off,,,hype1,g++,-O3 -Wall -Wextra -std=c++17 -fopenmp -DOMP_EXPLICIT_SIMD=0 -fno-tree-vectorize,435.046608,1e8adb9534bf99dc,passed
layout-Gaussian_11x11-simd_off-t8-r5-6000x6000.png,2026-09-19T18:29:13Z,6000x6000.png,Gaussian_11x11,5990,5990,AoS,Kernel,5,8,static,,off,,,hype1,g++,-O3 -Wall -Wextra -std=c++17 -fopenmp -DOMP_EXPLICIT_SIMD=0 -fno-tree-vectorize,1284.413895,c923a906c8989668,passed
layout-Gaussian_11x11-simd_off-t8-r5-6000x6000.png,2026-09-19T18:29:13Z,6000x6000.png,Gaussian_11x11,5990,5990,SoA,AoS_to_SoA,5,8,static,,off,,,hype1,g++,-O3 -Wall -Wextra -std=c++17 -fopenmp -DOMP_EXPLICIT_SIMD=0 -fno-tree-vectorize,11.190111,c923a906c8989668,passed
layout-Gaussian_11x11-simd_off-t8-r5-6000x6000.png,2026-09-19T18:29:13Z,6000x6000.png,Gaussian_11x11,5990,5990,SoA,Kernel,5,8,static,,off,,,hype1,g++,-O3 -Wall -Wextra -std=c++17 -fopenmp -DOMP_EXPLICIT_SIMD=0 -fno-tree-vectorize,1311.458340,c923a906c8989668,passed
layout-Gaussian_11x11-simd_off-t8-r5-6000x6000.png,2026-09-19T18:29:13Z,6000x6000.png,Gaussian_11x11,5990,5990,SoA,SoA_to_AoS,5,8,static,,off,,,hype1,g++,-O3 -Wall -Wextra -std=c++17 -fopenmp -DOMP_EXPLICIT_SIMD=0 -fno-tree-vectorize,10.471211,c923a906c8989668,passed
layout-Gaussian_11x11-simd_off-t8-r5-6000x6000.png,2026-09-19T18:29:13Z,6000x6000.png,Gaussian_11x11,5990,5990,SoA,End_to_End,5,8,static,,off,,,hype1,g++,-O3 -Wall -Wextra -std=c++17 -fopenmp -DOMP_EXPLICIT_SIMD=0 -fno-tree-vectorize,1333.119662,c923a906c8989668,passed
layout-Grayscale-simd_omp-t8-r5-4000x3000.png,2026-09-19T18:29:13Z,4000x3000.png,Grayscale,4000,3000,AoS,Kernel,5,8,static,,omp,,,hype1,g++,-O3 -Wall -Wextra -std=c++17 -fopenmp -DOMP_EXPLICIT_SIMD=1,7.835797,00925fa85224b60c,passed
layout-Grayscale-simd_omp-t8-r5-4000x3000.png,2026-09-19T18:29:13Z,4000x3000.png,Grayscale,4000,3000,SoA,AoS_to_SoA,5,8,static,,omp,,,hype1,g++,-O3 -Wall -Wextra -std=c++17 -fopenmp -DOMP_EXPLICIT_SIMD=1,3.927454,00925fa85224b60c,passed
layout-Grayscale-simd_omp-t8-r5-4000x3000.png,2026-09-19T18:29:13Z,4000x3000.png,Grayscale,4000,3000,SoA,Kernel,5,8,static,,omp,,,hype1,g++,-O3 -Wall -Wextra -std=c++17 -fopenmp -DOMP_EXPLICIT_SIMD=1,5.510309,00925fa85224b60c,passed
layout-Grayscale-simd_omp-t8-r5-4000x3000.png,2026-09-19T18:29:13Z,4000x3000.png,Grayscale,4000,3000,SoA,SoA_to_AoS,5,8,static,,omp,,,hype1,g++,-O3 -Wall -Wextra -std=c++17 -fopenmp -DOMP_EXPLICIT_SIMD=1,4.264050,00925fa85224b60c,passed
layout-Grayscale-simd_omp-t8-r5-4000x3000.png,2026-09-19T18:29:13Z,4000x3000.png,Grayscale,4000,3000,SoA,End_to_End,5,8,static,,omp,,,hype1,g++,-O3 -Wall -Wextra -std=c++17 -fopenmp -DOMP_EXPLICIT_SIMD=1,13.701813,00925fa85224b60c,passed
layout-Grayscale-simd_omp-t8-r5-6000x6000.png,2026-09-19T18:29:15Z,6000x6000.png,Grayscale,6000,6000,AoS,Kernel,5,8,static,,omp,,,hype1,g++,-O3 -Wall -Wextra -std=c++17 -fopenmp -DOMP_EXPLICIT_SIMD=1,22.064361,937793859b387046,passed
layout-Grayscale-simd_omp-t8-r5-6000x6000.png,2026-09-19T18:29:15Z,6000x6000.png,Grayscale,6000,6000,SoA,AoS_to_SoA,5,8,static,,omp,,,hype1,g++,-O3 -Wall -Wextra -std=c++17 -fopenmp -DOMP_EXPLICIT_SIMD=1,10.675024,937793859b387046,passed
layout-Grayscale-simd_omp-t8-r5-6000x6000.png,2026-09-19T18:29:15Z,6000x6000.png,Grayscale,6000,6000,SoA,Kernel,5,8,static,,omp,,,hype1,g++,-O3 -Wall -Wextra -std=c++17 -fopenmp -DOMP_EXPLICIT_SIMD=1,16.738519,937793859b387046,passed
layout-Grayscale-simd_omp-t8-r5-6000x6000.png,2026-09-19T18:29:15Z,6000x6000.png,Grayscale,6000,6000,SoA,SoA_to_AoS,5,8,static,,omp,,,hype1,g++,-O3 -Wall -Wextra -std=c++17 -fopenmp -DOMP_EXPLICIT_SIMD=1,11.225816,937793859b387046,passed
layout-Grayscale-simd_omp-t8-r5-6000x6000.png,2026-09-19T18:29:15Z,6000x6000.png,Grayscale,6000,6000,SoA,End_to_End,5,8,static,,omp,,,hype1,g++,-O3 -Wall -Wextra -std=c++17 -fopenmp -DOMP_EXPLICIT_SIMD=1,38.639359,937793859b387046,passed
layout-Gaussian_11x11-simd_omp-t8-r5-4000x3000.png,2026-09-19T18:29:18Z,4000x3000.png,Gaussian_11x11,3990,2990,AoS,Kernel,5,8,static,,omp,,,hype1,g++,-O3 -Wall -Wextra -std=c++17 -fopenmp -DOMP_EXPLICIT_SIMD=1,434.852659,1e8adb9534bf99dc,passed
layout-Gaussian_11x11-simd_omp-t8-r5-4000x3000.png,2026-09-19T18:29:18Z,4000x3000.png,Gaussian_11x11,3990,2990,SoA,AoS_to_SoA,5,8,static,,omp,,,hype1,g++,-O3 -Wall -Wextra -std=c++17 -fopenmp -DOMP_EXPLICIT_SIMD=1,3.600918,1e8adb9534bf99dc,passed
layout-Gaussian_11x11-simd_omp-t8-r5-4000x3000.png,2026-09-19T18:29:18Z,4000x3000.png,Gaussian_11x11,3990,2990,SoA,Kernel,5,8,static,,omp,,,hype1,g++,-O3 -Wall -Wextra -std=c++17 -fopenmp -DOMP_EXPLICIT_SIMD=1,866.376410,1e8adb9534bf99dc,passed
layout-Gaussian_11x11-simd_omp-t8-r5-4000x3000.png,2026-09-19T18:29:18Z,4000x3000.png,Gaussian_11x11,3990,2990,SoA,SoA_to_AoS,5,8,static,,omp,,,hype1,g++,-O3 -Wall -Wextra -std=c++17 -fopenmp -DOMP_EXPLICIT_SIMD=1,3.718552,1e8adb9534bf99dc,passed
layout-Gaussian_11x11-simd_omp-t8-r5-4000x3000.png,2026-09-19T18:29:18Z,4000x3000.png,Gaussian_11x11,3990,2990,SoA,End_to_End,5,8,static,,omp,,,hype1,g++,-O3 -Wall -Wextra -std=c++17 -fopenmp -DOMP_EXPLICIT_SIMD=1,873.695880,1e8adb9534bf99dc,passed
layout-Gaussian_11x11-simd_omp-t8-r5-6000x6000.png,2026-09-19T18:29:25Z,6000x6000.png,Gaussian_11x11,5990,5990,AoS,Kernel,5,8,static,,omp,,,hype1,g++,-O3 -Wall -Wextra -std=c++17 -fopenmp -DOMP_EXPLICIT_SIMD=1,1278.386453,c923a906c8989668,passed
layout-Gaussian_11x11-simd_omp-t8-r5-6000x6000.png,2026-09-19T18:29:25Z,6000x6000.png,Gaussian_11x11,5990,5990,SoA,AoS_to_SoA,5,8,static,,omp,,,hype1,g++,-O3 -Wall -Wextra -std=c++17 -fopenmp -DOMP_EXPLICIT_SIMD=1,10.680337,c923a906c8989668,passed
layout-Gaussian_11x11-simd_omp-t8-r5-6000x6000.png,2026-09-19T18:29:25Z,6000x6000.png,Gaussian_11x11,5990,5990,SoA,Kernel,5,8,static,,omp,,,hype1,g++,-O3 -Wall -Wextra -std=c++17 -fopenmp -DOMP_EXPLICIT_SIMD=1,2620.410055,c923a906c8989668,passed
layout-Gaussian_11x11-simd_omp-t8-r5-6000x6000.png,2026-09-19T18:29:25Z,6000x6000.png,Gaussian_11x11,5990,5990,SoA,SoA_to_AoS,5,8,static,,omp,,,hype1,g++,-O3 -Wall -Wextra -std=c++17 -fopenmp -DOMP_EXPLICIT_SIMD=1,10.466068,c923a906c8989668,passed
layout-Gaussian_11x11-simd_omp-t8-r5-6000x6000.png,2026-09-19T18:29:25Z,6000x6000.png,Gaussian_11x11,5990,5990,SoA,End_to_End,5,8,static,,omp,,,hype1,g++,-O3 -Wall -Wextra -std=c++17 -fopenmp -DOMP_EXPLICIT_SIMD=1,2641.556460,c923a906c8989668,passed
layout-Grayscale-simd_off-t12-r1-4000x3000.png,2026-09-19T18:29:44Z,4000x3000.png,Grayscale,4000,3000,AoS,Kernel,1,12,static,,off,,,hype1,g++,-O3 -Wall -Wextra -std=c++17 -fopenmp -DOMP_EXPLICIT_SIMD=0 -fno-tree-vectorize,5.510683,00925fa85224b60c,passed
layout-Grayscale-simd_off-t12-r1-4000x3000.png,2026-09-19T18:29:44Z,4000x3000.png,Grayscale,4000,3000,SoA,AoS_to_SoA,1,12,static,,off,,,hype1,g++,-O3 -Wall -Wextra -std=c++17 -fopenmp -DOMP_EXPLICIT_SIMD=0 -fno-tree-vectorize,2.821031,00925fa85224b60c,passed
layout-Grayscale-simd_off-t12-r1-4000x3000.png,2026-09-19T18:29:44Z,4000x3000.png,Grayscale,4000,3000,SoA,Kernel,1,12,static,,off,,,hype1,g++,-O3 -Wall -Wextra -std=c++17 -fopenmp -DOMP_EXPLICIT_SIMD=0 -fno-tree-vectorize,3.826714,00925fa85224b60c,passed
layout-Grayscale-simd_off-t12-r1-4000x3000.png,2026-09-19T18:29:44Z,4000x3000.png,Grayscale,4000,3000,SoA,SoA_to_AoS,1,12,static,,off,,,hype1,g++,-O3 -Wall -Wextra -std=c++17 -fopenmp -DOMP_EXPLICIT_SIMD=0 -fno-tree-vectorize,3.319376,00925fa85224b60c,passed
layout-Grayscale-simd_off-t12-r1-4000x3000.png,2026-09-19T18:29:44Z,4000x3000.png,Grayscale,4000,3000,SoA,End_to_End,1,12,static,,off,,,hype1,g++,-O3 -Wall -Wextra -std=c++17 -fopenmp -DOMP_EXPLICIT_SIMD=0 -fno-tree-vectorize,9.967121,00925fa85224b60c,passed
layout-Grayscale-simd_off-t12-r1-6000x6000.png,2026-09-19T18:29:46Z,6000x6000.png,Grayscale,6000,6000,AoS,Kernel,1,12,static,,off,,,hype1,g++,-O3 -Wall -Wextra -std=c++17 -fopenmp -DOMP_EXPLICIT_SIMD=0 -fno-tree-vectorize,14.719520,937793859b387046,passed
layout-Grayscale-simd_off-t12-r1-6000x6000.png,2026-09-19T18:29:46Z,6000x6000.png,Grayscale,6000,6000,SoA,AoS_to_SoA,1,12,static,,off,,,hype1,g++,-O3 -Wall -Wextra -std=c++17 -fopenmp -DOMP_EXPLICIT_SIMD=0 -fno-tree-vectorize,7.711642,937793859b387046,passed
layout-Grayscale-simd_off-t12-r1-6000x6000.png,2026-09-19T18:29:46Z,6000x6000.png,Grayscale,6000,6000,SoA,Kernel,1,12,static,,off,,,hype1,g++,-O3 -Wall -Wextra -std=c++17 -fopenmp -DOMP_EXPLICIT_SIMD=0 -fno-tree-vectorize,11.454607,937793859b387046,passed
layout-Grayscale-simd_off-t12-r1-6000x6000.png,2026-09-19T18:29:46Z,6000x6000.png,Grayscale,6000,6000,SoA,SoA_to_AoS,1,12,static,,off,,,hype1,g++,-O3 -Wall -Wextra -std=c++17 -fopenmp -DOMP_EXPLICIT_SIMD=0 -fno-tree-vectorize,8.090608,937793859b387046,passed
layout-Grayscale-simd_off-t12-r1-6000x6000.png,2026-09-19T18:29:46Z,6000x6000.png,Grayscale,6000,6000,SoA,End_to_End,1,12,static,,off,,,hype1,g++,-O3 -Wall -Wextra -std=c++17 -fopenmp -DOMP_EXPLICIT_SIMD=0 -fno-tree-vectorize,27.256857,937793859b387046,passed
layout-Gaussian_11x11-simd_off-t12-r1-4000x3000.png,2026-09-19T18:29:48Z,4000x3000.png,Gaussian_11x11,3990,2990,AoS,Kernel,1,12,static,,off,,,hype1,g++,-O3 -Wall -Wextra -std=c++17 -fopenmp -DOMP_EXPLICIT_SIMD=0 -fno-tree-vectorize,295.579920,1e8adb9534bf99dc,passed
layout-Gaussian_11x11-simd_off-t12-r1-4000x3000.png,2026-09-19T18:29:48Z,4000x3000.png,Gaussian_11x11,3990,2990,SoA,AoS_to_SoA,1,12,static,,off,,,hype1,g++,-O3 -Wall -Wextra -std=c++17 -fopenmp -DOMP_EXPLICIT_SIMD=0 -fno-tree-vectorize,2.453385,1e8adb9534bf99dc,passed
layout-Gaussian_11x11-simd_off-t12-r1-4000x3000.png,2026-09-19T18:29:48Z,4000x3000.png,Gaussian_11x11,3990,2990,SoA,Kernel,1,12,static,,off,,,hype1,g++,-O3 -Wall -Wextra -std=c++17 -fopenmp -DOMP_EXPLICIT_SIMD=0 -fno-tree-vectorize,295.562439,1e8adb9534bf99dc,passed
layout-Gaussian_11x11-simd_off-t12-r1-4000x3000.png,2026-09-19T18:29:48Z,4000x3000.png,Gaussian_11x11,3990,2990,SoA,SoA_to_AoS,1,12,static,,off,,,hype1,g++,-O3 -Wall -Wextra -std=c++17 -fopenmp -DOMP_EXPLICIT_SIMD=0 -fno-tree-vectorize,2.863803,1e8adb9534bf99dc,passed
layout-Gaussian_11x11-simd_off-t12-r1-4000x3000.png,2026-09-19T18:29:48Z,4000x3000.png,Gaussian_11x11,3990,2990,SoA,End_to_End,1,12,static,,off,,,hype1,g++,-O3 -Wall -Wextra -std=c++17 -fopenmp -DOMP_EXPLICIT_SIMD=0 -fno-tree-vectorize,300.879627,1e8adb9534bf99dc,passed
layout-Gaussian_11x11-simd_off-t12-r1-6000x6000.png,2026-09-19T18:29:52Z,6000x6000.png,Gaussian_11x11,5990,5990,AoS,Kernel,1,12,static,,off,,,hype1,g++,-O3 -Wall -Wextra -std=c++17 -fopenmp -DOMP_EXPLICIT_SIMD=0 -fno-tree-vectorize,884.474842,c923a906c8989668,passed
layout-Gaussian_11x11-simd_off-t12-r1-6000x6000.png,2026-09-19T18:29:52Z,6000x6000.png,Gaussian_11x11,5990,5990,SoA,AoS_to_SoA,1,12,static,,off,,,hype1,g++,-O3 -Wall -Wextra -std=c++17 -fopenmp -DOMP_EXPLICIT_SIMD=0 -fno-tree-vectorize,7.614837,c923a906c8989668,passed
layout-Gaussian_11x11-simd_off-t12-r1-6000x6000.png,2026-09-19T18:29:52Z,6000x6000.png,Gaussian_11x11,5990,5990,SoA,Kernel,1,12,static,,off,,,hype1,g++,-O3 -Wall -Wextra -std=c++17 -fopenmp -DOMP_EXPLICIT_SIMD=0 -fno-tree-vectorize,895.169229,c923a906c8989668,passed
layout-Gaussian_11x11-simd_off-t12-r1-6000x6000.png,2026-09-19T18:29:52Z,6000x6000.png,Gaussian_11x11,5990,5990,SoA,SoA_to_AoS,1,12,static,,off,,,hype1,g++,-O3 -Wall -Wextra -std=c++17 -fopenmp -DOMP_EXPLICIT_SIMD=0 -fno-tree-vectorize,7.449501,c923a906c8989668,passed
layout-Gaussian_11x11-simd_off-t12-r1-6000x6000.png,2026-09-19T18:29:52Z,6000x6000.png,Gaussian_11x11,5990,5990,SoA,End_to_End,1,12,static,,off,,,hype1,g++,-O3 -Wall -Wextra -std=c++17 -fopenmp -DOMP_EXPLICIT_SIMD=0 -fno-tree-vectorize,910.233567,c923a906c8989668,passed
layout-Grayscale-simd_omp-t12-r1-4000x3000.png,2026-09-19T18:29:53Z,4000x3000.png,Grayscale,4000,3000,AoS,Kernel,1,12,static,,omp,,,hype1,g++,-O3 -Wall -Wextra -std=c++17 -fopenmp -DOMP_EXPLICIT_SIMD=1,5.605997,00925fa85224b60c,passed
layout-Grayscale-simd_omp-t12-r1-4000x3000.png,2026-09-19T18:29:53Z,4000x3000.png,Grayscale,4000,3000,SoA,AoS_to_SoA,1,12,static,,omp,,,hype1,g++,-O3 -Wall -Wextra -std=c++17 -fopenmp -DOMP_EXPLICIT_SIMD=1,2.767663,00925fa85224b60c,passed
layout-Grayscale-simd_omp-t12-r1-4000x3000.png,2026-09-19T18:29:53Z,4000x3000.png,Grayscale,4000,3000,SoA,Kernel,1,12,static,,omp,,,hype1,g++,-O3 -Wall -Wextra -std=c++17 -fopenmp -DOMP_EXPLICIT_SIMD=1,3.797029,00925fa85224b60c,passed
layout-Grayscale-simd_omp-t12-r1-4000x3000.png,2026-09-19T18:29:53Z,4000x3000.png,Grayscale,4000,3000,SoA,SoA_to_AoS,1,12,static,,omp,,,hype1,g++,-O3 -Wall -Wextra -std=c++17 -fopenmp -DOMP_EXPLICIT_SIMD=1,3.196525,00925fa85224b60c,passed
layout-Grayscale-simd_omp-t12-r1-4000x3000.png,2026-09-19T18:29:53Z,4000x3000.png,Grayscale,4000,3000,SoA,End_to_End,1,12,static,,omp,,,hype1,g++,-O3 -Wall -Wextra -std=c++17 -fopenmp -DOMP_EXPLICIT_SIMD=1,9.761217,00925fa85224b60c,passed
layout-Grayscale-simd_omp-t12-r1-6000x6000.png,2026-09-19T18:29:55Z,6000x6000.png,Grayscale,6000,6000,AoS,Kernel,1,12,static,,omp,,,hype1,g++,-O3 -Wall -Wextra -std=c++17 -fopenmp -DOMP_EXPLICIT_SIMD=1,15.468943,937793859b387046,passed
layout-Grayscale-simd_omp-t12-r1-6000x6000.png,2026-09-19T18:29:55Z,6000x6000.png,Grayscale,6000,6000,SoA,AoS_to_SoA,1,12,static,,omp,,,hype1,g++,-O3 -Wall -Wextra -std=c++17 -fopenmp -DOMP_EXPLICIT_SIMD=1,7.952328,937793859b387046,passed
layout-Grayscale-simd_omp-t12-r1-6000x6000.png,2026-09-19T18:29:55Z,6000x6000.png,Grayscale,6000,6000,SoA,Kernel,1,12,static,,omp,,,hype1,g++,-O3 -Wall -Wextra -std=c++17 -fopenmp -DOMP_EXPLICIT_SIMD=1,11.469719,937793859b387046,passed
layout-Grayscale-simd_omp-t12-r1-6000x6000.png,2026-09-19T18:29:55Z,6000x6000.png,Grayscale,6000,6000,SoA,SoA_to_AoS,1,12,static,,omp,,,hype1,g++,-O3 -Wall -Wextra -std=c++17 -fopenmp -DOMP_EXPLICIT_SIMD=1,8.189590,937793859b387046,passed
layout-Grayscale-simd_omp-t12-r1-6000x6000.png,2026-09-19T18:29:55Z,6000x6000.png,Grayscale,6000,6000,SoA,End_to_End,1,12,static,,omp,,,hype1,g++,-O3 -Wall -Wextra -std=c++17 -fopenmp -DOMP_EXPLICIT_SIMD=1,27.611637,937793859b387046,passed
layout-Gaussian_11x11-simd_omp-t12-r1-4000x3000.png,2026-09-19T18:29:57Z,4000x3000.png,Gaussian_11x11,3990,2990,AoS,Kernel,1,12,static,,omp,,,hype1,g++,-O3 -Wall -Wextra -std=c++17 -fopenmp -DOMP_EXPLICIT_SIMD=1,295.591398,1e8adb9534bf99dc,passed
layout-Gaussian_11x11-simd_omp-t12-r1-4000x3000.png,2026-09-19T18:29:57Z,4000x3000.png,Gaussian_11x11,3990,2990,SoA,AoS_to_SoA,1,12,static,,omp,,,hype1,g++,-O3 -Wall -Wextra -std=c++17 -fopenmp -DOMP_EXPLICIT_SIMD=1,2.464322,1e8adb9534bf99dc,passed
layout-Gaussian_11x11-simd_omp-t12-r1-4000x3000.png,2026-09-19T18:29:57Z,4000x3000.png,Gaussian_11x11,3990,2990,SoA,Kernel,1,12,static,,omp,,,hype1,g++,-O3 -Wall -Wextra -std=c++17 -fopenmp -DOMP_EXPLICIT_SIMD=1,595.331046,1e8adb9534bf99dc,passed
layout-Gaussian_11x11-simd_omp-t12-r1-4000x3000.png,2026-09-19T18:29:57Z,4000x3000.png,Gaussian_11x11,3990,2990,SoA,SoA_to_AoS,1,12,static,,omp,,,hype1,g++,-O3 -Wall -Wextra -std=c++17 -fopenmp -DOMP_EXPLICIT_SIMD=1,2.742798,1e8adb9534bf99dc,passed
layout-Gaussian_11x11-simd_omp-t12-r1-4000x3000.png,2026-09-19T18:29:57Z,4000x3000.png,Gaussian_11x11,3990,2990,SoA,End_to_End,1,12,static,,omp,,,hype1,g++,-O3 -Wall -Wextra -std=c++17 -fopenmp -DOMP_EXPLICIT_SIMD=1,600.538166,1e8adb9534bf99dc,passed
layout-Gaussian_11x11-simd_omp-t12-r1-6000x6000.png,2026-09-19T18:30:02Z,6000x6000.png,Gaussian_11x11,5990,5990,AoS,Kernel,1,12,static,,omp,,,hype1,g++,-O3 -Wall -Wextra -std=c++17 -fopenmp -DOMP_EXPLICIT_SIMD=1,883.909546,c923a906c8989668,passed
layout-Gaussian_11x11-simd_omp-t12-r1-6000x6000.png,2026-09-19T18:30:02Z,6000x6000.png,Gaussian_11x11,5990,5990,SoA,AoS_to_SoA,1,12,static,,omp,,,hype1,g++,-O3 -Wall -Wextra -std=c++17 -fopenmp -DOMP_EXPLICIT_SIMD=1,7.695979,c923a906c8989668,passed
layout-Gaussian_11x11-simd_omp-t12-r1-6000x6000.png,2026-09-19T18:30:02Z,6000x6000.png,Gaussian_11x11,5990,5990,SoA,Kernel,1,12,static,,omp,,,hype1,g++,-O3 -Wall -Wextra -std=c++17 -fopenmp -DOMP_EXPLICIT_SIMD=1,1787.769501,c923a906c8989668,passed
layout-Gaussian_11x11-simd_omp-t12-r1-6000x6000.png,2026-09-19T18:30:02Z,6000x6000.png,Gaussian_11x11,5990,5990,SoA,SoA_to_AoS,1,12,static,,omp,,,hype1,g++,-O3 -Wall -Wextra -std=c++17 -fopenmp -DOMP_EXPLICIT_SIMD=1,7.423554,c923a906c8989668,passed
layout-Gaussian_11x11-simd_omp-t12-r1-6000x6000.png,2026-09-19T18:30:02Z,6000x6000.png,Gaussian_11x11,5990,5990,SoA,End_to_End,1,12,static,,omp,,,hype1,g++,-O3 -Wall -Wextra -std=c++17 -fopenmp -DOMP_EXPLICIT_SIMD=1,1802.889034,c923a906c8989668,passed
layout-Grayscale-simd_omp-t12-r2-4000x3000.png,2026-09-19T18:30:03Z,4000x3000.png,Grayscale,4000,3000,AoS,Kernel,2,12,static,,omp,,,hype1,g++,-O3 -Wall -Wextra -std=c++17 -fopenmp -DOMP_EXPLICIT_SIMD=1,5.613180,00925fa85224b60c,passed
layout-Grayscale-simd_omp-t12-r2-4000x3000.png,2026-09-19T18:30:03Z,4000x3000.png,Grayscale,4000,3000,SoA,AoS_to_SoA,2,12,static,,omp,,,hype1,g++,-O3 -Wall -Wextra -std=c++17 -fopenmp -DOMP_EXPLICIT_SIMD=1,3.141585,00925fa85224b60c,passed
layout-Grayscale-simd_omp-t12-r2-4000x3000.png,2026-09-19T18:30:03Z,4000x3000.png,Grayscale,4000,3000,SoA,Kernel,2,12,static,,omp,,,hype1,g++,-O3 -Wall -Wextra -std=c++17 -fopenmp -DOMP_EXPLICIT_SIMD=1,3.743677,00925fa85224b60c,passed
layout-Grayscale-simd_omp-t12-r2-4000x3000.png,2026-09-19T18:30:03Z,4000x3000.png,Grayscale,4000,3000,SoA,SoA_to_AoS,2,12,static,,omp,,,hype1,g++,-O3 -Wall -Wextra -std=c++17 -fopenmp -DOMP_EXPLICIT_SIMD=1,3.018429,00925fa85224b60c,passed
layout-Grayscale-simd_omp-t12-r2-4000x3000.png,2026-09-19T18:30:03Z,4000x3000.png,Grayscale,4000,3000,SoA,End_to_End,2,12,static,,omp,,,hype1,g++,-O3 -Wall -Wextra -std=c++17 -fopenmp -DOMP_EXPLICIT_SIMD=1,9.903691,00925fa85224b60c,passed
layout-Grayscale-simd_omp-t12-r2-6000x6000.png,2026-09-19T18:30:05Z,6000x6000.png,Grayscale,6000,6000,AoS,Kernel,2,12,static,,omp,,,hype1,g++,-O3 -Wall -Wextra -std=c++17 -fopenmp -DOMP_EXPLICIT_SIMD=1,15.475343,937793859b387046,passed
layout-Grayscale-simd_omp-t12-r2-6000x6000.png,2026-09-19T18:30:05Z,6000x6000.png,Grayscale,6000,6000,SoA,AoS_to_SoA,2,12,static,,omp,,,hype1,g++,-O3 -Wall -Wextra -std=c++17 -fopenmp -DOMP_EXPLICIT_SIMD=1,7.813401,937793859b387046,passed
layout-Grayscale-simd_omp-t12-r2-6000x6000.png,2026-09-19T18:30:05Z,6000x6000.png,Grayscale,6000,6000,SoA,Kernel,2,12,static,,omp,,,hype1,g++,-O3 -Wall -Wextra -std=c++17 -fopenmp -DOMP_EXPLICIT_SIMD=1,11.493084,937793859b387046,passed
layout-Grayscale-simd_omp-t12-r2-6000x6000.png,2026-09-19T18:30:05Z,6000x6000.png,Grayscale,6000,6000,SoA,SoA_to_AoS,2,12,static,,omp,,,hype1,g++,-O3 -Wall -Wextra -std=c++17 -fopenmp -DOMP_EXPLICIT_SIMD=1,8.211881,937793859b387046,passed
layout-Grayscale-simd_omp-t12-r2-6000x6000.png,2026-09-19T18:30:05Z,6000x6000.png,Grayscale,6000,6000,SoA,End_to_End,2,12,static,,omp,,,hype1,g++,-O3 -Wall -Wextra -std=c++17 -fopenmp -DOMP_EXPLICIT_SIMD=1,27.518366,937793859b387046,passed
layout-Gaussian_11x11-simd_omp-t12-r2-4000x3000.png,2026-09-19T18:30:07Z,4000x3000.png,Gaussian_11x11,3990,2990,AoS,Kernel,2,12,static,,omp,,,hype1,g++,-O3 -Wall -Wextra -std=c++17 -fopenmp -DOMP_EXPLICIT_SIMD=1,296.227539,1e8adb9534bf99dc,passed
layout-Gaussian_11x11-simd_omp-t12-r2-4000x3000.png,2026-09-19T18:30:07Z,4000x3000.png,Gaussian_11x11,3990,2990,SoA,AoS_to_SoA,2,12,static,,omp,,,hype1,g++,-O3 -Wall -Wextra -std=c++17 -fopenmp -DOMP_EXPLICIT_SIMD=1,2.492038,1e8adb9534bf99dc,passed
layout-Gaussian_11x11-simd_omp-t12-r2-4000x3000.png,2026-09-19T18:30:07Z,4000x3000.png,Gaussian_11x11,3990,2990,SoA,Kernel,2,12,static,,omp,,,hype1,g++,-O3 -Wall -Wextra -std=c++17 -fopenmp -DOMP_EXPLICIT_SIMD=1,605.592097,1e8adb9534bf99dc,passed
layout-Gaussian_11x11-simd_omp-t12-r2-4000x3000.png,2026-09-19T18:30:07Z,4000x3000.png,Gaussian_11x11,3990,2990,SoA,SoA_to_AoS,2,12,static,,omp,,,hype1,g++,-O3 -Wall -Wextra -std=c++17 -fopenmp -DOMP_EXPLICIT_SIMD=1,2.804895,1e8adb9534bf99dc,passed
layout-Gaussian_11x11-simd_omp-t12-r2-4000x3000.png,2026-09-19T18:30:07Z,4000x3000.png,Gaussian_11x11,3990,2990,SoA,End_to_End,2,12,static,,omp,,,hype1,g++,-O3 -Wall -Wextra -std=c++17 -fopenmp -DOMP_EXPLICIT_SIMD=1,610.889030,1e8adb9534bf99dc,passed
layout-Gaussian_11x11-simd_omp-t12-r2-6000x6000.png,2026-09-19T18:30:12Z,6000x6000.png,Gaussian_11x11,5990,5990,AoS,Kernel,2,12,static,,omp,,,hype1,g++,-O3 -Wall -Wextra -std=c++17 -fopenmp -DOMP_EXPLICIT_SIMD=1,883.937016,c923a906c8989668,passed
layout-Gaussian_11x11-simd_omp-t12-r2-6000x6000.png,2026-09-19T18:30:12Z,6000x6000.png,Gaussian_11x11,5990,5990,SoA,AoS_to_SoA,2,12,static,,omp,,,hype1,g++,-O3 -Wall -Wextra -std=c++17 -fopenmp -DOMP_EXPLICIT_SIMD=1,7.815733,c923a906c8989668,passed
layout-Gaussian_11x11-simd_omp-t12-r2-6000x6000.png,2026-09-19T18:30:12Z,6000x6000.png,Gaussian_11x11,5990,5990,SoA,Kernel,2,12,static,,omp,,,hype1,g++,-O3 -Wall -Wextra -std=c++17 -fopenmp -DOMP_EXPLICIT_SIMD=1,1791.934457,c923a906c8989668,passed
layout-Gaussian_11x11-simd_omp-t12-r2-6000x6000.png,2026-09-19T18:30:12Z,6000x6000.png,Gaussian_11x11,5990,5990,SoA,SoA_to_AoS,2,12,static,,omp,,,hype1,g++,-O3 -Wall -Wextra -std=c++17 -fopenmp -DOMP_EXPLICIT_SIMD=1,7.454341,c923a906c8989668,passed
layout-Gaussian_11x11-simd_omp-t12-r2-6000x6000.png,2026-09-19T18:30:12Z,6000x6000.png,Gaussian_11x11,5990,5990,SoA,End_to_End,2,12,static,,omp,,,hype1,g++,-O3 -Wall -Wextra -std=c++17 -fopenmp -DOMP_EXPLICIT_SIMD=1,1807.204531,c923a906c8989668,passed
layout-Grayscale-simd_off-t12-r2-4000x3000.png,2026-09-19T18:30:13Z,4000x3000.png,Grayscale,4000,3000,AoS,Kernel,2,12,static,,off,,,hype1,g++,-O3 -Wall -Wextra -std=c++17 -fopenmp -DOMP_EXPLICIT_SIMD=0 -fno-tree-vectorize,5.501540,00925fa85224b60c,passed
layout-Grayscale-simd_off-t12-r2-4000x3000.png,2026-09-19T18:30:13Z,4000x3000.png,Grayscale,4000,3000,SoA,AoS_to_SoA,2,12,static,,off,,,hype1,g++,-O3 -Wall -Wextra -std=c++17 -fopenmp -DOMP_EXPLICIT_SIMD=0 -fno-tree-vectorize,2.789257,00925fa85224b60c,passed
layout-Grayscale-simd_off-t12-r2-4000x3000.png,2026-09-19T18:30:13Z,4000x3000.png,Grayscale,4000,3000,SoA,Kernel,2,12,static,,off,,,hype1,g++,-O3 -Wall -Wextra -std=c++17 -fopenmp -DOMP_EXPLICIT_SIMD=0 -fno-tree-vectorize,3.788349,00925fa85224b60c,passed
layout-Grayscale-simd_off-t12-r2-4000x3000.png,2026-09-19T18:30:13Z,4000x3000.png,Grayscale,4000,3000,SoA,SoA_to_AoS,2,12,static,,off,,,hype1,g++,-O3 -Wall -Wextra -std=c++17 -fopenmp -DOMP_EXPLICIT_SIMD=0 -fno-tree-vectorize,3.195483,00925fa85224b60c,passed
layout-Grayscale-simd_off-t12-r2-4000x3000.png,2026-09-19T18:30:13Z,4000x3000.png,Grayscale,4000,3000,SoA,End_to_End,2,12,static,,off,,,hype1,g++,-O3 -Wall -Wextra -std=c++17 -fopenmp -DOMP_EXPLICIT_SIMD=0 -fno-tree-vectorize,9.773089,00925fa85224b60c,passed
layout-Grayscale-simd_off-t12-r2-6000x6000.png,2026-09-19T18:30:15Z,6000x6000.png,Grayscale,6000,6000,AoS,Kernel,2,12,static,,off,,,hype1,g++,-O3 -Wall -Wextra -std=c++17 -fopenmp -DOMP_EXPLICIT_SIMD=0 -fno-tree-vectorize,14.949580,937793859b387046,passed
layout-Grayscale-simd_off-t12-r2-6000x6000.png,2026-09-19T18:30:15Z,6000x6000.png,Grayscale,6000,6000,SoA,AoS_to_SoA,2,12,static,,off,,,hype1,g++,-O3 -Wall -Wextra -std=c++17 -fopenmp -DOMP_EXPLICIT_SIMD=0 -fno-tree-vectorize,7.884445,937793859b387046,passed
layout-Grayscale-simd_off-t12-r2-6000x6000.png,2026-09-19T18:30:15Z,6000x6000.png,Grayscale,6000,6000,SoA,Kernel,2,12,static,,off,,,hype1,g++,-O3 -Wall -Wextra -std=c++17 -fopenmp -DOMP_EXPLICIT_SIMD=0 -fno-tree-vectorize,11.502175,937793859b387046,passed
layout-Grayscale-simd_off-t12-r2-6000x6000.png,2026-09-19T18:30:15Z,6000x6000.png,Grayscale,6000,6000,SoA,SoA_to_AoS,2,12,static,,off,,,hype1,g++,-O3 -Wall -Wextra -std=c++17 -fopenmp -DOMP_EXPLICIT_SIMD=0 -fno-tree-vectorize,8.452272,937793859b387046,passed
layout-Grayscale-simd_off-t12-r2-6000x6000.png,2026-09-19T18:30:15Z,6000x6000.png,Grayscale,6000,6000,SoA,End_to_End,2,12,static,,off,,,hype1,g++,-O3 -Wall -Wextra -std=c++17 -fopenmp -DOMP_EXPLICIT_SIMD=0 -fno-tree-vectorize,27.838892,937793859b387046,passed
layout-Gaussian_11x11-simd_off-t12-r2-4000x3000.png,2026-09-19T18:30:16Z,4000x3000.png,Gaussian_11x11,3990,2990,AoS,Kernel,2,12,static,,off,,,hype1,g++,-O3 -Wall -Wextra -std=c++17 -fopenmp -DOMP_EXPLICIT_SIMD=0 -fno-tree-vectorize,295.766346,1e8adb9534bf99dc,passed
layout-Gaussian_11x11-simd_off-t12-r2-4000x3000.png,2026-09-19T18:30:16Z,4000x3000.png,Gaussian_11x11,3990,2990,SoA,AoS_to_SoA,2,12,static,,off,,,hype1,g++,-O3 -Wall -Wextra -std=c++17 -fopenmp -DOMP_EXPLICIT_SIMD=0 -fno-tree-vectorize,2.449953,1e8adb9534bf99dc,passed
layout-Gaussian_11x11-simd_off-t12-r2-4000x3000.png,2026-09-19T18:30:16Z,4000x3000.png,Gaussian_11x11,3990,2990,SoA,Kernel,2,12,static,,off,,,hype1,g++,-O3 -Wall -Wextra -std=c++17 -fopenmp -DOMP_EXPLICIT_SIMD=0 -fno-tree-vectorize,315.430682,1e8adb9534bf99dc,passed
layout-Gaussian_11x11-simd_off-t12-r2-4000x3000.png,2026-09-19T18:30:16Z,4000x3000.png,Gaussian_11x11,3990,2990,SoA,SoA_to_AoS,2,12,static,,off,,,hype1,g++,-O3 -Wall -Wextra -std=c++17 -fopenmp -DOMP_EXPLICIT_SIMD=0 -fno-tree-vectorize,2.897708,1e8adb9534bf99dc,passed
layout-Gaussian_11x11-simd_off-t12-r2-4000x3000.png,2026-09-19T18:30:16Z,4000x3000.png,Gaussian_11x11,3990,2990,SoA,End_to_End,2,12,static,,off,,,hype1,g++,-O3 -Wall -Wextra -std=c++17 -fopenmp -DOMP_EXPLICIT_SIMD=0 -fno-tree-vectorize,320.778343,1e8adb9534bf99dc,passed
layout-Gaussian_11x11-simd_off-t12-r2-6000x6000.png,2026-09-19T18:30:21Z,6000x6000.png,Gaussian_11x11,5990,5990,AoS,Kernel,2,12,static,,off,,,hype1,g++,-O3 -Wall -Wextra -std=c++17 -fopenmp -DOMP_EXPLICIT_SIMD=0 -fno-tree-vectorize,885.664826,c923a906c8989668,passed
layout-Gaussian_11x11-simd_off-t12-r2-6000x6000.png,2026-09-19T18:30:21Z,6000x6000.png,Gaussian_11x11,5990,5990,SoA,AoS_to_SoA,2,12,static,,off,,,hype1,g++,-O3 -Wall -Wextra -std=c++17 -fopenmp -DOMP_EXPLICIT_SIMD=0 -fno-tree-vectorize,7.596157,c923a906c8989668,passed
layout-Gaussian_11x11-simd_off-t12-r2-6000x6000.png,2026-09-19T18:30:21Z,6000x6000.png,Gaussian_11x11,5990,5990,SoA,Kernel,2,12,static,,off,,,hype1,g++,-O3 -Wall -Wextra -std=c++17 -fopenmp -DOMP_EXPLICIT_SIMD=0 -fno-tree-vectorize,888.172109,c923a906c8989668,passed
layout-Gaussian_11x11-simd_off-t12-r2-6000x6000.png,2026-09-19T18:30:21Z,6000x6000.png,Gaussian_11x11,5990,5990,SoA,SoA_to_AoS,2,12,static,,off,,,hype1,g++,-O3 -Wall -Wextra -std=c++17 -fopenmp -DOMP_EXPLICIT_SIMD=0 -fno-tree-vectorize,7.289161,c923a906c8989668,passed
layout-Gaussian_11x11-simd_off-t12-r2-6000x6000.png,2026-09-19T18:30:21Z,6000x6000.png,Gaussian_11x11,5990,5990,SoA,End_to_End,2,12,static,,off,,,hype1,g++,-O3 -Wall -Wextra -std=c++17 -fopenmp -DOMP_EXPLICIT_SIMD=0 -fno-tree-vectorize,903.057427,c923a906c8989668,passed
layout-Grayscale-simd_off-t12-r3-4000x3000.png,2026-09-19T18:30:22Z,4000x3000.png,Grayscale,4000,3000,AoS,Kernel,3,12,static,,off,,,hype1,g++,-O3 -Wall -Wextra -std=c++17 -fopenmp -DOMP_EXPLICIT_SIMD=0 -fno-tree-vectorize,5.459839,00925fa85224b60c,passed
layout-Grayscale-simd_off-t12-r3-4000x3000.png,2026-09-19T18:30:22Z,4000x3000.png,Grayscale,4000,3000,SoA,AoS_to_SoA,3,12,static,,off,,,hype1,g++,-O3 -Wall -Wextra -std=c++17 -fopenmp -DOMP_EXPLICIT_SIMD=0 -fno-tree-vectorize,2.826681,00925fa85224b60c,passed
layout-Grayscale-simd_off-t12-r3-4000x3000.png,2026-09-19T18:30:22Z,4000x3000.png,Grayscale,4000,3000,SoA,Kernel,3,12,static,,off,,,hype1,g++,-O3 -Wall -Wextra -std=c++17 -fopenmp -DOMP_EXPLICIT_SIMD=0 -fno-tree-vectorize,3.808689,00925fa85224b60c,passed
layout-Grayscale-simd_off-t12-r3-4000x3000.png,2026-09-19T18:30:22Z,4000x3000.png,Grayscale,4000,3000,SoA,SoA_to_AoS,3,12,static,,off,,,hype1,g++,-O3 -Wall -Wextra -std=c++17 -fopenmp -DOMP_EXPLICIT_SIMD=0 -fno-tree-vectorize,3.152442,00925fa85224b60c,passed
layout-Grayscale-simd_off-t12-r3-4000x3000.png,2026-09-19T18:30:22Z,4000x3000.png,Grayscale,4000,3000,SoA,End_to_End,3,12,static,,off,,,hype1,g++,-O3 -Wall -Wextra -std=c++17 -fopenmp -DOMP_EXPLICIT_SIMD=0 -fno-tree-vectorize,9.787812,00925fa85224b60c,passed
layout-Grayscale-simd_off-t12-r3-6000x6000.png,2026-09-19T18:30:24Z,6000x6000.png,Grayscale,6000,6000,AoS,Kernel,3,12,static,,off,,,hype1,g++,-O3 -Wall -Wextra -std=c++17 -fopenmp -DOMP_EXPLICIT_SIMD=0 -fno-tree-vectorize,14.968803,937793859b387046,passed
layout-Grayscale-simd_off-t12-r3-6000x6000.png,2026-09-19T18:30:24Z,6000x6000.png,Grayscale,6000,6000,SoA,AoS_to_SoA,3,12,static,,off,,,hype1,g++,-O3 -Wall -Wextra -std=c++17 -fopenmp -DOMP_EXPLICIT_SIMD=0 -fno-tree-vectorize,7.689105,937793859b387046,passed
layout-Grayscale-simd_off-t12-r3-6000x6000.png,2026-09-19T18:30:24Z,6000x6000.png,Grayscale,6000,6000,SoA,Kernel,3,12,static,,off,,,hype1,g++,-O3 -Wall -Wextra -std=c++17 -fopenmp -DOMP_EXPLICIT_SIMD=0 -fno-tree-vectorize,11.477395,937793859b387046,passed
layout-Grayscale-simd_off-t12-r3-6000x6000.png,2026-09-19T18:30:24Z,6000x6000.png,Grayscale,6000,6000,SoA,SoA_to_AoS,3,12,static,,off,,,hype1,g++,-O3 -Wall -Wextra -std=c++17 -fopenmp -DOMP_EXPLICIT_SIMD=0 -fno-tree-vectorize,8.195406,937793859b387046,passed
layout-Grayscale-simd_off-t12-r3-6000x6000.png,2026-09-19T18:30:24Z,6000x6000.png,Grayscale,6000,6000,SoA,End_to_End,3,12,static,,off,,,hype1,g++,-O3 -Wall -Wextra -std=c++17 -fopenmp -DOMP_EXPLICIT_SIMD=0 -fno-tree-vectorize,27.361906,937793859b387046,passed
layout-Gaussian_11x11-simd_off-t12-r3-4000x3000.png,2026-09-19T18:30:25Z,4000x3000.png,Gaussian_11x11,3990,2990,AoS,Kernel,3,12,static,,off,,,hype1,g++,-O3 -Wall -Wextra -std=c++17 -fopenmp -DOMP_EXPLICIT_SIMD=0 -fno-tree-vectorize,296.002925,1e8adb9534bf99dc,passed
layout-Gaussian_11x11-simd_off-t12-r3-4000x3000.png,2026-09-19T18:30:25Z,4000x3000.png,Gaussian_11x11,3990,2990,SoA,AoS_to_SoA,3,12,static,,off,,,hype1,g++,-O3 -Wall -Wextra -std=c++17 -fopenmp -DOMP_EXPLICIT_SIMD=0 -fno-tree-vectorize,2.961814,1e8adb9534bf99dc,passed
layout-Gaussian_11x11-simd_off-t12-r3-4000x3000.png,2026-09-19T18:30:25Z,4000x3000.png,Gaussian_11x11,3990,2990,SoA,Kernel,3,12,static,,off,,,hype1,g++,-O3 -Wall -Wextra -std=c++17 -fopenmp -DOMP_EXPLICIT_SIMD=0 -fno-tree-vectorize,295.378215,1e8adb9534bf99dc,passed
layout-Gaussian_11x11-simd_off-t12-r3-4000x3000.png,2026-09-19T18:30:25Z,4000x3000.png,Gaussian_11x11,3990,2990,SoA,SoA_to_AoS,3,12,static,,off,,,hype1,g++,-O3 -Wall -Wextra -std=c++17 -fopenmp -DOMP_EXPLICIT_SIMD=0 -fno-tree-vectorize,2.747940,1e8adb9534bf99dc,passed
layout-Gaussian_11x11-simd_off-t12-r3-4000x3000.png,2026-09-19T18:30:25Z,4000x3000.png,Gaussian_11x11,3990,2990,SoA,End_to_End,3,12,static,,off,,,hype1,g++,-O3 -Wall -Wextra -std=c++17 -fopenmp -DOMP_EXPLICIT_SIMD=0 -fno-tree-vectorize,301.087969,1e8adb9534bf99dc,passed
layout-Gaussian_11x11-simd_off-t12-r3-6000x6000.png,2026-09-19T18:30:30Z,6000x6000.png,Gaussian_11x11,5990,5990,AoS,Kernel,3,12,static,,off,,,hype1,g++,-O3 -Wall -Wextra -std=c++17 -fopenmp -DOMP_EXPLICIT_SIMD=0 -fno-tree-vectorize,883.897236,c923a906c8989668,passed
layout-Gaussian_11x11-simd_off-t12-r3-6000x6000.png,2026-09-19T18:30:30Z,6000x6000.png,Gaussian_11x11,5990,5990,SoA,AoS_to_SoA,3,12,static,,off,,,hype1,g++,-O3 -Wall -Wextra -std=c++17 -fopenmp -DOMP_EXPLICIT_SIMD=0 -fno-tree-vectorize,7.903186,c923a906c8989668,passed
layout-Gaussian_11x11-simd_off-t12-r3-6000x6000.png,2026-09-19T18:30:30Z,6000x6000.png,Gaussian_11x11,5990,5990,SoA,Kernel,3,12,static,,off,,,hype1,g++,-O3 -Wall -Wextra -std=c++17 -fopenmp -DOMP_EXPLICIT_SIMD=0 -fno-tree-vectorize,890.602206,c923a906c8989668,passed
layout-Gaussian_11x11-simd_off-t12-r3-6000x6000.png,2026-09-19T18:30:30Z,6000x6000.png,Gaussian_11x11,5990,5990,SoA,SoA_to_AoS,3,12,static,,off,,,hype1,g++,-O3 -Wall -Wextra -std=c++17 -fopenmp -DOMP_EXPLICIT_SIMD=0 -fno-tree-vectorize,7.465588,c923a906c8989668,passed
layout-Gaussian_11x11-simd_off-t12-r3-6000x6000.png,2026-09-19T18:30:30Z,6000x6000.png,Gaussian_11x11,5990,5990,SoA,End_to_End,3,12,static,,off,,,hype1,g++,-O3 -Wall -Wextra -std=c++17 -fopenmp -DOMP_EXPLICIT_SIMD=0 -fno-tree-vectorize,905.970980,c923a906c8989668,passed
layout-Grayscale-simd_omp-t12-r3-4000x3000.png,2026-09-19T18:30:31Z,4000x3000.png,Grayscale,4000,3000,AoS,Kernel,3,12,static,,omp,,,hype1,g++,-O3 -Wall -Wextra -std=c++17 -fopenmp -DOMP_EXPLICIT_SIMD=1,5.714073,00925fa85224b60c,passed
layout-Grayscale-simd_omp-t12-r3-4000x3000.png,2026-09-19T18:30:31Z,4000x3000.png,Grayscale,4000,3000,SoA,AoS_to_SoA,3,12,static,,omp,,,hype1,g++,-O3 -Wall -Wextra -std=c++17 -fopenmp -DOMP_EXPLICIT_SIMD=1,2.830650,00925fa85224b60c,passed
layout-Grayscale-simd_omp-t12-r3-4000x3000.png,2026-09-19T18:30:31Z,4000x3000.png,Grayscale,4000,3000,SoA,Kernel,3,12,static,,omp,,,hype1,g++,-O3 -Wall -Wextra -std=c++17 -fopenmp -DOMP_EXPLICIT_SIMD=1,3.771987,00925fa85224b60c,passed
layout-Grayscale-simd_omp-t12-r3-4000x3000.png,2026-09-19T18:30:31Z,4000x3000.png,Grayscale,4000,3000,SoA,SoA_to_AoS,3,12,static,,omp,,,hype1,g++,-O3 -Wall -Wextra -std=c++17 -fopenmp -DOMP_EXPLICIT_SIMD=1,2.972708,00925fa85224b60c,passed
layout-Grayscale-simd_omp-t12-r3-4000x3000.png,2026-09-19T18:30:31Z,4000x3000.png,Grayscale,4000,3000,SoA,End_to_End,3,12,static,,omp,,,hype1,g++,-O3 -Wall -Wextra -std=c++17 -fopenmp -DOMP_EXPLICIT_SIMD=1,9.575345,00925fa85224b60c,passed
layout-Grayscale-simd_omp-t12-r3-6000x6000.png,2026-09-19T18:30:32Z,6000x6000.png,Grayscale,6000,6000,AoS,Kernel,3,12,static,,omp,,,hype1,g++,-O3 -Wall -Wextra -std=c++17 -fopenmp -DOMP_EXPLICIT_SIMD=1,15.215026,937793859b387046,passed
layout-Grayscale-simd_omp-t12-r3-6000x6000.png,2026-09-19T18:30:32Z,6000x6000.png,Grayscale,6000,6000,SoA,AoS_to_SoA,3,12,static,,omp,,,hype1,g++,-O3 -Wall -Wextra -std=c++17 -fopenmp -DOMP_EXPLICIT_SIMD=1,7.510203,937793859b387046,passed
layout-Grayscale-simd_omp-t12-r3-6000x6000.png,2026-09-19T18:30:32Z,6000x6000.png,Grayscale,6000,6000,SoA,Kernel,3,12,static,,omp,,,hype1,g++,-O3 -Wall -Wextra -std=c++17 -fopenmp -DOMP_EXPLICIT_SIMD=1,11.418349,937793859b387046,passed
layout-Grayscale-simd_omp-t12-r3-6000x6000.png,2026-09-19T18:30:32Z,6000x6000.png,Grayscale,6000,6000,SoA,SoA_to_AoS,3,12,static,,omp,,,hype1,g++,-O3 -Wall -Wextra -std=c++17 -fopenmp -DOMP_EXPLICIT_SIMD=1,7.709819,937793859b387046,passed
layout-Grayscale-simd_omp-t12-r3-6000x6000.png,2026-09-19T18:30:32Z,6000x6000.png,Grayscale,6000,6000,SoA,End_to_End,3,12,static,,omp,,,hype1,g++,-O3 -Wall -Wextra -std=c++17 -fopenmp -DOMP_EXPLICIT_SIMD=1,26.638371,937793859b387046,passed
layout-Gaussian_11x11-simd_omp-t12-r3-4000x3000.png,2026-09-19T18:30:34Z,4000x3000.png,Gaussian_11x11,3990,2990,AoS,Kernel,3,12,static,,omp,,,hype1,g++,-O3 -Wall -Wextra -std=c++17 -fopenmp -DOMP_EXPLICIT_SIMD=1,295.571558,1e8adb9534bf99dc,passed
layout-Gaussian_11x11-simd_omp-t12-r3-4000x3000.png,2026-09-19T18:30:34Z,4000x3000.png,Gaussian_11x11,3990,2990,SoA,AoS_to_SoA,3,12,static,,omp,,,hype1,g++,-O3 -Wall -Wextra -std=c++17 -fopenmp -DOMP_EXPLICIT_SIMD=1,2.485479,1e8adb9534bf99dc,passed
layout-Gaussian_11x11-simd_omp-t12-r3-4000x3000.png,2026-09-19T18:30:34Z,4000x3000.png,Gaussian_11x11,3990,2990,SoA,Kernel,3,12,static,,omp,,,hype1,g++,-O3 -Wall -Wextra -std=c++17 -fopenmp -DOMP_EXPLICIT_SIMD=1,594.682184,1e8adb9534bf99dc,passed
layout-Gaussian_11x11-simd_omp-t12-r3-4000x3000.png,2026-09-19T18:30:34Z,4000x3000.png,Gaussian_11x11,3990,2990,SoA,SoA_to_AoS,3,12,static,,omp,,,hype1,g++,-O3 -Wall -Wextra -std=c++17 -fopenmp -DOMP_EXPLICIT_SIMD=1,3.023897,1e8adb9534bf99dc,passed
layout-Gaussian_11x11-simd_omp-t12-r3-4000x3000.png,2026-09-19T18:30:34Z,4000x3000.png,Gaussian_11x11,3990,2990,SoA,End_to_End,3,12,static,,omp,,,hype1,g++,-O3 -Wall -Wextra -std=c++17 -fopenmp -DOMP_EXPLICIT_SIMD=1,600.191560,1e8adb9534bf99dc,passed
layout-Gaussian_11x11-simd_omp-t12-r3-6000x6000.png,2026-09-19T18:30:40Z,6000x6000.png,Gaussian_11x11,5990,5990,AoS,Kernel,3,12,static,,omp,,,hype1,g++,-O3 -Wall -Wextra -std=c++17 -fopenmp -DOMP_EXPLICIT_SIMD=1,906.048090,c923a906c8989668,passed
layout-Gaussian_11x11-simd_omp-t12-r3-6000x6000.png,2026-09-19T18:30:40Z,6000x6000.png,Gaussian_11x11,5990,5990,SoA,AoS_to_SoA,3,12,static,,omp,,,hype1,g++,-O3 -Wall -Wextra -std=c++17 -fopenmp -DOMP_EXPLICIT_SIMD=1,7.677402,c923a906c8989668,passed
layout-Gaussian_11x11-simd_omp-t12-r3-6000x6000.png,2026-09-19T18:30:40Z,6000x6000.png,Gaussian_11x11,5990,5990,SoA,Kernel,3,12,static,,omp,,,hype1,g++,-O3 -Wall -Wextra -std=c++17 -fopenmp -DOMP_EXPLICIT_SIMD=1,1805.337370,c923a906c8989668,passed
layout-Gaussian_11x11-simd_omp-t12-r3-6000x6000.png,2026-09-19T18:30:40Z,6000x6000.png,Gaussian_11x11,5990,5990,SoA,SoA_to_AoS,3,12,static,,omp,,,hype1,g++,-O3 -Wall -Wextra -std=c++17 -fopenmp -DOMP_EXPLICIT_SIMD=1,7.445755,c923a906c8989668,passed
layout-Gaussian_11x11-simd_omp-t12-r3-6000x6000.png,2026-09-19T18:30:40Z,6000x6000.png,Gaussian_11x11,5990,5990,SoA,End_to_End,3,12,static,,omp,,,hype1,g++,-O3 -Wall -Wextra -std=c++17 -fopenmp -DOMP_EXPLICIT_SIMD=1,1820.460527,c923a906c8989668,passed
layout-Grayscale-simd_omp-t12-r4-4000x3000.png,2026-09-19T18:30:40Z,4000x3000.png,Grayscale,4000,3000,AoS,Kernel,4,12,static,,omp,,,hype1,g++,-O3 -Wall -Wextra -std=c++17 -fopenmp -DOMP_EXPLICIT_SIMD=1,5.670264,00925fa85224b60c,passed
layout-Grayscale-simd_omp-t12-r4-4000x3000.png,2026-09-19T18:30:40Z,4000x3000.png,Grayscale,4000,3000,SoA,AoS_to_SoA,4,12,static,,omp,,,hype1,g++,-O3 -Wall -Wextra -std=c++17 -fopenmp -DOMP_EXPLICIT_SIMD=1,2.835133,00925fa85224b60c,passed
layout-Grayscale-simd_omp-t12-r4-4000x3000.png,2026-09-19T18:30:40Z,4000x3000.png,Grayscale,4000,3000,SoA,Kernel,4,12,static,,omp,,,hype1,g++,-O3 -Wall -Wextra -std=c++17 -fopenmp -DOMP_EXPLICIT_SIMD=1,3.798204,00925fa85224b60c,passed
layout-Grayscale-simd_omp-t12-r4-4000x3000.png,2026-09-19T18:30:40Z,4000x3000.png,Grayscale,4000,3000,SoA,SoA_to_AoS,4,12,static,,omp,,,hype1,g++,-O3 -Wall -Wextra -std=c++17 -fopenmp -DOMP_EXPLICIT_SIMD=1,3.305162,00925fa85224b60c,passed
layout-Grayscale-simd_omp-t12-r4-4000x3000.png,2026-09-19T18:30:40Z,4000x3000.png,Grayscale,4000,3000,SoA,End_to_End,4,12,static,,omp,,,hype1,g++,-O3 -Wall -Wextra -std=c++17 -fopenmp -DOMP_EXPLICIT_SIMD=1,9.938499,00925fa85224b60c,passed
layout-Grayscale-simd_omp-t12-r4-6000x6000.png,2026-09-19T18:30:42Z,6000x6000.png,Grayscale,6000,6000,AoS,Kernel,4,12,static,,omp,,,hype1,g++,-O3 -Wall -Wextra -std=c++17 -fopenmp -DOMP_EXPLICIT_SIMD=1,15.420434,937793859b387046,passed
layout-Grayscale-simd_omp-t12-r4-6000x6000.png,2026-09-19T18:30:42Z,6000x6000.png,Grayscale,6000,6000,SoA,AoS_to_SoA,4,12,static,,omp,,,hype1,g++,-O3 -Wall -Wextra -std=c++17 -fopenmp -DOMP_EXPLICIT_SIMD=1,7.810246,937793859b387046,passed
layout-Grayscale-simd_omp-t12-r4-6000x6000.png,2026-09-19T18:30:42Z,6000x6000.png,Grayscale,6000,6000,SoA,Kernel,4,12,static,,omp,,,hype1,g++,-O3 -Wall -Wextra -std=c++17 -fopenmp -DOMP_EXPLICIT_SIMD=1,11.503398,937793859b387046,passed
layout-Grayscale-simd_omp-t12-r4-6000x6000.png,2026-09-19T18:30:42Z,6000x6000.png,Grayscale,6000,6000,SoA,SoA_to_AoS,4,12,static,,omp,,,hype1,g++,-O3 -Wall -Wextra -std=c++17 -fopenmp -DOMP_EXPLICIT_SIMD=1,7.991996,937793859b387046,passed
layout-Grayscale-simd_omp-t12-r4-6000x6000.png,2026-09-19T18:30:42Z,6000x6000.png,Grayscale,6000,6000,SoA,End_to_End,4,12,static,,omp,,,hype1,g++,-O3 -Wall -Wextra -std=c++17 -fopenmp -DOMP_EXPLICIT_SIMD=1,27.305640,937793859b387046,passed
layout-Gaussian_11x11-simd_omp-t12-r4-4000x3000.png,2026-09-19T18:30:44Z,4000x3000.png,Gaussian_11x11,3990,2990,AoS,Kernel,4,12,static,,omp,,,hype1,g++,-O3 -Wall -Wextra -std=c++17 -fopenmp -DOMP_EXPLICIT_SIMD=1,295.818647,1e8adb9534bf99dc,passed
layout-Gaussian_11x11-simd_omp-t12-r4-4000x3000.png,2026-09-19T18:30:44Z,4000x3000.png,Gaussian_11x11,3990,2990,SoA,AoS_to_SoA,4,12,static,,omp,,,hype1,g++,-O3 -Wall -Wextra -std=c++17 -fopenmp -DOMP_EXPLICIT_SIMD=1,2.451543,1e8adb9534bf99dc,passed
layout-Gaussian_11x11-simd_omp-t12-r4-4000x3000.png,2026-09-19T18:30:44Z,4000x3000.png,Gaussian_11x11,3990,2990,SoA,Kernel,4,12,static,,omp,,,hype1,g++,-O3 -Wall -Wextra -std=c++17 -fopenmp -DOMP_EXPLICIT_SIMD=1,597.042692,1e8adb9534bf99dc,passed
layout-Gaussian_11x11-simd_omp-t12-r4-4000x3000.png,2026-09-19T18:30:44Z,4000x3000.png,Gaussian_11x11,3990,2990,SoA,SoA_to_AoS,4,12,static,,omp,,,hype1,g++,-O3 -Wall -Wextra -std=c++17 -fopenmp -DOMP_EXPLICIT_SIMD=1,3.040173,1e8adb9534bf99dc,passed
layout-Gaussian_11x11-simd_omp-t12-r4-4000x3000.png,2026-09-19T18:30:44Z,4000x3000.png,Gaussian_11x11,3990,2990,SoA,End_to_End,4,12,static,,omp,,,hype1,g++,-O3 -Wall -Wextra -std=c++17 -fopenmp -DOMP_EXPLICIT_SIMD=1,602.534408,1e8adb9534bf99dc,passed
layout-Gaussian_11x11-simd_omp-t12-r4-6000x6000.png,2026-09-19T18:30:50Z,6000x6000.png,Gaussian_11x11,5990,5990,AoS,Kernel,4,12,static,,omp,,,hype1,g++,-O3 -Wall -Wextra -std=c++17 -fopenmp -DOMP_EXPLICIT_SIMD=1,899.250738,c923a906c8989668,passed
layout-Gaussian_11x11-simd_omp-t12-r4-6000x6000.png,2026-09-19T18:30:50Z,6000x6000.png,Gaussian_11x11,5990,5990,SoA,AoS_to_SoA,4,12,static,,omp,,,hype1,g++,-O3 -Wall -Wextra -std=c++17 -fopenmp -DOMP_EXPLICIT_SIMD=1,7.690982,c923a906c8989668,passed
layout-Gaussian_11x11-simd_omp-t12-r4-6000x6000.png,2026-09-19T18:30:50Z,6000x6000.png,Gaussian_11x11,5990,5990,SoA,Kernel,4,12,static,,omp,,,hype1,g++,-O3 -Wall -Wextra -std=c++17 -fopenmp -DOMP_EXPLICIT_SIMD=1,1807.028327,c923a906c8989668,passed
layout-Gaussian_11x11-simd_omp-t12-r4-6000x6000.png,2026-09-19T18:30:50Z,6000x6000.png,Gaussian_11x11,5990,5990,SoA,SoA_to_AoS,4,12,static,,omp,,,hype1,g++,-O3 -Wall -Wextra -std=c++17 -fopenmp -DOMP_EXPLICIT_SIMD=1,7.481439,c923a906c8989668,passed
layout-Gaussian_11x11-simd_omp-t12-r4-6000x6000.png,2026-09-19T18:30:50Z,6000x6000.png,Gaussian_11x11,5990,5990,SoA,End_to_End,4,12,static,,omp,,,hype1,g++,-O3 -Wall -Wextra -std=c++17 -fopenmp -DOMP_EXPLICIT_SIMD=1,1822.200748,c923a906c8989668,passed
layout-Grayscale-simd_off-t12-r4-4000x3000.png,2026-09-19T18:30:50Z,4000x3000.png,Grayscale,4000,3000,AoS,Kernel,4,12,static,,off,,,hype1,g++,-O3 -Wall -Wextra -std=c++17 -fopenmp -DOMP_EXPLICIT_SIMD=0 -fno-tree-vectorize,5.497508,00925fa85224b60c,passed
layout-Grayscale-simd_off-t12-r4-4000x3000.png,2026-09-19T18:30:50Z,4000x3000.png,Grayscale,4000,3000,SoA,AoS_to_SoA,4,12,static,,off,,,hype1,g++,-O3 -Wall -Wextra -std=c++17 -fopenmp -DOMP_EXPLICIT_SIMD=0 -fno-tree-vectorize,2.715157,00925fa85224b60c,passed
layout-Grayscale-simd_off-t12-r4-4000x3000.png,2026-09-19T18:30:50Z,4000x3000.png,Grayscale,4000,3000,SoA,Kernel,4,12,static,,off,,,hype1,g++,-O3 -Wall -Wextra -std=c++17 -fopenmp -DOMP_EXPLICIT_SIMD=0 -fno-tree-vectorize,3.801299,00925fa85224b60c,passed
layout-Grayscale-simd_off-t12-r4-4000x3000.png,2026-09-19T18:30:50Z,4000x3000.png,Grayscale,4000,3000,SoA,SoA_to_AoS,4,12,static,,off,,,hype1,g++,-O3 -Wall -Wextra -std=c++17 -fopenmp -DOMP_EXPLICIT_SIMD=0 -fno-tree-vectorize,3.114033,00925fa85224b60c,passed
layout-Grayscale-simd_off-t12-r4-4000x3000.png,2026-09-19T18:30:50Z,4000x3000.png,Grayscale,4000,3000,SoA,End_to_End,4,12,static,,off,,,hype1,g++,-O3 -Wall -Wextra -std=c++17 -fopenmp -DOMP_EXPLICIT_SIMD=0 -fno-tree-vectorize,9.630489,00925fa85224b60c,passed
layout-Grayscale-simd_off-t12-r4-6000x6000.png,2026-09-19T18:30:52Z,6000x6000.png,Grayscale,6000,6000,AoS,Kernel,4,12,static,,off,,,hype1,g++,-O3 -Wall -Wextra -std=c++17 -fopenmp -DOMP_EXPLICIT_SIMD=0 -fno-tree-vectorize,14.867432,937793859b387046,passed
layout-Grayscale-simd_off-t12-r4-6000x6000.png,2026-09-19T18:30:52Z,6000x6000.png,Grayscale,6000,6000,SoA,AoS_to_SoA,4,12,static,,off,,,hype1,g++,-O3 -Wall -Wextra -std=c++17 -fopenmp -DOMP_EXPLICIT_SIMD=0 -fno-tree-vectorize,7.658289,937793859b387046,passed
layout-Grayscale-simd_off-t12-r4-6000x6000.png,2026-09-19T18:30:52Z,6000x6000.png,Grayscale,6000,6000,SoA,Kernel,4,12,static,,off,,,hype1,g++,-O3 -Wall -Wextra -std=c++17 -fopenmp -DOMP_EXPLICIT_SIMD=0 -fno-tree-vectorize,11.539681,937793859b387046,passed
layout-Grayscale-simd_off-t12-r4-6000x6000.png,2026-09-19T18:30:52Z,6000x6000.png,Grayscale,6000,6000,SoA,SoA_to_AoS,4,12,static,,off,,,hype1,g++,-O3 -Wall -Wextra -std=c++17 -fopenmp -DOMP_EXPLICIT_SIMD=0 -fno-tree-vectorize,7.626153,937793859b387046,passed
layout-Grayscale-simd_off-t12-r4-6000x6000.png,2026-09-19T18:30:52Z,6000x6000.png,Grayscale,6000,6000,SoA,End_to_End,4,12,static,,off,,,hype1,g++,-O3 -Wall -Wextra -std=c++17 -fopenmp -DOMP_EXPLICIT_SIMD=0 -fno-tree-vectorize,26.824123,937793859b387046,passed
layout-Gaussian_11x11-simd_off-t12-r4-4000x3000.png,2026-09-19T18:30:54Z,4000x3000.png,Gaussian_11x11,3990,2990,AoS,Kernel,4,12,static,,off,,,hype1,g++,-O3 -Wall -Wextra -std=c++17 -fopenmp -DOMP_EXPLICIT_SIMD=0 -fno-tree-vectorize,295.467010,1e8adb9534bf99dc,passed
layout-Gaussian_11x11-simd_off-t12-r4-4000x3000.png,2026-09-19T18:30:54Z,4000x3000.png,Gaussian_11x11,3990,2990,SoA,AoS_to_SoA,4,12,static,,off,,,hype1,g++,-O3 -Wall -Wextra -std=c++17 -fopenmp -DOMP_EXPLICIT_SIMD=0 -fno-tree-vectorize,2.598800,1e8adb9534bf99dc,passed
layout-Gaussian_11x11-simd_off-t12-r4-4000x3000.png,2026-09-19T18:30:54Z,4000x3000.png,Gaussian_11x11,3990,2990,SoA,Kernel,4,12,static,,off,,,hype1,g++,-O3 -Wall -Wextra -std=c++17 -fopenmp -DOMP_EXPLICIT_SIMD=0 -fno-tree-vectorize,295.501683,1e8adb9534bf99dc,passed
layout-Gaussian_11x11-simd_off-t12-r4-4000x3000.png,2026-09-19T18:30:54Z,4000x3000.png,Gaussian_11x11,3990,2990,SoA,SoA_to_AoS,4,12,static,,off,,,hype1,g++,-O3 -Wall -Wextra -std=c++17 -fopenmp -DOMP_EXPLICIT_SIMD=0 -fno-tree-vectorize,2.850008,1e8adb9534bf99dc,passed
layout-Gaussian_11x11-simd_off-t12-r4-4000x3000.png,2026-09-19T18:30:54Z,4000x3000.png,Gaussian_11x11,3990,2990,SoA,End_to_End,4,12,static,,off,,,hype1,g++,-O3 -Wall -Wextra -std=c++17 -fopenmp -DOMP_EXPLICIT_SIMD=0 -fno-tree-vectorize,300.950491,1e8adb9534bf99dc,passed
layout-Gaussian_11x11-simd_off-t12-r4-6000x6000.png,2026-09-19T18:30:59Z,6000x6000.png,Gaussian_11x11,5990,5990,AoS,Kernel,4,12,static,,off,,,hype1,g++,-O3 -Wall -Wextra -std=c++17 -fopenmp -DOMP_EXPLICIT_SIMD=0 -fno-tree-vectorize,885.190022,c923a906c8989668,passed
layout-Gaussian_11x11-simd_off-t12-r4-6000x6000.png,2026-09-19T18:30:59Z,6000x6000.png,Gaussian_11x11,5990,5990,SoA,AoS_to_SoA,4,12,static,,off,,,hype1,g++,-O3 -Wall -Wextra -std=c++17 -fopenmp -DOMP_EXPLICIT_SIMD=0 -fno-tree-vectorize,7.786725,c923a906c8989668,passed
layout-Gaussian_11x11-simd_off-t12-r4-6000x6000.png,2026-09-19T18:30:59Z,6000x6000.png,Gaussian_11x11,5990,5990,SoA,Kernel,4,12,static,,off,,,hype1,g++,-O3 -Wall -Wextra -std=c++17 -fopenmp -DOMP_EXPLICIT_SIMD=0 -fno-tree-vectorize,889.238192,c923a906c8989668,passed
layout-Gaussian_11x11-simd_off-t12-r4-6000x6000.png,2026-09-19T18:30:59Z,6000x6000.png,Gaussian_11x11,5990,5990,SoA,SoA_to_AoS,4,12,static,,off,,,hype1,g++,-O3 -Wall -Wextra -std=c++17 -fopenmp -DOMP_EXPLICIT_SIMD=0 -fno-tree-vectorize,7.540969,c923a906c8989668,passed
layout-Gaussian_11x11-simd_off-t12-r4-6000x6000.png,2026-09-19T18:30:59Z,6000x6000.png,Gaussian_11x11,5990,5990,SoA,End_to_End,4,12,static,,off,,,hype1,g++,-O3 -Wall -Wextra -std=c++17 -fopenmp -DOMP_EXPLICIT_SIMD=0 -fno-tree-vectorize,904.565886,c923a906c8989668,passed
layout-Grayscale-simd_off-t12-r5-4000x3000.png,2026-09-19T18:30:59Z,4000x3000.png,Grayscale,4000,3000,AoS,Kernel,5,12,static,,off,,,hype1,g++,-O3 -Wall -Wextra -std=c++17 -fopenmp -DOMP_EXPLICIT_SIMD=0 -fno-tree-vectorize,5.537520,00925fa85224b60c,passed
layout-Grayscale-simd_off-t12-r5-4000x3000.png,2026-09-19T18:30:59Z,4000x3000.png,Grayscale,4000,3000,SoA,AoS_to_SoA,5,12,static,,off,,,hype1,g++,-O3 -Wall -Wextra -std=c++17 -fopenmp -DOMP_EXPLICIT_SIMD=0 -fno-tree-vectorize,2.755998,00925fa85224b60c,passed
layout-Grayscale-simd_off-t12-r5-4000x3000.png,2026-09-19T18:30:59Z,4000x3000.png,Grayscale,4000,3000,SoA,Kernel,5,12,static,,off,,,hype1,g++,-O3 -Wall -Wextra -std=c++17 -fopenmp -DOMP_EXPLICIT_SIMD=0 -fno-tree-vectorize,3.796096,00925fa85224b60c,passed
layout-Grayscale-simd_off-t12-r5-4000x3000.png,2026-09-19T18:30:59Z,4000x3000.png,Grayscale,4000,3000,SoA,SoA_to_AoS,5,12,static,,off,,,hype1,g++,-O3 -Wall -Wextra -std=c++17 -fopenmp -DOMP_EXPLICIT_SIMD=0 -fno-tree-vectorize,3.011321,00925fa85224b60c,passed
layout-Grayscale-simd_off-t12-r5-4000x3000.png,2026-09-19T18:30:59Z,4000x3000.png,Grayscale,4000,3000,SoA,End_to_End,5,12,static,,off,,,hype1,g++,-O3 -Wall -Wextra -std=c++17 -fopenmp -DOMP_EXPLICIT_SIMD=0 -fno-tree-vectorize,9.563415,00925fa85224b60c,passed
layout-Grayscale-simd_off-t12-r5-6000x6000.png,2026-09-19T18:31:01Z,6000x6000.png,Grayscale,6000,6000,AoS,Kernel,5,12,static,,off,,,hype1,g++,-O3 -Wall -Wextra -std=c++17 -fopenmp -DOMP_EXPLICIT_SIMD=0 -fno-tree-vectorize,14.825886,937793859b387046,passed
layout-Grayscale-simd_off-t12-r5-6000x6000.png,2026-09-19T18:31:01Z,6000x6000.png,Grayscale,6000,6000,SoA,AoS_to_SoA,5,12,static,,off,,,hype1,g++,-O3 -Wall -Wextra -std=c++17 -fopenmp -DOMP_EXPLICIT_SIMD=0 -fno-tree-vectorize,8.281775,937793859b387046,passed
layout-Grayscale-simd_off-t12-r5-6000x6000.png,2026-09-19T18:31:01Z,6000x6000.png,Grayscale,6000,6000,SoA,Kernel,5,12,static,,off,,,hype1,g++,-O3 -Wall -Wextra -std=c++17 -fopenmp -DOMP_EXPLICIT_SIMD=0 -fno-tree-vectorize,12.556433,937793859b387046,passed
layout-Grayscale-simd_off-t12-r5-6000x6000.png,2026-09-19T18:31:01Z,6000x6000.png,Grayscale,6000,6000,SoA,SoA_to_AoS,5,12,static,,off,,,hype1,g++,-O3 -Wall -Wextra -std=c++17 -fopenmp -DOMP_EXPLICIT_SIMD=0 -fno-tree-vectorize,7.808484,937793859b387046,passed
layout-Grayscale-simd_off-t12-r5-6000x6000.png,2026-09-19T18:31:01Z,6000x6000.png,Grayscale,6000,6000,SoA,End_to_End,5,12,static,,off,,,hype1,g++,-O3 -Wall -Wextra -std=c++17 -fopenmp -DOMP_EXPLICIT_SIMD=0 -fno-tree-vectorize,28.646692,937793859b387046,passed
layout-Gaussian_11x11-simd_off-t12-r5-4000x3000.png,2026-09-19T18:31:03Z,4000x3000.png,Gaussian_11x11,3990,2990,AoS,Kernel,5,12,static,,off,,,hype1,g++,-O3 -Wall -Wextra -std=c++17 -fopenmp -DOMP_EXPLICIT_SIMD=0 -fno-tree-vectorize,295.865935,1e8adb9534bf99dc,passed
layout-Gaussian_11x11-simd_off-t12-r5-4000x3000.png,2026-09-19T18:31:03Z,4000x3000.png,Gaussian_11x11,3990,2990,SoA,AoS_to_SoA,5,12,static,,off,,,hype1,g++,-O3 -Wall -Wextra -std=c++17 -fopenmp -DOMP_EXPLICIT_SIMD=0 -fno-tree-vectorize,2.555350,1e8adb9534bf99dc,passed
layout-Gaussian_11x11-simd_off-t12-r5-4000x3000.png,2026-09-19T18:31:03Z,4000x3000.png,Gaussian_11x11,3990,2990,SoA,Kernel,5,12,static,,off,,,hype1,g++,-O3 -Wall -Wextra -std=c++17 -fopenmp -DOMP_EXPLICIT_SIMD=0 -fno-tree-vectorize,296.007856,1e8adb9534bf99dc,passed
layout-Gaussian_11x11-simd_off-t12-r5-4000x3000.png,2026-09-19T18:31:03Z,4000x3000.png,Gaussian_11x11,3990,2990,SoA,SoA_to_AoS,5,12,static,,off,,,hype1,g++,-O3 -Wall -Wextra -std=c++17 -fopenmp -DOMP_EXPLICIT_SIMD=0 -fno-tree-vectorize,2.642267,1e8adb9534bf99dc,passed
layout-Gaussian_11x11-simd_off-t12-r5-4000x3000.png,2026-09-19T18:31:03Z,4000x3000.png,Gaussian_11x11,3990,2990,SoA,End_to_End,5,12,static,,off,,,hype1,g++,-O3 -Wall -Wextra -std=c++17 -fopenmp -DOMP_EXPLICIT_SIMD=0 -fno-tree-vectorize,301.205473,1e8adb9534bf99dc,passed
layout-Gaussian_11x11-simd_off-t12-r5-6000x6000.png,2026-09-19T18:31:07Z,6000x6000.png,Gaussian_11x11,5990,5990,AoS,Kernel,5,12,static,,off,,,hype1,g++,-O3 -Wall -Wextra -std=c++17 -fopenmp -DOMP_EXPLICIT_SIMD=0 -fno-tree-vectorize,884.028735,c923a906c8989668,passed
layout-Gaussian_11x11-simd_off-t12-r5-6000x6000.png,2026-09-19T18:31:07Z,6000x6000.png,Gaussian_11x11,5990,5990,SoA,AoS_to_SoA,5,12,static,,off,,,hype1,g++,-O3 -Wall -Wextra -std=c++17 -fopenmp -DOMP_EXPLICIT_SIMD=0 -fno-tree-vectorize,7.596514,c923a906c8989668,passed
layout-Gaussian_11x11-simd_off-t12-r5-6000x6000.png,2026-09-19T18:31:07Z,6000x6000.png,Gaussian_11x11,5990,5990,SoA,Kernel,5,12,static,,off,,,hype1,g++,-O3 -Wall -Wextra -std=c++17 -fopenmp -DOMP_EXPLICIT_SIMD=0 -fno-tree-vectorize,899.742235,c923a906c8989668,passed
layout-Gaussian_11x11-simd_off-t12-r5-6000x6000.png,2026-09-19T18:31:07Z,6000x6000.png,Gaussian_11x11,5990,5990,SoA,SoA_to_AoS,5,12,static,,off,,,hype1,g++,-O3 -Wall -Wextra -std=c++17 -fopenmp -DOMP_EXPLICIT_SIMD=0 -fno-tree-vectorize,7.446091,c923a906c8989668,passed
layout-Gaussian_11x11-simd_off-t12-r5-6000x6000.png,2026-09-19T18:31:07Z,6000x6000.png,Gaussian_11x11,5990,5990,SoA,End_to_End,5,12,static,,off,,,hype1,g++,-O3 -Wall -Wextra -std=c++17 -fopenmp -DOMP_EXPLICIT_SIMD=0 -fno-tree-vectorize,914.784840,c923a906c8989668,passed
layout-Grayscale-simd_omp-t12-r5-4000x3000.png,2026-09-19T18:31:08Z,4000x3000.png,Grayscale,4000,3000,AoS,Kernel,5,12,static,,omp,,,hype1,g++,-O3 -Wall -Wextra -std=c++17 -fopenmp -DOMP_EXPLICIT_SIMD=1,5.585099,00925fa85224b60c,passed
layout-Grayscale-simd_omp-t12-r5-4000x3000.png,2026-09-19T18:31:08Z,4000x3000.png,Grayscale,4000,3000,SoA,AoS_to_SoA,5,12,static,,omp,,,hype1,g++,-O3 -Wall -Wextra -std=c++17 -fopenmp -DOMP_EXPLICIT_SIMD=1,2.858461,00925fa85224b60c,passed
layout-Grayscale-simd_omp-t12-r5-4000x3000.png,2026-09-19T18:31:08Z,4000x3000.png,Grayscale,4000,3000,SoA,Kernel,5,12,static,,omp,,,hype1,g++,-O3 -Wall -Wextra -std=c++17 -fopenmp -DOMP_EXPLICIT_SIMD=1,3.801969,00925fa85224b60c,passed
layout-Grayscale-simd_omp-t12-r5-4000x3000.png,2026-09-19T18:31:08Z,4000x3000.png,Grayscale,4000,3000,SoA,SoA_to_AoS,5,12,static,,omp,,,hype1,g++,-O3 -Wall -Wextra -std=c++17 -fopenmp -DOMP_EXPLICIT_SIMD=1,2.993416,00925fa85224b60c,passed
layout-Grayscale-simd_omp-t12-r5-4000x3000.png,2026-09-19T18:31:08Z,4000x3000.png,Grayscale,4000,3000,SoA,End_to_End,5,12,static,,omp,,,hype1,g++,-O3 -Wall -Wextra -std=c++17 -fopenmp -DOMP_EXPLICIT_SIMD=1,9.653846,00925fa85224b60c,passed
layout-Grayscale-simd_omp-t12-r5-6000x6000.png,2026-09-19T18:31:10Z,6000x6000.png,Grayscale,6000,6000,AoS,Kernel,5,12,static,,omp,,,hype1,g++,-O3 -Wall -Wextra -std=c++17 -fopenmp -DOMP_EXPLICIT_SIMD=1,15.443233,937793859b387046,passed
layout-Grayscale-simd_omp-t12-r5-6000x6000.png,2026-09-19T18:31:10Z,6000x6000.png,Grayscale,6000,6000,SoA,AoS_to_SoA,5,12,static,,omp,,,hype1,g++,-O3 -Wall -Wextra -std=c++17 -fopenmp -DOMP_EXPLICIT_SIMD=1,7.718790,937793859b387046,passed
layout-Grayscale-simd_omp-t12-r5-6000x6000.png,2026-09-19T18:31:10Z,6000x6000.png,Grayscale,6000,6000,SoA,Kernel,5,12,static,,omp,,,hype1,g++,-O3 -Wall -Wextra -std=c++17 -fopenmp -DOMP_EXPLICIT_SIMD=1,11.513159,937793859b387046,passed
layout-Grayscale-simd_omp-t12-r5-6000x6000.png,2026-09-19T18:31:10Z,6000x6000.png,Grayscale,6000,6000,SoA,SoA_to_AoS,5,12,static,,omp,,,hype1,g++,-O3 -Wall -Wextra -std=c++17 -fopenmp -DOMP_EXPLICIT_SIMD=1,8.082117,937793859b387046,passed
layout-Grayscale-simd_omp-t12-r5-6000x6000.png,2026-09-19T18:31:10Z,6000x6000.png,Grayscale,6000,6000,SoA,End_to_End,5,12,static,,omp,,,hype1,g++,-O3 -Wall -Wextra -std=c++17 -fopenmp -DOMP_EXPLICIT_SIMD=1,27.314066,937793859b387046,passed
layout-Gaussian_11x11-simd_omp-t12-r5-4000x3000.png,2026-09-19T18:31:12Z,4000x3000.png,Gaussian_11x11,3990,2990,AoS,Kernel,5,12,static,,omp,,,hype1,g++,-O3 -Wall -Wextra -std=c++17 -fopenmp -DOMP_EXPLICIT_SIMD=1,295.732699,1e8adb9534bf99dc,passed
layout-Gaussian_11x11-simd_omp-t12-r5-4000x3000.png,2026-09-19T18:31:12Z,4000x3000.png,Gaussian_11x11,3990,2990,SoA,AoS_to_SoA,5,12,static,,omp,,,hype1,g++,-O3 -Wall -Wextra -std=c++17 -fopenmp -DOMP_EXPLICIT_SIMD=1,2.482802,1e8adb9534bf99dc,passed
layout-Gaussian_11x11-simd_omp-t12-r5-4000x3000.png,2026-09-19T18:31:12Z,4000x3000.png,Gaussian_11x11,3990,2990,SoA,Kernel,5,12,static,,omp,,,hype1,g++,-O3 -Wall -Wextra -std=c++17 -fopenmp -DOMP_EXPLICIT_SIMD=1,624.485519,1e8adb9534bf99dc,passed
layout-Gaussian_11x11-simd_omp-t12-r5-4000x3000.png,2026-09-19T18:31:12Z,4000x3000.png,Gaussian_11x11,3990,2990,SoA,SoA_to_AoS,5,12,static,,omp,,,hype1,g++,-O3 -Wall -Wextra -std=c++17 -fopenmp -DOMP_EXPLICIT_SIMD=1,2.964192,1e8adb9534bf99dc,passed
layout-Gaussian_11x11-simd_omp-t12-r5-4000x3000.png,2026-09-19T18:31:12Z,4000x3000.png,Gaussian_11x11,3990,2990,SoA,End_to_End,5,12,static,,omp,,,hype1,g++,-O3 -Wall -Wextra -std=c++17 -fopenmp -DOMP_EXPLICIT_SIMD=1,629.932513,1e8adb9534bf99dc,passed
layout-Gaussian_11x11-simd_omp-t12-r5-6000x6000.png,2026-09-19T18:31:17Z,6000x6000.png,Gaussian_11x11,5990,5990,AoS,Kernel,5,12,static,,omp,,,hype1,g++,-O3 -Wall -Wextra -std=c++17 -fopenmp -DOMP_EXPLICIT_SIMD=1,884.649480,c923a906c8989668,passed
layout-Gaussian_11x11-simd_omp-t12-r5-6000x6000.png,2026-09-19T18:31:17Z,6000x6000.png,Gaussian_11x11,5990,5990,SoA,AoS_to_SoA,5,12,static,,omp,,,hype1,g++,-O3 -Wall -Wextra -std=c++17 -fopenmp -DOMP_EXPLICIT_SIMD=1,7.596208,c923a906c8989668,passed
layout-Gaussian_11x11-simd_omp-t12-r5-6000x6000.png,2026-09-19T18:31:17Z,6000x6000.png,Gaussian_11x11,5990,5990,SoA,Kernel,5,12,static,,omp,,,hype1,g++,-O3 -Wall -Wextra -std=c++17 -fopenmp -DOMP_EXPLICIT_SIMD=1,1802.263737,c923a906c8989668,passed
layout-Gaussian_11x11-simd_omp-t12-r5-6000x6000.png,2026-09-19T18:31:17Z,6000x6000.png,Gaussian_11x11,5990,5990,SoA,SoA_to_AoS,5,12,static,,omp,,,hype1,g++,-O3 -Wall -Wextra -std=c++17 -fopenmp -DOMP_EXPLICIT_SIMD=1,7.318457,c923a906c8989668,passed
layout-Gaussian_11x11-simd_omp-t12-r5-6000x6000.png,2026-09-19T18:31:17Z,6000x6000.png,Gaussian_11x11,5990,5990,SoA,End_to_End,5,12,static,,omp,,,hype1,g++,-O3 -Wall -Wextra -std=c++17 -fopenmp -DOMP_EXPLICIT_SIMD=1,1817.178402,c923a906c8989668,passed
layout-Grayscale-simd_off-t16-r1-4000x3000.png,2026-09-19T18:31:35Z,4000x3000.png,Grayscale,4000,3000,AoS,Kernel,1,16,static,,off,,,hype1,g++,-O3 -Wall -Wextra -std=c++17 -fopenmp -DOMP_EXPLICIT_SIMD=0 -fno-tree-vectorize,4.528975,00925fa85224b60c,passed
layout-Grayscale-simd_off-t16-r1-4000x3000.png,2026-09-19T18:31:35Z,4000x3000.png,Grayscale,4000,3000,SoA,AoS_to_SoA,1,16,static,,off,,,hype1,g++,-O3 -Wall -Wextra -std=c++17 -fopenmp -DOMP_EXPLICIT_SIMD=0 -fno-tree-vectorize,2.454941,00925fa85224b60c,passed
layout-Grayscale-simd_off-t16-r1-4000x3000.png,2026-09-19T18:31:35Z,4000x3000.png,Grayscale,4000,3000,SoA,Kernel,1,16,static,,off,,,hype1,g++,-O3 -Wall -Wextra -std=c++17 -fopenmp -DOMP_EXPLICIT_SIMD=0 -fno-tree-vectorize,2.874823,00925fa85224b60c,passed
layout-Grayscale-simd_off-t16-r1-4000x3000.png,2026-09-19T18:31:35Z,4000x3000.png,Grayscale,4000,3000,SoA,SoA_to_AoS,1,16,static,,off,,,hype1,g++,-O3 -Wall -Wextra -std=c++17 -fopenmp -DOMP_EXPLICIT_SIMD=0 -fno-tree-vectorize,2.947168,00925fa85224b60c,passed
layout-Grayscale-simd_off-t16-r1-4000x3000.png,2026-09-19T18:31:35Z,4000x3000.png,Grayscale,4000,3000,SoA,End_to_End,1,16,static,,off,,,hype1,g++,-O3 -Wall -Wextra -std=c++17 -fopenmp -DOMP_EXPLICIT_SIMD=0 -fno-tree-vectorize,8.276932,00925fa85224b60c,passed
layout-Grayscale-simd_off-t16-r1-6000x6000.png,2026-09-19T18:31:36Z,6000x6000.png,Grayscale,6000,6000,AoS,Kernel,1,16,static,,off,,,hype1,g++,-O3 -Wall -Wextra -std=c++17 -fopenmp -DOMP_EXPLICIT_SIMD=0 -fno-tree-vectorize,11.550072,937793859b387046,passed
layout-Grayscale-simd_off-t16-r1-6000x6000.png,2026-09-19T18:31:36Z,6000x6000.png,Grayscale,6000,6000,SoA,AoS_to_SoA,1,16,static,,off,,,hype1,g++,-O3 -Wall -Wextra -std=c++17 -fopenmp -DOMP_EXPLICIT_SIMD=0 -fno-tree-vectorize,6.670142,937793859b387046,passed
layout-Grayscale-simd_off-t16-r1-6000x6000.png,2026-09-19T18:31:36Z,6000x6000.png,Grayscale,6000,6000,SoA,Kernel,1,16,static,,off,,,hype1,g++,-O3 -Wall -Wextra -std=c++17 -fopenmp -DOMP_EXPLICIT_SIMD=0 -fno-tree-vectorize,8.656960,937793859b387046,passed
layout-Grayscale-simd_off-t16-r1-6000x6000.png,2026-09-19T18:31:36Z,6000x6000.png,Grayscale,6000,6000,SoA,SoA_to_AoS,1,16,static,,off,,,hype1,g++,-O3 -Wall -Wextra -std=c++17 -fopenmp -DOMP_EXPLICIT_SIMD=0 -fno-tree-vectorize,6.956655,937793859b387046,passed
layout-Grayscale-simd_off-t16-r1-6000x6000.png,2026-09-19T18:31:36Z,6000x6000.png,Grayscale,6000,6000,SoA,End_to_End,1,16,static,,off,,,hype1,g++,-O3 -Wall -Wextra -std=c++17 -fopenmp -DOMP_EXPLICIT_SIMD=0 -fno-tree-vectorize,22.283757,937793859b387046,passed
layout-Gaussian_11x11-simd_off-t16-r1-4000x3000.png,2026-09-19T18:31:38Z,4000x3000.png,Gaussian_11x11,3990,2990,AoS,Kernel,1,16,static,,off,,,hype1,g++,-O3 -Wall -Wextra -std=c++17 -fopenmp -DOMP_EXPLICIT_SIMD=0 -fno-tree-vectorize,222.494372,1e8adb9534bf99dc,passed
layout-Gaussian_11x11-simd_off-t16-r1-4000x3000.png,2026-09-19T18:31:38Z,4000x3000.png,Gaussian_11x11,3990,2990,SoA,AoS_to_SoA,1,16,static,,off,,,hype1,g++,-O3 -Wall -Wextra -std=c++17 -fopenmp -DOMP_EXPLICIT_SIMD=0 -fno-tree-vectorize,2.006230,1e8adb9534bf99dc,passed
layout-Gaussian_11x11-simd_off-t16-r1-4000x3000.png,2026-09-19T18:31:38Z,4000x3000.png,Gaussian_11x11,3990,2990,SoA,Kernel,1,16,static,,off,,,hype1,g++,-O3 -Wall -Wextra -std=c++17 -fopenmp -DOMP_EXPLICIT_SIMD=0 -fno-tree-vectorize,221.522629,1e8adb9534bf99dc,passed
layout-Gaussian_11x11-simd_off-t16-r1-4000x3000.png,2026-09-19T18:31:38Z,4000x3000.png,Gaussian_11x11,3990,2990,SoA,SoA_to_AoS,1,16,static,,off,,,hype1,g++,-O3 -Wall -Wextra -std=c++17 -fopenmp -DOMP_EXPLICIT_SIMD=0 -fno-tree-vectorize,2.277714,1e8adb9534bf99dc,passed
layout-Gaussian_11x11-simd_off-t16-r1-4000x3000.png,2026-09-19T18:31:38Z,4000x3000.png,Gaussian_11x11,3990,2990,SoA,End_to_End,1,16,static,,off,,,hype1,g++,-O3 -Wall -Wextra -std=c++17 -fopenmp -DOMP_EXPLICIT_SIMD=0 -fno-tree-vectorize,225.806573,1e8adb9534bf99dc,passed
layout-Gaussian_11x11-simd_off-t16-r1-6000x6000.png,2026-09-19T18:31:42Z,6000x6000.png,Gaussian_11x11,5990,5990,AoS,Kernel,1,16,static,,off,,,hype1,g++,-O3 -Wall -Wextra -std=c++17 -fopenmp -DOMP_EXPLICIT_SIMD=0 -fno-tree-vectorize,665.419715,c923a906c8989668,passed
layout-Gaussian_11x11-simd_off-t16-r1-6000x6000.png,2026-09-19T18:31:42Z,6000x6000.png,Gaussian_11x11,5990,5990,SoA,AoS_to_SoA,1,16,static,,off,,,hype1,g++,-O3 -Wall -Wextra -std=c++17 -fopenmp -DOMP_EXPLICIT_SIMD=0 -fno-tree-vectorize,6.414162,c923a906c8989668,passed
layout-Gaussian_11x11-simd_off-t16-r1-6000x6000.png,2026-09-19T18:31:42Z,6000x6000.png,Gaussian_11x11,5990,5990,SoA,Kernel,1,16,static,,off,,,hype1,g++,-O3 -Wall -Wextra -std=c++17 -fopenmp -DOMP_EXPLICIT_SIMD=0 -fno-tree-vectorize,668.181145,c923a906c8989668,passed
layout-Gaussian_11x11-simd_off-t16-r1-6000x6000.png,2026-09-19T18:31:42Z,6000x6000.png,Gaussian_11x11,5990,5990,SoA,SoA_to_AoS,1,16,static,,off,,,hype1,g++,-O3 -Wall -Wextra -std=c++17 -fopenmp -DOMP_EXPLICIT_SIMD=0 -fno-tree-vectorize,7.852931,c923a906c8989668,passed
layout-Gaussian_11x11-simd_off-t16-r1-6000x6000.png,2026-09-19T18:31:42Z,6000x6000.png,Gaussian_11x11,5990,5990,SoA,End_to_End,1,16,static,,off,,,hype1,g++,-O3 -Wall -Wextra -std=c++17 -fopenmp -DOMP_EXPLICIT_SIMD=0 -fno-tree-vectorize,682.448238,c923a906c8989668,passed
layout-Grayscale-simd_omp-t16-r1-4000x3000.png,2026-09-19T18:31:42Z,4000x3000.png,Grayscale,4000,3000,AoS,Kernel,1,16,static,,omp,,,hype1,g++,-O3 -Wall -Wextra -std=c++17 -fopenmp -DOMP_EXPLICIT_SIMD=1,4.693435,00925fa85224b60c,passed
layout-Grayscale-simd_omp-t16-r1-4000x3000.png,2026-09-19T18:31:42Z,4000x3000.png,Grayscale,4000,3000,SoA,AoS_to_SoA,1,16,static,,omp,,,hype1,g++,-O3 -Wall -Wextra -std=c++17 -fopenmp -DOMP_EXPLICIT_SIMD=1,2.391084,00925fa85224b60c,passed
layout-Grayscale-simd_omp-t16-r1-4000x3000.png,2026-09-19T18:31:42Z,4000x3000.png,Grayscale,4000,3000,SoA,Kernel,1,16,static,,omp,,,hype1,g++,-O3 -Wall -Wextra -std=c++17 -fopenmp -DOMP_EXPLICIT_SIMD=1,2.880520,00925fa85224b60c,passed
layout-Grayscale-simd_omp-t16-r1-4000x3000.png,2026-09-19T18:31:42Z,4000x3000.png,Grayscale,4000,3000,SoA,SoA_to_AoS,1,16,static,,omp,,,hype1,g++,-O3 -Wall -Wextra -std=c++17 -fopenmp -DOMP_EXPLICIT_SIMD=1,2.673085,00925fa85224b60c,passed
layout-Grayscale-simd_omp-t16-r1-4000x3000.png,2026-09-19T18:31:42Z,4000x3000.png,Grayscale,4000,3000,SoA,End_to_End,1,16,static,,omp,,,hype1,g++,-O3 -Wall -Wextra -std=c++17 -fopenmp -DOMP_EXPLICIT_SIMD=1,7.944689,00925fa85224b60c,passed
layout-Grayscale-simd_omp-t16-r1-6000x6000.png,2026-09-19T18:31:44Z,6000x6000.png,Grayscale,6000,6000,AoS,Kernel,1,16,static,,omp,,,hype1,g++,-O3 -Wall -Wextra -std=c++17 -fopenmp -DOMP_EXPLICIT_SIMD=1,12.067022,937793859b387046,passed
layout-Grayscale-simd_omp-t16-r1-6000x6000.png,2026-09-19T18:31:44Z,6000x6000.png,Grayscale,6000,6000,SoA,AoS_to_SoA,1,16,static,,omp,,,hype1,g++,-O3 -Wall -Wextra -std=c++17 -fopenmp -DOMP_EXPLICIT_SIMD=1,6.745577,937793859b387046,passed
layout-Grayscale-simd_omp-t16-r1-6000x6000.png,2026-09-19T18:31:44Z,6000x6000.png,Grayscale,6000,6000,SoA,Kernel,1,16,static,,omp,,,hype1,g++,-O3 -Wall -Wextra -std=c++17 -fopenmp -DOMP_EXPLICIT_SIMD=1,8.635530,937793859b387046,passed
layout-Grayscale-simd_omp-t16-r1-6000x6000.png,2026-09-19T18:31:44Z,6000x6000.png,Grayscale,6000,6000,SoA,SoA_to_AoS,1,16,static,,omp,,,hype1,g++,-O3 -Wall -Wextra -std=c++17 -fopenmp -DOMP_EXPLICIT_SIMD=1,6.879812,937793859b387046,passed
layout-Grayscale-simd_omp-t16-r1-6000x6000.png,2026-09-19T18:31:44Z,6000x6000.png,Grayscale,6000,6000,SoA,End_to_End,1,16,static,,omp,,,hype1,g++,-O3 -Wall -Wextra -std=c++17 -fopenmp -DOMP_EXPLICIT_SIMD=1,22.260919,937793859b387046,passed
layout-Gaussian_11x11-simd_omp-t16-r1-4000x3000.png,2026-09-19T18:31:46Z,4000x3000.png,Gaussian_11x11,3990,2990,AoS,Kernel,1,16,static,,omp,,,hype1,g++,-O3 -Wall -Wextra -std=c++17 -fopenmp -DOMP_EXPLICIT_SIMD=1,222.972345,1e8adb9534bf99dc,passed
layout-Gaussian_11x11-simd_omp-t16-r1-4000x3000.png,2026-09-19T18:31:46Z,4000x3000.png,Gaussian_11x11,3990,2990,SoA,AoS_to_SoA,1,16,static,,omp,,,hype1,g++,-O3 -Wall -Wextra -std=c++17 -fopenmp -DOMP_EXPLICIT_SIMD=1,1.930864,1e8adb9534bf99dc,passed
layout-Gaussian_11x11-simd_omp-t16-r1-4000x3000.png,2026-09-19T18:31:46Z,4000x3000.png,Gaussian_11x11,3990,2990,SoA,Kernel,1,16,static,,omp,,,hype1,g++,-O3 -Wall -Wextra -std=c++17 -fopenmp -DOMP_EXPLICIT_SIMD=1,445.914606,1e8adb9534bf99dc,passed
layout-Gaussian_11x11-simd_omp-t16-r1-4000x3000.png,2026-09-19T18:31:46Z,4000x3000.png,Gaussian_11x11,3990,2990,SoA,SoA_to_AoS,1,16,static,,omp,,,hype1,g++,-O3 -Wall -Wextra -std=c++17 -fopenmp -DOMP_EXPLICIT_SIMD=1,2.449629,1e8adb9534bf99dc,passed
layout-Gaussian_11x11-simd_omp-t16-r1-4000x3000.png,2026-09-19T18:31:46Z,4000x3000.png,Gaussian_11x11,3990,2990,SoA,End_to_End,1,16,static,,omp,,,hype1,g++,-O3 -Wall -Wextra -std=c++17 -fopenmp -DOMP_EXPLICIT_SIMD=1,450.295099,1e8adb9534bf99dc,passed
layout-Gaussian_11x11-simd_omp-t16-r1-6000x6000.png,2026-09-19T18:31:51Z,6000x6000.png,Gaussian_11x11,5990,5990,AoS,Kernel,1,16,static,,omp,,,hype1,g++,-O3 -Wall -Wextra -std=c++17 -fopenmp -DOMP_EXPLICIT_SIMD=1,664.741173,c923a906c8989668,passed
layout-Gaussian_11x11-simd_omp-t16-r1-6000x6000.png,2026-09-19T18:31:51Z,6000x6000.png,Gaussian_11x11,5990,5990,SoA,AoS_to_SoA,1,16,static,,omp,,,hype1,g++,-O3 -Wall -Wextra -std=c++17 -fopenmp -DOMP_EXPLICIT_SIMD=1,6.506101,c923a906c8989668,passed
layout-Gaussian_11x11-simd_omp-t16-r1-6000x6000.png,2026-09-19T18:31:51Z,6000x6000.png,Gaussian_11x11,5990,5990,SoA,Kernel,1,16,static,,omp,,,hype1,g++,-O3 -Wall -Wextra -std=c++17 -fopenmp -DOMP_EXPLICIT_SIMD=1,1354.566311,c923a906c8989668,passed
layout-Gaussian_11x11-simd_omp-t16-r1-6000x6000.png,2026-09-19T18:31:51Z,6000x6000.png,Gaussian_11x11,5990,5990,SoA,SoA_to_AoS,1,16,static,,omp,,,hype1,g++,-O3 -Wall -Wextra -std=c++17 -fopenmp -DOMP_EXPLICIT_SIMD=1,5.913880,c923a906c8989668,passed
layout-Gaussian_11x11-simd_omp-t16-r1-6000x6000.png,2026-09-19T18:31:51Z,6000x6000.png,Gaussian_11x11,5990,5990,SoA,End_to_End,1,16,static,,omp,,,hype1,g++,-O3 -Wall -Wextra -std=c++17 -fopenmp -DOMP_EXPLICIT_SIMD=1,1366.986292,c923a906c8989668,passed
layout-Grayscale-simd_omp-t16-r2-4000x3000.png,2026-09-19T18:31:51Z,4000x3000.png,Grayscale,4000,3000,AoS,Kernel,2,16,static,,omp,,,hype1,g++,-O3 -Wall -Wextra -std=c++17 -fopenmp -DOMP_EXPLICIT_SIMD=1,4.624265,00925fa85224b60c,passed
layout-Grayscale-simd_omp-t16-r2-4000x3000.png,2026-09-19T18:31:51Z,4000x3000.png,Grayscale,4000,3000,SoA,AoS_to_SoA,2,16,static,,omp,,,hype1,g++,-O3 -Wall -Wextra -std=c++17 -fopenmp -DOMP_EXPLICIT_SIMD=1,2.501958,00925fa85224b60c,passed
layout-Grayscale-simd_omp-t16-r2-4000x3000.png,2026-09-19T18:31:51Z,4000x3000.png,Grayscale,4000,3000,SoA,Kernel,2,16,static,,omp,,,hype1,g++,-O3 -Wall -Wextra -std=c++17 -fopenmp -DOMP_EXPLICIT_SIMD=1,2.867945,00925fa85224b60c,passed
layout-Grayscale-simd_omp-t16-r2-4000x3000.png,2026-09-19T18:31:51Z,4000x3000.png,Grayscale,4000,3000,SoA,SoA_to_AoS,2,16,static,,omp,,,hype1,g++,-O3 -Wall -Wextra -std=c++17 -fopenmp -DOMP_EXPLICIT_SIMD=1,3.167543,00925fa85224b60c,passed
layout-Grayscale-simd_omp-t16-r2-4000x3000.png,2026-09-19T18:31:51Z,4000x3000.png,Grayscale,4000,3000,SoA,End_to_End,2,16,static,,omp,,,hype1,g++,-O3 -Wall -Wextra -std=c++17 -fopenmp -DOMP_EXPLICIT_SIMD=1,8.537446,00925fa85224b60c,passed
layout-Grayscale-simd_omp-t16-r2-6000x6000.png,2026-09-19T18:31:53Z,6000x6000.png,Grayscale,6000,6000,AoS,Kernel,2,16,static,,omp,,,hype1,g++,-O3 -Wall -Wextra -std=c++17 -fopenmp -DOMP_EXPLICIT_SIMD=1,12.039355,937793859b387046,passed
layout-Grayscale-simd_omp-t16-r2-6000x6000.png,2026-09-19T18:31:53Z,6000x6000.png,Grayscale,6000,6000,SoA,AoS_to_SoA,2,16,static,,omp,,,hype1,g++,-O3 -Wall -Wextra -std=c++17 -fopenmp -DOMP_EXPLICIT_SIMD=1,6.686766,937793859b387046,passed
layout-Grayscale-simd_omp-t16-r2-6000x6000.png,2026-09-19T18:31:53Z,6000x6000.png,Grayscale,6000,6000,SoA,Kernel,2,16,static,,omp,,,hype1,g++,-O3 -Wall -Wextra -std=c++17 -fopenmp -DOMP_EXPLICIT_SIMD=1,8.610669,937793859b387046,passed
layout-Grayscale-simd_omp-t16-r2-6000x6000.png,2026-09-19T18:31:53Z,6000x6000.png,Grayscale,6000,6000,SoA,SoA_to_AoS,2,16,static,,omp,,,hype1,g++,-O3 -Wall -Wextra -std=c++17 -fopenmp -DOMP_EXPLICIT_SIMD=1,6.906971,937793859b387046,passed
layout-Grayscale-simd_omp-t16-r2-6000x6000.png,2026-09-19T18:31:53Z,6000x6000.png,Grayscale,6000,6000,SoA,End_to_End,2,16,static,,omp,,,hype1,g++,-O3 -Wall -Wextra -std=c++17 -fopenmp -DOMP_EXPLICIT_SIMD=1,22.204406,937793859b387046,passed
layout-Gaussian_11x11-simd_omp-t16-r2-4000x3000.png,2026-09-19T18:31:55Z,4000x3000.png,Gaussian_11x11,3990,2990,AoS,Kernel,2,16,static,,omp,,,hype1,g++,-O3 -Wall -Wextra -std=c++17 -fopenmp -DOMP_EXPLICIT_SIMD=1,222.090343,1e8adb9534bf99dc,passed
layout-Gaussian_11x11-simd_omp-t16-r2-4000x3000.png,2026-09-19T18:31:55Z,4000x3000.png,Gaussian_11x11,3990,2990,SoA,AoS_to_SoA,2,16,static,,omp,,,hype1,g++,-O3 -Wall -Wextra -std=c++17 -fopenmp -DOMP_EXPLICIT_SIMD=1,1.991675,1e8adb9534bf99dc,passed
layout-Gaussian_11x11-simd_omp-t16-r2-4000x3000.png,2026-09-19T18:31:55Z,4000x3000.png,Gaussian_11x11,3990,2990,SoA,Kernel,2,16,static,,omp,,,hype1,g++,-O3 -Wall -Wextra -std=c++17 -fopenmp -DOMP_EXPLICIT_SIMD=1,445.556589,1e8adb9534bf99dc,passed
layout-Gaussian_11x11-simd_omp-t16-r2-4000x3000.png,2026-09-19T18:31:55Z,4000x3000.png,Gaussian_11x11,3990,2990,SoA,SoA_to_AoS,2,16,static,,omp,,,hype1,g++,-O3 -Wall -Wextra -std=c++17 -fopenmp -DOMP_EXPLICIT_SIMD=1,2.599341,1e8adb9534bf99dc,passed
layout-Gaussian_11x11-simd_omp-t16-r2-4000x3000.png,2026-09-19T18:31:55Z,4000x3000.png,Gaussian_11x11,3990,2990,SoA,End_to_End,2,16,static,,omp,,,hype1,g++,-O3 -Wall -Wextra -std=c++17 -fopenmp -DOMP_EXPLICIT_SIMD=1,450.147605,1e8adb9534bf99dc,passed
layout-Gaussian_11x11-simd_omp-t16-r2-6000x6000.png,2026-09-19T18:31:59Z,6000x6000.png,Gaussian_11x11,5990,5990,AoS,Kernel,2,16,static,,omp,,,hype1,g++,-O3 -Wall -Wextra -std=c++17 -fopenmp -DOMP_EXPLICIT_SIMD=1,665.378025,c923a906c8989668,passed
layout-Gaussian_11x11-simd_omp-t16-r2-6000x6000.png,2026-09-19T18:31:59Z,6000x6000.png,Gaussian_11x11,5990,5990,SoA,AoS_to_SoA,2,16,static,,omp,,,hype1,g++,-O3 -Wall -Wextra -std=c++17 -fopenmp -DOMP_EXPLICIT_SIMD=1,6.474794,c923a906c8989668,passed
layout-Gaussian_11x11-simd_omp-t16-r2-6000x6000.png,2026-09-19T18:31:59Z,6000x6000.png,Gaussian_11x11,5990,5990,SoA,Kernel,2,16,static,,omp,,,hype1,g++,-O3 -Wall -Wextra -std=c++17 -fopenmp -DOMP_EXPLICIT_SIMD=1,1353.748264,c923a906c8989668,passed
layout-Gaussian_11x11-simd_omp-t16-r2-6000x6000.png,2026-09-19T18:31:59Z,6000x6000.png,Gaussian_11x11,5990,5990,SoA,SoA_to_AoS,2,16,static,,omp,,,hype1,g++,-O3 -Wall -Wextra -std=c++17 -fopenmp -DOMP_EXPLICIT_SIMD=1,6.457908,c923a906c8989668,passed
layout-Gaussian_11x11-simd_omp-t16-r2-6000x6000.png,2026-09-19T18:31:59Z,6000x6000.png,Gaussian_11x11,5990,5990,SoA,End_to_End,2,16,static,,omp,,,hype1,g++,-O3 -Wall -Wextra -std=c++17 -fopenmp -DOMP_EXPLICIT_SIMD=1,1366.680966,c923a906c8989668,passed
layout-Grayscale-simd_off-t16-r2-4000x3000.png,2026-09-19T18:32:00Z,4000x3000.png,Grayscale,4000,3000,AoS,Kernel,2,16,static,,off,,,hype1,g++,-O3 -Wall -Wextra -std=c++17 -fopenmp -DOMP_EXPLICIT_SIMD=0 -fno-tree-vectorize,4.519455,00925fa85224b60c,passed
layout-Grayscale-simd_off-t16-r2-4000x3000.png,2026-09-19T18:32:00Z,4000x3000.png,Grayscale,4000,3000,SoA,AoS_to_SoA,2,16,static,,off,,,hype1,g++,-O3 -Wall -Wextra -std=c++17 -fopenmp -DOMP_EXPLICIT_SIMD=0 -fno-tree-vectorize,2.469464,00925fa85224b60c,passed
layout-Grayscale-simd_off-t16-r2-4000x3000.png,2026-09-19T18:32:00Z,4000x3000.png,Grayscale,4000,3000,SoA,Kernel,2,16,static,,off,,,hype1,g++,-O3 -Wall -Wextra -std=c++17 -fopenmp -DOMP_EXPLICIT_SIMD=0 -fno-tree-vectorize,2.874478,00925fa85224b60c,passed
layout-Grayscale-simd_off-t16-r2-4000x3000.png,2026-09-19T18:32:00Z,4000x3000.png,Grayscale,4000,3000,SoA,SoA_to_AoS,2,16,static,,off,,,hype1,g++,-O3 -Wall -Wextra -std=c++17 -fopenmp -DOMP_EXPLICIT_SIMD=0 -fno-tree-vectorize,2.658050,00925fa85224b60c,passed
layout-Grayscale-simd_off-t16-r2-4000x3000.png,2026-09-19T18:32:00Z,4000x3000.png,Grayscale,4000,3000,SoA,End_to_End,2,16,static,,off,,,hype1,g++,-O3 -Wall -Wextra -std=c++17 -fopenmp -DOMP_EXPLICIT_SIMD=0 -fno-tree-vectorize,8.001992,00925fa85224b60c,passed
layout-Grayscale-simd_off-t16-r2-6000x6000.png,2026-09-19T18:32:02Z,6000x6000.png,Grayscale,6000,6000,AoS,Kernel,2,16,static,,off,,,hype1,g++,-O3 -Wall -Wextra -std=c++17 -fopenmp -DOMP_EXPLICIT_SIMD=0 -fno-tree-vectorize,11.522113,937793859b387046,passed
layout-Grayscale-simd_off-t16-r2-6000x6000.png,2026-09-19T18:32:02Z,6000x6000.png,Grayscale,6000,6000,SoA,AoS_to_SoA,2,16,static,,off,,,hype1,g++,-O3 -Wall -Wextra -std=c++17 -fopenmp -DOMP_EXPLICIT_SIMD=0 -fno-tree-vectorize,6.728435,937793859b387046,passed
layout-Grayscale-simd_off-t16-r2-6000x6000.png,2026-09-19T18:32:02Z,6000x6000.png,Grayscale,6000,6000,SoA,Kernel,2,16,static,,off,,,hype1,g++,-O3 -Wall -Wextra -std=c++17 -fopenmp -DOMP_EXPLICIT_SIMD=0 -fno-tree-vectorize,8.645179,937793859b387046,passed
layout-Grayscale-simd_off-t16-r2-6000x6000.png,2026-09-19T18:32:02Z,6000x6000.png,Grayscale,6000,6000,SoA,SoA_to_AoS,2,16,static,,off,,,hype1,g++,-O3 -Wall -Wextra -std=c++17 -fopenmp -DOMP_EXPLICIT_SIMD=0 -fno-tree-vectorize,6.728065,937793859b387046,passed
layout-Grayscale-simd_off-t16-r2-6000x6000.png,2026-09-19T18:32:02Z,6000x6000.png,Grayscale,6000,6000,SoA,End_to_End,2,16,static,,off,,,hype1,g++,-O3 -Wall -Wextra -std=c++17 -fopenmp -DOMP_EXPLICIT_SIMD=0 -fno-tree-vectorize,22.101679,937793859b387046,passed
layout-Gaussian_11x11-simd_off-t16-r2-4000x3000.png,2026-09-19T18:32:03Z,4000x3000.png,Gaussian_11x11,3990,2990,AoS,Kernel,2,16,static,,off,,,hype1,g++,-O3 -Wall -Wextra -std=c++17 -fopenmp -DOMP_EXPLICIT_SIMD=0 -fno-tree-vectorize,222.141927,1e8adb9534bf99dc,passed
layout-Gaussian_11x11-simd_off-t16-r2-4000x3000.png,2026-09-19T18:32:03Z,4000x3000.png,Gaussian_11x11,3990,2990,SoA,AoS_to_SoA,2,16,static,,off,,,hype1,g++,-O3 -Wall -Wextra -std=c++17 -fopenmp -DOMP_EXPLICIT_SIMD=0 -fno-tree-vectorize,2.008914,1e8adb9534bf99dc,passed
layout-Gaussian_11x11-simd_off-t16-r2-4000x3000.png,2026-09-19T18:32:03Z,4000x3000.png,Gaussian_11x11,3990,2990,SoA,Kernel,2,16,static,,off,,,hype1,g++,-O3 -Wall -Wextra -std=c++17 -fopenmp -DOMP_EXPLICIT_SIMD=0 -fno-tree-vectorize,223.480141,1e8adb9534bf99dc,passed
layout-Gaussian_11x11-simd_off-t16-r2-4000x3000.png,2026-09-19T18:32:03Z,4000x3000.png,Gaussian_11x11,3990,2990,SoA,SoA_to_AoS,2,16,static,,off,,,hype1,g++,-O3 -Wall -Wextra -std=c++17 -fopenmp -DOMP_EXPLICIT_SIMD=0 -fno-tree-vectorize,2.618944,1e8adb9534bf99dc,passed
layout-Gaussian_11x11-simd_off-t16-r2-4000x3000.png,2026-09-19T18:32:03Z,4000x3000.png,Gaussian_11x11,3990,2990,SoA,End_to_End,2,16,static,,off,,,hype1,g++,-O3 -Wall -Wextra -std=c++17 -fopenmp -DOMP_EXPLICIT_SIMD=0 -fno-tree-vectorize,228.107999,1e8adb9534bf99dc,passed
layout-Gaussian_11x11-simd_off-t16-r2-6000x6000.png,2026-09-19T18:32:07Z,6000x6000.png,Gaussian_11x11,5990,5990,AoS,Kernel,2,16,static,,off,,,hype1,g++,-O3 -Wall -Wextra -std=c++17 -fopenmp -DOMP_EXPLICIT_SIMD=0 -fno-tree-vectorize,665.234678,c923a906c8989668,passed
layout-Gaussian_11x11-simd_off-t16-r2-6000x6000.png,2026-09-19T18:32:07Z,6000x6000.png,Gaussian_11x11,5990,5990,SoA,AoS_to_SoA,2,16,static,,off,,,hype1,g++,-O3 -Wall -Wextra -std=c++17 -fopenmp -DOMP_EXPLICIT_SIMD=0 -fno-tree-vectorize,6.573126,c923a906c8989668,passed
layout-Gaussian_11x11-simd_off-t16-r2-6000x6000.png,2026-09-19T18:32:07Z,6000x6000.png,Gaussian_11x11,5990,5990,SoA,Kernel,2,16,static,,off,,,hype1,g++,-O3 -Wall -Wextra -std=c++17 -fopenmp -DOMP_EXPLICIT_SIMD=0 -fno-tree-vectorize,689.769988,c923a906c8989668,passed
layout-Gaussian_11x11-simd_off-t16-r2-6000x6000.png,2026-09-19T18:32:07Z,6000x6000.png,Gaussian_11x11,5990,5990,SoA,SoA_to_AoS,2,16,static,,off,,,hype1,g++,-O3 -Wall -Wextra -std=c++17 -fopenmp -DOMP_EXPLICIT_SIMD=0 -fno-tree-vectorize,5.968851,c923a906c8989668,passed
layout-Gaussian_11x11-simd_off-t16-r2-6000x6000.png,2026-09-19T18:32:07Z,6000x6000.png,Gaussian_11x11,5990,5990,SoA,End_to_End,2,16,static,,off,,,hype1,g++,-O3 -Wall -Wextra -std=c++17 -fopenmp -DOMP_EXPLICIT_SIMD=0 -fno-tree-vectorize,702.311965,c923a906c8989668,passed
layout-Grayscale-simd_off-t16-r3-4000x3000.png,2026-09-19T18:32:08Z,4000x3000.png,Grayscale,4000,3000,AoS,Kernel,3,16,static,,off,,,hype1,g++,-O3 -Wall -Wextra -std=c++17 -fopenmp -DOMP_EXPLICIT_SIMD=0 -fno-tree-vectorize,4.462924,00925fa85224b60c,passed
layout-Grayscale-simd_off-t16-r3-4000x3000.png,2026-09-19T18:32:08Z,4000x3000.png,Grayscale,4000,3000,SoA,AoS_to_SoA,3,16,static,,off,,,hype1,g++,-O3 -Wall -Wextra -std=c++17 -fopenmp -DOMP_EXPLICIT_SIMD=0 -fno-tree-vectorize,2.445433,00925fa85224b60c,passed
layout-Grayscale-simd_off-t16-r3-4000x3000.png,2026-09-19T18:32:08Z,4000x3000.png,Grayscale,4000,3000,SoA,Kernel,3,16,static,,off,,,hype1,g++,-O3 -Wall -Wextra -std=c++17 -fopenmp -DOMP_EXPLICIT_SIMD=0 -fno-tree-vectorize,2.842454,00925fa85224b60c,passed
layout-Grayscale-simd_off-t16-r3-4000x3000.png,2026-09-19T18:32:08Z,4000x3000.png,Grayscale,4000,3000,SoA,SoA_to_AoS,3,16,static,,off,,,hype1,g++,-O3 -Wall -Wextra -std=c++17 -fopenmp -DOMP_EXPLICIT_SIMD=0 -fno-tree-vectorize,2.802088,00925fa85224b60c,passed
layout-Grayscale-simd_off-t16-r3-4000x3000.png,2026-09-19T18:32:08Z,4000x3000.png,Grayscale,4000,3000,SoA,End_to_End,3,16,static,,off,,,hype1,g++,-O3 -Wall -Wextra -std=c++17 -fopenmp -DOMP_EXPLICIT_SIMD=0 -fno-tree-vectorize,8.089975,00925fa85224b60c,passed
layout-Grayscale-simd_off-t16-r3-6000x6000.png,2026-09-19T18:32:10Z,6000x6000.png,Grayscale,6000,6000,AoS,Kernel,3,16,static,,off,,,hype1,g++,-O3 -Wall -Wextra -std=c++17 -fopenmp -DOMP_EXPLICIT_SIMD=0 -fno-tree-vectorize,11.625446,937793859b387046,passed
layout-Grayscale-simd_off-t16-r3-6000x6000.png,2026-09-19T18:32:10Z,6000x6000.png,Grayscale,6000,6000,SoA,AoS_to_SoA,3,16,static,,off,,,hype1,g++,-O3 -Wall -Wextra -std=c++17 -fopenmp -DOMP_EXPLICIT_SIMD=0 -fno-tree-vectorize,6.986333,937793859b387046,passed
layout-Grayscale-simd_off-t16-r3-6000x6000.png,2026-09-19T18:32:10Z,6000x6000.png,Grayscale,6000,6000,SoA,Kernel,3,16,static,,off,,,hype1,g++,-O3 -Wall -Wextra -std=c++17 -fopenmp -DOMP_EXPLICIT_SIMD=0 -fno-tree-vectorize,8.441519,937793859b387046,passed
layout-Grayscale-simd_off-t16-r3-6000x6000.png,2026-09-19T18:32:10Z,6000x6000.png,Grayscale,6000,6000,SoA,SoA_to_AoS,3,16,static,,off,,,hype1,g++,-O3 -Wall -Wextra -std=c++17 -fopenmp -DOMP_EXPLICIT_SIMD=0 -fno-tree-vectorize,6.625020,937793859b387046,passed
layout-Grayscale-simd_off-t16-r3-6000x6000.png,2026-09-19T18:32:10Z,6000x6000.png,Grayscale,6000,6000,SoA,End_to_End,3,16,static,,off,,,hype1,g++,-O3 -Wall -Wextra -std=c++17 -fopenmp -DOMP_EXPLICIT_SIMD=0 -fno-tree-vectorize,22.052872,937793859b387046,passed
layout-Gaussian_11x11-simd_off-t16-r3-4000x3000.png,2026-09-19T18:32:11Z,4000x3000.png,Gaussian_11x11,3990,2990,AoS,Kernel,3,16,static,,off,,,hype1,g++,-O3 -Wall -Wextra -std=c++17 -fopenmp -DOMP_EXPLICIT_SIMD=0 -fno-tree-vectorize,222.956136,1e8adb9534bf99dc,passed
layout-Gaussian_11x11-simd_off-t16-r3-4000x3000.png,2026-09-19T18:32:11Z,4000x3000.png,Gaussian_11x11,3990,2990,SoA,AoS_to_SoA,3,16,static,,off,,,hype1,g++,-O3 -Wall -Wextra -std=c++17 -fopenmp -DOMP_EXPLICIT_SIMD=0 -fno-tree-vectorize,1.906602,1e8adb9534bf99dc,passed
layout-Gaussian_11x11-simd_off-t16-r3-4000x3000.png,2026-09-19T18:32:11Z,4000x3000.png,Gaussian_11x11,3990,2990,SoA,Kernel,3,16,static,,off,,,hype1,g++,-O3 -Wall -Wextra -std=c++17 -fopenmp -DOMP_EXPLICIT_SIMD=0 -fno-tree-vectorize,221.596534,1e8adb9534bf99dc,passed
layout-Gaussian_11x11-simd_off-t16-r3-4000x3000.png,2026-09-19T18:32:11Z,4000x3000.png,Gaussian_11x11,3990,2990,SoA,SoA_to_AoS,3,16,static,,off,,,hype1,g++,-O3 -Wall -Wextra -std=c++17 -fopenmp -DOMP_EXPLICIT_SIMD=0 -fno-tree-vectorize,2.319299,1e8adb9534bf99dc,passed
layout-Gaussian_11x11-simd_off-t16-r3-4000x3000.png,2026-09-19T18:32:11Z,4000x3000.png,Gaussian_11x11,3990,2990,SoA,End_to_End,3,16,static,,off,,,hype1,g++,-O3 -Wall -Wextra -std=c++17 -fopenmp -DOMP_EXPLICIT_SIMD=0 -fno-tree-vectorize,225.822435,1e8adb9534bf99dc,passed
layout-Gaussian_11x11-simd_off-t16-r3-6000x6000.png,2026-09-19T18:32:15Z,6000x6000.png,Gaussian_11x11,5990,5990,AoS,Kernel,3,16,static,,off,,,hype1,g++,-O3 -Wall -Wextra -std=c++17 -fopenmp -DOMP_EXPLICIT_SIMD=0 -fno-tree-vectorize,664.863594,c923a906c8989668,passed
layout-Gaussian_11x11-simd_off-t16-r3-6000x6000.png,2026-09-19T18:32:15Z,6000x6000.png,Gaussian_11x11,5990,5990,SoA,AoS_to_SoA,3,16,static,,off,,,hype1,g++,-O3 -Wall -Wextra -std=c++17 -fopenmp -DOMP_EXPLICIT_SIMD=0 -fno-tree-vectorize,6.555153,c923a906c8989668,passed
layout-Gaussian_11x11-simd_off-t16-r3-6000x6000.png,2026-09-19T18:32:15Z,6000x6000.png,Gaussian_11x11,5990,5990,SoA,Kernel,3,16,static,,off,,,hype1,g++,-O3 -Wall -Wextra -std=c++17 -fopenmp -DOMP_EXPLICIT_SIMD=0 -fno-tree-vectorize,667.007620,c923a906c8989668,passed
layout-Gaussian_11x11-simd_off-t16-r3-6000x6000.png,2026-09-19T18:32:15Z,6000x6000.png,Gaussian_11x11,5990,5990,SoA,SoA_to_AoS,3,16,static,,off,,,hype1,g++,-O3 -Wall -Wextra -std=c++17 -fopenmp -DOMP_EXPLICIT_SIMD=0 -fno-tree-vectorize,5.903703,c923a906c8989668,passed
layout-Gaussian_11x11-simd_off-t16-r3-6000x6000.png,2026-09-19T18:32:15Z,6000x6000.png,Gaussian_11x11,5990,5990,SoA,End_to_End,3,16,static,,off,,,hype1,g++,-O3 -Wall -Wextra -std=c++17 -fopenmp -DOMP_EXPLICIT_SIMD=0 -fno-tree-vectorize,679.466476,c923a906c8989668,passed
layout-Grayscale-simd_omp-t16-r3-4000x3000.png,2026-09-19T18:32:16Z,4000x3000.png,Grayscale,4000,3000,AoS,Kernel,3,16,static,,omp,,,hype1,g++,-O3 -Wall -Wextra -std=c++17 -fopenmp -DOMP_EXPLICIT_SIMD=1,4.692536,00925fa85224b60c,passed
layout-Grayscale-simd_omp-t16-r3-4000x3000.png,2026-09-19T18:32:16Z,4000x3000.png,Grayscale,4000,3000,SoA,AoS_to_SoA,3,16,static,,omp,,,hype1,g++,-O3 -Wall -Wextra -std=c++17 -fopenmp -DOMP_EXPLICIT_SIMD=1,2.505820,00925fa85224b60c,passed
layout-Grayscale-simd_omp-t16-r3-4000x3000.png,2026-09-19T18:32:16Z,4000x3000.png,Grayscale,4000,3000,SoA,Kernel,3,16,static,,omp,,,hype1,g++,-O3 -Wall -Wextra -std=c++17 -fopenmp -DOMP_EXPLICIT_SIMD=1,2.842240,00925fa85224b60c,passed
layout-Grayscale-simd_omp-t16-r3-4000x3000.png,2026-09-19T18:32:16Z,4000x3000.png,Grayscale,4000,3000,SoA,SoA_to_AoS,3,16,static,,omp,,,hype1,g++,-O3 -Wall -Wextra -std=c++17 -fopenmp -DOMP_EXPLICIT_SIMD=1,2.782839,00925fa85224b60c,passed
layout-Grayscale-simd_omp-t16-r3-4000x3000.png,2026-09-19T18:32:16Z,4000x3000.png,Grayscale,4000,3000,SoA,End_to_End,3,16,static,,omp,,,hype1,g++,-O3 -Wall -Wextra -std=c++17 -fopenmp -DOMP_EXPLICIT_SIMD=1,8.130899,00925fa85224b60c,passed
layout-Grayscale-simd_omp-t16-r3-6000x6000.png,2026-09-19T18:32:17Z,6000x6000.png,Grayscale,6000,6000,AoS,Kernel,3,16,static,,omp,,,hype1,g++,-O3 -Wall -Wextra -std=c++17 -fopenmp -DOMP_EXPLICIT_SIMD=1,11.911828,937793859b387046,passed
layout-Grayscale-simd_omp-t16-r3-6000x6000.png,2026-09-19T18:32:17Z,6000x6000.png,Grayscale,6000,6000,SoA,AoS_to_SoA,3,16,static,,omp,,,hype1,g++,-O3 -Wall -Wextra -std=c++17 -fopenmp -DOMP_EXPLICIT_SIMD=1,6.871898,937793859b387046,passed
layout-Grayscale-simd_omp-t16-r3-6000x6000.png,2026-09-19T18:32:17Z,6000x6000.png,Grayscale,6000,6000,SoA,Kernel,3,16,static,,omp,,,hype1,g++,-O3 -Wall -Wextra -std=c++17 -fopenmp -DOMP_EXPLICIT_SIMD=1,8.662703,937793859b387046,passed
layout-Grayscale-simd_omp-t16-r3-6000x6000.png,2026-09-19T18:32:17Z,6000x6000.png,Grayscale,6000,6000,SoA,SoA_to_AoS,3,16,static,,omp,,,hype1,g++,-O3 -Wall -Wextra -std=c++17 -fopenmp -DOMP_EXPLICIT_SIMD=1,6.814015,937793859b387046,passed
layout-Grayscale-simd_omp-t16-r3-6000x6000.png,2026-09-19T18:32:17Z,6000x6000.png,Grayscale,6000,6000,SoA,End_to_End,3,16,static,,omp,,,hype1,g++,-O3 -Wall -Wextra -std=c++17 -fopenmp -DOMP_EXPLICIT_SIMD=1,22.348616,937793859b387046,passed
layout-Gaussian_11x11-simd_omp-t16-r3-4000x3000.png,2026-09-19T18:32:19Z,4000x3000.png,Gaussian_11x11,3990,2990,AoS,Kernel,3,16,static,,omp,,,hype1,g++,-O3 -Wall -Wextra -std=c++17 -fopenmp -DOMP_EXPLICIT_SIMD=1,223.668825,1e8adb9534bf99dc,passed
layout-Gaussian_11x11-simd_omp-t16-r3-4000x3000.png,2026-09-19T18:32:19Z,4000x3000.png,Gaussian_11x11,3990,2990,SoA,AoS_to_SoA,3,16,static,,omp,,,hype1,g++,-O3 -Wall -Wextra -std=c++17 -fopenmp -DOMP_EXPLICIT_SIMD=1,2.030404,1e8adb9534bf99dc,passed
layout-Gaussian_11x11-simd_omp-t16-r3-4000x3000.png,2026-09-19T18:32:19Z,4000x3000.png,Gaussian_11x11,3990,2990,SoA,Kernel,3,16,static,,omp,,,hype1,g++,-O3 -Wall -Wextra -std=c++17 -fopenmp -DOMP_EXPLICIT_SIMD=1,445.731260,1e8adb9534bf99dc,passed
layout-Gaussian_11x11-simd_omp-t16-r3-4000x3000.png,2026-09-19T18:32:19Z,4000x3000.png,Gaussian_11x11,3990,2990,SoA,SoA_to_AoS,3,16,static,,omp,,,hype1,g++,-O3 -Wall -Wextra -std=c++17 -fopenmp -DOMP_EXPLICIT_SIMD=1,2.859780,1e8adb9534bf99dc,passed
layout-Gaussian_11x11-simd_omp-t16-r3-4000x3000.png,2026-09-19T18:32:19Z,4000x3000.png,Gaussian_11x11,3990,2990,SoA,End_to_End,3,16,static,,omp,,,hype1,g++,-O3 -Wall -Wextra -std=c++17 -fopenmp -DOMP_EXPLICIT_SIMD=1,450.621444,1e8adb9534bf99dc,passed
layout-Gaussian_11x11-simd_omp-t16-r3-6000x6000.png,2026-09-19T18:32:24Z,6000x6000.png,Gaussian_11x11,5990,5990,AoS,Kernel,3,16,static,,omp,,,hype1,g++,-O3 -Wall -Wextra -std=c++17 -fopenmp -DOMP_EXPLICIT_SIMD=1,688.041238,c923a906c8989668,passed
layout-Gaussian_11x11-simd_omp-t16-r3-6000x6000.png,2026-09-19T18:32:24Z,6000x6000.png,Gaussian_11x11,5990,5990,SoA,AoS_to_SoA,3,16,static,,omp,,,hype1,g++,-O3 -Wall -Wextra -std=c++17 -fopenmp -DOMP_EXPLICIT_SIMD=1,6.400887,c923a906c8989668,passed
layout-Gaussian_11x11-simd_omp-t16-r3-6000x6000.png,2026-09-19T18:32:24Z,6000x6000.png,Gaussian_11x11,5990,5990,SoA,Kernel,3,16,static,,omp,,,hype1,g++,-O3 -Wall -Wextra -std=c++17 -fopenmp -DOMP_EXPLICIT_SIMD=1,1343.418205,c923a906c8989668,passed
layout-Gaussian_11x11-simd_omp-t16-r3-6000x6000.png,2026-09-19T18:32:24Z,6000x6000.png,Gaussian_11x11,5990,5990,SoA,SoA_to_AoS,3,16,static,,omp,,,hype1,g++,-O3 -Wall -Wextra -std=c++17 -fopenmp -DOMP_EXPLICIT_SIMD=1,5.954466,c923a906c8989668,passed
layout-Gaussian_11x11-simd_omp-t16-r3-6000x6000.png,2026-09-19T18:32:24Z,6000x6000.png,Gaussian_11x11,5990,5990,SoA,End_to_End,3,16,static,,omp,,,hype1,g++,-O3 -Wall -Wextra -std=c++17 -fopenmp -DOMP_EXPLICIT_SIMD=1,1355.773558,c923a906c8989668,passed
layout-Grayscale-simd_omp-t16-r4-4000x3000.png,2026-09-19T18:32:24Z,4000x3000.png,Grayscale,4000,3000,AoS,Kernel,4,16,static,,omp,,,hype1,g++,-O3 -Wall -Wextra -std=c++17 -fopenmp -DOMP_EXPLICIT_SIMD=1,4.613728,00925fa85224b60c,passed
layout-Grayscale-simd_omp-t16-r4-4000x3000.png,2026-09-19T18:32:24Z,4000x3000.png,Grayscale,4000,3000,SoA,AoS_to_SoA,4,16,static,,omp,,,hype1,g++,-O3 -Wall -Wextra -std=c++17 -fopenmp -DOMP_EXPLICIT_SIMD=1,2.546713,00925fa85224b60c,passed
layout-Grayscale-simd_omp-t16-r4-4000x3000.png,2026-09-19T18:32:24Z,4000x3000.png,Grayscale,4000,3000,SoA,Kernel,4,16,static,,omp,,,hype1,g++,-O3 -Wall -Wextra -std=c++17 -fopenmp -DOMP_EXPLICIT_SIMD=1,2.860006,00925fa85224b60c,passed
layout-Grayscale-simd_omp-t16-r4-4000x3000.png,2026-09-19T18:32:24Z,4000x3000.png,Grayscale,4000,3000,SoA,SoA_to_AoS,4,16,static,,omp,,,hype1,g++,-O3 -Wall -Wextra -std=c++17 -fopenmp -DOMP_EXPLICIT_SIMD=1,2.750399,00925fa85224b60c,passed
layout-Grayscale-simd_omp-t16-r4-4000x3000.png,2026-09-19T18:32:24Z,4000x3000.png,Grayscale,4000,3000,SoA,End_to_End,4,16,static,,omp,,,hype1,g++,-O3 -Wall -Wextra -std=c++17 -fopenmp -DOMP_EXPLICIT_SIMD=1,8.157118,00925fa85224b60c,passed
layout-Grayscale-simd_omp-t16-r4-6000x6000.png,2026-09-19T18:32:26Z,6000x6000.png,Grayscale,6000,6000,AoS,Kernel,4,16,static,,omp,,,hype1,g++,-O3 -Wall -Wextra -std=c++17 -fopenmp -DOMP_EXPLICIT_SIMD=1,11.842201,937793859b387046,passed
layout-Grayscale-simd_omp-t16-r4-6000x6000.png,2026-09-19T18:32:26Z,6000x6000.png,Grayscale,6000,6000,SoA,AoS_to_SoA,4,16,static,,omp,,,hype1,g++,-O3 -Wall -Wextra -std=c++17 -fopenmp -DOMP_EXPLICIT_SIMD=1,6.600966,937793859b387046,passed
layout-Grayscale-simd_omp-t16-r4-6000x6000.png,2026-09-19T18:32:26Z,6000x6000.png,Grayscale,6000,6000,SoA,Kernel,4,16,static,,omp,,,hype1,g++,-O3 -Wall -Wextra -std=c++17 -fopenmp -DOMP_EXPLICIT_SIMD=1,8.632604,937793859b387046,passed
layout-Grayscale-simd_omp-t16-r4-6000x6000.png,2026-09-19T18:32:26Z,6000x6000.png,Grayscale,6000,6000,SoA,SoA_to_AoS,4,16,static,,omp,,,hype1,g++,-O3 -Wall -Wextra -std=c++17 -fopenmp -DOMP_EXPLICIT_SIMD=1,6.815251,937793859b387046,passed
layout-Grayscale-simd_omp-t16-r4-6000x6000.png,2026-09-19T18:32:26Z,6000x6000.png,Grayscale,6000,6000,SoA,End_to_End,4,16,static,,omp,,,hype1,g++,-O3 -Wall -Wextra -std=c++17 -fopenmp -DOMP_EXPLICIT_SIMD=1,22.048821,937793859b387046,passed
layout-Gaussian_11x11-simd_omp-t16-r4-4000x3000.png,2026-09-19T18:32:28Z,4000x3000.png,Gaussian_11x11,3990,2990,AoS,Kernel,4,16,static,,omp,,,hype1,g++,-O3 -Wall -Wextra -std=c++17 -fopenmp -DOMP_EXPLICIT_SIMD=1,222.095025,1e8adb9534bf99dc,passed
layout-Gaussian_11x11-simd_omp-t16-r4-4000x3000.png,2026-09-19T18:32:28Z,4000x3000.png,Gaussian_11x11,3990,2990,SoA,AoS_to_SoA,4,16,static,,omp,,,hype1,g++,-O3 -Wall -Wextra -std=c++17 -fopenmp -DOMP_EXPLICIT_SIMD=1,1.895667,1e8adb9534bf99dc,passed
layout-Gaussian_11x11-simd_omp-t16-r4-4000x3000.png,2026-09-19T18:32:28Z,4000x3000.png,Gaussian_11x11,3990,2990,SoA,Kernel,4,16,static,,omp,,,hype1,g++,-O3 -Wall -Wextra -std=c++17 -fopenmp -DOMP_EXPLICIT_SIMD=1,445.756541,1e8adb9534bf99dc,passed
layout-Gaussian_11x11-simd_omp-t16-r4-4000x3000.png,2026-09-19T18:32:28Z,4000x3000.png,Gaussian_11x11,3990,2990,SoA,SoA_to_AoS,4,16,static,,omp,,,hype1,g++,-O3 -Wall -Wextra -std=c++17 -fopenmp -DOMP_EXPLICIT_SIMD=1,2.303483,1e8adb9534bf99dc,passed
layout-Gaussian_11x11-simd_omp-t16-r4-4000x3000.png,2026-09-19T18:32:28Z,4000x3000.png,Gaussian_11x11,3990,2990,SoA,End_to_End,4,16,static,,omp,,,hype1,g++,-O3 -Wall -Wextra -std=c++17 -fopenmp -DOMP_EXPLICIT_SIMD=1,449.955691,1e8adb9534bf99dc,passed
layout-Gaussian_11x11-simd_omp-t16-r4-6000x6000.png,2026-09-19T18:32:33Z,6000x6000.png,Gaussian_11x11,5990,5990,AoS,Kernel,4,16,static,,omp,,,hype1,g++,-O3 -Wall -Wextra -std=c++17 -fopenmp -DOMP_EXPLICIT_SIMD=1,664.219336,c923a906c8989668,passed
layout-Gaussian_11x11-simd_omp-t16-r4-6000x6000.png,2026-09-19T18:32:33Z,6000x6000.png,Gaussian_11x11,5990,5990,SoA,AoS_to_SoA,4,16,static,,omp,,,hype1,g++,-O3 -Wall -Wextra -std=c++17 -fopenmp -DOMP_EXPLICIT_SIMD=1,6.276404,c923a906c8989668,passed
layout-Gaussian_11x11-simd_omp-t16-r4-6000x6000.png,2026-09-19T18:32:33Z,6000x6000.png,Gaussian_11x11,5990,5990,SoA,Kernel,4,16,static,,omp,,,hype1,g++,-O3 -Wall -Wextra -std=c++17 -fopenmp -DOMP_EXPLICIT_SIMD=1,1352.994342,c923a906c8989668,passed
layout-Gaussian_11x11-simd_omp-t16-r4-6000x6000.png,2026-09-19T18:32:33Z,6000x6000.png,Gaussian_11x11,5990,5990,SoA,SoA_to_AoS,4,16,static,,omp,,,hype1,g++,-O3 -Wall -Wextra -std=c++17 -fopenmp -DOMP_EXPLICIT_SIMD=1,6.477576,c923a906c8989668,passed
layout-Gaussian_11x11-simd_omp-t16-r4-6000x6000.png,2026-09-19T18:32:33Z,6000x6000.png,Gaussian_11x11,5990,5990,SoA,End_to_End,4,16,static,,omp,,,hype1,g++,-O3 -Wall -Wextra -std=c++17 -fopenmp -DOMP_EXPLICIT_SIMD=1,1365.748322,c923a906c8989668,passed
layout-Grayscale-simd_off-t16-r4-4000x3000.png,2026-09-19T18:32:33Z,4000x3000.png,Grayscale,4000,3000,AoS,Kernel,4,16,static,,off,,,hype1,g++,-O3 -Wall -Wextra -std=c++17 -fopenmp -DOMP_EXPLICIT_SIMD=0 -fno-tree-vectorize,4.454306,00925fa85224b60c,passed
layout-Grayscale-simd_off-t16-r4-4000x3000.png,2026-09-19T18:32:33Z,4000x3000.png,Grayscale,4000,3000,SoA,AoS_to_SoA,4,16,static,,off,,,hype1,g++,-O3 -Wall -Wextra -std=c++17 -fopenmp -DOMP_EXPLICIT_SIMD=0 -fno-tree-vectorize,2.437561,00925fa85224b60c,passed
layout-Grayscale-simd_off-t16-r4-4000x3000.png,2026-09-19T18:32:33Z,4000x3000.png,Grayscale,4000,3000,SoA,Kernel,4,16,static,,off,,,hype1,g++,-O3 -Wall -Wextra -std=c++17 -fopenmp -DOMP_EXPLICIT_SIMD=0 -fno-tree-vectorize,2.966730,00925fa85224b60c,passed
layout-Grayscale-simd_off-t16-r4-4000x3000.png,2026-09-19T18:32:33Z,4000x3000.png,Grayscale,4000,3000,SoA,SoA_to_AoS,4,16,static,,off,,,hype1,g++,-O3 -Wall -Wextra -std=c++17 -fopenmp -DOMP_EXPLICIT_SIMD=0 -fno-tree-vectorize,2.541030,00925fa85224b60c,passed
layout-Grayscale-simd_off-t16-r4-4000x3000.png,2026-09-19T18:32:33Z,4000x3000.png,Grayscale,4000,3000,SoA,End_to_End,4,16,static,,off,,,hype1,g++,-O3 -Wall -Wextra -std=c++17 -fopenmp -DOMP_EXPLICIT_SIMD=0 -fno-tree-vectorize,7.945321,00925fa85224b60c,passed
layout-Grayscale-simd_off-t16-r4-6000x6000.png,2026-09-19T18:32:35Z,6000x6000.png,Grayscale,6000,6000,AoS,Kernel,4,16,static,,off,,,hype1,g++,-O3 -Wall -Wextra -std=c++17 -fopenmp -DOMP_EXPLICIT_SIMD=0 -fno-tree-vectorize,11.780008,937793859b387046,passed
layout-Grayscale-simd_off-t16-r4-6000x6000.png,2026-09-19T18:32:35Z,6000x6000.png,Grayscale,6000,6000,SoA,AoS_to_SoA,4,16,static,,off,,,hype1,g++,-O3 -Wall -Wextra -std=c++17 -fopenmp -DOMP_EXPLICIT_SIMD=0 -fno-tree-vectorize,6.812438,937793859b387046,passed
layout-Grayscale-simd_off-t16-r4-6000x6000.png,2026-09-19T18:32:35Z,6000x6000.png,Grayscale,6000,6000,SoA,Kernel,4,16,static,,off,,,hype1,g++,-O3 -Wall -Wextra -std=c++17 -fopenmp -DOMP_EXPLICIT_SIMD=0 -fno-tree-vectorize,8.637963,937793859b387046,passed
layout-Grayscale-simd_off-t16-r4-6000x6000.png,2026-09-19T18:32:35Z,6000x6000.png,Grayscale,6000,6000,SoA,SoA_to_AoS,4,16,static,,off,,,hype1,g++,-O3 -Wall -Wextra -std=c++17 -fopenmp -DOMP_EXPLICIT_SIMD=0 -fno-tree-vectorize,7.062876,937793859b387046,passed
layout-Grayscale-simd_off-t16-r4-6000x6000.png,2026-09-19T18:32:35Z,6000x6000.png,Grayscale,6000,6000,SoA,End_to_End,4,16,static,,off,,,hype1,g++,-O3 -Wall -Wextra -std=c++17 -fopenmp -DOMP_EXPLICIT_SIMD=0 -fno-tree-vectorize,22.513277,937793859b387046,passed
layout-Gaussian_11x11-simd_off-t16-r4-4000x3000.png,2026-09-19T18:32:36Z,4000x3000.png,Gaussian_11x11,3990,2990,AoS,Kernel,4,16,static,,off,,,hype1,g++,-O3 -Wall -Wextra -std=c++17 -fopenmp -DOMP_EXPLICIT_SIMD=0 -fno-tree-vectorize,222.110238,1e8adb9534bf99dc,passed
layout-Gaussian_11x11-simd_off-t16-r4-4000x3000.png,2026-09-19T18:32:36Z,4000x3000.png,Gaussian_11x11,3990,2990,SoA,AoS_to_SoA,4,16,static,,off,,,hype1,g++,-O3 -Wall -Wextra -std=c++17 -fopenmp -DOMP_EXPLICIT_SIMD=0 -fno-tree-vectorize,2.154064,1e8adb9534bf99dc,passed
layout-Gaussian_11x11-simd_off-t16-r4-4000x3000.png,2026-09-19T18:32:36Z,4000x3000.png,Gaussian_11x11,3990,2990,SoA,Kernel,4,16,static,,off,,,hype1,g++,-O3 -Wall -Wextra -std=c++17 -fopenmp -DOMP_EXPLICIT_SIMD=0 -fno-tree-vectorize,243.770164,1e8adb9534bf99dc,passed
layout-Gaussian_11x11-simd_off-t16-r4-4000x3000.png,2026-09-19T18:32:36Z,4000x3000.png,Gaussian_11x11,3990,2990,SoA,SoA_to_AoS,4,16,static,,off,,,hype1,g++,-O3 -Wall -Wextra -std=c++17 -fopenmp -DOMP_EXPLICIT_SIMD=0 -fno-tree-vectorize,2.407722,1e8adb9534bf99dc,passed
layout-Gaussian_11x11-simd_off-t16-r4-4000x3000.png,2026-09-19T18:32:36Z,4000x3000.png,Gaussian_11x11,3990,2990,SoA,End_to_End,4,16,static,,off,,,hype1,g++,-O3 -Wall -Wextra -std=c++17 -fopenmp -DOMP_EXPLICIT_SIMD=0 -fno-tree-vectorize,248.331950,1e8adb9534bf99dc,passed
layout-Gaussian_11x11-simd_off-t16-r4-6000x6000.png,2026-09-19T18:32:40Z,6000x6000.png,Gaussian_11x11,5990,5990,AoS,Kernel,4,16,static,,off,,,hype1,g++,-O3 -Wall -Wextra -std=c++17 -fopenmp -DOMP_EXPLICIT_SIMD=0 -fno-tree-vectorize,666.620519,c923a906c8989668,passed
layout-Gaussian_11x11-simd_off-t16-r4-6000x6000.png,2026-09-19T18:32:40Z,6000x6000.png,Gaussian_11x11,5990,5990,SoA,AoS_to_SoA,4,16,static,,off,,,hype1,g++,-O3 -Wall -Wextra -std=c++17 -fopenmp -DOMP_EXPLICIT_SIMD=0 -fno-tree-vectorize,6.435199,c923a906c8989668,passed
layout-Gaussian_11x11-simd_off-t16-r4-6000x6000.png,2026-09-19T18:32:40Z,6000x6000.png,Gaussian_11x11,5990,5990,SoA,Kernel,4,16,static,,off,,,hype1,g++,-O3 -Wall -Wextra -std=c++17 -fopenmp -DOMP_EXPLICIT_SIMD=0 -fno-tree-vectorize,667.657792,c923a906c8989668,passed
layout-Gaussian_11x11-simd_off-t16-r4-6000x6000.png,2026-09-19T18:32:40Z,6000x6000.png,Gaussian_11x11,5990,5990,SoA,SoA_to_AoS,4,16,static,,off,,,hype1,g++,-O3 -Wall -Wextra -std=c++17 -fopenmp -DOMP_EXPLICIT_SIMD=0 -fno-tree-vectorize,5.902669,c923a906c8989668,passed
layout-Gaussian_11x11-simd_off-t16-r4-6000x6000.png,2026-09-19T18:32:40Z,6000x6000.png,Gaussian_11x11,5990,5990,SoA,End_to_End,4,16,static,,off,,,hype1,g++,-O3 -Wall -Wextra -std=c++17 -fopenmp -DOMP_EXPLICIT_SIMD=0 -fno-tree-vectorize,679.995660,c923a906c8989668,passed
layout-Grayscale-simd_off-t16-r5-4000x3000.png,2026-09-19T18:32:41Z,4000x3000.png,Grayscale,4000,3000,AoS,Kernel,5,16,static,,off,,,hype1,g++,-O3 -Wall -Wextra -std=c++17 -fopenmp -DOMP_EXPLICIT_SIMD=0 -fno-tree-vectorize,4.450839,00925fa85224b60c,passed
layout-Grayscale-simd_off-t16-r5-4000x3000.png,2026-09-19T18:32:41Z,4000x3000.png,Grayscale,4000,3000,SoA,AoS_to_SoA,5,16,static,,off,,,hype1,g++,-O3 -Wall -Wextra -std=c++17 -fopenmp -DOMP_EXPLICIT_SIMD=0 -fno-tree-vectorize,2.364480,00925fa85224b60c,passed
layout-Grayscale-simd_off-t16-r5-4000x3000.png,2026-09-19T18:32:41Z,4000x3000.png,Grayscale,4000,3000,SoA,Kernel,5,16,static,,off,,,hype1,g++,-O3 -Wall -Wextra -std=c++17 -fopenmp -DOMP_EXPLICIT_SIMD=0 -fno-tree-vectorize,2.850438,00925fa85224b60c,passed
layout-Grayscale-simd_off-t16-r5-4000x3000.png,2026-09-19T18:32:41Z,4000x3000.png,Grayscale,4000,3000,SoA,SoA_to_AoS,5,16,static,,off,,,hype1,g++,-O3 -Wall -Wextra -std=c++17 -fopenmp -DOMP_EXPLICIT_SIMD=0 -fno-tree-vectorize,2.803237,00925fa85224b60c,passed
layout-Grayscale-simd_off-t16-r5-4000x3000.png,2026-09-19T18:32:41Z,4000x3000.png,Grayscale,4000,3000,SoA,End_to_End,5,16,static,,off,,,hype1,g++,-O3 -Wall -Wextra -std=c++17 -fopenmp -DOMP_EXPLICIT_SIMD=0 -fno-tree-vectorize,8.018155,00925fa85224b60c,passed
layout-Grayscale-simd_off-t16-r5-6000x6000.png,2026-09-19T18:32:43Z,6000x6000.png,Grayscale,6000,6000,AoS,Kernel,5,16,static,,off,,,hype1,g++,-O3 -Wall -Wextra -std=c++17 -fopenmp -DOMP_EXPLICIT_SIMD=0 -fno-tree-vectorize,11.439538,937793859b387046,passed
layout-Grayscale-simd_off-t16-r5-6000x6000.png,2026-09-19T18:32:43Z,6000x6000.png,Grayscale,6000,6000,SoA,AoS_to_SoA,5,16,static,,off,,,hype1,g++,-O3 -Wall -Wextra -std=c++17 -fopenmp -DOMP_EXPLICIT_SIMD=0 -fno-tree-vectorize,6.827390,937793859b387046,passed
layout-Grayscale-simd_off-t16-r5-6000x6000.png,2026-09-19T18:32:43Z,6000x6000.png,Grayscale,6000,6000,SoA,Kernel,5,16,static,,off,,,hype1,g++,-O3 -Wall -Wextra -std=c++17 -fopenmp -DOMP_EXPLICIT_SIMD=0 -fno-tree-vectorize,8.400909,937793859b387046,passed
layout-Grayscale-simd_off-t16-r5-6000x6000.png,2026-09-19T18:32:43Z,6000x6000.png,Grayscale,6000,6000,SoA,SoA_to_AoS,5,16,static,,off,,,hype1,g++,-O3 -Wall -Wextra -std=c++17 -fopenmp -DOMP_EXPLICIT_SIMD=0 -fno-tree-vectorize,6.419741,937793859b387046,passed
layout-Grayscale-simd_off-t16-r5-6000x6000.png,2026-09-19T18:32:43Z,6000x6000.png,Grayscale,6000,6000,SoA,End_to_End,5,16,static,,off,,,hype1,g++,-O3 -Wall -Wextra -std=c++17 -fopenmp -DOMP_EXPLICIT_SIMD=0 -fno-tree-vectorize,21.648040,937793859b387046,passed
layout-Gaussian_11x11-simd_off-t16-r5-4000x3000.png,2026-09-19T18:32:44Z,4000x3000.png,Gaussian_11x11,3990,2990,AoS,Kernel,5,16,static,,off,,,hype1,g++,-O3 -Wall -Wextra -std=c++17 -fopenmp -DOMP_EXPLICIT_SIMD=0 -fno-tree-vectorize,222.155605,1e8adb9534bf99dc,passed
layout-Gaussian_11x11-simd_off-t16-r5-4000x3000.png,2026-09-19T18:32:44Z,4000x3000.png,Gaussian_11x11,3990,2990,SoA,AoS_to_SoA,5,16,static,,off,,,hype1,g++,-O3 -Wall -Wextra -std=c++17 -fopenmp -DOMP_EXPLICIT_SIMD=0 -fno-tree-vectorize,1.908092,1e8adb9534bf99dc,passed
layout-Gaussian_11x11-simd_off-t16-r5-4000x3000.png,2026-09-19T18:32:44Z,4000x3000.png,Gaussian_11x11,3990,2990,SoA,Kernel,5,16,static,,off,,,hype1,g++,-O3 -Wall -Wextra -std=c++17 -fopenmp -DOMP_EXPLICIT_SIMD=0 -fno-tree-vectorize,221.282200,1e8adb9534bf99dc,passed
layout-Gaussian_11x11-simd_off-t16-r5-4000x3000.png,2026-09-19T18:32:44Z,4000x3000.png,Gaussian_11x11,3990,2990,SoA,SoA_to_AoS,5,16,static,,off,,,hype1,g++,-O3 -Wall -Wextra -std=c++17 -fopenmp -DOMP_EXPLICIT_SIMD=0 -fno-tree-vectorize,2.536048,1e8adb9534bf99dc,passed
layout-Gaussian_11x11-simd_off-t16-r5-4000x3000.png,2026-09-19T18:32:44Z,4000x3000.png,Gaussian_11x11,3990,2990,SoA,End_to_End,5,16,static,,off,,,hype1,g++,-O3 -Wall -Wextra -std=c++17 -fopenmp -DOMP_EXPLICIT_SIMD=0 -fno-tree-vectorize,225.726340,1e8adb9534bf99dc,passed
layout-Gaussian_11x11-simd_off-t16-r5-6000x6000.png,2026-09-19T18:32:48Z,6000x6000.png,Gaussian_11x11,5990,5990,AoS,Kernel,5,16,static,,off,,,hype1,g++,-O3 -Wall -Wextra -std=c++17 -fopenmp -DOMP_EXPLICIT_SIMD=0 -fno-tree-vectorize,678.811575,c923a906c8989668,passed
layout-Gaussian_11x11-simd_off-t16-r5-6000x6000.png,2026-09-19T18:32:48Z,6000x6000.png,Gaussian_11x11,5990,5990,SoA,AoS_to_SoA,5,16,static,,off,,,hype1,g++,-O3 -Wall -Wextra -std=c++17 -fopenmp -DOMP_EXPLICIT_SIMD=0 -fno-tree-vectorize,6.480056,c923a906c8989668,passed
layout-Gaussian_11x11-simd_off-t16-r5-6000x6000.png,2026-09-19T18:32:48Z,6000x6000.png,Gaussian_11x11,5990,5990,SoA,Kernel,5,16,static,,off,,,hype1,g++,-O3 -Wall -Wextra -std=c++17 -fopenmp -DOMP_EXPLICIT_SIMD=0 -fno-tree-vectorize,667.914225,c923a906c8989668,passed
layout-Gaussian_11x11-simd_off-t16-r5-6000x6000.png,2026-09-19T18:32:48Z,6000x6000.png,Gaussian_11x11,5990,5990,SoA,SoA_to_AoS,5,16,static,,off,,,hype1,g++,-O3 -Wall -Wextra -std=c++17 -fopenmp -DOMP_EXPLICIT_SIMD=0 -fno-tree-vectorize,5.968670,c923a906c8989668,passed
layout-Gaussian_11x11-simd_off-t16-r5-6000x6000.png,2026-09-19T18:32:48Z,6000x6000.png,Gaussian_11x11,5990,5990,SoA,End_to_End,5,16,static,,off,,,hype1,g++,-O3 -Wall -Wextra -std=c++17 -fopenmp -DOMP_EXPLICIT_SIMD=0 -fno-tree-vectorize,680.362951,c923a906c8989668,passed
layout-Grayscale-simd_omp-t16-r5-4000x3000.png,2026-09-19T18:32:49Z,4000x3000.png,Grayscale,4000,3000,AoS,Kernel,5,16,static,,omp,,,hype1,g++,-O3 -Wall -Wextra -std=c++17 -fopenmp -DOMP_EXPLICIT_SIMD=1,4.574534,00925fa85224b60c,passed
layout-Grayscale-simd_omp-t16-r5-4000x3000.png,2026-09-19T18:32:49Z,4000x3000.png,Grayscale,4000,3000,SoA,AoS_to_SoA,5,16,static,,omp,,,hype1,g++,-O3 -Wall -Wextra -std=c++17 -fopenmp -DOMP_EXPLICIT_SIMD=1,2.369355,00925fa85224b60c,passed
layout-Grayscale-simd_omp-t16-r5-4000x3000.png,2026-09-19T18:32:49Z,4000x3000.png,Grayscale,4000,3000,SoA,Kernel,5,16,static,,omp,,,hype1,g++,-O3 -Wall -Wextra -std=c++17 -fopenmp -DOMP_EXPLICIT_SIMD=1,2.890804,00925fa85224b60c,passed
layout-Grayscale-simd_omp-t16-r5-4000x3000.png,2026-09-19T18:32:49Z,4000x3000.png,Grayscale,4000,3000,SoA,SoA_to_AoS,5,16,static,,omp,,,hype1,g++,-O3 -Wall -Wextra -std=c++17 -fopenmp -DOMP_EXPLICIT_SIMD=1,2.808379,00925fa85224b60c,passed
layout-Grayscale-simd_omp-t16-r5-4000x3000.png,2026-09-19T18:32:49Z,4000x3000.png,Grayscale,4000,3000,SoA,End_to_End,5,16,static,,omp,,,hype1,g++,-O3 -Wall -Wextra -std=c++17 -fopenmp -DOMP_EXPLICIT_SIMD=1,8.068538,00925fa85224b60c,passed
layout-Grayscale-simd_omp-t16-r5-6000x6000.png,2026-09-19T18:32:51Z,6000x6000.png,Grayscale,6000,6000,AoS,Kernel,5,16,static,,omp,,,hype1,g++,-O3 -Wall -Wextra -std=c++17 -fopenmp -DOMP_EXPLICIT_SIMD=1,11.913752,937793859b387046,passed
layout-Grayscale-simd_omp-t16-r5-6000x6000.png,2026-09-19T18:32:51Z,6000x6000.png,Grayscale,6000,6000,SoA,AoS_to_SoA,5,16,static,,omp,,,hype1,g++,-O3 -Wall -Wextra -std=c++17 -fopenmp -DOMP_EXPLICIT_SIMD=1,6.686029,937793859b387046,passed
layout-Grayscale-simd_omp-t16-r5-6000x6000.png,2026-09-19T18:32:51Z,6000x6000.png,Grayscale,6000,6000,SoA,Kernel,5,16,static,,omp,,,hype1,g++,-O3 -Wall -Wextra -std=c++17 -fopenmp -DOMP_EXPLICIT_SIMD=1,8.636647,937793859b387046,passed
layout-Grayscale-simd_omp-t16-r5-6000x6000.png,2026-09-19T18:32:51Z,6000x6000.png,Grayscale,6000,6000,SoA,SoA_to_AoS,5,16,static,,omp,,,hype1,g++,-O3 -Wall -Wextra -std=c++17 -fopenmp -DOMP_EXPLICIT_SIMD=1,6.572918,937793859b387046,passed
layout-Grayscale-simd_omp-t16-r5-6000x6000.png,2026-09-19T18:32:51Z,6000x6000.png,Grayscale,6000,6000,SoA,End_to_End,5,16,static,,omp,,,hype1,g++,-O3 -Wall -Wextra -std=c++17 -fopenmp -DOMP_EXPLICIT_SIMD=1,21.895594,937793859b387046,passed
layout-Gaussian_11x11-simd_omp-t16-r5-4000x3000.png,2026-09-19T18:32:52Z,4000x3000.png,Gaussian_11x11,3990,2990,AoS,Kernel,5,16,static,,omp,,,hype1,g++,-O3 -Wall -Wextra -std=c++17 -fopenmp -DOMP_EXPLICIT_SIMD=1,222.920115,1e8adb9534bf99dc,passed
layout-Gaussian_11x11-simd_omp-t16-r5-4000x3000.png,2026-09-19T18:32:52Z,4000x3000.png,Gaussian_11x11,3990,2990,SoA,AoS_to_SoA,5,16,static,,omp,,,hype1,g++,-O3 -Wall -Wextra -std=c++17 -fopenmp -DOMP_EXPLICIT_SIMD=1,1.912089,1e8adb9534bf99dc,passed
layout-Gaussian_11x11-simd_omp-t16-r5-4000x3000.png,2026-09-19T18:32:52Z,4000x3000.png,Gaussian_11x11,3990,2990,SoA,Kernel,5,16,static,,omp,,,hype1,g++,-O3 -Wall -Wextra -std=c++17 -fopenmp -DOMP_EXPLICIT_SIMD=1,448.361648,1e8adb9534bf99dc,passed
layout-Gaussian_11x11-simd_omp-t16-r5-4000x3000.png,2026-09-19T18:32:52Z,4000x3000.png,Gaussian_11x11,3990,2990,SoA,SoA_to_AoS,5,16,static,,omp,,,hype1,g++,-O3 -Wall -Wextra -std=c++17 -fopenmp -DOMP_EXPLICIT_SIMD=1,2.414541,1e8adb9534bf99dc,passed
layout-Gaussian_11x11-simd_omp-t16-r5-4000x3000.png,2026-09-19T18:32:52Z,4000x3000.png,Gaussian_11x11,3990,2990,SoA,End_to_End,5,16,static,,omp,,,hype1,g++,-O3 -Wall -Wextra -std=c++17 -fopenmp -DOMP_EXPLICIT_SIMD=1,452.688278,1e8adb9534bf99dc,passed
layout-Gaussian_11x11-simd_omp-t16-r5-6000x6000.png,2026-09-19T18:32:57Z,6000x6000.png,Gaussian_11x11,5990,5990,AoS,Kernel,5,16,static,,omp,,,hype1,g++,-O3 -Wall -Wextra -std=c++17 -fopenmp -DOMP_EXPLICIT_SIMD=1,664.328940,c923a906c8989668,passed
layout-Gaussian_11x11-simd_omp-t16-r5-6000x6000.png,2026-09-19T18:32:57Z,6000x6000.png,Gaussian_11x11,5990,5990,SoA,AoS_to_SoA,5,16,static,,omp,,,hype1,g++,-O3 -Wall -Wextra -std=c++17 -fopenmp -DOMP_EXPLICIT_SIMD=1,6.363343,c923a906c8989668,passed
layout-Gaussian_11x11-simd_omp-t16-r5-6000x6000.png,2026-09-19T18:32:57Z,6000x6000.png,Gaussian_11x11,5990,5990,SoA,Kernel,5,16,static,,omp,,,hype1,g++,-O3 -Wall -Wextra -std=c++17 -fopenmp -DOMP_EXPLICIT_SIMD=1,1354.342860,c923a906c8989668,passed
layout-Gaussian_11x11-simd_omp-t16-r5-6000x6000.png,2026-09-19T18:32:57Z,6000x6000.png,Gaussian_11x11,5990,5990,SoA,SoA_to_AoS,5,16,static,,omp,,,hype1,g++,-O3 -Wall -Wextra -std=c++17 -fopenmp -DOMP_EXPLICIT_SIMD=1,6.392525,c923a906c8989668,passed
layout-Gaussian_11x11-simd_omp-t16-r5-6000x6000.png,2026-09-19T18:32:57Z,6000x6000.png,Gaussian_11x11,5990,5990,SoA,End_to_End,5,16,static,,omp,,,hype1,g++,-O3 -Wall -Wextra -std=c++17 -fopenmp -DOMP_EXPLICIT_SIMD=1,1367.098728,c923a906c8989668,passed
layout-Grayscale-simd_off-t20-r1-4000x3000.png,2026-09-19T18:33:13Z,4000x3000.png,Grayscale,4000,3000,AoS,Kernel,1,20,static,,off,,,hype1,g++,-O3 -Wall -Wextra -std=c++17 -fopenmp -DOMP_EXPLICIT_SIMD=0 -fno-tree-vectorize,3.825765,00925fa85224b60c,passed
layout-Grayscale-simd_off-t20-r1-4000x3000.png,2026-09-19T18:33:13Z,4000x3000.png,Grayscale,4000,3000,SoA,AoS_to_SoA,1,20,static,,off,,,hype1,g++,-O3 -Wall -Wextra -std=c++17 -fopenmp -DOMP_EXPLICIT_SIMD=0 -fno-tree-vectorize,2.408667,00925fa85224b60c,passed
layout-Grayscale-simd_off-t20-r1-4000x3000.png,2026-09-19T18:33:13Z,4000x3000.png,Grayscale,4000,3000,SoA,Kernel,1,20,static,,off,,,hype1,g++,-O3 -Wall -Wextra -std=c++17 -fopenmp -DOMP_EXPLICIT_SIMD=0 -fno-tree-vectorize,2.277402,00925fa85224b60c,passed
layout-Grayscale-simd_off-t20-r1-4000x3000.png,2026-09-19T18:33:13Z,4000x3000.png,Grayscale,4000,3000,SoA,SoA_to_AoS,1,20,static,,off,,,hype1,g++,-O3 -Wall -Wextra -std=c++17 -fopenmp -DOMP_EXPLICIT_SIMD=0 -fno-tree-vectorize,2.975390,00925fa85224b60c,passed
layout-Grayscale-simd_off-t20-r1-4000x3000.png,2026-09-19T18:33:13Z,4000x3000.png,Grayscale,4000,3000,SoA,End_to_End,1,20,static,,off,,,hype1,g++,-O3 -Wall -Wextra -std=c++17 -fopenmp -DOMP_EXPLICIT_SIMD=0 -fno-tree-vectorize,7.661459,00925fa85224b60c,passed
layout-Grayscale-simd_off-t20-r1-6000x6000.png,2026-09-19T18:33:15Z,6000x6000.png,Grayscale,6000,6000,AoS,Kernel,1,20,static,,off,,,hype1,g++,-O3 -Wall -Wextra -std=c++17 -fopenmp -DOMP_EXPLICIT_SIMD=0 -fno-tree-vectorize,9.605663,937793859b387046,passed
layout-Grayscale-simd_off-t20-r1-6000x6000.png,2026-09-19T18:33:15Z,6000x6000.png,Grayscale,6000,6000,SoA,AoS_to_SoA,1,20,static,,off,,,hype1,g++,-O3 -Wall -Wextra -std=c++17 -fopenmp -DOMP_EXPLICIT_SIMD=0 -fno-tree-vectorize,6.213792,937793859b387046,passed
layout-Grayscale-simd_off-t20-r1-6000x6000.png,2026-09-19T18:33:15Z,6000x6000.png,Grayscale,6000,6000,SoA,Kernel,1,20,static,,off,,,hype1,g++,-O3 -Wall -Wextra -std=c++17 -fopenmp -DOMP_EXPLICIT_SIMD=0 -fno-tree-vectorize,6.883857,937793859b387046,passed
layout-Grayscale-simd_off-t20-r1-6000x6000.png,2026-09-19T18:33:15Z,6000x6000.png,Grayscale,6000,6000,SoA,SoA_to_AoS,1,20,static,,off,,,hype1,g++,-O3 -Wall -Wextra -std=c++17 -fopenmp -DOMP_EXPLICIT_SIMD=0 -fno-tree-vectorize,5.872916,937793859b387046,passed
layout-Grayscale-simd_off-t20-r1-6000x6000.png,2026-09-19T18:33:15Z,6000x6000.png,Grayscale,6000,6000,SoA,End_to_End,1,20,static,,off,,,hype1,g++,-O3 -Wall -Wextra -std=c++17 -fopenmp -DOMP_EXPLICIT_SIMD=0 -fno-tree-vectorize,18.970565,937793859b387046,passed
layout-Gaussian_11x11-simd_off-t20-r1-4000x3000.png,2026-09-19T18:33:16Z,4000x3000.png,Gaussian_11x11,3990,2990,AoS,Kernel,1,20,static,,off,,,hype1,g++,-O3 -Wall -Wextra -std=c++17 -fopenmp -DOMP_EXPLICIT_SIMD=0 -fno-tree-vectorize,185.168377,1e8adb9534bf99dc,passed
layout-Gaussian_11x11-simd_off-t20-r1-4000x3000.png,2026-09-19T18:33:16Z,4000x3000.png,Gaussian_11x11,3990,2990,SoA,AoS_to_SoA,1,20,static,,off,,,hype1,g++,-O3 -Wall -Wextra -std=c++17 -fopenmp -DOMP_EXPLICIT_SIMD=0 -fno-tree-vectorize,1.743357,1e8adb9534bf99dc,passed
layout-Gaussian_11x11-simd_off-t20-r1-4000x3000.png,2026-09-19T18:33:16Z,4000x3000.png,Gaussian_11x11,3990,2990,SoA,Kernel,1,20,static,,off,,,hype1,g++,-O3 -Wall -Wextra -std=c++17 -fopenmp -DOMP_EXPLICIT_SIMD=0 -fno-tree-vectorize,195.018036,1e8adb9534bf99dc,passed
layout-Gaussian_11x11-simd_off-t20-r1-4000x3000.png,2026-09-19T18:33:16Z,4000x3000.png,Gaussian_11x11,3990,2990,SoA,SoA_to_AoS,1,20,static,,off,,,hype1,g++,-O3 -Wall -Wextra -std=c++17 -fopenmp -DOMP_EXPLICIT_SIMD=0 -fno-tree-vectorize,2.508226,1e8adb9534bf99dc,passed
layout-Gaussian_11x11-simd_off-t20-r1-4000x3000.png,2026-09-19T18:33:16Z,4000x3000.png,Gaussian_11x11,3990,2990,SoA,End_to_End,1,20,static,,off,,,hype1,g++,-O3 -Wall -Wextra -std=c++17 -fopenmp -DOMP_EXPLICIT_SIMD=0 -fno-tree-vectorize,199.269619,1e8adb9534bf99dc,passed
layout-Gaussian_11x11-simd_off-t20-r1-6000x6000.png,2026-09-19T18:33:20Z,6000x6000.png,Gaussian_11x11,5990,5990,AoS,Kernel,1,20,static,,off,,,hype1,g++,-O3 -Wall -Wextra -std=c++17 -fopenmp -DOMP_EXPLICIT_SIMD=0 -fno-tree-vectorize,533.822652,c923a906c8989668,passed
layout-Gaussian_11x11-simd_off-t20-r1-6000x6000.png,2026-09-19T18:33:20Z,6000x6000.png,Gaussian_11x11,5990,5990,SoA,AoS_to_SoA,1,20,static,,off,,,hype1,g++,-O3 -Wall -Wextra -std=c++17 -fopenmp -DOMP_EXPLICIT_SIMD=0 -fno-tree-vectorize,5.889559,c923a906c8989668,passed
layout-Gaussian_11x11-simd_off-t20-r1-6000x6000.png,2026-09-19T18:33:20Z,6000x6000.png,Gaussian_11x11,5990,5990,SoA,Kernel,1,20,static,,off,,,hype1,g++,-O3 -Wall -Wextra -std=c++17 -fopenmp -DOMP_EXPLICIT_SIMD=0 -fno-tree-vectorize,532.615423,c923a906c8989668,passed
layout-Gaussian_11x11-simd_off-t20-r1-6000x6000.png,2026-09-19T18:33:20Z,6000x6000.png,Gaussian_11x11,5990,5990,SoA,SoA_to_AoS,1,20,static,,off,,,hype1,g++,-O3 -Wall -Wextra -std=c++17 -fopenmp -DOMP_EXPLICIT_SIMD=0 -fno-tree-vectorize,5.313819,c923a906c8989668,passed
layout-Gaussian_11x11-simd_off-t20-r1-6000x6000.png,2026-09-19T18:33:20Z,6000x6000.png,Gaussian_11x11,5990,5990,SoA,End_to_End,1,20,static,,off,,,hype1,g++,-O3 -Wall -Wextra -std=c++17 -fopenmp -DOMP_EXPLICIT_SIMD=0 -fno-tree-vectorize,543.818801,c923a906c8989668,passed
layout-Grayscale-simd_omp-t20-r1-4000x3000.png,2026-09-19T18:33:21Z,4000x3000.png,Grayscale,4000,3000,AoS,Kernel,1,20,static,,omp,,,hype1,g++,-O3 -Wall -Wextra -std=c++17 -fopenmp -DOMP_EXPLICIT_SIMD=1,4.084344,00925fa85224b60c,passed
layout-Grayscale-simd_omp-t20-r1-4000x3000.png,2026-09-19T18:33:21Z,4000x3000.png,Grayscale,4000,3000,SoA,AoS_to_SoA,1,20,static,,omp,,,hype1,g++,-O3 -Wall -Wextra -std=c++17 -fopenmp -DOMP_EXPLICIT_SIMD=1,2.329834,00925fa85224b60c,passed
layout-Grayscale-simd_omp-t20-r1-4000x3000.png,2026-09-19T18:33:21Z,4000x3000.png,Grayscale,4000,3000,SoA,Kernel,1,20,static,,omp,,,hype1,g++,-O3 -Wall -Wextra -std=c++17 -fopenmp -DOMP_EXPLICIT_SIMD=1,2.306078,00925fa85224b60c,passed
layout-Grayscale-simd_omp-t20-r1-4000x3000.png,2026-09-19T18:33:21Z,4000x3000.png,Grayscale,4000,3000,SoA,SoA_to_AoS,1,20,static,,omp,,,hype1,g++,-O3 -Wall -Wextra -std=c++17 -fopenmp -DOMP_EXPLICIT_SIMD=1,2.481775,00925fa85224b60c,passed
layout-Grayscale-simd_omp-t20-r1-4000x3000.png,2026-09-19T18:33:21Z,4000x3000.png,Grayscale,4000,3000,SoA,End_to_End,1,20,static,,omp,,,hype1,g++,-O3 -Wall -Wextra -std=c++17 -fopenmp -DOMP_EXPLICIT_SIMD=1,7.117687,00925fa85224b60c,passed
layout-Grayscale-simd_omp-t20-r1-6000x6000.png,2026-09-19T18:33:22Z,6000x6000.png,Grayscale,6000,6000,AoS,Kernel,1,20,static,,omp,,,hype1,g++,-O3 -Wall -Wextra -std=c++17 -fopenmp -DOMP_EXPLICIT_SIMD=1,9.964504,937793859b387046,passed
layout-Grayscale-simd_omp-t20-r1-6000x6000.png,2026-09-19T18:33:22Z,6000x6000.png,Grayscale,6000,6000,SoA,AoS_to_SoA,1,20,static,,omp,,,hype1,g++,-O3 -Wall -Wextra -std=c++17 -fopenmp -DOMP_EXPLICIT_SIMD=1,6.221913,937793859b387046,passed
layout-Grayscale-simd_omp-t20-r1-6000x6000.png,2026-09-19T18:33:22Z,6000x6000.png,Grayscale,6000,6000,SoA,Kernel,1,20,static,,omp,,,hype1,g++,-O3 -Wall -Wextra -std=c++17 -fopenmp -DOMP_EXPLICIT_SIMD=1,6.937691,937793859b387046,passed
layout-Grayscale-simd_omp-t20-r1-6000x6000.png,2026-09-19T18:33:22Z,6000x6000.png,Grayscale,6000,6000,SoA,SoA_to_AoS,1,20,static,,omp,,,hype1,g++,-O3 -Wall -Wextra -std=c++17 -fopenmp -DOMP_EXPLICIT_SIMD=1,5.874374,937793859b387046,passed
layout-Grayscale-simd_omp-t20-r1-6000x6000.png,2026-09-19T18:33:22Z,6000x6000.png,Grayscale,6000,6000,SoA,End_to_End,1,20,static,,omp,,,hype1,g++,-O3 -Wall -Wextra -std=c++17 -fopenmp -DOMP_EXPLICIT_SIMD=1,19.033978,937793859b387046,passed
layout-Gaussian_11x11-simd_omp-t20-r1-4000x3000.png,2026-09-19T18:33:24Z,4000x3000.png,Gaussian_11x11,3990,2990,AoS,Kernel,1,20,static,,omp,,,hype1,g++,-O3 -Wall -Wextra -std=c++17 -fopenmp -DOMP_EXPLICIT_SIMD=1,179.025273,1e8adb9534bf99dc,passed
layout-Gaussian_11x11-simd_omp-t20-r1-4000x3000.png,2026-09-19T18:33:24Z,4000x3000.png,Gaussian_11x11,3990,2990,SoA,AoS_to_SoA,1,20,static,,omp,,,hype1,g++,-O3 -Wall -Wextra -std=c++17 -fopenmp -DOMP_EXPLICIT_SIMD=1,1.764466,1e8adb9534bf99dc,passed
layout-Gaussian_11x11-simd_omp-t20-r1-4000x3000.png,2026-09-19T18:33:24Z,4000x3000.png,Gaussian_11x11,3990,2990,SoA,Kernel,1,20,static,,omp,,,hype1,g++,-O3 -Wall -Wextra -std=c++17 -fopenmp -DOMP_EXPLICIT_SIMD=1,357.750214,1e8adb9534bf99dc,passed
layout-Gaussian_11x11-simd_omp-t20-r1-4000x3000.png,2026-09-19T18:33:24Z,4000x3000.png,Gaussian_11x11,3990,2990,SoA,SoA_to_AoS,1,20,static,,omp,,,hype1,g++,-O3 -Wall -Wextra -std=c++17 -fopenmp -DOMP_EXPLICIT_SIMD=1,2.633594,1e8adb9534bf99dc,passed
layout-Gaussian_11x11-simd_omp-t20-r1-4000x3000.png,2026-09-19T18:33:24Z,4000x3000.png,Gaussian_11x11,3990,2990,SoA,End_to_End,1,20,static,,omp,,,hype1,g++,-O3 -Wall -Wextra -std=c++17 -fopenmp -DOMP_EXPLICIT_SIMD=1,362.148274,1e8adb9534bf99dc,passed
layout-Gaussian_11x11-simd_omp-t20-r1-6000x6000.png,2026-09-19T18:33:28Z,6000x6000.png,Gaussian_11x11,5990,5990,AoS,Kernel,1,20,static,,omp,,,hype1,g++,-O3 -Wall -Wextra -std=c++17 -fopenmp -DOMP_EXPLICIT_SIMD=1,560.141436,c923a906c8989668,passed
layout-Gaussian_11x11-simd_omp-t20-r1-6000x6000.png,2026-09-19T18:33:28Z,6000x6000.png,Gaussian_11x11,5990,5990,SoA,AoS_to_SoA,1,20,static,,omp,,,hype1,g++,-O3 -Wall -Wextra -std=c++17 -fopenmp -DOMP_EXPLICIT_SIMD=1,6.224765,c923a906c8989668,passed
layout-Gaussian_11x11-simd_omp-t20-r1-6000x6000.png,2026-09-19T18:33:28Z,6000x6000.png,Gaussian_11x11,5990,5990,SoA,Kernel,1,20,static,,omp,,,hype1,g++,-O3 -Wall -Wextra -std=c++17 -fopenmp -DOMP_EXPLICIT_SIMD=1,1078.620674,c923a906c8989668,passed
layout-Gaussian_11x11-simd_omp-t20-r1-6000x6000.png,2026-09-19T18:33:28Z,6000x6000.png,Gaussian_11x11,5990,5990,SoA,SoA_to_AoS,1,20,static,,omp,,,hype1,g++,-O3 -Wall -Wextra -std=c++17 -fopenmp -DOMP_EXPLICIT_SIMD=1,5.551708,c923a906c8989668,passed
layout-Gaussian_11x11-simd_omp-t20-r1-6000x6000.png,2026-09-19T18:33:28Z,6000x6000.png,Gaussian_11x11,5990,5990,SoA,End_to_End,1,20,static,,omp,,,hype1,g++,-O3 -Wall -Wextra -std=c++17 -fopenmp -DOMP_EXPLICIT_SIMD=1,1090.397147,c923a906c8989668,passed
layout-Grayscale-simd_omp-t20-r2-4000x3000.png,2026-09-19T18:33:29Z,4000x3000.png,Grayscale,4000,3000,AoS,Kernel,2,20,static,,omp,,,hype1,g++,-O3 -Wall -Wextra -std=c++17 -fopenmp -DOMP_EXPLICIT_SIMD=1,3.958100,00925fa85224b60c,passed
layout-Grayscale-simd_omp-t20-r2-4000x3000.png,2026-09-19T18:33:29Z,4000x3000.png,Grayscale,4000,3000,SoA,AoS_to_SoA,2,20,static,,omp,,,hype1,g++,-O3 -Wall -Wextra -std=c++17 -fopenmp -DOMP_EXPLICIT_SIMD=1,2.347832,00925fa85224b60c,passed
layout-Grayscale-simd_omp-t20-r2-4000x3000.png,2026-09-19T18:33:29Z,4000x3000.png,Grayscale,4000,3000,SoA,Kernel,2,20,static,,omp,,,hype1,g++,-O3 -Wall -Wextra -std=c++17 -fopenmp -DOMP_EXPLICIT_SIMD=1,2.321453,00925fa85224b60c,passed
layout-Grayscale-simd_omp-t20-r2-4000x3000.png,2026-09-19T18:33:29Z,4000x3000.png,Grayscale,4000,3000,SoA,SoA_to_AoS,2,20,static,,omp,,,hype1,g++,-O3 -Wall -Wextra -std=c++17 -fopenmp -DOMP_EXPLICIT_SIMD=1,3.056534,00925fa85224b60c,passed
layout-Grayscale-simd_omp-t20-r2-4000x3000.png,2026-09-19T18:33:29Z,4000x3000.png,Grayscale,4000,3000,SoA,End_to_End,2,20,static,,omp,,,hype1,g++,-O3 -Wall -Wextra -std=c++17 -fopenmp -DOMP_EXPLICIT_SIMD=1,7.725819,00925fa85224b60c,passed
layout-Grayscale-simd_omp-t20-r2-6000x6000.png,2026-09-19T18:33:30Z,6000x6000.png,Grayscale,6000,6000,AoS,Kernel,2,20,static,,omp,,,hype1,g++,-O3 -Wall -Wextra -std=c++17 -fopenmp -DOMP_EXPLICIT_SIMD=1,9.916002,937793859b387046,passed
layout-Grayscale-simd_omp-t20-r2-6000x6000.png,2026-09-19T18:33:30Z,6000x6000.png,Grayscale,6000,6000,SoA,AoS_to_SoA,2,20,static,,omp,,,hype1,g++,-O3 -Wall -Wextra -std=c++17 -fopenmp -DOMP_EXPLICIT_SIMD=1,6.184554,937793859b387046,passed
layout-Grayscale-simd_omp-t20-r2-6000x6000.png,2026-09-19T18:33:30Z,6000x6000.png,Grayscale,6000,6000,SoA,Kernel,2,20,static,,omp,,,hype1,g++,-O3 -Wall -Wextra -std=c++17 -fopenmp -DOMP_EXPLICIT_SIMD=1,6.918122,937793859b387046,passed
layout-Grayscale-simd_omp-t20-r2-6000x6000.png,2026-09-19T18:33:30Z,6000x6000.png,Grayscale,6000,6000,SoA,SoA_to_AoS,2,20,static,,omp,,,hype1,g++,-O3 -Wall -Wextra -std=c++17 -fopenmp -DOMP_EXPLICIT_SIMD=1,6.541175,937793859b387046,passed
layout-Grayscale-simd_omp-t20-r2-6000x6000.png,2026-09-19T18:33:30Z,6000x6000.png,Grayscale,6000,6000,SoA,End_to_End,2,20,static,,omp,,,hype1,g++,-O3 -Wall -Wextra -std=c++17 -fopenmp -DOMP_EXPLICIT_SIMD=1,19.643851,937793859b387046,passed
layout-Gaussian_11x11-simd_omp-t20-r2-4000x3000.png,2026-09-19T18:33:32Z,4000x3000.png,Gaussian_11x11,3990,2990,AoS,Kernel,2,20,static,,omp,,,hype1,g++,-O3 -Wall -Wextra -std=c++17 -fopenmp -DOMP_EXPLICIT_SIMD=1,178.793487,1e8adb9534bf99dc,passed
layout-Gaussian_11x11-simd_omp-t20-r2-4000x3000.png,2026-09-19T18:33:32Z,4000x3000.png,Gaussian_11x11,3990,2990,SoA,AoS_to_SoA,2,20,static,,omp,,,hype1,g++,-O3 -Wall -Wextra -std=c++17 -fopenmp -DOMP_EXPLICIT_SIMD=1,1.757045,1e8adb9534bf99dc,passed
layout-Gaussian_11x11-simd_omp-t20-r2-4000x3000.png,2026-09-19T18:33:32Z,4000x3000.png,Gaussian_11x11,3990,2990,SoA,Kernel,2,20,static,,omp,,,hype1,g++,-O3 -Wall -Wextra -std=c++17 -fopenmp -DOMP_EXPLICIT_SIMD=1,359.231156,1e8adb9534bf99dc,passed
layout-Gaussian_11x11-simd_omp-t20-r2-4000x3000.png,2026-09-19T18:33:32Z,4000x3000.png,Gaussian_11x11,3990,2990,SoA,SoA_to_AoS,2,20,static,,omp,,,hype1,g++,-O3 -Wall -Wextra -std=c++17 -fopenmp -DOMP_EXPLICIT_SIMD=1,2.122330,1e8adb9534bf99dc,passed
layout-Gaussian_11x11-simd_omp-t20-r2-4000x3000.png,2026-09-19T18:33:32Z,4000x3000.png,Gaussian_11x11,3990,2990,SoA,End_to_End,2,20,static,,omp,,,hype1,g++,-O3 -Wall -Wextra -std=c++17 -fopenmp -DOMP_EXPLICIT_SIMD=1,363.110531,1e8adb9534bf99dc,passed
layout-Gaussian_11x11-simd_omp-t20-r2-6000x6000.png,2026-09-19T18:33:36Z,6000x6000.png,Gaussian_11x11,5990,5990,AoS,Kernel,2,20,static,,omp,,,hype1,g++,-O3 -Wall -Wextra -std=c++17 -fopenmp -DOMP_EXPLICIT_SIMD=1,547.781854,c923a906c8989668,passed
layout-Gaussian_11x11-simd_omp-t20-r2-6000x6000.png,2026-09-19T18:33:36Z,6000x6000.png,Gaussian_11x11,5990,5990,SoA,AoS_to_SoA,2,20,static,,omp,,,hype1,g++,-O3 -Wall -Wextra -std=c++17 -fopenmp -DOMP_EXPLICIT_SIMD=1,5.690166,c923a906c8989668,passed
layout-Gaussian_11x11-simd_omp-t20-r2-6000x6000.png,2026-09-19T18:33:36Z,6000x6000.png,Gaussian_11x11,5990,5990,SoA,Kernel,2,20,static,,omp,,,hype1,g++,-O3 -Wall -Wextra -std=c++17 -fopenmp -DOMP_EXPLICIT_SIMD=1,1227.223603,c923a906c8989668,passed
layout-Gaussian_11x11-simd_omp-t20-r2-6000x6000.png,2026-09-19T18:33:36Z,6000x6000.png,Gaussian_11x11,5990,5990,SoA,SoA_to_AoS,2,20,static,,omp,,,hype1,g++,-O3 -Wall -Wextra -std=c++17 -fopenmp -DOMP_EXPLICIT_SIMD=1,5.529793,c923a906c8989668,passed
layout-Gaussian_11x11-simd_omp-t20-r2-6000x6000.png,2026-09-19T18:33:36Z,6000x6000.png,Gaussian_11x11,5990,5990,SoA,End_to_End,2,20,static,,omp,,,hype1,g++,-O3 -Wall -Wextra -std=c++17 -fopenmp -DOMP_EXPLICIT_SIMD=1,1238.443562,c923a906c8989668,passed
layout-Grayscale-simd_off-t20-r2-4000x3000.png,2026-09-19T18:33:37Z,4000x3000.png,Grayscale,4000,3000,AoS,Kernel,2,20,static,,off,,,hype1,g++,-O3 -Wall -Wextra -std=c++17 -fopenmp -DOMP_EXPLICIT_SIMD=0 -fno-tree-vectorize,3.893241,00925fa85224b60c,passed
layout-Grayscale-simd_off-t20-r2-4000x3000.png,2026-09-19T18:33:37Z,4000x3000.png,Grayscale,4000,3000,SoA,AoS_to_SoA,2,20,static,,off,,,hype1,g++,-O3 -Wall -Wextra -std=c++17 -fopenmp -DOMP_EXPLICIT_SIMD=0 -fno-tree-vectorize,2.312544,00925fa85224b60c,passed
layout-Grayscale-simd_off-t20-r2-4000x3000.png,2026-09-19T18:33:37Z,4000x3000.png,Grayscale,4000,3000,SoA,Kernel,2,20,static,,off,,,hype1,g++,-O3 -Wall -Wextra -std=c++17 -fopenmp -DOMP_EXPLICIT_SIMD=0 -fno-tree-vectorize,2.312810,00925fa85224b60c,passed
layout-Grayscale-simd_off-t20-r2-4000x3000.png,2026-09-19T18:33:37Z,4000x3000.png,Grayscale,4000,3000,SoA,SoA_to_AoS,2,20,static,,off,,,hype1,g++,-O3 -Wall -Wextra -std=c++17 -fopenmp -DOMP_EXPLICIT_SIMD=0 -fno-tree-vectorize,3.005994,00925fa85224b60c,passed
layout-Grayscale-simd_off-t20-r2-4000x3000.png,2026-09-19T18:33:37Z,4000x3000.png,Grayscale,4000,3000,SoA,End_to_End,2,20,static,,off,,,hype1,g++,-O3 -Wall -Wextra -std=c++17 -fopenmp -DOMP_EXPLICIT_SIMD=0 -fno-tree-vectorize,7.631348,00925fa85224b60c,passed
layout-Grayscale-simd_off-t20-r2-6000x6000.png,2026-09-19T18:33:39Z,6000x6000.png,Grayscale,6000,6000,AoS,Kernel,2,20,static,,off,,,hype1,g++,-O3 -Wall -Wextra -std=c++17 -fopenmp -DOMP_EXPLICIT_SIMD=0 -fno-tree-vectorize,9.553957,937793859b387046,passed
layout-Grayscale-simd_off-t20-r2-6000x6000.png,2026-09-19T18:33:39Z,6000x6000.png,Grayscale,6000,6000,SoA,AoS_to_SoA,2,20,static,,off,,,hype1,g++,-O3 -Wall -Wextra -std=c++17 -fopenmp -DOMP_EXPLICIT_SIMD=0 -fno-tree-vectorize,6.424628,937793859b387046,passed
layout-Grayscale-simd_off-t20-r2-6000x6000.png,2026-09-19T18:33:39Z,6000x6000.png,Grayscale,6000,6000,SoA,Kernel,2,20,static,,off,,,hype1,g++,-O3 -Wall -Wextra -std=c++17 -fopenmp -DOMP_EXPLICIT_SIMD=0 -fno-tree-vectorize,6.873373,937793859b387046,passed
layout-Grayscale-simd_off-t20-r2-6000x6000.png,2026-09-19T18:33:39Z,6000x6000.png,Grayscale,6000,6000,SoA,SoA_to_AoS,2,20,static,,off,,,hype1,g++,-O3 -Wall -Wextra -std=c++17 -fopenmp -DOMP_EXPLICIT_SIMD=0 -fno-tree-vectorize,5.863087,937793859b387046,passed
layout-Grayscale-simd_off-t20-r2-6000x6000.png,2026-09-19T18:33:39Z,6000x6000.png,Grayscale,6000,6000,SoA,End_to_End,2,20,static,,off,,,hype1,g++,-O3 -Wall -Wextra -std=c++17 -fopenmp -DOMP_EXPLICIT_SIMD=0 -fno-tree-vectorize,19.161088,937793859b387046,passed
layout-Gaussian_11x11-simd_off-t20-r2-4000x3000.png,2026-09-19T18:33:40Z,4000x3000.png,Gaussian_11x11,3990,2990,AoS,Kernel,2,20,static,,off,,,hype1,g++,-O3 -Wall -Wextra -std=c++17 -fopenmp -DOMP_EXPLICIT_SIMD=0 -fno-tree-vectorize,179.082073,1e8adb9534bf99dc,passed
layout-Gaussian_11x11-simd_off-t20-r2-4000x3000.png,2026-09-19T18:33:40Z,4000x3000.png,Gaussian_11x11,3990,2990,SoA,AoS_to_SoA,2,20,static,,off,,,hype1,g++,-O3 -Wall -Wextra -std=c++17 -fopenmp -DOMP_EXPLICIT_SIMD=0 -fno-tree-vectorize,1.709221,1e8adb9534bf99dc,passed
layout-Gaussian_11x11-simd_off-t20-r2-4000x3000.png,2026-09-19T18:33:40Z,4000x3000.png,Gaussian_11x11,3990,2990,SoA,Kernel,2,20,static,,off,,,hype1,g++,-O3 -Wall -Wextra -std=c++17 -fopenmp -DOMP_EXPLICIT_SIMD=0 -fno-tree-vectorize,177.867876,1e8adb9534bf99dc,passed
layout-Gaussian_11x11-simd_off-t20-r2-4000x3000.png,2026-09-19T18:33:40Z,4000x3000.png,Gaussian_11x11,3990,2990,SoA,SoA_to_AoS,2,20,static,,off,,,hype1,g++,-O3 -Wall -Wextra -std=c++17 -fopenmp -DOMP_EXPLICIT_SIMD=0 -fno-tree-vectorize,2.183643,1e8adb9534bf99dc,passed
layout-Gaussian_11x11-simd_off-t20-r2-4000x3000.png,2026-09-19T18:33:40Z,4000x3000.png,Gaussian_11x11,3990,2990,SoA,End_to_End,2,20,static,,off,,,hype1,g++,-O3 -Wall -Wextra -std=c++17 -fopenmp -DOMP_EXPLICIT_SIMD=0 -fno-tree-vectorize,181.760740,1e8adb9534bf99dc,passed
layout-Gaussian_11x11-simd_off-t20-r2-6000x6000.png,2026-09-19T18:33:44Z,6000x6000.png,Gaussian_11x11,5990,5990,AoS,Kernel,2,20,static,,off,,,hype1,g++,-O3 -Wall -Wextra -std=c++17 -fopenmp -DOMP_EXPLICIT_SIMD=0 -fno-tree-vectorize,532.336861,c923a906c8989668,passed
layout-Gaussian_11x11-simd_off-t20-r2-6000x6000.png,2026-09-19T18:33:44Z,6000x6000.png,Gaussian_11x11,5990,5990,SoA,AoS_to_SoA,2,20,static,,off,,,hype1,g++,-O3 -Wall -Wextra -std=c++17 -fopenmp -DOMP_EXPLICIT_SIMD=0 -fno-tree-vectorize,6.004198,c923a906c8989668,passed
layout-Gaussian_11x11-simd_off-t20-r2-6000x6000.png,2026-09-19T18:33:44Z,6000x6000.png,Gaussian_11x11,5990,5990,SoA,Kernel,2,20,static,,off,,,hype1,g++,-O3 -Wall -Wextra -std=c++17 -fopenmp -DOMP_EXPLICIT_SIMD=0 -fno-tree-vectorize,534.528755,c923a906c8989668,passed
layout-Gaussian_11x11-simd_off-t20-r2-6000x6000.png,2026-09-19T18:33:44Z,6000x6000.png,Gaussian_11x11,5990,5990,SoA,SoA_to_AoS,2,20,static,,off,,,hype1,g++,-O3 -Wall -Wextra -std=c++17 -fopenmp -DOMP_EXPLICIT_SIMD=0 -fno-tree-vectorize,5.482800,c923a906c8989668,passed
layout-Gaussian_11x11-simd_off-t20-r2-6000x6000.png,2026-09-19T18:33:44Z,6000x6000.png,Gaussian_11x11,5990,5990,SoA,End_to_End,2,20,static,,off,,,hype1,g++,-O3 -Wall -Wextra -std=c++17 -fopenmp -DOMP_EXPLICIT_SIMD=0 -fno-tree-vectorize,546.015753,c923a906c8989668,passed
layout-Grayscale-simd_off-t20-r3-4000x3000.png,2026-09-19T18:33:44Z,4000x3000.png,Grayscale,4000,3000,AoS,Kernel,3,20,static,,off,,,hype1,g++,-O3 -Wall -Wextra -std=c++17 -fopenmp -DOMP_EXPLICIT_SIMD=0 -fno-tree-vectorize,3.894572,00925fa85224b60c,passed
layout-Grayscale-simd_off-t20-r3-4000x3000.png,2026-09-19T18:33:44Z,4000x3000.png,Grayscale,4000,3000,SoA,AoS_to_SoA,3,20,static,,off,,,hype1,g++,-O3 -Wall -Wextra -std=c++17 -fopenmp -DOMP_EXPLICIT_SIMD=0 -fno-tree-vectorize,2.290621,00925fa85224b60c,passed
layout-Grayscale-simd_off-t20-r3-4000x3000.png,2026-09-19T18:33:44Z,4000x3000.png,Grayscale,4000,3000,SoA,Kernel,3,20,static,,off,,,hype1,g++,-O3 -Wall -Wextra -std=c++17 -fopenmp -DOMP_EXPLICIT_SIMD=0 -fno-tree-vectorize,2.298923,00925fa85224b60c,passed
layout-Grayscale-simd_off-t20-r3-4000x3000.png,2026-09-19T18:33:44Z,4000x3000.png,Grayscale,4000,3000,SoA,SoA_to_AoS,3,20,static,,off,,,hype1,g++,-O3 -Wall -Wextra -std=c++17 -fopenmp -DOMP_EXPLICIT_SIMD=0 -fno-tree-vectorize,3.018151,00925fa85224b60c,passed
layout-Grayscale-simd_off-t20-r3-4000x3000.png,2026-09-19T18:33:44Z,4000x3000.png,Grayscale,4000,3000,SoA,End_to_End,3,20,static,,off,,,hype1,g++,-O3 -Wall -Wextra -std=c++17 -fopenmp -DOMP_EXPLICIT_SIMD=0 -fno-tree-vectorize,7.607695,00925fa85224b60c,passed
layout-Grayscale-simd_off-t20-r3-6000x6000.png,2026-09-19T18:33:46Z,6000x6000.png,Grayscale,6000,6000,AoS,Kernel,3,20,static,,off,,,hype1,g++,-O3 -Wall -Wextra -std=c++17 -fopenmp -DOMP_EXPLICIT_SIMD=0 -fno-tree-vectorize,9.594814,937793859b387046,passed
layout-Grayscale-simd_off-t20-r3-6000x6000.png,2026-09-19T18:33:46Z,6000x6000.png,Grayscale,6000,6000,SoA,AoS_to_SoA,3,20,static,,off,,,hype1,g++,-O3 -Wall -Wextra -std=c++17 -fopenmp -DOMP_EXPLICIT_SIMD=0 -fno-tree-vectorize,6.155328,937793859b387046,passed
layout-Grayscale-simd_off-t20-r3-6000x6000.png,2026-09-19T18:33:46Z,6000x6000.png,Grayscale,6000,6000,SoA,Kernel,3,20,static,,off,,,hype1,g++,-O3 -Wall -Wextra -std=c++17 -fopenmp -DOMP_EXPLICIT_SIMD=0 -fno-tree-vectorize,9.022330,937793859b387046,passed
layout-Grayscale-simd_off-t20-r3-6000x6000.png,2026-09-19T18:33:46Z,6000x6000.png,Grayscale,6000,6000,SoA,SoA_to_AoS,3,20,static,,off,,,hype1,g++,-O3 -Wall -Wextra -std=c++17 -fopenmp -DOMP_EXPLICIT_SIMD=0 -fno-tree-vectorize,6.500074,937793859b387046,passed
layout-Grayscale-simd_off-t20-r3-6000x6000.png,2026-09-19T18:33:46Z,6000x6000.png,Grayscale,6000,6000,SoA,End_to_End,3,20,static,,off,,,hype1,g++,-O3 -Wall -Wextra -std=c++17 -fopenmp -DOMP_EXPLICIT_SIMD=0 -fno-tree-vectorize,21.677732,937793859b387046,passed
layout-Gaussian_11x11-simd_off-t20-r3-4000x3000.png,2026-09-19T18:33:47Z,4000x3000.png,Gaussian_11x11,3990,2990,AoS,Kernel,3,20,static,,off,,,hype1,g++,-O3 -Wall -Wextra -std=c++17 -fopenmp -DOMP_EXPLICIT_SIMD=0 -fno-tree-vectorize,178.949566,1e8adb9534bf99dc,passed
layout-Gaussian_11x11-simd_off-t20-r3-4000x3000.png,2026-09-19T18:33:47Z,4000x3000.png,Gaussian_11x11,3990,2990,SoA,AoS_to_SoA,3,20,static,,off,,,hype1,g++,-O3 -Wall -Wextra -std=c++17 -fopenmp -DOMP_EXPLICIT_SIMD=0 -fno-tree-vectorize,1.769327,1e8adb9534bf99dc,passed
layout-Gaussian_11x11-simd_off-t20-r3-4000x3000.png,2026-09-19T18:33:47Z,4000x3000.png,Gaussian_11x11,3990,2990,SoA,Kernel,3,20,static,,off,,,hype1,g++,-O3 -Wall -Wextra -std=c++17 -fopenmp -DOMP_EXPLICIT_SIMD=0 -fno-tree-vectorize,177.570152,1e8adb9534bf99dc,passed
layout-Gaussian_11x11-simd_off-t20-r3-4000x3000.png,2026-09-19T18:33:47Z,4000x3000.png,Gaussian_11x11,3990,2990,SoA,SoA_to_AoS,3,20,static,,off,,,hype1,g++,-O3 -Wall -Wextra -std=c++17 -fopenmp -DOMP_EXPLICIT_SIMD=0 -fno-tree-vectorize,2.666406,1e8adb9534bf99dc,passed
layout-Gaussian_11x11-simd_off-t20-r3-4000x3000.png,2026-09-19T18:33:47Z,4000x3000.png,Gaussian_11x11,3990,2990,SoA,End_to_End,3,20,static,,off,,,hype1,g++,-O3 -Wall -Wextra -std=c++17 -fopenmp -DOMP_EXPLICIT_SIMD=0 -fno-tree-vectorize,182.005885,1e8adb9534bf99dc,passed
layout-Gaussian_11x11-simd_off-t20-r3-6000x6000.png,2026-09-19T18:33:51Z,6000x6000.png,Gaussian_11x11,5990,5990,AoS,Kernel,3,20,static,,off,,,hype1,g++,-O3 -Wall -Wextra -std=c++17 -fopenmp -DOMP_EXPLICIT_SIMD=0 -fno-tree-vectorize,532.187657,c923a906c8989668,passed
layout-Gaussian_11x11-simd_off-t20-r3-6000x6000.png,2026-09-19T18:33:51Z,6000x6000.png,Gaussian_11x11,5990,5990,SoA,AoS_to_SoA,3,20,static,,off,,,hype1,g++,-O3 -Wall -Wextra -std=c++17 -fopenmp -DOMP_EXPLICIT_SIMD=0 -fno-tree-vectorize,5.905787,c923a906c8989668,passed
layout-Gaussian_11x11-simd_off-t20-r3-6000x6000.png,2026-09-19T18:33:51Z,6000x6000.png,Gaussian_11x11,5990,5990,SoA,Kernel,3,20,static,,off,,,hype1,g++,-O3 -Wall -Wextra -std=c++17 -fopenmp -DOMP_EXPLICIT_SIMD=0 -fno-tree-vectorize,533.935654,c923a906c8989668,passed
layout-Gaussian_11x11-simd_off-t20-r3-6000x6000.png,2026-09-19T18:33:51Z,6000x6000.png,Gaussian_11x11,5990,5990,SoA,SoA_to_AoS,3,20,static,,off,,,hype1,g++,-O3 -Wall -Wextra -std=c++17 -fopenmp -DOMP_EXPLICIT_SIMD=0 -fno-tree-vectorize,5.143007,c923a906c8989668,passed
layout-Gaussian_11x11-simd_off-t20-r3-6000x6000.png,2026-09-19T18:33:51Z,6000x6000.png,Gaussian_11x11,5990,5990,SoA,End_to_End,3,20,static,,off,,,hype1,g++,-O3 -Wall -Wextra -std=c++17 -fopenmp -DOMP_EXPLICIT_SIMD=0 -fno-tree-vectorize,544.984448,c923a906c8989668,passed
layout-Grayscale-simd_omp-t20-r3-4000x3000.png,2026-09-19T18:33:52Z,4000x3000.png,Grayscale,4000,3000,AoS,Kernel,3,20,static,,omp,,,hype1,g++,-O3 -Wall -Wextra -std=c++17 -fopenmp -DOMP_EXPLICIT_SIMD=1,4.051284,00925fa85224b60c,passed
layout-Grayscale-simd_omp-t20-r3-4000x3000.png,2026-09-19T18:33:52Z,4000x3000.png,Grayscale,4000,3000,SoA,AoS_to_SoA,3,20,static,,omp,,,hype1,g++,-O3 -Wall -Wextra -std=c++17 -fopenmp -DOMP_EXPLICIT_SIMD=1,2.342955,00925fa85224b60c,passed
layout-Grayscale-simd_omp-t20-r3-4000x3000.png,2026-09-19T18:33:52Z,4000x3000.png,Grayscale,4000,3000,SoA,Kernel,3,20,static,,omp,,,hype1,g++,-O3 -Wall -Wextra -std=c++17 -fopenmp -DOMP_EXPLICIT_SIMD=1,2.335808,00925fa85224b60c,passed
layout-Grayscale-simd_omp-t20-r3-4000x3000.png,2026-09-19T18:33:52Z,4000x3000.png,Grayscale,4000,3000,SoA,SoA_to_AoS,3,20,static,,omp,,,hype1,g++,-O3 -Wall -Wextra -std=c++17 -fopenmp -DOMP_EXPLICIT_SIMD=1,3.015640,00925fa85224b60c,passed
layout-Grayscale-simd_omp-t20-r3-4000x3000.png,2026-09-19T18:33:52Z,4000x3000.png,Grayscale,4000,3000,SoA,End_to_End,3,20,static,,omp,,,hype1,g++,-O3 -Wall -Wextra -std=c++17 -fopenmp -DOMP_EXPLICIT_SIMD=1,7.694403,00925fa85224b60c,passed
layout-Grayscale-simd_omp-t20-r3-6000x6000.png,2026-09-19T18:33:53Z,6000x6000.png,Grayscale,6000,6000,AoS,Kernel,3,20,static,,omp,,,hype1,g++,-O3 -Wall -Wextra -std=c++17 -fopenmp -DOMP_EXPLICIT_SIMD=1,9.886752,937793859b387046,passed
layout-Grayscale-simd_omp-t20-r3-6000x6000.png,2026-09-19T18:33:53Z,6000x6000.png,Grayscale,6000,6000,SoA,AoS_to_SoA,3,20,static,,omp,,,hype1,g++,-O3 -Wall -Wextra -std=c++17 -fopenmp -DOMP_EXPLICIT_SIMD=1,6.243617,937793859b387046,passed
layout-Grayscale-simd_omp-t20-r3-6000x6000.png,2026-09-19T18:33:53Z,6000x6000.png,Grayscale,6000,6000,SoA,Kernel,3,20,static,,omp,,,hype1,g++,-O3 -Wall -Wextra -std=c++17 -fopenmp -DOMP_EXPLICIT_SIMD=1,10.352954,937793859b387046,passed
layout-Grayscale-simd_omp-t20-r3-6000x6000.png,2026-09-19T18:33:53Z,6000x6000.png,Grayscale,6000,6000,SoA,SoA_to_AoS,3,20,static,,omp,,,hype1,g++,-O3 -Wall -Wextra -std=c++17 -fopenmp -DOMP_EXPLICIT_SIMD=1,7.485350,937793859b387046,passed
layout-Grayscale-simd_omp-t20-r3-6000x6000.png,2026-09-19T18:33:53Z,6000x6000.png,Grayscale,6000,6000,SoA,End_to_End,3,20,static,,omp,,,hype1,g++,-O3 -Wall -Wextra -std=c++17 -fopenmp -DOMP_EXPLICIT_SIMD=1,24.081921,937793859b387046,passed
layout-Gaussian_11x11-simd_omp-t20-r3-4000x3000.png,2026-09-19T18:33:55Z,4000x3000.png,Gaussian_11x11,3990,2990,AoS,Kernel,3,20,static,,omp,,,hype1,g++,-O3 -Wall -Wextra -std=c++17 -fopenmp -DOMP_EXPLICIT_SIMD=1,178.778876,1e8adb9534bf99dc,passed
layout-Gaussian_11x11-simd_omp-t20-r3-4000x3000.png,2026-09-19T18:33:55Z,4000x3000.png,Gaussian_11x11,3990,2990,SoA,AoS_to_SoA,3,20,static,,omp,,,hype1,g++,-O3 -Wall -Wextra -std=c++17 -fopenmp -DOMP_EXPLICIT_SIMD=1,1.816126,1e8adb9534bf99dc,passed
layout-Gaussian_11x11-simd_omp-t20-r3-4000x3000.png,2026-09-19T18:33:55Z,4000x3000.png,Gaussian_11x11,3990,2990,SoA,Kernel,3,20,static,,omp,,,hype1,g++,-O3 -Wall -Wextra -std=c++17 -fopenmp -DOMP_EXPLICIT_SIMD=1,357.518742,1e8adb9534bf99dc,passed
layout-Gaussian_11x11-simd_omp-t20-r3-4000x3000.png,2026-09-19T18:33:55Z,4000x3000.png,Gaussian_11x11,3990,2990,SoA,SoA_to_AoS,3,20,static,,omp,,,hype1,g++,-O3 -Wall -Wextra -std=c++17 -fopenmp -DOMP_EXPLICIT_SIMD=1,2.267779,1e8adb9534bf99dc,passed
layout-Gaussian_11x11-simd_omp-t20-r3-4000x3000.png,2026-09-19T18:33:55Z,4000x3000.png,Gaussian_11x11,3990,2990,SoA,End_to_End,3,20,static,,omp,,,hype1,g++,-O3 -Wall -Wextra -std=c++17 -fopenmp -DOMP_EXPLICIT_SIMD=1,361.602647,1e8adb9534bf99dc,passed
layout-Gaussian_11x11-simd_omp-t20-r3-6000x6000.png,2026-09-19T18:33:59Z,6000x6000.png,Gaussian_11x11,5990,5990,AoS,Kernel,3,20,static,,omp,,,hype1,g++,-O3 -Wall -Wextra -std=c++17 -fopenmp -DOMP_EXPLICIT_SIMD=1,532.400879,c923a906c8989668,passed
layout-Gaussian_11x11-simd_omp-t20-r3-6000x6000.png,2026-09-19T18:33:59Z,6000x6000.png,Gaussian_11x11,5990,5990,SoA,AoS_to_SoA,3,20,static,,omp,,,hype1,g++,-O3 -Wall -Wextra -std=c++17 -fopenmp -DOMP_EXPLICIT_SIMD=1,6.017575,c923a906c8989668,passed
layout-Gaussian_11x11-simd_omp-t20-r3-6000x6000.png,2026-09-19T18:33:59Z,6000x6000.png,Gaussian_11x11,5990,5990,SoA,Kernel,3,20,static,,omp,,,hype1,g++,-O3 -Wall -Wextra -std=c++17 -fopenmp -DOMP_EXPLICIT_SIMD=1,1077.556837,c923a906c8989668,passed
layout-Gaussian_11x11-simd_omp-t20-r3-6000x6000.png,2026-09-19T18:33:59Z,6000x6000.png,Gaussian_11x11,5990,5990,SoA,SoA_to_AoS,3,20,static,,omp,,,hype1,g++,-O3 -Wall -Wextra -std=c++17 -fopenmp -DOMP_EXPLICIT_SIMD=1,5.412704,c923a906c8989668,passed
layout-Gaussian_11x11-simd_omp-t20-r3-6000x6000.png,2026-09-19T18:33:59Z,6000x6000.png,Gaussian_11x11,5990,5990,SoA,End_to_End,3,20,static,,omp,,,hype1,g++,-O3 -Wall -Wextra -std=c++17 -fopenmp -DOMP_EXPLICIT_SIMD=1,1088.987116,c923a906c8989668,passed
layout-Grayscale-simd_omp-t20-r4-4000x3000.png,2026-09-19T18:34:00Z,4000x3000.png,Grayscale,4000,3000,AoS,Kernel,4,20,static,,omp,,,hype1,g++,-O3 -Wall -Wextra -std=c++17 -fopenmp -DOMP_EXPLICIT_SIMD=1,4.008012,00925fa85224b60c,passed
layout-Grayscale-simd_omp-t20-r4-4000x3000.png,2026-09-19T18:34:00Z,4000x3000.png,Grayscale,4000,3000,SoA,AoS_to_SoA,4,20,static,,omp,,,hype1,g++,-O3 -Wall -Wextra -std=c++17 -fopenmp -DOMP_EXPLICIT_SIMD=1,2.298468,00925fa85224b60c,passed
layout-Grayscale-simd_omp-t20-r4-4000x3000.png,2026-09-19T18:34:00Z,4000x3000.png,Grayscale,4000,3000,SoA,Kernel,4,20,static,,omp,,,hype1,g++,-O3 -Wall -Wextra -std=c++17 -fopenmp -DOMP_EXPLICIT_SIMD=1,2.338951,00925fa85224b60c,passed
layout-Grayscale-simd_omp-t20-r4-4000x3000.png,2026-09-19T18:34:00Z,4000x3000.png,Grayscale,4000,3000,SoA,SoA_to_AoS,4,20,static,,omp,,,hype1,g++,-O3 -Wall -Wextra -std=c++17 -fopenmp -DOMP_EXPLICIT_SIMD=1,3.150739,00925fa85224b60c,passed
layout-Grayscale-simd_omp-t20-r4-4000x3000.png,2026-09-19T18:34:00Z,4000x3000.png,Grayscale,4000,3000,SoA,End_to_End,4,20,static,,omp,,,hype1,g++,-O3 -Wall -Wextra -std=c++17 -fopenmp -DOMP_EXPLICIT_SIMD=1,7.788158,00925fa85224b60c,passed
layout-Grayscale-simd_omp-t20-r4-6000x6000.png,2026-09-19T18:34:01Z,6000x6000.png,Grayscale,6000,6000,AoS,Kernel,4,20,static,,omp,,,hype1,g++,-O3 -Wall -Wextra -std=c++17 -fopenmp -DOMP_EXPLICIT_SIMD=1,9.945786,937793859b387046,passed
layout-Grayscale-simd_omp-t20-r4-6000x6000.png,2026-09-19T18:34:01Z,6000x6000.png,Grayscale,6000,6000,SoA,AoS_to_SoA,4,20,static,,omp,,,hype1,g++,-O3 -Wall -Wextra -std=c++17 -fopenmp -DOMP_EXPLICIT_SIMD=1,6.515420,937793859b387046,passed
layout-Grayscale-simd_omp-t20-r4-6000x6000.png,2026-09-19T18:34:01Z,6000x6000.png,Grayscale,6000,6000,SoA,Kernel,4,20,static,,omp,,,hype1,g++,-O3 -Wall -Wextra -std=c++17 -fopenmp -DOMP_EXPLICIT_SIMD=1,6.924005,937793859b387046,passed
layout-Grayscale-simd_omp-t20-r4-6000x6000.png,2026-09-19T18:34:01Z,6000x6000.png,Grayscale,6000,6000,SoA,SoA_to_AoS,4,20,static,,omp,,,hype1,g++,-O3 -Wall -Wextra -std=c++17 -fopenmp -DOMP_EXPLICIT_SIMD=1,5.997624,937793859b387046,passed
layout-Grayscale-simd_omp-t20-r4-6000x6000.png,2026-09-19T18:34:01Z,6000x6000.png,Grayscale,6000,6000,SoA,End_to_End,4,20,static,,omp,,,hype1,g++,-O3 -Wall -Wextra -std=c++17 -fopenmp -DOMP_EXPLICIT_SIMD=1,19.437049,937793859b387046,passed
layout-Gaussian_11x11-simd_omp-t20-r4-4000x3000.png,2026-09-19T18:34:03Z,4000x3000.png,Gaussian_11x11,3990,2990,AoS,Kernel,4,20,static,,omp,,,hype1,g++,-O3 -Wall -Wextra -std=c++17 -fopenmp -DOMP_EXPLICIT_SIMD=1,178.858491,1e8adb9534bf99dc,passed
layout-Gaussian_11x11-simd_omp-t20-r4-4000x3000.png,2026-09-19T18:34:03Z,4000x3000.png,Gaussian_11x11,3990,2990,SoA,AoS_to_SoA,4,20,static,,omp,,,hype1,g++,-O3 -Wall -Wextra -std=c++17 -fopenmp -DOMP_EXPLICIT_SIMD=1,1.681929,1e8adb9534bf99dc,passed
layout-Gaussian_11x11-simd_omp-t20-r4-4000x3000.png,2026-09-19T18:34:03Z,4000x3000.png,Gaussian_11x11,3990,2990,SoA,Kernel,4,20,static,,omp,,,hype1,g++,-O3 -Wall -Wextra -std=c++17 -fopenmp -DOMP_EXPLICIT_SIMD=1,357.490225,1e8adb9534bf99dc,passed
layout-Gaussian_11x11-simd_omp-t20-r4-4000x3000.png,2026-09-19T18:34:03Z,4000x3000.png,Gaussian_11x11,3990,2990,SoA,SoA_to_AoS,4,20,static,,omp,,,hype1,g++,-O3 -Wall -Wextra -std=c++17 -fopenmp -DOMP_EXPLICIT_SIMD=1,2.639650,1e8adb9534bf99dc,passed
layout-Gaussian_11x11-simd_omp-t20-r4-4000x3000.png,2026-09-19T18:34:03Z,4000x3000.png,Gaussian_11x11,3990,2990,SoA,End_to_End,4,20,static,,omp,,,hype1,g++,-O3 -Wall -Wextra -std=c++17 -fopenmp -DOMP_EXPLICIT_SIMD=1,361.811804,1e8adb9534bf99dc,passed
layout-Gaussian_11x11-simd_omp-t20-r4-6000x6000.png,2026-09-19T18:34:07Z,6000x6000.png,Gaussian_11x11,5990,5990,AoS,Kernel,4,20,static,,omp,,,hype1,g++,-O3 -Wall -Wextra -std=c++17 -fopenmp -DOMP_EXPLICIT_SIMD=1,559.225327,c923a906c8989668,passed
layout-Gaussian_11x11-simd_omp-t20-r4-6000x6000.png,2026-09-19T18:34:07Z,6000x6000.png,Gaussian_11x11,5990,5990,SoA,AoS_to_SoA,4,20,static,,omp,,,hype1,g++,-O3 -Wall -Wextra -std=c++17 -fopenmp -DOMP_EXPLICIT_SIMD=1,6.070988,c923a906c8989668,passed
layout-Gaussian_11x11-simd_omp-t20-r4-6000x6000.png,2026-09-19T18:34:07Z,6000x6000.png,Gaussian_11x11,5990,5990,SoA,Kernel,4,20,static,,omp,,,hype1,g++,-O3 -Wall -Wextra -std=c++17 -fopenmp -DOMP_EXPLICIT_SIMD=1,1232.248870,c923a906c8989668,passed
layout-Gaussian_11x11-simd_omp-t20-r4-6000x6000.png,2026-09-19T18:34:07Z,6000x6000.png,Gaussian_11x11,5990,5990,SoA,SoA_to_AoS,4,20,static,,omp,,,hype1,g++,-O3 -Wall -Wextra -std=c++17 -fopenmp -DOMP_EXPLICIT_SIMD=1,5.634674,c923a906c8989668,passed
layout-Gaussian_11x11-simd_omp-t20-r4-6000x6000.png,2026-09-19T18:34:07Z,6000x6000.png,Gaussian_11x11,5990,5990,SoA,End_to_End,4,20,static,,omp,,,hype1,g++,-O3 -Wall -Wextra -std=c++17 -fopenmp -DOMP_EXPLICIT_SIMD=1,1243.954532,c923a906c8989668,passed
layout-Grayscale-simd_off-t20-r4-4000x3000.png,2026-09-19T18:34:08Z,4000x3000.png,Grayscale,4000,3000,AoS,Kernel,4,20,static,,off,,,hype1,g++,-O3 -Wall -Wextra -std=c++17 -fopenmp -DOMP_EXPLICIT_SIMD=0 -fno-tree-vectorize,3.954881,00925fa85224b60c,passed
layout-Grayscale-simd_off-t20-r4-4000x3000.png,2026-09-19T18:34:08Z,4000x3000.png,Grayscale,4000,3000,SoA,AoS_to_SoA,4,20,static,,off,,,hype1,g++,-O3 -Wall -Wextra -std=c++17 -fopenmp -DOMP_EXPLICIT_SIMD=0 -fno-tree-vectorize,2.314795,00925fa85224b60c,passed
layout-Grayscale-simd_off-t20-r4-4000x3000.png,2026-09-19T18:34:08Z,4000x3000.png,Grayscale,4000,3000,SoA,Kernel,4,20,static,,off,,,hype1,g++,-O3 -Wall -Wextra -std=c++17 -fopenmp -DOMP_EXPLICIT_SIMD=0 -fno-tree-vectorize,2.288891,00925fa85224b60c,passed
layout-Grayscale-simd_off-t20-r4-4000x3000.png,2026-09-19T18:34:08Z,4000x3000.png,Grayscale,4000,3000,SoA,SoA_to_AoS,4,20,static,,off,,,hype1,g++,-O3 -Wall -Wextra -std=c++17 -fopenmp -DOMP_EXPLICIT_SIMD=0 -fno-tree-vectorize,2.957226,00925fa85224b60c,passed
layout-Grayscale-simd_off-t20-r4-4000x3000.png,2026-09-19T18:34:08Z,4000x3000.png,Grayscale,4000,3000,SoA,End_to_End,4,20,static,,off,,,hype1,g++,-O3 -Wall -Wextra -std=c++17 -fopenmp -DOMP_EXPLICIT_SIMD=0 -fno-tree-vectorize,7.560912,00925fa85224b60c,passed
layout-Grayscale-simd_off-t20-r4-6000x6000.png,2026-09-19T18:34:10Z,6000x6000.png,Grayscale,6000,6000,AoS,Kernel,4,20,static,,off,,,hype1,g++,-O3 -Wall -Wextra -std=c++17 -fopenmp -DOMP_EXPLICIT_SIMD=0 -fno-tree-vectorize,9.582339,937793859b387046,passed
layout-Grayscale-simd_off-t20-r4-6000x6000.png,2026-09-19T18:34:10Z,6000x6000.png,Grayscale,6000,6000,SoA,AoS_to_SoA,4,20,static,,off,,,hype1,g++,-O3 -Wall -Wextra -std=c++17 -fopenmp -DOMP_EXPLICIT_SIMD=0 -fno-tree-vectorize,6.171566,937793859b387046,passed
layout-Grayscale-simd_off-t20-r4-6000x6000.png,2026-09-19T18:34:10Z,6000x6000.png,Grayscale,6000,6000,SoA,Kernel,4,20,static,,off,,,hype1,g++,-O3 -Wall -Wextra -std=c++17 -fopenmp -DOMP_EXPLICIT_SIMD=0 -fno-tree-vectorize,6.904424,937793859b387046,passed
layout-Grayscale-simd_off-t20-r4-6000x6000.png,2026-09-19T18:34:10Z,6000x6000.png,Grayscale,6000,6000,SoA,SoA_to_AoS,4,20,static,,off,,,hype1,g++,-O3 -Wall -Wextra -std=c++17 -fopenmp -DOMP_EXPLICIT_SIMD=0 -fno-tree-vectorize,6.367502,937793859b387046,passed
layout-Grayscale-simd_off-t20-r4-6000x6000.png,2026-09-19T18:34:10Z,6000x6000.png,Grayscale,6000,6000,SoA,End_to_End,4,20,static,,off,,,hype1,g++,-O3 -Wall -Wextra -std=c++17 -fopenmp -DOMP_EXPLICIT_SIMD=0 -fno-tree-vectorize,19.443492,937793859b387046,passed
layout-Gaussian_11x11-simd_off-t20-r4-4000x3000.png,2026-09-19T18:34:11Z,4000x3000.png,Gaussian_11x11,3990,2990,AoS,Kernel,4,20,static,,off,,,hype1,g++,-O3 -Wall -Wextra -std=c++17 -fopenmp -DOMP_EXPLICIT_SIMD=0 -fno-tree-vectorize,179.002364,1e8adb9534bf99dc,passed
layout-Gaussian_11x11-simd_off-t20-r4-4000x3000.png,2026-09-19T18:34:11Z,4000x3000.png,Gaussian_11x11,3990,2990,SoA,AoS_to_SoA,4,20,static,,off,,,hype1,g++,-O3 -Wall -Wextra -std=c++17 -fopenmp -DOMP_EXPLICIT_SIMD=0 -fno-tree-vectorize,1.633825,1e8adb9534bf99dc,passed
layout-Gaussian_11x11-simd_off-t20-r4-4000x3000.png,2026-09-19T18:34:11Z,4000x3000.png,Gaussian_11x11,3990,2990,SoA,Kernel,4,20,static,,off,,,hype1,g++,-O3 -Wall -Wextra -std=c++17 -fopenmp -DOMP_EXPLICIT_SIMD=0 -fno-tree-vectorize,177.811346,1e8adb9534bf99dc,passed
layout-Gaussian_11x11-simd_off-t20-r4-4000x3000.png,2026-09-19T18:34:11Z,4000x3000.png,Gaussian_11x11,3990,2990,SoA,SoA_to_AoS,4,20,static,,off,,,hype1,g++,-O3 -Wall -Wextra -std=c++17 -fopenmp -DOMP_EXPLICIT_SIMD=0 -fno-tree-vectorize,2.660489,1e8adb9534bf99dc,passed
layout-Gaussian_11x11-simd_off-t20-r4-4000x3000.png,2026-09-19T18:34:11Z,4000x3000.png,Gaussian_11x11,3990,2990,SoA,End_to_End,4,20,static,,off,,,hype1,g++,-O3 -Wall -Wextra -std=c++17 -fopenmp -DOMP_EXPLICIT_SIMD=0 -fno-tree-vectorize,182.105660,1e8adb9534bf99dc,passed
layout-Gaussian_11x11-simd_off-t20-r4-6000x6000.png,2026-09-19T18:34:14Z,6000x6000.png,Gaussian_11x11,5990,5990,AoS,Kernel,4,20,static,,off,,,hype1,g++,-O3 -Wall -Wextra -std=c++17 -fopenmp -DOMP_EXPLICIT_SIMD=0 -fno-tree-vectorize,533.916664,c923a906c8989668,passed
layout-Gaussian_11x11-simd_off-t20-r4-6000x6000.png,2026-09-19T18:34:14Z,6000x6000.png,Gaussian_11x11,5990,5990,SoA,AoS_to_SoA,4,20,static,,off,,,hype1,g++,-O3 -Wall -Wextra -std=c++17 -fopenmp -DOMP_EXPLICIT_SIMD=0 -fno-tree-vectorize,6.075231,c923a906c8989668,passed
layout-Gaussian_11x11-simd_off-t20-r4-6000x6000.png,2026-09-19T18:34:14Z,6000x6000.png,Gaussian_11x11,5990,5990,SoA,Kernel,4,20,static,,off,,,hype1,g++,-O3 -Wall -Wextra -std=c++17 -fopenmp -DOMP_EXPLICIT_SIMD=0 -fno-tree-vectorize,535.705313,c923a906c8989668,passed
layout-Gaussian_11x11-simd_off-t20-r4-6000x6000.png,2026-09-19T18:34:14Z,6000x6000.png,Gaussian_11x11,5990,5990,SoA,SoA_to_AoS,4,20,static,,off,,,hype1,g++,-O3 -Wall -Wextra -std=c++17 -fopenmp -DOMP_EXPLICIT_SIMD=0 -fno-tree-vectorize,5.042666,c923a906c8989668,passed
layout-Gaussian_11x11-simd_off-t20-r4-6000x6000.png,2026-09-19T18:34:14Z,6000x6000.png,Gaussian_11x11,5990,5990,SoA,End_to_End,4,20,static,,off,,,hype1,g++,-O3 -Wall -Wextra -std=c++17 -fopenmp -DOMP_EXPLICIT_SIMD=0 -fno-tree-vectorize,546.823210,c923a906c8989668,passed
layout-Grayscale-simd_off-t20-r5-4000x3000.png,2026-09-19T18:34:15Z,4000x3000.png,Grayscale,4000,3000,AoS,Kernel,5,20,static,,off,,,hype1,g++,-O3 -Wall -Wextra -std=c++17 -fopenmp -DOMP_EXPLICIT_SIMD=0 -fno-tree-vectorize,3.955233,00925fa85224b60c,passed
layout-Grayscale-simd_off-t20-r5-4000x3000.png,2026-09-19T18:34:15Z,4000x3000.png,Grayscale,4000,3000,SoA,AoS_to_SoA,5,20,static,,off,,,hype1,g++,-O3 -Wall -Wextra -std=c++17 -fopenmp -DOMP_EXPLICIT_SIMD=0 -fno-tree-vectorize,2.301240,00925fa85224b60c,passed
layout-Grayscale-simd_off-t20-r5-4000x3000.png,2026-09-19T18:34:15Z,4000x3000.png,Grayscale,4000,3000,SoA,Kernel,5,20,static,,off,,,hype1,g++,-O3 -Wall -Wextra -std=c++17 -fopenmp -DOMP_EXPLICIT_SIMD=0 -fno-tree-vectorize,2.277286,00925fa85224b60c,passed
layout-Grayscale-simd_off-t20-r5-4000x3000.png,2026-09-19T18:34:15Z,4000x3000.png,Grayscale,4000,3000,SoA,SoA_to_AoS,5,20,static,,off,,,hype1,g++,-O3 -Wall -Wextra -std=c++17 -fopenmp -DOMP_EXPLICIT_SIMD=0 -fno-tree-vectorize,2.921533,00925fa85224b60c,passed
layout-Grayscale-simd_off-t20-r5-4000x3000.png,2026-09-19T18:34:15Z,4000x3000.png,Grayscale,4000,3000,SoA,End_to_End,5,20,static,,off,,,hype1,g++,-O3 -Wall -Wextra -std=c++17 -fopenmp -DOMP_EXPLICIT_SIMD=0 -fno-tree-vectorize,7.500059,00925fa85224b60c,passed
layout-Grayscale-simd_off-t20-r5-6000x6000.png,2026-09-19T18:34:17Z,6000x6000.png,Grayscale,6000,6000,AoS,Kernel,5,20,static,,off,,,hype1,g++,-O3 -Wall -Wextra -std=c++17 -fopenmp -DOMP_EXPLICIT_SIMD=0 -fno-tree-vectorize,9.627447,937793859b387046,passed
layout-Grayscale-simd_off-t20-r5-6000x6000.png,2026-09-19T18:34:17Z,6000x6000.png,Grayscale,6000,6000,SoA,AoS_to_SoA,5,20,static,,off,,,hype1,g++,-O3 -Wall -Wextra -std=c++17 -fopenmp -DOMP_EXPLICIT_SIMD=0 -fno-tree-vectorize,6.404205,937793859b387046,passed
layout-Grayscale-simd_off-t20-r5-6000x6000.png,2026-09-19T18:34:17Z,6000x6000.png,Grayscale,6000,6000,SoA,Kernel,5,20,static,,off,,,hype1,g++,-O3 -Wall -Wextra -std=c++17 -fopenmp -DOMP_EXPLICIT_SIMD=0 -fno-tree-vectorize,6.760624,937793859b387046,passed
layout-Grayscale-simd_off-t20-r5-6000x6000.png,2026-09-19T18:34:17Z,6000x6000.png,Grayscale,6000,6000,SoA,SoA_to_AoS,5,20,static,,off,,,hype1,g++,-O3 -Wall -Wextra -std=c++17 -fopenmp -DOMP_EXPLICIT_SIMD=0 -fno-tree-vectorize,6.325235,937793859b387046,passed
layout-Grayscale-simd_off-t20-r5-6000x6000.png,2026-09-19T18:34:17Z,6000x6000.png,Grayscale,6000,6000,SoA,End_to_End,5,20,static,,off,,,hype1,g++,-O3 -Wall -Wextra -std=c++17 -fopenmp -DOMP_EXPLICIT_SIMD=0 -fno-tree-vectorize,19.490064,937793859b387046,passed
layout-Gaussian_11x11-simd_off-t20-r5-4000x3000.png,2026-09-19T18:34:18Z,4000x3000.png,Gaussian_11x11,3990,2990,AoS,Kernel,5,20,static,,off,,,hype1,g++,-O3 -Wall -Wextra -std=c++17 -fopenmp -DOMP_EXPLICIT_SIMD=0 -fno-tree-vectorize,178.964715,1e8adb9534bf99dc,passed
layout-Gaussian_11x11-simd_off-t20-r5-4000x3000.png,2026-09-19T18:34:18Z,4000x3000.png,Gaussian_11x11,3990,2990,SoA,AoS_to_SoA,5,20,static,,off,,,hype1,g++,-O3 -Wall -Wextra -std=c++17 -fopenmp -DOMP_EXPLICIT_SIMD=0 -fno-tree-vectorize,1.826996,1e8adb9534bf99dc,passed
layout-Gaussian_11x11-simd_off-t20-r5-4000x3000.png,2026-09-19T18:34:18Z,4000x3000.png,Gaussian_11x11,3990,2990,SoA,Kernel,5,20,static,,off,,,hype1,g++,-O3 -Wall -Wextra -std=c++17 -fopenmp -DOMP_EXPLICIT_SIMD=0 -fno-tree-vectorize,177.674447,1e8adb9534bf99dc,passed
layout-Gaussian_11x11-simd_off-t20-r5-4000x3000.png,2026-09-19T18:34:18Z,4000x3000.png,Gaussian_11x11,3990,2990,SoA,SoA_to_AoS,5,20,static,,off,,,hype1,g++,-O3 -Wall -Wextra -std=c++17 -fopenmp -DOMP_EXPLICIT_SIMD=0 -fno-tree-vectorize,2.161124,1e8adb9534bf99dc,passed
layout-Gaussian_11x11-simd_off-t20-r5-4000x3000.png,2026-09-19T18:34:18Z,4000x3000.png,Gaussian_11x11,3990,2990,SoA,End_to_End,5,20,static,,off,,,hype1,g++,-O3 -Wall -Wextra -std=c++17 -fopenmp -DOMP_EXPLICIT_SIMD=0 -fno-tree-vectorize,181.662567,1e8adb9534bf99dc,passed
layout-Gaussian_11x11-simd_off-t20-r5-6000x6000.png,2026-09-19T18:34:22Z,6000x6000.png,Gaussian_11x11,5990,5990,AoS,Kernel,5,20,static,,off,,,hype1,g++,-O3 -Wall -Wextra -std=c++17 -fopenmp -DOMP_EXPLICIT_SIMD=0 -fno-tree-vectorize,532.781040,c923a906c8989668,passed
layout-Gaussian_11x11-simd_off-t20-r5-6000x6000.png,2026-09-19T18:34:22Z,6000x6000.png,Gaussian_11x11,5990,5990,SoA,AoS_to_SoA,5,20,static,,off,,,hype1,g++,-O3 -Wall -Wextra -std=c++17 -fopenmp -DOMP_EXPLICIT_SIMD=0 -fno-tree-vectorize,6.126846,c923a906c8989668,passed
layout-Gaussian_11x11-simd_off-t20-r5-6000x6000.png,2026-09-19T18:34:22Z,6000x6000.png,Gaussian_11x11,5990,5990,SoA,Kernel,5,20,static,,off,,,hype1,g++,-O3 -Wall -Wextra -std=c++17 -fopenmp -DOMP_EXPLICIT_SIMD=0 -fno-tree-vectorize,566.765256,c923a906c8989668,passed
layout-Gaussian_11x11-simd_off-t20-r5-6000x6000.png,2026-09-19T18:34:22Z,6000x6000.png,Gaussian_11x11,5990,5990,SoA,SoA_to_AoS,5,20,static,,off,,,hype1,g++,-O3 -Wall -Wextra -std=c++17 -fopenmp -DOMP_EXPLICIT_SIMD=0 -fno-tree-vectorize,5.450042,c923a906c8989668,passed
layout-Gaussian_11x11-simd_off-t20-r5-6000x6000.png,2026-09-19T18:34:22Z,6000x6000.png,Gaussian_11x11,5990,5990,SoA,End_to_End,5,20,static,,off,,,hype1,g++,-O3 -Wall -Wextra -std=c++17 -fopenmp -DOMP_EXPLICIT_SIMD=0 -fno-tree-vectorize,578.342144,c923a906c8989668,passed
layout-Grayscale-simd_omp-t20-r5-4000x3000.png,2026-09-19T18:34:22Z,4000x3000.png,Grayscale,4000,3000,AoS,Kernel,5,20,static,,omp,,,hype1,g++,-O3 -Wall -Wextra -std=c++17 -fopenmp -DOMP_EXPLICIT_SIMD=1,4.141997,00925fa85224b60c,passed
layout-Grayscale-simd_omp-t20-r5-4000x3000.png,2026-09-19T18:34:22Z,4000x3000.png,Grayscale,4000,3000,SoA,AoS_to_SoA,5,20,static,,omp,,,hype1,g++,-O3 -Wall -Wextra -std=c++17 -fopenmp -DOMP_EXPLICIT_SIMD=1,2.478887,00925fa85224b60c,passed
layout-Grayscale-simd_omp-t20-r5-4000x3000.png,2026-09-19T18:34:22Z,4000x3000.png,Grayscale,4000,3000,SoA,Kernel,5,20,static,,omp,,,hype1,g++,-O3 -Wall -Wextra -std=c++17 -fopenmp -DOMP_EXPLICIT_SIMD=1,2.512097,00925fa85224b60c,passed
layout-Grayscale-simd_omp-t20-r5-4000x3000.png,2026-09-19T18:34:22Z,4000x3000.png,Grayscale,4000,3000,SoA,SoA_to_AoS,5,20,static,,omp,,,hype1,g++,-O3 -Wall -Wextra -std=c++17 -fopenmp -DOMP_EXPLICIT_SIMD=1,2.881910,00925fa85224b60c,passed
layout-Grayscale-simd_omp-t20-r5-4000x3000.png,2026-09-19T18:34:22Z,4000x3000.png,Grayscale,4000,3000,SoA,End_to_End,5,20,static,,omp,,,hype1,g++,-O3 -Wall -Wextra -std=c++17 -fopenmp -DOMP_EXPLICIT_SIMD=1,7.872894,00925fa85224b60c,passed
layout-Grayscale-simd_omp-t20-r5-6000x6000.png,2026-09-19T18:34:24Z,6000x6000.png,Grayscale,6000,6000,AoS,Kernel,5,20,static,,omp,,,hype1,g++,-O3 -Wall -Wextra -std=c++17 -fopenmp -DOMP_EXPLICIT_SIMD=1,9.895943,937793859b387046,passed
layout-Grayscale-simd_omp-t20-r5-6000x6000.png,2026-09-19T18:34:24Z,6000x6000.png,Grayscale,6000,6000,SoA,AoS_to_SoA,5,20,static,,omp,,,hype1,g++,-O3 -Wall -Wextra -std=c++17 -fopenmp -DOMP_EXPLICIT_SIMD=1,6.390158,937793859b387046,passed
layout-Grayscale-simd_omp-t20-r5-6000x6000.png,2026-09-19T18:34:24Z,6000x6000.png,Grayscale,6000,6000,SoA,Kernel,5,20,static,,omp,,,hype1,g++,-O3 -Wall -Wextra -std=c++17 -fopenmp -DOMP_EXPLICIT_SIMD=1,6.875971,937793859b387046,passed
layout-Grayscale-simd_omp-t20-r5-6000x6000.png,2026-09-19T18:34:24Z,6000x6000.png,Grayscale,6000,6000,SoA,SoA_to_AoS,5,20,static,,omp,,,hype1,g++,-O3 -Wall -Wextra -std=c++17 -fopenmp -DOMP_EXPLICIT_SIMD=1,5.998633,937793859b387046,passed
layout-Grayscale-simd_omp-t20-r5-6000x6000.png,2026-09-19T18:34:24Z,6000x6000.png,Grayscale,6000,6000,SoA,End_to_End,5,20,static,,omp,,,hype1,g++,-O3 -Wall -Wextra -std=c++17 -fopenmp -DOMP_EXPLICIT_SIMD=1,19.264762,937793859b387046,passed
layout-Gaussian_11x11-simd_omp-t20-r5-4000x3000.png,2026-09-19T18:34:26Z,4000x3000.png,Gaussian_11x11,3990,2990,AoS,Kernel,5,20,static,,omp,,,hype1,g++,-O3 -Wall -Wextra -std=c++17 -fopenmp -DOMP_EXPLICIT_SIMD=1,178.808367,1e8adb9534bf99dc,passed
layout-Gaussian_11x11-simd_omp-t20-r5-4000x3000.png,2026-09-19T18:34:26Z,4000x3000.png,Gaussian_11x11,3990,2990,SoA,AoS_to_SoA,5,20,static,,omp,,,hype1,g++,-O3 -Wall -Wextra -std=c++17 -fopenmp -DOMP_EXPLICIT_SIMD=1,1.740605,1e8adb9534bf99dc,passed
layout-Gaussian_11x11-simd_omp-t20-r5-4000x3000.png,2026-09-19T18:34:26Z,4000x3000.png,Gaussian_11x11,3990,2990,SoA,Kernel,5,20,static,,omp,,,hype1,g++,-O3 -Wall -Wextra -std=c++17 -fopenmp -DOMP_EXPLICIT_SIMD=1,357.579656,1e8adb9534bf99dc,passed
layout-Gaussian_11x11-simd_omp-t20-r5-4000x3000.png,2026-09-19T18:34:26Z,4000x3000.png,Gaussian_11x11,3990,2990,SoA,SoA_to_AoS,5,20,static,,omp,,,hype1,g++,-O3 -Wall -Wextra -std=c++17 -fopenmp -DOMP_EXPLICIT_SIMD=1,2.157767,1e8adb9534bf99dc,passed
layout-Gaussian_11x11-simd_omp-t20-r5-4000x3000.png,2026-09-19T18:34:26Z,4000x3000.png,Gaussian_11x11,3990,2990,SoA,End_to_End,5,20,static,,omp,,,hype1,g++,-O3 -Wall -Wextra -std=c++17 -fopenmp -DOMP_EXPLICIT_SIMD=1,361.478028,1e8adb9534bf99dc,passed
layout-Gaussian_11x11-simd_omp-t20-r5-6000x6000.png,2026-09-19T18:34:30Z,6000x6000.png,Gaussian_11x11,5990,5990,AoS,Kernel,5,20,static,,omp,,,hype1,g++,-O3 -Wall -Wextra -std=c++17 -fopenmp -DOMP_EXPLICIT_SIMD=1,533.455117,c923a906c8989668,passed
layout-Gaussian_11x11-simd_omp-t20-r5-6000x6000.png,2026-09-19T18:34:30Z,6000x6000.png,Gaussian_11x11,5990,5990,SoA,AoS_to_SoA,5,20,static,,omp,,,hype1,g++,-O3 -Wall -Wextra -std=c++17 -fopenmp -DOMP_EXPLICIT_SIMD=1,6.133418,c923a906c8989668,passed
layout-Gaussian_11x11-simd_omp-t20-r5-6000x6000.png,2026-09-19T18:34:30Z,6000x6000.png,Gaussian_11x11,5990,5990,SoA,Kernel,5,20,static,,omp,,,hype1,g++,-O3 -Wall -Wextra -std=c++17 -fopenmp -DOMP_EXPLICIT_SIMD=1,1084.479655,c923a906c8989668,passed
layout-Gaussian_11x11-simd_omp-t20-r5-6000x6000.png,2026-09-19T18:34:30Z,6000x6000.png,Gaussian_11x11,5990,5990,SoA,SoA_to_AoS,5,20,static,,omp,,,hype1,g++,-O3 -Wall -Wextra -std=c++17 -fopenmp -DOMP_EXPLICIT_SIMD=1,5.440512,c923a906c8989668,passed
layout-Gaussian_11x11-simd_omp-t20-r5-6000x6000.png,2026-09-19T18:34:30Z,6000x6000.png,Gaussian_11x11,5990,5990,SoA,End_to_End,5,20,static,,omp,,,hype1,g++,-O3 -Wall -Wextra -std=c++17 -fopenmp -DOMP_EXPLICIT_SIMD=1,1096.053585,c923a906c8989668,passed
