Image,Width,Height,Operation,Threads,Schedule,Chunk,Simd_Build,Simd_Eligible,OMP_Places,OMP_Proc_Bind,Hostname,Compiler,Build_Flags,Samples,Median_ms,Min_ms,Max_ms,Mean_ms,StdDev_ms,Speedup_vs_Static
control_bands_256_6000x6000.png,6000,6000,Adaptive_Median,1,dynamic,16,off,yes,unset,unset,hype2,12.2.0,-O3 -Wall -Wextra -std=c++17 -fopenmp -ffp-contract=off -DOMP_EXPLICIT_SIMD=0 -fno-tree-vectorize,5,9332.612012,9330.332427,9347.543894,9335.287855,6.953151,1.001269
control_bands_256_6000x6000.png,6000,6000,Adaptive_Median,1,dynamic,16,off-avx2,yes,unset,unset,hype2,12.2.0,-O3 -Wall -Wextra -std=c++17 -fopenmp -ffp-contract=off -DOMP_EXPLICIT_SIMD=0 -fno-tree-vectorize -march=haswell,5,9737.523522,9726.198142,9752.192674,9738.882508,12.736731,0.999494
control_bands_256_6000x6000.png,6000,6000,Adaptive_Median,1,dynamic,16,omp,yes,unset,unset,hype2,12.2.0,-O3 -Wall -Wextra -std=c++17 -fopenmp -ffp-contract=off -DOMP_EXPLICIT_SIMD=1,5,9575.687341,9572.913166,9588.700286,9579.504537,7.110370,1.001997
control_bands_256_6000x6000.png,6000,6000,Adaptive_Median,1,dynamic,16,omp-avx2,yes,unset,unset,hype2,12.2.0,-O3 -Wall -Wextra -std=c++17 -fopenmp -ffp-contract=off -DOMP_EXPLICIT_SIMD=1 -march=haswell,5,9909.115880,9897.407359,9971.523615,9919.053072,29.762260,1.000134
control_bands_256_6000x6000.png,6000,6000,Adaptive_Median,1,static,,off,yes,unset,unset,hype2,12.2.0,-O3 -Wall -Wextra -std=c++17 -fopenmp -ffp-contract=off -DOMP_EXPLICIT_SIMD=0 -fno-tree-vectorize,5,9344.458551,9337.535280,9377.995214,9349.892125,16.051427,1.000000
control_bands_256_6000x6000.png,6000,6000,Adaptive_Median,1,static,,off-avx2,yes,unset,unset,hype2,12.2.0,-O3 -Wall -Wextra -std=c++17 -fopenmp -ffp-contract=off -DOMP_EXPLICIT_SIMD=0 -fno-tree-vectorize -march=haswell,5,9732.593979,9719.351544,9749.718766,9732.815774,11.227759,1.000000
control_bands_256_6000x6000.png,6000,6000,Adaptive_Median,1,static,,omp,yes,unset,unset,hype2,12.2.0,-O3 -Wall -Wextra -std=c++17 -fopenmp -ffp-contract=off -DOMP_EXPLICIT_SIMD=1,5,9594.811456,9578.706759,9620.416014,9595.583507,16.858152,1.000000
control_bands_256_6000x6000.png,6000,6000,Adaptive_Median,1,static,,omp-avx2,yes,unset,unset,hype2,12.2.0,-O3 -Wall -Wextra -std=c++17 -fopenmp -ffp-contract=off -DOMP_EXPLICIT_SIMD=1 -march=haswell,5,9910.444059,9902.556600,9997.593896,9926.270892,40.062279,1.000000
control_bands_256_6000x6000.png,6000,6000,Adaptive_Median,12,dynamic,16,off,yes,unset,unset,hype2,12.2.0,-O3 -Wall -Wextra -std=c++17 -fopenmp -ffp-contract=off -DOMP_EXPLICIT_SIMD=0 -fno-tree-vectorize,5,968.531367,967.895903,971.783089,969.578989,1.780206,0.985344
control_bands_256_6000x6000.png,6000,6000,Adaptive_Median,12,dynamic,16,off-avx2,yes,unset,unset,hype2,12.2.0,-O3 -Wall -Wextra -std=c++17 -fopenmp -ffp-contract=off -DOMP_EXPLICIT_SIMD=0 -fno-tree-vectorize -march=haswell,5,1005.122351,1003.797333,1005.938367,1004.981794,0.874330,0.985017
control_bands_256_6000x6000.png,6000,6000,Adaptive_Median,12,dynamic,16,omp,yes,unset,unset,hype2,12.2.0,-O3 -Wall -Wextra -std=c++17 -fopenmp -ffp-contract=off -DOMP_EXPLICIT_SIMD=1,5,994.267243,993.375863,996.116881,994.535255,1.015988,0.984473
control_bands_256_6000x6000.png,6000,6000,Adaptive_Median,12,dynamic,16,omp-avx2,yes,unset,unset,hype2,12.2.0,-O3 -Wall -Wextra -std=c++17 -fopenmp -ffp-contract=off -DOMP_EXPLICIT_SIMD=1 -march=haswell,5,1024.985197,1023.807367,1025.291332,1024.630757,0.683186,0.983141
control_bands_256_6000x6000.png,6000,6000,Adaptive_Median,12,static,,off,yes,unset,unset,hype2,12.2.0,-O3 -Wall -Wextra -std=c++17 -fopenmp -ffp-contract=off -DOMP_EXPLICIT_SIMD=0 -fno-tree-vectorize,5,954.336779,953.338155,957.832937,954.781801,1.819055,1.000000
control_bands_256_6000x6000.png,6000,6000,Adaptive_Median,12,static,,off-avx2,yes,unset,unset,hype2,12.2.0,-O3 -Wall -Wextra -std=c++17 -fopenmp -ffp-contract=off -DOMP_EXPLICIT_SIMD=0 -fno-tree-vectorize -march=haswell,5,990.062821,989.924473,1016.834163,995.428348,11.967459,1.000000
control_bands_256_6000x6000.png,6000,6000,Adaptive_Median,12,static,,omp,yes,unset,unset,hype2,12.2.0,-O3 -Wall -Wextra -std=c++17 -fopenmp -ffp-contract=off -DOMP_EXPLICIT_SIMD=1,5,978.829126,977.789901,981.552072,979.054639,1.473649,1.000000
control_bands_256_6000x6000.png,6000,6000,Adaptive_Median,12,static,,omp-avx2,yes,unset,unset,hype2,12.2.0,-O3 -Wall -Wextra -std=c++17 -fopenmp -ffp-contract=off -DOMP_EXPLICIT_SIMD=1 -march=haswell,5,1007.704734,1006.747528,1012.606054,1008.689786,2.399414,1.000000
control_bands_256_6000x6000.png,6000,6000,Adaptive_Median,16,dynamic,16,off,yes,unset,unset,hype2,12.2.0,-O3 -Wall -Wextra -std=c++17 -fopenmp -ffp-contract=off -DOMP_EXPLICIT_SIMD=0 -fno-tree-vectorize,5,742.616810,741.842745,743.733068,742.603024,0.718279,1.102192
control_bands_256_6000x6000.png,6000,6000,Adaptive_Median,16,dynamic,16,off-avx2,yes,unset,unset,hype2,12.2.0,-O3 -Wall -Wextra -std=c++17 -fopenmp -ffp-contract=off -DOMP_EXPLICIT_SIMD=0 -fno-tree-vectorize -march=haswell,5,770.344040,769.918855,771.204041,770.508628,0.560205,1.097860
control_bands_256_6000x6000.png,6000,6000,Adaptive_Median,16,dynamic,16,omp,yes,unset,unset,hype2,12.2.0,-O3 -Wall -Wextra -std=c++17 -fopenmp -ffp-contract=off -DOMP_EXPLICIT_SIMD=1,5,761.274240,760.623664,763.666162,761.788022,1.206664,1.100160
control_bands_256_6000x6000.png,6000,6000,Adaptive_Median,16,dynamic,16,omp-avx2,yes,unset,unset,hype2,12.2.0,-O3 -Wall -Wextra -std=c++17 -fopenmp -ffp-contract=off -DOMP_EXPLICIT_SIMD=1 -march=haswell,5,783.530156,783.027664,785.028161,783.801534,0.851258,1.099184
control_bands_256_6000x6000.png,6000,6000,Adaptive_Median,16,static,,off,yes,unset,unset,hype2,12.2.0,-O3 -Wall -Wextra -std=c++17 -fopenmp -ffp-contract=off -DOMP_EXPLICIT_SIMD=0 -fno-tree-vectorize,5,818.506473,817.844224,819.503776,818.551421,0.734840,1.000000
control_bands_256_6000x6000.png,6000,6000,Adaptive_Median,16,static,,off-avx2,yes,unset,unset,hype2,12.2.0,-O3 -Wall -Wextra -std=c++17 -fopenmp -ffp-contract=off -DOMP_EXPLICIT_SIMD=0 -fno-tree-vectorize -march=haswell,5,845.729956,843.896199,846.144531,845.432856,0.882494,1.000000
control_bands_256_6000x6000.png,6000,6000,Adaptive_Median,16,static,,omp,yes,unset,unset,hype2,12.2.0,-O3 -Wall -Wextra -std=c++17 -fopenmp -ffp-contract=off -DOMP_EXPLICIT_SIMD=1,5,837.523242,836.852368,869.031867,843.685508,14.173646,1.000000
control_bands_256_6000x6000.png,6000,6000,Adaptive_Median,16,static,,omp-avx2,yes,unset,unset,hype2,12.2.0,-O3 -Wall -Wextra -std=c++17 -fopenmp -ffp-contract=off -DOMP_EXPLICIT_SIMD=1 -march=haswell,5,861.243712,860.735452,862.710840,861.678492,0.891805,1.000000
control_bands_256_6000x6000.png,6000,6000,Adaptive_Median,2,dynamic,16,off,yes,unset,unset,hype2,12.2.0,-O3 -Wall -Wextra -std=c++17 -fopenmp -ffp-contract=off -DOMP_EXPLICIT_SIMD=0 -fno-tree-vectorize,5,4715.214955,4711.449935,4720.607602,4715.888037,3.815543,0.999482
control_bands_256_6000x6000.png,6000,6000,Adaptive_Median,2,dynamic,16,off-avx2,yes,unset,unset,hype2,12.2.0,-O3 -Wall -Wextra -std=c++17 -fopenmp -ffp-contract=off -DOMP_EXPLICIT_SIMD=0 -fno-tree-vectorize -march=haswell,5,4913.268727,4898.806976,4958.470472,4919.155735,23.074472,0.998313
control_bands_256_6000x6000.png,6000,6000,Adaptive_Median,2,dynamic,16,omp,yes,unset,unset,hype2,12.2.0,-O3 -Wall -Wextra -std=c++17 -fopenmp -ffp-contract=off -DOMP_EXPLICIT_SIMD=1,5,4850.296538,4835.866131,4872.524110,4849.785158,15.084140,0.996936
control_bands_256_6000x6000.png,6000,6000,Adaptive_Median,2,dynamic,16,omp-avx2,yes,unset,unset,hype2,12.2.0,-O3 -Wall -Wextra -std=c++17 -fopenmp -ffp-contract=off -DOMP_EXPLICIT_SIMD=1 -march=haswell,5,4993.353099,4988.250440,4997.439149,4993.913851,3.782620,0.998778
control_bands_256_6000x6000.png,6000,6000,Adaptive_Median,2,static,,off,yes,unset,unset,hype2,12.2.0,-O3 -Wall -Wextra -std=c++17 -fopenmp -ffp-contract=off -DOMP_EXPLICIT_SIMD=0 -fno-tree-vectorize,5,4712.772196,4698.771273,4713.837234,4709.293366,6.485256,1.000000
control_bands_256_6000x6000.png,6000,6000,Adaptive_Median,2,static,,off-avx2,yes,unset,unset,hype2,12.2.0,-O3 -Wall -Wextra -std=c++17 -fopenmp -ffp-contract=off -DOMP_EXPLICIT_SIMD=0 -fno-tree-vectorize -march=haswell,5,4904.979549,4892.906647,4909.613568,4903.045307,6.241534,1.000000
control_bands_256_6000x6000.png,6000,6000,Adaptive_Median,2,static,,omp,yes,unset,unset,hype2,12.2.0,-O3 -Wall -Wextra -std=c++17 -fopenmp -ffp-contract=off -DOMP_EXPLICIT_SIMD=1,5,4835.435424,4829.890354,4881.841278,4843.530872,21.650995,1.000000
control_bands_256_6000x6000.png,6000,6000,Adaptive_Median,2,static,,omp-avx2,yes,unset,unset,hype2,12.2.0,-O3 -Wall -Wextra -std=c++17 -fopenmp -ffp-contract=off -DOMP_EXPLICIT_SIMD=1 -march=haswell,5,4987.251371,4982.537076,5017.774043,4993.265788,14.196120,1.000000
control_bands_256_6000x6000.png,6000,6000,Adaptive_Median,20,dynamic,1,off,yes,unset,unset,hype2,12.2.0,-O3 -Wall -Wextra -std=c++17 -fopenmp -ffp-contract=off -DOMP_EXPLICIT_SIMD=0 -fno-tree-vectorize,5,603.471075,602.724460,604.169106,603.464628,0.612271,1.208246
control_bands_256_6000x6000.png,6000,6000,Adaptive_Median,20,dynamic,1,off-avx2,yes,unset,unset,hype2,12.2.0,-O3 -Wall -Wextra -std=c++17 -fopenmp -ffp-contract=off -DOMP_EXPLICIT_SIMD=0 -fno-tree-vectorize -march=haswell,5,625.095993,623.102421,658.683966,631.611304,15.219126,1.200603
control_bands_256_6000x6000.png,6000,6000,Adaptive_Median,20,dynamic,1,omp,yes,unset,unset,hype2,12.2.0,-O3 -Wall -Wextra -std=c++17 -fopenmp -ffp-contract=off -DOMP_EXPLICIT_SIMD=1,5,619.548853,618.903999,640.546915,623.617463,9.468663,1.198178
control_bands_256_6000x6000.png,6000,6000,Adaptive_Median,20,dynamic,1,omp-avx2,yes,unset,unset,hype2,12.2.0,-O3 -Wall -Wextra -std=c++17 -fopenmp -ffp-contract=off -DOMP_EXPLICIT_SIMD=1 -march=haswell,5,635.331781,634.222992,649.244520,637.840803,6.401107,1.203007
control_bands_256_6000x6000.png,6000,6000,Adaptive_Median,20,dynamic,16,off,yes,unset,unset,hype2,12.2.0,-O3 -Wall -Wextra -std=c++17 -fopenmp -ffp-contract=off -DOMP_EXPLICIT_SIMD=0 -fno-tree-vectorize,5,606.243614,605.971946,607.355801,606.436701,0.578176,1.202721
control_bands_256_6000x6000.png,6000,6000,Adaptive_Median,20,dynamic,16,off-avx2,yes,unset,unset,hype2,12.2.0,-O3 -Wall -Wextra -std=c++17 -fopenmp -ffp-contract=off -DOMP_EXPLICIT_SIMD=0 -fno-tree-vectorize -march=haswell,5,627.658715,626.981269,630.332869,628.024111,1.365877,1.195701
control_bands_256_6000x6000.png,6000,6000,Adaptive_Median,20,dynamic,16,omp,yes,unset,unset,hype2,12.2.0,-O3 -Wall -Wextra -std=c++17 -fopenmp -ffp-contract=off -DOMP_EXPLICIT_SIMD=1,5,622.259481,621.740190,640.957085,626.361411,8.251622,1.192959
control_bands_256_6000x6000.png,6000,6000,Adaptive_Median,20,dynamic,16,omp-avx2,yes,unset,unset,hype2,12.2.0,-O3 -Wall -Wextra -std=c++17 -fopenmp -ffp-contract=off -DOMP_EXPLICIT_SIMD=1 -march=haswell,5,638.893553,636.655616,640.738526,638.803605,1.472108,1.196301
control_bands_256_6000x6000.png,6000,6000,Adaptive_Median,20,dynamic,256,off,yes,unset,unset,hype2,12.2.0,-O3 -Wall -Wextra -std=c++17 -fopenmp -ffp-contract=off -DOMP_EXPLICIT_SIMD=0 -fno-tree-vectorize,5,942.161033,933.921997,943.841965,940.621910,3.929200,0.773904
control_bands_256_6000x6000.png,6000,6000,Adaptive_Median,20,dynamic,256,off-avx2,yes,unset,unset,hype2,12.2.0,-O3 -Wall -Wextra -std=c++17 -fopenmp -ffp-contract=off -DOMP_EXPLICIT_SIMD=0 -fno-tree-vectorize -march=haswell,5,975.949075,967.229148,979.256483,975.300915,4.768072,0.768987
control_bands_256_6000x6000.png,6000,6000,Adaptive_Median,20,dynamic,256,omp,yes,unset,unset,hype2,12.2.0,-O3 -Wall -Wextra -std=c++17 -fopenmp -ffp-contract=off -DOMP_EXPLICIT_SIMD=1,5,965.669419,960.478510,1007.504960,972.663397,19.593907,0.768720
control_bands_256_6000x6000.png,6000,6000,Adaptive_Median,20,dynamic,256,omp-avx2,yes,unset,unset,hype2,12.2.0,-O3 -Wall -Wextra -std=c++17 -fopenmp -ffp-contract=off -DOMP_EXPLICIT_SIMD=1 -march=haswell,5,994.726812,991.757903,996.916793,994.513848,2.233134,0.768360
control_bands_256_6000x6000.png,6000,6000,Adaptive_Median,20,dynamic,4,off,yes,unset,unset,hype2,12.2.0,-O3 -Wall -Wextra -std=c++17 -fopenmp -ffp-contract=off -DOMP_EXPLICIT_SIMD=0 -fno-tree-vectorize,5,603.239873,601.852154,622.602549,606.729300,8.898645,1.208709
control_bands_256_6000x6000.png,6000,6000,Adaptive_Median,20,dynamic,4,off-avx2,yes,unset,unset,hype2,12.2.0,-O3 -Wall -Wextra -std=c++17 -fopenmp -ffp-contract=off -DOMP_EXPLICIT_SIMD=0 -fno-tree-vectorize -march=haswell,5,624.952898,623.681685,628.854641,625.395502,2.011517,1.200878
control_bands_256_6000x6000.png,6000,6000,Adaptive_Median,20,dynamic,4,omp,yes,unset,unset,hype2,12.2.0,-O3 -Wall -Wextra -std=c++17 -fopenmp -ffp-contract=off -DOMP_EXPLICIT_SIMD=1,5,618.455016,617.863513,632.795484,621.761220,6.335546,1.200297
control_bands_256_6000x6000.png,6000,6000,Adaptive_Median,20,dynamic,4,omp-avx2,yes,unset,unset,hype2,12.2.0,-O3 -Wall -Wextra -std=c++17 -fopenmp -ffp-contract=off -DOMP_EXPLICIT_SIMD=1 -march=haswell,5,635.790441,633.915789,650.747060,639.107842,6.912931,1.202139
control_bands_256_6000x6000.png,6000,6000,Adaptive_Median,20,dynamic,64,off,yes,unset,unset,hype2,12.2.0,-O3 -Wall -Wextra -std=c++17 -fopenmp -ffp-contract=off -DOMP_EXPLICIT_SIMD=0 -fno-tree-vectorize,5,657.781383,656.182272,662.092202,658.836688,2.482202,1.108486
control_bands_256_6000x6000.png,6000,6000,Adaptive_Median,20,dynamic,64,off-avx2,yes,unset,unset,hype2,12.2.0,-O3 -Wall -Wextra -std=c++17 -fopenmp -ffp-contract=off -DOMP_EXPLICIT_SIMD=0 -fno-tree-vectorize -march=haswell,5,682.325937,681.521127,685.778814,682.965540,1.649437,1.099903
control_bands_256_6000x6000.png,6000,6000,Adaptive_Median,20,dynamic,64,omp,yes,unset,unset,hype2,12.2.0,-O3 -Wall -Wextra -std=c++17 -fopenmp -ffp-contract=off -DOMP_EXPLICIT_SIMD=1,5,674.728461,673.727956,675.282629,674.616215,0.632012,1.100190
control_bands_256_6000x6000.png,6000,6000,Adaptive_Median,20,dynamic,64,omp-avx2,yes,unset,unset,hype2,12.2.0,-O3 -Wall -Wextra -std=c++17 -fopenmp -ffp-contract=off -DOMP_EXPLICIT_SIMD=1 -march=haswell,5,712.823863,692.098360,726.296344,710.126691,16.613520,1.072227
control_bands_256_6000x6000.png,6000,6000,Adaptive_Median,20,static,,off,yes,unset,unset,hype2,12.2.0,-O3 -Wall -Wextra -std=c++17 -fopenmp -ffp-contract=off -DOMP_EXPLICIT_SIMD=0 -fno-tree-vectorize,5,729.141735,728.736556,945.525520,777.463150,94.628274,1.000000
control_bands_256_6000x6000.png,6000,6000,Adaptive_Median,20,static,,off-avx2,yes,unset,unset,hype2,12.2.0,-O3 -Wall -Wextra -std=c++17 -fopenmp -ffp-contract=off -DOMP_EXPLICIT_SIMD=0 -fno-tree-vectorize -march=haswell,5,750.492411,747.309069,778.649411,758.191490,13.565510,1.000000
control_bands_256_6000x6000.png,6000,6000,Adaptive_Median,20,static,,omp,yes,unset,unset,hype2,12.2.0,-O3 -Wall -Wextra -std=c++17 -fopenmp -ffp-contract=off -DOMP_EXPLICIT_SIMD=1,5,742.329836,741.621643,744.717947,742.959936,1.486224,1.000000
control_bands_256_6000x6000.png,6000,6000,Adaptive_Median,20,static,,omp-avx2,yes,unset,unset,hype2,12.2.0,-O3 -Wall -Wextra -std=c++17 -fopenmp -ffp-contract=off -DOMP_EXPLICIT_SIMD=1 -march=haswell,5,764.308727,761.886952,941.357377,799.927336,79.098091,1.000000
control_bands_256_6000x6000.png,6000,6000,Adaptive_Median,4,dynamic,16,off,yes,unset,unset,hype2,12.2.0,-O3 -Wall -Wextra -std=c++17 -fopenmp -ffp-contract=off -DOMP_EXPLICIT_SIMD=0 -fno-tree-vectorize,5,2398.528677,2393.602710,2412.507373,2399.608325,7.625220,1.004188
control_bands_256_6000x6000.png,6000,6000,Adaptive_Median,4,dynamic,16,off-avx2,yes,unset,unset,hype2,12.2.0,-O3 -Wall -Wextra -std=c++17 -fopenmp -ffp-contract=off -DOMP_EXPLICIT_SIMD=0 -fno-tree-vectorize -march=haswell,5,2490.993102,2487.987328,2498.702386,2492.907099,4.338160,1.004933
control_bands_256_6000x6000.png,6000,6000,Adaptive_Median,4,dynamic,16,omp,yes,unset,unset,hype2,12.2.0,-O3 -Wall -Wextra -std=c++17 -fopenmp -ffp-contract=off -DOMP_EXPLICIT_SIMD=1,5,2463.516357,2455.312799,2575.194204,2484.912467,50.837338,1.004051
control_bands_256_6000x6000.png,6000,6000,Adaptive_Median,4,dynamic,16,omp-avx2,yes,unset,unset,hype2,12.2.0,-O3 -Wall -Wextra -std=c++17 -fopenmp -ffp-contract=off -DOMP_EXPLICIT_SIMD=1 -march=haswell,5,2542.321950,2532.085506,2547.735236,2539.552818,7.027259,0.997584
control_bands_256_6000x6000.png,6000,6000,Adaptive_Median,4,static,,off,yes,unset,unset,hype2,12.2.0,-O3 -Wall -Wextra -std=c++17 -fopenmp -ffp-contract=off -DOMP_EXPLICIT_SIMD=0 -fno-tree-vectorize,5,2408.572763,2402.181894,2480.681536,2422.120797,32.899727,1.000000
control_bands_256_6000x6000.png,6000,6000,Adaptive_Median,4,static,,off-avx2,yes,unset,unset,hype2,12.2.0,-O3 -Wall -Wextra -std=c++17 -fopenmp -ffp-contract=off -DOMP_EXPLICIT_SIMD=0 -fno-tree-vectorize -march=haswell,5,2503.281654,2500.003961,2509.348042,2503.216928,3.792423,1.000000
control_bands_256_6000x6000.png,6000,6000,Adaptive_Median,4,static,,omp,yes,unset,unset,hype2,12.2.0,-O3 -Wall -Wextra -std=c++17 -fopenmp -ffp-contract=off -DOMP_EXPLICIT_SIMD=1,5,2473.496552,2450.729271,2482.167182,2469.940660,11.712721,1.000000
control_bands_256_6000x6000.png,6000,6000,Adaptive_Median,4,static,,omp-avx2,yes,unset,unset,hype2,12.2.0,-O3 -Wall -Wextra -std=c++17 -fopenmp -ffp-contract=off -DOMP_EXPLICIT_SIMD=1 -march=haswell,5,2536.179280,2529.063992,2537.671133,2534.680569,3.623256,1.000000
control_bands_256_6000x6000.png,6000,6000,Adaptive_Median,8,dynamic,16,off,yes,unset,unset,hype2,12.2.0,-O3 -Wall -Wextra -std=c++17 -fopenmp -ffp-contract=off -DOMP_EXPLICIT_SIMD=0 -fno-tree-vectorize,5,1361.332626,1356.416652,1364.557169,1360.794511,3.172503,1.086323
control_bands_256_6000x6000.png,6000,6000,Adaptive_Median,8,dynamic,16,off-avx2,yes,unset,unset,hype2,12.2.0,-O3 -Wall -Wextra -std=c++17 -fopenmp -ffp-contract=off -DOMP_EXPLICIT_SIMD=0 -fno-tree-vectorize -march=haswell,5,1411.110464,1406.062848,1416.451008,1410.918987,4.013815,1.085651
control_bands_256_6000x6000.png,6000,6000,Adaptive_Median,8,dynamic,16,omp,yes,unset,unset,hype2,12.2.0,-O3 -Wall -Wextra -std=c++17 -fopenmp -ffp-contract=off -DOMP_EXPLICIT_SIMD=1,5,1392.896308,1391.402045,1402.945710,1395.738734,5.313177,1.086040
control_bands_256_6000x6000.png,6000,6000,Adaptive_Median,8,dynamic,16,omp-avx2,yes,unset,unset,hype2,12.2.0,-O3 -Wall -Wextra -std=c++17 -fopenmp -ffp-contract=off -DOMP_EXPLICIT_SIMD=1 -march=haswell,5,1439.022749,1432.743753,1464.760964,1445.792730,14.753450,1.083669
control_bands_256_6000x6000.png,6000,6000,Adaptive_Median,8,static,,off,yes,unset,unset,hype2,12.2.0,-O3 -Wall -Wextra -std=c++17 -fopenmp -ffp-contract=off -DOMP_EXPLICIT_SIMD=0 -fno-tree-vectorize,5,1478.847549,1475.382727,1501.180995,1484.130028,11.198212,1.000000
control_bands_256_6000x6000.png,6000,6000,Adaptive_Median,8,static,,off-avx2,yes,unset,unset,hype2,12.2.0,-O3 -Wall -Wextra -std=c++17 -fopenmp -ffp-contract=off -DOMP_EXPLICIT_SIMD=0 -fno-tree-vectorize -march=haswell,5,1531.974040,1527.998285,1540.089419,1533.995388,5.181578,1.000000
control_bands_256_6000x6000.png,6000,6000,Adaptive_Median,8,static,,omp,yes,unset,unset,hype2,12.2.0,-O3 -Wall -Wextra -std=c++17 -fopenmp -ffp-contract=off -DOMP_EXPLICIT_SIMD=1,5,1512.741783,1510.993578,1521.538903,1514.921417,4.702665,1.000000
control_bands_256_6000x6000.png,6000,6000,Adaptive_Median,8,static,,omp-avx2,yes,unset,unset,hype2,12.2.0,-O3 -Wall -Wextra -std=c++17 -fopenmp -ffp-contract=off -DOMP_EXPLICIT_SIMD=1 -march=haswell,5,1559.423635,1558.753645,1567.387912,1560.838322,3.672407,1.000000
control_half_noise_6000x6000.png,6000,6000,Adaptive_Median,1,dynamic,16,off,yes,unset,unset,hype2,12.2.0,-O3 -Wall -Wextra -std=c++17 -fopenmp -ffp-contract=off -DOMP_EXPLICIT_SIMD=0 -fno-tree-vectorize,5,9311.360943,9295.180236,9318.599621,9308.659918,10.099190,0.999407
control_half_noise_6000x6000.png,6000,6000,Adaptive_Median,1,dynamic,16,off-avx2,yes,unset,unset,hype2,12.2.0,-O3 -Wall -Wextra -std=c++17 -fopenmp -ffp-contract=off -DOMP_EXPLICIT_SIMD=0 -fno-tree-vectorize -march=haswell,5,9687.039252,9684.555183,9695.682259,9688.317050,4.629928,1.001719
control_half_noise_6000x6000.png,6000,6000,Adaptive_Median,1,dynamic,16,omp,yes,unset,unset,hype2,12.2.0,-O3 -Wall -Wextra -std=c++17 -fopenmp -ffp-contract=off -DOMP_EXPLICIT_SIMD=1,5,9547.226472,9537.613427,9549.585386,9544.933789,4.963279,0.999757
control_half_noise_6000x6000.png,6000,6000,Adaptive_Median,1,dynamic,16,omp-avx2,yes,unset,unset,hype2,12.2.0,-O3 -Wall -Wextra -std=c++17 -fopenmp -ffp-contract=off -DOMP_EXPLICIT_SIMD=1 -march=haswell,5,9877.354183,9867.206346,9974.632527,9894.743975,44.945146,0.998539
control_half_noise_6000x6000.png,6000,6000,Adaptive_Median,1,static,,off,yes,unset,unset,hype2,12.2.0,-O3 -Wall -Wextra -std=c++17 -fopenmp -ffp-contract=off -DOMP_EXPLICIT_SIMD=0 -fno-tree-vectorize,5,9305.842435,9290.819270,9308.367607,9303.525919,7.212406,1.000000
control_half_noise_6000x6000.png,6000,6000,Adaptive_Median,1,static,,off-avx2,yes,unset,unset,hype2,12.2.0,-O3 -Wall -Wextra -std=c++17 -fopenmp -ffp-contract=off -DOMP_EXPLICIT_SIMD=0 -fno-tree-vectorize -march=haswell,5,9703.687625,9698.671036,9768.822002,9716.847081,29.302522,1.000000
control_half_noise_6000x6000.png,6000,6000,Adaptive_Median,1,static,,omp,yes,unset,unset,hype2,12.2.0,-O3 -Wall -Wextra -std=c++17 -fopenmp -ffp-contract=off -DOMP_EXPLICIT_SIMD=1,5,9544.907096,9540.772006,9550.129161,9545.717656,3.777857,1.000000
control_half_noise_6000x6000.png,6000,6000,Adaptive_Median,1,static,,omp-avx2,yes,unset,unset,hype2,12.2.0,-O3 -Wall -Wextra -std=c++17 -fopenmp -ffp-contract=off -DOMP_EXPLICIT_SIMD=1 -march=haswell,5,9862.920783,9859.630023,9873.624671,9866.079745,6.626793,1.000000
control_half_noise_6000x6000.png,6000,6000,Adaptive_Median,12,dynamic,16,off,yes,unset,unset,hype2,12.2.0,-O3 -Wall -Wextra -std=c++17 -fopenmp -ffp-contract=off -DOMP_EXPLICIT_SIMD=0 -fno-tree-vectorize,5,959.795661,958.849347,960.296563,959.703072,0.554428,1.301949
control_half_noise_6000x6000.png,6000,6000,Adaptive_Median,12,dynamic,16,off-avx2,yes,unset,unset,hype2,12.2.0,-O3 -Wall -Wextra -std=c++17 -fopenmp -ffp-contract=off -DOMP_EXPLICIT_SIMD=0 -fno-tree-vectorize -march=haswell,5,997.445294,995.384722,998.490758,997.203204,1.178098,1.290464
control_half_noise_6000x6000.png,6000,6000,Adaptive_Median,12,dynamic,16,omp,yes,unset,unset,hype2,12.2.0,-O3 -Wall -Wextra -std=c++17 -fopenmp -ffp-contract=off -DOMP_EXPLICIT_SIMD=1,5,984.556286,983.976689,990.232197,985.592945,2.607925,1.296903
control_half_noise_6000x6000.png,6000,6000,Adaptive_Median,12,dynamic,16,omp-avx2,yes,unset,unset,hype2,12.2.0,-O3 -Wall -Wextra -std=c++17 -fopenmp -ffp-contract=off -DOMP_EXPLICIT_SIMD=1 -march=haswell,5,1014.606114,1012.507344,1022.584199,1015.704578,3.945081,1.294657
control_half_noise_6000x6000.png,6000,6000,Adaptive_Median,12,static,,off,yes,unset,unset,hype2,12.2.0,-O3 -Wall -Wextra -std=c++17 -fopenmp -ffp-contract=off -DOMP_EXPLICIT_SIMD=0 -fno-tree-vectorize,5,1249.605257,1246.639557,1259.362405,1250.795026,4.940846,1.000000
control_half_noise_6000x6000.png,6000,6000,Adaptive_Median,12,static,,off-avx2,yes,unset,unset,hype2,12.2.0,-O3 -Wall -Wextra -std=c++17 -fopenmp -ffp-contract=off -DOMP_EXPLICIT_SIMD=0 -fno-tree-vectorize -march=haswell,5,1287.167015,1283.853755,1291.847727,1288.063174,3.214991,1.000000
control_half_noise_6000x6000.png,6000,6000,Adaptive_Median,12,static,,omp,yes,unset,unset,hype2,12.2.0,-O3 -Wall -Wextra -std=c++17 -fopenmp -ffp-contract=off -DOMP_EXPLICIT_SIMD=1,5,1276.874386,1272.193714,1282.681360,1277.800264,4.269641,1.000000
control_half_noise_6000x6000.png,6000,6000,Adaptive_Median,12,static,,omp-avx2,yes,unset,unset,hype2,12.2.0,-O3 -Wall -Wextra -std=c++17 -fopenmp -ffp-contract=off -DOMP_EXPLICIT_SIMD=1 -march=haswell,5,1313.566588,1306.268979,1348.008207,1320.166438,16.894722,1.000000
control_half_noise_6000x6000.png,6000,6000,Adaptive_Median,16,dynamic,16,off,yes,unset,unset,hype2,12.2.0,-O3 -Wall -Wextra -std=c++17 -fopenmp -ffp-contract=off -DOMP_EXPLICIT_SIMD=0 -fno-tree-vectorize,5,737.141709,736.402411,737.755761,737.051424,0.506970,1.316291
control_half_noise_6000x6000.png,6000,6000,Adaptive_Median,16,dynamic,16,off-avx2,yes,unset,unset,hype2,12.2.0,-O3 -Wall -Wextra -std=c++17 -fopenmp -ffp-contract=off -DOMP_EXPLICIT_SIMD=0 -fno-tree-vectorize -march=haswell,5,762.672615,761.581995,764.378188,762.808575,1.021152,1.304216
control_half_noise_6000x6000.png,6000,6000,Adaptive_Median,16,dynamic,16,omp,yes,unset,unset,hype2,12.2.0,-O3 -Wall -Wextra -std=c++17 -fopenmp -ffp-contract=off -DOMP_EXPLICIT_SIMD=1,5,754.921339,753.524056,756.126054,754.827512,1.017065,1.310941
control_half_noise_6000x6000.png,6000,6000,Adaptive_Median,16,dynamic,16,omp-avx2,yes,unset,unset,hype2,12.2.0,-O3 -Wall -Wextra -std=c++17 -fopenmp -ffp-contract=off -DOMP_EXPLICIT_SIMD=1 -march=haswell,5,776.974238,775.565706,777.707031,776.682588,0.881643,1.305546
control_half_noise_6000x6000.png,6000,6000,Adaptive_Median,16,static,,off,yes,unset,unset,hype2,12.2.0,-O3 -Wall -Wextra -std=c++17 -fopenmp -ffp-contract=off -DOMP_EXPLICIT_SIMD=0 -fno-tree-vectorize,5,970.293115,968.568617,977.910312,971.573801,3.654219,1.000000
control_half_noise_6000x6000.png,6000,6000,Adaptive_Median,16,static,,off-avx2,yes,unset,unset,hype2,12.2.0,-O3 -Wall -Wextra -std=c++17 -fopenmp -ffp-contract=off -DOMP_EXPLICIT_SIMD=0 -fno-tree-vectorize -march=haswell,5,994.689474,994.290565,997.153135,995.271804,1.162627,1.000000
control_half_noise_6000x6000.png,6000,6000,Adaptive_Median,16,static,,omp,yes,unset,unset,hype2,12.2.0,-O3 -Wall -Wextra -std=c++17 -fopenmp -ffp-contract=off -DOMP_EXPLICIT_SIMD=1,5,989.657275,986.187324,991.217030,989.326597,1.873654,1.000000
control_half_noise_6000x6000.png,6000,6000,Adaptive_Median,16,static,,omp-avx2,yes,unset,unset,hype2,12.2.0,-O3 -Wall -Wextra -std=c++17 -fopenmp -ffp-contract=off -DOMP_EXPLICIT_SIMD=1 -march=haswell,5,1014.375530,1012.987204,1018.201853,1015.592021,2.439014,1.000000
control_half_noise_6000x6000.png,6000,6000,Adaptive_Median,2,dynamic,16,off,yes,unset,unset,hype2,12.2.0,-O3 -Wall -Wextra -std=c++17 -fopenmp -ffp-contract=off -DOMP_EXPLICIT_SIMD=0 -fno-tree-vectorize,5,4699.641010,4688.025684,4714.898428,4701.377479,10.082817,1.374923
control_half_noise_6000x6000.png,6000,6000,Adaptive_Median,2,dynamic,16,off-avx2,yes,unset,unset,hype2,12.2.0,-O3 -Wall -Wextra -std=c++17 -fopenmp -ffp-contract=off -DOMP_EXPLICIT_SIMD=0 -fno-tree-vectorize -march=haswell,5,4884.476272,4881.778184,4893.982795,4887.260965,5.658690,1.366102
control_half_noise_6000x6000.png,6000,6000,Adaptive_Median,2,dynamic,16,omp,yes,unset,unset,hype2,12.2.0,-O3 -Wall -Wextra -std=c++17 -fopenmp -ffp-contract=off -DOMP_EXPLICIT_SIMD=1,5,4821.827979,4810.022673,4823.624832,4819.360412,5.604754,1.366166
control_half_noise_6000x6000.png,6000,6000,Adaptive_Median,2,dynamic,16,omp-avx2,yes,unset,unset,hype2,12.2.0,-O3 -Wall -Wextra -std=c++17 -fopenmp -ffp-contract=off -DOMP_EXPLICIT_SIMD=1 -march=haswell,5,4982.562555,4971.463930,5030.111573,4989.934509,23.010955,1.361954
control_half_noise_6000x6000.png,6000,6000,Adaptive_Median,2,static,,off,yes,unset,unset,hype2,12.2.0,-O3 -Wall -Wextra -std=c++17 -fopenmp -ffp-contract=off -DOMP_EXPLICIT_SIMD=0 -fno-tree-vectorize,5,6461.643901,6459.686581,6480.134397,6465.384958,8.456193,1.000000
control_half_noise_6000x6000.png,6000,6000,Adaptive_Median,2,static,,off-avx2,yes,unset,unset,hype2,12.2.0,-O3 -Wall -Wextra -std=c++17 -fopenmp -ffp-contract=off -DOMP_EXPLICIT_SIMD=0 -fno-tree-vectorize -march=haswell,5,6672.690772,6663.667513,6678.771568,6671.507955,6.705786,1.000000
control_half_noise_6000x6000.png,6000,6000,Adaptive_Median,2,static,,omp,yes,unset,unset,hype2,12.2.0,-O3 -Wall -Wextra -std=c++17 -fopenmp -ffp-contract=off -DOMP_EXPLICIT_SIMD=1,5,6587.419079,6585.637530,6605.050459,6591.252373,8.098797,1.000000
control_half_noise_6000x6000.png,6000,6000,Adaptive_Median,2,static,,omp-avx2,yes,unset,unset,hype2,12.2.0,-O3 -Wall -Wextra -std=c++17 -fopenmp -ffp-contract=off -DOMP_EXPLICIT_SIMD=1 -march=haswell,5,6786.019968,6784.548062,6797.342839,6788.409828,5.310348,1.000000
control_half_noise_6000x6000.png,6000,6000,Adaptive_Median,20,dynamic,1,off,yes,unset,unset,hype2,12.2.0,-O3 -Wall -Wextra -std=c++17 -fopenmp -ffp-contract=off -DOMP_EXPLICIT_SIMD=0 -fno-tree-vectorize,5,598.827495,597.335019,603.777019,600.298729,2.819714,1.340349
control_half_noise_6000x6000.png,6000,6000,Adaptive_Median,20,dynamic,1,off-avx2,yes,unset,unset,hype2,12.2.0,-O3 -Wall -Wextra -std=c++17 -fopenmp -ffp-contract=off -DOMP_EXPLICIT_SIMD=0 -fno-tree-vectorize -march=haswell,5,621.088544,619.488165,621.458833,620.807985,0.808372,1.327099
control_half_noise_6000x6000.png,6000,6000,Adaptive_Median,20,dynamic,1,omp,yes,unset,unset,hype2,12.2.0,-O3 -Wall -Wextra -std=c++17 -fopenmp -ffp-contract=off -DOMP_EXPLICIT_SIMD=1,5,615.067507,613.536378,615.797450,614.654682,1.005933,1.328977
control_half_noise_6000x6000.png,6000,6000,Adaptive_Median,20,dynamic,1,omp-avx2,yes,unset,unset,hype2,12.2.0,-O3 -Wall -Wextra -std=c++17 -fopenmp -ffp-contract=off -DOMP_EXPLICIT_SIMD=1 -march=haswell,5,630.034785,629.098230,631.456882,630.249502,0.989510,1.331254
control_half_noise_6000x6000.png,6000,6000,Adaptive_Median,20,dynamic,16,off,yes,unset,unset,hype2,12.2.0,-O3 -Wall -Wextra -std=c++17 -fopenmp -ffp-contract=off -DOMP_EXPLICIT_SIMD=0 -fno-tree-vectorize,5,603.524610,603.092292,604.987365,603.980876,0.927705,1.329917
control_half_noise_6000x6000.png,6000,6000,Adaptive_Median,20,dynamic,16,off-avx2,yes,unset,unset,hype2,12.2.0,-O3 -Wall -Wextra -std=c++17 -fopenmp -ffp-contract=off -DOMP_EXPLICIT_SIMD=0 -fno-tree-vectorize -march=haswell,5,625.897810,625.407030,627.489451,626.231890,0.891080,1.316901
control_half_noise_6000x6000.png,6000,6000,Adaptive_Median,20,dynamic,16,omp,yes,unset,unset,hype2,12.2.0,-O3 -Wall -Wextra -std=c++17 -fopenmp -ffp-contract=off -DOMP_EXPLICIT_SIMD=1,5,620.009253,618.594505,641.101142,624.845666,9.417058,1.318385
control_half_noise_6000x6000.png,6000,6000,Adaptive_Median,20,dynamic,16,omp-avx2,yes,unset,unset,hype2,12.2.0,-O3 -Wall -Wextra -std=c++17 -fopenmp -ffp-contract=off -DOMP_EXPLICIT_SIMD=1 -march=haswell,5,636.606433,635.643008,637.558621,636.661485,0.729092,1.317511
control_half_noise_6000x6000.png,6000,6000,Adaptive_Median,20,dynamic,256,off,yes,unset,unset,hype2,12.2.0,-O3 -Wall -Wextra -std=c++17 -fopenmp -ffp-contract=off -DOMP_EXPLICIT_SIMD=0 -fno-tree-vectorize,5,827.071616,824.249143,841.002610,829.165641,6.918589,0.970458
control_half_noise_6000x6000.png,6000,6000,Adaptive_Median,20,dynamic,256,off-avx2,yes,unset,unset,hype2,12.2.0,-O3 -Wall -Wextra -std=c++17 -fopenmp -ffp-contract=off -DOMP_EXPLICIT_SIMD=0 -fno-tree-vectorize -march=haswell,5,862.745347,859.509259,1058.331722,901.981422,87.496698,0.955375
control_half_noise_6000x6000.png,6000,6000,Adaptive_Median,20,dynamic,256,omp,yes,unset,unset,hype2,12.2.0,-O3 -Wall -Wextra -std=c++17 -fopenmp -ffp-contract=off -DOMP_EXPLICIT_SIMD=1,5,849.475786,848.970086,870.420571,853.668741,9.381346,0.962253
control_half_noise_6000x6000.png,6000,6000,Adaptive_Median,20,dynamic,256,omp-avx2,yes,unset,unset,hype2,12.2.0,-O3 -Wall -Wextra -std=c++17 -fopenmp -ffp-contract=off -DOMP_EXPLICIT_SIMD=1 -march=haswell,5,879.633867,878.986410,880.511254,879.683972,0.644500,0.953506
control_half_noise_6000x6000.png,6000,6000,Adaptive_Median,20,dynamic,4,off,yes,unset,unset,hype2,12.2.0,-O3 -Wall -Wextra -std=c++17 -fopenmp -ffp-contract=off -DOMP_EXPLICIT_SIMD=0 -fno-tree-vectorize,5,598.889635,597.636784,599.780960,598.801824,0.770719,1.340210
control_half_noise_6000x6000.png,6000,6000,Adaptive_Median,20,dynamic,4,off-avx2,yes,unset,unset,hype2,12.2.0,-O3 -Wall -Wextra -std=c++17 -fopenmp -ffp-contract=off -DOMP_EXPLICIT_SIMD=0 -fno-tree-vectorize -march=haswell,5,620.992702,620.352416,623.430670,621.376609,1.244987,1.327303
control_half_noise_6000x6000.png,6000,6000,Adaptive_Median,20,dynamic,4,omp,yes,unset,unset,hype2,12.2.0,-O3 -Wall -Wextra -std=c++17 -fopenmp -ffp-contract=off -DOMP_EXPLICIT_SIMD=1,5,614.737911,613.819088,645.650215,620.615795,14.000465,1.329690
control_half_noise_6000x6000.png,6000,6000,Adaptive_Median,20,dynamic,4,omp-avx2,yes,unset,unset,hype2,12.2.0,-O3 -Wall -Wextra -std=c++17 -fopenmp -ffp-contract=off -DOMP_EXPLICIT_SIMD=1 -march=haswell,5,629.935052,629.662219,632.463428,630.692243,1.219530,1.331464
control_half_noise_6000x6000.png,6000,6000,Adaptive_Median,20,dynamic,64,off,yes,unset,unset,hype2,12.2.0,-O3 -Wall -Wextra -std=c++17 -fopenmp -ffp-contract=off -DOMP_EXPLICIT_SIMD=0 -fno-tree-vectorize,5,626.085599,625.951191,629.833327,627.244365,1.744023,1.281994
control_half_noise_6000x6000.png,6000,6000,Adaptive_Median,20,dynamic,64,off-avx2,yes,unset,unset,hype2,12.2.0,-O3 -Wall -Wextra -std=c++17 -fopenmp -ffp-contract=off -DOMP_EXPLICIT_SIMD=0 -fno-tree-vectorize -march=haswell,5,648.669551,647.750361,651.479360,649.004856,1.441114,1.270671
control_half_noise_6000x6000.png,6000,6000,Adaptive_Median,20,dynamic,64,omp,yes,unset,unset,hype2,12.2.0,-O3 -Wall -Wextra -std=c++17 -fopenmp -ffp-contract=off -DOMP_EXPLICIT_SIMD=1,5,641.938404,641.305431,644.024108,642.219956,1.052813,1.273348
control_half_noise_6000x6000.png,6000,6000,Adaptive_Median,20,dynamic,64,omp-avx2,yes,unset,unset,hype2,12.2.0,-O3 -Wall -Wextra -std=c++17 -fopenmp -ffp-contract=off -DOMP_EXPLICIT_SIMD=1 -march=haswell,5,659.439594,659.165187,663.359645,660.371557,1.770385,1.271892
control_half_noise_6000x6000.png,6000,6000,Adaptive_Median,20,static,,off,yes,unset,unset,hype2,12.2.0,-O3 -Wall -Wextra -std=c++17 -fopenmp -ffp-contract=off -DOMP_EXPLICIT_SIMD=0 -fno-tree-vectorize,5,802.637870,801.122106,838.419808,813.536092,16.906627,1.000000
control_half_noise_6000x6000.png,6000,6000,Adaptive_Median,20,static,,off-avx2,yes,unset,unset,hype2,12.2.0,-O3 -Wall -Wextra -std=c++17 -fopenmp -ffp-contract=off -DOMP_EXPLICIT_SIMD=0 -fno-tree-vectorize -march=haswell,5,824.245689,822.045345,861.035915,831.675505,16.510067,1.000000
control_half_noise_6000x6000.png,6000,6000,Adaptive_Median,20,static,,omp,yes,unset,unset,hype2,12.2.0,-O3 -Wall -Wextra -std=c++17 -fopenmp -ffp-contract=off -DOMP_EXPLICIT_SIMD=1,5,817.410851,815.678765,972.518176,849.225565,69.004686,1.000000
control_half_noise_6000x6000.png,6000,6000,Adaptive_Median,20,static,,omp-avx2,yes,unset,unset,hype2,12.2.0,-O3 -Wall -Wextra -std=c++17 -fopenmp -ffp-contract=off -DOMP_EXPLICIT_SIMD=1 -march=haswell,5,838.736122,837.755939,839.024927,838.531292,0.531877,1.000000
control_half_noise_6000x6000.png,6000,6000,Adaptive_Median,4,dynamic,16,off,yes,unset,unset,hype2,12.2.0,-O3 -Wall -Wextra -std=c++17 -fopenmp -ffp-contract=off -DOMP_EXPLICIT_SIMD=0 -fno-tree-vectorize,5,2388.881554,2385.451771,2390.771260,2388.466994,1.959964,1.369121
control_half_noise_6000x6000.png,6000,6000,Adaptive_Median,4,dynamic,16,off-avx2,yes,unset,unset,hype2,12.2.0,-O3 -Wall -Wextra -std=c++17 -fopenmp -ffp-contract=off -DOMP_EXPLICIT_SIMD=0 -fno-tree-vectorize -march=haswell,5,2482.862246,2473.865179,2488.802978,2482.563023,5.581295,1.368205
control_half_noise_6000x6000.png,6000,6000,Adaptive_Median,4,dynamic,16,omp,yes,unset,unset,hype2,12.2.0,-O3 -Wall -Wextra -std=c++17 -fopenmp -ffp-contract=off -DOMP_EXPLICIT_SIMD=1,5,2444.282241,2439.006517,2450.648343,2444.397823,4.301401,1.365417
control_half_noise_6000x6000.png,6000,6000,Adaptive_Median,4,dynamic,16,omp-avx2,yes,unset,unset,hype2,12.2.0,-O3 -Wall -Wextra -std=c++17 -fopenmp -ffp-contract=off -DOMP_EXPLICIT_SIMD=1 -march=haswell,5,2532.731577,2524.734286,2541.593541,2533.416114,6.077087,1.357238
control_half_noise_6000x6000.png,6000,6000,Adaptive_Median,4,static,,off,yes,unset,unset,hype2,12.2.0,-O3 -Wall -Wextra -std=c++17 -fopenmp -ffp-contract=off -DOMP_EXPLICIT_SIMD=0 -fno-tree-vectorize,5,3270.668426,3266.714994,3297.248320,3274.817495,12.674539,1.000000
control_half_noise_6000x6000.png,6000,6000,Adaptive_Median,4,static,,off-avx2,yes,unset,unset,hype2,12.2.0,-O3 -Wall -Wextra -std=c++17 -fopenmp -ffp-contract=off -DOMP_EXPLICIT_SIMD=0 -fno-tree-vectorize -march=haswell,5,3397.064464,3370.077926,3433.350576,3399.758033,23.587474,1.000000
control_half_noise_6000x6000.png,6000,6000,Adaptive_Median,4,static,,omp,yes,unset,unset,hype2,12.2.0,-O3 -Wall -Wextra -std=c++17 -fopenmp -ffp-contract=off -DOMP_EXPLICIT_SIMD=1,5,3337.463734,3330.331230,3351.344497,3339.100700,8.550150,1.000000
control_half_noise_6000x6000.png,6000,6000,Adaptive_Median,4,static,,omp-avx2,yes,unset,unset,hype2,12.2.0,-O3 -Wall -Wextra -std=c++17 -fopenmp -ffp-contract=off -DOMP_EXPLICIT_SIMD=1 -march=haswell,5,3437.518637,3433.587669,3451.445705,3440.821553,7.650714,1.000000
control_half_noise_6000x6000.png,6000,6000,Adaptive_Median,8,dynamic,16,off,yes,unset,unset,hype2,12.2.0,-O3 -Wall -Wextra -std=c++17 -fopenmp -ffp-contract=off -DOMP_EXPLICIT_SIMD=0 -fno-tree-vectorize,5,1354.642183,1350.230895,1361.689756,1354.596979,4.691312,1.293419
control_half_noise_6000x6000.png,6000,6000,Adaptive_Median,8,dynamic,16,off-avx2,yes,unset,unset,hype2,12.2.0,-O3 -Wall -Wextra -std=c++17 -fopenmp -ffp-contract=off -DOMP_EXPLICIT_SIMD=0 -fno-tree-vectorize -march=haswell,5,1406.650451,1405.306004,1408.394425,1406.730661,1.210061,1.286025
control_half_noise_6000x6000.png,6000,6000,Adaptive_Median,8,dynamic,16,omp,yes,unset,unset,hype2,12.2.0,-O3 -Wall -Wextra -std=c++17 -fopenmp -ffp-contract=off -DOMP_EXPLICIT_SIMD=1,5,1394.014448,1384.770309,1397.963559,1392.380990,5.992948,1.283770
control_half_noise_6000x6000.png,6000,6000,Adaptive_Median,8,dynamic,16,omp-avx2,yes,unset,unset,hype2,12.2.0,-O3 -Wall -Wextra -std=c++17 -fopenmp -ffp-contract=off -DOMP_EXPLICIT_SIMD=1 -march=haswell,5,1430.886473,1426.063855,1432.212093,1430.124790,2.435819,1.285983
control_half_noise_6000x6000.png,6000,6000,Adaptive_Median,8,static,,off,yes,unset,unset,hype2,12.2.0,-O3 -Wall -Wextra -std=c++17 -fopenmp -ffp-contract=off -DOMP_EXPLICIT_SIMD=0 -fno-tree-vectorize,5,1752.120130,1743.719634,1768.107673,1754.527269,9.024136,1.000000
control_half_noise_6000x6000.png,6000,6000,Adaptive_Median,8,static,,off-avx2,yes,unset,unset,hype2,12.2.0,-O3 -Wall -Wextra -std=c++17 -fopenmp -ffp-contract=off -DOMP_EXPLICIT_SIMD=0 -fno-tree-vectorize -march=haswell,5,1808.987089,1799.969862,1824.235825,1811.303523,10.997625,1.000000
control_half_noise_6000x6000.png,6000,6000,Adaptive_Median,8,static,,omp,yes,unset,unset,hype2,12.2.0,-O3 -Wall -Wextra -std=c++17 -fopenmp -ffp-contract=off -DOMP_EXPLICIT_SIMD=1,5,1789.594277,1785.502374,1796.605860,1790.293008,3.999783,1.000000
control_half_noise_6000x6000.png,6000,6000,Adaptive_Median,8,static,,omp-avx2,yes,unset,unset,hype2,12.2.0,-O3 -Wall -Wextra -std=c++17 -fopenmp -ffp-contract=off -DOMP_EXPLICIT_SIMD=1 -march=haswell,5,1840.096114,1834.077834,1855.668606,1841.496670,8.876080,1.000000
control_noise_6000x6000.png,6000,6000,Adaptive_Median,1,dynamic,16,off,yes,unset,unset,hype2,12.2.0,-O3 -Wall -Wextra -std=c++17 -fopenmp -ffp-contract=off -DOMP_EXPLICIT_SIMD=0 -fno-tree-vectorize,5,9182.483493,9171.694755,9191.804981,9182.237506,7.342742,1.001784
control_noise_6000x6000.png,6000,6000,Adaptive_Median,1,dynamic,16,off-avx2,yes,unset,unset,hype2,12.2.0,-O3 -Wall -Wextra -std=c++17 -fopenmp -ffp-contract=off -DOMP_EXPLICIT_SIMD=0 -fno-tree-vectorize -march=haswell,5,9681.268978,9676.926189,9691.879973,9682.952313,5.779641,1.001340
control_noise_6000x6000.png,6000,6000,Adaptive_Median,1,dynamic,16,omp,yes,unset,unset,hype2,12.2.0,-O3 -Wall -Wextra -std=c++17 -fopenmp -ffp-contract=off -DOMP_EXPLICIT_SIMD=1,5,9373.405951,9358.006416,9388.783932,9374.242111,12.261139,0.999424
control_noise_6000x6000.png,6000,6000,Adaptive_Median,1,dynamic,16,omp-avx2,yes,unset,unset,hype2,12.2.0,-O3 -Wall -Wextra -std=c++17 -fopenmp -ffp-contract=off -DOMP_EXPLICIT_SIMD=1 -march=haswell,5,9951.722692,9949.577739,10071.862425,9976.440534,53.465203,1.000390
control_noise_6000x6000.png,6000,6000,Adaptive_Median,1,static,,off,yes,unset,unset,hype2,12.2.0,-O3 -Wall -Wextra -std=c++17 -fopenmp -ffp-contract=off -DOMP_EXPLICIT_SIMD=0 -fno-tree-vectorize,5,9198.869296,9175.155989,9204.386286,9193.012168,12.304468,1.000000
control_noise_6000x6000.png,6000,6000,Adaptive_Median,1,static,,off-avx2,yes,unset,unset,hype2,12.2.0,-O3 -Wall -Wextra -std=c++17 -fopenmp -ffp-contract=off -DOMP_EXPLICIT_SIMD=0 -fno-tree-vectorize -march=haswell,5,9694.241869,9669.919196,9721.280046,9694.357231,18.480725,1.000000
control_noise_6000x6000.png,6000,6000,Adaptive_Median,1,static,,omp,yes,unset,unset,hype2,12.2.0,-O3 -Wall -Wextra -std=c++17 -fopenmp -ffp-contract=off -DOMP_EXPLICIT_SIMD=1,5,9368.003556,9355.272031,9373.258535,9364.736677,8.538793,1.000000
control_noise_6000x6000.png,6000,6000,Adaptive_Median,1,static,,omp-avx2,yes,unset,unset,hype2,12.2.0,-O3 -Wall -Wextra -std=c++17 -fopenmp -ffp-contract=off -DOMP_EXPLICIT_SIMD=1 -march=haswell,5,9955.600876,9946.360501,10005.412691,9968.293901,25.486265,1.000000
control_noise_6000x6000.png,6000,6000,Adaptive_Median,12,dynamic,16,off,yes,unset,unset,hype2,12.2.0,-O3 -Wall -Wextra -std=c++17 -fopenmp -ffp-contract=off -DOMP_EXPLICIT_SIMD=0 -fno-tree-vectorize,5,932.438616,932.069590,934.431773,932.844918,0.956161,0.981918
control_noise_6000x6000.png,6000,6000,Adaptive_Median,12,dynamic,16,off-avx2,yes,unset,unset,hype2,12.2.0,-O3 -Wall -Wextra -std=c++17 -fopenmp -ffp-contract=off -DOMP_EXPLICIT_SIMD=0 -fno-tree-vectorize -march=haswell,5,982.743467,982.266752,984.747107,983.012255,1.022830,0.980613
control_noise_6000x6000.png,6000,6000,Adaptive_Median,12,dynamic,16,omp,yes,unset,unset,hype2,12.2.0,-O3 -Wall -Wextra -std=c++17 -fopenmp -ffp-contract=off -DOMP_EXPLICIT_SIMD=1,5,954.549139,953.350562,956.892649,954.740691,1.304262,0.980346
control_noise_6000x6000.png,6000,6000,Adaptive_Median,12,dynamic,16,omp-avx2,yes,unset,unset,hype2,12.2.0,-O3 -Wall -Wextra -std=c++17 -fopenmp -ffp-contract=off -DOMP_EXPLICIT_SIMD=1 -march=haswell,5,1010.272799,1008.871791,1011.984861,1010.541902,1.223330,0.979717
control_noise_6000x6000.png,6000,6000,Adaptive_Median,12,static,,off,yes,unset,unset,hype2,12.2.0,-O3 -Wall -Wextra -std=c++17 -fopenmp -ffp-contract=off -DOMP_EXPLICIT_SIMD=0 -fno-tree-vectorize,5,915.578188,913.561711,968.330603,928.757664,23.364789,1.000000
control_noise_6000x6000.png,6000,6000,Adaptive_Median,12,static,,off-avx2,yes,unset,unset,hype2,12.2.0,-O3 -Wall -Wextra -std=c++17 -fopenmp -ffp-contract=off -DOMP_EXPLICIT_SIMD=0 -fno-tree-vectorize -march=haswell,5,963.690669,961.395837,986.849256,970.515079,11.301842,1.000000
control_noise_6000x6000.png,6000,6000,Adaptive_Median,12,static,,omp,yes,unset,unset,hype2,12.2.0,-O3 -Wall -Wextra -std=c++17 -fopenmp -ffp-contract=off -DOMP_EXPLICIT_SIMD=1,5,935.788319,934.622555,940.408551,936.554553,2.232440,1.000000
control_noise_6000x6000.png,6000,6000,Adaptive_Median,12,static,,omp-avx2,yes,unset,unset,hype2,12.2.0,-O3 -Wall -Wextra -std=c++17 -fopenmp -ffp-contract=off -DOMP_EXPLICIT_SIMD=1 -march=haswell,5,989.781304,987.391463,992.861701,989.932513,1.946458,1.000000
control_noise_6000x6000.png,6000,6000,Adaptive_Median,16,dynamic,16,off,yes,unset,unset,hype2,12.2.0,-O3 -Wall -Wextra -std=c++17 -fopenmp -ffp-contract=off -DOMP_EXPLICIT_SIMD=0 -fno-tree-vectorize,5,711.154671,710.274522,712.417431,711.369402,0.815431,0.977083
control_noise_6000x6000.png,6000,6000,Adaptive_Median,16,dynamic,16,off-avx2,yes,unset,unset,hype2,12.2.0,-O3 -Wall -Wextra -std=c++17 -fopenmp -ffp-contract=off -DOMP_EXPLICIT_SIMD=0 -fno-tree-vectorize -march=haswell,5,749.036158,747.569726,751.209932,748.934482,1.449289,0.977765
control_noise_6000x6000.png,6000,6000,Adaptive_Median,16,dynamic,16,omp,yes,unset,unset,hype2,12.2.0,-O3 -Wall -Wextra -std=c++17 -fopenmp -ffp-contract=off -DOMP_EXPLICIT_SIMD=1,5,728.365128,727.552957,728.902484,728.284251,0.502545,0.977814
control_noise_6000x6000.png,6000,6000,Adaptive_Median,16,dynamic,16,omp-avx2,yes,unset,unset,hype2,12.2.0,-O3 -Wall -Wextra -std=c++17 -fopenmp -ffp-contract=off -DOMP_EXPLICIT_SIMD=1 -march=haswell,5,768.980429,768.232476,769.470717,768.929210,0.448193,0.978373
control_noise_6000x6000.png,6000,6000,Adaptive_Median,16,static,,off,yes,unset,unset,hype2,12.2.0,-O3 -Wall -Wextra -std=c++17 -fopenmp -ffp-contract=off -DOMP_EXPLICIT_SIMD=0 -fno-tree-vectorize,5,694.856791,694.341877,696.552633,695.376502,1.011509,1.000000
control_noise_6000x6000.png,6000,6000,Adaptive_Median,16,static,,off-avx2,yes,unset,unset,hype2,12.2.0,-O3 -Wall -Wextra -std=c++17 -fopenmp -ffp-contract=off -DOMP_EXPLICIT_SIMD=0 -fno-tree-vectorize -march=haswell,5,732.381616,731.021503,735.492195,733.113711,2.102761,1.000000
control_noise_6000x6000.png,6000,6000,Adaptive_Median,16,static,,omp,yes,unset,unset,hype2,12.2.0,-O3 -Wall -Wextra -std=c++17 -fopenmp -ffp-contract=off -DOMP_EXPLICIT_SIMD=1,5,712.205492,711.628687,727.856952,715.841991,6.938204,1.000000
control_noise_6000x6000.png,6000,6000,Adaptive_Median,16,static,,omp-avx2,yes,unset,unset,hype2,12.2.0,-O3 -Wall -Wextra -std=c++17 -fopenmp -ffp-contract=off -DOMP_EXPLICIT_SIMD=1 -march=haswell,5,752.349719,751.152404,772.575593,760.062638,11.413258,1.000000
control_noise_6000x6000.png,6000,6000,Adaptive_Median,2,dynamic,16,off,yes,unset,unset,hype2,12.2.0,-O3 -Wall -Wextra -std=c++17 -fopenmp -ffp-contract=off -DOMP_EXPLICIT_SIMD=0 -fno-tree-vectorize,5,4623.299686,4615.661798,4630.191797,4623.160054,6.119650,0.998966
control_noise_6000x6000.png,6000,6000,Adaptive_Median,2,dynamic,16,off-avx2,yes,unset,unset,hype2,12.2.0,-O3 -Wall -Wextra -std=c++17 -fopenmp -ffp-contract=off -DOMP_EXPLICIT_SIMD=0 -fno-tree-vectorize -march=haswell,5,4871.903317,4868.357509,4940.157055,4884.513031,31.156995,0.999252
control_noise_6000x6000.png,6000,6000,Adaptive_Median,2,dynamic,16,omp,yes,unset,unset,hype2,12.2.0,-O3 -Wall -Wextra -std=c++17 -fopenmp -ffp-contract=off -DOMP_EXPLICIT_SIMD=1,5,4718.405422,4710.469717,4723.117116,4717.317725,5.265458,0.998018
control_noise_6000x6000.png,6000,6000,Adaptive_Median,2,dynamic,16,omp-avx2,yes,unset,unset,hype2,12.2.0,-O3 -Wall -Wextra -std=c++17 -fopenmp -ffp-contract=off -DOMP_EXPLICIT_SIMD=1 -march=haswell,5,5013.617194,5006.911858,5051.833150,5021.970542,18.224251,0.997338
control_noise_6000x6000.png,6000,6000,Adaptive_Median,2,static,,off,yes,unset,unset,hype2,12.2.0,-O3 -Wall -Wextra -std=c++17 -fopenmp -ffp-contract=off -DOMP_EXPLICIT_SIMD=0 -fno-tree-vectorize,5,4618.517760,4607.680172,4623.473372,4616.101227,6.249090,1.000000
control_noise_6000x6000.png,6000,6000,Adaptive_Median,2,static,,off-avx2,yes,unset,unset,hype2,12.2.0,-O3 -Wall -Wextra -std=c++17 -fopenmp -ffp-contract=off -DOMP_EXPLICIT_SIMD=0 -fno-tree-vectorize -march=haswell,5,4868.257852,4864.010508,4882.860163,4870.691746,7.597707,1.000000
control_noise_6000x6000.png,6000,6000,Adaptive_Median,2,static,,omp,yes,unset,unset,hype2,12.2.0,-O3 -Wall -Wextra -std=c++17 -fopenmp -ffp-contract=off -DOMP_EXPLICIT_SIMD=1,5,4709.055743,4700.662315,4721.857589,4709.905791,7.703060,1.000000
control_noise_6000x6000.png,6000,6000,Adaptive_Median,2,static,,omp-avx2,yes,unset,unset,hype2,12.2.0,-O3 -Wall -Wextra -std=c++17 -fopenmp -ffp-contract=off -DOMP_EXPLICIT_SIMD=1 -march=haswell,5,5000.273400,4994.314726,5014.393770,5003.233791,9.765282,1.000000
control_noise_6000x6000.png,6000,6000,Adaptive_Median,20,dynamic,1,off,yes,unset,unset,hype2,12.2.0,-O3 -Wall -Wextra -std=c++17 -fopenmp -ffp-contract=off -DOMP_EXPLICIT_SIMD=0 -fno-tree-vectorize,5,568.024564,566.792266,597.218708,573.453250,13.303406,0.994717
control_noise_6000x6000.png,6000,6000,Adaptive_Median,20,dynamic,1,off-avx2,yes,unset,unset,hype2,12.2.0,-O3 -Wall -Wextra -std=c++17 -fopenmp -ffp-contract=off -DOMP_EXPLICIT_SIMD=0 -fno-tree-vectorize -march=haswell,5,596.293419,595.534538,597.525385,596.530606,0.774614,0.995505
control_noise_6000x6000.png,6000,6000,Adaptive_Median,20,dynamic,1,omp,yes,unset,unset,hype2,12.2.0,-O3 -Wall -Wextra -std=c++17 -fopenmp -ffp-contract=off -DOMP_EXPLICIT_SIMD=1,5,581.587224,580.891563,612.579423,587.738642,13.894712,1.031686
control_noise_6000x6000.png,6000,6000,Adaptive_Median,20,dynamic,1,omp-avx2,yes,unset,unset,hype2,12.2.0,-O3 -Wall -Wextra -std=c++17 -fopenmp -ffp-contract=off -DOMP_EXPLICIT_SIMD=1 -march=haswell,5,614.039918,612.357509,617.197307,614.287220,1.978813,0.993326
control_noise_6000x6000.png,6000,6000,Adaptive_Median,20,dynamic,16,off,yes,unset,unset,hype2,12.2.0,-O3 -Wall -Wextra -std=c++17 -fopenmp -ffp-contract=off -DOMP_EXPLICIT_SIMD=0 -fno-tree-vectorize,5,574.253859,573.632009,616.846787,582.688415,19.097706,0.983927
control_noise_6000x6000.png,6000,6000,Adaptive_Median,20,dynamic,16,off-avx2,yes,unset,unset,hype2,12.2.0,-O3 -Wall -Wextra -std=c++17 -fopenmp -ffp-contract=off -DOMP_EXPLICIT_SIMD=0 -fno-tree-vectorize -march=haswell,5,602.906043,602.516479,605.036116,603.272585,1.031694,0.984587
control_noise_6000x6000.png,6000,6000,Adaptive_Median,20,dynamic,16,omp,yes,unset,unset,hype2,12.2.0,-O3 -Wall -Wextra -std=c++17 -fopenmp -ffp-contract=off -DOMP_EXPLICIT_SIMD=1,5,588.297928,587.870300,588.757820,588.371483,0.358365,1.019918
control_noise_6000x6000.png,6000,6000,Adaptive_Median,20,dynamic,16,omp-avx2,yes,unset,unset,hype2,12.2.0,-O3 -Wall -Wextra -std=c++17 -fopenmp -ffp-contract=off -DOMP_EXPLICIT_SIMD=1 -march=haswell,5,620.161903,618.447992,621.857194,620.247341,1.371805,0.983520
control_noise_6000x6000.png,6000,6000,Adaptive_Median,20,dynamic,256,off,yes,unset,unset,hype2,12.2.0,-O3 -Wall -Wextra -std=c++17 -fopenmp -ffp-contract=off -DOMP_EXPLICIT_SIMD=0 -fno-tree-vectorize,5,910.625317,907.561056,911.597394,910.269468,1.611607,0.620479
control_noise_6000x6000.png,6000,6000,Adaptive_Median,20,dynamic,256,off-avx2,yes,unset,unset,hype2,12.2.0,-O3 -Wall -Wextra -std=c++17 -fopenmp -ffp-contract=off -DOMP_EXPLICIT_SIMD=0 -fno-tree-vectorize -march=haswell,5,958.706981,957.671666,960.882915,958.879514,1.261187,0.619181
control_noise_6000x6000.png,6000,6000,Adaptive_Median,20,dynamic,256,omp,yes,unset,unset,hype2,12.2.0,-O3 -Wall -Wextra -std=c++17 -fopenmp -ffp-contract=off -DOMP_EXPLICIT_SIMD=1,5,928.449382,928.025708,940.600947,931.602941,5.352530,0.646255
control_noise_6000x6000.png,6000,6000,Adaptive_Median,20,dynamic,256,omp-avx2,yes,unset,unset,hype2,12.2.0,-O3 -Wall -Wextra -std=c++17 -fopenmp -ffp-contract=off -DOMP_EXPLICIT_SIMD=1 -march=haswell,5,984.873291,972.344798,985.868835,982.640630,5.770461,0.619310
control_noise_6000x6000.png,6000,6000,Adaptive_Median,20,dynamic,4,off,yes,unset,unset,hype2,12.2.0,-O3 -Wall -Wextra -std=c++17 -fopenmp -ffp-contract=off -DOMP_EXPLICIT_SIMD=0 -fno-tree-vectorize,5,567.588053,566.627334,571.270108,568.173317,1.825349,0.995482
control_noise_6000x6000.png,6000,6000,Adaptive_Median,20,dynamic,4,off-avx2,yes,unset,unset,hype2,12.2.0,-O3 -Wall -Wextra -std=c++17 -fopenmp -ffp-contract=off -DOMP_EXPLICIT_SIMD=0 -fno-tree-vectorize -march=haswell,5,596.843788,595.779624,625.158400,607.467828,15.526958,0.994587
control_noise_6000x6000.png,6000,6000,Adaptive_Median,20,dynamic,4,omp,yes,unset,unset,hype2,12.2.0,-O3 -Wall -Wextra -std=c++17 -fopenmp -ffp-contract=off -DOMP_EXPLICIT_SIMD=1,5,581.099120,580.154658,582.890181,581.483306,1.166951,1.032553
control_noise_6000x6000.png,6000,6000,Adaptive_Median,20,dynamic,4,omp-avx2,yes,unset,unset,hype2,12.2.0,-O3 -Wall -Wextra -std=c++17 -fopenmp -ffp-contract=off -DOMP_EXPLICIT_SIMD=1 -march=haswell,5,612.366488,611.066640,616.512064,613.228731,2.216760,0.996041
control_noise_6000x6000.png,6000,6000,Adaptive_Median,20,dynamic,64,off,yes,unset,unset,hype2,12.2.0,-O3 -Wall -Wextra -std=c++17 -fopenmp -ffp-contract=off -DOMP_EXPLICIT_SIMD=0 -fno-tree-vectorize,5,600.115846,599.455310,601.206267,600.137741,0.681281,0.941524
control_noise_6000x6000.png,6000,6000,Adaptive_Median,20,dynamic,64,off-avx2,yes,unset,unset,hype2,12.2.0,-O3 -Wall -Wextra -std=c++17 -fopenmp -ffp-contract=off -DOMP_EXPLICIT_SIMD=0 -fno-tree-vectorize -march=haswell,5,630.406918,630.312415,631.826099,630.807688,0.663811,0.941635
control_noise_6000x6000.png,6000,6000,Adaptive_Median,20,dynamic,64,omp,yes,unset,unset,hype2,12.2.0,-O3 -Wall -Wextra -std=c++17 -fopenmp -ffp-contract=off -DOMP_EXPLICIT_SIMD=1,5,614.363784,613.737118,614.466373,614.148827,0.349336,0.976645
control_noise_6000x6000.png,6000,6000,Adaptive_Median,20,dynamic,64,omp-avx2,yes,unset,unset,hype2,12.2.0,-O3 -Wall -Wextra -std=c++17 -fopenmp -ffp-contract=off -DOMP_EXPLICIT_SIMD=1 -march=haswell,5,646.999191,646.696026,648.527382,647.404464,0.750008,0.942724
control_noise_6000x6000.png,6000,6000,Adaptive_Median,20,static,,off,yes,unset,unset,hype2,12.2.0,-O3 -Wall -Wextra -std=c++17 -fopenmp -ffp-contract=off -DOMP_EXPLICIT_SIMD=0 -fno-tree-vectorize,5,565.023745,564.619663,599.938507,571.888265,15.681461,1.000000
control_noise_6000x6000.png,6000,6000,Adaptive_Median,20,static,,off-avx2,yes,unset,unset,hype2,12.2.0,-O3 -Wall -Wextra -std=c++17 -fopenmp -ffp-contract=off -DOMP_EXPLICIT_SIMD=0 -fno-tree-vectorize -march=haswell,5,593.613253,592.941791,635.659694,601.954655,18.845807,1.000000
control_noise_6000x6000.png,6000,6000,Adaptive_Median,20,static,,omp,yes,unset,unset,hype2,12.2.0,-O3 -Wall -Wextra -std=c++17 -fopenmp -ffp-contract=off -DOMP_EXPLICIT_SIMD=1,5,600.015514,577.487764,613.644303,595.528880,15.684701,1.000000
control_noise_6000x6000.png,6000,6000,Adaptive_Median,20,static,,omp-avx2,yes,unset,unset,hype2,12.2.0,-O3 -Wall -Wextra -std=c++17 -fopenmp -ffp-contract=off -DOMP_EXPLICIT_SIMD=1 -march=haswell,5,609.941887,608.422627,771.049625,641.599348,72.368818,1.000000
control_noise_6000x6000.png,6000,6000,Adaptive_Median,4,dynamic,16,off,yes,unset,unset,hype2,12.2.0,-O3 -Wall -Wextra -std=c++17 -fopenmp -ffp-contract=off -DOMP_EXPLICIT_SIMD=0 -fno-tree-vectorize,5,2348.884764,2343.997681,2458.641343,2369.626694,49.806455,0.997554
control_noise_6000x6000.png,6000,6000,Adaptive_Median,4,dynamic,16,off-avx2,yes,unset,unset,hype2,12.2.0,-O3 -Wall -Wextra -std=c++17 -fopenmp -ffp-contract=off -DOMP_EXPLICIT_SIMD=0 -fno-tree-vectorize -march=haswell,5,2477.431281,2470.941399,2594.305104,2520.367401,64.361456,1.002518
control_noise_6000x6000.png,6000,6000,Adaptive_Median,4,dynamic,16,omp,yes,unset,unset,hype2,12.2.0,-O3 -Wall -Wextra -std=c++17 -fopenmp -ffp-contract=off -DOMP_EXPLICIT_SIMD=1,5,2399.425622,2390.050850,2406.798531,2398.138550,6.506016,1.007322
control_noise_6000x6000.png,6000,6000,Adaptive_Median,4,dynamic,16,omp-avx2,yes,unset,unset,hype2,12.2.0,-O3 -Wall -Wextra -std=c++17 -fopenmp -ffp-contract=off -DOMP_EXPLICIT_SIMD=1 -march=haswell,5,2548.012467,2536.410477,2659.222668,2567.657956,51.689945,1.000595
control_noise_6000x6000.png,6000,6000,Adaptive_Median,4,static,,off,yes,unset,unset,hype2,12.2.0,-O3 -Wall -Wextra -std=c++17 -fopenmp -ffp-contract=off -DOMP_EXPLICIT_SIMD=0 -fno-tree-vectorize,5,2343.139642,2327.403964,2359.743593,2342.696795,13.789836,1.000000
control_noise_6000x6000.png,6000,6000,Adaptive_Median,4,static,,off-avx2,yes,unset,unset,hype2,12.2.0,-O3 -Wall -Wextra -std=c++17 -fopenmp -ffp-contract=off -DOMP_EXPLICIT_SIMD=0 -fno-tree-vectorize -march=haswell,5,2483.668579,2472.584530,2514.719346,2490.014183,16.729693,1.000000
control_noise_6000x6000.png,6000,6000,Adaptive_Median,4,static,,omp,yes,unset,unset,hype2,12.2.0,-O3 -Wall -Wextra -std=c++17 -fopenmp -ffp-contract=off -DOMP_EXPLICIT_SIMD=1,5,2416.995385,2384.818238,2533.274773,2434.391729,59.169980,1.000000
control_noise_6000x6000.png,6000,6000,Adaptive_Median,4,static,,omp-avx2,yes,unset,unset,hype2,12.2.0,-O3 -Wall -Wextra -std=c++17 -fopenmp -ffp-contract=off -DOMP_EXPLICIT_SIMD=1 -march=haswell,5,2549.528210,2545.497665,2559.940180,2551.309759,5.594854,1.000000
control_noise_6000x6000.png,6000,6000,Adaptive_Median,8,dynamic,16,off,yes,unset,unset,hype2,12.2.0,-O3 -Wall -Wextra -std=c++17 -fopenmp -ffp-contract=off -DOMP_EXPLICIT_SIMD=0 -fno-tree-vectorize,5,1323.087824,1317.262776,1337.191453,1324.919982,7.752518,0.994478
control_noise_6000x6000.png,6000,6000,Adaptive_Median,8,dynamic,16,off-avx2,yes,unset,unset,hype2,12.2.0,-O3 -Wall -Wextra -std=c++17 -fopenmp -ffp-contract=off -DOMP_EXPLICIT_SIMD=0 -fno-tree-vectorize -march=haswell,5,1384.463330,1378.808848,1393.013376,1385.465109,6.723570,1.000166
control_noise_6000x6000.png,6000,6000,Adaptive_Median,8,dynamic,16,omp,yes,unset,unset,hype2,12.2.0,-O3 -Wall -Wextra -std=c++17 -fopenmp -ffp-contract=off -DOMP_EXPLICIT_SIMD=1,5,1347.565555,1340.301426,1357.096939,1347.519532,6.442093,0.997677
control_noise_6000x6000.png,6000,6000,Adaptive_Median,8,dynamic,16,omp-avx2,yes,unset,unset,hype2,12.2.0,-O3 -Wall -Wextra -std=c++17 -fopenmp -ffp-contract=off -DOMP_EXPLICIT_SIMD=1 -march=haswell,5,1418.638004,1417.274569,1432.071900,1422.537981,6.772221,1.005623
control_noise_6000x6000.png,6000,6000,Adaptive_Median,8,static,,off,yes,unset,unset,hype2,12.2.0,-O3 -Wall -Wextra -std=c++17 -fopenmp -ffp-contract=off -DOMP_EXPLICIT_SIMD=0 -fno-tree-vectorize,5,1315.781608,1308.434323,1323.117964,1315.832053,5.439591,1.000000
control_noise_6000x6000.png,6000,6000,Adaptive_Median,8,static,,off-avx2,yes,unset,unset,hype2,12.2.0,-O3 -Wall -Wextra -std=c++17 -fopenmp -ffp-contract=off -DOMP_EXPLICIT_SIMD=0 -fno-tree-vectorize -march=haswell,5,1384.692668,1381.124189,1405.640022,1387.762058,10.181362,1.000000
control_noise_6000x6000.png,6000,6000,Adaptive_Median,8,static,,omp,yes,unset,unset,hype2,12.2.0,-O3 -Wall -Wextra -std=c++17 -fopenmp -ffp-contract=off -DOMP_EXPLICIT_SIMD=1,5,1344.435337,1341.744274,1351.656149,1344.879159,4.007709,1.000000
control_noise_6000x6000.png,6000,6000,Adaptive_Median,8,static,,omp-avx2,yes,unset,unset,hype2,12.2.0,-O3 -Wall -Wextra -std=c++17 -fopenmp -ffp-contract=off -DOMP_EXPLICIT_SIMD=1 -march=haswell,5,1426.615295,1418.055382,1433.498136,1426.722822,6.161652,1.000000
control_smooth_6000x6000.png,6000,6000,Adaptive_Median,1,dynamic,16,off,yes,unset,unset,hype2,12.2.0,-O3 -Wall -Wextra -std=c++17 -fopenmp -ffp-contract=off -DOMP_EXPLICIT_SIMD=0 -fno-tree-vectorize,5,12625.886962,12616.763779,12650.604848,12629.631427,14.551406,1.001535
control_smooth_6000x6000.png,6000,6000,Adaptive_Median,1,dynamic,16,off-avx2,yes,unset,unset,hype2,12.2.0,-O3 -Wall -Wextra -std=c++17 -fopenmp -ffp-contract=off -DOMP_EXPLICIT_SIMD=0 -fno-tree-vectorize -march=haswell,5,13014.162504,12999.339976,13018.691852,13011.352693,8.247292,1.000294
control_smooth_6000x6000.png,6000,6000,Adaptive_Median,1,dynamic,16,omp,yes,unset,unset,hype2,12.2.0,-O3 -Wall -Wextra -std=c++17 -fopenmp -ffp-contract=off -DOMP_EXPLICIT_SIMD=1,5,12908.831111,12899.290919,12921.659833,12909.274243,8.535565,1.001405
control_smooth_6000x6000.png,6000,6000,Adaptive_Median,1,dynamic,16,omp-avx2,yes,unset,unset,hype2,12.2.0,-O3 -Wall -Wextra -std=c++17 -fopenmp -ffp-contract=off -DOMP_EXPLICIT_SIMD=1 -march=haswell,5,13193.781221,13184.179068,13208.355548,13194.401650,9.887663,0.999992
control_smooth_6000x6000.png,6000,6000,Adaptive_Median,1,static,,off,yes,unset,unset,hype2,12.2.0,-O3 -Wall -Wextra -std=c++17 -fopenmp -ffp-contract=off -DOMP_EXPLICIT_SIMD=0 -fno-tree-vectorize,5,12645.270146,12638.755788,12660.499945,12647.800119,8.165012,1.000000
control_smooth_6000x6000.png,6000,6000,Adaptive_Median,1,static,,off-avx2,yes,unset,unset,hype2,12.2.0,-O3 -Wall -Wextra -std=c++17 -fopenmp -ffp-contract=off -DOMP_EXPLICIT_SIMD=0 -fno-tree-vectorize -march=haswell,5,13017.989097,13016.112161,13023.725534,13019.310069,3.310684,1.000000
control_smooth_6000x6000.png,6000,6000,Adaptive_Median,1,static,,omp,yes,unset,unset,hype2,12.2.0,-O3 -Wall -Wextra -std=c++17 -fopenmp -ffp-contract=off -DOMP_EXPLICIT_SIMD=1,5,12926.963910,12914.970124,12944.136812,12928.578742,11.404196,1.000000
control_smooth_6000x6000.png,6000,6000,Adaptive_Median,1,static,,omp-avx2,yes,unset,unset,hype2,12.2.0,-O3 -Wall -Wextra -std=c++17 -fopenmp -ffp-contract=off -DOMP_EXPLICIT_SIMD=1 -march=haswell,5,13193.671244,13188.977129,13205.481365,13194.770556,6.833083,1.000000
control_smooth_6000x6000.png,6000,6000,Adaptive_Median,12,dynamic,16,off,yes,unset,unset,hype2,12.2.0,-O3 -Wall -Wextra -std=c++17 -fopenmp -ffp-contract=off -DOMP_EXPLICIT_SIMD=0 -fno-tree-vectorize,5,1317.371023,1315.802504,1317.912866,1316.882113,0.997420,0.982936
control_smooth_6000x6000.png,6000,6000,Adaptive_Median,12,dynamic,16,off-avx2,yes,unset,unset,hype2,12.2.0,-O3 -Wall -Wextra -std=c++17 -fopenmp -ffp-contract=off -DOMP_EXPLICIT_SIMD=0 -fno-tree-vectorize -march=haswell,5,1352.123298,1351.089809,1353.280453,1352.142326,0.849250,0.981222
control_smooth_6000x6000.png,6000,6000,Adaptive_Median,12,dynamic,16,omp,yes,unset,unset,hype2,12.2.0,-O3 -Wall -Wextra -std=c++17 -fopenmp -ffp-contract=off -DOMP_EXPLICIT_SIMD=1,5,1344.475237,1344.038633,1344.617614,1344.374940,0.258288,0.981409
control_smooth_6000x6000.png,6000,6000,Adaptive_Median,12,dynamic,16,omp-avx2,yes,unset,unset,hype2,12.2.0,-O3 -Wall -Wextra -std=c++17 -fopenmp -ffp-contract=off -DOMP_EXPLICIT_SIMD=1 -march=haswell,5,1369.898480,1369.003879,1372.783252,1370.537700,1.636929,0.983569
control_smooth_6000x6000.png,6000,6000,Adaptive_Median,12,static,,off,yes,unset,unset,hype2,12.2.0,-O3 -Wall -Wextra -std=c++17 -fopenmp -ffp-contract=off -DOMP_EXPLICIT_SIMD=0 -fno-tree-vectorize,5,1294.891022,1292.632165,1295.792361,1294.722783,1.242731,1.000000
control_smooth_6000x6000.png,6000,6000,Adaptive_Median,12,static,,off-avx2,yes,unset,unset,hype2,12.2.0,-O3 -Wall -Wextra -std=c++17 -fopenmp -ffp-contract=off -DOMP_EXPLICIT_SIMD=0 -fno-tree-vectorize -march=haswell,5,1326.732948,1325.769123,1327.555297,1326.606155,0.813037,1.000000
control_smooth_6000x6000.png,6000,6000,Adaptive_Median,12,static,,omp,yes,unset,unset,hype2,12.2.0,-O3 -Wall -Wextra -std=c++17 -fopenmp -ffp-contract=off -DOMP_EXPLICIT_SIMD=1,5,1319.479896,1318.025449,1360.655064,1327.389768,18.622328,1.000000
control_smooth_6000x6000.png,6000,6000,Adaptive_Median,12,static,,omp-avx2,yes,unset,unset,hype2,12.2.0,-O3 -Wall -Wextra -std=c++17 -fopenmp -ffp-contract=off -DOMP_EXPLICIT_SIMD=1 -march=haswell,5,1347.389908,1345.322315,1350.849865,1347.373748,2.172742,1.000000
control_smooth_6000x6000.png,6000,6000,Adaptive_Median,16,dynamic,16,off,yes,unset,unset,hype2,12.2.0,-O3 -Wall -Wextra -std=c++17 -fopenmp -ffp-contract=off -DOMP_EXPLICIT_SIMD=0 -fno-tree-vectorize,5,1013.212956,1011.520493,1013.372682,1012.913786,0.785605,0.981456
control_smooth_6000x6000.png,6000,6000,Adaptive_Median,16,dynamic,16,off-avx2,yes,unset,unset,hype2,12.2.0,-O3 -Wall -Wextra -std=c++17 -fopenmp -ffp-contract=off -DOMP_EXPLICIT_SIMD=0 -fno-tree-vectorize -march=haswell,5,1039.252080,1038.609305,1040.226920,1039.434895,0.723118,0.979675
control_smooth_6000x6000.png,6000,6000,Adaptive_Median,16,dynamic,16,omp,yes,unset,unset,hype2,12.2.0,-O3 -Wall -Wextra -std=c++17 -fopenmp -ffp-contract=off -DOMP_EXPLICIT_SIMD=1,5,1033.017247,1032.487271,1033.296846,1032.916285,0.315532,0.980488
control_smooth_6000x6000.png,6000,6000,Adaptive_Median,16,dynamic,16,omp-avx2,yes,unset,unset,hype2,12.2.0,-O3 -Wall -Wextra -std=c++17 -fopenmp -ffp-contract=off -DOMP_EXPLICIT_SIMD=1 -march=haswell,5,1052.892494,1052.760884,1054.063252,1053.186102,0.543726,0.980572
control_smooth_6000x6000.png,6000,6000,Adaptive_Median,16,static,,off,yes,unset,unset,hype2,12.2.0,-O3 -Wall -Wextra -std=c++17 -fopenmp -ffp-contract=off -DOMP_EXPLICIT_SIMD=0 -fno-tree-vectorize,5,994.424210,993.367123,1018.232035,1001.887249,11.489370,1.000000
control_smooth_6000x6000.png,6000,6000,Adaptive_Median,16,static,,off-avx2,yes,unset,unset,hype2,12.2.0,-O3 -Wall -Wextra -std=c++17 -fopenmp -ffp-contract=off -DOMP_EXPLICIT_SIMD=0 -fno-tree-vectorize -march=haswell,5,1018.128978,1017.587550,1055.487914,1026.451734,16.397755,1.000000
control_smooth_6000x6000.png,6000,6000,Adaptive_Median,16,static,,omp,yes,unset,unset,hype2,12.2.0,-O3 -Wall -Wextra -std=c++17 -fopenmp -ffp-contract=off -DOMP_EXPLICIT_SIMD=1,5,1012.860538,1010.476787,1043.892540,1018.812816,14.128342,1.000000
control_smooth_6000x6000.png,6000,6000,Adaptive_Median,16,static,,omp-avx2,yes,unset,unset,hype2,12.2.0,-O3 -Wall -Wextra -std=c++17 -fopenmp -ffp-contract=off -DOMP_EXPLICIT_SIMD=1 -march=haswell,5,1032.436763,1030.907539,1033.845095,1032.400945,1.050762,1.000000
control_smooth_6000x6000.png,6000,6000,Adaptive_Median,2,dynamic,16,off,yes,unset,unset,hype2,12.2.0,-O3 -Wall -Wextra -std=c++17 -fopenmp -ffp-contract=off -DOMP_EXPLICIT_SIMD=0 -fno-tree-vectorize,5,6379.580476,6374.312905,6386.186519,6379.544625,5.134082,0.998738
control_smooth_6000x6000.png,6000,6000,Adaptive_Median,2,dynamic,16,off-avx2,yes,unset,unset,hype2,12.2.0,-O3 -Wall -Wextra -std=c++17 -fopenmp -ffp-contract=off -DOMP_EXPLICIT_SIMD=0 -fno-tree-vectorize -march=haswell,5,6570.452651,6561.257469,6582.256942,6571.530401,7.911495,0.998271
control_smooth_6000x6000.png,6000,6000,Adaptive_Median,2,dynamic,16,omp,yes,unset,unset,hype2,12.2.0,-O3 -Wall -Wextra -std=c++17 -fopenmp -ffp-contract=off -DOMP_EXPLICIT_SIMD=1,5,6518.338772,6511.726841,6540.909109,6522.713449,11.996918,0.999329
control_smooth_6000x6000.png,6000,6000,Adaptive_Median,2,dynamic,16,omp-avx2,yes,unset,unset,hype2,12.2.0,-O3 -Wall -Wextra -std=c++17 -fopenmp -ffp-contract=off -DOMP_EXPLICIT_SIMD=1 -march=haswell,5,6674.296544,6650.789841,6675.130700,6668.946282,10.387780,0.996273
control_smooth_6000x6000.png,6000,6000,Adaptive_Median,2,static,,off,yes,unset,unset,hype2,12.2.0,-O3 -Wall -Wextra -std=c++17 -fopenmp -ffp-contract=off -DOMP_EXPLICIT_SIMD=0 -fno-tree-vectorize,5,6371.526879,6367.337525,6406.770396,6378.154623,16.311419,1.000000
control_smooth_6000x6000.png,6000,6000,Adaptive_Median,2,static,,off-avx2,yes,unset,unset,hype2,12.2.0,-O3 -Wall -Wextra -std=c++17 -fopenmp -ffp-contract=off -DOMP_EXPLICIT_SIMD=0 -fno-tree-vectorize -march=haswell,5,6559.092481,6556.951289,6589.654044,6564.977529,13.844579,1.000000
control_smooth_6000x6000.png,6000,6000,Adaptive_Median,2,static,,omp,yes,unset,unset,hype2,12.2.0,-O3 -Wall -Wextra -std=c++17 -fopenmp -ffp-contract=off -DOMP_EXPLICIT_SIMD=1,5,6513.967891,6511.575680,6615.384406,6544.376280,46.117653,1.000000
control_smooth_6000x6000.png,6000,6000,Adaptive_Median,2,static,,omp-avx2,yes,unset,unset,hype2,12.2.0,-O3 -Wall -Wextra -std=c++17 -fopenmp -ffp-contract=off -DOMP_EXPLICIT_SIMD=1 -march=haswell,5,6649.424306,6644.944336,6670.944967,6654.285478,10.550075,1.000000
control_smooth_6000x6000.png,6000,6000,Adaptive_Median,20,dynamic,1,off,yes,unset,unset,hype2,12.2.0,-O3 -Wall -Wextra -std=c++17 -fopenmp -ffp-contract=off -DOMP_EXPLICIT_SIMD=0 -fno-tree-vectorize,5,814.964257,813.554624,816.485427,814.972531,1.039947,0.998194
control_smooth_6000x6000.png,6000,6000,Adaptive_Median,20,dynamic,1,off-avx2,yes,unset,unset,hype2,12.2.0,-O3 -Wall -Wextra -std=c++17 -fopenmp -ffp-contract=off -DOMP_EXPLICIT_SIMD=0 -fno-tree-vectorize -march=haswell,5,834.106047,833.831890,836.784379,834.791022,1.269005,0.999273
control_smooth_6000x6000.png,6000,6000,Adaptive_Median,20,dynamic,1,omp,yes,unset,unset,hype2,12.2.0,-O3 -Wall -Wextra -std=c++17 -fopenmp -ffp-contract=off -DOMP_EXPLICIT_SIMD=1,5,831.565561,829.528328,840.279180,833.383689,4.169165,0.995255
control_smooth_6000x6000.png,6000,6000,Adaptive_Median,20,dynamic,1,omp-avx2,yes,unset,unset,hype2,12.2.0,-O3 -Wall -Wextra -std=c++17 -fopenmp -ffp-contract=off -DOMP_EXPLICIT_SIMD=1 -march=haswell,5,845.676885,844.995208,876.501462,851.668273,13.887684,0.997573
control_smooth_6000x6000.png,6000,6000,Adaptive_Median,20,dynamic,16,off,yes,unset,unset,hype2,12.2.0,-O3 -Wall -Wextra -std=c++17 -fopenmp -ffp-contract=off -DOMP_EXPLICIT_SIMD=0 -fno-tree-vectorize,5,824.082138,822.062973,824.533232,823.741921,0.991662,0.987150
control_smooth_6000x6000.png,6000,6000,Adaptive_Median,20,dynamic,16,off-avx2,yes,unset,unset,hype2,12.2.0,-O3 -Wall -Wextra -std=c++17 -fopenmp -ffp-contract=off -DOMP_EXPLICIT_SIMD=0 -fno-tree-vectorize -march=haswell,5,844.013043,843.008262,846.017560,844.197709,1.141195,0.987544
control_smooth_6000x6000.png,6000,6000,Adaptive_Median,20,dynamic,16,omp,yes,unset,unset,hype2,12.2.0,-O3 -Wall -Wextra -std=c++17 -fopenmp -ffp-contract=off -DOMP_EXPLICIT_SIMD=1,5,839.241507,838.963288,840.266413,839.430478,0.517108,0.986152
control_smooth_6000x6000.png,6000,6000,Adaptive_Median,20,dynamic,16,omp-avx2,yes,unset,unset,hype2,12.2.0,-O3 -Wall -Wextra -std=c++17 -fopenmp -ffp-contract=off -DOMP_EXPLICIT_SIMD=1 -march=haswell,5,855.819746,854.246512,870.149616,858.635329,6.523533,0.985751
control_smooth_6000x6000.png,6000,6000,Adaptive_Median,20,dynamic,256,off,yes,unset,unset,hype2,12.2.0,-O3 -Wall -Wextra -std=c++17 -fopenmp -ffp-contract=off -DOMP_EXPLICIT_SIMD=0 -fno-tree-vectorize,5,1279.098683,1268.310832,1291.870648,1278.886330,9.439032,0.635989
control_smooth_6000x6000.png,6000,6000,Adaptive_Median,20,dynamic,256,off-avx2,yes,unset,unset,hype2,12.2.0,-O3 -Wall -Wextra -std=c++17 -fopenmp -ffp-contract=off -DOMP_EXPLICIT_SIMD=0 -fno-tree-vectorize -march=haswell,5,1308.555583,1301.951623,1316.123160,1309.778681,5.660102,0.636962
control_smooth_6000x6000.png,6000,6000,Adaptive_Median,20,dynamic,256,omp,yes,unset,unset,hype2,12.2.0,-O3 -Wall -Wextra -std=c++17 -fopenmp -ffp-contract=off -DOMP_EXPLICIT_SIMD=1,5,1295.248422,1288.983152,1306.070406,1296.097055,6.948679,0.638966
control_smooth_6000x6000.png,6000,6000,Adaptive_Median,20,dynamic,256,omp-avx2,yes,unset,unset,hype2,12.2.0,-O3 -Wall -Wextra -std=c++17 -fopenmp -ffp-contract=off -DOMP_EXPLICIT_SIMD=1 -march=haswell,5,1330.631426,1323.028449,1338.905045,1330.215230,6.006794,0.634003
control_smooth_6000x6000.png,6000,6000,Adaptive_Median,20,dynamic,4,off,yes,unset,unset,hype2,12.2.0,-O3 -Wall -Wextra -std=c++17 -fopenmp -ffp-contract=off -DOMP_EXPLICIT_SIMD=0 -fno-tree-vectorize,5,815.437511,813.985176,822.416258,816.339637,3.472246,0.997615
control_smooth_6000x6000.png,6000,6000,Adaptive_Median,20,dynamic,4,off-avx2,yes,unset,unset,hype2,12.2.0,-O3 -Wall -Wextra -std=c++17 -fopenmp -ffp-contract=off -DOMP_EXPLICIT_SIMD=0 -fno-tree-vectorize -march=haswell,5,835.774302,834.255450,842.876318,837.707777,4.068387,0.997279
control_smooth_6000x6000.png,6000,6000,Adaptive_Median,20,dynamic,4,omp,yes,unset,unset,hype2,12.2.0,-O3 -Wall -Wextra -std=c++17 -fopenmp -ffp-contract=off -DOMP_EXPLICIT_SIMD=1,5,830.161538,829.054696,832.792738,830.496724,1.383736,0.996938
control_smooth_6000x6000.png,6000,6000,Adaptive_Median,20,dynamic,4,omp-avx2,yes,unset,unset,hype2,12.2.0,-O3 -Wall -Wextra -std=c++17 -fopenmp -ffp-contract=off -DOMP_EXPLICIT_SIMD=1 -march=haswell,5,845.143731,845.034653,852.039563,846.527758,3.083309,0.998203
control_smooth_6000x6000.png,6000,6000,Adaptive_Median,20,dynamic,64,off,yes,unset,unset,hype2,12.2.0,-O3 -Wall -Wextra -std=c++17 -fopenmp -ffp-contract=off -DOMP_EXPLICIT_SIMD=0 -fno-tree-vectorize,5,860.059458,859.440589,867.652027,862.028431,3.494848,0.945856
control_smooth_6000x6000.png,6000,6000,Adaptive_Median,20,dynamic,64,off-avx2,yes,unset,unset,hype2,12.2.0,-O3 -Wall -Wextra -std=c++17 -fopenmp -ffp-contract=off -DOMP_EXPLICIT_SIMD=0 -fno-tree-vectorize -march=haswell,5,881.955100,880.315306,882.818451,881.847719,0.966811,0.945059
control_smooth_6000x6000.png,6000,6000,Adaptive_Median,20,dynamic,64,omp,yes,unset,unset,hype2,12.2.0,-O3 -Wall -Wextra -std=c++17 -fopenmp -ffp-contract=off -DOMP_EXPLICIT_SIMD=1,5,876.483818,875.981466,897.556536,880.834268,9.379157,0.944250
control_smooth_6000x6000.png,6000,6000,Adaptive_Median,20,dynamic,64,omp-avx2,yes,unset,unset,hype2,12.2.0,-O3 -Wall -Wextra -std=c++17 -fopenmp -ffp-contract=off -DOMP_EXPLICIT_SIMD=1 -march=haswell,5,893.066161,891.047758,893.514919,892.477984,1.185091,0.944639
control_smooth_6000x6000.png,6000,6000,Adaptive_Median,20,static,,off,yes,unset,unset,hype2,12.2.0,-O3 -Wall -Wextra -std=c++17 -fopenmp -ffp-contract=off -DOMP_EXPLICIT_SIMD=0 -fno-tree-vectorize,5,813.492444,812.972731,1043.478492,860.020850,102.569780,1.000000
control_smooth_6000x6000.png,6000,6000,Adaptive_Median,20,static,,off-avx2,yes,unset,unset,hype2,12.2.0,-O3 -Wall -Wextra -std=c++17 -fopenmp -ffp-contract=off -DOMP_EXPLICIT_SIMD=0 -fno-tree-vectorize -march=haswell,5,833.499974,832.704395,851.625552,837.690962,8.043495,1.000000
control_smooth_6000x6000.png,6000,6000,Adaptive_Median,20,static,,omp,yes,unset,unset,hype2,12.2.0,-O3 -Wall -Wextra -std=c++17 -fopenmp -ffp-contract=off -DOMP_EXPLICIT_SIMD=1,5,827.619512,826.663138,860.929004,833.933628,15.097324,1.000000
control_smooth_6000x6000.png,6000,6000,Adaptive_Median,20,static,,omp-avx2,yes,unset,unset,hype2,12.2.0,-O3 -Wall -Wextra -std=c++17 -fopenmp -ffp-contract=off -DOMP_EXPLICIT_SIMD=1 -march=haswell,5,843.624830,842.223254,880.277043,851.449462,16.259020,1.000000
control_smooth_6000x6000.png,6000,6000,Adaptive_Median,4,dynamic,16,off,yes,unset,unset,hype2,12.2.0,-O3 -Wall -Wextra -std=c++17 -fopenmp -ffp-contract=off -DOMP_EXPLICIT_SIMD=0 -fno-tree-vectorize,5,3250.260088,3246.370534,3303.008205,3260.394718,24.036937,1.004818
control_smooth_6000x6000.png,6000,6000,Adaptive_Median,4,dynamic,16,off-avx2,yes,unset,unset,hype2,12.2.0,-O3 -Wall -Wextra -std=c++17 -fopenmp -ffp-contract=off -DOMP_EXPLICIT_SIMD=0 -fno-tree-vectorize -march=haswell,5,3350.334768,3327.710998,3401.683507,3356.159196,27.297640,1.001640
control_smooth_6000x6000.png,6000,6000,Adaptive_Median,4,dynamic,16,omp,yes,unset,unset,hype2,12.2.0,-O3 -Wall -Wextra -std=c++17 -fopenmp -ffp-contract=off -DOMP_EXPLICIT_SIMD=1,5,3326.223552,3308.459080,3379.712365,3330.578541,29.009980,1.002094
control_smooth_6000x6000.png,6000,6000,Adaptive_Median,4,dynamic,16,omp-avx2,yes,unset,unset,hype2,12.2.0,-O3 -Wall -Wextra -std=c++17 -fopenmp -ffp-contract=off -DOMP_EXPLICIT_SIMD=1 -march=haswell,5,3393.981584,3373.343191,3572.992788,3422.269239,84.792749,0.996126
control_smooth_6000x6000.png,6000,6000,Adaptive_Median,4,static,,off,yes,unset,unset,hype2,12.2.0,-O3 -Wall -Wextra -std=c++17 -fopenmp -ffp-contract=off -DOMP_EXPLICIT_SIMD=0 -fno-tree-vectorize,5,3265.920486,3239.873845,3278.454329,3260.810099,16.236489,1.000000
control_smooth_6000x6000.png,6000,6000,Adaptive_Median,4,static,,off-avx2,yes,unset,unset,hype2,12.2.0,-O3 -Wall -Wextra -std=c++17 -fopenmp -ffp-contract=off -DOMP_EXPLICIT_SIMD=0 -fno-tree-vectorize -march=haswell,5,3355.827773,3333.731134,3363.643683,3353.448464,11.695606,1.000000
control_smooth_6000x6000.png,6000,6000,Adaptive_Median,4,static,,omp,yes,unset,unset,hype2,12.2.0,-O3 -Wall -Wextra -std=c++17 -fopenmp -ffp-contract=off -DOMP_EXPLICIT_SIMD=1,5,3333.189730,3317.974208,3367.782358,3339.852800,21.730167,1.000000
control_smooth_6000x6000.png,6000,6000,Adaptive_Median,4,static,,omp-avx2,yes,unset,unset,hype2,12.2.0,-O3 -Wall -Wextra -std=c++17 -fopenmp -ffp-contract=off -DOMP_EXPLICIT_SIMD=1 -march=haswell,5,3380.831966,3376.980724,3423.614059,3388.668574,19.703774,1.000000
control_smooth_6000x6000.png,6000,6000,Adaptive_Median,8,dynamic,16,off,yes,unset,unset,hype2,12.2.0,-O3 -Wall -Wextra -std=c++17 -fopenmp -ffp-contract=off -DOMP_EXPLICIT_SIMD=0 -fno-tree-vectorize,5,1843.567984,1836.634652,1844.760150,1841.269224,3.754934,0.996585
control_smooth_6000x6000.png,6000,6000,Adaptive_Median,8,dynamic,16,off-avx2,yes,unset,unset,hype2,12.2.0,-O3 -Wall -Wextra -std=c++17 -fopenmp -ffp-contract=off -DOMP_EXPLICIT_SIMD=0 -fno-tree-vectorize -march=haswell,5,1892.335370,1888.284543,1898.295682,1892.332503,4.043050,1.000748
control_smooth_6000x6000.png,6000,6000,Adaptive_Median,8,dynamic,16,omp,yes,unset,unset,hype2,12.2.0,-O3 -Wall -Wextra -std=c++17 -fopenmp -ffp-contract=off -DOMP_EXPLICIT_SIMD=1,5,1898.220427,1877.431318,1914.852510,1894.552886,16.294302,0.991189
control_smooth_6000x6000.png,6000,6000,Adaptive_Median,8,dynamic,16,omp-avx2,yes,unset,unset,hype2,12.2.0,-O3 -Wall -Wextra -std=c++17 -fopenmp -ffp-contract=off -DOMP_EXPLICIT_SIMD=1 -march=haswell,5,1921.563981,1915.485262,1926.157045,1921.452331,4.721425,0.997148
control_smooth_6000x6000.png,6000,6000,Adaptive_Median,8,static,,off,yes,unset,unset,hype2,12.2.0,-O3 -Wall -Wextra -std=c++17 -fopenmp -ffp-contract=off -DOMP_EXPLICIT_SIMD=0 -fno-tree-vectorize,5,1837.272554,1832.549725,1841.068096,1837.350875,3.219455,1.000000
control_smooth_6000x6000.png,6000,6000,Adaptive_Median,8,static,,off-avx2,yes,unset,unset,hype2,12.2.0,-O3 -Wall -Wextra -std=c++17 -fopenmp -ffp-contract=off -DOMP_EXPLICIT_SIMD=0 -fno-tree-vectorize -march=haswell,5,1893.751639,1891.334820,1894.977856,1893.312573,1.530003,1.000000
control_smooth_6000x6000.png,6000,6000,Adaptive_Median,8,static,,omp,yes,unset,unset,hype2,12.2.0,-O3 -Wall -Wextra -std=c++17 -fopenmp -ffp-contract=off -DOMP_EXPLICIT_SIMD=1,5,1881.495437,1881.443778,1886.455650,1882.992346,2.245596,1.000000
control_smooth_6000x6000.png,6000,6000,Adaptive_Median,8,static,,omp-avx2,yes,unset,unset,hype2,12.2.0,-O3 -Wall -Wextra -std=c++17 -fopenmp -ffp-contract=off -DOMP_EXPLICIT_SIMD=1 -march=haswell,5,1916.083598,1909.684568,1918.173504,1915.030776,3.251473,1.000000
firework.jpg,11125,16688,Adaptive_Median,1,dynamic,16,off,yes,unset,unset,hype2,12.2.0,-O3 -Wall -Wextra -std=c++17 -fopenmp -ffp-contract=off -DOMP_EXPLICIT_SIMD=0 -fno-tree-vectorize,5,47910.001072,47858.961279,48050.062148,47932.694599,74.073215,1.000572
firework.jpg,11125,16688,Adaptive_Median,1,dynamic,16,off-avx2,yes,unset,unset,hype2,12.2.0,-O3 -Wall -Wextra -std=c++17 -fopenmp -ffp-contract=off -DOMP_EXPLICIT_SIMD=0 -fno-tree-vectorize -march=haswell,5,50063.917806,50007.722707,50084.110303,50054.175876,29.226681,1.000645
firework.jpg,11125,16688,Adaptive_Median,1,dynamic,16,omp,yes,unset,unset,hype2,12.2.0,-O3 -Wall -Wextra -std=c++17 -fopenmp -ffp-contract=off -DOMP_EXPLICIT_SIMD=1,5,48948.344859,48896.605629,48968.068798,48941.713239,28.493919,1.000505
firework.jpg,11125,16688,Adaptive_Median,1,dynamic,16,omp-avx2,yes,unset,unset,hype2,12.2.0,-O3 -Wall -Wextra -std=c++17 -fopenmp -ffp-contract=off -DOMP_EXPLICIT_SIMD=1 -march=haswell,5,50874.345345,50844.064041,50894.228908,50874.577197,20.941920,0.999929
firework.jpg,11125,16688,Adaptive_Median,1,static,,off,yes,unset,unset,hype2,12.2.0,-O3 -Wall -Wextra -std=c++17 -fopenmp -ffp-contract=off -DOMP_EXPLICIT_SIMD=0 -fno-tree-vectorize,5,47937.384972,47927.908256,47967.972887,47942.860344,16.451428,1.000000
firework.jpg,11125,16688,Adaptive_Median,1,static,,off-avx2,yes,unset,unset,hype2,12.2.0,-O3 -Wall -Wextra -std=c++17 -fopenmp -ffp-contract=off -DOMP_EXPLICIT_SIMD=0 -fno-tree-vectorize -march=haswell,5,50096.230401,50033.776923,50102.082858,50081.853779,28.241245,1.000000
firework.jpg,11125,16688,Adaptive_Median,1,static,,omp,yes,unset,unset,hype2,12.2.0,-O3 -Wall -Wextra -std=c++17 -fopenmp -ffp-contract=off -DOMP_EXPLICIT_SIMD=1,5,48973.069465,48897.495199,48990.928995,48952.504036,43.266844,1.000000
firework.jpg,11125,16688,Adaptive_Median,1,static,,omp-avx2,yes,unset,unset,hype2,12.2.0,-O3 -Wall -Wextra -std=c++17 -fopenmp -ffp-contract=off -DOMP_EXPLICIT_SIMD=1 -march=haswell,5,50870.746219,50817.418312,50926.983477,50869.164444,44.048484,1.000000
firework.jpg,11125,16688,Adaptive_Median,12,dynamic,16,off,yes,unset,unset,hype2,12.2.0,-O3 -Wall -Wextra -std=c++17 -fopenmp -ffp-contract=off -DOMP_EXPLICIT_SIMD=0 -fno-tree-vectorize,5,4888.529343,4886.612231,4902.181930,4890.895890,6.366363,1.279648
firework.jpg,11125,16688,Adaptive_Median,12,dynamic,16,off-avx2,yes,unset,unset,hype2,12.2.0,-O3 -Wall -Wextra -std=c++17 -fopenmp -ffp-contract=off -DOMP_EXPLICIT_SIMD=0 -fno-tree-vectorize -march=haswell,5,5093.415355,5090.690737,5095.046321,5093.272373,1.742152,1.265482
firework.jpg,11125,16688,Adaptive_Median,12,dynamic,16,omp,yes,unset,unset,hype2,12.2.0,-O3 -Wall -Wextra -std=c++17 -fopenmp -ffp-contract=off -DOMP_EXPLICIT_SIMD=1,5,4992.226205,4989.146506,5004.688940,4993.948578,6.396502,1.272611
firework.jpg,11125,16688,Adaptive_Median,12,dynamic,16,omp-avx2,yes,unset,unset,hype2,12.2.0,-O3 -Wall -Wextra -std=c++17 -fopenmp -ffp-contract=off -DOMP_EXPLICIT_SIMD=1 -march=haswell,5,5172.828123,5171.692583,5184.398081,5175.319058,5.322860,1.268578
firework.jpg,11125,16688,Adaptive_Median,12,static,,off,yes,unset,unset,hype2,12.2.0,-O3 -Wall -Wextra -std=c++17 -fopenmp -ffp-contract=off -DOMP_EXPLICIT_SIMD=0 -fno-tree-vectorize,5,6255.598808,6229.081888,6266.902542,6247.828731,16.728146,1.000000
firework.jpg,11125,16688,Adaptive_Median,12,static,,off-avx2,yes,unset,unset,hype2,12.2.0,-O3 -Wall -Wextra -std=c++17 -fopenmp -ffp-contract=off -DOMP_EXPLICIT_SIMD=0 -fno-tree-vectorize -march=haswell,5,6445.623968,6440.468874,6467.978125,6452.306663,12.182779,1.000000
firework.jpg,11125,16688,Adaptive_Median,12,static,,omp,yes,unset,unset,hype2,12.2.0,-O3 -Wall -Wextra -std=c++17 -fopenmp -ffp-contract=off -DOMP_EXPLICIT_SIMD=1,5,6353.160641,6343.373259,6362.031840,6352.785290,6.730647,1.000000
firework.jpg,11125,16688,Adaptive_Median,12,static,,omp-avx2,yes,unset,unset,hype2,12.2.0,-O3 -Wall -Wextra -std=c++17 -fopenmp -ffp-contract=off -DOMP_EXPLICIT_SIMD=1 -march=haswell,5,6562.136608,6556.923832,6581.669013,6568.294463,11.156852,1.000000
firework.jpg,11125,16688,Adaptive_Median,16,dynamic,16,off,yes,unset,unset,hype2,12.2.0,-O3 -Wall -Wextra -std=c++17 -fopenmp -ffp-contract=off -DOMP_EXPLICIT_SIMD=0 -fno-tree-vectorize,5,3765.385221,3765.013318,3766.933280,3765.676425,0.740265,1.274765
firework.jpg,11125,16688,Adaptive_Median,16,dynamic,16,off-avx2,yes,unset,unset,hype2,12.2.0,-O3 -Wall -Wextra -std=c++17 -fopenmp -ffp-contract=off -DOMP_EXPLICIT_SIMD=0 -fno-tree-vectorize -march=haswell,5,3919.313642,3918.404871,3921.731326,3919.729733,1.418578,1.267124
firework.jpg,11125,16688,Adaptive_Median,16,dynamic,16,omp,yes,unset,unset,hype2,12.2.0,-O3 -Wall -Wextra -std=c++17 -fopenmp -ffp-contract=off -DOMP_EXPLICIT_SIMD=1,5,3842.844495,3842.290513,3864.187451,3847.322835,9.482472,1.273022
firework.jpg,11125,16688,Adaptive_Median,16,dynamic,16,omp-avx2,yes,unset,unset,hype2,12.2.0,-O3 -Wall -Wextra -std=c++17 -fopenmp -ffp-contract=off -DOMP_EXPLICIT_SIMD=1 -march=haswell,5,3979.436686,3979.266894,3985.832974,3981.308732,2.926681,1.268112
firework.jpg,11125,16688,Adaptive_Median,16,static,,off,yes,unset,unset,hype2,12.2.0,-O3 -Wall -Wextra -std=c++17 -fopenmp -ffp-contract=off -DOMP_EXPLICIT_SIMD=0 -fno-tree-vectorize,5,4799.981364,4795.960930,4820.458312,4804.773183,9.767393,1.000000
firework.jpg,11125,16688,Adaptive_Median,16,static,,off-avx2,yes,unset,unset,hype2,12.2.0,-O3 -Wall -Wextra -std=c++17 -fopenmp -ffp-contract=off -DOMP_EXPLICIT_SIMD=0 -fno-tree-vectorize -march=haswell,5,4966.257364,4958.552996,4991.854946,4969.247548,13.519597,1.000000
firework.jpg,11125,16688,Adaptive_Median,16,static,,omp,yes,unset,unset,hype2,12.2.0,-O3 -Wall -Wextra -std=c++17 -fopenmp -ffp-contract=off -DOMP_EXPLICIT_SIMD=1,5,4892.025164,4882.041259,4927.593642,4896.810725,17.860876,1.000000
firework.jpg,11125,16688,Adaptive_Median,16,static,,omp-avx2,yes,unset,unset,hype2,12.2.0,-O3 -Wall -Wextra -std=c++17 -fopenmp -ffp-contract=off -DOMP_EXPLICIT_SIMD=1 -march=haswell,5,5046.369811,5044.300053,5052.820854,5047.573494,3.279307,1.000000
firework.jpg,11125,16688,Adaptive_Median,2,dynamic,16,off,yes,unset,unset,hype2,12.2.0,-O3 -Wall -Wextra -std=c++17 -fopenmp -ffp-contract=off -DOMP_EXPLICIT_SIMD=0 -fno-tree-vectorize,5,24137.201983,24111.339956,24165.806889,24138.408758,25.612423,1.126070
firework.jpg,11125,16688,Adaptive_Median,2,dynamic,16,off-avx2,yes,unset,unset,hype2,12.2.0,-O3 -Wall -Wextra -std=c++17 -fopenmp -ffp-contract=off -DOMP_EXPLICIT_SIMD=0 -fno-tree-vectorize -march=haswell,5,25200.454384,25181.136040,25256.302716,25209.752255,30.883695,1.121889
firework.jpg,11125,16688,Adaptive_Median,2,dynamic,16,omp,yes,unset,unset,hype2,12.2.0,-O3 -Wall -Wextra -std=c++17 -fopenmp -ffp-contract=off -DOMP_EXPLICIT_SIMD=1,5,24687.245088,24646.113613,24731.744185,24695.450853,36.233151,1.122006
firework.jpg,11125,16688,Adaptive_Median,2,dynamic,16,omp-avx2,yes,unset,unset,hype2,12.2.0,-O3 -Wall -Wextra -std=c++17 -fopenmp -ffp-contract=off -DOMP_EXPLICIT_SIMD=1 -march=haswell,5,25639.362634,25617.575167,25660.181447,25636.907541,18.717590,1.121372
firework.jpg,11125,16688,Adaptive_Median,2,static,,off,yes,unset,unset,hype2,12.2.0,-O3 -Wall -Wextra -std=c++17 -fopenmp -ffp-contract=off -DOMP_EXPLICIT_SIMD=0 -fno-tree-vectorize,5,27180.168266,27163.652858,27234.274710,27191.374707,27.747309,1.000000
firework.jpg,11125,16688,Adaptive_Median,2,static,,off-avx2,yes,unset,unset,hype2,12.2.0,-O3 -Wall -Wextra -std=c++17 -fopenmp -ffp-contract=off -DOMP_EXPLICIT_SIMD=0 -fno-tree-vectorize -march=haswell,5,28272.114956,28246.707427,28299.165891,28274.670276,23.705288,1.000000
firework.jpg,11125,16688,Adaptive_Median,2,static,,omp,yes,unset,unset,hype2,12.2.0,-O3 -Wall -Wextra -std=c++17 -fopenmp -ffp-contract=off -DOMP_EXPLICIT_SIMD=1,5,27699.248745,27692.932271,27759.674356,27718.206857,31.436359,1.000000
firework.jpg,11125,16688,Adaptive_Median,2,static,,omp-avx2,yes,unset,unset,hype2,12.2.0,-O3 -Wall -Wextra -std=c++17 -fopenmp -ffp-contract=off -DOMP_EXPLICIT_SIMD=1 -march=haswell,5,28751.272378,28723.726056,28781.492866,28752.966967,20.781527,1.000000
firework.jpg,11125,16688,Adaptive_Median,20,dynamic,1,off,yes,unset,unset,hype2,12.2.0,-O3 -Wall -Wextra -std=c++17 -fopenmp -ffp-contract=off -DOMP_EXPLICIT_SIMD=0 -fno-tree-vectorize,5,3065.538936,3058.911778,3087.828619,3071.130152,12.267593,1.287863
firework.jpg,11125,16688,Adaptive_Median,20,dynamic,1,off-avx2,yes,unset,unset,hype2,12.2.0,-O3 -Wall -Wextra -std=c++17 -fopenmp -ffp-contract=off -DOMP_EXPLICIT_SIMD=0 -fno-tree-vectorize -march=haswell,5,3187.559285,3182.466655,3192.005562,3186.713248,3.921664,1.281461
firework.jpg,11125,16688,Adaptive_Median,20,dynamic,1,omp,yes,unset,unset,hype2,12.2.0,-O3 -Wall -Wextra -std=c++17 -fopenmp -ffp-contract=off -DOMP_EXPLICIT_SIMD=1,5,3126.920745,3122.089739,3155.050881,3131.048394,13.594901,1.291998
firework.jpg,11125,16688,Adaptive_Median,20,dynamic,1,omp-avx2,yes,unset,unset,hype2,12.2.0,-O3 -Wall -Wextra -std=c++17 -fopenmp -ffp-contract=off -DOMP_EXPLICIT_SIMD=1 -march=haswell,5,3233.734169,3230.847455,3255.830708,3238.018882,10.209463,1.282793
firework.jpg,11125,16688,Adaptive_Median,20,dynamic,16,off,yes,unset,unset,hype2,12.2.0,-O3 -Wall -Wextra -std=c++17 -fopenmp -ffp-contract=off -DOMP_EXPLICIT_SIMD=0 -fno-tree-vectorize,5,3080.297943,3078.594057,3082.970127,3080.695818,1.667340,1.281692
firework.jpg,11125,16688,Adaptive_Median,20,dynamic,16,off-avx2,yes,unset,unset,hype2,12.2.0,-O3 -Wall -Wextra -std=c++17 -fopenmp -ffp-contract=off -DOMP_EXPLICIT_SIMD=0 -fno-tree-vectorize -march=haswell,5,3204.112278,3203.393572,3224.952763,3209.419841,9.252397,1.274840
firework.jpg,11125,16688,Adaptive_Median,20,dynamic,16,omp,yes,unset,unset,hype2,12.2.0,-O3 -Wall -Wextra -std=c++17 -fopenmp -ffp-contract=off -DOMP_EXPLICIT_SIMD=1,5,3142.338587,3139.804620,3145.397109,3142.979298,2.303124,1.285659
firework.jpg,11125,16688,Adaptive_Median,20,dynamic,16,omp-avx2,yes,unset,unset,hype2,12.2.0,-O3 -Wall -Wextra -std=c++17 -fopenmp -ffp-contract=off -DOMP_EXPLICIT_SIMD=1 -march=haswell,5,3252.032461,3249.858479,3255.644082,3252.111519,2.175440,1.275575
firework.jpg,11125,16688,Adaptive_Median,20,dynamic,256,off,yes,unset,unset,hype2,12.2.0,-O3 -Wall -Wextra -std=c++17 -fopenmp -ffp-contract=off -DOMP_EXPLICIT_SIMD=0 -fno-tree-vectorize,5,3618.939469,3611.852175,3628.342543,3619.899024,5.972588,1.090925
firework.jpg,11125,16688,Adaptive_Median,20,dynamic,256,off-avx2,yes,unset,unset,hype2,12.2.0,-O3 -Wall -Wextra -std=c++17 -fopenmp -ffp-contract=off -DOMP_EXPLICIT_SIMD=0 -fno-tree-vectorize -march=haswell,5,3773.334740,3766.204770,3792.824851,3775.275216,10.306566,1.082526
firework.jpg,11125,16688,Adaptive_Median,20,dynamic,256,omp,yes,unset,unset,hype2,12.2.0,-O3 -Wall -Wextra -std=c++17 -fopenmp -ffp-contract=off -DOMP_EXPLICIT_SIMD=1,5,3713.841763,3704.730397,3723.866979,3713.494418,8.165061,1.087816
firework.jpg,11125,16688,Adaptive_Median,20,dynamic,256,omp-avx2,yes,unset,unset,hype2,12.2.0,-O3 -Wall -Wextra -std=c++17 -fopenmp -ffp-contract=off -DOMP_EXPLICIT_SIMD=1 -march=haswell,5,3828.194697,3820.701757,3858.343773,3837.995656,18.393772,1.083594
firework.jpg,11125,16688,Adaptive_Median,20,dynamic,4,off,yes,unset,unset,hype2,12.2.0,-O3 -Wall -Wextra -std=c++17 -fopenmp -ffp-contract=off -DOMP_EXPLICIT_SIMD=0 -fno-tree-vectorize,5,3059.485916,3056.775112,3061.077737,3059.310378,1.643338,1.290411
firework.jpg,11125,16688,Adaptive_Median,20,dynamic,4,off-avx2,yes,unset,unset,hype2,12.2.0,-O3 -Wall -Wextra -std=c++17 -fopenmp -ffp-contract=off -DOMP_EXPLICIT_SIMD=0 -fno-tree-vectorize -march=haswell,5,3182.977845,3178.482839,3195.045489,3184.639448,6.186901,1.283305
firework.jpg,11125,16688,Adaptive_Median,20,dynamic,4,omp,yes,unset,unset,hype2,12.2.0,-O3 -Wall -Wextra -std=c++17 -fopenmp -ffp-contract=off -DOMP_EXPLICIT_SIMD=1,5,3124.318042,3117.383211,3147.177707,3131.021602,14.384909,1.293075
firework.jpg,11125,16688,Adaptive_Median,20,dynamic,4,omp-avx2,yes,unset,unset,hype2,12.2.0,-O3 -Wall -Wextra -std=c++17 -fopenmp -ffp-contract=off -DOMP_EXPLICIT_SIMD=1 -march=haswell,5,3228.847807,3228.053634,3230.668564,3229.191218,1.161038,1.284734
firework.jpg,11125,16688,Adaptive_Median,20,dynamic,64,off,yes,unset,unset,hype2,12.2.0,-O3 -Wall -Wextra -std=c++17 -fopenmp -ffp-contract=off -DOMP_EXPLICIT_SIMD=0 -fno-tree-vectorize,5,3137.005653,3135.078203,3193.847351,3148.241106,25.522080,1.258523
firework.jpg,11125,16688,Adaptive_Median,20,dynamic,64,off-avx2,yes,unset,unset,hype2,12.2.0,-O3 -Wall -Wextra -std=c++17 -fopenmp -ffp-contract=off -DOMP_EXPLICIT_SIMD=0 -fno-tree-vectorize -march=haswell,5,3265.592400,3262.941637,3266.792068,3265.329146,1.451004,1.250839
firework.jpg,11125,16688,Adaptive_Median,20,dynamic,64,omp,yes,unset,unset,hype2,12.2.0,-O3 -Wall -Wextra -std=c++17 -fopenmp -ffp-contract=off -DOMP_EXPLICIT_SIMD=1,5,3207.605356,3205.189139,3244.080420,3214.630356,16.606580,1.259499
firework.jpg,11125,16688,Adaptive_Median,20,dynamic,64,omp-avx2,yes,unset,unset,hype2,12.2.0,-O3 -Wall -Wextra -std=c++17 -fopenmp -ffp-contract=off -DOMP_EXPLICIT_SIMD=1 -march=haswell,5,3312.953818,3311.639231,3338.325813,3322.395217,13.940419,1.252118
firework.jpg,11125,16688,Adaptive_Median,20,static,,off,yes,unset,unset,hype2,12.2.0,-O3 -Wall -Wextra -std=c++17 -fopenmp -ffp-contract=off -DOMP_EXPLICIT_SIMD=0 -fno-tree-vectorize,5,3947.993056,3946.114144,3952.281910,3948.429423,2.352779,1.000000
firework.jpg,11125,16688,Adaptive_Median,20,static,,off-avx2,yes,unset,unset,hype2,12.2.0,-O3 -Wall -Wextra -std=c++17 -fopenmp -ffp-contract=off -DOMP_EXPLICIT_SIMD=0 -fno-tree-vectorize -march=haswell,5,4084.731751,4074.620226,4103.683841,4087.134610,13.269733,1.000000
firework.jpg,11125,16688,Adaptive_Median,20,static,,omp,yes,unset,unset,hype2,12.2.0,-O3 -Wall -Wextra -std=c++17 -fopenmp -ffp-contract=off -DOMP_EXPLICIT_SIMD=1,5,4039.976797,4026.480580,4077.095143,4045.779205,19.018443,1.000000
firework.jpg,11125,16688,Adaptive_Median,20,static,,omp-avx2,yes,unset,unset,hype2,12.2.0,-O3 -Wall -Wextra -std=c++17 -fopenmp -ffp-contract=off -DOMP_EXPLICIT_SIMD=1 -march=haswell,5,4148.210128,4143.877863,4170.141583,4152.300181,10.655223,1.000000
firework.jpg,11125,16688,Adaptive_Median,4,dynamic,16,off,yes,unset,unset,hype2,12.2.0,-O3 -Wall -Wextra -std=c++17 -fopenmp -ffp-contract=off -DOMP_EXPLICIT_SIMD=0 -fno-tree-vectorize,5,12303.666759,12256.176633,12318.193952,12291.061068,25.804667,1.307494
firework.jpg,11125,16688,Adaptive_Median,4,dynamic,16,off-avx2,yes,unset,unset,hype2,12.2.0,-O3 -Wall -Wextra -std=c++17 -fopenmp -ffp-contract=off -DOMP_EXPLICIT_SIMD=0 -fno-tree-vectorize -march=haswell,5,12826.268195,12818.066000,13407.077648,12941.216324,260.492766,1.297041
firework.jpg,11125,16688,Adaptive_Median,4,dynamic,16,omp,yes,unset,unset,hype2,12.2.0,-O3 -Wall -Wextra -std=c++17 -fopenmp -ffp-contract=off -DOMP_EXPLICIT_SIMD=1,5,12548.392668,12508.727650,12575.128907,12547.828851,24.865071,1.303798
firework.jpg,11125,16688,Adaptive_Median,4,dynamic,16,omp-avx2,yes,unset,unset,hype2,12.2.0,-O3 -Wall -Wextra -std=c++17 -fopenmp -ffp-contract=off -DOMP_EXPLICIT_SIMD=1 -march=haswell,5,13045.827344,13001.777440,13077.848095,13043.068296,27.160928,1.298762
firework.jpg,11125,16688,Adaptive_Median,4,static,,off,yes,unset,unset,hype2,12.2.0,-O3 -Wall -Wextra -std=c++17 -fopenmp -ffp-contract=off -DOMP_EXPLICIT_SIMD=0 -fno-tree-vectorize,5,16086.965034,16052.672883,16127.420864,16089.770133,32.583790,1.000000
firework.jpg,11125,16688,Adaptive_Median,4,static,,off-avx2,yes,unset,unset,hype2,12.2.0,-O3 -Wall -Wextra -std=c++17 -fopenmp -ffp-contract=off -DOMP_EXPLICIT_SIMD=0 -fno-tree-vectorize -march=haswell,5,16636.189615,16614.104077,16659.479381,16636.162004,16.180530,1.000000
firework.jpg,11125,16688,Adaptive_Median,4,static,,omp,yes,unset,unset,hype2,12.2.0,-O3 -Wall -Wextra -std=c++17 -fopenmp -ffp-contract=off -DOMP_EXPLICIT_SIMD=1,5,16360.568268,16335.762798,16898.596938,16472.538927,239.703637,1.000000
firework.jpg,11125,16688,Adaptive_Median,4,static,,omp-avx2,yes,unset,unset,hype2,12.2.0,-O3 -Wall -Wextra -std=c++17 -fopenmp -ffp-contract=off -DOMP_EXPLICIT_SIMD=1 -march=haswell,5,16943.425504,16930.106439,16958.312584,16946.224566,11.927043,1.000000
firework.jpg,11125,16688,Adaptive_Median,8,dynamic,16,off,yes,unset,unset,hype2,12.2.0,-O3 -Wall -Wextra -std=c++17 -fopenmp -ffp-contract=off -DOMP_EXPLICIT_SIMD=0 -fno-tree-vectorize,5,6934.535981,6932.117522,6945.719074,6936.248958,5.391995,1.287526
firework.jpg,11125,16688,Adaptive_Median,8,dynamic,16,off-avx2,yes,unset,unset,hype2,12.2.0,-O3 -Wall -Wextra -std=c++17 -fopenmp -ffp-contract=off -DOMP_EXPLICIT_SIMD=0 -fno-tree-vectorize -march=haswell,5,7231.281317,7224.728812,7302.643582,7245.719828,32.866858,1.278947
firework.jpg,11125,16688,Adaptive_Median,8,dynamic,16,omp,yes,unset,unset,hype2,12.2.0,-O3 -Wall -Wextra -std=c++17 -fopenmp -ffp-contract=off -DOMP_EXPLICIT_SIMD=1,5,7078.079833,7072.258047,7079.782682,7077.067723,3.166986,1.283791
firework.jpg,11125,16688,Adaptive_Median,8,dynamic,16,omp-avx2,yes,unset,unset,hype2,12.2.0,-O3 -Wall -Wextra -std=c++17 -fopenmp -ffp-contract=off -DOMP_EXPLICIT_SIMD=1 -march=haswell,5,7370.994791,7343.864399,7376.518018,7361.745307,16.031133,1.273356
firework.jpg,11125,16688,Adaptive_Median,8,static,,off,yes,unset,unset,hype2,12.2.0,-O3 -Wall -Wextra -std=c++17 -fopenmp -ffp-contract=off -DOMP_EXPLICIT_SIMD=0 -fno-tree-vectorize,5,8928.398197,8910.981443,8959.229710,8928.664688,19.251514,1.000000
firework.jpg,11125,16688,Adaptive_Median,8,static,,off-avx2,yes,unset,unset,hype2,12.2.0,-O3 -Wall -Wextra -std=c++17 -fopenmp -ffp-contract=off -DOMP_EXPLICIT_SIMD=0 -fno-tree-vectorize -march=haswell,5,9248.426475,9208.126549,9271.923224,9239.850273,25.166662,1.000000
firework.jpg,11125,16688,Adaptive_Median,8,static,,omp,yes,unset,unset,hype2,12.2.0,-O3 -Wall -Wextra -std=c++17 -fopenmp -ffp-contract=off -DOMP_EXPLICIT_SIMD=1,5,9086.775499,9081.621217,9145.288985,9106.769765,30.957883,1.000000
firework.jpg,11125,16688,Adaptive_Median,8,static,,omp-avx2,yes,unset,unset,hype2,12.2.0,-O3 -Wall -Wextra -std=c++17 -fopenmp -ffp-contract=off -DOMP_EXPLICIT_SIMD=1 -march=haswell,5,9385.896909,9374.888512,9446.455531,9402.176070,30.381020,1.000000
rain_paisage.jpg,12288,16320,Adaptive_Median,1,dynamic,16,off,yes,unset,unset,hype2,12.2.0,-O3 -Wall -Wextra -std=c++17 -fopenmp -ffp-contract=off -DOMP_EXPLICIT_SIMD=0 -fno-tree-vectorize,5,49782.888847,49683.526613,49869.344296,49765.957292,77.984854,0.999051
rain_paisage.jpg,12288,16320,Adaptive_Median,1,dynamic,16,off-avx2,yes,unset,unset,hype2,12.2.0,-O3 -Wall -Wextra -std=c++17 -fopenmp -ffp-contract=off -DOMP_EXPLICIT_SIMD=0 -fno-tree-vectorize -march=haswell,5,51943.584775,51936.934978,52026.280783,51960.990631,37.134339,1.000982
rain_paisage.jpg,12288,16320,Adaptive_Median,1,dynamic,16,omp,yes,unset,unset,hype2,12.2.0,-O3 -Wall -Wextra -std=c++17 -fopenmp -ffp-contract=off -DOMP_EXPLICIT_SIMD=1,5,50741.798170,50689.557062,50766.473163,50733.238269,28.795823,0.999910
rain_paisage.jpg,12288,16320,Adaptive_Median,1,dynamic,16,omp-avx2,yes,unset,unset,hype2,12.2.0,-O3 -Wall -Wextra -std=c++17 -fopenmp -ffp-contract=off -DOMP_EXPLICIT_SIMD=1 -march=haswell,5,52596.240360,52542.476077,52629.506503,52594.669238,33.125391,0.999576
rain_paisage.jpg,12288,16320,Adaptive_Median,1,static,,off,yes,unset,unset,hype2,12.2.0,-O3 -Wall -Wextra -std=c++17 -fopenmp -ffp-contract=off -DOMP_EXPLICIT_SIMD=0 -fno-tree-vectorize,5,49735.662685,49731.197870,49752.311459,49739.344016,8.405288,1.000000
rain_paisage.jpg,12288,16320,Adaptive_Median,1,static,,off-avx2,yes,unset,unset,hype2,12.2.0,-O3 -Wall -Wextra -std=c++17 -fopenmp -ffp-contract=off -DOMP_EXPLICIT_SIMD=0 -fno-tree-vectorize -march=haswell,5,51994.618021,51942.385355,52381.906642,52064.441635,179.460216,1.000000
rain_paisage.jpg,12288,16320,Adaptive_Median,1,static,,omp,yes,unset,unset,hype2,12.2.0,-O3 -Wall -Wextra -std=c++17 -fopenmp -ffp-contract=off -DOMP_EXPLICIT_SIMD=1,5,50737.211248,50693.217519,50775.671619,50740.797721,32.725551,1.000000
rain_paisage.jpg,12288,16320,Adaptive_Median,1,static,,omp-avx2,yes,unset,unset,hype2,12.2.0,-O3 -Wall -Wextra -std=c++17 -fopenmp -ffp-contract=off -DOMP_EXPLICIT_SIMD=1 -march=haswell,5,52573.928831,52546.986810,52617.845217,52579.279190,28.425704,1.000000
rain_paisage.jpg,12288,16320,Adaptive_Median,12,dynamic,16,off,yes,unset,unset,hype2,12.2.0,-O3 -Wall -Wextra -std=c++17 -fopenmp -ffp-contract=off -DOMP_EXPLICIT_SIMD=0 -fno-tree-vectorize,5,5059.368246,5057.890942,5060.430866,5059.375064,1.038767,1.330570
rain_paisage.jpg,12288,16320,Adaptive_Median,12,dynamic,16,off-avx2,yes,unset,unset,hype2,12.2.0,-O3 -Wall -Wextra -std=c++17 -fopenmp -ffp-contract=off -DOMP_EXPLICIT_SIMD=0 -fno-tree-vectorize -march=haswell,5,5276.808265,5270.044122,5286.925887,5276.220872,6.852122,1.316219
rain_paisage.jpg,12288,16320,Adaptive_Median,12,dynamic,16,omp,yes,unset,unset,hype2,12.2.0,-O3 -Wall -Wextra -std=c++17 -fopenmp -ffp-contract=off -DOMP_EXPLICIT_SIMD=1,5,5164.372441,5157.614382,5193.205240,5169.786441,13.758150,1.325655
rain_paisage.jpg,12288,16320,Adaptive_Median,12,dynamic,16,omp-avx2,yes,unset,unset,hype2,12.2.0,-O3 -Wall -Wextra -std=c++17 -fopenmp -ffp-contract=off -DOMP_EXPLICIT_SIMD=1 -march=haswell,5,5335.941882,5329.842761,5341.722204,5335.992902,5.712499,1.320215
rain_paisage.jpg,12288,16320,Adaptive_Median,12,static,,off,yes,unset,unset,hype2,12.2.0,-O3 -Wall -Wextra -std=c++17 -fopenmp -ffp-contract=off -DOMP_EXPLICIT_SIMD=0 -fno-tree-vectorize,5,6731.844540,6723.118803,6763.882568,6738.326376,16.242332,1.000000
rain_paisage.jpg,12288,16320,Adaptive_Median,12,static,,off-avx2,yes,unset,unset,hype2,12.2.0,-O3 -Wall -Wextra -std=c++17 -fopenmp -ffp-contract=off -DOMP_EXPLICIT_SIMD=0 -fno-tree-vectorize -march=haswell,5,6945.435355,6912.531863,6955.948673,6940.111064,16.418113,1.000000
rain_paisage.jpg,12288,16320,Adaptive_Median,12,static,,omp,yes,unset,unset,hype2,12.2.0,-O3 -Wall -Wextra -std=c++17 -fopenmp -ffp-contract=off -DOMP_EXPLICIT_SIMD=1,5,6846.174342,6809.377957,6882.371387,6845.242125,25.897175,1.000000
rain_paisage.jpg,12288,16320,Adaptive_Median,12,static,,omp-avx2,yes,unset,unset,hype2,12.2.0,-O3 -Wall -Wextra -std=c++17 -fopenmp -ffp-contract=off -DOMP_EXPLICIT_SIMD=1 -march=haswell,5,7044.592482,7039.894571,7051.766996,7045.248697,4.326239,1.000000
rain_paisage.jpg,12288,16320,Adaptive_Median,16,dynamic,16,off,yes,unset,unset,hype2,12.2.0,-O3 -Wall -Wextra -std=c++17 -fopenmp -ffp-contract=off -DOMP_EXPLICIT_SIMD=0 -fno-tree-vectorize,5,3882.154632,3880.565364,3885.034994,3882.602290,1.825029,1.346769
rain_paisage.jpg,12288,16320,Adaptive_Median,16,dynamic,16,off-avx2,yes,unset,unset,hype2,12.2.0,-O3 -Wall -Wextra -std=c++17 -fopenmp -ffp-contract=off -DOMP_EXPLICIT_SIMD=0 -fno-tree-vectorize -march=haswell,5,4042.465513,4040.024983,4043.845771,4042.068267,1.495538,1.334179
rain_paisage.jpg,12288,16320,Adaptive_Median,16,dynamic,16,omp,yes,unset,unset,hype2,12.2.0,-O3 -Wall -Wextra -std=c++17 -fopenmp -ffp-contract=off -DOMP_EXPLICIT_SIMD=1,5,3959.893573,3959.011098,3962.788890,3960.485268,1.509050,1.342065
rain_paisage.jpg,12288,16320,Adaptive_Median,16,dynamic,16,omp-avx2,yes,unset,unset,hype2,12.2.0,-O3 -Wall -Wextra -std=c++17 -fopenmp -ffp-contract=off -DOMP_EXPLICIT_SIMD=1 -march=haswell,5,4087.144445,4085.131826,4091.359689,4087.530153,2.314698,1.336786
rain_paisage.jpg,12288,16320,Adaptive_Median,16,static,,off,yes,unset,unset,hype2,12.2.0,-O3 -Wall -Wextra -std=c++17 -fopenmp -ffp-contract=off -DOMP_EXPLICIT_SIMD=0 -fno-tree-vectorize,5,5228.364061,5222.384539,5250.442150,5232.133678,10.999351,1.000000
rain_paisage.jpg,12288,16320,Adaptive_Median,16,static,,off-avx2,yes,unset,unset,hype2,12.2.0,-O3 -Wall -Wextra -std=c++17 -fopenmp -ffp-contract=off -DOMP_EXPLICIT_SIMD=0 -fno-tree-vectorize -march=haswell,5,5393.370976,5388.917909,5408.760914,5396.956324,8.416232,1.000000
rain_paisage.jpg,12288,16320,Adaptive_Median,16,static,,omp,yes,unset,unset,hype2,12.2.0,-O3 -Wall -Wextra -std=c++17 -fopenmp -ffp-contract=off -DOMP_EXPLICIT_SIMD=1,5,5314.435632,5309.656427,5328.097105,5317.232897,8.124722,1.000000
rain_paisage.jpg,12288,16320,Adaptive_Median,16,static,,omp-avx2,yes,unset,unset,hype2,12.2.0,-O3 -Wall -Wextra -std=c++17 -fopenmp -ffp-contract=off -DOMP_EXPLICIT_SIMD=1 -march=haswell,5,5463.638762,5454.218868,5486.600255,5465.082479,12.743909,1.000000
rain_paisage.jpg,12288,16320,Adaptive_Median,2,dynamic,16,off,yes,unset,unset,hype2,12.2.0,-O3 -Wall -Wextra -std=c++17 -fopenmp -ffp-contract=off -DOMP_EXPLICIT_SIMD=0 -fno-tree-vectorize,5,25052.535822,25032.840369,25086.496417,25057.131236,25.125886,1.346480
rain_paisage.jpg,12288,16320,Adaptive_Median,2,dynamic,16,off-avx2,yes,unset,unset,hype2,12.2.0,-O3 -Wall -Wextra -std=c++17 -fopenmp -ffp-contract=off -DOMP_EXPLICIT_SIMD=0 -fno-tree-vectorize -march=haswell,5,26145.761027,26136.892960,26220.959738,26161.466595,34.316923,1.334899
rain_paisage.jpg,12288,16320,Adaptive_Median,2,dynamic,16,omp,yes,unset,unset,hype2,12.2.0,-O3 -Wall -Wextra -std=c++17 -fopenmp -ffp-contract=off -DOMP_EXPLICIT_SIMD=1,5,25545.568613,25521.045277,25602.181378,25554.883786,33.263854,1.339037
rain_paisage.jpg,12288,16320,Adaptive_Median,2,dynamic,16,omp-avx2,yes,unset,unset,hype2,12.2.0,-O3 -Wall -Wextra -std=c++17 -fopenmp -ffp-contract=off -DOMP_EXPLICIT_SIMD=1 -march=haswell,5,26504.236556,26444.591184,26553.658745,26496.699925,40.827115,1.331159
rain_paisage.jpg,12288,16320,Adaptive_Median,2,static,,off,yes,unset,unset,hype2,12.2.0,-O3 -Wall -Wextra -std=c++17 -fopenmp -ffp-contract=off -DOMP_EXPLICIT_SIMD=0 -fno-tree-vectorize,5,33732.728450,33696.952206,33777.444667,33731.970608,29.631645,1.000000
rain_paisage.jpg,12288,16320,Adaptive_Median,2,static,,off-avx2,yes,unset,unset,hype2,12.2.0,-O3 -Wall -Wextra -std=c++17 -fopenmp -ffp-contract=off -DOMP_EXPLICIT_SIMD=0 -fno-tree-vectorize -march=haswell,5,34901.943614,34884.026271,34940.905208,34909.909234,25.908778,1.000000
rain_paisage.jpg,12288,16320,Adaptive_Median,2,static,,omp,yes,unset,unset,hype2,12.2.0,-O3 -Wall -Wextra -std=c++17 -fopenmp -ffp-contract=off -DOMP_EXPLICIT_SIMD=1,5,34206.474046,34161.117859,34292.467237,34215.525475,51.838464,1.000000
rain_paisage.jpg,12288,16320,Adaptive_Median,2,static,,omp-avx2,yes,unset,unset,hype2,12.2.0,-O3 -Wall -Wextra -std=c++17 -fopenmp -ffp-contract=off -DOMP_EXPLICIT_SIMD=1 -march=haswell,5,35281.360441,35224.259596,35405.478448,35289.790172,70.363622,1.000000
rain_paisage.jpg,12288,16320,Adaptive_Median,20,dynamic,1,off,yes,unset,unset,hype2,12.2.0,-O3 -Wall -Wextra -std=c++17 -fopenmp -ffp-contract=off -DOMP_EXPLICIT_SIMD=0 -fno-tree-vectorize,5,3168.359292,3165.293697,3183.471894,3172.158236,8.044388,1.358884
rain_paisage.jpg,12288,16320,Adaptive_Median,20,dynamic,1,off-avx2,yes,unset,unset,hype2,12.2.0,-O3 -Wall -Wextra -std=c++17 -fopenmp -ffp-contract=off -DOMP_EXPLICIT_SIMD=0 -fno-tree-vectorize -march=haswell,5,3294.756954,3293.554039,3297.244598,3295.379195,1.679501,1.346328
rain_paisage.jpg,12288,16320,Adaptive_Median,20,dynamic,1,omp,yes,unset,unset,hype2,12.2.0,-O3 -Wall -Wextra -std=c++17 -fopenmp -ffp-contract=off -DOMP_EXPLICIT_SIMD=1,5,3241.540151,3232.684067,3252.311762,3242.010903,8.059199,1.351311
rain_paisage.jpg,12288,16320,Adaptive_Median,20,dynamic,1,omp-avx2,yes,unset,unset,hype2,12.2.0,-O3 -Wall -Wextra -std=c++17 -fopenmp -ffp-contract=off -DOMP_EXPLICIT_SIMD=1 -march=haswell,5,3330.199959,3325.989539,3333.534807,3330.066494,3.374996,1.349633
rain_paisage.jpg,12288,16320,Adaptive_Median,20,dynamic,16,off,yes,unset,unset,hype2,12.2.0,-O3 -Wall -Wextra -std=c++17 -fopenmp -ffp-contract=off -DOMP_EXPLICIT_SIMD=0 -fno-tree-vectorize,5,3182.262794,3175.897948,3207.477521,3187.625889,12.934516,1.352947
rain_paisage.jpg,12288,16320,Adaptive_Median,20,dynamic,16,off-avx2,yes,unset,unset,hype2,12.2.0,-O3 -Wall -Wextra -std=c++17 -fopenmp -ffp-contract=off -DOMP_EXPLICIT_SIMD=0 -fno-tree-vectorize -march=haswell,5,3311.448684,3294.667649,3344.507401,3313.776018,19.277540,1.339541
rain_paisage.jpg,12288,16320,Adaptive_Median,20,dynamic,16,omp,yes,unset,unset,hype2,12.2.0,-O3 -Wall -Wextra -std=c++17 -fopenmp -ffp-contract=off -DOMP_EXPLICIT_SIMD=1,5,3233.284080,3229.684144,3246.252031,3235.882422,6.846637,1.354761
rain_paisage.jpg,12288,16320,Adaptive_Median,20,dynamic,16,omp-avx2,yes,unset,unset,hype2,12.2.0,-O3 -Wall -Wextra -std=c++17 -fopenmp -ffp-contract=off -DOMP_EXPLICIT_SIMD=1 -march=haswell,5,3339.369867,3328.249600,3368.899531,3346.012555,16.669001,1.345927
rain_paisage.jpg,12288,16320,Adaptive_Median,20,dynamic,256,off,yes,unset,unset,hype2,12.2.0,-O3 -Wall -Wextra -std=c++17 -fopenmp -ffp-contract=off -DOMP_EXPLICIT_SIMD=0 -fno-tree-vectorize,5,3585.578745,3567.593560,3598.169592,3582.031083,12.964974,1.200764
rain_paisage.jpg,12288,16320,Adaptive_Median,20,dynamic,256,off-avx2,yes,unset,unset,hype2,12.2.0,-O3 -Wall -Wextra -std=c++17 -fopenmp -ffp-contract=off -DOMP_EXPLICIT_SIMD=0 -fno-tree-vectorize -march=haswell,5,3724.552465,3697.817287,3734.389201,3721.625820,14.809586,1.190968
rain_paisage.jpg,12288,16320,Adaptive_Median,20,dynamic,256,omp,yes,unset,unset,hype2,12.2.0,-O3 -Wall -Wextra -std=c++17 -fopenmp -ffp-contract=off -DOMP_EXPLICIT_SIMD=1,5,3642.914631,3637.851835,3647.022723,3642.641642,3.951256,1.202424
rain_paisage.jpg,12288,16320,Adaptive_Median,20,dynamic,256,omp-avx2,yes,unset,unset,hype2,12.2.0,-O3 -Wall -Wextra -std=c++17 -fopenmp -ffp-contract=off -DOMP_EXPLICIT_SIMD=1 -march=haswell,5,3774.911584,3754.873433,3788.152332,3775.347785,13.051560,1.190637
rain_paisage.jpg,12288,16320,Adaptive_Median,20,dynamic,4,off,yes,unset,unset,hype2,12.2.0,-O3 -Wall -Wextra -std=c++17 -fopenmp -ffp-contract=off -DOMP_EXPLICIT_SIMD=0 -fno-tree-vectorize,5,3166.479414,3164.404658,3168.612166,3166.493875,1.530953,1.359691
rain_paisage.jpg,12288,16320,Adaptive_Median,20,dynamic,4,off-avx2,yes,unset,unset,hype2,12.2.0,-O3 -Wall -Wextra -std=c++17 -fopenmp -ffp-contract=off -DOMP_EXPLICIT_SIMD=0 -fno-tree-vectorize -march=haswell,5,3295.939878,3289.534344,3342.175837,3307.138360,22.023915,1.345844
rain_paisage.jpg,12288,16320,Adaptive_Median,20,dynamic,4,omp,yes,unset,unset,hype2,12.2.0,-O3 -Wall -Wextra -std=c++17 -fopenmp -ffp-contract=off -DOMP_EXPLICIT_SIMD=1,5,3234.326026,3230.861607,3246.690586,3236.499271,6.458095,1.354325
rain_paisage.jpg,12288,16320,Adaptive_Median,20,dynamic,4,omp-avx2,yes,unset,unset,hype2,12.2.0,-O3 -Wall -Wextra -std=c++17 -fopenmp -ffp-contract=off -DOMP_EXPLICIT_SIMD=1 -march=haswell,5,3333.920215,3330.597865,3356.341919,3337.584247,10.583166,1.348127
rain_paisage.jpg,12288,16320,Adaptive_Median,20,dynamic,64,off,yes,unset,unset,hype2,12.2.0,-O3 -Wall -Wextra -std=c++17 -fopenmp -ffp-contract=off -DOMP_EXPLICIT_SIMD=0 -fno-tree-vectorize,5,3213.674893,3208.525565,3219.690856,3213.542364,4.031354,1.339722
rain_paisage.jpg,12288,16320,Adaptive_Median,20,dynamic,64,off-avx2,yes,unset,unset,hype2,12.2.0,-O3 -Wall -Wextra -std=c++17 -fopenmp -ffp-contract=off -DOMP_EXPLICIT_SIMD=0 -fno-tree-vectorize -march=haswell,5,3343.491255,3342.325717,3366.336439,3347.918341,10.344626,1.326704
rain_paisage.jpg,12288,16320,Adaptive_Median,20,dynamic,64,omp,yes,unset,unset,hype2,12.2.0,-O3 -Wall -Wextra -std=c++17 -fopenmp -ffp-contract=off -DOMP_EXPLICIT_SIMD=1,5,3275.662487,3273.853639,3336.886975,3288.255958,27.343020,1.337234
rain_paisage.jpg,12288,16320,Adaptive_Median,20,dynamic,64,omp-avx2,yes,unset,unset,hype2,12.2.0,-O3 -Wall -Wextra -std=c++17 -fopenmp -ffp-contract=off -DOMP_EXPLICIT_SIMD=1 -march=haswell,5,3377.129920,3374.913055,3386.897676,3378.628859,4.737214,1.330878
rain_paisage.jpg,12288,16320,Adaptive_Median,20,static,,off,yes,unset,unset,hype2,12.2.0,-O3 -Wall -Wextra -std=c++17 -fopenmp -ffp-contract=off -DOMP_EXPLICIT_SIMD=0 -fno-tree-vectorize,5,4305.432312,4303.196855,4312.648559,4307.074345,3.785444,1.000000
rain_paisage.jpg,12288,16320,Adaptive_Median,20,static,,off-avx2,yes,unset,unset,hype2,12.2.0,-O3 -Wall -Wextra -std=c++17 -fopenmp -ffp-contract=off -DOMP_EXPLICIT_SIMD=0 -fno-tree-vectorize -march=haswell,5,4435.822033,4432.539642,4607.302117,4499.172761,89.445166,1.000000
rain_paisage.jpg,12288,16320,Adaptive_Median,20,static,,omp,yes,unset,unset,hype2,12.2.0,-O3 -Wall -Wextra -std=c++17 -fopenmp -ffp-contract=off -DOMP_EXPLICIT_SIMD=1,5,4380.327372,4376.699857,4594.665854,4422.436247,96.291809,1.000000
rain_paisage.jpg,12288,16320,Adaptive_Median,20,static,,omp-avx2,yes,unset,unset,hype2,12.2.0,-O3 -Wall -Wextra -std=c++17 -fopenmp -ffp-contract=off -DOMP_EXPLICIT_SIMD=1 -march=haswell,5,4494.547721,4493.397129,4496.520171,4495.021436,1.414110,1.000000
rain_paisage.jpg,12288,16320,Adaptive_Median,4,dynamic,16,off,yes,unset,unset,hype2,12.2.0,-O3 -Wall -Wextra -std=c++17 -fopenmp -ffp-contract=off -DOMP_EXPLICIT_SIMD=0 -fno-tree-vectorize,5,12717.252826,12694.745632,13309.034607,12828.388461,268.884202,1.380869
rain_paisage.jpg,12288,16320,Adaptive_Median,4,dynamic,16,off-avx2,yes,unset,unset,hype2,12.2.0,-O3 -Wall -Wextra -std=c++17 -fopenmp -ffp-contract=off -DOMP_EXPLICIT_SIMD=0 -fno-tree-vectorize -march=haswell,5,13271.372611,13258.437371,13338.935750,13282.199704,32.231803,1.367909
rain_paisage.jpg,12288,16320,Adaptive_Median,4,dynamic,16,omp,yes,unset,unset,hype2,12.2.0,-O3 -Wall -Wextra -std=c++17 -fopenmp -ffp-contract=off -DOMP_EXPLICIT_SIMD=1,5,12961.837227,12941.648502,13048.146534,12976.482460,41.346200,1.379572
rain_paisage.jpg,12288,16320,Adaptive_Median,4,dynamic,16,omp-avx2,yes,unset,unset,hype2,12.2.0,-O3 -Wall -Wextra -std=c++17 -fopenmp -ffp-contract=off -DOMP_EXPLICIT_SIMD=1 -march=haswell,5,13416.920166,13405.691947,13491.588140,13435.292621,36.549574,1.373410
rain_paisage.jpg,12288,16320,Adaptive_Median,4,static,,off,yes,unset,unset,hype2,12.2.0,-O3 -Wall -Wextra -std=c++17 -fopenmp -ffp-contract=off -DOMP_EXPLICIT_SIMD=0 -fno-tree-vectorize,5,17560.857500,17551.269811,17604.118230,17571.957798,21.723924,1.000000
rain_paisage.jpg,12288,16320,Adaptive_Median,4,static,,off-avx2,yes,unset,unset,hype2,12.2.0,-O3 -Wall -Wextra -std=c++17 -fopenmp -ffp-contract=off -DOMP_EXPLICIT_SIMD=0 -fno-tree-vectorize -march=haswell,5,18154.024327,18131.944005,18232.662442,18177.352235,43.488694,1.000000
rain_paisage.jpg,12288,16320,Adaptive_Median,4,static,,omp,yes,unset,unset,hype2,12.2.0,-O3 -Wall -Wextra -std=c++17 -fopenmp -ffp-contract=off -DOMP_EXPLICIT_SIMD=1,5,17881.789255,17867.693089,17911.214006,17888.156106,19.189873,1.000000
rain_paisage.jpg,12288,16320,Adaptive_Median,4,static,,omp-avx2,yes,unset,unset,hype2,12.2.0,-O3 -Wall -Wextra -std=c++17 -fopenmp -ffp-contract=off -DOMP_EXPLICIT_SIMD=1 -march=haswell,5,18426.935154,18370.403699,18451.616800,18416.847246,35.446049,1.000000
rain_paisage.jpg,12288,16320,Adaptive_Median,8,dynamic,16,off,yes,unset,unset,hype2,12.2.0,-O3 -Wall -Wextra -std=c++17 -fopenmp -ffp-contract=off -DOMP_EXPLICIT_SIMD=0 -fno-tree-vectorize,5,7199.163911,7180.916440,7237.425442,7204.941090,25.832718,1.313595
rain_paisage.jpg,12288,16320,Adaptive_Median,8,dynamic,16,off-avx2,yes,unset,unset,hype2,12.2.0,-O3 -Wall -Wextra -std=c++17 -fopenmp -ffp-contract=off -DOMP_EXPLICIT_SIMD=0 -fno-tree-vectorize -march=haswell,5,7491.710379,7488.327933,7500.014907,7493.785968,5.154778,1.307188
rain_paisage.jpg,12288,16320,Adaptive_Median,8,dynamic,16,omp,yes,unset,unset,hype2,12.2.0,-O3 -Wall -Wextra -std=c++17 -fopenmp -ffp-contract=off -DOMP_EXPLICIT_SIMD=1,5,7339.264547,7327.212942,7356.320670,7340.566726,13.398232,1.316097
rain_paisage.jpg,12288,16320,Adaptive_Median,8,dynamic,16,omp-avx2,yes,unset,unset,hype2,12.2.0,-O3 -Wall -Wextra -std=c++17 -fopenmp -ffp-contract=off -DOMP_EXPLICIT_SIMD=1 -march=haswell,5,7579.020580,7572.271973,7580.988021,7576.907182,4.198978,1.308988
rain_paisage.jpg,12288,16320,Adaptive_Median,8,static,,off,yes,unset,unset,hype2,12.2.0,-O3 -Wall -Wextra -std=c++17 -fopenmp -ffp-contract=off -DOMP_EXPLICIT_SIMD=0 -fno-tree-vectorize,5,9456.784922,9445.486349,9544.789334,9479.940779,42.197911,1.000000
rain_paisage.jpg,12288,16320,Adaptive_Median,8,static,,off-avx2,yes,unset,unset,hype2,12.2.0,-O3 -Wall -Wextra -std=c++17 -fopenmp -ffp-contract=off -DOMP_EXPLICIT_SIMD=0 -fno-tree-vectorize -march=haswell,5,9793.074349,9761.177658,9835.663700,9793.360982,27.955861,1.000000
rain_paisage.jpg,12288,16320,Adaptive_Median,8,static,,omp,yes,unset,unset,hype2,12.2.0,-O3 -Wall -Wextra -std=c++17 -fopenmp -ffp-contract=off -DOMP_EXPLICIT_SIMD=1,5,9659.187415,9617.292441,9716.356801,9661.832041,38.718577,1.000000
rain_paisage.jpg,12288,16320,Adaptive_Median,8,static,,omp-avx2,yes,unset,unset,hype2,12.2.0,-O3 -Wall -Wextra -std=c++17 -fopenmp -ffp-contract=off -DOMP_EXPLICIT_SIMD=1 -march=haswell,5,9920.846688,9900.142341,9977.235914,9931.344628,31.299951,1.000000
sky.jpg,6936,9248,Adaptive_Median,1,dynamic,16,off,yes,unset,unset,hype2,12.2.0,-O3 -Wall -Wextra -std=c++17 -fopenmp -ffp-contract=off -DOMP_EXPLICIT_SIMD=0 -fno-tree-vectorize,5,16788.963954,16782.791237,16819.789863,16796.596781,15.639473,1.001094
sky.jpg,6936,9248,Adaptive_Median,1,dynamic,16,off-avx2,yes,unset,unset,hype2,12.2.0,-O3 -Wall -Wextra -std=c++17 -fopenmp -ffp-contract=off -DOMP_EXPLICIT_SIMD=0 -fno-tree-vectorize -march=haswell,5,17518.571104,17507.732837,17535.377336,17520.723675,11.096553,1.000342
sky.jpg,6936,9248,Adaptive_Median,1,dynamic,16,omp,yes,unset,unset,hype2,12.2.0,-O3 -Wall -Wextra -std=c++17 -fopenmp -ffp-contract=off -DOMP_EXPLICIT_SIMD=1,5,17218.960395,17199.963705,17232.579566,17215.407847,13.771570,1.001976
sky.jpg,6936,9248,Adaptive_Median,1,dynamic,16,omp-avx2,yes,unset,unset,hype2,12.2.0,-O3 -Wall -Wextra -std=c++17 -fopenmp -ffp-contract=off -DOMP_EXPLICIT_SIMD=1 -march=haswell,5,17872.568005,17852.902269,17884.954255,17868.142284,13.287831,0.998964
sky.jpg,6936,9248,Adaptive_Median,1,static,,off,yes,unset,unset,hype2,12.2.0,-O3 -Wall -Wextra -std=c++17 -fopenmp -ffp-contract=off -DOMP_EXPLICIT_SIMD=0 -fno-tree-vectorize,5,16807.328063,16804.867419,16828.317962,16811.170866,9.811659,1.000000
sky.jpg,6936,9248,Adaptive_Median,1,static,,off-avx2,yes,unset,unset,hype2,12.2.0,-O3 -Wall -Wextra -std=c++17 -fopenmp -ffp-contract=off -DOMP_EXPLICIT_SIMD=0 -fno-tree-vectorize -march=haswell,5,17524.567781,17518.360149,17564.332466,17535.296641,19.216090,1.000000
sky.jpg,6936,9248,Adaptive_Median,1,static,,omp,yes,unset,unset,hype2,12.2.0,-O3 -Wall -Wextra -std=c++17 -fopenmp -ffp-contract=off -DOMP_EXPLICIT_SIMD=1,5,17252.977868,17213.827387,17294.565222,17256.672080,30.952843,1.000000
sky.jpg,6936,9248,Adaptive_Median,1,static,,omp-avx2,yes,unset,unset,hype2,12.2.0,-O3 -Wall -Wextra -std=c++17 -fopenmp -ffp-contract=off -DOMP_EXPLICIT_SIMD=1 -march=haswell,5,17854.055751,17837.221603,17867.106704,17854.883999,12.493166,1.000000
sky.jpg,6936,9248,Adaptive_Median,12,dynamic,16,off,yes,unset,unset,hype2,12.2.0,-O3 -Wall -Wextra -std=c++17 -fopenmp -ffp-contract=off -DOMP_EXPLICIT_SIMD=0 -fno-tree-vectorize,5,1699.088684,1698.492723,1700.278102,1699.170200,0.671846,1.045895
sky.jpg,6936,9248,Adaptive_Median,12,dynamic,16,off-avx2,yes,unset,unset,hype2,12.2.0,-O3 -Wall -Wextra -std=c++17 -fopenmp -ffp-contract=off -DOMP_EXPLICIT_SIMD=0 -fno-tree-vectorize -march=haswell,5,1767.928014,1766.362736,1769.110314,1767.681759,1.037665,1.043597
sky.jpg,6936,9248,Adaptive_Median,12,dynamic,16,omp,yes,unset,unset,hype2,12.2.0,-O3 -Wall -Wextra -std=c++17 -fopenmp -ffp-contract=off -DOMP_EXPLICIT_SIMD=1,5,1741.787040,1740.418615,1741.973785,1741.447363,0.652144,1.044635
sky.jpg,6936,9248,Adaptive_Median,12,dynamic,16,omp-avx2,yes,unset,unset,hype2,12.2.0,-O3 -Wall -Wextra -std=c++17 -fopenmp -ffp-contract=off -DOMP_EXPLICIT_SIMD=1 -march=haswell,5,1801.795953,1800.351754,1809.147123,1802.731698,3.654902,1.043148
sky.jpg,6936,9248,Adaptive_Median,12,static,,off,yes,unset,unset,hype2,12.2.0,-O3 -Wall -Wextra -std=c++17 -fopenmp -ffp-contract=off -DOMP_EXPLICIT_SIMD=0 -fno-tree-vectorize,5,1777.067586,1774.419242,1779.888824,1776.986167,2.349377,1.000000
sky.jpg,6936,9248,Adaptive_Median,12,static,,off-avx2,yes,unset,unset,hype2,12.2.0,-O3 -Wall -Wextra -std=c++17 -fopenmp -ffp-contract=off -DOMP_EXPLICIT_SIMD=0 -fno-tree-vectorize -march=haswell,5,1845.004281,1843.757087,1848.425574,1845.408725,1.900075,1.000000
sky.jpg,6936,9248,Adaptive_Median,12,static,,omp,yes,unset,unset,hype2,12.2.0,-O3 -Wall -Wextra -std=c++17 -fopenmp -ffp-contract=off -DOMP_EXPLICIT_SIMD=1,5,1819.530979,1818.748843,1848.417686,1826.997912,12.721363,1.000000
sky.jpg,6936,9248,Adaptive_Median,12,static,,omp-avx2,yes,unset,unset,hype2,12.2.0,-O3 -Wall -Wextra -std=c++17 -fopenmp -ffp-contract=off -DOMP_EXPLICIT_SIMD=1 -march=haswell,5,1879.539961,1877.075658,1883.241352,1879.868621,2.207194,1.000000
sky.jpg,6936,9248,Adaptive_Median,16,dynamic,16,off,yes,unset,unset,hype2,12.2.0,-O3 -Wall -Wextra -std=c++17 -fopenmp -ffp-contract=off -DOMP_EXPLICIT_SIMD=0 -fno-tree-vectorize,5,1299.759122,1298.598071,1302.212859,1300.202245,1.424722,1.044859
sky.jpg,6936,9248,Adaptive_Median,16,dynamic,16,off-avx2,yes,unset,unset,hype2,12.2.0,-O3 -Wall -Wextra -std=c++17 -fopenmp -ffp-contract=off -DOMP_EXPLICIT_SIMD=0 -fno-tree-vectorize -march=haswell,5,1352.230913,1351.343560,1354.946894,1352.555480,1.388490,1.042037
sky.jpg,6936,9248,Adaptive_Median,16,dynamic,16,omp,yes,unset,unset,hype2,12.2.0,-O3 -Wall -Wextra -std=c++17 -fopenmp -ffp-contract=off -DOMP_EXPLICIT_SIMD=1,5,1331.622762,1330.416123,1333.428394,1331.581263,1.186334,1.043945
sky.jpg,6936,9248,Adaptive_Median,16,dynamic,16,omp-avx2,yes,unset,unset,hype2,12.2.0,-O3 -Wall -Wextra -std=c++17 -fopenmp -ffp-contract=off -DOMP_EXPLICIT_SIMD=1 -march=haswell,5,1376.982020,1375.110223,1380.795813,1377.393323,2.082654,1.042033
sky.jpg,6936,9248,Adaptive_Median,16,static,,off,yes,unset,unset,hype2,12.2.0,-O3 -Wall -Wextra -std=c++17 -fopenmp -ffp-contract=off -DOMP_EXPLICIT_SIMD=0 -fno-tree-vectorize,5,1358.065511,1355.745766,1392.385461,1368.782179,17.046121,1.000000
sky.jpg,6936,9248,Adaptive_Median,16,static,,off-avx2,yes,unset,unset,hype2,12.2.0,-O3 -Wall -Wextra -std=c++17 -fopenmp -ffp-contract=off -DOMP_EXPLICIT_SIMD=0 -fno-tree-vectorize -march=haswell,5,1409.074323,1408.507581,1412.698580,1409.639860,1.746601,1.000000
sky.jpg,6936,9248,Adaptive_Median,16,static,,omp,yes,unset,unset,hype2,12.2.0,-O3 -Wall -Wextra -std=c++17 -fopenmp -ffp-contract=off -DOMP_EXPLICIT_SIMD=1,5,1390.141545,1388.898428,1393.739024,1390.919477,1.984374,1.000000
sky.jpg,6936,9248,Adaptive_Median,16,static,,omp-avx2,yes,unset,unset,hype2,12.2.0,-O3 -Wall -Wextra -std=c++17 -fopenmp -ffp-contract=off -DOMP_EXPLICIT_SIMD=1 -march=haswell,5,1434.860037,1433.893864,1473.374507,1444.906742,17.059168,1.000000
sky.jpg,6936,9248,Adaptive_Median,2,dynamic,16,off,yes,unset,unset,hype2,12.2.0,-O3 -Wall -Wextra -std=c++17 -fopenmp -ffp-contract=off -DOMP_EXPLICIT_SIMD=0 -fno-tree-vectorize,5,8445.858828,8441.888660,8466.373613,8449.884432,10.199667,1.019397
sky.jpg,6936,9248,Adaptive_Median,2,dynamic,16,off-avx2,yes,unset,unset,hype2,12.2.0,-O3 -Wall -Wextra -std=c++17 -fopenmp -ffp-contract=off -DOMP_EXPLICIT_SIMD=0 -fno-tree-vectorize -march=haswell,5,8806.737776,8794.224596,8817.796753,8805.719524,8.943165,1.019724
sky.jpg,6936,9248,Adaptive_Median,2,dynamic,16,omp,yes,unset,unset,hype2,12.2.0,-O3 -Wall -Wextra -std=c++17 -fopenmp -ffp-contract=off -DOMP_EXPLICIT_SIMD=1,5,8656.167796,8650.195059,8674.374876,8660.490615,9.707740,1.018630
sky.jpg,6936,9248,Adaptive_Median,2,dynamic,16,omp-avx2,yes,unset,unset,hype2,12.2.0,-O3 -Wall -Wextra -std=c++17 -fopenmp -ffp-contract=off -DOMP_EXPLICIT_SIMD=1 -march=haswell,5,8984.784129,8979.594753,8994.323815,8986.395397,5.452888,1.015857
sky.jpg,6936,9248,Adaptive_Median,2,static,,off,yes,unset,unset,hype2,12.2.0,-O3 -Wall -Wextra -std=c++17 -fopenmp -ffp-contract=off -DOMP_EXPLICIT_SIMD=0 -fno-tree-vectorize,5,8609.679746,8587.380861,8658.296953,8617.066324,29.055652,1.000000
sky.jpg,6936,9248,Adaptive_Median,2,static,,off-avx2,yes,unset,unset,hype2,12.2.0,-O3 -Wall -Wextra -std=c++17 -fopenmp -ffp-contract=off -DOMP_EXPLICIT_SIMD=0 -fno-tree-vectorize -march=haswell,5,8980.439656,8950.824475,9041.649799,8985.794992,35.482928,1.000000
sky.jpg,6936,9248,Adaptive_Median,2,static,,omp,yes,unset,unset,hype2,12.2.0,-O3 -Wall -Wextra -std=c++17 -fopenmp -ffp-contract=off -DOMP_EXPLICIT_SIMD=1,5,8817.433280,8801.821923,8832.367091,8817.551342,11.998976,1.000000
sky.jpg,6936,9248,Adaptive_Median,2,static,,omp-avx2,yes,unset,unset,hype2,12.2.0,-O3 -Wall -Wextra -std=c++17 -fopenmp -ffp-contract=off -DOMP_EXPLICIT_SIMD=1 -march=haswell,5,9127.253536,9116.995117,9158.130865,9130.863928,15.817255,1.000000
sky.jpg,6936,9248,Adaptive_Median,20,dynamic,1,off,yes,unset,unset,hype2,12.2.0,-O3 -Wall -Wextra -std=c++17 -fopenmp -ffp-contract=off -DOMP_EXPLICIT_SIMD=0 -fno-tree-vectorize,5,1041.184570,1040.831415,1044.959657,1042.326928,1.918325,1.061959
sky.jpg,6936,9248,Adaptive_Median,20,dynamic,1,off-avx2,yes,unset,unset,hype2,12.2.0,-O3 -Wall -Wextra -std=c++17 -fopenmp -ffp-contract=off -DOMP_EXPLICIT_SIMD=0 -fno-tree-vectorize -march=haswell,5,1083.335463,1081.387005,1086.014360,1083.667660,2.043302,1.059229
sky.jpg,6936,9248,Adaptive_Median,20,dynamic,1,omp,yes,unset,unset,hype2,12.2.0,-O3 -Wall -Wextra -std=c++17 -fopenmp -ffp-contract=off -DOMP_EXPLICIT_SIMD=1,5,1068.189542,1066.594650,1085.011143,1071.544595,7.713876,1.059082
sky.jpg,6936,9248,Adaptive_Median,20,dynamic,1,omp-avx2,yes,unset,unset,hype2,12.2.0,-O3 -Wall -Wextra -std=c++17 -fopenmp -ffp-contract=off -DOMP_EXPLICIT_SIMD=1 -march=haswell,5,1102.546885,1101.512723,1106.272809,1103.659246,2.319409,1.059016
sky.jpg,6936,9248,Adaptive_Median,20,dynamic,16,off,yes,unset,unset,hype2,12.2.0,-O3 -Wall -Wextra -std=c++17 -fopenmp -ffp-contract=off -DOMP_EXPLICIT_SIMD=0 -fno-tree-vectorize,5,1042.988767,1042.061187,1052.342012,1044.556219,4.373190,1.060122
sky.jpg,6936,9248,Adaptive_Median,20,dynamic,16,off-avx2,yes,unset,unset,hype2,12.2.0,-O3 -Wall -Wextra -std=c++17 -fopenmp -ffp-contract=off -DOMP_EXPLICIT_SIMD=0 -fno-tree-vectorize -march=haswell,5,1083.870081,1082.793666,1103.875300,1087.631728,9.091874,1.058707
sky.jpg,6936,9248,Adaptive_Median,20,dynamic,16,omp,yes,unset,unset,hype2,12.2.0,-O3 -Wall -Wextra -std=c++17 -fopenmp -ffp-contract=off -DOMP_EXPLICIT_SIMD=1,5,1069.611307,1067.699704,1087.207499,1072.780964,8.214124,1.057674
sky.jpg,6936,9248,Adaptive_Median,20,dynamic,16,omp-avx2,yes,unset,unset,hype2,12.2.0,-O3 -Wall -Wextra -std=c++17 -fopenmp -ffp-contract=off -DOMP_EXPLICIT_SIMD=1 -march=haswell,5,1102.963182,1101.982640,1109.950020,1104.676238,3.290823,1.058616
sky.jpg,6936,9248,Adaptive_Median,20,dynamic,256,off,yes,unset,unset,hype2,12.2.0,-O3 -Wall -Wextra -std=c++17 -fopenmp -ffp-contract=off -DOMP_EXPLICIT_SIMD=0 -fno-tree-vectorize,5,1190.752338,1185.953202,1207.149469,1194.052339,8.294393,0.928569
sky.jpg,6936,9248,Adaptive_Median,20,dynamic,256,off-avx2,yes,unset,unset,hype2,12.2.0,-O3 -Wall -Wextra -std=c++17 -fopenmp -ffp-contract=off -DOMP_EXPLICIT_SIMD=0 -fno-tree-vectorize -march=haswell,5,1240.113826,1236.579131,1275.536705,1248.799972,16.647683,0.925319
sky.jpg,6936,9248,Adaptive_Median,20,dynamic,256,omp,yes,unset,unset,hype2,12.2.0,-O3 -Wall -Wextra -std=c++17 -fopenmp -ffp-contract=off -DOMP_EXPLICIT_SIMD=1,5,1235.994400,1219.418731,1294.075440,1246.537804,32.022533,0.915295
sky.jpg,6936,9248,Adaptive_Median,20,dynamic,256,omp-avx2,yes,unset,unset,hype2,12.2.0,-O3 -Wall -Wextra -std=c++17 -fopenmp -ffp-contract=off -DOMP_EXPLICIT_SIMD=1 -march=haswell,5,1277.903753,1256.074938,1289.933655,1273.406684,13.301908,0.913695
sky.jpg,6936,9248,Adaptive_Median,20,dynamic,4,off,yes,unset,unset,hype2,12.2.0,-O3 -Wall -Wextra -std=c++17 -fopenmp -ffp-contract=off -DOMP_EXPLICIT_SIMD=0 -fno-tree-vectorize,5,1042.856759,1042.217745,1044.744186,1043.131112,1.017768,1.060256
sky.jpg,6936,9248,Adaptive_Median,20,dynamic,4,off-avx2,yes,unset,unset,hype2,12.2.0,-O3 -Wall -Wextra -std=c++17 -fopenmp -ffp-contract=off -DOMP_EXPLICIT_SIMD=0 -fno-tree-vectorize -march=haswell,5,1084.178380,1083.781919,1086.977834,1084.702730,1.322278,1.058405
sky.jpg,6936,9248,Adaptive_Median,20,dynamic,4,omp,yes,unset,unset,hype2,12.2.0,-O3 -Wall -Wextra -std=c++17 -fopenmp -ffp-contract=off -DOMP_EXPLICIT_SIMD=1,5,1068.999176,1067.725552,1071.746434,1069.252537,1.491519,1.058280
sky.jpg,6936,9248,Adaptive_Median,20,dynamic,4,omp-avx2,yes,unset,unset,hype2,12.2.0,-O3 -Wall -Wextra -std=c++17 -fopenmp -ffp-contract=off -DOMP_EXPLICIT_SIMD=1 -march=haswell,5,1104.414156,1103.462525,1106.587832,1104.736028,1.188330,1.057225
sky.jpg,6936,9248,Adaptive_Median,20,dynamic,64,off,yes,unset,unset,hype2,12.2.0,-O3 -Wall -Wextra -std=c++17 -fopenmp -ffp-contract=off -DOMP_EXPLICIT_SIMD=0 -fno-tree-vectorize,5,1130.400508,1128.011331,1142.852513,1132.337881,6.006400,0.978145
sky.jpg,6936,9248,Adaptive_Median,20,dynamic,64,off-avx2,yes,unset,unset,hype2,12.2.0,-O3 -Wall -Wextra -std=c++17 -fopenmp -ffp-contract=off -DOMP_EXPLICIT_SIMD=0 -fno-tree-vectorize -march=haswell,5,1175.719612,1174.244971,1180.115979,1176.579078,2.226250,0.975998
sky.jpg,6936,9248,Adaptive_Median,20,dynamic,64,omp,yes,unset,unset,hype2,12.2.0,-O3 -Wall -Wextra -std=c++17 -fopenmp -ffp-contract=off -DOMP_EXPLICIT_SIMD=1,5,1157.180304,1156.730107,1166.493669,1158.966750,4.223512,0.977635
sky.jpg,6936,9248,Adaptive_Median,20,dynamic,64,omp-avx2,yes,unset,unset,hype2,12.2.0,-O3 -Wall -Wextra -std=c++17 -fopenmp -ffp-contract=off -DOMP_EXPLICIT_SIMD=1 -march=haswell,5,1195.446312,1192.993796,1196.010167,1194.659044,1.363802,0.976719
sky.jpg,6936,9248,Adaptive_Median,20,static,,off,yes,unset,unset,hype2,12.2.0,-O3 -Wall -Wextra -std=c++17 -fopenmp -ffp-contract=off -DOMP_EXPLICIT_SIMD=0 -fno-tree-vectorize,5,1105.695487,1104.763419,1245.898769,1134.190242,62.468194,1.000000
sky.jpg,6936,9248,Adaptive_Median,20,static,,off-avx2,yes,unset,unset,hype2,12.2.0,-O3 -Wall -Wextra -std=c++17 -fopenmp -ffp-contract=off -DOMP_EXPLICIT_SIMD=0 -fno-tree-vectorize -march=haswell,5,1147.500344,1146.525450,1185.712199,1157.577964,16.801798,1.000000
sky.jpg,6936,9248,Adaptive_Median,20,static,,omp,yes,unset,unset,hype2,12.2.0,-O3 -Wall -Wextra -std=c++17 -fopenmp -ffp-contract=off -DOMP_EXPLICIT_SIMD=1,5,1131.300089,1129.598847,1153.187236,1135.438395,10.039534,1.000000
sky.jpg,6936,9248,Adaptive_Median,20,static,,omp-avx2,yes,unset,unset,hype2,12.2.0,-O3 -Wall -Wextra -std=c++17 -fopenmp -ffp-contract=off -DOMP_EXPLICIT_SIMD=1 -march=haswell,5,1167.614795,1165.828465,1195.448516,1172.596704,12.819242,1.000000
sky.jpg,6936,9248,Adaptive_Median,4,dynamic,16,off,yes,unset,unset,hype2,12.2.0,-O3 -Wall -Wextra -std=c++17 -fopenmp -ffp-contract=off -DOMP_EXPLICIT_SIMD=0 -fno-tree-vectorize,5,4297.392754,4262.541588,4503.975946,4331.804596,99.450366,1.057316
sky.jpg,6936,9248,Adaptive_Median,4,dynamic,16,off-avx2,yes,unset,unset,hype2,12.2.0,-O3 -Wall -Wextra -std=c++17 -fopenmp -ffp-contract=off -DOMP_EXPLICIT_SIMD=0 -fno-tree-vectorize -march=haswell,5,4458.270351,4449.977970,4500.735110,4467.721188,21.093715,1.070144
sky.jpg,6936,9248,Adaptive_Median,4,dynamic,16,omp,yes,unset,unset,hype2,12.2.0,-O3 -Wall -Wextra -std=c++17 -fopenmp -ffp-contract=off -DOMP_EXPLICIT_SIMD=1,5,4388.375823,4382.033628,4435.175142,4399.890563,21.897261,1.064100
sky.jpg,6936,9248,Adaptive_Median,4,dynamic,16,omp-avx2,yes,unset,unset,hype2,12.2.0,-O3 -Wall -Wextra -std=c++17 -fopenmp -ffp-contract=off -DOMP_EXPLICIT_SIMD=1 -march=haswell,5,4536.369838,4532.369579,4594.623516,4549.917495,25.933005,1.060214
sky.jpg,6936,9248,Adaptive_Median,4,static,,off,yes,unset,unset,hype2,12.2.0,-O3 -Wall -Wextra -std=c++17 -fopenmp -ffp-contract=off -DOMP_EXPLICIT_SIMD=0 -fno-tree-vectorize,5,4543.700523,4533.694963,4563.939361,4545.673077,11.292078,1.000000
sky.jpg,6936,9248,Adaptive_Median,4,static,,off-avx2,yes,unset,unset,hype2,12.2.0,-O3 -Wall -Wextra -std=c++17 -fopenmp -ffp-contract=off -DOMP_EXPLICIT_SIMD=0 -fno-tree-vectorize -march=haswell,5,4770.990298,4719.028337,4791.696684,4755.175589,33.591713,1.000000
sky.jpg,6936,9248,Adaptive_Median,4,static,,omp,yes,unset,unset,hype2,12.2.0,-O3 -Wall -Wextra -std=c++17 -fopenmp -ffp-contract=off -DOMP_EXPLICIT_SIMD=1,5,4669.671748,4657.752645,4715.125544,4675.870504,23.614892,1.000000
sky.jpg,6936,9248,Adaptive_Median,4,static,,omp-avx2,yes,unset,unset,hype2,12.2.0,-O3 -Wall -Wextra -std=c++17 -fopenmp -ffp-contract=off -DOMP_EXPLICIT_SIMD=1 -march=haswell,5,4809.524640,4808.237215,4836.413635,4817.120552,12.251393,1.000000
sky.jpg,6936,9248,Adaptive_Median,8,dynamic,16,off,yes,unset,unset,hype2,12.2.0,-O3 -Wall -Wextra -std=c++17 -fopenmp -ffp-contract=off -DOMP_EXPLICIT_SIMD=0 -fno-tree-vectorize,5,2413.405192,2409.322530,2426.340015,2415.974042,7.034946,1.049250
sky.jpg,6936,9248,Adaptive_Median,8,dynamic,16,off-avx2,yes,unset,unset,hype2,12.2.0,-O3 -Wall -Wextra -std=c++17 -fopenmp -ffp-contract=off -DOMP_EXPLICIT_SIMD=0 -fno-tree-vectorize -march=haswell,5,2508.160777,2507.859626,2510.789470,2508.831958,1.282542,1.056950
sky.jpg,6936,9248,Adaptive_Median,8,dynamic,16,omp,yes,unset,unset,hype2,12.2.0,-O3 -Wall -Wextra -std=c++17 -fopenmp -ffp-contract=off -DOMP_EXPLICIT_SIMD=1,5,2485.030323,2476.503110,2494.339918,2485.109861,7.477813,1.048003
sky.jpg,6936,9248,Adaptive_Median,8,dynamic,16,omp-avx2,yes,unset,unset,hype2,12.2.0,-O3 -Wall -Wextra -std=c++17 -fopenmp -ffp-contract=off -DOMP_EXPLICIT_SIMD=1 -march=haswell,5,2556.974343,2555.888778,2570.228467,2559.498403,6.073452,1.056316
sky.jpg,6936,9248,Adaptive_Median,8,static,,off,yes,unset,unset,hype2,12.2.0,-O3 -Wall -Wextra -std=c++17 -fopenmp -ffp-contract=off -DOMP_EXPLICIT_SIMD=0 -fno-tree-vectorize,5,2532.266405,2530.229573,2557.287683,2541.111810,13.691728,1.000000
sky.jpg,6936,9248,Adaptive_Median,8,static,,off-avx2,yes,unset,unset,hype2,12.2.0,-O3 -Wall -Wextra -std=c++17 -fopenmp -ffp-contract=off -DOMP_EXPLICIT_SIMD=0 -fno-tree-vectorize -march=haswell,5,2650.999942,2635.138355,2667.544407,2650.249014,12.395669,1.000000
sky.jpg,6936,9248,Adaptive_Median,8,static,,omp,yes,unset,unset,hype2,12.2.0,-O3 -Wall -Wextra -std=c++17 -fopenmp -ffp-contract=off -DOMP_EXPLICIT_SIMD=1,5,2604.318412,2595.244082,2623.597005,2605.973051,10.646459,1.000000
sky.jpg,6936,9248,Adaptive_Median,8,static,,omp-avx2,yes,unset,unset,hype2,12.2.0,-O3 -Wall -Wextra -std=c++17 -fopenmp -ffp-contract=off -DOMP_EXPLICIT_SIMD=1 -march=haswell,5,2700.972505,2686.545423,2744.470834,2705.351024,23.581356,1.000000
stars.jpg,12960,8640,Adaptive_Median,1,dynamic,16,off,yes,unset,unset,hype2,12.2.0,-O3 -Wall -Wextra -std=c++17 -fopenmp -ffp-contract=off -DOMP_EXPLICIT_SIMD=0 -fno-tree-vectorize,5,26514.222467,26498.389836,26561.500669,26525.908086,29.460199,1.000583
stars.jpg,12960,8640,Adaptive_Median,1,dynamic,16,off-avx2,yes,unset,unset,hype2,12.2.0,-O3 -Wall -Wextra -std=c++17 -fopenmp -ffp-contract=off -DOMP_EXPLICIT_SIMD=0 -fno-tree-vectorize -march=haswell,5,27837.339996,27831.987167,27877.895464,27846.481679,18.928370,1.000932
stars.jpg,12960,8640,Adaptive_Median,1,dynamic,16,omp,yes,unset,unset,hype2,12.2.0,-O3 -Wall -Wextra -std=c++17 -fopenmp -ffp-contract=off -DOMP_EXPLICIT_SIMD=1,5,27189.348106,27165.813169,27218.509012,27190.839293,21.092294,1.001554
stars.jpg,12960,8640,Adaptive_Median,1,dynamic,16,omp-avx2,yes,unset,unset,hype2,12.2.0,-O3 -Wall -Wextra -std=c++17 -fopenmp -ffp-contract=off -DOMP_EXPLICIT_SIMD=1 -march=haswell,5,28467.824925,28432.240836,28514.265846,28469.280141,29.524609,0.999411
stars.jpg,12960,8640,Adaptive_Median,1,static,,off,yes,unset,unset,hype2,12.2.0,-O3 -Wall -Wextra -std=c++17 -fopenmp -ffp-contract=off -DOMP_EXPLICIT_SIMD=0 -fno-tree-vectorize,5,26529.691260,26520.196436,26542.791979,26531.442899,8.523625,1.000000
stars.jpg,12960,8640,Adaptive_Median,1,static,,off-avx2,yes,unset,unset,hype2,12.2.0,-O3 -Wall -Wextra -std=c++17 -fopenmp -ffp-contract=off -DOMP_EXPLICIT_SIMD=0 -fno-tree-vectorize -march=haswell,5,27863.280667,27845.856820,27926.739673,27872.993391,32.034503,1.000000
stars.jpg,12960,8640,Adaptive_Median,1,static,,omp,yes,unset,unset,hype2,12.2.0,-O3 -Wall -Wextra -std=c++17 -fopenmp -ffp-contract=off -DOMP_EXPLICIT_SIMD=1,5,27231.603920,27175.187057,27285.176902,27229.198989,39.200147,1.000000
stars.jpg,12960,8640,Adaptive_Median,1,static,,omp-avx2,yes,unset,unset,hype2,12.2.0,-O3 -Wall -Wextra -std=c++17 -fopenmp -ffp-contract=off -DOMP_EXPLICIT_SIMD=1 -march=haswell,5,28451.065717,28441.770882,28462.899625,28452.997617,8.519647,1.000000
stars.jpg,12960,8640,Adaptive_Median,12,dynamic,16,off,yes,unset,unset,hype2,12.2.0,-O3 -Wall -Wextra -std=c++17 -fopenmp -ffp-contract=off -DOMP_EXPLICIT_SIMD=0 -fno-tree-vectorize,5,2653.573837,2651.703903,2671.919300,2659.980403,10.041104,1.072742
stars.jpg,12960,8640,Adaptive_Median,12,dynamic,16,off-avx2,yes,unset,unset,hype2,12.2.0,-O3 -Wall -Wextra -std=c++17 -fopenmp -ffp-contract=off -DOMP_EXPLICIT_SIMD=0 -fno-tree-vectorize -march=haswell,5,2780.716084,2776.921398,2802.238228,2783.835935,10.481633,1.070564
stars.jpg,12960,8640,Adaptive_Median,12,dynamic,16,omp,yes,unset,unset,hype2,12.2.0,-O3 -Wall -Wextra -std=c++17 -fopenmp -ffp-contract=off -DOMP_EXPLICIT_SIMD=1,5,2731.442011,2724.918492,2739.533624,2730.995225,5.809544,1.069355
stars.jpg,12960,8640,Adaptive_Median,12,dynamic,16,omp-avx2,yes,unset,unset,hype2,12.2.0,-O3 -Wall -Wextra -std=c++17 -fopenmp -ffp-contract=off -DOMP_EXPLICIT_SIMD=1 -march=haswell,5,2853.014762,2838.638560,2861.183341,2851.807227,8.770463,1.064981
stars.jpg,12960,8640,Adaptive_Median,12,static,,off,yes,unset,unset,hype2,12.2.0,-O3 -Wall -Wextra -std=c++17 -fopenmp -ffp-contract=off -DOMP_EXPLICIT_SIMD=0 -fno-tree-vectorize,5,2846.600838,2844.770252,2851.533498,2847.774584,2.668046,1.000000
stars.jpg,12960,8640,Adaptive_Median,12,static,,off-avx2,yes,unset,unset,hype2,12.2.0,-O3 -Wall -Wextra -std=c++17 -fopenmp -ffp-contract=off -DOMP_EXPLICIT_SIMD=0 -fno-tree-vectorize -march=haswell,5,2976.933792,2975.521976,2978.884750,2977.108595,1.307554,1.000000
stars.jpg,12960,8640,Adaptive_Median,12,static,,omp,yes,unset,unset,hype2,12.2.0,-O3 -Wall -Wextra -std=c++17 -fopenmp -ffp-contract=off -DOMP_EXPLICIT_SIMD=1,5,2920.880742,2916.200599,2955.388984,2927.683528,15.870070,1.000000
stars.jpg,12960,8640,Adaptive_Median,12,static,,omp-avx2,yes,unset,unset,hype2,12.2.0,-O3 -Wall -Wextra -std=c++17 -fopenmp -ffp-contract=off -DOMP_EXPLICIT_SIMD=1 -march=haswell,5,3038.405241,3032.865141,3044.582846,3038.870784,4.338676,1.000000
stars.jpg,12960,8640,Adaptive_Median,16,dynamic,16,off,yes,unset,unset,hype2,12.2.0,-O3 -Wall -Wextra -std=c++17 -fopenmp -ffp-contract=off -DOMP_EXPLICIT_SIMD=0 -fno-tree-vectorize,5,2033.748040,2032.834766,2034.593734,2033.658092,0.687366,1.071011
stars.jpg,12960,8640,Adaptive_Median,16,dynamic,16,off-avx2,yes,unset,unset,hype2,12.2.0,-O3 -Wall -Wextra -std=c++17 -fopenmp -ffp-contract=off -DOMP_EXPLICIT_SIMD=0 -fno-tree-vectorize -march=haswell,5,2128.447776,2128.046522,2134.346828,2129.945902,2.651803,1.070436
stars.jpg,12960,8640,Adaptive_Median,16,dynamic,16,omp,yes,unset,unset,hype2,12.2.0,-O3 -Wall -Wextra -std=c++17 -fopenmp -ffp-contract=off -DOMP_EXPLICIT_SIMD=1,5,2091.069290,2090.091896,2093.653837,2091.412948,1.337142,1.070552
stars.jpg,12960,8640,Adaptive_Median,16,dynamic,16,omp-avx2,yes,unset,unset,hype2,12.2.0,-O3 -Wall -Wextra -std=c++17 -fopenmp -ffp-contract=off -DOMP_EXPLICIT_SIMD=1 -march=haswell,5,2174.268900,2173.962722,2178.664729,2175.116004,1.994410,1.068724
stars.jpg,12960,8640,Adaptive_Median,16,static,,off,yes,unset,unset,hype2,12.2.0,-O3 -Wall -Wextra -std=c++17 -fopenmp -ffp-contract=off -DOMP_EXPLICIT_SIMD=0 -fno-tree-vectorize,5,2178.166744,2177.488732,2184.564611,2179.315014,2.959943,1.000000
stars.jpg,12960,8640,Adaptive_Median,16,static,,off-avx2,yes,unset,unset,hype2,12.2.0,-O3 -Wall -Wextra -std=c++17 -fopenmp -ffp-contract=off -DOMP_EXPLICIT_SIMD=0 -fno-tree-vectorize -march=haswell,5,2278.366459,2275.684673,2284.281556,2279.388376,3.611024,1.000000
stars.jpg,12960,8640,Adaptive_Median,16,static,,omp,yes,unset,unset,hype2,12.2.0,-O3 -Wall -Wextra -std=c++17 -fopenmp -ffp-contract=off -DOMP_EXPLICIT_SIMD=1,5,2238.599013,2234.459168,2258.293002,2241.775526,9.496804,1.000000
stars.jpg,12960,8640,Adaptive_Median,16,static,,omp-avx2,yes,unset,unset,hype2,12.2.0,-O3 -Wall -Wextra -std=c++17 -fopenmp -ffp-contract=off -DOMP_EXPLICIT_SIMD=1 -march=haswell,5,2323.693997,2320.637923,2341.091893,2328.638127,9.128918,1.000000
stars.jpg,12960,8640,Adaptive_Median,2,dynamic,16,off,yes,unset,unset,hype2,12.2.0,-O3 -Wall -Wextra -std=c++17 -fopenmp -ffp-contract=off -DOMP_EXPLICIT_SIMD=0 -fno-tree-vectorize,5,13330.797874,13317.890290,13370.361322,13337.826955,20.746951,1.013021
stars.jpg,12960,8640,Adaptive_Median,2,dynamic,16,off-avx2,yes,unset,unset,hype2,12.2.0,-O3 -Wall -Wextra -std=c++17 -fopenmp -ffp-contract=off -DOMP_EXPLICIT_SIMD=0 -fno-tree-vectorize -march=haswell,5,13996.806145,13976.775231,14016.454928,13996.124100,14.123622,1.012284
stars.jpg,12960,8640,Adaptive_Median,2,dynamic,16,omp,yes,unset,unset,hype2,12.2.0,-O3 -Wall -Wextra -std=c++17 -fopenmp -ffp-contract=off -DOMP_EXPLICIT_SIMD=1,5,13667.753999,13656.983488,13807.918252,13693.495494,64.323388,1.012813
stars.jpg,12960,8640,Adaptive_Median,2,dynamic,16,omp-avx2,yes,unset,unset,hype2,12.2.0,-O3 -Wall -Wextra -std=c++17 -fopenmp -ffp-contract=off -DOMP_EXPLICIT_SIMD=1 -march=haswell,5,14327.133594,14294.138694,14376.925673,14336.247958,35.110460,1.009892
stars.jpg,12960,8640,Adaptive_Median,2,static,,off,yes,unset,unset,hype2,12.2.0,-O3 -Wall -Wextra -std=c++17 -fopenmp -ffp-contract=off -DOMP_EXPLICIT_SIMD=0 -fno-tree-vectorize,5,13504.373570,13479.739740,13516.449299,13503.025523,14.627615,1.000000
stars.jpg,12960,8640,Adaptive_Median,2,static,,off-avx2,yes,unset,unset,hype2,12.2.0,-O3 -Wall -Wextra -std=c++17 -fopenmp -ffp-contract=off -DOMP_EXPLICIT_SIMD=0 -fno-tree-vectorize -march=haswell,5,14168.742433,14153.274537,14201.195724,14172.422052,18.009298,1.000000
stars.jpg,12960,8640,Adaptive_Median,2,static,,omp,yes,unset,unset,hype2,12.2.0,-O3 -Wall -Wextra -std=c++17 -fopenmp -ffp-contract=off -DOMP_EXPLICIT_SIMD=1,5,13842.878712,13821.704755,14010.416103,13872.263003,78.170507,1.000000
stars.jpg,12960,8640,Adaptive_Median,2,static,,omp-avx2,yes,unset,unset,hype2,12.2.0,-O3 -Wall -Wextra -std=c++17 -fopenmp -ffp-contract=off -DOMP_EXPLICIT_SIMD=1 -march=haswell,5,14468.851398,14451.453089,14482.321872,14469.845307,12.311835,1.000000
stars.jpg,12960,8640,Adaptive_Median,20,dynamic,1,off,yes,unset,unset,hype2,12.2.0,-O3 -Wall -Wextra -std=c++17 -fopenmp -ffp-contract=off -DOMP_EXPLICIT_SIMD=0 -fno-tree-vectorize,5,1643.772979,1641.367129,1650.591443,1644.939670,3.492316,1.089605
stars.jpg,12960,8640,Adaptive_Median,20,dynamic,1,off-avx2,yes,unset,unset,hype2,12.2.0,-O3 -Wall -Wextra -std=c++17 -fopenmp -ffp-contract=off -DOMP_EXPLICIT_SIMD=0 -fno-tree-vectorize -march=haswell,5,1719.005434,1714.261252,1722.847974,1718.496930,3.162599,1.077951
stars.jpg,12960,8640,Adaptive_Median,20,dynamic,1,omp,yes,unset,unset,hype2,12.2.0,-O3 -Wall -Wextra -std=c++17 -fopenmp -ffp-contract=off -DOMP_EXPLICIT_SIMD=1,5,1689.899559,1689.320446,1694.214020,1691.089313,2.059333,1.073823
stars.jpg,12960,8640,Adaptive_Median,20,dynamic,1,omp-avx2,yes,unset,unset,hype2,12.2.0,-O3 -Wall -Wextra -std=c++17 -fopenmp -ffp-contract=off -DOMP_EXPLICIT_SIMD=1 -march=haswell,5,1754.342145,1753.059416,1758.994152,1754.950233,2.346760,1.074027
stars.jpg,12960,8640,Adaptive_Median,20,dynamic,16,off,yes,unset,unset,hype2,12.2.0,-O3 -Wall -Wextra -std=c++17 -fopenmp -ffp-contract=off -DOMP_EXPLICIT_SIMD=0 -fno-tree-vectorize,5,1661.321375,1646.589700,1670.640841,1660.692676,8.837358,1.078096
stars.jpg,12960,8640,Adaptive_Median,20,dynamic,16,off-avx2,yes,unset,unset,hype2,12.2.0,-O3 -Wall -Wextra -std=c++17 -fopenmp -ffp-contract=off -DOMP_EXPLICIT_SIMD=0 -fno-tree-vectorize -march=haswell,5,1721.236680,1719.920613,1777.996128,1733.243860,25.158729,1.076553
stars.jpg,12960,8640,Adaptive_Median,20,dynamic,16,omp,yes,unset,unset,hype2,12.2.0,-O3 -Wall -Wextra -std=c++17 -fopenmp -ffp-contract=off -DOMP_EXPLICIT_SIMD=1,5,1693.045830,1692.065677,1710.118801,1699.345679,9.260114,1.071827
stars.jpg,12960,8640,Adaptive_Median,20,dynamic,16,omp-avx2,yes,unset,unset,hype2,12.2.0,-O3 -Wall -Wextra -std=c++17 -fopenmp -ffp-contract=off -DOMP_EXPLICIT_SIMD=1 -march=haswell,5,1756.379410,1755.184638,1777.181428,1761.535717,9.379678,1.072781
stars.jpg,12960,8640,Adaptive_Median,20,dynamic,256,off,yes,unset,unset,hype2,12.2.0,-O3 -Wall -Wextra -std=c++17 -fopenmp -ffp-contract=off -DOMP_EXPLICIT_SIMD=0 -fno-tree-vectorize,5,1998.497333,1990.911069,2044.239818,2005.756013,21.964514,0.896205
stars.jpg,12960,8640,Adaptive_Median,20,dynamic,256,off-avx2,yes,unset,unset,hype2,12.2.0,-O3 -Wall -Wextra -std=c++17 -fopenmp -ffp-contract=off -DOMP_EXPLICIT_SIMD=0 -fno-tree-vectorize -march=haswell,5,2097.316444,2069.732913,2117.993350,2096.169247,18.742510,0.883511
stars.jpg,12960,8640,Adaptive_Median,20,dynamic,256,omp,yes,unset,unset,hype2,12.2.0,-O3 -Wall -Wextra -std=c++17 -fopenmp -ffp-contract=off -DOMP_EXPLICIT_SIMD=1,5,2057.595925,2024.201966,2066.006762,2049.284324,18.153567,0.881929
stars.jpg,12960,8640,Adaptive_Median,20,dynamic,256,omp-avx2,yes,unset,unset,hype2,12.2.0,-O3 -Wall -Wextra -std=c++17 -fopenmp -ffp-contract=off -DOMP_EXPLICIT_SIMD=1 -march=haswell,5,2126.363434,2102.066563,2173.692185,2133.469786,27.219716,0.886119
stars.jpg,12960,8640,Adaptive_Median,20,dynamic,4,off,yes,unset,unset,hype2,12.2.0,-O3 -Wall -Wextra -std=c++17 -fopenmp -ffp-contract=off -DOMP_EXPLICIT_SIMD=0 -fno-tree-vectorize,5,1649.685587,1646.433769,1651.986196,1649.463659,2.322830,1.085700
stars.jpg,12960,8640,Adaptive_Median,20,dynamic,4,off-avx2,yes,unset,unset,hype2,12.2.0,-O3 -Wall -Wextra -std=c++17 -fopenmp -ffp-contract=off -DOMP_EXPLICIT_SIMD=0 -fno-tree-vectorize -march=haswell,5,1722.749007,1719.439856,1725.358012,1722.290700,2.224456,1.075608
stars.jpg,12960,8640,Adaptive_Median,20,dynamic,4,omp,yes,unset,unset,hype2,12.2.0,-O3 -Wall -Wextra -std=c++17 -fopenmp -ffp-contract=off -DOMP_EXPLICIT_SIMD=1,5,1694.662224,1690.908137,1695.915025,1694.074106,1.986504,1.070805
stars.jpg,12960,8640,Adaptive_Median,20,dynamic,4,omp-avx2,yes,unset,unset,hype2,12.2.0,-O3 -Wall -Wextra -std=c++17 -fopenmp -ffp-contract=off -DOMP_EXPLICIT_SIMD=1 -march=haswell,5,1761.589164,1754.812257,1764.558266,1760.030968,3.836698,1.069609
stars.jpg,12960,8640,Adaptive_Median,20,dynamic,64,off,yes,unset,unset,hype2,12.2.0,-O3 -Wall -Wextra -std=c++17 -fopenmp -ffp-contract=off -DOMP_EXPLICIT_SIMD=0 -fno-tree-vectorize,5,1711.321920,1707.396454,1819.897466,1732.137612,49.086566,1.046596
stars.jpg,12960,8640,Adaptive_Median,20,dynamic,64,off-avx2,yes,unset,unset,hype2,12.2.0,-O3 -Wall -Wextra -std=c++17 -fopenmp -ffp-contract=off -DOMP_EXPLICIT_SIMD=0 -fno-tree-vectorize -march=haswell,5,1788.248142,1785.563975,1790.040477,1787.886161,1.942007,1.036211
stars.jpg,12960,8640,Adaptive_Median,20,dynamic,64,omp,yes,unset,unset,hype2,12.2.0,-O3 -Wall -Wextra -std=c++17 -fopenmp -ffp-contract=off -DOMP_EXPLICIT_SIMD=1,5,1756.363732,1755.495930,1788.617686,1762.798067,14.464954,1.033187
stars.jpg,12960,8640,Adaptive_Median,20,dynamic,64,omp-avx2,yes,unset,unset,hype2,12.2.0,-O3 -Wall -Wextra -std=c++17 -fopenmp -ffp-contract=off -DOMP_EXPLICIT_SIMD=1 -march=haswell,5,1828.982650,1825.724907,1849.589130,1832.329521,9.883428,1.030196
stars.jpg,12960,8640,Adaptive_Median,20,static,,off,yes,unset,unset,hype2,12.2.0,-O3 -Wall -Wextra -std=c++17 -fopenmp -ffp-contract=off -DOMP_EXPLICIT_SIMD=0 -fno-tree-vectorize,5,1791.063435,1769.360473,2046.913137,1876.249873,129.543327,1.000000
stars.jpg,12960,8640,Adaptive_Median,20,static,,off-avx2,yes,unset,unset,hype2,12.2.0,-O3 -Wall -Wextra -std=c++17 -fopenmp -ffp-contract=off -DOMP_EXPLICIT_SIMD=0 -fno-tree-vectorize -march=haswell,5,1853.003023,1848.046940,1923.287765,1870.635773,32.074399,1.000000
stars.jpg,12960,8640,Adaptive_Median,20,static,,omp,yes,unset,unset,hype2,12.2.0,-O3 -Wall -Wextra -std=c++17 -fopenmp -ffp-contract=off -DOMP_EXPLICIT_SIMD=1,5,1814.652876,1814.125745,1826.490046,1817.263049,5.237255,1.000000
stars.jpg,12960,8640,Adaptive_Median,20,static,,omp-avx2,yes,unset,unset,hype2,12.2.0,-O3 -Wall -Wextra -std=c++17 -fopenmp -ffp-contract=off -DOMP_EXPLICIT_SIMD=1 -march=haswell,5,1884.211259,1882.736552,1945.621618,1897.068407,27.305325,1.000000
stars.jpg,12960,8640,Adaptive_Median,4,dynamic,16,off,yes,unset,unset,hype2,12.2.0,-O3 -Wall -Wextra -std=c++17 -fopenmp -ffp-contract=off -DOMP_EXPLICIT_SIMD=0 -fno-tree-vectorize,5,6801.866064,6749.929223,7061.654381,6844.607078,126.607474,1.056081
stars.jpg,12960,8640,Adaptive_Median,4,dynamic,16,off-avx2,yes,unset,unset,hype2,12.2.0,-O3 -Wall -Wextra -std=c++17 -fopenmp -ffp-contract=off -DOMP_EXPLICIT_SIMD=0 -fno-tree-vectorize -march=haswell,5,7104.152472,7073.100568,7149.090535,7112.635770,29.857804,1.053818
stars.jpg,12960,8640,Adaptive_Median,4,dynamic,16,omp,yes,unset,unset,hype2,12.2.0,-O3 -Wall -Wextra -std=c++17 -fopenmp -ffp-contract=off -DOMP_EXPLICIT_SIMD=1,5,6943.591395,6929.465189,6980.203263,6950.254753,21.860256,1.050533
stars.jpg,12960,8640,Adaptive_Median,4,dynamic,16,omp-avx2,yes,unset,unset,hype2,12.2.0,-O3 -Wall -Wextra -std=c++17 -fopenmp -ffp-contract=off -DOMP_EXPLICIT_SIMD=1 -march=haswell,5,7246.885070,7234.894346,7584.446600,7376.266217,186.755508,1.058468
stars.jpg,12960,8640,Adaptive_Median,4,static,,off,yes,unset,unset,hype2,12.2.0,-O3 -Wall -Wextra -std=c++17 -fopenmp -ffp-contract=off -DOMP_EXPLICIT_SIMD=0 -fno-tree-vectorize,5,7183.319899,7122.455847,7233.699716,7173.155821,47.254263,1.000000
stars.jpg,12960,8640,Adaptive_Median,4,static,,off-avx2,yes,unset,unset,hype2,12.2.0,-O3 -Wall -Wextra -std=c++17 -fopenmp -ffp-contract=off -DOMP_EXPLICIT_SIMD=0 -fno-tree-vectorize -march=haswell,5,7486.480250,7432.587109,7553.476406,7484.305890,45.253793,1.000000
stars.jpg,12960,8640,Adaptive_Median,4,static,,omp,yes,unset,unset,hype2,12.2.0,-O3 -Wall -Wextra -std=c++17 -fopenmp -ffp-contract=off -DOMP_EXPLICIT_SIMD=1,5,7294.469925,7283.484554,7322.535799,7298.886194,16.890667,1.000000
stars.jpg,12960,8640,Adaptive_Median,4,static,,omp-avx2,yes,unset,unset,hype2,12.2.0,-O3 -Wall -Wextra -std=c++17 -fopenmp -ffp-contract=off -DOMP_EXPLICIT_SIMD=1 -march=haswell,5,7670.594501,7633.003928,8051.603751,7736.227215,176.996073,1.000000
stars.jpg,12960,8640,Adaptive_Median,8,dynamic,16,off,yes,unset,unset,hype2,12.2.0,-O3 -Wall -Wextra -std=c++17 -fopenmp -ffp-contract=off -DOMP_EXPLICIT_SIMD=0 -fno-tree-vectorize,5,3801.503588,3797.905763,3809.805976,3802.210472,4.617352,1.063948
stars.jpg,12960,8640,Adaptive_Median,8,dynamic,16,off-avx2,yes,unset,unset,hype2,12.2.0,-O3 -Wall -Wextra -std=c++17 -fopenmp -ffp-contract=off -DOMP_EXPLICIT_SIMD=0 -fno-tree-vectorize -march=haswell,5,3983.928504,3981.418968,4003.735691,3987.599600,9.148378,1.062212
stars.jpg,12960,8640,Adaptive_Median,8,dynamic,16,omp,yes,unset,unset,hype2,12.2.0,-O3 -Wall -Wextra -std=c++17 -fopenmp -ffp-contract=off -DOMP_EXPLICIT_SIMD=1,5,3903.010644,3900.173439,3905.180496,3902.720926,2.031241,1.064072
stars.jpg,12960,8640,Adaptive_Median,8,dynamic,16,omp-avx2,yes,unset,unset,hype2,12.2.0,-O3 -Wall -Wextra -std=c++17 -fopenmp -ffp-contract=off -DOMP_EXPLICIT_SIMD=1 -march=haswell,5,4070.871959,4070.098512,4106.928616,4080.827962,16.089946,1.061750
stars.jpg,12960,8640,Adaptive_Median,8,static,,off,yes,unset,unset,hype2,12.2.0,-O3 -Wall -Wextra -std=c++17 -fopenmp -ffp-contract=off -DOMP_EXPLICIT_SIMD=0 -fno-tree-vectorize,5,4044.601469,4040.681562,4053.448029,4045.615827,5.061410,1.000000
stars.jpg,12960,8640,Adaptive_Median,8,static,,off-avx2,yes,unset,unset,hype2,12.2.0,-O3 -Wall -Wextra -std=c++17 -fopenmp -ffp-contract=off -DOMP_EXPLICIT_SIMD=0 -fno-tree-vectorize -march=haswell,5,4231.775801,4229.144496,4267.183133,4240.579299,15.902933,1.000000
stars.jpg,12960,8640,Adaptive_Median,8,static,,omp,yes,unset,unset,hype2,12.2.0,-O3 -Wall -Wextra -std=c++17 -fopenmp -ffp-contract=off -DOMP_EXPLICIT_SIMD=1,5,4153.085500,4146.674230,4171.671195,4155.147370,10.065144,1.000000
stars.jpg,12960,8640,Adaptive_Median,8,static,,omp-avx2,yes,unset,unset,hype2,12.2.0,-O3 -Wall -Wextra -std=c++17 -fopenmp -ffp-contract=off -DOMP_EXPLICIT_SIMD=1 -march=haswell,5,4322.249480,4319.935039,4335.761461,4326.993970,7.740624,1.000000
