Run_ID,Timestamp_UTC,Image,Width,Height,Operation,Repeat,Threads,Schedule,Chunk,Simd_Build,Simd_Eligible,OMP_Places,OMP_Proc_Bind,Hostname,Compiler,Build_Flags,Elapsed_ms,Result_Hash,Validation
adaptive-simd_off-t20-static-r1-sky.jpg,2026-09-19T20:41:26Z,sky.jpg,6936,9248,Adaptive_Median,1,20,static,,off,yes,unset,unset,hype2,12.2.0,-O3 -Wall -Wextra -std=c++17 -fopenmp -ffp-contract=off -DOMP_EXPLICIT_SIMD=0 -fno-tree-vectorize,1105.695487,1e7ae9152e9643d5,passed
adaptive-simd_off-t20-static-r1-stars.jpg,2026-09-19T20:41:30Z,stars.jpg,12960,8640,Adaptive_Median,1,20,static,,off,yes,unset,unset,hype2,12.2.0,-O3 -Wall -Wextra -std=c++17 -fopenmp -ffp-contract=off -DOMP_EXPLICIT_SIMD=0 -fno-tree-vectorize,1791.063435,626f977055f1c658,passed
adaptive-simd_off-t20-static-r1-rain_paisage.jpg,2026-09-19T20:41:38Z,rain_paisage.jpg,12288,16320,Adaptive_Median,1,20,static,,off,yes,unset,unset,hype2,12.2.0,-O3 -Wall -Wextra -std=c++17 -fopenmp -ffp-contract=off -DOMP_EXPLICIT_SIMD=0 -fno-tree-vectorize,4303.196855,d0fdcd4b2e74abf3,passed
adaptive-simd_off-t20-static-r1-firework.jpg,2026-09-19T20:41:45Z,firework.jpg,11125,16688,Adaptive_Median,1,20,static,,off,yes,unset,unset,hype2,12.2.0,-O3 -Wall -Wextra -std=c++17 -fopenmp -ffp-contract=off -DOMP_EXPLICIT_SIMD=0 -fno-tree-vectorize,3947.993056,cae2b8384ddb6aac,passed
adaptive-simd_off-t20-static-r1-control_smooth_6000x6000.png,2026-09-19T20:41:46Z,control_smooth_6000x6000.png,6000,6000,Adaptive_Median,1,20,static,,off,yes,unset,unset,hype2,12.2.0,-O3 -Wall -Wextra -std=c++17 -fopenmp -ffp-contract=off -DOMP_EXPLICIT_SIMD=0 -fno-tree-vectorize,1043.478492,596e3c6929662ab9,passed
adaptive-simd_off-t20-static-r1-control_noise_6000x6000.png,2026-09-19T20:41:47Z,control_noise_6000x6000.png,6000,6000,Adaptive_Median,1,20,static,,off,yes,unset,unset,hype2,12.2.0,-O3 -Wall -Wextra -std=c++17 -fopenmp -ffp-contract=off -DOMP_EXPLICIT_SIMD=0 -fno-tree-vectorize,564.830981,fcb58a627e9d9740,passed
adaptive-simd_off-t20-static-r1-control_half_noise_6000x6000.png,2026-09-19T20:41:49Z,control_half_noise_6000x6000.png,6000,6000,Adaptive_Median,1,20,static,,off,yes,unset,unset,hype2,12.2.0,-O3 -Wall -Wextra -std=c++17 -fopenmp -ffp-contract=off -DOMP_EXPLICIT_SIMD=0 -fno-tree-vectorize,802.637870,9d92a48896bfc25a,passed
adaptive-simd_off-t20-static-r1-control_bands_256_6000x6000.png,2026-09-19T20:41:50Z,control_bands_256_6000x6000.png,6000,6000,Adaptive_Median,1,20,static,,off,yes,unset,unset,hype2,12.2.0,-O3 -Wall -Wextra -std=c++17 -fopenmp -ffp-contract=off -DOMP_EXPLICIT_SIMD=0 -fno-tree-vectorize,729.141735,8f9bc97f03d5aae1,passed
adaptive-simd_off-avx2-t20-static-r1-sky.jpg,2026-09-19T20:41:52Z,sky.jpg,6936,9248,Adaptive_Median,1,20,static,,off-avx2,yes,unset,unset,hype2,12.2.0,-O3 -Wall -Wextra -std=c++17 -fopenmp -ffp-contract=off -DOMP_EXPLICIT_SIMD=0 -fno-tree-vectorize -march=haswell,1147.500344,1e7ae9152e9643d5,passed
adaptive-simd_off-avx2-t20-static-r1-stars.jpg,2026-09-19T20:41:56Z,stars.jpg,12960,8640,Adaptive_Median,1,20,static,,off-avx2,yes,unset,unset,hype2,12.2.0,-O3 -Wall -Wextra -std=c++17 -fopenmp -ffp-contract=off -DOMP_EXPLICIT_SIMD=0 -fno-tree-vectorize -march=haswell,1848.046940,626f977055f1c658,passed
adaptive-simd_off-avx2-t20-static-r1-rain_paisage.jpg,2026-09-19T20:42:04Z,rain_paisage.jpg,12288,16320,Adaptive_Median,1,20,static,,off-avx2,yes,unset,unset,hype2,12.2.0,-O3 -Wall -Wextra -std=c++17 -fopenmp -ffp-contract=off -DOMP_EXPLICIT_SIMD=0 -fno-tree-vectorize -march=haswell,4607.302117,d0fdcd4b2e74abf3,passed
adaptive-simd_off-avx2-t20-static-r1-firework.jpg,2026-09-19T20:42:11Z,firework.jpg,11125,16688,Adaptive_Median,1,20,static,,off-avx2,yes,unset,unset,hype2,12.2.0,-O3 -Wall -Wextra -std=c++17 -fopenmp -ffp-contract=off -DOMP_EXPLICIT_SIMD=0 -fno-tree-vectorize -march=haswell,4074.620226,cae2b8384ddb6aac,passed
adaptive-simd_off-avx2-t20-static-r1-control_smooth_6000x6000.png,2026-09-19T20:42:13Z,control_smooth_6000x6000.png,6000,6000,Adaptive_Median,1,20,static,,off-avx2,yes,unset,unset,hype2,12.2.0,-O3 -Wall -Wextra -std=c++17 -fopenmp -ffp-contract=off -DOMP_EXPLICIT_SIMD=0 -fno-tree-vectorize -march=haswell,832.704395,596e3c6929662ab9,passed
adaptive-simd_off-avx2-t20-static-r1-control_noise_6000x6000.png,2026-09-19T20:42:14Z,control_noise_6000x6000.png,6000,6000,Adaptive_Median,1,20,static,,off-avx2,yes,unset,unset,hype2,12.2.0,-O3 -Wall -Wextra -std=c++17 -fopenmp -ffp-contract=off -DOMP_EXPLICIT_SIMD=0 -fno-tree-vectorize -march=haswell,594.047144,fcb58a627e9d9740,passed
adaptive-simd_off-avx2-t20-static-r1-control_half_noise_6000x6000.png,2026-09-19T20:42:15Z,control_half_noise_6000x6000.png,6000,6000,Adaptive_Median,1,20,static,,off-avx2,yes,unset,unset,hype2,12.2.0,-O3 -Wall -Wextra -std=c++17 -fopenmp -ffp-contract=off -DOMP_EXPLICIT_SIMD=0 -fno-tree-vectorize -march=haswell,861.035915,9d92a48896bfc25a,passed
adaptive-simd_off-avx2-t20-static-r1-control_bands_256_6000x6000.png,2026-09-19T20:42:17Z,control_bands_256_6000x6000.png,6000,6000,Adaptive_Median,1,20,static,,off-avx2,yes,unset,unset,hype2,12.2.0,-O3 -Wall -Wextra -std=c++17 -fopenmp -ffp-contract=off -DOMP_EXPLICIT_SIMD=0 -fno-tree-vectorize -march=haswell,747.309069,8f9bc97f03d5aae1,passed
adaptive-simd_omp-t20-static-r1-sky.jpg,2026-09-19T20:42:19Z,sky.jpg,6936,9248,Adaptive_Median,1,20,static,,omp,yes,unset,unset,hype2,12.2.0,-O3 -Wall -Wextra -std=c++17 -fopenmp -ffp-contract=off -DOMP_EXPLICIT_SIMD=1,1129.598847,1e7ae9152e9643d5,passed
adaptive-simd_omp-t20-static-r1-stars.jpg,2026-09-19T20:42:23Z,stars.jpg,12960,8640,Adaptive_Median,1,20,static,,omp,yes,unset,unset,hype2,12.2.0,-O3 -Wall -Wextra -std=c++17 -fopenmp -ffp-contract=off -DOMP_EXPLICIT_SIMD=1,1814.652876,626f977055f1c658,passed
adaptive-simd_omp-t20-static-r1-rain_paisage.jpg,2026-09-19T20:42:31Z,rain_paisage.jpg,12288,16320,Adaptive_Median,1,20,static,,omp,yes,unset,unset,hype2,12.2.0,-O3 -Wall -Wextra -std=c++17 -fopenmp -ffp-contract=off -DOMP_EXPLICIT_SIMD=1,4380.044888,d0fdcd4b2e74abf3,passed
adaptive-simd_omp-t20-static-r1-firework.jpg,2026-09-19T20:42:38Z,firework.jpg,11125,16688,Adaptive_Median,1,20,static,,omp,yes,unset,unset,hype2,12.2.0,-O3 -Wall -Wextra -std=c++17 -fopenmp -ffp-contract=off -DOMP_EXPLICIT_SIMD=1,4038.160695,cae2b8384ddb6aac,passed
adaptive-simd_omp-t20-static-r1-control_smooth_6000x6000.png,2026-09-19T20:42:39Z,control_smooth_6000x6000.png,6000,6000,Adaptive_Median,1,20,static,,omp,yes,unset,unset,hype2,12.2.0,-O3 -Wall -Wextra -std=c++17 -fopenmp -ffp-contract=off -DOMP_EXPLICIT_SIMD=1,827.619512,596e3c6929662ab9,passed
adaptive-simd_omp-t20-static-r1-control_noise_6000x6000.png,2026-09-19T20:42:40Z,control_noise_6000x6000.png,6000,6000,Adaptive_Median,1,20,static,,omp,yes,unset,unset,hype2,12.2.0,-O3 -Wall -Wextra -std=c++17 -fopenmp -ffp-contract=off -DOMP_EXPLICIT_SIMD=1,581.003860,fcb58a627e9d9740,passed
adaptive-simd_omp-t20-static-r1-control_half_noise_6000x6000.png,2026-09-19T20:42:41Z,control_half_noise_6000x6000.png,6000,6000,Adaptive_Median,1,20,static,,omp,yes,unset,unset,hype2,12.2.0,-O3 -Wall -Wextra -std=c++17 -fopenmp -ffp-contract=off -DOMP_EXPLICIT_SIMD=1,815.678765,9d92a48896bfc25a,passed
adaptive-simd_omp-t20-static-r1-control_bands_256_6000x6000.png,2026-09-19T20:42:43Z,control_bands_256_6000x6000.png,6000,6000,Adaptive_Median,1,20,static,,omp,yes,unset,unset,hype2,12.2.0,-O3 -Wall -Wextra -std=c++17 -fopenmp -ffp-contract=off -DOMP_EXPLICIT_SIMD=1,741.621643,8f9bc97f03d5aae1,passed
adaptive-simd_omp-avx2-t20-static-r1-sky.jpg,2026-09-19T20:42:45Z,sky.jpg,6936,9248,Adaptive_Median,1,20,static,,omp-avx2,yes,unset,unset,hype2,12.2.0,-O3 -Wall -Wextra -std=c++17 -fopenmp -ffp-contract=off -DOMP_EXPLICIT_SIMD=1 -march=haswell,1195.448516,1e7ae9152e9643d5,passed
adaptive-simd_omp-avx2-t20-static-r1-stars.jpg,2026-09-19T20:42:49Z,stars.jpg,12960,8640,Adaptive_Median,1,20,static,,omp-avx2,yes,unset,unset,hype2,12.2.0,-O3 -Wall -Wextra -std=c++17 -fopenmp -ffp-contract=off -DOMP_EXPLICIT_SIMD=1 -march=haswell,1882.736552,626f977055f1c658,passed
adaptive-simd_omp-avx2-t20-static-r1-rain_paisage.jpg,2026-09-19T20:42:57Z,rain_paisage.jpg,12288,16320,Adaptive_Median,1,20,static,,omp-avx2,yes,unset,unset,hype2,12.2.0,-O3 -Wall -Wextra -std=c++17 -fopenmp -ffp-contract=off -DOMP_EXPLICIT_SIMD=1 -march=haswell,4496.520171,d0fdcd4b2e74abf3,passed
adaptive-simd_omp-avx2-t20-static-r1-firework.jpg,2026-09-19T20:43:04Z,firework.jpg,11125,16688,Adaptive_Median,1,20,static,,omp-avx2,yes,unset,unset,hype2,12.2.0,-O3 -Wall -Wextra -std=c++17 -fopenmp -ffp-contract=off -DOMP_EXPLICIT_SIMD=1 -march=haswell,4153.756115,cae2b8384ddb6aac,passed
adaptive-simd_omp-avx2-t20-static-r1-control_smooth_6000x6000.png,2026-09-19T20:43:05Z,control_smooth_6000x6000.png,6000,6000,Adaptive_Median,1,20,static,,omp-avx2,yes,unset,unset,hype2,12.2.0,-O3 -Wall -Wextra -std=c++17 -fopenmp -ffp-contract=off -DOMP_EXPLICIT_SIMD=1 -march=haswell,847.874095,596e3c6929662ab9,passed
adaptive-simd_omp-avx2-t20-static-r1-control_noise_6000x6000.png,2026-09-19T20:43:06Z,control_noise_6000x6000.png,6000,6000,Adaptive_Median,1,20,static,,omp-avx2,yes,unset,unset,hype2,12.2.0,-O3 -Wall -Wextra -std=c++17 -fopenmp -ffp-contract=off -DOMP_EXPLICIT_SIMD=1 -march=haswell,608.422627,fcb58a627e9d9740,passed
adaptive-simd_omp-avx2-t20-static-r1-control_half_noise_6000x6000.png,2026-09-19T20:43:08Z,control_half_noise_6000x6000.png,6000,6000,Adaptive_Median,1,20,static,,omp-avx2,yes,unset,unset,hype2,12.2.0,-O3 -Wall -Wextra -std=c++17 -fopenmp -ffp-contract=off -DOMP_EXPLICIT_SIMD=1 -march=haswell,838.736122,9d92a48896bfc25a,passed
adaptive-simd_omp-avx2-t20-static-r1-control_bands_256_6000x6000.png,2026-09-19T20:43:09Z,control_bands_256_6000x6000.png,6000,6000,Adaptive_Median,1,20,static,,omp-avx2,yes,unset,unset,hype2,12.2.0,-O3 -Wall -Wextra -std=c++17 -fopenmp -ffp-contract=off -DOMP_EXPLICIT_SIMD=1 -march=haswell,768.425268,8f9bc97f03d5aae1,passed
adaptive-simd_off-t20-dynamicx1-r1-sky.jpg,2026-09-19T20:43:12Z,sky.jpg,6936,9248,Adaptive_Median,1,20,dynamic,1,off,yes,unset,unset,hype2,12.2.0,-O3 -Wall -Wextra -std=c++17 -fopenmp -ffp-contract=off -DOMP_EXPLICIT_SIMD=0 -fno-tree-vectorize,1040.831415,1e7ae9152e9643d5,passed
adaptive-simd_off-t20-dynamicx1-r1-stars.jpg,2026-09-19T20:43:15Z,stars.jpg,12960,8640,Adaptive_Median,1,20,dynamic,1,off,yes,unset,unset,hype2,12.2.0,-O3 -Wall -Wextra -std=c++17 -fopenmp -ffp-contract=off -DOMP_EXPLICIT_SIMD=0 -fno-tree-vectorize,1650.591443,626f977055f1c658,passed
adaptive-simd_off-t20-dynamicx1-r1-rain_paisage.jpg,2026-09-19T20:43:22Z,rain_paisage.jpg,12288,16320,Adaptive_Median,1,20,dynamic,1,off,yes,unset,unset,hype2,12.2.0,-O3 -Wall -Wextra -std=c++17 -fopenmp -ffp-contract=off -DOMP_EXPLICIT_SIMD=0 -fno-tree-vectorize,3177.710420,d0fdcd4b2e74abf3,passed
adaptive-simd_off-t20-dynamicx1-r1-firework.jpg,2026-09-19T20:43:28Z,firework.jpg,11125,16688,Adaptive_Median,1,20,dynamic,1,off,yes,unset,unset,hype2,12.2.0,-O3 -Wall -Wextra -std=c++17 -fopenmp -ffp-contract=off -DOMP_EXPLICIT_SIMD=0 -fno-tree-vectorize,3065.538936,cae2b8384ddb6aac,passed
adaptive-simd_off-t20-dynamicx1-r1-control_smooth_6000x6000.png,2026-09-19T20:43:29Z,control_smooth_6000x6000.png,6000,6000,Adaptive_Median,1,20,dynamic,1,off,yes,unset,unset,hype2,12.2.0,-O3 -Wall -Wextra -std=c++17 -fopenmp -ffp-contract=off -DOMP_EXPLICIT_SIMD=0 -fno-tree-vectorize,816.485427,596e3c6929662ab9,passed
adaptive-simd_off-t20-dynamicx1-r1-control_noise_6000x6000.png,2026-09-19T20:43:30Z,control_noise_6000x6000.png,6000,6000,Adaptive_Median,1,20,dynamic,1,off,yes,unset,unset,hype2,12.2.0,-O3 -Wall -Wextra -std=c++17 -fopenmp -ffp-contract=off -DOMP_EXPLICIT_SIMD=0 -fno-tree-vectorize,568.365079,fcb58a627e9d9740,passed
adaptive-simd_off-t20-dynamicx1-r1-control_half_noise_6000x6000.png,2026-09-19T20:43:32Z,control_half_noise_6000x6000.png,6000,6000,Adaptive_Median,1,20,dynamic,1,off,yes,unset,unset,hype2,12.2.0,-O3 -Wall -Wextra -std=c++17 -fopenmp -ffp-contract=off -DOMP_EXPLICIT_SIMD=0 -fno-tree-vectorize,598.740028,9d92a48896bfc25a,passed
adaptive-simd_off-t20-dynamicx1-r1-control_bands_256_6000x6000.png,2026-09-19T20:43:33Z,control_bands_256_6000x6000.png,6000,6000,Adaptive_Median,1,20,dynamic,1,off,yes,unset,unset,hype2,12.2.0,-O3 -Wall -Wextra -std=c++17 -fopenmp -ffp-contract=off -DOMP_EXPLICIT_SIMD=0 -fno-tree-vectorize,602.724460,8f9bc97f03d5aae1,passed
adaptive-simd_off-avx2-t20-dynamicx1-r1-sky.jpg,2026-09-19T20:43:35Z,sky.jpg,6936,9248,Adaptive_Median,1,20,dynamic,1,off-avx2,yes,unset,unset,hype2,12.2.0,-O3 -Wall -Wextra -std=c++17 -fopenmp -ffp-contract=off -DOMP_EXPLICIT_SIMD=0 -fno-tree-vectorize -march=haswell,1086.014360,1e7ae9152e9643d5,passed
adaptive-simd_off-avx2-t20-dynamicx1-r1-stars.jpg,2026-09-19T20:43:39Z,stars.jpg,12960,8640,Adaptive_Median,1,20,dynamic,1,off-avx2,yes,unset,unset,hype2,12.2.0,-O3 -Wall -Wextra -std=c++17 -fopenmp -ffp-contract=off -DOMP_EXPLICIT_SIMD=0 -fno-tree-vectorize -march=haswell,1719.343094,626f977055f1c658,passed
adaptive-simd_off-avx2-t20-dynamicx1-r1-rain_paisage.jpg,2026-09-19T20:43:45Z,rain_paisage.jpg,12288,16320,Adaptive_Median,1,20,dynamic,1,off-avx2,yes,unset,unset,hype2,12.2.0,-O3 -Wall -Wextra -std=c++17 -fopenmp -ffp-contract=off -DOMP_EXPLICIT_SIMD=0 -fno-tree-vectorize -march=haswell,3294.271009,d0fdcd4b2e74abf3,passed
adaptive-simd_off-avx2-t20-dynamicx1-r1-firework.jpg,2026-09-19T20:43:52Z,firework.jpg,11125,16688,Adaptive_Median,1,20,dynamic,1,off-avx2,yes,unset,unset,hype2,12.2.0,-O3 -Wall -Wextra -std=c++17 -fopenmp -ffp-contract=off -DOMP_EXPLICIT_SIMD=0 -fno-tree-vectorize -march=haswell,3192.005562,cae2b8384ddb6aac,passed
adaptive-simd_off-avx2-t20-dynamicx1-r1-control_smooth_6000x6000.png,2026-09-19T20:43:53Z,control_smooth_6000x6000.png,6000,6000,Adaptive_Median,1,20,dynamic,1,off-avx2,yes,unset,unset,hype2,12.2.0,-O3 -Wall -Wextra -std=c++17 -fopenmp -ffp-contract=off -DOMP_EXPLICIT_SIMD=0 -fno-tree-vectorize -march=haswell,833.831890,596e3c6929662ab9,passed
adaptive-simd_off-avx2-t20-dynamicx1-r1-control_noise_6000x6000.png,2026-09-19T20:43:54Z,control_noise_6000x6000.png,6000,6000,Adaptive_Median,1,20,dynamic,1,off-avx2,yes,unset,unset,hype2,12.2.0,-O3 -Wall -Wextra -std=c++17 -fopenmp -ffp-contract=off -DOMP_EXPLICIT_SIMD=0 -fno-tree-vectorize -march=haswell,597.525385,fcb58a627e9d9740,passed
adaptive-simd_off-avx2-t20-dynamicx1-r1-control_half_noise_6000x6000.png,2026-09-19T20:43:55Z,control_half_noise_6000x6000.png,6000,6000,Adaptive_Median,1,20,dynamic,1,off-avx2,yes,unset,unset,hype2,12.2.0,-O3 -Wall -Wextra -std=c++17 -fopenmp -ffp-contract=off -DOMP_EXPLICIT_SIMD=0 -fno-tree-vectorize -march=haswell,621.458833,9d92a48896bfc25a,passed
adaptive-simd_off-avx2-t20-dynamicx1-r1-control_bands_256_6000x6000.png,2026-09-19T20:43:57Z,control_bands_256_6000x6000.png,6000,6000,Adaptive_Median,1,20,dynamic,1,off-avx2,yes,unset,unset,hype2,12.2.0,-O3 -Wall -Wextra -std=c++17 -fopenmp -ffp-contract=off -DOMP_EXPLICIT_SIMD=0 -fno-tree-vectorize -march=haswell,623.102421,8f9bc97f03d5aae1,passed
adaptive-simd_omp-t20-dynamicx1-r1-sky.jpg,2026-09-19T20:43:59Z,sky.jpg,6936,9248,Adaptive_Median,1,20,dynamic,1,omp,yes,unset,unset,hype2,12.2.0,-O3 -Wall -Wextra -std=c++17 -fopenmp -ffp-contract=off -DOMP_EXPLICIT_SIMD=1,1068.189542,1e7ae9152e9643d5,passed
adaptive-simd_omp-t20-dynamicx1-r1-stars.jpg,2026-09-19T20:44:03Z,stars.jpg,12960,8640,Adaptive_Median,1,20,dynamic,1,omp,yes,unset,unset,hype2,12.2.0,-O3 -Wall -Wextra -std=c++17 -fopenmp -ffp-contract=off -DOMP_EXPLICIT_SIMD=1,1689.320446,626f977055f1c658,passed
adaptive-simd_omp-t20-dynamicx1-r1-rain_paisage.jpg,2026-09-19T20:44:09Z,rain_paisage.jpg,12288,16320,Adaptive_Median,1,20,dynamic,1,omp,yes,unset,unset,hype2,12.2.0,-O3 -Wall -Wextra -std=c++17 -fopenmp -ffp-contract=off -DOMP_EXPLICIT_SIMD=1,3247.519343,d0fdcd4b2e74abf3,passed
adaptive-simd_omp-t20-dynamicx1-r1-firework.jpg,2026-09-19T20:44:15Z,firework.jpg,11125,16688,Adaptive_Median,1,20,dynamic,1,omp,yes,unset,unset,hype2,12.2.0,-O3 -Wall -Wextra -std=c++17 -fopenmp -ffp-contract=off -DOMP_EXPLICIT_SIMD=1,3127.363641,cae2b8384ddb6aac,passed
adaptive-simd_omp-t20-dynamicx1-r1-control_smooth_6000x6000.png,2026-09-19T20:44:17Z,control_smooth_6000x6000.png,6000,6000,Adaptive_Median,1,20,dynamic,1,omp,yes,unset,unset,hype2,12.2.0,-O3 -Wall -Wextra -std=c++17 -fopenmp -ffp-contract=off -DOMP_EXPLICIT_SIMD=1,840.279180,596e3c6929662ab9,passed
adaptive-simd_omp-t20-dynamicx1-r1-control_noise_6000x6000.png,2026-09-19T20:44:18Z,control_noise_6000x6000.png,6000,6000,Adaptive_Median,1,20,dynamic,1,omp,yes,unset,unset,hype2,12.2.0,-O3 -Wall -Wextra -std=c++17 -fopenmp -ffp-contract=off -DOMP_EXPLICIT_SIMD=1,581.401878,fcb58a627e9d9740,passed
adaptive-simd_omp-t20-dynamicx1-r1-control_half_noise_6000x6000.png,2026-09-19T20:44:19Z,control_half_noise_6000x6000.png,6000,6000,Adaptive_Median,1,20,dynamic,1,omp,yes,unset,unset,hype2,12.2.0,-O3 -Wall -Wextra -std=c++17 -fopenmp -ffp-contract=off -DOMP_EXPLICIT_SIMD=1,615.797450,9d92a48896bfc25a,passed
adaptive-simd_omp-t20-dynamicx1-r1-control_bands_256_6000x6000.png,2026-09-19T20:44:20Z,control_bands_256_6000x6000.png,6000,6000,Adaptive_Median,1,20,dynamic,1,omp,yes,unset,unset,hype2,12.2.0,-O3 -Wall -Wextra -std=c++17 -fopenmp -ffp-contract=off -DOMP_EXPLICIT_SIMD=1,619.376787,8f9bc97f03d5aae1,passed
adaptive-simd_omp-avx2-t20-dynamicx1-r1-sky.jpg,2026-09-19T20:44:22Z,sky.jpg,6936,9248,Adaptive_Median,1,20,dynamic,1,omp-avx2,yes,unset,unset,hype2,12.2.0,-O3 -Wall -Wextra -std=c++17 -fopenmp -ffp-contract=off -DOMP_EXPLICIT_SIMD=1 -march=haswell,1101.512723,1e7ae9152e9643d5,passed
adaptive-simd_omp-avx2-t20-dynamicx1-r1-stars.jpg,2026-09-19T20:44:26Z,stars.jpg,12960,8640,Adaptive_Median,1,20,dynamic,1,omp-avx2,yes,unset,unset,hype2,12.2.0,-O3 -Wall -Wextra -std=c++17 -fopenmp -ffp-contract=off -DOMP_EXPLICIT_SIMD=1 -march=haswell,1754.696066,626f977055f1c658,passed
adaptive-simd_omp-avx2-t20-dynamicx1-r1-rain_paisage.jpg,2026-09-19T20:44:33Z,rain_paisage.jpg,12288,16320,Adaptive_Median,1,20,dynamic,1,omp-avx2,yes,unset,unset,hype2,12.2.0,-O3 -Wall -Wextra -std=c++17 -fopenmp -ffp-contract=off -DOMP_EXPLICIT_SIMD=1 -march=haswell,3325.989539,d0fdcd4b2e74abf3,passed
adaptive-simd_omp-avx2-t20-dynamicx1-r1-firework.jpg,2026-09-19T20:44:39Z,firework.jpg,11125,16688,Adaptive_Median,1,20,dynamic,1,omp-avx2,yes,unset,unset,hype2,12.2.0,-O3 -Wall -Wextra -std=c++17 -fopenmp -ffp-contract=off -DOMP_EXPLICIT_SIMD=1 -march=haswell,3232.640365,cae2b8384ddb6aac,passed
adaptive-simd_omp-avx2-t20-dynamicx1-r1-control_smooth_6000x6000.png,2026-09-19T20:44:40Z,control_smooth_6000x6000.png,6000,6000,Adaptive_Median,1,20,dynamic,1,omp-avx2,yes,unset,unset,hype2,12.2.0,-O3 -Wall -Wextra -std=c++17 -fopenmp -ffp-contract=off -DOMP_EXPLICIT_SIMD=1 -march=haswell,845.185003,596e3c6929662ab9,passed
adaptive-simd_omp-avx2-t20-dynamicx1-r1-control_noise_6000x6000.png,2026-09-19T20:44:42Z,control_noise_6000x6000.png,6000,6000,Adaptive_Median,1,20,dynamic,1,omp-avx2,yes,unset,unset,hype2,12.2.0,-O3 -Wall -Wextra -std=c++17 -fopenmp -ffp-contract=off -DOMP_EXPLICIT_SIMD=1 -march=haswell,612.357509,fcb58a627e9d9740,passed
adaptive-simd_omp-avx2-t20-dynamicx1-r1-control_half_noise_6000x6000.png,2026-09-19T20:44:43Z,control_half_noise_6000x6000.png,6000,6000,Adaptive_Median,1,20,dynamic,1,omp-avx2,yes,unset,unset,hype2,12.2.0,-O3 -Wall -Wextra -std=c++17 -fopenmp -ffp-contract=off -DOMP_EXPLICIT_SIMD=1 -march=haswell,631.456882,9d92a48896bfc25a,passed
adaptive-simd_omp-avx2-t20-dynamicx1-r1-control_bands_256_6000x6000.png,2026-09-19T20:44:44Z,control_bands_256_6000x6000.png,6000,6000,Adaptive_Median,1,20,dynamic,1,omp-avx2,yes,unset,unset,hype2,12.2.0,-O3 -Wall -Wextra -std=c++17 -fopenmp -ffp-contract=off -DOMP_EXPLICIT_SIMD=1 -march=haswell,649.244520,8f9bc97f03d5aae1,passed
adaptive-simd_off-t20-dynamicx4-r1-sky.jpg,2026-09-19T20:44:46Z,sky.jpg,6936,9248,Adaptive_Median,1,20,dynamic,4,off,yes,unset,unset,hype2,12.2.0,-O3 -Wall -Wextra -std=c++17 -fopenmp -ffp-contract=off -DOMP_EXPLICIT_SIMD=0 -fno-tree-vectorize,1044.744186,1e7ae9152e9643d5,passed
adaptive-simd_off-t20-dynamicx4-r1-stars.jpg,2026-09-19T20:44:50Z,stars.jpg,12960,8640,Adaptive_Median,1,20,dynamic,4,off,yes,unset,unset,hype2,12.2.0,-O3 -Wall -Wextra -std=c++17 -fopenmp -ffp-contract=off -DOMP_EXPLICIT_SIMD=0 -fno-tree-vectorize,1651.986196,626f977055f1c658,passed
adaptive-simd_off-t20-dynamicx4-r1-rain_paisage.jpg,2026-09-19T20:44:57Z,rain_paisage.jpg,12288,16320,Adaptive_Median,1,20,dynamic,4,off,yes,unset,unset,hype2,12.2.0,-O3 -Wall -Wextra -std=c++17 -fopenmp -ffp-contract=off -DOMP_EXPLICIT_SIMD=0 -fno-tree-vectorize,3166.479414,d0fdcd4b2e74abf3,passed
adaptive-simd_off-t20-dynamicx4-r1-firework.jpg,2026-09-19T20:45:03Z,firework.jpg,11125,16688,Adaptive_Median,1,20,dynamic,4,off,yes,unset,unset,hype2,12.2.0,-O3 -Wall -Wextra -std=c++17 -fopenmp -ffp-contract=off -DOMP_EXPLICIT_SIMD=0 -fno-tree-vectorize,3061.077737,cae2b8384ddb6aac,passed
adaptive-simd_off-t20-dynamicx4-r1-control_smooth_6000x6000.png,2026-09-19T20:45:04Z,control_smooth_6000x6000.png,6000,6000,Adaptive_Median,1,20,dynamic,4,off,yes,unset,unset,hype2,12.2.0,-O3 -Wall -Wextra -std=c++17 -fopenmp -ffp-contract=off -DOMP_EXPLICIT_SIMD=0 -fno-tree-vectorize,814.234269,596e3c6929662ab9,passed
adaptive-simd_off-t20-dynamicx4-r1-control_noise_6000x6000.png,2026-09-19T20:45:05Z,control_noise_6000x6000.png,6000,6000,Adaptive_Median,1,20,dynamic,4,off,yes,unset,unset,hype2,12.2.0,-O3 -Wall -Wextra -std=c++17 -fopenmp -ffp-contract=off -DOMP_EXPLICIT_SIMD=0 -fno-tree-vectorize,568.209552,fcb58a627e9d9740,passed
adaptive-simd_off-t20-dynamicx4-r1-control_half_noise_6000x6000.png,2026-09-19T20:45:06Z,control_half_noise_6000x6000.png,6000,6000,Adaptive_Median,1,20,dynamic,4,off,yes,unset,unset,hype2,12.2.0,-O3 -Wall -Wextra -std=c++17 -fopenmp -ffp-contract=off -DOMP_EXPLICIT_SIMD=0 -fno-tree-vectorize,598.696791,9d92a48896bfc25a,passed
adaptive-simd_off-t20-dynamicx4-r1-control_bands_256_6000x6000.png,2026-09-19T20:45:08Z,control_bands_256_6000x6000.png,6000,6000,Adaptive_Median,1,20,dynamic,4,off,yes,unset,unset,hype2,12.2.0,-O3 -Wall -Wextra -std=c++17 -fopenmp -ffp-contract=off -DOMP_EXPLICIT_SIMD=0 -fno-tree-vectorize,602.407749,8f9bc97f03d5aae1,passed
adaptive-simd_off-avx2-t20-dynamicx4-r1-sky.jpg,2026-09-19T20:45:10Z,sky.jpg,6936,9248,Adaptive_Median,1,20,dynamic,4,off-avx2,yes,unset,unset,hype2,12.2.0,-O3 -Wall -Wextra -std=c++17 -fopenmp -ffp-contract=off -DOMP_EXPLICIT_SIMD=0 -fno-tree-vectorize -march=haswell,1086.977834,1e7ae9152e9643d5,passed
adaptive-simd_off-avx2-t20-dynamicx4-r1-stars.jpg,2026-09-19T20:45:14Z,stars.jpg,12960,8640,Adaptive_Median,1,20,dynamic,4,off-avx2,yes,unset,unset,hype2,12.2.0,-O3 -Wall -Wextra -std=c++17 -fopenmp -ffp-contract=off -DOMP_EXPLICIT_SIMD=0 -fno-tree-vectorize -march=haswell,1720.999529,626f977055f1c658,passed
adaptive-simd_off-avx2-t20-dynamicx4-r1-rain_paisage.jpg,2026-09-19T20:45:20Z,rain_paisage.jpg,12288,16320,Adaptive_Median,1,20,dynamic,4,off-avx2,yes,unset,unset,hype2,12.2.0,-O3 -Wall -Wextra -std=c++17 -fopenmp -ffp-contract=off -DOMP_EXPLICIT_SIMD=0 -fno-tree-vectorize -march=haswell,3315.375201,d0fdcd4b2e74abf3,passed
adaptive-simd_off-avx2-t20-dynamicx4-r1-firework.jpg,2026-09-19T20:45:26Z,firework.jpg,11125,16688,Adaptive_Median,1,20,dynamic,4,off-avx2,yes,unset,unset,hype2,12.2.0,-O3 -Wall -Wextra -std=c++17 -fopenmp -ffp-contract=off -DOMP_EXPLICIT_SIMD=0 -fno-tree-vectorize -march=haswell,3183.982752,cae2b8384ddb6aac,passed
adaptive-simd_off-avx2-t20-dynamicx4-r1-control_smooth_6000x6000.png,2026-09-19T20:45:28Z,control_smooth_6000x6000.png,6000,6000,Adaptive_Median,1,20,dynamic,4,off-avx2,yes,unset,unset,hype2,12.2.0,-O3 -Wall -Wextra -std=c++17 -fopenmp -ffp-contract=off -DOMP_EXPLICIT_SIMD=0 -fno-tree-vectorize -march=haswell,834.255450,596e3c6929662ab9,passed
adaptive-simd_off-avx2-t20-dynamicx4-r1-control_noise_6000x6000.png,2026-09-19T20:45:29Z,control_noise_6000x6000.png,6000,6000,Adaptive_Median,1,20,dynamic,4,off-avx2,yes,unset,unset,hype2,12.2.0,-O3 -Wall -Wextra -std=c++17 -fopenmp -ffp-contract=off -DOMP_EXPLICIT_SIMD=0 -fno-tree-vectorize -march=haswell,595.779624,fcb58a627e9d9740,passed
adaptive-simd_off-avx2-t20-dynamicx4-r1-control_half_noise_6000x6000.png,2026-09-19T20:45:30Z,control_half_noise_6000x6000.png,6000,6000,Adaptive_Median,1,20,dynamic,4,off-avx2,yes,unset,unset,hype2,12.2.0,-O3 -Wall -Wextra -std=c++17 -fopenmp -ffp-contract=off -DOMP_EXPLICIT_SIMD=0 -fno-tree-vectorize -march=haswell,621.590199,9d92a48896bfc25a,passed
adaptive-simd_off-avx2-t20-dynamicx4-r1-control_bands_256_6000x6000.png,2026-09-19T20:45:32Z,control_bands_256_6000x6000.png,6000,6000,Adaptive_Median,1,20,dynamic,4,off-avx2,yes,unset,unset,hype2,12.2.0,-O3 -Wall -Wextra -std=c++17 -fopenmp -ffp-contract=off -DOMP_EXPLICIT_SIMD=0 -fno-tree-vectorize -march=haswell,624.399504,8f9bc97f03d5aae1,passed
adaptive-simd_omp-t20-dynamicx4-r1-sky.jpg,2026-09-19T20:45:34Z,sky.jpg,6936,9248,Adaptive_Median,1,20,dynamic,4,omp,yes,unset,unset,hype2,12.2.0,-O3 -Wall -Wextra -std=c++17 -fopenmp -ffp-contract=off -DOMP_EXPLICIT_SIMD=1,1068.999176,1e7ae9152e9643d5,passed
adaptive-simd_omp-t20-dynamicx4-r1-stars.jpg,2026-09-19T20:45:38Z,stars.jpg,12960,8640,Adaptive_Median,1,20,dynamic,4,omp,yes,unset,unset,hype2,12.2.0,-O3 -Wall -Wextra -std=c++17 -fopenmp -ffp-contract=off -DOMP_EXPLICIT_SIMD=1,1690.908137,626f977055f1c658,passed
adaptive-simd_omp-t20-dynamicx4-r1-rain_paisage.jpg,2026-09-19T20:45:44Z,rain_paisage.jpg,12288,16320,Adaptive_Median,1,20,dynamic,4,omp,yes,unset,unset,hype2,12.2.0,-O3 -Wall -Wextra -std=c++17 -fopenmp -ffp-contract=off -DOMP_EXPLICIT_SIMD=1,3246.690586,d0fdcd4b2e74abf3,passed
adaptive-simd_omp-t20-dynamicx4-r1-firework.jpg,2026-09-19T20:45:50Z,firework.jpg,11125,16688,Adaptive_Median,1,20,dynamic,4,omp,yes,unset,unset,hype2,12.2.0,-O3 -Wall -Wextra -std=c++17 -fopenmp -ffp-contract=off -DOMP_EXPLICIT_SIMD=1,3147.177707,cae2b8384ddb6aac,passed
adaptive-simd_omp-t20-dynamicx4-r1-control_smooth_6000x6000.png,2026-09-19T20:45:51Z,control_smooth_6000x6000.png,6000,6000,Adaptive_Median,1,20,dynamic,4,omp,yes,unset,unset,hype2,12.2.0,-O3 -Wall -Wextra -std=c++17 -fopenmp -ffp-contract=off -DOMP_EXPLICIT_SIMD=1,830.161538,596e3c6929662ab9,passed
adaptive-simd_omp-t20-dynamicx4-r1-control_noise_6000x6000.png,2026-09-19T20:45:53Z,control_noise_6000x6000.png,6000,6000,Adaptive_Median,1,20,dynamic,4,omp,yes,unset,unset,hype2,12.2.0,-O3 -Wall -Wextra -std=c++17 -fopenmp -ffp-contract=off -DOMP_EXPLICIT_SIMD=1,581.099120,fcb58a627e9d9740,passed
adaptive-simd_omp-t20-dynamicx4-r1-control_half_noise_6000x6000.png,2026-09-19T20:45:54Z,control_half_noise_6000x6000.png,6000,6000,Adaptive_Median,1,20,dynamic,4,omp,yes,unset,unset,hype2,12.2.0,-O3 -Wall -Wextra -std=c++17 -fopenmp -ffp-contract=off -DOMP_EXPLICIT_SIMD=1,614.737911,9d92a48896bfc25a,passed
adaptive-simd_omp-t20-dynamicx4-r1-control_bands_256_6000x6000.png,2026-09-19T20:45:55Z,control_bands_256_6000x6000.png,6000,6000,Adaptive_Median,1,20,dynamic,4,omp,yes,unset,unset,hype2,12.2.0,-O3 -Wall -Wextra -std=c++17 -fopenmp -ffp-contract=off -DOMP_EXPLICIT_SIMD=1,618.455016,8f9bc97f03d5aae1,passed
adaptive-simd_omp-avx2-t20-dynamicx4-r1-sky.jpg,2026-09-19T20:45:57Z,sky.jpg,6936,9248,Adaptive_Median,1,20,dynamic,4,omp-avx2,yes,unset,unset,hype2,12.2.0,-O3 -Wall -Wextra -std=c++17 -fopenmp -ffp-contract=off -DOMP_EXPLICIT_SIMD=1 -march=haswell,1104.414156,1e7ae9152e9643d5,passed
adaptive-simd_omp-avx2-t20-dynamicx4-r1-stars.jpg,2026-09-19T20:46:01Z,stars.jpg,12960,8640,Adaptive_Median,1,20,dynamic,4,omp-avx2,yes,unset,unset,hype2,12.2.0,-O3 -Wall -Wextra -std=c++17 -fopenmp -ffp-contract=off -DOMP_EXPLICIT_SIMD=1 -march=haswell,1761.589164,626f977055f1c658,passed
adaptive-simd_omp-avx2-t20-dynamicx4-r1-rain_paisage.jpg,2026-09-19T20:46:08Z,rain_paisage.jpg,12288,16320,Adaptive_Median,1,20,dynamic,4,omp-avx2,yes,unset,unset,hype2,12.2.0,-O3 -Wall -Wextra -std=c++17 -fopenmp -ffp-contract=off -DOMP_EXPLICIT_SIMD=1 -march=haswell,3356.341919,d0fdcd4b2e74abf3,passed
adaptive-simd_omp-avx2-t20-dynamicx4-r1-firework.jpg,2026-09-19T20:46:14Z,firework.jpg,11125,16688,Adaptive_Median,1,20,dynamic,4,omp-avx2,yes,unset,unset,hype2,12.2.0,-O3 -Wall -Wextra -std=c++17 -fopenmp -ffp-contract=off -DOMP_EXPLICIT_SIMD=1 -march=haswell,3228.847807,cae2b8384ddb6aac,passed
adaptive-simd_omp-avx2-t20-dynamicx4-r1-control_smooth_6000x6000.png,2026-09-19T20:46:15Z,control_smooth_6000x6000.png,6000,6000,Adaptive_Median,1,20,dynamic,4,omp-avx2,yes,unset,unset,hype2,12.2.0,-O3 -Wall -Wextra -std=c++17 -fopenmp -ffp-contract=off -DOMP_EXPLICIT_SIMD=1 -march=haswell,845.335995,596e3c6929662ab9,passed
adaptive-simd_omp-avx2-t20-dynamicx4-r1-control_noise_6000x6000.png,2026-09-19T20:46:16Z,control_noise_6000x6000.png,6000,6000,Adaptive_Median,1,20,dynamic,4,omp-avx2,yes,unset,unset,hype2,12.2.0,-O3 -Wall -Wextra -std=c++17 -fopenmp -ffp-contract=off -DOMP_EXPLICIT_SIMD=1 -march=haswell,612.366488,fcb58a627e9d9740,passed
adaptive-simd_omp-avx2-t20-dynamicx4-r1-control_half_noise_6000x6000.png,2026-09-19T20:46:18Z,control_half_noise_6000x6000.png,6000,6000,Adaptive_Median,1,20,dynamic,4,omp-avx2,yes,unset,unset,hype2,12.2.0,-O3 -Wall -Wextra -std=c++17 -fopenmp -ffp-contract=off -DOMP_EXPLICIT_SIMD=1 -march=haswell,632.463428,9d92a48896bfc25a,passed
adaptive-simd_omp-avx2-t20-dynamicx4-r1-control_bands_256_6000x6000.png,2026-09-19T20:46:19Z,control_bands_256_6000x6000.png,6000,6000,Adaptive_Median,1,20,dynamic,4,omp-avx2,yes,unset,unset,hype2,12.2.0,-O3 -Wall -Wextra -std=c++17 -fopenmp -ffp-contract=off -DOMP_EXPLICIT_SIMD=1 -march=haswell,650.747060,8f9bc97f03d5aae1,passed
adaptive-simd_off-t20-dynamicx16-r1-sky.jpg,2026-09-19T20:46:21Z,sky.jpg,6936,9248,Adaptive_Median,1,20,dynamic,16,off,yes,unset,unset,hype2,12.2.0,-O3 -Wall -Wextra -std=c++17 -fopenmp -ffp-contract=off -DOMP_EXPLICIT_SIMD=0 -fno-tree-vectorize,1042.988767,1e7ae9152e9643d5,passed
adaptive-simd_off-t20-dynamicx16-r1-stars.jpg,2026-09-19T20:46:25Z,stars.jpg,12960,8640,Adaptive_Median,1,20,dynamic,16,off,yes,unset,unset,hype2,12.2.0,-O3 -Wall -Wextra -std=c++17 -fopenmp -ffp-contract=off -DOMP_EXPLICIT_SIMD=0 -fno-tree-vectorize,1670.640841,626f977055f1c658,passed
adaptive-simd_off-t20-dynamicx16-r1-rain_paisage.jpg,2026-09-19T20:46:32Z,rain_paisage.jpg,12288,16320,Adaptive_Median,1,20,dynamic,16,off,yes,unset,unset,hype2,12.2.0,-O3 -Wall -Wextra -std=c++17 -fopenmp -ffp-contract=off -DOMP_EXPLICIT_SIMD=0 -fno-tree-vectorize,3178.999843,d0fdcd4b2e74abf3,passed
adaptive-simd_off-t20-dynamicx16-r1-firework.jpg,2026-09-19T20:46:38Z,firework.jpg,11125,16688,Adaptive_Median,1,20,dynamic,16,off,yes,unset,unset,hype2,12.2.0,-O3 -Wall -Wextra -std=c++17 -fopenmp -ffp-contract=off -DOMP_EXPLICIT_SIMD=0 -fno-tree-vectorize,3078.594057,cae2b8384ddb6aac,passed
adaptive-simd_off-t20-dynamicx16-r1-control_smooth_6000x6000.png,2026-09-19T20:46:39Z,control_smooth_6000x6000.png,6000,6000,Adaptive_Median,1,20,dynamic,16,off,yes,unset,unset,hype2,12.2.0,-O3 -Wall -Wextra -std=c++17 -fopenmp -ffp-contract=off -DOMP_EXPLICIT_SIMD=0 -fno-tree-vectorize,824.349512,596e3c6929662ab9,passed
adaptive-simd_off-t20-dynamicx16-r1-control_noise_6000x6000.png,2026-09-19T20:46:40Z,control_noise_6000x6000.png,6000,6000,Adaptive_Median,1,20,dynamic,16,off,yes,unset,unset,hype2,12.2.0,-O3 -Wall -Wextra -std=c++17 -fopenmp -ffp-contract=off -DOMP_EXPLICIT_SIMD=0 -fno-tree-vectorize,574.484260,fcb58a627e9d9740,passed
adaptive-simd_off-t20-dynamicx16-r1-control_half_noise_6000x6000.png,2026-09-19T20:46:41Z,control_half_noise_6000x6000.png,6000,6000,Adaptive_Median,1,20,dynamic,16,off,yes,unset,unset,hype2,12.2.0,-O3 -Wall -Wextra -std=c++17 -fopenmp -ffp-contract=off -DOMP_EXPLICIT_SIMD=0 -fno-tree-vectorize,604.979067,9d92a48896bfc25a,passed
adaptive-simd_off-t20-dynamicx16-r1-control_bands_256_6000x6000.png,2026-09-19T20:46:43Z,control_bands_256_6000x6000.png,6000,6000,Adaptive_Median,1,20,dynamic,16,off,yes,unset,unset,hype2,12.2.0,-O3 -Wall -Wextra -std=c++17 -fopenmp -ffp-contract=off -DOMP_EXPLICIT_SIMD=0 -fno-tree-vectorize,606.626228,8f9bc97f03d5aae1,passed
adaptive-simd_off-avx2-t20-dynamicx16-r1-sky.jpg,2026-09-19T20:46:45Z,sky.jpg,6936,9248,Adaptive_Median,1,20,dynamic,16,off-avx2,yes,unset,unset,hype2,12.2.0,-O3 -Wall -Wextra -std=c++17 -fopenmp -ffp-contract=off -DOMP_EXPLICIT_SIMD=0 -fno-tree-vectorize -march=haswell,1103.875300,1e7ae9152e9643d5,passed
adaptive-simd_off-avx2-t20-dynamicx16-r1-stars.jpg,2026-09-19T20:46:49Z,stars.jpg,12960,8640,Adaptive_Median,1,20,dynamic,16,off-avx2,yes,unset,unset,hype2,12.2.0,-O3 -Wall -Wextra -std=c++17 -fopenmp -ffp-contract=off -DOMP_EXPLICIT_SIMD=0 -fno-tree-vectorize -march=haswell,1721.236680,626f977055f1c658,passed
adaptive-simd_off-avx2-t20-dynamicx16-r1-rain_paisage.jpg,2026-09-19T20:46:55Z,rain_paisage.jpg,12288,16320,Adaptive_Median,1,20,dynamic,16,off-avx2,yes,unset,unset,hype2,12.2.0,-O3 -Wall -Wextra -std=c++17 -fopenmp -ffp-contract=off -DOMP_EXPLICIT_SIMD=0 -fno-tree-vectorize -march=haswell,3344.507401,d0fdcd4b2e74abf3,passed
adaptive-simd_off-avx2-t20-dynamicx16-r1-firework.jpg,2026-09-19T20:47:01Z,firework.jpg,11125,16688,Adaptive_Median,1,20,dynamic,16,off-avx2,yes,unset,unset,hype2,12.2.0,-O3 -Wall -Wextra -std=c++17 -fopenmp -ffp-contract=off -DOMP_EXPLICIT_SIMD=0 -fno-tree-vectorize -march=haswell,3203.393572,cae2b8384ddb6aac,passed
adaptive-simd_off-avx2-t20-dynamicx16-r1-control_smooth_6000x6000.png,2026-09-19T20:47:03Z,control_smooth_6000x6000.png,6000,6000,Adaptive_Median,1,20,dynamic,16,off-avx2,yes,unset,unset,hype2,12.2.0,-O3 -Wall -Wextra -std=c++17 -fopenmp -ffp-contract=off -DOMP_EXPLICIT_SIMD=0 -fno-tree-vectorize -march=haswell,843.556979,596e3c6929662ab9,passed
adaptive-simd_off-avx2-t20-dynamicx16-r1-control_noise_6000x6000.png,2026-09-19T20:47:04Z,control_noise_6000x6000.png,6000,6000,Adaptive_Median,1,20,dynamic,16,off-avx2,yes,unset,unset,hype2,12.2.0,-O3 -Wall -Wextra -std=c++17 -fopenmp -ffp-contract=off -DOMP_EXPLICIT_SIMD=0 -fno-tree-vectorize -march=haswell,603.295735,fcb58a627e9d9740,passed
adaptive-simd_off-avx2-t20-dynamicx16-r1-control_half_noise_6000x6000.png,2026-09-19T20:47:05Z,control_half_noise_6000x6000.png,6000,6000,Adaptive_Median,1,20,dynamic,16,off-avx2,yes,unset,unset,hype2,12.2.0,-O3 -Wall -Wextra -std=c++17 -fopenmp -ffp-contract=off -DOMP_EXPLICIT_SIMD=0 -fno-tree-vectorize -march=haswell,626.814153,9d92a48896bfc25a,passed
adaptive-simd_off-avx2-t20-dynamicx16-r1-control_bands_256_6000x6000.png,2026-09-19T20:47:07Z,control_bands_256_6000x6000.png,6000,6000,Adaptive_Median,1,20,dynamic,16,off-avx2,yes,unset,unset,hype2,12.2.0,-O3 -Wall -Wextra -std=c++17 -fopenmp -ffp-contract=off -DOMP_EXPLICIT_SIMD=0 -fno-tree-vectorize -march=haswell,627.658715,8f9bc97f03d5aae1,passed
adaptive-simd_omp-t20-dynamicx16-r1-sky.jpg,2026-09-19T20:47:09Z,sky.jpg,6936,9248,Adaptive_Median,1,20,dynamic,16,omp,yes,unset,unset,hype2,12.2.0,-O3 -Wall -Wextra -std=c++17 -fopenmp -ffp-contract=off -DOMP_EXPLICIT_SIMD=1,1069.611307,1e7ae9152e9643d5,passed
adaptive-simd_omp-t20-dynamicx16-r1-stars.jpg,2026-09-19T20:47:13Z,stars.jpg,12960,8640,Adaptive_Median,1,20,dynamic,16,omp,yes,unset,unset,hype2,12.2.0,-O3 -Wall -Wextra -std=c++17 -fopenmp -ffp-contract=off -DOMP_EXPLICIT_SIMD=1,1693.045830,626f977055f1c658,passed
adaptive-simd_omp-t20-dynamicx16-r1-rain_paisage.jpg,2026-09-19T20:47:19Z,rain_paisage.jpg,12288,16320,Adaptive_Median,1,20,dynamic,16,omp,yes,unset,unset,hype2,12.2.0,-O3 -Wall -Wextra -std=c++17 -fopenmp -ffp-contract=off -DOMP_EXPLICIT_SIMD=1,3229.684144,d0fdcd4b2e74abf3,passed
adaptive-simd_omp-t20-dynamicx16-r1-firework.jpg,2026-09-19T20:47:25Z,firework.jpg,11125,16688,Adaptive_Median,1,20,dynamic,16,omp,yes,unset,unset,hype2,12.2.0,-O3 -Wall -Wextra -std=c++17 -fopenmp -ffp-contract=off -DOMP_EXPLICIT_SIMD=1,3145.075588,cae2b8384ddb6aac,passed
adaptive-simd_omp-t20-dynamicx16-r1-control_smooth_6000x6000.png,2026-09-19T20:47:26Z,control_smooth_6000x6000.png,6000,6000,Adaptive_Median,1,20,dynamic,16,omp,yes,unset,unset,hype2,12.2.0,-O3 -Wall -Wextra -std=c++17 -fopenmp -ffp-contract=off -DOMP_EXPLICIT_SIMD=1,839.241507,596e3c6929662ab9,passed
adaptive-simd_omp-t20-dynamicx16-r1-control_noise_6000x6000.png,2026-09-19T20:47:28Z,control_noise_6000x6000.png,6000,6000,Adaptive_Median,1,20,dynamic,16,omp,yes,unset,unset,hype2,12.2.0,-O3 -Wall -Wextra -std=c++17 -fopenmp -ffp-contract=off -DOMP_EXPLICIT_SIMD=1,588.297928,fcb58a627e9d9740,passed
adaptive-simd_omp-t20-dynamicx16-r1-control_half_noise_6000x6000.png,2026-09-19T20:47:29Z,control_half_noise_6000x6000.png,6000,6000,Adaptive_Median,1,20,dynamic,16,omp,yes,unset,unset,hype2,12.2.0,-O3 -Wall -Wextra -std=c++17 -fopenmp -ffp-contract=off -DOMP_EXPLICIT_SIMD=1,618.594505,9d92a48896bfc25a,passed
adaptive-simd_omp-t20-dynamicx16-r1-control_bands_256_6000x6000.png,2026-09-19T20:47:30Z,control_bands_256_6000x6000.png,6000,6000,Adaptive_Median,1,20,dynamic,16,omp,yes,unset,unset,hype2,12.2.0,-O3 -Wall -Wextra -std=c++17 -fopenmp -ffp-contract=off -DOMP_EXPLICIT_SIMD=1,622.028977,8f9bc97f03d5aae1,passed
adaptive-simd_omp-avx2-t20-dynamicx16-r1-sky.jpg,2026-09-19T20:47:32Z,sky.jpg,6936,9248,Adaptive_Median,1,20,dynamic,16,omp-avx2,yes,unset,unset,hype2,12.2.0,-O3 -Wall -Wextra -std=c++17 -fopenmp -ffp-contract=off -DOMP_EXPLICIT_SIMD=1 -march=haswell,1101.982640,1e7ae9152e9643d5,passed
adaptive-simd_omp-avx2-t20-dynamicx16-r1-stars.jpg,2026-09-19T20:47:36Z,stars.jpg,12960,8640,Adaptive_Median,1,20,dynamic,16,omp-avx2,yes,unset,unset,hype2,12.2.0,-O3 -Wall -Wextra -std=c++17 -fopenmp -ffp-contract=off -DOMP_EXPLICIT_SIMD=1 -march=haswell,1777.181428,626f977055f1c658,passed
adaptive-simd_omp-avx2-t20-dynamicx16-r1-rain_paisage.jpg,2026-09-19T20:47:43Z,rain_paisage.jpg,12288,16320,Adaptive_Median,1,20,dynamic,16,omp-avx2,yes,unset,unset,hype2,12.2.0,-O3 -Wall -Wextra -std=c++17 -fopenmp -ffp-contract=off -DOMP_EXPLICIT_SIMD=1 -march=haswell,3357.421012,d0fdcd4b2e74abf3,passed
adaptive-simd_omp-avx2-t20-dynamicx16-r1-firework.jpg,2026-09-19T20:47:49Z,firework.jpg,11125,16688,Adaptive_Median,1,20,dynamic,16,omp-avx2,yes,unset,unset,hype2,12.2.0,-O3 -Wall -Wextra -std=c++17 -fopenmp -ffp-contract=off -DOMP_EXPLICIT_SIMD=1 -march=haswell,3249.858479,cae2b8384ddb6aac,passed
adaptive-simd_omp-avx2-t20-dynamicx16-r1-control_smooth_6000x6000.png,2026-09-19T20:47:50Z,control_smooth_6000x6000.png,6000,6000,Adaptive_Median,1,20,dynamic,16,omp-avx2,yes,unset,unset,hype2,12.2.0,-O3 -Wall -Wextra -std=c++17 -fopenmp -ffp-contract=off -DOMP_EXPLICIT_SIMD=1 -march=haswell,870.149616,596e3c6929662ab9,passed
adaptive-simd_omp-avx2-t20-dynamicx16-r1-control_noise_6000x6000.png,2026-09-19T20:47:52Z,control_noise_6000x6000.png,6000,6000,Adaptive_Median,1,20,dynamic,16,omp-avx2,yes,unset,unset,hype2,12.2.0,-O3 -Wall -Wextra -std=c++17 -fopenmp -ffp-contract=off -DOMP_EXPLICIT_SIMD=1 -march=haswell,618.447992,fcb58a627e9d9740,passed
adaptive-simd_omp-avx2-t20-dynamicx16-r1-control_half_noise_6000x6000.png,2026-09-19T20:47:53Z,control_half_noise_6000x6000.png,6000,6000,Adaptive_Median,1,20,dynamic,16,omp-avx2,yes,unset,unset,hype2,12.2.0,-O3 -Wall -Wextra -std=c++17 -fopenmp -ffp-contract=off -DOMP_EXPLICIT_SIMD=1 -march=haswell,636.385288,9d92a48896bfc25a,passed
adaptive-simd_omp-avx2-t20-dynamicx16-r1-control_bands_256_6000x6000.png,2026-09-19T20:47:54Z,control_bands_256_6000x6000.png,6000,6000,Adaptive_Median,1,20,dynamic,16,omp-avx2,yes,unset,unset,hype2,12.2.0,-O3 -Wall -Wextra -std=c++17 -fopenmp -ffp-contract=off -DOMP_EXPLICIT_SIMD=1 -march=haswell,640.738526,8f9bc97f03d5aae1,passed
adaptive-simd_off-t20-dynamicx64-r1-sky.jpg,2026-09-19T20:47:56Z,sky.jpg,6936,9248,Adaptive_Median,1,20,dynamic,64,off,yes,unset,unset,hype2,12.2.0,-O3 -Wall -Wextra -std=c++17 -fopenmp -ffp-contract=off -DOMP_EXPLICIT_SIMD=0 -fno-tree-vectorize,1130.400508,1e7ae9152e9643d5,passed
adaptive-simd_off-t20-dynamicx64-r1-stars.jpg,2026-09-19T20:48:00Z,stars.jpg,12960,8640,Adaptive_Median,1,20,dynamic,64,off,yes,unset,unset,hype2,12.2.0,-O3 -Wall -Wextra -std=c++17 -fopenmp -ffp-contract=off -DOMP_EXPLICIT_SIMD=0 -fno-tree-vectorize,1711.321920,626f977055f1c658,passed
adaptive-simd_off-t20-dynamicx64-r1-rain_paisage.jpg,2026-09-19T20:48:07Z,rain_paisage.jpg,12288,16320,Adaptive_Median,1,20,dynamic,64,off,yes,unset,unset,hype2,12.2.0,-O3 -Wall -Wextra -std=c++17 -fopenmp -ffp-contract=off -DOMP_EXPLICIT_SIMD=0 -fno-tree-vectorize,3219.690856,d0fdcd4b2e74abf3,passed
adaptive-simd_off-t20-dynamicx64-r1-firework.jpg,2026-09-19T20:48:13Z,firework.jpg,11125,16688,Adaptive_Median,1,20,dynamic,64,off,yes,unset,unset,hype2,12.2.0,-O3 -Wall -Wextra -std=c++17 -fopenmp -ffp-contract=off -DOMP_EXPLICIT_SIMD=0 -fno-tree-vectorize,3138.409167,cae2b8384ddb6aac,passed
adaptive-simd_off-t20-dynamicx64-r1-control_smooth_6000x6000.png,2026-09-19T20:48:14Z,control_smooth_6000x6000.png,6000,6000,Adaptive_Median,1,20,dynamic,64,off,yes,unset,unset,hype2,12.2.0,-O3 -Wall -Wextra -std=c++17 -fopenmp -ffp-contract=off -DOMP_EXPLICIT_SIMD=0 -fno-tree-vectorize,867.652027,596e3c6929662ab9,passed
adaptive-simd_off-t20-dynamicx64-r1-control_noise_6000x6000.png,2026-09-19T20:48:15Z,control_noise_6000x6000.png,6000,6000,Adaptive_Median,1,20,dynamic,64,off,yes,unset,unset,hype2,12.2.0,-O3 -Wall -Wextra -std=c++17 -fopenmp -ffp-contract=off -DOMP_EXPLICIT_SIMD=0 -fno-tree-vectorize,600.257563,fcb58a627e9d9740,passed
adaptive-simd_off-t20-dynamicx64-r1-control_half_noise_6000x6000.png,2026-09-19T20:48:17Z,control_half_noise_6000x6000.png,6000,6000,Adaptive_Median,1,20,dynamic,64,off,yes,unset,unset,hype2,12.2.0,-O3 -Wall -Wextra -std=c++17 -fopenmp -ffp-contract=off -DOMP_EXPLICIT_SIMD=0 -fno-tree-vectorize,626.085599,9d92a48896bfc25a,passed
adaptive-simd_off-t20-dynamicx64-r1-control_bands_256_6000x6000.png,2026-09-19T20:48:18Z,control_bands_256_6000x6000.png,6000,6000,Adaptive_Median,1,20,dynamic,64,off,yes,unset,unset,hype2,12.2.0,-O3 -Wall -Wextra -std=c++17 -fopenmp -ffp-contract=off -DOMP_EXPLICIT_SIMD=0 -fno-tree-vectorize,656.182272,8f9bc97f03d5aae1,passed
adaptive-simd_off-avx2-t20-dynamicx64-r1-sky.jpg,2026-09-19T20:48:20Z,sky.jpg,6936,9248,Adaptive_Median,1,20,dynamic,64,off-avx2,yes,unset,unset,hype2,12.2.0,-O3 -Wall -Wextra -std=c++17 -fopenmp -ffp-contract=off -DOMP_EXPLICIT_SIMD=0 -fno-tree-vectorize -march=haswell,1180.115979,1e7ae9152e9643d5,passed
adaptive-simd_off-avx2-t20-dynamicx64-r1-stars.jpg,2026-09-19T20:48:24Z,stars.jpg,12960,8640,Adaptive_Median,1,20,dynamic,64,off-avx2,yes,unset,unset,hype2,12.2.0,-O3 -Wall -Wextra -std=c++17 -fopenmp -ffp-contract=off -DOMP_EXPLICIT_SIMD=0 -fno-tree-vectorize -march=haswell,1788.248142,626f977055f1c658,passed
adaptive-simd_off-avx2-t20-dynamicx64-r1-rain_paisage.jpg,2026-09-19T20:48:31Z,rain_paisage.jpg,12288,16320,Adaptive_Median,1,20,dynamic,64,off-avx2,yes,unset,unset,hype2,12.2.0,-O3 -Wall -Wextra -std=c++17 -fopenmp -ffp-contract=off -DOMP_EXPLICIT_SIMD=0 -fno-tree-vectorize -march=haswell,3342.325717,d0fdcd4b2e74abf3,passed
adaptive-simd_off-avx2-t20-dynamicx64-r1-firework.jpg,2026-09-19T20:48:37Z,firework.jpg,11125,16688,Adaptive_Median,1,20,dynamic,64,off-avx2,yes,unset,unset,hype2,12.2.0,-O3 -Wall -Wextra -std=c++17 -fopenmp -ffp-contract=off -DOMP_EXPLICIT_SIMD=0 -fno-tree-vectorize -march=haswell,3266.042783,cae2b8384ddb6aac,passed
adaptive-simd_off-avx2-t20-dynamicx64-r1-control_smooth_6000x6000.png,2026-09-19T20:48:38Z,control_smooth_6000x6000.png,6000,6000,Adaptive_Median,1,20,dynamic,64,off-avx2,yes,unset,unset,hype2,12.2.0,-O3 -Wall -Wextra -std=c++17 -fopenmp -ffp-contract=off -DOMP_EXPLICIT_SIMD=0 -fno-tree-vectorize -march=haswell,881.666482,596e3c6929662ab9,passed
adaptive-simd_off-avx2-t20-dynamicx64-r1-control_noise_6000x6000.png,2026-09-19T20:48:40Z,control_noise_6000x6000.png,6000,6000,Adaptive_Median,1,20,dynamic,64,off-avx2,yes,unset,unset,hype2,12.2.0,-O3 -Wall -Wextra -std=c++17 -fopenmp -ffp-contract=off -DOMP_EXPLICIT_SIMD=0 -fno-tree-vectorize -march=haswell,631.826099,fcb58a627e9d9740,passed
adaptive-simd_off-avx2-t20-dynamicx64-r1-control_half_noise_6000x6000.png,2026-09-19T20:48:41Z,control_half_noise_6000x6000.png,6000,6000,Adaptive_Median,1,20,dynamic,64,off-avx2,yes,unset,unset,hype2,12.2.0,-O3 -Wall -Wextra -std=c++17 -fopenmp -ffp-contract=off -DOMP_EXPLICIT_SIMD=0 -fno-tree-vectorize -march=haswell,647.750361,9d92a48896bfc25a,passed
adaptive-simd_off-avx2-t20-dynamicx64-r1-control_bands_256_6000x6000.png,2026-09-19T20:48:42Z,control_bands_256_6000x6000.png,6000,6000,Adaptive_Median,1,20,dynamic,64,off-avx2,yes,unset,unset,hype2,12.2.0,-O3 -Wall -Wextra -std=c++17 -fopenmp -ffp-contract=off -DOMP_EXPLICIT_SIMD=0 -fno-tree-vectorize -march=haswell,681.521127,8f9bc97f03d5aae1,passed
adaptive-simd_omp-t20-dynamicx64-r1-sky.jpg,2026-09-19T20:48:45Z,sky.jpg,6936,9248,Adaptive_Median,1,20,dynamic,64,omp,yes,unset,unset,hype2,12.2.0,-O3 -Wall -Wextra -std=c++17 -fopenmp -ffp-contract=off -DOMP_EXPLICIT_SIMD=1,1157.180304,1e7ae9152e9643d5,passed
adaptive-simd_omp-t20-dynamicx64-r1-stars.jpg,2026-09-19T20:48:49Z,stars.jpg,12960,8640,Adaptive_Median,1,20,dynamic,64,omp,yes,unset,unset,hype2,12.2.0,-O3 -Wall -Wextra -std=c++17 -fopenmp -ffp-contract=off -DOMP_EXPLICIT_SIMD=1,1755.624289,626f977055f1c658,passed
adaptive-simd_omp-t20-dynamicx64-r1-rain_paisage.jpg,2026-09-19T20:48:55Z,rain_paisage.jpg,12288,16320,Adaptive_Median,1,20,dynamic,64,omp,yes,unset,unset,hype2,12.2.0,-O3 -Wall -Wextra -std=c++17 -fopenmp -ffp-contract=off -DOMP_EXPLICIT_SIMD=1,3273.865999,d0fdcd4b2e74abf3,passed
adaptive-simd_omp-t20-dynamicx64-r1-firework.jpg,2026-09-19T20:49:01Z,firework.jpg,11125,16688,Adaptive_Median,1,20,dynamic,64,omp,yes,unset,unset,hype2,12.2.0,-O3 -Wall -Wextra -std=c++17 -fopenmp -ffp-contract=off -DOMP_EXPLICIT_SIMD=1,3207.605356,cae2b8384ddb6aac,passed
adaptive-simd_omp-t20-dynamicx64-r1-control_smooth_6000x6000.png,2026-09-19T20:49:02Z,control_smooth_6000x6000.png,6000,6000,Adaptive_Median,1,20,dynamic,64,omp,yes,unset,unset,hype2,12.2.0,-O3 -Wall -Wextra -std=c++17 -fopenmp -ffp-contract=off -DOMP_EXPLICIT_SIMD=1,875.981466,596e3c6929662ab9,passed
adaptive-simd_omp-t20-dynamicx64-r1-control_noise_6000x6000.png,2026-09-19T20:49:04Z,control_noise_6000x6000.png,6000,6000,Adaptive_Median,1,20,dynamic,64,omp,yes,unset,unset,hype2,12.2.0,-O3 -Wall -Wextra -std=c++17 -fopenmp -ffp-contract=off -DOMP_EXPLICIT_SIMD=1,614.375049,fcb58a627e9d9740,passed
adaptive-simd_omp-t20-dynamicx64-r1-control_half_noise_6000x6000.png,2026-09-19T20:49:05Z,control_half_noise_6000x6000.png,6000,6000,Adaptive_Median,1,20,dynamic,64,omp,yes,unset,unset,hype2,12.2.0,-O3 -Wall -Wextra -std=c++17 -fopenmp -ffp-contract=off -DOMP_EXPLICIT_SIMD=1,644.024108,9d92a48896bfc25a,passed
adaptive-simd_omp-t20-dynamicx64-r1-control_bands_256_6000x6000.png,2026-09-19T20:49:06Z,control_bands_256_6000x6000.png,6000,6000,Adaptive_Median,1,20,dynamic,64,omp,yes,unset,unset,hype2,12.2.0,-O3 -Wall -Wextra -std=c++17 -fopenmp -ffp-contract=off -DOMP_EXPLICIT_SIMD=1,675.086971,8f9bc97f03d5aae1,passed
adaptive-simd_omp-avx2-t20-dynamicx64-r1-sky.jpg,2026-09-19T20:49:09Z,sky.jpg,6936,9248,Adaptive_Median,1,20,dynamic,64,omp-avx2,yes,unset,unset,hype2,12.2.0,-O3 -Wall -Wextra -std=c++17 -fopenmp -ffp-contract=off -DOMP_EXPLICIT_SIMD=1 -march=haswell,1196.010167,1e7ae9152e9643d5,passed
adaptive-simd_omp-avx2-t20-dynamicx64-r1-stars.jpg,2026-09-19T20:49:13Z,stars.jpg,12960,8640,Adaptive_Median,1,20,dynamic,64,omp-avx2,yes,unset,unset,hype2,12.2.0,-O3 -Wall -Wextra -std=c++17 -fopenmp -ffp-contract=off -DOMP_EXPLICIT_SIMD=1 -march=haswell,1826.297677,626f977055f1c658,passed
adaptive-simd_omp-avx2-t20-dynamicx64-r1-rain_paisage.jpg,2026-09-19T20:49:19Z,rain_paisage.jpg,12288,16320,Adaptive_Median,1,20,dynamic,64,omp-avx2,yes,unset,unset,hype2,12.2.0,-O3 -Wall -Wextra -std=c++17 -fopenmp -ffp-contract=off -DOMP_EXPLICIT_SIMD=1 -march=haswell,3377.682233,d0fdcd4b2e74abf3,passed
adaptive-simd_omp-avx2-t20-dynamicx64-r1-firework.jpg,2026-09-19T20:49:26Z,firework.jpg,11125,16688,Adaptive_Median,1,20,dynamic,64,omp-avx2,yes,unset,unset,hype2,12.2.0,-O3 -Wall -Wextra -std=c++17 -fopenmp -ffp-contract=off -DOMP_EXPLICIT_SIMD=1 -march=haswell,3312.953818,cae2b8384ddb6aac,passed
adaptive-simd_omp-avx2-t20-dynamicx64-r1-control_smooth_6000x6000.png,2026-09-19T20:49:27Z,control_smooth_6000x6000.png,6000,6000,Adaptive_Median,1,20,dynamic,64,omp-avx2,yes,unset,unset,hype2,12.2.0,-O3 -Wall -Wextra -std=c++17 -fopenmp -ffp-contract=off -DOMP_EXPLICIT_SIMD=1 -march=haswell,893.514919,596e3c6929662ab9,passed
adaptive-simd_omp-avx2-t20-dynamicx64-r1-control_noise_6000x6000.png,2026-09-19T20:49:28Z,control_noise_6000x6000.png,6000,6000,Adaptive_Median,1,20,dynamic,64,omp-avx2,yes,unset,unset,hype2,12.2.0,-O3 -Wall -Wextra -std=c++17 -fopenmp -ffp-contract=off -DOMP_EXPLICIT_SIMD=1 -march=haswell,648.527382,fcb58a627e9d9740,passed
adaptive-simd_omp-avx2-t20-dynamicx64-r1-control_half_noise_6000x6000.png,2026-09-19T20:49:29Z,control_half_noise_6000x6000.png,6000,6000,Adaptive_Median,1,20,dynamic,64,omp-avx2,yes,unset,unset,hype2,12.2.0,-O3 -Wall -Wextra -std=c++17 -fopenmp -ffp-contract=off -DOMP_EXPLICIT_SIMD=1 -march=haswell,663.359645,9d92a48896bfc25a,passed
adaptive-simd_omp-avx2-t20-dynamicx64-r1-control_bands_256_6000x6000.png,2026-09-19T20:49:31Z,control_bands_256_6000x6000.png,6000,6000,Adaptive_Median,1,20,dynamic,64,omp-avx2,yes,unset,unset,hype2,12.2.0,-O3 -Wall -Wextra -std=c++17 -fopenmp -ffp-contract=off -DOMP_EXPLICIT_SIMD=1 -march=haswell,692.098360,8f9bc97f03d5aae1,passed
adaptive-simd_off-t20-dynamicx256-r1-sky.jpg,2026-09-19T20:49:33Z,sky.jpg,6936,9248,Adaptive_Median,1,20,dynamic,256,off,yes,unset,unset,hype2,12.2.0,-O3 -Wall -Wextra -std=c++17 -fopenmp -ffp-contract=off -DOMP_EXPLICIT_SIMD=0 -fno-tree-vectorize,1190.752338,1e7ae9152e9643d5,passed
adaptive-simd_off-t20-dynamicx256-r1-stars.jpg,2026-09-19T20:49:37Z,stars.jpg,12960,8640,Adaptive_Median,1,20,dynamic,256,off,yes,unset,unset,hype2,12.2.0,-O3 -Wall -Wextra -std=c++17 -fopenmp -ffp-contract=off -DOMP_EXPLICIT_SIMD=0 -fno-tree-vectorize,1993.008495,626f977055f1c658,passed
adaptive-simd_off-t20-dynamicx256-r1-rain_paisage.jpg,2026-09-19T20:49:44Z,rain_paisage.jpg,12288,16320,Adaptive_Median,1,20,dynamic,256,off,yes,unset,unset,hype2,12.2.0,-O3 -Wall -Wextra -std=c++17 -fopenmp -ffp-contract=off -DOMP_EXPLICIT_SIMD=0 -fno-tree-vectorize,3567.593560,d0fdcd4b2e74abf3,passed
adaptive-simd_off-t20-dynamicx256-r1-firework.jpg,2026-09-19T20:49:51Z,firework.jpg,11125,16688,Adaptive_Median,1,20,dynamic,256,off,yes,unset,unset,hype2,12.2.0,-O3 -Wall -Wextra -std=c++17 -fopenmp -ffp-contract=off -DOMP_EXPLICIT_SIMD=0 -fno-tree-vectorize,3621.848293,cae2b8384ddb6aac,passed
adaptive-simd_off-t20-dynamicx256-r1-control_smooth_6000x6000.png,2026-09-19T20:49:52Z,control_smooth_6000x6000.png,6000,6000,Adaptive_Median,1,20,dynamic,256,off,yes,unset,unset,hype2,12.2.0,-O3 -Wall -Wextra -std=c++17 -fopenmp -ffp-contract=off -DOMP_EXPLICIT_SIMD=0 -fno-tree-vectorize,1291.870648,596e3c6929662ab9,passed
adaptive-simd_off-t20-dynamicx256-r1-control_noise_6000x6000.png,2026-09-19T20:49:54Z,control_noise_6000x6000.png,6000,6000,Adaptive_Median,1,20,dynamic,256,off,yes,unset,unset,hype2,12.2.0,-O3 -Wall -Wextra -std=c++17 -fopenmp -ffp-contract=off -DOMP_EXPLICIT_SIMD=0 -fno-tree-vectorize,911.346880,fcb58a627e9d9740,passed
adaptive-simd_off-t20-dynamicx256-r1-control_half_noise_6000x6000.png,2026-09-19T20:49:55Z,control_half_noise_6000x6000.png,6000,6000,Adaptive_Median,1,20,dynamic,256,off,yes,unset,unset,hype2,12.2.0,-O3 -Wall -Wextra -std=c++17 -fopenmp -ffp-contract=off -DOMP_EXPLICIT_SIMD=0 -fno-tree-vectorize,829.113505,9d92a48896bfc25a,passed
adaptive-simd_off-t20-dynamicx256-r1-control_bands_256_6000x6000.png,2026-09-19T20:49:57Z,control_bands_256_6000x6000.png,6000,6000,Adaptive_Median,1,20,dynamic,256,off,yes,unset,unset,hype2,12.2.0,-O3 -Wall -Wextra -std=c++17 -fopenmp -ffp-contract=off -DOMP_EXPLICIT_SIMD=0 -fno-tree-vectorize,942.651695,8f9bc97f03d5aae1,passed
adaptive-simd_off-avx2-t20-dynamicx256-r1-sky.jpg,2026-09-19T20:49:59Z,sky.jpg,6936,9248,Adaptive_Median,1,20,dynamic,256,off-avx2,yes,unset,unset,hype2,12.2.0,-O3 -Wall -Wextra -std=c++17 -fopenmp -ffp-contract=off -DOMP_EXPLICIT_SIMD=0 -fno-tree-vectorize -march=haswell,1240.113826,1e7ae9152e9643d5,passed
adaptive-simd_off-avx2-t20-dynamicx256-r1-stars.jpg,2026-09-19T20:50:04Z,stars.jpg,12960,8640,Adaptive_Median,1,20,dynamic,256,off-avx2,yes,unset,unset,hype2,12.2.0,-O3 -Wall -Wextra -std=c++17 -fopenmp -ffp-contract=off -DOMP_EXPLICIT_SIMD=0 -fno-tree-vectorize -march=haswell,2087.351024,626f977055f1c658,passed
adaptive-simd_off-avx2-t20-dynamicx256-r1-rain_paisage.jpg,2026-09-19T20:50:11Z,rain_paisage.jpg,12288,16320,Adaptive_Median,1,20,dynamic,256,off-avx2,yes,unset,unset,hype2,12.2.0,-O3 -Wall -Wextra -std=c++17 -fopenmp -ffp-contract=off -DOMP_EXPLICIT_SIMD=0 -fno-tree-vectorize -march=haswell,3732.966038,d0fdcd4b2e74abf3,passed
adaptive-simd_off-avx2-t20-dynamicx256-r1-firework.jpg,2026-09-19T20:50:17Z,firework.jpg,11125,16688,Adaptive_Median,1,20,dynamic,256,off-avx2,yes,unset,unset,hype2,12.2.0,-O3 -Wall -Wextra -std=c++17 -fopenmp -ffp-contract=off -DOMP_EXPLICIT_SIMD=0 -fno-tree-vectorize -march=haswell,3773.334740,cae2b8384ddb6aac,passed
adaptive-simd_off-avx2-t20-dynamicx256-r1-control_smooth_6000x6000.png,2026-09-19T20:50:19Z,control_smooth_6000x6000.png,6000,6000,Adaptive_Median,1,20,dynamic,256,off-avx2,yes,unset,unset,hype2,12.2.0,-O3 -Wall -Wextra -std=c++17 -fopenmp -ffp-contract=off -DOMP_EXPLICIT_SIMD=0 -fno-tree-vectorize -march=haswell,1316.123160,596e3c6929662ab9,passed
adaptive-simd_off-avx2-t20-dynamicx256-r1-control_noise_6000x6000.png,2026-09-19T20:50:21Z,control_noise_6000x6000.png,6000,6000,Adaptive_Median,1,20,dynamic,256,off-avx2,yes,unset,unset,hype2,12.2.0,-O3 -Wall -Wextra -std=c++17 -fopenmp -ffp-contract=off -DOMP_EXPLICIT_SIMD=0 -fno-tree-vectorize -march=haswell,960.882915,fcb58a627e9d9740,passed
adaptive-simd_off-avx2-t20-dynamicx256-r1-control_half_noise_6000x6000.png,2026-09-19T20:50:22Z,control_half_noise_6000x6000.png,6000,6000,Adaptive_Median,1,20,dynamic,256,off-avx2,yes,unset,unset,hype2,12.2.0,-O3 -Wall -Wextra -std=c++17 -fopenmp -ffp-contract=off -DOMP_EXPLICIT_SIMD=0 -fno-tree-vectorize -march=haswell,1058.331722,9d92a48896bfc25a,passed
adaptive-simd_off-avx2-t20-dynamicx256-r1-control_bands_256_6000x6000.png,2026-09-19T20:50:24Z,control_bands_256_6000x6000.png,6000,6000,Adaptive_Median,1,20,dynamic,256,off-avx2,yes,unset,unset,hype2,12.2.0,-O3 -Wall -Wextra -std=c++17 -fopenmp -ffp-contract=off -DOMP_EXPLICIT_SIMD=0 -fno-tree-vectorize -march=haswell,979.256483,8f9bc97f03d5aae1,passed
adaptive-simd_omp-t20-dynamicx256-r1-sky.jpg,2026-09-19T20:50:26Z,sky.jpg,6936,9248,Adaptive_Median,1,20,dynamic,256,omp,yes,unset,unset,hype2,12.2.0,-O3 -Wall -Wextra -std=c++17 -fopenmp -ffp-contract=off -DOMP_EXPLICIT_SIMD=1,1235.994400,1e7ae9152e9643d5,passed
adaptive-simd_omp-t20-dynamicx256-r1-stars.jpg,2026-09-19T20:50:31Z,stars.jpg,12960,8640,Adaptive_Median,1,20,dynamic,256,omp,yes,unset,unset,hype2,12.2.0,-O3 -Wall -Wextra -std=c++17 -fopenmp -ffp-contract=off -DOMP_EXPLICIT_SIMD=1,2066.006762,626f977055f1c658,passed
adaptive-simd_omp-t20-dynamicx256-r1-rain_paisage.jpg,2026-09-19T20:50:38Z,rain_paisage.jpg,12288,16320,Adaptive_Median,1,20,dynamic,256,omp,yes,unset,unset,hype2,12.2.0,-O3 -Wall -Wextra -std=c++17 -fopenmp -ffp-contract=off -DOMP_EXPLICIT_SIMD=1,3647.022723,d0fdcd4b2e74abf3,passed
adaptive-simd_omp-t20-dynamicx256-r1-firework.jpg,2026-09-19T20:50:44Z,firework.jpg,11125,16688,Adaptive_Median,1,20,dynamic,256,omp,yes,unset,unset,hype2,12.2.0,-O3 -Wall -Wextra -std=c++17 -fopenmp -ffp-contract=off -DOMP_EXPLICIT_SIMD=1,3706.182386,cae2b8384ddb6aac,passed
adaptive-simd_omp-t20-dynamicx256-r1-control_smooth_6000x6000.png,2026-09-19T20:50:46Z,control_smooth_6000x6000.png,6000,6000,Adaptive_Median,1,20,dynamic,256,omp,yes,unset,unset,hype2,12.2.0,-O3 -Wall -Wextra -std=c++17 -fopenmp -ffp-contract=off -DOMP_EXPLICIT_SIMD=1,1299.581601,596e3c6929662ab9,passed
adaptive-simd_omp-t20-dynamicx256-r1-control_noise_6000x6000.png,2026-09-19T20:50:47Z,control_noise_6000x6000.png,6000,6000,Adaptive_Median,1,20,dynamic,256,omp,yes,unset,unset,hype2,12.2.0,-O3 -Wall -Wextra -std=c++17 -fopenmp -ffp-contract=off -DOMP_EXPLICIT_SIMD=1,932.509250,fcb58a627e9d9740,passed
adaptive-simd_omp-t20-dynamicx256-r1-control_half_noise_6000x6000.png,2026-09-19T20:50:49Z,control_half_noise_6000x6000.png,6000,6000,Adaptive_Median,1,20,dynamic,256,omp,yes,unset,unset,hype2,12.2.0,-O3 -Wall -Wextra -std=c++17 -fopenmp -ffp-contract=off -DOMP_EXPLICIT_SIMD=1,849.475786,9d92a48896bfc25a,passed
adaptive-simd_omp-t20-dynamicx256-r1-control_bands_256_6000x6000.png,2026-09-19T20:50:51Z,control_bands_256_6000x6000.png,6000,6000,Adaptive_Median,1,20,dynamic,256,omp,yes,unset,unset,hype2,12.2.0,-O3 -Wall -Wextra -std=c++17 -fopenmp -ffp-contract=off -DOMP_EXPLICIT_SIMD=1,960.478510,8f9bc97f03d5aae1,passed
adaptive-simd_omp-avx2-t20-dynamicx256-r1-sky.jpg,2026-09-19T20:50:53Z,sky.jpg,6936,9248,Adaptive_Median,1,20,dynamic,256,omp-avx2,yes,unset,unset,hype2,12.2.0,-O3 -Wall -Wextra -std=c++17 -fopenmp -ffp-contract=off -DOMP_EXPLICIT_SIMD=1 -march=haswell,1289.933655,1e7ae9152e9643d5,passed
adaptive-simd_omp-avx2-t20-dynamicx256-r1-stars.jpg,2026-09-19T20:50:57Z,stars.jpg,12960,8640,Adaptive_Median,1,20,dynamic,256,omp-avx2,yes,unset,unset,hype2,12.2.0,-O3 -Wall -Wextra -std=c++17 -fopenmp -ffp-contract=off -DOMP_EXPLICIT_SIMD=1 -march=haswell,2126.363434,626f977055f1c658,passed
adaptive-simd_omp-avx2-t20-dynamicx256-r1-rain_paisage.jpg,2026-09-19T20:51:04Z,rain_paisage.jpg,12288,16320,Adaptive_Median,1,20,dynamic,256,omp-avx2,yes,unset,unset,hype2,12.2.0,-O3 -Wall -Wextra -std=c++17 -fopenmp -ffp-contract=off -DOMP_EXPLICIT_SIMD=1 -march=haswell,3788.152332,d0fdcd4b2e74abf3,passed
adaptive-simd_omp-avx2-t20-dynamicx256-r1-firework.jpg,2026-09-19T20:51:11Z,firework.jpg,11125,16688,Adaptive_Median,1,20,dynamic,256,omp-avx2,yes,unset,unset,hype2,12.2.0,-O3 -Wall -Wextra -std=c++17 -fopenmp -ffp-contract=off -DOMP_EXPLICIT_SIMD=1 -march=haswell,3858.343773,cae2b8384ddb6aac,passed
adaptive-simd_omp-avx2-t20-dynamicx256-r1-control_smooth_6000x6000.png,2026-09-19T20:51:13Z,control_smooth_6000x6000.png,6000,6000,Adaptive_Median,1,20,dynamic,256,omp-avx2,yes,unset,unset,hype2,12.2.0,-O3 -Wall -Wextra -std=c++17 -fopenmp -ffp-contract=off -DOMP_EXPLICIT_SIMD=1 -march=haswell,1330.631426,596e3c6929662ab9,passed
adaptive-simd_omp-avx2-t20-dynamicx256-r1-control_noise_6000x6000.png,2026-09-19T20:51:14Z,control_noise_6000x6000.png,6000,6000,Adaptive_Median,1,20,dynamic,256,omp-avx2,yes,unset,unset,hype2,12.2.0,-O3 -Wall -Wextra -std=c++17 -fopenmp -ffp-contract=off -DOMP_EXPLICIT_SIMD=1 -march=haswell,984.841078,fcb58a627e9d9740,passed
adaptive-simd_omp-avx2-t20-dynamicx256-r1-control_half_noise_6000x6000.png,2026-09-19T20:51:16Z,control_half_noise_6000x6000.png,6000,6000,Adaptive_Median,1,20,dynamic,256,omp-avx2,yes,unset,unset,hype2,12.2.0,-O3 -Wall -Wextra -std=c++17 -fopenmp -ffp-contract=off -DOMP_EXPLICIT_SIMD=1 -march=haswell,880.136533,9d92a48896bfc25a,passed
adaptive-simd_omp-avx2-t20-dynamicx256-r1-control_bands_256_6000x6000.png,2026-09-19T20:51:18Z,control_bands_256_6000x6000.png,6000,6000,Adaptive_Median,1,20,dynamic,256,omp-avx2,yes,unset,unset,hype2,12.2.0,-O3 -Wall -Wextra -std=c++17 -fopenmp -ffp-contract=off -DOMP_EXPLICIT_SIMD=1 -march=haswell,996.916793,8f9bc97f03d5aae1,passed
adaptive-simd_off-avx2-t20-static-r2-sky.jpg,2026-09-19T20:51:20Z,sky.jpg,6936,9248,Adaptive_Median,2,20,static,,off-avx2,yes,unset,unset,hype2,12.2.0,-O3 -Wall -Wextra -std=c++17 -fopenmp -ffp-contract=off -DOMP_EXPLICIT_SIMD=0 -fno-tree-vectorize -march=haswell,1185.712199,1e7ae9152e9643d5,passed
adaptive-simd_off-avx2-t20-static-r2-stars.jpg,2026-09-19T20:51:24Z,stars.jpg,12960,8640,Adaptive_Median,2,20,static,,off-avx2,yes,unset,unset,hype2,12.2.0,-O3 -Wall -Wextra -std=c++17 -fopenmp -ffp-contract=off -DOMP_EXPLICIT_SIMD=0 -fno-tree-vectorize -march=haswell,1923.287765,626f977055f1c658,passed
adaptive-simd_off-avx2-t20-static-r2-rain_paisage.jpg,2026-09-19T20:51:32Z,rain_paisage.jpg,12288,16320,Adaptive_Median,2,20,static,,off-avx2,yes,unset,unset,hype2,12.2.0,-O3 -Wall -Wextra -std=c++17 -fopenmp -ffp-contract=off -DOMP_EXPLICIT_SIMD=0 -fno-tree-vectorize -march=haswell,4435.822033,d0fdcd4b2e74abf3,passed
adaptive-simd_off-avx2-t20-static-r2-firework.jpg,2026-09-19T20:51:39Z,firework.jpg,11125,16688,Adaptive_Median,2,20,static,,off-avx2,yes,unset,unset,hype2,12.2.0,-O3 -Wall -Wextra -std=c++17 -fopenmp -ffp-contract=off -DOMP_EXPLICIT_SIMD=0 -fno-tree-vectorize -march=haswell,4084.731751,cae2b8384ddb6aac,passed
adaptive-simd_off-avx2-t20-static-r2-control_smooth_6000x6000.png,2026-09-19T20:51:40Z,control_smooth_6000x6000.png,6000,6000,Adaptive_Median,2,20,static,,off-avx2,yes,unset,unset,hype2,12.2.0,-O3 -Wall -Wextra -std=c++17 -fopenmp -ffp-contract=off -DOMP_EXPLICIT_SIMD=0 -fno-tree-vectorize -march=haswell,837.644130,596e3c6929662ab9,passed
adaptive-simd_off-avx2-t20-static-r2-control_noise_6000x6000.png,2026-09-19T20:51:41Z,control_noise_6000x6000.png,6000,6000,Adaptive_Median,2,20,static,,off-avx2,yes,unset,unset,hype2,12.2.0,-O3 -Wall -Wextra -std=c++17 -fopenmp -ffp-contract=off -DOMP_EXPLICIT_SIMD=0 -fno-tree-vectorize -march=haswell,592.941791,fcb58a627e9d9740,passed
adaptive-simd_off-avx2-t20-static-r2-control_half_noise_6000x6000.png,2026-09-19T20:51:43Z,control_half_noise_6000x6000.png,6000,6000,Adaptive_Median,2,20,static,,off-avx2,yes,unset,unset,hype2,12.2.0,-O3 -Wall -Wextra -std=c++17 -fopenmp -ffp-contract=off -DOMP_EXPLICIT_SIMD=0 -fno-tree-vectorize -march=haswell,822.045345,9d92a48896bfc25a,passed
adaptive-simd_off-avx2-t20-static-r2-control_bands_256_6000x6000.png,2026-09-19T20:51:44Z,control_bands_256_6000x6000.png,6000,6000,Adaptive_Median,2,20,static,,off-avx2,yes,unset,unset,hype2,12.2.0,-O3 -Wall -Wextra -std=c++17 -fopenmp -ffp-contract=off -DOMP_EXPLICIT_SIMD=0 -fno-tree-vectorize -march=haswell,778.649411,8f9bc97f03d5aae1,passed
adaptive-simd_omp-t20-static-r2-sky.jpg,2026-09-19T20:51:46Z,sky.jpg,6936,9248,Adaptive_Median,2,20,static,,omp,yes,unset,unset,hype2,12.2.0,-O3 -Wall -Wextra -std=c++17 -fopenmp -ffp-contract=off -DOMP_EXPLICIT_SIMD=1,1129.718839,1e7ae9152e9643d5,passed
adaptive-simd_omp-t20-static-r2-stars.jpg,2026-09-19T20:51:50Z,stars.jpg,12960,8640,Adaptive_Median,2,20,static,,omp,yes,unset,unset,hype2,12.2.0,-O3 -Wall -Wextra -std=c++17 -fopenmp -ffp-contract=off -DOMP_EXPLICIT_SIMD=1,1814.556675,626f977055f1c658,passed
adaptive-simd_omp-t20-static-r2-rain_paisage.jpg,2026-09-19T20:51:58Z,rain_paisage.jpg,12288,16320,Adaptive_Median,2,20,static,,omp,yes,unset,unset,hype2,12.2.0,-O3 -Wall -Wextra -std=c++17 -fopenmp -ffp-contract=off -DOMP_EXPLICIT_SIMD=1,4594.665854,d0fdcd4b2e74abf3,passed
adaptive-simd_omp-t20-static-r2-firework.jpg,2026-09-19T20:52:05Z,firework.jpg,11125,16688,Adaptive_Median,2,20,static,,omp,yes,unset,unset,hype2,12.2.0,-O3 -Wall -Wextra -std=c++17 -fopenmp -ffp-contract=off -DOMP_EXPLICIT_SIMD=1,4039.976797,cae2b8384ddb6aac,passed
adaptive-simd_omp-t20-static-r2-control_smooth_6000x6000.png,2026-09-19T20:52:06Z,control_smooth_6000x6000.png,6000,6000,Adaptive_Median,2,20,static,,omp,yes,unset,unset,hype2,12.2.0,-O3 -Wall -Wextra -std=c++17 -fopenmp -ffp-contract=off -DOMP_EXPLICIT_SIMD=1,826.663138,596e3c6929662ab9,passed
adaptive-simd_omp-t20-static-r2-control_noise_6000x6000.png,2026-09-19T20:52:07Z,control_noise_6000x6000.png,6000,6000,Adaptive_Median,2,20,static,,omp,yes,unset,unset,hype2,12.2.0,-O3 -Wall -Wextra -std=c++17 -fopenmp -ffp-contract=off -DOMP_EXPLICIT_SIMD=1,577.487764,fcb58a627e9d9740,passed
adaptive-simd_omp-t20-static-r2-control_half_noise_6000x6000.png,2026-09-19T20:52:09Z,control_half_noise_6000x6000.png,6000,6000,Adaptive_Median,2,20,static,,omp,yes,unset,unset,hype2,12.2.0,-O3 -Wall -Wextra -std=c++17 -fopenmp -ffp-contract=off -DOMP_EXPLICIT_SIMD=1,817.410851,9d92a48896bfc25a,passed
adaptive-simd_omp-t20-static-r2-control_bands_256_6000x6000.png,2026-09-19T20:52:10Z,control_bands_256_6000x6000.png,6000,6000,Adaptive_Median,2,20,static,,omp,yes,unset,unset,hype2,12.2.0,-O3 -Wall -Wextra -std=c++17 -fopenmp -ffp-contract=off -DOMP_EXPLICIT_SIMD=1,741.735717,8f9bc97f03d5aae1,passed
adaptive-simd_omp-avx2-t20-static-r2-sky.jpg,2026-09-19T20:52:13Z,sky.jpg,6936,9248,Adaptive_Median,2,20,static,,omp-avx2,yes,unset,unset,hype2,12.2.0,-O3 -Wall -Wextra -std=c++17 -fopenmp -ffp-contract=off -DOMP_EXPLICIT_SIMD=1 -march=haswell,1165.828465,1e7ae9152e9643d5,passed
adaptive-simd_omp-avx2-t20-static-r2-stars.jpg,2026-09-19T20:52:17Z,stars.jpg,12960,8640,Adaptive_Median,2,20,static,,omp-avx2,yes,unset,unset,hype2,12.2.0,-O3 -Wall -Wextra -std=c++17 -fopenmp -ffp-contract=off -DOMP_EXPLICIT_SIMD=1 -march=haswell,1882.781741,626f977055f1c658,passed
adaptive-simd_omp-avx2-t20-static-r2-rain_paisage.jpg,2026-09-19T20:52:25Z,rain_paisage.jpg,12288,16320,Adaptive_Median,2,20,static,,omp-avx2,yes,unset,unset,hype2,12.2.0,-O3 -Wall -Wextra -std=c++17 -fopenmp -ffp-contract=off -DOMP_EXPLICIT_SIMD=1 -march=haswell,4496.485183,d0fdcd4b2e74abf3,passed
adaptive-simd_omp-avx2-t20-static-r2-firework.jpg,2026-09-19T20:52:32Z,firework.jpg,11125,16688,Adaptive_Median,2,20,static,,omp-avx2,yes,unset,unset,hype2,12.2.0,-O3 -Wall -Wextra -std=c++17 -fopenmp -ffp-contract=off -DOMP_EXPLICIT_SIMD=1 -march=haswell,4170.141583,cae2b8384ddb6aac,passed
adaptive-simd_omp-avx2-t20-static-r2-control_smooth_6000x6000.png,2026-09-19T20:52:33Z,control_smooth_6000x6000.png,6000,6000,Adaptive_Median,2,20,static,,omp-avx2,yes,unset,unset,hype2,12.2.0,-O3 -Wall -Wextra -std=c++17 -fopenmp -ffp-contract=off -DOMP_EXPLICIT_SIMD=1 -march=haswell,842.223254,596e3c6929662ab9,passed
adaptive-simd_omp-avx2-t20-static-r2-control_noise_6000x6000.png,2026-09-19T20:52:34Z,control_noise_6000x6000.png,6000,6000,Adaptive_Median,2,20,static,,omp-avx2,yes,unset,unset,hype2,12.2.0,-O3 -Wall -Wextra -std=c++17 -fopenmp -ffp-contract=off -DOMP_EXPLICIT_SIMD=1 -march=haswell,608.549844,fcb58a627e9d9740,passed
adaptive-simd_omp-avx2-t20-static-r2-control_half_noise_6000x6000.png,2026-09-19T20:52:36Z,control_half_noise_6000x6000.png,6000,6000,Adaptive_Median,2,20,static,,omp-avx2,yes,unset,unset,hype2,12.2.0,-O3 -Wall -Wextra -std=c++17 -fopenmp -ffp-contract=off -DOMP_EXPLICIT_SIMD=1 -march=haswell,837.755939,9d92a48896bfc25a,passed
adaptive-simd_omp-avx2-t20-static-r2-control_bands_256_6000x6000.png,2026-09-19T20:52:37Z,control_bands_256_6000x6000.png,6000,6000,Adaptive_Median,2,20,static,,omp-avx2,yes,unset,unset,hype2,12.2.0,-O3 -Wall -Wextra -std=c++17 -fopenmp -ffp-contract=off -DOMP_EXPLICIT_SIMD=1 -march=haswell,761.886952,8f9bc97f03d5aae1,passed
adaptive-simd_off-t20-dynamicx1-r2-sky.jpg,2026-09-19T20:52:39Z,sky.jpg,6936,9248,Adaptive_Median,2,20,dynamic,1,off,yes,unset,unset,hype2,12.2.0,-O3 -Wall -Wextra -std=c++17 -fopenmp -ffp-contract=off -DOMP_EXPLICIT_SIMD=0 -fno-tree-vectorize,1040.872263,1e7ae9152e9643d5,passed
adaptive-simd_off-t20-dynamicx1-r2-stars.jpg,2026-09-19T20:52:43Z,stars.jpg,12960,8640,Adaptive_Median,2,20,dynamic,1,off,yes,unset,unset,hype2,12.2.0,-O3 -Wall -Wextra -std=c++17 -fopenmp -ffp-contract=off -DOMP_EXPLICIT_SIMD=0 -fno-tree-vectorize,1641.367129,626f977055f1c658,passed
adaptive-simd_off-t20-dynamicx1-r2-rain_paisage.jpg,2026-09-19T20:52:49Z,rain_paisage.jpg,12288,16320,Adaptive_Median,2,20,dynamic,1,off,yes,unset,unset,hype2,12.2.0,-O3 -Wall -Wextra -std=c++17 -fopenmp -ffp-contract=off -DOMP_EXPLICIT_SIMD=0 -fno-tree-vectorize,3165.293697,d0fdcd4b2e74abf3,passed
adaptive-simd_off-t20-dynamicx1-r2-firework.jpg,2026-09-19T20:52:55Z,firework.jpg,11125,16688,Adaptive_Median,2,20,dynamic,1,off,yes,unset,unset,hype2,12.2.0,-O3 -Wall -Wextra -std=c++17 -fopenmp -ffp-contract=off -DOMP_EXPLICIT_SIMD=0 -fno-tree-vectorize,3087.828619,cae2b8384ddb6aac,passed
adaptive-simd_off-t20-dynamicx1-r2-control_smooth_6000x6000.png,2026-09-19T20:52:57Z,control_smooth_6000x6000.png,6000,6000,Adaptive_Median,2,20,dynamic,1,off,yes,unset,unset,hype2,12.2.0,-O3 -Wall -Wextra -std=c++17 -fopenmp -ffp-contract=off -DOMP_EXPLICIT_SIMD=0 -fno-tree-vectorize,814.822373,596e3c6929662ab9,passed
adaptive-simd_off-t20-dynamicx1-r2-control_noise_6000x6000.png,2026-09-19T20:52:58Z,control_noise_6000x6000.png,6000,6000,Adaptive_Median,2,20,dynamic,1,off,yes,unset,unset,hype2,12.2.0,-O3 -Wall -Wextra -std=c++17 -fopenmp -ffp-contract=off -DOMP_EXPLICIT_SIMD=0 -fno-tree-vectorize,566.865635,fcb58a627e9d9740,passed
adaptive-simd_off-t20-dynamicx1-r2-control_half_noise_6000x6000.png,2026-09-19T20:52:59Z,control_half_noise_6000x6000.png,6000,6000,Adaptive_Median,2,20,dynamic,1,off,yes,unset,unset,hype2,12.2.0,-O3 -Wall -Wextra -std=c++17 -fopenmp -ffp-contract=off -DOMP_EXPLICIT_SIMD=0 -fno-tree-vectorize,602.814082,9d92a48896bfc25a,passed
adaptive-simd_off-t20-dynamicx1-r2-control_bands_256_6000x6000.png,2026-09-19T20:53:01Z,control_bands_256_6000x6000.png,6000,6000,Adaptive_Median,2,20,dynamic,1,off,yes,unset,unset,hype2,12.2.0,-O3 -Wall -Wextra -std=c++17 -fopenmp -ffp-contract=off -DOMP_EXPLICIT_SIMD=0 -fno-tree-vectorize,603.002333,8f9bc97f03d5aae1,passed
adaptive-simd_off-avx2-t20-dynamicx1-r2-sky.jpg,2026-09-19T20:53:03Z,sky.jpg,6936,9248,Adaptive_Median,2,20,dynamic,1,off-avx2,yes,unset,unset,hype2,12.2.0,-O3 -Wall -Wextra -std=c++17 -fopenmp -ffp-contract=off -DOMP_EXPLICIT_SIMD=0 -fno-tree-vectorize -march=haswell,1081.387005,1e7ae9152e9643d5,passed
adaptive-simd_off-avx2-t20-dynamicx1-r2-stars.jpg,2026-09-19T20:53:07Z,stars.jpg,12960,8640,Adaptive_Median,2,20,dynamic,1,off-avx2,yes,unset,unset,hype2,12.2.0,-O3 -Wall -Wextra -std=c++17 -fopenmp -ffp-contract=off -DOMP_EXPLICIT_SIMD=0 -fno-tree-vectorize -march=haswell,1717.026896,626f977055f1c658,passed
adaptive-simd_off-avx2-t20-dynamicx1-r2-rain_paisage.jpg,2026-09-19T20:53:13Z,rain_paisage.jpg,12288,16320,Adaptive_Median,2,20,dynamic,1,off-avx2,yes,unset,unset,hype2,12.2.0,-O3 -Wall -Wextra -std=c++17 -fopenmp -ffp-contract=off -DOMP_EXPLICIT_SIMD=0 -fno-tree-vectorize -march=haswell,3294.756954,d0fdcd4b2e74abf3,passed
adaptive-simd_off-avx2-t20-dynamicx1-r2-firework.jpg,2026-09-19T20:53:19Z,firework.jpg,11125,16688,Adaptive_Median,2,20,dynamic,1,off-avx2,yes,unset,unset,hype2,12.2.0,-O3 -Wall -Wextra -std=c++17 -fopenmp -ffp-contract=off -DOMP_EXPLICIT_SIMD=0 -fno-tree-vectorize -march=haswell,3182.466655,cae2b8384ddb6aac,passed
adaptive-simd_off-avx2-t20-dynamicx1-r2-control_smooth_6000x6000.png,2026-09-19T20:53:20Z,control_smooth_6000x6000.png,6000,6000,Adaptive_Median,2,20,dynamic,1,off-avx2,yes,unset,unset,hype2,12.2.0,-O3 -Wall -Wextra -std=c++17 -fopenmp -ffp-contract=off -DOMP_EXPLICIT_SIMD=0 -fno-tree-vectorize -march=haswell,836.784379,596e3c6929662ab9,passed
adaptive-simd_off-avx2-t20-dynamicx1-r2-control_noise_6000x6000.png,2026-09-19T20:53:22Z,control_noise_6000x6000.png,6000,6000,Adaptive_Median,2,20,dynamic,1,off-avx2,yes,unset,unset,hype2,12.2.0,-O3 -Wall -Wextra -std=c++17 -fopenmp -ffp-contract=off -DOMP_EXPLICIT_SIMD=0 -fno-tree-vectorize -march=haswell,596.241382,fcb58a627e9d9740,passed
adaptive-simd_off-avx2-t20-dynamicx1-r2-control_half_noise_6000x6000.png,2026-09-19T20:53:23Z,control_half_noise_6000x6000.png,6000,6000,Adaptive_Median,2,20,dynamic,1,off-avx2,yes,unset,unset,hype2,12.2.0,-O3 -Wall -Wextra -std=c++17 -fopenmp -ffp-contract=off -DOMP_EXPLICIT_SIMD=0 -fno-tree-vectorize -march=haswell,621.088544,9d92a48896bfc25a,passed
adaptive-simd_off-avx2-t20-dynamicx1-r2-control_bands_256_6000x6000.png,2026-09-19T20:53:24Z,control_bands_256_6000x6000.png,6000,6000,Adaptive_Median,2,20,dynamic,1,off-avx2,yes,unset,unset,hype2,12.2.0,-O3 -Wall -Wextra -std=c++17 -fopenmp -ffp-contract=off -DOMP_EXPLICIT_SIMD=0 -fno-tree-vectorize -march=haswell,658.683966,8f9bc97f03d5aae1,passed
adaptive-simd_omp-t20-dynamicx1-r2-sky.jpg,2026-09-19T20:53:26Z,sky.jpg,6936,9248,Adaptive_Median,2,20,dynamic,1,omp,yes,unset,unset,hype2,12.2.0,-O3 -Wall -Wextra -std=c++17 -fopenmp -ffp-contract=off -DOMP_EXPLICIT_SIMD=1,1067.015940,1e7ae9152e9643d5,passed
adaptive-simd_omp-t20-dynamicx1-r2-stars.jpg,2026-09-19T20:53:30Z,stars.jpg,12960,8640,Adaptive_Median,2,20,dynamic,1,omp,yes,unset,unset,hype2,12.2.0,-O3 -Wall -Wextra -std=c++17 -fopenmp -ffp-contract=off -DOMP_EXPLICIT_SIMD=1,1692.155491,626f977055f1c658,passed
adaptive-simd_omp-t20-dynamicx1-r2-rain_paisage.jpg,2026-09-19T20:53:37Z,rain_paisage.jpg,12288,16320,Adaptive_Median,2,20,dynamic,1,omp,yes,unset,unset,hype2,12.2.0,-O3 -Wall -Wextra -std=c++17 -fopenmp -ffp-contract=off -DOMP_EXPLICIT_SIMD=1,3232.684067,d0fdcd4b2e74abf3,passed
adaptive-simd_omp-t20-dynamicx1-r2-firework.jpg,2026-09-19T20:53:43Z,firework.jpg,11125,16688,Adaptive_Median,2,20,dynamic,1,omp,yes,unset,unset,hype2,12.2.0,-O3 -Wall -Wextra -std=c++17 -fopenmp -ffp-contract=off -DOMP_EXPLICIT_SIMD=1,3123.816966,cae2b8384ddb6aac,passed
adaptive-simd_omp-t20-dynamicx1-r2-control_smooth_6000x6000.png,2026-09-19T20:53:44Z,control_smooth_6000x6000.png,6000,6000,Adaptive_Median,2,20,dynamic,1,omp,yes,unset,unset,hype2,12.2.0,-O3 -Wall -Wextra -std=c++17 -fopenmp -ffp-contract=off -DOMP_EXPLICIT_SIMD=1,831.565561,596e3c6929662ab9,passed
adaptive-simd_omp-t20-dynamicx1-r2-control_noise_6000x6000.png,2026-09-19T20:53:45Z,control_noise_6000x6000.png,6000,6000,Adaptive_Median,2,20,dynamic,1,omp,yes,unset,unset,hype2,12.2.0,-O3 -Wall -Wextra -std=c++17 -fopenmp -ffp-contract=off -DOMP_EXPLICIT_SIMD=1,582.233124,fcb58a627e9d9740,passed
adaptive-simd_omp-t20-dynamicx1-r2-control_half_noise_6000x6000.png,2026-09-19T20:53:47Z,control_half_noise_6000x6000.png,6000,6000,Adaptive_Median,2,20,dynamic,1,omp,yes,unset,unset,hype2,12.2.0,-O3 -Wall -Wextra -std=c++17 -fopenmp -ffp-contract=off -DOMP_EXPLICIT_SIMD=1,613.536378,9d92a48896bfc25a,passed
adaptive-simd_omp-t20-dynamicx1-r2-control_bands_256_6000x6000.png,2026-09-19T20:53:48Z,control_bands_256_6000x6000.png,6000,6000,Adaptive_Median,2,20,dynamic,1,omp,yes,unset,unset,hype2,12.2.0,-O3 -Wall -Wextra -std=c++17 -fopenmp -ffp-contract=off -DOMP_EXPLICIT_SIMD=1,619.548853,8f9bc97f03d5aae1,passed
adaptive-simd_omp-avx2-t20-dynamicx1-r2-sky.jpg,2026-09-19T20:53:50Z,sky.jpg,6936,9248,Adaptive_Median,2,20,dynamic,1,omp-avx2,yes,unset,unset,hype2,12.2.0,-O3 -Wall -Wextra -std=c++17 -fopenmp -ffp-contract=off -DOMP_EXPLICIT_SIMD=1 -march=haswell,1106.059741,1e7ae9152e9643d5,passed
adaptive-simd_omp-avx2-t20-dynamicx1-r2-stars.jpg,2026-09-19T20:53:54Z,stars.jpg,12960,8640,Adaptive_Median,2,20,dynamic,1,omp-avx2,yes,unset,unset,hype2,12.2.0,-O3 -Wall -Wextra -std=c++17 -fopenmp -ffp-contract=off -DOMP_EXPLICIT_SIMD=1 -march=haswell,1753.659384,626f977055f1c658,passed
adaptive-simd_omp-avx2-t20-dynamicx1-r2-rain_paisage.jpg,2026-09-19T20:54:01Z,rain_paisage.jpg,12288,16320,Adaptive_Median,2,20,dynamic,1,omp-avx2,yes,unset,unset,hype2,12.2.0,-O3 -Wall -Wextra -std=c++17 -fopenmp -ffp-contract=off -DOMP_EXPLICIT_SIMD=1 -march=haswell,3333.200712,d0fdcd4b2e74abf3,passed
adaptive-simd_omp-avx2-t20-dynamicx1-r2-firework.jpg,2026-09-19T20:54:07Z,firework.jpg,11125,16688,Adaptive_Median,2,20,dynamic,1,omp-avx2,yes,unset,unset,hype2,12.2.0,-O3 -Wall -Wextra -std=c++17 -fopenmp -ffp-contract=off -DOMP_EXPLICIT_SIMD=1 -march=haswell,3230.847455,cae2b8384ddb6aac,passed
adaptive-simd_omp-avx2-t20-dynamicx1-r2-control_smooth_6000x6000.png,2026-09-19T20:54:08Z,control_smooth_6000x6000.png,6000,6000,Adaptive_Median,2,20,dynamic,1,omp-avx2,yes,unset,unset,hype2,12.2.0,-O3 -Wall -Wextra -std=c++17 -fopenmp -ffp-contract=off -DOMP_EXPLICIT_SIMD=1 -march=haswell,844.995208,596e3c6929662ab9,passed
adaptive-simd_omp-avx2-t20-dynamicx1-r2-control_noise_6000x6000.png,2026-09-19T20:54:09Z,control_noise_6000x6000.png,6000,6000,Adaptive_Median,2,20,dynamic,1,omp-avx2,yes,unset,unset,hype2,12.2.0,-O3 -Wall -Wextra -std=c++17 -fopenmp -ffp-contract=off -DOMP_EXPLICIT_SIMD=1 -march=haswell,614.039918,fcb58a627e9d9740,passed
adaptive-simd_omp-avx2-t20-dynamicx1-r2-control_half_noise_6000x6000.png,2026-09-19T20:54:10Z,control_half_noise_6000x6000.png,6000,6000,Adaptive_Median,2,20,dynamic,1,omp-avx2,yes,unset,unset,hype2,12.2.0,-O3 -Wall -Wextra -std=c++17 -fopenmp -ffp-contract=off -DOMP_EXPLICIT_SIMD=1 -march=haswell,629.595783,9d92a48896bfc25a,passed
adaptive-simd_omp-avx2-t20-dynamicx1-r2-control_bands_256_6000x6000.png,2026-09-19T20:54:12Z,control_bands_256_6000x6000.png,6000,6000,Adaptive_Median,2,20,dynamic,1,omp-avx2,yes,unset,unset,hype2,12.2.0,-O3 -Wall -Wextra -std=c++17 -fopenmp -ffp-contract=off -DOMP_EXPLICIT_SIMD=1 -march=haswell,635.331781,8f9bc97f03d5aae1,passed
adaptive-simd_off-t20-dynamicx4-r2-sky.jpg,2026-09-19T20:54:14Z,sky.jpg,6936,9248,Adaptive_Median,2,20,dynamic,4,off,yes,unset,unset,hype2,12.2.0,-O3 -Wall -Wextra -std=c++17 -fopenmp -ffp-contract=off -DOMP_EXPLICIT_SIMD=0 -fno-tree-vectorize,1042.217745,1e7ae9152e9643d5,passed
adaptive-simd_off-t20-dynamicx4-r2-stars.jpg,2026-09-19T20:54:18Z,stars.jpg,12960,8640,Adaptive_Median,2,20,dynamic,4,off,yes,unset,unset,hype2,12.2.0,-O3 -Wall -Wextra -std=c++17 -fopenmp -ffp-contract=off -DOMP_EXPLICIT_SIMD=0 -fno-tree-vectorize,1646.433769,626f977055f1c658,passed
adaptive-simd_off-t20-dynamicx4-r2-rain_paisage.jpg,2026-09-19T20:54:24Z,rain_paisage.jpg,12288,16320,Adaptive_Median,2,20,dynamic,4,off,yes,unset,unset,hype2,12.2.0,-O3 -Wall -Wextra -std=c++17 -fopenmp -ffp-contract=off -DOMP_EXPLICIT_SIMD=0 -fno-tree-vectorize,3164.404658,d0fdcd4b2e74abf3,passed
adaptive-simd_off-t20-dynamicx4-r2-firework.jpg,2026-09-19T20:54:30Z,firework.jpg,11125,16688,Adaptive_Median,2,20,dynamic,4,off,yes,unset,unset,hype2,12.2.0,-O3 -Wall -Wextra -std=c++17 -fopenmp -ffp-contract=off -DOMP_EXPLICIT_SIMD=0 -fno-tree-vectorize,3060.329351,cae2b8384ddb6aac,passed
adaptive-simd_off-t20-dynamicx4-r2-control_smooth_6000x6000.png,2026-09-19T20:54:31Z,control_smooth_6000x6000.png,6000,6000,Adaptive_Median,2,20,dynamic,4,off,yes,unset,unset,hype2,12.2.0,-O3 -Wall -Wextra -std=c++17 -fopenmp -ffp-contract=off -DOMP_EXPLICIT_SIMD=0 -fno-tree-vectorize,815.624973,596e3c6929662ab9,passed
adaptive-simd_off-t20-dynamicx4-r2-control_noise_6000x6000.png,2026-09-19T20:54:32Z,control_noise_6000x6000.png,6000,6000,Adaptive_Median,2,20,dynamic,4,off,yes,unset,unset,hype2,12.2.0,-O3 -Wall -Wextra -std=c++17 -fopenmp -ffp-contract=off -DOMP_EXPLICIT_SIMD=0 -fno-tree-vectorize,567.171536,fcb58a627e9d9740,passed
adaptive-simd_off-t20-dynamicx4-r2-control_half_noise_6000x6000.png,2026-09-19T20:54:34Z,control_half_noise_6000x6000.png,6000,6000,Adaptive_Median,2,20,dynamic,4,off,yes,unset,unset,hype2,12.2.0,-O3 -Wall -Wextra -std=c++17 -fopenmp -ffp-contract=off -DOMP_EXPLICIT_SIMD=0 -fno-tree-vectorize,598.889635,9d92a48896bfc25a,passed
adaptive-simd_off-t20-dynamicx4-r2-control_bands_256_6000x6000.png,2026-09-19T20:54:35Z,control_bands_256_6000x6000.png,6000,6000,Adaptive_Median,2,20,dynamic,4,off,yes,unset,unset,hype2,12.2.0,-O3 -Wall -Wextra -std=c++17 -fopenmp -ffp-contract=off -DOMP_EXPLICIT_SIMD=0 -fno-tree-vectorize,601.852154,8f9bc97f03d5aae1,passed
adaptive-simd_off-avx2-t20-dynamicx4-r2-sky.jpg,2026-09-19T20:54:37Z,sky.jpg,6936,9248,Adaptive_Median,2,20,dynamic,4,off-avx2,yes,unset,unset,hype2,12.2.0,-O3 -Wall -Wextra -std=c++17 -fopenmp -ffp-contract=off -DOMP_EXPLICIT_SIMD=0 -fno-tree-vectorize -march=haswell,1083.781919,1e7ae9152e9643d5,passed
adaptive-simd_off-avx2-t20-dynamicx4-r2-stars.jpg,2026-09-19T20:54:41Z,stars.jpg,12960,8640,Adaptive_Median,2,20,dynamic,4,off-avx2,yes,unset,unset,hype2,12.2.0,-O3 -Wall -Wextra -std=c++17 -fopenmp -ffp-contract=off -DOMP_EXPLICIT_SIMD=0 -fno-tree-vectorize -march=haswell,1722.907095,626f977055f1c658,passed
adaptive-simd_off-avx2-t20-dynamicx4-r2-rain_paisage.jpg,2026-09-19T20:54:48Z,rain_paisage.jpg,12288,16320,Adaptive_Median,2,20,dynamic,4,off-avx2,yes,unset,unset,hype2,12.2.0,-O3 -Wall -Wextra -std=c++17 -fopenmp -ffp-contract=off -DOMP_EXPLICIT_SIMD=0 -fno-tree-vectorize -march=haswell,3295.939878,d0fdcd4b2e74abf3,passed
adaptive-simd_off-avx2-t20-dynamicx4-r2-firework.jpg,2026-09-19T20:54:54Z,firework.jpg,11125,16688,Adaptive_Median,2,20,dynamic,4,off-avx2,yes,unset,unset,hype2,12.2.0,-O3 -Wall -Wextra -std=c++17 -fopenmp -ffp-contract=off -DOMP_EXPLICIT_SIMD=0 -fno-tree-vectorize -march=haswell,3182.708313,cae2b8384ddb6aac,passed
adaptive-simd_off-avx2-t20-dynamicx4-r2-control_smooth_6000x6000.png,2026-09-19T20:54:55Z,control_smooth_6000x6000.png,6000,6000,Adaptive_Median,2,20,dynamic,4,off-avx2,yes,unset,unset,hype2,12.2.0,-O3 -Wall -Wextra -std=c++17 -fopenmp -ffp-contract=off -DOMP_EXPLICIT_SIMD=0 -fno-tree-vectorize -march=haswell,842.876318,596e3c6929662ab9,passed
adaptive-simd_off-avx2-t20-dynamicx4-r2-control_noise_6000x6000.png,2026-09-19T20:54:56Z,control_noise_6000x6000.png,6000,6000,Adaptive_Median,2,20,dynamic,4,off-avx2,yes,unset,unset,hype2,12.2.0,-O3 -Wall -Wextra -std=c++17 -fopenmp -ffp-contract=off -DOMP_EXPLICIT_SIMD=0 -fno-tree-vectorize -march=haswell,596.843788,fcb58a627e9d9740,passed
adaptive-simd_off-avx2-t20-dynamicx4-r2-control_half_noise_6000x6000.png,2026-09-19T20:54:58Z,control_half_noise_6000x6000.png,6000,6000,Adaptive_Median,2,20,dynamic,4,off-avx2,yes,unset,unset,hype2,12.2.0,-O3 -Wall -Wextra -std=c++17 -fopenmp -ffp-contract=off -DOMP_EXPLICIT_SIMD=0 -fno-tree-vectorize -march=haswell,620.352416,9d92a48896bfc25a,passed
adaptive-simd_off-avx2-t20-dynamicx4-r2-control_bands_256_6000x6000.png,2026-09-19T20:54:59Z,control_bands_256_6000x6000.png,6000,6000,Adaptive_Median,2,20,dynamic,4,off-avx2,yes,unset,unset,hype2,12.2.0,-O3 -Wall -Wextra -std=c++17 -fopenmp -ffp-contract=off -DOMP_EXPLICIT_SIMD=0 -fno-tree-vectorize -march=haswell,624.952898,8f9bc97f03d5aae1,passed
adaptive-simd_omp-t20-dynamicx4-r2-sky.jpg,2026-09-19T20:55:01Z,sky.jpg,6936,9248,Adaptive_Median,2,20,dynamic,4,omp,yes,unset,unset,hype2,12.2.0,-O3 -Wall -Wextra -std=c++17 -fopenmp -ffp-contract=off -DOMP_EXPLICIT_SIMD=1,1068.776292,1e7ae9152e9643d5,passed
adaptive-simd_omp-t20-dynamicx4-r2-stars.jpg,2026-09-19T20:55:05Z,stars.jpg,12960,8640,Adaptive_Median,2,20,dynamic,4,omp,yes,unset,unset,hype2,12.2.0,-O3 -Wall -Wextra -std=c++17 -fopenmp -ffp-contract=off -DOMP_EXPLICIT_SIMD=1,1695.379331,626f977055f1c658,passed
adaptive-simd_omp-t20-dynamicx4-r2-rain_paisage.jpg,2026-09-19T20:55:12Z,rain_paisage.jpg,12288,16320,Adaptive_Median,2,20,dynamic,4,omp,yes,unset,unset,hype2,12.2.0,-O3 -Wall -Wextra -std=c++17 -fopenmp -ffp-contract=off -DOMP_EXPLICIT_SIMD=1,3238.746049,d0fdcd4b2e74abf3,passed
adaptive-simd_omp-t20-dynamicx4-r2-firework.jpg,2026-09-19T20:55:18Z,firework.jpg,11125,16688,Adaptive_Median,2,20,dynamic,4,omp,yes,unset,unset,hype2,12.2.0,-O3 -Wall -Wextra -std=c++17 -fopenmp -ffp-contract=off -DOMP_EXPLICIT_SIMD=1,3124.318042,cae2b8384ddb6aac,passed
adaptive-simd_omp-t20-dynamicx4-r2-control_smooth_6000x6000.png,2026-09-19T20:55:19Z,control_smooth_6000x6000.png,6000,6000,Adaptive_Median,2,20,dynamic,4,omp,yes,unset,unset,hype2,12.2.0,-O3 -Wall -Wextra -std=c++17 -fopenmp -ffp-contract=off -DOMP_EXPLICIT_SIMD=1,830.062894,596e3c6929662ab9,passed
adaptive-simd_omp-t20-dynamicx4-r2-control_noise_6000x6000.png,2026-09-19T20:55:20Z,control_noise_6000x6000.png,6000,6000,Adaptive_Median,2,20,dynamic,4,omp,yes,unset,unset,hype2,12.2.0,-O3 -Wall -Wextra -std=c++17 -fopenmp -ffp-contract=off -DOMP_EXPLICIT_SIMD=1,582.504644,fcb58a627e9d9740,passed
adaptive-simd_omp-t20-dynamicx4-r2-control_half_noise_6000x6000.png,2026-09-19T20:55:21Z,control_half_noise_6000x6000.png,6000,6000,Adaptive_Median,2,20,dynamic,4,omp,yes,unset,unset,hype2,12.2.0,-O3 -Wall -Wextra -std=c++17 -fopenmp -ffp-contract=off -DOMP_EXPLICIT_SIMD=1,614.117687,9d92a48896bfc25a,passed
adaptive-simd_omp-t20-dynamicx4-r2-control_bands_256_6000x6000.png,2026-09-19T20:55:23Z,control_bands_256_6000x6000.png,6000,6000,Adaptive_Median,2,20,dynamic,4,omp,yes,unset,unset,hype2,12.2.0,-O3 -Wall -Wextra -std=c++17 -fopenmp -ffp-contract=off -DOMP_EXPLICIT_SIMD=1,618.211622,8f9bc97f03d5aae1,passed
adaptive-simd_omp-avx2-t20-dynamicx4-r2-sky.jpg,2026-09-19T20:55:25Z,sky.jpg,6936,9248,Adaptive_Median,2,20,dynamic,4,omp-avx2,yes,unset,unset,hype2,12.2.0,-O3 -Wall -Wextra -std=c++17 -fopenmp -ffp-contract=off -DOMP_EXPLICIT_SIMD=1 -march=haswell,1105.087939,1e7ae9152e9643d5,passed
adaptive-simd_omp-avx2-t20-dynamicx4-r2-stars.jpg,2026-09-19T20:55:29Z,stars.jpg,12960,8640,Adaptive_Median,2,20,dynamic,4,omp-avx2,yes,unset,unset,hype2,12.2.0,-O3 -Wall -Wextra -std=c++17 -fopenmp -ffp-contract=off -DOMP_EXPLICIT_SIMD=1 -march=haswell,1757.554785,626f977055f1c658,passed
adaptive-simd_omp-avx2-t20-dynamicx4-r2-rain_paisage.jpg,2026-09-19T20:55:35Z,rain_paisage.jpg,12288,16320,Adaptive_Median,2,20,dynamic,4,omp-avx2,yes,unset,unset,hype2,12.2.0,-O3 -Wall -Wextra -std=c++17 -fopenmp -ffp-contract=off -DOMP_EXPLICIT_SIMD=1 -march=haswell,3334.260299,d0fdcd4b2e74abf3,passed
adaptive-simd_omp-avx2-t20-dynamicx4-r2-firework.jpg,2026-09-19T20:55:41Z,firework.jpg,11125,16688,Adaptive_Median,2,20,dynamic,4,omp-avx2,yes,unset,unset,hype2,12.2.0,-O3 -Wall -Wextra -std=c++17 -fopenmp -ffp-contract=off -DOMP_EXPLICIT_SIMD=1 -march=haswell,3230.141054,cae2b8384ddb6aac,passed
adaptive-simd_omp-avx2-t20-dynamicx4-r2-control_smooth_6000x6000.png,2026-09-19T20:55:43Z,control_smooth_6000x6000.png,6000,6000,Adaptive_Median,2,20,dynamic,4,omp-avx2,yes,unset,unset,hype2,12.2.0,-O3 -Wall -Wextra -std=c++17 -fopenmp -ffp-contract=off -DOMP_EXPLICIT_SIMD=1 -march=haswell,845.143731,596e3c6929662ab9,passed
adaptive-simd_omp-avx2-t20-dynamicx4-r2-control_noise_6000x6000.png,2026-09-19T20:55:44Z,control_noise_6000x6000.png,6000,6000,Adaptive_Median,2,20,dynamic,4,omp-avx2,yes,unset,unset,hype2,12.2.0,-O3 -Wall -Wextra -std=c++17 -fopenmp -ffp-contract=off -DOMP_EXPLICIT_SIMD=1 -march=haswell,614.407699,fcb58a627e9d9740,passed
adaptive-simd_omp-avx2-t20-dynamicx4-r2-control_half_noise_6000x6000.png,2026-09-19T20:55:45Z,control_half_noise_6000x6000.png,6000,6000,Adaptive_Median,2,20,dynamic,4,omp-avx2,yes,unset,unset,hype2,12.2.0,-O3 -Wall -Wextra -std=c++17 -fopenmp -ffp-contract=off -DOMP_EXPLICIT_SIMD=1 -march=haswell,631.467559,9d92a48896bfc25a,passed
adaptive-simd_omp-avx2-t20-dynamicx4-r2-control_bands_256_6000x6000.png,2026-09-19T20:55:47Z,control_bands_256_6000x6000.png,6000,6000,Adaptive_Median,2,20,dynamic,4,omp-avx2,yes,unset,unset,hype2,12.2.0,-O3 -Wall -Wextra -std=c++17 -fopenmp -ffp-contract=off -DOMP_EXPLICIT_SIMD=1 -march=haswell,633.915789,8f9bc97f03d5aae1,passed
adaptive-simd_off-t20-dynamicx16-r2-sky.jpg,2026-09-19T20:55:49Z,sky.jpg,6936,9248,Adaptive_Median,2,20,dynamic,16,off,yes,unset,unset,hype2,12.2.0,-O3 -Wall -Wextra -std=c++17 -fopenmp -ffp-contract=off -DOMP_EXPLICIT_SIMD=0 -fno-tree-vectorize,1043.059938,1e7ae9152e9643d5,passed
adaptive-simd_off-t20-dynamicx16-r2-stars.jpg,2026-09-19T20:55:52Z,stars.jpg,12960,8640,Adaptive_Median,2,20,dynamic,16,off,yes,unset,unset,hype2,12.2.0,-O3 -Wall -Wextra -std=c++17 -fopenmp -ffp-contract=off -DOMP_EXPLICIT_SIMD=0 -fno-tree-vectorize,1646.589700,626f977055f1c658,passed
adaptive-simd_off-t20-dynamicx16-r2-rain_paisage.jpg,2026-09-19T20:55:59Z,rain_paisage.jpg,12288,16320,Adaptive_Median,2,20,dynamic,16,off,yes,unset,unset,hype2,12.2.0,-O3 -Wall -Wextra -std=c++17 -fopenmp -ffp-contract=off -DOMP_EXPLICIT_SIMD=0 -fno-tree-vectorize,3193.491339,d0fdcd4b2e74abf3,passed
adaptive-simd_off-t20-dynamicx16-r2-firework.jpg,2026-09-19T20:56:05Z,firework.jpg,11125,16688,Adaptive_Median,2,20,dynamic,16,off,yes,unset,unset,hype2,12.2.0,-O3 -Wall -Wextra -std=c++17 -fopenmp -ffp-contract=off -DOMP_EXPLICIT_SIMD=0 -fno-tree-vectorize,3081.629005,cae2b8384ddb6aac,passed
adaptive-simd_off-t20-dynamicx16-r2-control_smooth_6000x6000.png,2026-09-19T20:56:06Z,control_smooth_6000x6000.png,6000,6000,Adaptive_Median,2,20,dynamic,16,off,yes,unset,unset,hype2,12.2.0,-O3 -Wall -Wextra -std=c++17 -fopenmp -ffp-contract=off -DOMP_EXPLICIT_SIMD=0 -fno-tree-vectorize,823.681748,596e3c6929662ab9,passed
adaptive-simd_off-t20-dynamicx16-r2-control_noise_6000x6000.png,2026-09-19T20:56:07Z,control_noise_6000x6000.png,6000,6000,Adaptive_Median,2,20,dynamic,16,off,yes,unset,unset,hype2,12.2.0,-O3 -Wall -Wextra -std=c++17 -fopenmp -ffp-contract=off -DOMP_EXPLICIT_SIMD=0 -fno-tree-vectorize,574.225158,fcb58a627e9d9740,passed
adaptive-simd_off-t20-dynamicx16-r2-control_half_noise_6000x6000.png,2026-09-19T20:56:09Z,control_half_noise_6000x6000.png,6000,6000,Adaptive_Median,2,20,dynamic,16,off,yes,unset,unset,hype2,12.2.0,-O3 -Wall -Wextra -std=c++17 -fopenmp -ffp-contract=off -DOMP_EXPLICIT_SIMD=0 -fno-tree-vectorize,604.987365,9d92a48896bfc25a,passed
adaptive-simd_off-t20-dynamicx16-r2-control_bands_256_6000x6000.png,2026-09-19T20:56:10Z,control_bands_256_6000x6000.png,6000,6000,Adaptive_Median,2,20,dynamic,16,off,yes,unset,unset,hype2,12.2.0,-O3 -Wall -Wextra -std=c++17 -fopenmp -ffp-contract=off -DOMP_EXPLICIT_SIMD=0 -fno-tree-vectorize,606.243614,8f9bc97f03d5aae1,passed
adaptive-simd_off-avx2-t20-dynamicx16-r2-sky.jpg,2026-09-19T20:56:12Z,sky.jpg,6936,9248,Adaptive_Median,2,20,dynamic,16,off-avx2,yes,unset,unset,hype2,12.2.0,-O3 -Wall -Wextra -std=c++17 -fopenmp -ffp-contract=off -DOMP_EXPLICIT_SIMD=0 -fno-tree-vectorize -march=haswell,1083.870081,1e7ae9152e9643d5,passed
adaptive-simd_off-avx2-t20-dynamicx16-r2-stars.jpg,2026-09-19T20:56:16Z,stars.jpg,12960,8640,Adaptive_Median,2,20,dynamic,16,off-avx2,yes,unset,unset,hype2,12.2.0,-O3 -Wall -Wextra -std=c++17 -fopenmp -ffp-contract=off -DOMP_EXPLICIT_SIMD=0 -fno-tree-vectorize -march=haswell,1777.996128,626f977055f1c658,passed
adaptive-simd_off-avx2-t20-dynamicx16-r2-rain_paisage.jpg,2026-09-19T20:56:23Z,rain_paisage.jpg,12288,16320,Adaptive_Median,2,20,dynamic,16,off-avx2,yes,unset,unset,hype2,12.2.0,-O3 -Wall -Wextra -std=c++17 -fopenmp -ffp-contract=off -DOMP_EXPLICIT_SIMD=0 -fno-tree-vectorize -march=haswell,3311.448684,d0fdcd4b2e74abf3,passed
adaptive-simd_off-avx2-t20-dynamicx16-r2-firework.jpg,2026-09-19T20:56:29Z,firework.jpg,11125,16688,Adaptive_Median,2,20,dynamic,16,off-avx2,yes,unset,unset,hype2,12.2.0,-O3 -Wall -Wextra -std=c++17 -fopenmp -ffp-contract=off -DOMP_EXPLICIT_SIMD=0 -fno-tree-vectorize -march=haswell,3211.052148,cae2b8384ddb6aac,passed
adaptive-simd_off-avx2-t20-dynamicx16-r2-control_smooth_6000x6000.png,2026-09-19T20:56:30Z,control_smooth_6000x6000.png,6000,6000,Adaptive_Median,2,20,dynamic,16,off-avx2,yes,unset,unset,hype2,12.2.0,-O3 -Wall -Wextra -std=c++17 -fopenmp -ffp-contract=off -DOMP_EXPLICIT_SIMD=0 -fno-tree-vectorize -march=haswell,846.017560,596e3c6929662ab9,passed
adaptive-simd_off-avx2-t20-dynamicx16-r2-control_noise_6000x6000.png,2026-09-19T20:56:31Z,control_noise_6000x6000.png,6000,6000,Adaptive_Median,2,20,dynamic,16,off-avx2,yes,unset,unset,hype2,12.2.0,-O3 -Wall -Wextra -std=c++17 -fopenmp -ffp-contract=off -DOMP_EXPLICIT_SIMD=0 -fno-tree-vectorize -march=haswell,602.906043,fcb58a627e9d9740,passed
adaptive-simd_off-avx2-t20-dynamicx16-r2-control_half_noise_6000x6000.png,2026-09-19T20:56:33Z,control_half_noise_6000x6000.png,6000,6000,Adaptive_Median,2,20,dynamic,16,off-avx2,yes,unset,unset,hype2,12.2.0,-O3 -Wall -Wextra -std=c++17 -fopenmp -ffp-contract=off -DOMP_EXPLICIT_SIMD=0 -fno-tree-vectorize -march=haswell,625.551006,9d92a48896bfc25a,passed
adaptive-simd_off-avx2-t20-dynamicx16-r2-control_bands_256_6000x6000.png,2026-09-19T20:56:34Z,control_bands_256_6000x6000.png,6000,6000,Adaptive_Median,2,20,dynamic,16,off-avx2,yes,unset,unset,hype2,12.2.0,-O3 -Wall -Wextra -std=c++17 -fopenmp -ffp-contract=off -DOMP_EXPLICIT_SIMD=0 -fno-tree-vectorize -march=haswell,628.076651,8f9bc97f03d5aae1,passed
adaptive-simd_omp-t20-dynamicx16-r2-sky.jpg,2026-09-19T20:56:36Z,sky.jpg,6936,9248,Adaptive_Median,2,20,dynamic,16,omp,yes,unset,unset,hype2,12.2.0,-O3 -Wall -Wextra -std=c++17 -fopenmp -ffp-contract=off -DOMP_EXPLICIT_SIMD=1,1067.845538,1e7ae9152e9643d5,passed
adaptive-simd_omp-t20-dynamicx16-r2-stars.jpg,2026-09-19T20:56:40Z,stars.jpg,12960,8640,Adaptive_Median,2,20,dynamic,16,omp,yes,unset,unset,hype2,12.2.0,-O3 -Wall -Wextra -std=c++17 -fopenmp -ffp-contract=off -DOMP_EXPLICIT_SIMD=1,1710.118801,626f977055f1c658,passed
adaptive-simd_omp-t20-dynamicx16-r2-rain_paisage.jpg,2026-09-19T20:56:46Z,rain_paisage.jpg,12288,16320,Adaptive_Median,2,20,dynamic,16,omp,yes,unset,unset,hype2,12.2.0,-O3 -Wall -Wextra -std=c++17 -fopenmp -ffp-contract=off -DOMP_EXPLICIT_SIMD=1,3239.192864,d0fdcd4b2e74abf3,passed
adaptive-simd_omp-t20-dynamicx16-r2-firework.jpg,2026-09-19T20:56:53Z,firework.jpg,11125,16688,Adaptive_Median,2,20,dynamic,16,omp,yes,unset,unset,hype2,12.2.0,-O3 -Wall -Wextra -std=c++17 -fopenmp -ffp-contract=off -DOMP_EXPLICIT_SIMD=1,3142.280588,cae2b8384ddb6aac,passed
adaptive-simd_omp-t20-dynamicx16-r2-control_smooth_6000x6000.png,2026-09-19T20:56:54Z,control_smooth_6000x6000.png,6000,6000,Adaptive_Median,2,20,dynamic,16,omp,yes,unset,unset,hype2,12.2.0,-O3 -Wall -Wextra -std=c++17 -fopenmp -ffp-contract=off -DOMP_EXPLICIT_SIMD=1,839.116226,596e3c6929662ab9,passed
adaptive-simd_omp-t20-dynamicx16-r2-control_noise_6000x6000.png,2026-09-19T20:56:55Z,control_noise_6000x6000.png,6000,6000,Adaptive_Median,2,20,dynamic,16,omp,yes,unset,unset,hype2,12.2.0,-O3 -Wall -Wextra -std=c++17 -fopenmp -ffp-contract=off -DOMP_EXPLICIT_SIMD=1,587.870300,fcb58a627e9d9740,passed
adaptive-simd_omp-t20-dynamicx16-r2-control_half_noise_6000x6000.png,2026-09-19T20:56:56Z,control_half_noise_6000x6000.png,6000,6000,Adaptive_Median,2,20,dynamic,16,omp,yes,unset,unset,hype2,12.2.0,-O3 -Wall -Wextra -std=c++17 -fopenmp -ffp-contract=off -DOMP_EXPLICIT_SIMD=1,641.101142,9d92a48896bfc25a,passed
adaptive-simd_omp-t20-dynamicx16-r2-control_bands_256_6000x6000.png,2026-09-19T20:56:58Z,control_bands_256_6000x6000.png,6000,6000,Adaptive_Median,2,20,dynamic,16,omp,yes,unset,unset,hype2,12.2.0,-O3 -Wall -Wextra -std=c++17 -fopenmp -ffp-contract=off -DOMP_EXPLICIT_SIMD=1,622.259481,8f9bc97f03d5aae1,passed
adaptive-simd_omp-avx2-t20-dynamicx16-r2-sky.jpg,2026-09-19T20:57:00Z,sky.jpg,6936,9248,Adaptive_Median,2,20,dynamic,16,omp-avx2,yes,unset,unset,hype2,12.2.0,-O3 -Wall -Wextra -std=c++17 -fopenmp -ffp-contract=off -DOMP_EXPLICIT_SIMD=1 -march=haswell,1109.950020,1e7ae9152e9643d5,passed
adaptive-simd_omp-avx2-t20-dynamicx16-r2-stars.jpg,2026-09-19T20:57:04Z,stars.jpg,12960,8640,Adaptive_Median,2,20,dynamic,16,omp-avx2,yes,unset,unset,hype2,12.2.0,-O3 -Wall -Wextra -std=c++17 -fopenmp -ffp-contract=off -DOMP_EXPLICIT_SIMD=1 -march=haswell,1756.379410,626f977055f1c658,passed
adaptive-simd_omp-avx2-t20-dynamicx16-r2-rain_paisage.jpg,2026-09-19T20:57:10Z,rain_paisage.jpg,12288,16320,Adaptive_Median,2,20,dynamic,16,omp-avx2,yes,unset,unset,hype2,12.2.0,-O3 -Wall -Wextra -std=c++17 -fopenmp -ffp-contract=off -DOMP_EXPLICIT_SIMD=1 -march=haswell,3339.369867,d0fdcd4b2e74abf3,passed
adaptive-simd_omp-avx2-t20-dynamicx16-r2-firework.jpg,2026-09-19T20:57:16Z,firework.jpg,11125,16688,Adaptive_Median,2,20,dynamic,16,omp-avx2,yes,unset,unset,hype2,12.2.0,-O3 -Wall -Wextra -std=c++17 -fopenmp -ffp-contract=off -DOMP_EXPLICIT_SIMD=1 -march=haswell,3252.032461,cae2b8384ddb6aac,passed
adaptive-simd_omp-avx2-t20-dynamicx16-r2-control_smooth_6000x6000.png,2026-09-19T20:57:18Z,control_smooth_6000x6000.png,6000,6000,Adaptive_Median,2,20,dynamic,16,omp-avx2,yes,unset,unset,hype2,12.2.0,-O3 -Wall -Wextra -std=c++17 -fopenmp -ffp-contract=off -DOMP_EXPLICIT_SIMD=1 -march=haswell,855.715423,596e3c6929662ab9,passed
adaptive-simd_omp-avx2-t20-dynamicx16-r2-control_noise_6000x6000.png,2026-09-19T20:57:19Z,control_noise_6000x6000.png,6000,6000,Adaptive_Median,2,20,dynamic,16,omp-avx2,yes,unset,unset,hype2,12.2.0,-O3 -Wall -Wextra -std=c++17 -fopenmp -ffp-contract=off -DOMP_EXPLICIT_SIMD=1 -march=haswell,619.475684,fcb58a627e9d9740,passed
adaptive-simd_omp-avx2-t20-dynamicx16-r2-control_half_noise_6000x6000.png,2026-09-19T20:57:20Z,control_half_noise_6000x6000.png,6000,6000,Adaptive_Median,2,20,dynamic,16,omp-avx2,yes,unset,unset,hype2,12.2.0,-O3 -Wall -Wextra -std=c++17 -fopenmp -ffp-contract=off -DOMP_EXPLICIT_SIMD=1 -march=haswell,637.558621,9d92a48896bfc25a,passed
adaptive-simd_omp-avx2-t20-dynamicx16-r2-control_bands_256_6000x6000.png,2026-09-19T20:57:22Z,control_bands_256_6000x6000.png,6000,6000,Adaptive_Median,2,20,dynamic,16,omp-avx2,yes,unset,unset,hype2,12.2.0,-O3 -Wall -Wextra -std=c++17 -fopenmp -ffp-contract=off -DOMP_EXPLICIT_SIMD=1 -march=haswell,639.249196,8f9bc97f03d5aae1,passed
adaptive-simd_off-t20-dynamicx64-r2-sky.jpg,2026-09-19T20:57:24Z,sky.jpg,6936,9248,Adaptive_Median,2,20,dynamic,64,off,yes,unset,unset,hype2,12.2.0,-O3 -Wall -Wextra -std=c++17 -fopenmp -ffp-contract=off -DOMP_EXPLICIT_SIMD=0 -fno-tree-vectorize,1128.011331,1e7ae9152e9643d5,passed
adaptive-simd_off-t20-dynamicx64-r2-stars.jpg,2026-09-19T20:57:28Z,stars.jpg,12960,8640,Adaptive_Median,2,20,dynamic,64,off,yes,unset,unset,hype2,12.2.0,-O3 -Wall -Wextra -std=c++17 -fopenmp -ffp-contract=off -DOMP_EXPLICIT_SIMD=0 -fno-tree-vectorize,1819.897466,626f977055f1c658,passed
adaptive-simd_off-t20-dynamicx64-r2-rain_paisage.jpg,2026-09-19T20:57:34Z,rain_paisage.jpg,12288,16320,Adaptive_Median,2,20,dynamic,64,off,yes,unset,unset,hype2,12.2.0,-O3 -Wall -Wextra -std=c++17 -fopenmp -ffp-contract=off -DOMP_EXPLICIT_SIMD=0 -fno-tree-vectorize,3208.525565,d0fdcd4b2e74abf3,passed
adaptive-simd_off-t20-dynamicx64-r2-firework.jpg,2026-09-19T20:57:40Z,firework.jpg,11125,16688,Adaptive_Median,2,20,dynamic,64,off,yes,unset,unset,hype2,12.2.0,-O3 -Wall -Wextra -std=c++17 -fopenmp -ffp-contract=off -DOMP_EXPLICIT_SIMD=0 -fno-tree-vectorize,3135.078203,cae2b8384ddb6aac,passed
adaptive-simd_off-t20-dynamicx64-r2-control_smooth_6000x6000.png,2026-09-19T20:57:41Z,control_smooth_6000x6000.png,6000,6000,Adaptive_Median,2,20,dynamic,64,off,yes,unset,unset,hype2,12.2.0,-O3 -Wall -Wextra -std=c++17 -fopenmp -ffp-contract=off -DOMP_EXPLICIT_SIMD=0 -fno-tree-vectorize,860.059458,596e3c6929662ab9,passed
adaptive-simd_off-t20-dynamicx64-r2-control_noise_6000x6000.png,2026-09-19T20:57:43Z,control_noise_6000x6000.png,6000,6000,Adaptive_Median,2,20,dynamic,64,off,yes,unset,unset,hype2,12.2.0,-O3 -Wall -Wextra -std=c++17 -fopenmp -ffp-contract=off -DOMP_EXPLICIT_SIMD=0 -fno-tree-vectorize,599.653717,fcb58a627e9d9740,passed
adaptive-simd_off-t20-dynamicx64-r2-control_half_noise_6000x6000.png,2026-09-19T20:57:44Z,control_half_noise_6000x6000.png,6000,6000,Adaptive_Median,2,20,dynamic,64,off,yes,unset,unset,hype2,12.2.0,-O3 -Wall -Wextra -std=c++17 -fopenmp -ffp-contract=off -DOMP_EXPLICIT_SIMD=0 -fno-tree-vectorize,629.833327,9d92a48896bfc25a,passed
adaptive-simd_off-t20-dynamicx64-r2-control_bands_256_6000x6000.png,2026-09-19T20:57:46Z,control_bands_256_6000x6000.png,6000,6000,Adaptive_Median,2,20,dynamic,64,off,yes,unset,unset,hype2,12.2.0,-O3 -Wall -Wextra -std=c++17 -fopenmp -ffp-contract=off -DOMP_EXPLICIT_SIMD=0 -fno-tree-vectorize,657.363174,8f9bc97f03d5aae1,passed
adaptive-simd_off-avx2-t20-dynamicx64-r2-sky.jpg,2026-09-19T20:57:48Z,sky.jpg,6936,9248,Adaptive_Median,2,20,dynamic,64,off-avx2,yes,unset,unset,hype2,12.2.0,-O3 -Wall -Wextra -std=c++17 -fopenmp -ffp-contract=off -DOMP_EXPLICIT_SIMD=0 -fno-tree-vectorize -march=haswell,1177.138650,1e7ae9152e9643d5,passed
adaptive-simd_off-avx2-t20-dynamicx64-r2-stars.jpg,2026-09-19T20:57:52Z,stars.jpg,12960,8640,Adaptive_Median,2,20,dynamic,64,off-avx2,yes,unset,unset,hype2,12.2.0,-O3 -Wall -Wextra -std=c++17 -fopenmp -ffp-contract=off -DOMP_EXPLICIT_SIMD=0 -fno-tree-vectorize -march=haswell,1789.354684,626f977055f1c658,passed
adaptive-simd_off-avx2-t20-dynamicx64-r2-rain_paisage.jpg,2026-09-19T20:57:58Z,rain_paisage.jpg,12288,16320,Adaptive_Median,2,20,dynamic,64,off-avx2,yes,unset,unset,hype2,12.2.0,-O3 -Wall -Wextra -std=c++17 -fopenmp -ffp-contract=off -DOMP_EXPLICIT_SIMD=0 -fno-tree-vectorize -march=haswell,3366.336439,d0fdcd4b2e74abf3,passed
adaptive-simd_off-avx2-t20-dynamicx64-r2-firework.jpg,2026-09-19T20:58:04Z,firework.jpg,11125,16688,Adaptive_Median,2,20,dynamic,64,off-avx2,yes,unset,unset,hype2,12.2.0,-O3 -Wall -Wextra -std=c++17 -fopenmp -ffp-contract=off -DOMP_EXPLICIT_SIMD=0 -fno-tree-vectorize -march=haswell,3262.941637,cae2b8384ddb6aac,passed
adaptive-simd_off-avx2-t20-dynamicx64-r2-control_smooth_6000x6000.png,2026-09-19T20:58:06Z,control_smooth_6000x6000.png,6000,6000,Adaptive_Median,2,20,dynamic,64,off-avx2,yes,unset,unset,hype2,12.2.0,-O3 -Wall -Wextra -std=c++17 -fopenmp -ffp-contract=off -DOMP_EXPLICIT_SIMD=0 -fno-tree-vectorize -march=haswell,882.483255,596e3c6929662ab9,passed
adaptive-simd_off-avx2-t20-dynamicx64-r2-control_noise_6000x6000.png,2026-09-19T20:58:07Z,control_noise_6000x6000.png,6000,6000,Adaptive_Median,2,20,dynamic,64,off-avx2,yes,unset,unset,hype2,12.2.0,-O3 -Wall -Wextra -std=c++17 -fopenmp -ffp-contract=off -DOMP_EXPLICIT_SIMD=0 -fno-tree-vectorize -march=haswell,630.312415,fcb58a627e9d9740,passed
adaptive-simd_off-avx2-t20-dynamicx64-r2-control_half_noise_6000x6000.png,2026-09-19T20:58:08Z,control_half_noise_6000x6000.png,6000,6000,Adaptive_Median,2,20,dynamic,64,off-avx2,yes,unset,unset,hype2,12.2.0,-O3 -Wall -Wextra -std=c++17 -fopenmp -ffp-contract=off -DOMP_EXPLICIT_SIMD=0 -fno-tree-vectorize -march=haswell,648.331706,9d92a48896bfc25a,passed
adaptive-simd_off-avx2-t20-dynamicx64-r2-control_bands_256_6000x6000.png,2026-09-19T20:58:10Z,control_bands_256_6000x6000.png,6000,6000,Adaptive_Median,2,20,dynamic,64,off-avx2,yes,unset,unset,hype2,12.2.0,-O3 -Wall -Wextra -std=c++17 -fopenmp -ffp-contract=off -DOMP_EXPLICIT_SIMD=0 -fno-tree-vectorize -march=haswell,682.325937,8f9bc97f03d5aae1,passed
adaptive-simd_omp-t20-dynamicx64-r2-sky.jpg,2026-09-19T20:58:12Z,sky.jpg,6936,9248,Adaptive_Median,2,20,dynamic,64,omp,yes,unset,unset,hype2,12.2.0,-O3 -Wall -Wextra -std=c++17 -fopenmp -ffp-contract=off -DOMP_EXPLICIT_SIMD=1,1156.787435,1e7ae9152e9643d5,passed
adaptive-simd_omp-t20-dynamicx64-r2-stars.jpg,2026-09-19T20:58:16Z,stars.jpg,12960,8640,Adaptive_Median,2,20,dynamic,64,omp,yes,unset,unset,hype2,12.2.0,-O3 -Wall -Wextra -std=c++17 -fopenmp -ffp-contract=off -DOMP_EXPLICIT_SIMD=1,1757.888696,626f977055f1c658,passed
adaptive-simd_omp-t20-dynamicx64-r2-rain_paisage.jpg,2026-09-19T20:58:23Z,rain_paisage.jpg,12288,16320,Adaptive_Median,2,20,dynamic,64,omp,yes,unset,unset,hype2,12.2.0,-O3 -Wall -Wextra -std=c++17 -fopenmp -ffp-contract=off -DOMP_EXPLICIT_SIMD=1,3281.010689,d0fdcd4b2e74abf3,passed
adaptive-simd_omp-t20-dynamicx64-r2-firework.jpg,2026-09-19T20:58:29Z,firework.jpg,11125,16688,Adaptive_Median,2,20,dynamic,64,omp,yes,unset,unset,hype2,12.2.0,-O3 -Wall -Wextra -std=c++17 -fopenmp -ffp-contract=off -DOMP_EXPLICIT_SIMD=1,3244.080420,cae2b8384ddb6aac,passed
adaptive-simd_omp-t20-dynamicx64-r2-control_smooth_6000x6000.png,2026-09-19T20:58:30Z,control_smooth_6000x6000.png,6000,6000,Adaptive_Median,2,20,dynamic,64,omp,yes,unset,unset,hype2,12.2.0,-O3 -Wall -Wextra -std=c++17 -fopenmp -ffp-contract=off -DOMP_EXPLICIT_SIMD=1,877.939692,596e3c6929662ab9,passed
adaptive-simd_omp-t20-dynamicx64-r2-control_noise_6000x6000.png,2026-09-19T20:58:31Z,control_noise_6000x6000.png,6000,6000,Adaptive_Median,2,20,dynamic,64,omp,yes,unset,unset,hype2,12.2.0,-O3 -Wall -Wextra -std=c++17 -fopenmp -ffp-contract=off -DOMP_EXPLICIT_SIMD=1,613.801813,fcb58a627e9d9740,passed
adaptive-simd_omp-t20-dynamicx64-r2-control_half_noise_6000x6000.png,2026-09-19T20:58:32Z,control_half_noise_6000x6000.png,6000,6000,Adaptive_Median,2,20,dynamic,64,omp,yes,unset,unset,hype2,12.2.0,-O3 -Wall -Wextra -std=c++17 -fopenmp -ffp-contract=off -DOMP_EXPLICIT_SIMD=1,642.113651,9d92a48896bfc25a,passed
adaptive-simd_omp-t20-dynamicx64-r2-control_bands_256_6000x6000.png,2026-09-19T20:58:34Z,control_bands_256_6000x6000.png,6000,6000,Adaptive_Median,2,20,dynamic,64,omp,yes,unset,unset,hype2,12.2.0,-O3 -Wall -Wextra -std=c++17 -fopenmp -ffp-contract=off -DOMP_EXPLICIT_SIMD=1,673.727956,8f9bc97f03d5aae1,passed
adaptive-simd_omp-avx2-t20-dynamicx64-r2-sky.jpg,2026-09-19T20:58:36Z,sky.jpg,6936,9248,Adaptive_Median,2,20,dynamic,64,omp-avx2,yes,unset,unset,hype2,12.2.0,-O3 -Wall -Wextra -std=c++17 -fopenmp -ffp-contract=off -DOMP_EXPLICIT_SIMD=1 -march=haswell,1192.993796,1e7ae9152e9643d5,passed
adaptive-simd_omp-avx2-t20-dynamicx64-r2-stars.jpg,2026-09-19T20:58:40Z,stars.jpg,12960,8640,Adaptive_Median,2,20,dynamic,64,omp-avx2,yes,unset,unset,hype2,12.2.0,-O3 -Wall -Wextra -std=c++17 -fopenmp -ffp-contract=off -DOMP_EXPLICIT_SIMD=1 -march=haswell,1825.724907,626f977055f1c658,passed
adaptive-simd_omp-avx2-t20-dynamicx64-r2-rain_paisage.jpg,2026-09-19T20:58:47Z,rain_paisage.jpg,12288,16320,Adaptive_Median,2,20,dynamic,64,omp-avx2,yes,unset,unset,hype2,12.2.0,-O3 -Wall -Wextra -std=c++17 -fopenmp -ffp-contract=off -DOMP_EXPLICIT_SIMD=1 -march=haswell,3386.897676,d0fdcd4b2e74abf3,passed
adaptive-simd_omp-avx2-t20-dynamicx64-r2-firework.jpg,2026-09-19T20:58:53Z,firework.jpg,11125,16688,Adaptive_Median,2,20,dynamic,64,omp-avx2,yes,unset,unset,hype2,12.2.0,-O3 -Wall -Wextra -std=c++17 -fopenmp -ffp-contract=off -DOMP_EXPLICIT_SIMD=1 -march=haswell,3338.325813,cae2b8384ddb6aac,passed
adaptive-simd_omp-avx2-t20-dynamicx64-r2-control_smooth_6000x6000.png,2026-09-19T20:58:54Z,control_smooth_6000x6000.png,6000,6000,Adaptive_Median,2,20,dynamic,64,omp-avx2,yes,unset,unset,hype2,12.2.0,-O3 -Wall -Wextra -std=c++17 -fopenmp -ffp-contract=off -DOMP_EXPLICIT_SIMD=1 -march=haswell,891.348059,596e3c6929662ab9,passed
adaptive-simd_omp-avx2-t20-dynamicx64-r2-control_noise_6000x6000.png,2026-09-19T20:58:55Z,control_noise_6000x6000.png,6000,6000,Adaptive_Median,2,20,dynamic,64,omp-avx2,yes,unset,unset,hype2,12.2.0,-O3 -Wall -Wextra -std=c++17 -fopenmp -ffp-contract=off -DOMP_EXPLICIT_SIMD=1 -march=haswell,646.999191,fcb58a627e9d9740,passed
adaptive-simd_omp-avx2-t20-dynamicx64-r2-control_half_noise_6000x6000.png,2026-09-19T20:58:57Z,control_half_noise_6000x6000.png,6000,6000,Adaptive_Median,2,20,dynamic,64,omp-avx2,yes,unset,unset,hype2,12.2.0,-O3 -Wall -Wextra -std=c++17 -fopenmp -ffp-contract=off -DOMP_EXPLICIT_SIMD=1 -march=haswell,659.267175,9d92a48896bfc25a,passed
adaptive-simd_omp-avx2-t20-dynamicx64-r2-control_bands_256_6000x6000.png,2026-09-19T20:58:58Z,control_bands_256_6000x6000.png,6000,6000,Adaptive_Median,2,20,dynamic,64,omp-avx2,yes,unset,unset,hype2,12.2.0,-O3 -Wall -Wextra -std=c++17 -fopenmp -ffp-contract=off -DOMP_EXPLICIT_SIMD=1 -march=haswell,726.296344,8f9bc97f03d5aae1,passed
adaptive-simd_off-t20-dynamicx256-r2-sky.jpg,2026-09-19T20:59:00Z,sky.jpg,6936,9248,Adaptive_Median,2,20,dynamic,256,off,yes,unset,unset,hype2,12.2.0,-O3 -Wall -Wextra -std=c++17 -fopenmp -ffp-contract=off -DOMP_EXPLICIT_SIMD=0 -fno-tree-vectorize,1189.616882,1e7ae9152e9643d5,passed
adaptive-simd_off-t20-dynamicx256-r2-stars.jpg,2026-09-19T20:59:05Z,stars.jpg,12960,8640,Adaptive_Median,2,20,dynamic,256,off,yes,unset,unset,hype2,12.2.0,-O3 -Wall -Wextra -std=c++17 -fopenmp -ffp-contract=off -DOMP_EXPLICIT_SIMD=0 -fno-tree-vectorize,1990.911069,626f977055f1c658,passed
adaptive-simd_off-t20-dynamicx256-r2-rain_paisage.jpg,2026-09-19T20:59:11Z,rain_paisage.jpg,12288,16320,Adaptive_Median,2,20,dynamic,256,off,yes,unset,unset,hype2,12.2.0,-O3 -Wall -Wextra -std=c++17 -fopenmp -ffp-contract=off -DOMP_EXPLICIT_SIMD=0 -fno-tree-vectorize,3569.996430,d0fdcd4b2e74abf3,passed
adaptive-simd_off-t20-dynamicx256-r2-firework.jpg,2026-09-19T20:59:18Z,firework.jpg,11125,16688,Adaptive_Median,2,20,dynamic,256,off,yes,unset,unset,hype2,12.2.0,-O3 -Wall -Wextra -std=c++17 -fopenmp -ffp-contract=off -DOMP_EXPLICIT_SIMD=0 -fno-tree-vectorize,3628.342543,cae2b8384ddb6aac,passed
adaptive-simd_off-t20-dynamicx256-r2-control_smooth_6000x6000.png,2026-09-19T20:59:20Z,control_smooth_6000x6000.png,6000,6000,Adaptive_Median,2,20,dynamic,256,off,yes,unset,unset,hype2,12.2.0,-O3 -Wall -Wextra -std=c++17 -fopenmp -ffp-contract=off -DOMP_EXPLICIT_SIMD=0 -fno-tree-vectorize,1283.595182,596e3c6929662ab9,passed
adaptive-simd_off-t20-dynamicx256-r2-control_noise_6000x6000.png,2026-09-19T20:59:21Z,control_noise_6000x6000.png,6000,6000,Adaptive_Median,2,20,dynamic,256,off,yes,unset,unset,hype2,12.2.0,-O3 -Wall -Wextra -std=c++17 -fopenmp -ffp-contract=off -DOMP_EXPLICIT_SIMD=0 -fno-tree-vectorize,911.597394,fcb58a627e9d9740,passed
adaptive-simd_off-t20-dynamicx256-r2-control_half_noise_6000x6000.png,2026-09-19T20:59:23Z,control_half_noise_6000x6000.png,6000,6000,Adaptive_Median,2,20,dynamic,256,off,yes,unset,unset,hype2,12.2.0,-O3 -Wall -Wextra -std=c++17 -fopenmp -ffp-contract=off -DOMP_EXPLICIT_SIMD=0 -fno-tree-vectorize,827.071616,9d92a48896bfc25a,passed
adaptive-simd_off-t20-dynamicx256-r2-control_bands_256_6000x6000.png,2026-09-19T20:59:25Z,control_bands_256_6000x6000.png,6000,6000,Adaptive_Median,2,20,dynamic,256,off,yes,unset,unset,hype2,12.2.0,-O3 -Wall -Wextra -std=c++17 -fopenmp -ffp-contract=off -DOMP_EXPLICIT_SIMD=0 -fno-tree-vectorize,943.841965,8f9bc97f03d5aae1,passed
adaptive-simd_off-avx2-t20-dynamicx256-r2-sky.jpg,2026-09-19T20:59:27Z,sky.jpg,6936,9248,Adaptive_Median,2,20,dynamic,256,off-avx2,yes,unset,unset,hype2,12.2.0,-O3 -Wall -Wextra -std=c++17 -fopenmp -ffp-contract=off -DOMP_EXPLICIT_SIMD=0 -fno-tree-vectorize -march=haswell,1236.579131,1e7ae9152e9643d5,passed
adaptive-simd_off-avx2-t20-dynamicx256-r2-stars.jpg,2026-09-19T20:59:31Z,stars.jpg,12960,8640,Adaptive_Median,2,20,dynamic,256,off-avx2,yes,unset,unset,hype2,12.2.0,-O3 -Wall -Wextra -std=c++17 -fopenmp -ffp-contract=off -DOMP_EXPLICIT_SIMD=0 -fno-tree-vectorize -march=haswell,2097.316444,626f977055f1c658,passed
adaptive-simd_off-avx2-t20-dynamicx256-r2-rain_paisage.jpg,2026-09-19T20:59:38Z,rain_paisage.jpg,12288,16320,Adaptive_Median,2,20,dynamic,256,off-avx2,yes,unset,unset,hype2,12.2.0,-O3 -Wall -Wextra -std=c++17 -fopenmp -ffp-contract=off -DOMP_EXPLICIT_SIMD=0 -fno-tree-vectorize -march=haswell,3697.817287,d0fdcd4b2e74abf3,passed
adaptive-simd_off-avx2-t20-dynamicx256-r2-firework.jpg,2026-09-19T20:59:45Z,firework.jpg,11125,16688,Adaptive_Median,2,20,dynamic,256,off-avx2,yes,unset,unset,hype2,12.2.0,-O3 -Wall -Wextra -std=c++17 -fopenmp -ffp-contract=off -DOMP_EXPLICIT_SIMD=0 -fno-tree-vectorize -march=haswell,3792.824851,cae2b8384ddb6aac,passed
adaptive-simd_off-avx2-t20-dynamicx256-r2-control_smooth_6000x6000.png,2026-09-19T20:59:46Z,control_smooth_6000x6000.png,6000,6000,Adaptive_Median,2,20,dynamic,256,off-avx2,yes,unset,unset,hype2,12.2.0,-O3 -Wall -Wextra -std=c++17 -fopenmp -ffp-contract=off -DOMP_EXPLICIT_SIMD=0 -fno-tree-vectorize -march=haswell,1307.854674,596e3c6929662ab9,passed
adaptive-simd_off-avx2-t20-dynamicx256-r2-control_noise_6000x6000.png,2026-09-19T20:59:48Z,control_noise_6000x6000.png,6000,6000,Adaptive_Median,2,20,dynamic,256,off-avx2,yes,unset,unset,hype2,12.2.0,-O3 -Wall -Wextra -std=c++17 -fopenmp -ffp-contract=off -DOMP_EXPLICIT_SIMD=0 -fno-tree-vectorize -march=haswell,957.990935,fcb58a627e9d9740,passed
adaptive-simd_off-avx2-t20-dynamicx256-r2-control_half_noise_6000x6000.png,2026-09-19T20:59:50Z,control_half_noise_6000x6000.png,6000,6000,Adaptive_Median,2,20,dynamic,256,off-avx2,yes,unset,unset,hype2,12.2.0,-O3 -Wall -Wextra -std=c++17 -fopenmp -ffp-contract=off -DOMP_EXPLICIT_SIMD=0 -fno-tree-vectorize -march=haswell,869.569543,9d92a48896bfc25a,passed
adaptive-simd_off-avx2-t20-dynamicx256-r2-control_bands_256_6000x6000.png,2026-09-19T20:59:51Z,control_bands_256_6000x6000.png,6000,6000,Adaptive_Median,2,20,dynamic,256,off-avx2,yes,unset,unset,hype2,12.2.0,-O3 -Wall -Wextra -std=c++17 -fopenmp -ffp-contract=off -DOMP_EXPLICIT_SIMD=0 -fno-tree-vectorize -march=haswell,978.395880,8f9bc97f03d5aae1,passed
adaptive-simd_omp-t20-dynamicx256-r2-sky.jpg,2026-09-19T20:59:54Z,sky.jpg,6936,9248,Adaptive_Median,2,20,dynamic,256,omp,yes,unset,unset,hype2,12.2.0,-O3 -Wall -Wextra -std=c++17 -fopenmp -ffp-contract=off -DOMP_EXPLICIT_SIMD=1,1263.355417,1e7ae9152e9643d5,passed
adaptive-simd_omp-t20-dynamicx256-r2-stars.jpg,2026-09-19T20:59:58Z,stars.jpg,12960,8640,Adaptive_Median,2,20,dynamic,256,omp,yes,unset,unset,hype2,12.2.0,-O3 -Wall -Wextra -std=c++17 -fopenmp -ffp-contract=off -DOMP_EXPLICIT_SIMD=1,2036.263187,626f977055f1c658,passed
adaptive-simd_omp-t20-dynamicx256-r2-rain_paisage.jpg,2026-09-19T21:00:05Z,rain_paisage.jpg,12288,16320,Adaptive_Median,2,20,dynamic,256,omp,yes,unset,unset,hype2,12.2.0,-O3 -Wall -Wextra -std=c++17 -fopenmp -ffp-contract=off -DOMP_EXPLICIT_SIMD=1,3642.914631,d0fdcd4b2e74abf3,passed
adaptive-simd_omp-t20-dynamicx256-r2-firework.jpg,2026-09-19T21:00:11Z,firework.jpg,11125,16688,Adaptive_Median,2,20,dynamic,256,omp,yes,unset,unset,hype2,12.2.0,-O3 -Wall -Wextra -std=c++17 -fopenmp -ffp-contract=off -DOMP_EXPLICIT_SIMD=1,3723.866979,cae2b8384ddb6aac,passed
adaptive-simd_omp-t20-dynamicx256-r2-control_smooth_6000x6000.png,2026-09-19T21:00:13Z,control_smooth_6000x6000.png,6000,6000,Adaptive_Median,2,20,dynamic,256,omp,yes,unset,unset,hype2,12.2.0,-O3 -Wall -Wextra -std=c++17 -fopenmp -ffp-contract=off -DOMP_EXPLICIT_SIMD=1,1306.070406,596e3c6929662ab9,passed
adaptive-simd_omp-t20-dynamicx256-r2-control_noise_6000x6000.png,2026-09-19T21:00:15Z,control_noise_6000x6000.png,6000,6000,Adaptive_Median,2,20,dynamic,256,omp,yes,unset,unset,hype2,12.2.0,-O3 -Wall -Wextra -std=c++17 -fopenmp -ffp-contract=off -DOMP_EXPLICIT_SIMD=1,928.025708,fcb58a627e9d9740,passed
adaptive-simd_omp-t20-dynamicx256-r2-control_half_noise_6000x6000.png,2026-09-19T21:00:16Z,control_half_noise_6000x6000.png,6000,6000,Adaptive_Median,2,20,dynamic,256,omp,yes,unset,unset,hype2,12.2.0,-O3 -Wall -Wextra -std=c++17 -fopenmp -ffp-contract=off -DOMP_EXPLICIT_SIMD=1,848.970086,9d92a48896bfc25a,passed
adaptive-simd_omp-t20-dynamicx256-r2-control_bands_256_6000x6000.png,2026-09-19T21:00:18Z,control_bands_256_6000x6000.png,6000,6000,Adaptive_Median,2,20,dynamic,256,omp,yes,unset,unset,hype2,12.2.0,-O3 -Wall -Wextra -std=c++17 -fopenmp -ffp-contract=off -DOMP_EXPLICIT_SIMD=1,1007.504960,8f9bc97f03d5aae1,passed
adaptive-simd_omp-avx2-t20-dynamicx256-r2-sky.jpg,2026-09-19T21:00:20Z,sky.jpg,6936,9248,Adaptive_Median,2,20,dynamic,256,omp-avx2,yes,unset,unset,hype2,12.2.0,-O3 -Wall -Wextra -std=c++17 -fopenmp -ffp-contract=off -DOMP_EXPLICIT_SIMD=1 -march=haswell,1277.903753,1e7ae9152e9643d5,passed
adaptive-simd_omp-avx2-t20-dynamicx256-r2-stars.jpg,2026-09-19T21:00:25Z,stars.jpg,12960,8640,Adaptive_Median,2,20,dynamic,256,omp-avx2,yes,unset,unset,hype2,12.2.0,-O3 -Wall -Wextra -std=c++17 -fopenmp -ffp-contract=off -DOMP_EXPLICIT_SIMD=1 -march=haswell,2173.692185,626f977055f1c658,passed
adaptive-simd_omp-avx2-t20-dynamicx256-r2-rain_paisage.jpg,2026-09-19T21:00:32Z,rain_paisage.jpg,12288,16320,Adaptive_Median,2,20,dynamic,256,omp-avx2,yes,unset,unset,hype2,12.2.0,-O3 -Wall -Wextra -std=c++17 -fopenmp -ffp-contract=off -DOMP_EXPLICIT_SIMD=1 -march=haswell,3773.692314,d0fdcd4b2e74abf3,passed
adaptive-simd_omp-avx2-t20-dynamicx256-r2-firework.jpg,2026-09-19T21:00:38Z,firework.jpg,11125,16688,Adaptive_Median,2,20,dynamic,256,omp-avx2,yes,unset,unset,hype2,12.2.0,-O3 -Wall -Wextra -std=c++17 -fopenmp -ffp-contract=off -DOMP_EXPLICIT_SIMD=1 -march=haswell,3820.701757,cae2b8384ddb6aac,passed
adaptive-simd_omp-avx2-t20-dynamicx256-r2-control_smooth_6000x6000.png,2026-09-19T21:00:40Z,control_smooth_6000x6000.png,6000,6000,Adaptive_Median,2,20,dynamic,256,omp-avx2,yes,unset,unset,hype2,12.2.0,-O3 -Wall -Wextra -std=c++17 -fopenmp -ffp-contract=off -DOMP_EXPLICIT_SIMD=1 -march=haswell,1332.007766,596e3c6929662ab9,passed
adaptive-simd_omp-avx2-t20-dynamicx256-r2-control_noise_6000x6000.png,2026-09-19T21:00:42Z,control_noise_6000x6000.png,6000,6000,Adaptive_Median,2,20,dynamic,256,omp-avx2,yes,unset,unset,hype2,12.2.0,-O3 -Wall -Wextra -std=c++17 -fopenmp -ffp-contract=off -DOMP_EXPLICIT_SIMD=1 -march=haswell,984.873291,fcb58a627e9d9740,passed
adaptive-simd_omp-avx2-t20-dynamicx256-r2-control_half_noise_6000x6000.png,2026-09-19T21:00:43Z,control_half_noise_6000x6000.png,6000,6000,Adaptive_Median,2,20,dynamic,256,omp-avx2,yes,unset,unset,hype2,12.2.0,-O3 -Wall -Wextra -std=c++17 -fopenmp -ffp-contract=off -DOMP_EXPLICIT_SIMD=1 -march=haswell,879.151798,9d92a48896bfc25a,passed
adaptive-simd_omp-avx2-t20-dynamicx256-r2-control_bands_256_6000x6000.png,2026-09-19T21:00:45Z,control_bands_256_6000x6000.png,6000,6000,Adaptive_Median,2,20,dynamic,256,omp-avx2,yes,unset,unset,hype2,12.2.0,-O3 -Wall -Wextra -std=c++17 -fopenmp -ffp-contract=off -DOMP_EXPLICIT_SIMD=1 -march=haswell,991.757903,8f9bc97f03d5aae1,passed
adaptive-simd_off-t20-static-r2-sky.jpg,2026-09-19T21:00:47Z,sky.jpg,6936,9248,Adaptive_Median,2,20,static,,off,yes,unset,unset,hype2,12.2.0,-O3 -Wall -Wextra -std=c++17 -fopenmp -ffp-contract=off -DOMP_EXPLICIT_SIMD=0 -fno-tree-vectorize,1104.763419,1e7ae9152e9643d5,passed
adaptive-simd_off-t20-static-r2-stars.jpg,2026-09-19T21:00:51Z,stars.jpg,12960,8640,Adaptive_Median,2,20,static,,off,yes,unset,unset,hype2,12.2.0,-O3 -Wall -Wextra -std=c++17 -fopenmp -ffp-contract=off -DOMP_EXPLICIT_SIMD=0 -fno-tree-vectorize,1984.651152,626f977055f1c658,passed
adaptive-simd_off-t20-static-r2-rain_paisage.jpg,2026-09-19T21:00:59Z,rain_paisage.jpg,12288,16320,Adaptive_Median,2,20,static,,off,yes,unset,unset,hype2,12.2.0,-O3 -Wall -Wextra -std=c++17 -fopenmp -ffp-contract=off -DOMP_EXPLICIT_SIMD=0 -fno-tree-vectorize,4309.110223,d0fdcd4b2e74abf3,passed
adaptive-simd_off-t20-static-r2-firework.jpg,2026-09-19T21:01:06Z,firework.jpg,11125,16688,Adaptive_Median,2,20,static,,off,yes,unset,unset,hype2,12.2.0,-O3 -Wall -Wextra -std=c++17 -fopenmp -ffp-contract=off -DOMP_EXPLICIT_SIMD=0 -fno-tree-vectorize,3946.114144,cae2b8384ddb6aac,passed
adaptive-simd_off-t20-static-r2-control_smooth_6000x6000.png,2026-09-19T21:01:07Z,control_smooth_6000x6000.png,6000,6000,Adaptive_Median,2,20,static,,off,yes,unset,unset,hype2,12.2.0,-O3 -Wall -Wextra -std=c++17 -fopenmp -ffp-contract=off -DOMP_EXPLICIT_SIMD=0 -fno-tree-vectorize,813.104527,596e3c6929662ab9,passed
adaptive-simd_off-t20-static-r2-control_noise_6000x6000.png,2026-09-19T21:01:08Z,control_noise_6000x6000.png,6000,6000,Adaptive_Median,2,20,static,,off,yes,unset,unset,hype2,12.2.0,-O3 -Wall -Wextra -std=c++17 -fopenmp -ffp-contract=off -DOMP_EXPLICIT_SIMD=0 -fno-tree-vectorize,565.023745,fcb58a627e9d9740,passed
adaptive-simd_off-t20-static-r2-control_half_noise_6000x6000.png,2026-09-19T21:01:10Z,control_half_noise_6000x6000.png,6000,6000,Adaptive_Median,2,20,static,,off,yes,unset,unset,hype2,12.2.0,-O3 -Wall -Wextra -std=c++17 -fopenmp -ffp-contract=off -DOMP_EXPLICIT_SIMD=0 -fno-tree-vectorize,838.419808,9d92a48896bfc25a,passed
adaptive-simd_off-t20-static-r2-control_bands_256_6000x6000.png,2026-09-19T21:01:11Z,control_bands_256_6000x6000.png,6000,6000,Adaptive_Median,2,20,static,,off,yes,unset,unset,hype2,12.2.0,-O3 -Wall -Wextra -std=c++17 -fopenmp -ffp-contract=off -DOMP_EXPLICIT_SIMD=0 -fno-tree-vectorize,728.873141,8f9bc97f03d5aae1,passed
adaptive-simd_omp-t20-static-r3-sky.jpg,2026-09-19T21:01:13Z,sky.jpg,6936,9248,Adaptive_Median,3,20,static,,omp,yes,unset,unset,hype2,12.2.0,-O3 -Wall -Wextra -std=c++17 -fopenmp -ffp-contract=off -DOMP_EXPLICIT_SIMD=1,1131.300089,1e7ae9152e9643d5,passed
adaptive-simd_omp-t20-static-r3-stars.jpg,2026-09-19T21:01:17Z,stars.jpg,12960,8640,Adaptive_Median,3,20,static,,omp,yes,unset,unset,hype2,12.2.0,-O3 -Wall -Wextra -std=c++17 -fopenmp -ffp-contract=off -DOMP_EXPLICIT_SIMD=1,1816.489905,626f977055f1c658,passed
adaptive-simd_omp-t20-static-r3-rain_paisage.jpg,2026-09-19T21:01:25Z,rain_paisage.jpg,12288,16320,Adaptive_Median,3,20,static,,omp,yes,unset,unset,hype2,12.2.0,-O3 -Wall -Wextra -std=c++17 -fopenmp -ffp-contract=off -DOMP_EXPLICIT_SIMD=1,4380.443263,d0fdcd4b2e74abf3,passed
adaptive-simd_omp-t20-static-r3-firework.jpg,2026-09-19T21:01:32Z,firework.jpg,11125,16688,Adaptive_Median,3,20,static,,omp,yes,unset,unset,hype2,12.2.0,-O3 -Wall -Wextra -std=c++17 -fopenmp -ffp-contract=off -DOMP_EXPLICIT_SIMD=1,4026.480580,cae2b8384ddb6aac,passed
adaptive-simd_omp-t20-static-r3-control_smooth_6000x6000.png,2026-09-19T21:01:33Z,control_smooth_6000x6000.png,6000,6000,Adaptive_Median,3,20,static,,omp,yes,unset,unset,hype2,12.2.0,-O3 -Wall -Wextra -std=c++17 -fopenmp -ffp-contract=off -DOMP_EXPLICIT_SIMD=1,827.624465,596e3c6929662ab9,passed
adaptive-simd_omp-t20-static-r3-control_noise_6000x6000.png,2026-09-19T21:01:34Z,control_noise_6000x6000.png,6000,6000,Adaptive_Median,3,20,static,,omp,yes,unset,unset,hype2,12.2.0,-O3 -Wall -Wextra -std=c++17 -fopenmp -ffp-contract=off -DOMP_EXPLICIT_SIMD=1,600.015514,fcb58a627e9d9740,passed
adaptive-simd_omp-t20-static-r3-control_half_noise_6000x6000.png,2026-09-19T21:01:36Z,control_half_noise_6000x6000.png,6000,6000,Adaptive_Median,3,20,static,,omp,yes,unset,unset,hype2,12.2.0,-O3 -Wall -Wextra -std=c++17 -fopenmp -ffp-contract=off -DOMP_EXPLICIT_SIMD=1,816.390335,9d92a48896bfc25a,passed
adaptive-simd_omp-t20-static-r3-control_bands_256_6000x6000.png,2026-09-19T21:01:37Z,control_bands_256_6000x6000.png,6000,6000,Adaptive_Median,3,20,static,,omp,yes,unset,unset,hype2,12.2.0,-O3 -Wall -Wextra -std=c++17 -fopenmp -ffp-contract=off -DOMP_EXPLICIT_SIMD=1,744.717947,8f9bc97f03d5aae1,passed
adaptive-simd_omp-avx2-t20-static-r3-sky.jpg,2026-09-19T21:01:39Z,sky.jpg,6936,9248,Adaptive_Median,3,20,static,,omp-avx2,yes,unset,unset,hype2,12.2.0,-O3 -Wall -Wextra -std=c++17 -fopenmp -ffp-contract=off -DOMP_EXPLICIT_SIMD=1 -march=haswell,1167.614795,1e7ae9152e9643d5,passed
adaptive-simd_omp-avx2-t20-static-r3-stars.jpg,2026-09-19T21:01:44Z,stars.jpg,12960,8640,Adaptive_Median,3,20,static,,omp-avx2,yes,unset,unset,hype2,12.2.0,-O3 -Wall -Wextra -std=c++17 -fopenmp -ffp-contract=off -DOMP_EXPLICIT_SIMD=1 -march=haswell,1884.211259,626f977055f1c658,passed
adaptive-simd_omp-avx2-t20-static-r3-rain_paisage.jpg,2026-09-19T21:01:51Z,rain_paisage.jpg,12288,16320,Adaptive_Median,3,20,static,,omp-avx2,yes,unset,unset,hype2,12.2.0,-O3 -Wall -Wextra -std=c++17 -fopenmp -ffp-contract=off -DOMP_EXPLICIT_SIMD=1 -march=haswell,4493.397129,d0fdcd4b2e74abf3,passed
adaptive-simd_omp-avx2-t20-static-r3-firework.jpg,2026-09-19T21:01:58Z,firework.jpg,11125,16688,Adaptive_Median,3,20,static,,omp-avx2,yes,unset,unset,hype2,12.2.0,-O3 -Wall -Wextra -std=c++17 -fopenmp -ffp-contract=off -DOMP_EXPLICIT_SIMD=1 -march=haswell,4143.877863,cae2b8384ddb6aac,passed
adaptive-simd_omp-avx2-t20-static-r3-control_smooth_6000x6000.png,2026-09-19T21:02:00Z,control_smooth_6000x6000.png,6000,6000,Adaptive_Median,3,20,static,,omp-avx2,yes,unset,unset,hype2,12.2.0,-O3 -Wall -Wextra -std=c++17 -fopenmp -ffp-contract=off -DOMP_EXPLICIT_SIMD=1 -march=haswell,880.277043,596e3c6929662ab9,passed
adaptive-simd_omp-avx2-t20-static-r3-control_noise_6000x6000.png,2026-09-19T21:02:01Z,control_noise_6000x6000.png,6000,6000,Adaptive_Median,3,20,static,,omp-avx2,yes,unset,unset,hype2,12.2.0,-O3 -Wall -Wextra -std=c++17 -fopenmp -ffp-contract=off -DOMP_EXPLICIT_SIMD=1 -march=haswell,771.049625,fcb58a627e9d9740,passed
adaptive-simd_omp-avx2-t20-static-r3-control_half_noise_6000x6000.png,2026-09-19T21:02:02Z,control_half_noise_6000x6000.png,6000,6000,Adaptive_Median,3,20,static,,omp-avx2,yes,unset,unset,hype2,12.2.0,-O3 -Wall -Wextra -std=c++17 -fopenmp -ffp-contract=off -DOMP_EXPLICIT_SIMD=1 -march=haswell,838.917454,9d92a48896bfc25a,passed
adaptive-simd_omp-avx2-t20-static-r3-control_bands_256_6000x6000.png,2026-09-19T21:02:04Z,control_bands_256_6000x6000.png,6000,6000,Adaptive_Median,3,20,static,,omp-avx2,yes,unset,unset,hype2,12.2.0,-O3 -Wall -Wextra -std=c++17 -fopenmp -ffp-contract=off -DOMP_EXPLICIT_SIMD=1 -march=haswell,763.658357,8f9bc97f03d5aae1,passed
adaptive-simd_off-t20-dynamicx1-r3-sky.jpg,2026-09-19T21:02:06Z,sky.jpg,6936,9248,Adaptive_Median,3,20,dynamic,1,off,yes,unset,unset,hype2,12.2.0,-O3 -Wall -Wextra -std=c++17 -fopenmp -ffp-contract=off -DOMP_EXPLICIT_SIMD=0 -fno-tree-vectorize,1041.184570,1e7ae9152e9643d5,passed
adaptive-simd_off-t20-dynamicx1-r3-stars.jpg,2026-09-19T21:02:10Z,stars.jpg,12960,8640,Adaptive_Median,3,20,dynamic,1,off,yes,unset,unset,hype2,12.2.0,-O3 -Wall -Wextra -std=c++17 -fopenmp -ffp-contract=off -DOMP_EXPLICIT_SIMD=0 -fno-tree-vectorize,1645.556237,626f977055f1c658,passed
adaptive-simd_off-t20-dynamicx1-r3-rain_paisage.jpg,2026-09-19T21:02:16Z,rain_paisage.jpg,12288,16320,Adaptive_Median,3,20,dynamic,1,off,yes,unset,unset,hype2,12.2.0,-O3 -Wall -Wextra -std=c++17 -fopenmp -ffp-contract=off -DOMP_EXPLICIT_SIMD=0 -fno-tree-vectorize,3168.359292,d0fdcd4b2e74abf3,passed
adaptive-simd_off-t20-dynamicx1-r3-firework.jpg,2026-09-19T21:02:22Z,firework.jpg,11125,16688,Adaptive_Median,3,20,dynamic,1,off,yes,unset,unset,hype2,12.2.0,-O3 -Wall -Wextra -std=c++17 -fopenmp -ffp-contract=off -DOMP_EXPLICIT_SIMD=0 -fno-tree-vectorize,3063.260485,cae2b8384ddb6aac,passed
adaptive-simd_off-t20-dynamicx1-r3-control_smooth_6000x6000.png,2026-09-19T21:02:23Z,control_smooth_6000x6000.png,6000,6000,Adaptive_Median,3,20,dynamic,1,off,yes,unset,unset,hype2,12.2.0,-O3 -Wall -Wextra -std=c++17 -fopenmp -ffp-contract=off -DOMP_EXPLICIT_SIMD=0 -fno-tree-vectorize,814.964257,596e3c6929662ab9,passed
adaptive-simd_off-t20-dynamicx1-r3-control_noise_6000x6000.png,2026-09-19T21:02:25Z,control_noise_6000x6000.png,6000,6000,Adaptive_Median,3,20,dynamic,1,off,yes,unset,unset,hype2,12.2.0,-O3 -Wall -Wextra -std=c++17 -fopenmp -ffp-contract=off -DOMP_EXPLICIT_SIMD=0 -fno-tree-vectorize,597.218708,fcb58a627e9d9740,passed
adaptive-simd_off-t20-dynamicx1-r3-control_half_noise_6000x6000.png,2026-09-19T21:02:26Z,control_half_noise_6000x6000.png,6000,6000,Adaptive_Median,3,20,dynamic,1,off,yes,unset,unset,hype2,12.2.0,-O3 -Wall -Wextra -std=c++17 -fopenmp -ffp-contract=off -DOMP_EXPLICIT_SIMD=0 -fno-tree-vectorize,597.335019,9d92a48896bfc25a,passed
adaptive-simd_off-t20-dynamicx1-r3-control_bands_256_6000x6000.png,2026-09-19T21:02:27Z,control_bands_256_6000x6000.png,6000,6000,Adaptive_Median,3,20,dynamic,1,off,yes,unset,unset,hype2,12.2.0,-O3 -Wall -Wextra -std=c++17 -fopenmp -ffp-contract=off -DOMP_EXPLICIT_SIMD=0 -fno-tree-vectorize,604.169106,8f9bc97f03d5aae1,passed
adaptive-simd_off-avx2-t20-dynamicx1-r3-sky.jpg,2026-09-19T21:02:29Z,sky.jpg,6936,9248,Adaptive_Median,3,20,dynamic,1,off-avx2,yes,unset,unset,hype2,12.2.0,-O3 -Wall -Wextra -std=c++17 -fopenmp -ffp-contract=off -DOMP_EXPLICIT_SIMD=0 -fno-tree-vectorize -march=haswell,1085.510438,1e7ae9152e9643d5,passed
adaptive-simd_off-avx2-t20-dynamicx1-r3-stars.jpg,2026-09-19T21:02:33Z,stars.jpg,12960,8640,Adaptive_Median,3,20,dynamic,1,off-avx2,yes,unset,unset,hype2,12.2.0,-O3 -Wall -Wextra -std=c++17 -fopenmp -ffp-contract=off -DOMP_EXPLICIT_SIMD=0 -fno-tree-vectorize -march=haswell,1714.261252,626f977055f1c658,passed
adaptive-simd_off-avx2-t20-dynamicx1-r3-rain_paisage.jpg,2026-09-19T21:02:40Z,rain_paisage.jpg,12288,16320,Adaptive_Median,3,20,dynamic,1,off-avx2,yes,unset,unset,hype2,12.2.0,-O3 -Wall -Wextra -std=c++17 -fopenmp -ffp-contract=off -DOMP_EXPLICIT_SIMD=0 -fno-tree-vectorize -march=haswell,3297.069375,d0fdcd4b2e74abf3,passed
adaptive-simd_off-avx2-t20-dynamicx1-r3-firework.jpg,2026-09-19T21:02:46Z,firework.jpg,11125,16688,Adaptive_Median,3,20,dynamic,1,off-avx2,yes,unset,unset,hype2,12.2.0,-O3 -Wall -Wextra -std=c++17 -fopenmp -ffp-contract=off -DOMP_EXPLICIT_SIMD=0 -fno-tree-vectorize -march=haswell,3188.313986,cae2b8384ddb6aac,passed
adaptive-simd_off-avx2-t20-dynamicx1-r3-control_smooth_6000x6000.png,2026-09-19T21:02:47Z,control_smooth_6000x6000.png,6000,6000,Adaptive_Median,3,20,dynamic,1,off-avx2,yes,unset,unset,hype2,12.2.0,-O3 -Wall -Wextra -std=c++17 -fopenmp -ffp-contract=off -DOMP_EXPLICIT_SIMD=0 -fno-tree-vectorize -march=haswell,834.106047,596e3c6929662ab9,passed
adaptive-simd_off-avx2-t20-dynamicx1-r3-control_noise_6000x6000.png,2026-09-19T21:02:48Z,control_noise_6000x6000.png,6000,6000,Adaptive_Median,3,20,dynamic,1,off-avx2,yes,unset,unset,hype2,12.2.0,-O3 -Wall -Wextra -std=c++17 -fopenmp -ffp-contract=off -DOMP_EXPLICIT_SIMD=0 -fno-tree-vectorize -march=haswell,596.293419,fcb58a627e9d9740,passed
adaptive-simd_off-avx2-t20-dynamicx1-r3-control_half_noise_6000x6000.png,2026-09-19T21:02:50Z,control_half_noise_6000x6000.png,6000,6000,Adaptive_Median,3,20,dynamic,1,off-avx2,yes,unset,unset,hype2,12.2.0,-O3 -Wall -Wextra -std=c++17 -fopenmp -ffp-contract=off -DOMP_EXPLICIT_SIMD=0 -fno-tree-vectorize -march=haswell,620.618663,9d92a48896bfc25a,passed
adaptive-simd_off-avx2-t20-dynamicx1-r3-control_bands_256_6000x6000.png,2026-09-19T21:02:51Z,control_bands_256_6000x6000.png,6000,6000,Adaptive_Median,3,20,dynamic,1,off-avx2,yes,unset,unset,hype2,12.2.0,-O3 -Wall -Wextra -std=c++17 -fopenmp -ffp-contract=off -DOMP_EXPLICIT_SIMD=0 -fno-tree-vectorize -march=haswell,623.837077,8f9bc97f03d5aae1,passed
adaptive-simd_omp-t20-dynamicx1-r3-sky.jpg,2026-09-19T21:02:53Z,sky.jpg,6936,9248,Adaptive_Median,3,20,dynamic,1,omp,yes,unset,unset,hype2,12.2.0,-O3 -Wall -Wextra -std=c++17 -fopenmp -ffp-contract=off -DOMP_EXPLICIT_SIMD=1,1066.594650,1e7ae9152e9643d5,passed
adaptive-simd_omp-t20-dynamicx1-r3-stars.jpg,2026-09-19T21:02:57Z,stars.jpg,12960,8640,Adaptive_Median,3,20,dynamic,1,omp,yes,unset,unset,hype2,12.2.0,-O3 -Wall -Wextra -std=c++17 -fopenmp -ffp-contract=off -DOMP_EXPLICIT_SIMD=1,1689.857051,626f977055f1c658,passed
adaptive-simd_omp-t20-dynamicx1-r3-rain_paisage.jpg,2026-09-19T21:03:04Z,rain_paisage.jpg,12288,16320,Adaptive_Median,3,20,dynamic,1,omp,yes,unset,unset,hype2,12.2.0,-O3 -Wall -Wextra -std=c++17 -fopenmp -ffp-contract=off -DOMP_EXPLICIT_SIMD=1,3252.311762,d0fdcd4b2e74abf3,passed
adaptive-simd_omp-t20-dynamicx1-r3-firework.jpg,2026-09-19T21:03:10Z,firework.jpg,11125,16688,Adaptive_Median,3,20,dynamic,1,omp,yes,unset,unset,hype2,12.2.0,-O3 -Wall -Wextra -std=c++17 -fopenmp -ffp-contract=off -DOMP_EXPLICIT_SIMD=1,3122.089739,cae2b8384ddb6aac,passed
adaptive-simd_omp-t20-dynamicx1-r3-control_smooth_6000x6000.png,2026-09-19T21:03:11Z,control_smooth_6000x6000.png,6000,6000,Adaptive_Median,3,20,dynamic,1,omp,yes,unset,unset,hype2,12.2.0,-O3 -Wall -Wextra -std=c++17 -fopenmp -ffp-contract=off -DOMP_EXPLICIT_SIMD=1,829.528328,596e3c6929662ab9,passed
adaptive-simd_omp-t20-dynamicx1-r3-control_noise_6000x6000.png,2026-09-19T21:03:12Z,control_noise_6000x6000.png,6000,6000,Adaptive_Median,3,20,dynamic,1,omp,yes,unset,unset,hype2,12.2.0,-O3 -Wall -Wextra -std=c++17 -fopenmp -ffp-contract=off -DOMP_EXPLICIT_SIMD=1,581.587224,fcb58a627e9d9740,passed
adaptive-simd_omp-t20-dynamicx1-r3-control_half_noise_6000x6000.png,2026-09-19T21:03:13Z,control_half_noise_6000x6000.png,6000,6000,Adaptive_Median,3,20,dynamic,1,omp,yes,unset,unset,hype2,12.2.0,-O3 -Wall -Wextra -std=c++17 -fopenmp -ffp-contract=off -DOMP_EXPLICIT_SIMD=1,615.067507,9d92a48896bfc25a,passed
adaptive-simd_omp-t20-dynamicx1-r3-control_bands_256_6000x6000.png,2026-09-19T21:03:15Z,control_bands_256_6000x6000.png,6000,6000,Adaptive_Median,3,20,dynamic,1,omp,yes,unset,unset,hype2,12.2.0,-O3 -Wall -Wextra -std=c++17 -fopenmp -ffp-contract=off -DOMP_EXPLICIT_SIMD=1,640.546915,8f9bc97f03d5aae1,passed
adaptive-simd_omp-avx2-t20-dynamicx1-r3-sky.jpg,2026-09-19T21:03:17Z,sky.jpg,6936,9248,Adaptive_Median,3,20,dynamic,1,omp-avx2,yes,unset,unset,hype2,12.2.0,-O3 -Wall -Wextra -std=c++17 -fopenmp -ffp-contract=off -DOMP_EXPLICIT_SIMD=1 -march=haswell,1102.546885,1e7ae9152e9643d5,passed
adaptive-simd_omp-avx2-t20-dynamicx1-r3-stars.jpg,2026-09-19T21:03:21Z,stars.jpg,12960,8640,Adaptive_Median,3,20,dynamic,1,omp-avx2,yes,unset,unset,hype2,12.2.0,-O3 -Wall -Wextra -std=c++17 -fopenmp -ffp-contract=off -DOMP_EXPLICIT_SIMD=1 -march=haswell,1758.994152,626f977055f1c658,passed
adaptive-simd_omp-avx2-t20-dynamicx1-r3-rain_paisage.jpg,2026-09-19T21:03:27Z,rain_paisage.jpg,12288,16320,Adaptive_Median,3,20,dynamic,1,omp-avx2,yes,unset,unset,hype2,12.2.0,-O3 -Wall -Wextra -std=c++17 -fopenmp -ffp-contract=off -DOMP_EXPLICIT_SIMD=1 -march=haswell,3330.199959,d0fdcd4b2e74abf3,passed
adaptive-simd_omp-avx2-t20-dynamicx1-r3-firework.jpg,2026-09-19T21:03:34Z,firework.jpg,11125,16688,Adaptive_Median,3,20,dynamic,1,omp-avx2,yes,unset,unset,hype2,12.2.0,-O3 -Wall -Wextra -std=c++17 -fopenmp -ffp-contract=off -DOMP_EXPLICIT_SIMD=1 -march=haswell,3255.830708,cae2b8384ddb6aac,passed
adaptive-simd_omp-avx2-t20-dynamicx1-r3-control_smooth_6000x6000.png,2026-09-19T21:03:35Z,control_smooth_6000x6000.png,6000,6000,Adaptive_Median,3,20,dynamic,1,omp-avx2,yes,unset,unset,hype2,12.2.0,-O3 -Wall -Wextra -std=c++17 -fopenmp -ffp-contract=off -DOMP_EXPLICIT_SIMD=1 -march=haswell,876.501462,596e3c6929662ab9,passed
adaptive-simd_omp-avx2-t20-dynamicx1-r3-control_noise_6000x6000.png,2026-09-19T21:03:36Z,control_noise_6000x6000.png,6000,6000,Adaptive_Median,3,20,dynamic,1,omp-avx2,yes,unset,unset,hype2,12.2.0,-O3 -Wall -Wextra -std=c++17 -fopenmp -ffp-contract=off -DOMP_EXPLICIT_SIMD=1 -march=haswell,615.173791,fcb58a627e9d9740,passed
adaptive-simd_omp-avx2-t20-dynamicx1-r3-control_half_noise_6000x6000.png,2026-09-19T21:03:37Z,control_half_noise_6000x6000.png,6000,6000,Adaptive_Median,3,20,dynamic,1,omp-avx2,yes,unset,unset,hype2,12.2.0,-O3 -Wall -Wextra -std=c++17 -fopenmp -ffp-contract=off -DOMP_EXPLICIT_SIMD=1 -march=haswell,631.061828,9d92a48896bfc25a,passed
adaptive-simd_omp-avx2-t20-dynamicx1-r3-control_bands_256_6000x6000.png,2026-09-19T21:03:39Z,control_bands_256_6000x6000.png,6000,6000,Adaptive_Median,3,20,dynamic,1,omp-avx2,yes,unset,unset,hype2,12.2.0,-O3 -Wall -Wextra -std=c++17 -fopenmp -ffp-contract=off -DOMP_EXPLICIT_SIMD=1 -march=haswell,634.680147,8f9bc97f03d5aae1,passed
adaptive-simd_off-t20-dynamicx4-r3-sky.jpg,2026-09-19T21:03:41Z,sky.jpg,6936,9248,Adaptive_Median,3,20,dynamic,4,off,yes,unset,unset,hype2,12.2.0,-O3 -Wall -Wextra -std=c++17 -fopenmp -ffp-contract=off -DOMP_EXPLICIT_SIMD=0 -fno-tree-vectorize,1042.856759,1e7ae9152e9643d5,passed
adaptive-simd_off-t20-dynamicx4-r3-stars.jpg,2026-09-19T21:03:45Z,stars.jpg,12960,8640,Adaptive_Median,3,20,dynamic,4,off,yes,unset,unset,hype2,12.2.0,-O3 -Wall -Wextra -std=c++17 -fopenmp -ffp-contract=off -DOMP_EXPLICIT_SIMD=0 -fno-tree-vectorize,1651.331008,626f977055f1c658,passed
adaptive-simd_off-t20-dynamicx4-r3-rain_paisage.jpg,2026-09-19T21:03:51Z,rain_paisage.jpg,12288,16320,Adaptive_Median,3,20,dynamic,4,off,yes,unset,unset,hype2,12.2.0,-O3 -Wall -Wextra -std=c++17 -fopenmp -ffp-contract=off -DOMP_EXPLICIT_SIMD=0 -fno-tree-vectorize,3168.612166,d0fdcd4b2e74abf3,passed
adaptive-simd_off-t20-dynamicx4-r3-firework.jpg,2026-09-19T21:03:57Z,firework.jpg,11125,16688,Adaptive_Median,3,20,dynamic,4,off,yes,unset,unset,hype2,12.2.0,-O3 -Wall -Wextra -std=c++17 -fopenmp -ffp-contract=off -DOMP_EXPLICIT_SIMD=0 -fno-tree-vectorize,3058.883775,cae2b8384ddb6aac,passed
adaptive-simd_off-t20-dynamicx4-r3-control_smooth_6000x6000.png,2026-09-19T21:03:58Z,control_smooth_6000x6000.png,6000,6000,Adaptive_Median,3,20,dynamic,4,off,yes,unset,unset,hype2,12.2.0,-O3 -Wall -Wextra -std=c++17 -fopenmp -ffp-contract=off -DOMP_EXPLICIT_SIMD=0 -fno-tree-vectorize,813.985176,596e3c6929662ab9,passed
adaptive-simd_off-t20-dynamicx4-r3-control_noise_6000x6000.png,2026-09-19T21:03:59Z,control_noise_6000x6000.png,6000,6000,Adaptive_Median,3,20,dynamic,4,off,yes,unset,unset,hype2,12.2.0,-O3 -Wall -Wextra -std=c++17 -fopenmp -ffp-contract=off -DOMP_EXPLICIT_SIMD=0 -fno-tree-vectorize,571.270108,fcb58a627e9d9740,passed
adaptive-simd_off-t20-dynamicx4-r3-control_half_noise_6000x6000.png,2026-09-19T21:04:01Z,control_half_noise_6000x6000.png,6000,6000,Adaptive_Median,3,20,dynamic,4,off,yes,unset,unset,hype2,12.2.0,-O3 -Wall -Wextra -std=c++17 -fopenmp -ffp-contract=off -DOMP_EXPLICIT_SIMD=0 -fno-tree-vectorize,599.004952,9d92a48896bfc25a,passed
adaptive-simd_off-t20-dynamicx4-r3-control_bands_256_6000x6000.png,2026-09-19T21:04:02Z,control_bands_256_6000x6000.png,6000,6000,Adaptive_Median,3,20,dynamic,4,off,yes,unset,unset,hype2,12.2.0,-O3 -Wall -Wextra -std=c++17 -fopenmp -ffp-contract=off -DOMP_EXPLICIT_SIMD=0 -fno-tree-vectorize,622.602549,8f9bc97f03d5aae1,passed
adaptive-simd_off-avx2-t20-dynamicx4-r3-sky.jpg,2026-09-19T21:04:04Z,sky.jpg,6936,9248,Adaptive_Median,3,20,dynamic,4,off-avx2,yes,unset,unset,hype2,12.2.0,-O3 -Wall -Wextra -std=c++17 -fopenmp -ffp-contract=off -DOMP_EXPLICIT_SIMD=0 -fno-tree-vectorize -march=haswell,1084.178380,1e7ae9152e9643d5,passed
adaptive-simd_off-avx2-t20-dynamicx4-r3-stars.jpg,2026-09-19T21:04:08Z,stars.jpg,12960,8640,Adaptive_Median,3,20,dynamic,4,off-avx2,yes,unset,unset,hype2,12.2.0,-O3 -Wall -Wextra -std=c++17 -fopenmp -ffp-contract=off -DOMP_EXPLICIT_SIMD=0 -fno-tree-vectorize -march=haswell,1719.439856,626f977055f1c658,passed
adaptive-simd_off-avx2-t20-dynamicx4-r3-rain_paisage.jpg,2026-09-19T21:04:15Z,rain_paisage.jpg,12288,16320,Adaptive_Median,3,20,dynamic,4,off-avx2,yes,unset,unset,hype2,12.2.0,-O3 -Wall -Wextra -std=c++17 -fopenmp -ffp-contract=off -DOMP_EXPLICIT_SIMD=0 -fno-tree-vectorize -march=haswell,3292.666540,d0fdcd4b2e74abf3,passed
adaptive-simd_off-avx2-t20-dynamicx4-r3-firework.jpg,2026-09-19T21:04:21Z,firework.jpg,11125,16688,Adaptive_Median,3,20,dynamic,4,off-avx2,yes,unset,unset,hype2,12.2.0,-O3 -Wall -Wextra -std=c++17 -fopenmp -ffp-contract=off -DOMP_EXPLICIT_SIMD=0 -fno-tree-vectorize -march=haswell,3182.977845,cae2b8384ddb6aac,passed
adaptive-simd_off-avx2-t20-dynamicx4-r3-control_smooth_6000x6000.png,2026-09-19T21:04:22Z,control_smooth_6000x6000.png,6000,6000,Adaptive_Median,3,20,dynamic,4,off-avx2,yes,unset,unset,hype2,12.2.0,-O3 -Wall -Wextra -std=c++17 -fopenmp -ffp-contract=off -DOMP_EXPLICIT_SIMD=0 -fno-tree-vectorize -march=haswell,834.365843,596e3c6929662ab9,passed
adaptive-simd_off-avx2-t20-dynamicx4-r3-control_noise_6000x6000.png,2026-09-19T21:04:23Z,control_noise_6000x6000.png,6000,6000,Adaptive_Median,3,20,dynamic,4,off-avx2,yes,unset,unset,hype2,12.2.0,-O3 -Wall -Wextra -std=c++17 -fopenmp -ffp-contract=off -DOMP_EXPLICIT_SIMD=0 -fno-tree-vectorize -march=haswell,595.792507,fcb58a627e9d9740,passed
adaptive-simd_off-avx2-t20-dynamicx4-r3-control_half_noise_6000x6000.png,2026-09-19T21:04:24Z,control_half_noise_6000x6000.png,6000,6000,Adaptive_Median,3,20,dynamic,4,off-avx2,yes,unset,unset,hype2,12.2.0,-O3 -Wall -Wextra -std=c++17 -fopenmp -ffp-contract=off -DOMP_EXPLICIT_SIMD=0 -fno-tree-vectorize -march=haswell,620.992702,9d92a48896bfc25a,passed
adaptive-simd_off-avx2-t20-dynamicx4-r3-control_bands_256_6000x6000.png,2026-09-19T21:04:26Z,control_bands_256_6000x6000.png,6000,6000,Adaptive_Median,3,20,dynamic,4,off-avx2,yes,unset,unset,hype2,12.2.0,-O3 -Wall -Wextra -std=c++17 -fopenmp -ffp-contract=off -DOMP_EXPLICIT_SIMD=0 -fno-tree-vectorize -march=haswell,623.681685,8f9bc97f03d5aae1,passed
adaptive-simd_omp-t20-dynamicx4-r3-sky.jpg,2026-09-19T21:04:28Z,sky.jpg,6936,9248,Adaptive_Median,3,20,dynamic,4,omp,yes,unset,unset,hype2,12.2.0,-O3 -Wall -Wextra -std=c++17 -fopenmp -ffp-contract=off -DOMP_EXPLICIT_SIMD=1,1067.725552,1e7ae9152e9643d5,passed
adaptive-simd_omp-t20-dynamicx4-r3-stars.jpg,2026-09-19T21:04:32Z,stars.jpg,12960,8640,Adaptive_Median,3,20,dynamic,4,omp,yes,unset,unset,hype2,12.2.0,-O3 -Wall -Wextra -std=c++17 -fopenmp -ffp-contract=off -DOMP_EXPLICIT_SIMD=1,1695.915025,626f977055f1c658,passed
adaptive-simd_omp-t20-dynamicx4-r3-rain_paisage.jpg,2026-09-19T21:04:38Z,rain_paisage.jpg,12288,16320,Adaptive_Median,3,20,dynamic,4,omp,yes,unset,unset,hype2,12.2.0,-O3 -Wall -Wextra -std=c++17 -fopenmp -ffp-contract=off -DOMP_EXPLICIT_SIMD=1,3230.861607,d0fdcd4b2e74abf3,passed
adaptive-simd_omp-t20-dynamicx4-r3-firework.jpg,2026-09-19T21:04:44Z,firework.jpg,11125,16688,Adaptive_Median,3,20,dynamic,4,omp,yes,unset,unset,hype2,12.2.0,-O3 -Wall -Wextra -std=c++17 -fopenmp -ffp-contract=off -DOMP_EXPLICIT_SIMD=1,3120.328232,cae2b8384ddb6aac,passed
adaptive-simd_omp-t20-dynamicx4-r3-control_smooth_6000x6000.png,2026-09-19T21:04:46Z,control_smooth_6000x6000.png,6000,6000,Adaptive_Median,3,20,dynamic,4,omp,yes,unset,unset,hype2,12.2.0,-O3 -Wall -Wextra -std=c++17 -fopenmp -ffp-contract=off -DOMP_EXPLICIT_SIMD=1,830.411755,596e3c6929662ab9,passed
adaptive-simd_omp-t20-dynamicx4-r3-control_noise_6000x6000.png,2026-09-19T21:04:47Z,control_noise_6000x6000.png,6000,6000,Adaptive_Median,3,20,dynamic,4,omp,yes,unset,unset,hype2,12.2.0,-O3 -Wall -Wextra -std=c++17 -fopenmp -ffp-contract=off -DOMP_EXPLICIT_SIMD=1,580.154658,fcb58a627e9d9740,passed
adaptive-simd_omp-t20-dynamicx4-r3-control_half_noise_6000x6000.png,2026-09-19T21:04:48Z,control_half_noise_6000x6000.png,6000,6000,Adaptive_Median,3,20,dynamic,4,omp,yes,unset,unset,hype2,12.2.0,-O3 -Wall -Wextra -std=c++17 -fopenmp -ffp-contract=off -DOMP_EXPLICIT_SIMD=1,614.754076,9d92a48896bfc25a,passed
adaptive-simd_omp-t20-dynamicx4-r3-control_bands_256_6000x6000.png,2026-09-19T21:04:49Z,control_bands_256_6000x6000.png,6000,6000,Adaptive_Median,3,20,dynamic,4,omp,yes,unset,unset,hype2,12.2.0,-O3 -Wall -Wextra -std=c++17 -fopenmp -ffp-contract=off -DOMP_EXPLICIT_SIMD=1,621.480465,8f9bc97f03d5aae1,passed
adaptive-simd_omp-avx2-t20-dynamicx4-r3-sky.jpg,2026-09-19T21:04:51Z,sky.jpg,6936,9248,Adaptive_Median,3,20,dynamic,4,omp-avx2,yes,unset,unset,hype2,12.2.0,-O3 -Wall -Wextra -std=c++17 -fopenmp -ffp-contract=off -DOMP_EXPLICIT_SIMD=1 -march=haswell,1104.127687,1e7ae9152e9643d5,passed
adaptive-simd_omp-avx2-t20-dynamicx4-r3-stars.jpg,2026-09-19T21:04:55Z,stars.jpg,12960,8640,Adaptive_Median,3,20,dynamic,4,omp-avx2,yes,unset,unset,hype2,12.2.0,-O3 -Wall -Wextra -std=c++17 -fopenmp -ffp-contract=off -DOMP_EXPLICIT_SIMD=1 -march=haswell,1764.558266,626f977055f1c658,passed
adaptive-simd_omp-avx2-t20-dynamicx4-r3-rain_paisage.jpg,2026-09-19T21:05:02Z,rain_paisage.jpg,12288,16320,Adaptive_Median,3,20,dynamic,4,omp-avx2,yes,unset,unset,hype2,12.2.0,-O3 -Wall -Wextra -std=c++17 -fopenmp -ffp-contract=off -DOMP_EXPLICIT_SIMD=1 -march=haswell,3333.920215,d0fdcd4b2e74abf3,passed
adaptive-simd_omp-avx2-t20-dynamicx4-r3-firework.jpg,2026-09-19T21:05:08Z,firework.jpg,11125,16688,Adaptive_Median,3,20,dynamic,4,omp-avx2,yes,unset,unset,hype2,12.2.0,-O3 -Wall -Wextra -std=c++17 -fopenmp -ffp-contract=off -DOMP_EXPLICIT_SIMD=1 -march=haswell,3228.245031,cae2b8384ddb6aac,passed
adaptive-simd_omp-avx2-t20-dynamicx4-r3-control_smooth_6000x6000.png,2026-09-19T21:05:09Z,control_smooth_6000x6000.png,6000,6000,Adaptive_Median,3,20,dynamic,4,omp-avx2,yes,unset,unset,hype2,12.2.0,-O3 -Wall -Wextra -std=c++17 -fopenmp -ffp-contract=off -DOMP_EXPLICIT_SIMD=1 -march=haswell,852.039563,596e3c6929662ab9,passed
adaptive-simd_omp-avx2-t20-dynamicx4-r3-control_noise_6000x6000.png,2026-09-19T21:05:11Z,control_noise_6000x6000.png,6000,6000,Adaptive_Median,3,20,dynamic,4,omp-avx2,yes,unset,unset,hype2,12.2.0,-O3 -Wall -Wextra -std=c++17 -fopenmp -ffp-contract=off -DOMP_EXPLICIT_SIMD=1 -march=haswell,611.066640,fcb58a627e9d9740,passed
adaptive-simd_omp-avx2-t20-dynamicx4-r3-control_half_noise_6000x6000.png,2026-09-19T21:05:12Z,control_half_noise_6000x6000.png,6000,6000,Adaptive_Median,3,20,dynamic,4,omp-avx2,yes,unset,unset,hype2,12.2.0,-O3 -Wall -Wextra -std=c++17 -fopenmp -ffp-contract=off -DOMP_EXPLICIT_SIMD=1 -march=haswell,629.932957,9d92a48896bfc25a,passed
adaptive-simd_omp-avx2-t20-dynamicx4-r3-control_bands_256_6000x6000.png,2026-09-19T21:05:13Z,control_bands_256_6000x6000.png,6000,6000,Adaptive_Median,3,20,dynamic,4,omp-avx2,yes,unset,unset,hype2,12.2.0,-O3 -Wall -Wextra -std=c++17 -fopenmp -ffp-contract=off -DOMP_EXPLICIT_SIMD=1 -march=haswell,635.010887,8f9bc97f03d5aae1,passed
adaptive-simd_off-t20-dynamicx16-r3-sky.jpg,2026-09-19T21:05:15Z,sky.jpg,6936,9248,Adaptive_Median,3,20,dynamic,16,off,yes,unset,unset,hype2,12.2.0,-O3 -Wall -Wextra -std=c++17 -fopenmp -ffp-contract=off -DOMP_EXPLICIT_SIMD=0 -fno-tree-vectorize,1052.342012,1e7ae9152e9643d5,passed
adaptive-simd_off-t20-dynamicx16-r3-stars.jpg,2026-09-19T21:05:19Z,stars.jpg,12960,8640,Adaptive_Median,3,20,dynamic,16,off,yes,unset,unset,hype2,12.2.0,-O3 -Wall -Wextra -std=c++17 -fopenmp -ffp-contract=off -DOMP_EXPLICIT_SIMD=0 -fno-tree-vectorize,1661.321375,626f977055f1c658,passed
adaptive-simd_off-t20-dynamicx16-r3-rain_paisage.jpg,2026-09-19T21:05:26Z,rain_paisage.jpg,12288,16320,Adaptive_Median,3,20,dynamic,16,off,yes,unset,unset,hype2,12.2.0,-O3 -Wall -Wextra -std=c++17 -fopenmp -ffp-contract=off -DOMP_EXPLICIT_SIMD=0 -fno-tree-vectorize,3175.897948,d0fdcd4b2e74abf3,passed
adaptive-simd_off-t20-dynamicx16-r3-firework.jpg,2026-09-19T21:05:32Z,firework.jpg,11125,16688,Adaptive_Median,3,20,dynamic,16,off,yes,unset,unset,hype2,12.2.0,-O3 -Wall -Wextra -std=c++17 -fopenmp -ffp-contract=off -DOMP_EXPLICIT_SIMD=0 -fno-tree-vectorize,3079.987960,cae2b8384ddb6aac,passed
adaptive-simd_off-t20-dynamicx16-r3-control_smooth_6000x6000.png,2026-09-19T21:05:33Z,control_smooth_6000x6000.png,6000,6000,Adaptive_Median,3,20,dynamic,16,off,yes,unset,unset,hype2,12.2.0,-O3 -Wall -Wextra -std=c++17 -fopenmp -ffp-contract=off -DOMP_EXPLICIT_SIMD=0 -fno-tree-vectorize,824.082138,596e3c6929662ab9,passed
adaptive-simd_off-t20-dynamicx16-r3-control_noise_6000x6000.png,2026-09-19T21:05:34Z,control_noise_6000x6000.png,6000,6000,Adaptive_Median,3,20,dynamic,16,off,yes,unset,unset,hype2,12.2.0,-O3 -Wall -Wextra -std=c++17 -fopenmp -ffp-contract=off -DOMP_EXPLICIT_SIMD=0 -fno-tree-vectorize,616.846787,fcb58a627e9d9740,passed
adaptive-simd_off-t20-dynamicx16-r3-control_half_noise_6000x6000.png,2026-09-19T21:05:35Z,control_half_noise_6000x6000.png,6000,6000,Adaptive_Median,3,20,dynamic,16,off,yes,unset,unset,hype2,12.2.0,-O3 -Wall -Wextra -std=c++17 -fopenmp -ffp-contract=off -DOMP_EXPLICIT_SIMD=0 -fno-tree-vectorize,603.321044,9d92a48896bfc25a,passed
adaptive-simd_off-t20-dynamicx16-r3-control_bands_256_6000x6000.png,2026-09-19T21:05:37Z,control_bands_256_6000x6000.png,6000,6000,Adaptive_Median,3,20,dynamic,16,off,yes,unset,unset,hype2,12.2.0,-O3 -Wall -Wextra -std=c++17 -fopenmp -ffp-contract=off -DOMP_EXPLICIT_SIMD=0 -fno-tree-vectorize,605.985916,8f9bc97f03d5aae1,passed
adaptive-simd_off-avx2-t20-dynamicx16-r3-sky.jpg,2026-09-19T21:05:39Z,sky.jpg,6936,9248,Adaptive_Median,3,20,dynamic,16,off-avx2,yes,unset,unset,hype2,12.2.0,-O3 -Wall -Wextra -std=c++17 -fopenmp -ffp-contract=off -DOMP_EXPLICIT_SIMD=0 -fno-tree-vectorize -march=haswell,1082.793666,1e7ae9152e9643d5,passed
adaptive-simd_off-avx2-t20-dynamicx16-r3-stars.jpg,2026-09-19T21:05:43Z,stars.jpg,12960,8640,Adaptive_Median,3,20,dynamic,16,off-avx2,yes,unset,unset,hype2,12.2.0,-O3 -Wall -Wextra -std=c++17 -fopenmp -ffp-contract=off -DOMP_EXPLICIT_SIMD=0 -fno-tree-vectorize -march=haswell,1720.467334,626f977055f1c658,passed
adaptive-simd_off-avx2-t20-dynamicx16-r3-rain_paisage.jpg,2026-09-19T21:05:49Z,rain_paisage.jpg,12288,16320,Adaptive_Median,3,20,dynamic,16,off-avx2,yes,unset,unset,hype2,12.2.0,-O3 -Wall -Wextra -std=c++17 -fopenmp -ffp-contract=off -DOMP_EXPLICIT_SIMD=0 -fno-tree-vectorize -march=haswell,3294.667649,d0fdcd4b2e74abf3,passed
adaptive-simd_off-avx2-t20-dynamicx16-r3-firework.jpg,2026-09-19T21:05:55Z,firework.jpg,11125,16688,Adaptive_Median,3,20,dynamic,16,off-avx2,yes,unset,unset,hype2,12.2.0,-O3 -Wall -Wextra -std=c++17 -fopenmp -ffp-contract=off -DOMP_EXPLICIT_SIMD=0 -fno-tree-vectorize -march=haswell,3203.588443,cae2b8384ddb6aac,passed
adaptive-simd_off-avx2-t20-dynamicx16-r3-control_smooth_6000x6000.png,2026-09-19T21:05:57Z,control_smooth_6000x6000.png,6000,6000,Adaptive_Median,3,20,dynamic,16,off-avx2,yes,unset,unset,hype2,12.2.0,-O3 -Wall -Wextra -std=c++17 -fopenmp -ffp-contract=off -DOMP_EXPLICIT_SIMD=0 -fno-tree-vectorize -march=haswell,844.392703,596e3c6929662ab9,passed
adaptive-simd_off-avx2-t20-dynamicx16-r3-control_noise_6000x6000.png,2026-09-19T21:05:58Z,control_noise_6000x6000.png,6000,6000,Adaptive_Median,3,20,dynamic,16,off-avx2,yes,unset,unset,hype2,12.2.0,-O3 -Wall -Wextra -std=c++17 -fopenmp -ffp-contract=off -DOMP_EXPLICIT_SIMD=0 -fno-tree-vectorize -march=haswell,602.516479,fcb58a627e9d9740,passed
adaptive-simd_off-avx2-t20-dynamicx16-r3-control_half_noise_6000x6000.png,2026-09-19T21:05:59Z,control_half_noise_6000x6000.png,6000,6000,Adaptive_Median,3,20,dynamic,16,off-avx2,yes,unset,unset,hype2,12.2.0,-O3 -Wall -Wextra -std=c++17 -fopenmp -ffp-contract=off -DOMP_EXPLICIT_SIMD=0 -fno-tree-vectorize -march=haswell,627.489451,9d92a48896bfc25a,passed
adaptive-simd_off-avx2-t20-dynamicx16-r3-control_bands_256_6000x6000.png,2026-09-19T21:06:01Z,control_bands_256_6000x6000.png,6000,6000,Adaptive_Median,3,20,dynamic,16,off-avx2,yes,unset,unset,hype2,12.2.0,-O3 -Wall -Wextra -std=c++17 -fopenmp -ffp-contract=off -DOMP_EXPLICIT_SIMD=0 -fno-tree-vectorize -march=haswell,627.071052,8f9bc97f03d5aae1,passed
adaptive-simd_omp-t20-dynamicx16-r3-sky.jpg,2026-09-19T21:06:03Z,sky.jpg,6936,9248,Adaptive_Median,3,20,dynamic,16,omp,yes,unset,unset,hype2,12.2.0,-O3 -Wall -Wextra -std=c++17 -fopenmp -ffp-contract=off -DOMP_EXPLICIT_SIMD=1,1071.540773,1e7ae9152e9643d5,passed
adaptive-simd_omp-t20-dynamicx16-r3-stars.jpg,2026-09-19T21:06:07Z,stars.jpg,12960,8640,Adaptive_Median,3,20,dynamic,16,omp,yes,unset,unset,hype2,12.2.0,-O3 -Wall -Wextra -std=c++17 -fopenmp -ffp-contract=off -DOMP_EXPLICIT_SIMD=1,1692.677075,626f977055f1c658,passed
adaptive-simd_omp-t20-dynamicx16-r3-rain_paisage.jpg,2026-09-19T21:06:13Z,rain_paisage.jpg,12288,16320,Adaptive_Median,3,20,dynamic,16,omp,yes,unset,unset,hype2,12.2.0,-O3 -Wall -Wextra -std=c++17 -fopenmp -ffp-contract=off -DOMP_EXPLICIT_SIMD=1,3233.284080,d0fdcd4b2e74abf3,passed
adaptive-simd_omp-t20-dynamicx16-r3-firework.jpg,2026-09-19T21:06:19Z,firework.jpg,11125,16688,Adaptive_Median,3,20,dynamic,16,omp,yes,unset,unset,hype2,12.2.0,-O3 -Wall -Wextra -std=c++17 -fopenmp -ffp-contract=off -DOMP_EXPLICIT_SIMD=1,3139.804620,cae2b8384ddb6aac,passed
adaptive-simd_omp-t20-dynamicx16-r3-control_smooth_6000x6000.png,2026-09-19T21:06:20Z,control_smooth_6000x6000.png,6000,6000,Adaptive_Median,3,20,dynamic,16,omp,yes,unset,unset,hype2,12.2.0,-O3 -Wall -Wextra -std=c++17 -fopenmp -ffp-contract=off -DOMP_EXPLICIT_SIMD=1,840.266413,596e3c6929662ab9,passed
adaptive-simd_omp-t20-dynamicx16-r3-control_noise_6000x6000.png,2026-09-19T21:06:21Z,control_noise_6000x6000.png,6000,6000,Adaptive_Median,3,20,dynamic,16,omp,yes,unset,unset,hype2,12.2.0,-O3 -Wall -Wextra -std=c++17 -fopenmp -ffp-contract=off -DOMP_EXPLICIT_SIMD=1,588.253429,fcb58a627e9d9740,passed
adaptive-simd_omp-t20-dynamicx16-r3-control_half_noise_6000x6000.png,2026-09-19T21:06:23Z,control_half_noise_6000x6000.png,6000,6000,Adaptive_Median,3,20,dynamic,16,omp,yes,unset,unset,hype2,12.2.0,-O3 -Wall -Wextra -std=c++17 -fopenmp -ffp-contract=off -DOMP_EXPLICIT_SIMD=1,620.009253,9d92a48896bfc25a,passed
adaptive-simd_omp-t20-dynamicx16-r3-control_bands_256_6000x6000.png,2026-09-19T21:06:24Z,control_bands_256_6000x6000.png,6000,6000,Adaptive_Median,3,20,dynamic,16,omp,yes,unset,unset,hype2,12.2.0,-O3 -Wall -Wextra -std=c++17 -fopenmp -ffp-contract=off -DOMP_EXPLICIT_SIMD=1,624.821320,8f9bc97f03d5aae1,passed
adaptive-simd_omp-avx2-t20-dynamicx16-r3-sky.jpg,2026-09-19T21:06:26Z,sky.jpg,6936,9248,Adaptive_Median,3,20,dynamic,16,omp-avx2,yes,unset,unset,hype2,12.2.0,-O3 -Wall -Wextra -std=c++17 -fopenmp -ffp-contract=off -DOMP_EXPLICIT_SIMD=1 -march=haswell,1102.671164,1e7ae9152e9643d5,passed
adaptive-simd_omp-avx2-t20-dynamicx16-r3-stars.jpg,2026-09-19T21:06:30Z,stars.jpg,12960,8640,Adaptive_Median,3,20,dynamic,16,omp-avx2,yes,unset,unset,hype2,12.2.0,-O3 -Wall -Wextra -std=c++17 -fopenmp -ffp-contract=off -DOMP_EXPLICIT_SIMD=1 -march=haswell,1763.443906,626f977055f1c658,passed
adaptive-simd_omp-avx2-t20-dynamicx16-r3-rain_paisage.jpg,2026-09-19T21:06:37Z,rain_paisage.jpg,12288,16320,Adaptive_Median,3,20,dynamic,16,omp-avx2,yes,unset,unset,hype2,12.2.0,-O3 -Wall -Wextra -std=c++17 -fopenmp -ffp-contract=off -DOMP_EXPLICIT_SIMD=1 -march=haswell,3368.899531,d0fdcd4b2e74abf3,passed
adaptive-simd_omp-avx2-t20-dynamicx16-r3-firework.jpg,2026-09-19T21:06:43Z,firework.jpg,11125,16688,Adaptive_Median,3,20,dynamic,16,omp-avx2,yes,unset,unset,hype2,12.2.0,-O3 -Wall -Wextra -std=c++17 -fopenmp -ffp-contract=off -DOMP_EXPLICIT_SIMD=1 -march=haswell,3250.942008,cae2b8384ddb6aac,passed
adaptive-simd_omp-avx2-t20-dynamicx16-r3-control_smooth_6000x6000.png,2026-09-19T21:06:44Z,control_smooth_6000x6000.png,6000,6000,Adaptive_Median,3,20,dynamic,16,omp-avx2,yes,unset,unset,hype2,12.2.0,-O3 -Wall -Wextra -std=c++17 -fopenmp -ffp-contract=off -DOMP_EXPLICIT_SIMD=1 -march=haswell,855.819746,596e3c6929662ab9,passed
adaptive-simd_omp-avx2-t20-dynamicx16-r3-control_noise_6000x6000.png,2026-09-19T21:06:45Z,control_noise_6000x6000.png,6000,6000,Adaptive_Median,3,20,dynamic,16,omp-avx2,yes,unset,unset,hype2,12.2.0,-O3 -Wall -Wextra -std=c++17 -fopenmp -ffp-contract=off -DOMP_EXPLICIT_SIMD=1 -march=haswell,620.161903,fcb58a627e9d9740,passed
adaptive-simd_omp-avx2-t20-dynamicx16-r3-control_half_noise_6000x6000.png,2026-09-19T21:06:47Z,control_half_noise_6000x6000.png,6000,6000,Adaptive_Median,3,20,dynamic,16,omp-avx2,yes,unset,unset,hype2,12.2.0,-O3 -Wall -Wextra -std=c++17 -fopenmp -ffp-contract=off -DOMP_EXPLICIT_SIMD=1 -march=haswell,635.643008,9d92a48896bfc25a,passed
adaptive-simd_omp-avx2-t20-dynamicx16-r3-control_bands_256_6000x6000.png,2026-09-19T21:06:48Z,control_bands_256_6000x6000.png,6000,6000,Adaptive_Median,3,20,dynamic,16,omp-avx2,yes,unset,unset,hype2,12.2.0,-O3 -Wall -Wextra -std=c++17 -fopenmp -ffp-contract=off -DOMP_EXPLICIT_SIMD=1 -march=haswell,638.893553,8f9bc97f03d5aae1,passed
adaptive-simd_off-t20-dynamicx64-r3-sky.jpg,2026-09-19T21:06:50Z,sky.jpg,6936,9248,Adaptive_Median,3,20,dynamic,64,off,yes,unset,unset,hype2,12.2.0,-O3 -Wall -Wextra -std=c++17 -fopenmp -ffp-contract=off -DOMP_EXPLICIT_SIMD=0 -fno-tree-vectorize,1142.852513,1e7ae9152e9643d5,passed
adaptive-simd_off-t20-dynamicx64-r3-stars.jpg,2026-09-19T21:06:54Z,stars.jpg,12960,8640,Adaptive_Median,3,20,dynamic,64,off,yes,unset,unset,hype2,12.2.0,-O3 -Wall -Wextra -std=c++17 -fopenmp -ffp-contract=off -DOMP_EXPLICIT_SIMD=0 -fno-tree-vectorize,1707.396454,626f977055f1c658,passed
adaptive-simd_off-t20-dynamicx64-r3-rain_paisage.jpg,2026-09-19T21:07:01Z,rain_paisage.jpg,12288,16320,Adaptive_Median,3,20,dynamic,64,off,yes,unset,unset,hype2,12.2.0,-O3 -Wall -Wextra -std=c++17 -fopenmp -ffp-contract=off -DOMP_EXPLICIT_SIMD=0 -fno-tree-vectorize,3213.690749,d0fdcd4b2e74abf3,passed
adaptive-simd_off-t20-dynamicx64-r3-firework.jpg,2026-09-19T21:07:07Z,firework.jpg,11125,16688,Adaptive_Median,3,20,dynamic,64,off,yes,unset,unset,hype2,12.2.0,-O3 -Wall -Wextra -std=c++17 -fopenmp -ffp-contract=off -DOMP_EXPLICIT_SIMD=0 -fno-tree-vectorize,3193.847351,cae2b8384ddb6aac,passed
adaptive-simd_off-t20-dynamicx64-r3-control_smooth_6000x6000.png,2026-09-19T21:07:08Z,control_smooth_6000x6000.png,6000,6000,Adaptive_Median,3,20,dynamic,64,off,yes,unset,unset,hype2,12.2.0,-O3 -Wall -Wextra -std=c++17 -fopenmp -ffp-contract=off -DOMP_EXPLICIT_SIMD=0 -fno-tree-vectorize,859.440589,596e3c6929662ab9,passed
adaptive-simd_off-t20-dynamicx64-r3-control_noise_6000x6000.png,2026-09-19T21:07:09Z,control_noise_6000x6000.png,6000,6000,Adaptive_Median,3,20,dynamic,64,off,yes,unset,unset,hype2,12.2.0,-O3 -Wall -Wextra -std=c++17 -fopenmp -ffp-contract=off -DOMP_EXPLICIT_SIMD=0 -fno-tree-vectorize,600.115846,fcb58a627e9d9740,passed
adaptive-simd_off-t20-dynamicx64-r3-control_half_noise_6000x6000.png,2026-09-19T21:07:11Z,control_half_noise_6000x6000.png,6000,6000,Adaptive_Median,3,20,dynamic,64,off,yes,unset,unset,hype2,12.2.0,-O3 -Wall -Wextra -std=c++17 -fopenmp -ffp-contract=off -DOMP_EXPLICIT_SIMD=0 -fno-tree-vectorize,626.071471,9d92a48896bfc25a,passed
adaptive-simd_off-t20-dynamicx64-r3-control_bands_256_6000x6000.png,2026-09-19T21:07:12Z,control_bands_256_6000x6000.png,6000,6000,Adaptive_Median,3,20,dynamic,64,off,yes,unset,unset,hype2,12.2.0,-O3 -Wall -Wextra -std=c++17 -fopenmp -ffp-contract=off -DOMP_EXPLICIT_SIMD=0 -fno-tree-vectorize,660.764407,8f9bc97f03d5aae1,passed
adaptive-simd_off-avx2-t20-dynamicx64-r3-sky.jpg,2026-09-19T21:07:14Z,sky.jpg,6936,9248,Adaptive_Median,3,20,dynamic,64,off-avx2,yes,unset,unset,hype2,12.2.0,-O3 -Wall -Wextra -std=c++17 -fopenmp -ffp-contract=off -DOMP_EXPLICIT_SIMD=0 -fno-tree-vectorize -march=haswell,1175.676176,1e7ae9152e9643d5,passed
adaptive-simd_off-avx2-t20-dynamicx64-r3-stars.jpg,2026-09-19T21:07:18Z,stars.jpg,12960,8640,Adaptive_Median,3,20,dynamic,64,off-avx2,yes,unset,unset,hype2,12.2.0,-O3 -Wall -Wextra -std=c++17 -fopenmp -ffp-contract=off -DOMP_EXPLICIT_SIMD=0 -fno-tree-vectorize -march=haswell,1785.563975,626f977055f1c658,passed
adaptive-simd_off-avx2-t20-dynamicx64-r3-rain_paisage.jpg,2026-09-19T21:07:25Z,rain_paisage.jpg,12288,16320,Adaptive_Median,3,20,dynamic,64,off-avx2,yes,unset,unset,hype2,12.2.0,-O3 -Wall -Wextra -std=c++17 -fopenmp -ffp-contract=off -DOMP_EXPLICIT_SIMD=0 -fno-tree-vectorize -march=haswell,3343.491255,d0fdcd4b2e74abf3,passed
adaptive-simd_off-avx2-t20-dynamicx64-r3-firework.jpg,2026-09-19T21:07:31Z,firework.jpg,11125,16688,Adaptive_Median,3,20,dynamic,64,off-avx2,yes,unset,unset,hype2,12.2.0,-O3 -Wall -Wextra -std=c++17 -fopenmp -ffp-contract=off -DOMP_EXPLICIT_SIMD=0 -fno-tree-vectorize -march=haswell,3265.592400,cae2b8384ddb6aac,passed
adaptive-simd_off-avx2-t20-dynamicx64-r3-control_smooth_6000x6000.png,2026-09-19T21:07:32Z,control_smooth_6000x6000.png,6000,6000,Adaptive_Median,3,20,dynamic,64,off-avx2,yes,unset,unset,hype2,12.2.0,-O3 -Wall -Wextra -std=c++17 -fopenmp -ffp-contract=off -DOMP_EXPLICIT_SIMD=0 -fno-tree-vectorize -march=haswell,881.955100,596e3c6929662ab9,passed
adaptive-simd_off-avx2-t20-dynamicx64-r3-control_noise_6000x6000.png,2026-09-19T21:07:33Z,control_noise_6000x6000.png,6000,6000,Adaptive_Median,3,20,dynamic,64,off-avx2,yes,unset,unset,hype2,12.2.0,-O3 -Wall -Wextra -std=c++17 -fopenmp -ffp-contract=off -DOMP_EXPLICIT_SIMD=0 -fno-tree-vectorize -march=haswell,631.141486,fcb58a627e9d9740,passed
adaptive-simd_off-avx2-t20-dynamicx64-r3-control_half_noise_6000x6000.png,2026-09-19T21:07:35Z,control_half_noise_6000x6000.png,6000,6000,Adaptive_Median,3,20,dynamic,64,off-avx2,yes,unset,unset,hype2,12.2.0,-O3 -Wall -Wextra -std=c++17 -fopenmp -ffp-contract=off -DOMP_EXPLICIT_SIMD=0 -fno-tree-vectorize -march=haswell,651.479360,9d92a48896bfc25a,passed
adaptive-simd_off-avx2-t20-dynamicx64-r3-control_bands_256_6000x6000.png,2026-09-19T21:07:36Z,control_bands_256_6000x6000.png,6000,6000,Adaptive_Median,3,20,dynamic,64,off-avx2,yes,unset,unset,hype2,12.2.0,-O3 -Wall -Wextra -std=c++17 -fopenmp -ffp-contract=off -DOMP_EXPLICIT_SIMD=0 -fno-tree-vectorize -march=haswell,682.922414,8f9bc97f03d5aae1,passed
adaptive-simd_omp-t20-dynamicx64-r3-sky.jpg,2026-09-19T21:07:39Z,sky.jpg,6936,9248,Adaptive_Median,3,20,dynamic,64,omp,yes,unset,unset,hype2,12.2.0,-O3 -Wall -Wextra -std=c++17 -fopenmp -ffp-contract=off -DOMP_EXPLICIT_SIMD=1,1157.642234,1e7ae9152e9643d5,passed
adaptive-simd_omp-t20-dynamicx64-r3-stars.jpg,2026-09-19T21:07:43Z,stars.jpg,12960,8640,Adaptive_Median,3,20,dynamic,64,omp,yes,unset,unset,hype2,12.2.0,-O3 -Wall -Wextra -std=c++17 -fopenmp -ffp-contract=off -DOMP_EXPLICIT_SIMD=1,1756.363732,626f977055f1c658,passed
adaptive-simd_omp-t20-dynamicx64-r3-rain_paisage.jpg,2026-09-19T21:07:49Z,rain_paisage.jpg,12288,16320,Adaptive_Median,3,20,dynamic,64,omp,yes,unset,unset,hype2,12.2.0,-O3 -Wall -Wextra -std=c++17 -fopenmp -ffp-contract=off -DOMP_EXPLICIT_SIMD=1,3273.853639,d0fdcd4b2e74abf3,passed
adaptive-simd_omp-t20-dynamicx64-r3-firework.jpg,2026-09-19T21:07:55Z,firework.jpg,11125,16688,Adaptive_Median,3,20,dynamic,64,omp,yes,unset,unset,hype2,12.2.0,-O3 -Wall -Wextra -std=c++17 -fopenmp -ffp-contract=off -DOMP_EXPLICIT_SIMD=1,3205.585949,cae2b8384ddb6aac,passed
adaptive-simd_omp-t20-dynamicx64-r3-control_smooth_6000x6000.png,2026-09-19T21:07:56Z,control_smooth_6000x6000.png,6000,6000,Adaptive_Median,3,20,dynamic,64,omp,yes,unset,unset,hype2,12.2.0,-O3 -Wall -Wextra -std=c++17 -fopenmp -ffp-contract=off -DOMP_EXPLICIT_SIMD=1,876.483818,596e3c6929662ab9,passed
adaptive-simd_omp-t20-dynamicx64-r3-control_noise_6000x6000.png,2026-09-19T21:07:58Z,control_noise_6000x6000.png,6000,6000,Adaptive_Median,3,20,dynamic,64,omp,yes,unset,unset,hype2,12.2.0,-O3 -Wall -Wextra -std=c++17 -fopenmp -ffp-contract=off -DOMP_EXPLICIT_SIMD=1,613.737118,fcb58a627e9d9740,passed
adaptive-simd_omp-t20-dynamicx64-r3-control_half_noise_6000x6000.png,2026-09-19T21:07:59Z,control_half_noise_6000x6000.png,6000,6000,Adaptive_Median,3,20,dynamic,64,omp,yes,unset,unset,hype2,12.2.0,-O3 -Wall -Wextra -std=c++17 -fopenmp -ffp-contract=off -DOMP_EXPLICIT_SIMD=1,641.305431,9d92a48896bfc25a,passed
adaptive-simd_omp-t20-dynamicx64-r3-control_bands_256_6000x6000.png,2026-09-19T21:08:00Z,control_bands_256_6000x6000.png,6000,6000,Adaptive_Median,3,20,dynamic,64,omp,yes,unset,unset,hype2,12.2.0,-O3 -Wall -Wextra -std=c++17 -fopenmp -ffp-contract=off -DOMP_EXPLICIT_SIMD=1,675.282629,8f9bc97f03d5aae1,passed
adaptive-simd_omp-avx2-t20-dynamicx64-r3-sky.jpg,2026-09-19T21:08:03Z,sky.jpg,6936,9248,Adaptive_Median,3,20,dynamic,64,omp-avx2,yes,unset,unset,hype2,12.2.0,-O3 -Wall -Wextra -std=c++17 -fopenmp -ffp-contract=off -DOMP_EXPLICIT_SIMD=1 -march=haswell,1195.449485,1e7ae9152e9643d5,passed
adaptive-simd_omp-avx2-t20-dynamicx64-r3-stars.jpg,2026-09-19T21:08:07Z,stars.jpg,12960,8640,Adaptive_Median,3,20,dynamic,64,omp-avx2,yes,unset,unset,hype2,12.2.0,-O3 -Wall -Wextra -std=c++17 -fopenmp -ffp-contract=off -DOMP_EXPLICIT_SIMD=1 -march=haswell,1849.589130,626f977055f1c658,passed
adaptive-simd_omp-avx2-t20-dynamicx64-r3-rain_paisage.jpg,2026-09-19T21:08:13Z,rain_paisage.jpg,12288,16320,Adaptive_Median,3,20,dynamic,64,omp-avx2,yes,unset,unset,hype2,12.2.0,-O3 -Wall -Wextra -std=c++17 -fopenmp -ffp-contract=off -DOMP_EXPLICIT_SIMD=1 -march=haswell,3374.913055,d0fdcd4b2e74abf3,passed
adaptive-simd_omp-avx2-t20-dynamicx64-r3-firework.jpg,2026-09-19T21:08:19Z,firework.jpg,11125,16688,Adaptive_Median,3,20,dynamic,64,omp-avx2,yes,unset,unset,hype2,12.2.0,-O3 -Wall -Wextra -std=c++17 -fopenmp -ffp-contract=off -DOMP_EXPLICIT_SIMD=1 -march=haswell,3312.086280,cae2b8384ddb6aac,passed
adaptive-simd_omp-avx2-t20-dynamicx64-r3-control_smooth_6000x6000.png,2026-09-19T21:08:21Z,control_smooth_6000x6000.png,6000,6000,Adaptive_Median,3,20,dynamic,64,omp-avx2,yes,unset,unset,hype2,12.2.0,-O3 -Wall -Wextra -std=c++17 -fopenmp -ffp-contract=off -DOMP_EXPLICIT_SIMD=1 -march=haswell,893.413022,596e3c6929662ab9,passed
adaptive-simd_omp-avx2-t20-dynamicx64-r3-control_noise_6000x6000.png,2026-09-19T21:08:22Z,control_noise_6000x6000.png,6000,6000,Adaptive_Median,3,20,dynamic,64,omp-avx2,yes,unset,unset,hype2,12.2.0,-O3 -Wall -Wextra -std=c++17 -fopenmp -ffp-contract=off -DOMP_EXPLICIT_SIMD=1 -march=haswell,646.998035,fcb58a627e9d9740,passed
adaptive-simd_omp-avx2-t20-dynamicx64-r3-control_half_noise_6000x6000.png,2026-09-19T21:08:23Z,control_half_noise_6000x6000.png,6000,6000,Adaptive_Median,3,20,dynamic,64,omp-avx2,yes,unset,unset,hype2,12.2.0,-O3 -Wall -Wextra -std=c++17 -fopenmp -ffp-contract=off -DOMP_EXPLICIT_SIMD=1 -march=haswell,659.165187,9d92a48896bfc25a,passed
adaptive-simd_omp-avx2-t20-dynamicx64-r3-control_bands_256_6000x6000.png,2026-09-19T21:08:25Z,control_bands_256_6000x6000.png,6000,6000,Adaptive_Median,3,20,dynamic,64,omp-avx2,yes,unset,unset,hype2,12.2.0,-O3 -Wall -Wextra -std=c++17 -fopenmp -ffp-contract=off -DOMP_EXPLICIT_SIMD=1 -march=haswell,725.675091,8f9bc97f03d5aae1,passed
adaptive-simd_off-t20-dynamicx256-r3-sky.jpg,2026-09-19T21:08:27Z,sky.jpg,6936,9248,Adaptive_Median,3,20,dynamic,256,off,yes,unset,unset,hype2,12.2.0,-O3 -Wall -Wextra -std=c++17 -fopenmp -ffp-contract=off -DOMP_EXPLICIT_SIMD=0 -fno-tree-vectorize,1185.953202,1e7ae9152e9643d5,passed
adaptive-simd_off-t20-dynamicx256-r3-stars.jpg,2026-09-19T21:08:31Z,stars.jpg,12960,8640,Adaptive_Median,3,20,dynamic,256,off,yes,unset,unset,hype2,12.2.0,-O3 -Wall -Wextra -std=c++17 -fopenmp -ffp-contract=off -DOMP_EXPLICIT_SIMD=0 -fno-tree-vectorize,2002.123348,626f977055f1c658,passed
adaptive-simd_off-t20-dynamicx256-r3-rain_paisage.jpg,2026-09-19T21:08:38Z,rain_paisage.jpg,12288,16320,Adaptive_Median,3,20,dynamic,256,off,yes,unset,unset,hype2,12.2.0,-O3 -Wall -Wextra -std=c++17 -fopenmp -ffp-contract=off -DOMP_EXPLICIT_SIMD=0 -fno-tree-vectorize,3598.169592,d0fdcd4b2e74abf3,passed
adaptive-simd_off-t20-dynamicx256-r3-firework.jpg,2026-09-19T21:08:44Z,firework.jpg,11125,16688,Adaptive_Median,3,20,dynamic,256,off,yes,unset,unset,hype2,12.2.0,-O3 -Wall -Wextra -std=c++17 -fopenmp -ffp-contract=off -DOMP_EXPLICIT_SIMD=0 -fno-tree-vectorize,3611.852175,cae2b8384ddb6aac,passed
adaptive-simd_off-t20-dynamicx256-r3-control_smooth_6000x6000.png,2026-09-19T21:08:46Z,control_smooth_6000x6000.png,6000,6000,Adaptive_Median,3,20,dynamic,256,off,yes,unset,unset,hype2,12.2.0,-O3 -Wall -Wextra -std=c++17 -fopenmp -ffp-contract=off -DOMP_EXPLICIT_SIMD=0 -fno-tree-vectorize,1271.556307,596e3c6929662ab9,passed
adaptive-simd_off-t20-dynamicx256-r3-control_noise_6000x6000.png,2026-09-19T21:08:48Z,control_noise_6000x6000.png,6000,6000,Adaptive_Median,3,20,dynamic,256,off,yes,unset,unset,hype2,12.2.0,-O3 -Wall -Wextra -std=c++17 -fopenmp -ffp-contract=off -DOMP_EXPLICIT_SIMD=0 -fno-tree-vectorize,910.216695,fcb58a627e9d9740,passed
adaptive-simd_off-t20-dynamicx256-r3-control_half_noise_6000x6000.png,2026-09-19T21:08:49Z,control_half_noise_6000x6000.png,6000,6000,Adaptive_Median,3,20,dynamic,256,off,yes,unset,unset,hype2,12.2.0,-O3 -Wall -Wextra -std=c++17 -fopenmp -ffp-contract=off -DOMP_EXPLICIT_SIMD=0 -fno-tree-vectorize,824.249143,9d92a48896bfc25a,passed
adaptive-simd_off-t20-dynamicx256-r3-control_bands_256_6000x6000.png,2026-09-19T21:08:51Z,control_bands_256_6000x6000.png,6000,6000,Adaptive_Median,3,20,dynamic,256,off,yes,unset,unset,hype2,12.2.0,-O3 -Wall -Wextra -std=c++17 -fopenmp -ffp-contract=off -DOMP_EXPLICIT_SIMD=0 -fno-tree-vectorize,942.161033,8f9bc97f03d5aae1,passed
adaptive-simd_off-avx2-t20-dynamicx256-r3-sky.jpg,2026-09-19T21:08:53Z,sky.jpg,6936,9248,Adaptive_Median,3,20,dynamic,256,off-avx2,yes,unset,unset,hype2,12.2.0,-O3 -Wall -Wextra -std=c++17 -fopenmp -ffp-contract=off -DOMP_EXPLICIT_SIMD=0 -fno-tree-vectorize -march=haswell,1275.536705,1e7ae9152e9643d5,passed
adaptive-simd_off-avx2-t20-dynamicx256-r3-stars.jpg,2026-09-19T21:08:58Z,stars.jpg,12960,8640,Adaptive_Median,3,20,dynamic,256,off-avx2,yes,unset,unset,hype2,12.2.0,-O3 -Wall -Wextra -std=c++17 -fopenmp -ffp-contract=off -DOMP_EXPLICIT_SIMD=0 -fno-tree-vectorize -march=haswell,2108.452505,626f977055f1c658,passed
adaptive-simd_off-avx2-t20-dynamicx256-r3-rain_paisage.jpg,2026-09-19T21:09:05Z,rain_paisage.jpg,12288,16320,Adaptive_Median,3,20,dynamic,256,off-avx2,yes,unset,unset,hype2,12.2.0,-O3 -Wall -Wextra -std=c++17 -fopenmp -ffp-contract=off -DOMP_EXPLICIT_SIMD=0 -fno-tree-vectorize -march=haswell,3718.404109,d0fdcd4b2e74abf3,passed
adaptive-simd_off-avx2-t20-dynamicx256-r3-firework.jpg,2026-09-19T21:09:11Z,firework.jpg,11125,16688,Adaptive_Median,3,20,dynamic,256,off-avx2,yes,unset,unset,hype2,12.2.0,-O3 -Wall -Wextra -std=c++17 -fopenmp -ffp-contract=off -DOMP_EXPLICIT_SIMD=0 -fno-tree-vectorize -march=haswell,3769.826908,cae2b8384ddb6aac,passed
adaptive-simd_off-avx2-t20-dynamicx256-r3-control_smooth_6000x6000.png,2026-09-19T21:09:13Z,control_smooth_6000x6000.png,6000,6000,Adaptive_Median,3,20,dynamic,256,off-avx2,yes,unset,unset,hype2,12.2.0,-O3 -Wall -Wextra -std=c++17 -fopenmp -ffp-contract=off -DOMP_EXPLICIT_SIMD=0 -fno-tree-vectorize -march=haswell,1314.408365,596e3c6929662ab9,passed
adaptive-simd_off-avx2-t20-dynamicx256-r3-control_noise_6000x6000.png,2026-09-19T21:09:14Z,control_noise_6000x6000.png,6000,6000,Adaptive_Median,3,20,dynamic,256,off-avx2,yes,unset,unset,hype2,12.2.0,-O3 -Wall -Wextra -std=c++17 -fopenmp -ffp-contract=off -DOMP_EXPLICIT_SIMD=0 -fno-tree-vectorize -march=haswell,959.145072,fcb58a627e9d9740,passed
adaptive-simd_off-avx2-t20-dynamicx256-r3-control_half_noise_6000x6000.png,2026-09-19T21:09:16Z,control_half_noise_6000x6000.png,6000,6000,Adaptive_Median,3,20,dynamic,256,off-avx2,yes,unset,unset,hype2,12.2.0,-O3 -Wall -Wextra -std=c++17 -fopenmp -ffp-contract=off -DOMP_EXPLICIT_SIMD=0 -fno-tree-vectorize -march=haswell,859.509259,9d92a48896bfc25a,passed
adaptive-simd_off-avx2-t20-dynamicx256-r3-control_bands_256_6000x6000.png,2026-09-19T21:09:18Z,control_bands_256_6000x6000.png,6000,6000,Adaptive_Median,3,20,dynamic,256,off-avx2,yes,unset,unset,hype2,12.2.0,-O3 -Wall -Wextra -std=c++17 -fopenmp -ffp-contract=off -DOMP_EXPLICIT_SIMD=0 -fno-tree-vectorize -march=haswell,975.673991,8f9bc97f03d5aae1,passed
adaptive-simd_omp-t20-dynamicx256-r3-sky.jpg,2026-09-19T21:09:20Z,sky.jpg,6936,9248,Adaptive_Median,3,20,dynamic,256,omp,yes,unset,unset,hype2,12.2.0,-O3 -Wall -Wextra -std=c++17 -fopenmp -ffp-contract=off -DOMP_EXPLICIT_SIMD=1,1294.075440,1e7ae9152e9643d5,passed
adaptive-simd_omp-t20-dynamicx256-r3-stars.jpg,2026-09-19T21:09:24Z,stars.jpg,12960,8640,Adaptive_Median,3,20,dynamic,256,omp,yes,unset,unset,hype2,12.2.0,-O3 -Wall -Wextra -std=c++17 -fopenmp -ffp-contract=off -DOMP_EXPLICIT_SIMD=1,2057.595925,626f977055f1c658,passed
adaptive-simd_omp-t20-dynamicx256-r3-rain_paisage.jpg,2026-09-19T21:09:31Z,rain_paisage.jpg,12288,16320,Adaptive_Median,3,20,dynamic,256,omp,yes,unset,unset,hype2,12.2.0,-O3 -Wall -Wextra -std=c++17 -fopenmp -ffp-contract=off -DOMP_EXPLICIT_SIMD=1,3645.889906,d0fdcd4b2e74abf3,passed
adaptive-simd_omp-t20-dynamicx256-r3-firework.jpg,2026-09-19T21:09:38Z,firework.jpg,11125,16688,Adaptive_Median,3,20,dynamic,256,omp,yes,unset,unset,hype2,12.2.0,-O3 -Wall -Wextra -std=c++17 -fopenmp -ffp-contract=off -DOMP_EXPLICIT_SIMD=1,3718.850567,cae2b8384ddb6aac,passed
adaptive-simd_omp-t20-dynamicx256-r3-control_smooth_6000x6000.png,2026-09-19T21:09:40Z,control_smooth_6000x6000.png,6000,6000,Adaptive_Median,3,20,dynamic,256,omp,yes,unset,unset,hype2,12.2.0,-O3 -Wall -Wextra -std=c++17 -fopenmp -ffp-contract=off -DOMP_EXPLICIT_SIMD=1,1295.248422,596e3c6929662ab9,passed
adaptive-simd_omp-t20-dynamicx256-r3-control_noise_6000x6000.png,2026-09-19T21:09:41Z,control_noise_6000x6000.png,6000,6000,Adaptive_Median,3,20,dynamic,256,omp,yes,unset,unset,hype2,12.2.0,-O3 -Wall -Wextra -std=c++17 -fopenmp -ffp-contract=off -DOMP_EXPLICIT_SIMD=1,940.600947,fcb58a627e9d9740,passed
adaptive-simd_omp-t20-dynamicx256-r3-control_half_noise_6000x6000.png,2026-09-19T21:09:43Z,control_half_noise_6000x6000.png,6000,6000,Adaptive_Median,3,20,dynamic,256,omp,yes,unset,unset,hype2,12.2.0,-O3 -Wall -Wextra -std=c++17 -fopenmp -ffp-contract=off -DOMP_EXPLICIT_SIMD=1,849.080973,9d92a48896bfc25a,passed
adaptive-simd_omp-t20-dynamicx256-r3-control_bands_256_6000x6000.png,2026-09-19T21:09:44Z,control_bands_256_6000x6000.png,6000,6000,Adaptive_Median,3,20,dynamic,256,omp,yes,unset,unset,hype2,12.2.0,-O3 -Wall -Wextra -std=c++17 -fopenmp -ffp-contract=off -DOMP_EXPLICIT_SIMD=1,965.669419,8f9bc97f03d5aae1,passed
adaptive-simd_omp-avx2-t20-dynamicx256-r3-sky.jpg,2026-09-19T21:09:47Z,sky.jpg,6936,9248,Adaptive_Median,3,20,dynamic,256,omp-avx2,yes,unset,unset,hype2,12.2.0,-O3 -Wall -Wextra -std=c++17 -fopenmp -ffp-contract=off -DOMP_EXPLICIT_SIMD=1 -march=haswell,1256.074938,1e7ae9152e9643d5,passed
adaptive-simd_omp-avx2-t20-dynamicx256-r3-stars.jpg,2026-09-19T21:09:51Z,stars.jpg,12960,8640,Adaptive_Median,3,20,dynamic,256,omp-avx2,yes,unset,unset,hype2,12.2.0,-O3 -Wall -Wextra -std=c++17 -fopenmp -ffp-contract=off -DOMP_EXPLICIT_SIMD=1 -march=haswell,2145.016618,626f977055f1c658,passed
adaptive-simd_omp-avx2-t20-dynamicx256-r3-rain_paisage.jpg,2026-09-19T21:09:58Z,rain_paisage.jpg,12288,16320,Adaptive_Median,3,20,dynamic,256,omp-avx2,yes,unset,unset,hype2,12.2.0,-O3 -Wall -Wextra -std=c++17 -fopenmp -ffp-contract=off -DOMP_EXPLICIT_SIMD=1 -march=haswell,3774.911584,d0fdcd4b2e74abf3,passed
adaptive-simd_omp-avx2-t20-dynamicx256-r3-firework.jpg,2026-09-19T21:10:05Z,firework.jpg,11125,16688,Adaptive_Median,3,20,dynamic,256,omp-avx2,yes,unset,unset,hype2,12.2.0,-O3 -Wall -Wextra -std=c++17 -fopenmp -ffp-contract=off -DOMP_EXPLICIT_SIMD=1 -march=haswell,3828.194697,cae2b8384ddb6aac,passed
adaptive-simd_omp-avx2-t20-dynamicx256-r3-control_smooth_6000x6000.png,2026-09-19T21:10:06Z,control_smooth_6000x6000.png,6000,6000,Adaptive_Median,3,20,dynamic,256,omp-avx2,yes,unset,unset,hype2,12.2.0,-O3 -Wall -Wextra -std=c++17 -fopenmp -ffp-contract=off -DOMP_EXPLICIT_SIMD=1 -march=haswell,1326.503464,596e3c6929662ab9,passed
adaptive-simd_omp-avx2-t20-dynamicx256-r3-control_noise_6000x6000.png,2026-09-19T21:10:08Z,control_noise_6000x6000.png,6000,6000,Adaptive_Median,3,20,dynamic,256,omp-avx2,yes,unset,unset,hype2,12.2.0,-O3 -Wall -Wextra -std=c++17 -fopenmp -ffp-contract=off -DOMP_EXPLICIT_SIMD=1 -march=haswell,985.868835,fcb58a627e9d9740,passed
adaptive-simd_omp-avx2-t20-dynamicx256-r3-control_half_noise_6000x6000.png,2026-09-19T21:10:10Z,control_half_noise_6000x6000.png,6000,6000,Adaptive_Median,3,20,dynamic,256,omp-avx2,yes,unset,unset,hype2,12.2.0,-O3 -Wall -Wextra -std=c++17 -fopenmp -ffp-contract=off -DOMP_EXPLICIT_SIMD=1 -march=haswell,879.633867,9d92a48896bfc25a,passed
adaptive-simd_omp-avx2-t20-dynamicx256-r3-control_bands_256_6000x6000.png,2026-09-19T21:10:11Z,control_bands_256_6000x6000.png,6000,6000,Adaptive_Median,3,20,dynamic,256,omp-avx2,yes,unset,unset,hype2,12.2.0,-O3 -Wall -Wextra -std=c++17 -fopenmp -ffp-contract=off -DOMP_EXPLICIT_SIMD=1 -march=haswell,996.389831,8f9bc97f03d5aae1,passed
adaptive-simd_off-t20-static-r3-sky.jpg,2026-09-19T21:10:13Z,sky.jpg,6936,9248,Adaptive_Median,3,20,static,,off,yes,unset,unset,hype2,12.2.0,-O3 -Wall -Wextra -std=c++17 -fopenmp -ffp-contract=off -DOMP_EXPLICIT_SIMD=0 -fno-tree-vectorize,1105.579308,1e7ae9152e9643d5,passed
adaptive-simd_off-t20-static-r3-stars.jpg,2026-09-19T21:10:17Z,stars.jpg,12960,8640,Adaptive_Median,3,20,static,,off,yes,unset,unset,hype2,12.2.0,-O3 -Wall -Wextra -std=c++17 -fopenmp -ffp-contract=off -DOMP_EXPLICIT_SIMD=0 -fno-tree-vectorize,1769.360473,626f977055f1c658,passed
adaptive-simd_off-t20-static-r3-rain_paisage.jpg,2026-09-19T21:10:25Z,rain_paisage.jpg,12288,16320,Adaptive_Median,3,20,static,,off,yes,unset,unset,hype2,12.2.0,-O3 -Wall -Wextra -std=c++17 -fopenmp -ffp-contract=off -DOMP_EXPLICIT_SIMD=0 -fno-tree-vectorize,4305.432312,d0fdcd4b2e74abf3,passed
adaptive-simd_off-t20-static-r3-firework.jpg,2026-09-19T21:10:32Z,firework.jpg,11125,16688,Adaptive_Median,3,20,static,,off,yes,unset,unset,hype2,12.2.0,-O3 -Wall -Wextra -std=c++17 -fopenmp -ffp-contract=off -DOMP_EXPLICIT_SIMD=0 -fno-tree-vectorize,3952.281910,cae2b8384ddb6aac,passed
adaptive-simd_off-t20-static-r3-control_smooth_6000x6000.png,2026-09-19T21:10:33Z,control_smooth_6000x6000.png,6000,6000,Adaptive_Median,3,20,static,,off,yes,unset,unset,hype2,12.2.0,-O3 -Wall -Wextra -std=c++17 -fopenmp -ffp-contract=off -DOMP_EXPLICIT_SIMD=0 -fno-tree-vectorize,813.492444,596e3c6929662ab9,passed
adaptive-simd_off-t20-static-r3-control_noise_6000x6000.png,2026-09-19T21:10:34Z,control_noise_6000x6000.png,6000,6000,Adaptive_Median,3,20,static,,off,yes,unset,unset,hype2,12.2.0,-O3 -Wall -Wextra -std=c++17 -fopenmp -ffp-contract=off -DOMP_EXPLICIT_SIMD=0 -fno-tree-vectorize,599.938507,fcb58a627e9d9740,passed
adaptive-simd_off-t20-static-r3-control_half_noise_6000x6000.png,2026-09-19T21:10:36Z,control_half_noise_6000x6000.png,6000,6000,Adaptive_Median,3,20,static,,off,yes,unset,unset,hype2,12.2.0,-O3 -Wall -Wextra -std=c++17 -fopenmp -ffp-contract=off -DOMP_EXPLICIT_SIMD=0 -fno-tree-vectorize,801.122106,9d92a48896bfc25a,passed
adaptive-simd_off-t20-static-r3-control_bands_256_6000x6000.png,2026-09-19T21:10:38Z,control_bands_256_6000x6000.png,6000,6000,Adaptive_Median,3,20,static,,off,yes,unset,unset,hype2,12.2.0,-O3 -Wall -Wextra -std=c++17 -fopenmp -ffp-contract=off -DOMP_EXPLICIT_SIMD=0 -fno-tree-vectorize,945.525520,8f9bc97f03d5aae1,passed
adaptive-simd_off-avx2-t20-static-r3-sky.jpg,2026-09-19T21:10:40Z,sky.jpg,6936,9248,Adaptive_Median,3,20,static,,off-avx2,yes,unset,unset,hype2,12.2.0,-O3 -Wall -Wextra -std=c++17 -fopenmp -ffp-contract=off -DOMP_EXPLICIT_SIMD=0 -fno-tree-vectorize -march=haswell,1160.762517,1e7ae9152e9643d5,passed
adaptive-simd_off-avx2-t20-static-r3-stars.jpg,2026-09-19T21:10:44Z,stars.jpg,12960,8640,Adaptive_Median,3,20,static,,off-avx2,yes,unset,unset,hype2,12.2.0,-O3 -Wall -Wextra -std=c++17 -fopenmp -ffp-contract=off -DOMP_EXPLICIT_SIMD=0 -fno-tree-vectorize -march=haswell,1853.003023,626f977055f1c658,passed
adaptive-simd_off-avx2-t20-static-r3-rain_paisage.jpg,2026-09-19T21:10:51Z,rain_paisage.jpg,12288,16320,Adaptive_Median,3,20,static,,off-avx2,yes,unset,unset,hype2,12.2.0,-O3 -Wall -Wextra -std=c++17 -fopenmp -ffp-contract=off -DOMP_EXPLICIT_SIMD=0 -fno-tree-vectorize -march=haswell,4432.539642,d0fdcd4b2e74abf3,passed
adaptive-simd_off-avx2-t20-static-r3-firework.jpg,2026-09-19T21:10:58Z,firework.jpg,11125,16688,Adaptive_Median,3,20,static,,off-avx2,yes,unset,unset,hype2,12.2.0,-O3 -Wall -Wextra -std=c++17 -fopenmp -ffp-contract=off -DOMP_EXPLICIT_SIMD=0 -fno-tree-vectorize -march=haswell,4097.867448,cae2b8384ddb6aac,passed
adaptive-simd_off-avx2-t20-static-r3-control_smooth_6000x6000.png,2026-09-19T21:11:00Z,control_smooth_6000x6000.png,6000,6000,Adaptive_Median,3,20,static,,off-avx2,yes,unset,unset,hype2,12.2.0,-O3 -Wall -Wextra -std=c++17 -fopenmp -ffp-contract=off -DOMP_EXPLICIT_SIMD=0 -fno-tree-vectorize -march=haswell,851.625552,596e3c6929662ab9,passed
adaptive-simd_off-avx2-t20-static-r3-control_noise_6000x6000.png,2026-09-19T21:11:01Z,control_noise_6000x6000.png,6000,6000,Adaptive_Median,3,20,static,,off-avx2,yes,unset,unset,hype2,12.2.0,-O3 -Wall -Wextra -std=c++17 -fopenmp -ffp-contract=off -DOMP_EXPLICIT_SIMD=0 -fno-tree-vectorize -march=haswell,593.511392,fcb58a627e9d9740,passed
adaptive-simd_off-avx2-t20-static-r3-control_half_noise_6000x6000.png,2026-09-19T21:11:02Z,control_half_noise_6000x6000.png,6000,6000,Adaptive_Median,3,20,static,,off-avx2,yes,unset,unset,hype2,12.2.0,-O3 -Wall -Wextra -std=c++17 -fopenmp -ffp-contract=off -DOMP_EXPLICIT_SIMD=0 -fno-tree-vectorize -march=haswell,823.991808,9d92a48896bfc25a,passed
adaptive-simd_off-avx2-t20-static-r3-control_bands_256_6000x6000.png,2026-09-19T21:11:04Z,control_bands_256_6000x6000.png,6000,6000,Adaptive_Median,3,20,static,,off-avx2,yes,unset,unset,hype2,12.2.0,-O3 -Wall -Wextra -std=c++17 -fopenmp -ffp-contract=off -DOMP_EXPLICIT_SIMD=0 -fno-tree-vectorize -march=haswell,748.943576,8f9bc97f03d5aae1,passed
adaptive-simd_omp-avx2-t20-static-r4-sky.jpg,2026-09-19T21:11:06Z,sky.jpg,6936,9248,Adaptive_Median,4,20,static,,omp-avx2,yes,unset,unset,hype2,12.2.0,-O3 -Wall -Wextra -std=c++17 -fopenmp -ffp-contract=off -DOMP_EXPLICIT_SIMD=1 -march=haswell,1168.244753,1e7ae9152e9643d5,passed
adaptive-simd_omp-avx2-t20-static-r4-stars.jpg,2026-09-19T21:11:10Z,stars.jpg,12960,8640,Adaptive_Median,4,20,static,,omp-avx2,yes,unset,unset,hype2,12.2.0,-O3 -Wall -Wextra -std=c++17 -fopenmp -ffp-contract=off -DOMP_EXPLICIT_SIMD=1 -march=haswell,1889.990864,626f977055f1c658,passed
adaptive-simd_omp-avx2-t20-static-r4-rain_paisage.jpg,2026-09-19T21:11:18Z,rain_paisage.jpg,12288,16320,Adaptive_Median,4,20,static,,omp-avx2,yes,unset,unset,hype2,12.2.0,-O3 -Wall -Wextra -std=c++17 -fopenmp -ffp-contract=off -DOMP_EXPLICIT_SIMD=1 -march=haswell,4494.156975,d0fdcd4b2e74abf3,passed
adaptive-simd_omp-avx2-t20-static-r4-firework.jpg,2026-09-19T21:11:25Z,firework.jpg,11125,16688,Adaptive_Median,4,20,static,,omp-avx2,yes,unset,unset,hype2,12.2.0,-O3 -Wall -Wextra -std=c++17 -fopenmp -ffp-contract=off -DOMP_EXPLICIT_SIMD=1 -march=haswell,4148.210128,cae2b8384ddb6aac,passed
adaptive-simd_omp-avx2-t20-static-r4-control_smooth_6000x6000.png,2026-09-19T21:11:26Z,control_smooth_6000x6000.png,6000,6000,Adaptive_Median,4,20,static,,omp-avx2,yes,unset,unset,hype2,12.2.0,-O3 -Wall -Wextra -std=c++17 -fopenmp -ffp-contract=off -DOMP_EXPLICIT_SIMD=1 -march=haswell,843.248089,596e3c6929662ab9,passed
adaptive-simd_omp-avx2-t20-static-r4-control_noise_6000x6000.png,2026-09-19T21:11:27Z,control_noise_6000x6000.png,6000,6000,Adaptive_Median,4,20,static,,omp-avx2,yes,unset,unset,hype2,12.2.0,-O3 -Wall -Wextra -std=c++17 -fopenmp -ffp-contract=off -DOMP_EXPLICIT_SIMD=1 -march=haswell,610.032757,fcb58a627e9d9740,passed
adaptive-simd_omp-avx2-t20-static-r4-control_half_noise_6000x6000.png,2026-09-19T21:11:29Z,control_half_noise_6000x6000.png,6000,6000,Adaptive_Median,4,20,static,,omp-avx2,yes,unset,unset,hype2,12.2.0,-O3 -Wall -Wextra -std=c++17 -fopenmp -ffp-contract=off -DOMP_EXPLICIT_SIMD=1 -march=haswell,839.024927,9d92a48896bfc25a,passed
adaptive-simd_omp-avx2-t20-static-r4-control_bands_256_6000x6000.png,2026-09-19T21:11:31Z,control_bands_256_6000x6000.png,6000,6000,Adaptive_Median,4,20,static,,omp-avx2,yes,unset,unset,hype2,12.2.0,-O3 -Wall -Wextra -std=c++17 -fopenmp -ffp-contract=off -DOMP_EXPLICIT_SIMD=1 -march=haswell,941.357377,8f9bc97f03d5aae1,passed
adaptive-simd_off-t20-dynamicx1-r4-sky.jpg,2026-09-19T21:11:33Z,sky.jpg,6936,9248,Adaptive_Median,4,20,dynamic,1,off,yes,unset,unset,hype2,12.2.0,-O3 -Wall -Wextra -std=c++17 -fopenmp -ffp-contract=off -DOMP_EXPLICIT_SIMD=0 -fno-tree-vectorize,1043.786734,1e7ae9152e9643d5,passed
adaptive-simd_off-t20-dynamicx1-r4-stars.jpg,2026-09-19T21:11:36Z,stars.jpg,12960,8640,Adaptive_Median,4,20,dynamic,1,off,yes,unset,unset,hype2,12.2.0,-O3 -Wall -Wextra -std=c++17 -fopenmp -ffp-contract=off -DOMP_EXPLICIT_SIMD=0 -fno-tree-vectorize,1643.772979,626f977055f1c658,passed
adaptive-simd_off-t20-dynamicx1-r4-rain_paisage.jpg,2026-09-19T21:11:43Z,rain_paisage.jpg,12288,16320,Adaptive_Median,4,20,dynamic,1,off,yes,unset,unset,hype2,12.2.0,-O3 -Wall -Wextra -std=c++17 -fopenmp -ffp-contract=off -DOMP_EXPLICIT_SIMD=0 -fno-tree-vectorize,3183.471894,d0fdcd4b2e74abf3,passed
adaptive-simd_off-t20-dynamicx1-r4-firework.jpg,2026-09-19T21:11:49Z,firework.jpg,11125,16688,Adaptive_Median,4,20,dynamic,1,off,yes,unset,unset,hype2,12.2.0,-O3 -Wall -Wextra -std=c++17 -fopenmp -ffp-contract=off -DOMP_EXPLICIT_SIMD=0 -fno-tree-vectorize,3058.911778,cae2b8384ddb6aac,passed
adaptive-simd_off-t20-dynamicx1-r4-control_smooth_6000x6000.png,2026-09-19T21:11:50Z,control_smooth_6000x6000.png,6000,6000,Adaptive_Median,4,20,dynamic,1,off,yes,unset,unset,hype2,12.2.0,-O3 -Wall -Wextra -std=c++17 -fopenmp -ffp-contract=off -DOMP_EXPLICIT_SIMD=0 -fno-tree-vectorize,815.035972,596e3c6929662ab9,passed
adaptive-simd_off-t20-dynamicx1-r4-control_noise_6000x6000.png,2026-09-19T21:11:51Z,control_noise_6000x6000.png,6000,6000,Adaptive_Median,4,20,dynamic,1,off,yes,unset,unset,hype2,12.2.0,-O3 -Wall -Wextra -std=c++17 -fopenmp -ffp-contract=off -DOMP_EXPLICIT_SIMD=0 -fno-tree-vectorize,568.024564,fcb58a627e9d9740,passed
adaptive-simd_off-t20-dynamicx1-r4-control_half_noise_6000x6000.png,2026-09-19T21:11:53Z,control_half_noise_6000x6000.png,6000,6000,Adaptive_Median,4,20,dynamic,1,off,yes,unset,unset,hype2,12.2.0,-O3 -Wall -Wextra -std=c++17 -fopenmp -ffp-contract=off -DOMP_EXPLICIT_SIMD=0 -fno-tree-vectorize,598.827495,9d92a48896bfc25a,passed
adaptive-simd_off-t20-dynamicx1-r4-control_bands_256_6000x6000.png,2026-09-19T21:11:54Z,control_bands_256_6000x6000.png,6000,6000,Adaptive_Median,4,20,dynamic,1,off,yes,unset,unset,hype2,12.2.0,-O3 -Wall -Wextra -std=c++17 -fopenmp -ffp-contract=off -DOMP_EXPLICIT_SIMD=0 -fno-tree-vectorize,603.956165,8f9bc97f03d5aae1,passed
adaptive-simd_off-avx2-t20-dynamicx1-r4-sky.jpg,2026-09-19T21:11:56Z,sky.jpg,6936,9248,Adaptive_Median,4,20,dynamic,1,off-avx2,yes,unset,unset,hype2,12.2.0,-O3 -Wall -Wextra -std=c++17 -fopenmp -ffp-contract=off -DOMP_EXPLICIT_SIMD=0 -fno-tree-vectorize -march=haswell,1083.335463,1e7ae9152e9643d5,passed
adaptive-simd_off-avx2-t20-dynamicx1-r4-stars.jpg,2026-09-19T21:12:00Z,stars.jpg,12960,8640,Adaptive_Median,4,20,dynamic,1,off-avx2,yes,unset,unset,hype2,12.2.0,-O3 -Wall -Wextra -std=c++17 -fopenmp -ffp-contract=off -DOMP_EXPLICIT_SIMD=0 -fno-tree-vectorize -march=haswell,1722.847974,626f977055f1c658,passed
adaptive-simd_off-avx2-t20-dynamicx1-r4-rain_paisage.jpg,2026-09-19T21:12:06Z,rain_paisage.jpg,12288,16320,Adaptive_Median,4,20,dynamic,1,off-avx2,yes,unset,unset,hype2,12.2.0,-O3 -Wall -Wextra -std=c++17 -fopenmp -ffp-contract=off -DOMP_EXPLICIT_SIMD=0 -fno-tree-vectorize -march=haswell,3297.244598,d0fdcd4b2e74abf3,passed
adaptive-simd_off-avx2-t20-dynamicx1-r4-firework.jpg,2026-09-19T21:12:13Z,firework.jpg,11125,16688,Adaptive_Median,4,20,dynamic,1,off-avx2,yes,unset,unset,hype2,12.2.0,-O3 -Wall -Wextra -std=c++17 -fopenmp -ffp-contract=off -DOMP_EXPLICIT_SIMD=0 -fno-tree-vectorize -march=haswell,3187.559285,cae2b8384ddb6aac,passed
adaptive-simd_off-avx2-t20-dynamicx1-r4-control_smooth_6000x6000.png,2026-09-19T21:12:14Z,control_smooth_6000x6000.png,6000,6000,Adaptive_Median,4,20,dynamic,1,off-avx2,yes,unset,unset,hype2,12.2.0,-O3 -Wall -Wextra -std=c++17 -fopenmp -ffp-contract=off -DOMP_EXPLICIT_SIMD=0 -fno-tree-vectorize -march=haswell,833.902985,596e3c6929662ab9,passed
adaptive-simd_off-avx2-t20-dynamicx1-r4-control_noise_6000x6000.png,2026-09-19T21:12:15Z,control_noise_6000x6000.png,6000,6000,Adaptive_Median,4,20,dynamic,1,off-avx2,yes,unset,unset,hype2,12.2.0,-O3 -Wall -Wextra -std=c++17 -fopenmp -ffp-contract=off -DOMP_EXPLICIT_SIMD=0 -fno-tree-vectorize -march=haswell,595.534538,fcb58a627e9d9740,passed
adaptive-simd_off-avx2-t20-dynamicx1-r4-control_half_noise_6000x6000.png,2026-09-19T21:12:16Z,control_half_noise_6000x6000.png,6000,6000,Adaptive_Median,4,20,dynamic,1,off-avx2,yes,unset,unset,hype2,12.2.0,-O3 -Wall -Wextra -std=c++17 -fopenmp -ffp-contract=off -DOMP_EXPLICIT_SIMD=0 -fno-tree-vectorize -march=haswell,619.488165,9d92a48896bfc25a,passed
adaptive-simd_off-avx2-t20-dynamicx1-r4-control_bands_256_6000x6000.png,2026-09-19T21:12:18Z,control_bands_256_6000x6000.png,6000,6000,Adaptive_Median,4,20,dynamic,1,off-avx2,yes,unset,unset,hype2,12.2.0,-O3 -Wall -Wextra -std=c++17 -fopenmp -ffp-contract=off -DOMP_EXPLICIT_SIMD=0 -fno-tree-vectorize -march=haswell,625.095993,8f9bc97f03d5aae1,passed
adaptive-simd_omp-t20-dynamicx1-r4-sky.jpg,2026-09-19T21:12:20Z,sky.jpg,6936,9248,Adaptive_Median,4,20,dynamic,1,omp,yes,unset,unset,hype2,12.2.0,-O3 -Wall -Wextra -std=c++17 -fopenmp -ffp-contract=off -DOMP_EXPLICIT_SIMD=1,1070.911698,1e7ae9152e9643d5,passed
adaptive-simd_omp-t20-dynamicx1-r4-stars.jpg,2026-09-19T21:12:24Z,stars.jpg,12960,8640,Adaptive_Median,4,20,dynamic,1,omp,yes,unset,unset,hype2,12.2.0,-O3 -Wall -Wextra -std=c++17 -fopenmp -ffp-contract=off -DOMP_EXPLICIT_SIMD=1,1689.899559,626f977055f1c658,passed
adaptive-simd_omp-t20-dynamicx1-r4-rain_paisage.jpg,2026-09-19T21:12:30Z,rain_paisage.jpg,12288,16320,Adaptive_Median,4,20,dynamic,1,omp,yes,unset,unset,hype2,12.2.0,-O3 -Wall -Wextra -std=c++17 -fopenmp -ffp-contract=off -DOMP_EXPLICIT_SIMD=1,3235.999190,d0fdcd4b2e74abf3,passed
adaptive-simd_omp-t20-dynamicx1-r4-firework.jpg,2026-09-19T21:12:36Z,firework.jpg,11125,16688,Adaptive_Median,4,20,dynamic,1,omp,yes,unset,unset,hype2,12.2.0,-O3 -Wall -Wextra -std=c++17 -fopenmp -ffp-contract=off -DOMP_EXPLICIT_SIMD=1,3155.050881,cae2b8384ddb6aac,passed
adaptive-simd_omp-t20-dynamicx1-r4-control_smooth_6000x6000.png,2026-09-19T21:12:37Z,control_smooth_6000x6000.png,6000,6000,Adaptive_Median,4,20,dynamic,1,omp,yes,unset,unset,hype2,12.2.0,-O3 -Wall -Wextra -std=c++17 -fopenmp -ffp-contract=off -DOMP_EXPLICIT_SIMD=1,831.534964,596e3c6929662ab9,passed
adaptive-simd_omp-t20-dynamicx1-r4-control_noise_6000x6000.png,2026-09-19T21:12:39Z,control_noise_6000x6000.png,6000,6000,Adaptive_Median,4,20,dynamic,1,omp,yes,unset,unset,hype2,12.2.0,-O3 -Wall -Wextra -std=c++17 -fopenmp -ffp-contract=off -DOMP_EXPLICIT_SIMD=1,612.579423,fcb58a627e9d9740,passed
adaptive-simd_omp-t20-dynamicx1-r4-control_half_noise_6000x6000.png,2026-09-19T21:12:40Z,control_half_noise_6000x6000.png,6000,6000,Adaptive_Median,4,20,dynamic,1,omp,yes,unset,unset,hype2,12.2.0,-O3 -Wall -Wextra -std=c++17 -fopenmp -ffp-contract=off -DOMP_EXPLICIT_SIMD=1,615.218676,9d92a48896bfc25a,passed
adaptive-simd_omp-t20-dynamicx1-r4-control_bands_256_6000x6000.png,2026-09-19T21:12:41Z,control_bands_256_6000x6000.png,6000,6000,Adaptive_Median,4,20,dynamic,1,omp,yes,unset,unset,hype2,12.2.0,-O3 -Wall -Wextra -std=c++17 -fopenmp -ffp-contract=off -DOMP_EXPLICIT_SIMD=1,619.710760,8f9bc97f03d5aae1,passed
adaptive-simd_omp-avx2-t20-dynamicx1-r4-sky.jpg,2026-09-19T21:12:43Z,sky.jpg,6936,9248,Adaptive_Median,4,20,dynamic,1,omp-avx2,yes,unset,unset,hype2,12.2.0,-O3 -Wall -Wextra -std=c++17 -fopenmp -ffp-contract=off -DOMP_EXPLICIT_SIMD=1 -march=haswell,1101.904074,1e7ae9152e9643d5,passed
adaptive-simd_omp-avx2-t20-dynamicx1-r4-stars.jpg,2026-09-19T21:12:47Z,stars.jpg,12960,8640,Adaptive_Median,4,20,dynamic,1,omp-avx2,yes,unset,unset,hype2,12.2.0,-O3 -Wall -Wextra -std=c++17 -fopenmp -ffp-contract=off -DOMP_EXPLICIT_SIMD=1 -march=haswell,1753.059416,626f977055f1c658,passed
adaptive-simd_omp-avx2-t20-dynamicx1-r4-rain_paisage.jpg,2026-09-19T21:12:54Z,rain_paisage.jpg,12288,16320,Adaptive_Median,4,20,dynamic,1,omp-avx2,yes,unset,unset,hype2,12.2.0,-O3 -Wall -Wextra -std=c++17 -fopenmp -ffp-contract=off -DOMP_EXPLICIT_SIMD=1 -march=haswell,3327.407451,d0fdcd4b2e74abf3,passed
adaptive-simd_omp-avx2-t20-dynamicx1-r4-firework.jpg,2026-09-19T21:13:00Z,firework.jpg,11125,16688,Adaptive_Median,4,20,dynamic,1,omp-avx2,yes,unset,unset,hype2,12.2.0,-O3 -Wall -Wextra -std=c++17 -fopenmp -ffp-contract=off -DOMP_EXPLICIT_SIMD=1 -march=haswell,3233.734169,cae2b8384ddb6aac,passed
adaptive-simd_omp-avx2-t20-dynamicx1-r4-control_smooth_6000x6000.png,2026-09-19T21:13:01Z,control_smooth_6000x6000.png,6000,6000,Adaptive_Median,4,20,dynamic,1,omp-avx2,yes,unset,unset,hype2,12.2.0,-O3 -Wall -Wextra -std=c++17 -fopenmp -ffp-contract=off -DOMP_EXPLICIT_SIMD=1 -march=haswell,845.982809,596e3c6929662ab9,passed
adaptive-simd_omp-avx2-t20-dynamicx1-r4-control_noise_6000x6000.png,2026-09-19T21:13:02Z,control_noise_6000x6000.png,6000,6000,Adaptive_Median,4,20,dynamic,1,omp-avx2,yes,unset,unset,hype2,12.2.0,-O3 -Wall -Wextra -std=c++17 -fopenmp -ffp-contract=off -DOMP_EXPLICIT_SIMD=1 -march=haswell,612.667576,fcb58a627e9d9740,passed
adaptive-simd_omp-avx2-t20-dynamicx1-r4-control_half_noise_6000x6000.png,2026-09-19T21:13:04Z,control_half_noise_6000x6000.png,6000,6000,Adaptive_Median,4,20,dynamic,1,omp-avx2,yes,unset,unset,hype2,12.2.0,-O3 -Wall -Wextra -std=c++17 -fopenmp -ffp-contract=off -DOMP_EXPLICIT_SIMD=1 -march=haswell,629.098230,9d92a48896bfc25a,passed
adaptive-simd_omp-avx2-t20-dynamicx1-r4-control_bands_256_6000x6000.png,2026-09-19T21:13:05Z,control_bands_256_6000x6000.png,6000,6000,Adaptive_Median,4,20,dynamic,1,omp-avx2,yes,unset,unset,hype2,12.2.0,-O3 -Wall -Wextra -std=c++17 -fopenmp -ffp-contract=off -DOMP_EXPLICIT_SIMD=1 -march=haswell,635.724576,8f9bc97f03d5aae1,passed
adaptive-simd_off-t20-dynamicx4-r4-sky.jpg,2026-09-19T21:13:07Z,sky.jpg,6936,9248,Adaptive_Median,4,20,dynamic,4,off,yes,unset,unset,hype2,12.2.0,-O3 -Wall -Wextra -std=c++17 -fopenmp -ffp-contract=off -DOMP_EXPLICIT_SIMD=0 -fno-tree-vectorize,1042.398132,1e7ae9152e9643d5,passed
adaptive-simd_off-t20-dynamicx4-r4-stars.jpg,2026-09-19T21:13:11Z,stars.jpg,12960,8640,Adaptive_Median,4,20,dynamic,4,off,yes,unset,unset,hype2,12.2.0,-O3 -Wall -Wextra -std=c++17 -fopenmp -ffp-contract=off -DOMP_EXPLICIT_SIMD=0 -fno-tree-vectorize,1649.685587,626f977055f1c658,passed
adaptive-simd_off-t20-dynamicx4-r4-rain_paisage.jpg,2026-09-19T21:13:17Z,rain_paisage.jpg,12288,16320,Adaptive_Median,4,20,dynamic,4,off,yes,unset,unset,hype2,12.2.0,-O3 -Wall -Wextra -std=c++17 -fopenmp -ffp-contract=off -DOMP_EXPLICIT_SIMD=0 -fno-tree-vectorize,3166.997927,d0fdcd4b2e74abf3,passed
adaptive-simd_off-t20-dynamicx4-r4-firework.jpg,2026-09-19T21:13:23Z,firework.jpg,11125,16688,Adaptive_Median,4,20,dynamic,4,off,yes,unset,unset,hype2,12.2.0,-O3 -Wall -Wextra -std=c++17 -fopenmp -ffp-contract=off -DOMP_EXPLICIT_SIMD=0 -fno-tree-vectorize,3056.775112,cae2b8384ddb6aac,passed
adaptive-simd_off-t20-dynamicx4-r4-control_smooth_6000x6000.png,2026-09-19T21:13:25Z,control_smooth_6000x6000.png,6000,6000,Adaptive_Median,4,20,dynamic,4,off,yes,unset,unset,hype2,12.2.0,-O3 -Wall -Wextra -std=c++17 -fopenmp -ffp-contract=off -DOMP_EXPLICIT_SIMD=0 -fno-tree-vectorize,822.416258,596e3c6929662ab9,passed
adaptive-simd_off-t20-dynamicx4-r4-control_noise_6000x6000.png,2026-09-19T21:13:26Z,control_noise_6000x6000.png,6000,6000,Adaptive_Median,4,20,dynamic,4,off,yes,unset,unset,hype2,12.2.0,-O3 -Wall -Wextra -std=c++17 -fopenmp -ffp-contract=off -DOMP_EXPLICIT_SIMD=0 -fno-tree-vectorize,567.588053,fcb58a627e9d9740,passed
adaptive-simd_off-t20-dynamicx4-r4-control_half_noise_6000x6000.png,2026-09-19T21:13:27Z,control_half_noise_6000x6000.png,6000,6000,Adaptive_Median,4,20,dynamic,4,off,yes,unset,unset,hype2,12.2.0,-O3 -Wall -Wextra -std=c++17 -fopenmp -ffp-contract=off -DOMP_EXPLICIT_SIMD=0 -fno-tree-vectorize,597.636784,9d92a48896bfc25a,passed
adaptive-simd_off-t20-dynamicx4-r4-control_bands_256_6000x6000.png,2026-09-19T21:13:29Z,control_bands_256_6000x6000.png,6000,6000,Adaptive_Median,4,20,dynamic,4,off,yes,unset,unset,hype2,12.2.0,-O3 -Wall -Wextra -std=c++17 -fopenmp -ffp-contract=off -DOMP_EXPLICIT_SIMD=0 -fno-tree-vectorize,603.544176,8f9bc97f03d5aae1,passed
adaptive-simd_off-avx2-t20-dynamicx4-r4-sky.jpg,2026-09-19T21:13:31Z,sky.jpg,6936,9248,Adaptive_Median,4,20,dynamic,4,off-avx2,yes,unset,unset,hype2,12.2.0,-O3 -Wall -Wextra -std=c++17 -fopenmp -ffp-contract=off -DOMP_EXPLICIT_SIMD=0 -fno-tree-vectorize -march=haswell,1083.869226,1e7ae9152e9643d5,passed
adaptive-simd_off-avx2-t20-dynamicx4-r4-stars.jpg,2026-09-19T21:13:35Z,stars.jpg,12960,8640,Adaptive_Median,4,20,dynamic,4,off-avx2,yes,unset,unset,hype2,12.2.0,-O3 -Wall -Wextra -std=c++17 -fopenmp -ffp-contract=off -DOMP_EXPLICIT_SIMD=0 -fno-tree-vectorize -march=haswell,1722.749007,626f977055f1c658,passed
adaptive-simd_off-avx2-t20-dynamicx4-r4-rain_paisage.jpg,2026-09-19T21:13:41Z,rain_paisage.jpg,12288,16320,Adaptive_Median,4,20,dynamic,4,off-avx2,yes,unset,unset,hype2,12.2.0,-O3 -Wall -Wextra -std=c++17 -fopenmp -ffp-contract=off -DOMP_EXPLICIT_SIMD=0 -fno-tree-vectorize -march=haswell,3342.175837,d0fdcd4b2e74abf3,passed
adaptive-simd_off-avx2-t20-dynamicx4-r4-firework.jpg,2026-09-19T21:13:47Z,firework.jpg,11125,16688,Adaptive_Median,4,20,dynamic,4,off-avx2,yes,unset,unset,hype2,12.2.0,-O3 -Wall -Wextra -std=c++17 -fopenmp -ffp-contract=off -DOMP_EXPLICIT_SIMD=0 -fno-tree-vectorize -march=haswell,3195.045489,cae2b8384ddb6aac,passed
adaptive-simd_off-avx2-t20-dynamicx4-r4-control_smooth_6000x6000.png,2026-09-19T21:13:48Z,control_smooth_6000x6000.png,6000,6000,Adaptive_Median,4,20,dynamic,4,off-avx2,yes,unset,unset,hype2,12.2.0,-O3 -Wall -Wextra -std=c++17 -fopenmp -ffp-contract=off -DOMP_EXPLICIT_SIMD=0 -fno-tree-vectorize -march=haswell,835.774302,596e3c6929662ab9,passed
adaptive-simd_off-avx2-t20-dynamicx4-r4-control_noise_6000x6000.png,2026-09-19T21:13:50Z,control_noise_6000x6000.png,6000,6000,Adaptive_Median,4,20,dynamic,4,off-avx2,yes,unset,unset,hype2,12.2.0,-O3 -Wall -Wextra -std=c++17 -fopenmp -ffp-contract=off -DOMP_EXPLICIT_SIMD=0 -fno-tree-vectorize -march=haswell,625.158400,fcb58a627e9d9740,passed
adaptive-simd_off-avx2-t20-dynamicx4-r4-control_half_noise_6000x6000.png,2026-09-19T21:13:51Z,control_half_noise_6000x6000.png,6000,6000,Adaptive_Median,4,20,dynamic,4,off-avx2,yes,unset,unset,hype2,12.2.0,-O3 -Wall -Wextra -std=c++17 -fopenmp -ffp-contract=off -DOMP_EXPLICIT_SIMD=0 -fno-tree-vectorize -march=haswell,620.517057,9d92a48896bfc25a,passed
adaptive-simd_off-avx2-t20-dynamicx4-r4-control_bands_256_6000x6000.png,2026-09-19T21:13:52Z,control_bands_256_6000x6000.png,6000,6000,Adaptive_Median,4,20,dynamic,4,off-avx2,yes,unset,unset,hype2,12.2.0,-O3 -Wall -Wextra -std=c++17 -fopenmp -ffp-contract=off -DOMP_EXPLICIT_SIMD=0 -fno-tree-vectorize -march=haswell,625.088782,8f9bc97f03d5aae1,passed
adaptive-simd_omp-t20-dynamicx4-r4-sky.jpg,2026-09-19T21:13:54Z,sky.jpg,6936,9248,Adaptive_Median,4,20,dynamic,4,omp,yes,unset,unset,hype2,12.2.0,-O3 -Wall -Wextra -std=c++17 -fopenmp -ffp-contract=off -DOMP_EXPLICIT_SIMD=1,1071.746434,1e7ae9152e9643d5,passed
adaptive-simd_omp-t20-dynamicx4-r4-stars.jpg,2026-09-19T21:13:58Z,stars.jpg,12960,8640,Adaptive_Median,4,20,dynamic,4,omp,yes,unset,unset,hype2,12.2.0,-O3 -Wall -Wextra -std=c++17 -fopenmp -ffp-contract=off -DOMP_EXPLICIT_SIMD=1,1693.505814,626f977055f1c658,passed
adaptive-simd_omp-t20-dynamicx4-r4-rain_paisage.jpg,2026-09-19T21:14:05Z,rain_paisage.jpg,12288,16320,Adaptive_Median,4,20,dynamic,4,omp,yes,unset,unset,hype2,12.2.0,-O3 -Wall -Wextra -std=c++17 -fopenmp -ffp-contract=off -DOMP_EXPLICIT_SIMD=1,3234.326026,d0fdcd4b2e74abf3,passed
adaptive-simd_omp-t20-dynamicx4-r4-firework.jpg,2026-09-19T21:14:11Z,firework.jpg,11125,16688,Adaptive_Median,4,20,dynamic,4,omp,yes,unset,unset,hype2,12.2.0,-O3 -Wall -Wextra -std=c++17 -fopenmp -ffp-contract=off -DOMP_EXPLICIT_SIMD=1,3145.900818,cae2b8384ddb6aac,passed
adaptive-simd_omp-t20-dynamicx4-r4-control_smooth_6000x6000.png,2026-09-19T21:14:12Z,control_smooth_6000x6000.png,6000,6000,Adaptive_Median,4,20,dynamic,4,omp,yes,unset,unset,hype2,12.2.0,-O3 -Wall -Wextra -std=c++17 -fopenmp -ffp-contract=off -DOMP_EXPLICIT_SIMD=1,829.054696,596e3c6929662ab9,passed
adaptive-simd_omp-t20-dynamicx4-r4-control_noise_6000x6000.png,2026-09-19T21:14:13Z,control_noise_6000x6000.png,6000,6000,Adaptive_Median,4,20,dynamic,4,omp,yes,unset,unset,hype2,12.2.0,-O3 -Wall -Wextra -std=c++17 -fopenmp -ffp-contract=off -DOMP_EXPLICIT_SIMD=1,580.767929,fcb58a627e9d9740,passed
adaptive-simd_omp-t20-dynamicx4-r4-control_half_noise_6000x6000.png,2026-09-19T21:14:15Z,control_half_noise_6000x6000.png,6000,6000,Adaptive_Median,4,20,dynamic,4,omp,yes,unset,unset,hype2,12.2.0,-O3 -Wall -Wextra -std=c++17 -fopenmp -ffp-contract=off -DOMP_EXPLICIT_SIMD=1,645.650215,9d92a48896bfc25a,passed
adaptive-simd_omp-t20-dynamicx4-r4-control_bands_256_6000x6000.png,2026-09-19T21:14:16Z,control_bands_256_6000x6000.png,6000,6000,Adaptive_Median,4,20,dynamic,4,omp,yes,unset,unset,hype2,12.2.0,-O3 -Wall -Wextra -std=c++17 -fopenmp -ffp-contract=off -DOMP_EXPLICIT_SIMD=1,632.795484,8f9bc97f03d5aae1,passed
adaptive-simd_omp-avx2-t20-dynamicx4-r4-sky.jpg,2026-09-19T21:14:18Z,sky.jpg,6936,9248,Adaptive_Median,4,20,dynamic,4,omp-avx2,yes,unset,unset,hype2,12.2.0,-O3 -Wall -Wextra -std=c++17 -fopenmp -ffp-contract=off -DOMP_EXPLICIT_SIMD=1 -march=haswell,1103.462525,1e7ae9152e9643d5,passed
adaptive-simd_omp-avx2-t20-dynamicx4-r4-stars.jpg,2026-09-19T21:14:22Z,stars.jpg,12960,8640,Adaptive_Median,4,20,dynamic,4,omp-avx2,yes,unset,unset,hype2,12.2.0,-O3 -Wall -Wextra -std=c++17 -fopenmp -ffp-contract=off -DOMP_EXPLICIT_SIMD=1 -march=haswell,1761.640367,626f977055f1c658,passed
adaptive-simd_omp-avx2-t20-dynamicx4-r4-rain_paisage.jpg,2026-09-19T21:14:29Z,rain_paisage.jpg,12288,16320,Adaptive_Median,4,20,dynamic,4,omp-avx2,yes,unset,unset,hype2,12.2.0,-O3 -Wall -Wextra -std=c++17 -fopenmp -ffp-contract=off -DOMP_EXPLICIT_SIMD=1 -march=haswell,3330.597865,d0fdcd4b2e74abf3,passed
adaptive-simd_omp-avx2-t20-dynamicx4-r4-firework.jpg,2026-09-19T21:14:35Z,firework.jpg,11125,16688,Adaptive_Median,4,20,dynamic,4,omp-avx2,yes,unset,unset,hype2,12.2.0,-O3 -Wall -Wextra -std=c++17 -fopenmp -ffp-contract=off -DOMP_EXPLICIT_SIMD=1 -march=haswell,3230.668564,cae2b8384ddb6aac,passed
adaptive-simd_omp-avx2-t20-dynamicx4-r4-control_smooth_6000x6000.png,2026-09-19T21:14:36Z,control_smooth_6000x6000.png,6000,6000,Adaptive_Median,4,20,dynamic,4,omp-avx2,yes,unset,unset,hype2,12.2.0,-O3 -Wall -Wextra -std=c++17 -fopenmp -ffp-contract=off -DOMP_EXPLICIT_SIMD=1 -march=haswell,845.084848,596e3c6929662ab9,passed
adaptive-simd_omp-avx2-t20-dynamicx4-r4-control_noise_6000x6000.png,2026-09-19T21:14:37Z,control_noise_6000x6000.png,6000,6000,Adaptive_Median,4,20,dynamic,4,omp-avx2,yes,unset,unset,hype2,12.2.0,-O3 -Wall -Wextra -std=c++17 -fopenmp -ffp-contract=off -DOMP_EXPLICIT_SIMD=1 -march=haswell,611.790762,fcb58a627e9d9740,passed
adaptive-simd_omp-avx2-t20-dynamicx4-r4-control_half_noise_6000x6000.png,2026-09-19T21:14:39Z,control_half_noise_6000x6000.png,6000,6000,Adaptive_Median,4,20,dynamic,4,omp-avx2,yes,unset,unset,hype2,12.2.0,-O3 -Wall -Wextra -std=c++17 -fopenmp -ffp-contract=off -DOMP_EXPLICIT_SIMD=1 -march=haswell,629.935052,9d92a48896bfc25a,passed
adaptive-simd_omp-avx2-t20-dynamicx4-r4-control_bands_256_6000x6000.png,2026-09-19T21:14:40Z,control_bands_256_6000x6000.png,6000,6000,Adaptive_Median,4,20,dynamic,4,omp-avx2,yes,unset,unset,hype2,12.2.0,-O3 -Wall -Wextra -std=c++17 -fopenmp -ffp-contract=off -DOMP_EXPLICIT_SIMD=1 -march=haswell,640.075032,8f9bc97f03d5aae1,passed
adaptive-simd_off-t20-dynamicx16-r4-sky.jpg,2026-09-19T21:14:42Z,sky.jpg,6936,9248,Adaptive_Median,4,20,dynamic,16,off,yes,unset,unset,hype2,12.2.0,-O3 -Wall -Wextra -std=c++17 -fopenmp -ffp-contract=off -DOMP_EXPLICIT_SIMD=0 -fno-tree-vectorize,1042.329191,1e7ae9152e9643d5,passed
adaptive-simd_off-t20-dynamicx16-r4-stars.jpg,2026-09-19T21:14:46Z,stars.jpg,12960,8640,Adaptive_Median,4,20,dynamic,16,off,yes,unset,unset,hype2,12.2.0,-O3 -Wall -Wextra -std=c++17 -fopenmp -ffp-contract=off -DOMP_EXPLICIT_SIMD=0 -fno-tree-vectorize,1664.446164,626f977055f1c658,passed
adaptive-simd_off-t20-dynamicx16-r4-rain_paisage.jpg,2026-09-19T21:14:52Z,rain_paisage.jpg,12288,16320,Adaptive_Median,4,20,dynamic,16,off,yes,unset,unset,hype2,12.2.0,-O3 -Wall -Wextra -std=c++17 -fopenmp -ffp-contract=off -DOMP_EXPLICIT_SIMD=0 -fno-tree-vectorize,3182.262794,d0fdcd4b2e74abf3,passed
adaptive-simd_off-t20-dynamicx16-r4-firework.jpg,2026-09-19T21:14:58Z,firework.jpg,11125,16688,Adaptive_Median,4,20,dynamic,16,off,yes,unset,unset,hype2,12.2.0,-O3 -Wall -Wextra -std=c++17 -fopenmp -ffp-contract=off -DOMP_EXPLICIT_SIMD=0 -fno-tree-vectorize,3080.297943,cae2b8384ddb6aac,passed
adaptive-simd_off-t20-dynamicx16-r4-control_smooth_6000x6000.png,2026-09-19T21:14:59Z,control_smooth_6000x6000.png,6000,6000,Adaptive_Median,4,20,dynamic,16,off,yes,unset,unset,hype2,12.2.0,-O3 -Wall -Wextra -std=c++17 -fopenmp -ffp-contract=off -DOMP_EXPLICIT_SIMD=0 -fno-tree-vectorize,824.533232,596e3c6929662ab9,passed
adaptive-simd_off-t20-dynamicx16-r4-control_noise_6000x6000.png,2026-09-19T21:15:01Z,control_noise_6000x6000.png,6000,6000,Adaptive_Median,4,20,dynamic,16,off,yes,unset,unset,hype2,12.2.0,-O3 -Wall -Wextra -std=c++17 -fopenmp -ffp-contract=off -DOMP_EXPLICIT_SIMD=0 -fno-tree-vectorize,574.253859,fcb58a627e9d9740,passed
adaptive-simd_off-t20-dynamicx16-r4-control_half_noise_6000x6000.png,2026-09-19T21:15:02Z,control_half_noise_6000x6000.png,6000,6000,Adaptive_Median,4,20,dynamic,16,off,yes,unset,unset,hype2,12.2.0,-O3 -Wall -Wextra -std=c++17 -fopenmp -ffp-contract=off -DOMP_EXPLICIT_SIMD=0 -fno-tree-vectorize,603.524610,9d92a48896bfc25a,passed
adaptive-simd_off-t20-dynamicx16-r4-control_bands_256_6000x6000.png,2026-09-19T21:15:03Z,control_bands_256_6000x6000.png,6000,6000,Adaptive_Median,4,20,dynamic,16,off,yes,unset,unset,hype2,12.2.0,-O3 -Wall -Wextra -std=c++17 -fopenmp -ffp-contract=off -DOMP_EXPLICIT_SIMD=0 -fno-tree-vectorize,605.971946,8f9bc97f03d5aae1,passed
adaptive-simd_off-avx2-t20-dynamicx16-r4-sky.jpg,2026-09-19T21:15:05Z,sky.jpg,6936,9248,Adaptive_Median,4,20,dynamic,16,off-avx2,yes,unset,unset,hype2,12.2.0,-O3 -Wall -Wextra -std=c++17 -fopenmp -ffp-contract=off -DOMP_EXPLICIT_SIMD=0 -fno-tree-vectorize -march=haswell,1083.919225,1e7ae9152e9643d5,passed
adaptive-simd_off-avx2-t20-dynamicx16-r4-stars.jpg,2026-09-19T21:15:09Z,stars.jpg,12960,8640,Adaptive_Median,4,20,dynamic,16,off-avx2,yes,unset,unset,hype2,12.2.0,-O3 -Wall -Wextra -std=c++17 -fopenmp -ffp-contract=off -DOMP_EXPLICIT_SIMD=0 -fno-tree-vectorize -march=haswell,1719.920613,626f977055f1c658,passed
adaptive-simd_off-avx2-t20-dynamicx16-r4-rain_paisage.jpg,2026-09-19T21:15:16Z,rain_paisage.jpg,12288,16320,Adaptive_Median,4,20,dynamic,16,off-avx2,yes,unset,unset,hype2,12.2.0,-O3 -Wall -Wextra -std=c++17 -fopenmp -ffp-contract=off -DOMP_EXPLICIT_SIMD=0 -fno-tree-vectorize -march=haswell,3301.118020,d0fdcd4b2e74abf3,passed
adaptive-simd_off-avx2-t20-dynamicx16-r4-firework.jpg,2026-09-19T21:15:22Z,firework.jpg,11125,16688,Adaptive_Median,4,20,dynamic,16,off-avx2,yes,unset,unset,hype2,12.2.0,-O3 -Wall -Wextra -std=c++17 -fopenmp -ffp-contract=off -DOMP_EXPLICIT_SIMD=0 -fno-tree-vectorize -march=haswell,3204.112278,cae2b8384ddb6aac,passed
adaptive-simd_off-avx2-t20-dynamicx16-r4-control_smooth_6000x6000.png,2026-09-19T21:15:23Z,control_smooth_6000x6000.png,6000,6000,Adaptive_Median,4,20,dynamic,16,off-avx2,yes,unset,unset,hype2,12.2.0,-O3 -Wall -Wextra -std=c++17 -fopenmp -ffp-contract=off -DOMP_EXPLICIT_SIMD=0 -fno-tree-vectorize -march=haswell,843.008262,596e3c6929662ab9,passed
adaptive-simd_off-avx2-t20-dynamicx16-r4-control_noise_6000x6000.png,2026-09-19T21:15:24Z,control_noise_6000x6000.png,6000,6000,Adaptive_Median,4,20,dynamic,16,off-avx2,yes,unset,unset,hype2,12.2.0,-O3 -Wall -Wextra -std=c++17 -fopenmp -ffp-contract=off -DOMP_EXPLICIT_SIMD=0 -fno-tree-vectorize -march=haswell,605.036116,fcb58a627e9d9740,passed
adaptive-simd_off-avx2-t20-dynamicx16-r4-control_half_noise_6000x6000.png,2026-09-19T21:15:26Z,control_half_noise_6000x6000.png,6000,6000,Adaptive_Median,4,20,dynamic,16,off-avx2,yes,unset,unset,hype2,12.2.0,-O3 -Wall -Wextra -std=c++17 -fopenmp -ffp-contract=off -DOMP_EXPLICIT_SIMD=0 -fno-tree-vectorize -march=haswell,625.407030,9d92a48896bfc25a,passed
adaptive-simd_off-avx2-t20-dynamicx16-r4-control_bands_256_6000x6000.png,2026-09-19T21:15:27Z,control_bands_256_6000x6000.png,6000,6000,Adaptive_Median,4,20,dynamic,16,off-avx2,yes,unset,unset,hype2,12.2.0,-O3 -Wall -Wextra -std=c++17 -fopenmp -ffp-contract=off -DOMP_EXPLICIT_SIMD=0 -fno-tree-vectorize -march=haswell,626.981269,8f9bc97f03d5aae1,passed
adaptive-simd_omp-t20-dynamicx16-r4-sky.jpg,2026-09-19T21:15:29Z,sky.jpg,6936,9248,Adaptive_Median,4,20,dynamic,16,omp,yes,unset,unset,hype2,12.2.0,-O3 -Wall -Wextra -std=c++17 -fopenmp -ffp-contract=off -DOMP_EXPLICIT_SIMD=1,1087.207499,1e7ae9152e9643d5,passed
adaptive-simd_omp-t20-dynamicx16-r4-stars.jpg,2026-09-19T21:15:33Z,stars.jpg,12960,8640,Adaptive_Median,4,20,dynamic,16,omp,yes,unset,unset,hype2,12.2.0,-O3 -Wall -Wextra -std=c++17 -fopenmp -ffp-contract=off -DOMP_EXPLICIT_SIMD=1,1692.065677,626f977055f1c658,passed
adaptive-simd_omp-t20-dynamicx16-r4-rain_paisage.jpg,2026-09-19T21:15:40Z,rain_paisage.jpg,12288,16320,Adaptive_Median,4,20,dynamic,16,omp,yes,unset,unset,hype2,12.2.0,-O3 -Wall -Wextra -std=c++17 -fopenmp -ffp-contract=off -DOMP_EXPLICIT_SIMD=1,3246.252031,d0fdcd4b2e74abf3,passed
adaptive-simd_omp-t20-dynamicx16-r4-firework.jpg,2026-09-19T21:15:46Z,firework.jpg,11125,16688,Adaptive_Median,4,20,dynamic,16,omp,yes,unset,unset,hype2,12.2.0,-O3 -Wall -Wextra -std=c++17 -fopenmp -ffp-contract=off -DOMP_EXPLICIT_SIMD=1,3145.397109,cae2b8384ddb6aac,passed
adaptive-simd_omp-t20-dynamicx16-r4-control_smooth_6000x6000.png,2026-09-19T21:15:47Z,control_smooth_6000x6000.png,6000,6000,Adaptive_Median,4,20,dynamic,16,omp,yes,unset,unset,hype2,12.2.0,-O3 -Wall -Wextra -std=c++17 -fopenmp -ffp-contract=off -DOMP_EXPLICIT_SIMD=1,838.963288,596e3c6929662ab9,passed
adaptive-simd_omp-t20-dynamicx16-r4-control_noise_6000x6000.png,2026-09-19T21:15:48Z,control_noise_6000x6000.png,6000,6000,Adaptive_Median,4,20,dynamic,16,omp,yes,unset,unset,hype2,12.2.0,-O3 -Wall -Wextra -std=c++17 -fopenmp -ffp-contract=off -DOMP_EXPLICIT_SIMD=1,588.677937,fcb58a627e9d9740,passed
adaptive-simd_omp-t20-dynamicx16-r4-control_half_noise_6000x6000.png,2026-09-19T21:15:50Z,control_half_noise_6000x6000.png,6000,6000,Adaptive_Median,4,20,dynamic,16,omp,yes,unset,unset,hype2,12.2.0,-O3 -Wall -Wextra -std=c++17 -fopenmp -ffp-contract=off -DOMP_EXPLICIT_SIMD=1,624.969292,9d92a48896bfc25a,passed
adaptive-simd_omp-t20-dynamicx16-r4-control_bands_256_6000x6000.png,2026-09-19T21:15:51Z,control_bands_256_6000x6000.png,6000,6000,Adaptive_Median,4,20,dynamic,16,omp,yes,unset,unset,hype2,12.2.0,-O3 -Wall -Wextra -std=c++17 -fopenmp -ffp-contract=off -DOMP_EXPLICIT_SIMD=1,621.740190,8f9bc97f03d5aae1,passed
adaptive-simd_omp-avx2-t20-dynamicx16-r4-sky.jpg,2026-09-19T21:15:53Z,sky.jpg,6936,9248,Adaptive_Median,4,20,dynamic,16,omp-avx2,yes,unset,unset,hype2,12.2.0,-O3 -Wall -Wextra -std=c++17 -fopenmp -ffp-contract=off -DOMP_EXPLICIT_SIMD=1 -march=haswell,1102.963182,1e7ae9152e9643d5,passed
adaptive-simd_omp-avx2-t20-dynamicx16-r4-stars.jpg,2026-09-19T21:15:57Z,stars.jpg,12960,8640,Adaptive_Median,4,20,dynamic,16,omp-avx2,yes,unset,unset,hype2,12.2.0,-O3 -Wall -Wextra -std=c++17 -fopenmp -ffp-contract=off -DOMP_EXPLICIT_SIMD=1 -march=haswell,1755.184638,626f977055f1c658,passed
adaptive-simd_omp-avx2-t20-dynamicx16-r4-rain_paisage.jpg,2026-09-19T21:16:04Z,rain_paisage.jpg,12288,16320,Adaptive_Median,4,20,dynamic,16,omp-avx2,yes,unset,unset,hype2,12.2.0,-O3 -Wall -Wextra -std=c++17 -fopenmp -ffp-contract=off -DOMP_EXPLICIT_SIMD=1 -march=haswell,3328.249600,d0fdcd4b2e74abf3,passed
adaptive-simd_omp-avx2-t20-dynamicx16-r4-firework.jpg,2026-09-19T21:16:10Z,firework.jpg,11125,16688,Adaptive_Median,4,20,dynamic,16,omp-avx2,yes,unset,unset,hype2,12.2.0,-O3 -Wall -Wextra -std=c++17 -fopenmp -ffp-contract=off -DOMP_EXPLICIT_SIMD=1 -march=haswell,3255.644082,cae2b8384ddb6aac,passed
adaptive-simd_omp-avx2-t20-dynamicx16-r4-control_smooth_6000x6000.png,2026-09-19T21:16:11Z,control_smooth_6000x6000.png,6000,6000,Adaptive_Median,4,20,dynamic,16,omp-avx2,yes,unset,unset,hype2,12.2.0,-O3 -Wall -Wextra -std=c++17 -fopenmp -ffp-contract=off -DOMP_EXPLICIT_SIMD=1 -march=haswell,857.245349,596e3c6929662ab9,passed
adaptive-simd_omp-avx2-t20-dynamicx16-r4-control_noise_6000x6000.png,2026-09-19T21:16:12Z,control_noise_6000x6000.png,6000,6000,Adaptive_Median,4,20,dynamic,16,omp-avx2,yes,unset,unset,hype2,12.2.0,-O3 -Wall -Wextra -std=c++17 -fopenmp -ffp-contract=off -DOMP_EXPLICIT_SIMD=1 -march=haswell,621.857194,fcb58a627e9d9740,passed
adaptive-simd_omp-avx2-t20-dynamicx16-r4-control_half_noise_6000x6000.png,2026-09-19T21:16:14Z,control_half_noise_6000x6000.png,6000,6000,Adaptive_Median,4,20,dynamic,16,omp-avx2,yes,unset,unset,hype2,12.2.0,-O3 -Wall -Wextra -std=c++17 -fopenmp -ffp-contract=off -DOMP_EXPLICIT_SIMD=1 -march=haswell,637.114077,9d92a48896bfc25a,passed
adaptive-simd_omp-avx2-t20-dynamicx16-r4-control_bands_256_6000x6000.png,2026-09-19T21:16:15Z,control_bands_256_6000x6000.png,6000,6000,Adaptive_Median,4,20,dynamic,16,omp-avx2,yes,unset,unset,hype2,12.2.0,-O3 -Wall -Wextra -std=c++17 -fopenmp -ffp-contract=off -DOMP_EXPLICIT_SIMD=1 -march=haswell,638.481135,8f9bc97f03d5aae1,passed
adaptive-simd_off-t20-dynamicx64-r4-sky.jpg,2026-09-19T21:16:17Z,sky.jpg,6936,9248,Adaptive_Median,4,20,dynamic,64,off,yes,unset,unset,hype2,12.2.0,-O3 -Wall -Wextra -std=c++17 -fopenmp -ffp-contract=off -DOMP_EXPLICIT_SIMD=0 -fno-tree-vectorize,1131.271572,1e7ae9152e9643d5,passed
adaptive-simd_off-t20-dynamicx64-r4-stars.jpg,2026-09-19T21:16:21Z,stars.jpg,12960,8640,Adaptive_Median,4,20,dynamic,64,off,yes,unset,unset,hype2,12.2.0,-O3 -Wall -Wextra -std=c++17 -fopenmp -ffp-contract=off -DOMP_EXPLICIT_SIMD=0 -fno-tree-vectorize,1710.714331,626f977055f1c658,passed
adaptive-simd_off-t20-dynamicx64-r4-rain_paisage.jpg,2026-09-19T21:16:27Z,rain_paisage.jpg,12288,16320,Adaptive_Median,4,20,dynamic,64,off,yes,unset,unset,hype2,12.2.0,-O3 -Wall -Wextra -std=c++17 -fopenmp -ffp-contract=off -DOMP_EXPLICIT_SIMD=0 -fno-tree-vectorize,3213.674893,d0fdcd4b2e74abf3,passed
adaptive-simd_off-t20-dynamicx64-r4-firework.jpg,2026-09-19T21:16:33Z,firework.jpg,11125,16688,Adaptive_Median,4,20,dynamic,64,off,yes,unset,unset,hype2,12.2.0,-O3 -Wall -Wextra -std=c++17 -fopenmp -ffp-contract=off -DOMP_EXPLICIT_SIMD=0 -fno-tree-vectorize,3137.005653,cae2b8384ddb6aac,passed
adaptive-simd_off-t20-dynamicx64-r4-control_smooth_6000x6000.png,2026-09-19T21:16:35Z,control_smooth_6000x6000.png,6000,6000,Adaptive_Median,4,20,dynamic,64,off,yes,unset,unset,hype2,12.2.0,-O3 -Wall -Wextra -std=c++17 -fopenmp -ffp-contract=off -DOMP_EXPLICIT_SIMD=0 -fno-tree-vectorize,863.239779,596e3c6929662ab9,passed
adaptive-simd_off-t20-dynamicx64-r4-control_noise_6000x6000.png,2026-09-19T21:16:36Z,control_noise_6000x6000.png,6000,6000,Adaptive_Median,4,20,dynamic,64,off,yes,unset,unset,hype2,12.2.0,-O3 -Wall -Wextra -std=c++17 -fopenmp -ffp-contract=off -DOMP_EXPLICIT_SIMD=0 -fno-tree-vectorize,599.455310,fcb58a627e9d9740,passed
adaptive-simd_off-t20-dynamicx64-r4-control_half_noise_6000x6000.png,2026-09-19T21:16:37Z,control_half_noise_6000x6000.png,6000,6000,Adaptive_Median,4,20,dynamic,64,off,yes,unset,unset,hype2,12.2.0,-O3 -Wall -Wextra -std=c++17 -fopenmp -ffp-contract=off -DOMP_EXPLICIT_SIMD=0 -fno-tree-vectorize,625.951191,9d92a48896bfc25a,passed
adaptive-simd_off-t20-dynamicx64-r4-control_bands_256_6000x6000.png,2026-09-19T21:16:39Z,control_bands_256_6000x6000.png,6000,6000,Adaptive_Median,4,20,dynamic,64,off,yes,unset,unset,hype2,12.2.0,-O3 -Wall -Wextra -std=c++17 -fopenmp -ffp-contract=off -DOMP_EXPLICIT_SIMD=0 -fno-tree-vectorize,662.092202,8f9bc97f03d5aae1,passed
adaptive-simd_off-avx2-t20-dynamicx64-r4-sky.jpg,2026-09-19T21:16:41Z,sky.jpg,6936,9248,Adaptive_Median,4,20,dynamic,64,off-avx2,yes,unset,unset,hype2,12.2.0,-O3 -Wall -Wextra -std=c++17 -fopenmp -ffp-contract=off -DOMP_EXPLICIT_SIMD=0 -fno-tree-vectorize -march=haswell,1175.719612,1e7ae9152e9643d5,passed
adaptive-simd_off-avx2-t20-dynamicx64-r4-stars.jpg,2026-09-19T21:16:45Z,stars.jpg,12960,8640,Adaptive_Median,4,20,dynamic,64,off-avx2,yes,unset,unset,hype2,12.2.0,-O3 -Wall -Wextra -std=c++17 -fopenmp -ffp-contract=off -DOMP_EXPLICIT_SIMD=0 -fno-tree-vectorize -march=haswell,1790.040477,626f977055f1c658,passed
adaptive-simd_off-avx2-t20-dynamicx64-r4-rain_paisage.jpg,2026-09-19T21:16:52Z,rain_paisage.jpg,12288,16320,Adaptive_Median,4,20,dynamic,64,off-avx2,yes,unset,unset,hype2,12.2.0,-O3 -Wall -Wextra -std=c++17 -fopenmp -ffp-contract=off -DOMP_EXPLICIT_SIMD=0 -fno-tree-vectorize -march=haswell,3344.875832,d0fdcd4b2e74abf3,passed
adaptive-simd_off-avx2-t20-dynamicx64-r4-firework.jpg,2026-09-19T21:16:58Z,firework.jpg,11125,16688,Adaptive_Median,4,20,dynamic,64,off-avx2,yes,unset,unset,hype2,12.2.0,-O3 -Wall -Wextra -std=c++17 -fopenmp -ffp-contract=off -DOMP_EXPLICIT_SIMD=0 -fno-tree-vectorize -march=haswell,3265.276842,cae2b8384ddb6aac,passed
adaptive-simd_off-avx2-t20-dynamicx64-r4-control_smooth_6000x6000.png,2026-09-19T21:16:59Z,control_smooth_6000x6000.png,6000,6000,Adaptive_Median,4,20,dynamic,64,off-avx2,yes,unset,unset,hype2,12.2.0,-O3 -Wall -Wextra -std=c++17 -fopenmp -ffp-contract=off -DOMP_EXPLICIT_SIMD=0 -fno-tree-vectorize -march=haswell,882.818451,596e3c6929662ab9,passed
adaptive-simd_off-avx2-t20-dynamicx64-r4-control_noise_6000x6000.png,2026-09-19T21:17:00Z,control_noise_6000x6000.png,6000,6000,Adaptive_Median,4,20,dynamic,64,off-avx2,yes,unset,unset,hype2,12.2.0,-O3 -Wall -Wextra -std=c++17 -fopenmp -ffp-contract=off -DOMP_EXPLICIT_SIMD=0 -fno-tree-vectorize -march=haswell,630.351522,fcb58a627e9d9740,passed
adaptive-simd_off-avx2-t20-dynamicx64-r4-control_half_noise_6000x6000.png,2026-09-19T21:17:02Z,control_half_noise_6000x6000.png,6000,6000,Adaptive_Median,4,20,dynamic,64,off-avx2,yes,unset,unset,hype2,12.2.0,-O3 -Wall -Wextra -std=c++17 -fopenmp -ffp-contract=off -DOMP_EXPLICIT_SIMD=0 -fno-tree-vectorize -march=haswell,648.669551,9d92a48896bfc25a,passed
adaptive-simd_off-avx2-t20-dynamicx64-r4-control_bands_256_6000x6000.png,2026-09-19T21:17:03Z,control_bands_256_6000x6000.png,6000,6000,Adaptive_Median,4,20,dynamic,64,off-avx2,yes,unset,unset,hype2,12.2.0,-O3 -Wall -Wextra -std=c++17 -fopenmp -ffp-contract=off -DOMP_EXPLICIT_SIMD=0 -fno-tree-vectorize -march=haswell,685.778814,8f9bc97f03d5aae1,passed
adaptive-simd_omp-t20-dynamicx64-r4-sky.jpg,2026-09-19T21:17:05Z,sky.jpg,6936,9248,Adaptive_Median,4,20,dynamic,64,omp,yes,unset,unset,hype2,12.2.0,-O3 -Wall -Wextra -std=c++17 -fopenmp -ffp-contract=off -DOMP_EXPLICIT_SIMD=1,1166.493669,1e7ae9152e9643d5,passed
adaptive-simd_omp-t20-dynamicx64-r4-stars.jpg,2026-09-19T21:17:09Z,stars.jpg,12960,8640,Adaptive_Median,4,20,dynamic,64,omp,yes,unset,unset,hype2,12.2.0,-O3 -Wall -Wextra -std=c++17 -fopenmp -ffp-contract=off -DOMP_EXPLICIT_SIMD=1,1755.495930,626f977055f1c658,passed
adaptive-simd_omp-t20-dynamicx64-r4-rain_paisage.jpg,2026-09-19T21:17:16Z,rain_paisage.jpg,12288,16320,Adaptive_Median,4,20,dynamic,64,omp,yes,unset,unset,hype2,12.2.0,-O3 -Wall -Wextra -std=c++17 -fopenmp -ffp-contract=off -DOMP_EXPLICIT_SIMD=1,3336.886975,d0fdcd4b2e74abf3,passed
adaptive-simd_omp-t20-dynamicx64-r4-firework.jpg,2026-09-19T21:17:22Z,firework.jpg,11125,16688,Adaptive_Median,4,20,dynamic,64,omp,yes,unset,unset,hype2,12.2.0,-O3 -Wall -Wextra -std=c++17 -fopenmp -ffp-contract=off -DOMP_EXPLICIT_SIMD=1,3210.690918,cae2b8384ddb6aac,passed
adaptive-simd_omp-t20-dynamicx64-r4-control_smooth_6000x6000.png,2026-09-19T21:17:23Z,control_smooth_6000x6000.png,6000,6000,Adaptive_Median,4,20,dynamic,64,omp,yes,unset,unset,hype2,12.2.0,-O3 -Wall -Wextra -std=c++17 -fopenmp -ffp-contract=off -DOMP_EXPLICIT_SIMD=1,876.209827,596e3c6929662ab9,passed
adaptive-simd_omp-t20-dynamicx64-r4-control_noise_6000x6000.png,2026-09-19T21:17:24Z,control_noise_6000x6000.png,6000,6000,Adaptive_Median,4,20,dynamic,64,omp,yes,unset,unset,hype2,12.2.0,-O3 -Wall -Wextra -std=c++17 -fopenmp -ffp-contract=off -DOMP_EXPLICIT_SIMD=1,614.466373,fcb58a627e9d9740,passed
adaptive-simd_omp-t20-dynamicx64-r4-control_half_noise_6000x6000.png,2026-09-19T21:17:26Z,control_half_noise_6000x6000.png,6000,6000,Adaptive_Median,4,20,dynamic,64,omp,yes,unset,unset,hype2,12.2.0,-O3 -Wall -Wextra -std=c++17 -fopenmp -ffp-contract=off -DOMP_EXPLICIT_SIMD=1,641.718188,9d92a48896bfc25a,passed
adaptive-simd_omp-t20-dynamicx64-r4-control_bands_256_6000x6000.png,2026-09-19T21:17:27Z,control_bands_256_6000x6000.png,6000,6000,Adaptive_Median,4,20,dynamic,64,omp,yes,unset,unset,hype2,12.2.0,-O3 -Wall -Wextra -std=c++17 -fopenmp -ffp-contract=off -DOMP_EXPLICIT_SIMD=1,674.728461,8f9bc97f03d5aae1,passed
adaptive-simd_omp-avx2-t20-dynamicx64-r4-sky.jpg,2026-09-19T21:17:29Z,sky.jpg,6936,9248,Adaptive_Median,4,20,dynamic,64,omp-avx2,yes,unset,unset,hype2,12.2.0,-O3 -Wall -Wextra -std=c++17 -fopenmp -ffp-contract=off -DOMP_EXPLICIT_SIMD=1 -march=haswell,1195.446312,1e7ae9152e9643d5,passed
adaptive-simd_omp-avx2-t20-dynamicx64-r4-stars.jpg,2026-09-19T21:17:33Z,stars.jpg,12960,8640,Adaptive_Median,4,20,dynamic,64,omp-avx2,yes,unset,unset,hype2,12.2.0,-O3 -Wall -Wextra -std=c++17 -fopenmp -ffp-contract=off -DOMP_EXPLICIT_SIMD=1 -march=haswell,1828.982650,626f977055f1c658,passed
adaptive-simd_omp-avx2-t20-dynamicx64-r4-rain_paisage.jpg,2026-09-19T21:17:40Z,rain_paisage.jpg,12288,16320,Adaptive_Median,4,20,dynamic,64,omp-avx2,yes,unset,unset,hype2,12.2.0,-O3 -Wall -Wextra -std=c++17 -fopenmp -ffp-contract=off -DOMP_EXPLICIT_SIMD=1 -march=haswell,3377.129920,d0fdcd4b2e74abf3,passed
adaptive-simd_omp-avx2-t20-dynamicx64-r4-firework.jpg,2026-09-19T21:17:46Z,firework.jpg,11125,16688,Adaptive_Median,4,20,dynamic,64,omp-avx2,yes,unset,unset,hype2,12.2.0,-O3 -Wall -Wextra -std=c++17 -fopenmp -ffp-contract=off -DOMP_EXPLICIT_SIMD=1 -march=haswell,3336.970945,cae2b8384ddb6aac,passed
adaptive-simd_omp-avx2-t20-dynamicx64-r4-control_smooth_6000x6000.png,2026-09-19T21:17:47Z,control_smooth_6000x6000.png,6000,6000,Adaptive_Median,4,20,dynamic,64,omp-avx2,yes,unset,unset,hype2,12.2.0,-O3 -Wall -Wextra -std=c++17 -fopenmp -ffp-contract=off -DOMP_EXPLICIT_SIMD=1 -march=haswell,893.066161,596e3c6929662ab9,passed
adaptive-simd_omp-avx2-t20-dynamicx64-r4-control_noise_6000x6000.png,2026-09-19T21:17:49Z,control_noise_6000x6000.png,6000,6000,Adaptive_Median,4,20,dynamic,64,omp-avx2,yes,unset,unset,hype2,12.2.0,-O3 -Wall -Wextra -std=c++17 -fopenmp -ffp-contract=off -DOMP_EXPLICIT_SIMD=1 -march=haswell,646.696026,fcb58a627e9d9740,passed
adaptive-simd_omp-avx2-t20-dynamicx64-r4-control_half_noise_6000x6000.png,2026-09-19T21:17:50Z,control_half_noise_6000x6000.png,6000,6000,Adaptive_Median,4,20,dynamic,64,omp-avx2,yes,unset,unset,hype2,12.2.0,-O3 -Wall -Wextra -std=c++17 -fopenmp -ffp-contract=off -DOMP_EXPLICIT_SIMD=1 -march=haswell,660.626182,9d92a48896bfc25a,passed
adaptive-simd_omp-avx2-t20-dynamicx64-r4-control_bands_256_6000x6000.png,2026-09-19T21:17:51Z,control_bands_256_6000x6000.png,6000,6000,Adaptive_Median,4,20,dynamic,64,omp-avx2,yes,unset,unset,hype2,12.2.0,-O3 -Wall -Wextra -std=c++17 -fopenmp -ffp-contract=off -DOMP_EXPLICIT_SIMD=1 -march=haswell,693.739795,8f9bc97f03d5aae1,passed
adaptive-simd_off-t20-dynamicx256-r4-sky.jpg,2026-09-19T21:17:54Z,sky.jpg,6936,9248,Adaptive_Median,4,20,dynamic,256,off,yes,unset,unset,hype2,12.2.0,-O3 -Wall -Wextra -std=c++17 -fopenmp -ffp-contract=off -DOMP_EXPLICIT_SIMD=0 -fno-tree-vectorize,1207.149469,1e7ae9152e9643d5,passed
adaptive-simd_off-t20-dynamicx256-r4-stars.jpg,2026-09-19T21:17:58Z,stars.jpg,12960,8640,Adaptive_Median,4,20,dynamic,256,off,yes,unset,unset,hype2,12.2.0,-O3 -Wall -Wextra -std=c++17 -fopenmp -ffp-contract=off -DOMP_EXPLICIT_SIMD=0 -fno-tree-vectorize,1998.497333,626f977055f1c658,passed
adaptive-simd_off-t20-dynamicx256-r4-rain_paisage.jpg,2026-09-19T21:18:05Z,rain_paisage.jpg,12288,16320,Adaptive_Median,4,20,dynamic,256,off,yes,unset,unset,hype2,12.2.0,-O3 -Wall -Wextra -std=c++17 -fopenmp -ffp-contract=off -DOMP_EXPLICIT_SIMD=0 -fno-tree-vectorize,3585.578745,d0fdcd4b2e74abf3,passed
adaptive-simd_off-t20-dynamicx256-r4-firework.jpg,2026-09-19T21:18:11Z,firework.jpg,11125,16688,Adaptive_Median,4,20,dynamic,256,off,yes,unset,unset,hype2,12.2.0,-O3 -Wall -Wextra -std=c++17 -fopenmp -ffp-contract=off -DOMP_EXPLICIT_SIMD=0 -fno-tree-vectorize,3618.512638,cae2b8384ddb6aac,passed
adaptive-simd_off-t20-dynamicx256-r4-control_smooth_6000x6000.png,2026-09-19T21:18:13Z,control_smooth_6000x6000.png,6000,6000,Adaptive_Median,4,20,dynamic,256,off,yes,unset,unset,hype2,12.2.0,-O3 -Wall -Wextra -std=c++17 -fopenmp -ffp-contract=off -DOMP_EXPLICIT_SIMD=0 -fno-tree-vectorize,1279.098683,596e3c6929662ab9,passed
adaptive-simd_off-t20-dynamicx256-r4-control_noise_6000x6000.png,2026-09-19T21:18:14Z,control_noise_6000x6000.png,6000,6000,Adaptive_Median,4,20,dynamic,256,off,yes,unset,unset,hype2,12.2.0,-O3 -Wall -Wextra -std=c++17 -fopenmp -ffp-contract=off -DOMP_EXPLICIT_SIMD=0 -fno-tree-vectorize,910.625317,fcb58a627e9d9740,passed
adaptive-simd_off-t20-dynamicx256-r4-control_half_noise_6000x6000.png,2026-09-19T21:18:16Z,control_half_noise_6000x6000.png,6000,6000,Adaptive_Median,4,20,dynamic,256,off,yes,unset,unset,hype2,12.2.0,-O3 -Wall -Wextra -std=c++17 -fopenmp -ffp-contract=off -DOMP_EXPLICIT_SIMD=0 -fno-tree-vectorize,841.002610,9d92a48896bfc25a,passed
adaptive-simd_off-t20-dynamicx256-r4-control_bands_256_6000x6000.png,2026-09-19T21:18:18Z,control_bands_256_6000x6000.png,6000,6000,Adaptive_Median,4,20,dynamic,256,off,yes,unset,unset,hype2,12.2.0,-O3 -Wall -Wextra -std=c++17 -fopenmp -ffp-contract=off -DOMP_EXPLICIT_SIMD=0 -fno-tree-vectorize,940.532861,8f9bc97f03d5aae1,passed
adaptive-simd_off-avx2-t20-dynamicx256-r4-sky.jpg,2026-09-19T21:18:20Z,sky.jpg,6936,9248,Adaptive_Median,4,20,dynamic,256,off-avx2,yes,unset,unset,hype2,12.2.0,-O3 -Wall -Wextra -std=c++17 -fopenmp -ffp-contract=off -DOMP_EXPLICIT_SIMD=0 -fno-tree-vectorize -march=haswell,1254.601102,1e7ae9152e9643d5,passed
adaptive-simd_off-avx2-t20-dynamicx256-r4-stars.jpg,2026-09-19T21:18:24Z,stars.jpg,12960,8640,Adaptive_Median,4,20,dynamic,256,off-avx2,yes,unset,unset,hype2,12.2.0,-O3 -Wall -Wextra -std=c++17 -fopenmp -ffp-contract=off -DOMP_EXPLICIT_SIMD=0 -fno-tree-vectorize -march=haswell,2117.993350,626f977055f1c658,passed
adaptive-simd_off-avx2-t20-dynamicx256-r4-rain_paisage.jpg,2026-09-19T21:18:31Z,rain_paisage.jpg,12288,16320,Adaptive_Median,4,20,dynamic,256,off-avx2,yes,unset,unset,hype2,12.2.0,-O3 -Wall -Wextra -std=c++17 -fopenmp -ffp-contract=off -DOMP_EXPLICIT_SIMD=0 -fno-tree-vectorize -march=haswell,3724.552465,d0fdcd4b2e74abf3,passed
adaptive-simd_off-avx2-t20-dynamicx256-r4-firework.jpg,2026-09-19T21:18:38Z,firework.jpg,11125,16688,Adaptive_Median,4,20,dynamic,256,off-avx2,yes,unset,unset,hype2,12.2.0,-O3 -Wall -Wextra -std=c++17 -fopenmp -ffp-contract=off -DOMP_EXPLICIT_SIMD=0 -fno-tree-vectorize -march=haswell,3774.184810,cae2b8384ddb6aac,passed
adaptive-simd_off-avx2-t20-dynamicx256-r4-control_smooth_6000x6000.png,2026-09-19T21:18:40Z,control_smooth_6000x6000.png,6000,6000,Adaptive_Median,4,20,dynamic,256,off-avx2,yes,unset,unset,hype2,12.2.0,-O3 -Wall -Wextra -std=c++17 -fopenmp -ffp-contract=off -DOMP_EXPLICIT_SIMD=0 -fno-tree-vectorize -march=haswell,1308.555583,596e3c6929662ab9,passed
adaptive-simd_off-avx2-t20-dynamicx256-r4-control_noise_6000x6000.png,2026-09-19T21:18:41Z,control_noise_6000x6000.png,6000,6000,Adaptive_Median,4,20,dynamic,256,off-avx2,yes,unset,unset,hype2,12.2.0,-O3 -Wall -Wextra -std=c++17 -fopenmp -ffp-contract=off -DOMP_EXPLICIT_SIMD=0 -fno-tree-vectorize -march=haswell,958.706981,fcb58a627e9d9740,passed
adaptive-simd_off-avx2-t20-dynamicx256-r4-control_half_noise_6000x6000.png,2026-09-19T21:18:43Z,control_half_noise_6000x6000.png,6000,6000,Adaptive_Median,4,20,dynamic,256,off-avx2,yes,unset,unset,hype2,12.2.0,-O3 -Wall -Wextra -std=c++17 -fopenmp -ffp-contract=off -DOMP_EXPLICIT_SIMD=0 -fno-tree-vectorize -march=haswell,862.745347,9d92a48896bfc25a,passed
adaptive-simd_off-avx2-t20-dynamicx256-r4-control_bands_256_6000x6000.png,2026-09-19T21:18:45Z,control_bands_256_6000x6000.png,6000,6000,Adaptive_Median,4,20,dynamic,256,off-avx2,yes,unset,unset,hype2,12.2.0,-O3 -Wall -Wextra -std=c++17 -fopenmp -ffp-contract=off -DOMP_EXPLICIT_SIMD=0 -fno-tree-vectorize -march=haswell,967.229148,8f9bc97f03d5aae1,passed
adaptive-simd_omp-t20-dynamicx256-r4-sky.jpg,2026-09-19T21:18:47Z,sky.jpg,6936,9248,Adaptive_Median,4,20,dynamic,256,omp,yes,unset,unset,hype2,12.2.0,-O3 -Wall -Wextra -std=c++17 -fopenmp -ffp-contract=off -DOMP_EXPLICIT_SIMD=1,1219.418731,1e7ae9152e9643d5,passed
adaptive-simd_omp-t20-dynamicx256-r4-stars.jpg,2026-09-19T21:18:51Z,stars.jpg,12960,8640,Adaptive_Median,4,20,dynamic,256,omp,yes,unset,unset,hype2,12.2.0,-O3 -Wall -Wextra -std=c++17 -fopenmp -ffp-contract=off -DOMP_EXPLICIT_SIMD=1,2024.201966,626f977055f1c658,passed
adaptive-simd_omp-t20-dynamicx256-r4-rain_paisage.jpg,2026-09-19T21:18:58Z,rain_paisage.jpg,12288,16320,Adaptive_Median,4,20,dynamic,256,omp,yes,unset,unset,hype2,12.2.0,-O3 -Wall -Wextra -std=c++17 -fopenmp -ffp-contract=off -DOMP_EXPLICIT_SIMD=1,3639.529115,d0fdcd4b2e74abf3,passed
adaptive-simd_omp-t20-dynamicx256-r4-firework.jpg,2026-09-19T21:19:05Z,firework.jpg,11125,16688,Adaptive_Median,4,20,dynamic,256,omp,yes,unset,unset,hype2,12.2.0,-O3 -Wall -Wextra -std=c++17 -fopenmp -ffp-contract=off -DOMP_EXPLICIT_SIMD=1,3704.730397,cae2b8384ddb6aac,passed
adaptive-simd_omp-t20-dynamicx256-r4-control_smooth_6000x6000.png,2026-09-19T21:19:06Z,control_smooth_6000x6000.png,6000,6000,Adaptive_Median,4,20,dynamic,256,omp,yes,unset,unset,hype2,12.2.0,-O3 -Wall -Wextra -std=c++17 -fopenmp -ffp-contract=off -DOMP_EXPLICIT_SIMD=1,1288.983152,596e3c6929662ab9,passed
adaptive-simd_omp-t20-dynamicx256-r4-control_noise_6000x6000.png,2026-09-19T21:19:08Z,control_noise_6000x6000.png,6000,6000,Adaptive_Median,4,20,dynamic,256,omp,yes,unset,unset,hype2,12.2.0,-O3 -Wall -Wextra -std=c++17 -fopenmp -ffp-contract=off -DOMP_EXPLICIT_SIMD=1,928.429417,fcb58a627e9d9740,passed
adaptive-simd_omp-t20-dynamicx256-r4-control_half_noise_6000x6000.png,2026-09-19T21:19:09Z,control_half_noise_6000x6000.png,6000,6000,Adaptive_Median,4,20,dynamic,256,omp,yes,unset,unset,hype2,12.2.0,-O3 -Wall -Wextra -std=c++17 -fopenmp -ffp-contract=off -DOMP_EXPLICIT_SIMD=1,870.420571,9d92a48896bfc25a,passed
adaptive-simd_omp-t20-dynamicx256-r4-control_bands_256_6000x6000.png,2026-09-19T21:19:11Z,control_bands_256_6000x6000.png,6000,6000,Adaptive_Median,4,20,dynamic,256,omp,yes,unset,unset,hype2,12.2.0,-O3 -Wall -Wextra -std=c++17 -fopenmp -ffp-contract=off -DOMP_EXPLICIT_SIMD=1,963.909269,8f9bc97f03d5aae1,passed
adaptive-simd_omp-avx2-t20-dynamicx256-r4-sky.jpg,2026-09-19T21:19:13Z,sky.jpg,6936,9248,Adaptive_Median,4,20,dynamic,256,omp-avx2,yes,unset,unset,hype2,12.2.0,-O3 -Wall -Wextra -std=c++17 -fopenmp -ffp-contract=off -DOMP_EXPLICIT_SIMD=1 -march=haswell,1264.239586,1e7ae9152e9643d5,passed
adaptive-simd_omp-avx2-t20-dynamicx256-r4-stars.jpg,2026-09-19T21:19:18Z,stars.jpg,12960,8640,Adaptive_Median,4,20,dynamic,256,omp-avx2,yes,unset,unset,hype2,12.2.0,-O3 -Wall -Wextra -std=c++17 -fopenmp -ffp-contract=off -DOMP_EXPLICIT_SIMD=1 -march=haswell,2120.210130,626f977055f1c658,passed
adaptive-simd_omp-avx2-t20-dynamicx256-r4-rain_paisage.jpg,2026-09-19T21:19:25Z,rain_paisage.jpg,12288,16320,Adaptive_Median,4,20,dynamic,256,omp-avx2,yes,unset,unset,hype2,12.2.0,-O3 -Wall -Wextra -std=c++17 -fopenmp -ffp-contract=off -DOMP_EXPLICIT_SIMD=1 -march=haswell,3754.873433,d0fdcd4b2e74abf3,passed
adaptive-simd_omp-avx2-t20-dynamicx256-r4-firework.jpg,2026-09-19T21:19:31Z,firework.jpg,11125,16688,Adaptive_Median,4,20,dynamic,256,omp-avx2,yes,unset,unset,hype2,12.2.0,-O3 -Wall -Wextra -std=c++17 -fopenmp -ffp-contract=off -DOMP_EXPLICIT_SIMD=1 -march=haswell,3857.514931,cae2b8384ddb6aac,passed
adaptive-simd_omp-avx2-t20-dynamicx256-r4-control_smooth_6000x6000.png,2026-09-19T21:19:33Z,control_smooth_6000x6000.png,6000,6000,Adaptive_Median,4,20,dynamic,256,omp-avx2,yes,unset,unset,hype2,12.2.0,-O3 -Wall -Wextra -std=c++17 -fopenmp -ffp-contract=off -DOMP_EXPLICIT_SIMD=1 -march=haswell,1323.028449,596e3c6929662ab9,passed
adaptive-simd_omp-avx2-t20-dynamicx256-r4-control_noise_6000x6000.png,2026-09-19T21:19:35Z,control_noise_6000x6000.png,6000,6000,Adaptive_Median,4,20,dynamic,256,omp-avx2,yes,unset,unset,hype2,12.2.0,-O3 -Wall -Wextra -std=c++17 -fopenmp -ffp-contract=off -DOMP_EXPLICIT_SIMD=1 -march=haswell,972.344798,fcb58a627e9d9740,passed
adaptive-simd_omp-avx2-t20-dynamicx256-r4-control_half_noise_6000x6000.png,2026-09-19T21:19:36Z,control_half_noise_6000x6000.png,6000,6000,Adaptive_Median,4,20,dynamic,256,omp-avx2,yes,unset,unset,hype2,12.2.0,-O3 -Wall -Wextra -std=c++17 -fopenmp -ffp-contract=off -DOMP_EXPLICIT_SIMD=1 -march=haswell,878.986410,9d92a48896bfc25a,passed
adaptive-simd_omp-avx2-t20-dynamicx256-r4-control_bands_256_6000x6000.png,2026-09-19T21:19:38Z,control_bands_256_6000x6000.png,6000,6000,Adaptive_Median,4,20,dynamic,256,omp-avx2,yes,unset,unset,hype2,12.2.0,-O3 -Wall -Wextra -std=c++17 -fopenmp -ffp-contract=off -DOMP_EXPLICIT_SIMD=1 -march=haswell,992.777902,8f9bc97f03d5aae1,passed
adaptive-simd_off-t20-static-r4-sky.jpg,2026-09-19T21:19:40Z,sky.jpg,6936,9248,Adaptive_Median,4,20,static,,off,yes,unset,unset,hype2,12.2.0,-O3 -Wall -Wextra -std=c++17 -fopenmp -ffp-contract=off -DOMP_EXPLICIT_SIMD=0 -fno-tree-vectorize,1245.898769,1e7ae9152e9643d5,passed
adaptive-simd_off-t20-static-r4-stars.jpg,2026-09-19T21:19:45Z,stars.jpg,12960,8640,Adaptive_Median,4,20,static,,off,yes,unset,unset,hype2,12.2.0,-O3 -Wall -Wextra -std=c++17 -fopenmp -ffp-contract=off -DOMP_EXPLICIT_SIMD=0 -fno-tree-vectorize,2046.913137,626f977055f1c658,passed
adaptive-simd_off-t20-static-r4-rain_paisage.jpg,2026-09-19T21:19:52Z,rain_paisage.jpg,12288,16320,Adaptive_Median,4,20,static,,off,yes,unset,unset,hype2,12.2.0,-O3 -Wall -Wextra -std=c++17 -fopenmp -ffp-contract=off -DOMP_EXPLICIT_SIMD=0 -fno-tree-vectorize,4304.983776,d0fdcd4b2e74abf3,passed
adaptive-simd_off-t20-static-r4-firework.jpg,2026-09-19T21:19:59Z,firework.jpg,11125,16688,Adaptive_Median,4,20,static,,off,yes,unset,unset,hype2,12.2.0,-O3 -Wall -Wextra -std=c++17 -fopenmp -ffp-contract=off -DOMP_EXPLICIT_SIMD=0 -fno-tree-vectorize,3947.122772,cae2b8384ddb6aac,passed
adaptive-simd_off-t20-static-r4-control_smooth_6000x6000.png,2026-09-19T21:20:00Z,control_smooth_6000x6000.png,6000,6000,Adaptive_Median,4,20,static,,off,yes,unset,unset,hype2,12.2.0,-O3 -Wall -Wextra -std=c++17 -fopenmp -ffp-contract=off -DOMP_EXPLICIT_SIMD=0 -fno-tree-vectorize,817.056055,596e3c6929662ab9,passed
adaptive-simd_off-t20-static-r4-control_noise_6000x6000.png,2026-09-19T21:20:01Z,control_noise_6000x6000.png,6000,6000,Adaptive_Median,4,20,static,,off,yes,unset,unset,hype2,12.2.0,-O3 -Wall -Wextra -std=c++17 -fopenmp -ffp-contract=off -DOMP_EXPLICIT_SIMD=0 -fno-tree-vectorize,565.028430,fcb58a627e9d9740,passed
adaptive-simd_off-t20-static-r4-control_half_noise_6000x6000.png,2026-09-19T21:20:03Z,control_half_noise_6000x6000.png,6000,6000,Adaptive_Median,4,20,static,,off,yes,unset,unset,hype2,12.2.0,-O3 -Wall -Wextra -std=c++17 -fopenmp -ffp-contract=off -DOMP_EXPLICIT_SIMD=0 -fno-tree-vectorize,801.569468,9d92a48896bfc25a,passed
adaptive-simd_off-t20-static-r4-control_bands_256_6000x6000.png,2026-09-19T21:20:05Z,control_bands_256_6000x6000.png,6000,6000,Adaptive_Median,4,20,static,,off,yes,unset,unset,hype2,12.2.0,-O3 -Wall -Wextra -std=c++17 -fopenmp -ffp-contract=off -DOMP_EXPLICIT_SIMD=0 -fno-tree-vectorize,755.038799,8f9bc97f03d5aae1,passed
adaptive-simd_off-avx2-t20-static-r4-sky.jpg,2026-09-19T21:20:07Z,sky.jpg,6936,9248,Adaptive_Median,4,20,static,,off-avx2,yes,unset,unset,hype2,12.2.0,-O3 -Wall -Wextra -std=c++17 -fopenmp -ffp-contract=off -DOMP_EXPLICIT_SIMD=0 -fno-tree-vectorize -march=haswell,1147.389312,1e7ae9152e9643d5,passed
adaptive-simd_off-avx2-t20-static-r4-stars.jpg,2026-09-19T21:20:11Z,stars.jpg,12960,8640,Adaptive_Median,4,20,static,,off-avx2,yes,unset,unset,hype2,12.2.0,-O3 -Wall -Wextra -std=c++17 -fopenmp -ffp-contract=off -DOMP_EXPLICIT_SIMD=0 -fno-tree-vectorize -march=haswell,1879.327097,626f977055f1c658,passed
adaptive-simd_off-avx2-t20-static-r4-rain_paisage.jpg,2026-09-19T21:20:19Z,rain_paisage.jpg,12288,16320,Adaptive_Median,4,20,static,,off-avx2,yes,unset,unset,hype2,12.2.0,-O3 -Wall -Wextra -std=c++17 -fopenmp -ffp-contract=off -DOMP_EXPLICIT_SIMD=0 -fno-tree-vectorize -march=haswell,4586.315808,d0fdcd4b2e74abf3,passed
adaptive-simd_off-avx2-t20-static-r4-firework.jpg,2026-09-19T21:20:26Z,firework.jpg,11125,16688,Adaptive_Median,4,20,static,,off-avx2,yes,unset,unset,hype2,12.2.0,-O3 -Wall -Wextra -std=c++17 -fopenmp -ffp-contract=off -DOMP_EXPLICIT_SIMD=0 -fno-tree-vectorize -march=haswell,4074.769785,cae2b8384ddb6aac,passed
adaptive-simd_off-avx2-t20-static-r4-control_smooth_6000x6000.png,2026-09-19T21:20:27Z,control_smooth_6000x6000.png,6000,6000,Adaptive_Median,4,20,static,,off-avx2,yes,unset,unset,hype2,12.2.0,-O3 -Wall -Wextra -std=c++17 -fopenmp -ffp-contract=off -DOMP_EXPLICIT_SIMD=0 -fno-tree-vectorize -march=haswell,832.980760,596e3c6929662ab9,passed
adaptive-simd_off-avx2-t20-static-r4-control_noise_6000x6000.png,2026-09-19T21:20:28Z,control_noise_6000x6000.png,6000,6000,Adaptive_Median,4,20,static,,off-avx2,yes,unset,unset,hype2,12.2.0,-O3 -Wall -Wextra -std=c++17 -fopenmp -ffp-contract=off -DOMP_EXPLICIT_SIMD=0 -fno-tree-vectorize -march=haswell,593.613253,fcb58a627e9d9740,passed
adaptive-simd_off-avx2-t20-static-r4-control_half_noise_6000x6000.png,2026-09-19T21:20:30Z,control_half_noise_6000x6000.png,6000,6000,Adaptive_Median,4,20,static,,off-avx2,yes,unset,unset,hype2,12.2.0,-O3 -Wall -Wextra -std=c++17 -fopenmp -ffp-contract=off -DOMP_EXPLICIT_SIMD=0 -fno-tree-vectorize -march=haswell,827.058770,9d92a48896bfc25a,passed
adaptive-simd_off-avx2-t20-static-r4-control_bands_256_6000x6000.png,2026-09-19T21:20:31Z,control_bands_256_6000x6000.png,6000,6000,Adaptive_Median,4,20,static,,off-avx2,yes,unset,unset,hype2,12.2.0,-O3 -Wall -Wextra -std=c++17 -fopenmp -ffp-contract=off -DOMP_EXPLICIT_SIMD=0 -fno-tree-vectorize -march=haswell,750.492411,8f9bc97f03d5aae1,passed
adaptive-simd_omp-t20-static-r4-sky.jpg,2026-09-19T21:20:33Z,sky.jpg,6936,9248,Adaptive_Median,4,20,static,,omp,yes,unset,unset,hype2,12.2.0,-O3 -Wall -Wextra -std=c++17 -fopenmp -ffp-contract=off -DOMP_EXPLICIT_SIMD=1,1133.386964,1e7ae9152e9643d5,passed
adaptive-simd_omp-t20-static-r4-stars.jpg,2026-09-19T21:20:37Z,stars.jpg,12960,8640,Adaptive_Median,4,20,static,,omp,yes,unset,unset,hype2,12.2.0,-O3 -Wall -Wextra -std=c++17 -fopenmp -ffp-contract=off -DOMP_EXPLICIT_SIMD=1,1826.490046,626f977055f1c658,passed
adaptive-simd_omp-t20-static-r4-rain_paisage.jpg,2026-09-19T21:20:45Z,rain_paisage.jpg,12288,16320,Adaptive_Median,4,20,static,,omp,yes,unset,unset,hype2,12.2.0,-O3 -Wall -Wextra -std=c++17 -fopenmp -ffp-contract=off -DOMP_EXPLICIT_SIMD=1,4380.327372,d0fdcd4b2e74abf3,passed
adaptive-simd_omp-t20-static-r4-firework.jpg,2026-09-19T21:20:52Z,firework.jpg,11125,16688,Adaptive_Median,4,20,static,,omp,yes,unset,unset,hype2,12.2.0,-O3 -Wall -Wextra -std=c++17 -fopenmp -ffp-contract=off -DOMP_EXPLICIT_SIMD=1,4077.095143,cae2b8384ddb6aac,passed
adaptive-simd_omp-t20-static-r4-control_smooth_6000x6000.png,2026-09-19T21:20:53Z,control_smooth_6000x6000.png,6000,6000,Adaptive_Median,4,20,static,,omp,yes,unset,unset,hype2,12.2.0,-O3 -Wall -Wextra -std=c++17 -fopenmp -ffp-contract=off -DOMP_EXPLICIT_SIMD=1,826.832022,596e3c6929662ab9,passed
adaptive-simd_omp-t20-static-r4-control_noise_6000x6000.png,2026-09-19T21:20:54Z,control_noise_6000x6000.png,6000,6000,Adaptive_Median,4,20,static,,omp,yes,unset,unset,hype2,12.2.0,-O3 -Wall -Wextra -std=c++17 -fopenmp -ffp-contract=off -DOMP_EXPLICIT_SIMD=1,605.492958,fcb58a627e9d9740,passed
adaptive-simd_omp-t20-static-r4-control_half_noise_6000x6000.png,2026-09-19T21:20:56Z,control_half_noise_6000x6000.png,6000,6000,Adaptive_Median,4,20,static,,omp,yes,unset,unset,hype2,12.2.0,-O3 -Wall -Wextra -std=c++17 -fopenmp -ffp-contract=off -DOMP_EXPLICIT_SIMD=1,824.129699,9d92a48896bfc25a,passed
adaptive-simd_omp-t20-static-r4-control_bands_256_6000x6000.png,2026-09-19T21:20:57Z,control_bands_256_6000x6000.png,6000,6000,Adaptive_Median,4,20,static,,omp,yes,unset,unset,hype2,12.2.0,-O3 -Wall -Wextra -std=c++17 -fopenmp -ffp-contract=off -DOMP_EXPLICIT_SIMD=1,744.394535,8f9bc97f03d5aae1,passed
adaptive-simd_off-t20-dynamicx1-r5-sky.jpg,2026-09-19T21:20:59Z,sky.jpg,6936,9248,Adaptive_Median,5,20,dynamic,1,off,yes,unset,unset,hype2,12.2.0,-O3 -Wall -Wextra -std=c++17 -fopenmp -ffp-contract=off -DOMP_EXPLICIT_SIMD=0 -fno-tree-vectorize,1044.959657,1e7ae9152e9643d5,passed
adaptive-simd_off-t20-dynamicx1-r5-stars.jpg,2026-09-19T21:21:03Z,stars.jpg,12960,8640,Adaptive_Median,5,20,dynamic,1,off,yes,unset,unset,hype2,12.2.0,-O3 -Wall -Wextra -std=c++17 -fopenmp -ffp-contract=off -DOMP_EXPLICIT_SIMD=0 -fno-tree-vectorize,1643.410560,626f977055f1c658,passed
adaptive-simd_off-t20-dynamicx1-r5-rain_paisage.jpg,2026-09-19T21:21:10Z,rain_paisage.jpg,12288,16320,Adaptive_Median,5,20,dynamic,1,off,yes,unset,unset,hype2,12.2.0,-O3 -Wall -Wextra -std=c++17 -fopenmp -ffp-contract=off -DOMP_EXPLICIT_SIMD=0 -fno-tree-vectorize,3165.955879,d0fdcd4b2e74abf3,passed
adaptive-simd_off-t20-dynamicx1-r5-firework.jpg,2026-09-19T21:21:16Z,firework.jpg,11125,16688,Adaptive_Median,5,20,dynamic,1,off,yes,unset,unset,hype2,12.2.0,-O3 -Wall -Wextra -std=c++17 -fopenmp -ffp-contract=off -DOMP_EXPLICIT_SIMD=0 -fno-tree-vectorize,3080.110941,cae2b8384ddb6aac,passed
adaptive-simd_off-t20-dynamicx1-r5-control_smooth_6000x6000.png,2026-09-19T21:21:17Z,control_smooth_6000x6000.png,6000,6000,Adaptive_Median,5,20,dynamic,1,off,yes,unset,unset,hype2,12.2.0,-O3 -Wall -Wextra -std=c++17 -fopenmp -ffp-contract=off -DOMP_EXPLICIT_SIMD=0 -fno-tree-vectorize,813.554624,596e3c6929662ab9,passed
adaptive-simd_off-t20-dynamicx1-r5-control_noise_6000x6000.png,2026-09-19T21:21:18Z,control_noise_6000x6000.png,6000,6000,Adaptive_Median,5,20,dynamic,1,off,yes,unset,unset,hype2,12.2.0,-O3 -Wall -Wextra -std=c++17 -fopenmp -ffp-contract=off -DOMP_EXPLICIT_SIMD=0 -fno-tree-vectorize,566.792266,fcb58a627e9d9740,passed
adaptive-simd_off-t20-dynamicx1-r5-control_half_noise_6000x6000.png,2026-09-19T21:21:19Z,control_half_noise_6000x6000.png,6000,6000,Adaptive_Median,5,20,dynamic,1,off,yes,unset,unset,hype2,12.2.0,-O3 -Wall -Wextra -std=c++17 -fopenmp -ffp-contract=off -DOMP_EXPLICIT_SIMD=0 -fno-tree-vectorize,603.777019,9d92a48896bfc25a,passed
adaptive-simd_off-t20-dynamicx1-r5-control_bands_256_6000x6000.png,2026-09-19T21:21:21Z,control_bands_256_6000x6000.png,6000,6000,Adaptive_Median,5,20,dynamic,1,off,yes,unset,unset,hype2,12.2.0,-O3 -Wall -Wextra -std=c++17 -fopenmp -ffp-contract=off -DOMP_EXPLICIT_SIMD=0 -fno-tree-vectorize,603.471075,8f9bc97f03d5aae1,passed
adaptive-simd_off-avx2-t20-dynamicx1-r5-sky.jpg,2026-09-19T21:21:23Z,sky.jpg,6936,9248,Adaptive_Median,5,20,dynamic,1,off-avx2,yes,unset,unset,hype2,12.2.0,-O3 -Wall -Wextra -std=c++17 -fopenmp -ffp-contract=off -DOMP_EXPLICIT_SIMD=0 -fno-tree-vectorize -march=haswell,1082.091032,1e7ae9152e9643d5,passed
adaptive-simd_off-avx2-t20-dynamicx1-r5-stars.jpg,2026-09-19T21:21:27Z,stars.jpg,12960,8640,Adaptive_Median,5,20,dynamic,1,off-avx2,yes,unset,unset,hype2,12.2.0,-O3 -Wall -Wextra -std=c++17 -fopenmp -ffp-contract=off -DOMP_EXPLICIT_SIMD=0 -fno-tree-vectorize -march=haswell,1719.005434,626f977055f1c658,passed
adaptive-simd_off-avx2-t20-dynamicx1-r5-rain_paisage.jpg,2026-09-19T21:21:33Z,rain_paisage.jpg,12288,16320,Adaptive_Median,5,20,dynamic,1,off-avx2,yes,unset,unset,hype2,12.2.0,-O3 -Wall -Wextra -std=c++17 -fopenmp -ffp-contract=off -DOMP_EXPLICIT_SIMD=0 -fno-tree-vectorize -march=haswell,3293.554039,d0fdcd4b2e74abf3,passed
adaptive-simd_off-avx2-t20-dynamicx1-r5-firework.jpg,2026-09-19T21:21:39Z,firework.jpg,11125,16688,Adaptive_Median,5,20,dynamic,1,off-avx2,yes,unset,unset,hype2,12.2.0,-O3 -Wall -Wextra -std=c++17 -fopenmp -ffp-contract=off -DOMP_EXPLICIT_SIMD=0 -fno-tree-vectorize -march=haswell,3183.220753,cae2b8384ddb6aac,passed
adaptive-simd_off-avx2-t20-dynamicx1-r5-control_smooth_6000x6000.png,2026-09-19T21:21:41Z,control_smooth_6000x6000.png,6000,6000,Adaptive_Median,5,20,dynamic,1,off-avx2,yes,unset,unset,hype2,12.2.0,-O3 -Wall -Wextra -std=c++17 -fopenmp -ffp-contract=off -DOMP_EXPLICIT_SIMD=0 -fno-tree-vectorize -march=haswell,835.329810,596e3c6929662ab9,passed
adaptive-simd_off-avx2-t20-dynamicx1-r5-control_noise_6000x6000.png,2026-09-19T21:21:42Z,control_noise_6000x6000.png,6000,6000,Adaptive_Median,5,20,dynamic,1,off-avx2,yes,unset,unset,hype2,12.2.0,-O3 -Wall -Wextra -std=c++17 -fopenmp -ffp-contract=off -DOMP_EXPLICIT_SIMD=0 -fno-tree-vectorize -march=haswell,597.058304,fcb58a627e9d9740,passed
adaptive-simd_off-avx2-t20-dynamicx1-r5-control_half_noise_6000x6000.png,2026-09-19T21:21:43Z,control_half_noise_6000x6000.png,6000,6000,Adaptive_Median,5,20,dynamic,1,off-avx2,yes,unset,unset,hype2,12.2.0,-O3 -Wall -Wextra -std=c++17 -fopenmp -ffp-contract=off -DOMP_EXPLICIT_SIMD=0 -fno-tree-vectorize -march=haswell,621.385718,9d92a48896bfc25a,passed
adaptive-simd_off-avx2-t20-dynamicx1-r5-control_bands_256_6000x6000.png,2026-09-19T21:21:45Z,control_bands_256_6000x6000.png,6000,6000,Adaptive_Median,5,20,dynamic,1,off-avx2,yes,unset,unset,hype2,12.2.0,-O3 -Wall -Wextra -std=c++17 -fopenmp -ffp-contract=off -DOMP_EXPLICIT_SIMD=0 -fno-tree-vectorize -march=haswell,627.337061,8f9bc97f03d5aae1,passed
adaptive-simd_omp-t20-dynamicx1-r5-sky.jpg,2026-09-19T21:21:47Z,sky.jpg,6936,9248,Adaptive_Median,5,20,dynamic,1,omp,yes,unset,unset,hype2,12.2.0,-O3 -Wall -Wextra -std=c++17 -fopenmp -ffp-contract=off -DOMP_EXPLICIT_SIMD=1,1085.011143,1e7ae9152e9643d5,passed
adaptive-simd_omp-t20-dynamicx1-r5-stars.jpg,2026-09-19T21:21:50Z,stars.jpg,12960,8640,Adaptive_Median,5,20,dynamic,1,omp,yes,unset,unset,hype2,12.2.0,-O3 -Wall -Wextra -std=c++17 -fopenmp -ffp-contract=off -DOMP_EXPLICIT_SIMD=1,1694.214020,626f977055f1c658,passed
adaptive-simd_omp-t20-dynamicx1-r5-rain_paisage.jpg,2026-09-19T21:21:57Z,rain_paisage.jpg,12288,16320,Adaptive_Median,5,20,dynamic,1,omp,yes,unset,unset,hype2,12.2.0,-O3 -Wall -Wextra -std=c++17 -fopenmp -ffp-contract=off -DOMP_EXPLICIT_SIMD=1,3241.540151,d0fdcd4b2e74abf3,passed
adaptive-simd_omp-t20-dynamicx1-r5-firework.jpg,2026-09-19T21:22:03Z,firework.jpg,11125,16688,Adaptive_Median,5,20,dynamic,1,omp,yes,unset,unset,hype2,12.2.0,-O3 -Wall -Wextra -std=c++17 -fopenmp -ffp-contract=off -DOMP_EXPLICIT_SIMD=1,3126.920745,cae2b8384ddb6aac,passed
adaptive-simd_omp-t20-dynamicx1-r5-control_smooth_6000x6000.png,2026-09-19T21:22:04Z,control_smooth_6000x6000.png,6000,6000,Adaptive_Median,5,20,dynamic,1,omp,yes,unset,unset,hype2,12.2.0,-O3 -Wall -Wextra -std=c++17 -fopenmp -ffp-contract=off -DOMP_EXPLICIT_SIMD=1,834.010412,596e3c6929662ab9,passed
adaptive-simd_omp-t20-dynamicx1-r5-control_noise_6000x6000.png,2026-09-19T21:22:05Z,control_noise_6000x6000.png,6000,6000,Adaptive_Median,5,20,dynamic,1,omp,yes,unset,unset,hype2,12.2.0,-O3 -Wall -Wextra -std=c++17 -fopenmp -ffp-contract=off -DOMP_EXPLICIT_SIMD=1,580.891563,fcb58a627e9d9740,passed
adaptive-simd_omp-t20-dynamicx1-r5-control_half_noise_6000x6000.png,2026-09-19T21:22:07Z,control_half_noise_6000x6000.png,6000,6000,Adaptive_Median,5,20,dynamic,1,omp,yes,unset,unset,hype2,12.2.0,-O3 -Wall -Wextra -std=c++17 -fopenmp -ffp-contract=off -DOMP_EXPLICIT_SIMD=1,613.653398,9d92a48896bfc25a,passed
adaptive-simd_omp-t20-dynamicx1-r5-control_bands_256_6000x6000.png,2026-09-19T21:22:08Z,control_bands_256_6000x6000.png,6000,6000,Adaptive_Median,5,20,dynamic,1,omp,yes,unset,unset,hype2,12.2.0,-O3 -Wall -Wextra -std=c++17 -fopenmp -ffp-contract=off -DOMP_EXPLICIT_SIMD=1,618.903999,8f9bc97f03d5aae1,passed
adaptive-simd_omp-avx2-t20-dynamicx1-r5-sky.jpg,2026-09-19T21:22:10Z,sky.jpg,6936,9248,Adaptive_Median,5,20,dynamic,1,omp-avx2,yes,unset,unset,hype2,12.2.0,-O3 -Wall -Wextra -std=c++17 -fopenmp -ffp-contract=off -DOMP_EXPLICIT_SIMD=1 -march=haswell,1106.272809,1e7ae9152e9643d5,passed
adaptive-simd_omp-avx2-t20-dynamicx1-r5-stars.jpg,2026-09-19T21:22:14Z,stars.jpg,12960,8640,Adaptive_Median,5,20,dynamic,1,omp-avx2,yes,unset,unset,hype2,12.2.0,-O3 -Wall -Wextra -std=c++17 -fopenmp -ffp-contract=off -DOMP_EXPLICIT_SIMD=1 -march=haswell,1754.342145,626f977055f1c658,passed
adaptive-simd_omp-avx2-t20-dynamicx1-r5-rain_paisage.jpg,2026-09-19T21:22:21Z,rain_paisage.jpg,12288,16320,Adaptive_Median,5,20,dynamic,1,omp-avx2,yes,unset,unset,hype2,12.2.0,-O3 -Wall -Wextra -std=c++17 -fopenmp -ffp-contract=off -DOMP_EXPLICIT_SIMD=1 -march=haswell,3333.534807,d0fdcd4b2e74abf3,passed
adaptive-simd_omp-avx2-t20-dynamicx1-r5-firework.jpg,2026-09-19T21:22:27Z,firework.jpg,11125,16688,Adaptive_Median,5,20,dynamic,1,omp-avx2,yes,unset,unset,hype2,12.2.0,-O3 -Wall -Wextra -std=c++17 -fopenmp -ffp-contract=off -DOMP_EXPLICIT_SIMD=1 -march=haswell,3237.041714,cae2b8384ddb6aac,passed
adaptive-simd_omp-avx2-t20-dynamicx1-r5-control_smooth_6000x6000.png,2026-09-19T21:22:28Z,control_smooth_6000x6000.png,6000,6000,Adaptive_Median,5,20,dynamic,1,omp-avx2,yes,unset,unset,hype2,12.2.0,-O3 -Wall -Wextra -std=c++17 -fopenmp -ffp-contract=off -DOMP_EXPLICIT_SIMD=1 -march=haswell,845.676885,596e3c6929662ab9,passed
adaptive-simd_omp-avx2-t20-dynamicx1-r5-control_noise_6000x6000.png,2026-09-19T21:22:29Z,control_noise_6000x6000.png,6000,6000,Adaptive_Median,5,20,dynamic,1,omp-avx2,yes,unset,unset,hype2,12.2.0,-O3 -Wall -Wextra -std=c++17 -fopenmp -ffp-contract=off -DOMP_EXPLICIT_SIMD=1 -march=haswell,617.197307,fcb58a627e9d9740,passed
adaptive-simd_omp-avx2-t20-dynamicx1-r5-control_half_noise_6000x6000.png,2026-09-19T21:22:31Z,control_half_noise_6000x6000.png,6000,6000,Adaptive_Median,5,20,dynamic,1,omp-avx2,yes,unset,unset,hype2,12.2.0,-O3 -Wall -Wextra -std=c++17 -fopenmp -ffp-contract=off -DOMP_EXPLICIT_SIMD=1 -march=haswell,630.034785,9d92a48896bfc25a,passed
adaptive-simd_omp-avx2-t20-dynamicx1-r5-control_bands_256_6000x6000.png,2026-09-19T21:22:32Z,control_bands_256_6000x6000.png,6000,6000,Adaptive_Median,5,20,dynamic,1,omp-avx2,yes,unset,unset,hype2,12.2.0,-O3 -Wall -Wextra -std=c++17 -fopenmp -ffp-contract=off -DOMP_EXPLICIT_SIMD=1 -march=haswell,634.222992,8f9bc97f03d5aae1,passed
adaptive-simd_off-t20-dynamicx4-r5-sky.jpg,2026-09-19T21:22:34Z,sky.jpg,6936,9248,Adaptive_Median,5,20,dynamic,4,off,yes,unset,unset,hype2,12.2.0,-O3 -Wall -Wextra -std=c++17 -fopenmp -ffp-contract=off -DOMP_EXPLICIT_SIMD=0 -fno-tree-vectorize,1043.438738,1e7ae9152e9643d5,passed
adaptive-simd_off-t20-dynamicx4-r5-stars.jpg,2026-09-19T21:22:38Z,stars.jpg,12960,8640,Adaptive_Median,5,20,dynamic,4,off,yes,unset,unset,hype2,12.2.0,-O3 -Wall -Wextra -std=c++17 -fopenmp -ffp-contract=off -DOMP_EXPLICIT_SIMD=0 -fno-tree-vectorize,1647.881735,626f977055f1c658,passed
adaptive-simd_off-t20-dynamicx4-r5-rain_paisage.jpg,2026-09-19T21:22:44Z,rain_paisage.jpg,12288,16320,Adaptive_Median,5,20,dynamic,4,off,yes,unset,unset,hype2,12.2.0,-O3 -Wall -Wextra -std=c++17 -fopenmp -ffp-contract=off -DOMP_EXPLICIT_SIMD=0 -fno-tree-vectorize,3165.975212,d0fdcd4b2e74abf3,passed
adaptive-simd_off-t20-dynamicx4-r5-firework.jpg,2026-09-19T21:22:50Z,firework.jpg,11125,16688,Adaptive_Median,5,20,dynamic,4,off,yes,unset,unset,hype2,12.2.0,-O3 -Wall -Wextra -std=c++17 -fopenmp -ffp-contract=off -DOMP_EXPLICIT_SIMD=0 -fno-tree-vectorize,3059.485916,cae2b8384ddb6aac,passed
adaptive-simd_off-t20-dynamicx4-r5-control_smooth_6000x6000.png,2026-09-19T21:22:51Z,control_smooth_6000x6000.png,6000,6000,Adaptive_Median,5,20,dynamic,4,off,yes,unset,unset,hype2,12.2.0,-O3 -Wall -Wextra -std=c++17 -fopenmp -ffp-contract=off -DOMP_EXPLICIT_SIMD=0 -fno-tree-vectorize,815.437511,596e3c6929662ab9,passed
adaptive-simd_off-t20-dynamicx4-r5-control_noise_6000x6000.png,2026-09-19T21:22:53Z,control_noise_6000x6000.png,6000,6000,Adaptive_Median,5,20,dynamic,4,off,yes,unset,unset,hype2,12.2.0,-O3 -Wall -Wextra -std=c++17 -fopenmp -ffp-contract=off -DOMP_EXPLICIT_SIMD=0 -fno-tree-vectorize,566.627334,fcb58a627e9d9740,passed
adaptive-simd_off-t20-dynamicx4-r5-control_half_noise_6000x6000.png,2026-09-19T21:22:54Z,control_half_noise_6000x6000.png,6000,6000,Adaptive_Median,5,20,dynamic,4,off,yes,unset,unset,hype2,12.2.0,-O3 -Wall -Wextra -std=c++17 -fopenmp -ffp-contract=off -DOMP_EXPLICIT_SIMD=0 -fno-tree-vectorize,599.780960,9d92a48896bfc25a,passed
adaptive-simd_off-t20-dynamicx4-r5-control_bands_256_6000x6000.png,2026-09-19T21:22:55Z,control_bands_256_6000x6000.png,6000,6000,Adaptive_Median,5,20,dynamic,4,off,yes,unset,unset,hype2,12.2.0,-O3 -Wall -Wextra -std=c++17 -fopenmp -ffp-contract=off -DOMP_EXPLICIT_SIMD=0 -fno-tree-vectorize,603.239873,8f9bc97f03d5aae1,passed
adaptive-simd_off-avx2-t20-dynamicx4-r5-sky.jpg,2026-09-19T21:22:57Z,sky.jpg,6936,9248,Adaptive_Median,5,20,dynamic,4,off-avx2,yes,unset,unset,hype2,12.2.0,-O3 -Wall -Wextra -std=c++17 -fopenmp -ffp-contract=off -DOMP_EXPLICIT_SIMD=0 -fno-tree-vectorize -march=haswell,1084.706291,1e7ae9152e9643d5,passed
adaptive-simd_off-avx2-t20-dynamicx4-r5-stars.jpg,2026-09-19T21:23:01Z,stars.jpg,12960,8640,Adaptive_Median,5,20,dynamic,4,off-avx2,yes,unset,unset,hype2,12.2.0,-O3 -Wall -Wextra -std=c++17 -fopenmp -ffp-contract=off -DOMP_EXPLICIT_SIMD=0 -fno-tree-vectorize -march=haswell,1725.358012,626f977055f1c658,passed
adaptive-simd_off-avx2-t20-dynamicx4-r5-rain_paisage.jpg,2026-09-19T21:23:08Z,rain_paisage.jpg,12288,16320,Adaptive_Median,5,20,dynamic,4,off-avx2,yes,unset,unset,hype2,12.2.0,-O3 -Wall -Wextra -std=c++17 -fopenmp -ffp-contract=off -DOMP_EXPLICIT_SIMD=0 -fno-tree-vectorize -march=haswell,3289.534344,d0fdcd4b2e74abf3,passed
adaptive-simd_off-avx2-t20-dynamicx4-r5-firework.jpg,2026-09-19T21:23:14Z,firework.jpg,11125,16688,Adaptive_Median,5,20,dynamic,4,off-avx2,yes,unset,unset,hype2,12.2.0,-O3 -Wall -Wextra -std=c++17 -fopenmp -ffp-contract=off -DOMP_EXPLICIT_SIMD=0 -fno-tree-vectorize -march=haswell,3178.482839,cae2b8384ddb6aac,passed
adaptive-simd_off-avx2-t20-dynamicx4-r5-control_smooth_6000x6000.png,2026-09-19T21:23:15Z,control_smooth_6000x6000.png,6000,6000,Adaptive_Median,5,20,dynamic,4,off-avx2,yes,unset,unset,hype2,12.2.0,-O3 -Wall -Wextra -std=c++17 -fopenmp -ffp-contract=off -DOMP_EXPLICIT_SIMD=0 -fno-tree-vectorize -march=haswell,841.266972,596e3c6929662ab9,passed
adaptive-simd_off-avx2-t20-dynamicx4-r5-control_noise_6000x6000.png,2026-09-19T21:23:17Z,control_noise_6000x6000.png,6000,6000,Adaptive_Median,5,20,dynamic,4,off-avx2,yes,unset,unset,hype2,12.2.0,-O3 -Wall -Wextra -std=c++17 -fopenmp -ffp-contract=off -DOMP_EXPLICIT_SIMD=0 -fno-tree-vectorize -march=haswell,623.764819,fcb58a627e9d9740,passed
adaptive-simd_off-avx2-t20-dynamicx4-r5-control_half_noise_6000x6000.png,2026-09-19T21:23:18Z,control_half_noise_6000x6000.png,6000,6000,Adaptive_Median,5,20,dynamic,4,off-avx2,yes,unset,unset,hype2,12.2.0,-O3 -Wall -Wextra -std=c++17 -fopenmp -ffp-contract=off -DOMP_EXPLICIT_SIMD=0 -fno-tree-vectorize -march=haswell,623.430670,9d92a48896bfc25a,passed
adaptive-simd_off-avx2-t20-dynamicx4-r5-control_bands_256_6000x6000.png,2026-09-19T21:23:19Z,control_bands_256_6000x6000.png,6000,6000,Adaptive_Median,5,20,dynamic,4,off-avx2,yes,unset,unset,hype2,12.2.0,-O3 -Wall -Wextra -std=c++17 -fopenmp -ffp-contract=off -DOMP_EXPLICIT_SIMD=0 -fno-tree-vectorize -march=haswell,628.854641,8f9bc97f03d5aae1,passed
adaptive-simd_omp-t20-dynamicx4-r5-sky.jpg,2026-09-19T21:23:21Z,sky.jpg,6936,9248,Adaptive_Median,5,20,dynamic,4,omp,yes,unset,unset,hype2,12.2.0,-O3 -Wall -Wextra -std=c++17 -fopenmp -ffp-contract=off -DOMP_EXPLICIT_SIMD=1,1069.015230,1e7ae9152e9643d5,passed
adaptive-simd_omp-t20-dynamicx4-r5-stars.jpg,2026-09-19T21:23:25Z,stars.jpg,12960,8640,Adaptive_Median,5,20,dynamic,4,omp,yes,unset,unset,hype2,12.2.0,-O3 -Wall -Wextra -std=c++17 -fopenmp -ffp-contract=off -DOMP_EXPLICIT_SIMD=1,1694.662224,626f977055f1c658,passed
adaptive-simd_omp-t20-dynamicx4-r5-rain_paisage.jpg,2026-09-19T21:23:32Z,rain_paisage.jpg,12288,16320,Adaptive_Median,5,20,dynamic,4,omp,yes,unset,unset,hype2,12.2.0,-O3 -Wall -Wextra -std=c++17 -fopenmp -ffp-contract=off -DOMP_EXPLICIT_SIMD=1,3231.872088,d0fdcd4b2e74abf3,passed
adaptive-simd_omp-t20-dynamicx4-r5-firework.jpg,2026-09-19T21:23:38Z,firework.jpg,11125,16688,Adaptive_Median,5,20,dynamic,4,omp,yes,unset,unset,hype2,12.2.0,-O3 -Wall -Wextra -std=c++17 -fopenmp -ffp-contract=off -DOMP_EXPLICIT_SIMD=1,3117.383211,cae2b8384ddb6aac,passed
adaptive-simd_omp-t20-dynamicx4-r5-control_smooth_6000x6000.png,2026-09-19T21:23:39Z,control_smooth_6000x6000.png,6000,6000,Adaptive_Median,5,20,dynamic,4,omp,yes,unset,unset,hype2,12.2.0,-O3 -Wall -Wextra -std=c++17 -fopenmp -ffp-contract=off -DOMP_EXPLICIT_SIMD=1,832.792738,596e3c6929662ab9,passed
adaptive-simd_omp-t20-dynamicx4-r5-control_noise_6000x6000.png,2026-09-19T21:23:40Z,control_noise_6000x6000.png,6000,6000,Adaptive_Median,5,20,dynamic,4,omp,yes,unset,unset,hype2,12.2.0,-O3 -Wall -Wextra -std=c++17 -fopenmp -ffp-contract=off -DOMP_EXPLICIT_SIMD=1,582.890181,fcb58a627e9d9740,passed
adaptive-simd_omp-t20-dynamicx4-r5-control_half_noise_6000x6000.png,2026-09-19T21:23:42Z,control_half_noise_6000x6000.png,6000,6000,Adaptive_Median,5,20,dynamic,4,omp,yes,unset,unset,hype2,12.2.0,-O3 -Wall -Wextra -std=c++17 -fopenmp -ffp-contract=off -DOMP_EXPLICIT_SIMD=1,613.819088,9d92a48896bfc25a,passed
adaptive-simd_omp-t20-dynamicx4-r5-control_bands_256_6000x6000.png,2026-09-19T21:23:43Z,control_bands_256_6000x6000.png,6000,6000,Adaptive_Median,5,20,dynamic,4,omp,yes,unset,unset,hype2,12.2.0,-O3 -Wall -Wextra -std=c++17 -fopenmp -ffp-contract=off -DOMP_EXPLICIT_SIMD=1,617.863513,8f9bc97f03d5aae1,passed
adaptive-simd_omp-avx2-t20-dynamicx4-r5-sky.jpg,2026-09-19T21:23:45Z,sky.jpg,6936,9248,Adaptive_Median,5,20,dynamic,4,omp-avx2,yes,unset,unset,hype2,12.2.0,-O3 -Wall -Wextra -std=c++17 -fopenmp -ffp-contract=off -DOMP_EXPLICIT_SIMD=1 -march=haswell,1106.587832,1e7ae9152e9643d5,passed
adaptive-simd_omp-avx2-t20-dynamicx4-r5-stars.jpg,2026-09-19T21:23:49Z,stars.jpg,12960,8640,Adaptive_Median,5,20,dynamic,4,omp-avx2,yes,unset,unset,hype2,12.2.0,-O3 -Wall -Wextra -std=c++17 -fopenmp -ffp-contract=off -DOMP_EXPLICIT_SIMD=1 -march=haswell,1754.812257,626f977055f1c658,passed
adaptive-simd_omp-avx2-t20-dynamicx4-r5-rain_paisage.jpg,2026-09-19T21:23:56Z,rain_paisage.jpg,12288,16320,Adaptive_Median,5,20,dynamic,4,omp-avx2,yes,unset,unset,hype2,12.2.0,-O3 -Wall -Wextra -std=c++17 -fopenmp -ffp-contract=off -DOMP_EXPLICIT_SIMD=1 -march=haswell,3332.800935,d0fdcd4b2e74abf3,passed
adaptive-simd_omp-avx2-t20-dynamicx4-r5-firework.jpg,2026-09-19T21:24:02Z,firework.jpg,11125,16688,Adaptive_Median,5,20,dynamic,4,omp-avx2,yes,unset,unset,hype2,12.2.0,-O3 -Wall -Wextra -std=c++17 -fopenmp -ffp-contract=off -DOMP_EXPLICIT_SIMD=1 -march=haswell,3228.053634,cae2b8384ddb6aac,passed
adaptive-simd_omp-avx2-t20-dynamicx4-r5-control_smooth_6000x6000.png,2026-09-19T21:24:03Z,control_smooth_6000x6000.png,6000,6000,Adaptive_Median,5,20,dynamic,4,omp-avx2,yes,unset,unset,hype2,12.2.0,-O3 -Wall -Wextra -std=c++17 -fopenmp -ffp-contract=off -DOMP_EXPLICIT_SIMD=1 -march=haswell,845.034653,596e3c6929662ab9,passed
adaptive-simd_omp-avx2-t20-dynamicx4-r5-control_noise_6000x6000.png,2026-09-19T21:24:04Z,control_noise_6000x6000.png,6000,6000,Adaptive_Median,5,20,dynamic,4,omp-avx2,yes,unset,unset,hype2,12.2.0,-O3 -Wall -Wextra -std=c++17 -fopenmp -ffp-contract=off -DOMP_EXPLICIT_SIMD=1 -march=haswell,616.512064,fcb58a627e9d9740,passed
adaptive-simd_omp-avx2-t20-dynamicx4-r5-control_half_noise_6000x6000.png,2026-09-19T21:24:05Z,control_half_noise_6000x6000.png,6000,6000,Adaptive_Median,5,20,dynamic,4,omp-avx2,yes,unset,unset,hype2,12.2.0,-O3 -Wall -Wextra -std=c++17 -fopenmp -ffp-contract=off -DOMP_EXPLICIT_SIMD=1 -march=haswell,629.662219,9d92a48896bfc25a,passed
adaptive-simd_omp-avx2-t20-dynamicx4-r5-control_bands_256_6000x6000.png,2026-09-19T21:24:07Z,control_bands_256_6000x6000.png,6000,6000,Adaptive_Median,5,20,dynamic,4,omp-avx2,yes,unset,unset,hype2,12.2.0,-O3 -Wall -Wextra -std=c++17 -fopenmp -ffp-contract=off -DOMP_EXPLICIT_SIMD=1 -march=haswell,635.790441,8f9bc97f03d5aae1,passed
adaptive-simd_off-t20-dynamicx16-r5-sky.jpg,2026-09-19T21:24:09Z,sky.jpg,6936,9248,Adaptive_Median,5,20,dynamic,16,off,yes,unset,unset,hype2,12.2.0,-O3 -Wall -Wextra -std=c++17 -fopenmp -ffp-contract=off -DOMP_EXPLICIT_SIMD=0 -fno-tree-vectorize,1042.061187,1e7ae9152e9643d5,passed
adaptive-simd_off-t20-dynamicx16-r5-stars.jpg,2026-09-19T21:24:13Z,stars.jpg,12960,8640,Adaptive_Median,5,20,dynamic,16,off,yes,unset,unset,hype2,12.2.0,-O3 -Wall -Wextra -std=c++17 -fopenmp -ffp-contract=off -DOMP_EXPLICIT_SIMD=0 -fno-tree-vectorize,1660.465300,626f977055f1c658,passed
adaptive-simd_off-t20-dynamicx16-r5-rain_paisage.jpg,2026-09-19T21:24:19Z,rain_paisage.jpg,12288,16320,Adaptive_Median,5,20,dynamic,16,off,yes,unset,unset,hype2,12.2.0,-O3 -Wall -Wextra -std=c++17 -fopenmp -ffp-contract=off -DOMP_EXPLICIT_SIMD=0 -fno-tree-vectorize,3207.477521,d0fdcd4b2e74abf3,passed
adaptive-simd_off-t20-dynamicx16-r5-firework.jpg,2026-09-19T21:24:25Z,firework.jpg,11125,16688,Adaptive_Median,5,20,dynamic,16,off,yes,unset,unset,hype2,12.2.0,-O3 -Wall -Wextra -std=c++17 -fopenmp -ffp-contract=off -DOMP_EXPLICIT_SIMD=0 -fno-tree-vectorize,3082.970127,cae2b8384ddb6aac,passed
adaptive-simd_off-t20-dynamicx16-r5-control_smooth_6000x6000.png,2026-09-19T21:24:26Z,control_smooth_6000x6000.png,6000,6000,Adaptive_Median,5,20,dynamic,16,off,yes,unset,unset,hype2,12.2.0,-O3 -Wall -Wextra -std=c++17 -fopenmp -ffp-contract=off -DOMP_EXPLICIT_SIMD=0 -fno-tree-vectorize,822.062973,596e3c6929662ab9,passed
adaptive-simd_off-t20-dynamicx16-r5-control_noise_6000x6000.png,2026-09-19T21:24:28Z,control_noise_6000x6000.png,6000,6000,Adaptive_Median,5,20,dynamic,16,off,yes,unset,unset,hype2,12.2.0,-O3 -Wall -Wextra -std=c++17 -fopenmp -ffp-contract=off -DOMP_EXPLICIT_SIMD=0 -fno-tree-vectorize,573.632009,fcb58a627e9d9740,passed
adaptive-simd_off-t20-dynamicx16-r5-control_half_noise_6000x6000.png,2026-09-19T21:24:29Z,control_half_noise_6000x6000.png,6000,6000,Adaptive_Median,5,20,dynamic,16,off,yes,unset,unset,hype2,12.2.0,-O3 -Wall -Wextra -std=c++17 -fopenmp -ffp-contract=off -DOMP_EXPLICIT_SIMD=0 -fno-tree-vectorize,603.092292,9d92a48896bfc25a,passed
adaptive-simd_off-t20-dynamicx16-r5-control_bands_256_6000x6000.png,2026-09-19T21:24:30Z,control_bands_256_6000x6000.png,6000,6000,Adaptive_Median,5,20,dynamic,16,off,yes,unset,unset,hype2,12.2.0,-O3 -Wall -Wextra -std=c++17 -fopenmp -ffp-contract=off -DOMP_EXPLICIT_SIMD=0 -fno-tree-vectorize,607.355801,8f9bc97f03d5aae1,passed
adaptive-simd_off-avx2-t20-dynamicx16-r5-sky.jpg,2026-09-19T21:24:32Z,sky.jpg,6936,9248,Adaptive_Median,5,20,dynamic,16,off-avx2,yes,unset,unset,hype2,12.2.0,-O3 -Wall -Wextra -std=c++17 -fopenmp -ffp-contract=off -DOMP_EXPLICIT_SIMD=0 -fno-tree-vectorize -march=haswell,1083.700370,1e7ae9152e9643d5,passed
adaptive-simd_off-avx2-t20-dynamicx16-r5-stars.jpg,2026-09-19T21:24:36Z,stars.jpg,12960,8640,Adaptive_Median,5,20,dynamic,16,off-avx2,yes,unset,unset,hype2,12.2.0,-O3 -Wall -Wextra -std=c++17 -fopenmp -ffp-contract=off -DOMP_EXPLICIT_SIMD=0 -fno-tree-vectorize -march=haswell,1726.598544,626f977055f1c658,passed
adaptive-simd_off-avx2-t20-dynamicx16-r5-rain_paisage.jpg,2026-09-19T21:24:43Z,rain_paisage.jpg,12288,16320,Adaptive_Median,5,20,dynamic,16,off-avx2,yes,unset,unset,hype2,12.2.0,-O3 -Wall -Wextra -std=c++17 -fopenmp -ffp-contract=off -DOMP_EXPLICIT_SIMD=0 -fno-tree-vectorize -march=haswell,3317.138334,d0fdcd4b2e74abf3,passed
adaptive-simd_off-avx2-t20-dynamicx16-r5-firework.jpg,2026-09-19T21:24:49Z,firework.jpg,11125,16688,Adaptive_Median,5,20,dynamic,16,off-avx2,yes,unset,unset,hype2,12.2.0,-O3 -Wall -Wextra -std=c++17 -fopenmp -ffp-contract=off -DOMP_EXPLICIT_SIMD=0 -fno-tree-vectorize -march=haswell,3224.952763,cae2b8384ddb6aac,passed
adaptive-simd_off-avx2-t20-dynamicx16-r5-control_smooth_6000x6000.png,2026-09-19T21:24:50Z,control_smooth_6000x6000.png,6000,6000,Adaptive_Median,5,20,dynamic,16,off-avx2,yes,unset,unset,hype2,12.2.0,-O3 -Wall -Wextra -std=c++17 -fopenmp -ffp-contract=off -DOMP_EXPLICIT_SIMD=0 -fno-tree-vectorize -march=haswell,844.013043,596e3c6929662ab9,passed
adaptive-simd_off-avx2-t20-dynamicx16-r5-control_noise_6000x6000.png,2026-09-19T21:24:51Z,control_noise_6000x6000.png,6000,6000,Adaptive_Median,5,20,dynamic,16,off-avx2,yes,unset,unset,hype2,12.2.0,-O3 -Wall -Wextra -std=c++17 -fopenmp -ffp-contract=off -DOMP_EXPLICIT_SIMD=0 -fno-tree-vectorize -march=haswell,602.608551,fcb58a627e9d9740,passed
adaptive-simd_off-avx2-t20-dynamicx16-r5-control_half_noise_6000x6000.png,2026-09-19T21:24:53Z,control_half_noise_6000x6000.png,6000,6000,Adaptive_Median,5,20,dynamic,16,off-avx2,yes,unset,unset,hype2,12.2.0,-O3 -Wall -Wextra -std=c++17 -fopenmp -ffp-contract=off -DOMP_EXPLICIT_SIMD=0 -fno-tree-vectorize -march=haswell,625.897810,9d92a48896bfc25a,passed
adaptive-simd_off-avx2-t20-dynamicx16-r5-control_bands_256_6000x6000.png,2026-09-19T21:24:54Z,control_bands_256_6000x6000.png,6000,6000,Adaptive_Median,5,20,dynamic,16,off-avx2,yes,unset,unset,hype2,12.2.0,-O3 -Wall -Wextra -std=c++17 -fopenmp -ffp-contract=off -DOMP_EXPLICIT_SIMD=0 -fno-tree-vectorize -march=haswell,630.332869,8f9bc97f03d5aae1,passed
adaptive-simd_omp-t20-dynamicx16-r5-sky.jpg,2026-09-19T21:24:56Z,sky.jpg,6936,9248,Adaptive_Median,5,20,dynamic,16,omp,yes,unset,unset,hype2,12.2.0,-O3 -Wall -Wextra -std=c++17 -fopenmp -ffp-contract=off -DOMP_EXPLICIT_SIMD=1,1067.699704,1e7ae9152e9643d5,passed
adaptive-simd_omp-t20-dynamicx16-r5-stars.jpg,2026-09-19T21:25:00Z,stars.jpg,12960,8640,Adaptive_Median,5,20,dynamic,16,omp,yes,unset,unset,hype2,12.2.0,-O3 -Wall -Wextra -std=c++17 -fopenmp -ffp-contract=off -DOMP_EXPLICIT_SIMD=1,1708.821011,626f977055f1c658,passed
adaptive-simd_omp-t20-dynamicx16-r5-rain_paisage.jpg,2026-09-19T21:25:07Z,rain_paisage.jpg,12288,16320,Adaptive_Median,5,20,dynamic,16,omp,yes,unset,unset,hype2,12.2.0,-O3 -Wall -Wextra -std=c++17 -fopenmp -ffp-contract=off -DOMP_EXPLICIT_SIMD=1,3230.998992,d0fdcd4b2e74abf3,passed
adaptive-simd_omp-t20-dynamicx16-r5-firework.jpg,2026-09-19T21:25:13Z,firework.jpg,11125,16688,Adaptive_Median,5,20,dynamic,16,omp,yes,unset,unset,hype2,12.2.0,-O3 -Wall -Wextra -std=c++17 -fopenmp -ffp-contract=off -DOMP_EXPLICIT_SIMD=1,3142.338587,cae2b8384ddb6aac,passed
adaptive-simd_omp-t20-dynamicx16-r5-control_smooth_6000x6000.png,2026-09-19T21:25:14Z,control_smooth_6000x6000.png,6000,6000,Adaptive_Median,5,20,dynamic,16,omp,yes,unset,unset,hype2,12.2.0,-O3 -Wall -Wextra -std=c++17 -fopenmp -ffp-contract=off -DOMP_EXPLICIT_SIMD=1,839.564955,596e3c6929662ab9,passed
adaptive-simd_omp-t20-dynamicx16-r5-control_noise_6000x6000.png,2026-09-19T21:25:15Z,control_noise_6000x6000.png,6000,6000,Adaptive_Median,5,20,dynamic,16,omp,yes,unset,unset,hype2,12.2.0,-O3 -Wall -Wextra -std=c++17 -fopenmp -ffp-contract=off -DOMP_EXPLICIT_SIMD=1,588.757820,fcb58a627e9d9740,passed
adaptive-simd_omp-t20-dynamicx16-r5-control_half_noise_6000x6000.png,2026-09-19T21:25:16Z,control_half_noise_6000x6000.png,6000,6000,Adaptive_Median,5,20,dynamic,16,omp,yes,unset,unset,hype2,12.2.0,-O3 -Wall -Wextra -std=c++17 -fopenmp -ffp-contract=off -DOMP_EXPLICIT_SIMD=1,619.554139,9d92a48896bfc25a,passed
adaptive-simd_omp-t20-dynamicx16-r5-control_bands_256_6000x6000.png,2026-09-19T21:25:18Z,control_bands_256_6000x6000.png,6000,6000,Adaptive_Median,5,20,dynamic,16,omp,yes,unset,unset,hype2,12.2.0,-O3 -Wall -Wextra -std=c++17 -fopenmp -ffp-contract=off -DOMP_EXPLICIT_SIMD=1,640.957085,8f9bc97f03d5aae1,passed
adaptive-simd_omp-avx2-t20-dynamicx16-r5-sky.jpg,2026-09-19T21:25:20Z,sky.jpg,6936,9248,Adaptive_Median,5,20,dynamic,16,omp-avx2,yes,unset,unset,hype2,12.2.0,-O3 -Wall -Wextra -std=c++17 -fopenmp -ffp-contract=off -DOMP_EXPLICIT_SIMD=1 -march=haswell,1105.814185,1e7ae9152e9643d5,passed
adaptive-simd_omp-avx2-t20-dynamicx16-r5-stars.jpg,2026-09-19T21:25:24Z,stars.jpg,12960,8640,Adaptive_Median,5,20,dynamic,16,omp-avx2,yes,unset,unset,hype2,12.2.0,-O3 -Wall -Wextra -std=c++17 -fopenmp -ffp-contract=off -DOMP_EXPLICIT_SIMD=1 -march=haswell,1755.489205,626f977055f1c658,passed
adaptive-simd_omp-avx2-t20-dynamicx16-r5-rain_paisage.jpg,2026-09-19T21:25:30Z,rain_paisage.jpg,12288,16320,Adaptive_Median,5,20,dynamic,16,omp-avx2,yes,unset,unset,hype2,12.2.0,-O3 -Wall -Wextra -std=c++17 -fopenmp -ffp-contract=off -DOMP_EXPLICIT_SIMD=1 -march=haswell,3336.122764,d0fdcd4b2e74abf3,passed
adaptive-simd_omp-avx2-t20-dynamicx16-r5-firework.jpg,2026-09-19T21:25:37Z,firework.jpg,11125,16688,Adaptive_Median,5,20,dynamic,16,omp-avx2,yes,unset,unset,hype2,12.2.0,-O3 -Wall -Wextra -std=c++17 -fopenmp -ffp-contract=off -DOMP_EXPLICIT_SIMD=1 -march=haswell,3252.080564,cae2b8384ddb6aac,passed
adaptive-simd_omp-avx2-t20-dynamicx16-r5-control_smooth_6000x6000.png,2026-09-19T21:25:38Z,control_smooth_6000x6000.png,6000,6000,Adaptive_Median,5,20,dynamic,16,omp-avx2,yes,unset,unset,hype2,12.2.0,-O3 -Wall -Wextra -std=c++17 -fopenmp -ffp-contract=off -DOMP_EXPLICIT_SIMD=1 -march=haswell,854.246512,596e3c6929662ab9,passed
adaptive-simd_omp-avx2-t20-dynamicx16-r5-control_noise_6000x6000.png,2026-09-19T21:25:39Z,control_noise_6000x6000.png,6000,6000,Adaptive_Median,5,20,dynamic,16,omp-avx2,yes,unset,unset,hype2,12.2.0,-O3 -Wall -Wextra -std=c++17 -fopenmp -ffp-contract=off -DOMP_EXPLICIT_SIMD=1 -march=haswell,621.293933,fcb58a627e9d9740,passed
adaptive-simd_omp-avx2-t20-dynamicx16-r5-control_half_noise_6000x6000.png,2026-09-19T21:25:40Z,control_half_noise_6000x6000.png,6000,6000,Adaptive_Median,5,20,dynamic,16,omp-avx2,yes,unset,unset,hype2,12.2.0,-O3 -Wall -Wextra -std=c++17 -fopenmp -ffp-contract=off -DOMP_EXPLICIT_SIMD=1 -march=haswell,636.606433,9d92a48896bfc25a,passed
adaptive-simd_omp-avx2-t20-dynamicx16-r5-control_bands_256_6000x6000.png,2026-09-19T21:25:42Z,control_bands_256_6000x6000.png,6000,6000,Adaptive_Median,5,20,dynamic,16,omp-avx2,yes,unset,unset,hype2,12.2.0,-O3 -Wall -Wextra -std=c++17 -fopenmp -ffp-contract=off -DOMP_EXPLICIT_SIMD=1 -march=haswell,636.655616,8f9bc97f03d5aae1,passed
adaptive-simd_off-t20-dynamicx64-r5-sky.jpg,2026-09-19T21:25:44Z,sky.jpg,6936,9248,Adaptive_Median,5,20,dynamic,64,off,yes,unset,unset,hype2,12.2.0,-O3 -Wall -Wextra -std=c++17 -fopenmp -ffp-contract=off -DOMP_EXPLICIT_SIMD=0 -fno-tree-vectorize,1129.153479,1e7ae9152e9643d5,passed
adaptive-simd_off-t20-dynamicx64-r5-stars.jpg,2026-09-19T21:25:48Z,stars.jpg,12960,8640,Adaptive_Median,5,20,dynamic,64,off,yes,unset,unset,hype2,12.2.0,-O3 -Wall -Wextra -std=c++17 -fopenmp -ffp-contract=off -DOMP_EXPLICIT_SIMD=0 -fno-tree-vectorize,1711.357889,626f977055f1c658,passed
adaptive-simd_off-t20-dynamicx64-r5-rain_paisage.jpg,2026-09-19T21:25:54Z,rain_paisage.jpg,12288,16320,Adaptive_Median,5,20,dynamic,64,off,yes,unset,unset,hype2,12.2.0,-O3 -Wall -Wextra -std=c++17 -fopenmp -ffp-contract=off -DOMP_EXPLICIT_SIMD=0 -fno-tree-vectorize,3212.129756,d0fdcd4b2e74abf3,passed
adaptive-simd_off-t20-dynamicx64-r5-firework.jpg,2026-09-19T21:26:00Z,firework.jpg,11125,16688,Adaptive_Median,5,20,dynamic,64,off,yes,unset,unset,hype2,12.2.0,-O3 -Wall -Wextra -std=c++17 -fopenmp -ffp-contract=off -DOMP_EXPLICIT_SIMD=0 -fno-tree-vectorize,3136.865155,cae2b8384ddb6aac,passed
adaptive-simd_off-t20-dynamicx64-r5-control_smooth_6000x6000.png,2026-09-19T21:26:02Z,control_smooth_6000x6000.png,6000,6000,Adaptive_Median,5,20,dynamic,64,off,yes,unset,unset,hype2,12.2.0,-O3 -Wall -Wextra -std=c++17 -fopenmp -ffp-contract=off -DOMP_EXPLICIT_SIMD=0 -fno-tree-vectorize,859.750303,596e3c6929662ab9,passed
adaptive-simd_off-t20-dynamicx64-r5-control_noise_6000x6000.png,2026-09-19T21:26:03Z,control_noise_6000x6000.png,6000,6000,Adaptive_Median,5,20,dynamic,64,off,yes,unset,unset,hype2,12.2.0,-O3 -Wall -Wextra -std=c++17 -fopenmp -ffp-contract=off -DOMP_EXPLICIT_SIMD=0 -fno-tree-vectorize,601.206267,fcb58a627e9d9740,passed
adaptive-simd_off-t20-dynamicx64-r5-control_half_noise_6000x6000.png,2026-09-19T21:26:04Z,control_half_noise_6000x6000.png,6000,6000,Adaptive_Median,5,20,dynamic,64,off,yes,unset,unset,hype2,12.2.0,-O3 -Wall -Wextra -std=c++17 -fopenmp -ffp-contract=off -DOMP_EXPLICIT_SIMD=0 -fno-tree-vectorize,628.280236,9d92a48896bfc25a,passed
adaptive-simd_off-t20-dynamicx64-r5-control_bands_256_6000x6000.png,2026-09-19T21:26:06Z,control_bands_256_6000x6000.png,6000,6000,Adaptive_Median,5,20,dynamic,64,off,yes,unset,unset,hype2,12.2.0,-O3 -Wall -Wextra -std=c++17 -fopenmp -ffp-contract=off -DOMP_EXPLICIT_SIMD=0 -fno-tree-vectorize,657.781383,8f9bc97f03d5aae1,passed
adaptive-simd_off-avx2-t20-dynamicx64-r5-sky.jpg,2026-09-19T21:26:08Z,sky.jpg,6936,9248,Adaptive_Median,5,20,dynamic,64,off-avx2,yes,unset,unset,hype2,12.2.0,-O3 -Wall -Wextra -std=c++17 -fopenmp -ffp-contract=off -DOMP_EXPLICIT_SIMD=0 -fno-tree-vectorize -march=haswell,1174.244971,1e7ae9152e9643d5,passed
adaptive-simd_off-avx2-t20-dynamicx64-r5-stars.jpg,2026-09-19T21:26:12Z,stars.jpg,12960,8640,Adaptive_Median,5,20,dynamic,64,off-avx2,yes,unset,unset,hype2,12.2.0,-O3 -Wall -Wextra -std=c++17 -fopenmp -ffp-contract=off -DOMP_EXPLICIT_SIMD=0 -fno-tree-vectorize -march=haswell,1786.223528,626f977055f1c658,passed
adaptive-simd_off-avx2-t20-dynamicx64-r5-rain_paisage.jpg,2026-09-19T21:26:18Z,rain_paisage.jpg,12288,16320,Adaptive_Median,5,20,dynamic,64,off-avx2,yes,unset,unset,hype2,12.2.0,-O3 -Wall -Wextra -std=c++17 -fopenmp -ffp-contract=off -DOMP_EXPLICIT_SIMD=0 -fno-tree-vectorize -march=haswell,3342.562464,d0fdcd4b2e74abf3,passed
adaptive-simd_off-avx2-t20-dynamicx64-r5-firework.jpg,2026-09-19T21:26:24Z,firework.jpg,11125,16688,Adaptive_Median,5,20,dynamic,64,off-avx2,yes,unset,unset,hype2,12.2.0,-O3 -Wall -Wextra -std=c++17 -fopenmp -ffp-contract=off -DOMP_EXPLICIT_SIMD=0 -fno-tree-vectorize -march=haswell,3266.792068,cae2b8384ddb6aac,passed
adaptive-simd_off-avx2-t20-dynamicx64-r5-control_smooth_6000x6000.png,2026-09-19T21:26:26Z,control_smooth_6000x6000.png,6000,6000,Adaptive_Median,5,20,dynamic,64,off-avx2,yes,unset,unset,hype2,12.2.0,-O3 -Wall -Wextra -std=c++17 -fopenmp -ffp-contract=off -DOMP_EXPLICIT_SIMD=0 -fno-tree-vectorize -march=haswell,880.315306,596e3c6929662ab9,passed
adaptive-simd_off-avx2-t20-dynamicx64-r5-control_noise_6000x6000.png,2026-09-19T21:26:27Z,control_noise_6000x6000.png,6000,6000,Adaptive_Median,5,20,dynamic,64,off-avx2,yes,unset,unset,hype2,12.2.0,-O3 -Wall -Wextra -std=c++17 -fopenmp -ffp-contract=off -DOMP_EXPLICIT_SIMD=0 -fno-tree-vectorize -march=haswell,630.406918,fcb58a627e9d9740,passed
adaptive-simd_off-avx2-t20-dynamicx64-r5-control_half_noise_6000x6000.png,2026-09-19T21:26:28Z,control_half_noise_6000x6000.png,6000,6000,Adaptive_Median,5,20,dynamic,64,off-avx2,yes,unset,unset,hype2,12.2.0,-O3 -Wall -Wextra -std=c++17 -fopenmp -ffp-contract=off -DOMP_EXPLICIT_SIMD=0 -fno-tree-vectorize -march=haswell,648.793302,9d92a48896bfc25a,passed
adaptive-simd_off-avx2-t20-dynamicx64-r5-control_bands_256_6000x6000.png,2026-09-19T21:26:30Z,control_bands_256_6000x6000.png,6000,6000,Adaptive_Median,5,20,dynamic,64,off-avx2,yes,unset,unset,hype2,12.2.0,-O3 -Wall -Wextra -std=c++17 -fopenmp -ffp-contract=off -DOMP_EXPLICIT_SIMD=0 -fno-tree-vectorize -march=haswell,682.279410,8f9bc97f03d5aae1,passed
adaptive-simd_omp-t20-dynamicx64-r5-sky.jpg,2026-09-19T21:26:32Z,sky.jpg,6936,9248,Adaptive_Median,5,20,dynamic,64,omp,yes,unset,unset,hype2,12.2.0,-O3 -Wall -Wextra -std=c++17 -fopenmp -ffp-contract=off -DOMP_EXPLICIT_SIMD=1,1156.730107,1e7ae9152e9643d5,passed
adaptive-simd_omp-t20-dynamicx64-r5-stars.jpg,2026-09-19T21:26:36Z,stars.jpg,12960,8640,Adaptive_Median,5,20,dynamic,64,omp,yes,unset,unset,hype2,12.2.0,-O3 -Wall -Wextra -std=c++17 -fopenmp -ffp-contract=off -DOMP_EXPLICIT_SIMD=1,1788.617686,626f977055f1c658,passed
adaptive-simd_omp-t20-dynamicx64-r5-rain_paisage.jpg,2026-09-19T21:26:43Z,rain_paisage.jpg,12288,16320,Adaptive_Median,5,20,dynamic,64,omp,yes,unset,unset,hype2,12.2.0,-O3 -Wall -Wextra -std=c++17 -fopenmp -ffp-contract=off -DOMP_EXPLICIT_SIMD=1,3275.662487,d0fdcd4b2e74abf3,passed
adaptive-simd_omp-t20-dynamicx64-r5-firework.jpg,2026-09-19T21:26:49Z,firework.jpg,11125,16688,Adaptive_Median,5,20,dynamic,64,omp,yes,unset,unset,hype2,12.2.0,-O3 -Wall -Wextra -std=c++17 -fopenmp -ffp-contract=off -DOMP_EXPLICIT_SIMD=1,3205.189139,cae2b8384ddb6aac,passed
adaptive-simd_omp-t20-dynamicx64-r5-control_smooth_6000x6000.png,2026-09-19T21:26:50Z,control_smooth_6000x6000.png,6000,6000,Adaptive_Median,5,20,dynamic,64,omp,yes,unset,unset,hype2,12.2.0,-O3 -Wall -Wextra -std=c++17 -fopenmp -ffp-contract=off -DOMP_EXPLICIT_SIMD=1,897.556536,596e3c6929662ab9,passed
adaptive-simd_omp-t20-dynamicx64-r5-control_noise_6000x6000.png,2026-09-19T21:26:51Z,control_noise_6000x6000.png,6000,6000,Adaptive_Median,5,20,dynamic,64,omp,yes,unset,unset,hype2,12.2.0,-O3 -Wall -Wextra -std=c++17 -fopenmp -ffp-contract=off -DOMP_EXPLICIT_SIMD=1,614.363784,fcb58a627e9d9740,passed
adaptive-simd_omp-t20-dynamicx64-r5-control_half_noise_6000x6000.png,2026-09-19T21:26:52Z,control_half_noise_6000x6000.png,6000,6000,Adaptive_Median,5,20,dynamic,64,omp,yes,unset,unset,hype2,12.2.0,-O3 -Wall -Wextra -std=c++17 -fopenmp -ffp-contract=off -DOMP_EXPLICIT_SIMD=1,641.938404,9d92a48896bfc25a,passed
adaptive-simd_omp-t20-dynamicx64-r5-control_bands_256_6000x6000.png,2026-09-19T21:26:54Z,control_bands_256_6000x6000.png,6000,6000,Adaptive_Median,5,20,dynamic,64,omp,yes,unset,unset,hype2,12.2.0,-O3 -Wall -Wextra -std=c++17 -fopenmp -ffp-contract=off -DOMP_EXPLICIT_SIMD=1,674.255057,8f9bc97f03d5aae1,passed
adaptive-simd_omp-avx2-t20-dynamicx64-r5-sky.jpg,2026-09-19T21:26:56Z,sky.jpg,6936,9248,Adaptive_Median,5,20,dynamic,64,omp-avx2,yes,unset,unset,hype2,12.2.0,-O3 -Wall -Wextra -std=c++17 -fopenmp -ffp-contract=off -DOMP_EXPLICIT_SIMD=1 -march=haswell,1193.395458,1e7ae9152e9643d5,passed
adaptive-simd_omp-avx2-t20-dynamicx64-r5-stars.jpg,2026-09-19T21:27:00Z,stars.jpg,12960,8640,Adaptive_Median,5,20,dynamic,64,omp-avx2,yes,unset,unset,hype2,12.2.0,-O3 -Wall -Wextra -std=c++17 -fopenmp -ffp-contract=off -DOMP_EXPLICIT_SIMD=1 -march=haswell,1831.053239,626f977055f1c658,passed
adaptive-simd_omp-avx2-t20-dynamicx64-r5-rain_paisage.jpg,2026-09-19T21:27:07Z,rain_paisage.jpg,12288,16320,Adaptive_Median,5,20,dynamic,64,omp-avx2,yes,unset,unset,hype2,12.2.0,-O3 -Wall -Wextra -std=c++17 -fopenmp -ffp-contract=off -DOMP_EXPLICIT_SIMD=1 -march=haswell,3376.521410,d0fdcd4b2e74abf3,passed
adaptive-simd_omp-avx2-t20-dynamicx64-r5-firework.jpg,2026-09-19T21:27:13Z,firework.jpg,11125,16688,Adaptive_Median,5,20,dynamic,64,omp-avx2,yes,unset,unset,hype2,12.2.0,-O3 -Wall -Wextra -std=c++17 -fopenmp -ffp-contract=off -DOMP_EXPLICIT_SIMD=1 -march=haswell,3311.639231,cae2b8384ddb6aac,passed
adaptive-simd_omp-avx2-t20-dynamicx64-r5-control_smooth_6000x6000.png,2026-09-19T21:27:14Z,control_smooth_6000x6000.png,6000,6000,Adaptive_Median,5,20,dynamic,64,omp-avx2,yes,unset,unset,hype2,12.2.0,-O3 -Wall -Wextra -std=c++17 -fopenmp -ffp-contract=off -DOMP_EXPLICIT_SIMD=1 -march=haswell,891.047758,596e3c6929662ab9,passed
adaptive-simd_omp-avx2-t20-dynamicx64-r5-control_noise_6000x6000.png,2026-09-19T21:27:16Z,control_noise_6000x6000.png,6000,6000,Adaptive_Median,5,20,dynamic,64,omp-avx2,yes,unset,unset,hype2,12.2.0,-O3 -Wall -Wextra -std=c++17 -fopenmp -ffp-contract=off -DOMP_EXPLICIT_SIMD=1 -march=haswell,647.801688,fcb58a627e9d9740,passed
adaptive-simd_omp-avx2-t20-dynamicx64-r5-control_half_noise_6000x6000.png,2026-09-19T21:27:17Z,control_half_noise_6000x6000.png,6000,6000,Adaptive_Median,5,20,dynamic,64,omp-avx2,yes,unset,unset,hype2,12.2.0,-O3 -Wall -Wextra -std=c++17 -fopenmp -ffp-contract=off -DOMP_EXPLICIT_SIMD=1 -march=haswell,659.439594,9d92a48896bfc25a,passed
adaptive-simd_omp-avx2-t20-dynamicx64-r5-control_bands_256_6000x6000.png,2026-09-19T21:27:18Z,control_bands_256_6000x6000.png,6000,6000,Adaptive_Median,5,20,dynamic,64,omp-avx2,yes,unset,unset,hype2,12.2.0,-O3 -Wall -Wextra -std=c++17 -fopenmp -ffp-contract=off -DOMP_EXPLICIT_SIMD=1 -march=haswell,712.823863,8f9bc97f03d5aae1,passed
adaptive-simd_off-t20-dynamicx256-r5-sky.jpg,2026-09-19T21:27:21Z,sky.jpg,6936,9248,Adaptive_Median,5,20,dynamic,256,off,yes,unset,unset,hype2,12.2.0,-O3 -Wall -Wextra -std=c++17 -fopenmp -ffp-contract=off -DOMP_EXPLICIT_SIMD=0 -fno-tree-vectorize,1196.789805,1e7ae9152e9643d5,passed
adaptive-simd_off-t20-dynamicx256-r5-stars.jpg,2026-09-19T21:27:25Z,stars.jpg,12960,8640,Adaptive_Median,5,20,dynamic,256,off,yes,unset,unset,hype2,12.2.0,-O3 -Wall -Wextra -std=c++17 -fopenmp -ffp-contract=off -DOMP_EXPLICIT_SIMD=0 -fno-tree-vectorize,2044.239818,626f977055f1c658,passed
adaptive-simd_off-t20-dynamicx256-r5-rain_paisage.jpg,2026-09-19T21:27:32Z,rain_paisage.jpg,12288,16320,Adaptive_Median,5,20,dynamic,256,off,yes,unset,unset,hype2,12.2.0,-O3 -Wall -Wextra -std=c++17 -fopenmp -ffp-contract=off -DOMP_EXPLICIT_SIMD=0 -fno-tree-vectorize,3588.817090,d0fdcd4b2e74abf3,passed
adaptive-simd_off-t20-dynamicx256-r5-firework.jpg,2026-09-19T21:27:38Z,firework.jpg,11125,16688,Adaptive_Median,5,20,dynamic,256,off,yes,unset,unset,hype2,12.2.0,-O3 -Wall -Wextra -std=c++17 -fopenmp -ffp-contract=off -DOMP_EXPLICIT_SIMD=0 -fno-tree-vectorize,3618.939469,cae2b8384ddb6aac,passed
adaptive-simd_off-t20-dynamicx256-r5-control_smooth_6000x6000.png,2026-09-19T21:27:40Z,control_smooth_6000x6000.png,6000,6000,Adaptive_Median,5,20,dynamic,256,off,yes,unset,unset,hype2,12.2.0,-O3 -Wall -Wextra -std=c++17 -fopenmp -ffp-contract=off -DOMP_EXPLICIT_SIMD=0 -fno-tree-vectorize,1268.310832,596e3c6929662ab9,passed
adaptive-simd_off-t20-dynamicx256-r5-control_noise_6000x6000.png,2026-09-19T21:27:41Z,control_noise_6000x6000.png,6000,6000,Adaptive_Median,5,20,dynamic,256,off,yes,unset,unset,hype2,12.2.0,-O3 -Wall -Wextra -std=c++17 -fopenmp -ffp-contract=off -DOMP_EXPLICIT_SIMD=0 -fno-tree-vectorize,907.561056,fcb58a627e9d9740,passed
adaptive-simd_off-t20-dynamicx256-r5-control_half_noise_6000x6000.png,2026-09-19T21:27:43Z,control_half_noise_6000x6000.png,6000,6000,Adaptive_Median,5,20,dynamic,256,off,yes,unset,unset,hype2,12.2.0,-O3 -Wall -Wextra -std=c++17 -fopenmp -ffp-contract=off -DOMP_EXPLICIT_SIMD=0 -fno-tree-vectorize,824.391329,9d92a48896bfc25a,passed
adaptive-simd_off-t20-dynamicx256-r5-control_bands_256_6000x6000.png,2026-09-19T21:27:45Z,control_bands_256_6000x6000.png,6000,6000,Adaptive_Median,5,20,dynamic,256,off,yes,unset,unset,hype2,12.2.0,-O3 -Wall -Wextra -std=c++17 -fopenmp -ffp-contract=off -DOMP_EXPLICIT_SIMD=0 -fno-tree-vectorize,933.921997,8f9bc97f03d5aae1,passed
adaptive-simd_off-avx2-t20-dynamicx256-r5-sky.jpg,2026-09-19T21:27:47Z,sky.jpg,6936,9248,Adaptive_Median,5,20,dynamic,256,off-avx2,yes,unset,unset,hype2,12.2.0,-O3 -Wall -Wextra -std=c++17 -fopenmp -ffp-contract=off -DOMP_EXPLICIT_SIMD=0 -fno-tree-vectorize -march=haswell,1237.169095,1e7ae9152e9643d5,passed
adaptive-simd_off-avx2-t20-dynamicx256-r5-stars.jpg,2026-09-19T21:27:51Z,stars.jpg,12960,8640,Adaptive_Median,5,20,dynamic,256,off-avx2,yes,unset,unset,hype2,12.2.0,-O3 -Wall -Wextra -std=c++17 -fopenmp -ffp-contract=off -DOMP_EXPLICIT_SIMD=0 -fno-tree-vectorize -march=haswell,2069.732913,626f977055f1c658,passed
adaptive-simd_off-avx2-t20-dynamicx256-r5-rain_paisage.jpg,2026-09-19T21:27:58Z,rain_paisage.jpg,12288,16320,Adaptive_Median,5,20,dynamic,256,off-avx2,yes,unset,unset,hype2,12.2.0,-O3 -Wall -Wextra -std=c++17 -fopenmp -ffp-contract=off -DOMP_EXPLICIT_SIMD=0 -fno-tree-vectorize -march=haswell,3734.389201,d0fdcd4b2e74abf3,passed
adaptive-simd_off-avx2-t20-dynamicx256-r5-firework.jpg,2026-09-19T21:28:05Z,firework.jpg,11125,16688,Adaptive_Median,5,20,dynamic,256,off-avx2,yes,unset,unset,hype2,12.2.0,-O3 -Wall -Wextra -std=c++17 -fopenmp -ffp-contract=off -DOMP_EXPLICIT_SIMD=0 -fno-tree-vectorize -march=haswell,3766.204770,cae2b8384ddb6aac,passed
adaptive-simd_off-avx2-t20-dynamicx256-r5-control_smooth_6000x6000.png,2026-09-19T21:28:07Z,control_smooth_6000x6000.png,6000,6000,Adaptive_Median,5,20,dynamic,256,off-avx2,yes,unset,unset,hype2,12.2.0,-O3 -Wall -Wextra -std=c++17 -fopenmp -ffp-contract=off -DOMP_EXPLICIT_SIMD=0 -fno-tree-vectorize -march=haswell,1301.951623,596e3c6929662ab9,passed
adaptive-simd_off-avx2-t20-dynamicx256-r5-control_noise_6000x6000.png,2026-09-19T21:28:08Z,control_noise_6000x6000.png,6000,6000,Adaptive_Median,5,20,dynamic,256,off-avx2,yes,unset,unset,hype2,12.2.0,-O3 -Wall -Wextra -std=c++17 -fopenmp -ffp-contract=off -DOMP_EXPLICIT_SIMD=0 -fno-tree-vectorize -march=haswell,957.671666,fcb58a627e9d9740,passed
adaptive-simd_off-avx2-t20-dynamicx256-r5-control_half_noise_6000x6000.png,2026-09-19T21:28:10Z,control_half_noise_6000x6000.png,6000,6000,Adaptive_Median,5,20,dynamic,256,off-avx2,yes,unset,unset,hype2,12.2.0,-O3 -Wall -Wextra -std=c++17 -fopenmp -ffp-contract=off -DOMP_EXPLICIT_SIMD=0 -fno-tree-vectorize -march=haswell,859.751239,9d92a48896bfc25a,passed
adaptive-simd_off-avx2-t20-dynamicx256-r5-control_bands_256_6000x6000.png,2026-09-19T21:28:12Z,control_bands_256_6000x6000.png,6000,6000,Adaptive_Median,5,20,dynamic,256,off-avx2,yes,unset,unset,hype2,12.2.0,-O3 -Wall -Wextra -std=c++17 -fopenmp -ffp-contract=off -DOMP_EXPLICIT_SIMD=0 -fno-tree-vectorize -march=haswell,975.949075,8f9bc97f03d5aae1,passed
adaptive-simd_omp-t20-dynamicx256-r5-sky.jpg,2026-09-19T21:28:14Z,sky.jpg,6936,9248,Adaptive_Median,5,20,dynamic,256,omp,yes,unset,unset,hype2,12.2.0,-O3 -Wall -Wextra -std=c++17 -fopenmp -ffp-contract=off -DOMP_EXPLICIT_SIMD=1,1219.845034,1e7ae9152e9643d5,passed
adaptive-simd_omp-t20-dynamicx256-r5-stars.jpg,2026-09-19T21:28:18Z,stars.jpg,12960,8640,Adaptive_Median,5,20,dynamic,256,omp,yes,unset,unset,hype2,12.2.0,-O3 -Wall -Wextra -std=c++17 -fopenmp -ffp-contract=off -DOMP_EXPLICIT_SIMD=1,2062.353780,626f977055f1c658,passed
adaptive-simd_omp-t20-dynamicx256-r5-rain_paisage.jpg,2026-09-19T21:28:25Z,rain_paisage.jpg,12288,16320,Adaptive_Median,5,20,dynamic,256,omp,yes,unset,unset,hype2,12.2.0,-O3 -Wall -Wextra -std=c++17 -fopenmp -ffp-contract=off -DOMP_EXPLICIT_SIMD=1,3637.851835,d0fdcd4b2e74abf3,passed
adaptive-simd_omp-t20-dynamicx256-r5-firework.jpg,2026-09-19T21:28:31Z,firework.jpg,11125,16688,Adaptive_Median,5,20,dynamic,256,omp,yes,unset,unset,hype2,12.2.0,-O3 -Wall -Wextra -std=c++17 -fopenmp -ffp-contract=off -DOMP_EXPLICIT_SIMD=1,3713.841763,cae2b8384ddb6aac,passed
adaptive-simd_omp-t20-dynamicx256-r5-control_smooth_6000x6000.png,2026-09-19T21:28:33Z,control_smooth_6000x6000.png,6000,6000,Adaptive_Median,5,20,dynamic,256,omp,yes,unset,unset,hype2,12.2.0,-O3 -Wall -Wextra -std=c++17 -fopenmp -ffp-contract=off -DOMP_EXPLICIT_SIMD=1,1290.601694,596e3c6929662ab9,passed
adaptive-simd_omp-t20-dynamicx256-r5-control_noise_6000x6000.png,2026-09-19T21:28:35Z,control_noise_6000x6000.png,6000,6000,Adaptive_Median,5,20,dynamic,256,omp,yes,unset,unset,hype2,12.2.0,-O3 -Wall -Wextra -std=c++17 -fopenmp -ffp-contract=off -DOMP_EXPLICIT_SIMD=1,928.449382,fcb58a627e9d9740,passed
adaptive-simd_omp-t20-dynamicx256-r5-control_half_noise_6000x6000.png,2026-09-19T21:28:36Z,control_half_noise_6000x6000.png,6000,6000,Adaptive_Median,5,20,dynamic,256,omp,yes,unset,unset,hype2,12.2.0,-O3 -Wall -Wextra -std=c++17 -fopenmp -ffp-contract=off -DOMP_EXPLICIT_SIMD=1,850.396288,9d92a48896bfc25a,passed
adaptive-simd_omp-t20-dynamicx256-r5-control_bands_256_6000x6000.png,2026-09-19T21:28:38Z,control_bands_256_6000x6000.png,6000,6000,Adaptive_Median,5,20,dynamic,256,omp,yes,unset,unset,hype2,12.2.0,-O3 -Wall -Wextra -std=c++17 -fopenmp -ffp-contract=off -DOMP_EXPLICIT_SIMD=1,965.754828,8f9bc97f03d5aae1,passed
adaptive-simd_omp-avx2-t20-dynamicx256-r5-sky.jpg,2026-09-19T21:28:40Z,sky.jpg,6936,9248,Adaptive_Median,5,20,dynamic,256,omp-avx2,yes,unset,unset,hype2,12.2.0,-O3 -Wall -Wextra -std=c++17 -fopenmp -ffp-contract=off -DOMP_EXPLICIT_SIMD=1 -march=haswell,1278.881487,1e7ae9152e9643d5,passed
adaptive-simd_omp-avx2-t20-dynamicx256-r5-stars.jpg,2026-09-19T21:28:45Z,stars.jpg,12960,8640,Adaptive_Median,5,20,dynamic,256,omp-avx2,yes,unset,unset,hype2,12.2.0,-O3 -Wall -Wextra -std=c++17 -fopenmp -ffp-contract=off -DOMP_EXPLICIT_SIMD=1 -march=haswell,2102.066563,626f977055f1c658,passed
adaptive-simd_omp-avx2-t20-dynamicx256-r5-rain_paisage.jpg,2026-09-19T21:28:52Z,rain_paisage.jpg,12288,16320,Adaptive_Median,5,20,dynamic,256,omp-avx2,yes,unset,unset,hype2,12.2.0,-O3 -Wall -Wextra -std=c++17 -fopenmp -ffp-contract=off -DOMP_EXPLICIT_SIMD=1 -march=haswell,3785.109263,d0fdcd4b2e74abf3,passed
adaptive-simd_omp-avx2-t20-dynamicx256-r5-firework.jpg,2026-09-19T21:28:58Z,firework.jpg,11125,16688,Adaptive_Median,5,20,dynamic,256,omp-avx2,yes,unset,unset,hype2,12.2.0,-O3 -Wall -Wextra -std=c++17 -fopenmp -ffp-contract=off -DOMP_EXPLICIT_SIMD=1 -march=haswell,3825.223120,cae2b8384ddb6aac,passed
adaptive-simd_omp-avx2-t20-dynamicx256-r5-control_smooth_6000x6000.png,2026-09-19T21:29:00Z,control_smooth_6000x6000.png,6000,6000,Adaptive_Median,5,20,dynamic,256,omp-avx2,yes,unset,unset,hype2,12.2.0,-O3 -Wall -Wextra -std=c++17 -fopenmp -ffp-contract=off -DOMP_EXPLICIT_SIMD=1 -march=haswell,1338.905045,596e3c6929662ab9,passed
adaptive-simd_omp-avx2-t20-dynamicx256-r5-control_noise_6000x6000.png,2026-09-19T21:29:02Z,control_noise_6000x6000.png,6000,6000,Adaptive_Median,5,20,dynamic,256,omp-avx2,yes,unset,unset,hype2,12.2.0,-O3 -Wall -Wextra -std=c++17 -fopenmp -ffp-contract=off -DOMP_EXPLICIT_SIMD=1 -march=haswell,985.275149,fcb58a627e9d9740,passed
adaptive-simd_omp-avx2-t20-dynamicx256-r5-control_half_noise_6000x6000.png,2026-09-19T21:29:03Z,control_half_noise_6000x6000.png,6000,6000,Adaptive_Median,5,20,dynamic,256,omp-avx2,yes,unset,unset,hype2,12.2.0,-O3 -Wall -Wextra -std=c++17 -fopenmp -ffp-contract=off -DOMP_EXPLICIT_SIMD=1 -march=haswell,880.511254,9d92a48896bfc25a,passed
adaptive-simd_omp-avx2-t20-dynamicx256-r5-control_bands_256_6000x6000.png,2026-09-19T21:29:05Z,control_bands_256_6000x6000.png,6000,6000,Adaptive_Median,5,20,dynamic,256,omp-avx2,yes,unset,unset,hype2,12.2.0,-O3 -Wall -Wextra -std=c++17 -fopenmp -ffp-contract=off -DOMP_EXPLICIT_SIMD=1 -march=haswell,994.726812,8f9bc97f03d5aae1,passed
adaptive-simd_off-t20-static-r5-sky.jpg,2026-09-19T21:29:07Z,sky.jpg,6936,9248,Adaptive_Median,5,20,static,,off,yes,unset,unset,hype2,12.2.0,-O3 -Wall -Wextra -std=c++17 -fopenmp -ffp-contract=off -DOMP_EXPLICIT_SIMD=0 -fno-tree-vectorize,1109.014229,1e7ae9152e9643d5,passed
adaptive-simd_off-t20-static-r5-stars.jpg,2026-09-19T21:29:11Z,stars.jpg,12960,8640,Adaptive_Median,5,20,static,,off,yes,unset,unset,hype2,12.2.0,-O3 -Wall -Wextra -std=c++17 -fopenmp -ffp-contract=off -DOMP_EXPLICIT_SIMD=0 -fno-tree-vectorize,1789.261170,626f977055f1c658,passed
adaptive-simd_off-t20-static-r5-rain_paisage.jpg,2026-09-19T21:29:19Z,rain_paisage.jpg,12288,16320,Adaptive_Median,5,20,static,,off,yes,unset,unset,hype2,12.2.0,-O3 -Wall -Wextra -std=c++17 -fopenmp -ffp-contract=off -DOMP_EXPLICIT_SIMD=0 -fno-tree-vectorize,4312.648559,d0fdcd4b2e74abf3,passed
adaptive-simd_off-t20-static-r5-firework.jpg,2026-09-19T21:29:25Z,firework.jpg,11125,16688,Adaptive_Median,5,20,static,,off,yes,unset,unset,hype2,12.2.0,-O3 -Wall -Wextra -std=c++17 -fopenmp -ffp-contract=off -DOMP_EXPLICIT_SIMD=0 -fno-tree-vectorize,3948.635234,cae2b8384ddb6aac,passed
adaptive-simd_off-t20-static-r5-control_smooth_6000x6000.png,2026-09-19T21:29:27Z,control_smooth_6000x6000.png,6000,6000,Adaptive_Median,5,20,static,,off,yes,unset,unset,hype2,12.2.0,-O3 -Wall -Wextra -std=c++17 -fopenmp -ffp-contract=off -DOMP_EXPLICIT_SIMD=0 -fno-tree-vectorize,812.972731,596e3c6929662ab9,passed
adaptive-simd_off-t20-static-r5-control_noise_6000x6000.png,2026-09-19T21:29:28Z,control_noise_6000x6000.png,6000,6000,Adaptive_Median,5,20,static,,off,yes,unset,unset,hype2,12.2.0,-O3 -Wall -Wextra -std=c++17 -fopenmp -ffp-contract=off -DOMP_EXPLICIT_SIMD=0 -fno-tree-vectorize,564.619663,fcb58a627e9d9740,passed
adaptive-simd_off-t20-static-r5-control_half_noise_6000x6000.png,2026-09-19T21:29:29Z,control_half_noise_6000x6000.png,6000,6000,Adaptive_Median,5,20,static,,off,yes,unset,unset,hype2,12.2.0,-O3 -Wall -Wextra -std=c++17 -fopenmp -ffp-contract=off -DOMP_EXPLICIT_SIMD=0 -fno-tree-vectorize,823.931206,9d92a48896bfc25a,passed
adaptive-simd_off-t20-static-r5-control_bands_256_6000x6000.png,2026-09-19T21:29:31Z,control_bands_256_6000x6000.png,6000,6000,Adaptive_Median,5,20,static,,off,yes,unset,unset,hype2,12.2.0,-O3 -Wall -Wextra -std=c++17 -fopenmp -ffp-contract=off -DOMP_EXPLICIT_SIMD=0 -fno-tree-vectorize,728.736556,8f9bc97f03d5aae1,passed
adaptive-simd_off-avx2-t20-static-r5-sky.jpg,2026-09-19T21:29:33Z,sky.jpg,6936,9248,Adaptive_Median,5,20,static,,off-avx2,yes,unset,unset,hype2,12.2.0,-O3 -Wall -Wextra -std=c++17 -fopenmp -ffp-contract=off -DOMP_EXPLICIT_SIMD=0 -fno-tree-vectorize -march=haswell,1146.525450,1e7ae9152e9643d5,passed
adaptive-simd_off-avx2-t20-static-r5-stars.jpg,2026-09-19T21:29:37Z,stars.jpg,12960,8640,Adaptive_Median,5,20,static,,off-avx2,yes,unset,unset,hype2,12.2.0,-O3 -Wall -Wextra -std=c++17 -fopenmp -ffp-contract=off -DOMP_EXPLICIT_SIMD=0 -fno-tree-vectorize -march=haswell,1849.514038,626f977055f1c658,passed
adaptive-simd_off-avx2-t20-static-r5-rain_paisage.jpg,2026-09-19T21:29:45Z,rain_paisage.jpg,12288,16320,Adaptive_Median,5,20,static,,off-avx2,yes,unset,unset,hype2,12.2.0,-O3 -Wall -Wextra -std=c++17 -fopenmp -ffp-contract=off -DOMP_EXPLICIT_SIMD=0 -fno-tree-vectorize -march=haswell,4433.884204,d0fdcd4b2e74abf3,passed
adaptive-simd_off-avx2-t20-static-r5-firework.jpg,2026-09-19T21:29:52Z,firework.jpg,11125,16688,Adaptive_Median,5,20,static,,off-avx2,yes,unset,unset,hype2,12.2.0,-O3 -Wall -Wextra -std=c++17 -fopenmp -ffp-contract=off -DOMP_EXPLICIT_SIMD=0 -fno-tree-vectorize -march=haswell,4103.683841,cae2b8384ddb6aac,passed
adaptive-simd_off-avx2-t20-static-r5-control_smooth_6000x6000.png,2026-09-19T21:29:53Z,control_smooth_6000x6000.png,6000,6000,Adaptive_Median,5,20,static,,off-avx2,yes,unset,unset,hype2,12.2.0,-O3 -Wall -Wextra -std=c++17 -fopenmp -ffp-contract=off -DOMP_EXPLICIT_SIMD=0 -fno-tree-vectorize -march=haswell,833.499974,596e3c6929662ab9,passed
adaptive-simd_off-avx2-t20-static-r5-control_noise_6000x6000.png,2026-09-19T21:29:54Z,control_noise_6000x6000.png,6000,6000,Adaptive_Median,5,20,static,,off-avx2,yes,unset,unset,hype2,12.2.0,-O3 -Wall -Wextra -std=c++17 -fopenmp -ffp-contract=off -DOMP_EXPLICIT_SIMD=0 -fno-tree-vectorize -march=haswell,635.659694,fcb58a627e9d9740,passed
adaptive-simd_off-avx2-t20-static-r5-control_half_noise_6000x6000.png,2026-09-19T21:29:56Z,control_half_noise_6000x6000.png,6000,6000,Adaptive_Median,5,20,static,,off-avx2,yes,unset,unset,hype2,12.2.0,-O3 -Wall -Wextra -std=c++17 -fopenmp -ffp-contract=off -DOMP_EXPLICIT_SIMD=0 -fno-tree-vectorize -march=haswell,824.245689,9d92a48896bfc25a,passed
adaptive-simd_off-avx2-t20-static-r5-control_bands_256_6000x6000.png,2026-09-19T21:29:57Z,control_bands_256_6000x6000.png,6000,6000,Adaptive_Median,5,20,static,,off-avx2,yes,unset,unset,hype2,12.2.0,-O3 -Wall -Wextra -std=c++17 -fopenmp -ffp-contract=off -DOMP_EXPLICIT_SIMD=0 -fno-tree-vectorize -march=haswell,765.562985,8f9bc97f03d5aae1,passed
adaptive-simd_omp-t20-static-r5-sky.jpg,2026-09-19T21:30:00Z,sky.jpg,6936,9248,Adaptive_Median,5,20,static,,omp,yes,unset,unset,hype2,12.2.0,-O3 -Wall -Wextra -std=c++17 -fopenmp -ffp-contract=off -DOMP_EXPLICIT_SIMD=1,1153.187236,1e7ae9152e9643d5,passed
adaptive-simd_omp-t20-static-r5-stars.jpg,2026-09-19T21:30:04Z,stars.jpg,12960,8640,Adaptive_Median,5,20,static,,omp,yes,unset,unset,hype2,12.2.0,-O3 -Wall -Wextra -std=c++17 -fopenmp -ffp-contract=off -DOMP_EXPLICIT_SIMD=1,1814.125745,626f977055f1c658,passed
adaptive-simd_omp-t20-static-r5-rain_paisage.jpg,2026-09-19T21:30:11Z,rain_paisage.jpg,12288,16320,Adaptive_Median,5,20,static,,omp,yes,unset,unset,hype2,12.2.0,-O3 -Wall -Wextra -std=c++17 -fopenmp -ffp-contract=off -DOMP_EXPLICIT_SIMD=1,4376.699857,d0fdcd4b2e74abf3,passed
adaptive-simd_omp-t20-static-r5-firework.jpg,2026-09-19T21:30:18Z,firework.jpg,11125,16688,Adaptive_Median,5,20,static,,omp,yes,unset,unset,hype2,12.2.0,-O3 -Wall -Wextra -std=c++17 -fopenmp -ffp-contract=off -DOMP_EXPLICIT_SIMD=1,4047.182808,cae2b8384ddb6aac,passed
adaptive-simd_omp-t20-static-r5-control_smooth_6000x6000.png,2026-09-19T21:30:19Z,control_smooth_6000x6000.png,6000,6000,Adaptive_Median,5,20,static,,omp,yes,unset,unset,hype2,12.2.0,-O3 -Wall -Wextra -std=c++17 -fopenmp -ffp-contract=off -DOMP_EXPLICIT_SIMD=1,860.929004,596e3c6929662ab9,passed
adaptive-simd_omp-t20-static-r5-control_noise_6000x6000.png,2026-09-19T21:30:20Z,control_noise_6000x6000.png,6000,6000,Adaptive_Median,5,20,static,,omp,yes,unset,unset,hype2,12.2.0,-O3 -Wall -Wextra -std=c++17 -fopenmp -ffp-contract=off -DOMP_EXPLICIT_SIMD=1,613.644303,fcb58a627e9d9740,passed
adaptive-simd_omp-t20-static-r5-control_half_noise_6000x6000.png,2026-09-19T21:30:22Z,control_half_noise_6000x6000.png,6000,6000,Adaptive_Median,5,20,static,,omp,yes,unset,unset,hype2,12.2.0,-O3 -Wall -Wextra -std=c++17 -fopenmp -ffp-contract=off -DOMP_EXPLICIT_SIMD=1,972.518176,9d92a48896bfc25a,passed
adaptive-simd_omp-t20-static-r5-control_bands_256_6000x6000.png,2026-09-19T21:30:24Z,control_bands_256_6000x6000.png,6000,6000,Adaptive_Median,5,20,static,,omp,yes,unset,unset,hype2,12.2.0,-O3 -Wall -Wextra -std=c++17 -fopenmp -ffp-contract=off -DOMP_EXPLICIT_SIMD=1,742.329836,8f9bc97f03d5aae1,passed
adaptive-simd_omp-avx2-t20-static-r5-sky.jpg,2026-09-19T21:30:26Z,sky.jpg,6936,9248,Adaptive_Median,5,20,static,,omp-avx2,yes,unset,unset,hype2,12.2.0,-O3 -Wall -Wextra -std=c++17 -fopenmp -ffp-contract=off -DOMP_EXPLICIT_SIMD=1 -march=haswell,1165.846993,1e7ae9152e9643d5,passed
adaptive-simd_omp-avx2-t20-static-r5-stars.jpg,2026-09-19T21:30:30Z,stars.jpg,12960,8640,Adaptive_Median,5,20,static,,omp-avx2,yes,unset,unset,hype2,12.2.0,-O3 -Wall -Wextra -std=c++17 -fopenmp -ffp-contract=off -DOMP_EXPLICIT_SIMD=1 -march=haswell,1945.621618,626f977055f1c658,passed
adaptive-simd_omp-avx2-t20-static-r5-rain_paisage.jpg,2026-09-19T21:30:38Z,rain_paisage.jpg,12288,16320,Adaptive_Median,5,20,static,,omp-avx2,yes,unset,unset,hype2,12.2.0,-O3 -Wall -Wextra -std=c++17 -fopenmp -ffp-contract=off -DOMP_EXPLICIT_SIMD=1 -march=haswell,4494.547721,d0fdcd4b2e74abf3,passed
adaptive-simd_omp-avx2-t20-static-r5-firework.jpg,2026-09-19T21:30:45Z,firework.jpg,11125,16688,Adaptive_Median,5,20,static,,omp-avx2,yes,unset,unset,hype2,12.2.0,-O3 -Wall -Wextra -std=c++17 -fopenmp -ffp-contract=off -DOMP_EXPLICIT_SIMD=1 -march=haswell,4145.515217,cae2b8384ddb6aac,passed
adaptive-simd_omp-avx2-t20-static-r5-control_smooth_6000x6000.png,2026-09-19T21:30:46Z,control_smooth_6000x6000.png,6000,6000,Adaptive_Median,5,20,static,,omp-avx2,yes,unset,unset,hype2,12.2.0,-O3 -Wall -Wextra -std=c++17 -fopenmp -ffp-contract=off -DOMP_EXPLICIT_SIMD=1 -march=haswell,843.624830,596e3c6929662ab9,passed
adaptive-simd_omp-avx2-t20-static-r5-control_noise_6000x6000.png,2026-09-19T21:30:47Z,control_noise_6000x6000.png,6000,6000,Adaptive_Median,5,20,static,,omp-avx2,yes,unset,unset,hype2,12.2.0,-O3 -Wall -Wextra -std=c++17 -fopenmp -ffp-contract=off -DOMP_EXPLICIT_SIMD=1 -march=haswell,609.941887,fcb58a627e9d9740,passed
adaptive-simd_omp-avx2-t20-static-r5-control_half_noise_6000x6000.png,2026-09-19T21:30:49Z,control_half_noise_6000x6000.png,6000,6000,Adaptive_Median,5,20,static,,omp-avx2,yes,unset,unset,hype2,12.2.0,-O3 -Wall -Wextra -std=c++17 -fopenmp -ffp-contract=off -DOMP_EXPLICIT_SIMD=1 -march=haswell,838.222018,9d92a48896bfc25a,passed
adaptive-simd_omp-avx2-t20-static-r5-control_bands_256_6000x6000.png,2026-09-19T21:30:50Z,control_bands_256_6000x6000.png,6000,6000,Adaptive_Median,5,20,static,,omp-avx2,yes,unset,unset,hype2,12.2.0,-O3 -Wall -Wextra -std=c++17 -fopenmp -ffp-contract=off -DOMP_EXPLICIT_SIMD=1 -march=haswell,764.308727,8f9bc97f03d5aae1,passed
adaptive-simd_off-t1-static-r1-sky.jpg,2026-09-19T21:57:40Z,sky.jpg,6936,9248,Adaptive_Median,1,1,static,,off,yes,unset,unset,hype2,12.2.0,-O3 -Wall -Wextra -std=c++17 -fopenmp -ffp-contract=off -DOMP_EXPLICIT_SIMD=0 -fno-tree-vectorize,16828.317962,1e7ae9152e9643d5,passed
adaptive-simd_off-t1-static-r1-stars.jpg,2026-09-19T21:58:09Z,stars.jpg,12960,8640,Adaptive_Median,1,1,static,,off,yes,unset,unset,hype2,12.2.0,-O3 -Wall -Wextra -std=c++17 -fopenmp -ffp-contract=off -DOMP_EXPLICIT_SIMD=0 -fno-tree-vectorize,26542.791979,626f977055f1c658,passed
adaptive-simd_off-t1-static-r1-rain_paisage.jpg,2026-09-19T21:59:02Z,rain_paisage.jpg,12288,16320,Adaptive_Median,1,1,static,,off,yes,unset,unset,hype2,12.2.0,-O3 -Wall -Wextra -std=c++17 -fopenmp -ffp-contract=off -DOMP_EXPLICIT_SIMD=0 -fno-tree-vectorize,49752.311459,d0fdcd4b2e74abf3,passed
adaptive-simd_off-t1-static-r1-firework.jpg,2026-09-19T21:59:53Z,firework.jpg,11125,16688,Adaptive_Median,1,1,static,,off,yes,unset,unset,hype2,12.2.0,-O3 -Wall -Wextra -std=c++17 -fopenmp -ffp-contract=off -DOMP_EXPLICIT_SIMD=0 -fno-tree-vectorize,47950.198672,cae2b8384ddb6aac,passed
adaptive-simd_off-t1-static-r1-control_smooth_6000x6000.png,2026-09-19T22:00:06Z,control_smooth_6000x6000.png,6000,6000,Adaptive_Median,1,1,static,,off,yes,unset,unset,hype2,12.2.0,-O3 -Wall -Wextra -std=c++17 -fopenmp -ffp-contract=off -DOMP_EXPLICIT_SIMD=0 -fno-tree-vectorize,12650.113990,596e3c6929662ab9,passed
adaptive-simd_off-t1-static-r1-control_noise_6000x6000.png,2026-09-19T22:00:16Z,control_noise_6000x6000.png,6000,6000,Adaptive_Median,1,1,static,,off,yes,unset,unset,hype2,12.2.0,-O3 -Wall -Wextra -std=c++17 -fopenmp -ffp-contract=off -DOMP_EXPLICIT_SIMD=0 -fno-tree-vectorize,9201.163154,fcb58a627e9d9740,passed
adaptive-simd_off-t1-static-r1-control_half_noise_6000x6000.png,2026-09-19T22:00:26Z,control_half_noise_6000x6000.png,6000,6000,Adaptive_Median,1,1,static,,off,yes,unset,unset,hype2,12.2.0,-O3 -Wall -Wextra -std=c++17 -fopenmp -ffp-contract=off -DOMP_EXPLICIT_SIMD=0 -fno-tree-vectorize,9308.367607,9d92a48896bfc25a,passed
adaptive-simd_off-t1-static-r1-control_bands_256_6000x6000.png,2026-09-19T22:00:36Z,control_bands_256_6000x6000.png,6000,6000,Adaptive_Median,1,1,static,,off,yes,unset,unset,hype2,12.2.0,-O3 -Wall -Wextra -std=c++17 -fopenmp -ffp-contract=off -DOMP_EXPLICIT_SIMD=0 -fno-tree-vectorize,9346.381793,8f9bc97f03d5aae1,passed
adaptive-simd_off-avx2-t1-static-r1-sky.jpg,2026-09-19T22:00:55Z,sky.jpg,6936,9248,Adaptive_Median,1,1,static,,off-avx2,yes,unset,unset,hype2,12.2.0,-O3 -Wall -Wextra -std=c++17 -fopenmp -ffp-contract=off -DOMP_EXPLICIT_SIMD=0 -fno-tree-vectorize -march=haswell,17545.359915,1e7ae9152e9643d5,passed
adaptive-simd_off-avx2-t1-static-r1-stars.jpg,2026-09-19T22:01:25Z,stars.jpg,12960,8640,Adaptive_Median,1,1,static,,off-avx2,yes,unset,unset,hype2,12.2.0,-O3 -Wall -Wextra -std=c++17 -fopenmp -ffp-contract=off -DOMP_EXPLICIT_SIMD=0 -fno-tree-vectorize -march=haswell,27875.560574,626f977055f1c658,passed
adaptive-simd_off-avx2-t1-static-r1-rain_paisage.jpg,2026-09-19T22:02:20Z,rain_paisage.jpg,12288,16320,Adaptive_Median,1,1,static,,off-avx2,yes,unset,unset,hype2,12.2.0,-O3 -Wall -Wextra -std=c++17 -fopenmp -ffp-contract=off -DOMP_EXPLICIT_SIMD=0 -fno-tree-vectorize -march=haswell,52015.450572,d0fdcd4b2e74abf3,passed
adaptive-simd_off-avx2-t1-static-r1-firework.jpg,2026-09-19T22:03:13Z,firework.jpg,11125,16688,Adaptive_Median,1,1,static,,off-avx2,yes,unset,unset,hype2,12.2.0,-O3 -Wall -Wextra -std=c++17 -fopenmp -ffp-contract=off -DOMP_EXPLICIT_SIMD=0 -fno-tree-vectorize -march=haswell,50097.869676,cae2b8384ddb6aac,passed
adaptive-simd_off-avx2-t1-static-r1-control_smooth_6000x6000.png,2026-09-19T22:03:26Z,control_smooth_6000x6000.png,6000,6000,Adaptive_Median,1,1,static,,off-avx2,yes,unset,unset,hype2,12.2.0,-O3 -Wall -Wextra -std=c++17 -fopenmp -ffp-contract=off -DOMP_EXPLICIT_SIMD=0 -fno-tree-vectorize -march=haswell,13023.725534,596e3c6929662ab9,passed
adaptive-simd_off-avx2-t1-static-r1-control_noise_6000x6000.png,2026-09-19T22:03:37Z,control_noise_6000x6000.png,6000,6000,Adaptive_Median,1,1,static,,off-avx2,yes,unset,unset,hype2,12.2.0,-O3 -Wall -Wextra -std=c++17 -fopenmp -ffp-contract=off -DOMP_EXPLICIT_SIMD=0 -fno-tree-vectorize -march=haswell,9688.629783,fcb58a627e9d9740,passed
adaptive-simd_off-avx2-t1-static-r1-control_half_noise_6000x6000.png,2026-09-19T22:03:47Z,control_half_noise_6000x6000.png,6000,6000,Adaptive_Median,1,1,static,,off-avx2,yes,unset,unset,hype2,12.2.0,-O3 -Wall -Wextra -std=c++17 -fopenmp -ffp-contract=off -DOMP_EXPLICIT_SIMD=0 -fno-tree-vectorize -march=haswell,9709.410608,9d92a48896bfc25a,passed
adaptive-simd_off-avx2-t1-static-r1-control_bands_256_6000x6000.png,2026-09-19T22:03:58Z,control_bands_256_6000x6000.png,6000,6000,Adaptive_Median,1,1,static,,off-avx2,yes,unset,unset,hype2,12.2.0,-O3 -Wall -Wextra -std=c++17 -fopenmp -ffp-contract=off -DOMP_EXPLICIT_SIMD=0 -fno-tree-vectorize -march=haswell,9735.209168,8f9bc97f03d5aae1,passed
adaptive-simd_omp-t1-static-r1-sky.jpg,2026-09-19T22:04:16Z,sky.jpg,6936,9248,Adaptive_Median,1,1,static,,omp,yes,unset,unset,hype2,12.2.0,-O3 -Wall -Wextra -std=c++17 -fopenmp -ffp-contract=off -DOMP_EXPLICIT_SIMD=1,17245.030403,1e7ae9152e9643d5,passed
adaptive-simd_omp-t1-static-r1-stars.jpg,2026-09-19T22:04:45Z,stars.jpg,12960,8640,Adaptive_Median,1,1,static,,omp,yes,unset,unset,hype2,12.2.0,-O3 -Wall -Wextra -std=c++17 -fopenmp -ffp-contract=off -DOMP_EXPLICIT_SIMD=1,27220.671040,626f977055f1c658,passed
adaptive-simd_omp-t1-static-r1-rain_paisage.jpg,2026-09-19T22:05:39Z,rain_paisage.jpg,12288,16320,Adaptive_Median,1,1,static,,omp,yes,unset,unset,hype2,12.2.0,-O3 -Wall -Wextra -std=c++17 -fopenmp -ffp-contract=off -DOMP_EXPLICIT_SIMD=1,50730.803101,d0fdcd4b2e74abf3,passed
adaptive-simd_omp-t1-static-r1-firework.jpg,2026-09-19T22:06:31Z,firework.jpg,11125,16688,Adaptive_Median,1,1,static,,omp,yes,unset,unset,hype2,12.2.0,-O3 -Wall -Wextra -std=c++17 -fopenmp -ffp-contract=off -DOMP_EXPLICIT_SIMD=1,48973.069465,cae2b8384ddb6aac,passed
adaptive-simd_omp-t1-static-r1-control_smooth_6000x6000.png,2026-09-19T22:06:44Z,control_smooth_6000x6000.png,6000,6000,Adaptive_Median,1,1,static,,omp,yes,unset,unset,hype2,12.2.0,-O3 -Wall -Wextra -std=c++17 -fopenmp -ffp-contract=off -DOMP_EXPLICIT_SIMD=1,12921.691645,596e3c6929662ab9,passed
adaptive-simd_omp-t1-static-r1-control_noise_6000x6000.png,2026-09-19T22:06:54Z,control_noise_6000x6000.png,6000,6000,Adaptive_Median,1,1,static,,omp,yes,unset,unset,hype2,12.2.0,-O3 -Wall -Wextra -std=c++17 -fopenmp -ffp-contract=off -DOMP_EXPLICIT_SIMD=1,9368.003556,fcb58a627e9d9740,passed
adaptive-simd_omp-t1-static-r1-control_half_noise_6000x6000.png,2026-09-19T22:07:04Z,control_half_noise_6000x6000.png,6000,6000,Adaptive_Median,1,1,static,,omp,yes,unset,unset,hype2,12.2.0,-O3 -Wall -Wextra -std=c++17 -fopenmp -ffp-contract=off -DOMP_EXPLICIT_SIMD=1,9543.980975,9d92a48896bfc25a,passed
adaptive-simd_omp-t1-static-r1-control_bands_256_6000x6000.png,2026-09-19T22:07:15Z,control_bands_256_6000x6000.png,6000,6000,Adaptive_Median,1,1,static,,omp,yes,unset,unset,hype2,12.2.0,-O3 -Wall -Wextra -std=c++17 -fopenmp -ffp-contract=off -DOMP_EXPLICIT_SIMD=1,9602.212033,8f9bc97f03d5aae1,passed
adaptive-simd_omp-avx2-t1-static-r1-sky.jpg,2026-09-19T22:07:34Z,sky.jpg,6936,9248,Adaptive_Median,1,1,static,,omp-avx2,yes,unset,unset,hype2,12.2.0,-O3 -Wall -Wextra -std=c++17 -fopenmp -ffp-contract=off -DOMP_EXPLICIT_SIMD=1 -march=haswell,17854.055751,1e7ae9152e9643d5,passed
adaptive-simd_omp-avx2-t1-static-r1-stars.jpg,2026-09-19T22:08:04Z,stars.jpg,12960,8640,Adaptive_Median,1,1,static,,omp-avx2,yes,unset,unset,hype2,12.2.0,-O3 -Wall -Wextra -std=c++17 -fopenmp -ffp-contract=off -DOMP_EXPLICIT_SIMD=1 -march=haswell,28459.974441,626f977055f1c658,passed
adaptive-simd_omp-avx2-t1-static-r1-rain_paisage.jpg,2026-09-19T22:09:00Z,rain_paisage.jpg,12288,16320,Adaptive_Median,1,1,static,,omp-avx2,yes,unset,unset,hype2,12.2.0,-O3 -Wall -Wextra -std=c++17 -fopenmp -ffp-contract=off -DOMP_EXPLICIT_SIMD=1 -march=haswell,52597.160035,d0fdcd4b2e74abf3,passed
adaptive-simd_omp-avx2-t1-static-r1-firework.jpg,2026-09-19T22:09:54Z,firework.jpg,11125,16688,Adaptive_Median,1,1,static,,omp-avx2,yes,unset,unset,hype2,12.2.0,-O3 -Wall -Wextra -std=c++17 -fopenmp -ffp-contract=off -DOMP_EXPLICIT_SIMD=1 -march=haswell,50894.565294,cae2b8384ddb6aac,passed
adaptive-simd_omp-avx2-t1-static-r1-control_smooth_6000x6000.png,2026-09-19T22:10:08Z,control_smooth_6000x6000.png,6000,6000,Adaptive_Median,1,1,static,,omp-avx2,yes,unset,unset,hype2,12.2.0,-O3 -Wall -Wextra -std=c++17 -fopenmp -ffp-contract=off -DOMP_EXPLICIT_SIMD=1 -march=haswell,13196.733314,596e3c6929662ab9,passed
adaptive-simd_omp-avx2-t1-static-r1-control_noise_6000x6000.png,2026-09-19T22:10:18Z,control_noise_6000x6000.png,6000,6000,Adaptive_Median,1,1,static,,omp-avx2,yes,unset,unset,hype2,12.2.0,-O3 -Wall -Wextra -std=c++17 -fopenmp -ffp-contract=off -DOMP_EXPLICIT_SIMD=1 -march=haswell,9984.005038,fcb58a627e9d9740,passed
adaptive-simd_omp-avx2-t1-static-r1-control_half_noise_6000x6000.png,2026-09-19T22:10:29Z,control_half_noise_6000x6000.png,6000,6000,Adaptive_Median,1,1,static,,omp-avx2,yes,unset,unset,hype2,12.2.0,-O3 -Wall -Wextra -std=c++17 -fopenmp -ffp-contract=off -DOMP_EXPLICIT_SIMD=1 -march=haswell,9873.624671,9d92a48896bfc25a,passed
adaptive-simd_omp-avx2-t1-static-r1-control_bands_256_6000x6000.png,2026-09-19T22:10:39Z,control_bands_256_6000x6000.png,6000,6000,Adaptive_Median,1,1,static,,omp-avx2,yes,unset,unset,hype2,12.2.0,-O3 -Wall -Wextra -std=c++17 -fopenmp -ffp-contract=off -DOMP_EXPLICIT_SIMD=1 -march=haswell,9913.125286,8f9bc97f03d5aae1,passed
adaptive-simd_off-t1-dynamicx16-r1-sky.jpg,2026-09-19T22:10:57Z,sky.jpg,6936,9248,Adaptive_Median,1,1,dynamic,16,off,yes,unset,unset,hype2,12.2.0,-O3 -Wall -Wextra -std=c++17 -fopenmp -ffp-contract=off -DOMP_EXPLICIT_SIMD=0 -fno-tree-vectorize,16819.789863,1e7ae9152e9643d5,passed
adaptive-simd_off-t1-dynamicx16-r1-stars.jpg,2026-09-19T22:11:26Z,stars.jpg,12960,8640,Adaptive_Median,1,1,dynamic,16,off,yes,unset,unset,hype2,12.2.0,-O3 -Wall -Wextra -std=c++17 -fopenmp -ffp-contract=off -DOMP_EXPLICIT_SIMD=0 -fno-tree-vectorize,26561.500669,626f977055f1c658,passed
adaptive-simd_off-t1-dynamicx16-r1-rain_paisage.jpg,2026-09-19T22:12:19Z,rain_paisage.jpg,12288,16320,Adaptive_Median,1,1,dynamic,16,off,yes,unset,unset,hype2,12.2.0,-O3 -Wall -Wextra -std=c++17 -fopenmp -ffp-contract=off -DOMP_EXPLICIT_SIMD=0 -fno-tree-vectorize,49801.043147,d0fdcd4b2e74abf3,passed
adaptive-simd_off-t1-dynamicx16-r1-firework.jpg,2026-09-19T22:13:10Z,firework.jpg,11125,16688,Adaptive_Median,1,1,dynamic,16,off,yes,unset,unset,hype2,12.2.0,-O3 -Wall -Wextra -std=c++17 -fopenmp -ffp-contract=off -DOMP_EXPLICIT_SIMD=0 -fno-tree-vectorize,47953.857838,cae2b8384ddb6aac,passed
adaptive-simd_off-t1-dynamicx16-r1-control_smooth_6000x6000.png,2026-09-19T22:13:23Z,control_smooth_6000x6000.png,6000,6000,Adaptive_Median,1,1,dynamic,16,off,yes,unset,unset,hype2,12.2.0,-O3 -Wall -Wextra -std=c++17 -fopenmp -ffp-contract=off -DOMP_EXPLICIT_SIMD=0 -fno-tree-vectorize,12650.604848,596e3c6929662ab9,passed
adaptive-simd_off-t1-dynamicx16-r1-control_noise_6000x6000.png,2026-09-19T22:13:33Z,control_noise_6000x6000.png,6000,6000,Adaptive_Median,1,1,dynamic,16,off,yes,unset,unset,hype2,12.2.0,-O3 -Wall -Wextra -std=c++17 -fopenmp -ffp-contract=off -DOMP_EXPLICIT_SIMD=0 -fno-tree-vectorize,9191.804981,fcb58a627e9d9740,passed
adaptive-simd_off-t1-dynamicx16-r1-control_half_noise_6000x6000.png,2026-09-19T22:13:43Z,control_half_noise_6000x6000.png,6000,6000,Adaptive_Median,1,1,dynamic,16,off,yes,unset,unset,hype2,12.2.0,-O3 -Wall -Wextra -std=c++17 -fopenmp -ffp-contract=off -DOMP_EXPLICIT_SIMD=0 -fno-tree-vectorize,9318.599621,9d92a48896bfc25a,passed
adaptive-simd_off-t1-dynamicx16-r1-control_bands_256_6000x6000.png,2026-09-19T22:13:53Z,control_bands_256_6000x6000.png,6000,6000,Adaptive_Median,1,1,dynamic,16,off,yes,unset,unset,hype2,12.2.0,-O3 -Wall -Wextra -std=c++17 -fopenmp -ffp-contract=off -DOMP_EXPLICIT_SIMD=0 -fno-tree-vectorize,9347.543894,8f9bc97f03d5aae1,passed
adaptive-simd_off-avx2-t1-dynamicx16-r1-sky.jpg,2026-09-19T22:14:11Z,sky.jpg,6936,9248,Adaptive_Median,1,1,dynamic,16,off-avx2,yes,unset,unset,hype2,12.2.0,-O3 -Wall -Wextra -std=c++17 -fopenmp -ffp-contract=off -DOMP_EXPLICIT_SIMD=0 -fno-tree-vectorize -march=haswell,17535.377336,1e7ae9152e9643d5,passed
adaptive-simd_off-avx2-t1-dynamicx16-r1-stars.jpg,2026-09-19T22:14:41Z,stars.jpg,12960,8640,Adaptive_Median,1,1,dynamic,16,off-avx2,yes,unset,unset,hype2,12.2.0,-O3 -Wall -Wextra -std=c++17 -fopenmp -ffp-contract=off -DOMP_EXPLICIT_SIMD=0 -fno-tree-vectorize -march=haswell,27877.895464,626f977055f1c658,passed
adaptive-simd_off-avx2-t1-dynamicx16-r1-rain_paisage.jpg,2026-09-19T22:15:37Z,rain_paisage.jpg,12288,16320,Adaptive_Median,1,1,dynamic,16,off-avx2,yes,unset,unset,hype2,12.2.0,-O3 -Wall -Wextra -std=c++17 -fopenmp -ffp-contract=off -DOMP_EXPLICIT_SIMD=0 -fno-tree-vectorize -march=haswell,52026.280783,d0fdcd4b2e74abf3,passed
adaptive-simd_off-avx2-t1-dynamicx16-r1-firework.jpg,2026-09-19T22:16:30Z,firework.jpg,11125,16688,Adaptive_Median,1,1,dynamic,16,off-avx2,yes,unset,unset,hype2,12.2.0,-O3 -Wall -Wextra -std=c++17 -fopenmp -ffp-contract=off -DOMP_EXPLICIT_SIMD=0 -fno-tree-vectorize -march=haswell,50068.631373,cae2b8384ddb6aac,passed
adaptive-simd_off-avx2-t1-dynamicx16-r1-control_smooth_6000x6000.png,2026-09-19T22:16:43Z,control_smooth_6000x6000.png,6000,6000,Adaptive_Median,1,1,dynamic,16,off-avx2,yes,unset,unset,hype2,12.2.0,-O3 -Wall -Wextra -std=c++17 -fopenmp -ffp-contract=off -DOMP_EXPLICIT_SIMD=0 -fno-tree-vectorize -march=haswell,12999.339976,596e3c6929662ab9,passed
adaptive-simd_off-avx2-t1-dynamicx16-r1-control_noise_6000x6000.png,2026-09-19T22:16:53Z,control_noise_6000x6000.png,6000,6000,Adaptive_Median,1,1,dynamic,16,off-avx2,yes,unset,unset,hype2,12.2.0,-O3 -Wall -Wextra -std=c++17 -fopenmp -ffp-contract=off -DOMP_EXPLICIT_SIMD=0 -fno-tree-vectorize -march=haswell,9691.879973,fcb58a627e9d9740,passed
adaptive-simd_off-avx2-t1-dynamicx16-r1-control_half_noise_6000x6000.png,2026-09-19T22:17:04Z,control_half_noise_6000x6000.png,6000,6000,Adaptive_Median,1,1,dynamic,16,off-avx2,yes,unset,unset,hype2,12.2.0,-O3 -Wall -Wextra -std=c++17 -fopenmp -ffp-contract=off -DOMP_EXPLICIT_SIMD=0 -fno-tree-vectorize -march=haswell,9684.555183,9d92a48896bfc25a,passed
adaptive-simd_off-avx2-t1-dynamicx16-r1-control_bands_256_6000x6000.png,2026-09-19T22:17:14Z,control_bands_256_6000x6000.png,6000,6000,Adaptive_Median,1,1,dynamic,16,off-avx2,yes,unset,unset,hype2,12.2.0,-O3 -Wall -Wextra -std=c++17 -fopenmp -ffp-contract=off -DOMP_EXPLICIT_SIMD=0 -fno-tree-vectorize -march=haswell,9726.824771,8f9bc97f03d5aae1,passed
adaptive-simd_omp-t1-dynamicx16-r1-sky.jpg,2026-09-19T22:17:32Z,sky.jpg,6936,9248,Adaptive_Median,1,1,dynamic,16,omp,yes,unset,unset,hype2,12.2.0,-O3 -Wall -Wextra -std=c++17 -fopenmp -ffp-contract=off -DOMP_EXPLICIT_SIMD=1,17199.963705,1e7ae9152e9643d5,passed
adaptive-simd_omp-t1-dynamicx16-r1-stars.jpg,2026-09-19T22:18:02Z,stars.jpg,12960,8640,Adaptive_Median,1,1,dynamic,16,omp,yes,unset,unset,hype2,12.2.0,-O3 -Wall -Wextra -std=c++17 -fopenmp -ffp-contract=off -DOMP_EXPLICIT_SIMD=1,27176.393489,626f977055f1c658,passed
adaptive-simd_omp-t1-dynamicx16-r1-rain_paisage.jpg,2026-09-19T22:18:56Z,rain_paisage.jpg,12288,16320,Adaptive_Median,1,1,dynamic,16,omp,yes,unset,unset,hype2,12.2.0,-O3 -Wall -Wextra -std=c++17 -fopenmp -ffp-contract=off -DOMP_EXPLICIT_SIMD=1,50723.477727,d0fdcd4b2e74abf3,passed
adaptive-simd_omp-t1-dynamicx16-r1-firework.jpg,2026-09-19T22:19:48Z,firework.jpg,11125,16688,Adaptive_Median,1,1,dynamic,16,omp,yes,unset,unset,hype2,12.2.0,-O3 -Wall -Wextra -std=c++17 -fopenmp -ffp-contract=off -DOMP_EXPLICIT_SIMD=1,48933.615932,cae2b8384ddb6aac,passed
adaptive-simd_omp-t1-dynamicx16-r1-control_smooth_6000x6000.png,2026-09-19T22:20:01Z,control_smooth_6000x6000.png,6000,6000,Adaptive_Median,1,1,dynamic,16,omp,yes,unset,unset,hype2,12.2.0,-O3 -Wall -Wextra -std=c++17 -fopenmp -ffp-contract=off -DOMP_EXPLICIT_SIMD=1,12904.038011,596e3c6929662ab9,passed
adaptive-simd_omp-t1-dynamicx16-r1-control_noise_6000x6000.png,2026-09-19T22:20:11Z,control_noise_6000x6000.png,6000,6000,Adaptive_Median,1,1,dynamic,16,omp,yes,unset,unset,hype2,12.2.0,-O3 -Wall -Wextra -std=c++17 -fopenmp -ffp-contract=off -DOMP_EXPLICIT_SIMD=1,9358.006416,fcb58a627e9d9740,passed
adaptive-simd_omp-t1-dynamicx16-r1-control_half_noise_6000x6000.png,2026-09-19T22:20:21Z,control_half_noise_6000x6000.png,6000,6000,Adaptive_Median,1,1,dynamic,16,omp,yes,unset,unset,hype2,12.2.0,-O3 -Wall -Wextra -std=c++17 -fopenmp -ffp-contract=off -DOMP_EXPLICIT_SIMD=1,9549.585386,9d92a48896bfc25a,passed
adaptive-simd_omp-t1-dynamicx16-r1-control_bands_256_6000x6000.png,2026-09-19T22:20:31Z,control_bands_256_6000x6000.png,6000,6000,Adaptive_Median,1,1,dynamic,16,omp,yes,unset,unset,hype2,12.2.0,-O3 -Wall -Wextra -std=c++17 -fopenmp -ffp-contract=off -DOMP_EXPLICIT_SIMD=1,9574.683469,8f9bc97f03d5aae1,passed
adaptive-simd_omp-avx2-t1-dynamicx16-r1-sky.jpg,2026-09-19T22:20:50Z,sky.jpg,6936,9248,Adaptive_Median,1,1,dynamic,16,omp-avx2,yes,unset,unset,hype2,12.2.0,-O3 -Wall -Wextra -std=c++17 -fopenmp -ffp-contract=off -DOMP_EXPLICIT_SIMD=1 -march=haswell,17852.902269,1e7ae9152e9643d5,passed
adaptive-simd_omp-avx2-t1-dynamicx16-r1-stars.jpg,2026-09-19T22:21:21Z,stars.jpg,12960,8640,Adaptive_Median,1,1,dynamic,16,omp-avx2,yes,unset,unset,hype2,12.2.0,-O3 -Wall -Wextra -std=c++17 -fopenmp -ffp-contract=off -DOMP_EXPLICIT_SIMD=1 -march=haswell,28432.240836,626f977055f1c658,passed
adaptive-simd_omp-avx2-t1-dynamicx16-r1-rain_paisage.jpg,2026-09-19T22:22:17Z,rain_paisage.jpg,12288,16320,Adaptive_Median,1,1,dynamic,16,omp-avx2,yes,unset,unset,hype2,12.2.0,-O3 -Wall -Wextra -std=c++17 -fopenmp -ffp-contract=off -DOMP_EXPLICIT_SIMD=1 -march=haswell,52542.476077,d0fdcd4b2e74abf3,passed
adaptive-simd_omp-avx2-t1-dynamicx16-r1-firework.jpg,2026-09-19T22:23:10Z,firework.jpg,11125,16688,Adaptive_Median,1,1,dynamic,16,omp-avx2,yes,unset,unset,hype2,12.2.0,-O3 -Wall -Wextra -std=c++17 -fopenmp -ffp-contract=off -DOMP_EXPLICIT_SIMD=1 -march=haswell,50844.064041,cae2b8384ddb6aac,passed
adaptive-simd_omp-avx2-t1-dynamicx16-r1-control_smooth_6000x6000.png,2026-09-19T22:23:24Z,control_smooth_6000x6000.png,6000,6000,Adaptive_Median,1,1,dynamic,16,omp-avx2,yes,unset,unset,hype2,12.2.0,-O3 -Wall -Wextra -std=c++17 -fopenmp -ffp-contract=off -DOMP_EXPLICIT_SIMD=1 -march=haswell,13208.355548,596e3c6929662ab9,passed
adaptive-simd_omp-avx2-t1-dynamicx16-r1-control_noise_6000x6000.png,2026-09-19T22:23:34Z,control_noise_6000x6000.png,6000,6000,Adaptive_Median,1,1,dynamic,16,omp-avx2,yes,unset,unset,hype2,12.2.0,-O3 -Wall -Wextra -std=c++17 -fopenmp -ffp-contract=off -DOMP_EXPLICIT_SIMD=1 -march=haswell,9958.713084,fcb58a627e9d9740,passed
adaptive-simd_omp-avx2-t1-dynamicx16-r1-control_half_noise_6000x6000.png,2026-09-19T22:23:45Z,control_half_noise_6000x6000.png,6000,6000,Adaptive_Median,1,1,dynamic,16,omp-avx2,yes,unset,unset,hype2,12.2.0,-O3 -Wall -Wextra -std=c++17 -fopenmp -ffp-contract=off -DOMP_EXPLICIT_SIMD=1 -march=haswell,9867.206346,9d92a48896bfc25a,passed
adaptive-simd_omp-avx2-t1-dynamicx16-r1-control_bands_256_6000x6000.png,2026-09-19T22:23:56Z,control_bands_256_6000x6000.png,6000,6000,Adaptive_Median,1,1,dynamic,16,omp-avx2,yes,unset,unset,hype2,12.2.0,-O3 -Wall -Wextra -std=c++17 -fopenmp -ffp-contract=off -DOMP_EXPLICIT_SIMD=1 -march=haswell,9971.523615,8f9bc97f03d5aae1,passed
adaptive-simd_off-avx2-t1-static-r2-sky.jpg,2026-09-19T22:24:14Z,sky.jpg,6936,9248,Adaptive_Median,2,1,static,,off-avx2,yes,unset,unset,hype2,12.2.0,-O3 -Wall -Wextra -std=c++17 -fopenmp -ffp-contract=off -DOMP_EXPLICIT_SIMD=0 -fno-tree-vectorize -march=haswell,17564.332466,1e7ae9152e9643d5,passed
adaptive-simd_off-avx2-t1-static-r2-stars.jpg,2026-09-19T22:24:44Z,stars.jpg,12960,8640,Adaptive_Median,2,1,static,,off-avx2,yes,unset,unset,hype2,12.2.0,-O3 -Wall -Wextra -std=c++17 -fopenmp -ffp-contract=off -DOMP_EXPLICIT_SIMD=0 -fno-tree-vectorize -march=haswell,27926.739673,626f977055f1c658,passed
adaptive-simd_off-avx2-t1-static-r2-rain_paisage.jpg,2026-09-19T22:25:40Z,rain_paisage.jpg,12288,16320,Adaptive_Median,2,1,static,,off-avx2,yes,unset,unset,hype2,12.2.0,-O3 -Wall -Wextra -std=c++17 -fopenmp -ffp-contract=off -DOMP_EXPLICIT_SIMD=0 -fno-tree-vectorize -march=haswell,51994.618021,d0fdcd4b2e74abf3,passed
adaptive-simd_off-avx2-t1-static-r2-firework.jpg,2026-09-19T22:26:33Z,firework.jpg,11125,16688,Adaptive_Median,2,1,static,,off-avx2,yes,unset,unset,hype2,12.2.0,-O3 -Wall -Wextra -std=c++17 -fopenmp -ffp-contract=off -DOMP_EXPLICIT_SIMD=0 -fno-tree-vectorize -march=haswell,50096.230401,cae2b8384ddb6aac,passed
adaptive-simd_off-avx2-t1-static-r2-control_smooth_6000x6000.png,2026-09-19T22:26:46Z,control_smooth_6000x6000.png,6000,6000,Adaptive_Median,2,1,static,,off-avx2,yes,unset,unset,hype2,12.2.0,-O3 -Wall -Wextra -std=c++17 -fopenmp -ffp-contract=off -DOMP_EXPLICIT_SIMD=0 -fno-tree-vectorize -march=haswell,13021.848669,596e3c6929662ab9,passed
adaptive-simd_off-avx2-t1-static-r2-control_noise_6000x6000.png,2026-09-19T22:26:56Z,control_noise_6000x6000.png,6000,6000,Adaptive_Median,2,1,static,,off-avx2,yes,unset,unset,hype2,12.2.0,-O3 -Wall -Wextra -std=c++17 -fopenmp -ffp-contract=off -DOMP_EXPLICIT_SIMD=0 -fno-tree-vectorize -march=haswell,9694.241869,fcb58a627e9d9740,passed
adaptive-simd_off-avx2-t1-static-r2-control_half_noise_6000x6000.png,2026-09-19T22:27:07Z,control_half_noise_6000x6000.png,6000,6000,Adaptive_Median,2,1,static,,off-avx2,yes,unset,unset,hype2,12.2.0,-O3 -Wall -Wextra -std=c++17 -fopenmp -ffp-contract=off -DOMP_EXPLICIT_SIMD=0 -fno-tree-vectorize -march=haswell,9768.822002,9d92a48896bfc25a,passed
adaptive-simd_off-avx2-t1-static-r2-control_bands_256_6000x6000.png,2026-09-19T22:27:17Z,control_bands_256_6000x6000.png,6000,6000,Adaptive_Median,2,1,static,,off-avx2,yes,unset,unset,hype2,12.2.0,-O3 -Wall -Wextra -std=c++17 -fopenmp -ffp-contract=off -DOMP_EXPLICIT_SIMD=0 -fno-tree-vectorize -march=haswell,9719.351544,8f9bc97f03d5aae1,passed
adaptive-simd_omp-t1-static-r2-sky.jpg,2026-09-19T22:27:36Z,sky.jpg,6936,9248,Adaptive_Median,2,1,static,,omp,yes,unset,unset,hype2,12.2.0,-O3 -Wall -Wextra -std=c++17 -fopenmp -ffp-contract=off -DOMP_EXPLICIT_SIMD=1,17294.565222,1e7ae9152e9643d5,passed
adaptive-simd_omp-t1-static-r2-stars.jpg,2026-09-19T22:28:05Z,stars.jpg,12960,8640,Adaptive_Median,2,1,static,,omp,yes,unset,unset,hype2,12.2.0,-O3 -Wall -Wextra -std=c++17 -fopenmp -ffp-contract=off -DOMP_EXPLICIT_SIMD=1,27175.187057,626f977055f1c658,passed
adaptive-simd_omp-t1-static-r2-rain_paisage.jpg,2026-09-19T22:28:59Z,rain_paisage.jpg,12288,16320,Adaptive_Median,2,1,static,,omp,yes,unset,unset,hype2,12.2.0,-O3 -Wall -Wextra -std=c++17 -fopenmp -ffp-contract=off -DOMP_EXPLICIT_SIMD=1,50693.217519,d0fdcd4b2e74abf3,passed
adaptive-simd_omp-t1-static-r2-firework.jpg,2026-09-19T22:29:51Z,firework.jpg,11125,16688,Adaptive_Median,2,1,static,,omp,yes,unset,unset,hype2,12.2.0,-O3 -Wall -Wextra -std=c++17 -fopenmp -ffp-contract=off -DOMP_EXPLICIT_SIMD=1,48897.495199,cae2b8384ddb6aac,passed
adaptive-simd_omp-t1-static-r2-control_smooth_6000x6000.png,2026-09-19T22:30:04Z,control_smooth_6000x6000.png,6000,6000,Adaptive_Median,2,1,static,,omp,yes,unset,unset,hype2,12.2.0,-O3 -Wall -Wextra -std=c++17 -fopenmp -ffp-contract=off -DOMP_EXPLICIT_SIMD=1,12914.970124,596e3c6929662ab9,passed
adaptive-simd_omp-t1-static-r2-control_noise_6000x6000.png,2026-09-19T22:30:14Z,control_noise_6000x6000.png,6000,6000,Adaptive_Median,2,1,static,,omp,yes,unset,unset,hype2,12.2.0,-O3 -Wall -Wextra -std=c++17 -fopenmp -ffp-contract=off -DOMP_EXPLICIT_SIMD=1,9355.956588,fcb58a627e9d9740,passed
adaptive-simd_omp-t1-static-r2-control_half_noise_6000x6000.png,2026-09-19T22:30:24Z,control_half_noise_6000x6000.png,6000,6000,Adaptive_Median,2,1,static,,omp,yes,unset,unset,hype2,12.2.0,-O3 -Wall -Wextra -std=c++17 -fopenmp -ffp-contract=off -DOMP_EXPLICIT_SIMD=1,9544.907096,9d92a48896bfc25a,passed
adaptive-simd_omp-t1-static-r2-control_bands_256_6000x6000.png,2026-09-19T22:30:35Z,control_bands_256_6000x6000.png,6000,6000,Adaptive_Median,2,1,static,,omp,yes,unset,unset,hype2,12.2.0,-O3 -Wall -Wextra -std=c++17 -fopenmp -ffp-contract=off -DOMP_EXPLICIT_SIMD=1,9581.771275,8f9bc97f03d5aae1,passed
adaptive-simd_omp-avx2-t1-static-r2-sky.jpg,2026-09-19T22:30:53Z,sky.jpg,6936,9248,Adaptive_Median,2,1,static,,omp-avx2,yes,unset,unset,hype2,12.2.0,-O3 -Wall -Wextra -std=c++17 -fopenmp -ffp-contract=off -DOMP_EXPLICIT_SIMD=1 -march=haswell,17849.573074,1e7ae9152e9643d5,passed
adaptive-simd_omp-avx2-t1-static-r2-stars.jpg,2026-09-19T22:31:24Z,stars.jpg,12960,8640,Adaptive_Median,2,1,static,,omp-avx2,yes,unset,unset,hype2,12.2.0,-O3 -Wall -Wextra -std=c++17 -fopenmp -ffp-contract=off -DOMP_EXPLICIT_SIMD=1 -march=haswell,28441.770882,626f977055f1c658,passed
adaptive-simd_omp-avx2-t1-static-r2-rain_paisage.jpg,2026-09-19T22:32:20Z,rain_paisage.jpg,12288,16320,Adaptive_Median,2,1,static,,omp-avx2,yes,unset,unset,hype2,12.2.0,-O3 -Wall -Wextra -std=c++17 -fopenmp -ffp-contract=off -DOMP_EXPLICIT_SIMD=1 -march=haswell,52546.986810,d0fdcd4b2e74abf3,passed
adaptive-simd_omp-avx2-t1-static-r2-firework.jpg,2026-09-19T22:33:14Z,firework.jpg,11125,16688,Adaptive_Median,2,1,static,,omp-avx2,yes,unset,unset,hype2,12.2.0,-O3 -Wall -Wextra -std=c++17 -fopenmp -ffp-contract=off -DOMP_EXPLICIT_SIMD=1 -march=haswell,50836.108919,cae2b8384ddb6aac,passed
adaptive-simd_omp-avx2-t1-static-r2-control_smooth_6000x6000.png,2026-09-19T22:33:27Z,control_smooth_6000x6000.png,6000,6000,Adaptive_Median,2,1,static,,omp-avx2,yes,unset,unset,hype2,12.2.0,-O3 -Wall -Wextra -std=c++17 -fopenmp -ffp-contract=off -DOMP_EXPLICIT_SIMD=1 -march=haswell,13193.671244,596e3c6929662ab9,passed
adaptive-simd_omp-avx2-t1-static-r2-control_noise_6000x6000.png,2026-09-19T22:33:38Z,control_noise_6000x6000.png,6000,6000,Adaptive_Median,2,1,static,,omp-avx2,yes,unset,unset,hype2,12.2.0,-O3 -Wall -Wextra -std=c++17 -fopenmp -ffp-contract=off -DOMP_EXPLICIT_SIMD=1 -march=haswell,9950.090401,fcb58a627e9d9740,passed
adaptive-simd_omp-avx2-t1-static-r2-control_half_noise_6000x6000.png,2026-09-19T22:33:48Z,control_half_noise_6000x6000.png,6000,6000,Adaptive_Median,2,1,static,,omp-avx2,yes,unset,unset,hype2,12.2.0,-O3 -Wall -Wextra -std=c++17 -fopenmp -ffp-contract=off -DOMP_EXPLICIT_SIMD=1 -march=haswell,9862.920783,9d92a48896bfc25a,passed
adaptive-simd_omp-avx2-t1-static-r2-control_bands_256_6000x6000.png,2026-09-19T22:33:59Z,control_bands_256_6000x6000.png,6000,6000,Adaptive_Median,2,1,static,,omp-avx2,yes,unset,unset,hype2,12.2.0,-O3 -Wall -Wextra -std=c++17 -fopenmp -ffp-contract=off -DOMP_EXPLICIT_SIMD=1 -march=haswell,9902.556600,8f9bc97f03d5aae1,passed
adaptive-simd_off-t1-dynamicx16-r2-sky.jpg,2026-09-19T22:34:17Z,sky.jpg,6936,9248,Adaptive_Median,2,1,dynamic,16,off,yes,unset,unset,hype2,12.2.0,-O3 -Wall -Wextra -std=c++17 -fopenmp -ffp-contract=off -DOMP_EXPLICIT_SIMD=0 -fno-tree-vectorize,16785.971071,1e7ae9152e9643d5,passed
adaptive-simd_off-t1-dynamicx16-r2-stars.jpg,2026-09-19T22:34:45Z,stars.jpg,12960,8640,Adaptive_Median,2,1,dynamic,16,off,yes,unset,unset,hype2,12.2.0,-O3 -Wall -Wextra -std=c++17 -fopenmp -ffp-contract=off -DOMP_EXPLICIT_SIMD=0 -fno-tree-vectorize,26502.175006,626f977055f1c658,passed
adaptive-simd_off-t1-dynamicx16-r2-rain_paisage.jpg,2026-09-19T22:35:39Z,rain_paisage.jpg,12288,16320,Adaptive_Median,2,1,dynamic,16,off,yes,unset,unset,hype2,12.2.0,-O3 -Wall -Wextra -std=c++17 -fopenmp -ffp-contract=off -DOMP_EXPLICIT_SIMD=0 -fno-tree-vectorize,49869.344296,d0fdcd4b2e74abf3,passed
adaptive-simd_off-t1-dynamicx16-r2-firework.jpg,2026-09-19T22:36:29Z,firework.jpg,11125,16688,Adaptive_Median,2,1,dynamic,16,off,yes,unset,unset,hype2,12.2.0,-O3 -Wall -Wextra -std=c++17 -fopenmp -ffp-contract=off -DOMP_EXPLICIT_SIMD=0 -fno-tree-vectorize,47858.961279,cae2b8384ddb6aac,passed
adaptive-simd_off-t1-dynamicx16-r2-control_smooth_6000x6000.png,2026-09-19T22:36:42Z,control_smooth_6000x6000.png,6000,6000,Adaptive_Median,2,1,dynamic,16,off,yes,unset,unset,hype2,12.2.0,-O3 -Wall -Wextra -std=c++17 -fopenmp -ffp-contract=off -DOMP_EXPLICIT_SIMD=0 -fno-tree-vectorize,12617.010913,596e3c6929662ab9,passed
adaptive-simd_off-t1-dynamicx16-r2-control_noise_6000x6000.png,2026-09-19T22:36:52Z,control_noise_6000x6000.png,6000,6000,Adaptive_Median,2,1,dynamic,16,off,yes,unset,unset,hype2,12.2.0,-O3 -Wall -Wextra -std=c++17 -fopenmp -ffp-contract=off -DOMP_EXPLICIT_SIMD=0 -fno-tree-vectorize,9171.694755,fcb58a627e9d9740,passed
adaptive-simd_off-t1-dynamicx16-r2-control_half_noise_6000x6000.png,2026-09-19T22:37:02Z,control_half_noise_6000x6000.png,6000,6000,Adaptive_Median,2,1,dynamic,16,off,yes,unset,unset,hype2,12.2.0,-O3 -Wall -Wextra -std=c++17 -fopenmp -ffp-contract=off -DOMP_EXPLICIT_SIMD=0 -fno-tree-vectorize,9301.338993,9d92a48896bfc25a,passed
adaptive-simd_off-t1-dynamicx16-r2-control_bands_256_6000x6000.png,2026-09-19T22:37:12Z,control_bands_256_6000x6000.png,6000,6000,Adaptive_Median,2,1,dynamic,16,off,yes,unset,unset,hype2,12.2.0,-O3 -Wall -Wextra -std=c++17 -fopenmp -ffp-contract=off -DOMP_EXPLICIT_SIMD=0 -fno-tree-vectorize,9332.612012,8f9bc97f03d5aae1,passed
adaptive-simd_off-avx2-t1-dynamicx16-r2-sky.jpg,2026-09-19T22:37:31Z,sky.jpg,6936,9248,Adaptive_Median,2,1,dynamic,16,off-avx2,yes,unset,unset,hype2,12.2.0,-O3 -Wall -Wextra -std=c++17 -fopenmp -ffp-contract=off -DOMP_EXPLICIT_SIMD=0 -fno-tree-vectorize -march=haswell,17507.732837,1e7ae9152e9643d5,passed
adaptive-simd_off-avx2-t1-dynamicx16-r2-stars.jpg,2026-09-19T22:38:01Z,stars.jpg,12960,8640,Adaptive_Median,2,1,dynamic,16,off-avx2,yes,unset,unset,hype2,12.2.0,-O3 -Wall -Wextra -std=c++17 -fopenmp -ffp-contract=off -DOMP_EXPLICIT_SIMD=0 -fno-tree-vectorize -march=haswell,27837.339996,626f977055f1c658,passed
adaptive-simd_off-avx2-t1-dynamicx16-r2-rain_paisage.jpg,2026-09-19T22:38:56Z,rain_paisage.jpg,12288,16320,Adaptive_Median,2,1,dynamic,16,off-avx2,yes,unset,unset,hype2,12.2.0,-O3 -Wall -Wextra -std=c++17 -fopenmp -ffp-contract=off -DOMP_EXPLICIT_SIMD=0 -fno-tree-vectorize -march=haswell,51942.462231,d0fdcd4b2e74abf3,passed
adaptive-simd_off-avx2-t1-dynamicx16-r2-firework.jpg,2026-09-19T22:39:49Z,firework.jpg,11125,16688,Adaptive_Median,2,1,dynamic,16,off-avx2,yes,unset,unset,hype2,12.2.0,-O3 -Wall -Wextra -std=c++17 -fopenmp -ffp-contract=off -DOMP_EXPLICIT_SIMD=0 -fno-tree-vectorize -march=haswell,50084.110303,cae2b8384ddb6aac,passed
adaptive-simd_off-avx2-t1-dynamicx16-r2-control_smooth_6000x6000.png,2026-09-19T22:40:03Z,control_smooth_6000x6000.png,6000,6000,Adaptive_Median,2,1,dynamic,16,off-avx2,yes,unset,unset,hype2,12.2.0,-O3 -Wall -Wextra -std=c++17 -fopenmp -ffp-contract=off -DOMP_EXPLICIT_SIMD=0 -fno-tree-vectorize -march=haswell,13014.162504,596e3c6929662ab9,passed
adaptive-simd_off-avx2-t1-dynamicx16-r2-control_noise_6000x6000.png,2026-09-19T22:40:13Z,control_noise_6000x6000.png,6000,6000,Adaptive_Median,2,1,dynamic,16,off-avx2,yes,unset,unset,hype2,12.2.0,-O3 -Wall -Wextra -std=c++17 -fopenmp -ffp-contract=off -DOMP_EXPLICIT_SIMD=0 -fno-tree-vectorize -march=haswell,9676.926189,fcb58a627e9d9740,passed
adaptive-simd_off-avx2-t1-dynamicx16-r2-control_half_noise_6000x6000.png,2026-09-19T22:40:23Z,control_half_noise_6000x6000.png,6000,6000,Adaptive_Median,2,1,dynamic,16,off-avx2,yes,unset,unset,hype2,12.2.0,-O3 -Wall -Wextra -std=c++17 -fopenmp -ffp-contract=off -DOMP_EXPLICIT_SIMD=0 -fno-tree-vectorize -march=haswell,9687.039252,9d92a48896bfc25a,passed
adaptive-simd_off-avx2-t1-dynamicx16-r2-control_bands_256_6000x6000.png,2026-09-19T22:40:34Z,control_bands_256_6000x6000.png,6000,6000,Adaptive_Median,2,1,dynamic,16,off-avx2,yes,unset,unset,hype2,12.2.0,-O3 -Wall -Wextra -std=c++17 -fopenmp -ffp-contract=off -DOMP_EXPLICIT_SIMD=0 -fno-tree-vectorize -march=haswell,9726.198142,8f9bc97f03d5aae1,passed
adaptive-simd_omp-t1-dynamicx16-r2-sky.jpg,2026-09-19T22:40:52Z,sky.jpg,6936,9248,Adaptive_Median,2,1,dynamic,16,omp,yes,unset,unset,hype2,12.2.0,-O3 -Wall -Wextra -std=c++17 -fopenmp -ffp-contract=off -DOMP_EXPLICIT_SIMD=1,17202.800975,1e7ae9152e9643d5,passed
adaptive-simd_omp-t1-dynamicx16-r2-stars.jpg,2026-09-19T22:41:21Z,stars.jpg,12960,8640,Adaptive_Median,2,1,dynamic,16,omp,yes,unset,unset,hype2,12.2.0,-O3 -Wall -Wextra -std=c++17 -fopenmp -ffp-contract=off -DOMP_EXPLICIT_SIMD=1,27165.813169,626f977055f1c658,passed
adaptive-simd_omp-t1-dynamicx16-r2-rain_paisage.jpg,2026-09-19T22:42:15Z,rain_paisage.jpg,12288,16320,Adaptive_Median,2,1,dynamic,16,omp,yes,unset,unset,hype2,12.2.0,-O3 -Wall -Wextra -std=c++17 -fopenmp -ffp-contract=off -DOMP_EXPLICIT_SIMD=1,50689.557062,d0fdcd4b2e74abf3,passed
adaptive-simd_omp-t1-dynamicx16-r2-firework.jpg,2026-09-19T22:43:07Z,firework.jpg,11125,16688,Adaptive_Median,2,1,dynamic,16,omp,yes,unset,unset,hype2,12.2.0,-O3 -Wall -Wextra -std=c++17 -fopenmp -ffp-contract=off -DOMP_EXPLICIT_SIMD=1,48896.605629,cae2b8384ddb6aac,passed
adaptive-simd_omp-t1-dynamicx16-r2-control_smooth_6000x6000.png,2026-09-19T22:43:20Z,control_smooth_6000x6000.png,6000,6000,Adaptive_Median,2,1,dynamic,16,omp,yes,unset,unset,hype2,12.2.0,-O3 -Wall -Wextra -std=c++17 -fopenmp -ffp-contract=off -DOMP_EXPLICIT_SIMD=1,12899.290919,596e3c6929662ab9,passed
adaptive-simd_omp-t1-dynamicx16-r2-control_noise_6000x6000.png,2026-09-19T22:43:30Z,control_noise_6000x6000.png,6000,6000,Adaptive_Median,2,1,dynamic,16,omp,yes,unset,unset,hype2,12.2.0,-O3 -Wall -Wextra -std=c++17 -fopenmp -ffp-contract=off -DOMP_EXPLICIT_SIMD=1,9367.684724,fcb58a627e9d9740,passed
adaptive-simd_omp-t1-dynamicx16-r2-control_half_noise_6000x6000.png,2026-09-19T22:43:40Z,control_half_noise_6000x6000.png,6000,6000,Adaptive_Median,2,1,dynamic,16,omp,yes,unset,unset,hype2,12.2.0,-O3 -Wall -Wextra -std=c++17 -fopenmp -ffp-contract=off -DOMP_EXPLICIT_SIMD=1,9537.613427,9d92a48896bfc25a,passed
adaptive-simd_omp-t1-dynamicx16-r2-control_bands_256_6000x6000.png,2026-09-19T22:43:51Z,control_bands_256_6000x6000.png,6000,6000,Adaptive_Median,2,1,dynamic,16,omp,yes,unset,unset,hype2,12.2.0,-O3 -Wall -Wextra -std=c++17 -fopenmp -ffp-contract=off -DOMP_EXPLICIT_SIMD=1,9572.913166,8f9bc97f03d5aae1,passed
adaptive-simd_omp-avx2-t1-dynamicx16-r2-sky.jpg,2026-09-19T22:44:10Z,sky.jpg,6936,9248,Adaptive_Median,2,1,dynamic,16,omp-avx2,yes,unset,unset,hype2,12.2.0,-O3 -Wall -Wextra -std=c++17 -fopenmp -ffp-contract=off -DOMP_EXPLICIT_SIMD=1 -march=haswell,17856.374399,1e7ae9152e9643d5,passed
adaptive-simd_omp-avx2-t1-dynamicx16-r2-stars.jpg,2026-09-19T22:44:40Z,stars.jpg,12960,8640,Adaptive_Median,2,1,dynamic,16,omp-avx2,yes,unset,unset,hype2,12.2.0,-O3 -Wall -Wextra -std=c++17 -fopenmp -ffp-contract=off -DOMP_EXPLICIT_SIMD=1 -march=haswell,28514.265846,626f977055f1c658,passed
adaptive-simd_omp-avx2-t1-dynamicx16-r2-rain_paisage.jpg,2026-09-19T22:45:36Z,rain_paisage.jpg,12288,16320,Adaptive_Median,2,1,dynamic,16,omp-avx2,yes,unset,unset,hype2,12.2.0,-O3 -Wall -Wextra -std=c++17 -fopenmp -ffp-contract=off -DOMP_EXPLICIT_SIMD=1 -march=haswell,52596.240360,d0fdcd4b2e74abf3,passed
adaptive-simd_omp-avx2-t1-dynamicx16-r2-firework.jpg,2026-09-19T22:46:30Z,firework.jpg,11125,16688,Adaptive_Median,2,1,dynamic,16,omp-avx2,yes,unset,unset,hype2,12.2.0,-O3 -Wall -Wextra -std=c++17 -fopenmp -ffp-contract=off -DOMP_EXPLICIT_SIMD=1 -march=haswell,50874.345345,cae2b8384ddb6aac,passed
adaptive-simd_omp-avx2-t1-dynamicx16-r2-control_smooth_6000x6000.png,2026-09-19T22:46:44Z,control_smooth_6000x6000.png,6000,6000,Adaptive_Median,2,1,dynamic,16,omp-avx2,yes,unset,unset,hype2,12.2.0,-O3 -Wall -Wextra -std=c++17 -fopenmp -ffp-contract=off -DOMP_EXPLICIT_SIMD=1 -march=haswell,13193.781221,596e3c6929662ab9,passed
adaptive-simd_omp-avx2-t1-dynamicx16-r2-control_noise_6000x6000.png,2026-09-19T22:46:54Z,control_noise_6000x6000.png,6000,6000,Adaptive_Median,2,1,dynamic,16,omp-avx2,yes,unset,unset,hype2,12.2.0,-O3 -Wall -Wextra -std=c++17 -fopenmp -ffp-contract=off -DOMP_EXPLICIT_SIMD=1 -march=haswell,9951.722692,fcb58a627e9d9740,passed
adaptive-simd_omp-avx2-t1-dynamicx16-r2-control_half_noise_6000x6000.png,2026-09-19T22:47:05Z,control_half_noise_6000x6000.png,6000,6000,Adaptive_Median,2,1,dynamic,16,omp-avx2,yes,unset,unset,hype2,12.2.0,-O3 -Wall -Wextra -std=c++17 -fopenmp -ffp-contract=off -DOMP_EXPLICIT_SIMD=1 -march=haswell,9877.354183,9d92a48896bfc25a,passed
adaptive-simd_omp-avx2-t1-dynamicx16-r2-control_bands_256_6000x6000.png,2026-09-19T22:47:15Z,control_bands_256_6000x6000.png,6000,6000,Adaptive_Median,2,1,dynamic,16,omp-avx2,yes,unset,unset,hype2,12.2.0,-O3 -Wall -Wextra -std=c++17 -fopenmp -ffp-contract=off -DOMP_EXPLICIT_SIMD=1 -march=haswell,9909.115880,8f9bc97f03d5aae1,passed
adaptive-simd_off-t1-static-r2-sky.jpg,2026-09-19T22:47:33Z,sky.jpg,6936,9248,Adaptive_Median,2,1,static,,off,yes,unset,unset,hype2,12.2.0,-O3 -Wall -Wextra -std=c++17 -fopenmp -ffp-contract=off -DOMP_EXPLICIT_SIMD=0 -fno-tree-vectorize,16805.216341,1e7ae9152e9643d5,passed
adaptive-simd_off-t1-static-r2-stars.jpg,2026-09-19T22:48:02Z,stars.jpg,12960,8640,Adaptive_Median,2,1,static,,off,yes,unset,unset,hype2,12.2.0,-O3 -Wall -Wextra -std=c++17 -fopenmp -ffp-contract=off -DOMP_EXPLICIT_SIMD=0 -fno-tree-vectorize,26529.691260,626f977055f1c658,passed
adaptive-simd_off-t1-static-r2-rain_paisage.jpg,2026-09-19T22:48:55Z,rain_paisage.jpg,12288,16320,Adaptive_Median,2,1,static,,off,yes,unset,unset,hype2,12.2.0,-O3 -Wall -Wextra -std=c++17 -fopenmp -ffp-contract=off -DOMP_EXPLICIT_SIMD=0 -fno-tree-vectorize,49731.197870,d0fdcd4b2e74abf3,passed
adaptive-simd_off-t1-static-r2-firework.jpg,2026-09-19T22:49:46Z,firework.jpg,11125,16688,Adaptive_Median,2,1,static,,off,yes,unset,unset,hype2,12.2.0,-O3 -Wall -Wextra -std=c++17 -fopenmp -ffp-contract=off -DOMP_EXPLICIT_SIMD=0 -fno-tree-vectorize,47927.908256,cae2b8384ddb6aac,passed
adaptive-simd_off-t1-static-r2-control_smooth_6000x6000.png,2026-09-19T22:49:59Z,control_smooth_6000x6000.png,6000,6000,Adaptive_Median,2,1,static,,off,yes,unset,unset,hype2,12.2.0,-O3 -Wall -Wextra -std=c++17 -fopenmp -ffp-contract=off -DOMP_EXPLICIT_SIMD=0 -fno-tree-vectorize,12645.270146,596e3c6929662ab9,passed
adaptive-simd_off-t1-static-r2-control_noise_6000x6000.png,2026-09-19T22:50:08Z,control_noise_6000x6000.png,6000,6000,Adaptive_Median,2,1,static,,off,yes,unset,unset,hype2,12.2.0,-O3 -Wall -Wextra -std=c++17 -fopenmp -ffp-contract=off -DOMP_EXPLICIT_SIMD=0 -fno-tree-vectorize,9185.486113,fcb58a627e9d9740,passed
adaptive-simd_off-t1-static-r2-control_half_noise_6000x6000.png,2026-09-19T22:50:19Z,control_half_noise_6000x6000.png,6000,6000,Adaptive_Median,2,1,static,,off,yes,unset,unset,hype2,12.2.0,-O3 -Wall -Wextra -std=c++17 -fopenmp -ffp-contract=off -DOMP_EXPLICIT_SIMD=0 -fno-tree-vectorize,9290.819270,9d92a48896bfc25a,passed
adaptive-simd_off-t1-static-r2-control_bands_256_6000x6000.png,2026-09-19T22:50:29Z,control_bands_256_6000x6000.png,6000,6000,Adaptive_Median,2,1,static,,off,yes,unset,unset,hype2,12.2.0,-O3 -Wall -Wextra -std=c++17 -fopenmp -ffp-contract=off -DOMP_EXPLICIT_SIMD=0 -fno-tree-vectorize,9337.535280,8f9bc97f03d5aae1,passed
adaptive-simd_omp-t1-static-r3-sky.jpg,2026-09-19T22:50:47Z,sky.jpg,6936,9248,Adaptive_Median,3,1,static,,omp,yes,unset,unset,hype2,12.2.0,-O3 -Wall -Wextra -std=c++17 -fopenmp -ffp-contract=off -DOMP_EXPLICIT_SIMD=1,17213.827387,1e7ae9152e9643d5,passed
adaptive-simd_omp-t1-static-r3-stars.jpg,2026-09-19T22:51:16Z,stars.jpg,12960,8640,Adaptive_Median,3,1,static,,omp,yes,unset,unset,hype2,12.2.0,-O3 -Wall -Wextra -std=c++17 -fopenmp -ffp-contract=off -DOMP_EXPLICIT_SIMD=1,27233.356024,626f977055f1c658,passed
adaptive-simd_omp-t1-static-r3-rain_paisage.jpg,2026-09-19T22:52:10Z,rain_paisage.jpg,12288,16320,Adaptive_Median,3,1,static,,omp,yes,unset,unset,hype2,12.2.0,-O3 -Wall -Wextra -std=c++17 -fopenmp -ffp-contract=off -DOMP_EXPLICIT_SIMD=1,50737.211248,d0fdcd4b2e74abf3,passed
adaptive-simd_omp-t1-static-r3-firework.jpg,2026-09-19T22:53:02Z,firework.jpg,11125,16688,Adaptive_Median,3,1,static,,omp,yes,unset,unset,hype2,12.2.0,-O3 -Wall -Wextra -std=c++17 -fopenmp -ffp-contract=off -DOMP_EXPLICIT_SIMD=1,48914.772763,cae2b8384ddb6aac,passed
adaptive-simd_omp-t1-static-r3-control_smooth_6000x6000.png,2026-09-19T22:53:15Z,control_smooth_6000x6000.png,6000,6000,Adaptive_Median,3,1,static,,omp,yes,unset,unset,hype2,12.2.0,-O3 -Wall -Wextra -std=c++17 -fopenmp -ffp-contract=off -DOMP_EXPLICIT_SIMD=1,12926.963910,596e3c6929662ab9,passed
adaptive-simd_omp-t1-static-r3-control_noise_6000x6000.png,2026-09-19T22:53:25Z,control_noise_6000x6000.png,6000,6000,Adaptive_Median,3,1,static,,omp,yes,unset,unset,hype2,12.2.0,-O3 -Wall -Wextra -std=c++17 -fopenmp -ffp-contract=off -DOMP_EXPLICIT_SIMD=1,9355.272031,fcb58a627e9d9740,passed
adaptive-simd_omp-t1-static-r3-control_half_noise_6000x6000.png,2026-09-19T22:53:36Z,control_half_noise_6000x6000.png,6000,6000,Adaptive_Median,3,1,static,,omp,yes,unset,unset,hype2,12.2.0,-O3 -Wall -Wextra -std=c++17 -fopenmp -ffp-contract=off -DOMP_EXPLICIT_SIMD=1,9550.129161,9d92a48896bfc25a,passed
adaptive-simd_omp-t1-static-r3-control_bands_256_6000x6000.png,2026-09-19T22:53:46Z,control_bands_256_6000x6000.png,6000,6000,Adaptive_Median,3,1,static,,omp,yes,unset,unset,hype2,12.2.0,-O3 -Wall -Wextra -std=c++17 -fopenmp -ffp-contract=off -DOMP_EXPLICIT_SIMD=1,9578.706759,8f9bc97f03d5aae1,passed
adaptive-simd_omp-avx2-t1-static-r3-sky.jpg,2026-09-19T22:54:05Z,sky.jpg,6936,9248,Adaptive_Median,3,1,static,,omp-avx2,yes,unset,unset,hype2,12.2.0,-O3 -Wall -Wextra -std=c++17 -fopenmp -ffp-contract=off -DOMP_EXPLICIT_SIMD=1 -march=haswell,17867.106704,1e7ae9152e9643d5,passed
adaptive-simd_omp-avx2-t1-static-r3-stars.jpg,2026-09-19T22:54:35Z,stars.jpg,12960,8640,Adaptive_Median,3,1,static,,omp-avx2,yes,unset,unset,hype2,12.2.0,-O3 -Wall -Wextra -std=c++17 -fopenmp -ffp-contract=off -DOMP_EXPLICIT_SIMD=1 -march=haswell,28462.899625,626f977055f1c658,passed
adaptive-simd_omp-avx2-t1-static-r3-rain_paisage.jpg,2026-09-19T22:55:31Z,rain_paisage.jpg,12288,16320,Adaptive_Median,3,1,static,,omp-avx2,yes,unset,unset,hype2,12.2.0,-O3 -Wall -Wextra -std=c++17 -fopenmp -ffp-contract=off -DOMP_EXPLICIT_SIMD=1 -march=haswell,52560.475057,d0fdcd4b2e74abf3,passed
adaptive-simd_omp-avx2-t1-static-r3-firework.jpg,2026-09-19T22:56:25Z,firework.jpg,11125,16688,Adaptive_Median,3,1,static,,omp-avx2,yes,unset,unset,hype2,12.2.0,-O3 -Wall -Wextra -std=c++17 -fopenmp -ffp-contract=off -DOMP_EXPLICIT_SIMD=1 -march=haswell,50870.746219,cae2b8384ddb6aac,passed
adaptive-simd_omp-avx2-t1-static-r3-control_smooth_6000x6000.png,2026-09-19T22:56:39Z,control_smooth_6000x6000.png,6000,6000,Adaptive_Median,3,1,static,,omp-avx2,yes,unset,unset,hype2,12.2.0,-O3 -Wall -Wextra -std=c++17 -fopenmp -ffp-contract=off -DOMP_EXPLICIT_SIMD=1 -march=haswell,13188.989730,596e3c6929662ab9,passed
adaptive-simd_omp-avx2-t1-static-r3-control_noise_6000x6000.png,2026-09-19T22:56:49Z,control_noise_6000x6000.png,6000,6000,Adaptive_Median,3,1,static,,omp-avx2,yes,unset,unset,hype2,12.2.0,-O3 -Wall -Wextra -std=c++17 -fopenmp -ffp-contract=off -DOMP_EXPLICIT_SIMD=1 -march=haswell,9955.600876,fcb58a627e9d9740,passed
adaptive-simd_omp-avx2-t1-static-r3-control_half_noise_6000x6000.png,2026-09-19T22:57:00Z,control_half_noise_6000x6000.png,6000,6000,Adaptive_Median,3,1,static,,omp-avx2,yes,unset,unset,hype2,12.2.0,-O3 -Wall -Wextra -std=c++17 -fopenmp -ffp-contract=off -DOMP_EXPLICIT_SIMD=1 -march=haswell,9861.409688,9d92a48896bfc25a,passed
adaptive-simd_omp-avx2-t1-static-r3-control_bands_256_6000x6000.png,2026-09-19T22:57:10Z,control_bands_256_6000x6000.png,6000,6000,Adaptive_Median,3,1,static,,omp-avx2,yes,unset,unset,hype2,12.2.0,-O3 -Wall -Wextra -std=c++17 -fopenmp -ffp-contract=off -DOMP_EXPLICIT_SIMD=1 -march=haswell,9910.444059,8f9bc97f03d5aae1,passed
adaptive-simd_off-t1-dynamicx16-r3-sky.jpg,2026-09-19T22:57:28Z,sky.jpg,6936,9248,Adaptive_Median,3,1,dynamic,16,off,yes,unset,unset,hype2,12.2.0,-O3 -Wall -Wextra -std=c++17 -fopenmp -ffp-contract=off -DOMP_EXPLICIT_SIMD=0 -fno-tree-vectorize,16782.791237,1e7ae9152e9643d5,passed
adaptive-simd_off-t1-dynamicx16-r3-stars.jpg,2026-09-19T22:57:57Z,stars.jpg,12960,8640,Adaptive_Median,3,1,dynamic,16,off,yes,unset,unset,hype2,12.2.0,-O3 -Wall -Wextra -std=c++17 -fopenmp -ffp-contract=off -DOMP_EXPLICIT_SIMD=0 -fno-tree-vectorize,26514.222467,626f977055f1c658,passed
adaptive-simd_off-t1-dynamicx16-r3-rain_paisage.jpg,2026-09-19T22:58:50Z,rain_paisage.jpg,12288,16320,Adaptive_Median,3,1,dynamic,16,off,yes,unset,unset,hype2,12.2.0,-O3 -Wall -Wextra -std=c++17 -fopenmp -ffp-contract=off -DOMP_EXPLICIT_SIMD=0 -fno-tree-vectorize,49692.983559,d0fdcd4b2e74abf3,passed
adaptive-simd_off-t1-dynamicx16-r3-firework.jpg,2026-09-19T22:59:40Z,firework.jpg,11125,16688,Adaptive_Median,3,1,dynamic,16,off,yes,unset,unset,hype2,12.2.0,-O3 -Wall -Wextra -std=c++17 -fopenmp -ffp-contract=off -DOMP_EXPLICIT_SIMD=0 -fno-tree-vectorize,47910.001072,cae2b8384ddb6aac,passed
adaptive-simd_off-t1-dynamicx16-r3-control_smooth_6000x6000.png,2026-09-19T22:59:54Z,control_smooth_6000x6000.png,6000,6000,Adaptive_Median,3,1,dynamic,16,off,yes,unset,unset,hype2,12.2.0,-O3 -Wall -Wextra -std=c++17 -fopenmp -ffp-contract=off -DOMP_EXPLICIT_SIMD=0 -fno-tree-vectorize,12616.763779,596e3c6929662ab9,passed
adaptive-simd_off-t1-dynamicx16-r3-control_noise_6000x6000.png,2026-09-19T23:00:03Z,control_noise_6000x6000.png,6000,6000,Adaptive_Median,3,1,dynamic,16,off,yes,unset,unset,hype2,12.2.0,-O3 -Wall -Wextra -std=c++17 -fopenmp -ffp-contract=off -DOMP_EXPLICIT_SIMD=0 -fno-tree-vectorize,9180.087115,fcb58a627e9d9740,passed
adaptive-simd_off-t1-dynamicx16-r3-control_half_noise_6000x6000.png,2026-09-19T23:00:13Z,control_half_noise_6000x6000.png,6000,6000,Adaptive_Median,3,1,dynamic,16,off,yes,unset,unset,hype2,12.2.0,-O3 -Wall -Wextra -std=c++17 -fopenmp -ffp-contract=off -DOMP_EXPLICIT_SIMD=0 -fno-tree-vectorize,9311.360943,9d92a48896bfc25a,passed
adaptive-simd_off-t1-dynamicx16-r3-control_bands_256_6000x6000.png,2026-09-19T23:00:23Z,control_bands_256_6000x6000.png,6000,6000,Adaptive_Median,3,1,dynamic,16,off,yes,unset,unset,hype2,12.2.0,-O3 -Wall -Wextra -std=c++17 -fopenmp -ffp-contract=off -DOMP_EXPLICIT_SIMD=0 -fno-tree-vectorize,9332.357366,8f9bc97f03d5aae1,passed
adaptive-simd_off-avx2-t1-dynamicx16-r3-sky.jpg,2026-09-19T23:00:42Z,sky.jpg,6936,9248,Adaptive_Median,3,1,dynamic,16,off-avx2,yes,unset,unset,hype2,12.2.0,-O3 -Wall -Wextra -std=c++17 -fopenmp -ffp-contract=off -DOMP_EXPLICIT_SIMD=0 -fno-tree-vectorize -march=haswell,17518.571104,1e7ae9152e9643d5,passed
adaptive-simd_off-avx2-t1-dynamicx16-r3-stars.jpg,2026-09-19T23:01:12Z,stars.jpg,12960,8640,Adaptive_Median,3,1,dynamic,16,off-avx2,yes,unset,unset,hype2,12.2.0,-O3 -Wall -Wextra -std=c++17 -fopenmp -ffp-contract=off -DOMP_EXPLICIT_SIMD=0 -fno-tree-vectorize -march=haswell,27834.769833,626f977055f1c658,passed
adaptive-simd_off-avx2-t1-dynamicx16-r3-rain_paisage.jpg,2026-09-19T23:02:07Z,rain_paisage.jpg,12288,16320,Adaptive_Median,3,1,dynamic,16,off-avx2,yes,unset,unset,hype2,12.2.0,-O3 -Wall -Wextra -std=c++17 -fopenmp -ffp-contract=off -DOMP_EXPLICIT_SIMD=0 -fno-tree-vectorize -march=haswell,51955.690388,d0fdcd4b2e74abf3,passed
adaptive-simd_off-avx2-t1-dynamicx16-r3-firework.jpg,2026-09-19T23:03:00Z,firework.jpg,11125,16688,Adaptive_Median,3,1,dynamic,16,off-avx2,yes,unset,unset,hype2,12.2.0,-O3 -Wall -Wextra -std=c++17 -fopenmp -ffp-contract=off -DOMP_EXPLICIT_SIMD=0 -fno-tree-vectorize -march=haswell,50063.917806,cae2b8384ddb6aac,passed
adaptive-simd_off-avx2-t1-dynamicx16-r3-control_smooth_6000x6000.png,2026-09-19T23:03:14Z,control_smooth_6000x6000.png,6000,6000,Adaptive_Median,3,1,dynamic,16,off-avx2,yes,unset,unset,hype2,12.2.0,-O3 -Wall -Wextra -std=c++17 -fopenmp -ffp-contract=off -DOMP_EXPLICIT_SIMD=0 -fno-tree-vectorize -march=haswell,13017.953380,596e3c6929662ab9,passed
adaptive-simd_off-avx2-t1-dynamicx16-r3-control_noise_6000x6000.png,2026-09-19T23:03:24Z,control_noise_6000x6000.png,6000,6000,Adaptive_Median,3,1,dynamic,16,off-avx2,yes,unset,unset,hype2,12.2.0,-O3 -Wall -Wextra -std=c++17 -fopenmp -ffp-contract=off -DOMP_EXPLICIT_SIMD=0 -fno-tree-vectorize -march=haswell,9679.695185,fcb58a627e9d9740,passed
adaptive-simd_off-avx2-t1-dynamicx16-r3-control_half_noise_6000x6000.png,2026-09-19T23:03:34Z,control_half_noise_6000x6000.png,6000,6000,Adaptive_Median,3,1,dynamic,16,off-avx2,yes,unset,unset,hype2,12.2.0,-O3 -Wall -Wextra -std=c++17 -fopenmp -ffp-contract=off -DOMP_EXPLICIT_SIMD=0 -fno-tree-vectorize -march=haswell,9695.682259,9d92a48896bfc25a,passed
adaptive-simd_off-avx2-t1-dynamicx16-r3-control_bands_256_6000x6000.png,2026-09-19T23:03:45Z,control_bands_256_6000x6000.png,6000,6000,Adaptive_Median,3,1,dynamic,16,off-avx2,yes,unset,unset,hype2,12.2.0,-O3 -Wall -Wextra -std=c++17 -fopenmp -ffp-contract=off -DOMP_EXPLICIT_SIMD=0 -fno-tree-vectorize -march=haswell,9737.523522,8f9bc97f03d5aae1,passed
adaptive-simd_omp-t1-dynamicx16-r3-sky.jpg,2026-09-19T23:04:03Z,sky.jpg,6936,9248,Adaptive_Median,3,1,dynamic,16,omp,yes,unset,unset,hype2,12.2.0,-O3 -Wall -Wextra -std=c++17 -fopenmp -ffp-contract=off -DOMP_EXPLICIT_SIMD=1,17222.734596,1e7ae9152e9643d5,passed
adaptive-simd_omp-t1-dynamicx16-r3-stars.jpg,2026-09-19T23:04:32Z,stars.jpg,12960,8640,Adaptive_Median,3,1,dynamic,16,omp,yes,unset,unset,hype2,12.2.0,-O3 -Wall -Wextra -std=c++17 -fopenmp -ffp-contract=off -DOMP_EXPLICIT_SIMD=1,27204.132690,626f977055f1c658,passed
adaptive-simd_omp-t1-dynamicx16-r3-rain_paisage.jpg,2026-09-19T23:05:26Z,rain_paisage.jpg,12288,16320,Adaptive_Median,3,1,dynamic,16,omp,yes,unset,unset,hype2,12.2.0,-O3 -Wall -Wextra -std=c++17 -fopenmp -ffp-contract=off -DOMP_EXPLICIT_SIMD=1,50741.798170,d0fdcd4b2e74abf3,passed
adaptive-simd_omp-t1-dynamicx16-r3-firework.jpg,2026-09-19T23:06:18Z,firework.jpg,11125,16688,Adaptive_Median,3,1,dynamic,16,omp,yes,unset,unset,hype2,12.2.0,-O3 -Wall -Wextra -std=c++17 -fopenmp -ffp-contract=off -DOMP_EXPLICIT_SIMD=1,48968.068798,cae2b8384ddb6aac,passed
adaptive-simd_omp-t1-dynamicx16-r3-control_smooth_6000x6000.png,2026-09-19T23:06:32Z,control_smooth_6000x6000.png,6000,6000,Adaptive_Median,3,1,dynamic,16,omp,yes,unset,unset,hype2,12.2.0,-O3 -Wall -Wextra -std=c++17 -fopenmp -ffp-contract=off -DOMP_EXPLICIT_SIMD=1,12921.659833,596e3c6929662ab9,passed
adaptive-simd_omp-t1-dynamicx16-r3-control_noise_6000x6000.png,2026-09-19T23:06:41Z,control_noise_6000x6000.png,6000,6000,Adaptive_Median,3,1,dynamic,16,omp,yes,unset,unset,hype2,12.2.0,-O3 -Wall -Wextra -std=c++17 -fopenmp -ffp-contract=off -DOMP_EXPLICIT_SIMD=1,9373.405951,fcb58a627e9d9740,passed
adaptive-simd_omp-t1-dynamicx16-r3-control_half_noise_6000x6000.png,2026-09-19T23:06:52Z,control_half_noise_6000x6000.png,6000,6000,Adaptive_Median,3,1,dynamic,16,omp,yes,unset,unset,hype2,12.2.0,-O3 -Wall -Wextra -std=c++17 -fopenmp -ffp-contract=off -DOMP_EXPLICIT_SIMD=1,9547.226472,9d92a48896bfc25a,passed
adaptive-simd_omp-t1-dynamicx16-r3-control_bands_256_6000x6000.png,2026-09-19T23:07:02Z,control_bands_256_6000x6000.png,6000,6000,Adaptive_Median,3,1,dynamic,16,omp,yes,unset,unset,hype2,12.2.0,-O3 -Wall -Wextra -std=c++17 -fopenmp -ffp-contract=off -DOMP_EXPLICIT_SIMD=1,9588.700286,8f9bc97f03d5aae1,passed
adaptive-simd_omp-avx2-t1-dynamicx16-r3-sky.jpg,2026-09-19T23:07:21Z,sky.jpg,6936,9248,Adaptive_Median,3,1,dynamic,16,omp-avx2,yes,unset,unset,hype2,12.2.0,-O3 -Wall -Wextra -std=c++17 -fopenmp -ffp-contract=off -DOMP_EXPLICIT_SIMD=1 -march=haswell,17873.912493,1e7ae9152e9643d5,passed
adaptive-simd_omp-avx2-t1-dynamicx16-r3-stars.jpg,2026-09-19T23:07:52Z,stars.jpg,12960,8640,Adaptive_Median,3,1,dynamic,16,omp-avx2,yes,unset,unset,hype2,12.2.0,-O3 -Wall -Wextra -std=c++17 -fopenmp -ffp-contract=off -DOMP_EXPLICIT_SIMD=1 -march=haswell,28471.865545,626f977055f1c658,passed
adaptive-simd_omp-avx2-t1-dynamicx16-r3-rain_paisage.jpg,2026-09-19T23:08:47Z,rain_paisage.jpg,12288,16320,Adaptive_Median,3,1,dynamic,16,omp-avx2,yes,unset,unset,hype2,12.2.0,-O3 -Wall -Wextra -std=c++17 -fopenmp -ffp-contract=off -DOMP_EXPLICIT_SIMD=1 -march=haswell,52615.296558,d0fdcd4b2e74abf3,passed
adaptive-simd_omp-avx2-t1-dynamicx16-r3-firework.jpg,2026-09-19T23:09:41Z,firework.jpg,11125,16688,Adaptive_Median,3,1,dynamic,16,omp-avx2,yes,unset,unset,hype2,12.2.0,-O3 -Wall -Wextra -std=c++17 -fopenmp -ffp-contract=off -DOMP_EXPLICIT_SIMD=1 -march=haswell,50894.228908,cae2b8384ddb6aac,passed
adaptive-simd_omp-avx2-t1-dynamicx16-r3-control_smooth_6000x6000.png,2026-09-19T23:09:55Z,control_smooth_6000x6000.png,6000,6000,Adaptive_Median,3,1,dynamic,16,omp-avx2,yes,unset,unset,hype2,12.2.0,-O3 -Wall -Wextra -std=c++17 -fopenmp -ffp-contract=off -DOMP_EXPLICIT_SIMD=1 -march=haswell,13199.427520,596e3c6929662ab9,passed
adaptive-simd_omp-avx2-t1-dynamicx16-r3-control_noise_6000x6000.png,2026-09-19T23:10:05Z,control_noise_6000x6000.png,6000,6000,Adaptive_Median,3,1,dynamic,16,omp-avx2,yes,unset,unset,hype2,12.2.0,-O3 -Wall -Wextra -std=c++17 -fopenmp -ffp-contract=off -DOMP_EXPLICIT_SIMD=1 -march=haswell,10071.862425,fcb58a627e9d9740,passed
adaptive-simd_omp-avx2-t1-dynamicx16-r3-control_half_noise_6000x6000.png,2026-09-19T23:10:16Z,control_half_noise_6000x6000.png,6000,6000,Adaptive_Median,3,1,dynamic,16,omp-avx2,yes,unset,unset,hype2,12.2.0,-O3 -Wall -Wextra -std=c++17 -fopenmp -ffp-contract=off -DOMP_EXPLICIT_SIMD=1 -march=haswell,9880.884010,9d92a48896bfc25a,passed
adaptive-simd_omp-avx2-t1-dynamicx16-r3-control_bands_256_6000x6000.png,2026-09-19T23:10:27Z,control_bands_256_6000x6000.png,6000,6000,Adaptive_Median,3,1,dynamic,16,omp-avx2,yes,unset,unset,hype2,12.2.0,-O3 -Wall -Wextra -std=c++17 -fopenmp -ffp-contract=off -DOMP_EXPLICIT_SIMD=1 -march=haswell,9907.096122,8f9bc97f03d5aae1,passed
adaptive-simd_off-t1-static-r3-sky.jpg,2026-09-19T23:10:45Z,sky.jpg,6936,9248,Adaptive_Median,3,1,static,,off,yes,unset,unset,hype2,12.2.0,-O3 -Wall -Wextra -std=c++17 -fopenmp -ffp-contract=off -DOMP_EXPLICIT_SIMD=0 -fno-tree-vectorize,16810.124546,1e7ae9152e9643d5,passed
adaptive-simd_off-t1-static-r3-stars.jpg,2026-09-19T23:11:13Z,stars.jpg,12960,8640,Adaptive_Median,3,1,static,,off,yes,unset,unset,hype2,12.2.0,-O3 -Wall -Wextra -std=c++17 -fopenmp -ffp-contract=off -DOMP_EXPLICIT_SIMD=0 -fno-tree-vectorize,26528.336996,626f977055f1c658,passed
adaptive-simd_off-t1-static-r3-rain_paisage.jpg,2026-09-19T23:12:06Z,rain_paisage.jpg,12288,16320,Adaptive_Median,3,1,static,,off,yes,unset,unset,hype2,12.2.0,-O3 -Wall -Wextra -std=c++17 -fopenmp -ffp-contract=off -DOMP_EXPLICIT_SIMD=0 -fno-tree-vectorize,49734.658256,d0fdcd4b2e74abf3,passed
adaptive-simd_off-t1-static-r3-firework.jpg,2026-09-19T23:12:57Z,firework.jpg,11125,16688,Adaptive_Median,3,1,static,,off,yes,unset,unset,hype2,12.2.0,-O3 -Wall -Wextra -std=c++17 -fopenmp -ffp-contract=off -DOMP_EXPLICIT_SIMD=0 -fno-tree-vectorize,47930.836933,cae2b8384ddb6aac,passed
adaptive-simd_off-t1-static-r3-control_smooth_6000x6000.png,2026-09-19T23:13:10Z,control_smooth_6000x6000.png,6000,6000,Adaptive_Median,3,1,static,,off,yes,unset,unset,hype2,12.2.0,-O3 -Wall -Wextra -std=c++17 -fopenmp -ffp-contract=off -DOMP_EXPLICIT_SIMD=0 -fno-tree-vectorize,12638.755788,596e3c6929662ab9,passed
adaptive-simd_off-t1-static-r3-control_noise_6000x6000.png,2026-09-19T23:13:20Z,control_noise_6000x6000.png,6000,6000,Adaptive_Median,3,1,static,,off,yes,unset,unset,hype2,12.2.0,-O3 -Wall -Wextra -std=c++17 -fopenmp -ffp-contract=off -DOMP_EXPLICIT_SIMD=0 -fno-tree-vectorize,9198.869296,fcb58a627e9d9740,passed
adaptive-simd_off-t1-static-r3-control_half_noise_6000x6000.png,2026-09-19T23:13:30Z,control_half_noise_6000x6000.png,6000,6000,Adaptive_Median,3,1,static,,off,yes,unset,unset,hype2,12.2.0,-O3 -Wall -Wextra -std=c++17 -fopenmp -ffp-contract=off -DOMP_EXPLICIT_SIMD=0 -fno-tree-vectorize,9305.842435,9d92a48896bfc25a,passed
adaptive-simd_off-t1-static-r3-control_bands_256_6000x6000.png,2026-09-19T23:13:40Z,control_bands_256_6000x6000.png,6000,6000,Adaptive_Median,3,1,static,,off,yes,unset,unset,hype2,12.2.0,-O3 -Wall -Wextra -std=c++17 -fopenmp -ffp-contract=off -DOMP_EXPLICIT_SIMD=0 -fno-tree-vectorize,9343.089787,8f9bc97f03d5aae1,passed
adaptive-simd_off-avx2-t1-static-r3-sky.jpg,2026-09-19T23:13:59Z,sky.jpg,6936,9248,Adaptive_Median,3,1,static,,off-avx2,yes,unset,unset,hype2,12.2.0,-O3 -Wall -Wextra -std=c++17 -fopenmp -ffp-contract=off -DOMP_EXPLICIT_SIMD=0 -fno-tree-vectorize -march=haswell,17524.567781,1e7ae9152e9643d5,passed
adaptive-simd_off-avx2-t1-static-r3-stars.jpg,2026-09-19T23:14:29Z,stars.jpg,12960,8640,Adaptive_Median,3,1,static,,off-avx2,yes,unset,unset,hype2,12.2.0,-O3 -Wall -Wextra -std=c++17 -fopenmp -ffp-contract=off -DOMP_EXPLICIT_SIMD=0 -fno-tree-vectorize -march=haswell,27845.856820,626f977055f1c658,passed
adaptive-simd_off-avx2-t1-static-r3-rain_paisage.jpg,2026-09-19T23:15:24Z,rain_paisage.jpg,12288,16320,Adaptive_Median,3,1,static,,off-avx2,yes,unset,unset,hype2,12.2.0,-O3 -Wall -Wextra -std=c++17 -fopenmp -ffp-contract=off -DOMP_EXPLICIT_SIMD=0 -fno-tree-vectorize -march=haswell,52381.906642,d0fdcd4b2e74abf3,passed
adaptive-simd_off-avx2-t1-static-r3-firework.jpg,2026-09-19T23:16:17Z,firework.jpg,11125,16688,Adaptive_Median,3,1,static,,off-avx2,yes,unset,unset,hype2,12.2.0,-O3 -Wall -Wextra -std=c++17 -fopenmp -ffp-contract=off -DOMP_EXPLICIT_SIMD=0 -fno-tree-vectorize -march=haswell,50033.776923,cae2b8384ddb6aac,passed
adaptive-simd_off-avx2-t1-static-r3-control_smooth_6000x6000.png,2026-09-19T23:16:31Z,control_smooth_6000x6000.png,6000,6000,Adaptive_Median,3,1,static,,off-avx2,yes,unset,unset,hype2,12.2.0,-O3 -Wall -Wextra -std=c++17 -fopenmp -ffp-contract=off -DOMP_EXPLICIT_SIMD=0 -fno-tree-vectorize -march=haswell,13016.112161,596e3c6929662ab9,passed
adaptive-simd_off-avx2-t1-static-r3-control_noise_6000x6000.png,2026-09-19T23:16:41Z,control_noise_6000x6000.png,6000,6000,Adaptive_Median,3,1,static,,off-avx2,yes,unset,unset,hype2,12.2.0,-O3 -Wall -Wextra -std=c++17 -fopenmp -ffp-contract=off -DOMP_EXPLICIT_SIMD=0 -fno-tree-vectorize -march=haswell,9669.919196,fcb58a627e9d9740,passed
adaptive-simd_off-avx2-t1-static-r3-control_half_noise_6000x6000.png,2026-09-19T23:16:51Z,control_half_noise_6000x6000.png,6000,6000,Adaptive_Median,3,1,static,,off-avx2,yes,unset,unset,hype2,12.2.0,-O3 -Wall -Wextra -std=c++17 -fopenmp -ffp-contract=off -DOMP_EXPLICIT_SIMD=0 -fno-tree-vectorize -march=haswell,9698.671036,9d92a48896bfc25a,passed
adaptive-simd_off-avx2-t1-static-r3-control_bands_256_6000x6000.png,2026-09-19T23:17:02Z,control_bands_256_6000x6000.png,6000,6000,Adaptive_Median,3,1,static,,off-avx2,yes,unset,unset,hype2,12.2.0,-O3 -Wall -Wextra -std=c++17 -fopenmp -ffp-contract=off -DOMP_EXPLICIT_SIMD=0 -fno-tree-vectorize -march=haswell,9749.718766,8f9bc97f03d5aae1,passed
adaptive-simd_omp-avx2-t1-static-r4-sky.jpg,2026-09-19T23:17:21Z,sky.jpg,6936,9248,Adaptive_Median,4,1,static,,omp-avx2,yes,unset,unset,hype2,12.2.0,-O3 -Wall -Wextra -std=c++17 -fopenmp -ffp-contract=off -DOMP_EXPLICIT_SIMD=1 -march=haswell,17866.462862,1e7ae9152e9643d5,passed
adaptive-simd_omp-avx2-t1-static-r4-stars.jpg,2026-09-19T23:17:51Z,stars.jpg,12960,8640,Adaptive_Median,4,1,static,,omp-avx2,yes,unset,unset,hype2,12.2.0,-O3 -Wall -Wextra -std=c++17 -fopenmp -ffp-contract=off -DOMP_EXPLICIT_SIMD=1 -march=haswell,28449.277419,626f977055f1c658,passed
adaptive-simd_omp-avx2-t1-static-r4-rain_paisage.jpg,2026-09-19T23:18:47Z,rain_paisage.jpg,12288,16320,Adaptive_Median,4,1,static,,omp-avx2,yes,unset,unset,hype2,12.2.0,-O3 -Wall -Wextra -std=c++17 -fopenmp -ffp-contract=off -DOMP_EXPLICIT_SIMD=1 -march=haswell,52573.928831,d0fdcd4b2e74abf3,passed
adaptive-simd_omp-avx2-t1-static-r4-firework.jpg,2026-09-19T23:19:41Z,firework.jpg,11125,16688,Adaptive_Median,4,1,static,,omp-avx2,yes,unset,unset,hype2,12.2.0,-O3 -Wall -Wextra -std=c++17 -fopenmp -ffp-contract=off -DOMP_EXPLICIT_SIMD=1 -march=haswell,50817.418312,cae2b8384ddb6aac,passed
adaptive-simd_omp-avx2-t1-static-r4-control_smooth_6000x6000.png,2026-09-19T23:19:54Z,control_smooth_6000x6000.png,6000,6000,Adaptive_Median,4,1,static,,omp-avx2,yes,unset,unset,hype2,12.2.0,-O3 -Wall -Wextra -std=c++17 -fopenmp -ffp-contract=off -DOMP_EXPLICIT_SIMD=1 -march=haswell,13188.977129,596e3c6929662ab9,passed
adaptive-simd_omp-avx2-t1-static-r4-control_noise_6000x6000.png,2026-09-19T23:20:05Z,control_noise_6000x6000.png,6000,6000,Adaptive_Median,4,1,static,,omp-avx2,yes,unset,unset,hype2,12.2.0,-O3 -Wall -Wextra -std=c++17 -fopenmp -ffp-contract=off -DOMP_EXPLICIT_SIMD=1 -march=haswell,9946.360501,fcb58a627e9d9740,passed
adaptive-simd_omp-avx2-t1-static-r4-control_half_noise_6000x6000.png,2026-09-19T23:20:16Z,control_half_noise_6000x6000.png,6000,6000,Adaptive_Median,4,1,static,,omp-avx2,yes,unset,unset,hype2,12.2.0,-O3 -Wall -Wextra -std=c++17 -fopenmp -ffp-contract=off -DOMP_EXPLICIT_SIMD=1 -march=haswell,9859.630023,9d92a48896bfc25a,passed
adaptive-simd_omp-avx2-t1-static-r4-control_bands_256_6000x6000.png,2026-09-19T23:20:26Z,control_bands_256_6000x6000.png,6000,6000,Adaptive_Median,4,1,static,,omp-avx2,yes,unset,unset,hype2,12.2.0,-O3 -Wall -Wextra -std=c++17 -fopenmp -ffp-contract=off -DOMP_EXPLICIT_SIMD=1 -march=haswell,9997.593896,8f9bc97f03d5aae1,passed
adaptive-simd_off-t1-dynamicx16-r4-sky.jpg,2026-09-19T23:20:44Z,sky.jpg,6936,9248,Adaptive_Median,4,1,dynamic,16,off,yes,unset,unset,hype2,12.2.0,-O3 -Wall -Wextra -std=c++17 -fopenmp -ffp-contract=off -DOMP_EXPLICIT_SIMD=0 -fno-tree-vectorize,16788.963954,1e7ae9152e9643d5,passed
adaptive-simd_off-t1-dynamicx16-r4-stars.jpg,2026-09-19T23:21:13Z,stars.jpg,12960,8640,Adaptive_Median,4,1,dynamic,16,off,yes,unset,unset,hype2,12.2.0,-O3 -Wall -Wextra -std=c++17 -fopenmp -ffp-contract=off -DOMP_EXPLICIT_SIMD=0 -fno-tree-vectorize,26498.389836,626f977055f1c658,passed
adaptive-simd_off-t1-dynamicx16-r4-rain_paisage.jpg,2026-09-19T23:22:06Z,rain_paisage.jpg,12288,16320,Adaptive_Median,4,1,dynamic,16,off,yes,unset,unset,hype2,12.2.0,-O3 -Wall -Wextra -std=c++17 -fopenmp -ffp-contract=off -DOMP_EXPLICIT_SIMD=0 -fno-tree-vectorize,49683.526613,d0fdcd4b2e74abf3,passed
adaptive-simd_off-t1-dynamicx16-r4-firework.jpg,2026-09-19T23:22:56Z,firework.jpg,11125,16688,Adaptive_Median,4,1,dynamic,16,off,yes,unset,unset,hype2,12.2.0,-O3 -Wall -Wextra -std=c++17 -fopenmp -ffp-contract=off -DOMP_EXPLICIT_SIMD=0 -fno-tree-vectorize,47890.590659,cae2b8384ddb6aac,passed
adaptive-simd_off-t1-dynamicx16-r4-control_smooth_6000x6000.png,2026-09-19T23:23:10Z,control_smooth_6000x6000.png,6000,6000,Adaptive_Median,4,1,dynamic,16,off,yes,unset,unset,hype2,12.2.0,-O3 -Wall -Wextra -std=c++17 -fopenmp -ffp-contract=off -DOMP_EXPLICIT_SIMD=0 -fno-tree-vectorize,12625.886962,596e3c6929662ab9,passed
adaptive-simd_off-t1-dynamicx16-r4-control_noise_6000x6000.png,2026-09-19T23:23:19Z,control_noise_6000x6000.png,6000,6000,Adaptive_Median,4,1,dynamic,16,off,yes,unset,unset,hype2,12.2.0,-O3 -Wall -Wextra -std=c++17 -fopenmp -ffp-contract=off -DOMP_EXPLICIT_SIMD=0 -fno-tree-vectorize,9182.483493,fcb58a627e9d9740,passed
adaptive-simd_off-t1-dynamicx16-r4-control_half_noise_6000x6000.png,2026-09-19T23:23:29Z,control_half_noise_6000x6000.png,6000,6000,Adaptive_Median,4,1,dynamic,16,off,yes,unset,unset,hype2,12.2.0,-O3 -Wall -Wextra -std=c++17 -fopenmp -ffp-contract=off -DOMP_EXPLICIT_SIMD=0 -fno-tree-vectorize,9295.180236,9d92a48896bfc25a,passed
adaptive-simd_off-t1-dynamicx16-r4-control_bands_256_6000x6000.png,2026-09-19T23:23:39Z,control_bands_256_6000x6000.png,6000,6000,Adaptive_Median,4,1,dynamic,16,off,yes,unset,unset,hype2,12.2.0,-O3 -Wall -Wextra -std=c++17 -fopenmp -ffp-contract=off -DOMP_EXPLICIT_SIMD=0 -fno-tree-vectorize,9330.332427,8f9bc97f03d5aae1,passed
adaptive-simd_off-avx2-t1-dynamicx16-r4-sky.jpg,2026-09-19T23:23:58Z,sky.jpg,6936,9248,Adaptive_Median,4,1,dynamic,16,off-avx2,yes,unset,unset,hype2,12.2.0,-O3 -Wall -Wextra -std=c++17 -fopenmp -ffp-contract=off -DOMP_EXPLICIT_SIMD=0 -fno-tree-vectorize -march=haswell,17513.747439,1e7ae9152e9643d5,passed
adaptive-simd_off-avx2-t1-dynamicx16-r4-stars.jpg,2026-09-19T23:24:28Z,stars.jpg,12960,8640,Adaptive_Median,4,1,dynamic,16,off-avx2,yes,unset,unset,hype2,12.2.0,-O3 -Wall -Wextra -std=c++17 -fopenmp -ffp-contract=off -DOMP_EXPLICIT_SIMD=0 -fno-tree-vectorize -march=haswell,27831.987167,626f977055f1c658,passed
adaptive-simd_off-avx2-t1-dynamicx16-r4-rain_paisage.jpg,2026-09-19T23:25:23Z,rain_paisage.jpg,12288,16320,Adaptive_Median,4,1,dynamic,16,off-avx2,yes,unset,unset,hype2,12.2.0,-O3 -Wall -Wextra -std=c++17 -fopenmp -ffp-contract=off -DOMP_EXPLICIT_SIMD=0 -fno-tree-vectorize -march=haswell,51936.934978,d0fdcd4b2e74abf3,passed
adaptive-simd_off-avx2-t1-dynamicx16-r4-firework.jpg,2026-09-19T23:26:16Z,firework.jpg,11125,16688,Adaptive_Median,4,1,dynamic,16,off-avx2,yes,unset,unset,hype2,12.2.0,-O3 -Wall -Wextra -std=c++17 -fopenmp -ffp-contract=off -DOMP_EXPLICIT_SIMD=0 -fno-tree-vectorize -march=haswell,50007.722707,cae2b8384ddb6aac,passed
adaptive-simd_off-avx2-t1-dynamicx16-r4-control_smooth_6000x6000.png,2026-09-19T23:26:30Z,control_smooth_6000x6000.png,6000,6000,Adaptive_Median,4,1,dynamic,16,off-avx2,yes,unset,unset,hype2,12.2.0,-O3 -Wall -Wextra -std=c++17 -fopenmp -ffp-contract=off -DOMP_EXPLICIT_SIMD=0 -fno-tree-vectorize -march=haswell,13006.615755,596e3c6929662ab9,passed
adaptive-simd_off-avx2-t1-dynamicx16-r4-control_noise_6000x6000.png,2026-09-19T23:26:40Z,control_noise_6000x6000.png,6000,6000,Adaptive_Median,4,1,dynamic,16,off-avx2,yes,unset,unset,hype2,12.2.0,-O3 -Wall -Wextra -std=c++17 -fopenmp -ffp-contract=off -DOMP_EXPLICIT_SIMD=0 -fno-tree-vectorize -march=haswell,9684.991238,fcb58a627e9d9740,passed
adaptive-simd_off-avx2-t1-dynamicx16-r4-control_half_noise_6000x6000.png,2026-09-19T23:26:50Z,control_half_noise_6000x6000.png,6000,6000,Adaptive_Median,4,1,dynamic,16,off-avx2,yes,unset,unset,hype2,12.2.0,-O3 -Wall -Wextra -std=c++17 -fopenmp -ffp-contract=off -DOMP_EXPLICIT_SIMD=0 -fno-tree-vectorize -march=haswell,9684.603775,9d92a48896bfc25a,passed
adaptive-simd_off-avx2-t1-dynamicx16-r4-control_bands_256_6000x6000.png,2026-09-19T23:27:01Z,control_bands_256_6000x6000.png,6000,6000,Adaptive_Median,4,1,dynamic,16,off-avx2,yes,unset,unset,hype2,12.2.0,-O3 -Wall -Wextra -std=c++17 -fopenmp -ffp-contract=off -DOMP_EXPLICIT_SIMD=0 -fno-tree-vectorize -march=haswell,9751.673432,8f9bc97f03d5aae1,passed
adaptive-simd_omp-t1-dynamicx16-r4-sky.jpg,2026-09-19T23:27:19Z,sky.jpg,6936,9248,Adaptive_Median,4,1,dynamic,16,omp,yes,unset,unset,hype2,12.2.0,-O3 -Wall -Wextra -std=c++17 -fopenmp -ffp-contract=off -DOMP_EXPLICIT_SIMD=1,17218.960395,1e7ae9152e9643d5,passed
adaptive-simd_omp-t1-dynamicx16-r4-stars.jpg,2026-09-19T23:27:48Z,stars.jpg,12960,8640,Adaptive_Median,4,1,dynamic,16,omp,yes,unset,unset,hype2,12.2.0,-O3 -Wall -Wextra -std=c++17 -fopenmp -ffp-contract=off -DOMP_EXPLICIT_SIMD=1,27189.348106,626f977055f1c658,passed
adaptive-simd_omp-t1-dynamicx16-r4-rain_paisage.jpg,2026-09-19T23:28:42Z,rain_paisage.jpg,12288,16320,Adaptive_Median,4,1,dynamic,16,omp,yes,unset,unset,hype2,12.2.0,-O3 -Wall -Wextra -std=c++17 -fopenmp -ffp-contract=off -DOMP_EXPLICIT_SIMD=1,50744.885223,d0fdcd4b2e74abf3,passed
adaptive-simd_omp-t1-dynamicx16-r4-firework.jpg,2026-09-19T23:29:34Z,firework.jpg,11125,16688,Adaptive_Median,4,1,dynamic,16,omp,yes,unset,unset,hype2,12.2.0,-O3 -Wall -Wextra -std=c++17 -fopenmp -ffp-contract=off -DOMP_EXPLICIT_SIMD=1,48961.930977,cae2b8384ddb6aac,passed
adaptive-simd_omp-t1-dynamicx16-r4-control_smooth_6000x6000.png,2026-09-19T23:29:47Z,control_smooth_6000x6000.png,6000,6000,Adaptive_Median,4,1,dynamic,16,omp,yes,unset,unset,hype2,12.2.0,-O3 -Wall -Wextra -std=c++17 -fopenmp -ffp-contract=off -DOMP_EXPLICIT_SIMD=1,12912.551339,596e3c6929662ab9,passed
adaptive-simd_omp-t1-dynamicx16-r4-control_noise_6000x6000.png,2026-09-19T23:29:57Z,control_noise_6000x6000.png,6000,6000,Adaptive_Median,4,1,dynamic,16,omp,yes,unset,unset,hype2,12.2.0,-O3 -Wall -Wextra -std=c++17 -fopenmp -ffp-contract=off -DOMP_EXPLICIT_SIMD=1,9383.329534,fcb58a627e9d9740,passed
adaptive-simd_omp-t1-dynamicx16-r4-control_half_noise_6000x6000.png,2026-09-19T23:30:08Z,control_half_noise_6000x6000.png,6000,6000,Adaptive_Median,4,1,dynamic,16,omp,yes,unset,unset,hype2,12.2.0,-O3 -Wall -Wextra -std=c++17 -fopenmp -ffp-contract=off -DOMP_EXPLICIT_SIMD=1,9542.123132,9d92a48896bfc25a,passed
adaptive-simd_omp-t1-dynamicx16-r4-control_bands_256_6000x6000.png,2026-09-19T23:30:18Z,control_bands_256_6000x6000.png,6000,6000,Adaptive_Median,4,1,dynamic,16,omp,yes,unset,unset,hype2,12.2.0,-O3 -Wall -Wextra -std=c++17 -fopenmp -ffp-contract=off -DOMP_EXPLICIT_SIMD=1,9575.687341,8f9bc97f03d5aae1,passed
adaptive-simd_omp-avx2-t1-dynamicx16-r4-sky.jpg,2026-09-19T23:30:37Z,sky.jpg,6936,9248,Adaptive_Median,4,1,dynamic,16,omp-avx2,yes,unset,unset,hype2,12.2.0,-O3 -Wall -Wextra -std=c++17 -fopenmp -ffp-contract=off -DOMP_EXPLICIT_SIMD=1 -march=haswell,17872.568005,1e7ae9152e9643d5,passed
adaptive-simd_omp-avx2-t1-dynamicx16-r4-stars.jpg,2026-09-19T23:31:07Z,stars.jpg,12960,8640,Adaptive_Median,4,1,dynamic,16,omp-avx2,yes,unset,unset,hype2,12.2.0,-O3 -Wall -Wextra -std=c++17 -fopenmp -ffp-contract=off -DOMP_EXPLICIT_SIMD=1 -march=haswell,28460.203552,626f977055f1c658,passed
adaptive-simd_omp-avx2-t1-dynamicx16-r4-rain_paisage.jpg,2026-09-19T23:32:03Z,rain_paisage.jpg,12288,16320,Adaptive_Median,4,1,dynamic,16,omp-avx2,yes,unset,unset,hype2,12.2.0,-O3 -Wall -Wextra -std=c++17 -fopenmp -ffp-contract=off -DOMP_EXPLICIT_SIMD=1 -march=haswell,52589.826690,d0fdcd4b2e74abf3,passed
adaptive-simd_omp-avx2-t1-dynamicx16-r4-firework.jpg,2026-09-19T23:32:57Z,firework.jpg,11125,16688,Adaptive_Median,4,1,dynamic,16,omp-avx2,yes,unset,unset,hype2,12.2.0,-O3 -Wall -Wextra -std=c++17 -fopenmp -ffp-contract=off -DOMP_EXPLICIT_SIMD=1 -march=haswell,50893.824743,cae2b8384ddb6aac,passed
adaptive-simd_omp-avx2-t1-dynamicx16-r4-control_smooth_6000x6000.png,2026-09-19T23:33:11Z,control_smooth_6000x6000.png,6000,6000,Adaptive_Median,4,1,dynamic,16,omp-avx2,yes,unset,unset,hype2,12.2.0,-O3 -Wall -Wextra -std=c++17 -fopenmp -ffp-contract=off -DOMP_EXPLICIT_SIMD=1 -march=haswell,13186.264895,596e3c6929662ab9,passed
adaptive-simd_omp-avx2-t1-dynamicx16-r4-control_noise_6000x6000.png,2026-09-19T23:33:21Z,control_noise_6000x6000.png,6000,6000,Adaptive_Median,4,1,dynamic,16,omp-avx2,yes,unset,unset,hype2,12.2.0,-O3 -Wall -Wextra -std=c++17 -fopenmp -ffp-contract=off -DOMP_EXPLICIT_SIMD=1 -march=haswell,9950.326732,fcb58a627e9d9740,passed
adaptive-simd_omp-avx2-t1-dynamicx16-r4-control_half_noise_6000x6000.png,2026-09-19T23:33:32Z,control_half_noise_6000x6000.png,6000,6000,Adaptive_Median,4,1,dynamic,16,omp-avx2,yes,unset,unset,hype2,12.2.0,-O3 -Wall -Wextra -std=c++17 -fopenmp -ffp-contract=off -DOMP_EXPLICIT_SIMD=1 -march=haswell,9974.632527,9d92a48896bfc25a,passed
adaptive-simd_omp-avx2-t1-dynamicx16-r4-control_bands_256_6000x6000.png,2026-09-19T23:33:43Z,control_bands_256_6000x6000.png,6000,6000,Adaptive_Median,4,1,dynamic,16,omp-avx2,yes,unset,unset,hype2,12.2.0,-O3 -Wall -Wextra -std=c++17 -fopenmp -ffp-contract=off -DOMP_EXPLICIT_SIMD=1 -march=haswell,9910.122386,8f9bc97f03d5aae1,passed
adaptive-simd_off-t1-static-r4-sky.jpg,2026-09-19T23:34:00Z,sky.jpg,6936,9248,Adaptive_Median,4,1,static,,off,yes,unset,unset,hype2,12.2.0,-O3 -Wall -Wextra -std=c++17 -fopenmp -ffp-contract=off -DOMP_EXPLICIT_SIMD=0 -fno-tree-vectorize,16804.867419,1e7ae9152e9643d5,passed
adaptive-simd_off-t1-static-r4-stars.jpg,2026-09-19T23:34:29Z,stars.jpg,12960,8640,Adaptive_Median,4,1,static,,off,yes,unset,unset,hype2,12.2.0,-O3 -Wall -Wextra -std=c++17 -fopenmp -ffp-contract=off -DOMP_EXPLICIT_SIMD=0 -fno-tree-vectorize,26520.196436,626f977055f1c658,passed
adaptive-simd_off-t1-static-r4-rain_paisage.jpg,2026-09-19T23:35:22Z,rain_paisage.jpg,12288,16320,Adaptive_Median,4,1,static,,off,yes,unset,unset,hype2,12.2.0,-O3 -Wall -Wextra -std=c++17 -fopenmp -ffp-contract=off -DOMP_EXPLICIT_SIMD=0 -fno-tree-vectorize,49742.889810,d0fdcd4b2e74abf3,passed
adaptive-simd_off-t1-static-r4-firework.jpg,2026-09-19T23:36:13Z,firework.jpg,11125,16688,Adaptive_Median,4,1,static,,off,yes,unset,unset,hype2,12.2.0,-O3 -Wall -Wextra -std=c++17 -fopenmp -ffp-contract=off -DOMP_EXPLICIT_SIMD=0 -fno-tree-vectorize,47967.972887,cae2b8384ddb6aac,passed
adaptive-simd_off-t1-static-r4-control_smooth_6000x6000.png,2026-09-19T23:36:26Z,control_smooth_6000x6000.png,6000,6000,Adaptive_Median,4,1,static,,off,yes,unset,unset,hype2,12.2.0,-O3 -Wall -Wextra -std=c++17 -fopenmp -ffp-contract=off -DOMP_EXPLICIT_SIMD=0 -fno-tree-vectorize,12660.499945,596e3c6929662ab9,passed
adaptive-simd_off-t1-static-r4-control_noise_6000x6000.png,2026-09-19T23:36:36Z,control_noise_6000x6000.png,6000,6000,Adaptive_Median,4,1,static,,off,yes,unset,unset,hype2,12.2.0,-O3 -Wall -Wextra -std=c++17 -fopenmp -ffp-contract=off -DOMP_EXPLICIT_SIMD=0 -fno-tree-vectorize,9175.155989,fcb58a627e9d9740,passed
adaptive-simd_off-t1-static-r4-control_half_noise_6000x6000.png,2026-09-19T23:36:46Z,control_half_noise_6000x6000.png,6000,6000,Adaptive_Median,4,1,static,,off,yes,unset,unset,hype2,12.2.0,-O3 -Wall -Wextra -std=c++17 -fopenmp -ffp-contract=off -DOMP_EXPLICIT_SIMD=0 -fno-tree-vectorize,9305.201165,9d92a48896bfc25a,passed
adaptive-simd_off-t1-static-r4-control_bands_256_6000x6000.png,2026-09-19T23:36:56Z,control_bands_256_6000x6000.png,6000,6000,Adaptive_Median,4,1,static,,off,yes,unset,unset,hype2,12.2.0,-O3 -Wall -Wextra -std=c++17 -fopenmp -ffp-contract=off -DOMP_EXPLICIT_SIMD=0 -fno-tree-vectorize,9377.995214,8f9bc97f03d5aae1,passed
adaptive-simd_off-avx2-t1-static-r4-sky.jpg,2026-09-19T23:37:14Z,sky.jpg,6936,9248,Adaptive_Median,4,1,static,,off-avx2,yes,unset,unset,hype2,12.2.0,-O3 -Wall -Wextra -std=c++17 -fopenmp -ffp-contract=off -DOMP_EXPLICIT_SIMD=0 -fno-tree-vectorize -march=haswell,17523.862892,1e7ae9152e9643d5,passed
adaptive-simd_off-avx2-t1-static-r4-stars.jpg,2026-09-19T23:37:45Z,stars.jpg,12960,8640,Adaptive_Median,4,1,static,,off-avx2,yes,unset,unset,hype2,12.2.0,-O3 -Wall -Wextra -std=c++17 -fopenmp -ffp-contract=off -DOMP_EXPLICIT_SIMD=0 -fno-tree-vectorize -march=haswell,27863.280667,626f977055f1c658,passed
adaptive-simd_off-avx2-t1-static-r4-rain_paisage.jpg,2026-09-19T23:38:40Z,rain_paisage.jpg,12288,16320,Adaptive_Median,4,1,static,,off-avx2,yes,unset,unset,hype2,12.2.0,-O3 -Wall -Wextra -std=c++17 -fopenmp -ffp-contract=off -DOMP_EXPLICIT_SIMD=0 -fno-tree-vectorize -march=haswell,51987.847584,d0fdcd4b2e74abf3,passed
adaptive-simd_off-avx2-t1-static-r4-firework.jpg,2026-09-19T23:39:33Z,firework.jpg,11125,16688,Adaptive_Median,4,1,static,,off-avx2,yes,unset,unset,hype2,12.2.0,-O3 -Wall -Wextra -std=c++17 -fopenmp -ffp-contract=off -DOMP_EXPLICIT_SIMD=0 -fno-tree-vectorize -march=haswell,50102.082858,cae2b8384ddb6aac,passed
adaptive-simd_off-avx2-t1-static-r4-control_smooth_6000x6000.png,2026-09-19T23:39:46Z,control_smooth_6000x6000.png,6000,6000,Adaptive_Median,4,1,static,,off-avx2,yes,unset,unset,hype2,12.2.0,-O3 -Wall -Wextra -std=c++17 -fopenmp -ffp-contract=off -DOMP_EXPLICIT_SIMD=0 -fno-tree-vectorize -march=haswell,13016.874885,596e3c6929662ab9,passed
adaptive-simd_off-avx2-t1-static-r4-control_noise_6000x6000.png,2026-09-19T23:39:56Z,control_noise_6000x6000.png,6000,6000,Adaptive_Median,4,1,static,,off-avx2,yes,unset,unset,hype2,12.2.0,-O3 -Wall -Wextra -std=c++17 -fopenmp -ffp-contract=off -DOMP_EXPLICIT_SIMD=0 -fno-tree-vectorize -march=haswell,9721.280046,fcb58a627e9d9740,passed
adaptive-simd_off-avx2-t1-static-r4-control_half_noise_6000x6000.png,2026-09-19T23:40:07Z,control_half_noise_6000x6000.png,6000,6000,Adaptive_Median,4,1,static,,off-avx2,yes,unset,unset,hype2,12.2.0,-O3 -Wall -Wextra -std=c++17 -fopenmp -ffp-contract=off -DOMP_EXPLICIT_SIMD=0 -fno-tree-vectorize -march=haswell,9703.687625,9d92a48896bfc25a,passed
adaptive-simd_off-avx2-t1-static-r4-control_bands_256_6000x6000.png,2026-09-19T23:40:17Z,control_bands_256_6000x6000.png,6000,6000,Adaptive_Median,4,1,static,,off-avx2,yes,unset,unset,hype2,12.2.0,-O3 -Wall -Wextra -std=c++17 -fopenmp -ffp-contract=off -DOMP_EXPLICIT_SIMD=0 -fno-tree-vectorize -march=haswell,9732.593979,8f9bc97f03d5aae1,passed
adaptive-simd_omp-t1-static-r4-sky.jpg,2026-09-19T23:40:36Z,sky.jpg,6936,9248,Adaptive_Median,4,1,static,,omp,yes,unset,unset,hype2,12.2.0,-O3 -Wall -Wextra -std=c++17 -fopenmp -ffp-contract=off -DOMP_EXPLICIT_SIMD=1,17252.977868,1e7ae9152e9643d5,passed
adaptive-simd_omp-t1-static-r4-stars.jpg,2026-09-19T23:41:05Z,stars.jpg,12960,8640,Adaptive_Median,4,1,static,,omp,yes,unset,unset,hype2,12.2.0,-O3 -Wall -Wextra -std=c++17 -fopenmp -ffp-contract=off -DOMP_EXPLICIT_SIMD=1,27231.603920,626f977055f1c658,passed
adaptive-simd_omp-t1-static-r4-rain_paisage.jpg,2026-09-19T23:41:59Z,rain_paisage.jpg,12288,16320,Adaptive_Median,4,1,static,,omp,yes,unset,unset,hype2,12.2.0,-O3 -Wall -Wextra -std=c++17 -fopenmp -ffp-contract=off -DOMP_EXPLICIT_SIMD=1,50775.671619,d0fdcd4b2e74abf3,passed
adaptive-simd_omp-t1-static-r4-firework.jpg,2026-09-19T23:42:51Z,firework.jpg,11125,16688,Adaptive_Median,4,1,static,,omp,yes,unset,unset,hype2,12.2.0,-O3 -Wall -Wextra -std=c++17 -fopenmp -ffp-contract=off -DOMP_EXPLICIT_SIMD=1,48986.253757,cae2b8384ddb6aac,passed
adaptive-simd_omp-t1-static-r4-control_smooth_6000x6000.png,2026-09-19T23:43:04Z,control_smooth_6000x6000.png,6000,6000,Adaptive_Median,4,1,static,,omp,yes,unset,unset,hype2,12.2.0,-O3 -Wall -Wextra -std=c++17 -fopenmp -ffp-contract=off -DOMP_EXPLICIT_SIMD=1,12944.136812,596e3c6929662ab9,passed
adaptive-simd_omp-t1-static-r4-control_noise_6000x6000.png,2026-09-19T23:43:14Z,control_noise_6000x6000.png,6000,6000,Adaptive_Median,4,1,static,,omp,yes,unset,unset,hype2,12.2.0,-O3 -Wall -Wextra -std=c++17 -fopenmp -ffp-contract=off -DOMP_EXPLICIT_SIMD=1,9373.258535,fcb58a627e9d9740,passed
adaptive-simd_omp-t1-static-r4-control_half_noise_6000x6000.png,2026-09-19T23:43:25Z,control_half_noise_6000x6000.png,6000,6000,Adaptive_Median,4,1,static,,omp,yes,unset,unset,hype2,12.2.0,-O3 -Wall -Wextra -std=c++17 -fopenmp -ffp-contract=off -DOMP_EXPLICIT_SIMD=1,9548.799040,9d92a48896bfc25a,passed
adaptive-simd_omp-t1-static-r4-control_bands_256_6000x6000.png,2026-09-19T23:43:35Z,control_bands_256_6000x6000.png,6000,6000,Adaptive_Median,4,1,static,,omp,yes,unset,unset,hype2,12.2.0,-O3 -Wall -Wextra -std=c++17 -fopenmp -ffp-contract=off -DOMP_EXPLICIT_SIMD=1,9620.416014,8f9bc97f03d5aae1,passed
adaptive-simd_off-t1-dynamicx16-r5-sky.jpg,2026-09-19T23:43:53Z,sky.jpg,6936,9248,Adaptive_Median,5,1,dynamic,16,off,yes,unset,unset,hype2,12.2.0,-O3 -Wall -Wextra -std=c++17 -fopenmp -ffp-contract=off -DOMP_EXPLICIT_SIMD=0 -fno-tree-vectorize,16805.467779,1e7ae9152e9643d5,passed
adaptive-simd_off-t1-dynamicx16-r5-stars.jpg,2026-09-19T23:44:21Z,stars.jpg,12960,8640,Adaptive_Median,5,1,dynamic,16,off,yes,unset,unset,hype2,12.2.0,-O3 -Wall -Wextra -std=c++17 -fopenmp -ffp-contract=off -DOMP_EXPLICIT_SIMD=0 -fno-tree-vectorize,26553.252454,626f977055f1c658,passed
adaptive-simd_off-t1-dynamicx16-r5-rain_paisage.jpg,2026-09-19T23:45:15Z,rain_paisage.jpg,12288,16320,Adaptive_Median,5,1,dynamic,16,off,yes,unset,unset,hype2,12.2.0,-O3 -Wall -Wextra -std=c++17 -fopenmp -ffp-contract=off -DOMP_EXPLICIT_SIMD=0 -fno-tree-vectorize,49782.888847,d0fdcd4b2e74abf3,passed
adaptive-simd_off-t1-dynamicx16-r5-firework.jpg,2026-09-19T23:46:05Z,firework.jpg,11125,16688,Adaptive_Median,5,1,dynamic,16,off,yes,unset,unset,hype2,12.2.0,-O3 -Wall -Wextra -std=c++17 -fopenmp -ffp-contract=off -DOMP_EXPLICIT_SIMD=0 -fno-tree-vectorize,48050.062148,cae2b8384ddb6aac,passed
adaptive-simd_off-t1-dynamicx16-r5-control_smooth_6000x6000.png,2026-09-19T23:46:19Z,control_smooth_6000x6000.png,6000,6000,Adaptive_Median,5,1,dynamic,16,off,yes,unset,unset,hype2,12.2.0,-O3 -Wall -Wextra -std=c++17 -fopenmp -ffp-contract=off -DOMP_EXPLICIT_SIMD=0 -fno-tree-vectorize,12637.890633,596e3c6929662ab9,passed
adaptive-simd_off-t1-dynamicx16-r5-control_noise_6000x6000.png,2026-09-19T23:46:28Z,control_noise_6000x6000.png,6000,6000,Adaptive_Median,5,1,dynamic,16,off,yes,unset,unset,hype2,12.2.0,-O3 -Wall -Wextra -std=c++17 -fopenmp -ffp-contract=off -DOMP_EXPLICIT_SIMD=0 -fno-tree-vectorize,9185.117187,fcb58a627e9d9740,passed
adaptive-simd_off-t1-dynamicx16-r5-control_half_noise_6000x6000.png,2026-09-19T23:46:38Z,control_half_noise_6000x6000.png,6000,6000,Adaptive_Median,5,1,dynamic,16,off,yes,unset,unset,hype2,12.2.0,-O3 -Wall -Wextra -std=c++17 -fopenmp -ffp-contract=off -DOMP_EXPLICIT_SIMD=0 -fno-tree-vectorize,9316.819795,9d92a48896bfc25a,passed
adaptive-simd_off-t1-dynamicx16-r5-control_bands_256_6000x6000.png,2026-09-19T23:46:49Z,control_bands_256_6000x6000.png,6000,6000,Adaptive_Median,5,1,dynamic,16,off,yes,unset,unset,hype2,12.2.0,-O3 -Wall -Wextra -std=c++17 -fopenmp -ffp-contract=off -DOMP_EXPLICIT_SIMD=0 -fno-tree-vectorize,9333.593575,8f9bc97f03d5aae1,passed
adaptive-simd_off-avx2-t1-dynamicx16-r5-sky.jpg,2026-09-19T23:47:07Z,sky.jpg,6936,9248,Adaptive_Median,5,1,dynamic,16,off-avx2,yes,unset,unset,hype2,12.2.0,-O3 -Wall -Wextra -std=c++17 -fopenmp -ffp-contract=off -DOMP_EXPLICIT_SIMD=0 -fno-tree-vectorize -march=haswell,17528.189657,1e7ae9152e9643d5,passed
adaptive-simd_off-avx2-t1-dynamicx16-r5-stars.jpg,2026-09-19T23:47:37Z,stars.jpg,12960,8640,Adaptive_Median,5,1,dynamic,16,off-avx2,yes,unset,unset,hype2,12.2.0,-O3 -Wall -Wextra -std=c++17 -fopenmp -ffp-contract=off -DOMP_EXPLICIT_SIMD=0 -fno-tree-vectorize -march=haswell,27850.415933,626f977055f1c658,passed
adaptive-simd_off-avx2-t1-dynamicx16-r5-rain_paisage.jpg,2026-09-19T23:48:32Z,rain_paisage.jpg,12288,16320,Adaptive_Median,5,1,dynamic,16,off-avx2,yes,unset,unset,hype2,12.2.0,-O3 -Wall -Wextra -std=c++17 -fopenmp -ffp-contract=off -DOMP_EXPLICIT_SIMD=0 -fno-tree-vectorize -march=haswell,51943.584775,d0fdcd4b2e74abf3,passed
adaptive-simd_off-avx2-t1-dynamicx16-r5-firework.jpg,2026-09-19T23:49:25Z,firework.jpg,11125,16688,Adaptive_Median,5,1,dynamic,16,off-avx2,yes,unset,unset,hype2,12.2.0,-O3 -Wall -Wextra -std=c++17 -fopenmp -ffp-contract=off -DOMP_EXPLICIT_SIMD=0 -fno-tree-vectorize -march=haswell,50046.497193,cae2b8384ddb6aac,passed
adaptive-simd_off-avx2-t1-dynamicx16-r5-control_smooth_6000x6000.png,2026-09-19T23:49:39Z,control_smooth_6000x6000.png,6000,6000,Adaptive_Median,5,1,dynamic,16,off-avx2,yes,unset,unset,hype2,12.2.0,-O3 -Wall -Wextra -std=c++17 -fopenmp -ffp-contract=off -DOMP_EXPLICIT_SIMD=0 -fno-tree-vectorize -march=haswell,13018.691852,596e3c6929662ab9,passed
adaptive-simd_off-avx2-t1-dynamicx16-r5-control_noise_6000x6000.png,2026-09-19T23:49:49Z,control_noise_6000x6000.png,6000,6000,Adaptive_Median,5,1,dynamic,16,off-avx2,yes,unset,unset,hype2,12.2.0,-O3 -Wall -Wextra -std=c++17 -fopenmp -ffp-contract=off -DOMP_EXPLICIT_SIMD=0 -fno-tree-vectorize -march=haswell,9681.268978,fcb58a627e9d9740,passed
adaptive-simd_off-avx2-t1-dynamicx16-r5-control_half_noise_6000x6000.png,2026-09-19T23:49:59Z,control_half_noise_6000x6000.png,6000,6000,Adaptive_Median,5,1,dynamic,16,off-avx2,yes,unset,unset,hype2,12.2.0,-O3 -Wall -Wextra -std=c++17 -fopenmp -ffp-contract=off -DOMP_EXPLICIT_SIMD=0 -fno-tree-vectorize -march=haswell,9689.704783,9d92a48896bfc25a,passed
adaptive-simd_off-avx2-t1-dynamicx16-r5-control_bands_256_6000x6000.png,2026-09-19T23:50:10Z,control_bands_256_6000x6000.png,6000,6000,Adaptive_Median,5,1,dynamic,16,off-avx2,yes,unset,unset,hype2,12.2.0,-O3 -Wall -Wextra -std=c++17 -fopenmp -ffp-contract=off -DOMP_EXPLICIT_SIMD=0 -fno-tree-vectorize -march=haswell,9752.192674,8f9bc97f03d5aae1,passed
adaptive-simd_omp-t1-dynamicx16-r5-sky.jpg,2026-09-19T23:50:28Z,sky.jpg,6936,9248,Adaptive_Median,5,1,dynamic,16,omp,yes,unset,unset,hype2,12.2.0,-O3 -Wall -Wextra -std=c++17 -fopenmp -ffp-contract=off -DOMP_EXPLICIT_SIMD=1,17232.579566,1e7ae9152e9643d5,passed
adaptive-simd_omp-t1-dynamicx16-r5-stars.jpg,2026-09-19T23:50:58Z,stars.jpg,12960,8640,Adaptive_Median,5,1,dynamic,16,omp,yes,unset,unset,hype2,12.2.0,-O3 -Wall -Wextra -std=c++17 -fopenmp -ffp-contract=off -DOMP_EXPLICIT_SIMD=1,27218.509012,626f977055f1c658,passed
adaptive-simd_omp-t1-dynamicx16-r5-rain_paisage.jpg,2026-09-19T23:51:52Z,rain_paisage.jpg,12288,16320,Adaptive_Median,5,1,dynamic,16,omp,yes,unset,unset,hype2,12.2.0,-O3 -Wall -Wextra -std=c++17 -fopenmp -ffp-contract=off -DOMP_EXPLICIT_SIMD=1,50766.473163,d0fdcd4b2e74abf3,passed
adaptive-simd_omp-t1-dynamicx16-r5-firework.jpg,2026-09-19T23:52:43Z,firework.jpg,11125,16688,Adaptive_Median,5,1,dynamic,16,omp,yes,unset,unset,hype2,12.2.0,-O3 -Wall -Wextra -std=c++17 -fopenmp -ffp-contract=off -DOMP_EXPLICIT_SIMD=1,48948.344859,cae2b8384ddb6aac,passed
adaptive-simd_omp-t1-dynamicx16-r5-control_smooth_6000x6000.png,2026-09-19T23:52:57Z,control_smooth_6000x6000.png,6000,6000,Adaptive_Median,5,1,dynamic,16,omp,yes,unset,unset,hype2,12.2.0,-O3 -Wall -Wextra -std=c++17 -fopenmp -ffp-contract=off -DOMP_EXPLICIT_SIMD=1,12908.831111,596e3c6929662ab9,passed
adaptive-simd_omp-t1-dynamicx16-r5-control_noise_6000x6000.png,2026-09-19T23:53:07Z,control_noise_6000x6000.png,6000,6000,Adaptive_Median,5,1,dynamic,16,omp,yes,unset,unset,hype2,12.2.0,-O3 -Wall -Wextra -std=c++17 -fopenmp -ffp-contract=off -DOMP_EXPLICIT_SIMD=1,9388.783932,fcb58a627e9d9740,passed
adaptive-simd_omp-t1-dynamicx16-r5-control_half_noise_6000x6000.png,2026-09-19T23:53:17Z,control_half_noise_6000x6000.png,6000,6000,Adaptive_Median,5,1,dynamic,16,omp,yes,unset,unset,hype2,12.2.0,-O3 -Wall -Wextra -std=c++17 -fopenmp -ffp-contract=off -DOMP_EXPLICIT_SIMD=1,9548.120530,9d92a48896bfc25a,passed
adaptive-simd_omp-t1-dynamicx16-r5-control_bands_256_6000x6000.png,2026-09-19T23:53:27Z,control_bands_256_6000x6000.png,6000,6000,Adaptive_Median,5,1,dynamic,16,omp,yes,unset,unset,hype2,12.2.0,-O3 -Wall -Wextra -std=c++17 -fopenmp -ffp-contract=off -DOMP_EXPLICIT_SIMD=1,9585.538424,8f9bc97f03d5aae1,passed
adaptive-simd_omp-avx2-t1-dynamicx16-r5-sky.jpg,2026-09-19T23:53:46Z,sky.jpg,6936,9248,Adaptive_Median,5,1,dynamic,16,omp-avx2,yes,unset,unset,hype2,12.2.0,-O3 -Wall -Wextra -std=c++17 -fopenmp -ffp-contract=off -DOMP_EXPLICIT_SIMD=1 -march=haswell,17884.954255,1e7ae9152e9643d5,passed
adaptive-simd_omp-avx2-t1-dynamicx16-r5-stars.jpg,2026-09-19T23:54:17Z,stars.jpg,12960,8640,Adaptive_Median,5,1,dynamic,16,omp-avx2,yes,unset,unset,hype2,12.2.0,-O3 -Wall -Wextra -std=c++17 -fopenmp -ffp-contract=off -DOMP_EXPLICIT_SIMD=1 -march=haswell,28467.824925,626f977055f1c658,passed
adaptive-simd_omp-avx2-t1-dynamicx16-r5-rain_paisage.jpg,2026-09-19T23:55:13Z,rain_paisage.jpg,12288,16320,Adaptive_Median,5,1,dynamic,16,omp-avx2,yes,unset,unset,hype2,12.2.0,-O3 -Wall -Wextra -std=c++17 -fopenmp -ffp-contract=off -DOMP_EXPLICIT_SIMD=1 -march=haswell,52629.506503,d0fdcd4b2e74abf3,passed
adaptive-simd_omp-avx2-t1-dynamicx16-r5-firework.jpg,2026-09-19T23:56:07Z,firework.jpg,11125,16688,Adaptive_Median,5,1,dynamic,16,omp-avx2,yes,unset,unset,hype2,12.2.0,-O3 -Wall -Wextra -std=c++17 -fopenmp -ffp-contract=off -DOMP_EXPLICIT_SIMD=1 -march=haswell,50866.422948,cae2b8384ddb6aac,passed
adaptive-simd_omp-avx2-t1-dynamicx16-r5-control_smooth_6000x6000.png,2026-09-19T23:56:20Z,control_smooth_6000x6000.png,6000,6000,Adaptive_Median,5,1,dynamic,16,omp-avx2,yes,unset,unset,hype2,12.2.0,-O3 -Wall -Wextra -std=c++17 -fopenmp -ffp-contract=off -DOMP_EXPLICIT_SIMD=1 -march=haswell,13184.179068,596e3c6929662ab9,passed
adaptive-simd_omp-avx2-t1-dynamicx16-r5-control_noise_6000x6000.png,2026-09-19T23:56:31Z,control_noise_6000x6000.png,6000,6000,Adaptive_Median,5,1,dynamic,16,omp-avx2,yes,unset,unset,hype2,12.2.0,-O3 -Wall -Wextra -std=c++17 -fopenmp -ffp-contract=off -DOMP_EXPLICIT_SIMD=1 -march=haswell,9949.577739,fcb58a627e9d9740,passed
adaptive-simd_omp-avx2-t1-dynamicx16-r5-control_half_noise_6000x6000.png,2026-09-19T23:56:41Z,control_half_noise_6000x6000.png,6000,6000,Adaptive_Median,5,1,dynamic,16,omp-avx2,yes,unset,unset,hype2,12.2.0,-O3 -Wall -Wextra -std=c++17 -fopenmp -ffp-contract=off -DOMP_EXPLICIT_SIMD=1 -march=haswell,9873.642807,9d92a48896bfc25a,passed
adaptive-simd_omp-avx2-t1-dynamicx16-r5-control_bands_256_6000x6000.png,2026-09-19T23:56:52Z,control_bands_256_6000x6000.png,6000,6000,Adaptive_Median,5,1,dynamic,16,omp-avx2,yes,unset,unset,hype2,12.2.0,-O3 -Wall -Wextra -std=c++17 -fopenmp -ffp-contract=off -DOMP_EXPLICIT_SIMD=1 -march=haswell,9897.407359,8f9bc97f03d5aae1,passed
adaptive-simd_off-t1-static-r5-sky.jpg,2026-09-19T23:57:10Z,sky.jpg,6936,9248,Adaptive_Median,5,1,static,,off,yes,unset,unset,hype2,12.2.0,-O3 -Wall -Wextra -std=c++17 -fopenmp -ffp-contract=off -DOMP_EXPLICIT_SIMD=0 -fno-tree-vectorize,16807.328063,1e7ae9152e9643d5,passed
adaptive-simd_off-t1-static-r5-stars.jpg,2026-09-19T23:57:38Z,stars.jpg,12960,8640,Adaptive_Median,5,1,static,,off,yes,unset,unset,hype2,12.2.0,-O3 -Wall -Wextra -std=c++17 -fopenmp -ffp-contract=off -DOMP_EXPLICIT_SIMD=0 -fno-tree-vectorize,26536.197822,626f977055f1c658,passed
adaptive-simd_off-t1-static-r5-rain_paisage.jpg,2026-09-19T23:58:31Z,rain_paisage.jpg,12288,16320,Adaptive_Median,5,1,static,,off,yes,unset,unset,hype2,12.2.0,-O3 -Wall -Wextra -std=c++17 -fopenmp -ffp-contract=off -DOMP_EXPLICIT_SIMD=0 -fno-tree-vectorize,49735.662685,d0fdcd4b2e74abf3,passed
adaptive-simd_off-t1-static-r5-firework.jpg,2026-09-19T23:59:22Z,firework.jpg,11125,16688,Adaptive_Median,5,1,static,,off,yes,unset,unset,hype2,12.2.0,-O3 -Wall -Wextra -std=c++17 -fopenmp -ffp-contract=off -DOMP_EXPLICIT_SIMD=0 -fno-tree-vectorize,47937.384972,cae2b8384ddb6aac,passed
adaptive-simd_off-t1-static-r5-control_smooth_6000x6000.png,2026-09-19T23:59:35Z,control_smooth_6000x6000.png,6000,6000,Adaptive_Median,5,1,static,,off,yes,unset,unset,hype2,12.2.0,-O3 -Wall -Wextra -std=c++17 -fopenmp -ffp-contract=off -DOMP_EXPLICIT_SIMD=0 -fno-tree-vectorize,12644.360725,596e3c6929662ab9,passed
adaptive-simd_off-t1-static-r5-control_noise_6000x6000.png,2026-09-19T23:59:45Z,control_noise_6000x6000.png,6000,6000,Adaptive_Median,5,1,static,,off,yes,unset,unset,hype2,12.2.0,-O3 -Wall -Wextra -std=c++17 -fopenmp -ffp-contract=off -DOMP_EXPLICIT_SIMD=0 -fno-tree-vectorize,9204.386286,fcb58a627e9d9740,passed
adaptive-simd_off-t1-static-r5-control_half_noise_6000x6000.png,2026-09-19T23:59:55Z,control_half_noise_6000x6000.png,6000,6000,Adaptive_Median,5,1,static,,off,yes,unset,unset,hype2,12.2.0,-O3 -Wall -Wextra -std=c++17 -fopenmp -ffp-contract=off -DOMP_EXPLICIT_SIMD=0 -fno-tree-vectorize,9307.399117,9d92a48896bfc25a,passed
adaptive-simd_off-t1-static-r5-control_bands_256_6000x6000.png,2026-09-20T00:00:05Z,control_bands_256_6000x6000.png,6000,6000,Adaptive_Median,5,1,static,,off,yes,unset,unset,hype2,12.2.0,-O3 -Wall -Wextra -std=c++17 -fopenmp -ffp-contract=off -DOMP_EXPLICIT_SIMD=0 -fno-tree-vectorize,9344.458551,8f9bc97f03d5aae1,passed
adaptive-simd_off-avx2-t1-static-r5-sky.jpg,2026-09-20T00:00:24Z,sky.jpg,6936,9248,Adaptive_Median,5,1,static,,off-avx2,yes,unset,unset,hype2,12.2.0,-O3 -Wall -Wextra -std=c++17 -fopenmp -ffp-contract=off -DOMP_EXPLICIT_SIMD=0 -fno-tree-vectorize -march=haswell,17518.360149,1e7ae9152e9643d5,passed
adaptive-simd_off-avx2-t1-static-r5-stars.jpg,2026-09-20T00:00:54Z,stars.jpg,12960,8640,Adaptive_Median,5,1,static,,off-avx2,yes,unset,unset,hype2,12.2.0,-O3 -Wall -Wextra -std=c++17 -fopenmp -ffp-contract=off -DOMP_EXPLICIT_SIMD=0 -fno-tree-vectorize -march=haswell,27853.529222,626f977055f1c658,passed
adaptive-simd_off-avx2-t1-static-r5-rain_paisage.jpg,2026-09-20T00:01:49Z,rain_paisage.jpg,12288,16320,Adaptive_Median,5,1,static,,off-avx2,yes,unset,unset,hype2,12.2.0,-O3 -Wall -Wextra -std=c++17 -fopenmp -ffp-contract=off -DOMP_EXPLICIT_SIMD=0 -fno-tree-vectorize -march=haswell,51942.385355,d0fdcd4b2e74abf3,passed
adaptive-simd_off-avx2-t1-static-r5-firework.jpg,2026-09-20T00:02:42Z,firework.jpg,11125,16688,Adaptive_Median,5,1,static,,off-avx2,yes,unset,unset,hype2,12.2.0,-O3 -Wall -Wextra -std=c++17 -fopenmp -ffp-contract=off -DOMP_EXPLICIT_SIMD=0 -fno-tree-vectorize -march=haswell,50079.309036,cae2b8384ddb6aac,passed
adaptive-simd_off-avx2-t1-static-r5-control_smooth_6000x6000.png,2026-09-20T00:02:55Z,control_smooth_6000x6000.png,6000,6000,Adaptive_Median,5,1,static,,off-avx2,yes,unset,unset,hype2,12.2.0,-O3 -Wall -Wextra -std=c++17 -fopenmp -ffp-contract=off -DOMP_EXPLICIT_SIMD=0 -fno-tree-vectorize -march=haswell,13017.989097,596e3c6929662ab9,passed
adaptive-simd_off-avx2-t1-static-r5-control_noise_6000x6000.png,2026-09-20T00:03:06Z,control_noise_6000x6000.png,6000,6000,Adaptive_Median,5,1,static,,off-avx2,yes,unset,unset,hype2,12.2.0,-O3 -Wall -Wextra -std=c++17 -fopenmp -ffp-contract=off -DOMP_EXPLICIT_SIMD=0 -fno-tree-vectorize -march=haswell,9697.715259,fcb58a627e9d9740,passed
adaptive-simd_off-avx2-t1-static-r5-control_half_noise_6000x6000.png,2026-09-20T00:03:16Z,control_half_noise_6000x6000.png,6000,6000,Adaptive_Median,5,1,static,,off-avx2,yes,unset,unset,hype2,12.2.0,-O3 -Wall -Wextra -std=c++17 -fopenmp -ffp-contract=off -DOMP_EXPLICIT_SIMD=0 -fno-tree-vectorize -march=haswell,9703.644134,9d92a48896bfc25a,passed
adaptive-simd_off-avx2-t1-static-r5-control_bands_256_6000x6000.png,2026-09-20T00:03:27Z,control_bands_256_6000x6000.png,6000,6000,Adaptive_Median,5,1,static,,off-avx2,yes,unset,unset,hype2,12.2.0,-O3 -Wall -Wextra -std=c++17 -fopenmp -ffp-contract=off -DOMP_EXPLICIT_SIMD=0 -fno-tree-vectorize -march=haswell,9727.205414,8f9bc97f03d5aae1,passed
adaptive-simd_omp-t1-static-r5-sky.jpg,2026-09-20T00:03:45Z,sky.jpg,6936,9248,Adaptive_Median,5,1,static,,omp,yes,unset,unset,hype2,12.2.0,-O3 -Wall -Wextra -std=c++17 -fopenmp -ffp-contract=off -DOMP_EXPLICIT_SIMD=1,17276.959520,1e7ae9152e9643d5,passed
adaptive-simd_omp-t1-static-r5-stars.jpg,2026-09-20T00:04:14Z,stars.jpg,12960,8640,Adaptive_Median,5,1,static,,omp,yes,unset,unset,hype2,12.2.0,-O3 -Wall -Wextra -std=c++17 -fopenmp -ffp-contract=off -DOMP_EXPLICIT_SIMD=1,27285.176902,626f977055f1c658,passed
adaptive-simd_omp-t1-static-r5-rain_paisage.jpg,2026-09-20T00:05:08Z,rain_paisage.jpg,12288,16320,Adaptive_Median,5,1,static,,omp,yes,unset,unset,hype2,12.2.0,-O3 -Wall -Wextra -std=c++17 -fopenmp -ffp-contract=off -DOMP_EXPLICIT_SIMD=1,50767.085118,d0fdcd4b2e74abf3,passed
adaptive-simd_omp-t1-static-r5-firework.jpg,2026-09-20T00:06:00Z,firework.jpg,11125,16688,Adaptive_Median,5,1,static,,omp,yes,unset,unset,hype2,12.2.0,-O3 -Wall -Wextra -std=c++17 -fopenmp -ffp-contract=off -DOMP_EXPLICIT_SIMD=1,48990.928995,cae2b8384ddb6aac,passed
adaptive-simd_omp-t1-static-r5-control_smooth_6000x6000.png,2026-09-20T00:06:14Z,control_smooth_6000x6000.png,6000,6000,Adaptive_Median,5,1,static,,omp,yes,unset,unset,hype2,12.2.0,-O3 -Wall -Wextra -std=c++17 -fopenmp -ffp-contract=off -DOMP_EXPLICIT_SIMD=1,12935.131220,596e3c6929662ab9,passed
adaptive-simd_omp-t1-static-r5-control_noise_6000x6000.png,2026-09-20T00:06:24Z,control_noise_6000x6000.png,6000,6000,Adaptive_Median,5,1,static,,omp,yes,unset,unset,hype2,12.2.0,-O3 -Wall -Wextra -std=c++17 -fopenmp -ffp-contract=off -DOMP_EXPLICIT_SIMD=1,9371.192676,fcb58a627e9d9740,passed
adaptive-simd_omp-t1-static-r5-control_half_noise_6000x6000.png,2026-09-20T00:06:34Z,control_half_noise_6000x6000.png,6000,6000,Adaptive_Median,5,1,static,,omp,yes,unset,unset,hype2,12.2.0,-O3 -Wall -Wextra -std=c++17 -fopenmp -ffp-contract=off -DOMP_EXPLICIT_SIMD=1,9540.772006,9d92a48896bfc25a,passed
adaptive-simd_omp-t1-static-r5-control_bands_256_6000x6000.png,2026-09-20T00:06:44Z,control_bands_256_6000x6000.png,6000,6000,Adaptive_Median,5,1,static,,omp,yes,unset,unset,hype2,12.2.0,-O3 -Wall -Wextra -std=c++17 -fopenmp -ffp-contract=off -DOMP_EXPLICIT_SIMD=1,9594.811456,8f9bc97f03d5aae1,passed
adaptive-simd_omp-avx2-t1-static-r5-sky.jpg,2026-09-20T00:07:03Z,sky.jpg,6936,9248,Adaptive_Median,5,1,static,,omp-avx2,yes,unset,unset,hype2,12.2.0,-O3 -Wall -Wextra -std=c++17 -fopenmp -ffp-contract=off -DOMP_EXPLICIT_SIMD=1 -march=haswell,17837.221603,1e7ae9152e9643d5,passed
adaptive-simd_omp-avx2-t1-static-r5-stars.jpg,2026-09-20T00:07:34Z,stars.jpg,12960,8640,Adaptive_Median,5,1,static,,omp-avx2,yes,unset,unset,hype2,12.2.0,-O3 -Wall -Wextra -std=c++17 -fopenmp -ffp-contract=off -DOMP_EXPLICIT_SIMD=1 -march=haswell,28451.065717,626f977055f1c658,passed
adaptive-simd_omp-avx2-t1-static-r5-rain_paisage.jpg,2026-09-20T00:08:30Z,rain_paisage.jpg,12288,16320,Adaptive_Median,5,1,static,,omp-avx2,yes,unset,unset,hype2,12.2.0,-O3 -Wall -Wextra -std=c++17 -fopenmp -ffp-contract=off -DOMP_EXPLICIT_SIMD=1 -march=haswell,52617.845217,d0fdcd4b2e74abf3,passed
adaptive-simd_omp-avx2-t1-static-r5-firework.jpg,2026-09-20T00:09:23Z,firework.jpg,11125,16688,Adaptive_Median,5,1,static,,omp-avx2,yes,unset,unset,hype2,12.2.0,-O3 -Wall -Wextra -std=c++17 -fopenmp -ffp-contract=off -DOMP_EXPLICIT_SIMD=1 -march=haswell,50926.983477,cae2b8384ddb6aac,passed
adaptive-simd_omp-avx2-t1-static-r5-control_smooth_6000x6000.png,2026-09-20T00:09:37Z,control_smooth_6000x6000.png,6000,6000,Adaptive_Median,5,1,static,,omp-avx2,yes,unset,unset,hype2,12.2.0,-O3 -Wall -Wextra -std=c++17 -fopenmp -ffp-contract=off -DOMP_EXPLICIT_SIMD=1 -march=haswell,13205.481365,596e3c6929662ab9,passed
adaptive-simd_omp-avx2-t1-static-r5-control_noise_6000x6000.png,2026-09-20T00:09:48Z,control_noise_6000x6000.png,6000,6000,Adaptive_Median,5,1,static,,omp-avx2,yes,unset,unset,hype2,12.2.0,-O3 -Wall -Wextra -std=c++17 -fopenmp -ffp-contract=off -DOMP_EXPLICIT_SIMD=1 -march=haswell,10005.412691,fcb58a627e9d9740,passed
adaptive-simd_omp-avx2-t1-static-r5-control_half_noise_6000x6000.png,2026-09-20T00:09:58Z,control_half_noise_6000x6000.png,6000,6000,Adaptive_Median,5,1,static,,omp-avx2,yes,unset,unset,hype2,12.2.0,-O3 -Wall -Wextra -std=c++17 -fopenmp -ffp-contract=off -DOMP_EXPLICIT_SIMD=1 -march=haswell,9872.813560,9d92a48896bfc25a,passed
adaptive-simd_omp-avx2-t1-static-r5-control_bands_256_6000x6000.png,2026-09-20T00:10:09Z,control_bands_256_6000x6000.png,6000,6000,Adaptive_Median,5,1,static,,omp-avx2,yes,unset,unset,hype2,12.2.0,-O3 -Wall -Wextra -std=c++17 -fopenmp -ffp-contract=off -DOMP_EXPLICIT_SIMD=1 -march=haswell,9907.634621,8f9bc97f03d5aae1,passed
adaptive-simd_off-t2-static-r1-sky.jpg,2026-09-20T00:25:25Z,sky.jpg,6936,9248,Adaptive_Median,1,2,static,,off,yes,unset,unset,hype2,12.2.0,-O3 -Wall -Wextra -std=c++17 -fopenmp -ffp-contract=off -DOMP_EXPLICIT_SIMD=0 -fno-tree-vectorize,8634.124998,1e7ae9152e9643d5,passed
adaptive-simd_off-t2-static-r1-stars.jpg,2026-09-20T00:25:41Z,stars.jpg,12960,8640,Adaptive_Median,1,2,static,,off,yes,unset,unset,hype2,12.2.0,-O3 -Wall -Wextra -std=c++17 -fopenmp -ffp-contract=off -DOMP_EXPLICIT_SIMD=0 -fno-tree-vectorize,13516.449299,626f977055f1c658,passed
adaptive-simd_off-t2-static-r1-rain_paisage.jpg,2026-09-20T00:26:18Z,rain_paisage.jpg,12288,16320,Adaptive_Median,1,2,static,,off,yes,unset,unset,hype2,12.2.0,-O3 -Wall -Wextra -std=c++17 -fopenmp -ffp-contract=off -DOMP_EXPLICIT_SIMD=0 -fno-tree-vectorize,33777.444667,d0fdcd4b2e74abf3,passed
adaptive-simd_off-t2-static-r1-firework.jpg,2026-09-20T00:26:48Z,firework.jpg,11125,16688,Adaptive_Median,1,2,static,,off,yes,unset,unset,hype2,12.2.0,-O3 -Wall -Wextra -std=c++17 -fopenmp -ffp-contract=off -DOMP_EXPLICIT_SIMD=0 -fno-tree-vectorize,27176.402901,cae2b8384ddb6aac,passed
adaptive-simd_off-t2-static-r1-control_smooth_6000x6000.png,2026-09-20T00:26:55Z,control_smooth_6000x6000.png,6000,6000,Adaptive_Median,1,2,static,,off,yes,unset,unset,hype2,12.2.0,-O3 -Wall -Wextra -std=c++17 -fopenmp -ffp-contract=off -DOMP_EXPLICIT_SIMD=0 -fno-tree-vectorize,6406.770396,596e3c6929662ab9,passed
adaptive-simd_off-t2-static-r1-control_noise_6000x6000.png,2026-09-20T00:27:00Z,control_noise_6000x6000.png,6000,6000,Adaptive_Median,1,2,static,,off,yes,unset,unset,hype2,12.2.0,-O3 -Wall -Wextra -std=c++17 -fopenmp -ffp-contract=off -DOMP_EXPLICIT_SIMD=0 -fno-tree-vectorize,4618.893546,fcb58a627e9d9740,passed
adaptive-simd_off-t2-static-r1-control_half_noise_6000x6000.png,2026-09-20T00:27:07Z,control_half_noise_6000x6000.png,6000,6000,Adaptive_Median,1,2,static,,off,yes,unset,unset,hype2,12.2.0,-O3 -Wall -Wextra -std=c++17 -fopenmp -ffp-contract=off -DOMP_EXPLICIT_SIMD=0 -fno-tree-vectorize,6464.719652,9d92a48896bfc25a,passed
adaptive-simd_off-t2-static-r1-control_bands_256_6000x6000.png,2026-09-20T00:27:13Z,control_bands_256_6000x6000.png,6000,6000,Adaptive_Median,1,2,static,,off,yes,unset,unset,hype2,12.2.0,-O3 -Wall -Wextra -std=c++17 -fopenmp -ffp-contract=off -DOMP_EXPLICIT_SIMD=0 -fno-tree-vectorize,4712.772196,8f9bc97f03d5aae1,passed
adaptive-simd_off-avx2-t2-static-r1-sky.jpg,2026-09-20T00:27:23Z,sky.jpg,6936,9248,Adaptive_Median,1,2,static,,off-avx2,yes,unset,unset,hype2,12.2.0,-O3 -Wall -Wextra -std=c++17 -fopenmp -ffp-contract=off -DOMP_EXPLICIT_SIMD=0 -fno-tree-vectorize -march=haswell,8994.526005,1e7ae9152e9643d5,passed
adaptive-simd_off-avx2-t2-static-r1-stars.jpg,2026-09-20T00:27:39Z,stars.jpg,12960,8640,Adaptive_Median,1,2,static,,off-avx2,yes,unset,unset,hype2,12.2.0,-O3 -Wall -Wextra -std=c++17 -fopenmp -ffp-contract=off -DOMP_EXPLICIT_SIMD=0 -fno-tree-vectorize -march=haswell,14163.466830,626f977055f1c658,passed
adaptive-simd_off-avx2-t2-static-r1-rain_paisage.jpg,2026-09-20T00:28:17Z,rain_paisage.jpg,12288,16320,Adaptive_Median,1,2,static,,off-avx2,yes,unset,unset,hype2,12.2.0,-O3 -Wall -Wextra -std=c++17 -fopenmp -ffp-contract=off -DOMP_EXPLICIT_SIMD=0 -fno-tree-vectorize -march=haswell,34933.548836,d0fdcd4b2e74abf3,passed
adaptive-simd_off-avx2-t2-static-r1-firework.jpg,2026-09-20T00:28:49Z,firework.jpg,11125,16688,Adaptive_Median,1,2,static,,off-avx2,yes,unset,unset,hype2,12.2.0,-O3 -Wall -Wextra -std=c++17 -fopenmp -ffp-contract=off -DOMP_EXPLICIT_SIMD=0 -fno-tree-vectorize -march=haswell,28298.189375,cae2b8384ddb6aac,passed
adaptive-simd_off-avx2-t2-static-r1-control_smooth_6000x6000.png,2026-09-20T00:28:56Z,control_smooth_6000x6000.png,6000,6000,Adaptive_Median,1,2,static,,off-avx2,yes,unset,unset,hype2,12.2.0,-O3 -Wall -Wextra -std=c++17 -fopenmp -ffp-contract=off -DOMP_EXPLICIT_SIMD=0 -fno-tree-vectorize -march=haswell,6589.654044,596e3c6929662ab9,passed
adaptive-simd_off-avx2-t2-static-r1-control_noise_6000x6000.png,2026-09-20T00:29:01Z,control_noise_6000x6000.png,6000,6000,Adaptive_Median,1,2,static,,off-avx2,yes,unset,unset,hype2,12.2.0,-O3 -Wall -Wextra -std=c++17 -fopenmp -ffp-contract=off -DOMP_EXPLICIT_SIMD=0 -fno-tree-vectorize -march=haswell,4868.257852,fcb58a627e9d9740,passed
adaptive-simd_off-avx2-t2-static-r1-control_half_noise_6000x6000.png,2026-09-20T00:29:08Z,control_half_noise_6000x6000.png,6000,6000,Adaptive_Median,1,2,static,,off-avx2,yes,unset,unset,hype2,12.2.0,-O3 -Wall -Wextra -std=c++17 -fopenmp -ffp-contract=off -DOMP_EXPLICIT_SIMD=0 -fno-tree-vectorize -march=haswell,6672.690772,9d92a48896bfc25a,passed
adaptive-simd_off-avx2-t2-static-r1-control_bands_256_6000x6000.png,2026-09-20T00:29:14Z,control_bands_256_6000x6000.png,6000,6000,Adaptive_Median,1,2,static,,off-avx2,yes,unset,unset,hype2,12.2.0,-O3 -Wall -Wextra -std=c++17 -fopenmp -ffp-contract=off -DOMP_EXPLICIT_SIMD=0 -fno-tree-vectorize -march=haswell,4904.979549,8f9bc97f03d5aae1,passed
adaptive-simd_omp-t2-static-r1-sky.jpg,2026-09-20T00:29:24Z,sky.jpg,6936,9248,Adaptive_Median,1,2,static,,omp,yes,unset,unset,hype2,12.2.0,-O3 -Wall -Wextra -std=c++17 -fopenmp -ffp-contract=off -DOMP_EXPLICIT_SIMD=1,8832.367091,1e7ae9152e9643d5,passed
adaptive-simd_omp-t2-static-r1-stars.jpg,2026-09-20T00:29:40Z,stars.jpg,12960,8640,Adaptive_Median,1,2,static,,omp,yes,unset,unset,hype2,12.2.0,-O3 -Wall -Wextra -std=c++17 -fopenmp -ffp-contract=off -DOMP_EXPLICIT_SIMD=1,13854.167402,626f977055f1c658,passed
adaptive-simd_omp-t2-static-r1-rain_paisage.jpg,2026-09-20T00:30:18Z,rain_paisage.jpg,12288,16320,Adaptive_Median,1,2,static,,omp,yes,unset,unset,hype2,12.2.0,-O3 -Wall -Wextra -std=c++17 -fopenmp -ffp-contract=off -DOMP_EXPLICIT_SIMD=1,34237.903371,d0fdcd4b2e74abf3,passed
adaptive-simd_omp-t2-static-r1-firework.jpg,2026-09-20T00:30:48Z,firework.jpg,11125,16688,Adaptive_Median,1,2,static,,omp,yes,unset,unset,hype2,12.2.0,-O3 -Wall -Wextra -std=c++17 -fopenmp -ffp-contract=off -DOMP_EXPLICIT_SIMD=1,27759.674356,cae2b8384ddb6aac,passed
adaptive-simd_omp-t2-static-r1-control_smooth_6000x6000.png,2026-09-20T00:30:55Z,control_smooth_6000x6000.png,6000,6000,Adaptive_Median,1,2,static,,omp,yes,unset,unset,hype2,12.2.0,-O3 -Wall -Wextra -std=c++17 -fopenmp -ffp-contract=off -DOMP_EXPLICIT_SIMD=1,6567.255759,596e3c6929662ab9,passed
adaptive-simd_omp-t2-static-r1-control_noise_6000x6000.png,2026-09-20T00:31:00Z,control_noise_6000x6000.png,6000,6000,Adaptive_Median,1,2,static,,omp,yes,unset,unset,hype2,12.2.0,-O3 -Wall -Wextra -std=c++17 -fopenmp -ffp-contract=off -DOMP_EXPLICIT_SIMD=1,4710.794903,fcb58a627e9d9740,passed
adaptive-simd_omp-t2-static-r1-control_half_noise_6000x6000.png,2026-09-20T00:31:08Z,control_half_noise_6000x6000.png,6000,6000,Adaptive_Median,1,2,static,,omp,yes,unset,unset,hype2,12.2.0,-O3 -Wall -Wextra -std=c++17 -fopenmp -ffp-contract=off -DOMP_EXPLICIT_SIMD=1,6587.419079,9d92a48896bfc25a,passed
adaptive-simd_omp-t2-static-r1-control_bands_256_6000x6000.png,2026-09-20T00:31:13Z,control_bands_256_6000x6000.png,6000,6000,Adaptive_Median,1,2,static,,omp,yes,unset,unset,hype2,12.2.0,-O3 -Wall -Wextra -std=c++17 -fopenmp -ffp-contract=off -DOMP_EXPLICIT_SIMD=1,4829.890354,8f9bc97f03d5aae1,passed
adaptive-simd_omp-avx2-t2-static-r1-sky.jpg,2026-09-20T00:31:23Z,sky.jpg,6936,9248,Adaptive_Median,1,2,static,,omp-avx2,yes,unset,unset,hype2,12.2.0,-O3 -Wall -Wextra -std=c++17 -fopenmp -ffp-contract=off -DOMP_EXPLICIT_SIMD=1 -march=haswell,9158.130865,1e7ae9152e9643d5,passed
adaptive-simd_omp-avx2-t2-static-r1-stars.jpg,2026-09-20T00:31:40Z,stars.jpg,12960,8640,Adaptive_Median,1,2,static,,omp-avx2,yes,unset,unset,hype2,12.2.0,-O3 -Wall -Wextra -std=c++17 -fopenmp -ffp-contract=off -DOMP_EXPLICIT_SIMD=1 -march=haswell,14482.321872,626f977055f1c658,passed
adaptive-simd_omp-avx2-t2-static-r1-rain_paisage.jpg,2026-09-20T00:32:19Z,rain_paisage.jpg,12288,16320,Adaptive_Median,1,2,static,,omp-avx2,yes,unset,unset,hype2,12.2.0,-O3 -Wall -Wextra -std=c++17 -fopenmp -ffp-contract=off -DOMP_EXPLICIT_SIMD=1 -march=haswell,35293.261876,d0fdcd4b2e74abf3,passed
adaptive-simd_omp-avx2-t2-static-r1-firework.jpg,2026-09-20T00:32:50Z,firework.jpg,11125,16688,Adaptive_Median,1,2,static,,omp-avx2,yes,unset,unset,hype2,12.2.0,-O3 -Wall -Wextra -std=c++17 -fopenmp -ffp-contract=off -DOMP_EXPLICIT_SIMD=1 -march=haswell,28781.492866,cae2b8384ddb6aac,passed
adaptive-simd_omp-avx2-t2-static-r1-control_smooth_6000x6000.png,2026-09-20T00:32:57Z,control_smooth_6000x6000.png,6000,6000,Adaptive_Median,1,2,static,,omp-avx2,yes,unset,unset,hype2,12.2.0,-O3 -Wall -Wextra -std=c++17 -fopenmp -ffp-contract=off -DOMP_EXPLICIT_SIMD=1 -march=haswell,6670.944967,596e3c6929662ab9,passed
adaptive-simd_omp-avx2-t2-static-r1-control_noise_6000x6000.png,2026-09-20T00:33:03Z,control_noise_6000x6000.png,6000,6000,Adaptive_Median,1,2,static,,omp-avx2,yes,unset,unset,hype2,12.2.0,-O3 -Wall -Wextra -std=c++17 -fopenmp -ffp-contract=off -DOMP_EXPLICIT_SIMD=1 -march=haswell,5000.273400,fcb58a627e9d9740,passed
adaptive-simd_omp-avx2-t2-static-r1-control_half_noise_6000x6000.png,2026-09-20T00:33:11Z,control_half_noise_6000x6000.png,6000,6000,Adaptive_Median,1,2,static,,omp-avx2,yes,unset,unset,hype2,12.2.0,-O3 -Wall -Wextra -std=c++17 -fopenmp -ffp-contract=off -DOMP_EXPLICIT_SIMD=1 -march=haswell,6789.164477,9d92a48896bfc25a,passed
adaptive-simd_omp-avx2-t2-static-r1-control_bands_256_6000x6000.png,2026-09-20T00:33:16Z,control_bands_256_6000x6000.png,6000,6000,Adaptive_Median,1,2,static,,omp-avx2,yes,unset,unset,hype2,12.2.0,-O3 -Wall -Wextra -std=c++17 -fopenmp -ffp-contract=off -DOMP_EXPLICIT_SIMD=1 -march=haswell,4992.850043,8f9bc97f03d5aae1,passed
adaptive-simd_off-t2-dynamicx16-r1-sky.jpg,2026-09-20T00:33:26Z,sky.jpg,6936,9248,Adaptive_Median,1,2,dynamic,16,off,yes,unset,unset,hype2,12.2.0,-O3 -Wall -Wextra -std=c++17 -fopenmp -ffp-contract=off -DOMP_EXPLICIT_SIMD=0 -fno-tree-vectorize,8452.852510,1e7ae9152e9643d5,passed
adaptive-simd_off-t2-dynamicx16-r1-stars.jpg,2026-09-20T00:33:41Z,stars.jpg,12960,8640,Adaptive_Median,1,2,dynamic,16,off,yes,unset,unset,hype2,12.2.0,-O3 -Wall -Wextra -std=c++17 -fopenmp -ffp-contract=off -DOMP_EXPLICIT_SIMD=0 -fno-tree-vectorize,13345.064508,626f977055f1c658,passed
adaptive-simd_off-t2-dynamicx16-r1-rain_paisage.jpg,2026-09-20T00:34:10Z,rain_paisage.jpg,12288,16320,Adaptive_Median,1,2,dynamic,16,off,yes,unset,unset,hype2,12.2.0,-O3 -Wall -Wextra -std=c++17 -fopenmp -ffp-contract=off -DOMP_EXPLICIT_SIMD=0 -fno-tree-vectorize,25079.822639,d0fdcd4b2e74abf3,passed
adaptive-simd_off-t2-dynamicx16-r1-firework.jpg,2026-09-20T00:34:37Z,firework.jpg,11125,16688,Adaptive_Median,1,2,dynamic,16,off,yes,unset,unset,hype2,12.2.0,-O3 -Wall -Wextra -std=c++17 -fopenmp -ffp-contract=off -DOMP_EXPLICIT_SIMD=0 -fno-tree-vectorize,24162.709230,cae2b8384ddb6aac,passed
adaptive-simd_off-t2-dynamicx16-r1-control_smooth_6000x6000.png,2026-09-20T00:34:43Z,control_smooth_6000x6000.png,6000,6000,Adaptive_Median,1,2,dynamic,16,off,yes,unset,unset,hype2,12.2.0,-O3 -Wall -Wextra -std=c++17 -fopenmp -ffp-contract=off -DOMP_EXPLICIT_SIMD=0 -fno-tree-vectorize,6382.877643,596e3c6929662ab9,passed
adaptive-simd_off-t2-dynamicx16-r1-control_noise_6000x6000.png,2026-09-20T00:34:49Z,control_noise_6000x6000.png,6000,6000,Adaptive_Median,1,2,dynamic,16,off,yes,unset,unset,hype2,12.2.0,-O3 -Wall -Wextra -std=c++17 -fopenmp -ffp-contract=off -DOMP_EXPLICIT_SIMD=0 -fno-tree-vectorize,4623.299686,fcb58a627e9d9740,passed
adaptive-simd_off-t2-dynamicx16-r1-control_half_noise_6000x6000.png,2026-09-20T00:34:54Z,control_half_noise_6000x6000.png,6000,6000,Adaptive_Median,1,2,dynamic,16,off,yes,unset,unset,hype2,12.2.0,-O3 -Wall -Wextra -std=c++17 -fopenmp -ffp-contract=off -DOMP_EXPLICIT_SIMD=0 -fno-tree-vectorize,4697.615660,9d92a48896bfc25a,passed
adaptive-simd_off-t2-dynamicx16-r1-control_bands_256_6000x6000.png,2026-09-20T00:35:00Z,control_bands_256_6000x6000.png,6000,6000,Adaptive_Median,1,2,dynamic,16,off,yes,unset,unset,hype2,12.2.0,-O3 -Wall -Wextra -std=c++17 -fopenmp -ffp-contract=off -DOMP_EXPLICIT_SIMD=0 -fno-tree-vectorize,4715.214955,8f9bc97f03d5aae1,passed
adaptive-simd_off-avx2-t2-dynamicx16-r1-sky.jpg,2026-09-20T00:35:09Z,sky.jpg,6936,9248,Adaptive_Median,1,2,dynamic,16,off-avx2,yes,unset,unset,hype2,12.2.0,-O3 -Wall -Wextra -std=c++17 -fopenmp -ffp-contract=off -DOMP_EXPLICIT_SIMD=0 -fno-tree-vectorize -march=haswell,8809.369542,1e7ae9152e9643d5,passed
adaptive-simd_off-avx2-t2-dynamicx16-r1-stars.jpg,2026-09-20T00:35:26Z,stars.jpg,12960,8640,Adaptive_Median,1,2,dynamic,16,off-avx2,yes,unset,unset,hype2,12.2.0,-O3 -Wall -Wextra -std=c++17 -fopenmp -ffp-contract=off -DOMP_EXPLICIT_SIMD=0 -fno-tree-vectorize -march=haswell,13997.333650,626f977055f1c658,passed
adaptive-simd_off-avx2-t2-dynamicx16-r1-rain_paisage.jpg,2026-09-20T00:35:55Z,rain_paisage.jpg,12288,16320,Adaptive_Median,1,2,dynamic,16,off-avx2,yes,unset,unset,hype2,12.2.0,-O3 -Wall -Wextra -std=c++17 -fopenmp -ffp-contract=off -DOMP_EXPLICIT_SIMD=0 -fno-tree-vectorize -march=haswell,26143.611757,d0fdcd4b2e74abf3,passed
adaptive-simd_off-avx2-t2-dynamicx16-r1-firework.jpg,2026-09-20T00:36:23Z,firework.jpg,11125,16688,Adaptive_Median,1,2,dynamic,16,off-avx2,yes,unset,unset,hype2,12.2.0,-O3 -Wall -Wextra -std=c++17 -fopenmp -ffp-contract=off -DOMP_EXPLICIT_SIMD=0 -fno-tree-vectorize -march=haswell,25224.217481,cae2b8384ddb6aac,passed
adaptive-simd_off-avx2-t2-dynamicx16-r1-control_smooth_6000x6000.png,2026-09-20T00:36:30Z,control_smooth_6000x6000.png,6000,6000,Adaptive_Median,1,2,dynamic,16,off-avx2,yes,unset,unset,hype2,12.2.0,-O3 -Wall -Wextra -std=c++17 -fopenmp -ffp-contract=off -DOMP_EXPLICIT_SIMD=0 -fno-tree-vectorize -march=haswell,6575.612011,596e3c6929662ab9,passed
adaptive-simd_off-avx2-t2-dynamicx16-r1-control_noise_6000x6000.png,2026-09-20T00:36:36Z,control_noise_6000x6000.png,6000,6000,Adaptive_Median,1,2,dynamic,16,off-avx2,yes,unset,unset,hype2,12.2.0,-O3 -Wall -Wextra -std=c++17 -fopenmp -ffp-contract=off -DOMP_EXPLICIT_SIMD=0 -fno-tree-vectorize -march=haswell,4872.737303,fcb58a627e9d9740,passed
adaptive-simd_off-avx2-t2-dynamicx16-r1-control_half_noise_6000x6000.png,2026-09-20T00:36:41Z,control_half_noise_6000x6000.png,6000,6000,Adaptive_Median,1,2,dynamic,16,off-avx2,yes,unset,unset,hype2,12.2.0,-O3 -Wall -Wextra -std=c++17 -fopenmp -ffp-contract=off -DOMP_EXPLICIT_SIMD=0 -fno-tree-vectorize -march=haswell,4892.718347,9d92a48896bfc25a,passed
adaptive-simd_off-avx2-t2-dynamicx16-r1-control_bands_256_6000x6000.png,2026-09-20T00:36:47Z,control_bands_256_6000x6000.png,6000,6000,Adaptive_Median,1,2,dynamic,16,off-avx2,yes,unset,unset,hype2,12.2.0,-O3 -Wall -Wextra -std=c++17 -fopenmp -ffp-contract=off -DOMP_EXPLICIT_SIMD=0 -fno-tree-vectorize -march=haswell,4907.625368,8f9bc97f03d5aae1,passed
adaptive-simd_omp-t2-dynamicx16-r1-sky.jpg,2026-09-20T00:36:57Z,sky.jpg,6936,9248,Adaptive_Median,1,2,dynamic,16,omp,yes,unset,unset,hype2,12.2.0,-O3 -Wall -Wextra -std=c++17 -fopenmp -ffp-contract=off -DOMP_EXPLICIT_SIMD=1,8666.299798,1e7ae9152e9643d5,passed
adaptive-simd_omp-t2-dynamicx16-r1-stars.jpg,2026-09-20T00:37:13Z,stars.jpg,12960,8640,Adaptive_Median,1,2,dynamic,16,omp,yes,unset,unset,hype2,12.2.0,-O3 -Wall -Wextra -std=c++17 -fopenmp -ffp-contract=off -DOMP_EXPLICIT_SIMD=1,13674.512221,626f977055f1c658,passed
adaptive-simd_omp-t2-dynamicx16-r1-rain_paisage.jpg,2026-09-20T00:37:41Z,rain_paisage.jpg,12288,16320,Adaptive_Median,1,2,dynamic,16,omp,yes,unset,unset,hype2,12.2.0,-O3 -Wall -Wextra -std=c++17 -fopenmp -ffp-contract=off -DOMP_EXPLICIT_SIMD=1,25545.568613,d0fdcd4b2e74abf3,passed
adaptive-simd_omp-t2-dynamicx16-r1-firework.jpg,2026-09-20T00:38:09Z,firework.jpg,11125,16688,Adaptive_Median,1,2,dynamic,16,omp,yes,unset,unset,hype2,12.2.0,-O3 -Wall -Wextra -std=c++17 -fopenmp -ffp-contract=off -DOMP_EXPLICIT_SIMD=1,24681.510606,cae2b8384ddb6aac,passed
adaptive-simd_omp-t2-dynamicx16-r1-control_smooth_6000x6000.png,2026-09-20T00:38:16Z,control_smooth_6000x6000.png,6000,6000,Adaptive_Median,1,2,dynamic,16,omp,yes,unset,unset,hype2,12.2.0,-O3 -Wall -Wextra -std=c++17 -fopenmp -ffp-contract=off -DOMP_EXPLICIT_SIMD=1,6518.338772,596e3c6929662ab9,passed
adaptive-simd_omp-t2-dynamicx16-r1-control_noise_6000x6000.png,2026-09-20T00:38:21Z,control_noise_6000x6000.png,6000,6000,Adaptive_Median,1,2,dynamic,16,omp,yes,unset,unset,hype2,12.2.0,-O3 -Wall -Wextra -std=c++17 -fopenmp -ffp-contract=off -DOMP_EXPLICIT_SIMD=1,4718.405422,fcb58a627e9d9740,passed
adaptive-simd_omp-t2-dynamicx16-r1-control_half_noise_6000x6000.png,2026-09-20T00:38:27Z,control_half_noise_6000x6000.png,6000,6000,Adaptive_Median,1,2,dynamic,16,omp,yes,unset,unset,hype2,12.2.0,-O3 -Wall -Wextra -std=c++17 -fopenmp -ffp-contract=off -DOMP_EXPLICIT_SIMD=1,4823.624832,9d92a48896bfc25a,passed
adaptive-simd_omp-t2-dynamicx16-r1-control_bands_256_6000x6000.png,2026-09-20T00:38:32Z,control_bands_256_6000x6000.png,6000,6000,Adaptive_Median,1,2,dynamic,16,omp,yes,unset,unset,hype2,12.2.0,-O3 -Wall -Wextra -std=c++17 -fopenmp -ffp-contract=off -DOMP_EXPLICIT_SIMD=1,4835.866131,8f9bc97f03d5aae1,passed
adaptive-simd_omp-avx2-t2-dynamicx16-r1-sky.jpg,2026-09-20T00:38:42Z,sky.jpg,6936,9248,Adaptive_Median,1,2,dynamic,16,omp-avx2,yes,unset,unset,hype2,12.2.0,-O3 -Wall -Wextra -std=c++17 -fopenmp -ffp-contract=off -DOMP_EXPLICIT_SIMD=1 -march=haswell,8984.784129,1e7ae9152e9643d5,passed
adaptive-simd_omp-avx2-t2-dynamicx16-r1-stars.jpg,2026-09-20T00:38:59Z,stars.jpg,12960,8640,Adaptive_Median,1,2,dynamic,16,omp-avx2,yes,unset,unset,hype2,12.2.0,-O3 -Wall -Wextra -std=c++17 -fopenmp -ffp-contract=off -DOMP_EXPLICIT_SIMD=1 -march=haswell,14367.640172,626f977055f1c658,passed
adaptive-simd_omp-avx2-t2-dynamicx16-r1-rain_paisage.jpg,2026-09-20T00:39:29Z,rain_paisage.jpg,12288,16320,Adaptive_Median,1,2,dynamic,16,omp-avx2,yes,unset,unset,hype2,12.2.0,-O3 -Wall -Wextra -std=c++17 -fopenmp -ffp-contract=off -DOMP_EXPLICIT_SIMD=1 -march=haswell,26504.236556,d0fdcd4b2e74abf3,passed
adaptive-simd_omp-avx2-t2-dynamicx16-r1-firework.jpg,2026-09-20T00:39:57Z,firework.jpg,11125,16688,Adaptive_Median,1,2,dynamic,16,omp-avx2,yes,unset,unset,hype2,12.2.0,-O3 -Wall -Wextra -std=c++17 -fopenmp -ffp-contract=off -DOMP_EXPLICIT_SIMD=1 -march=haswell,25648.866593,cae2b8384ddb6aac,passed
adaptive-simd_omp-avx2-t2-dynamicx16-r1-control_smooth_6000x6000.png,2026-09-20T00:40:04Z,control_smooth_6000x6000.png,6000,6000,Adaptive_Median,1,2,dynamic,16,omp-avx2,yes,unset,unset,hype2,12.2.0,-O3 -Wall -Wextra -std=c++17 -fopenmp -ffp-contract=off -DOMP_EXPLICIT_SIMD=1 -march=haswell,6674.823416,596e3c6929662ab9,passed
adaptive-simd_omp-avx2-t2-dynamicx16-r1-control_noise_6000x6000.png,2026-09-20T00:40:10Z,control_noise_6000x6000.png,6000,6000,Adaptive_Median,1,2,dynamic,16,omp-avx2,yes,unset,unset,hype2,12.2.0,-O3 -Wall -Wextra -std=c++17 -fopenmp -ffp-contract=off -DOMP_EXPLICIT_SIMD=1 -march=haswell,5051.833150,fcb58a627e9d9740,passed
adaptive-simd_omp-avx2-t2-dynamicx16-r1-control_half_noise_6000x6000.png,2026-09-20T00:40:15Z,control_half_noise_6000x6000.png,6000,6000,Adaptive_Median,1,2,dynamic,16,omp-avx2,yes,unset,unset,hype2,12.2.0,-O3 -Wall -Wextra -std=c++17 -fopenmp -ffp-contract=off -DOMP_EXPLICIT_SIMD=1 -march=haswell,4981.098050,9d92a48896bfc25a,passed
adaptive-simd_omp-avx2-t2-dynamicx16-r1-control_bands_256_6000x6000.png,2026-09-20T00:40:21Z,control_bands_256_6000x6000.png,6000,6000,Adaptive_Median,1,2,dynamic,16,omp-avx2,yes,unset,unset,hype2,12.2.0,-O3 -Wall -Wextra -std=c++17 -fopenmp -ffp-contract=off -DOMP_EXPLICIT_SIMD=1 -march=haswell,4997.439149,8f9bc97f03d5aae1,passed
adaptive-simd_off-avx2-t2-static-r2-sky.jpg,2026-09-20T00:40:31Z,sky.jpg,6936,9248,Adaptive_Median,2,2,static,,off-avx2,yes,unset,unset,hype2,12.2.0,-O3 -Wall -Wextra -std=c++17 -fopenmp -ffp-contract=off -DOMP_EXPLICIT_SIMD=0 -fno-tree-vectorize -march=haswell,8980.439656,1e7ae9152e9643d5,passed
adaptive-simd_off-avx2-t2-static-r2-stars.jpg,2026-09-20T00:40:48Z,stars.jpg,12960,8640,Adaptive_Median,2,2,static,,off-avx2,yes,unset,unset,hype2,12.2.0,-O3 -Wall -Wextra -std=c++17 -fopenmp -ffp-contract=off -DOMP_EXPLICIT_SIMD=0 -fno-tree-vectorize -march=haswell,14175.430737,626f977055f1c658,passed
adaptive-simd_off-avx2-t2-static-r2-rain_paisage.jpg,2026-09-20T00:41:26Z,rain_paisage.jpg,12288,16320,Adaptive_Median,2,2,static,,off-avx2,yes,unset,unset,hype2,12.2.0,-O3 -Wall -Wextra -std=c++17 -fopenmp -ffp-contract=off -DOMP_EXPLICIT_SIMD=0 -fno-tree-vectorize -march=haswell,34901.943614,d0fdcd4b2e74abf3,passed
adaptive-simd_off-avx2-t2-static-r2-firework.jpg,2026-09-20T00:41:57Z,firework.jpg,11125,16688,Adaptive_Median,2,2,static,,off-avx2,yes,unset,unset,hype2,12.2.0,-O3 -Wall -Wextra -std=c++17 -fopenmp -ffp-contract=off -DOMP_EXPLICIT_SIMD=0 -fno-tree-vectorize -march=haswell,28272.114956,cae2b8384ddb6aac,passed
adaptive-simd_off-avx2-t2-static-r2-control_smooth_6000x6000.png,2026-09-20T00:42:04Z,control_smooth_6000x6000.png,6000,6000,Adaptive_Median,2,2,static,,off-avx2,yes,unset,unset,hype2,12.2.0,-O3 -Wall -Wextra -std=c++17 -fopenmp -ffp-contract=off -DOMP_EXPLICIT_SIMD=0 -fno-tree-vectorize -march=haswell,6559.092481,596e3c6929662ab9,passed
adaptive-simd_off-avx2-t2-static-r2-control_noise_6000x6000.png,2026-09-20T00:42:09Z,control_noise_6000x6000.png,6000,6000,Adaptive_Median,2,2,static,,off-avx2,yes,unset,unset,hype2,12.2.0,-O3 -Wall -Wextra -std=c++17 -fopenmp -ffp-contract=off -DOMP_EXPLICIT_SIMD=0 -fno-tree-vectorize -march=haswell,4864.010508,fcb58a627e9d9740,passed
adaptive-simd_off-avx2-t2-static-r2-control_half_noise_6000x6000.png,2026-09-20T00:42:17Z,control_half_noise_6000x6000.png,6000,6000,Adaptive_Median,2,2,static,,off-avx2,yes,unset,unset,hype2,12.2.0,-O3 -Wall -Wextra -std=c++17 -fopenmp -ffp-contract=off -DOMP_EXPLICIT_SIMD=0 -fno-tree-vectorize -march=haswell,6665.545677,9d92a48896bfc25a,passed
adaptive-simd_off-avx2-t2-static-r2-control_bands_256_6000x6000.png,2026-09-20T00:42:22Z,control_bands_256_6000x6000.png,6000,6000,Adaptive_Median,2,2,static,,off-avx2,yes,unset,unset,hype2,12.2.0,-O3 -Wall -Wextra -std=c++17 -fopenmp -ffp-contract=off -DOMP_EXPLICIT_SIMD=0 -fno-tree-vectorize -march=haswell,4902.312142,8f9bc97f03d5aae1,passed
adaptive-simd_omp-t2-static-r2-sky.jpg,2026-09-20T00:42:32Z,sky.jpg,6936,9248,Adaptive_Median,2,2,static,,omp,yes,unset,unset,hype2,12.2.0,-O3 -Wall -Wextra -std=c++17 -fopenmp -ffp-contract=off -DOMP_EXPLICIT_SIMD=1,8817.433280,1e7ae9152e9643d5,passed
adaptive-simd_omp-t2-static-r2-stars.jpg,2026-09-20T00:42:48Z,stars.jpg,12960,8640,Adaptive_Median,2,2,static,,omp,yes,unset,unset,hype2,12.2.0,-O3 -Wall -Wextra -std=c++17 -fopenmp -ffp-contract=off -DOMP_EXPLICIT_SIMD=1,13832.148044,626f977055f1c658,passed
adaptive-simd_omp-t2-static-r2-rain_paisage.jpg,2026-09-20T00:43:26Z,rain_paisage.jpg,12288,16320,Adaptive_Median,2,2,static,,omp,yes,unset,unset,hype2,12.2.0,-O3 -Wall -Wextra -std=c++17 -fopenmp -ffp-contract=off -DOMP_EXPLICIT_SIMD=1,34292.467237,d0fdcd4b2e74abf3,passed
adaptive-simd_omp-t2-static-r2-firework.jpg,2026-09-20T00:43:56Z,firework.jpg,11125,16688,Adaptive_Median,2,2,static,,omp,yes,unset,unset,hype2,12.2.0,-O3 -Wall -Wextra -std=c++17 -fopenmp -ffp-contract=off -DOMP_EXPLICIT_SIMD=1,27694.776281,cae2b8384ddb6aac,passed
adaptive-simd_omp-t2-static-r2-control_smooth_6000x6000.png,2026-09-20T00:44:03Z,control_smooth_6000x6000.png,6000,6000,Adaptive_Median,2,2,static,,omp,yes,unset,unset,hype2,12.2.0,-O3 -Wall -Wextra -std=c++17 -fopenmp -ffp-contract=off -DOMP_EXPLICIT_SIMD=1,6615.384406,596e3c6929662ab9,passed
adaptive-simd_omp-t2-static-r2-control_noise_6000x6000.png,2026-09-20T00:44:09Z,control_noise_6000x6000.png,6000,6000,Adaptive_Median,2,2,static,,omp,yes,unset,unset,hype2,12.2.0,-O3 -Wall -Wextra -std=c++17 -fopenmp -ffp-contract=off -DOMP_EXPLICIT_SIMD=1,4707.158404,fcb58a627e9d9740,passed
adaptive-simd_omp-t2-static-r2-control_half_noise_6000x6000.png,2026-09-20T00:44:16Z,control_half_noise_6000x6000.png,6000,6000,Adaptive_Median,2,2,static,,omp,yes,unset,unset,hype2,12.2.0,-O3 -Wall -Wextra -std=c++17 -fopenmp -ffp-contract=off -DOMP_EXPLICIT_SIMD=1,6586.223170,9d92a48896bfc25a,passed
adaptive-simd_omp-t2-static-r2-control_bands_256_6000x6000.png,2026-09-20T00:44:22Z,control_bands_256_6000x6000.png,6000,6000,Adaptive_Median,2,2,static,,omp,yes,unset,unset,hype2,12.2.0,-O3 -Wall -Wextra -std=c++17 -fopenmp -ffp-contract=off -DOMP_EXPLICIT_SIMD=1,4838.278378,8f9bc97f03d5aae1,passed
adaptive-simd_omp-avx2-t2-static-r2-sky.jpg,2026-09-20T00:44:32Z,sky.jpg,6936,9248,Adaptive_Median,2,2,static,,omp-avx2,yes,unset,unset,hype2,12.2.0,-O3 -Wall -Wextra -std=c++17 -fopenmp -ffp-contract=off -DOMP_EXPLICIT_SIMD=1 -march=haswell,9127.253536,1e7ae9152e9643d5,passed
adaptive-simd_omp-avx2-t2-static-r2-stars.jpg,2026-09-20T00:44:48Z,stars.jpg,12960,8640,Adaptive_Median,2,2,static,,omp-avx2,yes,unset,unset,hype2,12.2.0,-O3 -Wall -Wextra -std=c++17 -fopenmp -ffp-contract=off -DOMP_EXPLICIT_SIMD=1 -march=haswell,14466.684653,626f977055f1c658,passed
adaptive-simd_omp-avx2-t2-static-r2-rain_paisage.jpg,2026-09-20T00:45:27Z,rain_paisage.jpg,12288,16320,Adaptive_Median,2,2,static,,omp-avx2,yes,unset,unset,hype2,12.2.0,-O3 -Wall -Wextra -std=c++17 -fopenmp -ffp-contract=off -DOMP_EXPLICIT_SIMD=1 -march=haswell,35405.478448,d0fdcd4b2e74abf3,passed
adaptive-simd_omp-avx2-t2-static-r2-firework.jpg,2026-09-20T00:45:59Z,firework.jpg,11125,16688,Adaptive_Median,2,2,static,,omp-avx2,yes,unset,unset,hype2,12.2.0,-O3 -Wall -Wextra -std=c++17 -fopenmp -ffp-contract=off -DOMP_EXPLICIT_SIMD=1 -march=haswell,28749.026137,cae2b8384ddb6aac,passed
adaptive-simd_omp-avx2-t2-static-r2-control_smooth_6000x6000.png,2026-09-20T00:46:06Z,control_smooth_6000x6000.png,6000,6000,Adaptive_Median,2,2,static,,omp-avx2,yes,unset,unset,hype2,12.2.0,-O3 -Wall -Wextra -std=c++17 -fopenmp -ffp-contract=off -DOMP_EXPLICIT_SIMD=1 -march=haswell,6649.424306,596e3c6929662ab9,passed
adaptive-simd_omp-avx2-t2-static-r2-control_noise_6000x6000.png,2026-09-20T00:46:11Z,control_noise_6000x6000.png,6000,6000,Adaptive_Median,2,2,static,,omp-avx2,yes,unset,unset,hype2,12.2.0,-O3 -Wall -Wextra -std=c++17 -fopenmp -ffp-contract=off -DOMP_EXPLICIT_SIMD=1 -march=haswell,4994.314726,fcb58a627e9d9740,passed
adaptive-simd_omp-avx2-t2-static-r2-control_half_noise_6000x6000.png,2026-09-20T00:46:19Z,control_half_noise_6000x6000.png,6000,6000,Adaptive_Median,2,2,static,,omp-avx2,yes,unset,unset,hype2,12.2.0,-O3 -Wall -Wextra -std=c++17 -fopenmp -ffp-contract=off -DOMP_EXPLICIT_SIMD=1 -march=haswell,6784.548062,9d92a48896bfc25a,passed
adaptive-simd_omp-avx2-t2-static-r2-control_bands_256_6000x6000.png,2026-09-20T00:46:24Z,control_bands_256_6000x6000.png,6000,6000,Adaptive_Median,2,2,static,,omp-avx2,yes,unset,unset,hype2,12.2.0,-O3 -Wall -Wextra -std=c++17 -fopenmp -ffp-contract=off -DOMP_EXPLICIT_SIMD=1 -march=haswell,4982.537076,8f9bc97f03d5aae1,passed
adaptive-simd_off-t2-dynamicx16-r2-sky.jpg,2026-09-20T00:46:34Z,sky.jpg,6936,9248,Adaptive_Median,2,2,dynamic,16,off,yes,unset,unset,hype2,12.2.0,-O3 -Wall -Wextra -std=c++17 -fopenmp -ffp-contract=off -DOMP_EXPLICIT_SIMD=0 -fno-tree-vectorize,8442.448549,1e7ae9152e9643d5,passed
adaptive-simd_off-t2-dynamicx16-r2-stars.jpg,2026-09-20T00:46:49Z,stars.jpg,12960,8640,Adaptive_Median,2,2,dynamic,16,off,yes,unset,unset,hype2,12.2.0,-O3 -Wall -Wextra -std=c++17 -fopenmp -ffp-contract=off -DOMP_EXPLICIT_SIMD=0 -fno-tree-vectorize,13325.020779,626f977055f1c658,passed
adaptive-simd_off-t2-dynamicx16-r2-rain_paisage.jpg,2026-09-20T00:47:18Z,rain_paisage.jpg,12288,16320,Adaptive_Median,2,2,dynamic,16,off,yes,unset,unset,hype2,12.2.0,-O3 -Wall -Wextra -std=c++17 -fopenmp -ffp-contract=off -DOMP_EXPLICIT_SIMD=0 -fno-tree-vectorize,25032.840369,d0fdcd4b2e74abf3,passed
adaptive-simd_off-t2-dynamicx16-r2-firework.jpg,2026-09-20T00:47:45Z,firework.jpg,11125,16688,Adaptive_Median,2,2,dynamic,16,off,yes,unset,unset,hype2,12.2.0,-O3 -Wall -Wextra -std=c++17 -fopenmp -ffp-contract=off -DOMP_EXPLICIT_SIMD=0 -fno-tree-vectorize,24114.985734,cae2b8384ddb6aac,passed
adaptive-simd_off-t2-dynamicx16-r2-control_smooth_6000x6000.png,2026-09-20T00:47:51Z,control_smooth_6000x6000.png,6000,6000,Adaptive_Median,2,2,dynamic,16,off,yes,unset,unset,hype2,12.2.0,-O3 -Wall -Wextra -std=c++17 -fopenmp -ffp-contract=off -DOMP_EXPLICIT_SIMD=0 -fno-tree-vectorize,6374.765581,596e3c6929662ab9,passed
adaptive-simd_off-t2-dynamicx16-r2-control_noise_6000x6000.png,2026-09-20T00:47:57Z,control_noise_6000x6000.png,6000,6000,Adaptive_Median,2,2,dynamic,16,off,yes,unset,unset,hype2,12.2.0,-O3 -Wall -Wextra -std=c++17 -fopenmp -ffp-contract=off -DOMP_EXPLICIT_SIMD=0 -fno-tree-vectorize,4618.629973,fcb58a627e9d9740,passed
adaptive-simd_off-t2-dynamicx16-r2-control_half_noise_6000x6000.png,2026-09-20T00:48:02Z,control_half_noise_6000x6000.png,6000,6000,Adaptive_Median,2,2,dynamic,16,off,yes,unset,unset,hype2,12.2.0,-O3 -Wall -Wextra -std=c++17 -fopenmp -ffp-contract=off -DOMP_EXPLICIT_SIMD=0 -fno-tree-vectorize,4714.898428,9d92a48896bfc25a,passed
adaptive-simd_off-t2-dynamicx16-r2-control_bands_256_6000x6000.png,2026-09-20T00:48:08Z,control_bands_256_6000x6000.png,6000,6000,Adaptive_Median,2,2,dynamic,16,off,yes,unset,unset,hype2,12.2.0,-O3 -Wall -Wextra -std=c++17 -fopenmp -ffp-contract=off -DOMP_EXPLICIT_SIMD=0 -fno-tree-vectorize,4711.449935,8f9bc97f03d5aae1,passed
adaptive-simd_off-avx2-t2-dynamicx16-r2-sky.jpg,2026-09-20T00:48:17Z,sky.jpg,6936,9248,Adaptive_Median,2,2,dynamic,16,off-avx2,yes,unset,unset,hype2,12.2.0,-O3 -Wall -Wextra -std=c++17 -fopenmp -ffp-contract=off -DOMP_EXPLICIT_SIMD=0 -fno-tree-vectorize -march=haswell,8800.468954,1e7ae9152e9643d5,passed
adaptive-simd_off-avx2-t2-dynamicx16-r2-stars.jpg,2026-09-20T00:48:34Z,stars.jpg,12960,8640,Adaptive_Median,2,2,dynamic,16,off-avx2,yes,unset,unset,hype2,12.2.0,-O3 -Wall -Wextra -std=c++17 -fopenmp -ffp-contract=off -DOMP_EXPLICIT_SIMD=0 -fno-tree-vectorize -march=haswell,13993.250545,626f977055f1c658,passed
adaptive-simd_off-avx2-t2-dynamicx16-r2-rain_paisage.jpg,2026-09-20T00:49:03Z,rain_paisage.jpg,12288,16320,Adaptive_Median,2,2,dynamic,16,off-avx2,yes,unset,unset,hype2,12.2.0,-O3 -Wall -Wextra -std=c++17 -fopenmp -ffp-contract=off -DOMP_EXPLICIT_SIMD=0 -fno-tree-vectorize -march=haswell,26145.761027,d0fdcd4b2e74abf3,passed
adaptive-simd_off-avx2-t2-dynamicx16-r2-firework.jpg,2026-09-20T00:49:31Z,firework.jpg,11125,16688,Adaptive_Median,2,2,dynamic,16,off-avx2,yes,unset,unset,hype2,12.2.0,-O3 -Wall -Wextra -std=c++17 -fopenmp -ffp-contract=off -DOMP_EXPLICIT_SIMD=0 -fno-tree-vectorize -march=haswell,25181.136040,cae2b8384ddb6aac,passed
adaptive-simd_off-avx2-t2-dynamicx16-r2-control_smooth_6000x6000.png,2026-09-20T00:49:38Z,control_smooth_6000x6000.png,6000,6000,Adaptive_Median,2,2,dynamic,16,off-avx2,yes,unset,unset,hype2,12.2.0,-O3 -Wall -Wextra -std=c++17 -fopenmp -ffp-contract=off -DOMP_EXPLICIT_SIMD=0 -fno-tree-vectorize -march=haswell,6561.257469,596e3c6929662ab9,passed
adaptive-simd_off-avx2-t2-dynamicx16-r2-control_noise_6000x6000.png,2026-09-20T00:49:44Z,control_noise_6000x6000.png,6000,6000,Adaptive_Median,2,2,dynamic,16,off-avx2,yes,unset,unset,hype2,12.2.0,-O3 -Wall -Wextra -std=c++17 -fopenmp -ffp-contract=off -DOMP_EXPLICIT_SIMD=0 -fno-tree-vectorize -march=haswell,4868.357509,fcb58a627e9d9740,passed
adaptive-simd_off-avx2-t2-dynamicx16-r2-control_half_noise_6000x6000.png,2026-09-20T00:49:49Z,control_half_noise_6000x6000.png,6000,6000,Adaptive_Median,2,2,dynamic,16,off-avx2,yes,unset,unset,hype2,12.2.0,-O3 -Wall -Wextra -std=c++17 -fopenmp -ffp-contract=off -DOMP_EXPLICIT_SIMD=0 -fno-tree-vectorize -march=haswell,4881.778184,9d92a48896bfc25a,passed
adaptive-simd_off-avx2-t2-dynamicx16-r2-control_bands_256_6000x6000.png,2026-09-20T00:49:55Z,control_bands_256_6000x6000.png,6000,6000,Adaptive_Median,2,2,dynamic,16,off-avx2,yes,unset,unset,hype2,12.2.0,-O3 -Wall -Wextra -std=c++17 -fopenmp -ffp-contract=off -DOMP_EXPLICIT_SIMD=0 -fno-tree-vectorize -march=haswell,4898.806976,8f9bc97f03d5aae1,passed
adaptive-simd_omp-t2-dynamicx16-r2-sky.jpg,2026-09-20T00:50:05Z,sky.jpg,6936,9248,Adaptive_Median,2,2,dynamic,16,omp,yes,unset,unset,hype2,12.2.0,-O3 -Wall -Wextra -std=c++17 -fopenmp -ffp-contract=off -DOMP_EXPLICIT_SIMD=1,8656.167796,1e7ae9152e9643d5,passed
adaptive-simd_omp-t2-dynamicx16-r2-stars.jpg,2026-09-20T00:50:20Z,stars.jpg,12960,8640,Adaptive_Median,2,2,dynamic,16,omp,yes,unset,unset,hype2,12.2.0,-O3 -Wall -Wextra -std=c++17 -fopenmp -ffp-contract=off -DOMP_EXPLICIT_SIMD=1,13656.983488,626f977055f1c658,passed
adaptive-simd_omp-t2-dynamicx16-r2-rain_paisage.jpg,2026-09-20T00:50:49Z,rain_paisage.jpg,12288,16320,Adaptive_Median,2,2,dynamic,16,omp,yes,unset,unset,hype2,12.2.0,-O3 -Wall -Wextra -std=c++17 -fopenmp -ffp-contract=off -DOMP_EXPLICIT_SIMD=1,25521.045277,d0fdcd4b2e74abf3,passed
adaptive-simd_omp-t2-dynamicx16-r2-firework.jpg,2026-09-20T00:51:17Z,firework.jpg,11125,16688,Adaptive_Median,2,2,dynamic,16,omp,yes,unset,unset,hype2,12.2.0,-O3 -Wall -Wextra -std=c++17 -fopenmp -ffp-contract=off -DOMP_EXPLICIT_SIMD=1,24687.245088,cae2b8384ddb6aac,passed
adaptive-simd_omp-t2-dynamicx16-r2-control_smooth_6000x6000.png,2026-09-20T00:51:24Z,control_smooth_6000x6000.png,6000,6000,Adaptive_Median,2,2,dynamic,16,omp,yes,unset,unset,hype2,12.2.0,-O3 -Wall -Wextra -std=c++17 -fopenmp -ffp-contract=off -DOMP_EXPLICIT_SIMD=1,6511.726841,596e3c6929662ab9,passed
adaptive-simd_omp-t2-dynamicx16-r2-control_noise_6000x6000.png,2026-09-20T00:51:29Z,control_noise_6000x6000.png,6000,6000,Adaptive_Median,2,2,dynamic,16,omp,yes,unset,unset,hype2,12.2.0,-O3 -Wall -Wextra -std=c++17 -fopenmp -ffp-contract=off -DOMP_EXPLICIT_SIMD=1,4713.477962,fcb58a627e9d9740,passed
adaptive-simd_omp-t2-dynamicx16-r2-control_half_noise_6000x6000.png,2026-09-20T00:51:34Z,control_half_noise_6000x6000.png,6000,6000,Adaptive_Median,2,2,dynamic,16,omp,yes,unset,unset,hype2,12.2.0,-O3 -Wall -Wextra -std=c++17 -fopenmp -ffp-contract=off -DOMP_EXPLICIT_SIMD=1,4818.340515,9d92a48896bfc25a,passed
adaptive-simd_omp-t2-dynamicx16-r2-control_bands_256_6000x6000.png,2026-09-20T00:51:40Z,control_bands_256_6000x6000.png,6000,6000,Adaptive_Median,2,2,dynamic,16,omp,yes,unset,unset,hype2,12.2.0,-O3 -Wall -Wextra -std=c++17 -fopenmp -ffp-contract=off -DOMP_EXPLICIT_SIMD=1,4872.524110,8f9bc97f03d5aae1,passed
adaptive-simd_omp-avx2-t2-dynamicx16-r2-sky.jpg,2026-09-20T00:51:50Z,sky.jpg,6936,9248,Adaptive_Median,2,2,dynamic,16,omp-avx2,yes,unset,unset,hype2,12.2.0,-O3 -Wall -Wextra -std=c++17 -fopenmp -ffp-contract=off -DOMP_EXPLICIT_SIMD=1 -march=haswell,8988.523184,1e7ae9152e9643d5,passed
adaptive-simd_omp-avx2-t2-dynamicx16-r2-stars.jpg,2026-09-20T00:52:07Z,stars.jpg,12960,8640,Adaptive_Median,2,2,dynamic,16,omp-avx2,yes,unset,unset,hype2,12.2.0,-O3 -Wall -Wextra -std=c++17 -fopenmp -ffp-contract=off -DOMP_EXPLICIT_SIMD=1 -march=haswell,14294.138694,626f977055f1c658,passed
adaptive-simd_omp-avx2-t2-dynamicx16-r2-rain_paisage.jpg,2026-09-20T00:52:36Z,rain_paisage.jpg,12288,16320,Adaptive_Median,2,2,dynamic,16,omp-avx2,yes,unset,unset,hype2,12.2.0,-O3 -Wall -Wextra -std=c++17 -fopenmp -ffp-contract=off -DOMP_EXPLICIT_SIMD=1 -march=haswell,26444.591184,d0fdcd4b2e74abf3,passed
adaptive-simd_omp-avx2-t2-dynamicx16-r2-firework.jpg,2026-09-20T00:53:05Z,firework.jpg,11125,16688,Adaptive_Median,2,2,dynamic,16,omp-avx2,yes,unset,unset,hype2,12.2.0,-O3 -Wall -Wextra -std=c++17 -fopenmp -ffp-contract=off -DOMP_EXPLICIT_SIMD=1 -march=haswell,25617.575167,cae2b8384ddb6aac,passed
adaptive-simd_omp-avx2-t2-dynamicx16-r2-control_smooth_6000x6000.png,2026-09-20T00:53:12Z,control_smooth_6000x6000.png,6000,6000,Adaptive_Median,2,2,dynamic,16,omp-avx2,yes,unset,unset,hype2,12.2.0,-O3 -Wall -Wextra -std=c++17 -fopenmp -ffp-contract=off -DOMP_EXPLICIT_SIMD=1 -march=haswell,6650.789841,596e3c6929662ab9,passed
adaptive-simd_omp-avx2-t2-dynamicx16-r2-control_noise_6000x6000.png,2026-09-20T00:53:17Z,control_noise_6000x6000.png,6000,6000,Adaptive_Median,2,2,dynamic,16,omp-avx2,yes,unset,unset,hype2,12.2.0,-O3 -Wall -Wextra -std=c++17 -fopenmp -ffp-contract=off -DOMP_EXPLICIT_SIMD=1 -march=haswell,5006.911858,fcb58a627e9d9740,passed
adaptive-simd_omp-avx2-t2-dynamicx16-r2-control_half_noise_6000x6000.png,2026-09-20T00:53:23Z,control_half_noise_6000x6000.png,6000,6000,Adaptive_Median,2,2,dynamic,16,omp-avx2,yes,unset,unset,hype2,12.2.0,-O3 -Wall -Wextra -std=c++17 -fopenmp -ffp-contract=off -DOMP_EXPLICIT_SIMD=1 -march=haswell,4971.463930,9d92a48896bfc25a,passed
adaptive-simd_omp-avx2-t2-dynamicx16-r2-control_bands_256_6000x6000.png,2026-09-20T00:53:29Z,control_bands_256_6000x6000.png,6000,6000,Adaptive_Median,2,2,dynamic,16,omp-avx2,yes,unset,unset,hype2,12.2.0,-O3 -Wall -Wextra -std=c++17 -fopenmp -ffp-contract=off -DOMP_EXPLICIT_SIMD=1 -march=haswell,4988.250440,8f9bc97f03d5aae1,passed
adaptive-simd_off-t2-static-r2-sky.jpg,2026-09-20T00:53:38Z,sky.jpg,6936,9248,Adaptive_Median,2,2,static,,off,yes,unset,unset,hype2,12.2.0,-O3 -Wall -Wextra -std=c++17 -fopenmp -ffp-contract=off -DOMP_EXPLICIT_SIMD=0 -fno-tree-vectorize,8587.380861,1e7ae9152e9643d5,passed
adaptive-simd_off-t2-static-r2-stars.jpg,2026-09-20T00:53:54Z,stars.jpg,12960,8640,Adaptive_Median,2,2,static,,off,yes,unset,unset,hype2,12.2.0,-O3 -Wall -Wextra -std=c++17 -fopenmp -ffp-contract=off -DOMP_EXPLICIT_SIMD=0 -fno-tree-vectorize,13479.739740,626f977055f1c658,passed
adaptive-simd_off-t2-static-r2-rain_paisage.jpg,2026-09-20T00:54:31Z,rain_paisage.jpg,12288,16320,Adaptive_Median,2,2,static,,off,yes,unset,unset,hype2,12.2.0,-O3 -Wall -Wextra -std=c++17 -fopenmp -ffp-contract=off -DOMP_EXPLICIT_SIMD=0 -fno-tree-vectorize,33696.952206,d0fdcd4b2e74abf3,passed
adaptive-simd_off-t2-static-r2-firework.jpg,2026-09-20T00:55:01Z,firework.jpg,11125,16688,Adaptive_Median,2,2,static,,off,yes,unset,unset,hype2,12.2.0,-O3 -Wall -Wextra -std=c++17 -fopenmp -ffp-contract=off -DOMP_EXPLICIT_SIMD=0 -fno-tree-vectorize,27202.374801,cae2b8384ddb6aac,passed
adaptive-simd_off-t2-static-r2-control_smooth_6000x6000.png,2026-09-20T00:55:08Z,control_smooth_6000x6000.png,6000,6000,Adaptive_Median,2,2,static,,off,yes,unset,unset,hype2,12.2.0,-O3 -Wall -Wextra -std=c++17 -fopenmp -ffp-contract=off -DOMP_EXPLICIT_SIMD=0 -fno-tree-vectorize,6367.337525,596e3c6929662ab9,passed
adaptive-simd_off-t2-static-r2-control_noise_6000x6000.png,2026-09-20T00:55:13Z,control_noise_6000x6000.png,6000,6000,Adaptive_Median,2,2,static,,off,yes,unset,unset,hype2,12.2.0,-O3 -Wall -Wextra -std=c++17 -fopenmp -ffp-contract=off -DOMP_EXPLICIT_SIMD=0 -fno-tree-vectorize,4607.680172,fcb58a627e9d9740,passed
adaptive-simd_off-t2-static-r2-control_half_noise_6000x6000.png,2026-09-20T00:55:20Z,control_half_noise_6000x6000.png,6000,6000,Adaptive_Median,2,2,static,,off,yes,unset,unset,hype2,12.2.0,-O3 -Wall -Wextra -std=c++17 -fopenmp -ffp-contract=off -DOMP_EXPLICIT_SIMD=0 -fno-tree-vectorize,6459.686581,9d92a48896bfc25a,passed
adaptive-simd_off-t2-static-r2-control_bands_256_6000x6000.png,2026-09-20T00:55:26Z,control_bands_256_6000x6000.png,6000,6000,Adaptive_Median,2,2,static,,off,yes,unset,unset,hype2,12.2.0,-O3 -Wall -Wextra -std=c++17 -fopenmp -ffp-contract=off -DOMP_EXPLICIT_SIMD=0 -fno-tree-vectorize,4698.771273,8f9bc97f03d5aae1,passed
adaptive-simd_omp-t2-static-r3-sky.jpg,2026-09-20T00:55:36Z,sky.jpg,6936,9248,Adaptive_Median,3,2,static,,omp,yes,unset,unset,hype2,12.2.0,-O3 -Wall -Wextra -std=c++17 -fopenmp -ffp-contract=off -DOMP_EXPLICIT_SIMD=1,8810.703973,1e7ae9152e9643d5,passed
adaptive-simd_omp-t2-static-r3-stars.jpg,2026-09-20T00:55:52Z,stars.jpg,12960,8640,Adaptive_Median,3,2,static,,omp,yes,unset,unset,hype2,12.2.0,-O3 -Wall -Wextra -std=c++17 -fopenmp -ffp-contract=off -DOMP_EXPLICIT_SIMD=1,14010.416103,626f977055f1c658,passed
adaptive-simd_omp-t2-static-r3-rain_paisage.jpg,2026-09-20T00:56:29Z,rain_paisage.jpg,12288,16320,Adaptive_Median,3,2,static,,omp,yes,unset,unset,hype2,12.2.0,-O3 -Wall -Wextra -std=c++17 -fopenmp -ffp-contract=off -DOMP_EXPLICIT_SIMD=1,34161.117859,d0fdcd4b2e74abf3,passed
adaptive-simd_omp-t2-static-r3-firework.jpg,2026-09-20T00:57:00Z,firework.jpg,11125,16688,Adaptive_Median,3,2,static,,omp,yes,unset,unset,hype2,12.2.0,-O3 -Wall -Wextra -std=c++17 -fopenmp -ffp-contract=off -DOMP_EXPLICIT_SIMD=1,27692.932271,cae2b8384ddb6aac,passed
adaptive-simd_omp-t2-static-r3-control_smooth_6000x6000.png,2026-09-20T00:57:07Z,control_smooth_6000x6000.png,6000,6000,Adaptive_Median,3,2,static,,omp,yes,unset,unset,hype2,12.2.0,-O3 -Wall -Wextra -std=c++17 -fopenmp -ffp-contract=off -DOMP_EXPLICIT_SIMD=1,6511.575680,596e3c6929662ab9,passed
adaptive-simd_omp-t2-static-r3-control_noise_6000x6000.png,2026-09-20T00:57:12Z,control_noise_6000x6000.png,6000,6000,Adaptive_Median,3,2,static,,omp,yes,unset,unset,hype2,12.2.0,-O3 -Wall -Wextra -std=c++17 -fopenmp -ffp-contract=off -DOMP_EXPLICIT_SIMD=1,4700.662315,fcb58a627e9d9740,passed
adaptive-simd_omp-t2-static-r3-control_half_noise_6000x6000.png,2026-09-20T00:57:19Z,control_half_noise_6000x6000.png,6000,6000,Adaptive_Median,3,2,static,,omp,yes,unset,unset,hype2,12.2.0,-O3 -Wall -Wextra -std=c++17 -fopenmp -ffp-contract=off -DOMP_EXPLICIT_SIMD=1,6585.637530,9d92a48896bfc25a,passed
adaptive-simd_omp-t2-static-r3-control_bands_256_6000x6000.png,2026-09-20T00:57:25Z,control_bands_256_6000x6000.png,6000,6000,Adaptive_Median,3,2,static,,omp,yes,unset,unset,hype2,12.2.0,-O3 -Wall -Wextra -std=c++17 -fopenmp -ffp-contract=off -DOMP_EXPLICIT_SIMD=1,4881.841278,8f9bc97f03d5aae1,passed
adaptive-simd_omp-avx2-t2-static-r3-sky.jpg,2026-09-20T00:57:35Z,sky.jpg,6936,9248,Adaptive_Median,3,2,static,,omp-avx2,yes,unset,unset,hype2,12.2.0,-O3 -Wall -Wextra -std=c++17 -fopenmp -ffp-contract=off -DOMP_EXPLICIT_SIMD=1 -march=haswell,9116.995117,1e7ae9152e9643d5,passed
adaptive-simd_omp-avx2-t2-static-r3-stars.jpg,2026-09-20T00:57:52Z,stars.jpg,12960,8640,Adaptive_Median,3,2,static,,omp-avx2,yes,unset,unset,hype2,12.2.0,-O3 -Wall -Wextra -std=c++17 -fopenmp -ffp-contract=off -DOMP_EXPLICIT_SIMD=1 -march=haswell,14451.453089,626f977055f1c658,passed
adaptive-simd_omp-avx2-t2-static-r3-rain_paisage.jpg,2026-09-20T00:58:30Z,rain_paisage.jpg,12288,16320,Adaptive_Median,3,2,static,,omp-avx2,yes,unset,unset,hype2,12.2.0,-O3 -Wall -Wextra -std=c++17 -fopenmp -ffp-contract=off -DOMP_EXPLICIT_SIMD=1 -march=haswell,35224.259596,d0fdcd4b2e74abf3,passed
adaptive-simd_omp-avx2-t2-static-r3-firework.jpg,2026-09-20T00:59:02Z,firework.jpg,11125,16688,Adaptive_Median,3,2,static,,omp-avx2,yes,unset,unset,hype2,12.2.0,-O3 -Wall -Wextra -std=c++17 -fopenmp -ffp-contract=off -DOMP_EXPLICIT_SIMD=1 -march=haswell,28723.726056,cae2b8384ddb6aac,passed
adaptive-simd_omp-avx2-t2-static-r3-control_smooth_6000x6000.png,2026-09-20T00:59:09Z,control_smooth_6000x6000.png,6000,6000,Adaptive_Median,3,2,static,,omp-avx2,yes,unset,unset,hype2,12.2.0,-O3 -Wall -Wextra -std=c++17 -fopenmp -ffp-contract=off -DOMP_EXPLICIT_SIMD=1 -march=haswell,6644.944336,596e3c6929662ab9,passed
adaptive-simd_omp-avx2-t2-static-r3-control_noise_6000x6000.png,2026-09-20T00:59:14Z,control_noise_6000x6000.png,6000,6000,Adaptive_Median,3,2,static,,omp-avx2,yes,unset,unset,hype2,12.2.0,-O3 -Wall -Wextra -std=c++17 -fopenmp -ffp-contract=off -DOMP_EXPLICIT_SIMD=1 -march=haswell,4994.419508,fcb58a627e9d9740,passed
adaptive-simd_omp-avx2-t2-static-r3-control_half_noise_6000x6000.png,2026-09-20T00:59:22Z,control_half_noise_6000x6000.png,6000,6000,Adaptive_Median,3,2,static,,omp-avx2,yes,unset,unset,hype2,12.2.0,-O3 -Wall -Wextra -std=c++17 -fopenmp -ffp-contract=off -DOMP_EXPLICIT_SIMD=1 -march=haswell,6784.973796,9d92a48896bfc25a,passed
adaptive-simd_omp-avx2-t2-static-r3-control_bands_256_6000x6000.png,2026-09-20T00:59:28Z,control_bands_256_6000x6000.png,6000,6000,Adaptive_Median,3,2,static,,omp-avx2,yes,unset,unset,hype2,12.2.0,-O3 -Wall -Wextra -std=c++17 -fopenmp -ffp-contract=off -DOMP_EXPLICIT_SIMD=1 -march=haswell,4987.251371,8f9bc97f03d5aae1,passed
adaptive-simd_off-t2-dynamicx16-r3-sky.jpg,2026-09-20T00:59:37Z,sky.jpg,6936,9248,Adaptive_Median,3,2,dynamic,16,off,yes,unset,unset,hype2,12.2.0,-O3 -Wall -Wextra -std=c++17 -fopenmp -ffp-contract=off -DOMP_EXPLICIT_SIMD=0 -fno-tree-vectorize,8441.888660,1e7ae9152e9643d5,passed
adaptive-simd_off-t2-dynamicx16-r3-stars.jpg,2026-09-20T00:59:53Z,stars.jpg,12960,8640,Adaptive_Median,3,2,dynamic,16,off,yes,unset,unset,hype2,12.2.0,-O3 -Wall -Wextra -std=c++17 -fopenmp -ffp-contract=off -DOMP_EXPLICIT_SIMD=0 -fno-tree-vectorize,13317.890290,626f977055f1c658,passed
adaptive-simd_off-t2-dynamicx16-r3-rain_paisage.jpg,2026-09-20T01:00:21Z,rain_paisage.jpg,12288,16320,Adaptive_Median,3,2,dynamic,16,off,yes,unset,unset,hype2,12.2.0,-O3 -Wall -Wextra -std=c++17 -fopenmp -ffp-contract=off -DOMP_EXPLICIT_SIMD=0 -fno-tree-vectorize,25033.960932,d0fdcd4b2e74abf3,passed
adaptive-simd_off-t2-dynamicx16-r3-firework.jpg,2026-09-20T01:00:48Z,firework.jpg,11125,16688,Adaptive_Median,3,2,dynamic,16,off,yes,unset,unset,hype2,12.2.0,-O3 -Wall -Wextra -std=c++17 -fopenmp -ffp-contract=off -DOMP_EXPLICIT_SIMD=0 -fno-tree-vectorize,24111.339956,cae2b8384ddb6aac,passed
adaptive-simd_off-t2-dynamicx16-r3-control_smooth_6000x6000.png,2026-09-20T01:00:55Z,control_smooth_6000x6000.png,6000,6000,Adaptive_Median,3,2,dynamic,16,off,yes,unset,unset,hype2,12.2.0,-O3 -Wall -Wextra -std=c++17 -fopenmp -ffp-contract=off -DOMP_EXPLICIT_SIMD=0 -fno-tree-vectorize,6374.312905,596e3c6929662ab9,passed
adaptive-simd_off-t2-dynamicx16-r3-control_noise_6000x6000.png,2026-09-20T01:01:00Z,control_noise_6000x6000.png,6000,6000,Adaptive_Median,3,2,dynamic,16,off,yes,unset,unset,hype2,12.2.0,-O3 -Wall -Wextra -std=c++17 -fopenmp -ffp-contract=off -DOMP_EXPLICIT_SIMD=0 -fno-tree-vectorize,4615.661798,fcb58a627e9d9740,passed
adaptive-simd_off-t2-dynamicx16-r3-control_half_noise_6000x6000.png,2026-09-20T01:01:05Z,control_half_noise_6000x6000.png,6000,6000,Adaptive_Median,3,2,dynamic,16,off,yes,unset,unset,hype2,12.2.0,-O3 -Wall -Wextra -std=c++17 -fopenmp -ffp-contract=off -DOMP_EXPLICIT_SIMD=0 -fno-tree-vectorize,4688.025684,9d92a48896bfc25a,passed
adaptive-simd_off-t2-dynamicx16-r3-control_bands_256_6000x6000.png,2026-09-20T01:01:11Z,control_bands_256_6000x6000.png,6000,6000,Adaptive_Median,3,2,dynamic,16,off,yes,unset,unset,hype2,12.2.0,-O3 -Wall -Wextra -std=c++17 -fopenmp -ffp-contract=off -DOMP_EXPLICIT_SIMD=0 -fno-tree-vectorize,4713.279143,8f9bc97f03d5aae1,passed
adaptive-simd_off-avx2-t2-dynamicx16-r3-sky.jpg,2026-09-20T01:01:21Z,sky.jpg,6936,9248,Adaptive_Median,3,2,dynamic,16,off-avx2,yes,unset,unset,hype2,12.2.0,-O3 -Wall -Wextra -std=c++17 -fopenmp -ffp-contract=off -DOMP_EXPLICIT_SIMD=0 -fno-tree-vectorize -march=haswell,8794.224596,1e7ae9152e9643d5,passed
adaptive-simd_off-avx2-t2-dynamicx16-r3-stars.jpg,2026-09-20T01:01:37Z,stars.jpg,12960,8640,Adaptive_Median,3,2,dynamic,16,off-avx2,yes,unset,unset,hype2,12.2.0,-O3 -Wall -Wextra -std=c++17 -fopenmp -ffp-contract=off -DOMP_EXPLICIT_SIMD=0 -fno-tree-vectorize -march=haswell,13976.775231,626f977055f1c658,passed
adaptive-simd_off-avx2-t2-dynamicx16-r3-rain_paisage.jpg,2026-09-20T01:02:06Z,rain_paisage.jpg,12288,16320,Adaptive_Median,3,2,dynamic,16,off-avx2,yes,unset,unset,hype2,12.2.0,-O3 -Wall -Wextra -std=c++17 -fopenmp -ffp-contract=off -DOMP_EXPLICIT_SIMD=0 -fno-tree-vectorize -march=haswell,26136.892960,d0fdcd4b2e74abf3,passed
adaptive-simd_off-avx2-t2-dynamicx16-r3-firework.jpg,2026-09-20T01:02:34Z,firework.jpg,11125,16688,Adaptive_Median,3,2,dynamic,16,off-avx2,yes,unset,unset,hype2,12.2.0,-O3 -Wall -Wextra -std=c++17 -fopenmp -ffp-contract=off -DOMP_EXPLICIT_SIMD=0 -fno-tree-vectorize -march=haswell,25186.650652,cae2b8384ddb6aac,passed
adaptive-simd_off-avx2-t2-dynamicx16-r3-control_smooth_6000x6000.png,2026-09-20T01:02:41Z,control_smooth_6000x6000.png,6000,6000,Adaptive_Median,3,2,dynamic,16,off-avx2,yes,unset,unset,hype2,12.2.0,-O3 -Wall -Wextra -std=c++17 -fopenmp -ffp-contract=off -DOMP_EXPLICIT_SIMD=0 -fno-tree-vectorize -march=haswell,6568.072930,596e3c6929662ab9,passed
adaptive-simd_off-avx2-t2-dynamicx16-r3-control_noise_6000x6000.png,2026-09-20T01:02:47Z,control_noise_6000x6000.png,6000,6000,Adaptive_Median,3,2,dynamic,16,off-avx2,yes,unset,unset,hype2,12.2.0,-O3 -Wall -Wextra -std=c++17 -fopenmp -ffp-contract=off -DOMP_EXPLICIT_SIMD=0 -fno-tree-vectorize -march=haswell,4869.409969,fcb58a627e9d9740,passed
adaptive-simd_off-avx2-t2-dynamicx16-r3-control_half_noise_6000x6000.png,2026-09-20T01:02:52Z,control_half_noise_6000x6000.png,6000,6000,Adaptive_Median,3,2,dynamic,16,off-avx2,yes,unset,unset,hype2,12.2.0,-O3 -Wall -Wextra -std=c++17 -fopenmp -ffp-contract=off -DOMP_EXPLICIT_SIMD=0 -fno-tree-vectorize -march=haswell,4883.349228,9d92a48896bfc25a,passed
adaptive-simd_off-avx2-t2-dynamicx16-r3-control_bands_256_6000x6000.png,2026-09-20T01:02:58Z,control_bands_256_6000x6000.png,6000,6000,Adaptive_Median,3,2,dynamic,16,off-avx2,yes,unset,unset,hype2,12.2.0,-O3 -Wall -Wextra -std=c++17 -fopenmp -ffp-contract=off -DOMP_EXPLICIT_SIMD=0 -fno-tree-vectorize -march=haswell,4917.607130,8f9bc97f03d5aae1,passed
adaptive-simd_omp-t2-dynamicx16-r3-sky.jpg,2026-09-20T01:03:08Z,sky.jpg,6936,9248,Adaptive_Median,3,2,dynamic,16,omp,yes,unset,unset,hype2,12.2.0,-O3 -Wall -Wextra -std=c++17 -fopenmp -ffp-contract=off -DOMP_EXPLICIT_SIMD=1,8650.195059,1e7ae9152e9643d5,passed
adaptive-simd_omp-t2-dynamicx16-r3-stars.jpg,2026-09-20T01:03:24Z,stars.jpg,12960,8640,Adaptive_Median,3,2,dynamic,16,omp,yes,unset,unset,hype2,12.2.0,-O3 -Wall -Wextra -std=c++17 -fopenmp -ffp-contract=off -DOMP_EXPLICIT_SIMD=1,13660.309509,626f977055f1c658,passed
adaptive-simd_omp-t2-dynamicx16-r3-rain_paisage.jpg,2026-09-20T01:03:52Z,rain_paisage.jpg,12288,16320,Adaptive_Median,3,2,dynamic,16,omp,yes,unset,unset,hype2,12.2.0,-O3 -Wall -Wextra -std=c++17 -fopenmp -ffp-contract=off -DOMP_EXPLICIT_SIMD=1,25531.034888,d0fdcd4b2e74abf3,passed
adaptive-simd_omp-t2-dynamicx16-r3-firework.jpg,2026-09-20T01:04:20Z,firework.jpg,11125,16688,Adaptive_Median,3,2,dynamic,16,omp,yes,unset,unset,hype2,12.2.0,-O3 -Wall -Wextra -std=c++17 -fopenmp -ffp-contract=off -DOMP_EXPLICIT_SIMD=1,24646.113613,cae2b8384ddb6aac,passed
adaptive-simd_omp-t2-dynamicx16-r3-control_smooth_6000x6000.png,2026-09-20T01:04:27Z,control_smooth_6000x6000.png,6000,6000,Adaptive_Median,3,2,dynamic,16,omp,yes,unset,unset,hype2,12.2.0,-O3 -Wall -Wextra -std=c++17 -fopenmp -ffp-contract=off -DOMP_EXPLICIT_SIMD=1,6514.198306,596e3c6929662ab9,passed
adaptive-simd_omp-t2-dynamicx16-r3-control_noise_6000x6000.png,2026-09-20T01:04:32Z,control_noise_6000x6000.png,6000,6000,Adaptive_Median,3,2,dynamic,16,omp,yes,unset,unset,hype2,12.2.0,-O3 -Wall -Wextra -std=c++17 -fopenmp -ffp-contract=off -DOMP_EXPLICIT_SIMD=1,4710.469717,fcb58a627e9d9740,passed
adaptive-simd_omp-t2-dynamicx16-r3-control_half_noise_6000x6000.png,2026-09-20T01:04:37Z,control_half_noise_6000x6000.png,6000,6000,Adaptive_Median,3,2,dynamic,16,omp,yes,unset,unset,hype2,12.2.0,-O3 -Wall -Wextra -std=c++17 -fopenmp -ffp-contract=off -DOMP_EXPLICIT_SIMD=1,4810.022673,9d92a48896bfc25a,passed
adaptive-simd_omp-t2-dynamicx16-r3-control_bands_256_6000x6000.png,2026-09-20T01:04:43Z,control_bands_256_6000x6000.png,6000,6000,Adaptive_Median,3,2,dynamic,16,omp,yes,unset,unset,hype2,12.2.0,-O3 -Wall -Wextra -std=c++17 -fopenmp -ffp-contract=off -DOMP_EXPLICIT_SIMD=1,4836.301123,8f9bc97f03d5aae1,passed
adaptive-simd_omp-avx2-t2-dynamicx16-r3-sky.jpg,2026-09-20T01:04:53Z,sky.jpg,6936,9248,Adaptive_Median,3,2,dynamic,16,omp-avx2,yes,unset,unset,hype2,12.2.0,-O3 -Wall -Wextra -std=c++17 -fopenmp -ffp-contract=off -DOMP_EXPLICIT_SIMD=1 -march=haswell,8979.594753,1e7ae9152e9643d5,passed
adaptive-simd_omp-avx2-t2-dynamicx16-r3-stars.jpg,2026-09-20T01:05:10Z,stars.jpg,12960,8640,Adaptive_Median,3,2,dynamic,16,omp-avx2,yes,unset,unset,hype2,12.2.0,-O3 -Wall -Wextra -std=c++17 -fopenmp -ffp-contract=off -DOMP_EXPLICIT_SIMD=1 -march=haswell,14376.925673,626f977055f1c658,passed
adaptive-simd_omp-avx2-t2-dynamicx16-r3-rain_paisage.jpg,2026-09-20T01:05:39Z,rain_paisage.jpg,12288,16320,Adaptive_Median,3,2,dynamic,16,omp-avx2,yes,unset,unset,hype2,12.2.0,-O3 -Wall -Wextra -std=c++17 -fopenmp -ffp-contract=off -DOMP_EXPLICIT_SIMD=1 -march=haswell,26473.561525,d0fdcd4b2e74abf3,passed
adaptive-simd_omp-avx2-t2-dynamicx16-r3-firework.jpg,2026-09-20T01:06:08Z,firework.jpg,11125,16688,Adaptive_Median,3,2,dynamic,16,omp-avx2,yes,unset,unset,hype2,12.2.0,-O3 -Wall -Wextra -std=c++17 -fopenmp -ffp-contract=off -DOMP_EXPLICIT_SIMD=1 -march=haswell,25618.551862,cae2b8384ddb6aac,passed
adaptive-simd_omp-avx2-t2-dynamicx16-r3-control_smooth_6000x6000.png,2026-09-20T01:06:15Z,control_smooth_6000x6000.png,6000,6000,Adaptive_Median,3,2,dynamic,16,omp-avx2,yes,unset,unset,hype2,12.2.0,-O3 -Wall -Wextra -std=c++17 -fopenmp -ffp-contract=off -DOMP_EXPLICIT_SIMD=1 -march=haswell,6674.296544,596e3c6929662ab9,passed
adaptive-simd_omp-avx2-t2-dynamicx16-r3-control_noise_6000x6000.png,2026-09-20T01:06:21Z,control_noise_6000x6000.png,6000,6000,Adaptive_Median,3,2,dynamic,16,omp-avx2,yes,unset,unset,hype2,12.2.0,-O3 -Wall -Wextra -std=c++17 -fopenmp -ffp-contract=off -DOMP_EXPLICIT_SIMD=1 -march=haswell,5011.019630,fcb58a627e9d9740,passed
adaptive-simd_omp-avx2-t2-dynamicx16-r3-control_half_noise_6000x6000.png,2026-09-20T01:06:26Z,control_half_noise_6000x6000.png,6000,6000,Adaptive_Median,3,2,dynamic,16,omp-avx2,yes,unset,unset,hype2,12.2.0,-O3 -Wall -Wextra -std=c++17 -fopenmp -ffp-contract=off -DOMP_EXPLICIT_SIMD=1 -march=haswell,4984.436437,9d92a48896bfc25a,passed
adaptive-simd_omp-avx2-t2-dynamicx16-r3-control_bands_256_6000x6000.png,2026-09-20T01:06:32Z,control_bands_256_6000x6000.png,6000,6000,Adaptive_Median,3,2,dynamic,16,omp-avx2,yes,unset,unset,hype2,12.2.0,-O3 -Wall -Wextra -std=c++17 -fopenmp -ffp-contract=off -DOMP_EXPLICIT_SIMD=1 -march=haswell,4993.353099,8f9bc97f03d5aae1,passed
adaptive-simd_off-t2-static-r3-sky.jpg,2026-09-20T01:06:42Z,sky.jpg,6936,9248,Adaptive_Median,3,2,static,,off,yes,unset,unset,hype2,12.2.0,-O3 -Wall -Wextra -std=c++17 -fopenmp -ffp-contract=off -DOMP_EXPLICIT_SIMD=0 -fno-tree-vectorize,8609.679746,1e7ae9152e9643d5,passed
adaptive-simd_off-t2-static-r3-stars.jpg,2026-09-20T01:06:57Z,stars.jpg,12960,8640,Adaptive_Median,3,2,static,,off,yes,unset,unset,hype2,12.2.0,-O3 -Wall -Wextra -std=c++17 -fopenmp -ffp-contract=off -DOMP_EXPLICIT_SIMD=0 -fno-tree-vectorize,13504.373570,626f977055f1c658,passed
adaptive-simd_off-t2-static-r3-rain_paisage.jpg,2026-09-20T01:07:34Z,rain_paisage.jpg,12288,16320,Adaptive_Median,3,2,static,,off,yes,unset,unset,hype2,12.2.0,-O3 -Wall -Wextra -std=c++17 -fopenmp -ffp-contract=off -DOMP_EXPLICIT_SIMD=0 -fno-tree-vectorize,33717.574282,d0fdcd4b2e74abf3,passed
adaptive-simd_off-t2-static-r3-firework.jpg,2026-09-20T01:08:04Z,firework.jpg,11125,16688,Adaptive_Median,3,2,static,,off,yes,unset,unset,hype2,12.2.0,-O3 -Wall -Wextra -std=c++17 -fopenmp -ffp-contract=off -DOMP_EXPLICIT_SIMD=0 -fno-tree-vectorize,27163.652858,cae2b8384ddb6aac,passed
adaptive-simd_off-t2-static-r3-control_smooth_6000x6000.png,2026-09-20T01:08:11Z,control_smooth_6000x6000.png,6000,6000,Adaptive_Median,3,2,static,,off,yes,unset,unset,hype2,12.2.0,-O3 -Wall -Wextra -std=c++17 -fopenmp -ffp-contract=off -DOMP_EXPLICIT_SIMD=0 -fno-tree-vectorize,6371.526879,596e3c6929662ab9,passed
adaptive-simd_off-t2-static-r3-control_noise_6000x6000.png,2026-09-20T01:08:16Z,control_noise_6000x6000.png,6000,6000,Adaptive_Median,3,2,static,,off,yes,unset,unset,hype2,12.2.0,-O3 -Wall -Wextra -std=c++17 -fopenmp -ffp-contract=off -DOMP_EXPLICIT_SIMD=0 -fno-tree-vectorize,4611.941283,fcb58a627e9d9740,passed
adaptive-simd_off-t2-static-r3-control_half_noise_6000x6000.png,2026-09-20T01:08:24Z,control_half_noise_6000x6000.png,6000,6000,Adaptive_Median,3,2,static,,off,yes,unset,unset,hype2,12.2.0,-O3 -Wall -Wextra -std=c++17 -fopenmp -ffp-contract=off -DOMP_EXPLICIT_SIMD=0 -fno-tree-vectorize,6461.643901,9d92a48896bfc25a,passed
adaptive-simd_off-t2-static-r3-control_bands_256_6000x6000.png,2026-09-20T01:08:29Z,control_bands_256_6000x6000.png,6000,6000,Adaptive_Median,3,2,static,,off,yes,unset,unset,hype2,12.2.0,-O3 -Wall -Wextra -std=c++17 -fopenmp -ffp-contract=off -DOMP_EXPLICIT_SIMD=0 -fno-tree-vectorize,4713.837234,8f9bc97f03d5aae1,passed
adaptive-simd_off-avx2-t2-static-r3-sky.jpg,2026-09-20T01:08:39Z,sky.jpg,6936,9248,Adaptive_Median,3,2,static,,off-avx2,yes,unset,unset,hype2,12.2.0,-O3 -Wall -Wextra -std=c++17 -fopenmp -ffp-contract=off -DOMP_EXPLICIT_SIMD=0 -fno-tree-vectorize -march=haswell,8950.824475,1e7ae9152e9643d5,passed
adaptive-simd_off-avx2-t2-static-r3-stars.jpg,2026-09-20T01:08:55Z,stars.jpg,12960,8640,Adaptive_Median,3,2,static,,off-avx2,yes,unset,unset,hype2,12.2.0,-O3 -Wall -Wextra -std=c++17 -fopenmp -ffp-contract=off -DOMP_EXPLICIT_SIMD=0 -fno-tree-vectorize -march=haswell,14153.274537,626f977055f1c658,passed
adaptive-simd_off-avx2-t2-static-r3-rain_paisage.jpg,2026-09-20T01:09:33Z,rain_paisage.jpg,12288,16320,Adaptive_Median,3,2,static,,off-avx2,yes,unset,unset,hype2,12.2.0,-O3 -Wall -Wextra -std=c++17 -fopenmp -ffp-contract=off -DOMP_EXPLICIT_SIMD=0 -fno-tree-vectorize -march=haswell,34884.026271,d0fdcd4b2e74abf3,passed
adaptive-simd_off-avx2-t2-static-r3-firework.jpg,2026-09-20T01:10:05Z,firework.jpg,11125,16688,Adaptive_Median,3,2,static,,off-avx2,yes,unset,unset,hype2,12.2.0,-O3 -Wall -Wextra -std=c++17 -fopenmp -ffp-contract=off -DOMP_EXPLICIT_SIMD=0 -fno-tree-vectorize -march=haswell,28246.707427,cae2b8384ddb6aac,passed
adaptive-simd_off-avx2-t2-static-r3-control_smooth_6000x6000.png,2026-09-20T01:10:12Z,control_smooth_6000x6000.png,6000,6000,Adaptive_Median,3,2,static,,off-avx2,yes,unset,unset,hype2,12.2.0,-O3 -Wall -Wextra -std=c++17 -fopenmp -ffp-contract=off -DOMP_EXPLICIT_SIMD=0 -fno-tree-vectorize -march=haswell,6560.211230,596e3c6929662ab9,passed
adaptive-simd_off-avx2-t2-static-r3-control_noise_6000x6000.png,2026-09-20T01:10:17Z,control_noise_6000x6000.png,6000,6000,Adaptive_Median,3,2,static,,off-avx2,yes,unset,unset,hype2,12.2.0,-O3 -Wall -Wextra -std=c++17 -fopenmp -ffp-contract=off -DOMP_EXPLICIT_SIMD=0 -fno-tree-vectorize -march=haswell,4865.449854,fcb58a627e9d9740,passed
adaptive-simd_off-avx2-t2-static-r3-control_half_noise_6000x6000.png,2026-09-20T01:10:24Z,control_half_noise_6000x6000.png,6000,6000,Adaptive_Median,3,2,static,,off-avx2,yes,unset,unset,hype2,12.2.0,-O3 -Wall -Wextra -std=c++17 -fopenmp -ffp-contract=off -DOMP_EXPLICIT_SIMD=0 -fno-tree-vectorize -march=haswell,6663.667513,9d92a48896bfc25a,passed
adaptive-simd_off-avx2-t2-static-r3-control_bands_256_6000x6000.png,2026-09-20T01:10:30Z,control_bands_256_6000x6000.png,6000,6000,Adaptive_Median,3,2,static,,off-avx2,yes,unset,unset,hype2,12.2.0,-O3 -Wall -Wextra -std=c++17 -fopenmp -ffp-contract=off -DOMP_EXPLICIT_SIMD=0 -fno-tree-vectorize -march=haswell,4909.613568,8f9bc97f03d5aae1,passed
adaptive-simd_omp-avx2-t2-static-r4-sky.jpg,2026-09-20T01:10:40Z,sky.jpg,6936,9248,Adaptive_Median,4,2,static,,omp-avx2,yes,unset,unset,hype2,12.2.0,-O3 -Wall -Wextra -std=c++17 -fopenmp -ffp-contract=off -DOMP_EXPLICIT_SIMD=1 -march=haswell,9124.559813,1e7ae9152e9643d5,passed
adaptive-simd_omp-avx2-t2-static-r4-stars.jpg,2026-09-20T01:10:57Z,stars.jpg,12960,8640,Adaptive_Median,4,2,static,,omp-avx2,yes,unset,unset,hype2,12.2.0,-O3 -Wall -Wextra -std=c++17 -fopenmp -ffp-contract=off -DOMP_EXPLICIT_SIMD=1 -march=haswell,14468.851398,626f977055f1c658,passed
adaptive-simd_omp-avx2-t2-static-r4-rain_paisage.jpg,2026-09-20T01:11:35Z,rain_paisage.jpg,12288,16320,Adaptive_Median,4,2,static,,omp-avx2,yes,unset,unset,hype2,12.2.0,-O3 -Wall -Wextra -std=c++17 -fopenmp -ffp-contract=off -DOMP_EXPLICIT_SIMD=1 -march=haswell,35244.590499,d0fdcd4b2e74abf3,passed
adaptive-simd_omp-avx2-t2-static-r4-firework.jpg,2026-09-20T01:12:07Z,firework.jpg,11125,16688,Adaptive_Median,4,2,static,,omp-avx2,yes,unset,unset,hype2,12.2.0,-O3 -Wall -Wextra -std=c++17 -fopenmp -ffp-contract=off -DOMP_EXPLICIT_SIMD=1 -march=haswell,28751.272378,cae2b8384ddb6aac,passed
adaptive-simd_omp-avx2-t2-static-r4-control_smooth_6000x6000.png,2026-09-20T01:12:14Z,control_smooth_6000x6000.png,6000,6000,Adaptive_Median,4,2,static,,omp-avx2,yes,unset,unset,hype2,12.2.0,-O3 -Wall -Wextra -std=c++17 -fopenmp -ffp-contract=off -DOMP_EXPLICIT_SIMD=1 -march=haswell,6658.242012,596e3c6929662ab9,passed
adaptive-simd_omp-avx2-t2-static-r4-control_noise_6000x6000.png,2026-09-20T01:12:20Z,control_noise_6000x6000.png,6000,6000,Adaptive_Median,4,2,static,,omp-avx2,yes,unset,unset,hype2,12.2.0,-O3 -Wall -Wextra -std=c++17 -fopenmp -ffp-contract=off -DOMP_EXPLICIT_SIMD=1 -march=haswell,5012.767552,fcb58a627e9d9740,passed
adaptive-simd_omp-avx2-t2-static-r4-control_half_noise_6000x6000.png,2026-09-20T01:12:27Z,control_half_noise_6000x6000.png,6000,6000,Adaptive_Median,4,2,static,,omp-avx2,yes,unset,unset,hype2,12.2.0,-O3 -Wall -Wextra -std=c++17 -fopenmp -ffp-contract=off -DOMP_EXPLICIT_SIMD=1 -march=haswell,6786.019968,9d92a48896bfc25a,passed
adaptive-simd_omp-avx2-t2-static-r4-control_bands_256_6000x6000.png,2026-09-20T01:12:33Z,control_bands_256_6000x6000.png,6000,6000,Adaptive_Median,4,2,static,,omp-avx2,yes,unset,unset,hype2,12.2.0,-O3 -Wall -Wextra -std=c++17 -fopenmp -ffp-contract=off -DOMP_EXPLICIT_SIMD=1 -march=haswell,4985.916407,8f9bc97f03d5aae1,passed
adaptive-simd_off-t2-dynamicx16-r4-sky.jpg,2026-09-20T01:12:42Z,sky.jpg,6936,9248,Adaptive_Median,4,2,dynamic,16,off,yes,unset,unset,hype2,12.2.0,-O3 -Wall -Wextra -std=c++17 -fopenmp -ffp-contract=off -DOMP_EXPLICIT_SIMD=0 -fno-tree-vectorize,8445.858828,1e7ae9152e9643d5,passed
adaptive-simd_off-t2-dynamicx16-r4-stars.jpg,2026-09-20T01:12:58Z,stars.jpg,12960,8640,Adaptive_Median,4,2,dynamic,16,off,yes,unset,unset,hype2,12.2.0,-O3 -Wall -Wextra -std=c++17 -fopenmp -ffp-contract=off -DOMP_EXPLICIT_SIMD=0 -fno-tree-vectorize,13330.797874,626f977055f1c658,passed
adaptive-simd_off-t2-dynamicx16-r4-rain_paisage.jpg,2026-09-20T01:13:26Z,rain_paisage.jpg,12288,16320,Adaptive_Median,4,2,dynamic,16,off,yes,unset,unset,hype2,12.2.0,-O3 -Wall -Wextra -std=c++17 -fopenmp -ffp-contract=off -DOMP_EXPLICIT_SIMD=0 -fno-tree-vectorize,25052.535822,d0fdcd4b2e74abf3,passed
adaptive-simd_off-t2-dynamicx16-r4-firework.jpg,2026-09-20T01:13:53Z,firework.jpg,11125,16688,Adaptive_Median,4,2,dynamic,16,off,yes,unset,unset,hype2,12.2.0,-O3 -Wall -Wextra -std=c++17 -fopenmp -ffp-contract=off -DOMP_EXPLICIT_SIMD=0 -fno-tree-vectorize,24137.201983,cae2b8384ddb6aac,passed
adaptive-simd_off-t2-dynamicx16-r4-control_smooth_6000x6000.png,2026-09-20T01:14:00Z,control_smooth_6000x6000.png,6000,6000,Adaptive_Median,4,2,dynamic,16,off,yes,unset,unset,hype2,12.2.0,-O3 -Wall -Wextra -std=c++17 -fopenmp -ffp-contract=off -DOMP_EXPLICIT_SIMD=0 -fno-tree-vectorize,6379.580476,596e3c6929662ab9,passed
adaptive-simd_off-t2-dynamicx16-r4-control_noise_6000x6000.png,2026-09-20T01:14:05Z,control_noise_6000x6000.png,6000,6000,Adaptive_Median,4,2,dynamic,16,off,yes,unset,unset,hype2,12.2.0,-O3 -Wall -Wextra -std=c++17 -fopenmp -ffp-contract=off -DOMP_EXPLICIT_SIMD=0 -fno-tree-vectorize,4628.017017,fcb58a627e9d9740,passed
adaptive-simd_off-t2-dynamicx16-r4-control_half_noise_6000x6000.png,2026-09-20T01:14:11Z,control_half_noise_6000x6000.png,6000,6000,Adaptive_Median,4,2,dynamic,16,off,yes,unset,unset,hype2,12.2.0,-O3 -Wall -Wextra -std=c++17 -fopenmp -ffp-contract=off -DOMP_EXPLICIT_SIMD=0 -fno-tree-vectorize,4706.706615,9d92a48896bfc25a,passed
adaptive-simd_off-t2-dynamicx16-r4-control_bands_256_6000x6000.png,2026-09-20T01:14:16Z,control_bands_256_6000x6000.png,6000,6000,Adaptive_Median,4,2,dynamic,16,off,yes,unset,unset,hype2,12.2.0,-O3 -Wall -Wextra -std=c++17 -fopenmp -ffp-contract=off -DOMP_EXPLICIT_SIMD=0 -fno-tree-vectorize,4720.607602,8f9bc97f03d5aae1,passed
adaptive-simd_off-avx2-t2-dynamicx16-r4-sky.jpg,2026-09-20T01:14:26Z,sky.jpg,6936,9248,Adaptive_Median,4,2,dynamic,16,off-avx2,yes,unset,unset,hype2,12.2.0,-O3 -Wall -Wextra -std=c++17 -fopenmp -ffp-contract=off -DOMP_EXPLICIT_SIMD=0 -fno-tree-vectorize -march=haswell,8806.737776,1e7ae9152e9643d5,passed
adaptive-simd_off-avx2-t2-dynamicx16-r4-stars.jpg,2026-09-20T01:14:42Z,stars.jpg,12960,8640,Adaptive_Median,4,2,dynamic,16,off-avx2,yes,unset,unset,hype2,12.2.0,-O3 -Wall -Wextra -std=c++17 -fopenmp -ffp-contract=off -DOMP_EXPLICIT_SIMD=0 -fno-tree-vectorize -march=haswell,13996.806145,626f977055f1c658,passed
adaptive-simd_off-avx2-t2-dynamicx16-r4-rain_paisage.jpg,2026-09-20T01:15:12Z,rain_paisage.jpg,12288,16320,Adaptive_Median,4,2,dynamic,16,off-avx2,yes,unset,unset,hype2,12.2.0,-O3 -Wall -Wextra -std=c++17 -fopenmp -ffp-contract=off -DOMP_EXPLICIT_SIMD=0 -fno-tree-vectorize -march=haswell,26160.107493,d0fdcd4b2e74abf3,passed
adaptive-simd_off-avx2-t2-dynamicx16-r4-firework.jpg,2026-09-20T01:15:40Z,firework.jpg,11125,16688,Adaptive_Median,4,2,dynamic,16,off-avx2,yes,unset,unset,hype2,12.2.0,-O3 -Wall -Wextra -std=c++17 -fopenmp -ffp-contract=off -DOMP_EXPLICIT_SIMD=0 -fno-tree-vectorize -march=haswell,25200.454384,cae2b8384ddb6aac,passed
adaptive-simd_off-avx2-t2-dynamicx16-r4-control_smooth_6000x6000.png,2026-09-20T01:15:47Z,control_smooth_6000x6000.png,6000,6000,Adaptive_Median,4,2,dynamic,16,off-avx2,yes,unset,unset,hype2,12.2.0,-O3 -Wall -Wextra -std=c++17 -fopenmp -ffp-contract=off -DOMP_EXPLICIT_SIMD=0 -fno-tree-vectorize -march=haswell,6570.452651,596e3c6929662ab9,passed
adaptive-simd_off-avx2-t2-dynamicx16-r4-control_noise_6000x6000.png,2026-09-20T01:15:52Z,control_noise_6000x6000.png,6000,6000,Adaptive_Median,4,2,dynamic,16,off-avx2,yes,unset,unset,hype2,12.2.0,-O3 -Wall -Wextra -std=c++17 -fopenmp -ffp-contract=off -DOMP_EXPLICIT_SIMD=0 -fno-tree-vectorize -march=haswell,4871.903317,fcb58a627e9d9740,passed
adaptive-simd_off-avx2-t2-dynamicx16-r4-control_half_noise_6000x6000.png,2026-09-20T01:15:58Z,control_half_noise_6000x6000.png,6000,6000,Adaptive_Median,4,2,dynamic,16,off-avx2,yes,unset,unset,hype2,12.2.0,-O3 -Wall -Wextra -std=c++17 -fopenmp -ffp-contract=off -DOMP_EXPLICIT_SIMD=0 -fno-tree-vectorize -march=haswell,4884.476272,9d92a48896bfc25a,passed
adaptive-simd_off-avx2-t2-dynamicx16-r4-control_bands_256_6000x6000.png,2026-09-20T01:16:03Z,control_bands_256_6000x6000.png,6000,6000,Adaptive_Median,4,2,dynamic,16,off-avx2,yes,unset,unset,hype2,12.2.0,-O3 -Wall -Wextra -std=c++17 -fopenmp -ffp-contract=off -DOMP_EXPLICIT_SIMD=0 -fno-tree-vectorize -march=haswell,4958.470472,8f9bc97f03d5aae1,passed
adaptive-simd_omp-t2-dynamicx16-r4-sky.jpg,2026-09-20T01:16:13Z,sky.jpg,6936,9248,Adaptive_Median,4,2,dynamic,16,omp,yes,unset,unset,hype2,12.2.0,-O3 -Wall -Wextra -std=c++17 -fopenmp -ffp-contract=off -DOMP_EXPLICIT_SIMD=1,8655.415545,1e7ae9152e9643d5,passed
adaptive-simd_omp-t2-dynamicx16-r4-stars.jpg,2026-09-20T01:16:29Z,stars.jpg,12960,8640,Adaptive_Median,4,2,dynamic,16,omp,yes,unset,unset,hype2,12.2.0,-O3 -Wall -Wextra -std=c++17 -fopenmp -ffp-contract=off -DOMP_EXPLICIT_SIMD=1,13667.753999,626f977055f1c658,passed
adaptive-simd_omp-t2-dynamicx16-r4-rain_paisage.jpg,2026-09-20T01:16:58Z,rain_paisage.jpg,12288,16320,Adaptive_Median,4,2,dynamic,16,omp,yes,unset,unset,hype2,12.2.0,-O3 -Wall -Wextra -std=c++17 -fopenmp -ffp-contract=off -DOMP_EXPLICIT_SIMD=1,25574.588776,d0fdcd4b2e74abf3,passed
adaptive-simd_omp-t2-dynamicx16-r4-firework.jpg,2026-09-20T01:17:25Z,firework.jpg,11125,16688,Adaptive_Median,4,2,dynamic,16,omp,yes,unset,unset,hype2,12.2.0,-O3 -Wall -Wextra -std=c++17 -fopenmp -ffp-contract=off -DOMP_EXPLICIT_SIMD=1,24730.640774,cae2b8384ddb6aac,passed
adaptive-simd_omp-t2-dynamicx16-r4-control_smooth_6000x6000.png,2026-09-20T01:17:32Z,control_smooth_6000x6000.png,6000,6000,Adaptive_Median,4,2,dynamic,16,omp,yes,unset,unset,hype2,12.2.0,-O3 -Wall -Wextra -std=c++17 -fopenmp -ffp-contract=off -DOMP_EXPLICIT_SIMD=1,6528.394215,596e3c6929662ab9,passed
adaptive-simd_omp-t2-dynamicx16-r4-control_noise_6000x6000.png,2026-09-20T01:17:38Z,control_noise_6000x6000.png,6000,6000,Adaptive_Median,4,2,dynamic,16,omp,yes,unset,unset,hype2,12.2.0,-O3 -Wall -Wextra -std=c++17 -fopenmp -ffp-contract=off -DOMP_EXPLICIT_SIMD=1,4723.117116,fcb58a627e9d9740,passed
adaptive-simd_omp-t2-dynamicx16-r4-control_half_noise_6000x6000.png,2026-09-20T01:17:43Z,control_half_noise_6000x6000.png,6000,6000,Adaptive_Median,4,2,dynamic,16,omp,yes,unset,unset,hype2,12.2.0,-O3 -Wall -Wextra -std=c++17 -fopenmp -ffp-contract=off -DOMP_EXPLICIT_SIMD=1,4821.827979,9d92a48896bfc25a,passed
adaptive-simd_omp-t2-dynamicx16-r4-control_bands_256_6000x6000.png,2026-09-20T01:17:49Z,control_bands_256_6000x6000.png,6000,6000,Adaptive_Median,4,2,dynamic,16,omp,yes,unset,unset,hype2,12.2.0,-O3 -Wall -Wextra -std=c++17 -fopenmp -ffp-contract=off -DOMP_EXPLICIT_SIMD=1,4853.937890,8f9bc97f03d5aae1,passed
adaptive-simd_omp-avx2-t2-dynamicx16-r4-sky.jpg,2026-09-20T01:17:59Z,sky.jpg,6936,9248,Adaptive_Median,4,2,dynamic,16,omp-avx2,yes,unset,unset,hype2,12.2.0,-O3 -Wall -Wextra -std=c++17 -fopenmp -ffp-contract=off -DOMP_EXPLICIT_SIMD=1 -march=haswell,8994.323815,1e7ae9152e9643d5,passed
adaptive-simd_omp-avx2-t2-dynamicx16-r4-stars.jpg,2026-09-20T01:18:15Z,stars.jpg,12960,8640,Adaptive_Median,4,2,dynamic,16,omp-avx2,yes,unset,unset,hype2,12.2.0,-O3 -Wall -Wextra -std=c++17 -fopenmp -ffp-contract=off -DOMP_EXPLICIT_SIMD=1 -march=haswell,14327.133594,626f977055f1c658,passed
adaptive-simd_omp-avx2-t2-dynamicx16-r4-rain_paisage.jpg,2026-09-20T01:18:45Z,rain_paisage.jpg,12288,16320,Adaptive_Median,4,2,dynamic,16,omp-avx2,yes,unset,unset,hype2,12.2.0,-O3 -Wall -Wextra -std=c++17 -fopenmp -ffp-contract=off -DOMP_EXPLICIT_SIMD=1 -march=haswell,26507.451617,d0fdcd4b2e74abf3,passed
adaptive-simd_omp-avx2-t2-dynamicx16-r4-firework.jpg,2026-09-20T01:19:14Z,firework.jpg,11125,16688,Adaptive_Median,4,2,dynamic,16,omp-avx2,yes,unset,unset,hype2,12.2.0,-O3 -Wall -Wextra -std=c++17 -fopenmp -ffp-contract=off -DOMP_EXPLICIT_SIMD=1 -march=haswell,25639.362634,cae2b8384ddb6aac,passed
adaptive-simd_omp-avx2-t2-dynamicx16-r4-control_smooth_6000x6000.png,2026-09-20T01:19:21Z,control_smooth_6000x6000.png,6000,6000,Adaptive_Median,4,2,dynamic,16,omp-avx2,yes,unset,unset,hype2,12.2.0,-O3 -Wall -Wextra -std=c++17 -fopenmp -ffp-contract=off -DOMP_EXPLICIT_SIMD=1 -march=haswell,6675.130700,596e3c6929662ab9,passed
adaptive-simd_omp-avx2-t2-dynamicx16-r4-control_noise_6000x6000.png,2026-09-20T01:19:26Z,control_noise_6000x6000.png,6000,6000,Adaptive_Median,4,2,dynamic,16,omp-avx2,yes,unset,unset,hype2,12.2.0,-O3 -Wall -Wextra -std=c++17 -fopenmp -ffp-contract=off -DOMP_EXPLICIT_SIMD=1 -march=haswell,5013.617194,fcb58a627e9d9740,passed
adaptive-simd_omp-avx2-t2-dynamicx16-r4-control_half_noise_6000x6000.png,2026-09-20T01:19:32Z,control_half_noise_6000x6000.png,6000,6000,Adaptive_Median,4,2,dynamic,16,omp-avx2,yes,unset,unset,hype2,12.2.0,-O3 -Wall -Wextra -std=c++17 -fopenmp -ffp-contract=off -DOMP_EXPLICIT_SIMD=1 -march=haswell,4982.562555,9d92a48896bfc25a,passed
adaptive-simd_omp-avx2-t2-dynamicx16-r4-control_bands_256_6000x6000.png,2026-09-20T01:19:38Z,control_bands_256_6000x6000.png,6000,6000,Adaptive_Median,4,2,dynamic,16,omp-avx2,yes,unset,unset,hype2,12.2.0,-O3 -Wall -Wextra -std=c++17 -fopenmp -ffp-contract=off -DOMP_EXPLICIT_SIMD=1 -march=haswell,4993.168701,8f9bc97f03d5aae1,passed
adaptive-simd_off-t2-static-r4-sky.jpg,2026-09-20T01:19:47Z,sky.jpg,6936,9248,Adaptive_Median,4,2,static,,off,yes,unset,unset,hype2,12.2.0,-O3 -Wall -Wextra -std=c++17 -fopenmp -ffp-contract=off -DOMP_EXPLICIT_SIMD=0 -fno-tree-vectorize,8658.296953,1e7ae9152e9643d5,passed
adaptive-simd_off-t2-static-r4-stars.jpg,2026-09-20T01:20:03Z,stars.jpg,12960,8640,Adaptive_Median,4,2,static,,off,yes,unset,unset,hype2,12.2.0,-O3 -Wall -Wextra -std=c++17 -fopenmp -ffp-contract=off -DOMP_EXPLICIT_SIMD=0 -fno-tree-vectorize,13500.376631,626f977055f1c658,passed
adaptive-simd_off-t2-static-r4-rain_paisage.jpg,2026-09-20T01:20:40Z,rain_paisage.jpg,12288,16320,Adaptive_Median,4,2,static,,off,yes,unset,unset,hype2,12.2.0,-O3 -Wall -Wextra -std=c++17 -fopenmp -ffp-contract=off -DOMP_EXPLICIT_SIMD=0 -fno-tree-vectorize,33735.153436,d0fdcd4b2e74abf3,passed
adaptive-simd_off-t2-static-r4-firework.jpg,2026-09-20T01:21:10Z,firework.jpg,11125,16688,Adaptive_Median,4,2,static,,off,yes,unset,unset,hype2,12.2.0,-O3 -Wall -Wextra -std=c++17 -fopenmp -ffp-contract=off -DOMP_EXPLICIT_SIMD=0 -fno-tree-vectorize,27234.274710,cae2b8384ddb6aac,passed
adaptive-simd_off-t2-static-r4-control_smooth_6000x6000.png,2026-09-20T01:21:17Z,control_smooth_6000x6000.png,6000,6000,Adaptive_Median,4,2,static,,off,yes,unset,unset,hype2,12.2.0,-O3 -Wall -Wextra -std=c++17 -fopenmp -ffp-contract=off -DOMP_EXPLICIT_SIMD=0 -fno-tree-vectorize,6375.889973,596e3c6929662ab9,passed
adaptive-simd_off-t2-static-r4-control_noise_6000x6000.png,2026-09-20T01:21:22Z,control_noise_6000x6000.png,6000,6000,Adaptive_Median,4,2,static,,off,yes,unset,unset,hype2,12.2.0,-O3 -Wall -Wextra -std=c++17 -fopenmp -ffp-contract=off -DOMP_EXPLICIT_SIMD=0 -fno-tree-vectorize,4618.517760,fcb58a627e9d9740,passed
adaptive-simd_off-t2-static-r4-control_half_noise_6000x6000.png,2026-09-20T01:21:29Z,control_half_noise_6000x6000.png,6000,6000,Adaptive_Median,4,2,static,,off,yes,unset,unset,hype2,12.2.0,-O3 -Wall -Wextra -std=c++17 -fopenmp -ffp-contract=off -DOMP_EXPLICIT_SIMD=0 -fno-tree-vectorize,6480.134397,9d92a48896bfc25a,passed
adaptive-simd_off-t2-static-r4-control_bands_256_6000x6000.png,2026-09-20T01:21:35Z,control_bands_256_6000x6000.png,6000,6000,Adaptive_Median,4,2,static,,off,yes,unset,unset,hype2,12.2.0,-O3 -Wall -Wextra -std=c++17 -fopenmp -ffp-contract=off -DOMP_EXPLICIT_SIMD=0 -fno-tree-vectorize,4713.832993,8f9bc97f03d5aae1,passed
adaptive-simd_off-avx2-t2-static-r4-sky.jpg,2026-09-20T01:21:45Z,sky.jpg,6936,9248,Adaptive_Median,4,2,static,,off-avx2,yes,unset,unset,hype2,12.2.0,-O3 -Wall -Wextra -std=c++17 -fopenmp -ffp-contract=off -DOMP_EXPLICIT_SIMD=0 -fno-tree-vectorize -march=haswell,9041.649799,1e7ae9152e9643d5,passed
adaptive-simd_off-avx2-t2-static-r4-stars.jpg,2026-09-20T01:22:01Z,stars.jpg,12960,8640,Adaptive_Median,4,2,static,,off-avx2,yes,unset,unset,hype2,12.2.0,-O3 -Wall -Wextra -std=c++17 -fopenmp -ffp-contract=off -DOMP_EXPLICIT_SIMD=0 -fno-tree-vectorize -march=haswell,14201.195724,626f977055f1c658,passed
adaptive-simd_off-avx2-t2-static-r4-rain_paisage.jpg,2026-09-20T01:22:39Z,rain_paisage.jpg,12288,16320,Adaptive_Median,4,2,static,,off-avx2,yes,unset,unset,hype2,12.2.0,-O3 -Wall -Wextra -std=c++17 -fopenmp -ffp-contract=off -DOMP_EXPLICIT_SIMD=0 -fno-tree-vectorize -march=haswell,34940.905208,d0fdcd4b2e74abf3,passed
adaptive-simd_off-avx2-t2-static-r4-firework.jpg,2026-09-20T01:23:11Z,firework.jpg,11125,16688,Adaptive_Median,4,2,static,,off-avx2,yes,unset,unset,hype2,12.2.0,-O3 -Wall -Wextra -std=c++17 -fopenmp -ffp-contract=off -DOMP_EXPLICIT_SIMD=0 -fno-tree-vectorize -march=haswell,28299.165891,cae2b8384ddb6aac,passed
adaptive-simd_off-avx2-t2-static-r4-control_smooth_6000x6000.png,2026-09-20T01:23:18Z,control_smooth_6000x6000.png,6000,6000,Adaptive_Median,4,2,static,,off-avx2,yes,unset,unset,hype2,12.2.0,-O3 -Wall -Wextra -std=c++17 -fopenmp -ffp-contract=off -DOMP_EXPLICIT_SIMD=0 -fno-tree-vectorize -march=haswell,6558.978600,596e3c6929662ab9,passed
adaptive-simd_off-avx2-t2-static-r4-control_noise_6000x6000.png,2026-09-20T01:23:23Z,control_noise_6000x6000.png,6000,6000,Adaptive_Median,4,2,static,,off-avx2,yes,unset,unset,hype2,12.2.0,-O3 -Wall -Wextra -std=c++17 -fopenmp -ffp-contract=off -DOMP_EXPLICIT_SIMD=0 -fno-tree-vectorize -march=haswell,4872.880354,fcb58a627e9d9740,passed
adaptive-simd_off-avx2-t2-static-r4-control_half_noise_6000x6000.png,2026-09-20T01:23:31Z,control_half_noise_6000x6000.png,6000,6000,Adaptive_Median,4,2,static,,off-avx2,yes,unset,unset,hype2,12.2.0,-O3 -Wall -Wextra -std=c++17 -fopenmp -ffp-contract=off -DOMP_EXPLICIT_SIMD=0 -fno-tree-vectorize -march=haswell,6678.771568,9d92a48896bfc25a,passed
adaptive-simd_off-avx2-t2-static-r4-control_bands_256_6000x6000.png,2026-09-20T01:23:36Z,control_bands_256_6000x6000.png,6000,6000,Adaptive_Median,4,2,static,,off-avx2,yes,unset,unset,hype2,12.2.0,-O3 -Wall -Wextra -std=c++17 -fopenmp -ffp-contract=off -DOMP_EXPLICIT_SIMD=0 -fno-tree-vectorize -march=haswell,4905.414630,8f9bc97f03d5aae1,passed
adaptive-simd_omp-t2-static-r4-sky.jpg,2026-09-20T01:23:46Z,sky.jpg,6936,9248,Adaptive_Median,4,2,static,,omp,yes,unset,unset,hype2,12.2.0,-O3 -Wall -Wextra -std=c++17 -fopenmp -ffp-contract=off -DOMP_EXPLICIT_SIMD=1,8825.430444,1e7ae9152e9643d5,passed
adaptive-simd_omp-t2-static-r4-stars.jpg,2026-09-20T01:24:02Z,stars.jpg,12960,8640,Adaptive_Median,4,2,static,,omp,yes,unset,unset,hype2,12.2.0,-O3 -Wall -Wextra -std=c++17 -fopenmp -ffp-contract=off -DOMP_EXPLICIT_SIMD=1,13821.704755,626f977055f1c658,passed
adaptive-simd_omp-t2-static-r4-rain_paisage.jpg,2026-09-20T01:24:40Z,rain_paisage.jpg,12288,16320,Adaptive_Median,4,2,static,,omp,yes,unset,unset,hype2,12.2.0,-O3 -Wall -Wextra -std=c++17 -fopenmp -ffp-contract=off -DOMP_EXPLICIT_SIMD=1,34206.474046,d0fdcd4b2e74abf3,passed
adaptive-simd_omp-t2-static-r4-firework.jpg,2026-09-20T01:25:10Z,firework.jpg,11125,16688,Adaptive_Median,4,2,static,,omp,yes,unset,unset,hype2,12.2.0,-O3 -Wall -Wextra -std=c++17 -fopenmp -ffp-contract=off -DOMP_EXPLICIT_SIMD=1,27744.402633,cae2b8384ddb6aac,passed
adaptive-simd_omp-t2-static-r4-control_smooth_6000x6000.png,2026-09-20T01:25:17Z,control_smooth_6000x6000.png,6000,6000,Adaptive_Median,4,2,static,,omp,yes,unset,unset,hype2,12.2.0,-O3 -Wall -Wextra -std=c++17 -fopenmp -ffp-contract=off -DOMP_EXPLICIT_SIMD=1,6513.967891,596e3c6929662ab9,passed
adaptive-simd_omp-t2-static-r4-control_noise_6000x6000.png,2026-09-20T01:25:22Z,control_noise_6000x6000.png,6000,6000,Adaptive_Median,4,2,static,,omp,yes,unset,unset,hype2,12.2.0,-O3 -Wall -Wextra -std=c++17 -fopenmp -ffp-contract=off -DOMP_EXPLICIT_SIMD=1,4721.857589,fcb58a627e9d9740,passed
adaptive-simd_omp-t2-static-r4-control_half_noise_6000x6000.png,2026-09-20T01:25:30Z,control_half_noise_6000x6000.png,6000,6000,Adaptive_Median,4,2,static,,omp,yes,unset,unset,hype2,12.2.0,-O3 -Wall -Wextra -std=c++17 -fopenmp -ffp-contract=off -DOMP_EXPLICIT_SIMD=1,6605.050459,9d92a48896bfc25a,passed
adaptive-simd_omp-t2-static-r4-control_bands_256_6000x6000.png,2026-09-20T01:25:35Z,control_bands_256_6000x6000.png,6000,6000,Adaptive_Median,4,2,static,,omp,yes,unset,unset,hype2,12.2.0,-O3 -Wall -Wextra -std=c++17 -fopenmp -ffp-contract=off -DOMP_EXPLICIT_SIMD=1,4835.435424,8f9bc97f03d5aae1,passed
adaptive-simd_off-t2-dynamicx16-r5-sky.jpg,2026-09-20T01:25:45Z,sky.jpg,6936,9248,Adaptive_Median,5,2,dynamic,16,off,yes,unset,unset,hype2,12.2.0,-O3 -Wall -Wextra -std=c++17 -fopenmp -ffp-contract=off -DOMP_EXPLICIT_SIMD=0 -fno-tree-vectorize,8466.373613,1e7ae9152e9643d5,passed
adaptive-simd_off-t2-dynamicx16-r5-stars.jpg,2026-09-20T01:26:00Z,stars.jpg,12960,8640,Adaptive_Median,5,2,dynamic,16,off,yes,unset,unset,hype2,12.2.0,-O3 -Wall -Wextra -std=c++17 -fopenmp -ffp-contract=off -DOMP_EXPLICIT_SIMD=0 -fno-tree-vectorize,13370.361322,626f977055f1c658,passed
adaptive-simd_off-t2-dynamicx16-r5-rain_paisage.jpg,2026-09-20T01:26:29Z,rain_paisage.jpg,12288,16320,Adaptive_Median,5,2,dynamic,16,off,yes,unset,unset,hype2,12.2.0,-O3 -Wall -Wextra -std=c++17 -fopenmp -ffp-contract=off -DOMP_EXPLICIT_SIMD=0 -fno-tree-vectorize,25086.496417,d0fdcd4b2e74abf3,passed
adaptive-simd_off-t2-dynamicx16-r5-firework.jpg,2026-09-20T01:26:56Z,firework.jpg,11125,16688,Adaptive_Median,5,2,dynamic,16,off,yes,unset,unset,hype2,12.2.0,-O3 -Wall -Wextra -std=c++17 -fopenmp -ffp-contract=off -DOMP_EXPLICIT_SIMD=0 -fno-tree-vectorize,24165.806889,cae2b8384ddb6aac,passed
adaptive-simd_off-t2-dynamicx16-r5-control_smooth_6000x6000.png,2026-09-20T01:27:02Z,control_smooth_6000x6000.png,6000,6000,Adaptive_Median,5,2,dynamic,16,off,yes,unset,unset,hype2,12.2.0,-O3 -Wall -Wextra -std=c++17 -fopenmp -ffp-contract=off -DOMP_EXPLICIT_SIMD=0 -fno-tree-vectorize,6386.186519,596e3c6929662ab9,passed
adaptive-simd_off-t2-dynamicx16-r5-control_noise_6000x6000.png,2026-09-20T01:27:08Z,control_noise_6000x6000.png,6000,6000,Adaptive_Median,5,2,dynamic,16,off,yes,unset,unset,hype2,12.2.0,-O3 -Wall -Wextra -std=c++17 -fopenmp -ffp-contract=off -DOMP_EXPLICIT_SIMD=0 -fno-tree-vectorize,4630.191797,fcb58a627e9d9740,passed
adaptive-simd_off-t2-dynamicx16-r5-control_half_noise_6000x6000.png,2026-09-20T01:27:13Z,control_half_noise_6000x6000.png,6000,6000,Adaptive_Median,5,2,dynamic,16,off,yes,unset,unset,hype2,12.2.0,-O3 -Wall -Wextra -std=c++17 -fopenmp -ffp-contract=off -DOMP_EXPLICIT_SIMD=0 -fno-tree-vectorize,4699.641010,9d92a48896bfc25a,passed
adaptive-simd_off-t2-dynamicx16-r5-control_bands_256_6000x6000.png,2026-09-20T01:27:19Z,control_bands_256_6000x6000.png,6000,6000,Adaptive_Median,5,2,dynamic,16,off,yes,unset,unset,hype2,12.2.0,-O3 -Wall -Wextra -std=c++17 -fopenmp -ffp-contract=off -DOMP_EXPLICIT_SIMD=0 -fno-tree-vectorize,4718.888550,8f9bc97f03d5aae1,passed
adaptive-simd_off-avx2-t2-dynamicx16-r5-sky.jpg,2026-09-20T01:27:29Z,sky.jpg,6936,9248,Adaptive_Median,5,2,dynamic,16,off-avx2,yes,unset,unset,hype2,12.2.0,-O3 -Wall -Wextra -std=c++17 -fopenmp -ffp-contract=off -DOMP_EXPLICIT_SIMD=0 -fno-tree-vectorize -march=haswell,8817.796753,1e7ae9152e9643d5,passed
adaptive-simd_off-avx2-t2-dynamicx16-r5-stars.jpg,2026-09-20T01:27:45Z,stars.jpg,12960,8640,Adaptive_Median,5,2,dynamic,16,off-avx2,yes,unset,unset,hype2,12.2.0,-O3 -Wall -Wextra -std=c++17 -fopenmp -ffp-contract=off -DOMP_EXPLICIT_SIMD=0 -fno-tree-vectorize -march=haswell,14016.454928,626f977055f1c658,passed
adaptive-simd_off-avx2-t2-dynamicx16-r5-rain_paisage.jpg,2026-09-20T01:28:14Z,rain_paisage.jpg,12288,16320,Adaptive_Median,5,2,dynamic,16,off-avx2,yes,unset,unset,hype2,12.2.0,-O3 -Wall -Wextra -std=c++17 -fopenmp -ffp-contract=off -DOMP_EXPLICIT_SIMD=0 -fno-tree-vectorize -march=haswell,26220.959738,d0fdcd4b2e74abf3,passed
adaptive-simd_off-avx2-t2-dynamicx16-r5-firework.jpg,2026-09-20T01:28:42Z,firework.jpg,11125,16688,Adaptive_Median,5,2,dynamic,16,off-avx2,yes,unset,unset,hype2,12.2.0,-O3 -Wall -Wextra -std=c++17 -fopenmp -ffp-contract=off -DOMP_EXPLICIT_SIMD=0 -fno-tree-vectorize -march=haswell,25256.302716,cae2b8384ddb6aac,passed
adaptive-simd_off-avx2-t2-dynamicx16-r5-control_smooth_6000x6000.png,2026-09-20T01:28:49Z,control_smooth_6000x6000.png,6000,6000,Adaptive_Median,5,2,dynamic,16,off-avx2,yes,unset,unset,hype2,12.2.0,-O3 -Wall -Wextra -std=c++17 -fopenmp -ffp-contract=off -DOMP_EXPLICIT_SIMD=0 -fno-tree-vectorize -march=haswell,6582.256942,596e3c6929662ab9,passed
adaptive-simd_off-avx2-t2-dynamicx16-r5-control_noise_6000x6000.png,2026-09-20T01:28:55Z,control_noise_6000x6000.png,6000,6000,Adaptive_Median,5,2,dynamic,16,off-avx2,yes,unset,unset,hype2,12.2.0,-O3 -Wall -Wextra -std=c++17 -fopenmp -ffp-contract=off -DOMP_EXPLICIT_SIMD=0 -fno-tree-vectorize -march=haswell,4940.157055,fcb58a627e9d9740,passed
adaptive-simd_off-avx2-t2-dynamicx16-r5-control_half_noise_6000x6000.png,2026-09-20T01:29:01Z,control_half_noise_6000x6000.png,6000,6000,Adaptive_Median,5,2,dynamic,16,off-avx2,yes,unset,unset,hype2,12.2.0,-O3 -Wall -Wextra -std=c++17 -fopenmp -ffp-contract=off -DOMP_EXPLICIT_SIMD=0 -fno-tree-vectorize -march=haswell,4893.982795,9d92a48896bfc25a,passed
adaptive-simd_off-avx2-t2-dynamicx16-r5-control_bands_256_6000x6000.png,2026-09-20T01:29:06Z,control_bands_256_6000x6000.png,6000,6000,Adaptive_Median,5,2,dynamic,16,off-avx2,yes,unset,unset,hype2,12.2.0,-O3 -Wall -Wextra -std=c++17 -fopenmp -ffp-contract=off -DOMP_EXPLICIT_SIMD=0 -fno-tree-vectorize -march=haswell,4913.268727,8f9bc97f03d5aae1,passed
adaptive-simd_omp-t2-dynamicx16-r5-sky.jpg,2026-09-20T01:29:16Z,sky.jpg,6936,9248,Adaptive_Median,5,2,dynamic,16,omp,yes,unset,unset,hype2,12.2.0,-O3 -Wall -Wextra -std=c++17 -fopenmp -ffp-contract=off -DOMP_EXPLICIT_SIMD=1,8674.374876,1e7ae9152e9643d5,passed
adaptive-simd_omp-t2-dynamicx16-r5-stars.jpg,2026-09-20T01:29:32Z,stars.jpg,12960,8640,Adaptive_Median,5,2,dynamic,16,omp,yes,unset,unset,hype2,12.2.0,-O3 -Wall -Wextra -std=c++17 -fopenmp -ffp-contract=off -DOMP_EXPLICIT_SIMD=1,13807.918252,626f977055f1c658,passed
adaptive-simd_omp-t2-dynamicx16-r5-rain_paisage.jpg,2026-09-20T01:30:01Z,rain_paisage.jpg,12288,16320,Adaptive_Median,5,2,dynamic,16,omp,yes,unset,unset,hype2,12.2.0,-O3 -Wall -Wextra -std=c++17 -fopenmp -ffp-contract=off -DOMP_EXPLICIT_SIMD=1,25602.181378,d0fdcd4b2e74abf3,passed
adaptive-simd_omp-t2-dynamicx16-r5-firework.jpg,2026-09-20T01:30:28Z,firework.jpg,11125,16688,Adaptive_Median,5,2,dynamic,16,omp,yes,unset,unset,hype2,12.2.0,-O3 -Wall -Wextra -std=c++17 -fopenmp -ffp-contract=off -DOMP_EXPLICIT_SIMD=1,24731.744185,cae2b8384ddb6aac,passed
adaptive-simd_omp-t2-dynamicx16-r5-control_smooth_6000x6000.png,2026-09-20T01:30:35Z,control_smooth_6000x6000.png,6000,6000,Adaptive_Median,5,2,dynamic,16,omp,yes,unset,unset,hype2,12.2.0,-O3 -Wall -Wextra -std=c++17 -fopenmp -ffp-contract=off -DOMP_EXPLICIT_SIMD=1,6540.909109,596e3c6929662ab9,passed
adaptive-simd_omp-t2-dynamicx16-r5-control_noise_6000x6000.png,2026-09-20T01:30:41Z,control_noise_6000x6000.png,6000,6000,Adaptive_Median,5,2,dynamic,16,omp,yes,unset,unset,hype2,12.2.0,-O3 -Wall -Wextra -std=c++17 -fopenmp -ffp-contract=off -DOMP_EXPLICIT_SIMD=1,4721.118406,fcb58a627e9d9740,passed
adaptive-simd_omp-t2-dynamicx16-r5-control_half_noise_6000x6000.png,2026-09-20T01:30:46Z,control_half_noise_6000x6000.png,6000,6000,Adaptive_Median,5,2,dynamic,16,omp,yes,unset,unset,hype2,12.2.0,-O3 -Wall -Wextra -std=c++17 -fopenmp -ffp-contract=off -DOMP_EXPLICIT_SIMD=1,4822.986060,9d92a48896bfc25a,passed
adaptive-simd_omp-t2-dynamicx16-r5-control_bands_256_6000x6000.png,2026-09-20T01:30:52Z,control_bands_256_6000x6000.png,6000,6000,Adaptive_Median,5,2,dynamic,16,omp,yes,unset,unset,hype2,12.2.0,-O3 -Wall -Wextra -std=c++17 -fopenmp -ffp-contract=off -DOMP_EXPLICIT_SIMD=1,4850.296538,8f9bc97f03d5aae1,passed
adaptive-simd_omp-avx2-t2-dynamicx16-r5-sky.jpg,2026-09-20T01:31:02Z,sky.jpg,6936,9248,Adaptive_Median,5,2,dynamic,16,omp-avx2,yes,unset,unset,hype2,12.2.0,-O3 -Wall -Wextra -std=c++17 -fopenmp -ffp-contract=off -DOMP_EXPLICIT_SIMD=1 -march=haswell,8984.751102,1e7ae9152e9643d5,passed
adaptive-simd_omp-avx2-t2-dynamicx16-r5-stars.jpg,2026-09-20T01:31:18Z,stars.jpg,12960,8640,Adaptive_Median,5,2,dynamic,16,omp-avx2,yes,unset,unset,hype2,12.2.0,-O3 -Wall -Wextra -std=c++17 -fopenmp -ffp-contract=off -DOMP_EXPLICIT_SIMD=1 -march=haswell,14315.401658,626f977055f1c658,passed
adaptive-simd_omp-avx2-t2-dynamicx16-r5-rain_paisage.jpg,2026-09-20T01:31:48Z,rain_paisage.jpg,12288,16320,Adaptive_Median,5,2,dynamic,16,omp-avx2,yes,unset,unset,hype2,12.2.0,-O3 -Wall -Wextra -std=c++17 -fopenmp -ffp-contract=off -DOMP_EXPLICIT_SIMD=1 -march=haswell,26553.658745,d0fdcd4b2e74abf3,passed
adaptive-simd_omp-avx2-t2-dynamicx16-r5-firework.jpg,2026-09-20T01:32:17Z,firework.jpg,11125,16688,Adaptive_Median,5,2,dynamic,16,omp-avx2,yes,unset,unset,hype2,12.2.0,-O3 -Wall -Wextra -std=c++17 -fopenmp -ffp-contract=off -DOMP_EXPLICIT_SIMD=1 -march=haswell,25660.181447,cae2b8384ddb6aac,passed
adaptive-simd_omp-avx2-t2-dynamicx16-r5-control_smooth_6000x6000.png,2026-09-20T01:32:24Z,control_smooth_6000x6000.png,6000,6000,Adaptive_Median,5,2,dynamic,16,omp-avx2,yes,unset,unset,hype2,12.2.0,-O3 -Wall -Wextra -std=c++17 -fopenmp -ffp-contract=off -DOMP_EXPLICIT_SIMD=1 -march=haswell,6669.690910,596e3c6929662ab9,passed
adaptive-simd_omp-avx2-t2-dynamicx16-r5-control_noise_6000x6000.png,2026-09-20T01:32:29Z,control_noise_6000x6000.png,6000,6000,Adaptive_Median,5,2,dynamic,16,omp-avx2,yes,unset,unset,hype2,12.2.0,-O3 -Wall -Wextra -std=c++17 -fopenmp -ffp-contract=off -DOMP_EXPLICIT_SIMD=1 -march=haswell,5026.470877,fcb58a627e9d9740,passed
adaptive-simd_omp-avx2-t2-dynamicx16-r5-control_half_noise_6000x6000.png,2026-09-20T01:32:35Z,control_half_noise_6000x6000.png,6000,6000,Adaptive_Median,5,2,dynamic,16,omp-avx2,yes,unset,unset,hype2,12.2.0,-O3 -Wall -Wextra -std=c++17 -fopenmp -ffp-contract=off -DOMP_EXPLICIT_SIMD=1 -march=haswell,5030.111573,9d92a48896bfc25a,passed
adaptive-simd_omp-avx2-t2-dynamicx16-r5-control_bands_256_6000x6000.png,2026-09-20T01:32:41Z,control_bands_256_6000x6000.png,6000,6000,Adaptive_Median,5,2,dynamic,16,omp-avx2,yes,unset,unset,hype2,12.2.0,-O3 -Wall -Wextra -std=c++17 -fopenmp -ffp-contract=off -DOMP_EXPLICIT_SIMD=1 -march=haswell,4997.357864,8f9bc97f03d5aae1,passed
adaptive-simd_off-t2-static-r5-sky.jpg,2026-09-20T01:32:50Z,sky.jpg,6936,9248,Adaptive_Median,5,2,static,,off,yes,unset,unset,hype2,12.2.0,-O3 -Wall -Wextra -std=c++17 -fopenmp -ffp-contract=off -DOMP_EXPLICIT_SIMD=0 -fno-tree-vectorize,8595.849061,1e7ae9152e9643d5,passed
adaptive-simd_off-t2-static-r5-stars.jpg,2026-09-20T01:33:06Z,stars.jpg,12960,8640,Adaptive_Median,5,2,static,,off,yes,unset,unset,hype2,12.2.0,-O3 -Wall -Wextra -std=c++17 -fopenmp -ffp-contract=off -DOMP_EXPLICIT_SIMD=0 -fno-tree-vectorize,13514.188373,626f977055f1c658,passed
adaptive-simd_off-t2-static-r5-rain_paisage.jpg,2026-09-20T01:33:43Z,rain_paisage.jpg,12288,16320,Adaptive_Median,5,2,static,,off,yes,unset,unset,hype2,12.2.0,-O3 -Wall -Wextra -std=c++17 -fopenmp -ffp-contract=off -DOMP_EXPLICIT_SIMD=0 -fno-tree-vectorize,33732.728450,d0fdcd4b2e74abf3,passed
adaptive-simd_off-t2-static-r5-firework.jpg,2026-09-20T01:34:13Z,firework.jpg,11125,16688,Adaptive_Median,5,2,static,,off,yes,unset,unset,hype2,12.2.0,-O3 -Wall -Wextra -std=c++17 -fopenmp -ffp-contract=off -DOMP_EXPLICIT_SIMD=0 -fno-tree-vectorize,27180.168266,cae2b8384ddb6aac,passed
adaptive-simd_off-t2-static-r5-control_smooth_6000x6000.png,2026-09-20T01:34:20Z,control_smooth_6000x6000.png,6000,6000,Adaptive_Median,5,2,static,,off,yes,unset,unset,hype2,12.2.0,-O3 -Wall -Wextra -std=c++17 -fopenmp -ffp-contract=off -DOMP_EXPLICIT_SIMD=0 -fno-tree-vectorize,6369.248342,596e3c6929662ab9,passed
adaptive-simd_off-t2-static-r5-control_noise_6000x6000.png,2026-09-20T01:34:25Z,control_noise_6000x6000.png,6000,6000,Adaptive_Median,5,2,static,,off,yes,unset,unset,hype2,12.2.0,-O3 -Wall -Wextra -std=c++17 -fopenmp -ffp-contract=off -DOMP_EXPLICIT_SIMD=0 -fno-tree-vectorize,4623.473372,fcb58a627e9d9740,passed
adaptive-simd_off-t2-static-r5-control_half_noise_6000x6000.png,2026-09-20T01:34:32Z,control_half_noise_6000x6000.png,6000,6000,Adaptive_Median,5,2,static,,off,yes,unset,unset,hype2,12.2.0,-O3 -Wall -Wextra -std=c++17 -fopenmp -ffp-contract=off -DOMP_EXPLICIT_SIMD=0 -fno-tree-vectorize,6460.740259,9d92a48896bfc25a,passed
adaptive-simd_off-t2-static-r5-control_bands_256_6000x6000.png,2026-09-20T01:34:38Z,control_bands_256_6000x6000.png,6000,6000,Adaptive_Median,5,2,static,,off,yes,unset,unset,hype2,12.2.0,-O3 -Wall -Wextra -std=c++17 -fopenmp -ffp-contract=off -DOMP_EXPLICIT_SIMD=0 -fno-tree-vectorize,4707.253134,8f9bc97f03d5aae1,passed
adaptive-simd_off-avx2-t2-static-r5-sky.jpg,2026-09-20T01:34:48Z,sky.jpg,6936,9248,Adaptive_Median,5,2,static,,off-avx2,yes,unset,unset,hype2,12.2.0,-O3 -Wall -Wextra -std=c++17 -fopenmp -ffp-contract=off -DOMP_EXPLICIT_SIMD=0 -fno-tree-vectorize -march=haswell,8961.535023,1e7ae9152e9643d5,passed
adaptive-simd_off-avx2-t2-static-r5-stars.jpg,2026-09-20T01:35:04Z,stars.jpg,12960,8640,Adaptive_Median,5,2,static,,off-avx2,yes,unset,unset,hype2,12.2.0,-O3 -Wall -Wextra -std=c++17 -fopenmp -ffp-contract=off -DOMP_EXPLICIT_SIMD=0 -fno-tree-vectorize -march=haswell,14168.742433,626f977055f1c658,passed
adaptive-simd_off-avx2-t2-static-r5-rain_paisage.jpg,2026-09-20T01:35:42Z,rain_paisage.jpg,12288,16320,Adaptive_Median,5,2,static,,off-avx2,yes,unset,unset,hype2,12.2.0,-O3 -Wall -Wextra -std=c++17 -fopenmp -ffp-contract=off -DOMP_EXPLICIT_SIMD=0 -fno-tree-vectorize -march=haswell,34889.122241,d0fdcd4b2e74abf3,passed
adaptive-simd_off-avx2-t2-static-r5-firework.jpg,2026-09-20T01:36:13Z,firework.jpg,11125,16688,Adaptive_Median,5,2,static,,off-avx2,yes,unset,unset,hype2,12.2.0,-O3 -Wall -Wextra -std=c++17 -fopenmp -ffp-contract=off -DOMP_EXPLICIT_SIMD=0 -fno-tree-vectorize -march=haswell,28257.173732,cae2b8384ddb6aac,passed
adaptive-simd_off-avx2-t2-static-r5-control_smooth_6000x6000.png,2026-09-20T01:36:20Z,control_smooth_6000x6000.png,6000,6000,Adaptive_Median,5,2,static,,off-avx2,yes,unset,unset,hype2,12.2.0,-O3 -Wall -Wextra -std=c++17 -fopenmp -ffp-contract=off -DOMP_EXPLICIT_SIMD=0 -fno-tree-vectorize -march=haswell,6556.951289,596e3c6929662ab9,passed
adaptive-simd_off-avx2-t2-static-r5-control_noise_6000x6000.png,2026-09-20T01:36:26Z,control_noise_6000x6000.png,6000,6000,Adaptive_Median,5,2,static,,off-avx2,yes,unset,unset,hype2,12.2.0,-O3 -Wall -Wextra -std=c++17 -fopenmp -ffp-contract=off -DOMP_EXPLICIT_SIMD=0 -fno-tree-vectorize -march=haswell,4882.860163,fcb58a627e9d9740,passed
adaptive-simd_off-avx2-t2-static-r5-control_half_noise_6000x6000.png,2026-09-20T01:36:33Z,control_half_noise_6000x6000.png,6000,6000,Adaptive_Median,5,2,static,,off-avx2,yes,unset,unset,hype2,12.2.0,-O3 -Wall -Wextra -std=c++17 -fopenmp -ffp-contract=off -DOMP_EXPLICIT_SIMD=0 -fno-tree-vectorize -march=haswell,6676.864247,9d92a48896bfc25a,passed
adaptive-simd_off-avx2-t2-static-r5-control_bands_256_6000x6000.png,2026-09-20T01:36:39Z,control_bands_256_6000x6000.png,6000,6000,Adaptive_Median,5,2,static,,off-avx2,yes,unset,unset,hype2,12.2.0,-O3 -Wall -Wextra -std=c++17 -fopenmp -ffp-contract=off -DOMP_EXPLICIT_SIMD=0 -fno-tree-vectorize -march=haswell,4892.906647,8f9bc97f03d5aae1,passed
adaptive-simd_omp-t2-static-r5-sky.jpg,2026-09-20T01:36:49Z,sky.jpg,6936,9248,Adaptive_Median,5,2,static,,omp,yes,unset,unset,hype2,12.2.0,-O3 -Wall -Wextra -std=c++17 -fopenmp -ffp-contract=off -DOMP_EXPLICIT_SIMD=1,8801.821923,1e7ae9152e9643d5,passed
adaptive-simd_omp-t2-static-r5-stars.jpg,2026-09-20T01:37:05Z,stars.jpg,12960,8640,Adaptive_Median,5,2,static,,omp,yes,unset,unset,hype2,12.2.0,-O3 -Wall -Wextra -std=c++17 -fopenmp -ffp-contract=off -DOMP_EXPLICIT_SIMD=1,13842.878712,626f977055f1c658,passed
adaptive-simd_omp-t2-static-r5-rain_paisage.jpg,2026-09-20T01:37:42Z,rain_paisage.jpg,12288,16320,Adaptive_Median,5,2,static,,omp,yes,unset,unset,hype2,12.2.0,-O3 -Wall -Wextra -std=c++17 -fopenmp -ffp-contract=off -DOMP_EXPLICIT_SIMD=1,34179.664863,d0fdcd4b2e74abf3,passed
adaptive-simd_omp-t2-static-r5-firework.jpg,2026-09-20T01:38:13Z,firework.jpg,11125,16688,Adaptive_Median,5,2,static,,omp,yes,unset,unset,hype2,12.2.0,-O3 -Wall -Wextra -std=c++17 -fopenmp -ffp-contract=off -DOMP_EXPLICIT_SIMD=1,27699.248745,cae2b8384ddb6aac,passed
adaptive-simd_omp-t2-static-r5-control_smooth_6000x6000.png,2026-09-20T01:38:20Z,control_smooth_6000x6000.png,6000,6000,Adaptive_Median,5,2,static,,omp,yes,unset,unset,hype2,12.2.0,-O3 -Wall -Wextra -std=c++17 -fopenmp -ffp-contract=off -DOMP_EXPLICIT_SIMD=1,6513.697663,596e3c6929662ab9,passed
adaptive-simd_omp-t2-static-r5-control_noise_6000x6000.png,2026-09-20T01:38:25Z,control_noise_6000x6000.png,6000,6000,Adaptive_Median,5,2,static,,omp,yes,unset,unset,hype2,12.2.0,-O3 -Wall -Wextra -std=c++17 -fopenmp -ffp-contract=off -DOMP_EXPLICIT_SIMD=1,4709.055743,fcb58a627e9d9740,passed
adaptive-simd_omp-t2-static-r5-control_half_noise_6000x6000.png,2026-09-20T01:38:32Z,control_half_noise_6000x6000.png,6000,6000,Adaptive_Median,5,2,static,,omp,yes,unset,unset,hype2,12.2.0,-O3 -Wall -Wextra -std=c++17 -fopenmp -ffp-contract=off -DOMP_EXPLICIT_SIMD=1,6591.931625,9d92a48896bfc25a,passed
adaptive-simd_omp-t2-static-r5-control_bands_256_6000x6000.png,2026-09-20T01:38:38Z,control_bands_256_6000x6000.png,6000,6000,Adaptive_Median,5,2,static,,omp,yes,unset,unset,hype2,12.2.0,-O3 -Wall -Wextra -std=c++17 -fopenmp -ffp-contract=off -DOMP_EXPLICIT_SIMD=1,4832.208927,8f9bc97f03d5aae1,passed
adaptive-simd_omp-avx2-t2-static-r5-sky.jpg,2026-09-20T01:38:48Z,sky.jpg,6936,9248,Adaptive_Median,5,2,static,,omp-avx2,yes,unset,unset,hype2,12.2.0,-O3 -Wall -Wextra -std=c++17 -fopenmp -ffp-contract=off -DOMP_EXPLICIT_SIMD=1 -march=haswell,9127.380308,1e7ae9152e9643d5,passed
adaptive-simd_omp-avx2-t2-static-r5-stars.jpg,2026-09-20T01:39:05Z,stars.jpg,12960,8640,Adaptive_Median,5,2,static,,omp-avx2,yes,unset,unset,hype2,12.2.0,-O3 -Wall -Wextra -std=c++17 -fopenmp -ffp-contract=off -DOMP_EXPLICIT_SIMD=1 -march=haswell,14479.915521,626f977055f1c658,passed
adaptive-simd_omp-avx2-t2-static-r5-rain_paisage.jpg,2026-09-20T01:39:43Z,rain_paisage.jpg,12288,16320,Adaptive_Median,5,2,static,,omp-avx2,yes,unset,unset,hype2,12.2.0,-O3 -Wall -Wextra -std=c++17 -fopenmp -ffp-contract=off -DOMP_EXPLICIT_SIMD=1 -march=haswell,35281.360441,d0fdcd4b2e74abf3,passed
adaptive-simd_omp-avx2-t2-static-r5-firework.jpg,2026-09-20T01:40:15Z,firework.jpg,11125,16688,Adaptive_Median,5,2,static,,omp-avx2,yes,unset,unset,hype2,12.2.0,-O3 -Wall -Wextra -std=c++17 -fopenmp -ffp-contract=off -DOMP_EXPLICIT_SIMD=1 -march=haswell,28759.317398,cae2b8384ddb6aac,passed
adaptive-simd_omp-avx2-t2-static-r5-control_smooth_6000x6000.png,2026-09-20T01:40:22Z,control_smooth_6000x6000.png,6000,6000,Adaptive_Median,5,2,static,,omp-avx2,yes,unset,unset,hype2,12.2.0,-O3 -Wall -Wextra -std=c++17 -fopenmp -ffp-contract=off -DOMP_EXPLICIT_SIMD=1 -march=haswell,6647.871769,596e3c6929662ab9,passed
adaptive-simd_omp-avx2-t2-static-r5-control_noise_6000x6000.png,2026-09-20T01:40:28Z,control_noise_6000x6000.png,6000,6000,Adaptive_Median,5,2,static,,omp-avx2,yes,unset,unset,hype2,12.2.0,-O3 -Wall -Wextra -std=c++17 -fopenmp -ffp-contract=off -DOMP_EXPLICIT_SIMD=1 -march=haswell,5014.393770,fcb58a627e9d9740,passed
adaptive-simd_omp-avx2-t2-static-r5-control_half_noise_6000x6000.png,2026-09-20T01:40:35Z,control_half_noise_6000x6000.png,6000,6000,Adaptive_Median,5,2,static,,omp-avx2,yes,unset,unset,hype2,12.2.0,-O3 -Wall -Wextra -std=c++17 -fopenmp -ffp-contract=off -DOMP_EXPLICIT_SIMD=1 -march=haswell,6797.342839,9d92a48896bfc25a,passed
adaptive-simd_omp-avx2-t2-static-r5-control_bands_256_6000x6000.png,2026-09-20T01:40:41Z,control_bands_256_6000x6000.png,6000,6000,Adaptive_Median,5,2,static,,omp-avx2,yes,unset,unset,hype2,12.2.0,-O3 -Wall -Wextra -std=c++17 -fopenmp -ffp-contract=off -DOMP_EXPLICIT_SIMD=1 -march=haswell,5017.774043,8f9bc97f03d5aae1,passed
adaptive-simd_off-t4-static-r1-sky.jpg,2026-09-20T01:49:27Z,sky.jpg,6936,9248,Adaptive_Median,1,4,static,,off,yes,unset,unset,hype2,12.2.0,-O3 -Wall -Wextra -std=c++17 -fopenmp -ffp-contract=off -DOMP_EXPLICIT_SIMD=0 -fno-tree-vectorize,4563.939361,1e7ae9152e9643d5,passed
adaptive-simd_off-t4-static-r1-stars.jpg,2026-09-20T01:49:36Z,stars.jpg,12960,8640,Adaptive_Median,1,4,static,,off,yes,unset,unset,hype2,12.2.0,-O3 -Wall -Wextra -std=c++17 -fopenmp -ffp-contract=off -DOMP_EXPLICIT_SIMD=0 -fno-tree-vectorize,7183.319899,626f977055f1c658,passed
adaptive-simd_off-t4-static-r1-rain_paisage.jpg,2026-09-20T01:49:57Z,rain_paisage.jpg,12288,16320,Adaptive_Median,1,4,static,,off,yes,unset,unset,hype2,12.2.0,-O3 -Wall -Wextra -std=c++17 -fopenmp -ffp-contract=off -DOMP_EXPLICIT_SIMD=0 -fno-tree-vectorize,17604.118230,d0fdcd4b2e74abf3,passed
adaptive-simd_off-t4-static-r1-firework.jpg,2026-09-20T01:50:16Z,firework.jpg,11125,16688,Adaptive_Median,1,4,static,,off,yes,unset,unset,hype2,12.2.0,-O3 -Wall -Wextra -std=c++17 -fopenmp -ffp-contract=off -DOMP_EXPLICIT_SIMD=0 -fno-tree-vectorize,16117.753219,cae2b8384ddb6aac,passed
adaptive-simd_off-t4-static-r1-control_smooth_6000x6000.png,2026-09-20T01:50:19Z,control_smooth_6000x6000.png,6000,6000,Adaptive_Median,1,4,static,,off,yes,unset,unset,hype2,12.2.0,-O3 -Wall -Wextra -std=c++17 -fopenmp -ffp-contract=off -DOMP_EXPLICIT_SIMD=0 -fno-tree-vectorize,3239.873845,596e3c6929662ab9,passed
adaptive-simd_off-t4-static-r1-control_noise_6000x6000.png,2026-09-20T01:50:22Z,control_noise_6000x6000.png,6000,6000,Adaptive_Median,1,4,static,,off,yes,unset,unset,hype2,12.2.0,-O3 -Wall -Wextra -std=c++17 -fopenmp -ffp-contract=off -DOMP_EXPLICIT_SIMD=0 -fno-tree-vectorize,2327.403964,fcb58a627e9d9740,passed
adaptive-simd_off-t4-static-r1-control_half_noise_6000x6000.png,2026-09-20T01:50:26Z,control_half_noise_6000x6000.png,6000,6000,Adaptive_Median,1,4,static,,off,yes,unset,unset,hype2,12.2.0,-O3 -Wall -Wextra -std=c++17 -fopenmp -ffp-contract=off -DOMP_EXPLICIT_SIMD=0 -fno-tree-vectorize,3297.248320,9d92a48896bfc25a,passed
adaptive-simd_off-t4-static-r1-control_bands_256_6000x6000.png,2026-09-20T01:50:30Z,control_bands_256_6000x6000.png,6000,6000,Adaptive_Median,1,4,static,,off,yes,unset,unset,hype2,12.2.0,-O3 -Wall -Wextra -std=c++17 -fopenmp -ffp-contract=off -DOMP_EXPLICIT_SIMD=0 -fno-tree-vectorize,2402.181894,8f9bc97f03d5aae1,passed
adaptive-simd_off-avx2-t4-static-r1-sky.jpg,2026-09-20T01:50:35Z,sky.jpg,6936,9248,Adaptive_Median,1,4,static,,off-avx2,yes,unset,unset,hype2,12.2.0,-O3 -Wall -Wextra -std=c++17 -fopenmp -ffp-contract=off -DOMP_EXPLICIT_SIMD=0 -fno-tree-vectorize -march=haswell,4770.990298,1e7ae9152e9643d5,passed
adaptive-simd_off-avx2-t4-static-r1-stars.jpg,2026-09-20T01:50:45Z,stars.jpg,12960,8640,Adaptive_Median,1,4,static,,off-avx2,yes,unset,unset,hype2,12.2.0,-O3 -Wall -Wextra -std=c++17 -fopenmp -ffp-contract=off -DOMP_EXPLICIT_SIMD=0 -fno-tree-vectorize -march=haswell,7458.138776,626f977055f1c658,passed
adaptive-simd_off-avx2-t4-static-r1-rain_paisage.jpg,2026-09-20T01:51:07Z,rain_paisage.jpg,12288,16320,Adaptive_Median,1,4,static,,off-avx2,yes,unset,unset,hype2,12.2.0,-O3 -Wall -Wextra -std=c++17 -fopenmp -ffp-contract=off -DOMP_EXPLICIT_SIMD=0 -fno-tree-vectorize -march=haswell,18214.145265,d0fdcd4b2e74abf3,passed
adaptive-simd_off-avx2-t4-static-r1-firework.jpg,2026-09-20T01:51:26Z,firework.jpg,11125,16688,Adaptive_Median,1,4,static,,off-avx2,yes,unset,unset,hype2,12.2.0,-O3 -Wall -Wextra -std=c++17 -fopenmp -ffp-contract=off -DOMP_EXPLICIT_SIMD=0 -fno-tree-vectorize -march=haswell,16638.360741,cae2b8384ddb6aac,passed
adaptive-simd_off-avx2-t4-static-r1-control_smooth_6000x6000.png,2026-09-20T01:51:30Z,control_smooth_6000x6000.png,6000,6000,Adaptive_Median,1,4,static,,off-avx2,yes,unset,unset,hype2,12.2.0,-O3 -Wall -Wextra -std=c++17 -fopenmp -ffp-contract=off -DOMP_EXPLICIT_SIMD=0 -fno-tree-vectorize -march=haswell,3333.731134,596e3c6929662ab9,passed
adaptive-simd_off-avx2-t4-static-r1-control_noise_6000x6000.png,2026-09-20T01:51:33Z,control_noise_6000x6000.png,6000,6000,Adaptive_Median,1,4,static,,off-avx2,yes,unset,unset,hype2,12.2.0,-O3 -Wall -Wextra -std=c++17 -fopenmp -ffp-contract=off -DOMP_EXPLICIT_SIMD=0 -fno-tree-vectorize -march=haswell,2498.623742,fcb58a627e9d9740,passed
adaptive-simd_off-avx2-t4-static-r1-control_half_noise_6000x6000.png,2026-09-20T01:51:37Z,control_half_noise_6000x6000.png,6000,6000,Adaptive_Median,1,4,static,,off-avx2,yes,unset,unset,hype2,12.2.0,-O3 -Wall -Wextra -std=c++17 -fopenmp -ffp-contract=off -DOMP_EXPLICIT_SIMD=0 -fno-tree-vectorize -march=haswell,3409.349332,9d92a48896bfc25a,passed
adaptive-simd_off-avx2-t4-static-r1-control_bands_256_6000x6000.png,2026-09-20T01:51:40Z,control_bands_256_6000x6000.png,6000,6000,Adaptive_Median,1,4,static,,off-avx2,yes,unset,unset,hype2,12.2.0,-O3 -Wall -Wextra -std=c++17 -fopenmp -ffp-contract=off -DOMP_EXPLICIT_SIMD=0 -fno-tree-vectorize -march=haswell,2503.332228,8f9bc97f03d5aae1,passed
adaptive-simd_omp-t4-static-r1-sky.jpg,2026-09-20T01:51:46Z,sky.jpg,6936,9248,Adaptive_Median,1,4,static,,omp,yes,unset,unset,hype2,12.2.0,-O3 -Wall -Wextra -std=c++17 -fopenmp -ffp-contract=off -DOMP_EXPLICIT_SIMD=1,4669.671748,1e7ae9152e9643d5,passed
adaptive-simd_omp-t4-static-r1-stars.jpg,2026-09-20T01:51:56Z,stars.jpg,12960,8640,Adaptive_Median,1,4,static,,omp,yes,unset,unset,hype2,12.2.0,-O3 -Wall -Wextra -std=c++17 -fopenmp -ffp-contract=off -DOMP_EXPLICIT_SIMD=1,7283.484554,626f977055f1c658,passed
adaptive-simd_omp-t4-static-r1-rain_paisage.jpg,2026-09-20T01:52:17Z,rain_paisage.jpg,12288,16320,Adaptive_Median,1,4,static,,omp,yes,unset,unset,hype2,12.2.0,-O3 -Wall -Wextra -std=c++17 -fopenmp -ffp-contract=off -DOMP_EXPLICIT_SIMD=1,17911.214006,d0fdcd4b2e74abf3,passed
adaptive-simd_omp-t4-static-r1-firework.jpg,2026-09-20T01:52:36Z,firework.jpg,11125,16688,Adaptive_Median,1,4,static,,omp,yes,unset,unset,hype2,12.2.0,-O3 -Wall -Wextra -std=c++17 -fopenmp -ffp-contract=off -DOMP_EXPLICIT_SIMD=1,16898.596938,cae2b8384ddb6aac,passed
adaptive-simd_omp-t4-static-r1-control_smooth_6000x6000.png,2026-09-20T01:52:40Z,control_smooth_6000x6000.png,6000,6000,Adaptive_Median,1,4,static,,omp,yes,unset,unset,hype2,12.2.0,-O3 -Wall -Wextra -std=c++17 -fopenmp -ffp-contract=off -DOMP_EXPLICIT_SIMD=1,3317.974208,596e3c6929662ab9,passed
adaptive-simd_omp-t4-static-r1-control_noise_6000x6000.png,2026-09-20T01:52:43Z,control_noise_6000x6000.png,6000,6000,Adaptive_Median,1,4,static,,omp,yes,unset,unset,hype2,12.2.0,-O3 -Wall -Wextra -std=c++17 -fopenmp -ffp-contract=off -DOMP_EXPLICIT_SIMD=1,2384.818238,fcb58a627e9d9740,passed
adaptive-simd_omp-t4-static-r1-control_half_noise_6000x6000.png,2026-09-20T01:52:47Z,control_half_noise_6000x6000.png,6000,6000,Adaptive_Median,1,4,static,,omp,yes,unset,unset,hype2,12.2.0,-O3 -Wall -Wextra -std=c++17 -fopenmp -ffp-contract=off -DOMP_EXPLICIT_SIMD=1,3351.344497,9d92a48896bfc25a,passed
adaptive-simd_omp-t4-static-r1-control_bands_256_6000x6000.png,2026-09-20T01:52:50Z,control_bands_256_6000x6000.png,6000,6000,Adaptive_Median,1,4,static,,omp,yes,unset,unset,hype2,12.2.0,-O3 -Wall -Wextra -std=c++17 -fopenmp -ffp-contract=off -DOMP_EXPLICIT_SIMD=1,2482.167182,8f9bc97f03d5aae1,passed
adaptive-simd_omp-avx2-t4-static-r1-sky.jpg,2026-09-20T01:52:56Z,sky.jpg,6936,9248,Adaptive_Median,1,4,static,,omp-avx2,yes,unset,unset,hype2,12.2.0,-O3 -Wall -Wextra -std=c++17 -fopenmp -ffp-contract=off -DOMP_EXPLICIT_SIMD=1 -march=haswell,4836.413635,1e7ae9152e9643d5,passed
adaptive-simd_omp-avx2-t4-static-r1-stars.jpg,2026-09-20T01:53:06Z,stars.jpg,12960,8640,Adaptive_Median,1,4,static,,omp-avx2,yes,unset,unset,hype2,12.2.0,-O3 -Wall -Wextra -std=c++17 -fopenmp -ffp-contract=off -DOMP_EXPLICIT_SIMD=1 -march=haswell,7670.594501,626f977055f1c658,passed
adaptive-simd_omp-avx2-t4-static-r1-rain_paisage.jpg,2026-09-20T01:53:28Z,rain_paisage.jpg,12288,16320,Adaptive_Median,1,4,static,,omp-avx2,yes,unset,unset,hype2,12.2.0,-O3 -Wall -Wextra -std=c++17 -fopenmp -ffp-contract=off -DOMP_EXPLICIT_SIMD=1 -march=haswell,18389.740997,d0fdcd4b2e74abf3,passed
adaptive-simd_omp-avx2-t4-static-r1-firework.jpg,2026-09-20T01:53:48Z,firework.jpg,11125,16688,Adaptive_Median,1,4,static,,omp-avx2,yes,unset,unset,hype2,12.2.0,-O3 -Wall -Wextra -std=c++17 -fopenmp -ffp-contract=off -DOMP_EXPLICIT_SIMD=1 -march=haswell,16943.425504,cae2b8384ddb6aac,passed
adaptive-simd_omp-avx2-t4-static-r1-control_smooth_6000x6000.png,2026-09-20T01:53:51Z,control_smooth_6000x6000.png,6000,6000,Adaptive_Median,1,4,static,,omp-avx2,yes,unset,unset,hype2,12.2.0,-O3 -Wall -Wextra -std=c++17 -fopenmp -ffp-contract=off -DOMP_EXPLICIT_SIMD=1 -march=haswell,3380.831966,596e3c6929662ab9,passed
adaptive-simd_omp-avx2-t4-static-r1-control_noise_6000x6000.png,2026-09-20T01:53:55Z,control_noise_6000x6000.png,6000,6000,Adaptive_Median,1,4,static,,omp-avx2,yes,unset,unset,hype2,12.2.0,-O3 -Wall -Wextra -std=c++17 -fopenmp -ffp-contract=off -DOMP_EXPLICIT_SIMD=1 -march=haswell,2559.940180,fcb58a627e9d9740,passed
adaptive-simd_omp-avx2-t4-static-r1-control_half_noise_6000x6000.png,2026-09-20T01:53:59Z,control_half_noise_6000x6000.png,6000,6000,Adaptive_Median,1,4,static,,omp-avx2,yes,unset,unset,hype2,12.2.0,-O3 -Wall -Wextra -std=c++17 -fopenmp -ffp-contract=off -DOMP_EXPLICIT_SIMD=1 -march=haswell,3451.445705,9d92a48896bfc25a,passed
adaptive-simd_omp-avx2-t4-static-r1-control_bands_256_6000x6000.png,2026-09-20T01:54:02Z,control_bands_256_6000x6000.png,6000,6000,Adaptive_Median,1,4,static,,omp-avx2,yes,unset,unset,hype2,12.2.0,-O3 -Wall -Wextra -std=c++17 -fopenmp -ffp-contract=off -DOMP_EXPLICIT_SIMD=1 -march=haswell,2533.106349,8f9bc97f03d5aae1,passed
adaptive-simd_off-t4-dynamicx16-r1-sky.jpg,2026-09-20T01:54:07Z,sky.jpg,6936,9248,Adaptive_Median,1,4,dynamic,16,off,yes,unset,unset,hype2,12.2.0,-O3 -Wall -Wextra -std=c++17 -fopenmp -ffp-contract=off -DOMP_EXPLICIT_SIMD=0 -fno-tree-vectorize,4325.761868,1e7ae9152e9643d5,passed
adaptive-simd_off-t4-dynamicx16-r1-stars.jpg,2026-09-20T01:54:16Z,stars.jpg,12960,8640,Adaptive_Median,1,4,dynamic,16,off,yes,unset,unset,hype2,12.2.0,-O3 -Wall -Wextra -std=c++17 -fopenmp -ffp-contract=off -DOMP_EXPLICIT_SIMD=0 -fno-tree-vectorize,6765.759262,626f977055f1c658,passed
adaptive-simd_off-t4-dynamicx16-r1-rain_paisage.jpg,2026-09-20T01:54:32Z,rain_paisage.jpg,12288,16320,Adaptive_Median,1,4,dynamic,16,off,yes,unset,unset,hype2,12.2.0,-O3 -Wall -Wextra -std=c++17 -fopenmp -ffp-contract=off -DOMP_EXPLICIT_SIMD=0 -fno-tree-vectorize,12717.252826,d0fdcd4b2e74abf3,passed
adaptive-simd_off-t4-dynamicx16-r1-firework.jpg,2026-09-20T01:54:47Z,firework.jpg,11125,16688,Adaptive_Median,1,4,dynamic,16,off,yes,unset,unset,hype2,12.2.0,-O3 -Wall -Wextra -std=c++17 -fopenmp -ffp-contract=off -DOMP_EXPLICIT_SIMD=0 -fno-tree-vectorize,12272.206561,cae2b8384ddb6aac,passed
adaptive-simd_off-t4-dynamicx16-r1-control_smooth_6000x6000.png,2026-09-20T01:54:51Z,control_smooth_6000x6000.png,6000,6000,Adaptive_Median,1,4,dynamic,16,off,yes,unset,unset,hype2,12.2.0,-O3 -Wall -Wextra -std=c++17 -fopenmp -ffp-contract=off -DOMP_EXPLICIT_SIMD=0 -fno-tree-vectorize,3254.738946,596e3c6929662ab9,passed
adaptive-simd_off-t4-dynamicx16-r1-control_noise_6000x6000.png,2026-09-20T01:54:54Z,control_noise_6000x6000.png,6000,6000,Adaptive_Median,1,4,dynamic,16,off,yes,unset,unset,hype2,12.2.0,-O3 -Wall -Wextra -std=c++17 -fopenmp -ffp-contract=off -DOMP_EXPLICIT_SIMD=0 -fno-tree-vectorize,2349.489596,fcb58a627e9d9740,passed
adaptive-simd_off-t4-dynamicx16-r1-control_half_noise_6000x6000.png,2026-09-20T01:54:57Z,control_half_noise_6000x6000.png,6000,6000,Adaptive_Median,1,4,dynamic,16,off,yes,unset,unset,hype2,12.2.0,-O3 -Wall -Wextra -std=c++17 -fopenmp -ffp-contract=off -DOMP_EXPLICIT_SIMD=0 -fno-tree-vectorize,2389.227089,9d92a48896bfc25a,passed
adaptive-simd_off-t4-dynamicx16-r1-control_bands_256_6000x6000.png,2026-09-20T01:55:00Z,control_bands_256_6000x6000.png,6000,6000,Adaptive_Median,1,4,dynamic,16,off,yes,unset,unset,hype2,12.2.0,-O3 -Wall -Wextra -std=c++17 -fopenmp -ffp-contract=off -DOMP_EXPLICIT_SIMD=0 -fno-tree-vectorize,2412.507373,8f9bc97f03d5aae1,passed
adaptive-simd_off-avx2-t4-dynamicx16-r1-sky.jpg,2026-09-20T01:55:06Z,sky.jpg,6936,9248,Adaptive_Median,1,4,dynamic,16,off-avx2,yes,unset,unset,hype2,12.2.0,-O3 -Wall -Wextra -std=c++17 -fopenmp -ffp-contract=off -DOMP_EXPLICIT_SIMD=0 -fno-tree-vectorize -march=haswell,4500.735110,1e7ae9152e9643d5,passed
adaptive-simd_off-avx2-t4-dynamicx16-r1-stars.jpg,2026-09-20T01:55:15Z,stars.jpg,12960,8640,Adaptive_Median,1,4,dynamic,16,off-avx2,yes,unset,unset,hype2,12.2.0,-O3 -Wall -Wextra -std=c++17 -fopenmp -ffp-contract=off -DOMP_EXPLICIT_SIMD=0 -fno-tree-vectorize -march=haswell,7104.152472,626f977055f1c658,passed
adaptive-simd_off-avx2-t4-dynamicx16-r1-rain_paisage.jpg,2026-09-20T01:55:32Z,rain_paisage.jpg,12288,16320,Adaptive_Median,1,4,dynamic,16,off-avx2,yes,unset,unset,hype2,12.2.0,-O3 -Wall -Wextra -std=c++17 -fopenmp -ffp-contract=off -DOMP_EXPLICIT_SIMD=0 -fno-tree-vectorize -march=haswell,13273.302025,d0fdcd4b2e74abf3,passed
adaptive-simd_off-avx2-t4-dynamicx16-r1-firework.jpg,2026-09-20T01:55:48Z,firework.jpg,11125,16688,Adaptive_Median,1,4,dynamic,16,off-avx2,yes,unset,unset,hype2,12.2.0,-O3 -Wall -Wextra -std=c++17 -fopenmp -ffp-contract=off -DOMP_EXPLICIT_SIMD=0 -fno-tree-vectorize -march=haswell,13407.077648,cae2b8384ddb6aac,passed
adaptive-simd_off-avx2-t4-dynamicx16-r1-control_smooth_6000x6000.png,2026-09-20T01:55:52Z,control_smooth_6000x6000.png,6000,6000,Adaptive_Median,1,4,dynamic,16,off-avx2,yes,unset,unset,hype2,12.2.0,-O3 -Wall -Wextra -std=c++17 -fopenmp -ffp-contract=off -DOMP_EXPLICIT_SIMD=0 -fno-tree-vectorize -march=haswell,3349.622979,596e3c6929662ab9,passed
adaptive-simd_off-avx2-t4-dynamicx16-r1-control_noise_6000x6000.png,2026-09-20T01:55:55Z,control_noise_6000x6000.png,6000,6000,Adaptive_Median,1,4,dynamic,16,off-avx2,yes,unset,unset,hype2,12.2.0,-O3 -Wall -Wextra -std=c++17 -fopenmp -ffp-contract=off -DOMP_EXPLICIT_SIMD=0 -fno-tree-vectorize -march=haswell,2477.431281,fcb58a627e9d9740,passed
adaptive-simd_off-avx2-t4-dynamicx16-r1-control_half_noise_6000x6000.png,2026-09-20T01:55:58Z,control_half_noise_6000x6000.png,6000,6000,Adaptive_Median,1,4,dynamic,16,off-avx2,yes,unset,unset,hype2,12.2.0,-O3 -Wall -Wextra -std=c++17 -fopenmp -ffp-contract=off -DOMP_EXPLICIT_SIMD=0 -fno-tree-vectorize -march=haswell,2473.865179,9d92a48896bfc25a,passed
adaptive-simd_off-avx2-t4-dynamicx16-r1-control_bands_256_6000x6000.png,2026-09-20T01:56:01Z,control_bands_256_6000x6000.png,6000,6000,Adaptive_Median,1,4,dynamic,16,off-avx2,yes,unset,unset,hype2,12.2.0,-O3 -Wall -Wextra -std=c++17 -fopenmp -ffp-contract=off -DOMP_EXPLICIT_SIMD=0 -fno-tree-vectorize -march=haswell,2496.003784,8f9bc97f03d5aae1,passed
adaptive-simd_omp-t4-dynamicx16-r1-sky.jpg,2026-09-20T01:56:07Z,sky.jpg,6936,9248,Adaptive_Median,1,4,dynamic,16,omp,yes,unset,unset,hype2,12.2.0,-O3 -Wall -Wextra -std=c++17 -fopenmp -ffp-contract=off -DOMP_EXPLICIT_SIMD=1,4435.175142,1e7ae9152e9643d5,passed
adaptive-simd_omp-t4-dynamicx16-r1-stars.jpg,2026-09-20T01:56:16Z,stars.jpg,12960,8640,Adaptive_Median,1,4,dynamic,16,omp,yes,unset,unset,hype2,12.2.0,-O3 -Wall -Wextra -std=c++17 -fopenmp -ffp-contract=off -DOMP_EXPLICIT_SIMD=1,6943.591395,626f977055f1c658,passed
adaptive-simd_omp-t4-dynamicx16-r1-rain_paisage.jpg,2026-09-20T01:56:32Z,rain_paisage.jpg,12288,16320,Adaptive_Median,1,4,dynamic,16,omp,yes,unset,unset,hype2,12.2.0,-O3 -Wall -Wextra -std=c++17 -fopenmp -ffp-contract=off -DOMP_EXPLICIT_SIMD=1,12961.837227,d0fdcd4b2e74abf3,passed
adaptive-simd_omp-t4-dynamicx16-r1-firework.jpg,2026-09-20T01:56:48Z,firework.jpg,11125,16688,Adaptive_Median,1,4,dynamic,16,omp,yes,unset,unset,hype2,12.2.0,-O3 -Wall -Wextra -std=c++17 -fopenmp -ffp-contract=off -DOMP_EXPLICIT_SIMD=1,12548.392668,cae2b8384ddb6aac,passed
adaptive-simd_omp-t4-dynamicx16-r1-control_smooth_6000x6000.png,2026-09-20T01:56:51Z,control_smooth_6000x6000.png,6000,6000,Adaptive_Median,1,4,dynamic,16,omp,yes,unset,unset,hype2,12.2.0,-O3 -Wall -Wextra -std=c++17 -fopenmp -ffp-contract=off -DOMP_EXPLICIT_SIMD=1,3328.924162,596e3c6929662ab9,passed
adaptive-simd_omp-t4-dynamicx16-r1-control_noise_6000x6000.png,2026-09-20T01:56:54Z,control_noise_6000x6000.png,6000,6000,Adaptive_Median,1,4,dynamic,16,omp,yes,unset,unset,hype2,12.2.0,-O3 -Wall -Wextra -std=c++17 -fopenmp -ffp-contract=off -DOMP_EXPLICIT_SIMD=1,2399.425622,fcb58a627e9d9740,passed
adaptive-simd_omp-t4-dynamicx16-r1-control_half_noise_6000x6000.png,2026-09-20T01:56:57Z,control_half_noise_6000x6000.png,6000,6000,Adaptive_Median,1,4,dynamic,16,omp,yes,unset,unset,hype2,12.2.0,-O3 -Wall -Wextra -std=c++17 -fopenmp -ffp-contract=off -DOMP_EXPLICIT_SIMD=1,2439.006517,9d92a48896bfc25a,passed
adaptive-simd_omp-t4-dynamicx16-r1-control_bands_256_6000x6000.png,2026-09-20T01:57:01Z,control_bands_256_6000x6000.png,6000,6000,Adaptive_Median,1,4,dynamic,16,omp,yes,unset,unset,hype2,12.2.0,-O3 -Wall -Wextra -std=c++17 -fopenmp -ffp-contract=off -DOMP_EXPLICIT_SIMD=1,2471.646023,8f9bc97f03d5aae1,passed
adaptive-simd_omp-avx2-t4-dynamicx16-r1-sky.jpg,2026-09-20T01:57:06Z,sky.jpg,6936,9248,Adaptive_Median,1,4,dynamic,16,omp-avx2,yes,unset,unset,hype2,12.2.0,-O3 -Wall -Wextra -std=c++17 -fopenmp -ffp-contract=off -DOMP_EXPLICIT_SIMD=1 -march=haswell,4594.623516,1e7ae9152e9643d5,passed
adaptive-simd_omp-avx2-t4-dynamicx16-r1-stars.jpg,2026-09-20T01:57:16Z,stars.jpg,12960,8640,Adaptive_Median,1,4,dynamic,16,omp-avx2,yes,unset,unset,hype2,12.2.0,-O3 -Wall -Wextra -std=c++17 -fopenmp -ffp-contract=off -DOMP_EXPLICIT_SIMD=1 -march=haswell,7246.885070,626f977055f1c658,passed
adaptive-simd_omp-avx2-t4-dynamicx16-r1-rain_paisage.jpg,2026-09-20T01:57:32Z,rain_paisage.jpg,12288,16320,Adaptive_Median,1,4,dynamic,16,omp-avx2,yes,unset,unset,hype2,12.2.0,-O3 -Wall -Wextra -std=c++17 -fopenmp -ffp-contract=off -DOMP_EXPLICIT_SIMD=1 -march=haswell,13416.920166,d0fdcd4b2e74abf3,passed
adaptive-simd_omp-avx2-t4-dynamicx16-r1-firework.jpg,2026-09-20T01:57:48Z,firework.jpg,11125,16688,Adaptive_Median,1,4,dynamic,16,omp-avx2,yes,unset,unset,hype2,12.2.0,-O3 -Wall -Wextra -std=c++17 -fopenmp -ffp-contract=off -DOMP_EXPLICIT_SIMD=1 -march=haswell,13041.654649,cae2b8384ddb6aac,passed
adaptive-simd_omp-avx2-t4-dynamicx16-r1-control_smooth_6000x6000.png,2026-09-20T01:57:52Z,control_smooth_6000x6000.png,6000,6000,Adaptive_Median,1,4,dynamic,16,omp-avx2,yes,unset,unset,hype2,12.2.0,-O3 -Wall -Wextra -std=c++17 -fopenmp -ffp-contract=off -DOMP_EXPLICIT_SIMD=1 -march=haswell,3394.054050,596e3c6929662ab9,passed
adaptive-simd_omp-avx2-t4-dynamicx16-r1-control_noise_6000x6000.png,2026-09-20T01:57:55Z,control_noise_6000x6000.png,6000,6000,Adaptive_Median,1,4,dynamic,16,omp-avx2,yes,unset,unset,hype2,12.2.0,-O3 -Wall -Wextra -std=c++17 -fopenmp -ffp-contract=off -DOMP_EXPLICIT_SIMD=1 -march=haswell,2539.776899,fcb58a627e9d9740,passed
adaptive-simd_omp-avx2-t4-dynamicx16-r1-control_half_noise_6000x6000.png,2026-09-20T01:57:58Z,control_half_noise_6000x6000.png,6000,6000,Adaptive_Median,1,4,dynamic,16,omp-avx2,yes,unset,unset,hype2,12.2.0,-O3 -Wall -Wextra -std=c++17 -fopenmp -ffp-contract=off -DOMP_EXPLICIT_SIMD=1 -march=haswell,2532.731577,9d92a48896bfc25a,passed
adaptive-simd_omp-avx2-t4-dynamicx16-r1-control_bands_256_6000x6000.png,2026-09-20T01:58:02Z,control_bands_256_6000x6000.png,6000,6000,Adaptive_Median,1,4,dynamic,16,omp-avx2,yes,unset,unset,hype2,12.2.0,-O3 -Wall -Wextra -std=c++17 -fopenmp -ffp-contract=off -DOMP_EXPLICIT_SIMD=1 -march=haswell,2543.336941,8f9bc97f03d5aae1,passed
adaptive-simd_off-avx2-t4-static-r2-sky.jpg,2026-09-20T01:58:08Z,sky.jpg,6936,9248,Adaptive_Median,2,4,static,,off-avx2,yes,unset,unset,hype2,12.2.0,-O3 -Wall -Wextra -std=c++17 -fopenmp -ffp-contract=off -DOMP_EXPLICIT_SIMD=0 -fno-tree-vectorize -march=haswell,4791.696684,1e7ae9152e9643d5,passed
adaptive-simd_off-avx2-t4-static-r2-stars.jpg,2026-09-20T01:58:17Z,stars.jpg,12960,8640,Adaptive_Median,2,4,static,,off-avx2,yes,unset,unset,hype2,12.2.0,-O3 -Wall -Wextra -std=c++17 -fopenmp -ffp-contract=off -DOMP_EXPLICIT_SIMD=0 -fno-tree-vectorize -march=haswell,7432.587109,626f977055f1c658,passed
adaptive-simd_off-avx2-t4-static-r2-rain_paisage.jpg,2026-09-20T01:58:39Z,rain_paisage.jpg,12288,16320,Adaptive_Median,2,4,static,,off-avx2,yes,unset,unset,hype2,12.2.0,-O3 -Wall -Wextra -std=c++17 -fopenmp -ffp-contract=off -DOMP_EXPLICIT_SIMD=0 -fno-tree-vectorize -march=haswell,18232.662442,d0fdcd4b2e74abf3,passed
adaptive-simd_off-avx2-t4-static-r2-firework.jpg,2026-09-20T01:58:58Z,firework.jpg,11125,16688,Adaptive_Median,2,4,static,,off-avx2,yes,unset,unset,hype2,12.2.0,-O3 -Wall -Wextra -std=c++17 -fopenmp -ffp-contract=off -DOMP_EXPLICIT_SIMD=0 -fno-tree-vectorize -march=haswell,16636.189615,cae2b8384ddb6aac,passed
adaptive-simd_off-avx2-t4-static-r2-control_smooth_6000x6000.png,2026-09-20T01:59:02Z,control_smooth_6000x6000.png,6000,6000,Adaptive_Median,2,4,static,,off-avx2,yes,unset,unset,hype2,12.2.0,-O3 -Wall -Wextra -std=c++17 -fopenmp -ffp-contract=off -DOMP_EXPLICIT_SIMD=0 -fno-tree-vectorize -march=haswell,3353.609421,596e3c6929662ab9,passed
adaptive-simd_off-avx2-t4-static-r2-control_noise_6000x6000.png,2026-09-20T01:59:05Z,control_noise_6000x6000.png,6000,6000,Adaptive_Median,2,4,static,,off-avx2,yes,unset,unset,hype2,12.2.0,-O3 -Wall -Wextra -std=c++17 -fopenmp -ffp-contract=off -DOMP_EXPLICIT_SIMD=0 -fno-tree-vectorize -march=haswell,2483.668579,fcb58a627e9d9740,passed
adaptive-simd_off-avx2-t4-static-r2-control_half_noise_6000x6000.png,2026-09-20T01:59:09Z,control_half_noise_6000x6000.png,6000,6000,Adaptive_Median,2,4,static,,off-avx2,yes,unset,unset,hype2,12.2.0,-O3 -Wall -Wextra -std=c++17 -fopenmp -ffp-contract=off -DOMP_EXPLICIT_SIMD=0 -fno-tree-vectorize -march=haswell,3433.350576,9d92a48896bfc25a,passed
adaptive-simd_off-avx2-t4-static-r2-control_bands_256_6000x6000.png,2026-09-20T01:59:13Z,control_bands_256_6000x6000.png,6000,6000,Adaptive_Median,2,4,static,,off-avx2,yes,unset,unset,hype2,12.2.0,-O3 -Wall -Wextra -std=c++17 -fopenmp -ffp-contract=off -DOMP_EXPLICIT_SIMD=0 -fno-tree-vectorize -march=haswell,2500.003961,8f9bc97f03d5aae1,passed
adaptive-simd_omp-t4-static-r2-sky.jpg,2026-09-20T01:59:18Z,sky.jpg,6936,9248,Adaptive_Median,2,4,static,,omp,yes,unset,unset,hype2,12.2.0,-O3 -Wall -Wextra -std=c++17 -fopenmp -ffp-contract=off -DOMP_EXPLICIT_SIMD=1,4678.683186,1e7ae9152e9643d5,passed
adaptive-simd_omp-t4-static-r2-stars.jpg,2026-09-20T01:59:28Z,stars.jpg,12960,8640,Adaptive_Median,2,4,static,,omp,yes,unset,unset,hype2,12.2.0,-O3 -Wall -Wextra -std=c++17 -fopenmp -ffp-contract=off -DOMP_EXPLICIT_SIMD=1,7284.364399,626f977055f1c658,passed
adaptive-simd_omp-t4-static-r2-rain_paisage.jpg,2026-09-20T01:59:49Z,rain_paisage.jpg,12288,16320,Adaptive_Median,2,4,static,,omp,yes,unset,unset,hype2,12.2.0,-O3 -Wall -Wextra -std=c++17 -fopenmp -ffp-contract=off -DOMP_EXPLICIT_SIMD=1,17905.452353,d0fdcd4b2e74abf3,passed
adaptive-simd_omp-t4-static-r2-firework.jpg,2026-09-20T02:00:08Z,firework.jpg,11125,16688,Adaptive_Median,2,4,static,,omp,yes,unset,unset,hype2,12.2.0,-O3 -Wall -Wextra -std=c++17 -fopenmp -ffp-contract=off -DOMP_EXPLICIT_SIMD=1,16360.568268,cae2b8384ddb6aac,passed
adaptive-simd_omp-t4-static-r2-control_smooth_6000x6000.png,2026-09-20T02:00:12Z,control_smooth_6000x6000.png,6000,6000,Adaptive_Median,2,4,static,,omp,yes,unset,unset,hype2,12.2.0,-O3 -Wall -Wextra -std=c++17 -fopenmp -ffp-contract=off -DOMP_EXPLICIT_SIMD=1,3333.189730,596e3c6929662ab9,passed
adaptive-simd_omp-t4-static-r2-control_noise_6000x6000.png,2026-09-20T02:00:15Z,control_noise_6000x6000.png,6000,6000,Adaptive_Median,2,4,static,,omp,yes,unset,unset,hype2,12.2.0,-O3 -Wall -Wextra -std=c++17 -fopenmp -ffp-contract=off -DOMP_EXPLICIT_SIMD=1,2533.274773,fcb58a627e9d9740,passed
adaptive-simd_omp-t4-static-r2-control_half_noise_6000x6000.png,2026-09-20T02:00:19Z,control_half_noise_6000x6000.png,6000,6000,Adaptive_Median,2,4,static,,omp,yes,unset,unset,hype2,12.2.0,-O3 -Wall -Wextra -std=c++17 -fopenmp -ffp-contract=off -DOMP_EXPLICIT_SIMD=1,3330.331230,9d92a48896bfc25a,passed
adaptive-simd_omp-t4-static-r2-control_bands_256_6000x6000.png,2026-09-20T02:00:22Z,control_bands_256_6000x6000.png,6000,6000,Adaptive_Median,2,4,static,,omp,yes,unset,unset,hype2,12.2.0,-O3 -Wall -Wextra -std=c++17 -fopenmp -ffp-contract=off -DOMP_EXPLICIT_SIMD=1,2450.729271,8f9bc97f03d5aae1,passed
adaptive-simd_omp-avx2-t4-static-r2-sky.jpg,2026-09-20T02:00:28Z,sky.jpg,6936,9248,Adaptive_Median,2,4,static,,omp-avx2,yes,unset,unset,hype2,12.2.0,-O3 -Wall -Wextra -std=c++17 -fopenmp -ffp-contract=off -DOMP_EXPLICIT_SIMD=1 -march=haswell,4822.331529,1e7ae9152e9643d5,passed
adaptive-simd_omp-avx2-t4-static-r2-stars.jpg,2026-09-20T02:00:38Z,stars.jpg,12960,8640,Adaptive_Median,2,4,static,,omp-avx2,yes,unset,unset,hype2,12.2.0,-O3 -Wall -Wextra -std=c++17 -fopenmp -ffp-contract=off -DOMP_EXPLICIT_SIMD=1 -march=haswell,7654.270806,626f977055f1c658,passed
adaptive-simd_omp-avx2-t4-static-r2-rain_paisage.jpg,2026-09-20T02:01:00Z,rain_paisage.jpg,12288,16320,Adaptive_Median,2,4,static,,omp-avx2,yes,unset,unset,hype2,12.2.0,-O3 -Wall -Wextra -std=c++17 -fopenmp -ffp-contract=off -DOMP_EXPLICIT_SIMD=1 -march=haswell,18370.403699,d0fdcd4b2e74abf3,passed
adaptive-simd_omp-avx2-t4-static-r2-firework.jpg,2026-09-20T02:01:19Z,firework.jpg,11125,16688,Adaptive_Median,2,4,static,,omp-avx2,yes,unset,unset,hype2,12.2.0,-O3 -Wall -Wextra -std=c++17 -fopenmp -ffp-contract=off -DOMP_EXPLICIT_SIMD=1 -march=haswell,16957.761642,cae2b8384ddb6aac,passed
adaptive-simd_omp-avx2-t4-static-r2-control_smooth_6000x6000.png,2026-09-20T02:01:23Z,control_smooth_6000x6000.png,6000,6000,Adaptive_Median,2,4,static,,omp-avx2,yes,unset,unset,hype2,12.2.0,-O3 -Wall -Wextra -std=c++17 -fopenmp -ffp-contract=off -DOMP_EXPLICIT_SIMD=1 -march=haswell,3376.980724,596e3c6929662ab9,passed
adaptive-simd_omp-avx2-t4-static-r2-control_noise_6000x6000.png,2026-09-20T02:01:26Z,control_noise_6000x6000.png,6000,6000,Adaptive_Median,2,4,static,,omp-avx2,yes,unset,unset,hype2,12.2.0,-O3 -Wall -Wextra -std=c++17 -fopenmp -ffp-contract=off -DOMP_EXPLICIT_SIMD=1 -march=haswell,2553.363684,fcb58a627e9d9740,passed
adaptive-simd_omp-avx2-t4-static-r2-control_half_noise_6000x6000.png,2026-09-20T02:01:30Z,control_half_noise_6000x6000.png,6000,6000,Adaptive_Median,2,4,static,,omp-avx2,yes,unset,unset,hype2,12.2.0,-O3 -Wall -Wextra -std=c++17 -fopenmp -ffp-contract=off -DOMP_EXPLICIT_SIMD=1 -march=haswell,3435.391833,9d92a48896bfc25a,passed
adaptive-simd_omp-avx2-t4-static-r2-control_bands_256_6000x6000.png,2026-09-20T02:01:34Z,control_bands_256_6000x6000.png,6000,6000,Adaptive_Median,2,4,static,,omp-avx2,yes,unset,unset,hype2,12.2.0,-O3 -Wall -Wextra -std=c++17 -fopenmp -ffp-contract=off -DOMP_EXPLICIT_SIMD=1 -march=haswell,2536.179280,8f9bc97f03d5aae1,passed
adaptive-simd_off-t4-dynamicx16-r2-sky.jpg,2026-09-20T02:01:39Z,sky.jpg,6936,9248,Adaptive_Median,2,4,dynamic,16,off,yes,unset,unset,hype2,12.2.0,-O3 -Wall -Wextra -std=c++17 -fopenmp -ffp-contract=off -DOMP_EXPLICIT_SIMD=0 -fno-tree-vectorize,4503.975946,1e7ae9152e9643d5,passed
adaptive-simd_off-t4-dynamicx16-r2-stars.jpg,2026-09-20T02:01:48Z,stars.jpg,12960,8640,Adaptive_Median,2,4,dynamic,16,off,yes,unset,unset,hype2,12.2.0,-O3 -Wall -Wextra -std=c++17 -fopenmp -ffp-contract=off -DOMP_EXPLICIT_SIMD=0 -fno-tree-vectorize,6749.929223,626f977055f1c658,passed
adaptive-simd_off-t4-dynamicx16-r2-rain_paisage.jpg,2026-09-20T02:02:04Z,rain_paisage.jpg,12288,16320,Adaptive_Median,2,4,dynamic,16,off,yes,unset,unset,hype2,12.2.0,-O3 -Wall -Wextra -std=c++17 -fopenmp -ffp-contract=off -DOMP_EXPLICIT_SIMD=0 -fno-tree-vectorize,12701.915852,d0fdcd4b2e74abf3,passed
adaptive-simd_off-t4-dynamicx16-r2-firework.jpg,2026-09-20T02:02:19Z,firework.jpg,11125,16688,Adaptive_Median,2,4,dynamic,16,off,yes,unset,unset,hype2,12.2.0,-O3 -Wall -Wextra -std=c++17 -fopenmp -ffp-contract=off -DOMP_EXPLICIT_SIMD=0 -fno-tree-vectorize,12303.666759,cae2b8384ddb6aac,passed
adaptive-simd_off-t4-dynamicx16-r2-control_smooth_6000x6000.png,2026-09-20T02:02:23Z,control_smooth_6000x6000.png,6000,6000,Adaptive_Median,2,4,dynamic,16,off,yes,unset,unset,hype2,12.2.0,-O3 -Wall -Wextra -std=c++17 -fopenmp -ffp-contract=off -DOMP_EXPLICIT_SIMD=0 -fno-tree-vectorize,3246.370534,596e3c6929662ab9,passed
adaptive-simd_off-t4-dynamicx16-r2-control_noise_6000x6000.png,2026-09-20T02:02:26Z,control_noise_6000x6000.png,6000,6000,Adaptive_Median,2,4,dynamic,16,off,yes,unset,unset,hype2,12.2.0,-O3 -Wall -Wextra -std=c++17 -fopenmp -ffp-contract=off -DOMP_EXPLICIT_SIMD=0 -fno-tree-vectorize,2347.120084,fcb58a627e9d9740,passed
adaptive-simd_off-t4-dynamicx16-r2-control_half_noise_6000x6000.png,2026-09-20T02:02:29Z,control_half_noise_6000x6000.png,6000,6000,Adaptive_Median,2,4,dynamic,16,off,yes,unset,unset,hype2,12.2.0,-O3 -Wall -Wextra -std=c++17 -fopenmp -ffp-contract=off -DOMP_EXPLICIT_SIMD=0 -fno-tree-vectorize,2390.771260,9d92a48896bfc25a,passed
adaptive-simd_off-t4-dynamicx16-r2-control_bands_256_6000x6000.png,2026-09-20T02:02:32Z,control_bands_256_6000x6000.png,6000,6000,Adaptive_Median,2,4,dynamic,16,off,yes,unset,unset,hype2,12.2.0,-O3 -Wall -Wextra -std=c++17 -fopenmp -ffp-contract=off -DOMP_EXPLICIT_SIMD=0 -fno-tree-vectorize,2394.246094,8f9bc97f03d5aae1,passed
adaptive-simd_off-avx2-t4-dynamicx16-r2-sky.jpg,2026-09-20T02:02:38Z,sky.jpg,6936,9248,Adaptive_Median,2,4,dynamic,16,off-avx2,yes,unset,unset,hype2,12.2.0,-O3 -Wall -Wextra -std=c++17 -fopenmp -ffp-contract=off -DOMP_EXPLICIT_SIMD=0 -fno-tree-vectorize -march=haswell,4458.270351,1e7ae9152e9643d5,passed
adaptive-simd_off-avx2-t4-dynamicx16-r2-stars.jpg,2026-09-20T02:02:47Z,stars.jpg,12960,8640,Adaptive_Median,2,4,dynamic,16,off-avx2,yes,unset,unset,hype2,12.2.0,-O3 -Wall -Wextra -std=c++17 -fopenmp -ffp-contract=off -DOMP_EXPLICIT_SIMD=0 -fno-tree-vectorize -march=haswell,7073.100568,626f977055f1c658,passed
adaptive-simd_off-avx2-t4-dynamicx16-r2-rain_paisage.jpg,2026-09-20T02:03:04Z,rain_paisage.jpg,12288,16320,Adaptive_Median,2,4,dynamic,16,off-avx2,yes,unset,unset,hype2,12.2.0,-O3 -Wall -Wextra -std=c++17 -fopenmp -ffp-contract=off -DOMP_EXPLICIT_SIMD=0 -fno-tree-vectorize -march=haswell,13258.437371,d0fdcd4b2e74abf3,passed
adaptive-simd_off-avx2-t4-dynamicx16-r2-firework.jpg,2026-09-20T02:03:19Z,firework.jpg,11125,16688,Adaptive_Median,2,4,dynamic,16,off-avx2,yes,unset,unset,hype2,12.2.0,-O3 -Wall -Wextra -std=c++17 -fopenmp -ffp-contract=off -DOMP_EXPLICIT_SIMD=0 -fno-tree-vectorize -march=haswell,12833.742445,cae2b8384ddb6aac,passed
adaptive-simd_off-avx2-t4-dynamicx16-r2-control_smooth_6000x6000.png,2026-09-20T02:03:23Z,control_smooth_6000x6000.png,6000,6000,Adaptive_Median,2,4,dynamic,16,off-avx2,yes,unset,unset,hype2,12.2.0,-O3 -Wall -Wextra -std=c++17 -fopenmp -ffp-contract=off -DOMP_EXPLICIT_SIMD=0 -fno-tree-vectorize -march=haswell,3327.710998,596e3c6929662ab9,passed
adaptive-simd_off-avx2-t4-dynamicx16-r2-control_noise_6000x6000.png,2026-09-20T02:03:26Z,control_noise_6000x6000.png,6000,6000,Adaptive_Median,2,4,dynamic,16,off-avx2,yes,unset,unset,hype2,12.2.0,-O3 -Wall -Wextra -std=c++17 -fopenmp -ffp-contract=off -DOMP_EXPLICIT_SIMD=0 -fno-tree-vectorize -march=haswell,2587.227830,fcb58a627e9d9740,passed
adaptive-simd_off-avx2-t4-dynamicx16-r2-control_half_noise_6000x6000.png,2026-09-20T02:03:29Z,control_half_noise_6000x6000.png,6000,6000,Adaptive_Median,2,4,dynamic,16,off-avx2,yes,unset,unset,hype2,12.2.0,-O3 -Wall -Wextra -std=c++17 -fopenmp -ffp-contract=off -DOMP_EXPLICIT_SIMD=0 -fno-tree-vectorize -march=haswell,2488.802978,9d92a48896bfc25a,passed
adaptive-simd_off-avx2-t4-dynamicx16-r2-control_bands_256_6000x6000.png,2026-09-20T02:03:33Z,control_bands_256_6000x6000.png,6000,6000,Adaptive_Median,2,4,dynamic,16,off-avx2,yes,unset,unset,hype2,12.2.0,-O3 -Wall -Wextra -std=c++17 -fopenmp -ffp-contract=off -DOMP_EXPLICIT_SIMD=0 -fno-tree-vectorize -march=haswell,2490.993102,8f9bc97f03d5aae1,passed
adaptive-simd_omp-t4-dynamicx16-r2-sky.jpg,2026-09-20T02:03:38Z,sky.jpg,6936,9248,Adaptive_Median,2,4,dynamic,16,omp,yes,unset,unset,hype2,12.2.0,-O3 -Wall -Wextra -std=c++17 -fopenmp -ffp-contract=off -DOMP_EXPLICIT_SIMD=1,4382.033628,1e7ae9152e9643d5,passed
adaptive-simd_omp-t4-dynamicx16-r2-stars.jpg,2026-09-20T02:03:47Z,stars.jpg,12960,8640,Adaptive_Median,2,4,dynamic,16,omp,yes,unset,unset,hype2,12.2.0,-O3 -Wall -Wextra -std=c++17 -fopenmp -ffp-contract=off -DOMP_EXPLICIT_SIMD=1,6929.465189,626f977055f1c658,passed
adaptive-simd_omp-t4-dynamicx16-r2-rain_paisage.jpg,2026-09-20T02:04:03Z,rain_paisage.jpg,12288,16320,Adaptive_Median,2,4,dynamic,16,omp,yes,unset,unset,hype2,12.2.0,-O3 -Wall -Wextra -std=c++17 -fopenmp -ffp-contract=off -DOMP_EXPLICIT_SIMD=1,12941.648502,d0fdcd4b2e74abf3,passed
adaptive-simd_omp-t4-dynamicx16-r2-firework.jpg,2026-09-20T02:04:19Z,firework.jpg,11125,16688,Adaptive_Median,2,4,dynamic,16,omp,yes,unset,unset,hype2,12.2.0,-O3 -Wall -Wextra -std=c++17 -fopenmp -ffp-contract=off -DOMP_EXPLICIT_SIMD=1,12545.218502,cae2b8384ddb6aac,passed
adaptive-simd_omp-t4-dynamicx16-r2-control_smooth_6000x6000.png,2026-09-20T02:04:22Z,control_smooth_6000x6000.png,6000,6000,Adaptive_Median,2,4,dynamic,16,omp,yes,unset,unset,hype2,12.2.0,-O3 -Wall -Wextra -std=c++17 -fopenmp -ffp-contract=off -DOMP_EXPLICIT_SIMD=1,3308.459080,596e3c6929662ab9,passed
adaptive-simd_omp-t4-dynamicx16-r2-control_noise_6000x6000.png,2026-09-20T02:04:25Z,control_noise_6000x6000.png,6000,6000,Adaptive_Median,2,4,dynamic,16,omp,yes,unset,unset,hype2,12.2.0,-O3 -Wall -Wextra -std=c++17 -fopenmp -ffp-contract=off -DOMP_EXPLICIT_SIMD=1,2390.050850,fcb58a627e9d9740,passed
adaptive-simd_omp-t4-dynamicx16-r2-control_half_noise_6000x6000.png,2026-09-20T02:04:29Z,control_half_noise_6000x6000.png,6000,6000,Adaptive_Median,2,4,dynamic,16,omp,yes,unset,unset,hype2,12.2.0,-O3 -Wall -Wextra -std=c++17 -fopenmp -ffp-contract=off -DOMP_EXPLICIT_SIMD=1,2444.282241,9d92a48896bfc25a,passed
adaptive-simd_omp-t4-dynamicx16-r2-control_bands_256_6000x6000.png,2026-09-20T02:04:32Z,control_bands_256_6000x6000.png,6000,6000,Adaptive_Median,2,4,dynamic,16,omp,yes,unset,unset,hype2,12.2.0,-O3 -Wall -Wextra -std=c++17 -fopenmp -ffp-contract=off -DOMP_EXPLICIT_SIMD=1,2455.312799,8f9bc97f03d5aae1,passed
adaptive-simd_omp-avx2-t4-dynamicx16-r2-sky.jpg,2026-09-20T02:04:37Z,sky.jpg,6936,9248,Adaptive_Median,2,4,dynamic,16,omp-avx2,yes,unset,unset,hype2,12.2.0,-O3 -Wall -Wextra -std=c++17 -fopenmp -ffp-contract=off -DOMP_EXPLICIT_SIMD=1 -march=haswell,4536.369838,1e7ae9152e9643d5,passed
adaptive-simd_omp-avx2-t4-dynamicx16-r2-stars.jpg,2026-09-20T02:04:47Z,stars.jpg,12960,8640,Adaptive_Median,2,4,dynamic,16,omp-avx2,yes,unset,unset,hype2,12.2.0,-O3 -Wall -Wextra -std=c++17 -fopenmp -ffp-contract=off -DOMP_EXPLICIT_SIMD=1 -march=haswell,7577.093464,626f977055f1c658,passed
adaptive-simd_omp-avx2-t4-dynamicx16-r2-rain_paisage.jpg,2026-09-20T02:05:04Z,rain_paisage.jpg,12288,16320,Adaptive_Median,2,4,dynamic,16,omp-avx2,yes,unset,unset,hype2,12.2.0,-O3 -Wall -Wextra -std=c++17 -fopenmp -ffp-contract=off -DOMP_EXPLICIT_SIMD=1 -march=haswell,13409.614899,d0fdcd4b2e74abf3,passed
adaptive-simd_omp-avx2-t4-dynamicx16-r2-firework.jpg,2026-09-20T02:05:20Z,firework.jpg,11125,16688,Adaptive_Median,2,4,dynamic,16,omp-avx2,yes,unset,unset,hype2,12.2.0,-O3 -Wall -Wextra -std=c++17 -fopenmp -ffp-contract=off -DOMP_EXPLICIT_SIMD=1 -march=haswell,13045.827344,cae2b8384ddb6aac,passed
adaptive-simd_omp-avx2-t4-dynamicx16-r2-control_smooth_6000x6000.png,2026-09-20T02:05:23Z,control_smooth_6000x6000.png,6000,6000,Adaptive_Median,2,4,dynamic,16,omp-avx2,yes,unset,unset,hype2,12.2.0,-O3 -Wall -Wextra -std=c++17 -fopenmp -ffp-contract=off -DOMP_EXPLICIT_SIMD=1 -march=haswell,3376.974580,596e3c6929662ab9,passed
adaptive-simd_omp-avx2-t4-dynamicx16-r2-control_noise_6000x6000.png,2026-09-20T02:05:27Z,control_noise_6000x6000.png,6000,6000,Adaptive_Median,2,4,dynamic,16,omp-avx2,yes,unset,unset,hype2,12.2.0,-O3 -Wall -Wextra -std=c++17 -fopenmp -ffp-contract=off -DOMP_EXPLICIT_SIMD=1 -march=haswell,2659.222668,fcb58a627e9d9740,passed
adaptive-simd_omp-avx2-t4-dynamicx16-r2-control_half_noise_6000x6000.png,2026-09-20T02:05:30Z,control_half_noise_6000x6000.png,6000,6000,Adaptive_Median,2,4,dynamic,16,omp-avx2,yes,unset,unset,hype2,12.2.0,-O3 -Wall -Wextra -std=c++17 -fopenmp -ffp-contract=off -DOMP_EXPLICIT_SIMD=1 -march=haswell,2541.593541,9d92a48896bfc25a,passed
adaptive-simd_omp-avx2-t4-dynamicx16-r2-control_bands_256_6000x6000.png,2026-09-20T02:05:33Z,control_bands_256_6000x6000.png,6000,6000,Adaptive_Median,2,4,dynamic,16,omp-avx2,yes,unset,unset,hype2,12.2.0,-O3 -Wall -Wextra -std=c++17 -fopenmp -ffp-contract=off -DOMP_EXPLICIT_SIMD=1 -march=haswell,2532.284457,8f9bc97f03d5aae1,passed
adaptive-simd_off-t4-static-r2-sky.jpg,2026-09-20T02:05:39Z,sky.jpg,6936,9248,Adaptive_Median,2,4,static,,off,yes,unset,unset,hype2,12.2.0,-O3 -Wall -Wextra -std=c++17 -fopenmp -ffp-contract=off -DOMP_EXPLICIT_SIMD=0 -fno-tree-vectorize,4533.694963,1e7ae9152e9643d5,passed
adaptive-simd_off-t4-static-r2-stars.jpg,2026-09-20T02:05:48Z,stars.jpg,12960,8640,Adaptive_Median,2,4,static,,off,yes,unset,unset,hype2,12.2.0,-O3 -Wall -Wextra -std=c++17 -fopenmp -ffp-contract=off -DOMP_EXPLICIT_SIMD=0 -fno-tree-vectorize,7122.455847,626f977055f1c658,passed
adaptive-simd_off-t4-static-r2-rain_paisage.jpg,2026-09-20T02:06:09Z,rain_paisage.jpg,12288,16320,Adaptive_Median,2,4,static,,off,yes,unset,unset,hype2,12.2.0,-O3 -Wall -Wextra -std=c++17 -fopenmp -ffp-contract=off -DOMP_EXPLICIT_SIMD=0 -fno-tree-vectorize,17560.857500,d0fdcd4b2e74abf3,passed
adaptive-simd_off-t4-static-r2-firework.jpg,2026-09-20T02:06:28Z,firework.jpg,11125,16688,Adaptive_Median,2,4,static,,off,yes,unset,unset,hype2,12.2.0,-O3 -Wall -Wextra -std=c++17 -fopenmp -ffp-contract=off -DOMP_EXPLICIT_SIMD=0 -fno-tree-vectorize,16052.672883,cae2b8384ddb6aac,passed
adaptive-simd_off-t4-static-r2-control_smooth_6000x6000.png,2026-09-20T02:06:32Z,control_smooth_6000x6000.png,6000,6000,Adaptive_Median,2,4,static,,off,yes,unset,unset,hype2,12.2.0,-O3 -Wall -Wextra -std=c++17 -fopenmp -ffp-contract=off -DOMP_EXPLICIT_SIMD=0 -fno-tree-vectorize,3271.671206,596e3c6929662ab9,passed
adaptive-simd_off-t4-static-r2-control_noise_6000x6000.png,2026-09-20T02:06:34Z,control_noise_6000x6000.png,6000,6000,Adaptive_Median,2,4,static,,off,yes,unset,unset,hype2,12.2.0,-O3 -Wall -Wextra -std=c++17 -fopenmp -ffp-contract=off -DOMP_EXPLICIT_SIMD=0 -fno-tree-vectorize,2352.404987,fcb58a627e9d9740,passed
adaptive-simd_off-t4-static-r2-control_half_noise_6000x6000.png,2026-09-20T02:06:39Z,control_half_noise_6000x6000.png,6000,6000,Adaptive_Median,2,4,static,,off,yes,unset,unset,hype2,12.2.0,-O3 -Wall -Wextra -std=c++17 -fopenmp -ffp-contract=off -DOMP_EXPLICIT_SIMD=0 -fno-tree-vectorize,3268.185158,9d92a48896bfc25a,passed
adaptive-simd_off-t4-static-r2-control_bands_256_6000x6000.png,2026-09-20T02:06:42Z,control_bands_256_6000x6000.png,6000,6000,Adaptive_Median,2,4,static,,off,yes,unset,unset,hype2,12.2.0,-O3 -Wall -Wextra -std=c++17 -fopenmp -ffp-contract=off -DOMP_EXPLICIT_SIMD=0 -fno-tree-vectorize,2480.681536,8f9bc97f03d5aae1,passed
adaptive-simd_omp-t4-static-r3-sky.jpg,2026-09-20T02:06:47Z,sky.jpg,6936,9248,Adaptive_Median,3,4,static,,omp,yes,unset,unset,hype2,12.2.0,-O3 -Wall -Wextra -std=c++17 -fopenmp -ffp-contract=off -DOMP_EXPLICIT_SIMD=1,4657.752645,1e7ae9152e9643d5,passed
adaptive-simd_omp-t4-static-r3-stars.jpg,2026-09-20T02:06:57Z,stars.jpg,12960,8640,Adaptive_Median,3,4,static,,omp,yes,unset,unset,hype2,12.2.0,-O3 -Wall -Wextra -std=c++17 -fopenmp -ffp-contract=off -DOMP_EXPLICIT_SIMD=1,7322.535799,626f977055f1c658,passed
adaptive-simd_omp-t4-static-r3-rain_paisage.jpg,2026-09-20T02:07:18Z,rain_paisage.jpg,12288,16320,Adaptive_Median,3,4,static,,omp,yes,unset,unset,hype2,12.2.0,-O3 -Wall -Wextra -std=c++17 -fopenmp -ffp-contract=off -DOMP_EXPLICIT_SIMD=1,17867.693089,d0fdcd4b2e74abf3,passed
adaptive-simd_omp-t4-static-r3-firework.jpg,2026-09-20T02:07:37Z,firework.jpg,11125,16688,Adaptive_Median,3,4,static,,omp,yes,unset,unset,hype2,12.2.0,-O3 -Wall -Wextra -std=c++17 -fopenmp -ffp-contract=off -DOMP_EXPLICIT_SIMD=1,16357.988023,cae2b8384ddb6aac,passed
adaptive-simd_omp-t4-static-r3-control_smooth_6000x6000.png,2026-09-20T02:07:41Z,control_smooth_6000x6000.png,6000,6000,Adaptive_Median,3,4,static,,omp,yes,unset,unset,hype2,12.2.0,-O3 -Wall -Wextra -std=c++17 -fopenmp -ffp-contract=off -DOMP_EXPLICIT_SIMD=1,3367.782358,596e3c6929662ab9,passed
adaptive-simd_omp-t4-static-r3-control_noise_6000x6000.png,2026-09-20T02:07:44Z,control_noise_6000x6000.png,6000,6000,Adaptive_Median,3,4,static,,omp,yes,unset,unset,hype2,12.2.0,-O3 -Wall -Wextra -std=c++17 -fopenmp -ffp-contract=off -DOMP_EXPLICIT_SIMD=1,2396.559343,fcb58a627e9d9740,passed
adaptive-simd_omp-t4-static-r3-control_half_noise_6000x6000.png,2026-09-20T02:07:48Z,control_half_noise_6000x6000.png,6000,6000,Adaptive_Median,3,4,static,,omp,yes,unset,unset,hype2,12.2.0,-O3 -Wall -Wextra -std=c++17 -fopenmp -ffp-contract=off -DOMP_EXPLICIT_SIMD=1,3337.463734,9d92a48896bfc25a,passed
adaptive-simd_omp-t4-static-r3-control_bands_256_6000x6000.png,2026-09-20T02:07:51Z,control_bands_256_6000x6000.png,6000,6000,Adaptive_Median,3,4,static,,omp,yes,unset,unset,hype2,12.2.0,-O3 -Wall -Wextra -std=c++17 -fopenmp -ffp-contract=off -DOMP_EXPLICIT_SIMD=1,2474.069966,8f9bc97f03d5aae1,passed
adaptive-simd_omp-avx2-t4-static-r3-sky.jpg,2026-09-20T02:07:57Z,sky.jpg,6936,9248,Adaptive_Median,3,4,static,,omp-avx2,yes,unset,unset,hype2,12.2.0,-O3 -Wall -Wextra -std=c++17 -fopenmp -ffp-contract=off -DOMP_EXPLICIT_SIMD=1 -march=haswell,4808.237215,1e7ae9152e9643d5,passed
adaptive-simd_omp-avx2-t4-static-r3-stars.jpg,2026-09-20T02:08:07Z,stars.jpg,12960,8640,Adaptive_Median,3,4,static,,omp-avx2,yes,unset,unset,hype2,12.2.0,-O3 -Wall -Wextra -std=c++17 -fopenmp -ffp-contract=off -DOMP_EXPLICIT_SIMD=1 -march=haswell,8051.603751,626f977055f1c658,passed
adaptive-simd_omp-avx2-t4-static-r3-rain_paisage.jpg,2026-09-20T02:08:29Z,rain_paisage.jpg,12288,16320,Adaptive_Median,3,4,static,,omp-avx2,yes,unset,unset,hype2,12.2.0,-O3 -Wall -Wextra -std=c++17 -fopenmp -ffp-contract=off -DOMP_EXPLICIT_SIMD=1 -march=haswell,18445.539578,d0fdcd4b2e74abf3,passed
adaptive-simd_omp-avx2-t4-static-r3-firework.jpg,2026-09-20T02:08:49Z,firework.jpg,11125,16688,Adaptive_Median,3,4,static,,omp-avx2,yes,unset,unset,hype2,12.2.0,-O3 -Wall -Wextra -std=c++17 -fopenmp -ffp-contract=off -DOMP_EXPLICIT_SIMD=1 -march=haswell,16958.312584,cae2b8384ddb6aac,passed
adaptive-simd_omp-avx2-t4-static-r3-control_smooth_6000x6000.png,2026-09-20T02:08:53Z,control_smooth_6000x6000.png,6000,6000,Adaptive_Median,3,4,static,,omp-avx2,yes,unset,unset,hype2,12.2.0,-O3 -Wall -Wextra -std=c++17 -fopenmp -ffp-contract=off -DOMP_EXPLICIT_SIMD=1 -march=haswell,3383.682539,596e3c6929662ab9,passed
adaptive-simd_omp-avx2-t4-static-r3-control_noise_6000x6000.png,2026-09-20T02:08:56Z,control_noise_6000x6000.png,6000,6000,Adaptive_Median,3,4,static,,omp-avx2,yes,unset,unset,hype2,12.2.0,-O3 -Wall -Wextra -std=c++17 -fopenmp -ffp-contract=off -DOMP_EXPLICIT_SIMD=1 -march=haswell,2549.528210,fcb58a627e9d9740,passed
adaptive-simd_omp-avx2-t4-static-r3-control_half_noise_6000x6000.png,2026-09-20T02:09:00Z,control_half_noise_6000x6000.png,6000,6000,Adaptive_Median,3,4,static,,omp-avx2,yes,unset,unset,hype2,12.2.0,-O3 -Wall -Wextra -std=c++17 -fopenmp -ffp-contract=off -DOMP_EXPLICIT_SIMD=1 -march=haswell,3446.163920,9d92a48896bfc25a,passed
adaptive-simd_omp-avx2-t4-static-r3-control_bands_256_6000x6000.png,2026-09-20T02:09:03Z,control_bands_256_6000x6000.png,6000,6000,Adaptive_Median,3,4,static,,omp-avx2,yes,unset,unset,hype2,12.2.0,-O3 -Wall -Wextra -std=c++17 -fopenmp -ffp-contract=off -DOMP_EXPLICIT_SIMD=1 -march=haswell,2537.671133,8f9bc97f03d5aae1,passed
adaptive-simd_off-t4-dynamicx16-r3-sky.jpg,2026-09-20T02:09:09Z,sky.jpg,6936,9248,Adaptive_Median,3,4,dynamic,16,off,yes,unset,unset,hype2,12.2.0,-O3 -Wall -Wextra -std=c++17 -fopenmp -ffp-contract=off -DOMP_EXPLICIT_SIMD=0 -fno-tree-vectorize,4262.541588,1e7ae9152e9643d5,passed
adaptive-simd_off-t4-dynamicx16-r3-stars.jpg,2026-09-20T02:09:18Z,stars.jpg,12960,8640,Adaptive_Median,3,4,dynamic,16,off,yes,unset,unset,hype2,12.2.0,-O3 -Wall -Wextra -std=c++17 -fopenmp -ffp-contract=off -DOMP_EXPLICIT_SIMD=0 -fno-tree-vectorize,6801.866064,626f977055f1c658,passed
adaptive-simd_off-t4-dynamicx16-r3-rain_paisage.jpg,2026-09-20T02:09:34Z,rain_paisage.jpg,12288,16320,Adaptive_Median,3,4,dynamic,16,off,yes,unset,unset,hype2,12.2.0,-O3 -Wall -Wextra -std=c++17 -fopenmp -ffp-contract=off -DOMP_EXPLICIT_SIMD=0 -fno-tree-vectorize,12694.745632,d0fdcd4b2e74abf3,passed
adaptive-simd_off-t4-dynamicx16-r3-firework.jpg,2026-09-20T02:09:49Z,firework.jpg,11125,16688,Adaptive_Median,3,4,dynamic,16,off,yes,unset,unset,hype2,12.2.0,-O3 -Wall -Wextra -std=c++17 -fopenmp -ffp-contract=off -DOMP_EXPLICIT_SIMD=0 -fno-tree-vectorize,12318.193952,cae2b8384ddb6aac,passed
adaptive-simd_off-t4-dynamicx16-r3-control_smooth_6000x6000.png,2026-09-20T02:09:52Z,control_smooth_6000x6000.png,6000,6000,Adaptive_Median,3,4,dynamic,16,off,yes,unset,unset,hype2,12.2.0,-O3 -Wall -Wextra -std=c++17 -fopenmp -ffp-contract=off -DOMP_EXPLICIT_SIMD=0 -fno-tree-vectorize,3247.595818,596e3c6929662ab9,passed
adaptive-simd_off-t4-dynamicx16-r3-control_noise_6000x6000.png,2026-09-20T02:09:55Z,control_noise_6000x6000.png,6000,6000,Adaptive_Median,3,4,dynamic,16,off,yes,unset,unset,hype2,12.2.0,-O3 -Wall -Wextra -std=c++17 -fopenmp -ffp-contract=off -DOMP_EXPLICIT_SIMD=0 -fno-tree-vectorize,2458.641343,fcb58a627e9d9740,passed
adaptive-simd_off-t4-dynamicx16-r3-control_half_noise_6000x6000.png,2026-09-20T02:09:59Z,control_half_noise_6000x6000.png,6000,6000,Adaptive_Median,3,4,dynamic,16,off,yes,unset,unset,hype2,12.2.0,-O3 -Wall -Wextra -std=c++17 -fopenmp -ffp-contract=off -DOMP_EXPLICIT_SIMD=0 -fno-tree-vectorize,2385.451771,9d92a48896bfc25a,passed
adaptive-simd_off-t4-dynamicx16-r3-control_bands_256_6000x6000.png,2026-09-20T02:10:02Z,control_bands_256_6000x6000.png,6000,6000,Adaptive_Median,3,4,dynamic,16,off,yes,unset,unset,hype2,12.2.0,-O3 -Wall -Wextra -std=c++17 -fopenmp -ffp-contract=off -DOMP_EXPLICIT_SIMD=0 -fno-tree-vectorize,2399.156773,8f9bc97f03d5aae1,passed
adaptive-simd_off-avx2-t4-dynamicx16-r3-sky.jpg,2026-09-20T02:10:07Z,sky.jpg,6936,9248,Adaptive_Median,3,4,dynamic,16,off-avx2,yes,unset,unset,hype2,12.2.0,-O3 -Wall -Wextra -std=c++17 -fopenmp -ffp-contract=off -DOMP_EXPLICIT_SIMD=0 -fno-tree-vectorize -march=haswell,4476.404024,1e7ae9152e9643d5,passed
adaptive-simd_off-avx2-t4-dynamicx16-r3-stars.jpg,2026-09-20T02:10:17Z,stars.jpg,12960,8640,Adaptive_Median,3,4,dynamic,16,off-avx2,yes,unset,unset,hype2,12.2.0,-O3 -Wall -Wextra -std=c++17 -fopenmp -ffp-contract=off -DOMP_EXPLICIT_SIMD=0 -fno-tree-vectorize -march=haswell,7149.090535,626f977055f1c658,passed
adaptive-simd_off-avx2-t4-dynamicx16-r3-rain_paisage.jpg,2026-09-20T02:10:33Z,rain_paisage.jpg,12288,16320,Adaptive_Median,3,4,dynamic,16,off-avx2,yes,unset,unset,hype2,12.2.0,-O3 -Wall -Wextra -std=c++17 -fopenmp -ffp-contract=off -DOMP_EXPLICIT_SIMD=0 -fno-tree-vectorize -march=haswell,13271.372611,d0fdcd4b2e74abf3,passed
adaptive-simd_off-avx2-t4-dynamicx16-r3-firework.jpg,2026-09-20T02:10:49Z,firework.jpg,11125,16688,Adaptive_Median,3,4,dynamic,16,off-avx2,yes,unset,unset,hype2,12.2.0,-O3 -Wall -Wextra -std=c++17 -fopenmp -ffp-contract=off -DOMP_EXPLICIT_SIMD=0 -fno-tree-vectorize -march=haswell,12826.268195,cae2b8384ddb6aac,passed
adaptive-simd_off-avx2-t4-dynamicx16-r3-control_smooth_6000x6000.png,2026-09-20T02:10:53Z,control_smooth_6000x6000.png,6000,6000,Adaptive_Median,3,4,dynamic,16,off-avx2,yes,unset,unset,hype2,12.2.0,-O3 -Wall -Wextra -std=c++17 -fopenmp -ffp-contract=off -DOMP_EXPLICIT_SIMD=0 -fno-tree-vectorize -march=haswell,3350.334768,596e3c6929662ab9,passed
adaptive-simd_off-avx2-t4-dynamicx16-r3-control_noise_6000x6000.png,2026-09-20T02:10:56Z,control_noise_6000x6000.png,6000,6000,Adaptive_Median,3,4,dynamic,16,off-avx2,yes,unset,unset,hype2,12.2.0,-O3 -Wall -Wextra -std=c++17 -fopenmp -ffp-contract=off -DOMP_EXPLICIT_SIMD=0 -fno-tree-vectorize -march=haswell,2470.941399,fcb58a627e9d9740,passed
adaptive-simd_off-avx2-t4-dynamicx16-r3-control_half_noise_6000x6000.png,2026-09-20T02:10:59Z,control_half_noise_6000x6000.png,6000,6000,Adaptive_Median,3,4,dynamic,16,off-avx2,yes,unset,unset,hype2,12.2.0,-O3 -Wall -Wextra -std=c++17 -fopenmp -ffp-contract=off -DOMP_EXPLICIT_SIMD=0 -fno-tree-vectorize -march=haswell,2481.693712,9d92a48896bfc25a,passed
adaptive-simd_off-avx2-t4-dynamicx16-r3-control_bands_256_6000x6000.png,2026-09-20T02:11:02Z,control_bands_256_6000x6000.png,6000,6000,Adaptive_Median,3,4,dynamic,16,off-avx2,yes,unset,unset,hype2,12.2.0,-O3 -Wall -Wextra -std=c++17 -fopenmp -ffp-contract=off -DOMP_EXPLICIT_SIMD=0 -fno-tree-vectorize -march=haswell,2487.987328,8f9bc97f03d5aae1,passed
adaptive-simd_omp-t4-dynamicx16-r3-sky.jpg,2026-09-20T02:11:08Z,sky.jpg,6936,9248,Adaptive_Median,3,4,dynamic,16,omp,yes,unset,unset,hype2,12.2.0,-O3 -Wall -Wextra -std=c++17 -fopenmp -ffp-contract=off -DOMP_EXPLICIT_SIMD=1,4386.834157,1e7ae9152e9643d5,passed
adaptive-simd_omp-t4-dynamicx16-r3-stars.jpg,2026-09-20T02:11:17Z,stars.jpg,12960,8640,Adaptive_Median,3,4,dynamic,16,omp,yes,unset,unset,hype2,12.2.0,-O3 -Wall -Wextra -std=c++17 -fopenmp -ffp-contract=off -DOMP_EXPLICIT_SIMD=1,6980.203263,626f977055f1c658,passed
adaptive-simd_omp-t4-dynamicx16-r3-rain_paisage.jpg,2026-09-20T02:11:33Z,rain_paisage.jpg,12288,16320,Adaptive_Median,3,4,dynamic,16,omp,yes,unset,unset,hype2,12.2.0,-O3 -Wall -Wextra -std=c++17 -fopenmp -ffp-contract=off -DOMP_EXPLICIT_SIMD=1,12961.626948,d0fdcd4b2e74abf3,passed
adaptive-simd_omp-t4-dynamicx16-r3-firework.jpg,2026-09-20T02:11:48Z,firework.jpg,11125,16688,Adaptive_Median,3,4,dynamic,16,omp,yes,unset,unset,hype2,12.2.0,-O3 -Wall -Wextra -std=c++17 -fopenmp -ffp-contract=off -DOMP_EXPLICIT_SIMD=1,12575.128907,cae2b8384ddb6aac,passed
adaptive-simd_omp-t4-dynamicx16-r3-control_smooth_6000x6000.png,2026-09-20T02:11:52Z,control_smooth_6000x6000.png,6000,6000,Adaptive_Median,3,4,dynamic,16,omp,yes,unset,unset,hype2,12.2.0,-O3 -Wall -Wextra -std=c++17 -fopenmp -ffp-contract=off -DOMP_EXPLICIT_SIMD=1,3326.223552,596e3c6929662ab9,passed
adaptive-simd_omp-t4-dynamicx16-r3-control_noise_6000x6000.png,2026-09-20T02:11:55Z,control_noise_6000x6000.png,6000,6000,Adaptive_Median,3,4,dynamic,16,omp,yes,unset,unset,hype2,12.2.0,-O3 -Wall -Wextra -std=c++17 -fopenmp -ffp-contract=off -DOMP_EXPLICIT_SIMD=1,2393.636644,fcb58a627e9d9740,passed
adaptive-simd_omp-t4-dynamicx16-r3-control_half_noise_6000x6000.png,2026-09-20T02:11:58Z,control_half_noise_6000x6000.png,6000,6000,Adaptive_Median,3,4,dynamic,16,omp,yes,unset,unset,hype2,12.2.0,-O3 -Wall -Wextra -std=c++17 -fopenmp -ffp-contract=off -DOMP_EXPLICIT_SIMD=1,2450.648343,9d92a48896bfc25a,passed
adaptive-simd_omp-t4-dynamicx16-r3-control_bands_256_6000x6000.png,2026-09-20T02:12:02Z,control_bands_256_6000x6000.png,6000,6000,Adaptive_Median,3,4,dynamic,16,omp,yes,unset,unset,hype2,12.2.0,-O3 -Wall -Wextra -std=c++17 -fopenmp -ffp-contract=off -DOMP_EXPLICIT_SIMD=1,2575.194204,8f9bc97f03d5aae1,passed
adaptive-simd_omp-avx2-t4-dynamicx16-r3-sky.jpg,2026-09-20T02:12:07Z,sky.jpg,6936,9248,Adaptive_Median,3,4,dynamic,16,omp-avx2,yes,unset,unset,hype2,12.2.0,-O3 -Wall -Wextra -std=c++17 -fopenmp -ffp-contract=off -DOMP_EXPLICIT_SIMD=1 -march=haswell,4550.439080,1e7ae9152e9643d5,passed
adaptive-simd_omp-avx2-t4-dynamicx16-r3-stars.jpg,2026-09-20T02:12:17Z,stars.jpg,12960,8640,Adaptive_Median,3,4,dynamic,16,omp-avx2,yes,unset,unset,hype2,12.2.0,-O3 -Wall -Wextra -std=c++17 -fopenmp -ffp-contract=off -DOMP_EXPLICIT_SIMD=1 -march=haswell,7584.446600,626f977055f1c658,passed
adaptive-simd_omp-avx2-t4-dynamicx16-r3-rain_paisage.jpg,2026-09-20T02:12:34Z,rain_paisage.jpg,12288,16320,Adaptive_Median,3,4,dynamic,16,omp-avx2,yes,unset,unset,hype2,12.2.0,-O3 -Wall -Wextra -std=c++17 -fopenmp -ffp-contract=off -DOMP_EXPLICIT_SIMD=1 -march=haswell,13405.691947,d0fdcd4b2e74abf3,passed
adaptive-simd_omp-avx2-t4-dynamicx16-r3-firework.jpg,2026-09-20T02:12:50Z,firework.jpg,11125,16688,Adaptive_Median,3,4,dynamic,16,omp-avx2,yes,unset,unset,hype2,12.2.0,-O3 -Wall -Wextra -std=c++17 -fopenmp -ffp-contract=off -DOMP_EXPLICIT_SIMD=1 -march=haswell,13077.848095,cae2b8384ddb6aac,passed
adaptive-simd_omp-avx2-t4-dynamicx16-r3-control_smooth_6000x6000.png,2026-09-20T02:12:53Z,control_smooth_6000x6000.png,6000,6000,Adaptive_Median,3,4,dynamic,16,omp-avx2,yes,unset,unset,hype2,12.2.0,-O3 -Wall -Wextra -std=c++17 -fopenmp -ffp-contract=off -DOMP_EXPLICIT_SIMD=1 -march=haswell,3393.981584,596e3c6929662ab9,passed
adaptive-simd_omp-avx2-t4-dynamicx16-r3-control_noise_6000x6000.png,2026-09-20T02:12:56Z,control_noise_6000x6000.png,6000,6000,Adaptive_Median,3,4,dynamic,16,omp-avx2,yes,unset,unset,hype2,12.2.0,-O3 -Wall -Wextra -std=c++17 -fopenmp -ffp-contract=off -DOMP_EXPLICIT_SIMD=1 -march=haswell,2554.867269,fcb58a627e9d9740,passed
adaptive-simd_omp-avx2-t4-dynamicx16-r3-control_half_noise_6000x6000.png,2026-09-20T02:13:00Z,control_half_noise_6000x6000.png,6000,6000,Adaptive_Median,3,4,dynamic,16,omp-avx2,yes,unset,unset,hype2,12.2.0,-O3 -Wall -Wextra -std=c++17 -fopenmp -ffp-contract=off -DOMP_EXPLICIT_SIMD=1 -march=haswell,2532.543595,9d92a48896bfc25a,passed
adaptive-simd_omp-avx2-t4-dynamicx16-r3-control_bands_256_6000x6000.png,2026-09-20T02:13:03Z,control_bands_256_6000x6000.png,6000,6000,Adaptive_Median,3,4,dynamic,16,omp-avx2,yes,unset,unset,hype2,12.2.0,-O3 -Wall -Wextra -std=c++17 -fopenmp -ffp-contract=off -DOMP_EXPLICIT_SIMD=1 -march=haswell,2547.735236,8f9bc97f03d5aae1,passed
adaptive-simd_off-t4-static-r3-sky.jpg,2026-09-20T02:13:09Z,sky.jpg,6936,9248,Adaptive_Median,3,4,static,,off,yes,unset,unset,hype2,12.2.0,-O3 -Wall -Wextra -std=c++17 -fopenmp -ffp-contract=off -DOMP_EXPLICIT_SIMD=0 -fno-tree-vectorize,4546.654423,1e7ae9152e9643d5,passed
adaptive-simd_off-t4-static-r3-stars.jpg,2026-09-20T02:13:18Z,stars.jpg,12960,8640,Adaptive_Median,3,4,static,,off,yes,unset,unset,hype2,12.2.0,-O3 -Wall -Wextra -std=c++17 -fopenmp -ffp-contract=off -DOMP_EXPLICIT_SIMD=0 -fno-tree-vectorize,7233.699716,626f977055f1c658,passed
adaptive-simd_off-t4-static-r3-rain_paisage.jpg,2026-09-20T02:13:39Z,rain_paisage.jpg,12288,16320,Adaptive_Median,3,4,static,,off,yes,unset,unset,hype2,12.2.0,-O3 -Wall -Wextra -std=c++17 -fopenmp -ffp-contract=off -DOMP_EXPLICIT_SIMD=0 -fno-tree-vectorize,17559.480602,d0fdcd4b2e74abf3,passed
adaptive-simd_off-t4-static-r3-firework.jpg,2026-09-20T02:13:58Z,firework.jpg,11125,16688,Adaptive_Median,3,4,static,,off,yes,unset,unset,hype2,12.2.0,-O3 -Wall -Wextra -std=c++17 -fopenmp -ffp-contract=off -DOMP_EXPLICIT_SIMD=0 -fno-tree-vectorize,16086.965034,cae2b8384ddb6aac,passed
adaptive-simd_off-t4-static-r3-control_smooth_6000x6000.png,2026-09-20T02:14:02Z,control_smooth_6000x6000.png,6000,6000,Adaptive_Median,3,4,static,,off,yes,unset,unset,hype2,12.2.0,-O3 -Wall -Wextra -std=c++17 -fopenmp -ffp-contract=off -DOMP_EXPLICIT_SIMD=0 -fno-tree-vectorize,3265.920486,596e3c6929662ab9,passed
adaptive-simd_off-t4-static-r3-control_noise_6000x6000.png,2026-09-20T02:14:04Z,control_noise_6000x6000.png,6000,6000,Adaptive_Median,3,4,static,,off,yes,unset,unset,hype2,12.2.0,-O3 -Wall -Wextra -std=c++17 -fopenmp -ffp-contract=off -DOMP_EXPLICIT_SIMD=0 -fno-tree-vectorize,2359.743593,fcb58a627e9d9740,passed
adaptive-simd_off-t4-static-r3-control_half_noise_6000x6000.png,2026-09-20T02:14:09Z,control_half_noise_6000x6000.png,6000,6000,Adaptive_Median,3,4,static,,off,yes,unset,unset,hype2,12.2.0,-O3 -Wall -Wextra -std=c++17 -fopenmp -ffp-contract=off -DOMP_EXPLICIT_SIMD=0 -fno-tree-vectorize,3271.270576,9d92a48896bfc25a,passed
adaptive-simd_off-t4-static-r3-control_bands_256_6000x6000.png,2026-09-20T02:14:12Z,control_bands_256_6000x6000.png,6000,6000,Adaptive_Median,3,4,static,,off,yes,unset,unset,hype2,12.2.0,-O3 -Wall -Wextra -std=c++17 -fopenmp -ffp-contract=off -DOMP_EXPLICIT_SIMD=0 -fno-tree-vectorize,2408.572763,8f9bc97f03d5aae1,passed
adaptive-simd_off-avx2-t4-static-r3-sky.jpg,2026-09-20T02:14:17Z,sky.jpg,6936,9248,Adaptive_Median,3,4,static,,off-avx2,yes,unset,unset,hype2,12.2.0,-O3 -Wall -Wextra -std=c++17 -fopenmp -ffp-contract=off -DOMP_EXPLICIT_SIMD=0 -fno-tree-vectorize -march=haswell,4774.394853,1e7ae9152e9643d5,passed
adaptive-simd_off-avx2-t4-static-r3-stars.jpg,2026-09-20T02:14:27Z,stars.jpg,12960,8640,Adaptive_Median,3,4,static,,off-avx2,yes,unset,unset,hype2,12.2.0,-O3 -Wall -Wextra -std=c++17 -fopenmp -ffp-contract=off -DOMP_EXPLICIT_SIMD=0 -fno-tree-vectorize -march=haswell,7490.846907,626f977055f1c658,passed
adaptive-simd_off-avx2-t4-static-r3-rain_paisage.jpg,2026-09-20T02:14:49Z,rain_paisage.jpg,12288,16320,Adaptive_Median,3,4,static,,off-avx2,yes,unset,unset,hype2,12.2.0,-O3 -Wall -Wextra -std=c++17 -fopenmp -ffp-contract=off -DOMP_EXPLICIT_SIMD=0 -fno-tree-vectorize -march=haswell,18153.985135,d0fdcd4b2e74abf3,passed
adaptive-simd_off-avx2-t4-static-r3-firework.jpg,2026-09-20T02:15:08Z,firework.jpg,11125,16688,Adaptive_Median,3,4,static,,off-avx2,yes,unset,unset,hype2,12.2.0,-O3 -Wall -Wextra -std=c++17 -fopenmp -ffp-contract=off -DOMP_EXPLICIT_SIMD=0 -fno-tree-vectorize -march=haswell,16632.676205,cae2b8384ddb6aac,passed
adaptive-simd_off-avx2-t4-static-r3-control_smooth_6000x6000.png,2026-09-20T02:15:12Z,control_smooth_6000x6000.png,6000,6000,Adaptive_Median,3,4,static,,off-avx2,yes,unset,unset,hype2,12.2.0,-O3 -Wall -Wextra -std=c++17 -fopenmp -ffp-contract=off -DOMP_EXPLICIT_SIMD=0 -fno-tree-vectorize -march=haswell,3360.430308,596e3c6929662ab9,passed
adaptive-simd_off-avx2-t4-static-r3-control_noise_6000x6000.png,2026-09-20T02:15:15Z,control_noise_6000x6000.png,6000,6000,Adaptive_Median,3,4,static,,off-avx2,yes,unset,unset,hype2,12.2.0,-O3 -Wall -Wextra -std=c++17 -fopenmp -ffp-contract=off -DOMP_EXPLICIT_SIMD=0 -fno-tree-vectorize -march=haswell,2514.719346,fcb58a627e9d9740,passed
adaptive-simd_off-avx2-t4-static-r3-control_half_noise_6000x6000.png,2026-09-20T02:15:19Z,control_half_noise_6000x6000.png,6000,6000,Adaptive_Median,3,4,static,,off-avx2,yes,unset,unset,hype2,12.2.0,-O3 -Wall -Wextra -std=c++17 -fopenmp -ffp-contract=off -DOMP_EXPLICIT_SIMD=0 -fno-tree-vectorize -march=haswell,3397.064464,9d92a48896bfc25a,passed
adaptive-simd_off-avx2-t4-static-r3-control_bands_256_6000x6000.png,2026-09-20T02:15:22Z,control_bands_256_6000x6000.png,6000,6000,Adaptive_Median,3,4,static,,off-avx2,yes,unset,unset,hype2,12.2.0,-O3 -Wall -Wextra -std=c++17 -fopenmp -ffp-contract=off -DOMP_EXPLICIT_SIMD=0 -fno-tree-vectorize -march=haswell,2500.118753,8f9bc97f03d5aae1,passed
adaptive-simd_omp-avx2-t4-static-r4-sky.jpg,2026-09-20T02:15:28Z,sky.jpg,6936,9248,Adaptive_Median,4,4,static,,omp-avx2,yes,unset,unset,hype2,12.2.0,-O3 -Wall -Wextra -std=c++17 -fopenmp -ffp-contract=off -DOMP_EXPLICIT_SIMD=1 -march=haswell,4809.095741,1e7ae9152e9643d5,passed
adaptive-simd_omp-avx2-t4-static-r4-stars.jpg,2026-09-20T02:15:38Z,stars.jpg,12960,8640,Adaptive_Median,4,4,static,,omp-avx2,yes,unset,unset,hype2,12.2.0,-O3 -Wall -Wextra -std=c++17 -fopenmp -ffp-contract=off -DOMP_EXPLICIT_SIMD=1 -march=haswell,7633.003928,626f977055f1c658,passed
adaptive-simd_omp-avx2-t4-static-r4-rain_paisage.jpg,2026-09-20T02:16:00Z,rain_paisage.jpg,12288,16320,Adaptive_Median,4,4,static,,omp-avx2,yes,unset,unset,hype2,12.2.0,-O3 -Wall -Wextra -std=c++17 -fopenmp -ffp-contract=off -DOMP_EXPLICIT_SIMD=1 -march=haswell,18451.616800,d0fdcd4b2e74abf3,passed
adaptive-simd_omp-avx2-t4-static-r4-firework.jpg,2026-09-20T02:16:20Z,firework.jpg,11125,16688,Adaptive_Median,4,4,static,,omp-avx2,yes,unset,unset,hype2,12.2.0,-O3 -Wall -Wextra -std=c++17 -fopenmp -ffp-contract=off -DOMP_EXPLICIT_SIMD=1 -march=haswell,16941.516663,cae2b8384ddb6aac,passed
adaptive-simd_omp-avx2-t4-static-r4-control_smooth_6000x6000.png,2026-09-20T02:16:23Z,control_smooth_6000x6000.png,6000,6000,Adaptive_Median,4,4,static,,omp-avx2,yes,unset,unset,hype2,12.2.0,-O3 -Wall -Wextra -std=c++17 -fopenmp -ffp-contract=off -DOMP_EXPLICIT_SIMD=1 -march=haswell,3378.233580,596e3c6929662ab9,passed
adaptive-simd_omp-avx2-t4-static-r4-control_noise_6000x6000.png,2026-09-20T02:16:26Z,control_noise_6000x6000.png,6000,6000,Adaptive_Median,4,4,static,,omp-avx2,yes,unset,unset,hype2,12.2.0,-O3 -Wall -Wextra -std=c++17 -fopenmp -ffp-contract=off -DOMP_EXPLICIT_SIMD=1 -march=haswell,2548.219056,fcb58a627e9d9740,passed
adaptive-simd_omp-avx2-t4-static-r4-control_half_noise_6000x6000.png,2026-09-20T02:16:31Z,control_half_noise_6000x6000.png,6000,6000,Adaptive_Median,4,4,static,,omp-avx2,yes,unset,unset,hype2,12.2.0,-O3 -Wall -Wextra -std=c++17 -fopenmp -ffp-contract=off -DOMP_EXPLICIT_SIMD=1 -march=haswell,3433.587669,9d92a48896bfc25a,passed
adaptive-simd_omp-avx2-t4-static-r4-control_bands_256_6000x6000.png,2026-09-20T02:16:34Z,control_bands_256_6000x6000.png,6000,6000,Adaptive_Median,4,4,static,,omp-avx2,yes,unset,unset,hype2,12.2.0,-O3 -Wall -Wextra -std=c++17 -fopenmp -ffp-contract=off -DOMP_EXPLICIT_SIMD=1 -march=haswell,2537.382093,8f9bc97f03d5aae1,passed
adaptive-simd_off-t4-dynamicx16-r4-sky.jpg,2026-09-20T02:16:39Z,sky.jpg,6936,9248,Adaptive_Median,4,4,dynamic,16,off,yes,unset,unset,hype2,12.2.0,-O3 -Wall -Wextra -std=c++17 -fopenmp -ffp-contract=off -DOMP_EXPLICIT_SIMD=0 -fno-tree-vectorize,4269.350823,1e7ae9152e9643d5,passed
adaptive-simd_off-t4-dynamicx16-r4-stars.jpg,2026-09-20T02:16:48Z,stars.jpg,12960,8640,Adaptive_Median,4,4,dynamic,16,off,yes,unset,unset,hype2,12.2.0,-O3 -Wall -Wextra -std=c++17 -fopenmp -ffp-contract=off -DOMP_EXPLICIT_SIMD=0 -fno-tree-vectorize,6843.826462,626f977055f1c658,passed
adaptive-simd_off-t4-dynamicx16-r4-rain_paisage.jpg,2026-09-20T02:17:04Z,rain_paisage.jpg,12288,16320,Adaptive_Median,4,4,dynamic,16,off,yes,unset,unset,hype2,12.2.0,-O3 -Wall -Wextra -std=c++17 -fopenmp -ffp-contract=off -DOMP_EXPLICIT_SIMD=0 -fno-tree-vectorize,12718.993388,d0fdcd4b2e74abf3,passed
adaptive-simd_off-t4-dynamicx16-r4-firework.jpg,2026-09-20T02:17:19Z,firework.jpg,11125,16688,Adaptive_Median,4,4,dynamic,16,off,yes,unset,unset,hype2,12.2.0,-O3 -Wall -Wextra -std=c++17 -fopenmp -ffp-contract=off -DOMP_EXPLICIT_SIMD=0 -fno-tree-vectorize,12305.061436,cae2b8384ddb6aac,passed
adaptive-simd_off-t4-dynamicx16-r4-control_smooth_6000x6000.png,2026-09-20T02:17:23Z,control_smooth_6000x6000.png,6000,6000,Adaptive_Median,4,4,dynamic,16,off,yes,unset,unset,hype2,12.2.0,-O3 -Wall -Wextra -std=c++17 -fopenmp -ffp-contract=off -DOMP_EXPLICIT_SIMD=0 -fno-tree-vectorize,3250.260088,596e3c6929662ab9,passed
adaptive-simd_off-t4-dynamicx16-r4-control_noise_6000x6000.png,2026-09-20T02:17:26Z,control_noise_6000x6000.png,6000,6000,Adaptive_Median,4,4,dynamic,16,off,yes,unset,unset,hype2,12.2.0,-O3 -Wall -Wextra -std=c++17 -fopenmp -ffp-contract=off -DOMP_EXPLICIT_SIMD=0 -fno-tree-vectorize,2348.884764,fcb58a627e9d9740,passed
adaptive-simd_off-t4-dynamicx16-r4-control_half_noise_6000x6000.png,2026-09-20T02:17:29Z,control_half_noise_6000x6000.png,6000,6000,Adaptive_Median,4,4,dynamic,16,off,yes,unset,unset,hype2,12.2.0,-O3 -Wall -Wextra -std=c++17 -fopenmp -ffp-contract=off -DOMP_EXPLICIT_SIMD=0 -fno-tree-vectorize,2388.881554,9d92a48896bfc25a,passed
adaptive-simd_off-t4-dynamicx16-r4-control_bands_256_6000x6000.png,2026-09-20T02:17:32Z,control_bands_256_6000x6000.png,6000,6000,Adaptive_Median,4,4,dynamic,16,off,yes,unset,unset,hype2,12.2.0,-O3 -Wall -Wextra -std=c++17 -fopenmp -ffp-contract=off -DOMP_EXPLICIT_SIMD=0 -fno-tree-vectorize,2393.602710,8f9bc97f03d5aae1,passed
adaptive-simd_off-avx2-t4-dynamicx16-r4-sky.jpg,2026-09-20T02:17:38Z,sky.jpg,6936,9248,Adaptive_Median,4,4,dynamic,16,off-avx2,yes,unset,unset,hype2,12.2.0,-O3 -Wall -Wextra -std=c++17 -fopenmp -ffp-contract=off -DOMP_EXPLICIT_SIMD=0 -fno-tree-vectorize -march=haswell,4449.977970,1e7ae9152e9643d5,passed
adaptive-simd_off-avx2-t4-dynamicx16-r4-stars.jpg,2026-09-20T02:17:47Z,stars.jpg,12960,8640,Adaptive_Median,4,4,dynamic,16,off-avx2,yes,unset,unset,hype2,12.2.0,-O3 -Wall -Wextra -std=c++17 -fopenmp -ffp-contract=off -DOMP_EXPLICIT_SIMD=0 -fno-tree-vectorize -march=haswell,7134.775285,626f977055f1c658,passed
adaptive-simd_off-avx2-t4-dynamicx16-r4-rain_paisage.jpg,2026-09-20T02:18:04Z,rain_paisage.jpg,12288,16320,Adaptive_Median,4,4,dynamic,16,off-avx2,yes,unset,unset,hype2,12.2.0,-O3 -Wall -Wextra -std=c++17 -fopenmp -ffp-contract=off -DOMP_EXPLICIT_SIMD=0 -fno-tree-vectorize -march=haswell,13268.950764,d0fdcd4b2e74abf3,passed
adaptive-simd_off-avx2-t4-dynamicx16-r4-firework.jpg,2026-09-20T02:18:19Z,firework.jpg,11125,16688,Adaptive_Median,4,4,dynamic,16,off-avx2,yes,unset,unset,hype2,12.2.0,-O3 -Wall -Wextra -std=c++17 -fopenmp -ffp-contract=off -DOMP_EXPLICIT_SIMD=0 -fno-tree-vectorize -march=haswell,12820.927334,cae2b8384ddb6aac,passed
adaptive-simd_off-avx2-t4-dynamicx16-r4-control_smooth_6000x6000.png,2026-09-20T02:18:23Z,control_smooth_6000x6000.png,6000,6000,Adaptive_Median,4,4,dynamic,16,off-avx2,yes,unset,unset,hype2,12.2.0,-O3 -Wall -Wextra -std=c++17 -fopenmp -ffp-contract=off -DOMP_EXPLICIT_SIMD=0 -fno-tree-vectorize -march=haswell,3351.443726,596e3c6929662ab9,passed
adaptive-simd_off-avx2-t4-dynamicx16-r4-control_noise_6000x6000.png,2026-09-20T02:18:26Z,control_noise_6000x6000.png,6000,6000,Adaptive_Median,4,4,dynamic,16,off-avx2,yes,unset,unset,hype2,12.2.0,-O3 -Wall -Wextra -std=c++17 -fopenmp -ffp-contract=off -DOMP_EXPLICIT_SIMD=0 -fno-tree-vectorize -march=haswell,2471.931392,fcb58a627e9d9740,passed
adaptive-simd_off-avx2-t4-dynamicx16-r4-control_half_noise_6000x6000.png,2026-09-20T02:18:29Z,control_half_noise_6000x6000.png,6000,6000,Adaptive_Median,4,4,dynamic,16,off-avx2,yes,unset,unset,hype2,12.2.0,-O3 -Wall -Wextra -std=c++17 -fopenmp -ffp-contract=off -DOMP_EXPLICIT_SIMD=0 -fno-tree-vectorize -march=haswell,2485.590998,9d92a48896bfc25a,passed
adaptive-simd_off-avx2-t4-dynamicx16-r4-control_bands_256_6000x6000.png,2026-09-20T02:18:33Z,control_bands_256_6000x6000.png,6000,6000,Adaptive_Median,4,4,dynamic,16,off-avx2,yes,unset,unset,hype2,12.2.0,-O3 -Wall -Wextra -std=c++17 -fopenmp -ffp-contract=off -DOMP_EXPLICIT_SIMD=0 -fno-tree-vectorize -march=haswell,2490.848895,8f9bc97f03d5aae1,passed
adaptive-simd_omp-t4-dynamicx16-r4-sky.jpg,2026-09-20T02:18:38Z,sky.jpg,6936,9248,Adaptive_Median,4,4,dynamic,16,omp,yes,unset,unset,hype2,12.2.0,-O3 -Wall -Wextra -std=c++17 -fopenmp -ffp-contract=off -DOMP_EXPLICIT_SIMD=1,4388.375823,1e7ae9152e9643d5,passed
adaptive-simd_omp-t4-dynamicx16-r4-stars.jpg,2026-09-20T02:18:47Z,stars.jpg,12960,8640,Adaptive_Median,4,4,dynamic,16,omp,yes,unset,unset,hype2,12.2.0,-O3 -Wall -Wextra -std=c++17 -fopenmp -ffp-contract=off -DOMP_EXPLICIT_SIMD=1,6965.360087,626f977055f1c658,passed
adaptive-simd_omp-t4-dynamicx16-r4-rain_paisage.jpg,2026-09-20T02:19:04Z,rain_paisage.jpg,12288,16320,Adaptive_Median,4,4,dynamic,16,omp,yes,unset,unset,hype2,12.2.0,-O3 -Wall -Wextra -std=c++17 -fopenmp -ffp-contract=off -DOMP_EXPLICIT_SIMD=1,12969.153090,d0fdcd4b2e74abf3,passed
adaptive-simd_omp-t4-dynamicx16-r4-firework.jpg,2026-09-20T02:19:19Z,firework.jpg,11125,16688,Adaptive_Median,4,4,dynamic,16,omp,yes,unset,unset,hype2,12.2.0,-O3 -Wall -Wextra -std=c++17 -fopenmp -ffp-contract=off -DOMP_EXPLICIT_SIMD=1,12561.676530,cae2b8384ddb6aac,passed
adaptive-simd_omp-t4-dynamicx16-r4-control_smooth_6000x6000.png,2026-09-20T02:19:23Z,control_smooth_6000x6000.png,6000,6000,Adaptive_Median,4,4,dynamic,16,omp,yes,unset,unset,hype2,12.2.0,-O3 -Wall -Wextra -std=c++17 -fopenmp -ffp-contract=off -DOMP_EXPLICIT_SIMD=1,3309.573548,596e3c6929662ab9,passed
adaptive-simd_omp-t4-dynamicx16-r4-control_noise_6000x6000.png,2026-09-20T02:19:26Z,control_noise_6000x6000.png,6000,6000,Adaptive_Median,4,4,dynamic,16,omp,yes,unset,unset,hype2,12.2.0,-O3 -Wall -Wextra -std=c++17 -fopenmp -ffp-contract=off -DOMP_EXPLICIT_SIMD=1,2406.798531,fcb58a627e9d9740,passed
adaptive-simd_omp-t4-dynamicx16-r4-control_half_noise_6000x6000.png,2026-09-20T02:19:29Z,control_half_noise_6000x6000.png,6000,6000,Adaptive_Median,4,4,dynamic,16,omp,yes,unset,unset,hype2,12.2.0,-O3 -Wall -Wextra -std=c++17 -fopenmp -ffp-contract=off -DOMP_EXPLICIT_SIMD=1,2442.355203,9d92a48896bfc25a,passed
adaptive-simd_omp-t4-dynamicx16-r4-control_bands_256_6000x6000.png,2026-09-20T02:19:32Z,control_bands_256_6000x6000.png,6000,6000,Adaptive_Median,4,4,dynamic,16,omp,yes,unset,unset,hype2,12.2.0,-O3 -Wall -Wextra -std=c++17 -fopenmp -ffp-contract=off -DOMP_EXPLICIT_SIMD=1,2458.892951,8f9bc97f03d5aae1,passed
adaptive-simd_omp-avx2-t4-dynamicx16-r4-sky.jpg,2026-09-20T02:19:38Z,sky.jpg,6936,9248,Adaptive_Median,4,4,dynamic,16,omp-avx2,yes,unset,unset,hype2,12.2.0,-O3 -Wall -Wextra -std=c++17 -fopenmp -ffp-contract=off -DOMP_EXPLICIT_SIMD=1 -march=haswell,4532.369579,1e7ae9152e9643d5,passed
adaptive-simd_omp-avx2-t4-dynamicx16-r4-stars.jpg,2026-09-20T02:19:47Z,stars.jpg,12960,8640,Adaptive_Median,4,4,dynamic,16,omp-avx2,yes,unset,unset,hype2,12.2.0,-O3 -Wall -Wextra -std=c++17 -fopenmp -ffp-contract=off -DOMP_EXPLICIT_SIMD=1 -march=haswell,7234.894346,626f977055f1c658,passed
adaptive-simd_omp-avx2-t4-dynamicx16-r4-rain_paisage.jpg,2026-09-20T02:20:04Z,rain_paisage.jpg,12288,16320,Adaptive_Median,4,4,dynamic,16,omp-avx2,yes,unset,unset,hype2,12.2.0,-O3 -Wall -Wextra -std=c++17 -fopenmp -ffp-contract=off -DOMP_EXPLICIT_SIMD=1 -march=haswell,13452.647951,d0fdcd4b2e74abf3,passed
adaptive-simd_omp-avx2-t4-dynamicx16-r4-firework.jpg,2026-09-20T02:20:20Z,firework.jpg,11125,16688,Adaptive_Median,4,4,dynamic,16,omp-avx2,yes,unset,unset,hype2,12.2.0,-O3 -Wall -Wextra -std=c++17 -fopenmp -ffp-contract=off -DOMP_EXPLICIT_SIMD=1 -march=haswell,13048.233954,cae2b8384ddb6aac,passed
adaptive-simd_omp-avx2-t4-dynamicx16-r4-control_smooth_6000x6000.png,2026-09-20T02:20:23Z,control_smooth_6000x6000.png,6000,6000,Adaptive_Median,4,4,dynamic,16,omp-avx2,yes,unset,unset,hype2,12.2.0,-O3 -Wall -Wextra -std=c++17 -fopenmp -ffp-contract=off -DOMP_EXPLICIT_SIMD=1 -march=haswell,3373.343191,596e3c6929662ab9,passed
adaptive-simd_omp-avx2-t4-dynamicx16-r4-control_noise_6000x6000.png,2026-09-20T02:20:26Z,control_noise_6000x6000.png,6000,6000,Adaptive_Median,4,4,dynamic,16,omp-avx2,yes,unset,unset,hype2,12.2.0,-O3 -Wall -Wextra -std=c++17 -fopenmp -ffp-contract=off -DOMP_EXPLICIT_SIMD=1 -march=haswell,2536.410477,fcb58a627e9d9740,passed
adaptive-simd_omp-avx2-t4-dynamicx16-r4-control_half_noise_6000x6000.png,2026-09-20T02:20:30Z,control_half_noise_6000x6000.png,6000,6000,Adaptive_Median,4,4,dynamic,16,omp-avx2,yes,unset,unset,hype2,12.2.0,-O3 -Wall -Wextra -std=c++17 -fopenmp -ffp-contract=off -DOMP_EXPLICIT_SIMD=1 -march=haswell,2535.477569,9d92a48896bfc25a,passed
adaptive-simd_omp-avx2-t4-dynamicx16-r4-control_bands_256_6000x6000.png,2026-09-20T02:20:33Z,control_bands_256_6000x6000.png,6000,6000,Adaptive_Median,4,4,dynamic,16,omp-avx2,yes,unset,unset,hype2,12.2.0,-O3 -Wall -Wextra -std=c++17 -fopenmp -ffp-contract=off -DOMP_EXPLICIT_SIMD=1 -march=haswell,2542.321950,8f9bc97f03d5aae1,passed
adaptive-simd_off-t4-static-r4-sky.jpg,2026-09-20T02:20:39Z,sky.jpg,6936,9248,Adaptive_Median,4,4,static,,off,yes,unset,unset,hype2,12.2.0,-O3 -Wall -Wextra -std=c++17 -fopenmp -ffp-contract=off -DOMP_EXPLICIT_SIMD=0 -fno-tree-vectorize,4540.376117,1e7ae9152e9643d5,passed
adaptive-simd_off-t4-static-r4-stars.jpg,2026-09-20T02:20:48Z,stars.jpg,12960,8640,Adaptive_Median,4,4,static,,off,yes,unset,unset,hype2,12.2.0,-O3 -Wall -Wextra -std=c++17 -fopenmp -ffp-contract=off -DOMP_EXPLICIT_SIMD=0 -fno-tree-vectorize,7197.737530,626f977055f1c658,passed
adaptive-simd_off-t4-static-r4-rain_paisage.jpg,2026-09-20T02:21:09Z,rain_paisage.jpg,12288,16320,Adaptive_Median,4,4,static,,off,yes,unset,unset,hype2,12.2.0,-O3 -Wall -Wextra -std=c++17 -fopenmp -ffp-contract=off -DOMP_EXPLICIT_SIMD=0 -fno-tree-vectorize,17551.269811,d0fdcd4b2e74abf3,passed
adaptive-simd_off-t4-static-r4-firework.jpg,2026-09-20T02:21:28Z,firework.jpg,11125,16688,Adaptive_Median,4,4,static,,off,yes,unset,unset,hype2,12.2.0,-O3 -Wall -Wextra -std=c++17 -fopenmp -ffp-contract=off -DOMP_EXPLICIT_SIMD=0 -fno-tree-vectorize,16127.420864,cae2b8384ddb6aac,passed
adaptive-simd_off-t4-static-r4-control_smooth_6000x6000.png,2026-09-20T02:21:31Z,control_smooth_6000x6000.png,6000,6000,Adaptive_Median,4,4,static,,off,yes,unset,unset,hype2,12.2.0,-O3 -Wall -Wextra -std=c++17 -fopenmp -ffp-contract=off -DOMP_EXPLICIT_SIMD=0 -fno-tree-vectorize,3248.130629,596e3c6929662ab9,passed
adaptive-simd_off-t4-static-r4-control_noise_6000x6000.png,2026-09-20T02:21:34Z,control_noise_6000x6000.png,6000,6000,Adaptive_Median,4,4,static,,off,yes,unset,unset,hype2,12.2.0,-O3 -Wall -Wextra -std=c++17 -fopenmp -ffp-contract=off -DOMP_EXPLICIT_SIMD=0 -fno-tree-vectorize,2343.139642,fcb58a627e9d9740,passed
adaptive-simd_off-t4-static-r4-control_half_noise_6000x6000.png,2026-09-20T02:21:38Z,control_half_noise_6000x6000.png,6000,6000,Adaptive_Median,4,4,static,,off,yes,unset,unset,hype2,12.2.0,-O3 -Wall -Wextra -std=c++17 -fopenmp -ffp-contract=off -DOMP_EXPLICIT_SIMD=0 -fno-tree-vectorize,3266.714994,9d92a48896bfc25a,passed
adaptive-simd_off-t4-static-r4-control_bands_256_6000x6000.png,2026-09-20T02:21:42Z,control_bands_256_6000x6000.png,6000,6000,Adaptive_Median,4,4,static,,off,yes,unset,unset,hype2,12.2.0,-O3 -Wall -Wextra -std=c++17 -fopenmp -ffp-contract=off -DOMP_EXPLICIT_SIMD=0 -fno-tree-vectorize,2408.042611,8f9bc97f03d5aae1,passed
adaptive-simd_off-avx2-t4-static-r4-sky.jpg,2026-09-20T02:21:47Z,sky.jpg,6936,9248,Adaptive_Median,4,4,static,,off-avx2,yes,unset,unset,hype2,12.2.0,-O3 -Wall -Wextra -std=c++17 -fopenmp -ffp-contract=off -DOMP_EXPLICIT_SIMD=0 -fno-tree-vectorize -march=haswell,4719.767772,1e7ae9152e9643d5,passed
adaptive-simd_off-avx2-t4-static-r4-stars.jpg,2026-09-20T02:21:57Z,stars.jpg,12960,8640,Adaptive_Median,4,4,static,,off-avx2,yes,unset,unset,hype2,12.2.0,-O3 -Wall -Wextra -std=c++17 -fopenmp -ffp-contract=off -DOMP_EXPLICIT_SIMD=0 -fno-tree-vectorize -march=haswell,7486.480250,626f977055f1c658,passed
adaptive-simd_off-avx2-t4-static-r4-rain_paisage.jpg,2026-09-20T02:22:18Z,rain_paisage.jpg,12288,16320,Adaptive_Median,4,4,static,,off-avx2,yes,unset,unset,hype2,12.2.0,-O3 -Wall -Wextra -std=c++17 -fopenmp -ffp-contract=off -DOMP_EXPLICIT_SIMD=0 -fno-tree-vectorize -march=haswell,18154.024327,d0fdcd4b2e74abf3,passed
adaptive-simd_off-avx2-t4-static-r4-firework.jpg,2026-09-20T02:22:38Z,firework.jpg,11125,16688,Adaptive_Median,4,4,static,,off-avx2,yes,unset,unset,hype2,12.2.0,-O3 -Wall -Wextra -std=c++17 -fopenmp -ffp-contract=off -DOMP_EXPLICIT_SIMD=0 -fno-tree-vectorize -march=haswell,16614.104077,cae2b8384ddb6aac,passed
adaptive-simd_off-avx2-t4-static-r4-control_smooth_6000x6000.png,2026-09-20T02:22:42Z,control_smooth_6000x6000.png,6000,6000,Adaptive_Median,4,4,static,,off-avx2,yes,unset,unset,hype2,12.2.0,-O3 -Wall -Wextra -std=c++17 -fopenmp -ffp-contract=off -DOMP_EXPLICIT_SIMD=0 -fno-tree-vectorize -march=haswell,3355.827773,596e3c6929662ab9,passed
adaptive-simd_off-avx2-t4-static-r4-control_noise_6000x6000.png,2026-09-20T02:22:45Z,control_noise_6000x6000.png,6000,6000,Adaptive_Median,4,4,static,,off-avx2,yes,unset,unset,hype2,12.2.0,-O3 -Wall -Wextra -std=c++17 -fopenmp -ffp-contract=off -DOMP_EXPLICIT_SIMD=0 -fno-tree-vectorize -march=haswell,2480.474717,fcb58a627e9d9740,passed
adaptive-simd_off-avx2-t4-static-r4-control_half_noise_6000x6000.png,2026-09-20T02:22:49Z,control_half_noise_6000x6000.png,6000,6000,Adaptive_Median,4,4,static,,off-avx2,yes,unset,unset,hype2,12.2.0,-O3 -Wall -Wextra -std=c++17 -fopenmp -ffp-contract=off -DOMP_EXPLICIT_SIMD=0 -fno-tree-vectorize -march=haswell,3388.947868,9d92a48896bfc25a,passed
adaptive-simd_off-avx2-t4-static-r4-control_bands_256_6000x6000.png,2026-09-20T02:22:52Z,control_bands_256_6000x6000.png,6000,6000,Adaptive_Median,4,4,static,,off-avx2,yes,unset,unset,hype2,12.2.0,-O3 -Wall -Wextra -std=c++17 -fopenmp -ffp-contract=off -DOMP_EXPLICIT_SIMD=0 -fno-tree-vectorize -march=haswell,2503.281654,8f9bc97f03d5aae1,passed
adaptive-simd_omp-t4-static-r4-sky.jpg,2026-09-20T02:22:58Z,sky.jpg,6936,9248,Adaptive_Median,4,4,static,,omp,yes,unset,unset,hype2,12.2.0,-O3 -Wall -Wextra -std=c++17 -fopenmp -ffp-contract=off -DOMP_EXPLICIT_SIMD=1,4658.119396,1e7ae9152e9643d5,passed
adaptive-simd_omp-t4-static-r4-stars.jpg,2026-09-20T02:23:07Z,stars.jpg,12960,8640,Adaptive_Median,4,4,static,,omp,yes,unset,unset,hype2,12.2.0,-O3 -Wall -Wextra -std=c++17 -fopenmp -ffp-contract=off -DOMP_EXPLICIT_SIMD=1,7294.469925,626f977055f1c658,passed
adaptive-simd_omp-t4-static-r4-rain_paisage.jpg,2026-09-20T02:23:29Z,rain_paisage.jpg,12288,16320,Adaptive_Median,4,4,static,,omp,yes,unset,unset,hype2,12.2.0,-O3 -Wall -Wextra -std=c++17 -fopenmp -ffp-contract=off -DOMP_EXPLICIT_SIMD=1,17881.789255,d0fdcd4b2e74abf3,passed
adaptive-simd_omp-t4-static-r4-firework.jpg,2026-09-20T02:23:48Z,firework.jpg,11125,16688,Adaptive_Median,4,4,static,,omp,yes,unset,unset,hype2,12.2.0,-O3 -Wall -Wextra -std=c++17 -fopenmp -ffp-contract=off -DOMP_EXPLICIT_SIMD=1,16409.778606,cae2b8384ddb6aac,passed
adaptive-simd_omp-t4-static-r4-control_smooth_6000x6000.png,2026-09-20T02:23:52Z,control_smooth_6000x6000.png,6000,6000,Adaptive_Median,4,4,static,,omp,yes,unset,unset,hype2,12.2.0,-O3 -Wall -Wextra -std=c++17 -fopenmp -ffp-contract=off -DOMP_EXPLICIT_SIMD=1,3357.268554,596e3c6929662ab9,passed
adaptive-simd_omp-t4-static-r4-control_noise_6000x6000.png,2026-09-20T02:23:55Z,control_noise_6000x6000.png,6000,6000,Adaptive_Median,4,4,static,,omp,yes,unset,unset,hype2,12.2.0,-O3 -Wall -Wextra -std=c++17 -fopenmp -ffp-contract=off -DOMP_EXPLICIT_SIMD=1,2416.995385,fcb58a627e9d9740,passed
adaptive-simd_omp-t4-static-r4-control_half_noise_6000x6000.png,2026-09-20T02:23:59Z,control_half_noise_6000x6000.png,6000,6000,Adaptive_Median,4,4,static,,omp,yes,unset,unset,hype2,12.2.0,-O3 -Wall -Wextra -std=c++17 -fopenmp -ffp-contract=off -DOMP_EXPLICIT_SIMD=1,3332.648556,9d92a48896bfc25a,passed
adaptive-simd_omp-t4-static-r4-control_bands_256_6000x6000.png,2026-09-20T02:24:02Z,control_bands_256_6000x6000.png,6000,6000,Adaptive_Median,4,4,static,,omp,yes,unset,unset,hype2,12.2.0,-O3 -Wall -Wextra -std=c++17 -fopenmp -ffp-contract=off -DOMP_EXPLICIT_SIMD=1,2469.240328,8f9bc97f03d5aae1,passed
adaptive-simd_off-t4-dynamicx16-r5-sky.jpg,2026-09-20T02:24:07Z,sky.jpg,6936,9248,Adaptive_Median,5,4,dynamic,16,off,yes,unset,unset,hype2,12.2.0,-O3 -Wall -Wextra -std=c++17 -fopenmp -ffp-contract=off -DOMP_EXPLICIT_SIMD=0 -fno-tree-vectorize,4297.392754,1e7ae9152e9643d5,passed
adaptive-simd_off-t4-dynamicx16-r5-stars.jpg,2026-09-20T02:24:16Z,stars.jpg,12960,8640,Adaptive_Median,5,4,dynamic,16,off,yes,unset,unset,hype2,12.2.0,-O3 -Wall -Wextra -std=c++17 -fopenmp -ffp-contract=off -DOMP_EXPLICIT_SIMD=0 -fno-tree-vectorize,7061.654381,626f977055f1c658,passed
adaptive-simd_off-t4-dynamicx16-r5-rain_paisage.jpg,2026-09-20T02:24:33Z,rain_paisage.jpg,12288,16320,Adaptive_Median,5,4,dynamic,16,off,yes,unset,unset,hype2,12.2.0,-O3 -Wall -Wextra -std=c++17 -fopenmp -ffp-contract=off -DOMP_EXPLICIT_SIMD=0 -fno-tree-vectorize,13309.034607,d0fdcd4b2e74abf3,passed
adaptive-simd_off-t4-dynamicx16-r5-firework.jpg,2026-09-20T02:24:48Z,firework.jpg,11125,16688,Adaptive_Median,5,4,dynamic,16,off,yes,unset,unset,hype2,12.2.0,-O3 -Wall -Wextra -std=c++17 -fopenmp -ffp-contract=off -DOMP_EXPLICIT_SIMD=0 -fno-tree-vectorize,12256.176633,cae2b8384ddb6aac,passed
adaptive-simd_off-t4-dynamicx16-r5-control_smooth_6000x6000.png,2026-09-20T02:24:52Z,control_smooth_6000x6000.png,6000,6000,Adaptive_Median,5,4,dynamic,16,off,yes,unset,unset,hype2,12.2.0,-O3 -Wall -Wextra -std=c++17 -fopenmp -ffp-contract=off -DOMP_EXPLICIT_SIMD=0 -fno-tree-vectorize,3303.008205,596e3c6929662ab9,passed
adaptive-simd_off-t4-dynamicx16-r5-control_noise_6000x6000.png,2026-09-20T02:24:55Z,control_noise_6000x6000.png,6000,6000,Adaptive_Median,5,4,dynamic,16,off,yes,unset,unset,hype2,12.2.0,-O3 -Wall -Wextra -std=c++17 -fopenmp -ffp-contract=off -DOMP_EXPLICIT_SIMD=0 -fno-tree-vectorize,2343.997681,fcb58a627e9d9740,passed
adaptive-simd_off-t4-dynamicx16-r5-control_half_noise_6000x6000.png,2026-09-20T02:24:58Z,control_half_noise_6000x6000.png,6000,6000,Adaptive_Median,5,4,dynamic,16,off,yes,unset,unset,hype2,12.2.0,-O3 -Wall -Wextra -std=c++17 -fopenmp -ffp-contract=off -DOMP_EXPLICIT_SIMD=0 -fno-tree-vectorize,2388.003296,9d92a48896bfc25a,passed
adaptive-simd_off-t4-dynamicx16-r5-control_bands_256_6000x6000.png,2026-09-20T02:25:01Z,control_bands_256_6000x6000.png,6000,6000,Adaptive_Median,5,4,dynamic,16,off,yes,unset,unset,hype2,12.2.0,-O3 -Wall -Wextra -std=c++17 -fopenmp -ffp-contract=off -DOMP_EXPLICIT_SIMD=0 -fno-tree-vectorize,2398.528677,8f9bc97f03d5aae1,passed
adaptive-simd_off-avx2-t4-dynamicx16-r5-sky.jpg,2026-09-20T02:25:07Z,sky.jpg,6936,9248,Adaptive_Median,5,4,dynamic,16,off-avx2,yes,unset,unset,hype2,12.2.0,-O3 -Wall -Wextra -std=c++17 -fopenmp -ffp-contract=off -DOMP_EXPLICIT_SIMD=0 -fno-tree-vectorize -march=haswell,4453.218485,1e7ae9152e9643d5,passed
adaptive-simd_off-avx2-t4-dynamicx16-r5-stars.jpg,2026-09-20T02:25:16Z,stars.jpg,12960,8640,Adaptive_Median,5,4,dynamic,16,off-avx2,yes,unset,unset,hype2,12.2.0,-O3 -Wall -Wextra -std=c++17 -fopenmp -ffp-contract=off -DOMP_EXPLICIT_SIMD=0 -fno-tree-vectorize -march=haswell,7102.059988,626f977055f1c658,passed
adaptive-simd_off-avx2-t4-dynamicx16-r5-rain_paisage.jpg,2026-09-20T02:25:32Z,rain_paisage.jpg,12288,16320,Adaptive_Median,5,4,dynamic,16,off-avx2,yes,unset,unset,hype2,12.2.0,-O3 -Wall -Wextra -std=c++17 -fopenmp -ffp-contract=off -DOMP_EXPLICIT_SIMD=0 -fno-tree-vectorize -march=haswell,13338.935750,d0fdcd4b2e74abf3,passed
adaptive-simd_off-avx2-t4-dynamicx16-r5-firework.jpg,2026-09-20T02:25:48Z,firework.jpg,11125,16688,Adaptive_Median,5,4,dynamic,16,off-avx2,yes,unset,unset,hype2,12.2.0,-O3 -Wall -Wextra -std=c++17 -fopenmp -ffp-contract=off -DOMP_EXPLICIT_SIMD=0 -fno-tree-vectorize -march=haswell,12818.066000,cae2b8384ddb6aac,passed
adaptive-simd_off-avx2-t4-dynamicx16-r5-control_smooth_6000x6000.png,2026-09-20T02:25:52Z,control_smooth_6000x6000.png,6000,6000,Adaptive_Median,5,4,dynamic,16,off-avx2,yes,unset,unset,hype2,12.2.0,-O3 -Wall -Wextra -std=c++17 -fopenmp -ffp-contract=off -DOMP_EXPLICIT_SIMD=0 -fno-tree-vectorize -march=haswell,3401.683507,596e3c6929662ab9,passed
adaptive-simd_off-avx2-t4-dynamicx16-r5-control_noise_6000x6000.png,2026-09-20T02:25:55Z,control_noise_6000x6000.png,6000,6000,Adaptive_Median,5,4,dynamic,16,off-avx2,yes,unset,unset,hype2,12.2.0,-O3 -Wall -Wextra -std=c++17 -fopenmp -ffp-contract=off -DOMP_EXPLICIT_SIMD=0 -fno-tree-vectorize -march=haswell,2594.305104,fcb58a627e9d9740,passed
adaptive-simd_off-avx2-t4-dynamicx16-r5-control_half_noise_6000x6000.png,2026-09-20T02:25:58Z,control_half_noise_6000x6000.png,6000,6000,Adaptive_Median,5,4,dynamic,16,off-avx2,yes,unset,unset,hype2,12.2.0,-O3 -Wall -Wextra -std=c++17 -fopenmp -ffp-contract=off -DOMP_EXPLICIT_SIMD=0 -fno-tree-vectorize -march=haswell,2482.862246,9d92a48896bfc25a,passed
adaptive-simd_off-avx2-t4-dynamicx16-r5-control_bands_256_6000x6000.png,2026-09-20T02:26:02Z,control_bands_256_6000x6000.png,6000,6000,Adaptive_Median,5,4,dynamic,16,off-avx2,yes,unset,unset,hype2,12.2.0,-O3 -Wall -Wextra -std=c++17 -fopenmp -ffp-contract=off -DOMP_EXPLICIT_SIMD=0 -fno-tree-vectorize -march=haswell,2498.702386,8f9bc97f03d5aae1,passed
adaptive-simd_omp-t4-dynamicx16-r5-sky.jpg,2026-09-20T02:26:07Z,sky.jpg,6936,9248,Adaptive_Median,5,4,dynamic,16,omp,yes,unset,unset,hype2,12.2.0,-O3 -Wall -Wextra -std=c++17 -fopenmp -ffp-contract=off -DOMP_EXPLICIT_SIMD=1,4407.034063,1e7ae9152e9643d5,passed
adaptive-simd_omp-t4-dynamicx16-r5-stars.jpg,2026-09-20T02:26:16Z,stars.jpg,12960,8640,Adaptive_Median,5,4,dynamic,16,omp,yes,unset,unset,hype2,12.2.0,-O3 -Wall -Wextra -std=c++17 -fopenmp -ffp-contract=off -DOMP_EXPLICIT_SIMD=1,6932.653831,626f977055f1c658,passed
adaptive-simd_omp-t4-dynamicx16-r5-rain_paisage.jpg,2026-09-20T02:26:33Z,rain_paisage.jpg,12288,16320,Adaptive_Median,5,4,dynamic,16,omp,yes,unset,unset,hype2,12.2.0,-O3 -Wall -Wextra -std=c++17 -fopenmp -ffp-contract=off -DOMP_EXPLICIT_SIMD=1,13048.146534,d0fdcd4b2e74abf3,passed
adaptive-simd_omp-t4-dynamicx16-r5-firework.jpg,2026-09-20T02:26:48Z,firework.jpg,11125,16688,Adaptive_Median,5,4,dynamic,16,omp,yes,unset,unset,hype2,12.2.0,-O3 -Wall -Wextra -std=c++17 -fopenmp -ffp-contract=off -DOMP_EXPLICIT_SIMD=1,12508.727650,cae2b8384ddb6aac,passed
adaptive-simd_omp-t4-dynamicx16-r5-control_smooth_6000x6000.png,2026-09-20T02:26:52Z,control_smooth_6000x6000.png,6000,6000,Adaptive_Median,5,4,dynamic,16,omp,yes,unset,unset,hype2,12.2.0,-O3 -Wall -Wextra -std=c++17 -fopenmp -ffp-contract=off -DOMP_EXPLICIT_SIMD=1,3379.712365,596e3c6929662ab9,passed
adaptive-simd_omp-t4-dynamicx16-r5-control_noise_6000x6000.png,2026-09-20T02:26:55Z,control_noise_6000x6000.png,6000,6000,Adaptive_Median,5,4,dynamic,16,omp,yes,unset,unset,hype2,12.2.0,-O3 -Wall -Wextra -std=c++17 -fopenmp -ffp-contract=off -DOMP_EXPLICIT_SIMD=1,2400.781105,fcb58a627e9d9740,passed
adaptive-simd_omp-t4-dynamicx16-r5-control_half_noise_6000x6000.png,2026-09-20T02:26:58Z,control_half_noise_6000x6000.png,6000,6000,Adaptive_Median,5,4,dynamic,16,omp,yes,unset,unset,hype2,12.2.0,-O3 -Wall -Wextra -std=c++17 -fopenmp -ffp-contract=off -DOMP_EXPLICIT_SIMD=1,2445.696812,9d92a48896bfc25a,passed
adaptive-simd_omp-t4-dynamicx16-r5-control_bands_256_6000x6000.png,2026-09-20T02:27:01Z,control_bands_256_6000x6000.png,6000,6000,Adaptive_Median,5,4,dynamic,16,omp,yes,unset,unset,hype2,12.2.0,-O3 -Wall -Wextra -std=c++17 -fopenmp -ffp-contract=off -DOMP_EXPLICIT_SIMD=1,2463.516357,8f9bc97f03d5aae1,passed
adaptive-simd_omp-avx2-t4-dynamicx16-r5-sky.jpg,2026-09-20T02:27:07Z,sky.jpg,6936,9248,Adaptive_Median,5,4,dynamic,16,omp-avx2,yes,unset,unset,hype2,12.2.0,-O3 -Wall -Wextra -std=c++17 -fopenmp -ffp-contract=off -DOMP_EXPLICIT_SIMD=1 -march=haswell,4535.785463,1e7ae9152e9643d5,passed
adaptive-simd_omp-avx2-t4-dynamicx16-r5-stars.jpg,2026-09-20T02:27:16Z,stars.jpg,12960,8640,Adaptive_Median,5,4,dynamic,16,omp-avx2,yes,unset,unset,hype2,12.2.0,-O3 -Wall -Wextra -std=c++17 -fopenmp -ffp-contract=off -DOMP_EXPLICIT_SIMD=1 -march=haswell,7238.011607,626f977055f1c658,passed
adaptive-simd_omp-avx2-t4-dynamicx16-r5-rain_paisage.jpg,2026-09-20T02:27:33Z,rain_paisage.jpg,12288,16320,Adaptive_Median,5,4,dynamic,16,omp-avx2,yes,unset,unset,hype2,12.2.0,-O3 -Wall -Wextra -std=c++17 -fopenmp -ffp-contract=off -DOMP_EXPLICIT_SIMD=1 -march=haswell,13491.588140,d0fdcd4b2e74abf3,passed
adaptive-simd_omp-avx2-t4-dynamicx16-r5-firework.jpg,2026-09-20T02:27:49Z,firework.jpg,11125,16688,Adaptive_Median,5,4,dynamic,16,omp-avx2,yes,unset,unset,hype2,12.2.0,-O3 -Wall -Wextra -std=c++17 -fopenmp -ffp-contract=off -DOMP_EXPLICIT_SIMD=1 -march=haswell,13001.777440,cae2b8384ddb6aac,passed
adaptive-simd_omp-avx2-t4-dynamicx16-r5-control_smooth_6000x6000.png,2026-09-20T02:27:53Z,control_smooth_6000x6000.png,6000,6000,Adaptive_Median,5,4,dynamic,16,omp-avx2,yes,unset,unset,hype2,12.2.0,-O3 -Wall -Wextra -std=c++17 -fopenmp -ffp-contract=off -DOMP_EXPLICIT_SIMD=1 -march=haswell,3572.992788,596e3c6929662ab9,passed
adaptive-simd_omp-avx2-t4-dynamicx16-r5-control_noise_6000x6000.png,2026-09-20T02:27:56Z,control_noise_6000x6000.png,6000,6000,Adaptive_Median,5,4,dynamic,16,omp-avx2,yes,unset,unset,hype2,12.2.0,-O3 -Wall -Wextra -std=c++17 -fopenmp -ffp-contract=off -DOMP_EXPLICIT_SIMD=1 -march=haswell,2548.012467,fcb58a627e9d9740,passed
adaptive-simd_omp-avx2-t4-dynamicx16-r5-control_half_noise_6000x6000.png,2026-09-20T02:27:59Z,control_half_noise_6000x6000.png,6000,6000,Adaptive_Median,5,4,dynamic,16,omp-avx2,yes,unset,unset,hype2,12.2.0,-O3 -Wall -Wextra -std=c++17 -fopenmp -ffp-contract=off -DOMP_EXPLICIT_SIMD=1 -march=haswell,2524.734286,9d92a48896bfc25a,passed
adaptive-simd_omp-avx2-t4-dynamicx16-r5-control_bands_256_6000x6000.png,2026-09-20T02:28:02Z,control_bands_256_6000x6000.png,6000,6000,Adaptive_Median,5,4,dynamic,16,omp-avx2,yes,unset,unset,hype2,12.2.0,-O3 -Wall -Wextra -std=c++17 -fopenmp -ffp-contract=off -DOMP_EXPLICIT_SIMD=1 -march=haswell,2532.085506,8f9bc97f03d5aae1,passed
adaptive-simd_off-t4-static-r5-sky.jpg,2026-09-20T02:28:08Z,sky.jpg,6936,9248,Adaptive_Median,5,4,static,,off,yes,unset,unset,hype2,12.2.0,-O3 -Wall -Wextra -std=c++17 -fopenmp -ffp-contract=off -DOMP_EXPLICIT_SIMD=0 -fno-tree-vectorize,4543.700523,1e7ae9152e9643d5,passed
adaptive-simd_off-t4-static-r5-stars.jpg,2026-09-20T02:28:17Z,stars.jpg,12960,8640,Adaptive_Median,5,4,static,,off,yes,unset,unset,hype2,12.2.0,-O3 -Wall -Wextra -std=c++17 -fopenmp -ffp-contract=off -DOMP_EXPLICIT_SIMD=0 -fno-tree-vectorize,7128.566114,626f977055f1c658,passed
adaptive-simd_off-t4-static-r5-rain_paisage.jpg,2026-09-20T02:28:38Z,rain_paisage.jpg,12288,16320,Adaptive_Median,5,4,static,,off,yes,unset,unset,hype2,12.2.0,-O3 -Wall -Wextra -std=c++17 -fopenmp -ffp-contract=off -DOMP_EXPLICIT_SIMD=0 -fno-tree-vectorize,17584.062848,d0fdcd4b2e74abf3,passed
adaptive-simd_off-t4-static-r5-firework.jpg,2026-09-20T02:28:57Z,firework.jpg,11125,16688,Adaptive_Median,5,4,static,,off,yes,unset,unset,hype2,12.2.0,-O3 -Wall -Wextra -std=c++17 -fopenmp -ffp-contract=off -DOMP_EXPLICIT_SIMD=0 -fno-tree-vectorize,16064.038666,cae2b8384ddb6aac,passed
adaptive-simd_off-t4-static-r5-control_smooth_6000x6000.png,2026-09-20T02:29:01Z,control_smooth_6000x6000.png,6000,6000,Adaptive_Median,5,4,static,,off,yes,unset,unset,hype2,12.2.0,-O3 -Wall -Wextra -std=c++17 -fopenmp -ffp-contract=off -DOMP_EXPLICIT_SIMD=0 -fno-tree-vectorize,3278.454329,596e3c6929662ab9,passed
adaptive-simd_off-t4-static-r5-control_noise_6000x6000.png,2026-09-20T02:29:04Z,control_noise_6000x6000.png,6000,6000,Adaptive_Median,5,4,static,,off,yes,unset,unset,hype2,12.2.0,-O3 -Wall -Wextra -std=c++17 -fopenmp -ffp-contract=off -DOMP_EXPLICIT_SIMD=0 -fno-tree-vectorize,2330.791788,fcb58a627e9d9740,passed
adaptive-simd_off-t4-static-r5-control_half_noise_6000x6000.png,2026-09-20T02:29:08Z,control_half_noise_6000x6000.png,6000,6000,Adaptive_Median,5,4,static,,off,yes,unset,unset,hype2,12.2.0,-O3 -Wall -Wextra -std=c++17 -fopenmp -ffp-contract=off -DOMP_EXPLICIT_SIMD=0 -fno-tree-vectorize,3270.668426,9d92a48896bfc25a,passed
adaptive-simd_off-t4-static-r5-control_bands_256_6000x6000.png,2026-09-20T02:29:11Z,control_bands_256_6000x6000.png,6000,6000,Adaptive_Median,5,4,static,,off,yes,unset,unset,hype2,12.2.0,-O3 -Wall -Wextra -std=c++17 -fopenmp -ffp-contract=off -DOMP_EXPLICIT_SIMD=0 -fno-tree-vectorize,2411.125181,8f9bc97f03d5aae1,passed
adaptive-simd_off-avx2-t4-static-r5-sky.jpg,2026-09-20T02:29:17Z,sky.jpg,6936,9248,Adaptive_Median,5,4,static,,off-avx2,yes,unset,unset,hype2,12.2.0,-O3 -Wall -Wextra -std=c++17 -fopenmp -ffp-contract=off -DOMP_EXPLICIT_SIMD=0 -fno-tree-vectorize -march=haswell,4719.028337,1e7ae9152e9643d5,passed
adaptive-simd_off-avx2-t4-static-r5-stars.jpg,2026-09-20T02:29:26Z,stars.jpg,12960,8640,Adaptive_Median,5,4,static,,off-avx2,yes,unset,unset,hype2,12.2.0,-O3 -Wall -Wextra -std=c++17 -fopenmp -ffp-contract=off -DOMP_EXPLICIT_SIMD=0 -fno-tree-vectorize -march=haswell,7553.476406,626f977055f1c658,passed
adaptive-simd_off-avx2-t4-static-r5-rain_paisage.jpg,2026-09-20T02:29:48Z,rain_paisage.jpg,12288,16320,Adaptive_Median,5,4,static,,off-avx2,yes,unset,unset,hype2,12.2.0,-O3 -Wall -Wextra -std=c++17 -fopenmp -ffp-contract=off -DOMP_EXPLICIT_SIMD=0 -fno-tree-vectorize -march=haswell,18131.944005,d0fdcd4b2e74abf3,passed
adaptive-simd_off-avx2-t4-static-r5-firework.jpg,2026-09-20T02:30:07Z,firework.jpg,11125,16688,Adaptive_Median,5,4,static,,off-avx2,yes,unset,unset,hype2,12.2.0,-O3 -Wall -Wextra -std=c++17 -fopenmp -ffp-contract=off -DOMP_EXPLICIT_SIMD=0 -fno-tree-vectorize -march=haswell,16659.479381,cae2b8384ddb6aac,passed
adaptive-simd_off-avx2-t4-static-r5-control_smooth_6000x6000.png,2026-09-20T02:30:11Z,control_smooth_6000x6000.png,6000,6000,Adaptive_Median,5,4,static,,off-avx2,yes,unset,unset,hype2,12.2.0,-O3 -Wall -Wextra -std=c++17 -fopenmp -ffp-contract=off -DOMP_EXPLICIT_SIMD=0 -fno-tree-vectorize -march=haswell,3363.643683,596e3c6929662ab9,passed
adaptive-simd_off-avx2-t4-static-r5-control_noise_6000x6000.png,2026-09-20T02:30:14Z,control_noise_6000x6000.png,6000,6000,Adaptive_Median,5,4,static,,off-avx2,yes,unset,unset,hype2,12.2.0,-O3 -Wall -Wextra -std=c++17 -fopenmp -ffp-contract=off -DOMP_EXPLICIT_SIMD=0 -fno-tree-vectorize -march=haswell,2472.584530,fcb58a627e9d9740,passed
adaptive-simd_off-avx2-t4-static-r5-control_half_noise_6000x6000.png,2026-09-20T02:30:18Z,control_half_noise_6000x6000.png,6000,6000,Adaptive_Median,5,4,static,,off-avx2,yes,unset,unset,hype2,12.2.0,-O3 -Wall -Wextra -std=c++17 -fopenmp -ffp-contract=off -DOMP_EXPLICIT_SIMD=0 -fno-tree-vectorize -march=haswell,3370.077926,9d92a48896bfc25a,passed
adaptive-simd_off-avx2-t4-static-r5-control_bands_256_6000x6000.png,2026-09-20T02:30:21Z,control_bands_256_6000x6000.png,6000,6000,Adaptive_Median,5,4,static,,off-avx2,yes,unset,unset,hype2,12.2.0,-O3 -Wall -Wextra -std=c++17 -fopenmp -ffp-contract=off -DOMP_EXPLICIT_SIMD=0 -fno-tree-vectorize -march=haswell,2509.348042,8f9bc97f03d5aae1,passed
adaptive-simd_omp-t4-static-r5-sky.jpg,2026-09-20T02:30:27Z,sky.jpg,6936,9248,Adaptive_Median,5,4,static,,omp,yes,unset,unset,hype2,12.2.0,-O3 -Wall -Wextra -std=c++17 -fopenmp -ffp-contract=off -DOMP_EXPLICIT_SIMD=1,4715.125544,1e7ae9152e9643d5,passed
adaptive-simd_omp-t4-static-r5-stars.jpg,2026-09-20T02:30:37Z,stars.jpg,12960,8640,Adaptive_Median,5,4,static,,omp,yes,unset,unset,hype2,12.2.0,-O3 -Wall -Wextra -std=c++17 -fopenmp -ffp-contract=off -DOMP_EXPLICIT_SIMD=1,7309.576291,626f977055f1c658,passed
adaptive-simd_omp-t4-static-r5-rain_paisage.jpg,2026-09-20T02:30:58Z,rain_paisage.jpg,12288,16320,Adaptive_Median,5,4,static,,omp,yes,unset,unset,hype2,12.2.0,-O3 -Wall -Wextra -std=c++17 -fopenmp -ffp-contract=off -DOMP_EXPLICIT_SIMD=1,17874.631829,d0fdcd4b2e74abf3,passed
adaptive-simd_omp-t4-static-r5-firework.jpg,2026-09-20T02:31:17Z,firework.jpg,11125,16688,Adaptive_Median,5,4,static,,omp,yes,unset,unset,hype2,12.2.0,-O3 -Wall -Wextra -std=c++17 -fopenmp -ffp-contract=off -DOMP_EXPLICIT_SIMD=1,16335.762798,cae2b8384ddb6aac,passed
adaptive-simd_omp-t4-static-r5-control_smooth_6000x6000.png,2026-09-20T02:31:21Z,control_smooth_6000x6000.png,6000,6000,Adaptive_Median,5,4,static,,omp,yes,unset,unset,hype2,12.2.0,-O3 -Wall -Wextra -std=c++17 -fopenmp -ffp-contract=off -DOMP_EXPLICIT_SIMD=1,3323.049148,596e3c6929662ab9,passed
adaptive-simd_omp-t4-static-r5-control_noise_6000x6000.png,2026-09-20T02:31:24Z,control_noise_6000x6000.png,6000,6000,Adaptive_Median,5,4,static,,omp,yes,unset,unset,hype2,12.2.0,-O3 -Wall -Wextra -std=c++17 -fopenmp -ffp-contract=off -DOMP_EXPLICIT_SIMD=1,2440.310906,fcb58a627e9d9740,passed
adaptive-simd_omp-t4-static-r5-control_half_noise_6000x6000.png,2026-09-20T02:31:28Z,control_half_noise_6000x6000.png,6000,6000,Adaptive_Median,5,4,static,,omp,yes,unset,unset,hype2,12.2.0,-O3 -Wall -Wextra -std=c++17 -fopenmp -ffp-contract=off -DOMP_EXPLICIT_SIMD=1,3343.715485,9d92a48896bfc25a,passed
adaptive-simd_omp-t4-static-r5-control_bands_256_6000x6000.png,2026-09-20T02:31:31Z,control_bands_256_6000x6000.png,6000,6000,Adaptive_Median,5,4,static,,omp,yes,unset,unset,hype2,12.2.0,-O3 -Wall -Wextra -std=c++17 -fopenmp -ffp-contract=off -DOMP_EXPLICIT_SIMD=1,2473.496552,8f9bc97f03d5aae1,passed
adaptive-simd_omp-avx2-t4-static-r5-sky.jpg,2026-09-20T02:31:37Z,sky.jpg,6936,9248,Adaptive_Median,5,4,static,,omp-avx2,yes,unset,unset,hype2,12.2.0,-O3 -Wall -Wextra -std=c++17 -fopenmp -ffp-contract=off -DOMP_EXPLICIT_SIMD=1 -march=haswell,4809.524640,1e7ae9152e9643d5,passed
adaptive-simd_omp-avx2-t4-static-r5-stars.jpg,2026-09-20T02:31:47Z,stars.jpg,12960,8640,Adaptive_Median,5,4,static,,omp-avx2,yes,unset,unset,hype2,12.2.0,-O3 -Wall -Wextra -std=c++17 -fopenmp -ffp-contract=off -DOMP_EXPLICIT_SIMD=1 -march=haswell,7671.663090,626f977055f1c658,passed
adaptive-simd_omp-avx2-t4-static-r5-rain_paisage.jpg,2026-09-20T02:32:08Z,rain_paisage.jpg,12288,16320,Adaptive_Median,5,4,static,,omp-avx2,yes,unset,unset,hype2,12.2.0,-O3 -Wall -Wextra -std=c++17 -fopenmp -ffp-contract=off -DOMP_EXPLICIT_SIMD=1 -march=haswell,18426.935154,d0fdcd4b2e74abf3,passed
adaptive-simd_omp-avx2-t4-static-r5-firework.jpg,2026-09-20T02:32:28Z,firework.jpg,11125,16688,Adaptive_Median,5,4,static,,omp-avx2,yes,unset,unset,hype2,12.2.0,-O3 -Wall -Wextra -std=c++17 -fopenmp -ffp-contract=off -DOMP_EXPLICIT_SIMD=1 -march=haswell,16930.106439,cae2b8384ddb6aac,passed
adaptive-simd_omp-avx2-t4-static-r5-control_smooth_6000x6000.png,2026-09-20T02:32:32Z,control_smooth_6000x6000.png,6000,6000,Adaptive_Median,5,4,static,,omp-avx2,yes,unset,unset,hype2,12.2.0,-O3 -Wall -Wextra -std=c++17 -fopenmp -ffp-contract=off -DOMP_EXPLICIT_SIMD=1 -march=haswell,3423.614059,596e3c6929662ab9,passed
adaptive-simd_omp-avx2-t4-static-r5-control_noise_6000x6000.png,2026-09-20T02:32:35Z,control_noise_6000x6000.png,6000,6000,Adaptive_Median,5,4,static,,omp-avx2,yes,unset,unset,hype2,12.2.0,-O3 -Wall -Wextra -std=c++17 -fopenmp -ffp-contract=off -DOMP_EXPLICIT_SIMD=1 -march=haswell,2545.497665,fcb58a627e9d9740,passed
adaptive-simd_omp-avx2-t4-static-r5-control_half_noise_6000x6000.png,2026-09-20T02:32:39Z,control_half_noise_6000x6000.png,6000,6000,Adaptive_Median,5,4,static,,omp-avx2,yes,unset,unset,hype2,12.2.0,-O3 -Wall -Wextra -std=c++17 -fopenmp -ffp-contract=off -DOMP_EXPLICIT_SIMD=1 -march=haswell,3437.518637,9d92a48896bfc25a,passed
adaptive-simd_omp-avx2-t4-static-r5-control_bands_256_6000x6000.png,2026-09-20T02:32:43Z,control_bands_256_6000x6000.png,6000,6000,Adaptive_Median,5,4,static,,omp-avx2,yes,unset,unset,hype2,12.2.0,-O3 -Wall -Wextra -std=c++17 -fopenmp -ffp-contract=off -DOMP_EXPLICIT_SIMD=1 -march=haswell,2529.063992,8f9bc97f03d5aae1,passed
adaptive-simd_off-t8-static-r1-sky.jpg,2026-09-20T02:38:18Z,sky.jpg,6936,9248,Adaptive_Median,1,8,static,,off,yes,unset,unset,hype2,12.2.0,-O3 -Wall -Wextra -std=c++17 -fopenmp -ffp-contract=off -DOMP_EXPLICIT_SIMD=0 -fno-tree-vectorize,2532.266405,1e7ae9152e9643d5,passed
adaptive-simd_off-t8-static-r1-stars.jpg,2026-09-20T02:38:24Z,stars.jpg,12960,8640,Adaptive_Median,1,8,static,,off,yes,unset,unset,hype2,12.2.0,-O3 -Wall -Wextra -std=c++17 -fopenmp -ffp-contract=off -DOMP_EXPLICIT_SIMD=0 -fno-tree-vectorize,4042.030341,626f977055f1c658,passed
adaptive-simd_off-t8-static-r1-rain_paisage.jpg,2026-09-20T02:38:37Z,rain_paisage.jpg,12288,16320,Adaptive_Median,1,8,static,,off,yes,unset,unset,hype2,12.2.0,-O3 -Wall -Wextra -std=c++17 -fopenmp -ffp-contract=off -DOMP_EXPLICIT_SIMD=0 -fno-tree-vectorize,9544.789334,d0fdcd4b2e74abf3,passed
adaptive-simd_off-t8-static-r1-firework.jpg,2026-09-20T02:38:49Z,firework.jpg,11125,16688,Adaptive_Median,1,8,static,,off,yes,unset,unset,hype2,12.2.0,-O3 -Wall -Wextra -std=c++17 -fopenmp -ffp-contract=off -DOMP_EXPLICIT_SIMD=0 -fno-tree-vectorize,8959.229710,cae2b8384ddb6aac,passed
adaptive-simd_off-t8-static-r1-control_smooth_6000x6000.png,2026-09-20T02:38:51Z,control_smooth_6000x6000.png,6000,6000,Adaptive_Median,1,8,static,,off,yes,unset,unset,hype2,12.2.0,-O3 -Wall -Wextra -std=c++17 -fopenmp -ffp-contract=off -DOMP_EXPLICIT_SIMD=0 -fno-tree-vectorize,1841.068096,596e3c6929662ab9,passed
adaptive-simd_off-t8-static-r1-control_noise_6000x6000.png,2026-09-20T02:38:53Z,control_noise_6000x6000.png,6000,6000,Adaptive_Median,1,8,static,,off,yes,unset,unset,hype2,12.2.0,-O3 -Wall -Wextra -std=c++17 -fopenmp -ffp-contract=off -DOMP_EXPLICIT_SIMD=0 -fno-tree-vectorize,1313.618628,fcb58a627e9d9740,passed
adaptive-simd_off-t8-static-r1-control_half_noise_6000x6000.png,2026-09-20T02:38:55Z,control_half_noise_6000x6000.png,6000,6000,Adaptive_Median,1,8,static,,off,yes,unset,unset,hype2,12.2.0,-O3 -Wall -Wextra -std=c++17 -fopenmp -ffp-contract=off -DOMP_EXPLICIT_SIMD=0 -fno-tree-vectorize,1768.107673,9d92a48896bfc25a,passed
adaptive-simd_off-t8-static-r1-control_bands_256_6000x6000.png,2026-09-20T02:38:58Z,control_bands_256_6000x6000.png,6000,6000,Adaptive_Median,1,8,static,,off,yes,unset,unset,hype2,12.2.0,-O3 -Wall -Wextra -std=c++17 -fopenmp -ffp-contract=off -DOMP_EXPLICIT_SIMD=0 -fno-tree-vectorize,1489.756685,8f9bc97f03d5aae1,passed
adaptive-simd_off-avx2-t8-static-r1-sky.jpg,2026-09-20T02:39:01Z,sky.jpg,6936,9248,Adaptive_Median,1,8,static,,off-avx2,yes,unset,unset,hype2,12.2.0,-O3 -Wall -Wextra -std=c++17 -fopenmp -ffp-contract=off -DOMP_EXPLICIT_SIMD=0 -fno-tree-vectorize -march=haswell,2635.138355,1e7ae9152e9643d5,passed
adaptive-simd_off-avx2-t8-static-r1-stars.jpg,2026-09-20T02:39:08Z,stars.jpg,12960,8640,Adaptive_Median,1,8,static,,off-avx2,yes,unset,unset,hype2,12.2.0,-O3 -Wall -Wextra -std=c++17 -fopenmp -ffp-contract=off -DOMP_EXPLICIT_SIMD=0 -fno-tree-vectorize -march=haswell,4231.259237,626f977055f1c658,passed
adaptive-simd_off-avx2-t8-static-r1-rain_paisage.jpg,2026-09-20T02:39:21Z,rain_paisage.jpg,12288,16320,Adaptive_Median,1,8,static,,off-avx2,yes,unset,unset,hype2,12.2.0,-O3 -Wall -Wextra -std=c++17 -fopenmp -ffp-contract=off -DOMP_EXPLICIT_SIMD=0 -fno-tree-vectorize -march=haswell,9835.663700,d0fdcd4b2e74abf3,passed
adaptive-simd_off-avx2-t8-static-r1-firework.jpg,2026-09-20T02:39:33Z,firework.jpg,11125,16688,Adaptive_Median,1,8,static,,off-avx2,yes,unset,unset,hype2,12.2.0,-O3 -Wall -Wextra -std=c++17 -fopenmp -ffp-contract=off -DOMP_EXPLICIT_SIMD=0 -fno-tree-vectorize -march=haswell,9249.261848,cae2b8384ddb6aac,passed
adaptive-simd_off-avx2-t8-static-r1-control_smooth_6000x6000.png,2026-09-20T02:39:35Z,control_smooth_6000x6000.png,6000,6000,Adaptive_Median,1,8,static,,off-avx2,yes,unset,unset,hype2,12.2.0,-O3 -Wall -Wextra -std=c++17 -fopenmp -ffp-contract=off -DOMP_EXPLICIT_SIMD=0 -fno-tree-vectorize -march=haswell,1894.977856,596e3c6929662ab9,passed
adaptive-simd_off-avx2-t8-static-r1-control_noise_6000x6000.png,2026-09-20T02:39:37Z,control_noise_6000x6000.png,6000,6000,Adaptive_Median,1,8,static,,off-avx2,yes,unset,unset,hype2,12.2.0,-O3 -Wall -Wextra -std=c++17 -fopenmp -ffp-contract=off -DOMP_EXPLICIT_SIMD=0 -fno-tree-vectorize -march=haswell,1381.124189,fcb58a627e9d9740,passed
adaptive-simd_off-avx2-t8-static-r1-control_half_noise_6000x6000.png,2026-09-20T02:39:40Z,control_half_noise_6000x6000.png,6000,6000,Adaptive_Median,1,8,static,,off-avx2,yes,unset,unset,hype2,12.2.0,-O3 -Wall -Wextra -std=c++17 -fopenmp -ffp-contract=off -DOMP_EXPLICIT_SIMD=0 -fno-tree-vectorize -march=haswell,1821.214153,9d92a48896bfc25a,passed
adaptive-simd_off-avx2-t8-static-r1-control_bands_256_6000x6000.png,2026-09-20T02:39:42Z,control_bands_256_6000x6000.png,6000,6000,Adaptive_Median,1,8,static,,off-avx2,yes,unset,unset,hype2,12.2.0,-O3 -Wall -Wextra -std=c++17 -fopenmp -ffp-contract=off -DOMP_EXPLICIT_SIMD=0 -fno-tree-vectorize -march=haswell,1538.722900,8f9bc97f03d5aae1,passed
adaptive-simd_omp-t8-static-r1-sky.jpg,2026-09-20T02:39:46Z,sky.jpg,6936,9248,Adaptive_Median,1,8,static,,omp,yes,unset,unset,hype2,12.2.0,-O3 -Wall -Wextra -std=c++17 -fopenmp -ffp-contract=off -DOMP_EXPLICIT_SIMD=1,2600.985875,1e7ae9152e9643d5,passed
adaptive-simd_omp-t8-static-r1-stars.jpg,2026-09-20T02:39:52Z,stars.jpg,12960,8640,Adaptive_Median,1,8,static,,omp,yes,unset,unset,hype2,12.2.0,-O3 -Wall -Wextra -std=c++17 -fopenmp -ffp-contract=off -DOMP_EXPLICIT_SIMD=1,4146.674230,626f977055f1c658,passed
adaptive-simd_omp-t8-static-r1-rain_paisage.jpg,2026-09-20T02:40:05Z,rain_paisage.jpg,12288,16320,Adaptive_Median,1,8,static,,omp,yes,unset,unset,hype2,12.2.0,-O3 -Wall -Wextra -std=c++17 -fopenmp -ffp-contract=off -DOMP_EXPLICIT_SIMD=1,9716.356801,d0fdcd4b2e74abf3,passed
adaptive-simd_omp-t8-static-r1-firework.jpg,2026-09-20T02:40:17Z,firework.jpg,11125,16688,Adaptive_Median,1,8,static,,omp,yes,unset,unset,hype2,12.2.0,-O3 -Wall -Wextra -std=c++17 -fopenmp -ffp-contract=off -DOMP_EXPLICIT_SIMD=1,9145.288985,cae2b8384ddb6aac,passed
adaptive-simd_omp-t8-static-r1-control_smooth_6000x6000.png,2026-09-20T02:40:19Z,control_smooth_6000x6000.png,6000,6000,Adaptive_Median,1,8,static,,omp,yes,unset,unset,hype2,12.2.0,-O3 -Wall -Wextra -std=c++17 -fopenmp -ffp-contract=off -DOMP_EXPLICIT_SIMD=1,1881.443778,596e3c6929662ab9,passed
adaptive-simd_omp-t8-static-r1-control_noise_6000x6000.png,2026-09-20T02:40:21Z,control_noise_6000x6000.png,6000,6000,Adaptive_Median,1,8,static,,omp,yes,unset,unset,hype2,12.2.0,-O3 -Wall -Wextra -std=c++17 -fopenmp -ffp-contract=off -DOMP_EXPLICIT_SIMD=1,1341.744274,fcb58a627e9d9740,passed
adaptive-simd_omp-t8-static-r1-control_half_noise_6000x6000.png,2026-09-20T02:40:24Z,control_half_noise_6000x6000.png,6000,6000,Adaptive_Median,1,8,static,,omp,yes,unset,unset,hype2,12.2.0,-O3 -Wall -Wextra -std=c++17 -fopenmp -ffp-contract=off -DOMP_EXPLICIT_SIMD=1,1789.594277,9d92a48896bfc25a,passed
adaptive-simd_omp-t8-static-r1-control_bands_256_6000x6000.png,2026-09-20T02:40:26Z,control_bands_256_6000x6000.png,6000,6000,Adaptive_Median,1,8,static,,omp,yes,unset,unset,hype2,12.2.0,-O3 -Wall -Wextra -std=c++17 -fopenmp -ffp-contract=off -DOMP_EXPLICIT_SIMD=1,1521.538903,8f9bc97f03d5aae1,passed
adaptive-simd_omp-avx2-t8-static-r1-sky.jpg,2026-09-20T02:40:30Z,sky.jpg,6936,9248,Adaptive_Median,1,8,static,,omp-avx2,yes,unset,unset,hype2,12.2.0,-O3 -Wall -Wextra -std=c++17 -fopenmp -ffp-contract=off -DOMP_EXPLICIT_SIMD=1 -march=haswell,2707.236264,1e7ae9152e9643d5,passed
adaptive-simd_omp-avx2-t8-static-r1-stars.jpg,2026-09-20T02:40:36Z,stars.jpg,12960,8640,Adaptive_Median,1,8,static,,omp-avx2,yes,unset,unset,hype2,12.2.0,-O3 -Wall -Wextra -std=c++17 -fopenmp -ffp-contract=off -DOMP_EXPLICIT_SIMD=1 -march=haswell,4319.935039,626f977055f1c658,passed
adaptive-simd_omp-avx2-t8-static-r1-rain_paisage.jpg,2026-09-20T02:40:49Z,rain_paisage.jpg,12288,16320,Adaptive_Median,1,8,static,,omp-avx2,yes,unset,unset,hype2,12.2.0,-O3 -Wall -Wextra -std=c++17 -fopenmp -ffp-contract=off -DOMP_EXPLICIT_SIMD=1 -march=haswell,9977.235914,d0fdcd4b2e74abf3,passed
adaptive-simd_omp-avx2-t8-static-r1-firework.jpg,2026-09-20T02:41:02Z,firework.jpg,11125,16688,Adaptive_Median,1,8,static,,omp-avx2,yes,unset,unset,hype2,12.2.0,-O3 -Wall -Wextra -std=c++17 -fopenmp -ffp-contract=off -DOMP_EXPLICIT_SIMD=1 -march=haswell,9446.455531,cae2b8384ddb6aac,passed
adaptive-simd_omp-avx2-t8-static-r1-control_smooth_6000x6000.png,2026-09-20T02:41:04Z,control_smooth_6000x6000.png,6000,6000,Adaptive_Median,1,8,static,,omp-avx2,yes,unset,unset,hype2,12.2.0,-O3 -Wall -Wextra -std=c++17 -fopenmp -ffp-contract=off -DOMP_EXPLICIT_SIMD=1 -march=haswell,1918.173504,596e3c6929662ab9,passed
adaptive-simd_omp-avx2-t8-static-r1-control_noise_6000x6000.png,2026-09-20T02:41:06Z,control_noise_6000x6000.png,6000,6000,Adaptive_Median,1,8,static,,omp-avx2,yes,unset,unset,hype2,12.2.0,-O3 -Wall -Wextra -std=c++17 -fopenmp -ffp-contract=off -DOMP_EXPLICIT_SIMD=1 -march=haswell,1423.926362,fcb58a627e9d9740,passed
adaptive-simd_omp-avx2-t8-static-r1-control_half_noise_6000x6000.png,2026-09-20T02:41:09Z,control_half_noise_6000x6000.png,6000,6000,Adaptive_Median,1,8,static,,omp-avx2,yes,unset,unset,hype2,12.2.0,-O3 -Wall -Wextra -std=c++17 -fopenmp -ffp-contract=off -DOMP_EXPLICIT_SIMD=1 -march=haswell,1834.185213,9d92a48896bfc25a,passed
adaptive-simd_omp-avx2-t8-static-r1-control_bands_256_6000x6000.png,2026-09-20T02:41:11Z,control_bands_256_6000x6000.png,6000,6000,Adaptive_Median,1,8,static,,omp-avx2,yes,unset,unset,hype2,12.2.0,-O3 -Wall -Wextra -std=c++17 -fopenmp -ffp-contract=off -DOMP_EXPLICIT_SIMD=1 -march=haswell,1559.471362,8f9bc97f03d5aae1,passed
adaptive-simd_off-t8-dynamicx16-r1-sky.jpg,2026-09-20T02:41:14Z,sky.jpg,6936,9248,Adaptive_Median,1,8,dynamic,16,off,yes,unset,unset,hype2,12.2.0,-O3 -Wall -Wextra -std=c++17 -fopenmp -ffp-contract=off -DOMP_EXPLICIT_SIMD=0 -fno-tree-vectorize,2413.405192,1e7ae9152e9643d5,passed
adaptive-simd_off-t8-dynamicx16-r1-stars.jpg,2026-09-20T02:41:20Z,stars.jpg,12960,8640,Adaptive_Median,1,8,dynamic,16,off,yes,unset,unset,hype2,12.2.0,-O3 -Wall -Wextra -std=c++17 -fopenmp -ffp-contract=off -DOMP_EXPLICIT_SIMD=0 -fno-tree-vectorize,3801.503588,626f977055f1c658,passed
adaptive-simd_off-t8-dynamicx16-r1-rain_paisage.jpg,2026-09-20T02:41:31Z,rain_paisage.jpg,12288,16320,Adaptive_Median,1,8,dynamic,16,off,yes,unset,unset,hype2,12.2.0,-O3 -Wall -Wextra -std=c++17 -fopenmp -ffp-contract=off -DOMP_EXPLICIT_SIMD=0 -fno-tree-vectorize,7237.425442,d0fdcd4b2e74abf3,passed
adaptive-simd_off-t8-dynamicx16-r1-firework.jpg,2026-09-20T02:41:41Z,firework.jpg,11125,16688,Adaptive_Median,1,8,dynamic,16,off,yes,unset,unset,hype2,12.2.0,-O3 -Wall -Wextra -std=c++17 -fopenmp -ffp-contract=off -DOMP_EXPLICIT_SIMD=0 -fno-tree-vectorize,6932.117522,cae2b8384ddb6aac,passed
adaptive-simd_off-t8-dynamicx16-r1-control_smooth_6000x6000.png,2026-09-20T02:41:43Z,control_smooth_6000x6000.png,6000,6000,Adaptive_Median,1,8,dynamic,16,off,yes,unset,unset,hype2,12.2.0,-O3 -Wall -Wextra -std=c++17 -fopenmp -ffp-contract=off -DOMP_EXPLICIT_SIMD=0 -fno-tree-vectorize,1843.588292,596e3c6929662ab9,passed
adaptive-simd_off-t8-dynamicx16-r1-control_noise_6000x6000.png,2026-09-20T02:41:45Z,control_noise_6000x6000.png,6000,6000,Adaptive_Median,1,8,dynamic,16,off,yes,unset,unset,hype2,12.2.0,-O3 -Wall -Wextra -std=c++17 -fopenmp -ffp-contract=off -DOMP_EXPLICIT_SIMD=0 -fno-tree-vectorize,1323.087824,fcb58a627e9d9740,passed
adaptive-simd_off-t8-dynamicx16-r1-control_half_noise_6000x6000.png,2026-09-20T02:41:47Z,control_half_noise_6000x6000.png,6000,6000,Adaptive_Median,1,8,dynamic,16,off,yes,unset,unset,hype2,12.2.0,-O3 -Wall -Wextra -std=c++17 -fopenmp -ffp-contract=off -DOMP_EXPLICIT_SIMD=0 -fno-tree-vectorize,1350.488926,9d92a48896bfc25a,passed
adaptive-simd_off-t8-dynamicx16-r1-control_bands_256_6000x6000.png,2026-09-20T02:41:49Z,control_bands_256_6000x6000.png,6000,6000,Adaptive_Median,1,8,dynamic,16,off,yes,unset,unset,hype2,12.2.0,-O3 -Wall -Wextra -std=c++17 -fopenmp -ffp-contract=off -DOMP_EXPLICIT_SIMD=0 -fno-tree-vectorize,1361.332626,8f9bc97f03d5aae1,passed
adaptive-simd_off-avx2-t8-dynamicx16-r1-sky.jpg,2026-09-20T02:41:53Z,sky.jpg,6936,9248,Adaptive_Median,1,8,dynamic,16,off-avx2,yes,unset,unset,hype2,12.2.0,-O3 -Wall -Wextra -std=c++17 -fopenmp -ffp-contract=off -DOMP_EXPLICIT_SIMD=0 -fno-tree-vectorize -march=haswell,2508.160777,1e7ae9152e9643d5,passed
adaptive-simd_off-avx2-t8-dynamicx16-r1-stars.jpg,2026-09-20T02:41:59Z,stars.jpg,12960,8640,Adaptive_Median,1,8,dynamic,16,off-avx2,yes,unset,unset,hype2,12.2.0,-O3 -Wall -Wextra -std=c++17 -fopenmp -ffp-contract=off -DOMP_EXPLICIT_SIMD=0 -fno-tree-vectorize -march=haswell,3983.237982,626f977055f1c658,passed
adaptive-simd_off-avx2-t8-dynamicx16-r1-rain_paisage.jpg,2026-09-20T02:42:09Z,rain_paisage.jpg,12288,16320,Adaptive_Median,1,8,dynamic,16,off-avx2,yes,unset,unset,hype2,12.2.0,-O3 -Wall -Wextra -std=c++17 -fopenmp -ffp-contract=off -DOMP_EXPLICIT_SIMD=0 -fno-tree-vectorize -march=haswell,7491.710379,d0fdcd4b2e74abf3,passed
adaptive-simd_off-avx2-t8-dynamicx16-r1-firework.jpg,2026-09-20T02:42:20Z,firework.jpg,11125,16688,Adaptive_Median,1,8,dynamic,16,off-avx2,yes,unset,unset,hype2,12.2.0,-O3 -Wall -Wextra -std=c++17 -fopenmp -ffp-contract=off -DOMP_EXPLICIT_SIMD=0 -fno-tree-vectorize -march=haswell,7224.728812,cae2b8384ddb6aac,passed
adaptive-simd_off-avx2-t8-dynamicx16-r1-control_smooth_6000x6000.png,2026-09-20T02:42:22Z,control_smooth_6000x6000.png,6000,6000,Adaptive_Median,1,8,dynamic,16,off-avx2,yes,unset,unset,hype2,12.2.0,-O3 -Wall -Wextra -std=c++17 -fopenmp -ffp-contract=off -DOMP_EXPLICIT_SIMD=0 -fno-tree-vectorize -march=haswell,1898.295682,596e3c6929662ab9,passed
adaptive-simd_off-avx2-t8-dynamicx16-r1-control_noise_6000x6000.png,2026-09-20T02:42:24Z,control_noise_6000x6000.png,6000,6000,Adaptive_Median,1,8,dynamic,16,off-avx2,yes,unset,unset,hype2,12.2.0,-O3 -Wall -Wextra -std=c++17 -fopenmp -ffp-contract=off -DOMP_EXPLICIT_SIMD=0 -fno-tree-vectorize -march=haswell,1378.808848,fcb58a627e9d9740,passed
adaptive-simd_off-avx2-t8-dynamicx16-r1-control_half_noise_6000x6000.png,2026-09-20T02:42:26Z,control_half_noise_6000x6000.png,6000,6000,Adaptive_Median,1,8,dynamic,16,off-avx2,yes,unset,unset,hype2,12.2.0,-O3 -Wall -Wextra -std=c++17 -fopenmp -ffp-contract=off -DOMP_EXPLICIT_SIMD=0 -fno-tree-vectorize -march=haswell,1407.372382,9d92a48896bfc25a,passed
adaptive-simd_off-avx2-t8-dynamicx16-r1-control_bands_256_6000x6000.png,2026-09-20T02:42:28Z,control_bands_256_6000x6000.png,6000,6000,Adaptive_Median,1,8,dynamic,16,off-avx2,yes,unset,unset,hype2,12.2.0,-O3 -Wall -Wextra -std=c++17 -fopenmp -ffp-contract=off -DOMP_EXPLICIT_SIMD=0 -fno-tree-vectorize -march=haswell,1411.110464,8f9bc97f03d5aae1,passed
adaptive-simd_omp-t8-dynamicx16-r1-sky.jpg,2026-09-20T02:42:32Z,sky.jpg,6936,9248,Adaptive_Median,1,8,dynamic,16,omp,yes,unset,unset,hype2,12.2.0,-O3 -Wall -Wextra -std=c++17 -fopenmp -ffp-contract=off -DOMP_EXPLICIT_SIMD=1,2494.339918,1e7ae9152e9643d5,passed
adaptive-simd_omp-t8-dynamicx16-r1-stars.jpg,2026-09-20T02:42:38Z,stars.jpg,12960,8640,Adaptive_Median,1,8,dynamic,16,omp,yes,unset,unset,hype2,12.2.0,-O3 -Wall -Wextra -std=c++17 -fopenmp -ffp-contract=off -DOMP_EXPLICIT_SIMD=1,3905.180496,626f977055f1c658,passed
adaptive-simd_omp-t8-dynamicx16-r1-rain_paisage.jpg,2026-09-20T02:42:48Z,rain_paisage.jpg,12288,16320,Adaptive_Median,1,8,dynamic,16,omp,yes,unset,unset,hype2,12.2.0,-O3 -Wall -Wextra -std=c++17 -fopenmp -ffp-contract=off -DOMP_EXPLICIT_SIMD=1,7339.264547,d0fdcd4b2e74abf3,passed
adaptive-simd_omp-t8-dynamicx16-r1-firework.jpg,2026-09-20T02:42:58Z,firework.jpg,11125,16688,Adaptive_Median,1,8,dynamic,16,omp,yes,unset,unset,hype2,12.2.0,-O3 -Wall -Wextra -std=c++17 -fopenmp -ffp-contract=off -DOMP_EXPLICIT_SIMD=1,7079.782682,cae2b8384ddb6aac,passed
adaptive-simd_omp-t8-dynamicx16-r1-control_smooth_6000x6000.png,2026-09-20T02:43:01Z,control_smooth_6000x6000.png,6000,6000,Adaptive_Median,1,8,dynamic,16,omp,yes,unset,unset,hype2,12.2.0,-O3 -Wall -Wextra -std=c++17 -fopenmp -ffp-contract=off -DOMP_EXPLICIT_SIMD=1,1914.852510,596e3c6929662ab9,passed
adaptive-simd_omp-t8-dynamicx16-r1-control_noise_6000x6000.png,2026-09-20T02:43:03Z,control_noise_6000x6000.png,6000,6000,Adaptive_Median,1,8,dynamic,16,omp,yes,unset,unset,hype2,12.2.0,-O3 -Wall -Wextra -std=c++17 -fopenmp -ffp-contract=off -DOMP_EXPLICIT_SIMD=1,1340.301426,fcb58a627e9d9740,passed
adaptive-simd_omp-t8-dynamicx16-r1-control_half_noise_6000x6000.png,2026-09-20T02:43:05Z,control_half_noise_6000x6000.png,6000,6000,Adaptive_Median,1,8,dynamic,16,omp,yes,unset,unset,hype2,12.2.0,-O3 -Wall -Wextra -std=c++17 -fopenmp -ffp-contract=off -DOMP_EXPLICIT_SIMD=1,1394.014448,9d92a48896bfc25a,passed
adaptive-simd_omp-t8-dynamicx16-r1-control_bands_256_6000x6000.png,2026-09-20T02:43:07Z,control_bands_256_6000x6000.png,6000,6000,Adaptive_Median,1,8,dynamic,16,omp,yes,unset,unset,hype2,12.2.0,-O3 -Wall -Wextra -std=c++17 -fopenmp -ffp-contract=off -DOMP_EXPLICIT_SIMD=1,1391.402045,8f9bc97f03d5aae1,passed
adaptive-simd_omp-avx2-t8-dynamicx16-r1-sky.jpg,2026-09-20T02:43:10Z,sky.jpg,6936,9248,Adaptive_Median,1,8,dynamic,16,omp-avx2,yes,unset,unset,hype2,12.2.0,-O3 -Wall -Wextra -std=c++17 -fopenmp -ffp-contract=off -DOMP_EXPLICIT_SIMD=1 -march=haswell,2556.093554,1e7ae9152e9643d5,passed
adaptive-simd_omp-avx2-t8-dynamicx16-r1-stars.jpg,2026-09-20T02:43:17Z,stars.jpg,12960,8640,Adaptive_Median,1,8,dynamic,16,omp-avx2,yes,unset,unset,hype2,12.2.0,-O3 -Wall -Wextra -std=c++17 -fopenmp -ffp-contract=off -DOMP_EXPLICIT_SIMD=1 -march=haswell,4070.202153,626f977055f1c658,passed
adaptive-simd_omp-avx2-t8-dynamicx16-r1-rain_paisage.jpg,2026-09-20T02:43:27Z,rain_paisage.jpg,12288,16320,Adaptive_Median,1,8,dynamic,16,omp-avx2,yes,unset,unset,hype2,12.2.0,-O3 -Wall -Wextra -std=c++17 -fopenmp -ffp-contract=off -DOMP_EXPLICIT_SIMD=1 -march=haswell,7572.271973,d0fdcd4b2e74abf3,passed
adaptive-simd_omp-avx2-t8-dynamicx16-r1-firework.jpg,2026-09-20T02:43:38Z,firework.jpg,11125,16688,Adaptive_Median,1,8,dynamic,16,omp-avx2,yes,unset,unset,hype2,12.2.0,-O3 -Wall -Wextra -std=c++17 -fopenmp -ffp-contract=off -DOMP_EXPLICIT_SIMD=1 -march=haswell,7372.560238,cae2b8384ddb6aac,passed
adaptive-simd_omp-avx2-t8-dynamicx16-r1-control_smooth_6000x6000.png,2026-09-20T02:43:40Z,control_smooth_6000x6000.png,6000,6000,Adaptive_Median,1,8,dynamic,16,omp-avx2,yes,unset,unset,hype2,12.2.0,-O3 -Wall -Wextra -std=c++17 -fopenmp -ffp-contract=off -DOMP_EXPLICIT_SIMD=1 -march=haswell,1925.948947,596e3c6929662ab9,passed
adaptive-simd_omp-avx2-t8-dynamicx16-r1-control_noise_6000x6000.png,2026-09-20T02:43:42Z,control_noise_6000x6000.png,6000,6000,Adaptive_Median,1,8,dynamic,16,omp-avx2,yes,unset,unset,hype2,12.2.0,-O3 -Wall -Wextra -std=c++17 -fopenmp -ffp-contract=off -DOMP_EXPLICIT_SIMD=1 -march=haswell,1417.374043,fcb58a627e9d9740,passed
adaptive-simd_omp-avx2-t8-dynamicx16-r1-control_half_noise_6000x6000.png,2026-09-20T02:43:44Z,control_half_noise_6000x6000.png,6000,6000,Adaptive_Median,1,8,dynamic,16,omp-avx2,yes,unset,unset,hype2,12.2.0,-O3 -Wall -Wextra -std=c++17 -fopenmp -ffp-contract=off -DOMP_EXPLICIT_SIMD=1 -march=haswell,1431.616837,9d92a48896bfc25a,passed
adaptive-simd_omp-avx2-t8-dynamicx16-r1-control_bands_256_6000x6000.png,2026-09-20T02:43:46Z,control_bands_256_6000x6000.png,6000,6000,Adaptive_Median,1,8,dynamic,16,omp-avx2,yes,unset,unset,hype2,12.2.0,-O3 -Wall -Wextra -std=c++17 -fopenmp -ffp-contract=off -DOMP_EXPLICIT_SIMD=1 -march=haswell,1432.743753,8f9bc97f03d5aae1,passed
adaptive-simd_off-avx2-t8-static-r2-sky.jpg,2026-09-20T02:43:50Z,sky.jpg,6936,9248,Adaptive_Median,2,8,static,,off-avx2,yes,unset,unset,hype2,12.2.0,-O3 -Wall -Wextra -std=c++17 -fopenmp -ffp-contract=off -DOMP_EXPLICIT_SIMD=0 -fno-tree-vectorize -march=haswell,2650.999942,1e7ae9152e9643d5,passed
adaptive-simd_off-avx2-t8-static-r2-stars.jpg,2026-09-20T02:43:56Z,stars.jpg,12960,8640,Adaptive_Median,2,8,static,,off-avx2,yes,unset,unset,hype2,12.2.0,-O3 -Wall -Wextra -std=c++17 -fopenmp -ffp-contract=off -DOMP_EXPLICIT_SIMD=0 -fno-tree-vectorize -march=haswell,4267.183133,626f977055f1c658,passed
adaptive-simd_off-avx2-t8-static-r2-rain_paisage.jpg,2026-09-20T02:44:09Z,rain_paisage.jpg,12288,16320,Adaptive_Median,2,8,static,,off-avx2,yes,unset,unset,hype2,12.2.0,-O3 -Wall -Wextra -std=c++17 -fopenmp -ffp-contract=off -DOMP_EXPLICIT_SIMD=0 -fno-tree-vectorize -march=haswell,9777.210491,d0fdcd4b2e74abf3,passed
adaptive-simd_off-avx2-t8-static-r2-firework.jpg,2026-09-20T02:44:22Z,firework.jpg,11125,16688,Adaptive_Median,2,8,static,,off-avx2,yes,unset,unset,hype2,12.2.0,-O3 -Wall -Wextra -std=c++17 -fopenmp -ffp-contract=off -DOMP_EXPLICIT_SIMD=0 -fno-tree-vectorize -march=haswell,9248.426475,cae2b8384ddb6aac,passed
adaptive-simd_off-avx2-t8-static-r2-control_smooth_6000x6000.png,2026-09-20T02:44:24Z,control_smooth_6000x6000.png,6000,6000,Adaptive_Median,2,8,static,,off-avx2,yes,unset,unset,hype2,12.2.0,-O3 -Wall -Wextra -std=c++17 -fopenmp -ffp-contract=off -DOMP_EXPLICIT_SIMD=0 -fno-tree-vectorize -march=haswell,1892.136131,596e3c6929662ab9,passed
adaptive-simd_off-avx2-t8-static-r2-control_noise_6000x6000.png,2026-09-20T02:44:26Z,control_noise_6000x6000.png,6000,6000,Adaptive_Median,2,8,static,,off-avx2,yes,unset,unset,hype2,12.2.0,-O3 -Wall -Wextra -std=c++17 -fopenmp -ffp-contract=off -DOMP_EXPLICIT_SIMD=0 -fno-tree-vectorize -march=haswell,1385.696138,fcb58a627e9d9740,passed
adaptive-simd_off-avx2-t8-static-r2-control_half_noise_6000x6000.png,2026-09-20T02:44:28Z,control_half_noise_6000x6000.png,6000,6000,Adaptive_Median,2,8,static,,off-avx2,yes,unset,unset,hype2,12.2.0,-O3 -Wall -Wextra -std=c++17 -fopenmp -ffp-contract=off -DOMP_EXPLICIT_SIMD=0 -fno-tree-vectorize -march=haswell,1802.110685,9d92a48896bfc25a,passed
adaptive-simd_off-avx2-t8-static-r2-control_bands_256_6000x6000.png,2026-09-20T02:44:31Z,control_bands_256_6000x6000.png,6000,6000,Adaptive_Median,2,8,static,,off-avx2,yes,unset,unset,hype2,12.2.0,-O3 -Wall -Wextra -std=c++17 -fopenmp -ffp-contract=off -DOMP_EXPLICIT_SIMD=0 -fno-tree-vectorize -march=haswell,1540.089419,8f9bc97f03d5aae1,passed
adaptive-simd_omp-t8-static-r2-sky.jpg,2026-09-20T02:44:34Z,sky.jpg,6936,9248,Adaptive_Median,2,8,static,,omp,yes,unset,unset,hype2,12.2.0,-O3 -Wall -Wextra -std=c++17 -fopenmp -ffp-contract=off -DOMP_EXPLICIT_SIMD=1,2605.719882,1e7ae9152e9643d5,passed
adaptive-simd_omp-t8-static-r2-stars.jpg,2026-09-20T02:44:41Z,stars.jpg,12960,8640,Adaptive_Median,2,8,static,,omp,yes,unset,unset,hype2,12.2.0,-O3 -Wall -Wextra -std=c++17 -fopenmp -ffp-contract=off -DOMP_EXPLICIT_SIMD=1,4156.524083,626f977055f1c658,passed
adaptive-simd_omp-t8-static-r2-rain_paisage.jpg,2026-09-20T02:44:54Z,rain_paisage.jpg,12288,16320,Adaptive_Median,2,8,static,,omp,yes,unset,unset,hype2,12.2.0,-O3 -Wall -Wextra -std=c++17 -fopenmp -ffp-contract=off -DOMP_EXPLICIT_SIMD=1,9659.187415,d0fdcd4b2e74abf3,passed
adaptive-simd_omp-t8-static-r2-firework.jpg,2026-09-20T02:45:06Z,firework.jpg,11125,16688,Adaptive_Median,2,8,static,,omp,yes,unset,unset,hype2,12.2.0,-O3 -Wall -Wextra -std=c++17 -fopenmp -ffp-contract=off -DOMP_EXPLICIT_SIMD=1,9081.621217,cae2b8384ddb6aac,passed
adaptive-simd_omp-t8-static-r2-control_smooth_6000x6000.png,2026-09-20T02:45:08Z,control_smooth_6000x6000.png,6000,6000,Adaptive_Median,2,8,static,,omp,yes,unset,unset,hype2,12.2.0,-O3 -Wall -Wextra -std=c++17 -fopenmp -ffp-contract=off -DOMP_EXPLICIT_SIMD=1,1881.495437,596e3c6929662ab9,passed
adaptive-simd_omp-t8-static-r2-control_noise_6000x6000.png,2026-09-20T02:45:10Z,control_noise_6000x6000.png,6000,6000,Adaptive_Median,2,8,static,,omp,yes,unset,unset,hype2,12.2.0,-O3 -Wall -Wextra -std=c++17 -fopenmp -ffp-contract=off -DOMP_EXPLICIT_SIMD=1,1351.656149,fcb58a627e9d9740,passed
adaptive-simd_omp-t8-static-r2-control_half_noise_6000x6000.png,2026-09-20T02:45:12Z,control_half_noise_6000x6000.png,6000,6000,Adaptive_Median,2,8,static,,omp,yes,unset,unset,hype2,12.2.0,-O3 -Wall -Wextra -std=c++17 -fopenmp -ffp-contract=off -DOMP_EXPLICIT_SIMD=1,1789.454948,9d92a48896bfc25a,passed
adaptive-simd_omp-t8-static-r2-control_bands_256_6000x6000.png,2026-09-20T02:45:14Z,control_bands_256_6000x6000.png,6000,6000,Adaptive_Median,2,8,static,,omp,yes,unset,unset,hype2,12.2.0,-O3 -Wall -Wextra -std=c++17 -fopenmp -ffp-contract=off -DOMP_EXPLICIT_SIMD=1,1510.993578,8f9bc97f03d5aae1,passed
adaptive-simd_omp-avx2-t8-static-r2-sky.jpg,2026-09-20T02:45:18Z,sky.jpg,6936,9248,Adaptive_Median,2,8,static,,omp-avx2,yes,unset,unset,hype2,12.2.0,-O3 -Wall -Wextra -std=c++17 -fopenmp -ffp-contract=off -DOMP_EXPLICIT_SIMD=1 -march=haswell,2687.530092,1e7ae9152e9643d5,passed
adaptive-simd_omp-avx2-t8-static-r2-stars.jpg,2026-09-20T02:45:25Z,stars.jpg,12960,8640,Adaptive_Median,2,8,static,,omp-avx2,yes,unset,unset,hype2,12.2.0,-O3 -Wall -Wextra -std=c++17 -fopenmp -ffp-contract=off -DOMP_EXPLICIT_SIMD=1 -march=haswell,4321.960102,626f977055f1c658,passed
adaptive-simd_omp-avx2-t8-static-r2-rain_paisage.jpg,2026-09-20T02:45:38Z,rain_paisage.jpg,12288,16320,Adaptive_Median,2,8,static,,omp-avx2,yes,unset,unset,hype2,12.2.0,-O3 -Wall -Wextra -std=c++17 -fopenmp -ffp-contract=off -DOMP_EXPLICIT_SIMD=1 -march=haswell,9948.224946,d0fdcd4b2e74abf3,passed
adaptive-simd_omp-avx2-t8-static-r2-firework.jpg,2026-09-20T02:45:50Z,firework.jpg,11125,16688,Adaptive_Median,2,8,static,,omp-avx2,yes,unset,unset,hype2,12.2.0,-O3 -Wall -Wextra -std=c++17 -fopenmp -ffp-contract=off -DOMP_EXPLICIT_SIMD=1 -march=haswell,9382.826558,cae2b8384ddb6aac,passed
adaptive-simd_omp-avx2-t8-static-r2-control_smooth_6000x6000.png,2026-09-20T02:45:52Z,control_smooth_6000x6000.png,6000,6000,Adaptive_Median,2,8,static,,omp-avx2,yes,unset,unset,hype2,12.2.0,-O3 -Wall -Wextra -std=c++17 -fopenmp -ffp-contract=off -DOMP_EXPLICIT_SIMD=1 -march=haswell,1916.083598,596e3c6929662ab9,passed
adaptive-simd_omp-avx2-t8-static-r2-control_noise_6000x6000.png,2026-09-20T02:45:54Z,control_noise_6000x6000.png,6000,6000,Adaptive_Median,2,8,static,,omp-avx2,yes,unset,unset,hype2,12.2.0,-O3 -Wall -Wextra -std=c++17 -fopenmp -ffp-contract=off -DOMP_EXPLICIT_SIMD=1 -march=haswell,1433.498136,fcb58a627e9d9740,passed
adaptive-simd_omp-avx2-t8-static-r2-control_half_noise_6000x6000.png,2026-09-20T02:45:57Z,control_half_noise_6000x6000.png,6000,6000,Adaptive_Median,2,8,static,,omp-avx2,yes,unset,unset,hype2,12.2.0,-O3 -Wall -Wextra -std=c++17 -fopenmp -ffp-contract=off -DOMP_EXPLICIT_SIMD=1 -march=haswell,1840.096114,9d92a48896bfc25a,passed
adaptive-simd_omp-avx2-t8-static-r2-control_bands_256_6000x6000.png,2026-09-20T02:45:59Z,control_bands_256_6000x6000.png,6000,6000,Adaptive_Median,2,8,static,,omp-avx2,yes,unset,unset,hype2,12.2.0,-O3 -Wall -Wextra -std=c++17 -fopenmp -ffp-contract=off -DOMP_EXPLICIT_SIMD=1 -march=haswell,1558.753645,8f9bc97f03d5aae1,passed
adaptive-simd_off-t8-dynamicx16-r2-sky.jpg,2026-09-20T02:46:03Z,sky.jpg,6936,9248,Adaptive_Median,2,8,dynamic,16,off,yes,unset,unset,hype2,12.2.0,-O3 -Wall -Wextra -std=c++17 -fopenmp -ffp-contract=off -DOMP_EXPLICIT_SIMD=0 -fno-tree-vectorize,2426.340015,1e7ae9152e9643d5,passed
adaptive-simd_off-t8-dynamicx16-r2-stars.jpg,2026-09-20T02:46:09Z,stars.jpg,12960,8640,Adaptive_Median,2,8,dynamic,16,off,yes,unset,unset,hype2,12.2.0,-O3 -Wall -Wextra -std=c++17 -fopenmp -ffp-contract=off -DOMP_EXPLICIT_SIMD=0 -fno-tree-vectorize,3797.905763,626f977055f1c658,passed
adaptive-simd_off-t8-dynamicx16-r2-rain_paisage.jpg,2026-09-20T02:46:19Z,rain_paisage.jpg,12288,16320,Adaptive_Median,2,8,dynamic,16,off,yes,unset,unset,hype2,12.2.0,-O3 -Wall -Wextra -std=c++17 -fopenmp -ffp-contract=off -DOMP_EXPLICIT_SIMD=0 -fno-tree-vectorize,7180.916440,d0fdcd4b2e74abf3,passed
adaptive-simd_off-t8-dynamicx16-r2-firework.jpg,2026-09-20T02:46:29Z,firework.jpg,11125,16688,Adaptive_Median,2,8,dynamic,16,off,yes,unset,unset,hype2,12.2.0,-O3 -Wall -Wextra -std=c++17 -fopenmp -ffp-contract=off -DOMP_EXPLICIT_SIMD=0 -fno-tree-vectorize,6934.569211,cae2b8384ddb6aac,passed
adaptive-simd_off-t8-dynamicx16-r2-control_smooth_6000x6000.png,2026-09-20T02:46:31Z,control_smooth_6000x6000.png,6000,6000,Adaptive_Median,2,8,dynamic,16,off,yes,unset,unset,hype2,12.2.0,-O3 -Wall -Wextra -std=c++17 -fopenmp -ffp-contract=off -DOMP_EXPLICIT_SIMD=0 -fno-tree-vectorize,1844.760150,596e3c6929662ab9,passed
adaptive-simd_off-t8-dynamicx16-r2-control_noise_6000x6000.png,2026-09-20T02:46:33Z,control_noise_6000x6000.png,6000,6000,Adaptive_Median,2,8,dynamic,16,off,yes,unset,unset,hype2,12.2.0,-O3 -Wall -Wextra -std=c++17 -fopenmp -ffp-contract=off -DOMP_EXPLICIT_SIMD=0 -fno-tree-vectorize,1326.989959,fcb58a627e9d9740,passed
adaptive-simd_off-t8-dynamicx16-r2-control_half_noise_6000x6000.png,2026-09-20T02:46:35Z,control_half_noise_6000x6000.png,6000,6000,Adaptive_Median,2,8,dynamic,16,off,yes,unset,unset,hype2,12.2.0,-O3 -Wall -Wextra -std=c++17 -fopenmp -ffp-contract=off -DOMP_EXPLICIT_SIMD=0 -fno-tree-vectorize,1361.689756,9d92a48896bfc25a,passed
adaptive-simd_off-t8-dynamicx16-r2-control_bands_256_6000x6000.png,2026-09-20T02:46:37Z,control_bands_256_6000x6000.png,6000,6000,Adaptive_Median,2,8,dynamic,16,off,yes,unset,unset,hype2,12.2.0,-O3 -Wall -Wextra -std=c++17 -fopenmp -ffp-contract=off -DOMP_EXPLICIT_SIMD=0 -fno-tree-vectorize,1359.010511,8f9bc97f03d5aae1,passed
adaptive-simd_off-avx2-t8-dynamicx16-r2-sky.jpg,2026-09-20T02:46:41Z,sky.jpg,6936,9248,Adaptive_Median,2,8,dynamic,16,off-avx2,yes,unset,unset,hype2,12.2.0,-O3 -Wall -Wextra -std=c++17 -fopenmp -ffp-contract=off -DOMP_EXPLICIT_SIMD=0 -fno-tree-vectorize -march=haswell,2510.789470,1e7ae9152e9643d5,passed
adaptive-simd_off-avx2-t8-dynamicx16-r2-stars.jpg,2026-09-20T02:46:47Z,stars.jpg,12960,8640,Adaptive_Median,2,8,dynamic,16,off-avx2,yes,unset,unset,hype2,12.2.0,-O3 -Wall -Wextra -std=c++17 -fopenmp -ffp-contract=off -DOMP_EXPLICIT_SIMD=0 -fno-tree-vectorize -march=haswell,4003.735691,626f977055f1c658,passed
adaptive-simd_off-avx2-t8-dynamicx16-r2-rain_paisage.jpg,2026-09-20T02:46:58Z,rain_paisage.jpg,12288,16320,Adaptive_Median,2,8,dynamic,16,off-avx2,yes,unset,unset,hype2,12.2.0,-O3 -Wall -Wextra -std=c++17 -fopenmp -ffp-contract=off -DOMP_EXPLICIT_SIMD=0 -fno-tree-vectorize -march=haswell,7490.404830,d0fdcd4b2e74abf3,passed
adaptive-simd_off-avx2-t8-dynamicx16-r2-firework.jpg,2026-09-20T02:47:08Z,firework.jpg,11125,16688,Adaptive_Median,2,8,dynamic,16,off-avx2,yes,unset,unset,hype2,12.2.0,-O3 -Wall -Wextra -std=c++17 -fopenmp -ffp-contract=off -DOMP_EXPLICIT_SIMD=0 -fno-tree-vectorize -march=haswell,7302.643582,cae2b8384ddb6aac,passed
adaptive-simd_off-avx2-t8-dynamicx16-r2-control_smooth_6000x6000.png,2026-09-20T02:47:10Z,control_smooth_6000x6000.png,6000,6000,Adaptive_Median,2,8,dynamic,16,off-avx2,yes,unset,unset,hype2,12.2.0,-O3 -Wall -Wextra -std=c++17 -fopenmp -ffp-contract=off -DOMP_EXPLICIT_SIMD=0 -fno-tree-vectorize -march=haswell,1888.284543,596e3c6929662ab9,passed
adaptive-simd_off-avx2-t8-dynamicx16-r2-control_noise_6000x6000.png,2026-09-20T02:47:12Z,control_noise_6000x6000.png,6000,6000,Adaptive_Median,2,8,dynamic,16,off-avx2,yes,unset,unset,hype2,12.2.0,-O3 -Wall -Wextra -std=c++17 -fopenmp -ffp-contract=off -DOMP_EXPLICIT_SIMD=0 -fno-tree-vectorize -march=haswell,1384.463330,fcb58a627e9d9740,passed
adaptive-simd_off-avx2-t8-dynamicx16-r2-control_half_noise_6000x6000.png,2026-09-20T02:47:14Z,control_half_noise_6000x6000.png,6000,6000,Adaptive_Median,2,8,dynamic,16,off-avx2,yes,unset,unset,hype2,12.2.0,-O3 -Wall -Wextra -std=c++17 -fopenmp -ffp-contract=off -DOMP_EXPLICIT_SIMD=0 -fno-tree-vectorize -march=haswell,1408.394425,9d92a48896bfc25a,passed
adaptive-simd_off-avx2-t8-dynamicx16-r2-control_bands_256_6000x6000.png,2026-09-20T02:47:17Z,control_bands_256_6000x6000.png,6000,6000,Adaptive_Median,2,8,dynamic,16,off-avx2,yes,unset,unset,hype2,12.2.0,-O3 -Wall -Wextra -std=c++17 -fopenmp -ffp-contract=off -DOMP_EXPLICIT_SIMD=0 -fno-tree-vectorize -march=haswell,1406.062848,8f9bc97f03d5aae1,passed
adaptive-simd_omp-t8-dynamicx16-r2-sky.jpg,2026-09-20T02:47:20Z,sky.jpg,6936,9248,Adaptive_Median,2,8,dynamic,16,omp,yes,unset,unset,hype2,12.2.0,-O3 -Wall -Wextra -std=c++17 -fopenmp -ffp-contract=off -DOMP_EXPLICIT_SIMD=1,2479.170241,1e7ae9152e9643d5,passed
adaptive-simd_omp-t8-dynamicx16-r2-stars.jpg,2026-09-20T02:47:26Z,stars.jpg,12960,8640,Adaptive_Median,2,8,dynamic,16,omp,yes,unset,unset,hype2,12.2.0,-O3 -Wall -Wextra -std=c++17 -fopenmp -ffp-contract=off -DOMP_EXPLICIT_SIMD=1,3903.010644,626f977055f1c658,passed
adaptive-simd_omp-t8-dynamicx16-r2-rain_paisage.jpg,2026-09-20T02:47:37Z,rain_paisage.jpg,12288,16320,Adaptive_Median,2,8,dynamic,16,omp,yes,unset,unset,hype2,12.2.0,-O3 -Wall -Wextra -std=c++17 -fopenmp -ffp-contract=off -DOMP_EXPLICIT_SIMD=1,7356.320670,d0fdcd4b2e74abf3,passed
adaptive-simd_omp-t8-dynamicx16-r2-firework.jpg,2026-09-20T02:47:47Z,firework.jpg,11125,16688,Adaptive_Median,2,8,dynamic,16,omp,yes,unset,unset,hype2,12.2.0,-O3 -Wall -Wextra -std=c++17 -fopenmp -ffp-contract=off -DOMP_EXPLICIT_SIMD=1,7078.079833,cae2b8384ddb6aac,passed
adaptive-simd_omp-t8-dynamicx16-r2-control_smooth_6000x6000.png,2026-09-20T02:47:49Z,control_smooth_6000x6000.png,6000,6000,Adaptive_Median,2,8,dynamic,16,omp,yes,unset,unset,hype2,12.2.0,-O3 -Wall -Wextra -std=c++17 -fopenmp -ffp-contract=off -DOMP_EXPLICIT_SIMD=1,1898.220427,596e3c6929662ab9,passed
adaptive-simd_omp-t8-dynamicx16-r2-control_noise_6000x6000.png,2026-09-20T02:47:51Z,control_noise_6000x6000.png,6000,6000,Adaptive_Median,2,8,dynamic,16,omp,yes,unset,unset,hype2,12.2.0,-O3 -Wall -Wextra -std=c++17 -fopenmp -ffp-contract=off -DOMP_EXPLICIT_SIMD=1,1349.421670,fcb58a627e9d9740,passed
adaptive-simd_omp-t8-dynamicx16-r2-control_half_noise_6000x6000.png,2026-09-20T02:47:53Z,control_half_noise_6000x6000.png,6000,6000,Adaptive_Median,2,8,dynamic,16,omp,yes,unset,unset,hype2,12.2.0,-O3 -Wall -Wextra -std=c++17 -fopenmp -ffp-contract=off -DOMP_EXPLICIT_SIMD=1,1384.770309,9d92a48896bfc25a,passed
adaptive-simd_omp-t8-dynamicx16-r2-control_bands_256_6000x6000.png,2026-09-20T02:47:55Z,control_bands_256_6000x6000.png,6000,6000,Adaptive_Median,2,8,dynamic,16,omp,yes,unset,unset,hype2,12.2.0,-O3 -Wall -Wextra -std=c++17 -fopenmp -ffp-contract=off -DOMP_EXPLICIT_SIMD=1,1402.945710,8f9bc97f03d5aae1,passed
adaptive-simd_omp-avx2-t8-dynamicx16-r2-sky.jpg,2026-09-20T02:47:59Z,sky.jpg,6936,9248,Adaptive_Median,2,8,dynamic,16,omp-avx2,yes,unset,unset,hype2,12.2.0,-O3 -Wall -Wextra -std=c++17 -fopenmp -ffp-contract=off -DOMP_EXPLICIT_SIMD=1 -march=haswell,2555.888778,1e7ae9152e9643d5,passed
adaptive-simd_omp-avx2-t8-dynamicx16-r2-stars.jpg,2026-09-20T02:48:05Z,stars.jpg,12960,8640,Adaptive_Median,2,8,dynamic,16,omp-avx2,yes,unset,unset,hype2,12.2.0,-O3 -Wall -Wextra -std=c++17 -fopenmp -ffp-contract=off -DOMP_EXPLICIT_SIMD=1 -march=haswell,4106.928616,626f977055f1c658,passed
adaptive-simd_omp-avx2-t8-dynamicx16-r2-rain_paisage.jpg,2026-09-20T02:48:16Z,rain_paisage.jpg,12288,16320,Adaptive_Median,2,8,dynamic,16,omp-avx2,yes,unset,unset,hype2,12.2.0,-O3 -Wall -Wextra -std=c++17 -fopenmp -ffp-contract=off -DOMP_EXPLICIT_SIMD=1 -march=haswell,7580.988021,d0fdcd4b2e74abf3,passed
adaptive-simd_omp-avx2-t8-dynamicx16-r2-firework.jpg,2026-09-20T02:48:26Z,firework.jpg,11125,16688,Adaptive_Median,2,8,dynamic,16,omp-avx2,yes,unset,unset,hype2,12.2.0,-O3 -Wall -Wextra -std=c++17 -fopenmp -ffp-contract=off -DOMP_EXPLICIT_SIMD=1 -march=haswell,7344.789087,cae2b8384ddb6aac,passed
adaptive-simd_omp-avx2-t8-dynamicx16-r2-control_smooth_6000x6000.png,2026-09-20T02:48:28Z,control_smooth_6000x6000.png,6000,6000,Adaptive_Median,2,8,dynamic,16,omp-avx2,yes,unset,unset,hype2,12.2.0,-O3 -Wall -Wextra -std=c++17 -fopenmp -ffp-contract=off -DOMP_EXPLICIT_SIMD=1 -march=haswell,1915.485262,596e3c6929662ab9,passed
adaptive-simd_omp-avx2-t8-dynamicx16-r2-control_noise_6000x6000.png,2026-09-20T02:48:30Z,control_noise_6000x6000.png,6000,6000,Adaptive_Median,2,8,dynamic,16,omp-avx2,yes,unset,unset,hype2,12.2.0,-O3 -Wall -Wextra -std=c++17 -fopenmp -ffp-contract=off -DOMP_EXPLICIT_SIMD=1 -march=haswell,1432.071900,fcb58a627e9d9740,passed
adaptive-simd_omp-avx2-t8-dynamicx16-r2-control_half_noise_6000x6000.png,2026-09-20T02:48:33Z,control_half_noise_6000x6000.png,6000,6000,Adaptive_Median,2,8,dynamic,16,omp-avx2,yes,unset,unset,hype2,12.2.0,-O3 -Wall -Wextra -std=c++17 -fopenmp -ffp-contract=off -DOMP_EXPLICIT_SIMD=1 -march=haswell,1426.063855,9d92a48896bfc25a,passed
adaptive-simd_omp-avx2-t8-dynamicx16-r2-control_bands_256_6000x6000.png,2026-09-20T02:48:35Z,control_bands_256_6000x6000.png,6000,6000,Adaptive_Median,2,8,dynamic,16,omp-avx2,yes,unset,unset,hype2,12.2.0,-O3 -Wall -Wextra -std=c++17 -fopenmp -ffp-contract=off -DOMP_EXPLICIT_SIMD=1 -march=haswell,1458.350546,8f9bc97f03d5aae1,passed
adaptive-simd_off-t8-static-r2-sky.jpg,2026-09-20T02:48:38Z,sky.jpg,6936,9248,Adaptive_Median,2,8,static,,off,yes,unset,unset,hype2,12.2.0,-O3 -Wall -Wextra -std=c++17 -fopenmp -ffp-contract=off -DOMP_EXPLICIT_SIMD=0 -fno-tree-vectorize,2530.945687,1e7ae9152e9643d5,passed
adaptive-simd_off-t8-static-r2-stars.jpg,2026-09-20T02:48:45Z,stars.jpg,12960,8640,Adaptive_Median,2,8,static,,off,yes,unset,unset,hype2,12.2.0,-O3 -Wall -Wextra -std=c++17 -fopenmp -ffp-contract=off -DOMP_EXPLICIT_SIMD=0 -fno-tree-vectorize,4040.681562,626f977055f1c658,passed
adaptive-simd_off-t8-static-r2-rain_paisage.jpg,2026-09-20T02:48:57Z,rain_paisage.jpg,12288,16320,Adaptive_Median,2,8,static,,off,yes,unset,unset,hype2,12.2.0,-O3 -Wall -Wextra -std=c++17 -fopenmp -ffp-contract=off -DOMP_EXPLICIT_SIMD=0 -fno-tree-vectorize,9445.486349,d0fdcd4b2e74abf3,passed
adaptive-simd_off-t8-static-r2-firework.jpg,2026-09-20T02:49:09Z,firework.jpg,11125,16688,Adaptive_Median,2,8,static,,off,yes,unset,unset,hype2,12.2.0,-O3 -Wall -Wextra -std=c++17 -fopenmp -ffp-contract=off -DOMP_EXPLICIT_SIMD=0 -fno-tree-vectorize,8913.527499,cae2b8384ddb6aac,passed
adaptive-simd_off-t8-static-r2-control_smooth_6000x6000.png,2026-09-20T02:49:11Z,control_smooth_6000x6000.png,6000,6000,Adaptive_Median,2,8,static,,off,yes,unset,unset,hype2,12.2.0,-O3 -Wall -Wextra -std=c++17 -fopenmp -ffp-contract=off -DOMP_EXPLICIT_SIMD=0 -fno-tree-vectorize,1837.272554,596e3c6929662ab9,passed
adaptive-simd_off-t8-static-r2-control_noise_6000x6000.png,2026-09-20T02:49:13Z,control_noise_6000x6000.png,6000,6000,Adaptive_Median,2,8,static,,off,yes,unset,unset,hype2,12.2.0,-O3 -Wall -Wextra -std=c++17 -fopenmp -ffp-contract=off -DOMP_EXPLICIT_SIMD=0 -fno-tree-vectorize,1315.781608,fcb58a627e9d9740,passed
adaptive-simd_off-t8-static-r2-control_half_noise_6000x6000.png,2026-09-20T02:49:16Z,control_half_noise_6000x6000.png,6000,6000,Adaptive_Median,2,8,static,,off,yes,unset,unset,hype2,12.2.0,-O3 -Wall -Wextra -std=c++17 -fopenmp -ffp-contract=off -DOMP_EXPLICIT_SIMD=0 -fno-tree-vectorize,1752.120130,9d92a48896bfc25a,passed
adaptive-simd_off-t8-static-r2-control_bands_256_6000x6000.png,2026-09-20T02:49:18Z,control_bands_256_6000x6000.png,6000,6000,Adaptive_Median,2,8,static,,off,yes,unset,unset,hype2,12.2.0,-O3 -Wall -Wextra -std=c++17 -fopenmp -ffp-contract=off -DOMP_EXPLICIT_SIMD=0 -fno-tree-vectorize,1475.482186,8f9bc97f03d5aae1,passed
adaptive-simd_omp-t8-static-r3-sky.jpg,2026-09-20T02:49:22Z,sky.jpg,6936,9248,Adaptive_Median,3,8,static,,omp,yes,unset,unset,hype2,12.2.0,-O3 -Wall -Wextra -std=c++17 -fopenmp -ffp-contract=off -DOMP_EXPLICIT_SIMD=1,2604.318412,1e7ae9152e9643d5,passed
adaptive-simd_omp-t8-static-r3-stars.jpg,2026-09-20T02:49:28Z,stars.jpg,12960,8640,Adaptive_Median,3,8,static,,omp,yes,unset,unset,hype2,12.2.0,-O3 -Wall -Wextra -std=c++17 -fopenmp -ffp-contract=off -DOMP_EXPLICIT_SIMD=1,4147.781843,626f977055f1c658,passed
adaptive-simd_omp-t8-static-r3-rain_paisage.jpg,2026-09-20T02:49:41Z,rain_paisage.jpg,12288,16320,Adaptive_Median,3,8,static,,omp,yes,unset,unset,hype2,12.2.0,-O3 -Wall -Wextra -std=c++17 -fopenmp -ffp-contract=off -DOMP_EXPLICIT_SIMD=1,9635.735768,d0fdcd4b2e74abf3,passed
adaptive-simd_omp-t8-static-r3-firework.jpg,2026-09-20T02:49:53Z,firework.jpg,11125,16688,Adaptive_Median,3,8,static,,omp,yes,unset,unset,hype2,12.2.0,-O3 -Wall -Wextra -std=c++17 -fopenmp -ffp-contract=off -DOMP_EXPLICIT_SIMD=1,9086.775499,cae2b8384ddb6aac,passed
adaptive-simd_omp-t8-static-r3-control_smooth_6000x6000.png,2026-09-20T02:49:55Z,control_smooth_6000x6000.png,6000,6000,Adaptive_Median,3,8,static,,omp,yes,unset,unset,hype2,12.2.0,-O3 -Wall -Wextra -std=c++17 -fopenmp -ffp-contract=off -DOMP_EXPLICIT_SIMD=1,1881.469995,596e3c6929662ab9,passed
adaptive-simd_omp-t8-static-r3-control_noise_6000x6000.png,2026-09-20T02:49:57Z,control_noise_6000x6000.png,6000,6000,Adaptive_Median,3,8,static,,omp,yes,unset,unset,hype2,12.2.0,-O3 -Wall -Wextra -std=c++17 -fopenmp -ffp-contract=off -DOMP_EXPLICIT_SIMD=1,1344.435337,fcb58a627e9d9740,passed
adaptive-simd_omp-t8-static-r3-control_half_noise_6000x6000.png,2026-09-20T02:50:00Z,control_half_noise_6000x6000.png,6000,6000,Adaptive_Median,3,8,static,,omp,yes,unset,unset,hype2,12.2.0,-O3 -Wall -Wextra -std=c++17 -fopenmp -ffp-contract=off -DOMP_EXPLICIT_SIMD=1,1796.605860,9d92a48896bfc25a,passed
adaptive-simd_omp-t8-static-r3-control_bands_256_6000x6000.png,2026-09-20T02:50:02Z,control_bands_256_6000x6000.png,6000,6000,Adaptive_Median,3,8,static,,omp,yes,unset,unset,hype2,12.2.0,-O3 -Wall -Wextra -std=c++17 -fopenmp -ffp-contract=off -DOMP_EXPLICIT_SIMD=1,1512.741783,8f9bc97f03d5aae1,passed
adaptive-simd_omp-avx2-t8-static-r3-sky.jpg,2026-09-20T02:50:06Z,sky.jpg,6936,9248,Adaptive_Median,3,8,static,,omp-avx2,yes,unset,unset,hype2,12.2.0,-O3 -Wall -Wextra -std=c++17 -fopenmp -ffp-contract=off -DOMP_EXPLICIT_SIMD=1 -march=haswell,2744.470834,1e7ae9152e9643d5,passed
adaptive-simd_omp-avx2-t8-static-r3-stars.jpg,2026-09-20T02:50:12Z,stars.jpg,12960,8640,Adaptive_Median,3,8,static,,omp-avx2,yes,unset,unset,hype2,12.2.0,-O3 -Wall -Wextra -std=c++17 -fopenmp -ffp-contract=off -DOMP_EXPLICIT_SIMD=1 -march=haswell,4335.761461,626f977055f1c658,passed
adaptive-simd_omp-avx2-t8-static-r3-rain_paisage.jpg,2026-09-20T02:50:25Z,rain_paisage.jpg,12288,16320,Adaptive_Median,3,8,static,,omp-avx2,yes,unset,unset,hype2,12.2.0,-O3 -Wall -Wextra -std=c++17 -fopenmp -ffp-contract=off -DOMP_EXPLICIT_SIMD=1 -march=haswell,9900.142341,d0fdcd4b2e74abf3,passed
adaptive-simd_omp-avx2-t8-static-r3-firework.jpg,2026-09-20T02:50:38Z,firework.jpg,11125,16688,Adaptive_Median,3,8,static,,omp-avx2,yes,unset,unset,hype2,12.2.0,-O3 -Wall -Wextra -std=c++17 -fopenmp -ffp-contract=off -DOMP_EXPLICIT_SIMD=1 -march=haswell,9420.812841,cae2b8384ddb6aac,passed
adaptive-simd_omp-avx2-t8-static-r3-control_smooth_6000x6000.png,2026-09-20T02:50:40Z,control_smooth_6000x6000.png,6000,6000,Adaptive_Median,3,8,static,,omp-avx2,yes,unset,unset,hype2,12.2.0,-O3 -Wall -Wextra -std=c++17 -fopenmp -ffp-contract=off -DOMP_EXPLICIT_SIMD=1 -march=haswell,1916.620792,596e3c6929662ab9,passed
adaptive-simd_omp-avx2-t8-static-r3-control_noise_6000x6000.png,2026-09-20T02:50:42Z,control_noise_6000x6000.png,6000,6000,Adaptive_Median,3,8,static,,omp-avx2,yes,unset,unset,hype2,12.2.0,-O3 -Wall -Wextra -std=c++17 -fopenmp -ffp-contract=off -DOMP_EXPLICIT_SIMD=1 -march=haswell,1418.055382,fcb58a627e9d9740,passed
adaptive-simd_omp-avx2-t8-static-r3-control_half_noise_6000x6000.png,2026-09-20T02:50:44Z,control_half_noise_6000x6000.png,6000,6000,Adaptive_Median,3,8,static,,omp-avx2,yes,unset,unset,hype2,12.2.0,-O3 -Wall -Wextra -std=c++17 -fopenmp -ffp-contract=off -DOMP_EXPLICIT_SIMD=1 -march=haswell,1843.455584,9d92a48896bfc25a,passed
adaptive-simd_omp-avx2-t8-static-r3-control_bands_256_6000x6000.png,2026-09-20T02:50:47Z,control_bands_256_6000x6000.png,6000,6000,Adaptive_Median,3,8,static,,omp-avx2,yes,unset,unset,hype2,12.2.0,-O3 -Wall -Wextra -std=c++17 -fopenmp -ffp-contract=off -DOMP_EXPLICIT_SIMD=1 -march=haswell,1559.155058,8f9bc97f03d5aae1,passed
adaptive-simd_off-t8-dynamicx16-r3-sky.jpg,2026-09-20T02:50:50Z,sky.jpg,6936,9248,Adaptive_Median,3,8,dynamic,16,off,yes,unset,unset,hype2,12.2.0,-O3 -Wall -Wextra -std=c++17 -fopenmp -ffp-contract=off -DOMP_EXPLICIT_SIMD=0 -fno-tree-vectorize,2410.984753,1e7ae9152e9643d5,passed
adaptive-simd_off-t8-dynamicx16-r3-stars.jpg,2026-09-20T02:50:56Z,stars.jpg,12960,8640,Adaptive_Median,3,8,dynamic,16,off,yes,unset,unset,hype2,12.2.0,-O3 -Wall -Wextra -std=c++17 -fopenmp -ffp-contract=off -DOMP_EXPLICIT_SIMD=0 -fno-tree-vectorize,3802.533999,626f977055f1c658,passed
adaptive-simd_off-t8-dynamicx16-r3-rain_paisage.jpg,2026-09-20T02:51:07Z,rain_paisage.jpg,12288,16320,Adaptive_Median,3,8,dynamic,16,off,yes,unset,unset,hype2,12.2.0,-O3 -Wall -Wextra -std=c++17 -fopenmp -ffp-contract=off -DOMP_EXPLICIT_SIMD=0 -fno-tree-vectorize,7225.959689,d0fdcd4b2e74abf3,passed
adaptive-simd_off-t8-dynamicx16-r3-firework.jpg,2026-09-20T02:51:16Z,firework.jpg,11125,16688,Adaptive_Median,3,8,dynamic,16,off,yes,unset,unset,hype2,12.2.0,-O3 -Wall -Wextra -std=c++17 -fopenmp -ffp-contract=off -DOMP_EXPLICIT_SIMD=0 -fno-tree-vectorize,6945.719074,cae2b8384ddb6aac,passed
adaptive-simd_off-t8-dynamicx16-r3-control_smooth_6000x6000.png,2026-09-20T02:51:19Z,control_smooth_6000x6000.png,6000,6000,Adaptive_Median,3,8,dynamic,16,off,yes,unset,unset,hype2,12.2.0,-O3 -Wall -Wextra -std=c++17 -fopenmp -ffp-contract=off -DOMP_EXPLICIT_SIMD=0 -fno-tree-vectorize,1836.634652,596e3c6929662ab9,passed
adaptive-simd_off-t8-dynamicx16-r3-control_noise_6000x6000.png,2026-09-20T02:51:21Z,control_noise_6000x6000.png,6000,6000,Adaptive_Median,3,8,dynamic,16,off,yes,unset,unset,hype2,12.2.0,-O3 -Wall -Wextra -std=c++17 -fopenmp -ffp-contract=off -DOMP_EXPLICIT_SIMD=0 -fno-tree-vectorize,1317.262776,fcb58a627e9d9740,passed
adaptive-simd_off-t8-dynamicx16-r3-control_half_noise_6000x6000.png,2026-09-20T02:51:23Z,control_half_noise_6000x6000.png,6000,6000,Adaptive_Median,3,8,dynamic,16,off,yes,unset,unset,hype2,12.2.0,-O3 -Wall -Wextra -std=c++17 -fopenmp -ffp-contract=off -DOMP_EXPLICIT_SIMD=0 -fno-tree-vectorize,1355.933133,9d92a48896bfc25a,passed
adaptive-simd_off-t8-dynamicx16-r3-control_bands_256_6000x6000.png,2026-09-20T02:51:25Z,control_bands_256_6000x6000.png,6000,6000,Adaptive_Median,3,8,dynamic,16,off,yes,unset,unset,hype2,12.2.0,-O3 -Wall -Wextra -std=c++17 -fopenmp -ffp-contract=off -DOMP_EXPLICIT_SIMD=0 -fno-tree-vectorize,1356.416652,8f9bc97f03d5aae1,passed
adaptive-simd_off-avx2-t8-dynamicx16-r3-sky.jpg,2026-09-20T02:51:28Z,sky.jpg,6936,9248,Adaptive_Median,3,8,dynamic,16,off-avx2,yes,unset,unset,hype2,12.2.0,-O3 -Wall -Wextra -std=c++17 -fopenmp -ffp-contract=off -DOMP_EXPLICIT_SIMD=0 -fno-tree-vectorize -march=haswell,2507.859626,1e7ae9152e9643d5,passed
adaptive-simd_off-avx2-t8-dynamicx16-r3-stars.jpg,2026-09-20T02:51:35Z,stars.jpg,12960,8640,Adaptive_Median,3,8,dynamic,16,off-avx2,yes,unset,unset,hype2,12.2.0,-O3 -Wall -Wextra -std=c++17 -fopenmp -ffp-contract=off -DOMP_EXPLICIT_SIMD=0 -fno-tree-vectorize -march=haswell,3985.676854,626f977055f1c658,passed
adaptive-simd_off-avx2-t8-dynamicx16-r3-rain_paisage.jpg,2026-09-20T02:51:45Z,rain_paisage.jpg,12288,16320,Adaptive_Median,3,8,dynamic,16,off-avx2,yes,unset,unset,hype2,12.2.0,-O3 -Wall -Wextra -std=c++17 -fopenmp -ffp-contract=off -DOMP_EXPLICIT_SIMD=0 -fno-tree-vectorize -march=haswell,7488.327933,d0fdcd4b2e74abf3,passed
adaptive-simd_off-avx2-t8-dynamicx16-r3-firework.jpg,2026-09-20T02:51:55Z,firework.jpg,11125,16688,Adaptive_Median,3,8,dynamic,16,off-avx2,yes,unset,unset,hype2,12.2.0,-O3 -Wall -Wextra -std=c++17 -fopenmp -ffp-contract=off -DOMP_EXPLICIT_SIMD=0 -fno-tree-vectorize -march=haswell,7224.959890,cae2b8384ddb6aac,passed
adaptive-simd_off-avx2-t8-dynamicx16-r3-control_smooth_6000x6000.png,2026-09-20T02:51:58Z,control_smooth_6000x6000.png,6000,6000,Adaptive_Median,3,8,dynamic,16,off-avx2,yes,unset,unset,hype2,12.2.0,-O3 -Wall -Wextra -std=c++17 -fopenmp -ffp-contract=off -DOMP_EXPLICIT_SIMD=0 -fno-tree-vectorize -march=haswell,1888.965141,596e3c6929662ab9,passed
adaptive-simd_off-avx2-t8-dynamicx16-r3-control_noise_6000x6000.png,2026-09-20T02:52:00Z,control_noise_6000x6000.png,6000,6000,Adaptive_Median,3,8,dynamic,16,off-avx2,yes,unset,unset,hype2,12.2.0,-O3 -Wall -Wextra -std=c++17 -fopenmp -ffp-contract=off -DOMP_EXPLICIT_SIMD=0 -fno-tree-vectorize -march=haswell,1391.786328,fcb58a627e9d9740,passed
adaptive-simd_off-avx2-t8-dynamicx16-r3-control_half_noise_6000x6000.png,2026-09-20T02:52:02Z,control_half_noise_6000x6000.png,6000,6000,Adaptive_Median,3,8,dynamic,16,off-avx2,yes,unset,unset,hype2,12.2.0,-O3 -Wall -Wextra -std=c++17 -fopenmp -ffp-contract=off -DOMP_EXPLICIT_SIMD=0 -fno-tree-vectorize -march=haswell,1405.306004,9d92a48896bfc25a,passed
adaptive-simd_off-avx2-t8-dynamicx16-r3-control_bands_256_6000x6000.png,2026-09-20T02:52:04Z,control_bands_256_6000x6000.png,6000,6000,Adaptive_Median,3,8,dynamic,16,off-avx2,yes,unset,unset,hype2,12.2.0,-O3 -Wall -Wextra -std=c++17 -fopenmp -ffp-contract=off -DOMP_EXPLICIT_SIMD=0 -fno-tree-vectorize -march=haswell,1408.266674,8f9bc97f03d5aae1,passed
adaptive-simd_omp-t8-dynamicx16-r3-sky.jpg,2026-09-20T02:52:08Z,sky.jpg,6936,9248,Adaptive_Median,3,8,dynamic,16,omp,yes,unset,unset,hype2,12.2.0,-O3 -Wall -Wextra -std=c++17 -fopenmp -ffp-contract=off -DOMP_EXPLICIT_SIMD=1,2490.505712,1e7ae9152e9643d5,passed
adaptive-simd_omp-t8-dynamicx16-r3-stars.jpg,2026-09-20T02:52:14Z,stars.jpg,12960,8640,Adaptive_Median,3,8,dynamic,16,omp,yes,unset,unset,hype2,12.2.0,-O3 -Wall -Wextra -std=c++17 -fopenmp -ffp-contract=off -DOMP_EXPLICIT_SIMD=1,3900.173439,626f977055f1c658,passed
adaptive-simd_omp-t8-dynamicx16-r3-rain_paisage.jpg,2026-09-20T02:52:24Z,rain_paisage.jpg,12288,16320,Adaptive_Median,3,8,dynamic,16,omp,yes,unset,unset,hype2,12.2.0,-O3 -Wall -Wextra -std=c++17 -fopenmp -ffp-contract=off -DOMP_EXPLICIT_SIMD=1,7327.212942,d0fdcd4b2e74abf3,passed
adaptive-simd_omp-t8-dynamicx16-r3-firework.jpg,2026-09-20T02:52:34Z,firework.jpg,11125,16688,Adaptive_Median,3,8,dynamic,16,omp,yes,unset,unset,hype2,12.2.0,-O3 -Wall -Wextra -std=c++17 -fopenmp -ffp-contract=off -DOMP_EXPLICIT_SIMD=1,7072.258047,cae2b8384ddb6aac,passed
adaptive-simd_omp-t8-dynamicx16-r3-control_smooth_6000x6000.png,2026-09-20T02:52:36Z,control_smooth_6000x6000.png,6000,6000,Adaptive_Median,3,8,dynamic,16,omp,yes,unset,unset,hype2,12.2.0,-O3 -Wall -Wextra -std=c++17 -fopenmp -ffp-contract=off -DOMP_EXPLICIT_SIMD=1,1903.777464,596e3c6929662ab9,passed
adaptive-simd_omp-t8-dynamicx16-r3-control_noise_6000x6000.png,2026-09-20T02:52:38Z,control_noise_6000x6000.png,6000,6000,Adaptive_Median,3,8,dynamic,16,omp,yes,unset,unset,hype2,12.2.0,-O3 -Wall -Wextra -std=c++17 -fopenmp -ffp-contract=off -DOMP_EXPLICIT_SIMD=1,1347.565555,fcb58a627e9d9740,passed
adaptive-simd_omp-t8-dynamicx16-r3-control_half_noise_6000x6000.png,2026-09-20T02:52:40Z,control_half_noise_6000x6000.png,6000,6000,Adaptive_Median,3,8,dynamic,16,omp,yes,unset,unset,hype2,12.2.0,-O3 -Wall -Wextra -std=c++17 -fopenmp -ffp-contract=off -DOMP_EXPLICIT_SIMD=1,1397.668901,9d92a48896bfc25a,passed
adaptive-simd_omp-t8-dynamicx16-r3-control_bands_256_6000x6000.png,2026-09-20T02:52:43Z,control_bands_256_6000x6000.png,6000,6000,Adaptive_Median,3,8,dynamic,16,omp,yes,unset,unset,hype2,12.2.0,-O3 -Wall -Wextra -std=c++17 -fopenmp -ffp-contract=off -DOMP_EXPLICIT_SIMD=1,1392.896308,8f9bc97f03d5aae1,passed
adaptive-simd_omp-avx2-t8-dynamicx16-r3-sky.jpg,2026-09-20T02:52:46Z,sky.jpg,6936,9248,Adaptive_Median,3,8,dynamic,16,omp-avx2,yes,unset,unset,hype2,12.2.0,-O3 -Wall -Wextra -std=c++17 -fopenmp -ffp-contract=off -DOMP_EXPLICIT_SIMD=1 -march=haswell,2570.228467,1e7ae9152e9643d5,passed
adaptive-simd_omp-avx2-t8-dynamicx16-r3-stars.jpg,2026-09-20T02:52:52Z,stars.jpg,12960,8640,Adaptive_Median,3,8,dynamic,16,omp-avx2,yes,unset,unset,hype2,12.2.0,-O3 -Wall -Wextra -std=c++17 -fopenmp -ffp-contract=off -DOMP_EXPLICIT_SIMD=1 -march=haswell,4070.098512,626f977055f1c658,passed
adaptive-simd_omp-avx2-t8-dynamicx16-r3-rain_paisage.jpg,2026-09-20T02:53:03Z,rain_paisage.jpg,12288,16320,Adaptive_Median,3,8,dynamic,16,omp-avx2,yes,unset,unset,hype2,12.2.0,-O3 -Wall -Wextra -std=c++17 -fopenmp -ffp-contract=off -DOMP_EXPLICIT_SIMD=1 -march=haswell,7572.473525,d0fdcd4b2e74abf3,passed
adaptive-simd_omp-avx2-t8-dynamicx16-r3-firework.jpg,2026-09-20T02:53:14Z,firework.jpg,11125,16688,Adaptive_Median,3,8,dynamic,16,omp-avx2,yes,unset,unset,hype2,12.2.0,-O3 -Wall -Wextra -std=c++17 -fopenmp -ffp-contract=off -DOMP_EXPLICIT_SIMD=1 -march=haswell,7370.994791,cae2b8384ddb6aac,passed
adaptive-simd_omp-avx2-t8-dynamicx16-r3-control_smooth_6000x6000.png,2026-09-20T02:53:16Z,control_smooth_6000x6000.png,6000,6000,Adaptive_Median,3,8,dynamic,16,omp-avx2,yes,unset,unset,hype2,12.2.0,-O3 -Wall -Wextra -std=c++17 -fopenmp -ffp-contract=off -DOMP_EXPLICIT_SIMD=1 -march=haswell,1921.563981,596e3c6929662ab9,passed
adaptive-simd_omp-avx2-t8-dynamicx16-r3-control_noise_6000x6000.png,2026-09-20T02:53:18Z,control_noise_6000x6000.png,6000,6000,Adaptive_Median,3,8,dynamic,16,omp-avx2,yes,unset,unset,hype2,12.2.0,-O3 -Wall -Wextra -std=c++17 -fopenmp -ffp-contract=off -DOMP_EXPLICIT_SIMD=1 -march=haswell,1427.331387,fcb58a627e9d9740,passed
adaptive-simd_omp-avx2-t8-dynamicx16-r3-control_half_noise_6000x6000.png,2026-09-20T02:53:20Z,control_half_noise_6000x6000.png,6000,6000,Adaptive_Median,3,8,dynamic,16,omp-avx2,yes,unset,unset,hype2,12.2.0,-O3 -Wall -Wextra -std=c++17 -fopenmp -ffp-contract=off -DOMP_EXPLICIT_SIMD=1 -march=haswell,1432.212093,9d92a48896bfc25a,passed
adaptive-simd_omp-avx2-t8-dynamicx16-r3-control_bands_256_6000x6000.png,2026-09-20T02:53:22Z,control_bands_256_6000x6000.png,6000,6000,Adaptive_Median,3,8,dynamic,16,omp-avx2,yes,unset,unset,hype2,12.2.0,-O3 -Wall -Wextra -std=c++17 -fopenmp -ffp-contract=off -DOMP_EXPLICIT_SIMD=1 -march=haswell,1434.085637,8f9bc97f03d5aae1,passed
adaptive-simd_off-t8-static-r3-sky.jpg,2026-09-20T02:53:26Z,sky.jpg,6936,9248,Adaptive_Median,3,8,static,,off,yes,unset,unset,hype2,12.2.0,-O3 -Wall -Wextra -std=c++17 -fopenmp -ffp-contract=off -DOMP_EXPLICIT_SIMD=0 -fno-tree-vectorize,2554.829700,1e7ae9152e9643d5,passed
adaptive-simd_off-t8-static-r3-stars.jpg,2026-09-20T02:53:32Z,stars.jpg,12960,8640,Adaptive_Median,3,8,static,,off,yes,unset,unset,hype2,12.2.0,-O3 -Wall -Wextra -std=c++17 -fopenmp -ffp-contract=off -DOMP_EXPLICIT_SIMD=0 -fno-tree-vectorize,4044.601469,626f977055f1c658,passed
adaptive-simd_off-t8-static-r3-rain_paisage.jpg,2026-09-20T02:53:45Z,rain_paisage.jpg,12288,16320,Adaptive_Median,3,8,static,,off,yes,unset,unset,hype2,12.2.0,-O3 -Wall -Wextra -std=c++17 -fopenmp -ffp-contract=off -DOMP_EXPLICIT_SIMD=0 -fno-tree-vectorize,9500.485893,d0fdcd4b2e74abf3,passed
adaptive-simd_off-t8-static-r3-firework.jpg,2026-09-20T02:53:56Z,firework.jpg,11125,16688,Adaptive_Median,3,8,static,,off,yes,unset,unset,hype2,12.2.0,-O3 -Wall -Wextra -std=c++17 -fopenmp -ffp-contract=off -DOMP_EXPLICIT_SIMD=0 -fno-tree-vectorize,8928.398197,cae2b8384ddb6aac,passed
adaptive-simd_off-t8-static-r3-control_smooth_6000x6000.png,2026-09-20T02:53:59Z,control_smooth_6000x6000.png,6000,6000,Adaptive_Median,3,8,static,,off,yes,unset,unset,hype2,12.2.0,-O3 -Wall -Wextra -std=c++17 -fopenmp -ffp-contract=off -DOMP_EXPLICIT_SIMD=0 -fno-tree-vectorize,1832.549725,596e3c6929662ab9,passed
adaptive-simd_off-t8-static-r3-control_noise_6000x6000.png,2026-09-20T02:54:01Z,control_noise_6000x6000.png,6000,6000,Adaptive_Median,3,8,static,,off,yes,unset,unset,hype2,12.2.0,-O3 -Wall -Wextra -std=c++17 -fopenmp -ffp-contract=off -DOMP_EXPLICIT_SIMD=0 -fno-tree-vectorize,1318.207742,fcb58a627e9d9740,passed
adaptive-simd_off-t8-static-r3-control_half_noise_6000x6000.png,2026-09-20T02:54:03Z,control_half_noise_6000x6000.png,6000,6000,Adaptive_Median,3,8,static,,off,yes,unset,unset,hype2,12.2.0,-O3 -Wall -Wextra -std=c++17 -fopenmp -ffp-contract=off -DOMP_EXPLICIT_SIMD=0 -fno-tree-vectorize,1743.719634,9d92a48896bfc25a,passed
adaptive-simd_off-t8-static-r3-control_bands_256_6000x6000.png,2026-09-20T02:54:05Z,control_bands_256_6000x6000.png,6000,6000,Adaptive_Median,3,8,static,,off,yes,unset,unset,hype2,12.2.0,-O3 -Wall -Wextra -std=c++17 -fopenmp -ffp-contract=off -DOMP_EXPLICIT_SIMD=0 -fno-tree-vectorize,1501.180995,8f9bc97f03d5aae1,passed
adaptive-simd_off-avx2-t8-static-r3-sky.jpg,2026-09-20T02:54:09Z,sky.jpg,6936,9248,Adaptive_Median,3,8,static,,off-avx2,yes,unset,unset,hype2,12.2.0,-O3 -Wall -Wextra -std=c++17 -fopenmp -ffp-contract=off -DOMP_EXPLICIT_SIMD=0 -fno-tree-vectorize -march=haswell,2667.544407,1e7ae9152e9643d5,passed
adaptive-simd_off-avx2-t8-static-r3-stars.jpg,2026-09-20T02:54:16Z,stars.jpg,12960,8640,Adaptive_Median,3,8,static,,off-avx2,yes,unset,unset,hype2,12.2.0,-O3 -Wall -Wextra -std=c++17 -fopenmp -ffp-contract=off -DOMP_EXPLICIT_SIMD=0 -fno-tree-vectorize -march=haswell,4229.144496,626f977055f1c658,passed
adaptive-simd_off-avx2-t8-static-r3-rain_paisage.jpg,2026-09-20T02:54:29Z,rain_paisage.jpg,12288,16320,Adaptive_Median,3,8,static,,off-avx2,yes,unset,unset,hype2,12.2.0,-O3 -Wall -Wextra -std=c++17 -fopenmp -ffp-contract=off -DOMP_EXPLICIT_SIMD=0 -fno-tree-vectorize -march=haswell,9799.678714,d0fdcd4b2e74abf3,passed
adaptive-simd_off-avx2-t8-static-r3-firework.jpg,2026-09-20T02:54:41Z,firework.jpg,11125,16688,Adaptive_Median,3,8,static,,off-avx2,yes,unset,unset,hype2,12.2.0,-O3 -Wall -Wextra -std=c++17 -fopenmp -ffp-contract=off -DOMP_EXPLICIT_SIMD=0 -fno-tree-vectorize -march=haswell,9221.513269,cae2b8384ddb6aac,passed
adaptive-simd_off-avx2-t8-static-r3-control_smooth_6000x6000.png,2026-09-20T02:54:43Z,control_smooth_6000x6000.png,6000,6000,Adaptive_Median,3,8,static,,off-avx2,yes,unset,unset,hype2,12.2.0,-O3 -Wall -Wextra -std=c++17 -fopenmp -ffp-contract=off -DOMP_EXPLICIT_SIMD=0 -fno-tree-vectorize -march=haswell,1891.334820,596e3c6929662ab9,passed
adaptive-simd_off-avx2-t8-static-r3-control_noise_6000x6000.png,2026-09-20T02:54:45Z,control_noise_6000x6000.png,6000,6000,Adaptive_Median,3,8,static,,off-avx2,yes,unset,unset,hype2,12.2.0,-O3 -Wall -Wextra -std=c++17 -fopenmp -ffp-contract=off -DOMP_EXPLICIT_SIMD=0 -fno-tree-vectorize -march=haswell,1405.640022,fcb58a627e9d9740,passed
adaptive-simd_off-avx2-t8-static-r3-control_half_noise_6000x6000.png,2026-09-20T02:54:48Z,control_half_noise_6000x6000.png,6000,6000,Adaptive_Median,3,8,static,,off-avx2,yes,unset,unset,hype2,12.2.0,-O3 -Wall -Wextra -std=c++17 -fopenmp -ffp-contract=off -DOMP_EXPLICIT_SIMD=0 -fno-tree-vectorize -march=haswell,1799.969862,9d92a48896bfc25a,passed
adaptive-simd_off-avx2-t8-static-r3-control_bands_256_6000x6000.png,2026-09-20T02:54:50Z,control_bands_256_6000x6000.png,6000,6000,Adaptive_Median,3,8,static,,off-avx2,yes,unset,unset,hype2,12.2.0,-O3 -Wall -Wextra -std=c++17 -fopenmp -ffp-contract=off -DOMP_EXPLICIT_SIMD=0 -fno-tree-vectorize -march=haswell,1531.974040,8f9bc97f03d5aae1,passed
adaptive-simd_omp-avx2-t8-static-r4-sky.jpg,2026-09-20T02:54:54Z,sky.jpg,6936,9248,Adaptive_Median,4,8,static,,omp-avx2,yes,unset,unset,hype2,12.2.0,-O3 -Wall -Wextra -std=c++17 -fopenmp -ffp-contract=off -DOMP_EXPLICIT_SIMD=1 -march=haswell,2686.545423,1e7ae9152e9643d5,passed
adaptive-simd_omp-avx2-t8-static-r4-stars.jpg,2026-09-20T02:55:00Z,stars.jpg,12960,8640,Adaptive_Median,4,8,static,,omp-avx2,yes,unset,unset,hype2,12.2.0,-O3 -Wall -Wextra -std=c++17 -fopenmp -ffp-contract=off -DOMP_EXPLICIT_SIMD=1 -march=haswell,4322.249480,626f977055f1c658,passed
adaptive-simd_omp-avx2-t8-static-r4-rain_paisage.jpg,2026-09-20T02:55:13Z,rain_paisage.jpg,12288,16320,Adaptive_Median,4,8,static,,omp-avx2,yes,unset,unset,hype2,12.2.0,-O3 -Wall -Wextra -std=c++17 -fopenmp -ffp-contract=off -DOMP_EXPLICIT_SIMD=1 -march=haswell,9920.846688,d0fdcd4b2e74abf3,passed
adaptive-simd_omp-avx2-t8-static-r4-firework.jpg,2026-09-20T02:55:26Z,firework.jpg,11125,16688,Adaptive_Median,4,8,static,,omp-avx2,yes,unset,unset,hype2,12.2.0,-O3 -Wall -Wextra -std=c++17 -fopenmp -ffp-contract=off -DOMP_EXPLICIT_SIMD=1 -march=haswell,9374.888512,cae2b8384ddb6aac,passed
adaptive-simd_omp-avx2-t8-static-r4-control_smooth_6000x6000.png,2026-09-20T02:55:28Z,control_smooth_6000x6000.png,6000,6000,Adaptive_Median,4,8,static,,omp-avx2,yes,unset,unset,hype2,12.2.0,-O3 -Wall -Wextra -std=c++17 -fopenmp -ffp-contract=off -DOMP_EXPLICIT_SIMD=1 -march=haswell,1914.591420,596e3c6929662ab9,passed
adaptive-simd_omp-avx2-t8-static-r4-control_noise_6000x6000.png,2026-09-20T02:55:30Z,control_noise_6000x6000.png,6000,6000,Adaptive_Median,4,8,static,,omp-avx2,yes,unset,unset,hype2,12.2.0,-O3 -Wall -Wextra -std=c++17 -fopenmp -ffp-contract=off -DOMP_EXPLICIT_SIMD=1 -march=haswell,1431.518933,fcb58a627e9d9740,passed
adaptive-simd_omp-avx2-t8-static-r4-control_half_noise_6000x6000.png,2026-09-20T02:55:32Z,control_half_noise_6000x6000.png,6000,6000,Adaptive_Median,4,8,static,,omp-avx2,yes,unset,unset,hype2,12.2.0,-O3 -Wall -Wextra -std=c++17 -fopenmp -ffp-contract=off -DOMP_EXPLICIT_SIMD=1 -march=haswell,1834.077834,9d92a48896bfc25a,passed
adaptive-simd_omp-avx2-t8-static-r4-control_bands_256_6000x6000.png,2026-09-20T02:55:35Z,control_bands_256_6000x6000.png,6000,6000,Adaptive_Median,4,8,static,,omp-avx2,yes,unset,unset,hype2,12.2.0,-O3 -Wall -Wextra -std=c++17 -fopenmp -ffp-contract=off -DOMP_EXPLICIT_SIMD=1 -march=haswell,1559.423635,8f9bc97f03d5aae1,passed
adaptive-simd_off-t8-dynamicx16-r4-sky.jpg,2026-09-20T02:55:38Z,sky.jpg,6936,9248,Adaptive_Median,4,8,dynamic,16,off,yes,unset,unset,hype2,12.2.0,-O3 -Wall -Wextra -std=c++17 -fopenmp -ffp-contract=off -DOMP_EXPLICIT_SIMD=0 -fno-tree-vectorize,2419.817722,1e7ae9152e9643d5,passed
adaptive-simd_off-t8-dynamicx16-r4-stars.jpg,2026-09-20T02:55:44Z,stars.jpg,12960,8640,Adaptive_Median,4,8,dynamic,16,off,yes,unset,unset,hype2,12.2.0,-O3 -Wall -Wextra -std=c++17 -fopenmp -ffp-contract=off -DOMP_EXPLICIT_SIMD=0 -fno-tree-vectorize,3799.303032,626f977055f1c658,passed
adaptive-simd_off-t8-dynamicx16-r4-rain_paisage.jpg,2026-09-20T02:55:54Z,rain_paisage.jpg,12288,16320,Adaptive_Median,4,8,dynamic,16,off,yes,unset,unset,hype2,12.2.0,-O3 -Wall -Wextra -std=c++17 -fopenmp -ffp-contract=off -DOMP_EXPLICIT_SIMD=0 -fno-tree-vectorize,7181.239970,d0fdcd4b2e74abf3,passed
adaptive-simd_off-t8-dynamicx16-r4-firework.jpg,2026-09-20T02:56:04Z,firework.jpg,11125,16688,Adaptive_Median,4,8,dynamic,16,off,yes,unset,unset,hype2,12.2.0,-O3 -Wall -Wextra -std=c++17 -fopenmp -ffp-contract=off -DOMP_EXPLICIT_SIMD=0 -fno-tree-vectorize,6934.535981,cae2b8384ddb6aac,passed
adaptive-simd_off-t8-dynamicx16-r4-control_smooth_6000x6000.png,2026-09-20T02:56:07Z,control_smooth_6000x6000.png,6000,6000,Adaptive_Median,4,8,dynamic,16,off,yes,unset,unset,hype2,12.2.0,-O3 -Wall -Wextra -std=c++17 -fopenmp -ffp-contract=off -DOMP_EXPLICIT_SIMD=0 -fno-tree-vectorize,1837.795044,596e3c6929662ab9,passed
adaptive-simd_off-t8-dynamicx16-r4-control_noise_6000x6000.png,2026-09-20T02:56:08Z,control_noise_6000x6000.png,6000,6000,Adaptive_Median,4,8,dynamic,16,off,yes,unset,unset,hype2,12.2.0,-O3 -Wall -Wextra -std=c++17 -fopenmp -ffp-contract=off -DOMP_EXPLICIT_SIMD=0 -fno-tree-vectorize,1337.191453,fcb58a627e9d9740,passed
adaptive-simd_off-t8-dynamicx16-r4-control_half_noise_6000x6000.png,2026-09-20T02:56:11Z,control_half_noise_6000x6000.png,6000,6000,Adaptive_Median,4,8,dynamic,16,off,yes,unset,unset,hype2,12.2.0,-O3 -Wall -Wextra -std=c++17 -fopenmp -ffp-contract=off -DOMP_EXPLICIT_SIMD=0 -fno-tree-vectorize,1350.230895,9d92a48896bfc25a,passed
adaptive-simd_off-t8-dynamicx16-r4-control_bands_256_6000x6000.png,2026-09-20T02:56:13Z,control_bands_256_6000x6000.png,6000,6000,Adaptive_Median,4,8,dynamic,16,off,yes,unset,unset,hype2,12.2.0,-O3 -Wall -Wextra -std=c++17 -fopenmp -ffp-contract=off -DOMP_EXPLICIT_SIMD=0 -fno-tree-vectorize,1362.655597,8f9bc97f03d5aae1,passed
adaptive-simd_off-avx2-t8-dynamicx16-r4-sky.jpg,2026-09-20T02:56:16Z,sky.jpg,6936,9248,Adaptive_Median,4,8,dynamic,16,off-avx2,yes,unset,unset,hype2,12.2.0,-O3 -Wall -Wextra -std=c++17 -fopenmp -ffp-contract=off -DOMP_EXPLICIT_SIMD=0 -fno-tree-vectorize -march=haswell,2509.481985,1e7ae9152e9643d5,passed
adaptive-simd_off-avx2-t8-dynamicx16-r4-stars.jpg,2026-09-20T02:56:22Z,stars.jpg,12960,8640,Adaptive_Median,4,8,dynamic,16,off-avx2,yes,unset,unset,hype2,12.2.0,-O3 -Wall -Wextra -std=c++17 -fopenmp -ffp-contract=off -DOMP_EXPLICIT_SIMD=0 -fno-tree-vectorize -march=haswell,3981.418968,626f977055f1c658,passed
adaptive-simd_off-avx2-t8-dynamicx16-r4-rain_paisage.jpg,2026-09-20T02:56:33Z,rain_paisage.jpg,12288,16320,Adaptive_Median,4,8,dynamic,16,off-avx2,yes,unset,unset,hype2,12.2.0,-O3 -Wall -Wextra -std=c++17 -fopenmp -ffp-contract=off -DOMP_EXPLICIT_SIMD=0 -fno-tree-vectorize -march=haswell,7500.014907,d0fdcd4b2e74abf3,passed
adaptive-simd_off-avx2-t8-dynamicx16-r4-firework.jpg,2026-09-20T02:56:43Z,firework.jpg,11125,16688,Adaptive_Median,4,8,dynamic,16,off-avx2,yes,unset,unset,hype2,12.2.0,-O3 -Wall -Wextra -std=c++17 -fopenmp -ffp-contract=off -DOMP_EXPLICIT_SIMD=0 -fno-tree-vectorize -march=haswell,7244.985540,cae2b8384ddb6aac,passed
adaptive-simd_off-avx2-t8-dynamicx16-r4-control_smooth_6000x6000.png,2026-09-20T02:56:46Z,control_smooth_6000x6000.png,6000,6000,Adaptive_Median,4,8,dynamic,16,off-avx2,yes,unset,unset,hype2,12.2.0,-O3 -Wall -Wextra -std=c++17 -fopenmp -ffp-contract=off -DOMP_EXPLICIT_SIMD=0 -fno-tree-vectorize -march=haswell,1892.335370,596e3c6929662ab9,passed
adaptive-simd_off-avx2-t8-dynamicx16-r4-control_noise_6000x6000.png,2026-09-20T02:56:48Z,control_noise_6000x6000.png,6000,6000,Adaptive_Median,4,8,dynamic,16,off-avx2,yes,unset,unset,hype2,12.2.0,-O3 -Wall -Wextra -std=c++17 -fopenmp -ffp-contract=off -DOMP_EXPLICIT_SIMD=0 -fno-tree-vectorize -march=haswell,1379.253665,fcb58a627e9d9740,passed
adaptive-simd_off-avx2-t8-dynamicx16-r4-control_half_noise_6000x6000.png,2026-09-20T02:56:50Z,control_half_noise_6000x6000.png,6000,6000,Adaptive_Median,4,8,dynamic,16,off-avx2,yes,unset,unset,hype2,12.2.0,-O3 -Wall -Wextra -std=c++17 -fopenmp -ffp-contract=off -DOMP_EXPLICIT_SIMD=0 -fno-tree-vectorize -march=haswell,1406.650451,9d92a48896bfc25a,passed
adaptive-simd_off-avx2-t8-dynamicx16-r4-control_bands_256_6000x6000.png,2026-09-20T02:56:52Z,control_bands_256_6000x6000.png,6000,6000,Adaptive_Median,4,8,dynamic,16,off-avx2,yes,unset,unset,hype2,12.2.0,-O3 -Wall -Wextra -std=c++17 -fopenmp -ffp-contract=off -DOMP_EXPLICIT_SIMD=0 -fno-tree-vectorize -march=haswell,1416.451008,8f9bc97f03d5aae1,passed
adaptive-simd_omp-t8-dynamicx16-r4-sky.jpg,2026-09-20T02:56:55Z,sky.jpg,6936,9248,Adaptive_Median,4,8,dynamic,16,omp,yes,unset,unset,hype2,12.2.0,-O3 -Wall -Wextra -std=c++17 -fopenmp -ffp-contract=off -DOMP_EXPLICIT_SIMD=1,2476.503110,1e7ae9152e9643d5,passed
adaptive-simd_omp-t8-dynamicx16-r4-stars.jpg,2026-09-20T02:57:02Z,stars.jpg,12960,8640,Adaptive_Median,4,8,dynamic,16,omp,yes,unset,unset,hype2,12.2.0,-O3 -Wall -Wextra -std=c++17 -fopenmp -ffp-contract=off -DOMP_EXPLICIT_SIMD=1,3904.009321,626f977055f1c658,passed
adaptive-simd_omp-t8-dynamicx16-r4-rain_paisage.jpg,2026-09-20T02:57:12Z,rain_paisage.jpg,12288,16320,Adaptive_Median,4,8,dynamic,16,omp,yes,unset,unset,hype2,12.2.0,-O3 -Wall -Wextra -std=c++17 -fopenmp -ffp-contract=off -DOMP_EXPLICIT_SIMD=1,7352.043577,d0fdcd4b2e74abf3,passed
adaptive-simd_omp-t8-dynamicx16-r4-firework.jpg,2026-09-20T02:57:22Z,firework.jpg,11125,16688,Adaptive_Median,4,8,dynamic,16,omp,yes,unset,unset,hype2,12.2.0,-O3 -Wall -Wextra -std=c++17 -fopenmp -ffp-contract=off -DOMP_EXPLICIT_SIMD=1,7075.608420,cae2b8384ddb6aac,passed
adaptive-simd_omp-t8-dynamicx16-r4-control_smooth_6000x6000.png,2026-09-20T02:57:24Z,control_smooth_6000x6000.png,6000,6000,Adaptive_Median,4,8,dynamic,16,omp,yes,unset,unset,hype2,12.2.0,-O3 -Wall -Wextra -std=c++17 -fopenmp -ffp-contract=off -DOMP_EXPLICIT_SIMD=1,1878.482710,596e3c6929662ab9,passed
adaptive-simd_omp-t8-dynamicx16-r4-control_noise_6000x6000.png,2026-09-20T02:57:26Z,control_noise_6000x6000.png,6000,6000,Adaptive_Median,4,8,dynamic,16,omp,yes,unset,unset,hype2,12.2.0,-O3 -Wall -Wextra -std=c++17 -fopenmp -ffp-contract=off -DOMP_EXPLICIT_SIMD=1,1343.212069,fcb58a627e9d9740,passed
adaptive-simd_omp-t8-dynamicx16-r4-control_half_noise_6000x6000.png,2026-09-20T02:57:28Z,control_half_noise_6000x6000.png,6000,6000,Adaptive_Median,4,8,dynamic,16,omp,yes,unset,unset,hype2,12.2.0,-O3 -Wall -Wextra -std=c++17 -fopenmp -ffp-contract=off -DOMP_EXPLICIT_SIMD=1,1387.487733,9d92a48896bfc25a,passed
adaptive-simd_omp-t8-dynamicx16-r4-control_bands_256_6000x6000.png,2026-09-20T02:57:30Z,control_bands_256_6000x6000.png,6000,6000,Adaptive_Median,4,8,dynamic,16,omp,yes,unset,unset,hype2,12.2.0,-O3 -Wall -Wextra -std=c++17 -fopenmp -ffp-contract=off -DOMP_EXPLICIT_SIMD=1,1399.853499,8f9bc97f03d5aae1,passed
adaptive-simd_omp-avx2-t8-dynamicx16-r4-sky.jpg,2026-09-20T02:57:34Z,sky.jpg,6936,9248,Adaptive_Median,4,8,dynamic,16,omp-avx2,yes,unset,unset,hype2,12.2.0,-O3 -Wall -Wextra -std=c++17 -fopenmp -ffp-contract=off -DOMP_EXPLICIT_SIMD=1 -march=haswell,2556.974343,1e7ae9152e9643d5,passed
adaptive-simd_omp-avx2-t8-dynamicx16-r4-stars.jpg,2026-09-20T02:57:40Z,stars.jpg,12960,8640,Adaptive_Median,4,8,dynamic,16,omp-avx2,yes,unset,unset,hype2,12.2.0,-O3 -Wall -Wextra -std=c++17 -fopenmp -ffp-contract=off -DOMP_EXPLICIT_SIMD=1 -march=haswell,4086.038571,626f977055f1c658,passed
adaptive-simd_omp-avx2-t8-dynamicx16-r4-rain_paisage.jpg,2026-09-20T02:57:51Z,rain_paisage.jpg,12288,16320,Adaptive_Median,4,8,dynamic,16,omp-avx2,yes,unset,unset,hype2,12.2.0,-O3 -Wall -Wextra -std=c++17 -fopenmp -ffp-contract=off -DOMP_EXPLICIT_SIMD=1 -march=haswell,7579.020580,d0fdcd4b2e74abf3,passed
adaptive-simd_omp-avx2-t8-dynamicx16-r4-firework.jpg,2026-09-20T02:58:01Z,firework.jpg,11125,16688,Adaptive_Median,4,8,dynamic,16,omp-avx2,yes,unset,unset,hype2,12.2.0,-O3 -Wall -Wextra -std=c++17 -fopenmp -ffp-contract=off -DOMP_EXPLICIT_SIMD=1 -march=haswell,7343.864399,cae2b8384ddb6aac,passed
adaptive-simd_omp-avx2-t8-dynamicx16-r4-control_smooth_6000x6000.png,2026-09-20T02:58:04Z,control_smooth_6000x6000.png,6000,6000,Adaptive_Median,4,8,dynamic,16,omp-avx2,yes,unset,unset,hype2,12.2.0,-O3 -Wall -Wextra -std=c++17 -fopenmp -ffp-contract=off -DOMP_EXPLICIT_SIMD=1 -march=haswell,1918.106418,596e3c6929662ab9,passed
adaptive-simd_omp-avx2-t8-dynamicx16-r4-control_noise_6000x6000.png,2026-09-20T02:58:06Z,control_noise_6000x6000.png,6000,6000,Adaptive_Median,4,8,dynamic,16,omp-avx2,yes,unset,unset,hype2,12.2.0,-O3 -Wall -Wextra -std=c++17 -fopenmp -ffp-contract=off -DOMP_EXPLICIT_SIMD=1 -march=haswell,1418.638004,fcb58a627e9d9740,passed
adaptive-simd_omp-avx2-t8-dynamicx16-r4-control_half_noise_6000x6000.png,2026-09-20T02:58:08Z,control_half_noise_6000x6000.png,6000,6000,Adaptive_Median,4,8,dynamic,16,omp-avx2,yes,unset,unset,hype2,12.2.0,-O3 -Wall -Wextra -std=c++17 -fopenmp -ffp-contract=off -DOMP_EXPLICIT_SIMD=1 -march=haswell,1429.844691,9d92a48896bfc25a,passed
adaptive-simd_omp-avx2-t8-dynamicx16-r4-control_bands_256_6000x6000.png,2026-09-20T02:58:10Z,control_bands_256_6000x6000.png,6000,6000,Adaptive_Median,4,8,dynamic,16,omp-avx2,yes,unset,unset,hype2,12.2.0,-O3 -Wall -Wextra -std=c++17 -fopenmp -ffp-contract=off -DOMP_EXPLICIT_SIMD=1 -march=haswell,1464.760964,8f9bc97f03d5aae1,passed
adaptive-simd_off-t8-static-r4-sky.jpg,2026-09-20T02:58:14Z,sky.jpg,6936,9248,Adaptive_Median,4,8,static,,off,yes,unset,unset,hype2,12.2.0,-O3 -Wall -Wextra -std=c++17 -fopenmp -ffp-contract=off -DOMP_EXPLICIT_SIMD=0 -fno-tree-vectorize,2530.229573,1e7ae9152e9643d5,passed
adaptive-simd_off-t8-static-r4-stars.jpg,2026-09-20T02:58:20Z,stars.jpg,12960,8640,Adaptive_Median,4,8,static,,off,yes,unset,unset,hype2,12.2.0,-O3 -Wall -Wextra -std=c++17 -fopenmp -ffp-contract=off -DOMP_EXPLICIT_SIMD=0 -fno-tree-vectorize,4047.317733,626f977055f1c658,passed
adaptive-simd_off-t8-static-r4-rain_paisage.jpg,2026-09-20T02:58:32Z,rain_paisage.jpg,12288,16320,Adaptive_Median,4,8,static,,off,yes,unset,unset,hype2,12.2.0,-O3 -Wall -Wextra -std=c++17 -fopenmp -ffp-contract=off -DOMP_EXPLICIT_SIMD=0 -fno-tree-vectorize,9456.784922,d0fdcd4b2e74abf3,passed
adaptive-simd_off-t8-static-r4-firework.jpg,2026-09-20T02:58:44Z,firework.jpg,11125,16688,Adaptive_Median,4,8,static,,off,yes,unset,unset,hype2,12.2.0,-O3 -Wall -Wextra -std=c++17 -fopenmp -ffp-contract=off -DOMP_EXPLICIT_SIMD=0 -fno-tree-vectorize,8931.186590,cae2b8384ddb6aac,passed
adaptive-simd_off-t8-static-r4-control_smooth_6000x6000.png,2026-09-20T02:58:47Z,control_smooth_6000x6000.png,6000,6000,Adaptive_Median,4,8,static,,off,yes,unset,unset,hype2,12.2.0,-O3 -Wall -Wextra -std=c++17 -fopenmp -ffp-contract=off -DOMP_EXPLICIT_SIMD=0 -fno-tree-vectorize,1836.533923,596e3c6929662ab9,passed
adaptive-simd_off-t8-static-r4-control_noise_6000x6000.png,2026-09-20T02:58:48Z,control_noise_6000x6000.png,6000,6000,Adaptive_Median,4,8,static,,off,yes,unset,unset,hype2,12.2.0,-O3 -Wall -Wextra -std=c++17 -fopenmp -ffp-contract=off -DOMP_EXPLICIT_SIMD=0 -fno-tree-vectorize,1308.434323,fcb58a627e9d9740,passed
adaptive-simd_off-t8-static-r4-control_half_noise_6000x6000.png,2026-09-20T02:58:51Z,control_half_noise_6000x6000.png,6000,6000,Adaptive_Median,4,8,static,,off,yes,unset,unset,hype2,12.2.0,-O3 -Wall -Wextra -std=c++17 -fopenmp -ffp-contract=off -DOMP_EXPLICIT_SIMD=0 -fno-tree-vectorize,1757.397863,9d92a48896bfc25a,passed
adaptive-simd_off-t8-static-r4-control_bands_256_6000x6000.png,2026-09-20T02:58:53Z,control_bands_256_6000x6000.png,6000,6000,Adaptive_Median,4,8,static,,off,yes,unset,unset,hype2,12.2.0,-O3 -Wall -Wextra -std=c++17 -fopenmp -ffp-contract=off -DOMP_EXPLICIT_SIMD=0 -fno-tree-vectorize,1475.382727,8f9bc97f03d5aae1,passed
adaptive-simd_off-avx2-t8-static-r4-sky.jpg,2026-09-20T02:58:57Z,sky.jpg,6936,9248,Adaptive_Median,4,8,static,,off-avx2,yes,unset,unset,hype2,12.2.0,-O3 -Wall -Wextra -std=c++17 -fopenmp -ffp-contract=off -DOMP_EXPLICIT_SIMD=0 -fno-tree-vectorize -march=haswell,2642.367337,1e7ae9152e9643d5,passed
adaptive-simd_off-avx2-t8-static-r4-stars.jpg,2026-09-20T02:59:03Z,stars.jpg,12960,8640,Adaptive_Median,4,8,static,,off-avx2,yes,unset,unset,hype2,12.2.0,-O3 -Wall -Wextra -std=c++17 -fopenmp -ffp-contract=off -DOMP_EXPLICIT_SIMD=0 -fno-tree-vectorize -march=haswell,4243.533829,626f977055f1c658,passed
adaptive-simd_off-avx2-t8-static-r4-rain_paisage.jpg,2026-09-20T02:59:16Z,rain_paisage.jpg,12288,16320,Adaptive_Median,4,8,static,,off-avx2,yes,unset,unset,hype2,12.2.0,-O3 -Wall -Wextra -std=c++17 -fopenmp -ffp-contract=off -DOMP_EXPLICIT_SIMD=0 -fno-tree-vectorize -march=haswell,9793.074349,d0fdcd4b2e74abf3,passed
adaptive-simd_off-avx2-t8-static-r4-firework.jpg,2026-09-20T02:59:28Z,firework.jpg,11125,16688,Adaptive_Median,4,8,static,,off-avx2,yes,unset,unset,hype2,12.2.0,-O3 -Wall -Wextra -std=c++17 -fopenmp -ffp-contract=off -DOMP_EXPLICIT_SIMD=0 -fno-tree-vectorize -march=haswell,9208.126549,cae2b8384ddb6aac,passed
adaptive-simd_off-avx2-t8-static-r4-control_smooth_6000x6000.png,2026-09-20T02:59:31Z,control_smooth_6000x6000.png,6000,6000,Adaptive_Median,4,8,static,,off-avx2,yes,unset,unset,hype2,12.2.0,-O3 -Wall -Wextra -std=c++17 -fopenmp -ffp-contract=off -DOMP_EXPLICIT_SIMD=0 -fno-tree-vectorize -march=haswell,1894.362417,596e3c6929662ab9,passed
adaptive-simd_off-avx2-t8-static-r4-control_noise_6000x6000.png,2026-09-20T02:59:33Z,control_noise_6000x6000.png,6000,6000,Adaptive_Median,4,8,static,,off-avx2,yes,unset,unset,hype2,12.2.0,-O3 -Wall -Wextra -std=c++17 -fopenmp -ffp-contract=off -DOMP_EXPLICIT_SIMD=0 -fno-tree-vectorize -march=haswell,1381.657271,fcb58a627e9d9740,passed
adaptive-simd_off-avx2-t8-static-r4-control_half_noise_6000x6000.png,2026-09-20T02:59:35Z,control_half_noise_6000x6000.png,6000,6000,Adaptive_Median,4,8,static,,off-avx2,yes,unset,unset,hype2,12.2.0,-O3 -Wall -Wextra -std=c++17 -fopenmp -ffp-contract=off -DOMP_EXPLICIT_SIMD=0 -fno-tree-vectorize -march=haswell,1824.235825,9d92a48896bfc25a,passed
adaptive-simd_off-avx2-t8-static-r4-control_bands_256_6000x6000.png,2026-09-20T02:59:38Z,control_bands_256_6000x6000.png,6000,6000,Adaptive_Median,4,8,static,,off-avx2,yes,unset,unset,hype2,12.2.0,-O3 -Wall -Wextra -std=c++17 -fopenmp -ffp-contract=off -DOMP_EXPLICIT_SIMD=0 -fno-tree-vectorize -march=haswell,1527.998285,8f9bc97f03d5aae1,passed
adaptive-simd_omp-t8-static-r4-sky.jpg,2026-09-20T02:59:41Z,sky.jpg,6936,9248,Adaptive_Median,4,8,static,,omp,yes,unset,unset,hype2,12.2.0,-O3 -Wall -Wextra -std=c++17 -fopenmp -ffp-contract=off -DOMP_EXPLICIT_SIMD=1,2623.597005,1e7ae9152e9643d5,passed
adaptive-simd_omp-t8-static-r4-stars.jpg,2026-09-20T02:59:48Z,stars.jpg,12960,8640,Adaptive_Median,4,8,static,,omp,yes,unset,unset,hype2,12.2.0,-O3 -Wall -Wextra -std=c++17 -fopenmp -ffp-contract=off -DOMP_EXPLICIT_SIMD=1,4153.085500,626f977055f1c658,passed
adaptive-simd_omp-t8-static-r4-rain_paisage.jpg,2026-09-20T03:00:01Z,rain_paisage.jpg,12288,16320,Adaptive_Median,4,8,static,,omp,yes,unset,unset,hype2,12.2.0,-O3 -Wall -Wextra -std=c++17 -fopenmp -ffp-contract=off -DOMP_EXPLICIT_SIMD=1,9617.292441,d0fdcd4b2e74abf3,passed
adaptive-simd_omp-t8-static-r4-firework.jpg,2026-09-20T03:00:13Z,firework.jpg,11125,16688,Adaptive_Median,4,8,static,,omp,yes,unset,unset,hype2,12.2.0,-O3 -Wall -Wextra -std=c++17 -fopenmp -ffp-contract=off -DOMP_EXPLICIT_SIMD=1,9135.534220,cae2b8384ddb6aac,passed
adaptive-simd_omp-t8-static-r4-control_smooth_6000x6000.png,2026-09-20T03:00:15Z,control_smooth_6000x6000.png,6000,6000,Adaptive_Median,4,8,static,,omp,yes,unset,unset,hype2,12.2.0,-O3 -Wall -Wextra -std=c++17 -fopenmp -ffp-contract=off -DOMP_EXPLICIT_SIMD=1,1886.455650,596e3c6929662ab9,passed
adaptive-simd_omp-t8-static-r4-control_noise_6000x6000.png,2026-09-20T03:00:17Z,control_noise_6000x6000.png,6000,6000,Adaptive_Median,4,8,static,,omp,yes,unset,unset,hype2,12.2.0,-O3 -Wall -Wextra -std=c++17 -fopenmp -ffp-contract=off -DOMP_EXPLICIT_SIMD=1,1342.018994,fcb58a627e9d9740,passed
adaptive-simd_omp-t8-static-r4-control_half_noise_6000x6000.png,2026-09-20T03:00:19Z,control_half_noise_6000x6000.png,6000,6000,Adaptive_Median,4,8,static,,omp,yes,unset,unset,hype2,12.2.0,-O3 -Wall -Wextra -std=c++17 -fopenmp -ffp-contract=off -DOMP_EXPLICIT_SIMD=1,1790.307579,9d92a48896bfc25a,passed
adaptive-simd_omp-t8-static-r4-control_bands_256_6000x6000.png,2026-09-20T03:00:21Z,control_bands_256_6000x6000.png,6000,6000,Adaptive_Median,4,8,static,,omp,yes,unset,unset,hype2,12.2.0,-O3 -Wall -Wextra -std=c++17 -fopenmp -ffp-contract=off -DOMP_EXPLICIT_SIMD=1,1511.176403,8f9bc97f03d5aae1,passed
adaptive-simd_off-t8-dynamicx16-r5-sky.jpg,2026-09-20T03:00:25Z,sky.jpg,6936,9248,Adaptive_Median,5,8,dynamic,16,off,yes,unset,unset,hype2,12.2.0,-O3 -Wall -Wextra -std=c++17 -fopenmp -ffp-contract=off -DOMP_EXPLICIT_SIMD=0 -fno-tree-vectorize,2409.322530,1e7ae9152e9643d5,passed
adaptive-simd_off-t8-dynamicx16-r5-stars.jpg,2026-09-20T03:00:31Z,stars.jpg,12960,8640,Adaptive_Median,5,8,dynamic,16,off,yes,unset,unset,hype2,12.2.0,-O3 -Wall -Wextra -std=c++17 -fopenmp -ffp-contract=off -DOMP_EXPLICIT_SIMD=0 -fno-tree-vectorize,3809.805976,626f977055f1c658,passed
adaptive-simd_off-t8-dynamicx16-r5-rain_paisage.jpg,2026-09-20T03:00:41Z,rain_paisage.jpg,12288,16320,Adaptive_Median,5,8,dynamic,16,off,yes,unset,unset,hype2,12.2.0,-O3 -Wall -Wextra -std=c++17 -fopenmp -ffp-contract=off -DOMP_EXPLICIT_SIMD=0 -fno-tree-vectorize,7199.163911,d0fdcd4b2e74abf3,passed
adaptive-simd_off-t8-dynamicx16-r5-firework.jpg,2026-09-20T03:00:51Z,firework.jpg,11125,16688,Adaptive_Median,5,8,dynamic,16,off,yes,unset,unset,hype2,12.2.0,-O3 -Wall -Wextra -std=c++17 -fopenmp -ffp-contract=off -DOMP_EXPLICIT_SIMD=0 -fno-tree-vectorize,6934.303002,cae2b8384ddb6aac,passed
adaptive-simd_off-t8-dynamicx16-r5-control_smooth_6000x6000.png,2026-09-20T03:00:53Z,control_smooth_6000x6000.png,6000,6000,Adaptive_Median,5,8,dynamic,16,off,yes,unset,unset,hype2,12.2.0,-O3 -Wall -Wextra -std=c++17 -fopenmp -ffp-contract=off -DOMP_EXPLICIT_SIMD=0 -fno-tree-vectorize,1843.567984,596e3c6929662ab9,passed
adaptive-simd_off-t8-dynamicx16-r5-control_noise_6000x6000.png,2026-09-20T03:00:55Z,control_noise_6000x6000.png,6000,6000,Adaptive_Median,5,8,dynamic,16,off,yes,unset,unset,hype2,12.2.0,-O3 -Wall -Wextra -std=c++17 -fopenmp -ffp-contract=off -DOMP_EXPLICIT_SIMD=0 -fno-tree-vectorize,1320.067900,fcb58a627e9d9740,passed
adaptive-simd_off-t8-dynamicx16-r5-control_half_noise_6000x6000.png,2026-09-20T03:00:57Z,control_half_noise_6000x6000.png,6000,6000,Adaptive_Median,5,8,dynamic,16,off,yes,unset,unset,hype2,12.2.0,-O3 -Wall -Wextra -std=c++17 -fopenmp -ffp-contract=off -DOMP_EXPLICIT_SIMD=0 -fno-tree-vectorize,1354.642183,9d92a48896bfc25a,passed
adaptive-simd_off-t8-dynamicx16-r5-control_bands_256_6000x6000.png,2026-09-20T03:01:00Z,control_bands_256_6000x6000.png,6000,6000,Adaptive_Median,5,8,dynamic,16,off,yes,unset,unset,hype2,12.2.0,-O3 -Wall -Wextra -std=c++17 -fopenmp -ffp-contract=off -DOMP_EXPLICIT_SIMD=0 -fno-tree-vectorize,1364.557169,8f9bc97f03d5aae1,passed
adaptive-simd_off-avx2-t8-dynamicx16-r5-sky.jpg,2026-09-20T03:01:03Z,sky.jpg,6936,9248,Adaptive_Median,5,8,dynamic,16,off-avx2,yes,unset,unset,hype2,12.2.0,-O3 -Wall -Wextra -std=c++17 -fopenmp -ffp-contract=off -DOMP_EXPLICIT_SIMD=0 -fno-tree-vectorize -march=haswell,2507.867930,1e7ae9152e9643d5,passed
adaptive-simd_off-avx2-t8-dynamicx16-r5-stars.jpg,2026-09-20T03:01:09Z,stars.jpg,12960,8640,Adaptive_Median,5,8,dynamic,16,off-avx2,yes,unset,unset,hype2,12.2.0,-O3 -Wall -Wextra -std=c++17 -fopenmp -ffp-contract=off -DOMP_EXPLICIT_SIMD=0 -fno-tree-vectorize -march=haswell,3983.928504,626f977055f1c658,passed
adaptive-simd_off-avx2-t8-dynamicx16-r5-rain_paisage.jpg,2026-09-20T03:01:20Z,rain_paisage.jpg,12288,16320,Adaptive_Median,5,8,dynamic,16,off-avx2,yes,unset,unset,hype2,12.2.0,-O3 -Wall -Wextra -std=c++17 -fopenmp -ffp-contract=off -DOMP_EXPLICIT_SIMD=0 -fno-tree-vectorize -march=haswell,7498.471792,d0fdcd4b2e74abf3,passed
adaptive-simd_off-avx2-t8-dynamicx16-r5-firework.jpg,2026-09-20T03:01:30Z,firework.jpg,11125,16688,Adaptive_Median,5,8,dynamic,16,off-avx2,yes,unset,unset,hype2,12.2.0,-O3 -Wall -Wextra -std=c++17 -fopenmp -ffp-contract=off -DOMP_EXPLICIT_SIMD=0 -fno-tree-vectorize -march=haswell,7231.281317,cae2b8384ddb6aac,passed
adaptive-simd_off-avx2-t8-dynamicx16-r5-control_smooth_6000x6000.png,2026-09-20T03:01:32Z,control_smooth_6000x6000.png,6000,6000,Adaptive_Median,5,8,dynamic,16,off-avx2,yes,unset,unset,hype2,12.2.0,-O3 -Wall -Wextra -std=c++17 -fopenmp -ffp-contract=off -DOMP_EXPLICIT_SIMD=0 -fno-tree-vectorize -march=haswell,1893.781781,596e3c6929662ab9,passed
adaptive-simd_off-avx2-t8-dynamicx16-r5-control_noise_6000x6000.png,2026-09-20T03:01:34Z,control_noise_6000x6000.png,6000,6000,Adaptive_Median,5,8,dynamic,16,off-avx2,yes,unset,unset,hype2,12.2.0,-O3 -Wall -Wextra -std=c++17 -fopenmp -ffp-contract=off -DOMP_EXPLICIT_SIMD=0 -fno-tree-vectorize -march=haswell,1393.013376,fcb58a627e9d9740,passed
adaptive-simd_off-avx2-t8-dynamicx16-r5-control_half_noise_6000x6000.png,2026-09-20T03:01:37Z,control_half_noise_6000x6000.png,6000,6000,Adaptive_Median,5,8,dynamic,16,off-avx2,yes,unset,unset,hype2,12.2.0,-O3 -Wall -Wextra -std=c++17 -fopenmp -ffp-contract=off -DOMP_EXPLICIT_SIMD=0 -fno-tree-vectorize -march=haswell,1405.930042,9d92a48896bfc25a,passed
adaptive-simd_off-avx2-t8-dynamicx16-r5-control_bands_256_6000x6000.png,2026-09-20T03:01:39Z,control_bands_256_6000x6000.png,6000,6000,Adaptive_Median,5,8,dynamic,16,off-avx2,yes,unset,unset,hype2,12.2.0,-O3 -Wall -Wextra -std=c++17 -fopenmp -ffp-contract=off -DOMP_EXPLICIT_SIMD=0 -fno-tree-vectorize -march=haswell,1412.703943,8f9bc97f03d5aae1,passed
adaptive-simd_omp-t8-dynamicx16-r5-sky.jpg,2026-09-20T03:01:42Z,sky.jpg,6936,9248,Adaptive_Median,5,8,dynamic,16,omp,yes,unset,unset,hype2,12.2.0,-O3 -Wall -Wextra -std=c++17 -fopenmp -ffp-contract=off -DOMP_EXPLICIT_SIMD=1,2485.030323,1e7ae9152e9643d5,passed
adaptive-simd_omp-t8-dynamicx16-r5-stars.jpg,2026-09-20T03:01:48Z,stars.jpg,12960,8640,Adaptive_Median,5,8,dynamic,16,omp,yes,unset,unset,hype2,12.2.0,-O3 -Wall -Wextra -std=c++17 -fopenmp -ffp-contract=off -DOMP_EXPLICIT_SIMD=1,3901.230728,626f977055f1c658,passed
adaptive-simd_omp-t8-dynamicx16-r5-rain_paisage.jpg,2026-09-20T03:01:59Z,rain_paisage.jpg,12288,16320,Adaptive_Median,5,8,dynamic,16,omp,yes,unset,unset,hype2,12.2.0,-O3 -Wall -Wextra -std=c++17 -fopenmp -ffp-contract=off -DOMP_EXPLICIT_SIMD=1,7327.991892,d0fdcd4b2e74abf3,passed
adaptive-simd_omp-t8-dynamicx16-r5-firework.jpg,2026-09-20T03:02:09Z,firework.jpg,11125,16688,Adaptive_Median,5,8,dynamic,16,omp,yes,unset,unset,hype2,12.2.0,-O3 -Wall -Wextra -std=c++17 -fopenmp -ffp-contract=off -DOMP_EXPLICIT_SIMD=1,7079.609631,cae2b8384ddb6aac,passed
adaptive-simd_omp-t8-dynamicx16-r5-control_smooth_6000x6000.png,2026-09-20T03:02:11Z,control_smooth_6000x6000.png,6000,6000,Adaptive_Median,5,8,dynamic,16,omp,yes,unset,unset,hype2,12.2.0,-O3 -Wall -Wextra -std=c++17 -fopenmp -ffp-contract=off -DOMP_EXPLICIT_SIMD=1,1877.431318,596e3c6929662ab9,passed
adaptive-simd_omp-t8-dynamicx16-r5-control_noise_6000x6000.png,2026-09-20T03:02:13Z,control_noise_6000x6000.png,6000,6000,Adaptive_Median,5,8,dynamic,16,omp,yes,unset,unset,hype2,12.2.0,-O3 -Wall -Wextra -std=c++17 -fopenmp -ffp-contract=off -DOMP_EXPLICIT_SIMD=1,1357.096939,fcb58a627e9d9740,passed
adaptive-simd_omp-t8-dynamicx16-r5-control_half_noise_6000x6000.png,2026-09-20T03:02:15Z,control_half_noise_6000x6000.png,6000,6000,Adaptive_Median,5,8,dynamic,16,omp,yes,unset,unset,hype2,12.2.0,-O3 -Wall -Wextra -std=c++17 -fopenmp -ffp-contract=off -DOMP_EXPLICIT_SIMD=1,1397.963559,9d92a48896bfc25a,passed
adaptive-simd_omp-t8-dynamicx16-r5-control_bands_256_6000x6000.png,2026-09-20T03:02:17Z,control_bands_256_6000x6000.png,6000,6000,Adaptive_Median,5,8,dynamic,16,omp,yes,unset,unset,hype2,12.2.0,-O3 -Wall -Wextra -std=c++17 -fopenmp -ffp-contract=off -DOMP_EXPLICIT_SIMD=1,1391.596109,8f9bc97f03d5aae1,passed
adaptive-simd_omp-avx2-t8-dynamicx16-r5-sky.jpg,2026-09-20T03:02:21Z,sky.jpg,6936,9248,Adaptive_Median,5,8,dynamic,16,omp-avx2,yes,unset,unset,hype2,12.2.0,-O3 -Wall -Wextra -std=c++17 -fopenmp -ffp-contract=off -DOMP_EXPLICIT_SIMD=1 -march=haswell,2558.306874,1e7ae9152e9643d5,passed
adaptive-simd_omp-avx2-t8-dynamicx16-r5-stars.jpg,2026-09-20T03:02:27Z,stars.jpg,12960,8640,Adaptive_Median,5,8,dynamic,16,omp-avx2,yes,unset,unset,hype2,12.2.0,-O3 -Wall -Wextra -std=c++17 -fopenmp -ffp-contract=off -DOMP_EXPLICIT_SIMD=1 -march=haswell,4070.871959,626f977055f1c658,passed
adaptive-simd_omp-avx2-t8-dynamicx16-r5-rain_paisage.jpg,2026-09-20T03:02:38Z,rain_paisage.jpg,12288,16320,Adaptive_Median,5,8,dynamic,16,omp-avx2,yes,unset,unset,hype2,12.2.0,-O3 -Wall -Wextra -std=c++17 -fopenmp -ffp-contract=off -DOMP_EXPLICIT_SIMD=1 -march=haswell,7579.781813,d0fdcd4b2e74abf3,passed
adaptive-simd_omp-avx2-t8-dynamicx16-r5-firework.jpg,2026-09-20T03:02:48Z,firework.jpg,11125,16688,Adaptive_Median,5,8,dynamic,16,omp-avx2,yes,unset,unset,hype2,12.2.0,-O3 -Wall -Wextra -std=c++17 -fopenmp -ffp-contract=off -DOMP_EXPLICIT_SIMD=1 -march=haswell,7376.518018,cae2b8384ddb6aac,passed
adaptive-simd_omp-avx2-t8-dynamicx16-r5-control_smooth_6000x6000.png,2026-09-20T03:02:50Z,control_smooth_6000x6000.png,6000,6000,Adaptive_Median,5,8,dynamic,16,omp-avx2,yes,unset,unset,hype2,12.2.0,-O3 -Wall -Wextra -std=c++17 -fopenmp -ffp-contract=off -DOMP_EXPLICIT_SIMD=1 -march=haswell,1926.157045,596e3c6929662ab9,passed
adaptive-simd_omp-avx2-t8-dynamicx16-r5-control_noise_6000x6000.png,2026-09-20T03:02:52Z,control_noise_6000x6000.png,6000,6000,Adaptive_Median,5,8,dynamic,16,omp-avx2,yes,unset,unset,hype2,12.2.0,-O3 -Wall -Wextra -std=c++17 -fopenmp -ffp-contract=off -DOMP_EXPLICIT_SIMD=1 -march=haswell,1417.274569,fcb58a627e9d9740,passed
adaptive-simd_omp-avx2-t8-dynamicx16-r5-control_half_noise_6000x6000.png,2026-09-20T03:02:55Z,control_half_noise_6000x6000.png,6000,6000,Adaptive_Median,5,8,dynamic,16,omp-avx2,yes,unset,unset,hype2,12.2.0,-O3 -Wall -Wextra -std=c++17 -fopenmp -ffp-contract=off -DOMP_EXPLICIT_SIMD=1 -march=haswell,1430.886473,9d92a48896bfc25a,passed
adaptive-simd_omp-avx2-t8-dynamicx16-r5-control_bands_256_6000x6000.png,2026-09-20T03:02:57Z,control_bands_256_6000x6000.png,6000,6000,Adaptive_Median,5,8,dynamic,16,omp-avx2,yes,unset,unset,hype2,12.2.0,-O3 -Wall -Wextra -std=c++17 -fopenmp -ffp-contract=off -DOMP_EXPLICIT_SIMD=1 -march=haswell,1439.022749,8f9bc97f03d5aae1,passed
adaptive-simd_off-t8-static-r5-sky.jpg,2026-09-20T03:03:00Z,sky.jpg,6936,9248,Adaptive_Median,5,8,static,,off,yes,unset,unset,hype2,12.2.0,-O3 -Wall -Wextra -std=c++17 -fopenmp -ffp-contract=off -DOMP_EXPLICIT_SIMD=0 -fno-tree-vectorize,2557.287683,1e7ae9152e9643d5,passed
adaptive-simd_off-t8-static-r5-stars.jpg,2026-09-20T03:03:07Z,stars.jpg,12960,8640,Adaptive_Median,5,8,static,,off,yes,unset,unset,hype2,12.2.0,-O3 -Wall -Wextra -std=c++17 -fopenmp -ffp-contract=off -DOMP_EXPLICIT_SIMD=0 -fno-tree-vectorize,4053.448029,626f977055f1c658,passed
adaptive-simd_off-t8-static-r5-rain_paisage.jpg,2026-09-20T03:03:19Z,rain_paisage.jpg,12288,16320,Adaptive_Median,5,8,static,,off,yes,unset,unset,hype2,12.2.0,-O3 -Wall -Wextra -std=c++17 -fopenmp -ffp-contract=off -DOMP_EXPLICIT_SIMD=0 -fno-tree-vectorize,9452.157396,d0fdcd4b2e74abf3,passed
adaptive-simd_off-t8-static-r5-firework.jpg,2026-09-20T03:03:31Z,firework.jpg,11125,16688,Adaptive_Median,5,8,static,,off,yes,unset,unset,hype2,12.2.0,-O3 -Wall -Wextra -std=c++17 -fopenmp -ffp-contract=off -DOMP_EXPLICIT_SIMD=0 -fno-tree-vectorize,8910.981443,cae2b8384ddb6aac,passed
adaptive-simd_off-t8-static-r5-control_smooth_6000x6000.png,2026-09-20T03:03:33Z,control_smooth_6000x6000.png,6000,6000,Adaptive_Median,5,8,static,,off,yes,unset,unset,hype2,12.2.0,-O3 -Wall -Wextra -std=c++17 -fopenmp -ffp-contract=off -DOMP_EXPLICIT_SIMD=0 -fno-tree-vectorize,1839.330079,596e3c6929662ab9,passed
adaptive-simd_off-t8-static-r5-control_noise_6000x6000.png,2026-09-20T03:03:35Z,control_noise_6000x6000.png,6000,6000,Adaptive_Median,5,8,static,,off,yes,unset,unset,hype2,12.2.0,-O3 -Wall -Wextra -std=c++17 -fopenmp -ffp-contract=off -DOMP_EXPLICIT_SIMD=0 -fno-tree-vectorize,1323.117964,fcb58a627e9d9740,passed
adaptive-simd_off-t8-static-r5-control_half_noise_6000x6000.png,2026-09-20T03:03:38Z,control_half_noise_6000x6000.png,6000,6000,Adaptive_Median,5,8,static,,off,yes,unset,unset,hype2,12.2.0,-O3 -Wall -Wextra -std=c++17 -fopenmp -ffp-contract=off -DOMP_EXPLICIT_SIMD=0 -fno-tree-vectorize,1751.291044,9d92a48896bfc25a,passed
adaptive-simd_off-t8-static-r5-control_bands_256_6000x6000.png,2026-09-20T03:03:40Z,control_bands_256_6000x6000.png,6000,6000,Adaptive_Median,5,8,static,,off,yes,unset,unset,hype2,12.2.0,-O3 -Wall -Wextra -std=c++17 -fopenmp -ffp-contract=off -DOMP_EXPLICIT_SIMD=0 -fno-tree-vectorize,1478.847549,8f9bc97f03d5aae1,passed
adaptive-simd_off-avx2-t8-static-r5-sky.jpg,2026-09-20T03:03:44Z,sky.jpg,6936,9248,Adaptive_Median,5,8,static,,off-avx2,yes,unset,unset,hype2,12.2.0,-O3 -Wall -Wextra -std=c++17 -fopenmp -ffp-contract=off -DOMP_EXPLICIT_SIMD=0 -fno-tree-vectorize -march=haswell,2655.195028,1e7ae9152e9643d5,passed
adaptive-simd_off-avx2-t8-static-r5-stars.jpg,2026-09-20T03:03:50Z,stars.jpg,12960,8640,Adaptive_Median,5,8,static,,off-avx2,yes,unset,unset,hype2,12.2.0,-O3 -Wall -Wextra -std=c++17 -fopenmp -ffp-contract=off -DOMP_EXPLICIT_SIMD=0 -fno-tree-vectorize -march=haswell,4231.775801,626f977055f1c658,passed
adaptive-simd_off-avx2-t8-static-r5-rain_paisage.jpg,2026-09-20T03:04:03Z,rain_paisage.jpg,12288,16320,Adaptive_Median,5,8,static,,off-avx2,yes,unset,unset,hype2,12.2.0,-O3 -Wall -Wextra -std=c++17 -fopenmp -ffp-contract=off -DOMP_EXPLICIT_SIMD=0 -fno-tree-vectorize -march=haswell,9761.177658,d0fdcd4b2e74abf3,passed
adaptive-simd_off-avx2-t8-static-r5-firework.jpg,2026-09-20T03:04:15Z,firework.jpg,11125,16688,Adaptive_Median,5,8,static,,off-avx2,yes,unset,unset,hype2,12.2.0,-O3 -Wall -Wextra -std=c++17 -fopenmp -ffp-contract=off -DOMP_EXPLICIT_SIMD=0 -fno-tree-vectorize -march=haswell,9271.923224,cae2b8384ddb6aac,passed
adaptive-simd_off-avx2-t8-static-r5-control_smooth_6000x6000.png,2026-09-20T03:04:18Z,control_smooth_6000x6000.png,6000,6000,Adaptive_Median,5,8,static,,off-avx2,yes,unset,unset,hype2,12.2.0,-O3 -Wall -Wextra -std=c++17 -fopenmp -ffp-contract=off -DOMP_EXPLICIT_SIMD=0 -fno-tree-vectorize -march=haswell,1893.751639,596e3c6929662ab9,passed
adaptive-simd_off-avx2-t8-static-r5-control_noise_6000x6000.png,2026-09-20T03:04:20Z,control_noise_6000x6000.png,6000,6000,Adaptive_Median,5,8,static,,off-avx2,yes,unset,unset,hype2,12.2.0,-O3 -Wall -Wextra -std=c++17 -fopenmp -ffp-contract=off -DOMP_EXPLICIT_SIMD=0 -fno-tree-vectorize -march=haswell,1384.692668,fcb58a627e9d9740,passed
adaptive-simd_off-avx2-t8-static-r5-control_half_noise_6000x6000.png,2026-09-20T03:04:22Z,control_half_noise_6000x6000.png,6000,6000,Adaptive_Median,5,8,static,,off-avx2,yes,unset,unset,hype2,12.2.0,-O3 -Wall -Wextra -std=c++17 -fopenmp -ffp-contract=off -DOMP_EXPLICIT_SIMD=0 -fno-tree-vectorize -march=haswell,1808.987089,9d92a48896bfc25a,passed
adaptive-simd_off-avx2-t8-static-r5-control_bands_256_6000x6000.png,2026-09-20T03:04:24Z,control_bands_256_6000x6000.png,6000,6000,Adaptive_Median,5,8,static,,off-avx2,yes,unset,unset,hype2,12.2.0,-O3 -Wall -Wextra -std=c++17 -fopenmp -ffp-contract=off -DOMP_EXPLICIT_SIMD=0 -fno-tree-vectorize -march=haswell,1531.192296,8f9bc97f03d5aae1,passed
adaptive-simd_omp-t8-static-r5-sky.jpg,2026-09-20T03:04:28Z,sky.jpg,6936,9248,Adaptive_Median,5,8,static,,omp,yes,unset,unset,hype2,12.2.0,-O3 -Wall -Wextra -std=c++17 -fopenmp -ffp-contract=off -DOMP_EXPLICIT_SIMD=1,2595.244082,1e7ae9152e9643d5,passed
adaptive-simd_omp-t8-static-r5-stars.jpg,2026-09-20T03:04:34Z,stars.jpg,12960,8640,Adaptive_Median,5,8,static,,omp,yes,unset,unset,hype2,12.2.0,-O3 -Wall -Wextra -std=c++17 -fopenmp -ffp-contract=off -DOMP_EXPLICIT_SIMD=1,4171.671195,626f977055f1c658,passed
adaptive-simd_omp-t8-static-r5-rain_paisage.jpg,2026-09-20T03:04:47Z,rain_paisage.jpg,12288,16320,Adaptive_Median,5,8,static,,omp,yes,unset,unset,hype2,12.2.0,-O3 -Wall -Wextra -std=c++17 -fopenmp -ffp-contract=off -DOMP_EXPLICIT_SIMD=1,9680.587782,d0fdcd4b2e74abf3,passed
adaptive-simd_omp-t8-static-r5-firework.jpg,2026-09-20T03:04:59Z,firework.jpg,11125,16688,Adaptive_Median,5,8,static,,omp,yes,unset,unset,hype2,12.2.0,-O3 -Wall -Wextra -std=c++17 -fopenmp -ffp-contract=off -DOMP_EXPLICIT_SIMD=1,9084.628902,cae2b8384ddb6aac,passed
adaptive-simd_omp-t8-static-r5-control_smooth_6000x6000.png,2026-09-20T03:05:02Z,control_smooth_6000x6000.png,6000,6000,Adaptive_Median,5,8,static,,omp,yes,unset,unset,hype2,12.2.0,-O3 -Wall -Wextra -std=c++17 -fopenmp -ffp-contract=off -DOMP_EXPLICIT_SIMD=1,1884.096872,596e3c6929662ab9,passed
adaptive-simd_omp-t8-static-r5-control_noise_6000x6000.png,2026-09-20T03:05:03Z,control_noise_6000x6000.png,6000,6000,Adaptive_Median,5,8,static,,omp,yes,unset,unset,hype2,12.2.0,-O3 -Wall -Wextra -std=c++17 -fopenmp -ffp-contract=off -DOMP_EXPLICIT_SIMD=1,1344.541043,fcb58a627e9d9740,passed
adaptive-simd_omp-t8-static-r5-control_half_noise_6000x6000.png,2026-09-20T03:05:06Z,control_half_noise_6000x6000.png,6000,6000,Adaptive_Median,5,8,static,,omp,yes,unset,unset,hype2,12.2.0,-O3 -Wall -Wextra -std=c++17 -fopenmp -ffp-contract=off -DOMP_EXPLICIT_SIMD=1,1785.502374,9d92a48896bfc25a,passed
adaptive-simd_omp-t8-static-r5-control_bands_256_6000x6000.png,2026-09-20T03:05:08Z,control_bands_256_6000x6000.png,6000,6000,Adaptive_Median,5,8,static,,omp,yes,unset,unset,hype2,12.2.0,-O3 -Wall -Wextra -std=c++17 -fopenmp -ffp-contract=off -DOMP_EXPLICIT_SIMD=1,1518.156420,8f9bc97f03d5aae1,passed
adaptive-simd_omp-avx2-t8-static-r5-sky.jpg,2026-09-20T03:05:12Z,sky.jpg,6936,9248,Adaptive_Median,5,8,static,,omp-avx2,yes,unset,unset,hype2,12.2.0,-O3 -Wall -Wextra -std=c++17 -fopenmp -ffp-contract=off -DOMP_EXPLICIT_SIMD=1 -march=haswell,2700.972505,1e7ae9152e9643d5,passed
adaptive-simd_omp-avx2-t8-static-r5-stars.jpg,2026-09-20T03:05:18Z,stars.jpg,12960,8640,Adaptive_Median,5,8,static,,omp-avx2,yes,unset,unset,hype2,12.2.0,-O3 -Wall -Wextra -std=c++17 -fopenmp -ffp-contract=off -DOMP_EXPLICIT_SIMD=1 -march=haswell,4335.063768,626f977055f1c658,passed
adaptive-simd_omp-avx2-t8-static-r5-rain_paisage.jpg,2026-09-20T03:05:32Z,rain_paisage.jpg,12288,16320,Adaptive_Median,5,8,static,,omp-avx2,yes,unset,unset,hype2,12.2.0,-O3 -Wall -Wextra -std=c++17 -fopenmp -ffp-contract=off -DOMP_EXPLICIT_SIMD=1 -march=haswell,9910.273252,d0fdcd4b2e74abf3,passed
adaptive-simd_omp-avx2-t8-static-r5-firework.jpg,2026-09-20T03:05:44Z,firework.jpg,11125,16688,Adaptive_Median,5,8,static,,omp-avx2,yes,unset,unset,hype2,12.2.0,-O3 -Wall -Wextra -std=c++17 -fopenmp -ffp-contract=off -DOMP_EXPLICIT_SIMD=1 -march=haswell,9385.896909,cae2b8384ddb6aac,passed
adaptive-simd_omp-avx2-t8-static-r5-control_smooth_6000x6000.png,2026-09-20T03:05:46Z,control_smooth_6000x6000.png,6000,6000,Adaptive_Median,5,8,static,,omp-avx2,yes,unset,unset,hype2,12.2.0,-O3 -Wall -Wextra -std=c++17 -fopenmp -ffp-contract=off -DOMP_EXPLICIT_SIMD=1 -march=haswell,1909.684568,596e3c6929662ab9,passed
adaptive-simd_omp-avx2-t8-static-r5-control_noise_6000x6000.png,2026-09-20T03:05:48Z,control_noise_6000x6000.png,6000,6000,Adaptive_Median,5,8,static,,omp-avx2,yes,unset,unset,hype2,12.2.0,-O3 -Wall -Wextra -std=c++17 -fopenmp -ffp-contract=off -DOMP_EXPLICIT_SIMD=1 -march=haswell,1426.615295,fcb58a627e9d9740,passed
adaptive-simd_omp-avx2-t8-static-r5-control_half_noise_6000x6000.png,2026-09-20T03:05:51Z,control_half_noise_6000x6000.png,6000,6000,Adaptive_Median,5,8,static,,omp-avx2,yes,unset,unset,hype2,12.2.0,-O3 -Wall -Wextra -std=c++17 -fopenmp -ffp-contract=off -DOMP_EXPLICIT_SIMD=1 -march=haswell,1855.668606,9d92a48896bfc25a,passed
adaptive-simd_omp-avx2-t8-static-r5-control_bands_256_6000x6000.png,2026-09-20T03:05:53Z,control_bands_256_6000x6000.png,6000,6000,Adaptive_Median,5,8,static,,omp-avx2,yes,unset,unset,hype2,12.2.0,-O3 -Wall -Wextra -std=c++17 -fopenmp -ffp-contract=off -DOMP_EXPLICIT_SIMD=1 -march=haswell,1567.387912,8f9bc97f03d5aae1,passed
adaptive-simd_off-t12-static-r1-sky.jpg,2026-09-20T03:10:18Z,sky.jpg,6936,9248,Adaptive_Median,1,12,static,,off,yes,unset,unset,hype2,12.2.0,-O3 -Wall -Wextra -std=c++17 -fopenmp -ffp-contract=off -DOMP_EXPLICIT_SIMD=0 -fno-tree-vectorize,1779.888824,1e7ae9152e9643d5,passed
adaptive-simd_off-t12-static-r1-stars.jpg,2026-09-20T03:10:23Z,stars.jpg,12960,8640,Adaptive_Median,1,12,static,,off,yes,unset,unset,hype2,12.2.0,-O3 -Wall -Wextra -std=c++17 -fopenmp -ffp-contract=off -DOMP_EXPLICIT_SIMD=0 -fno-tree-vectorize,2846.596197,626f977055f1c658,passed
adaptive-simd_off-t12-static-r1-rain_paisage.jpg,2026-09-20T03:10:33Z,rain_paisage.jpg,12288,16320,Adaptive_Median,1,12,static,,off,yes,unset,unset,hype2,12.2.0,-O3 -Wall -Wextra -std=c++17 -fopenmp -ffp-contract=off -DOMP_EXPLICIT_SIMD=0 -fno-tree-vectorize,6723.118803,d0fdcd4b2e74abf3,passed
adaptive-simd_off-t12-static-r1-firework.jpg,2026-09-20T03:10:42Z,firework.jpg,11125,16688,Adaptive_Median,1,12,static,,off,yes,unset,unset,hype2,12.2.0,-O3 -Wall -Wextra -std=c++17 -fopenmp -ffp-contract=off -DOMP_EXPLICIT_SIMD=0 -fno-tree-vectorize,6229.081888,cae2b8384ddb6aac,passed
adaptive-simd_off-t12-static-r1-control_smooth_6000x6000.png,2026-09-20T03:10:43Z,control_smooth_6000x6000.png,6000,6000,Adaptive_Median,1,12,static,,off,yes,unset,unset,hype2,12.2.0,-O3 -Wall -Wextra -std=c++17 -fopenmp -ffp-contract=off -DOMP_EXPLICIT_SIMD=0 -fno-tree-vectorize,1295.517221,596e3c6929662ab9,passed
adaptive-simd_off-t12-static-r1-control_noise_6000x6000.png,2026-09-20T03:10:45Z,control_noise_6000x6000.png,6000,6000,Adaptive_Median,1,12,static,,off,yes,unset,unset,hype2,12.2.0,-O3 -Wall -Wextra -std=c++17 -fopenmp -ffp-contract=off -DOMP_EXPLICIT_SIMD=0 -fno-tree-vectorize,968.330603,fcb58a627e9d9740,passed
adaptive-simd_off-t12-static-r1-control_half_noise_6000x6000.png,2026-09-20T03:10:47Z,control_half_noise_6000x6000.png,6000,6000,Adaptive_Median,1,12,static,,off,yes,unset,unset,hype2,12.2.0,-O3 -Wall -Wextra -std=c++17 -fopenmp -ffp-contract=off -DOMP_EXPLICIT_SIMD=0 -fno-tree-vectorize,1259.362405,9d92a48896bfc25a,passed
adaptive-simd_off-t12-static-r1-control_bands_256_6000x6000.png,2026-09-20T03:10:49Z,control_bands_256_6000x6000.png,6000,6000,Adaptive_Median,1,12,static,,off,yes,unset,unset,hype2,12.2.0,-O3 -Wall -Wextra -std=c++17 -fopenmp -ffp-contract=off -DOMP_EXPLICIT_SIMD=0 -fno-tree-vectorize,953.338155,8f9bc97f03d5aae1,passed
adaptive-simd_off-avx2-t12-static-r1-sky.jpg,2026-09-20T03:10:52Z,sky.jpg,6936,9248,Adaptive_Median,1,12,static,,off-avx2,yes,unset,unset,hype2,12.2.0,-O3 -Wall -Wextra -std=c++17 -fopenmp -ffp-contract=off -DOMP_EXPLICIT_SIMD=0 -fno-tree-vectorize -march=haswell,1843.931662,1e7ae9152e9643d5,passed
adaptive-simd_off-avx2-t12-static-r1-stars.jpg,2026-09-20T03:10:57Z,stars.jpg,12960,8640,Adaptive_Median,1,12,static,,off-avx2,yes,unset,unset,hype2,12.2.0,-O3 -Wall -Wextra -std=c++17 -fopenmp -ffp-contract=off -DOMP_EXPLICIT_SIMD=0 -fno-tree-vectorize -march=haswell,2976.347559,626f977055f1c658,passed
adaptive-simd_off-avx2-t12-static-r1-rain_paisage.jpg,2026-09-20T03:11:07Z,rain_paisage.jpg,12288,16320,Adaptive_Median,1,12,static,,off-avx2,yes,unset,unset,hype2,12.2.0,-O3 -Wall -Wextra -std=c++17 -fopenmp -ffp-contract=off -DOMP_EXPLICIT_SIMD=0 -fno-tree-vectorize -march=haswell,6940.333362,d0fdcd4b2e74abf3,passed
adaptive-simd_off-avx2-t12-static-r1-firework.jpg,2026-09-20T03:11:16Z,firework.jpg,11125,16688,Adaptive_Median,1,12,static,,off-avx2,yes,unset,unset,hype2,12.2.0,-O3 -Wall -Wextra -std=c++17 -fopenmp -ffp-contract=off -DOMP_EXPLICIT_SIMD=0 -fno-tree-vectorize -march=haswell,6445.623968,cae2b8384ddb6aac,passed
adaptive-simd_off-avx2-t12-static-r1-control_smooth_6000x6000.png,2026-09-20T03:11:18Z,control_smooth_6000x6000.png,6000,6000,Adaptive_Median,1,12,static,,off-avx2,yes,unset,unset,hype2,12.2.0,-O3 -Wall -Wextra -std=c++17 -fopenmp -ffp-contract=off -DOMP_EXPLICIT_SIMD=0 -fno-tree-vectorize -march=haswell,1325.769123,596e3c6929662ab9,passed
adaptive-simd_off-avx2-t12-static-r1-control_noise_6000x6000.png,2026-09-20T03:11:20Z,control_noise_6000x6000.png,6000,6000,Adaptive_Median,1,12,static,,off-avx2,yes,unset,unset,hype2,12.2.0,-O3 -Wall -Wextra -std=c++17 -fopenmp -ffp-contract=off -DOMP_EXPLICIT_SIMD=0 -fno-tree-vectorize -march=haswell,977.879966,fcb58a627e9d9740,passed
adaptive-simd_off-avx2-t12-static-r1-control_half_noise_6000x6000.png,2026-09-20T03:11:22Z,control_half_noise_6000x6000.png,6000,6000,Adaptive_Median,1,12,static,,off-avx2,yes,unset,unset,hype2,12.2.0,-O3 -Wall -Wextra -std=c++17 -fopenmp -ffp-contract=off -DOMP_EXPLICIT_SIMD=0 -fno-tree-vectorize -march=haswell,1286.770875,9d92a48896bfc25a,passed
adaptive-simd_off-avx2-t12-static-r1-control_bands_256_6000x6000.png,2026-09-20T03:11:23Z,control_bands_256_6000x6000.png,6000,6000,Adaptive_Median,1,12,static,,off-avx2,yes,unset,unset,hype2,12.2.0,-O3 -Wall -Wextra -std=c++17 -fopenmp -ffp-contract=off -DOMP_EXPLICIT_SIMD=0 -fno-tree-vectorize -march=haswell,990.062821,8f9bc97f03d5aae1,passed
adaptive-simd_omp-t12-static-r1-sky.jpg,2026-09-20T03:11:26Z,sky.jpg,6936,9248,Adaptive_Median,1,12,static,,omp,yes,unset,unset,hype2,12.2.0,-O3 -Wall -Wextra -std=c++17 -fopenmp -ffp-contract=off -DOMP_EXPLICIT_SIMD=1,1818.748843,1e7ae9152e9643d5,passed
adaptive-simd_omp-t12-static-r1-stars.jpg,2026-09-20T03:11:31Z,stars.jpg,12960,8640,Adaptive_Median,1,12,static,,omp,yes,unset,unset,hype2,12.2.0,-O3 -Wall -Wextra -std=c++17 -fopenmp -ffp-contract=off -DOMP_EXPLICIT_SIMD=1,2925.918382,626f977055f1c658,passed
adaptive-simd_omp-t12-static-r1-rain_paisage.jpg,2026-09-20T03:11:41Z,rain_paisage.jpg,12288,16320,Adaptive_Median,1,12,static,,omp,yes,unset,unset,hype2,12.2.0,-O3 -Wall -Wextra -std=c++17 -fopenmp -ffp-contract=off -DOMP_EXPLICIT_SIMD=1,6809.377957,d0fdcd4b2e74abf3,passed
adaptive-simd_omp-t12-static-r1-firework.jpg,2026-09-20T03:11:51Z,firework.jpg,11125,16688,Adaptive_Median,1,12,static,,omp,yes,unset,unset,hype2,12.2.0,-O3 -Wall -Wextra -std=c++17 -fopenmp -ffp-contract=off -DOMP_EXPLICIT_SIMD=1,6350.815076,cae2b8384ddb6aac,passed
adaptive-simd_omp-t12-static-r1-control_smooth_6000x6000.png,2026-09-20T03:11:52Z,control_smooth_6000x6000.png,6000,6000,Adaptive_Median,1,12,static,,omp,yes,unset,unset,hype2,12.2.0,-O3 -Wall -Wextra -std=c++17 -fopenmp -ffp-contract=off -DOMP_EXPLICIT_SIMD=1,1320.505554,596e3c6929662ab9,passed
adaptive-simd_omp-t12-static-r1-control_noise_6000x6000.png,2026-09-20T03:11:54Z,control_noise_6000x6000.png,6000,6000,Adaptive_Median,1,12,static,,omp,yes,unset,unset,hype2,12.2.0,-O3 -Wall -Wextra -std=c++17 -fopenmp -ffp-contract=off -DOMP_EXPLICIT_SIMD=1,934.622555,fcb58a627e9d9740,passed
adaptive-simd_omp-t12-static-r1-control_half_noise_6000x6000.png,2026-09-20T03:11:56Z,control_half_noise_6000x6000.png,6000,6000,Adaptive_Median,1,12,static,,omp,yes,unset,unset,hype2,12.2.0,-O3 -Wall -Wextra -std=c++17 -fopenmp -ffp-contract=off -DOMP_EXPLICIT_SIMD=1,1272.193714,9d92a48896bfc25a,passed
adaptive-simd_omp-t12-static-r1-control_bands_256_6000x6000.png,2026-09-20T03:11:58Z,control_bands_256_6000x6000.png,6000,6000,Adaptive_Median,1,12,static,,omp,yes,unset,unset,hype2,12.2.0,-O3 -Wall -Wextra -std=c++17 -fopenmp -ffp-contract=off -DOMP_EXPLICIT_SIMD=1,978.829126,8f9bc97f03d5aae1,passed
adaptive-simd_omp-avx2-t12-static-r1-sky.jpg,2026-09-20T03:12:01Z,sky.jpg,6936,9248,Adaptive_Median,1,12,static,,omp-avx2,yes,unset,unset,hype2,12.2.0,-O3 -Wall -Wextra -std=c++17 -fopenmp -ffp-contract=off -DOMP_EXPLICIT_SIMD=1 -march=haswell,1883.241352,1e7ae9152e9643d5,passed
adaptive-simd_omp-avx2-t12-static-r1-stars.jpg,2026-09-20T03:12:06Z,stars.jpg,12960,8640,Adaptive_Median,1,12,static,,omp-avx2,yes,unset,unset,hype2,12.2.0,-O3 -Wall -Wextra -std=c++17 -fopenmp -ffp-contract=off -DOMP_EXPLICIT_SIMD=1 -march=haswell,3037.504470,626f977055f1c658,passed
adaptive-simd_omp-avx2-t12-static-r1-rain_paisage.jpg,2026-09-20T03:12:16Z,rain_paisage.jpg,12288,16320,Adaptive_Median,1,12,static,,omp-avx2,yes,unset,unset,hype2,12.2.0,-O3 -Wall -Wextra -std=c++17 -fopenmp -ffp-contract=off -DOMP_EXPLICIT_SIMD=1 -march=haswell,7051.766996,d0fdcd4b2e74abf3,passed
adaptive-simd_omp-avx2-t12-static-r1-firework.jpg,2026-09-20T03:12:26Z,firework.jpg,11125,16688,Adaptive_Median,1,12,static,,omp-avx2,yes,unset,unset,hype2,12.2.0,-O3 -Wall -Wextra -std=c++17 -fopenmp -ffp-contract=off -DOMP_EXPLICIT_SIMD=1 -march=haswell,6556.923832,cae2b8384ddb6aac,passed
adaptive-simd_omp-avx2-t12-static-r1-control_smooth_6000x6000.png,2026-09-20T03:12:27Z,control_smooth_6000x6000.png,6000,6000,Adaptive_Median,1,12,static,,omp-avx2,yes,unset,unset,hype2,12.2.0,-O3 -Wall -Wextra -std=c++17 -fopenmp -ffp-contract=off -DOMP_EXPLICIT_SIMD=1 -march=haswell,1347.389908,596e3c6929662ab9,passed
adaptive-simd_omp-avx2-t12-static-r1-control_noise_6000x6000.png,2026-09-20T03:12:29Z,control_noise_6000x6000.png,6000,6000,Adaptive_Median,1,12,static,,omp-avx2,yes,unset,unset,hype2,12.2.0,-O3 -Wall -Wextra -std=c++17 -fopenmp -ffp-contract=off -DOMP_EXPLICIT_SIMD=1 -march=haswell,989.996793,fcb58a627e9d9740,passed
adaptive-simd_omp-avx2-t12-static-r1-control_half_noise_6000x6000.png,2026-09-20T03:12:31Z,control_half_noise_6000x6000.png,6000,6000,Adaptive_Median,1,12,static,,omp-avx2,yes,unset,unset,hype2,12.2.0,-O3 -Wall -Wextra -std=c++17 -fopenmp -ffp-contract=off -DOMP_EXPLICIT_SIMD=1 -march=haswell,1348.008207,9d92a48896bfc25a,passed
adaptive-simd_omp-avx2-t12-static-r1-control_bands_256_6000x6000.png,2026-09-20T03:12:33Z,control_bands_256_6000x6000.png,6000,6000,Adaptive_Median,1,12,static,,omp-avx2,yes,unset,unset,hype2,12.2.0,-O3 -Wall -Wextra -std=c++17 -fopenmp -ffp-contract=off -DOMP_EXPLICIT_SIMD=1 -march=haswell,1006.747528,8f9bc97f03d5aae1,passed
adaptive-simd_off-t12-dynamicx16-r1-sky.jpg,2026-09-20T03:12:35Z,sky.jpg,6936,9248,Adaptive_Median,1,12,dynamic,16,off,yes,unset,unset,hype2,12.2.0,-O3 -Wall -Wextra -std=c++17 -fopenmp -ffp-contract=off -DOMP_EXPLICIT_SIMD=0 -fno-tree-vectorize,1699.088684,1e7ae9152e9643d5,passed
adaptive-simd_off-t12-dynamicx16-r1-stars.jpg,2026-09-20T03:12:40Z,stars.jpg,12960,8640,Adaptive_Median,1,12,dynamic,16,off,yes,unset,unset,hype2,12.2.0,-O3 -Wall -Wextra -std=c++17 -fopenmp -ffp-contract=off -DOMP_EXPLICIT_SIMD=0 -fno-tree-vectorize,2653.573837,626f977055f1c658,passed
adaptive-simd_off-t12-dynamicx16-r1-rain_paisage.jpg,2026-09-20T03:12:48Z,rain_paisage.jpg,12288,16320,Adaptive_Median,1,12,dynamic,16,off,yes,unset,unset,hype2,12.2.0,-O3 -Wall -Wextra -std=c++17 -fopenmp -ffp-contract=off -DOMP_EXPLICIT_SIMD=0 -fno-tree-vectorize,5057.890942,d0fdcd4b2e74abf3,passed
adaptive-simd_off-t12-dynamicx16-r1-firework.jpg,2026-09-20T03:12:56Z,firework.jpg,11125,16688,Adaptive_Median,1,12,dynamic,16,off,yes,unset,unset,hype2,12.2.0,-O3 -Wall -Wextra -std=c++17 -fopenmp -ffp-contract=off -DOMP_EXPLICIT_SIMD=0 -fno-tree-vectorize,4886.612231,cae2b8384ddb6aac,passed
adaptive-simd_off-t12-dynamicx16-r1-control_smooth_6000x6000.png,2026-09-20T03:12:58Z,control_smooth_6000x6000.png,6000,6000,Adaptive_Median,1,12,dynamic,16,off,yes,unset,unset,hype2,12.2.0,-O3 -Wall -Wextra -std=c++17 -fopenmp -ffp-contract=off -DOMP_EXPLICIT_SIMD=0 -fno-tree-vectorize,1317.503373,596e3c6929662ab9,passed
adaptive-simd_off-t12-dynamicx16-r1-control_noise_6000x6000.png,2026-09-20T03:12:59Z,control_noise_6000x6000.png,6000,6000,Adaptive_Median,1,12,dynamic,16,off,yes,unset,unset,hype2,12.2.0,-O3 -Wall -Wextra -std=c++17 -fopenmp -ffp-contract=off -DOMP_EXPLICIT_SIMD=0 -fno-tree-vectorize,934.431773,fcb58a627e9d9740,passed
adaptive-simd_off-t12-dynamicx16-r1-control_half_noise_6000x6000.png,2026-09-20T03:13:01Z,control_half_noise_6000x6000.png,6000,6000,Adaptive_Median,1,12,dynamic,16,off,yes,unset,unset,hype2,12.2.0,-O3 -Wall -Wextra -std=c++17 -fopenmp -ffp-contract=off -DOMP_EXPLICIT_SIMD=0 -fno-tree-vectorize,959.795661,9d92a48896bfc25a,passed
adaptive-simd_off-t12-dynamicx16-r1-control_bands_256_6000x6000.png,2026-09-20T03:13:03Z,control_bands_256_6000x6000.png,6000,6000,Adaptive_Median,1,12,dynamic,16,off,yes,unset,unset,hype2,12.2.0,-O3 -Wall -Wextra -std=c++17 -fopenmp -ffp-contract=off -DOMP_EXPLICIT_SIMD=0 -fno-tree-vectorize,968.531367,8f9bc97f03d5aae1,passed
adaptive-simd_off-avx2-t12-dynamicx16-r1-sky.jpg,2026-09-20T03:13:06Z,sky.jpg,6936,9248,Adaptive_Median,1,12,dynamic,16,off-avx2,yes,unset,unset,hype2,12.2.0,-O3 -Wall -Wextra -std=c++17 -fopenmp -ffp-contract=off -DOMP_EXPLICIT_SIMD=0 -fno-tree-vectorize -march=haswell,1767.952458,1e7ae9152e9643d5,passed
adaptive-simd_off-avx2-t12-dynamicx16-r1-stars.jpg,2026-09-20T03:13:11Z,stars.jpg,12960,8640,Adaptive_Median,1,12,dynamic,16,off-avx2,yes,unset,unset,hype2,12.2.0,-O3 -Wall -Wextra -std=c++17 -fopenmp -ffp-contract=off -DOMP_EXPLICIT_SIMD=0 -fno-tree-vectorize -march=haswell,2781.684089,626f977055f1c658,passed
adaptive-simd_off-avx2-t12-dynamicx16-r1-rain_paisage.jpg,2026-09-20T03:13:19Z,rain_paisage.jpg,12288,16320,Adaptive_Median,1,12,dynamic,16,off-avx2,yes,unset,unset,hype2,12.2.0,-O3 -Wall -Wextra -std=c++17 -fopenmp -ffp-contract=off -DOMP_EXPLICIT_SIMD=0 -fno-tree-vectorize -march=haswell,5270.044122,d0fdcd4b2e74abf3,passed
adaptive-simd_off-avx2-t12-dynamicx16-r1-firework.jpg,2026-09-20T03:13:27Z,firework.jpg,11125,16688,Adaptive_Median,1,12,dynamic,16,off-avx2,yes,unset,unset,hype2,12.2.0,-O3 -Wall -Wextra -std=c++17 -fopenmp -ffp-contract=off -DOMP_EXPLICIT_SIMD=0 -fno-tree-vectorize -march=haswell,5090.690737,cae2b8384ddb6aac,passed
adaptive-simd_off-avx2-t12-dynamicx16-r1-control_smooth_6000x6000.png,2026-09-20T03:13:29Z,control_smooth_6000x6000.png,6000,6000,Adaptive_Median,1,12,dynamic,16,off-avx2,yes,unset,unset,hype2,12.2.0,-O3 -Wall -Wextra -std=c++17 -fopenmp -ffp-contract=off -DOMP_EXPLICIT_SIMD=0 -fno-tree-vectorize -march=haswell,1353.280453,596e3c6929662ab9,passed
adaptive-simd_off-avx2-t12-dynamicx16-r1-control_noise_6000x6000.png,2026-09-20T03:13:31Z,control_noise_6000x6000.png,6000,6000,Adaptive_Median,1,12,dynamic,16,off-avx2,yes,unset,unset,hype2,12.2.0,-O3 -Wall -Wextra -std=c++17 -fopenmp -ffp-contract=off -DOMP_EXPLICIT_SIMD=0 -fno-tree-vectorize -march=haswell,984.747107,fcb58a627e9d9740,passed
adaptive-simd_off-avx2-t12-dynamicx16-r1-control_half_noise_6000x6000.png,2026-09-20T03:13:32Z,control_half_noise_6000x6000.png,6000,6000,Adaptive_Median,1,12,dynamic,16,off-avx2,yes,unset,unset,hype2,12.2.0,-O3 -Wall -Wextra -std=c++17 -fopenmp -ffp-contract=off -DOMP_EXPLICIT_SIMD=0 -fno-tree-vectorize -march=haswell,995.384722,9d92a48896bfc25a,passed
adaptive-simd_off-avx2-t12-dynamicx16-r1-control_bands_256_6000x6000.png,2026-09-20T03:13:34Z,control_bands_256_6000x6000.png,6000,6000,Adaptive_Median,1,12,dynamic,16,off-avx2,yes,unset,unset,hype2,12.2.0,-O3 -Wall -Wextra -std=c++17 -fopenmp -ffp-contract=off -DOMP_EXPLICIT_SIMD=0 -fno-tree-vectorize -march=haswell,1005.122351,8f9bc97f03d5aae1,passed
adaptive-simd_omp-t12-dynamicx16-r1-sky.jpg,2026-09-20T03:13:37Z,sky.jpg,6936,9248,Adaptive_Median,1,12,dynamic,16,omp,yes,unset,unset,hype2,12.2.0,-O3 -Wall -Wextra -std=c++17 -fopenmp -ffp-contract=off -DOMP_EXPLICIT_SIMD=1,1741.973785,1e7ae9152e9643d5,passed
adaptive-simd_omp-t12-dynamicx16-r1-stars.jpg,2026-09-20T03:13:42Z,stars.jpg,12960,8640,Adaptive_Median,1,12,dynamic,16,omp,yes,unset,unset,hype2,12.2.0,-O3 -Wall -Wextra -std=c++17 -fopenmp -ffp-contract=off -DOMP_EXPLICIT_SIMD=1,2739.533624,626f977055f1c658,passed
adaptive-simd_omp-t12-dynamicx16-r1-rain_paisage.jpg,2026-09-20T03:13:50Z,rain_paisage.jpg,12288,16320,Adaptive_Median,1,12,dynamic,16,omp,yes,unset,unset,hype2,12.2.0,-O3 -Wall -Wextra -std=c++17 -fopenmp -ffp-contract=off -DOMP_EXPLICIT_SIMD=1,5193.205240,d0fdcd4b2e74abf3,passed
adaptive-simd_omp-t12-dynamicx16-r1-firework.jpg,2026-09-20T03:13:58Z,firework.jpg,11125,16688,Adaptive_Median,1,12,dynamic,16,omp,yes,unset,unset,hype2,12.2.0,-O3 -Wall -Wextra -std=c++17 -fopenmp -ffp-contract=off -DOMP_EXPLICIT_SIMD=1,4989.146506,cae2b8384ddb6aac,passed
adaptive-simd_omp-t12-dynamicx16-r1-control_smooth_6000x6000.png,2026-09-20T03:14:00Z,control_smooth_6000x6000.png,6000,6000,Adaptive_Median,1,12,dynamic,16,omp,yes,unset,unset,hype2,12.2.0,-O3 -Wall -Wextra -std=c++17 -fopenmp -ffp-contract=off -DOMP_EXPLICIT_SIMD=1,1344.577490,596e3c6929662ab9,passed
adaptive-simd_omp-t12-dynamicx16-r1-control_noise_6000x6000.png,2026-09-20T03:14:01Z,control_noise_6000x6000.png,6000,6000,Adaptive_Median,1,12,dynamic,16,omp,yes,unset,unset,hype2,12.2.0,-O3 -Wall -Wextra -std=c++17 -fopenmp -ffp-contract=off -DOMP_EXPLICIT_SIMD=1,954.311122,fcb58a627e9d9740,passed
adaptive-simd_omp-t12-dynamicx16-r1-control_half_noise_6000x6000.png,2026-09-20T03:14:03Z,control_half_noise_6000x6000.png,6000,6000,Adaptive_Median,1,12,dynamic,16,omp,yes,unset,unset,hype2,12.2.0,-O3 -Wall -Wextra -std=c++17 -fopenmp -ffp-contract=off -DOMP_EXPLICIT_SIMD=1,984.556286,9d92a48896bfc25a,passed
adaptive-simd_omp-t12-dynamicx16-r1-control_bands_256_6000x6000.png,2026-09-20T03:14:05Z,control_bands_256_6000x6000.png,6000,6000,Adaptive_Median,1,12,dynamic,16,omp,yes,unset,unset,hype2,12.2.0,-O3 -Wall -Wextra -std=c++17 -fopenmp -ffp-contract=off -DOMP_EXPLICIT_SIMD=1,994.267243,8f9bc97f03d5aae1,passed
adaptive-simd_omp-avx2-t12-dynamicx16-r1-sky.jpg,2026-09-20T03:14:08Z,sky.jpg,6936,9248,Adaptive_Median,1,12,dynamic,16,omp-avx2,yes,unset,unset,hype2,12.2.0,-O3 -Wall -Wextra -std=c++17 -fopenmp -ffp-contract=off -DOMP_EXPLICIT_SIMD=1 -march=haswell,1801.795953,1e7ae9152e9643d5,passed
adaptive-simd_omp-avx2-t12-dynamicx16-r1-stars.jpg,2026-09-20T03:14:13Z,stars.jpg,12960,8640,Adaptive_Median,1,12,dynamic,16,omp-avx2,yes,unset,unset,hype2,12.2.0,-O3 -Wall -Wextra -std=c++17 -fopenmp -ffp-contract=off -DOMP_EXPLICIT_SIMD=1 -march=haswell,2838.638560,626f977055f1c658,passed
adaptive-simd_omp-avx2-t12-dynamicx16-r1-rain_paisage.jpg,2026-09-20T03:14:21Z,rain_paisage.jpg,12288,16320,Adaptive_Median,1,12,dynamic,16,omp-avx2,yes,unset,unset,hype2,12.2.0,-O3 -Wall -Wextra -std=c++17 -fopenmp -ffp-contract=off -DOMP_EXPLICIT_SIMD=1 -march=haswell,5329.842761,d0fdcd4b2e74abf3,passed
adaptive-simd_omp-avx2-t12-dynamicx16-r1-firework.jpg,2026-09-20T03:14:29Z,firework.jpg,11125,16688,Adaptive_Median,1,12,dynamic,16,omp-avx2,yes,unset,unset,hype2,12.2.0,-O3 -Wall -Wextra -std=c++17 -fopenmp -ffp-contract=off -DOMP_EXPLICIT_SIMD=1 -march=haswell,5175.730476,cae2b8384ddb6aac,passed
adaptive-simd_omp-avx2-t12-dynamicx16-r1-control_smooth_6000x6000.png,2026-09-20T03:14:31Z,control_smooth_6000x6000.png,6000,6000,Adaptive_Median,1,12,dynamic,16,omp-avx2,yes,unset,unset,hype2,12.2.0,-O3 -Wall -Wextra -std=c++17 -fopenmp -ffp-contract=off -DOMP_EXPLICIT_SIMD=1 -march=haswell,1369.003879,596e3c6929662ab9,passed
adaptive-simd_omp-avx2-t12-dynamicx16-r1-control_noise_6000x6000.png,2026-09-20T03:14:33Z,control_noise_6000x6000.png,6000,6000,Adaptive_Median,1,12,dynamic,16,omp-avx2,yes,unset,unset,hype2,12.2.0,-O3 -Wall -Wextra -std=c++17 -fopenmp -ffp-contract=off -DOMP_EXPLICIT_SIMD=1 -march=haswell,1008.871791,fcb58a627e9d9740,passed
adaptive-simd_omp-avx2-t12-dynamicx16-r1-control_half_noise_6000x6000.png,2026-09-20T03:14:34Z,control_half_noise_6000x6000.png,6000,6000,Adaptive_Median,1,12,dynamic,16,omp-avx2,yes,unset,unset,hype2,12.2.0,-O3 -Wall -Wextra -std=c++17 -fopenmp -ffp-contract=off -DOMP_EXPLICIT_SIMD=1 -march=haswell,1014.606114,9d92a48896bfc25a,passed
adaptive-simd_omp-avx2-t12-dynamicx16-r1-control_bands_256_6000x6000.png,2026-09-20T03:14:36Z,control_bands_256_6000x6000.png,6000,6000,Adaptive_Median,1,12,dynamic,16,omp-avx2,yes,unset,unset,hype2,12.2.0,-O3 -Wall -Wextra -std=c++17 -fopenmp -ffp-contract=off -DOMP_EXPLICIT_SIMD=1 -march=haswell,1023.983285,8f9bc97f03d5aae1,passed
adaptive-simd_off-avx2-t12-static-r2-sky.jpg,2026-09-20T03:14:39Z,sky.jpg,6936,9248,Adaptive_Median,2,12,static,,off-avx2,yes,unset,unset,hype2,12.2.0,-O3 -Wall -Wextra -std=c++17 -fopenmp -ffp-contract=off -DOMP_EXPLICIT_SIMD=0 -fno-tree-vectorize -march=haswell,1845.004281,1e7ae9152e9643d5,passed
adaptive-simd_off-avx2-t12-static-r2-stars.jpg,2026-09-20T03:14:44Z,stars.jpg,12960,8640,Adaptive_Median,2,12,static,,off-avx2,yes,unset,unset,hype2,12.2.0,-O3 -Wall -Wextra -std=c++17 -fopenmp -ffp-contract=off -DOMP_EXPLICIT_SIMD=0 -fno-tree-vectorize -march=haswell,2977.854900,626f977055f1c658,passed
adaptive-simd_off-avx2-t12-static-r2-rain_paisage.jpg,2026-09-20T03:14:54Z,rain_paisage.jpg,12288,16320,Adaptive_Median,2,12,static,,off-avx2,yes,unset,unset,hype2,12.2.0,-O3 -Wall -Wextra -std=c++17 -fopenmp -ffp-contract=off -DOMP_EXPLICIT_SIMD=0 -fno-tree-vectorize -march=haswell,6945.435355,d0fdcd4b2e74abf3,passed
adaptive-simd_off-avx2-t12-static-r2-firework.jpg,2026-09-20T03:15:04Z,firework.jpg,11125,16688,Adaptive_Median,2,12,static,,off-avx2,yes,unset,unset,hype2,12.2.0,-O3 -Wall -Wextra -std=c++17 -fopenmp -ffp-contract=off -DOMP_EXPLICIT_SIMD=0 -fno-tree-vectorize -march=haswell,6440.468874,cae2b8384ddb6aac,passed
adaptive-simd_off-avx2-t12-static-r2-control_smooth_6000x6000.png,2026-09-20T03:15:05Z,control_smooth_6000x6000.png,6000,6000,Adaptive_Median,2,12,static,,off-avx2,yes,unset,unset,hype2,12.2.0,-O3 -Wall -Wextra -std=c++17 -fopenmp -ffp-contract=off -DOMP_EXPLICIT_SIMD=0 -fno-tree-vectorize -march=haswell,1327.555297,596e3c6929662ab9,passed
adaptive-simd_off-avx2-t12-static-r2-control_noise_6000x6000.png,2026-09-20T03:15:07Z,control_noise_6000x6000.png,6000,6000,Adaptive_Median,2,12,static,,off-avx2,yes,unset,unset,hype2,12.2.0,-O3 -Wall -Wextra -std=c++17 -fopenmp -ffp-contract=off -DOMP_EXPLICIT_SIMD=0 -fno-tree-vectorize -march=haswell,963.690669,fcb58a627e9d9740,passed
adaptive-simd_off-avx2-t12-static-r2-control_half_noise_6000x6000.png,2026-09-20T03:15:09Z,control_half_noise_6000x6000.png,6000,6000,Adaptive_Median,2,12,static,,off-avx2,yes,unset,unset,hype2,12.2.0,-O3 -Wall -Wextra -std=c++17 -fopenmp -ffp-contract=off -DOMP_EXPLICIT_SIMD=0 -fno-tree-vectorize -march=haswell,1291.847727,9d92a48896bfc25a,passed
adaptive-simd_off-avx2-t12-static-r2-control_bands_256_6000x6000.png,2026-09-20T03:15:11Z,control_bands_256_6000x6000.png,6000,6000,Adaptive_Median,2,12,static,,off-avx2,yes,unset,unset,hype2,12.2.0,-O3 -Wall -Wextra -std=c++17 -fopenmp -ffp-contract=off -DOMP_EXPLICIT_SIMD=0 -fno-tree-vectorize -march=haswell,990.362389,8f9bc97f03d5aae1,passed
adaptive-simd_omp-t12-static-r2-sky.jpg,2026-09-20T03:15:14Z,sky.jpg,6936,9248,Adaptive_Median,2,12,static,,omp,yes,unset,unset,hype2,12.2.0,-O3 -Wall -Wextra -std=c++17 -fopenmp -ffp-contract=off -DOMP_EXPLICIT_SIMD=1,1819.530979,1e7ae9152e9643d5,passed
adaptive-simd_omp-t12-static-r2-stars.jpg,2026-09-20T03:15:19Z,stars.jpg,12960,8640,Adaptive_Median,2,12,static,,omp,yes,unset,unset,hype2,12.2.0,-O3 -Wall -Wextra -std=c++17 -fopenmp -ffp-contract=off -DOMP_EXPLICIT_SIMD=1,2920.880742,626f977055f1c658,passed
adaptive-simd_omp-t12-static-r2-rain_paisage.jpg,2026-09-20T03:15:29Z,rain_paisage.jpg,12288,16320,Adaptive_Median,2,12,static,,omp,yes,unset,unset,hype2,12.2.0,-O3 -Wall -Wextra -std=c++17 -fopenmp -ffp-contract=off -DOMP_EXPLICIT_SIMD=1,6841.446153,d0fdcd4b2e74abf3,passed
adaptive-simd_omp-t12-static-r2-firework.jpg,2026-09-20T03:15:38Z,firework.jpg,11125,16688,Adaptive_Median,2,12,static,,omp,yes,unset,unset,hype2,12.2.0,-O3 -Wall -Wextra -std=c++17 -fopenmp -ffp-contract=off -DOMP_EXPLICIT_SIMD=1,6343.373259,cae2b8384ddb6aac,passed
adaptive-simd_omp-t12-static-r2-control_smooth_6000x6000.png,2026-09-20T03:15:40Z,control_smooth_6000x6000.png,6000,6000,Adaptive_Median,2,12,static,,omp,yes,unset,unset,hype2,12.2.0,-O3 -Wall -Wextra -std=c++17 -fopenmp -ffp-contract=off -DOMP_EXPLICIT_SIMD=1,1360.655064,596e3c6929662ab9,passed
adaptive-simd_omp-t12-static-r2-control_noise_6000x6000.png,2026-09-20T03:15:41Z,control_noise_6000x6000.png,6000,6000,Adaptive_Median,2,12,static,,omp,yes,unset,unset,hype2,12.2.0,-O3 -Wall -Wextra -std=c++17 -fopenmp -ffp-contract=off -DOMP_EXPLICIT_SIMD=1,935.788319,fcb58a627e9d9740,passed
adaptive-simd_omp-t12-static-r2-control_half_noise_6000x6000.png,2026-09-20T03:15:43Z,control_half_noise_6000x6000.png,6000,6000,Adaptive_Median,2,12,static,,omp,yes,unset,unset,hype2,12.2.0,-O3 -Wall -Wextra -std=c++17 -fopenmp -ffp-contract=off -DOMP_EXPLICIT_SIMD=1,1275.847428,9d92a48896bfc25a,passed
adaptive-simd_omp-t12-static-r2-control_bands_256_6000x6000.png,2026-09-20T03:15:45Z,control_bands_256_6000x6000.png,6000,6000,Adaptive_Median,2,12,static,,omp,yes,unset,unset,hype2,12.2.0,-O3 -Wall -Wextra -std=c++17 -fopenmp -ffp-contract=off -DOMP_EXPLICIT_SIMD=1,981.552072,8f9bc97f03d5aae1,passed
adaptive-simd_omp-avx2-t12-static-r2-sky.jpg,2026-09-20T03:15:48Z,sky.jpg,6936,9248,Adaptive_Median,2,12,static,,omp-avx2,yes,unset,unset,hype2,12.2.0,-O3 -Wall -Wextra -std=c++17 -fopenmp -ffp-contract=off -DOMP_EXPLICIT_SIMD=1 -march=haswell,1879.450398,1e7ae9152e9643d5,passed
adaptive-simd_omp-avx2-t12-static-r2-stars.jpg,2026-09-20T03:15:53Z,stars.jpg,12960,8640,Adaptive_Median,2,12,static,,omp-avx2,yes,unset,unset,hype2,12.2.0,-O3 -Wall -Wextra -std=c++17 -fopenmp -ffp-contract=off -DOMP_EXPLICIT_SIMD=1 -march=haswell,3032.865141,626f977055f1c658,passed
adaptive-simd_omp-avx2-t12-static-r2-rain_paisage.jpg,2026-09-20T03:16:03Z,rain_paisage.jpg,12288,16320,Adaptive_Median,2,12,static,,omp-avx2,yes,unset,unset,hype2,12.2.0,-O3 -Wall -Wextra -std=c++17 -fopenmp -ffp-contract=off -DOMP_EXPLICIT_SIMD=1 -march=haswell,7044.592482,d0fdcd4b2e74abf3,passed
adaptive-simd_omp-avx2-t12-static-r2-firework.jpg,2026-09-20T03:16:13Z,firework.jpg,11125,16688,Adaptive_Median,2,12,static,,omp-avx2,yes,unset,unset,hype2,12.2.0,-O3 -Wall -Wextra -std=c++17 -fopenmp -ffp-contract=off -DOMP_EXPLICIT_SIMD=1 -march=haswell,6578.832659,cae2b8384ddb6aac,passed
adaptive-simd_omp-avx2-t12-static-r2-control_smooth_6000x6000.png,2026-09-20T03:16:15Z,control_smooth_6000x6000.png,6000,6000,Adaptive_Median,2,12,static,,omp-avx2,yes,unset,unset,hype2,12.2.0,-O3 -Wall -Wextra -std=c++17 -fopenmp -ffp-contract=off -DOMP_EXPLICIT_SIMD=1 -march=haswell,1350.849865,596e3c6929662ab9,passed
adaptive-simd_omp-avx2-t12-static-r2-control_noise_6000x6000.png,2026-09-20T03:16:16Z,control_noise_6000x6000.png,6000,6000,Adaptive_Median,2,12,static,,omp-avx2,yes,unset,unset,hype2,12.2.0,-O3 -Wall -Wextra -std=c++17 -fopenmp -ffp-contract=off -DOMP_EXPLICIT_SIMD=1 -march=haswell,987.391463,fcb58a627e9d9740,passed
adaptive-simd_omp-avx2-t12-static-r2-control_half_noise_6000x6000.png,2026-09-20T03:16:18Z,control_half_noise_6000x6000.png,6000,6000,Adaptive_Median,2,12,static,,omp-avx2,yes,unset,unset,hype2,12.2.0,-O3 -Wall -Wextra -std=c++17 -fopenmp -ffp-contract=off -DOMP_EXPLICIT_SIMD=1 -march=haswell,1309.321533,9d92a48896bfc25a,passed
adaptive-simd_omp-avx2-t12-static-r2-control_bands_256_6000x6000.png,2026-09-20T03:16:20Z,control_bands_256_6000x6000.png,6000,6000,Adaptive_Median,2,12,static,,omp-avx2,yes,unset,unset,hype2,12.2.0,-O3 -Wall -Wextra -std=c++17 -fopenmp -ffp-contract=off -DOMP_EXPLICIT_SIMD=1 -march=haswell,1012.606054,8f9bc97f03d5aae1,passed
adaptive-simd_off-t12-dynamicx16-r2-sky.jpg,2026-09-20T03:16:23Z,sky.jpg,6936,9248,Adaptive_Median,2,12,dynamic,16,off,yes,unset,unset,hype2,12.2.0,-O3 -Wall -Wextra -std=c++17 -fopenmp -ffp-contract=off -DOMP_EXPLICIT_SIMD=0 -fno-tree-vectorize,1699.156329,1e7ae9152e9643d5,passed
adaptive-simd_off-t12-dynamicx16-r2-stars.jpg,2026-09-20T03:16:28Z,stars.jpg,12960,8640,Adaptive_Median,2,12,dynamic,16,off,yes,unset,unset,hype2,12.2.0,-O3 -Wall -Wextra -std=c++17 -fopenmp -ffp-contract=off -DOMP_EXPLICIT_SIMD=0 -fno-tree-vectorize,2652.766218,626f977055f1c658,passed
adaptive-simd_off-t12-dynamicx16-r2-rain_paisage.jpg,2026-09-20T03:16:36Z,rain_paisage.jpg,12288,16320,Adaptive_Median,2,12,dynamic,16,off,yes,unset,unset,hype2,12.2.0,-O3 -Wall -Wextra -std=c++17 -fopenmp -ffp-contract=off -DOMP_EXPLICIT_SIMD=0 -fno-tree-vectorize,5059.368246,d0fdcd4b2e74abf3,passed
adaptive-simd_off-t12-dynamicx16-r2-firework.jpg,2026-09-20T03:16:44Z,firework.jpg,11125,16688,Adaptive_Median,2,12,dynamic,16,off,yes,unset,unset,hype2,12.2.0,-O3 -Wall -Wextra -std=c++17 -fopenmp -ffp-contract=off -DOMP_EXPLICIT_SIMD=0 -fno-tree-vectorize,4888.529343,cae2b8384ddb6aac,passed
adaptive-simd_off-t12-dynamicx16-r2-control_smooth_6000x6000.png,2026-09-20T03:16:45Z,control_smooth_6000x6000.png,6000,6000,Adaptive_Median,2,12,dynamic,16,off,yes,unset,unset,hype2,12.2.0,-O3 -Wall -Wextra -std=c++17 -fopenmp -ffp-contract=off -DOMP_EXPLICIT_SIMD=0 -fno-tree-vectorize,1315.820800,596e3c6929662ab9,passed
adaptive-simd_off-t12-dynamicx16-r2-control_noise_6000x6000.png,2026-09-20T03:16:47Z,control_noise_6000x6000.png,6000,6000,Adaptive_Median,2,12,dynamic,16,off,yes,unset,unset,hype2,12.2.0,-O3 -Wall -Wextra -std=c++17 -fopenmp -ffp-contract=off -DOMP_EXPLICIT_SIMD=0 -fno-tree-vectorize,932.438616,fcb58a627e9d9740,passed
adaptive-simd_off-t12-dynamicx16-r2-control_half_noise_6000x6000.png,2026-09-20T03:16:49Z,control_half_noise_6000x6000.png,6000,6000,Adaptive_Median,2,12,dynamic,16,off,yes,unset,unset,hype2,12.2.0,-O3 -Wall -Wextra -std=c++17 -fopenmp -ffp-contract=off -DOMP_EXPLICIT_SIMD=0 -fno-tree-vectorize,958.849347,9d92a48896bfc25a,passed
adaptive-simd_off-t12-dynamicx16-r2-control_bands_256_6000x6000.png,2026-09-20T03:16:50Z,control_bands_256_6000x6000.png,6000,6000,Adaptive_Median,2,12,dynamic,16,off,yes,unset,unset,hype2,12.2.0,-O3 -Wall -Wextra -std=c++17 -fopenmp -ffp-contract=off -DOMP_EXPLICIT_SIMD=0 -fno-tree-vectorize,971.211513,8f9bc97f03d5aae1,passed
adaptive-simd_off-avx2-t12-dynamicx16-r2-sky.jpg,2026-09-20T03:16:53Z,sky.jpg,6936,9248,Adaptive_Median,2,12,dynamic,16,off-avx2,yes,unset,unset,hype2,12.2.0,-O3 -Wall -Wextra -std=c++17 -fopenmp -ffp-contract=off -DOMP_EXPLICIT_SIMD=0 -fno-tree-vectorize -march=haswell,1767.055271,1e7ae9152e9643d5,passed
adaptive-simd_off-avx2-t12-dynamicx16-r2-stars.jpg,2026-09-20T03:16:58Z,stars.jpg,12960,8640,Adaptive_Median,2,12,dynamic,16,off-avx2,yes,unset,unset,hype2,12.2.0,-O3 -Wall -Wextra -std=c++17 -fopenmp -ffp-contract=off -DOMP_EXPLICIT_SIMD=0 -fno-tree-vectorize -march=haswell,2802.238228,626f977055f1c658,passed
adaptive-simd_off-avx2-t12-dynamicx16-r2-rain_paisage.jpg,2026-09-20T03:17:07Z,rain_paisage.jpg,12288,16320,Adaptive_Median,2,12,dynamic,16,off-avx2,yes,unset,unset,hype2,12.2.0,-O3 -Wall -Wextra -std=c++17 -fopenmp -ffp-contract=off -DOMP_EXPLICIT_SIMD=0 -fno-tree-vectorize -march=haswell,5286.925887,d0fdcd4b2e74abf3,passed
adaptive-simd_off-avx2-t12-dynamicx16-r2-firework.jpg,2026-09-20T03:17:15Z,firework.jpg,11125,16688,Adaptive_Median,2,12,dynamic,16,off-avx2,yes,unset,unset,hype2,12.2.0,-O3 -Wall -Wextra -std=c++17 -fopenmp -ffp-contract=off -DOMP_EXPLICIT_SIMD=0 -fno-tree-vectorize -march=haswell,5093.415355,cae2b8384ddb6aac,passed
adaptive-simd_off-avx2-t12-dynamicx16-r2-control_smooth_6000x6000.png,2026-09-20T03:17:17Z,control_smooth_6000x6000.png,6000,6000,Adaptive_Median,2,12,dynamic,16,off-avx2,yes,unset,unset,hype2,12.2.0,-O3 -Wall -Wextra -std=c++17 -fopenmp -ffp-contract=off -DOMP_EXPLICIT_SIMD=0 -fno-tree-vectorize -march=haswell,1351.619548,596e3c6929662ab9,passed
adaptive-simd_off-avx2-t12-dynamicx16-r2-control_noise_6000x6000.png,2026-09-20T03:17:18Z,control_noise_6000x6000.png,6000,6000,Adaptive_Median,2,12,dynamic,16,off-avx2,yes,unset,unset,hype2,12.2.0,-O3 -Wall -Wextra -std=c++17 -fopenmp -ffp-contract=off -DOMP_EXPLICIT_SIMD=0 -fno-tree-vectorize -march=haswell,982.743467,fcb58a627e9d9740,passed
adaptive-simd_off-avx2-t12-dynamicx16-r2-control_half_noise_6000x6000.png,2026-09-20T03:17:20Z,control_half_noise_6000x6000.png,6000,6000,Adaptive_Median,2,12,dynamic,16,off-avx2,yes,unset,unset,hype2,12.2.0,-O3 -Wall -Wextra -std=c++17 -fopenmp -ffp-contract=off -DOMP_EXPLICIT_SIMD=0 -fno-tree-vectorize -march=haswell,996.854334,9d92a48896bfc25a,passed
adaptive-simd_off-avx2-t12-dynamicx16-r2-control_bands_256_6000x6000.png,2026-09-20T03:17:22Z,control_bands_256_6000x6000.png,6000,6000,Adaptive_Median,2,12,dynamic,16,off-avx2,yes,unset,unset,hype2,12.2.0,-O3 -Wall -Wextra -std=c++17 -fopenmp -ffp-contract=off -DOMP_EXPLICIT_SIMD=0 -fno-tree-vectorize -march=haswell,1005.938367,8f9bc97f03d5aae1,passed
adaptive-simd_omp-t12-dynamicx16-r2-sky.jpg,2026-09-20T03:17:24Z,sky.jpg,6936,9248,Adaptive_Median,2,12,dynamic,16,omp,yes,unset,unset,hype2,12.2.0,-O3 -Wall -Wextra -std=c++17 -fopenmp -ffp-contract=off -DOMP_EXPLICIT_SIMD=1,1740.418615,1e7ae9152e9643d5,passed
adaptive-simd_omp-t12-dynamicx16-r2-stars.jpg,2026-09-20T03:17:29Z,stars.jpg,12960,8640,Adaptive_Median,2,12,dynamic,16,omp,yes,unset,unset,hype2,12.2.0,-O3 -Wall -Wextra -std=c++17 -fopenmp -ffp-contract=off -DOMP_EXPLICIT_SIMD=1,2724.918492,626f977055f1c658,passed
adaptive-simd_omp-t12-dynamicx16-r2-rain_paisage.jpg,2026-09-20T03:17:38Z,rain_paisage.jpg,12288,16320,Adaptive_Median,2,12,dynamic,16,omp,yes,unset,unset,hype2,12.2.0,-O3 -Wall -Wextra -std=c++17 -fopenmp -ffp-contract=off -DOMP_EXPLICIT_SIMD=1,5157.614382,d0fdcd4b2e74abf3,passed
adaptive-simd_omp-t12-dynamicx16-r2-firework.jpg,2026-09-20T03:17:46Z,firework.jpg,11125,16688,Adaptive_Median,2,12,dynamic,16,omp,yes,unset,unset,hype2,12.2.0,-O3 -Wall -Wextra -std=c++17 -fopenmp -ffp-contract=off -DOMP_EXPLICIT_SIMD=1,5004.688940,cae2b8384ddb6aac,passed
adaptive-simd_omp-t12-dynamicx16-r2-control_smooth_6000x6000.png,2026-09-20T03:17:47Z,control_smooth_6000x6000.png,6000,6000,Adaptive_Median,2,12,dynamic,16,omp,yes,unset,unset,hype2,12.2.0,-O3 -Wall -Wextra -std=c++17 -fopenmp -ffp-contract=off -DOMP_EXPLICIT_SIMD=1,1344.038633,596e3c6929662ab9,passed
adaptive-simd_omp-t12-dynamicx16-r2-control_noise_6000x6000.png,2026-09-20T03:17:49Z,control_noise_6000x6000.png,6000,6000,Adaptive_Median,2,12,dynamic,16,omp,yes,unset,unset,hype2,12.2.0,-O3 -Wall -Wextra -std=c++17 -fopenmp -ffp-contract=off -DOMP_EXPLICIT_SIMD=1,956.892649,fcb58a627e9d9740,passed
adaptive-simd_omp-t12-dynamicx16-r2-control_half_noise_6000x6000.png,2026-09-20T03:17:51Z,control_half_noise_6000x6000.png,6000,6000,Adaptive_Median,2,12,dynamic,16,omp,yes,unset,unset,hype2,12.2.0,-O3 -Wall -Wextra -std=c++17 -fopenmp -ffp-contract=off -DOMP_EXPLICIT_SIMD=1,990.232197,9d92a48896bfc25a,passed
adaptive-simd_omp-t12-dynamicx16-r2-control_bands_256_6000x6000.png,2026-09-20T03:17:52Z,control_bands_256_6000x6000.png,6000,6000,Adaptive_Median,2,12,dynamic,16,omp,yes,unset,unset,hype2,12.2.0,-O3 -Wall -Wextra -std=c++17 -fopenmp -ffp-contract=off -DOMP_EXPLICIT_SIMD=1,996.116881,8f9bc97f03d5aae1,passed
adaptive-simd_omp-avx2-t12-dynamicx16-r2-sky.jpg,2026-09-20T03:17:55Z,sky.jpg,6936,9248,Adaptive_Median,2,12,dynamic,16,omp-avx2,yes,unset,unset,hype2,12.2.0,-O3 -Wall -Wextra -std=c++17 -fopenmp -ffp-contract=off -DOMP_EXPLICIT_SIMD=1 -march=haswell,1801.864334,1e7ae9152e9643d5,passed
adaptive-simd_omp-avx2-t12-dynamicx16-r2-stars.jpg,2026-09-20T03:18:00Z,stars.jpg,12960,8640,Adaptive_Median,2,12,dynamic,16,omp-avx2,yes,unset,unset,hype2,12.2.0,-O3 -Wall -Wextra -std=c++17 -fopenmp -ffp-contract=off -DOMP_EXPLICIT_SIMD=1 -march=haswell,2853.014762,626f977055f1c658,passed
adaptive-simd_omp-avx2-t12-dynamicx16-r2-rain_paisage.jpg,2026-09-20T03:18:09Z,rain_paisage.jpg,12288,16320,Adaptive_Median,2,12,dynamic,16,omp-avx2,yes,unset,unset,hype2,12.2.0,-O3 -Wall -Wextra -std=c++17 -fopenmp -ffp-contract=off -DOMP_EXPLICIT_SIMD=1 -march=haswell,5330.762229,d0fdcd4b2e74abf3,passed
adaptive-simd_omp-avx2-t12-dynamicx16-r2-firework.jpg,2026-09-20T03:18:17Z,firework.jpg,11125,16688,Adaptive_Median,2,12,dynamic,16,omp-avx2,yes,unset,unset,hype2,12.2.0,-O3 -Wall -Wextra -std=c++17 -fopenmp -ffp-contract=off -DOMP_EXPLICIT_SIMD=1 -march=haswell,5172.828123,cae2b8384ddb6aac,passed
adaptive-simd_omp-avx2-t12-dynamicx16-r2-control_smooth_6000x6000.png,2026-09-20T03:18:19Z,control_smooth_6000x6000.png,6000,6000,Adaptive_Median,2,12,dynamic,16,omp-avx2,yes,unset,unset,hype2,12.2.0,-O3 -Wall -Wextra -std=c++17 -fopenmp -ffp-contract=off -DOMP_EXPLICIT_SIMD=1 -march=haswell,1369.294837,596e3c6929662ab9,passed
adaptive-simd_omp-avx2-t12-dynamicx16-r2-control_noise_6000x6000.png,2026-09-20T03:18:20Z,control_noise_6000x6000.png,6000,6000,Adaptive_Median,2,12,dynamic,16,omp-avx2,yes,unset,unset,hype2,12.2.0,-O3 -Wall -Wextra -std=c++17 -fopenmp -ffp-contract=off -DOMP_EXPLICIT_SIMD=1 -march=haswell,1011.984861,fcb58a627e9d9740,passed
adaptive-simd_omp-avx2-t12-dynamicx16-r2-control_half_noise_6000x6000.png,2026-09-20T03:18:22Z,control_half_noise_6000x6000.png,6000,6000,Adaptive_Median,2,12,dynamic,16,omp-avx2,yes,unset,unset,hype2,12.2.0,-O3 -Wall -Wextra -std=c++17 -fopenmp -ffp-contract=off -DOMP_EXPLICIT_SIMD=1 -march=haswell,1022.584199,9d92a48896bfc25a,passed
adaptive-simd_omp-avx2-t12-dynamicx16-r2-control_bands_256_6000x6000.png,2026-09-20T03:18:24Z,control_bands_256_6000x6000.png,6000,6000,Adaptive_Median,2,12,dynamic,16,omp-avx2,yes,unset,unset,hype2,12.2.0,-O3 -Wall -Wextra -std=c++17 -fopenmp -ffp-contract=off -DOMP_EXPLICIT_SIMD=1 -march=haswell,1025.291332,8f9bc97f03d5aae1,passed
adaptive-simd_off-t12-static-r2-sky.jpg,2026-09-20T03:18:26Z,sky.jpg,6936,9248,Adaptive_Median,2,12,static,,off,yes,unset,unset,hype2,12.2.0,-O3 -Wall -Wextra -std=c++17 -fopenmp -ffp-contract=off -DOMP_EXPLICIT_SIMD=0 -fno-tree-vectorize,1778.644424,1e7ae9152e9643d5,passed
adaptive-simd_off-t12-static-r2-stars.jpg,2026-09-20T03:18:32Z,stars.jpg,12960,8640,Adaptive_Median,2,12,static,,off,yes,unset,unset,hype2,12.2.0,-O3 -Wall -Wextra -std=c++17 -fopenmp -ffp-contract=off -DOMP_EXPLICIT_SIMD=0 -fno-tree-vectorize,2846.600838,626f977055f1c658,passed
adaptive-simd_off-t12-static-r2-rain_paisage.jpg,2026-09-20T03:18:42Z,rain_paisage.jpg,12288,16320,Adaptive_Median,2,12,static,,off,yes,unset,unset,hype2,12.2.0,-O3 -Wall -Wextra -std=c++17 -fopenmp -ffp-contract=off -DOMP_EXPLICIT_SIMD=0 -fno-tree-vectorize,6744.183170,d0fdcd4b2e74abf3,passed
adaptive-simd_off-t12-static-r2-firework.jpg,2026-09-20T03:18:51Z,firework.jpg,11125,16688,Adaptive_Median,2,12,static,,off,yes,unset,unset,hype2,12.2.0,-O3 -Wall -Wextra -std=c++17 -fopenmp -ffp-contract=off -DOMP_EXPLICIT_SIMD=0 -fno-tree-vectorize,6256.248444,cae2b8384ddb6aac,passed
adaptive-simd_off-t12-static-r2-control_smooth_6000x6000.png,2026-09-20T03:18:52Z,control_smooth_6000x6000.png,6000,6000,Adaptive_Median,2,12,static,,off,yes,unset,unset,hype2,12.2.0,-O3 -Wall -Wextra -std=c++17 -fopenmp -ffp-contract=off -DOMP_EXPLICIT_SIMD=0 -fno-tree-vectorize,1292.632165,596e3c6929662ab9,passed
adaptive-simd_off-t12-static-r2-control_noise_6000x6000.png,2026-09-20T03:18:54Z,control_noise_6000x6000.png,6000,6000,Adaptive_Median,2,12,static,,off,yes,unset,unset,hype2,12.2.0,-O3 -Wall -Wextra -std=c++17 -fopenmp -ffp-contract=off -DOMP_EXPLICIT_SIMD=0 -fno-tree-vectorize,915.578188,fcb58a627e9d9740,passed
adaptive-simd_off-t12-static-r2-control_half_noise_6000x6000.png,2026-09-20T03:18:56Z,control_half_noise_6000x6000.png,6000,6000,Adaptive_Median,2,12,static,,off,yes,unset,unset,hype2,12.2.0,-O3 -Wall -Wextra -std=c++17 -fopenmp -ffp-contract=off -DOMP_EXPLICIT_SIMD=0 -fno-tree-vectorize,1248.751925,9d92a48896bfc25a,passed
adaptive-simd_off-t12-static-r2-control_bands_256_6000x6000.png,2026-09-20T03:18:58Z,control_bands_256_6000x6000.png,6000,6000,Adaptive_Median,2,12,static,,off,yes,unset,unset,hype2,12.2.0,-O3 -Wall -Wextra -std=c++17 -fopenmp -ffp-contract=off -DOMP_EXPLICIT_SIMD=0 -fno-tree-vectorize,954.896478,8f9bc97f03d5aae1,passed
adaptive-simd_omp-t12-static-r3-sky.jpg,2026-09-20T03:19:01Z,sky.jpg,6936,9248,Adaptive_Median,3,12,static,,omp,yes,unset,unset,hype2,12.2.0,-O3 -Wall -Wextra -std=c++17 -fopenmp -ffp-contract=off -DOMP_EXPLICIT_SIMD=1,1829.068264,1e7ae9152e9643d5,passed
adaptive-simd_omp-t12-static-r3-stars.jpg,2026-09-20T03:19:06Z,stars.jpg,12960,8640,Adaptive_Median,3,12,static,,omp,yes,unset,unset,hype2,12.2.0,-O3 -Wall -Wextra -std=c++17 -fopenmp -ffp-contract=off -DOMP_EXPLICIT_SIMD=1,2955.388984,626f977055f1c658,passed
adaptive-simd_omp-t12-static-r3-rain_paisage.jpg,2026-09-20T03:19:16Z,rain_paisage.jpg,12288,16320,Adaptive_Median,3,12,static,,omp,yes,unset,unset,hype2,12.2.0,-O3 -Wall -Wextra -std=c++17 -fopenmp -ffp-contract=off -DOMP_EXPLICIT_SIMD=1,6846.840787,d0fdcd4b2e74abf3,passed
adaptive-simd_omp-t12-static-r3-firework.jpg,2026-09-20T03:19:25Z,firework.jpg,11125,16688,Adaptive_Median,3,12,static,,omp,yes,unset,unset,hype2,12.2.0,-O3 -Wall -Wextra -std=c++17 -fopenmp -ffp-contract=off -DOMP_EXPLICIT_SIMD=1,6354.545635,cae2b8384ddb6aac,passed
adaptive-simd_omp-t12-static-r3-control_smooth_6000x6000.png,2026-09-20T03:19:27Z,control_smooth_6000x6000.png,6000,6000,Adaptive_Median,3,12,static,,omp,yes,unset,unset,hype2,12.2.0,-O3 -Wall -Wextra -std=c++17 -fopenmp -ffp-contract=off -DOMP_EXPLICIT_SIMD=1,1318.282875,596e3c6929662ab9,passed
adaptive-simd_omp-t12-static-r3-control_noise_6000x6000.png,2026-09-20T03:19:28Z,control_noise_6000x6000.png,6000,6000,Adaptive_Median,3,12,static,,omp,yes,unset,unset,hype2,12.2.0,-O3 -Wall -Wextra -std=c++17 -fopenmp -ffp-contract=off -DOMP_EXPLICIT_SIMD=1,940.408551,fcb58a627e9d9740,passed
adaptive-simd_omp-t12-static-r3-control_half_noise_6000x6000.png,2026-09-20T03:19:30Z,control_half_noise_6000x6000.png,6000,6000,Adaptive_Median,3,12,static,,omp,yes,unset,unset,hype2,12.2.0,-O3 -Wall -Wextra -std=c++17 -fopenmp -ffp-contract=off -DOMP_EXPLICIT_SIMD=1,1282.681360,9d92a48896bfc25a,passed
adaptive-simd_omp-t12-static-r3-control_bands_256_6000x6000.png,2026-09-20T03:19:32Z,control_bands_256_6000x6000.png,6000,6000,Adaptive_Median,3,12,static,,omp,yes,unset,unset,hype2,12.2.0,-O3 -Wall -Wextra -std=c++17 -fopenmp -ffp-contract=off -DOMP_EXPLICIT_SIMD=1,977.789901,8f9bc97f03d5aae1,passed
adaptive-simd_omp-avx2-t12-static-r3-sky.jpg,2026-09-20T03:19:35Z,sky.jpg,6936,9248,Adaptive_Median,3,12,static,,omp-avx2,yes,unset,unset,hype2,12.2.0,-O3 -Wall -Wextra -std=c++17 -fopenmp -ffp-contract=off -DOMP_EXPLICIT_SIMD=1 -march=haswell,1877.075658,1e7ae9152e9643d5,passed
adaptive-simd_omp-avx2-t12-static-r3-stars.jpg,2026-09-20T03:19:40Z,stars.jpg,12960,8640,Adaptive_Median,3,12,static,,omp-avx2,yes,unset,unset,hype2,12.2.0,-O3 -Wall -Wextra -std=c++17 -fopenmp -ffp-contract=off -DOMP_EXPLICIT_SIMD=1 -march=haswell,3040.996223,626f977055f1c658,passed
adaptive-simd_omp-avx2-t12-static-r3-rain_paisage.jpg,2026-09-20T03:19:50Z,rain_paisage.jpg,12288,16320,Adaptive_Median,3,12,static,,omp-avx2,yes,unset,unset,hype2,12.2.0,-O3 -Wall -Wextra -std=c++17 -fopenmp -ffp-contract=off -DOMP_EXPLICIT_SIMD=1 -march=haswell,7039.894571,d0fdcd4b2e74abf3,passed
adaptive-simd_omp-avx2-t12-static-r3-firework.jpg,2026-09-20T03:20:00Z,firework.jpg,11125,16688,Adaptive_Median,3,12,static,,omp-avx2,yes,unset,unset,hype2,12.2.0,-O3 -Wall -Wextra -std=c++17 -fopenmp -ffp-contract=off -DOMP_EXPLICIT_SIMD=1 -march=haswell,6562.136608,cae2b8384ddb6aac,passed
adaptive-simd_omp-avx2-t12-static-r3-control_smooth_6000x6000.png,2026-09-20T03:20:02Z,control_smooth_6000x6000.png,6000,6000,Adaptive_Median,3,12,static,,omp-avx2,yes,unset,unset,hype2,12.2.0,-O3 -Wall -Wextra -std=c++17 -fopenmp -ffp-contract=off -DOMP_EXPLICIT_SIMD=1 -march=haswell,1345.322315,596e3c6929662ab9,passed
adaptive-simd_omp-avx2-t12-static-r3-control_noise_6000x6000.png,2026-09-20T03:20:03Z,control_noise_6000x6000.png,6000,6000,Adaptive_Median,3,12,static,,omp-avx2,yes,unset,unset,hype2,12.2.0,-O3 -Wall -Wextra -std=c++17 -fopenmp -ffp-contract=off -DOMP_EXPLICIT_SIMD=1 -march=haswell,989.631305,fcb58a627e9d9740,passed
adaptive-simd_omp-avx2-t12-static-r3-control_half_noise_6000x6000.png,2026-09-20T03:20:05Z,control_half_noise_6000x6000.png,6000,6000,Adaptive_Median,3,12,static,,omp-avx2,yes,unset,unset,hype2,12.2.0,-O3 -Wall -Wextra -std=c++17 -fopenmp -ffp-contract=off -DOMP_EXPLICIT_SIMD=1 -march=haswell,1323.666881,9d92a48896bfc25a,passed
adaptive-simd_omp-avx2-t12-static-r3-control_bands_256_6000x6000.png,2026-09-20T03:20:07Z,control_bands_256_6000x6000.png,6000,6000,Adaptive_Median,3,12,static,,omp-avx2,yes,unset,unset,hype2,12.2.0,-O3 -Wall -Wextra -std=c++17 -fopenmp -ffp-contract=off -DOMP_EXPLICIT_SIMD=1 -march=haswell,1007.704734,8f9bc97f03d5aae1,passed
adaptive-simd_off-t12-dynamicx16-r3-sky.jpg,2026-09-20T03:20:10Z,sky.jpg,6936,9248,Adaptive_Median,3,12,dynamic,16,off,yes,unset,unset,hype2,12.2.0,-O3 -Wall -Wextra -std=c++17 -fopenmp -ffp-contract=off -DOMP_EXPLICIT_SIMD=0 -fno-tree-vectorize,1700.278102,1e7ae9152e9643d5,passed
adaptive-simd_off-t12-dynamicx16-r3-stars.jpg,2026-09-20T03:20:14Z,stars.jpg,12960,8640,Adaptive_Median,3,12,dynamic,16,off,yes,unset,unset,hype2,12.2.0,-O3 -Wall -Wextra -std=c++17 -fopenmp -ffp-contract=off -DOMP_EXPLICIT_SIMD=0 -fno-tree-vectorize,2669.938756,626f977055f1c658,passed
adaptive-simd_off-t12-dynamicx16-r3-rain_paisage.jpg,2026-09-20T03:20:23Z,rain_paisage.jpg,12288,16320,Adaptive_Median,3,12,dynamic,16,off,yes,unset,unset,hype2,12.2.0,-O3 -Wall -Wextra -std=c++17 -fopenmp -ffp-contract=off -DOMP_EXPLICIT_SIMD=0 -fno-tree-vectorize,5060.264976,d0fdcd4b2e74abf3,passed
adaptive-simd_off-t12-dynamicx16-r3-firework.jpg,2026-09-20T03:20:31Z,firework.jpg,11125,16688,Adaptive_Median,3,12,dynamic,16,off,yes,unset,unset,hype2,12.2.0,-O3 -Wall -Wextra -std=c++17 -fopenmp -ffp-contract=off -DOMP_EXPLICIT_SIMD=0 -fno-tree-vectorize,4888.416942,cae2b8384ddb6aac,passed
adaptive-simd_off-t12-dynamicx16-r3-control_smooth_6000x6000.png,2026-09-20T03:20:32Z,control_smooth_6000x6000.png,6000,6000,Adaptive_Median,3,12,dynamic,16,off,yes,unset,unset,hype2,12.2.0,-O3 -Wall -Wextra -std=c++17 -fopenmp -ffp-contract=off -DOMP_EXPLICIT_SIMD=0 -fno-tree-vectorize,1315.802504,596e3c6929662ab9,passed
adaptive-simd_off-t12-dynamicx16-r3-control_noise_6000x6000.png,2026-09-20T03:20:34Z,control_noise_6000x6000.png,6000,6000,Adaptive_Median,3,12,dynamic,16,off,yes,unset,unset,hype2,12.2.0,-O3 -Wall -Wextra -std=c++17 -fopenmp -ffp-contract=off -DOMP_EXPLICIT_SIMD=0 -fno-tree-vectorize,932.261157,fcb58a627e9d9740,passed
adaptive-simd_off-t12-dynamicx16-r3-control_half_noise_6000x6000.png,2026-09-20T03:20:36Z,control_half_noise_6000x6000.png,6000,6000,Adaptive_Median,3,12,dynamic,16,off,yes,unset,unset,hype2,12.2.0,-O3 -Wall -Wextra -std=c++17 -fopenmp -ffp-contract=off -DOMP_EXPLICIT_SIMD=0 -fno-tree-vectorize,960.296563,9d92a48896bfc25a,passed
adaptive-simd_off-t12-dynamicx16-r3-control_bands_256_6000x6000.png,2026-09-20T03:20:37Z,control_bands_256_6000x6000.png,6000,6000,Adaptive_Median,3,12,dynamic,16,off,yes,unset,unset,hype2,12.2.0,-O3 -Wall -Wextra -std=c++17 -fopenmp -ffp-contract=off -DOMP_EXPLICIT_SIMD=0 -fno-tree-vectorize,968.473073,8f9bc97f03d5aae1,passed
adaptive-simd_off-avx2-t12-dynamicx16-r3-sky.jpg,2026-09-20T03:20:40Z,sky.jpg,6936,9248,Adaptive_Median,3,12,dynamic,16,off-avx2,yes,unset,unset,hype2,12.2.0,-O3 -Wall -Wextra -std=c++17 -fopenmp -ffp-contract=off -DOMP_EXPLICIT_SIMD=0 -fno-tree-vectorize -march=haswell,1766.362736,1e7ae9152e9643d5,passed
adaptive-simd_off-avx2-t12-dynamicx16-r3-stars.jpg,2026-09-20T03:20:45Z,stars.jpg,12960,8640,Adaptive_Median,3,12,dynamic,16,off-avx2,yes,unset,unset,hype2,12.2.0,-O3 -Wall -Wextra -std=c++17 -fopenmp -ffp-contract=off -DOMP_EXPLICIT_SIMD=0 -fno-tree-vectorize -march=haswell,2780.716084,626f977055f1c658,passed
adaptive-simd_off-avx2-t12-dynamicx16-r3-rain_paisage.jpg,2026-09-20T03:20:54Z,rain_paisage.jpg,12288,16320,Adaptive_Median,3,12,dynamic,16,off-avx2,yes,unset,unset,hype2,12.2.0,-O3 -Wall -Wextra -std=c++17 -fopenmp -ffp-contract=off -DOMP_EXPLICIT_SIMD=0 -fno-tree-vectorize -march=haswell,5276.808265,d0fdcd4b2e74abf3,passed
adaptive-simd_off-avx2-t12-dynamicx16-r3-firework.jpg,2026-09-20T03:21:02Z,firework.jpg,11125,16688,Adaptive_Median,3,12,dynamic,16,off-avx2,yes,unset,unset,hype2,12.2.0,-O3 -Wall -Wextra -std=c++17 -fopenmp -ffp-contract=off -DOMP_EXPLICIT_SIMD=0 -fno-tree-vectorize -march=haswell,5094.626312,cae2b8384ddb6aac,passed
adaptive-simd_off-avx2-t12-dynamicx16-r3-control_smooth_6000x6000.png,2026-09-20T03:21:03Z,control_smooth_6000x6000.png,6000,6000,Adaptive_Median,3,12,dynamic,16,off-avx2,yes,unset,unset,hype2,12.2.0,-O3 -Wall -Wextra -std=c++17 -fopenmp -ffp-contract=off -DOMP_EXPLICIT_SIMD=0 -fno-tree-vectorize -march=haswell,1352.123298,596e3c6929662ab9,passed
adaptive-simd_off-avx2-t12-dynamicx16-r3-control_noise_6000x6000.png,2026-09-20T03:21:05Z,control_noise_6000x6000.png,6000,6000,Adaptive_Median,3,12,dynamic,16,off-avx2,yes,unset,unset,hype2,12.2.0,-O3 -Wall -Wextra -std=c++17 -fopenmp -ffp-contract=off -DOMP_EXPLICIT_SIMD=0 -fno-tree-vectorize -march=haswell,982.266752,fcb58a627e9d9740,passed
adaptive-simd_off-avx2-t12-dynamicx16-r3-control_half_noise_6000x6000.png,2026-09-20T03:21:07Z,control_half_noise_6000x6000.png,6000,6000,Adaptive_Median,3,12,dynamic,16,off-avx2,yes,unset,unset,hype2,12.2.0,-O3 -Wall -Wextra -std=c++17 -fopenmp -ffp-contract=off -DOMP_EXPLICIT_SIMD=0 -fno-tree-vectorize -march=haswell,997.445294,9d92a48896bfc25a,passed
adaptive-simd_off-avx2-t12-dynamicx16-r3-control_bands_256_6000x6000.png,2026-09-20T03:21:08Z,control_bands_256_6000x6000.png,6000,6000,Adaptive_Median,3,12,dynamic,16,off-avx2,yes,unset,unset,hype2,12.2.0,-O3 -Wall -Wextra -std=c++17 -fopenmp -ffp-contract=off -DOMP_EXPLICIT_SIMD=0 -fno-tree-vectorize -march=haswell,1004.427019,8f9bc97f03d5aae1,passed
adaptive-simd_omp-t12-dynamicx16-r3-sky.jpg,2026-09-20T03:21:11Z,sky.jpg,6936,9248,Adaptive_Median,3,12,dynamic,16,omp,yes,unset,unset,hype2,12.2.0,-O3 -Wall -Wextra -std=c++17 -fopenmp -ffp-contract=off -DOMP_EXPLICIT_SIMD=1,1741.184366,1e7ae9152e9643d5,passed
adaptive-simd_omp-t12-dynamicx16-r3-stars.jpg,2026-09-20T03:21:16Z,stars.jpg,12960,8640,Adaptive_Median,3,12,dynamic,16,omp,yes,unset,unset,hype2,12.2.0,-O3 -Wall -Wextra -std=c++17 -fopenmp -ffp-contract=off -DOMP_EXPLICIT_SIMD=1,2731.442011,626f977055f1c658,passed
adaptive-simd_omp-t12-dynamicx16-r3-rain_paisage.jpg,2026-09-20T03:21:25Z,rain_paisage.jpg,12288,16320,Adaptive_Median,3,12,dynamic,16,omp,yes,unset,unset,hype2,12.2.0,-O3 -Wall -Wextra -std=c++17 -fopenmp -ffp-contract=off -DOMP_EXPLICIT_SIMD=1,5164.372441,d0fdcd4b2e74abf3,passed
adaptive-simd_omp-t12-dynamicx16-r3-firework.jpg,2026-09-20T03:21:32Z,firework.jpg,11125,16688,Adaptive_Median,3,12,dynamic,16,omp,yes,unset,unset,hype2,12.2.0,-O3 -Wall -Wextra -std=c++17 -fopenmp -ffp-contract=off -DOMP_EXPLICIT_SIMD=1,4989.252946,cae2b8384ddb6aac,passed
adaptive-simd_omp-t12-dynamicx16-r3-control_smooth_6000x6000.png,2026-09-20T03:21:34Z,control_smooth_6000x6000.png,6000,6000,Adaptive_Median,3,12,dynamic,16,omp,yes,unset,unset,hype2,12.2.0,-O3 -Wall -Wextra -std=c++17 -fopenmp -ffp-contract=off -DOMP_EXPLICIT_SIMD=1,1344.475237,596e3c6929662ab9,passed
adaptive-simd_omp-t12-dynamicx16-r3-control_noise_6000x6000.png,2026-09-20T03:21:36Z,control_noise_6000x6000.png,6000,6000,Adaptive_Median,3,12,dynamic,16,omp,yes,unset,unset,hype2,12.2.0,-O3 -Wall -Wextra -std=c++17 -fopenmp -ffp-contract=off -DOMP_EXPLICIT_SIMD=1,954.599982,fcb58a627e9d9740,passed
adaptive-simd_omp-t12-dynamicx16-r3-control_half_noise_6000x6000.png,2026-09-20T03:21:37Z,control_half_noise_6000x6000.png,6000,6000,Adaptive_Median,3,12,dynamic,16,omp,yes,unset,unset,hype2,12.2.0,-O3 -Wall -Wextra -std=c++17 -fopenmp -ffp-contract=off -DOMP_EXPLICIT_SIMD=1,984.493203,9d92a48896bfc25a,passed
adaptive-simd_omp-t12-dynamicx16-r3-control_bands_256_6000x6000.png,2026-09-20T03:21:39Z,control_bands_256_6000x6000.png,6000,6000,Adaptive_Median,3,12,dynamic,16,omp,yes,unset,unset,hype2,12.2.0,-O3 -Wall -Wextra -std=c++17 -fopenmp -ffp-contract=off -DOMP_EXPLICIT_SIMD=1,994.773954,8f9bc97f03d5aae1,passed
adaptive-simd_omp-avx2-t12-dynamicx16-r3-sky.jpg,2026-09-20T03:21:42Z,sky.jpg,6936,9248,Adaptive_Median,3,12,dynamic,16,omp-avx2,yes,unset,unset,hype2,12.2.0,-O3 -Wall -Wextra -std=c++17 -fopenmp -ffp-contract=off -DOMP_EXPLICIT_SIMD=1 -march=haswell,1809.147123,1e7ae9152e9643d5,passed
adaptive-simd_omp-avx2-t12-dynamicx16-r3-stars.jpg,2026-09-20T03:21:47Z,stars.jpg,12960,8640,Adaptive_Median,3,12,dynamic,16,omp-avx2,yes,unset,unset,hype2,12.2.0,-O3 -Wall -Wextra -std=c++17 -fopenmp -ffp-contract=off -DOMP_EXPLICIT_SIMD=1 -march=haswell,2861.183341,626f977055f1c658,passed
adaptive-simd_omp-avx2-t12-dynamicx16-r3-rain_paisage.jpg,2026-09-20T03:21:56Z,rain_paisage.jpg,12288,16320,Adaptive_Median,3,12,dynamic,16,omp-avx2,yes,unset,unset,hype2,12.2.0,-O3 -Wall -Wextra -std=c++17 -fopenmp -ffp-contract=off -DOMP_EXPLICIT_SIMD=1 -march=haswell,5335.941882,d0fdcd4b2e74abf3,passed
adaptive-simd_omp-avx2-t12-dynamicx16-r3-firework.jpg,2026-09-20T03:22:04Z,firework.jpg,11125,16688,Adaptive_Median,3,12,dynamic,16,omp-avx2,yes,unset,unset,hype2,12.2.0,-O3 -Wall -Wextra -std=c++17 -fopenmp -ffp-contract=off -DOMP_EXPLICIT_SIMD=1 -march=haswell,5184.398081,cae2b8384ddb6aac,passed
adaptive-simd_omp-avx2-t12-dynamicx16-r3-control_smooth_6000x6000.png,2026-09-20T03:22:05Z,control_smooth_6000x6000.png,6000,6000,Adaptive_Median,3,12,dynamic,16,omp-avx2,yes,unset,unset,hype2,12.2.0,-O3 -Wall -Wextra -std=c++17 -fopenmp -ffp-contract=off -DOMP_EXPLICIT_SIMD=1 -march=haswell,1369.898480,596e3c6929662ab9,passed
adaptive-simd_omp-avx2-t12-dynamicx16-r3-control_noise_6000x6000.png,2026-09-20T03:22:07Z,control_noise_6000x6000.png,6000,6000,Adaptive_Median,3,12,dynamic,16,omp-avx2,yes,unset,unset,hype2,12.2.0,-O3 -Wall -Wextra -std=c++17 -fopenmp -ffp-contract=off -DOMP_EXPLICIT_SIMD=1 -march=haswell,1010.112095,fcb58a627e9d9740,passed
adaptive-simd_omp-avx2-t12-dynamicx16-r3-control_half_noise_6000x6000.png,2026-09-20T03:22:09Z,control_half_noise_6000x6000.png,6000,6000,Adaptive_Median,3,12,dynamic,16,omp-avx2,yes,unset,unset,hype2,12.2.0,-O3 -Wall -Wextra -std=c++17 -fopenmp -ffp-contract=off -DOMP_EXPLICIT_SIMD=1 -march=haswell,1012.507344,9d92a48896bfc25a,passed
adaptive-simd_omp-avx2-t12-dynamicx16-r3-control_bands_256_6000x6000.png,2026-09-20T03:22:11Z,control_bands_256_6000x6000.png,6000,6000,Adaptive_Median,3,12,dynamic,16,omp-avx2,yes,unset,unset,hype2,12.2.0,-O3 -Wall -Wextra -std=c++17 -fopenmp -ffp-contract=off -DOMP_EXPLICIT_SIMD=1 -march=haswell,1023.807367,8f9bc97f03d5aae1,passed
adaptive-simd_off-t12-static-r3-sky.jpg,2026-09-20T03:22:13Z,sky.jpg,6936,9248,Adaptive_Median,3,12,static,,off,yes,unset,unset,hype2,12.2.0,-O3 -Wall -Wextra -std=c++17 -fopenmp -ffp-contract=off -DOMP_EXPLICIT_SIMD=0 -fno-tree-vectorize,1774.910757,1e7ae9152e9643d5,passed
adaptive-simd_off-t12-static-r3-stars.jpg,2026-09-20T03:22:18Z,stars.jpg,12960,8640,Adaptive_Median,3,12,static,,off,yes,unset,unset,hype2,12.2.0,-O3 -Wall -Wextra -std=c++17 -fopenmp -ffp-contract=off -DOMP_EXPLICIT_SIMD=0 -fno-tree-vectorize,2849.372133,626f977055f1c658,passed
adaptive-simd_off-t12-static-r3-rain_paisage.jpg,2026-09-20T03:22:28Z,rain_paisage.jpg,12288,16320,Adaptive_Median,3,12,static,,off,yes,unset,unset,hype2,12.2.0,-O3 -Wall -Wextra -std=c++17 -fopenmp -ffp-contract=off -DOMP_EXPLICIT_SIMD=0 -fno-tree-vectorize,6728.602798,d0fdcd4b2e74abf3,passed
adaptive-simd_off-t12-static-r3-firework.jpg,2026-09-20T03:22:37Z,firework.jpg,11125,16688,Adaptive_Median,3,12,static,,off,yes,unset,unset,hype2,12.2.0,-O3 -Wall -Wextra -std=c++17 -fopenmp -ffp-contract=off -DOMP_EXPLICIT_SIMD=0 -fno-tree-vectorize,6231.311971,cae2b8384ddb6aac,passed
adaptive-simd_off-t12-static-r3-control_smooth_6000x6000.png,2026-09-20T03:22:39Z,control_smooth_6000x6000.png,6000,6000,Adaptive_Median,3,12,static,,off,yes,unset,unset,hype2,12.2.0,-O3 -Wall -Wextra -std=c++17 -fopenmp -ffp-contract=off -DOMP_EXPLICIT_SIMD=0 -fno-tree-vectorize,1294.781148,596e3c6929662ab9,passed
adaptive-simd_off-t12-static-r3-control_noise_6000x6000.png,2026-09-20T03:22:41Z,control_noise_6000x6000.png,6000,6000,Adaptive_Median,3,12,static,,off,yes,unset,unset,hype2,12.2.0,-O3 -Wall -Wextra -std=c++17 -fopenmp -ffp-contract=off -DOMP_EXPLICIT_SIMD=0 -fno-tree-vectorize,913.561711,fcb58a627e9d9740,passed
adaptive-simd_off-t12-static-r3-control_half_noise_6000x6000.png,2026-09-20T03:22:43Z,control_half_noise_6000x6000.png,6000,6000,Adaptive_Median,3,12,static,,off,yes,unset,unset,hype2,12.2.0,-O3 -Wall -Wextra -std=c++17 -fopenmp -ffp-contract=off -DOMP_EXPLICIT_SIMD=0 -fno-tree-vectorize,1246.639557,9d92a48896bfc25a,passed
adaptive-simd_off-t12-static-r3-control_bands_256_6000x6000.png,2026-09-20T03:22:44Z,control_bands_256_6000x6000.png,6000,6000,Adaptive_Median,3,12,static,,off,yes,unset,unset,hype2,12.2.0,-O3 -Wall -Wextra -std=c++17 -fopenmp -ffp-contract=off -DOMP_EXPLICIT_SIMD=0 -fno-tree-vectorize,957.832937,8f9bc97f03d5aae1,passed
adaptive-simd_off-avx2-t12-static-r3-sky.jpg,2026-09-20T03:22:47Z,sky.jpg,6936,9248,Adaptive_Median,3,12,static,,off-avx2,yes,unset,unset,hype2,12.2.0,-O3 -Wall -Wextra -std=c++17 -fopenmp -ffp-contract=off -DOMP_EXPLICIT_SIMD=0 -fno-tree-vectorize -march=haswell,1845.925022,1e7ae9152e9643d5,passed
adaptive-simd_off-avx2-t12-static-r3-stars.jpg,2026-09-20T03:22:53Z,stars.jpg,12960,8640,Adaptive_Median,3,12,static,,off-avx2,yes,unset,unset,hype2,12.2.0,-O3 -Wall -Wextra -std=c++17 -fopenmp -ffp-contract=off -DOMP_EXPLICIT_SIMD=0 -fno-tree-vectorize -march=haswell,2976.933792,626f977055f1c658,passed
adaptive-simd_off-avx2-t12-static-r3-rain_paisage.jpg,2026-09-20T03:23:03Z,rain_paisage.jpg,12288,16320,Adaptive_Median,3,12,static,,off-avx2,yes,unset,unset,hype2,12.2.0,-O3 -Wall -Wextra -std=c++17 -fopenmp -ffp-contract=off -DOMP_EXPLICIT_SIMD=0 -fno-tree-vectorize -march=haswell,6946.306067,d0fdcd4b2e74abf3,passed
adaptive-simd_off-avx2-t12-static-r3-firework.jpg,2026-09-20T03:23:12Z,firework.jpg,11125,16688,Adaptive_Median,3,12,static,,off-avx2,yes,unset,unset,hype2,12.2.0,-O3 -Wall -Wextra -std=c++17 -fopenmp -ffp-contract=off -DOMP_EXPLICIT_SIMD=0 -fno-tree-vectorize -march=haswell,6467.978125,cae2b8384ddb6aac,passed
adaptive-simd_off-avx2-t12-static-r3-control_smooth_6000x6000.png,2026-09-20T03:23:14Z,control_smooth_6000x6000.png,6000,6000,Adaptive_Median,3,12,static,,off-avx2,yes,unset,unset,hype2,12.2.0,-O3 -Wall -Wextra -std=c++17 -fopenmp -ffp-contract=off -DOMP_EXPLICIT_SIMD=0 -fno-tree-vectorize -march=haswell,1325.780300,596e3c6929662ab9,passed
adaptive-simd_off-avx2-t12-static-r3-control_noise_6000x6000.png,2026-09-20T03:23:15Z,control_noise_6000x6000.png,6000,6000,Adaptive_Median,3,12,static,,off-avx2,yes,unset,unset,hype2,12.2.0,-O3 -Wall -Wextra -std=c++17 -fopenmp -ffp-contract=off -DOMP_EXPLICIT_SIMD=0 -fno-tree-vectorize -march=haswell,961.395837,fcb58a627e9d9740,passed
adaptive-simd_off-avx2-t12-static-r3-control_half_noise_6000x6000.png,2026-09-20T03:23:17Z,control_half_noise_6000x6000.png,6000,6000,Adaptive_Median,3,12,static,,off-avx2,yes,unset,unset,hype2,12.2.0,-O3 -Wall -Wextra -std=c++17 -fopenmp -ffp-contract=off -DOMP_EXPLICIT_SIMD=0 -fno-tree-vectorize -march=haswell,1283.853755,9d92a48896bfc25a,passed
adaptive-simd_off-avx2-t12-static-r3-control_bands_256_6000x6000.png,2026-09-20T03:23:19Z,control_bands_256_6000x6000.png,6000,6000,Adaptive_Median,3,12,static,,off-avx2,yes,unset,unset,hype2,12.2.0,-O3 -Wall -Wextra -std=c++17 -fopenmp -ffp-contract=off -DOMP_EXPLICIT_SIMD=0 -fno-tree-vectorize -march=haswell,1016.834163,8f9bc97f03d5aae1,passed
adaptive-simd_omp-avx2-t12-static-r4-sky.jpg,2026-09-20T03:23:22Z,sky.jpg,6936,9248,Adaptive_Median,4,12,static,,omp-avx2,yes,unset,unset,hype2,12.2.0,-O3 -Wall -Wextra -std=c++17 -fopenmp -ffp-contract=off -DOMP_EXPLICIT_SIMD=1 -march=haswell,1880.035738,1e7ae9152e9643d5,passed
adaptive-simd_omp-avx2-t12-static-r4-stars.jpg,2026-09-20T03:23:27Z,stars.jpg,12960,8640,Adaptive_Median,4,12,static,,omp-avx2,yes,unset,unset,hype2,12.2.0,-O3 -Wall -Wextra -std=c++17 -fopenmp -ffp-contract=off -DOMP_EXPLICIT_SIMD=1 -march=haswell,3038.405241,626f977055f1c658,passed
adaptive-simd_omp-avx2-t12-static-r4-rain_paisage.jpg,2026-09-20T03:23:38Z,rain_paisage.jpg,12288,16320,Adaptive_Median,4,12,static,,omp-avx2,yes,unset,unset,hype2,12.2.0,-O3 -Wall -Wextra -std=c++17 -fopenmp -ffp-contract=off -DOMP_EXPLICIT_SIMD=1 -march=haswell,7046.249878,d0fdcd4b2e74abf3,passed
adaptive-simd_omp-avx2-t12-static-r4-firework.jpg,2026-09-20T03:23:47Z,firework.jpg,11125,16688,Adaptive_Median,4,12,static,,omp-avx2,yes,unset,unset,hype2,12.2.0,-O3 -Wall -Wextra -std=c++17 -fopenmp -ffp-contract=off -DOMP_EXPLICIT_SIMD=1 -march=haswell,6581.669013,cae2b8384ddb6aac,passed
adaptive-simd_omp-avx2-t12-static-r4-control_smooth_6000x6000.png,2026-09-20T03:23:49Z,control_smooth_6000x6000.png,6000,6000,Adaptive_Median,4,12,static,,omp-avx2,yes,unset,unset,hype2,12.2.0,-O3 -Wall -Wextra -std=c++17 -fopenmp -ffp-contract=off -DOMP_EXPLICIT_SIMD=1 -march=haswell,1345.772079,596e3c6929662ab9,passed
adaptive-simd_omp-avx2-t12-static-r4-control_noise_6000x6000.png,2026-09-20T03:23:50Z,control_noise_6000x6000.png,6000,6000,Adaptive_Median,4,12,static,,omp-avx2,yes,unset,unset,hype2,12.2.0,-O3 -Wall -Wextra -std=c++17 -fopenmp -ffp-contract=off -DOMP_EXPLICIT_SIMD=1 -march=haswell,992.861701,fcb58a627e9d9740,passed
adaptive-simd_omp-avx2-t12-static-r4-control_half_noise_6000x6000.png,2026-09-20T03:23:52Z,control_half_noise_6000x6000.png,6000,6000,Adaptive_Median,4,12,static,,omp-avx2,yes,unset,unset,hype2,12.2.0,-O3 -Wall -Wextra -std=c++17 -fopenmp -ffp-contract=off -DOMP_EXPLICIT_SIMD=1 -march=haswell,1306.268979,9d92a48896bfc25a,passed
adaptive-simd_omp-avx2-t12-static-r4-control_bands_256_6000x6000.png,2026-09-20T03:23:54Z,control_bands_256_6000x6000.png,6000,6000,Adaptive_Median,4,12,static,,omp-avx2,yes,unset,unset,hype2,12.2.0,-O3 -Wall -Wextra -std=c++17 -fopenmp -ffp-contract=off -DOMP_EXPLICIT_SIMD=1 -march=haswell,1009.304334,8f9bc97f03d5aae1,passed
adaptive-simd_off-t12-dynamicx16-r4-sky.jpg,2026-09-20T03:23:57Z,sky.jpg,6936,9248,Adaptive_Median,4,12,dynamic,16,off,yes,unset,unset,hype2,12.2.0,-O3 -Wall -Wextra -std=c++17 -fopenmp -ffp-contract=off -DOMP_EXPLICIT_SIMD=0 -fno-tree-vectorize,1698.492723,1e7ae9152e9643d5,passed
adaptive-simd_off-t12-dynamicx16-r4-stars.jpg,2026-09-20T03:24:02Z,stars.jpg,12960,8640,Adaptive_Median,4,12,dynamic,16,off,yes,unset,unset,hype2,12.2.0,-O3 -Wall -Wextra -std=c++17 -fopenmp -ffp-contract=off -DOMP_EXPLICIT_SIMD=0 -fno-tree-vectorize,2671.919300,626f977055f1c658,passed
adaptive-simd_off-t12-dynamicx16-r4-rain_paisage.jpg,2026-09-20T03:24:10Z,rain_paisage.jpg,12288,16320,Adaptive_Median,4,12,dynamic,16,off,yes,unset,unset,hype2,12.2.0,-O3 -Wall -Wextra -std=c++17 -fopenmp -ffp-contract=off -DOMP_EXPLICIT_SIMD=0 -fno-tree-vectorize,5060.430866,d0fdcd4b2e74abf3,passed
adaptive-simd_off-t12-dynamicx16-r4-firework.jpg,2026-09-20T03:24:18Z,firework.jpg,11125,16688,Adaptive_Median,4,12,dynamic,16,off,yes,unset,unset,hype2,12.2.0,-O3 -Wall -Wextra -std=c++17 -fopenmp -ffp-contract=off -DOMP_EXPLICIT_SIMD=0 -fno-tree-vectorize,4902.181930,cae2b8384ddb6aac,passed
adaptive-simd_off-t12-dynamicx16-r4-control_smooth_6000x6000.png,2026-09-20T03:24:20Z,control_smooth_6000x6000.png,6000,6000,Adaptive_Median,4,12,dynamic,16,off,yes,unset,unset,hype2,12.2.0,-O3 -Wall -Wextra -std=c++17 -fopenmp -ffp-contract=off -DOMP_EXPLICIT_SIMD=0 -fno-tree-vectorize,1317.912866,596e3c6929662ab9,passed
adaptive-simd_off-t12-dynamicx16-r4-control_noise_6000x6000.png,2026-09-20T03:24:21Z,control_noise_6000x6000.png,6000,6000,Adaptive_Median,4,12,dynamic,16,off,yes,unset,unset,hype2,12.2.0,-O3 -Wall -Wextra -std=c++17 -fopenmp -ffp-contract=off -DOMP_EXPLICIT_SIMD=0 -fno-tree-vectorize,932.069590,fcb58a627e9d9740,passed
adaptive-simd_off-t12-dynamicx16-r4-control_half_noise_6000x6000.png,2026-09-20T03:24:23Z,control_half_noise_6000x6000.png,6000,6000,Adaptive_Median,4,12,dynamic,16,off,yes,unset,unset,hype2,12.2.0,-O3 -Wall -Wextra -std=c++17 -fopenmp -ffp-contract=off -DOMP_EXPLICIT_SIMD=0 -fno-tree-vectorize,959.536035,9d92a48896bfc25a,passed
adaptive-simd_off-t12-dynamicx16-r4-control_bands_256_6000x6000.png,2026-09-20T03:24:25Z,control_bands_256_6000x6000.png,6000,6000,Adaptive_Median,4,12,dynamic,16,off,yes,unset,unset,hype2,12.2.0,-O3 -Wall -Wextra -std=c++17 -fopenmp -ffp-contract=off -DOMP_EXPLICIT_SIMD=0 -fno-tree-vectorize,971.783089,8f9bc97f03d5aae1,passed
adaptive-simd_off-avx2-t12-dynamicx16-r4-sky.jpg,2026-09-20T03:24:27Z,sky.jpg,6936,9248,Adaptive_Median,4,12,dynamic,16,off-avx2,yes,unset,unset,hype2,12.2.0,-O3 -Wall -Wextra -std=c++17 -fopenmp -ffp-contract=off -DOMP_EXPLICIT_SIMD=0 -fno-tree-vectorize -march=haswell,1767.928014,1e7ae9152e9643d5,passed
adaptive-simd_off-avx2-t12-dynamicx16-r4-stars.jpg,2026-09-20T03:24:32Z,stars.jpg,12960,8640,Adaptive_Median,4,12,dynamic,16,off-avx2,yes,unset,unset,hype2,12.2.0,-O3 -Wall -Wextra -std=c++17 -fopenmp -ffp-contract=off -DOMP_EXPLICIT_SIMD=0 -fno-tree-vectorize -march=haswell,2777.619877,626f977055f1c658,passed
adaptive-simd_off-avx2-t12-dynamicx16-r4-rain_paisage.jpg,2026-09-20T03:24:41Z,rain_paisage.jpg,12288,16320,Adaptive_Median,4,12,dynamic,16,off-avx2,yes,unset,unset,hype2,12.2.0,-O3 -Wall -Wextra -std=c++17 -fopenmp -ffp-contract=off -DOMP_EXPLICIT_SIMD=0 -fno-tree-vectorize -march=haswell,5270.374675,d0fdcd4b2e74abf3,passed
adaptive-simd_off-avx2-t12-dynamicx16-r4-firework.jpg,2026-09-20T03:24:49Z,firework.jpg,11125,16688,Adaptive_Median,4,12,dynamic,16,off-avx2,yes,unset,unset,hype2,12.2.0,-O3 -Wall -Wextra -std=c++17 -fopenmp -ffp-contract=off -DOMP_EXPLICIT_SIMD=0 -fno-tree-vectorize -march=haswell,5092.583139,cae2b8384ddb6aac,passed
adaptive-simd_off-avx2-t12-dynamicx16-r4-control_smooth_6000x6000.png,2026-09-20T03:24:51Z,control_smooth_6000x6000.png,6000,6000,Adaptive_Median,4,12,dynamic,16,off-avx2,yes,unset,unset,hype2,12.2.0,-O3 -Wall -Wextra -std=c++17 -fopenmp -ffp-contract=off -DOMP_EXPLICIT_SIMD=0 -fno-tree-vectorize -march=haswell,1351.089809,596e3c6929662ab9,passed
adaptive-simd_off-avx2-t12-dynamicx16-r4-control_noise_6000x6000.png,2026-09-20T03:24:52Z,control_noise_6000x6000.png,6000,6000,Adaptive_Median,4,12,dynamic,16,off-avx2,yes,unset,unset,hype2,12.2.0,-O3 -Wall -Wextra -std=c++17 -fopenmp -ffp-contract=off -DOMP_EXPLICIT_SIMD=0 -fno-tree-vectorize -march=haswell,983.031048,fcb58a627e9d9740,passed
adaptive-simd_off-avx2-t12-dynamicx16-r4-control_half_noise_6000x6000.png,2026-09-20T03:24:54Z,control_half_noise_6000x6000.png,6000,6000,Adaptive_Median,4,12,dynamic,16,off-avx2,yes,unset,unset,hype2,12.2.0,-O3 -Wall -Wextra -std=c++17 -fopenmp -ffp-contract=off -DOMP_EXPLICIT_SIMD=0 -fno-tree-vectorize -march=haswell,998.490758,9d92a48896bfc25a,passed
adaptive-simd_off-avx2-t12-dynamicx16-r4-control_bands_256_6000x6000.png,2026-09-20T03:24:56Z,control_bands_256_6000x6000.png,6000,6000,Adaptive_Median,4,12,dynamic,16,off-avx2,yes,unset,unset,hype2,12.2.0,-O3 -Wall -Wextra -std=c++17 -fopenmp -ffp-contract=off -DOMP_EXPLICIT_SIMD=0 -fno-tree-vectorize -march=haswell,1005.623902,8f9bc97f03d5aae1,passed
adaptive-simd_omp-t12-dynamicx16-r4-sky.jpg,2026-09-20T03:24:59Z,sky.jpg,6936,9248,Adaptive_Median,4,12,dynamic,16,omp,yes,unset,unset,hype2,12.2.0,-O3 -Wall -Wextra -std=c++17 -fopenmp -ffp-contract=off -DOMP_EXPLICIT_SIMD=1,1741.873010,1e7ae9152e9643d5,passed
adaptive-simd_omp-t12-dynamicx16-r4-stars.jpg,2026-09-20T03:25:03Z,stars.jpg,12960,8640,Adaptive_Median,4,12,dynamic,16,omp,yes,unset,unset,hype2,12.2.0,-O3 -Wall -Wextra -std=c++17 -fopenmp -ffp-contract=off -DOMP_EXPLICIT_SIMD=1,2726.320511,626f977055f1c658,passed
adaptive-simd_omp-t12-dynamicx16-r4-rain_paisage.jpg,2026-09-20T03:25:12Z,rain_paisage.jpg,12288,16320,Adaptive_Median,4,12,dynamic,16,omp,yes,unset,unset,hype2,12.2.0,-O3 -Wall -Wextra -std=c++17 -fopenmp -ffp-contract=off -DOMP_EXPLICIT_SIMD=1,5169.537074,d0fdcd4b2e74abf3,passed
adaptive-simd_omp-t12-dynamicx16-r4-firework.jpg,2026-09-20T03:25:20Z,firework.jpg,11125,16688,Adaptive_Median,4,12,dynamic,16,omp,yes,unset,unset,hype2,12.2.0,-O3 -Wall -Wextra -std=c++17 -fopenmp -ffp-contract=off -DOMP_EXPLICIT_SIMD=1,4992.226205,cae2b8384ddb6aac,passed
adaptive-simd_omp-t12-dynamicx16-r4-control_smooth_6000x6000.png,2026-09-20T03:25:22Z,control_smooth_6000x6000.png,6000,6000,Adaptive_Median,4,12,dynamic,16,omp,yes,unset,unset,hype2,12.2.0,-O3 -Wall -Wextra -std=c++17 -fopenmp -ffp-contract=off -DOMP_EXPLICIT_SIMD=1,1344.165725,596e3c6929662ab9,passed
adaptive-simd_omp-t12-dynamicx16-r4-control_noise_6000x6000.png,2026-09-20T03:25:23Z,control_noise_6000x6000.png,6000,6000,Adaptive_Median,4,12,dynamic,16,omp,yes,unset,unset,hype2,12.2.0,-O3 -Wall -Wextra -std=c++17 -fopenmp -ffp-contract=off -DOMP_EXPLICIT_SIMD=1,953.350562,fcb58a627e9d9740,passed
adaptive-simd_omp-t12-dynamicx16-r4-control_half_noise_6000x6000.png,2026-09-20T03:25:25Z,control_half_noise_6000x6000.png,6000,6000,Adaptive_Median,4,12,dynamic,16,omp,yes,unset,unset,hype2,12.2.0,-O3 -Wall -Wextra -std=c++17 -fopenmp -ffp-contract=off -DOMP_EXPLICIT_SIMD=1,984.706350,9d92a48896bfc25a,passed
adaptive-simd_omp-t12-dynamicx16-r4-control_bands_256_6000x6000.png,2026-09-20T03:25:26Z,control_bands_256_6000x6000.png,6000,6000,Adaptive_Median,4,12,dynamic,16,omp,yes,unset,unset,hype2,12.2.0,-O3 -Wall -Wextra -std=c++17 -fopenmp -ffp-contract=off -DOMP_EXPLICIT_SIMD=1,994.142332,8f9bc97f03d5aae1,passed
adaptive-simd_omp-avx2-t12-dynamicx16-r4-sky.jpg,2026-09-20T03:25:29Z,sky.jpg,6936,9248,Adaptive_Median,4,12,dynamic,16,omp-avx2,yes,unset,unset,hype2,12.2.0,-O3 -Wall -Wextra -std=c++17 -fopenmp -ffp-contract=off -DOMP_EXPLICIT_SIMD=1 -march=haswell,1800.499324,1e7ae9152e9643d5,passed
adaptive-simd_omp-avx2-t12-dynamicx16-r4-stars.jpg,2026-09-20T03:25:34Z,stars.jpg,12960,8640,Adaptive_Median,4,12,dynamic,16,omp-avx2,yes,unset,unset,hype2,12.2.0,-O3 -Wall -Wextra -std=c++17 -fopenmp -ffp-contract=off -DOMP_EXPLICIT_SIMD=1 -march=haswell,2857.658216,626f977055f1c658,passed
adaptive-simd_omp-avx2-t12-dynamicx16-r4-rain_paisage.jpg,2026-09-20T03:25:43Z,rain_paisage.jpg,12288,16320,Adaptive_Median,4,12,dynamic,16,omp-avx2,yes,unset,unset,hype2,12.2.0,-O3 -Wall -Wextra -std=c++17 -fopenmp -ffp-contract=off -DOMP_EXPLICIT_SIMD=1 -march=haswell,5341.722204,d0fdcd4b2e74abf3,passed
adaptive-simd_omp-avx2-t12-dynamicx16-r4-firework.jpg,2026-09-20T03:25:51Z,firework.jpg,11125,16688,Adaptive_Median,4,12,dynamic,16,omp-avx2,yes,unset,unset,hype2,12.2.0,-O3 -Wall -Wextra -std=c++17 -fopenmp -ffp-contract=off -DOMP_EXPLICIT_SIMD=1 -march=haswell,5171.946026,cae2b8384ddb6aac,passed
adaptive-simd_omp-avx2-t12-dynamicx16-r4-control_smooth_6000x6000.png,2026-09-20T03:25:53Z,control_smooth_6000x6000.png,6000,6000,Adaptive_Median,4,12,dynamic,16,omp-avx2,yes,unset,unset,hype2,12.2.0,-O3 -Wall -Wextra -std=c++17 -fopenmp -ffp-contract=off -DOMP_EXPLICIT_SIMD=1 -march=haswell,1372.783252,596e3c6929662ab9,passed
adaptive-simd_omp-avx2-t12-dynamicx16-r4-control_noise_6000x6000.png,2026-09-20T03:25:54Z,control_noise_6000x6000.png,6000,6000,Adaptive_Median,4,12,dynamic,16,omp-avx2,yes,unset,unset,hype2,12.2.0,-O3 -Wall -Wextra -std=c++17 -fopenmp -ffp-contract=off -DOMP_EXPLICIT_SIMD=1 -march=haswell,1011.467963,fcb58a627e9d9740,passed
adaptive-simd_omp-avx2-t12-dynamicx16-r4-control_half_noise_6000x6000.png,2026-09-20T03:25:56Z,control_half_noise_6000x6000.png,6000,6000,Adaptive_Median,4,12,dynamic,16,omp-avx2,yes,unset,unset,hype2,12.2.0,-O3 -Wall -Wextra -std=c++17 -fopenmp -ffp-contract=off -DOMP_EXPLICIT_SIMD=1 -march=haswell,1014.131373,9d92a48896bfc25a,passed
adaptive-simd_omp-avx2-t12-dynamicx16-r4-control_bands_256_6000x6000.png,2026-09-20T03:25:58Z,control_bands_256_6000x6000.png,6000,6000,Adaptive_Median,4,12,dynamic,16,omp-avx2,yes,unset,unset,hype2,12.2.0,-O3 -Wall -Wextra -std=c++17 -fopenmp -ffp-contract=off -DOMP_EXPLICIT_SIMD=1 -march=haswell,1024.985197,8f9bc97f03d5aae1,passed
adaptive-simd_off-t12-static-r4-sky.jpg,2026-09-20T03:26:01Z,sky.jpg,6936,9248,Adaptive_Median,4,12,static,,off,yes,unset,unset,hype2,12.2.0,-O3 -Wall -Wextra -std=c++17 -fopenmp -ffp-contract=off -DOMP_EXPLICIT_SIMD=0 -fno-tree-vectorize,1777.067586,1e7ae9152e9643d5,passed
adaptive-simd_off-t12-static-r4-stars.jpg,2026-09-20T03:26:06Z,stars.jpg,12960,8640,Adaptive_Median,4,12,static,,off,yes,unset,unset,hype2,12.2.0,-O3 -Wall -Wextra -std=c++17 -fopenmp -ffp-contract=off -DOMP_EXPLICIT_SIMD=0 -fno-tree-vectorize,2851.533498,626f977055f1c658,passed
adaptive-simd_off-t12-static-r4-rain_paisage.jpg,2026-09-20T03:26:16Z,rain_paisage.jpg,12288,16320,Adaptive_Median,4,12,static,,off,yes,unset,unset,hype2,12.2.0,-O3 -Wall -Wextra -std=c++17 -fopenmp -ffp-contract=off -DOMP_EXPLICIT_SIMD=0 -fno-tree-vectorize,6763.882568,d0fdcd4b2e74abf3,passed
adaptive-simd_off-t12-static-r4-firework.jpg,2026-09-20T03:26:25Z,firework.jpg,11125,16688,Adaptive_Median,4,12,static,,off,yes,unset,unset,hype2,12.2.0,-O3 -Wall -Wextra -std=c++17 -fopenmp -ffp-contract=off -DOMP_EXPLICIT_SIMD=0 -fno-tree-vectorize,6255.598808,cae2b8384ddb6aac,passed
adaptive-simd_off-t12-static-r4-control_smooth_6000x6000.png,2026-09-20T03:26:27Z,control_smooth_6000x6000.png,6000,6000,Adaptive_Median,4,12,static,,off,yes,unset,unset,hype2,12.2.0,-O3 -Wall -Wextra -std=c++17 -fopenmp -ffp-contract=off -DOMP_EXPLICIT_SIMD=0 -fno-tree-vectorize,1294.891022,596e3c6929662ab9,passed
adaptive-simd_off-t12-static-r4-control_noise_6000x6000.png,2026-09-20T03:26:28Z,control_noise_6000x6000.png,6000,6000,Adaptive_Median,4,12,static,,off,yes,unset,unset,hype2,12.2.0,-O3 -Wall -Wextra -std=c++17 -fopenmp -ffp-contract=off -DOMP_EXPLICIT_SIMD=0 -fno-tree-vectorize,914.489185,fcb58a627e9d9740,passed
adaptive-simd_off-t12-static-r4-control_half_noise_6000x6000.png,2026-09-20T03:26:30Z,control_half_noise_6000x6000.png,6000,6000,Adaptive_Median,4,12,static,,off,yes,unset,unset,hype2,12.2.0,-O3 -Wall -Wextra -std=c++17 -fopenmp -ffp-contract=off -DOMP_EXPLICIT_SIMD=0 -fno-tree-vectorize,1249.615986,9d92a48896bfc25a,passed
adaptive-simd_off-t12-static-r4-control_bands_256_6000x6000.png,2026-09-20T03:26:32Z,control_bands_256_6000x6000.png,6000,6000,Adaptive_Median,4,12,static,,off,yes,unset,unset,hype2,12.2.0,-O3 -Wall -Wextra -std=c++17 -fopenmp -ffp-contract=off -DOMP_EXPLICIT_SIMD=0 -fno-tree-vectorize,954.336779,8f9bc97f03d5aae1,passed
adaptive-simd_off-avx2-t12-static-r4-sky.jpg,2026-09-20T03:26:35Z,sky.jpg,6936,9248,Adaptive_Median,4,12,static,,off-avx2,yes,unset,unset,hype2,12.2.0,-O3 -Wall -Wextra -std=c++17 -fopenmp -ffp-contract=off -DOMP_EXPLICIT_SIMD=0 -fno-tree-vectorize -march=haswell,1848.425574,1e7ae9152e9643d5,passed
adaptive-simd_off-avx2-t12-static-r4-stars.jpg,2026-09-20T03:26:40Z,stars.jpg,12960,8640,Adaptive_Median,4,12,static,,off-avx2,yes,unset,unset,hype2,12.2.0,-O3 -Wall -Wextra -std=c++17 -fopenmp -ffp-contract=off -DOMP_EXPLICIT_SIMD=0 -fno-tree-vectorize -march=haswell,2975.521976,626f977055f1c658,passed
adaptive-simd_off-avx2-t12-static-r4-rain_paisage.jpg,2026-09-20T03:26:50Z,rain_paisage.jpg,12288,16320,Adaptive_Median,4,12,static,,off-avx2,yes,unset,unset,hype2,12.2.0,-O3 -Wall -Wextra -std=c++17 -fopenmp -ffp-contract=off -DOMP_EXPLICIT_SIMD=0 -fno-tree-vectorize -march=haswell,6955.948673,d0fdcd4b2e74abf3,passed
adaptive-simd_off-avx2-t12-static-r4-firework.jpg,2026-09-20T03:26:59Z,firework.jpg,11125,16688,Adaptive_Median,4,12,static,,off-avx2,yes,unset,unset,hype2,12.2.0,-O3 -Wall -Wextra -std=c++17 -fopenmp -ffp-contract=off -DOMP_EXPLICIT_SIMD=0 -fno-tree-vectorize -march=haswell,6462.654054,cae2b8384ddb6aac,passed
adaptive-simd_off-avx2-t12-static-r4-control_smooth_6000x6000.png,2026-09-20T03:27:01Z,control_smooth_6000x6000.png,6000,6000,Adaptive_Median,4,12,static,,off-avx2,yes,unset,unset,hype2,12.2.0,-O3 -Wall -Wextra -std=c++17 -fopenmp -ffp-contract=off -DOMP_EXPLICIT_SIMD=0 -fno-tree-vectorize -march=haswell,1327.193106,596e3c6929662ab9,passed
adaptive-simd_off-avx2-t12-static-r4-control_noise_6000x6000.png,2026-09-20T03:27:03Z,control_noise_6000x6000.png,6000,6000,Adaptive_Median,4,12,static,,off-avx2,yes,unset,unset,hype2,12.2.0,-O3 -Wall -Wextra -std=c++17 -fopenmp -ffp-contract=off -DOMP_EXPLICIT_SIMD=0 -fno-tree-vectorize -march=haswell,962.759665,fcb58a627e9d9740,passed
adaptive-simd_off-avx2-t12-static-r4-control_half_noise_6000x6000.png,2026-09-20T03:27:05Z,control_half_noise_6000x6000.png,6000,6000,Adaptive_Median,4,12,static,,off-avx2,yes,unset,unset,hype2,12.2.0,-O3 -Wall -Wextra -std=c++17 -fopenmp -ffp-contract=off -DOMP_EXPLICIT_SIMD=0 -fno-tree-vectorize -march=haswell,1290.676500,9d92a48896bfc25a,passed
adaptive-simd_off-avx2-t12-static-r4-control_bands_256_6000x6000.png,2026-09-20T03:27:07Z,control_bands_256_6000x6000.png,6000,6000,Adaptive_Median,4,12,static,,off-avx2,yes,unset,unset,hype2,12.2.0,-O3 -Wall -Wextra -std=c++17 -fopenmp -ffp-contract=off -DOMP_EXPLICIT_SIMD=0 -fno-tree-vectorize -march=haswell,989.924473,8f9bc97f03d5aae1,passed
adaptive-simd_omp-t12-static-r4-sky.jpg,2026-09-20T03:27:09Z,sky.jpg,6936,9248,Adaptive_Median,4,12,static,,omp,yes,unset,unset,hype2,12.2.0,-O3 -Wall -Wextra -std=c++17 -fopenmp -ffp-contract=off -DOMP_EXPLICIT_SIMD=1,1819.223790,1e7ae9152e9643d5,passed
adaptive-simd_omp-t12-static-r4-stars.jpg,2026-09-20T03:27:15Z,stars.jpg,12960,8640,Adaptive_Median,4,12,static,,omp,yes,unset,unset,hype2,12.2.0,-O3 -Wall -Wextra -std=c++17 -fopenmp -ffp-contract=off -DOMP_EXPLICIT_SIMD=1,2920.028931,626f977055f1c658,passed
adaptive-simd_omp-t12-static-r4-rain_paisage.jpg,2026-09-20T03:27:25Z,rain_paisage.jpg,12288,16320,Adaptive_Median,4,12,static,,omp,yes,unset,unset,hype2,12.2.0,-O3 -Wall -Wextra -std=c++17 -fopenmp -ffp-contract=off -DOMP_EXPLICIT_SIMD=1,6882.371387,d0fdcd4b2e74abf3,passed
adaptive-simd_omp-t12-static-r4-firework.jpg,2026-09-20T03:27:34Z,firework.jpg,11125,16688,Adaptive_Median,4,12,static,,omp,yes,unset,unset,hype2,12.2.0,-O3 -Wall -Wextra -std=c++17 -fopenmp -ffp-contract=off -DOMP_EXPLICIT_SIMD=1,6362.031840,cae2b8384ddb6aac,passed
adaptive-simd_omp-t12-static-r4-control_smooth_6000x6000.png,2026-09-20T03:27:36Z,control_smooth_6000x6000.png,6000,6000,Adaptive_Median,4,12,static,,omp,yes,unset,unset,hype2,12.2.0,-O3 -Wall -Wextra -std=c++17 -fopenmp -ffp-contract=off -DOMP_EXPLICIT_SIMD=1,1318.025449,596e3c6929662ab9,passed
adaptive-simd_omp-t12-static-r4-control_noise_6000x6000.png,2026-09-20T03:27:37Z,control_noise_6000x6000.png,6000,6000,Adaptive_Median,4,12,static,,omp,yes,unset,unset,hype2,12.2.0,-O3 -Wall -Wextra -std=c++17 -fopenmp -ffp-contract=off -DOMP_EXPLICIT_SIMD=1,935.759605,fcb58a627e9d9740,passed
adaptive-simd_omp-t12-static-r4-control_half_noise_6000x6000.png,2026-09-20T03:27:39Z,control_half_noise_6000x6000.png,6000,6000,Adaptive_Median,4,12,static,,omp,yes,unset,unset,hype2,12.2.0,-O3 -Wall -Wextra -std=c++17 -fopenmp -ffp-contract=off -DOMP_EXPLICIT_SIMD=1,1281.404432,9d92a48896bfc25a,passed
adaptive-simd_omp-t12-static-r4-control_bands_256_6000x6000.png,2026-09-20T03:27:41Z,control_bands_256_6000x6000.png,6000,6000,Adaptive_Median,4,12,static,,omp,yes,unset,unset,hype2,12.2.0,-O3 -Wall -Wextra -std=c++17 -fopenmp -ffp-contract=off -DOMP_EXPLICIT_SIMD=1,978.169099,8f9bc97f03d5aae1,passed
adaptive-simd_off-t12-dynamicx16-r5-sky.jpg,2026-09-20T03:27:44Z,sky.jpg,6936,9248,Adaptive_Median,5,12,dynamic,16,off,yes,unset,unset,hype2,12.2.0,-O3 -Wall -Wextra -std=c++17 -fopenmp -ffp-contract=off -DOMP_EXPLICIT_SIMD=0 -fno-tree-vectorize,1698.835161,1e7ae9152e9643d5,passed
adaptive-simd_off-t12-dynamicx16-r5-stars.jpg,2026-09-20T03:27:48Z,stars.jpg,12960,8640,Adaptive_Median,5,12,dynamic,16,off,yes,unset,unset,hype2,12.2.0,-O3 -Wall -Wextra -std=c++17 -fopenmp -ffp-contract=off -DOMP_EXPLICIT_SIMD=0 -fno-tree-vectorize,2651.703903,626f977055f1c658,passed
adaptive-simd_off-t12-dynamicx16-r5-rain_paisage.jpg,2026-09-20T03:27:57Z,rain_paisage.jpg,12288,16320,Adaptive_Median,5,12,dynamic,16,off,yes,unset,unset,hype2,12.2.0,-O3 -Wall -Wextra -std=c++17 -fopenmp -ffp-contract=off -DOMP_EXPLICIT_SIMD=0 -fno-tree-vectorize,5058.920291,d0fdcd4b2e74abf3,passed
adaptive-simd_off-t12-dynamicx16-r5-firework.jpg,2026-09-20T03:28:05Z,firework.jpg,11125,16688,Adaptive_Median,5,12,dynamic,16,off,yes,unset,unset,hype2,12.2.0,-O3 -Wall -Wextra -std=c++17 -fopenmp -ffp-contract=off -DOMP_EXPLICIT_SIMD=0 -fno-tree-vectorize,4888.739004,cae2b8384ddb6aac,passed
adaptive-simd_off-t12-dynamicx16-r5-control_smooth_6000x6000.png,2026-09-20T03:28:06Z,control_smooth_6000x6000.png,6000,6000,Adaptive_Median,5,12,dynamic,16,off,yes,unset,unset,hype2,12.2.0,-O3 -Wall -Wextra -std=c++17 -fopenmp -ffp-contract=off -DOMP_EXPLICIT_SIMD=0 -fno-tree-vectorize,1317.371023,596e3c6929662ab9,passed
adaptive-simd_off-t12-dynamicx16-r5-control_noise_6000x6000.png,2026-09-20T03:28:08Z,control_noise_6000x6000.png,6000,6000,Adaptive_Median,5,12,dynamic,16,off,yes,unset,unset,hype2,12.2.0,-O3 -Wall -Wextra -std=c++17 -fopenmp -ffp-contract=off -DOMP_EXPLICIT_SIMD=0 -fno-tree-vectorize,933.023454,fcb58a627e9d9740,passed
adaptive-simd_off-t12-dynamicx16-r5-control_half_noise_6000x6000.png,2026-09-20T03:28:10Z,control_half_noise_6000x6000.png,6000,6000,Adaptive_Median,5,12,dynamic,16,off,yes,unset,unset,hype2,12.2.0,-O3 -Wall -Wextra -std=c++17 -fopenmp -ffp-contract=off -DOMP_EXPLICIT_SIMD=0 -fno-tree-vectorize,960.037753,9d92a48896bfc25a,passed
adaptive-simd_off-t12-dynamicx16-r5-control_bands_256_6000x6000.png,2026-09-20T03:28:11Z,control_bands_256_6000x6000.png,6000,6000,Adaptive_Median,5,12,dynamic,16,off,yes,unset,unset,hype2,12.2.0,-O3 -Wall -Wextra -std=c++17 -fopenmp -ffp-contract=off -DOMP_EXPLICIT_SIMD=0 -fno-tree-vectorize,967.895903,8f9bc97f03d5aae1,passed
adaptive-simd_off-avx2-t12-dynamicx16-r5-sky.jpg,2026-09-20T03:28:14Z,sky.jpg,6936,9248,Adaptive_Median,5,12,dynamic,16,off-avx2,yes,unset,unset,hype2,12.2.0,-O3 -Wall -Wextra -std=c++17 -fopenmp -ffp-contract=off -DOMP_EXPLICIT_SIMD=0 -fno-tree-vectorize -march=haswell,1769.110314,1e7ae9152e9643d5,passed
adaptive-simd_off-avx2-t12-dynamicx16-r5-stars.jpg,2026-09-20T03:28:19Z,stars.jpg,12960,8640,Adaptive_Median,5,12,dynamic,16,off-avx2,yes,unset,unset,hype2,12.2.0,-O3 -Wall -Wextra -std=c++17 -fopenmp -ffp-contract=off -DOMP_EXPLICIT_SIMD=0 -fno-tree-vectorize -march=haswell,2776.921398,626f977055f1c658,passed
adaptive-simd_off-avx2-t12-dynamicx16-r5-rain_paisage.jpg,2026-09-20T03:28:28Z,rain_paisage.jpg,12288,16320,Adaptive_Median,5,12,dynamic,16,off-avx2,yes,unset,unset,hype2,12.2.0,-O3 -Wall -Wextra -std=c++17 -fopenmp -ffp-contract=off -DOMP_EXPLICIT_SIMD=0 -fno-tree-vectorize -march=haswell,5276.951413,d0fdcd4b2e74abf3,passed
adaptive-simd_off-avx2-t12-dynamicx16-r5-firework.jpg,2026-09-20T03:28:36Z,firework.jpg,11125,16688,Adaptive_Median,5,12,dynamic,16,off-avx2,yes,unset,unset,hype2,12.2.0,-O3 -Wall -Wextra -std=c++17 -fopenmp -ffp-contract=off -DOMP_EXPLICIT_SIMD=0 -fno-tree-vectorize -march=haswell,5095.046321,cae2b8384ddb6aac,passed
adaptive-simd_off-avx2-t12-dynamicx16-r5-control_smooth_6000x6000.png,2026-09-20T03:28:37Z,control_smooth_6000x6000.png,6000,6000,Adaptive_Median,5,12,dynamic,16,off-avx2,yes,unset,unset,hype2,12.2.0,-O3 -Wall -Wextra -std=c++17 -fopenmp -ffp-contract=off -DOMP_EXPLICIT_SIMD=0 -fno-tree-vectorize -march=haswell,1352.598524,596e3c6929662ab9,passed
adaptive-simd_off-avx2-t12-dynamicx16-r5-control_noise_6000x6000.png,2026-09-20T03:28:39Z,control_noise_6000x6000.png,6000,6000,Adaptive_Median,5,12,dynamic,16,off-avx2,yes,unset,unset,hype2,12.2.0,-O3 -Wall -Wextra -std=c++17 -fopenmp -ffp-contract=off -DOMP_EXPLICIT_SIMD=0 -fno-tree-vectorize -march=haswell,982.272903,fcb58a627e9d9740,passed
adaptive-simd_off-avx2-t12-dynamicx16-r5-control_half_noise_6000x6000.png,2026-09-20T03:28:41Z,control_half_noise_6000x6000.png,6000,6000,Adaptive_Median,5,12,dynamic,16,off-avx2,yes,unset,unset,hype2,12.2.0,-O3 -Wall -Wextra -std=c++17 -fopenmp -ffp-contract=off -DOMP_EXPLICIT_SIMD=0 -fno-tree-vectorize -march=haswell,997.840914,9d92a48896bfc25a,passed
adaptive-simd_off-avx2-t12-dynamicx16-r5-control_bands_256_6000x6000.png,2026-09-20T03:28:42Z,control_bands_256_6000x6000.png,6000,6000,Adaptive_Median,5,12,dynamic,16,off-avx2,yes,unset,unset,hype2,12.2.0,-O3 -Wall -Wextra -std=c++17 -fopenmp -ffp-contract=off -DOMP_EXPLICIT_SIMD=0 -fno-tree-vectorize -march=haswell,1003.797333,8f9bc97f03d5aae1,passed
adaptive-simd_omp-t12-dynamicx16-r5-sky.jpg,2026-09-20T03:28:45Z,sky.jpg,6936,9248,Adaptive_Median,5,12,dynamic,16,omp,yes,unset,unset,hype2,12.2.0,-O3 -Wall -Wextra -std=c++17 -fopenmp -ffp-contract=off -DOMP_EXPLICIT_SIMD=1,1741.787040,1e7ae9152e9643d5,passed
adaptive-simd_omp-t12-dynamicx16-r5-stars.jpg,2026-09-20T03:28:50Z,stars.jpg,12960,8640,Adaptive_Median,5,12,dynamic,16,omp,yes,unset,unset,hype2,12.2.0,-O3 -Wall -Wextra -std=c++17 -fopenmp -ffp-contract=off -DOMP_EXPLICIT_SIMD=1,2732.761489,626f977055f1c658,passed
adaptive-simd_omp-t12-dynamicx16-r5-rain_paisage.jpg,2026-09-20T03:28:59Z,rain_paisage.jpg,12288,16320,Adaptive_Median,5,12,dynamic,16,omp,yes,unset,unset,hype2,12.2.0,-O3 -Wall -Wextra -std=c++17 -fopenmp -ffp-contract=off -DOMP_EXPLICIT_SIMD=1,5164.203068,d0fdcd4b2e74abf3,passed
adaptive-simd_omp-t12-dynamicx16-r5-firework.jpg,2026-09-20T03:29:06Z,firework.jpg,11125,16688,Adaptive_Median,5,12,dynamic,16,omp,yes,unset,unset,hype2,12.2.0,-O3 -Wall -Wextra -std=c++17 -fopenmp -ffp-contract=off -DOMP_EXPLICIT_SIMD=1,4994.428293,cae2b8384ddb6aac,passed
adaptive-simd_omp-t12-dynamicx16-r5-control_smooth_6000x6000.png,2026-09-20T03:29:08Z,control_smooth_6000x6000.png,6000,6000,Adaptive_Median,5,12,dynamic,16,omp,yes,unset,unset,hype2,12.2.0,-O3 -Wall -Wextra -std=c++17 -fopenmp -ffp-contract=off -DOMP_EXPLICIT_SIMD=1,1344.617614,596e3c6929662ab9,passed
adaptive-simd_omp-t12-dynamicx16-r5-control_noise_6000x6000.png,2026-09-20T03:29:10Z,control_noise_6000x6000.png,6000,6000,Adaptive_Median,5,12,dynamic,16,omp,yes,unset,unset,hype2,12.2.0,-O3 -Wall -Wextra -std=c++17 -fopenmp -ffp-contract=off -DOMP_EXPLICIT_SIMD=1,954.549139,fcb58a627e9d9740,passed
adaptive-simd_omp-t12-dynamicx16-r5-control_half_noise_6000x6000.png,2026-09-20T03:29:11Z,control_half_noise_6000x6000.png,6000,6000,Adaptive_Median,5,12,dynamic,16,omp,yes,unset,unset,hype2,12.2.0,-O3 -Wall -Wextra -std=c++17 -fopenmp -ffp-contract=off -DOMP_EXPLICIT_SIMD=1,983.976689,9d92a48896bfc25a,passed
adaptive-simd_omp-t12-dynamicx16-r5-control_bands_256_6000x6000.png,2026-09-20T03:29:13Z,control_bands_256_6000x6000.png,6000,6000,Adaptive_Median,5,12,dynamic,16,omp,yes,unset,unset,hype2,12.2.0,-O3 -Wall -Wextra -std=c++17 -fopenmp -ffp-contract=off -DOMP_EXPLICIT_SIMD=1,993.375863,8f9bc97f03d5aae1,passed
adaptive-simd_omp-avx2-t12-dynamicx16-r5-sky.jpg,2026-09-20T03:29:16Z,sky.jpg,6936,9248,Adaptive_Median,5,12,dynamic,16,omp-avx2,yes,unset,unset,hype2,12.2.0,-O3 -Wall -Wextra -std=c++17 -fopenmp -ffp-contract=off -DOMP_EXPLICIT_SIMD=1 -march=haswell,1800.351754,1e7ae9152e9643d5,passed
adaptive-simd_omp-avx2-t12-dynamicx16-r5-stars.jpg,2026-09-20T03:29:21Z,stars.jpg,12960,8640,Adaptive_Median,5,12,dynamic,16,omp-avx2,yes,unset,unset,hype2,12.2.0,-O3 -Wall -Wextra -std=c++17 -fopenmp -ffp-contract=off -DOMP_EXPLICIT_SIMD=1 -march=haswell,2848.541258,626f977055f1c658,passed
adaptive-simd_omp-avx2-t12-dynamicx16-r5-rain_paisage.jpg,2026-09-20T03:29:30Z,rain_paisage.jpg,12288,16320,Adaptive_Median,5,12,dynamic,16,omp-avx2,yes,unset,unset,hype2,12.2.0,-O3 -Wall -Wextra -std=c++17 -fopenmp -ffp-contract=off -DOMP_EXPLICIT_SIMD=1 -march=haswell,5341.695436,d0fdcd4b2e74abf3,passed
adaptive-simd_omp-avx2-t12-dynamicx16-r5-firework.jpg,2026-09-20T03:29:38Z,firework.jpg,11125,16688,Adaptive_Median,5,12,dynamic,16,omp-avx2,yes,unset,unset,hype2,12.2.0,-O3 -Wall -Wextra -std=c++17 -fopenmp -ffp-contract=off -DOMP_EXPLICIT_SIMD=1 -march=haswell,5171.692583,cae2b8384ddb6aac,passed
adaptive-simd_omp-avx2-t12-dynamicx16-r5-control_smooth_6000x6000.png,2026-09-20T03:29:39Z,control_smooth_6000x6000.png,6000,6000,Adaptive_Median,5,12,dynamic,16,omp-avx2,yes,unset,unset,hype2,12.2.0,-O3 -Wall -Wextra -std=c++17 -fopenmp -ffp-contract=off -DOMP_EXPLICIT_SIMD=1 -march=haswell,1371.708052,596e3c6929662ab9,passed
adaptive-simd_omp-avx2-t12-dynamicx16-r5-control_noise_6000x6000.png,2026-09-20T03:29:41Z,control_noise_6000x6000.png,6000,6000,Adaptive_Median,5,12,dynamic,16,omp-avx2,yes,unset,unset,hype2,12.2.0,-O3 -Wall -Wextra -std=c++17 -fopenmp -ffp-contract=off -DOMP_EXPLICIT_SIMD=1 -march=haswell,1010.272799,fcb58a627e9d9740,passed
adaptive-simd_omp-avx2-t12-dynamicx16-r5-control_half_noise_6000x6000.png,2026-09-20T03:29:43Z,control_half_noise_6000x6000.png,6000,6000,Adaptive_Median,5,12,dynamic,16,omp-avx2,yes,unset,unset,hype2,12.2.0,-O3 -Wall -Wextra -std=c++17 -fopenmp -ffp-contract=off -DOMP_EXPLICIT_SIMD=1 -march=haswell,1014.693858,9d92a48896bfc25a,passed
adaptive-simd_omp-avx2-t12-dynamicx16-r5-control_bands_256_6000x6000.png,2026-09-20T03:29:44Z,control_bands_256_6000x6000.png,6000,6000,Adaptive_Median,5,12,dynamic,16,omp-avx2,yes,unset,unset,hype2,12.2.0,-O3 -Wall -Wextra -std=c++17 -fopenmp -ffp-contract=off -DOMP_EXPLICIT_SIMD=1 -march=haswell,1025.086604,8f9bc97f03d5aae1,passed
adaptive-simd_off-t12-static-r5-sky.jpg,2026-09-20T03:29:47Z,sky.jpg,6936,9248,Adaptive_Median,5,12,static,,off,yes,unset,unset,hype2,12.2.0,-O3 -Wall -Wextra -std=c++17 -fopenmp -ffp-contract=off -DOMP_EXPLICIT_SIMD=0 -fno-tree-vectorize,1774.419242,1e7ae9152e9643d5,passed
adaptive-simd_off-t12-static-r5-stars.jpg,2026-09-20T03:29:52Z,stars.jpg,12960,8640,Adaptive_Median,5,12,static,,off,yes,unset,unset,hype2,12.2.0,-O3 -Wall -Wextra -std=c++17 -fopenmp -ffp-contract=off -DOMP_EXPLICIT_SIMD=0 -fno-tree-vectorize,2844.770252,626f977055f1c658,passed
adaptive-simd_off-t12-static-r5-rain_paisage.jpg,2026-09-20T03:30:02Z,rain_paisage.jpg,12288,16320,Adaptive_Median,5,12,static,,off,yes,unset,unset,hype2,12.2.0,-O3 -Wall -Wextra -std=c++17 -fopenmp -ffp-contract=off -DOMP_EXPLICIT_SIMD=0 -fno-tree-vectorize,6731.844540,d0fdcd4b2e74abf3,passed
adaptive-simd_off-t12-static-r5-firework.jpg,2026-09-20T03:30:11Z,firework.jpg,11125,16688,Adaptive_Median,5,12,static,,off,yes,unset,unset,hype2,12.2.0,-O3 -Wall -Wextra -std=c++17 -fopenmp -ffp-contract=off -DOMP_EXPLICIT_SIMD=0 -fno-tree-vectorize,6266.902542,cae2b8384ddb6aac,passed
adaptive-simd_off-t12-static-r5-control_smooth_6000x6000.png,2026-09-20T03:30:13Z,control_smooth_6000x6000.png,6000,6000,Adaptive_Median,5,12,static,,off,yes,unset,unset,hype2,12.2.0,-O3 -Wall -Wextra -std=c++17 -fopenmp -ffp-contract=off -DOMP_EXPLICIT_SIMD=0 -fno-tree-vectorize,1295.792361,596e3c6929662ab9,passed
adaptive-simd_off-t12-static-r5-control_noise_6000x6000.png,2026-09-20T03:30:15Z,control_noise_6000x6000.png,6000,6000,Adaptive_Median,5,12,static,,off,yes,unset,unset,hype2,12.2.0,-O3 -Wall -Wextra -std=c++17 -fopenmp -ffp-contract=off -DOMP_EXPLICIT_SIMD=0 -fno-tree-vectorize,931.828633,fcb58a627e9d9740,passed
adaptive-simd_off-t12-static-r5-control_half_noise_6000x6000.png,2026-09-20T03:30:17Z,control_half_noise_6000x6000.png,6000,6000,Adaptive_Median,5,12,static,,off,yes,unset,unset,hype2,12.2.0,-O3 -Wall -Wextra -std=c++17 -fopenmp -ffp-contract=off -DOMP_EXPLICIT_SIMD=0 -fno-tree-vectorize,1249.605257,9d92a48896bfc25a,passed
adaptive-simd_off-t12-static-r5-control_bands_256_6000x6000.png,2026-09-20T03:30:18Z,control_bands_256_6000x6000.png,6000,6000,Adaptive_Median,5,12,static,,off,yes,unset,unset,hype2,12.2.0,-O3 -Wall -Wextra -std=c++17 -fopenmp -ffp-contract=off -DOMP_EXPLICIT_SIMD=0 -fno-tree-vectorize,953.504654,8f9bc97f03d5aae1,passed
adaptive-simd_off-avx2-t12-static-r5-sky.jpg,2026-09-20T03:30:21Z,sky.jpg,6936,9248,Adaptive_Median,5,12,static,,off-avx2,yes,unset,unset,hype2,12.2.0,-O3 -Wall -Wextra -std=c++17 -fopenmp -ffp-contract=off -DOMP_EXPLICIT_SIMD=0 -fno-tree-vectorize -march=haswell,1843.757087,1e7ae9152e9643d5,passed
adaptive-simd_off-avx2-t12-static-r5-stars.jpg,2026-09-20T03:30:26Z,stars.jpg,12960,8640,Adaptive_Median,5,12,static,,off-avx2,yes,unset,unset,hype2,12.2.0,-O3 -Wall -Wextra -std=c++17 -fopenmp -ffp-contract=off -DOMP_EXPLICIT_SIMD=0 -fno-tree-vectorize -march=haswell,2978.884750,626f977055f1c658,passed
adaptive-simd_off-avx2-t12-static-r5-rain_paisage.jpg,2026-09-20T03:30:37Z,rain_paisage.jpg,12288,16320,Adaptive_Median,5,12,static,,off-avx2,yes,unset,unset,hype2,12.2.0,-O3 -Wall -Wextra -std=c++17 -fopenmp -ffp-contract=off -DOMP_EXPLICIT_SIMD=0 -fno-tree-vectorize -march=haswell,6912.531863,d0fdcd4b2e74abf3,passed
adaptive-simd_off-avx2-t12-static-r5-firework.jpg,2026-09-20T03:30:46Z,firework.jpg,11125,16688,Adaptive_Median,5,12,static,,off-avx2,yes,unset,unset,hype2,12.2.0,-O3 -Wall -Wextra -std=c++17 -fopenmp -ffp-contract=off -DOMP_EXPLICIT_SIMD=0 -fno-tree-vectorize -march=haswell,6444.808295,cae2b8384ddb6aac,passed
adaptive-simd_off-avx2-t12-static-r5-control_smooth_6000x6000.png,2026-09-20T03:30:48Z,control_smooth_6000x6000.png,6000,6000,Adaptive_Median,5,12,static,,off-avx2,yes,unset,unset,hype2,12.2.0,-O3 -Wall -Wextra -std=c++17 -fopenmp -ffp-contract=off -DOMP_EXPLICIT_SIMD=0 -fno-tree-vectorize -march=haswell,1326.732948,596e3c6929662ab9,passed
adaptive-simd_off-avx2-t12-static-r5-control_noise_6000x6000.png,2026-09-20T03:30:49Z,control_noise_6000x6000.png,6000,6000,Adaptive_Median,5,12,static,,off-avx2,yes,unset,unset,hype2,12.2.0,-O3 -Wall -Wextra -std=c++17 -fopenmp -ffp-contract=off -DOMP_EXPLICIT_SIMD=0 -fno-tree-vectorize -march=haswell,986.849256,fcb58a627e9d9740,passed
adaptive-simd_off-avx2-t12-static-r5-control_half_noise_6000x6000.png,2026-09-20T03:30:51Z,control_half_noise_6000x6000.png,6000,6000,Adaptive_Median,5,12,static,,off-avx2,yes,unset,unset,hype2,12.2.0,-O3 -Wall -Wextra -std=c++17 -fopenmp -ffp-contract=off -DOMP_EXPLICIT_SIMD=0 -fno-tree-vectorize -march=haswell,1287.167015,9d92a48896bfc25a,passed
adaptive-simd_off-avx2-t12-static-r5-control_bands_256_6000x6000.png,2026-09-20T03:30:53Z,control_bands_256_6000x6000.png,6000,6000,Adaptive_Median,5,12,static,,off-avx2,yes,unset,unset,hype2,12.2.0,-O3 -Wall -Wextra -std=c++17 -fopenmp -ffp-contract=off -DOMP_EXPLICIT_SIMD=0 -fno-tree-vectorize -march=haswell,989.957893,8f9bc97f03d5aae1,passed
adaptive-simd_omp-t12-static-r5-sky.jpg,2026-09-20T03:30:56Z,sky.jpg,6936,9248,Adaptive_Median,5,12,static,,omp,yes,unset,unset,hype2,12.2.0,-O3 -Wall -Wextra -std=c++17 -fopenmp -ffp-contract=off -DOMP_EXPLICIT_SIMD=1,1848.417686,1e7ae9152e9643d5,passed
adaptive-simd_omp-t12-static-r5-stars.jpg,2026-09-20T03:31:01Z,stars.jpg,12960,8640,Adaptive_Median,5,12,static,,omp,yes,unset,unset,hype2,12.2.0,-O3 -Wall -Wextra -std=c++17 -fopenmp -ffp-contract=off -DOMP_EXPLICIT_SIMD=1,2916.200599,626f977055f1c658,passed
adaptive-simd_omp-t12-static-r5-rain_paisage.jpg,2026-09-20T03:31:11Z,rain_paisage.jpg,12288,16320,Adaptive_Median,5,12,static,,omp,yes,unset,unset,hype2,12.2.0,-O3 -Wall -Wextra -std=c++17 -fopenmp -ffp-contract=off -DOMP_EXPLICIT_SIMD=1,6846.174342,d0fdcd4b2e74abf3,passed
adaptive-simd_omp-t12-static-r5-firework.jpg,2026-09-20T03:31:20Z,firework.jpg,11125,16688,Adaptive_Median,5,12,static,,omp,yes,unset,unset,hype2,12.2.0,-O3 -Wall -Wextra -std=c++17 -fopenmp -ffp-contract=off -DOMP_EXPLICIT_SIMD=1,6353.160641,cae2b8384ddb6aac,passed
adaptive-simd_omp-t12-static-r5-control_smooth_6000x6000.png,2026-09-20T03:31:22Z,control_smooth_6000x6000.png,6000,6000,Adaptive_Median,5,12,static,,omp,yes,unset,unset,hype2,12.2.0,-O3 -Wall -Wextra -std=c++17 -fopenmp -ffp-contract=off -DOMP_EXPLICIT_SIMD=1,1319.479896,596e3c6929662ab9,passed
adaptive-simd_omp-t12-static-r5-control_noise_6000x6000.png,2026-09-20T03:31:24Z,control_noise_6000x6000.png,6000,6000,Adaptive_Median,5,12,static,,omp,yes,unset,unset,hype2,12.2.0,-O3 -Wall -Wextra -std=c++17 -fopenmp -ffp-contract=off -DOMP_EXPLICIT_SIMD=1,936.193737,fcb58a627e9d9740,passed
adaptive-simd_omp-t12-static-r5-control_half_noise_6000x6000.png,2026-09-20T03:31:26Z,control_half_noise_6000x6000.png,6000,6000,Adaptive_Median,5,12,static,,omp,yes,unset,unset,hype2,12.2.0,-O3 -Wall -Wextra -std=c++17 -fopenmp -ffp-contract=off -DOMP_EXPLICIT_SIMD=1,1276.874386,9d92a48896bfc25a,passed
adaptive-simd_omp-t12-static-r5-control_bands_256_6000x6000.png,2026-09-20T03:31:27Z,control_bands_256_6000x6000.png,6000,6000,Adaptive_Median,5,12,static,,omp,yes,unset,unset,hype2,12.2.0,-O3 -Wall -Wextra -std=c++17 -fopenmp -ffp-contract=off -DOMP_EXPLICIT_SIMD=1,978.932996,8f9bc97f03d5aae1,passed
adaptive-simd_omp-avx2-t12-static-r5-sky.jpg,2026-09-20T03:31:30Z,sky.jpg,6936,9248,Adaptive_Median,5,12,static,,omp-avx2,yes,unset,unset,hype2,12.2.0,-O3 -Wall -Wextra -std=c++17 -fopenmp -ffp-contract=off -DOMP_EXPLICIT_SIMD=1 -march=haswell,1879.539961,1e7ae9152e9643d5,passed
adaptive-simd_omp-avx2-t12-static-r5-stars.jpg,2026-09-20T03:31:35Z,stars.jpg,12960,8640,Adaptive_Median,5,12,static,,omp-avx2,yes,unset,unset,hype2,12.2.0,-O3 -Wall -Wextra -std=c++17 -fopenmp -ffp-contract=off -DOMP_EXPLICIT_SIMD=1 -march=haswell,3044.582846,626f977055f1c658,passed
adaptive-simd_omp-avx2-t12-static-r5-rain_paisage.jpg,2026-09-20T03:31:46Z,rain_paisage.jpg,12288,16320,Adaptive_Median,5,12,static,,omp-avx2,yes,unset,unset,hype2,12.2.0,-O3 -Wall -Wextra -std=c++17 -fopenmp -ffp-contract=off -DOMP_EXPLICIT_SIMD=1 -march=haswell,7043.739560,d0fdcd4b2e74abf3,passed
adaptive-simd_omp-avx2-t12-static-r5-firework.jpg,2026-09-20T03:31:55Z,firework.jpg,11125,16688,Adaptive_Median,5,12,static,,omp-avx2,yes,unset,unset,hype2,12.2.0,-O3 -Wall -Wextra -std=c++17 -fopenmp -ffp-contract=off -DOMP_EXPLICIT_SIMD=1 -march=haswell,6561.910201,cae2b8384ddb6aac,passed
adaptive-simd_omp-avx2-t12-static-r5-control_smooth_6000x6000.png,2026-09-20T03:31:57Z,control_smooth_6000x6000.png,6000,6000,Adaptive_Median,5,12,static,,omp-avx2,yes,unset,unset,hype2,12.2.0,-O3 -Wall -Wextra -std=c++17 -fopenmp -ffp-contract=off -DOMP_EXPLICIT_SIMD=1 -march=haswell,1347.534571,596e3c6929662ab9,passed
adaptive-simd_omp-avx2-t12-static-r5-control_noise_6000x6000.png,2026-09-20T03:31:58Z,control_noise_6000x6000.png,6000,6000,Adaptive_Median,5,12,static,,omp-avx2,yes,unset,unset,hype2,12.2.0,-O3 -Wall -Wextra -std=c++17 -fopenmp -ffp-contract=off -DOMP_EXPLICIT_SIMD=1 -march=haswell,989.781304,fcb58a627e9d9740,passed
adaptive-simd_omp-avx2-t12-static-r5-control_half_noise_6000x6000.png,2026-09-20T03:32:00Z,control_half_noise_6000x6000.png,6000,6000,Adaptive_Median,5,12,static,,omp-avx2,yes,unset,unset,hype2,12.2.0,-O3 -Wall -Wextra -std=c++17 -fopenmp -ffp-contract=off -DOMP_EXPLICIT_SIMD=1 -march=haswell,1313.566588,9d92a48896bfc25a,passed
adaptive-simd_omp-avx2-t12-static-r5-control_bands_256_6000x6000.png,2026-09-20T03:32:02Z,control_bands_256_6000x6000.png,6000,6000,Adaptive_Median,5,12,static,,omp-avx2,yes,unset,unset,hype2,12.2.0,-O3 -Wall -Wextra -std=c++17 -fopenmp -ffp-contract=off -DOMP_EXPLICIT_SIMD=1 -march=haswell,1007.086281,8f9bc97f03d5aae1,passed
adaptive-simd_off-t16-static-r1-sky.jpg,2026-09-20T03:35:48Z,sky.jpg,6936,9248,Adaptive_Median,1,16,static,,off,yes,unset,unset,hype2,12.2.0,-O3 -Wall -Wextra -std=c++17 -fopenmp -ffp-contract=off -DOMP_EXPLICIT_SIMD=0 -fno-tree-vectorize,1358.065511,1e7ae9152e9643d5,passed
adaptive-simd_off-t16-static-r1-stars.jpg,2026-09-20T03:35:52Z,stars.jpg,12960,8640,Adaptive_Median,1,16,static,,off,yes,unset,unset,hype2,12.2.0,-O3 -Wall -Wextra -std=c++17 -fopenmp -ffp-contract=off -DOMP_EXPLICIT_SIMD=0 -fno-tree-vectorize,2178.166744,626f977055f1c658,passed
adaptive-simd_off-t16-static-r1-rain_paisage.jpg,2026-09-20T03:36:01Z,rain_paisage.jpg,12288,16320,Adaptive_Median,1,16,static,,off,yes,unset,unset,hype2,12.2.0,-O3 -Wall -Wextra -std=c++17 -fopenmp -ffp-contract=off -DOMP_EXPLICIT_SIMD=0 -fno-tree-vectorize,5222.384539,d0fdcd4b2e74abf3,passed
adaptive-simd_off-t16-static-r1-firework.jpg,2026-09-20T03:36:08Z,firework.jpg,11125,16688,Adaptive_Median,1,16,static,,off,yes,unset,unset,hype2,12.2.0,-O3 -Wall -Wextra -std=c++17 -fopenmp -ffp-contract=off -DOMP_EXPLICIT_SIMD=0 -fno-tree-vectorize,4799.682846,cae2b8384ddb6aac,passed
adaptive-simd_off-t16-static-r1-control_smooth_6000x6000.png,2026-09-20T03:36:10Z,control_smooth_6000x6000.png,6000,6000,Adaptive_Median,1,16,static,,off,yes,unset,unset,hype2,12.2.0,-O3 -Wall -Wextra -std=c++17 -fopenmp -ffp-contract=off -DOMP_EXPLICIT_SIMD=0 -fno-tree-vectorize,1018.232035,596e3c6929662ab9,passed
adaptive-simd_off-t16-static-r1-control_noise_6000x6000.png,2026-09-20T03:36:11Z,control_noise_6000x6000.png,6000,6000,Adaptive_Median,1,16,static,,off,yes,unset,unset,hype2,12.2.0,-O3 -Wall -Wextra -std=c++17 -fopenmp -ffp-contract=off -DOMP_EXPLICIT_SIMD=0 -fno-tree-vectorize,696.552633,fcb58a627e9d9740,passed
adaptive-simd_off-t16-static-r1-control_half_noise_6000x6000.png,2026-09-20T03:36:13Z,control_half_noise_6000x6000.png,6000,6000,Adaptive_Median,1,16,static,,off,yes,unset,unset,hype2,12.2.0,-O3 -Wall -Wextra -std=c++17 -fopenmp -ffp-contract=off -DOMP_EXPLICIT_SIMD=0 -fno-tree-vectorize,971.042467,9d92a48896bfc25a,passed
adaptive-simd_off-t16-static-r1-control_bands_256_6000x6000.png,2026-09-20T03:36:14Z,control_bands_256_6000x6000.png,6000,6000,Adaptive_Median,1,16,static,,off,yes,unset,unset,hype2,12.2.0,-O3 -Wall -Wextra -std=c++17 -fopenmp -ffp-contract=off -DOMP_EXPLICIT_SIMD=0 -fno-tree-vectorize,819.055795,8f9bc97f03d5aae1,passed
adaptive-simd_off-avx2-t16-static-r1-sky.jpg,2026-09-20T03:36:17Z,sky.jpg,6936,9248,Adaptive_Median,1,16,static,,off-avx2,yes,unset,unset,hype2,12.2.0,-O3 -Wall -Wextra -std=c++17 -fopenmp -ffp-contract=off -DOMP_EXPLICIT_SIMD=0 -fno-tree-vectorize -march=haswell,1408.560176,1e7ae9152e9643d5,passed
adaptive-simd_off-avx2-t16-static-r1-stars.jpg,2026-09-20T03:36:21Z,stars.jpg,12960,8640,Adaptive_Median,1,16,static,,off-avx2,yes,unset,unset,hype2,12.2.0,-O3 -Wall -Wextra -std=c++17 -fopenmp -ffp-contract=off -DOMP_EXPLICIT_SIMD=0 -fno-tree-vectorize -march=haswell,2284.281556,626f977055f1c658,passed
adaptive-simd_off-avx2-t16-static-r1-rain_paisage.jpg,2026-09-20T03:36:30Z,rain_paisage.jpg,12288,16320,Adaptive_Median,1,16,static,,off-avx2,yes,unset,unset,hype2,12.2.0,-O3 -Wall -Wextra -std=c++17 -fopenmp -ffp-contract=off -DOMP_EXPLICIT_SIMD=0 -fno-tree-vectorize -march=haswell,5393.370976,d0fdcd4b2e74abf3,passed
adaptive-simd_off-avx2-t16-static-r1-firework.jpg,2026-09-20T03:36:38Z,firework.jpg,11125,16688,Adaptive_Median,1,16,static,,off-avx2,yes,unset,unset,hype2,12.2.0,-O3 -Wall -Wextra -std=c++17 -fopenmp -ffp-contract=off -DOMP_EXPLICIT_SIMD=0 -fno-tree-vectorize -march=haswell,4959.452268,cae2b8384ddb6aac,passed
adaptive-simd_off-avx2-t16-static-r1-control_smooth_6000x6000.png,2026-09-20T03:36:39Z,control_smooth_6000x6000.png,6000,6000,Adaptive_Median,1,16,static,,off-avx2,yes,unset,unset,hype2,12.2.0,-O3 -Wall -Wextra -std=c++17 -fopenmp -ffp-contract=off -DOMP_EXPLICIT_SIMD=0 -fno-tree-vectorize -march=haswell,1023.210537,596e3c6929662ab9,passed
adaptive-simd_off-avx2-t16-static-r1-control_noise_6000x6000.png,2026-09-20T03:36:41Z,control_noise_6000x6000.png,6000,6000,Adaptive_Median,1,16,static,,off-avx2,yes,unset,unset,hype2,12.2.0,-O3 -Wall -Wextra -std=c++17 -fopenmp -ffp-contract=off -DOMP_EXPLICIT_SIMD=0 -fno-tree-vectorize -march=haswell,731.463581,fcb58a627e9d9740,passed
adaptive-simd_off-avx2-t16-static-r1-control_half_noise_6000x6000.png,2026-09-20T03:36:42Z,control_half_noise_6000x6000.png,6000,6000,Adaptive_Median,1,16,static,,off-avx2,yes,unset,unset,hype2,12.2.0,-O3 -Wall -Wextra -std=c++17 -fopenmp -ffp-contract=off -DOMP_EXPLICIT_SIMD=0 -fno-tree-vectorize -march=haswell,997.153135,9d92a48896bfc25a,passed
adaptive-simd_off-avx2-t16-static-r1-control_bands_256_6000x6000.png,2026-09-20T03:36:44Z,control_bands_256_6000x6000.png,6000,6000,Adaptive_Median,1,16,static,,off-avx2,yes,unset,unset,hype2,12.2.0,-O3 -Wall -Wextra -std=c++17 -fopenmp -ffp-contract=off -DOMP_EXPLICIT_SIMD=0 -fno-tree-vectorize -march=haswell,845.729956,8f9bc97f03d5aae1,passed
adaptive-simd_omp-t16-static-r1-sky.jpg,2026-09-20T03:36:46Z,sky.jpg,6936,9248,Adaptive_Median,1,16,static,,omp,yes,unset,unset,hype2,12.2.0,-O3 -Wall -Wextra -std=c++17 -fopenmp -ffp-contract=off -DOMP_EXPLICIT_SIMD=1,1392.156407,1e7ae9152e9643d5,passed
adaptive-simd_omp-t16-static-r1-stars.jpg,2026-09-20T03:36:51Z,stars.jpg,12960,8640,Adaptive_Median,1,16,static,,omp,yes,unset,unset,hype2,12.2.0,-O3 -Wall -Wextra -std=c++17 -fopenmp -ffp-contract=off -DOMP_EXPLICIT_SIMD=1,2258.293002,626f977055f1c658,passed
adaptive-simd_omp-t16-static-r1-rain_paisage.jpg,2026-09-20T03:36:59Z,rain_paisage.jpg,12288,16320,Adaptive_Median,1,16,static,,omp,yes,unset,unset,hype2,12.2.0,-O3 -Wall -Wextra -std=c++17 -fopenmp -ffp-contract=off -DOMP_EXPLICIT_SIMD=1,5323.338470,d0fdcd4b2e74abf3,passed
adaptive-simd_omp-t16-static-r1-firework.jpg,2026-09-20T03:37:07Z,firework.jpg,11125,16688,Adaptive_Median,1,16,static,,omp,yes,unset,unset,hype2,12.2.0,-O3 -Wall -Wextra -std=c++17 -fopenmp -ffp-contract=off -DOMP_EXPLICIT_SIMD=1,4894.688489,cae2b8384ddb6aac,passed
adaptive-simd_omp-t16-static-r1-control_smooth_6000x6000.png,2026-09-20T03:37:09Z,control_smooth_6000x6000.png,6000,6000,Adaptive_Median,1,16,static,,omp,yes,unset,unset,hype2,12.2.0,-O3 -Wall -Wextra -std=c++17 -fopenmp -ffp-contract=off -DOMP_EXPLICIT_SIMD=1,1012.860538,596e3c6929662ab9,passed
adaptive-simd_omp-t16-static-r1-control_noise_6000x6000.png,2026-09-20T03:37:10Z,control_noise_6000x6000.png,6000,6000,Adaptive_Median,1,16,static,,omp,yes,unset,unset,hype2,12.2.0,-O3 -Wall -Wextra -std=c++17 -fopenmp -ffp-contract=off -DOMP_EXPLICIT_SIMD=1,715.826429,fcb58a627e9d9740,passed
adaptive-simd_omp-t16-static-r1-control_half_noise_6000x6000.png,2026-09-20T03:37:12Z,control_half_noise_6000x6000.png,6000,6000,Adaptive_Median,1,16,static,,omp,yes,unset,unset,hype2,12.2.0,-O3 -Wall -Wextra -std=c++17 -fopenmp -ffp-contract=off -DOMP_EXPLICIT_SIMD=1,989.657275,9d92a48896bfc25a,passed
adaptive-simd_omp-t16-static-r1-control_bands_256_6000x6000.png,2026-09-20T03:37:13Z,control_bands_256_6000x6000.png,6000,6000,Adaptive_Median,1,16,static,,omp,yes,unset,unset,hype2,12.2.0,-O3 -Wall -Wextra -std=c++17 -fopenmp -ffp-contract=off -DOMP_EXPLICIT_SIMD=1,837.523242,8f9bc97f03d5aae1,passed
adaptive-simd_omp-avx2-t16-static-r1-sky.jpg,2026-09-20T03:37:16Z,sky.jpg,6936,9248,Adaptive_Median,1,16,static,,omp-avx2,yes,unset,unset,hype2,12.2.0,-O3 -Wall -Wextra -std=c++17 -fopenmp -ffp-contract=off -DOMP_EXPLICIT_SIMD=1 -march=haswell,1473.374507,1e7ae9152e9643d5,passed
adaptive-simd_omp-avx2-t16-static-r1-stars.jpg,2026-09-20T03:37:20Z,stars.jpg,12960,8640,Adaptive_Median,1,16,static,,omp-avx2,yes,unset,unset,hype2,12.2.0,-O3 -Wall -Wextra -std=c++17 -fopenmp -ffp-contract=off -DOMP_EXPLICIT_SIMD=1 -march=haswell,2341.091893,626f977055f1c658,passed
adaptive-simd_omp-avx2-t16-static-r1-rain_paisage.jpg,2026-09-20T03:37:29Z,rain_paisage.jpg,12288,16320,Adaptive_Median,1,16,static,,omp-avx2,yes,unset,unset,hype2,12.2.0,-O3 -Wall -Wextra -std=c++17 -fopenmp -ffp-contract=off -DOMP_EXPLICIT_SIMD=1 -march=haswell,5454.218868,d0fdcd4b2e74abf3,passed
adaptive-simd_omp-avx2-t16-static-r1-firework.jpg,2026-09-20T03:37:37Z,firework.jpg,11125,16688,Adaptive_Median,1,16,static,,omp-avx2,yes,unset,unset,hype2,12.2.0,-O3 -Wall -Wextra -std=c++17 -fopenmp -ffp-contract=off -DOMP_EXPLICIT_SIMD=1 -march=haswell,5046.369811,cae2b8384ddb6aac,passed
adaptive-simd_omp-avx2-t16-static-r1-control_smooth_6000x6000.png,2026-09-20T03:37:38Z,control_smooth_6000x6000.png,6000,6000,Adaptive_Median,1,16,static,,omp-avx2,yes,unset,unset,hype2,12.2.0,-O3 -Wall -Wextra -std=c++17 -fopenmp -ffp-contract=off -DOMP_EXPLICIT_SIMD=1 -march=haswell,1033.845095,596e3c6929662ab9,passed
adaptive-simd_omp-avx2-t16-static-r1-control_noise_6000x6000.png,2026-09-20T03:37:40Z,control_noise_6000x6000.png,6000,6000,Adaptive_Median,1,16,static,,omp-avx2,yes,unset,unset,hype2,12.2.0,-O3 -Wall -Wextra -std=c++17 -fopenmp -ffp-contract=off -DOMP_EXPLICIT_SIMD=1 -march=haswell,772.537611,fcb58a627e9d9740,passed
adaptive-simd_omp-avx2-t16-static-r1-control_half_noise_6000x6000.png,2026-09-20T03:37:41Z,control_half_noise_6000x6000.png,6000,6000,Adaptive_Median,1,16,static,,omp-avx2,yes,unset,unset,hype2,12.2.0,-O3 -Wall -Wextra -std=c++17 -fopenmp -ffp-contract=off -DOMP_EXPLICIT_SIMD=1 -march=haswell,1014.375530,9d92a48896bfc25a,passed
adaptive-simd_omp-avx2-t16-static-r1-control_bands_256_6000x6000.png,2026-09-20T03:37:43Z,control_bands_256_6000x6000.png,6000,6000,Adaptive_Median,1,16,static,,omp-avx2,yes,unset,unset,hype2,12.2.0,-O3 -Wall -Wextra -std=c++17 -fopenmp -ffp-contract=off -DOMP_EXPLICIT_SIMD=1 -march=haswell,862.710840,8f9bc97f03d5aae1,passed
adaptive-simd_off-t16-dynamicx16-r1-sky.jpg,2026-09-20T03:37:45Z,sky.jpg,6936,9248,Adaptive_Median,1,16,dynamic,16,off,yes,unset,unset,hype2,12.2.0,-O3 -Wall -Wextra -std=c++17 -fopenmp -ffp-contract=off -DOMP_EXPLICIT_SIMD=0 -fno-tree-vectorize,1299.759122,1e7ae9152e9643d5,passed
adaptive-simd_off-t16-dynamicx16-r1-stars.jpg,2026-09-20T03:37:49Z,stars.jpg,12960,8640,Adaptive_Median,1,16,dynamic,16,off,yes,unset,unset,hype2,12.2.0,-O3 -Wall -Wextra -std=c++17 -fopenmp -ffp-contract=off -DOMP_EXPLICIT_SIMD=0 -fno-tree-vectorize,2033.748040,626f977055f1c658,passed
adaptive-simd_off-t16-dynamicx16-r1-rain_paisage.jpg,2026-09-20T03:37:57Z,rain_paisage.jpg,12288,16320,Adaptive_Median,1,16,dynamic,16,off,yes,unset,unset,hype2,12.2.0,-O3 -Wall -Wextra -std=c++17 -fopenmp -ffp-contract=off -DOMP_EXPLICIT_SIMD=0 -fno-tree-vectorize,3881.392498,d0fdcd4b2e74abf3,passed
adaptive-simd_off-t16-dynamicx16-r1-firework.jpg,2026-09-20T03:38:03Z,firework.jpg,11125,16688,Adaptive_Median,1,16,dynamic,16,off,yes,unset,unset,hype2,12.2.0,-O3 -Wall -Wextra -std=c++17 -fopenmp -ffp-contract=off -DOMP_EXPLICIT_SIMD=0 -fno-tree-vectorize,3765.013318,cae2b8384ddb6aac,passed
adaptive-simd_off-t16-dynamicx16-r1-control_smooth_6000x6000.png,2026-09-20T03:38:05Z,control_smooth_6000x6000.png,6000,6000,Adaptive_Median,1,16,dynamic,16,off,yes,unset,unset,hype2,12.2.0,-O3 -Wall -Wextra -std=c++17 -fopenmp -ffp-contract=off -DOMP_EXPLICIT_SIMD=0 -fno-tree-vectorize,1013.372682,596e3c6929662ab9,passed
adaptive-simd_off-t16-dynamicx16-r1-control_noise_6000x6000.png,2026-09-20T03:38:06Z,control_noise_6000x6000.png,6000,6000,Adaptive_Median,1,16,dynamic,16,off,yes,unset,unset,hype2,12.2.0,-O3 -Wall -Wextra -std=c++17 -fopenmp -ffp-contract=off -DOMP_EXPLICIT_SIMD=0 -fno-tree-vectorize,711.154671,fcb58a627e9d9740,passed
adaptive-simd_off-t16-dynamicx16-r1-control_half_noise_6000x6000.png,2026-09-20T03:38:08Z,control_half_noise_6000x6000.png,6000,6000,Adaptive_Median,1,16,dynamic,16,off,yes,unset,unset,hype2,12.2.0,-O3 -Wall -Wextra -std=c++17 -fopenmp -ffp-contract=off -DOMP_EXPLICIT_SIMD=0 -fno-tree-vectorize,737.141709,9d92a48896bfc25a,passed
adaptive-simd_off-t16-dynamicx16-r1-control_bands_256_6000x6000.png,2026-09-20T03:38:09Z,control_bands_256_6000x6000.png,6000,6000,Adaptive_Median,1,16,dynamic,16,off,yes,unset,unset,hype2,12.2.0,-O3 -Wall -Wextra -std=c++17 -fopenmp -ffp-contract=off -DOMP_EXPLICIT_SIMD=0 -fno-tree-vectorize,742.670991,8f9bc97f03d5aae1,passed
adaptive-simd_off-avx2-t16-dynamicx16-r1-sky.jpg,2026-09-20T03:38:11Z,sky.jpg,6936,9248,Adaptive_Median,1,16,dynamic,16,off-avx2,yes,unset,unset,hype2,12.2.0,-O3 -Wall -Wextra -std=c++17 -fopenmp -ffp-contract=off -DOMP_EXPLICIT_SIMD=0 -fno-tree-vectorize -march=haswell,1352.291137,1e7ae9152e9643d5,passed
adaptive-simd_off-avx2-t16-dynamicx16-r1-stars.jpg,2026-09-20T03:38:16Z,stars.jpg,12960,8640,Adaptive_Median,1,16,dynamic,16,off-avx2,yes,unset,unset,hype2,12.2.0,-O3 -Wall -Wextra -std=c++17 -fopenmp -ffp-contract=off -DOMP_EXPLICIT_SIMD=0 -fno-tree-vectorize -march=haswell,2128.447776,626f977055f1c658,passed
adaptive-simd_off-avx2-t16-dynamicx16-r1-rain_paisage.jpg,2026-09-20T03:38:23Z,rain_paisage.jpg,12288,16320,Adaptive_Median,1,16,dynamic,16,off-avx2,yes,unset,unset,hype2,12.2.0,-O3 -Wall -Wextra -std=c++17 -fopenmp -ffp-contract=off -DOMP_EXPLICIT_SIMD=0 -fno-tree-vectorize -march=haswell,4041.152371,d0fdcd4b2e74abf3,passed
adaptive-simd_off-avx2-t16-dynamicx16-r1-firework.jpg,2026-09-20T03:38:30Z,firework.jpg,11125,16688,Adaptive_Median,1,16,dynamic,16,off-avx2,yes,unset,unset,hype2,12.2.0,-O3 -Wall -Wextra -std=c++17 -fopenmp -ffp-contract=off -DOMP_EXPLICIT_SIMD=0 -fno-tree-vectorize -march=haswell,3918.579432,cae2b8384ddb6aac,passed
adaptive-simd_off-avx2-t16-dynamicx16-r1-control_smooth_6000x6000.png,2026-09-20T03:38:31Z,control_smooth_6000x6000.png,6000,6000,Adaptive_Median,1,16,dynamic,16,off-avx2,yes,unset,unset,hype2,12.2.0,-O3 -Wall -Wextra -std=c++17 -fopenmp -ffp-contract=off -DOMP_EXPLICIT_SIMD=0 -fno-tree-vectorize -march=haswell,1039.252080,596e3c6929662ab9,passed
adaptive-simd_off-avx2-t16-dynamicx16-r1-control_noise_6000x6000.png,2026-09-20T03:38:33Z,control_noise_6000x6000.png,6000,6000,Adaptive_Median,1,16,dynamic,16,off-avx2,yes,unset,unset,hype2,12.2.0,-O3 -Wall -Wextra -std=c++17 -fopenmp -ffp-contract=off -DOMP_EXPLICIT_SIMD=0 -fno-tree-vectorize -march=haswell,751.209932,fcb58a627e9d9740,passed
adaptive-simd_off-avx2-t16-dynamicx16-r1-control_half_noise_6000x6000.png,2026-09-20T03:38:34Z,control_half_noise_6000x6000.png,6000,6000,Adaptive_Median,1,16,dynamic,16,off-avx2,yes,unset,unset,hype2,12.2.0,-O3 -Wall -Wextra -std=c++17 -fopenmp -ffp-contract=off -DOMP_EXPLICIT_SIMD=0 -fno-tree-vectorize -march=haswell,764.378188,9d92a48896bfc25a,passed
adaptive-simd_off-avx2-t16-dynamicx16-r1-control_bands_256_6000x6000.png,2026-09-20T03:38:36Z,control_bands_256_6000x6000.png,6000,6000,Adaptive_Median,1,16,dynamic,16,off-avx2,yes,unset,unset,hype2,12.2.0,-O3 -Wall -Wextra -std=c++17 -fopenmp -ffp-contract=off -DOMP_EXPLICIT_SIMD=0 -fno-tree-vectorize -march=haswell,770.982546,8f9bc97f03d5aae1,passed
adaptive-simd_omp-t16-dynamicx16-r1-sky.jpg,2026-09-20T03:38:38Z,sky.jpg,6936,9248,Adaptive_Median,1,16,dynamic,16,omp,yes,unset,unset,hype2,12.2.0,-O3 -Wall -Wextra -std=c++17 -fopenmp -ffp-contract=off -DOMP_EXPLICIT_SIMD=1,1331.622762,1e7ae9152e9643d5,passed
adaptive-simd_omp-t16-dynamicx16-r1-stars.jpg,2026-09-20T03:38:42Z,stars.jpg,12960,8640,Adaptive_Median,1,16,dynamic,16,omp,yes,unset,unset,hype2,12.2.0,-O3 -Wall -Wextra -std=c++17 -fopenmp -ffp-contract=off -DOMP_EXPLICIT_SIMD=1,2091.349512,626f977055f1c658,passed
adaptive-simd_omp-t16-dynamicx16-r1-rain_paisage.jpg,2026-09-20T03:38:50Z,rain_paisage.jpg,12288,16320,Adaptive_Median,1,16,dynamic,16,omp,yes,unset,unset,hype2,12.2.0,-O3 -Wall -Wextra -std=c++17 -fopenmp -ffp-contract=off -DOMP_EXPLICIT_SIMD=1,3959.575597,d0fdcd4b2e74abf3,passed
adaptive-simd_omp-t16-dynamicx16-r1-firework.jpg,2026-09-20T03:38:56Z,firework.jpg,11125,16688,Adaptive_Median,1,16,dynamic,16,omp,yes,unset,unset,hype2,12.2.0,-O3 -Wall -Wextra -std=c++17 -fopenmp -ffp-contract=off -DOMP_EXPLICIT_SIMD=1,3842.455533,cae2b8384ddb6aac,passed
adaptive-simd_omp-t16-dynamicx16-r1-control_smooth_6000x6000.png,2026-09-20T03:38:58Z,control_smooth_6000x6000.png,6000,6000,Adaptive_Median,1,16,dynamic,16,omp,yes,unset,unset,hype2,12.2.0,-O3 -Wall -Wextra -std=c++17 -fopenmp -ffp-contract=off -DOMP_EXPLICIT_SIMD=1,1032.487271,596e3c6929662ab9,passed
adaptive-simd_omp-t16-dynamicx16-r1-control_noise_6000x6000.png,2026-09-20T03:38:59Z,control_noise_6000x6000.png,6000,6000,Adaptive_Median,1,16,dynamic,16,omp,yes,unset,unset,hype2,12.2.0,-O3 -Wall -Wextra -std=c++17 -fopenmp -ffp-contract=off -DOMP_EXPLICIT_SIMD=1,728.365128,fcb58a627e9d9740,passed
adaptive-simd_omp-t16-dynamicx16-r1-control_half_noise_6000x6000.png,2026-09-20T03:39:00Z,control_half_noise_6000x6000.png,6000,6000,Adaptive_Median,1,16,dynamic,16,omp,yes,unset,unset,hype2,12.2.0,-O3 -Wall -Wextra -std=c++17 -fopenmp -ffp-contract=off -DOMP_EXPLICIT_SIMD=1,753.524056,9d92a48896bfc25a,passed
adaptive-simd_omp-t16-dynamicx16-r1-control_bands_256_6000x6000.png,2026-09-20T03:39:02Z,control_bands_256_6000x6000.png,6000,6000,Adaptive_Median,1,16,dynamic,16,omp,yes,unset,unset,hype2,12.2.0,-O3 -Wall -Wextra -std=c++17 -fopenmp -ffp-contract=off -DOMP_EXPLICIT_SIMD=1,761.274240,8f9bc97f03d5aae1,passed
adaptive-simd_omp-avx2-t16-dynamicx16-r1-sky.jpg,2026-09-20T03:39:04Z,sky.jpg,6936,9248,Adaptive_Median,1,16,dynamic,16,omp-avx2,yes,unset,unset,hype2,12.2.0,-O3 -Wall -Wextra -std=c++17 -fopenmp -ffp-contract=off -DOMP_EXPLICIT_SIMD=1 -march=haswell,1380.795813,1e7ae9152e9643d5,passed
adaptive-simd_omp-avx2-t16-dynamicx16-r1-stars.jpg,2026-09-20T03:39:09Z,stars.jpg,12960,8640,Adaptive_Median,1,16,dynamic,16,omp-avx2,yes,unset,unset,hype2,12.2.0,-O3 -Wall -Wextra -std=c++17 -fopenmp -ffp-contract=off -DOMP_EXPLICIT_SIMD=1 -march=haswell,2174.153528,626f977055f1c658,passed
adaptive-simd_omp-avx2-t16-dynamicx16-r1-rain_paisage.jpg,2026-09-20T03:39:16Z,rain_paisage.jpg,12288,16320,Adaptive_Median,1,16,dynamic,16,omp-avx2,yes,unset,unset,hype2,12.2.0,-O3 -Wall -Wextra -std=c++17 -fopenmp -ffp-contract=off -DOMP_EXPLICIT_SIMD=1 -march=haswell,4087.406574,d0fdcd4b2e74abf3,passed
adaptive-simd_omp-avx2-t16-dynamicx16-r1-firework.jpg,2026-09-20T03:39:23Z,firework.jpg,11125,16688,Adaptive_Median,1,16,dynamic,16,omp-avx2,yes,unset,unset,hype2,12.2.0,-O3 -Wall -Wextra -std=c++17 -fopenmp -ffp-contract=off -DOMP_EXPLICIT_SIMD=1 -march=haswell,3979.266894,cae2b8384ddb6aac,passed
adaptive-simd_omp-avx2-t16-dynamicx16-r1-control_smooth_6000x6000.png,2026-09-20T03:39:24Z,control_smooth_6000x6000.png,6000,6000,Adaptive_Median,1,16,dynamic,16,omp-avx2,yes,unset,unset,hype2,12.2.0,-O3 -Wall -Wextra -std=c++17 -fopenmp -ffp-contract=off -DOMP_EXPLICIT_SIMD=1 -march=haswell,1052.848475,596e3c6929662ab9,passed
adaptive-simd_omp-avx2-t16-dynamicx16-r1-control_noise_6000x6000.png,2026-09-20T03:39:26Z,control_noise_6000x6000.png,6000,6000,Adaptive_Median,1,16,dynamic,16,omp-avx2,yes,unset,unset,hype2,12.2.0,-O3 -Wall -Wextra -std=c++17 -fopenmp -ffp-contract=off -DOMP_EXPLICIT_SIMD=1 -march=haswell,768.232476,fcb58a627e9d9740,passed
adaptive-simd_omp-avx2-t16-dynamicx16-r1-control_half_noise_6000x6000.png,2026-09-20T03:39:27Z,control_half_noise_6000x6000.png,6000,6000,Adaptive_Median,1,16,dynamic,16,omp-avx2,yes,unset,unset,hype2,12.2.0,-O3 -Wall -Wextra -std=c++17 -fopenmp -ffp-contract=off -DOMP_EXPLICIT_SIMD=1 -march=haswell,775.565706,9d92a48896bfc25a,passed
adaptive-simd_omp-avx2-t16-dynamicx16-r1-control_bands_256_6000x6000.png,2026-09-20T03:39:29Z,control_bands_256_6000x6000.png,6000,6000,Adaptive_Median,1,16,dynamic,16,omp-avx2,yes,unset,unset,hype2,12.2.0,-O3 -Wall -Wextra -std=c++17 -fopenmp -ffp-contract=off -DOMP_EXPLICIT_SIMD=1 -march=haswell,783.117138,8f9bc97f03d5aae1,passed
adaptive-simd_off-avx2-t16-static-r2-sky.jpg,2026-09-20T03:39:31Z,sky.jpg,6936,9248,Adaptive_Median,2,16,static,,off-avx2,yes,unset,unset,hype2,12.2.0,-O3 -Wall -Wextra -std=c++17 -fopenmp -ffp-contract=off -DOMP_EXPLICIT_SIMD=0 -fno-tree-vectorize -march=haswell,1409.074323,1e7ae9152e9643d5,passed
adaptive-simd_off-avx2-t16-static-r2-stars.jpg,2026-09-20T03:39:36Z,stars.jpg,12960,8640,Adaptive_Median,2,16,static,,off-avx2,yes,unset,unset,hype2,12.2.0,-O3 -Wall -Wextra -std=c++17 -fopenmp -ffp-contract=off -DOMP_EXPLICIT_SIMD=0 -fno-tree-vectorize -march=haswell,2281.896795,626f977055f1c658,passed
adaptive-simd_off-avx2-t16-static-r2-rain_paisage.jpg,2026-09-20T03:39:44Z,rain_paisage.jpg,12288,16320,Adaptive_Median,2,16,static,,off-avx2,yes,unset,unset,hype2,12.2.0,-O3 -Wall -Wextra -std=c++17 -fopenmp -ffp-contract=off -DOMP_EXPLICIT_SIMD=0 -fno-tree-vectorize -march=haswell,5402.632033,d0fdcd4b2e74abf3,passed
adaptive-simd_off-avx2-t16-static-r2-firework.jpg,2026-09-20T03:39:52Z,firework.jpg,11125,16688,Adaptive_Median,2,16,static,,off-avx2,yes,unset,unset,hype2,12.2.0,-O3 -Wall -Wextra -std=c++17 -fopenmp -ffp-contract=off -DOMP_EXPLICIT_SIMD=0 -fno-tree-vectorize -march=haswell,4966.257364,cae2b8384ddb6aac,passed
adaptive-simd_off-avx2-t16-static-r2-control_smooth_6000x6000.png,2026-09-20T03:39:54Z,control_smooth_6000x6000.png,6000,6000,Adaptive_Median,2,16,static,,off-avx2,yes,unset,unset,hype2,12.2.0,-O3 -Wall -Wextra -std=c++17 -fopenmp -ffp-contract=off -DOMP_EXPLICIT_SIMD=0 -fno-tree-vectorize -march=haswell,1017.843693,596e3c6929662ab9,passed
adaptive-simd_off-avx2-t16-static-r2-control_noise_6000x6000.png,2026-09-20T03:39:55Z,control_noise_6000x6000.png,6000,6000,Adaptive_Median,2,16,static,,off-avx2,yes,unset,unset,hype2,12.2.0,-O3 -Wall -Wextra -std=c++17 -fopenmp -ffp-contract=off -DOMP_EXPLICIT_SIMD=0 -fno-tree-vectorize -march=haswell,735.209662,fcb58a627e9d9740,passed
adaptive-simd_off-avx2-t16-static-r2-control_half_noise_6000x6000.png,2026-09-20T03:39:57Z,control_half_noise_6000x6000.png,6000,6000,Adaptive_Median,2,16,static,,off-avx2,yes,unset,unset,hype2,12.2.0,-O3 -Wall -Wextra -std=c++17 -fopenmp -ffp-contract=off -DOMP_EXPLICIT_SIMD=0 -fno-tree-vectorize -march=haswell,994.290565,9d92a48896bfc25a,passed
adaptive-simd_off-avx2-t16-static-r2-control_bands_256_6000x6000.png,2026-09-20T03:39:58Z,control_bands_256_6000x6000.png,6000,6000,Adaptive_Median,2,16,static,,off-avx2,yes,unset,unset,hype2,12.2.0,-O3 -Wall -Wextra -std=c++17 -fopenmp -ffp-contract=off -DOMP_EXPLICIT_SIMD=0 -fno-tree-vectorize -march=haswell,845.597323,8f9bc97f03d5aae1,passed
adaptive-simd_omp-t16-static-r2-sky.jpg,2026-09-20T03:40:01Z,sky.jpg,6936,9248,Adaptive_Median,2,16,static,,omp,yes,unset,unset,hype2,12.2.0,-O3 -Wall -Wextra -std=c++17 -fopenmp -ffp-contract=off -DOMP_EXPLICIT_SIMD=1,1393.739024,1e7ae9152e9643d5,passed
adaptive-simd_omp-t16-static-r2-stars.jpg,2026-09-20T03:40:05Z,stars.jpg,12960,8640,Adaptive_Median,2,16,static,,omp,yes,unset,unset,hype2,12.2.0,-O3 -Wall -Wextra -std=c++17 -fopenmp -ffp-contract=off -DOMP_EXPLICIT_SIMD=1,2238.599013,626f977055f1c658,passed
adaptive-simd_omp-t16-static-r2-rain_paisage.jpg,2026-09-20T03:40:14Z,rain_paisage.jpg,12288,16320,Adaptive_Median,2,16,static,,omp,yes,unset,unset,hype2,12.2.0,-O3 -Wall -Wextra -std=c++17 -fopenmp -ffp-contract=off -DOMP_EXPLICIT_SIMD=1,5328.097105,d0fdcd4b2e74abf3,passed
adaptive-simd_omp-t16-static-r2-firework.jpg,2026-09-20T03:40:22Z,firework.jpg,11125,16688,Adaptive_Median,2,16,static,,omp,yes,unset,unset,hype2,12.2.0,-O3 -Wall -Wextra -std=c++17 -fopenmp -ffp-contract=off -DOMP_EXPLICIT_SIMD=1,4927.593642,cae2b8384ddb6aac,passed
adaptive-simd_omp-t16-static-r2-control_smooth_6000x6000.png,2026-09-20T03:40:23Z,control_smooth_6000x6000.png,6000,6000,Adaptive_Median,2,16,static,,omp,yes,unset,unset,hype2,12.2.0,-O3 -Wall -Wextra -std=c++17 -fopenmp -ffp-contract=off -DOMP_EXPLICIT_SIMD=1,1010.476787,596e3c6929662ab9,passed
adaptive-simd_omp-t16-static-r2-control_noise_6000x6000.png,2026-09-20T03:40:24Z,control_noise_6000x6000.png,6000,6000,Adaptive_Median,2,16,static,,omp,yes,unset,unset,hype2,12.2.0,-O3 -Wall -Wextra -std=c++17 -fopenmp -ffp-contract=off -DOMP_EXPLICIT_SIMD=1,727.856952,fcb58a627e9d9740,passed
adaptive-simd_omp-t16-static-r2-control_half_noise_6000x6000.png,2026-09-20T03:40:26Z,control_half_noise_6000x6000.png,6000,6000,Adaptive_Median,2,16,static,,omp,yes,unset,unset,hype2,12.2.0,-O3 -Wall -Wextra -std=c++17 -fopenmp -ffp-contract=off -DOMP_EXPLICIT_SIMD=1,986.187324,9d92a48896bfc25a,passed
adaptive-simd_omp-t16-static-r2-control_bands_256_6000x6000.png,2026-09-20T03:40:28Z,control_bands_256_6000x6000.png,6000,6000,Adaptive_Median,2,16,static,,omp,yes,unset,unset,hype2,12.2.0,-O3 -Wall -Wextra -std=c++17 -fopenmp -ffp-contract=off -DOMP_EXPLICIT_SIMD=1,869.031867,8f9bc97f03d5aae1,passed
adaptive-simd_omp-avx2-t16-static-r2-sky.jpg,2026-09-20T03:40:30Z,sky.jpg,6936,9248,Adaptive_Median,2,16,static,,omp-avx2,yes,unset,unset,hype2,12.2.0,-O3 -Wall -Wextra -std=c++17 -fopenmp -ffp-contract=off -DOMP_EXPLICIT_SIMD=1 -march=haswell,1448.413295,1e7ae9152e9643d5,passed
adaptive-simd_omp-avx2-t16-static-r2-stars.jpg,2026-09-20T03:40:35Z,stars.jpg,12960,8640,Adaptive_Median,2,16,static,,omp-avx2,yes,unset,unset,hype2,12.2.0,-O3 -Wall -Wextra -std=c++17 -fopenmp -ffp-contract=off -DOMP_EXPLICIT_SIMD=1 -march=haswell,2323.693997,626f977055f1c658,passed
adaptive-simd_omp-avx2-t16-static-r2-rain_paisage.jpg,2026-09-20T03:40:43Z,rain_paisage.jpg,12288,16320,Adaptive_Median,2,16,static,,omp-avx2,yes,unset,unset,hype2,12.2.0,-O3 -Wall -Wextra -std=c++17 -fopenmp -ffp-contract=off -DOMP_EXPLICIT_SIMD=1 -march=haswell,5457.006254,d0fdcd4b2e74abf3,passed
adaptive-simd_omp-avx2-t16-static-r2-firework.jpg,2026-09-20T03:40:51Z,firework.jpg,11125,16688,Adaptive_Median,2,16,static,,omp-avx2,yes,unset,unset,hype2,12.2.0,-O3 -Wall -Wextra -std=c++17 -fopenmp -ffp-contract=off -DOMP_EXPLICIT_SIMD=1 -march=haswell,5044.300053,cae2b8384ddb6aac,passed
adaptive-simd_omp-avx2-t16-static-r2-control_smooth_6000x6000.png,2026-09-20T03:40:53Z,control_smooth_6000x6000.png,6000,6000,Adaptive_Median,2,16,static,,omp-avx2,yes,unset,unset,hype2,12.2.0,-O3 -Wall -Wextra -std=c++17 -fopenmp -ffp-contract=off -DOMP_EXPLICIT_SIMD=1 -march=haswell,1032.436763,596e3c6929662ab9,passed
adaptive-simd_omp-avx2-t16-static-r2-control_noise_6000x6000.png,2026-09-20T03:40:54Z,control_noise_6000x6000.png,6000,6000,Adaptive_Median,2,16,static,,omp-avx2,yes,unset,unset,hype2,12.2.0,-O3 -Wall -Wextra -std=c++17 -fopenmp -ffp-contract=off -DOMP_EXPLICIT_SIMD=1 -march=haswell,772.575593,fcb58a627e9d9740,passed
adaptive-simd_omp-avx2-t16-static-r2-control_half_noise_6000x6000.png,2026-09-20T03:40:56Z,control_half_noise_6000x6000.png,6000,6000,Adaptive_Median,2,16,static,,omp-avx2,yes,unset,unset,hype2,12.2.0,-O3 -Wall -Wextra -std=c++17 -fopenmp -ffp-contract=off -DOMP_EXPLICIT_SIMD=1 -march=haswell,1014.199613,9d92a48896bfc25a,passed
adaptive-simd_omp-avx2-t16-static-r2-control_bands_256_6000x6000.png,2026-09-20T03:40:57Z,control_bands_256_6000x6000.png,6000,6000,Adaptive_Median,2,16,static,,omp-avx2,yes,unset,unset,hype2,12.2.0,-O3 -Wall -Wextra -std=c++17 -fopenmp -ffp-contract=off -DOMP_EXPLICIT_SIMD=1 -march=haswell,860.735452,8f9bc97f03d5aae1,passed
adaptive-simd_off-t16-dynamicx16-r2-sky.jpg,2026-09-20T03:41:00Z,sky.jpg,6936,9248,Adaptive_Median,2,16,dynamic,16,off,yes,unset,unset,hype2,12.2.0,-O3 -Wall -Wextra -std=c++17 -fopenmp -ffp-contract=off -DOMP_EXPLICIT_SIMD=0 -fno-tree-vectorize,1302.212859,1e7ae9152e9643d5,passed
adaptive-simd_off-t16-dynamicx16-r2-stars.jpg,2026-09-20T03:41:04Z,stars.jpg,12960,8640,Adaptive_Median,2,16,dynamic,16,off,yes,unset,unset,hype2,12.2.0,-O3 -Wall -Wextra -std=c++17 -fopenmp -ffp-contract=off -DOMP_EXPLICIT_SIMD=0 -fno-tree-vectorize,2034.593734,626f977055f1c658,passed
adaptive-simd_off-t16-dynamicx16-r2-rain_paisage.jpg,2026-09-20T03:41:11Z,rain_paisage.jpg,12288,16320,Adaptive_Median,2,16,dynamic,16,off,yes,unset,unset,hype2,12.2.0,-O3 -Wall -Wextra -std=c++17 -fopenmp -ffp-contract=off -DOMP_EXPLICIT_SIMD=0 -fno-tree-vectorize,3882.154632,d0fdcd4b2e74abf3,passed
adaptive-simd_off-t16-dynamicx16-r2-firework.jpg,2026-09-20T03:41:18Z,firework.jpg,11125,16688,Adaptive_Median,2,16,dynamic,16,off,yes,unset,unset,hype2,12.2.0,-O3 -Wall -Wextra -std=c++17 -fopenmp -ffp-contract=off -DOMP_EXPLICIT_SIMD=0 -fno-tree-vectorize,3765.380226,cae2b8384ddb6aac,passed
adaptive-simd_off-t16-dynamicx16-r2-control_smooth_6000x6000.png,2026-09-20T03:41:19Z,control_smooth_6000x6000.png,6000,6000,Adaptive_Median,2,16,dynamic,16,off,yes,unset,unset,hype2,12.2.0,-O3 -Wall -Wextra -std=c++17 -fopenmp -ffp-contract=off -DOMP_EXPLICIT_SIMD=0 -fno-tree-vectorize,1013.344513,596e3c6929662ab9,passed
adaptive-simd_off-t16-dynamicx16-r2-control_noise_6000x6000.png,2026-09-20T03:41:20Z,control_noise_6000x6000.png,6000,6000,Adaptive_Median,2,16,dynamic,16,off,yes,unset,unset,hype2,12.2.0,-O3 -Wall -Wextra -std=c++17 -fopenmp -ffp-contract=off -DOMP_EXPLICIT_SIMD=0 -fno-tree-vectorize,711.875866,fcb58a627e9d9740,passed
adaptive-simd_off-t16-dynamicx16-r2-control_half_noise_6000x6000.png,2026-09-20T03:41:22Z,control_half_noise_6000x6000.png,6000,6000,Adaptive_Median,2,16,dynamic,16,off,yes,unset,unset,hype2,12.2.0,-O3 -Wall -Wextra -std=c++17 -fopenmp -ffp-contract=off -DOMP_EXPLICIT_SIMD=0 -fno-tree-vectorize,737.755761,9d92a48896bfc25a,passed
adaptive-simd_off-t16-dynamicx16-r2-control_bands_256_6000x6000.png,2026-09-20T03:41:24Z,control_bands_256_6000x6000.png,6000,6000,Adaptive_Median,2,16,dynamic,16,off,yes,unset,unset,hype2,12.2.0,-O3 -Wall -Wextra -std=c++17 -fopenmp -ffp-contract=off -DOMP_EXPLICIT_SIMD=0 -fno-tree-vectorize,742.151506,8f9bc97f03d5aae1,passed
adaptive-simd_off-avx2-t16-dynamicx16-r2-sky.jpg,2026-09-20T03:41:26Z,sky.jpg,6936,9248,Adaptive_Median,2,16,dynamic,16,off-avx2,yes,unset,unset,hype2,12.2.0,-O3 -Wall -Wextra -std=c++17 -fopenmp -ffp-contract=off -DOMP_EXPLICIT_SIMD=0 -fno-tree-vectorize -march=haswell,1352.230913,1e7ae9152e9643d5,passed
adaptive-simd_off-avx2-t16-dynamicx16-r2-stars.jpg,2026-09-20T03:41:30Z,stars.jpg,12960,8640,Adaptive_Median,2,16,dynamic,16,off-avx2,yes,unset,unset,hype2,12.2.0,-O3 -Wall -Wextra -std=c++17 -fopenmp -ffp-contract=off -DOMP_EXPLICIT_SIMD=0 -fno-tree-vectorize -march=haswell,2130.540694,626f977055f1c658,passed
adaptive-simd_off-avx2-t16-dynamicx16-r2-rain_paisage.jpg,2026-09-20T03:41:37Z,rain_paisage.jpg,12288,16320,Adaptive_Median,2,16,dynamic,16,off-avx2,yes,unset,unset,hype2,12.2.0,-O3 -Wall -Wextra -std=c++17 -fopenmp -ffp-contract=off -DOMP_EXPLICIT_SIMD=0 -fno-tree-vectorize -march=haswell,4043.845771,d0fdcd4b2e74abf3,passed
adaptive-simd_off-avx2-t16-dynamicx16-r2-firework.jpg,2026-09-20T03:41:44Z,firework.jpg,11125,16688,Adaptive_Median,2,16,dynamic,16,off-avx2,yes,unset,unset,hype2,12.2.0,-O3 -Wall -Wextra -std=c++17 -fopenmp -ffp-contract=off -DOMP_EXPLICIT_SIMD=0 -fno-tree-vectorize -march=haswell,3918.404871,cae2b8384ddb6aac,passed
adaptive-simd_off-avx2-t16-dynamicx16-r2-control_smooth_6000x6000.png,2026-09-20T03:41:46Z,control_smooth_6000x6000.png,6000,6000,Adaptive_Median,2,16,dynamic,16,off-avx2,yes,unset,unset,hype2,12.2.0,-O3 -Wall -Wextra -std=c++17 -fopenmp -ffp-contract=off -DOMP_EXPLICIT_SIMD=0 -fno-tree-vectorize -march=haswell,1038.940645,596e3c6929662ab9,passed
adaptive-simd_off-avx2-t16-dynamicx16-r2-control_noise_6000x6000.png,2026-09-20T03:41:47Z,control_noise_6000x6000.png,6000,6000,Adaptive_Median,2,16,dynamic,16,off-avx2,yes,unset,unset,hype2,12.2.0,-O3 -Wall -Wextra -std=c++17 -fopenmp -ffp-contract=off -DOMP_EXPLICIT_SIMD=0 -fno-tree-vectorize -march=haswell,747.780711,fcb58a627e9d9740,passed
adaptive-simd_off-avx2-t16-dynamicx16-r2-control_half_noise_6000x6000.png,2026-09-20T03:41:49Z,control_half_noise_6000x6000.png,6000,6000,Adaptive_Median,2,16,dynamic,16,off-avx2,yes,unset,unset,hype2,12.2.0,-O3 -Wall -Wextra -std=c++17 -fopenmp -ffp-contract=off -DOMP_EXPLICIT_SIMD=0 -fno-tree-vectorize -march=haswell,761.581995,9d92a48896bfc25a,passed
adaptive-simd_off-avx2-t16-dynamicx16-r2-control_bands_256_6000x6000.png,2026-09-20T03:41:50Z,control_bands_256_6000x6000.png,6000,6000,Adaptive_Median,2,16,dynamic,16,off-avx2,yes,unset,unset,hype2,12.2.0,-O3 -Wall -Wextra -std=c++17 -fopenmp -ffp-contract=off -DOMP_EXPLICIT_SIMD=0 -fno-tree-vectorize -march=haswell,769.918855,8f9bc97f03d5aae1,passed
adaptive-simd_omp-t16-dynamicx16-r2-sky.jpg,2026-09-20T03:41:52Z,sky.jpg,6936,9248,Adaptive_Median,2,16,dynamic,16,omp,yes,unset,unset,hype2,12.2.0,-O3 -Wall -Wextra -std=c++17 -fopenmp -ffp-contract=off -DOMP_EXPLICIT_SIMD=1,1331.765719,1e7ae9152e9643d5,passed
adaptive-simd_omp-t16-dynamicx16-r2-stars.jpg,2026-09-20T03:41:57Z,stars.jpg,12960,8640,Adaptive_Median,2,16,dynamic,16,omp,yes,unset,unset,hype2,12.2.0,-O3 -Wall -Wextra -std=c++17 -fopenmp -ffp-contract=off -DOMP_EXPLICIT_SIMD=1,2090.900205,626f977055f1c658,passed
adaptive-simd_omp-t16-dynamicx16-r2-rain_paisage.jpg,2026-09-20T03:42:04Z,rain_paisage.jpg,12288,16320,Adaptive_Median,2,16,dynamic,16,omp,yes,unset,unset,hype2,12.2.0,-O3 -Wall -Wextra -std=c++17 -fopenmp -ffp-contract=off -DOMP_EXPLICIT_SIMD=1,3959.893573,d0fdcd4b2e74abf3,passed
adaptive-simd_omp-t16-dynamicx16-r2-firework.jpg,2026-09-20T03:42:11Z,firework.jpg,11125,16688,Adaptive_Median,2,16,dynamic,16,omp,yes,unset,unset,hype2,12.2.0,-O3 -Wall -Wextra -std=c++17 -fopenmp -ffp-contract=off -DOMP_EXPLICIT_SIMD=1,3864.187451,cae2b8384ddb6aac,passed
adaptive-simd_omp-t16-dynamicx16-r2-control_smooth_6000x6000.png,2026-09-20T03:42:12Z,control_smooth_6000x6000.png,6000,6000,Adaptive_Median,2,16,dynamic,16,omp,yes,unset,unset,hype2,12.2.0,-O3 -Wall -Wextra -std=c++17 -fopenmp -ffp-contract=off -DOMP_EXPLICIT_SIMD=1,1033.060015,596e3c6929662ab9,passed
adaptive-simd_omp-t16-dynamicx16-r2-control_noise_6000x6000.png,2026-09-20T03:42:13Z,control_noise_6000x6000.png,6000,6000,Adaptive_Median,2,16,dynamic,16,omp,yes,unset,unset,hype2,12.2.0,-O3 -Wall -Wextra -std=c++17 -fopenmp -ffp-contract=off -DOMP_EXPLICIT_SIMD=1,728.092804,fcb58a627e9d9740,passed
adaptive-simd_omp-t16-dynamicx16-r2-control_half_noise_6000x6000.png,2026-09-20T03:42:15Z,control_half_noise_6000x6000.png,6000,6000,Adaptive_Median,2,16,dynamic,16,omp,yes,unset,unset,hype2,12.2.0,-O3 -Wall -Wextra -std=c++17 -fopenmp -ffp-contract=off -DOMP_EXPLICIT_SIMD=1,756.126054,9d92a48896bfc25a,passed
adaptive-simd_omp-t16-dynamicx16-r2-control_bands_256_6000x6000.png,2026-09-20T03:42:16Z,control_bands_256_6000x6000.png,6000,6000,Adaptive_Median,2,16,dynamic,16,omp,yes,unset,unset,hype2,12.2.0,-O3 -Wall -Wextra -std=c++17 -fopenmp -ffp-contract=off -DOMP_EXPLICIT_SIMD=1,760.623664,8f9bc97f03d5aae1,passed
adaptive-simd_omp-avx2-t16-dynamicx16-r2-sky.jpg,2026-09-20T03:42:19Z,sky.jpg,6936,9248,Adaptive_Median,2,16,dynamic,16,omp-avx2,yes,unset,unset,hype2,12.2.0,-O3 -Wall -Wextra -std=c++17 -fopenmp -ffp-contract=off -DOMP_EXPLICIT_SIMD=1 -march=haswell,1376.774280,1e7ae9152e9643d5,passed
adaptive-simd_omp-avx2-t16-dynamicx16-r2-stars.jpg,2026-09-20T03:42:23Z,stars.jpg,12960,8640,Adaptive_Median,2,16,dynamic,16,omp-avx2,yes,unset,unset,hype2,12.2.0,-O3 -Wall -Wextra -std=c++17 -fopenmp -ffp-contract=off -DOMP_EXPLICIT_SIMD=1 -march=haswell,2174.268900,626f977055f1c658,passed
adaptive-simd_omp-avx2-t16-dynamicx16-r2-rain_paisage.jpg,2026-09-20T03:42:31Z,rain_paisage.jpg,12288,16320,Adaptive_Median,2,16,dynamic,16,omp-avx2,yes,unset,unset,hype2,12.2.0,-O3 -Wall -Wextra -std=c++17 -fopenmp -ffp-contract=off -DOMP_EXPLICIT_SIMD=1 -march=haswell,4087.144445,d0fdcd4b2e74abf3,passed
adaptive-simd_omp-avx2-t16-dynamicx16-r2-firework.jpg,2026-09-20T03:42:37Z,firework.jpg,11125,16688,Adaptive_Median,2,16,dynamic,16,omp-avx2,yes,unset,unset,hype2,12.2.0,-O3 -Wall -Wextra -std=c++17 -fopenmp -ffp-contract=off -DOMP_EXPLICIT_SIMD=1 -march=haswell,3979.281177,cae2b8384ddb6aac,passed
adaptive-simd_omp-avx2-t16-dynamicx16-r2-control_smooth_6000x6000.png,2026-09-20T03:42:39Z,control_smooth_6000x6000.png,6000,6000,Adaptive_Median,2,16,dynamic,16,omp-avx2,yes,unset,unset,hype2,12.2.0,-O3 -Wall -Wextra -std=c++17 -fopenmp -ffp-contract=off -DOMP_EXPLICIT_SIMD=1 -march=haswell,1052.892494,596e3c6929662ab9,passed
adaptive-simd_omp-avx2-t16-dynamicx16-r2-control_noise_6000x6000.png,2026-09-20T03:42:40Z,control_noise_6000x6000.png,6000,6000,Adaptive_Median,2,16,dynamic,16,omp-avx2,yes,unset,unset,hype2,12.2.0,-O3 -Wall -Wextra -std=c++17 -fopenmp -ffp-contract=off -DOMP_EXPLICIT_SIMD=1 -march=haswell,768.889540,fcb58a627e9d9740,passed
adaptive-simd_omp-avx2-t16-dynamicx16-r2-control_half_noise_6000x6000.png,2026-09-20T03:42:42Z,control_half_noise_6000x6000.png,6000,6000,Adaptive_Median,2,16,dynamic,16,omp-avx2,yes,unset,unset,hype2,12.2.0,-O3 -Wall -Wextra -std=c++17 -fopenmp -ffp-contract=off -DOMP_EXPLICIT_SIMD=1 -march=haswell,776.974238,9d92a48896bfc25a,passed
adaptive-simd_omp-avx2-t16-dynamicx16-r2-control_bands_256_6000x6000.png,2026-09-20T03:42:43Z,control_bands_256_6000x6000.png,6000,6000,Adaptive_Median,2,16,dynamic,16,omp-avx2,yes,unset,unset,hype2,12.2.0,-O3 -Wall -Wextra -std=c++17 -fopenmp -ffp-contract=off -DOMP_EXPLICIT_SIMD=1 -march=haswell,783.530156,8f9bc97f03d5aae1,passed
adaptive-simd_off-t16-static-r2-sky.jpg,2026-09-20T03:42:46Z,sky.jpg,6936,9248,Adaptive_Median,2,16,static,,off,yes,unset,unset,hype2,12.2.0,-O3 -Wall -Wextra -std=c++17 -fopenmp -ffp-contract=off -DOMP_EXPLICIT_SIMD=0 -fno-tree-vectorize,1392.385461,1e7ae9152e9643d5,passed
adaptive-simd_off-t16-static-r2-stars.jpg,2026-09-20T03:42:50Z,stars.jpg,12960,8640,Adaptive_Median,2,16,static,,off,yes,unset,unset,hype2,12.2.0,-O3 -Wall -Wextra -std=c++17 -fopenmp -ffp-contract=off -DOMP_EXPLICIT_SIMD=0 -fno-tree-vectorize,2184.564611,626f977055f1c658,passed
adaptive-simd_off-t16-static-r2-rain_paisage.jpg,2026-09-20T03:42:58Z,rain_paisage.jpg,12288,16320,Adaptive_Median,2,16,static,,off,yes,unset,unset,hype2,12.2.0,-O3 -Wall -Wextra -std=c++17 -fopenmp -ffp-contract=off -DOMP_EXPLICIT_SIMD=0 -fno-tree-vectorize,5228.364061,d0fdcd4b2e74abf3,passed
adaptive-simd_off-t16-static-r2-firework.jpg,2026-09-20T03:43:06Z,firework.jpg,11125,16688,Adaptive_Median,2,16,static,,off,yes,unset,unset,hype2,12.2.0,-O3 -Wall -Wextra -std=c++17 -fopenmp -ffp-contract=off -DOMP_EXPLICIT_SIMD=0 -fno-tree-vectorize,4807.782462,cae2b8384ddb6aac,passed
adaptive-simd_off-t16-static-r2-control_smooth_6000x6000.png,2026-09-20T03:43:08Z,control_smooth_6000x6000.png,6000,6000,Adaptive_Median,2,16,static,,off,yes,unset,unset,hype2,12.2.0,-O3 -Wall -Wextra -std=c++17 -fopenmp -ffp-contract=off -DOMP_EXPLICIT_SIMD=0 -fno-tree-vectorize,994.424210,596e3c6929662ab9,passed
adaptive-simd_off-t16-static-r2-control_noise_6000x6000.png,2026-09-20T03:43:09Z,control_noise_6000x6000.png,6000,6000,Adaptive_Median,2,16,static,,off,yes,unset,unset,hype2,12.2.0,-O3 -Wall -Wextra -std=c++17 -fopenmp -ffp-contract=off -DOMP_EXPLICIT_SIMD=0 -fno-tree-vectorize,696.370978,fcb58a627e9d9740,passed
adaptive-simd_off-t16-static-r2-control_half_noise_6000x6000.png,2026-09-20T03:43:11Z,control_half_noise_6000x6000.png,6000,6000,Adaptive_Median,2,16,static,,off,yes,unset,unset,hype2,12.2.0,-O3 -Wall -Wextra -std=c++17 -fopenmp -ffp-contract=off -DOMP_EXPLICIT_SIMD=0 -fno-tree-vectorize,970.293115,9d92a48896bfc25a,passed
adaptive-simd_off-t16-static-r2-control_bands_256_6000x6000.png,2026-09-20T03:43:12Z,control_bands_256_6000x6000.png,6000,6000,Adaptive_Median,2,16,static,,off,yes,unset,unset,hype2,12.2.0,-O3 -Wall -Wextra -std=c++17 -fopenmp -ffp-contract=off -DOMP_EXPLICIT_SIMD=0 -fno-tree-vectorize,817.844224,8f9bc97f03d5aae1,passed
adaptive-simd_omp-t16-static-r3-sky.jpg,2026-09-20T03:43:15Z,sky.jpg,6936,9248,Adaptive_Median,3,16,static,,omp,yes,unset,unset,hype2,12.2.0,-O3 -Wall -Wextra -std=c++17 -fopenmp -ffp-contract=off -DOMP_EXPLICIT_SIMD=1,1390.141545,1e7ae9152e9643d5,passed
adaptive-simd_omp-t16-static-r3-stars.jpg,2026-09-20T03:43:19Z,stars.jpg,12960,8640,Adaptive_Median,3,16,static,,omp,yes,unset,unset,hype2,12.2.0,-O3 -Wall -Wextra -std=c++17 -fopenmp -ffp-contract=off -DOMP_EXPLICIT_SIMD=1,2234.459168,626f977055f1c658,passed
adaptive-simd_omp-t16-static-r3-rain_paisage.jpg,2026-09-20T03:43:28Z,rain_paisage.jpg,12288,16320,Adaptive_Median,3,16,static,,omp,yes,unset,unset,hype2,12.2.0,-O3 -Wall -Wextra -std=c++17 -fopenmp -ffp-contract=off -DOMP_EXPLICIT_SIMD=1,5309.656427,d0fdcd4b2e74abf3,passed
adaptive-simd_omp-t16-static-r3-firework.jpg,2026-09-20T03:43:35Z,firework.jpg,11125,16688,Adaptive_Median,3,16,static,,omp,yes,unset,unset,hype2,12.2.0,-O3 -Wall -Wextra -std=c++17 -fopenmp -ffp-contract=off -DOMP_EXPLICIT_SIMD=1,4882.041259,cae2b8384ddb6aac,passed
adaptive-simd_omp-t16-static-r3-control_smooth_6000x6000.png,2026-09-20T03:43:37Z,control_smooth_6000x6000.png,6000,6000,Adaptive_Median,3,16,static,,omp,yes,unset,unset,hype2,12.2.0,-O3 -Wall -Wextra -std=c++17 -fopenmp -ffp-contract=off -DOMP_EXPLICIT_SIMD=1,1015.192112,596e3c6929662ab9,passed
adaptive-simd_omp-t16-static-r3-control_noise_6000x6000.png,2026-09-20T03:43:38Z,control_noise_6000x6000.png,6000,6000,Adaptive_Median,3,16,static,,omp,yes,unset,unset,hype2,12.2.0,-O3 -Wall -Wextra -std=c++17 -fopenmp -ffp-contract=off -DOMP_EXPLICIT_SIMD=1,711.692397,fcb58a627e9d9740,passed
adaptive-simd_omp-t16-static-r3-control_half_noise_6000x6000.png,2026-09-20T03:43:40Z,control_half_noise_6000x6000.png,6000,6000,Adaptive_Median,3,16,static,,omp,yes,unset,unset,hype2,12.2.0,-O3 -Wall -Wextra -std=c++17 -fopenmp -ffp-contract=off -DOMP_EXPLICIT_SIMD=1,991.217030,9d92a48896bfc25a,passed
adaptive-simd_omp-t16-static-r3-control_bands_256_6000x6000.png,2026-09-20T03:43:41Z,control_bands_256_6000x6000.png,6000,6000,Adaptive_Median,3,16,static,,omp,yes,unset,unset,hype2,12.2.0,-O3 -Wall -Wextra -std=c++17 -fopenmp -ffp-contract=off -DOMP_EXPLICIT_SIMD=1,837.199622,8f9bc97f03d5aae1,passed
adaptive-simd_omp-avx2-t16-static-r3-sky.jpg,2026-09-20T03:43:44Z,sky.jpg,6936,9248,Adaptive_Median,3,16,static,,omp-avx2,yes,unset,unset,hype2,12.2.0,-O3 -Wall -Wextra -std=c++17 -fopenmp -ffp-contract=off -DOMP_EXPLICIT_SIMD=1 -march=haswell,1433.893864,1e7ae9152e9643d5,passed
adaptive-simd_omp-avx2-t16-static-r3-stars.jpg,2026-09-20T03:43:48Z,stars.jpg,12960,8640,Adaptive_Median,3,16,static,,omp-avx2,yes,unset,unset,hype2,12.2.0,-O3 -Wall -Wextra -std=c++17 -fopenmp -ffp-contract=off -DOMP_EXPLICIT_SIMD=1 -march=haswell,2322.186985,626f977055f1c658,passed
adaptive-simd_omp-avx2-t16-static-r3-rain_paisage.jpg,2026-09-20T03:43:57Z,rain_paisage.jpg,12288,16320,Adaptive_Median,3,16,static,,omp-avx2,yes,unset,unset,hype2,12.2.0,-O3 -Wall -Wextra -std=c++17 -fopenmp -ffp-contract=off -DOMP_EXPLICIT_SIMD=1 -march=haswell,5463.948258,d0fdcd4b2e74abf3,passed
adaptive-simd_omp-avx2-t16-static-r3-firework.jpg,2026-09-20T03:44:05Z,firework.jpg,11125,16688,Adaptive_Median,3,16,static,,omp-avx2,yes,unset,unset,hype2,12.2.0,-O3 -Wall -Wextra -std=c++17 -fopenmp -ffp-contract=off -DOMP_EXPLICIT_SIMD=1 -march=haswell,5045.959608,cae2b8384ddb6aac,passed
adaptive-simd_omp-avx2-t16-static-r3-control_smooth_6000x6000.png,2026-09-20T03:44:06Z,control_smooth_6000x6000.png,6000,6000,Adaptive_Median,3,16,static,,omp-avx2,yes,unset,unset,hype2,12.2.0,-O3 -Wall -Wextra -std=c++17 -fopenmp -ffp-contract=off -DOMP_EXPLICIT_SIMD=1 -march=haswell,1032.184955,596e3c6929662ab9,passed
adaptive-simd_omp-avx2-t16-static-r3-control_noise_6000x6000.png,2026-09-20T03:44:08Z,control_noise_6000x6000.png,6000,6000,Adaptive_Median,3,16,static,,omp-avx2,yes,unset,unset,hype2,12.2.0,-O3 -Wall -Wextra -std=c++17 -fopenmp -ffp-contract=off -DOMP_EXPLICIT_SIMD=1 -march=haswell,751.152404,fcb58a627e9d9740,passed
adaptive-simd_omp-avx2-t16-static-r3-control_half_noise_6000x6000.png,2026-09-20T03:44:09Z,control_half_noise_6000x6000.png,6000,6000,Adaptive_Median,3,16,static,,omp-avx2,yes,unset,unset,hype2,12.2.0,-O3 -Wall -Wextra -std=c++17 -fopenmp -ffp-contract=off -DOMP_EXPLICIT_SIMD=1 -march=haswell,1018.195904,9d92a48896bfc25a,passed
adaptive-simd_omp-avx2-t16-static-r3-control_bands_256_6000x6000.png,2026-09-20T03:44:11Z,control_bands_256_6000x6000.png,6000,6000,Adaptive_Median,3,16,static,,omp-avx2,yes,unset,unset,hype2,12.2.0,-O3 -Wall -Wextra -std=c++17 -fopenmp -ffp-contract=off -DOMP_EXPLICIT_SIMD=1 -march=haswell,861.152125,8f9bc97f03d5aae1,passed
adaptive-simd_off-t16-dynamicx16-r3-sky.jpg,2026-09-20T03:44:13Z,sky.jpg,6936,9248,Adaptive_Median,3,16,dynamic,16,off,yes,unset,unset,hype2,12.2.0,-O3 -Wall -Wextra -std=c++17 -fopenmp -ffp-contract=off -DOMP_EXPLICIT_SIMD=0 -fno-tree-vectorize,1298.598071,1e7ae9152e9643d5,passed
adaptive-simd_off-t16-dynamicx16-r3-stars.jpg,2026-09-20T03:44:18Z,stars.jpg,12960,8640,Adaptive_Median,3,16,dynamic,16,off,yes,unset,unset,hype2,12.2.0,-O3 -Wall -Wextra -std=c++17 -fopenmp -ffp-contract=off -DOMP_EXPLICIT_SIMD=0 -fno-tree-vectorize,2033.164498,626f977055f1c658,passed
adaptive-simd_off-t16-dynamicx16-r3-rain_paisage.jpg,2026-09-20T03:44:25Z,rain_paisage.jpg,12288,16320,Adaptive_Median,3,16,dynamic,16,off,yes,unset,unset,hype2,12.2.0,-O3 -Wall -Wextra -std=c++17 -fopenmp -ffp-contract=off -DOMP_EXPLICIT_SIMD=0 -fno-tree-vectorize,3885.034994,d0fdcd4b2e74abf3,passed
adaptive-simd_off-t16-dynamicx16-r3-firework.jpg,2026-09-20T03:44:31Z,firework.jpg,11125,16688,Adaptive_Median,3,16,dynamic,16,off,yes,unset,unset,hype2,12.2.0,-O3 -Wall -Wextra -std=c++17 -fopenmp -ffp-contract=off -DOMP_EXPLICIT_SIMD=0 -fno-tree-vectorize,3766.933280,cae2b8384ddb6aac,passed
adaptive-simd_off-t16-dynamicx16-r3-control_smooth_6000x6000.png,2026-09-20T03:44:33Z,control_smooth_6000x6000.png,6000,6000,Adaptive_Median,3,16,dynamic,16,off,yes,unset,unset,hype2,12.2.0,-O3 -Wall -Wextra -std=c++17 -fopenmp -ffp-contract=off -DOMP_EXPLICIT_SIMD=0 -fno-tree-vectorize,1011.520493,596e3c6929662ab9,passed
adaptive-simd_off-t16-dynamicx16-r3-control_noise_6000x6000.png,2026-09-20T03:44:34Z,control_noise_6000x6000.png,6000,6000,Adaptive_Median,3,16,dynamic,16,off,yes,unset,unset,hype2,12.2.0,-O3 -Wall -Wextra -std=c++17 -fopenmp -ffp-contract=off -DOMP_EXPLICIT_SIMD=0 -fno-tree-vectorize,711.124521,fcb58a627e9d9740,passed
adaptive-simd_off-t16-dynamicx16-r3-control_half_noise_6000x6000.png,2026-09-20T03:44:36Z,control_half_noise_6000x6000.png,6000,6000,Adaptive_Median,3,16,dynamic,16,off,yes,unset,unset,hype2,12.2.0,-O3 -Wall -Wextra -std=c++17 -fopenmp -ffp-contract=off -DOMP_EXPLICIT_SIMD=0 -fno-tree-vectorize,736.764127,9d92a48896bfc25a,passed
adaptive-simd_off-t16-dynamicx16-r3-control_bands_256_6000x6000.png,2026-09-20T03:44:37Z,control_bands_256_6000x6000.png,6000,6000,Adaptive_Median,3,16,dynamic,16,off,yes,unset,unset,hype2,12.2.0,-O3 -Wall -Wextra -std=c++17 -fopenmp -ffp-contract=off -DOMP_EXPLICIT_SIMD=0 -fno-tree-vectorize,743.733068,8f9bc97f03d5aae1,passed
adaptive-simd_off-avx2-t16-dynamicx16-r3-sky.jpg,2026-09-20T03:44:40Z,sky.jpg,6936,9248,Adaptive_Median,3,16,dynamic,16,off-avx2,yes,unset,unset,hype2,12.2.0,-O3 -Wall -Wextra -std=c++17 -fopenmp -ffp-contract=off -DOMP_EXPLICIT_SIMD=0 -fno-tree-vectorize -march=haswell,1354.946894,1e7ae9152e9643d5,passed
adaptive-simd_off-avx2-t16-dynamicx16-r3-stars.jpg,2026-09-20T03:44:44Z,stars.jpg,12960,8640,Adaptive_Median,3,16,dynamic,16,off-avx2,yes,unset,unset,hype2,12.2.0,-O3 -Wall -Wextra -std=c++17 -fopenmp -ffp-contract=off -DOMP_EXPLICIT_SIMD=0 -fno-tree-vectorize -march=haswell,2128.347688,626f977055f1c658,passed
adaptive-simd_off-avx2-t16-dynamicx16-r3-rain_paisage.jpg,2026-09-20T03:44:51Z,rain_paisage.jpg,12288,16320,Adaptive_Median,3,16,dynamic,16,off-avx2,yes,unset,unset,hype2,12.2.0,-O3 -Wall -Wextra -std=c++17 -fopenmp -ffp-contract=off -DOMP_EXPLICIT_SIMD=0 -fno-tree-vectorize -march=haswell,4042.852697,d0fdcd4b2e74abf3,passed
adaptive-simd_off-avx2-t16-dynamicx16-r3-firework.jpg,2026-09-20T03:44:58Z,firework.jpg,11125,16688,Adaptive_Median,3,16,dynamic,16,off-avx2,yes,unset,unset,hype2,12.2.0,-O3 -Wall -Wextra -std=c++17 -fopenmp -ffp-contract=off -DOMP_EXPLICIT_SIMD=0 -fno-tree-vectorize -march=haswell,3920.619395,cae2b8384ddb6aac,passed
adaptive-simd_off-avx2-t16-dynamicx16-r3-control_smooth_6000x6000.png,2026-09-20T03:45:00Z,control_smooth_6000x6000.png,6000,6000,Adaptive_Median,3,16,dynamic,16,off-avx2,yes,unset,unset,hype2,12.2.0,-O3 -Wall -Wextra -std=c++17 -fopenmp -ffp-contract=off -DOMP_EXPLICIT_SIMD=0 -fno-tree-vectorize -march=haswell,1038.609305,596e3c6929662ab9,passed
adaptive-simd_off-avx2-t16-dynamicx16-r3-control_noise_6000x6000.png,2026-09-20T03:45:01Z,control_noise_6000x6000.png,6000,6000,Adaptive_Median,3,16,dynamic,16,off-avx2,yes,unset,unset,hype2,12.2.0,-O3 -Wall -Wextra -std=c++17 -fopenmp -ffp-contract=off -DOMP_EXPLICIT_SIMD=0 -fno-tree-vectorize -march=haswell,747.569726,fcb58a627e9d9740,passed
adaptive-simd_off-avx2-t16-dynamicx16-r3-control_half_noise_6000x6000.png,2026-09-20T03:45:02Z,control_half_noise_6000x6000.png,6000,6000,Adaptive_Median,3,16,dynamic,16,off-avx2,yes,unset,unset,hype2,12.2.0,-O3 -Wall -Wextra -std=c++17 -fopenmp -ffp-contract=off -DOMP_EXPLICIT_SIMD=0 -fno-tree-vectorize -march=haswell,762.672615,9d92a48896bfc25a,passed
adaptive-simd_off-avx2-t16-dynamicx16-r3-control_bands_256_6000x6000.png,2026-09-20T03:45:04Z,control_bands_256_6000x6000.png,6000,6000,Adaptive_Median,3,16,dynamic,16,off-avx2,yes,unset,unset,hype2,12.2.0,-O3 -Wall -Wextra -std=c++17 -fopenmp -ffp-contract=off -DOMP_EXPLICIT_SIMD=0 -fno-tree-vectorize -march=haswell,770.093657,8f9bc97f03d5aae1,passed
adaptive-simd_omp-t16-dynamicx16-r3-sky.jpg,2026-09-20T03:45:06Z,sky.jpg,6936,9248,Adaptive_Median,3,16,dynamic,16,omp,yes,unset,unset,hype2,12.2.0,-O3 -Wall -Wextra -std=c++17 -fopenmp -ffp-contract=off -DOMP_EXPLICIT_SIMD=1,1333.428394,1e7ae9152e9643d5,passed
adaptive-simd_omp-t16-dynamicx16-r3-stars.jpg,2026-09-20T03:45:11Z,stars.jpg,12960,8640,Adaptive_Median,3,16,dynamic,16,omp,yes,unset,unset,hype2,12.2.0,-O3 -Wall -Wextra -std=c++17 -fopenmp -ffp-contract=off -DOMP_EXPLICIT_SIMD=1,2093.653837,626f977055f1c658,passed
adaptive-simd_omp-t16-dynamicx16-r3-rain_paisage.jpg,2026-09-20T03:45:18Z,rain_paisage.jpg,12288,16320,Adaptive_Median,3,16,dynamic,16,omp,yes,unset,unset,hype2,12.2.0,-O3 -Wall -Wextra -std=c++17 -fopenmp -ffp-contract=off -DOMP_EXPLICIT_SIMD=1,3962.788890,d0fdcd4b2e74abf3,passed
adaptive-simd_omp-t16-dynamicx16-r3-firework.jpg,2026-09-20T03:45:24Z,firework.jpg,11125,16688,Adaptive_Median,3,16,dynamic,16,omp,yes,unset,unset,hype2,12.2.0,-O3 -Wall -Wextra -std=c++17 -fopenmp -ffp-contract=off -DOMP_EXPLICIT_SIMD=1,3842.290513,cae2b8384ddb6aac,passed
adaptive-simd_omp-t16-dynamicx16-r3-control_smooth_6000x6000.png,2026-09-20T03:45:26Z,control_smooth_6000x6000.png,6000,6000,Adaptive_Median,3,16,dynamic,16,omp,yes,unset,unset,hype2,12.2.0,-O3 -Wall -Wextra -std=c++17 -fopenmp -ffp-contract=off -DOMP_EXPLICIT_SIMD=1,1033.017247,596e3c6929662ab9,passed
adaptive-simd_omp-t16-dynamicx16-r3-control_noise_6000x6000.png,2026-09-20T03:45:27Z,control_noise_6000x6000.png,6000,6000,Adaptive_Median,3,16,dynamic,16,omp,yes,unset,unset,hype2,12.2.0,-O3 -Wall -Wextra -std=c++17 -fopenmp -ffp-contract=off -DOMP_EXPLICIT_SIMD=1,727.552957,fcb58a627e9d9740,passed
adaptive-simd_omp-t16-dynamicx16-r3-control_half_noise_6000x6000.png,2026-09-20T03:45:29Z,control_half_noise_6000x6000.png,6000,6000,Adaptive_Median,3,16,dynamic,16,omp,yes,unset,unset,hype2,12.2.0,-O3 -Wall -Wextra -std=c++17 -fopenmp -ffp-contract=off -DOMP_EXPLICIT_SIMD=1,754.921339,9d92a48896bfc25a,passed
adaptive-simd_omp-t16-dynamicx16-r3-control_bands_256_6000x6000.png,2026-09-20T03:45:30Z,control_bands_256_6000x6000.png,6000,6000,Adaptive_Median,3,16,dynamic,16,omp,yes,unset,unset,hype2,12.2.0,-O3 -Wall -Wextra -std=c++17 -fopenmp -ffp-contract=off -DOMP_EXPLICIT_SIMD=1,761.114855,8f9bc97f03d5aae1,passed
adaptive-simd_omp-avx2-t16-dynamicx16-r3-sky.jpg,2026-09-20T03:45:33Z,sky.jpg,6936,9248,Adaptive_Median,3,16,dynamic,16,omp-avx2,yes,unset,unset,hype2,12.2.0,-O3 -Wall -Wextra -std=c++17 -fopenmp -ffp-contract=off -DOMP_EXPLICIT_SIMD=1 -march=haswell,1376.982020,1e7ae9152e9643d5,passed
adaptive-simd_omp-avx2-t16-dynamicx16-r3-stars.jpg,2026-09-20T03:45:37Z,stars.jpg,12960,8640,Adaptive_Median,3,16,dynamic,16,omp-avx2,yes,unset,unset,hype2,12.2.0,-O3 -Wall -Wextra -std=c++17 -fopenmp -ffp-contract=off -DOMP_EXPLICIT_SIMD=1 -march=haswell,2173.962722,626f977055f1c658,passed
adaptive-simd_omp-avx2-t16-dynamicx16-r3-rain_paisage.jpg,2026-09-20T03:45:44Z,rain_paisage.jpg,12288,16320,Adaptive_Median,3,16,dynamic,16,omp-avx2,yes,unset,unset,hype2,12.2.0,-O3 -Wall -Wextra -std=c++17 -fopenmp -ffp-contract=off -DOMP_EXPLICIT_SIMD=1 -march=haswell,4086.608231,d0fdcd4b2e74abf3,passed
adaptive-simd_omp-avx2-t16-dynamicx16-r3-firework.jpg,2026-09-20T03:45:51Z,firework.jpg,11125,16688,Adaptive_Median,3,16,dynamic,16,omp-avx2,yes,unset,unset,hype2,12.2.0,-O3 -Wall -Wextra -std=c++17 -fopenmp -ffp-contract=off -DOMP_EXPLICIT_SIMD=1 -march=haswell,3982.725930,cae2b8384ddb6aac,passed
adaptive-simd_omp-avx2-t16-dynamicx16-r3-control_smooth_6000x6000.png,2026-09-20T03:45:53Z,control_smooth_6000x6000.png,6000,6000,Adaptive_Median,3,16,dynamic,16,omp-avx2,yes,unset,unset,hype2,12.2.0,-O3 -Wall -Wextra -std=c++17 -fopenmp -ffp-contract=off -DOMP_EXPLICIT_SIMD=1 -march=haswell,1052.760884,596e3c6929662ab9,passed
adaptive-simd_omp-avx2-t16-dynamicx16-r3-control_noise_6000x6000.png,2026-09-20T03:45:54Z,control_noise_6000x6000.png,6000,6000,Adaptive_Median,3,16,dynamic,16,omp-avx2,yes,unset,unset,hype2,12.2.0,-O3 -Wall -Wextra -std=c++17 -fopenmp -ffp-contract=off -DOMP_EXPLICIT_SIMD=1 -march=haswell,769.072887,fcb58a627e9d9740,passed
adaptive-simd_omp-avx2-t16-dynamicx16-r3-control_half_noise_6000x6000.png,2026-09-20T03:45:55Z,control_half_noise_6000x6000.png,6000,6000,Adaptive_Median,3,16,dynamic,16,omp-avx2,yes,unset,unset,hype2,12.2.0,-O3 -Wall -Wextra -std=c++17 -fopenmp -ffp-contract=off -DOMP_EXPLICIT_SIMD=1 -march=haswell,777.707031,9d92a48896bfc25a,passed
adaptive-simd_omp-avx2-t16-dynamicx16-r3-control_bands_256_6000x6000.png,2026-09-20T03:45:57Z,control_bands_256_6000x6000.png,6000,6000,Adaptive_Median,3,16,dynamic,16,omp-avx2,yes,unset,unset,hype2,12.2.0,-O3 -Wall -Wextra -std=c++17 -fopenmp -ffp-contract=off -DOMP_EXPLICIT_SIMD=1 -march=haswell,783.027664,8f9bc97f03d5aae1,passed
adaptive-simd_off-t16-static-r3-sky.jpg,2026-09-20T03:45:59Z,sky.jpg,6936,9248,Adaptive_Median,3,16,static,,off,yes,unset,unset,hype2,12.2.0,-O3 -Wall -Wextra -std=c++17 -fopenmp -ffp-contract=off -DOMP_EXPLICIT_SIMD=0 -fno-tree-vectorize,1355.745766,1e7ae9152e9643d5,passed
adaptive-simd_off-t16-static-r3-stars.jpg,2026-09-20T03:46:04Z,stars.jpg,12960,8640,Adaptive_Median,3,16,static,,off,yes,unset,unset,hype2,12.2.0,-O3 -Wall -Wextra -std=c++17 -fopenmp -ffp-contract=off -DOMP_EXPLICIT_SIMD=0 -fno-tree-vectorize,2177.488732,626f977055f1c658,passed
adaptive-simd_off-t16-static-r3-rain_paisage.jpg,2026-09-20T03:46:12Z,rain_paisage.jpg,12288,16320,Adaptive_Median,3,16,static,,off,yes,unset,unset,hype2,12.2.0,-O3 -Wall -Wextra -std=c++17 -fopenmp -ffp-contract=off -DOMP_EXPLICIT_SIMD=0 -fno-tree-vectorize,5250.442150,d0fdcd4b2e74abf3,passed
adaptive-simd_off-t16-static-r3-firework.jpg,2026-09-20T03:46:20Z,firework.jpg,11125,16688,Adaptive_Median,3,16,static,,off,yes,unset,unset,hype2,12.2.0,-O3 -Wall -Wextra -std=c++17 -fopenmp -ffp-contract=off -DOMP_EXPLICIT_SIMD=0 -fno-tree-vectorize,4820.458312,cae2b8384ddb6aac,passed
adaptive-simd_off-t16-static-r3-control_smooth_6000x6000.png,2026-09-20T03:46:21Z,control_smooth_6000x6000.png,6000,6000,Adaptive_Median,3,16,static,,off,yes,unset,unset,hype2,12.2.0,-O3 -Wall -Wextra -std=c++17 -fopenmp -ffp-contract=off -DOMP_EXPLICIT_SIMD=0 -fno-tree-vectorize,993.566551,596e3c6929662ab9,passed
adaptive-simd_off-t16-static-r3-control_noise_6000x6000.png,2026-09-20T03:46:23Z,control_noise_6000x6000.png,6000,6000,Adaptive_Median,3,16,static,,off,yes,unset,unset,hype2,12.2.0,-O3 -Wall -Wextra -std=c++17 -fopenmp -ffp-contract=off -DOMP_EXPLICIT_SIMD=0 -fno-tree-vectorize,694.856791,fcb58a627e9d9740,passed
adaptive-simd_off-t16-static-r3-control_half_noise_6000x6000.png,2026-09-20T03:46:24Z,control_half_noise_6000x6000.png,6000,6000,Adaptive_Median,3,16,static,,off,yes,unset,unset,hype2,12.2.0,-O3 -Wall -Wextra -std=c++17 -fopenmp -ffp-contract=off -DOMP_EXPLICIT_SIMD=0 -fno-tree-vectorize,977.910312,9d92a48896bfc25a,passed
adaptive-simd_off-t16-static-r3-control_bands_256_6000x6000.png,2026-09-20T03:46:26Z,control_bands_256_6000x6000.png,6000,6000,Adaptive_Median,3,16,static,,off,yes,unset,unset,hype2,12.2.0,-O3 -Wall -Wextra -std=c++17 -fopenmp -ffp-contract=off -DOMP_EXPLICIT_SIMD=0 -fno-tree-vectorize,818.506473,8f9bc97f03d5aae1,passed
adaptive-simd_off-avx2-t16-static-r3-sky.jpg,2026-09-20T03:46:28Z,sky.jpg,6936,9248,Adaptive_Median,3,16,static,,off-avx2,yes,unset,unset,hype2,12.2.0,-O3 -Wall -Wextra -std=c++17 -fopenmp -ffp-contract=off -DOMP_EXPLICIT_SIMD=0 -fno-tree-vectorize -march=haswell,1408.507581,1e7ae9152e9643d5,passed
adaptive-simd_off-avx2-t16-static-r3-stars.jpg,2026-09-20T03:46:33Z,stars.jpg,12960,8640,Adaptive_Median,3,16,static,,off-avx2,yes,unset,unset,hype2,12.2.0,-O3 -Wall -Wextra -std=c++17 -fopenmp -ffp-contract=off -DOMP_EXPLICIT_SIMD=0 -fno-tree-vectorize -march=haswell,2275.684673,626f977055f1c658,passed
adaptive-simd_off-avx2-t16-static-r3-rain_paisage.jpg,2026-09-20T03:46:42Z,rain_paisage.jpg,12288,16320,Adaptive_Median,3,16,static,,off-avx2,yes,unset,unset,hype2,12.2.0,-O3 -Wall -Wextra -std=c++17 -fopenmp -ffp-contract=off -DOMP_EXPLICIT_SIMD=0 -fno-tree-vectorize -march=haswell,5408.760914,d0fdcd4b2e74abf3,passed
adaptive-simd_off-avx2-t16-static-r3-firework.jpg,2026-09-20T03:46:49Z,firework.jpg,11125,16688,Adaptive_Median,3,16,static,,off-avx2,yes,unset,unset,hype2,12.2.0,-O3 -Wall -Wextra -std=c++17 -fopenmp -ffp-contract=off -DOMP_EXPLICIT_SIMD=0 -fno-tree-vectorize -march=haswell,4970.120164,cae2b8384ddb6aac,passed
adaptive-simd_off-avx2-t16-static-r3-control_smooth_6000x6000.png,2026-09-20T03:46:51Z,control_smooth_6000x6000.png,6000,6000,Adaptive_Median,3,16,static,,off-avx2,yes,unset,unset,hype2,12.2.0,-O3 -Wall -Wextra -std=c++17 -fopenmp -ffp-contract=off -DOMP_EXPLICIT_SIMD=0 -fno-tree-vectorize -march=haswell,1017.587550,596e3c6929662ab9,passed
adaptive-simd_off-avx2-t16-static-r3-control_noise_6000x6000.png,2026-09-20T03:46:52Z,control_noise_6000x6000.png,6000,6000,Adaptive_Median,3,16,static,,off-avx2,yes,unset,unset,hype2,12.2.0,-O3 -Wall -Wextra -std=c++17 -fopenmp -ffp-contract=off -DOMP_EXPLICIT_SIMD=0 -fno-tree-vectorize -march=haswell,731.021503,fcb58a627e9d9740,passed
adaptive-simd_off-avx2-t16-static-r3-control_half_noise_6000x6000.png,2026-09-20T03:46:54Z,control_half_noise_6000x6000.png,6000,6000,Adaptive_Median,3,16,static,,off-avx2,yes,unset,unset,hype2,12.2.0,-O3 -Wall -Wextra -std=c++17 -fopenmp -ffp-contract=off -DOMP_EXPLICIT_SIMD=0 -fno-tree-vectorize -march=haswell,994.689474,9d92a48896bfc25a,passed
adaptive-simd_off-avx2-t16-static-r3-control_bands_256_6000x6000.png,2026-09-20T03:46:56Z,control_bands_256_6000x6000.png,6000,6000,Adaptive_Median,3,16,static,,off-avx2,yes,unset,unset,hype2,12.2.0,-O3 -Wall -Wextra -std=c++17 -fopenmp -ffp-contract=off -DOMP_EXPLICIT_SIMD=0 -fno-tree-vectorize -march=haswell,843.896199,8f9bc97f03d5aae1,passed
adaptive-simd_omp-avx2-t16-static-r4-sky.jpg,2026-09-20T03:46:58Z,sky.jpg,6936,9248,Adaptive_Median,4,16,static,,omp-avx2,yes,unset,unset,hype2,12.2.0,-O3 -Wall -Wextra -std=c++17 -fopenmp -ffp-contract=off -DOMP_EXPLICIT_SIMD=1 -march=haswell,1433.992005,1e7ae9152e9643d5,passed
adaptive-simd_omp-avx2-t16-static-r4-stars.jpg,2026-09-20T03:47:03Z,stars.jpg,12960,8640,Adaptive_Median,4,16,static,,omp-avx2,yes,unset,unset,hype2,12.2.0,-O3 -Wall -Wextra -std=c++17 -fopenmp -ffp-contract=off -DOMP_EXPLICIT_SIMD=1 -march=haswell,2320.637923,626f977055f1c658,passed
adaptive-simd_omp-avx2-t16-static-r4-rain_paisage.jpg,2026-09-20T03:47:11Z,rain_paisage.jpg,12288,16320,Adaptive_Median,4,16,static,,omp-avx2,yes,unset,unset,hype2,12.2.0,-O3 -Wall -Wextra -std=c++17 -fopenmp -ffp-contract=off -DOMP_EXPLICIT_SIMD=1 -march=haswell,5486.600255,d0fdcd4b2e74abf3,passed
adaptive-simd_omp-avx2-t16-static-r4-firework.jpg,2026-09-20T03:47:19Z,firework.jpg,11125,16688,Adaptive_Median,4,16,static,,omp-avx2,yes,unset,unset,hype2,12.2.0,-O3 -Wall -Wextra -std=c++17 -fopenmp -ffp-contract=off -DOMP_EXPLICIT_SIMD=1 -march=haswell,5052.820854,cae2b8384ddb6aac,passed
adaptive-simd_omp-avx2-t16-static-r4-control_smooth_6000x6000.png,2026-09-20T03:47:21Z,control_smooth_6000x6000.png,6000,6000,Adaptive_Median,4,16,static,,omp-avx2,yes,unset,unset,hype2,12.2.0,-O3 -Wall -Wextra -std=c++17 -fopenmp -ffp-contract=off -DOMP_EXPLICIT_SIMD=1 -march=haswell,1030.907539,596e3c6929662ab9,passed
adaptive-simd_omp-avx2-t16-static-r4-control_noise_6000x6000.png,2026-09-20T03:47:22Z,control_noise_6000x6000.png,6000,6000,Adaptive_Median,4,16,static,,omp-avx2,yes,unset,unset,hype2,12.2.0,-O3 -Wall -Wextra -std=c++17 -fopenmp -ffp-contract=off -DOMP_EXPLICIT_SIMD=1 -march=haswell,751.697861,fcb58a627e9d9740,passed
adaptive-simd_omp-avx2-t16-static-r4-control_half_noise_6000x6000.png,2026-09-20T03:47:24Z,control_half_noise_6000x6000.png,6000,6000,Adaptive_Median,4,16,static,,omp-avx2,yes,unset,unset,hype2,12.2.0,-O3 -Wall -Wextra -std=c++17 -fopenmp -ffp-contract=off -DOMP_EXPLICIT_SIMD=1 -march=haswell,1012.987204,9d92a48896bfc25a,passed
adaptive-simd_omp-avx2-t16-static-r4-control_bands_256_6000x6000.png,2026-09-20T03:47:25Z,control_bands_256_6000x6000.png,6000,6000,Adaptive_Median,4,16,static,,omp-avx2,yes,unset,unset,hype2,12.2.0,-O3 -Wall -Wextra -std=c++17 -fopenmp -ffp-contract=off -DOMP_EXPLICIT_SIMD=1 -march=haswell,861.243712,8f9bc97f03d5aae1,passed
adaptive-simd_off-t16-dynamicx16-r4-sky.jpg,2026-09-20T03:47:28Z,sky.jpg,6936,9248,Adaptive_Median,4,16,dynamic,16,off,yes,unset,unset,hype2,12.2.0,-O3 -Wall -Wextra -std=c++17 -fopenmp -ffp-contract=off -DOMP_EXPLICIT_SIMD=0 -fno-tree-vectorize,1301.028780,1e7ae9152e9643d5,passed
adaptive-simd_off-t16-dynamicx16-r4-stars.jpg,2026-09-20T03:47:32Z,stars.jpg,12960,8640,Adaptive_Median,4,16,dynamic,16,off,yes,unset,unset,hype2,12.2.0,-O3 -Wall -Wextra -std=c++17 -fopenmp -ffp-contract=off -DOMP_EXPLICIT_SIMD=0 -fno-tree-vectorize,2032.834766,626f977055f1c658,passed
adaptive-simd_off-t16-dynamicx16-r4-rain_paisage.jpg,2026-09-20T03:47:39Z,rain_paisage.jpg,12288,16320,Adaptive_Median,4,16,dynamic,16,off,yes,unset,unset,hype2,12.2.0,-O3 -Wall -Wextra -std=c++17 -fopenmp -ffp-contract=off -DOMP_EXPLICIT_SIMD=0 -fno-tree-vectorize,3880.565364,d0fdcd4b2e74abf3,passed
adaptive-simd_off-t16-dynamicx16-r4-firework.jpg,2026-09-20T03:47:46Z,firework.jpg,11125,16688,Adaptive_Median,4,16,dynamic,16,off,yes,unset,unset,hype2,12.2.0,-O3 -Wall -Wextra -std=c++17 -fopenmp -ffp-contract=off -DOMP_EXPLICIT_SIMD=0 -fno-tree-vectorize,3765.670081,cae2b8384ddb6aac,passed
adaptive-simd_off-t16-dynamicx16-r4-control_smooth_6000x6000.png,2026-09-20T03:47:47Z,control_smooth_6000x6000.png,6000,6000,Adaptive_Median,4,16,dynamic,16,off,yes,unset,unset,hype2,12.2.0,-O3 -Wall -Wextra -std=c++17 -fopenmp -ffp-contract=off -DOMP_EXPLICIT_SIMD=0 -fno-tree-vectorize,1013.212956,596e3c6929662ab9,passed
adaptive-simd_off-t16-dynamicx16-r4-control_noise_6000x6000.png,2026-09-20T03:47:48Z,control_noise_6000x6000.png,6000,6000,Adaptive_Median,4,16,dynamic,16,off,yes,unset,unset,hype2,12.2.0,-O3 -Wall -Wextra -std=c++17 -fopenmp -ffp-contract=off -DOMP_EXPLICIT_SIMD=0 -fno-tree-vectorize,710.274522,fcb58a627e9d9740,passed
adaptive-simd_off-t16-dynamicx16-r4-control_half_noise_6000x6000.png,2026-09-20T03:47:50Z,control_half_noise_6000x6000.png,6000,6000,Adaptive_Median,4,16,dynamic,16,off,yes,unset,unset,hype2,12.2.0,-O3 -Wall -Wextra -std=c++17 -fopenmp -ffp-contract=off -DOMP_EXPLICIT_SIMD=0 -fno-tree-vectorize,737.193114,9d92a48896bfc25a,passed
adaptive-simd_off-t16-dynamicx16-r4-control_bands_256_6000x6000.png,2026-09-20T03:47:52Z,control_bands_256_6000x6000.png,6000,6000,Adaptive_Median,4,16,dynamic,16,off,yes,unset,unset,hype2,12.2.0,-O3 -Wall -Wextra -std=c++17 -fopenmp -ffp-contract=off -DOMP_EXPLICIT_SIMD=0 -fno-tree-vectorize,742.616810,8f9bc97f03d5aae1,passed
adaptive-simd_off-avx2-t16-dynamicx16-r4-sky.jpg,2026-09-20T03:47:54Z,sky.jpg,6936,9248,Adaptive_Median,4,16,dynamic,16,off-avx2,yes,unset,unset,hype2,12.2.0,-O3 -Wall -Wextra -std=c++17 -fopenmp -ffp-contract=off -DOMP_EXPLICIT_SIMD=0 -fno-tree-vectorize -march=haswell,1351.964896,1e7ae9152e9643d5,passed
adaptive-simd_off-avx2-t16-dynamicx16-r4-stars.jpg,2026-09-20T03:47:58Z,stars.jpg,12960,8640,Adaptive_Median,4,16,dynamic,16,off-avx2,yes,unset,unset,hype2,12.2.0,-O3 -Wall -Wextra -std=c++17 -fopenmp -ffp-contract=off -DOMP_EXPLICIT_SIMD=0 -fno-tree-vectorize -march=haswell,2128.046522,626f977055f1c658,passed
adaptive-simd_off-avx2-t16-dynamicx16-r4-rain_paisage.jpg,2026-09-20T03:48:06Z,rain_paisage.jpg,12288,16320,Adaptive_Median,4,16,dynamic,16,off-avx2,yes,unset,unset,hype2,12.2.0,-O3 -Wall -Wextra -std=c++17 -fopenmp -ffp-contract=off -DOMP_EXPLICIT_SIMD=0 -fno-tree-vectorize -march=haswell,4042.465513,d0fdcd4b2e74abf3,passed
adaptive-simd_off-avx2-t16-dynamicx16-r4-firework.jpg,2026-09-20T03:48:12Z,firework.jpg,11125,16688,Adaptive_Median,4,16,dynamic,16,off-avx2,yes,unset,unset,hype2,12.2.0,-O3 -Wall -Wextra -std=c++17 -fopenmp -ffp-contract=off -DOMP_EXPLICIT_SIMD=0 -fno-tree-vectorize -march=haswell,3919.313642,cae2b8384ddb6aac,passed
adaptive-simd_off-avx2-t16-dynamicx16-r4-control_smooth_6000x6000.png,2026-09-20T03:48:14Z,control_smooth_6000x6000.png,6000,6000,Adaptive_Median,4,16,dynamic,16,off-avx2,yes,unset,unset,hype2,12.2.0,-O3 -Wall -Wextra -std=c++17 -fopenmp -ffp-contract=off -DOMP_EXPLICIT_SIMD=0 -fno-tree-vectorize -march=haswell,1040.145524,596e3c6929662ab9,passed
adaptive-simd_off-avx2-t16-dynamicx16-r4-control_noise_6000x6000.png,2026-09-20T03:48:15Z,control_noise_6000x6000.png,6000,6000,Adaptive_Median,4,16,dynamic,16,off-avx2,yes,unset,unset,hype2,12.2.0,-O3 -Wall -Wextra -std=c++17 -fopenmp -ffp-contract=off -DOMP_EXPLICIT_SIMD=0 -fno-tree-vectorize -march=haswell,749.075885,fcb58a627e9d9740,passed
adaptive-simd_off-avx2-t16-dynamicx16-r4-control_half_noise_6000x6000.png,2026-09-20T03:48:17Z,control_half_noise_6000x6000.png,6000,6000,Adaptive_Median,4,16,dynamic,16,off-avx2,yes,unset,unset,hype2,12.2.0,-O3 -Wall -Wextra -std=c++17 -fopenmp -ffp-contract=off -DOMP_EXPLICIT_SIMD=0 -fno-tree-vectorize -march=haswell,762.990427,9d92a48896bfc25a,passed
adaptive-simd_off-avx2-t16-dynamicx16-r4-control_bands_256_6000x6000.png,2026-09-20T03:48:18Z,control_bands_256_6000x6000.png,6000,6000,Adaptive_Median,4,16,dynamic,16,off-avx2,yes,unset,unset,hype2,12.2.0,-O3 -Wall -Wextra -std=c++17 -fopenmp -ffp-contract=off -DOMP_EXPLICIT_SIMD=0 -fno-tree-vectorize -march=haswell,770.344040,8f9bc97f03d5aae1,passed
adaptive-simd_omp-t16-dynamicx16-r4-sky.jpg,2026-09-20T03:48:21Z,sky.jpg,6936,9248,Adaptive_Median,4,16,dynamic,16,omp,yes,unset,unset,hype2,12.2.0,-O3 -Wall -Wextra -std=c++17 -fopenmp -ffp-contract=off -DOMP_EXPLICIT_SIMD=1,1330.416123,1e7ae9152e9643d5,passed
adaptive-simd_omp-t16-dynamicx16-r4-stars.jpg,2026-09-20T03:48:25Z,stars.jpg,12960,8640,Adaptive_Median,4,16,dynamic,16,omp,yes,unset,unset,hype2,12.2.0,-O3 -Wall -Wextra -std=c++17 -fopenmp -ffp-contract=off -DOMP_EXPLICIT_SIMD=1,2090.091896,626f977055f1c658,passed
adaptive-simd_omp-t16-dynamicx16-r4-rain_paisage.jpg,2026-09-20T03:48:32Z,rain_paisage.jpg,12288,16320,Adaptive_Median,4,16,dynamic,16,omp,yes,unset,unset,hype2,12.2.0,-O3 -Wall -Wextra -std=c++17 -fopenmp -ffp-contract=off -DOMP_EXPLICIT_SIMD=1,3959.011098,d0fdcd4b2e74abf3,passed
adaptive-simd_omp-t16-dynamicx16-r4-firework.jpg,2026-09-20T03:48:39Z,firework.jpg,11125,16688,Adaptive_Median,4,16,dynamic,16,omp,yes,unset,unset,hype2,12.2.0,-O3 -Wall -Wextra -std=c++17 -fopenmp -ffp-contract=off -DOMP_EXPLICIT_SIMD=1,3844.836184,cae2b8384ddb6aac,passed
adaptive-simd_omp-t16-dynamicx16-r4-control_smooth_6000x6000.png,2026-09-20T03:48:40Z,control_smooth_6000x6000.png,6000,6000,Adaptive_Median,4,16,dynamic,16,omp,yes,unset,unset,hype2,12.2.0,-O3 -Wall -Wextra -std=c++17 -fopenmp -ffp-contract=off -DOMP_EXPLICIT_SIMD=1,1033.296846,596e3c6929662ab9,passed
adaptive-simd_omp-t16-dynamicx16-r4-control_noise_6000x6000.png,2026-09-20T03:48:41Z,control_noise_6000x6000.png,6000,6000,Adaptive_Median,4,16,dynamic,16,omp,yes,unset,unset,hype2,12.2.0,-O3 -Wall -Wextra -std=c++17 -fopenmp -ffp-contract=off -DOMP_EXPLICIT_SIMD=1,728.902484,fcb58a627e9d9740,passed
adaptive-simd_omp-t16-dynamicx16-r4-control_half_noise_6000x6000.png,2026-09-20T03:48:43Z,control_half_noise_6000x6000.png,6000,6000,Adaptive_Median,4,16,dynamic,16,omp,yes,unset,unset,hype2,12.2.0,-O3 -Wall -Wextra -std=c++17 -fopenmp -ffp-contract=off -DOMP_EXPLICIT_SIMD=1,755.391218,9d92a48896bfc25a,passed
adaptive-simd_omp-t16-dynamicx16-r4-control_bands_256_6000x6000.png,2026-09-20T03:48:44Z,control_bands_256_6000x6000.png,6000,6000,Adaptive_Median,4,16,dynamic,16,omp,yes,unset,unset,hype2,12.2.0,-O3 -Wall -Wextra -std=c++17 -fopenmp -ffp-contract=off -DOMP_EXPLICIT_SIMD=1,763.666162,8f9bc97f03d5aae1,passed
adaptive-simd_omp-avx2-t16-dynamicx16-r4-sky.jpg,2026-09-20T03:48:47Z,sky.jpg,6936,9248,Adaptive_Median,4,16,dynamic,16,omp-avx2,yes,unset,unset,hype2,12.2.0,-O3 -Wall -Wextra -std=c++17 -fopenmp -ffp-contract=off -DOMP_EXPLICIT_SIMD=1 -march=haswell,1375.110223,1e7ae9152e9643d5,passed
adaptive-simd_omp-avx2-t16-dynamicx16-r4-stars.jpg,2026-09-20T03:48:51Z,stars.jpg,12960,8640,Adaptive_Median,4,16,dynamic,16,omp-avx2,yes,unset,unset,hype2,12.2.0,-O3 -Wall -Wextra -std=c++17 -fopenmp -ffp-contract=off -DOMP_EXPLICIT_SIMD=1 -march=haswell,2178.664729,626f977055f1c658,passed
adaptive-simd_omp-avx2-t16-dynamicx16-r4-rain_paisage.jpg,2026-09-20T03:48:59Z,rain_paisage.jpg,12288,16320,Adaptive_Median,4,16,dynamic,16,omp-avx2,yes,unset,unset,hype2,12.2.0,-O3 -Wall -Wextra -std=c++17 -fopenmp -ffp-contract=off -DOMP_EXPLICIT_SIMD=1 -march=haswell,4085.131826,d0fdcd4b2e74abf3,passed
adaptive-simd_omp-avx2-t16-dynamicx16-r4-firework.jpg,2026-09-20T03:49:05Z,firework.jpg,11125,16688,Adaptive_Median,4,16,dynamic,16,omp-avx2,yes,unset,unset,hype2,12.2.0,-O3 -Wall -Wextra -std=c++17 -fopenmp -ffp-contract=off -DOMP_EXPLICIT_SIMD=1 -march=haswell,3985.832974,cae2b8384ddb6aac,passed
adaptive-simd_omp-avx2-t16-dynamicx16-r4-control_smooth_6000x6000.png,2026-09-20T03:49:07Z,control_smooth_6000x6000.png,6000,6000,Adaptive_Median,4,16,dynamic,16,omp-avx2,yes,unset,unset,hype2,12.2.0,-O3 -Wall -Wextra -std=c++17 -fopenmp -ffp-contract=off -DOMP_EXPLICIT_SIMD=1 -march=haswell,1054.063252,596e3c6929662ab9,passed
adaptive-simd_omp-avx2-t16-dynamicx16-r4-control_noise_6000x6000.png,2026-09-20T03:49:08Z,control_noise_6000x6000.png,6000,6000,Adaptive_Median,4,16,dynamic,16,omp-avx2,yes,unset,unset,hype2,12.2.0,-O3 -Wall -Wextra -std=c++17 -fopenmp -ffp-contract=off -DOMP_EXPLICIT_SIMD=1 -march=haswell,769.470717,fcb58a627e9d9740,passed
adaptive-simd_omp-avx2-t16-dynamicx16-r4-control_half_noise_6000x6000.png,2026-09-20T03:49:10Z,control_half_noise_6000x6000.png,6000,6000,Adaptive_Median,4,16,dynamic,16,omp-avx2,yes,unset,unset,hype2,12.2.0,-O3 -Wall -Wextra -std=c++17 -fopenmp -ffp-contract=off -DOMP_EXPLICIT_SIMD=1 -march=haswell,777.177697,9d92a48896bfc25a,passed
adaptive-simd_omp-avx2-t16-dynamicx16-r4-control_bands_256_6000x6000.png,2026-09-20T03:49:11Z,control_bands_256_6000x6000.png,6000,6000,Adaptive_Median,4,16,dynamic,16,omp-avx2,yes,unset,unset,hype2,12.2.0,-O3 -Wall -Wextra -std=c++17 -fopenmp -ffp-contract=off -DOMP_EXPLICIT_SIMD=1 -march=haswell,784.304553,8f9bc97f03d5aae1,passed
adaptive-simd_off-t16-static-r4-sky.jpg,2026-09-20T03:49:14Z,sky.jpg,6936,9248,Adaptive_Median,4,16,static,,off,yes,unset,unset,hype2,12.2.0,-O3 -Wall -Wextra -std=c++17 -fopenmp -ffp-contract=off -DOMP_EXPLICIT_SIMD=0 -fno-tree-vectorize,1356.200859,1e7ae9152e9643d5,passed
adaptive-simd_off-t16-static-r4-stars.jpg,2026-09-20T03:49:18Z,stars.jpg,12960,8640,Adaptive_Median,4,16,static,,off,yes,unset,unset,hype2,12.2.0,-O3 -Wall -Wextra -std=c++17 -fopenmp -ffp-contract=off -DOMP_EXPLICIT_SIMD=0 -fno-tree-vectorize,2178.527520,626f977055f1c658,passed
adaptive-simd_off-t16-static-r4-rain_paisage.jpg,2026-09-20T03:49:26Z,rain_paisage.jpg,12288,16320,Adaptive_Median,4,16,static,,off,yes,unset,unset,hype2,12.2.0,-O3 -Wall -Wextra -std=c++17 -fopenmp -ffp-contract=off -DOMP_EXPLICIT_SIMD=0 -fno-tree-vectorize,5233.481568,d0fdcd4b2e74abf3,passed
adaptive-simd_off-t16-static-r4-firework.jpg,2026-09-20T03:49:34Z,firework.jpg,11125,16688,Adaptive_Median,4,16,static,,off,yes,unset,unset,hype2,12.2.0,-O3 -Wall -Wextra -std=c++17 -fopenmp -ffp-contract=off -DOMP_EXPLICIT_SIMD=0 -fno-tree-vectorize,4799.981364,cae2b8384ddb6aac,passed
adaptive-simd_off-t16-static-r4-control_smooth_6000x6000.png,2026-09-20T03:49:36Z,control_smooth_6000x6000.png,6000,6000,Adaptive_Median,4,16,static,,off,yes,unset,unset,hype2,12.2.0,-O3 -Wall -Wextra -std=c++17 -fopenmp -ffp-contract=off -DOMP_EXPLICIT_SIMD=0 -fno-tree-vectorize,993.367123,596e3c6929662ab9,passed
adaptive-simd_off-t16-static-r4-control_noise_6000x6000.png,2026-09-20T03:49:37Z,control_noise_6000x6000.png,6000,6000,Adaptive_Median,4,16,static,,off,yes,unset,unset,hype2,12.2.0,-O3 -Wall -Wextra -std=c++17 -fopenmp -ffp-contract=off -DOMP_EXPLICIT_SIMD=0 -fno-tree-vectorize,694.341877,fcb58a627e9d9740,passed
adaptive-simd_off-t16-static-r4-control_half_noise_6000x6000.png,2026-09-20T03:49:39Z,control_half_noise_6000x6000.png,6000,6000,Adaptive_Median,4,16,static,,off,yes,unset,unset,hype2,12.2.0,-O3 -Wall -Wextra -std=c++17 -fopenmp -ffp-contract=off -DOMP_EXPLICIT_SIMD=0 -fno-tree-vectorize,970.054495,9d92a48896bfc25a,passed
adaptive-simd_off-t16-static-r4-control_bands_256_6000x6000.png,2026-09-20T03:49:40Z,control_bands_256_6000x6000.png,6000,6000,Adaptive_Median,4,16,static,,off,yes,unset,unset,hype2,12.2.0,-O3 -Wall -Wextra -std=c++17 -fopenmp -ffp-contract=off -DOMP_EXPLICIT_SIMD=0 -fno-tree-vectorize,819.503776,8f9bc97f03d5aae1,passed
adaptive-simd_off-avx2-t16-static-r4-sky.jpg,2026-09-20T03:49:43Z,sky.jpg,6936,9248,Adaptive_Median,4,16,static,,off-avx2,yes,unset,unset,hype2,12.2.0,-O3 -Wall -Wextra -std=c++17 -fopenmp -ffp-contract=off -DOMP_EXPLICIT_SIMD=0 -fno-tree-vectorize -march=haswell,1409.358639,1e7ae9152e9643d5,passed
adaptive-simd_off-avx2-t16-static-r4-stars.jpg,2026-09-20T03:49:47Z,stars.jpg,12960,8640,Adaptive_Median,4,16,static,,off-avx2,yes,unset,unset,hype2,12.2.0,-O3 -Wall -Wextra -std=c++17 -fopenmp -ffp-contract=off -DOMP_EXPLICIT_SIMD=0 -fno-tree-vectorize -march=haswell,2276.712395,626f977055f1c658,passed
adaptive-simd_off-avx2-t16-static-r4-rain_paisage.jpg,2026-09-20T03:49:56Z,rain_paisage.jpg,12288,16320,Adaptive_Median,4,16,static,,off-avx2,yes,unset,unset,hype2,12.2.0,-O3 -Wall -Wextra -std=c++17 -fopenmp -ffp-contract=off -DOMP_EXPLICIT_SIMD=0 -fno-tree-vectorize -march=haswell,5388.917909,d0fdcd4b2e74abf3,passed
adaptive-simd_off-avx2-t16-static-r4-firework.jpg,2026-09-20T03:50:04Z,firework.jpg,11125,16688,Adaptive_Median,4,16,static,,off-avx2,yes,unset,unset,hype2,12.2.0,-O3 -Wall -Wextra -std=c++17 -fopenmp -ffp-contract=off -DOMP_EXPLICIT_SIMD=0 -fno-tree-vectorize -march=haswell,4958.552996,cae2b8384ddb6aac,passed
adaptive-simd_off-avx2-t16-static-r4-control_smooth_6000x6000.png,2026-09-20T03:50:05Z,control_smooth_6000x6000.png,6000,6000,Adaptive_Median,4,16,static,,off-avx2,yes,unset,unset,hype2,12.2.0,-O3 -Wall -Wextra -std=c++17 -fopenmp -ffp-contract=off -DOMP_EXPLICIT_SIMD=0 -fno-tree-vectorize -march=haswell,1055.487914,596e3c6929662ab9,passed
adaptive-simd_off-avx2-t16-static-r4-control_noise_6000x6000.png,2026-09-20T03:50:06Z,control_noise_6000x6000.png,6000,6000,Adaptive_Median,4,16,static,,off-avx2,yes,unset,unset,hype2,12.2.0,-O3 -Wall -Wextra -std=c++17 -fopenmp -ffp-contract=off -DOMP_EXPLICIT_SIMD=0 -fno-tree-vectorize -march=haswell,732.381616,fcb58a627e9d9740,passed
adaptive-simd_off-avx2-t16-static-r4-control_half_noise_6000x6000.png,2026-09-20T03:50:08Z,control_half_noise_6000x6000.png,6000,6000,Adaptive_Median,4,16,static,,off-avx2,yes,unset,unset,hype2,12.2.0,-O3 -Wall -Wextra -std=c++17 -fopenmp -ffp-contract=off -DOMP_EXPLICIT_SIMD=0 -fno-tree-vectorize -march=haswell,995.620355,9d92a48896bfc25a,passed
adaptive-simd_off-avx2-t16-static-r4-control_bands_256_6000x6000.png,2026-09-20T03:50:10Z,control_bands_256_6000x6000.png,6000,6000,Adaptive_Median,4,16,static,,off-avx2,yes,unset,unset,hype2,12.2.0,-O3 -Wall -Wextra -std=c++17 -fopenmp -ffp-contract=off -DOMP_EXPLICIT_SIMD=0 -fno-tree-vectorize -march=haswell,846.144531,8f9bc97f03d5aae1,passed
adaptive-simd_omp-t16-static-r4-sky.jpg,2026-09-20T03:50:12Z,sky.jpg,6936,9248,Adaptive_Median,4,16,static,,omp,yes,unset,unset,hype2,12.2.0,-O3 -Wall -Wextra -std=c++17 -fopenmp -ffp-contract=off -DOMP_EXPLICIT_SIMD=1,1388.898428,1e7ae9152e9643d5,passed
adaptive-simd_omp-t16-static-r4-stars.jpg,2026-09-20T03:50:17Z,stars.jpg,12960,8640,Adaptive_Median,4,16,static,,omp,yes,unset,unset,hype2,12.2.0,-O3 -Wall -Wextra -std=c++17 -fopenmp -ffp-contract=off -DOMP_EXPLICIT_SIMD=1,2240.518630,626f977055f1c658,passed
adaptive-simd_omp-t16-static-r4-rain_paisage.jpg,2026-09-20T03:50:25Z,rain_paisage.jpg,12288,16320,Adaptive_Median,4,16,static,,omp,yes,unset,unset,hype2,12.2.0,-O3 -Wall -Wextra -std=c++17 -fopenmp -ffp-contract=off -DOMP_EXPLICIT_SIMD=1,5310.636851,d0fdcd4b2e74abf3,passed
adaptive-simd_omp-t16-static-r4-firework.jpg,2026-09-20T03:50:33Z,firework.jpg,11125,16688,Adaptive_Median,4,16,static,,omp,yes,unset,unset,hype2,12.2.0,-O3 -Wall -Wextra -std=c++17 -fopenmp -ffp-contract=off -DOMP_EXPLICIT_SIMD=1,4887.705069,cae2b8384ddb6aac,passed
adaptive-simd_omp-t16-static-r4-control_smooth_6000x6000.png,2026-09-20T03:50:34Z,control_smooth_6000x6000.png,6000,6000,Adaptive_Median,4,16,static,,omp,yes,unset,unset,hype2,12.2.0,-O3 -Wall -Wextra -std=c++17 -fopenmp -ffp-contract=off -DOMP_EXPLICIT_SIMD=1,1043.892540,596e3c6929662ab9,passed
adaptive-simd_omp-t16-static-r4-control_noise_6000x6000.png,2026-09-20T03:50:36Z,control_noise_6000x6000.png,6000,6000,Adaptive_Median,4,16,static,,omp,yes,unset,unset,hype2,12.2.0,-O3 -Wall -Wextra -std=c++17 -fopenmp -ffp-contract=off -DOMP_EXPLICIT_SIMD=1,711.628687,fcb58a627e9d9740,passed
adaptive-simd_omp-t16-static-r4-control_half_noise_6000x6000.png,2026-09-20T03:50:37Z,control_half_noise_6000x6000.png,6000,6000,Adaptive_Median,4,16,static,,omp,yes,unset,unset,hype2,12.2.0,-O3 -Wall -Wextra -std=c++17 -fopenmp -ffp-contract=off -DOMP_EXPLICIT_SIMD=1,989.989015,9d92a48896bfc25a,passed
adaptive-simd_omp-t16-static-r4-control_bands_256_6000x6000.png,2026-09-20T03:50:39Z,control_bands_256_6000x6000.png,6000,6000,Adaptive_Median,4,16,static,,omp,yes,unset,unset,hype2,12.2.0,-O3 -Wall -Wextra -std=c++17 -fopenmp -ffp-contract=off -DOMP_EXPLICIT_SIMD=1,836.852368,8f9bc97f03d5aae1,passed
adaptive-simd_off-t16-dynamicx16-r5-sky.jpg,2026-09-20T03:50:41Z,sky.jpg,6936,9248,Adaptive_Median,5,16,dynamic,16,off,yes,unset,unset,hype2,12.2.0,-O3 -Wall -Wextra -std=c++17 -fopenmp -ffp-contract=off -DOMP_EXPLICIT_SIMD=0 -fno-tree-vectorize,1299.412391,1e7ae9152e9643d5,passed
adaptive-simd_off-t16-dynamicx16-r5-stars.jpg,2026-09-20T03:50:45Z,stars.jpg,12960,8640,Adaptive_Median,5,16,dynamic,16,off,yes,unset,unset,hype2,12.2.0,-O3 -Wall -Wextra -std=c++17 -fopenmp -ffp-contract=off -DOMP_EXPLICIT_SIMD=0 -fno-tree-vectorize,2033.949420,626f977055f1c658,passed
adaptive-simd_off-t16-dynamicx16-r5-rain_paisage.jpg,2026-09-20T03:50:53Z,rain_paisage.jpg,12288,16320,Adaptive_Median,5,16,dynamic,16,off,yes,unset,unset,hype2,12.2.0,-O3 -Wall -Wextra -std=c++17 -fopenmp -ffp-contract=off -DOMP_EXPLICIT_SIMD=0 -fno-tree-vectorize,3883.863960,d0fdcd4b2e74abf3,passed
adaptive-simd_off-t16-dynamicx16-r5-firework.jpg,2026-09-20T03:50:59Z,firework.jpg,11125,16688,Adaptive_Median,5,16,dynamic,16,off,yes,unset,unset,hype2,12.2.0,-O3 -Wall -Wextra -std=c++17 -fopenmp -ffp-contract=off -DOMP_EXPLICIT_SIMD=0 -fno-tree-vectorize,3765.385221,cae2b8384ddb6aac,passed
adaptive-simd_off-t16-dynamicx16-r5-control_smooth_6000x6000.png,2026-09-20T03:51:01Z,control_smooth_6000x6000.png,6000,6000,Adaptive_Median,5,16,dynamic,16,off,yes,unset,unset,hype2,12.2.0,-O3 -Wall -Wextra -std=c++17 -fopenmp -ffp-contract=off -DOMP_EXPLICIT_SIMD=0 -fno-tree-vectorize,1013.118287,596e3c6929662ab9,passed
adaptive-simd_off-t16-dynamicx16-r5-control_noise_6000x6000.png,2026-09-20T03:51:02Z,control_noise_6000x6000.png,6000,6000,Adaptive_Median,5,16,dynamic,16,off,yes,unset,unset,hype2,12.2.0,-O3 -Wall -Wextra -std=c++17 -fopenmp -ffp-contract=off -DOMP_EXPLICIT_SIMD=0 -fno-tree-vectorize,712.417431,fcb58a627e9d9740,passed
adaptive-simd_off-t16-dynamicx16-r5-control_half_noise_6000x6000.png,2026-09-20T03:51:04Z,control_half_noise_6000x6000.png,6000,6000,Adaptive_Median,5,16,dynamic,16,off,yes,unset,unset,hype2,12.2.0,-O3 -Wall -Wextra -std=c++17 -fopenmp -ffp-contract=off -DOMP_EXPLICIT_SIMD=0 -fno-tree-vectorize,736.402411,9d92a48896bfc25a,passed
adaptive-simd_off-t16-dynamicx16-r5-control_bands_256_6000x6000.png,2026-09-20T03:51:05Z,control_bands_256_6000x6000.png,6000,6000,Adaptive_Median,5,16,dynamic,16,off,yes,unset,unset,hype2,12.2.0,-O3 -Wall -Wextra -std=c++17 -fopenmp -ffp-contract=off -DOMP_EXPLICIT_SIMD=0 -fno-tree-vectorize,741.842745,8f9bc97f03d5aae1,passed
adaptive-simd_off-avx2-t16-dynamicx16-r5-sky.jpg,2026-09-20T03:51:07Z,sky.jpg,6936,9248,Adaptive_Median,5,16,dynamic,16,off-avx2,yes,unset,unset,hype2,12.2.0,-O3 -Wall -Wextra -std=c++17 -fopenmp -ffp-contract=off -DOMP_EXPLICIT_SIMD=0 -fno-tree-vectorize -march=haswell,1351.343560,1e7ae9152e9643d5,passed
adaptive-simd_off-avx2-t16-dynamicx16-r5-stars.jpg,2026-09-20T03:51:12Z,stars.jpg,12960,8640,Adaptive_Median,5,16,dynamic,16,off-avx2,yes,unset,unset,hype2,12.2.0,-O3 -Wall -Wextra -std=c++17 -fopenmp -ffp-contract=off -DOMP_EXPLICIT_SIMD=0 -fno-tree-vectorize -march=haswell,2134.346828,626f977055f1c658,passed
adaptive-simd_off-avx2-t16-dynamicx16-r5-rain_paisage.jpg,2026-09-20T03:51:19Z,rain_paisage.jpg,12288,16320,Adaptive_Median,5,16,dynamic,16,off-avx2,yes,unset,unset,hype2,12.2.0,-O3 -Wall -Wextra -std=c++17 -fopenmp -ffp-contract=off -DOMP_EXPLICIT_SIMD=0 -fno-tree-vectorize -march=haswell,4040.024983,d0fdcd4b2e74abf3,passed
adaptive-simd_off-avx2-t16-dynamicx16-r5-firework.jpg,2026-09-20T03:51:26Z,firework.jpg,11125,16688,Adaptive_Median,5,16,dynamic,16,off-avx2,yes,unset,unset,hype2,12.2.0,-O3 -Wall -Wextra -std=c++17 -fopenmp -ffp-contract=off -DOMP_EXPLICIT_SIMD=0 -fno-tree-vectorize -march=haswell,3921.731326,cae2b8384ddb6aac,passed
adaptive-simd_off-avx2-t16-dynamicx16-r5-control_smooth_6000x6000.png,2026-09-20T03:51:27Z,control_smooth_6000x6000.png,6000,6000,Adaptive_Median,5,16,dynamic,16,off-avx2,yes,unset,unset,hype2,12.2.0,-O3 -Wall -Wextra -std=c++17 -fopenmp -ffp-contract=off -DOMP_EXPLICIT_SIMD=0 -fno-tree-vectorize -march=haswell,1040.226920,596e3c6929662ab9,passed
adaptive-simd_off-avx2-t16-dynamicx16-r5-control_noise_6000x6000.png,2026-09-20T03:51:29Z,control_noise_6000x6000.png,6000,6000,Adaptive_Median,5,16,dynamic,16,off-avx2,yes,unset,unset,hype2,12.2.0,-O3 -Wall -Wextra -std=c++17 -fopenmp -ffp-contract=off -DOMP_EXPLICIT_SIMD=0 -fno-tree-vectorize -march=haswell,749.036158,fcb58a627e9d9740,passed
adaptive-simd_off-avx2-t16-dynamicx16-r5-control_half_noise_6000x6000.png,2026-09-20T03:51:30Z,control_half_noise_6000x6000.png,6000,6000,Adaptive_Median,5,16,dynamic,16,off-avx2,yes,unset,unset,hype2,12.2.0,-O3 -Wall -Wextra -std=c++17 -fopenmp -ffp-contract=off -DOMP_EXPLICIT_SIMD=0 -fno-tree-vectorize -march=haswell,762.419648,9d92a48896bfc25a,passed
adaptive-simd_off-avx2-t16-dynamicx16-r5-control_bands_256_6000x6000.png,2026-09-20T03:51:32Z,control_bands_256_6000x6000.png,6000,6000,Adaptive_Median,5,16,dynamic,16,off-avx2,yes,unset,unset,hype2,12.2.0,-O3 -Wall -Wextra -std=c++17 -fopenmp -ffp-contract=off -DOMP_EXPLICIT_SIMD=0 -fno-tree-vectorize -march=haswell,771.204041,8f9bc97f03d5aae1,passed
adaptive-simd_omp-t16-dynamicx16-r5-sky.jpg,2026-09-20T03:51:34Z,sky.jpg,6936,9248,Adaptive_Median,5,16,dynamic,16,omp,yes,unset,unset,hype2,12.2.0,-O3 -Wall -Wextra -std=c++17 -fopenmp -ffp-contract=off -DOMP_EXPLICIT_SIMD=1,1330.673319,1e7ae9152e9643d5,passed
adaptive-simd_omp-t16-dynamicx16-r5-stars.jpg,2026-09-20T03:51:38Z,stars.jpg,12960,8640,Adaptive_Median,5,16,dynamic,16,omp,yes,unset,unset,hype2,12.2.0,-O3 -Wall -Wextra -std=c++17 -fopenmp -ffp-contract=off -DOMP_EXPLICIT_SIMD=1,2091.069290,626f977055f1c658,passed
adaptive-simd_omp-t16-dynamicx16-r5-rain_paisage.jpg,2026-09-20T03:51:46Z,rain_paisage.jpg,12288,16320,Adaptive_Median,5,16,dynamic,16,omp,yes,unset,unset,hype2,12.2.0,-O3 -Wall -Wextra -std=c++17 -fopenmp -ffp-contract=off -DOMP_EXPLICIT_SIMD=1,3961.157184,d0fdcd4b2e74abf3,passed
adaptive-simd_omp-t16-dynamicx16-r5-firework.jpg,2026-09-20T03:51:52Z,firework.jpg,11125,16688,Adaptive_Median,5,16,dynamic,16,omp,yes,unset,unset,hype2,12.2.0,-O3 -Wall -Wextra -std=c++17 -fopenmp -ffp-contract=off -DOMP_EXPLICIT_SIMD=1,3842.844495,cae2b8384ddb6aac,passed
adaptive-simd_omp-t16-dynamicx16-r5-control_smooth_6000x6000.png,2026-09-20T03:51:54Z,control_smooth_6000x6000.png,6000,6000,Adaptive_Median,5,16,dynamic,16,omp,yes,unset,unset,hype2,12.2.0,-O3 -Wall -Wextra -std=c++17 -fopenmp -ffp-contract=off -DOMP_EXPLICIT_SIMD=1,1032.720046,596e3c6929662ab9,passed
adaptive-simd_omp-t16-dynamicx16-r5-control_noise_6000x6000.png,2026-09-20T03:51:55Z,control_noise_6000x6000.png,6000,6000,Adaptive_Median,5,16,dynamic,16,omp,yes,unset,unset,hype2,12.2.0,-O3 -Wall -Wextra -std=c++17 -fopenmp -ffp-contract=off -DOMP_EXPLICIT_SIMD=1,728.507884,fcb58a627e9d9740,passed
adaptive-simd_omp-t16-dynamicx16-r5-control_half_noise_6000x6000.png,2026-09-20T03:51:56Z,control_half_noise_6000x6000.png,6000,6000,Adaptive_Median,5,16,dynamic,16,omp,yes,unset,unset,hype2,12.2.0,-O3 -Wall -Wextra -std=c++17 -fopenmp -ffp-contract=off -DOMP_EXPLICIT_SIMD=1,754.174894,9d92a48896bfc25a,passed
adaptive-simd_omp-t16-dynamicx16-r5-control_bands_256_6000x6000.png,2026-09-20T03:51:58Z,control_bands_256_6000x6000.png,6000,6000,Adaptive_Median,5,16,dynamic,16,omp,yes,unset,unset,hype2,12.2.0,-O3 -Wall -Wextra -std=c++17 -fopenmp -ffp-contract=off -DOMP_EXPLICIT_SIMD=1,762.261187,8f9bc97f03d5aae1,passed
adaptive-simd_omp-avx2-t16-dynamicx16-r5-sky.jpg,2026-09-20T03:52:00Z,sky.jpg,6936,9248,Adaptive_Median,5,16,dynamic,16,omp-avx2,yes,unset,unset,hype2,12.2.0,-O3 -Wall -Wextra -std=c++17 -fopenmp -ffp-contract=off -DOMP_EXPLICIT_SIMD=1 -march=haswell,1377.304279,1e7ae9152e9643d5,passed
adaptive-simd_omp-avx2-t16-dynamicx16-r5-stars.jpg,2026-09-20T03:52:05Z,stars.jpg,12960,8640,Adaptive_Median,5,16,dynamic,16,omp-avx2,yes,unset,unset,hype2,12.2.0,-O3 -Wall -Wextra -std=c++17 -fopenmp -ffp-contract=off -DOMP_EXPLICIT_SIMD=1 -march=haswell,2174.530143,626f977055f1c658,passed
adaptive-simd_omp-avx2-t16-dynamicx16-r5-rain_paisage.jpg,2026-09-20T03:52:12Z,rain_paisage.jpg,12288,16320,Adaptive_Median,5,16,dynamic,16,omp-avx2,yes,unset,unset,hype2,12.2.0,-O3 -Wall -Wextra -std=c++17 -fopenmp -ffp-contract=off -DOMP_EXPLICIT_SIMD=1 -march=haswell,4091.359689,d0fdcd4b2e74abf3,passed
adaptive-simd_omp-avx2-t16-dynamicx16-r5-firework.jpg,2026-09-20T03:52:19Z,firework.jpg,11125,16688,Adaptive_Median,5,16,dynamic,16,omp-avx2,yes,unset,unset,hype2,12.2.0,-O3 -Wall -Wextra -std=c++17 -fopenmp -ffp-contract=off -DOMP_EXPLICIT_SIMD=1 -march=haswell,3979.436686,cae2b8384ddb6aac,passed
adaptive-simd_omp-avx2-t16-dynamicx16-r5-control_smooth_6000x6000.png,2026-09-20T03:52:20Z,control_smooth_6000x6000.png,6000,6000,Adaptive_Median,5,16,dynamic,16,omp-avx2,yes,unset,unset,hype2,12.2.0,-O3 -Wall -Wextra -std=c++17 -fopenmp -ffp-contract=off -DOMP_EXPLICIT_SIMD=1 -march=haswell,1053.365407,596e3c6929662ab9,passed
adaptive-simd_omp-avx2-t16-dynamicx16-r5-control_noise_6000x6000.png,2026-09-20T03:52:22Z,control_noise_6000x6000.png,6000,6000,Adaptive_Median,5,16,dynamic,16,omp-avx2,yes,unset,unset,hype2,12.2.0,-O3 -Wall -Wextra -std=c++17 -fopenmp -ffp-contract=off -DOMP_EXPLICIT_SIMD=1 -march=haswell,768.980429,fcb58a627e9d9740,passed
adaptive-simd_omp-avx2-t16-dynamicx16-r5-control_half_noise_6000x6000.png,2026-09-20T03:52:23Z,control_half_noise_6000x6000.png,6000,6000,Adaptive_Median,5,16,dynamic,16,omp-avx2,yes,unset,unset,hype2,12.2.0,-O3 -Wall -Wextra -std=c++17 -fopenmp -ffp-contract=off -DOMP_EXPLICIT_SIMD=1 -march=haswell,775.988269,9d92a48896bfc25a,passed
adaptive-simd_omp-avx2-t16-dynamicx16-r5-control_bands_256_6000x6000.png,2026-09-20T03:52:25Z,control_bands_256_6000x6000.png,6000,6000,Adaptive_Median,5,16,dynamic,16,omp-avx2,yes,unset,unset,hype2,12.2.0,-O3 -Wall -Wextra -std=c++17 -fopenmp -ffp-contract=off -DOMP_EXPLICIT_SIMD=1 -march=haswell,785.028161,8f9bc97f03d5aae1,passed
adaptive-simd_off-t16-static-r5-sky.jpg,2026-09-20T03:52:27Z,sky.jpg,6936,9248,Adaptive_Median,5,16,static,,off,yes,unset,unset,hype2,12.2.0,-O3 -Wall -Wextra -std=c++17 -fopenmp -ffp-contract=off -DOMP_EXPLICIT_SIMD=0 -fno-tree-vectorize,1381.513297,1e7ae9152e9643d5,passed
adaptive-simd_off-t16-static-r5-stars.jpg,2026-09-20T03:52:31Z,stars.jpg,12960,8640,Adaptive_Median,5,16,static,,off,yes,unset,unset,hype2,12.2.0,-O3 -Wall -Wextra -std=c++17 -fopenmp -ffp-contract=off -DOMP_EXPLICIT_SIMD=0 -fno-tree-vectorize,2177.827462,626f977055f1c658,passed
adaptive-simd_off-t16-static-r5-rain_paisage.jpg,2026-09-20T03:52:40Z,rain_paisage.jpg,12288,16320,Adaptive_Median,5,16,static,,off,yes,unset,unset,hype2,12.2.0,-O3 -Wall -Wextra -std=c++17 -fopenmp -ffp-contract=off -DOMP_EXPLICIT_SIMD=0 -fno-tree-vectorize,5225.996073,d0fdcd4b2e74abf3,passed
adaptive-simd_off-t16-static-r5-firework.jpg,2026-09-20T03:52:48Z,firework.jpg,11125,16688,Adaptive_Median,5,16,static,,off,yes,unset,unset,hype2,12.2.0,-O3 -Wall -Wextra -std=c++17 -fopenmp -ffp-contract=off -DOMP_EXPLICIT_SIMD=0 -fno-tree-vectorize,4795.960930,cae2b8384ddb6aac,passed
adaptive-simd_off-t16-static-r5-control_smooth_6000x6000.png,2026-09-20T03:52:49Z,control_smooth_6000x6000.png,6000,6000,Adaptive_Median,5,16,static,,off,yes,unset,unset,hype2,12.2.0,-O3 -Wall -Wextra -std=c++17 -fopenmp -ffp-contract=off -DOMP_EXPLICIT_SIMD=0 -fno-tree-vectorize,1009.846327,596e3c6929662ab9,passed
adaptive-simd_off-t16-static-r5-control_noise_6000x6000.png,2026-09-20T03:52:50Z,control_noise_6000x6000.png,6000,6000,Adaptive_Median,5,16,static,,off,yes,unset,unset,hype2,12.2.0,-O3 -Wall -Wextra -std=c++17 -fopenmp -ffp-contract=off -DOMP_EXPLICIT_SIMD=0 -fno-tree-vectorize,694.760231,fcb58a627e9d9740,passed
adaptive-simd_off-t16-static-r5-control_half_noise_6000x6000.png,2026-09-20T03:52:52Z,control_half_noise_6000x6000.png,6000,6000,Adaptive_Median,5,16,static,,off,yes,unset,unset,hype2,12.2.0,-O3 -Wall -Wextra -std=c++17 -fopenmp -ffp-contract=off -DOMP_EXPLICIT_SIMD=0 -fno-tree-vectorize,968.568617,9d92a48896bfc25a,passed
adaptive-simd_off-t16-static-r5-control_bands_256_6000x6000.png,2026-09-20T03:52:54Z,control_bands_256_6000x6000.png,6000,6000,Adaptive_Median,5,16,static,,off,yes,unset,unset,hype2,12.2.0,-O3 -Wall -Wextra -std=c++17 -fopenmp -ffp-contract=off -DOMP_EXPLICIT_SIMD=0 -fno-tree-vectorize,817.846836,8f9bc97f03d5aae1,passed
adaptive-simd_off-avx2-t16-static-r5-sky.jpg,2026-09-20T03:52:56Z,sky.jpg,6936,9248,Adaptive_Median,5,16,static,,off-avx2,yes,unset,unset,hype2,12.2.0,-O3 -Wall -Wextra -std=c++17 -fopenmp -ffp-contract=off -DOMP_EXPLICIT_SIMD=0 -fno-tree-vectorize -march=haswell,1412.698580,1e7ae9152e9643d5,passed
adaptive-simd_off-avx2-t16-static-r5-stars.jpg,2026-09-20T03:53:01Z,stars.jpg,12960,8640,Adaptive_Median,5,16,static,,off-avx2,yes,unset,unset,hype2,12.2.0,-O3 -Wall -Wextra -std=c++17 -fopenmp -ffp-contract=off -DOMP_EXPLICIT_SIMD=0 -fno-tree-vectorize -march=haswell,2278.366459,626f977055f1c658,passed
adaptive-simd_off-avx2-t16-static-r5-rain_paisage.jpg,2026-09-20T03:53:09Z,rain_paisage.jpg,12288,16320,Adaptive_Median,5,16,static,,off-avx2,yes,unset,unset,hype2,12.2.0,-O3 -Wall -Wextra -std=c++17 -fopenmp -ffp-contract=off -DOMP_EXPLICIT_SIMD=0 -fno-tree-vectorize -march=haswell,5391.099790,d0fdcd4b2e74abf3,passed
adaptive-simd_off-avx2-t16-static-r5-firework.jpg,2026-09-20T03:53:17Z,firework.jpg,11125,16688,Adaptive_Median,5,16,static,,off-avx2,yes,unset,unset,hype2,12.2.0,-O3 -Wall -Wextra -std=c++17 -fopenmp -ffp-contract=off -DOMP_EXPLICIT_SIMD=0 -fno-tree-vectorize -march=haswell,4991.854946,cae2b8384ddb6aac,passed
adaptive-simd_off-avx2-t16-static-r5-control_smooth_6000x6000.png,2026-09-20T03:53:19Z,control_smooth_6000x6000.png,6000,6000,Adaptive_Median,5,16,static,,off-avx2,yes,unset,unset,hype2,12.2.0,-O3 -Wall -Wextra -std=c++17 -fopenmp -ffp-contract=off -DOMP_EXPLICIT_SIMD=0 -fno-tree-vectorize -march=haswell,1018.128978,596e3c6929662ab9,passed
adaptive-simd_off-avx2-t16-static-r5-control_noise_6000x6000.png,2026-09-20T03:53:20Z,control_noise_6000x6000.png,6000,6000,Adaptive_Median,5,16,static,,off-avx2,yes,unset,unset,hype2,12.2.0,-O3 -Wall -Wextra -std=c++17 -fopenmp -ffp-contract=off -DOMP_EXPLICIT_SIMD=0 -fno-tree-vectorize -march=haswell,735.492195,fcb58a627e9d9740,passed
adaptive-simd_off-avx2-t16-static-r5-control_half_noise_6000x6000.png,2026-09-20T03:53:22Z,control_half_noise_6000x6000.png,6000,6000,Adaptive_Median,5,16,static,,off-avx2,yes,unset,unset,hype2,12.2.0,-O3 -Wall -Wextra -std=c++17 -fopenmp -ffp-contract=off -DOMP_EXPLICIT_SIMD=0 -fno-tree-vectorize -march=haswell,994.605493,9d92a48896bfc25a,passed
adaptive-simd_off-avx2-t16-static-r5-control_bands_256_6000x6000.png,2026-09-20T03:53:23Z,control_bands_256_6000x6000.png,6000,6000,Adaptive_Median,5,16,static,,off-avx2,yes,unset,unset,hype2,12.2.0,-O3 -Wall -Wextra -std=c++17 -fopenmp -ffp-contract=off -DOMP_EXPLICIT_SIMD=0 -fno-tree-vectorize -march=haswell,845.796272,8f9bc97f03d5aae1,passed
adaptive-simd_omp-t16-static-r5-sky.jpg,2026-09-20T03:53:26Z,sky.jpg,6936,9248,Adaptive_Median,5,16,static,,omp,yes,unset,unset,hype2,12.2.0,-O3 -Wall -Wextra -std=c++17 -fopenmp -ffp-contract=off -DOMP_EXPLICIT_SIMD=1,1389.661979,1e7ae9152e9643d5,passed
adaptive-simd_omp-t16-static-r5-stars.jpg,2026-09-20T03:53:30Z,stars.jpg,12960,8640,Adaptive_Median,5,16,static,,omp,yes,unset,unset,hype2,12.2.0,-O3 -Wall -Wextra -std=c++17 -fopenmp -ffp-contract=off -DOMP_EXPLICIT_SIMD=1,2237.007818,626f977055f1c658,passed
adaptive-simd_omp-t16-static-r5-rain_paisage.jpg,2026-09-20T03:53:39Z,rain_paisage.jpg,12288,16320,Adaptive_Median,5,16,static,,omp,yes,unset,unset,hype2,12.2.0,-O3 -Wall -Wextra -std=c++17 -fopenmp -ffp-contract=off -DOMP_EXPLICIT_SIMD=1,5314.435632,d0fdcd4b2e74abf3,passed
adaptive-simd_omp-t16-static-r5-firework.jpg,2026-09-20T03:53:46Z,firework.jpg,11125,16688,Adaptive_Median,5,16,static,,omp,yes,unset,unset,hype2,12.2.0,-O3 -Wall -Wextra -std=c++17 -fopenmp -ffp-contract=off -DOMP_EXPLICIT_SIMD=1,4892.025164,cae2b8384ddb6aac,passed
adaptive-simd_omp-t16-static-r5-control_smooth_6000x6000.png,2026-09-20T03:53:48Z,control_smooth_6000x6000.png,6000,6000,Adaptive_Median,5,16,static,,omp,yes,unset,unset,hype2,12.2.0,-O3 -Wall -Wextra -std=c++17 -fopenmp -ffp-contract=off -DOMP_EXPLICIT_SIMD=1,1011.642105,596e3c6929662ab9,passed
adaptive-simd_omp-t16-static-r5-control_noise_6000x6000.png,2026-09-20T03:53:49Z,control_noise_6000x6000.png,6000,6000,Adaptive_Median,5,16,static,,omp,yes,unset,unset,hype2,12.2.0,-O3 -Wall -Wextra -std=c++17 -fopenmp -ffp-contract=off -DOMP_EXPLICIT_SIMD=1,712.205492,fcb58a627e9d9740,passed
adaptive-simd_omp-t16-static-r5-control_half_noise_6000x6000.png,2026-09-20T03:53:51Z,control_half_noise_6000x6000.png,6000,6000,Adaptive_Median,5,16,static,,omp,yes,unset,unset,hype2,12.2.0,-O3 -Wall -Wextra -std=c++17 -fopenmp -ffp-contract=off -DOMP_EXPLICIT_SIMD=1,989.582339,9d92a48896bfc25a,passed
adaptive-simd_omp-t16-static-r5-control_bands_256_6000x6000.png,2026-09-20T03:53:52Z,control_bands_256_6000x6000.png,6000,6000,Adaptive_Median,5,16,static,,omp,yes,unset,unset,hype2,12.2.0,-O3 -Wall -Wextra -std=c++17 -fopenmp -ffp-contract=off -DOMP_EXPLICIT_SIMD=1,837.820443,8f9bc97f03d5aae1,passed
adaptive-simd_omp-avx2-t16-static-r5-sky.jpg,2026-09-20T03:53:55Z,sky.jpg,6936,9248,Adaptive_Median,5,16,static,,omp-avx2,yes,unset,unset,hype2,12.2.0,-O3 -Wall -Wextra -std=c++17 -fopenmp -ffp-contract=off -DOMP_EXPLICIT_SIMD=1 -march=haswell,1434.860037,1e7ae9152e9643d5,passed
adaptive-simd_omp-avx2-t16-static-r5-stars.jpg,2026-09-20T03:53:59Z,stars.jpg,12960,8640,Adaptive_Median,5,16,static,,omp-avx2,yes,unset,unset,hype2,12.2.0,-O3 -Wall -Wextra -std=c++17 -fopenmp -ffp-contract=off -DOMP_EXPLICIT_SIMD=1 -march=haswell,2335.579838,626f977055f1c658,passed
adaptive-simd_omp-avx2-t16-static-r5-rain_paisage.jpg,2026-09-20T03:54:08Z,rain_paisage.jpg,12288,16320,Adaptive_Median,5,16,static,,omp-avx2,yes,unset,unset,hype2,12.2.0,-O3 -Wall -Wextra -std=c++17 -fopenmp -ffp-contract=off -DOMP_EXPLICIT_SIMD=1 -march=haswell,5463.638762,d0fdcd4b2e74abf3,passed
adaptive-simd_omp-avx2-t16-static-r5-firework.jpg,2026-09-20T03:54:16Z,firework.jpg,11125,16688,Adaptive_Median,5,16,static,,omp-avx2,yes,unset,unset,hype2,12.2.0,-O3 -Wall -Wextra -std=c++17 -fopenmp -ffp-contract=off -DOMP_EXPLICIT_SIMD=1 -march=haswell,5048.417142,cae2b8384ddb6aac,passed
adaptive-simd_omp-avx2-t16-static-r5-control_smooth_6000x6000.png,2026-09-20T03:54:17Z,control_smooth_6000x6000.png,6000,6000,Adaptive_Median,5,16,static,,omp-avx2,yes,unset,unset,hype2,12.2.0,-O3 -Wall -Wextra -std=c++17 -fopenmp -ffp-contract=off -DOMP_EXPLICIT_SIMD=1 -march=haswell,1032.630371,596e3c6929662ab9,passed
adaptive-simd_omp-avx2-t16-static-r5-control_noise_6000x6000.png,2026-09-20T03:54:19Z,control_noise_6000x6000.png,6000,6000,Adaptive_Median,5,16,static,,omp-avx2,yes,unset,unset,hype2,12.2.0,-O3 -Wall -Wextra -std=c++17 -fopenmp -ffp-contract=off -DOMP_EXPLICIT_SIMD=1 -march=haswell,752.349719,fcb58a627e9d9740,passed
adaptive-simd_omp-avx2-t16-static-r5-control_half_noise_6000x6000.png,2026-09-20T03:54:21Z,control_half_noise_6000x6000.png,6000,6000,Adaptive_Median,5,16,static,,omp-avx2,yes,unset,unset,hype2,12.2.0,-O3 -Wall -Wextra -std=c++17 -fopenmp -ffp-contract=off -DOMP_EXPLICIT_SIMD=1 -march=haswell,1018.201853,9d92a48896bfc25a,passed
adaptive-simd_omp-avx2-t16-static-r5-control_bands_256_6000x6000.png,2026-09-20T03:54:22Z,control_bands_256_6000x6000.png,6000,6000,Adaptive_Median,5,16,static,,omp-avx2,yes,unset,unset,hype2,12.2.0,-O3 -Wall -Wextra -std=c++17 -fopenmp -ffp-contract=off -DOMP_EXPLICIT_SIMD=1 -march=haswell,862.550332,8f9bc97f03d5aae1,passed
