11 [139973093860032] INFO perfrun.launcher <> - Launcher main begin
14 [139973093860032] INFO perfrun.launcher <> - MessageCatalogInit finished
14 [139973093860032] INFO perfrun.launcher <> - Launcher instance created
14 [139973093860032] INFO perfrun.launcher <> - argc = 7; cmdline = /home/intel/oneapi/vtune/2021.1.1/bin64/amplxe-runss --ui-output-format xml --ui-output-fd 5 --option-file /tmp/efsilva_vtune_823210/project/resultados_vtune/01_adaptive_dynamic4_hpc_smoke/config/runsa.options 
28 [139973093860032] INFO perfrun.launcher <> - plugin remoteplug has been added successfully
28 [139973093860032] INFO perfrun.launcher <> - plugin system has been added successfully
28 [139973093860032] INFO perfrun.launcher <> - plugin vdso has been added successfully
28 [139973093860032] INFO perfrun.launcher <> - plugin itt has been added successfully
28 [139973093860032] INFO perfrun.launcher <> - plugin ptracecollector has been added successfully
28 [139973093860032] INFO perfrun.launcher <> - plugin gpu has been added successfully
28 [139973093860032] INFO perfrun.launcher <> - plugin  has been added successfully
28 [139973093860032] INFO perfrun.launcher <> - plugin  has been added successfully
28 [139973093860032] INFO perfrun.launcher <> - plugin  has been added successfully
28 [139973093860032] INFO perfrun.launcher <> - plugin mrte has been added successfully
28 [139973093860032] INFO perfrun.launcher <> - plugin emon has been added successfully
28 [139973093860032] INFO perfrun.launcher <> - plugin cuscol has been added successfully
29 [139973093860032] INFO perfrun.launcher <> - plugin stdsrc has been added successfully
29 [139973093860032] INFO perfrun.launcher <> - plugin sep has been added successfully
29 [139973093860032] INFO perfrun.launcher <> - plugin vtsspp has been added successfully
29 [139973093860032] INFO perfrun.sdk <> - Reading value (-1) from file: /proc/sys/kernel/perf_event_paranoid
29 [139973093860032] INFO perfrun.perfcollector <> - checking access to: /home/intel/oneapi/vtune/2021.1.1/bin64/amplxe-perf-priv
33 [139973093860032] INFO perfrun.perfcollector <> - cpu: family = 6 model = 63
33 [139973093860032] INFO perfrun.perfcollector <> - dir found : /sys/bus/event_source/devices/software
33 [139973093860032] WARN perfrun.perfcollector <> - format subdir doesn't exist, at file: vcs/perfrun1/plugins/perfcollector/src/controller.cpp:725
33 [139973093860032] WARN perfrun.perfcollector <> - pmu hwInfo is not set, at file: vcs/perfrun1/plugins/perfcollector/src/controller.cpp:819
33 [139973093860032] INFO perfrun.perfcollector <> - pmu added : family : software , id : 0
33 [139973093860032] INFO perfrun.perfcollector <> - dir found : /sys/bus/event_source/devices/uncore_imc_5
33 [139973093860032] INFO perfrun.perfcollector <> - format: event config:0-7 mask:0-7
33 [139973093860032] INFO perfrun.perfcollector <> - format: edge config:18 mask:18
33 [139973093860032] INFO perfrun.perfcollector <> - format: inv config:23 mask:23
33 [139973093860032] INFO perfrun.perfcollector <> - format: umask config:8-15 mask:8-15
33 [139973093860032] INFO perfrun.perfcollector <> - format: thresh config:24-31 mask:24-31
33 [139973093860032] INFO perfrun.perfcollector <> - hwInfo : PERF_IMC_PMU_DETAILS
33 [139973093860032] INFO perfrun.perfcollector <> - pmu added : family : uncore_imc , id : 5
33 [139973093860032] INFO perfrun.perfcollector <> - dir found : /sys/bus/event_source/devices/uncore_sbox_2
33 [139973093860032] INFO perfrun.perfcollector <> - format: event config:0-7 mask:0-7
33 [139973093860032] INFO perfrun.perfcollector <> - format: edge config:18 mask:18
33 [139973093860032] INFO perfrun.perfcollector <> - format: inv config:23 mask:23
33 [139973093860032] INFO perfrun.perfcollector <> - format: umask config:8-15 mask:8-15
33 [139973093860032] INFO perfrun.perfcollector <> - format: tid_en config:19 mask:19
33 [139973093860032] INFO perfrun.perfcollector <> - format: thresh config:24-31 mask:24-31
33 [139973093860032] WARN perfrun.perfcollector <> - pmu hwInfo is not set, at file: vcs/perfrun1/plugins/perfcollector/src/controller.cpp:819
33 [139973093860032] INFO perfrun.perfcollector <> - pmu added : family : uncore_sbox , id : 2
33 [139973093860032] INFO perfrun.perfcollector <> - dir found : /sys/bus/event_source/devices/uncore_cbox_8
33 [139973093860032] INFO perfrun.perfcollector <> - format: event config:0-7 mask:0-7
33 [139973093860032] INFO perfrun.perfcollector <> - format: filter_link config1:6-8 mask:6-8
33 [139973093860032] INFO perfrun.perfcollector <> - format: filter_c6 config1:61 mask:61
34 [139973093860032] INFO perfrun.perfcollector <> - format: edge config:18 mask:18
34 [139973093860032] INFO perfrun.perfcollector <> - format: filter_isoc config1:63 mask:63
34 [139973093860032] INFO perfrun.perfcollector <> - format: filter_tid config1:0-5 mask:0-5
34 [139973093860032] INFO perfrun.perfcollector <> - format: filter_nid config1:32-47 mask:32-47
34 [139973093860032] INFO perfrun.perfcollector <> - format: filter_nc config1:62 mask:62
34 [139973093860032] INFO perfrun.perfcollector <> - format: umask config:8-15 mask:8-15
34 [139973093860032] INFO perfrun.perfcollector <> - format: tid_en config:19 mask:19
34 [139973093860032] INFO perfrun.perfcollector <> - format: thresh config:24-31 mask:24-31
34 [139973093860032] INFO perfrun.perfcollector <> - format: filter_state config1:17-23 mask:17-23
34 [139973093860032] INFO perfrun.perfcollector <> - format: filter_opc config1:52-60 mask:52-60
34 [139973093860032] WARN perfrun.perfcollector <> - pmu hwInfo is not set, at file: vcs/perfrun1/plugins/perfcollector/src/controller.cpp:819
34 [139973093860032] INFO perfrun.perfcollector <> - pmu added : family : uncore_cbox , id : 8
34 [139973093860032] INFO perfrun.perfcollector <> - dir found : /sys/bus/event_source/devices/uncore_r2pcie
34 [139973093860032] INFO perfrun.perfcollector <> - format: event config:0-7 mask:0-7
34 [139973093860032] INFO perfrun.perfcollector <> - format: edge config:18 mask:18
34 [139973093860032] INFO perfrun.perfcollector <> - format: inv config:23 mask:23
34 [139973093860032] INFO perfrun.perfcollector <> - format: umask config:8-15 mask:8-15
34 [139973093860032] INFO perfrun.perfcollector <> - format: thresh config:24-31 mask:24-31
34 [139973093860032] WARN perfrun.perfcollector <> - pmu hwInfo is not set, at file: vcs/perfrun1/plugins/perfcollector/src/controller.cpp:819
34 [139973093860032] INFO perfrun.perfcollector <> - pmu added : family : uncore_r2pcie , id : 0
34 [139973093860032] INFO perfrun.perfcollector <> - dir found : /sys/bus/event_source/devices/uncore_sbox_0
34 [139973093860032] INFO perfrun.perfcollector <> - format: event config:0-7 mask:0-7
34 [139973093860032] INFO perfrun.perfcollector <> - format: edge config:18 mask:18
34 [139973093860032] INFO perfrun.perfcollector <> - format: inv config:23 mask:23
34 [139973093860032] INFO perfrun.perfcollector <> - format: umask config:8-15 mask:8-15
34 [139973093860032] INFO perfrun.perfcollector <> - format: tid_en config:19 mask:19
35 [139973093860032] INFO perfrun.perfcollector <> - format: thresh config:24-31 mask:24-31
35 [139973093860032] WARN perfrun.perfcollector <> - pmu hwInfo is not set, at file: vcs/perfrun1/plugins/perfcollector/src/controller.cpp:819
35 [139973093860032] INFO perfrun.perfcollector <> - pmu added : family : uncore_sbox , id : 0
35 [139973093860032] INFO perfrun.perfcollector <> - dir found : /sys/bus/event_source/devices/uncore_cbox_6
35 [139973093860032] INFO perfrun.perfcollector <> - format: event config:0-7 mask:0-7
35 [139973093860032] INFO perfrun.perfcollector <> - format: filter_link config1:6-8 mask:6-8
35 [139973093860032] INFO perfrun.perfcollector <> - format: filter_c6 config1:61 mask:61
35 [139973093860032] INFO perfrun.perfcollector <> - format: edge config:18 mask:18
35 [139973093860032] INFO perfrun.perfcollector <> - format: filter_isoc config1:63 mask:63
35 [139973093860032] INFO perfrun.perfcollector <> - format: filter_tid config1:0-5 mask:0-5
35 [139973093860032] INFO perfrun.perfcollector <> - format: filter_nid config1:32-47 mask:32-47
35 [139973093860032] INFO perfrun.perfcollector <> - format: filter_nc config1:62 mask:62
35 [139973093860032] INFO perfrun.perfcollector <> - format: umask config:8-15 mask:8-15
35 [139973093860032] INFO perfrun.perfcollector <> - format: tid_en config:19 mask:19
35 [139973093860032] INFO perfrun.perfcollector <> - format: thresh config:24-31 mask:24-31
35 [139973093860032] INFO perfrun.perfcollector <> - format: filter_state config1:17-23 mask:17-23
35 [139973093860032] INFO perfrun.perfcollector <> - format: filter_opc config1:52-60 mask:52-60
35 [139973093860032] WARN perfrun.perfcollector <> - pmu hwInfo is not set, at file: vcs/perfrun1/plugins/perfcollector/src/controller.cpp:819
35 [139973093860032] INFO perfrun.perfcollector <> - pmu added : family : uncore_cbox , id : 6
35 [139973093860032] INFO perfrun.perfcollector <> - dir found : /sys/bus/event_source/devices/uncore_imc_1
35 [139973093860032] INFO perfrun.perfcollector <> - format: event config:0-7 mask:0-7
35 [139973093860032] INFO perfrun.perfcollector <> - format: edge config:18 mask:18
35 [139973093860032] INFO perfrun.perfcollector <> - format: inv config:23 mask:23
35 [139973093860032] INFO perfrun.perfcollector <> - format: umask config:8-15 mask:8-15
35 [139973093860032] INFO perfrun.perfcollector <> - format: thresh config:24-31 mask:24-31
35 [139973093860032] INFO perfrun.perfcollector <> - hwInfo : PERF_IMC_PMU_DETAILS
35 [139973093860032] INFO perfrun.perfcollector <> - pmu added : family : uncore_imc , id : 1
35 [139973093860032] INFO perfrun.perfcollector <> - dir found : /sys/bus/event_source/devices/power
35 [139973093860032] INFO perfrun.perfcollector <> - format: event config:0-7 mask:0-7
35 [139973093860032] WARN perfrun.perfcollector <> - pmu hwInfo is not set, at file: vcs/perfrun1/plugins/perfcollector/src/controller.cpp:819
35 [139973093860032] INFO perfrun.perfcollector <> - pmu added : family : power , id : 0
35 [139973093860032] INFO perfrun.perfcollector <> - dir found : /sys/bus/event_source/devices/uncore_cbox_4
36 [139973093860032] INFO perfrun.perfcollector <> - format: event config:0-7 mask:0-7
36 [139973093860032] INFO perfrun.perfcollector <> - format: filter_link config1:6-8 mask:6-8
36 [139973093860032] INFO perfrun.perfcollector <> - format: filter_c6 config1:61 mask:61
36 [139973093860032] INFO perfrun.perfcollector <> - format: edge config:18 mask:18
36 [139973093860032] INFO perfrun.perfcollector <> - format: filter_isoc config1:63 mask:63
36 [139973093860032] INFO perfrun.perfcollector <> - format: filter_tid config1:0-5 mask:0-5
36 [139973093860032] INFO perfrun.perfcollector <> - format: filter_nid config1:32-47 mask:32-47
36 [139973093860032] INFO perfrun.perfcollector <> - format: filter_nc config1:62 mask:62
36 [139973093860032] INFO perfrun.perfcollector <> - format: umask config:8-15 mask:8-15
36 [139973093860032] INFO perfrun.perfcollector <> - format: tid_en config:19 mask:19
36 [139973093860032] INFO perfrun.perfcollector <> - format: thresh config:24-31 mask:24-31
36 [139973093860032] INFO perfrun.perfcollector <> - format: filter_state config1:17-23 mask:17-23
36 [139973093860032] INFO perfrun.perfcollector <> - format: filter_opc config1:52-60 mask:52-60
36 [139973093860032] WARN perfrun.perfcollector <> - pmu hwInfo is not set, at file: vcs/perfrun1/plugins/perfcollector/src/controller.cpp:819
36 [139973093860032] INFO perfrun.perfcollector <> - pmu added : family : uncore_cbox , id : 4
36 [139973093860032] INFO perfrun.perfcollector <> - dir found : /sys/bus/event_source/devices/uprobe
36 [139973093860032] INFO perfrun.perfcollector <> - format: ref_ctr_offset config:32-63 mask:32-63
36 [139973093860032] INFO perfrun.perfcollector <> - format: retprobe config:0 mask:0
36 [139973093860032] WARN perfrun.perfcollector <> - pmu hwInfo is not set, at file: vcs/perfrun1/plugins/perfcollector/src/controller.cpp:819
36 [139973093860032] INFO perfrun.perfcollector <> - pmu added : family : uprobe , id : 0
36 [139973093860032] INFO perfrun.perfcollector <> - dir found : /sys/bus/event_source/devices/cpu
36 [139973093860032] INFO perfrun.perfcollector <> - format: event config:0-7 mask:0-7
36 [139973093860032] INFO perfrun.perfcollector <> - format: pc config:19 mask:19
36 [139973093860032] INFO perfrun.perfcollector <> - format: edge config:18 mask:18
36 [139973093860032] INFO perfrun.perfcollector <> - format: any config:21 mask:21
36 [139973093860032] INFO perfrun.perfcollector <> - format: offcore_rsp config1:0-63 mask:0-63
36 [139973093860032] INFO perfrun.perfcollector <> - format: ldlat config1:0-15 mask:0-15
36 [139973093860032] INFO perfrun.perfcollector <> - format: inv config:23 mask:23
36 [139973093860032] INFO perfrun.perfcollector <> - format: umask config:8-15 mask:8-15
36 [139973093860032] INFO perfrun.perfcollector <> - format: cmask config:24-31 mask:24-31
36 [139973093860032] INFO perfrun.perfcollector <> - hwInfo : PERF_CPU_PMU_DETAILS
36 [139973093860032] INFO perfrun.perfcollector <> - pmu added : family : cpu , id : 0
37 [139973093860032] INFO perfrun.perfcollector <> - dir found : /sys/bus/event_source/devices/uncore_r3qpi_0
37 [139973093860032] INFO perfrun.perfcollector <> - format: event config:0-7 mask:0-7
37 [139973093860032] INFO perfrun.perfcollector <> - format: edge config:18 mask:18
37 [139973093860032] INFO perfrun.perfcollector <> - format: inv config:23 mask:23
37 [139973093860032] INFO perfrun.perfcollector <> - format: umask config:8-15 mask:8-15
37 [139973093860032] INFO perfrun.perfcollector <> - format: thresh config:24-31 mask:24-31
37 [139973093860032] WARN perfrun.perfcollector <> - pmu hwInfo is not set, at file: vcs/perfrun1/plugins/perfcollector/src/controller.cpp:819
37 [139973093860032] INFO perfrun.perfcollector <> - pmu added : family : uncore_r3qpi , id : 0
37 [139973093860032] INFO perfrun.perfcollector <> - dir found : /sys/bus/event_source/devices/cstate_core
37 [139973093860032] INFO perfrun.perfcollector <> - format: event config:0-63 mask:0-63
37 [139973093860032] WARN perfrun.perfcollector <> - pmu hwInfo is not set, at file: vcs/perfrun1/plugins/perfcollector/src/controller.cpp:819
37 [139973093860032] INFO perfrun.perfcollector <> - pmu added : family : cstate_core , id : 0
37 [139973093860032] INFO perfrun.perfcollector <> - dir found : /sys/bus/event_source/devices/uncore_cbox_2
37 [139973093860032] INFO perfrun.perfcollector <> - format: event config:0-7 mask:0-7
37 [139973093860032] INFO perfrun.perfcollector <> - format: filter_link config1:6-8 mask:6-8
37 [139973093860032] INFO perfrun.perfcollector <> - format: filter_c6 config1:61 mask:61
37 [139973093860032] INFO perfrun.perfcollector <> - format: edge config:18 mask:18
37 [139973093860032] INFO perfrun.perfcollector <> - format: filter_isoc config1:63 mask:63
37 [139973093860032] INFO perfrun.perfcollector <> - format: filter_tid config1:0-5 mask:0-5
37 [139973093860032] INFO perfrun.perfcollector <> - format: filter_nid config1:32-47 mask:32-47
37 [139973093860032] INFO perfrun.perfcollector <> - format: filter_nc config1:62 mask:62
37 [139973093860032] INFO perfrun.perfcollector <> - format: umask config:8-15 mask:8-15
37 [139973093860032] INFO perfrun.perfcollector <> - format: tid_en config:19 mask:19
37 [139973093860032] INFO perfrun.perfcollector <> - format: thresh config:24-31 mask:24-31
37 [139973093860032] INFO perfrun.perfcollector <> - format: filter_state config1:17-23 mask:17-23
37 [139973093860032] INFO perfrun.perfcollector <> - format: filter_opc config1:52-60 mask:52-60
37 [139973093860032] WARN perfrun.perfcollector <> - pmu hwInfo is not set, at file: vcs/perfrun1/plugins/perfcollector/src/controller.cpp:819
37 [139973093860032] INFO perfrun.perfcollector <> - pmu added : family : uncore_cbox , id : 2
37 [139973093860032] INFO perfrun.perfcollector <> - dir found : /sys/bus/event_source/devices/breakpoint
37 [139973093860032] WARN perfrun.perfcollector <> - format subdir doesn't exist, at file: vcs/perfrun1/plugins/perfcollector/src/controller.cpp:725
37 [139973093860032] WARN perfrun.perfcollector <> - pmu hwInfo is not set, at file: vcs/perfrun1/plugins/perfcollector/src/controller.cpp:819
37 [139973093860032] INFO perfrun.perfcollector <> - pmu added : family : breakpoint , id : 0
37 [139973093860032] INFO perfrun.perfcollector <> - dir found : /sys/bus/event_source/devices/uncore_ha_0
38 [139973093860032] INFO perfrun.perfcollector <> - format: event config:0-7 mask:0-7
38 [139973093860032] INFO perfrun.perfcollector <> - format: edge config:18 mask:18
38 [139973093860032] INFO perfrun.perfcollector <> - format: inv config:23 mask:23
38 [139973093860032] INFO perfrun.perfcollector <> - format: umask config:8-15 mask:8-15
38 [139973093860032] INFO perfrun.perfcollector <> - format: thresh config:24-31 mask:24-31
38 [139973093860032] WARN perfrun.perfcollector <> - pmu hwInfo is not set, at file: vcs/perfrun1/plugins/perfcollector/src/controller.cpp:819
38 [139973093860032] INFO perfrun.perfcollector <> - pmu added : family : uncore_ha , id : 0
38 [139973093860032] INFO perfrun.perfcollector <> - dir found : /sys/bus/event_source/devices/uncore_cbox_0
38 [139973093860032] INFO perfrun.perfcollector <> - format: event config:0-7 mask:0-7
38 [139973093860032] INFO perfrun.perfcollector <> - format: filter_link config1:6-8 mask:6-8
38 [139973093860032] INFO perfrun.perfcollector <> - format: filter_c6 config1:61 mask:61
38 [139973093860032] INFO perfrun.perfcollector <> - format: edge config:18 mask:18
38 [139973093860032] INFO perfrun.perfcollector <> - format: filter_isoc config1:63 mask:63
38 [139973093860032] INFO perfrun.perfcollector <> - format: filter_tid config1:0-5 mask:0-5
38 [139973093860032] INFO perfrun.perfcollector <> - format: filter_nid config1:32-47 mask:32-47
38 [139973093860032] INFO perfrun.perfcollector <> - format: filter_nc config1:62 mask:62
38 [139973093860032] INFO perfrun.perfcollector <> - format: umask config:8-15 mask:8-15
38 [139973093860032] INFO perfrun.perfcollector <> - format: tid_en config:19 mask:19
38 [139973093860032] INFO perfrun.perfcollector <> - format: thresh config:24-31 mask:24-31
38 [139973093860032] INFO perfrun.perfcollector <> - format: filter_state config1:17-23 mask:17-23
38 [139973093860032] INFO perfrun.perfcollector <> - format: filter_opc config1:52-60 mask:52-60
38 [139973093860032] WARN perfrun.perfcollector <> - pmu hwInfo is not set, at file: vcs/perfrun1/plugins/perfcollector/src/controller.cpp:819
38 [139973093860032] INFO perfrun.perfcollector <> - pmu added : family : uncore_cbox , id : 0
38 [139973093860032] INFO perfrun.perfcollector <> - dir found : /sys/bus/event_source/devices/tracepoint
38 [139973093860032] WARN perfrun.perfcollector <> - format subdir doesn't exist, at file: vcs/perfrun1/plugins/perfcollector/src/controller.cpp:725
38 [139973093860032] WARN perfrun.perfcollector <> - pmu hwInfo is not set, at file: vcs/perfrun1/plugins/perfcollector/src/controller.cpp:819
38 [139973093860032] INFO perfrun.perfcollector <> - pmu added : family : tracepoint , id : 0
38 [139973093860032] INFO perfrun.perfcollector <> - dir found : /sys/bus/event_source/devices/uncore_sbox_3
38 [139973093860032] INFO perfrun.perfcollector <> - format: event config:0-7 mask:0-7
38 [139973093860032] INFO perfrun.perfcollector <> - format: edge config:18 mask:18
38 [139973093860032] INFO perfrun.perfcollector <> - format: inv config:23 mask:23
38 [139973093860032] INFO perfrun.perfcollector <> - format: umask config:8-15 mask:8-15
38 [139973093860032] INFO perfrun.perfcollector <> - format: tid_en config:19 mask:19
38 [139973093860032] INFO perfrun.perfcollector <> - format: thresh config:24-31 mask:24-31
39 [139973093860032] WARN perfrun.perfcollector <> - pmu hwInfo is not set, at file: vcs/perfrun1/plugins/perfcollector/src/controller.cpp:819
39 [139973093860032] INFO perfrun.perfcollector <> - pmu added : family : uncore_sbox , id : 3
39 [139973093860032] INFO perfrun.perfcollector <> - dir found : /sys/bus/event_source/devices/uncore_cbox_9
39 [139973093860032] INFO perfrun.perfcollector <> - format: event config:0-7 mask:0-7
39 [139973093860032] INFO perfrun.perfcollector <> - format: filter_link config1:6-8 mask:6-8
39 [139973093860032] INFO perfrun.perfcollector <> - format: filter_c6 config1:61 mask:61
39 [139973093860032] INFO perfrun.perfcollector <> - format: edge config:18 mask:18
39 [139973093860032] INFO perfrun.perfcollector <> - format: filter_isoc config1:63 mask:63
39 [139973093860032] INFO perfrun.perfcollector <> - format: filter_tid config1:0-5 mask:0-5
39 [139973093860032] INFO perfrun.perfcollector <> - format: filter_nid config1:32-47 mask:32-47
39 [139973093860032] INFO perfrun.perfcollector <> - format: filter_nc config1:62 mask:62
39 [139973093860032] INFO perfrun.perfcollector <> - format: umask config:8-15 mask:8-15
39 [139973093860032] INFO perfrun.perfcollector <> - format: tid_en config:19 mask:19
39 [139973093860032] INFO perfrun.perfcollector <> - format: thresh config:24-31 mask:24-31
39 [139973093860032] INFO perfrun.perfcollector <> - format: filter_state config1:17-23 mask:17-23
39 [139973093860032] INFO perfrun.perfcollector <> - format: filter_opc config1:52-60 mask:52-60
39 [139973093860032] WARN perfrun.perfcollector <> - pmu hwInfo is not set, at file: vcs/perfrun1/plugins/perfcollector/src/controller.cpp:819
39 [139973093860032] INFO perfrun.perfcollector <> - pmu added : family : uncore_cbox , id : 9
39 [139973093860032] INFO perfrun.perfcollector <> - dir found : /sys/bus/event_source/devices/cstate_pkg
39 [139973093860032] INFO perfrun.perfcollector <> - format: event config:0-63 mask:0-63
39 [139973093860032] WARN perfrun.perfcollector <> - pmu hwInfo is not set, at file: vcs/perfrun1/plugins/perfcollector/src/controller.cpp:819
39 [139973093860032] INFO perfrun.perfcollector <> - pmu added : family : cstate_pkg , id : 0
39 [139973093860032] INFO perfrun.perfcollector <> - dir found : /sys/bus/event_source/devices/uncore_imc_4
39 [139973093860032] INFO perfrun.perfcollector <> - format: event config:0-7 mask:0-7
39 [139973093860032] INFO perfrun.perfcollector <> - format: edge config:18 mask:18
39 [139973093860032] INFO perfrun.perfcollector <> - format: inv config:23 mask:23
39 [139973093860032] INFO perfrun.perfcollector <> - format: umask config:8-15 mask:8-15
39 [139973093860032] INFO perfrun.perfcollector <> - format: thresh config:24-31 mask:24-31
40 [139973093860032] INFO perfrun.perfcollector <> - hwInfo : PERF_IMC_PMU_DETAILS
40 [139973093860032] INFO perfrun.perfcollector <> - pmu added : family : uncore_imc , id : 4
40 [139973093860032] INFO perfrun.perfcollector <> - dir found : /sys/bus/event_source/devices/uncore_ubox
40 [139973093860032] INFO perfrun.perfcollector <> - format: event config:0-7 mask:0-7
40 [139973093860032] INFO perfrun.perfcollector <> - format: edge config:18 mask:18
40 [139973093860032] INFO perfrun.perfcollector <> - format: filter_tid config1:0 mask:0
40 [139973093860032] INFO perfrun.perfcollector <> - format: inv config:23 mask:23
40 [139973093860032] INFO perfrun.perfcollector <> - format: umask config:8-15 mask:8-15
40 [139973093860032] INFO perfrun.perfcollector <> - format: thresh config:24-28 mask:24-28
40 [139973093860032] INFO perfrun.perfcollector <> - format: filter_cid config1:5 mask:5
40 [139973093860032] WARN perfrun.perfcollector <> - pmu hwInfo is not set, at file: vcs/perfrun1/plugins/perfcollector/src/controller.cpp:819
40 [139973093860032] INFO perfrun.perfcollector <> - pmu added : family : uncore_ubox , id : 0
40 [139973093860032] INFO perfrun.perfcollector <> - dir found : /sys/bus/event_source/devices/uncore_sbox_1
40 [139973093860032] INFO perfrun.perfcollector <> - format: event config:0-7 mask:0-7
40 [139973093860032] INFO perfrun.perfcollector <> - format: edge config:18 mask:18
40 [139973093860032] INFO perfrun.perfcollector <> - format: inv config:23 mask:23
40 [139973093860032] INFO perfrun.perfcollector <> - format: umask config:8-15 mask:8-15
40 [139973093860032] INFO perfrun.perfcollector <> - format: tid_en config:19 mask:19
40 [139973093860032] INFO perfrun.perfcollector <> - format: thresh config:24-31 mask:24-31
40 [139973093860032] WARN perfrun.perfcollector <> - pmu hwInfo is not set, at file: vcs/perfrun1/plugins/perfcollector/src/controller.cpp:819
40 [139973093860032] INFO perfrun.perfcollector <> - pmu added : family : uncore_sbox , id : 1
40 [139973093860032] INFO perfrun.perfcollector <> - dir found : /sys/bus/event_source/devices/uncore_cbox_7
40 [139973093860032] INFO perfrun.perfcollector <> - format: event config:0-7 mask:0-7
40 [139973093860032] INFO perfrun.perfcollector <> - format: filter_link config1:6-8 mask:6-8
40 [139973093860032] INFO perfrun.perfcollector <> - format: filter_c6 config1:61 mask:61
40 [139973093860032] INFO perfrun.perfcollector <> - format: edge config:18 mask:18
40 [139973093860032] INFO perfrun.perfcollector <> - format: filter_isoc config1:63 mask:63
40 [139973093860032] INFO perfrun.perfcollector <> - format: filter_tid config1:0-5 mask:0-5
40 [139973093860032] INFO perfrun.perfcollector <> - format: filter_nid config1:32-47 mask:32-47
40 [139973093860032] INFO perfrun.perfcollector <> - format: filter_nc config1:62 mask:62
40 [139973093860032] INFO perfrun.perfcollector <> - format: umask config:8-15 mask:8-15
41 [139973093860032] INFO perfrun.perfcollector <> - format: tid_en config:19 mask:19
41 [139973093860032] INFO perfrun.perfcollector <> - format: thresh config:24-31 mask:24-31
41 [139973093860032] INFO perfrun.perfcollector <> - format: filter_state config1:17-23 mask:17-23
41 [139973093860032] INFO perfrun.perfcollector <> - format: filter_opc config1:52-60 mask:52-60
41 [139973093860032] WARN perfrun.perfcollector <> - pmu hwInfo is not set, at file: vcs/perfrun1/plugins/perfcollector/src/controller.cpp:819
41 [139973093860032] INFO perfrun.perfcollector <> - pmu added : family : uncore_cbox , id : 7
41 [139973093860032] INFO perfrun.perfcollector <> - dir found : /sys/bus/event_source/devices/kprobe
41 [139973093860032] INFO perfrun.perfcollector <> - format: retprobe config:0 mask:0
41 [139973093860032] WARN perfrun.perfcollector <> - pmu hwInfo is not set, at file: vcs/perfrun1/plugins/perfcollector/src/controller.cpp:819
41 [139973093860032] INFO perfrun.perfcollector <> - pmu added : family : kprobe , id : 0
41 [139973093860032] INFO perfrun.perfcollector <> - dir found : /sys/bus/event_source/devices/uncore_cbox_5
41 [139973093860032] INFO perfrun.perfcollector <> - format: event config:0-7 mask:0-7
41 [139973093860032] INFO perfrun.perfcollector <> - format: filter_link config1:6-8 mask:6-8
41 [139973093860032] INFO perfrun.perfcollector <> - format: filter_c6 config1:61 mask:61
41 [139973093860032] INFO perfrun.perfcollector <> - format: edge config:18 mask:18
41 [139973093860032] INFO perfrun.perfcollector <> - format: filter_isoc config1:63 mask:63
41 [139973093860032] INFO perfrun.perfcollector <> - format: filter_tid config1:0-5 mask:0-5
41 [139973093860032] INFO perfrun.perfcollector <> - format: filter_nid config1:32-47 mask:32-47
41 [139973093860032] INFO perfrun.perfcollector <> - format: filter_nc config1:62 mask:62
41 [139973093860032] INFO perfrun.perfcollector <> - format: umask config:8-15 mask:8-15
41 [139973093860032] INFO perfrun.perfcollector <> - format: tid_en config:19 mask:19
41 [139973093860032] INFO perfrun.perfcollector <> - format: thresh config:24-31 mask:24-31
41 [139973093860032] INFO perfrun.perfcollector <> - format: filter_state config1:17-23 mask:17-23
41 [139973093860032] INFO perfrun.perfcollector <> - format: filter_opc config1:52-60 mask:52-60
41 [139973093860032] WARN perfrun.perfcollector <> - pmu hwInfo is not set, at file: vcs/perfrun1/plugins/perfcollector/src/controller.cpp:819
41 [139973093860032] INFO perfrun.perfcollector <> - pmu added : family : uncore_cbox , id : 5
41 [139973093860032] INFO perfrun.perfcollector <> - dir found : /sys/bus/event_source/devices/uncore_imc_0
41 [139973093860032] INFO perfrun.perfcollector <> - format: event config:0-7 mask:0-7
41 [139973093860032] INFO perfrun.perfcollector <> - format: edge config:18 mask:18
41 [139973093860032] INFO perfrun.perfcollector <> - format: inv config:23 mask:23
41 [139973093860032] INFO perfrun.perfcollector <> - format: umask config:8-15 mask:8-15
41 [139973093860032] INFO perfrun.perfcollector <> - format: thresh config:24-31 mask:24-31
42 [139973093860032] INFO perfrun.perfcollector <> - hwInfo : PERF_IMC_PMU_DETAILS
42 [139973093860032] INFO perfrun.perfcollector <> - pmu added : family : uncore_imc , id : 0
42 [139973093860032] INFO perfrun.perfcollector <> - dir found : /sys/bus/event_source/devices/uncore_pcu
42 [139973093860032] INFO perfrun.perfcollector <> - format: filter_band2 config1:16-23 mask:16-23
42 [139973093860032] INFO perfrun.perfcollector <> - format: event config:0-7 mask:0-7
42 [139973093860032] INFO perfrun.perfcollector <> - format: filter_band0 config1:0-7 mask:0-7
42 [139973093860032] INFO perfrun.perfcollector <> - format: edge config:18 mask:18
42 [139973093860032] INFO perfrun.perfcollector <> - format: occ_invert config:30 mask:30
42 [139973093860032] INFO perfrun.perfcollector <> - format: occ_edge config:14-51 mask:14-51
42 [139973093860032] INFO perfrun.perfcollector <> - format: filter_band3 config1:24-31 mask:24-31
42 [139973093860032] INFO perfrun.perfcollector <> - format: filter_band1 config1:8-15 mask:8-15
42 [139973093860032] INFO perfrun.perfcollector <> - format: inv config:23 mask:23
42 [139973093860032] INFO perfrun.perfcollector <> - format: thresh config:24-28 mask:24-28
42 [139973093860032] INFO perfrun.perfcollector <> - format: occ_sel config:14-15 mask:14-15
42 [139973093860032] WARN perfrun.perfcollector <> - pmu hwInfo is not set, at file: vcs/perfrun1/plugins/perfcollector/src/controller.cpp:819
42 [139973093860032] INFO perfrun.perfcollector <> - pmu added : family : uncore_pcu , id : 0
42 [139973093860032] INFO perfrun.perfcollector <> - dir found : /sys/bus/event_source/devices/uncore_r3qpi_1
42 [139973093860032] INFO perfrun.perfcollector <> - format: event config:0-7 mask:0-7
42 [139973093860032] INFO perfrun.perfcollector <> - format: edge config:18 mask:18
42 [139973093860032] INFO perfrun.perfcollector <> - format: inv config:23 mask:23
42 [139973093860032] INFO perfrun.perfcollector <> - format: umask config:8-15 mask:8-15
42 [139973093860032] INFO perfrun.perfcollector <> - format: thresh config:24-31 mask:24-31
42 [139973093860032] WARN perfrun.perfcollector <> - pmu hwInfo is not set, at file: vcs/perfrun1/plugins/perfcollector/src/controller.cpp:819
42 [139973093860032] INFO perfrun.perfcollector <> - pmu added : family : uncore_r3qpi , id : 1
42 [139973093860032] INFO perfrun.perfcollector <> - dir found : /sys/bus/event_source/devices/msr
42 [139973093860032] INFO perfrun.perfcollector <> - format: event config:0-63 mask:0-63
42 [139973093860032] WARN perfrun.perfcollector <> - pmu hwInfo is not set, at file: vcs/perfrun1/plugins/perfcollector/src/controller.cpp:819
42 [139973093860032] INFO perfrun.perfcollector <> - pmu added : family : msr , id : 0
42 [139973093860032] INFO perfrun.perfcollector <> - dir found : /sys/bus/event_source/devices/uncore_cbox_3
42 [139973093860032] INFO perfrun.perfcollector <> - format: event config:0-7 mask:0-7
42 [139973093860032] INFO perfrun.perfcollector <> - format: filter_link config1:6-8 mask:6-8
43 [139973093860032] INFO perfrun.perfcollector <> - format: filter_c6 config1:61 mask:61
43 [139973093860032] INFO perfrun.perfcollector <> - format: edge config:18 mask:18
43 [139973093860032] INFO perfrun.perfcollector <> - format: filter_isoc config1:63 mask:63
43 [139973093860032] INFO perfrun.perfcollector <> - format: filter_tid config1:0-5 mask:0-5
43 [139973093860032] INFO perfrun.perfcollector <> - format: filter_nid config1:32-47 mask:32-47
43 [139973093860032] INFO perfrun.perfcollector <> - format: filter_nc config1:62 mask:62
43 [139973093860032] INFO perfrun.perfcollector <> - format: umask config:8-15 mask:8-15
43 [139973093860032] INFO perfrun.perfcollector <> - format: tid_en config:19 mask:19
43 [139973093860032] INFO perfrun.perfcollector <> - format: thresh config:24-31 mask:24-31
43 [139973093860032] INFO perfrun.perfcollector <> - format: filter_state config1:17-23 mask:17-23
43 [139973093860032] INFO perfrun.perfcollector <> - format: filter_opc config1:52-60 mask:52-60
43 [139973093860032] WARN perfrun.perfcollector <> - pmu hwInfo is not set, at file: vcs/perfrun1/plugins/perfcollector/src/controller.cpp:819
43 [139973093860032] INFO perfrun.perfcollector <> - pmu added : family : uncore_cbox , id : 3
43 [139973093860032] INFO perfrun.perfcollector <> - dir found : /sys/bus/event_source/devices/uncore_ha_1
43 [139973093860032] INFO perfrun.perfcollector <> - format: event config:0-7 mask:0-7
43 [139973093860032] INFO perfrun.perfcollector <> - format: edge config:18 mask:18
43 [139973093860032] INFO perfrun.perfcollector <> - format: inv config:23 mask:23
43 [139973093860032] INFO perfrun.perfcollector <> - format: umask config:8-15 mask:8-15
43 [139973093860032] INFO perfrun.perfcollector <> - format: thresh config:24-31 mask:24-31
43 [139973093860032] WARN perfrun.perfcollector <> - pmu hwInfo is not set, at file: vcs/perfrun1/plugins/perfcollector/src/controller.cpp:819
43 [139973093860032] INFO perfrun.perfcollector <> - pmu added : family : uncore_ha , id : 1
43 [139973093860032] INFO perfrun.perfcollector <> - dir found : /sys/bus/event_source/devices/uncore_cbox_1
43 [139973093860032] INFO perfrun.perfcollector <> - format: event config:0-7 mask:0-7
43 [139973093860032] INFO perfrun.perfcollector <> - format: filter_link config1:6-8 mask:6-8
43 [139973093860032] INFO perfrun.perfcollector <> - format: filter_c6 config1:61 mask:61
43 [139973093860032] INFO perfrun.perfcollector <> - format: edge config:18 mask:18
43 [139973093860032] INFO perfrun.perfcollector <> - format: filter_isoc config1:63 mask:63
43 [139973093860032] INFO perfrun.perfcollector <> - format: filter_tid config1:0-5 mask:0-5
43 [139973093860032] INFO perfrun.perfcollector <> - format: filter_nid config1:32-47 mask:32-47
43 [139973093860032] INFO perfrun.perfcollector <> - format: filter_nc config1:62 mask:62
43 [139973093860032] INFO perfrun.perfcollector <> - format: umask config:8-15 mask:8-15
44 [139973093860032] INFO perfrun.perfcollector <> - format: tid_en config:19 mask:19
44 [139973093860032] INFO perfrun.perfcollector <> - format: thresh config:24-31 mask:24-31
44 [139973093860032] INFO perfrun.perfcollector <> - format: filter_state config1:17-23 mask:17-23
44 [139973093860032] INFO perfrun.perfcollector <> - format: filter_opc config1:52-60 mask:52-60
44 [139973093860032] WARN perfrun.perfcollector <> - pmu hwInfo is not set, at file: vcs/perfrun1/plugins/perfcollector/src/controller.cpp:819
44 [139973093860032] INFO perfrun.perfcollector <> - pmu added : family : uncore_cbox , id : 1
44 [139973093860032] INFO perfrun.launcher <> - plugin perf has been added successfully
44 [139973093860032] INFO perfrun.launcher <> - plugin aoclprofile has been added successfully
44 [139973093860032] INFO perfrun.launcher <> - plugin tpss has been added successfully
44 [139973093860032] INFO perfrun.launcher <> - plugin exprof has been added successfully
44 [139973093860032] INFO perfrun.launcher <> - plugin media has been added successfully
44 [139973093860032] INFO perfrun.launcher <> - plugin ice has been added successfully
44 [139973093860032] INFO perfrun.launcher <> - plugin  has been added successfully
44 [139973093860032] INFO perfrun.launcher <> - plugin  has been added successfully
44 [139973093860032] INFO perfrun.launcher <> - plugin parallelfs has been added successfully
44 [139973093860032] INFO perfrun.launcher <> - plugin power has been added successfully
44 [139973093860032] INFO perfrun.launcher <> - plugin hwloc has been added successfully
44 [139973093860032] INFO perfrun.launcher <> - plugin ipmwatch has been added successfully
44 [139973093860032] INFO perfrun.launcher <> - plugin os_counters has been added successfully
45 [139973093860032] INFO perfrun.launcher <> - the option was added --interval: Specify an interval of data collection (for example, sampling) in milliseconds.
45 [139973093860032] INFO perfrun.launcher <> - the option was added --follow-child: Profile process with or without children.
45 [139973093860032] INFO perfrun.launcher <> - the option was added --gelding: BADMSG: perfrun1.launcher.plugin_manager::gelding
45 [139973093860032] INFO perfrun.launcher <> - the option was added --time-source: Specify time source for measurement. Possible values: sys - wall clock time; tsc - time stamp counter; ext - time from an external source; auto - auto select accurate time source.
45 [139973093860032] INFO perfrun.launcher <> - the option was added --stack: Enable or disable collection of stacks.
45 [139973093860032] INFO perfrun.launcher <> - the option was added --stack-stitching: Enable or disable the stack stitching algorithm for Intel TBB-based applications.
45 [139973093860032] INFO perfrun.launcher <> - the option was added --type: Specify type of data to be collected. For example, --type cpu:counters,waiting:nostack,io.
45 [139973093860032] INFO perfrun.launcher <> - the option was added --mrte-mode: Specify Java/.NET/other managed runtime collection mode. Possible values: native - collect information only for native code; managed - collect information only for managed code; mixed - collect information for both managed and native code; auto - choose the mode based on binary type.
45 [139973093860032] INFO perfrun.launcher <> - the option was added --mrte-mode-list: List supported Java/.NET/other managed runtime collection modes.
45 [139973093860032] INFO perfrun.launcher <> - the option was added --mrte-type: Specify which managed runtimes to collect. Possible values: java - collect information for Java; dotnet - collect information for .NET; python - collect information for CPython. You can specify several values separated by comma.
45 [139973093860032] INFO perfrun.launcher <> - the option was added --mrte-type-list: List supported Java/.NET/other managed runtime types.
45 [139973093860032] INFO perfrun.launcher <> - the option was added --trace-strategy: Specify how to profile a process tree. <string> can be "<process>:trace:notrace" - profile the process but do not profile its children. Shorthand parameters: t - trace, nt - notrace. For example, "vtunedemo.exe:t:t".
45 [139973093860032] INFO perfrun.launcher <> - the option was added --collector: BADMSG: perfrun1.launcher.plugin_manager::collector
45 [139973093860032] INFO perfrun.launcher <> - the option was added --system-wide: Enable system-wide profiling. This mode may require additional permissions.
45 [139973093860032] INFO perfrun.launcher <> - the option was added --kvm-guest: Enable KVM guest OS profiling.
45 [139973093860032] INFO perfrun.launcher <> - the option was added --kvm-guest-kallsyms: Specify a local path to the /proc/kallsyms file copied from the guest OS for proper symbol resolution.
45 [139973093860032] INFO perfrun.launcher <> - the option was added --kvm-guest-modules: Specify a local path to the /proc/modules file copied from the guest OS for proper symbol resolution.
45 [139973093860032] INFO perfrun.launcher <> - the option was added --bandwidth-limits: Measure bandwidth limits
45 [139973093860032] INFO perfrun.launcher <> - the option was added --acrn-map-info: Collect map info for ACRN
45 [139973093860032] INFO perfrun.launcher <> - the option was added --bandwidth-strategy: Bandwidth limits determination specific properties (example: --bandwidth-strategy array-size=0,duration=500).
45 [139973093860032] INFO perfrun.launcher <> - the option was added --bandwidth-config: List of benchmarks to run.
45 [139973093860032] INFO perfrun.launcher <> - the option was added --target-gpu: target-gpu
45 [139973093860032] INFO perfrun.launcher <> - the option was added --dump-vdso: Dump [vdso] to result directory
45 [139973093860032] INFO perfrun.launcher <> - the option was added --system-collector-config: Specify subcollectors. Possible values: all, container, device-info, none. Specify subcollectors. Possible values: all, vdso.
45 [139973093860032] INFO perfrun.launcher <> - the option was added --itt-config: Specify a sub-set of ITT API to collect.
46 [139973093860032] INFO perfrun.launcher <> - the option was added --itt-debug: Set pseudo-breakpoint at ITT API collector's start to enable the debugger to attach early.
46 [139973093860032] INFO perfrun.launcher <> - the option was added --ptrace: Ptrace collector.
46 [139973093860032] INFO perfrun.launcher <> - the option was added --target-pid: BADMSG: perfrun1.ptracecollector::target-pid
46 [139973093860032] INFO perfrun.launcher <> - the option was added --ptrace-server-pid: BADMSG: perfrun1.ptracecollector::ptrace-server-pid
46 [139973093860032] INFO perfrun.launcher <> - the option was added --ptrace-trace: BADMSG: perfrun1.ptracecollector::ptrace-trace
46 [139973093860032] INFO perfrun.launcher <> - the option was added --ptrace-time-source: BADMSG: perfrun1.ptracecollector::ptrace-time-source
46 [139973093860032] INFO perfrun.launcher <> - the option was added --ptrace-start-type: BADMSG: perfrun1.ptracecollector::ptrace-start-type
46 [139973093860032] INFO perfrun.launcher <> - the option was added --gpu-config: Specify types of GPU data to be collected. Possible values: preset1, preset2.
46 [139973093860032] INFO perfrun.launcher <> - the option was added --gpu-debug: Enable self-testing of the GPGPU profiling collector.
46 [139973093860032] INFO perfrun.launcher <> - the option was added --gpu-counting: Collect GPU data in the counting mode.
46 [139973093860032] INFO perfrun.launcher <> - the option was added --emon-preset: Specify a preset for EMON collector. For available presets, run: emon -preset-list.
46 [139973093860032] INFO perfrun.launcher <> - the option was added --emon-csv-trace-format: Use CSV format for EMON trace file.
46 [139973093860032] INFO perfrun.launcher <> - the option was added --emon-machine-readable-ver: Write machine readable EMON version file.
46 [139973093860032] INFO perfrun.launcher <> - the option was added --custom-collector: Allows to provide arbitrary command line to be run on collection steps.
46 [139973093860032] INFO perfrun.launcher <> - the option was added --stdsrc-config: Specify Standard Sources category tag(s).
46 [139973093860032] INFO perfrun.launcher <> - the option was added --ftrace-config-list: List Linux Ftrace category tag(s).
46 [139973093860032] INFO perfrun.launcher <> - the option was added --ftrace-config: Specify Linux Ftrace category tag(s).
46 [139973093860032] INFO perfrun.launcher <> - the option was added --ftrace-function-groups: Enable tracing of specific groups of functions.
46 [139973093860032] INFO perfrun.launcher <> - the option was added --event-info: BADMSG: perfrun1.stdsrc::event-info
46 [139973093860032] INFO perfrun.launcher <> - the option was added --cpu-list: List supported CPUs.
46 [139973093860032] INFO perfrun.launcher <> - the option was added --target-list: List available targets for performing sampling collection.
46 [139973093860032] INFO perfrun.launcher <> - the option was added --event-value-list: Display event information.
46 [139973093860032] INFO perfrun.launcher <> - the option was added --platform-value-list: Display details of supported platforms.
46 [139973093860032] INFO perfrun.launcher <> - the option was added --uncore-event-list: List uncore events for which a sampling data collection can be performed on this platform.
46 [139973093860032] INFO perfrun.launcher <> - the option was added --modifier-list: Specify the event name <string> for which the modifiers list is requested.
46 [139973093860032] INFO perfrun.launcher <> - the option was added --pmu-list: List supported PMUs.
46 [139973093860032] INFO perfrun.launcher <> - the option was added --os-mode-only: Enable sampling data collection for OS-mode processes only.
47 [139973093860032] INFO perfrun.launcher <> - the option was added --user-mode-only: Enable sampling data collection for user-mode processes only.
47 [139973093860032] INFO perfrun.launcher <> - the option was added --event-config: Perform data collection for the events with <string> configured using the format <event name1>":modifier1=val:modifier2=val/constraint1={:modifier3=val:modifier4=val}...,"<event name2>":... Specify the events(s) to monitor and embed the event names within double quotes("). [:modifier=val] specifies individual event modifiers along with the respective values for a given platform. Note that the modifiers can be generic to an event as well as specific to a constraint (or an event qualifier). The constraint specific special modifiers appear after [/constraint=]. The modifiers can be in decimal or hexadecimal format. Only specific modifiers accept the value as a string. Each event specification is delimited by a comma (,). For a list of supported modifiers and constraints, refer to the documentation.
47 [139973093860032] INFO perfrun.launcher <> - the option was added --chipset-event-config: Perform data collection for the chipset events with <string> configured using the format "<event name1>"...,"<event name2>":... Specify the events(s) to monitor and embed the event names within double quotes(").
47 [139973093860032] INFO perfrun.launcher <> - the option was added --uncore-event-config: Perform uncore data collection in ebc count mode for the events with <string> configured using the format "<event name1>"...,"<event name2>":... Specify the events(s) to monitor and embed the event names within double quotes(").
47 [139973093860032] INFO perfrun.launcher <> - the option was added --count-emon: Enable counting mode and output the data in EMON format.
47 [139973093860032] INFO perfrun.launcher <> - the option was added --event-based-counts: Enable event-based counting mode. During sampling data collection, event counts data is collected for the list of events specified in -event-config option.
47 [139973093860032] INFO perfrun.launcher <> - the option was added --event-mux-tfactor: Specify the event multiplexing tfactor as <integer> to set the length of the interval between interrupts. The larger the tfactor value, the larger the period between interrupts. Currently this option is only available on Intel platforms codenamed Knights Corner.
47 [139973093860032] INFO perfrun.launcher <> - the option was added --full-pebs-capture: Capture full pebs information.
47 [139973093860032] INFO perfrun.launcher <> - the option was added --last-branch-records: Capture Last Branch Records information.
47 [139973093860032] INFO perfrun.launcher <> - the option was added --pmu-type: Specify the targeted PMU name as <string>.
47 [139973093860032] INFO perfrun.launcher <> - the option was added --platform-type: Specify the targeted platform number as <number>.
47 [139973093860032] INFO perfrun.launcher <> - the option was added --p-state-trigger: Specify the name of the trigger event for P-state data as <string>. The default trigger is CPU_CLK_UNHALTED.REF_TSC.
47 [139973093860032] INFO perfrun.launcher <> - the option was added --rdt-auto-rmid: Enable automatic Core pinning on RMIDs for RDT monitoring capabilities.
47 [139973093860032] INFO perfrun.launcher <> - the option was added --bts-count: Specify the <integer> number of BTS records collected after each sample or context switch (VTSS++ only).
47 [139973093860032] INFO perfrun.launcher <> - the option was added --cpu-mask: Specify which CPU(s) <string> to collect data on. For example, specify "2-8,10,12-14" to sample only CPUs 2 through 8, 10, and 12 through 14.
47 [139973093860032] INFO perfrun.launcher <> - the option was added --event-mux-alg: Specify the event multiplexing algorithm. Possible values: sequence, timer, trigger.
47 [139973093860032] INFO perfrun.launcher <> - the option was added --event-mux-timeslice: Specify the event multiplexing time slice value as <integer>. The time slice specifies the duration between cycles for each event multiplexing group. The default value is 50 milliseconds. This option is valid only for timer-based event multiplexing. Specify the event multiplexing time slice value as <integer>. The time slice specifies the duration between cycles for each event multiplexing group. The default value is 1 millisecond. This option is valid only for timer-based event multiplexing.
47 [139973093860032] INFO perfrun.launcher <> - the option was added --event-mux-factor: Specify the event multiplexing factor as <integer>. It controls the switching of event multiplexing groups. The default factor is 50. This option is valid only for trigger-based event multiplexing. Specify the event multiplexing factor as <integer>. It controls the switching of event multiplexing groups. The default factor is 1. This option is valid only for trigger-based event multiplexing.
47 [139973093860032] INFO perfrun.launcher <> - the option was added --event-mux-trigger: Specify the name of the trigger event for event multiplexing as <string>. This option is valid only for trigger-based event multiplexing. The default trigger is CPU_CLK_UNHALTED.CORE (or CPU_CLK_UNHALTED.THREAD). BADMSG: perfrun1.vtsspp::event-mux-trigger
47 [139973093860032] INFO perfrun.launcher <> - the option was added --pt-mode: BADMSG: perfrun1.vtsspp::pt-mode
47 [139973093860032] INFO perfrun.launcher <> - the option was added --sample-after-multiplier: Specify the sample after multiplier as <double>. This multiplier modifies the sample after value for all the events specified in -event-config option. The values can range from 0.1 to 100.0. SAV multiplier value
47 [139973093860032] INFO perfrun.launcher <> - the option was added --uncore-sampling-interval: Specify the uncore sampling interval as <integer>. This value set the uncore sampling interval for all the uncore events specified in -event-config option.
47 [139973093860032] INFO perfrun.launcher <> - the option was added --count: Enable counting mode. Enable counting mode
47 [139973093860032] INFO perfrun.launcher <> - the option was added --trace-mpi: Configure collector to trace MPI code.
47 [139973093860032] INFO perfrun.launcher <> - the option was added --aggregated-counting: Enable aggregated counting mode. Enable aggregated-counting mode
48 [139973093860032] INFO perfrun.launcher <> - the option was added --perf-per-cpu: System-wide collection from all CPUs
48 [139973093860032] INFO perfrun.launcher <> - the option was added --raw-perf-config: Specify a verified configuration for the Perf collector in the format: <describer>,<content>. For example: map-events-file,<path_to_map_events_file>.
48 [139973093860032] INFO perfrun.launcher <> - the option was added --sys-config: BADMSG: perfrun1.vtsspp::sys-config Specify types of system data to be collected. Supported value: cswitch - collect context switch information.
48 [139973093860032] INFO perfrun.launcher <> - the option was added --perf-event-config: Specify events for Perf collector in Perf format. For example: perf-event-config=cpu-clock.
48 [139973093860032] INFO perfrun.launcher <> - the option was added --perf-aio: Number of control blocks in asynchronous trace writing mode.
48 [139973093860032] INFO perfrun.launcher <> - the option was added --perf-compression: Specify compression of Perf collector output data. Possible levels: 0 - without compression, 1..3 - best speed, 4..22 - best compression that incurs big overhead.
48 [139973093860032] INFO perfrun.launcher <> - the option was added --perf-mmap-flush: Minimum data size read from the kernel mapped region.
48 [139973093860032] INFO perfrun.launcher <> - the option was added --perf-affinity: Adjust an affinity mask of the Perf thread to a node with an allocated memory trace buffer.
48 [139973093860032] INFO perfrun.launcher <> - the option was added --perf-threads: Setup threading mode for trace writing.
48 [139973093860032] INFO perfrun.launcher <> - the option was added --generate-platform-cmd: Get perf command line for an arbitrary target.
48 [139973093860032] INFO perfrun.launcher <> - the option was added --aocl-profile: Enable profiling and data collection through AOCL profiling tool.
48 [139973093860032] INFO perfrun.launcher <> - the option was added --aocl-source-file: Path to .source file. Find this in the compilation output directory of the FPGA application. Use this option to help attribute performance statistics to the source lines. If unspecified, AOCL profiler will attempt to locate the file in the current directory.
48 [139973093860032] INFO perfrun.launcher <> - the option was added --aocl-binary-aocx-file: Path to .aocx file (OpenCL flow) or host binary (DPC++ flow). If you do not provide this path: 1) For OpenCL flow, AOCL Profiler attempts to locate the file in the working directory. 2) For DPC++ flow, the collector assumes that host binary is used as an application to launch.
48 [139973093860032] INFO perfrun.launcher <> - the option was added --aocl-period: Specifies the number of cycles between readbacks from the device. The default value is 0 and indicates that the profiler should read back data as often as possible.
48 [139973093860032] INFO perfrun.launcher <> - the option was added --aocl-no-temporal: Disables readback during execution and only reads back non-autorun kernels once they finish executing.
48 [139973093860032] INFO perfrun.launcher <> - the option was added --aocl-no-mem-transfers: Disables the recording of memory transfer information.
48 [139973093860032] INFO perfrun.launcher <> - the option was added --stackwalk: Specify stack unwinding method. Possible values: online - unwind stacks during collection; offline - unwind stacks after collection is finished. Specify stack unwinding method. Possible value: lbr - unwind stacks during collection. Specify stack unwinding method. Possible values: online - unwind stacks during collection; offline - unwind stacks after collection is finished; lbr - enable LBR-based call stack collection. Specify stack unwinding method. Possible values: online - unwind stacks during collection; offline - unwind stacks after collection is finished. Specify stack unwinding method. Possible values: online - unwind stacks during collection; offline - unwind stacks after collection is finished.
48 [139973093860032] INFO perfrun.launcher <> - the option was added --filter-include: Filter data during collection. Possible values: contended=<on|off> - filter out uncontended events; contended_nostack=<time> - filter out stacks for contended events that take less than <time> microseconds; wait=<time> - ignore transitions and blocks with wait time less than <time> microseconds; wait_nostack=<time> - filter out stacks for waits that take less than <time> microseconds.
48 [139973093860032] INFO perfrun.launcher <> - the option was added --debug-pin: Debug PIN tool and runtime.
48 [139973093860032] INFO perfrun.launcher <> - the option was added --debug-exception: Disallow the application to set own abnormal termination handler.
48 [139973093860032] INFO perfrun.launcher <> - the option was added --trace-type: Specify the trace file granularity. Possible values: per-thread - per-thread trace file generation; per-process - per-process trace file generation.
48 [139973093860032] INFO perfrun.launcher <> - the option was added --instrumentation-type: Specify type of instrumentation.
48 [139973093860032] INFO perfrun.launcher <> - the option was added --altstack: Enable or disable usage of altstacks for profiling signal handlers.
49 [139973093860032] INFO perfrun.launcher <> - the option was added --profiling-signal: BADMSG: perfrun1.ptracecollector::profiling-signal Alternate profiling signal.
49 [139973093860032] INFO perfrun.launcher <> - the option was added --memory-strategy: Specify a minimal memory object size to be traced and a hash table size for faster objects search; for example: --memory-strategy obj-size-min=1024,hash-table-size=4096.
49 [139973093860032] INFO perfrun.launcher <> - the option was added --gpu-profiling-type: Specify a type of deep GPU profiling: none, bblatency, memlatency, instcount.
49 [139973093860032] INFO perfrun.launcher <> - the option was added --opencl-trace-mode: Specify OpenCL kernel tracing modes: 'default' to trace OpenCL kernels for Intel Graphics Driver only; 'epoch' for any non-Intel graphics, where OpenCL kernels will be traced and OpenCL profiling API timestamps will be interpreted as Unux Epoch time in nanoseconds; 'completion' to trace OpenCL kernels for any Graphics Driver and bind OpenCL profiling API timestamps to the timestamp of OpenCL completion callback.
49 [139973093860032] INFO perfrun.launcher <> - the option was added --gpu-kernels-to-profile: Specify a comma-separated list of GPU kernel names and invocations to be profiled in the following format: kernel_name[#start_idx#step#stop_idx], where kernel_name is the name of GPU kernel; start_idx is the number of the first invocation; and stop_idx is the number of the last invocation to be profiled.
49 [139973093860032] INFO perfrun.launcher <> - the option was added --exprof-com-list: List available COM ports.
49 [139973093860032] INFO perfrun.launcher <> - the option was added --exprof-dvc-list: List available DvC IDs.
49 [139973093860032] INFO perfrun.launcher <> - the option was added --exprof-trace-channel: BADMSG: perfrun1.exprof::exprof-trace-channel
49 [139973093860032] INFO perfrun.launcher <> - the option was added --exprof-event-config: Specify ExactProfiling Event Classes.
49 [139973093860032] INFO perfrun.launcher <> - the option was added --ice-pmons-list: BADMSG: perfrun1.ice::ice-pmons-list
49 [139973093860032] INFO perfrun.launcher <> - the option was added --ice-pmons-config: BADMSG: perfrun1.ice::ice-pmons-config
49 [139973093860032] INFO perfrun.launcher <> - the option was added --ice-sw-trace: Collect software traces of the Intel Neural Network Processor (NNP-I) and analyze software context of inference progress.
49 [139973093860032] INFO perfrun.launcher <> - the option was added --ice-sample-after-value: BADMSG: perfrun1.ice::ice-sample-after-value
49 [139973093860032] INFO perfrun.launcher <> - the option was added --ice-frequency: BADMSG: perfrun1.ice::ice-frequency
49 [139973093860032] INFO perfrun.launcher <> - the option was added --parallel-fs-config: Specify parallel fs counters to collect.
49 [139973093860032] INFO perfrun.launcher <> - the option was added --pwr-config: BADMSG: perfrun1.vtsspp::pwr-config Specify power metrics configuration.
49 [139973093860032] INFO perfrun.launcher <> - the option was added --pwr-sampling-interval: Specify Intel SoC Watch sampling interval.
49 [139973093860032] INFO perfrun.launcher <> - the option was added --collect-topology: Collect topology info with hwloc.
49 [139973093860032] INFO perfrun.launcher <> - the option was added --persistent-mem-metrics: Collect Persistent Memory performance counters.
49 [139973093860032] INFO perfrun.launcher <> - the option was added --os-counters: Collect OS counters
51 [139973093860032] INFO perfrun.launcher <> - create msngr2::ICliToolContext
52 [139973093860032] INFO perfrun.launcher <> - create file finder object
52 [139973093860032] INFO perfrun.launcher <> - create a result directory: pattern = /tmp/efsilva_vtune_823210/project/resultados_vtune/01_adaptive_dynamic4_hpc_smoke pid = 4294967295
53 [139973093860032] INFO perfrun.sdk <> - checked that the directory /tmp/efsilva_vtune_823210/project/resultados_vtune/01_adaptive_dynamic4_hpc_smoke is a local directory
53 [139973093860032] INFO perfrun.sdk <> - the directory /tmp/efsilva_vtune_823210/project/resultados_vtune/01_adaptive_dynamic4_hpc_smoke is a local directory with FS type ID 61267
53 [139973093860032] INFO perfrun.launcher <> - create data directory = /tmp/efsilva_vtune_823210/project/resultados_vtune/01_adaptive_dynamic4_hpc_smoke/data.0
53 [139973093860032] INFO perfrun.launcher <> - Creating the master collection flag
61 [139973093860032] INFO perfrun.launcher <> - Done creating the master collection flag
65 [139972938032832] INFO perfrun.launcher <> - plugin [remoteplug] was disabled because it doesn't support the given collection type.
65 [139972938032832] INFO perfrun.system <> - online nodes : 0-1
65 [139972938032832] INFO perfrun.system <> - nodes with cpus : 0-1
65 [139972938032832] INFO perfrun.system <> - nodes with memory : 0-1
69 [139972938032832] INFO perfrun.sdk <> - Allocating TMU :/tmp/efsilva_vtune_823210/project/resultados_vtune/01_adaptive_dynamic4_hpc_smoke/data.0/systemcollector-3826726-hype1.sc
69 [139972938032832] INFO perfrun.launcher <> - plugin [gpu] was disabled because it doesn't support the given collection type.
69 [139972938032832] INFO perfrun.launcher <> - plugin [] was disabled because it doesn't support the given collection type.
69 [139972938032832] INFO perfrun.launcher <> - plugin [] was disabled because it doesn't support the given collection type.
69 [139972938032832] INFO perfrun.launcher <> - plugin [] was disabled because it doesn't support the given collection type.
69 [139972938032832] INFO perfrun.mrte <> - system-wide mode is 0
69 [139972938032832] INFO perfrun.mrte <> - Getting  mrte profiling environment ...
99 [139972938032832] INFO perfrun.mrte <> - INTEL_MRTE_DATA_DIR=/tmp/efsilva_vtune_823210/project/resultados_vtune/01_adaptive_dynamic4_hpc_smoke/data.0
99 [139972938032832] INFO perfrun.mrte <> - INTEL_MRTE_HOST_NAME=hype1
99 [139972938032832] INFO perfrun.mrte <> - JAVA_TOOL_OPTIONS=-agentlib:amplxe_samplingmrte_javaprof_1.0 -Dsun.boot.library.path=/home/intel/oneapi/vtune/2021.1.1/lib32/runtime:/home/intel/oneapi/vtune/2021.1.1/lib64/runtime
99 [139972938032832] INFO perfrun.mrte <> - CORECLR_ENABLE_PROFILING=1
99 [139972938032832] INFO perfrun.mrte <> - CORECLR_PROFILER={AA5E4821-E3B1-479c-B7FF-5AD047D22CED}
99 [139972938032832] INFO perfrun.mrte <> - CORECLR_PROFILER_PATH=/home/intel/oneapi/vtune/2021.1.1/lib64/libamplxe_samplingmrte_clrprof_1.0.so
99 [139972938032832] INFO perfrun.mrte <> - INTEL_MRTE_PROFILER_MODE=mixed
99 [139972938032832] INFO perfrun.mrte <> - Data directory: /tmp/efsilva_vtune_823210/project/resultados_vtune/01_adaptive_dynamic4_hpc_smoke/data.0
99 [139972938032832] INFO perfrun.mrte <> - Mrte plugin is initialized
99 [139972938032832] INFO perfrun.launcher <> - plugin [emon] was disabled because it doesn't support the given collection type.
99 [139972938032832] INFO perfrun.launcher <> - plugin [cuscol] was disabled because it doesn't support the given collection type.
99 [139972938032832] INFO perfrun.launcher <> - plugin [stdsrc] was disabled because it doesn't support the given collection type.
99 [139972938032832] INFO perfrun.launcher <> - plugin [sep] was disabled because it doesn't support the given collection type.
99 [139972938032832] INFO perfrun.launcher <> - plugin [vtsspp] was disabled because it doesn't support the given collection type.
99 [139972938032832] INFO perfrun.perfcollector <> - AIO blocks = 0
99 [139972938032832] INFO perfrun.perfcollector <> - compression level = 1
99 [139972938032832] INFO perfrun.perfcollector <> - Perf threads mode = CPU
99 [139972938032832] INFO perfrun.perfcollector <> - No MPI detected-1
100 [139972938032832] WARN perfrun.launcher <> - Messenger::say: To profile kernel modules during the session, make sure they are available in the /lib/modules/kernel_version/ location.
100 [139972938032832] INFO perfrun.sdk <> - runCmd: "/home/intel/oneapi/vtune/2021.1.1/bin64/sep" -dry-run -sam 5 -ec "CPU_CLK_UNHALTED.THREAD:sa=2300000,CPU_CLK_UNHALTED.REF_TSC:sample:sa=2300000,INST_RETIRED.ANY:sample:sa=2300000,CPU_CLK_UNHALTED.REF_XCLK:sa=100003,CPU_CLK_UNHALTED.ONE_THREAD_ACTIVE:sa=100003,CYCLE_ACTIVITY.CYCLES_NO_EXECUTE:sa=2000003,CYCLE_ACTIVITY.STALLS_L1D_PENDING:sa=2000003,CYCLE_ACTIVITY.STALLS_LDM_PENDING:sa=2000003,CYCLE_ACTIVITY.STALLS_L2_PENDING:sa=2000003,IDQ_UOPS_NOT_DELIVERED.CORE:sa=2000003,INT_MISC.RECOVERY_CYCLES:sa=2000003,MEM_LOAD_UOPS_RETIRED.L3_HIT_PS:sa=50003,MEM_LOAD_UOPS_RETIRED.L3_MISS_PS:sa=50003,OFFCORE_REQUESTS_OUTSTANDING.CYCLES_WITH_DATA_RD:sa=2000003,OFFCORE_REQUESTS_OUTSTANDING.ALL_DATA_RD:cmask=6:sa=2000003,RESOURCE_STALLS.SB:sa=2000003,RS_EVENTS.EMPTY_CYCLES:sa=2000003,UOPS_EXECUTED.CORE:cmask=1:sa=2000003,UOPS_EXECUTED.CORE:cmask=2:sa=2000003,UOPS_EXECUTED.CORE:cmask=3:sa=2000003,UOPS_ISSUED.ANY:sa=2000003,UOPS_RETIRED.RETIRE_SLOTS:sa=2000003,IDQ_UOPS_NOT_DELIVERED.CYCLES_0_UOPS_DELIV.CORE:sa=2000003,MEM_UOPS_RETIRED.ALL_LOADS_PS:sa=100003,MEM_UOPS_RETIRED.ALL_STORES_PS:sa=100003,MEM_LOAD_UOPS_L3_MISS_RETIRED.LOCAL_DRAM_PS:sa=100003,MEM_LOAD_UOPS_L3_MISS_RETIRED.REMOTE_DRAM_PS:sa=100003,MEM_LOAD_UOPS_L3_MISS_RETIRED.REMOTE_HITM_PS:sa=100003,MEM_LOAD_UOPS_L3_MISS_RETIRED.REMOTE_FWD_PS:sa=100003,UNC_M_CAS_COUNT.RD,UNC_M_CAS_COUNT.WR" -experimental
119 [139972938032832] INFO perfrun.perfcollector <> - SepDryRun RC = true
119 [139972938032832] INFO perfrun.perfcollector <> - DRY_RUN : "PMU type: Core (core)"
123 [139972938032832] INFO perfrun.perfcollector <> - pmu type : cpu
123 [139972938032832] INFO perfrun.perfcollector <> - DRY_RUN : "Group 0:"
123 [139972938032832] INFO perfrun.perfcollector <> - id : 0
123 [139972938032832] INFO perfrun.perfcollector <> - DRY_RUN : "INST_RETIRED.ANY: event id 2"
123 [139972938032832] INFO perfrun.perfcollector <> - eventName : INST_RETIRED.ANY , eventId : 2
123 [139972938032832] INFO perfrun.perfcollector <> - DRY_RUN : "CPU_CLK_UNHALTED.THREAD: event id 0"
123 [139972938032832] INFO perfrun.perfcollector <> - eventName : CPU_CLK_UNHALTED.THREAD , eventId : 0
123 [139972938032832] INFO perfrun.perfcollector <> - DRY_RUN : "CPU_CLK_UNHALTED.REF_TSC: event id 1"
123 [139972938032832] INFO perfrun.perfcollector <> - eventName : CPU_CLK_UNHALTED.REF_TSC , eventId : 1
123 [139972938032832] INFO perfrun.perfcollector <> - DRY_RUN : "CPU_CLK_UNHALTED.REF_XCLK: event id 4"
123 [139972938032832] INFO perfrun.perfcollector <> - eventName : CPU_CLK_UNHALTED.REF_XCLK , eventId : 4
123 [139972938032832] INFO perfrun.perfcollector <> - DRY_RUN : "CPU_CLK_UNHALTED.ONE_THREAD_ACTIVE: event id 5"
123 [139972938032832] INFO perfrun.perfcollector <> - eventName : CPU_CLK_UNHALTED.ONE_THREAD_ACTIVE , eventId : 5
123 [139972938032832] INFO perfrun.perfcollector <> - DRY_RUN : "CYCLE_ACTIVITY.STALLS_L1D_PENDING: event id 3"
123 [139972938032832] INFO perfrun.perfcollector <> - eventName : CYCLE_ACTIVITY.STALLS_L1D_PENDING , eventId : 3
123 [139972938032832] INFO perfrun.perfcollector <> - DRY_RUN : "CYCLE_ACTIVITY.CYCLES_NO_EXECUTE: event id 6"
123 [139972938032832] INFO perfrun.perfcollector <> - eventName : CYCLE_ACTIVITY.CYCLES_NO_EXECUTE , eventId : 6
123 [139972938032832] INFO perfrun.perfcollector <> - DRY_RUN : "CCCR"
123 [139972938032832] INFO perfrun.perfcollector <> - DRY_RUN : "reg_type       = 1	event_id       = g	reg_id         = 38f	reg_value      = 70000000f"
123 [139972938032832] INFO perfrun.perfcollector <> - eventId : g , ignored
123 [139972938032832] INFO perfrun.perfcollector <> - DRY_RUN : "reg_type       = 1	event_id       = g	reg_id         = 390	reg_value      = 70000000f"
123 [139972938032832] INFO perfrun.perfcollector <> - eventId : g , ignored
123 [139972938032832] INFO perfrun.perfcollector <> - DRY_RUN : "reg_type       = 1	event_id       = g	reg_id         = 3f1	reg_value      = 0"
123 [139972938032832] INFO perfrun.perfcollector <> - eventId : g , ignored
123 [139972938032832] INFO perfrun.perfcollector <> - DRY_RUN : "reg_type       = 1	event_id       = g	reg_id         = 1d9	reg_value      = 1800"
123 [139972938032832] INFO perfrun.perfcollector <> - eventId : g , ignored
123 [139972938032832] INFO perfrun.perfcollector <> - DRY_RUN : "reg_type       = 1	event_id       = g	reg_id         = 38d	reg_value      = bbb"
123 [139972938032832] INFO perfrun.perfcollector <> - eventId : g , ignored
123 [139972938032832] INFO perfrun.perfcollector <> - DRY_RUN : "reg_type       = 1	event_id       = 4	reg_id         = 186	reg_value      = 53013c"
123 [139972938032832] INFO perfrun.perfcollector <> - eventId : 4 , cccrAddr : 186 , cccrVal : 53013c
123 [139972938032832] INFO perfrun.perfcollector <> - DRY_RUN : "reg_type       = 1	event_id       = 5	reg_id         = 187	reg_value      = 53023c"
123 [139972938032832] INFO perfrun.perfcollector <> - eventId : 5 , cccrAddr : 187 , cccrVal : 53023c
123 [139972938032832] INFO perfrun.perfcollector <> - DRY_RUN : "reg_type       = 1	event_id       = 3	reg_id         = 188	reg_value      = c530ca3"
123 [139972938032832] INFO perfrun.perfcollector <> - eventId : 3 , cccrAddr : 188 , cccrVal : c530ca3
123 [139972938032832] INFO perfrun.perfcollector <> - DRY_RUN : "reg_type       = 1	event_id       = 6	reg_id         = 189	reg_value      = 45304a3"
123 [139972938032832] INFO perfrun.perfcollector <> - eventId : 6 , cccrAddr : 189 , cccrVal : 45304a3
123 [139972938032832] INFO perfrun.perfcollector <> - DRY_RUN : "ESCR"
123 [139972938032832] INFO perfrun.perfcollector <> - DRY_RUN : "reg_type       = 2	event_id       = g	reg_id         = 1c8	reg_value      = 0"
123 [139972938032832] INFO perfrun.perfcollector <> - eventId : g , ignored
123 [139972938032832] INFO perfrun.perfcollector <> - DRY_RUN : "DATA"
123 [139972938032832] INFO perfrun.perfcollector <> - DRY_RUN : "reg_type       = 4	event_id       = 2	reg_id         = 309	reg_value      = ffffff508620"
123 [139972938032832] INFO perfrun.perfcollector <> - eventId : 2 , dataAddr : 309 , dataVal : ffffff508620
123 [139972938032832] INFO perfrun.perfcollector <> - DRY_RUN : "reg_type       = 4	event_id       = 0	reg_id         = 30a	reg_value      = ffffff508620"
123 [139972938032832] INFO perfrun.perfcollector <> - eventId : 0 , dataAddr : 30a , dataVal : ffffff508620
123 [139972938032832] INFO perfrun.perfcollector <> - DRY_RUN : "reg_type       = 4	event_id       = 1	reg_id         = 30b	reg_value      = ffffff508620"
123 [139972938032832] INFO perfrun.perfcollector <> - eventId : 1 , dataAddr : 30b , dataVal : ffffff508620
123 [139972938032832] INFO perfrun.perfcollector <> - DRY_RUN : "reg_type       = 4	event_id       = 4	reg_id         = c1	reg_value      = fffffff85ed1"
123 [139972938032832] INFO perfrun.perfcollector <> - eventId : 4 , dataAddr : c1 , dataVal : fffffff85ed1
123 [139972938032832] INFO perfrun.perfcollector <> - DRY_RUN : "reg_type       = 4	event_id       = 5	reg_id         = c2	reg_value      = fffffff85ed1"
123 [139972938032832] INFO perfrun.perfcollector <> - eventId : 5 , dataAddr : c2 , dataVal : fffffff85ed1
123 [139972938032832] INFO perfrun.perfcollector <> - DRY_RUN : "reg_type       = 4	event_id       = 3	reg_id         = c3	reg_value      = ffffff676971"
123 [139972938032832] INFO perfrun.perfcollector <> - eventId : 3 , dataAddr : c3 , dataVal : ffffff676971
123 [139972938032832] INFO perfrun.perfcollector <> - DRY_RUN : "reg_type       = 4	event_id       = 6	reg_id         = c4	reg_value      = ffffff676971"
123 [139972938032832] INFO perfrun.perfcollector <> - eventId : 6 , dataAddr : c4 , dataVal : ffffff676971
123 [139972938032832] INFO perfrun.perfcollector <> - DRY_RUN : "Group 1:"
123 [139972938032832] INFO perfrun.perfcollector <> - id : 1
123 [139972938032832] INFO perfrun.perfcollector <> - DRY_RUN : "INST_RETIRED.ANY: event id 2"
123 [139972938032832] INFO perfrun.perfcollector <> - eventName : INST_RETIRED.ANY , eventId : 2
123 [139972938032832] INFO perfrun.perfcollector <> - DRY_RUN : "CPU_CLK_UNHALTED.THREAD: event id 0"
123 [139972938032832] INFO perfrun.perfcollector <> - eventName : CPU_CLK_UNHALTED.THREAD , eventId : 0
123 [139972938032832] INFO perfrun.perfcollector <> - DRY_RUN : "CPU_CLK_UNHALTED.REF_TSC: event id 1"
123 [139972938032832] INFO perfrun.perfcollector <> - eventName : CPU_CLK_UNHALTED.REF_TSC , eventId : 1
123 [139972938032832] INFO perfrun.perfcollector <> - DRY_RUN : "CYCLE_ACTIVITY.STALLS_LDM_PENDING: event id 7"
123 [139972938032832] INFO perfrun.perfcollector <> - eventName : CYCLE_ACTIVITY.STALLS_LDM_PENDING , eventId : 7
123 [139972938032832] INFO perfrun.perfcollector <> - DRY_RUN : "CYCLE_ACTIVITY.STALLS_L2_PENDING: event id 8"
123 [139972938032832] INFO perfrun.perfcollector <> - eventName : CYCLE_ACTIVITY.STALLS_L2_PENDING , eventId : 8
123 [139972938032832] INFO perfrun.perfcollector <> - DRY_RUN : "IDQ_UOPS_NOT_DELIVERED.CORE: event id 9"
123 [139972938032832] INFO perfrun.perfcollector <> - eventName : IDQ_UOPS_NOT_DELIVERED.CORE , eventId : 9
123 [139972938032832] INFO perfrun.perfcollector <> - DRY_RUN : "INT_MISC.RECOVERY_CYCLES: event id 10"
123 [139972938032832] INFO perfrun.perfcollector <> - eventName : INT_MISC.RECOVERY_CYCLES , eventId : 10
123 [139972938032832] INFO perfrun.perfcollector <> - DRY_RUN : "CCCR"
123 [139972938032832] INFO perfrun.perfcollector <> - DRY_RUN : "reg_type       = 1	event_id       = g	reg_id         = 38f	reg_value      = 70000000f"
123 [139972938032832] INFO perfrun.perfcollector <> - eventId : g , ignored
123 [139972938032832] INFO perfrun.perfcollector <> - DRY_RUN : "reg_type       = 1	event_id       = g	reg_id         = 390	reg_value      = 70000000f"
123 [139972938032832] INFO perfrun.perfcollector <> - eventId : g , ignored
123 [139972938032832] INFO perfrun.perfcollector <> - DRY_RUN : "reg_type       = 1	event_id       = g	reg_id         = 3f1	reg_value      = 0"
123 [139972938032832] INFO perfrun.perfcollector <> - eventId : g , ignored
123 [139972938032832] INFO perfrun.perfcollector <> - DRY_RUN : "reg_type       = 1	event_id       = g	reg_id         = 1d9	reg_value      = 1800"
123 [139972938032832] INFO perfrun.perfcollector <> - eventId : g , ignored
123 [139972938032832] INFO perfrun.perfcollector <> - DRY_RUN : "reg_type       = 1	event_id       = g	reg_id         = 38d	reg_value      = bbb"
123 [139972938032832] INFO perfrun.perfcollector <> - eventId : g , ignored
123 [139972938032832] INFO perfrun.perfcollector <> - DRY_RUN : "reg_type       = 1	event_id       = 7	reg_id         = 186	reg_value      = 65306a3"
123 [139972938032832] INFO perfrun.perfcollector <> - eventId : 7 , cccrAddr : 186 , cccrVal : 65306a3
123 [139972938032832] INFO perfrun.perfcollector <> - DRY_RUN : "reg_type       = 1	event_id       = 8	reg_id         = 187	reg_value      = 55305a3"
123 [139972938032832] INFO perfrun.perfcollector <> - eventId : 8 , cccrAddr : 187 , cccrVal : 55305a3
123 [139972938032832] INFO perfrun.perfcollector <> - DRY_RUN : "reg_type       = 1	event_id       = 9	reg_id         = 188	reg_value      = 53019c"
123 [139972938032832] INFO perfrun.perfcollector <> - eventId : 9 , cccrAddr : 188 , cccrVal : 53019c
123 [139972938032832] INFO perfrun.perfcollector <> - DRY_RUN : "reg_type       = 1	event_id       = 10	reg_id         = 189	reg_value      = 153030d"
123 [139972938032832] INFO perfrun.perfcollector <> - eventId : 10 , cccrAddr : 189 , cccrVal : 153030d
123 [139972938032832] INFO perfrun.perfcollector <> - DRY_RUN : "ESCR"
123 [139972938032832] INFO perfrun.perfcollector <> - DRY_RUN : "reg_type       = 2	event_id       = g	reg_id         = 1c8	reg_value      = 0"
123 [139972938032832] INFO perfrun.perfcollector <> - eventId : g , ignored
123 [139972938032832] INFO perfrun.perfcollector <> - DRY_RUN : "DATA"
123 [139972938032832] INFO perfrun.perfcollector <> - DRY_RUN : "reg_type       = 4	event_id       = 2	reg_id         = 309	reg_value      = ffffff508620"
123 [139972938032832] INFO perfrun.perfcollector <> - eventId : 2 , dataAddr : 309 , dataVal : ffffff508620
123 [139972938032832] INFO perfrun.perfcollector <> - DRY_RUN : "reg_type       = 4	event_id       = 0	reg_id         = 30a	reg_value      = ffffff508620"
123 [139972938032832] INFO perfrun.perfcollector <> - eventId : 0 , dataAddr : 30a , dataVal : ffffff508620
123 [139972938032832] INFO perfrun.perfcollector <> - DRY_RUN : "reg_type       = 4	event_id       = 1	reg_id         = 30b	reg_value      = ffffff508620"
123 [139972938032832] INFO perfrun.perfcollector <> - eventId : 1 , dataAddr : 30b , dataVal : ffffff508620
123 [139972938032832] INFO perfrun.perfcollector <> - DRY_RUN : "reg_type       = 4	event_id       = 7	reg_id         = c1	reg_value      = ffffff676971"
123 [139972938032832] INFO perfrun.perfcollector <> - eventId : 7 , dataAddr : c1 , dataVal : ffffff676971
123 [139972938032832] INFO perfrun.perfcollector <> - DRY_RUN : "reg_type       = 4	event_id       = 8	reg_id         = c2	reg_value      = ffffff676971"
123 [139972938032832] INFO perfrun.perfcollector <> - eventId : 8 , dataAddr : c2 , dataVal : ffffff676971
123 [139972938032832] INFO perfrun.perfcollector <> - DRY_RUN : "reg_type       = 4	event_id       = 9	reg_id         = c3	reg_value      = ffffff676971"
124 [139972938032832] INFO perfrun.perfcollector <> - eventId : 9 , dataAddr : c3 , dataVal : ffffff676971
124 [139972938032832] INFO perfrun.perfcollector <> - DRY_RUN : "reg_type       = 4	event_id       = 10	reg_id         = c4	reg_value      = ffffff676971"
124 [139972938032832] INFO perfrun.perfcollector <> - eventId : 10 , dataAddr : c4 , dataVal : ffffff676971
124 [139972938032832] INFO perfrun.perfcollector <> - DRY_RUN : "Group 2:"
124 [139972938032832] INFO perfrun.perfcollector <> - id : 2
124 [139972938032832] INFO perfrun.perfcollector <> - DRY_RUN : "INST_RETIRED.ANY: event id 2"
124 [139972938032832] INFO perfrun.perfcollector <> - eventName : INST_RETIRED.ANY , eventId : 2
124 [139972938032832] INFO perfrun.perfcollector <> - DRY_RUN : "CPU_CLK_UNHALTED.THREAD: event id 0"
124 [139972938032832] INFO perfrun.perfcollector <> - eventName : CPU_CLK_UNHALTED.THREAD , eventId : 0
124 [139972938032832] INFO perfrun.perfcollector <> - DRY_RUN : "CPU_CLK_UNHALTED.REF_TSC: event id 1"
124 [139972938032832] INFO perfrun.perfcollector <> - eventName : CPU_CLK_UNHALTED.REF_TSC , eventId : 1
124 [139972938032832] INFO perfrun.perfcollector <> - DRY_RUN : "MEM_LOAD_UOPS_RETIRED.L3_HIT_PS: event id 11"
124 [139972938032832] INFO perfrun.perfcollector <> - eventName : MEM_LOAD_UOPS_RETIRED.L3_HIT_PS , eventId : 11
124 [139972938032832] INFO perfrun.perfcollector <> - DRY_RUN : "MEM_LOAD_UOPS_RETIRED.L3_MISS_PS: event id 12"
124 [139972938032832] INFO perfrun.perfcollector <> - eventName : MEM_LOAD_UOPS_RETIRED.L3_MISS_PS , eventId : 12
124 [139972938032832] INFO perfrun.perfcollector <> - DRY_RUN : "OFFCORE_REQUESTS_OUTSTANDING.CYCLES_WITH_DATA_RD: event id 13"
124 [139972938032832] INFO perfrun.perfcollector <> - eventName : OFFCORE_REQUESTS_OUTSTANDING.CYCLES_WITH_DATA_RD , eventId : 13
124 [139972938032832] INFO perfrun.perfcollector <> - DRY_RUN : "OFFCORE_REQUESTS_OUTSTANDING.ALL_DATA_RD:cmask=6: event id 14"
124 [139972938032832] INFO perfrun.perfcollector <> - eventName : OFFCORE_REQUESTS_OUTSTANDING.ALL_DATA_RD:cmask=6 , eventId : 14
124 [139972938032832] INFO perfrun.perfcollector <> - DRY_RUN : "CCCR"
124 [139972938032832] INFO perfrun.perfcollector <> - DRY_RUN : "reg_type       = 1	event_id       = g	reg_id         = 38f	reg_value      = 70000000f"
124 [139972938032832] INFO perfrun.perfcollector <> - eventId : g , ignored
124 [139972938032832] INFO perfrun.perfcollector <> - DRY_RUN : "reg_type       = 1	event_id       = g	reg_id         = 390	reg_value      = 70000000f"
124 [139972938032832] INFO perfrun.perfcollector <> - eventId : g , ignored
124 [139972938032832] INFO perfrun.perfcollector <> - DRY_RUN : "reg_type       = 1	event_id       = g	reg_id         = 3f1	reg_value      = 300000003"
124 [139972938032832] INFO perfrun.perfcollector <> - eventId : g , ignored
124 [139972938032832] INFO perfrun.perfcollector <> - DRY_RUN : "reg_type       = 1	event_id       = g	reg_id         = 1d9	reg_value      = 1800"
124 [139972938032832] INFO perfrun.perfcollector <> - eventId : g , ignored
124 [139972938032832] INFO perfrun.perfcollector <> - DRY_RUN : "reg_type       = 1	event_id       = g	reg_id         = 38d	reg_value      = bbb"
124 [139972938032832] INFO perfrun.perfcollector <> - eventId : g , ignored
124 [139972938032832] INFO perfrun.perfcollector <> - DRY_RUN : "reg_type       = 1	event_id       = 11	reg_id         = 186	reg_value      = 4304d1"
124 [139972938032832] INFO perfrun.perfcollector <> - eventId : 11 , cccrAddr : 186 , cccrVal : 4304d1
124 [139972938032832] INFO perfrun.perfcollector <> - DRY_RUN : "reg_type       = 1	event_id       = 12	reg_id         = 187	reg_value      = 4320d1"
124 [139972938032832] INFO perfrun.perfcollector <> - eventId : 12 , cccrAddr : 187 , cccrVal : 4320d1
124 [139972938032832] INFO perfrun.perfcollector <> - DRY_RUN : "reg_type       = 1	event_id       = 13	reg_id         = 188	reg_value      = 1530860"
124 [139972938032832] INFO perfrun.perfcollector <> - eventId : 13 , cccrAddr : 188 , cccrVal : 1530860
124 [139972938032832] INFO perfrun.perfcollector <> - DRY_RUN : "reg_type       = 1	event_id       = 14	reg_id         = 189	reg_value      = 6530860"
124 [139972938032832] INFO perfrun.perfcollector <> - eventId : 14 , cccrAddr : 189 , cccrVal : 6530860
124 [139972938032832] INFO perfrun.perfcollector <> - DRY_RUN : "ESCR"
124 [139972938032832] INFO perfrun.perfcollector <> - DRY_RUN : "reg_type       = 2	event_id       = g	reg_id         = 1c8	reg_value      = 0"
124 [139972938032832] INFO perfrun.perfcollector <> - eventId : g , ignored
124 [139972938032832] INFO perfrun.perfcollector <> - DRY_RUN : "DATA"
124 [139972938032832] INFO perfrun.perfcollector <> - DRY_RUN : "reg_type       = 4	event_id       = 2	reg_id         = 309	reg_value      = ffffff508620"
124 [139972938032832] INFO perfrun.perfcollector <> - eventId : 2 , dataAddr : 309 , dataVal : ffffff508620
124 [139972938032832] INFO perfrun.perfcollector <> - DRY_RUN : "reg_type       = 4	event_id       = 0	reg_id         = 30a	reg_value      = ffffff508620"
124 [139972938032832] INFO perfrun.perfcollector <> - eventId : 0 , dataAddr : 30a , dataVal : ffffff508620
124 [139972938032832] INFO perfrun.perfcollector <> - DRY_RUN : "reg_type       = 4	event_id       = 1	reg_id         = 30b	reg_value      = ffffff508620"
124 [139972938032832] INFO perfrun.perfcollector <> - eventId : 1 , dataAddr : 30b , dataVal : ffffff508620
124 [139972938032832] INFO perfrun.perfcollector <> - DRY_RUN : "reg_type       = 4	event_id       = 11	reg_id         = c1	reg_value      = fffffffc2f61"
124 [139972938032832] INFO perfrun.perfcollector <> - eventId : 11 , dataAddr : c1 , dataVal : fffffffc2f61
124 [139972938032832] INFO perfrun.perfcollector <> - DRY_RUN : "reg_type       = 4	event_id       = 12	reg_id         = c2	reg_value      = fffffffc2f61"
124 [139972938032832] INFO perfrun.perfcollector <> - eventId : 12 , dataAddr : c2 , dataVal : fffffffc2f61
124 [139972938032832] INFO perfrun.perfcollector <> - DRY_RUN : "reg_type       = 4	event_id       = 13	reg_id         = c3	reg_value      = ffffff676971"
124 [139972938032832] INFO perfrun.perfcollector <> - eventId : 13 , dataAddr : c3 , dataVal : ffffff676971
124 [139972938032832] INFO perfrun.perfcollector <> - DRY_RUN : "reg_type       = 4	event_id       = 14	reg_id         = c4	reg_value      = ffffff676971"
124 [139972938032832] INFO perfrun.perfcollector <> - eventId : 14 , dataAddr : c4 , dataVal : ffffff676971
124 [139972938032832] INFO perfrun.perfcollector <> - DRY_RUN : "Group 3:"
124 [139972938032832] INFO perfrun.perfcollector <> - id : 3
124 [139972938032832] INFO perfrun.perfcollector <> - DRY_RUN : "INST_RETIRED.ANY: event id 2"
124 [139972938032832] INFO perfrun.perfcollector <> - eventName : INST_RETIRED.ANY , eventId : 2
124 [139972938032832] INFO perfrun.perfcollector <> - DRY_RUN : "CPU_CLK_UNHALTED.THREAD: event id 0"
124 [139972938032832] INFO perfrun.perfcollector <> - eventName : CPU_CLK_UNHALTED.THREAD , eventId : 0
124 [139972938032832] INFO perfrun.perfcollector <> - DRY_RUN : "CPU_CLK_UNHALTED.REF_TSC: event id 1"
124 [139972938032832] INFO perfrun.perfcollector <> - eventName : CPU_CLK_UNHALTED.REF_TSC , eventId : 1
124 [139972938032832] INFO perfrun.perfcollector <> - DRY_RUN : "RESOURCE_STALLS.SB: event id 15"
124 [139972938032832] INFO perfrun.perfcollector <> - eventName : RESOURCE_STALLS.SB , eventId : 15
124 [139972938032832] INFO perfrun.perfcollector <> - DRY_RUN : "RS_EVENTS.EMPTY_CYCLES: event id 16"
124 [139972938032832] INFO perfrun.perfcollector <> - eventName : RS_EVENTS.EMPTY_CYCLES , eventId : 16
124 [139972938032832] INFO perfrun.perfcollector <> - DRY_RUN : "UOPS_EXECUTED.CORE:cmask=1: event id 17"
124 [139972938032832] INFO perfrun.perfcollector <> - eventName : UOPS_EXECUTED.CORE:cmask=1 , eventId : 17
124 [139972938032832] INFO perfrun.perfcollector <> - DRY_RUN : "UOPS_EXECUTED.CORE:cmask=2: event id 18"
124 [139972938032832] INFO perfrun.perfcollector <> - eventName : UOPS_EXECUTED.CORE:cmask=2 , eventId : 18
124 [139972938032832] INFO perfrun.perfcollector <> - DRY_RUN : "CCCR"
124 [139972938032832] INFO perfrun.perfcollector <> - DRY_RUN : "reg_type       = 1	event_id       = g	reg_id         = 38f	reg_value      = 70000000f"
124 [139972938032832] INFO perfrun.perfcollector <> - eventId : g , ignored
124 [139972938032832] INFO perfrun.perfcollector <> - DRY_RUN : "reg_type       = 1	event_id       = g	reg_id         = 390	reg_value      = 70000000f"
124 [139972938032832] INFO perfrun.perfcollector <> - eventId : g , ignored
124 [139972938032832] INFO perfrun.perfcollector <> - DRY_RUN : "reg_type       = 1	event_id       = g	reg_id         = 3f1	reg_value      = 0"
124 [139972938032832] INFO perfrun.perfcollector <> - eventId : g , ignored
124 [139972938032832] INFO perfrun.perfcollector <> - DRY_RUN : "reg_type       = 1	event_id       = g	reg_id         = 1d9	reg_value      = 1800"
124 [139972938032832] INFO perfrun.perfcollector <> - eventId : g , ignored
124 [139972938032832] INFO perfrun.perfcollector <> - DRY_RUN : "reg_type       = 1	event_id       = g	reg_id         = 38d	reg_value      = bbb"
124 [139972938032832] INFO perfrun.perfcollector <> - eventId : g , ignored
124 [139972938032832] INFO perfrun.perfcollector <> - DRY_RUN : "reg_type       = 1	event_id       = 15	reg_id         = 186	reg_value      = 5308a2"
124 [139972938032832] INFO perfrun.perfcollector <> - eventId : 15 , cccrAddr : 186 , cccrVal : 5308a2
124 [139972938032832] INFO perfrun.perfcollector <> - DRY_RUN : "reg_type       = 1	event_id       = 16	reg_id         = 187	reg_value      = 53015e"
124 [139972938032832] INFO perfrun.perfcollector <> - eventId : 16 , cccrAddr : 187 , cccrVal : 53015e
124 [139972938032832] INFO perfrun.perfcollector <> - DRY_RUN : "reg_type       = 1	event_id       = 17	reg_id         = 188	reg_value      = 15302b1"
124 [139972938032832] INFO perfrun.perfcollector <> - eventId : 17 , cccrAddr : 188 , cccrVal : 15302b1
124 [139972938032832] INFO perfrun.perfcollector <> - DRY_RUN : "reg_type       = 1	event_id       = 18	reg_id         = 189	reg_value      = 25302b1"
124 [139972938032832] INFO perfrun.perfcollector <> - eventId : 18 , cccrAddr : 189 , cccrVal : 25302b1
124 [139972938032832] INFO perfrun.perfcollector <> - DRY_RUN : "ESCR"
124 [139972938032832] INFO perfrun.perfcollector <> - DRY_RUN : "reg_type       = 2	event_id       = g	reg_id         = 1c8	reg_value      = 0"
124 [139972938032832] INFO perfrun.perfcollector <> - eventId : g , ignored
124 [139972938032832] INFO perfrun.perfcollector <> - DRY_RUN : "DATA"
124 [139972938032832] INFO perfrun.perfcollector <> - DRY_RUN : "reg_type       = 4	event_id       = 2	reg_id         = 309	reg_value      = ffffff508620"
124 [139972938032832] INFO perfrun.perfcollector <> - eventId : 2 , dataAddr : 309 , dataVal : ffffff508620
124 [139972938032832] INFO perfrun.perfcollector <> - DRY_RUN : "reg_type       = 4	event_id       = 0	reg_id         = 30a	reg_value      = ffffff508620"
124 [139972938032832] INFO perfrun.perfcollector <> - eventId : 0 , dataAddr : 30a , dataVal : ffffff508620
124 [139972938032832] INFO perfrun.perfcollector <> - DRY_RUN : "reg_type       = 4	event_id       = 1	reg_id         = 30b	reg_value      = ffffff508620"
124 [139972938032832] INFO perfrun.perfcollector <> - eventId : 1 , dataAddr : 30b , dataVal : ffffff508620
124 [139972938032832] INFO perfrun.perfcollector <> - DRY_RUN : "reg_type       = 4	event_id       = 15	reg_id         = c1	reg_value      = ffffff676971"
124 [139972938032832] INFO perfrun.perfcollector <> - eventId : 15 , dataAddr : c1 , dataVal : ffffff676971
124 [139972938032832] INFO perfrun.perfcollector <> - DRY_RUN : "reg_type       = 4	event_id       = 16	reg_id         = c2	reg_value      = ffffff676971"
124 [139972938032832] INFO perfrun.perfcollector <> - eventId : 16 , dataAddr : c2 , dataVal : ffffff676971
124 [139972938032832] INFO perfrun.perfcollector <> - DRY_RUN : "reg_type       = 4	event_id       = 17	reg_id         = c3	reg_value      = ffffff676971"
124 [139972938032832] INFO perfrun.perfcollector <> - eventId : 17 , dataAddr : c3 , dataVal : ffffff676971
124 [139972938032832] INFO perfrun.perfcollector <> - DRY_RUN : "reg_type       = 4	event_id       = 18	reg_id         = c4	reg_value      = ffffff676971"
124 [139972938032832] INFO perfrun.perfcollector <> - eventId : 18 , dataAddr : c4 , dataVal : ffffff676971
124 [139972938032832] INFO perfrun.perfcollector <> - DRY_RUN : "Group 4:"
124 [139972938032832] INFO perfrun.perfcollector <> - id : 4
124 [139972938032832] INFO perfrun.perfcollector <> - DRY_RUN : "INST_RETIRED.ANY: event id 2"
124 [139972938032832] INFO perfrun.perfcollector <> - eventName : INST_RETIRED.ANY , eventId : 2
124 [139972938032832] INFO perfrun.perfcollector <> - DRY_RUN : "CPU_CLK_UNHALTED.THREAD: event id 0"
124 [139972938032832] INFO perfrun.perfcollector <> - eventName : CPU_CLK_UNHALTED.THREAD , eventId : 0
124 [139972938032832] INFO perfrun.perfcollector <> - DRY_RUN : "CPU_CLK_UNHALTED.REF_TSC: event id 1"
124 [139972938032832] INFO perfrun.perfcollector <> - eventName : CPU_CLK_UNHALTED.REF_TSC , eventId : 1
124 [139972938032832] INFO perfrun.perfcollector <> - DRY_RUN : "UOPS_EXECUTED.CORE:cmask=3: event id 19"
124 [139972938032832] INFO perfrun.perfcollector <> - eventName : UOPS_EXECUTED.CORE:cmask=3 , eventId : 19
124 [139972938032832] INFO perfrun.perfcollector <> - DRY_RUN : "UOPS_ISSUED.ANY: event id 20"
124 [139972938032832] INFO perfrun.perfcollector <> - eventName : UOPS_ISSUED.ANY , eventId : 20
124 [139972938032832] INFO perfrun.perfcollector <> - DRY_RUN : "UOPS_RETIRED.RETIRE_SLOTS: event id 21"
124 [139972938032832] INFO perfrun.perfcollector <> - eventName : UOPS_RETIRED.RETIRE_SLOTS , eventId : 21
124 [139972938032832] INFO perfrun.perfcollector <> - DRY_RUN : "IDQ_UOPS_NOT_DELIVERED.CYCLES_0_UOPS_DELIV.CORE: event id 22"
124 [139972938032832] INFO perfrun.perfcollector <> - eventName : IDQ_UOPS_NOT_DELIVERED.CYCLES_0_UOPS_DELIV.CORE , eventId : 22
124 [139972938032832] INFO perfrun.perfcollector <> - DRY_RUN : "CCCR"
124 [139972938032832] INFO perfrun.perfcollector <> - DRY_RUN : "reg_type       = 1	event_id       = g	reg_id         = 38f	reg_value      = 70000000f"
124 [139972938032832] INFO perfrun.perfcollector <> - eventId : g , ignored
124 [139972938032832] INFO perfrun.perfcollector <> - DRY_RUN : "reg_type       = 1	event_id       = g	reg_id         = 390	reg_value      = 70000000f"
124 [139972938032832] INFO perfrun.perfcollector <> - eventId : g , ignored
124 [139972938032832] INFO perfrun.perfcollector <> - DRY_RUN : "reg_type       = 1	event_id       = g	reg_id         = 3f1	reg_value      = 0"
124 [139972938032832] INFO perfrun.perfcollector <> - eventId : g , ignored
124 [139972938032832] INFO perfrun.perfcollector <> - DRY_RUN : "reg_type       = 1	event_id       = g	reg_id         = 1d9	reg_value      = 1800"
124 [139972938032832] INFO perfrun.perfcollector <> - eventId : g , ignored
124 [139972938032832] INFO perfrun.perfcollector <> - DRY_RUN : "reg_type       = 1	event_id       = g	reg_id         = 38d	reg_value      = bbb"
124 [139972938032832] INFO perfrun.perfcollector <> - eventId : g , ignored
124 [139972938032832] INFO perfrun.perfcollector <> - DRY_RUN : "reg_type       = 1	event_id       = 19	reg_id         = 186	reg_value      = 35302b1"
124 [139972938032832] INFO perfrun.perfcollector <> - eventId : 19 , cccrAddr : 186 , cccrVal : 35302b1
124 [139972938032832] INFO perfrun.perfcollector <> - DRY_RUN : "reg_type       = 1	event_id       = 20	reg_id         = 187	reg_value      = 53010e"
124 [139972938032832] INFO perfrun.perfcollector <> - eventId : 20 , cccrAddr : 187 , cccrVal : 53010e
124 [139972938032832] INFO perfrun.perfcollector <> - DRY_RUN : "reg_type       = 1	event_id       = 21	reg_id         = 188	reg_value      = 5302c2"
124 [139972938032832] INFO perfrun.perfcollector <> - eventId : 21 , cccrAddr : 188 , cccrVal : 5302c2
124 [139972938032832] INFO perfrun.perfcollector <> - DRY_RUN : "reg_type       = 1	event_id       = 22	reg_id         = 189	reg_value      = 453019c"
124 [139972938032832] INFO perfrun.perfcollector <> - eventId : 22 , cccrAddr : 189 , cccrVal : 453019c
124 [139972938032832] INFO perfrun.perfcollector <> - DRY_RUN : "ESCR"
124 [139972938032832] INFO perfrun.perfcollector <> - DRY_RUN : "reg_type       = 2	event_id       = g	reg_id         = 1c8	reg_value      = 0"
124 [139972938032832] INFO perfrun.perfcollector <> - eventId : g , ignored
124 [139972938032832] INFO perfrun.perfcollector <> - DRY_RUN : "DATA"
124 [139972938032832] INFO perfrun.perfcollector <> - DRY_RUN : "reg_type       = 4	event_id       = 2	reg_id         = 309	reg_value      = ffffff508620"
124 [139972938032832] INFO perfrun.perfcollector <> - eventId : 2 , dataAddr : 309 , dataVal : ffffff508620
124 [139972938032832] INFO perfrun.perfcollector <> - DRY_RUN : "reg_type       = 4	event_id       = 0	reg_id         = 30a	reg_value      = ffffff508620"
124 [139972938032832] INFO perfrun.perfcollector <> - eventId : 0 , dataAddr : 30a , dataVal : ffffff508620
124 [139972938032832] INFO perfrun.perfcollector <> - DRY_RUN : "reg_type       = 4	event_id       = 1	reg_id         = 30b	reg_value      = ffffff508620"
124 [139972938032832] INFO perfrun.perfcollector <> - eventId : 1 , dataAddr : 30b , dataVal : ffffff508620
124 [139972938032832] INFO perfrun.perfcollector <> - DRY_RUN : "reg_type       = 4	event_id       = 19	reg_id         = c1	reg_value      = ffffff676971"
124 [139972938032832] INFO perfrun.perfcollector <> - eventId : 19 , dataAddr : c1 , dataVal : ffffff676971
124 [139972938032832] INFO perfrun.perfcollector <> - DRY_RUN : "reg_type       = 4	event_id       = 20	reg_id         = c2	reg_value      = ffffff676971"
124 [139972938032832] INFO perfrun.perfcollector <> - eventId : 20 , dataAddr : c2 , dataVal : ffffff676971
124 [139972938032832] INFO perfrun.perfcollector <> - DRY_RUN : "reg_type       = 4	event_id       = 21	reg_id         = c3	reg_value      = ffffff676971"
124 [139972938032832] INFO perfrun.perfcollector <> - eventId : 21 , dataAddr : c3 , dataVal : ffffff676971
124 [139972938032832] INFO perfrun.perfcollector <> - DRY_RUN : "reg_type       = 4	event_id       = 22	reg_id         = c4	reg_value      = ffffff676971"
124 [139972938032832] INFO perfrun.perfcollector <> - eventId : 22 , dataAddr : c4 , dataVal : ffffff676971
124 [139972938032832] INFO perfrun.perfcollector <> - DRY_RUN : "Group 5:"
124 [139972938032832] INFO perfrun.perfcollector <> - id : 5
124 [139972938032832] INFO perfrun.perfcollector <> - DRY_RUN : "INST_RETIRED.ANY: event id 2"
124 [139972938032832] INFO perfrun.perfcollector <> - eventName : INST_RETIRED.ANY , eventId : 2
124 [139972938032832] INFO perfrun.perfcollector <> - DRY_RUN : "CPU_CLK_UNHALTED.THREAD: event id 0"
124 [139972938032832] INFO perfrun.perfcollector <> - eventName : CPU_CLK_UNHALTED.THREAD , eventId : 0
124 [139972938032832] INFO perfrun.perfcollector <> - DRY_RUN : "CPU_CLK_UNHALTED.REF_TSC: event id 1"
124 [139972938032832] INFO perfrun.perfcollector <> - eventName : CPU_CLK_UNHALTED.REF_TSC , eventId : 1
124 [139972938032832] INFO perfrun.perfcollector <> - DRY_RUN : "MEM_UOPS_RETIRED.ALL_LOADS_PS: event id 23"
124 [139972938032832] INFO perfrun.perfcollector <> - eventName : MEM_UOPS_RETIRED.ALL_LOADS_PS , eventId : 23
124 [139972938032832] INFO perfrun.perfcollector <> - DRY_RUN : "MEM_UOPS_RETIRED.ALL_STORES_PS: event id 24"
124 [139972938032832] INFO perfrun.perfcollector <> - eventName : MEM_UOPS_RETIRED.ALL_STORES_PS , eventId : 24
124 [139972938032832] INFO perfrun.perfcollector <> - DRY_RUN : "MEM_LOAD_UOPS_L3_MISS_RETIRED.LOCAL_DRAM_PS: event id 25"
124 [139972938032832] INFO perfrun.perfcollector <> - eventName : MEM_LOAD_UOPS_L3_MISS_RETIRED.LOCAL_DRAM_PS , eventId : 25
124 [139972938032832] INFO perfrun.perfcollector <> - DRY_RUN : "MEM_LOAD_UOPS_L3_MISS_RETIRED.REMOTE_DRAM_PS: event id 26"
124 [139972938032832] INFO perfrun.perfcollector <> - eventName : MEM_LOAD_UOPS_L3_MISS_RETIRED.REMOTE_DRAM_PS , eventId : 26
124 [139972938032832] INFO perfrun.perfcollector <> - DRY_RUN : "CCCR"
124 [139972938032832] INFO perfrun.perfcollector <> - DRY_RUN : "reg_type       = 1	event_id       = g	reg_id         = 38f	reg_value      = 70000000f"
124 [139972938032832] INFO perfrun.perfcollector <> - eventId : g , ignored
124 [139972938032832] INFO perfrun.perfcollector <> - DRY_RUN : "reg_type       = 1	event_id       = g	reg_id         = 390	reg_value      = 70000000f"
124 [139972938032832] INFO perfrun.perfcollector <> - eventId : g , ignored
124 [139972938032832] INFO perfrun.perfcollector <> - DRY_RUN : "reg_type       = 1	event_id       = g	reg_id         = 3f1	reg_value      = f0000000f"
124 [139972938032832] INFO perfrun.perfcollector <> - eventId : g , ignored
124 [139972938032832] INFO perfrun.perfcollector <> - DRY_RUN : "reg_type       = 1	event_id       = g	reg_id         = 1d9	reg_value      = 1800"
125 [139972938032832] INFO perfrun.perfcollector <> - eventId : g , ignored
125 [139972938032832] INFO perfrun.perfcollector <> - DRY_RUN : "reg_type       = 1	event_id       = g	reg_id         = 38d	reg_value      = bbb"
125 [139972938032832] INFO perfrun.perfcollector <> - eventId : g , ignored
125 [139972938032832] INFO perfrun.perfcollector <> - DRY_RUN : "reg_type       = 1	event_id       = 23	reg_id         = 186	reg_value      = 4381d0"
125 [139972938032832] INFO perfrun.perfcollector <> - eventId : 23 , cccrAddr : 186 , cccrVal : 4381d0
125 [139972938032832] INFO perfrun.perfcollector <> - DRY_RUN : "reg_type       = 1	event_id       = 24	reg_id         = 187	reg_value      = 4382d0"
125 [139972938032832] INFO perfrun.perfcollector <> - eventId : 24 , cccrAddr : 187 , cccrVal : 4382d0
125 [139972938032832] INFO perfrun.perfcollector <> - DRY_RUN : "reg_type       = 1	event_id       = 25	reg_id         = 188	reg_value      = 4301d3"
125 [139972938032832] INFO perfrun.perfcollector <> - eventId : 25 , cccrAddr : 188 , cccrVal : 4301d3
125 [139972938032832] INFO perfrun.perfcollector <> - DRY_RUN : "reg_type       = 1	event_id       = 26	reg_id         = 189	reg_value      = 4304d3"
125 [139972938032832] INFO perfrun.perfcollector <> - eventId : 26 , cccrAddr : 189 , cccrVal : 4304d3
125 [139972938032832] INFO perfrun.perfcollector <> - DRY_RUN : "ESCR"
125 [139972938032832] INFO perfrun.perfcollector <> - DRY_RUN : "reg_type       = 2	event_id       = g	reg_id         = 1c8	reg_value      = 0"
125 [139972938032832] INFO perfrun.perfcollector <> - eventId : g , ignored
125 [139972938032832] INFO perfrun.perfcollector <> - DRY_RUN : "DATA"
125 [139972938032832] INFO perfrun.perfcollector <> - DRY_RUN : "reg_type       = 4	event_id       = 2	reg_id         = 309	reg_value      = ffffff508620"
125 [139972938032832] INFO perfrun.perfcollector <> - eventId : 2 , dataAddr : 309 , dataVal : ffffff508620
125 [139972938032832] INFO perfrun.perfcollector <> - DRY_RUN : "reg_type       = 4	event_id       = 0	reg_id         = 30a	reg_value      = ffffff508620"
125 [139972938032832] INFO perfrun.perfcollector <> - eventId : 0 , dataAddr : 30a , dataVal : ffffff508620
125 [139972938032832] INFO perfrun.perfcollector <> - DRY_RUN : "reg_type       = 4	event_id       = 1	reg_id         = 30b	reg_value      = ffffff508620"
125 [139972938032832] INFO perfrun.perfcollector <> - eventId : 1 , dataAddr : 30b , dataVal : ffffff508620
125 [139972938032832] INFO perfrun.perfcollector <> - DRY_RUN : "reg_type       = 4	event_id       = 23	reg_id         = c1	reg_value      = fffffff85ed1"
125 [139972938032832] INFO perfrun.perfcollector <> - eventId : 23 , dataAddr : c1 , dataVal : fffffff85ed1
125 [139972938032832] INFO perfrun.perfcollector <> - DRY_RUN : "reg_type       = 4	event_id       = 24	reg_id         = c2	reg_value      = fffffff85ed1"
125 [139972938032832] INFO perfrun.perfcollector <> - eventId : 24 , dataAddr : c2 , dataVal : fffffff85ed1
125 [139972938032832] INFO perfrun.perfcollector <> - DRY_RUN : "reg_type       = 4	event_id       = 25	reg_id         = c3	reg_value      = fffffff85ed1"
125 [139972938032832] INFO perfrun.perfcollector <> - eventId : 25 , dataAddr : c3 , dataVal : fffffff85ed1
125 [139972938032832] INFO perfrun.perfcollector <> - DRY_RUN : "reg_type       = 4	event_id       = 26	reg_id         = c4	reg_value      = fffffff85ed1"
125 [139972938032832] INFO perfrun.perfcollector <> - eventId : 26 , dataAddr : c4 , dataVal : fffffff85ed1
125 [139972938032832] INFO perfrun.perfcollector <> - DRY_RUN : "Group 6:"
125 [139972938032832] INFO perfrun.perfcollector <> - id : 6
125 [139972938032832] INFO perfrun.perfcollector <> - DRY_RUN : "INST_RETIRED.ANY: event id 2"
125 [139972938032832] INFO perfrun.perfcollector <> - eventName : INST_RETIRED.ANY , eventId : 2
125 [139972938032832] INFO perfrun.perfcollector <> - DRY_RUN : "CPU_CLK_UNHALTED.THREAD: event id 0"
125 [139972938032832] INFO perfrun.perfcollector <> - eventName : CPU_CLK_UNHALTED.THREAD , eventId : 0
125 [139972938032832] INFO perfrun.perfcollector <> - DRY_RUN : "CPU_CLK_UNHALTED.REF_TSC: event id 1"
125 [139972938032832] INFO perfrun.perfcollector <> - eventName : CPU_CLK_UNHALTED.REF_TSC , eventId : 1
125 [139972938032832] INFO perfrun.perfcollector <> - DRY_RUN : "MEM_LOAD_UOPS_L3_MISS_RETIRED.REMOTE_HITM_PS: event id 27"
125 [139972938032832] INFO perfrun.perfcollector <> - eventName : MEM_LOAD_UOPS_L3_MISS_RETIRED.REMOTE_HITM_PS , eventId : 27
125 [139972938032832] INFO perfrun.perfcollector <> - DRY_RUN : "MEM_LOAD_UOPS_L3_MISS_RETIRED.REMOTE_FWD_PS: event id 28"
125 [139972938032832] INFO perfrun.perfcollector <> - eventName : MEM_LOAD_UOPS_L3_MISS_RETIRED.REMOTE_FWD_PS , eventId : 28
125 [139972938032832] INFO perfrun.perfcollector <> - DRY_RUN : "CCCR"
125 [139972938032832] INFO perfrun.perfcollector <> - DRY_RUN : "reg_type       = 1	event_id       = g	reg_id         = 38f	reg_value      = 700000003"
125 [139972938032832] INFO perfrun.perfcollector <> - eventId : g , ignored
125 [139972938032832] INFO perfrun.perfcollector <> - DRY_RUN : "reg_type       = 1	event_id       = g	reg_id         = 390	reg_value      = 700000003"
125 [139972938032832] INFO perfrun.perfcollector <> - eventId : g , ignored
125 [139972938032832] INFO perfrun.perfcollector <> - DRY_RUN : "reg_type       = 1	event_id       = g	reg_id         = 3f1	reg_value      = 300000003"
125 [139972938032832] INFO perfrun.perfcollector <> - eventId : g , ignored
125 [139972938032832] INFO perfrun.perfcollector <> - DRY_RUN : "reg_type       = 1	event_id       = g	reg_id         = 1d9	reg_value      = 1800"
125 [139972938032832] INFO perfrun.perfcollector <> - eventId : g , ignored
125 [139972938032832] INFO perfrun.perfcollector <> - DRY_RUN : "reg_type       = 1	event_id       = g	reg_id         = 38d	reg_value      = bbb"
125 [139972938032832] INFO perfrun.perfcollector <> - eventId : g , ignored
125 [139972938032832] INFO perfrun.perfcollector <> - DRY_RUN : "reg_type       = 1	event_id       = 27	reg_id         = 186	reg_value      = 4310d3"
125 [139972938032832] INFO perfrun.perfcollector <> - eventId : 27 , cccrAddr : 186 , cccrVal : 4310d3
125 [139972938032832] INFO perfrun.perfcollector <> - DRY_RUN : "reg_type       = 1	event_id       = 28	reg_id         = 187	reg_value      = 4320d3"
125 [139972938032832] INFO perfrun.perfcollector <> - eventId : 28 , cccrAddr : 187 , cccrVal : 4320d3
125 [139972938032832] INFO perfrun.perfcollector <> - DRY_RUN : "ESCR"
125 [139972938032832] INFO perfrun.perfcollector <> - DRY_RUN : "reg_type       = 2	event_id       = g	reg_id         = 1c8	reg_value      = 0"
125 [139972938032832] INFO perfrun.perfcollector <> - eventId : g , ignored
125 [139972938032832] INFO perfrun.perfcollector <> - DRY_RUN : "DATA"
125 [139972938032832] INFO perfrun.perfcollector <> - DRY_RUN : "reg_type       = 4	event_id       = 2	reg_id         = 309	reg_value      = ffffff508620"
125 [139972938032832] INFO perfrun.perfcollector <> - eventId : 2 , dataAddr : 309 , dataVal : ffffff508620
125 [139972938032832] INFO perfrun.perfcollector <> - DRY_RUN : "reg_type       = 4	event_id       = 0	reg_id         = 30a	reg_value      = ffffff508620"
125 [139972938032832] INFO perfrun.perfcollector <> - eventId : 0 , dataAddr : 30a , dataVal : ffffff508620
125 [139972938032832] INFO perfrun.perfcollector <> - DRY_RUN : "reg_type       = 4	event_id       = 1	reg_id         = 30b	reg_value      = ffffff508620"
125 [139972938032832] INFO perfrun.perfcollector <> - eventId : 1 , dataAddr : 30b , dataVal : ffffff508620
125 [139972938032832] INFO perfrun.perfcollector <> - DRY_RUN : "reg_type       = 4	event_id       = 27	reg_id         = c1	reg_value      = fffffff85ed1"
125 [139972938032832] INFO perfrun.perfcollector <> - eventId : 27 , dataAddr : c1 , dataVal : fffffff85ed1
125 [139972938032832] INFO perfrun.perfcollector <> - DRY_RUN : "reg_type       = 4	event_id       = 28	reg_id         = c2	reg_value      = fffffff85ed1"
125 [139972938032832] INFO perfrun.perfcollector <> - eventId : 28 , dataAddr : c2 , dataVal : fffffff85ed1
125 [139972938032832] INFO perfrun.perfcollector <> - DRY_RUN : "PMU type: Uncore (imc)"
132 [139972938032832] INFO perfrun.perfcollector <> - pmu type : uncore_imc
132 [139972938032832] INFO perfrun.perfcollector <> - DRY_RUN : "Number of units: 8"
132 [139972938032832] INFO perfrun.perfcollector <> - id : 8
132 [139972938032832] INFO perfrun.perfcollector <> - DRY_RUN : "Group 0:"
132 [139972938032832] INFO perfrun.perfcollector <> - id : 0
132 [139972938032832] INFO perfrun.perfcollector <> - DRY_RUN : "UNC_M_CAS_COUNT.RD: event id 29"
132 [139972938032832] INFO perfrun.perfcollector <> - eventName : UNC_M_CAS_COUNT.RD , eventId : 29
132 [139972938032832] INFO perfrun.perfcollector <> - DRY_RUN : "UNC_M_CAS_COUNT.WR: event id 30"
132 [139972938032832] INFO perfrun.perfcollector <> - eventName : UNC_M_CAS_COUNT.WR , eventId : 30
132 [139972938032832] INFO perfrun.perfcollector <> - DRY_RUN : "CCCR"
132 [139972938032832] INFO perfrun.perfcollector <> - DRY_RUN : "idx = 0	reg_type       = 1	event_id = 30	reg_id         = 700	reg_value      = 80000000	bar_index      = 0"
132 [139972938032832] INFO perfrun.perfcollector <> - eventId : 30 , cccrAddr : 700 , cccrVal : 80000000
132 [139972938032832] INFO perfrun.perfcollector <> - DRY_RUN : "idx = 2	reg_type       = 5	event_id = 29	reg_id         = d8	reg_value      = 400304	bar_index      = 0"
132 [139972938032832] INFO perfrun.perfcollector <> - eventId : 29 , cccrAddr : d8 , cccrVal : 400304
132 [139972938032832] INFO perfrun.perfcollector <> - DRY_RUN : "idx = 3	reg_type       = 5	event_id = 30	reg_id         = dc	reg_value      = 400c04	bar_index      = 0"
132 [139972938032832] INFO perfrun.perfcollector <> - eventId : 30 , cccrAddr : dc , cccrVal : 400c04
132 [139972938032832] INFO perfrun.perfcollector <> - DRY_RUN : "idx = 6	reg_type       = 2	event_id = g	reg_id         = f4	reg_value      = 0	bar_index      = 0"
132 [139972938032832] INFO perfrun.perfcollector <> - eventId : g , ignored
132 [139972938032832] INFO perfrun.perfcollector <> - DRY_RUN : "idx = 8	reg_type       = 5	event_id = 29	reg_id         = d8	reg_value      = 400304	bar_index      = 0"
132 [139972938032832] INFO perfrun.perfcollector <> - eventId : 29 , cccrAddr : d8 , cccrVal : 400304
132 [139972938032832] INFO perfrun.perfcollector <> - DRY_RUN : "idx = 9	reg_type       = 5	event_id = 30	reg_id         = dc	reg_value      = 400c04	bar_index      = 0"
132 [139972938032832] INFO perfrun.perfcollector <> - eventId : 30 , cccrAddr : dc , cccrVal : 400c04
132 [139972938032832] INFO perfrun.perfcollector <> - DRY_RUN : "idx = 12	reg_type       = 2	event_id = g	reg_id         = f4	reg_value      = 0	bar_index      = 0"
132 [139972938032832] INFO perfrun.perfcollector <> - eventId : g , ignored
132 [139972938032832] INFO perfrun.perfcollector <> - DRY_RUN : "idx = 14	reg_type       = 5	event_id = 29	reg_id         = d8	reg_value      = 400304	bar_index      = 0"
132 [139972938032832] INFO perfrun.perfcollector <> - eventId : 29 , cccrAddr : d8 , cccrVal : 400304
132 [139972938032832] INFO perfrun.perfcollector <> - DRY_RUN : "idx = 15	reg_type       = 5	event_id = 30	reg_id         = dc	reg_value      = 400c04	bar_index      = 0"
132 [139972938032832] INFO perfrun.perfcollector <> - eventId : 30 , cccrAddr : dc , cccrVal : 400c04
132 [139972938032832] INFO perfrun.perfcollector <> - DRY_RUN : "idx = 18	reg_type       = 2	event_id = g	reg_id         = f4	reg_value      = 0	bar_index      = 0"
132 [139972938032832] INFO perfrun.perfcollector <> - eventId : g , ignored
132 [139972938032832] INFO perfrun.perfcollector <> - DRY_RUN : "idx = 20	reg_type       = 5	event_id = 29	reg_id         = d8	reg_value      = 400304	bar_index      = 0"
132 [139972938032832] INFO perfrun.perfcollector <> - eventId : 29 , cccrAddr : d8 , cccrVal : 400304
132 [139972938032832] INFO perfrun.perfcollector <> - DRY_RUN : "idx = 21	reg_type       = 5	event_id = 30	reg_id         = dc	reg_value      = 400c04	bar_index      = 0"
132 [139972938032832] INFO perfrun.perfcollector <> - eventId : 30 , cccrAddr : dc , cccrVal : 400c04
132 [139972938032832] INFO perfrun.perfcollector <> - DRY_RUN : "idx = 24	reg_type       = 2	event_id = g	reg_id         = f4	reg_value      = 0	bar_index      = 0"
132 [139972938032832] INFO perfrun.perfcollector <> - eventId : g , ignored
132 [139972938032832] INFO perfrun.perfcollector <> - DRY_RUN : "idx = 26	reg_type       = 5	event_id = 29	reg_id         = d8	reg_value      = 400304	bar_index      = 0"
132 [139972938032832] INFO perfrun.perfcollector <> - eventId : 29 , cccrAddr : d8 , cccrVal : 400304
132 [139972938032832] INFO perfrun.perfcollector <> - DRY_RUN : "idx = 27	reg_type       = 5	event_id = 30	reg_id         = dc	reg_value      = 400c04	bar_index      = 0"
132 [139972938032832] INFO perfrun.perfcollector <> - eventId : 30 , cccrAddr : dc , cccrVal : 400c04
132 [139972938032832] INFO perfrun.perfcollector <> - DRY_RUN : "idx = 30	reg_type       = 2	event_id = g	reg_id         = f4	reg_value      = 0	bar_index      = 0"
132 [139972938032832] INFO perfrun.perfcollector <> - eventId : g , ignored
132 [139972938032832] INFO perfrun.perfcollector <> - DRY_RUN : "idx = 32	reg_type       = 5	event_id = 29	reg_id         = d8	reg_value      = 400304	bar_index      = 0"
132 [139972938032832] INFO perfrun.perfcollector <> - eventId : 29 , cccrAddr : d8 , cccrVal : 400304
132 [139972938032832] INFO perfrun.perfcollector <> - DRY_RUN : "idx = 33	reg_type       = 5	event_id = 30	reg_id         = dc	reg_value      = 400c04	bar_index      = 0"
132 [139972938032832] INFO perfrun.perfcollector <> - eventId : 30 , cccrAddr : dc , cccrVal : 400c04
132 [139972938032832] INFO perfrun.perfcollector <> - DRY_RUN : "idx = 36	reg_type       = 2	event_id = g	reg_id         = f4	reg_value      = 0	bar_index      = 0"
132 [139972938032832] INFO perfrun.perfcollector <> - eventId : g , ignored
132 [139972938032832] INFO perfrun.perfcollector <> - DRY_RUN : "idx = 38	reg_type       = 5	event_id = 29	reg_id         = d8	reg_value      = 400304	bar_index      = 0"
132 [139972938032832] INFO perfrun.perfcollector <> - eventId : 29 , cccrAddr : d8 , cccrVal : 400304
132 [139972938032832] INFO perfrun.perfcollector <> - DRY_RUN : "idx = 39	reg_type       = 5	event_id = 30	reg_id         = dc	reg_value      = 400c04	bar_index      = 0"
132 [139972938032832] INFO perfrun.perfcollector <> - eventId : 30 , cccrAddr : dc , cccrVal : 400c04
132 [139972938032832] INFO perfrun.perfcollector <> - DRY_RUN : "idx = 42	reg_type       = 2	event_id = g	reg_id         = f4	reg_value      = 0	bar_index      = 0"
132 [139972938032832] INFO perfrun.perfcollector <> - eventId : g , ignored
132 [139972938032832] INFO perfrun.perfcollector <> - DRY_RUN : "idx = 44	reg_type       = 5	event_id = 29	reg_id         = d8	reg_value      = 400304	bar_index      = 0"
132 [139972938032832] INFO perfrun.perfcollector <> - eventId : 29 , cccrAddr : d8 , cccrVal : 400304
132 [139972938032832] INFO perfrun.perfcollector <> - DRY_RUN : "idx = 45	reg_type       = 5	event_id = 30	reg_id         = dc	reg_value      = 400c04	bar_index      = 0"
132 [139972938032832] INFO perfrun.perfcollector <> - eventId : 30 , cccrAddr : dc , cccrVal : 400c04
132 [139972938032832] INFO perfrun.perfcollector <> - DRY_RUN : "idx = 48	reg_type       = 2	event_id = g	reg_id         = f4	reg_value      = 0	bar_index      = 0"
132 [139972938032832] INFO perfrun.perfcollector <> - eventId : g , ignored
132 [139972938032832] INFO perfrun.perfcollector <> - DRY_RUN : "ESCR"
132 [139972938032832] INFO perfrun.perfcollector <> - DRY_RUN : "DATA"
132 [139972938032832] INFO perfrun.perfcollector <> - DRY_RUN : "idx = 50	reg_type       = 4	event_id       = 29	reg_id         = a0	reg_value      = 0	pci reg_id  offset    = 0xa0	pci reg id  data_size = 0	bar_index      = 0"
132 [139972938032832] INFO perfrun.perfcollector <> - eventId : 29 , dataAddr : a0 , dataVal : 0
132 [139972938032832] INFO perfrun.perfcollector <> - DRY_RUN : "idx = 51	reg_type       = 4	event_id       = 30	reg_id         = a8	reg_value      = 0	pci reg_id  offset    = 0xa8	pci reg id  data_size = 0	bar_index      = 0"
132 [139972938032832] INFO perfrun.perfcollector <> - eventId : 30 , dataAddr : a8 , dataVal : 0
132 [139972938032832] INFO perfrun.perfcollector <> - DRY_RUN : "idx = 55	reg_type       = 4	event_id       = 29	reg_id         = a0	reg_value      = 0	pci reg_id  offset    = 0xa0	pci reg id  data_size = 0	bar_index      = 0"
132 [139972938032832] INFO perfrun.perfcollector <> - eventId : 29 , dataAddr : a0 , dataVal : 0
132 [139972938032832] INFO perfrun.perfcollector <> - DRY_RUN : "idx = 56	reg_type       = 4	event_id       = 30	reg_id         = a8	reg_value      = 0	pci reg_id  offset    = 0xa8	pci reg id  data_size = 0	bar_index      = 0"
132 [139972938032832] INFO perfrun.perfcollector <> - eventId : 30 , dataAddr : a8 , dataVal : 0
132 [139972938032832] INFO perfrun.perfcollector <> - DRY_RUN : "idx = 60	reg_type       = 4	event_id       = 29	reg_id         = a0	reg_value      = 0	pci reg_id  offset    = 0xa0	pci reg id  data_size = 0	bar_index      = 0"
132 [139972938032832] INFO perfrun.perfcollector <> - eventId : 29 , dataAddr : a0 , dataVal : 0
132 [139972938032832] INFO perfrun.perfcollector <> - DRY_RUN : "idx = 61	reg_type       = 4	event_id       = 30	reg_id         = a8	reg_value      = 0	pci reg_id  offset    = 0xa8	pci reg id  data_size = 0	bar_index      = 0"
133 [139972938032832] INFO perfrun.perfcollector <> - eventId : 30 , dataAddr : a8 , dataVal : 0
133 [139972938032832] INFO perfrun.perfcollector <> - DRY_RUN : "idx = 65	reg_type       = 4	event_id       = 29	reg_id         = a0	reg_value      = 0	pci reg_id  offset    = 0xa0	pci reg id  data_size = 0	bar_index      = 0"
133 [139972938032832] INFO perfrun.perfcollector <> - eventId : 29 , dataAddr : a0 , dataVal : 0
133 [139972938032832] INFO perfrun.perfcollector <> - DRY_RUN : "idx = 66	reg_type       = 4	event_id       = 30	reg_id         = a8	reg_value      = 0	pci reg_id  offset    = 0xa8	pci reg id  data_size = 0	bar_index      = 0"
133 [139972938032832] INFO perfrun.perfcollector <> - eventId : 30 , dataAddr : a8 , dataVal : 0
133 [139972938032832] INFO perfrun.perfcollector <> - DRY_RUN : "idx = 70	reg_type       = 4	event_id       = 29	reg_id         = a0	reg_value      = 0	pci reg_id  offset    = 0xa0	pci reg id  data_size = 0	bar_index      = 0"
133 [139972938032832] INFO perfrun.perfcollector <> - eventId : 29 , dataAddr : a0 , dataVal : 0
133 [139972938032832] INFO perfrun.perfcollector <> - DRY_RUN : "idx = 71	reg_type       = 4	event_id       = 30	reg_id         = a8	reg_value      = 0	pci reg_id  offset    = 0xa8	pci reg id  data_size = 0	bar_index      = 0"
133 [139972938032832] INFO perfrun.perfcollector <> - eventId : 30 , dataAddr : a8 , dataVal : 0
133 [139972938032832] INFO perfrun.perfcollector <> - DRY_RUN : "idx = 75	reg_type       = 4	event_id       = 29	reg_id         = a0	reg_value      = 0	pci reg_id  offset    = 0xa0	pci reg id  data_size = 0	bar_index      = 0"
133 [139972938032832] INFO perfrun.perfcollector <> - eventId : 29 , dataAddr : a0 , dataVal : 0
133 [139972938032832] INFO perfrun.perfcollector <> - DRY_RUN : "idx = 76	reg_type       = 4	event_id       = 30	reg_id         = a8	reg_value      = 0	pci reg_id  offset    = 0xa8	pci reg id  data_size = 0	bar_index      = 0"
133 [139972938032832] INFO perfrun.perfcollector <> - eventId : 30 , dataAddr : a8 , dataVal : 0
133 [139972938032832] INFO perfrun.perfcollector <> - DRY_RUN : "idx = 80	reg_type       = 4	event_id       = 29	reg_id         = a0	reg_value      = 0	pci reg_id  offset    = 0xa0	pci reg id  data_size = 0	bar_index      = 0"
133 [139972938032832] INFO perfrun.perfcollector <> - eventId : 29 , dataAddr : a0 , dataVal : 0
133 [139972938032832] INFO perfrun.perfcollector <> - DRY_RUN : "idx = 81	reg_type       = 4	event_id       = 30	reg_id         = a8	reg_value      = 0	pci reg_id  offset    = 0xa8	pci reg id  data_size = 0	bar_index      = 0"
133 [139972938032832] INFO perfrun.perfcollector <> - eventId : 30 , dataAddr : a8 , dataVal : 0
133 [139972938032832] INFO perfrun.perfcollector <> - DRY_RUN : "idx = 85	reg_type       = 4	event_id       = 29	reg_id         = a0	reg_value      = 0	pci reg_id  offset    = 0xa0	pci reg id  data_size = 0	bar_index      = 0"
133 [139972938032832] INFO perfrun.perfcollector <> - eventId : 29 , dataAddr : a0 , dataVal : 0
133 [139972938032832] INFO perfrun.perfcollector <> - DRY_RUN : "idx = 86	reg_type       = 4	event_id       = 30	reg_id         = a8	reg_value      = 0	pci reg_id  offset    = 0xa8	pci reg id  data_size = 0	bar_index      = 0"
133 [139972938032832] INFO perfrun.perfcollector <> - eventId : 30 , dataAddr : a8 , dataVal : 0
133 [139972938032832] INFO perfrun.perfcollector <> - pmu config : cpu , m_cccrAddr : ffffffff , m_cccrVal : 0 , m_escrAddr : ffffffff , m_escrVal : 0 , m_dataAddr : 30a , m_dataVal : ffffffffff508620
133 [139972938032832] INFO perfrun.perfcollector <> - config : event : 3c
133 [139972938032832] INFO perfrun.perfcollector <> - config : pc : 0
133 [139972938032832] INFO perfrun.perfcollector <> - config : edge : 0
133 [139972938032832] INFO perfrun.perfcollector <> - config : any : 0
133 [139972938032832] INFO perfrun.perfcollector <> - config1 : offcore_rsp : 0
133 [139972938032832] INFO perfrun.perfcollector <> - config1 : ldlat : 0
133 [139972938032832] INFO perfrun.perfcollector <> - config : inv : 0
133 [139972938032832] INFO perfrun.perfcollector <> - config : umask : 0
133 [139972938032832] INFO perfrun.perfcollector <> - config : cmask : 0
133 [139972938032832] INFO perfrun.perfcollector <> - format : cpu/period=0xaf79e0,event=0x3c,name='CPU_CLK_UNHALTED.THREAD'/D
133 [139972938032832] INFO perfrun.perfcollector <> - pmu config : cpu , m_cccrAddr : ffffffff , m_cccrVal : 0 , m_escrAddr : ffffffff , m_escrVal : 0 , m_dataAddr : 30b , m_dataVal : ffffffffff508620
133 [139972938032832] INFO perfrun.perfcollector <> - config : event : 0
133 [139972938032832] INFO perfrun.perfcollector <> - config : pc : 0
133 [139972938032832] INFO perfrun.perfcollector <> - config : edge : 0
133 [139972938032832] INFO perfrun.perfcollector <> - config : any : 0
133 [139972938032832] INFO perfrun.perfcollector <> - config1 : offcore_rsp : 0
133 [139972938032832] INFO perfrun.perfcollector <> - config1 : ldlat : 0
133 [139972938032832] INFO perfrun.perfcollector <> - config : inv : 0
133 [139972938032832] INFO perfrun.perfcollector <> - config : umask : 3
133 [139972938032832] INFO perfrun.perfcollector <> - config : cmask : 0
133 [139972938032832] INFO perfrun.perfcollector <> - format : cpu/period=0xaf79e0,umask=0x3,name='CPU_CLK_UNHALTED.REF_TSC'/D
133 [139972938032832] INFO perfrun.perfcollector <> - pmu config : cpu , m_cccrAddr : ffffffff , m_cccrVal : 0 , m_escrAddr : ffffffff , m_escrVal : 0 , m_dataAddr : 309 , m_dataVal : ffffffffff508620
133 [139972938032832] INFO perfrun.perfcollector <> - config : event : c0
133 [139972938032832] INFO perfrun.perfcollector <> - config : pc : 0
133 [139972938032832] INFO perfrun.perfcollector <> - config : edge : 0
133 [139972938032832] INFO perfrun.perfcollector <> - config : any : 0
133 [139972938032832] INFO perfrun.perfcollector <> - config1 : offcore_rsp : 0
133 [139972938032832] INFO perfrun.perfcollector <> - config1 : ldlat : 0
133 [139972938032832] INFO perfrun.perfcollector <> - config : inv : 0
133 [139972938032832] INFO perfrun.perfcollector <> - config : umask : 0
133 [139972938032832] INFO perfrun.perfcollector <> - config : cmask : 0
133 [139972938032832] INFO perfrun.perfcollector <> - format : cpu/period=0xaf79e0,event=0xc0,name='INST_RETIRED.ANY'/D
133 [139972938032832] INFO perfrun.perfcollector <> - pmu config : cpu , m_cccrAddr : 188 , m_cccrVal : c530ca3 , m_escrAddr : ffffffff , m_escrVal : 0 , m_dataAddr : c3 , m_dataVal : ffffffffff676971
133 [139972938032832] INFO perfrun.perfcollector <> - config : event : a3
133 [139972938032832] INFO perfrun.perfcollector <> - config : pc : 0
133 [139972938032832] INFO perfrun.perfcollector <> - config : edge : 0
133 [139972938032832] INFO perfrun.perfcollector <> - config : any : 0
133 [139972938032832] INFO perfrun.perfcollector <> - config1 : offcore_rsp : 0
133 [139972938032832] INFO perfrun.perfcollector <> - config1 : ldlat : 0
133 [139972938032832] INFO perfrun.perfcollector <> - config : inv : 0
133 [139972938032832] INFO perfrun.perfcollector <> - config : umask : c
133 [139972938032832] INFO perfrun.perfcollector <> - config : cmask : c
133 [139972938032832] INFO perfrun.perfcollector <> - format : cpu/period=0x98968f,event=0xa3,umask=0xc,cmask=0xc,name='CYCLE_ACTIVITY.STALLS_L1D_PENDING'/
133 [139972938032832] INFO perfrun.perfcollector <> - pmu config : cpu , m_cccrAddr : 186 , m_cccrVal : 53013c , m_escrAddr : ffffffff , m_escrVal : 0 , m_dataAddr : c1 , m_dataVal : fffffffffff85ed1
133 [139972938032832] INFO perfrun.perfcollector <> - config : event : 3c
133 [139972938032832] INFO perfrun.perfcollector <> - config : pc : 0
133 [139972938032832] INFO perfrun.perfcollector <> - config : edge : 0
133 [139972938032832] INFO perfrun.perfcollector <> - config : any : 0
133 [139972938032832] INFO perfrun.perfcollector <> - config1 : offcore_rsp : 0
133 [139972938032832] INFO perfrun.perfcollector <> - config1 : ldlat : 0
133 [139972938032832] INFO perfrun.perfcollector <> - config : inv : 0
133 [139972938032832] INFO perfrun.perfcollector <> - config : umask : 1
133 [139972938032832] INFO perfrun.perfcollector <> - config : cmask : 0
133 [139972938032832] INFO perfrun.perfcollector <> - format : cpu/period=0x7a12f,event=0x3c,umask=0x1,name='CPU_CLK_UNHALTED.REF_XCLK'/
133 [139972938032832] INFO perfrun.perfcollector <> - pmu config : cpu , m_cccrAddr : 187 , m_cccrVal : 53023c , m_escrAddr : ffffffff , m_escrVal : 0 , m_dataAddr : c2 , m_dataVal : fffffffffff85ed1
133 [139972938032832] INFO perfrun.perfcollector <> - config : event : 3c
133 [139972938032832] INFO perfrun.perfcollector <> - config : pc : 0
133 [139972938032832] INFO perfrun.perfcollector <> - config : edge : 0
133 [139972938032832] INFO perfrun.perfcollector <> - config : any : 0
133 [139972938032832] INFO perfrun.perfcollector <> - config1 : offcore_rsp : 0
133 [139972938032832] INFO perfrun.perfcollector <> - config1 : ldlat : 0
133 [139972938032832] INFO perfrun.perfcollector <> - config : inv : 0
133 [139972938032832] INFO perfrun.perfcollector <> - config : umask : 2
133 [139972938032832] INFO perfrun.perfcollector <> - config : cmask : 0
133 [139972938032832] INFO perfrun.perfcollector <> - format : cpu/period=0x7a12f,event=0x3c,umask=0x2,name='CPU_CLK_UNHALTED.ONE_THREAD_ACTIVE'/
133 [139972938032832] INFO perfrun.perfcollector <> - pmu config : cpu , m_cccrAddr : 189 , m_cccrVal : 45304a3 , m_escrAddr : ffffffff , m_escrVal : 0 , m_dataAddr : c4 , m_dataVal : ffffffffff676971
133 [139972938032832] INFO perfrun.perfcollector <> - config : event : a3
133 [139972938032832] INFO perfrun.perfcollector <> - config : pc : 0
133 [139972938032832] INFO perfrun.perfcollector <> - config : edge : 0
133 [139972938032832] INFO perfrun.perfcollector <> - config : any : 0
133 [139972938032832] INFO perfrun.perfcollector <> - config1 : offcore_rsp : 0
133 [139972938032832] INFO perfrun.perfcollector <> - config1 : ldlat : 0
133 [139972938032832] INFO perfrun.perfcollector <> - config : inv : 0
133 [139972938032832] INFO perfrun.perfcollector <> - config : umask : 4
133 [139972938032832] INFO perfrun.perfcollector <> - config : cmask : 4
133 [139972938032832] INFO perfrun.perfcollector <> - format : cpu/period=0x98968f,event=0xa3,umask=0x4,cmask=0x4,name='CYCLE_ACTIVITY.CYCLES_NO_EXECUTE'/
133 [139972938032832] INFO perfrun.perfcollector <> - pmu config : cpu , m_cccrAddr : 186 , m_cccrVal : 65306a3 , m_escrAddr : ffffffff , m_escrVal : 0 , m_dataAddr : c1 , m_dataVal : ffffffffff676971
133 [139972938032832] INFO perfrun.perfcollector <> - config : event : a3
133 [139972938032832] INFO perfrun.perfcollector <> - config : pc : 0
133 [139972938032832] INFO perfrun.perfcollector <> - config : edge : 0
133 [139972938032832] INFO perfrun.perfcollector <> - config : any : 0
133 [139972938032832] INFO perfrun.perfcollector <> - config1 : offcore_rsp : 0
133 [139972938032832] INFO perfrun.perfcollector <> - config1 : ldlat : 0
133 [139972938032832] INFO perfrun.perfcollector <> - config : inv : 0
133 [139972938032832] INFO perfrun.perfcollector <> - config : umask : 6
133 [139972938032832] INFO perfrun.perfcollector <> - config : cmask : 6
133 [139972938032832] INFO perfrun.perfcollector <> - format : cpu/period=0x98968f,event=0xa3,umask=0x6,cmask=0x6,name='CYCLE_ACTIVITY.STALLS_LDM_PENDING'/
133 [139972938032832] INFO perfrun.perfcollector <> - pmu config : cpu , m_cccrAddr : 187 , m_cccrVal : 55305a3 , m_escrAddr : ffffffff , m_escrVal : 0 , m_dataAddr : c2 , m_dataVal : ffffffffff676971
133 [139972938032832] INFO perfrun.perfcollector <> - config : event : a3
133 [139972938032832] INFO perfrun.perfcollector <> - config : pc : 0
133 [139972938032832] INFO perfrun.perfcollector <> - config : edge : 0
133 [139972938032832] INFO perfrun.perfcollector <> - config : any : 0
133 [139972938032832] INFO perfrun.perfcollector <> - config1 : offcore_rsp : 0
133 [139972938032832] INFO perfrun.perfcollector <> - config1 : ldlat : 0
133 [139972938032832] INFO perfrun.perfcollector <> - config : inv : 0
133 [139972938032832] INFO perfrun.perfcollector <> - config : umask : 5
133 [139972938032832] INFO perfrun.perfcollector <> - config : cmask : 5
133 [139972938032832] INFO perfrun.perfcollector <> - format : cpu/period=0x98968f,event=0xa3,umask=0x5,cmask=0x5,name='CYCLE_ACTIVITY.STALLS_L2_PENDING'/
133 [139972938032832] INFO perfrun.perfcollector <> - pmu config : cpu , m_cccrAddr : 188 , m_cccrVal : 53019c , m_escrAddr : ffffffff , m_escrVal : 0 , m_dataAddr : c3 , m_dataVal : ffffffffff676971
133 [139972938032832] INFO perfrun.perfcollector <> - config : event : 9c
133 [139972938032832] INFO perfrun.perfcollector <> - config : pc : 0
133 [139972938032832] INFO perfrun.perfcollector <> - config : edge : 0
133 [139972938032832] INFO perfrun.perfcollector <> - config : any : 0
133 [139972938032832] INFO perfrun.perfcollector <> - config1 : offcore_rsp : 0
133 [139972938032832] INFO perfrun.perfcollector <> - config1 : ldlat : 0
133 [139972938032832] INFO perfrun.perfcollector <> - config : inv : 0
133 [139972938032832] INFO perfrun.perfcollector <> - config : umask : 1
133 [139972938032832] INFO perfrun.perfcollector <> - config : cmask : 0
133 [139972938032832] INFO perfrun.perfcollector <> - format : cpu/period=0x98968f,event=0x9c,umask=0x1,name='IDQ_UOPS_NOT_DELIVERED.CORE'/
133 [139972938032832] INFO perfrun.perfcollector <> - pmu config : cpu , m_cccrAddr : 189 , m_cccrVal : 153030d , m_escrAddr : ffffffff , m_escrVal : 0 , m_dataAddr : c4 , m_dataVal : ffffffffff676971
133 [139972938032832] INFO perfrun.perfcollector <> - config : event : d
133 [139972938032832] INFO perfrun.perfcollector <> - config : pc : 0
133 [139972938032832] INFO perfrun.perfcollector <> - config : edge : 0
133 [139972938032832] INFO perfrun.perfcollector <> - config : any : 0
133 [139972938032832] INFO perfrun.perfcollector <> - config1 : offcore_rsp : 0
133 [139972938032832] INFO perfrun.perfcollector <> - config1 : ldlat : 0
133 [139972938032832] INFO perfrun.perfcollector <> - config : inv : 0
133 [139972938032832] INFO perfrun.perfcollector <> - config : umask : 3
133 [139972938032832] INFO perfrun.perfcollector <> - config : cmask : 1
133 [139972938032832] INFO perfrun.perfcollector <> - format : cpu/period=0x98968f,event=0xd,umask=0x3,cmask=0x1,name='INT_MISC.RECOVERY_CYCLES'/
133 [139972938032832] INFO perfrun.perfcollector <> - pmu config : cpu , m_cccrAddr : 186 , m_cccrVal : 4304d1 , m_escrAddr : ffffffff , m_escrVal : 0 , m_dataAddr : c1 , m_dataVal : fffffffffffc2f61
133 [139972938032832] INFO perfrun.perfcollector <> - config : event : d1
133 [139972938032832] INFO perfrun.perfcollector <> - config : pc : 0
133 [139972938032832] INFO perfrun.perfcollector <> - config : edge : 0
133 [139972938032832] INFO perfrun.perfcollector <> - config : any : 0
133 [139972938032832] INFO perfrun.perfcollector <> - config1 : offcore_rsp : 0
133 [139972938032832] INFO perfrun.perfcollector <> - config1 : ldlat : 0
133 [139972938032832] INFO perfrun.perfcollector <> - config : inv : 0
133 [139972938032832] INFO perfrun.perfcollector <> - config : umask : 4
133 [139972938032832] INFO perfrun.perfcollector <> - config : cmask : 0
133 [139972938032832] WARN perfrun.perfcollector <> - precise event : config : 4d1 , [m_cccrVal & impreciseMask(0x100000)] : 0, at file: vcs/perfrun1/plugins/perfcollector/src/event_manager.cpp:292
133 [139972938032832] INFO perfrun.perfcollector <> - format : cpu/period=0x3d09f,event=0xd1,umask=0x4,name='MEM_LOAD_UOPS_RETIRED.L3_HIT_PS'/
133 [139972938032832] INFO perfrun.perfcollector <> - pmu config : cpu , m_cccrAddr : 187 , m_cccrVal : 4320d1 , m_escrAddr : ffffffff , m_escrVal : 0 , m_dataAddr : c2 , m_dataVal : fffffffffffc2f61
133 [139972938032832] INFO perfrun.perfcollector <> - config : event : d1
133 [139972938032832] INFO perfrun.perfcollector <> - config : pc : 0
133 [139972938032832] INFO perfrun.perfcollector <> - config : edge : 0
133 [139972938032832] INFO perfrun.perfcollector <> - config : any : 0
133 [139972938032832] INFO perfrun.perfcollector <> - config1 : offcore_rsp : 0
133 [139972938032832] INFO perfrun.perfcollector <> - config1 : ldlat : 0
133 [139972938032832] INFO perfrun.perfcollector <> - config : inv : 0
133 [139972938032832] INFO perfrun.perfcollector <> - config : umask : 20
133 [139972938032832] INFO perfrun.perfcollector <> - config : cmask : 0
133 [139972938032832] WARN perfrun.perfcollector <> - precise event : config : 20d1 , [m_cccrVal & impreciseMask(0x100000)] : 0, at file: vcs/perfrun1/plugins/perfcollector/src/event_manager.cpp:292
133 [139972938032832] INFO perfrun.perfcollector <> - format : cpu/period=0x3d09f,event=0xd1,umask=0x20,name='MEM_LOAD_UOPS_RETIRED.L3_MISS_PS'/
133 [139972938032832] INFO perfrun.perfcollector <> - pmu config : cpu , m_cccrAddr : 188 , m_cccrVal : 1530860 , m_escrAddr : ffffffff , m_escrVal : 0 , m_dataAddr : c3 , m_dataVal : ffffffffff676971
133 [139972938032832] INFO perfrun.perfcollector <> - config : event : 60
133 [139972938032832] INFO perfrun.perfcollector <> - config : pc : 0
133 [139972938032832] INFO perfrun.perfcollector <> - config : edge : 0
133 [139972938032832] INFO perfrun.perfcollector <> - config : any : 0
133 [139972938032832] INFO perfrun.perfcollector <> - config1 : offcore_rsp : 0
133 [139972938032832] INFO perfrun.perfcollector <> - config1 : ldlat : 0
133 [139972938032832] INFO perfrun.perfcollector <> - config : inv : 0
133 [139972938032832] INFO perfrun.perfcollector <> - config : umask : 8
133 [139972938032832] INFO perfrun.perfcollector <> - config : cmask : 1
133 [139972938032832] INFO perfrun.perfcollector <> - format : cpu/period=0x98968f,event=0x60,umask=0x8,cmask=0x1,name='OFFCORE_REQUESTS_OUTSTANDING.CYCLES_WITH_DATA_RD'/
133 [139972938032832] INFO perfrun.perfcollector <> - pmu config : cpu , m_cccrAddr : 189 , m_cccrVal : 6530860 , m_escrAddr : ffffffff , m_escrVal : 0 , m_dataAddr : c4 , m_dataVal : ffffffffff676971
133 [139972938032832] INFO perfrun.perfcollector <> - config : event : 60
133 [139972938032832] INFO perfrun.perfcollector <> - config : pc : 0
133 [139972938032832] INFO perfrun.perfcollector <> - config : edge : 0
133 [139972938032832] INFO perfrun.perfcollector <> - config : any : 0
133 [139972938032832] INFO perfrun.perfcollector <> - config1 : offcore_rsp : 0
133 [139972938032832] INFO perfrun.perfcollector <> - config1 : ldlat : 0
133 [139972938032832] INFO perfrun.perfcollector <> - config : inv : 0
133 [139972938032832] INFO perfrun.perfcollector <> - config : umask : 8
133 [139972938032832] INFO perfrun.perfcollector <> - config : cmask : 6
133 [139972938032832] INFO perfrun.perfcollector <> - format : cpu/period=0x98968f,event=0x60,umask=0x8,cmask=0x6,name='OFFCORE_REQUESTS_OUTSTANDING.ALL_DATA_RD:cmask=6'/
133 [139972938032832] INFO perfrun.perfcollector <> - pmu config : cpu , m_cccrAddr : 186 , m_cccrVal : 5308a2 , m_escrAddr : ffffffff , m_escrVal : 0 , m_dataAddr : c1 , m_dataVal : ffffffffff676971
133 [139972938032832] INFO perfrun.perfcollector <> - config : event : a2
133 [139972938032832] INFO perfrun.perfcollector <> - config : pc : 0
133 [139972938032832] INFO perfrun.perfcollector <> - config : edge : 0
134 [139972938032832] INFO perfrun.perfcollector <> - config : any : 0
134 [139972938032832] INFO perfrun.perfcollector <> - config1 : offcore_rsp : 0
134 [139972938032832] INFO perfrun.perfcollector <> - config1 : ldlat : 0
134 [139972938032832] INFO perfrun.perfcollector <> - config : inv : 0
134 [139972938032832] INFO perfrun.perfcollector <> - config : umask : 8
134 [139972938032832] INFO perfrun.perfcollector <> - config : cmask : 0
134 [139972938032832] INFO perfrun.perfcollector <> - format : cpu/period=0x98968f,event=0xa2,umask=0x8,name='RESOURCE_STALLS.SB'/
134 [139972938032832] INFO perfrun.perfcollector <> - pmu config : cpu , m_cccrAddr : 187 , m_cccrVal : 53015e , m_escrAddr : ffffffff , m_escrVal : 0 , m_dataAddr : c2 , m_dataVal : ffffffffff676971
134 [139972938032832] INFO perfrun.perfcollector <> - config : event : 5e
134 [139972938032832] INFO perfrun.perfcollector <> - config : pc : 0
134 [139972938032832] INFO perfrun.perfcollector <> - config : edge : 0
134 [139972938032832] INFO perfrun.perfcollector <> - config : any : 0
134 [139972938032832] INFO perfrun.perfcollector <> - config1 : offcore_rsp : 0
134 [139972938032832] INFO perfrun.perfcollector <> - config1 : ldlat : 0
134 [139972938032832] INFO perfrun.perfcollector <> - config : inv : 0
134 [139972938032832] INFO perfrun.perfcollector <> - config : umask : 1
134 [139972938032832] INFO perfrun.perfcollector <> - config : cmask : 0
134 [139972938032832] INFO perfrun.perfcollector <> - format : cpu/period=0x98968f,event=0x5e,umask=0x1,name='RS_EVENTS.EMPTY_CYCLES'/
134 [139972938032832] INFO perfrun.perfcollector <> - pmu config : cpu , m_cccrAddr : 188 , m_cccrVal : 15302b1 , m_escrAddr : ffffffff , m_escrVal : 0 , m_dataAddr : c3 , m_dataVal : ffffffffff676971
134 [139972938032832] INFO perfrun.perfcollector <> - config : event : b1
134 [139972938032832] INFO perfrun.perfcollector <> - config : pc : 0
134 [139972938032832] INFO perfrun.perfcollector <> - config : edge : 0
134 [139972938032832] INFO perfrun.perfcollector <> - config : any : 0
134 [139972938032832] INFO perfrun.perfcollector <> - config1 : offcore_rsp : 0
134 [139972938032832] INFO perfrun.perfcollector <> - config1 : ldlat : 0
134 [139972938032832] INFO perfrun.perfcollector <> - config : inv : 0
134 [139972938032832] INFO perfrun.perfcollector <> - config : umask : 2
134 [139972938032832] INFO perfrun.perfcollector <> - config : cmask : 1
134 [139972938032832] INFO perfrun.perfcollector <> - format : cpu/period=0x98968f,event=0xb1,umask=0x2,cmask=0x1,name='UOPS_EXECUTED.CORE:cmask=1'/
134 [139972938032832] INFO perfrun.perfcollector <> - pmu config : cpu , m_cccrAddr : 189 , m_cccrVal : 25302b1 , m_escrAddr : ffffffff , m_escrVal : 0 , m_dataAddr : c4 , m_dataVal : ffffffffff676971
134 [139972938032832] INFO perfrun.perfcollector <> - config : event : b1
134 [139972938032832] INFO perfrun.perfcollector <> - config : pc : 0
134 [139972938032832] INFO perfrun.perfcollector <> - config : edge : 0
134 [139972938032832] INFO perfrun.perfcollector <> - config : any : 0
134 [139972938032832] INFO perfrun.perfcollector <> - config1 : offcore_rsp : 0
134 [139972938032832] INFO perfrun.perfcollector <> - config1 : ldlat : 0
134 [139972938032832] INFO perfrun.perfcollector <> - config : inv : 0
134 [139972938032832] INFO perfrun.perfcollector <> - config : umask : 2
134 [139972938032832] INFO perfrun.perfcollector <> - config : cmask : 2
134 [139972938032832] INFO perfrun.perfcollector <> - format : cpu/period=0x98968f,event=0xb1,umask=0x2,cmask=0x2,name='UOPS_EXECUTED.CORE:cmask=2'/
134 [139972938032832] INFO perfrun.perfcollector <> - pmu config : cpu , m_cccrAddr : 186 , m_cccrVal : 35302b1 , m_escrAddr : ffffffff , m_escrVal : 0 , m_dataAddr : c1 , m_dataVal : ffffffffff676971
134 [139972938032832] INFO perfrun.perfcollector <> - config : event : b1
134 [139972938032832] INFO perfrun.perfcollector <> - config : pc : 0
134 [139972938032832] INFO perfrun.perfcollector <> - config : edge : 0
134 [139972938032832] INFO perfrun.perfcollector <> - config : any : 0
134 [139972938032832] INFO perfrun.perfcollector <> - config1 : offcore_rsp : 0
134 [139972938032832] INFO perfrun.perfcollector <> - config1 : ldlat : 0
134 [139972938032832] INFO perfrun.perfcollector <> - config : inv : 0
134 [139972938032832] INFO perfrun.perfcollector <> - config : umask : 2
134 [139972938032832] INFO perfrun.perfcollector <> - config : cmask : 3
134 [139972938032832] INFO perfrun.perfcollector <> - format : cpu/period=0x98968f,event=0xb1,umask=0x2,cmask=0x3,name='UOPS_EXECUTED.CORE:cmask=3'/
134 [139972938032832] INFO perfrun.perfcollector <> - pmu config : cpu , m_cccrAddr : 187 , m_cccrVal : 53010e , m_escrAddr : ffffffff , m_escrVal : 0 , m_dataAddr : c2 , m_dataVal : ffffffffff676971
134 [139972938032832] INFO perfrun.perfcollector <> - config : event : e
134 [139972938032832] INFO perfrun.perfcollector <> - config : pc : 0
134 [139972938032832] INFO perfrun.perfcollector <> - config : edge : 0
134 [139972938032832] INFO perfrun.perfcollector <> - config : any : 0
134 [139972938032832] INFO perfrun.perfcollector <> - config1 : offcore_rsp : 0
134 [139972938032832] INFO perfrun.perfcollector <> - config1 : ldlat : 0
134 [139972938032832] INFO perfrun.perfcollector <> - config : inv : 0
134 [139972938032832] INFO perfrun.perfcollector <> - config : umask : 1
134 [139972938032832] INFO perfrun.perfcollector <> - config : cmask : 0
134 [139972938032832] INFO perfrun.perfcollector <> - format : cpu/period=0x98968f,event=0xe,umask=0x1,name='UOPS_ISSUED.ANY'/
134 [139972938032832] INFO perfrun.perfcollector <> - pmu config : cpu , m_cccrAddr : 188 , m_cccrVal : 5302c2 , m_escrAddr : ffffffff , m_escrVal : 0 , m_dataAddr : c3 , m_dataVal : ffffffffff676971
134 [139972938032832] INFO perfrun.perfcollector <> - config : event : c2
134 [139972938032832] INFO perfrun.perfcollector <> - config : pc : 0
134 [139972938032832] INFO perfrun.perfcollector <> - config : edge : 0
134 [139972938032832] INFO perfrun.perfcollector <> - config : any : 0
134 [139972938032832] INFO perfrun.perfcollector <> - config1 : offcore_rsp : 0
134 [139972938032832] INFO perfrun.perfcollector <> - config1 : ldlat : 0
134 [139972938032832] INFO perfrun.perfcollector <> - config : inv : 0
134 [139972938032832] INFO perfrun.perfcollector <> - config : umask : 2
134 [139972938032832] INFO perfrun.perfcollector <> - config : cmask : 0
134 [139972938032832] INFO perfrun.perfcollector <> - format : cpu/period=0x98968f,event=0xc2,umask=0x2,name='UOPS_RETIRED.RETIRE_SLOTS'/
134 [139972938032832] INFO perfrun.perfcollector <> - pmu config : cpu , m_cccrAddr : 189 , m_cccrVal : 453019c , m_escrAddr : ffffffff , m_escrVal : 0 , m_dataAddr : c4 , m_dataVal : ffffffffff676971
134 [139972938032832] INFO perfrun.perfcollector <> - config : event : 9c
134 [139972938032832] INFO perfrun.perfcollector <> - config : pc : 0
134 [139972938032832] INFO perfrun.perfcollector <> - config : edge : 0
134 [139972938032832] INFO perfrun.perfcollector <> - config : any : 0
134 [139972938032832] INFO perfrun.perfcollector <> - config1 : offcore_rsp : 0
134 [139972938032832] INFO perfrun.perfcollector <> - config1 : ldlat : 0
134 [139972938032832] INFO perfrun.perfcollector <> - config : inv : 0
134 [139972938032832] INFO perfrun.perfcollector <> - config : umask : 1
134 [139972938032832] INFO perfrun.perfcollector <> - config : cmask : 4
134 [139972938032832] INFO perfrun.perfcollector <> - format : cpu/period=0x98968f,event=0x9c,umask=0x1,cmask=0x4,name='IDQ_UOPS_NOT_DELIVERED.CYCLES_0_UOPS_DELIV.CORE'/
134 [139972938032832] INFO perfrun.perfcollector <> - pmu config : cpu , m_cccrAddr : 186 , m_cccrVal : 4381d0 , m_escrAddr : ffffffff , m_escrVal : 0 , m_dataAddr : c1 , m_dataVal : fffffffffff85ed1
134 [139972938032832] INFO perfrun.perfcollector <> - config : event : d0
134 [139972938032832] INFO perfrun.perfcollector <> - config : pc : 0
134 [139972938032832] INFO perfrun.perfcollector <> - config : edge : 0
134 [139972938032832] INFO perfrun.perfcollector <> - config : any : 0
134 [139972938032832] INFO perfrun.perfcollector <> - config1 : offcore_rsp : 0
134 [139972938032832] INFO perfrun.perfcollector <> - config1 : ldlat : 0
134 [139972938032832] INFO perfrun.perfcollector <> - config : inv : 0
134 [139972938032832] INFO perfrun.perfcollector <> - config : umask : 81
134 [139972938032832] INFO perfrun.perfcollector <> - config : cmask : 0
134 [139972938032832] WARN perfrun.perfcollector <> - precise event : config : 81d0 , [m_cccrVal & impreciseMask(0x100000)] : 0, at file: vcs/perfrun1/plugins/perfcollector/src/event_manager.cpp:292
134 [139972938032832] INFO perfrun.perfcollector <> - format : cpu/period=0x7a12f,event=0xd0,umask=0x81,name='MEM_UOPS_RETIRED.ALL_LOADS_PS'/
134 [139972938032832] INFO perfrun.perfcollector <> - pmu config : cpu , m_cccrAddr : 187 , m_cccrVal : 4382d0 , m_escrAddr : ffffffff , m_escrVal : 0 , m_dataAddr : c2 , m_dataVal : fffffffffff85ed1
134 [139972938032832] INFO perfrun.perfcollector <> - config : event : d0
134 [139972938032832] INFO perfrun.perfcollector <> - config : pc : 0
134 [139972938032832] INFO perfrun.perfcollector <> - config : edge : 0
134 [139972938032832] INFO perfrun.perfcollector <> - config : any : 0
134 [139972938032832] INFO perfrun.perfcollector <> - config1 : offcore_rsp : 0
134 [139972938032832] INFO perfrun.perfcollector <> - config1 : ldlat : 0
134 [139972938032832] INFO perfrun.perfcollector <> - config : inv : 0
134 [139972938032832] INFO perfrun.perfcollector <> - config : umask : 82
134 [139972938032832] INFO perfrun.perfcollector <> - config : cmask : 0
134 [139972938032832] WARN perfrun.perfcollector <> - precise event : config : 82d0 , [m_cccrVal & impreciseMask(0x100000)] : 0, at file: vcs/perfrun1/plugins/perfcollector/src/event_manager.cpp:292
134 [139972938032832] INFO perfrun.perfcollector <> - format : cpu/period=0x7a12f,event=0xd0,umask=0x82,name='MEM_UOPS_RETIRED.ALL_STORES_PS'/
134 [139972938032832] INFO perfrun.perfcollector <> - pmu config : cpu , m_cccrAddr : 188 , m_cccrVal : 4301d3 , m_escrAddr : ffffffff , m_escrVal : 0 , m_dataAddr : c3 , m_dataVal : fffffffffff85ed1
134 [139972938032832] INFO perfrun.perfcollector <> - config : event : d3
134 [139972938032832] INFO perfrun.perfcollector <> - config : pc : 0
134 [139972938032832] INFO perfrun.perfcollector <> - config : edge : 0
134 [139972938032832] INFO perfrun.perfcollector <> - config : any : 0
134 [139972938032832] INFO perfrun.perfcollector <> - config1 : offcore_rsp : 0
134 [139972938032832] INFO perfrun.perfcollector <> - config1 : ldlat : 0
134 [139972938032832] INFO perfrun.perfcollector <> - config : inv : 0
134 [139972938032832] INFO perfrun.perfcollector <> - config : umask : 1
134 [139972938032832] INFO perfrun.perfcollector <> - config : cmask : 0
134 [139972938032832] WARN perfrun.perfcollector <> - precise event : config : 1d3 , [m_cccrVal & impreciseMask(0x100000)] : 0, at file: vcs/perfrun1/plugins/perfcollector/src/event_manager.cpp:292
134 [139972938032832] INFO perfrun.perfcollector <> - format : cpu/period=0x7a12f,event=0xd3,umask=0x1,name='MEM_LOAD_UOPS_L3_MISS_RETIRED.LOCAL_DRAM_PS'/
134 [139972938032832] INFO perfrun.perfcollector <> - pmu config : cpu , m_cccrAddr : 189 , m_cccrVal : 4304d3 , m_escrAddr : ffffffff , m_escrVal : 0 , m_dataAddr : c4 , m_dataVal : fffffffffff85ed1
134 [139972938032832] INFO perfrun.perfcollector <> - config : event : d3
134 [139972938032832] INFO perfrun.perfcollector <> - config : pc : 0
134 [139972938032832] INFO perfrun.perfcollector <> - config : edge : 0
134 [139972938032832] INFO perfrun.perfcollector <> - config : any : 0
134 [139972938032832] INFO perfrun.perfcollector <> - config1 : offcore_rsp : 0
134 [139972938032832] INFO perfrun.perfcollector <> - config1 : ldlat : 0
134 [139972938032832] INFO perfrun.perfcollector <> - config : inv : 0
134 [139972938032832] INFO perfrun.perfcollector <> - config : umask : 4
134 [139972938032832] INFO perfrun.perfcollector <> - config : cmask : 0
134 [139972938032832] WARN perfrun.perfcollector <> - precise event : config : 4d3 , [m_cccrVal & impreciseMask(0x100000)] : 0, at file: vcs/perfrun1/plugins/perfcollector/src/event_manager.cpp:292
134 [139972938032832] INFO perfrun.perfcollector <> - format : cpu/period=0x7a12f,event=0xd3,umask=0x4,name='MEM_LOAD_UOPS_L3_MISS_RETIRED.REMOTE_DRAM_PS'/
134 [139972938032832] INFO perfrun.perfcollector <> - pmu config : cpu , m_cccrAddr : 186 , m_cccrVal : 4310d3 , m_escrAddr : ffffffff , m_escrVal : 0 , m_dataAddr : c1 , m_dataVal : fffffffffff85ed1
134 [139972938032832] INFO perfrun.perfcollector <> - config : event : d3
134 [139972938032832] INFO perfrun.perfcollector <> - config : pc : 0
134 [139972938032832] INFO perfrun.perfcollector <> - config : edge : 0
134 [139972938032832] INFO perfrun.perfcollector <> - config : any : 0
134 [139972938032832] INFO perfrun.perfcollector <> - config1 : offcore_rsp : 0
134 [139972938032832] INFO perfrun.perfcollector <> - config1 : ldlat : 0
134 [139972938032832] INFO perfrun.perfcollector <> - config : inv : 0
134 [139972938032832] INFO perfrun.perfcollector <> - config : umask : 10
134 [139972938032832] INFO perfrun.perfcollector <> - config : cmask : 0
134 [139972938032832] WARN perfrun.perfcollector <> - precise event : config : 10d3 , [m_cccrVal & impreciseMask(0x100000)] : 0, at file: vcs/perfrun1/plugins/perfcollector/src/event_manager.cpp:292
134 [139972938032832] INFO perfrun.perfcollector <> - format : cpu/period=0x7a12f,event=0xd3,umask=0x10,name='MEM_LOAD_UOPS_L3_MISS_RETIRED.REMOTE_HITM_PS'/
134 [139972938032832] INFO perfrun.perfcollector <> - pmu config : cpu , m_cccrAddr : 187 , m_cccrVal : 4320d3 , m_escrAddr : ffffffff , m_escrVal : 0 , m_dataAddr : c2 , m_dataVal : fffffffffff85ed1
134 [139972938032832] INFO perfrun.perfcollector <> - config : event : d3
134 [139972938032832] INFO perfrun.perfcollector <> - config : pc : 0
134 [139972938032832] INFO perfrun.perfcollector <> - config : edge : 0
134 [139972938032832] INFO perfrun.perfcollector <> - config : any : 0
134 [139972938032832] INFO perfrun.perfcollector <> - config1 : offcore_rsp : 0
134 [139972938032832] INFO perfrun.perfcollector <> - config1 : ldlat : 0
134 [139972938032832] INFO perfrun.perfcollector <> - config : inv : 0
134 [139972938032832] INFO perfrun.perfcollector <> - config : umask : 20
134 [139972938032832] INFO perfrun.perfcollector <> - config : cmask : 0
134 [139972938032832] WARN perfrun.perfcollector <> - precise event : config : 20d3 , [m_cccrVal & impreciseMask(0x100000)] : 0, at file: vcs/perfrun1/plugins/perfcollector/src/event_manager.cpp:292
134 [139972938032832] INFO perfrun.perfcollector <> - format : cpu/period=0x7a12f,event=0xd3,umask=0x20,name='MEM_LOAD_UOPS_L3_MISS_RETIRED.REMOTE_FWD_PS'/
134 [139972938032832] INFO perfrun.perfcollector <> - pmu config : uncore_imc_0 , m_cccrAddr : d8 , m_cccrVal : 400304 , m_escrAddr : ffffffff , m_escrVal : 0 , m_dataAddr : a0 , m_dataVal : 0
134 [139972938032832] INFO perfrun.perfcollector <> - config : event : 4
134 [139972938032832] INFO perfrun.perfcollector <> - config : edge : 0
134 [139972938032832] INFO perfrun.perfcollector <> - config : inv : 0
134 [139972938032832] INFO perfrun.perfcollector <> - config : umask : 3
134 [139972938032832] INFO perfrun.perfcollector <> - config : thresh : 0
134 [139972938032832] INFO perfrun.perfcollector <> - format : uncore_imc_0/period=0x0,event=0x4,umask=0x3,name='UNC_M_CAS_COUNT.RD[UNIT0]'/
134 [139972938032832] INFO perfrun.perfcollector <> - pmu config : uncore_imc_1 , m_cccrAddr : d8 , m_cccrVal : 400304 , m_escrAddr : ffffffff , m_escrVal : 0 , m_dataAddr : a0 , m_dataVal : 0
134 [139972938032832] INFO perfrun.perfcollector <> - config : event : 4
134 [139972938032832] INFO perfrun.perfcollector <> - config : edge : 0
134 [139972938032832] INFO perfrun.perfcollector <> - config : inv : 0
134 [139972938032832] INFO perfrun.perfcollector <> - config : umask : 3
134 [139972938032832] INFO perfrun.perfcollector <> - config : thresh : 0
134 [139972938032832] INFO perfrun.perfcollector <> - format : uncore_imc_1/period=0x0,event=0x4,umask=0x3,name='UNC_M_CAS_COUNT.RD[UNIT1]'/
134 [139972938032832] INFO perfrun.perfcollector <> - pmu config : uncore_imc_4 , m_cccrAddr : d8 , m_cccrVal : 400304 , m_escrAddr : ffffffff , m_escrVal : 0 , m_dataAddr : a0 , m_dataVal : 0
134 [139972938032832] INFO perfrun.perfcollector <> - config : event : 4
134 [139972938032832] INFO perfrun.perfcollector <> - config : edge : 0
134 [139972938032832] INFO perfrun.perfcollector <> - config : inv : 0
134 [139972938032832] INFO perfrun.perfcollector <> - config : umask : 3
134 [139972938032832] INFO perfrun.perfcollector <> - config : thresh : 0
134 [139972938032832] INFO perfrun.perfcollector <> - format : uncore_imc_4/period=0x0,event=0x4,umask=0x3,name='UNC_M_CAS_COUNT.RD[UNIT4]'/
134 [139972938032832] INFO perfrun.perfcollector <> - pmu config : uncore_imc_5 , m_cccrAddr : d8 , m_cccrVal : 400304 , m_escrAddr : ffffffff , m_escrVal : 0 , m_dataAddr : a0 , m_dataVal : 0
134 [139972938032832] INFO perfrun.perfcollector <> - config : event : 4
134 [139972938032832] INFO perfrun.perfcollector <> - config : edge : 0
134 [139972938032832] INFO perfrun.perfcollector <> - config : inv : 0
134 [139972938032832] INFO perfrun.perfcollector <> - config : umask : 3
134 [139972938032832] INFO perfrun.perfcollector <> - config : thresh : 0
134 [139972938032832] INFO perfrun.perfcollector <> - format : uncore_imc_5/period=0x0,event=0x4,umask=0x3,name='UNC_M_CAS_COUNT.RD[UNIT5]'/
134 [139972938032832] INFO perfrun.perfcollector <> - pmu config : uncore_imc_0 , m_cccrAddr : dc , m_cccrVal : 400c04 , m_escrAddr : ffffffff , m_escrVal : 0 , m_dataAddr : a8 , m_dataVal : 0
134 [139972938032832] INFO perfrun.perfcollector <> - config : event : 4
134 [139972938032832] INFO perfrun.perfcollector <> - config : edge : 0
134 [139972938032832] INFO perfrun.perfcollector <> - config : inv : 0
134 [139972938032832] INFO perfrun.perfcollector <> - config : umask : c
134 [139972938032832] INFO perfrun.perfcollector <> - config : thresh : 0
134 [139972938032832] INFO perfrun.perfcollector <> - format : uncore_imc_0/period=0x0,event=0x4,umask=0xc,name='UNC_M_CAS_COUNT.WR[UNIT0]'/
134 [139972938032832] INFO perfrun.perfcollector <> - pmu config : uncore_imc_1 , m_cccrAddr : dc , m_cccrVal : 400c04 , m_escrAddr : ffffffff , m_escrVal : 0 , m_dataAddr : a8 , m_dataVal : 0
134 [139972938032832] INFO perfrun.perfcollector <> - config : event : 4
134 [139972938032832] INFO perfrun.perfcollector <> - config : edge : 0
134 [139972938032832] INFO perfrun.perfcollector <> - config : inv : 0
134 [139972938032832] INFO perfrun.perfcollector <> - config : umask : c
134 [139972938032832] INFO perfrun.perfcollector <> - config : thresh : 0
134 [139972938032832] INFO perfrun.perfcollector <> - format : uncore_imc_1/period=0x0,event=0x4,umask=0xc,name='UNC_M_CAS_COUNT.WR[UNIT1]'/
134 [139972938032832] INFO perfrun.perfcollector <> - pmu config : uncore_imc_4 , m_cccrAddr : dc , m_cccrVal : 400c04 , m_escrAddr : ffffffff , m_escrVal : 0 , m_dataAddr : a8 , m_dataVal : 0
134 [139972938032832] INFO perfrun.perfcollector <> - config : event : 4
134 [139972938032832] INFO perfrun.perfcollector <> - config : edge : 0
134 [139972938032832] INFO perfrun.perfcollector <> - config : inv : 0
134 [139972938032832] INFO perfrun.perfcollector <> - config : umask : c
134 [139972938032832] INFO perfrun.perfcollector <> - config : thresh : 0
134 [139972938032832] INFO perfrun.perfcollector <> - format : uncore_imc_4/period=0x0,event=0x4,umask=0xc,name='UNC_M_CAS_COUNT.WR[UNIT4]'/
134 [139972938032832] INFO perfrun.perfcollector <> - pmu config : uncore_imc_5 , m_cccrAddr : dc , m_cccrVal : 400c04 , m_escrAddr : ffffffff , m_escrVal : 0 , m_dataAddr : a8 , m_dataVal : 0
134 [139972938032832] INFO perfrun.perfcollector <> - config : event : 4
134 [139972938032832] INFO perfrun.perfcollector <> - config : edge : 0
134 [139972938032832] INFO perfrun.perfcollector <> - config : inv : 0
134 [139972938032832] INFO perfrun.perfcollector <> - config : umask : c
134 [139972938032832] INFO perfrun.perfcollector <> - config : thresh : 0
134 [139972938032832] INFO perfrun.perfcollector <> - format : uncore_imc_5/period=0x0,event=0x4,umask=0xc,name='UNC_M_CAS_COUNT.WR[UNIT5]'/
134 [139972938032832] INFO perfrun.perfcollector <> - event: cpu/period=0xaf79e0,event=0x3c,name='CPU_CLK_UNHALTED.THREAD'/Duk , added for sampling
134 [139972938032832] INFO perfrun.perfcollector <> - event: cpu/period=0xaf79e0,umask=0x3,name='CPU_CLK_UNHALTED.REF_TSC'/Duk , added for sampling
134 [139972938032832] INFO perfrun.perfcollector <> - event: cpu/period=0xaf79e0,event=0xc0,name='INST_RETIRED.ANY'/Duk , added for sampling
135 [139972938032832] INFO perfrun.perfcollector <> - event: cpu/period=0x98968f,event=0xa3,umask=0xc,cmask=0xc,name='CYCLE_ACTIVITY.STALLS_L1D_PENDING'/uk , added for sampling
135 [139972938032832] INFO perfrun.perfcollector <> - event: cpu/period=0x7a12f,event=0x3c,umask=0x1,name='CPU_CLK_UNHALTED.REF_XCLK'/uk , added for sampling
135 [139972938032832] INFO perfrun.perfcollector <> - event: cpu/period=0x7a12f,event=0x3c,umask=0x2,name='CPU_CLK_UNHALTED.ONE_THREAD_ACTIVE'/uk , added for sampling
135 [139972938032832] INFO perfrun.perfcollector <> - event: cpu/period=0x98968f,event=0xa3,umask=0x4,cmask=0x4,name='CYCLE_ACTIVITY.CYCLES_NO_EXECUTE'/uk , added for sampling
135 [139972938032832] INFO perfrun.perfcollector <> - event: cpu/period=0x98968f,event=0xa3,umask=0x6,cmask=0x6,name='CYCLE_ACTIVITY.STALLS_LDM_PENDING'/uk , added for sampling
135 [139972938032832] INFO perfrun.perfcollector <> - event: cpu/period=0x98968f,event=0xa3,umask=0x5,cmask=0x5,name='CYCLE_ACTIVITY.STALLS_L2_PENDING'/uk , added for sampling
135 [139972938032832] INFO perfrun.perfcollector <> - event: cpu/period=0x98968f,event=0x9c,umask=0x1,name='IDQ_UOPS_NOT_DELIVERED.CORE'/uk , added for sampling
135 [139972938032832] INFO perfrun.perfcollector <> - event: cpu/period=0x98968f,event=0xd,umask=0x3,cmask=0x1,name='INT_MISC.RECOVERY_CYCLES'/uk , added for sampling
135 [139972938032832] INFO perfrun.perfcollector <> - event: cpu/period=0x3d09f,event=0xd1,umask=0x4,name='MEM_LOAD_UOPS_RETIRED.L3_HIT_PS'/ukpp , added for sampling
135 [139972938032832] INFO perfrun.perfcollector <> - event: cpu/period=0x3d09f,event=0xd1,umask=0x20,name='MEM_LOAD_UOPS_RETIRED.L3_MISS_PS'/ukpp , added for sampling
135 [139972938032832] INFO perfrun.perfcollector <> - event: cpu/period=0x98968f,event=0x60,umask=0x8,cmask=0x1,name='OFFCORE_REQUESTS_OUTSTANDING.CYCLES_WITH_DATA_RD'/uk , added for sampling
135 [139972938032832] INFO perfrun.perfcollector <> - event: cpu/period=0x98968f,event=0x60,umask=0x8,cmask=0x6,name='OFFCORE_REQUESTS_OUTSTANDING.ALL_DATA_RD:cmask=6'/uk , added for sampling
135 [139972938032832] INFO perfrun.perfcollector <> - event: cpu/period=0x98968f,event=0xa2,umask=0x8,name='RESOURCE_STALLS.SB'/uk , added for sampling
135 [139972938032832] INFO perfrun.perfcollector <> - event: cpu/period=0x98968f,event=0x5e,umask=0x1,name='RS_EVENTS.EMPTY_CYCLES'/uk , added for sampling
135 [139972938032832] INFO perfrun.perfcollector <> - event: cpu/period=0x98968f,event=0xb1,umask=0x2,cmask=0x1,name='UOPS_EXECUTED.CORE:cmask=1'/uk , added for sampling
135 [139972938032832] INFO perfrun.perfcollector <> - event: cpu/period=0x98968f,event=0xb1,umask=0x2,cmask=0x2,name='UOPS_EXECUTED.CORE:cmask=2'/uk , added for sampling
135 [139972938032832] INFO perfrun.perfcollector <> - event: cpu/period=0x98968f,event=0xb1,umask=0x2,cmask=0x3,name='UOPS_EXECUTED.CORE:cmask=3'/uk , added for sampling
135 [139972938032832] INFO perfrun.perfcollector <> - event: cpu/period=0x98968f,event=0xe,umask=0x1,name='UOPS_ISSUED.ANY'/uk , added for sampling
135 [139972938032832] INFO perfrun.perfcollector <> - event: cpu/period=0x98968f,event=0xc2,umask=0x2,name='UOPS_RETIRED.RETIRE_SLOTS'/uk , added for sampling
135 [139972938032832] INFO perfrun.perfcollector <> - event: cpu/period=0x98968f,event=0x9c,umask=0x1,cmask=0x4,name='IDQ_UOPS_NOT_DELIVERED.CYCLES_0_UOPS_DELIV.CORE'/uk , added for sampling
135 [139972938032832] INFO perfrun.perfcollector <> - event: cpu/period=0x7a12f,event=0xd0,umask=0x81,name='MEM_UOPS_RETIRED.ALL_LOADS_PS'/ukpp , added for sampling
135 [139972938032832] INFO perfrun.perfcollector <> - event: cpu/period=0x7a12f,event=0xd0,umask=0x82,name='MEM_UOPS_RETIRED.ALL_STORES_PS'/ukpp , added for sampling
135 [139972938032832] INFO perfrun.perfcollector <> - event: cpu/period=0x7a12f,event=0xd3,umask=0x1,name='MEM_LOAD_UOPS_L3_MISS_RETIRED.LOCAL_DRAM_PS'/ukpp , added for sampling
135 [139972938032832] INFO perfrun.perfcollector <> - event: cpu/period=0x7a12f,event=0xd3,umask=0x4,name='MEM_LOAD_UOPS_L3_MISS_RETIRED.REMOTE_DRAM_PS'/ukpp , added for sampling
135 [139972938032832] INFO perfrun.perfcollector <> - event: cpu/period=0x7a12f,event=0xd3,umask=0x10,name='MEM_LOAD_UOPS_L3_MISS_RETIRED.REMOTE_HITM_PS'/ukpp , added for sampling
135 [139972938032832] INFO perfrun.perfcollector <> - event: cpu/period=0x7a12f,event=0xd3,umask=0x20,name='MEM_LOAD_UOPS_L3_MISS_RETIRED.REMOTE_FWD_PS'/ukpp , added for sampling
135 [139972938032832] INFO perfrun.perfcollector <> - event: uncore_imc_0/period=0x0,event=0x4,umask=0x3,name='UNC_M_CAS_COUNT.RD[UNIT0]'/ , added for counting
135 [139972938032832] INFO perfrun.perfcollector <> - event: uncore_imc_1/period=0x0,event=0x4,umask=0x3,name='UNC_M_CAS_COUNT.RD[UNIT1]'/ , added for counting
135 [139972938032832] INFO perfrun.perfcollector <> - event: uncore_imc_4/period=0x0,event=0x4,umask=0x3,name='UNC_M_CAS_COUNT.RD[UNIT4]'/ , added for counting
135 [139972938032832] INFO perfrun.perfcollector <> - event: uncore_imc_5/period=0x0,event=0x4,umask=0x3,name='UNC_M_CAS_COUNT.RD[UNIT5]'/ , added for counting
135 [139972938032832] INFO perfrun.perfcollector <> - event: uncore_imc_0/period=0x0,event=0x4,umask=0xc,name='UNC_M_CAS_COUNT.WR[UNIT0]'/ , added for counting
135 [139972938032832] INFO perfrun.perfcollector <> - event: uncore_imc_1/period=0x0,event=0x4,umask=0xc,name='UNC_M_CAS_COUNT.WR[UNIT1]'/ , added for counting
135 [139972938032832] INFO perfrun.perfcollector <> - event: uncore_imc_4/period=0x0,event=0x4,umask=0xc,name='UNC_M_CAS_COUNT.WR[UNIT4]'/ , added for counting
135 [139972938032832] INFO perfrun.perfcollector <> - event: uncore_imc_5/period=0x0,event=0x4,umask=0xc,name='UNC_M_CAS_COUNT.WR[UNIT5]'/ , added for counting
135 [139972839732928] WARN perfrun.perfcollector <> - Perf stat trace pipe capacity: read = 1048576, write = 1048576, at file: vcs/perfrun1/plugins/perfcollector/src/profiler.cpp:763
135 [139972839732928] INFO perfrun.perfcollector <> - Path to Perf control pipe: /tmp/amplxe-tmp-efsilva/perf-pipe-3826726-55558287867819584
136 [139972839732928] INFO perfrun.sdk <> - runCmd: "/home/intel/oneapi/vtune/2021.1.1/bin64/amplxe-perf" stat -v --log-fd 11 --pipe "/tmp/amplxe-tmp-efsilva/perf-pipe-3826726-55558287867819584" --pipe-sync -I 10 -A --scale -x ; -a -e uncore_imc_0/period=0x0,event=0x4,umask=0x3,name='UNC_M_CAS_COUNT.RD[UNIT0]'/,uncore_imc_1/period=0x0,event=0x4,umask=0x3,name='UNC_M_CAS_COUNT.RD[UNIT1]'/,uncore_imc_4/period=0x0,event=0x4,umask=0x3,name='UNC_M_CAS_COUNT.RD[UNIT4]'/,uncore_imc_5/period=0x0,event=0x4,umask=0x3,name='UNC_M_CAS_COUNT.RD[UNIT5]'/,uncore_imc_0/period=0x0,event=0x4,umask=0xc,name='UNC_M_CAS_COUNT.WR[UNIT0]'/,uncore_imc_1/period=0x0,event=0x4,umask=0xc,name='UNC_M_CAS_COUNT.WR[UNIT1]'/,uncore_imc_4/period=0x0,event=0x4,umask=0xc,name='UNC_M_CAS_COUNT.WR[UNIT4]'/,uncore_imc_5/period=0x0,event=0x4,umask=0xc,name='UNC_M_CAS_COUNT.WR[UNIT5]'/ "/home/intel/oneapi/vtune/2021.1.1/bin64/amplxe-perf-sync" dryrun sys
169 [139972831340224] INFO perfrun.perfcollector <> - PERF_STAT : "     0.003361577;CPU0;2016;;UNC_M_CAS_COUNT.RD[UNIT0];3306223;100.00;;"
170 [139972831340224] INFO perfrun.perfcollector <> - PERF_STAT : "     0.003361577;CPU10;1043;;UNC_M_CAS_COUNT.RD[UNIT0];3155956;100.00;;"
170 [139972831340224] INFO perfrun.perfcollector <> - PERF_STAT : "     0.003361577;CPU0;1946;;UNC_M_CAS_COUNT.RD[UNIT1];3291316;100.00;;"
170 [139972831340224] INFO perfrun.perfcollector <> - PERF_STAT : "     0.003361577;CPU10;1177;;UNC_M_CAS_COUNT.RD[UNIT1];3141197;100.00;;"
170 [139972831340224] INFO perfrun.perfcollector <> - PERF_STAT : "     0.003361577;CPU0;1829;;UNC_M_CAS_COUNT.RD[UNIT4];3275615;100.00;;"
170 [139972831340224] INFO perfrun.perfcollector <> - PERF_STAT : "     0.003361577;CPU10;895;;UNC_M_CAS_COUNT.RD[UNIT4];3133719;100.00;;"
170 [139972831340224] INFO perfrun.perfcollector <> - PERF_STAT : "     0.003361577;CPU0;1777;;UNC_M_CAS_COUNT.RD[UNIT5];3260080;100.00;;"
170 [139972831340224] INFO perfrun.perfcollector <> - PERF_STAT : "     0.003361577;CPU10;997;;UNC_M_CAS_COUNT.RD[UNIT5];3126582;100.00;;"
170 [139972831340224] INFO perfrun.perfcollector <> - PERF_STAT : "     0.003361577;CPU0;473;;UNC_M_CAS_COUNT.WR[UNIT0];3248116;100.00;;"
170 [139972831340224] INFO perfrun.perfcollector <> - PERF_STAT : "     0.003361577;CPU10;1010;;UNC_M_CAS_COUNT.WR[UNIT0];3120944;100.00;;"
170 [139972831340224] INFO perfrun.perfcollector <> - PERF_STAT : "     0.003361577;CPU0;400;;UNC_M_CAS_COUNT.WR[UNIT1];3227159;100.00;;"
170 [139972831340224] INFO perfrun.perfcollector <> - PERF_STAT : "     0.003361577;CPU10;1192;;UNC_M_CAS_COUNT.WR[UNIT1];3108386;100.00;;"
170 [139972831340224] INFO perfrun.perfcollector <> - PERF_STAT : "     0.003361577;CPU0;455;;UNC_M_CAS_COUNT.WR[UNIT4];3200685;100.00;;"
170 [139972831340224] INFO perfrun.perfcollector <> - PERF_STAT : "     0.003361577;CPU10;1020;;UNC_M_CAS_COUNT.WR[UNIT4];3096027;100.00;;"
170 [139972831340224] INFO perfrun.perfcollector <> - PERF_STAT : "     0.003361577;CPU0;420;;UNC_M_CAS_COUNT.WR[UNIT5];3174274;100.00;;"
170 [139972831340224] INFO perfrun.perfcollector <> - PERF_STAT : "     0.003361577;CPU10;1120;;UNC_M_CAS_COUNT.WR[UNIT5];3083444;100.00;;"
170 [139972839732928] INFO perfrun.perfcollector <> - Monitor: runCmd RC = true
171 [139972831340224] INFO perfrun.perfcollector <> - Path to Perf control pipe: /tmp/amplxe-tmp-efsilva/perf-pipe-3826726-55558287949900232
171 [139972831340224] INFO perfrun.sdk <> - runCmd: "/home/intel/oneapi/vtune/2021.1.1/bin64/amplxe-perf" record -v --pipe "/tmp/amplxe-tmp-efsilva/perf-pipe-3826726-55558287949900232" --pipe-sync -o "/tmp/efsilva_vtune_823210/project/resultados_vtune/01_adaptive_dynamic4_hpc_smoke/data.0/temp.dryrun.perf" -N -B -T -R --compression-level=1 -e cpu/period=0xaf79e0,event=0x3c,name='CPU_CLK_UNHALTED.THREAD'/Duk,cpu/period=0xaf79e0,umask=0x3,name='CPU_CLK_UNHALTED.REF_TSC'/Duk,cpu/period=0xaf79e0,event=0xc0,name='INST_RETIRED.ANY'/Duk,cpu/period=0x98968f,event=0xa3,umask=0xc,cmask=0xc,name='CYCLE_ACTIVITY.STALLS_L1D_PENDING'/uk,cpu/period=0x7a12f,event=0x3c,umask=0x1,name='CPU_CLK_UNHALTED.REF_XCLK'/uk,cpu/period=0x7a12f,event=0x3c,umask=0x2,name='CPU_CLK_UNHALTED.ONE_THREAD_ACTIVE'/uk,cpu/period=0x98968f,event=0xa3,umask=0x4,cmask=0x4,name='CYCLE_ACTIVITY.CYCLES_NO_EXECUTE'/uk,cpu/period=0x98968f,event=0xa3,umask=0x6,cmask=0x6,name='CYCLE_ACTIVITY.STALLS_LDM_PENDING'/uk,cpu/period=0x98968f,event=0xa3,umask=0x5,cmask=0x5,name='CYCLE_ACTIVITY.STALLS_L2_PENDING'/uk,cpu/period=0x98968f,event=0x9c,umask=0x1,name='IDQ_UOPS_NOT_DELIVERED.CORE'/uk,cpu/period=0x98968f,event=0xd,umask=0x3,cmask=0x1,name='INT_MISC.RECOVERY_CYCLES'/uk,cpu/period=0x3d09f,event=0xd1,umask=0x4,name='MEM_LOAD_UOPS_RETIRED.L3_HIT_PS'/ukpp,cpu/period=0x3d09f,event=0xd1,umask=0x20,name='MEM_LOAD_UOPS_RETIRED.L3_MISS_PS'/ukpp,cpu/period=0x98968f,event=0x60,umask=0x8,cmask=0x1,name='OFFCORE_REQUESTS_OUTSTANDING.CYCLES_WITH_DATA_RD'/uk,cpu/period=0x98968f,event=0x60,umask=0x8,cmask=0x6,name='OFFCORE_REQUESTS_OUTSTANDING.ALL_DATA_RD:cmask=6'/uk,cpu/period=0x98968f,event=0xa2,umask=0x8,name='RESOURCE_STALLS.SB'/uk,cpu/period=0x98968f,event=0x5e,umask=0x1,name='RS_EVENTS.EMPTY_CYCLES'/uk,cpu/period=0x98968f,event=0xb1,umask=0x2,cmask=0x1,name='UOPS_EXECUTED.CORE:cmask=1'/uk,cpu/period=0x98968f,event=0xb1,umask=0x2,cmask=0x2,name='UOPS_EXECUTED.CORE:cmask=2'/uk,cpu/period=0x98968f,event=0xb1,umask=0x2,cmask=0x3,name='UOPS_EXECUTED.CORE:cmask=3'/uk,cpu/period=0x98968f,event=0xe,umask=0x1,name='UOPS_ISSUED.ANY'/uk,cpu/period=0x98968f,event=0xc2,umask=0x2,name='UOPS_RETIRED.RETIRE_SLOTS'/uk,cpu/period=0x98968f,event=0x9c,umask=0x1,cmask=0x4,name='IDQ_UOPS_NOT_DELIVERED.CYCLES_0_UOPS_DELIV.CORE'/uk,cpu/period=0x7a12f,event=0xd0,umask=0x81,name='MEM_UOPS_RETIRED.ALL_LOADS_PS'/ukpp,cpu/period=0x7a12f,event=0xd0,umask=0x82,name='MEM_UOPS_RETIRED.ALL_STORES_PS'/ukpp,cpu/period=0x7a12f,event=0xd3,umask=0x1,name='MEM_LOAD_UOPS_L3_MISS_RETIRED.LOCAL_DRAM_PS'/ukpp,cpu/period=0x7a12f,event=0xd3,umask=0x4,name='MEM_LOAD_UOPS_L3_MISS_RETIRED.REMOTE_DRAM_PS'/ukpp,cpu/period=0x7a12f,event=0xd3,umask=0x10,name='MEM_LOAD_UOPS_L3_MISS_RETIRED.REMOTE_HITM_PS'/ukpp,cpu/period=0x7a12f,event=0xd3,umask=0x20,name='MEM_LOAD_UOPS_L3_MISS_RETIRED.REMOTE_FWD_PS'/ukpp --clockid=monotonic_raw "/home/intel/oneapi/vtune/2021.1.1/bin64/amplxe-perf-sync" dryrun sys
454 [139972831340224] INFO perfrun.perfcollector <> - Monitor: runCmd RC = true
454 [139972822947520] WARN perfrun.perfcollector <> - Perf stat trace pipe capacity: read = 1048576, write = 1048576, at file: vcs/perfrun1/plugins/perfcollector/src/profiler.cpp:763
454 [139972822947520] INFO perfrun.perfcollector <> - Path to Perf control pipe: /tmp/amplxe-tmp-efsilva/perf-pipe-3826726-55558288600689267
455 [139972822947520] INFO perfrun.sdk <> - runCmd: "/home/intel/oneapi/vtune/2021.1.1/bin64/amplxe-perf" stat -v --log-fd 11 --pipe "/tmp/amplxe-tmp-efsilva/perf-pipe-3826726-55558288600689267" --pipe-sync -I 10 -A --scale -x ; -a -e uncore_imc_0/period=0x0,event=0x4,umask=0x3,name='UNC_M_CAS_COUNT.RD[UNIT0]'/,uncore_imc_1/period=0x0,event=0x4,umask=0x3,name='UNC_M_CAS_COUNT.RD[UNIT1]'/,uncore_imc_4/period=0x0,event=0x4,umask=0x3,name='UNC_M_CAS_COUNT.RD[UNIT4]'/,uncore_imc_5/period=0x0,event=0x4,umask=0x3,name='UNC_M_CAS_COUNT.RD[UNIT5]'/,uncore_imc_0/period=0x0,event=0x4,umask=0xc,name='UNC_M_CAS_COUNT.WR[UNIT0]'/,uncore_imc_1/period=0x0,event=0x4,umask=0xc,name='UNC_M_CAS_COUNT.WR[UNIT1]'/,uncore_imc_4/period=0x0,event=0x4,umask=0xc,name='UNC_M_CAS_COUNT.WR[UNIT4]'/,uncore_imc_5/period=0x0,event=0x4,umask=0xc,name='UNC_M_CAS_COUNT.WR[UNIT5]'/ "/home/intel/oneapi/vtune/2021.1.1/bin64/amplxe-perf-sync" dryrun sys
486 [139972839732928] INFO perfrun.perfcollector <> - PERF_STAT : "     0.002963247;CPU0;989;;UNC_M_CAS_COUNT.RD[UNIT0];2932198;100.00;;"
486 [139972839732928] INFO perfrun.perfcollector <> - PERF_STAT : "     0.002963247;CPU10;419;;UNC_M_CAS_COUNT.RD[UNIT0];2857212;100.00;;"
487 [139972839732928] INFO perfrun.perfcollector <> - PERF_STAT : "     0.002963247;CPU0;811;;UNC_M_CAS_COUNT.RD[UNIT1];2925042;100.00;;"
487 [139972839732928] INFO perfrun.perfcollector <> - PERF_STAT : "     0.002963247;CPU10;551;;UNC_M_CAS_COUNT.RD[UNIT1];2850706;100.00;;"
487 [139972839732928] INFO perfrun.perfcollector <> - PERF_STAT : "     0.002963247;CPU0;944;;UNC_M_CAS_COUNT.RD[UNIT4];2917782;100.00;;"
487 [139972839732928] INFO perfrun.perfcollector <> - PERF_STAT : "     0.002963247;CPU10;389;;UNC_M_CAS_COUNT.RD[UNIT4];2843576;100.00;;"
487 [139972839732928] INFO perfrun.perfcollector <> - PERF_STAT : "     0.002963247;CPU0;747;;UNC_M_CAS_COUNT.RD[UNIT5];2910919;100.00;;"
487 [139972839732928] INFO perfrun.perfcollector <> - PERF_STAT : "     0.002963247;CPU10;551;;UNC_M_CAS_COUNT.RD[UNIT5];2836778;100.00;;"
487 [139972839732928] INFO perfrun.perfcollector <> - PERF_STAT : "     0.002963247;CPU0;257;;UNC_M_CAS_COUNT.WR[UNIT0];2905424;100.00;;"
487 [139972839732928] INFO perfrun.perfcollector <> - PERF_STAT : "     0.002963247;CPU10;201;;UNC_M_CAS_COUNT.WR[UNIT0];2831542;100.00;;"
487 [139972839732928] INFO perfrun.perfcollector <> - PERF_STAT : "     0.002963247;CPU0;82;;UNC_M_CAS_COUNT.WR[UNIT1];2895864;100.00;;"
487 [139972839732928] INFO perfrun.perfcollector <> - PERF_STAT : "     0.002963247;CPU10;353;;UNC_M_CAS_COUNT.WR[UNIT1];2818773;100.00;;"
487 [139972839732928] INFO perfrun.perfcollector <> - PERF_STAT : "     0.002963247;CPU0;239;;UNC_M_CAS_COUNT.WR[UNIT4];2884419;100.00;;"
487 [139972839732928] INFO perfrun.perfcollector <> - PERF_STAT : "     0.002963247;CPU10;217;;UNC_M_CAS_COUNT.WR[UNIT4];2806348;100.00;;"
487 [139972839732928] INFO perfrun.perfcollector <> - PERF_STAT : "     0.002963247;CPU0;96;;UNC_M_CAS_COUNT.WR[UNIT5];2873069;100.00;;"
487 [139972839732928] INFO perfrun.perfcollector <> - PERF_STAT : "     0.002963247;CPU10;329;;UNC_M_CAS_COUNT.WR[UNIT5];2793982;100.00;;"
487 [139972822947520] INFO perfrun.perfcollector <> - Monitor: runCmd RC = true
487 [139972839732928] INFO perfrun.perfcollector <> - Path to Perf control pipe: /tmp/amplxe-tmp-efsilva/perf-pipe-3826726-55558288677738333
487 [139972839732928] INFO perfrun.sdk <> - runCmd: "/home/intel/oneapi/vtune/2021.1.1/bin64/amplxe-perf" record -v --pipe "/tmp/amplxe-tmp-efsilva/perf-pipe-3826726-55558288677738333" --pipe-sync -o "/tmp/efsilva_vtune_823210/project/resultados_vtune/01_adaptive_dynamic4_hpc_smoke/data.0/temp.dryrun.perf" -N -B -T -R -d --compression-level=1 -e cpu/period=0xaf79e0,event=0x3c,name='CPU_CLK_UNHALTED.THREAD'/Duk,cpu/period=0xaf79e0,umask=0x3,name='CPU_CLK_UNHALTED.REF_TSC'/Duk,cpu/period=0xaf79e0,event=0xc0,name='INST_RETIRED.ANY'/Duk,cpu/period=0x98968f,event=0xa3,umask=0xc,cmask=0xc,name='CYCLE_ACTIVITY.STALLS_L1D_PENDING'/uk,cpu/period=0x7a12f,event=0x3c,umask=0x1,name='CPU_CLK_UNHALTED.REF_XCLK'/uk,cpu/period=0x7a12f,event=0x3c,umask=0x2,name='CPU_CLK_UNHALTED.ONE_THREAD_ACTIVE'/uk,cpu/period=0x98968f,event=0xa3,umask=0x4,cmask=0x4,name='CYCLE_ACTIVITY.CYCLES_NO_EXECUTE'/uk,cpu/period=0x98968f,event=0xa3,umask=0x6,cmask=0x6,name='CYCLE_ACTIVITY.STALLS_LDM_PENDING'/uk,cpu/period=0x98968f,event=0xa3,umask=0x5,cmask=0x5,name='CYCLE_ACTIVITY.STALLS_L2_PENDING'/uk,cpu/period=0x98968f,event=0x9c,umask=0x1,name='IDQ_UOPS_NOT_DELIVERED.CORE'/uk,cpu/period=0x98968f,event=0xd,umask=0x3,cmask=0x1,name='INT_MISC.RECOVERY_CYCLES'/uk,cpu/period=0x3d09f,event=0xd1,umask=0x4,name='MEM_LOAD_UOPS_RETIRED.L3_HIT_PS'/ukpp,cpu/period=0x3d09f,event=0xd1,umask=0x20,name='MEM_LOAD_UOPS_RETIRED.L3_MISS_PS'/ukpp,cpu/period=0x98968f,event=0x60,umask=0x8,cmask=0x1,name='OFFCORE_REQUESTS_OUTSTANDING.CYCLES_WITH_DATA_RD'/uk,cpu/period=0x98968f,event=0x60,umask=0x8,cmask=0x6,name='OFFCORE_REQUESTS_OUTSTANDING.ALL_DATA_RD:cmask=6'/uk,cpu/period=0x98968f,event=0xa2,umask=0x8,name='RESOURCE_STALLS.SB'/uk,cpu/period=0x98968f,event=0x5e,umask=0x1,name='RS_EVENTS.EMPTY_CYCLES'/uk,cpu/period=0x98968f,event=0xb1,umask=0x2,cmask=0x1,name='UOPS_EXECUTED.CORE:cmask=1'/uk,cpu/period=0x98968f,event=0xb1,umask=0x2,cmask=0x2,name='UOPS_EXECUTED.CORE:cmask=2'/uk,cpu/period=0x98968f,event=0xb1,umask=0x2,cmask=0x3,name='UOPS_EXECUTED.CORE:cmask=3'/uk,cpu/period=0x98968f,event=0xe,umask=0x1,name='UOPS_ISSUED.ANY'/uk,cpu/period=0x98968f,event=0xc2,umask=0x2,name='UOPS_RETIRED.RETIRE_SLOTS'/uk,cpu/period=0x98968f,event=0x9c,umask=0x1,cmask=0x4,name='IDQ_UOPS_NOT_DELIVERED.CYCLES_0_UOPS_DELIV.CORE'/uk,cpu/period=0x7a12f,event=0xd0,umask=0x81,name='MEM_UOPS_RETIRED.ALL_LOADS_PS'/ukpp,cpu/period=0x7a12f,event=0xd0,umask=0x82,name='MEM_UOPS_RETIRED.ALL_STORES_PS'/ukpp,cpu/period=0x7a12f,event=0xd3,umask=0x1,name='MEM_LOAD_UOPS_L3_MISS_RETIRED.LOCAL_DRAM_PS'/ukpp,cpu/period=0x7a12f,event=0xd3,umask=0x4,name='MEM_LOAD_UOPS_L3_MISS_RETIRED.REMOTE_DRAM_PS'/ukpp,cpu/period=0x7a12f,event=0xd3,umask=0x10,name='MEM_LOAD_UOPS_L3_MISS_RETIRED.REMOTE_HITM_PS'/ukpp,cpu/period=0x7a12f,event=0xd3,umask=0x20,name='MEM_LOAD_UOPS_L3_MISS_RETIRED.REMOTE_FWD_PS'/ukpp --clockid=monotonic_raw "/home/intel/oneapi/vtune/2021.1.1/bin64/amplxe-perf-sync" dryrun sys
745 [139972839732928] INFO perfrun.perfcollector <> - Monitor: runCmd RC = true
746 [139972938032832] INFO perfrun.launcher <> - plugin [aoclprofile] was disabled because it doesn't support the given collection type.
746 [139972938032832] INFO perfrun.tpss <> - initialize tpss controller
746 [139972938032832] INFO perfrun.launcher <> - plugin [tpss] was disabled because it doesn't support the given collection type.
746 [139972938032832] INFO perfrun.launcher <> - plugin [exprof] was disabled because it doesn't support the given collection type.
746 [139972938032832] INFO perfrun.launcher <> - plugin [ice] was disabled because it doesn't support the given collection type.
746 [139972938032832] INFO perfrun.launcher <> - plugin [] was disabled because it doesn't support the given collection type.
746 [139972938032832] INFO perfrun.launcher <> - plugin [] was disabled because it doesn't support the given collection type.
746 [139972938032832] INFO perfrun.launcher <> - plugin [parallelfs] was disabled because it doesn't support the given collection type.
746 [139972938032832] INFO perfrun.launcher <> - plugin [power] was disabled because it doesn't support the given collection type.
746 [139972938032832] INFO perfrun.launcher <> - plugin [hwloc] was disabled because it doesn't support the given collection type.
746 [139972938032832] INFO perfrun.launcher <> - plugin [ipmwatch] was disabled because it doesn't support the given collection type.
746 [139972938032832] INFO perfrun.launcher <> - plugin [os_counters] was disabled because it doesn't support the given collection type.
746 [139973093860032] INFO perfrun.launcher <> - set environment variable: LD_LIBRARY_PATH = /home/intel/oneapi/vtune/2021.1.1/lib32/runtime:/home/intel/oneapi/vtune/2021.1.1/lib64/runtime
746 [139973093860032] INFO perfrun.launcher <> - set environment variable: INTEL_LIBITTNOTIFY32 = /home/intel/oneapi/vtune/2021.1.1/lib32/runtime/libittnotify_collector.so
746 [139973093860032] INFO perfrun.launcher <> - set environment variable: INTEL_LIBITTNOTIFY64 = /home/intel/oneapi/vtune/2021.1.1/lib64/runtime/libittnotify_collector.so
746 [139973093860032] INFO perfrun.launcher <> - set environment variable: INTEL_ITTNOTIFY_GROUPS = 
746 [139973093860032] INFO perfrun.launcher <> - set environment variable: INTEL_JIT_PROFILER32 = /home/intel/oneapi/vtune/2021.1.1/lib32/runtime/libittnotify_collector.so
746 [139973093860032] INFO perfrun.launcher <> - set environment variable: INTEL_JIT_PROFILER64 = /home/intel/oneapi/vtune/2021.1.1/lib64/runtime/libittnotify_collector.so
746 [139973093860032] INFO perfrun.launcher <> - set environment variable: VS_PROFILER = libittnotify_collector.so
746 [139973093860032] INFO perfrun.launcher <> - set environment variable: OMP_TOOL_LIBRARIES = /home/intel/oneapi/vtune/2021.1.1/lib32/runtime/libittnotify_collector.so:/home/intel/oneapi/vtune/2021.1.1/lib64/runtime/libittnotify_collector.so
746 [139973093860032] INFO perfrun.launcher <> - set environment variable: ENABLE_JITPROFILING = 1
746 [139973093860032] INFO perfrun.launcher <> - set environment variable: CL_CONFIG_USE_VTUNE = True
746 [139973093860032] INFO perfrun.launcher <> - set environment variable: INTEL_MRTE_DATA_DIR = /tmp/efsilva_vtune_823210/project/resultados_vtune/01_adaptive_dynamic4_hpc_smoke/data.0
746 [139973093860032] INFO perfrun.launcher <> - set environment variable: INTEL_MRTE_HOST_NAME = hype1
746 [139973093860032] INFO perfrun.launcher <> - set environment variable: JAVA_TOOL_OPTIONS = -agentlib:amplxe_samplingmrte_javaprof_1.0 -Dsun.boot.library.path=/home/intel/oneapi/vtune/2021.1.1/lib32/runtime:/home/intel/oneapi/vtune/2021.1.1/lib64/runtime
746 [139973093860032] INFO perfrun.launcher <> - set environment variable: CORECLR_ENABLE_PROFILING = 1
746 [139973093860032] INFO perfrun.launcher <> - set environment variable: CORECLR_PROFILER = {AA5E4821-E3B1-479c-B7FF-5AD047D22CED}
747 [139973093860032] INFO perfrun.launcher <> - set environment variable: CORECLR_PROFILER_PATH = /home/intel/oneapi/vtune/2021.1.1/lib64/libamplxe_samplingmrte_clrprof_1.0.so
747 [139973093860032] INFO perfrun.launcher <> - set environment variable: INTEL_MRTE_PROFILER_MODE = mixed
747 [139973093860032] INFO perfrun.launcher <> - RpcServer: run RPC server to handle requests
747 [139973093860032] INFO perfrun.launcher <> - Launcher: command line to start before modification = build/omp-avx2/image_benchmark --image images/rain_paisage.jpg /tmp/vtune_benchmark.csv --operations adaptive --run-id vtune-hpc-performance-omp-avx2 --repeat 0 --warmup
747 [139973093860032] INFO perfrun.launcher <> - Launcher: command line to start after modification = build/omp-avx2/image_benchmark --image images/rain_paisage.jpg /tmp/vtune_benchmark.csv --operations adaptive --run-id vtune-hpc-performance-omp-avx2 --repeat 0 --warmup
747 [139973093860032] INFO perfrun.launcher <> - ProcessCreator object was created
748 [139973093860032] INFO perfrun.launcher <> - Launcher: the process was started in suspend mode
748 [139972938032832] INFO perfrun.launcher <> - Messenger::say: Peak bandwidth measurement started.
6188 [139972938032832] INFO perfrun.launcher <> - Messenger::say: Peak bandwidth measurement finished.
6192 [139972938032832] WARN perfrun.system <> - Could not do anything with /sys/kernel/debug/kvm: boost::filesystem::status: Permission denied: "/sys/kernel/debug/kvm", at file: vcs/perfrun1/plugins/system/src/trace_writer.cpp:796
6192 [139972938032832] WARN perfrun.system <> - Folder "/var/run/libvirt/qemu/"doesn't exist, at file: vcs/perfrun1/plugins/system/src/trace_writer.cpp:809
6231 [139972938032832] WARN perfrun.sdk <> - Failed to find xl binary on any of the system paths: /bin, /sbin, /usr/bin, /usr/sbin., at file: vcs/perfrun1/sdk/src/utils.cpp:197
6231 [139972938032832] WARN perfrun.system <> - Could not start ContainerMapping collector, at file: vcs/perfrun1/plugins/system/src/controller.cpp:468
6247 [139972938032832] INFO perfrun.vdso <> - Helper runtool '/home/intel/oneapi/vtune/2021.1.1/bin32/amplxe-runss -dump-vdso -r /tmp/efsilva_vtune_823210/project/resultados_vtune/01_adaptive_dynamic4_hpc_smoke --tmp-dir /tmp/amplxe-tmp-efsilva' returned 1
6330 [139972938032832] INFO perfrun.vdso <> - Helper runtool '/home/intel/oneapi/vtune/2021.1.1/bin64/amplxe-runss -dump-vdso -r /tmp/efsilva_vtune_823210/project/resultados_vtune/01_adaptive_dynamic4_hpc_smoke --tmp-dir /tmp/amplxe-tmp-efsilva' returned 0
6330 [139972938032832] INFO perfrun.itt <> - start itt controller for pid #3826746
6337 [139972715738816] WARN perfrun.perfcollector <> - Perf stat trace pipe capacity: read = 1048576, write = 1048576, at file: vcs/perfrun1/plugins/perfcollector/src/profiler.cpp:763
6337 [139972715738816] INFO perfrun.perfcollector <> - Path to Perf control pipe: /tmp/amplxe-tmp-efsilva/perf-pipe-3826726-55558302116310495
6338 [139972715738816] INFO perfrun.sdk <> - runCmd: "/home/intel/oneapi/vtune/2021.1.1/bin64/amplxe-perf" stat -v --log-fd 23 --pipe "/tmp/amplxe-tmp-efsilva/perf-pipe-3826726-55558302116310495" --pipe-sync -I 10 -A --scale -x ; -a -e uncore_imc_0/period=0x0,event=0x4,umask=0x3,name='UNC_M_CAS_COUNT.RD[UNIT0]'/,uncore_imc_1/period=0x0,event=0x4,umask=0x3,name='UNC_M_CAS_COUNT.RD[UNIT1]'/,uncore_imc_4/period=0x0,event=0x4,umask=0x3,name='UNC_M_CAS_COUNT.RD[UNIT4]'/,uncore_imc_5/period=0x0,event=0x4,umask=0x3,name='UNC_M_CAS_COUNT.RD[UNIT5]'/,uncore_imc_0/period=0x0,event=0x4,umask=0xc,name='UNC_M_CAS_COUNT.WR[UNIT0]'/,uncore_imc_1/period=0x0,event=0x4,umask=0xc,name='UNC_M_CAS_COUNT.WR[UNIT1]'/,uncore_imc_4/period=0x0,event=0x4,umask=0xc,name='UNC_M_CAS_COUNT.WR[UNIT4]'/,uncore_imc_5/period=0x0,event=0x4,umask=0xc,name='UNC_M_CAS_COUNT.WR[UNIT5]'/ "/home/intel/oneapi/vtune/2021.1.1/bin64/amplxe-perf-sync" sync sys
6372 [139972797769408] INFO perfrun.perfcollector <> - Path to Perf control pipe: /tmp/amplxe-tmp-efsilva/perf-pipe-3826726-55558302196166004
6372 [139972797769408] INFO perfrun.sdk <> - runCmd: "/home/intel/oneapi/vtune/2021.1.1/bin64/amplxe-perf" record -v --pipe "/tmp/amplxe-tmp-efsilva/perf-pipe-3826726-55558302196166004" --pipe-sync -o "/tmp/efsilva_vtune_823210/project/resultados_vtune/01_adaptive_dynamic4_hpc_smoke/data.0/3826746.perf" -N -B -T -R -d -p 3826746 --compression-level=1 --threads -e cpu/period=0xaf79e0,event=0x3c,name='CPU_CLK_UNHALTED.THREAD'/Duk,cpu/period=0xaf79e0,umask=0x3,name='CPU_CLK_UNHALTED.REF_TSC'/Duk,cpu/period=0xaf79e0,event=0xc0,name='INST_RETIRED.ANY'/Duk,cpu/period=0x98968f,event=0xa3,umask=0xc,cmask=0xc,name='CYCLE_ACTIVITY.STALLS_L1D_PENDING'/uk,cpu/period=0x7a12f,event=0x3c,umask=0x1,name='CPU_CLK_UNHALTED.REF_XCLK'/uk,cpu/period=0x7a12f,event=0x3c,umask=0x2,name='CPU_CLK_UNHALTED.ONE_THREAD_ACTIVE'/uk,cpu/period=0x98968f,event=0xa3,umask=0x4,cmask=0x4,name='CYCLE_ACTIVITY.CYCLES_NO_EXECUTE'/uk,cpu/period=0x98968f,event=0xa3,umask=0x6,cmask=0x6,name='CYCLE_ACTIVITY.STALLS_LDM_PENDING'/uk,cpu/period=0x98968f,event=0xa3,umask=0x5,cmask=0x5,name='CYCLE_ACTIVITY.STALLS_L2_PENDING'/uk,cpu/period=0x98968f,event=0x9c,umask=0x1,name='IDQ_UOPS_NOT_DELIVERED.CORE'/uk,cpu/period=0x98968f,event=0xd,umask=0x3,cmask=0x1,name='INT_MISC.RECOVERY_CYCLES'/uk,cpu/period=0x3d09f,event=0xd1,umask=0x4,name='MEM_LOAD_UOPS_RETIRED.L3_HIT_PS'/ukpp,cpu/period=0x3d09f,event=0xd1,umask=0x20,name='MEM_LOAD_UOPS_RETIRED.L3_MISS_PS'/ukpp,cpu/period=0x98968f,event=0x60,umask=0x8,cmask=0x1,name='OFFCORE_REQUESTS_OUTSTANDING.CYCLES_WITH_DATA_RD'/uk,cpu/period=0x98968f,event=0x60,umask=0x8,cmask=0x6,name='OFFCORE_REQUESTS_OUTSTANDING.ALL_DATA_RD:cmask=6'/uk,cpu/period=0x98968f,event=0xa2,umask=0x8,name='RESOURCE_STALLS.SB'/uk,cpu/period=0x98968f,event=0x5e,umask=0x1,name='RS_EVENTS.EMPTY_CYCLES'/uk,cpu/period=0x98968f,event=0xb1,umask=0x2,cmask=0x1,name='UOPS_EXECUTED.CORE:cmask=1'/uk,cpu/period=0x98968f,event=0xb1,umask=0x2,cmask=0x2,name='UOPS_EXECUTED.CORE:cmask=2'/uk,cpu/period=0x98968f,event=0xb1,umask=0x2,cmask=0x3,name='UOPS_EXECUTED.CORE:cmask=3'/uk,cpu/period=0x98968f,event=0xe,umask=0x1,name='UOPS_ISSUED.ANY'/uk,cpu/period=0x98968f,event=0xc2,umask=0x2,name='UOPS_RETIRED.RETIRE_SLOTS'/uk,cpu/period=0x98968f,event=0x9c,umask=0x1,cmask=0x4,name='IDQ_UOPS_NOT_DELIVERED.CYCLES_0_UOPS_DELIV.CORE'/uk,cpu/period=0x7a12f,event=0xd0,umask=0x81,name='MEM_UOPS_RETIRED.ALL_LOADS_PS'/ukpp,cpu/period=0x7a12f,event=0xd0,umask=0x82,name='MEM_UOPS_RETIRED.ALL_STORES_PS'/ukpp,cpu/period=0x7a12f,event=0xd3,umask=0x1,name='MEM_LOAD_UOPS_L3_MISS_RETIRED.LOCAL_DRAM_PS'/ukpp,cpu/period=0x7a12f,event=0xd3,umask=0x4,name='MEM_LOAD_UOPS_L3_MISS_RETIRED.REMOTE_DRAM_PS'/ukpp,cpu/period=0x7a12f,event=0xd3,umask=0x10,name='MEM_LOAD_UOPS_L3_MISS_RETIRED.REMOTE_HITM_PS'/ukpp,cpu/period=0x7a12f,event=0xd3,umask=0x20,name='MEM_LOAD_UOPS_L3_MISS_RETIRED.REMOTE_FWD_PS'/ukpp --clockid=monotonic_raw "/home/intel/oneapi/vtune/2021.1.1/bin64/amplxe-perf-sync" sync sys
6378 [139972822947520] INFO perfrun.perfcollector <> - PERF_STAT : "     0.010374679;CPU0;6388;;UNC_M_CAS_COUNT.RD[UNIT0];10356535;100.00;;"
6379 [139972822947520] INFO perfrun.perfcollector <> - PERF_STAT : "     0.010374679;CPU10;5462;;UNC_M_CAS_COUNT.RD[UNIT0];10284129;100.00;;"
6379 [139972822947520] INFO perfrun.perfcollector <> - PERF_STAT : "     0.010374679;CPU0;6025;;UNC_M_CAS_COUNT.RD[UNIT1];10350216;100.00;;"
6379 [139972822947520] INFO perfrun.perfcollector <> - PERF_STAT : "     0.010374679;CPU10;5912;;UNC_M_CAS_COUNT.RD[UNIT1];10276737;100.00;;"
6379 [139972822947520] INFO perfrun.perfcollector <> - PERF_STAT : "     0.010374679;CPU0;6471;;UNC_M_CAS_COUNT.RD[UNIT4];10342855;100.00;;"
6379 [139972822947520] INFO perfrun.perfcollector <> - PERF_STAT : "     0.010374679;CPU10;5422;;UNC_M_CAS_COUNT.RD[UNIT4];10268748;100.00;;"
6379 [139972822947520] INFO perfrun.perfcollector <> - PERF_STAT : "     0.010374679;CPU0;6037;;UNC_M_CAS_COUNT.RD[UNIT5];10335768;100.00;;"
6379 [139972822947520] INFO perfrun.perfcollector <> - PERF_STAT : "     0.010374679;CPU10;5833;;UNC_M_CAS_COUNT.RD[UNIT5];10261383;100.00;;"
6379 [139972822947520] INFO perfrun.perfcollector <> - PERF_STAT : "     0.010374679;CPU0;733;;UNC_M_CAS_COUNT.WR[UNIT0];10329824;100.00;;"
6379 [139972822947520] INFO perfrun.perfcollector <> - PERF_STAT : "     0.010374679;CPU10;3190;;UNC_M_CAS_COUNT.WR[UNIT0];10255188;100.00;;"
6379 [139972822947520] INFO perfrun.perfcollector <> - PERF_STAT : "     0.010374679;CPU0;357;;UNC_M_CAS_COUNT.WR[UNIT1];10320783;100.00;;"
6379 [139972822947520] INFO perfrun.perfcollector <> - PERF_STAT : "     0.010374679;CPU10;3752;;UNC_M_CAS_COUNT.WR[UNIT1];10242174;100.00;;"
6379 [139972822947520] INFO perfrun.perfcollector <> - PERF_STAT : "     0.010374679;CPU0;727;;UNC_M_CAS_COUNT.WR[UNIT4];10308698;100.00;;"
6379 [139972822947520] INFO perfrun.perfcollector <> - PERF_STAT : "     0.010374679;CPU10;3090;;UNC_M_CAS_COUNT.WR[UNIT4];10229526;100.00;;"
6379 [139972822947520] INFO perfrun.perfcollector <> - PERF_STAT : "     0.010374679;CPU0;350;;UNC_M_CAS_COUNT.WR[UNIT5];10296384;100.00;;"
6379 [139972822947520] INFO perfrun.perfcollector <> - PERF_STAT : "     0.010374679;CPU10;3653;;UNC_M_CAS_COUNT.WR[UNIT5];10216914;100.00;;"
6389 [139972822947520] INFO perfrun.perfcollector <> - PERF_STAT : "     0.020655563;CPU0;1723;;UNC_M_CAS_COUNT.RD[UNIT0];10279301;100.00;;"
6389 [139972822947520] INFO perfrun.perfcollector <> - PERF_STAT : "     0.020655563;CPU10;617;;UNC_M_CAS_COUNT.RD[UNIT0];10276005;100.00;;"
6389 [139972822947520] INFO perfrun.perfcollector <> - PERF_STAT : "     0.020655563;CPU0;1046;;UNC_M_CAS_COUNT.RD[UNIT1];10278771;100.00;;"
6389 [139972822947520] INFO perfrun.perfcollector <> - PERF_STAT : "     0.020655563;CPU10;1101;;UNC_M_CAS_COUNT.RD[UNIT1];10275600;100.00;;"
6389 [139972822947520] INFO perfrun.perfcollector <> - PERF_STAT : "     0.020655563;CPU0;1619;;UNC_M_CAS_COUNT.RD[UNIT4];10278900;100.00;;"
6389 [139972822947520] INFO perfrun.perfcollector <> - PERF_STAT : "     0.020655563;CPU10;455;;UNC_M_CAS_COUNT.RD[UNIT4];10275743;100.00;;"
6389 [139972822947520] INFO perfrun.perfcollector <> - PERF_STAT : "     0.020655563;CPU0;1127;;UNC_M_CAS_COUNT.RD[UNIT5];10279087;100.00;;"
6389 [139972822947520] INFO perfrun.perfcollector <> - PERF_STAT : "     0.020655563;CPU10;970;;UNC_M_CAS_COUNT.RD[UNIT5];10275770;100.00;;"
6389 [139972822947520] INFO perfrun.perfcollector <> - PERF_STAT : "     0.020655563;CPU0;614;;UNC_M_CAS_COUNT.WR[UNIT0];10279203;100.00;;"
6389 [139972822947520] INFO perfrun.perfcollector <> - PERF_STAT : "     0.020655563;CPU10;291;;UNC_M_CAS_COUNT.WR[UNIT0];10275746;100.00;;"
6389 [139972822947520] INFO perfrun.perfcollector <> - PERF_STAT : "     0.020655563;CPU0;79;;UNC_M_CAS_COUNT.WR[UNIT1];10276118;100.00;;"
6389 [139972822947520] INFO perfrun.perfcollector <> - PERF_STAT : "     0.020655563;CPU10;823;;UNC_M_CAS_COUNT.WR[UNIT1];10275714;100.00;;"
6389 [139972822947520] INFO perfrun.perfcollector <> - PERF_STAT : "     0.020655563;CPU0;615;;UNC_M_CAS_COUNT.WR[UNIT4];10276175;100.00;;"
6389 [139972822947520] INFO perfrun.perfcollector <> - PERF_STAT : "     0.020655563;CPU10;392;;UNC_M_CAS_COUNT.WR[UNIT4];10275774;100.00;;"
6389 [139972822947520] INFO perfrun.perfcollector <> - PERF_STAT : "     0.020655563;CPU0;89;;UNC_M_CAS_COUNT.WR[UNIT5];10276439;100.00;;"
6389 [139972822947520] INFO perfrun.perfcollector <> - PERF_STAT : "     0.020655563;CPU10;907;;UNC_M_CAS_COUNT.WR[UNIT5];10276216;100.00;;"
6399 [139972822947520] INFO perfrun.perfcollector <> - PERF_STAT : "     0.030901602;CPU0;1189;;UNC_M_CAS_COUNT.RD[UNIT0];10245778;100.00;;"
6399 [139972822947520] INFO perfrun.perfcollector <> - PERF_STAT : "     0.030901602;CPU10;294;;UNC_M_CAS_COUNT.RD[UNIT0];10243326;100.00;;"
6399 [139972822947520] INFO perfrun.perfcollector <> - PERF_STAT : "     0.030901602;CPU0;645;;UNC_M_CAS_COUNT.RD[UNIT1];10245669;100.00;;"
6399 [139972822947520] INFO perfrun.perfcollector <> - PERF_STAT : "     0.030901602;CPU10;842;;UNC_M_CAS_COUNT.RD[UNIT1];10243382;100.00;;"
6399 [139972822947520] INFO perfrun.perfcollector <> - PERF_STAT : "     0.030901602;CPU0;1199;;UNC_M_CAS_COUNT.RD[UNIT4];10245560;100.00;;"
6399 [139972822947520] INFO perfrun.perfcollector <> - PERF_STAT : "     0.030901602;CPU10;256;;UNC_M_CAS_COUNT.RD[UNIT4];10243434;100.00;;"
6399 [139972822947520] INFO perfrun.perfcollector <> - PERF_STAT : "     0.030901602;CPU0;641;;UNC_M_CAS_COUNT.RD[UNIT5];10245431;100.00;;"
6399 [139972822947520] INFO perfrun.perfcollector <> - PERF_STAT : "     0.030901602;CPU10;794;;UNC_M_CAS_COUNT.RD[UNIT5];10243194;100.00;;"
6399 [139972822947520] INFO perfrun.perfcollector <> - PERF_STAT : "     0.030901602;CPU0;607;;UNC_M_CAS_COUNT.WR[UNIT0];10245348;100.00;;"
6399 [139972822947520] INFO perfrun.perfcollector <> - PERF_STAT : "     0.030901602;CPU10;85;;UNC_M_CAS_COUNT.WR[UNIT0];10243214;100.00;;"
6399 [139972822947520] INFO perfrun.perfcollector <> - PERF_STAT : "     0.030901602;CPU0;73;;UNC_M_CAS_COUNT.WR[UNIT1];10245227;100.00;;"
6399 [139972822947520] INFO perfrun.perfcollector <> - PERF_STAT : "     0.030901602;CPU10;616;;UNC_M_CAS_COUNT.WR[UNIT1];10243401;100.00;;"
6399 [139972822947520] INFO perfrun.perfcollector <> - PERF_STAT : "     0.030901602;CPU0;605;;UNC_M_CAS_COUNT.WR[UNIT4];10245205;100.00;;"
6399 [139972822947520] INFO perfrun.perfcollector <> - PERF_STAT : "     0.030901602;CPU10;72;;UNC_M_CAS_COUNT.WR[UNIT4];10243388;100.00;;"
6399 [139972822947520] INFO perfrun.perfcollector <> - PERF_STAT : "     0.030901602;CPU0;63;;UNC_M_CAS_COUNT.WR[UNIT5];10245095;100.00;;"
6399 [139972822947520] INFO perfrun.perfcollector <> - PERF_STAT : "     0.030901602;CPU10;632;;UNC_M_CAS_COUNT.WR[UNIT5];10243054;100.00;;"
6409 [139972822947520] INFO perfrun.perfcollector <> - PERF_STAT : "     0.041162246;CPU0;2679;;UNC_M_CAS_COUNT.RD[UNIT0];10261421;100.00;;"
6409 [139972822947520] INFO perfrun.perfcollector <> - PERF_STAT : "     0.041162246;CPU10;5562;;UNC_M_CAS_COUNT.RD[UNIT0];10261333;100.00;;"
6409 [139972822947520] INFO perfrun.perfcollector <> - PERF_STAT : "     0.041162246;CPU0;2177;;UNC_M_CAS_COUNT.RD[UNIT1];10261531;100.00;;"
6409 [139972822947520] INFO perfrun.perfcollector <> - PERF_STAT : "     0.041162246;CPU10;6122;;UNC_M_CAS_COUNT.RD[UNIT1];10261330;100.00;;"
6409 [139972822947520] INFO perfrun.perfcollector <> - PERF_STAT : "     0.041162246;CPU0;2781;;UNC_M_CAS_COUNT.RD[UNIT4];10261572;100.00;;"
6409 [139972822947520] INFO perfrun.perfcollector <> - PERF_STAT : "     0.041162246;CPU10;5475;;UNC_M_CAS_COUNT.RD[UNIT4];10261307;100.00;;"
6409 [139972822947520] INFO perfrun.perfcollector <> - PERF_STAT : "     0.041162246;CPU0;2212;;UNC_M_CAS_COUNT.RD[UNIT5];10261564;100.00;;"
6409 [139972822947520] INFO perfrun.perfcollector <> - PERF_STAT : "     0.041162246;CPU10;6085;;UNC_M_CAS_COUNT.RD[UNIT5];10261247;100.00;;"
6409 [139972822947520] INFO perfrun.perfcollector <> - PERF_STAT : "     0.041162246;CPU0;811;;UNC_M_CAS_COUNT.WR[UNIT0];10261465;100.00;;"
6409 [139972822947520] INFO perfrun.perfcollector <> - PERF_STAT : "     0.041162246;CPU10;180;;UNC_M_CAS_COUNT.WR[UNIT0];10261189;100.00;;"
6409 [139972822947520] INFO perfrun.perfcollector <> - PERF_STAT : "     0.041162246;CPU0;311;;UNC_M_CAS_COUNT.WR[UNIT1];10261529;100.00;;"
6409 [139972822947520] INFO perfrun.perfcollector <> - PERF_STAT : "     0.041162246;CPU10;707;;UNC_M_CAS_COUNT.WR[UNIT1];10260981;100.00;;"
6409 [139972822947520] INFO perfrun.perfcollector <> - PERF_STAT : "     0.041162246;CPU0;770;;UNC_M_CAS_COUNT.WR[UNIT4];10261508;100.00;;"
6409 [139972822947520] INFO perfrun.perfcollector <> - PERF_STAT : "     0.041162246;CPU10;181;;UNC_M_CAS_COUNT.WR[UNIT4];10260974;100.00;;"
6409 [139972822947520] INFO perfrun.perfcollector <> - PERF_STAT : "     0.041162246;CPU0;233;;UNC_M_CAS_COUNT.WR[UNIT5];10261468;100.00;;"
6409 [139972822947520] INFO perfrun.perfcollector <> - PERF_STAT : "     0.041162246;CPU10;718;;UNC_M_CAS_COUNT.WR[UNIT5];10260954;100.00;;"
6419 [139972822947520] INFO perfrun.perfcollector <> - PERF_STAT : "     0.051402375;CPU0;1603;;UNC_M_CAS_COUNT.RD[UNIT0];10240547;100.00;;"
6419 [139972822947520] INFO perfrun.perfcollector <> - PERF_STAT : "     0.051402375;CPU10;7662;;UNC_M_CAS_COUNT.RD[UNIT0];10240381;100.00;;"
6420 [139972822947520] INFO perfrun.perfcollector <> - PERF_STAT : "     0.051402375;CPU0;1049;;UNC_M_CAS_COUNT.RD[UNIT1];10240343;100.00;;"
6420 [139972822947520] INFO perfrun.perfcollector <> - PERF_STAT : "     0.051402375;CPU10;8230;;UNC_M_CAS_COUNT.RD[UNIT1];10240401;100.00;;"
6420 [139972822947520] INFO perfrun.perfcollector <> - PERF_STAT : "     0.051402375;CPU0;1552;;UNC_M_CAS_COUNT.RD[UNIT4];10240145;100.00;;"
6420 [139972822947520] INFO perfrun.perfcollector <> - PERF_STAT : "     0.051402375;CPU10;7628;;UNC_M_CAS_COUNT.RD[UNIT4];10240589;100.00;;"
6420 [139972822947520] INFO perfrun.perfcollector <> - PERF_STAT : "     0.051402375;CPU0;1045;;UNC_M_CAS_COUNT.RD[UNIT5];10240243;100.00;;"
6420 [139972822947520] INFO perfrun.perfcollector <> - PERF_STAT : "     0.051402375;CPU10;8143;;UNC_M_CAS_COUNT.RD[UNIT5];10240676;100.00;;"
6420 [139972822947520] INFO perfrun.perfcollector <> - PERF_STAT : "     0.051402375;CPU0;1033;;UNC_M_CAS_COUNT.WR[UNIT0];10240372;100.00;;"
6420 [139972822947520] INFO perfrun.perfcollector <> - PERF_STAT : "     0.051402375;CPU10;436;;UNC_M_CAS_COUNT.WR[UNIT0];10240682;100.00;;"
6420 [139972822947520] INFO perfrun.perfcollector <> - PERF_STAT : "     0.051402375;CPU0;545;;UNC_M_CAS_COUNT.WR[UNIT1];10240375;100.00;;"
6420 [139972822947520] INFO perfrun.perfcollector <> - PERF_STAT : "     0.051402375;CPU10;976;;UNC_M_CAS_COUNT.WR[UNIT1];10240785;100.00;;"
6420 [139972822947520] INFO perfrun.perfcollector <> - PERF_STAT : "     0.051402375;CPU0;1000;;UNC_M_CAS_COUNT.WR[UNIT4];10240614;100.00;;"
6420 [139972822947520] INFO perfrun.perfcollector <> - PERF_STAT : "     0.051402375;CPU10;465;;UNC_M_CAS_COUNT.WR[UNIT4];10240757;100.00;;"
6420 [139972822947520] INFO perfrun.perfcollector <> - PERF_STAT : "     0.051402375;CPU0;502;;UNC_M_CAS_COUNT.WR[UNIT5];10240615;100.00;;"
6420 [139972822947520] INFO perfrun.perfcollector <> - PERF_STAT : "     0.051402375;CPU10;966;;UNC_M_CAS_COUNT.WR[UNIT5];10240738;100.00;;"
6430 [139972822947520] INFO perfrun.perfcollector <> - PERF_STAT : "     0.061642260;CPU0;1415;;UNC_M_CAS_COUNT.RD[UNIT0];10239172;100.00;;"
6430 [139972822947520] INFO perfrun.perfcollector <> - PERF_STAT : "     0.061642260;CPU10;7966;;UNC_M_CAS_COUNT.RD[UNIT0];10238757;100.00;;"
6430 [139972822947520] INFO perfrun.perfcollector <> - PERF_STAT : "     0.061642260;CPU0;974;;UNC_M_CAS_COUNT.RD[UNIT1];10239240;100.00;;"
6430 [139972822947520] INFO perfrun.perfcollector <> - PERF_STAT : "     0.061642260;CPU10;8548;;UNC_M_CAS_COUNT.RD[UNIT1];10238599;100.00;;"
6430 [139972822947520] INFO perfrun.perfcollector <> - PERF_STAT : "     0.061642260;CPU0;1397;;UNC_M_CAS_COUNT.RD[UNIT4];10239394;100.00;;"
6430 [139972822947520] INFO perfrun.perfcollector <> - PERF_STAT : "     0.061642260;CPU10;8016;;UNC_M_CAS_COUNT.RD[UNIT4];10238385;100.00;;"
6430 [139972822947520] INFO perfrun.perfcollector <> - PERF_STAT : "     0.061642260;CPU0;860;;UNC_M_CAS_COUNT.RD[UNIT5];10239321;100.00;;"
6430 [139972822947520] INFO perfrun.perfcollector <> - PERF_STAT : "     0.061642260;CPU10;8679;;UNC_M_CAS_COUNT.RD[UNIT5];10238289;100.00;;"
6430 [139972822947520] INFO perfrun.perfcollector <> - PERF_STAT : "     0.061642260;CPU0;1318;;UNC_M_CAS_COUNT.WR[UNIT0];10239235;100.00;;"
6430 [139972822947520] INFO perfrun.perfcollector <> - PERF_STAT : "     0.061642260;CPU10;285;;UNC_M_CAS_COUNT.WR[UNIT0];10238278;100.00;;"
6430 [139972822947520] INFO perfrun.perfcollector <> - PERF_STAT : "     0.061642260;CPU0;807;;UNC_M_CAS_COUNT.WR[UNIT1];10239123;100.00;;"
6430 [139972822947520] INFO perfrun.perfcollector <> - PERF_STAT : "     0.061642260;CPU10;823;;UNC_M_CAS_COUNT.WR[UNIT1];10238235;100.00;;"
6430 [139972822947520] INFO perfrun.perfcollector <> - PERF_STAT : "     0.061642260;CPU0;1282;;UNC_M_CAS_COUNT.WR[UNIT4];10238854;100.00;;"
6430 [139972822947520] INFO perfrun.perfcollector <> - PERF_STAT : "     0.061642260;CPU10;282;;UNC_M_CAS_COUNT.WR[UNIT4];10238370;100.00;;"
6430 [139972822947520] INFO perfrun.perfcollector <> - PERF_STAT : "     0.061642260;CPU0;800;;UNC_M_CAS_COUNT.WR[UNIT5];10238832;100.00;;"
6430 [139972822947520] INFO perfrun.perfcollector <> - PERF_STAT : "     0.061642260;CPU10;828;;UNC_M_CAS_COUNT.WR[UNIT5];10238354;100.00;;"
6440 [139972822947520] INFO perfrun.perfcollector <> - PERF_STAT : "     0.071879558;CPU0;2199;;UNC_M_CAS_COUNT.RD[UNIT0];10236175;100.00;;"
6440 [139972822947520] INFO perfrun.perfcollector <> - PERF_STAT : "     0.071879558;CPU10;2881;;UNC_M_CAS_COUNT.RD[UNIT0];10234938;100.00;;"
6440 [139972822947520] INFO perfrun.perfcollector <> - PERF_STAT : "     0.071879558;CPU0;1715;;UNC_M_CAS_COUNT.RD[UNIT1];10236016;100.00;;"
6440 [139972822947520] INFO perfrun.perfcollector <> - PERF_STAT : "     0.071879558;CPU10;3375;;UNC_M_CAS_COUNT.RD[UNIT1];10234961;100.00;;"
6440 [139972822947520] INFO perfrun.perfcollector <> - PERF_STAT : "     0.071879558;CPU0;2186;;UNC_M_CAS_COUNT.RD[UNIT4];10235994;100.00;;"
6440 [139972822947520] INFO perfrun.perfcollector <> - PERF_STAT : "     0.071879558;CPU10;2759;;UNC_M_CAS_COUNT.RD[UNIT4];10234915;100.00;;"
6440 [139972822947520] INFO perfrun.perfcollector <> - PERF_STAT : "     0.071879558;CPU0;1698;;UNC_M_CAS_COUNT.RD[UNIT5];10236081;100.00;;"
6440 [139972822947520] INFO perfrun.perfcollector <> - PERF_STAT : "     0.071879558;CPU10;3336;;UNC_M_CAS_COUNT.RD[UNIT5];10235025;100.00;;"
6440 [139972822947520] INFO perfrun.perfcollector <> - PERF_STAT : "     0.071879558;CPU0;1064;;UNC_M_CAS_COUNT.WR[UNIT0];10235992;100.00;;"
6440 [139972822947520] INFO perfrun.perfcollector <> - PERF_STAT : "     0.071879558;CPU10;201;;UNC_M_CAS_COUNT.WR[UNIT0];10235107;100.00;;"
6440 [139972822947520] INFO perfrun.perfcollector <> - PERF_STAT : "     0.071879558;CPU0;556;;UNC_M_CAS_COUNT.WR[UNIT1];10235967;100.00;;"
6440 [139972822947520] INFO perfrun.perfcollector <> - PERF_STAT : "     0.071879558;CPU10;736;;UNC_M_CAS_COUNT.WR[UNIT1];10235282;100.00;;"
6440 [139972822947520] INFO perfrun.perfcollector <> - PERF_STAT : "     0.071879558;CPU0;1048;;UNC_M_CAS_COUNT.WR[UNIT4];10235961;100.00;;"
6440 [139972822947520] INFO perfrun.perfcollector <> - PERF_STAT : "     0.071879558;CPU10;168;;UNC_M_CAS_COUNT.WR[UNIT4];10235143;100.00;;"
6440 [139972822947520] INFO perfrun.perfcollector <> - PERF_STAT : "     0.071879558;CPU0;551;;UNC_M_CAS_COUNT.WR[UNIT5];10235961;100.00;;"
6440 [139972822947520] INFO perfrun.perfcollector <> - PERF_STAT : "     0.071879558;CPU10;711;;UNC_M_CAS_COUNT.WR[UNIT5];10235134;100.00;;"
6450 [139972822947520] INFO perfrun.perfcollector <> - PERF_STAT : "     0.082115785;CPU0;3332;;UNC_M_CAS_COUNT.RD[UNIT0];10236618;100.00;;"
6450 [139972822947520] INFO perfrun.perfcollector <> - PERF_STAT : "     0.082115785;CPU10;331;;UNC_M_CAS_COUNT.RD[UNIT0];10236761;100.00;;"
6450 [139972822947520] INFO perfrun.perfcollector <> - PERF_STAT : "     0.082115785;CPU0;2741;;UNC_M_CAS_COUNT.RD[UNIT1];10236809;100.00;;"
6450 [139972822947520] INFO perfrun.perfcollector <> - PERF_STAT : "     0.082115785;CPU10;876;;UNC_M_CAS_COUNT.RD[UNIT1];10236920;100.00;;"
6450 [139972822947520] INFO perfrun.perfcollector <> - PERF_STAT : "     0.082115785;CPU0;3378;;UNC_M_CAS_COUNT.RD[UNIT4];10236759;100.00;;"
6450 [139972822947520] INFO perfrun.perfcollector <> - PERF_STAT : "     0.082115785;CPU10;250;;UNC_M_CAS_COUNT.RD[UNIT4];10236956;100.00;;"
6450 [139972822947520] INFO perfrun.perfcollector <> - PERF_STAT : "     0.082115785;CPU0;2644;;UNC_M_CAS_COUNT.RD[UNIT5];10236615;100.00;;"
6450 [139972822947520] INFO perfrun.perfcollector <> - PERF_STAT : "     0.082115785;CPU10;807;;UNC_M_CAS_COUNT.RD[UNIT5];10236875;100.00;;"
6450 [139972822947520] INFO perfrun.perfcollector <> - PERF_STAT : "     0.082115785;CPU0;823;;UNC_M_CAS_COUNT.WR[UNIT0];10236598;100.00;;"
6450 [139972822947520] INFO perfrun.perfcollector <> - PERF_STAT : "     0.082115785;CPU10;198;;UNC_M_CAS_COUNT.WR[UNIT0];10236762;100.00;;"
6450 [139972822947520] INFO perfrun.perfcollector <> - PERF_STAT : "     0.082115785;CPU0;292;;UNC_M_CAS_COUNT.WR[UNIT1];10236584;100.00;;"
6450 [139972822947520] INFO perfrun.perfcollector <> - PERF_STAT : "     0.082115785;CPU10;724;;UNC_M_CAS_COUNT.WR[UNIT1];10236498;100.00;;"
6450 [139972822947520] INFO perfrun.perfcollector <> - PERF_STAT : "     0.082115785;CPU0;827;;UNC_M_CAS_COUNT.WR[UNIT4];10236572;100.00;;"
6450 [139972822947520] INFO perfrun.perfcollector <> - PERF_STAT : "     0.082115785;CPU10;145;;UNC_M_CAS_COUNT.WR[UNIT4];10236747;100.00;;"
6450 [139972822947520] INFO perfrun.perfcollector <> - PERF_STAT : "     0.082115785;CPU0;286;;UNC_M_CAS_COUNT.WR[UNIT5];10236585;100.00;;"
6450 [139972822947520] INFO perfrun.perfcollector <> - PERF_STAT : "     0.082115785;CPU10;703;;UNC_M_CAS_COUNT.WR[UNIT5];10236780;100.00;;"
6460 [139972822947520] INFO perfrun.perfcollector <> - PERF_STAT : "     0.092347505;CPU0;1587;;UNC_M_CAS_COUNT.RD[UNIT0];10230981;100.00;;"
6460 [139972822947520] INFO perfrun.perfcollector <> - PERF_STAT : "     0.092347505;CPU10;228;;UNC_M_CAS_COUNT.RD[UNIT0];10231187;100.00;;"
6460 [139972822947520] INFO perfrun.perfcollector <> - PERF_STAT : "     0.092347505;CPU0;1028;;UNC_M_CAS_COUNT.RD[UNIT1];10230757;100.00;;"
6460 [139972822947520] INFO perfrun.perfcollector <> - PERF_STAT : "     0.092347505;CPU10;760;;UNC_M_CAS_COUNT.RD[UNIT1];10231050;100.00;;"
6460 [139972822947520] INFO perfrun.perfcollector <> - PERF_STAT : "     0.092347505;CPU0;1551;;UNC_M_CAS_COUNT.RD[UNIT4];10230985;100.00;;"
6460 [139972822947520] INFO perfrun.perfcollector <> - PERF_STAT : "     0.092347505;CPU10;178;;UNC_M_CAS_COUNT.RD[UNIT4];10231219;100.00;;"
6461 [139972822947520] INFO perfrun.perfcollector <> - PERF_STAT : "     0.092347505;CPU0;1019;;UNC_M_CAS_COUNT.RD[UNIT5];10230963;100.00;;"
6461 [139972822947520] INFO perfrun.perfcollector <> - PERF_STAT : "     0.092347505;CPU10;723;;UNC_M_CAS_COUNT.RD[UNIT5];10231302;100.00;;"
6461 [139972822947520] INFO perfrun.perfcollector <> - PERF_STAT : "     0.092347505;CPU0;648;;UNC_M_CAS_COUNT.WR[UNIT0];10230958;100.00;;"
6461 [139972822947520] INFO perfrun.perfcollector <> - PERF_STAT : "     0.092347505;CPU10;71;;UNC_M_CAS_COUNT.WR[UNIT0];10231340;100.00;;"
6461 [139972822947520] INFO perfrun.perfcollector <> - PERF_STAT : "     0.092347505;CPU0;122;;UNC_M_CAS_COUNT.WR[UNIT1];10230958;100.00;;"
6461 [139972822947520] INFO perfrun.perfcollector <> - PERF_STAT : "     0.092347505;CPU10;598;;UNC_M_CAS_COUNT.WR[UNIT1];10231351;100.00;;"
6461 [139972822947520] INFO perfrun.perfcollector <> - PERF_STAT : "     0.092347505;CPU0;663;;UNC_M_CAS_COUNT.WR[UNIT4];10230942;100.00;;"
6461 [139972822947520] INFO perfrun.perfcollector <> - PERF_STAT : "     0.092347505;CPU10;52;;UNC_M_CAS_COUNT.WR[UNIT4];10231101;100.00;;"
6461 [139972822947520] INFO perfrun.perfcollector <> - PERF_STAT : "     0.092347505;CPU0;115;;UNC_M_CAS_COUNT.WR[UNIT5];10230886;100.00;;"
6461 [139972822947520] INFO perfrun.perfcollector <> - PERF_STAT : "     0.092347505;CPU10;590;;UNC_M_CAS_COUNT.WR[UNIT5];10231120;100.00;;"
6471 [139972822947520] INFO perfrun.perfcollector <> - PERF_STAT : "     0.102578484;CPU0;808;;UNC_M_CAS_COUNT.RD[UNIT0];10233115;100.00;;"
6471 [139972822947520] INFO perfrun.perfcollector <> - PERF_STAT : "     0.102578484;CPU10;150;;UNC_M_CAS_COUNT.RD[UNIT0];10232493;100.00;;"
6471 [139972822947520] INFO perfrun.perfcollector <> - PERF_STAT : "     0.102578484;CPU0;284;;UNC_M_CAS_COUNT.RD[UNIT1];10233045;100.00;;"
6471 [139972822947520] INFO perfrun.perfcollector <> - PERF_STAT : "     0.102578484;CPU10;690;;UNC_M_CAS_COUNT.RD[UNIT1];10232486;100.00;;"
6471 [139972822947520] INFO perfrun.perfcollector <> - PERF_STAT : "     0.102578484;CPU0;796;;UNC_M_CAS_COUNT.RD[UNIT4];10232666;100.00;;"
6471 [139972822947520] INFO perfrun.perfcollector <> - PERF_STAT : "     0.102578484;CPU10;126;;UNC_M_CAS_COUNT.RD[UNIT4];10232314;100.00;;"
6471 [139972822947520] INFO perfrun.perfcollector <> - PERF_STAT : "     0.102578484;CPU0;248;;UNC_M_CAS_COUNT.RD[UNIT5];10232693;100.00;;"
6471 [139972822947520] INFO perfrun.perfcollector <> - PERF_STAT : "     0.102578484;CPU10;678;;UNC_M_CAS_COUNT.RD[UNIT5];10232268;100.00;;"
6471 [139972822947520] INFO perfrun.perfcollector <> - PERF_STAT : "     0.102578484;CPU0;561;;UNC_M_CAS_COUNT.WR[UNIT0];10232777;100.00;;"
6471 [139972822947520] INFO perfrun.perfcollector <> - PERF_STAT : "     0.102578484;CPU10;72;;UNC_M_CAS_COUNT.WR[UNIT0];10232247;100.00;;"
6471 [139972822947520] INFO perfrun.perfcollector <> - PERF_STAT : "     0.102578484;CPU0;32;;UNC_M_CAS_COUNT.WR[UNIT1];10232745;100.00;;"
6471 [139972822947520] INFO perfrun.perfcollector <> - PERF_STAT : "     0.102578484;CPU10;631;;UNC_M_CAS_COUNT.WR[UNIT1];10232321;100.00;;"
6471 [139972822947520] INFO perfrun.perfcollector <> - PERF_STAT : "     0.102578484;CPU0;560;;UNC_M_CAS_COUNT.WR[UNIT4];10232744;100.00;;"
6471 [139972822947520] INFO perfrun.perfcollector <> - PERF_STAT : "     0.102578484;CPU10;61;;UNC_M_CAS_COUNT.WR[UNIT4];10232552;100.00;;"
6471 [139972822947520] INFO perfrun.perfcollector <> - PERF_STAT : "     0.102578484;CPU0;23;;UNC_M_CAS_COUNT.WR[UNIT5];10232749;100.00;;"
6471 [139972822947520] INFO perfrun.perfcollector <> - PERF_STAT : "     0.102578484;CPU10;599;;UNC_M_CAS_COUNT.WR[UNIT5];10232514;100.00;;"
6481 [139972822947520] INFO perfrun.perfcollector <> - PERF_STAT : "     0.112809906;CPU0;1142;;UNC_M_CAS_COUNT.RD[UNIT0];10229116;100.00;;"
6481 [139972822947520] INFO perfrun.perfcollector <> - PERF_STAT : "     0.112809906;CPU10;120;;UNC_M_CAS_COUNT.RD[UNIT0];10229141;100.00;;"
6481 [139972822947520] INFO perfrun.perfcollector <> - PERF_STAT : "     0.112809906;CPU0;583;;UNC_M_CAS_COUNT.RD[UNIT1];10229186;100.00;;"
6481 [139972822947520] INFO perfrun.perfcollector <> - PERF_STAT : "     0.112809906;CPU10;654;;UNC_M_CAS_COUNT.RD[UNIT1];10229261;100.00;;"
6481 [139972822947520] INFO perfrun.perfcollector <> - PERF_STAT : "     0.112809906;CPU0;1109;;UNC_M_CAS_COUNT.RD[UNIT4];10229265;100.00;;"
6481 [139972822947520] INFO perfrun.perfcollector <> - PERF_STAT : "     0.112809906;CPU10;102;;UNC_M_CAS_COUNT.RD[UNIT4];10229196;100.00;;"
6481 [139972822947520] INFO perfrun.perfcollector <> - PERF_STAT : "     0.112809906;CPU0;591;;UNC_M_CAS_COUNT.RD[UNIT5];10229168;100.00;;"
6481 [139972822947520] INFO perfrun.perfcollector <> - PERF_STAT : "     0.112809906;CPU10;654;;UNC_M_CAS_COUNT.RD[UNIT5];10229172;100.00;;"
6481 [139972822947520] INFO perfrun.perfcollector <> - PERF_STAT : "     0.112809906;CPU0;606;;UNC_M_CAS_COUNT.WR[UNIT0];10229128;100.00;;"
6481 [139972822947520] INFO perfrun.perfcollector <> - PERF_STAT : "     0.112809906;CPU10;63;;UNC_M_CAS_COUNT.WR[UNIT0];10229183;100.00;;"
6481 [139972822947520] INFO perfrun.perfcollector <> - PERF_STAT : "     0.112809906;CPU0;69;;UNC_M_CAS_COUNT.WR[UNIT1];10229129;100.00;;"
6481 [139972822947520] INFO perfrun.perfcollector <> - PERF_STAT : "     0.112809906;CPU10;589;;UNC_M_CAS_COUNT.WR[UNIT1];10229109;100.00;;"
6481 [139972822947520] INFO perfrun.perfcollector <> - PERF_STAT : "     0.112809906;CPU0;594;;UNC_M_CAS_COUNT.WR[UNIT4];10229220;100.00;;"
6481 [139972822947520] INFO perfrun.perfcollector <> - PERF_STAT : "     0.112809906;CPU10;57;;UNC_M_CAS_COUNT.WR[UNIT4];10228840;100.00;;"
6481 [139972822947520] INFO perfrun.perfcollector <> - PERF_STAT : "     0.112809906;CPU0;64;;UNC_M_CAS_COUNT.WR[UNIT5];10229228;100.00;;"
6481 [139972822947520] INFO perfrun.perfcollector <> - PERF_STAT : "     0.112809906;CPU10;597;;UNC_M_CAS_COUNT.WR[UNIT5];10228802;100.00;;"
6491 [139972822947520] INFO perfrun.perfcollector <> - PERF_STAT : "     0.123040972;CPU0;2116;;UNC_M_CAS_COUNT.RD[UNIT0];10232232;100.00;;"
6491 [139972822947520] INFO perfrun.perfcollector <> - PERF_STAT : "     0.123040972;CPU10;94;;UNC_M_CAS_COUNT.RD[UNIT0];10232216;100.00;;"
6491 [139972822947520] INFO perfrun.perfcollector <> - PERF_STAT : "     0.123040972;CPU0;1576;;UNC_M_CAS_COUNT.RD[UNIT1];10232154;100.00;;"
6491 [139972822947520] INFO perfrun.perfcollector <> - PERF_STAT : "     0.123040972;CPU10;626;;UNC_M_CAS_COUNT.RD[UNIT1];10232014;100.00;;"
6491 [139972822947520] INFO perfrun.perfcollector <> - PERF_STAT : "     0.123040972;CPU0;2089;;UNC_M_CAS_COUNT.RD[UNIT4];10232041;100.00;;"
6491 [139972822947520] INFO perfrun.perfcollector <> - PERF_STAT : "     0.123040972;CPU10;69;;UNC_M_CAS_COUNT.RD[UNIT4];10231996;100.00;;"
6491 [139972822947520] INFO perfrun.perfcollector <> - PERF_STAT : "     0.123040972;CPU0;1572;;UNC_M_CAS_COUNT.RD[UNIT5];10232038;100.00;;"
6491 [139972822947520] INFO perfrun.perfcollector <> - PERF_STAT : "     0.123040972;CPU10;624;;UNC_M_CAS_COUNT.RD[UNIT5];10231975;100.00;;"
6491 [139972822947520] INFO perfrun.perfcollector <> - PERF_STAT : "     0.123040972;CPU0;744;;UNC_M_CAS_COUNT.WR[UNIT0];10231971;100.00;;"
6491 [139972822947520] INFO perfrun.perfcollector <> - PERF_STAT : "     0.123040972;CPU10;66;;UNC_M_CAS_COUNT.WR[UNIT0];10232114;100.00;;"
6491 [139972822947520] INFO perfrun.perfcollector <> - PERF_STAT : "     0.123040972;CPU0;184;;UNC_M_CAS_COUNT.WR[UNIT1];10232119;100.00;;"
6491 [139972822947520] INFO perfrun.perfcollector <> - PERF_STAT : "     0.123040972;CPU10;594;;UNC_M_CAS_COUNT.WR[UNIT1];10232100;100.00;;"
6491 [139972822947520] INFO perfrun.perfcollector <> - PERF_STAT : "     0.123040972;CPU0;719;;UNC_M_CAS_COUNT.WR[UNIT4];10232125;100.00;;"
6491 [139972822947520] INFO perfrun.perfcollector <> - PERF_STAT : "     0.123040972;CPU10;59;;UNC_M_CAS_COUNT.WR[UNIT4];10232119;100.00;;"
6491 [139972822947520] INFO perfrun.perfcollector <> - PERF_STAT : "     0.123040972;CPU0;182;;UNC_M_CAS_COUNT.WR[UNIT5];10232106;100.00;;"
6491 [139972822947520] INFO perfrun.perfcollector <> - PERF_STAT : "     0.123040972;CPU10;589;;UNC_M_CAS_COUNT.WR[UNIT5];10232118;100.00;;"
6501 [139972822947520] INFO perfrun.perfcollector <> - PERF_STAT : "     0.133272089;CPU0;2388;;UNC_M_CAS_COUNT.RD[UNIT0];10230483;100.00;;"
6501 [139972822947520] INFO perfrun.perfcollector <> - PERF_STAT : "     0.133272089;CPU10;102;;UNC_M_CAS_COUNT.RD[UNIT0];10230443;100.00;;"
6501 [139972822947520] INFO perfrun.perfcollector <> - PERF_STAT : "     0.133272089;CPU0;1862;;UNC_M_CAS_COUNT.RD[UNIT1];10230493;100.00;;"
6501 [139972822947520] INFO perfrun.perfcollector <> - PERF_STAT : "     0.133272089;CPU10;631;;UNC_M_CAS_COUNT.RD[UNIT1];10230646;100.00;;"
6501 [139972822947520] INFO perfrun.perfcollector <> - PERF_STAT : "     0.133272089;CPU0;2386;;UNC_M_CAS_COUNT.RD[UNIT4];10230593;100.00;;"
6501 [139972822947520] INFO perfrun.perfcollector <> - PERF_STAT : "     0.133272089;CPU10;79;;UNC_M_CAS_COUNT.RD[UNIT4];10230789;100.00;;"
6501 [139972822947520] INFO perfrun.perfcollector <> - PERF_STAT : "     0.133272089;CPU0;1856;;UNC_M_CAS_COUNT.RD[UNIT5];10230763;100.00;;"
6501 [139972822947520] INFO perfrun.perfcollector <> - PERF_STAT : "     0.133272089;CPU10;635;;UNC_M_CAS_COUNT.RD[UNIT5];10230770;100.00;;"
6501 [139972822947520] INFO perfrun.perfcollector <> - PERF_STAT : "     0.133272089;CPU0;768;;UNC_M_CAS_COUNT.WR[UNIT0];10230805;100.00;;"
6501 [139972822947520] INFO perfrun.perfcollector <> - PERF_STAT : "     0.133272089;CPU10;81;;UNC_M_CAS_COUNT.WR[UNIT0];10230614;100.00;;"
6501 [139972822947520] INFO perfrun.perfcollector <> - PERF_STAT : "     0.133272089;CPU0;261;;UNC_M_CAS_COUNT.WR[UNIT1];10230745;100.00;;"
6501 [139972822947520] INFO perfrun.perfcollector <> - PERF_STAT : "     0.133272089;CPU10;606;;UNC_M_CAS_COUNT.WR[UNIT1];10230621;100.00;;"
6501 [139972822947520] INFO perfrun.perfcollector <> - PERF_STAT : "     0.133272089;CPU0;779;;UNC_M_CAS_COUNT.WR[UNIT4];10230646;100.00;;"
6502 [139972822947520] INFO perfrun.perfcollector <> - PERF_STAT : "     0.133272089;CPU10;78;;UNC_M_CAS_COUNT.WR[UNIT4];10230602;100.00;;"
6502 [139972822947520] INFO perfrun.perfcollector <> - PERF_STAT : "     0.133272089;CPU0;246;;UNC_M_CAS_COUNT.WR[UNIT5];10230656;100.00;;"
6502 [139972822947520] INFO perfrun.perfcollector <> - PERF_STAT : "     0.133272089;CPU10;596;;UNC_M_CAS_COUNT.WR[UNIT5];10230599;100.00;;"
6512 [139972822947520] INFO perfrun.perfcollector <> - PERF_STAT : "     0.143501826;CPU0;3249;;UNC_M_CAS_COUNT.RD[UNIT0];10229909;100.00;;"
6512 [139972822947520] INFO perfrun.perfcollector <> - PERF_STAT : "     0.143501826;CPU10;1310;;UNC_M_CAS_COUNT.RD[UNIT0];10230046;100.00;;"
6512 [139972822947520] INFO perfrun.perfcollector <> - PERF_STAT : "     0.143501826;CPU0;2706;;UNC_M_CAS_COUNT.RD[UNIT1];10229860;100.00;;"
6512 [139972822947520] INFO perfrun.perfcollector <> - PERF_STAT : "     0.143501826;CPU10;1851;;UNC_M_CAS_COUNT.RD[UNIT1];10229914;100.00;;"
6512 [139972822947520] INFO perfrun.perfcollector <> - PERF_STAT : "     0.143501826;CPU0;3252;;UNC_M_CAS_COUNT.RD[UNIT4];10229903;100.00;;"
6512 [139972822947520] INFO perfrun.perfcollector <> - PERF_STAT : "     0.143501826;CPU10;1295;;UNC_M_CAS_COUNT.RD[UNIT4];10229763;100.00;;"
6512 [139972822947520] INFO perfrun.perfcollector <> - PERF_STAT : "     0.143501826;CPU0;2704;;UNC_M_CAS_COUNT.RD[UNIT5];10229851;100.00;;"
6512 [139972822947520] INFO perfrun.perfcollector <> - PERF_STAT : "     0.143501826;CPU10;1851;;UNC_M_CAS_COUNT.RD[UNIT5];10229742;100.00;;"
6512 [139972822947520] INFO perfrun.perfcollector <> - PERF_STAT : "     0.143501826;CPU0;1099;;UNC_M_CAS_COUNT.WR[UNIT0];10229833;100.00;;"
6512 [139972822947520] INFO perfrun.perfcollector <> - PERF_STAT : "     0.143501826;CPU10;163;;UNC_M_CAS_COUNT.WR[UNIT0];10229734;100.00;;"
6512 [139972822947520] INFO perfrun.perfcollector <> - PERF_STAT : "     0.143501826;CPU0;572;;UNC_M_CAS_COUNT.WR[UNIT1];10229743;100.00;;"
6512 [139972822947520] INFO perfrun.perfcollector <> - PERF_STAT : "     0.143501826;CPU10;698;;UNC_M_CAS_COUNT.WR[UNIT1];10229732;100.00;;"
6512 [139972822947520] INFO perfrun.perfcollector <> - PERF_STAT : "     0.143501826;CPU0;1121;;UNC_M_CAS_COUNT.WR[UNIT4];10229728;100.00;;"
6512 [139972822947520] INFO perfrun.perfcollector <> - PERF_STAT : "     0.143501826;CPU10;121;;UNC_M_CAS_COUNT.WR[UNIT4];10229767;100.00;;"
6512 [139972822947520] INFO perfrun.perfcollector <> - PERF_STAT : "     0.143501826;CPU0;569;;UNC_M_CAS_COUNT.WR[UNIT5];10229716;100.00;;"
6512 [139972822947520] INFO perfrun.perfcollector <> - PERF_STAT : "     0.143501826;CPU10;671;;UNC_M_CAS_COUNT.WR[UNIT5];10229776;100.00;;"
6522 [139972822947520] INFO perfrun.perfcollector <> - PERF_STAT : "     0.153732969;CPU0;2458;;UNC_M_CAS_COUNT.RD[UNIT0];10231299;100.00;;"
6522 [139972822947520] INFO perfrun.perfcollector <> - PERF_STAT : "     0.153732969;CPU10;796;;UNC_M_CAS_COUNT.RD[UNIT0];10230945;100.00;;"
6522 [139972822947520] INFO perfrun.perfcollector <> - PERF_STAT : "     0.153732969;CPU0;1903;;UNC_M_CAS_COUNT.RD[UNIT1];10231420;100.00;;"
6522 [139972822947520] INFO perfrun.perfcollector <> - PERF_STAT : "     0.153732969;CPU10;1290;;UNC_M_CAS_COUNT.RD[UNIT1];10230882;100.00;;"
6522 [139972822947520] INFO perfrun.perfcollector <> - PERF_STAT : "     0.153732969;CPU0;2440;;UNC_M_CAS_COUNT.RD[UNIT4];10231349;100.00;;"
6522 [139972822947520] INFO perfrun.perfcollector <> - PERF_STAT : "     0.153732969;CPU10;727;;UNC_M_CAS_COUNT.RD[UNIT4];10230998;100.00;;"
6522 [139972822947520] INFO perfrun.perfcollector <> - PERF_STAT : "     0.153732969;CPU0;1929;;UNC_M_CAS_COUNT.RD[UNIT5];10231230;100.00;;"
6522 [139972822947520] INFO perfrun.perfcollector <> - PERF_STAT : "     0.153732969;CPU10;1322;;UNC_M_CAS_COUNT.RD[UNIT5];10231178;100.00;;"
6522 [139972822947520] INFO perfrun.perfcollector <> - PERF_STAT : "     0.153732969;CPU0;944;;UNC_M_CAS_COUNT.WR[UNIT0];10231318;100.00;;"
6522 [139972822947520] INFO perfrun.perfcollector <> - PERF_STAT : "     0.153732969;CPU10;113;;UNC_M_CAS_COUNT.WR[UNIT0];10231181;100.00;;"
6522 [139972822947520] INFO perfrun.perfcollector <> - PERF_STAT : "     0.153732969;CPU0;386;;UNC_M_CAS_COUNT.WR[UNIT1];10231405;100.00;;"
6522 [139972822947520] INFO perfrun.perfcollector <> - PERF_STAT : "     0.153732969;CPU10;639;;UNC_M_CAS_COUNT.WR[UNIT1];10231194;100.00;;"
6522 [139972822947520] INFO perfrun.perfcollector <> - PERF_STAT : "     0.153732969;CPU0;953;;UNC_M_CAS_COUNT.WR[UNIT4];10231500;100.00;;"
6522 [139972822947520] INFO perfrun.perfcollector <> - PERF_STAT : "     0.153732969;CPU10;93;;UNC_M_CAS_COUNT.WR[UNIT4];10231153;100.00;;"
6522 [139972822947520] INFO perfrun.perfcollector <> - PERF_STAT : "     0.153732969;CPU0;396;;UNC_M_CAS_COUNT.WR[UNIT5];10231510;100.00;;"
6522 [139972822947520] INFO perfrun.perfcollector <> - PERF_STAT : "     0.153732969;CPU10;647;;UNC_M_CAS_COUNT.WR[UNIT5];10231153;100.00;;"
6532 [139972822947520] INFO perfrun.perfcollector <> - PERF_STAT : "     0.163969375;CPU0;1624;;UNC_M_CAS_COUNT.RD[UNIT0];10236418;100.00;;"
6532 [139972822947520] INFO perfrun.perfcollector <> - PERF_STAT : "     0.163969375;CPU10;1082;;UNC_M_CAS_COUNT.RD[UNIT0];10236289;100.00;;"
6532 [139972822947520] INFO perfrun.perfcollector <> - PERF_STAT : "     0.163969375;CPU0;1085;;UNC_M_CAS_COUNT.RD[UNIT1];10236587;100.00;;"
6532 [139972822947520] INFO perfrun.perfcollector <> - PERF_STAT : "     0.163969375;CPU10;1611;;UNC_M_CAS_COUNT.RD[UNIT1];10236609;100.00;;"
6532 [139972822947520] INFO perfrun.perfcollector <> - PERF_STAT : "     0.163969375;CPU0;1609;;UNC_M_CAS_COUNT.RD[UNIT4];10236537;100.00;;"
6532 [139972822947520] INFO perfrun.perfcollector <> - PERF_STAT : "     0.163969375;CPU10;1057;;UNC_M_CAS_COUNT.RD[UNIT4];10236516;100.00;;"
6532 [139972822947520] INFO perfrun.perfcollector <> - PERF_STAT : "     0.163969375;CPU0;1094;;UNC_M_CAS_COUNT.RD[UNIT5];10236553;100.00;;"
6532 [139972822947520] INFO perfrun.perfcollector <> - PERF_STAT : "     0.163969375;CPU10;1607;;UNC_M_CAS_COUNT.RD[UNIT5];10236380;100.00;;"
6532 [139972822947520] INFO perfrun.perfcollector <> - PERF_STAT : "     0.163969375;CPU0;873;;UNC_M_CAS_COUNT.WR[UNIT0];10236574;100.00;;"
6532 [139972822947520] INFO perfrun.perfcollector <> - PERF_STAT : "     0.163969375;CPU10;62;;UNC_M_CAS_COUNT.WR[UNIT0];10236373;100.00;;"
6532 [139972822947520] INFO perfrun.perfcollector <> - PERF_STAT : "     0.163969375;CPU0;360;;UNC_M_CAS_COUNT.WR[UNIT1];10236548;100.00;;"
6532 [139972822947520] INFO perfrun.perfcollector <> - PERF_STAT : "     0.163969375;CPU10;598;;UNC_M_CAS_COUNT.WR[UNIT1];10236357;100.00;;"
6532 [139972822947520] INFO perfrun.perfcollector <> - PERF_STAT : "     0.163969375;CPU0;881;;UNC_M_CAS_COUNT.WR[UNIT4];10236456;100.00;;"
6532 [139972822947520] INFO perfrun.perfcollector <> - PERF_STAT : "     0.163969375;CPU10;77;;UNC_M_CAS_COUNT.WR[UNIT4];10236380;100.00;;"
6532 [139972822947520] INFO perfrun.perfcollector <> - PERF_STAT : "     0.163969375;CPU0;333;;UNC_M_CAS_COUNT.WR[UNIT5];10236451;100.00;;"
6532 [139972822947520] INFO perfrun.perfcollector <> - PERF_STAT : "     0.163969375;CPU10;596;;UNC_M_CAS_COUNT.WR[UNIT5];10236367;100.00;;"
6542 [139972822947520] INFO perfrun.perfcollector <> - PERF_STAT : "     0.174198728;CPU0;1269;;UNC_M_CAS_COUNT.RD[UNIT0];10229620;100.00;;"
6542 [139972822947520] INFO perfrun.perfcollector <> - PERF_STAT : "     0.174198728;CPU10;1163;;UNC_M_CAS_COUNT.RD[UNIT0];10229511;100.00;;"
6542 [139972822947520] INFO perfrun.perfcollector <> - PERF_STAT : "     0.174198728;CPU0;736;;UNC_M_CAS_COUNT.RD[UNIT1];10229347;100.00;;"
6542 [139972822947520] INFO perfrun.perfcollector <> - PERF_STAT : "     0.174198728;CPU10;1678;;UNC_M_CAS_COUNT.RD[UNIT1];10229291;100.00;;"
6542 [139972822947520] INFO perfrun.perfcollector <> - PERF_STAT : "     0.174198728;CPU0;1271;;UNC_M_CAS_COUNT.RD[UNIT4];10229332;100.00;;"
6542 [139972822947520] INFO perfrun.perfcollector <> - PERF_STAT : "     0.174198728;CPU10;1144;;UNC_M_CAS_COUNT.RD[UNIT4];10229307;100.00;;"
6542 [139972822947520] INFO perfrun.perfcollector <> - PERF_STAT : "     0.174198728;CPU0;754;;UNC_M_CAS_COUNT.RD[UNIT5];10229441;100.00;;"
6542 [139972822947520] INFO perfrun.perfcollector <> - PERF_STAT : "     0.174198728;CPU10;1694;;UNC_M_CAS_COUNT.RD[UNIT5];10229308;100.00;;"
6542 [139972822947520] INFO perfrun.perfcollector <> - PERF_STAT : "     0.174198728;CPU0;837;;UNC_M_CAS_COUNT.WR[UNIT0];10229361;100.00;;"
6542 [139972822947520] INFO perfrun.perfcollector <> - PERF_STAT : "     0.174198728;CPU10;89;;UNC_M_CAS_COUNT.WR[UNIT0];10229455;100.00;;"
6542 [139972822947520] INFO perfrun.perfcollector <> - PERF_STAT : "     0.174198728;CPU0;311;;UNC_M_CAS_COUNT.WR[UNIT1];10229299;100.00;;"
6542 [139972822947520] INFO perfrun.perfcollector <> - PERF_STAT : "     0.174198728;CPU10;625;;UNC_M_CAS_COUNT.WR[UNIT1];10229455;100.00;;"
6542 [139972822947520] INFO perfrun.perfcollector <> - PERF_STAT : "     0.174198728;CPU0;855;;UNC_M_CAS_COUNT.WR[UNIT4];10229308;100.00;;"
6542 [139972822947520] INFO perfrun.perfcollector <> - PERF_STAT : "     0.174198728;CPU10;70;;UNC_M_CAS_COUNT.WR[UNIT4];10229476;100.00;;"
6542 [139972822947520] INFO perfrun.perfcollector <> - PERF_STAT : "     0.174198728;CPU0;321;;UNC_M_CAS_COUNT.WR[UNIT5];10229294;100.00;;"
6542 [139972822947520] INFO perfrun.perfcollector <> - PERF_STAT : "     0.174198728;CPU10;608;;UNC_M_CAS_COUNT.WR[UNIT5];10229726;100.00;;"
6552 [139972822947520] INFO perfrun.perfcollector <> - PERF_STAT : "     0.184432173;CPU0;2125;;UNC_M_CAS_COUNT.RD[UNIT0];10233693;100.00;;"
6553 [139972822947520] INFO perfrun.perfcollector <> - PERF_STAT : "     0.184432173;CPU10;201;;UNC_M_CAS_COUNT.RD[UNIT0];10234153;100.00;;"
6553 [139972822947520] INFO perfrun.perfcollector <> - PERF_STAT : "     0.184432173;CPU0;1573;;UNC_M_CAS_COUNT.RD[UNIT1];10233724;100.00;;"
6553 [139972822947520] INFO perfrun.perfcollector <> - PERF_STAT : "     0.184432173;CPU10;744;;UNC_M_CAS_COUNT.RD[UNIT1];10234211;100.00;;"
6553 [139972822947520] INFO perfrun.perfcollector <> - PERF_STAT : "     0.184432173;CPU0;2073;;UNC_M_CAS_COUNT.RD[UNIT4];10233872;100.00;;"
6553 [139972822947520] INFO perfrun.perfcollector <> - PERF_STAT : "     0.184432173;CPU10;146;;UNC_M_CAS_COUNT.RD[UNIT4];10234306;100.00;;"
6553 [139972822947520] INFO perfrun.perfcollector <> - PERF_STAT : "     0.184432173;CPU0;1592;;UNC_M_CAS_COUNT.RD[UNIT5];10233843;100.00;;"
6553 [139972822947520] INFO perfrun.perfcollector <> - PERF_STAT : "     0.184432173;CPU10;744;;UNC_M_CAS_COUNT.RD[UNIT5];10234252;100.00;;"
6553 [139972822947520] INFO perfrun.perfcollector <> - PERF_STAT : "     0.184432173;CPU0;847;;UNC_M_CAS_COUNT.WR[UNIT0];10233782;100.00;;"
6553 [139972822947520] INFO perfrun.perfcollector <> - PERF_STAT : "     0.184432173;CPU10;77;;UNC_M_CAS_COUNT.WR[UNIT0];10234117;100.00;;"
6553 [139972822947520] INFO perfrun.perfcollector <> - PERF_STAT : "     0.184432173;CPU0;322;;UNC_M_CAS_COUNT.WR[UNIT1];10233784;100.00;;"
6553 [139972822947520] INFO perfrun.perfcollector <> - PERF_STAT : "     0.184432173;CPU10;626;;UNC_M_CAS_COUNT.WR[UNIT1];10234206;100.00;;"
6553 [139972822947520] INFO perfrun.perfcollector <> - PERF_STAT : "     0.184432173;CPU0;850;;UNC_M_CAS_COUNT.WR[UNIT4];10233768;100.00;;"
6553 [139972822947520] INFO perfrun.perfcollector <> - PERF_STAT : "     0.184432173;CPU10;70;;UNC_M_CAS_COUNT.WR[UNIT4];10234192;100.00;;"
6553 [139972822947520] INFO perfrun.perfcollector <> - PERF_STAT : "     0.184432173;CPU0;349;;UNC_M_CAS_COUNT.WR[UNIT5];10233786;100.00;;"
6553 [139972822947520] INFO perfrun.perfcollector <> - PERF_STAT : "     0.184432173;CPU10;602;;UNC_M_CAS_COUNT.WR[UNIT5];10233946;100.00;;"
6563 [139972822947520] INFO perfrun.perfcollector <> - PERF_STAT : "     0.194663340;CPU0;1643;;UNC_M_CAS_COUNT.RD[UNIT0];10231613;100.00;;"
6563 [139972822947520] INFO perfrun.perfcollector <> - PERF_STAT : "     0.194663340;CPU10;478;;UNC_M_CAS_COUNT.RD[UNIT0];10231110;100.00;;"
6563 [139972822947520] INFO perfrun.perfcollector <> - PERF_STAT : "     0.194663340;CPU0;1111;;UNC_M_CAS_COUNT.RD[UNIT1];10231591;100.00;;"
6563 [139972822947520] INFO perfrun.perfcollector <> - PERF_STAT : "     0.194663340;CPU10;991;;UNC_M_CAS_COUNT.RD[UNIT1];10231005;100.00;;"
6563 [139972822947520] INFO perfrun.perfcollector <> - PERF_STAT : "     0.194663340;CPU0;1646;;UNC_M_CAS_COUNT.RD[UNIT4];10231500;100.00;;"
6563 [139972822947520] INFO perfrun.perfcollector <> - PERF_STAT : "     0.194663340;CPU10;437;;UNC_M_CAS_COUNT.RD[UNIT4];10230882;100.00;;"
6563 [139972822947520] INFO perfrun.perfcollector <> - PERF_STAT : "     0.194663340;CPU0;1125;;UNC_M_CAS_COUNT.RD[UNIT5];10231418;100.00;;"
6563 [139972822947520] INFO perfrun.perfcollector <> - PERF_STAT : "     0.194663340;CPU10;981;;UNC_M_CAS_COUNT.RD[UNIT5];10231047;100.00;;"
6563 [139972822947520] INFO perfrun.perfcollector <> - PERF_STAT : "     0.194663340;CPU0;791;;UNC_M_CAS_COUNT.WR[UNIT0];10231521;100.00;;"
6563 [139972822947520] INFO perfrun.perfcollector <> - PERF_STAT : "     0.194663340;CPU10;80;;UNC_M_CAS_COUNT.WR[UNIT0];10231111;100.00;;"
6563 [139972822947520] INFO perfrun.perfcollector <> - PERF_STAT : "     0.194663340;CPU0;271;;UNC_M_CAS_COUNT.WR[UNIT1];10231571;100.00;;"
6563 [139972822947520] INFO perfrun.perfcollector <> - PERF_STAT : "     0.194663340;CPU10;608;;UNC_M_CAS_COUNT.WR[UNIT1];10231121;100.00;;"
6563 [139972822947520] INFO perfrun.perfcollector <> - PERF_STAT : "     0.194663340;CPU0;822;;UNC_M_CAS_COUNT.WR[UNIT4];10231580;100.00;;"
6563 [139972822947520] INFO perfrun.perfcollector <> - PERF_STAT : "     0.194663340;CPU10;78;;UNC_M_CAS_COUNT.WR[UNIT4];10231126;100.00;;"
6563 [139972822947520] INFO perfrun.perfcollector <> - PERF_STAT : "     0.194663340;CPU0;255;;UNC_M_CAS_COUNT.WR[UNIT5];10231556;100.00;;"
6563 [139972822947520] INFO perfrun.perfcollector <> - PERF_STAT : "     0.194663340;CPU10;604;;UNC_M_CAS_COUNT.WR[UNIT5];10231137;100.00;;"
6573 [139972822947520] INFO perfrun.perfcollector <> - PERF_STAT : "     0.204878537;CPU0;4031;;UNC_M_CAS_COUNT.RD[UNIT0];10210794;100.00;;"
6573 [139972822947520] INFO perfrun.perfcollector <> - PERF_STAT : "     0.204878537;CPU10;1081;;UNC_M_CAS_COUNT.RD[UNIT0];10225079;100.00;;"
6573 [139972822947520] INFO perfrun.perfcollector <> - PERF_STAT : "     0.204878537;CPU0;3343;;UNC_M_CAS_COUNT.RD[UNIT1];10211126;100.00;;"
6573 [139972822947520] INFO perfrun.perfcollector <> - PERF_STAT : "     0.204878537;CPU10;1591;;UNC_M_CAS_COUNT.RD[UNIT1];10225455;100.00;;"
6573 [139972822947520] INFO perfrun.perfcollector <> - PERF_STAT : "     0.204878537;CPU0;4305;;UNC_M_CAS_COUNT.RD[UNIT4];10211295;100.00;;"
6573 [139972822947520] INFO perfrun.perfcollector <> - PERF_STAT : "     0.204878537;CPU10;3788;;UNC_M_CAS_COUNT.RD[UNIT4];10225665;100.00;;"
6573 [139972822947520] INFO perfrun.perfcollector <> - PERF_STAT : "     0.204878537;CPU0;3753;;UNC_M_CAS_COUNT.RD[UNIT5];10211441;100.00;;"
6573 [139972822947520] INFO perfrun.perfcollector <> - PERF_STAT : "     0.204878537;CPU10;4480;;UNC_M_CAS_COUNT.RD[UNIT5];10225709;100.00;;"
6573 [139972822947520] INFO perfrun.perfcollector <> - PERF_STAT : "     0.204878537;CPU0;5792;;UNC_M_CAS_COUNT.WR[UNIT0];10211603;100.00;;"
6573 [139972822947520] INFO perfrun.perfcollector <> - PERF_STAT : "     0.204878537;CPU10;1148;;UNC_M_CAS_COUNT.WR[UNIT0];10225856;100.00;;"
6573 [139972822947520] INFO perfrun.perfcollector <> - PERF_STAT : "     0.204878537;CPU0;5291;;UNC_M_CAS_COUNT.WR[UNIT1];10211830;100.00;;"
6573 [139972822947520] INFO perfrun.perfcollector <> - PERF_STAT : "     0.204878537;CPU10;1751;;UNC_M_CAS_COUNT.WR[UNIT1];10225976;100.00;;"
6573 [139972822947520] INFO perfrun.perfcollector <> - PERF_STAT : "     0.204878537;CPU0;5935;;UNC_M_CAS_COUNT.WR[UNIT4];10212022;100.00;;"
6573 [139972822947520] INFO perfrun.perfcollector <> - PERF_STAT : "     0.204878537;CPU10;1262;;UNC_M_CAS_COUNT.WR[UNIT4];10226406;100.00;;"
6573 [139972822947520] INFO perfrun.perfcollector <> - PERF_STAT : "     0.204878537;CPU0;5255;;UNC_M_CAS_COUNT.WR[UNIT5];10212261;100.00;;"
6573 [139972822947520] INFO perfrun.perfcollector <> - PERF_STAT : "     0.204878537;CPU10;1822;;UNC_M_CAS_COUNT.WR[UNIT5];10226623;100.00;;"
6583 [139972822947520] INFO perfrun.perfcollector <> - PERF_STAT : "     0.215122554;CPU0;2152;;UNC_M_CAS_COUNT.RD[UNIT0];10223590;100.00;;"
6583 [139972822947520] INFO perfrun.perfcollector <> - PERF_STAT : "     0.215122554;CPU10;1163;;UNC_M_CAS_COUNT.RD[UNIT0];10207391;100.00;;"
6583 [139972822947520] INFO perfrun.perfcollector <> - PERF_STAT : "     0.215122554;CPU0;1404;;UNC_M_CAS_COUNT.RD[UNIT1];10222958;100.00;;"
6583 [139972822947520] INFO perfrun.perfcollector <> - PERF_STAT : "     0.215122554;CPU10;1739;;UNC_M_CAS_COUNT.RD[UNIT1];10206761;100.00;;"
6583 [139972822947520] INFO perfrun.perfcollector <> - PERF_STAT : "     0.215122554;CPU0;1996;;UNC_M_CAS_COUNT.RD[UNIT4];10222999;100.00;;"
6583 [139972822947520] INFO perfrun.perfcollector <> - PERF_STAT : "     0.215122554;CPU10;13707;;UNC_M_CAS_COUNT.RD[UNIT4];10206613;100.00;;"
6583 [139972822947520] INFO perfrun.perfcollector <> - PERF_STAT : "     0.215122554;CPU0;2423;;UNC_M_CAS_COUNT.RD[UNIT5];10222926;100.00;;"
6583 [139972822947520] INFO perfrun.perfcollector <> - PERF_STAT : "     0.215122554;CPU10;14836;;UNC_M_CAS_COUNT.RD[UNIT5];10206579;100.00;;"
6583 [139972822947520] INFO perfrun.perfcollector <> - PERF_STAT : "     0.215122554;CPU0;1502;;UNC_M_CAS_COUNT.WR[UNIT0];10222773;100.00;;"
6583 [139972822947520] INFO perfrun.perfcollector <> - PERF_STAT : "     0.215122554;CPU10;475;;UNC_M_CAS_COUNT.WR[UNIT0];10206529;100.00;;"
6583 [139972822947520] INFO perfrun.perfcollector <> - PERF_STAT : "     0.215122554;CPU0;858;;UNC_M_CAS_COUNT.WR[UNIT1];10222784;100.00;;"
6583 [139972822947520] INFO perfrun.perfcollector <> - PERF_STAT : "     0.215122554;CPU10;1004;;UNC_M_CAS_COUNT.WR[UNIT1];10206393;100.00;;"
6583 [139972822947520] INFO perfrun.perfcollector <> - PERF_STAT : "     0.215122554;CPU0;1390;;UNC_M_CAS_COUNT.WR[UNIT4];10222812;100.00;;"
6583 [139972822947520] INFO perfrun.perfcollector <> - PERF_STAT : "     0.215122554;CPU10;445;;UNC_M_CAS_COUNT.WR[UNIT4];10206096;100.00;;"
6583 [139972822947520] INFO perfrun.perfcollector <> - PERF_STAT : "     0.215122554;CPU0;1251;;UNC_M_CAS_COUNT.WR[UNIT5];10222779;100.00;;"
6583 [139972822947520] INFO perfrun.perfcollector <> - PERF_STAT : "     0.215122554;CPU10;1225;;UNC_M_CAS_COUNT.WR[UNIT5];10206051;100.00;;"
6593 [139972822947520] INFO perfrun.perfcollector <> - PERF_STAT : "     0.225301594;CPU0;861;;UNC_M_CAS_COUNT.RD[UNIT0];10177393;100.00;;"
6593 [139972822947520] INFO perfrun.perfcollector <> - PERF_STAT : "     0.225301594;CPU10;131;;UNC_M_CAS_COUNT.RD[UNIT0];10174787;100.00;;"
6593 [139972822947520] INFO perfrun.perfcollector <> - PERF_STAT : "     0.225301594;CPU0;231;;UNC_M_CAS_COUNT.RD[UNIT1];10176996;100.00;;"
6593 [139972822947520] INFO perfrun.perfcollector <> - PERF_STAT : "     0.225301594;CPU10;670;;UNC_M_CAS_COUNT.RD[UNIT1];10174605;100.00;;"
6593 [139972822947520] INFO perfrun.perfcollector <> - PERF_STAT : "     0.225301594;CPU0;794;;UNC_M_CAS_COUNT.RD[UNIT4];10177023;100.00;;"
6593 [139972822947520] INFO perfrun.perfcollector <> - PERF_STAT : "     0.225301594;CPU10;98;;UNC_M_CAS_COUNT.RD[UNIT4];10174682;100.00;;"
6593 [139972822947520] INFO perfrun.perfcollector <> - PERF_STAT : "     0.225301594;CPU0;211;;UNC_M_CAS_COUNT.RD[UNIT5];10176986;100.00;;"
6593 [139972822947520] INFO perfrun.perfcollector <> - PERF_STAT : "     0.225301594;CPU10;658;;UNC_M_CAS_COUNT.RD[UNIT5];10174618;100.00;;"
6593 [139972822947520] INFO perfrun.perfcollector <> - PERF_STAT : "     0.225301594;CPU0;589;;UNC_M_CAS_COUNT.WR[UNIT0];10176987;100.00;;"
6593 [139972822947520] INFO perfrun.perfcollector <> - PERF_STAT : "     0.225301594;CPU10;40;;UNC_M_CAS_COUNT.WR[UNIT0];10174716;100.00;;"
6593 [139972822947520] INFO perfrun.perfcollector <> - PERF_STAT : "     0.225301594;CPU0;39;;UNC_M_CAS_COUNT.WR[UNIT1];10176849;100.00;;"
6593 [139972822947520] INFO perfrun.perfcollector <> - PERF_STAT : "     0.225301594;CPU10;555;;UNC_M_CAS_COUNT.WR[UNIT1];10174707;100.00;;"
6593 [139972822947520] INFO perfrun.perfcollector <> - PERF_STAT : "     0.225301594;CPU0;573;;UNC_M_CAS_COUNT.WR[UNIT4];10176839;100.00;;"
6593 [139972822947520] INFO perfrun.perfcollector <> - PERF_STAT : "     0.225301594;CPU10;40;;UNC_M_CAS_COUNT.WR[UNIT4];10174783;100.00;;"
6593 [139972822947520] INFO perfrun.perfcollector <> - PERF_STAT : "     0.225301594;CPU0;36;;UNC_M_CAS_COUNT.WR[UNIT5];10176670;100.00;;"
6593 [139972822947520] INFO perfrun.perfcollector <> - PERF_STAT : "     0.225301594;CPU10;557;;UNC_M_CAS_COUNT.WR[UNIT5];10174784;100.00;;"
6603 [139972822947520] INFO perfrun.perfcollector <> - PERF_STAT : "     0.235478195;CPU0;1056;;UNC_M_CAS_COUNT.RD[UNIT0];10175389;100.00;;"
6603 [139972822947520] INFO perfrun.perfcollector <> - PERF_STAT : "     0.235478195;CPU10;533;;UNC_M_CAS_COUNT.RD[UNIT0];10175468;100.00;;"
6603 [139972822947520] INFO perfrun.perfcollector <> - PERF_STAT : "     0.235478195;CPU0;473;;UNC_M_CAS_COUNT.RD[UNIT1];10175548;100.00;;"
6604 [139972822947520] INFO perfrun.perfcollector <> - PERF_STAT : "     0.235478195;CPU10;1097;;UNC_M_CAS_COUNT.RD[UNIT1];10175592;100.00;;"
6604 [139972822947520] INFO perfrun.perfcollector <> - PERF_STAT : "     0.235478195;CPU0;1043;;UNC_M_CAS_COUNT.RD[UNIT4];10175362;100.00;;"
6604 [139972822947520] INFO perfrun.perfcollector <> - PERF_STAT : "     0.235478195;CPU10;408;;UNC_M_CAS_COUNT.RD[UNIT4];10175508;100.00;;"
6604 [139972822947520] INFO perfrun.perfcollector <> - PERF_STAT : "     0.235478195;CPU0;459;;UNC_M_CAS_COUNT.RD[UNIT5];10175308;100.00;;"
6604 [139972822947520] INFO perfrun.perfcollector <> - PERF_STAT : "     0.235478195;CPU10;1041;;UNC_M_CAS_COUNT.RD[UNIT5];10175529;100.00;;"
6604 [139972822947520] INFO perfrun.perfcollector <> - PERF_STAT : "     0.235478195;CPU0;775;;UNC_M_CAS_COUNT.WR[UNIT0];10175316;100.00;;"
6604 [139972822947520] INFO perfrun.perfcollector <> - PERF_STAT : "     0.235478195;CPU10;166;;UNC_M_CAS_COUNT.WR[UNIT0];10175297;100.00;;"
6604 [139972822947520] INFO perfrun.perfcollector <> - PERF_STAT : "     0.235478195;CPU0;279;;UNC_M_CAS_COUNT.WR[UNIT1];10175495;100.00;;"
6604 [139972822947520] INFO perfrun.perfcollector <> - PERF_STAT : "     0.235478195;CPU10;718;;UNC_M_CAS_COUNT.WR[UNIT1];10175320;100.00;;"
6604 [139972822947520] INFO perfrun.perfcollector <> - PERF_STAT : "     0.235478195;CPU0;777;;UNC_M_CAS_COUNT.WR[UNIT4];10175526;100.00;;"
6604 [139972822947520] INFO perfrun.perfcollector <> - PERF_STAT : "     0.235478195;CPU10;156;;UNC_M_CAS_COUNT.WR[UNIT4];10175245;100.00;;"
6604 [139972822947520] INFO perfrun.perfcollector <> - PERF_STAT : "     0.235478195;CPU0;241;;UNC_M_CAS_COUNT.WR[UNIT5];10175722;100.00;;"
6604 [139972822947520] INFO perfrun.perfcollector <> - PERF_STAT : "     0.235478195;CPU10;694;;UNC_M_CAS_COUNT.WR[UNIT5];10175226;100.00;;"
6614 [139972822947520] INFO perfrun.perfcollector <> - PERF_STAT : "     0.245677852;CPU0;4717;;UNC_M_CAS_COUNT.RD[UNIT0];10231027;100.00;;"
6614 [139972822947520] INFO perfrun.perfcollector <> - PERF_STAT : "     0.245677852;CPU10;1670;;UNC_M_CAS_COUNT.RD[UNIT0];10239557;100.00;;"
6614 [139972822947520] INFO perfrun.perfcollector <> - PERF_STAT : "     0.245677852;CPU0;4181;;UNC_M_CAS_COUNT.RD[UNIT1];10232268;100.00;;"
6614 [139972822947520] INFO perfrun.perfcollector <> - PERF_STAT : "     0.245677852;CPU10;2253;;UNC_M_CAS_COUNT.RD[UNIT1];10240023;100.00;;"
6614 [139972822947520] INFO perfrun.perfcollector <> - PERF_STAT : "     0.245677852;CPU0;4556;;UNC_M_CAS_COUNT.RD[UNIT4];10232636;100.00;;"
6614 [139972822947520] INFO perfrun.perfcollector <> - PERF_STAT : "     0.245677852;CPU10;1573;;UNC_M_CAS_COUNT.RD[UNIT4];10240073;100.00;;"
6614 [139972822947520] INFO perfrun.perfcollector <> - PERF_STAT : "     0.245677852;CPU0;4067;;UNC_M_CAS_COUNT.RD[UNIT5];10232805;100.00;;"
6614 [139972822947520] INFO perfrun.perfcollector <> - PERF_STAT : "     0.245677852;CPU10;2162;;UNC_M_CAS_COUNT.RD[UNIT5];10240047;100.00;;"
6614 [139972822947520] INFO perfrun.perfcollector <> - PERF_STAT : "     0.245677852;CPU0;23907;;UNC_M_CAS_COUNT.WR[UNIT0];10232785;100.00;;"
6614 [139972822947520] INFO perfrun.perfcollector <> - PERF_STAT : "     0.245677852;CPU10;11772;;UNC_M_CAS_COUNT.WR[UNIT0];10240106;100.00;;"
6614 [139972822947520] INFO perfrun.perfcollector <> - PERF_STAT : "     0.245677852;CPU0;23448;;UNC_M_CAS_COUNT.WR[UNIT1];10232641;100.00;;"
6614 [139972822947520] INFO perfrun.perfcollector <> - PERF_STAT : "     0.245677852;CPU10;12303;;UNC_M_CAS_COUNT.WR[UNIT1];10240117;100.00;;"
6614 [139972822947520] INFO perfrun.perfcollector <> - PERF_STAT : "     0.245677852;CPU0;24018;;UNC_M_CAS_COUNT.WR[UNIT4];10232695;100.00;;"
6614 [139972822947520] INFO perfrun.perfcollector <> - PERF_STAT : "     0.245677852;CPU10;11853;;UNC_M_CAS_COUNT.WR[UNIT4];10240105;100.00;;"
6614 [139972822947520] INFO perfrun.perfcollector <> - PERF_STAT : "     0.245677852;CPU0;23862;;UNC_M_CAS_COUNT.WR[UNIT5];10232622;100.00;;"
6614 [139972822947520] INFO perfrun.perfcollector <> - PERF_STAT : "     0.245677852;CPU10;12477;;UNC_M_CAS_COUNT.WR[UNIT5];10240189;100.00;;"
6624 [139972822947520] INFO perfrun.perfcollector <> - PERF_STAT : "     0.255896805;CPU0;11653;;UNC_M_CAS_COUNT.RD[UNIT0];10191141;100.00;;"
6624 [139972822947520] INFO perfrun.perfcollector <> - PERF_STAT : "     0.255896805;CPU10;5870;;UNC_M_CAS_COUNT.RD[UNIT0];10195152;100.00;;"
6624 [139972822947520] INFO perfrun.perfcollector <> - PERF_STAT : "     0.255896805;CPU0;10849;;UNC_M_CAS_COUNT.RD[UNIT1];10190554;100.00;;"
6624 [139972822947520] INFO perfrun.perfcollector <> - PERF_STAT : "     0.255896805;CPU10;6178;;UNC_M_CAS_COUNT.RD[UNIT1];10195312;100.00;;"
6624 [139972822947520] INFO perfrun.perfcollector <> - PERF_STAT : "     0.255896805;CPU0;12027;;UNC_M_CAS_COUNT.RD[UNIT4];10190361;100.00;;"
6624 [139972822947520] INFO perfrun.perfcollector <> - PERF_STAT : "     0.255896805;CPU10;6742;;UNC_M_CAS_COUNT.RD[UNIT4];10195313;100.00;;"
6624 [139972822947520] INFO perfrun.perfcollector <> - PERF_STAT : "     0.255896805;CPU0;10981;;UNC_M_CAS_COUNT.RD[UNIT5];10190178;100.00;;"
6624 [139972822947520] INFO perfrun.perfcollector <> - PERF_STAT : "     0.255896805;CPU10;6720;;UNC_M_CAS_COUNT.RD[UNIT5];10195419;100.00;;"
6624 [139972822947520] INFO perfrun.perfcollector <> - PERF_STAT : "     0.255896805;CPU0;29933;;UNC_M_CAS_COUNT.WR[UNIT0];10190178;100.00;;"
6624 [139972822947520] INFO perfrun.perfcollector <> - PERF_STAT : "     0.255896805;CPU10;14397;;UNC_M_CAS_COUNT.WR[UNIT0];10195418;100.00;;"
6624 [139972822947520] INFO perfrun.perfcollector <> - PERF_STAT : "     0.255896805;CPU0;29436;;UNC_M_CAS_COUNT.WR[UNIT1];10190130;100.00;;"
6624 [139972822947520] INFO perfrun.perfcollector <> - PERF_STAT : "     0.255896805;CPU10;14835;;UNC_M_CAS_COUNT.WR[UNIT1];10195531;100.00;;"
6624 [139972822947520] INFO perfrun.perfcollector <> - PERF_STAT : "     0.255896805;CPU0;29595;;UNC_M_CAS_COUNT.WR[UNIT4];10189924;100.00;;"
6624 [139972822947520] INFO perfrun.perfcollector <> - PERF_STAT : "     0.255896805;CPU10;14525;;UNC_M_CAS_COUNT.WR[UNIT4];10195565;100.00;;"
6624 [139972822947520] INFO perfrun.perfcollector <> - PERF_STAT : "     0.255896805;CPU0;29015;;UNC_M_CAS_COUNT.WR[UNIT5];10189910;100.00;;"
6624 [139972822947520] INFO perfrun.perfcollector <> - PERF_STAT : "     0.255896805;CPU10;14817;;UNC_M_CAS_COUNT.WR[UNIT5];10195616;100.00;;"
6631 [139973093860032] INFO perfrun.launcher <> - Launcher: all plugins were started
6631 [139973093860032] INFO perfrun.launcher <> - DirectoryMonitor object was created
6631 [139973093860032] INFO perfrun.launcher <> - DirectoryMonitor: a callback was added
6631 [139973093860032] INFO perfrun.launcher <> - DirectoryMonitor was started with pingTime = 1000
6631 [139973093860032] INFO perfrun.launcher <> - DeadlineTimer is going to be constructed
6631 [139973093860032] INFO perfrun.launcher <> - DeadlineTimer: a callback was added
6634 [139972822947520] INFO perfrun.perfcollector <> - PERF_STAT : "     0.266128083;CPU0;8315;;UNC_M_CAS_COUNT.RD[UNIT0];10271895;100.00;;"
6634 [139972822947520] INFO perfrun.perfcollector <> - PERF_STAT : "     0.266128083;CPU10;7061;;UNC_M_CAS_COUNT.RD[UNIT0];10296354;100.00;;"
6634 [139972822947520] INFO perfrun.perfcollector <> - PERF_STAT : "     0.266128083;CPU0;8163;;UNC_M_CAS_COUNT.RD[UNIT1];10274996;100.00;;"
6634 [139972822947520] INFO perfrun.perfcollector <> - PERF_STAT : "     0.266128083;CPU10;7570;;UNC_M_CAS_COUNT.RD[UNIT1];10296195;100.00;;"
6634 [139972822947520] INFO perfrun.perfcollector <> - PERF_STAT : "     0.266128083;CPU0;8394;;UNC_M_CAS_COUNT.RD[UNIT4];10276755;100.00;;"
6634 [139972822947520] INFO perfrun.perfcollector <> - PERF_STAT : "     0.266128083;CPU10;7884;;UNC_M_CAS_COUNT.RD[UNIT4];10296162;100.00;;"
6634 [139972822947520] INFO perfrun.perfcollector <> - PERF_STAT : "     0.266128083;CPU0;8166;;UNC_M_CAS_COUNT.RD[UNIT5];10278760;100.00;;"
6634 [139972822947520] INFO perfrun.perfcollector <> - PERF_STAT : "     0.266128083;CPU10;8000;;UNC_M_CAS_COUNT.RD[UNIT5];10296046;100.00;;"
6634 [139972822947520] INFO perfrun.perfcollector <> - PERF_STAT : "     0.266128083;CPU0;5912;;UNC_M_CAS_COUNT.WR[UNIT0];10280668;100.00;;"
6634 [139972822947520] INFO perfrun.perfcollector <> - PERF_STAT : "     0.266128083;CPU10;5163;;UNC_M_CAS_COUNT.WR[UNIT0];10296093;100.00;;"
6634 [139972822947520] INFO perfrun.perfcollector <> - PERF_STAT : "     0.266128083;CPU0;5632;;UNC_M_CAS_COUNT.WR[UNIT1];10282433;100.00;;"
6634 [139972822947520] INFO perfrun.perfcollector <> - PERF_STAT : "     0.266128083;CPU10;5597;;UNC_M_CAS_COUNT.WR[UNIT1];10295920;100.00;;"
6634 [139972822947520] INFO perfrun.perfcollector <> - PERF_STAT : "     0.266128083;CPU0;6027;;UNC_M_CAS_COUNT.WR[UNIT4];10284312;100.00;;"
6634 [139972822947520] INFO perfrun.perfcollector <> - PERF_STAT : "     0.266128083;CPU10;5224;;UNC_M_CAS_COUNT.WR[UNIT4];10295837;100.00;;"
6634 [139972822947520] INFO perfrun.perfcollector <> - PERF_STAT : "     0.266128083;CPU0;5903;;UNC_M_CAS_COUNT.WR[UNIT5];10286180;100.00;;"
6634 [139972822947520] INFO perfrun.perfcollector <> - PERF_STAT : "     0.266128083;CPU10;5526;;UNC_M_CAS_COUNT.WR[UNIT5];10295710;100.00;;"
6641 [139973093860032] INFO perfrun.launcher <> - Launcher: resume the profiled application and  wait its termination or stop command
6645 [139972822947520] INFO perfrun.perfcollector <> - PERF_STAT : "     0.276391228;CPU0;8508;;UNC_M_CAS_COUNT.RD[UNIT0];10269779;100.00;;"
6645 [139972822947520] INFO perfrun.perfcollector <> - PERF_STAT : "     0.276391228;CPU10;7995;;UNC_M_CAS_COUNT.RD[UNIT0];10274187;100.00;;"
6645 [139972822947520] INFO perfrun.perfcollector <> - PERF_STAT : "     0.276391228;CPU0;8204;;UNC_M_CAS_COUNT.RD[UNIT1];10269800;100.00;;"
6645 [139972822947520] INFO perfrun.perfcollector <> - PERF_STAT : "     0.276391228;CPU10;8422;;UNC_M_CAS_COUNT.RD[UNIT1];10274735;100.00;;"
6645 [139972822947520] INFO perfrun.perfcollector <> - PERF_STAT : "     0.276391228;CPU0;8427;;UNC_M_CAS_COUNT.RD[UNIT4];10270010;100.00;;"
6645 [139972822947520] INFO perfrun.perfcollector <> - PERF_STAT : "     0.276391228;CPU10;7968;;UNC_M_CAS_COUNT.RD[UNIT4];10275347;100.00;;"
6645 [139972822947520] INFO perfrun.perfcollector <> - PERF_STAT : "     0.276391228;CPU0;8213;;UNC_M_CAS_COUNT.RD[UNIT5];10270049;100.00;;"
6645 [139972822947520] INFO perfrun.perfcollector <> - PERF_STAT : "     0.276391228;CPU10;8325;;UNC_M_CAS_COUNT.RD[UNIT5];10275783;100.00;;"
6645 [139972822947520] INFO perfrun.perfcollector <> - PERF_STAT : "     0.276391228;CPU0;907;;UNC_M_CAS_COUNT.WR[UNIT0];10269966;100.00;;"
6645 [139972822947520] INFO perfrun.perfcollector <> - PERF_STAT : "     0.276391228;CPU10;8116;;UNC_M_CAS_COUNT.WR[UNIT0];10276248;100.00;;"
6645 [139972822947520] INFO perfrun.perfcollector <> - PERF_STAT : "     0.276391228;CPU0;830;;UNC_M_CAS_COUNT.WR[UNIT1];10269950;100.00;;"
6645 [139972822947520] INFO perfrun.perfcollector <> - PERF_STAT : "     0.276391228;CPU10;8647;;UNC_M_CAS_COUNT.WR[UNIT1];10276897;100.00;;"
6645 [139972822947520] INFO perfrun.perfcollector <> - PERF_STAT : "     0.276391228;CPU0;926;;UNC_M_CAS_COUNT.WR[UNIT4];10269906;100.00;;"
6645 [139972822947520] INFO perfrun.perfcollector <> - PERF_STAT : "     0.276391228;CPU10;8401;;UNC_M_CAS_COUNT.WR[UNIT4];10277202;100.00;;"
6645 [139972822947520] INFO perfrun.perfcollector <> - PERF_STAT : "     0.276391228;CPU0;834;;UNC_M_CAS_COUNT.WR[UNIT5];10269833;100.00;;"
6645 [139972822947520] INFO perfrun.perfcollector <> - PERF_STAT : "     0.276391228;CPU10;8949;;UNC_M_CAS_COUNT.WR[UNIT5];10277535;100.00;;"
6655 [139972822947520] INFO perfrun.perfcollector <> - PERF_STAT : "     0.286703576;CPU0;2285;;UNC_M_CAS_COUNT.RD[UNIT0];10317812;100.00;;"
6655 [139972822947520] INFO perfrun.perfcollector <> - PERF_STAT : "     0.286703576;CPU10;5897;;UNC_M_CAS_COUNT.RD[UNIT0];10316623;100.00;;"
6655 [139972822947520] INFO perfrun.perfcollector <> - PERF_STAT : "     0.286703576;CPU0;2099;;UNC_M_CAS_COUNT.RD[UNIT1];10317618;100.00;;"
6655 [139972822947520] INFO perfrun.perfcollector <> - PERF_STAT : "     0.286703576;CPU10;6375;;UNC_M_CAS_COUNT.RD[UNIT1];10316683;100.00;;"
6655 [139972822947520] INFO perfrun.perfcollector <> - PERF_STAT : "     0.286703576;CPU0;2241;;UNC_M_CAS_COUNT.RD[UNIT4];10317398;100.00;;"
6655 [139972822947520] INFO perfrun.perfcollector <> - PERF_STAT : "     0.286703576;CPU10;5984;;UNC_M_CAS_COUNT.RD[UNIT4];10316962;100.00;;"
6655 [139972822947520] INFO perfrun.perfcollector <> - PERF_STAT : "     0.286703576;CPU0;2138;;UNC_M_CAS_COUNT.RD[UNIT5];10317421;100.00;;"
6655 [139972822947520] INFO perfrun.perfcollector <> - PERF_STAT : "     0.286703576;CPU10;6422;;UNC_M_CAS_COUNT.RD[UNIT5];10317035;100.00;;"
6655 [139972822947520] INFO perfrun.perfcollector <> - PERF_STAT : "     0.286703576;CPU0;372;;UNC_M_CAS_COUNT.WR[UNIT0];10317449;100.00;;"
6655 [139972822947520] INFO perfrun.perfcollector <> - PERF_STAT : "     0.286703576;CPU10;5055;;UNC_M_CAS_COUNT.WR[UNIT0];10317117;100.00;;"
6655 [139972822947520] INFO perfrun.perfcollector <> - PERF_STAT : "     0.286703576;CPU0;252;;UNC_M_CAS_COUNT.WR[UNIT1];10317455;100.00;;"
6655 [139972822947520] INFO perfrun.perfcollector <> - PERF_STAT : "     0.286703576;CPU10;5738;;UNC_M_CAS_COUNT.WR[UNIT1];10316910;100.00;;"
6655 [139972822947520] INFO perfrun.perfcollector <> - PERF_STAT : "     0.286703576;CPU0;358;;UNC_M_CAS_COUNT.WR[UNIT4];10317495;100.00;;"
6655 [139972822947520] INFO perfrun.perfcollector <> - PERF_STAT : "     0.286703576;CPU10;5156;;UNC_M_CAS_COUNT.WR[UNIT4];10316996;100.00;;"
6655 [139972822947520] INFO perfrun.perfcollector <> - PERF_STAT : "     0.286703576;CPU0;271;;UNC_M_CAS_COUNT.WR[UNIT5];10317492;100.00;;"
6655 [139972822947520] INFO perfrun.perfcollector <> - PERF_STAT : "     0.286703576;CPU10;5642;;UNC_M_CAS_COUNT.WR[UNIT5];10317057;100.00;;"
6665 [139972822947520] INFO perfrun.perfcollector <> - PERF_STAT : "     0.297017514;CPU0;2476;;UNC_M_CAS_COUNT.RD[UNIT0];10294272;100.00;;"
6665 [139972822947520] INFO perfrun.perfcollector <> - PERF_STAT : "     0.297017514;CPU10;5779;;UNC_M_CAS_COUNT.RD[UNIT0];10262472;100.00;;"
6665 [139972822947520] INFO perfrun.perfcollector <> - PERF_STAT : "     0.297017514;CPU0;2387;;UNC_M_CAS_COUNT.RD[UNIT1];10291446;100.00;;"
6665 [139972822947520] INFO perfrun.perfcollector <> - PERF_STAT : "     0.297017514;CPU10;6341;;UNC_M_CAS_COUNT.RD[UNIT1];10262046;100.00;;"
6665 [139972822947520] INFO perfrun.perfcollector <> - PERF_STAT : "     0.297017514;CPU0;2477;;UNC_M_CAS_COUNT.RD[UNIT4];10289466;100.00;;"
6665 [139972822947520] INFO perfrun.perfcollector <> - PERF_STAT : "     0.297017514;CPU10;5629;;UNC_M_CAS_COUNT.RD[UNIT4];10261422;100.00;;"
6665 [139972822947520] INFO perfrun.perfcollector <> - PERF_STAT : "     0.297017514;CPU0;2347;;UNC_M_CAS_COUNT.RD[UNIT5];10287467;100.00;;"
6665 [139972822947520] INFO perfrun.perfcollector <> - PERF_STAT : "     0.297017514;CPU10;6287;;UNC_M_CAS_COUNT.RD[UNIT5];10261232;100.00;;"
6665 [139972822947520] INFO perfrun.perfcollector <> - PERF_STAT : "     0.297017514;CPU0;963;;UNC_M_CAS_COUNT.WR[UNIT0];10285634;100.00;;"
6665 [139972822947520] INFO perfrun.perfcollector <> - PERF_STAT : "     0.297017514;CPU10;12246;;UNC_M_CAS_COUNT.WR[UNIT0];10260814;100.00;;"
6665 [139972822947520] INFO perfrun.perfcollector <> - PERF_STAT : "     0.297017514;CPU0;842;;UNC_M_CAS_COUNT.WR[UNIT1];10283850;100.00;;"
6665 [139972822947520] INFO perfrun.perfcollector <> - PERF_STAT : "     0.297017514;CPU10;12513;;UNC_M_CAS_COUNT.WR[UNIT1];10260730;100.00;;"
6665 [139972822947520] INFO perfrun.perfcollector <> - PERF_STAT : "     0.297017514;CPU0;980;;UNC_M_CAS_COUNT.WR[UNIT4];10281915;100.00;;"
6665 [139972822947520] INFO perfrun.perfcollector <> - PERF_STAT : "     0.297017514;CPU10;11894;;UNC_M_CAS_COUNT.WR[UNIT4];10260685;100.00;;"
6665 [139972822947520] INFO perfrun.perfcollector <> - PERF_STAT : "     0.297017514;CPU0;869;;UNC_M_CAS_COUNT.WR[UNIT5];10280002;100.00;;"
6665 [139972822947520] INFO perfrun.perfcollector <> - PERF_STAT : "     0.297017514;CPU10;12411;;UNC_M_CAS_COUNT.WR[UNIT5];10260405;100.00;;"
6675 [139972822947520] INFO perfrun.perfcollector <> - PERF_STAT : "     0.307278865;CPU0;3698;;UNC_M_CAS_COUNT.RD[UNIT0];10255479;100.00;;"
6675 [139972822947520] INFO perfrun.perfcollector <> - PERF_STAT : "     0.307278865;CPU10;4435;;UNC_M_CAS_COUNT.RD[UNIT0];10293156;100.00;;"
6675 [139972822947520] INFO perfrun.perfcollector <> - PERF_STAT : "     0.307278865;CPU0;3477;;UNC_M_CAS_COUNT.RD[UNIT1];10255644;100.00;;"
6675 [139972822947520] INFO perfrun.perfcollector <> - PERF_STAT : "     0.307278865;CPU10;4816;;UNC_M_CAS_COUNT.RD[UNIT1];10293115;100.00;;"
6675 [139972822947520] INFO perfrun.perfcollector <> - PERF_STAT : "     0.307278865;CPU0;3698;;UNC_M_CAS_COUNT.RD[UNIT4];10255802;100.00;;"
6675 [139972822947520] INFO perfrun.perfcollector <> - PERF_STAT : "     0.307278865;CPU10;4377;;UNC_M_CAS_COUNT.RD[UNIT4];10292829;100.00;;"
6675 [139972822947520] INFO perfrun.perfcollector <> - PERF_STAT : "     0.307278865;CPU0;3415;;UNC_M_CAS_COUNT.RD[UNIT5];10269484;100.00;;"
6675 [139972822947520] INFO perfrun.perfcollector <> - PERF_STAT : "     0.307278865;CPU10;4834;;UNC_M_CAS_COUNT.RD[UNIT5];10292421;100.00;;"
6675 [139972822947520] INFO perfrun.perfcollector <> - PERF_STAT : "     0.307278865;CPU0;3598;;UNC_M_CAS_COUNT.WR[UNIT0];10269613;100.00;;"
6675 [139972822947520] INFO perfrun.perfcollector <> - PERF_STAT : "     0.307278865;CPU10;5982;;UNC_M_CAS_COUNT.WR[UNIT0];10292072;100.00;;"
6676 [139972822947520] INFO perfrun.perfcollector <> - PERF_STAT : "     0.307278865;CPU0;3272;;UNC_M_CAS_COUNT.WR[UNIT1];10269778;100.00;;"
6676 [139972822947520] INFO perfrun.perfcollector <> - PERF_STAT : "     0.307278865;CPU10;6386;;UNC_M_CAS_COUNT.WR[UNIT1];10291614;100.00;;"
6676 [139972822947520] INFO perfrun.perfcollector <> - PERF_STAT : "     0.307278865;CPU0;3649;;UNC_M_CAS_COUNT.WR[UNIT4];10269886;100.00;;"
6676 [139972822947520] INFO perfrun.perfcollector <> - PERF_STAT : "     0.307278865;CPU10;5944;;UNC_M_CAS_COUNT.WR[UNIT4];10291174;100.00;;"
6676 [139972822947520] INFO perfrun.perfcollector <> - PERF_STAT : "     0.307278865;CPU0;3332;;UNC_M_CAS_COUNT.WR[UNIT5];10280730;100.00;;"
6676 [139972822947520] INFO perfrun.perfcollector <> - PERF_STAT : "     0.307278865;CPU10;6401;;UNC_M_CAS_COUNT.WR[UNIT5];10291144;100.00;;"
6686 [139972822947520] INFO perfrun.perfcollector <> - PERF_STAT : "     0.317554220;CPU0;15260;;UNC_M_CAS_COUNT.RD[UNIT0];10275391;100.00;;"
6686 [139972822947520] INFO perfrun.perfcollector <> - PERF_STAT : "     0.317554220;CPU10;12741;;UNC_M_CAS_COUNT.RD[UNIT0];10238357;100.00;;"
6686 [139972822947520] INFO perfrun.perfcollector <> - PERF_STAT : "     0.317554220;CPU0;14702;;UNC_M_CAS_COUNT.RD[UNIT1];10275379;100.00;;"
6686 [139972822947520] INFO perfrun.perfcollector <> - PERF_STAT : "     0.317554220;CPU10;13028;;UNC_M_CAS_COUNT.RD[UNIT1];10238016;100.00;;"
6686 [139972822947520] INFO perfrun.perfcollector <> - PERF_STAT : "     0.317554220;CPU0;15218;;UNC_M_CAS_COUNT.RD[UNIT4];10275417;100.00;;"
6686 [139972822947520] INFO perfrun.perfcollector <> - PERF_STAT : "     0.317554220;CPU10;12650;;UNC_M_CAS_COUNT.RD[UNIT4];10237994;100.00;;"
6686 [139972822947520] INFO perfrun.perfcollector <> - PERF_STAT : "     0.317554220;CPU0;14891;;UNC_M_CAS_COUNT.RD[UNIT5];10261916;100.00;;"
6686 [139972822947520] INFO perfrun.perfcollector <> - PERF_STAT : "     0.317554220;CPU10;12965;;UNC_M_CAS_COUNT.RD[UNIT5];10238269;100.00;;"
6686 [139972822947520] INFO perfrun.perfcollector <> - PERF_STAT : "     0.317554220;CPU0;14432;;UNC_M_CAS_COUNT.WR[UNIT0];10261900;100.00;;"
6686 [139972822947520] INFO perfrun.perfcollector <> - PERF_STAT : "     0.317554220;CPU10;14053;;UNC_M_CAS_COUNT.WR[UNIT0];10238426;100.00;;"
6686 [139972822947520] INFO perfrun.perfcollector <> - PERF_STAT : "     0.317554220;CPU0;14024;;UNC_M_CAS_COUNT.WR[UNIT1];10261841;100.00;;"
6686 [139972822947520] INFO perfrun.perfcollector <> - PERF_STAT : "     0.317554220;CPU10;14224;;UNC_M_CAS_COUNT.WR[UNIT1];10238492;100.00;;"
6686 [139972822947520] INFO perfrun.perfcollector <> - PERF_STAT : "     0.317554220;CPU0;14543;;UNC_M_CAS_COUNT.WR[UNIT4];10261912;100.00;;"
6686 [139972822947520] INFO perfrun.perfcollector <> - PERF_STAT : "     0.317554220;CPU10;13958;;UNC_M_CAS_COUNT.WR[UNIT4];10238530;100.00;;"
6686 [139972822947520] INFO perfrun.perfcollector <> - PERF_STAT : "     0.317554220;CPU0;14092;;UNC_M_CAS_COUNT.WR[UNIT5];10251298;100.00;;"
6686 [139972822947520] INFO perfrun.perfcollector <> - PERF_STAT : "     0.317554220;CPU10;14271;;UNC_M_CAS_COUNT.WR[UNIT5];10238395;100.00;;"
6696 [139972822947520] INFO perfrun.perfcollector <> - PERF_STAT : "     0.327800875;CPU0;26717;;UNC_M_CAS_COUNT.RD[UNIT0];10242946;100.00;;"
6696 [139972822947520] INFO perfrun.perfcollector <> - PERF_STAT : "     0.327800875;CPU10;27643;;UNC_M_CAS_COUNT.RD[UNIT0];10274114;100.00;;"
6696 [139972822947520] INFO perfrun.perfcollector <> - PERF_STAT : "     0.327800875;CPU0;25924;;UNC_M_CAS_COUNT.RD[UNIT1];10243015;100.00;;"
6696 [139972822947520] INFO perfrun.perfcollector <> - PERF_STAT : "     0.327800875;CPU10;27968;;UNC_M_CAS_COUNT.RD[UNIT1];10275809;100.00;;"
6696 [139972822947520] INFO perfrun.perfcollector <> - PERF_STAT : "     0.327800875;CPU0;26634;;UNC_M_CAS_COUNT.RD[UNIT4];10243027;100.00;;"
6696 [139972822947520] INFO perfrun.perfcollector <> - PERF_STAT : "     0.327800875;CPU10;27187;;UNC_M_CAS_COUNT.RD[UNIT4];10276866;100.00;;"
6696 [139972822947520] INFO perfrun.perfcollector <> - PERF_STAT : "     0.327800875;CPU0;25858;;UNC_M_CAS_COUNT.RD[UNIT5];10243104;100.00;;"
6696 [139972822947520] INFO perfrun.perfcollector <> - PERF_STAT : "     0.327800875;CPU10;27829;;UNC_M_CAS_COUNT.RD[UNIT5];10278168;100.00;;"
6696 [139972822947520] INFO perfrun.perfcollector <> - PERF_STAT : "     0.327800875;CPU0;9427;;UNC_M_CAS_COUNT.WR[UNIT0];10243055;100.00;;"
6696 [139972822947520] INFO perfrun.perfcollector <> - PERF_STAT : "     0.327800875;CPU10;37686;;UNC_M_CAS_COUNT.WR[UNIT0];10279307;100.00;;"
6696 [139972822947520] INFO perfrun.perfcollector <> - PERF_STAT : "     0.327800875;CPU0;8841;;UNC_M_CAS_COUNT.WR[UNIT1];10243053;100.00;;"
6696 [139972822947520] INFO perfrun.perfcollector <> - PERF_STAT : "     0.327800875;CPU10;38341;;UNC_M_CAS_COUNT.WR[UNIT1];10280163;100.00;;"
6696 [139972822947520] INFO perfrun.perfcollector <> - PERF_STAT : "     0.327800875;CPU0;9482;;UNC_M_CAS_COUNT.WR[UNIT4];10243181;100.00;;"
6696 [139972822947520] INFO perfrun.perfcollector <> - PERF_STAT : "     0.327800875;CPU10;37912;;UNC_M_CAS_COUNT.WR[UNIT4];10281167;100.00;;"
6696 [139972822947520] INFO perfrun.perfcollector <> - PERF_STAT : "     0.327800875;CPU0;8919;;UNC_M_CAS_COUNT.WR[UNIT5];10243132;100.00;;"
6696 [139972822947520] INFO perfrun.perfcollector <> - PERF_STAT : "     0.327800875;CPU10;38486;;UNC_M_CAS_COUNT.WR[UNIT5];10282090;100.00;;"
6706 [139972822947520] INFO perfrun.perfcollector <> - PERF_STAT : "     0.338131546;CPU0;8245;;UNC_M_CAS_COUNT.RD[UNIT0];10337223;100.00;;"
6706 [139972822947520] INFO perfrun.perfcollector <> - PERF_STAT : "     0.338131546;CPU10;14212;;UNC_M_CAS_COUNT.RD[UNIT0];10305534;100.00;;"
6706 [139972822947520] INFO perfrun.perfcollector <> - PERF_STAT : "     0.338131546;CPU0;7658;;UNC_M_CAS_COUNT.RD[UNIT1];10336773;100.00;;"
6706 [139972822947520] INFO perfrun.perfcollector <> - PERF_STAT : "     0.338131546;CPU10;14756;;UNC_M_CAS_COUNT.RD[UNIT1];10304935;100.00;;"
6706 [139972822947520] INFO perfrun.perfcollector <> - PERF_STAT : "     0.338131546;CPU0;8196;;UNC_M_CAS_COUNT.RD[UNIT4];10336519;100.00;;"
6706 [139972822947520] INFO perfrun.perfcollector <> - PERF_STAT : "     0.338131546;CPU10;14159;;UNC_M_CAS_COUNT.RD[UNIT4];10305077;100.00;;"
6706 [139972822947520] INFO perfrun.perfcollector <> - PERF_STAT : "     0.338131546;CPU0;7725;;UNC_M_CAS_COUNT.RD[UNIT5];10336200;100.00;;"
6706 [139972822947520] INFO perfrun.perfcollector <> - PERF_STAT : "     0.338131546;CPU10;14756;;UNC_M_CAS_COUNT.RD[UNIT5];10304439;100.00;;"
6706 [139972822947520] INFO perfrun.perfcollector <> - PERF_STAT : "     0.338131546;CPU0;10915;;UNC_M_CAS_COUNT.WR[UNIT0];10336137;100.00;;"
6706 [139972822947520] INFO perfrun.perfcollector <> - PERF_STAT : "     0.338131546;CPU10;7033;;UNC_M_CAS_COUNT.WR[UNIT0];10304125;100.00;;"
6706 [139972822947520] INFO perfrun.perfcollector <> - PERF_STAT : "     0.338131546;CPU0;10351;;UNC_M_CAS_COUNT.WR[UNIT1];10336050;100.00;;"
6706 [139972822947520] INFO perfrun.perfcollector <> - PERF_STAT : "     0.338131546;CPU10;7513;;UNC_M_CAS_COUNT.WR[UNIT1];10304226;100.00;;"
6706 [139972822947520] INFO perfrun.perfcollector <> - PERF_STAT : "     0.338131546;CPU0;11012;;UNC_M_CAS_COUNT.WR[UNIT4];10335728;100.00;;"
6706 [139972822947520] INFO perfrun.perfcollector <> - PERF_STAT : "     0.338131546;CPU10;7054;;UNC_M_CAS_COUNT.WR[UNIT4];10304075;100.00;;"
6706 [139972822947520] INFO perfrun.perfcollector <> - PERF_STAT : "     0.338131546;CPU0;10385;;UNC_M_CAS_COUNT.WR[UNIT5];10335501;100.00;;"
6706 [139972822947520] INFO perfrun.perfcollector <> - PERF_STAT : "     0.338131546;CPU10;7468;;UNC_M_CAS_COUNT.WR[UNIT5];10303928;100.00;;"
6716 [139972822947520] INFO perfrun.perfcollector <> - PERF_STAT : "     0.348401925;CPU0;4718;;UNC_M_CAS_COUNT.RD[UNIT0];10271055;100.00;;"
6717 [139972822947520] INFO perfrun.perfcollector <> - PERF_STAT : "     0.348401925;CPU10;1863;;UNC_M_CAS_COUNT.RD[UNIT0];10271752;100.00;;"
6717 [139972822947520] INFO perfrun.perfcollector <> - PERF_STAT : "     0.348401925;CPU0;4174;;UNC_M_CAS_COUNT.RD[UNIT1];10271062;100.00;;"
6717 [139972822947520] INFO perfrun.perfcollector <> - PERF_STAT : "     0.348401925;CPU10;2334;;UNC_M_CAS_COUNT.RD[UNIT1];10271458;100.00;;"
6717 [139972822947520] INFO perfrun.perfcollector <> - PERF_STAT : "     0.348401925;CPU0;4713;;UNC_M_CAS_COUNT.RD[UNIT4];10271173;100.00;;"
6717 [139972822947520] INFO perfrun.perfcollector <> - PERF_STAT : "     0.348401925;CPU10;1761;;UNC_M_CAS_COUNT.RD[UNIT4];10270858;100.00;;"
6717 [139972822947520] INFO perfrun.perfcollector <> - PERF_STAT : "     0.348401925;CPU0;4255;;UNC_M_CAS_COUNT.RD[UNIT5];10271185;100.00;;"
6717 [139972822947520] INFO perfrun.perfcollector <> - PERF_STAT : "     0.348401925;CPU10;2317;;UNC_M_CAS_COUNT.RD[UNIT5];10270774;100.00;;"
6717 [139972822947520] INFO perfrun.perfcollector <> - PERF_STAT : "     0.348401925;CPU0;3875;;UNC_M_CAS_COUNT.WR[UNIT0];10271144;100.00;;"
6717 [139972822947520] INFO perfrun.perfcollector <> - PERF_STAT : "     0.348401925;CPU10;2907;;UNC_M_CAS_COUNT.WR[UNIT0];10270342;100.00;;"
6717 [139972822947520] INFO perfrun.perfcollector <> - PERF_STAT : "     0.348401925;CPU0;3352;;UNC_M_CAS_COUNT.WR[UNIT1];10271224;100.00;;"
6717 [139972822947520] INFO perfrun.perfcollector <> - PERF_STAT : "     0.348401925;CPU10;3574;;UNC_M_CAS_COUNT.WR[UNIT1];10270127;100.00;;"
6717 [139972822947520] INFO perfrun.perfcollector <> - PERF_STAT : "     0.348401925;CPU0;3908;;UNC_M_CAS_COUNT.WR[UNIT4];10271297;100.00;;"
6717 [139972822947520] INFO perfrun.perfcollector <> - PERF_STAT : "     0.348401925;CPU10;2874;;UNC_M_CAS_COUNT.WR[UNIT4];10269767;100.00;;"
6717 [139972822947520] INFO perfrun.perfcollector <> - PERF_STAT : "     0.348401925;CPU0;3383;;UNC_M_CAS_COUNT.WR[UNIT5];10271330;100.00;;"
6717 [139972822947520] INFO perfrun.perfcollector <> - PERF_STAT : "     0.348401925;CPU10;3408;;UNC_M_CAS_COUNT.WR[UNIT5];10269944;100.00;;"
6727 [139972822947520] INFO perfrun.perfcollector <> - PERF_STAT : "     0.358664353;CPU0;4124;;UNC_M_CAS_COUNT.RD[UNIT0];10280637;100.00;;"
6727 [139972822947520] INFO perfrun.perfcollector <> - PERF_STAT : "     0.358664353;CPU10;3606;;UNC_M_CAS_COUNT.RD[UNIT0];10310609;100.00;;"
6727 [139972822947520] INFO perfrun.perfcollector <> - PERF_STAT : "     0.358664353;CPU0;3618;;UNC_M_CAS_COUNT.RD[UNIT1];10283754;100.00;;"
6727 [139972822947520] INFO perfrun.perfcollector <> - PERF_STAT : "     0.358664353;CPU10;4084;;UNC_M_CAS_COUNT.RD[UNIT1];10310876;100.00;;"
6727 [139972822947520] INFO perfrun.perfcollector <> - PERF_STAT : "     0.358664353;CPU0;4018;;UNC_M_CAS_COUNT.RD[UNIT4];10285855;100.00;;"
6727 [139972822947520] INFO perfrun.perfcollector <> - PERF_STAT : "     0.358664353;CPU10;3730;;UNC_M_CAS_COUNT.RD[UNIT4];10310927;100.00;;"
6727 [139972822947520] INFO perfrun.perfcollector <> - PERF_STAT : "     0.358664353;CPU0;3254;;UNC_M_CAS_COUNT.RD[UNIT5];10287801;100.00;;"
6727 [139972822947520] INFO perfrun.perfcollector <> - PERF_STAT : "     0.358664353;CPU10;4581;;UNC_M_CAS_COUNT.RD[UNIT5];10310586;100.00;;"
6727 [139972822947520] INFO perfrun.perfcollector <> - PERF_STAT : "     0.358664353;CPU0;1835;;UNC_M_CAS_COUNT.WR[UNIT0];10289689;100.00;;"
6727 [139972822947520] INFO perfrun.perfcollector <> - PERF_STAT : "     0.358664353;CPU10;15389;;UNC_M_CAS_COUNT.WR[UNIT0];10310608;100.00;;"
6727 [139972822947520] INFO perfrun.perfcollector <> - PERF_STAT : "     0.358664353;CPU0;1270;;UNC_M_CAS_COUNT.WR[UNIT1];10291453;100.00;;"
6727 [139972822947520] INFO perfrun.perfcollector <> - PERF_STAT : "     0.358664353;CPU10;15837;;UNC_M_CAS_COUNT.WR[UNIT1];10310293;100.00;;"
6727 [139972822947520] INFO perfrun.perfcollector <> - PERF_STAT : "     0.358664353;CPU0;1909;;UNC_M_CAS_COUNT.WR[UNIT4];10293280;100.00;;"
6727 [139972822947520] INFO perfrun.perfcollector <> - PERF_STAT : "     0.358664353;CPU10;15187;;UNC_M_CAS_COUNT.WR[UNIT4];10310268;100.00;;"
6727 [139972822947520] INFO perfrun.perfcollector <> - PERF_STAT : "     0.358664353;CPU0;1241;;UNC_M_CAS_COUNT.WR[UNIT5];10295186;100.00;;"
6727 [139972822947520] INFO perfrun.perfcollector <> - PERF_STAT : "     0.358664353;CPU10;15753;;UNC_M_CAS_COUNT.WR[UNIT5];10309620;100.00;;"
6737 [139972822947520] INFO perfrun.perfcollector <> - PERF_STAT : "     0.368969829;CPU0;5204;;UNC_M_CAS_COUNT.RD[UNIT0];10271694;100.00;;"
6737 [139972822947520] INFO perfrun.perfcollector <> - PERF_STAT : "     0.368969829;CPU10;4220;;UNC_M_CAS_COUNT.RD[UNIT0];10251336;100.00;;"
6737 [139972822947520] INFO perfrun.perfcollector <> - PERF_STAT : "     0.368969829;CPU0;4734;;UNC_M_CAS_COUNT.RD[UNIT1];10268732;100.00;;"
6737 [139972822947520] INFO perfrun.perfcollector <> - PERF_STAT : "     0.368969829;CPU10;4782;;UNC_M_CAS_COUNT.RD[UNIT1];10251473;100.00;;"
6737 [139972822947520] INFO perfrun.perfcollector <> - PERF_STAT : "     0.368969829;CPU0;5309;;UNC_M_CAS_COUNT.RD[UNIT4];10266883;100.00;;"
6737 [139972822947520] INFO perfrun.perfcollector <> - PERF_STAT : "     0.368969829;CPU10;3975;;UNC_M_CAS_COUNT.RD[UNIT4];10251791;100.00;;"
6737 [139972822947520] INFO perfrun.perfcollector <> - PERF_STAT : "     0.368969829;CPU0;4658;;UNC_M_CAS_COUNT.RD[UNIT5];10265130;100.00;;"
6737 [139972822947520] INFO perfrun.perfcollector <> - PERF_STAT : "     0.368969829;CPU10;4891;;UNC_M_CAS_COUNT.RD[UNIT5];10252295;100.00;;"
6737 [139972822947520] INFO perfrun.perfcollector <> - PERF_STAT : "     0.368969829;CPU0;1985;;UNC_M_CAS_COUNT.WR[UNIT0];10263308;100.00;;"
6737 [139972822947520] INFO perfrun.perfcollector <> - PERF_STAT : "     0.368969829;CPU10;5136;;UNC_M_CAS_COUNT.WR[UNIT0];10252642;100.00;;"
6737 [139972822947520] INFO perfrun.perfcollector <> - PERF_STAT : "     0.368969829;CPU0;1316;;UNC_M_CAS_COUNT.WR[UNIT1];10261709;100.00;;"
6737 [139972822947520] INFO perfrun.perfcollector <> - PERF_STAT : "     0.368969829;CPU10;5672;;UNC_M_CAS_COUNT.WR[UNIT1];10253041;100.00;;"
6737 [139972822947520] INFO perfrun.perfcollector <> - PERF_STAT : "     0.368969829;CPU0;2005;;UNC_M_CAS_COUNT.WR[UNIT4];10259946;100.00;;"
6737 [139972822947520] INFO perfrun.perfcollector <> - PERF_STAT : "     0.368969829;CPU10;5082;;UNC_M_CAS_COUNT.WR[UNIT4];10253514;100.00;;"
6737 [139972822947520] INFO perfrun.perfcollector <> - PERF_STAT : "     0.368969829;CPU0;1430;;UNC_M_CAS_COUNT.WR[UNIT5];10258175;100.00;;"
6737 [139972822947520] INFO perfrun.perfcollector <> - PERF_STAT : "     0.368969829;CPU10;5765;;UNC_M_CAS_COUNT.WR[UNIT5];10254018;100.00;;"
6747 [139972822947520] INFO perfrun.perfcollector <> - PERF_STAT : "     0.379248683;CPU0;4345;;UNC_M_CAS_COUNT.RD[UNIT0];10284147;100.00;;"
6747 [139972822947520] INFO perfrun.perfcollector <> - PERF_STAT : "     0.379248683;CPU10;5360;;UNC_M_CAS_COUNT.RD[UNIT0];10285691;100.00;;"
6747 [139972822947520] INFO perfrun.perfcollector <> - PERF_STAT : "     0.379248683;CPU0;3871;;UNC_M_CAS_COUNT.RD[UNIT1];10284369;100.00;;"
6747 [139972822947520] INFO perfrun.perfcollector <> - PERF_STAT : "     0.379248683;CPU10;5966;;UNC_M_CAS_COUNT.RD[UNIT1];10285765;100.00;;"
6747 [139972822947520] INFO perfrun.perfcollector <> - PERF_STAT : "     0.379248683;CPU0;4258;;UNC_M_CAS_COUNT.RD[UNIT4];10284254;100.00;;"
6747 [139972822947520] INFO perfrun.perfcollector <> - PERF_STAT : "     0.379248683;CPU10;5348;;UNC_M_CAS_COUNT.RD[UNIT4];10286303;100.00;;"
6747 [139972822947520] INFO perfrun.perfcollector <> - PERF_STAT : "     0.379248683;CPU0;3756;;UNC_M_CAS_COUNT.RD[UNIT5];10284370;100.00;;"
6747 [139972822947520] INFO perfrun.perfcollector <> - PERF_STAT : "     0.379248683;CPU10;6112;;UNC_M_CAS_COUNT.RD[UNIT5];10286344;100.00;;"
6747 [139972822947520] INFO perfrun.perfcollector <> - PERF_STAT : "     0.379248683;CPU0;3800;;UNC_M_CAS_COUNT.WR[UNIT0];10284431;100.00;;"
6747 [139972822947520] INFO perfrun.perfcollector <> - PERF_STAT : "     0.379248683;CPU10;6771;;UNC_M_CAS_COUNT.WR[UNIT0];10286420;100.00;;"
6747 [139972822947520] INFO perfrun.perfcollector <> - PERF_STAT : "     0.379248683;CPU0;3307;;UNC_M_CAS_COUNT.WR[UNIT1];10284283;100.00;;"
6747 [139972822947520] INFO perfrun.perfcollector <> - PERF_STAT : "     0.379248683;CPU10;7107;;UNC_M_CAS_COUNT.WR[UNIT1];10286379;100.00;;"
6748 [139972822947520] INFO perfrun.perfcollector <> - PERF_STAT : "     0.379248683;CPU0;3845;;UNC_M_CAS_COUNT.WR[UNIT4];10284325;100.00;;"
6748 [139972822947520] INFO perfrun.perfcollector <> - PERF_STAT : "     0.379248683;CPU10;6576;;UNC_M_CAS_COUNT.WR[UNIT4];10286281;100.00;;"
6748 [139972822947520] INFO perfrun.perfcollector <> - PERF_STAT : "     0.379248683;CPU0;3266;;UNC_M_CAS_COUNT.WR[UNIT5];10284356;100.00;;"
6748 [139972822947520] INFO perfrun.perfcollector <> - PERF_STAT : "     0.379248683;CPU10;7129;;UNC_M_CAS_COUNT.WR[UNIT5];10286254;100.00;;"
6758 [139972822947520] INFO perfrun.perfcollector <> - PERF_STAT : "     0.389525965;CPU0;1881;;UNC_M_CAS_COUNT.RD[UNIT0];10293679;100.00;;"
6758 [139972822947520] INFO perfrun.perfcollector <> - PERF_STAT : "     0.389525965;CPU10;1270;;UNC_M_CAS_COUNT.RD[UNIT0];10284533;100.00;;"
6758 [139972822947520] INFO perfrun.perfcollector <> - PERF_STAT : "     0.389525965;CPU0;1264;;UNC_M_CAS_COUNT.RD[UNIT1];10293593;100.00;;"
6758 [139972822947520] INFO perfrun.perfcollector <> - PERF_STAT : "     0.389525965;CPU10;1852;;UNC_M_CAS_COUNT.RD[UNIT1];10283624;100.00;;"
6758 [139972822947520] INFO perfrun.perfcollector <> - PERF_STAT : "     0.389525965;CPU0;1805;;UNC_M_CAS_COUNT.RD[UNIT4];10293503;100.00;;"
6758 [139972822947520] INFO perfrun.perfcollector <> - PERF_STAT : "     0.389525965;CPU10;1195;;UNC_M_CAS_COUNT.RD[UNIT4];10282751;100.00;;"
6758 [139972822947520] INFO perfrun.perfcollector <> - PERF_STAT : "     0.389525965;CPU0;1340;;UNC_M_CAS_COUNT.RD[UNIT5];10293326;100.00;;"
6758 [139972822947520] INFO perfrun.perfcollector <> - PERF_STAT : "     0.389525965;CPU10;1768;;UNC_M_CAS_COUNT.RD[UNIT5];10282202;100.00;;"
6758 [139972822947520] INFO perfrun.perfcollector <> - PERF_STAT : "     0.389525965;CPU0;1367;;UNC_M_CAS_COUNT.WR[UNIT0];10293292;100.00;;"
6758 [139972822947520] INFO perfrun.perfcollector <> - PERF_STAT : "     0.389525965;CPU10;728;;UNC_M_CAS_COUNT.WR[UNIT0];10281788;100.00;;"
6758 [139972822947520] INFO perfrun.perfcollector <> - PERF_STAT : "     0.389525965;CPU0;761;;UNC_M_CAS_COUNT.WR[UNIT1];10293298;100.00;;"
6758 [139972822947520] INFO perfrun.perfcollector <> - PERF_STAT : "     0.389525965;CPU10;1245;;UNC_M_CAS_COUNT.WR[UNIT1];10281462;100.00;;"
6758 [139972822947520] INFO perfrun.perfcollector <> - PERF_STAT : "     0.389525965;CPU0;1343;;UNC_M_CAS_COUNT.WR[UNIT4];10293239;100.00;;"
6758 [139972822947520] INFO perfrun.perfcollector <> - PERF_STAT : "     0.389525965;CPU10;673;;UNC_M_CAS_COUNT.WR[UNIT4];10281150;100.00;;"
6758 [139972822947520] INFO perfrun.perfcollector <> - PERF_STAT : "     0.389525965;CPU0;789;;UNC_M_CAS_COUNT.WR[UNIT5];10293200;100.00;;"
6758 [139972822947520] INFO perfrun.perfcollector <> - PERF_STAT : "     0.389525965;CPU10;1270;;UNC_M_CAS_COUNT.WR[UNIT5];10280854;100.00;;"
6768 [139972822947520] INFO perfrun.perfcollector <> - PERF_STAT : "     0.399796646;CPU0;1382;;UNC_M_CAS_COUNT.RD[UNIT0];10274493;100.00;;"
6768 [139972822947520] INFO perfrun.perfcollector <> - PERF_STAT : "     0.399796646;CPU10;1283;;UNC_M_CAS_COUNT.RD[UNIT0];10276551;100.00;;"
6768 [139972822947520] INFO perfrun.perfcollector <> - PERF_STAT : "     0.399796646;CPU0;803;;UNC_M_CAS_COUNT.RD[UNIT1];10274575;100.00;;"
6768 [139972822947520] INFO perfrun.perfcollector <> - PERF_STAT : "     0.399796646;CPU10;1876;;UNC_M_CAS_COUNT.RD[UNIT1];10277326;100.00;;"
6768 [139972822947520] INFO perfrun.perfcollector <> - PERF_STAT : "     0.399796646;CPU0;1270;;UNC_M_CAS_COUNT.RD[UNIT4];10274557;100.00;;"
6768 [139972822947520] INFO perfrun.perfcollector <> - PERF_STAT : "     0.399796646;CPU10;1168;;UNC_M_CAS_COUNT.RD[UNIT4];10277786;100.00;;"
6768 [139972822947520] INFO perfrun.perfcollector <> - PERF_STAT : "     0.399796646;CPU0;814;;UNC_M_CAS_COUNT.RD[UNIT5];10274652;100.00;;"
6768 [139972822947520] INFO perfrun.perfcollector <> - PERF_STAT : "     0.399796646;CPU10;1834;;UNC_M_CAS_COUNT.RD[UNIT5];10278308;100.00;;"
6768 [139972822947520] INFO perfrun.perfcollector <> - PERF_STAT : "     0.399796646;CPU0;1412;;UNC_M_CAS_COUNT.WR[UNIT0];10274707;100.00;;"
6768 [139972822947520] INFO perfrun.perfcollector <> - PERF_STAT : "     0.399796646;CPU10;814;;UNC_M_CAS_COUNT.WR[UNIT0];10278720;100.00;;"
6768 [139972822947520] INFO perfrun.perfcollector <> - PERF_STAT : "     0.399796646;CPU0;889;;UNC_M_CAS_COUNT.WR[UNIT1];10274684;100.00;;"
6768 [139972822947520] INFO perfrun.perfcollector <> - PERF_STAT : "     0.399796646;CPU10;1397;;UNC_M_CAS_COUNT.WR[UNIT1];10279031;100.00;;"
6768 [139972822947520] INFO perfrun.perfcollector <> - PERF_STAT : "     0.399796646;CPU0;1425;;UNC_M_CAS_COUNT.WR[UNIT4];10274676;100.00;;"
6768 [139972822947520] INFO perfrun.perfcollector <> - PERF_STAT : "     0.399796646;CPU10;823;;UNC_M_CAS_COUNT.WR[UNIT4];10279374;100.00;;"
6768 [139972822947520] INFO perfrun.perfcollector <> - PERF_STAT : "     0.399796646;CPU0;880;;UNC_M_CAS_COUNT.WR[UNIT5];10274670;100.00;;"
6768 [139972822947520] INFO perfrun.perfcollector <> - PERF_STAT : "     0.399796646;CPU10;1367;;UNC_M_CAS_COUNT.WR[UNIT5];10279661;100.00;;"
6794 [139972822947520] INFO perfrun.perfcollector <> - PERF_STAT : "     0.410086962;CPU0;944;;UNC_M_CAS_COUNT.RD[UNIT0];10307159;100.00;;"
6794 [139972822947520] INFO perfrun.perfcollector <> - PERF_STAT : "     0.410086962;CPU10;1006;;UNC_M_CAS_COUNT.RD[UNIT0];10303820;100.00;;"
6794 [139972822947520] INFO perfrun.perfcollector <> - PERF_STAT : "     0.410086962;CPU0;426;;UNC_M_CAS_COUNT.RD[UNIT1];10306781;100.00;;"
6794 [139972822947520] INFO perfrun.perfcollector <> - PERF_STAT : "     0.410086962;CPU10;1640;;UNC_M_CAS_COUNT.RD[UNIT1];10303686;100.00;;"
6794 [139972822947520] INFO perfrun.perfcollector <> - PERF_STAT : "     0.410086962;CPU0;968;;UNC_M_CAS_COUNT.RD[UNIT4];10306635;100.00;;"
6794 [139972822947520] INFO perfrun.perfcollector <> - PERF_STAT : "     0.410086962;CPU10;906;;UNC_M_CAS_COUNT.RD[UNIT4];10303446;100.00;;"
6794 [139972822947520] INFO perfrun.perfcollector <> - PERF_STAT : "     0.410086962;CPU0;438;;UNC_M_CAS_COUNT.RD[UNIT5];10306516;100.00;;"
6794 [139972822947520] INFO perfrun.perfcollector <> - PERF_STAT : "     0.410086962;CPU10;1558;;UNC_M_CAS_COUNT.RD[UNIT5];10303396;100.00;;"
6794 [139972822947520] INFO perfrun.perfcollector <> - PERF_STAT : "     0.410086962;CPU0;996;;UNC_M_CAS_COUNT.WR[UNIT0];10306282;100.00;;"
6794 [139972822947520] INFO perfrun.perfcollector <> - PERF_STAT : "     0.410086962;CPU10;616;;UNC_M_CAS_COUNT.WR[UNIT0];10303734;100.00;;"
6794 [139972822947520] INFO perfrun.perfcollector <> - PERF_STAT : "     0.410086962;CPU0;462;;UNC_M_CAS_COUNT.WR[UNIT1];10306213;100.00;;"
6794 [139972822947520] INFO perfrun.perfcollector <> - PERF_STAT : "     0.410086962;CPU10;1164;;UNC_M_CAS_COUNT.WR[UNIT1];10303721;100.00;;"
6794 [139972822947520] INFO perfrun.perfcollector <> - PERF_STAT : "     0.410086962;CPU0;985;;UNC_M_CAS_COUNT.WR[UNIT4];10306152;100.00;;"
6794 [139972822947520] INFO perfrun.perfcollector <> - PERF_STAT : "     0.410086962;CPU10;583;;UNC_M_CAS_COUNT.WR[UNIT4];10303652;100.00;;"
6794 [139972822947520] INFO perfrun.perfcollector <> - PERF_STAT : "     0.410086962;CPU0;466;;UNC_M_CAS_COUNT.WR[UNIT5];10306012;100.00;;"
6794 [139972822947520] INFO perfrun.perfcollector <> - PERF_STAT : "     0.410086962;CPU10;1159;;UNC_M_CAS_COUNT.WR[UNIT5];10303552;100.00;;"
6794 [139972822947520] INFO perfrun.perfcollector <> - PERF_STAT : "     0.420387569;CPU0;789;;UNC_M_CAS_COUNT.RD[UNIT0];10280236;100.00;;"
6794 [139972822947520] INFO perfrun.perfcollector <> - PERF_STAT : "     0.420387569;CPU10;3117;;UNC_M_CAS_COUNT.RD[UNIT0];10279775;100.00;;"
6794 [139972822947520] INFO perfrun.perfcollector <> - PERF_STAT : "     0.420387569;CPU0;446;;UNC_M_CAS_COUNT.RD[UNIT1];10280189;100.00;;"
6794 [139972822947520] INFO perfrun.perfcollector <> - PERF_STAT : "     0.420387569;CPU10;3671;;UNC_M_CAS_COUNT.RD[UNIT1];10279528;100.00;;"
6794 [139972822947520] INFO perfrun.perfcollector <> - PERF_STAT : "     0.420387569;CPU0;763;;UNC_M_CAS_COUNT.RD[UNIT4];10280205;100.00;;"
6794 [139972822947520] INFO perfrun.perfcollector <> - PERF_STAT : "     0.420387569;CPU10;3067;;UNC_M_CAS_COUNT.RD[UNIT4];10279352;100.00;;"
6794 [139972822947520] INFO perfrun.perfcollector <> - PERF_STAT : "     0.420387569;CPU0;475;;UNC_M_CAS_COUNT.RD[UNIT5];10280219;100.00;;"
6794 [139972822947520] INFO perfrun.perfcollector <> - PERF_STAT : "     0.420387569;CPU10;3723;;UNC_M_CAS_COUNT.RD[UNIT5];10279187;100.00;;"
6794 [139972822947520] INFO perfrun.perfcollector <> - PERF_STAT : "     0.420387569;CPU0;677;;UNC_M_CAS_COUNT.WR[UNIT0];10280229;100.00;;"
6794 [139972822947520] INFO perfrun.perfcollector <> - PERF_STAT : "     0.420387569;CPU10;9625;;UNC_M_CAS_COUNT.WR[UNIT0];10278868;100.00;;"
6794 [139972822947520] INFO perfrun.perfcollector <> - PERF_STAT : "     0.420387569;CPU0;391;;UNC_M_CAS_COUNT.WR[UNIT1];10280295;100.00;;"
6794 [139972822947520] INFO perfrun.perfcollector <> - PERF_STAT : "     0.420387569;CPU10;10413;;UNC_M_CAS_COUNT.WR[UNIT1];10278937;100.00;;"
6794 [139972822947520] INFO perfrun.perfcollector <> - PERF_STAT : "     0.420387569;CPU0;654;;UNC_M_CAS_COUNT.WR[UNIT4];10280241;100.00;;"
6794 [139972822947520] INFO perfrun.perfcollector <> - PERF_STAT : "     0.420387569;CPU10;9869;;UNC_M_CAS_COUNT.WR[UNIT4];10278784;100.00;;"
6794 [139972822947520] INFO perfrun.perfcollector <> - PERF_STAT : "     0.420387569;CPU0;352;;UNC_M_CAS_COUNT.WR[UNIT5];10280270;100.00;;"
6794 [139972822947520] INFO perfrun.perfcollector <> - PERF_STAT : "     0.420387569;CPU10;10457;;UNC_M_CAS_COUNT.WR[UNIT5];10278535;100.00;;"
6799 [139972822947520] INFO perfrun.perfcollector <> - PERF_STAT : "     0.430654473;CPU0;810;;UNC_M_CAS_COUNT.RD[UNIT0];10254701;100.00;;"
6799 [139972822947520] INFO perfrun.perfcollector <> - PERF_STAT : "     0.430654473;CPU10;1709;;UNC_M_CAS_COUNT.RD[UNIT0];10251497;100.00;;"
6799 [139972822947520] INFO perfrun.perfcollector <> - PERF_STAT : "     0.430654473;CPU0;468;;UNC_M_CAS_COUNT.RD[UNIT1];10254804;100.00;;"
6799 [139972822947520] INFO perfrun.perfcollector <> - PERF_STAT : "     0.430654473;CPU10;2298;;UNC_M_CAS_COUNT.RD[UNIT1];10250674;100.00;;"
6799 [139972822947520] INFO perfrun.perfcollector <> - PERF_STAT : "     0.430654473;CPU0;736;;UNC_M_CAS_COUNT.RD[UNIT4];10254817;100.00;;"
6799 [139972822947520] INFO perfrun.perfcollector <> - PERF_STAT : "     0.430654473;CPU10;1607;;UNC_M_CAS_COUNT.RD[UNIT4];10249977;100.00;;"
6799 [139972822947520] INFO perfrun.perfcollector <> - PERF_STAT : "     0.430654473;CPU0;474;;UNC_M_CAS_COUNT.RD[UNIT5];10254730;100.00;;"
6799 [139972822947520] INFO perfrun.perfcollector <> - PERF_STAT : "     0.430654473;CPU10;2182;;UNC_M_CAS_COUNT.RD[UNIT5];10249172;100.00;;"
6799 [139972822947520] INFO perfrun.perfcollector <> - PERF_STAT : "     0.430654473;CPU0;981;;UNC_M_CAS_COUNT.WR[UNIT0];10254747;100.00;;"
6799 [139972822947520] INFO perfrun.perfcollector <> - PERF_STAT : "     0.430654473;CPU10;13998;;UNC_M_CAS_COUNT.WR[UNIT0];10248247;100.00;;"
6799 [139972822947520] INFO perfrun.perfcollector <> - PERF_STAT : "     0.430654473;CPU0;669;;UNC_M_CAS_COUNT.WR[UNIT1];10254658;100.00;;"
6799 [139972822947520] INFO perfrun.perfcollector <> - PERF_STAT : "     0.430654473;CPU10;14551;;UNC_M_CAS_COUNT.WR[UNIT1];10247305;100.00;;"
6799 [139972822947520] INFO perfrun.perfcollector <> - PERF_STAT : "     0.430654473;CPU0;955;;UNC_M_CAS_COUNT.WR[UNIT4];10254668;100.00;;"
6799 [139972822947520] INFO perfrun.perfcollector <> - PERF_STAT : "     0.430654473;CPU10;13899;;UNC_M_CAS_COUNT.WR[UNIT4];10246589;100.00;;"
6799 [139972822947520] INFO perfrun.perfcollector <> - PERF_STAT : "     0.430654473;CPU0;670;;UNC_M_CAS_COUNT.WR[UNIT5];10254656;100.00;;"
6799 [139972822947520] INFO perfrun.perfcollector <> - PERF_STAT : "     0.430654473;CPU10;14403;;UNC_M_CAS_COUNT.WR[UNIT5];10246073;100.00;;"
6809 [139972822947520] INFO perfrun.perfcollector <> - PERF_STAT : "     0.440915298;CPU0;1958;;UNC_M_CAS_COUNT.RD[UNIT0];10286016;100.00;;"
6809 [139972822947520] INFO perfrun.perfcollector <> - PERF_STAT : "     0.440915298;CPU10;1258;;UNC_M_CAS_COUNT.RD[UNIT0];10299615;100.00;;"
6809 [139972822947520] INFO perfrun.perfcollector <> - PERF_STAT : "     0.440915298;CPU0;1415;;UNC_M_CAS_COUNT.RD[UNIT1];10286143;100.00;;"
6809 [139972822947520] INFO perfrun.perfcollector <> - PERF_STAT : "     0.440915298;CPU10;1634;;UNC_M_CAS_COUNT.RD[UNIT1];10303901;100.00;;"
6809 [139972822947520] INFO perfrun.perfcollector <> - PERF_STAT : "     0.440915298;CPU0;2001;;UNC_M_CAS_COUNT.RD[UNIT4];10286319;100.00;;"
6809 [139972822947520] INFO perfrun.perfcollector <> - PERF_STAT : "     0.440915298;CPU10;1176;;UNC_M_CAS_COUNT.RD[UNIT4];10307634;100.00;;"
6809 [139972822947520] INFO perfrun.perfcollector <> - PERF_STAT : "     0.440915298;CPU0;1422;;UNC_M_CAS_COUNT.RD[UNIT5];10286395;100.00;;"
6809 [139972822947520] INFO perfrun.perfcollector <> - PERF_STAT : "     0.440915298;CPU10;1591;;UNC_M_CAS_COUNT.RD[UNIT5];10310655;100.00;;"
6809 [139972822947520] INFO perfrun.perfcollector <> - PERF_STAT : "     0.440915298;CPU0;1527;;UNC_M_CAS_COUNT.WR[UNIT0];10286495;100.00;;"
6809 [139972822947520] INFO perfrun.perfcollector <> - PERF_STAT : "     0.440915298;CPU10;394;;UNC_M_CAS_COUNT.WR[UNIT0];10313488;100.00;;"
6809 [139972822947520] INFO perfrun.perfcollector <> - PERF_STAT : "     0.440915298;CPU0;990;;UNC_M_CAS_COUNT.WR[UNIT1];10286540;100.00;;"
6809 [139972822947520] INFO perfrun.perfcollector <> - PERF_STAT : "     0.440915298;CPU10;660;;UNC_M_CAS_COUNT.WR[UNIT1];10316680;100.00;;"
6809 [139972822947520] INFO perfrun.perfcollector <> - PERF_STAT : "     0.440915298;CPU0;1582;;UNC_M_CAS_COUNT.WR[UNIT4];10286611;100.00;;"
6809 [139972822947520] INFO perfrun.perfcollector <> - PERF_STAT : "     0.440915298;CPU10;396;;UNC_M_CAS_COUNT.WR[UNIT4];10319612;100.00;;"
6809 [139972822947520] INFO perfrun.perfcollector <> - PERF_STAT : "     0.440915298;CPU0;1025;;UNC_M_CAS_COUNT.WR[UNIT5];10286688;100.00;;"
6809 [139972822947520] INFO perfrun.perfcollector <> - PERF_STAT : "     0.440915298;CPU10;706;;UNC_M_CAS_COUNT.WR[UNIT5];10322574;100.00;;"
6819 [139972822947520] INFO perfrun.perfcollector <> - PERF_STAT : "     0.451238160;CPU0;715;;UNC_M_CAS_COUNT.RD[UNIT0];10322236;100.00;;"
6819 [139972822947520] INFO perfrun.perfcollector <> - PERF_STAT : "     0.451238160;CPU10;8591;;UNC_M_CAS_COUNT.RD[UNIT0];10344145;100.00;;"
6819 [139972822947520] INFO perfrun.perfcollector <> - PERF_STAT : "     0.451238160;CPU0;638;;UNC_M_CAS_COUNT.RD[UNIT1];10325245;100.00;;"
6819 [139972822947520] INFO perfrun.perfcollector <> - PERF_STAT : "     0.451238160;CPU10;9073;;UNC_M_CAS_COUNT.RD[UNIT1];10340636;100.00;;"
6819 [139972822947520] INFO perfrun.perfcollector <> - PERF_STAT : "     0.451238160;CPU0;687;;UNC_M_CAS_COUNT.RD[UNIT4];10327112;100.00;;"
6819 [139972822947520] INFO perfrun.perfcollector <> - PERF_STAT : "     0.451238160;CPU10;8601;;UNC_M_CAS_COUNT.RD[UNIT4];10337249;100.00;;"
6819 [139972822947520] INFO perfrun.perfcollector <> - PERF_STAT : "     0.451238160;CPU0;652;;UNC_M_CAS_COUNT.RD[UNIT5];10329113;100.00;;"
6819 [139972822947520] INFO perfrun.perfcollector <> - PERF_STAT : "     0.451238160;CPU10;9108;;UNC_M_CAS_COUNT.RD[UNIT5];10334767;100.00;;"
6819 [139972822947520] INFO perfrun.perfcollector <> - PERF_STAT : "     0.451238160;CPU0;320;;UNC_M_CAS_COUNT.WR[UNIT0];10330921;100.00;;"
6819 [139972822947520] INFO perfrun.perfcollector <> - PERF_STAT : "     0.451238160;CPU10;6308;;UNC_M_CAS_COUNT.WR[UNIT0];10332390;100.00;;"
6820 [139972822947520] INFO perfrun.perfcollector <> - PERF_STAT : "     0.451238160;CPU0;218;;UNC_M_CAS_COUNT.WR[UNIT1];10332755;100.00;;"
6820 [139972822947520] INFO perfrun.perfcollector <> - PERF_STAT : "     0.451238160;CPU10;6672;;UNC_M_CAS_COUNT.WR[UNIT1];10329664;100.00;;"
6820 [139972822947520] INFO perfrun.perfcollector <> - PERF_STAT : "     0.451238160;CPU0;297;;UNC_M_CAS_COUNT.WR[UNIT4];10334584;100.00;;"
6820 [139972822947520] INFO perfrun.perfcollector <> - PERF_STAT : "     0.451238160;CPU10;6250;;UNC_M_CAS_COUNT.WR[UNIT4];10327168;100.00;;"
6820 [139972822947520] INFO perfrun.perfcollector <> - PERF_STAT : "     0.451238160;CPU0;236;;UNC_M_CAS_COUNT.WR[UNIT5];10336421;100.00;;"
6820 [139972822947520] INFO perfrun.perfcollector <> - PERF_STAT : "     0.451238160;CPU10;6857;;UNC_M_CAS_COUNT.WR[UNIT5];10324606;100.00;;"
6830 [139972822947520] INFO perfrun.perfcollector <> - PERF_STAT : "     0.461583598;CPU0;7179;;UNC_M_CAS_COUNT.RD[UNIT0];10341973;100.00;;"
6830 [139972822947520] INFO perfrun.perfcollector <> - PERF_STAT : "     0.461583598;CPU10;10624;;UNC_M_CAS_COUNT.RD[UNIT0];10337915;100.00;;"
6830 [139972822947520] INFO perfrun.perfcollector <> - PERF_STAT : "     0.461583598;CPU0;6278;;UNC_M_CAS_COUNT.RD[UNIT1];10341900;100.00;;"
6830 [139972822947520] INFO perfrun.perfcollector <> - PERF_STAT : "     0.461583598;CPU10;11340;;UNC_M_CAS_COUNT.RD[UNIT1];10337318;100.00;;"
6830 [139972822947520] INFO perfrun.perfcollector <> - PERF_STAT : "     0.461583598;CPU0;6971;;UNC_M_CAS_COUNT.RD[UNIT4];10341860;100.00;;"
6830 [139972822947520] INFO perfrun.perfcollector <> - PERF_STAT : "     0.461583598;CPU10;10617;;UNC_M_CAS_COUNT.RD[UNIT4];10337128;100.00;;"
6830 [139972822947520] INFO perfrun.perfcollector <> - PERF_STAT : "     0.461583598;CPU0;6348;;UNC_M_CAS_COUNT.RD[UNIT5];10341706;100.00;;"
6830 [139972822947520] INFO perfrun.perfcollector <> - PERF_STAT : "     0.461583598;CPU10;11464;;UNC_M_CAS_COUNT.RD[UNIT5];10336633;100.00;;"
6830 [139972822947520] INFO perfrun.perfcollector <> - PERF_STAT : "     0.461583598;CPU0;1911;;UNC_M_CAS_COUNT.WR[UNIT0];10341729;100.00;;"
6830 [139972822947520] INFO perfrun.perfcollector <> - PERF_STAT : "     0.461583598;CPU10;12953;;UNC_M_CAS_COUNT.WR[UNIT0];10336202;100.00;;"
6830 [139972822947520] INFO perfrun.perfcollector <> - PERF_STAT : "     0.461583598;CPU0;1721;;UNC_M_CAS_COUNT.WR[UNIT1];10341726;100.00;;"
6830 [139972822947520] INFO perfrun.perfcollector <> - PERF_STAT : "     0.461583598;CPU10;13375;;UNC_M_CAS_COUNT.WR[UNIT1];10335810;100.00;;"
6830 [139972822947520] INFO perfrun.perfcollector <> - PERF_STAT : "     0.461583598;CPU0;1987;;UNC_M_CAS_COUNT.WR[UNIT4];10341836;100.00;;"
6830 [139972822947520] INFO perfrun.perfcollector <> - PERF_STAT : "     0.461583598;CPU10;12925;;UNC_M_CAS_COUNT.WR[UNIT4];10335436;100.00;;"
6830 [139972822947520] INFO perfrun.perfcollector <> - PERF_STAT : "     0.461583598;CPU0;1585;;UNC_M_CAS_COUNT.WR[UNIT5];10341850;100.00;;"
6830 [139972822947520] INFO perfrun.perfcollector <> - PERF_STAT : "     0.461583598;CPU10;13689;;UNC_M_CAS_COUNT.WR[UNIT5];10335069;100.00;;"
6840 [139972822947520] INFO perfrun.perfcollector <> - PERF_STAT : "     0.471876152;CPU0;4512;;UNC_M_CAS_COUNT.RD[UNIT0];10277749;100.00;;"
6840 [139972822947520] INFO perfrun.perfcollector <> - PERF_STAT : "     0.471876152;CPU10;2173;;UNC_M_CAS_COUNT.RD[UNIT0];10251029;100.00;;"
6840 [139972822947520] INFO perfrun.perfcollector <> - PERF_STAT : "     0.471876152;CPU0;4054;;UNC_M_CAS_COUNT.RD[UNIT1];10275014;100.00;;"
6840 [139972822947520] INFO perfrun.perfcollector <> - PERF_STAT : "     0.471876152;CPU10;2300;;UNC_M_CAS_COUNT.RD[UNIT1];10250965;100.00;;"
6840 [139972822947520] INFO perfrun.perfcollector <> - PERF_STAT : "     0.471876152;CPU0;4495;;UNC_M_CAS_COUNT.RD[UNIT4];10273109;100.00;;"
6840 [139972822947520] INFO perfrun.perfcollector <> - PERF_STAT : "     0.471876152;CPU10;1968;;UNC_M_CAS_COUNT.RD[UNIT4];10250901;100.00;;"
6840 [139972822947520] INFO perfrun.perfcollector <> - PERF_STAT : "     0.471876152;CPU0;3990;;UNC_M_CAS_COUNT.RD[UNIT5];10271269;100.00;;"
6840 [139972822947520] INFO perfrun.perfcollector <> - PERF_STAT : "     0.471876152;CPU10;2205;;UNC_M_CAS_COUNT.RD[UNIT5];10250881;100.00;;"
6840 [139972822947520] INFO perfrun.perfcollector <> - PERF_STAT : "     0.471876152;CPU0;3926;;UNC_M_CAS_COUNT.WR[UNIT0];10269540;100.00;;"
6840 [139972822947520] INFO perfrun.perfcollector <> - PERF_STAT : "     0.471876152;CPU10;1369;;UNC_M_CAS_COUNT.WR[UNIT0];10250854;100.00;;"
6840 [139972822947520] INFO perfrun.perfcollector <> - PERF_STAT : "     0.471876152;CPU0;3525;;UNC_M_CAS_COUNT.WR[UNIT1];10267816;100.00;;"
6840 [139972822947520] INFO perfrun.perfcollector <> - PERF_STAT : "     0.471876152;CPU10;1454;;UNC_M_CAS_COUNT.WR[UNIT1];10250893;100.00;;"
6840 [139972822947520] INFO perfrun.perfcollector <> - PERF_STAT : "     0.471876152;CPU0;3965;;UNC_M_CAS_COUNT.WR[UNIT4];10265977;100.00;;"
6840 [139972822947520] INFO perfrun.perfcollector <> - PERF_STAT : "     0.471876152;CPU10;1327;;UNC_M_CAS_COUNT.WR[UNIT4];10250869;100.00;;"
6840 [139972822947520] INFO perfrun.perfcollector <> - PERF_STAT : "     0.471876152;CPU0;3446;;UNC_M_CAS_COUNT.WR[UNIT5];10264181;100.00;;"
6840 [139972822947520] INFO perfrun.perfcollector <> - PERF_STAT : "     0.471876152;CPU10;1431;;UNC_M_CAS_COUNT.WR[UNIT5];10250836;100.00;;"
6850 [139972822947520] INFO perfrun.perfcollector <> - PERF_STAT : "     0.482093769;CPU0;9499;;UNC_M_CAS_COUNT.RD[UNIT0];10202759;100.00;;"
6850 [139972822947520] INFO perfrun.perfcollector <> - PERF_STAT : "     0.482093769;CPU10;5087;;UNC_M_CAS_COUNT.RD[UNIT0];10225722;100.00;;"
6851 [139972822947520] INFO perfrun.perfcollector <> - PERF_STAT : "     0.482093769;CPU0;9114;;UNC_M_CAS_COUNT.RD[UNIT1];10205526;100.00;;"
6851 [139972822947520] INFO perfrun.perfcollector <> - PERF_STAT : "     0.482093769;CPU10;5394;;UNC_M_CAS_COUNT.RD[UNIT1];10226142;100.00;;"
6851 [139972822947520] INFO perfrun.perfcollector <> - PERF_STAT : "     0.482093769;CPU0;9527;;UNC_M_CAS_COUNT.RD[UNIT4];10207435;100.00;;"
6851 [139972822947520] INFO perfrun.perfcollector <> - PERF_STAT : "     0.482093769;CPU10;4918;;UNC_M_CAS_COUNT.RD[UNIT4];10226439;100.00;;"
6851 [139972822947520] INFO perfrun.perfcollector <> - PERF_STAT : "     0.482093769;CPU0;9111;;UNC_M_CAS_COUNT.RD[UNIT5];10209235;100.00;;"
6851 [139972822947520] INFO perfrun.perfcollector <> - PERF_STAT : "     0.482093769;CPU10;5219;;UNC_M_CAS_COUNT.RD[UNIT5];10237525;100.00;;"
6851 [139972822947520] INFO perfrun.perfcollector <> - PERF_STAT : "     0.482093769;CPU0;6178;;UNC_M_CAS_COUNT.WR[UNIT0];10210967;100.00;;"
6851 [139972822947520] INFO perfrun.perfcollector <> - PERF_STAT : "     0.482093769;CPU10;6167;;UNC_M_CAS_COUNT.WR[UNIT0];10238485;100.00;;"
6851 [139972822947520] INFO perfrun.perfcollector <> - PERF_STAT : "     0.482093769;CPU0;5714;;UNC_M_CAS_COUNT.WR[UNIT1];10212642;100.00;;"
6851 [139972822947520] INFO perfrun.perfcollector <> - PERF_STAT : "     0.482093769;CPU10;6671;;UNC_M_CAS_COUNT.WR[UNIT1];10238624;100.00;;"
6851 [139972822947520] INFO perfrun.perfcollector <> - PERF_STAT : "     0.482093769;CPU0;6081;;UNC_M_CAS_COUNT.WR[UNIT4];10214393;100.00;;"
6851 [139972822947520] INFO perfrun.perfcollector <> - PERF_STAT : "     0.482093769;CPU10;6201;;UNC_M_CAS_COUNT.WR[UNIT4];10238769;100.00;;"
6851 [139972822947520] INFO perfrun.perfcollector <> - PERF_STAT : "     0.482093769;CPU0;5506;;UNC_M_CAS_COUNT.WR[UNIT5];10216185;100.00;;"
6851 [139972822947520] INFO perfrun.perfcollector <> - PERF_STAT : "     0.482093769;CPU10;6460;;UNC_M_CAS_COUNT.WR[UNIT5];10239131;100.00;;"
6860 [139972822947520] INFO perfrun.perfcollector <> - PERF_STAT : "     0.492391080;CPU0;10678;;UNC_M_CAS_COUNT.RD[UNIT0];10287135;100.00;;"
6860 [139972822947520] INFO perfrun.perfcollector <> - PERF_STAT : "     0.492391080;CPU10;9150;;UNC_M_CAS_COUNT.RD[UNIT0];10257813;100.00;;"
6860 [139972822947520] INFO perfrun.perfcollector <> - PERF_STAT : "     0.492391080;CPU0;10404;;UNC_M_CAS_COUNT.RD[UNIT1];10283959;100.00;;"
6860 [139972822947520] INFO perfrun.perfcollector <> - PERF_STAT : "     0.492391080;CPU10;9578;;UNC_M_CAS_COUNT.RD[UNIT1];10257368;100.00;;"
6860 [139972822947520] INFO perfrun.perfcollector <> - PERF_STAT : "     0.492391080;CPU0;10788;;UNC_M_CAS_COUNT.RD[UNIT4];10281960;100.00;;"
6860 [139972822947520] INFO perfrun.perfcollector <> - PERF_STAT : "     0.492391080;CPU10;8995;;UNC_M_CAS_COUNT.RD[UNIT4];10256907;100.00;;"
6861 [139972822947520] INFO perfrun.perfcollector <> - PERF_STAT : "     0.492391080;CPU0;10396;;UNC_M_CAS_COUNT.RD[UNIT5];10280141;100.00;;"
6861 [139972822947520] INFO perfrun.perfcollector <> - PERF_STAT : "     0.492391080;CPU10;9535;;UNC_M_CAS_COUNT.RD[UNIT5];10245801;100.00;;"
6861 [139972822947520] INFO perfrun.perfcollector <> - PERF_STAT : "     0.492391080;CPU0;1038;;UNC_M_CAS_COUNT.WR[UNIT0];10278188;100.00;;"
6861 [139972822947520] INFO perfrun.perfcollector <> - PERF_STAT : "     0.492391080;CPU10;13891;;UNC_M_CAS_COUNT.WR[UNIT0];10244897;100.00;;"
6861 [139972822947520] INFO perfrun.perfcollector <> - PERF_STAT : "     0.492391080;CPU0;795;;UNC_M_CAS_COUNT.WR[UNIT1];10276256;100.00;;"
6861 [139972822947520] INFO perfrun.perfcollector <> - PERF_STAT : "     0.492391080;CPU10;14401;;UNC_M_CAS_COUNT.WR[UNIT1];10244926;100.00;;"
6861 [139972822947520] INFO perfrun.perfcollector <> - PERF_STAT : "     0.492391080;CPU0;1028;;UNC_M_CAS_COUNT.WR[UNIT4];10274458;100.00;;"
6861 [139972822947520] INFO perfrun.perfcollector <> - PERF_STAT : "     0.492391080;CPU10;13998;;UNC_M_CAS_COUNT.WR[UNIT4];10244844;100.00;;"
6861 [139972822947520] INFO perfrun.perfcollector <> - PERF_STAT : "     0.492391080;CPU0;800;;UNC_M_CAS_COUNT.WR[UNIT5];10272660;100.00;;"
6861 [139972822947520] INFO perfrun.perfcollector <> - PERF_STAT : "     0.492391080;CPU10;14147;;UNC_M_CAS_COUNT.WR[UNIT5];10244484;100.00;;"
6871 [139972822947520] INFO perfrun.perfcollector <> - PERF_STAT : "     0.502610317;CPU0;6140;;UNC_M_CAS_COUNT.RD[UNIT0];10238175;100.00;;"
6871 [139972822947520] INFO perfrun.perfcollector <> - PERF_STAT : "     0.502610317;CPU10;5606;;UNC_M_CAS_COUNT.RD[UNIT0];10237751;100.00;;"
6871 [139972822947520] INFO perfrun.perfcollector <> - PERF_STAT : "     0.502610317;CPU0;5508;;UNC_M_CAS_COUNT.RD[UNIT1];10238327;100.00;;"
6871 [139972822947520] INFO perfrun.perfcollector <> - PERF_STAT : "     0.502610317;CPU10;5746;;UNC_M_CAS_COUNT.RD[UNIT1];10237850;100.00;;"
6871 [139972822947520] INFO perfrun.perfcollector <> - PERF_STAT : "     0.502610317;CPU0;6060;;UNC_M_CAS_COUNT.RD[UNIT4];10238313;100.00;;"
6871 [139972822947520] INFO perfrun.perfcollector <> - PERF_STAT : "     0.502610317;CPU10;5548;;UNC_M_CAS_COUNT.RD[UNIT4];10237960;100.00;;"
6871 [139972822947520] INFO perfrun.perfcollector <> - PERF_STAT : "     0.502610317;CPU0;5540;;UNC_M_CAS_COUNT.RD[UNIT5];10238333;100.00;;"
6871 [139972822947520] INFO perfrun.perfcollector <> - PERF_STAT : "     0.502610317;CPU10;5602;;UNC_M_CAS_COUNT.RD[UNIT5];10237953;100.00;;"
6871 [139972822947520] INFO perfrun.perfcollector <> - PERF_STAT : "     0.502610317;CPU0;5911;;UNC_M_CAS_COUNT.WR[UNIT0];10238341;100.00;;"
6871 [139972822947520] INFO perfrun.perfcollector <> - PERF_STAT : "     0.502610317;CPU10;2831;;UNC_M_CAS_COUNT.WR[UNIT0];10237908;100.00;;"
6871 [139972822947520] INFO perfrun.perfcollector <> - PERF_STAT : "     0.502610317;CPU0;5301;;UNC_M_CAS_COUNT.WR[UNIT1];10238355;100.00;;"
6871 [139972822947520] INFO perfrun.perfcollector <> - PERF_STAT : "     0.502610317;CPU10;2957;;UNC_M_CAS_COUNT.WR[UNIT1];10237753;100.00;;"
6871 [139972822947520] INFO perfrun.perfcollector <> - PERF_STAT : "     0.502610317;CPU0;5777;;UNC_M_CAS_COUNT.WR[UNIT4];10238222;100.00;;"
6871 [139972822947520] INFO perfrun.perfcollector <> - PERF_STAT : "     0.502610317;CPU10;2781;;UNC_M_CAS_COUNT.WR[UNIT4];10237685;100.00;;"
6871 [139972822947520] INFO perfrun.perfcollector <> - PERF_STAT : "     0.502610317;CPU0;5315;;UNC_M_CAS_COUNT.WR[UNIT5];10238098;100.00;;"
6871 [139972822947520] INFO perfrun.perfcollector <> - PERF_STAT : "     0.502610317;CPU10;2848;;UNC_M_CAS_COUNT.WR[UNIT5];10237663;100.00;;"
6881 [139972822947520] INFO perfrun.perfcollector <> - PERF_STAT : "     0.512848372;CPU0;2199;;UNC_M_CAS_COUNT.RD[UNIT0];10264401;100.00;;"
6881 [139972822947520] INFO perfrun.perfcollector <> - PERF_STAT : "     0.512848372;CPU10;4059;;UNC_M_CAS_COUNT.RD[UNIT0];10265818;100.00;;"
6881 [139972822947520] INFO perfrun.perfcollector <> - PERF_STAT : "     0.512848372;CPU0;1986;;UNC_M_CAS_COUNT.RD[UNIT1];10264395;100.00;;"
6881 [139972822947520] INFO perfrun.perfcollector <> - PERF_STAT : "     0.512848372;CPU10;4119;;UNC_M_CAS_COUNT.RD[UNIT1];10265806;100.00;;"
6881 [139972822947520] INFO perfrun.perfcollector <> - PERF_STAT : "     0.512848372;CPU0;2220;;UNC_M_CAS_COUNT.RD[UNIT4];10264383;100.00;;"
6881 [139972822947520] INFO perfrun.perfcollector <> - PERF_STAT : "     0.512848372;CPU10;3963;;UNC_M_CAS_COUNT.RD[UNIT4];10265830;100.00;;"
6881 [139972822947520] INFO perfrun.perfcollector <> - PERF_STAT : "     0.512848372;CPU0;1996;;UNC_M_CAS_COUNT.RD[UNIT5];10264289;100.00;;"
6881 [139972822947520] INFO perfrun.perfcollector <> - PERF_STAT : "     0.512848372;CPU10;4046;;UNC_M_CAS_COUNT.RD[UNIT5];10265857;100.00;;"
6881 [139972822947520] INFO perfrun.perfcollector <> - PERF_STAT : "     0.512848372;CPU0;2045;;UNC_M_CAS_COUNT.WR[UNIT0];10264278;100.00;;"
6881 [139972822947520] INFO perfrun.perfcollector <> - PERF_STAT : "     0.512848372;CPU10;1202;;UNC_M_CAS_COUNT.WR[UNIT0];10265889;100.00;;"
6881 [139972822947520] INFO perfrun.perfcollector <> - PERF_STAT : "     0.512848372;CPU0;1766;;UNC_M_CAS_COUNT.WR[UNIT1];10264409;100.00;;"
6881 [139972822947520] INFO perfrun.perfcollector <> - PERF_STAT : "     0.512848372;CPU10;1332;;UNC_M_CAS_COUNT.WR[UNIT1];10265889;100.00;;"
6881 [139972822947520] INFO perfrun.perfcollector <> - PERF_STAT : "     0.512848372;CPU0;1955;;UNC_M_CAS_COUNT.WR[UNIT4];10264431;100.00;;"
6881 [139972822947520] INFO perfrun.perfcollector <> - PERF_STAT : "     0.512848372;CPU10;1229;;UNC_M_CAS_COUNT.WR[UNIT4];10266040;100.00;;"
6881 [139972822947520] INFO perfrun.perfcollector <> - PERF_STAT : "     0.512848372;CPU0;1788;;UNC_M_CAS_COUNT.WR[UNIT5];10264468;100.00;;"
6881 [139972822947520] INFO perfrun.perfcollector <> - PERF_STAT : "     0.512848372;CPU10;1338;;UNC_M_CAS_COUNT.WR[UNIT5];10266111;100.00;;"
6891 [139972822947520] INFO perfrun.perfcollector <> - PERF_STAT : "     0.523083333;CPU0;306;;UNC_M_CAS_COUNT.RD[UNIT0];10202226;100.00;;"
6891 [139972822947520] INFO perfrun.perfcollector <> - PERF_STAT : "     0.523083333;CPU10;142;;UNC_M_CAS_COUNT.RD[UNIT0];10234865;100.00;;"
6891 [139972822947520] INFO perfrun.perfcollector <> - PERF_STAT : "     0.523083333;CPU0;246;;UNC_M_CAS_COUNT.RD[UNIT1];10205263;100.00;;"
6891 [139972822947520] INFO perfrun.perfcollector <> - PERF_STAT : "     0.523083333;CPU10;203;;UNC_M_CAS_COUNT.RD[UNIT1];10235338;100.00;;"
6891 [139972822947520] INFO perfrun.perfcollector <> - PERF_STAT : "     0.523083333;CPU0;286;;UNC_M_CAS_COUNT.RD[UNIT4];10207294;100.00;;"
6891 [139972822947520] INFO perfrun.perfcollector <> - PERF_STAT : "     0.523083333;CPU10;90;;UNC_M_CAS_COUNT.RD[UNIT4];10235920;100.00;;"
6891 [139972822947520] INFO perfrun.perfcollector <> - PERF_STAT : "     0.523083333;CPU0;223;;UNC_M_CAS_COUNT.RD[UNIT5];10209218;100.00;;"
6891 [139972822947520] INFO perfrun.perfcollector <> - PERF_STAT : "     0.523083333;CPU10;204;;UNC_M_CAS_COUNT.RD[UNIT5];10236186;100.00;;"
6891 [139972822947520] INFO perfrun.perfcollector <> - PERF_STAT : "     0.523083333;CPU0;116;;UNC_M_CAS_COUNT.WR[UNIT0];10211250;100.00;;"
6891 [139972822947520] INFO perfrun.perfcollector <> - PERF_STAT : "     0.523083333;CPU10;65;;UNC_M_CAS_COUNT.WR[UNIT0];10236369;100.00;;"
6891 [139972822947520] INFO perfrun.perfcollector <> - PERF_STAT : "     0.523083333;CPU0;64;;UNC_M_CAS_COUNT.WR[UNIT1];10213010;100.00;;"
6891 [139972822947520] INFO perfrun.perfcollector <> - PERF_STAT : "     0.523083333;CPU10;135;;UNC_M_CAS_COUNT.WR[UNIT1];10236591;100.00;;"
6891 [139972822947520] INFO perfrun.perfcollector <> - PERF_STAT : "     0.523083333;CPU0;119;;UNC_M_CAS_COUNT.WR[UNIT4];10214903;100.00;;"
6891 [139972822947520] INFO perfrun.perfcollector <> - PERF_STAT : "     0.523083333;CPU10;49;;UNC_M_CAS_COUNT.WR[UNIT4];10236685;100.00;;"
6891 [139972822947520] INFO perfrun.perfcollector <> - PERF_STAT : "     0.523083333;CPU0;57;;UNC_M_CAS_COUNT.WR[UNIT5];10216875;100.00;;"
6891 [139972822947520] INFO perfrun.perfcollector <> - PERF_STAT : "     0.523083333;CPU10;137;;UNC_M_CAS_COUNT.WR[UNIT5];10237248;100.00;;"
