Run_ID,Timestamp_UTC,Image,Width,Height,Operation,Repeat,Threads,Schedule,Chunk,Simd_Build,Simd_Eligible,OMP_Places,OMP_Proc_Bind,Hostname,Compiler,Build_Flags,Elapsed_ms,Result_Hash,Validation
regular-simd_off-t1-static-r1-4000x3000.png,2026-09-18T16:51:12Z,4000x3000.png,4000,3000,Grayscale,1,1,static,,off,yes,unset,unset,hype2,12.2.0,-O3 -Wall -Wextra -std=c++17 -fopenmp -DOMP_EXPLICIT_SIMD=0 -fno-tree-vectorize,46.156009,00925fa85224b60c,passed
regular-simd_off-t1-static-r1-4000x3000.png,2026-09-18T16:51:12Z,4000x3000.png,4000,3000,Flip_Horizontal,1,1,static,,off,no,unset,unset,hype2,12.2.0,-O3 -Wall -Wextra -std=c++17 -fopenmp -DOMP_EXPLICIT_SIMD=0 -fno-tree-vectorize,15.824632,45d5313341f5868e,passed
regular-simd_off-t1-static-r1-4000x3000.png,2026-09-18T16:51:12Z,4000x3000.png,4000,3000,Adjust_Brightness,1,1,static,,off,yes,unset,unset,hype2,12.2.0,-O3 -Wall -Wextra -std=c++17 -fopenmp -DOMP_EXPLICIT_SIMD=0 -fno-tree-vectorize,62.273947,e488c03148da4f5b,passed
regular-simd_off-t1-static-r1-4000x3000.png,2026-09-18T16:51:12Z,4000x3000.png,4000,3000,Flip_Vertical,1,1,static,,off,no,unset,unset,hype2,12.2.0,-O3 -Wall -Wextra -std=c++17 -fopenmp -DOMP_EXPLICIT_SIMD=0 -fno-tree-vectorize,5.531558,754d30e4e81eccfc,passed
regular-simd_off-t1-static-r1-4000x3000.png,2026-09-18T16:51:12Z,4000x3000.png,4000,3000,Quantize,1,1,static,,off,yes,unset,unset,hype2,12.2.0,-O3 -Wall -Wextra -std=c++17 -fopenmp -DOMP_EXPLICIT_SIMD=0 -fno-tree-vectorize,205.696961,f01ef010a3fd2f20,passed
regular-simd_off-t1-static-r1-4000x3000.png,2026-09-18T16:51:13Z,4000x3000.png,4000,3000,Adjust_Contrast,1,1,static,,off,yes,unset,unset,hype2,12.2.0,-O3 -Wall -Wextra -std=c++17 -fopenmp -DOMP_EXPLICIT_SIMD=0 -fno-tree-vectorize,93.025337,7cc9f4cee5c661bd,passed
regular-simd_off-t1-static-r1-4000x3000.png,2026-09-18T16:51:13Z,4000x3000.png,4000,3000,Negative,1,1,static,,off,yes,unset,unset,hype2,12.2.0,-O3 -Wall -Wextra -std=c++17 -fopenmp -DOMP_EXPLICIT_SIMD=0 -fno-tree-vectorize,35.239041,043d4193294f2dcc,passed
regular-simd_off-t1-static-r1-4000x3000.png,2026-09-18T16:51:13Z,4000x3000.png,4000,3000,Equalize_Histogram,1,1,static,,off,yes,unset,unset,hype2,12.2.0,-O3 -Wall -Wextra -std=c++17 -fopenmp -DOMP_EXPLICIT_SIMD=0 -fno-tree-vectorize,63.317433,243220feba4dd030,passed
regular-simd_off-t1-static-r1-4000x3000.png,2026-09-18T16:51:13Z,4000x3000.png,4000,3000,Zoom_In,1,1,static,,off,yes,unset,unset,hype2,12.2.0,-O3 -Wall -Wextra -std=c++17 -fopenmp -DOMP_EXPLICIT_SIMD=0 -fno-tree-vectorize,118.092503,71b80276839f9533,passed
regular-simd_off-t1-static-r1-4000x3000.png,2026-09-18T16:51:13Z,4000x3000.png,4000,3000,Zoom_Out,1,1,static,,off,no,unset,unset,hype2,12.2.0,-O3 -Wall -Wextra -std=c++17 -fopenmp -DOMP_EXPLICIT_SIMD=0 -fno-tree-vectorize,99.008321,a91f518a4f2dbd10,passed
regular-simd_off-t1-static-r1-4000x3000.png,2026-09-18T16:51:13Z,4000x3000.png,4000,3000,Rotate_CW,1,1,static,,off,no,unset,unset,hype2,12.2.0,-O3 -Wall -Wextra -std=c++17 -fopenmp -DOMP_EXPLICIT_SIMD=0 -fno-tree-vectorize,80.325067,e0f27e61a205ef0a,passed
regular-simd_off-t1-static-r1-4000x3000.png,2026-09-18T16:51:14Z,4000x3000.png,4000,3000,Rotate_CCW,1,1,static,,off,no,unset,unset,hype2,12.2.0,-O3 -Wall -Wextra -std=c++17 -fopenmp -DOMP_EXPLICIT_SIMD=0 -fno-tree-vectorize,80.381613,b4512f3b73b7723c,passed
regular-simd_off-t1-static-r1-4000x3000.png,2026-09-18T16:51:14Z,4000x3000.png,4000,3000,Gaussian_3x3,1,1,static,,off,yes,unset,unset,hype2,12.2.0,-O3 -Wall -Wextra -std=c++17 -fopenmp -DOMP_EXPLICIT_SIMD=0 -fno-tree-vectorize,475.692220,bc1a93797b2afda7,passed
regular-simd_off-t1-static-r1-4000x3000.png,2026-09-18T16:51:15Z,4000x3000.png,4000,3000,Gaussian_5x5,1,1,static,,off,yes,unset,unset,hype2,12.2.0,-O3 -Wall -Wextra -std=c++17 -fopenmp -DOMP_EXPLICIT_SIMD=0 -fno-tree-vectorize,831.291644,d67ccd9b6dbb62d8,passed
regular-simd_off-t1-static-r1-4000x3000.png,2026-09-18T16:51:16Z,4000x3000.png,4000,3000,Gaussian_7x7,1,1,static,,off,yes,unset,unset,hype2,12.2.0,-O3 -Wall -Wextra -std=c++17 -fopenmp -DOMP_EXPLICIT_SIMD=0 -fno-tree-vectorize,1425.209557,98f465f1820de349,passed
regular-simd_off-t1-static-r1-4000x3000.png,2026-09-18T16:51:19Z,4000x3000.png,4000,3000,Gaussian_9x9,1,1,static,,off,yes,unset,unset,hype2,12.2.0,-O3 -Wall -Wextra -std=c++17 -fopenmp -DOMP_EXPLICIT_SIMD=0 -fno-tree-vectorize,2207.934204,8f9bd96ceab3a369,passed
regular-simd_off-t1-static-r1-4000x3000.png,2026-09-18T16:51:22Z,4000x3000.png,4000,3000,Gaussian_11x11,1,1,static,,off,yes,unset,unset,hype2,12.2.0,-O3 -Wall -Wextra -std=c++17 -fopenmp -DOMP_EXPLICIT_SIMD=0 -fno-tree-vectorize,3200.527550,1e8adb9534bf99dc,passed
regular-simd_off-t1-static-r1-6000x6000.png,2026-09-18T16:51:24Z,6000x6000.png,6000,6000,Grayscale,1,1,static,,off,yes,unset,unset,hype2,12.2.0,-O3 -Wall -Wextra -std=c++17 -fopenmp -DOMP_EXPLICIT_SIMD=0 -fno-tree-vectorize,138.608770,937793859b387046,passed
regular-simd_off-t1-static-r1-6000x6000.png,2026-09-18T16:51:24Z,6000x6000.png,6000,6000,Flip_Horizontal,1,1,static,,off,no,unset,unset,hype2,12.2.0,-O3 -Wall -Wextra -std=c++17 -fopenmp -DOMP_EXPLICIT_SIMD=0 -fno-tree-vectorize,48.363284,3dfbc0e2f0b456c2,passed
regular-simd_off-t1-static-r1-6000x6000.png,2026-09-18T16:51:24Z,6000x6000.png,6000,6000,Adjust_Brightness,1,1,static,,off,yes,unset,unset,hype2,12.2.0,-O3 -Wall -Wextra -std=c++17 -fopenmp -DOMP_EXPLICIT_SIMD=0 -fno-tree-vectorize,186.003415,5d4bea966648e7a7,passed
regular-simd_off-t1-static-r1-6000x6000.png,2026-09-18T16:51:25Z,6000x6000.png,6000,6000,Flip_Vertical,1,1,static,,off,no,unset,unset,hype2,12.2.0,-O3 -Wall -Wextra -std=c++17 -fopenmp -DOMP_EXPLICIT_SIMD=0 -fno-tree-vectorize,16.701180,bd012cf684012198,passed
regular-simd_off-t1-static-r1-6000x6000.png,2026-09-18T16:51:25Z,6000x6000.png,6000,6000,Quantize,1,1,static,,off,yes,unset,unset,hype2,12.2.0,-O3 -Wall -Wextra -std=c++17 -fopenmp -DOMP_EXPLICIT_SIMD=0 -fno-tree-vectorize,562.096715,b2e8843413e8e7a6,passed
regular-simd_off-t1-static-r1-6000x6000.png,2026-09-18T16:51:26Z,6000x6000.png,6000,6000,Adjust_Contrast,1,1,static,,off,yes,unset,unset,hype2,12.2.0,-O3 -Wall -Wextra -std=c++17 -fopenmp -DOMP_EXPLICIT_SIMD=0 -fno-tree-vectorize,278.755964,c036bcbf5e6d6190,passed
regular-simd_off-t1-static-r1-6000x6000.png,2026-09-18T16:51:26Z,6000x6000.png,6000,6000,Negative,1,1,static,,off,yes,unset,unset,hype2,12.2.0,-O3 -Wall -Wextra -std=c++17 -fopenmp -DOMP_EXPLICIT_SIMD=0 -fno-tree-vectorize,105.024752,0a497e94a83bbbc0,passed
regular-simd_off-t1-static-r1-6000x6000.png,2026-09-18T16:51:26Z,6000x6000.png,6000,6000,Equalize_Histogram,1,1,static,,off,yes,unset,unset,hype2,12.2.0,-O3 -Wall -Wextra -std=c++17 -fopenmp -DOMP_EXPLICIT_SIMD=0 -fno-tree-vectorize,189.075312,5251e13888abb30f,passed
regular-simd_off-t1-static-r1-6000x6000.png,2026-09-18T16:51:27Z,6000x6000.png,6000,6000,Zoom_In,1,1,static,,off,yes,unset,unset,hype2,12.2.0,-O3 -Wall -Wextra -std=c++17 -fopenmp -DOMP_EXPLICIT_SIMD=0 -fno-tree-vectorize,349.574336,4e063cbe88523a0e,passed
regular-simd_off-t1-static-r1-6000x6000.png,2026-09-18T16:51:28Z,6000x6000.png,6000,6000,Zoom_Out,1,1,static,,off,no,unset,unset,hype2,12.2.0,-O3 -Wall -Wextra -std=c++17 -fopenmp -DOMP_EXPLICIT_SIMD=0 -fno-tree-vectorize,294.896733,8eace74e8cd425e6,passed
regular-simd_off-t1-static-r1-6000x6000.png,2026-09-18T16:51:28Z,6000x6000.png,6000,6000,Rotate_CW,1,1,static,,off,no,unset,unset,hype2,12.2.0,-O3 -Wall -Wextra -std=c++17 -fopenmp -DOMP_EXPLICIT_SIMD=0 -fno-tree-vectorize,252.456334,dd5c83f3b3cee726,passed
regular-simd_off-t1-static-r1-6000x6000.png,2026-09-18T16:51:29Z,6000x6000.png,6000,6000,Rotate_CCW,1,1,static,,off,no,unset,unset,hype2,12.2.0,-O3 -Wall -Wextra -std=c++17 -fopenmp -DOMP_EXPLICIT_SIMD=0 -fno-tree-vectorize,249.698696,51196bd3ed2b4ba4,passed
regular-simd_off-t1-static-r1-6000x6000.png,2026-09-18T16:51:30Z,6000x6000.png,6000,6000,Gaussian_3x3,1,1,static,,off,yes,unset,unset,hype2,12.2.0,-O3 -Wall -Wextra -std=c++17 -fopenmp -DOMP_EXPLICIT_SIMD=0 -fno-tree-vectorize,1411.715753,87566478e34b4f70,passed
regular-simd_off-t1-static-r1-6000x6000.png,2026-09-18T16:51:33Z,6000x6000.png,6000,6000,Gaussian_5x5,1,1,static,,off,yes,unset,unset,hype2,12.2.0,-O3 -Wall -Wextra -std=c++17 -fopenmp -DOMP_EXPLICIT_SIMD=0 -fno-tree-vectorize,2489.274583,4b23a258f94a27f0,passed
regular-simd_off-t1-static-r1-6000x6000.png,2026-09-18T16:51:38Z,6000x6000.png,6000,6000,Gaussian_7x7,1,1,static,,off,yes,unset,unset,hype2,12.2.0,-O3 -Wall -Wextra -std=c++17 -fopenmp -DOMP_EXPLICIT_SIMD=0 -fno-tree-vectorize,4305.625962,3771268fea0417e2,passed
regular-simd_off-t1-static-r1-6000x6000.png,2026-09-18T16:51:44Z,6000x6000.png,6000,6000,Gaussian_9x9,1,1,static,,off,yes,unset,unset,hype2,12.2.0,-O3 -Wall -Wextra -std=c++17 -fopenmp -DOMP_EXPLICIT_SIMD=0 -fno-tree-vectorize,6642.407676,3f6b7f707a108bd5,passed
regular-simd_off-t1-static-r1-6000x6000.png,2026-09-18T16:51:54Z,6000x6000.png,6000,6000,Gaussian_11x11,1,1,static,,off,yes,unset,unset,hype2,12.2.0,-O3 -Wall -Wextra -std=c++17 -fopenmp -DOMP_EXPLICIT_SIMD=0 -fno-tree-vectorize,9548.448654,c923a906c8989668,passed
regular-simd_omp-t1-static-r1-4000x3000.png,2026-09-18T16:51:55Z,4000x3000.png,4000,3000,Grayscale,1,1,static,,omp,yes,unset,unset,hype2,12.2.0,-O3 -Wall -Wextra -std=c++17 -fopenmp -DOMP_EXPLICIT_SIMD=1,47.884808,00925fa85224b60c,passed
regular-simd_omp-t1-static-r1-4000x3000.png,2026-09-18T16:51:55Z,4000x3000.png,4000,3000,Flip_Horizontal,1,1,static,,omp,no,unset,unset,hype2,12.2.0,-O3 -Wall -Wextra -std=c++17 -fopenmp -DOMP_EXPLICIT_SIMD=1,15.855640,45d5313341f5868e,passed
regular-simd_omp-t1-static-r1-4000x3000.png,2026-09-18T16:51:55Z,4000x3000.png,4000,3000,Adjust_Brightness,1,1,static,,omp,yes,unset,unset,hype2,12.2.0,-O3 -Wall -Wextra -std=c++17 -fopenmp -DOMP_EXPLICIT_SIMD=1,63.776335,e488c03148da4f5b,passed
regular-simd_omp-t1-static-r1-4000x3000.png,2026-09-18T16:51:55Z,4000x3000.png,4000,3000,Flip_Vertical,1,1,static,,omp,no,unset,unset,hype2,12.2.0,-O3 -Wall -Wextra -std=c++17 -fopenmp -DOMP_EXPLICIT_SIMD=1,5.212277,754d30e4e81eccfc,passed
regular-simd_omp-t1-static-r1-4000x3000.png,2026-09-18T16:51:55Z,4000x3000.png,4000,3000,Quantize,1,1,static,,omp,yes,unset,unset,hype2,12.2.0,-O3 -Wall -Wextra -std=c++17 -fopenmp -DOMP_EXPLICIT_SIMD=1,206.272235,f01ef010a3fd2f20,passed
regular-simd_omp-t1-static-r1-4000x3000.png,2026-09-18T16:51:55Z,4000x3000.png,4000,3000,Adjust_Contrast,1,1,static,,omp,yes,unset,unset,hype2,12.2.0,-O3 -Wall -Wextra -std=c++17 -fopenmp -DOMP_EXPLICIT_SIMD=1,93.688593,7cc9f4cee5c661bd,passed
regular-simd_omp-t1-static-r1-4000x3000.png,2026-09-18T16:51:55Z,4000x3000.png,4000,3000,Negative,1,1,static,,omp,yes,unset,unset,hype2,12.2.0,-O3 -Wall -Wextra -std=c++17 -fopenmp -DOMP_EXPLICIT_SIMD=1,34.184756,043d4193294f2dcc,passed
regular-simd_omp-t1-static-r1-4000x3000.png,2026-09-18T16:51:56Z,4000x3000.png,4000,3000,Equalize_Histogram,1,1,static,,omp,yes,unset,unset,hype2,12.2.0,-O3 -Wall -Wextra -std=c++17 -fopenmp -DOMP_EXPLICIT_SIMD=1,63.495269,243220feba4dd030,passed
regular-simd_omp-t1-static-r1-4000x3000.png,2026-09-18T16:51:56Z,4000x3000.png,4000,3000,Zoom_In,1,1,static,,omp,yes,unset,unset,hype2,12.2.0,-O3 -Wall -Wextra -std=c++17 -fopenmp -DOMP_EXPLICIT_SIMD=1,96.518188,71b80276839f9533,passed
regular-simd_omp-t1-static-r1-4000x3000.png,2026-09-18T16:51:56Z,4000x3000.png,4000,3000,Zoom_Out,1,1,static,,omp,no,unset,unset,hype2,12.2.0,-O3 -Wall -Wextra -std=c++17 -fopenmp -DOMP_EXPLICIT_SIMD=1,98.594867,a91f518a4f2dbd10,passed
regular-simd_omp-t1-static-r1-4000x3000.png,2026-09-18T16:51:56Z,4000x3000.png,4000,3000,Rotate_CW,1,1,static,,omp,no,unset,unset,hype2,12.2.0,-O3 -Wall -Wextra -std=c++17 -fopenmp -DOMP_EXPLICIT_SIMD=1,80.397027,e0f27e61a205ef0a,passed
regular-simd_omp-t1-static-r1-4000x3000.png,2026-09-18T16:51:56Z,4000x3000.png,4000,3000,Rotate_CCW,1,1,static,,omp,no,unset,unset,hype2,12.2.0,-O3 -Wall -Wextra -std=c++17 -fopenmp -DOMP_EXPLICIT_SIMD=1,80.140249,b4512f3b73b7723c,passed
regular-simd_omp-t1-static-r1-4000x3000.png,2026-09-18T16:51:57Z,4000x3000.png,4000,3000,Gaussian_3x3,1,1,static,,omp,yes,unset,unset,hype2,12.2.0,-O3 -Wall -Wextra -std=c++17 -fopenmp -DOMP_EXPLICIT_SIMD=1,455.430254,bc1a93797b2afda7,passed
regular-simd_omp-t1-static-r1-4000x3000.png,2026-09-18T16:51:58Z,4000x3000.png,4000,3000,Gaussian_5x5,1,1,static,,omp,yes,unset,unset,hype2,12.2.0,-O3 -Wall -Wextra -std=c++17 -fopenmp -DOMP_EXPLICIT_SIMD=1,833.540381,d67ccd9b6dbb62d8,passed
regular-simd_omp-t1-static-r1-4000x3000.png,2026-09-18T16:51:59Z,4000x3000.png,4000,3000,Gaussian_7x7,1,1,static,,omp,yes,unset,unset,hype2,12.2.0,-O3 -Wall -Wextra -std=c++17 -fopenmp -DOMP_EXPLICIT_SIMD=1,1436.575011,98f465f1820de349,passed
regular-simd_omp-t1-static-r1-4000x3000.png,2026-09-18T16:52:01Z,4000x3000.png,4000,3000,Gaussian_9x9,1,1,static,,omp,yes,unset,unset,hype2,12.2.0,-O3 -Wall -Wextra -std=c++17 -fopenmp -DOMP_EXPLICIT_SIMD=1,2220.875096,8f9bd96ceab3a369,passed
regular-simd_omp-t1-static-r1-4000x3000.png,2026-09-18T16:52:05Z,4000x3000.png,4000,3000,Gaussian_11x11,1,1,static,,omp,yes,unset,unset,hype2,12.2.0,-O3 -Wall -Wextra -std=c++17 -fopenmp -DOMP_EXPLICIT_SIMD=1,3189.295157,1e8adb9534bf99dc,passed
regular-simd_omp-t1-static-r1-6000x6000.png,2026-09-18T16:52:07Z,6000x6000.png,6000,6000,Grayscale,1,1,static,,omp,yes,unset,unset,hype2,12.2.0,-O3 -Wall -Wextra -std=c++17 -fopenmp -DOMP_EXPLICIT_SIMD=1,144.025489,937793859b387046,passed
regular-simd_omp-t1-static-r1-6000x6000.png,2026-09-18T16:52:07Z,6000x6000.png,6000,6000,Flip_Horizontal,1,1,static,,omp,no,unset,unset,hype2,12.2.0,-O3 -Wall -Wextra -std=c++17 -fopenmp -DOMP_EXPLICIT_SIMD=1,46.126458,3dfbc0e2f0b456c2,passed
regular-simd_omp-t1-static-r1-6000x6000.png,2026-09-18T16:52:07Z,6000x6000.png,6000,6000,Adjust_Brightness,1,1,static,,omp,yes,unset,unset,hype2,12.2.0,-O3 -Wall -Wextra -std=c++17 -fopenmp -DOMP_EXPLICIT_SIMD=1,191.295203,5d4bea966648e7a7,passed
regular-simd_omp-t1-static-r1-6000x6000.png,2026-09-18T16:52:07Z,6000x6000.png,6000,6000,Flip_Vertical,1,1,static,,omp,no,unset,unset,hype2,12.2.0,-O3 -Wall -Wextra -std=c++17 -fopenmp -DOMP_EXPLICIT_SIMD=1,16.378152,bd012cf684012198,passed
regular-simd_omp-t1-static-r1-6000x6000.png,2026-09-18T16:52:08Z,6000x6000.png,6000,6000,Quantize,1,1,static,,omp,yes,unset,unset,hype2,12.2.0,-O3 -Wall -Wextra -std=c++17 -fopenmp -DOMP_EXPLICIT_SIMD=1,567.324983,b2e8843413e8e7a6,passed
regular-simd_omp-t1-static-r1-6000x6000.png,2026-09-18T16:52:09Z,6000x6000.png,6000,6000,Adjust_Contrast,1,1,static,,omp,yes,unset,unset,hype2,12.2.0,-O3 -Wall -Wextra -std=c++17 -fopenmp -DOMP_EXPLICIT_SIMD=1,280.890967,c036bcbf5e6d6190,passed
regular-simd_omp-t1-static-r1-6000x6000.png,2026-09-18T16:52:09Z,6000x6000.png,6000,6000,Negative,1,1,static,,omp,yes,unset,unset,hype2,12.2.0,-O3 -Wall -Wextra -std=c++17 -fopenmp -DOMP_EXPLICIT_SIMD=1,101.805127,0a497e94a83bbbc0,passed
regular-simd_omp-t1-static-r1-6000x6000.png,2026-09-18T16:52:09Z,6000x6000.png,6000,6000,Equalize_Histogram,1,1,static,,omp,yes,unset,unset,hype2,12.2.0,-O3 -Wall -Wextra -std=c++17 -fopenmp -DOMP_EXPLICIT_SIMD=1,190.259327,5251e13888abb30f,passed
regular-simd_omp-t1-static-r1-6000x6000.png,2026-09-18T16:52:10Z,6000x6000.png,6000,6000,Zoom_In,1,1,static,,omp,yes,unset,unset,hype2,12.2.0,-O3 -Wall -Wextra -std=c++17 -fopenmp -DOMP_EXPLICIT_SIMD=1,288.914183,4e063cbe88523a0e,passed
regular-simd_omp-t1-static-r1-6000x6000.png,2026-09-18T16:52:11Z,6000x6000.png,6000,6000,Zoom_Out,1,1,static,,omp,no,unset,unset,hype2,12.2.0,-O3 -Wall -Wextra -std=c++17 -fopenmp -DOMP_EXPLICIT_SIMD=1,295.739452,8eace74e8cd425e6,passed
regular-simd_omp-t1-static-r1-6000x6000.png,2026-09-18T16:52:11Z,6000x6000.png,6000,6000,Rotate_CW,1,1,static,,omp,no,unset,unset,hype2,12.2.0,-O3 -Wall -Wextra -std=c++17 -fopenmp -DOMP_EXPLICIT_SIMD=1,253.060600,dd5c83f3b3cee726,passed
regular-simd_omp-t1-static-r1-6000x6000.png,2026-09-18T16:52:11Z,6000x6000.png,6000,6000,Rotate_CCW,1,1,static,,omp,no,unset,unset,hype2,12.2.0,-O3 -Wall -Wextra -std=c++17 -fopenmp -DOMP_EXPLICIT_SIMD=1,250.203816,51196bd3ed2b4ba4,passed
regular-simd_omp-t1-static-r1-6000x6000.png,2026-09-18T16:52:13Z,6000x6000.png,6000,6000,Gaussian_3x3,1,1,static,,omp,yes,unset,unset,hype2,12.2.0,-O3 -Wall -Wextra -std=c++17 -fopenmp -DOMP_EXPLICIT_SIMD=1,1373.950561,87566478e34b4f70,passed
regular-simd_omp-t1-static-r1-6000x6000.png,2026-09-18T16:52:16Z,6000x6000.png,6000,6000,Gaussian_5x5,1,1,static,,omp,yes,unset,unset,hype2,12.2.0,-O3 -Wall -Wextra -std=c++17 -fopenmp -DOMP_EXPLICIT_SIMD=1,2507.020320,4b23a258f94a27f0,passed
regular-simd_omp-t1-static-r1-6000x6000.png,2026-09-18T16:52:20Z,6000x6000.png,6000,6000,Gaussian_7x7,1,1,static,,omp,yes,unset,unset,hype2,12.2.0,-O3 -Wall -Wextra -std=c++17 -fopenmp -DOMP_EXPLICIT_SIMD=1,4303.053524,3771268fea0417e2,passed
regular-simd_omp-t1-static-r1-6000x6000.png,2026-09-18T16:52:27Z,6000x6000.png,6000,6000,Gaussian_9x9,1,1,static,,omp,yes,unset,unset,hype2,12.2.0,-O3 -Wall -Wextra -std=c++17 -fopenmp -DOMP_EXPLICIT_SIMD=1,6668.088757,3f6b7f707a108bd5,passed
regular-simd_omp-t1-static-r1-6000x6000.png,2026-09-18T16:52:37Z,6000x6000.png,6000,6000,Gaussian_11x11,1,1,static,,omp,yes,unset,unset,hype2,12.2.0,-O3 -Wall -Wextra -std=c++17 -fopenmp -DOMP_EXPLICIT_SIMD=1,9584.454209,c923a906c8989668,passed
regular-simd_off-t1-dynamicx1-r1-4000x3000.png,2026-09-18T16:52:37Z,4000x3000.png,4000,3000,Grayscale,1,1,dynamic,1,off,yes,unset,unset,hype2,12.2.0,-O3 -Wall -Wextra -std=c++17 -fopenmp -DOMP_EXPLICIT_SIMD=0 -fno-tree-vectorize,46.146128,00925fa85224b60c,passed
regular-simd_off-t1-dynamicx1-r1-4000x3000.png,2026-09-18T16:52:37Z,4000x3000.png,4000,3000,Flip_Horizontal,1,1,dynamic,1,off,no,unset,unset,hype2,12.2.0,-O3 -Wall -Wextra -std=c++17 -fopenmp -DOMP_EXPLICIT_SIMD=0 -fno-tree-vectorize,15.925445,45d5313341f5868e,passed
regular-simd_off-t1-dynamicx1-r1-4000x3000.png,2026-09-18T16:52:38Z,4000x3000.png,4000,3000,Adjust_Brightness,1,1,dynamic,1,off,yes,unset,unset,hype2,12.2.0,-O3 -Wall -Wextra -std=c++17 -fopenmp -DOMP_EXPLICIT_SIMD=0 -fno-tree-vectorize,62.328571,e488c03148da4f5b,passed
regular-simd_off-t1-dynamicx1-r1-4000x3000.png,2026-09-18T16:52:38Z,4000x3000.png,4000,3000,Flip_Vertical,1,1,dynamic,1,off,no,unset,unset,hype2,12.2.0,-O3 -Wall -Wextra -std=c++17 -fopenmp -DOMP_EXPLICIT_SIMD=0 -fno-tree-vectorize,5.292644,754d30e4e81eccfc,passed
regular-simd_off-t1-dynamicx1-r1-4000x3000.png,2026-09-18T16:52:38Z,4000x3000.png,4000,3000,Quantize,1,1,dynamic,1,off,yes,unset,unset,hype2,12.2.0,-O3 -Wall -Wextra -std=c++17 -fopenmp -DOMP_EXPLICIT_SIMD=0 -fno-tree-vectorize,204.865265,f01ef010a3fd2f20,passed
regular-simd_off-t1-dynamicx1-r1-4000x3000.png,2026-09-18T16:52:38Z,4000x3000.png,4000,3000,Adjust_Contrast,1,1,dynamic,1,off,yes,unset,unset,hype2,12.2.0,-O3 -Wall -Wextra -std=c++17 -fopenmp -DOMP_EXPLICIT_SIMD=0 -fno-tree-vectorize,93.073676,7cc9f4cee5c661bd,passed
regular-simd_off-t1-dynamicx1-r1-4000x3000.png,2026-09-18T16:52:38Z,4000x3000.png,4000,3000,Negative,1,1,dynamic,1,off,yes,unset,unset,hype2,12.2.0,-O3 -Wall -Wextra -std=c++17 -fopenmp -DOMP_EXPLICIT_SIMD=0 -fno-tree-vectorize,34.975751,043d4193294f2dcc,passed
regular-simd_off-t1-dynamicx1-r1-4000x3000.png,2026-09-18T16:52:38Z,4000x3000.png,4000,3000,Equalize_Histogram,1,1,dynamic,1,off,yes,unset,unset,hype2,12.2.0,-O3 -Wall -Wextra -std=c++17 -fopenmp -DOMP_EXPLICIT_SIMD=0 -fno-tree-vectorize,62.085121,243220feba4dd030,passed
regular-simd_off-t1-dynamicx1-r1-4000x3000.png,2026-09-18T16:52:39Z,4000x3000.png,4000,3000,Zoom_In,1,1,dynamic,1,off,yes,unset,unset,hype2,12.2.0,-O3 -Wall -Wextra -std=c++17 -fopenmp -DOMP_EXPLICIT_SIMD=0 -fno-tree-vectorize,118.075349,71b80276839f9533,passed
regular-simd_off-t1-dynamicx1-r1-4000x3000.png,2026-09-18T16:52:39Z,4000x3000.png,4000,3000,Zoom_Out,1,1,dynamic,1,off,no,unset,unset,hype2,12.2.0,-O3 -Wall -Wextra -std=c++17 -fopenmp -DOMP_EXPLICIT_SIMD=0 -fno-tree-vectorize,98.306056,a91f518a4f2dbd10,passed
regular-simd_off-t1-dynamicx1-r1-4000x3000.png,2026-09-18T16:52:39Z,4000x3000.png,4000,3000,Rotate_CW,1,1,dynamic,1,off,no,unset,unset,hype2,12.2.0,-O3 -Wall -Wextra -std=c++17 -fopenmp -DOMP_EXPLICIT_SIMD=0 -fno-tree-vectorize,83.450725,e0f27e61a205ef0a,passed
regular-simd_off-t1-dynamicx1-r1-4000x3000.png,2026-09-18T16:52:39Z,4000x3000.png,4000,3000,Rotate_CCW,1,1,dynamic,1,off,no,unset,unset,hype2,12.2.0,-O3 -Wall -Wextra -std=c++17 -fopenmp -DOMP_EXPLICIT_SIMD=0 -fno-tree-vectorize,81.439434,b4512f3b73b7723c,passed
regular-simd_off-t1-dynamicx1-r1-4000x3000.png,2026-09-18T16:52:40Z,4000x3000.png,4000,3000,Gaussian_3x3,1,1,dynamic,1,off,yes,unset,unset,hype2,12.2.0,-O3 -Wall -Wextra -std=c++17 -fopenmp -DOMP_EXPLICIT_SIMD=0 -fno-tree-vectorize,468.169468,bc1a93797b2afda7,passed
regular-simd_off-t1-dynamicx1-r1-4000x3000.png,2026-09-18T16:52:40Z,4000x3000.png,4000,3000,Gaussian_5x5,1,1,dynamic,1,off,yes,unset,unset,hype2,12.2.0,-O3 -Wall -Wextra -std=c++17 -fopenmp -DOMP_EXPLICIT_SIMD=0 -fno-tree-vectorize,830.221887,d67ccd9b6dbb62d8,passed
regular-simd_off-t1-dynamicx1-r1-4000x3000.png,2026-09-18T16:52:42Z,4000x3000.png,4000,3000,Gaussian_7x7,1,1,dynamic,1,off,yes,unset,unset,hype2,12.2.0,-O3 -Wall -Wextra -std=c++17 -fopenmp -DOMP_EXPLICIT_SIMD=0 -fno-tree-vectorize,1424.982283,98f465f1820de349,passed
regular-simd_off-t1-dynamicx1-r1-4000x3000.png,2026-09-18T16:52:44Z,4000x3000.png,4000,3000,Gaussian_9x9,1,1,dynamic,1,off,yes,unset,unset,hype2,12.2.0,-O3 -Wall -Wextra -std=c++17 -fopenmp -DOMP_EXPLICIT_SIMD=0 -fno-tree-vectorize,2217.215938,8f9bd96ceab3a369,passed
regular-simd_off-t1-dynamicx1-r1-4000x3000.png,2026-09-18T16:52:47Z,4000x3000.png,4000,3000,Gaussian_11x11,1,1,dynamic,1,off,yes,unset,unset,hype2,12.2.0,-O3 -Wall -Wextra -std=c++17 -fopenmp -DOMP_EXPLICIT_SIMD=0 -fno-tree-vectorize,3176.226701,1e8adb9534bf99dc,passed
regular-simd_off-t1-dynamicx1-r1-6000x6000.png,2026-09-18T16:52:49Z,6000x6000.png,6000,6000,Grayscale,1,1,dynamic,1,off,yes,unset,unset,hype2,12.2.0,-O3 -Wall -Wextra -std=c++17 -fopenmp -DOMP_EXPLICIT_SIMD=0 -fno-tree-vectorize,138.836894,937793859b387046,passed
regular-simd_off-t1-dynamicx1-r1-6000x6000.png,2026-09-18T16:52:49Z,6000x6000.png,6000,6000,Flip_Horizontal,1,1,dynamic,1,off,no,unset,unset,hype2,12.2.0,-O3 -Wall -Wextra -std=c++17 -fopenmp -DOMP_EXPLICIT_SIMD=0 -fno-tree-vectorize,46.172529,3dfbc0e2f0b456c2,passed
regular-simd_off-t1-dynamicx1-r1-6000x6000.png,2026-09-18T16:52:50Z,6000x6000.png,6000,6000,Adjust_Brightness,1,1,dynamic,1,off,yes,unset,unset,hype2,12.2.0,-O3 -Wall -Wextra -std=c++17 -fopenmp -DOMP_EXPLICIT_SIMD=0 -fno-tree-vectorize,186.204897,5d4bea966648e7a7,passed
regular-simd_off-t1-dynamicx1-r1-6000x6000.png,2026-09-18T16:52:50Z,6000x6000.png,6000,6000,Flip_Vertical,1,1,dynamic,1,off,no,unset,unset,hype2,12.2.0,-O3 -Wall -Wextra -std=c++17 -fopenmp -DOMP_EXPLICIT_SIMD=0 -fno-tree-vectorize,16.578349,bd012cf684012198,passed
regular-simd_off-t1-dynamicx1-r1-6000x6000.png,2026-09-18T16:52:51Z,6000x6000.png,6000,6000,Quantize,1,1,dynamic,1,off,yes,unset,unset,hype2,12.2.0,-O3 -Wall -Wextra -std=c++17 -fopenmp -DOMP_EXPLICIT_SIMD=0 -fno-tree-vectorize,560.688683,b2e8843413e8e7a6,passed
regular-simd_off-t1-dynamicx1-r1-6000x6000.png,2026-09-18T16:52:51Z,6000x6000.png,6000,6000,Adjust_Contrast,1,1,dynamic,1,off,yes,unset,unset,hype2,12.2.0,-O3 -Wall -Wextra -std=c++17 -fopenmp -DOMP_EXPLICIT_SIMD=0 -fno-tree-vectorize,279.257356,c036bcbf5e6d6190,passed
regular-simd_off-t1-dynamicx1-r1-6000x6000.png,2026-09-18T16:52:52Z,6000x6000.png,6000,6000,Negative,1,1,dynamic,1,off,yes,unset,unset,hype2,12.2.0,-O3 -Wall -Wextra -std=c++17 -fopenmp -DOMP_EXPLICIT_SIMD=0 -fno-tree-vectorize,105.045121,0a497e94a83bbbc0,passed
regular-simd_off-t1-dynamicx1-r1-6000x6000.png,2026-09-18T16:52:52Z,6000x6000.png,6000,6000,Equalize_Histogram,1,1,dynamic,1,off,yes,unset,unset,hype2,12.2.0,-O3 -Wall -Wextra -std=c++17 -fopenmp -DOMP_EXPLICIT_SIMD=0 -fno-tree-vectorize,186.800160,5251e13888abb30f,passed
regular-simd_off-t1-dynamicx1-r1-6000x6000.png,2026-09-18T16:52:53Z,6000x6000.png,6000,6000,Zoom_In,1,1,dynamic,1,off,yes,unset,unset,hype2,12.2.0,-O3 -Wall -Wextra -std=c++17 -fopenmp -DOMP_EXPLICIT_SIMD=0 -fno-tree-vectorize,350.609666,4e063cbe88523a0e,passed
regular-simd_off-t1-dynamicx1-r1-6000x6000.png,2026-09-18T16:52:53Z,6000x6000.png,6000,6000,Zoom_Out,1,1,dynamic,1,off,no,unset,unset,hype2,12.2.0,-O3 -Wall -Wextra -std=c++17 -fopenmp -DOMP_EXPLICIT_SIMD=0 -fno-tree-vectorize,295.252645,8eace74e8cd425e6,passed
regular-simd_off-t1-dynamicx1-r1-6000x6000.png,2026-09-18T16:52:54Z,6000x6000.png,6000,6000,Rotate_CW,1,1,dynamic,1,off,no,unset,unset,hype2,12.2.0,-O3 -Wall -Wextra -std=c++17 -fopenmp -DOMP_EXPLICIT_SIMD=0 -fno-tree-vectorize,252.677022,dd5c83f3b3cee726,passed
regular-simd_off-t1-dynamicx1-r1-6000x6000.png,2026-09-18T16:52:54Z,6000x6000.png,6000,6000,Rotate_CCW,1,1,dynamic,1,off,no,unset,unset,hype2,12.2.0,-O3 -Wall -Wextra -std=c++17 -fopenmp -DOMP_EXPLICIT_SIMD=0 -fno-tree-vectorize,254.066917,51196bd3ed2b4ba4,passed
regular-simd_off-t1-dynamicx1-r1-6000x6000.png,2026-09-18T16:52:56Z,6000x6000.png,6000,6000,Gaussian_3x3,1,1,dynamic,1,off,yes,unset,unset,hype2,12.2.0,-O3 -Wall -Wextra -std=c++17 -fopenmp -DOMP_EXPLICIT_SIMD=0 -fno-tree-vectorize,1405.600430,87566478e34b4f70,passed
regular-simd_off-t1-dynamicx1-r1-6000x6000.png,2026-09-18T16:52:58Z,6000x6000.png,6000,6000,Gaussian_5x5,1,1,dynamic,1,off,yes,unset,unset,hype2,12.2.0,-O3 -Wall -Wextra -std=c++17 -fopenmp -DOMP_EXPLICIT_SIMD=0 -fno-tree-vectorize,2502.794101,4b23a258f94a27f0,passed
regular-simd_off-t1-dynamicx1-r1-6000x6000.png,2026-09-18T16:53:03Z,6000x6000.png,6000,6000,Gaussian_7x7,1,1,dynamic,1,off,yes,unset,unset,hype2,12.2.0,-O3 -Wall -Wextra -std=c++17 -fopenmp -DOMP_EXPLICIT_SIMD=0 -fno-tree-vectorize,4283.226969,3771268fea0417e2,passed
regular-simd_off-t1-dynamicx1-r1-6000x6000.png,2026-09-18T16:53:10Z,6000x6000.png,6000,6000,Gaussian_9x9,1,1,dynamic,1,off,yes,unset,unset,hype2,12.2.0,-O3 -Wall -Wextra -std=c++17 -fopenmp -DOMP_EXPLICIT_SIMD=0 -fno-tree-vectorize,6663.662360,3f6b7f707a108bd5,passed
regular-simd_off-t1-dynamicx1-r1-6000x6000.png,2026-09-18T16:53:20Z,6000x6000.png,6000,6000,Gaussian_11x11,1,1,dynamic,1,off,yes,unset,unset,hype2,12.2.0,-O3 -Wall -Wextra -std=c++17 -fopenmp -DOMP_EXPLICIT_SIMD=0 -fno-tree-vectorize,9549.567875,c923a906c8989668,passed
regular-simd_omp-t1-dynamicx1-r1-4000x3000.png,2026-09-18T16:53:20Z,4000x3000.png,4000,3000,Grayscale,1,1,dynamic,1,omp,yes,unset,unset,hype2,12.2.0,-O3 -Wall -Wextra -std=c++17 -fopenmp -DOMP_EXPLICIT_SIMD=1,47.983930,00925fa85224b60c,passed
regular-simd_omp-t1-dynamicx1-r1-4000x3000.png,2026-09-18T16:53:20Z,4000x3000.png,4000,3000,Flip_Horizontal,1,1,dynamic,1,omp,no,unset,unset,hype2,12.2.0,-O3 -Wall -Wextra -std=c++17 -fopenmp -DOMP_EXPLICIT_SIMD=1,15.876724,45d5313341f5868e,passed
regular-simd_omp-t1-dynamicx1-r1-4000x3000.png,2026-09-18T16:53:20Z,4000x3000.png,4000,3000,Adjust_Brightness,1,1,dynamic,1,omp,yes,unset,unset,hype2,12.2.0,-O3 -Wall -Wextra -std=c++17 -fopenmp -DOMP_EXPLICIT_SIMD=1,63.939260,e488c03148da4f5b,passed
regular-simd_omp-t1-dynamicx1-r1-4000x3000.png,2026-09-18T16:53:20Z,4000x3000.png,4000,3000,Flip_Vertical,1,1,dynamic,1,omp,no,unset,unset,hype2,12.2.0,-O3 -Wall -Wextra -std=c++17 -fopenmp -DOMP_EXPLICIT_SIMD=1,5.308915,754d30e4e81eccfc,passed
regular-simd_omp-t1-dynamicx1-r1-4000x3000.png,2026-09-18T16:53:21Z,4000x3000.png,4000,3000,Quantize,1,1,dynamic,1,omp,yes,unset,unset,hype2,12.2.0,-O3 -Wall -Wextra -std=c++17 -fopenmp -DOMP_EXPLICIT_SIMD=1,206.304200,f01ef010a3fd2f20,passed
regular-simd_omp-t1-dynamicx1-r1-4000x3000.png,2026-09-18T16:53:21Z,4000x3000.png,4000,3000,Adjust_Contrast,1,1,dynamic,1,omp,yes,unset,unset,hype2,12.2.0,-O3 -Wall -Wextra -std=c++17 -fopenmp -DOMP_EXPLICIT_SIMD=1,93.659030,7cc9f4cee5c661bd,passed
regular-simd_omp-t1-dynamicx1-r1-4000x3000.png,2026-09-18T16:53:21Z,4000x3000.png,4000,3000,Negative,1,1,dynamic,1,omp,yes,unset,unset,hype2,12.2.0,-O3 -Wall -Wextra -std=c++17 -fopenmp -DOMP_EXPLICIT_SIMD=1,34.311154,043d4193294f2dcc,passed
regular-simd_omp-t1-dynamicx1-r1-4000x3000.png,2026-09-18T16:53:21Z,4000x3000.png,4000,3000,Equalize_Histogram,1,1,dynamic,1,omp,yes,unset,unset,hype2,12.2.0,-O3 -Wall -Wextra -std=c++17 -fopenmp -DOMP_EXPLICIT_SIMD=1,62.453721,243220feba4dd030,passed
regular-simd_omp-t1-dynamicx1-r1-4000x3000.png,2026-09-18T16:53:21Z,4000x3000.png,4000,3000,Zoom_In,1,1,dynamic,1,omp,yes,unset,unset,hype2,12.2.0,-O3 -Wall -Wextra -std=c++17 -fopenmp -DOMP_EXPLICIT_SIMD=1,95.805364,71b80276839f9533,passed
regular-simd_omp-t1-dynamicx1-r1-4000x3000.png,2026-09-18T16:53:22Z,4000x3000.png,4000,3000,Zoom_Out,1,1,dynamic,1,omp,no,unset,unset,hype2,12.2.0,-O3 -Wall -Wextra -std=c++17 -fopenmp -DOMP_EXPLICIT_SIMD=1,98.952917,a91f518a4f2dbd10,passed
regular-simd_omp-t1-dynamicx1-r1-4000x3000.png,2026-09-18T16:53:22Z,4000x3000.png,4000,3000,Rotate_CW,1,1,dynamic,1,omp,no,unset,unset,hype2,12.2.0,-O3 -Wall -Wextra -std=c++17 -fopenmp -DOMP_EXPLICIT_SIMD=1,81.042515,e0f27e61a205ef0a,passed
regular-simd_omp-t1-dynamicx1-r1-4000x3000.png,2026-09-18T16:53:22Z,4000x3000.png,4000,3000,Rotate_CCW,1,1,dynamic,1,omp,no,unset,unset,hype2,12.2.0,-O3 -Wall -Wextra -std=c++17 -fopenmp -DOMP_EXPLICIT_SIMD=1,79.657058,b4512f3b73b7723c,passed
regular-simd_omp-t1-dynamicx1-r1-4000x3000.png,2026-09-18T16:53:22Z,4000x3000.png,4000,3000,Gaussian_3x3,1,1,dynamic,1,omp,yes,unset,unset,hype2,12.2.0,-O3 -Wall -Wextra -std=c++17 -fopenmp -DOMP_EXPLICIT_SIMD=1,455.006897,bc1a93797b2afda7,passed
regular-simd_omp-t1-dynamicx1-r1-4000x3000.png,2026-09-18T16:53:23Z,4000x3000.png,4000,3000,Gaussian_5x5,1,1,dynamic,1,omp,yes,unset,unset,hype2,12.2.0,-O3 -Wall -Wextra -std=c++17 -fopenmp -DOMP_EXPLICIT_SIMD=1,833.440951,d67ccd9b6dbb62d8,passed
regular-simd_omp-t1-dynamicx1-r1-4000x3000.png,2026-09-18T16:53:25Z,4000x3000.png,4000,3000,Gaussian_7x7,1,1,dynamic,1,omp,yes,unset,unset,hype2,12.2.0,-O3 -Wall -Wextra -std=c++17 -fopenmp -DOMP_EXPLICIT_SIMD=1,1440.196726,98f465f1820de349,passed
regular-simd_omp-t1-dynamicx1-r1-4000x3000.png,2026-09-18T16:53:27Z,4000x3000.png,4000,3000,Gaussian_9x9,1,1,dynamic,1,omp,yes,unset,unset,hype2,12.2.0,-O3 -Wall -Wextra -std=c++17 -fopenmp -DOMP_EXPLICIT_SIMD=1,2217.548368,8f9bd96ceab3a369,passed
regular-simd_omp-t1-dynamicx1-r1-4000x3000.png,2026-09-18T16:53:30Z,4000x3000.png,4000,3000,Gaussian_11x11,1,1,dynamic,1,omp,yes,unset,unset,hype2,12.2.0,-O3 -Wall -Wextra -std=c++17 -fopenmp -DOMP_EXPLICIT_SIMD=1,3189.480654,1e8adb9534bf99dc,passed
regular-simd_omp-t1-dynamicx1-r1-6000x6000.png,2026-09-18T16:53:32Z,6000x6000.png,6000,6000,Grayscale,1,1,dynamic,1,omp,yes,unset,unset,hype2,12.2.0,-O3 -Wall -Wextra -std=c++17 -fopenmp -DOMP_EXPLICIT_SIMD=1,144.105122,937793859b387046,passed
regular-simd_omp-t1-dynamicx1-r1-6000x6000.png,2026-09-18T16:53:32Z,6000x6000.png,6000,6000,Flip_Horizontal,1,1,dynamic,1,omp,no,unset,unset,hype2,12.2.0,-O3 -Wall -Wextra -std=c++17 -fopenmp -DOMP_EXPLICIT_SIMD=1,46.197173,3dfbc0e2f0b456c2,passed
regular-simd_omp-t1-dynamicx1-r1-6000x6000.png,2026-09-18T16:53:33Z,6000x6000.png,6000,6000,Adjust_Brightness,1,1,dynamic,1,omp,yes,unset,unset,hype2,12.2.0,-O3 -Wall -Wextra -std=c++17 -fopenmp -DOMP_EXPLICIT_SIMD=1,191.222783,5d4bea966648e7a7,passed
regular-simd_omp-t1-dynamicx1-r1-6000x6000.png,2026-09-18T16:53:33Z,6000x6000.png,6000,6000,Flip_Vertical,1,1,dynamic,1,omp,no,unset,unset,hype2,12.2.0,-O3 -Wall -Wextra -std=c++17 -fopenmp -DOMP_EXPLICIT_SIMD=1,16.819646,bd012cf684012198,passed
regular-simd_omp-t1-dynamicx1-r1-6000x6000.png,2026-09-18T16:53:34Z,6000x6000.png,6000,6000,Quantize,1,1,dynamic,1,omp,yes,unset,unset,hype2,12.2.0,-O3 -Wall -Wextra -std=c++17 -fopenmp -DOMP_EXPLICIT_SIMD=1,567.133448,b2e8843413e8e7a6,passed
regular-simd_omp-t1-dynamicx1-r1-6000x6000.png,2026-09-18T16:53:34Z,6000x6000.png,6000,6000,Adjust_Contrast,1,1,dynamic,1,omp,yes,unset,unset,hype2,12.2.0,-O3 -Wall -Wextra -std=c++17 -fopenmp -DOMP_EXPLICIT_SIMD=1,284.479944,c036bcbf5e6d6190,passed
regular-simd_omp-t1-dynamicx1-r1-6000x6000.png,2026-09-18T16:53:34Z,6000x6000.png,6000,6000,Negative,1,1,dynamic,1,omp,yes,unset,unset,hype2,12.2.0,-O3 -Wall -Wextra -std=c++17 -fopenmp -DOMP_EXPLICIT_SIMD=1,102.021218,0a497e94a83bbbc0,passed
regular-simd_omp-t1-dynamicx1-r1-6000x6000.png,2026-09-18T16:53:35Z,6000x6000.png,6000,6000,Equalize_Histogram,1,1,dynamic,1,omp,yes,unset,unset,hype2,12.2.0,-O3 -Wall -Wextra -std=c++17 -fopenmp -DOMP_EXPLICIT_SIMD=1,190.345201,5251e13888abb30f,passed
regular-simd_omp-t1-dynamicx1-r1-6000x6000.png,2026-09-18T16:53:36Z,6000x6000.png,6000,6000,Zoom_In,1,1,dynamic,1,omp,yes,unset,unset,hype2,12.2.0,-O3 -Wall -Wextra -std=c++17 -fopenmp -DOMP_EXPLICIT_SIMD=1,287.466787,4e063cbe88523a0e,passed
regular-simd_omp-t1-dynamicx1-r1-6000x6000.png,2026-09-18T16:53:36Z,6000x6000.png,6000,6000,Zoom_Out,1,1,dynamic,1,omp,no,unset,unset,hype2,12.2.0,-O3 -Wall -Wextra -std=c++17 -fopenmp -DOMP_EXPLICIT_SIMD=1,298.000166,8eace74e8cd425e6,passed
regular-simd_omp-t1-dynamicx1-r1-6000x6000.png,2026-09-18T16:53:36Z,6000x6000.png,6000,6000,Rotate_CW,1,1,dynamic,1,omp,no,unset,unset,hype2,12.2.0,-O3 -Wall -Wextra -std=c++17 -fopenmp -DOMP_EXPLICIT_SIMD=1,236.382515,dd5c83f3b3cee726,passed
regular-simd_omp-t1-dynamicx1-r1-6000x6000.png,2026-09-18T16:53:37Z,6000x6000.png,6000,6000,Rotate_CCW,1,1,dynamic,1,omp,no,unset,unset,hype2,12.2.0,-O3 -Wall -Wextra -std=c++17 -fopenmp -DOMP_EXPLICIT_SIMD=1,249.911977,51196bd3ed2b4ba4,passed
regular-simd_omp-t1-dynamicx1-r1-6000x6000.png,2026-09-18T16:53:38Z,6000x6000.png,6000,6000,Gaussian_3x3,1,1,dynamic,1,omp,yes,unset,unset,hype2,12.2.0,-O3 -Wall -Wextra -std=c++17 -fopenmp -DOMP_EXPLICIT_SIMD=1,1383.865610,87566478e34b4f70,passed
regular-simd_omp-t1-dynamicx1-r1-6000x6000.png,2026-09-18T16:53:41Z,6000x6000.png,6000,6000,Gaussian_5x5,1,1,dynamic,1,omp,yes,unset,unset,hype2,12.2.0,-O3 -Wall -Wextra -std=c++17 -fopenmp -DOMP_EXPLICIT_SIMD=1,2537.493741,4b23a258f94a27f0,passed
regular-simd_omp-t1-dynamicx1-r1-6000x6000.png,2026-09-18T16:53:46Z,6000x6000.png,6000,6000,Gaussian_7x7,1,1,dynamic,1,omp,yes,unset,unset,hype2,12.2.0,-O3 -Wall -Wextra -std=c++17 -fopenmp -DOMP_EXPLICIT_SIMD=1,4310.714759,3771268fea0417e2,passed
regular-simd_omp-t1-dynamicx1-r1-6000x6000.png,2026-09-18T16:53:53Z,6000x6000.png,6000,6000,Gaussian_9x9,1,1,dynamic,1,omp,yes,unset,unset,hype2,12.2.0,-O3 -Wall -Wextra -std=c++17 -fopenmp -DOMP_EXPLICIT_SIMD=1,6694.002682,3f6b7f707a108bd5,passed
regular-simd_omp-t1-dynamicx1-r1-6000x6000.png,2026-09-18T16:54:02Z,6000x6000.png,6000,6000,Gaussian_11x11,1,1,dynamic,1,omp,yes,unset,unset,hype2,12.2.0,-O3 -Wall -Wextra -std=c++17 -fopenmp -DOMP_EXPLICIT_SIMD=1,9590.037345,c923a906c8989668,passed
regular-simd_off-t1-dynamicx16-r1-4000x3000.png,2026-09-18T16:54:03Z,4000x3000.png,4000,3000,Grayscale,1,1,dynamic,16,off,yes,unset,unset,hype2,12.2.0,-O3 -Wall -Wextra -std=c++17 -fopenmp -DOMP_EXPLICIT_SIMD=0 -fno-tree-vectorize,46.424425,00925fa85224b60c,passed
regular-simd_off-t1-dynamicx16-r1-4000x3000.png,2026-09-18T16:54:03Z,4000x3000.png,4000,3000,Flip_Horizontal,1,1,dynamic,16,off,no,unset,unset,hype2,12.2.0,-O3 -Wall -Wextra -std=c++17 -fopenmp -DOMP_EXPLICIT_SIMD=0 -fno-tree-vectorize,15.866460,45d5313341f5868e,passed
regular-simd_off-t1-dynamicx16-r1-4000x3000.png,2026-09-18T16:54:03Z,4000x3000.png,4000,3000,Adjust_Brightness,1,1,dynamic,16,off,yes,unset,unset,hype2,12.2.0,-O3 -Wall -Wextra -std=c++17 -fopenmp -DOMP_EXPLICIT_SIMD=0 -fno-tree-vectorize,61.913226,e488c03148da4f5b,passed
regular-simd_off-t1-dynamicx16-r1-4000x3000.png,2026-09-18T16:54:03Z,4000x3000.png,4000,3000,Flip_Vertical,1,1,dynamic,16,off,no,unset,unset,hype2,12.2.0,-O3 -Wall -Wextra -std=c++17 -fopenmp -DOMP_EXPLICIT_SIMD=0 -fno-tree-vectorize,5.266875,754d30e4e81eccfc,passed
regular-simd_off-t1-dynamicx16-r1-4000x3000.png,2026-09-18T16:54:03Z,4000x3000.png,4000,3000,Quantize,1,1,dynamic,16,off,yes,unset,unset,hype2,12.2.0,-O3 -Wall -Wextra -std=c++17 -fopenmp -DOMP_EXPLICIT_SIMD=0 -fno-tree-vectorize,204.968931,f01ef010a3fd2f20,passed
regular-simd_off-t1-dynamicx16-r1-4000x3000.png,2026-09-18T16:54:04Z,4000x3000.png,4000,3000,Adjust_Contrast,1,1,dynamic,16,off,yes,unset,unset,hype2,12.2.0,-O3 -Wall -Wextra -std=c++17 -fopenmp -DOMP_EXPLICIT_SIMD=0 -fno-tree-vectorize,93.023304,7cc9f4cee5c661bd,passed
regular-simd_off-t1-dynamicx16-r1-4000x3000.png,2026-09-18T16:54:04Z,4000x3000.png,4000,3000,Negative,1,1,dynamic,16,off,yes,unset,unset,hype2,12.2.0,-O3 -Wall -Wextra -std=c++17 -fopenmp -DOMP_EXPLICIT_SIMD=0 -fno-tree-vectorize,34.905857,043d4193294f2dcc,passed
regular-simd_off-t1-dynamicx16-r1-4000x3000.png,2026-09-18T16:54:04Z,4000x3000.png,4000,3000,Equalize_Histogram,1,1,dynamic,16,off,yes,unset,unset,hype2,12.2.0,-O3 -Wall -Wextra -std=c++17 -fopenmp -DOMP_EXPLICIT_SIMD=0 -fno-tree-vectorize,62.381125,243220feba4dd030,passed
regular-simd_off-t1-dynamicx16-r1-4000x3000.png,2026-09-18T16:54:04Z,4000x3000.png,4000,3000,Zoom_In,1,1,dynamic,16,off,yes,unset,unset,hype2,12.2.0,-O3 -Wall -Wextra -std=c++17 -fopenmp -DOMP_EXPLICIT_SIMD=0 -fno-tree-vectorize,120.613418,71b80276839f9533,passed
regular-simd_off-t1-dynamicx16-r1-4000x3000.png,2026-09-18T16:54:04Z,4000x3000.png,4000,3000,Zoom_Out,1,1,dynamic,16,off,no,unset,unset,hype2,12.2.0,-O3 -Wall -Wextra -std=c++17 -fopenmp -DOMP_EXPLICIT_SIMD=0 -fno-tree-vectorize,99.132529,a91f518a4f2dbd10,passed
regular-simd_off-t1-dynamicx16-r1-4000x3000.png,2026-09-18T16:54:04Z,4000x3000.png,4000,3000,Rotate_CW,1,1,dynamic,16,off,no,unset,unset,hype2,12.2.0,-O3 -Wall -Wextra -std=c++17 -fopenmp -DOMP_EXPLICIT_SIMD=0 -fno-tree-vectorize,80.655676,e0f27e61a205ef0a,passed
regular-simd_off-t1-dynamicx16-r1-4000x3000.png,2026-09-18T16:54:05Z,4000x3000.png,4000,3000,Rotate_CCW,1,1,dynamic,16,off,no,unset,unset,hype2,12.2.0,-O3 -Wall -Wextra -std=c++17 -fopenmp -DOMP_EXPLICIT_SIMD=0 -fno-tree-vectorize,80.701632,b4512f3b73b7723c,passed
regular-simd_off-t1-dynamicx16-r1-4000x3000.png,2026-09-18T16:54:05Z,4000x3000.png,4000,3000,Gaussian_3x3,1,1,dynamic,16,off,yes,unset,unset,hype2,12.2.0,-O3 -Wall -Wextra -std=c++17 -fopenmp -DOMP_EXPLICIT_SIMD=0 -fno-tree-vectorize,465.468415,bc1a93797b2afda7,passed
regular-simd_off-t1-dynamicx16-r1-4000x3000.png,2026-09-18T16:54:06Z,4000x3000.png,4000,3000,Gaussian_5x5,1,1,dynamic,16,off,yes,unset,unset,hype2,12.2.0,-O3 -Wall -Wextra -std=c++17 -fopenmp -DOMP_EXPLICIT_SIMD=0 -fno-tree-vectorize,840.834996,d67ccd9b6dbb62d8,passed
regular-simd_off-t1-dynamicx16-r1-4000x3000.png,2026-09-18T16:54:08Z,4000x3000.png,4000,3000,Gaussian_7x7,1,1,dynamic,16,off,yes,unset,unset,hype2,12.2.0,-O3 -Wall -Wextra -std=c++17 -fopenmp -DOMP_EXPLICIT_SIMD=0 -fno-tree-vectorize,1429.997428,98f465f1820de349,passed
regular-simd_off-t1-dynamicx16-r1-4000x3000.png,2026-09-18T16:54:10Z,4000x3000.png,4000,3000,Gaussian_9x9,1,1,dynamic,16,off,yes,unset,unset,hype2,12.2.0,-O3 -Wall -Wextra -std=c++17 -fopenmp -DOMP_EXPLICIT_SIMD=0 -fno-tree-vectorize,2219.513508,8f9bd96ceab3a369,passed
regular-simd_off-t1-dynamicx16-r1-4000x3000.png,2026-09-18T16:54:13Z,4000x3000.png,4000,3000,Gaussian_11x11,1,1,dynamic,16,off,yes,unset,unset,hype2,12.2.0,-O3 -Wall -Wextra -std=c++17 -fopenmp -DOMP_EXPLICIT_SIMD=0 -fno-tree-vectorize,3172.068027,1e8adb9534bf99dc,passed
regular-simd_off-t1-dynamicx16-r1-6000x6000.png,2026-09-18T16:54:15Z,6000x6000.png,6000,6000,Grayscale,1,1,dynamic,16,off,yes,unset,unset,hype2,12.2.0,-O3 -Wall -Wextra -std=c++17 -fopenmp -DOMP_EXPLICIT_SIMD=0 -fno-tree-vectorize,138.666788,937793859b387046,passed
regular-simd_off-t1-dynamicx16-r1-6000x6000.png,2026-09-18T16:54:15Z,6000x6000.png,6000,6000,Flip_Horizontal,1,1,dynamic,16,off,no,unset,unset,hype2,12.2.0,-O3 -Wall -Wextra -std=c++17 -fopenmp -DOMP_EXPLICIT_SIMD=0 -fno-tree-vectorize,46.494884,3dfbc0e2f0b456c2,passed
regular-simd_off-t1-dynamicx16-r1-6000x6000.png,2026-09-18T16:54:15Z,6000x6000.png,6000,6000,Adjust_Brightness,1,1,dynamic,16,off,yes,unset,unset,hype2,12.2.0,-O3 -Wall -Wextra -std=c++17 -fopenmp -DOMP_EXPLICIT_SIMD=0 -fno-tree-vectorize,186.519308,5d4bea966648e7a7,passed
regular-simd_off-t1-dynamicx16-r1-6000x6000.png,2026-09-18T16:54:16Z,6000x6000.png,6000,6000,Flip_Vertical,1,1,dynamic,16,off,no,unset,unset,hype2,12.2.0,-O3 -Wall -Wextra -std=c++17 -fopenmp -DOMP_EXPLICIT_SIMD=0 -fno-tree-vectorize,16.473782,bd012cf684012198,passed
regular-simd_off-t1-dynamicx16-r1-6000x6000.png,2026-09-18T16:54:16Z,6000x6000.png,6000,6000,Quantize,1,1,dynamic,16,off,yes,unset,unset,hype2,12.2.0,-O3 -Wall -Wextra -std=c++17 -fopenmp -DOMP_EXPLICIT_SIMD=0 -fno-tree-vectorize,560.229329,b2e8843413e8e7a6,passed
regular-simd_off-t1-dynamicx16-r1-6000x6000.png,2026-09-18T16:54:17Z,6000x6000.png,6000,6000,Adjust_Contrast,1,1,dynamic,16,off,yes,unset,unset,hype2,12.2.0,-O3 -Wall -Wextra -std=c++17 -fopenmp -DOMP_EXPLICIT_SIMD=0 -fno-tree-vectorize,278.691515,c036bcbf5e6d6190,passed
regular-simd_off-t1-dynamicx16-r1-6000x6000.png,2026-09-18T16:54:17Z,6000x6000.png,6000,6000,Negative,1,1,dynamic,16,off,yes,unset,unset,hype2,12.2.0,-O3 -Wall -Wextra -std=c++17 -fopenmp -DOMP_EXPLICIT_SIMD=0 -fno-tree-vectorize,104.794481,0a497e94a83bbbc0,passed
regular-simd_off-t1-dynamicx16-r1-6000x6000.png,2026-09-18T16:54:18Z,6000x6000.png,6000,6000,Equalize_Histogram,1,1,dynamic,16,off,yes,unset,unset,hype2,12.2.0,-O3 -Wall -Wextra -std=c++17 -fopenmp -DOMP_EXPLICIT_SIMD=0 -fno-tree-vectorize,186.541433,5251e13888abb30f,passed
regular-simd_off-t1-dynamicx16-r1-6000x6000.png,2026-09-18T16:54:19Z,6000x6000.png,6000,6000,Zoom_In,1,1,dynamic,16,off,yes,unset,unset,hype2,12.2.0,-O3 -Wall -Wextra -std=c++17 -fopenmp -DOMP_EXPLICIT_SIMD=0 -fno-tree-vectorize,349.982954,4e063cbe88523a0e,passed
regular-simd_off-t1-dynamicx16-r1-6000x6000.png,2026-09-18T16:54:19Z,6000x6000.png,6000,6000,Zoom_Out,1,1,dynamic,16,off,no,unset,unset,hype2,12.2.0,-O3 -Wall -Wextra -std=c++17 -fopenmp -DOMP_EXPLICIT_SIMD=0 -fno-tree-vectorize,296.654031,8eace74e8cd425e6,passed
regular-simd_off-t1-dynamicx16-r1-6000x6000.png,2026-09-18T16:54:19Z,6000x6000.png,6000,6000,Rotate_CW,1,1,dynamic,16,off,no,unset,unset,hype2,12.2.0,-O3 -Wall -Wextra -std=c++17 -fopenmp -DOMP_EXPLICIT_SIMD=0 -fno-tree-vectorize,252.067637,dd5c83f3b3cee726,passed
regular-simd_off-t1-dynamicx16-r1-6000x6000.png,2026-09-18T16:54:20Z,6000x6000.png,6000,6000,Rotate_CCW,1,1,dynamic,16,off,no,unset,unset,hype2,12.2.0,-O3 -Wall -Wextra -std=c++17 -fopenmp -DOMP_EXPLICIT_SIMD=0 -fno-tree-vectorize,250.532605,51196bd3ed2b4ba4,passed
regular-simd_off-t1-dynamicx16-r1-6000x6000.png,2026-09-18T16:54:21Z,6000x6000.png,6000,6000,Gaussian_3x3,1,1,dynamic,16,off,yes,unset,unset,hype2,12.2.0,-O3 -Wall -Wextra -std=c++17 -fopenmp -DOMP_EXPLICIT_SIMD=0 -fno-tree-vectorize,1402.167916,87566478e34b4f70,passed
regular-simd_off-t1-dynamicx16-r1-6000x6000.png,2026-09-18T16:54:24Z,6000x6000.png,6000,6000,Gaussian_5x5,1,1,dynamic,16,off,yes,unset,unset,hype2,12.2.0,-O3 -Wall -Wextra -std=c++17 -fopenmp -DOMP_EXPLICIT_SIMD=0 -fno-tree-vectorize,2492.989741,4b23a258f94a27f0,passed
regular-simd_off-t1-dynamicx16-r1-6000x6000.png,2026-09-18T16:54:29Z,6000x6000.png,6000,6000,Gaussian_7x7,1,1,dynamic,16,off,yes,unset,unset,hype2,12.2.0,-O3 -Wall -Wextra -std=c++17 -fopenmp -DOMP_EXPLICIT_SIMD=0 -fno-tree-vectorize,4275.105958,3771268fea0417e2,passed
regular-simd_off-t1-dynamicx16-r1-6000x6000.png,2026-09-18T16:54:35Z,6000x6000.png,6000,6000,Gaussian_9x9,1,1,dynamic,16,off,yes,unset,unset,hype2,12.2.0,-O3 -Wall -Wextra -std=c++17 -fopenmp -DOMP_EXPLICIT_SIMD=0 -fno-tree-vectorize,6649.438057,3f6b7f707a108bd5,passed
regular-simd_off-t1-dynamicx16-r1-6000x6000.png,2026-09-18T16:54:45Z,6000x6000.png,6000,6000,Gaussian_11x11,1,1,dynamic,16,off,yes,unset,unset,hype2,12.2.0,-O3 -Wall -Wextra -std=c++17 -fopenmp -DOMP_EXPLICIT_SIMD=0 -fno-tree-vectorize,9568.082402,c923a906c8989668,passed
regular-simd_omp-t1-dynamicx16-r1-4000x3000.png,2026-09-18T16:54:46Z,4000x3000.png,4000,3000,Grayscale,1,1,dynamic,16,omp,yes,unset,unset,hype2,12.2.0,-O3 -Wall -Wextra -std=c++17 -fopenmp -DOMP_EXPLICIT_SIMD=1,48.226574,00925fa85224b60c,passed
regular-simd_omp-t1-dynamicx16-r1-4000x3000.png,2026-09-18T16:54:46Z,4000x3000.png,4000,3000,Flip_Horizontal,1,1,dynamic,16,omp,no,unset,unset,hype2,12.2.0,-O3 -Wall -Wextra -std=c++17 -fopenmp -DOMP_EXPLICIT_SIMD=1,15.814153,45d5313341f5868e,passed
regular-simd_omp-t1-dynamicx16-r1-4000x3000.png,2026-09-18T16:54:46Z,4000x3000.png,4000,3000,Adjust_Brightness,1,1,dynamic,16,omp,yes,unset,unset,hype2,12.2.0,-O3 -Wall -Wextra -std=c++17 -fopenmp -DOMP_EXPLICIT_SIMD=1,63.544318,e488c03148da4f5b,passed
regular-simd_omp-t1-dynamicx16-r1-4000x3000.png,2026-09-18T16:54:46Z,4000x3000.png,4000,3000,Flip_Vertical,1,1,dynamic,16,omp,no,unset,unset,hype2,12.2.0,-O3 -Wall -Wextra -std=c++17 -fopenmp -DOMP_EXPLICIT_SIMD=1,5.275102,754d30e4e81eccfc,passed
regular-simd_omp-t1-dynamicx16-r1-4000x3000.png,2026-09-18T16:54:46Z,4000x3000.png,4000,3000,Quantize,1,1,dynamic,16,omp,yes,unset,unset,hype2,12.2.0,-O3 -Wall -Wextra -std=c++17 -fopenmp -DOMP_EXPLICIT_SIMD=1,206.091895,f01ef010a3fd2f20,passed
regular-simd_omp-t1-dynamicx16-r1-4000x3000.png,2026-09-18T16:54:46Z,4000x3000.png,4000,3000,Adjust_Contrast,1,1,dynamic,16,omp,yes,unset,unset,hype2,12.2.0,-O3 -Wall -Wextra -std=c++17 -fopenmp -DOMP_EXPLICIT_SIMD=1,93.631166,7cc9f4cee5c661bd,passed
regular-simd_omp-t1-dynamicx16-r1-4000x3000.png,2026-09-18T16:54:47Z,4000x3000.png,4000,3000,Negative,1,1,dynamic,16,omp,yes,unset,unset,hype2,12.2.0,-O3 -Wall -Wextra -std=c++17 -fopenmp -DOMP_EXPLICIT_SIMD=1,33.824967,043d4193294f2dcc,passed
regular-simd_omp-t1-dynamicx16-r1-4000x3000.png,2026-09-18T16:54:47Z,4000x3000.png,4000,3000,Equalize_Histogram,1,1,dynamic,16,omp,yes,unset,unset,hype2,12.2.0,-O3 -Wall -Wextra -std=c++17 -fopenmp -DOMP_EXPLICIT_SIMD=1,62.436764,243220feba4dd030,passed
regular-simd_omp-t1-dynamicx16-r1-4000x3000.png,2026-09-18T16:54:47Z,4000x3000.png,4000,3000,Zoom_In,1,1,dynamic,16,omp,yes,unset,unset,hype2,12.2.0,-O3 -Wall -Wextra -std=c++17 -fopenmp -DOMP_EXPLICIT_SIMD=1,95.898880,71b80276839f9533,passed
regular-simd_omp-t1-dynamicx16-r1-4000x3000.png,2026-09-18T16:54:47Z,4000x3000.png,4000,3000,Zoom_Out,1,1,dynamic,16,omp,no,unset,unset,hype2,12.2.0,-O3 -Wall -Wextra -std=c++17 -fopenmp -DOMP_EXPLICIT_SIMD=1,98.641075,a91f518a4f2dbd10,passed
regular-simd_omp-t1-dynamicx16-r1-4000x3000.png,2026-09-18T16:54:47Z,4000x3000.png,4000,3000,Rotate_CW,1,1,dynamic,16,omp,no,unset,unset,hype2,12.2.0,-O3 -Wall -Wextra -std=c++17 -fopenmp -DOMP_EXPLICIT_SIMD=1,80.043797,e0f27e61a205ef0a,passed
regular-simd_omp-t1-dynamicx16-r1-4000x3000.png,2026-09-18T16:54:47Z,4000x3000.png,4000,3000,Rotate_CCW,1,1,dynamic,16,omp,no,unset,unset,hype2,12.2.0,-O3 -Wall -Wextra -std=c++17 -fopenmp -DOMP_EXPLICIT_SIMD=1,80.007853,b4512f3b73b7723c,passed
regular-simd_omp-t1-dynamicx16-r1-4000x3000.png,2026-09-18T16:54:48Z,4000x3000.png,4000,3000,Gaussian_3x3,1,1,dynamic,16,omp,yes,unset,unset,hype2,12.2.0,-O3 -Wall -Wextra -std=c++17 -fopenmp -DOMP_EXPLICIT_SIMD=1,455.566344,bc1a93797b2afda7,passed
regular-simd_omp-t1-dynamicx16-r1-4000x3000.png,2026-09-18T16:54:49Z,4000x3000.png,4000,3000,Gaussian_5x5,1,1,dynamic,16,omp,yes,unset,unset,hype2,12.2.0,-O3 -Wall -Wextra -std=c++17 -fopenmp -DOMP_EXPLICIT_SIMD=1,832.938734,d67ccd9b6dbb62d8,passed
regular-simd_omp-t1-dynamicx16-r1-4000x3000.png,2026-09-18T16:54:50Z,4000x3000.png,4000,3000,Gaussian_7x7,1,1,dynamic,16,omp,yes,unset,unset,hype2,12.2.0,-O3 -Wall -Wextra -std=c++17 -fopenmp -DOMP_EXPLICIT_SIMD=1,1441.035115,98f465f1820de349,passed
regular-simd_omp-t1-dynamicx16-r1-4000x3000.png,2026-09-18T16:54:53Z,4000x3000.png,4000,3000,Gaussian_9x9,1,1,dynamic,16,omp,yes,unset,unset,hype2,12.2.0,-O3 -Wall -Wextra -std=c++17 -fopenmp -DOMP_EXPLICIT_SIMD=1,2217.393366,8f9bd96ceab3a369,passed
regular-simd_omp-t1-dynamicx16-r1-4000x3000.png,2026-09-18T16:54:56Z,4000x3000.png,4000,3000,Gaussian_11x11,1,1,dynamic,16,omp,yes,unset,unset,hype2,12.2.0,-O3 -Wall -Wextra -std=c++17 -fopenmp -DOMP_EXPLICIT_SIMD=1,3191.040293,1e8adb9534bf99dc,passed
regular-simd_omp-t1-dynamicx16-r1-6000x6000.png,2026-09-18T16:54:58Z,6000x6000.png,6000,6000,Grayscale,1,1,dynamic,16,omp,yes,unset,unset,hype2,12.2.0,-O3 -Wall -Wextra -std=c++17 -fopenmp -DOMP_EXPLICIT_SIMD=1,144.033808,937793859b387046,passed
regular-simd_omp-t1-dynamicx16-r1-6000x6000.png,2026-09-18T16:54:58Z,6000x6000.png,6000,6000,Flip_Horizontal,1,1,dynamic,16,omp,no,unset,unset,hype2,12.2.0,-O3 -Wall -Wextra -std=c++17 -fopenmp -DOMP_EXPLICIT_SIMD=1,46.238454,3dfbc0e2f0b456c2,passed
regular-simd_omp-t1-dynamicx16-r1-6000x6000.png,2026-09-18T16:54:58Z,6000x6000.png,6000,6000,Adjust_Brightness,1,1,dynamic,16,omp,yes,unset,unset,hype2,12.2.0,-O3 -Wall -Wextra -std=c++17 -fopenmp -DOMP_EXPLICIT_SIMD=1,190.929789,5d4bea966648e7a7,passed
regular-simd_omp-t1-dynamicx16-r1-6000x6000.png,2026-09-18T16:54:58Z,6000x6000.png,6000,6000,Flip_Vertical,1,1,dynamic,16,omp,no,unset,unset,hype2,12.2.0,-O3 -Wall -Wextra -std=c++17 -fopenmp -DOMP_EXPLICIT_SIMD=1,16.447585,bd012cf684012198,passed
regular-simd_omp-t1-dynamicx16-r1-6000x6000.png,2026-09-18T16:54:59Z,6000x6000.png,6000,6000,Quantize,1,1,dynamic,16,omp,yes,unset,unset,hype2,12.2.0,-O3 -Wall -Wextra -std=c++17 -fopenmp -DOMP_EXPLICIT_SIMD=1,582.715596,b2e8843413e8e7a6,passed
regular-simd_omp-t1-dynamicx16-r1-6000x6000.png,2026-09-18T16:55:00Z,6000x6000.png,6000,6000,Adjust_Contrast,1,1,dynamic,16,omp,yes,unset,unset,hype2,12.2.0,-O3 -Wall -Wextra -std=c++17 -fopenmp -DOMP_EXPLICIT_SIMD=1,280.472392,c036bcbf5e6d6190,passed
regular-simd_omp-t1-dynamicx16-r1-6000x6000.png,2026-09-18T16:55:00Z,6000x6000.png,6000,6000,Negative,1,1,dynamic,16,omp,yes,unset,unset,hype2,12.2.0,-O3 -Wall -Wextra -std=c++17 -fopenmp -DOMP_EXPLICIT_SIMD=1,101.873883,0a497e94a83bbbc0,passed
regular-simd_omp-t1-dynamicx16-r1-6000x6000.png,2026-09-18T16:55:00Z,6000x6000.png,6000,6000,Equalize_Histogram,1,1,dynamic,16,omp,yes,unset,unset,hype2,12.2.0,-O3 -Wall -Wextra -std=c++17 -fopenmp -DOMP_EXPLICIT_SIMD=1,186.691318,5251e13888abb30f,passed
regular-simd_omp-t1-dynamicx16-r1-6000x6000.png,2026-09-18T16:55:01Z,6000x6000.png,6000,6000,Zoom_In,1,1,dynamic,16,omp,yes,unset,unset,hype2,12.2.0,-O3 -Wall -Wextra -std=c++17 -fopenmp -DOMP_EXPLICIT_SIMD=1,286.254982,4e063cbe88523a0e,passed
regular-simd_omp-t1-dynamicx16-r1-6000x6000.png,2026-09-18T16:55:02Z,6000x6000.png,6000,6000,Zoom_Out,1,1,dynamic,16,omp,no,unset,unset,hype2,12.2.0,-O3 -Wall -Wextra -std=c++17 -fopenmp -DOMP_EXPLICIT_SIMD=1,295.683263,8eace74e8cd425e6,passed
regular-simd_omp-t1-dynamicx16-r1-6000x6000.png,2026-09-18T16:55:02Z,6000x6000.png,6000,6000,Rotate_CW,1,1,dynamic,16,omp,no,unset,unset,hype2,12.2.0,-O3 -Wall -Wextra -std=c++17 -fopenmp -DOMP_EXPLICIT_SIMD=1,251.750066,dd5c83f3b3cee726,passed
regular-simd_omp-t1-dynamicx16-r1-6000x6000.png,2026-09-18T16:55:02Z,6000x6000.png,6000,6000,Rotate_CCW,1,1,dynamic,16,omp,no,unset,unset,hype2,12.2.0,-O3 -Wall -Wextra -std=c++17 -fopenmp -DOMP_EXPLICIT_SIMD=1,249.005138,51196bd3ed2b4ba4,passed
regular-simd_omp-t1-dynamicx16-r1-6000x6000.png,2026-09-18T16:55:04Z,6000x6000.png,6000,6000,Gaussian_3x3,1,1,dynamic,16,omp,yes,unset,unset,hype2,12.2.0,-O3 -Wall -Wextra -std=c++17 -fopenmp -DOMP_EXPLICIT_SIMD=1,1377.105721,87566478e34b4f70,passed
regular-simd_omp-t1-dynamicx16-r1-6000x6000.png,2026-09-18T16:55:07Z,6000x6000.png,6000,6000,Gaussian_5x5,1,1,dynamic,16,omp,yes,unset,unset,hype2,12.2.0,-O3 -Wall -Wextra -std=c++17 -fopenmp -DOMP_EXPLICIT_SIMD=1,2511.278925,4b23a258f94a27f0,passed
regular-simd_omp-t1-dynamicx16-r1-6000x6000.png,2026-09-18T16:55:11Z,6000x6000.png,6000,6000,Gaussian_7x7,1,1,dynamic,16,omp,yes,unset,unset,hype2,12.2.0,-O3 -Wall -Wextra -std=c++17 -fopenmp -DOMP_EXPLICIT_SIMD=1,4345.692984,3771268fea0417e2,passed
regular-simd_omp-t1-dynamicx16-r1-6000x6000.png,2026-09-18T16:55:18Z,6000x6000.png,6000,6000,Gaussian_9x9,1,1,dynamic,16,omp,yes,unset,unset,hype2,12.2.0,-O3 -Wall -Wextra -std=c++17 -fopenmp -DOMP_EXPLICIT_SIMD=1,6682.304942,3f6b7f707a108bd5,passed
regular-simd_omp-t1-dynamicx16-r1-6000x6000.png,2026-09-18T16:55:28Z,6000x6000.png,6000,6000,Gaussian_11x11,1,1,dynamic,16,omp,yes,unset,unset,hype2,12.2.0,-O3 -Wall -Wextra -std=c++17 -fopenmp -DOMP_EXPLICIT_SIMD=1,9579.692495,c923a906c8989668,passed
regular-simd_omp-t1-static-r2-4000x3000.png,2026-09-18T16:55:28Z,4000x3000.png,4000,3000,Grayscale,2,1,static,,omp,yes,unset,unset,hype2,12.2.0,-O3 -Wall -Wextra -std=c++17 -fopenmp -DOMP_EXPLICIT_SIMD=1,48.305914,00925fa85224b60c,passed
regular-simd_omp-t1-static-r2-4000x3000.png,2026-09-18T16:55:29Z,4000x3000.png,4000,3000,Flip_Horizontal,2,1,static,,omp,no,unset,unset,hype2,12.2.0,-O3 -Wall -Wextra -std=c++17 -fopenmp -DOMP_EXPLICIT_SIMD=1,15.810796,45d5313341f5868e,passed
regular-simd_omp-t1-static-r2-4000x3000.png,2026-09-18T16:55:29Z,4000x3000.png,4000,3000,Adjust_Brightness,2,1,static,,omp,yes,unset,unset,hype2,12.2.0,-O3 -Wall -Wextra -std=c++17 -fopenmp -DOMP_EXPLICIT_SIMD=1,63.564546,e488c03148da4f5b,passed
regular-simd_omp-t1-static-r2-4000x3000.png,2026-09-18T16:55:29Z,4000x3000.png,4000,3000,Flip_Vertical,2,1,static,,omp,no,unset,unset,hype2,12.2.0,-O3 -Wall -Wextra -std=c++17 -fopenmp -DOMP_EXPLICIT_SIMD=1,5.240880,754d30e4e81eccfc,passed
regular-simd_omp-t1-static-r2-4000x3000.png,2026-09-18T16:55:29Z,4000x3000.png,4000,3000,Quantize,2,1,static,,omp,yes,unset,unset,hype2,12.2.0,-O3 -Wall -Wextra -std=c++17 -fopenmp -DOMP_EXPLICIT_SIMD=1,212.681014,f01ef010a3fd2f20,passed
regular-simd_omp-t1-static-r2-4000x3000.png,2026-09-18T16:55:29Z,4000x3000.png,4000,3000,Adjust_Contrast,2,1,static,,omp,yes,unset,unset,hype2,12.2.0,-O3 -Wall -Wextra -std=c++17 -fopenmp -DOMP_EXPLICIT_SIMD=1,93.346842,7cc9f4cee5c661bd,passed
regular-simd_omp-t1-static-r2-4000x3000.png,2026-09-18T16:55:29Z,4000x3000.png,4000,3000,Negative,2,1,static,,omp,yes,unset,unset,hype2,12.2.0,-O3 -Wall -Wextra -std=c++17 -fopenmp -DOMP_EXPLICIT_SIMD=1,33.881313,043d4193294f2dcc,passed
regular-simd_omp-t1-static-r2-4000x3000.png,2026-09-18T16:55:29Z,4000x3000.png,4000,3000,Equalize_Histogram,2,1,static,,omp,yes,unset,unset,hype2,12.2.0,-O3 -Wall -Wextra -std=c++17 -fopenmp -DOMP_EXPLICIT_SIMD=1,62.931814,243220feba4dd030,passed
regular-simd_omp-t1-static-r2-4000x3000.png,2026-09-18T16:55:30Z,4000x3000.png,4000,3000,Zoom_In,2,1,static,,omp,yes,unset,unset,hype2,12.2.0,-O3 -Wall -Wextra -std=c++17 -fopenmp -DOMP_EXPLICIT_SIMD=1,96.871281,71b80276839f9533,passed
regular-simd_omp-t1-static-r2-4000x3000.png,2026-09-18T16:55:30Z,4000x3000.png,4000,3000,Zoom_Out,2,1,static,,omp,no,unset,unset,hype2,12.2.0,-O3 -Wall -Wextra -std=c++17 -fopenmp -DOMP_EXPLICIT_SIMD=1,98.589666,a91f518a4f2dbd10,passed
regular-simd_omp-t1-static-r2-4000x3000.png,2026-09-18T16:55:30Z,4000x3000.png,4000,3000,Rotate_CW,2,1,static,,omp,no,unset,unset,hype2,12.2.0,-O3 -Wall -Wextra -std=c++17 -fopenmp -DOMP_EXPLICIT_SIMD=1,81.012313,e0f27e61a205ef0a,passed
regular-simd_omp-t1-static-r2-4000x3000.png,2026-09-18T16:55:30Z,4000x3000.png,4000,3000,Rotate_CCW,2,1,static,,omp,no,unset,unset,hype2,12.2.0,-O3 -Wall -Wextra -std=c++17 -fopenmp -DOMP_EXPLICIT_SIMD=1,80.809295,b4512f3b73b7723c,passed
regular-simd_omp-t1-static-r2-4000x3000.png,2026-09-18T16:55:31Z,4000x3000.png,4000,3000,Gaussian_3x3,2,1,static,,omp,yes,unset,unset,hype2,12.2.0,-O3 -Wall -Wextra -std=c++17 -fopenmp -DOMP_EXPLICIT_SIMD=1,455.299372,bc1a93797b2afda7,passed
regular-simd_omp-t1-static-r2-4000x3000.png,2026-09-18T16:55:32Z,4000x3000.png,4000,3000,Gaussian_5x5,2,1,static,,omp,yes,unset,unset,hype2,12.2.0,-O3 -Wall -Wextra -std=c++17 -fopenmp -DOMP_EXPLICIT_SIMD=1,833.507429,d67ccd9b6dbb62d8,passed
regular-simd_omp-t1-static-r2-4000x3000.png,2026-09-18T16:55:33Z,4000x3000.png,4000,3000,Gaussian_7x7,2,1,static,,omp,yes,unset,unset,hype2,12.2.0,-O3 -Wall -Wextra -std=c++17 -fopenmp -DOMP_EXPLICIT_SIMD=1,1430.841381,98f465f1820de349,passed
regular-simd_omp-t1-static-r2-4000x3000.png,2026-09-18T16:55:35Z,4000x3000.png,4000,3000,Gaussian_9x9,2,1,static,,omp,yes,unset,unset,hype2,12.2.0,-O3 -Wall -Wextra -std=c++17 -fopenmp -DOMP_EXPLICIT_SIMD=1,2230.521632,8f9bd96ceab3a369,passed
regular-simd_omp-t1-static-r2-4000x3000.png,2026-09-18T16:55:39Z,4000x3000.png,4000,3000,Gaussian_11x11,2,1,static,,omp,yes,unset,unset,hype2,12.2.0,-O3 -Wall -Wextra -std=c++17 -fopenmp -DOMP_EXPLICIT_SIMD=1,3193.189196,1e8adb9534bf99dc,passed
regular-simd_omp-t1-static-r2-6000x6000.png,2026-09-18T16:55:40Z,6000x6000.png,6000,6000,Grayscale,2,1,static,,omp,yes,unset,unset,hype2,12.2.0,-O3 -Wall -Wextra -std=c++17 -fopenmp -DOMP_EXPLICIT_SIMD=1,144.091072,937793859b387046,passed
regular-simd_omp-t1-static-r2-6000x6000.png,2026-09-18T16:55:41Z,6000x6000.png,6000,6000,Flip_Horizontal,2,1,static,,omp,no,unset,unset,hype2,12.2.0,-O3 -Wall -Wextra -std=c++17 -fopenmp -DOMP_EXPLICIT_SIMD=1,46.438766,3dfbc0e2f0b456c2,passed
regular-simd_omp-t1-static-r2-6000x6000.png,2026-09-18T16:55:41Z,6000x6000.png,6000,6000,Adjust_Brightness,2,1,static,,omp,yes,unset,unset,hype2,12.2.0,-O3 -Wall -Wextra -std=c++17 -fopenmp -DOMP_EXPLICIT_SIMD=1,191.171860,5d4bea966648e7a7,passed
regular-simd_omp-t1-static-r2-6000x6000.png,2026-09-18T16:55:41Z,6000x6000.png,6000,6000,Flip_Vertical,2,1,static,,omp,no,unset,unset,hype2,12.2.0,-O3 -Wall -Wextra -std=c++17 -fopenmp -DOMP_EXPLICIT_SIMD=1,16.367145,bd012cf684012198,passed
regular-simd_omp-t1-static-r2-6000x6000.png,2026-09-18T16:55:42Z,6000x6000.png,6000,6000,Quantize,2,1,static,,omp,yes,unset,unset,hype2,12.2.0,-O3 -Wall -Wextra -std=c++17 -fopenmp -DOMP_EXPLICIT_SIMD=1,567.582557,b2e8843413e8e7a6,passed
regular-simd_omp-t1-static-r2-6000x6000.png,2026-09-18T16:55:42Z,6000x6000.png,6000,6000,Adjust_Contrast,2,1,static,,omp,yes,unset,unset,hype2,12.2.0,-O3 -Wall -Wextra -std=c++17 -fopenmp -DOMP_EXPLICIT_SIMD=1,280.573387,c036bcbf5e6d6190,passed
regular-simd_omp-t1-static-r2-6000x6000.png,2026-09-18T16:55:43Z,6000x6000.png,6000,6000,Negative,2,1,static,,omp,yes,unset,unset,hype2,12.2.0,-O3 -Wall -Wextra -std=c++17 -fopenmp -DOMP_EXPLICIT_SIMD=1,101.894451,0a497e94a83bbbc0,passed
regular-simd_omp-t1-static-r2-6000x6000.png,2026-09-18T16:55:43Z,6000x6000.png,6000,6000,Equalize_Histogram,2,1,static,,omp,yes,unset,unset,hype2,12.2.0,-O3 -Wall -Wextra -std=c++17 -fopenmp -DOMP_EXPLICIT_SIMD=1,190.035040,5251e13888abb30f,passed
regular-simd_omp-t1-static-r2-6000x6000.png,2026-09-18T16:55:44Z,6000x6000.png,6000,6000,Zoom_In,2,1,static,,omp,yes,unset,unset,hype2,12.2.0,-O3 -Wall -Wextra -std=c++17 -fopenmp -DOMP_EXPLICIT_SIMD=1,286.382355,4e063cbe88523a0e,passed
regular-simd_omp-t1-static-r2-6000x6000.png,2026-09-18T16:55:44Z,6000x6000.png,6000,6000,Zoom_Out,2,1,static,,omp,no,unset,unset,hype2,12.2.0,-O3 -Wall -Wextra -std=c++17 -fopenmp -DOMP_EXPLICIT_SIMD=1,295.185496,8eace74e8cd425e6,passed
regular-simd_omp-t1-static-r2-6000x6000.png,2026-09-18T16:55:45Z,6000x6000.png,6000,6000,Rotate_CW,2,1,static,,omp,no,unset,unset,hype2,12.2.0,-O3 -Wall -Wextra -std=c++17 -fopenmp -DOMP_EXPLICIT_SIMD=1,253.927802,dd5c83f3b3cee726,passed
regular-simd_omp-t1-static-r2-6000x6000.png,2026-09-18T16:55:45Z,6000x6000.png,6000,6000,Rotate_CCW,2,1,static,,omp,no,unset,unset,hype2,12.2.0,-O3 -Wall -Wextra -std=c++17 -fopenmp -DOMP_EXPLICIT_SIMD=1,249.750800,51196bd3ed2b4ba4,passed
regular-simd_omp-t1-static-r2-6000x6000.png,2026-09-18T16:55:47Z,6000x6000.png,6000,6000,Gaussian_3x3,2,1,static,,omp,yes,unset,unset,hype2,12.2.0,-O3 -Wall -Wextra -std=c++17 -fopenmp -DOMP_EXPLICIT_SIMD=1,1373.905911,87566478e34b4f70,passed
regular-simd_omp-t1-static-r2-6000x6000.png,2026-09-18T16:55:50Z,6000x6000.png,6000,6000,Gaussian_5x5,2,1,static,,omp,yes,unset,unset,hype2,12.2.0,-O3 -Wall -Wextra -std=c++17 -fopenmp -DOMP_EXPLICIT_SIMD=1,2508.595872,4b23a258f94a27f0,passed
regular-simd_omp-t1-static-r2-6000x6000.png,2026-09-18T16:55:54Z,6000x6000.png,6000,6000,Gaussian_7x7,2,1,static,,omp,yes,unset,unset,hype2,12.2.0,-O3 -Wall -Wextra -std=c++17 -fopenmp -DOMP_EXPLICIT_SIMD=1,4295.373081,3771268fea0417e2,passed
regular-simd_omp-t1-static-r2-6000x6000.png,2026-09-18T16:56:01Z,6000x6000.png,6000,6000,Gaussian_9x9,2,1,static,,omp,yes,unset,unset,hype2,12.2.0,-O3 -Wall -Wextra -std=c++17 -fopenmp -DOMP_EXPLICIT_SIMD=1,6666.542598,3f6b7f707a108bd5,passed
regular-simd_omp-t1-static-r2-6000x6000.png,2026-09-18T16:56:11Z,6000x6000.png,6000,6000,Gaussian_11x11,2,1,static,,omp,yes,unset,unset,hype2,12.2.0,-O3 -Wall -Wextra -std=c++17 -fopenmp -DOMP_EXPLICIT_SIMD=1,9588.098749,c923a906c8989668,passed
regular-simd_off-t1-dynamicx1-r2-4000x3000.png,2026-09-18T16:56:11Z,4000x3000.png,4000,3000,Grayscale,2,1,dynamic,1,off,yes,unset,unset,hype2,12.2.0,-O3 -Wall -Wextra -std=c++17 -fopenmp -DOMP_EXPLICIT_SIMD=0 -fno-tree-vectorize,46.206172,00925fa85224b60c,passed
regular-simd_off-t1-dynamicx1-r2-4000x3000.png,2026-09-18T16:56:11Z,4000x3000.png,4000,3000,Flip_Horizontal,2,1,dynamic,1,off,no,unset,unset,hype2,12.2.0,-O3 -Wall -Wextra -std=c++17 -fopenmp -DOMP_EXPLICIT_SIMD=0 -fno-tree-vectorize,16.258512,45d5313341f5868e,passed
regular-simd_off-t1-dynamicx1-r2-4000x3000.png,2026-09-18T16:56:11Z,4000x3000.png,4000,3000,Adjust_Brightness,2,1,dynamic,1,off,yes,unset,unset,hype2,12.2.0,-O3 -Wall -Wextra -std=c++17 -fopenmp -DOMP_EXPLICIT_SIMD=0 -fno-tree-vectorize,62.331362,e488c03148da4f5b,passed
regular-simd_off-t1-dynamicx1-r2-4000x3000.png,2026-09-18T16:56:12Z,4000x3000.png,4000,3000,Flip_Vertical,2,1,dynamic,1,off,no,unset,unset,hype2,12.2.0,-O3 -Wall -Wextra -std=c++17 -fopenmp -DOMP_EXPLICIT_SIMD=0 -fno-tree-vectorize,5.277668,754d30e4e81eccfc,passed
regular-simd_off-t1-dynamicx1-r2-4000x3000.png,2026-09-18T16:56:12Z,4000x3000.png,4000,3000,Quantize,2,1,dynamic,1,off,yes,unset,unset,hype2,12.2.0,-O3 -Wall -Wextra -std=c++17 -fopenmp -DOMP_EXPLICIT_SIMD=0 -fno-tree-vectorize,204.811015,f01ef010a3fd2f20,passed
regular-simd_off-t1-dynamicx1-r2-4000x3000.png,2026-09-18T16:56:12Z,4000x3000.png,4000,3000,Adjust_Contrast,2,1,dynamic,1,off,yes,unset,unset,hype2,12.2.0,-O3 -Wall -Wextra -std=c++17 -fopenmp -DOMP_EXPLICIT_SIMD=0 -fno-tree-vectorize,92.750122,7cc9f4cee5c661bd,passed
regular-simd_off-t1-dynamicx1-r2-4000x3000.png,2026-09-18T16:56:12Z,4000x3000.png,4000,3000,Negative,2,1,dynamic,1,off,yes,unset,unset,hype2,12.2.0,-O3 -Wall -Wextra -std=c++17 -fopenmp -DOMP_EXPLICIT_SIMD=0 -fno-tree-vectorize,34.928601,043d4193294f2dcc,passed
regular-simd_off-t1-dynamicx1-r2-4000x3000.png,2026-09-18T16:56:12Z,4000x3000.png,4000,3000,Equalize_Histogram,2,1,dynamic,1,off,yes,unset,unset,hype2,12.2.0,-O3 -Wall -Wextra -std=c++17 -fopenmp -DOMP_EXPLICIT_SIMD=0 -fno-tree-vectorize,62.095883,243220feba4dd030,passed
regular-simd_off-t1-dynamicx1-r2-4000x3000.png,2026-09-18T16:56:12Z,4000x3000.png,4000,3000,Zoom_In,2,1,dynamic,1,off,yes,unset,unset,hype2,12.2.0,-O3 -Wall -Wextra -std=c++17 -fopenmp -DOMP_EXPLICIT_SIMD=0 -fno-tree-vectorize,117.732144,71b80276839f9533,passed
regular-simd_off-t1-dynamicx1-r2-4000x3000.png,2026-09-18T16:56:13Z,4000x3000.png,4000,3000,Zoom_Out,2,1,dynamic,1,off,no,unset,unset,hype2,12.2.0,-O3 -Wall -Wextra -std=c++17 -fopenmp -DOMP_EXPLICIT_SIMD=0 -fno-tree-vectorize,98.717628,a91f518a4f2dbd10,passed
regular-simd_off-t1-dynamicx1-r2-4000x3000.png,2026-09-18T16:56:13Z,4000x3000.png,4000,3000,Rotate_CW,2,1,dynamic,1,off,no,unset,unset,hype2,12.2.0,-O3 -Wall -Wextra -std=c++17 -fopenmp -DOMP_EXPLICIT_SIMD=0 -fno-tree-vectorize,80.525982,e0f27e61a205ef0a,passed
regular-simd_off-t1-dynamicx1-r2-4000x3000.png,2026-09-18T16:56:13Z,4000x3000.png,4000,3000,Rotate_CCW,2,1,dynamic,1,off,no,unset,unset,hype2,12.2.0,-O3 -Wall -Wextra -std=c++17 -fopenmp -DOMP_EXPLICIT_SIMD=0 -fno-tree-vectorize,80.241231,b4512f3b73b7723c,passed
regular-simd_off-t1-dynamicx1-r2-4000x3000.png,2026-09-18T16:56:13Z,4000x3000.png,4000,3000,Gaussian_3x3,2,1,dynamic,1,off,yes,unset,unset,hype2,12.2.0,-O3 -Wall -Wextra -std=c++17 -fopenmp -DOMP_EXPLICIT_SIMD=0 -fno-tree-vectorize,464.311594,bc1a93797b2afda7,passed
regular-simd_off-t1-dynamicx1-r2-4000x3000.png,2026-09-18T16:56:14Z,4000x3000.png,4000,3000,Gaussian_5x5,2,1,dynamic,1,off,yes,unset,unset,hype2,12.2.0,-O3 -Wall -Wextra -std=c++17 -fopenmp -DOMP_EXPLICIT_SIMD=0 -fno-tree-vectorize,856.820917,d67ccd9b6dbb62d8,passed
regular-simd_off-t1-dynamicx1-r2-4000x3000.png,2026-09-18T16:56:16Z,4000x3000.png,4000,3000,Gaussian_7x7,2,1,dynamic,1,off,yes,unset,unset,hype2,12.2.0,-O3 -Wall -Wextra -std=c++17 -fopenmp -DOMP_EXPLICIT_SIMD=0 -fno-tree-vectorize,1426.509344,98f465f1820de349,passed
regular-simd_off-t1-dynamicx1-r2-4000x3000.png,2026-09-18T16:56:18Z,4000x3000.png,4000,3000,Gaussian_9x9,2,1,dynamic,1,off,yes,unset,unset,hype2,12.2.0,-O3 -Wall -Wextra -std=c++17 -fopenmp -DOMP_EXPLICIT_SIMD=0 -fno-tree-vectorize,2206.325700,8f9bd96ceab3a369,passed
regular-simd_off-t1-dynamicx1-r2-4000x3000.png,2026-09-18T16:56:21Z,4000x3000.png,4000,3000,Gaussian_11x11,2,1,dynamic,1,off,yes,unset,unset,hype2,12.2.0,-O3 -Wall -Wextra -std=c++17 -fopenmp -DOMP_EXPLICIT_SIMD=0 -fno-tree-vectorize,3190.533717,1e8adb9534bf99dc,passed
regular-simd_off-t1-dynamicx1-r2-6000x6000.png,2026-09-18T16:56:23Z,6000x6000.png,6000,6000,Grayscale,2,1,dynamic,1,off,yes,unset,unset,hype2,12.2.0,-O3 -Wall -Wextra -std=c++17 -fopenmp -DOMP_EXPLICIT_SIMD=0 -fno-tree-vectorize,138.906169,937793859b387046,passed
regular-simd_off-t1-dynamicx1-r2-6000x6000.png,2026-09-18T16:56:23Z,6000x6000.png,6000,6000,Flip_Horizontal,2,1,dynamic,1,off,no,unset,unset,hype2,12.2.0,-O3 -Wall -Wextra -std=c++17 -fopenmp -DOMP_EXPLICIT_SIMD=0 -fno-tree-vectorize,46.169631,3dfbc0e2f0b456c2,passed
regular-simd_off-t1-dynamicx1-r2-6000x6000.png,2026-09-18T16:56:24Z,6000x6000.png,6000,6000,Adjust_Brightness,2,1,dynamic,1,off,yes,unset,unset,hype2,12.2.0,-O3 -Wall -Wextra -std=c++17 -fopenmp -DOMP_EXPLICIT_SIMD=0 -fno-tree-vectorize,186.308504,5d4bea966648e7a7,passed
regular-simd_off-t1-dynamicx1-r2-6000x6000.png,2026-09-18T16:56:24Z,6000x6000.png,6000,6000,Flip_Vertical,2,1,dynamic,1,off,no,unset,unset,hype2,12.2.0,-O3 -Wall -Wextra -std=c++17 -fopenmp -DOMP_EXPLICIT_SIMD=0 -fno-tree-vectorize,16.609967,bd012cf684012198,passed
regular-simd_off-t1-dynamicx1-r2-6000x6000.png,2026-09-18T16:56:25Z,6000x6000.png,6000,6000,Quantize,2,1,dynamic,1,off,yes,unset,unset,hype2,12.2.0,-O3 -Wall -Wextra -std=c++17 -fopenmp -DOMP_EXPLICIT_SIMD=0 -fno-tree-vectorize,563.244811,b2e8843413e8e7a6,passed
regular-simd_off-t1-dynamicx1-r2-6000x6000.png,2026-09-18T16:56:25Z,6000x6000.png,6000,6000,Adjust_Contrast,2,1,dynamic,1,off,yes,unset,unset,hype2,12.2.0,-O3 -Wall -Wextra -std=c++17 -fopenmp -DOMP_EXPLICIT_SIMD=0 -fno-tree-vectorize,279.142815,c036bcbf5e6d6190,passed
regular-simd_off-t1-dynamicx1-r2-6000x6000.png,2026-09-18T16:56:25Z,6000x6000.png,6000,6000,Negative,2,1,dynamic,1,off,yes,unset,unset,hype2,12.2.0,-O3 -Wall -Wextra -std=c++17 -fopenmp -DOMP_EXPLICIT_SIMD=0 -fno-tree-vectorize,105.102956,0a497e94a83bbbc0,passed
regular-simd_off-t1-dynamicx1-r2-6000x6000.png,2026-09-18T16:56:26Z,6000x6000.png,6000,6000,Equalize_Histogram,2,1,dynamic,1,off,yes,unset,unset,hype2,12.2.0,-O3 -Wall -Wextra -std=c++17 -fopenmp -DOMP_EXPLICIT_SIMD=0 -fno-tree-vectorize,186.945954,5251e13888abb30f,passed
regular-simd_off-t1-dynamicx1-r2-6000x6000.png,2026-09-18T16:56:27Z,6000x6000.png,6000,6000,Zoom_In,2,1,dynamic,1,off,yes,unset,unset,hype2,12.2.0,-O3 -Wall -Wextra -std=c++17 -fopenmp -DOMP_EXPLICIT_SIMD=0 -fno-tree-vectorize,349.931958,4e063cbe88523a0e,passed
regular-simd_off-t1-dynamicx1-r2-6000x6000.png,2026-09-18T16:56:27Z,6000x6000.png,6000,6000,Zoom_Out,2,1,dynamic,1,off,no,unset,unset,hype2,12.2.0,-O3 -Wall -Wextra -std=c++17 -fopenmp -DOMP_EXPLICIT_SIMD=0 -fno-tree-vectorize,295.663610,8eace74e8cd425e6,passed
regular-simd_off-t1-dynamicx1-r2-6000x6000.png,2026-09-18T16:56:28Z,6000x6000.png,6000,6000,Rotate_CW,2,1,dynamic,1,off,no,unset,unset,hype2,12.2.0,-O3 -Wall -Wextra -std=c++17 -fopenmp -DOMP_EXPLICIT_SIMD=0 -fno-tree-vectorize,252.752754,dd5c83f3b3cee726,passed
regular-simd_off-t1-dynamicx1-r2-6000x6000.png,2026-09-18T16:56:28Z,6000x6000.png,6000,6000,Rotate_CCW,2,1,dynamic,1,off,no,unset,unset,hype2,12.2.0,-O3 -Wall -Wextra -std=c++17 -fopenmp -DOMP_EXPLICIT_SIMD=0 -fno-tree-vectorize,250.010108,51196bd3ed2b4ba4,passed
regular-simd_off-t1-dynamicx1-r2-6000x6000.png,2026-09-18T16:56:30Z,6000x6000.png,6000,6000,Gaussian_3x3,2,1,dynamic,1,off,yes,unset,unset,hype2,12.2.0,-O3 -Wall -Wextra -std=c++17 -fopenmp -DOMP_EXPLICIT_SIMD=0 -fno-tree-vectorize,1411.250809,87566478e34b4f70,passed
regular-simd_off-t1-dynamicx1-r2-6000x6000.png,2026-09-18T16:56:32Z,6000x6000.png,6000,6000,Gaussian_5x5,2,1,dynamic,1,off,yes,unset,unset,hype2,12.2.0,-O3 -Wall -Wextra -std=c++17 -fopenmp -DOMP_EXPLICIT_SIMD=0 -fno-tree-vectorize,2489.192261,4b23a258f94a27f0,passed
regular-simd_off-t1-dynamicx1-r2-6000x6000.png,2026-09-18T16:56:37Z,6000x6000.png,6000,6000,Gaussian_7x7,2,1,dynamic,1,off,yes,unset,unset,hype2,12.2.0,-O3 -Wall -Wextra -std=c++17 -fopenmp -DOMP_EXPLICIT_SIMD=0 -fno-tree-vectorize,4288.822472,3771268fea0417e2,passed
regular-simd_off-t1-dynamicx1-r2-6000x6000.png,2026-09-18T16:56:44Z,6000x6000.png,6000,6000,Gaussian_9x9,2,1,dynamic,1,off,yes,unset,unset,hype2,12.2.0,-O3 -Wall -Wextra -std=c++17 -fopenmp -DOMP_EXPLICIT_SIMD=0 -fno-tree-vectorize,6649.122266,3f6b7f707a108bd5,passed
regular-simd_off-t1-dynamicx1-r2-6000x6000.png,2026-09-18T16:56:53Z,6000x6000.png,6000,6000,Gaussian_11x11,2,1,dynamic,1,off,yes,unset,unset,hype2,12.2.0,-O3 -Wall -Wextra -std=c++17 -fopenmp -DOMP_EXPLICIT_SIMD=0 -fno-tree-vectorize,9547.902963,c923a906c8989668,passed
regular-simd_omp-t1-dynamicx1-r2-4000x3000.png,2026-09-18T16:56:54Z,4000x3000.png,4000,3000,Grayscale,2,1,dynamic,1,omp,yes,unset,unset,hype2,12.2.0,-O3 -Wall -Wextra -std=c++17 -fopenmp -DOMP_EXPLICIT_SIMD=1,48.588812,00925fa85224b60c,passed
regular-simd_omp-t1-dynamicx1-r2-4000x3000.png,2026-09-18T16:56:54Z,4000x3000.png,4000,3000,Flip_Horizontal,2,1,dynamic,1,omp,no,unset,unset,hype2,12.2.0,-O3 -Wall -Wextra -std=c++17 -fopenmp -DOMP_EXPLICIT_SIMD=1,15.892183,45d5313341f5868e,passed
regular-simd_omp-t1-dynamicx1-r2-4000x3000.png,2026-09-18T16:56:54Z,4000x3000.png,4000,3000,Adjust_Brightness,2,1,dynamic,1,omp,yes,unset,unset,hype2,12.2.0,-O3 -Wall -Wextra -std=c++17 -fopenmp -DOMP_EXPLICIT_SIMD=1,63.885815,e488c03148da4f5b,passed
regular-simd_omp-t1-dynamicx1-r2-4000x3000.png,2026-09-18T16:56:54Z,4000x3000.png,4000,3000,Flip_Vertical,2,1,dynamic,1,omp,no,unset,unset,hype2,12.2.0,-O3 -Wall -Wextra -std=c++17 -fopenmp -DOMP_EXPLICIT_SIMD=1,5.262743,754d30e4e81eccfc,passed
regular-simd_omp-t1-dynamicx1-r2-4000x3000.png,2026-09-18T16:56:55Z,4000x3000.png,4000,3000,Quantize,2,1,dynamic,1,omp,yes,unset,unset,hype2,12.2.0,-O3 -Wall -Wextra -std=c++17 -fopenmp -DOMP_EXPLICIT_SIMD=1,208.500116,f01ef010a3fd2f20,passed
regular-simd_omp-t1-dynamicx1-r2-4000x3000.png,2026-09-18T16:56:55Z,4000x3000.png,4000,3000,Adjust_Contrast,2,1,dynamic,1,omp,yes,unset,unset,hype2,12.2.0,-O3 -Wall -Wextra -std=c++17 -fopenmp -DOMP_EXPLICIT_SIMD=1,93.693335,7cc9f4cee5c661bd,passed
regular-simd_omp-t1-dynamicx1-r2-4000x3000.png,2026-09-18T16:56:55Z,4000x3000.png,4000,3000,Negative,2,1,dynamic,1,omp,yes,unset,unset,hype2,12.2.0,-O3 -Wall -Wextra -std=c++17 -fopenmp -DOMP_EXPLICIT_SIMD=1,33.911703,043d4193294f2dcc,passed
regular-simd_omp-t1-dynamicx1-r2-4000x3000.png,2026-09-18T16:56:55Z,4000x3000.png,4000,3000,Equalize_Histogram,2,1,dynamic,1,omp,yes,unset,unset,hype2,12.2.0,-O3 -Wall -Wextra -std=c++17 -fopenmp -DOMP_EXPLICIT_SIMD=1,62.581229,243220feba4dd030,passed
regular-simd_omp-t1-dynamicx1-r2-4000x3000.png,2026-09-18T16:56:55Z,4000x3000.png,4000,3000,Zoom_In,2,1,dynamic,1,omp,yes,unset,unset,hype2,12.2.0,-O3 -Wall -Wextra -std=c++17 -fopenmp -DOMP_EXPLICIT_SIMD=1,96.654354,71b80276839f9533,passed
regular-simd_omp-t1-dynamicx1-r2-4000x3000.png,2026-09-18T16:56:55Z,4000x3000.png,4000,3000,Zoom_Out,2,1,dynamic,1,omp,no,unset,unset,hype2,12.2.0,-O3 -Wall -Wextra -std=c++17 -fopenmp -DOMP_EXPLICIT_SIMD=1,98.957224,a91f518a4f2dbd10,passed
regular-simd_omp-t1-dynamicx1-r2-4000x3000.png,2026-09-18T16:56:55Z,4000x3000.png,4000,3000,Rotate_CW,2,1,dynamic,1,omp,no,unset,unset,hype2,12.2.0,-O3 -Wall -Wextra -std=c++17 -fopenmp -DOMP_EXPLICIT_SIMD=1,80.495356,e0f27e61a205ef0a,passed
regular-simd_omp-t1-dynamicx1-r2-4000x3000.png,2026-09-18T16:56:56Z,4000x3000.png,4000,3000,Rotate_CCW,2,1,dynamic,1,omp,no,unset,unset,hype2,12.2.0,-O3 -Wall -Wextra -std=c++17 -fopenmp -DOMP_EXPLICIT_SIMD=1,80.600583,b4512f3b73b7723c,passed
regular-simd_omp-t1-dynamicx1-r2-4000x3000.png,2026-09-18T16:56:56Z,4000x3000.png,4000,3000,Gaussian_3x3,2,1,dynamic,1,omp,yes,unset,unset,hype2,12.2.0,-O3 -Wall -Wextra -std=c++17 -fopenmp -DOMP_EXPLICIT_SIMD=1,455.504703,bc1a93797b2afda7,passed
regular-simd_omp-t1-dynamicx1-r2-4000x3000.png,2026-09-18T16:56:57Z,4000x3000.png,4000,3000,Gaussian_5x5,2,1,dynamic,1,omp,yes,unset,unset,hype2,12.2.0,-O3 -Wall -Wextra -std=c++17 -fopenmp -DOMP_EXPLICIT_SIMD=1,832.677741,d67ccd9b6dbb62d8,passed
regular-simd_omp-t1-dynamicx1-r2-4000x3000.png,2026-09-18T16:56:59Z,4000x3000.png,4000,3000,Gaussian_7x7,2,1,dynamic,1,omp,yes,unset,unset,hype2,12.2.0,-O3 -Wall -Wextra -std=c++17 -fopenmp -DOMP_EXPLICIT_SIMD=1,1430.294720,98f465f1820de349,passed
regular-simd_omp-t1-dynamicx1-r2-4000x3000.png,2026-09-18T16:57:01Z,4000x3000.png,4000,3000,Gaussian_9x9,2,1,dynamic,1,omp,yes,unset,unset,hype2,12.2.0,-O3 -Wall -Wextra -std=c++17 -fopenmp -DOMP_EXPLICIT_SIMD=1,2229.326405,8f9bd96ceab3a369,passed
regular-simd_omp-t1-dynamicx1-r2-4000x3000.png,2026-09-18T16:57:04Z,4000x3000.png,4000,3000,Gaussian_11x11,2,1,dynamic,1,omp,yes,unset,unset,hype2,12.2.0,-O3 -Wall -Wextra -std=c++17 -fopenmp -DOMP_EXPLICIT_SIMD=1,3187.378772,1e8adb9534bf99dc,passed
regular-simd_omp-t1-dynamicx1-r2-6000x6000.png,2026-09-18T16:57:06Z,6000x6000.png,6000,6000,Grayscale,2,1,dynamic,1,omp,yes,unset,unset,hype2,12.2.0,-O3 -Wall -Wextra -std=c++17 -fopenmp -DOMP_EXPLICIT_SIMD=1,144.056906,937793859b387046,passed
regular-simd_omp-t1-dynamicx1-r2-6000x6000.png,2026-09-18T16:57:06Z,6000x6000.png,6000,6000,Flip_Horizontal,2,1,dynamic,1,omp,no,unset,unset,hype2,12.2.0,-O3 -Wall -Wextra -std=c++17 -fopenmp -DOMP_EXPLICIT_SIMD=1,46.623122,3dfbc0e2f0b456c2,passed
regular-simd_omp-t1-dynamicx1-r2-6000x6000.png,2026-09-18T16:57:06Z,6000x6000.png,6000,6000,Adjust_Brightness,2,1,dynamic,1,omp,yes,unset,unset,hype2,12.2.0,-O3 -Wall -Wextra -std=c++17 -fopenmp -DOMP_EXPLICIT_SIMD=1,191.212927,5d4bea966648e7a7,passed
regular-simd_omp-t1-dynamicx1-r2-6000x6000.png,2026-09-18T16:57:07Z,6000x6000.png,6000,6000,Flip_Vertical,2,1,dynamic,1,omp,no,unset,unset,hype2,12.2.0,-O3 -Wall -Wextra -std=c++17 -fopenmp -DOMP_EXPLICIT_SIMD=1,16.578401,bd012cf684012198,passed
regular-simd_omp-t1-dynamicx1-r2-6000x6000.png,2026-09-18T16:57:07Z,6000x6000.png,6000,6000,Quantize,2,1,dynamic,1,omp,yes,unset,unset,hype2,12.2.0,-O3 -Wall -Wextra -std=c++17 -fopenmp -DOMP_EXPLICIT_SIMD=1,577.604365,b2e8843413e8e7a6,passed
regular-simd_omp-t1-dynamicx1-r2-6000x6000.png,2026-09-18T16:57:08Z,6000x6000.png,6000,6000,Adjust_Contrast,2,1,dynamic,1,omp,yes,unset,unset,hype2,12.2.0,-O3 -Wall -Wextra -std=c++17 -fopenmp -DOMP_EXPLICIT_SIMD=1,285.779548,c036bcbf5e6d6190,passed
regular-simd_omp-t1-dynamicx1-r2-6000x6000.png,2026-09-18T16:57:08Z,6000x6000.png,6000,6000,Negative,2,1,dynamic,1,omp,yes,unset,unset,hype2,12.2.0,-O3 -Wall -Wextra -std=c++17 -fopenmp -DOMP_EXPLICIT_SIMD=1,101.892561,0a497e94a83bbbc0,passed
regular-simd_omp-t1-dynamicx1-r2-6000x6000.png,2026-09-18T16:57:09Z,6000x6000.png,6000,6000,Equalize_Histogram,2,1,dynamic,1,omp,yes,unset,unset,hype2,12.2.0,-O3 -Wall -Wextra -std=c++17 -fopenmp -DOMP_EXPLICIT_SIMD=1,187.009490,5251e13888abb30f,passed
regular-simd_omp-t1-dynamicx1-r2-6000x6000.png,2026-09-18T16:57:09Z,6000x6000.png,6000,6000,Zoom_In,2,1,dynamic,1,omp,yes,unset,unset,hype2,12.2.0,-O3 -Wall -Wextra -std=c++17 -fopenmp -DOMP_EXPLICIT_SIMD=1,287.841917,4e063cbe88523a0e,passed
regular-simd_omp-t1-dynamicx1-r2-6000x6000.png,2026-09-18T16:57:10Z,6000x6000.png,6000,6000,Zoom_Out,2,1,dynamic,1,omp,no,unset,unset,hype2,12.2.0,-O3 -Wall -Wextra -std=c++17 -fopenmp -DOMP_EXPLICIT_SIMD=1,295.870794,8eace74e8cd425e6,passed
regular-simd_omp-t1-dynamicx1-r2-6000x6000.png,2026-09-18T16:57:10Z,6000x6000.png,6000,6000,Rotate_CW,2,1,dynamic,1,omp,no,unset,unset,hype2,12.2.0,-O3 -Wall -Wextra -std=c++17 -fopenmp -DOMP_EXPLICIT_SIMD=1,253.397819,dd5c83f3b3cee726,passed
regular-simd_omp-t1-dynamicx1-r2-6000x6000.png,2026-09-18T16:57:11Z,6000x6000.png,6000,6000,Rotate_CCW,2,1,dynamic,1,omp,no,unset,unset,hype2,12.2.0,-O3 -Wall -Wextra -std=c++17 -fopenmp -DOMP_EXPLICIT_SIMD=1,250.422635,51196bd3ed2b4ba4,passed
regular-simd_omp-t1-dynamicx1-r2-6000x6000.png,2026-09-18T16:57:12Z,6000x6000.png,6000,6000,Gaussian_3x3,2,1,dynamic,1,omp,yes,unset,unset,hype2,12.2.0,-O3 -Wall -Wextra -std=c++17 -fopenmp -DOMP_EXPLICIT_SIMD=1,1374.457046,87566478e34b4f70,passed
regular-simd_omp-t1-dynamicx1-r2-6000x6000.png,2026-09-18T16:57:15Z,6000x6000.png,6000,6000,Gaussian_5x5,2,1,dynamic,1,omp,yes,unset,unset,hype2,12.2.0,-O3 -Wall -Wextra -std=c++17 -fopenmp -DOMP_EXPLICIT_SIMD=1,2506.050356,4b23a258f94a27f0,passed
regular-simd_omp-t1-dynamicx1-r2-6000x6000.png,2026-09-18T16:57:19Z,6000x6000.png,6000,6000,Gaussian_7x7,2,1,dynamic,1,omp,yes,unset,unset,hype2,12.2.0,-O3 -Wall -Wextra -std=c++17 -fopenmp -DOMP_EXPLICIT_SIMD=1,4298.882597,3771268fea0417e2,passed
regular-simd_omp-t1-dynamicx1-r2-6000x6000.png,2026-09-18T16:57:26Z,6000x6000.png,6000,6000,Gaussian_9x9,2,1,dynamic,1,omp,yes,unset,unset,hype2,12.2.0,-O3 -Wall -Wextra -std=c++17 -fopenmp -DOMP_EXPLICIT_SIMD=1,6663.677195,3f6b7f707a108bd5,passed
regular-simd_omp-t1-dynamicx1-r2-6000x6000.png,2026-09-18T16:57:36Z,6000x6000.png,6000,6000,Gaussian_11x11,2,1,dynamic,1,omp,yes,unset,unset,hype2,12.2.0,-O3 -Wall -Wextra -std=c++17 -fopenmp -DOMP_EXPLICIT_SIMD=1,9567.008618,c923a906c8989668,passed
regular-simd_off-t1-dynamicx16-r2-4000x3000.png,2026-09-18T16:57:37Z,4000x3000.png,4000,3000,Grayscale,2,1,dynamic,16,off,yes,unset,unset,hype2,12.2.0,-O3 -Wall -Wextra -std=c++17 -fopenmp -DOMP_EXPLICIT_SIMD=0 -fno-tree-vectorize,46.432280,00925fa85224b60c,passed
regular-simd_off-t1-dynamicx16-r2-4000x3000.png,2026-09-18T16:57:37Z,4000x3000.png,4000,3000,Flip_Horizontal,2,1,dynamic,16,off,no,unset,unset,hype2,12.2.0,-O3 -Wall -Wextra -std=c++17 -fopenmp -DOMP_EXPLICIT_SIMD=0 -fno-tree-vectorize,16.121109,45d5313341f5868e,passed
regular-simd_off-t1-dynamicx16-r2-4000x3000.png,2026-09-18T16:57:37Z,4000x3000.png,4000,3000,Adjust_Brightness,2,1,dynamic,16,off,yes,unset,unset,hype2,12.2.0,-O3 -Wall -Wextra -std=c++17 -fopenmp -DOMP_EXPLICIT_SIMD=0 -fno-tree-vectorize,61.896933,e488c03148da4f5b,passed
regular-simd_off-t1-dynamicx16-r2-4000x3000.png,2026-09-18T16:57:37Z,4000x3000.png,4000,3000,Flip_Vertical,2,1,dynamic,16,off,no,unset,unset,hype2,12.2.0,-O3 -Wall -Wextra -std=c++17 -fopenmp -DOMP_EXPLICIT_SIMD=0 -fno-tree-vectorize,5.214261,754d30e4e81eccfc,passed
regular-simd_off-t1-dynamicx16-r2-4000x3000.png,2026-09-18T16:57:37Z,4000x3000.png,4000,3000,Quantize,2,1,dynamic,16,off,yes,unset,unset,hype2,12.2.0,-O3 -Wall -Wextra -std=c++17 -fopenmp -DOMP_EXPLICIT_SIMD=0 -fno-tree-vectorize,209.130167,f01ef010a3fd2f20,passed
regular-simd_off-t1-dynamicx16-r2-4000x3000.png,2026-09-18T16:57:37Z,4000x3000.png,4000,3000,Adjust_Contrast,2,1,dynamic,16,off,yes,unset,unset,hype2,12.2.0,-O3 -Wall -Wextra -std=c++17 -fopenmp -DOMP_EXPLICIT_SIMD=0 -fno-tree-vectorize,93.584176,7cc9f4cee5c661bd,passed
regular-simd_off-t1-dynamicx16-r2-4000x3000.png,2026-09-18T16:57:38Z,4000x3000.png,4000,3000,Negative,2,1,dynamic,16,off,yes,unset,unset,hype2,12.2.0,-O3 -Wall -Wextra -std=c++17 -fopenmp -DOMP_EXPLICIT_SIMD=0 -fno-tree-vectorize,34.981650,043d4193294f2dcc,passed
regular-simd_off-t1-dynamicx16-r2-4000x3000.png,2026-09-18T16:57:38Z,4000x3000.png,4000,3000,Equalize_Histogram,2,1,dynamic,16,off,yes,unset,unset,hype2,12.2.0,-O3 -Wall -Wextra -std=c++17 -fopenmp -DOMP_EXPLICIT_SIMD=0 -fno-tree-vectorize,63.434610,243220feba4dd030,passed
regular-simd_off-t1-dynamicx16-r2-4000x3000.png,2026-09-18T16:57:38Z,4000x3000.png,4000,3000,Zoom_In,2,1,dynamic,16,off,yes,unset,unset,hype2,12.2.0,-O3 -Wall -Wextra -std=c++17 -fopenmp -DOMP_EXPLICIT_SIMD=0 -fno-tree-vectorize,112.024904,71b80276839f9533,passed
regular-simd_off-t1-dynamicx16-r2-4000x3000.png,2026-09-18T16:57:38Z,4000x3000.png,4000,3000,Zoom_Out,2,1,dynamic,16,off,no,unset,unset,hype2,12.2.0,-O3 -Wall -Wextra -std=c++17 -fopenmp -DOMP_EXPLICIT_SIMD=0 -fno-tree-vectorize,99.242411,a91f518a4f2dbd10,passed
regular-simd_off-t1-dynamicx16-r2-4000x3000.png,2026-09-18T16:57:38Z,4000x3000.png,4000,3000,Rotate_CW,2,1,dynamic,16,off,no,unset,unset,hype2,12.2.0,-O3 -Wall -Wextra -std=c++17 -fopenmp -DOMP_EXPLICIT_SIMD=0 -fno-tree-vectorize,78.117541,e0f27e61a205ef0a,passed
regular-simd_off-t1-dynamicx16-r2-4000x3000.png,2026-09-18T16:57:38Z,4000x3000.png,4000,3000,Rotate_CCW,2,1,dynamic,16,off,no,unset,unset,hype2,12.2.0,-O3 -Wall -Wextra -std=c++17 -fopenmp -DOMP_EXPLICIT_SIMD=0 -fno-tree-vectorize,79.572202,b4512f3b73b7723c,passed
regular-simd_off-t1-dynamicx16-r2-4000x3000.png,2026-09-18T16:57:39Z,4000x3000.png,4000,3000,Gaussian_3x3,2,1,dynamic,16,off,yes,unset,unset,hype2,12.2.0,-O3 -Wall -Wextra -std=c++17 -fopenmp -DOMP_EXPLICIT_SIMD=0 -fno-tree-vectorize,465.250676,bc1a93797b2afda7,passed
regular-simd_off-t1-dynamicx16-r2-4000x3000.png,2026-09-18T16:57:40Z,4000x3000.png,4000,3000,Gaussian_5x5,2,1,dynamic,16,off,yes,unset,unset,hype2,12.2.0,-O3 -Wall -Wextra -std=c++17 -fopenmp -DOMP_EXPLICIT_SIMD=0 -fno-tree-vectorize,835.594435,d67ccd9b6dbb62d8,passed
regular-simd_off-t1-dynamicx16-r2-4000x3000.png,2026-09-18T16:57:41Z,4000x3000.png,4000,3000,Gaussian_7x7,2,1,dynamic,16,off,yes,unset,unset,hype2,12.2.0,-O3 -Wall -Wextra -std=c++17 -fopenmp -DOMP_EXPLICIT_SIMD=0 -fno-tree-vectorize,1423.970598,98f465f1820de349,passed
regular-simd_off-t1-dynamicx16-r2-4000x3000.png,2026-09-18T16:57:44Z,4000x3000.png,4000,3000,Gaussian_9x9,2,1,dynamic,16,off,yes,unset,unset,hype2,12.2.0,-O3 -Wall -Wextra -std=c++17 -fopenmp -DOMP_EXPLICIT_SIMD=0 -fno-tree-vectorize,2208.371571,8f9bd96ceab3a369,passed
regular-simd_off-t1-dynamicx16-r2-4000x3000.png,2026-09-18T16:57:47Z,4000x3000.png,4000,3000,Gaussian_11x11,2,1,dynamic,16,off,yes,unset,unset,hype2,12.2.0,-O3 -Wall -Wextra -std=c++17 -fopenmp -DOMP_EXPLICIT_SIMD=0 -fno-tree-vectorize,3179.192852,1e8adb9534bf99dc,passed
regular-simd_off-t1-dynamicx16-r2-6000x6000.png,2026-09-18T16:57:49Z,6000x6000.png,6000,6000,Grayscale,2,1,dynamic,16,off,yes,unset,unset,hype2,12.2.0,-O3 -Wall -Wextra -std=c++17 -fopenmp -DOMP_EXPLICIT_SIMD=0 -fno-tree-vectorize,138.549679,937793859b387046,passed
regular-simd_off-t1-dynamicx16-r2-6000x6000.png,2026-09-18T16:57:49Z,6000x6000.png,6000,6000,Flip_Horizontal,2,1,dynamic,16,off,no,unset,unset,hype2,12.2.0,-O3 -Wall -Wextra -std=c++17 -fopenmp -DOMP_EXPLICIT_SIMD=0 -fno-tree-vectorize,46.063620,3dfbc0e2f0b456c2,passed
regular-simd_off-t1-dynamicx16-r2-6000x6000.png,2026-09-18T16:57:49Z,6000x6000.png,6000,6000,Adjust_Brightness,2,1,dynamic,16,off,yes,unset,unset,hype2,12.2.0,-O3 -Wall -Wextra -std=c++17 -fopenmp -DOMP_EXPLICIT_SIMD=0 -fno-tree-vectorize,196.226071,5d4bea966648e7a7,passed
regular-simd_off-t1-dynamicx16-r2-6000x6000.png,2026-09-18T16:57:49Z,6000x6000.png,6000,6000,Flip_Vertical,2,1,dynamic,16,off,no,unset,unset,hype2,12.2.0,-O3 -Wall -Wextra -std=c++17 -fopenmp -DOMP_EXPLICIT_SIMD=0 -fno-tree-vectorize,16.390373,bd012cf684012198,passed
regular-simd_off-t1-dynamicx16-r2-6000x6000.png,2026-09-18T16:57:50Z,6000x6000.png,6000,6000,Quantize,2,1,dynamic,16,off,yes,unset,unset,hype2,12.2.0,-O3 -Wall -Wextra -std=c++17 -fopenmp -DOMP_EXPLICIT_SIMD=0 -fno-tree-vectorize,566.169975,b2e8843413e8e7a6,passed
regular-simd_off-t1-dynamicx16-r2-6000x6000.png,2026-09-18T16:57:51Z,6000x6000.png,6000,6000,Adjust_Contrast,2,1,dynamic,16,off,yes,unset,unset,hype2,12.2.0,-O3 -Wall -Wextra -std=c++17 -fopenmp -DOMP_EXPLICIT_SIMD=0 -fno-tree-vectorize,278.544861,c036bcbf5e6d6190,passed
regular-simd_off-t1-dynamicx16-r2-6000x6000.png,2026-09-18T16:57:51Z,6000x6000.png,6000,6000,Negative,2,1,dynamic,16,off,yes,unset,unset,hype2,12.2.0,-O3 -Wall -Wextra -std=c++17 -fopenmp -DOMP_EXPLICIT_SIMD=0 -fno-tree-vectorize,105.015607,0a497e94a83bbbc0,passed
regular-simd_off-t1-dynamicx16-r2-6000x6000.png,2026-09-18T16:57:51Z,6000x6000.png,6000,6000,Equalize_Histogram,2,1,dynamic,16,off,yes,unset,unset,hype2,12.2.0,-O3 -Wall -Wextra -std=c++17 -fopenmp -DOMP_EXPLICIT_SIMD=0 -fno-tree-vectorize,186.301392,5251e13888abb30f,passed
regular-simd_off-t1-dynamicx16-r2-6000x6000.png,2026-09-18T16:57:52Z,6000x6000.png,6000,6000,Zoom_In,2,1,dynamic,16,off,yes,unset,unset,hype2,12.2.0,-O3 -Wall -Wextra -std=c++17 -fopenmp -DOMP_EXPLICIT_SIMD=0 -fno-tree-vectorize,349.149603,4e063cbe88523a0e,passed
regular-simd_off-t1-dynamicx16-r2-6000x6000.png,2026-09-18T16:57:53Z,6000x6000.png,6000,6000,Zoom_Out,2,1,dynamic,16,off,no,unset,unset,hype2,12.2.0,-O3 -Wall -Wextra -std=c++17 -fopenmp -DOMP_EXPLICIT_SIMD=0 -fno-tree-vectorize,295.166032,8eace74e8cd425e6,passed
regular-simd_off-t1-dynamicx16-r2-6000x6000.png,2026-09-18T16:57:53Z,6000x6000.png,6000,6000,Rotate_CW,2,1,dynamic,16,off,no,unset,unset,hype2,12.2.0,-O3 -Wall -Wextra -std=c++17 -fopenmp -DOMP_EXPLICIT_SIMD=0 -fno-tree-vectorize,250.886060,dd5c83f3b3cee726,passed
regular-simd_off-t1-dynamicx16-r2-6000x6000.png,2026-09-18T16:57:53Z,6000x6000.png,6000,6000,Rotate_CCW,2,1,dynamic,16,off,no,unset,unset,hype2,12.2.0,-O3 -Wall -Wextra -std=c++17 -fopenmp -DOMP_EXPLICIT_SIMD=0 -fno-tree-vectorize,248.271210,51196bd3ed2b4ba4,passed
regular-simd_off-t1-dynamicx16-r2-6000x6000.png,2026-09-18T16:57:55Z,6000x6000.png,6000,6000,Gaussian_3x3,2,1,dynamic,16,off,yes,unset,unset,hype2,12.2.0,-O3 -Wall -Wextra -std=c++17 -fopenmp -DOMP_EXPLICIT_SIMD=0 -fno-tree-vectorize,1416.033533,87566478e34b4f70,passed
regular-simd_off-t1-dynamicx16-r2-6000x6000.png,2026-09-18T16:57:58Z,6000x6000.png,6000,6000,Gaussian_5x5,2,1,dynamic,16,off,yes,unset,unset,hype2,12.2.0,-O3 -Wall -Wextra -std=c++17 -fopenmp -DOMP_EXPLICIT_SIMD=0 -fno-tree-vectorize,2488.840317,4b23a258f94a27f0,passed
regular-simd_off-t1-dynamicx16-r2-6000x6000.png,2026-09-18T16:58:02Z,6000x6000.png,6000,6000,Gaussian_7x7,2,1,dynamic,16,off,yes,unset,unset,hype2,12.2.0,-O3 -Wall -Wextra -std=c++17 -fopenmp -DOMP_EXPLICIT_SIMD=0 -fno-tree-vectorize,4285.231570,3771268fea0417e2,passed
regular-simd_off-t1-dynamicx16-r2-6000x6000.png,2026-09-18T16:58:09Z,6000x6000.png,6000,6000,Gaussian_9x9,2,1,dynamic,16,off,yes,unset,unset,hype2,12.2.0,-O3 -Wall -Wextra -std=c++17 -fopenmp -DOMP_EXPLICIT_SIMD=0 -fno-tree-vectorize,6666.808529,3f6b7f707a108bd5,passed
regular-simd_off-t1-dynamicx16-r2-6000x6000.png,2026-09-18T16:58:19Z,6000x6000.png,6000,6000,Gaussian_11x11,2,1,dynamic,16,off,yes,unset,unset,hype2,12.2.0,-O3 -Wall -Wextra -std=c++17 -fopenmp -DOMP_EXPLICIT_SIMD=0 -fno-tree-vectorize,9543.157918,c923a906c8989668,passed
regular-simd_omp-t1-dynamicx16-r2-4000x3000.png,2026-09-18T16:58:19Z,4000x3000.png,4000,3000,Grayscale,2,1,dynamic,16,omp,yes,unset,unset,hype2,12.2.0,-O3 -Wall -Wextra -std=c++17 -fopenmp -DOMP_EXPLICIT_SIMD=1,48.225455,00925fa85224b60c,passed
regular-simd_omp-t1-dynamicx16-r2-4000x3000.png,2026-09-18T16:58:20Z,4000x3000.png,4000,3000,Flip_Horizontal,2,1,dynamic,16,omp,no,unset,unset,hype2,12.2.0,-O3 -Wall -Wextra -std=c++17 -fopenmp -DOMP_EXPLICIT_SIMD=1,16.029175,45d5313341f5868e,passed
regular-simd_omp-t1-dynamicx16-r2-4000x3000.png,2026-09-18T16:58:20Z,4000x3000.png,4000,3000,Adjust_Brightness,2,1,dynamic,16,omp,yes,unset,unset,hype2,12.2.0,-O3 -Wall -Wextra -std=c++17 -fopenmp -DOMP_EXPLICIT_SIMD=1,63.487471,e488c03148da4f5b,passed
regular-simd_omp-t1-dynamicx16-r2-4000x3000.png,2026-09-18T16:58:20Z,4000x3000.png,4000,3000,Flip_Vertical,2,1,dynamic,16,omp,no,unset,unset,hype2,12.2.0,-O3 -Wall -Wextra -std=c++17 -fopenmp -DOMP_EXPLICIT_SIMD=1,5.230661,754d30e4e81eccfc,passed
regular-simd_omp-t1-dynamicx16-r2-4000x3000.png,2026-09-18T16:58:20Z,4000x3000.png,4000,3000,Quantize,2,1,dynamic,16,omp,yes,unset,unset,hype2,12.2.0,-O3 -Wall -Wextra -std=c++17 -fopenmp -DOMP_EXPLICIT_SIMD=1,206.112131,f01ef010a3fd2f20,passed
regular-simd_omp-t1-dynamicx16-r2-4000x3000.png,2026-09-18T16:58:20Z,4000x3000.png,4000,3000,Adjust_Contrast,2,1,dynamic,16,omp,yes,unset,unset,hype2,12.2.0,-O3 -Wall -Wextra -std=c++17 -fopenmp -DOMP_EXPLICIT_SIMD=1,93.621909,7cc9f4cee5c661bd,passed
regular-simd_omp-t1-dynamicx16-r2-4000x3000.png,2026-09-18T16:58:20Z,4000x3000.png,4000,3000,Negative,2,1,dynamic,16,omp,yes,unset,unset,hype2,12.2.0,-O3 -Wall -Wextra -std=c++17 -fopenmp -DOMP_EXPLICIT_SIMD=1,33.886581,043d4193294f2dcc,passed
regular-simd_omp-t1-dynamicx16-r2-4000x3000.png,2026-09-18T16:58:20Z,4000x3000.png,4000,3000,Equalize_Histogram,2,1,dynamic,16,omp,yes,unset,unset,hype2,12.2.0,-O3 -Wall -Wextra -std=c++17 -fopenmp -DOMP_EXPLICIT_SIMD=1,62.477967,243220feba4dd030,passed
regular-simd_omp-t1-dynamicx16-r2-4000x3000.png,2026-09-18T16:58:21Z,4000x3000.png,4000,3000,Zoom_In,2,1,dynamic,16,omp,yes,unset,unset,hype2,12.2.0,-O3 -Wall -Wextra -std=c++17 -fopenmp -DOMP_EXPLICIT_SIMD=1,95.830145,71b80276839f9533,passed
regular-simd_omp-t1-dynamicx16-r2-4000x3000.png,2026-09-18T16:58:21Z,4000x3000.png,4000,3000,Zoom_Out,2,1,dynamic,16,omp,no,unset,unset,hype2,12.2.0,-O3 -Wall -Wextra -std=c++17 -fopenmp -DOMP_EXPLICIT_SIMD=1,99.259015,a91f518a4f2dbd10,passed
regular-simd_omp-t1-dynamicx16-r2-4000x3000.png,2026-09-18T16:58:21Z,4000x3000.png,4000,3000,Rotate_CW,2,1,dynamic,16,omp,no,unset,unset,hype2,12.2.0,-O3 -Wall -Wextra -std=c++17 -fopenmp -DOMP_EXPLICIT_SIMD=1,81.495447,e0f27e61a205ef0a,passed
regular-simd_omp-t1-dynamicx16-r2-4000x3000.png,2026-09-18T16:58:21Z,4000x3000.png,4000,3000,Rotate_CCW,2,1,dynamic,16,omp,no,unset,unset,hype2,12.2.0,-O3 -Wall -Wextra -std=c++17 -fopenmp -DOMP_EXPLICIT_SIMD=1,81.230355,b4512f3b73b7723c,passed
regular-simd_omp-t1-dynamicx16-r2-4000x3000.png,2026-09-18T16:58:22Z,4000x3000.png,4000,3000,Gaussian_3x3,2,1,dynamic,16,omp,yes,unset,unset,hype2,12.2.0,-O3 -Wall -Wextra -std=c++17 -fopenmp -DOMP_EXPLICIT_SIMD=1,455.535652,bc1a93797b2afda7,passed
regular-simd_omp-t1-dynamicx16-r2-4000x3000.png,2026-09-18T16:58:22Z,4000x3000.png,4000,3000,Gaussian_5x5,2,1,dynamic,16,omp,yes,unset,unset,hype2,12.2.0,-O3 -Wall -Wextra -std=c++17 -fopenmp -DOMP_EXPLICIT_SIMD=1,832.602455,d67ccd9b6dbb62d8,passed
regular-simd_omp-t1-dynamicx16-r2-4000x3000.png,2026-09-18T16:58:24Z,4000x3000.png,4000,3000,Gaussian_7x7,2,1,dynamic,16,omp,yes,unset,unset,hype2,12.2.0,-O3 -Wall -Wextra -std=c++17 -fopenmp -DOMP_EXPLICIT_SIMD=1,1442.347549,98f465f1820de349,passed
regular-simd_omp-t1-dynamicx16-r2-4000x3000.png,2026-09-18T16:58:26Z,4000x3000.png,4000,3000,Gaussian_9x9,2,1,dynamic,16,omp,yes,unset,unset,hype2,12.2.0,-O3 -Wall -Wextra -std=c++17 -fopenmp -DOMP_EXPLICIT_SIMD=1,2219.617357,8f9bd96ceab3a369,passed
regular-simd_omp-t1-dynamicx16-r2-4000x3000.png,2026-09-18T16:58:30Z,4000x3000.png,4000,3000,Gaussian_11x11,2,1,dynamic,16,omp,yes,unset,unset,hype2,12.2.0,-O3 -Wall -Wextra -std=c++17 -fopenmp -DOMP_EXPLICIT_SIMD=1,3213.844783,1e8adb9534bf99dc,passed
regular-simd_omp-t1-dynamicx16-r2-6000x6000.png,2026-09-18T16:58:31Z,6000x6000.png,6000,6000,Grayscale,2,1,dynamic,16,omp,yes,unset,unset,hype2,12.2.0,-O3 -Wall -Wextra -std=c++17 -fopenmp -DOMP_EXPLICIT_SIMD=1,144.270501,937793859b387046,passed
regular-simd_omp-t1-dynamicx16-r2-6000x6000.png,2026-09-18T16:58:32Z,6000x6000.png,6000,6000,Flip_Horizontal,2,1,dynamic,16,omp,no,unset,unset,hype2,12.2.0,-O3 -Wall -Wextra -std=c++17 -fopenmp -DOMP_EXPLICIT_SIMD=1,46.558099,3dfbc0e2f0b456c2,passed
regular-simd_omp-t1-dynamicx16-r2-6000x6000.png,2026-09-18T16:58:32Z,6000x6000.png,6000,6000,Adjust_Brightness,2,1,dynamic,16,omp,yes,unset,unset,hype2,12.2.0,-O3 -Wall -Wextra -std=c++17 -fopenmp -DOMP_EXPLICIT_SIMD=1,191.110859,5d4bea966648e7a7,passed
regular-simd_omp-t1-dynamicx16-r2-6000x6000.png,2026-09-18T16:58:32Z,6000x6000.png,6000,6000,Flip_Vertical,2,1,dynamic,16,omp,no,unset,unset,hype2,12.2.0,-O3 -Wall -Wextra -std=c++17 -fopenmp -DOMP_EXPLICIT_SIMD=1,16.428465,bd012cf684012198,passed
regular-simd_omp-t1-dynamicx16-r2-6000x6000.png,2026-09-18T16:58:33Z,6000x6000.png,6000,6000,Quantize,2,1,dynamic,16,omp,yes,unset,unset,hype2,12.2.0,-O3 -Wall -Wextra -std=c++17 -fopenmp -DOMP_EXPLICIT_SIMD=1,566.027232,b2e8843413e8e7a6,passed
regular-simd_omp-t1-dynamicx16-r2-6000x6000.png,2026-09-18T16:58:33Z,6000x6000.png,6000,6000,Adjust_Contrast,2,1,dynamic,16,omp,yes,unset,unset,hype2,12.2.0,-O3 -Wall -Wextra -std=c++17 -fopenmp -DOMP_EXPLICIT_SIMD=1,280.621149,c036bcbf5e6d6190,passed
regular-simd_omp-t1-dynamicx16-r2-6000x6000.png,2026-09-18T16:58:34Z,6000x6000.png,6000,6000,Negative,2,1,dynamic,16,omp,yes,unset,unset,hype2,12.2.0,-O3 -Wall -Wextra -std=c++17 -fopenmp -DOMP_EXPLICIT_SIMD=1,101.672158,0a497e94a83bbbc0,passed
regular-simd_omp-t1-dynamicx16-r2-6000x6000.png,2026-09-18T16:58:34Z,6000x6000.png,6000,6000,Equalize_Histogram,2,1,dynamic,16,omp,yes,unset,unset,hype2,12.2.0,-O3 -Wall -Wextra -std=c++17 -fopenmp -DOMP_EXPLICIT_SIMD=1,188.059761,5251e13888abb30f,passed
regular-simd_omp-t1-dynamicx16-r2-6000x6000.png,2026-09-18T16:58:35Z,6000x6000.png,6000,6000,Zoom_In,2,1,dynamic,16,omp,yes,unset,unset,hype2,12.2.0,-O3 -Wall -Wextra -std=c++17 -fopenmp -DOMP_EXPLICIT_SIMD=1,286.018427,4e063cbe88523a0e,passed
regular-simd_omp-t1-dynamicx16-r2-6000x6000.png,2026-09-18T16:58:35Z,6000x6000.png,6000,6000,Zoom_Out,2,1,dynamic,16,omp,no,unset,unset,hype2,12.2.0,-O3 -Wall -Wextra -std=c++17 -fopenmp -DOMP_EXPLICIT_SIMD=1,295.531320,8eace74e8cd425e6,passed
regular-simd_omp-t1-dynamicx16-r2-6000x6000.png,2026-09-18T16:58:36Z,6000x6000.png,6000,6000,Rotate_CW,2,1,dynamic,16,omp,no,unset,unset,hype2,12.2.0,-O3 -Wall -Wextra -std=c++17 -fopenmp -DOMP_EXPLICIT_SIMD=1,253.084790,dd5c83f3b3cee726,passed
regular-simd_omp-t1-dynamicx16-r2-6000x6000.png,2026-09-18T16:58:36Z,6000x6000.png,6000,6000,Rotate_CCW,2,1,dynamic,16,omp,no,unset,unset,hype2,12.2.0,-O3 -Wall -Wextra -std=c++17 -fopenmp -DOMP_EXPLICIT_SIMD=1,250.441780,51196bd3ed2b4ba4,passed
regular-simd_omp-t1-dynamicx16-r2-6000x6000.png,2026-09-18T16:58:38Z,6000x6000.png,6000,6000,Gaussian_3x3,2,1,dynamic,16,omp,yes,unset,unset,hype2,12.2.0,-O3 -Wall -Wextra -std=c++17 -fopenmp -DOMP_EXPLICIT_SIMD=1,1374.674478,87566478e34b4f70,passed
regular-simd_omp-t1-dynamicx16-r2-6000x6000.png,2026-09-18T16:58:40Z,6000x6000.png,6000,6000,Gaussian_5x5,2,1,dynamic,16,omp,yes,unset,unset,hype2,12.2.0,-O3 -Wall -Wextra -std=c++17 -fopenmp -DOMP_EXPLICIT_SIMD=1,2519.864209,4b23a258f94a27f0,passed
regular-simd_omp-t1-dynamicx16-r2-6000x6000.png,2026-09-18T16:58:45Z,6000x6000.png,6000,6000,Gaussian_7x7,2,1,dynamic,16,omp,yes,unset,unset,hype2,12.2.0,-O3 -Wall -Wextra -std=c++17 -fopenmp -DOMP_EXPLICIT_SIMD=1,4302.771737,3771268fea0417e2,passed
regular-simd_omp-t1-dynamicx16-r2-6000x6000.png,2026-09-18T16:58:52Z,6000x6000.png,6000,6000,Gaussian_9x9,2,1,dynamic,16,omp,yes,unset,unset,hype2,12.2.0,-O3 -Wall -Wextra -std=c++17 -fopenmp -DOMP_EXPLICIT_SIMD=1,6672.350055,3f6b7f707a108bd5,passed
regular-simd_omp-t1-dynamicx16-r2-6000x6000.png,2026-09-18T16:59:02Z,6000x6000.png,6000,6000,Gaussian_11x11,2,1,dynamic,16,omp,yes,unset,unset,hype2,12.2.0,-O3 -Wall -Wextra -std=c++17 -fopenmp -DOMP_EXPLICIT_SIMD=1,9568.938075,c923a906c8989668,passed
regular-simd_off-t1-static-r2-4000x3000.png,2026-09-18T16:59:02Z,4000x3000.png,4000,3000,Grayscale,2,1,static,,off,yes,unset,unset,hype2,12.2.0,-O3 -Wall -Wextra -std=c++17 -fopenmp -DOMP_EXPLICIT_SIMD=0 -fno-tree-vectorize,46.434266,00925fa85224b60c,passed
regular-simd_off-t1-static-r2-4000x3000.png,2026-09-18T16:59:02Z,4000x3000.png,4000,3000,Flip_Horizontal,2,1,static,,off,no,unset,unset,hype2,12.2.0,-O3 -Wall -Wextra -std=c++17 -fopenmp -DOMP_EXPLICIT_SIMD=0 -fno-tree-vectorize,15.805392,45d5313341f5868e,passed
regular-simd_off-t1-static-r2-4000x3000.png,2026-09-18T16:59:02Z,4000x3000.png,4000,3000,Adjust_Brightness,2,1,static,,off,yes,unset,unset,hype2,12.2.0,-O3 -Wall -Wextra -std=c++17 -fopenmp -DOMP_EXPLICIT_SIMD=0 -fno-tree-vectorize,61.897937,e488c03148da4f5b,passed
regular-simd_off-t1-static-r2-4000x3000.png,2026-09-18T16:59:02Z,4000x3000.png,4000,3000,Flip_Vertical,2,1,static,,off,no,unset,unset,hype2,12.2.0,-O3 -Wall -Wextra -std=c++17 -fopenmp -DOMP_EXPLICIT_SIMD=0 -fno-tree-vectorize,5.234377,754d30e4e81eccfc,passed
regular-simd_off-t1-static-r2-4000x3000.png,2026-09-18T16:59:03Z,4000x3000.png,4000,3000,Quantize,2,1,static,,off,yes,unset,unset,hype2,12.2.0,-O3 -Wall -Wextra -std=c++17 -fopenmp -DOMP_EXPLICIT_SIMD=0 -fno-tree-vectorize,205.982270,f01ef010a3fd2f20,passed
regular-simd_off-t1-static-r2-4000x3000.png,2026-09-18T16:59:03Z,4000x3000.png,4000,3000,Adjust_Contrast,2,1,static,,off,yes,unset,unset,hype2,12.2.0,-O3 -Wall -Wextra -std=c++17 -fopenmp -DOMP_EXPLICIT_SIMD=0 -fno-tree-vectorize,93.346164,7cc9f4cee5c661bd,passed
regular-simd_off-t1-static-r2-4000x3000.png,2026-09-18T16:59:03Z,4000x3000.png,4000,3000,Negative,2,1,static,,off,yes,unset,unset,hype2,12.2.0,-O3 -Wall -Wextra -std=c++17 -fopenmp -DOMP_EXPLICIT_SIMD=0 -fno-tree-vectorize,34.905978,043d4193294f2dcc,passed
regular-simd_off-t1-static-r2-4000x3000.png,2026-09-18T16:59:03Z,4000x3000.png,4000,3000,Equalize_Histogram,2,1,static,,off,yes,unset,unset,hype2,12.2.0,-O3 -Wall -Wextra -std=c++17 -fopenmp -DOMP_EXPLICIT_SIMD=0 -fno-tree-vectorize,62.958691,243220feba4dd030,passed
regular-simd_off-t1-static-r2-4000x3000.png,2026-09-18T16:59:03Z,4000x3000.png,4000,3000,Zoom_In,2,1,static,,off,yes,unset,unset,hype2,12.2.0,-O3 -Wall -Wextra -std=c++17 -fopenmp -DOMP_EXPLICIT_SIMD=0 -fno-tree-vectorize,117.192766,71b80276839f9533,passed
regular-simd_off-t1-static-r2-4000x3000.png,2026-09-18T16:59:04Z,4000x3000.png,4000,3000,Zoom_Out,2,1,static,,off,no,unset,unset,hype2,12.2.0,-O3 -Wall -Wextra -std=c++17 -fopenmp -DOMP_EXPLICIT_SIMD=0 -fno-tree-vectorize,98.676963,a91f518a4f2dbd10,passed
regular-simd_off-t1-static-r2-4000x3000.png,2026-09-18T16:59:04Z,4000x3000.png,4000,3000,Rotate_CW,2,1,static,,off,no,unset,unset,hype2,12.2.0,-O3 -Wall -Wextra -std=c++17 -fopenmp -DOMP_EXPLICIT_SIMD=0 -fno-tree-vectorize,79.680549,e0f27e61a205ef0a,passed
regular-simd_off-t1-static-r2-4000x3000.png,2026-09-18T16:59:04Z,4000x3000.png,4000,3000,Rotate_CCW,2,1,static,,off,no,unset,unset,hype2,12.2.0,-O3 -Wall -Wextra -std=c++17 -fopenmp -DOMP_EXPLICIT_SIMD=0 -fno-tree-vectorize,79.320366,b4512f3b73b7723c,passed
regular-simd_off-t1-static-r2-4000x3000.png,2026-09-18T16:59:04Z,4000x3000.png,4000,3000,Gaussian_3x3,2,1,static,,off,yes,unset,unset,hype2,12.2.0,-O3 -Wall -Wextra -std=c++17 -fopenmp -DOMP_EXPLICIT_SIMD=0 -fno-tree-vectorize,471.638960,bc1a93797b2afda7,passed
regular-simd_off-t1-static-r2-4000x3000.png,2026-09-18T16:59:05Z,4000x3000.png,4000,3000,Gaussian_5x5,2,1,static,,off,yes,unset,unset,hype2,12.2.0,-O3 -Wall -Wextra -std=c++17 -fopenmp -DOMP_EXPLICIT_SIMD=0 -fno-tree-vectorize,830.872845,d67ccd9b6dbb62d8,passed
regular-simd_off-t1-static-r2-4000x3000.png,2026-09-18T16:59:07Z,4000x3000.png,4000,3000,Gaussian_7x7,2,1,static,,off,yes,unset,unset,hype2,12.2.0,-O3 -Wall -Wextra -std=c++17 -fopenmp -DOMP_EXPLICIT_SIMD=0 -fno-tree-vectorize,1423.702298,98f465f1820de349,passed
regular-simd_off-t1-static-r2-4000x3000.png,2026-09-18T16:59:09Z,4000x3000.png,4000,3000,Gaussian_9x9,2,1,static,,off,yes,unset,unset,hype2,12.2.0,-O3 -Wall -Wextra -std=c++17 -fopenmp -DOMP_EXPLICIT_SIMD=0 -fno-tree-vectorize,2234.832797,8f9bd96ceab3a369,passed
regular-simd_off-t1-static-r2-4000x3000.png,2026-09-18T16:59:12Z,4000x3000.png,4000,3000,Gaussian_11x11,2,1,static,,off,yes,unset,unset,hype2,12.2.0,-O3 -Wall -Wextra -std=c++17 -fopenmp -DOMP_EXPLICIT_SIMD=0 -fno-tree-vectorize,3173.195834,1e8adb9534bf99dc,passed
regular-simd_off-t1-static-r2-6000x6000.png,2026-09-18T16:59:14Z,6000x6000.png,6000,6000,Grayscale,2,1,static,,off,yes,unset,unset,hype2,12.2.0,-O3 -Wall -Wextra -std=c++17 -fopenmp -DOMP_EXPLICIT_SIMD=0 -fno-tree-vectorize,145.759556,937793859b387046,passed
regular-simd_off-t1-static-r2-6000x6000.png,2026-09-18T16:59:14Z,6000x6000.png,6000,6000,Flip_Horizontal,2,1,static,,off,no,unset,unset,hype2,12.2.0,-O3 -Wall -Wextra -std=c++17 -fopenmp -DOMP_EXPLICIT_SIMD=0 -fno-tree-vectorize,46.405841,3dfbc0e2f0b456c2,passed
regular-simd_off-t1-static-r2-6000x6000.png,2026-09-18T16:59:15Z,6000x6000.png,6000,6000,Adjust_Brightness,2,1,static,,off,yes,unset,unset,hype2,12.2.0,-O3 -Wall -Wextra -std=c++17 -fopenmp -DOMP_EXPLICIT_SIMD=0 -fno-tree-vectorize,189.718952,5d4bea966648e7a7,passed
regular-simd_off-t1-static-r2-6000x6000.png,2026-09-18T16:59:15Z,6000x6000.png,6000,6000,Flip_Vertical,2,1,static,,off,no,unset,unset,hype2,12.2.0,-O3 -Wall -Wextra -std=c++17 -fopenmp -DOMP_EXPLICIT_SIMD=0 -fno-tree-vectorize,16.349608,bd012cf684012198,passed
regular-simd_off-t1-static-r2-6000x6000.png,2026-09-18T16:59:16Z,6000x6000.png,6000,6000,Quantize,2,1,static,,off,yes,unset,unset,hype2,12.2.0,-O3 -Wall -Wextra -std=c++17 -fopenmp -DOMP_EXPLICIT_SIMD=0 -fno-tree-vectorize,563.509811,b2e8843413e8e7a6,passed
regular-simd_off-t1-static-r2-6000x6000.png,2026-09-18T16:59:16Z,6000x6000.png,6000,6000,Adjust_Contrast,2,1,static,,off,yes,unset,unset,hype2,12.2.0,-O3 -Wall -Wextra -std=c++17 -fopenmp -DOMP_EXPLICIT_SIMD=0 -fno-tree-vectorize,278.576861,c036bcbf5e6d6190,passed
regular-simd_off-t1-static-r2-6000x6000.png,2026-09-18T16:59:16Z,6000x6000.png,6000,6000,Negative,2,1,static,,off,yes,unset,unset,hype2,12.2.0,-O3 -Wall -Wextra -std=c++17 -fopenmp -DOMP_EXPLICIT_SIMD=0 -fno-tree-vectorize,105.000091,0a497e94a83bbbc0,passed
regular-simd_off-t1-static-r2-6000x6000.png,2026-09-18T16:59:17Z,6000x6000.png,6000,6000,Equalize_Histogram,2,1,static,,off,yes,unset,unset,hype2,12.2.0,-O3 -Wall -Wextra -std=c++17 -fopenmp -DOMP_EXPLICIT_SIMD=0 -fno-tree-vectorize,189.759152,5251e13888abb30f,passed
regular-simd_off-t1-static-r2-6000x6000.png,2026-09-18T16:59:18Z,6000x6000.png,6000,6000,Zoom_In,2,1,static,,off,yes,unset,unset,hype2,12.2.0,-O3 -Wall -Wextra -std=c++17 -fopenmp -DOMP_EXPLICIT_SIMD=0 -fno-tree-vectorize,349.508013,4e063cbe88523a0e,passed
regular-simd_off-t1-static-r2-6000x6000.png,2026-09-18T16:59:18Z,6000x6000.png,6000,6000,Zoom_Out,2,1,static,,off,no,unset,unset,hype2,12.2.0,-O3 -Wall -Wextra -std=c++17 -fopenmp -DOMP_EXPLICIT_SIMD=0 -fno-tree-vectorize,295.242234,8eace74e8cd425e6,passed
regular-simd_off-t1-static-r2-6000x6000.png,2026-09-18T16:59:19Z,6000x6000.png,6000,6000,Rotate_CW,2,1,static,,off,no,unset,unset,hype2,12.2.0,-O3 -Wall -Wextra -std=c++17 -fopenmp -DOMP_EXPLICIT_SIMD=0 -fno-tree-vectorize,252.552495,dd5c83f3b3cee726,passed
regular-simd_off-t1-static-r2-6000x6000.png,2026-09-18T16:59:19Z,6000x6000.png,6000,6000,Rotate_CCW,2,1,static,,off,no,unset,unset,hype2,12.2.0,-O3 -Wall -Wextra -std=c++17 -fopenmp -DOMP_EXPLICIT_SIMD=0 -fno-tree-vectorize,251.553228,51196bd3ed2b4ba4,passed
regular-simd_off-t1-static-r2-6000x6000.png,2026-09-18T16:59:21Z,6000x6000.png,6000,6000,Gaussian_3x3,2,1,static,,off,yes,unset,unset,hype2,12.2.0,-O3 -Wall -Wextra -std=c++17 -fopenmp -DOMP_EXPLICIT_SIMD=0 -fno-tree-vectorize,1405.296802,87566478e34b4f70,passed
regular-simd_off-t1-static-r2-6000x6000.png,2026-09-18T16:59:23Z,6000x6000.png,6000,6000,Gaussian_5x5,2,1,static,,off,yes,unset,unset,hype2,12.2.0,-O3 -Wall -Wextra -std=c++17 -fopenmp -DOMP_EXPLICIT_SIMD=0 -fno-tree-vectorize,2489.870271,4b23a258f94a27f0,passed
regular-simd_off-t1-static-r2-6000x6000.png,2026-09-18T16:59:28Z,6000x6000.png,6000,6000,Gaussian_7x7,2,1,static,,off,yes,unset,unset,hype2,12.2.0,-O3 -Wall -Wextra -std=c++17 -fopenmp -DOMP_EXPLICIT_SIMD=0 -fno-tree-vectorize,4278.928282,3771268fea0417e2,passed
regular-simd_off-t1-static-r2-6000x6000.png,2026-09-18T16:59:35Z,6000x6000.png,6000,6000,Gaussian_9x9,2,1,static,,off,yes,unset,unset,hype2,12.2.0,-O3 -Wall -Wextra -std=c++17 -fopenmp -DOMP_EXPLICIT_SIMD=0 -fno-tree-vectorize,6632.953889,3f6b7f707a108bd5,passed
regular-simd_off-t1-static-r2-6000x6000.png,2026-09-18T16:59:44Z,6000x6000.png,6000,6000,Gaussian_11x11,2,1,static,,off,yes,unset,unset,hype2,12.2.0,-O3 -Wall -Wextra -std=c++17 -fopenmp -DOMP_EXPLICIT_SIMD=0 -fno-tree-vectorize,9562.575321,c923a906c8989668,passed
regular-simd_off-t2-static-r1-4000x3000.png,2026-09-18T17:02:15Z,4000x3000.png,4000,3000,Grayscale,1,2,static,,off,yes,unset,unset,hype2,12.2.0,-O3 -Wall -Wextra -std=c++17 -fopenmp -DOMP_EXPLICIT_SIMD=0 -fno-tree-vectorize,24.498601,00925fa85224b60c,passed
regular-simd_off-t2-static-r1-4000x3000.png,2026-09-18T17:02:15Z,4000x3000.png,4000,3000,Flip_Horizontal,1,2,static,,off,no,unset,unset,hype2,12.2.0,-O3 -Wall -Wextra -std=c++17 -fopenmp -DOMP_EXPLICIT_SIMD=0 -fno-tree-vectorize,11.015338,45d5313341f5868e,passed
regular-simd_off-t2-static-r1-4000x3000.png,2026-09-18T17:02:15Z,4000x3000.png,4000,3000,Adjust_Brightness,1,2,static,,off,yes,unset,unset,hype2,12.2.0,-O3 -Wall -Wextra -std=c++17 -fopenmp -DOMP_EXPLICIT_SIMD=0 -fno-tree-vectorize,32.573776,e488c03148da4f5b,passed
regular-simd_off-t2-static-r1-4000x3000.png,2026-09-18T17:02:15Z,4000x3000.png,4000,3000,Flip_Vertical,1,2,static,,off,no,unset,unset,hype2,12.2.0,-O3 -Wall -Wextra -std=c++17 -fopenmp -DOMP_EXPLICIT_SIMD=0 -fno-tree-vectorize,2.774449,754d30e4e81eccfc,passed
regular-simd_off-t2-static-r1-4000x3000.png,2026-09-18T17:02:15Z,4000x3000.png,4000,3000,Quantize,1,2,static,,off,yes,unset,unset,hype2,12.2.0,-O3 -Wall -Wextra -std=c++17 -fopenmp -DOMP_EXPLICIT_SIMD=0 -fno-tree-vectorize,106.268834,f01ef010a3fd2f20,passed
regular-simd_off-t2-static-r1-4000x3000.png,2026-09-18T17:02:16Z,4000x3000.png,4000,3000,Adjust_Contrast,1,2,static,,off,yes,unset,unset,hype2,12.2.0,-O3 -Wall -Wextra -std=c++17 -fopenmp -DOMP_EXPLICIT_SIMD=0 -fno-tree-vectorize,48.538862,7cc9f4cee5c661bd,passed
regular-simd_off-t2-static-r1-4000x3000.png,2026-09-18T17:02:16Z,4000x3000.png,4000,3000,Negative,1,2,static,,off,yes,unset,unset,hype2,12.2.0,-O3 -Wall -Wextra -std=c++17 -fopenmp -DOMP_EXPLICIT_SIMD=0 -fno-tree-vectorize,18.546333,043d4193294f2dcc,passed
regular-simd_off-t2-static-r1-4000x3000.png,2026-09-18T17:02:16Z,4000x3000.png,4000,3000,Equalize_Histogram,1,2,static,,off,yes,unset,unset,hype2,12.2.0,-O3 -Wall -Wextra -std=c++17 -fopenmp -DOMP_EXPLICIT_SIMD=0 -fno-tree-vectorize,33.468515,243220feba4dd030,passed
regular-simd_off-t2-static-r1-4000x3000.png,2026-09-18T17:02:16Z,4000x3000.png,4000,3000,Zoom_In,1,2,static,,off,yes,unset,unset,hype2,12.2.0,-O3 -Wall -Wextra -std=c++17 -fopenmp -DOMP_EXPLICIT_SIMD=0 -fno-tree-vectorize,60.503103,71b80276839f9533,passed
regular-simd_off-t2-static-r1-4000x3000.png,2026-09-18T17:02:16Z,4000x3000.png,4000,3000,Zoom_Out,1,2,static,,off,no,unset,unset,hype2,12.2.0,-O3 -Wall -Wextra -std=c++17 -fopenmp -DOMP_EXPLICIT_SIMD=0 -fno-tree-vectorize,51.208005,a91f518a4f2dbd10,passed
regular-simd_off-t2-static-r1-4000x3000.png,2026-09-18T17:02:16Z,4000x3000.png,4000,3000,Rotate_CW,1,2,static,,off,no,unset,unset,hype2,12.2.0,-O3 -Wall -Wextra -std=c++17 -fopenmp -DOMP_EXPLICIT_SIMD=0 -fno-tree-vectorize,55.289831,e0f27e61a205ef0a,passed
regular-simd_off-t2-static-r1-4000x3000.png,2026-09-18T17:02:16Z,4000x3000.png,4000,3000,Rotate_CCW,1,2,static,,off,no,unset,unset,hype2,12.2.0,-O3 -Wall -Wextra -std=c++17 -fopenmp -DOMP_EXPLICIT_SIMD=0 -fno-tree-vectorize,57.545968,b4512f3b73b7723c,passed
regular-simd_off-t2-static-r1-4000x3000.png,2026-09-18T17:02:17Z,4000x3000.png,4000,3000,Gaussian_3x3,1,2,static,,off,yes,unset,unset,hype2,12.2.0,-O3 -Wall -Wextra -std=c++17 -fopenmp -DOMP_EXPLICIT_SIMD=0 -fno-tree-vectorize,236.031218,bc1a93797b2afda7,passed
regular-simd_off-t2-static-r1-4000x3000.png,2026-09-18T17:02:17Z,4000x3000.png,4000,3000,Gaussian_5x5,1,2,static,,off,yes,unset,unset,hype2,12.2.0,-O3 -Wall -Wextra -std=c++17 -fopenmp -DOMP_EXPLICIT_SIMD=0 -fno-tree-vectorize,420.420141,d67ccd9b6dbb62d8,passed
regular-simd_off-t2-static-r1-4000x3000.png,2026-09-18T17:02:18Z,4000x3000.png,4000,3000,Gaussian_7x7,1,2,static,,off,yes,unset,unset,hype2,12.2.0,-O3 -Wall -Wextra -std=c++17 -fopenmp -DOMP_EXPLICIT_SIMD=0 -fno-tree-vectorize,721.001327,98f465f1820de349,passed
regular-simd_off-t2-static-r1-4000x3000.png,2026-09-18T17:02:19Z,4000x3000.png,4000,3000,Gaussian_9x9,1,2,static,,off,yes,unset,unset,hype2,12.2.0,-O3 -Wall -Wextra -std=c++17 -fopenmp -DOMP_EXPLICIT_SIMD=0 -fno-tree-vectorize,1123.795452,8f9bd96ceab3a369,passed
regular-simd_off-t2-static-r1-4000x3000.png,2026-09-18T17:02:21Z,4000x3000.png,4000,3000,Gaussian_11x11,1,2,static,,off,yes,unset,unset,hype2,12.2.0,-O3 -Wall -Wextra -std=c++17 -fopenmp -DOMP_EXPLICIT_SIMD=0 -fno-tree-vectorize,1608.479779,1e8adb9534bf99dc,passed
regular-simd_off-t2-static-r1-6000x6000.png,2026-09-18T17:02:22Z,6000x6000.png,6000,6000,Grayscale,1,2,static,,off,yes,unset,unset,hype2,12.2.0,-O3 -Wall -Wextra -std=c++17 -fopenmp -DOMP_EXPLICIT_SIMD=0 -fno-tree-vectorize,72.285510,937793859b387046,passed
regular-simd_off-t2-static-r1-6000x6000.png,2026-09-18T17:02:23Z,6000x6000.png,6000,6000,Flip_Horizontal,1,2,static,,off,no,unset,unset,hype2,12.2.0,-O3 -Wall -Wextra -std=c++17 -fopenmp -DOMP_EXPLICIT_SIMD=0 -fno-tree-vectorize,29.774467,3dfbc0e2f0b456c2,passed
regular-simd_off-t2-static-r1-6000x6000.png,2026-09-18T17:02:23Z,6000x6000.png,6000,6000,Adjust_Brightness,1,2,static,,off,yes,unset,unset,hype2,12.2.0,-O3 -Wall -Wextra -std=c++17 -fopenmp -DOMP_EXPLICIT_SIMD=0 -fno-tree-vectorize,95.537855,5d4bea966648e7a7,passed
regular-simd_off-t2-static-r1-6000x6000.png,2026-09-18T17:02:23Z,6000x6000.png,6000,6000,Flip_Vertical,1,2,static,,off,no,unset,unset,hype2,12.2.0,-O3 -Wall -Wextra -std=c++17 -fopenmp -DOMP_EXPLICIT_SIMD=0 -fno-tree-vectorize,8.401085,bd012cf684012198,passed
regular-simd_off-t2-static-r1-6000x6000.png,2026-09-18T17:02:24Z,6000x6000.png,6000,6000,Quantize,1,2,static,,off,yes,unset,unset,hype2,12.2.0,-O3 -Wall -Wextra -std=c++17 -fopenmp -DOMP_EXPLICIT_SIMD=0 -fno-tree-vectorize,286.028745,b2e8843413e8e7a6,passed
regular-simd_off-t2-static-r1-6000x6000.png,2026-09-18T17:02:24Z,6000x6000.png,6000,6000,Adjust_Contrast,1,2,static,,off,yes,unset,unset,hype2,12.2.0,-O3 -Wall -Wextra -std=c++17 -fopenmp -DOMP_EXPLICIT_SIMD=0 -fno-tree-vectorize,143.715313,c036bcbf5e6d6190,passed
regular-simd_off-t2-static-r1-6000x6000.png,2026-09-18T17:02:24Z,6000x6000.png,6000,6000,Negative,1,2,static,,off,yes,unset,unset,hype2,12.2.0,-O3 -Wall -Wextra -std=c++17 -fopenmp -DOMP_EXPLICIT_SIMD=0 -fno-tree-vectorize,54.356813,0a497e94a83bbbc0,passed
regular-simd_off-t2-static-r1-6000x6000.png,2026-09-18T17:02:24Z,6000x6000.png,6000,6000,Equalize_Histogram,1,2,static,,off,yes,unset,unset,hype2,12.2.0,-O3 -Wall -Wextra -std=c++17 -fopenmp -DOMP_EXPLICIT_SIMD=0 -fno-tree-vectorize,96.485990,5251e13888abb30f,passed
regular-simd_off-t2-static-r1-6000x6000.png,2026-09-18T17:02:25Z,6000x6000.png,6000,6000,Zoom_In,1,2,static,,off,yes,unset,unset,hype2,12.2.0,-O3 -Wall -Wextra -std=c++17 -fopenmp -DOMP_EXPLICIT_SIMD=0 -fno-tree-vectorize,184.587281,4e063cbe88523a0e,passed
regular-simd_off-t2-static-r1-6000x6000.png,2026-09-18T17:02:26Z,6000x6000.png,6000,6000,Zoom_Out,1,2,static,,off,no,unset,unset,hype2,12.2.0,-O3 -Wall -Wextra -std=c++17 -fopenmp -DOMP_EXPLICIT_SIMD=0 -fno-tree-vectorize,150.348728,8eace74e8cd425e6,passed
regular-simd_off-t2-static-r1-6000x6000.png,2026-09-18T17:02:26Z,6000x6000.png,6000,6000,Rotate_CW,1,2,static,,off,no,unset,unset,hype2,12.2.0,-O3 -Wall -Wextra -std=c++17 -fopenmp -DOMP_EXPLICIT_SIMD=0 -fno-tree-vectorize,148.922463,dd5c83f3b3cee726,passed
regular-simd_off-t2-static-r1-6000x6000.png,2026-09-18T17:02:26Z,6000x6000.png,6000,6000,Rotate_CCW,1,2,static,,off,no,unset,unset,hype2,12.2.0,-O3 -Wall -Wextra -std=c++17 -fopenmp -DOMP_EXPLICIT_SIMD=0 -fno-tree-vectorize,159.571622,51196bd3ed2b4ba4,passed
regular-simd_off-t2-static-r1-6000x6000.png,2026-09-18T17:02:27Z,6000x6000.png,6000,6000,Gaussian_3x3,1,2,static,,off,yes,unset,unset,hype2,12.2.0,-O3 -Wall -Wextra -std=c++17 -fopenmp -DOMP_EXPLICIT_SIMD=0 -fno-tree-vectorize,707.743333,87566478e34b4f70,passed
regular-simd_off-t2-static-r1-6000x6000.png,2026-09-18T17:02:29Z,6000x6000.png,6000,6000,Gaussian_5x5,1,2,static,,off,yes,unset,unset,hype2,12.2.0,-O3 -Wall -Wextra -std=c++17 -fopenmp -DOMP_EXPLICIT_SIMD=0 -fno-tree-vectorize,1248.401684,4b23a258f94a27f0,passed
regular-simd_off-t2-static-r1-6000x6000.png,2026-09-18T17:02:31Z,6000x6000.png,6000,6000,Gaussian_7x7,1,2,static,,off,yes,unset,unset,hype2,12.2.0,-O3 -Wall -Wextra -std=c++17 -fopenmp -DOMP_EXPLICIT_SIMD=0 -fno-tree-vectorize,2154.220870,3771268fea0417e2,passed
regular-simd_off-t2-static-r1-6000x6000.png,2026-09-18T17:02:34Z,6000x6000.png,6000,6000,Gaussian_9x9,1,2,static,,off,yes,unset,unset,hype2,12.2.0,-O3 -Wall -Wextra -std=c++17 -fopenmp -DOMP_EXPLICIT_SIMD=0 -fno-tree-vectorize,3334.640101,3f6b7f707a108bd5,passed
regular-simd_off-t2-static-r1-6000x6000.png,2026-09-18T17:02:39Z,6000x6000.png,6000,6000,Gaussian_11x11,1,2,static,,off,yes,unset,unset,hype2,12.2.0,-O3 -Wall -Wextra -std=c++17 -fopenmp -DOMP_EXPLICIT_SIMD=0 -fno-tree-vectorize,4796.620313,c923a906c8989668,passed
regular-simd_omp-t2-static-r1-4000x3000.png,2026-09-18T17:02:40Z,4000x3000.png,4000,3000,Grayscale,1,2,static,,omp,yes,unset,unset,hype2,12.2.0,-O3 -Wall -Wextra -std=c++17 -fopenmp -DOMP_EXPLICIT_SIMD=1,25.348800,00925fa85224b60c,passed
regular-simd_omp-t2-static-r1-4000x3000.png,2026-09-18T17:02:40Z,4000x3000.png,4000,3000,Flip_Horizontal,1,2,static,,omp,no,unset,unset,hype2,12.2.0,-O3 -Wall -Wextra -std=c++17 -fopenmp -DOMP_EXPLICIT_SIMD=1,10.505594,45d5313341f5868e,passed
regular-simd_omp-t2-static-r1-4000x3000.png,2026-09-18T17:02:40Z,4000x3000.png,4000,3000,Adjust_Brightness,1,2,static,,omp,yes,unset,unset,hype2,12.2.0,-O3 -Wall -Wextra -std=c++17 -fopenmp -DOMP_EXPLICIT_SIMD=1,35.320069,e488c03148da4f5b,passed
regular-simd_omp-t2-static-r1-4000x3000.png,2026-09-18T17:02:40Z,4000x3000.png,4000,3000,Flip_Vertical,1,2,static,,omp,no,unset,unset,hype2,12.2.0,-O3 -Wall -Wextra -std=c++17 -fopenmp -DOMP_EXPLICIT_SIMD=1,2.524845,754d30e4e81eccfc,passed
regular-simd_omp-t2-static-r1-4000x3000.png,2026-09-18T17:02:40Z,4000x3000.png,4000,3000,Quantize,1,2,static,,omp,yes,unset,unset,hype2,12.2.0,-O3 -Wall -Wextra -std=c++17 -fopenmp -DOMP_EXPLICIT_SIMD=1,104.323533,f01ef010a3fd2f20,passed
regular-simd_omp-t2-static-r1-4000x3000.png,2026-09-18T17:02:40Z,4000x3000.png,4000,3000,Adjust_Contrast,1,2,static,,omp,yes,unset,unset,hype2,12.2.0,-O3 -Wall -Wextra -std=c++17 -fopenmp -DOMP_EXPLICIT_SIMD=1,46.916842,7cc9f4cee5c661bd,passed
regular-simd_omp-t2-static-r1-4000x3000.png,2026-09-18T17:02:41Z,4000x3000.png,4000,3000,Negative,1,2,static,,omp,yes,unset,unset,hype2,12.2.0,-O3 -Wall -Wextra -std=c++17 -fopenmp -DOMP_EXPLICIT_SIMD=1,17.765454,043d4193294f2dcc,passed
regular-simd_omp-t2-static-r1-4000x3000.png,2026-09-18T17:02:41Z,4000x3000.png,4000,3000,Equalize_Histogram,1,2,static,,omp,yes,unset,unset,hype2,12.2.0,-O3 -Wall -Wextra -std=c++17 -fopenmp -DOMP_EXPLICIT_SIMD=1,31.738513,243220feba4dd030,passed
regular-simd_omp-t2-static-r1-4000x3000.png,2026-09-18T17:02:41Z,4000x3000.png,4000,3000,Zoom_In,1,2,static,,omp,yes,unset,unset,hype2,12.2.0,-O3 -Wall -Wextra -std=c++17 -fopenmp -DOMP_EXPLICIT_SIMD=1,49.217347,71b80276839f9533,passed
regular-simd_omp-t2-static-r1-4000x3000.png,2026-09-18T17:02:41Z,4000x3000.png,4000,3000,Zoom_Out,1,2,static,,omp,no,unset,unset,hype2,12.2.0,-O3 -Wall -Wextra -std=c++17 -fopenmp -DOMP_EXPLICIT_SIMD=1,50.424597,a91f518a4f2dbd10,passed
regular-simd_omp-t2-static-r1-4000x3000.png,2026-09-18T17:02:41Z,4000x3000.png,4000,3000,Rotate_CW,1,2,static,,omp,no,unset,unset,hype2,12.2.0,-O3 -Wall -Wextra -std=c++17 -fopenmp -DOMP_EXPLICIT_SIMD=1,43.090038,e0f27e61a205ef0a,passed
regular-simd_omp-t2-static-r1-4000x3000.png,2026-09-18T17:02:41Z,4000x3000.png,4000,3000,Rotate_CCW,1,2,static,,omp,no,unset,unset,hype2,12.2.0,-O3 -Wall -Wextra -std=c++17 -fopenmp -DOMP_EXPLICIT_SIMD=1,43.390612,b4512f3b73b7723c,passed
regular-simd_omp-t2-static-r1-4000x3000.png,2026-09-18T17:02:42Z,4000x3000.png,4000,3000,Gaussian_3x3,1,2,static,,omp,yes,unset,unset,hype2,12.2.0,-O3 -Wall -Wextra -std=c++17 -fopenmp -DOMP_EXPLICIT_SIMD=1,228.905760,bc1a93797b2afda7,passed
regular-simd_omp-t2-static-r1-4000x3000.png,2026-09-18T17:02:42Z,4000x3000.png,4000,3000,Gaussian_5x5,1,2,static,,omp,yes,unset,unset,hype2,12.2.0,-O3 -Wall -Wextra -std=c++17 -fopenmp -DOMP_EXPLICIT_SIMD=1,418.707833,d67ccd9b6dbb62d8,passed
regular-simd_omp-t2-static-r1-4000x3000.png,2026-09-18T17:02:43Z,4000x3000.png,4000,3000,Gaussian_7x7,1,2,static,,omp,yes,unset,unset,hype2,12.2.0,-O3 -Wall -Wextra -std=c++17 -fopenmp -DOMP_EXPLICIT_SIMD=1,717.756298,98f465f1820de349,passed
regular-simd_omp-t2-static-r1-4000x3000.png,2026-09-18T17:02:44Z,4000x3000.png,4000,3000,Gaussian_9x9,1,2,static,,omp,yes,unset,unset,hype2,12.2.0,-O3 -Wall -Wextra -std=c++17 -fopenmp -DOMP_EXPLICIT_SIMD=1,1115.229030,8f9bd96ceab3a369,passed
regular-simd_omp-t2-static-r1-4000x3000.png,2026-09-18T17:02:46Z,4000x3000.png,4000,3000,Gaussian_11x11,1,2,static,,omp,yes,unset,unset,hype2,12.2.0,-O3 -Wall -Wextra -std=c++17 -fopenmp -DOMP_EXPLICIT_SIMD=1,1598.666479,1e8adb9534bf99dc,passed
regular-simd_omp-t2-static-r1-6000x6000.png,2026-09-18T17:02:47Z,6000x6000.png,6000,6000,Grayscale,1,2,static,,omp,yes,unset,unset,hype2,12.2.0,-O3 -Wall -Wextra -std=c++17 -fopenmp -DOMP_EXPLICIT_SIMD=1,76.296658,937793859b387046,passed
regular-simd_omp-t2-static-r1-6000x6000.png,2026-09-18T17:02:48Z,6000x6000.png,6000,6000,Flip_Horizontal,1,2,static,,omp,no,unset,unset,hype2,12.2.0,-O3 -Wall -Wextra -std=c++17 -fopenmp -DOMP_EXPLICIT_SIMD=1,29.949702,3dfbc0e2f0b456c2,passed
regular-simd_omp-t2-static-r1-6000x6000.png,2026-09-18T17:02:48Z,6000x6000.png,6000,6000,Adjust_Brightness,1,2,static,,omp,yes,unset,unset,hype2,12.2.0,-O3 -Wall -Wextra -std=c++17 -fopenmp -DOMP_EXPLICIT_SIMD=1,99.482101,5d4bea966648e7a7,passed
regular-simd_omp-t2-static-r1-6000x6000.png,2026-09-18T17:02:48Z,6000x6000.png,6000,6000,Flip_Vertical,1,2,static,,omp,no,unset,unset,hype2,12.2.0,-O3 -Wall -Wextra -std=c++17 -fopenmp -DOMP_EXPLICIT_SIMD=1,8.339491,bd012cf684012198,passed
regular-simd_omp-t2-static-r1-6000x6000.png,2026-09-18T17:02:48Z,6000x6000.png,6000,6000,Quantize,1,2,static,,omp,yes,unset,unset,hype2,12.2.0,-O3 -Wall -Wextra -std=c++17 -fopenmp -DOMP_EXPLICIT_SIMD=1,286.424567,b2e8843413e8e7a6,passed
regular-simd_omp-t2-static-r1-6000x6000.png,2026-09-18T17:02:49Z,6000x6000.png,6000,6000,Adjust_Contrast,1,2,static,,omp,yes,unset,unset,hype2,12.2.0,-O3 -Wall -Wextra -std=c++17 -fopenmp -DOMP_EXPLICIT_SIMD=1,144.017015,c036bcbf5e6d6190,passed
regular-simd_omp-t2-static-r1-6000x6000.png,2026-09-18T17:02:49Z,6000x6000.png,6000,6000,Negative,1,2,static,,omp,yes,unset,unset,hype2,12.2.0,-O3 -Wall -Wextra -std=c++17 -fopenmp -DOMP_EXPLICIT_SIMD=1,53.261544,0a497e94a83bbbc0,passed
regular-simd_omp-t2-static-r1-6000x6000.png,2026-09-18T17:02:49Z,6000x6000.png,6000,6000,Equalize_Histogram,1,2,static,,omp,yes,unset,unset,hype2,12.2.0,-O3 -Wall -Wextra -std=c++17 -fopenmp -DOMP_EXPLICIT_SIMD=1,97.539403,5251e13888abb30f,passed
regular-simd_omp-t2-static-r1-6000x6000.png,2026-09-18T17:02:50Z,6000x6000.png,6000,6000,Zoom_In,1,2,static,,omp,yes,unset,unset,hype2,12.2.0,-O3 -Wall -Wextra -std=c++17 -fopenmp -DOMP_EXPLICIT_SIMD=1,148.569290,4e063cbe88523a0e,passed
regular-simd_omp-t2-static-r1-6000x6000.png,2026-09-18T17:02:50Z,6000x6000.png,6000,6000,Zoom_Out,1,2,static,,omp,no,unset,unset,hype2,12.2.0,-O3 -Wall -Wextra -std=c++17 -fopenmp -DOMP_EXPLICIT_SIMD=1,149.967389,8eace74e8cd425e6,passed
regular-simd_omp-t2-static-r1-6000x6000.png,2026-09-18T17:02:51Z,6000x6000.png,6000,6000,Rotate_CW,1,2,static,,omp,no,unset,unset,hype2,12.2.0,-O3 -Wall -Wextra -std=c++17 -fopenmp -DOMP_EXPLICIT_SIMD=1,156.039085,dd5c83f3b3cee726,passed
regular-simd_omp-t2-static-r1-6000x6000.png,2026-09-18T17:02:51Z,6000x6000.png,6000,6000,Rotate_CCW,1,2,static,,omp,no,unset,unset,hype2,12.2.0,-O3 -Wall -Wextra -std=c++17 -fopenmp -DOMP_EXPLICIT_SIMD=1,132.870976,51196bd3ed2b4ba4,passed
regular-simd_omp-t2-static-r1-6000x6000.png,2026-09-18T17:02:52Z,6000x6000.png,6000,6000,Gaussian_3x3,1,2,static,,omp,yes,unset,unset,hype2,12.2.0,-O3 -Wall -Wextra -std=c++17 -fopenmp -DOMP_EXPLICIT_SIMD=1,698.119194,87566478e34b4f70,passed
regular-simd_omp-t2-static-r1-6000x6000.png,2026-09-18T17:02:53Z,6000x6000.png,6000,6000,Gaussian_5x5,1,2,static,,omp,yes,unset,unset,hype2,12.2.0,-O3 -Wall -Wextra -std=c++17 -fopenmp -DOMP_EXPLICIT_SIMD=1,1264.326386,4b23a258f94a27f0,passed
regular-simd_omp-t2-static-r1-6000x6000.png,2026-09-18T17:02:56Z,6000x6000.png,6000,6000,Gaussian_7x7,1,2,static,,omp,yes,unset,unset,hype2,12.2.0,-O3 -Wall -Wextra -std=c++17 -fopenmp -DOMP_EXPLICIT_SIMD=1,2180.281020,3771268fea0417e2,passed
regular-simd_omp-t2-static-r1-6000x6000.png,2026-09-18T17:02:59Z,6000x6000.png,6000,6000,Gaussian_9x9,1,2,static,,omp,yes,unset,unset,hype2,12.2.0,-O3 -Wall -Wextra -std=c++17 -fopenmp -DOMP_EXPLICIT_SIMD=1,3370.904657,3f6b7f707a108bd5,passed
regular-simd_omp-t2-static-r1-6000x6000.png,2026-09-18T17:03:04Z,6000x6000.png,6000,6000,Gaussian_11x11,1,2,static,,omp,yes,unset,unset,hype2,12.2.0,-O3 -Wall -Wextra -std=c++17 -fopenmp -DOMP_EXPLICIT_SIMD=1,4835.133950,c923a906c8989668,passed
regular-simd_off-t2-dynamicx1-r1-4000x3000.png,2026-09-18T17:03:05Z,4000x3000.png,4000,3000,Grayscale,1,2,dynamic,1,off,yes,unset,unset,hype2,12.2.0,-O3 -Wall -Wextra -std=c++17 -fopenmp -DOMP_EXPLICIT_SIMD=0 -fno-tree-vectorize,24.414776,00925fa85224b60c,passed
regular-simd_off-t2-dynamicx1-r1-4000x3000.png,2026-09-18T17:03:05Z,4000x3000.png,4000,3000,Flip_Horizontal,1,2,dynamic,1,off,no,unset,unset,hype2,12.2.0,-O3 -Wall -Wextra -std=c++17 -fopenmp -DOMP_EXPLICIT_SIMD=0 -fno-tree-vectorize,8.666246,45d5313341f5868e,passed
regular-simd_off-t2-dynamicx1-r1-4000x3000.png,2026-09-18T17:03:05Z,4000x3000.png,4000,3000,Adjust_Brightness,1,2,dynamic,1,off,yes,unset,unset,hype2,12.2.0,-O3 -Wall -Wextra -std=c++17 -fopenmp -DOMP_EXPLICIT_SIMD=0 -fno-tree-vectorize,32.474807,e488c03148da4f5b,passed
regular-simd_off-t2-dynamicx1-r1-4000x3000.png,2026-09-18T17:03:05Z,4000x3000.png,4000,3000,Flip_Vertical,1,2,dynamic,1,off,no,unset,unset,hype2,12.2.0,-O3 -Wall -Wextra -std=c++17 -fopenmp -DOMP_EXPLICIT_SIMD=0 -fno-tree-vectorize,2.835865,754d30e4e81eccfc,passed
regular-simd_off-t2-dynamicx1-r1-4000x3000.png,2026-09-18T17:03:05Z,4000x3000.png,4000,3000,Quantize,1,2,dynamic,1,off,yes,unset,unset,hype2,12.2.0,-O3 -Wall -Wextra -std=c++17 -fopenmp -DOMP_EXPLICIT_SIMD=0 -fno-tree-vectorize,105.084518,f01ef010a3fd2f20,passed
regular-simd_off-t2-dynamicx1-r1-4000x3000.png,2026-09-18T17:03:05Z,4000x3000.png,4000,3000,Adjust_Contrast,1,2,dynamic,1,off,yes,unset,unset,hype2,12.2.0,-O3 -Wall -Wextra -std=c++17 -fopenmp -DOMP_EXPLICIT_SIMD=0 -fno-tree-vectorize,47.887468,7cc9f4cee5c661bd,passed
regular-simd_off-t2-dynamicx1-r1-4000x3000.png,2026-09-18T17:03:05Z,4000x3000.png,4000,3000,Negative,1,2,dynamic,1,off,yes,unset,unset,hype2,12.2.0,-O3 -Wall -Wextra -std=c++17 -fopenmp -DOMP_EXPLICIT_SIMD=0 -fno-tree-vectorize,18.358807,043d4193294f2dcc,passed
regular-simd_off-t2-dynamicx1-r1-4000x3000.png,2026-09-18T17:03:06Z,4000x3000.png,4000,3000,Equalize_Histogram,1,2,dynamic,1,off,yes,unset,unset,hype2,12.2.0,-O3 -Wall -Wextra -std=c++17 -fopenmp -DOMP_EXPLICIT_SIMD=0 -fno-tree-vectorize,33.194338,243220feba4dd030,passed
regular-simd_off-t2-dynamicx1-r1-4000x3000.png,2026-09-18T17:03:06Z,4000x3000.png,4000,3000,Zoom_In,1,2,dynamic,1,off,yes,unset,unset,hype2,12.2.0,-O3 -Wall -Wextra -std=c++17 -fopenmp -DOMP_EXPLICIT_SIMD=0 -fno-tree-vectorize,67.528884,71b80276839f9533,passed
regular-simd_off-t2-dynamicx1-r1-4000x3000.png,2026-09-18T17:03:06Z,4000x3000.png,4000,3000,Zoom_Out,1,2,dynamic,1,off,no,unset,unset,hype2,12.2.0,-O3 -Wall -Wextra -std=c++17 -fopenmp -DOMP_EXPLICIT_SIMD=0 -fno-tree-vectorize,51.310681,a91f518a4f2dbd10,passed
regular-simd_off-t2-dynamicx1-r1-4000x3000.png,2026-09-18T17:03:06Z,4000x3000.png,4000,3000,Rotate_CW,1,2,dynamic,1,off,no,unset,unset,hype2,12.2.0,-O3 -Wall -Wextra -std=c++17 -fopenmp -DOMP_EXPLICIT_SIMD=0 -fno-tree-vectorize,63.211994,e0f27e61a205ef0a,passed
regular-simd_off-t2-dynamicx1-r1-4000x3000.png,2026-09-18T17:03:06Z,4000x3000.png,4000,3000,Rotate_CCW,1,2,dynamic,1,off,no,unset,unset,hype2,12.2.0,-O3 -Wall -Wextra -std=c++17 -fopenmp -DOMP_EXPLICIT_SIMD=0 -fno-tree-vectorize,61.463741,b4512f3b73b7723c,passed
regular-simd_off-t2-dynamicx1-r1-4000x3000.png,2026-09-18T17:03:06Z,4000x3000.png,4000,3000,Gaussian_3x3,1,2,dynamic,1,off,yes,unset,unset,hype2,12.2.0,-O3 -Wall -Wextra -std=c++17 -fopenmp -DOMP_EXPLICIT_SIMD=0 -fno-tree-vectorize,237.311413,bc1a93797b2afda7,passed
regular-simd_off-t2-dynamicx1-r1-4000x3000.png,2026-09-18T17:03:07Z,4000x3000.png,4000,3000,Gaussian_5x5,1,2,dynamic,1,off,yes,unset,unset,hype2,12.2.0,-O3 -Wall -Wextra -std=c++17 -fopenmp -DOMP_EXPLICIT_SIMD=0 -fno-tree-vectorize,422.432153,d67ccd9b6dbb62d8,passed
regular-simd_off-t2-dynamicx1-r1-4000x3000.png,2026-09-18T17:03:08Z,4000x3000.png,4000,3000,Gaussian_7x7,1,2,dynamic,1,off,yes,unset,unset,hype2,12.2.0,-O3 -Wall -Wextra -std=c++17 -fopenmp -DOMP_EXPLICIT_SIMD=0 -fno-tree-vectorize,722.201034,98f465f1820de349,passed
regular-simd_off-t2-dynamicx1-r1-4000x3000.png,2026-09-18T17:03:09Z,4000x3000.png,4000,3000,Gaussian_9x9,1,2,dynamic,1,off,yes,unset,unset,hype2,12.2.0,-O3 -Wall -Wextra -std=c++17 -fopenmp -DOMP_EXPLICIT_SIMD=0 -fno-tree-vectorize,1119.558024,8f9bd96ceab3a369,passed
regular-simd_off-t2-dynamicx1-r1-4000x3000.png,2026-09-18T17:03:11Z,4000x3000.png,4000,3000,Gaussian_11x11,1,2,dynamic,1,off,yes,unset,unset,hype2,12.2.0,-O3 -Wall -Wextra -std=c++17 -fopenmp -DOMP_EXPLICIT_SIMD=0 -fno-tree-vectorize,1656.114247,1e8adb9534bf99dc,passed
regular-simd_off-t2-dynamicx1-r1-6000x6000.png,2026-09-18T17:03:12Z,6000x6000.png,6000,6000,Grayscale,1,2,dynamic,1,off,yes,unset,unset,hype2,12.2.0,-O3 -Wall -Wextra -std=c++17 -fopenmp -DOMP_EXPLICIT_SIMD=0 -fno-tree-vectorize,71.395960,937793859b387046,passed
regular-simd_off-t2-dynamicx1-r1-6000x6000.png,2026-09-18T17:03:13Z,6000x6000.png,6000,6000,Flip_Horizontal,1,2,dynamic,1,off,no,unset,unset,hype2,12.2.0,-O3 -Wall -Wextra -std=c++17 -fopenmp -DOMP_EXPLICIT_SIMD=0 -fno-tree-vectorize,23.932921,3dfbc0e2f0b456c2,passed
regular-simd_off-t2-dynamicx1-r1-6000x6000.png,2026-09-18T17:03:13Z,6000x6000.png,6000,6000,Adjust_Brightness,1,2,dynamic,1,off,yes,unset,unset,hype2,12.2.0,-O3 -Wall -Wextra -std=c++17 -fopenmp -DOMP_EXPLICIT_SIMD=0 -fno-tree-vectorize,94.173516,5d4bea966648e7a7,passed
regular-simd_off-t2-dynamicx1-r1-6000x6000.png,2026-09-18T17:03:13Z,6000x6000.png,6000,6000,Flip_Vertical,1,2,dynamic,1,off,no,unset,unset,hype2,12.2.0,-O3 -Wall -Wextra -std=c++17 -fopenmp -DOMP_EXPLICIT_SIMD=0 -fno-tree-vectorize,8.917638,bd012cf684012198,passed
regular-simd_off-t2-dynamicx1-r1-6000x6000.png,2026-09-18T17:03:14Z,6000x6000.png,6000,6000,Quantize,1,2,dynamic,1,off,yes,unset,unset,hype2,12.2.0,-O3 -Wall -Wextra -std=c++17 -fopenmp -DOMP_EXPLICIT_SIMD=0 -fno-tree-vectorize,282.218845,b2e8843413e8e7a6,passed
regular-simd_off-t2-dynamicx1-r1-6000x6000.png,2026-09-18T17:03:14Z,6000x6000.png,6000,6000,Adjust_Contrast,1,2,dynamic,1,off,yes,unset,unset,hype2,12.2.0,-O3 -Wall -Wextra -std=c++17 -fopenmp -DOMP_EXPLICIT_SIMD=0 -fno-tree-vectorize,141.502916,c036bcbf5e6d6190,passed
regular-simd_off-t2-dynamicx1-r1-6000x6000.png,2026-09-18T17:03:14Z,6000x6000.png,6000,6000,Negative,1,2,dynamic,1,off,yes,unset,unset,hype2,12.2.0,-O3 -Wall -Wextra -std=c++17 -fopenmp -DOMP_EXPLICIT_SIMD=0 -fno-tree-vectorize,55.139179,0a497e94a83bbbc0,passed
regular-simd_off-t2-dynamicx1-r1-6000x6000.png,2026-09-18T17:03:14Z,6000x6000.png,6000,6000,Equalize_Histogram,1,2,dynamic,1,off,yes,unset,unset,hype2,12.2.0,-O3 -Wall -Wextra -std=c++17 -fopenmp -DOMP_EXPLICIT_SIMD=0 -fno-tree-vectorize,94.951100,5251e13888abb30f,passed
regular-simd_off-t2-dynamicx1-r1-6000x6000.png,2026-09-18T17:03:15Z,6000x6000.png,6000,6000,Zoom_In,1,2,dynamic,1,off,yes,unset,unset,hype2,12.2.0,-O3 -Wall -Wextra -std=c++17 -fopenmp -DOMP_EXPLICIT_SIMD=0 -fno-tree-vectorize,200.184770,4e063cbe88523a0e,passed
regular-simd_off-t2-dynamicx1-r1-6000x6000.png,2026-09-18T17:03:15Z,6000x6000.png,6000,6000,Zoom_Out,1,2,dynamic,1,off,no,unset,unset,hype2,12.2.0,-O3 -Wall -Wextra -std=c++17 -fopenmp -DOMP_EXPLICIT_SIMD=0 -fno-tree-vectorize,150.523954,8eace74e8cd425e6,passed
regular-simd_off-t2-dynamicx1-r1-6000x6000.png,2026-09-18T17:03:16Z,6000x6000.png,6000,6000,Rotate_CW,1,2,dynamic,1,off,no,unset,unset,hype2,12.2.0,-O3 -Wall -Wextra -std=c++17 -fopenmp -DOMP_EXPLICIT_SIMD=0 -fno-tree-vectorize,200.619677,dd5c83f3b3cee726,passed
regular-simd_off-t2-dynamicx1-r1-6000x6000.png,2026-09-18T17:03:16Z,6000x6000.png,6000,6000,Rotate_CCW,1,2,dynamic,1,off,no,unset,unset,hype2,12.2.0,-O3 -Wall -Wextra -std=c++17 -fopenmp -DOMP_EXPLICIT_SIMD=0 -fno-tree-vectorize,202.543701,51196bd3ed2b4ba4,passed
regular-simd_off-t2-dynamicx1-r1-6000x6000.png,2026-09-18T17:03:17Z,6000x6000.png,6000,6000,Gaussian_3x3,1,2,dynamic,1,off,yes,unset,unset,hype2,12.2.0,-O3 -Wall -Wextra -std=c++17 -fopenmp -DOMP_EXPLICIT_SIMD=0 -fno-tree-vectorize,710.364687,87566478e34b4f70,passed
regular-simd_off-t2-dynamicx1-r1-6000x6000.png,2026-09-18T17:03:19Z,6000x6000.png,6000,6000,Gaussian_5x5,1,2,dynamic,1,off,yes,unset,unset,hype2,12.2.0,-O3 -Wall -Wextra -std=c++17 -fopenmp -DOMP_EXPLICIT_SIMD=0 -fno-tree-vectorize,1256.480494,4b23a258f94a27f0,passed
regular-simd_off-t2-dynamicx1-r1-6000x6000.png,2026-09-18T17:03:21Z,6000x6000.png,6000,6000,Gaussian_7x7,1,2,dynamic,1,off,yes,unset,unset,hype2,12.2.0,-O3 -Wall -Wextra -std=c++17 -fopenmp -DOMP_EXPLICIT_SIMD=0 -fno-tree-vectorize,2158.458038,3771268fea0417e2,passed
regular-simd_off-t2-dynamicx1-r1-6000x6000.png,2026-09-18T17:03:24Z,6000x6000.png,6000,6000,Gaussian_9x9,1,2,dynamic,1,off,yes,unset,unset,hype2,12.2.0,-O3 -Wall -Wextra -std=c++17 -fopenmp -DOMP_EXPLICIT_SIMD=0 -fno-tree-vectorize,3334.736576,3f6b7f707a108bd5,passed
regular-simd_off-t2-dynamicx1-r1-6000x6000.png,2026-09-18T17:03:29Z,6000x6000.png,6000,6000,Gaussian_11x11,1,2,dynamic,1,off,yes,unset,unset,hype2,12.2.0,-O3 -Wall -Wextra -std=c++17 -fopenmp -DOMP_EXPLICIT_SIMD=0 -fno-tree-vectorize,4791.134648,c923a906c8989668,passed
regular-simd_omp-t2-dynamicx1-r1-4000x3000.png,2026-09-18T17:03:30Z,4000x3000.png,4000,3000,Grayscale,1,2,dynamic,1,omp,yes,unset,unset,hype2,12.2.0,-O3 -Wall -Wextra -std=c++17 -fopenmp -DOMP_EXPLICIT_SIMD=1,25.195795,00925fa85224b60c,passed
regular-simd_omp-t2-dynamicx1-r1-4000x3000.png,2026-09-18T17:03:30Z,4000x3000.png,4000,3000,Flip_Horizontal,1,2,dynamic,1,omp,no,unset,unset,hype2,12.2.0,-O3 -Wall -Wextra -std=c++17 -fopenmp -DOMP_EXPLICIT_SIMD=1,8.733307,45d5313341f5868e,passed
regular-simd_omp-t2-dynamicx1-r1-4000x3000.png,2026-09-18T17:03:30Z,4000x3000.png,4000,3000,Adjust_Brightness,1,2,dynamic,1,omp,yes,unset,unset,hype2,12.2.0,-O3 -Wall -Wextra -std=c++17 -fopenmp -DOMP_EXPLICIT_SIMD=1,32.982645,e488c03148da4f5b,passed
regular-simd_omp-t2-dynamicx1-r1-4000x3000.png,2026-09-18T17:03:30Z,4000x3000.png,4000,3000,Flip_Vertical,1,2,dynamic,1,omp,no,unset,unset,hype2,12.2.0,-O3 -Wall -Wextra -std=c++17 -fopenmp -DOMP_EXPLICIT_SIMD=1,2.844388,754d30e4e81eccfc,passed
regular-simd_omp-t2-dynamicx1-r1-4000x3000.png,2026-09-18T17:03:30Z,4000x3000.png,4000,3000,Quantize,1,2,dynamic,1,omp,yes,unset,unset,hype2,12.2.0,-O3 -Wall -Wextra -std=c++17 -fopenmp -DOMP_EXPLICIT_SIMD=1,105.980926,f01ef010a3fd2f20,passed
regular-simd_omp-t2-dynamicx1-r1-4000x3000.png,2026-09-18T17:03:30Z,4000x3000.png,4000,3000,Adjust_Contrast,1,2,dynamic,1,omp,yes,unset,unset,hype2,12.2.0,-O3 -Wall -Wextra -std=c++17 -fopenmp -DOMP_EXPLICIT_SIMD=1,48.106660,7cc9f4cee5c661bd,passed
regular-simd_omp-t2-dynamicx1-r1-4000x3000.png,2026-09-18T17:03:31Z,4000x3000.png,4000,3000,Negative,1,2,dynamic,1,omp,yes,unset,unset,hype2,12.2.0,-O3 -Wall -Wextra -std=c++17 -fopenmp -DOMP_EXPLICIT_SIMD=1,17.897740,043d4193294f2dcc,passed
regular-simd_omp-t2-dynamicx1-r1-4000x3000.png,2026-09-18T17:03:31Z,4000x3000.png,4000,3000,Equalize_Histogram,1,2,dynamic,1,omp,yes,unset,unset,hype2,12.2.0,-O3 -Wall -Wextra -std=c++17 -fopenmp -DOMP_EXPLICIT_SIMD=1,33.159235,243220feba4dd030,passed
regular-simd_omp-t2-dynamicx1-r1-4000x3000.png,2026-09-18T17:03:31Z,4000x3000.png,4000,3000,Zoom_In,1,2,dynamic,1,omp,yes,unset,unset,hype2,12.2.0,-O3 -Wall -Wextra -std=c++17 -fopenmp -DOMP_EXPLICIT_SIMD=1,59.251815,71b80276839f9533,passed
regular-simd_omp-t2-dynamicx1-r1-4000x3000.png,2026-09-18T17:03:31Z,4000x3000.png,4000,3000,Zoom_Out,1,2,dynamic,1,omp,no,unset,unset,hype2,12.2.0,-O3 -Wall -Wextra -std=c++17 -fopenmp -DOMP_EXPLICIT_SIMD=1,51.009605,a91f518a4f2dbd10,passed
regular-simd_omp-t2-dynamicx1-r1-4000x3000.png,2026-09-18T17:03:31Z,4000x3000.png,4000,3000,Rotate_CW,1,2,dynamic,1,omp,no,unset,unset,hype2,12.2.0,-O3 -Wall -Wextra -std=c++17 -fopenmp -DOMP_EXPLICIT_SIMD=1,64.719245,e0f27e61a205ef0a,passed
regular-simd_omp-t2-dynamicx1-r1-4000x3000.png,2026-09-18T17:03:31Z,4000x3000.png,4000,3000,Rotate_CCW,1,2,dynamic,1,omp,no,unset,unset,hype2,12.2.0,-O3 -Wall -Wextra -std=c++17 -fopenmp -DOMP_EXPLICIT_SIMD=1,65.382465,b4512f3b73b7723c,passed
regular-simd_omp-t2-dynamicx1-r1-4000x3000.png,2026-09-18T17:03:32Z,4000x3000.png,4000,3000,Gaussian_3x3,1,2,dynamic,1,omp,yes,unset,unset,hype2,12.2.0,-O3 -Wall -Wextra -std=c++17 -fopenmp -DOMP_EXPLICIT_SIMD=1,232.831023,bc1a93797b2afda7,passed
regular-simd_omp-t2-dynamicx1-r1-4000x3000.png,2026-09-18T17:03:32Z,4000x3000.png,4000,3000,Gaussian_5x5,1,2,dynamic,1,omp,yes,unset,unset,hype2,12.2.0,-O3 -Wall -Wextra -std=c++17 -fopenmp -DOMP_EXPLICIT_SIMD=1,423.953826,d67ccd9b6dbb62d8,passed
regular-simd_omp-t2-dynamicx1-r1-4000x3000.png,2026-09-18T17:03:33Z,4000x3000.png,4000,3000,Gaussian_7x7,1,2,dynamic,1,omp,yes,unset,unset,hype2,12.2.0,-O3 -Wall -Wextra -std=c++17 -fopenmp -DOMP_EXPLICIT_SIMD=1,725.869455,98f465f1820de349,passed
regular-simd_omp-t2-dynamicx1-r1-4000x3000.png,2026-09-18T17:03:34Z,4000x3000.png,4000,3000,Gaussian_9x9,1,2,dynamic,1,omp,yes,unset,unset,hype2,12.2.0,-O3 -Wall -Wextra -std=c++17 -fopenmp -DOMP_EXPLICIT_SIMD=1,1140.415138,8f9bd96ceab3a369,passed
regular-simd_omp-t2-dynamicx1-r1-4000x3000.png,2026-09-18T17:03:36Z,4000x3000.png,4000,3000,Gaussian_11x11,1,2,dynamic,1,omp,yes,unset,unset,hype2,12.2.0,-O3 -Wall -Wextra -std=c++17 -fopenmp -DOMP_EXPLICIT_SIMD=1,1611.387914,1e8adb9534bf99dc,passed
regular-simd_omp-t2-dynamicx1-r1-6000x6000.png,2026-09-18T17:03:37Z,6000x6000.png,6000,6000,Grayscale,1,2,dynamic,1,omp,yes,unset,unset,hype2,12.2.0,-O3 -Wall -Wextra -std=c++17 -fopenmp -DOMP_EXPLICIT_SIMD=1,74.673711,937793859b387046,passed
regular-simd_omp-t2-dynamicx1-r1-6000x6000.png,2026-09-18T17:03:38Z,6000x6000.png,6000,6000,Flip_Horizontal,1,2,dynamic,1,omp,no,unset,unset,hype2,12.2.0,-O3 -Wall -Wextra -std=c++17 -fopenmp -DOMP_EXPLICIT_SIMD=1,25.058886,3dfbc0e2f0b456c2,passed
regular-simd_omp-t2-dynamicx1-r1-6000x6000.png,2026-09-18T17:03:38Z,6000x6000.png,6000,6000,Adjust_Brightness,1,2,dynamic,1,omp,yes,unset,unset,hype2,12.2.0,-O3 -Wall -Wextra -std=c++17 -fopenmp -DOMP_EXPLICIT_SIMD=1,97.261145,5d4bea966648e7a7,passed
regular-simd_omp-t2-dynamicx1-r1-6000x6000.png,2026-09-18T17:03:38Z,6000x6000.png,6000,6000,Flip_Vertical,1,2,dynamic,1,omp,no,unset,unset,hype2,12.2.0,-O3 -Wall -Wextra -std=c++17 -fopenmp -DOMP_EXPLICIT_SIMD=1,8.599331,bd012cf684012198,passed
regular-simd_omp-t2-dynamicx1-r1-6000x6000.png,2026-09-18T17:03:39Z,6000x6000.png,6000,6000,Quantize,1,2,dynamic,1,omp,yes,unset,unset,hype2,12.2.0,-O3 -Wall -Wextra -std=c++17 -fopenmp -DOMP_EXPLICIT_SIMD=1,288.563228,b2e8843413e8e7a6,passed
regular-simd_omp-t2-dynamicx1-r1-6000x6000.png,2026-09-18T17:03:39Z,6000x6000.png,6000,6000,Adjust_Contrast,1,2,dynamic,1,omp,yes,unset,unset,hype2,12.2.0,-O3 -Wall -Wextra -std=c++17 -fopenmp -DOMP_EXPLICIT_SIMD=1,143.034561,c036bcbf5e6d6190,passed
regular-simd_omp-t2-dynamicx1-r1-6000x6000.png,2026-09-18T17:03:39Z,6000x6000.png,6000,6000,Negative,1,2,dynamic,1,omp,yes,unset,unset,hype2,12.2.0,-O3 -Wall -Wextra -std=c++17 -fopenmp -DOMP_EXPLICIT_SIMD=1,53.132704,0a497e94a83bbbc0,passed
regular-simd_omp-t2-dynamicx1-r1-6000x6000.png,2026-09-18T17:03:39Z,6000x6000.png,6000,6000,Equalize_Histogram,1,2,dynamic,1,omp,yes,unset,unset,hype2,12.2.0,-O3 -Wall -Wextra -std=c++17 -fopenmp -DOMP_EXPLICIT_SIMD=1,98.312161,5251e13888abb30f,passed
regular-simd_omp-t2-dynamicx1-r1-6000x6000.png,2026-09-18T17:03:40Z,6000x6000.png,6000,6000,Zoom_In,1,2,dynamic,1,omp,yes,unset,unset,hype2,12.2.0,-O3 -Wall -Wextra -std=c++17 -fopenmp -DOMP_EXPLICIT_SIMD=1,171.789702,4e063cbe88523a0e,passed
regular-simd_omp-t2-dynamicx1-r1-6000x6000.png,2026-09-18T17:03:40Z,6000x6000.png,6000,6000,Zoom_Out,1,2,dynamic,1,omp,no,unset,unset,hype2,12.2.0,-O3 -Wall -Wextra -std=c++17 -fopenmp -DOMP_EXPLICIT_SIMD=1,156.434358,8eace74e8cd425e6,passed
regular-simd_omp-t2-dynamicx1-r1-6000x6000.png,2026-09-18T17:03:41Z,6000x6000.png,6000,6000,Rotate_CW,1,2,dynamic,1,omp,no,unset,unset,hype2,12.2.0,-O3 -Wall -Wextra -std=c++17 -fopenmp -DOMP_EXPLICIT_SIMD=1,176.833554,dd5c83f3b3cee726,passed
regular-simd_omp-t2-dynamicx1-r1-6000x6000.png,2026-09-18T17:03:41Z,6000x6000.png,6000,6000,Rotate_CCW,1,2,dynamic,1,omp,no,unset,unset,hype2,12.2.0,-O3 -Wall -Wextra -std=c++17 -fopenmp -DOMP_EXPLICIT_SIMD=1,193.734284,51196bd3ed2b4ba4,passed
regular-simd_omp-t2-dynamicx1-r1-6000x6000.png,2026-09-18T17:03:42Z,6000x6000.png,6000,6000,Gaussian_3x3,1,2,dynamic,1,omp,yes,unset,unset,hype2,12.2.0,-O3 -Wall -Wextra -std=c++17 -fopenmp -DOMP_EXPLICIT_SIMD=1,700.338968,87566478e34b4f70,passed
regular-simd_omp-t2-dynamicx1-r1-6000x6000.png,2026-09-18T17:03:44Z,6000x6000.png,6000,6000,Gaussian_5x5,1,2,dynamic,1,omp,yes,unset,unset,hype2,12.2.0,-O3 -Wall -Wextra -std=c++17 -fopenmp -DOMP_EXPLICIT_SIMD=1,1267.683360,4b23a258f94a27f0,passed
regular-simd_omp-t2-dynamicx1-r1-6000x6000.png,2026-09-18T17:03:46Z,6000x6000.png,6000,6000,Gaussian_7x7,1,2,dynamic,1,omp,yes,unset,unset,hype2,12.2.0,-O3 -Wall -Wextra -std=c++17 -fopenmp -DOMP_EXPLICIT_SIMD=1,2187.190738,3771268fea0417e2,passed
regular-simd_omp-t2-dynamicx1-r1-6000x6000.png,2026-09-18T17:03:50Z,6000x6000.png,6000,6000,Gaussian_9x9,1,2,dynamic,1,omp,yes,unset,unset,hype2,12.2.0,-O3 -Wall -Wextra -std=c++17 -fopenmp -DOMP_EXPLICIT_SIMD=1,3374.277754,3f6b7f707a108bd5,passed
regular-simd_omp-t2-dynamicx1-r1-6000x6000.png,2026-09-18T17:03:55Z,6000x6000.png,6000,6000,Gaussian_11x11,1,2,dynamic,1,omp,yes,unset,unset,hype2,12.2.0,-O3 -Wall -Wextra -std=c++17 -fopenmp -DOMP_EXPLICIT_SIMD=1,4835.416183,c923a906c8989668,passed
regular-simd_off-t2-dynamicx16-r1-4000x3000.png,2026-09-18T17:03:55Z,4000x3000.png,4000,3000,Grayscale,1,2,dynamic,16,off,yes,unset,unset,hype2,12.2.0,-O3 -Wall -Wextra -std=c++17 -fopenmp -DOMP_EXPLICIT_SIMD=0 -fno-tree-vectorize,24.023881,00925fa85224b60c,passed
regular-simd_off-t2-dynamicx16-r1-4000x3000.png,2026-09-18T17:03:55Z,4000x3000.png,4000,3000,Flip_Horizontal,1,2,dynamic,16,off,no,unset,unset,hype2,12.2.0,-O3 -Wall -Wextra -std=c++17 -fopenmp -DOMP_EXPLICIT_SIMD=0 -fno-tree-vectorize,9.285925,45d5313341f5868e,passed
regular-simd_off-t2-dynamicx16-r1-4000x3000.png,2026-09-18T17:03:55Z,4000x3000.png,4000,3000,Adjust_Brightness,1,2,dynamic,16,off,yes,unset,unset,hype2,12.2.0,-O3 -Wall -Wextra -std=c++17 -fopenmp -DOMP_EXPLICIT_SIMD=0 -fno-tree-vectorize,31.912639,e488c03148da4f5b,passed
regular-simd_off-t2-dynamicx16-r1-4000x3000.png,2026-09-18T17:03:55Z,4000x3000.png,4000,3000,Flip_Vertical,1,2,dynamic,16,off,no,unset,unset,hype2,12.2.0,-O3 -Wall -Wextra -std=c++17 -fopenmp -DOMP_EXPLICIT_SIMD=0 -fno-tree-vectorize,2.744634,754d30e4e81eccfc,passed
regular-simd_off-t2-dynamicx16-r1-4000x3000.png,2026-09-18T17:03:56Z,4000x3000.png,4000,3000,Quantize,1,2,dynamic,16,off,yes,unset,unset,hype2,12.2.0,-O3 -Wall -Wextra -std=c++17 -fopenmp -DOMP_EXPLICIT_SIMD=0 -fno-tree-vectorize,104.415505,f01ef010a3fd2f20,passed
regular-simd_off-t2-dynamicx16-r1-4000x3000.png,2026-09-18T17:03:56Z,4000x3000.png,4000,3000,Adjust_Contrast,1,2,dynamic,16,off,yes,unset,unset,hype2,12.2.0,-O3 -Wall -Wextra -std=c++17 -fopenmp -DOMP_EXPLICIT_SIMD=0 -fno-tree-vectorize,47.519991,7cc9f4cee5c661bd,passed
regular-simd_off-t2-dynamicx16-r1-4000x3000.png,2026-09-18T17:03:56Z,4000x3000.png,4000,3000,Negative,1,2,dynamic,16,off,yes,unset,unset,hype2,12.2.0,-O3 -Wall -Wextra -std=c++17 -fopenmp -DOMP_EXPLICIT_SIMD=0 -fno-tree-vectorize,18.084803,043d4193294f2dcc,passed
regular-simd_off-t2-dynamicx16-r1-4000x3000.png,2026-09-18T17:03:56Z,4000x3000.png,4000,3000,Equalize_Histogram,1,2,dynamic,16,off,yes,unset,unset,hype2,12.2.0,-O3 -Wall -Wextra -std=c++17 -fopenmp -DOMP_EXPLICIT_SIMD=0 -fno-tree-vectorize,32.580181,243220feba4dd030,passed
regular-simd_off-t2-dynamicx16-r1-4000x3000.png,2026-09-18T17:03:56Z,4000x3000.png,4000,3000,Zoom_In,1,2,dynamic,16,off,yes,unset,unset,hype2,12.2.0,-O3 -Wall -Wextra -std=c++17 -fopenmp -DOMP_EXPLICIT_SIMD=0 -fno-tree-vectorize,69.731631,71b80276839f9533,passed
regular-simd_off-t2-dynamicx16-r1-4000x3000.png,2026-09-18T17:03:56Z,4000x3000.png,4000,3000,Zoom_Out,1,2,dynamic,16,off,no,unset,unset,hype2,12.2.0,-O3 -Wall -Wextra -std=c++17 -fopenmp -DOMP_EXPLICIT_SIMD=0 -fno-tree-vectorize,51.213244,a91f518a4f2dbd10,passed
regular-simd_off-t2-dynamicx16-r1-4000x3000.png,2026-09-18T17:03:56Z,4000x3000.png,4000,3000,Rotate_CW,1,2,dynamic,16,off,no,unset,unset,hype2,12.2.0,-O3 -Wall -Wextra -std=c++17 -fopenmp -DOMP_EXPLICIT_SIMD=0 -fno-tree-vectorize,51.164731,e0f27e61a205ef0a,passed
regular-simd_off-t2-dynamicx16-r1-4000x3000.png,2026-09-18T17:03:56Z,4000x3000.png,4000,3000,Rotate_CCW,1,2,dynamic,16,off,no,unset,unset,hype2,12.2.0,-O3 -Wall -Wextra -std=c++17 -fopenmp -DOMP_EXPLICIT_SIMD=0 -fno-tree-vectorize,51.085864,b4512f3b73b7723c,passed
regular-simd_off-t2-dynamicx16-r1-4000x3000.png,2026-09-18T17:03:57Z,4000x3000.png,4000,3000,Gaussian_3x3,1,2,dynamic,16,off,yes,unset,unset,hype2,12.2.0,-O3 -Wall -Wextra -std=c++17 -fopenmp -DOMP_EXPLICIT_SIMD=0 -fno-tree-vectorize,236.778965,bc1a93797b2afda7,passed
regular-simd_off-t2-dynamicx16-r1-4000x3000.png,2026-09-18T17:03:57Z,4000x3000.png,4000,3000,Gaussian_5x5,1,2,dynamic,16,off,yes,unset,unset,hype2,12.2.0,-O3 -Wall -Wextra -std=c++17 -fopenmp -DOMP_EXPLICIT_SIMD=0 -fno-tree-vectorize,420.484050,d67ccd9b6dbb62d8,passed
regular-simd_off-t2-dynamicx16-r1-4000x3000.png,2026-09-18T17:03:58Z,4000x3000.png,4000,3000,Gaussian_7x7,1,2,dynamic,16,off,yes,unset,unset,hype2,12.2.0,-O3 -Wall -Wextra -std=c++17 -fopenmp -DOMP_EXPLICIT_SIMD=0 -fno-tree-vectorize,722.430800,98f465f1820de349,passed
regular-simd_off-t2-dynamicx16-r1-4000x3000.png,2026-09-18T17:03:59Z,4000x3000.png,4000,3000,Gaussian_9x9,1,2,dynamic,16,off,yes,unset,unset,hype2,12.2.0,-O3 -Wall -Wextra -std=c++17 -fopenmp -DOMP_EXPLICIT_SIMD=0 -fno-tree-vectorize,1123.565279,8f9bd96ceab3a369,passed
regular-simd_off-t2-dynamicx16-r1-4000x3000.png,2026-09-18T17:04:01Z,4000x3000.png,4000,3000,Gaussian_11x11,1,2,dynamic,16,off,yes,unset,unset,hype2,12.2.0,-O3 -Wall -Wextra -std=c++17 -fopenmp -DOMP_EXPLICIT_SIMD=0 -fno-tree-vectorize,1612.444655,1e8adb9534bf99dc,passed
regular-simd_off-t2-dynamicx16-r1-6000x6000.png,2026-09-18T17:04:03Z,6000x6000.png,6000,6000,Grayscale,1,2,dynamic,16,off,yes,unset,unset,hype2,12.2.0,-O3 -Wall -Wextra -std=c++17 -fopenmp -DOMP_EXPLICIT_SIMD=0 -fno-tree-vectorize,71.758434,937793859b387046,passed
regular-simd_off-t2-dynamicx16-r1-6000x6000.png,2026-09-18T17:04:03Z,6000x6000.png,6000,6000,Flip_Horizontal,1,2,dynamic,16,off,no,unset,unset,hype2,12.2.0,-O3 -Wall -Wextra -std=c++17 -fopenmp -DOMP_EXPLICIT_SIMD=0 -fno-tree-vectorize,25.994729,3dfbc0e2f0b456c2,passed
regular-simd_off-t2-dynamicx16-r1-6000x6000.png,2026-09-18T17:04:03Z,6000x6000.png,6000,6000,Adjust_Brightness,1,2,dynamic,16,off,yes,unset,unset,hype2,12.2.0,-O3 -Wall -Wextra -std=c++17 -fopenmp -DOMP_EXPLICIT_SIMD=0 -fno-tree-vectorize,95.137504,5d4bea966648e7a7,passed
regular-simd_off-t2-dynamicx16-r1-6000x6000.png,2026-09-18T17:04:03Z,6000x6000.png,6000,6000,Flip_Vertical,1,2,dynamic,16,off,no,unset,unset,hype2,12.2.0,-O3 -Wall -Wextra -std=c++17 -fopenmp -DOMP_EXPLICIT_SIMD=0 -fno-tree-vectorize,8.382076,bd012cf684012198,passed
regular-simd_off-t2-dynamicx16-r1-6000x6000.png,2026-09-18T17:04:04Z,6000x6000.png,6000,6000,Quantize,1,2,dynamic,16,off,yes,unset,unset,hype2,12.2.0,-O3 -Wall -Wextra -std=c++17 -fopenmp -DOMP_EXPLICIT_SIMD=0 -fno-tree-vectorize,284.905901,b2e8843413e8e7a6,passed
regular-simd_off-t2-dynamicx16-r1-6000x6000.png,2026-09-18T17:04:04Z,6000x6000.png,6000,6000,Adjust_Contrast,1,2,dynamic,16,off,yes,unset,unset,hype2,12.2.0,-O3 -Wall -Wextra -std=c++17 -fopenmp -DOMP_EXPLICIT_SIMD=0 -fno-tree-vectorize,143.237346,c036bcbf5e6d6190,passed
regular-simd_off-t2-dynamicx16-r1-6000x6000.png,2026-09-18T17:04:04Z,6000x6000.png,6000,6000,Negative,1,2,dynamic,16,off,yes,unset,unset,hype2,12.2.0,-O3 -Wall -Wextra -std=c++17 -fopenmp -DOMP_EXPLICIT_SIMD=0 -fno-tree-vectorize,54.320484,0a497e94a83bbbc0,passed
regular-simd_off-t2-dynamicx16-r1-6000x6000.png,2026-09-18T17:04:05Z,6000x6000.png,6000,6000,Equalize_Histogram,1,2,dynamic,16,off,yes,unset,unset,hype2,12.2.0,-O3 -Wall -Wextra -std=c++17 -fopenmp -DOMP_EXPLICIT_SIMD=0 -fno-tree-vectorize,97.089175,5251e13888abb30f,passed
regular-simd_off-t2-dynamicx16-r1-6000x6000.png,2026-09-18T17:04:05Z,6000x6000.png,6000,6000,Zoom_In,1,2,dynamic,16,off,yes,unset,unset,hype2,12.2.0,-O3 -Wall -Wextra -std=c++17 -fopenmp -DOMP_EXPLICIT_SIMD=0 -fno-tree-vectorize,200.328303,4e063cbe88523a0e,passed
regular-simd_off-t2-dynamicx16-r1-6000x6000.png,2026-09-18T17:04:06Z,6000x6000.png,6000,6000,Zoom_Out,1,2,dynamic,16,off,no,unset,unset,hype2,12.2.0,-O3 -Wall -Wextra -std=c++17 -fopenmp -DOMP_EXPLICIT_SIMD=0 -fno-tree-vectorize,150.920962,8eace74e8cd425e6,passed
regular-simd_off-t2-dynamicx16-r1-6000x6000.png,2026-09-18T17:04:06Z,6000x6000.png,6000,6000,Rotate_CW,1,2,dynamic,16,off,no,unset,unset,hype2,12.2.0,-O3 -Wall -Wextra -std=c++17 -fopenmp -DOMP_EXPLICIT_SIMD=0 -fno-tree-vectorize,145.273170,dd5c83f3b3cee726,passed
regular-simd_off-t2-dynamicx16-r1-6000x6000.png,2026-09-18T17:04:06Z,6000x6000.png,6000,6000,Rotate_CCW,1,2,dynamic,16,off,no,unset,unset,hype2,12.2.0,-O3 -Wall -Wextra -std=c++17 -fopenmp -DOMP_EXPLICIT_SIMD=0 -fno-tree-vectorize,144.744736,51196bd3ed2b4ba4,passed
regular-simd_off-t2-dynamicx16-r1-6000x6000.png,2026-09-18T17:04:07Z,6000x6000.png,6000,6000,Gaussian_3x3,1,2,dynamic,16,off,yes,unset,unset,hype2,12.2.0,-O3 -Wall -Wextra -std=c++17 -fopenmp -DOMP_EXPLICIT_SIMD=0 -fno-tree-vectorize,712.550012,87566478e34b4f70,passed
regular-simd_off-t2-dynamicx16-r1-6000x6000.png,2026-09-18T17:04:09Z,6000x6000.png,6000,6000,Gaussian_5x5,1,2,dynamic,16,off,yes,unset,unset,hype2,12.2.0,-O3 -Wall -Wextra -std=c++17 -fopenmp -DOMP_EXPLICIT_SIMD=0 -fno-tree-vectorize,1260.458770,4b23a258f94a27f0,passed
regular-simd_off-t2-dynamicx16-r1-6000x6000.png,2026-09-18T17:04:11Z,6000x6000.png,6000,6000,Gaussian_7x7,1,2,dynamic,16,off,yes,unset,unset,hype2,12.2.0,-O3 -Wall -Wextra -std=c++17 -fopenmp -DOMP_EXPLICIT_SIMD=0 -fno-tree-vectorize,2194.186024,3771268fea0417e2,passed
regular-simd_off-t2-dynamicx16-r1-6000x6000.png,2026-09-18T17:04:15Z,6000x6000.png,6000,6000,Gaussian_9x9,1,2,dynamic,16,off,yes,unset,unset,hype2,12.2.0,-O3 -Wall -Wextra -std=c++17 -fopenmp -DOMP_EXPLICIT_SIMD=0 -fno-tree-vectorize,3358.214099,3f6b7f707a108bd5,passed
regular-simd_off-t2-dynamicx16-r1-6000x6000.png,2026-09-18T17:04:20Z,6000x6000.png,6000,6000,Gaussian_11x11,1,2,dynamic,16,off,yes,unset,unset,hype2,12.2.0,-O3 -Wall -Wextra -std=c++17 -fopenmp -DOMP_EXPLICIT_SIMD=0 -fno-tree-vectorize,4827.229363,c923a906c8989668,passed
regular-simd_omp-t2-dynamicx16-r1-4000x3000.png,2026-09-18T17:04:20Z,4000x3000.png,4000,3000,Grayscale,1,2,dynamic,16,omp,yes,unset,unset,hype2,12.2.0,-O3 -Wall -Wextra -std=c++17 -fopenmp -DOMP_EXPLICIT_SIMD=1,24.734548,00925fa85224b60c,passed
regular-simd_omp-t2-dynamicx16-r1-4000x3000.png,2026-09-18T17:04:20Z,4000x3000.png,4000,3000,Flip_Horizontal,1,2,dynamic,16,omp,no,unset,unset,hype2,12.2.0,-O3 -Wall -Wextra -std=c++17 -fopenmp -DOMP_EXPLICIT_SIMD=1,9.257152,45d5313341f5868e,passed
regular-simd_omp-t2-dynamicx16-r1-4000x3000.png,2026-09-18T17:04:20Z,4000x3000.png,4000,3000,Adjust_Brightness,1,2,dynamic,16,omp,yes,unset,unset,hype2,12.2.0,-O3 -Wall -Wextra -std=c++17 -fopenmp -DOMP_EXPLICIT_SIMD=1,32.568105,e488c03148da4f5b,passed
regular-simd_omp-t2-dynamicx16-r1-4000x3000.png,2026-09-18T17:04:20Z,4000x3000.png,4000,3000,Flip_Vertical,1,2,dynamic,16,omp,no,unset,unset,hype2,12.2.0,-O3 -Wall -Wextra -std=c++17 -fopenmp -DOMP_EXPLICIT_SIMD=1,2.780280,754d30e4e81eccfc,passed
regular-simd_omp-t2-dynamicx16-r1-4000x3000.png,2026-09-18T17:04:21Z,4000x3000.png,4000,3000,Quantize,1,2,dynamic,16,omp,yes,unset,unset,hype2,12.2.0,-O3 -Wall -Wextra -std=c++17 -fopenmp -DOMP_EXPLICIT_SIMD=1,104.900138,f01ef010a3fd2f20,passed
regular-simd_omp-t2-dynamicx16-r1-4000x3000.png,2026-09-18T17:04:21Z,4000x3000.png,4000,3000,Adjust_Contrast,1,2,dynamic,16,omp,yes,unset,unset,hype2,12.2.0,-O3 -Wall -Wextra -std=c++17 -fopenmp -DOMP_EXPLICIT_SIMD=1,47.436724,7cc9f4cee5c661bd,passed
regular-simd_omp-t2-dynamicx16-r1-4000x3000.png,2026-09-18T17:04:21Z,4000x3000.png,4000,3000,Negative,1,2,dynamic,16,omp,yes,unset,unset,hype2,12.2.0,-O3 -Wall -Wextra -std=c++17 -fopenmp -DOMP_EXPLICIT_SIMD=1,17.401956,043d4193294f2dcc,passed
regular-simd_omp-t2-dynamicx16-r1-4000x3000.png,2026-09-18T17:04:21Z,4000x3000.png,4000,3000,Equalize_Histogram,1,2,dynamic,16,omp,yes,unset,unset,hype2,12.2.0,-O3 -Wall -Wextra -std=c++17 -fopenmp -DOMP_EXPLICIT_SIMD=1,31.966732,243220feba4dd030,passed
regular-simd_omp-t2-dynamicx16-r1-4000x3000.png,2026-09-18T17:04:21Z,4000x3000.png,4000,3000,Zoom_In,1,2,dynamic,16,omp,yes,unset,unset,hype2,12.2.0,-O3 -Wall -Wextra -std=c++17 -fopenmp -DOMP_EXPLICIT_SIMD=1,57.156154,71b80276839f9533,passed
regular-simd_omp-t2-dynamicx16-r1-4000x3000.png,2026-09-18T17:04:21Z,4000x3000.png,4000,3000,Zoom_Out,1,2,dynamic,16,omp,no,unset,unset,hype2,12.2.0,-O3 -Wall -Wextra -std=c++17 -fopenmp -DOMP_EXPLICIT_SIMD=1,50.966776,a91f518a4f2dbd10,passed
regular-simd_omp-t2-dynamicx16-r1-4000x3000.png,2026-09-18T17:04:21Z,4000x3000.png,4000,3000,Rotate_CW,1,2,dynamic,16,omp,no,unset,unset,hype2,12.2.0,-O3 -Wall -Wextra -std=c++17 -fopenmp -DOMP_EXPLICIT_SIMD=1,52.573764,e0f27e61a205ef0a,passed
regular-simd_omp-t2-dynamicx16-r1-4000x3000.png,2026-09-18T17:04:21Z,4000x3000.png,4000,3000,Rotate_CCW,1,2,dynamic,16,omp,no,unset,unset,hype2,12.2.0,-O3 -Wall -Wextra -std=c++17 -fopenmp -DOMP_EXPLICIT_SIMD=1,52.251314,b4512f3b73b7723c,passed
regular-simd_omp-t2-dynamicx16-r1-4000x3000.png,2026-09-18T17:04:22Z,4000x3000.png,4000,3000,Gaussian_3x3,1,2,dynamic,16,omp,yes,unset,unset,hype2,12.2.0,-O3 -Wall -Wextra -std=c++17 -fopenmp -DOMP_EXPLICIT_SIMD=1,229.507515,bc1a93797b2afda7,passed
regular-simd_omp-t2-dynamicx16-r1-4000x3000.png,2026-09-18T17:04:22Z,4000x3000.png,4000,3000,Gaussian_5x5,1,2,dynamic,16,omp,yes,unset,unset,hype2,12.2.0,-O3 -Wall -Wextra -std=c++17 -fopenmp -DOMP_EXPLICIT_SIMD=1,418.829095,d67ccd9b6dbb62d8,passed
regular-simd_omp-t2-dynamicx16-r1-4000x3000.png,2026-09-18T17:04:23Z,4000x3000.png,4000,3000,Gaussian_7x7,1,2,dynamic,16,omp,yes,unset,unset,hype2,12.2.0,-O3 -Wall -Wextra -std=c++17 -fopenmp -DOMP_EXPLICIT_SIMD=1,718.827542,98f465f1820de349,passed
regular-simd_omp-t2-dynamicx16-r1-4000x3000.png,2026-09-18T17:04:24Z,4000x3000.png,4000,3000,Gaussian_9x9,1,2,dynamic,16,omp,yes,unset,unset,hype2,12.2.0,-O3 -Wall -Wextra -std=c++17 -fopenmp -DOMP_EXPLICIT_SIMD=1,1120.046617,8f9bd96ceab3a369,passed
regular-simd_omp-t2-dynamicx16-r1-4000x3000.png,2026-09-18T17:04:26Z,4000x3000.png,4000,3000,Gaussian_11x11,1,2,dynamic,16,omp,yes,unset,unset,hype2,12.2.0,-O3 -Wall -Wextra -std=c++17 -fopenmp -DOMP_EXPLICIT_SIMD=1,1599.365074,1e8adb9534bf99dc,passed
regular-simd_omp-t2-dynamicx16-r1-6000x6000.png,2026-09-18T17:04:27Z,6000x6000.png,6000,6000,Grayscale,1,2,dynamic,16,omp,yes,unset,unset,hype2,12.2.0,-O3 -Wall -Wextra -std=c++17 -fopenmp -DOMP_EXPLICIT_SIMD=1,73.610928,937793859b387046,passed
regular-simd_omp-t2-dynamicx16-r1-6000x6000.png,2026-09-18T17:04:28Z,6000x6000.png,6000,6000,Flip_Horizontal,1,2,dynamic,16,omp,no,unset,unset,hype2,12.2.0,-O3 -Wall -Wextra -std=c++17 -fopenmp -DOMP_EXPLICIT_SIMD=1,26.472751,3dfbc0e2f0b456c2,passed
regular-simd_omp-t2-dynamicx16-r1-6000x6000.png,2026-09-18T17:04:28Z,6000x6000.png,6000,6000,Adjust_Brightness,1,2,dynamic,16,omp,yes,unset,unset,hype2,12.2.0,-O3 -Wall -Wextra -std=c++17 -fopenmp -DOMP_EXPLICIT_SIMD=1,97.497431,5d4bea966648e7a7,passed
regular-simd_omp-t2-dynamicx16-r1-6000x6000.png,2026-09-18T17:04:28Z,6000x6000.png,6000,6000,Flip_Vertical,1,2,dynamic,16,omp,no,unset,unset,hype2,12.2.0,-O3 -Wall -Wextra -std=c++17 -fopenmp -DOMP_EXPLICIT_SIMD=1,8.404193,bd012cf684012198,passed
regular-simd_omp-t2-dynamicx16-r1-6000x6000.png,2026-09-18T17:04:29Z,6000x6000.png,6000,6000,Quantize,1,2,dynamic,16,omp,yes,unset,unset,hype2,12.2.0,-O3 -Wall -Wextra -std=c++17 -fopenmp -DOMP_EXPLICIT_SIMD=1,287.204408,b2e8843413e8e7a6,passed
regular-simd_omp-t2-dynamicx16-r1-6000x6000.png,2026-09-18T17:04:29Z,6000x6000.png,6000,6000,Adjust_Contrast,1,2,dynamic,16,omp,yes,unset,unset,hype2,12.2.0,-O3 -Wall -Wextra -std=c++17 -fopenmp -DOMP_EXPLICIT_SIMD=1,143.066186,c036bcbf5e6d6190,passed
regular-simd_omp-t2-dynamicx16-r1-6000x6000.png,2026-09-18T17:04:29Z,6000x6000.png,6000,6000,Negative,1,2,dynamic,16,omp,yes,unset,unset,hype2,12.2.0,-O3 -Wall -Wextra -std=c++17 -fopenmp -DOMP_EXPLICIT_SIMD=1,51.752349,0a497e94a83bbbc0,passed
regular-simd_omp-t2-dynamicx16-r1-6000x6000.png,2026-09-18T17:04:30Z,6000x6000.png,6000,6000,Equalize_Histogram,1,2,dynamic,16,omp,yes,unset,unset,hype2,12.2.0,-O3 -Wall -Wextra -std=c++17 -fopenmp -DOMP_EXPLICIT_SIMD=1,96.740120,5251e13888abb30f,passed
regular-simd_omp-t2-dynamicx16-r1-6000x6000.png,2026-09-18T17:04:30Z,6000x6000.png,6000,6000,Zoom_In,1,2,dynamic,16,omp,yes,unset,unset,hype2,12.2.0,-O3 -Wall -Wextra -std=c++17 -fopenmp -DOMP_EXPLICIT_SIMD=1,168.348422,4e063cbe88523a0e,passed
regular-simd_omp-t2-dynamicx16-r1-6000x6000.png,2026-09-18T17:04:31Z,6000x6000.png,6000,6000,Zoom_Out,1,2,dynamic,16,omp,no,unset,unset,hype2,12.2.0,-O3 -Wall -Wextra -std=c++17 -fopenmp -DOMP_EXPLICIT_SIMD=1,150.769263,8eace74e8cd425e6,passed
regular-simd_omp-t2-dynamicx16-r1-6000x6000.png,2026-09-18T17:04:31Z,6000x6000.png,6000,6000,Rotate_CW,1,2,dynamic,16,omp,no,unset,unset,hype2,12.2.0,-O3 -Wall -Wextra -std=c++17 -fopenmp -DOMP_EXPLICIT_SIMD=1,145.023905,dd5c83f3b3cee726,passed
regular-simd_omp-t2-dynamicx16-r1-6000x6000.png,2026-09-18T17:04:31Z,6000x6000.png,6000,6000,Rotate_CCW,1,2,dynamic,16,omp,no,unset,unset,hype2,12.2.0,-O3 -Wall -Wextra -std=c++17 -fopenmp -DOMP_EXPLICIT_SIMD=1,148.501469,51196bd3ed2b4ba4,passed
regular-simd_omp-t2-dynamicx16-r1-6000x6000.png,2026-09-18T17:04:32Z,6000x6000.png,6000,6000,Gaussian_3x3,1,2,dynamic,16,omp,yes,unset,unset,hype2,12.2.0,-O3 -Wall -Wextra -std=c++17 -fopenmp -DOMP_EXPLICIT_SIMD=1,697.467011,87566478e34b4f70,passed
regular-simd_omp-t2-dynamicx16-r1-6000x6000.png,2026-09-18T17:04:34Z,6000x6000.png,6000,6000,Gaussian_5x5,1,2,dynamic,16,omp,yes,unset,unset,hype2,12.2.0,-O3 -Wall -Wextra -std=c++17 -fopenmp -DOMP_EXPLICIT_SIMD=1,1265.751924,4b23a258f94a27f0,passed
regular-simd_omp-t2-dynamicx16-r1-6000x6000.png,2026-09-18T17:04:36Z,6000x6000.png,6000,6000,Gaussian_7x7,1,2,dynamic,16,omp,yes,unset,unset,hype2,12.2.0,-O3 -Wall -Wextra -std=c++17 -fopenmp -DOMP_EXPLICIT_SIMD=1,2185.434759,3771268fea0417e2,passed
regular-simd_omp-t2-dynamicx16-r1-6000x6000.png,2026-09-18T17:04:39Z,6000x6000.png,6000,6000,Gaussian_9x9,1,2,dynamic,16,omp,yes,unset,unset,hype2,12.2.0,-O3 -Wall -Wextra -std=c++17 -fopenmp -DOMP_EXPLICIT_SIMD=1,3344.616268,3f6b7f707a108bd5,passed
regular-simd_omp-t2-dynamicx16-r1-6000x6000.png,2026-09-18T17:04:45Z,6000x6000.png,6000,6000,Gaussian_11x11,1,2,dynamic,16,omp,yes,unset,unset,hype2,12.2.0,-O3 -Wall -Wextra -std=c++17 -fopenmp -DOMP_EXPLICIT_SIMD=1,4837.223657,c923a906c8989668,passed
regular-simd_omp-t2-static-r2-4000x3000.png,2026-09-18T17:04:45Z,4000x3000.png,4000,3000,Grayscale,2,2,static,,omp,yes,unset,unset,hype2,12.2.0,-O3 -Wall -Wextra -std=c++17 -fopenmp -DOMP_EXPLICIT_SIMD=1,25.654121,00925fa85224b60c,passed
regular-simd_omp-t2-static-r2-4000x3000.png,2026-09-18T17:04:45Z,4000x3000.png,4000,3000,Flip_Horizontal,2,2,static,,omp,no,unset,unset,hype2,12.2.0,-O3 -Wall -Wextra -std=c++17 -fopenmp -DOMP_EXPLICIT_SIMD=1,11.025008,45d5313341f5868e,passed
regular-simd_omp-t2-static-r2-4000x3000.png,2026-09-18T17:04:45Z,4000x3000.png,4000,3000,Adjust_Brightness,2,2,static,,omp,yes,unset,unset,hype2,12.2.0,-O3 -Wall -Wextra -std=c++17 -fopenmp -DOMP_EXPLICIT_SIMD=1,33.415317,e488c03148da4f5b,passed
regular-simd_omp-t2-static-r2-4000x3000.png,2026-09-18T17:04:45Z,4000x3000.png,4000,3000,Flip_Vertical,2,2,static,,omp,no,unset,unset,hype2,12.2.0,-O3 -Wall -Wextra -std=c++17 -fopenmp -DOMP_EXPLICIT_SIMD=1,2.740323,754d30e4e81eccfc,passed
regular-simd_omp-t2-static-r2-4000x3000.png,2026-09-18T17:04:45Z,4000x3000.png,4000,3000,Quantize,2,2,static,,omp,yes,unset,unset,hype2,12.2.0,-O3 -Wall -Wextra -std=c++17 -fopenmp -DOMP_EXPLICIT_SIMD=1,105.796141,f01ef010a3fd2f20,passed
regular-simd_omp-t2-static-r2-4000x3000.png,2026-09-18T17:04:46Z,4000x3000.png,4000,3000,Adjust_Contrast,2,2,static,,omp,yes,unset,unset,hype2,12.2.0,-O3 -Wall -Wextra -std=c++17 -fopenmp -DOMP_EXPLICIT_SIMD=1,48.204965,7cc9f4cee5c661bd,passed
regular-simd_omp-t2-static-r2-4000x3000.png,2026-09-18T17:04:46Z,4000x3000.png,4000,3000,Negative,2,2,static,,omp,yes,unset,unset,hype2,12.2.0,-O3 -Wall -Wextra -std=c++17 -fopenmp -DOMP_EXPLICIT_SIMD=1,17.962736,043d4193294f2dcc,passed
regular-simd_omp-t2-static-r2-4000x3000.png,2026-09-18T17:04:46Z,4000x3000.png,4000,3000,Equalize_Histogram,2,2,static,,omp,yes,unset,unset,hype2,12.2.0,-O3 -Wall -Wextra -std=c++17 -fopenmp -DOMP_EXPLICIT_SIMD=1,33.440250,243220feba4dd030,passed
regular-simd_omp-t2-static-r2-4000x3000.png,2026-09-18T17:04:46Z,4000x3000.png,4000,3000,Zoom_In,2,2,static,,omp,yes,unset,unset,hype2,12.2.0,-O3 -Wall -Wextra -std=c++17 -fopenmp -DOMP_EXPLICIT_SIMD=1,52.766714,71b80276839f9533,passed
regular-simd_omp-t2-static-r2-4000x3000.png,2026-09-18T17:04:46Z,4000x3000.png,4000,3000,Zoom_Out,2,2,static,,omp,no,unset,unset,hype2,12.2.0,-O3 -Wall -Wextra -std=c++17 -fopenmp -DOMP_EXPLICIT_SIMD=1,50.926433,a91f518a4f2dbd10,passed
regular-simd_omp-t2-static-r2-4000x3000.png,2026-09-18T17:04:46Z,4000x3000.png,4000,3000,Rotate_CW,2,2,static,,omp,no,unset,unset,hype2,12.2.0,-O3 -Wall -Wextra -std=c++17 -fopenmp -DOMP_EXPLICIT_SIMD=1,45.510240,e0f27e61a205ef0a,passed
regular-simd_omp-t2-static-r2-4000x3000.png,2026-09-18T17:04:46Z,4000x3000.png,4000,3000,Rotate_CCW,2,2,static,,omp,no,unset,unset,hype2,12.2.0,-O3 -Wall -Wextra -std=c++17 -fopenmp -DOMP_EXPLICIT_SIMD=1,51.329859,b4512f3b73b7723c,passed
regular-simd_omp-t2-static-r2-4000x3000.png,2026-09-18T17:04:47Z,4000x3000.png,4000,3000,Gaussian_3x3,2,2,static,,omp,yes,unset,unset,hype2,12.2.0,-O3 -Wall -Wextra -std=c++17 -fopenmp -DOMP_EXPLICIT_SIMD=1,230.720157,bc1a93797b2afda7,passed
regular-simd_omp-t2-static-r2-4000x3000.png,2026-09-18T17:04:47Z,4000x3000.png,4000,3000,Gaussian_5x5,2,2,static,,omp,yes,unset,unset,hype2,12.2.0,-O3 -Wall -Wextra -std=c++17 -fopenmp -DOMP_EXPLICIT_SIMD=1,421.845459,d67ccd9b6dbb62d8,passed
regular-simd_omp-t2-static-r2-4000x3000.png,2026-09-18T17:04:48Z,4000x3000.png,4000,3000,Gaussian_7x7,2,2,static,,omp,yes,unset,unset,hype2,12.2.0,-O3 -Wall -Wextra -std=c++17 -fopenmp -DOMP_EXPLICIT_SIMD=1,724.186944,98f465f1820de349,passed
regular-simd_omp-t2-static-r2-4000x3000.png,2026-09-18T17:04:49Z,4000x3000.png,4000,3000,Gaussian_9x9,2,2,static,,omp,yes,unset,unset,hype2,12.2.0,-O3 -Wall -Wextra -std=c++17 -fopenmp -DOMP_EXPLICIT_SIMD=1,1132.823329,8f9bd96ceab3a369,passed
regular-simd_omp-t2-static-r2-4000x3000.png,2026-09-18T17:04:51Z,4000x3000.png,4000,3000,Gaussian_11x11,2,2,static,,omp,yes,unset,unset,hype2,12.2.0,-O3 -Wall -Wextra -std=c++17 -fopenmp -DOMP_EXPLICIT_SIMD=1,1609.072112,1e8adb9534bf99dc,passed
regular-simd_omp-t2-static-r2-6000x6000.png,2026-09-18T17:04:52Z,6000x6000.png,6000,6000,Grayscale,2,2,static,,omp,yes,unset,unset,hype2,12.2.0,-O3 -Wall -Wextra -std=c++17 -fopenmp -DOMP_EXPLICIT_SIMD=1,75.456815,937793859b387046,passed
regular-simd_omp-t2-static-r2-6000x6000.png,2026-09-18T17:04:53Z,6000x6000.png,6000,6000,Flip_Horizontal,2,2,static,,omp,no,unset,unset,hype2,12.2.0,-O3 -Wall -Wextra -std=c++17 -fopenmp -DOMP_EXPLICIT_SIMD=1,30.148459,3dfbc0e2f0b456c2,passed
regular-simd_omp-t2-static-r2-6000x6000.png,2026-09-18T17:04:53Z,6000x6000.png,6000,6000,Adjust_Brightness,2,2,static,,omp,yes,unset,unset,hype2,12.2.0,-O3 -Wall -Wextra -std=c++17 -fopenmp -DOMP_EXPLICIT_SIMD=1,98.939501,5d4bea966648e7a7,passed
regular-simd_omp-t2-static-r2-6000x6000.png,2026-09-18T17:04:53Z,6000x6000.png,6000,6000,Flip_Vertical,2,2,static,,omp,no,unset,unset,hype2,12.2.0,-O3 -Wall -Wextra -std=c++17 -fopenmp -DOMP_EXPLICIT_SIMD=1,8.425351,bd012cf684012198,passed
regular-simd_omp-t2-static-r2-6000x6000.png,2026-09-18T17:04:54Z,6000x6000.png,6000,6000,Quantize,2,2,static,,omp,yes,unset,unset,hype2,12.2.0,-O3 -Wall -Wextra -std=c++17 -fopenmp -DOMP_EXPLICIT_SIMD=1,289.872721,b2e8843413e8e7a6,passed
regular-simd_omp-t2-static-r2-6000x6000.png,2026-09-18T17:04:54Z,6000x6000.png,6000,6000,Adjust_Contrast,2,2,static,,omp,yes,unset,unset,hype2,12.2.0,-O3 -Wall -Wextra -std=c++17 -fopenmp -DOMP_EXPLICIT_SIMD=1,144.805500,c036bcbf5e6d6190,passed
regular-simd_omp-t2-static-r2-6000x6000.png,2026-09-18T17:04:54Z,6000x6000.png,6000,6000,Negative,2,2,static,,omp,yes,unset,unset,hype2,12.2.0,-O3 -Wall -Wextra -std=c++17 -fopenmp -DOMP_EXPLICIT_SIMD=1,52.003864,0a497e94a83bbbc0,passed
regular-simd_omp-t2-static-r2-6000x6000.png,2026-09-18T17:04:54Z,6000x6000.png,6000,6000,Equalize_Histogram,2,2,static,,omp,yes,unset,unset,hype2,12.2.0,-O3 -Wall -Wextra -std=c++17 -fopenmp -DOMP_EXPLICIT_SIMD=1,96.614007,5251e13888abb30f,passed
regular-simd_omp-t2-static-r2-6000x6000.png,2026-09-18T17:04:55Z,6000x6000.png,6000,6000,Zoom_In,2,2,static,,omp,yes,unset,unset,hype2,12.2.0,-O3 -Wall -Wextra -std=c++17 -fopenmp -DOMP_EXPLICIT_SIMD=1,151.897759,4e063cbe88523a0e,passed
regular-simd_omp-t2-static-r2-6000x6000.png,2026-09-18T17:04:56Z,6000x6000.png,6000,6000,Zoom_Out,2,2,static,,omp,no,unset,unset,hype2,12.2.0,-O3 -Wall -Wextra -std=c++17 -fopenmp -DOMP_EXPLICIT_SIMD=1,150.794601,8eace74e8cd425e6,passed
regular-simd_omp-t2-static-r2-6000x6000.png,2026-09-18T17:04:56Z,6000x6000.png,6000,6000,Rotate_CW,2,2,static,,omp,no,unset,unset,hype2,12.2.0,-O3 -Wall -Wextra -std=c++17 -fopenmp -DOMP_EXPLICIT_SIMD=1,155.547084,dd5c83f3b3cee726,passed
regular-simd_omp-t2-static-r2-6000x6000.png,2026-09-18T17:04:56Z,6000x6000.png,6000,6000,Rotate_CCW,2,2,static,,omp,no,unset,unset,hype2,12.2.0,-O3 -Wall -Wextra -std=c++17 -fopenmp -DOMP_EXPLICIT_SIMD=1,164.385688,51196bd3ed2b4ba4,passed
regular-simd_omp-t2-static-r2-6000x6000.png,2026-09-18T17:04:57Z,6000x6000.png,6000,6000,Gaussian_3x3,2,2,static,,omp,yes,unset,unset,hype2,12.2.0,-O3 -Wall -Wextra -std=c++17 -fopenmp -DOMP_EXPLICIT_SIMD=1,697.780897,87566478e34b4f70,passed
regular-simd_omp-t2-static-r2-6000x6000.png,2026-09-18T17:04:59Z,6000x6000.png,6000,6000,Gaussian_5x5,2,2,static,,omp,yes,unset,unset,hype2,12.2.0,-O3 -Wall -Wextra -std=c++17 -fopenmp -DOMP_EXPLICIT_SIMD=1,1265.230961,4b23a258f94a27f0,passed
regular-simd_omp-t2-static-r2-6000x6000.png,2026-09-18T17:05:01Z,6000x6000.png,6000,6000,Gaussian_7x7,2,2,static,,omp,yes,unset,unset,hype2,12.2.0,-O3 -Wall -Wextra -std=c++17 -fopenmp -DOMP_EXPLICIT_SIMD=1,2185.634366,3771268fea0417e2,passed
regular-simd_omp-t2-static-r2-6000x6000.png,2026-09-18T17:05:04Z,6000x6000.png,6000,6000,Gaussian_9x9,2,2,static,,omp,yes,unset,unset,hype2,12.2.0,-O3 -Wall -Wextra -std=c++17 -fopenmp -DOMP_EXPLICIT_SIMD=1,3373.737846,3f6b7f707a108bd5,passed
regular-simd_omp-t2-static-r2-6000x6000.png,2026-09-18T17:05:10Z,6000x6000.png,6000,6000,Gaussian_11x11,2,2,static,,omp,yes,unset,unset,hype2,12.2.0,-O3 -Wall -Wextra -std=c++17 -fopenmp -DOMP_EXPLICIT_SIMD=1,4834.270935,c923a906c8989668,passed
regular-simd_off-t2-dynamicx1-r2-4000x3000.png,2026-09-18T17:05:10Z,4000x3000.png,4000,3000,Grayscale,2,2,dynamic,1,off,yes,unset,unset,hype2,12.2.0,-O3 -Wall -Wextra -std=c++17 -fopenmp -DOMP_EXPLICIT_SIMD=0 -fno-tree-vectorize,24.358215,00925fa85224b60c,passed
regular-simd_off-t2-dynamicx1-r2-4000x3000.png,2026-09-18T17:05:10Z,4000x3000.png,4000,3000,Flip_Horizontal,2,2,dynamic,1,off,no,unset,unset,hype2,12.2.0,-O3 -Wall -Wextra -std=c++17 -fopenmp -DOMP_EXPLICIT_SIMD=0 -fno-tree-vectorize,8.675884,45d5313341f5868e,passed
regular-simd_off-t2-dynamicx1-r2-4000x3000.png,2026-09-18T17:05:10Z,4000x3000.png,4000,3000,Adjust_Brightness,2,2,dynamic,1,off,yes,unset,unset,hype2,12.2.0,-O3 -Wall -Wextra -std=c++17 -fopenmp -DOMP_EXPLICIT_SIMD=0 -fno-tree-vectorize,32.291896,e488c03148da4f5b,passed
regular-simd_off-t2-dynamicx1-r2-4000x3000.png,2026-09-18T17:05:10Z,4000x3000.png,4000,3000,Flip_Vertical,2,2,dynamic,1,off,no,unset,unset,hype2,12.2.0,-O3 -Wall -Wextra -std=c++17 -fopenmp -DOMP_EXPLICIT_SIMD=0 -fno-tree-vectorize,2.852601,754d30e4e81eccfc,passed
regular-simd_off-t2-dynamicx1-r2-4000x3000.png,2026-09-18T17:05:10Z,4000x3000.png,4000,3000,Quantize,2,2,dynamic,1,off,yes,unset,unset,hype2,12.2.0,-O3 -Wall -Wextra -std=c++17 -fopenmp -DOMP_EXPLICIT_SIMD=0 -fno-tree-vectorize,105.742733,f01ef010a3fd2f20,passed
regular-simd_off-t2-dynamicx1-r2-4000x3000.png,2026-09-18T17:05:11Z,4000x3000.png,4000,3000,Adjust_Contrast,2,2,dynamic,1,off,yes,unset,unset,hype2,12.2.0,-O3 -Wall -Wextra -std=c++17 -fopenmp -DOMP_EXPLICIT_SIMD=0 -fno-tree-vectorize,48.964343,7cc9f4cee5c661bd,passed
regular-simd_off-t2-dynamicx1-r2-4000x3000.png,2026-09-18T17:05:11Z,4000x3000.png,4000,3000,Negative,2,2,dynamic,1,off,yes,unset,unset,hype2,12.2.0,-O3 -Wall -Wextra -std=c++17 -fopenmp -DOMP_EXPLICIT_SIMD=0 -fno-tree-vectorize,18.724626,043d4193294f2dcc,passed
regular-simd_off-t2-dynamicx1-r2-4000x3000.png,2026-09-18T17:05:11Z,4000x3000.png,4000,3000,Equalize_Histogram,2,2,dynamic,1,off,yes,unset,unset,hype2,12.2.0,-O3 -Wall -Wextra -std=c++17 -fopenmp -DOMP_EXPLICIT_SIMD=0 -fno-tree-vectorize,33.075323,243220feba4dd030,passed
regular-simd_off-t2-dynamicx1-r2-4000x3000.png,2026-09-18T17:05:11Z,4000x3000.png,4000,3000,Zoom_In,2,2,dynamic,1,off,yes,unset,unset,hype2,12.2.0,-O3 -Wall -Wextra -std=c++17 -fopenmp -DOMP_EXPLICIT_SIMD=0 -fno-tree-vectorize,67.861879,71b80276839f9533,passed
regular-simd_off-t2-dynamicx1-r2-4000x3000.png,2026-09-18T17:05:11Z,4000x3000.png,4000,3000,Zoom_Out,2,2,dynamic,1,off,no,unset,unset,hype2,12.2.0,-O3 -Wall -Wextra -std=c++17 -fopenmp -DOMP_EXPLICIT_SIMD=0 -fno-tree-vectorize,50.931906,a91f518a4f2dbd10,passed
regular-simd_off-t2-dynamicx1-r2-4000x3000.png,2026-09-18T17:05:11Z,4000x3000.png,4000,3000,Rotate_CW,2,2,dynamic,1,off,no,unset,unset,hype2,12.2.0,-O3 -Wall -Wextra -std=c++17 -fopenmp -DOMP_EXPLICIT_SIMD=0 -fno-tree-vectorize,54.999039,e0f27e61a205ef0a,passed
regular-simd_off-t2-dynamicx1-r2-4000x3000.png,2026-09-18T17:05:11Z,4000x3000.png,4000,3000,Rotate_CCW,2,2,dynamic,1,off,no,unset,unset,hype2,12.2.0,-O3 -Wall -Wextra -std=c++17 -fopenmp -DOMP_EXPLICIT_SIMD=0 -fno-tree-vectorize,56.310428,b4512f3b73b7723c,passed
regular-simd_off-t2-dynamicx1-r2-4000x3000.png,2026-09-18T17:05:12Z,4000x3000.png,4000,3000,Gaussian_3x3,2,2,dynamic,1,off,yes,unset,unset,hype2,12.2.0,-O3 -Wall -Wextra -std=c++17 -fopenmp -DOMP_EXPLICIT_SIMD=0 -fno-tree-vectorize,237.471384,bc1a93797b2afda7,passed
regular-simd_off-t2-dynamicx1-r2-4000x3000.png,2026-09-18T17:05:12Z,4000x3000.png,4000,3000,Gaussian_5x5,2,2,dynamic,1,off,yes,unset,unset,hype2,12.2.0,-O3 -Wall -Wextra -std=c++17 -fopenmp -DOMP_EXPLICIT_SIMD=0 -fno-tree-vectorize,422.548553,d67ccd9b6dbb62d8,passed
regular-simd_off-t2-dynamicx1-r2-4000x3000.png,2026-09-18T17:05:13Z,4000x3000.png,4000,3000,Gaussian_7x7,2,2,dynamic,1,off,yes,unset,unset,hype2,12.2.0,-O3 -Wall -Wextra -std=c++17 -fopenmp -DOMP_EXPLICIT_SIMD=0 -fno-tree-vectorize,723.239333,98f465f1820de349,passed
regular-simd_off-t2-dynamicx1-r2-4000x3000.png,2026-09-18T17:05:14Z,4000x3000.png,4000,3000,Gaussian_9x9,2,2,dynamic,1,off,yes,unset,unset,hype2,12.2.0,-O3 -Wall -Wextra -std=c++17 -fopenmp -DOMP_EXPLICIT_SIMD=0 -fno-tree-vectorize,1121.655300,8f9bd96ceab3a369,passed
regular-simd_off-t2-dynamicx1-r2-4000x3000.png,2026-09-18T17:05:16Z,4000x3000.png,4000,3000,Gaussian_11x11,2,2,dynamic,1,off,yes,unset,unset,hype2,12.2.0,-O3 -Wall -Wextra -std=c++17 -fopenmp -DOMP_EXPLICIT_SIMD=0 -fno-tree-vectorize,1609.034813,1e8adb9534bf99dc,passed
regular-simd_off-t2-dynamicx1-r2-6000x6000.png,2026-09-18T17:05:17Z,6000x6000.png,6000,6000,Grayscale,2,2,dynamic,1,off,yes,unset,unset,hype2,12.2.0,-O3 -Wall -Wextra -std=c++17 -fopenmp -DOMP_EXPLICIT_SIMD=0 -fno-tree-vectorize,72.201945,937793859b387046,passed
regular-simd_off-t2-dynamicx1-r2-6000x6000.png,2026-09-18T17:05:18Z,6000x6000.png,6000,6000,Flip_Horizontal,2,2,dynamic,1,off,no,unset,unset,hype2,12.2.0,-O3 -Wall -Wextra -std=c++17 -fopenmp -DOMP_EXPLICIT_SIMD=0 -fno-tree-vectorize,24.824523,3dfbc0e2f0b456c2,passed
regular-simd_off-t2-dynamicx1-r2-6000x6000.png,2026-09-18T17:05:18Z,6000x6000.png,6000,6000,Adjust_Brightness,2,2,dynamic,1,off,yes,unset,unset,hype2,12.2.0,-O3 -Wall -Wextra -std=c++17 -fopenmp -DOMP_EXPLICIT_SIMD=0 -fno-tree-vectorize,94.740894,5d4bea966648e7a7,passed
regular-simd_off-t2-dynamicx1-r2-6000x6000.png,2026-09-18T17:05:18Z,6000x6000.png,6000,6000,Flip_Vertical,2,2,dynamic,1,off,no,unset,unset,hype2,12.2.0,-O3 -Wall -Wextra -std=c++17 -fopenmp -DOMP_EXPLICIT_SIMD=0 -fno-tree-vectorize,8.719332,bd012cf684012198,passed
regular-simd_off-t2-dynamicx1-r2-6000x6000.png,2026-09-18T17:05:19Z,6000x6000.png,6000,6000,Quantize,2,2,dynamic,1,off,yes,unset,unset,hype2,12.2.0,-O3 -Wall -Wextra -std=c++17 -fopenmp -DOMP_EXPLICIT_SIMD=0 -fno-tree-vectorize,283.948084,b2e8843413e8e7a6,passed
regular-simd_off-t2-dynamicx1-r2-6000x6000.png,2026-09-18T17:05:19Z,6000x6000.png,6000,6000,Adjust_Contrast,2,2,dynamic,1,off,yes,unset,unset,hype2,12.2.0,-O3 -Wall -Wextra -std=c++17 -fopenmp -DOMP_EXPLICIT_SIMD=0 -fno-tree-vectorize,142.240064,c036bcbf5e6d6190,passed
regular-simd_off-t2-dynamicx1-r2-6000x6000.png,2026-09-18T17:05:19Z,6000x6000.png,6000,6000,Negative,2,2,dynamic,1,off,yes,unset,unset,hype2,12.2.0,-O3 -Wall -Wextra -std=c++17 -fopenmp -DOMP_EXPLICIT_SIMD=0 -fno-tree-vectorize,54.203273,0a497e94a83bbbc0,passed
regular-simd_off-t2-dynamicx1-r2-6000x6000.png,2026-09-18T17:05:20Z,6000x6000.png,6000,6000,Equalize_Histogram,2,2,dynamic,1,off,yes,unset,unset,hype2,12.2.0,-O3 -Wall -Wextra -std=c++17 -fopenmp -DOMP_EXPLICIT_SIMD=0 -fno-tree-vectorize,97.741130,5251e13888abb30f,passed
regular-simd_off-t2-dynamicx1-r2-6000x6000.png,2026-09-18T17:05:20Z,6000x6000.png,6000,6000,Zoom_In,2,2,dynamic,1,off,yes,unset,unset,hype2,12.2.0,-O3 -Wall -Wextra -std=c++17 -fopenmp -DOMP_EXPLICIT_SIMD=0 -fno-tree-vectorize,199.827379,4e063cbe88523a0e,passed
regular-simd_off-t2-dynamicx1-r2-6000x6000.png,2026-09-18T17:05:21Z,6000x6000.png,6000,6000,Zoom_Out,2,2,dynamic,1,off,no,unset,unset,hype2,12.2.0,-O3 -Wall -Wextra -std=c++17 -fopenmp -DOMP_EXPLICIT_SIMD=0 -fno-tree-vectorize,150.795927,8eace74e8cd425e6,passed
regular-simd_off-t2-dynamicx1-r2-6000x6000.png,2026-09-18T17:05:21Z,6000x6000.png,6000,6000,Rotate_CW,2,2,dynamic,1,off,no,unset,unset,hype2,12.2.0,-O3 -Wall -Wextra -std=c++17 -fopenmp -DOMP_EXPLICIT_SIMD=0 -fno-tree-vectorize,202.544724,dd5c83f3b3cee726,passed
regular-simd_off-t2-dynamicx1-r2-6000x6000.png,2026-09-18T17:05:21Z,6000x6000.png,6000,6000,Rotate_CCW,2,2,dynamic,1,off,no,unset,unset,hype2,12.2.0,-O3 -Wall -Wextra -std=c++17 -fopenmp -DOMP_EXPLICIT_SIMD=0 -fno-tree-vectorize,201.835478,51196bd3ed2b4ba4,passed
regular-simd_off-t2-dynamicx1-r2-6000x6000.png,2026-09-18T17:05:22Z,6000x6000.png,6000,6000,Gaussian_3x3,2,2,dynamic,1,off,yes,unset,unset,hype2,12.2.0,-O3 -Wall -Wextra -std=c++17 -fopenmp -DOMP_EXPLICIT_SIMD=0 -fno-tree-vectorize,709.989597,87566478e34b4f70,passed
regular-simd_off-t2-dynamicx1-r2-6000x6000.png,2026-09-18T17:05:24Z,6000x6000.png,6000,6000,Gaussian_5x5,2,2,dynamic,1,off,yes,unset,unset,hype2,12.2.0,-O3 -Wall -Wextra -std=c++17 -fopenmp -DOMP_EXPLICIT_SIMD=0 -fno-tree-vectorize,1255.011603,4b23a258f94a27f0,passed
regular-simd_off-t2-dynamicx1-r2-6000x6000.png,2026-09-18T17:05:26Z,6000x6000.png,6000,6000,Gaussian_7x7,2,2,dynamic,1,off,yes,unset,unset,hype2,12.2.0,-O3 -Wall -Wextra -std=c++17 -fopenmp -DOMP_EXPLICIT_SIMD=0 -fno-tree-vectorize,2163.784108,3771268fea0417e2,passed
regular-simd_off-t2-dynamicx1-r2-6000x6000.png,2026-09-18T17:05:30Z,6000x6000.png,6000,6000,Gaussian_9x9,2,2,dynamic,1,off,yes,unset,unset,hype2,12.2.0,-O3 -Wall -Wextra -std=c++17 -fopenmp -DOMP_EXPLICIT_SIMD=0 -fno-tree-vectorize,3333.174370,3f6b7f707a108bd5,passed
regular-simd_off-t2-dynamicx1-r2-6000x6000.png,2026-09-18T17:05:35Z,6000x6000.png,6000,6000,Gaussian_11x11,2,2,dynamic,1,off,yes,unset,unset,hype2,12.2.0,-O3 -Wall -Wextra -std=c++17 -fopenmp -DOMP_EXPLICIT_SIMD=0 -fno-tree-vectorize,4806.714208,c923a906c8989668,passed
regular-simd_omp-t2-dynamicx1-r2-4000x3000.png,2026-09-18T17:05:35Z,4000x3000.png,4000,3000,Grayscale,2,2,dynamic,1,omp,yes,unset,unset,hype2,12.2.0,-O3 -Wall -Wextra -std=c++17 -fopenmp -DOMP_EXPLICIT_SIMD=1,25.398745,00925fa85224b60c,passed
regular-simd_omp-t2-dynamicx1-r2-4000x3000.png,2026-09-18T17:05:35Z,4000x3000.png,4000,3000,Flip_Horizontal,2,2,dynamic,1,omp,no,unset,unset,hype2,12.2.0,-O3 -Wall -Wextra -std=c++17 -fopenmp -DOMP_EXPLICIT_SIMD=1,8.643595,45d5313341f5868e,passed
regular-simd_omp-t2-dynamicx1-r2-4000x3000.png,2026-09-18T17:05:35Z,4000x3000.png,4000,3000,Adjust_Brightness,2,2,dynamic,1,omp,yes,unset,unset,hype2,12.2.0,-O3 -Wall -Wextra -std=c++17 -fopenmp -DOMP_EXPLICIT_SIMD=1,32.971117,e488c03148da4f5b,passed
regular-simd_omp-t2-dynamicx1-r2-4000x3000.png,2026-09-18T17:05:35Z,4000x3000.png,4000,3000,Flip_Vertical,2,2,dynamic,1,omp,no,unset,unset,hype2,12.2.0,-O3 -Wall -Wextra -std=c++17 -fopenmp -DOMP_EXPLICIT_SIMD=1,2.861129,754d30e4e81eccfc,passed
regular-simd_omp-t2-dynamicx1-r2-4000x3000.png,2026-09-18T17:05:36Z,4000x3000.png,4000,3000,Quantize,2,2,dynamic,1,omp,yes,unset,unset,hype2,12.2.0,-O3 -Wall -Wextra -std=c++17 -fopenmp -DOMP_EXPLICIT_SIMD=1,106.397440,f01ef010a3fd2f20,passed
regular-simd_omp-t2-dynamicx1-r2-4000x3000.png,2026-09-18T17:05:36Z,4000x3000.png,4000,3000,Adjust_Contrast,2,2,dynamic,1,omp,yes,unset,unset,hype2,12.2.0,-O3 -Wall -Wextra -std=c++17 -fopenmp -DOMP_EXPLICIT_SIMD=1,48.510726,7cc9f4cee5c661bd,passed
regular-simd_omp-t2-dynamicx1-r2-4000x3000.png,2026-09-18T17:05:36Z,4000x3000.png,4000,3000,Negative,2,2,dynamic,1,omp,yes,unset,unset,hype2,12.2.0,-O3 -Wall -Wextra -std=c++17 -fopenmp -DOMP_EXPLICIT_SIMD=1,17.857892,043d4193294f2dcc,passed
regular-simd_omp-t2-dynamicx1-r2-4000x3000.png,2026-09-18T17:05:36Z,4000x3000.png,4000,3000,Equalize_Histogram,2,2,dynamic,1,omp,yes,unset,unset,hype2,12.2.0,-O3 -Wall -Wextra -std=c++17 -fopenmp -DOMP_EXPLICIT_SIMD=1,33.218562,243220feba4dd030,passed
regular-simd_omp-t2-dynamicx1-r2-4000x3000.png,2026-09-18T17:05:36Z,4000x3000.png,4000,3000,Zoom_In,2,2,dynamic,1,omp,yes,unset,unset,hype2,12.2.0,-O3 -Wall -Wextra -std=c++17 -fopenmp -DOMP_EXPLICIT_SIMD=1,57.696717,71b80276839f9533,passed
regular-simd_omp-t2-dynamicx1-r2-4000x3000.png,2026-09-18T17:05:36Z,4000x3000.png,4000,3000,Zoom_Out,2,2,dynamic,1,omp,no,unset,unset,hype2,12.2.0,-O3 -Wall -Wextra -std=c++17 -fopenmp -DOMP_EXPLICIT_SIMD=1,51.376490,a91f518a4f2dbd10,passed
regular-simd_omp-t2-dynamicx1-r2-4000x3000.png,2026-09-18T17:05:36Z,4000x3000.png,4000,3000,Rotate_CW,2,2,dynamic,1,omp,no,unset,unset,hype2,12.2.0,-O3 -Wall -Wextra -std=c++17 -fopenmp -DOMP_EXPLICIT_SIMD=1,63.403969,e0f27e61a205ef0a,passed
regular-simd_omp-t2-dynamicx1-r2-4000x3000.png,2026-09-18T17:05:36Z,4000x3000.png,4000,3000,Rotate_CCW,2,2,dynamic,1,omp,no,unset,unset,hype2,12.2.0,-O3 -Wall -Wextra -std=c++17 -fopenmp -DOMP_EXPLICIT_SIMD=1,63.527699,b4512f3b73b7723c,passed
regular-simd_omp-t2-dynamicx1-r2-4000x3000.png,2026-09-18T17:05:37Z,4000x3000.png,4000,3000,Gaussian_3x3,2,2,dynamic,1,omp,yes,unset,unset,hype2,12.2.0,-O3 -Wall -Wextra -std=c++17 -fopenmp -DOMP_EXPLICIT_SIMD=1,232.406826,bc1a93797b2afda7,passed
regular-simd_omp-t2-dynamicx1-r2-4000x3000.png,2026-09-18T17:05:37Z,4000x3000.png,4000,3000,Gaussian_5x5,2,2,dynamic,1,omp,yes,unset,unset,hype2,12.2.0,-O3 -Wall -Wextra -std=c++17 -fopenmp -DOMP_EXPLICIT_SIMD=1,419.982605,d67ccd9b6dbb62d8,passed
regular-simd_omp-t2-dynamicx1-r2-4000x3000.png,2026-09-18T17:05:38Z,4000x3000.png,4000,3000,Gaussian_7x7,2,2,dynamic,1,omp,yes,unset,unset,hype2,12.2.0,-O3 -Wall -Wextra -std=c++17 -fopenmp -DOMP_EXPLICIT_SIMD=1,721.890524,98f465f1820de349,passed
regular-simd_omp-t2-dynamicx1-r2-4000x3000.png,2026-09-18T17:05:39Z,4000x3000.png,4000,3000,Gaussian_9x9,2,2,dynamic,1,omp,yes,unset,unset,hype2,12.2.0,-O3 -Wall -Wextra -std=c++17 -fopenmp -DOMP_EXPLICIT_SIMD=1,1125.933771,8f9bd96ceab3a369,passed
regular-simd_omp-t2-dynamicx1-r2-4000x3000.png,2026-09-18T17:05:41Z,4000x3000.png,4000,3000,Gaussian_11x11,2,2,dynamic,1,omp,yes,unset,unset,hype2,12.2.0,-O3 -Wall -Wextra -std=c++17 -fopenmp -DOMP_EXPLICIT_SIMD=1,1612.508344,1e8adb9534bf99dc,passed
regular-simd_omp-t2-dynamicx1-r2-6000x6000.png,2026-09-18T17:05:43Z,6000x6000.png,6000,6000,Grayscale,2,2,dynamic,1,omp,yes,unset,unset,hype2,12.2.0,-O3 -Wall -Wextra -std=c++17 -fopenmp -DOMP_EXPLICIT_SIMD=1,75.063870,937793859b387046,passed
regular-simd_omp-t2-dynamicx1-r2-6000x6000.png,2026-09-18T17:05:43Z,6000x6000.png,6000,6000,Flip_Horizontal,2,2,dynamic,1,omp,no,unset,unset,hype2,12.2.0,-O3 -Wall -Wextra -std=c++17 -fopenmp -DOMP_EXPLICIT_SIMD=1,25.045915,3dfbc0e2f0b456c2,passed
regular-simd_omp-t2-dynamicx1-r2-6000x6000.png,2026-09-18T17:05:43Z,6000x6000.png,6000,6000,Adjust_Brightness,2,2,dynamic,1,omp,yes,unset,unset,hype2,12.2.0,-O3 -Wall -Wextra -std=c++17 -fopenmp -DOMP_EXPLICIT_SIMD=1,98.626873,5d4bea966648e7a7,passed
regular-simd_omp-t2-dynamicx1-r2-6000x6000.png,2026-09-18T17:05:43Z,6000x6000.png,6000,6000,Flip_Vertical,2,2,dynamic,1,omp,no,unset,unset,hype2,12.2.0,-O3 -Wall -Wextra -std=c++17 -fopenmp -DOMP_EXPLICIT_SIMD=1,8.666498,bd012cf684012198,passed
regular-simd_omp-t2-dynamicx1-r2-6000x6000.png,2026-09-18T17:05:44Z,6000x6000.png,6000,6000,Quantize,2,2,dynamic,1,omp,yes,unset,unset,hype2,12.2.0,-O3 -Wall -Wextra -std=c++17 -fopenmp -DOMP_EXPLICIT_SIMD=1,290.298832,b2e8843413e8e7a6,passed
regular-simd_omp-t2-dynamicx1-r2-6000x6000.png,2026-09-18T17:05:44Z,6000x6000.png,6000,6000,Adjust_Contrast,2,2,dynamic,1,omp,yes,unset,unset,hype2,12.2.0,-O3 -Wall -Wextra -std=c++17 -fopenmp -DOMP_EXPLICIT_SIMD=1,153.638022,c036bcbf5e6d6190,passed
regular-simd_omp-t2-dynamicx1-r2-6000x6000.png,2026-09-18T17:05:44Z,6000x6000.png,6000,6000,Negative,2,2,dynamic,1,omp,yes,unset,unset,hype2,12.2.0,-O3 -Wall -Wextra -std=c++17 -fopenmp -DOMP_EXPLICIT_SIMD=1,52.611107,0a497e94a83bbbc0,passed
regular-simd_omp-t2-dynamicx1-r2-6000x6000.png,2026-09-18T17:05:45Z,6000x6000.png,6000,6000,Equalize_Histogram,2,2,dynamic,1,omp,yes,unset,unset,hype2,12.2.0,-O3 -Wall -Wextra -std=c++17 -fopenmp -DOMP_EXPLICIT_SIMD=1,97.849923,5251e13888abb30f,passed
regular-simd_omp-t2-dynamicx1-r2-6000x6000.png,2026-09-18T17:05:45Z,6000x6000.png,6000,6000,Zoom_In,2,2,dynamic,1,omp,yes,unset,unset,hype2,12.2.0,-O3 -Wall -Wextra -std=c++17 -fopenmp -DOMP_EXPLICIT_SIMD=1,172.458124,4e063cbe88523a0e,passed
regular-simd_omp-t2-dynamicx1-r2-6000x6000.png,2026-09-18T17:05:46Z,6000x6000.png,6000,6000,Zoom_Out,2,2,dynamic,1,omp,no,unset,unset,hype2,12.2.0,-O3 -Wall -Wextra -std=c++17 -fopenmp -DOMP_EXPLICIT_SIMD=1,151.375733,8eace74e8cd425e6,passed
regular-simd_omp-t2-dynamicx1-r2-6000x6000.png,2026-09-18T17:05:46Z,6000x6000.png,6000,6000,Rotate_CW,2,2,dynamic,1,omp,no,unset,unset,hype2,12.2.0,-O3 -Wall -Wextra -std=c++17 -fopenmp -DOMP_EXPLICIT_SIMD=1,198.089679,dd5c83f3b3cee726,passed
regular-simd_omp-t2-dynamicx1-r2-6000x6000.png,2026-09-18T17:05:46Z,6000x6000.png,6000,6000,Rotate_CCW,2,2,dynamic,1,omp,no,unset,unset,hype2,12.2.0,-O3 -Wall -Wextra -std=c++17 -fopenmp -DOMP_EXPLICIT_SIMD=1,198.078899,51196bd3ed2b4ba4,passed
regular-simd_omp-t2-dynamicx1-r2-6000x6000.png,2026-09-18T17:05:47Z,6000x6000.png,6000,6000,Gaussian_3x3,2,2,dynamic,1,omp,yes,unset,unset,hype2,12.2.0,-O3 -Wall -Wextra -std=c++17 -fopenmp -DOMP_EXPLICIT_SIMD=1,700.670394,87566478e34b4f70,passed
regular-simd_omp-t2-dynamicx1-r2-6000x6000.png,2026-09-18T17:05:49Z,6000x6000.png,6000,6000,Gaussian_5x5,2,2,dynamic,1,omp,yes,unset,unset,hype2,12.2.0,-O3 -Wall -Wextra -std=c++17 -fopenmp -DOMP_EXPLICIT_SIMD=1,1268.888985,4b23a258f94a27f0,passed
regular-simd_omp-t2-dynamicx1-r2-6000x6000.png,2026-09-18T17:05:51Z,6000x6000.png,6000,6000,Gaussian_7x7,2,2,dynamic,1,omp,yes,unset,unset,hype2,12.2.0,-O3 -Wall -Wextra -std=c++17 -fopenmp -DOMP_EXPLICIT_SIMD=1,2187.909939,3771268fea0417e2,passed
regular-simd_omp-t2-dynamicx1-r2-6000x6000.png,2026-09-18T17:05:55Z,6000x6000.png,6000,6000,Gaussian_9x9,2,2,dynamic,1,omp,yes,unset,unset,hype2,12.2.0,-O3 -Wall -Wextra -std=c++17 -fopenmp -DOMP_EXPLICIT_SIMD=1,3386.301959,3f6b7f707a108bd5,passed
regular-simd_omp-t2-dynamicx1-r2-6000x6000.png,2026-09-18T17:06:00Z,6000x6000.png,6000,6000,Gaussian_11x11,2,2,dynamic,1,omp,yes,unset,unset,hype2,12.2.0,-O3 -Wall -Wextra -std=c++17 -fopenmp -DOMP_EXPLICIT_SIMD=1,4844.964202,c923a906c8989668,passed
regular-simd_off-t2-dynamicx16-r2-4000x3000.png,2026-09-18T17:06:00Z,4000x3000.png,4000,3000,Grayscale,2,2,dynamic,16,off,yes,unset,unset,hype2,12.2.0,-O3 -Wall -Wextra -std=c++17 -fopenmp -DOMP_EXPLICIT_SIMD=0 -fno-tree-vectorize,24.066517,00925fa85224b60c,passed
regular-simd_off-t2-dynamicx16-r2-4000x3000.png,2026-09-18T17:06:00Z,4000x3000.png,4000,3000,Flip_Horizontal,2,2,dynamic,16,off,no,unset,unset,hype2,12.2.0,-O3 -Wall -Wextra -std=c++17 -fopenmp -DOMP_EXPLICIT_SIMD=0 -fno-tree-vectorize,9.354461,45d5313341f5868e,passed
regular-simd_off-t2-dynamicx16-r2-4000x3000.png,2026-09-18T17:06:01Z,4000x3000.png,4000,3000,Adjust_Brightness,2,2,dynamic,16,off,yes,unset,unset,hype2,12.2.0,-O3 -Wall -Wextra -std=c++17 -fopenmp -DOMP_EXPLICIT_SIMD=0 -fno-tree-vectorize,31.957599,e488c03148da4f5b,passed
regular-simd_off-t2-dynamicx16-r2-4000x3000.png,2026-09-18T17:06:01Z,4000x3000.png,4000,3000,Flip_Vertical,2,2,dynamic,16,off,no,unset,unset,hype2,12.2.0,-O3 -Wall -Wextra -std=c++17 -fopenmp -DOMP_EXPLICIT_SIMD=0 -fno-tree-vectorize,2.758242,754d30e4e81eccfc,passed
regular-simd_off-t2-dynamicx16-r2-4000x3000.png,2026-09-18T17:06:01Z,4000x3000.png,4000,3000,Quantize,2,2,dynamic,16,off,yes,unset,unset,hype2,12.2.0,-O3 -Wall -Wextra -std=c++17 -fopenmp -DOMP_EXPLICIT_SIMD=0 -fno-tree-vectorize,104.274634,f01ef010a3fd2f20,passed
regular-simd_off-t2-dynamicx16-r2-4000x3000.png,2026-09-18T17:06:01Z,4000x3000.png,4000,3000,Adjust_Contrast,2,2,dynamic,16,off,yes,unset,unset,hype2,12.2.0,-O3 -Wall -Wextra -std=c++17 -fopenmp -DOMP_EXPLICIT_SIMD=0 -fno-tree-vectorize,47.355073,7cc9f4cee5c661bd,passed
regular-simd_off-t2-dynamicx16-r2-4000x3000.png,2026-09-18T17:06:01Z,4000x3000.png,4000,3000,Negative,2,2,dynamic,16,off,yes,unset,unset,hype2,12.2.0,-O3 -Wall -Wextra -std=c++17 -fopenmp -DOMP_EXPLICIT_SIMD=0 -fno-tree-vectorize,18.025301,043d4193294f2dcc,passed
regular-simd_off-t2-dynamicx16-r2-4000x3000.png,2026-09-18T17:06:01Z,4000x3000.png,4000,3000,Equalize_Histogram,2,2,dynamic,16,off,yes,unset,unset,hype2,12.2.0,-O3 -Wall -Wextra -std=c++17 -fopenmp -DOMP_EXPLICIT_SIMD=0 -fno-tree-vectorize,31.743322,243220feba4dd030,passed
regular-simd_off-t2-dynamicx16-r2-4000x3000.png,2026-09-18T17:06:01Z,4000x3000.png,4000,3000,Zoom_In,2,2,dynamic,16,off,yes,unset,unset,hype2,12.2.0,-O3 -Wall -Wextra -std=c++17 -fopenmp -DOMP_EXPLICIT_SIMD=0 -fno-tree-vectorize,69.733591,71b80276839f9533,passed
regular-simd_off-t2-dynamicx16-r2-4000x3000.png,2026-09-18T17:06:01Z,4000x3000.png,4000,3000,Zoom_Out,2,2,dynamic,16,off,no,unset,unset,hype2,12.2.0,-O3 -Wall -Wextra -std=c++17 -fopenmp -DOMP_EXPLICIT_SIMD=0 -fno-tree-vectorize,51.000693,a91f518a4f2dbd10,passed
regular-simd_off-t2-dynamicx16-r2-4000x3000.png,2026-09-18T17:06:01Z,4000x3000.png,4000,3000,Rotate_CW,2,2,dynamic,16,off,no,unset,unset,hype2,12.2.0,-O3 -Wall -Wextra -std=c++17 -fopenmp -DOMP_EXPLICIT_SIMD=0 -fno-tree-vectorize,52.849967,e0f27e61a205ef0a,passed
regular-simd_off-t2-dynamicx16-r2-4000x3000.png,2026-09-18T17:06:02Z,4000x3000.png,4000,3000,Rotate_CCW,2,2,dynamic,16,off,no,unset,unset,hype2,12.2.0,-O3 -Wall -Wextra -std=c++17 -fopenmp -DOMP_EXPLICIT_SIMD=0 -fno-tree-vectorize,48.113464,b4512f3b73b7723c,passed
regular-simd_off-t2-dynamicx16-r2-4000x3000.png,2026-09-18T17:06:02Z,4000x3000.png,4000,3000,Gaussian_3x3,2,2,dynamic,16,off,yes,unset,unset,hype2,12.2.0,-O3 -Wall -Wextra -std=c++17 -fopenmp -DOMP_EXPLICIT_SIMD=0 -fno-tree-vectorize,235.758997,bc1a93797b2afda7,passed
regular-simd_off-t2-dynamicx16-r2-4000x3000.png,2026-09-18T17:06:02Z,4000x3000.png,4000,3000,Gaussian_5x5,2,2,dynamic,16,off,yes,unset,unset,hype2,12.2.0,-O3 -Wall -Wextra -std=c++17 -fopenmp -DOMP_EXPLICIT_SIMD=0 -fno-tree-vectorize,420.203060,d67ccd9b6dbb62d8,passed
regular-simd_off-t2-dynamicx16-r2-4000x3000.png,2026-09-18T17:06:03Z,4000x3000.png,4000,3000,Gaussian_7x7,2,2,dynamic,16,off,yes,unset,unset,hype2,12.2.0,-O3 -Wall -Wextra -std=c++17 -fopenmp -DOMP_EXPLICIT_SIMD=0 -fno-tree-vectorize,722.867606,98f465f1820de349,passed
regular-simd_off-t2-dynamicx16-r2-4000x3000.png,2026-09-18T17:06:04Z,4000x3000.png,4000,3000,Gaussian_9x9,2,2,dynamic,16,off,yes,unset,unset,hype2,12.2.0,-O3 -Wall -Wextra -std=c++17 -fopenmp -DOMP_EXPLICIT_SIMD=0 -fno-tree-vectorize,1139.713400,8f9bd96ceab3a369,passed
regular-simd_off-t2-dynamicx16-r2-4000x3000.png,2026-09-18T17:06:06Z,4000x3000.png,4000,3000,Gaussian_11x11,2,2,dynamic,16,off,yes,unset,unset,hype2,12.2.0,-O3 -Wall -Wextra -std=c++17 -fopenmp -DOMP_EXPLICIT_SIMD=0 -fno-tree-vectorize,1608.906788,1e8adb9534bf99dc,passed
regular-simd_off-t2-dynamicx16-r2-6000x6000.png,2026-09-18T17:06:08Z,6000x6000.png,6000,6000,Grayscale,2,2,dynamic,16,off,yes,unset,unset,hype2,12.2.0,-O3 -Wall -Wextra -std=c++17 -fopenmp -DOMP_EXPLICIT_SIMD=0 -fno-tree-vectorize,69.692472,937793859b387046,passed
regular-simd_off-t2-dynamicx16-r2-6000x6000.png,2026-09-18T17:06:08Z,6000x6000.png,6000,6000,Flip_Horizontal,2,2,dynamic,16,off,no,unset,unset,hype2,12.2.0,-O3 -Wall -Wextra -std=c++17 -fopenmp -DOMP_EXPLICIT_SIMD=0 -fno-tree-vectorize,23.535036,3dfbc0e2f0b456c2,passed
regular-simd_off-t2-dynamicx16-r2-6000x6000.png,2026-09-18T17:06:08Z,6000x6000.png,6000,6000,Adjust_Brightness,2,2,dynamic,16,off,yes,unset,unset,hype2,12.2.0,-O3 -Wall -Wextra -std=c++17 -fopenmp -DOMP_EXPLICIT_SIMD=0 -fno-tree-vectorize,93.576254,5d4bea966648e7a7,passed
regular-simd_off-t2-dynamicx16-r2-6000x6000.png,2026-09-18T17:06:08Z,6000x6000.png,6000,6000,Flip_Vertical,2,2,dynamic,16,off,no,unset,unset,hype2,12.2.0,-O3 -Wall -Wextra -std=c++17 -fopenmp -DOMP_EXPLICIT_SIMD=0 -fno-tree-vectorize,8.358380,bd012cf684012198,passed
regular-simd_off-t2-dynamicx16-r2-6000x6000.png,2026-09-18T17:06:09Z,6000x6000.png,6000,6000,Quantize,2,2,dynamic,16,off,yes,unset,unset,hype2,12.2.0,-O3 -Wall -Wextra -std=c++17 -fopenmp -DOMP_EXPLICIT_SIMD=0 -fno-tree-vectorize,281.585493,b2e8843413e8e7a6,passed
regular-simd_off-t2-dynamicx16-r2-6000x6000.png,2026-09-18T17:06:09Z,6000x6000.png,6000,6000,Adjust_Contrast,2,2,dynamic,16,off,yes,unset,unset,hype2,12.2.0,-O3 -Wall -Wextra -std=c++17 -fopenmp -DOMP_EXPLICIT_SIMD=0 -fno-tree-vectorize,142.867809,c036bcbf5e6d6190,passed
regular-simd_off-t2-dynamicx16-r2-6000x6000.png,2026-09-18T17:06:09Z,6000x6000.png,6000,6000,Negative,2,2,dynamic,16,off,yes,unset,unset,hype2,12.2.0,-O3 -Wall -Wextra -std=c++17 -fopenmp -DOMP_EXPLICIT_SIMD=0 -fno-tree-vectorize,53.587154,0a497e94a83bbbc0,passed
regular-simd_off-t2-dynamicx16-r2-6000x6000.png,2026-09-18T17:06:10Z,6000x6000.png,6000,6000,Equalize_Histogram,2,2,dynamic,16,off,yes,unset,unset,hype2,12.2.0,-O3 -Wall -Wextra -std=c++17 -fopenmp -DOMP_EXPLICIT_SIMD=0 -fno-tree-vectorize,96.493687,5251e13888abb30f,passed
regular-simd_off-t2-dynamicx16-r2-6000x6000.png,2026-09-18T17:06:11Z,6000x6000.png,6000,6000,Zoom_In,2,2,dynamic,16,off,yes,unset,unset,hype2,12.2.0,-O3 -Wall -Wextra -std=c++17 -fopenmp -DOMP_EXPLICIT_SIMD=0 -fno-tree-vectorize,199.426198,4e063cbe88523a0e,passed
regular-simd_off-t2-dynamicx16-r2-6000x6000.png,2026-09-18T17:06:11Z,6000x6000.png,6000,6000,Zoom_Out,2,2,dynamic,16,off,no,unset,unset,hype2,12.2.0,-O3 -Wall -Wextra -std=c++17 -fopenmp -DOMP_EXPLICIT_SIMD=0 -fno-tree-vectorize,150.147035,8eace74e8cd425e6,passed
regular-simd_off-t2-dynamicx16-r2-6000x6000.png,2026-09-18T17:06:11Z,6000x6000.png,6000,6000,Rotate_CW,2,2,dynamic,16,off,no,unset,unset,hype2,12.2.0,-O3 -Wall -Wextra -std=c++17 -fopenmp -DOMP_EXPLICIT_SIMD=0 -fno-tree-vectorize,147.427699,dd5c83f3b3cee726,passed
regular-simd_off-t2-dynamicx16-r2-6000x6000.png,2026-09-18T17:06:12Z,6000x6000.png,6000,6000,Rotate_CCW,2,2,dynamic,16,off,no,unset,unset,hype2,12.2.0,-O3 -Wall -Wextra -std=c++17 -fopenmp -DOMP_EXPLICIT_SIMD=0 -fno-tree-vectorize,145.518449,51196bd3ed2b4ba4,passed
regular-simd_off-t2-dynamicx16-r2-6000x6000.png,2026-09-18T17:06:12Z,6000x6000.png,6000,6000,Gaussian_3x3,2,2,dynamic,16,off,yes,unset,unset,hype2,12.2.0,-O3 -Wall -Wextra -std=c++17 -fopenmp -DOMP_EXPLICIT_SIMD=0 -fno-tree-vectorize,713.583598,87566478e34b4f70,passed
regular-simd_off-t2-dynamicx16-r2-6000x6000.png,2026-09-18T17:06:14Z,6000x6000.png,6000,6000,Gaussian_5x5,2,2,dynamic,16,off,yes,unset,unset,hype2,12.2.0,-O3 -Wall -Wextra -std=c++17 -fopenmp -DOMP_EXPLICIT_SIMD=0 -fno-tree-vectorize,1251.492103,4b23a258f94a27f0,passed
regular-simd_off-t2-dynamicx16-r2-6000x6000.png,2026-09-18T17:06:16Z,6000x6000.png,6000,6000,Gaussian_7x7,2,2,dynamic,16,off,yes,unset,unset,hype2,12.2.0,-O3 -Wall -Wextra -std=c++17 -fopenmp -DOMP_EXPLICIT_SIMD=0 -fno-tree-vectorize,2152.861549,3771268fea0417e2,passed
regular-simd_off-t2-dynamicx16-r2-6000x6000.png,2026-09-18T17:06:20Z,6000x6000.png,6000,6000,Gaussian_9x9,2,2,dynamic,16,off,yes,unset,unset,hype2,12.2.0,-O3 -Wall -Wextra -std=c++17 -fopenmp -DOMP_EXPLICIT_SIMD=0 -fno-tree-vectorize,3334.659896,3f6b7f707a108bd5,passed
regular-simd_off-t2-dynamicx16-r2-6000x6000.png,2026-09-18T17:06:25Z,6000x6000.png,6000,6000,Gaussian_11x11,2,2,dynamic,16,off,yes,unset,unset,hype2,12.2.0,-O3 -Wall -Wextra -std=c++17 -fopenmp -DOMP_EXPLICIT_SIMD=0 -fno-tree-vectorize,4798.728866,c923a906c8989668,passed
regular-simd_omp-t2-dynamicx16-r2-4000x3000.png,2026-09-18T17:06:25Z,4000x3000.png,4000,3000,Grayscale,2,2,dynamic,16,omp,yes,unset,unset,hype2,12.2.0,-O3 -Wall -Wextra -std=c++17 -fopenmp -DOMP_EXPLICIT_SIMD=1,25.021669,00925fa85224b60c,passed
regular-simd_omp-t2-dynamicx16-r2-4000x3000.png,2026-09-18T17:06:25Z,4000x3000.png,4000,3000,Flip_Horizontal,2,2,dynamic,16,omp,no,unset,unset,hype2,12.2.0,-O3 -Wall -Wextra -std=c++17 -fopenmp -DOMP_EXPLICIT_SIMD=1,9.301414,45d5313341f5868e,passed
regular-simd_omp-t2-dynamicx16-r2-4000x3000.png,2026-09-18T17:06:25Z,4000x3000.png,4000,3000,Adjust_Brightness,2,2,dynamic,16,omp,yes,unset,unset,hype2,12.2.0,-O3 -Wall -Wextra -std=c++17 -fopenmp -DOMP_EXPLICIT_SIMD=1,32.763608,e488c03148da4f5b,passed
regular-simd_omp-t2-dynamicx16-r2-4000x3000.png,2026-09-18T17:06:26Z,4000x3000.png,4000,3000,Flip_Vertical,2,2,dynamic,16,omp,no,unset,unset,hype2,12.2.0,-O3 -Wall -Wextra -std=c++17 -fopenmp -DOMP_EXPLICIT_SIMD=1,2.764572,754d30e4e81eccfc,passed
regular-simd_omp-t2-dynamicx16-r2-4000x3000.png,2026-09-18T17:06:26Z,4000x3000.png,4000,3000,Quantize,2,2,dynamic,16,omp,yes,unset,unset,hype2,12.2.0,-O3 -Wall -Wextra -std=c++17 -fopenmp -DOMP_EXPLICIT_SIMD=1,105.949801,f01ef010a3fd2f20,passed
regular-simd_omp-t2-dynamicx16-r2-4000x3000.png,2026-09-18T17:06:26Z,4000x3000.png,4000,3000,Adjust_Contrast,2,2,dynamic,16,omp,yes,unset,unset,hype2,12.2.0,-O3 -Wall -Wextra -std=c++17 -fopenmp -DOMP_EXPLICIT_SIMD=1,47.904282,7cc9f4cee5c661bd,passed
regular-simd_omp-t2-dynamicx16-r2-4000x3000.png,2026-09-18T17:06:26Z,4000x3000.png,4000,3000,Negative,2,2,dynamic,16,omp,yes,unset,unset,hype2,12.2.0,-O3 -Wall -Wextra -std=c++17 -fopenmp -DOMP_EXPLICIT_SIMD=1,17.587176,043d4193294f2dcc,passed
regular-simd_omp-t2-dynamicx16-r2-4000x3000.png,2026-09-18T17:06:26Z,4000x3000.png,4000,3000,Equalize_Histogram,2,2,dynamic,16,omp,yes,unset,unset,hype2,12.2.0,-O3 -Wall -Wextra -std=c++17 -fopenmp -DOMP_EXPLICIT_SIMD=1,32.629454,243220feba4dd030,passed
regular-simd_omp-t2-dynamicx16-r2-4000x3000.png,2026-09-18T17:06:26Z,4000x3000.png,4000,3000,Zoom_In,2,2,dynamic,16,omp,yes,unset,unset,hype2,12.2.0,-O3 -Wall -Wextra -std=c++17 -fopenmp -DOMP_EXPLICIT_SIMD=1,56.322220,71b80276839f9533,passed
regular-simd_omp-t2-dynamicx16-r2-4000x3000.png,2026-09-18T17:06:26Z,4000x3000.png,4000,3000,Zoom_Out,2,2,dynamic,16,omp,no,unset,unset,hype2,12.2.0,-O3 -Wall -Wextra -std=c++17 -fopenmp -DOMP_EXPLICIT_SIMD=1,51.084835,a91f518a4f2dbd10,passed
regular-simd_omp-t2-dynamicx16-r2-4000x3000.png,2026-09-18T17:06:26Z,4000x3000.png,4000,3000,Rotate_CW,2,2,dynamic,16,omp,no,unset,unset,hype2,12.2.0,-O3 -Wall -Wextra -std=c++17 -fopenmp -DOMP_EXPLICIT_SIMD=1,51.392983,e0f27e61a205ef0a,passed
regular-simd_omp-t2-dynamicx16-r2-4000x3000.png,2026-09-18T17:06:27Z,4000x3000.png,4000,3000,Rotate_CCW,2,2,dynamic,16,omp,no,unset,unset,hype2,12.2.0,-O3 -Wall -Wextra -std=c++17 -fopenmp -DOMP_EXPLICIT_SIMD=1,51.262861,b4512f3b73b7723c,passed
regular-simd_omp-t2-dynamicx16-r2-4000x3000.png,2026-09-18T17:06:27Z,4000x3000.png,4000,3000,Gaussian_3x3,2,2,dynamic,16,omp,yes,unset,unset,hype2,12.2.0,-O3 -Wall -Wextra -std=c++17 -fopenmp -DOMP_EXPLICIT_SIMD=1,231.691658,bc1a93797b2afda7,passed
regular-simd_omp-t2-dynamicx16-r2-4000x3000.png,2026-09-18T17:06:27Z,4000x3000.png,4000,3000,Gaussian_5x5,2,2,dynamic,16,omp,yes,unset,unset,hype2,12.2.0,-O3 -Wall -Wextra -std=c++17 -fopenmp -DOMP_EXPLICIT_SIMD=1,422.080682,d67ccd9b6dbb62d8,passed
regular-simd_omp-t2-dynamicx16-r2-4000x3000.png,2026-09-18T17:06:28Z,4000x3000.png,4000,3000,Gaussian_7x7,2,2,dynamic,16,omp,yes,unset,unset,hype2,12.2.0,-O3 -Wall -Wextra -std=c++17 -fopenmp -DOMP_EXPLICIT_SIMD=1,725.298891,98f465f1820de349,passed
regular-simd_omp-t2-dynamicx16-r2-4000x3000.png,2026-09-18T17:06:29Z,4000x3000.png,4000,3000,Gaussian_9x9,2,2,dynamic,16,omp,yes,unset,unset,hype2,12.2.0,-O3 -Wall -Wextra -std=c++17 -fopenmp -DOMP_EXPLICIT_SIMD=1,1135.158930,8f9bd96ceab3a369,passed
regular-simd_omp-t2-dynamicx16-r2-4000x3000.png,2026-09-18T17:06:31Z,4000x3000.png,4000,3000,Gaussian_11x11,2,2,dynamic,16,omp,yes,unset,unset,hype2,12.2.0,-O3 -Wall -Wextra -std=c++17 -fopenmp -DOMP_EXPLICIT_SIMD=1,1613.271890,1e8adb9534bf99dc,passed
regular-simd_omp-t2-dynamicx16-r2-6000x6000.png,2026-09-18T17:06:33Z,6000x6000.png,6000,6000,Grayscale,2,2,dynamic,16,omp,yes,unset,unset,hype2,12.2.0,-O3 -Wall -Wextra -std=c++17 -fopenmp -DOMP_EXPLICIT_SIMD=1,74.488632,937793859b387046,passed
regular-simd_omp-t2-dynamicx16-r2-6000x6000.png,2026-09-18T17:06:33Z,6000x6000.png,6000,6000,Flip_Horizontal,2,2,dynamic,16,omp,no,unset,unset,hype2,12.2.0,-O3 -Wall -Wextra -std=c++17 -fopenmp -DOMP_EXPLICIT_SIMD=1,26.334487,3dfbc0e2f0b456c2,passed
regular-simd_omp-t2-dynamicx16-r2-6000x6000.png,2026-09-18T17:06:33Z,6000x6000.png,6000,6000,Adjust_Brightness,2,2,dynamic,16,omp,yes,unset,unset,hype2,12.2.0,-O3 -Wall -Wextra -std=c++17 -fopenmp -DOMP_EXPLICIT_SIMD=1,98.233553,5d4bea966648e7a7,passed
regular-simd_omp-t2-dynamicx16-r2-6000x6000.png,2026-09-18T17:06:33Z,6000x6000.png,6000,6000,Flip_Vertical,2,2,dynamic,16,omp,no,unset,unset,hype2,12.2.0,-O3 -Wall -Wextra -std=c++17 -fopenmp -DOMP_EXPLICIT_SIMD=1,8.412596,bd012cf684012198,passed
regular-simd_omp-t2-dynamicx16-r2-6000x6000.png,2026-09-18T17:06:34Z,6000x6000.png,6000,6000,Quantize,2,2,dynamic,16,omp,yes,unset,unset,hype2,12.2.0,-O3 -Wall -Wextra -std=c++17 -fopenmp -DOMP_EXPLICIT_SIMD=1,289.536365,b2e8843413e8e7a6,passed
regular-simd_omp-t2-dynamicx16-r2-6000x6000.png,2026-09-18T17:06:34Z,6000x6000.png,6000,6000,Adjust_Contrast,2,2,dynamic,16,omp,yes,unset,unset,hype2,12.2.0,-O3 -Wall -Wextra -std=c++17 -fopenmp -DOMP_EXPLICIT_SIMD=1,150.098158,c036bcbf5e6d6190,passed
regular-simd_omp-t2-dynamicx16-r2-6000x6000.png,2026-09-18T17:06:34Z,6000x6000.png,6000,6000,Negative,2,2,dynamic,16,omp,yes,unset,unset,hype2,12.2.0,-O3 -Wall -Wextra -std=c++17 -fopenmp -DOMP_EXPLICIT_SIMD=1,52.383662,0a497e94a83bbbc0,passed
regular-simd_omp-t2-dynamicx16-r2-6000x6000.png,2026-09-18T17:06:35Z,6000x6000.png,6000,6000,Equalize_Histogram,2,2,dynamic,16,omp,yes,unset,unset,hype2,12.2.0,-O3 -Wall -Wextra -std=c++17 -fopenmp -DOMP_EXPLICIT_SIMD=1,98.264799,5251e13888abb30f,passed
regular-simd_omp-t2-dynamicx16-r2-6000x6000.png,2026-09-18T17:06:35Z,6000x6000.png,6000,6000,Zoom_In,2,2,dynamic,16,omp,yes,unset,unset,hype2,12.2.0,-O3 -Wall -Wextra -std=c++17 -fopenmp -DOMP_EXPLICIT_SIMD=1,167.951433,4e063cbe88523a0e,passed
regular-simd_omp-t2-dynamicx16-r2-6000x6000.png,2026-09-18T17:06:36Z,6000x6000.png,6000,6000,Zoom_Out,2,2,dynamic,16,omp,no,unset,unset,hype2,12.2.0,-O3 -Wall -Wextra -std=c++17 -fopenmp -DOMP_EXPLICIT_SIMD=1,149.333820,8eace74e8cd425e6,passed
regular-simd_omp-t2-dynamicx16-r2-6000x6000.png,2026-09-18T17:06:36Z,6000x6000.png,6000,6000,Rotate_CW,2,2,dynamic,16,omp,no,unset,unset,hype2,12.2.0,-O3 -Wall -Wextra -std=c++17 -fopenmp -DOMP_EXPLICIT_SIMD=1,152.424756,dd5c83f3b3cee726,passed
regular-simd_omp-t2-dynamicx16-r2-6000x6000.png,2026-09-18T17:06:36Z,6000x6000.png,6000,6000,Rotate_CCW,2,2,dynamic,16,omp,no,unset,unset,hype2,12.2.0,-O3 -Wall -Wextra -std=c++17 -fopenmp -DOMP_EXPLICIT_SIMD=1,144.405306,51196bd3ed2b4ba4,passed
regular-simd_omp-t2-dynamicx16-r2-6000x6000.png,2026-09-18T17:06:37Z,6000x6000.png,6000,6000,Gaussian_3x3,2,2,dynamic,16,omp,yes,unset,unset,hype2,12.2.0,-O3 -Wall -Wextra -std=c++17 -fopenmp -DOMP_EXPLICIT_SIMD=1,691.751115,87566478e34b4f70,passed
regular-simd_omp-t2-dynamicx16-r2-6000x6000.png,2026-09-18T17:06:39Z,6000x6000.png,6000,6000,Gaussian_5x5,2,2,dynamic,16,omp,yes,unset,unset,hype2,12.2.0,-O3 -Wall -Wextra -std=c++17 -fopenmp -DOMP_EXPLICIT_SIMD=1,1253.745773,4b23a258f94a27f0,passed
regular-simd_omp-t2-dynamicx16-r2-6000x6000.png,2026-09-18T17:06:41Z,6000x6000.png,6000,6000,Gaussian_7x7,2,2,dynamic,16,omp,yes,unset,unset,hype2,12.2.0,-O3 -Wall -Wextra -std=c++17 -fopenmp -DOMP_EXPLICIT_SIMD=1,2167.290442,3771268fea0417e2,passed
regular-simd_omp-t2-dynamicx16-r2-6000x6000.png,2026-09-18T17:06:45Z,6000x6000.png,6000,6000,Gaussian_9x9,2,2,dynamic,16,omp,yes,unset,unset,hype2,12.2.0,-O3 -Wall -Wextra -std=c++17 -fopenmp -DOMP_EXPLICIT_SIMD=1,3385.235340,3f6b7f707a108bd5,passed
regular-simd_omp-t2-dynamicx16-r2-6000x6000.png,2026-09-18T17:06:50Z,6000x6000.png,6000,6000,Gaussian_11x11,2,2,dynamic,16,omp,yes,unset,unset,hype2,12.2.0,-O3 -Wall -Wextra -std=c++17 -fopenmp -DOMP_EXPLICIT_SIMD=1,4808.108059,c923a906c8989668,passed
regular-simd_off-t2-static-r2-4000x3000.png,2026-09-18T17:06:50Z,4000x3000.png,4000,3000,Grayscale,2,2,static,,off,yes,unset,unset,hype2,12.2.0,-O3 -Wall -Wextra -std=c++17 -fopenmp -DOMP_EXPLICIT_SIMD=0 -fno-tree-vectorize,24.483870,00925fa85224b60c,passed
regular-simd_off-t2-static-r2-4000x3000.png,2026-09-18T17:06:50Z,4000x3000.png,4000,3000,Flip_Horizontal,2,2,static,,off,no,unset,unset,hype2,12.2.0,-O3 -Wall -Wextra -std=c++17 -fopenmp -DOMP_EXPLICIT_SIMD=0 -fno-tree-vectorize,10.200715,45d5313341f5868e,passed
regular-simd_off-t2-static-r2-4000x3000.png,2026-09-18T17:06:50Z,4000x3000.png,4000,3000,Adjust_Brightness,2,2,static,,off,yes,unset,unset,hype2,12.2.0,-O3 -Wall -Wextra -std=c++17 -fopenmp -DOMP_EXPLICIT_SIMD=0 -fno-tree-vectorize,32.418229,e488c03148da4f5b,passed
regular-simd_off-t2-static-r2-4000x3000.png,2026-09-18T17:06:50Z,4000x3000.png,4000,3000,Flip_Vertical,2,2,static,,off,no,unset,unset,hype2,12.2.0,-O3 -Wall -Wextra -std=c++17 -fopenmp -DOMP_EXPLICIT_SIMD=0 -fno-tree-vectorize,2.772361,754d30e4e81eccfc,passed
regular-simd_off-t2-static-r2-4000x3000.png,2026-09-18T17:06:51Z,4000x3000.png,4000,3000,Quantize,2,2,static,,off,yes,unset,unset,hype2,12.2.0,-O3 -Wall -Wextra -std=c++17 -fopenmp -DOMP_EXPLICIT_SIMD=0 -fno-tree-vectorize,104.211948,f01ef010a3fd2f20,passed
regular-simd_off-t2-static-r2-4000x3000.png,2026-09-18T17:06:51Z,4000x3000.png,4000,3000,Adjust_Contrast,2,2,static,,off,yes,unset,unset,hype2,12.2.0,-O3 -Wall -Wextra -std=c++17 -fopenmp -DOMP_EXPLICIT_SIMD=0 -fno-tree-vectorize,46.719267,7cc9f4cee5c661bd,passed
regular-simd_off-t2-static-r2-4000x3000.png,2026-09-18T17:06:51Z,4000x3000.png,4000,3000,Negative,2,2,static,,off,yes,unset,unset,hype2,12.2.0,-O3 -Wall -Wextra -std=c++17 -fopenmp -DOMP_EXPLICIT_SIMD=0 -fno-tree-vectorize,18.006020,043d4193294f2dcc,passed
regular-simd_off-t2-static-r2-4000x3000.png,2026-09-18T17:06:51Z,4000x3000.png,4000,3000,Equalize_Histogram,2,2,static,,off,yes,unset,unset,hype2,12.2.0,-O3 -Wall -Wextra -std=c++17 -fopenmp -DOMP_EXPLICIT_SIMD=0 -fno-tree-vectorize,31.998736,243220feba4dd030,passed
regular-simd_off-t2-static-r2-4000x3000.png,2026-09-18T17:06:51Z,4000x3000.png,4000,3000,Zoom_In,2,2,static,,off,yes,unset,unset,hype2,12.2.0,-O3 -Wall -Wextra -std=c++17 -fopenmp -DOMP_EXPLICIT_SIMD=0 -fno-tree-vectorize,59.667997,71b80276839f9533,passed
regular-simd_off-t2-static-r2-4000x3000.png,2026-09-18T17:06:51Z,4000x3000.png,4000,3000,Zoom_Out,2,2,static,,off,no,unset,unset,hype2,12.2.0,-O3 -Wall -Wextra -std=c++17 -fopenmp -DOMP_EXPLICIT_SIMD=0 -fno-tree-vectorize,50.185800,a91f518a4f2dbd10,passed
regular-simd_off-t2-static-r2-4000x3000.png,2026-09-18T17:06:51Z,4000x3000.png,4000,3000,Rotate_CW,2,2,static,,off,no,unset,unset,hype2,12.2.0,-O3 -Wall -Wextra -std=c++17 -fopenmp -DOMP_EXPLICIT_SIMD=0 -fno-tree-vectorize,42.866912,e0f27e61a205ef0a,passed
regular-simd_off-t2-static-r2-4000x3000.png,2026-09-18T17:06:51Z,4000x3000.png,4000,3000,Rotate_CCW,2,2,static,,off,no,unset,unset,hype2,12.2.0,-O3 -Wall -Wextra -std=c++17 -fopenmp -DOMP_EXPLICIT_SIMD=0 -fno-tree-vectorize,43.123657,b4512f3b73b7723c,passed
regular-simd_off-t2-static-r2-4000x3000.png,2026-09-18T17:06:52Z,4000x3000.png,4000,3000,Gaussian_3x3,2,2,static,,off,yes,unset,unset,hype2,12.2.0,-O3 -Wall -Wextra -std=c++17 -fopenmp -DOMP_EXPLICIT_SIMD=0 -fno-tree-vectorize,234.058693,bc1a93797b2afda7,passed
regular-simd_off-t2-static-r2-4000x3000.png,2026-09-18T17:06:52Z,4000x3000.png,4000,3000,Gaussian_5x5,2,2,static,,off,yes,unset,unset,hype2,12.2.0,-O3 -Wall -Wextra -std=c++17 -fopenmp -DOMP_EXPLICIT_SIMD=0 -fno-tree-vectorize,420.112955,d67ccd9b6dbb62d8,passed
regular-simd_off-t2-static-r2-4000x3000.png,2026-09-18T17:06:53Z,4000x3000.png,4000,3000,Gaussian_7x7,2,2,static,,off,yes,unset,unset,hype2,12.2.0,-O3 -Wall -Wextra -std=c++17 -fopenmp -DOMP_EXPLICIT_SIMD=0 -fno-tree-vectorize,717.797499,98f465f1820de349,passed
regular-simd_off-t2-static-r2-4000x3000.png,2026-09-18T17:06:54Z,4000x3000.png,4000,3000,Gaussian_9x9,2,2,static,,off,yes,unset,unset,hype2,12.2.0,-O3 -Wall -Wextra -std=c++17 -fopenmp -DOMP_EXPLICIT_SIMD=0 -fno-tree-vectorize,1121.029558,8f9bd96ceab3a369,passed
regular-simd_off-t2-static-r2-4000x3000.png,2026-09-18T17:06:56Z,4000x3000.png,4000,3000,Gaussian_11x11,2,2,static,,off,yes,unset,unset,hype2,12.2.0,-O3 -Wall -Wextra -std=c++17 -fopenmp -DOMP_EXPLICIT_SIMD=0 -fno-tree-vectorize,1600.275163,1e8adb9534bf99dc,passed
regular-simd_off-t2-static-r2-6000x6000.png,2026-09-18T17:06:58Z,6000x6000.png,6000,6000,Grayscale,2,2,static,,off,yes,unset,unset,hype2,12.2.0,-O3 -Wall -Wextra -std=c++17 -fopenmp -DOMP_EXPLICIT_SIMD=0 -fno-tree-vectorize,72.119000,937793859b387046,passed
regular-simd_off-t2-static-r2-6000x6000.png,2026-09-18T17:06:58Z,6000x6000.png,6000,6000,Flip_Horizontal,2,2,static,,off,no,unset,unset,hype2,12.2.0,-O3 -Wall -Wextra -std=c++17 -fopenmp -DOMP_EXPLICIT_SIMD=0 -fno-tree-vectorize,30.354569,3dfbc0e2f0b456c2,passed
regular-simd_off-t2-static-r2-6000x6000.png,2026-09-18T17:06:58Z,6000x6000.png,6000,6000,Adjust_Brightness,2,2,static,,off,yes,unset,unset,hype2,12.2.0,-O3 -Wall -Wextra -std=c++17 -fopenmp -DOMP_EXPLICIT_SIMD=0 -fno-tree-vectorize,96.297577,5d4bea966648e7a7,passed
regular-simd_off-t2-static-r2-6000x6000.png,2026-09-18T17:06:58Z,6000x6000.png,6000,6000,Flip_Vertical,2,2,static,,off,no,unset,unset,hype2,12.2.0,-O3 -Wall -Wextra -std=c++17 -fopenmp -DOMP_EXPLICIT_SIMD=0 -fno-tree-vectorize,8.439484,bd012cf684012198,passed
regular-simd_off-t2-static-r2-6000x6000.png,2026-09-18T17:06:59Z,6000x6000.png,6000,6000,Quantize,2,2,static,,off,yes,unset,unset,hype2,12.2.0,-O3 -Wall -Wextra -std=c++17 -fopenmp -DOMP_EXPLICIT_SIMD=0 -fno-tree-vectorize,288.265353,b2e8843413e8e7a6,passed
regular-simd_off-t2-static-r2-6000x6000.png,2026-09-18T17:06:59Z,6000x6000.png,6000,6000,Adjust_Contrast,2,2,static,,off,yes,unset,unset,hype2,12.2.0,-O3 -Wall -Wextra -std=c++17 -fopenmp -DOMP_EXPLICIT_SIMD=0 -fno-tree-vectorize,151.110976,c036bcbf5e6d6190,passed
regular-simd_off-t2-static-r2-6000x6000.png,2026-09-18T17:06:59Z,6000x6000.png,6000,6000,Negative,2,2,static,,off,yes,unset,unset,hype2,12.2.0,-O3 -Wall -Wextra -std=c++17 -fopenmp -DOMP_EXPLICIT_SIMD=0 -fno-tree-vectorize,52.876240,0a497e94a83bbbc0,passed
regular-simd_off-t2-static-r2-6000x6000.png,2026-09-18T17:07:00Z,6000x6000.png,6000,6000,Equalize_Histogram,2,2,static,,off,yes,unset,unset,hype2,12.2.0,-O3 -Wall -Wextra -std=c++17 -fopenmp -DOMP_EXPLICIT_SIMD=0 -fno-tree-vectorize,97.626575,5251e13888abb30f,passed
regular-simd_off-t2-static-r2-6000x6000.png,2026-09-18T17:07:00Z,6000x6000.png,6000,6000,Zoom_In,2,2,static,,off,yes,unset,unset,hype2,12.2.0,-O3 -Wall -Wextra -std=c++17 -fopenmp -DOMP_EXPLICIT_SIMD=0 -fno-tree-vectorize,176.991379,4e063cbe88523a0e,passed
regular-simd_off-t2-static-r2-6000x6000.png,2026-09-18T17:07:01Z,6000x6000.png,6000,6000,Zoom_Out,2,2,static,,off,no,unset,unset,hype2,12.2.0,-O3 -Wall -Wextra -std=c++17 -fopenmp -DOMP_EXPLICIT_SIMD=0 -fno-tree-vectorize,148.707116,8eace74e8cd425e6,passed
regular-simd_off-t2-static-r2-6000x6000.png,2026-09-18T17:07:01Z,6000x6000.png,6000,6000,Rotate_CW,2,2,static,,off,no,unset,unset,hype2,12.2.0,-O3 -Wall -Wextra -std=c++17 -fopenmp -DOMP_EXPLICIT_SIMD=0 -fno-tree-vectorize,132.784623,dd5c83f3b3cee726,passed
regular-simd_off-t2-static-r2-6000x6000.png,2026-09-18T17:07:01Z,6000x6000.png,6000,6000,Rotate_CCW,2,2,static,,off,no,unset,unset,hype2,12.2.0,-O3 -Wall -Wextra -std=c++17 -fopenmp -DOMP_EXPLICIT_SIMD=0 -fno-tree-vectorize,131.477859,51196bd3ed2b4ba4,passed
regular-simd_off-t2-static-r2-6000x6000.png,2026-09-18T17:07:02Z,6000x6000.png,6000,6000,Gaussian_3x3,2,2,static,,off,yes,unset,unset,hype2,12.2.0,-O3 -Wall -Wextra -std=c++17 -fopenmp -DOMP_EXPLICIT_SIMD=0 -fno-tree-vectorize,706.589412,87566478e34b4f70,passed
regular-simd_off-t2-static-r2-6000x6000.png,2026-09-18T17:07:04Z,6000x6000.png,6000,6000,Gaussian_5x5,2,2,static,,off,yes,unset,unset,hype2,12.2.0,-O3 -Wall -Wextra -std=c++17 -fopenmp -DOMP_EXPLICIT_SIMD=0 -fno-tree-vectorize,1250.023563,4b23a258f94a27f0,passed
regular-simd_off-t2-static-r2-6000x6000.png,2026-09-18T17:07:06Z,6000x6000.png,6000,6000,Gaussian_7x7,2,2,static,,off,yes,unset,unset,hype2,12.2.0,-O3 -Wall -Wextra -std=c++17 -fopenmp -DOMP_EXPLICIT_SIMD=0 -fno-tree-vectorize,2163.546487,3771268fea0417e2,passed
regular-simd_off-t2-static-r2-6000x6000.png,2026-09-18T17:07:10Z,6000x6000.png,6000,6000,Gaussian_9x9,2,2,static,,off,yes,unset,unset,hype2,12.2.0,-O3 -Wall -Wextra -std=c++17 -fopenmp -DOMP_EXPLICIT_SIMD=0 -fno-tree-vectorize,3343.811317,3f6b7f707a108bd5,passed
regular-simd_off-t2-static-r2-6000x6000.png,2026-09-18T17:07:15Z,6000x6000.png,6000,6000,Gaussian_11x11,2,2,static,,off,yes,unset,unset,hype2,12.2.0,-O3 -Wall -Wextra -std=c++17 -fopenmp -DOMP_EXPLICIT_SIMD=0 -fno-tree-vectorize,4848.021560,c923a906c8989668,passed
regular-simd_off-t4-static-r1-4000x3000.png,2026-09-18T17:08:51Z,4000x3000.png,4000,3000,Grayscale,1,4,static,,off,yes,unset,unset,hype2,12.2.0,-O3 -Wall -Wextra -std=c++17 -fopenmp -DOMP_EXPLICIT_SIMD=0 -fno-tree-vectorize,12.765011,00925fa85224b60c,passed
regular-simd_off-t4-static-r1-4000x3000.png,2026-09-18T17:08:52Z,4000x3000.png,4000,3000,Flip_Horizontal,1,4,static,,off,no,unset,unset,hype2,12.2.0,-O3 -Wall -Wextra -std=c++17 -fopenmp -DOMP_EXPLICIT_SIMD=0 -fno-tree-vectorize,6.756440,45d5313341f5868e,passed
regular-simd_off-t4-static-r1-4000x3000.png,2026-09-18T17:08:52Z,4000x3000.png,4000,3000,Adjust_Brightness,1,4,static,,off,yes,unset,unset,hype2,12.2.0,-O3 -Wall -Wextra -std=c++17 -fopenmp -DOMP_EXPLICIT_SIMD=0 -fno-tree-vectorize,16.658909,e488c03148da4f5b,passed
regular-simd_off-t4-static-r1-4000x3000.png,2026-09-18T17:08:52Z,4000x3000.png,4000,3000,Flip_Vertical,1,4,static,,off,no,unset,unset,hype2,12.2.0,-O3 -Wall -Wextra -std=c++17 -fopenmp -DOMP_EXPLICIT_SIMD=0 -fno-tree-vectorize,2.126105,754d30e4e81eccfc,passed
regular-simd_off-t4-static-r1-4000x3000.png,2026-09-18T17:08:52Z,4000x3000.png,4000,3000,Quantize,1,4,static,,off,yes,unset,unset,hype2,12.2.0,-O3 -Wall -Wextra -std=c++17 -fopenmp -DOMP_EXPLICIT_SIMD=0 -fno-tree-vectorize,52.611638,f01ef010a3fd2f20,passed
regular-simd_off-t4-static-r1-4000x3000.png,2026-09-18T17:08:52Z,4000x3000.png,4000,3000,Adjust_Contrast,1,4,static,,off,yes,unset,unset,hype2,12.2.0,-O3 -Wall -Wextra -std=c++17 -fopenmp -DOMP_EXPLICIT_SIMD=0 -fno-tree-vectorize,24.596884,7cc9f4cee5c661bd,passed
regular-simd_off-t4-static-r1-4000x3000.png,2026-09-18T17:08:52Z,4000x3000.png,4000,3000,Negative,1,4,static,,off,yes,unset,unset,hype2,12.2.0,-O3 -Wall -Wextra -std=c++17 -fopenmp -DOMP_EXPLICIT_SIMD=0 -fno-tree-vectorize,9.604781,043d4193294f2dcc,passed
regular-simd_off-t4-static-r1-4000x3000.png,2026-09-18T17:08:52Z,4000x3000.png,4000,3000,Equalize_Histogram,1,4,static,,off,yes,unset,unset,hype2,12.2.0,-O3 -Wall -Wextra -std=c++17 -fopenmp -DOMP_EXPLICIT_SIMD=0 -fno-tree-vectorize,16.975261,243220feba4dd030,passed
regular-simd_off-t4-static-r1-4000x3000.png,2026-09-18T17:08:52Z,4000x3000.png,4000,3000,Zoom_In,1,4,static,,off,yes,unset,unset,hype2,12.2.0,-O3 -Wall -Wextra -std=c++17 -fopenmp -DOMP_EXPLICIT_SIMD=0 -fno-tree-vectorize,40.551840,71b80276839f9533,passed
regular-simd_off-t4-static-r1-4000x3000.png,2026-09-18T17:08:52Z,4000x3000.png,4000,3000,Zoom_Out,1,4,static,,off,no,unset,unset,hype2,12.2.0,-O3 -Wall -Wextra -std=c++17 -fopenmp -DOMP_EXPLICIT_SIMD=0 -fno-tree-vectorize,27.268498,a91f518a4f2dbd10,passed
regular-simd_off-t4-static-r1-4000x3000.png,2026-09-18T17:08:52Z,4000x3000.png,4000,3000,Rotate_CW,1,4,static,,off,no,unset,unset,hype2,12.2.0,-O3 -Wall -Wextra -std=c++17 -fopenmp -DOMP_EXPLICIT_SIMD=0 -fno-tree-vectorize,40.614745,e0f27e61a205ef0a,passed
regular-simd_off-t4-static-r1-4000x3000.png,2026-09-18T17:08:53Z,4000x3000.png,4000,3000,Rotate_CCW,1,4,static,,off,no,unset,unset,hype2,12.2.0,-O3 -Wall -Wextra -std=c++17 -fopenmp -DOMP_EXPLICIT_SIMD=0 -fno-tree-vectorize,41.178458,b4512f3b73b7723c,passed
regular-simd_off-t4-static-r1-4000x3000.png,2026-09-18T17:08:53Z,4000x3000.png,4000,3000,Gaussian_3x3,1,4,static,,off,yes,unset,unset,hype2,12.2.0,-O3 -Wall -Wextra -std=c++17 -fopenmp -DOMP_EXPLICIT_SIMD=0 -fno-tree-vectorize,119.205585,bc1a93797b2afda7,passed
regular-simd_off-t4-static-r1-4000x3000.png,2026-09-18T17:08:53Z,4000x3000.png,4000,3000,Gaussian_5x5,1,4,static,,off,yes,unset,unset,hype2,12.2.0,-O3 -Wall -Wextra -std=c++17 -fopenmp -DOMP_EXPLICIT_SIMD=0 -fno-tree-vectorize,208.952426,d67ccd9b6dbb62d8,passed
regular-simd_off-t4-static-r1-4000x3000.png,2026-09-18T17:08:53Z,4000x3000.png,4000,3000,Gaussian_7x7,1,4,static,,off,yes,unset,unset,hype2,12.2.0,-O3 -Wall -Wextra -std=c++17 -fopenmp -DOMP_EXPLICIT_SIMD=0 -fno-tree-vectorize,357.013572,98f465f1820de349,passed
regular-simd_off-t4-static-r1-4000x3000.png,2026-09-18T17:08:54Z,4000x3000.png,4000,3000,Gaussian_9x9,1,4,static,,off,yes,unset,unset,hype2,12.2.0,-O3 -Wall -Wextra -std=c++17 -fopenmp -DOMP_EXPLICIT_SIMD=0 -fno-tree-vectorize,568.709912,8f9bd96ceab3a369,passed
regular-simd_off-t4-static-r1-4000x3000.png,2026-09-18T17:08:55Z,4000x3000.png,4000,3000,Gaussian_11x11,1,4,static,,off,yes,unset,unset,hype2,12.2.0,-O3 -Wall -Wextra -std=c++17 -fopenmp -DOMP_EXPLICIT_SIMD=0 -fno-tree-vectorize,802.168827,1e8adb9534bf99dc,passed
regular-simd_off-t4-static-r1-6000x6000.png,2026-09-18T17:08:57Z,6000x6000.png,6000,6000,Grayscale,1,4,static,,off,yes,unset,unset,hype2,12.2.0,-O3 -Wall -Wextra -std=c++17 -fopenmp -DOMP_EXPLICIT_SIMD=0 -fno-tree-vectorize,37.639046,937793859b387046,passed
regular-simd_off-t4-static-r1-6000x6000.png,2026-09-18T17:08:57Z,6000x6000.png,6000,6000,Flip_Horizontal,1,4,static,,off,no,unset,unset,hype2,12.2.0,-O3 -Wall -Wextra -std=c++17 -fopenmp -DOMP_EXPLICIT_SIMD=0 -fno-tree-vectorize,17.702882,3dfbc0e2f0b456c2,passed
regular-simd_off-t4-static-r1-6000x6000.png,2026-09-18T17:08:57Z,6000x6000.png,6000,6000,Adjust_Brightness,1,4,static,,off,yes,unset,unset,hype2,12.2.0,-O3 -Wall -Wextra -std=c++17 -fopenmp -DOMP_EXPLICIT_SIMD=0 -fno-tree-vectorize,49.524557,5d4bea966648e7a7,passed
regular-simd_off-t4-static-r1-6000x6000.png,2026-09-18T17:08:57Z,6000x6000.png,6000,6000,Flip_Vertical,1,4,static,,off,no,unset,unset,hype2,12.2.0,-O3 -Wall -Wextra -std=c++17 -fopenmp -DOMP_EXPLICIT_SIMD=0 -fno-tree-vectorize,5.831622,bd012cf684012198,passed
regular-simd_off-t4-static-r1-6000x6000.png,2026-09-18T17:08:58Z,6000x6000.png,6000,6000,Quantize,1,4,static,,off,yes,unset,unset,hype2,12.2.0,-O3 -Wall -Wextra -std=c++17 -fopenmp -DOMP_EXPLICIT_SIMD=0 -fno-tree-vectorize,143.886118,b2e8843413e8e7a6,passed
regular-simd_off-t4-static-r1-6000x6000.png,2026-09-18T17:08:58Z,6000x6000.png,6000,6000,Adjust_Contrast,1,4,static,,off,yes,unset,unset,hype2,12.2.0,-O3 -Wall -Wextra -std=c++17 -fopenmp -DOMP_EXPLICIT_SIMD=0 -fno-tree-vectorize,72.792552,c036bcbf5e6d6190,passed
regular-simd_off-t4-static-r1-6000x6000.png,2026-09-18T17:08:58Z,6000x6000.png,6000,6000,Negative,1,4,static,,off,yes,unset,unset,hype2,12.2.0,-O3 -Wall -Wextra -std=c++17 -fopenmp -DOMP_EXPLICIT_SIMD=0 -fno-tree-vectorize,28.526878,0a497e94a83bbbc0,passed
regular-simd_off-t4-static-r1-6000x6000.png,2026-09-18T17:08:58Z,6000x6000.png,6000,6000,Equalize_Histogram,1,4,static,,off,yes,unset,unset,hype2,12.2.0,-O3 -Wall -Wextra -std=c++17 -fopenmp -DOMP_EXPLICIT_SIMD=0 -fno-tree-vectorize,51.417269,5251e13888abb30f,passed
regular-simd_off-t4-static-r1-6000x6000.png,2026-09-18T17:08:59Z,6000x6000.png,6000,6000,Zoom_In,1,4,static,,off,yes,unset,unset,hype2,12.2.0,-O3 -Wall -Wextra -std=c++17 -fopenmp -DOMP_EXPLICIT_SIMD=0 -fno-tree-vectorize,110.473127,4e063cbe88523a0e,passed
regular-simd_off-t4-static-r1-6000x6000.png,2026-09-18T17:08:59Z,6000x6000.png,6000,6000,Zoom_Out,1,4,static,,off,no,unset,unset,hype2,12.2.0,-O3 -Wall -Wextra -std=c++17 -fopenmp -DOMP_EXPLICIT_SIMD=0 -fno-tree-vectorize,78.355317,8eace74e8cd425e6,passed
regular-simd_off-t4-static-r1-6000x6000.png,2026-09-18T17:08:59Z,6000x6000.png,6000,6000,Rotate_CW,1,4,static,,off,no,unset,unset,hype2,12.2.0,-O3 -Wall -Wextra -std=c++17 -fopenmp -DOMP_EXPLICIT_SIMD=0 -fno-tree-vectorize,97.381009,dd5c83f3b3cee726,passed
regular-simd_off-t4-static-r1-6000x6000.png,2026-09-18T17:09:00Z,6000x6000.png,6000,6000,Rotate_CCW,1,4,static,,off,no,unset,unset,hype2,12.2.0,-O3 -Wall -Wextra -std=c++17 -fopenmp -DOMP_EXPLICIT_SIMD=0 -fno-tree-vectorize,91.769269,51196bd3ed2b4ba4,passed
regular-simd_off-t4-static-r1-6000x6000.png,2026-09-18T17:09:00Z,6000x6000.png,6000,6000,Gaussian_3x3,1,4,static,,off,yes,unset,unset,hype2,12.2.0,-O3 -Wall -Wextra -std=c++17 -fopenmp -DOMP_EXPLICIT_SIMD=0 -fno-tree-vectorize,356.171664,87566478e34b4f70,passed
regular-simd_off-t4-static-r1-6000x6000.png,2026-09-18T17:09:01Z,6000x6000.png,6000,6000,Gaussian_5x5,1,4,static,,off,yes,unset,unset,hype2,12.2.0,-O3 -Wall -Wextra -std=c++17 -fopenmp -DOMP_EXPLICIT_SIMD=0 -fno-tree-vectorize,627.281590,4b23a258f94a27f0,passed
regular-simd_off-t4-static-r1-6000x6000.png,2026-09-18T17:09:02Z,6000x6000.png,6000,6000,Gaussian_7x7,1,4,static,,off,yes,unset,unset,hype2,12.2.0,-O3 -Wall -Wextra -std=c++17 -fopenmp -DOMP_EXPLICIT_SIMD=0 -fno-tree-vectorize,1071.109122,3771268fea0417e2,passed
regular-simd_off-t4-static-r1-6000x6000.png,2026-09-18T17:09:04Z,6000x6000.png,6000,6000,Gaussian_9x9,1,4,static,,off,yes,unset,unset,hype2,12.2.0,-O3 -Wall -Wextra -std=c++17 -fopenmp -DOMP_EXPLICIT_SIMD=0 -fno-tree-vectorize,1675.937034,3f6b7f707a108bd5,passed
regular-simd_off-t4-static-r1-6000x6000.png,2026-09-18T17:09:07Z,6000x6000.png,6000,6000,Gaussian_11x11,1,4,static,,off,yes,unset,unset,hype2,12.2.0,-O3 -Wall -Wextra -std=c++17 -fopenmp -DOMP_EXPLICIT_SIMD=0 -fno-tree-vectorize,2397.677533,c923a906c8989668,passed
regular-simd_omp-t4-static-r1-4000x3000.png,2026-09-18T17:09:07Z,4000x3000.png,4000,3000,Grayscale,1,4,static,,omp,yes,unset,unset,hype2,12.2.0,-O3 -Wall -Wextra -std=c++17 -fopenmp -DOMP_EXPLICIT_SIMD=1,13.322307,00925fa85224b60c,passed
regular-simd_omp-t4-static-r1-4000x3000.png,2026-09-18T17:09:07Z,4000x3000.png,4000,3000,Flip_Horizontal,1,4,static,,omp,no,unset,unset,hype2,12.2.0,-O3 -Wall -Wextra -std=c++17 -fopenmp -DOMP_EXPLICIT_SIMD=1,6.773306,45d5313341f5868e,passed
regular-simd_omp-t4-static-r1-4000x3000.png,2026-09-18T17:09:08Z,4000x3000.png,4000,3000,Adjust_Brightness,1,4,static,,omp,yes,unset,unset,hype2,12.2.0,-O3 -Wall -Wextra -std=c++17 -fopenmp -DOMP_EXPLICIT_SIMD=1,17.075661,e488c03148da4f5b,passed
regular-simd_omp-t4-static-r1-4000x3000.png,2026-09-18T17:09:08Z,4000x3000.png,4000,3000,Flip_Vertical,1,4,static,,omp,no,unset,unset,hype2,12.2.0,-O3 -Wall -Wextra -std=c++17 -fopenmp -DOMP_EXPLICIT_SIMD=1,2.245988,754d30e4e81eccfc,passed
regular-simd_omp-t4-static-r1-4000x3000.png,2026-09-18T17:09:08Z,4000x3000.png,4000,3000,Quantize,1,4,static,,omp,yes,unset,unset,hype2,12.2.0,-O3 -Wall -Wextra -std=c++17 -fopenmp -DOMP_EXPLICIT_SIMD=1,52.888075,f01ef010a3fd2f20,passed
regular-simd_omp-t4-static-r1-4000x3000.png,2026-09-18T17:09:08Z,4000x3000.png,4000,3000,Adjust_Contrast,1,4,static,,omp,yes,unset,unset,hype2,12.2.0,-O3 -Wall -Wextra -std=c++17 -fopenmp -DOMP_EXPLICIT_SIMD=1,24.929044,7cc9f4cee5c661bd,passed
regular-simd_omp-t4-static-r1-4000x3000.png,2026-09-18T17:09:08Z,4000x3000.png,4000,3000,Negative,1,4,static,,omp,yes,unset,unset,hype2,12.2.0,-O3 -Wall -Wextra -std=c++17 -fopenmp -DOMP_EXPLICIT_SIMD=1,9.356456,043d4193294f2dcc,passed
regular-simd_omp-t4-static-r1-4000x3000.png,2026-09-18T17:09:08Z,4000x3000.png,4000,3000,Equalize_Histogram,1,4,static,,omp,yes,unset,unset,hype2,12.2.0,-O3 -Wall -Wextra -std=c++17 -fopenmp -DOMP_EXPLICIT_SIMD=1,16.961545,243220feba4dd030,passed
regular-simd_omp-t4-static-r1-4000x3000.png,2026-09-18T17:09:08Z,4000x3000.png,4000,3000,Zoom_In,1,4,static,,omp,yes,unset,unset,hype2,12.2.0,-O3 -Wall -Wextra -std=c++17 -fopenmp -DOMP_EXPLICIT_SIMD=1,34.023436,71b80276839f9533,passed
regular-simd_omp-t4-static-r1-4000x3000.png,2026-09-18T17:09:08Z,4000x3000.png,4000,3000,Zoom_Out,1,4,static,,omp,no,unset,unset,hype2,12.2.0,-O3 -Wall -Wextra -std=c++17 -fopenmp -DOMP_EXPLICIT_SIMD=1,27.335584,a91f518a4f2dbd10,passed
regular-simd_omp-t4-static-r1-4000x3000.png,2026-09-18T17:09:08Z,4000x3000.png,4000,3000,Rotate_CW,1,4,static,,omp,no,unset,unset,hype2,12.2.0,-O3 -Wall -Wextra -std=c++17 -fopenmp -DOMP_EXPLICIT_SIMD=1,41.615927,e0f27e61a205ef0a,passed
regular-simd_omp-t4-static-r1-4000x3000.png,2026-09-18T17:09:08Z,4000x3000.png,4000,3000,Rotate_CCW,1,4,static,,omp,no,unset,unset,hype2,12.2.0,-O3 -Wall -Wextra -std=c++17 -fopenmp -DOMP_EXPLICIT_SIMD=1,31.293314,b4512f3b73b7723c,passed
regular-simd_omp-t4-static-r1-4000x3000.png,2026-09-18T17:09:09Z,4000x3000.png,4000,3000,Gaussian_3x3,1,4,static,,omp,yes,unset,unset,hype2,12.2.0,-O3 -Wall -Wextra -std=c++17 -fopenmp -DOMP_EXPLICIT_SIMD=1,116.300665,bc1a93797b2afda7,passed
regular-simd_omp-t4-static-r1-4000x3000.png,2026-09-18T17:09:09Z,4000x3000.png,4000,3000,Gaussian_5x5,1,4,static,,omp,yes,unset,unset,hype2,12.2.0,-O3 -Wall -Wextra -std=c++17 -fopenmp -DOMP_EXPLICIT_SIMD=1,212.330142,d67ccd9b6dbb62d8,passed
regular-simd_omp-t4-static-r1-4000x3000.png,2026-09-18T17:09:09Z,4000x3000.png,4000,3000,Gaussian_7x7,1,4,static,,omp,yes,unset,unset,hype2,12.2.0,-O3 -Wall -Wextra -std=c++17 -fopenmp -DOMP_EXPLICIT_SIMD=1,360.733548,98f465f1820de349,passed
regular-simd_omp-t4-static-r1-4000x3000.png,2026-09-18T17:09:10Z,4000x3000.png,4000,3000,Gaussian_9x9,1,4,static,,omp,yes,unset,unset,hype2,12.2.0,-O3 -Wall -Wextra -std=c++17 -fopenmp -DOMP_EXPLICIT_SIMD=1,565.914816,8f9bd96ceab3a369,passed
regular-simd_omp-t4-static-r1-4000x3000.png,2026-09-18T17:09:11Z,4000x3000.png,4000,3000,Gaussian_11x11,1,4,static,,omp,yes,unset,unset,hype2,12.2.0,-O3 -Wall -Wextra -std=c++17 -fopenmp -DOMP_EXPLICIT_SIMD=1,796.208827,1e8adb9534bf99dc,passed
regular-simd_omp-t4-static-r1-6000x6000.png,2026-09-18T17:09:12Z,6000x6000.png,6000,6000,Grayscale,1,4,static,,omp,yes,unset,unset,hype2,12.2.0,-O3 -Wall -Wextra -std=c++17 -fopenmp -DOMP_EXPLICIT_SIMD=1,39.019308,937793859b387046,passed
regular-simd_omp-t4-static-r1-6000x6000.png,2026-09-18T17:09:13Z,6000x6000.png,6000,6000,Flip_Horizontal,1,4,static,,omp,no,unset,unset,hype2,12.2.0,-O3 -Wall -Wextra -std=c++17 -fopenmp -DOMP_EXPLICIT_SIMD=1,13.955606,3dfbc0e2f0b456c2,passed
regular-simd_omp-t4-static-r1-6000x6000.png,2026-09-18T17:09:13Z,6000x6000.png,6000,6000,Adjust_Brightness,1,4,static,,omp,yes,unset,unset,hype2,12.2.0,-O3 -Wall -Wextra -std=c++17 -fopenmp -DOMP_EXPLICIT_SIMD=1,53.472407,5d4bea966648e7a7,passed
regular-simd_omp-t4-static-r1-6000x6000.png,2026-09-18T17:09:13Z,6000x6000.png,6000,6000,Flip_Vertical,1,4,static,,omp,no,unset,unset,hype2,12.2.0,-O3 -Wall -Wextra -std=c++17 -fopenmp -DOMP_EXPLICIT_SIMD=1,5.264528,bd012cf684012198,passed
regular-simd_omp-t4-static-r1-6000x6000.png,2026-09-18T17:09:13Z,6000x6000.png,6000,6000,Quantize,1,4,static,,omp,yes,unset,unset,hype2,12.2.0,-O3 -Wall -Wextra -std=c++17 -fopenmp -DOMP_EXPLICIT_SIMD=1,156.443519,b2e8843413e8e7a6,passed
regular-simd_omp-t4-static-r1-6000x6000.png,2026-09-18T17:09:14Z,6000x6000.png,6000,6000,Adjust_Contrast,1,4,static,,omp,yes,unset,unset,hype2,12.2.0,-O3 -Wall -Wextra -std=c++17 -fopenmp -DOMP_EXPLICIT_SIMD=1,72.307084,c036bcbf5e6d6190,passed
regular-simd_omp-t4-static-r1-6000x6000.png,2026-09-18T17:09:14Z,6000x6000.png,6000,6000,Negative,1,4,static,,omp,yes,unset,unset,hype2,12.2.0,-O3 -Wall -Wextra -std=c++17 -fopenmp -DOMP_EXPLICIT_SIMD=1,26.346971,0a497e94a83bbbc0,passed
regular-simd_omp-t4-static-r1-6000x6000.png,2026-09-18T17:09:14Z,6000x6000.png,6000,6000,Equalize_Histogram,1,4,static,,omp,yes,unset,unset,hype2,12.2.0,-O3 -Wall -Wextra -std=c++17 -fopenmp -DOMP_EXPLICIT_SIMD=1,50.288004,5251e13888abb30f,passed
regular-simd_omp-t4-static-r1-6000x6000.png,2026-09-18T17:09:15Z,6000x6000.png,6000,6000,Zoom_In,1,4,static,,omp,yes,unset,unset,hype2,12.2.0,-O3 -Wall -Wextra -std=c++17 -fopenmp -DOMP_EXPLICIT_SIMD=1,88.564987,4e063cbe88523a0e,passed
regular-simd_omp-t4-static-r1-6000x6000.png,2026-09-18T17:09:15Z,6000x6000.png,6000,6000,Zoom_Out,1,4,static,,omp,no,unset,unset,hype2,12.2.0,-O3 -Wall -Wextra -std=c++17 -fopenmp -DOMP_EXPLICIT_SIMD=1,77.383038,8eace74e8cd425e6,passed
regular-simd_omp-t4-static-r1-6000x6000.png,2026-09-18T17:09:15Z,6000x6000.png,6000,6000,Rotate_CW,1,4,static,,omp,no,unset,unset,hype2,12.2.0,-O3 -Wall -Wextra -std=c++17 -fopenmp -DOMP_EXPLICIT_SIMD=1,95.283673,dd5c83f3b3cee726,passed
regular-simd_omp-t4-static-r1-6000x6000.png,2026-09-18T17:09:16Z,6000x6000.png,6000,6000,Rotate_CCW,1,4,static,,omp,no,unset,unset,hype2,12.2.0,-O3 -Wall -Wextra -std=c++17 -fopenmp -DOMP_EXPLICIT_SIMD=1,91.327010,51196bd3ed2b4ba4,passed
regular-simd_omp-t4-static-r1-6000x6000.png,2026-09-18T17:09:16Z,6000x6000.png,6000,6000,Gaussian_3x3,1,4,static,,omp,yes,unset,unset,hype2,12.2.0,-O3 -Wall -Wextra -std=c++17 -fopenmp -DOMP_EXPLICIT_SIMD=1,345.443031,87566478e34b4f70,passed
regular-simd_omp-t4-static-r1-6000x6000.png,2026-09-18T17:09:17Z,6000x6000.png,6000,6000,Gaussian_5x5,1,4,static,,omp,yes,unset,unset,hype2,12.2.0,-O3 -Wall -Wextra -std=c++17 -fopenmp -DOMP_EXPLICIT_SIMD=1,626.998184,4b23a258f94a27f0,passed
regular-simd_omp-t4-static-r1-6000x6000.png,2026-09-18T17:09:18Z,6000x6000.png,6000,6000,Gaussian_7x7,1,4,static,,omp,yes,unset,unset,hype2,12.2.0,-O3 -Wall -Wextra -std=c++17 -fopenmp -DOMP_EXPLICIT_SIMD=1,1077.310872,3771268fea0417e2,passed
regular-simd_omp-t4-static-r1-6000x6000.png,2026-09-18T17:09:20Z,6000x6000.png,6000,6000,Gaussian_9x9,1,4,static,,omp,yes,unset,unset,hype2,12.2.0,-O3 -Wall -Wextra -std=c++17 -fopenmp -DOMP_EXPLICIT_SIMD=1,1708.641819,3f6b7f707a108bd5,passed
regular-simd_omp-t4-static-r1-6000x6000.png,2026-09-18T17:09:23Z,6000x6000.png,6000,6000,Gaussian_11x11,1,4,static,,omp,yes,unset,unset,hype2,12.2.0,-O3 -Wall -Wextra -std=c++17 -fopenmp -DOMP_EXPLICIT_SIMD=1,2393.506644,c923a906c8989668,passed
regular-simd_off-t4-dynamicx1-r1-4000x3000.png,2026-09-18T17:09:23Z,4000x3000.png,4000,3000,Grayscale,1,4,dynamic,1,off,yes,unset,unset,hype2,12.2.0,-O3 -Wall -Wextra -std=c++17 -fopenmp -DOMP_EXPLICIT_SIMD=0 -fno-tree-vectorize,13.225014,00925fa85224b60c,passed
regular-simd_off-t4-dynamicx1-r1-4000x3000.png,2026-09-18T17:09:23Z,4000x3000.png,4000,3000,Flip_Horizontal,1,4,dynamic,1,off,no,unset,unset,hype2,12.2.0,-O3 -Wall -Wextra -std=c++17 -fopenmp -DOMP_EXPLICIT_SIMD=0 -fno-tree-vectorize,5.086061,45d5313341f5868e,passed
regular-simd_off-t4-dynamicx1-r1-4000x3000.png,2026-09-18T17:09:23Z,4000x3000.png,4000,3000,Adjust_Brightness,1,4,dynamic,1,off,yes,unset,unset,hype2,12.2.0,-O3 -Wall -Wextra -std=c++17 -fopenmp -DOMP_EXPLICIT_SIMD=0 -fno-tree-vectorize,16.559923,e488c03148da4f5b,passed
regular-simd_off-t4-dynamicx1-r1-4000x3000.png,2026-09-18T17:09:24Z,4000x3000.png,4000,3000,Flip_Vertical,1,4,dynamic,1,off,no,unset,unset,hype2,12.2.0,-O3 -Wall -Wextra -std=c++17 -fopenmp -DOMP_EXPLICIT_SIMD=0 -fno-tree-vectorize,2.014784,754d30e4e81eccfc,passed
regular-simd_off-t4-dynamicx1-r1-4000x3000.png,2026-09-18T17:09:24Z,4000x3000.png,4000,3000,Quantize,1,4,dynamic,1,off,yes,unset,unset,hype2,12.2.0,-O3 -Wall -Wextra -std=c++17 -fopenmp -DOMP_EXPLICIT_SIMD=0 -fno-tree-vectorize,53.813509,f01ef010a3fd2f20,passed
regular-simd_off-t4-dynamicx1-r1-4000x3000.png,2026-09-18T17:09:24Z,4000x3000.png,4000,3000,Adjust_Contrast,1,4,dynamic,1,off,yes,unset,unset,hype2,12.2.0,-O3 -Wall -Wextra -std=c++17 -fopenmp -DOMP_EXPLICIT_SIMD=0 -fno-tree-vectorize,24.403533,7cc9f4cee5c661bd,passed
regular-simd_off-t4-dynamicx1-r1-4000x3000.png,2026-09-18T17:09:24Z,4000x3000.png,4000,3000,Negative,1,4,dynamic,1,off,yes,unset,unset,hype2,12.2.0,-O3 -Wall -Wextra -std=c++17 -fopenmp -DOMP_EXPLICIT_SIMD=0 -fno-tree-vectorize,9.667909,043d4193294f2dcc,passed
regular-simd_off-t4-dynamicx1-r1-4000x3000.png,2026-09-18T17:09:24Z,4000x3000.png,4000,3000,Equalize_Histogram,1,4,dynamic,1,off,yes,unset,unset,hype2,12.2.0,-O3 -Wall -Wextra -std=c++17 -fopenmp -DOMP_EXPLICIT_SIMD=0 -fno-tree-vectorize,18.563718,243220feba4dd030,passed
regular-simd_off-t4-dynamicx1-r1-4000x3000.png,2026-09-18T17:09:24Z,4000x3000.png,4000,3000,Zoom_In,1,4,dynamic,1,off,yes,unset,unset,hype2,12.2.0,-O3 -Wall -Wextra -std=c++17 -fopenmp -DOMP_EXPLICIT_SIMD=0 -fno-tree-vectorize,46.515048,71b80276839f9533,passed
regular-simd_off-t4-dynamicx1-r1-4000x3000.png,2026-09-18T17:09:24Z,4000x3000.png,4000,3000,Zoom_Out,1,4,dynamic,1,off,no,unset,unset,hype2,12.2.0,-O3 -Wall -Wextra -std=c++17 -fopenmp -DOMP_EXPLICIT_SIMD=0 -fno-tree-vectorize,26.870091,a91f518a4f2dbd10,passed
regular-simd_off-t4-dynamicx1-r1-4000x3000.png,2026-09-18T17:09:24Z,4000x3000.png,4000,3000,Rotate_CW,1,4,dynamic,1,off,no,unset,unset,hype2,12.2.0,-O3 -Wall -Wextra -std=c++17 -fopenmp -DOMP_EXPLICIT_SIMD=0 -fno-tree-vectorize,68.302863,e0f27e61a205ef0a,passed
regular-simd_off-t4-dynamicx1-r1-4000x3000.png,2026-09-18T17:09:24Z,4000x3000.png,4000,3000,Rotate_CCW,1,4,dynamic,1,off,no,unset,unset,hype2,12.2.0,-O3 -Wall -Wextra -std=c++17 -fopenmp -DOMP_EXPLICIT_SIMD=0 -fno-tree-vectorize,59.206221,b4512f3b73b7723c,passed
regular-simd_off-t4-dynamicx1-r1-4000x3000.png,2026-09-18T17:09:25Z,4000x3000.png,4000,3000,Gaussian_3x3,1,4,dynamic,1,off,yes,unset,unset,hype2,12.2.0,-O3 -Wall -Wextra -std=c++17 -fopenmp -DOMP_EXPLICIT_SIMD=0 -fno-tree-vectorize,122.813764,bc1a93797b2afda7,passed
regular-simd_off-t4-dynamicx1-r1-4000x3000.png,2026-09-18T17:09:25Z,4000x3000.png,4000,3000,Gaussian_5x5,1,4,dynamic,1,off,yes,unset,unset,hype2,12.2.0,-O3 -Wall -Wextra -std=c++17 -fopenmp -DOMP_EXPLICIT_SIMD=0 -fno-tree-vectorize,211.502346,d67ccd9b6dbb62d8,passed
regular-simd_off-t4-dynamicx1-r1-4000x3000.png,2026-09-18T17:09:25Z,4000x3000.png,4000,3000,Gaussian_7x7,1,4,dynamic,1,off,yes,unset,unset,hype2,12.2.0,-O3 -Wall -Wextra -std=c++17 -fopenmp -DOMP_EXPLICIT_SIMD=0 -fno-tree-vectorize,359.010464,98f465f1820de349,passed
regular-simd_off-t4-dynamicx1-r1-4000x3000.png,2026-09-18T17:09:26Z,4000x3000.png,4000,3000,Gaussian_9x9,1,4,dynamic,1,off,yes,unset,unset,hype2,12.2.0,-O3 -Wall -Wextra -std=c++17 -fopenmp -DOMP_EXPLICIT_SIMD=0 -fno-tree-vectorize,554.674141,8f9bd96ceab3a369,passed
regular-simd_off-t4-dynamicx1-r1-4000x3000.png,2026-09-18T17:09:27Z,4000x3000.png,4000,3000,Gaussian_11x11,1,4,dynamic,1,off,yes,unset,unset,hype2,12.2.0,-O3 -Wall -Wextra -std=c++17 -fopenmp -DOMP_EXPLICIT_SIMD=0 -fno-tree-vectorize,795.332422,1e8adb9534bf99dc,passed
regular-simd_off-t4-dynamicx1-r1-6000x6000.png,2026-09-18T17:09:28Z,6000x6000.png,6000,6000,Grayscale,1,4,dynamic,1,off,yes,unset,unset,hype2,12.2.0,-O3 -Wall -Wextra -std=c++17 -fopenmp -DOMP_EXPLICIT_SIMD=0 -fno-tree-vectorize,37.432477,937793859b387046,passed
regular-simd_off-t4-dynamicx1-r1-6000x6000.png,2026-09-18T17:09:29Z,6000x6000.png,6000,6000,Flip_Horizontal,1,4,dynamic,1,off,no,unset,unset,hype2,12.2.0,-O3 -Wall -Wextra -std=c++17 -fopenmp -DOMP_EXPLICIT_SIMD=0 -fno-tree-vectorize,14.249298,3dfbc0e2f0b456c2,passed
regular-simd_off-t4-dynamicx1-r1-6000x6000.png,2026-09-18T17:09:29Z,6000x6000.png,6000,6000,Adjust_Brightness,1,4,dynamic,1,off,yes,unset,unset,hype2,12.2.0,-O3 -Wall -Wextra -std=c++17 -fopenmp -DOMP_EXPLICIT_SIMD=0 -fno-tree-vectorize,48.900059,5d4bea966648e7a7,passed
regular-simd_off-t4-dynamicx1-r1-6000x6000.png,2026-09-18T17:09:29Z,6000x6000.png,6000,6000,Flip_Vertical,1,4,dynamic,1,off,no,unset,unset,hype2,12.2.0,-O3 -Wall -Wextra -std=c++17 -fopenmp -DOMP_EXPLICIT_SIMD=0 -fno-tree-vectorize,5.313924,bd012cf684012198,passed
regular-simd_off-t4-dynamicx1-r1-6000x6000.png,2026-09-18T17:09:29Z,6000x6000.png,6000,6000,Quantize,1,4,dynamic,1,off,yes,unset,unset,hype2,12.2.0,-O3 -Wall -Wextra -std=c++17 -fopenmp -DOMP_EXPLICIT_SIMD=0 -fno-tree-vectorize,143.066269,b2e8843413e8e7a6,passed
regular-simd_off-t4-dynamicx1-r1-6000x6000.png,2026-09-18T17:09:30Z,6000x6000.png,6000,6000,Adjust_Contrast,1,4,dynamic,1,off,yes,unset,unset,hype2,12.2.0,-O3 -Wall -Wextra -std=c++17 -fopenmp -DOMP_EXPLICIT_SIMD=0 -fno-tree-vectorize,72.525569,c036bcbf5e6d6190,passed
regular-simd_off-t4-dynamicx1-r1-6000x6000.png,2026-09-18T17:09:30Z,6000x6000.png,6000,6000,Negative,1,4,dynamic,1,off,yes,unset,unset,hype2,12.2.0,-O3 -Wall -Wextra -std=c++17 -fopenmp -DOMP_EXPLICIT_SIMD=0 -fno-tree-vectorize,27.720983,0a497e94a83bbbc0,passed
regular-simd_off-t4-dynamicx1-r1-6000x6000.png,2026-09-18T17:09:30Z,6000x6000.png,6000,6000,Equalize_Histogram,1,4,dynamic,1,off,yes,unset,unset,hype2,12.2.0,-O3 -Wall -Wextra -std=c++17 -fopenmp -DOMP_EXPLICIT_SIMD=0 -fno-tree-vectorize,49.544053,5251e13888abb30f,passed
regular-simd_off-t4-dynamicx1-r1-6000x6000.png,2026-09-18T17:09:31Z,6000x6000.png,6000,6000,Zoom_In,1,4,dynamic,1,off,yes,unset,unset,hype2,12.2.0,-O3 -Wall -Wextra -std=c++17 -fopenmp -DOMP_EXPLICIT_SIMD=0 -fno-tree-vectorize,128.061765,4e063cbe88523a0e,passed
regular-simd_off-t4-dynamicx1-r1-6000x6000.png,2026-09-18T17:09:31Z,6000x6000.png,6000,6000,Zoom_Out,1,4,dynamic,1,off,no,unset,unset,hype2,12.2.0,-O3 -Wall -Wextra -std=c++17 -fopenmp -DOMP_EXPLICIT_SIMD=0 -fno-tree-vectorize,78.424667,8eace74e8cd425e6,passed
regular-simd_off-t4-dynamicx1-r1-6000x6000.png,2026-09-18T17:09:31Z,6000x6000.png,6000,6000,Rotate_CW,1,4,dynamic,1,off,no,unset,unset,hype2,12.2.0,-O3 -Wall -Wextra -std=c++17 -fopenmp -DOMP_EXPLICIT_SIMD=0 -fno-tree-vectorize,174.604817,dd5c83f3b3cee726,passed
regular-simd_off-t4-dynamicx1-r1-6000x6000.png,2026-09-18T17:09:32Z,6000x6000.png,6000,6000,Rotate_CCW,1,4,dynamic,1,off,no,unset,unset,hype2,12.2.0,-O3 -Wall -Wextra -std=c++17 -fopenmp -DOMP_EXPLICIT_SIMD=0 -fno-tree-vectorize,166.145671,51196bd3ed2b4ba4,passed
regular-simd_off-t4-dynamicx1-r1-6000x6000.png,2026-09-18T17:09:32Z,6000x6000.png,6000,6000,Gaussian_3x3,1,4,dynamic,1,off,yes,unset,unset,hype2,12.2.0,-O3 -Wall -Wextra -std=c++17 -fopenmp -DOMP_EXPLICIT_SIMD=0 -fno-tree-vectorize,361.226729,87566478e34b4f70,passed
regular-simd_off-t4-dynamicx1-r1-6000x6000.png,2026-09-18T17:09:33Z,6000x6000.png,6000,6000,Gaussian_5x5,1,4,dynamic,1,off,yes,unset,unset,hype2,12.2.0,-O3 -Wall -Wextra -std=c++17 -fopenmp -DOMP_EXPLICIT_SIMD=0 -fno-tree-vectorize,630.628097,4b23a258f94a27f0,passed
regular-simd_off-t4-dynamicx1-r1-6000x6000.png,2026-09-18T17:09:34Z,6000x6000.png,6000,6000,Gaussian_7x7,1,4,dynamic,1,off,yes,unset,unset,hype2,12.2.0,-O3 -Wall -Wextra -std=c++17 -fopenmp -DOMP_EXPLICIT_SIMD=0 -fno-tree-vectorize,1084.801128,3771268fea0417e2,passed
regular-simd_off-t4-dynamicx1-r1-6000x6000.png,2026-09-18T17:09:36Z,6000x6000.png,6000,6000,Gaussian_9x9,1,4,dynamic,1,off,yes,unset,unset,hype2,12.2.0,-O3 -Wall -Wextra -std=c++17 -fopenmp -DOMP_EXPLICIT_SIMD=0 -fno-tree-vectorize,1666.703105,3f6b7f707a108bd5,passed
regular-simd_off-t4-dynamicx1-r1-6000x6000.png,2026-09-18T17:09:39Z,6000x6000.png,6000,6000,Gaussian_11x11,1,4,dynamic,1,off,yes,unset,unset,hype2,12.2.0,-O3 -Wall -Wextra -std=c++17 -fopenmp -DOMP_EXPLICIT_SIMD=0 -fno-tree-vectorize,2397.451277,c923a906c8989668,passed
regular-simd_omp-t4-dynamicx1-r1-4000x3000.png,2026-09-18T17:09:39Z,4000x3000.png,4000,3000,Grayscale,1,4,dynamic,1,omp,yes,unset,unset,hype2,12.2.0,-O3 -Wall -Wextra -std=c++17 -fopenmp -DOMP_EXPLICIT_SIMD=1,13.560522,00925fa85224b60c,passed
regular-simd_omp-t4-dynamicx1-r1-4000x3000.png,2026-09-18T17:09:40Z,4000x3000.png,4000,3000,Flip_Horizontal,1,4,dynamic,1,omp,no,unset,unset,hype2,12.2.0,-O3 -Wall -Wextra -std=c++17 -fopenmp -DOMP_EXPLICIT_SIMD=1,4.866656,45d5313341f5868e,passed
regular-simd_omp-t4-dynamicx1-r1-4000x3000.png,2026-09-18T17:09:40Z,4000x3000.png,4000,3000,Adjust_Brightness,1,4,dynamic,1,omp,yes,unset,unset,hype2,12.2.0,-O3 -Wall -Wextra -std=c++17 -fopenmp -DOMP_EXPLICIT_SIMD=1,17.025816,e488c03148da4f5b,passed
regular-simd_omp-t4-dynamicx1-r1-4000x3000.png,2026-09-18T17:09:40Z,4000x3000.png,4000,3000,Flip_Vertical,1,4,dynamic,1,omp,no,unset,unset,hype2,12.2.0,-O3 -Wall -Wextra -std=c++17 -fopenmp -DOMP_EXPLICIT_SIMD=1,1.984820,754d30e4e81eccfc,passed
regular-simd_omp-t4-dynamicx1-r1-4000x3000.png,2026-09-18T17:09:40Z,4000x3000.png,4000,3000,Quantize,1,4,dynamic,1,omp,yes,unset,unset,hype2,12.2.0,-O3 -Wall -Wextra -std=c++17 -fopenmp -DOMP_EXPLICIT_SIMD=1,54.342005,f01ef010a3fd2f20,passed
regular-simd_omp-t4-dynamicx1-r1-4000x3000.png,2026-09-18T17:09:40Z,4000x3000.png,4000,3000,Adjust_Contrast,1,4,dynamic,1,omp,yes,unset,unset,hype2,12.2.0,-O3 -Wall -Wextra -std=c++17 -fopenmp -DOMP_EXPLICIT_SIMD=1,24.501779,7cc9f4cee5c661bd,passed
regular-simd_omp-t4-dynamicx1-r1-4000x3000.png,2026-09-18T17:09:40Z,4000x3000.png,4000,3000,Negative,1,4,dynamic,1,omp,yes,unset,unset,hype2,12.2.0,-O3 -Wall -Wextra -std=c++17 -fopenmp -DOMP_EXPLICIT_SIMD=1,9.355417,043d4193294f2dcc,passed
regular-simd_omp-t4-dynamicx1-r1-4000x3000.png,2026-09-18T17:09:40Z,4000x3000.png,4000,3000,Equalize_Histogram,1,4,dynamic,1,omp,yes,unset,unset,hype2,12.2.0,-O3 -Wall -Wextra -std=c++17 -fopenmp -DOMP_EXPLICIT_SIMD=1,18.576354,243220feba4dd030,passed
regular-simd_omp-t4-dynamicx1-r1-4000x3000.png,2026-09-18T17:09:40Z,4000x3000.png,4000,3000,Zoom_In,1,4,dynamic,1,omp,yes,unset,unset,hype2,12.2.0,-O3 -Wall -Wextra -std=c++17 -fopenmp -DOMP_EXPLICIT_SIMD=1,44.687752,71b80276839f9533,passed
regular-simd_omp-t4-dynamicx1-r1-4000x3000.png,2026-09-18T17:09:40Z,4000x3000.png,4000,3000,Zoom_Out,1,4,dynamic,1,omp,no,unset,unset,hype2,12.2.0,-O3 -Wall -Wextra -std=c++17 -fopenmp -DOMP_EXPLICIT_SIMD=1,27.069271,a91f518a4f2dbd10,passed
regular-simd_omp-t4-dynamicx1-r1-4000x3000.png,2026-09-18T17:09:40Z,4000x3000.png,4000,3000,Rotate_CW,1,4,dynamic,1,omp,no,unset,unset,hype2,12.2.0,-O3 -Wall -Wextra -std=c++17 -fopenmp -DOMP_EXPLICIT_SIMD=1,65.083189,e0f27e61a205ef0a,passed
regular-simd_omp-t4-dynamicx1-r1-4000x3000.png,2026-09-18T17:09:41Z,4000x3000.png,4000,3000,Rotate_CCW,1,4,dynamic,1,omp,no,unset,unset,hype2,12.2.0,-O3 -Wall -Wextra -std=c++17 -fopenmp -DOMP_EXPLICIT_SIMD=1,58.525267,b4512f3b73b7723c,passed
regular-simd_omp-t4-dynamicx1-r1-4000x3000.png,2026-09-18T17:09:41Z,4000x3000.png,4000,3000,Gaussian_3x3,1,4,dynamic,1,omp,yes,unset,unset,hype2,12.2.0,-O3 -Wall -Wextra -std=c++17 -fopenmp -DOMP_EXPLICIT_SIMD=1,118.292610,bc1a93797b2afda7,passed
regular-simd_omp-t4-dynamicx1-r1-4000x3000.png,2026-09-18T17:09:41Z,4000x3000.png,4000,3000,Gaussian_5x5,1,4,dynamic,1,omp,yes,unset,unset,hype2,12.2.0,-O3 -Wall -Wextra -std=c++17 -fopenmp -DOMP_EXPLICIT_SIMD=1,211.747499,d67ccd9b6dbb62d8,passed
regular-simd_omp-t4-dynamicx1-r1-4000x3000.png,2026-09-18T17:09:41Z,4000x3000.png,4000,3000,Gaussian_7x7,1,4,dynamic,1,omp,yes,unset,unset,hype2,12.2.0,-O3 -Wall -Wextra -std=c++17 -fopenmp -DOMP_EXPLICIT_SIMD=1,359.868534,98f465f1820de349,passed
regular-simd_omp-t4-dynamicx1-r1-4000x3000.png,2026-09-18T17:09:42Z,4000x3000.png,4000,3000,Gaussian_9x9,1,4,dynamic,1,omp,yes,unset,unset,hype2,12.2.0,-O3 -Wall -Wextra -std=c++17 -fopenmp -DOMP_EXPLICIT_SIMD=1,556.690886,8f9bd96ceab3a369,passed
regular-simd_omp-t4-dynamicx1-r1-4000x3000.png,2026-09-18T17:09:43Z,4000x3000.png,4000,3000,Gaussian_11x11,1,4,dynamic,1,omp,yes,unset,unset,hype2,12.2.0,-O3 -Wall -Wextra -std=c++17 -fopenmp -DOMP_EXPLICIT_SIMD=1,803.455628,1e8adb9534bf99dc,passed
regular-simd_omp-t4-dynamicx1-r1-6000x6000.png,2026-09-18T17:09:45Z,6000x6000.png,6000,6000,Grayscale,1,4,dynamic,1,omp,yes,unset,unset,hype2,12.2.0,-O3 -Wall -Wextra -std=c++17 -fopenmp -DOMP_EXPLICIT_SIMD=1,37.940868,937793859b387046,passed
regular-simd_omp-t4-dynamicx1-r1-6000x6000.png,2026-09-18T17:09:45Z,6000x6000.png,6000,6000,Flip_Horizontal,1,4,dynamic,1,omp,no,unset,unset,hype2,12.2.0,-O3 -Wall -Wextra -std=c++17 -fopenmp -DOMP_EXPLICIT_SIMD=1,13.563954,3dfbc0e2f0b456c2,passed
regular-simd_omp-t4-dynamicx1-r1-6000x6000.png,2026-09-18T17:09:45Z,6000x6000.png,6000,6000,Adjust_Brightness,1,4,dynamic,1,omp,yes,unset,unset,hype2,12.2.0,-O3 -Wall -Wextra -std=c++17 -fopenmp -DOMP_EXPLICIT_SIMD=1,50.025606,5d4bea966648e7a7,passed
regular-simd_omp-t4-dynamicx1-r1-6000x6000.png,2026-09-18T17:09:45Z,6000x6000.png,6000,6000,Flip_Vertical,1,4,dynamic,1,omp,no,unset,unset,hype2,12.2.0,-O3 -Wall -Wextra -std=c++17 -fopenmp -DOMP_EXPLICIT_SIMD=1,5.415237,bd012cf684012198,passed
regular-simd_omp-t4-dynamicx1-r1-6000x6000.png,2026-09-18T17:09:46Z,6000x6000.png,6000,6000,Quantize,1,4,dynamic,1,omp,yes,unset,unset,hype2,12.2.0,-O3 -Wall -Wextra -std=c++17 -fopenmp -DOMP_EXPLICIT_SIMD=1,144.528490,b2e8843413e8e7a6,passed
regular-simd_omp-t4-dynamicx1-r1-6000x6000.png,2026-09-18T17:09:46Z,6000x6000.png,6000,6000,Adjust_Contrast,1,4,dynamic,1,omp,yes,unset,unset,hype2,12.2.0,-O3 -Wall -Wextra -std=c++17 -fopenmp -DOMP_EXPLICIT_SIMD=1,72.195930,c036bcbf5e6d6190,passed
regular-simd_omp-t4-dynamicx1-r1-6000x6000.png,2026-09-18T17:09:46Z,6000x6000.png,6000,6000,Negative,1,4,dynamic,1,omp,yes,unset,unset,hype2,12.2.0,-O3 -Wall -Wextra -std=c++17 -fopenmp -DOMP_EXPLICIT_SIMD=1,26.961281,0a497e94a83bbbc0,passed
regular-simd_omp-t4-dynamicx1-r1-6000x6000.png,2026-09-18T17:09:46Z,6000x6000.png,6000,6000,Equalize_Histogram,1,4,dynamic,1,omp,yes,unset,unset,hype2,12.2.0,-O3 -Wall -Wextra -std=c++17 -fopenmp -DOMP_EXPLICIT_SIMD=1,49.710134,5251e13888abb30f,passed
regular-simd_omp-t4-dynamicx1-r1-6000x6000.png,2026-09-18T17:09:47Z,6000x6000.png,6000,6000,Zoom_In,1,4,dynamic,1,omp,yes,unset,unset,hype2,12.2.0,-O3 -Wall -Wextra -std=c++17 -fopenmp -DOMP_EXPLICIT_SIMD=1,119.761734,4e063cbe88523a0e,passed
regular-simd_omp-t4-dynamicx1-r1-6000x6000.png,2026-09-18T17:09:47Z,6000x6000.png,6000,6000,Zoom_Out,1,4,dynamic,1,omp,no,unset,unset,hype2,12.2.0,-O3 -Wall -Wextra -std=c++17 -fopenmp -DOMP_EXPLICIT_SIMD=1,78.141356,8eace74e8cd425e6,passed
regular-simd_omp-t4-dynamicx1-r1-6000x6000.png,2026-09-18T17:09:48Z,6000x6000.png,6000,6000,Rotate_CW,1,4,dynamic,1,omp,no,unset,unset,hype2,12.2.0,-O3 -Wall -Wextra -std=c++17 -fopenmp -DOMP_EXPLICIT_SIMD=1,175.118558,dd5c83f3b3cee726,passed
regular-simd_omp-t4-dynamicx1-r1-6000x6000.png,2026-09-18T17:09:48Z,6000x6000.png,6000,6000,Rotate_CCW,1,4,dynamic,1,omp,no,unset,unset,hype2,12.2.0,-O3 -Wall -Wextra -std=c++17 -fopenmp -DOMP_EXPLICIT_SIMD=1,177.112277,51196bd3ed2b4ba4,passed
regular-simd_omp-t4-dynamicx1-r1-6000x6000.png,2026-09-18T17:09:48Z,6000x6000.png,6000,6000,Gaussian_3x3,1,4,dynamic,1,omp,yes,unset,unset,hype2,12.2.0,-O3 -Wall -Wextra -std=c++17 -fopenmp -DOMP_EXPLICIT_SIMD=1,354.450847,87566478e34b4f70,passed
regular-simd_omp-t4-dynamicx1-r1-6000x6000.png,2026-09-18T17:09:49Z,6000x6000.png,6000,6000,Gaussian_5x5,1,4,dynamic,1,omp,yes,unset,unset,hype2,12.2.0,-O3 -Wall -Wextra -std=c++17 -fopenmp -DOMP_EXPLICIT_SIMD=1,641.514734,4b23a258f94a27f0,passed
regular-simd_omp-t4-dynamicx1-r1-6000x6000.png,2026-09-18T17:09:51Z,6000x6000.png,6000,6000,Gaussian_7x7,1,4,dynamic,1,omp,yes,unset,unset,hype2,12.2.0,-O3 -Wall -Wextra -std=c++17 -fopenmp -DOMP_EXPLICIT_SIMD=1,1082.780124,3771268fea0417e2,passed
regular-simd_omp-t4-dynamicx1-r1-6000x6000.png,2026-09-18T17:09:52Z,6000x6000.png,6000,6000,Gaussian_9x9,1,4,dynamic,1,omp,yes,unset,unset,hype2,12.2.0,-O3 -Wall -Wextra -std=c++17 -fopenmp -DOMP_EXPLICIT_SIMD=1,1673.127390,3f6b7f707a108bd5,passed
regular-simd_omp-t4-dynamicx1-r1-6000x6000.png,2026-09-18T17:09:55Z,6000x6000.png,6000,6000,Gaussian_11x11,1,4,dynamic,1,omp,yes,unset,unset,hype2,12.2.0,-O3 -Wall -Wextra -std=c++17 -fopenmp -DOMP_EXPLICIT_SIMD=1,2408.966075,c923a906c8989668,passed
regular-simd_off-t4-dynamicx16-r1-4000x3000.png,2026-09-18T17:09:56Z,4000x3000.png,4000,3000,Grayscale,1,4,dynamic,16,off,yes,unset,unset,hype2,12.2.0,-O3 -Wall -Wextra -std=c++17 -fopenmp -DOMP_EXPLICIT_SIMD=0 -fno-tree-vectorize,12.664893,00925fa85224b60c,passed
regular-simd_off-t4-dynamicx16-r1-4000x3000.png,2026-09-18T17:09:56Z,4000x3000.png,4000,3000,Flip_Horizontal,1,4,dynamic,16,off,no,unset,unset,hype2,12.2.0,-O3 -Wall -Wextra -std=c++17 -fopenmp -DOMP_EXPLICIT_SIMD=0 -fno-tree-vectorize,5.624493,45d5313341f5868e,passed
regular-simd_off-t4-dynamicx16-r1-4000x3000.png,2026-09-18T17:09:56Z,4000x3000.png,4000,3000,Adjust_Brightness,1,4,dynamic,16,off,yes,unset,unset,hype2,12.2.0,-O3 -Wall -Wextra -std=c++17 -fopenmp -DOMP_EXPLICIT_SIMD=0 -fno-tree-vectorize,16.233676,e488c03148da4f5b,passed
regular-simd_off-t4-dynamicx16-r1-4000x3000.png,2026-09-18T17:09:56Z,4000x3000.png,4000,3000,Flip_Vertical,1,4,dynamic,16,off,no,unset,unset,hype2,12.2.0,-O3 -Wall -Wextra -std=c++17 -fopenmp -DOMP_EXPLICIT_SIMD=0 -fno-tree-vectorize,1.804236,754d30e4e81eccfc,passed
regular-simd_off-t4-dynamicx16-r1-4000x3000.png,2026-09-18T17:09:56Z,4000x3000.png,4000,3000,Quantize,1,4,dynamic,16,off,yes,unset,unset,hype2,12.2.0,-O3 -Wall -Wextra -std=c++17 -fopenmp -DOMP_EXPLICIT_SIMD=0 -fno-tree-vectorize,53.100770,f01ef010a3fd2f20,passed
regular-simd_off-t4-dynamicx16-r1-4000x3000.png,2026-09-18T17:09:56Z,4000x3000.png,4000,3000,Adjust_Contrast,1,4,dynamic,16,off,yes,unset,unset,hype2,12.2.0,-O3 -Wall -Wextra -std=c++17 -fopenmp -DOMP_EXPLICIT_SIMD=0 -fno-tree-vectorize,24.116728,7cc9f4cee5c661bd,passed
regular-simd_off-t4-dynamicx16-r1-4000x3000.png,2026-09-18T17:09:56Z,4000x3000.png,4000,3000,Negative,1,4,dynamic,16,off,yes,unset,unset,hype2,12.2.0,-O3 -Wall -Wextra -std=c++17 -fopenmp -DOMP_EXPLICIT_SIMD=0 -fno-tree-vectorize,9.286620,043d4193294f2dcc,passed
regular-simd_off-t4-dynamicx16-r1-4000x3000.png,2026-09-18T17:09:56Z,4000x3000.png,4000,3000,Equalize_Histogram,1,4,dynamic,16,off,yes,unset,unset,hype2,12.2.0,-O3 -Wall -Wextra -std=c++17 -fopenmp -DOMP_EXPLICIT_SIMD=0 -fno-tree-vectorize,17.885709,243220feba4dd030,passed
regular-simd_off-t4-dynamicx16-r1-4000x3000.png,2026-09-18T17:09:56Z,4000x3000.png,4000,3000,Zoom_In,1,4,dynamic,16,off,yes,unset,unset,hype2,12.2.0,-O3 -Wall -Wextra -std=c++17 -fopenmp -DOMP_EXPLICIT_SIMD=0 -fno-tree-vectorize,43.993884,71b80276839f9533,passed
regular-simd_off-t4-dynamicx16-r1-4000x3000.png,2026-09-18T17:09:56Z,4000x3000.png,4000,3000,Zoom_Out,1,4,dynamic,16,off,no,unset,unset,hype2,12.2.0,-O3 -Wall -Wextra -std=c++17 -fopenmp -DOMP_EXPLICIT_SIMD=0 -fno-tree-vectorize,26.443377,a91f518a4f2dbd10,passed
regular-simd_off-t4-dynamicx16-r1-4000x3000.png,2026-09-18T17:09:57Z,4000x3000.png,4000,3000,Rotate_CW,1,4,dynamic,16,off,no,unset,unset,hype2,12.2.0,-O3 -Wall -Wextra -std=c++17 -fopenmp -DOMP_EXPLICIT_SIMD=0 -fno-tree-vectorize,48.901207,e0f27e61a205ef0a,passed
regular-simd_off-t4-dynamicx16-r1-4000x3000.png,2026-09-18T17:09:57Z,4000x3000.png,4000,3000,Rotate_CCW,1,4,dynamic,16,off,no,unset,unset,hype2,12.2.0,-O3 -Wall -Wextra -std=c++17 -fopenmp -DOMP_EXPLICIT_SIMD=0 -fno-tree-vectorize,46.097703,b4512f3b73b7723c,passed
regular-simd_off-t4-dynamicx16-r1-4000x3000.png,2026-09-18T17:09:57Z,4000x3000.png,4000,3000,Gaussian_3x3,1,4,dynamic,16,off,yes,unset,unset,hype2,12.2.0,-O3 -Wall -Wextra -std=c++17 -fopenmp -DOMP_EXPLICIT_SIMD=0 -fno-tree-vectorize,119.641247,bc1a93797b2afda7,passed
regular-simd_off-t4-dynamicx16-r1-4000x3000.png,2026-09-18T17:09:57Z,4000x3000.png,4000,3000,Gaussian_5x5,1,4,dynamic,16,off,yes,unset,unset,hype2,12.2.0,-O3 -Wall -Wextra -std=c++17 -fopenmp -DOMP_EXPLICIT_SIMD=0 -fno-tree-vectorize,211.113533,d67ccd9b6dbb62d8,passed
regular-simd_off-t4-dynamicx16-r1-4000x3000.png,2026-09-18T17:09:58Z,4000x3000.png,4000,3000,Gaussian_7x7,1,4,dynamic,16,off,yes,unset,unset,hype2,12.2.0,-O3 -Wall -Wextra -std=c++17 -fopenmp -DOMP_EXPLICIT_SIMD=0 -fno-tree-vectorize,361.113867,98f465f1820de349,passed
regular-simd_off-t4-dynamicx16-r1-4000x3000.png,2026-09-18T17:09:58Z,4000x3000.png,4000,3000,Gaussian_9x9,1,4,dynamic,16,off,yes,unset,unset,hype2,12.2.0,-O3 -Wall -Wextra -std=c++17 -fopenmp -DOMP_EXPLICIT_SIMD=0 -fno-tree-vectorize,560.648751,8f9bd96ceab3a369,passed
regular-simd_off-t4-dynamicx16-r1-4000x3000.png,2026-09-18T17:09:59Z,4000x3000.png,4000,3000,Gaussian_11x11,1,4,dynamic,16,off,yes,unset,unset,hype2,12.2.0,-O3 -Wall -Wextra -std=c++17 -fopenmp -DOMP_EXPLICIT_SIMD=0 -fno-tree-vectorize,812.286933,1e8adb9534bf99dc,passed
regular-simd_off-t4-dynamicx16-r1-6000x6000.png,2026-09-18T17:10:01Z,6000x6000.png,6000,6000,Grayscale,1,4,dynamic,16,off,yes,unset,unset,hype2,12.2.0,-O3 -Wall -Wextra -std=c++17 -fopenmp -DOMP_EXPLICIT_SIMD=0 -fno-tree-vectorize,36.039182,937793859b387046,passed
regular-simd_off-t4-dynamicx16-r1-6000x6000.png,2026-09-18T17:10:01Z,6000x6000.png,6000,6000,Flip_Horizontal,1,4,dynamic,16,off,no,unset,unset,hype2,12.2.0,-O3 -Wall -Wextra -std=c++17 -fopenmp -DOMP_EXPLICIT_SIMD=0 -fno-tree-vectorize,15.176306,3dfbc0e2f0b456c2,passed
regular-simd_off-t4-dynamicx16-r1-6000x6000.png,2026-09-18T17:10:01Z,6000x6000.png,6000,6000,Adjust_Brightness,1,4,dynamic,16,off,yes,unset,unset,hype2,12.2.0,-O3 -Wall -Wextra -std=c++17 -fopenmp -DOMP_EXPLICIT_SIMD=0 -fno-tree-vectorize,48.685464,5d4bea966648e7a7,passed
regular-simd_off-t4-dynamicx16-r1-6000x6000.png,2026-09-18T17:10:01Z,6000x6000.png,6000,6000,Flip_Vertical,1,4,dynamic,16,off,no,unset,unset,hype2,12.2.0,-O3 -Wall -Wextra -std=c++17 -fopenmp -DOMP_EXPLICIT_SIMD=0 -fno-tree-vectorize,5.181806,bd012cf684012198,passed
regular-simd_off-t4-dynamicx16-r1-6000x6000.png,2026-09-18T17:10:02Z,6000x6000.png,6000,6000,Quantize,1,4,dynamic,16,off,yes,unset,unset,hype2,12.2.0,-O3 -Wall -Wextra -std=c++17 -fopenmp -DOMP_EXPLICIT_SIMD=0 -fno-tree-vectorize,143.147287,b2e8843413e8e7a6,passed
regular-simd_off-t4-dynamicx16-r1-6000x6000.png,2026-09-18T17:10:02Z,6000x6000.png,6000,6000,Adjust_Contrast,1,4,dynamic,16,off,yes,unset,unset,hype2,12.2.0,-O3 -Wall -Wextra -std=c++17 -fopenmp -DOMP_EXPLICIT_SIMD=0 -fno-tree-vectorize,72.188827,c036bcbf5e6d6190,passed
regular-simd_off-t4-dynamicx16-r1-6000x6000.png,2026-09-18T17:10:02Z,6000x6000.png,6000,6000,Negative,1,4,dynamic,16,off,yes,unset,unset,hype2,12.2.0,-O3 -Wall -Wextra -std=c++17 -fopenmp -DOMP_EXPLICIT_SIMD=0 -fno-tree-vectorize,27.729971,0a497e94a83bbbc0,passed
regular-simd_off-t4-dynamicx16-r1-6000x6000.png,2026-09-18T17:10:02Z,6000x6000.png,6000,6000,Equalize_Histogram,1,4,dynamic,16,off,yes,unset,unset,hype2,12.2.0,-O3 -Wall -Wextra -std=c++17 -fopenmp -DOMP_EXPLICIT_SIMD=0 -fno-tree-vectorize,48.860953,5251e13888abb30f,passed
regular-simd_off-t4-dynamicx16-r1-6000x6000.png,2026-09-18T17:10:03Z,6000x6000.png,6000,6000,Zoom_In,1,4,dynamic,16,off,yes,unset,unset,hype2,12.2.0,-O3 -Wall -Wextra -std=c++17 -fopenmp -DOMP_EXPLICIT_SIMD=0 -fno-tree-vectorize,112.746654,4e063cbe88523a0e,passed
regular-simd_off-t4-dynamicx16-r1-6000x6000.png,2026-09-18T17:10:03Z,6000x6000.png,6000,6000,Zoom_Out,1,4,dynamic,16,off,no,unset,unset,hype2,12.2.0,-O3 -Wall -Wextra -std=c++17 -fopenmp -DOMP_EXPLICIT_SIMD=0 -fno-tree-vectorize,76.791156,8eace74e8cd425e6,passed
regular-simd_off-t4-dynamicx16-r1-6000x6000.png,2026-09-18T17:10:04Z,6000x6000.png,6000,6000,Rotate_CW,1,4,dynamic,16,off,no,unset,unset,hype2,12.2.0,-O3 -Wall -Wextra -std=c++17 -fopenmp -DOMP_EXPLICIT_SIMD=0 -fno-tree-vectorize,128.356952,dd5c83f3b3cee726,passed
regular-simd_off-t4-dynamicx16-r1-6000x6000.png,2026-09-18T17:10:04Z,6000x6000.png,6000,6000,Rotate_CCW,1,4,dynamic,16,off,no,unset,unset,hype2,12.2.0,-O3 -Wall -Wextra -std=c++17 -fopenmp -DOMP_EXPLICIT_SIMD=0 -fno-tree-vectorize,135.285518,51196bd3ed2b4ba4,passed
regular-simd_off-t4-dynamicx16-r1-6000x6000.png,2026-09-18T17:10:04Z,6000x6000.png,6000,6000,Gaussian_3x3,1,4,dynamic,16,off,yes,unset,unset,hype2,12.2.0,-O3 -Wall -Wextra -std=c++17 -fopenmp -DOMP_EXPLICIT_SIMD=0 -fno-tree-vectorize,353.306148,87566478e34b4f70,passed
regular-simd_off-t4-dynamicx16-r1-6000x6000.png,2026-09-18T17:10:05Z,6000x6000.png,6000,6000,Gaussian_5x5,1,4,dynamic,16,off,yes,unset,unset,hype2,12.2.0,-O3 -Wall -Wextra -std=c++17 -fopenmp -DOMP_EXPLICIT_SIMD=0 -fno-tree-vectorize,625.479233,4b23a258f94a27f0,passed
regular-simd_off-t4-dynamicx16-r1-6000x6000.png,2026-09-18T17:10:07Z,6000x6000.png,6000,6000,Gaussian_7x7,1,4,dynamic,16,off,yes,unset,unset,hype2,12.2.0,-O3 -Wall -Wextra -std=c++17 -fopenmp -DOMP_EXPLICIT_SIMD=0 -fno-tree-vectorize,1072.945558,3771268fea0417e2,passed
regular-simd_off-t4-dynamicx16-r1-6000x6000.png,2026-09-18T17:10:08Z,6000x6000.png,6000,6000,Gaussian_9x9,1,4,dynamic,16,off,yes,unset,unset,hype2,12.2.0,-O3 -Wall -Wextra -std=c++17 -fopenmp -DOMP_EXPLICIT_SIMD=0 -fno-tree-vectorize,1667.450664,3f6b7f707a108bd5,passed
regular-simd_off-t4-dynamicx16-r1-6000x6000.png,2026-09-18T17:10:11Z,6000x6000.png,6000,6000,Gaussian_11x11,1,4,dynamic,16,off,yes,unset,unset,hype2,12.2.0,-O3 -Wall -Wextra -std=c++17 -fopenmp -DOMP_EXPLICIT_SIMD=0 -fno-tree-vectorize,2401.824104,c923a906c8989668,passed
regular-simd_omp-t4-dynamicx16-r1-4000x3000.png,2026-09-18T17:10:12Z,4000x3000.png,4000,3000,Grayscale,1,4,dynamic,16,omp,yes,unset,unset,hype2,12.2.0,-O3 -Wall -Wextra -std=c++17 -fopenmp -DOMP_EXPLICIT_SIMD=1,13.195227,00925fa85224b60c,passed
regular-simd_omp-t4-dynamicx16-r1-4000x3000.png,2026-09-18T17:10:12Z,4000x3000.png,4000,3000,Flip_Horizontal,1,4,dynamic,16,omp,no,unset,unset,hype2,12.2.0,-O3 -Wall -Wextra -std=c++17 -fopenmp -DOMP_EXPLICIT_SIMD=1,5.614210,45d5313341f5868e,passed
regular-simd_omp-t4-dynamicx16-r1-4000x3000.png,2026-09-18T17:10:12Z,4000x3000.png,4000,3000,Adjust_Brightness,1,4,dynamic,16,omp,yes,unset,unset,hype2,12.2.0,-O3 -Wall -Wextra -std=c++17 -fopenmp -DOMP_EXPLICIT_SIMD=1,16.798267,e488c03148da4f5b,passed
regular-simd_omp-t4-dynamicx16-r1-4000x3000.png,2026-09-18T17:10:12Z,4000x3000.png,4000,3000,Flip_Vertical,1,4,dynamic,16,omp,no,unset,unset,hype2,12.2.0,-O3 -Wall -Wextra -std=c++17 -fopenmp -DOMP_EXPLICIT_SIMD=1,1.858530,754d30e4e81eccfc,passed
regular-simd_omp-t4-dynamicx16-r1-4000x3000.png,2026-09-18T17:10:12Z,4000x3000.png,4000,3000,Quantize,1,4,dynamic,16,omp,yes,unset,unset,hype2,12.2.0,-O3 -Wall -Wextra -std=c++17 -fopenmp -DOMP_EXPLICIT_SIMD=1,53.667058,f01ef010a3fd2f20,passed
regular-simd_omp-t4-dynamicx16-r1-4000x3000.png,2026-09-18T17:10:12Z,4000x3000.png,4000,3000,Adjust_Contrast,1,4,dynamic,16,omp,yes,unset,unset,hype2,12.2.0,-O3 -Wall -Wextra -std=c++17 -fopenmp -DOMP_EXPLICIT_SIMD=1,24.199629,7cc9f4cee5c661bd,passed
regular-simd_omp-t4-dynamicx16-r1-4000x3000.png,2026-09-18T17:10:12Z,4000x3000.png,4000,3000,Negative,1,4,dynamic,16,omp,yes,unset,unset,hype2,12.2.0,-O3 -Wall -Wextra -std=c++17 -fopenmp -DOMP_EXPLICIT_SIMD=1,9.156458,043d4193294f2dcc,passed
regular-simd_omp-t4-dynamicx16-r1-4000x3000.png,2026-09-18T17:10:12Z,4000x3000.png,4000,3000,Equalize_Histogram,1,4,dynamic,16,omp,yes,unset,unset,hype2,12.2.0,-O3 -Wall -Wextra -std=c++17 -fopenmp -DOMP_EXPLICIT_SIMD=1,17.878044,243220feba4dd030,passed
regular-simd_omp-t4-dynamicx16-r1-4000x3000.png,2026-09-18T17:10:12Z,4000x3000.png,4000,3000,Zoom_In,1,4,dynamic,16,omp,yes,unset,unset,hype2,12.2.0,-O3 -Wall -Wextra -std=c++17 -fopenmp -DOMP_EXPLICIT_SIMD=1,38.669755,71b80276839f9533,passed
regular-simd_omp-t4-dynamicx16-r1-4000x3000.png,2026-09-18T17:10:12Z,4000x3000.png,4000,3000,Zoom_Out,1,4,dynamic,16,omp,no,unset,unset,hype2,12.2.0,-O3 -Wall -Wextra -std=c++17 -fopenmp -DOMP_EXPLICIT_SIMD=1,26.933879,a91f518a4f2dbd10,passed
regular-simd_omp-t4-dynamicx16-r1-4000x3000.png,2026-09-18T17:10:13Z,4000x3000.png,4000,3000,Rotate_CW,1,4,dynamic,16,omp,no,unset,unset,hype2,12.2.0,-O3 -Wall -Wextra -std=c++17 -fopenmp -DOMP_EXPLICIT_SIMD=1,48.585296,e0f27e61a205ef0a,passed
regular-simd_omp-t4-dynamicx16-r1-4000x3000.png,2026-09-18T17:10:13Z,4000x3000.png,4000,3000,Rotate_CCW,1,4,dynamic,16,omp,no,unset,unset,hype2,12.2.0,-O3 -Wall -Wextra -std=c++17 -fopenmp -DOMP_EXPLICIT_SIMD=1,44.065876,b4512f3b73b7723c,passed
regular-simd_omp-t4-dynamicx16-r1-4000x3000.png,2026-09-18T17:10:13Z,4000x3000.png,4000,3000,Gaussian_3x3,1,4,dynamic,16,omp,yes,unset,unset,hype2,12.2.0,-O3 -Wall -Wextra -std=c++17 -fopenmp -DOMP_EXPLICIT_SIMD=1,117.658969,bc1a93797b2afda7,passed
regular-simd_omp-t4-dynamicx16-r1-4000x3000.png,2026-09-18T17:10:13Z,4000x3000.png,4000,3000,Gaussian_5x5,1,4,dynamic,16,omp,yes,unset,unset,hype2,12.2.0,-O3 -Wall -Wextra -std=c++17 -fopenmp -DOMP_EXPLICIT_SIMD=1,213.410367,d67ccd9b6dbb62d8,passed
regular-simd_omp-t4-dynamicx16-r1-4000x3000.png,2026-09-18T17:10:14Z,4000x3000.png,4000,3000,Gaussian_7x7,1,4,dynamic,16,omp,yes,unset,unset,hype2,12.2.0,-O3 -Wall -Wextra -std=c++17 -fopenmp -DOMP_EXPLICIT_SIMD=1,373.719992,98f465f1820de349,passed
regular-simd_omp-t4-dynamicx16-r1-4000x3000.png,2026-09-18T17:10:14Z,4000x3000.png,4000,3000,Gaussian_9x9,1,4,dynamic,16,omp,yes,unset,unset,hype2,12.2.0,-O3 -Wall -Wextra -std=c++17 -fopenmp -DOMP_EXPLICIT_SIMD=1,586.991516,8f9bd96ceab3a369,passed
regular-simd_omp-t4-dynamicx16-r1-4000x3000.png,2026-09-18T17:10:15Z,4000x3000.png,4000,3000,Gaussian_11x11,1,4,dynamic,16,omp,yes,unset,unset,hype2,12.2.0,-O3 -Wall -Wextra -std=c++17 -fopenmp -DOMP_EXPLICIT_SIMD=1,810.568525,1e8adb9534bf99dc,passed
regular-simd_omp-t4-dynamicx16-r1-6000x6000.png,2026-09-18T17:10:17Z,6000x6000.png,6000,6000,Grayscale,1,4,dynamic,16,omp,yes,unset,unset,hype2,12.2.0,-O3 -Wall -Wextra -std=c++17 -fopenmp -DOMP_EXPLICIT_SIMD=1,38.234920,937793859b387046,passed
regular-simd_omp-t4-dynamicx16-r1-6000x6000.png,2026-09-18T17:10:17Z,6000x6000.png,6000,6000,Flip_Horizontal,1,4,dynamic,16,omp,no,unset,unset,hype2,12.2.0,-O3 -Wall -Wextra -std=c++17 -fopenmp -DOMP_EXPLICIT_SIMD=1,14.174711,3dfbc0e2f0b456c2,passed
regular-simd_omp-t4-dynamicx16-r1-6000x6000.png,2026-09-18T17:10:17Z,6000x6000.png,6000,6000,Adjust_Brightness,1,4,dynamic,16,omp,yes,unset,unset,hype2,12.2.0,-O3 -Wall -Wextra -std=c++17 -fopenmp -DOMP_EXPLICIT_SIMD=1,49.867157,5d4bea966648e7a7,passed
regular-simd_omp-t4-dynamicx16-r1-6000x6000.png,2026-09-18T17:10:17Z,6000x6000.png,6000,6000,Flip_Vertical,1,4,dynamic,16,omp,no,unset,unset,hype2,12.2.0,-O3 -Wall -Wextra -std=c++17 -fopenmp -DOMP_EXPLICIT_SIMD=1,5.246667,bd012cf684012198,passed
regular-simd_omp-t4-dynamicx16-r1-6000x6000.png,2026-09-18T17:10:18Z,6000x6000.png,6000,6000,Quantize,1,4,dynamic,16,omp,yes,unset,unset,hype2,12.2.0,-O3 -Wall -Wextra -std=c++17 -fopenmp -DOMP_EXPLICIT_SIMD=1,146.566934,b2e8843413e8e7a6,passed
regular-simd_omp-t4-dynamicx16-r1-6000x6000.png,2026-09-18T17:10:18Z,6000x6000.png,6000,6000,Adjust_Contrast,1,4,dynamic,16,omp,yes,unset,unset,hype2,12.2.0,-O3 -Wall -Wextra -std=c++17 -fopenmp -DOMP_EXPLICIT_SIMD=1,72.008029,c036bcbf5e6d6190,passed
regular-simd_omp-t4-dynamicx16-r1-6000x6000.png,2026-09-18T17:10:18Z,6000x6000.png,6000,6000,Negative,1,4,dynamic,16,omp,yes,unset,unset,hype2,12.2.0,-O3 -Wall -Wextra -std=c++17 -fopenmp -DOMP_EXPLICIT_SIMD=1,27.154567,0a497e94a83bbbc0,passed
regular-simd_omp-t4-dynamicx16-r1-6000x6000.png,2026-09-18T17:10:18Z,6000x6000.png,6000,6000,Equalize_Histogram,1,4,dynamic,16,omp,yes,unset,unset,hype2,12.2.0,-O3 -Wall -Wextra -std=c++17 -fopenmp -DOMP_EXPLICIT_SIMD=1,49.744586,5251e13888abb30f,passed
regular-simd_omp-t4-dynamicx16-r1-6000x6000.png,2026-09-18T17:10:19Z,6000x6000.png,6000,6000,Zoom_In,1,4,dynamic,16,omp,yes,unset,unset,hype2,12.2.0,-O3 -Wall -Wextra -std=c++17 -fopenmp -DOMP_EXPLICIT_SIMD=1,97.246095,4e063cbe88523a0e,passed
regular-simd_omp-t4-dynamicx16-r1-6000x6000.png,2026-09-18T17:10:19Z,6000x6000.png,6000,6000,Zoom_Out,1,4,dynamic,16,omp,no,unset,unset,hype2,12.2.0,-O3 -Wall -Wextra -std=c++17 -fopenmp -DOMP_EXPLICIT_SIMD=1,77.889489,8eace74e8cd425e6,passed
regular-simd_omp-t4-dynamicx16-r1-6000x6000.png,2026-09-18T17:10:20Z,6000x6000.png,6000,6000,Rotate_CW,1,4,dynamic,16,omp,no,unset,unset,hype2,12.2.0,-O3 -Wall -Wextra -std=c++17 -fopenmp -DOMP_EXPLICIT_SIMD=1,131.455459,dd5c83f3b3cee726,passed
regular-simd_omp-t4-dynamicx16-r1-6000x6000.png,2026-09-18T17:10:20Z,6000x6000.png,6000,6000,Rotate_CCW,1,4,dynamic,16,omp,no,unset,unset,hype2,12.2.0,-O3 -Wall -Wextra -std=c++17 -fopenmp -DOMP_EXPLICIT_SIMD=1,129.084199,51196bd3ed2b4ba4,passed
regular-simd_omp-t4-dynamicx16-r1-6000x6000.png,2026-09-18T17:10:20Z,6000x6000.png,6000,6000,Gaussian_3x3,1,4,dynamic,16,omp,yes,unset,unset,hype2,12.2.0,-O3 -Wall -Wextra -std=c++17 -fopenmp -DOMP_EXPLICIT_SIMD=1,348.179883,87566478e34b4f70,passed
regular-simd_omp-t4-dynamicx16-r1-6000x6000.png,2026-09-18T17:10:21Z,6000x6000.png,6000,6000,Gaussian_5x5,1,4,dynamic,16,omp,yes,unset,unset,hype2,12.2.0,-O3 -Wall -Wextra -std=c++17 -fopenmp -DOMP_EXPLICIT_SIMD=1,631.626139,4b23a258f94a27f0,passed
regular-simd_omp-t4-dynamicx16-r1-6000x6000.png,2026-09-18T17:10:23Z,6000x6000.png,6000,6000,Gaussian_7x7,1,4,dynamic,16,omp,yes,unset,unset,hype2,12.2.0,-O3 -Wall -Wextra -std=c++17 -fopenmp -DOMP_EXPLICIT_SIMD=1,1082.449491,3771268fea0417e2,passed
regular-simd_omp-t4-dynamicx16-r1-6000x6000.png,2026-09-18T17:10:24Z,6000x6000.png,6000,6000,Gaussian_9x9,1,4,dynamic,16,omp,yes,unset,unset,hype2,12.2.0,-O3 -Wall -Wextra -std=c++17 -fopenmp -DOMP_EXPLICIT_SIMD=1,1684.314723,3f6b7f707a108bd5,passed
regular-simd_omp-t4-dynamicx16-r1-6000x6000.png,2026-09-18T17:10:27Z,6000x6000.png,6000,6000,Gaussian_11x11,1,4,dynamic,16,omp,yes,unset,unset,hype2,12.2.0,-O3 -Wall -Wextra -std=c++17 -fopenmp -DOMP_EXPLICIT_SIMD=1,2405.592651,c923a906c8989668,passed
regular-simd_omp-t4-static-r2-4000x3000.png,2026-09-18T17:10:28Z,4000x3000.png,4000,3000,Grayscale,2,4,static,,omp,yes,unset,unset,hype2,12.2.0,-O3 -Wall -Wextra -std=c++17 -fopenmp -DOMP_EXPLICIT_SIMD=1,13.219070,00925fa85224b60c,passed
regular-simd_omp-t4-static-r2-4000x3000.png,2026-09-18T17:10:28Z,4000x3000.png,4000,3000,Flip_Horizontal,2,4,static,,omp,no,unset,unset,hype2,12.2.0,-O3 -Wall -Wextra -std=c++17 -fopenmp -DOMP_EXPLICIT_SIMD=1,6.830199,45d5313341f5868e,passed
regular-simd_omp-t4-static-r2-4000x3000.png,2026-09-18T17:10:28Z,4000x3000.png,4000,3000,Adjust_Brightness,2,4,static,,omp,yes,unset,unset,hype2,12.2.0,-O3 -Wall -Wextra -std=c++17 -fopenmp -DOMP_EXPLICIT_SIMD=1,17.198275,e488c03148da4f5b,passed
regular-simd_omp-t4-static-r2-4000x3000.png,2026-09-18T17:10:28Z,4000x3000.png,4000,3000,Flip_Vertical,2,4,static,,omp,no,unset,unset,hype2,12.2.0,-O3 -Wall -Wextra -std=c++17 -fopenmp -DOMP_EXPLICIT_SIMD=1,2.209110,754d30e4e81eccfc,passed
regular-simd_omp-t4-static-r2-4000x3000.png,2026-09-18T17:10:28Z,4000x3000.png,4000,3000,Quantize,2,4,static,,omp,yes,unset,unset,hype2,12.2.0,-O3 -Wall -Wextra -std=c++17 -fopenmp -DOMP_EXPLICIT_SIMD=1,53.230652,f01ef010a3fd2f20,passed
regular-simd_omp-t4-static-r2-4000x3000.png,2026-09-18T17:10:28Z,4000x3000.png,4000,3000,Adjust_Contrast,2,4,static,,omp,yes,unset,unset,hype2,12.2.0,-O3 -Wall -Wextra -std=c++17 -fopenmp -DOMP_EXPLICIT_SIMD=1,24.809691,7cc9f4cee5c661bd,passed
regular-simd_omp-t4-static-r2-4000x3000.png,2026-09-18T17:10:28Z,4000x3000.png,4000,3000,Negative,2,4,static,,omp,yes,unset,unset,hype2,12.2.0,-O3 -Wall -Wextra -std=c++17 -fopenmp -DOMP_EXPLICIT_SIMD=1,9.406757,043d4193294f2dcc,passed
regular-simd_omp-t4-static-r2-4000x3000.png,2026-09-18T17:10:28Z,4000x3000.png,4000,3000,Equalize_Histogram,2,4,static,,omp,yes,unset,unset,hype2,12.2.0,-O3 -Wall -Wextra -std=c++17 -fopenmp -DOMP_EXPLICIT_SIMD=1,16.959576,243220feba4dd030,passed
regular-simd_omp-t4-static-r2-4000x3000.png,2026-09-18T17:10:28Z,4000x3000.png,4000,3000,Zoom_In,2,4,static,,omp,yes,unset,unset,hype2,12.2.0,-O3 -Wall -Wextra -std=c++17 -fopenmp -DOMP_EXPLICIT_SIMD=1,34.063368,71b80276839f9533,passed
regular-simd_omp-t4-static-r2-4000x3000.png,2026-09-18T17:10:28Z,4000x3000.png,4000,3000,Zoom_Out,2,4,static,,omp,no,unset,unset,hype2,12.2.0,-O3 -Wall -Wextra -std=c++17 -fopenmp -DOMP_EXPLICIT_SIMD=1,27.336098,a91f518a4f2dbd10,passed
regular-simd_omp-t4-static-r2-4000x3000.png,2026-09-18T17:10:29Z,4000x3000.png,4000,3000,Rotate_CW,2,4,static,,omp,no,unset,unset,hype2,12.2.0,-O3 -Wall -Wextra -std=c++17 -fopenmp -DOMP_EXPLICIT_SIMD=1,35.502230,e0f27e61a205ef0a,passed
regular-simd_omp-t4-static-r2-4000x3000.png,2026-09-18T17:10:29Z,4000x3000.png,4000,3000,Rotate_CCW,2,4,static,,omp,no,unset,unset,hype2,12.2.0,-O3 -Wall -Wextra -std=c++17 -fopenmp -DOMP_EXPLICIT_SIMD=1,41.763952,b4512f3b73b7723c,passed
regular-simd_omp-t4-static-r2-4000x3000.png,2026-09-18T17:10:29Z,4000x3000.png,4000,3000,Gaussian_3x3,2,4,static,,omp,yes,unset,unset,hype2,12.2.0,-O3 -Wall -Wextra -std=c++17 -fopenmp -DOMP_EXPLICIT_SIMD=1,117.582786,bc1a93797b2afda7,passed
regular-simd_omp-t4-static-r2-4000x3000.png,2026-09-18T17:10:29Z,4000x3000.png,4000,3000,Gaussian_5x5,2,4,static,,omp,yes,unset,unset,hype2,12.2.0,-O3 -Wall -Wextra -std=c++17 -fopenmp -DOMP_EXPLICIT_SIMD=1,234.698368,d67ccd9b6dbb62d8,passed
regular-simd_omp-t4-static-r2-4000x3000.png,2026-09-18T17:10:30Z,4000x3000.png,4000,3000,Gaussian_7x7,2,4,static,,omp,yes,unset,unset,hype2,12.2.0,-O3 -Wall -Wextra -std=c++17 -fopenmp -DOMP_EXPLICIT_SIMD=1,364.529913,98f465f1820de349,passed
regular-simd_omp-t4-static-r2-4000x3000.png,2026-09-18T17:10:30Z,4000x3000.png,4000,3000,Gaussian_9x9,2,4,static,,omp,yes,unset,unset,hype2,12.2.0,-O3 -Wall -Wextra -std=c++17 -fopenmp -DOMP_EXPLICIT_SIMD=1,563.102072,8f9bd96ceab3a369,passed
regular-simd_omp-t4-static-r2-4000x3000.png,2026-09-18T17:10:31Z,4000x3000.png,4000,3000,Gaussian_11x11,2,4,static,,omp,yes,unset,unset,hype2,12.2.0,-O3 -Wall -Wextra -std=c++17 -fopenmp -DOMP_EXPLICIT_SIMD=1,804.166121,1e8adb9534bf99dc,passed
regular-simd_omp-t4-static-r2-6000x6000.png,2026-09-18T17:10:33Z,6000x6000.png,6000,6000,Grayscale,2,4,static,,omp,yes,unset,unset,hype2,12.2.0,-O3 -Wall -Wextra -std=c++17 -fopenmp -DOMP_EXPLICIT_SIMD=1,38.923289,937793859b387046,passed
regular-simd_omp-t4-static-r2-6000x6000.png,2026-09-18T17:10:33Z,6000x6000.png,6000,6000,Flip_Horizontal,2,4,static,,omp,no,unset,unset,hype2,12.2.0,-O3 -Wall -Wextra -std=c++17 -fopenmp -DOMP_EXPLICIT_SIMD=1,17.663422,3dfbc0e2f0b456c2,passed
regular-simd_omp-t4-static-r2-6000x6000.png,2026-09-18T17:10:33Z,6000x6000.png,6000,6000,Adjust_Brightness,2,4,static,,omp,yes,unset,unset,hype2,12.2.0,-O3 -Wall -Wextra -std=c++17 -fopenmp -DOMP_EXPLICIT_SIMD=1,50.543268,5d4bea966648e7a7,passed
regular-simd_omp-t4-static-r2-6000x6000.png,2026-09-18T17:10:33Z,6000x6000.png,6000,6000,Flip_Vertical,2,4,static,,omp,no,unset,unset,hype2,12.2.0,-O3 -Wall -Wextra -std=c++17 -fopenmp -DOMP_EXPLICIT_SIMD=1,5.661092,bd012cf684012198,passed
regular-simd_omp-t4-static-r2-6000x6000.png,2026-09-18T17:10:34Z,6000x6000.png,6000,6000,Quantize,2,4,static,,omp,yes,unset,unset,hype2,12.2.0,-O3 -Wall -Wextra -std=c++17 -fopenmp -DOMP_EXPLICIT_SIMD=1,148.404074,b2e8843413e8e7a6,passed
regular-simd_omp-t4-static-r2-6000x6000.png,2026-09-18T17:10:34Z,6000x6000.png,6000,6000,Adjust_Contrast,2,4,static,,omp,yes,unset,unset,hype2,12.2.0,-O3 -Wall -Wextra -std=c++17 -fopenmp -DOMP_EXPLICIT_SIMD=1,72.200279,c036bcbf5e6d6190,passed
regular-simd_omp-t4-static-r2-6000x6000.png,2026-09-18T17:10:34Z,6000x6000.png,6000,6000,Negative,2,4,static,,omp,yes,unset,unset,hype2,12.2.0,-O3 -Wall -Wextra -std=c++17 -fopenmp -DOMP_EXPLICIT_SIMD=1,26.556866,0a497e94a83bbbc0,passed
regular-simd_omp-t4-static-r2-6000x6000.png,2026-09-18T17:10:34Z,6000x6000.png,6000,6000,Equalize_Histogram,2,4,static,,omp,yes,unset,unset,hype2,12.2.0,-O3 -Wall -Wextra -std=c++17 -fopenmp -DOMP_EXPLICIT_SIMD=1,50.919231,5251e13888abb30f,passed
regular-simd_omp-t4-static-r2-6000x6000.png,2026-09-18T17:10:35Z,6000x6000.png,6000,6000,Zoom_In,2,4,static,,omp,yes,unset,unset,hype2,12.2.0,-O3 -Wall -Wextra -std=c++17 -fopenmp -DOMP_EXPLICIT_SIMD=1,91.240686,4e063cbe88523a0e,passed
regular-simd_omp-t4-static-r2-6000x6000.png,2026-09-18T17:10:35Z,6000x6000.png,6000,6000,Zoom_Out,2,4,static,,omp,no,unset,unset,hype2,12.2.0,-O3 -Wall -Wextra -std=c++17 -fopenmp -DOMP_EXPLICIT_SIMD=1,78.437714,8eace74e8cd425e6,passed
regular-simd_omp-t4-static-r2-6000x6000.png,2026-09-18T17:10:36Z,6000x6000.png,6000,6000,Rotate_CW,2,4,static,,omp,no,unset,unset,hype2,12.2.0,-O3 -Wall -Wextra -std=c++17 -fopenmp -DOMP_EXPLICIT_SIMD=1,96.364477,dd5c83f3b3cee726,passed
regular-simd_omp-t4-static-r2-6000x6000.png,2026-09-18T17:10:36Z,6000x6000.png,6000,6000,Rotate_CCW,2,4,static,,omp,no,unset,unset,hype2,12.2.0,-O3 -Wall -Wextra -std=c++17 -fopenmp -DOMP_EXPLICIT_SIMD=1,118.943519,51196bd3ed2b4ba4,passed
regular-simd_omp-t4-static-r2-6000x6000.png,2026-09-18T17:10:36Z,6000x6000.png,6000,6000,Gaussian_3x3,2,4,static,,omp,yes,unset,unset,hype2,12.2.0,-O3 -Wall -Wextra -std=c++17 -fopenmp -DOMP_EXPLICIT_SIMD=1,347.622931,87566478e34b4f70,passed
regular-simd_omp-t4-static-r2-6000x6000.png,2026-09-18T17:10:37Z,6000x6000.png,6000,6000,Gaussian_5x5,2,4,static,,omp,yes,unset,unset,hype2,12.2.0,-O3 -Wall -Wextra -std=c++17 -fopenmp -DOMP_EXPLICIT_SIMD=1,632.979992,4b23a258f94a27f0,passed
regular-simd_omp-t4-static-r2-6000x6000.png,2026-09-18T17:10:39Z,6000x6000.png,6000,6000,Gaussian_7x7,2,4,static,,omp,yes,unset,unset,hype2,12.2.0,-O3 -Wall -Wextra -std=c++17 -fopenmp -DOMP_EXPLICIT_SIMD=1,1086.580332,3771268fea0417e2,passed
regular-simd_omp-t4-static-r2-6000x6000.png,2026-09-18T17:10:40Z,6000x6000.png,6000,6000,Gaussian_9x9,2,4,static,,omp,yes,unset,unset,hype2,12.2.0,-O3 -Wall -Wextra -std=c++17 -fopenmp -DOMP_EXPLICIT_SIMD=1,1691.775657,3f6b7f707a108bd5,passed
regular-simd_omp-t4-static-r2-6000x6000.png,2026-09-18T17:10:43Z,6000x6000.png,6000,6000,Gaussian_11x11,2,4,static,,omp,yes,unset,unset,hype2,12.2.0,-O3 -Wall -Wextra -std=c++17 -fopenmp -DOMP_EXPLICIT_SIMD=1,2413.759510,c923a906c8989668,passed
regular-simd_off-t4-dynamicx1-r2-4000x3000.png,2026-09-18T17:10:44Z,4000x3000.png,4000,3000,Grayscale,2,4,dynamic,1,off,yes,unset,unset,hype2,12.2.0,-O3 -Wall -Wextra -std=c++17 -fopenmp -DOMP_EXPLICIT_SIMD=0 -fno-tree-vectorize,12.916430,00925fa85224b60c,passed
regular-simd_off-t4-dynamicx1-r2-4000x3000.png,2026-09-18T17:10:44Z,4000x3000.png,4000,3000,Flip_Horizontal,2,4,dynamic,1,off,no,unset,unset,hype2,12.2.0,-O3 -Wall -Wextra -std=c++17 -fopenmp -DOMP_EXPLICIT_SIMD=0 -fno-tree-vectorize,4.883893,45d5313341f5868e,passed
regular-simd_off-t4-dynamicx1-r2-4000x3000.png,2026-09-18T17:10:44Z,4000x3000.png,4000,3000,Adjust_Brightness,2,4,dynamic,1,off,yes,unset,unset,hype2,12.2.0,-O3 -Wall -Wextra -std=c++17 -fopenmp -DOMP_EXPLICIT_SIMD=0 -fno-tree-vectorize,17.037536,e488c03148da4f5b,passed
regular-simd_off-t4-dynamicx1-r2-4000x3000.png,2026-09-18T17:10:44Z,4000x3000.png,4000,3000,Flip_Vertical,2,4,dynamic,1,off,no,unset,unset,hype2,12.2.0,-O3 -Wall -Wextra -std=c++17 -fopenmp -DOMP_EXPLICIT_SIMD=0 -fno-tree-vectorize,1.667366,754d30e4e81eccfc,passed
regular-simd_off-t4-dynamicx1-r2-4000x3000.png,2026-09-18T17:10:44Z,4000x3000.png,4000,3000,Quantize,2,4,dynamic,1,off,yes,unset,unset,hype2,12.2.0,-O3 -Wall -Wextra -std=c++17 -fopenmp -DOMP_EXPLICIT_SIMD=0 -fno-tree-vectorize,57.170347,f01ef010a3fd2f20,passed
regular-simd_off-t4-dynamicx1-r2-4000x3000.png,2026-09-18T17:10:44Z,4000x3000.png,4000,3000,Adjust_Contrast,2,4,dynamic,1,off,yes,unset,unset,hype2,12.2.0,-O3 -Wall -Wextra -std=c++17 -fopenmp -DOMP_EXPLICIT_SIMD=0 -fno-tree-vectorize,24.927052,7cc9f4cee5c661bd,passed
regular-simd_off-t4-dynamicx1-r2-4000x3000.png,2026-09-18T17:10:44Z,4000x3000.png,4000,3000,Negative,2,4,dynamic,1,off,yes,unset,unset,hype2,12.2.0,-O3 -Wall -Wextra -std=c++17 -fopenmp -DOMP_EXPLICIT_SIMD=0 -fno-tree-vectorize,9.773705,043d4193294f2dcc,passed
regular-simd_off-t4-dynamicx1-r2-4000x3000.png,2026-09-18T17:10:44Z,4000x3000.png,4000,3000,Equalize_Histogram,2,4,dynamic,1,off,yes,unset,unset,hype2,12.2.0,-O3 -Wall -Wextra -std=c++17 -fopenmp -DOMP_EXPLICIT_SIMD=0 -fno-tree-vectorize,17.947379,243220feba4dd030,passed
regular-simd_off-t4-dynamicx1-r2-4000x3000.png,2026-09-18T17:10:44Z,4000x3000.png,4000,3000,Zoom_In,2,4,dynamic,1,off,yes,unset,unset,hype2,12.2.0,-O3 -Wall -Wextra -std=c++17 -fopenmp -DOMP_EXPLICIT_SIMD=0 -fno-tree-vectorize,45.048069,71b80276839f9533,passed
regular-simd_off-t4-dynamicx1-r2-4000x3000.png,2026-09-18T17:10:44Z,4000x3000.png,4000,3000,Zoom_Out,2,4,dynamic,1,off,no,unset,unset,hype2,12.2.0,-O3 -Wall -Wextra -std=c++17 -fopenmp -DOMP_EXPLICIT_SIMD=0 -fno-tree-vectorize,27.942714,a91f518a4f2dbd10,passed
regular-simd_off-t4-dynamicx1-r2-4000x3000.png,2026-09-18T17:10:45Z,4000x3000.png,4000,3000,Rotate_CW,2,4,dynamic,1,off,no,unset,unset,hype2,12.2.0,-O3 -Wall -Wextra -std=c++17 -fopenmp -DOMP_EXPLICIT_SIMD=0 -fno-tree-vectorize,67.080888,e0f27e61a205ef0a,passed
regular-simd_off-t4-dynamicx1-r2-4000x3000.png,2026-09-18T17:10:45Z,4000x3000.png,4000,3000,Rotate_CCW,2,4,dynamic,1,off,no,unset,unset,hype2,12.2.0,-O3 -Wall -Wextra -std=c++17 -fopenmp -DOMP_EXPLICIT_SIMD=0 -fno-tree-vectorize,61.741184,b4512f3b73b7723c,passed
regular-simd_off-t4-dynamicx1-r2-4000x3000.png,2026-09-18T17:10:45Z,4000x3000.png,4000,3000,Gaussian_3x3,2,4,dynamic,1,off,yes,unset,unset,hype2,12.2.0,-O3 -Wall -Wextra -std=c++17 -fopenmp -DOMP_EXPLICIT_SIMD=0 -fno-tree-vectorize,120.595106,bc1a93797b2afda7,passed
regular-simd_off-t4-dynamicx1-r2-4000x3000.png,2026-09-18T17:10:45Z,4000x3000.png,4000,3000,Gaussian_5x5,2,4,dynamic,1,off,yes,unset,unset,hype2,12.2.0,-O3 -Wall -Wextra -std=c++17 -fopenmp -DOMP_EXPLICIT_SIMD=0 -fno-tree-vectorize,212.679829,d67ccd9b6dbb62d8,passed
regular-simd_off-t4-dynamicx1-r2-4000x3000.png,2026-09-18T17:10:46Z,4000x3000.png,4000,3000,Gaussian_7x7,2,4,dynamic,1,off,yes,unset,unset,hype2,12.2.0,-O3 -Wall -Wextra -std=c++17 -fopenmp -DOMP_EXPLICIT_SIMD=0 -fno-tree-vectorize,359.354796,98f465f1820de349,passed
regular-simd_off-t4-dynamicx1-r2-4000x3000.png,2026-09-18T17:10:46Z,4000x3000.png,4000,3000,Gaussian_9x9,2,4,dynamic,1,off,yes,unset,unset,hype2,12.2.0,-O3 -Wall -Wextra -std=c++17 -fopenmp -DOMP_EXPLICIT_SIMD=0 -fno-tree-vectorize,554.864341,8f9bd96ceab3a369,passed
regular-simd_off-t4-dynamicx1-r2-4000x3000.png,2026-09-18T17:10:47Z,4000x3000.png,4000,3000,Gaussian_11x11,2,4,dynamic,1,off,yes,unset,unset,hype2,12.2.0,-O3 -Wall -Wextra -std=c++17 -fopenmp -DOMP_EXPLICIT_SIMD=0 -fno-tree-vectorize,795.766113,1e8adb9534bf99dc,passed
regular-simd_off-t4-dynamicx1-r2-6000x6000.png,2026-09-18T17:10:49Z,6000x6000.png,6000,6000,Grayscale,2,4,dynamic,1,off,yes,unset,unset,hype2,12.2.0,-O3 -Wall -Wextra -std=c++17 -fopenmp -DOMP_EXPLICIT_SIMD=0 -fno-tree-vectorize,37.051734,937793859b387046,passed
regular-simd_off-t4-dynamicx1-r2-6000x6000.png,2026-09-18T17:10:49Z,6000x6000.png,6000,6000,Flip_Horizontal,2,4,dynamic,1,off,no,unset,unset,hype2,12.2.0,-O3 -Wall -Wextra -std=c++17 -fopenmp -DOMP_EXPLICIT_SIMD=0 -fno-tree-vectorize,14.271762,3dfbc0e2f0b456c2,passed
regular-simd_off-t4-dynamicx1-r2-6000x6000.png,2026-09-18T17:10:49Z,6000x6000.png,6000,6000,Adjust_Brightness,2,4,dynamic,1,off,yes,unset,unset,hype2,12.2.0,-O3 -Wall -Wextra -std=c++17 -fopenmp -DOMP_EXPLICIT_SIMD=0 -fno-tree-vectorize,48.497589,5d4bea966648e7a7,passed
regular-simd_off-t4-dynamicx1-r2-6000x6000.png,2026-09-18T17:10:49Z,6000x6000.png,6000,6000,Flip_Vertical,2,4,dynamic,1,off,no,unset,unset,hype2,12.2.0,-O3 -Wall -Wextra -std=c++17 -fopenmp -DOMP_EXPLICIT_SIMD=0 -fno-tree-vectorize,5.339386,bd012cf684012198,passed
regular-simd_off-t4-dynamicx1-r2-6000x6000.png,2026-09-18T17:10:50Z,6000x6000.png,6000,6000,Quantize,2,4,dynamic,1,off,yes,unset,unset,hype2,12.2.0,-O3 -Wall -Wextra -std=c++17 -fopenmp -DOMP_EXPLICIT_SIMD=0 -fno-tree-vectorize,146.285926,b2e8843413e8e7a6,passed
regular-simd_off-t4-dynamicx1-r2-6000x6000.png,2026-09-18T17:10:50Z,6000x6000.png,6000,6000,Adjust_Contrast,2,4,dynamic,1,off,yes,unset,unset,hype2,12.2.0,-O3 -Wall -Wextra -std=c++17 -fopenmp -DOMP_EXPLICIT_SIMD=0 -fno-tree-vectorize,72.492603,c036bcbf5e6d6190,passed
regular-simd_off-t4-dynamicx1-r2-6000x6000.png,2026-09-18T17:10:50Z,6000x6000.png,6000,6000,Negative,2,4,dynamic,1,off,yes,unset,unset,hype2,12.2.0,-O3 -Wall -Wextra -std=c++17 -fopenmp -DOMP_EXPLICIT_SIMD=0 -fno-tree-vectorize,28.373330,0a497e94a83bbbc0,passed
regular-simd_off-t4-dynamicx1-r2-6000x6000.png,2026-09-18T17:10:50Z,6000x6000.png,6000,6000,Equalize_Histogram,2,4,dynamic,1,off,yes,unset,unset,hype2,12.2.0,-O3 -Wall -Wextra -std=c++17 -fopenmp -DOMP_EXPLICIT_SIMD=0 -fno-tree-vectorize,49.942371,5251e13888abb30f,passed
regular-simd_off-t4-dynamicx1-r2-6000x6000.png,2026-09-18T17:10:51Z,6000x6000.png,6000,6000,Zoom_In,2,4,dynamic,1,off,yes,unset,unset,hype2,12.2.0,-O3 -Wall -Wextra -std=c++17 -fopenmp -DOMP_EXPLICIT_SIMD=0 -fno-tree-vectorize,129.664290,4e063cbe88523a0e,passed
regular-simd_off-t4-dynamicx1-r2-6000x6000.png,2026-09-18T17:10:51Z,6000x6000.png,6000,6000,Zoom_Out,2,4,dynamic,1,off,no,unset,unset,hype2,12.2.0,-O3 -Wall -Wextra -std=c++17 -fopenmp -DOMP_EXPLICIT_SIMD=0 -fno-tree-vectorize,78.213271,8eace74e8cd425e6,passed
regular-simd_off-t4-dynamicx1-r2-6000x6000.png,2026-09-18T17:10:52Z,6000x6000.png,6000,6000,Rotate_CW,2,4,dynamic,1,off,no,unset,unset,hype2,12.2.0,-O3 -Wall -Wextra -std=c++17 -fopenmp -DOMP_EXPLICIT_SIMD=0 -fno-tree-vectorize,199.886134,dd5c83f3b3cee726,passed
regular-simd_off-t4-dynamicx1-r2-6000x6000.png,2026-09-18T17:10:52Z,6000x6000.png,6000,6000,Rotate_CCW,2,4,dynamic,1,off,no,unset,unset,hype2,12.2.0,-O3 -Wall -Wextra -std=c++17 -fopenmp -DOMP_EXPLICIT_SIMD=0 -fno-tree-vectorize,191.019567,51196bd3ed2b4ba4,passed
regular-simd_off-t4-dynamicx1-r2-6000x6000.png,2026-09-18T17:10:53Z,6000x6000.png,6000,6000,Gaussian_3x3,2,4,dynamic,1,off,yes,unset,unset,hype2,12.2.0,-O3 -Wall -Wextra -std=c++17 -fopenmp -DOMP_EXPLICIT_SIMD=0 -fno-tree-vectorize,361.749767,87566478e34b4f70,passed
regular-simd_off-t4-dynamicx1-r2-6000x6000.png,2026-09-18T17:10:54Z,6000x6000.png,6000,6000,Gaussian_5x5,2,4,dynamic,1,off,yes,unset,unset,hype2,12.2.0,-O3 -Wall -Wextra -std=c++17 -fopenmp -DOMP_EXPLICIT_SIMD=0 -fno-tree-vectorize,629.594322,4b23a258f94a27f0,passed
regular-simd_off-t4-dynamicx1-r2-6000x6000.png,2026-09-18T17:10:55Z,6000x6000.png,6000,6000,Gaussian_7x7,2,4,dynamic,1,off,yes,unset,unset,hype2,12.2.0,-O3 -Wall -Wextra -std=c++17 -fopenmp -DOMP_EXPLICIT_SIMD=0 -fno-tree-vectorize,1085.675519,3771268fea0417e2,passed
regular-simd_off-t4-dynamicx1-r2-6000x6000.png,2026-09-18T17:10:57Z,6000x6000.png,6000,6000,Gaussian_9x9,2,4,dynamic,1,off,yes,unset,unset,hype2,12.2.0,-O3 -Wall -Wextra -std=c++17 -fopenmp -DOMP_EXPLICIT_SIMD=0 -fno-tree-vectorize,1665.095498,3f6b7f707a108bd5,passed
regular-simd_off-t4-dynamicx1-r2-6000x6000.png,2026-09-18T17:10:59Z,6000x6000.png,6000,6000,Gaussian_11x11,2,4,dynamic,1,off,yes,unset,unset,hype2,12.2.0,-O3 -Wall -Wextra -std=c++17 -fopenmp -DOMP_EXPLICIT_SIMD=0 -fno-tree-vectorize,2403.518973,c923a906c8989668,passed
regular-simd_omp-t4-dynamicx1-r2-4000x3000.png,2026-09-18T17:11:00Z,4000x3000.png,4000,3000,Grayscale,2,4,dynamic,1,omp,yes,unset,unset,hype2,12.2.0,-O3 -Wall -Wextra -std=c++17 -fopenmp -DOMP_EXPLICIT_SIMD=1,13.105922,00925fa85224b60c,passed
regular-simd_omp-t4-dynamicx1-r2-4000x3000.png,2026-09-18T17:11:00Z,4000x3000.png,4000,3000,Flip_Horizontal,2,4,dynamic,1,omp,no,unset,unset,hype2,12.2.0,-O3 -Wall -Wextra -std=c++17 -fopenmp -DOMP_EXPLICIT_SIMD=1,5.016651,45d5313341f5868e,passed
regular-simd_omp-t4-dynamicx1-r2-4000x3000.png,2026-09-18T17:11:00Z,4000x3000.png,4000,3000,Adjust_Brightness,2,4,dynamic,1,omp,yes,unset,unset,hype2,12.2.0,-O3 -Wall -Wextra -std=c++17 -fopenmp -DOMP_EXPLICIT_SIMD=1,16.962360,e488c03148da4f5b,passed
regular-simd_omp-t4-dynamicx1-r2-4000x3000.png,2026-09-18T17:11:00Z,4000x3000.png,4000,3000,Flip_Vertical,2,4,dynamic,1,omp,no,unset,unset,hype2,12.2.0,-O3 -Wall -Wextra -std=c++17 -fopenmp -DOMP_EXPLICIT_SIMD=1,2.015182,754d30e4e81eccfc,passed
regular-simd_omp-t4-dynamicx1-r2-4000x3000.png,2026-09-18T17:11:00Z,4000x3000.png,4000,3000,Quantize,2,4,dynamic,1,omp,yes,unset,unset,hype2,12.2.0,-O3 -Wall -Wextra -std=c++17 -fopenmp -DOMP_EXPLICIT_SIMD=1,54.216944,f01ef010a3fd2f20,passed
regular-simd_omp-t4-dynamicx1-r2-4000x3000.png,2026-09-18T17:11:00Z,4000x3000.png,4000,3000,Adjust_Contrast,2,4,dynamic,1,omp,yes,unset,unset,hype2,12.2.0,-O3 -Wall -Wextra -std=c++17 -fopenmp -DOMP_EXPLICIT_SIMD=1,24.564536,7cc9f4cee5c661bd,passed
regular-simd_omp-t4-dynamicx1-r2-4000x3000.png,2026-09-18T17:11:00Z,4000x3000.png,4000,3000,Negative,2,4,dynamic,1,omp,yes,unset,unset,hype2,12.2.0,-O3 -Wall -Wextra -std=c++17 -fopenmp -DOMP_EXPLICIT_SIMD=1,9.451051,043d4193294f2dcc,passed
regular-simd_omp-t4-dynamicx1-r2-4000x3000.png,2026-09-18T17:11:00Z,4000x3000.png,4000,3000,Equalize_Histogram,2,4,dynamic,1,omp,yes,unset,unset,hype2,12.2.0,-O3 -Wall -Wextra -std=c++17 -fopenmp -DOMP_EXPLICIT_SIMD=1,18.585416,243220feba4dd030,passed
regular-simd_omp-t4-dynamicx1-r2-4000x3000.png,2026-09-18T17:11:01Z,4000x3000.png,4000,3000,Zoom_In,2,4,dynamic,1,omp,yes,unset,unset,hype2,12.2.0,-O3 -Wall -Wextra -std=c++17 -fopenmp -DOMP_EXPLICIT_SIMD=1,42.477173,71b80276839f9533,passed
regular-simd_omp-t4-dynamicx1-r2-4000x3000.png,2026-09-18T17:11:01Z,4000x3000.png,4000,3000,Zoom_Out,2,4,dynamic,1,omp,no,unset,unset,hype2,12.2.0,-O3 -Wall -Wextra -std=c++17 -fopenmp -DOMP_EXPLICIT_SIMD=1,27.161070,a91f518a4f2dbd10,passed
regular-simd_omp-t4-dynamicx1-r2-4000x3000.png,2026-09-18T17:11:01Z,4000x3000.png,4000,3000,Rotate_CW,2,4,dynamic,1,omp,no,unset,unset,hype2,12.2.0,-O3 -Wall -Wextra -std=c++17 -fopenmp -DOMP_EXPLICIT_SIMD=1,62.297204,e0f27e61a205ef0a,passed
regular-simd_omp-t4-dynamicx1-r2-4000x3000.png,2026-09-18T17:11:01Z,4000x3000.png,4000,3000,Rotate_CCW,2,4,dynamic,1,omp,no,unset,unset,hype2,12.2.0,-O3 -Wall -Wextra -std=c++17 -fopenmp -DOMP_EXPLICIT_SIMD=1,57.947867,b4512f3b73b7723c,passed
regular-simd_omp-t4-dynamicx1-r2-4000x3000.png,2026-09-18T17:11:01Z,4000x3000.png,4000,3000,Gaussian_3x3,2,4,dynamic,1,omp,yes,unset,unset,hype2,12.2.0,-O3 -Wall -Wextra -std=c++17 -fopenmp -DOMP_EXPLICIT_SIMD=1,118.872672,bc1a93797b2afda7,passed
regular-simd_omp-t4-dynamicx1-r2-4000x3000.png,2026-09-18T17:11:01Z,4000x3000.png,4000,3000,Gaussian_5x5,2,4,dynamic,1,omp,yes,unset,unset,hype2,12.2.0,-O3 -Wall -Wextra -std=c++17 -fopenmp -DOMP_EXPLICIT_SIMD=1,211.969674,d67ccd9b6dbb62d8,passed
regular-simd_omp-t4-dynamicx1-r2-4000x3000.png,2026-09-18T17:11:02Z,4000x3000.png,4000,3000,Gaussian_7x7,2,4,dynamic,1,omp,yes,unset,unset,hype2,12.2.0,-O3 -Wall -Wextra -std=c++17 -fopenmp -DOMP_EXPLICIT_SIMD=1,362.011510,98f465f1820de349,passed
regular-simd_omp-t4-dynamicx1-r2-4000x3000.png,2026-09-18T17:11:02Z,4000x3000.png,4000,3000,Gaussian_9x9,2,4,dynamic,1,omp,yes,unset,unset,hype2,12.2.0,-O3 -Wall -Wextra -std=c++17 -fopenmp -DOMP_EXPLICIT_SIMD=1,559.940986,8f9bd96ceab3a369,passed
regular-simd_omp-t4-dynamicx1-r2-4000x3000.png,2026-09-18T17:11:03Z,4000x3000.png,4000,3000,Gaussian_11x11,2,4,dynamic,1,omp,yes,unset,unset,hype2,12.2.0,-O3 -Wall -Wextra -std=c++17 -fopenmp -DOMP_EXPLICIT_SIMD=1,801.659359,1e8adb9534bf99dc,passed
regular-simd_omp-t4-dynamicx1-r2-6000x6000.png,2026-09-18T17:11:05Z,6000x6000.png,6000,6000,Grayscale,2,4,dynamic,1,omp,yes,unset,unset,hype2,12.2.0,-O3 -Wall -Wextra -std=c++17 -fopenmp -DOMP_EXPLICIT_SIMD=1,38.451404,937793859b387046,passed
regular-simd_omp-t4-dynamicx1-r2-6000x6000.png,2026-09-18T17:11:05Z,6000x6000.png,6000,6000,Flip_Horizontal,2,4,dynamic,1,omp,no,unset,unset,hype2,12.2.0,-O3 -Wall -Wextra -std=c++17 -fopenmp -DOMP_EXPLICIT_SIMD=1,14.389283,3dfbc0e2f0b456c2,passed
regular-simd_omp-t4-dynamicx1-r2-6000x6000.png,2026-09-18T17:11:05Z,6000x6000.png,6000,6000,Adjust_Brightness,2,4,dynamic,1,omp,yes,unset,unset,hype2,12.2.0,-O3 -Wall -Wextra -std=c++17 -fopenmp -DOMP_EXPLICIT_SIMD=1,50.288687,5d4bea966648e7a7,passed
regular-simd_omp-t4-dynamicx1-r2-6000x6000.png,2026-09-18T17:11:06Z,6000x6000.png,6000,6000,Flip_Vertical,2,4,dynamic,1,omp,no,unset,unset,hype2,12.2.0,-O3 -Wall -Wextra -std=c++17 -fopenmp -DOMP_EXPLICIT_SIMD=1,5.441703,bd012cf684012198,passed
regular-simd_omp-t4-dynamicx1-r2-6000x6000.png,2026-09-18T17:11:06Z,6000x6000.png,6000,6000,Quantize,2,4,dynamic,1,omp,yes,unset,unset,hype2,12.2.0,-O3 -Wall -Wextra -std=c++17 -fopenmp -DOMP_EXPLICIT_SIMD=1,146.047621,b2e8843413e8e7a6,passed
regular-simd_omp-t4-dynamicx1-r2-6000x6000.png,2026-09-18T17:11:06Z,6000x6000.png,6000,6000,Adjust_Contrast,2,4,dynamic,1,omp,yes,unset,unset,hype2,12.2.0,-O3 -Wall -Wextra -std=c++17 -fopenmp -DOMP_EXPLICIT_SIMD=1,72.472156,c036bcbf5e6d6190,passed
regular-simd_omp-t4-dynamicx1-r2-6000x6000.png,2026-09-18T17:11:06Z,6000x6000.png,6000,6000,Negative,2,4,dynamic,1,omp,yes,unset,unset,hype2,12.2.0,-O3 -Wall -Wextra -std=c++17 -fopenmp -DOMP_EXPLICIT_SIMD=1,27.464479,0a497e94a83bbbc0,passed
regular-simd_omp-t4-dynamicx1-r2-6000x6000.png,2026-09-18T17:11:07Z,6000x6000.png,6000,6000,Equalize_Histogram,2,4,dynamic,1,omp,yes,unset,unset,hype2,12.2.0,-O3 -Wall -Wextra -std=c++17 -fopenmp -DOMP_EXPLICIT_SIMD=1,50.885824,5251e13888abb30f,passed
regular-simd_omp-t4-dynamicx1-r2-6000x6000.png,2026-09-18T17:11:07Z,6000x6000.png,6000,6000,Zoom_In,2,4,dynamic,1,omp,yes,unset,unset,hype2,12.2.0,-O3 -Wall -Wextra -std=c++17 -fopenmp -DOMP_EXPLICIT_SIMD=1,119.448103,4e063cbe88523a0e,passed
regular-simd_omp-t4-dynamicx1-r2-6000x6000.png,2026-09-18T17:11:08Z,6000x6000.png,6000,6000,Zoom_Out,2,4,dynamic,1,omp,no,unset,unset,hype2,12.2.0,-O3 -Wall -Wextra -std=c++17 -fopenmp -DOMP_EXPLICIT_SIMD=1,79.129421,8eace74e8cd425e6,passed
regular-simd_omp-t4-dynamicx1-r2-6000x6000.png,2026-09-18T17:11:08Z,6000x6000.png,6000,6000,Rotate_CW,2,4,dynamic,1,omp,no,unset,unset,hype2,12.2.0,-O3 -Wall -Wextra -std=c++17 -fopenmp -DOMP_EXPLICIT_SIMD=1,195.928601,dd5c83f3b3cee726,passed
regular-simd_omp-t4-dynamicx1-r2-6000x6000.png,2026-09-18T17:11:08Z,6000x6000.png,6000,6000,Rotate_CCW,2,4,dynamic,1,omp,no,unset,unset,hype2,12.2.0,-O3 -Wall -Wextra -std=c++17 -fopenmp -DOMP_EXPLICIT_SIMD=1,192.014023,51196bd3ed2b4ba4,passed
regular-simd_omp-t4-dynamicx1-r2-6000x6000.png,2026-09-18T17:11:09Z,6000x6000.png,6000,6000,Gaussian_3x3,2,4,dynamic,1,omp,yes,unset,unset,hype2,12.2.0,-O3 -Wall -Wextra -std=c++17 -fopenmp -DOMP_EXPLICIT_SIMD=1,355.162039,87566478e34b4f70,passed
regular-simd_omp-t4-dynamicx1-r2-6000x6000.png,2026-09-18T17:11:10Z,6000x6000.png,6000,6000,Gaussian_5x5,2,4,dynamic,1,omp,yes,unset,unset,hype2,12.2.0,-O3 -Wall -Wextra -std=c++17 -fopenmp -DOMP_EXPLICIT_SIMD=1,638.816417,4b23a258f94a27f0,passed
regular-simd_omp-t4-dynamicx1-r2-6000x6000.png,2026-09-18T17:11:11Z,6000x6000.png,6000,6000,Gaussian_7x7,2,4,dynamic,1,omp,yes,unset,unset,hype2,12.2.0,-O3 -Wall -Wextra -std=c++17 -fopenmp -DOMP_EXPLICIT_SIMD=1,1080.398099,3771268fea0417e2,passed
regular-simd_omp-t4-dynamicx1-r2-6000x6000.png,2026-09-18T17:11:13Z,6000x6000.png,6000,6000,Gaussian_9x9,2,4,dynamic,1,omp,yes,unset,unset,hype2,12.2.0,-O3 -Wall -Wextra -std=c++17 -fopenmp -DOMP_EXPLICIT_SIMD=1,1673.108180,3f6b7f707a108bd5,passed
regular-simd_omp-t4-dynamicx1-r2-6000x6000.png,2026-09-18T17:11:15Z,6000x6000.png,6000,6000,Gaussian_11x11,2,4,dynamic,1,omp,yes,unset,unset,hype2,12.2.0,-O3 -Wall -Wextra -std=c++17 -fopenmp -DOMP_EXPLICIT_SIMD=1,2457.087461,c923a906c8989668,passed
regular-simd_off-t4-dynamicx16-r2-4000x3000.png,2026-09-18T17:11:16Z,4000x3000.png,4000,3000,Grayscale,2,4,dynamic,16,off,yes,unset,unset,hype2,12.2.0,-O3 -Wall -Wextra -std=c++17 -fopenmp -DOMP_EXPLICIT_SIMD=0 -fno-tree-vectorize,12.552938,00925fa85224b60c,passed
regular-simd_off-t4-dynamicx16-r2-4000x3000.png,2026-09-18T17:11:16Z,4000x3000.png,4000,3000,Flip_Horizontal,2,4,dynamic,16,off,no,unset,unset,hype2,12.2.0,-O3 -Wall -Wextra -std=c++17 -fopenmp -DOMP_EXPLICIT_SIMD=0 -fno-tree-vectorize,5.500137,45d5313341f5868e,passed
regular-simd_off-t4-dynamicx16-r2-4000x3000.png,2026-09-18T17:11:16Z,4000x3000.png,4000,3000,Adjust_Brightness,2,4,dynamic,16,off,yes,unset,unset,hype2,12.2.0,-O3 -Wall -Wextra -std=c++17 -fopenmp -DOMP_EXPLICIT_SIMD=0 -fno-tree-vectorize,16.232083,e488c03148da4f5b,passed
regular-simd_off-t4-dynamicx16-r2-4000x3000.png,2026-09-18T17:11:16Z,4000x3000.png,4000,3000,Flip_Vertical,2,4,dynamic,16,off,no,unset,unset,hype2,12.2.0,-O3 -Wall -Wextra -std=c++17 -fopenmp -DOMP_EXPLICIT_SIMD=0 -fno-tree-vectorize,1.794072,754d30e4e81eccfc,passed
regular-simd_off-t4-dynamicx16-r2-4000x3000.png,2026-09-18T17:11:16Z,4000x3000.png,4000,3000,Quantize,2,4,dynamic,16,off,yes,unset,unset,hype2,12.2.0,-O3 -Wall -Wextra -std=c++17 -fopenmp -DOMP_EXPLICIT_SIMD=0 -fno-tree-vectorize,52.813863,f01ef010a3fd2f20,passed
regular-simd_off-t4-dynamicx16-r2-4000x3000.png,2026-09-18T17:11:16Z,4000x3000.png,4000,3000,Adjust_Contrast,2,4,dynamic,16,off,yes,unset,unset,hype2,12.2.0,-O3 -Wall -Wextra -std=c++17 -fopenmp -DOMP_EXPLICIT_SIMD=0 -fno-tree-vectorize,24.131281,7cc9f4cee5c661bd,passed
regular-simd_off-t4-dynamicx16-r2-4000x3000.png,2026-09-18T17:11:17Z,4000x3000.png,4000,3000,Negative,2,4,dynamic,16,off,yes,unset,unset,hype2,12.2.0,-O3 -Wall -Wextra -std=c++17 -fopenmp -DOMP_EXPLICIT_SIMD=0 -fno-tree-vectorize,9.316314,043d4193294f2dcc,passed
regular-simd_off-t4-dynamicx16-r2-4000x3000.png,2026-09-18T17:11:17Z,4000x3000.png,4000,3000,Equalize_Histogram,2,4,dynamic,16,off,yes,unset,unset,hype2,12.2.0,-O3 -Wall -Wextra -std=c++17 -fopenmp -DOMP_EXPLICIT_SIMD=0 -fno-tree-vectorize,17.898879,243220feba4dd030,passed
regular-simd_off-t4-dynamicx16-r2-4000x3000.png,2026-09-18T17:11:17Z,4000x3000.png,4000,3000,Zoom_In,2,4,dynamic,16,off,yes,unset,unset,hype2,12.2.0,-O3 -Wall -Wextra -std=c++17 -fopenmp -DOMP_EXPLICIT_SIMD=0 -fno-tree-vectorize,44.536629,71b80276839f9533,passed
regular-simd_off-t4-dynamicx16-r2-4000x3000.png,2026-09-18T17:11:17Z,4000x3000.png,4000,3000,Zoom_Out,2,4,dynamic,16,off,no,unset,unset,hype2,12.2.0,-O3 -Wall -Wextra -std=c++17 -fopenmp -DOMP_EXPLICIT_SIMD=0 -fno-tree-vectorize,26.749970,a91f518a4f2dbd10,passed
regular-simd_off-t4-dynamicx16-r2-4000x3000.png,2026-09-18T17:11:17Z,4000x3000.png,4000,3000,Rotate_CW,2,4,dynamic,16,off,no,unset,unset,hype2,12.2.0,-O3 -Wall -Wextra -std=c++17 -fopenmp -DOMP_EXPLICIT_SIMD=0 -fno-tree-vectorize,48.453560,e0f27e61a205ef0a,passed
regular-simd_off-t4-dynamicx16-r2-4000x3000.png,2026-09-18T17:11:17Z,4000x3000.png,4000,3000,Rotate_CCW,2,4,dynamic,16,off,no,unset,unset,hype2,12.2.0,-O3 -Wall -Wextra -std=c++17 -fopenmp -DOMP_EXPLICIT_SIMD=0 -fno-tree-vectorize,45.449707,b4512f3b73b7723c,passed
regular-simd_off-t4-dynamicx16-r2-4000x3000.png,2026-09-18T17:11:17Z,4000x3000.png,4000,3000,Gaussian_3x3,2,4,dynamic,16,off,yes,unset,unset,hype2,12.2.0,-O3 -Wall -Wextra -std=c++17 -fopenmp -DOMP_EXPLICIT_SIMD=0 -fno-tree-vectorize,119.241597,bc1a93797b2afda7,passed
regular-simd_off-t4-dynamicx16-r2-4000x3000.png,2026-09-18T17:11:18Z,4000x3000.png,4000,3000,Gaussian_5x5,2,4,dynamic,16,off,yes,unset,unset,hype2,12.2.0,-O3 -Wall -Wextra -std=c++17 -fopenmp -DOMP_EXPLICIT_SIMD=0 -fno-tree-vectorize,210.713554,d67ccd9b6dbb62d8,passed
regular-simd_off-t4-dynamicx16-r2-4000x3000.png,2026-09-18T17:11:18Z,4000x3000.png,4000,3000,Gaussian_7x7,2,4,dynamic,16,off,yes,unset,unset,hype2,12.2.0,-O3 -Wall -Wextra -std=c++17 -fopenmp -DOMP_EXPLICIT_SIMD=0 -fno-tree-vectorize,361.654487,98f465f1820de349,passed
regular-simd_off-t4-dynamicx16-r2-4000x3000.png,2026-09-18T17:11:19Z,4000x3000.png,4000,3000,Gaussian_9x9,2,4,dynamic,16,off,yes,unset,unset,hype2,12.2.0,-O3 -Wall -Wextra -std=c++17 -fopenmp -DOMP_EXPLICIT_SIMD=0 -fno-tree-vectorize,561.745018,8f9bd96ceab3a369,passed
regular-simd_off-t4-dynamicx16-r2-4000x3000.png,2026-09-18T17:11:19Z,4000x3000.png,4000,3000,Gaussian_11x11,2,4,dynamic,16,off,yes,unset,unset,hype2,12.2.0,-O3 -Wall -Wextra -std=c++17 -fopenmp -DOMP_EXPLICIT_SIMD=0 -fno-tree-vectorize,811.754072,1e8adb9534bf99dc,passed
regular-simd_off-t4-dynamicx16-r2-6000x6000.png,2026-09-18T17:11:21Z,6000x6000.png,6000,6000,Grayscale,2,4,dynamic,16,off,yes,unset,unset,hype2,12.2.0,-O3 -Wall -Wextra -std=c++17 -fopenmp -DOMP_EXPLICIT_SIMD=0 -fno-tree-vectorize,36.251243,937793859b387046,passed
regular-simd_off-t4-dynamicx16-r2-6000x6000.png,2026-09-18T17:11:21Z,6000x6000.png,6000,6000,Flip_Horizontal,2,4,dynamic,16,off,no,unset,unset,hype2,12.2.0,-O3 -Wall -Wextra -std=c++17 -fopenmp -DOMP_EXPLICIT_SIMD=0 -fno-tree-vectorize,14.294377,3dfbc0e2f0b456c2,passed
regular-simd_off-t4-dynamicx16-r2-6000x6000.png,2026-09-18T17:11:22Z,6000x6000.png,6000,6000,Adjust_Brightness,2,4,dynamic,16,off,yes,unset,unset,hype2,12.2.0,-O3 -Wall -Wextra -std=c++17 -fopenmp -DOMP_EXPLICIT_SIMD=0 -fno-tree-vectorize,47.792269,5d4bea966648e7a7,passed
regular-simd_off-t4-dynamicx16-r2-6000x6000.png,2026-09-18T17:11:22Z,6000x6000.png,6000,6000,Flip_Vertical,2,4,dynamic,16,off,no,unset,unset,hype2,12.2.0,-O3 -Wall -Wextra -std=c++17 -fopenmp -DOMP_EXPLICIT_SIMD=0 -fno-tree-vectorize,5.084995,bd012cf684012198,passed
regular-simd_off-t4-dynamicx16-r2-6000x6000.png,2026-09-18T17:11:22Z,6000x6000.png,6000,6000,Quantize,2,4,dynamic,16,off,yes,unset,unset,hype2,12.2.0,-O3 -Wall -Wextra -std=c++17 -fopenmp -DOMP_EXPLICIT_SIMD=0 -fno-tree-vectorize,143.401169,b2e8843413e8e7a6,passed
regular-simd_off-t4-dynamicx16-r2-6000x6000.png,2026-09-18T17:11:22Z,6000x6000.png,6000,6000,Adjust_Contrast,2,4,dynamic,16,off,yes,unset,unset,hype2,12.2.0,-O3 -Wall -Wextra -std=c++17 -fopenmp -DOMP_EXPLICIT_SIMD=0 -fno-tree-vectorize,71.215840,c036bcbf5e6d6190,passed
regular-simd_off-t4-dynamicx16-r2-6000x6000.png,2026-09-18T17:11:23Z,6000x6000.png,6000,6000,Negative,2,4,dynamic,16,off,yes,unset,unset,hype2,12.2.0,-O3 -Wall -Wextra -std=c++17 -fopenmp -DOMP_EXPLICIT_SIMD=0 -fno-tree-vectorize,27.273230,0a497e94a83bbbc0,passed
regular-simd_off-t4-dynamicx16-r2-6000x6000.png,2026-09-18T17:11:23Z,6000x6000.png,6000,6000,Equalize_Histogram,2,4,dynamic,16,off,yes,unset,unset,hype2,12.2.0,-O3 -Wall -Wextra -std=c++17 -fopenmp -DOMP_EXPLICIT_SIMD=0 -fno-tree-vectorize,47.776358,5251e13888abb30f,passed
regular-simd_off-t4-dynamicx16-r2-6000x6000.png,2026-09-18T17:11:24Z,6000x6000.png,6000,6000,Zoom_In,2,4,dynamic,16,off,yes,unset,unset,hype2,12.2.0,-O3 -Wall -Wextra -std=c++17 -fopenmp -DOMP_EXPLICIT_SIMD=0 -fno-tree-vectorize,110.969022,4e063cbe88523a0e,passed
regular-simd_off-t4-dynamicx16-r2-6000x6000.png,2026-09-18T17:11:24Z,6000x6000.png,6000,6000,Zoom_Out,2,4,dynamic,16,off,no,unset,unset,hype2,12.2.0,-O3 -Wall -Wextra -std=c++17 -fopenmp -DOMP_EXPLICIT_SIMD=0 -fno-tree-vectorize,76.563039,8eace74e8cd425e6,passed
regular-simd_off-t4-dynamicx16-r2-6000x6000.png,2026-09-18T17:11:24Z,6000x6000.png,6000,6000,Rotate_CW,2,4,dynamic,16,off,no,unset,unset,hype2,12.2.0,-O3 -Wall -Wextra -std=c++17 -fopenmp -DOMP_EXPLICIT_SIMD=0 -fno-tree-vectorize,128.549713,dd5c83f3b3cee726,passed
regular-simd_off-t4-dynamicx16-r2-6000x6000.png,2026-09-18T17:11:24Z,6000x6000.png,6000,6000,Rotate_CCW,2,4,dynamic,16,off,no,unset,unset,hype2,12.2.0,-O3 -Wall -Wextra -std=c++17 -fopenmp -DOMP_EXPLICIT_SIMD=0 -fno-tree-vectorize,123.167086,51196bd3ed2b4ba4,passed
regular-simd_off-t4-dynamicx16-r2-6000x6000.png,2026-09-18T17:11:25Z,6000x6000.png,6000,6000,Gaussian_3x3,2,4,dynamic,16,off,yes,unset,unset,hype2,12.2.0,-O3 -Wall -Wextra -std=c++17 -fopenmp -DOMP_EXPLICIT_SIMD=0 -fno-tree-vectorize,355.947211,87566478e34b4f70,passed
regular-simd_off-t4-dynamicx16-r2-6000x6000.png,2026-09-18T17:11:26Z,6000x6000.png,6000,6000,Gaussian_5x5,2,4,dynamic,16,off,yes,unset,unset,hype2,12.2.0,-O3 -Wall -Wextra -std=c++17 -fopenmp -DOMP_EXPLICIT_SIMD=0 -fno-tree-vectorize,625.603164,4b23a258f94a27f0,passed
regular-simd_off-t4-dynamicx16-r2-6000x6000.png,2026-09-18T17:11:27Z,6000x6000.png,6000,6000,Gaussian_7x7,2,4,dynamic,16,off,yes,unset,unset,hype2,12.2.0,-O3 -Wall -Wextra -std=c++17 -fopenmp -DOMP_EXPLICIT_SIMD=0 -fno-tree-vectorize,1072.832277,3771268fea0417e2,passed
regular-simd_off-t4-dynamicx16-r2-6000x6000.png,2026-09-18T17:11:29Z,6000x6000.png,6000,6000,Gaussian_9x9,2,4,dynamic,16,off,yes,unset,unset,hype2,12.2.0,-O3 -Wall -Wextra -std=c++17 -fopenmp -DOMP_EXPLICIT_SIMD=0 -fno-tree-vectorize,1663.021437,3f6b7f707a108bd5,passed
regular-simd_off-t4-dynamicx16-r2-6000x6000.png,2026-09-18T17:11:31Z,6000x6000.png,6000,6000,Gaussian_11x11,2,4,dynamic,16,off,yes,unset,unset,hype2,12.2.0,-O3 -Wall -Wextra -std=c++17 -fopenmp -DOMP_EXPLICIT_SIMD=0 -fno-tree-vectorize,2399.153553,c923a906c8989668,passed
regular-simd_omp-t4-dynamicx16-r2-4000x3000.png,2026-09-18T17:11:32Z,4000x3000.png,4000,3000,Grayscale,2,4,dynamic,16,omp,yes,unset,unset,hype2,12.2.0,-O3 -Wall -Wextra -std=c++17 -fopenmp -DOMP_EXPLICIT_SIMD=1,13.185352,00925fa85224b60c,passed
regular-simd_omp-t4-dynamicx16-r2-4000x3000.png,2026-09-18T17:11:32Z,4000x3000.png,4000,3000,Flip_Horizontal,2,4,dynamic,16,omp,no,unset,unset,hype2,12.2.0,-O3 -Wall -Wextra -std=c++17 -fopenmp -DOMP_EXPLICIT_SIMD=1,4.640776,45d5313341f5868e,passed
regular-simd_omp-t4-dynamicx16-r2-4000x3000.png,2026-09-18T17:11:32Z,4000x3000.png,4000,3000,Adjust_Brightness,2,4,dynamic,16,omp,yes,unset,unset,hype2,12.2.0,-O3 -Wall -Wextra -std=c++17 -fopenmp -DOMP_EXPLICIT_SIMD=1,16.748851,e488c03148da4f5b,passed
regular-simd_omp-t4-dynamicx16-r2-4000x3000.png,2026-09-18T17:11:32Z,4000x3000.png,4000,3000,Flip_Vertical,2,4,dynamic,16,omp,no,unset,unset,hype2,12.2.0,-O3 -Wall -Wextra -std=c++17 -fopenmp -DOMP_EXPLICIT_SIMD=1,1.782930,754d30e4e81eccfc,passed
regular-simd_omp-t4-dynamicx16-r2-4000x3000.png,2026-09-18T17:11:32Z,4000x3000.png,4000,3000,Quantize,2,4,dynamic,16,omp,yes,unset,unset,hype2,12.2.0,-O3 -Wall -Wextra -std=c++17 -fopenmp -DOMP_EXPLICIT_SIMD=1,53.897946,f01ef010a3fd2f20,passed
regular-simd_omp-t4-dynamicx16-r2-4000x3000.png,2026-09-18T17:11:32Z,4000x3000.png,4000,3000,Adjust_Contrast,2,4,dynamic,16,omp,yes,unset,unset,hype2,12.2.0,-O3 -Wall -Wextra -std=c++17 -fopenmp -DOMP_EXPLICIT_SIMD=1,24.211604,7cc9f4cee5c661bd,passed
regular-simd_omp-t4-dynamicx16-r2-4000x3000.png,2026-09-18T17:11:32Z,4000x3000.png,4000,3000,Negative,2,4,dynamic,16,omp,yes,unset,unset,hype2,12.2.0,-O3 -Wall -Wextra -std=c++17 -fopenmp -DOMP_EXPLICIT_SIMD=1,9.055845,043d4193294f2dcc,passed
regular-simd_omp-t4-dynamicx16-r2-4000x3000.png,2026-09-18T17:11:33Z,4000x3000.png,4000,3000,Equalize_Histogram,2,4,dynamic,16,omp,yes,unset,unset,hype2,12.2.0,-O3 -Wall -Wextra -std=c++17 -fopenmp -DOMP_EXPLICIT_SIMD=1,18.063926,243220feba4dd030,passed
regular-simd_omp-t4-dynamicx16-r2-4000x3000.png,2026-09-18T17:11:33Z,4000x3000.png,4000,3000,Zoom_In,2,4,dynamic,16,omp,yes,unset,unset,hype2,12.2.0,-O3 -Wall -Wextra -std=c++17 -fopenmp -DOMP_EXPLICIT_SIMD=1,38.408999,71b80276839f9533,passed
regular-simd_omp-t4-dynamicx16-r2-4000x3000.png,2026-09-18T17:11:33Z,4000x3000.png,4000,3000,Zoom_Out,2,4,dynamic,16,omp,no,unset,unset,hype2,12.2.0,-O3 -Wall -Wextra -std=c++17 -fopenmp -DOMP_EXPLICIT_SIMD=1,26.650202,a91f518a4f2dbd10,passed
regular-simd_omp-t4-dynamicx16-r2-4000x3000.png,2026-09-18T17:11:33Z,4000x3000.png,4000,3000,Rotate_CW,2,4,dynamic,16,omp,no,unset,unset,hype2,12.2.0,-O3 -Wall -Wextra -std=c++17 -fopenmp -DOMP_EXPLICIT_SIMD=1,46.898332,e0f27e61a205ef0a,passed
regular-simd_omp-t4-dynamicx16-r2-4000x3000.png,2026-09-18T17:11:33Z,4000x3000.png,4000,3000,Rotate_CCW,2,4,dynamic,16,omp,no,unset,unset,hype2,12.2.0,-O3 -Wall -Wextra -std=c++17 -fopenmp -DOMP_EXPLICIT_SIMD=1,45.041115,b4512f3b73b7723c,passed
regular-simd_omp-t4-dynamicx16-r2-4000x3000.png,2026-09-18T17:11:33Z,4000x3000.png,4000,3000,Gaussian_3x3,2,4,dynamic,16,omp,yes,unset,unset,hype2,12.2.0,-O3 -Wall -Wextra -std=c++17 -fopenmp -DOMP_EXPLICIT_SIMD=1,117.083492,bc1a93797b2afda7,passed
regular-simd_omp-t4-dynamicx16-r2-4000x3000.png,2026-09-18T17:11:34Z,4000x3000.png,4000,3000,Gaussian_5x5,2,4,dynamic,16,omp,yes,unset,unset,hype2,12.2.0,-O3 -Wall -Wextra -std=c++17 -fopenmp -DOMP_EXPLICIT_SIMD=1,211.654630,d67ccd9b6dbb62d8,passed
regular-simd_omp-t4-dynamicx16-r2-4000x3000.png,2026-09-18T17:11:34Z,4000x3000.png,4000,3000,Gaussian_7x7,2,4,dynamic,16,omp,yes,unset,unset,hype2,12.2.0,-O3 -Wall -Wextra -std=c++17 -fopenmp -DOMP_EXPLICIT_SIMD=1,371.411844,98f465f1820de349,passed
regular-simd_omp-t4-dynamicx16-r2-4000x3000.png,2026-09-18T17:11:35Z,4000x3000.png,4000,3000,Gaussian_9x9,2,4,dynamic,16,omp,yes,unset,unset,hype2,12.2.0,-O3 -Wall -Wextra -std=c++17 -fopenmp -DOMP_EXPLICIT_SIMD=1,565.155265,8f9bd96ceab3a369,passed
regular-simd_omp-t4-dynamicx16-r2-4000x3000.png,2026-09-18T17:11:35Z,4000x3000.png,4000,3000,Gaussian_11x11,2,4,dynamic,16,omp,yes,unset,unset,hype2,12.2.0,-O3 -Wall -Wextra -std=c++17 -fopenmp -DOMP_EXPLICIT_SIMD=1,808.309788,1e8adb9534bf99dc,passed
regular-simd_omp-t4-dynamicx16-r2-6000x6000.png,2026-09-18T17:11:37Z,6000x6000.png,6000,6000,Grayscale,2,4,dynamic,16,omp,yes,unset,unset,hype2,12.2.0,-O3 -Wall -Wextra -std=c++17 -fopenmp -DOMP_EXPLICIT_SIMD=1,38.299149,937793859b387046,passed
regular-simd_omp-t4-dynamicx16-r2-6000x6000.png,2026-09-18T17:11:37Z,6000x6000.png,6000,6000,Flip_Horizontal,2,4,dynamic,16,omp,no,unset,unset,hype2,12.2.0,-O3 -Wall -Wextra -std=c++17 -fopenmp -DOMP_EXPLICIT_SIMD=1,15.172901,3dfbc0e2f0b456c2,passed
regular-simd_omp-t4-dynamicx16-r2-6000x6000.png,2026-09-18T17:11:38Z,6000x6000.png,6000,6000,Adjust_Brightness,2,4,dynamic,16,omp,yes,unset,unset,hype2,12.2.0,-O3 -Wall -Wextra -std=c++17 -fopenmp -DOMP_EXPLICIT_SIMD=1,49.726854,5d4bea966648e7a7,passed
regular-simd_omp-t4-dynamicx16-r2-6000x6000.png,2026-09-18T17:11:38Z,6000x6000.png,6000,6000,Flip_Vertical,2,4,dynamic,16,omp,no,unset,unset,hype2,12.2.0,-O3 -Wall -Wextra -std=c++17 -fopenmp -DOMP_EXPLICIT_SIMD=1,5.187801,bd012cf684012198,passed
regular-simd_omp-t4-dynamicx16-r2-6000x6000.png,2026-09-18T17:11:38Z,6000x6000.png,6000,6000,Quantize,2,4,dynamic,16,omp,yes,unset,unset,hype2,12.2.0,-O3 -Wall -Wextra -std=c++17 -fopenmp -DOMP_EXPLICIT_SIMD=1,146.781700,b2e8843413e8e7a6,passed
regular-simd_omp-t4-dynamicx16-r2-6000x6000.png,2026-09-18T17:11:38Z,6000x6000.png,6000,6000,Adjust_Contrast,2,4,dynamic,16,omp,yes,unset,unset,hype2,12.2.0,-O3 -Wall -Wextra -std=c++17 -fopenmp -DOMP_EXPLICIT_SIMD=1,71.705762,c036bcbf5e6d6190,passed
regular-simd_omp-t4-dynamicx16-r2-6000x6000.png,2026-09-18T17:11:39Z,6000x6000.png,6000,6000,Negative,2,4,dynamic,16,omp,yes,unset,unset,hype2,12.2.0,-O3 -Wall -Wextra -std=c++17 -fopenmp -DOMP_EXPLICIT_SIMD=1,26.418899,0a497e94a83bbbc0,passed
regular-simd_omp-t4-dynamicx16-r2-6000x6000.png,2026-09-18T17:11:39Z,6000x6000.png,6000,6000,Equalize_Histogram,2,4,dynamic,16,omp,yes,unset,unset,hype2,12.2.0,-O3 -Wall -Wextra -std=c++17 -fopenmp -DOMP_EXPLICIT_SIMD=1,48.469158,5251e13888abb30f,passed
regular-simd_omp-t4-dynamicx16-r2-6000x6000.png,2026-09-18T17:11:40Z,6000x6000.png,6000,6000,Zoom_In,2,4,dynamic,16,omp,yes,unset,unset,hype2,12.2.0,-O3 -Wall -Wextra -std=c++17 -fopenmp -DOMP_EXPLICIT_SIMD=1,99.777814,4e063cbe88523a0e,passed
regular-simd_omp-t4-dynamicx16-r2-6000x6000.png,2026-09-18T17:11:40Z,6000x6000.png,6000,6000,Zoom_Out,2,4,dynamic,16,omp,no,unset,unset,hype2,12.2.0,-O3 -Wall -Wextra -std=c++17 -fopenmp -DOMP_EXPLICIT_SIMD=1,78.014324,8eace74e8cd425e6,passed
regular-simd_omp-t4-dynamicx16-r2-6000x6000.png,2026-09-18T17:11:40Z,6000x6000.png,6000,6000,Rotate_CW,2,4,dynamic,16,omp,no,unset,unset,hype2,12.2.0,-O3 -Wall -Wextra -std=c++17 -fopenmp -DOMP_EXPLICIT_SIMD=1,124.644475,dd5c83f3b3cee726,passed
regular-simd_omp-t4-dynamicx16-r2-6000x6000.png,2026-09-18T17:11:40Z,6000x6000.png,6000,6000,Rotate_CCW,2,4,dynamic,16,omp,no,unset,unset,hype2,12.2.0,-O3 -Wall -Wextra -std=c++17 -fopenmp -DOMP_EXPLICIT_SIMD=1,131.042239,51196bd3ed2b4ba4,passed
regular-simd_omp-t4-dynamicx16-r2-6000x6000.png,2026-09-18T17:11:41Z,6000x6000.png,6000,6000,Gaussian_3x3,2,4,dynamic,16,omp,yes,unset,unset,hype2,12.2.0,-O3 -Wall -Wextra -std=c++17 -fopenmp -DOMP_EXPLICIT_SIMD=1,348.824337,87566478e34b4f70,passed
regular-simd_omp-t4-dynamicx16-r2-6000x6000.png,2026-09-18T17:11:42Z,6000x6000.png,6000,6000,Gaussian_5x5,2,4,dynamic,16,omp,yes,unset,unset,hype2,12.2.0,-O3 -Wall -Wextra -std=c++17 -fopenmp -DOMP_EXPLICIT_SIMD=1,632.049518,4b23a258f94a27f0,passed
regular-simd_omp-t4-dynamicx16-r2-6000x6000.png,2026-09-18T17:11:43Z,6000x6000.png,6000,6000,Gaussian_7x7,2,4,dynamic,16,omp,yes,unset,unset,hype2,12.2.0,-O3 -Wall -Wextra -std=c++17 -fopenmp -DOMP_EXPLICIT_SIMD=1,1082.981750,3771268fea0417e2,passed
regular-simd_omp-t4-dynamicx16-r2-6000x6000.png,2026-09-18T17:11:45Z,6000x6000.png,6000,6000,Gaussian_9x9,2,4,dynamic,16,omp,yes,unset,unset,hype2,12.2.0,-O3 -Wall -Wextra -std=c++17 -fopenmp -DOMP_EXPLICIT_SIMD=1,1720.464712,3f6b7f707a108bd5,passed
regular-simd_omp-t4-dynamicx16-r2-6000x6000.png,2026-09-18T17:11:47Z,6000x6000.png,6000,6000,Gaussian_11x11,2,4,dynamic,16,omp,yes,unset,unset,hype2,12.2.0,-O3 -Wall -Wextra -std=c++17 -fopenmp -DOMP_EXPLICIT_SIMD=1,2406.557730,c923a906c8989668,passed
regular-simd_off-t4-static-r2-4000x3000.png,2026-09-18T17:11:48Z,4000x3000.png,4000,3000,Grayscale,2,4,static,,off,yes,unset,unset,hype2,12.2.0,-O3 -Wall -Wextra -std=c++17 -fopenmp -DOMP_EXPLICIT_SIMD=0 -fno-tree-vectorize,12.777285,00925fa85224b60c,passed
regular-simd_off-t4-static-r2-4000x3000.png,2026-09-18T17:11:48Z,4000x3000.png,4000,3000,Flip_Horizontal,2,4,static,,off,no,unset,unset,hype2,12.2.0,-O3 -Wall -Wextra -std=c++17 -fopenmp -DOMP_EXPLICIT_SIMD=0 -fno-tree-vectorize,6.718472,45d5313341f5868e,passed
regular-simd_off-t4-static-r2-4000x3000.png,2026-09-18T17:11:48Z,4000x3000.png,4000,3000,Adjust_Brightness,2,4,static,,off,yes,unset,unset,hype2,12.2.0,-O3 -Wall -Wextra -std=c++17 -fopenmp -DOMP_EXPLICIT_SIMD=0 -fno-tree-vectorize,16.255952,e488c03148da4f5b,passed
regular-simd_off-t4-static-r2-4000x3000.png,2026-09-18T17:11:48Z,4000x3000.png,4000,3000,Flip_Vertical,2,4,static,,off,no,unset,unset,hype2,12.2.0,-O3 -Wall -Wextra -std=c++17 -fopenmp -DOMP_EXPLICIT_SIMD=0 -fno-tree-vectorize,2.096325,754d30e4e81eccfc,passed
regular-simd_off-t4-static-r2-4000x3000.png,2026-09-18T17:11:48Z,4000x3000.png,4000,3000,Quantize,2,4,static,,off,yes,unset,unset,hype2,12.2.0,-O3 -Wall -Wextra -std=c++17 -fopenmp -DOMP_EXPLICIT_SIMD=0 -fno-tree-vectorize,52.678038,f01ef010a3fd2f20,passed
regular-simd_off-t4-static-r2-4000x3000.png,2026-09-18T17:11:48Z,4000x3000.png,4000,3000,Adjust_Contrast,2,4,static,,off,yes,unset,unset,hype2,12.2.0,-O3 -Wall -Wextra -std=c++17 -fopenmp -DOMP_EXPLICIT_SIMD=0 -fno-tree-vectorize,24.629366,7cc9f4cee5c661bd,passed
regular-simd_off-t4-static-r2-4000x3000.png,2026-09-18T17:11:49Z,4000x3000.png,4000,3000,Negative,2,4,static,,off,yes,unset,unset,hype2,12.2.0,-O3 -Wall -Wextra -std=c++17 -fopenmp -DOMP_EXPLICIT_SIMD=0 -fno-tree-vectorize,9.661649,043d4193294f2dcc,passed
regular-simd_off-t4-static-r2-4000x3000.png,2026-09-18T17:11:49Z,4000x3000.png,4000,3000,Equalize_Histogram,2,4,static,,off,yes,unset,unset,hype2,12.2.0,-O3 -Wall -Wextra -std=c++17 -fopenmp -DOMP_EXPLICIT_SIMD=0 -fno-tree-vectorize,16.848983,243220feba4dd030,passed
regular-simd_off-t4-static-r2-4000x3000.png,2026-09-18T17:11:49Z,4000x3000.png,4000,3000,Zoom_In,2,4,static,,off,yes,unset,unset,hype2,12.2.0,-O3 -Wall -Wextra -std=c++17 -fopenmp -DOMP_EXPLICIT_SIMD=0 -fno-tree-vectorize,37.876177,71b80276839f9533,passed
regular-simd_off-t4-static-r2-4000x3000.png,2026-09-18T17:11:49Z,4000x3000.png,4000,3000,Zoom_Out,2,4,static,,off,no,unset,unset,hype2,12.2.0,-O3 -Wall -Wextra -std=c++17 -fopenmp -DOMP_EXPLICIT_SIMD=0 -fno-tree-vectorize,29.127326,a91f518a4f2dbd10,passed
regular-simd_off-t4-static-r2-4000x3000.png,2026-09-18T17:11:49Z,4000x3000.png,4000,3000,Rotate_CW,2,4,static,,off,no,unset,unset,hype2,12.2.0,-O3 -Wall -Wextra -std=c++17 -fopenmp -DOMP_EXPLICIT_SIMD=0 -fno-tree-vectorize,37.096733,e0f27e61a205ef0a,passed
regular-simd_off-t4-static-r2-4000x3000.png,2026-09-18T17:11:49Z,4000x3000.png,4000,3000,Rotate_CCW,2,4,static,,off,no,unset,unset,hype2,12.2.0,-O3 -Wall -Wextra -std=c++17 -fopenmp -DOMP_EXPLICIT_SIMD=0 -fno-tree-vectorize,36.790349,b4512f3b73b7723c,passed
regular-simd_off-t4-static-r2-4000x3000.png,2026-09-18T17:11:49Z,4000x3000.png,4000,3000,Gaussian_3x3,2,4,static,,off,yes,unset,unset,hype2,12.2.0,-O3 -Wall -Wextra -std=c++17 -fopenmp -DOMP_EXPLICIT_SIMD=0 -fno-tree-vectorize,119.283246,bc1a93797b2afda7,passed
regular-simd_off-t4-static-r2-4000x3000.png,2026-09-18T17:11:50Z,4000x3000.png,4000,3000,Gaussian_5x5,2,4,static,,off,yes,unset,unset,hype2,12.2.0,-O3 -Wall -Wextra -std=c++17 -fopenmp -DOMP_EXPLICIT_SIMD=0 -fno-tree-vectorize,213.800814,d67ccd9b6dbb62d8,passed
regular-simd_off-t4-static-r2-4000x3000.png,2026-09-18T17:11:50Z,4000x3000.png,4000,3000,Gaussian_7x7,2,4,static,,off,yes,unset,unset,hype2,12.2.0,-O3 -Wall -Wextra -std=c++17 -fopenmp -DOMP_EXPLICIT_SIMD=0 -fno-tree-vectorize,361.798246,98f465f1820de349,passed
regular-simd_off-t4-static-r2-4000x3000.png,2026-09-18T17:11:51Z,4000x3000.png,4000,3000,Gaussian_9x9,2,4,static,,off,yes,unset,unset,hype2,12.2.0,-O3 -Wall -Wextra -std=c++17 -fopenmp -DOMP_EXPLICIT_SIMD=0 -fno-tree-vectorize,559.833527,8f9bd96ceab3a369,passed
regular-simd_off-t4-static-r2-4000x3000.png,2026-09-18T17:11:51Z,4000x3000.png,4000,3000,Gaussian_11x11,2,4,static,,off,yes,unset,unset,hype2,12.2.0,-O3 -Wall -Wextra -std=c++17 -fopenmp -DOMP_EXPLICIT_SIMD=0 -fno-tree-vectorize,802.439711,1e8adb9534bf99dc,passed
regular-simd_off-t4-static-r2-6000x6000.png,2026-09-18T17:11:53Z,6000x6000.png,6000,6000,Grayscale,2,4,static,,off,yes,unset,unset,hype2,12.2.0,-O3 -Wall -Wextra -std=c++17 -fopenmp -DOMP_EXPLICIT_SIMD=0 -fno-tree-vectorize,37.704885,937793859b387046,passed
regular-simd_off-t4-static-r2-6000x6000.png,2026-09-18T17:11:53Z,6000x6000.png,6000,6000,Flip_Horizontal,2,4,static,,off,no,unset,unset,hype2,12.2.0,-O3 -Wall -Wextra -std=c++17 -fopenmp -DOMP_EXPLICIT_SIMD=0 -fno-tree-vectorize,17.906521,3dfbc0e2f0b456c2,passed
regular-simd_off-t4-static-r2-6000x6000.png,2026-09-18T17:11:54Z,6000x6000.png,6000,6000,Adjust_Brightness,2,4,static,,off,yes,unset,unset,hype2,12.2.0,-O3 -Wall -Wextra -std=c++17 -fopenmp -DOMP_EXPLICIT_SIMD=0 -fno-tree-vectorize,49.465730,5d4bea966648e7a7,passed
regular-simd_off-t4-static-r2-6000x6000.png,2026-09-18T17:11:54Z,6000x6000.png,6000,6000,Flip_Vertical,2,4,static,,off,no,unset,unset,hype2,12.2.0,-O3 -Wall -Wextra -std=c++17 -fopenmp -DOMP_EXPLICIT_SIMD=0 -fno-tree-vectorize,5.739779,bd012cf684012198,passed
regular-simd_off-t4-static-r2-6000x6000.png,2026-09-18T17:11:54Z,6000x6000.png,6000,6000,Quantize,2,4,static,,off,yes,unset,unset,hype2,12.2.0,-O3 -Wall -Wextra -std=c++17 -fopenmp -DOMP_EXPLICIT_SIMD=0 -fno-tree-vectorize,159.632509,b2e8843413e8e7a6,passed
regular-simd_off-t4-static-r2-6000x6000.png,2026-09-18T17:11:54Z,6000x6000.png,6000,6000,Adjust_Contrast,2,4,static,,off,yes,unset,unset,hype2,12.2.0,-O3 -Wall -Wextra -std=c++17 -fopenmp -DOMP_EXPLICIT_SIMD=0 -fno-tree-vectorize,73.213915,c036bcbf5e6d6190,passed
regular-simd_off-t4-static-r2-6000x6000.png,2026-09-18T17:11:55Z,6000x6000.png,6000,6000,Negative,2,4,static,,off,yes,unset,unset,hype2,12.2.0,-O3 -Wall -Wextra -std=c++17 -fopenmp -DOMP_EXPLICIT_SIMD=0 -fno-tree-vectorize,29.058871,0a497e94a83bbbc0,passed
regular-simd_off-t4-static-r2-6000x6000.png,2026-09-18T17:11:55Z,6000x6000.png,6000,6000,Equalize_Histogram,2,4,static,,off,yes,unset,unset,hype2,12.2.0,-O3 -Wall -Wextra -std=c++17 -fopenmp -DOMP_EXPLICIT_SIMD=0 -fno-tree-vectorize,51.352080,5251e13888abb30f,passed
regular-simd_off-t4-static-r2-6000x6000.png,2026-09-18T17:11:56Z,6000x6000.png,6000,6000,Zoom_In,2,4,static,,off,yes,unset,unset,hype2,12.2.0,-O3 -Wall -Wextra -std=c++17 -fopenmp -DOMP_EXPLICIT_SIMD=0 -fno-tree-vectorize,103.976694,4e063cbe88523a0e,passed
regular-simd_off-t4-static-r2-6000x6000.png,2026-09-18T17:11:56Z,6000x6000.png,6000,6000,Zoom_Out,2,4,static,,off,no,unset,unset,hype2,12.2.0,-O3 -Wall -Wextra -std=c++17 -fopenmp -DOMP_EXPLICIT_SIMD=0 -fno-tree-vectorize,78.011122,8eace74e8cd425e6,passed
regular-simd_off-t4-static-r2-6000x6000.png,2026-09-18T17:11:56Z,6000x6000.png,6000,6000,Rotate_CW,2,4,static,,off,no,unset,unset,hype2,12.2.0,-O3 -Wall -Wextra -std=c++17 -fopenmp -DOMP_EXPLICIT_SIMD=0 -fno-tree-vectorize,102.287434,dd5c83f3b3cee726,passed
regular-simd_off-t4-static-r2-6000x6000.png,2026-09-18T17:11:56Z,6000x6000.png,6000,6000,Rotate_CCW,2,4,static,,off,no,unset,unset,hype2,12.2.0,-O3 -Wall -Wextra -std=c++17 -fopenmp -DOMP_EXPLICIT_SIMD=0 -fno-tree-vectorize,91.203578,51196bd3ed2b4ba4,passed
regular-simd_off-t4-static-r2-6000x6000.png,2026-09-18T17:11:57Z,6000x6000.png,6000,6000,Gaussian_3x3,2,4,static,,off,yes,unset,unset,hype2,12.2.0,-O3 -Wall -Wextra -std=c++17 -fopenmp -DOMP_EXPLICIT_SIMD=0 -fno-tree-vectorize,355.096485,87566478e34b4f70,passed
regular-simd_off-t4-static-r2-6000x6000.png,2026-09-18T17:11:58Z,6000x6000.png,6000,6000,Gaussian_5x5,2,4,static,,off,yes,unset,unset,hype2,12.2.0,-O3 -Wall -Wextra -std=c++17 -fopenmp -DOMP_EXPLICIT_SIMD=0 -fno-tree-vectorize,630.915063,4b23a258f94a27f0,passed
regular-simd_off-t4-static-r2-6000x6000.png,2026-09-18T17:11:59Z,6000x6000.png,6000,6000,Gaussian_7x7,2,4,static,,off,yes,unset,unset,hype2,12.2.0,-O3 -Wall -Wextra -std=c++17 -fopenmp -DOMP_EXPLICIT_SIMD=0 -fno-tree-vectorize,1093.963059,3771268fea0417e2,passed
regular-simd_off-t4-static-r2-6000x6000.png,2026-09-18T17:12:01Z,6000x6000.png,6000,6000,Gaussian_9x9,2,4,static,,off,yes,unset,unset,hype2,12.2.0,-O3 -Wall -Wextra -std=c++17 -fopenmp -DOMP_EXPLICIT_SIMD=0 -fno-tree-vectorize,1678.749272,3f6b7f707a108bd5,passed
regular-simd_off-t4-static-r2-6000x6000.png,2026-09-18T17:12:03Z,6000x6000.png,6000,6000,Gaussian_11x11,2,4,static,,off,yes,unset,unset,hype2,12.2.0,-O3 -Wall -Wextra -std=c++17 -fopenmp -DOMP_EXPLICIT_SIMD=0 -fno-tree-vectorize,2409.242455,c923a906c8989668,passed
regular-simd_off-t8-static-r1-4000x3000.png,2026-09-18T17:13:15Z,4000x3000.png,4000,3000,Grayscale,1,8,static,,off,yes,unset,unset,hype2,12.2.0,-O3 -Wall -Wextra -std=c++17 -fopenmp -DOMP_EXPLICIT_SIMD=0 -fno-tree-vectorize,7.378523,00925fa85224b60c,passed
regular-simd_off-t8-static-r1-4000x3000.png,2026-09-18T17:13:15Z,4000x3000.png,4000,3000,Flip_Horizontal,1,8,static,,off,no,unset,unset,hype2,12.2.0,-O3 -Wall -Wextra -std=c++17 -fopenmp -DOMP_EXPLICIT_SIMD=0 -fno-tree-vectorize,3.244058,45d5313341f5868e,passed
regular-simd_off-t8-static-r1-4000x3000.png,2026-09-18T17:13:16Z,4000x3000.png,4000,3000,Adjust_Brightness,1,8,static,,off,yes,unset,unset,hype2,12.2.0,-O3 -Wall -Wextra -std=c++17 -fopenmp -DOMP_EXPLICIT_SIMD=0 -fno-tree-vectorize,9.284567,e488c03148da4f5b,passed
regular-simd_off-t8-static-r1-4000x3000.png,2026-09-18T17:13:16Z,4000x3000.png,4000,3000,Flip_Vertical,1,8,static,,off,no,unset,unset,hype2,12.2.0,-O3 -Wall -Wextra -std=c++17 -fopenmp -DOMP_EXPLICIT_SIMD=0 -fno-tree-vectorize,1.248917,754d30e4e81eccfc,passed
regular-simd_off-t8-static-r1-4000x3000.png,2026-09-18T17:13:16Z,4000x3000.png,4000,3000,Quantize,1,8,static,,off,yes,unset,unset,hype2,12.2.0,-O3 -Wall -Wextra -std=c++17 -fopenmp -DOMP_EXPLICIT_SIMD=0 -fno-tree-vectorize,29.991703,f01ef010a3fd2f20,passed
regular-simd_off-t8-static-r1-4000x3000.png,2026-09-18T17:13:16Z,4000x3000.png,4000,3000,Adjust_Contrast,1,8,static,,off,yes,unset,unset,hype2,12.2.0,-O3 -Wall -Wextra -std=c++17 -fopenmp -DOMP_EXPLICIT_SIMD=0 -fno-tree-vectorize,13.779705,7cc9f4cee5c661bd,passed
regular-simd_off-t8-static-r1-4000x3000.png,2026-09-18T17:13:16Z,4000x3000.png,4000,3000,Negative,1,8,static,,off,yes,unset,unset,hype2,12.2.0,-O3 -Wall -Wextra -std=c++17 -fopenmp -DOMP_EXPLICIT_SIMD=0 -fno-tree-vectorize,5.386407,043d4193294f2dcc,passed
regular-simd_off-t8-static-r1-4000x3000.png,2026-09-18T17:13:16Z,4000x3000.png,4000,3000,Equalize_Histogram,1,8,static,,off,yes,unset,unset,hype2,12.2.0,-O3 -Wall -Wextra -std=c++17 -fopenmp -DOMP_EXPLICIT_SIMD=0 -fno-tree-vectorize,9.481987,243220feba4dd030,passed
regular-simd_off-t8-static-r1-4000x3000.png,2026-09-18T17:13:16Z,4000x3000.png,4000,3000,Zoom_In,1,8,static,,off,yes,unset,unset,hype2,12.2.0,-O3 -Wall -Wextra -std=c++17 -fopenmp -DOMP_EXPLICIT_SIMD=0 -fno-tree-vectorize,21.685113,71b80276839f9533,passed
regular-simd_off-t8-static-r1-4000x3000.png,2026-09-18T17:13:16Z,4000x3000.png,4000,3000,Zoom_Out,1,8,static,,off,no,unset,unset,hype2,12.2.0,-O3 -Wall -Wextra -std=c++17 -fopenmp -DOMP_EXPLICIT_SIMD=0 -fno-tree-vectorize,14.998991,a91f518a4f2dbd10,passed
regular-simd_off-t8-static-r1-4000x3000.png,2026-09-18T17:13:16Z,4000x3000.png,4000,3000,Rotate_CW,1,8,static,,off,no,unset,unset,hype2,12.2.0,-O3 -Wall -Wextra -std=c++17 -fopenmp -DOMP_EXPLICIT_SIMD=0 -fno-tree-vectorize,24.278839,e0f27e61a205ef0a,passed
regular-simd_off-t8-static-r1-4000x3000.png,2026-09-18T17:13:16Z,4000x3000.png,4000,3000,Rotate_CCW,1,8,static,,off,no,unset,unset,hype2,12.2.0,-O3 -Wall -Wextra -std=c++17 -fopenmp -DOMP_EXPLICIT_SIMD=0 -fno-tree-vectorize,24.293430,b4512f3b73b7723c,passed
regular-simd_off-t8-static-r1-4000x3000.png,2026-09-18T17:13:16Z,4000x3000.png,4000,3000,Gaussian_3x3,1,8,static,,off,yes,unset,unset,hype2,12.2.0,-O3 -Wall -Wextra -std=c++17 -fopenmp -DOMP_EXPLICIT_SIMD=0 -fno-tree-vectorize,68.156846,bc1a93797b2afda7,passed
regular-simd_off-t8-static-r1-4000x3000.png,2026-09-18T17:13:17Z,4000x3000.png,4000,3000,Gaussian_5x5,1,8,static,,off,yes,unset,unset,hype2,12.2.0,-O3 -Wall -Wextra -std=c++17 -fopenmp -DOMP_EXPLICIT_SIMD=0 -fno-tree-vectorize,118.437903,d67ccd9b6dbb62d8,passed
regular-simd_off-t8-static-r1-4000x3000.png,2026-09-18T17:13:17Z,4000x3000.png,4000,3000,Gaussian_7x7,1,8,static,,off,yes,unset,unset,hype2,12.2.0,-O3 -Wall -Wextra -std=c++17 -fopenmp -DOMP_EXPLICIT_SIMD=0 -fno-tree-vectorize,200.041319,98f465f1820de349,passed
regular-simd_off-t8-static-r1-4000x3000.png,2026-09-18T17:13:17Z,4000x3000.png,4000,3000,Gaussian_9x9,1,8,static,,off,yes,unset,unset,hype2,12.2.0,-O3 -Wall -Wextra -std=c++17 -fopenmp -DOMP_EXPLICIT_SIMD=0 -fno-tree-vectorize,309.667953,8f9bd96ceab3a369,passed
regular-simd_off-t8-static-r1-4000x3000.png,2026-09-18T17:13:18Z,4000x3000.png,4000,3000,Gaussian_11x11,1,8,static,,off,yes,unset,unset,hype2,12.2.0,-O3 -Wall -Wextra -std=c++17 -fopenmp -DOMP_EXPLICIT_SIMD=0 -fno-tree-vectorize,444.402683,1e8adb9534bf99dc,passed
regular-simd_off-t8-static-r1-6000x6000.png,2026-09-18T17:13:19Z,6000x6000.png,6000,6000,Grayscale,1,8,static,,off,yes,unset,unset,hype2,12.2.0,-O3 -Wall -Wextra -std=c++17 -fopenmp -DOMP_EXPLICIT_SIMD=0 -fno-tree-vectorize,21.066685,937793859b387046,passed
regular-simd_off-t8-static-r1-6000x6000.png,2026-09-18T17:13:20Z,6000x6000.png,6000,6000,Flip_Horizontal,1,8,static,,off,no,unset,unset,hype2,12.2.0,-O3 -Wall -Wextra -std=c++17 -fopenmp -DOMP_EXPLICIT_SIMD=0 -fno-tree-vectorize,9.504059,3dfbc0e2f0b456c2,passed
regular-simd_off-t8-static-r1-6000x6000.png,2026-09-18T17:13:20Z,6000x6000.png,6000,6000,Adjust_Brightness,1,8,static,,off,yes,unset,unset,hype2,12.2.0,-O3 -Wall -Wextra -std=c++17 -fopenmp -DOMP_EXPLICIT_SIMD=0 -fno-tree-vectorize,27.335672,5d4bea966648e7a7,passed
regular-simd_off-t8-static-r1-6000x6000.png,2026-09-18T17:13:20Z,6000x6000.png,6000,6000,Flip_Vertical,1,8,static,,off,no,unset,unset,hype2,12.2.0,-O3 -Wall -Wextra -std=c++17 -fopenmp -DOMP_EXPLICIT_SIMD=0 -fno-tree-vectorize,4.390682,bd012cf684012198,passed
regular-simd_off-t8-static-r1-6000x6000.png,2026-09-18T17:13:20Z,6000x6000.png,6000,6000,Quantize,1,8,static,,off,yes,unset,unset,hype2,12.2.0,-O3 -Wall -Wextra -std=c++17 -fopenmp -DOMP_EXPLICIT_SIMD=0 -fno-tree-vectorize,79.869487,b2e8843413e8e7a6,passed
regular-simd_off-t8-static-r1-6000x6000.png,2026-09-18T17:13:21Z,6000x6000.png,6000,6000,Adjust_Contrast,1,8,static,,off,yes,unset,unset,hype2,12.2.0,-O3 -Wall -Wextra -std=c++17 -fopenmp -DOMP_EXPLICIT_SIMD=0 -fno-tree-vectorize,40.328855,c036bcbf5e6d6190,passed
regular-simd_off-t8-static-r1-6000x6000.png,2026-09-18T17:13:21Z,6000x6000.png,6000,6000,Negative,1,8,static,,off,yes,unset,unset,hype2,12.2.0,-O3 -Wall -Wextra -std=c++17 -fopenmp -DOMP_EXPLICIT_SIMD=0 -fno-tree-vectorize,15.730419,0a497e94a83bbbc0,passed
regular-simd_off-t8-static-r1-6000x6000.png,2026-09-18T17:13:21Z,6000x6000.png,6000,6000,Equalize_Histogram,1,8,static,,off,yes,unset,unset,hype2,12.2.0,-O3 -Wall -Wextra -std=c++17 -fopenmp -DOMP_EXPLICIT_SIMD=0 -fno-tree-vectorize,28.250602,5251e13888abb30f,passed
regular-simd_off-t8-static-r1-6000x6000.png,2026-09-18T17:13:22Z,6000x6000.png,6000,6000,Zoom_In,1,8,static,,off,yes,unset,unset,hype2,12.2.0,-O3 -Wall -Wextra -std=c++17 -fopenmp -DOMP_EXPLICIT_SIMD=0 -fno-tree-vectorize,62.281117,4e063cbe88523a0e,passed
regular-simd_off-t8-static-r1-6000x6000.png,2026-09-18T17:13:22Z,6000x6000.png,6000,6000,Zoom_Out,1,8,static,,off,no,unset,unset,hype2,12.2.0,-O3 -Wall -Wextra -std=c++17 -fopenmp -DOMP_EXPLICIT_SIMD=0 -fno-tree-vectorize,42.967460,8eace74e8cd425e6,passed
regular-simd_off-t8-static-r1-6000x6000.png,2026-09-18T17:13:22Z,6000x6000.png,6000,6000,Rotate_CW,1,8,static,,off,no,unset,unset,hype2,12.2.0,-O3 -Wall -Wextra -std=c++17 -fopenmp -DOMP_EXPLICIT_SIMD=0 -fno-tree-vectorize,55.473944,dd5c83f3b3cee726,passed
regular-simd_off-t8-static-r1-6000x6000.png,2026-09-18T17:13:22Z,6000x6000.png,6000,6000,Rotate_CCW,1,8,static,,off,no,unset,unset,hype2,12.2.0,-O3 -Wall -Wextra -std=c++17 -fopenmp -DOMP_EXPLICIT_SIMD=0 -fno-tree-vectorize,56.138640,51196bd3ed2b4ba4,passed
regular-simd_off-t8-static-r1-6000x6000.png,2026-09-18T17:13:23Z,6000x6000.png,6000,6000,Gaussian_3x3,1,8,static,,off,yes,unset,unset,hype2,12.2.0,-O3 -Wall -Wextra -std=c++17 -fopenmp -DOMP_EXPLICIT_SIMD=0 -fno-tree-vectorize,198.248686,87566478e34b4f70,passed
regular-simd_off-t8-static-r1-6000x6000.png,2026-09-18T17:13:23Z,6000x6000.png,6000,6000,Gaussian_5x5,1,8,static,,off,yes,unset,unset,hype2,12.2.0,-O3 -Wall -Wextra -std=c++17 -fopenmp -DOMP_EXPLICIT_SIMD=0 -fno-tree-vectorize,348.849728,4b23a258f94a27f0,passed
regular-simd_off-t8-static-r1-6000x6000.png,2026-09-18T17:13:24Z,6000x6000.png,6000,6000,Gaussian_7x7,1,8,static,,off,yes,unset,unset,hype2,12.2.0,-O3 -Wall -Wextra -std=c++17 -fopenmp -DOMP_EXPLICIT_SIMD=0 -fno-tree-vectorize,626.233405,3771268fea0417e2,passed
regular-simd_off-t8-static-r1-6000x6000.png,2026-09-18T17:13:25Z,6000x6000.png,6000,6000,Gaussian_9x9,1,8,static,,off,yes,unset,unset,hype2,12.2.0,-O3 -Wall -Wextra -std=c++17 -fopenmp -DOMP_EXPLICIT_SIMD=0 -fno-tree-vectorize,929.059256,3f6b7f707a108bd5,passed
regular-simd_off-t8-static-r1-6000x6000.png,2026-09-18T17:13:27Z,6000x6000.png,6000,6000,Gaussian_11x11,1,8,static,,off,yes,unset,unset,hype2,12.2.0,-O3 -Wall -Wextra -std=c++17 -fopenmp -DOMP_EXPLICIT_SIMD=0 -fno-tree-vectorize,1333.552791,c923a906c8989668,passed
regular-simd_omp-t8-static-r1-4000x3000.png,2026-09-18T17:13:27Z,4000x3000.png,4000,3000,Grayscale,1,8,static,,omp,yes,unset,unset,hype2,12.2.0,-O3 -Wall -Wextra -std=c++17 -fopenmp -DOMP_EXPLICIT_SIMD=1,7.723197,00925fa85224b60c,passed
regular-simd_omp-t8-static-r1-4000x3000.png,2026-09-18T17:13:27Z,4000x3000.png,4000,3000,Flip_Horizontal,1,8,static,,omp,no,unset,unset,hype2,12.2.0,-O3 -Wall -Wextra -std=c++17 -fopenmp -DOMP_EXPLICIT_SIMD=1,3.689414,45d5313341f5868e,passed
regular-simd_omp-t8-static-r1-4000x3000.png,2026-09-18T17:13:27Z,4000x3000.png,4000,3000,Adjust_Brightness,1,8,static,,omp,yes,unset,unset,hype2,12.2.0,-O3 -Wall -Wextra -std=c++17 -fopenmp -DOMP_EXPLICIT_SIMD=1,9.555457,e488c03148da4f5b,passed
regular-simd_omp-t8-static-r1-4000x3000.png,2026-09-18T17:13:27Z,4000x3000.png,4000,3000,Flip_Vertical,1,8,static,,omp,no,unset,unset,hype2,12.2.0,-O3 -Wall -Wextra -std=c++17 -fopenmp -DOMP_EXPLICIT_SIMD=1,1.660254,754d30e4e81eccfc,passed
regular-simd_omp-t8-static-r1-4000x3000.png,2026-09-18T17:13:28Z,4000x3000.png,4000,3000,Quantize,1,8,static,,omp,yes,unset,unset,hype2,12.2.0,-O3 -Wall -Wextra -std=c++17 -fopenmp -DOMP_EXPLICIT_SIMD=1,29.624757,f01ef010a3fd2f20,passed
regular-simd_omp-t8-static-r1-4000x3000.png,2026-09-18T17:13:28Z,4000x3000.png,4000,3000,Adjust_Contrast,1,8,static,,omp,yes,unset,unset,hype2,12.2.0,-O3 -Wall -Wextra -std=c++17 -fopenmp -DOMP_EXPLICIT_SIMD=1,13.746577,7cc9f4cee5c661bd,passed
regular-simd_omp-t8-static-r1-4000x3000.png,2026-09-18T17:13:28Z,4000x3000.png,4000,3000,Negative,1,8,static,,omp,yes,unset,unset,hype2,12.2.0,-O3 -Wall -Wextra -std=c++17 -fopenmp -DOMP_EXPLICIT_SIMD=1,5.284906,043d4193294f2dcc,passed
regular-simd_omp-t8-static-r1-4000x3000.png,2026-09-18T17:13:28Z,4000x3000.png,4000,3000,Equalize_Histogram,1,8,static,,omp,yes,unset,unset,hype2,12.2.0,-O3 -Wall -Wextra -std=c++17 -fopenmp -DOMP_EXPLICIT_SIMD=1,9.324792,243220feba4dd030,passed
regular-simd_omp-t8-static-r1-4000x3000.png,2026-09-18T17:13:28Z,4000x3000.png,4000,3000,Zoom_In,1,8,static,,omp,yes,unset,unset,hype2,12.2.0,-O3 -Wall -Wextra -std=c++17 -fopenmp -DOMP_EXPLICIT_SIMD=1,18.841867,71b80276839f9533,passed
regular-simd_omp-t8-static-r1-4000x3000.png,2026-09-18T17:13:28Z,4000x3000.png,4000,3000,Zoom_Out,1,8,static,,omp,no,unset,unset,hype2,12.2.0,-O3 -Wall -Wextra -std=c++17 -fopenmp -DOMP_EXPLICIT_SIMD=1,14.835455,a91f518a4f2dbd10,passed
regular-simd_omp-t8-static-r1-4000x3000.png,2026-09-18T17:13:28Z,4000x3000.png,4000,3000,Rotate_CW,1,8,static,,omp,no,unset,unset,hype2,12.2.0,-O3 -Wall -Wextra -std=c++17 -fopenmp -DOMP_EXPLICIT_SIMD=1,25.037622,e0f27e61a205ef0a,passed
regular-simd_omp-t8-static-r1-4000x3000.png,2026-09-18T17:13:28Z,4000x3000.png,4000,3000,Rotate_CCW,1,8,static,,omp,no,unset,unset,hype2,12.2.0,-O3 -Wall -Wextra -std=c++17 -fopenmp -DOMP_EXPLICIT_SIMD=1,24.840793,b4512f3b73b7723c,passed
regular-simd_omp-t8-static-r1-4000x3000.png,2026-09-18T17:13:28Z,4000x3000.png,4000,3000,Gaussian_3x3,1,8,static,,omp,yes,unset,unset,hype2,12.2.0,-O3 -Wall -Wextra -std=c++17 -fopenmp -DOMP_EXPLICIT_SIMD=1,65.181949,bc1a93797b2afda7,passed
regular-simd_omp-t8-static-r1-4000x3000.png,2026-09-18T17:13:29Z,4000x3000.png,4000,3000,Gaussian_5x5,1,8,static,,omp,yes,unset,unset,hype2,12.2.0,-O3 -Wall -Wextra -std=c++17 -fopenmp -DOMP_EXPLICIT_SIMD=1,117.428728,d67ccd9b6dbb62d8,passed
regular-simd_omp-t8-static-r1-4000x3000.png,2026-09-18T17:13:29Z,4000x3000.png,4000,3000,Gaussian_7x7,1,8,static,,omp,yes,unset,unset,hype2,12.2.0,-O3 -Wall -Wextra -std=c++17 -fopenmp -DOMP_EXPLICIT_SIMD=1,199.867512,98f465f1820de349,passed
regular-simd_omp-t8-static-r1-4000x3000.png,2026-09-18T17:13:29Z,4000x3000.png,4000,3000,Gaussian_9x9,1,8,static,,omp,yes,unset,unset,hype2,12.2.0,-O3 -Wall -Wextra -std=c++17 -fopenmp -DOMP_EXPLICIT_SIMD=1,312.896910,8f9bd96ceab3a369,passed
regular-simd_omp-t8-static-r1-4000x3000.png,2026-09-18T17:13:30Z,4000x3000.png,4000,3000,Gaussian_11x11,1,8,static,,omp,yes,unset,unset,hype2,12.2.0,-O3 -Wall -Wextra -std=c++17 -fopenmp -DOMP_EXPLICIT_SIMD=1,447.732283,1e8adb9534bf99dc,passed
regular-simd_omp-t8-static-r1-6000x6000.png,2026-09-18T17:13:31Z,6000x6000.png,6000,6000,Grayscale,1,8,static,,omp,yes,unset,unset,hype2,12.2.0,-O3 -Wall -Wextra -std=c++17 -fopenmp -DOMP_EXPLICIT_SIMD=1,21.153648,937793859b387046,passed
regular-simd_omp-t8-static-r1-6000x6000.png,2026-09-18T17:13:31Z,6000x6000.png,6000,6000,Flip_Horizontal,1,8,static,,omp,no,unset,unset,hype2,12.2.0,-O3 -Wall -Wextra -std=c++17 -fopenmp -DOMP_EXPLICIT_SIMD=1,9.380639,3dfbc0e2f0b456c2,passed
regular-simd_omp-t8-static-r1-6000x6000.png,2026-09-18T17:13:32Z,6000x6000.png,6000,6000,Adjust_Brightness,1,8,static,,omp,yes,unset,unset,hype2,12.2.0,-O3 -Wall -Wextra -std=c++17 -fopenmp -DOMP_EXPLICIT_SIMD=1,28.103764,5d4bea966648e7a7,passed
regular-simd_omp-t8-static-r1-6000x6000.png,2026-09-18T17:13:32Z,6000x6000.png,6000,6000,Flip_Vertical,1,8,static,,omp,no,unset,unset,hype2,12.2.0,-O3 -Wall -Wextra -std=c++17 -fopenmp -DOMP_EXPLICIT_SIMD=1,4.606072,bd012cf684012198,passed
regular-simd_omp-t8-static-r1-6000x6000.png,2026-09-18T17:13:32Z,6000x6000.png,6000,6000,Quantize,1,8,static,,omp,yes,unset,unset,hype2,12.2.0,-O3 -Wall -Wextra -std=c++17 -fopenmp -DOMP_EXPLICIT_SIMD=1,82.251375,b2e8843413e8e7a6,passed
regular-simd_omp-t8-static-r1-6000x6000.png,2026-09-18T17:13:32Z,6000x6000.png,6000,6000,Adjust_Contrast,1,8,static,,omp,yes,unset,unset,hype2,12.2.0,-O3 -Wall -Wextra -std=c++17 -fopenmp -DOMP_EXPLICIT_SIMD=1,40.850452,c036bcbf5e6d6190,passed
regular-simd_omp-t8-static-r1-6000x6000.png,2026-09-18T17:13:33Z,6000x6000.png,6000,6000,Negative,1,8,static,,omp,yes,unset,unset,hype2,12.2.0,-O3 -Wall -Wextra -std=c++17 -fopenmp -DOMP_EXPLICIT_SIMD=1,15.357335,0a497e94a83bbbc0,passed
regular-simd_omp-t8-static-r1-6000x6000.png,2026-09-18T17:13:33Z,6000x6000.png,6000,6000,Equalize_Histogram,1,8,static,,omp,yes,unset,unset,hype2,12.2.0,-O3 -Wall -Wextra -std=c++17 -fopenmp -DOMP_EXPLICIT_SIMD=1,28.324010,5251e13888abb30f,passed
regular-simd_omp-t8-static-r1-6000x6000.png,2026-09-18T17:13:34Z,6000x6000.png,6000,6000,Zoom_In,1,8,static,,omp,yes,unset,unset,hype2,12.2.0,-O3 -Wall -Wextra -std=c++17 -fopenmp -DOMP_EXPLICIT_SIMD=1,49.524044,4e063cbe88523a0e,passed
regular-simd_omp-t8-static-r1-6000x6000.png,2026-09-18T17:13:34Z,6000x6000.png,6000,6000,Zoom_Out,1,8,static,,omp,no,unset,unset,hype2,12.2.0,-O3 -Wall -Wextra -std=c++17 -fopenmp -DOMP_EXPLICIT_SIMD=1,43.406219,8eace74e8cd425e6,passed
regular-simd_omp-t8-static-r1-6000x6000.png,2026-09-18T17:13:34Z,6000x6000.png,6000,6000,Rotate_CW,1,8,static,,omp,no,unset,unset,hype2,12.2.0,-O3 -Wall -Wextra -std=c++17 -fopenmp -DOMP_EXPLICIT_SIMD=1,69.036271,dd5c83f3b3cee726,passed
regular-simd_omp-t8-static-r1-6000x6000.png,2026-09-18T17:13:34Z,6000x6000.png,6000,6000,Rotate_CCW,1,8,static,,omp,no,unset,unset,hype2,12.2.0,-O3 -Wall -Wextra -std=c++17 -fopenmp -DOMP_EXPLICIT_SIMD=1,63.997137,51196bd3ed2b4ba4,passed
regular-simd_omp-t8-static-r1-6000x6000.png,2026-09-18T17:13:35Z,6000x6000.png,6000,6000,Gaussian_3x3,1,8,static,,omp,yes,unset,unset,hype2,12.2.0,-O3 -Wall -Wextra -std=c++17 -fopenmp -DOMP_EXPLICIT_SIMD=1,194.327243,87566478e34b4f70,passed
regular-simd_omp-t8-static-r1-6000x6000.png,2026-09-18T17:13:35Z,6000x6000.png,6000,6000,Gaussian_5x5,1,8,static,,omp,yes,unset,unset,hype2,12.2.0,-O3 -Wall -Wextra -std=c++17 -fopenmp -DOMP_EXPLICIT_SIMD=1,349.578065,4b23a258f94a27f0,passed
regular-simd_omp-t8-static-r1-6000x6000.png,2026-09-18T17:13:36Z,6000x6000.png,6000,6000,Gaussian_7x7,1,8,static,,omp,yes,unset,unset,hype2,12.2.0,-O3 -Wall -Wextra -std=c++17 -fopenmp -DOMP_EXPLICIT_SIMD=1,597.762365,3771268fea0417e2,passed
regular-simd_omp-t8-static-r1-6000x6000.png,2026-09-18T17:13:37Z,6000x6000.png,6000,6000,Gaussian_9x9,1,8,static,,omp,yes,unset,unset,hype2,12.2.0,-O3 -Wall -Wextra -std=c++17 -fopenmp -DOMP_EXPLICIT_SIMD=1,926.072304,3f6b7f707a108bd5,passed
regular-simd_omp-t8-static-r1-6000x6000.png,2026-09-18T17:13:39Z,6000x6000.png,6000,6000,Gaussian_11x11,1,8,static,,omp,yes,unset,unset,hype2,12.2.0,-O3 -Wall -Wextra -std=c++17 -fopenmp -DOMP_EXPLICIT_SIMD=1,1327.902430,c923a906c8989668,passed
regular-simd_off-t8-dynamicx1-r1-4000x3000.png,2026-09-18T17:13:39Z,4000x3000.png,4000,3000,Grayscale,1,8,dynamic,1,off,yes,unset,unset,hype2,12.2.0,-O3 -Wall -Wextra -std=c++17 -fopenmp -DOMP_EXPLICIT_SIMD=0 -fno-tree-vectorize,7.441949,00925fa85224b60c,passed
regular-simd_off-t8-dynamicx1-r1-4000x3000.png,2026-09-18T17:13:39Z,4000x3000.png,4000,3000,Flip_Horizontal,1,8,dynamic,1,off,no,unset,unset,hype2,12.2.0,-O3 -Wall -Wextra -std=c++17 -fopenmp -DOMP_EXPLICIT_SIMD=0 -fno-tree-vectorize,2.999246,45d5313341f5868e,passed
regular-simd_off-t8-dynamicx1-r1-4000x3000.png,2026-09-18T17:13:39Z,4000x3000.png,4000,3000,Adjust_Brightness,1,8,dynamic,1,off,yes,unset,unset,hype2,12.2.0,-O3 -Wall -Wextra -std=c++17 -fopenmp -DOMP_EXPLICIT_SIMD=0 -fno-tree-vectorize,9.396997,e488c03148da4f5b,passed
regular-simd_off-t8-dynamicx1-r1-4000x3000.png,2026-09-18T17:13:39Z,4000x3000.png,4000,3000,Flip_Vertical,1,8,dynamic,1,off,no,unset,unset,hype2,12.2.0,-O3 -Wall -Wextra -std=c++17 -fopenmp -DOMP_EXPLICIT_SIMD=0 -fno-tree-vectorize,1.694096,754d30e4e81eccfc,passed
regular-simd_off-t8-dynamicx1-r1-4000x3000.png,2026-09-18T17:13:39Z,4000x3000.png,4000,3000,Quantize,1,8,dynamic,1,off,yes,unset,unset,hype2,12.2.0,-O3 -Wall -Wextra -std=c++17 -fopenmp -DOMP_EXPLICIT_SIMD=0 -fno-tree-vectorize,29.873752,f01ef010a3fd2f20,passed
regular-simd_off-t8-dynamicx1-r1-4000x3000.png,2026-09-18T17:13:39Z,4000x3000.png,4000,3000,Adjust_Contrast,1,8,dynamic,1,off,yes,unset,unset,hype2,12.2.0,-O3 -Wall -Wextra -std=c++17 -fopenmp -DOMP_EXPLICIT_SIMD=0 -fno-tree-vectorize,13.634823,7cc9f4cee5c661bd,passed
regular-simd_off-t8-dynamicx1-r1-4000x3000.png,2026-09-18T17:13:40Z,4000x3000.png,4000,3000,Negative,1,8,dynamic,1,off,yes,unset,unset,hype2,12.2.0,-O3 -Wall -Wextra -std=c++17 -fopenmp -DOMP_EXPLICIT_SIMD=0 -fno-tree-vectorize,5.396681,043d4193294f2dcc,passed
regular-simd_off-t8-dynamicx1-r1-4000x3000.png,2026-09-18T17:13:40Z,4000x3000.png,4000,3000,Equalize_Histogram,1,8,dynamic,1,off,yes,unset,unset,hype2,12.2.0,-O3 -Wall -Wextra -std=c++17 -fopenmp -DOMP_EXPLICIT_SIMD=0 -fno-tree-vectorize,10.363894,243220feba4dd030,passed
regular-simd_off-t8-dynamicx1-r1-4000x3000.png,2026-09-18T17:13:40Z,4000x3000.png,4000,3000,Zoom_In,1,8,dynamic,1,off,yes,unset,unset,hype2,12.2.0,-O3 -Wall -Wextra -std=c++17 -fopenmp -DOMP_EXPLICIT_SIMD=0 -fno-tree-vectorize,33.106365,71b80276839f9533,passed
regular-simd_off-t8-dynamicx1-r1-4000x3000.png,2026-09-18T17:13:40Z,4000x3000.png,4000,3000,Zoom_Out,1,8,dynamic,1,off,no,unset,unset,hype2,12.2.0,-O3 -Wall -Wextra -std=c++17 -fopenmp -DOMP_EXPLICIT_SIMD=0 -fno-tree-vectorize,16.084252,a91f518a4f2dbd10,passed
regular-simd_off-t8-dynamicx1-r1-4000x3000.png,2026-09-18T17:13:40Z,4000x3000.png,4000,3000,Rotate_CW,1,8,dynamic,1,off,no,unset,unset,hype2,12.2.0,-O3 -Wall -Wextra -std=c++17 -fopenmp -DOMP_EXPLICIT_SIMD=0 -fno-tree-vectorize,39.318889,e0f27e61a205ef0a,passed
regular-simd_off-t8-dynamicx1-r1-4000x3000.png,2026-09-18T17:13:40Z,4000x3000.png,4000,3000,Rotate_CCW,1,8,dynamic,1,off,no,unset,unset,hype2,12.2.0,-O3 -Wall -Wextra -std=c++17 -fopenmp -DOMP_EXPLICIT_SIMD=0 -fno-tree-vectorize,40.104714,b4512f3b73b7723c,passed
regular-simd_off-t8-dynamicx1-r1-4000x3000.png,2026-09-18T17:13:40Z,4000x3000.png,4000,3000,Gaussian_3x3,1,8,dynamic,1,off,yes,unset,unset,hype2,12.2.0,-O3 -Wall -Wextra -std=c++17 -fopenmp -DOMP_EXPLICIT_SIMD=0 -fno-tree-vectorize,69.424435,bc1a93797b2afda7,passed
regular-simd_off-t8-dynamicx1-r1-4000x3000.png,2026-09-18T17:13:40Z,4000x3000.png,4000,3000,Gaussian_5x5,1,8,dynamic,1,off,yes,unset,unset,hype2,12.2.0,-O3 -Wall -Wextra -std=c++17 -fopenmp -DOMP_EXPLICIT_SIMD=0 -fno-tree-vectorize,119.500049,d67ccd9b6dbb62d8,passed
regular-simd_off-t8-dynamicx1-r1-4000x3000.png,2026-09-18T17:13:41Z,4000x3000.png,4000,3000,Gaussian_7x7,1,8,dynamic,1,off,yes,unset,unset,hype2,12.2.0,-O3 -Wall -Wextra -std=c++17 -fopenmp -DOMP_EXPLICIT_SIMD=0 -fno-tree-vectorize,200.025492,98f465f1820de349,passed
regular-simd_off-t8-dynamicx1-r1-4000x3000.png,2026-09-18T17:13:41Z,4000x3000.png,4000,3000,Gaussian_9x9,1,8,dynamic,1,off,yes,unset,unset,hype2,12.2.0,-O3 -Wall -Wextra -std=c++17 -fopenmp -DOMP_EXPLICIT_SIMD=0 -fno-tree-vectorize,310.148659,8f9bd96ceab3a369,passed
regular-simd_off-t8-dynamicx1-r1-4000x3000.png,2026-09-18T17:13:42Z,4000x3000.png,4000,3000,Gaussian_11x11,1,8,dynamic,1,off,yes,unset,unset,hype2,12.2.0,-O3 -Wall -Wextra -std=c++17 -fopenmp -DOMP_EXPLICIT_SIMD=0 -fno-tree-vectorize,444.748754,1e8adb9534bf99dc,passed
regular-simd_off-t8-dynamicx1-r1-6000x6000.png,2026-09-18T17:13:43Z,6000x6000.png,6000,6000,Grayscale,1,8,dynamic,1,off,yes,unset,unset,hype2,12.2.0,-O3 -Wall -Wextra -std=c++17 -fopenmp -DOMP_EXPLICIT_SIMD=0 -fno-tree-vectorize,21.053160,937793859b387046,passed
regular-simd_off-t8-dynamicx1-r1-6000x6000.png,2026-09-18T17:13:43Z,6000x6000.png,6000,6000,Flip_Horizontal,1,8,dynamic,1,off,no,unset,unset,hype2,12.2.0,-O3 -Wall -Wextra -std=c++17 -fopenmp -DOMP_EXPLICIT_SIMD=0 -fno-tree-vectorize,7.202649,3dfbc0e2f0b456c2,passed
regular-simd_off-t8-dynamicx1-r1-6000x6000.png,2026-09-18T17:13:44Z,6000x6000.png,6000,6000,Adjust_Brightness,1,8,dynamic,1,off,yes,unset,unset,hype2,12.2.0,-O3 -Wall -Wextra -std=c++17 -fopenmp -DOMP_EXPLICIT_SIMD=0 -fno-tree-vectorize,27.316837,5d4bea966648e7a7,passed
regular-simd_off-t8-dynamicx1-r1-6000x6000.png,2026-09-18T17:13:44Z,6000x6000.png,6000,6000,Flip_Vertical,1,8,dynamic,1,off,no,unset,unset,hype2,12.2.0,-O3 -Wall -Wextra -std=c++17 -fopenmp -DOMP_EXPLICIT_SIMD=0 -fno-tree-vectorize,4.335035,bd012cf684012198,passed
regular-simd_off-t8-dynamicx1-r1-6000x6000.png,2026-09-18T17:13:44Z,6000x6000.png,6000,6000,Quantize,1,8,dynamic,1,off,yes,unset,unset,hype2,12.2.0,-O3 -Wall -Wextra -std=c++17 -fopenmp -DOMP_EXPLICIT_SIMD=0 -fno-tree-vectorize,83.514492,b2e8843413e8e7a6,passed
regular-simd_off-t8-dynamicx1-r1-6000x6000.png,2026-09-18T17:13:44Z,6000x6000.png,6000,6000,Adjust_Contrast,1,8,dynamic,1,off,yes,unset,unset,hype2,12.2.0,-O3 -Wall -Wextra -std=c++17 -fopenmp -DOMP_EXPLICIT_SIMD=0 -fno-tree-vectorize,40.259765,c036bcbf5e6d6190,passed
regular-simd_off-t8-dynamicx1-r1-6000x6000.png,2026-09-18T17:13:45Z,6000x6000.png,6000,6000,Negative,1,8,dynamic,1,off,yes,unset,unset,hype2,12.2.0,-O3 -Wall -Wextra -std=c++17 -fopenmp -DOMP_EXPLICIT_SIMD=0 -fno-tree-vectorize,16.006835,0a497e94a83bbbc0,passed
regular-simd_off-t8-dynamicx1-r1-6000x6000.png,2026-09-18T17:13:45Z,6000x6000.png,6000,6000,Equalize_Histogram,1,8,dynamic,1,off,yes,unset,unset,hype2,12.2.0,-O3 -Wall -Wextra -std=c++17 -fopenmp -DOMP_EXPLICIT_SIMD=0 -fno-tree-vectorize,28.639117,5251e13888abb30f,passed
regular-simd_off-t8-dynamicx1-r1-6000x6000.png,2026-09-18T17:13:45Z,6000x6000.png,6000,6000,Zoom_In,1,8,dynamic,1,off,yes,unset,unset,hype2,12.2.0,-O3 -Wall -Wextra -std=c++17 -fopenmp -DOMP_EXPLICIT_SIMD=0 -fno-tree-vectorize,97.084020,4e063cbe88523a0e,passed
regular-simd_off-t8-dynamicx1-r1-6000x6000.png,2026-09-18T17:13:46Z,6000x6000.png,6000,6000,Zoom_Out,1,8,dynamic,1,off,no,unset,unset,hype2,12.2.0,-O3 -Wall -Wextra -std=c++17 -fopenmp -DOMP_EXPLICIT_SIMD=0 -fno-tree-vectorize,45.420087,8eace74e8cd425e6,passed
regular-simd_off-t8-dynamicx1-r1-6000x6000.png,2026-09-18T17:13:46Z,6000x6000.png,6000,6000,Rotate_CW,1,8,dynamic,1,off,no,unset,unset,hype2,12.2.0,-O3 -Wall -Wextra -std=c++17 -fopenmp -DOMP_EXPLICIT_SIMD=0 -fno-tree-vectorize,96.516782,dd5c83f3b3cee726,passed
regular-simd_off-t8-dynamicx1-r1-6000x6000.png,2026-09-18T17:13:46Z,6000x6000.png,6000,6000,Rotate_CCW,1,8,dynamic,1,off,no,unset,unset,hype2,12.2.0,-O3 -Wall -Wextra -std=c++17 -fopenmp -DOMP_EXPLICIT_SIMD=0 -fno-tree-vectorize,104.772966,51196bd3ed2b4ba4,passed
regular-simd_off-t8-dynamicx1-r1-6000x6000.png,2026-09-18T17:13:47Z,6000x6000.png,6000,6000,Gaussian_3x3,1,8,dynamic,1,off,yes,unset,unset,hype2,12.2.0,-O3 -Wall -Wextra -std=c++17 -fopenmp -DOMP_EXPLICIT_SIMD=0 -fno-tree-vectorize,206.044869,87566478e34b4f70,passed
regular-simd_off-t8-dynamicx1-r1-6000x6000.png,2026-09-18T17:13:47Z,6000x6000.png,6000,6000,Gaussian_5x5,1,8,dynamic,1,off,yes,unset,unset,hype2,12.2.0,-O3 -Wall -Wextra -std=c++17 -fopenmp -DOMP_EXPLICIT_SIMD=0 -fno-tree-vectorize,351.588127,4b23a258f94a27f0,passed
regular-simd_off-t8-dynamicx1-r1-6000x6000.png,2026-09-18T17:13:48Z,6000x6000.png,6000,6000,Gaussian_7x7,1,8,dynamic,1,off,yes,unset,unset,hype2,12.2.0,-O3 -Wall -Wextra -std=c++17 -fopenmp -DOMP_EXPLICIT_SIMD=0 -fno-tree-vectorize,598.568253,3771268fea0417e2,passed
regular-simd_off-t8-dynamicx1-r1-6000x6000.png,2026-09-18T17:13:49Z,6000x6000.png,6000,6000,Gaussian_9x9,1,8,dynamic,1,off,yes,unset,unset,hype2,12.2.0,-O3 -Wall -Wextra -std=c++17 -fopenmp -DOMP_EXPLICIT_SIMD=0 -fno-tree-vectorize,926.272382,3f6b7f707a108bd5,passed
regular-simd_off-t8-dynamicx1-r1-6000x6000.png,2026-09-18T17:13:51Z,6000x6000.png,6000,6000,Gaussian_11x11,1,8,dynamic,1,off,yes,unset,unset,hype2,12.2.0,-O3 -Wall -Wextra -std=c++17 -fopenmp -DOMP_EXPLICIT_SIMD=0 -fno-tree-vectorize,1331.141968,c923a906c8989668,passed
regular-simd_omp-t8-dynamicx1-r1-4000x3000.png,2026-09-18T17:13:51Z,4000x3000.png,4000,3000,Grayscale,1,8,dynamic,1,omp,yes,unset,unset,hype2,12.2.0,-O3 -Wall -Wextra -std=c++17 -fopenmp -DOMP_EXPLICIT_SIMD=1,7.730964,00925fa85224b60c,passed
regular-simd_omp-t8-dynamicx1-r1-4000x3000.png,2026-09-18T17:13:51Z,4000x3000.png,4000,3000,Flip_Horizontal,1,8,dynamic,1,omp,no,unset,unset,hype2,12.2.0,-O3 -Wall -Wextra -std=c++17 -fopenmp -DOMP_EXPLICIT_SIMD=1,2.917321,45d5313341f5868e,passed
regular-simd_omp-t8-dynamicx1-r1-4000x3000.png,2026-09-18T17:13:51Z,4000x3000.png,4000,3000,Adjust_Brightness,1,8,dynamic,1,omp,yes,unset,unset,hype2,12.2.0,-O3 -Wall -Wextra -std=c++17 -fopenmp -DOMP_EXPLICIT_SIMD=1,9.521321,e488c03148da4f5b,passed
regular-simd_omp-t8-dynamicx1-r1-4000x3000.png,2026-09-18T17:13:51Z,4000x3000.png,4000,3000,Flip_Vertical,1,8,dynamic,1,omp,no,unset,unset,hype2,12.2.0,-O3 -Wall -Wextra -std=c++17 -fopenmp -DOMP_EXPLICIT_SIMD=1,1.698297,754d30e4e81eccfc,passed
regular-simd_omp-t8-dynamicx1-r1-4000x3000.png,2026-09-18T17:13:51Z,4000x3000.png,4000,3000,Quantize,1,8,dynamic,1,omp,yes,unset,unset,hype2,12.2.0,-O3 -Wall -Wextra -std=c++17 -fopenmp -DOMP_EXPLICIT_SIMD=1,30.007122,f01ef010a3fd2f20,passed
regular-simd_omp-t8-dynamicx1-r1-4000x3000.png,2026-09-18T17:13:51Z,4000x3000.png,4000,3000,Adjust_Contrast,1,8,dynamic,1,omp,yes,unset,unset,hype2,12.2.0,-O3 -Wall -Wextra -std=c++17 -fopenmp -DOMP_EXPLICIT_SIMD=1,13.578853,7cc9f4cee5c661bd,passed
regular-simd_omp-t8-dynamicx1-r1-4000x3000.png,2026-09-18T17:13:52Z,4000x3000.png,4000,3000,Negative,1,8,dynamic,1,omp,yes,unset,unset,hype2,12.2.0,-O3 -Wall -Wextra -std=c++17 -fopenmp -DOMP_EXPLICIT_SIMD=1,5.561332,043d4193294f2dcc,passed
regular-simd_omp-t8-dynamicx1-r1-4000x3000.png,2026-09-18T17:13:52Z,4000x3000.png,4000,3000,Equalize_Histogram,1,8,dynamic,1,omp,yes,unset,unset,hype2,12.2.0,-O3 -Wall -Wextra -std=c++17 -fopenmp -DOMP_EXPLICIT_SIMD=1,10.337266,243220feba4dd030,passed
regular-simd_omp-t8-dynamicx1-r1-4000x3000.png,2026-09-18T17:13:52Z,4000x3000.png,4000,3000,Zoom_In,1,8,dynamic,1,omp,yes,unset,unset,hype2,12.2.0,-O3 -Wall -Wextra -std=c++17 -fopenmp -DOMP_EXPLICIT_SIMD=1,33.233725,71b80276839f9533,passed
regular-simd_omp-t8-dynamicx1-r1-4000x3000.png,2026-09-18T17:13:52Z,4000x3000.png,4000,3000,Zoom_Out,1,8,dynamic,1,omp,no,unset,unset,hype2,12.2.0,-O3 -Wall -Wextra -std=c++17 -fopenmp -DOMP_EXPLICIT_SIMD=1,15.954929,a91f518a4f2dbd10,passed
regular-simd_omp-t8-dynamicx1-r1-4000x3000.png,2026-09-18T17:13:52Z,4000x3000.png,4000,3000,Rotate_CW,1,8,dynamic,1,omp,no,unset,unset,hype2,12.2.0,-O3 -Wall -Wextra -std=c++17 -fopenmp -DOMP_EXPLICIT_SIMD=1,40.346223,e0f27e61a205ef0a,passed
regular-simd_omp-t8-dynamicx1-r1-4000x3000.png,2026-09-18T17:13:52Z,4000x3000.png,4000,3000,Rotate_CCW,1,8,dynamic,1,omp,no,unset,unset,hype2,12.2.0,-O3 -Wall -Wextra -std=c++17 -fopenmp -DOMP_EXPLICIT_SIMD=1,39.592472,b4512f3b73b7723c,passed
regular-simd_omp-t8-dynamicx1-r1-4000x3000.png,2026-09-18T17:13:52Z,4000x3000.png,4000,3000,Gaussian_3x3,1,8,dynamic,1,omp,yes,unset,unset,hype2,12.2.0,-O3 -Wall -Wextra -std=c++17 -fopenmp -DOMP_EXPLICIT_SIMD=1,67.744064,bc1a93797b2afda7,passed
regular-simd_omp-t8-dynamicx1-r1-4000x3000.png,2026-09-18T17:13:52Z,4000x3000.png,4000,3000,Gaussian_5x5,1,8,dynamic,1,omp,yes,unset,unset,hype2,12.2.0,-O3 -Wall -Wextra -std=c++17 -fopenmp -DOMP_EXPLICIT_SIMD=1,119.222688,d67ccd9b6dbb62d8,passed
regular-simd_omp-t8-dynamicx1-r1-4000x3000.png,2026-09-18T17:13:53Z,4000x3000.png,4000,3000,Gaussian_7x7,1,8,dynamic,1,omp,yes,unset,unset,hype2,12.2.0,-O3 -Wall -Wextra -std=c++17 -fopenmp -DOMP_EXPLICIT_SIMD=1,200.706325,98f465f1820de349,passed
regular-simd_omp-t8-dynamicx1-r1-4000x3000.png,2026-09-18T17:13:53Z,4000x3000.png,4000,3000,Gaussian_9x9,1,8,dynamic,1,omp,yes,unset,unset,hype2,12.2.0,-O3 -Wall -Wextra -std=c++17 -fopenmp -DOMP_EXPLICIT_SIMD=1,309.385925,8f9bd96ceab3a369,passed
regular-simd_omp-t8-dynamicx1-r1-4000x3000.png,2026-09-18T17:13:54Z,4000x3000.png,4000,3000,Gaussian_11x11,1,8,dynamic,1,omp,yes,unset,unset,hype2,12.2.0,-O3 -Wall -Wextra -std=c++17 -fopenmp -DOMP_EXPLICIT_SIMD=1,442.817054,1e8adb9534bf99dc,passed
regular-simd_omp-t8-dynamicx1-r1-6000x6000.png,2026-09-18T17:13:55Z,6000x6000.png,6000,6000,Grayscale,1,8,dynamic,1,omp,yes,unset,unset,hype2,12.2.0,-O3 -Wall -Wextra -std=c++17 -fopenmp -DOMP_EXPLICIT_SIMD=1,21.931712,937793859b387046,passed
regular-simd_omp-t8-dynamicx1-r1-6000x6000.png,2026-09-18T17:13:55Z,6000x6000.png,6000,6000,Flip_Horizontal,1,8,dynamic,1,omp,no,unset,unset,hype2,12.2.0,-O3 -Wall -Wextra -std=c++17 -fopenmp -DOMP_EXPLICIT_SIMD=1,8.113827,3dfbc0e2f0b456c2,passed
regular-simd_omp-t8-dynamicx1-r1-6000x6000.png,2026-09-18T17:13:56Z,6000x6000.png,6000,6000,Adjust_Brightness,1,8,dynamic,1,omp,yes,unset,unset,hype2,12.2.0,-O3 -Wall -Wextra -std=c++17 -fopenmp -DOMP_EXPLICIT_SIMD=1,27.919358,5d4bea966648e7a7,passed
regular-simd_omp-t8-dynamicx1-r1-6000x6000.png,2026-09-18T17:13:56Z,6000x6000.png,6000,6000,Flip_Vertical,1,8,dynamic,1,omp,no,unset,unset,hype2,12.2.0,-O3 -Wall -Wextra -std=c++17 -fopenmp -DOMP_EXPLICIT_SIMD=1,4.285567,bd012cf684012198,passed
regular-simd_omp-t8-dynamicx1-r1-6000x6000.png,2026-09-18T17:13:56Z,6000x6000.png,6000,6000,Quantize,1,8,dynamic,1,omp,yes,unset,unset,hype2,12.2.0,-O3 -Wall -Wextra -std=c++17 -fopenmp -DOMP_EXPLICIT_SIMD=1,81.058132,b2e8843413e8e7a6,passed
regular-simd_omp-t8-dynamicx1-r1-6000x6000.png,2026-09-18T17:13:56Z,6000x6000.png,6000,6000,Adjust_Contrast,1,8,dynamic,1,omp,yes,unset,unset,hype2,12.2.0,-O3 -Wall -Wextra -std=c++17 -fopenmp -DOMP_EXPLICIT_SIMD=1,40.457130,c036bcbf5e6d6190,passed
regular-simd_omp-t8-dynamicx1-r1-6000x6000.png,2026-09-18T17:13:57Z,6000x6000.png,6000,6000,Negative,1,8,dynamic,1,omp,yes,unset,unset,hype2,12.2.0,-O3 -Wall -Wextra -std=c++17 -fopenmp -DOMP_EXPLICIT_SIMD=1,15.405521,0a497e94a83bbbc0,passed
regular-simd_omp-t8-dynamicx1-r1-6000x6000.png,2026-09-18T17:13:57Z,6000x6000.png,6000,6000,Equalize_Histogram,1,8,dynamic,1,omp,yes,unset,unset,hype2,12.2.0,-O3 -Wall -Wextra -std=c++17 -fopenmp -DOMP_EXPLICIT_SIMD=1,28.368471,5251e13888abb30f,passed
regular-simd_omp-t8-dynamicx1-r1-6000x6000.png,2026-09-18T17:13:57Z,6000x6000.png,6000,6000,Zoom_In,1,8,dynamic,1,omp,yes,unset,unset,hype2,12.2.0,-O3 -Wall -Wextra -std=c++17 -fopenmp -DOMP_EXPLICIT_SIMD=1,95.634124,4e063cbe88523a0e,passed
regular-simd_omp-t8-dynamicx1-r1-6000x6000.png,2026-09-18T17:13:58Z,6000x6000.png,6000,6000,Zoom_Out,1,8,dynamic,1,omp,no,unset,unset,hype2,12.2.0,-O3 -Wall -Wextra -std=c++17 -fopenmp -DOMP_EXPLICIT_SIMD=1,45.950237,8eace74e8cd425e6,passed
regular-simd_omp-t8-dynamicx1-r1-6000x6000.png,2026-09-18T17:13:58Z,6000x6000.png,6000,6000,Rotate_CW,1,8,dynamic,1,omp,no,unset,unset,hype2,12.2.0,-O3 -Wall -Wextra -std=c++17 -fopenmp -DOMP_EXPLICIT_SIMD=1,112.005976,dd5c83f3b3cee726,passed
regular-simd_omp-t8-dynamicx1-r1-6000x6000.png,2026-09-18T17:13:58Z,6000x6000.png,6000,6000,Rotate_CCW,1,8,dynamic,1,omp,no,unset,unset,hype2,12.2.0,-O3 -Wall -Wextra -std=c++17 -fopenmp -DOMP_EXPLICIT_SIMD=1,113.546515,51196bd3ed2b4ba4,passed
regular-simd_omp-t8-dynamicx1-r1-6000x6000.png,2026-09-18T17:13:59Z,6000x6000.png,6000,6000,Gaussian_3x3,1,8,dynamic,1,omp,yes,unset,unset,hype2,12.2.0,-O3 -Wall -Wextra -std=c++17 -fopenmp -DOMP_EXPLICIT_SIMD=1,202.635575,87566478e34b4f70,passed
regular-simd_omp-t8-dynamicx1-r1-6000x6000.png,2026-09-18T17:13:59Z,6000x6000.png,6000,6000,Gaussian_5x5,1,8,dynamic,1,omp,yes,unset,unset,hype2,12.2.0,-O3 -Wall -Wextra -std=c++17 -fopenmp -DOMP_EXPLICIT_SIMD=1,357.236793,4b23a258f94a27f0,passed
regular-simd_omp-t8-dynamicx1-r1-6000x6000.png,2026-09-18T17:14:00Z,6000x6000.png,6000,6000,Gaussian_7x7,1,8,dynamic,1,omp,yes,unset,unset,hype2,12.2.0,-O3 -Wall -Wextra -std=c++17 -fopenmp -DOMP_EXPLICIT_SIMD=1,602.089265,3771268fea0417e2,passed
regular-simd_omp-t8-dynamicx1-r1-6000x6000.png,2026-09-18T17:14:01Z,6000x6000.png,6000,6000,Gaussian_9x9,1,8,dynamic,1,omp,yes,unset,unset,hype2,12.2.0,-O3 -Wall -Wextra -std=c++17 -fopenmp -DOMP_EXPLICIT_SIMD=1,929.169855,3f6b7f707a108bd5,passed
regular-simd_omp-t8-dynamicx1-r1-6000x6000.png,2026-09-18T17:14:03Z,6000x6000.png,6000,6000,Gaussian_11x11,1,8,dynamic,1,omp,yes,unset,unset,hype2,12.2.0,-O3 -Wall -Wextra -std=c++17 -fopenmp -DOMP_EXPLICIT_SIMD=1,1329.531464,c923a906c8989668,passed
regular-simd_off-t8-dynamicx16-r1-4000x3000.png,2026-09-18T17:14:03Z,4000x3000.png,4000,3000,Grayscale,1,8,dynamic,16,off,yes,unset,unset,hype2,12.2.0,-O3 -Wall -Wextra -std=c++17 -fopenmp -DOMP_EXPLICIT_SIMD=0 -fno-tree-vectorize,7.457436,00925fa85224b60c,passed
regular-simd_off-t8-dynamicx16-r1-4000x3000.png,2026-09-18T17:14:03Z,4000x3000.png,4000,3000,Flip_Horizontal,1,8,dynamic,16,off,no,unset,unset,hype2,12.2.0,-O3 -Wall -Wextra -std=c++17 -fopenmp -DOMP_EXPLICIT_SIMD=0 -fno-tree-vectorize,3.324717,45d5313341f5868e,passed
regular-simd_off-t8-dynamicx16-r1-4000x3000.png,2026-09-18T17:14:03Z,4000x3000.png,4000,3000,Adjust_Brightness,1,8,dynamic,16,off,yes,unset,unset,hype2,12.2.0,-O3 -Wall -Wextra -std=c++17 -fopenmp -DOMP_EXPLICIT_SIMD=0 -fno-tree-vectorize,9.258517,e488c03148da4f5b,passed
regular-simd_off-t8-dynamicx16-r1-4000x3000.png,2026-09-18T17:14:03Z,4000x3000.png,4000,3000,Flip_Vertical,1,8,dynamic,16,off,no,unset,unset,hype2,12.2.0,-O3 -Wall -Wextra -std=c++17 -fopenmp -DOMP_EXPLICIT_SIMD=0 -fno-tree-vectorize,1.574572,754d30e4e81eccfc,passed
regular-simd_off-t8-dynamicx16-r1-4000x3000.png,2026-09-18T17:14:03Z,4000x3000.png,4000,3000,Quantize,1,8,dynamic,16,off,yes,unset,unset,hype2,12.2.0,-O3 -Wall -Wextra -std=c++17 -fopenmp -DOMP_EXPLICIT_SIMD=0 -fno-tree-vectorize,30.437792,f01ef010a3fd2f20,passed
regular-simd_off-t8-dynamicx16-r1-4000x3000.png,2026-09-18T17:14:04Z,4000x3000.png,4000,3000,Adjust_Contrast,1,8,dynamic,16,off,yes,unset,unset,hype2,12.2.0,-O3 -Wall -Wextra -std=c++17 -fopenmp -DOMP_EXPLICIT_SIMD=0 -fno-tree-vectorize,13.672835,7cc9f4cee5c661bd,passed
regular-simd_off-t8-dynamicx16-r1-4000x3000.png,2026-09-18T17:14:04Z,4000x3000.png,4000,3000,Negative,1,8,dynamic,16,off,yes,unset,unset,hype2,12.2.0,-O3 -Wall -Wextra -std=c++17 -fopenmp -DOMP_EXPLICIT_SIMD=0 -fno-tree-vectorize,5.335804,043d4193294f2dcc,passed
regular-simd_off-t8-dynamicx16-r1-4000x3000.png,2026-09-18T17:14:04Z,4000x3000.png,4000,3000,Equalize_Histogram,1,8,dynamic,16,off,yes,unset,unset,hype2,12.2.0,-O3 -Wall -Wextra -std=c++17 -fopenmp -DOMP_EXPLICIT_SIMD=0 -fno-tree-vectorize,10.253812,243220feba4dd030,passed
regular-simd_off-t8-dynamicx16-r1-4000x3000.png,2026-09-18T17:14:04Z,4000x3000.png,4000,3000,Zoom_In,1,8,dynamic,16,off,yes,unset,unset,hype2,12.2.0,-O3 -Wall -Wextra -std=c++17 -fopenmp -DOMP_EXPLICIT_SIMD=0 -fno-tree-vectorize,24.796697,71b80276839f9533,passed
regular-simd_off-t8-dynamicx16-r1-4000x3000.png,2026-09-18T17:14:04Z,4000x3000.png,4000,3000,Zoom_Out,1,8,dynamic,16,off,no,unset,unset,hype2,12.2.0,-O3 -Wall -Wextra -std=c++17 -fopenmp -DOMP_EXPLICIT_SIMD=0 -fno-tree-vectorize,15.467261,a91f518a4f2dbd10,passed
regular-simd_off-t8-dynamicx16-r1-4000x3000.png,2026-09-18T17:14:04Z,4000x3000.png,4000,3000,Rotate_CW,1,8,dynamic,16,off,no,unset,unset,hype2,12.2.0,-O3 -Wall -Wextra -std=c++17 -fopenmp -DOMP_EXPLICIT_SIMD=0 -fno-tree-vectorize,26.492493,e0f27e61a205ef0a,passed
regular-simd_off-t8-dynamicx16-r1-4000x3000.png,2026-09-18T17:14:04Z,4000x3000.png,4000,3000,Rotate_CCW,1,8,dynamic,16,off,no,unset,unset,hype2,12.2.0,-O3 -Wall -Wextra -std=c++17 -fopenmp -DOMP_EXPLICIT_SIMD=0 -fno-tree-vectorize,24.943443,b4512f3b73b7723c,passed
regular-simd_off-t8-dynamicx16-r1-4000x3000.png,2026-09-18T17:14:04Z,4000x3000.png,4000,3000,Gaussian_3x3,1,8,dynamic,16,off,yes,unset,unset,hype2,12.2.0,-O3 -Wall -Wextra -std=c++17 -fopenmp -DOMP_EXPLICIT_SIMD=0 -fno-tree-vectorize,67.258906,bc1a93797b2afda7,passed
regular-simd_off-t8-dynamicx16-r1-4000x3000.png,2026-09-18T17:14:04Z,4000x3000.png,4000,3000,Gaussian_5x5,1,8,dynamic,16,off,yes,unset,unset,hype2,12.2.0,-O3 -Wall -Wextra -std=c++17 -fopenmp -DOMP_EXPLICIT_SIMD=0 -fno-tree-vectorize,118.405259,d67ccd9b6dbb62d8,passed
regular-simd_off-t8-dynamicx16-r1-4000x3000.png,2026-09-18T17:14:05Z,4000x3000.png,4000,3000,Gaussian_7x7,1,8,dynamic,16,off,yes,unset,unset,hype2,12.2.0,-O3 -Wall -Wextra -std=c++17 -fopenmp -DOMP_EXPLICIT_SIMD=0 -fno-tree-vectorize,204.303895,98f465f1820de349,passed
regular-simd_off-t8-dynamicx16-r1-4000x3000.png,2026-09-18T17:14:05Z,4000x3000.png,4000,3000,Gaussian_9x9,1,8,dynamic,16,off,yes,unset,unset,hype2,12.2.0,-O3 -Wall -Wextra -std=c++17 -fopenmp -DOMP_EXPLICIT_SIMD=0 -fno-tree-vectorize,314.771515,8f9bd96ceab3a369,passed
regular-simd_off-t8-dynamicx16-r1-4000x3000.png,2026-09-18T17:14:06Z,4000x3000.png,4000,3000,Gaussian_11x11,1,8,dynamic,16,off,yes,unset,unset,hype2,12.2.0,-O3 -Wall -Wextra -std=c++17 -fopenmp -DOMP_EXPLICIT_SIMD=0 -fno-tree-vectorize,452.278551,1e8adb9534bf99dc,passed
regular-simd_off-t8-dynamicx16-r1-6000x6000.png,2026-09-18T17:14:07Z,6000x6000.png,6000,6000,Grayscale,1,8,dynamic,16,off,yes,unset,unset,hype2,12.2.0,-O3 -Wall -Wextra -std=c++17 -fopenmp -DOMP_EXPLICIT_SIMD=0 -fno-tree-vectorize,21.094318,937793859b387046,passed
regular-simd_off-t8-dynamicx16-r1-6000x6000.png,2026-09-18T17:14:07Z,6000x6000.png,6000,6000,Flip_Horizontal,1,8,dynamic,16,off,no,unset,unset,hype2,12.2.0,-O3 -Wall -Wextra -std=c++17 -fopenmp -DOMP_EXPLICIT_SIMD=0 -fno-tree-vectorize,8.729490,3dfbc0e2f0b456c2,passed
regular-simd_off-t8-dynamicx16-r1-6000x6000.png,2026-09-18T17:14:08Z,6000x6000.png,6000,6000,Adjust_Brightness,1,8,dynamic,16,off,yes,unset,unset,hype2,12.2.0,-O3 -Wall -Wextra -std=c++17 -fopenmp -DOMP_EXPLICIT_SIMD=0 -fno-tree-vectorize,27.141622,5d4bea966648e7a7,passed
regular-simd_off-t8-dynamicx16-r1-6000x6000.png,2026-09-18T17:14:08Z,6000x6000.png,6000,6000,Flip_Vertical,1,8,dynamic,16,off,no,unset,unset,hype2,12.2.0,-O3 -Wall -Wextra -std=c++17 -fopenmp -DOMP_EXPLICIT_SIMD=0 -fno-tree-vectorize,4.230821,bd012cf684012198,passed
regular-simd_off-t8-dynamicx16-r1-6000x6000.png,2026-09-18T17:14:08Z,6000x6000.png,6000,6000,Quantize,1,8,dynamic,16,off,yes,unset,unset,hype2,12.2.0,-O3 -Wall -Wextra -std=c++17 -fopenmp -DOMP_EXPLICIT_SIMD=0 -fno-tree-vectorize,79.330693,b2e8843413e8e7a6,passed
regular-simd_off-t8-dynamicx16-r1-6000x6000.png,2026-09-18T17:14:08Z,6000x6000.png,6000,6000,Adjust_Contrast,1,8,dynamic,16,off,yes,unset,unset,hype2,12.2.0,-O3 -Wall -Wextra -std=c++17 -fopenmp -DOMP_EXPLICIT_SIMD=0 -fno-tree-vectorize,40.150171,c036bcbf5e6d6190,passed
regular-simd_off-t8-dynamicx16-r1-6000x6000.png,2026-09-18T17:14:09Z,6000x6000.png,6000,6000,Negative,1,8,dynamic,16,off,yes,unset,unset,hype2,12.2.0,-O3 -Wall -Wextra -std=c++17 -fopenmp -DOMP_EXPLICIT_SIMD=0 -fno-tree-vectorize,15.375069,0a497e94a83bbbc0,passed
regular-simd_off-t8-dynamicx16-r1-6000x6000.png,2026-09-18T17:14:09Z,6000x6000.png,6000,6000,Equalize_Histogram,1,8,dynamic,16,off,yes,unset,unset,hype2,12.2.0,-O3 -Wall -Wextra -std=c++17 -fopenmp -DOMP_EXPLICIT_SIMD=0 -fno-tree-vectorize,27.801819,5251e13888abb30f,passed
regular-simd_off-t8-dynamicx16-r1-6000x6000.png,2026-09-18T17:14:09Z,6000x6000.png,6000,6000,Zoom_In,1,8,dynamic,16,off,yes,unset,unset,hype2,12.2.0,-O3 -Wall -Wextra -std=c++17 -fopenmp -DOMP_EXPLICIT_SIMD=0 -fno-tree-vectorize,64.474267,4e063cbe88523a0e,passed
regular-simd_off-t8-dynamicx16-r1-6000x6000.png,2026-09-18T17:14:10Z,6000x6000.png,6000,6000,Zoom_Out,1,8,dynamic,16,off,no,unset,unset,hype2,12.2.0,-O3 -Wall -Wextra -std=c++17 -fopenmp -DOMP_EXPLICIT_SIMD=0 -fno-tree-vectorize,44.263712,8eace74e8cd425e6,passed
regular-simd_off-t8-dynamicx16-r1-6000x6000.png,2026-09-18T17:14:10Z,6000x6000.png,6000,6000,Rotate_CW,1,8,dynamic,16,off,no,unset,unset,hype2,12.2.0,-O3 -Wall -Wextra -std=c++17 -fopenmp -DOMP_EXPLICIT_SIMD=0 -fno-tree-vectorize,72.679587,dd5c83f3b3cee726,passed
regular-simd_off-t8-dynamicx16-r1-6000x6000.png,2026-09-18T17:14:10Z,6000x6000.png,6000,6000,Rotate_CCW,1,8,dynamic,16,off,no,unset,unset,hype2,12.2.0,-O3 -Wall -Wextra -std=c++17 -fopenmp -DOMP_EXPLICIT_SIMD=0 -fno-tree-vectorize,71.979105,51196bd3ed2b4ba4,passed
regular-simd_off-t8-dynamicx16-r1-6000x6000.png,2026-09-18T17:14:11Z,6000x6000.png,6000,6000,Gaussian_3x3,1,8,dynamic,16,off,yes,unset,unset,hype2,12.2.0,-O3 -Wall -Wextra -std=c++17 -fopenmp -DOMP_EXPLICIT_SIMD=0 -fno-tree-vectorize,198.945988,87566478e34b4f70,passed
regular-simd_off-t8-dynamicx16-r1-6000x6000.png,2026-09-18T17:14:11Z,6000x6000.png,6000,6000,Gaussian_5x5,1,8,dynamic,16,off,yes,unset,unset,hype2,12.2.0,-O3 -Wall -Wextra -std=c++17 -fopenmp -DOMP_EXPLICIT_SIMD=0 -fno-tree-vectorize,348.912169,4b23a258f94a27f0,passed
regular-simd_off-t8-dynamicx16-r1-6000x6000.png,2026-09-18T17:14:12Z,6000x6000.png,6000,6000,Gaussian_7x7,1,8,dynamic,16,off,yes,unset,unset,hype2,12.2.0,-O3 -Wall -Wextra -std=c++17 -fopenmp -DOMP_EXPLICIT_SIMD=0 -fno-tree-vectorize,598.213011,3771268fea0417e2,passed
regular-simd_off-t8-dynamicx16-r1-6000x6000.png,2026-09-18T17:14:13Z,6000x6000.png,6000,6000,Gaussian_9x9,1,8,dynamic,16,off,yes,unset,unset,hype2,12.2.0,-O3 -Wall -Wextra -std=c++17 -fopenmp -DOMP_EXPLICIT_SIMD=0 -fno-tree-vectorize,925.570914,3f6b7f707a108bd5,passed
regular-simd_off-t8-dynamicx16-r1-6000x6000.png,2026-09-18T17:14:14Z,6000x6000.png,6000,6000,Gaussian_11x11,1,8,dynamic,16,off,yes,unset,unset,hype2,12.2.0,-O3 -Wall -Wextra -std=c++17 -fopenmp -DOMP_EXPLICIT_SIMD=0 -fno-tree-vectorize,1333.117584,c923a906c8989668,passed
regular-simd_omp-t8-dynamicx16-r1-4000x3000.png,2026-09-18T17:14:15Z,4000x3000.png,4000,3000,Grayscale,1,8,dynamic,16,omp,yes,unset,unset,hype2,12.2.0,-O3 -Wall -Wextra -std=c++17 -fopenmp -DOMP_EXPLICIT_SIMD=1,7.567676,00925fa85224b60c,passed
regular-simd_omp-t8-dynamicx16-r1-4000x3000.png,2026-09-18T17:14:15Z,4000x3000.png,4000,3000,Flip_Horizontal,1,8,dynamic,16,omp,no,unset,unset,hype2,12.2.0,-O3 -Wall -Wextra -std=c++17 -fopenmp -DOMP_EXPLICIT_SIMD=1,3.347019,45d5313341f5868e,passed
regular-simd_omp-t8-dynamicx16-r1-4000x3000.png,2026-09-18T17:14:15Z,4000x3000.png,4000,3000,Adjust_Brightness,1,8,dynamic,16,omp,yes,unset,unset,hype2,12.2.0,-O3 -Wall -Wextra -std=c++17 -fopenmp -DOMP_EXPLICIT_SIMD=1,9.454368,e488c03148da4f5b,passed
regular-simd_omp-t8-dynamicx16-r1-4000x3000.png,2026-09-18T17:14:15Z,4000x3000.png,4000,3000,Flip_Vertical,1,8,dynamic,16,omp,no,unset,unset,hype2,12.2.0,-O3 -Wall -Wextra -std=c++17 -fopenmp -DOMP_EXPLICIT_SIMD=1,1.493821,754d30e4e81eccfc,passed
regular-simd_omp-t8-dynamicx16-r1-4000x3000.png,2026-09-18T17:14:15Z,4000x3000.png,4000,3000,Quantize,1,8,dynamic,16,omp,yes,unset,unset,hype2,12.2.0,-O3 -Wall -Wextra -std=c++17 -fopenmp -DOMP_EXPLICIT_SIMD=1,30.363247,f01ef010a3fd2f20,passed
regular-simd_omp-t8-dynamicx16-r1-4000x3000.png,2026-09-18T17:14:15Z,4000x3000.png,4000,3000,Adjust_Contrast,1,8,dynamic,16,omp,yes,unset,unset,hype2,12.2.0,-O3 -Wall -Wextra -std=c++17 -fopenmp -DOMP_EXPLICIT_SIMD=1,13.891875,7cc9f4cee5c661bd,passed
regular-simd_omp-t8-dynamicx16-r1-4000x3000.png,2026-09-18T17:14:15Z,4000x3000.png,4000,3000,Negative,1,8,dynamic,16,omp,yes,unset,unset,hype2,12.2.0,-O3 -Wall -Wextra -std=c++17 -fopenmp -DOMP_EXPLICIT_SIMD=1,5.278075,043d4193294f2dcc,passed
regular-simd_omp-t8-dynamicx16-r1-4000x3000.png,2026-09-18T17:14:16Z,4000x3000.png,4000,3000,Equalize_Histogram,1,8,dynamic,16,omp,yes,unset,unset,hype2,12.2.0,-O3 -Wall -Wextra -std=c++17 -fopenmp -DOMP_EXPLICIT_SIMD=1,10.001333,243220feba4dd030,passed
regular-simd_omp-t8-dynamicx16-r1-4000x3000.png,2026-09-18T17:14:16Z,4000x3000.png,4000,3000,Zoom_In,1,8,dynamic,16,omp,yes,unset,unset,hype2,12.2.0,-O3 -Wall -Wextra -std=c++17 -fopenmp -DOMP_EXPLICIT_SIMD=1,22.805479,71b80276839f9533,passed
regular-simd_omp-t8-dynamicx16-r1-4000x3000.png,2026-09-18T17:14:16Z,4000x3000.png,4000,3000,Zoom_Out,1,8,dynamic,16,omp,no,unset,unset,hype2,12.2.0,-O3 -Wall -Wextra -std=c++17 -fopenmp -DOMP_EXPLICIT_SIMD=1,15.597647,a91f518a4f2dbd10,passed
regular-simd_omp-t8-dynamicx16-r1-4000x3000.png,2026-09-18T17:14:16Z,4000x3000.png,4000,3000,Rotate_CW,1,8,dynamic,16,omp,no,unset,unset,hype2,12.2.0,-O3 -Wall -Wextra -std=c++17 -fopenmp -DOMP_EXPLICIT_SIMD=1,22.962873,e0f27e61a205ef0a,passed
regular-simd_omp-t8-dynamicx16-r1-4000x3000.png,2026-09-18T17:14:16Z,4000x3000.png,4000,3000,Rotate_CCW,1,8,dynamic,16,omp,no,unset,unset,hype2,12.2.0,-O3 -Wall -Wextra -std=c++17 -fopenmp -DOMP_EXPLICIT_SIMD=1,22.579058,b4512f3b73b7723c,passed
regular-simd_omp-t8-dynamicx16-r1-4000x3000.png,2026-09-18T17:14:16Z,4000x3000.png,4000,3000,Gaussian_3x3,1,8,dynamic,16,omp,yes,unset,unset,hype2,12.2.0,-O3 -Wall -Wextra -std=c++17 -fopenmp -DOMP_EXPLICIT_SIMD=1,68.044842,bc1a93797b2afda7,passed
regular-simd_omp-t8-dynamicx16-r1-4000x3000.png,2026-09-18T17:14:16Z,4000x3000.png,4000,3000,Gaussian_5x5,1,8,dynamic,16,omp,yes,unset,unset,hype2,12.2.0,-O3 -Wall -Wextra -std=c++17 -fopenmp -DOMP_EXPLICIT_SIMD=1,119.805982,d67ccd9b6dbb62d8,passed
regular-simd_omp-t8-dynamicx16-r1-4000x3000.png,2026-09-18T17:14:17Z,4000x3000.png,4000,3000,Gaussian_7x7,1,8,dynamic,16,omp,yes,unset,unset,hype2,12.2.0,-O3 -Wall -Wextra -std=c++17 -fopenmp -DOMP_EXPLICIT_SIMD=1,204.748322,98f465f1820de349,passed
regular-simd_omp-t8-dynamicx16-r1-4000x3000.png,2026-09-18T17:14:17Z,4000x3000.png,4000,3000,Gaussian_9x9,1,8,dynamic,16,omp,yes,unset,unset,hype2,12.2.0,-O3 -Wall -Wextra -std=c++17 -fopenmp -DOMP_EXPLICIT_SIMD=1,316.118587,8f9bd96ceab3a369,passed
regular-simd_omp-t8-dynamicx16-r1-4000x3000.png,2026-09-18T17:14:17Z,4000x3000.png,4000,3000,Gaussian_11x11,1,8,dynamic,16,omp,yes,unset,unset,hype2,12.2.0,-O3 -Wall -Wextra -std=c++17 -fopenmp -DOMP_EXPLICIT_SIMD=1,452.790219,1e8adb9534bf99dc,passed
regular-simd_omp-t8-dynamicx16-r1-6000x6000.png,2026-09-18T17:14:19Z,6000x6000.png,6000,6000,Grayscale,1,8,dynamic,16,omp,yes,unset,unset,hype2,12.2.0,-O3 -Wall -Wextra -std=c++17 -fopenmp -DOMP_EXPLICIT_SIMD=1,21.679555,937793859b387046,passed
regular-simd_omp-t8-dynamicx16-r1-6000x6000.png,2026-09-18T17:14:19Z,6000x6000.png,6000,6000,Flip_Horizontal,1,8,dynamic,16,omp,no,unset,unset,hype2,12.2.0,-O3 -Wall -Wextra -std=c++17 -fopenmp -DOMP_EXPLICIT_SIMD=1,8.632443,3dfbc0e2f0b456c2,passed
regular-simd_omp-t8-dynamicx16-r1-6000x6000.png,2026-09-18T17:14:20Z,6000x6000.png,6000,6000,Adjust_Brightness,1,8,dynamic,16,omp,yes,unset,unset,hype2,12.2.0,-O3 -Wall -Wextra -std=c++17 -fopenmp -DOMP_EXPLICIT_SIMD=1,27.945107,5d4bea966648e7a7,passed
regular-simd_omp-t8-dynamicx16-r1-6000x6000.png,2026-09-18T17:14:20Z,6000x6000.png,6000,6000,Flip_Vertical,1,8,dynamic,16,omp,no,unset,unset,hype2,12.2.0,-O3 -Wall -Wextra -std=c++17 -fopenmp -DOMP_EXPLICIT_SIMD=1,4.142902,bd012cf684012198,passed
regular-simd_omp-t8-dynamicx16-r1-6000x6000.png,2026-09-18T17:14:20Z,6000x6000.png,6000,6000,Quantize,1,8,dynamic,16,omp,yes,unset,unset,hype2,12.2.0,-O3 -Wall -Wextra -std=c++17 -fopenmp -DOMP_EXPLICIT_SIMD=1,82.896502,b2e8843413e8e7a6,passed
regular-simd_omp-t8-dynamicx16-r1-6000x6000.png,2026-09-18T17:14:20Z,6000x6000.png,6000,6000,Adjust_Contrast,1,8,dynamic,16,omp,yes,unset,unset,hype2,12.2.0,-O3 -Wall -Wextra -std=c++17 -fopenmp -DOMP_EXPLICIT_SIMD=1,40.222829,c036bcbf5e6d6190,passed
regular-simd_omp-t8-dynamicx16-r1-6000x6000.png,2026-09-18T17:14:20Z,6000x6000.png,6000,6000,Negative,1,8,dynamic,16,omp,yes,unset,unset,hype2,12.2.0,-O3 -Wall -Wextra -std=c++17 -fopenmp -DOMP_EXPLICIT_SIMD=1,15.138005,0a497e94a83bbbc0,passed
regular-simd_omp-t8-dynamicx16-r1-6000x6000.png,2026-09-18T17:14:21Z,6000x6000.png,6000,6000,Equalize_Histogram,1,8,dynamic,16,omp,yes,unset,unset,hype2,12.2.0,-O3 -Wall -Wextra -std=c++17 -fopenmp -DOMP_EXPLICIT_SIMD=1,27.699804,5251e13888abb30f,passed
regular-simd_omp-t8-dynamicx16-r1-6000x6000.png,2026-09-18T17:14:21Z,6000x6000.png,6000,6000,Zoom_In,1,8,dynamic,16,omp,yes,unset,unset,hype2,12.2.0,-O3 -Wall -Wextra -std=c++17 -fopenmp -DOMP_EXPLICIT_SIMD=1,55.234266,4e063cbe88523a0e,passed
regular-simd_omp-t8-dynamicx16-r1-6000x6000.png,2026-09-18T17:14:21Z,6000x6000.png,6000,6000,Zoom_Out,1,8,dynamic,16,omp,no,unset,unset,hype2,12.2.0,-O3 -Wall -Wextra -std=c++17 -fopenmp -DOMP_EXPLICIT_SIMD=1,43.617950,8eace74e8cd425e6,passed
regular-simd_omp-t8-dynamicx16-r1-6000x6000.png,2026-09-18T17:14:22Z,6000x6000.png,6000,6000,Rotate_CW,1,8,dynamic,16,omp,no,unset,unset,hype2,12.2.0,-O3 -Wall -Wextra -std=c++17 -fopenmp -DOMP_EXPLICIT_SIMD=1,70.848175,dd5c83f3b3cee726,passed
regular-simd_omp-t8-dynamicx16-r1-6000x6000.png,2026-09-18T17:14:22Z,6000x6000.png,6000,6000,Rotate_CCW,1,8,dynamic,16,omp,no,unset,unset,hype2,12.2.0,-O3 -Wall -Wextra -std=c++17 -fopenmp -DOMP_EXPLICIT_SIMD=1,72.937372,51196bd3ed2b4ba4,passed
regular-simd_omp-t8-dynamicx16-r1-6000x6000.png,2026-09-18T17:14:22Z,6000x6000.png,6000,6000,Gaussian_3x3,1,8,dynamic,16,omp,yes,unset,unset,hype2,12.2.0,-O3 -Wall -Wextra -std=c++17 -fopenmp -DOMP_EXPLICIT_SIMD=1,194.315109,87566478e34b4f70,passed
regular-simd_omp-t8-dynamicx16-r1-6000x6000.png,2026-09-18T17:14:23Z,6000x6000.png,6000,6000,Gaussian_5x5,1,8,dynamic,16,omp,yes,unset,unset,hype2,12.2.0,-O3 -Wall -Wextra -std=c++17 -fopenmp -DOMP_EXPLICIT_SIMD=1,350.518815,4b23a258f94a27f0,passed
regular-simd_omp-t8-dynamicx16-r1-6000x6000.png,2026-09-18T17:14:24Z,6000x6000.png,6000,6000,Gaussian_7x7,1,8,dynamic,16,omp,yes,unset,unset,hype2,12.2.0,-O3 -Wall -Wextra -std=c++17 -fopenmp -DOMP_EXPLICIT_SIMD=1,600.800751,3771268fea0417e2,passed
regular-simd_omp-t8-dynamicx16-r1-6000x6000.png,2026-09-18T17:14:25Z,6000x6000.png,6000,6000,Gaussian_9x9,1,8,dynamic,16,omp,yes,unset,unset,hype2,12.2.0,-O3 -Wall -Wextra -std=c++17 -fopenmp -DOMP_EXPLICIT_SIMD=1,934.262615,3f6b7f707a108bd5,passed
regular-simd_omp-t8-dynamicx16-r1-6000x6000.png,2026-09-18T17:14:26Z,6000x6000.png,6000,6000,Gaussian_11x11,1,8,dynamic,16,omp,yes,unset,unset,hype2,12.2.0,-O3 -Wall -Wextra -std=c++17 -fopenmp -DOMP_EXPLICIT_SIMD=1,1332.918829,c923a906c8989668,passed
regular-simd_omp-t8-static-r2-4000x3000.png,2026-09-18T17:14:27Z,4000x3000.png,4000,3000,Grayscale,2,8,static,,omp,yes,unset,unset,hype2,12.2.0,-O3 -Wall -Wextra -std=c++17 -fopenmp -DOMP_EXPLICIT_SIMD=1,7.647013,00925fa85224b60c,passed
regular-simd_omp-t8-static-r2-4000x3000.png,2026-09-18T17:14:27Z,4000x3000.png,4000,3000,Flip_Horizontal,2,8,static,,omp,no,unset,unset,hype2,12.2.0,-O3 -Wall -Wextra -std=c++17 -fopenmp -DOMP_EXPLICIT_SIMD=1,3.631495,45d5313341f5868e,passed
regular-simd_omp-t8-static-r2-4000x3000.png,2026-09-18T17:14:27Z,4000x3000.png,4000,3000,Adjust_Brightness,2,8,static,,omp,yes,unset,unset,hype2,12.2.0,-O3 -Wall -Wextra -std=c++17 -fopenmp -DOMP_EXPLICIT_SIMD=1,9.364999,e488c03148da4f5b,passed
regular-simd_omp-t8-static-r2-4000x3000.png,2026-09-18T17:14:27Z,4000x3000.png,4000,3000,Flip_Vertical,2,8,static,,omp,no,unset,unset,hype2,12.2.0,-O3 -Wall -Wextra -std=c++17 -fopenmp -DOMP_EXPLICIT_SIMD=1,1.720593,754d30e4e81eccfc,passed
regular-simd_omp-t8-static-r2-4000x3000.png,2026-09-18T17:14:27Z,4000x3000.png,4000,3000,Quantize,2,8,static,,omp,yes,unset,unset,hype2,12.2.0,-O3 -Wall -Wextra -std=c++17 -fopenmp -DOMP_EXPLICIT_SIMD=1,29.602658,f01ef010a3fd2f20,passed
regular-simd_omp-t8-static-r2-4000x3000.png,2026-09-18T17:14:27Z,4000x3000.png,4000,3000,Adjust_Contrast,2,8,static,,omp,yes,unset,unset,hype2,12.2.0,-O3 -Wall -Wextra -std=c++17 -fopenmp -DOMP_EXPLICIT_SIMD=1,13.928593,7cc9f4cee5c661bd,passed
regular-simd_omp-t8-static-r2-4000x3000.png,2026-09-18T17:14:27Z,4000x3000.png,4000,3000,Negative,2,8,static,,omp,yes,unset,unset,hype2,12.2.0,-O3 -Wall -Wextra -std=c++17 -fopenmp -DOMP_EXPLICIT_SIMD=1,5.314337,043d4193294f2dcc,passed
regular-simd_omp-t8-static-r2-4000x3000.png,2026-09-18T17:14:27Z,4000x3000.png,4000,3000,Equalize_Histogram,2,8,static,,omp,yes,unset,unset,hype2,12.2.0,-O3 -Wall -Wextra -std=c++17 -fopenmp -DOMP_EXPLICIT_SIMD=1,9.499445,243220feba4dd030,passed
regular-simd_omp-t8-static-r2-4000x3000.png,2026-09-18T17:14:28Z,4000x3000.png,4000,3000,Zoom_In,2,8,static,,omp,yes,unset,unset,hype2,12.2.0,-O3 -Wall -Wextra -std=c++17 -fopenmp -DOMP_EXPLICIT_SIMD=1,18.797175,71b80276839f9533,passed
regular-simd_omp-t8-static-r2-4000x3000.png,2026-09-18T17:14:28Z,4000x3000.png,4000,3000,Zoom_Out,2,8,static,,omp,no,unset,unset,hype2,12.2.0,-O3 -Wall -Wextra -std=c++17 -fopenmp -DOMP_EXPLICIT_SIMD=1,15.093611,a91f518a4f2dbd10,passed
regular-simd_omp-t8-static-r2-4000x3000.png,2026-09-18T17:14:28Z,4000x3000.png,4000,3000,Rotate_CW,2,8,static,,omp,no,unset,unset,hype2,12.2.0,-O3 -Wall -Wextra -std=c++17 -fopenmp -DOMP_EXPLICIT_SIMD=1,23.760657,e0f27e61a205ef0a,passed
regular-simd_omp-t8-static-r2-4000x3000.png,2026-09-18T17:14:28Z,4000x3000.png,4000,3000,Rotate_CCW,2,8,static,,omp,no,unset,unset,hype2,12.2.0,-O3 -Wall -Wextra -std=c++17 -fopenmp -DOMP_EXPLICIT_SIMD=1,23.827728,b4512f3b73b7723c,passed
regular-simd_omp-t8-static-r2-4000x3000.png,2026-09-18T17:14:28Z,4000x3000.png,4000,3000,Gaussian_3x3,2,8,static,,omp,yes,unset,unset,hype2,12.2.0,-O3 -Wall -Wextra -std=c++17 -fopenmp -DOMP_EXPLICIT_SIMD=1,65.064328,bc1a93797b2afda7,passed
regular-simd_omp-t8-static-r2-4000x3000.png,2026-09-18T17:14:28Z,4000x3000.png,4000,3000,Gaussian_5x5,2,8,static,,omp,yes,unset,unset,hype2,12.2.0,-O3 -Wall -Wextra -std=c++17 -fopenmp -DOMP_EXPLICIT_SIMD=1,117.195827,d67ccd9b6dbb62d8,passed
regular-simd_omp-t8-static-r2-4000x3000.png,2026-09-18T17:14:28Z,4000x3000.png,4000,3000,Gaussian_7x7,2,8,static,,omp,yes,unset,unset,hype2,12.2.0,-O3 -Wall -Wextra -std=c++17 -fopenmp -DOMP_EXPLICIT_SIMD=1,200.681425,98f465f1820de349,passed
regular-simd_omp-t8-static-r2-4000x3000.png,2026-09-18T17:14:29Z,4000x3000.png,4000,3000,Gaussian_9x9,2,8,static,,omp,yes,unset,unset,hype2,12.2.0,-O3 -Wall -Wextra -std=c++17 -fopenmp -DOMP_EXPLICIT_SIMD=1,310.580833,8f9bd96ceab3a369,passed
regular-simd_omp-t8-static-r2-4000x3000.png,2026-09-18T17:14:29Z,4000x3000.png,4000,3000,Gaussian_11x11,2,8,static,,omp,yes,unset,unset,hype2,12.2.0,-O3 -Wall -Wextra -std=c++17 -fopenmp -DOMP_EXPLICIT_SIMD=1,455.830717,1e8adb9534bf99dc,passed
regular-simd_omp-t8-static-r2-6000x6000.png,2026-09-18T17:14:31Z,6000x6000.png,6000,6000,Grayscale,2,8,static,,omp,yes,unset,unset,hype2,12.2.0,-O3 -Wall -Wextra -std=c++17 -fopenmp -DOMP_EXPLICIT_SIMD=1,21.953698,937793859b387046,passed
regular-simd_omp-t8-static-r2-6000x6000.png,2026-09-18T17:14:31Z,6000x6000.png,6000,6000,Flip_Horizontal,2,8,static,,omp,no,unset,unset,hype2,12.2.0,-O3 -Wall -Wextra -std=c++17 -fopenmp -DOMP_EXPLICIT_SIMD=1,9.422097,3dfbc0e2f0b456c2,passed
regular-simd_omp-t8-static-r2-6000x6000.png,2026-09-18T17:14:31Z,6000x6000.png,6000,6000,Adjust_Brightness,2,8,static,,omp,yes,unset,unset,hype2,12.2.0,-O3 -Wall -Wextra -std=c++17 -fopenmp -DOMP_EXPLICIT_SIMD=1,27.963797,5d4bea966648e7a7,passed
regular-simd_omp-t8-static-r2-6000x6000.png,2026-09-18T17:14:32Z,6000x6000.png,6000,6000,Flip_Vertical,2,8,static,,omp,no,unset,unset,hype2,12.2.0,-O3 -Wall -Wextra -std=c++17 -fopenmp -DOMP_EXPLICIT_SIMD=1,4.468046,bd012cf684012198,passed
regular-simd_omp-t8-static-r2-6000x6000.png,2026-09-18T17:14:32Z,6000x6000.png,6000,6000,Quantize,2,8,static,,omp,yes,unset,unset,hype2,12.2.0,-O3 -Wall -Wextra -std=c++17 -fopenmp -DOMP_EXPLICIT_SIMD=1,81.749198,b2e8843413e8e7a6,passed
regular-simd_omp-t8-static-r2-6000x6000.png,2026-09-18T17:14:32Z,6000x6000.png,6000,6000,Adjust_Contrast,2,8,static,,omp,yes,unset,unset,hype2,12.2.0,-O3 -Wall -Wextra -std=c++17 -fopenmp -DOMP_EXPLICIT_SIMD=1,40.218161,c036bcbf5e6d6190,passed
regular-simd_omp-t8-static-r2-6000x6000.png,2026-09-18T17:14:32Z,6000x6000.png,6000,6000,Negative,2,8,static,,omp,yes,unset,unset,hype2,12.2.0,-O3 -Wall -Wextra -std=c++17 -fopenmp -DOMP_EXPLICIT_SIMD=1,15.309347,0a497e94a83bbbc0,passed
regular-simd_omp-t8-static-r2-6000x6000.png,2026-09-18T17:14:32Z,6000x6000.png,6000,6000,Equalize_Histogram,2,8,static,,omp,yes,unset,unset,hype2,12.2.0,-O3 -Wall -Wextra -std=c++17 -fopenmp -DOMP_EXPLICIT_SIMD=1,28.300281,5251e13888abb30f,passed
regular-simd_omp-t8-static-r2-6000x6000.png,2026-09-18T17:14:33Z,6000x6000.png,6000,6000,Zoom_In,2,8,static,,omp,yes,unset,unset,hype2,12.2.0,-O3 -Wall -Wextra -std=c++17 -fopenmp -DOMP_EXPLICIT_SIMD=1,52.433136,4e063cbe88523a0e,passed
regular-simd_omp-t8-static-r2-6000x6000.png,2026-09-18T17:14:33Z,6000x6000.png,6000,6000,Zoom_Out,2,8,static,,omp,no,unset,unset,hype2,12.2.0,-O3 -Wall -Wextra -std=c++17 -fopenmp -DOMP_EXPLICIT_SIMD=1,43.267618,8eace74e8cd425e6,passed
regular-simd_omp-t8-static-r2-6000x6000.png,2026-09-18T17:14:34Z,6000x6000.png,6000,6000,Rotate_CW,2,8,static,,omp,no,unset,unset,hype2,12.2.0,-O3 -Wall -Wextra -std=c++17 -fopenmp -DOMP_EXPLICIT_SIMD=1,64.454254,dd5c83f3b3cee726,passed
regular-simd_omp-t8-static-r2-6000x6000.png,2026-09-18T17:14:34Z,6000x6000.png,6000,6000,Rotate_CCW,2,8,static,,omp,no,unset,unset,hype2,12.2.0,-O3 -Wall -Wextra -std=c++17 -fopenmp -DOMP_EXPLICIT_SIMD=1,63.051303,51196bd3ed2b4ba4,passed
regular-simd_omp-t8-static-r2-6000x6000.png,2026-09-18T17:14:34Z,6000x6000.png,6000,6000,Gaussian_3x3,2,8,static,,omp,yes,unset,unset,hype2,12.2.0,-O3 -Wall -Wextra -std=c++17 -fopenmp -DOMP_EXPLICIT_SIMD=1,197.940707,87566478e34b4f70,passed
regular-simd_omp-t8-static-r2-6000x6000.png,2026-09-18T17:14:35Z,6000x6000.png,6000,6000,Gaussian_5x5,2,8,static,,omp,yes,unset,unset,hype2,12.2.0,-O3 -Wall -Wextra -std=c++17 -fopenmp -DOMP_EXPLICIT_SIMD=1,349.688256,4b23a258f94a27f0,passed
regular-simd_omp-t8-static-r2-6000x6000.png,2026-09-18T17:14:36Z,6000x6000.png,6000,6000,Gaussian_7x7,2,8,static,,omp,yes,unset,unset,hype2,12.2.0,-O3 -Wall -Wextra -std=c++17 -fopenmp -DOMP_EXPLICIT_SIMD=1,597.850255,3771268fea0417e2,passed
regular-simd_omp-t8-static-r2-6000x6000.png,2026-09-18T17:14:37Z,6000x6000.png,6000,6000,Gaussian_9x9,2,8,static,,omp,yes,unset,unset,hype2,12.2.0,-O3 -Wall -Wextra -std=c++17 -fopenmp -DOMP_EXPLICIT_SIMD=1,936.641468,3f6b7f707a108bd5,passed
regular-simd_omp-t8-static-r2-6000x6000.png,2026-09-18T17:14:38Z,6000x6000.png,6000,6000,Gaussian_11x11,2,8,static,,omp,yes,unset,unset,hype2,12.2.0,-O3 -Wall -Wextra -std=c++17 -fopenmp -DOMP_EXPLICIT_SIMD=1,1338.377228,c923a906c8989668,passed
regular-simd_off-t8-dynamicx1-r2-4000x3000.png,2026-09-18T17:14:39Z,4000x3000.png,4000,3000,Grayscale,2,8,dynamic,1,off,yes,unset,unset,hype2,12.2.0,-O3 -Wall -Wextra -std=c++17 -fopenmp -DOMP_EXPLICIT_SIMD=0 -fno-tree-vectorize,7.479452,00925fa85224b60c,passed
regular-simd_off-t8-dynamicx1-r2-4000x3000.png,2026-09-18T17:14:39Z,4000x3000.png,4000,3000,Flip_Horizontal,2,8,dynamic,1,off,no,unset,unset,hype2,12.2.0,-O3 -Wall -Wextra -std=c++17 -fopenmp -DOMP_EXPLICIT_SIMD=0 -fno-tree-vectorize,2.932759,45d5313341f5868e,passed
regular-simd_off-t8-dynamicx1-r2-4000x3000.png,2026-09-18T17:14:39Z,4000x3000.png,4000,3000,Adjust_Brightness,2,8,dynamic,1,off,yes,unset,unset,hype2,12.2.0,-O3 -Wall -Wextra -std=c++17 -fopenmp -DOMP_EXPLICIT_SIMD=0 -fno-tree-vectorize,9.195423,e488c03148da4f5b,passed
regular-simd_off-t8-dynamicx1-r2-4000x3000.png,2026-09-18T17:14:39Z,4000x3000.png,4000,3000,Flip_Vertical,2,8,dynamic,1,off,no,unset,unset,hype2,12.2.0,-O3 -Wall -Wextra -std=c++17 -fopenmp -DOMP_EXPLICIT_SIMD=0 -fno-tree-vectorize,1.587837,754d30e4e81eccfc,passed
regular-simd_off-t8-dynamicx1-r2-4000x3000.png,2026-09-18T17:14:39Z,4000x3000.png,4000,3000,Quantize,2,8,dynamic,1,off,yes,unset,unset,hype2,12.2.0,-O3 -Wall -Wextra -std=c++17 -fopenmp -DOMP_EXPLICIT_SIMD=0 -fno-tree-vectorize,29.694562,f01ef010a3fd2f20,passed
regular-simd_off-t8-dynamicx1-r2-4000x3000.png,2026-09-18T17:14:39Z,4000x3000.png,4000,3000,Adjust_Contrast,2,8,dynamic,1,off,yes,unset,unset,hype2,12.2.0,-O3 -Wall -Wextra -std=c++17 -fopenmp -DOMP_EXPLICIT_SIMD=0 -fno-tree-vectorize,13.586400,7cc9f4cee5c661bd,passed
regular-simd_off-t8-dynamicx1-r2-4000x3000.png,2026-09-18T17:14:39Z,4000x3000.png,4000,3000,Negative,2,8,dynamic,1,off,yes,unset,unset,hype2,12.2.0,-O3 -Wall -Wextra -std=c++17 -fopenmp -DOMP_EXPLICIT_SIMD=0 -fno-tree-vectorize,5.385399,043d4193294f2dcc,passed
regular-simd_off-t8-dynamicx1-r2-4000x3000.png,2026-09-18T17:14:39Z,4000x3000.png,4000,3000,Equalize_Histogram,2,8,dynamic,1,off,yes,unset,unset,hype2,12.2.0,-O3 -Wall -Wextra -std=c++17 -fopenmp -DOMP_EXPLICIT_SIMD=0 -fno-tree-vectorize,10.261789,243220feba4dd030,passed
regular-simd_off-t8-dynamicx1-r2-4000x3000.png,2026-09-18T17:14:40Z,4000x3000.png,4000,3000,Zoom_In,2,8,dynamic,1,off,yes,unset,unset,hype2,12.2.0,-O3 -Wall -Wextra -std=c++17 -fopenmp -DOMP_EXPLICIT_SIMD=0 -fno-tree-vectorize,34.208176,71b80276839f9533,passed
regular-simd_off-t8-dynamicx1-r2-4000x3000.png,2026-09-18T17:14:40Z,4000x3000.png,4000,3000,Zoom_Out,2,8,dynamic,1,off,no,unset,unset,hype2,12.2.0,-O3 -Wall -Wextra -std=c++17 -fopenmp -DOMP_EXPLICIT_SIMD=0 -fno-tree-vectorize,16.075013,a91f518a4f2dbd10,passed
regular-simd_off-t8-dynamicx1-r2-4000x3000.png,2026-09-18T17:14:40Z,4000x3000.png,4000,3000,Rotate_CW,2,8,dynamic,1,off,no,unset,unset,hype2,12.2.0,-O3 -Wall -Wextra -std=c++17 -fopenmp -DOMP_EXPLICIT_SIMD=0 -fno-tree-vectorize,39.407168,e0f27e61a205ef0a,passed
regular-simd_off-t8-dynamicx1-r2-4000x3000.png,2026-09-18T17:14:40Z,4000x3000.png,4000,3000,Rotate_CCW,2,8,dynamic,1,off,no,unset,unset,hype2,12.2.0,-O3 -Wall -Wextra -std=c++17 -fopenmp -DOMP_EXPLICIT_SIMD=0 -fno-tree-vectorize,40.073936,b4512f3b73b7723c,passed
regular-simd_off-t8-dynamicx1-r2-4000x3000.png,2026-09-18T17:14:40Z,4000x3000.png,4000,3000,Gaussian_3x3,2,8,dynamic,1,off,yes,unset,unset,hype2,12.2.0,-O3 -Wall -Wextra -std=c++17 -fopenmp -DOMP_EXPLICIT_SIMD=0 -fno-tree-vectorize,69.455376,bc1a93797b2afda7,passed
regular-simd_off-t8-dynamicx1-r2-4000x3000.png,2026-09-18T17:14:40Z,4000x3000.png,4000,3000,Gaussian_5x5,2,8,dynamic,1,off,yes,unset,unset,hype2,12.2.0,-O3 -Wall -Wextra -std=c++17 -fopenmp -DOMP_EXPLICIT_SIMD=0 -fno-tree-vectorize,119.269650,d67ccd9b6dbb62d8,passed
regular-simd_off-t8-dynamicx1-r2-4000x3000.png,2026-09-18T17:14:40Z,4000x3000.png,4000,3000,Gaussian_7x7,2,8,dynamic,1,off,yes,unset,unset,hype2,12.2.0,-O3 -Wall -Wextra -std=c++17 -fopenmp -DOMP_EXPLICIT_SIMD=0 -fno-tree-vectorize,200.168998,98f465f1820de349,passed
regular-simd_off-t8-dynamicx1-r2-4000x3000.png,2026-09-18T17:14:41Z,4000x3000.png,4000,3000,Gaussian_9x9,2,8,dynamic,1,off,yes,unset,unset,hype2,12.2.0,-O3 -Wall -Wextra -std=c++17 -fopenmp -DOMP_EXPLICIT_SIMD=0 -fno-tree-vectorize,308.340732,8f9bd96ceab3a369,passed
regular-simd_off-t8-dynamicx1-r2-4000x3000.png,2026-09-18T17:14:41Z,4000x3000.png,4000,3000,Gaussian_11x11,2,8,dynamic,1,off,yes,unset,unset,hype2,12.2.0,-O3 -Wall -Wextra -std=c++17 -fopenmp -DOMP_EXPLICIT_SIMD=0 -fno-tree-vectorize,442.292900,1e8adb9534bf99dc,passed
regular-simd_off-t8-dynamicx1-r2-6000x6000.png,2026-09-18T17:14:43Z,6000x6000.png,6000,6000,Grayscale,2,8,dynamic,1,off,yes,unset,unset,hype2,12.2.0,-O3 -Wall -Wextra -std=c++17 -fopenmp -DOMP_EXPLICIT_SIMD=0 -fno-tree-vectorize,20.975597,937793859b387046,passed
regular-simd_off-t8-dynamicx1-r2-6000x6000.png,2026-09-18T17:14:43Z,6000x6000.png,6000,6000,Flip_Horizontal,2,8,dynamic,1,off,no,unset,unset,hype2,12.2.0,-O3 -Wall -Wextra -std=c++17 -fopenmp -DOMP_EXPLICIT_SIMD=0 -fno-tree-vectorize,7.847696,3dfbc0e2f0b456c2,passed
regular-simd_off-t8-dynamicx1-r2-6000x6000.png,2026-09-18T17:14:43Z,6000x6000.png,6000,6000,Adjust_Brightness,2,8,dynamic,1,off,yes,unset,unset,hype2,12.2.0,-O3 -Wall -Wextra -std=c++17 -fopenmp -DOMP_EXPLICIT_SIMD=0 -fno-tree-vectorize,27.120949,5d4bea966648e7a7,passed
regular-simd_off-t8-dynamicx1-r2-6000x6000.png,2026-09-18T17:14:43Z,6000x6000.png,6000,6000,Flip_Vertical,2,8,dynamic,1,off,no,unset,unset,hype2,12.2.0,-O3 -Wall -Wextra -std=c++17 -fopenmp -DOMP_EXPLICIT_SIMD=0 -fno-tree-vectorize,4.194772,bd012cf684012198,passed
regular-simd_off-t8-dynamicx1-r2-6000x6000.png,2026-09-18T17:14:44Z,6000x6000.png,6000,6000,Quantize,2,8,dynamic,1,off,yes,unset,unset,hype2,12.2.0,-O3 -Wall -Wextra -std=c++17 -fopenmp -DOMP_EXPLICIT_SIMD=0 -fno-tree-vectorize,79.602518,b2e8843413e8e7a6,passed
regular-simd_off-t8-dynamicx1-r2-6000x6000.png,2026-09-18T17:14:44Z,6000x6000.png,6000,6000,Adjust_Contrast,2,8,dynamic,1,off,yes,unset,unset,hype2,12.2.0,-O3 -Wall -Wextra -std=c++17 -fopenmp -DOMP_EXPLICIT_SIMD=0 -fno-tree-vectorize,40.109922,c036bcbf5e6d6190,passed
regular-simd_off-t8-dynamicx1-r2-6000x6000.png,2026-09-18T17:14:44Z,6000x6000.png,6000,6000,Negative,2,8,dynamic,1,off,yes,unset,unset,hype2,12.2.0,-O3 -Wall -Wextra -std=c++17 -fopenmp -DOMP_EXPLICIT_SIMD=0 -fno-tree-vectorize,15.534476,0a497e94a83bbbc0,passed
regular-simd_off-t8-dynamicx1-r2-6000x6000.png,2026-09-18T17:14:44Z,6000x6000.png,6000,6000,Equalize_Histogram,2,8,dynamic,1,off,yes,unset,unset,hype2,12.2.0,-O3 -Wall -Wextra -std=c++17 -fopenmp -DOMP_EXPLICIT_SIMD=0 -fno-tree-vectorize,28.227580,5251e13888abb30f,passed
regular-simd_off-t8-dynamicx1-r2-6000x6000.png,2026-09-18T17:14:45Z,6000x6000.png,6000,6000,Zoom_In,2,8,dynamic,1,off,yes,unset,unset,hype2,12.2.0,-O3 -Wall -Wextra -std=c++17 -fopenmp -DOMP_EXPLICIT_SIMD=0 -fno-tree-vectorize,97.276530,4e063cbe88523a0e,passed
regular-simd_off-t8-dynamicx1-r2-6000x6000.png,2026-09-18T17:14:45Z,6000x6000.png,6000,6000,Zoom_Out,2,8,dynamic,1,off,no,unset,unset,hype2,12.2.0,-O3 -Wall -Wextra -std=c++17 -fopenmp -DOMP_EXPLICIT_SIMD=0 -fno-tree-vectorize,46.141344,8eace74e8cd425e6,passed
regular-simd_off-t8-dynamicx1-r2-6000x6000.png,2026-09-18T17:14:46Z,6000x6000.png,6000,6000,Rotate_CW,2,8,dynamic,1,off,no,unset,unset,hype2,12.2.0,-O3 -Wall -Wextra -std=c++17 -fopenmp -DOMP_EXPLICIT_SIMD=0 -fno-tree-vectorize,113.451039,dd5c83f3b3cee726,passed
regular-simd_off-t8-dynamicx1-r2-6000x6000.png,2026-09-18T17:14:46Z,6000x6000.png,6000,6000,Rotate_CCW,2,8,dynamic,1,off,no,unset,unset,hype2,12.2.0,-O3 -Wall -Wextra -std=c++17 -fopenmp -DOMP_EXPLICIT_SIMD=0 -fno-tree-vectorize,104.245545,51196bd3ed2b4ba4,passed
regular-simd_off-t8-dynamicx1-r2-6000x6000.png,2026-09-18T17:14:46Z,6000x6000.png,6000,6000,Gaussian_3x3,2,8,dynamic,1,off,yes,unset,unset,hype2,12.2.0,-O3 -Wall -Wextra -std=c++17 -fopenmp -DOMP_EXPLICIT_SIMD=0 -fno-tree-vectorize,211.764934,87566478e34b4f70,passed
regular-simd_off-t8-dynamicx1-r2-6000x6000.png,2026-09-18T17:14:47Z,6000x6000.png,6000,6000,Gaussian_5x5,2,8,dynamic,1,off,yes,unset,unset,hype2,12.2.0,-O3 -Wall -Wextra -std=c++17 -fopenmp -DOMP_EXPLICIT_SIMD=0 -fno-tree-vectorize,359.919154,4b23a258f94a27f0,passed
regular-simd_off-t8-dynamicx1-r2-6000x6000.png,2026-09-18T17:14:48Z,6000x6000.png,6000,6000,Gaussian_7x7,2,8,dynamic,1,off,yes,unset,unset,hype2,12.2.0,-O3 -Wall -Wextra -std=c++17 -fopenmp -DOMP_EXPLICIT_SIMD=0 -fno-tree-vectorize,598.441606,3771268fea0417e2,passed
regular-simd_off-t8-dynamicx1-r2-6000x6000.png,2026-09-18T17:14:49Z,6000x6000.png,6000,6000,Gaussian_9x9,2,8,dynamic,1,off,yes,unset,unset,hype2,12.2.0,-O3 -Wall -Wextra -std=c++17 -fopenmp -DOMP_EXPLICIT_SIMD=0 -fno-tree-vectorize,924.708093,3f6b7f707a108bd5,passed
regular-simd_off-t8-dynamicx1-r2-6000x6000.png,2026-09-18T17:14:50Z,6000x6000.png,6000,6000,Gaussian_11x11,2,8,dynamic,1,off,yes,unset,unset,hype2,12.2.0,-O3 -Wall -Wextra -std=c++17 -fopenmp -DOMP_EXPLICIT_SIMD=0 -fno-tree-vectorize,1334.264111,c923a906c8989668,passed
regular-simd_omp-t8-dynamicx1-r2-4000x3000.png,2026-09-18T17:14:51Z,4000x3000.png,4000,3000,Grayscale,2,8,dynamic,1,omp,yes,unset,unset,hype2,12.2.0,-O3 -Wall -Wextra -std=c++17 -fopenmp -DOMP_EXPLICIT_SIMD=1,7.664717,00925fa85224b60c,passed
regular-simd_omp-t8-dynamicx1-r2-4000x3000.png,2026-09-18T17:14:51Z,4000x3000.png,4000,3000,Flip_Horizontal,2,8,dynamic,1,omp,no,unset,unset,hype2,12.2.0,-O3 -Wall -Wextra -std=c++17 -fopenmp -DOMP_EXPLICIT_SIMD=1,2.842743,45d5313341f5868e,passed
regular-simd_omp-t8-dynamicx1-r2-4000x3000.png,2026-09-18T17:14:51Z,4000x3000.png,4000,3000,Adjust_Brightness,2,8,dynamic,1,omp,yes,unset,unset,hype2,12.2.0,-O3 -Wall -Wextra -std=c++17 -fopenmp -DOMP_EXPLICIT_SIMD=1,9.461702,e488c03148da4f5b,passed
regular-simd_omp-t8-dynamicx1-r2-4000x3000.png,2026-09-18T17:14:51Z,4000x3000.png,4000,3000,Flip_Vertical,2,8,dynamic,1,omp,no,unset,unset,hype2,12.2.0,-O3 -Wall -Wextra -std=c++17 -fopenmp -DOMP_EXPLICIT_SIMD=1,1.534811,754d30e4e81eccfc,passed
regular-simd_omp-t8-dynamicx1-r2-4000x3000.png,2026-09-18T17:14:51Z,4000x3000.png,4000,3000,Quantize,2,8,dynamic,1,omp,yes,unset,unset,hype2,12.2.0,-O3 -Wall -Wextra -std=c++17 -fopenmp -DOMP_EXPLICIT_SIMD=1,29.920503,f01ef010a3fd2f20,passed
regular-simd_omp-t8-dynamicx1-r2-4000x3000.png,2026-09-18T17:14:51Z,4000x3000.png,4000,3000,Adjust_Contrast,2,8,dynamic,1,omp,yes,unset,unset,hype2,12.2.0,-O3 -Wall -Wextra -std=c++17 -fopenmp -DOMP_EXPLICIT_SIMD=1,13.551936,7cc9f4cee5c661bd,passed
regular-simd_omp-t8-dynamicx1-r2-4000x3000.png,2026-09-18T17:14:51Z,4000x3000.png,4000,3000,Negative,2,8,dynamic,1,omp,yes,unset,unset,hype2,12.2.0,-O3 -Wall -Wextra -std=c++17 -fopenmp -DOMP_EXPLICIT_SIMD=1,5.274403,043d4193294f2dcc,passed
regular-simd_omp-t8-dynamicx1-r2-4000x3000.png,2026-09-18T17:14:51Z,4000x3000.png,4000,3000,Equalize_Histogram,2,8,dynamic,1,omp,yes,unset,unset,hype2,12.2.0,-O3 -Wall -Wextra -std=c++17 -fopenmp -DOMP_EXPLICIT_SIMD=1,10.286590,243220feba4dd030,passed
regular-simd_omp-t8-dynamicx1-r2-4000x3000.png,2026-09-18T17:14:52Z,4000x3000.png,4000,3000,Zoom_In,2,8,dynamic,1,omp,yes,unset,unset,hype2,12.2.0,-O3 -Wall -Wextra -std=c++17 -fopenmp -DOMP_EXPLICIT_SIMD=1,33.116961,71b80276839f9533,passed
regular-simd_omp-t8-dynamicx1-r2-4000x3000.png,2026-09-18T17:14:52Z,4000x3000.png,4000,3000,Zoom_Out,2,8,dynamic,1,omp,no,unset,unset,hype2,12.2.0,-O3 -Wall -Wextra -std=c++17 -fopenmp -DOMP_EXPLICIT_SIMD=1,16.010129,a91f518a4f2dbd10,passed
regular-simd_omp-t8-dynamicx1-r2-4000x3000.png,2026-09-18T17:14:52Z,4000x3000.png,4000,3000,Rotate_CW,2,8,dynamic,1,omp,no,unset,unset,hype2,12.2.0,-O3 -Wall -Wextra -std=c++17 -fopenmp -DOMP_EXPLICIT_SIMD=1,40.090886,e0f27e61a205ef0a,passed
regular-simd_omp-t8-dynamicx1-r2-4000x3000.png,2026-09-18T17:14:52Z,4000x3000.png,4000,3000,Rotate_CCW,2,8,dynamic,1,omp,no,unset,unset,hype2,12.2.0,-O3 -Wall -Wextra -std=c++17 -fopenmp -DOMP_EXPLICIT_SIMD=1,40.841749,b4512f3b73b7723c,passed
regular-simd_omp-t8-dynamicx1-r2-4000x3000.png,2026-09-18T17:14:52Z,4000x3000.png,4000,3000,Gaussian_3x3,2,8,dynamic,1,omp,yes,unset,unset,hype2,12.2.0,-O3 -Wall -Wextra -std=c++17 -fopenmp -DOMP_EXPLICIT_SIMD=1,69.873124,bc1a93797b2afda7,passed
regular-simd_omp-t8-dynamicx1-r2-4000x3000.png,2026-09-18T17:14:52Z,4000x3000.png,4000,3000,Gaussian_5x5,2,8,dynamic,1,omp,yes,unset,unset,hype2,12.2.0,-O3 -Wall -Wextra -std=c++17 -fopenmp -DOMP_EXPLICIT_SIMD=1,120.269993,d67ccd9b6dbb62d8,passed
regular-simd_omp-t8-dynamicx1-r2-4000x3000.png,2026-09-18T17:14:52Z,4000x3000.png,4000,3000,Gaussian_7x7,2,8,dynamic,1,omp,yes,unset,unset,hype2,12.2.0,-O3 -Wall -Wextra -std=c++17 -fopenmp -DOMP_EXPLICIT_SIMD=1,201.433820,98f465f1820de349,passed
regular-simd_omp-t8-dynamicx1-r2-4000x3000.png,2026-09-18T17:14:53Z,4000x3000.png,4000,3000,Gaussian_9x9,2,8,dynamic,1,omp,yes,unset,unset,hype2,12.2.0,-O3 -Wall -Wextra -std=c++17 -fopenmp -DOMP_EXPLICIT_SIMD=1,309.624587,8f9bd96ceab3a369,passed
regular-simd_omp-t8-dynamicx1-r2-4000x3000.png,2026-09-18T17:14:53Z,4000x3000.png,4000,3000,Gaussian_11x11,2,8,dynamic,1,omp,yes,unset,unset,hype2,12.2.0,-O3 -Wall -Wextra -std=c++17 -fopenmp -DOMP_EXPLICIT_SIMD=1,443.163071,1e8adb9534bf99dc,passed
regular-simd_omp-t8-dynamicx1-r2-6000x6000.png,2026-09-18T17:14:55Z,6000x6000.png,6000,6000,Grayscale,2,8,dynamic,1,omp,yes,unset,unset,hype2,12.2.0,-O3 -Wall -Wextra -std=c++17 -fopenmp -DOMP_EXPLICIT_SIMD=1,21.871264,937793859b387046,passed
regular-simd_omp-t8-dynamicx1-r2-6000x6000.png,2026-09-18T17:14:55Z,6000x6000.png,6000,6000,Flip_Horizontal,2,8,dynamic,1,omp,no,unset,unset,hype2,12.2.0,-O3 -Wall -Wextra -std=c++17 -fopenmp -DOMP_EXPLICIT_SIMD=1,8.028796,3dfbc0e2f0b456c2,passed
regular-simd_omp-t8-dynamicx1-r2-6000x6000.png,2026-09-18T17:14:55Z,6000x6000.png,6000,6000,Adjust_Brightness,2,8,dynamic,1,omp,yes,unset,unset,hype2,12.2.0,-O3 -Wall -Wextra -std=c++17 -fopenmp -DOMP_EXPLICIT_SIMD=1,28.145496,5d4bea966648e7a7,passed
regular-simd_omp-t8-dynamicx1-r2-6000x6000.png,2026-09-18T17:14:55Z,6000x6000.png,6000,6000,Flip_Vertical,2,8,dynamic,1,omp,no,unset,unset,hype2,12.2.0,-O3 -Wall -Wextra -std=c++17 -fopenmp -DOMP_EXPLICIT_SIMD=1,4.262652,bd012cf684012198,passed
regular-simd_omp-t8-dynamicx1-r2-6000x6000.png,2026-09-18T17:14:56Z,6000x6000.png,6000,6000,Quantize,2,8,dynamic,1,omp,yes,unset,unset,hype2,12.2.0,-O3 -Wall -Wextra -std=c++17 -fopenmp -DOMP_EXPLICIT_SIMD=1,82.109196,b2e8843413e8e7a6,passed
regular-simd_omp-t8-dynamicx1-r2-6000x6000.png,2026-09-18T17:14:56Z,6000x6000.png,6000,6000,Adjust_Contrast,2,8,dynamic,1,omp,yes,unset,unset,hype2,12.2.0,-O3 -Wall -Wextra -std=c++17 -fopenmp -DOMP_EXPLICIT_SIMD=1,40.525884,c036bcbf5e6d6190,passed
regular-simd_omp-t8-dynamicx1-r2-6000x6000.png,2026-09-18T17:14:56Z,6000x6000.png,6000,6000,Negative,2,8,dynamic,1,omp,yes,unset,unset,hype2,12.2.0,-O3 -Wall -Wextra -std=c++17 -fopenmp -DOMP_EXPLICIT_SIMD=1,15.404721,0a497e94a83bbbc0,passed
regular-simd_omp-t8-dynamicx1-r2-6000x6000.png,2026-09-18T17:14:56Z,6000x6000.png,6000,6000,Equalize_Histogram,2,8,dynamic,1,omp,yes,unset,unset,hype2,12.2.0,-O3 -Wall -Wextra -std=c++17 -fopenmp -DOMP_EXPLICIT_SIMD=1,28.461246,5251e13888abb30f,passed
regular-simd_omp-t8-dynamicx1-r2-6000x6000.png,2026-09-18T17:14:57Z,6000x6000.png,6000,6000,Zoom_In,2,8,dynamic,1,omp,yes,unset,unset,hype2,12.2.0,-O3 -Wall -Wextra -std=c++17 -fopenmp -DOMP_EXPLICIT_SIMD=1,93.558976,4e063cbe88523a0e,passed
regular-simd_omp-t8-dynamicx1-r2-6000x6000.png,2026-09-18T17:14:57Z,6000x6000.png,6000,6000,Zoom_Out,2,8,dynamic,1,omp,no,unset,unset,hype2,12.2.0,-O3 -Wall -Wextra -std=c++17 -fopenmp -DOMP_EXPLICIT_SIMD=1,46.147916,8eace74e8cd425e6,passed
regular-simd_omp-t8-dynamicx1-r2-6000x6000.png,2026-09-18T17:14:58Z,6000x6000.png,6000,6000,Rotate_CW,2,8,dynamic,1,omp,no,unset,unset,hype2,12.2.0,-O3 -Wall -Wextra -std=c++17 -fopenmp -DOMP_EXPLICIT_SIMD=1,109.476847,dd5c83f3b3cee726,passed
regular-simd_omp-t8-dynamicx1-r2-6000x6000.png,2026-09-18T17:14:58Z,6000x6000.png,6000,6000,Rotate_CCW,2,8,dynamic,1,omp,no,unset,unset,hype2,12.2.0,-O3 -Wall -Wextra -std=c++17 -fopenmp -DOMP_EXPLICIT_SIMD=1,112.594358,51196bd3ed2b4ba4,passed
regular-simd_omp-t8-dynamicx1-r2-6000x6000.png,2026-09-18T17:14:58Z,6000x6000.png,6000,6000,Gaussian_3x3,2,8,dynamic,1,omp,yes,unset,unset,hype2,12.2.0,-O3 -Wall -Wextra -std=c++17 -fopenmp -DOMP_EXPLICIT_SIMD=1,204.115657,87566478e34b4f70,passed
regular-simd_omp-t8-dynamicx1-r2-6000x6000.png,2026-09-18T17:14:59Z,6000x6000.png,6000,6000,Gaussian_5x5,2,8,dynamic,1,omp,yes,unset,unset,hype2,12.2.0,-O3 -Wall -Wextra -std=c++17 -fopenmp -DOMP_EXPLICIT_SIMD=1,354.203961,4b23a258f94a27f0,passed
regular-simd_omp-t8-dynamicx1-r2-6000x6000.png,2026-09-18T17:15:00Z,6000x6000.png,6000,6000,Gaussian_7x7,2,8,dynamic,1,omp,yes,unset,unset,hype2,12.2.0,-O3 -Wall -Wextra -std=c++17 -fopenmp -DOMP_EXPLICIT_SIMD=1,613.203601,3771268fea0417e2,passed
regular-simd_omp-t8-dynamicx1-r2-6000x6000.png,2026-09-18T17:15:01Z,6000x6000.png,6000,6000,Gaussian_9x9,2,8,dynamic,1,omp,yes,unset,unset,hype2,12.2.0,-O3 -Wall -Wextra -std=c++17 -fopenmp -DOMP_EXPLICIT_SIMD=1,932.822826,3f6b7f707a108bd5,passed
regular-simd_omp-t8-dynamicx1-r2-6000x6000.png,2026-09-18T17:15:02Z,6000x6000.png,6000,6000,Gaussian_11x11,2,8,dynamic,1,omp,yes,unset,unset,hype2,12.2.0,-O3 -Wall -Wextra -std=c++17 -fopenmp -DOMP_EXPLICIT_SIMD=1,1334.855478,c923a906c8989668,passed
regular-simd_off-t8-dynamicx16-r2-4000x3000.png,2026-09-18T17:15:03Z,4000x3000.png,4000,3000,Grayscale,2,8,dynamic,16,off,yes,unset,unset,hype2,12.2.0,-O3 -Wall -Wextra -std=c++17 -fopenmp -DOMP_EXPLICIT_SIMD=0 -fno-tree-vectorize,7.400417,00925fa85224b60c,passed
regular-simd_off-t8-dynamicx16-r2-4000x3000.png,2026-09-18T17:15:03Z,4000x3000.png,4000,3000,Flip_Horizontal,2,8,dynamic,16,off,no,unset,unset,hype2,12.2.0,-O3 -Wall -Wextra -std=c++17 -fopenmp -DOMP_EXPLICIT_SIMD=0 -fno-tree-vectorize,3.299485,45d5313341f5868e,passed
regular-simd_off-t8-dynamicx16-r2-4000x3000.png,2026-09-18T17:15:03Z,4000x3000.png,4000,3000,Adjust_Brightness,2,8,dynamic,16,off,yes,unset,unset,hype2,12.2.0,-O3 -Wall -Wextra -std=c++17 -fopenmp -DOMP_EXPLICIT_SIMD=0 -fno-tree-vectorize,9.248202,e488c03148da4f5b,passed
regular-simd_off-t8-dynamicx16-r2-4000x3000.png,2026-09-18T17:15:03Z,4000x3000.png,4000,3000,Flip_Vertical,2,8,dynamic,16,off,no,unset,unset,hype2,12.2.0,-O3 -Wall -Wextra -std=c++17 -fopenmp -DOMP_EXPLICIT_SIMD=0 -fno-tree-vectorize,1.466876,754d30e4e81eccfc,passed
regular-simd_off-t8-dynamicx16-r2-4000x3000.png,2026-09-18T17:15:03Z,4000x3000.png,4000,3000,Quantize,2,8,dynamic,16,off,yes,unset,unset,hype2,12.2.0,-O3 -Wall -Wextra -std=c++17 -fopenmp -DOMP_EXPLICIT_SIMD=0 -fno-tree-vectorize,30.023574,f01ef010a3fd2f20,passed
regular-simd_off-t8-dynamicx16-r2-4000x3000.png,2026-09-18T17:15:03Z,4000x3000.png,4000,3000,Adjust_Contrast,2,8,dynamic,16,off,yes,unset,unset,hype2,12.2.0,-O3 -Wall -Wextra -std=c++17 -fopenmp -DOMP_EXPLICIT_SIMD=0 -fno-tree-vectorize,13.772527,7cc9f4cee5c661bd,passed
regular-simd_off-t8-dynamicx16-r2-4000x3000.png,2026-09-18T17:15:03Z,4000x3000.png,4000,3000,Negative,2,8,dynamic,16,off,yes,unset,unset,hype2,12.2.0,-O3 -Wall -Wextra -std=c++17 -fopenmp -DOMP_EXPLICIT_SIMD=0 -fno-tree-vectorize,5.231967,043d4193294f2dcc,passed
regular-simd_off-t8-dynamicx16-r2-4000x3000.png,2026-09-18T17:15:03Z,4000x3000.png,4000,3000,Equalize_Histogram,2,8,dynamic,16,off,yes,unset,unset,hype2,12.2.0,-O3 -Wall -Wextra -std=c++17 -fopenmp -DOMP_EXPLICIT_SIMD=0 -fno-tree-vectorize,10.081427,243220feba4dd030,passed
regular-simd_off-t8-dynamicx16-r2-4000x3000.png,2026-09-18T17:15:04Z,4000x3000.png,4000,3000,Zoom_In,2,8,dynamic,16,off,yes,unset,unset,hype2,12.2.0,-O3 -Wall -Wextra -std=c++17 -fopenmp -DOMP_EXPLICIT_SIMD=0 -fno-tree-vectorize,25.422798,71b80276839f9533,passed
regular-simd_off-t8-dynamicx16-r2-4000x3000.png,2026-09-18T17:15:04Z,4000x3000.png,4000,3000,Zoom_Out,2,8,dynamic,16,off,no,unset,unset,hype2,12.2.0,-O3 -Wall -Wextra -std=c++17 -fopenmp -DOMP_EXPLICIT_SIMD=0 -fno-tree-vectorize,15.380312,a91f518a4f2dbd10,passed
regular-simd_off-t8-dynamicx16-r2-4000x3000.png,2026-09-18T17:15:04Z,4000x3000.png,4000,3000,Rotate_CW,2,8,dynamic,16,off,no,unset,unset,hype2,12.2.0,-O3 -Wall -Wextra -std=c++17 -fopenmp -DOMP_EXPLICIT_SIMD=0 -fno-tree-vectorize,25.330653,e0f27e61a205ef0a,passed
regular-simd_off-t8-dynamicx16-r2-4000x3000.png,2026-09-18T17:15:04Z,4000x3000.png,4000,3000,Rotate_CCW,2,8,dynamic,16,off,no,unset,unset,hype2,12.2.0,-O3 -Wall -Wextra -std=c++17 -fopenmp -DOMP_EXPLICIT_SIMD=0 -fno-tree-vectorize,25.049997,b4512f3b73b7723c,passed
regular-simd_off-t8-dynamicx16-r2-4000x3000.png,2026-09-18T17:15:04Z,4000x3000.png,4000,3000,Gaussian_3x3,2,8,dynamic,16,off,yes,unset,unset,hype2,12.2.0,-O3 -Wall -Wextra -std=c++17 -fopenmp -DOMP_EXPLICIT_SIMD=0 -fno-tree-vectorize,68.328191,bc1a93797b2afda7,passed
regular-simd_off-t8-dynamicx16-r2-4000x3000.png,2026-09-18T17:15:04Z,4000x3000.png,4000,3000,Gaussian_5x5,2,8,dynamic,16,off,yes,unset,unset,hype2,12.2.0,-O3 -Wall -Wextra -std=c++17 -fopenmp -DOMP_EXPLICIT_SIMD=0 -fno-tree-vectorize,119.479274,d67ccd9b6dbb62d8,passed
regular-simd_off-t8-dynamicx16-r2-4000x3000.png,2026-09-18T17:15:04Z,4000x3000.png,4000,3000,Gaussian_7x7,2,8,dynamic,16,off,yes,unset,unset,hype2,12.2.0,-O3 -Wall -Wextra -std=c++17 -fopenmp -DOMP_EXPLICIT_SIMD=0 -fno-tree-vectorize,203.255098,98f465f1820de349,passed
regular-simd_off-t8-dynamicx16-r2-4000x3000.png,2026-09-18T17:15:05Z,4000x3000.png,4000,3000,Gaussian_9x9,2,8,dynamic,16,off,yes,unset,unset,hype2,12.2.0,-O3 -Wall -Wextra -std=c++17 -fopenmp -DOMP_EXPLICIT_SIMD=0 -fno-tree-vectorize,315.473150,8f9bd96ceab3a369,passed
regular-simd_off-t8-dynamicx16-r2-4000x3000.png,2026-09-18T17:15:05Z,4000x3000.png,4000,3000,Gaussian_11x11,2,8,dynamic,16,off,yes,unset,unset,hype2,12.2.0,-O3 -Wall -Wextra -std=c++17 -fopenmp -DOMP_EXPLICIT_SIMD=0 -fno-tree-vectorize,451.527501,1e8adb9534bf99dc,passed
regular-simd_off-t8-dynamicx16-r2-6000x6000.png,2026-09-18T17:15:07Z,6000x6000.png,6000,6000,Grayscale,2,8,dynamic,16,off,yes,unset,unset,hype2,12.2.0,-O3 -Wall -Wextra -std=c++17 -fopenmp -DOMP_EXPLICIT_SIMD=0 -fno-tree-vectorize,20.936703,937793859b387046,passed
regular-simd_off-t8-dynamicx16-r2-6000x6000.png,2026-09-18T17:15:07Z,6000x6000.png,6000,6000,Flip_Horizontal,2,8,dynamic,16,off,no,unset,unset,hype2,12.2.0,-O3 -Wall -Wextra -std=c++17 -fopenmp -DOMP_EXPLICIT_SIMD=0 -fno-tree-vectorize,8.646109,3dfbc0e2f0b456c2,passed
regular-simd_off-t8-dynamicx16-r2-6000x6000.png,2026-09-18T17:15:07Z,6000x6000.png,6000,6000,Adjust_Brightness,2,8,dynamic,16,off,yes,unset,unset,hype2,12.2.0,-O3 -Wall -Wextra -std=c++17 -fopenmp -DOMP_EXPLICIT_SIMD=0 -fno-tree-vectorize,27.218803,5d4bea966648e7a7,passed
regular-simd_off-t8-dynamicx16-r2-6000x6000.png,2026-09-18T17:15:07Z,6000x6000.png,6000,6000,Flip_Vertical,2,8,dynamic,16,off,no,unset,unset,hype2,12.2.0,-O3 -Wall -Wextra -std=c++17 -fopenmp -DOMP_EXPLICIT_SIMD=0 -fno-tree-vectorize,4.102075,bd012cf684012198,passed
regular-simd_off-t8-dynamicx16-r2-6000x6000.png,2026-09-18T17:15:08Z,6000x6000.png,6000,6000,Quantize,2,8,dynamic,16,off,yes,unset,unset,hype2,12.2.0,-O3 -Wall -Wextra -std=c++17 -fopenmp -DOMP_EXPLICIT_SIMD=0 -fno-tree-vectorize,81.241208,b2e8843413e8e7a6,passed
regular-simd_off-t8-dynamicx16-r2-6000x6000.png,2026-09-18T17:15:08Z,6000x6000.png,6000,6000,Adjust_Contrast,2,8,dynamic,16,off,yes,unset,unset,hype2,12.2.0,-O3 -Wall -Wextra -std=c++17 -fopenmp -DOMP_EXPLICIT_SIMD=0 -fno-tree-vectorize,40.315507,c036bcbf5e6d6190,passed
regular-simd_off-t8-dynamicx16-r2-6000x6000.png,2026-09-18T17:15:08Z,6000x6000.png,6000,6000,Negative,2,8,dynamic,16,off,yes,unset,unset,hype2,12.2.0,-O3 -Wall -Wextra -std=c++17 -fopenmp -DOMP_EXPLICIT_SIMD=0 -fno-tree-vectorize,15.734652,0a497e94a83bbbc0,passed
regular-simd_off-t8-dynamicx16-r2-6000x6000.png,2026-09-18T17:15:08Z,6000x6000.png,6000,6000,Equalize_Histogram,2,8,dynamic,16,off,yes,unset,unset,hype2,12.2.0,-O3 -Wall -Wextra -std=c++17 -fopenmp -DOMP_EXPLICIT_SIMD=0 -fno-tree-vectorize,27.420405,5251e13888abb30f,passed
regular-simd_off-t8-dynamicx16-r2-6000x6000.png,2026-09-18T17:15:09Z,6000x6000.png,6000,6000,Zoom_In,2,8,dynamic,16,off,yes,unset,unset,hype2,12.2.0,-O3 -Wall -Wextra -std=c++17 -fopenmp -DOMP_EXPLICIT_SIMD=0 -fno-tree-vectorize,61.675225,4e063cbe88523a0e,passed
regular-simd_off-t8-dynamicx16-r2-6000x6000.png,2026-09-18T17:15:09Z,6000x6000.png,6000,6000,Zoom_Out,2,8,dynamic,16,off,no,unset,unset,hype2,12.2.0,-O3 -Wall -Wextra -std=c++17 -fopenmp -DOMP_EXPLICIT_SIMD=0 -fno-tree-vectorize,43.762794,8eace74e8cd425e6,passed
regular-simd_off-t8-dynamicx16-r2-6000x6000.png,2026-09-18T17:15:10Z,6000x6000.png,6000,6000,Rotate_CW,2,8,dynamic,16,off,no,unset,unset,hype2,12.2.0,-O3 -Wall -Wextra -std=c++17 -fopenmp -DOMP_EXPLICIT_SIMD=0 -fno-tree-vectorize,72.467165,dd5c83f3b3cee726,passed
regular-simd_off-t8-dynamicx16-r2-6000x6000.png,2026-09-18T17:15:10Z,6000x6000.png,6000,6000,Rotate_CCW,2,8,dynamic,16,off,no,unset,unset,hype2,12.2.0,-O3 -Wall -Wextra -std=c++17 -fopenmp -DOMP_EXPLICIT_SIMD=0 -fno-tree-vectorize,72.428087,51196bd3ed2b4ba4,passed
regular-simd_off-t8-dynamicx16-r2-6000x6000.png,2026-09-18T17:15:10Z,6000x6000.png,6000,6000,Gaussian_3x3,2,8,dynamic,16,off,yes,unset,unset,hype2,12.2.0,-O3 -Wall -Wextra -std=c++17 -fopenmp -DOMP_EXPLICIT_SIMD=0 -fno-tree-vectorize,199.744160,87566478e34b4f70,passed
regular-simd_off-t8-dynamicx16-r2-6000x6000.png,2026-09-18T17:15:11Z,6000x6000.png,6000,6000,Gaussian_5x5,2,8,dynamic,16,off,yes,unset,unset,hype2,12.2.0,-O3 -Wall -Wextra -std=c++17 -fopenmp -DOMP_EXPLICIT_SIMD=0 -fno-tree-vectorize,350.143008,4b23a258f94a27f0,passed
regular-simd_off-t8-dynamicx16-r2-6000x6000.png,2026-09-18T17:15:11Z,6000x6000.png,6000,6000,Gaussian_7x7,2,8,dynamic,16,off,yes,unset,unset,hype2,12.2.0,-O3 -Wall -Wextra -std=c++17 -fopenmp -DOMP_EXPLICIT_SIMD=0 -fno-tree-vectorize,601.482275,3771268fea0417e2,passed
regular-simd_off-t8-dynamicx16-r2-6000x6000.png,2026-09-18T17:15:13Z,6000x6000.png,6000,6000,Gaussian_9x9,2,8,dynamic,16,off,yes,unset,unset,hype2,12.2.0,-O3 -Wall -Wextra -std=c++17 -fopenmp -DOMP_EXPLICIT_SIMD=0 -fno-tree-vectorize,930.889504,3f6b7f707a108bd5,passed
regular-simd_off-t8-dynamicx16-r2-6000x6000.png,2026-09-18T17:15:14Z,6000x6000.png,6000,6000,Gaussian_11x11,2,8,dynamic,16,off,yes,unset,unset,hype2,12.2.0,-O3 -Wall -Wextra -std=c++17 -fopenmp -DOMP_EXPLICIT_SIMD=0 -fno-tree-vectorize,1341.105996,c923a906c8989668,passed
regular-simd_omp-t8-dynamicx16-r2-4000x3000.png,2026-09-18T17:15:15Z,4000x3000.png,4000,3000,Grayscale,2,8,dynamic,16,omp,yes,unset,unset,hype2,12.2.0,-O3 -Wall -Wextra -std=c++17 -fopenmp -DOMP_EXPLICIT_SIMD=1,7.650089,00925fa85224b60c,passed
regular-simd_omp-t8-dynamicx16-r2-4000x3000.png,2026-09-18T17:15:15Z,4000x3000.png,4000,3000,Flip_Horizontal,2,8,dynamic,16,omp,no,unset,unset,hype2,12.2.0,-O3 -Wall -Wextra -std=c++17 -fopenmp -DOMP_EXPLICIT_SIMD=1,3.258821,45d5313341f5868e,passed
regular-simd_omp-t8-dynamicx16-r2-4000x3000.png,2026-09-18T17:15:15Z,4000x3000.png,4000,3000,Adjust_Brightness,2,8,dynamic,16,omp,yes,unset,unset,hype2,12.2.0,-O3 -Wall -Wextra -std=c++17 -fopenmp -DOMP_EXPLICIT_SIMD=1,9.476436,e488c03148da4f5b,passed
regular-simd_omp-t8-dynamicx16-r2-4000x3000.png,2026-09-18T17:15:15Z,4000x3000.png,4000,3000,Flip_Vertical,2,8,dynamic,16,omp,no,unset,unset,hype2,12.2.0,-O3 -Wall -Wextra -std=c++17 -fopenmp -DOMP_EXPLICIT_SIMD=1,1.586894,754d30e4e81eccfc,passed
regular-simd_omp-t8-dynamicx16-r2-4000x3000.png,2026-09-18T17:15:15Z,4000x3000.png,4000,3000,Quantize,2,8,dynamic,16,omp,yes,unset,unset,hype2,12.2.0,-O3 -Wall -Wextra -std=c++17 -fopenmp -DOMP_EXPLICIT_SIMD=1,30.357509,f01ef010a3fd2f20,passed
regular-simd_omp-t8-dynamicx16-r2-4000x3000.png,2026-09-18T17:15:15Z,4000x3000.png,4000,3000,Adjust_Contrast,2,8,dynamic,16,omp,yes,unset,unset,hype2,12.2.0,-O3 -Wall -Wextra -std=c++17 -fopenmp -DOMP_EXPLICIT_SIMD=1,13.746647,7cc9f4cee5c661bd,passed
regular-simd_omp-t8-dynamicx16-r2-4000x3000.png,2026-09-18T17:15:15Z,4000x3000.png,4000,3000,Negative,2,8,dynamic,16,omp,yes,unset,unset,hype2,12.2.0,-O3 -Wall -Wextra -std=c++17 -fopenmp -DOMP_EXPLICIT_SIMD=1,5.222835,043d4193294f2dcc,passed
regular-simd_omp-t8-dynamicx16-r2-4000x3000.png,2026-09-18T17:15:15Z,4000x3000.png,4000,3000,Equalize_Histogram,2,8,dynamic,16,omp,yes,unset,unset,hype2,12.2.0,-O3 -Wall -Wextra -std=c++17 -fopenmp -DOMP_EXPLICIT_SIMD=1,10.325222,243220feba4dd030,passed
regular-simd_omp-t8-dynamicx16-r2-4000x3000.png,2026-09-18T17:15:15Z,4000x3000.png,4000,3000,Zoom_In,2,8,dynamic,16,omp,yes,unset,unset,hype2,12.2.0,-O3 -Wall -Wextra -std=c++17 -fopenmp -DOMP_EXPLICIT_SIMD=1,22.370597,71b80276839f9533,passed
regular-simd_omp-t8-dynamicx16-r2-4000x3000.png,2026-09-18T17:15:15Z,4000x3000.png,4000,3000,Zoom_Out,2,8,dynamic,16,omp,no,unset,unset,hype2,12.2.0,-O3 -Wall -Wextra -std=c++17 -fopenmp -DOMP_EXPLICIT_SIMD=1,15.545263,a91f518a4f2dbd10,passed
regular-simd_omp-t8-dynamicx16-r2-4000x3000.png,2026-09-18T17:15:16Z,4000x3000.png,4000,3000,Rotate_CW,2,8,dynamic,16,omp,no,unset,unset,hype2,12.2.0,-O3 -Wall -Wextra -std=c++17 -fopenmp -DOMP_EXPLICIT_SIMD=1,25.202010,e0f27e61a205ef0a,passed
regular-simd_omp-t8-dynamicx16-r2-4000x3000.png,2026-09-18T17:15:16Z,4000x3000.png,4000,3000,Rotate_CCW,2,8,dynamic,16,omp,no,unset,unset,hype2,12.2.0,-O3 -Wall -Wextra -std=c++17 -fopenmp -DOMP_EXPLICIT_SIMD=1,25.339792,b4512f3b73b7723c,passed
regular-simd_omp-t8-dynamicx16-r2-4000x3000.png,2026-09-18T17:15:16Z,4000x3000.png,4000,3000,Gaussian_3x3,2,8,dynamic,16,omp,yes,unset,unset,hype2,12.2.0,-O3 -Wall -Wextra -std=c++17 -fopenmp -DOMP_EXPLICIT_SIMD=1,66.497295,bc1a93797b2afda7,passed
regular-simd_omp-t8-dynamicx16-r2-4000x3000.png,2026-09-18T17:15:16Z,4000x3000.png,4000,3000,Gaussian_5x5,2,8,dynamic,16,omp,yes,unset,unset,hype2,12.2.0,-O3 -Wall -Wextra -std=c++17 -fopenmp -DOMP_EXPLICIT_SIMD=1,120.568002,d67ccd9b6dbb62d8,passed
regular-simd_omp-t8-dynamicx16-r2-4000x3000.png,2026-09-18T17:15:16Z,4000x3000.png,4000,3000,Gaussian_7x7,2,8,dynamic,16,omp,yes,unset,unset,hype2,12.2.0,-O3 -Wall -Wextra -std=c++17 -fopenmp -DOMP_EXPLICIT_SIMD=1,204.301438,98f465f1820de349,passed
regular-simd_omp-t8-dynamicx16-r2-4000x3000.png,2026-09-18T17:15:17Z,4000x3000.png,4000,3000,Gaussian_9x9,2,8,dynamic,16,omp,yes,unset,unset,hype2,12.2.0,-O3 -Wall -Wextra -std=c++17 -fopenmp -DOMP_EXPLICIT_SIMD=1,319.072354,8f9bd96ceab3a369,passed
regular-simd_omp-t8-dynamicx16-r2-4000x3000.png,2026-09-18T17:15:17Z,4000x3000.png,4000,3000,Gaussian_11x11,2,8,dynamic,16,omp,yes,unset,unset,hype2,12.2.0,-O3 -Wall -Wextra -std=c++17 -fopenmp -DOMP_EXPLICIT_SIMD=1,449.340564,1e8adb9534bf99dc,passed
regular-simd_omp-t8-dynamicx16-r2-6000x6000.png,2026-09-18T17:15:19Z,6000x6000.png,6000,6000,Grayscale,2,8,dynamic,16,omp,yes,unset,unset,hype2,12.2.0,-O3 -Wall -Wextra -std=c++17 -fopenmp -DOMP_EXPLICIT_SIMD=1,21.549443,937793859b387046,passed
regular-simd_omp-t8-dynamicx16-r2-6000x6000.png,2026-09-18T17:15:19Z,6000x6000.png,6000,6000,Flip_Horizontal,2,8,dynamic,16,omp,no,unset,unset,hype2,12.2.0,-O3 -Wall -Wextra -std=c++17 -fopenmp -DOMP_EXPLICIT_SIMD=1,8.623575,3dfbc0e2f0b456c2,passed
regular-simd_omp-t8-dynamicx16-r2-6000x6000.png,2026-09-18T17:15:19Z,6000x6000.png,6000,6000,Adjust_Brightness,2,8,dynamic,16,omp,yes,unset,unset,hype2,12.2.0,-O3 -Wall -Wextra -std=c++17 -fopenmp -DOMP_EXPLICIT_SIMD=1,26.881032,5d4bea966648e7a7,passed
regular-simd_omp-t8-dynamicx16-r2-6000x6000.png,2026-09-18T17:15:19Z,6000x6000.png,6000,6000,Flip_Vertical,2,8,dynamic,16,omp,no,unset,unset,hype2,12.2.0,-O3 -Wall -Wextra -std=c++17 -fopenmp -DOMP_EXPLICIT_SIMD=1,4.107621,bd012cf684012198,passed
regular-simd_omp-t8-dynamicx16-r2-6000x6000.png,2026-09-18T17:15:20Z,6000x6000.png,6000,6000,Quantize,2,8,dynamic,16,omp,yes,unset,unset,hype2,12.2.0,-O3 -Wall -Wextra -std=c++17 -fopenmp -DOMP_EXPLICIT_SIMD=1,82.332057,b2e8843413e8e7a6,passed
regular-simd_omp-t8-dynamicx16-r2-6000x6000.png,2026-09-18T17:15:20Z,6000x6000.png,6000,6000,Adjust_Contrast,2,8,dynamic,16,omp,yes,unset,unset,hype2,12.2.0,-O3 -Wall -Wextra -std=c++17 -fopenmp -DOMP_EXPLICIT_SIMD=1,40.682843,c036bcbf5e6d6190,passed
regular-simd_omp-t8-dynamicx16-r2-6000x6000.png,2026-09-18T17:15:20Z,6000x6000.png,6000,6000,Negative,2,8,dynamic,16,omp,yes,unset,unset,hype2,12.2.0,-O3 -Wall -Wextra -std=c++17 -fopenmp -DOMP_EXPLICIT_SIMD=1,15.184756,0a497e94a83bbbc0,passed
regular-simd_omp-t8-dynamicx16-r2-6000x6000.png,2026-09-18T17:15:20Z,6000x6000.png,6000,6000,Equalize_Histogram,2,8,dynamic,16,omp,yes,unset,unset,hype2,12.2.0,-O3 -Wall -Wextra -std=c++17 -fopenmp -DOMP_EXPLICIT_SIMD=1,27.279044,5251e13888abb30f,passed
regular-simd_omp-t8-dynamicx16-r2-6000x6000.png,2026-09-18T17:15:21Z,6000x6000.png,6000,6000,Zoom_In,2,8,dynamic,16,omp,yes,unset,unset,hype2,12.2.0,-O3 -Wall -Wextra -std=c++17 -fopenmp -DOMP_EXPLICIT_SIMD=1,54.496096,4e063cbe88523a0e,passed
regular-simd_omp-t8-dynamicx16-r2-6000x6000.png,2026-09-18T17:15:21Z,6000x6000.png,6000,6000,Zoom_Out,2,8,dynamic,16,omp,no,unset,unset,hype2,12.2.0,-O3 -Wall -Wextra -std=c++17 -fopenmp -DOMP_EXPLICIT_SIMD=1,43.943575,8eace74e8cd425e6,passed
regular-simd_omp-t8-dynamicx16-r2-6000x6000.png,2026-09-18T17:15:21Z,6000x6000.png,6000,6000,Rotate_CW,2,8,dynamic,16,omp,no,unset,unset,hype2,12.2.0,-O3 -Wall -Wextra -std=c++17 -fopenmp -DOMP_EXPLICIT_SIMD=1,71.514541,dd5c83f3b3cee726,passed
regular-simd_omp-t8-dynamicx16-r2-6000x6000.png,2026-09-18T17:15:22Z,6000x6000.png,6000,6000,Rotate_CCW,2,8,dynamic,16,omp,no,unset,unset,hype2,12.2.0,-O3 -Wall -Wextra -std=c++17 -fopenmp -DOMP_EXPLICIT_SIMD=1,72.221791,51196bd3ed2b4ba4,passed
regular-simd_omp-t8-dynamicx16-r2-6000x6000.png,2026-09-18T17:15:22Z,6000x6000.png,6000,6000,Gaussian_3x3,2,8,dynamic,16,omp,yes,unset,unset,hype2,12.2.0,-O3 -Wall -Wextra -std=c++17 -fopenmp -DOMP_EXPLICIT_SIMD=1,194.788810,87566478e34b4f70,passed
regular-simd_omp-t8-dynamicx16-r2-6000x6000.png,2026-09-18T17:15:23Z,6000x6000.png,6000,6000,Gaussian_5x5,2,8,dynamic,16,omp,yes,unset,unset,hype2,12.2.0,-O3 -Wall -Wextra -std=c++17 -fopenmp -DOMP_EXPLICIT_SIMD=1,350.545444,4b23a258f94a27f0,passed
regular-simd_omp-t8-dynamicx16-r2-6000x6000.png,2026-09-18T17:15:23Z,6000x6000.png,6000,6000,Gaussian_7x7,2,8,dynamic,16,omp,yes,unset,unset,hype2,12.2.0,-O3 -Wall -Wextra -std=c++17 -fopenmp -DOMP_EXPLICIT_SIMD=1,600.823709,3771268fea0417e2,passed
regular-simd_omp-t8-dynamicx16-r2-6000x6000.png,2026-09-18T17:15:24Z,6000x6000.png,6000,6000,Gaussian_9x9,2,8,dynamic,16,omp,yes,unset,unset,hype2,12.2.0,-O3 -Wall -Wextra -std=c++17 -fopenmp -DOMP_EXPLICIT_SIMD=1,934.584202,3f6b7f707a108bd5,passed
regular-simd_omp-t8-dynamicx16-r2-6000x6000.png,2026-09-18T17:15:26Z,6000x6000.png,6000,6000,Gaussian_11x11,2,8,dynamic,16,omp,yes,unset,unset,hype2,12.2.0,-O3 -Wall -Wextra -std=c++17 -fopenmp -DOMP_EXPLICIT_SIMD=1,1333.003295,c923a906c8989668,passed
regular-simd_off-t8-static-r2-4000x3000.png,2026-09-18T17:15:27Z,4000x3000.png,4000,3000,Grayscale,2,8,static,,off,yes,unset,unset,hype2,12.2.0,-O3 -Wall -Wextra -std=c++17 -fopenmp -DOMP_EXPLICIT_SIMD=0 -fno-tree-vectorize,7.481298,00925fa85224b60c,passed
regular-simd_off-t8-static-r2-4000x3000.png,2026-09-18T17:15:27Z,4000x3000.png,4000,3000,Flip_Horizontal,2,8,static,,off,no,unset,unset,hype2,12.2.0,-O3 -Wall -Wextra -std=c++17 -fopenmp -DOMP_EXPLICIT_SIMD=0 -fno-tree-vectorize,3.597211,45d5313341f5868e,passed
regular-simd_off-t8-static-r2-4000x3000.png,2026-09-18T17:15:27Z,4000x3000.png,4000,3000,Adjust_Brightness,2,8,static,,off,yes,unset,unset,hype2,12.2.0,-O3 -Wall -Wextra -std=c++17 -fopenmp -DOMP_EXPLICIT_SIMD=0 -fno-tree-vectorize,9.242798,e488c03148da4f5b,passed
regular-simd_off-t8-static-r2-4000x3000.png,2026-09-18T17:15:27Z,4000x3000.png,4000,3000,Flip_Vertical,2,8,static,,off,no,unset,unset,hype2,12.2.0,-O3 -Wall -Wextra -std=c++17 -fopenmp -DOMP_EXPLICIT_SIMD=0 -fno-tree-vectorize,1.730734,754d30e4e81eccfc,passed
regular-simd_off-t8-static-r2-4000x3000.png,2026-09-18T17:15:27Z,4000x3000.png,4000,3000,Quantize,2,8,static,,off,yes,unset,unset,hype2,12.2.0,-O3 -Wall -Wextra -std=c++17 -fopenmp -DOMP_EXPLICIT_SIMD=0 -fno-tree-vectorize,29.364572,f01ef010a3fd2f20,passed
regular-simd_off-t8-static-r2-4000x3000.png,2026-09-18T17:15:27Z,4000x3000.png,4000,3000,Adjust_Contrast,2,8,static,,off,yes,unset,unset,hype2,12.2.0,-O3 -Wall -Wextra -std=c++17 -fopenmp -DOMP_EXPLICIT_SIMD=0 -fno-tree-vectorize,13.745352,7cc9f4cee5c661bd,passed
regular-simd_off-t8-static-r2-4000x3000.png,2026-09-18T17:15:27Z,4000x3000.png,4000,3000,Negative,2,8,static,,off,yes,unset,unset,hype2,12.2.0,-O3 -Wall -Wextra -std=c++17 -fopenmp -DOMP_EXPLICIT_SIMD=0 -fno-tree-vectorize,5.433746,043d4193294f2dcc,passed
regular-simd_off-t8-static-r2-4000x3000.png,2026-09-18T17:15:27Z,4000x3000.png,4000,3000,Equalize_Histogram,2,8,static,,off,yes,unset,unset,hype2,12.2.0,-O3 -Wall -Wextra -std=c++17 -fopenmp -DOMP_EXPLICIT_SIMD=0 -fno-tree-vectorize,9.293644,243220feba4dd030,passed
regular-simd_off-t8-static-r2-4000x3000.png,2026-09-18T17:15:27Z,4000x3000.png,4000,3000,Zoom_In,2,8,static,,off,yes,unset,unset,hype2,12.2.0,-O3 -Wall -Wextra -std=c++17 -fopenmp -DOMP_EXPLICIT_SIMD=0 -fno-tree-vectorize,21.948086,71b80276839f9533,passed
regular-simd_off-t8-static-r2-4000x3000.png,2026-09-18T17:15:27Z,4000x3000.png,4000,3000,Zoom_Out,2,8,static,,off,no,unset,unset,hype2,12.2.0,-O3 -Wall -Wextra -std=c++17 -fopenmp -DOMP_EXPLICIT_SIMD=0 -fno-tree-vectorize,15.425700,a91f518a4f2dbd10,passed
regular-simd_off-t8-static-r2-4000x3000.png,2026-09-18T17:15:27Z,4000x3000.png,4000,3000,Rotate_CW,2,8,static,,off,no,unset,unset,hype2,12.2.0,-O3 -Wall -Wextra -std=c++17 -fopenmp -DOMP_EXPLICIT_SIMD=0 -fno-tree-vectorize,20.312667,e0f27e61a205ef0a,passed
regular-simd_off-t8-static-r2-4000x3000.png,2026-09-18T17:15:28Z,4000x3000.png,4000,3000,Rotate_CCW,2,8,static,,off,no,unset,unset,hype2,12.2.0,-O3 -Wall -Wextra -std=c++17 -fopenmp -DOMP_EXPLICIT_SIMD=0 -fno-tree-vectorize,25.251414,b4512f3b73b7723c,passed
regular-simd_off-t8-static-r2-4000x3000.png,2026-09-18T17:15:28Z,4000x3000.png,4000,3000,Gaussian_3x3,2,8,static,,off,yes,unset,unset,hype2,12.2.0,-O3 -Wall -Wextra -std=c++17 -fopenmp -DOMP_EXPLICIT_SIMD=0 -fno-tree-vectorize,66.162434,bc1a93797b2afda7,passed
regular-simd_off-t8-static-r2-4000x3000.png,2026-09-18T17:15:28Z,4000x3000.png,4000,3000,Gaussian_5x5,2,8,static,,off,yes,unset,unset,hype2,12.2.0,-O3 -Wall -Wextra -std=c++17 -fopenmp -DOMP_EXPLICIT_SIMD=0 -fno-tree-vectorize,116.857917,d67ccd9b6dbb62d8,passed
regular-simd_off-t8-static-r2-4000x3000.png,2026-09-18T17:15:28Z,4000x3000.png,4000,3000,Gaussian_7x7,2,8,static,,off,yes,unset,unset,hype2,12.2.0,-O3 -Wall -Wextra -std=c++17 -fopenmp -DOMP_EXPLICIT_SIMD=0 -fno-tree-vectorize,200.252177,98f465f1820de349,passed
regular-simd_off-t8-static-r2-4000x3000.png,2026-09-18T17:15:28Z,4000x3000.png,4000,3000,Gaussian_9x9,2,8,static,,off,yes,unset,unset,hype2,12.2.0,-O3 -Wall -Wextra -std=c++17 -fopenmp -DOMP_EXPLICIT_SIMD=0 -fno-tree-vectorize,309.541525,8f9bd96ceab3a369,passed
regular-simd_off-t8-static-r2-4000x3000.png,2026-09-18T17:15:29Z,4000x3000.png,4000,3000,Gaussian_11x11,2,8,static,,off,yes,unset,unset,hype2,12.2.0,-O3 -Wall -Wextra -std=c++17 -fopenmp -DOMP_EXPLICIT_SIMD=0 -fno-tree-vectorize,448.536688,1e8adb9534bf99dc,passed
regular-simd_off-t8-static-r2-6000x6000.png,2026-09-18T17:15:31Z,6000x6000.png,6000,6000,Grayscale,2,8,static,,off,yes,unset,unset,hype2,12.2.0,-O3 -Wall -Wextra -std=c++17 -fopenmp -DOMP_EXPLICIT_SIMD=0 -fno-tree-vectorize,21.062383,937793859b387046,passed
regular-simd_off-t8-static-r2-6000x6000.png,2026-09-18T17:15:31Z,6000x6000.png,6000,6000,Flip_Horizontal,2,8,static,,off,no,unset,unset,hype2,12.2.0,-O3 -Wall -Wextra -std=c++17 -fopenmp -DOMP_EXPLICIT_SIMD=0 -fno-tree-vectorize,9.482252,3dfbc0e2f0b456c2,passed
regular-simd_off-t8-static-r2-6000x6000.png,2026-09-18T17:15:31Z,6000x6000.png,6000,6000,Adjust_Brightness,2,8,static,,off,yes,unset,unset,hype2,12.2.0,-O3 -Wall -Wextra -std=c++17 -fopenmp -DOMP_EXPLICIT_SIMD=0 -fno-tree-vectorize,26.498966,5d4bea966648e7a7,passed
regular-simd_off-t8-static-r2-6000x6000.png,2026-09-18T17:15:31Z,6000x6000.png,6000,6000,Flip_Vertical,2,8,static,,off,no,unset,unset,hype2,12.2.0,-O3 -Wall -Wextra -std=c++17 -fopenmp -DOMP_EXPLICIT_SIMD=0 -fno-tree-vectorize,4.333288,bd012cf684012198,passed
regular-simd_off-t8-static-r2-6000x6000.png,2026-09-18T17:15:32Z,6000x6000.png,6000,6000,Quantize,2,8,static,,off,yes,unset,unset,hype2,12.2.0,-O3 -Wall -Wextra -std=c++17 -fopenmp -DOMP_EXPLICIT_SIMD=0 -fno-tree-vectorize,81.485851,b2e8843413e8e7a6,passed
regular-simd_off-t8-static-r2-6000x6000.png,2026-09-18T17:15:32Z,6000x6000.png,6000,6000,Adjust_Contrast,2,8,static,,off,yes,unset,unset,hype2,12.2.0,-O3 -Wall -Wextra -std=c++17 -fopenmp -DOMP_EXPLICIT_SIMD=0 -fno-tree-vectorize,40.420566,c036bcbf5e6d6190,passed
regular-simd_off-t8-static-r2-6000x6000.png,2026-09-18T17:15:32Z,6000x6000.png,6000,6000,Negative,2,8,static,,off,yes,unset,unset,hype2,12.2.0,-O3 -Wall -Wextra -std=c++17 -fopenmp -DOMP_EXPLICIT_SIMD=0 -fno-tree-vectorize,15.880299,0a497e94a83bbbc0,passed
regular-simd_off-t8-static-r2-6000x6000.png,2026-09-18T17:15:32Z,6000x6000.png,6000,6000,Equalize_Histogram,2,8,static,,off,yes,unset,unset,hype2,12.2.0,-O3 -Wall -Wextra -std=c++17 -fopenmp -DOMP_EXPLICIT_SIMD=0 -fno-tree-vectorize,27.682970,5251e13888abb30f,passed
regular-simd_off-t8-static-r2-6000x6000.png,2026-09-18T17:15:33Z,6000x6000.png,6000,6000,Zoom_In,2,8,static,,off,yes,unset,unset,hype2,12.2.0,-O3 -Wall -Wextra -std=c++17 -fopenmp -DOMP_EXPLICIT_SIMD=0 -fno-tree-vectorize,60.236871,4e063cbe88523a0e,passed
regular-simd_off-t8-static-r2-6000x6000.png,2026-09-18T17:15:33Z,6000x6000.png,6000,6000,Zoom_Out,2,8,static,,off,no,unset,unset,hype2,12.2.0,-O3 -Wall -Wextra -std=c++17 -fopenmp -DOMP_EXPLICIT_SIMD=0 -fno-tree-vectorize,43.908613,8eace74e8cd425e6,passed
regular-simd_off-t8-static-r2-6000x6000.png,2026-09-18T17:15:33Z,6000x6000.png,6000,6000,Rotate_CW,2,8,static,,off,no,unset,unset,hype2,12.2.0,-O3 -Wall -Wextra -std=c++17 -fopenmp -DOMP_EXPLICIT_SIMD=0 -fno-tree-vectorize,69.024864,dd5c83f3b3cee726,passed
regular-simd_off-t8-static-r2-6000x6000.png,2026-09-18T17:15:34Z,6000x6000.png,6000,6000,Rotate_CCW,2,8,static,,off,no,unset,unset,hype2,12.2.0,-O3 -Wall -Wextra -std=c++17 -fopenmp -DOMP_EXPLICIT_SIMD=0 -fno-tree-vectorize,68.883623,51196bd3ed2b4ba4,passed
regular-simd_off-t8-static-r2-6000x6000.png,2026-09-18T17:15:34Z,6000x6000.png,6000,6000,Gaussian_3x3,2,8,static,,off,yes,unset,unset,hype2,12.2.0,-O3 -Wall -Wextra -std=c++17 -fopenmp -DOMP_EXPLICIT_SIMD=0 -fno-tree-vectorize,198.055823,87566478e34b4f70,passed
regular-simd_off-t8-static-r2-6000x6000.png,2026-09-18T17:15:34Z,6000x6000.png,6000,6000,Gaussian_5x5,2,8,static,,off,yes,unset,unset,hype2,12.2.0,-O3 -Wall -Wextra -std=c++17 -fopenmp -DOMP_EXPLICIT_SIMD=0 -fno-tree-vectorize,348.839724,4b23a258f94a27f0,passed
regular-simd_off-t8-static-r2-6000x6000.png,2026-09-18T17:15:35Z,6000x6000.png,6000,6000,Gaussian_7x7,2,8,static,,off,yes,unset,unset,hype2,12.2.0,-O3 -Wall -Wextra -std=c++17 -fopenmp -DOMP_EXPLICIT_SIMD=0 -fno-tree-vectorize,598.091956,3771268fea0417e2,passed
regular-simd_off-t8-static-r2-6000x6000.png,2026-09-18T17:15:36Z,6000x6000.png,6000,6000,Gaussian_9x9,2,8,static,,off,yes,unset,unset,hype2,12.2.0,-O3 -Wall -Wextra -std=c++17 -fopenmp -DOMP_EXPLICIT_SIMD=0 -fno-tree-vectorize,922.811221,3f6b7f707a108bd5,passed
regular-simd_off-t8-static-r2-6000x6000.png,2026-09-18T17:15:38Z,6000x6000.png,6000,6000,Gaussian_11x11,2,8,static,,off,yes,unset,unset,hype2,12.2.0,-O3 -Wall -Wextra -std=c++17 -fopenmp -DOMP_EXPLICIT_SIMD=0 -fno-tree-vectorize,1325.314363,c923a906c8989668,passed
regular-simd_off-t12-static-r1-4000x3000.png,2026-09-18T17:16:41Z,4000x3000.png,4000,3000,Grayscale,1,12,static,,off,yes,unset,unset,hype2,12.2.0,-O3 -Wall -Wextra -std=c++17 -fopenmp -DOMP_EXPLICIT_SIMD=0 -fno-tree-vectorize,5.469036,00925fa85224b60c,passed
regular-simd_off-t12-static-r1-4000x3000.png,2026-09-18T17:16:41Z,4000x3000.png,4000,3000,Flip_Horizontal,1,12,static,,off,no,unset,unset,hype2,12.2.0,-O3 -Wall -Wextra -std=c++17 -fopenmp -DOMP_EXPLICIT_SIMD=0 -fno-tree-vectorize,2.601708,45d5313341f5868e,passed
regular-simd_off-t12-static-r1-4000x3000.png,2026-09-18T17:16:41Z,4000x3000.png,4000,3000,Adjust_Brightness,1,12,static,,off,yes,unset,unset,hype2,12.2.0,-O3 -Wall -Wextra -std=c++17 -fopenmp -DOMP_EXPLICIT_SIMD=0 -fno-tree-vectorize,6.388905,e488c03148da4f5b,passed
regular-simd_off-t12-static-r1-4000x3000.png,2026-09-18T17:16:41Z,4000x3000.png,4000,3000,Flip_Vertical,1,12,static,,off,no,unset,unset,hype2,12.2.0,-O3 -Wall -Wextra -std=c++17 -fopenmp -DOMP_EXPLICIT_SIMD=0 -fno-tree-vectorize,1.808871,754d30e4e81eccfc,passed
regular-simd_off-t12-static-r1-4000x3000.png,2026-09-18T17:16:41Z,4000x3000.png,4000,3000,Quantize,1,12,static,,off,yes,unset,unset,hype2,12.2.0,-O3 -Wall -Wextra -std=c++17 -fopenmp -DOMP_EXPLICIT_SIMD=0 -fno-tree-vectorize,20.458494,f01ef010a3fd2f20,passed
regular-simd_off-t12-static-r1-4000x3000.png,2026-09-18T17:16:41Z,4000x3000.png,4000,3000,Adjust_Contrast,1,12,static,,off,yes,unset,unset,hype2,12.2.0,-O3 -Wall -Wextra -std=c++17 -fopenmp -DOMP_EXPLICIT_SIMD=0 -fno-tree-vectorize,9.550129,7cc9f4cee5c661bd,passed
regular-simd_off-t12-static-r1-4000x3000.png,2026-09-18T17:16:41Z,4000x3000.png,4000,3000,Negative,1,12,static,,off,yes,unset,unset,hype2,12.2.0,-O3 -Wall -Wextra -std=c++17 -fopenmp -DOMP_EXPLICIT_SIMD=0 -fno-tree-vectorize,3.773415,043d4193294f2dcc,passed
regular-simd_off-t12-static-r1-4000x3000.png,2026-09-18T17:16:41Z,4000x3000.png,4000,3000,Equalize_Histogram,1,12,static,,off,yes,unset,unset,hype2,12.2.0,-O3 -Wall -Wextra -std=c++17 -fopenmp -DOMP_EXPLICIT_SIMD=0 -fno-tree-vectorize,6.597411,243220feba4dd030,passed
regular-simd_off-t12-static-r1-4000x3000.png,2026-09-18T17:16:41Z,4000x3000.png,4000,3000,Zoom_In,1,12,static,,off,yes,unset,unset,hype2,12.2.0,-O3 -Wall -Wextra -std=c++17 -fopenmp -DOMP_EXPLICIT_SIMD=0 -fno-tree-vectorize,15.089161,71b80276839f9533,passed
regular-simd_off-t12-static-r1-4000x3000.png,2026-09-18T17:16:41Z,4000x3000.png,4000,3000,Zoom_Out,1,12,static,,off,no,unset,unset,hype2,12.2.0,-O3 -Wall -Wextra -std=c++17 -fopenmp -DOMP_EXPLICIT_SIMD=0 -fno-tree-vectorize,10.750073,a91f518a4f2dbd10,passed
regular-simd_off-t12-static-r1-4000x3000.png,2026-09-18T17:16:41Z,4000x3000.png,4000,3000,Rotate_CW,1,12,static,,off,no,unset,unset,hype2,12.2.0,-O3 -Wall -Wextra -std=c++17 -fopenmp -DOMP_EXPLICIT_SIMD=0 -fno-tree-vectorize,17.646561,e0f27e61a205ef0a,passed
regular-simd_off-t12-static-r1-4000x3000.png,2026-09-18T17:16:41Z,4000x3000.png,4000,3000,Rotate_CCW,1,12,static,,off,no,unset,unset,hype2,12.2.0,-O3 -Wall -Wextra -std=c++17 -fopenmp -DOMP_EXPLICIT_SIMD=0 -fno-tree-vectorize,15.007740,b4512f3b73b7723c,passed
regular-simd_off-t12-static-r1-4000x3000.png,2026-09-18T17:16:42Z,4000x3000.png,4000,3000,Gaussian_3x3,1,12,static,,off,yes,unset,unset,hype2,12.2.0,-O3 -Wall -Wextra -std=c++17 -fopenmp -DOMP_EXPLICIT_SIMD=0 -fno-tree-vectorize,46.196636,bc1a93797b2afda7,passed
regular-simd_off-t12-static-r1-4000x3000.png,2026-09-18T17:16:42Z,4000x3000.png,4000,3000,Gaussian_5x5,1,12,static,,off,yes,unset,unset,hype2,12.2.0,-O3 -Wall -Wextra -std=c++17 -fopenmp -DOMP_EXPLICIT_SIMD=0 -fno-tree-vectorize,81.484882,d67ccd9b6dbb62d8,passed
regular-simd_off-t12-static-r1-4000x3000.png,2026-09-18T17:16:42Z,4000x3000.png,4000,3000,Gaussian_7x7,1,12,static,,off,yes,unset,unset,hype2,12.2.0,-O3 -Wall -Wextra -std=c++17 -fopenmp -DOMP_EXPLICIT_SIMD=0 -fno-tree-vectorize,138.415597,98f465f1820de349,passed
regular-simd_off-t12-static-r1-4000x3000.png,2026-09-18T17:16:42Z,4000x3000.png,4000,3000,Gaussian_9x9,1,12,static,,off,yes,unset,unset,hype2,12.2.0,-O3 -Wall -Wextra -std=c++17 -fopenmp -DOMP_EXPLICIT_SIMD=0 -fno-tree-vectorize,213.354729,8f9bd96ceab3a369,passed
regular-simd_off-t12-static-r1-4000x3000.png,2026-09-18T17:16:43Z,4000x3000.png,4000,3000,Gaussian_11x11,1,12,static,,off,yes,unset,unset,hype2,12.2.0,-O3 -Wall -Wextra -std=c++17 -fopenmp -DOMP_EXPLICIT_SIMD=0 -fno-tree-vectorize,305.244837,1e8adb9534bf99dc,passed
regular-simd_off-t12-static-r1-6000x6000.png,2026-09-18T17:16:44Z,6000x6000.png,6000,6000,Grayscale,1,12,static,,off,yes,unset,unset,hype2,12.2.0,-O3 -Wall -Wextra -std=c++17 -fopenmp -DOMP_EXPLICIT_SIMD=0 -fno-tree-vectorize,14.865697,937793859b387046,passed
regular-simd_off-t12-static-r1-6000x6000.png,2026-09-18T17:16:44Z,6000x6000.png,6000,6000,Flip_Horizontal,1,12,static,,off,no,unset,unset,hype2,12.2.0,-O3 -Wall -Wextra -std=c++17 -fopenmp -DOMP_EXPLICIT_SIMD=0 -fno-tree-vectorize,6.387565,3dfbc0e2f0b456c2,passed
regular-simd_off-t12-static-r1-6000x6000.png,2026-09-18T17:16:45Z,6000x6000.png,6000,6000,Adjust_Brightness,1,12,static,,off,yes,unset,unset,hype2,12.2.0,-O3 -Wall -Wextra -std=c++17 -fopenmp -DOMP_EXPLICIT_SIMD=0 -fno-tree-vectorize,18.891061,5d4bea966648e7a7,passed
regular-simd_off-t12-static-r1-6000x6000.png,2026-09-18T17:16:45Z,6000x6000.png,6000,6000,Flip_Vertical,1,12,static,,off,no,unset,unset,hype2,12.2.0,-O3 -Wall -Wextra -std=c++17 -fopenmp -DOMP_EXPLICIT_SIMD=0 -fno-tree-vectorize,4.531748,bd012cf684012198,passed
regular-simd_off-t12-static-r1-6000x6000.png,2026-09-18T17:16:45Z,6000x6000.png,6000,6000,Quantize,1,12,static,,off,yes,unset,unset,hype2,12.2.0,-O3 -Wall -Wextra -std=c++17 -fopenmp -DOMP_EXPLICIT_SIMD=0 -fno-tree-vectorize,56.547544,b2e8843413e8e7a6,passed
regular-simd_off-t12-static-r1-6000x6000.png,2026-09-18T17:16:45Z,6000x6000.png,6000,6000,Adjust_Contrast,1,12,static,,off,yes,unset,unset,hype2,12.2.0,-O3 -Wall -Wextra -std=c++17 -fopenmp -DOMP_EXPLICIT_SIMD=0 -fno-tree-vectorize,28.060298,c036bcbf5e6d6190,passed
regular-simd_off-t12-static-r1-6000x6000.png,2026-09-18T17:16:45Z,6000x6000.png,6000,6000,Negative,1,12,static,,off,yes,unset,unset,hype2,12.2.0,-O3 -Wall -Wextra -std=c++17 -fopenmp -DOMP_EXPLICIT_SIMD=0 -fno-tree-vectorize,10.969860,0a497e94a83bbbc0,passed
regular-simd_off-t12-static-r1-6000x6000.png,2026-09-18T17:16:46Z,6000x6000.png,6000,6000,Equalize_Histogram,1,12,static,,off,yes,unset,unset,hype2,12.2.0,-O3 -Wall -Wextra -std=c++17 -fopenmp -DOMP_EXPLICIT_SIMD=0 -fno-tree-vectorize,19.784896,5251e13888abb30f,passed
regular-simd_off-t12-static-r1-6000x6000.png,2026-09-18T17:16:46Z,6000x6000.png,6000,6000,Zoom_In,1,12,static,,off,yes,unset,unset,hype2,12.2.0,-O3 -Wall -Wextra -std=c++17 -fopenmp -DOMP_EXPLICIT_SIMD=0 -fno-tree-vectorize,42.129076,4e063cbe88523a0e,passed
regular-simd_off-t12-static-r1-6000x6000.png,2026-09-18T17:16:46Z,6000x6000.png,6000,6000,Zoom_Out,1,12,static,,off,no,unset,unset,hype2,12.2.0,-O3 -Wall -Wextra -std=c++17 -fopenmp -DOMP_EXPLICIT_SIMD=0 -fno-tree-vectorize,30.257074,8eace74e8cd425e6,passed
regular-simd_off-t12-static-r1-6000x6000.png,2026-09-18T17:16:47Z,6000x6000.png,6000,6000,Rotate_CW,1,12,static,,off,no,unset,unset,hype2,12.2.0,-O3 -Wall -Wextra -std=c++17 -fopenmp -DOMP_EXPLICIT_SIMD=0 -fno-tree-vectorize,47.672721,dd5c83f3b3cee726,passed
regular-simd_off-t12-static-r1-6000x6000.png,2026-09-18T17:16:47Z,6000x6000.png,6000,6000,Rotate_CCW,1,12,static,,off,no,unset,unset,hype2,12.2.0,-O3 -Wall -Wextra -std=c++17 -fopenmp -DOMP_EXPLICIT_SIMD=0 -fno-tree-vectorize,48.658289,51196bd3ed2b4ba4,passed
regular-simd_off-t12-static-r1-6000x6000.png,2026-09-18T17:16:47Z,6000x6000.png,6000,6000,Gaussian_3x3,1,12,static,,off,yes,unset,unset,hype2,12.2.0,-O3 -Wall -Wextra -std=c++17 -fopenmp -DOMP_EXPLICIT_SIMD=0 -fno-tree-vectorize,137.397176,87566478e34b4f70,passed
regular-simd_off-t12-static-r1-6000x6000.png,2026-09-18T17:16:48Z,6000x6000.png,6000,6000,Gaussian_5x5,1,12,static,,off,yes,unset,unset,hype2,12.2.0,-O3 -Wall -Wextra -std=c++17 -fopenmp -DOMP_EXPLICIT_SIMD=0 -fno-tree-vectorize,239.914329,4b23a258f94a27f0,passed
regular-simd_off-t12-static-r1-6000x6000.png,2026-09-18T17:16:48Z,6000x6000.png,6000,6000,Gaussian_7x7,1,12,static,,off,yes,unset,unset,hype2,12.2.0,-O3 -Wall -Wextra -std=c++17 -fopenmp -DOMP_EXPLICIT_SIMD=0 -fno-tree-vectorize,411.481910,3771268fea0417e2,passed
regular-simd_off-t12-static-r1-6000x6000.png,2026-09-18T17:16:49Z,6000x6000.png,6000,6000,Gaussian_9x9,1,12,static,,off,yes,unset,unset,hype2,12.2.0,-O3 -Wall -Wextra -std=c++17 -fopenmp -DOMP_EXPLICIT_SIMD=0 -fno-tree-vectorize,641.238471,3f6b7f707a108bd5,passed
regular-simd_off-t12-static-r1-6000x6000.png,2026-09-18T17:16:50Z,6000x6000.png,6000,6000,Gaussian_11x11,1,12,static,,off,yes,unset,unset,hype2,12.2.0,-O3 -Wall -Wextra -std=c++17 -fopenmp -DOMP_EXPLICIT_SIMD=0 -fno-tree-vectorize,920.432410,c923a906c8989668,passed
regular-simd_omp-t12-static-r1-4000x3000.png,2026-09-18T17:16:51Z,4000x3000.png,4000,3000,Grayscale,1,12,static,,omp,yes,unset,unset,hype2,12.2.0,-O3 -Wall -Wextra -std=c++17 -fopenmp -DOMP_EXPLICIT_SIMD=1,5.629035,00925fa85224b60c,passed
regular-simd_omp-t12-static-r1-4000x3000.png,2026-09-18T17:16:51Z,4000x3000.png,4000,3000,Flip_Horizontal,1,12,static,,omp,no,unset,unset,hype2,12.2.0,-O3 -Wall -Wextra -std=c++17 -fopenmp -DOMP_EXPLICIT_SIMD=1,2.588762,45d5313341f5868e,passed
regular-simd_omp-t12-static-r1-4000x3000.png,2026-09-18T17:16:51Z,4000x3000.png,4000,3000,Adjust_Brightness,1,12,static,,omp,yes,unset,unset,hype2,12.2.0,-O3 -Wall -Wextra -std=c++17 -fopenmp -DOMP_EXPLICIT_SIMD=1,6.714288,e488c03148da4f5b,passed
regular-simd_omp-t12-static-r1-4000x3000.png,2026-09-18T17:16:51Z,4000x3000.png,4000,3000,Flip_Vertical,1,12,static,,omp,no,unset,unset,hype2,12.2.0,-O3 -Wall -Wextra -std=c++17 -fopenmp -DOMP_EXPLICIT_SIMD=1,1.801175,754d30e4e81eccfc,passed
regular-simd_omp-t12-static-r1-4000x3000.png,2026-09-18T17:16:51Z,4000x3000.png,4000,3000,Quantize,1,12,static,,omp,yes,unset,unset,hype2,12.2.0,-O3 -Wall -Wextra -std=c++17 -fopenmp -DOMP_EXPLICIT_SIMD=1,20.522989,f01ef010a3fd2f20,passed
regular-simd_omp-t12-static-r1-4000x3000.png,2026-09-18T17:16:51Z,4000x3000.png,4000,3000,Adjust_Contrast,1,12,static,,omp,yes,unset,unset,hype2,12.2.0,-O3 -Wall -Wextra -std=c++17 -fopenmp -DOMP_EXPLICIT_SIMD=1,9.470302,7cc9f4cee5c661bd,passed
regular-simd_omp-t12-static-r1-4000x3000.png,2026-09-18T17:16:51Z,4000x3000.png,4000,3000,Negative,1,12,static,,omp,yes,unset,unset,hype2,12.2.0,-O3 -Wall -Wextra -std=c++17 -fopenmp -DOMP_EXPLICIT_SIMD=1,3.767837,043d4193294f2dcc,passed
regular-simd_omp-t12-static-r1-4000x3000.png,2026-09-18T17:16:51Z,4000x3000.png,4000,3000,Equalize_Histogram,1,12,static,,omp,yes,unset,unset,hype2,12.2.0,-O3 -Wall -Wextra -std=c++17 -fopenmp -DOMP_EXPLICIT_SIMD=1,6.502555,243220feba4dd030,passed
regular-simd_omp-t12-static-r1-4000x3000.png,2026-09-18T17:16:51Z,4000x3000.png,4000,3000,Zoom_In,1,12,static,,omp,yes,unset,unset,hype2,12.2.0,-O3 -Wall -Wextra -std=c++17 -fopenmp -DOMP_EXPLICIT_SIMD=1,13.240502,71b80276839f9533,passed
regular-simd_omp-t12-static-r1-4000x3000.png,2026-09-18T17:16:51Z,4000x3000.png,4000,3000,Zoom_Out,1,12,static,,omp,no,unset,unset,hype2,12.2.0,-O3 -Wall -Wextra -std=c++17 -fopenmp -DOMP_EXPLICIT_SIMD=1,10.746975,a91f518a4f2dbd10,passed
regular-simd_omp-t12-static-r1-4000x3000.png,2026-09-18T17:16:52Z,4000x3000.png,4000,3000,Rotate_CW,1,12,static,,omp,no,unset,unset,hype2,12.2.0,-O3 -Wall -Wextra -std=c++17 -fopenmp -DOMP_EXPLICIT_SIMD=1,17.243762,e0f27e61a205ef0a,passed
regular-simd_omp-t12-static-r1-4000x3000.png,2026-09-18T17:16:52Z,4000x3000.png,4000,3000,Rotate_CCW,1,12,static,,omp,no,unset,unset,hype2,12.2.0,-O3 -Wall -Wextra -std=c++17 -fopenmp -DOMP_EXPLICIT_SIMD=1,17.605758,b4512f3b73b7723c,passed
regular-simd_omp-t12-static-r1-4000x3000.png,2026-09-18T17:16:52Z,4000x3000.png,4000,3000,Gaussian_3x3,1,12,static,,omp,yes,unset,unset,hype2,12.2.0,-O3 -Wall -Wextra -std=c++17 -fopenmp -DOMP_EXPLICIT_SIMD=1,45.292358,bc1a93797b2afda7,passed
regular-simd_omp-t12-static-r1-4000x3000.png,2026-09-18T17:16:52Z,4000x3000.png,4000,3000,Gaussian_5x5,1,12,static,,omp,yes,unset,unset,hype2,12.2.0,-O3 -Wall -Wextra -std=c++17 -fopenmp -DOMP_EXPLICIT_SIMD=1,81.593014,d67ccd9b6dbb62d8,passed
regular-simd_omp-t12-static-r1-4000x3000.png,2026-09-18T17:16:52Z,4000x3000.png,4000,3000,Gaussian_7x7,1,12,static,,omp,yes,unset,unset,hype2,12.2.0,-O3 -Wall -Wextra -std=c++17 -fopenmp -DOMP_EXPLICIT_SIMD=1,139.194649,98f465f1820de349,passed
regular-simd_omp-t12-static-r1-4000x3000.png,2026-09-18T17:16:52Z,4000x3000.png,4000,3000,Gaussian_9x9,1,12,static,,omp,yes,unset,unset,hype2,12.2.0,-O3 -Wall -Wextra -std=c++17 -fopenmp -DOMP_EXPLICIT_SIMD=1,214.774303,8f9bd96ceab3a369,passed
regular-simd_omp-t12-static-r1-4000x3000.png,2026-09-18T17:16:53Z,4000x3000.png,4000,3000,Gaussian_11x11,1,12,static,,omp,yes,unset,unset,hype2,12.2.0,-O3 -Wall -Wextra -std=c++17 -fopenmp -DOMP_EXPLICIT_SIMD=1,305.968735,1e8adb9534bf99dc,passed
regular-simd_omp-t12-static-r1-6000x6000.png,2026-09-18T17:16:54Z,6000x6000.png,6000,6000,Grayscale,1,12,static,,omp,yes,unset,unset,hype2,12.2.0,-O3 -Wall -Wextra -std=c++17 -fopenmp -DOMP_EXPLICIT_SIMD=1,15.476937,937793859b387046,passed
regular-simd_omp-t12-static-r1-6000x6000.png,2026-09-18T17:16:55Z,6000x6000.png,6000,6000,Flip_Horizontal,1,12,static,,omp,no,unset,unset,hype2,12.2.0,-O3 -Wall -Wextra -std=c++17 -fopenmp -DOMP_EXPLICIT_SIMD=1,6.442971,3dfbc0e2f0b456c2,passed
regular-simd_omp-t12-static-r1-6000x6000.png,2026-09-18T17:16:55Z,6000x6000.png,6000,6000,Adjust_Brightness,1,12,static,,omp,yes,unset,unset,hype2,12.2.0,-O3 -Wall -Wextra -std=c++17 -fopenmp -DOMP_EXPLICIT_SIMD=1,19.538641,5d4bea966648e7a7,passed
regular-simd_omp-t12-static-r1-6000x6000.png,2026-09-18T17:16:55Z,6000x6000.png,6000,6000,Flip_Vertical,1,12,static,,omp,no,unset,unset,hype2,12.2.0,-O3 -Wall -Wextra -std=c++17 -fopenmp -DOMP_EXPLICIT_SIMD=1,4.473760,bd012cf684012198,passed
regular-simd_omp-t12-static-r1-6000x6000.png,2026-09-18T17:16:55Z,6000x6000.png,6000,6000,Quantize,1,12,static,,omp,yes,unset,unset,hype2,12.2.0,-O3 -Wall -Wextra -std=c++17 -fopenmp -DOMP_EXPLICIT_SIMD=1,57.296909,b2e8843413e8e7a6,passed
regular-simd_omp-t12-static-r1-6000x6000.png,2026-09-18T17:16:55Z,6000x6000.png,6000,6000,Adjust_Contrast,1,12,static,,omp,yes,unset,unset,hype2,12.2.0,-O3 -Wall -Wextra -std=c++17 -fopenmp -DOMP_EXPLICIT_SIMD=1,28.082936,c036bcbf5e6d6190,passed
regular-simd_omp-t12-static-r1-6000x6000.png,2026-09-18T17:16:56Z,6000x6000.png,6000,6000,Negative,1,12,static,,omp,yes,unset,unset,hype2,12.2.0,-O3 -Wall -Wextra -std=c++17 -fopenmp -DOMP_EXPLICIT_SIMD=1,10.599812,0a497e94a83bbbc0,passed
regular-simd_omp-t12-static-r1-6000x6000.png,2026-09-18T17:16:56Z,6000x6000.png,6000,6000,Equalize_Histogram,1,12,static,,omp,yes,unset,unset,hype2,12.2.0,-O3 -Wall -Wextra -std=c++17 -fopenmp -DOMP_EXPLICIT_SIMD=1,19.676855,5251e13888abb30f,passed
regular-simd_omp-t12-static-r1-6000x6000.png,2026-09-18T17:16:57Z,6000x6000.png,6000,6000,Zoom_In,1,12,static,,omp,yes,unset,unset,hype2,12.2.0,-O3 -Wall -Wextra -std=c++17 -fopenmp -DOMP_EXPLICIT_SIMD=1,36.674325,4e063cbe88523a0e,passed
regular-simd_omp-t12-static-r1-6000x6000.png,2026-09-18T17:16:57Z,6000x6000.png,6000,6000,Zoom_Out,1,12,static,,omp,no,unset,unset,hype2,12.2.0,-O3 -Wall -Wextra -std=c++17 -fopenmp -DOMP_EXPLICIT_SIMD=1,30.730379,8eace74e8cd425e6,passed
regular-simd_omp-t12-static-r1-6000x6000.png,2026-09-18T17:16:57Z,6000x6000.png,6000,6000,Rotate_CW,1,12,static,,omp,no,unset,unset,hype2,12.2.0,-O3 -Wall -Wextra -std=c++17 -fopenmp -DOMP_EXPLICIT_SIMD=1,50.621332,dd5c83f3b3cee726,passed
regular-simd_omp-t12-static-r1-6000x6000.png,2026-09-18T17:16:57Z,6000x6000.png,6000,6000,Rotate_CCW,1,12,static,,omp,no,unset,unset,hype2,12.2.0,-O3 -Wall -Wextra -std=c++17 -fopenmp -DOMP_EXPLICIT_SIMD=1,51.011105,51196bd3ed2b4ba4,passed
regular-simd_omp-t12-static-r1-6000x6000.png,2026-09-18T17:16:57Z,6000x6000.png,6000,6000,Gaussian_3x3,1,12,static,,omp,yes,unset,unset,hype2,12.2.0,-O3 -Wall -Wextra -std=c++17 -fopenmp -DOMP_EXPLICIT_SIMD=1,135.511336,87566478e34b4f70,passed
regular-simd_omp-t12-static-r1-6000x6000.png,2026-09-18T17:16:58Z,6000x6000.png,6000,6000,Gaussian_5x5,1,12,static,,omp,yes,unset,unset,hype2,12.2.0,-O3 -Wall -Wextra -std=c++17 -fopenmp -DOMP_EXPLICIT_SIMD=1,241.646423,4b23a258f94a27f0,passed
regular-simd_omp-t12-static-r1-6000x6000.png,2026-09-18T17:16:58Z,6000x6000.png,6000,6000,Gaussian_7x7,1,12,static,,omp,yes,unset,unset,hype2,12.2.0,-O3 -Wall -Wextra -std=c++17 -fopenmp -DOMP_EXPLICIT_SIMD=1,414.093145,3771268fea0417e2,passed
regular-simd_omp-t12-static-r1-6000x6000.png,2026-09-18T17:16:59Z,6000x6000.png,6000,6000,Gaussian_9x9,1,12,static,,omp,yes,unset,unset,hype2,12.2.0,-O3 -Wall -Wextra -std=c++17 -fopenmp -DOMP_EXPLICIT_SIMD=1,654.073735,3f6b7f707a108bd5,passed
regular-simd_omp-t12-static-r1-6000x6000.png,2026-09-18T17:17:00Z,6000x6000.png,6000,6000,Gaussian_11x11,1,12,static,,omp,yes,unset,unset,hype2,12.2.0,-O3 -Wall -Wextra -std=c++17 -fopenmp -DOMP_EXPLICIT_SIMD=1,918.952076,c923a906c8989668,passed
regular-simd_off-t12-dynamicx1-r1-4000x3000.png,2026-09-18T17:17:01Z,4000x3000.png,4000,3000,Grayscale,1,12,dynamic,1,off,yes,unset,unset,hype2,12.2.0,-O3 -Wall -Wextra -std=c++17 -fopenmp -DOMP_EXPLICIT_SIMD=0 -fno-tree-vectorize,5.549517,00925fa85224b60c,passed
regular-simd_off-t12-dynamicx1-r1-4000x3000.png,2026-09-18T17:17:01Z,4000x3000.png,4000,3000,Flip_Horizontal,1,12,dynamic,1,off,no,unset,unset,hype2,12.2.0,-O3 -Wall -Wextra -std=c++17 -fopenmp -DOMP_EXPLICIT_SIMD=0 -fno-tree-vectorize,2.141239,45d5313341f5868e,passed
regular-simd_off-t12-dynamicx1-r1-4000x3000.png,2026-09-18T17:17:01Z,4000x3000.png,4000,3000,Adjust_Brightness,1,12,dynamic,1,off,yes,unset,unset,hype2,12.2.0,-O3 -Wall -Wextra -std=c++17 -fopenmp -DOMP_EXPLICIT_SIMD=0 -fno-tree-vectorize,6.463271,e488c03148da4f5b,passed
regular-simd_off-t12-dynamicx1-r1-4000x3000.png,2026-09-18T17:17:01Z,4000x3000.png,4000,3000,Flip_Vertical,1,12,dynamic,1,off,no,unset,unset,hype2,12.2.0,-O3 -Wall -Wextra -std=c++17 -fopenmp -DOMP_EXPLICIT_SIMD=0 -fno-tree-vectorize,1.709053,754d30e4e81eccfc,passed
regular-simd_off-t12-dynamicx1-r1-4000x3000.png,2026-09-18T17:17:01Z,4000x3000.png,4000,3000,Quantize,1,12,dynamic,1,off,yes,unset,unset,hype2,12.2.0,-O3 -Wall -Wextra -std=c++17 -fopenmp -DOMP_EXPLICIT_SIMD=0 -fno-tree-vectorize,20.665848,f01ef010a3fd2f20,passed
regular-simd_off-t12-dynamicx1-r1-4000x3000.png,2026-09-18T17:17:01Z,4000x3000.png,4000,3000,Adjust_Contrast,1,12,dynamic,1,off,yes,unset,unset,hype2,12.2.0,-O3 -Wall -Wextra -std=c++17 -fopenmp -DOMP_EXPLICIT_SIMD=0 -fno-tree-vectorize,9.363041,7cc9f4cee5c661bd,passed
regular-simd_off-t12-dynamicx1-r1-4000x3000.png,2026-09-18T17:17:01Z,4000x3000.png,4000,3000,Negative,1,12,dynamic,1,off,yes,unset,unset,hype2,12.2.0,-O3 -Wall -Wextra -std=c++17 -fopenmp -DOMP_EXPLICIT_SIMD=0 -fno-tree-vectorize,3.875044,043d4193294f2dcc,passed
regular-simd_off-t12-dynamicx1-r1-4000x3000.png,2026-09-18T17:17:02Z,4000x3000.png,4000,3000,Equalize_Histogram,1,12,dynamic,1,off,yes,unset,unset,hype2,12.2.0,-O3 -Wall -Wextra -std=c++17 -fopenmp -DOMP_EXPLICIT_SIMD=0 -fno-tree-vectorize,7.218323,243220feba4dd030,passed
regular-simd_off-t12-dynamicx1-r1-4000x3000.png,2026-09-18T17:17:02Z,4000x3000.png,4000,3000,Zoom_In,1,12,dynamic,1,off,yes,unset,unset,hype2,12.2.0,-O3 -Wall -Wextra -std=c++17 -fopenmp -DOMP_EXPLICIT_SIMD=0 -fno-tree-vectorize,30.424990,71b80276839f9533,passed
regular-simd_off-t12-dynamicx1-r1-4000x3000.png,2026-09-18T17:17:02Z,4000x3000.png,4000,3000,Zoom_Out,1,12,dynamic,1,off,no,unset,unset,hype2,12.2.0,-O3 -Wall -Wextra -std=c++17 -fopenmp -DOMP_EXPLICIT_SIMD=0 -fno-tree-vectorize,11.875443,a91f518a4f2dbd10,passed
regular-simd_off-t12-dynamicx1-r1-4000x3000.png,2026-09-18T17:17:02Z,4000x3000.png,4000,3000,Rotate_CW,1,12,dynamic,1,off,no,unset,unset,hype2,12.2.0,-O3 -Wall -Wextra -std=c++17 -fopenmp -DOMP_EXPLICIT_SIMD=0 -fno-tree-vectorize,31.737457,e0f27e61a205ef0a,passed
regular-simd_off-t12-dynamicx1-r1-4000x3000.png,2026-09-18T17:17:02Z,4000x3000.png,4000,3000,Rotate_CCW,1,12,dynamic,1,off,no,unset,unset,hype2,12.2.0,-O3 -Wall -Wextra -std=c++17 -fopenmp -DOMP_EXPLICIT_SIMD=0 -fno-tree-vectorize,32.523613,b4512f3b73b7723c,passed
regular-simd_off-t12-dynamicx1-r1-4000x3000.png,2026-09-18T17:17:02Z,4000x3000.png,4000,3000,Gaussian_3x3,1,12,dynamic,1,off,yes,unset,unset,hype2,12.2.0,-O3 -Wall -Wextra -std=c++17 -fopenmp -DOMP_EXPLICIT_SIMD=0 -fno-tree-vectorize,49.768133,bc1a93797b2afda7,passed
regular-simd_off-t12-dynamicx1-r1-4000x3000.png,2026-09-18T17:17:02Z,4000x3000.png,4000,3000,Gaussian_5x5,1,12,dynamic,1,off,yes,unset,unset,hype2,12.2.0,-O3 -Wall -Wextra -std=c++17 -fopenmp -DOMP_EXPLICIT_SIMD=0 -fno-tree-vectorize,83.488438,d67ccd9b6dbb62d8,passed
regular-simd_off-t12-dynamicx1-r1-4000x3000.png,2026-09-18T17:17:02Z,4000x3000.png,4000,3000,Gaussian_7x7,1,12,dynamic,1,off,yes,unset,unset,hype2,12.2.0,-O3 -Wall -Wextra -std=c++17 -fopenmp -DOMP_EXPLICIT_SIMD=0 -fno-tree-vectorize,139.205158,98f465f1820de349,passed
regular-simd_off-t12-dynamicx1-r1-4000x3000.png,2026-09-18T17:17:03Z,4000x3000.png,4000,3000,Gaussian_9x9,1,12,dynamic,1,off,yes,unset,unset,hype2,12.2.0,-O3 -Wall -Wextra -std=c++17 -fopenmp -DOMP_EXPLICIT_SIMD=0 -fno-tree-vectorize,214.164967,8f9bd96ceab3a369,passed
regular-simd_off-t12-dynamicx1-r1-4000x3000.png,2026-09-18T17:17:03Z,4000x3000.png,4000,3000,Gaussian_11x11,1,12,dynamic,1,off,yes,unset,unset,hype2,12.2.0,-O3 -Wall -Wextra -std=c++17 -fopenmp -DOMP_EXPLICIT_SIMD=0 -fno-tree-vectorize,306.965598,1e8adb9534bf99dc,passed
regular-simd_off-t12-dynamicx1-r1-6000x6000.png,2026-09-18T17:17:05Z,6000x6000.png,6000,6000,Grayscale,1,12,dynamic,1,off,yes,unset,unset,hype2,12.2.0,-O3 -Wall -Wextra -std=c++17 -fopenmp -DOMP_EXPLICIT_SIMD=0 -fno-tree-vectorize,14.948741,937793859b387046,passed
regular-simd_off-t12-dynamicx1-r1-6000x6000.png,2026-09-18T17:17:05Z,6000x6000.png,6000,6000,Flip_Horizontal,1,12,dynamic,1,off,no,unset,unset,hype2,12.2.0,-O3 -Wall -Wextra -std=c++17 -fopenmp -DOMP_EXPLICIT_SIMD=0 -fno-tree-vectorize,5.650907,3dfbc0e2f0b456c2,passed
regular-simd_off-t12-dynamicx1-r1-6000x6000.png,2026-09-18T17:17:05Z,6000x6000.png,6000,6000,Adjust_Brightness,1,12,dynamic,1,off,yes,unset,unset,hype2,12.2.0,-O3 -Wall -Wextra -std=c++17 -fopenmp -DOMP_EXPLICIT_SIMD=0 -fno-tree-vectorize,18.891328,5d4bea966648e7a7,passed
regular-simd_off-t12-dynamicx1-r1-6000x6000.png,2026-09-18T17:17:05Z,6000x6000.png,6000,6000,Flip_Vertical,1,12,dynamic,1,off,no,unset,unset,hype2,12.2.0,-O3 -Wall -Wextra -std=c++17 -fopenmp -DOMP_EXPLICIT_SIMD=0 -fno-tree-vectorize,4.140740,bd012cf684012198,passed
regular-simd_off-t12-dynamicx1-r1-6000x6000.png,2026-09-18T17:17:06Z,6000x6000.png,6000,6000,Quantize,1,12,dynamic,1,off,yes,unset,unset,hype2,12.2.0,-O3 -Wall -Wextra -std=c++17 -fopenmp -DOMP_EXPLICIT_SIMD=0 -fno-tree-vectorize,55.541231,b2e8843413e8e7a6,passed
regular-simd_off-t12-dynamicx1-r1-6000x6000.png,2026-09-18T17:17:06Z,6000x6000.png,6000,6000,Adjust_Contrast,1,12,dynamic,1,off,yes,unset,unset,hype2,12.2.0,-O3 -Wall -Wextra -std=c++17 -fopenmp -DOMP_EXPLICIT_SIMD=0 -fno-tree-vectorize,27.751819,c036bcbf5e6d6190,passed
regular-simd_off-t12-dynamicx1-r1-6000x6000.png,2026-09-18T17:17:06Z,6000x6000.png,6000,6000,Negative,1,12,dynamic,1,off,yes,unset,unset,hype2,12.2.0,-O3 -Wall -Wextra -std=c++17 -fopenmp -DOMP_EXPLICIT_SIMD=0 -fno-tree-vectorize,10.966410,0a497e94a83bbbc0,passed
regular-simd_off-t12-dynamicx1-r1-6000x6000.png,2026-09-18T17:17:06Z,6000x6000.png,6000,6000,Equalize_Histogram,1,12,dynamic,1,off,yes,unset,unset,hype2,12.2.0,-O3 -Wall -Wextra -std=c++17 -fopenmp -DOMP_EXPLICIT_SIMD=0 -fno-tree-vectorize,19.725984,5251e13888abb30f,passed
regular-simd_off-t12-dynamicx1-r1-6000x6000.png,2026-09-18T17:17:07Z,6000x6000.png,6000,6000,Zoom_In,1,12,dynamic,1,off,yes,unset,unset,hype2,12.2.0,-O3 -Wall -Wextra -std=c++17 -fopenmp -DOMP_EXPLICIT_SIMD=0 -fno-tree-vectorize,85.174873,4e063cbe88523a0e,passed
regular-simd_off-t12-dynamicx1-r1-6000x6000.png,2026-09-18T17:17:07Z,6000x6000.png,6000,6000,Zoom_Out,1,12,dynamic,1,off,no,unset,unset,hype2,12.2.0,-O3 -Wall -Wextra -std=c++17 -fopenmp -DOMP_EXPLICIT_SIMD=0 -fno-tree-vectorize,33.653951,8eace74e8cd425e6,passed
regular-simd_off-t12-dynamicx1-r1-6000x6000.png,2026-09-18T17:17:07Z,6000x6000.png,6000,6000,Rotate_CW,1,12,dynamic,1,off,no,unset,unset,hype2,12.2.0,-O3 -Wall -Wextra -std=c++17 -fopenmp -DOMP_EXPLICIT_SIMD=0 -fno-tree-vectorize,85.371182,dd5c83f3b3cee726,passed
regular-simd_off-t12-dynamicx1-r1-6000x6000.png,2026-09-18T17:17:08Z,6000x6000.png,6000,6000,Rotate_CCW,1,12,dynamic,1,off,no,unset,unset,hype2,12.2.0,-O3 -Wall -Wextra -std=c++17 -fopenmp -DOMP_EXPLICIT_SIMD=0 -fno-tree-vectorize,88.827639,51196bd3ed2b4ba4,passed
regular-simd_off-t12-dynamicx1-r1-6000x6000.png,2026-09-18T17:17:08Z,6000x6000.png,6000,6000,Gaussian_3x3,1,12,dynamic,1,off,yes,unset,unset,hype2,12.2.0,-O3 -Wall -Wextra -std=c++17 -fopenmp -DOMP_EXPLICIT_SIMD=0 -fno-tree-vectorize,149.067828,87566478e34b4f70,passed
regular-simd_off-t12-dynamicx1-r1-6000x6000.png,2026-09-18T17:17:08Z,6000x6000.png,6000,6000,Gaussian_5x5,1,12,dynamic,1,off,yes,unset,unset,hype2,12.2.0,-O3 -Wall -Wextra -std=c++17 -fopenmp -DOMP_EXPLICIT_SIMD=0 -fno-tree-vectorize,245.108684,4b23a258f94a27f0,passed
regular-simd_off-t12-dynamicx1-r1-6000x6000.png,2026-09-18T17:17:09Z,6000x6000.png,6000,6000,Gaussian_7x7,1,12,dynamic,1,off,yes,unset,unset,hype2,12.2.0,-O3 -Wall -Wextra -std=c++17 -fopenmp -DOMP_EXPLICIT_SIMD=0 -fno-tree-vectorize,414.818245,3771268fea0417e2,passed
regular-simd_off-t12-dynamicx1-r1-6000x6000.png,2026-09-18T17:17:10Z,6000x6000.png,6000,6000,Gaussian_9x9,1,12,dynamic,1,off,yes,unset,unset,hype2,12.2.0,-O3 -Wall -Wextra -std=c++17 -fopenmp -DOMP_EXPLICIT_SIMD=0 -fno-tree-vectorize,641.661037,3f6b7f707a108bd5,passed
regular-simd_off-t12-dynamicx1-r1-6000x6000.png,2026-09-18T17:17:11Z,6000x6000.png,6000,6000,Gaussian_11x11,1,12,dynamic,1,off,yes,unset,unset,hype2,12.2.0,-O3 -Wall -Wextra -std=c++17 -fopenmp -DOMP_EXPLICIT_SIMD=0 -fno-tree-vectorize,919.598645,c923a906c8989668,passed
regular-simd_omp-t12-dynamicx1-r1-4000x3000.png,2026-09-18T17:17:11Z,4000x3000.png,4000,3000,Grayscale,1,12,dynamic,1,omp,yes,unset,unset,hype2,12.2.0,-O3 -Wall -Wextra -std=c++17 -fopenmp -DOMP_EXPLICIT_SIMD=1,5.611750,00925fa85224b60c,passed
regular-simd_omp-t12-dynamicx1-r1-4000x3000.png,2026-09-18T17:17:12Z,4000x3000.png,4000,3000,Flip_Horizontal,1,12,dynamic,1,omp,no,unset,unset,hype2,12.2.0,-O3 -Wall -Wextra -std=c++17 -fopenmp -DOMP_EXPLICIT_SIMD=1,2.090009,45d5313341f5868e,passed
regular-simd_omp-t12-dynamicx1-r1-4000x3000.png,2026-09-18T17:17:12Z,4000x3000.png,4000,3000,Adjust_Brightness,1,12,dynamic,1,omp,yes,unset,unset,hype2,12.2.0,-O3 -Wall -Wextra -std=c++17 -fopenmp -DOMP_EXPLICIT_SIMD=1,6.558857,e488c03148da4f5b,passed
regular-simd_omp-t12-dynamicx1-r1-4000x3000.png,2026-09-18T17:17:12Z,4000x3000.png,4000,3000,Flip_Vertical,1,12,dynamic,1,omp,no,unset,unset,hype2,12.2.0,-O3 -Wall -Wextra -std=c++17 -fopenmp -DOMP_EXPLICIT_SIMD=1,1.740780,754d30e4e81eccfc,passed
regular-simd_omp-t12-dynamicx1-r1-4000x3000.png,2026-09-18T17:17:12Z,4000x3000.png,4000,3000,Quantize,1,12,dynamic,1,omp,yes,unset,unset,hype2,12.2.0,-O3 -Wall -Wextra -std=c++17 -fopenmp -DOMP_EXPLICIT_SIMD=1,20.746939,f01ef010a3fd2f20,passed
regular-simd_omp-t12-dynamicx1-r1-4000x3000.png,2026-09-18T17:17:12Z,4000x3000.png,4000,3000,Adjust_Contrast,1,12,dynamic,1,omp,yes,unset,unset,hype2,12.2.0,-O3 -Wall -Wextra -std=c++17 -fopenmp -DOMP_EXPLICIT_SIMD=1,9.380388,7cc9f4cee5c661bd,passed
regular-simd_omp-t12-dynamicx1-r1-4000x3000.png,2026-09-18T17:17:12Z,4000x3000.png,4000,3000,Negative,1,12,dynamic,1,omp,yes,unset,unset,hype2,12.2.0,-O3 -Wall -Wextra -std=c++17 -fopenmp -DOMP_EXPLICIT_SIMD=1,3.701411,043d4193294f2dcc,passed
regular-simd_omp-t12-dynamicx1-r1-4000x3000.png,2026-09-18T17:17:12Z,4000x3000.png,4000,3000,Equalize_Histogram,1,12,dynamic,1,omp,yes,unset,unset,hype2,12.2.0,-O3 -Wall -Wextra -std=c++17 -fopenmp -DOMP_EXPLICIT_SIMD=1,7.117255,243220feba4dd030,passed
regular-simd_omp-t12-dynamicx1-r1-4000x3000.png,2026-09-18T17:17:12Z,4000x3000.png,4000,3000,Zoom_In,1,12,dynamic,1,omp,yes,unset,unset,hype2,12.2.0,-O3 -Wall -Wextra -std=c++17 -fopenmp -DOMP_EXPLICIT_SIMD=1,30.227067,71b80276839f9533,passed
regular-simd_omp-t12-dynamicx1-r1-4000x3000.png,2026-09-18T17:17:12Z,4000x3000.png,4000,3000,Zoom_Out,1,12,dynamic,1,omp,no,unset,unset,hype2,12.2.0,-O3 -Wall -Wextra -std=c++17 -fopenmp -DOMP_EXPLICIT_SIMD=1,11.422082,a91f518a4f2dbd10,passed
regular-simd_omp-t12-dynamicx1-r1-4000x3000.png,2026-09-18T17:17:12Z,4000x3000.png,4000,3000,Rotate_CW,1,12,dynamic,1,omp,no,unset,unset,hype2,12.2.0,-O3 -Wall -Wextra -std=c++17 -fopenmp -DOMP_EXPLICIT_SIMD=1,31.375258,e0f27e61a205ef0a,passed
regular-simd_omp-t12-dynamicx1-r1-4000x3000.png,2026-09-18T17:17:12Z,4000x3000.png,4000,3000,Rotate_CCW,1,12,dynamic,1,omp,no,unset,unset,hype2,12.2.0,-O3 -Wall -Wextra -std=c++17 -fopenmp -DOMP_EXPLICIT_SIMD=1,31.143472,b4512f3b73b7723c,passed
regular-simd_omp-t12-dynamicx1-r1-4000x3000.png,2026-09-18T17:17:13Z,4000x3000.png,4000,3000,Gaussian_3x3,1,12,dynamic,1,omp,yes,unset,unset,hype2,12.2.0,-O3 -Wall -Wextra -std=c++17 -fopenmp -DOMP_EXPLICIT_SIMD=1,48.839821,bc1a93797b2afda7,passed
regular-simd_omp-t12-dynamicx1-r1-4000x3000.png,2026-09-18T17:17:13Z,4000x3000.png,4000,3000,Gaussian_5x5,1,12,dynamic,1,omp,yes,unset,unset,hype2,12.2.0,-O3 -Wall -Wextra -std=c++17 -fopenmp -DOMP_EXPLICIT_SIMD=1,83.821943,d67ccd9b6dbb62d8,passed
regular-simd_omp-t12-dynamicx1-r1-4000x3000.png,2026-09-18T17:17:13Z,4000x3000.png,4000,3000,Gaussian_7x7,1,12,dynamic,1,omp,yes,unset,unset,hype2,12.2.0,-O3 -Wall -Wextra -std=c++17 -fopenmp -DOMP_EXPLICIT_SIMD=1,139.652631,98f465f1820de349,passed
regular-simd_omp-t12-dynamicx1-r1-4000x3000.png,2026-09-18T17:17:13Z,4000x3000.png,4000,3000,Gaussian_9x9,1,12,dynamic,1,omp,yes,unset,unset,hype2,12.2.0,-O3 -Wall -Wextra -std=c++17 -fopenmp -DOMP_EXPLICIT_SIMD=1,214.727633,8f9bd96ceab3a369,passed
regular-simd_omp-t12-dynamicx1-r1-4000x3000.png,2026-09-18T17:17:14Z,4000x3000.png,4000,3000,Gaussian_11x11,1,12,dynamic,1,omp,yes,unset,unset,hype2,12.2.0,-O3 -Wall -Wextra -std=c++17 -fopenmp -DOMP_EXPLICIT_SIMD=1,306.986177,1e8adb9534bf99dc,passed
regular-simd_omp-t12-dynamicx1-r1-6000x6000.png,2026-09-18T17:17:15Z,6000x6000.png,6000,6000,Grayscale,1,12,dynamic,1,omp,yes,unset,unset,hype2,12.2.0,-O3 -Wall -Wextra -std=c++17 -fopenmp -DOMP_EXPLICIT_SIMD=1,15.275935,937793859b387046,passed
regular-simd_omp-t12-dynamicx1-r1-6000x6000.png,2026-09-18T17:17:15Z,6000x6000.png,6000,6000,Flip_Horizontal,1,12,dynamic,1,omp,no,unset,unset,hype2,12.2.0,-O3 -Wall -Wextra -std=c++17 -fopenmp -DOMP_EXPLICIT_SIMD=1,5.681648,3dfbc0e2f0b456c2,passed
regular-simd_omp-t12-dynamicx1-r1-6000x6000.png,2026-09-18T17:17:16Z,6000x6000.png,6000,6000,Adjust_Brightness,1,12,dynamic,1,omp,yes,unset,unset,hype2,12.2.0,-O3 -Wall -Wextra -std=c++17 -fopenmp -DOMP_EXPLICIT_SIMD=1,19.362253,5d4bea966648e7a7,passed
regular-simd_omp-t12-dynamicx1-r1-6000x6000.png,2026-09-18T17:17:16Z,6000x6000.png,6000,6000,Flip_Vertical,1,12,dynamic,1,omp,no,unset,unset,hype2,12.2.0,-O3 -Wall -Wextra -std=c++17 -fopenmp -DOMP_EXPLICIT_SIMD=1,4.208498,bd012cf684012198,passed
regular-simd_omp-t12-dynamicx1-r1-6000x6000.png,2026-09-18T17:17:16Z,6000x6000.png,6000,6000,Quantize,1,12,dynamic,1,omp,yes,unset,unset,hype2,12.2.0,-O3 -Wall -Wextra -std=c++17 -fopenmp -DOMP_EXPLICIT_SIMD=1,57.201875,b2e8843413e8e7a6,passed
regular-simd_omp-t12-dynamicx1-r1-6000x6000.png,2026-09-18T17:17:16Z,6000x6000.png,6000,6000,Adjust_Contrast,1,12,dynamic,1,omp,yes,unset,unset,hype2,12.2.0,-O3 -Wall -Wextra -std=c++17 -fopenmp -DOMP_EXPLICIT_SIMD=1,28.131567,c036bcbf5e6d6190,passed
regular-simd_omp-t12-dynamicx1-r1-6000x6000.png,2026-09-18T17:17:16Z,6000x6000.png,6000,6000,Negative,1,12,dynamic,1,omp,yes,unset,unset,hype2,12.2.0,-O3 -Wall -Wextra -std=c++17 -fopenmp -DOMP_EXPLICIT_SIMD=1,10.710232,0a497e94a83bbbc0,passed
regular-simd_omp-t12-dynamicx1-r1-6000x6000.png,2026-09-18T17:17:17Z,6000x6000.png,6000,6000,Equalize_Histogram,1,12,dynamic,1,omp,yes,unset,unset,hype2,12.2.0,-O3 -Wall -Wextra -std=c++17 -fopenmp -DOMP_EXPLICIT_SIMD=1,19.724990,5251e13888abb30f,passed
regular-simd_omp-t12-dynamicx1-r1-6000x6000.png,2026-09-18T17:17:17Z,6000x6000.png,6000,6000,Zoom_In,1,12,dynamic,1,omp,yes,unset,unset,hype2,12.2.0,-O3 -Wall -Wextra -std=c++17 -fopenmp -DOMP_EXPLICIT_SIMD=1,86.204451,4e063cbe88523a0e,passed
regular-simd_omp-t12-dynamicx1-r1-6000x6000.png,2026-09-18T17:17:17Z,6000x6000.png,6000,6000,Zoom_Out,1,12,dynamic,1,omp,no,unset,unset,hype2,12.2.0,-O3 -Wall -Wextra -std=c++17 -fopenmp -DOMP_EXPLICIT_SIMD=1,32.620626,8eace74e8cd425e6,passed
regular-simd_omp-t12-dynamicx1-r1-6000x6000.png,2026-09-18T17:17:18Z,6000x6000.png,6000,6000,Rotate_CW,1,12,dynamic,1,omp,no,unset,unset,hype2,12.2.0,-O3 -Wall -Wextra -std=c++17 -fopenmp -DOMP_EXPLICIT_SIMD=1,80.369205,dd5c83f3b3cee726,passed
regular-simd_omp-t12-dynamicx1-r1-6000x6000.png,2026-09-18T17:17:18Z,6000x6000.png,6000,6000,Rotate_CCW,1,12,dynamic,1,omp,no,unset,unset,hype2,12.2.0,-O3 -Wall -Wextra -std=c++17 -fopenmp -DOMP_EXPLICIT_SIMD=1,74.317022,51196bd3ed2b4ba4,passed
regular-simd_omp-t12-dynamicx1-r1-6000x6000.png,2026-09-18T17:17:18Z,6000x6000.png,6000,6000,Gaussian_3x3,1,12,dynamic,1,omp,yes,unset,unset,hype2,12.2.0,-O3 -Wall -Wextra -std=c++17 -fopenmp -DOMP_EXPLICIT_SIMD=1,142.332397,87566478e34b4f70,passed
regular-simd_omp-t12-dynamicx1-r1-6000x6000.png,2026-09-18T17:17:19Z,6000x6000.png,6000,6000,Gaussian_5x5,1,12,dynamic,1,omp,yes,unset,unset,hype2,12.2.0,-O3 -Wall -Wextra -std=c++17 -fopenmp -DOMP_EXPLICIT_SIMD=1,246.417243,4b23a258f94a27f0,passed
regular-simd_omp-t12-dynamicx1-r1-6000x6000.png,2026-09-18T17:17:19Z,6000x6000.png,6000,6000,Gaussian_7x7,1,12,dynamic,1,omp,yes,unset,unset,hype2,12.2.0,-O3 -Wall -Wextra -std=c++17 -fopenmp -DOMP_EXPLICIT_SIMD=1,422.277404,3771268fea0417e2,passed
regular-simd_omp-t12-dynamicx1-r1-6000x6000.png,2026-09-18T17:17:20Z,6000x6000.png,6000,6000,Gaussian_9x9,1,12,dynamic,1,omp,yes,unset,unset,hype2,12.2.0,-O3 -Wall -Wextra -std=c++17 -fopenmp -DOMP_EXPLICIT_SIMD=1,644.722223,3f6b7f707a108bd5,passed
regular-simd_omp-t12-dynamicx1-r1-6000x6000.png,2026-09-18T17:17:21Z,6000x6000.png,6000,6000,Gaussian_11x11,1,12,dynamic,1,omp,yes,unset,unset,hype2,12.2.0,-O3 -Wall -Wextra -std=c++17 -fopenmp -DOMP_EXPLICIT_SIMD=1,921.044990,c923a906c8989668,passed
regular-simd_off-t12-dynamicx16-r1-4000x3000.png,2026-09-18T17:17:22Z,4000x3000.png,4000,3000,Grayscale,1,12,dynamic,16,off,yes,unset,unset,hype2,12.2.0,-O3 -Wall -Wextra -std=c++17 -fopenmp -DOMP_EXPLICIT_SIMD=0 -fno-tree-vectorize,5.530736,00925fa85224b60c,passed
regular-simd_off-t12-dynamicx16-r1-4000x3000.png,2026-09-18T17:17:22Z,4000x3000.png,4000,3000,Flip_Horizontal,1,12,dynamic,16,off,no,unset,unset,hype2,12.2.0,-O3 -Wall -Wextra -std=c++17 -fopenmp -DOMP_EXPLICIT_SIMD=0 -fno-tree-vectorize,2.403390,45d5313341f5868e,passed
regular-simd_off-t12-dynamicx16-r1-4000x3000.png,2026-09-18T17:17:22Z,4000x3000.png,4000,3000,Adjust_Brightness,1,12,dynamic,16,off,yes,unset,unset,hype2,12.2.0,-O3 -Wall -Wextra -std=c++17 -fopenmp -DOMP_EXPLICIT_SIMD=0 -fno-tree-vectorize,6.530771,e488c03148da4f5b,passed
regular-simd_off-t12-dynamicx16-r1-4000x3000.png,2026-09-18T17:17:22Z,4000x3000.png,4000,3000,Flip_Vertical,1,12,dynamic,16,off,no,unset,unset,hype2,12.2.0,-O3 -Wall -Wextra -std=c++17 -fopenmp -DOMP_EXPLICIT_SIMD=0 -fno-tree-vectorize,1.584407,754d30e4e81eccfc,passed
regular-simd_off-t12-dynamicx16-r1-4000x3000.png,2026-09-18T17:17:22Z,4000x3000.png,4000,3000,Quantize,1,12,dynamic,16,off,yes,unset,unset,hype2,12.2.0,-O3 -Wall -Wextra -std=c++17 -fopenmp -DOMP_EXPLICIT_SIMD=0 -fno-tree-vectorize,20.814344,f01ef010a3fd2f20,passed
regular-simd_off-t12-dynamicx16-r1-4000x3000.png,2026-09-18T17:17:22Z,4000x3000.png,4000,3000,Adjust_Contrast,1,12,dynamic,16,off,yes,unset,unset,hype2,12.2.0,-O3 -Wall -Wextra -std=c++17 -fopenmp -DOMP_EXPLICIT_SIMD=0 -fno-tree-vectorize,9.582432,7cc9f4cee5c661bd,passed
regular-simd_off-t12-dynamicx16-r1-4000x3000.png,2026-09-18T17:17:22Z,4000x3000.png,4000,3000,Negative,1,12,dynamic,16,off,yes,unset,unset,hype2,12.2.0,-O3 -Wall -Wextra -std=c++17 -fopenmp -DOMP_EXPLICIT_SIMD=0 -fno-tree-vectorize,3.687936,043d4193294f2dcc,passed
regular-simd_off-t12-dynamicx16-r1-4000x3000.png,2026-09-18T17:17:22Z,4000x3000.png,4000,3000,Equalize_Histogram,1,12,dynamic,16,off,yes,unset,unset,hype2,12.2.0,-O3 -Wall -Wextra -std=c++17 -fopenmp -DOMP_EXPLICIT_SIMD=0 -fno-tree-vectorize,7.066519,243220feba4dd030,passed
regular-simd_off-t12-dynamicx16-r1-4000x3000.png,2026-09-18T17:17:23Z,4000x3000.png,4000,3000,Zoom_In,1,12,dynamic,16,off,yes,unset,unset,hype2,12.2.0,-O3 -Wall -Wextra -std=c++17 -fopenmp -DOMP_EXPLICIT_SIMD=0 -fno-tree-vectorize,17.483879,71b80276839f9533,passed
regular-simd_off-t12-dynamicx16-r1-4000x3000.png,2026-09-18T17:17:23Z,4000x3000.png,4000,3000,Zoom_Out,1,12,dynamic,16,off,no,unset,unset,hype2,12.2.0,-O3 -Wall -Wextra -std=c++17 -fopenmp -DOMP_EXPLICIT_SIMD=0 -fno-tree-vectorize,11.806889,a91f518a4f2dbd10,passed
regular-simd_off-t12-dynamicx16-r1-4000x3000.png,2026-09-18T17:17:23Z,4000x3000.png,4000,3000,Rotate_CW,1,12,dynamic,16,off,no,unset,unset,hype2,12.2.0,-O3 -Wall -Wextra -std=c++17 -fopenmp -DOMP_EXPLICIT_SIMD=0 -fno-tree-vectorize,19.233906,e0f27e61a205ef0a,passed
regular-simd_off-t12-dynamicx16-r1-4000x3000.png,2026-09-18T17:17:23Z,4000x3000.png,4000,3000,Rotate_CCW,1,12,dynamic,16,off,no,unset,unset,hype2,12.2.0,-O3 -Wall -Wextra -std=c++17 -fopenmp -DOMP_EXPLICIT_SIMD=0 -fno-tree-vectorize,19.242367,b4512f3b73b7723c,passed
regular-simd_off-t12-dynamicx16-r1-4000x3000.png,2026-09-18T17:17:23Z,4000x3000.png,4000,3000,Gaussian_3x3,1,12,dynamic,16,off,yes,unset,unset,hype2,12.2.0,-O3 -Wall -Wextra -std=c++17 -fopenmp -DOMP_EXPLICIT_SIMD=0 -fno-tree-vectorize,47.031600,bc1a93797b2afda7,passed
regular-simd_off-t12-dynamicx16-r1-4000x3000.png,2026-09-18T17:17:23Z,4000x3000.png,4000,3000,Gaussian_5x5,1,12,dynamic,16,off,yes,unset,unset,hype2,12.2.0,-O3 -Wall -Wextra -std=c++17 -fopenmp -DOMP_EXPLICIT_SIMD=0 -fno-tree-vectorize,82.712908,d67ccd9b6dbb62d8,passed
regular-simd_off-t12-dynamicx16-r1-4000x3000.png,2026-09-18T17:17:23Z,4000x3000.png,4000,3000,Gaussian_7x7,1,12,dynamic,16,off,yes,unset,unset,hype2,12.2.0,-O3 -Wall -Wextra -std=c++17 -fopenmp -DOMP_EXPLICIT_SIMD=0 -fno-tree-vectorize,140.928312,98f465f1820de349,passed
regular-simd_off-t12-dynamicx16-r1-4000x3000.png,2026-09-18T17:17:24Z,4000x3000.png,4000,3000,Gaussian_9x9,1,12,dynamic,16,off,yes,unset,unset,hype2,12.2.0,-O3 -Wall -Wextra -std=c++17 -fopenmp -DOMP_EXPLICIT_SIMD=0 -fno-tree-vectorize,218.354630,8f9bd96ceab3a369,passed
regular-simd_off-t12-dynamicx16-r1-4000x3000.png,2026-09-18T17:17:24Z,4000x3000.png,4000,3000,Gaussian_11x11,1,12,dynamic,16,off,yes,unset,unset,hype2,12.2.0,-O3 -Wall -Wextra -std=c++17 -fopenmp -DOMP_EXPLICIT_SIMD=0 -fno-tree-vectorize,313.269316,1e8adb9534bf99dc,passed
regular-simd_off-t12-dynamicx16-r1-6000x6000.png,2026-09-18T17:17:26Z,6000x6000.png,6000,6000,Grayscale,1,12,dynamic,16,off,yes,unset,unset,hype2,12.2.0,-O3 -Wall -Wextra -std=c++17 -fopenmp -DOMP_EXPLICIT_SIMD=0 -fno-tree-vectorize,14.799905,937793859b387046,passed
regular-simd_off-t12-dynamicx16-r1-6000x6000.png,2026-09-18T17:17:26Z,6000x6000.png,6000,6000,Flip_Horizontal,1,12,dynamic,16,off,no,unset,unset,hype2,12.2.0,-O3 -Wall -Wextra -std=c++17 -fopenmp -DOMP_EXPLICIT_SIMD=0 -fno-tree-vectorize,5.893595,3dfbc0e2f0b456c2,passed
regular-simd_off-t12-dynamicx16-r1-6000x6000.png,2026-09-18T17:17:26Z,6000x6000.png,6000,6000,Adjust_Brightness,1,12,dynamic,16,off,yes,unset,unset,hype2,12.2.0,-O3 -Wall -Wextra -std=c++17 -fopenmp -DOMP_EXPLICIT_SIMD=0 -fno-tree-vectorize,18.916971,5d4bea966648e7a7,passed
regular-simd_off-t12-dynamicx16-r1-6000x6000.png,2026-09-18T17:17:26Z,6000x6000.png,6000,6000,Flip_Vertical,1,12,dynamic,16,off,no,unset,unset,hype2,12.2.0,-O3 -Wall -Wextra -std=c++17 -fopenmp -DOMP_EXPLICIT_SIMD=0 -fno-tree-vectorize,4.236080,bd012cf684012198,passed
regular-simd_off-t12-dynamicx16-r1-6000x6000.png,2026-09-18T17:17:26Z,6000x6000.png,6000,6000,Quantize,1,12,dynamic,16,off,yes,unset,unset,hype2,12.2.0,-O3 -Wall -Wextra -std=c++17 -fopenmp -DOMP_EXPLICIT_SIMD=0 -fno-tree-vectorize,56.405077,b2e8843413e8e7a6,passed
regular-simd_off-t12-dynamicx16-r1-6000x6000.png,2026-09-18T17:17:27Z,6000x6000.png,6000,6000,Adjust_Contrast,1,12,dynamic,16,off,yes,unset,unset,hype2,12.2.0,-O3 -Wall -Wextra -std=c++17 -fopenmp -DOMP_EXPLICIT_SIMD=0 -fno-tree-vectorize,28.188731,c036bcbf5e6d6190,passed
regular-simd_off-t12-dynamicx16-r1-6000x6000.png,2026-09-18T17:17:27Z,6000x6000.png,6000,6000,Negative,1,12,dynamic,16,off,yes,unset,unset,hype2,12.2.0,-O3 -Wall -Wextra -std=c++17 -fopenmp -DOMP_EXPLICIT_SIMD=0 -fno-tree-vectorize,10.875613,0a497e94a83bbbc0,passed
regular-simd_off-t12-dynamicx16-r1-6000x6000.png,2026-09-18T17:17:27Z,6000x6000.png,6000,6000,Equalize_Histogram,1,12,dynamic,16,off,yes,unset,unset,hype2,12.2.0,-O3 -Wall -Wextra -std=c++17 -fopenmp -DOMP_EXPLICIT_SIMD=0 -fno-tree-vectorize,19.141968,5251e13888abb30f,passed
regular-simd_off-t12-dynamicx16-r1-6000x6000.png,2026-09-18T17:17:28Z,6000x6000.png,6000,6000,Zoom_In,1,12,dynamic,16,off,yes,unset,unset,hype2,12.2.0,-O3 -Wall -Wextra -std=c++17 -fopenmp -DOMP_EXPLICIT_SIMD=0 -fno-tree-vectorize,42.784832,4e063cbe88523a0e,passed
regular-simd_off-t12-dynamicx16-r1-6000x6000.png,2026-09-18T17:17:28Z,6000x6000.png,6000,6000,Zoom_Out,1,12,dynamic,16,off,no,unset,unset,hype2,12.2.0,-O3 -Wall -Wextra -std=c++17 -fopenmp -DOMP_EXPLICIT_SIMD=0 -fno-tree-vectorize,31.887821,8eace74e8cd425e6,passed
regular-simd_off-t12-dynamicx16-r1-6000x6000.png,2026-09-18T17:17:28Z,6000x6000.png,6000,6000,Rotate_CW,1,12,dynamic,16,off,no,unset,unset,hype2,12.2.0,-O3 -Wall -Wextra -std=c++17 -fopenmp -DOMP_EXPLICIT_SIMD=0 -fno-tree-vectorize,53.472441,dd5c83f3b3cee726,passed
regular-simd_off-t12-dynamicx16-r1-6000x6000.png,2026-09-18T17:17:28Z,6000x6000.png,6000,6000,Rotate_CCW,1,12,dynamic,16,off,no,unset,unset,hype2,12.2.0,-O3 -Wall -Wextra -std=c++17 -fopenmp -DOMP_EXPLICIT_SIMD=0 -fno-tree-vectorize,54.059329,51196bd3ed2b4ba4,passed
regular-simd_off-t12-dynamicx16-r1-6000x6000.png,2026-09-18T17:17:29Z,6000x6000.png,6000,6000,Gaussian_3x3,1,12,dynamic,16,off,yes,unset,unset,hype2,12.2.0,-O3 -Wall -Wextra -std=c++17 -fopenmp -DOMP_EXPLICIT_SIMD=0 -fno-tree-vectorize,139.466615,87566478e34b4f70,passed
regular-simd_off-t12-dynamicx16-r1-6000x6000.png,2026-09-18T17:17:29Z,6000x6000.png,6000,6000,Gaussian_5x5,1,12,dynamic,16,off,yes,unset,unset,hype2,12.2.0,-O3 -Wall -Wextra -std=c++17 -fopenmp -DOMP_EXPLICIT_SIMD=0 -fno-tree-vectorize,247.707009,4b23a258f94a27f0,passed
regular-simd_off-t12-dynamicx16-r1-6000x6000.png,2026-09-18T17:17:30Z,6000x6000.png,6000,6000,Gaussian_7x7,1,12,dynamic,16,off,yes,unset,unset,hype2,12.2.0,-O3 -Wall -Wextra -std=c++17 -fopenmp -DOMP_EXPLICIT_SIMD=0 -fno-tree-vectorize,420.062456,3771268fea0417e2,passed
regular-simd_off-t12-dynamicx16-r1-6000x6000.png,2026-09-18T17:17:31Z,6000x6000.png,6000,6000,Gaussian_9x9,1,12,dynamic,16,off,yes,unset,unset,hype2,12.2.0,-O3 -Wall -Wextra -std=c++17 -fopenmp -DOMP_EXPLICIT_SIMD=0 -fno-tree-vectorize,650.747576,3f6b7f707a108bd5,passed
regular-simd_off-t12-dynamicx16-r1-6000x6000.png,2026-09-18T17:17:32Z,6000x6000.png,6000,6000,Gaussian_11x11,1,12,dynamic,16,off,yes,unset,unset,hype2,12.2.0,-O3 -Wall -Wextra -std=c++17 -fopenmp -DOMP_EXPLICIT_SIMD=0 -fno-tree-vectorize,935.900702,c923a906c8989668,passed
regular-simd_omp-t12-dynamicx16-r1-4000x3000.png,2026-09-18T17:17:32Z,4000x3000.png,4000,3000,Grayscale,1,12,dynamic,16,omp,yes,unset,unset,hype2,12.2.0,-O3 -Wall -Wextra -std=c++17 -fopenmp -DOMP_EXPLICIT_SIMD=1,5.646103,00925fa85224b60c,passed
regular-simd_omp-t12-dynamicx16-r1-4000x3000.png,2026-09-18T17:17:32Z,4000x3000.png,4000,3000,Flip_Horizontal,1,12,dynamic,16,omp,no,unset,unset,hype2,12.2.0,-O3 -Wall -Wextra -std=c++17 -fopenmp -DOMP_EXPLICIT_SIMD=1,2.342053,45d5313341f5868e,passed
regular-simd_omp-t12-dynamicx16-r1-4000x3000.png,2026-09-18T17:17:32Z,4000x3000.png,4000,3000,Adjust_Brightness,1,12,dynamic,16,omp,yes,unset,unset,hype2,12.2.0,-O3 -Wall -Wextra -std=c++17 -fopenmp -DOMP_EXPLICIT_SIMD=1,6.600225,e488c03148da4f5b,passed
regular-simd_omp-t12-dynamicx16-r1-4000x3000.png,2026-09-18T17:17:32Z,4000x3000.png,4000,3000,Flip_Vertical,1,12,dynamic,16,omp,no,unset,unset,hype2,12.2.0,-O3 -Wall -Wextra -std=c++17 -fopenmp -DOMP_EXPLICIT_SIMD=1,1.575496,754d30e4e81eccfc,passed
regular-simd_omp-t12-dynamicx16-r1-4000x3000.png,2026-09-18T17:17:32Z,4000x3000.png,4000,3000,Quantize,1,12,dynamic,16,omp,yes,unset,unset,hype2,12.2.0,-O3 -Wall -Wextra -std=c++17 -fopenmp -DOMP_EXPLICIT_SIMD=1,20.890078,f01ef010a3fd2f20,passed
regular-simd_omp-t12-dynamicx16-r1-4000x3000.png,2026-09-18T17:17:33Z,4000x3000.png,4000,3000,Adjust_Contrast,1,12,dynamic,16,omp,yes,unset,unset,hype2,12.2.0,-O3 -Wall -Wextra -std=c++17 -fopenmp -DOMP_EXPLICIT_SIMD=1,9.604224,7cc9f4cee5c661bd,passed
regular-simd_omp-t12-dynamicx16-r1-4000x3000.png,2026-09-18T17:17:33Z,4000x3000.png,4000,3000,Negative,1,12,dynamic,16,omp,yes,unset,unset,hype2,12.2.0,-O3 -Wall -Wextra -std=c++17 -fopenmp -DOMP_EXPLICIT_SIMD=1,3.653569,043d4193294f2dcc,passed
regular-simd_omp-t12-dynamicx16-r1-4000x3000.png,2026-09-18T17:17:33Z,4000x3000.png,4000,3000,Equalize_Histogram,1,12,dynamic,16,omp,yes,unset,unset,hype2,12.2.0,-O3 -Wall -Wextra -std=c++17 -fopenmp -DOMP_EXPLICIT_SIMD=1,7.582249,243220feba4dd030,passed
regular-simd_omp-t12-dynamicx16-r1-4000x3000.png,2026-09-18T17:17:33Z,4000x3000.png,4000,3000,Zoom_In,1,12,dynamic,16,omp,yes,unset,unset,hype2,12.2.0,-O3 -Wall -Wextra -std=c++17 -fopenmp -DOMP_EXPLICIT_SIMD=1,16.313656,71b80276839f9533,passed
regular-simd_omp-t12-dynamicx16-r1-4000x3000.png,2026-09-18T17:17:33Z,4000x3000.png,4000,3000,Zoom_Out,1,12,dynamic,16,omp,no,unset,unset,hype2,12.2.0,-O3 -Wall -Wextra -std=c++17 -fopenmp -DOMP_EXPLICIT_SIMD=1,11.639426,a91f518a4f2dbd10,passed
regular-simd_omp-t12-dynamicx16-r1-4000x3000.png,2026-09-18T17:17:33Z,4000x3000.png,4000,3000,Rotate_CW,1,12,dynamic,16,omp,no,unset,unset,hype2,12.2.0,-O3 -Wall -Wextra -std=c++17 -fopenmp -DOMP_EXPLICIT_SIMD=1,18.687552,e0f27e61a205ef0a,passed
regular-simd_omp-t12-dynamicx16-r1-4000x3000.png,2026-09-18T17:17:33Z,4000x3000.png,4000,3000,Rotate_CCW,1,12,dynamic,16,omp,no,unset,unset,hype2,12.2.0,-O3 -Wall -Wextra -std=c++17 -fopenmp -DOMP_EXPLICIT_SIMD=1,19.458916,b4512f3b73b7723c,passed
regular-simd_omp-t12-dynamicx16-r1-4000x3000.png,2026-09-18T17:17:33Z,4000x3000.png,4000,3000,Gaussian_3x3,1,12,dynamic,16,omp,yes,unset,unset,hype2,12.2.0,-O3 -Wall -Wextra -std=c++17 -fopenmp -DOMP_EXPLICIT_SIMD=1,46.255234,bc1a93797b2afda7,passed
regular-simd_omp-t12-dynamicx16-r1-4000x3000.png,2026-09-18T17:17:33Z,4000x3000.png,4000,3000,Gaussian_5x5,1,12,dynamic,16,omp,yes,unset,unset,hype2,12.2.0,-O3 -Wall -Wextra -std=c++17 -fopenmp -DOMP_EXPLICIT_SIMD=1,83.162439,d67ccd9b6dbb62d8,passed
regular-simd_omp-t12-dynamicx16-r1-4000x3000.png,2026-09-18T17:17:34Z,4000x3000.png,4000,3000,Gaussian_7x7,1,12,dynamic,16,omp,yes,unset,unset,hype2,12.2.0,-O3 -Wall -Wextra -std=c++17 -fopenmp -DOMP_EXPLICIT_SIMD=1,141.628450,98f465f1820de349,passed
regular-simd_omp-t12-dynamicx16-r1-4000x3000.png,2026-09-18T17:17:34Z,4000x3000.png,4000,3000,Gaussian_9x9,1,12,dynamic,16,omp,yes,unset,unset,hype2,12.2.0,-O3 -Wall -Wextra -std=c++17 -fopenmp -DOMP_EXPLICIT_SIMD=1,219.584792,8f9bd96ceab3a369,passed
regular-simd_omp-t12-dynamicx16-r1-4000x3000.png,2026-09-18T17:17:34Z,4000x3000.png,4000,3000,Gaussian_11x11,1,12,dynamic,16,omp,yes,unset,unset,hype2,12.2.0,-O3 -Wall -Wextra -std=c++17 -fopenmp -DOMP_EXPLICIT_SIMD=1,313.584309,1e8adb9534bf99dc,passed
regular-simd_omp-t12-dynamicx16-r1-6000x6000.png,2026-09-18T17:17:36Z,6000x6000.png,6000,6000,Grayscale,1,12,dynamic,16,omp,yes,unset,unset,hype2,12.2.0,-O3 -Wall -Wextra -std=c++17 -fopenmp -DOMP_EXPLICIT_SIMD=1,15.457189,937793859b387046,passed
regular-simd_omp-t12-dynamicx16-r1-6000x6000.png,2026-09-18T17:17:36Z,6000x6000.png,6000,6000,Flip_Horizontal,1,12,dynamic,16,omp,no,unset,unset,hype2,12.2.0,-O3 -Wall -Wextra -std=c++17 -fopenmp -DOMP_EXPLICIT_SIMD=1,6.098184,3dfbc0e2f0b456c2,passed
regular-simd_omp-t12-dynamicx16-r1-6000x6000.png,2026-09-18T17:17:36Z,6000x6000.png,6000,6000,Adjust_Brightness,1,12,dynamic,16,omp,yes,unset,unset,hype2,12.2.0,-O3 -Wall -Wextra -std=c++17 -fopenmp -DOMP_EXPLICIT_SIMD=1,19.457877,5d4bea966648e7a7,passed
regular-simd_omp-t12-dynamicx16-r1-6000x6000.png,2026-09-18T17:17:36Z,6000x6000.png,6000,6000,Flip_Vertical,1,12,dynamic,16,omp,no,unset,unset,hype2,12.2.0,-O3 -Wall -Wextra -std=c++17 -fopenmp -DOMP_EXPLICIT_SIMD=1,4.346670,bd012cf684012198,passed
regular-simd_omp-t12-dynamicx16-r1-6000x6000.png,2026-09-18T17:17:37Z,6000x6000.png,6000,6000,Quantize,1,12,dynamic,16,omp,yes,unset,unset,hype2,12.2.0,-O3 -Wall -Wextra -std=c++17 -fopenmp -DOMP_EXPLICIT_SIMD=1,57.261082,b2e8843413e8e7a6,passed
regular-simd_omp-t12-dynamicx16-r1-6000x6000.png,2026-09-18T17:17:37Z,6000x6000.png,6000,6000,Adjust_Contrast,1,12,dynamic,16,omp,yes,unset,unset,hype2,12.2.0,-O3 -Wall -Wextra -std=c++17 -fopenmp -DOMP_EXPLICIT_SIMD=1,28.451148,c036bcbf5e6d6190,passed
regular-simd_omp-t12-dynamicx16-r1-6000x6000.png,2026-09-18T17:17:37Z,6000x6000.png,6000,6000,Negative,1,12,dynamic,16,omp,yes,unset,unset,hype2,12.2.0,-O3 -Wall -Wextra -std=c++17 -fopenmp -DOMP_EXPLICIT_SIMD=1,10.511032,0a497e94a83bbbc0,passed
regular-simd_omp-t12-dynamicx16-r1-6000x6000.png,2026-09-18T17:17:37Z,6000x6000.png,6000,6000,Equalize_Histogram,1,12,dynamic,16,omp,yes,unset,unset,hype2,12.2.0,-O3 -Wall -Wextra -std=c++17 -fopenmp -DOMP_EXPLICIT_SIMD=1,19.453562,5251e13888abb30f,passed
regular-simd_omp-t12-dynamicx16-r1-6000x6000.png,2026-09-18T17:17:38Z,6000x6000.png,6000,6000,Zoom_In,1,12,dynamic,16,omp,yes,unset,unset,hype2,12.2.0,-O3 -Wall -Wextra -std=c++17 -fopenmp -DOMP_EXPLICIT_SIMD=1,38.983975,4e063cbe88523a0e,passed
regular-simd_omp-t12-dynamicx16-r1-6000x6000.png,2026-09-18T17:17:38Z,6000x6000.png,6000,6000,Zoom_Out,1,12,dynamic,16,omp,no,unset,unset,hype2,12.2.0,-O3 -Wall -Wextra -std=c++17 -fopenmp -DOMP_EXPLICIT_SIMD=1,31.896621,8eace74e8cd425e6,passed
regular-simd_omp-t12-dynamicx16-r1-6000x6000.png,2026-09-18T17:17:38Z,6000x6000.png,6000,6000,Rotate_CW,1,12,dynamic,16,omp,no,unset,unset,hype2,12.2.0,-O3 -Wall -Wextra -std=c++17 -fopenmp -DOMP_EXPLICIT_SIMD=1,52.756593,dd5c83f3b3cee726,passed
regular-simd_omp-t12-dynamicx16-r1-6000x6000.png,2026-09-18T17:17:39Z,6000x6000.png,6000,6000,Rotate_CCW,1,12,dynamic,16,omp,no,unset,unset,hype2,12.2.0,-O3 -Wall -Wextra -std=c++17 -fopenmp -DOMP_EXPLICIT_SIMD=1,53.251369,51196bd3ed2b4ba4,passed
regular-simd_omp-t12-dynamicx16-r1-6000x6000.png,2026-09-18T17:17:39Z,6000x6000.png,6000,6000,Gaussian_3x3,1,12,dynamic,16,omp,yes,unset,unset,hype2,12.2.0,-O3 -Wall -Wextra -std=c++17 -fopenmp -DOMP_EXPLICIT_SIMD=1,136.979301,87566478e34b4f70,passed
regular-simd_omp-t12-dynamicx16-r1-6000x6000.png,2026-09-18T17:17:39Z,6000x6000.png,6000,6000,Gaussian_5x5,1,12,dynamic,16,omp,yes,unset,unset,hype2,12.2.0,-O3 -Wall -Wextra -std=c++17 -fopenmp -DOMP_EXPLICIT_SIMD=1,245.941817,4b23a258f94a27f0,passed
regular-simd_omp-t12-dynamicx16-r1-6000x6000.png,2026-09-18T17:17:40Z,6000x6000.png,6000,6000,Gaussian_7x7,1,12,dynamic,16,omp,yes,unset,unset,hype2,12.2.0,-O3 -Wall -Wextra -std=c++17 -fopenmp -DOMP_EXPLICIT_SIMD=1,421.925886,3771268fea0417e2,passed
regular-simd_omp-t12-dynamicx16-r1-6000x6000.png,2026-09-18T17:17:41Z,6000x6000.png,6000,6000,Gaussian_9x9,1,12,dynamic,16,omp,yes,unset,unset,hype2,12.2.0,-O3 -Wall -Wextra -std=c++17 -fopenmp -DOMP_EXPLICIT_SIMD=1,654.038220,3f6b7f707a108bd5,passed
regular-simd_omp-t12-dynamicx16-r1-6000x6000.png,2026-09-18T17:17:42Z,6000x6000.png,6000,6000,Gaussian_11x11,1,12,dynamic,16,omp,yes,unset,unset,hype2,12.2.0,-O3 -Wall -Wextra -std=c++17 -fopenmp -DOMP_EXPLICIT_SIMD=1,938.346426,c923a906c8989668,passed
regular-simd_omp-t12-static-r2-4000x3000.png,2026-09-18T17:17:43Z,4000x3000.png,4000,3000,Grayscale,2,12,static,,omp,yes,unset,unset,hype2,12.2.0,-O3 -Wall -Wextra -std=c++17 -fopenmp -DOMP_EXPLICIT_SIMD=1,5.684217,00925fa85224b60c,passed
regular-simd_omp-t12-static-r2-4000x3000.png,2026-09-18T17:17:43Z,4000x3000.png,4000,3000,Flip_Horizontal,2,12,static,,omp,no,unset,unset,hype2,12.2.0,-O3 -Wall -Wextra -std=c++17 -fopenmp -DOMP_EXPLICIT_SIMD=1,2.509383,45d5313341f5868e,passed
regular-simd_omp-t12-static-r2-4000x3000.png,2026-09-18T17:17:43Z,4000x3000.png,4000,3000,Adjust_Brightness,2,12,static,,omp,yes,unset,unset,hype2,12.2.0,-O3 -Wall -Wextra -std=c++17 -fopenmp -DOMP_EXPLICIT_SIMD=1,6.529884,e488c03148da4f5b,passed
regular-simd_omp-t12-static-r2-4000x3000.png,2026-09-18T17:17:43Z,4000x3000.png,4000,3000,Flip_Vertical,2,12,static,,omp,no,unset,unset,hype2,12.2.0,-O3 -Wall -Wextra -std=c++17 -fopenmp -DOMP_EXPLICIT_SIMD=1,1.958493,754d30e4e81eccfc,passed
regular-simd_omp-t12-static-r2-4000x3000.png,2026-09-18T17:17:43Z,4000x3000.png,4000,3000,Quantize,2,12,static,,omp,yes,unset,unset,hype2,12.2.0,-O3 -Wall -Wextra -std=c++17 -fopenmp -DOMP_EXPLICIT_SIMD=1,20.195202,f01ef010a3fd2f20,passed
regular-simd_omp-t12-static-r2-4000x3000.png,2026-09-18T17:17:43Z,4000x3000.png,4000,3000,Adjust_Contrast,2,12,static,,omp,yes,unset,unset,hype2,12.2.0,-O3 -Wall -Wextra -std=c++17 -fopenmp -DOMP_EXPLICIT_SIMD=1,9.357044,7cc9f4cee5c661bd,passed
regular-simd_omp-t12-static-r2-4000x3000.png,2026-09-18T17:17:43Z,4000x3000.png,4000,3000,Negative,2,12,static,,omp,yes,unset,unset,hype2,12.2.0,-O3 -Wall -Wextra -std=c++17 -fopenmp -DOMP_EXPLICIT_SIMD=1,3.830282,043d4193294f2dcc,passed
regular-simd_omp-t12-static-r2-4000x3000.png,2026-09-18T17:17:43Z,4000x3000.png,4000,3000,Equalize_Histogram,2,12,static,,omp,yes,unset,unset,hype2,12.2.0,-O3 -Wall -Wextra -std=c++17 -fopenmp -DOMP_EXPLICIT_SIMD=1,6.635433,243220feba4dd030,passed
regular-simd_omp-t12-static-r2-4000x3000.png,2026-09-18T17:17:43Z,4000x3000.png,4000,3000,Zoom_In,2,12,static,,omp,yes,unset,unset,hype2,12.2.0,-O3 -Wall -Wextra -std=c++17 -fopenmp -DOMP_EXPLICIT_SIMD=1,13.073642,71b80276839f9533,passed
regular-simd_omp-t12-static-r2-4000x3000.png,2026-09-18T17:17:43Z,4000x3000.png,4000,3000,Zoom_Out,2,12,static,,omp,no,unset,unset,hype2,12.2.0,-O3 -Wall -Wextra -std=c++17 -fopenmp -DOMP_EXPLICIT_SIMD=1,11.110465,a91f518a4f2dbd10,passed
regular-simd_omp-t12-static-r2-4000x3000.png,2026-09-18T17:17:43Z,4000x3000.png,4000,3000,Rotate_CW,2,12,static,,omp,no,unset,unset,hype2,12.2.0,-O3 -Wall -Wextra -std=c++17 -fopenmp -DOMP_EXPLICIT_SIMD=1,17.688760,e0f27e61a205ef0a,passed
regular-simd_omp-t12-static-r2-4000x3000.png,2026-09-18T17:17:43Z,4000x3000.png,4000,3000,Rotate_CCW,2,12,static,,omp,no,unset,unset,hype2,12.2.0,-O3 -Wall -Wextra -std=c++17 -fopenmp -DOMP_EXPLICIT_SIMD=1,18.036869,b4512f3b73b7723c,passed
regular-simd_omp-t12-static-r2-4000x3000.png,2026-09-18T17:17:44Z,4000x3000.png,4000,3000,Gaussian_3x3,2,12,static,,omp,yes,unset,unset,hype2,12.2.0,-O3 -Wall -Wextra -std=c++17 -fopenmp -DOMP_EXPLICIT_SIMD=1,45.454090,bc1a93797b2afda7,passed
regular-simd_omp-t12-static-r2-4000x3000.png,2026-09-18T17:17:44Z,4000x3000.png,4000,3000,Gaussian_5x5,2,12,static,,omp,yes,unset,unset,hype2,12.2.0,-O3 -Wall -Wextra -std=c++17 -fopenmp -DOMP_EXPLICIT_SIMD=1,82.023185,d67ccd9b6dbb62d8,passed
regular-simd_omp-t12-static-r2-4000x3000.png,2026-09-18T17:17:44Z,4000x3000.png,4000,3000,Gaussian_7x7,2,12,static,,omp,yes,unset,unset,hype2,12.2.0,-O3 -Wall -Wextra -std=c++17 -fopenmp -DOMP_EXPLICIT_SIMD=1,139.265754,98f465f1820de349,passed
regular-simd_omp-t12-static-r2-4000x3000.png,2026-09-18T17:17:44Z,4000x3000.png,4000,3000,Gaussian_9x9,2,12,static,,omp,yes,unset,unset,hype2,12.2.0,-O3 -Wall -Wextra -std=c++17 -fopenmp -DOMP_EXPLICIT_SIMD=1,225.919088,8f9bd96ceab3a369,passed
regular-simd_omp-t12-static-r2-4000x3000.png,2026-09-18T17:17:45Z,4000x3000.png,4000,3000,Gaussian_11x11,2,12,static,,omp,yes,unset,unset,hype2,12.2.0,-O3 -Wall -Wextra -std=c++17 -fopenmp -DOMP_EXPLICIT_SIMD=1,306.435913,1e8adb9534bf99dc,passed
regular-simd_omp-t12-static-r2-6000x6000.png,2026-09-18T17:17:46Z,6000x6000.png,6000,6000,Grayscale,2,12,static,,omp,yes,unset,unset,hype2,12.2.0,-O3 -Wall -Wextra -std=c++17 -fopenmp -DOMP_EXPLICIT_SIMD=1,15.298177,937793859b387046,passed
regular-simd_omp-t12-static-r2-6000x6000.png,2026-09-18T17:17:46Z,6000x6000.png,6000,6000,Flip_Horizontal,2,12,static,,omp,no,unset,unset,hype2,12.2.0,-O3 -Wall -Wextra -std=c++17 -fopenmp -DOMP_EXPLICIT_SIMD=1,6.411456,3dfbc0e2f0b456c2,passed
regular-simd_omp-t12-static-r2-6000x6000.png,2026-09-18T17:17:47Z,6000x6000.png,6000,6000,Adjust_Brightness,2,12,static,,omp,yes,unset,unset,hype2,12.2.0,-O3 -Wall -Wextra -std=c++17 -fopenmp -DOMP_EXPLICIT_SIMD=1,19.553177,5d4bea966648e7a7,passed
regular-simd_omp-t12-static-r2-6000x6000.png,2026-09-18T17:17:47Z,6000x6000.png,6000,6000,Flip_Vertical,2,12,static,,omp,no,unset,unset,hype2,12.2.0,-O3 -Wall -Wextra -std=c++17 -fopenmp -DOMP_EXPLICIT_SIMD=1,4.639654,bd012cf684012198,passed
regular-simd_omp-t12-static-r2-6000x6000.png,2026-09-18T17:17:47Z,6000x6000.png,6000,6000,Quantize,2,12,static,,omp,yes,unset,unset,hype2,12.2.0,-O3 -Wall -Wextra -std=c++17 -fopenmp -DOMP_EXPLICIT_SIMD=1,56.653916,b2e8843413e8e7a6,passed
regular-simd_omp-t12-static-r2-6000x6000.png,2026-09-18T17:17:47Z,6000x6000.png,6000,6000,Adjust_Contrast,2,12,static,,omp,yes,unset,unset,hype2,12.2.0,-O3 -Wall -Wextra -std=c++17 -fopenmp -DOMP_EXPLICIT_SIMD=1,28.174977,c036bcbf5e6d6190,passed
regular-simd_omp-t12-static-r2-6000x6000.png,2026-09-18T17:17:47Z,6000x6000.png,6000,6000,Negative,2,12,static,,omp,yes,unset,unset,hype2,12.2.0,-O3 -Wall -Wextra -std=c++17 -fopenmp -DOMP_EXPLICIT_SIMD=1,10.609418,0a497e94a83bbbc0,passed
regular-simd_omp-t12-static-r2-6000x6000.png,2026-09-18T17:17:48Z,6000x6000.png,6000,6000,Equalize_Histogram,2,12,static,,omp,yes,unset,unset,hype2,12.2.0,-O3 -Wall -Wextra -std=c++17 -fopenmp -DOMP_EXPLICIT_SIMD=1,19.745953,5251e13888abb30f,passed
regular-simd_omp-t12-static-r2-6000x6000.png,2026-09-18T17:17:48Z,6000x6000.png,6000,6000,Zoom_In,2,12,static,,omp,yes,unset,unset,hype2,12.2.0,-O3 -Wall -Wextra -std=c++17 -fopenmp -DOMP_EXPLICIT_SIMD=1,32.294063,4e063cbe88523a0e,passed
regular-simd_omp-t12-static-r2-6000x6000.png,2026-09-18T17:17:48Z,6000x6000.png,6000,6000,Zoom_Out,2,12,static,,omp,no,unset,unset,hype2,12.2.0,-O3 -Wall -Wextra -std=c++17 -fopenmp -DOMP_EXPLICIT_SIMD=1,29.825369,8eace74e8cd425e6,passed
regular-simd_omp-t12-static-r2-6000x6000.png,2026-09-18T17:17:49Z,6000x6000.png,6000,6000,Rotate_CW,2,12,static,,omp,no,unset,unset,hype2,12.2.0,-O3 -Wall -Wextra -std=c++17 -fopenmp -DOMP_EXPLICIT_SIMD=1,46.382938,dd5c83f3b3cee726,passed
regular-simd_omp-t12-static-r2-6000x6000.png,2026-09-18T17:17:49Z,6000x6000.png,6000,6000,Rotate_CCW,2,12,static,,omp,no,unset,unset,hype2,12.2.0,-O3 -Wall -Wextra -std=c++17 -fopenmp -DOMP_EXPLICIT_SIMD=1,51.205268,51196bd3ed2b4ba4,passed
regular-simd_omp-t12-static-r2-6000x6000.png,2026-09-18T17:17:49Z,6000x6000.png,6000,6000,Gaussian_3x3,2,12,static,,omp,yes,unset,unset,hype2,12.2.0,-O3 -Wall -Wextra -std=c++17 -fopenmp -DOMP_EXPLICIT_SIMD=1,133.682403,87566478e34b4f70,passed
regular-simd_omp-t12-static-r2-6000x6000.png,2026-09-18T17:17:50Z,6000x6000.png,6000,6000,Gaussian_5x5,2,12,static,,omp,yes,unset,unset,hype2,12.2.0,-O3 -Wall -Wextra -std=c++17 -fopenmp -DOMP_EXPLICIT_SIMD=1,241.502854,4b23a258f94a27f0,passed
regular-simd_omp-t12-static-r2-6000x6000.png,2026-09-18T17:17:50Z,6000x6000.png,6000,6000,Gaussian_7x7,2,12,static,,omp,yes,unset,unset,hype2,12.2.0,-O3 -Wall -Wextra -std=c++17 -fopenmp -DOMP_EXPLICIT_SIMD=1,413.797651,3771268fea0417e2,passed
regular-simd_omp-t12-static-r2-6000x6000.png,2026-09-18T17:17:51Z,6000x6000.png,6000,6000,Gaussian_9x9,2,12,static,,omp,yes,unset,unset,hype2,12.2.0,-O3 -Wall -Wextra -std=c++17 -fopenmp -DOMP_EXPLICIT_SIMD=1,642.217160,3f6b7f707a108bd5,passed
regular-simd_omp-t12-static-r2-6000x6000.png,2026-09-18T17:17:52Z,6000x6000.png,6000,6000,Gaussian_11x11,2,12,static,,omp,yes,unset,unset,hype2,12.2.0,-O3 -Wall -Wextra -std=c++17 -fopenmp -DOMP_EXPLICIT_SIMD=1,918.647568,c923a906c8989668,passed
regular-simd_off-t12-dynamicx1-r2-4000x3000.png,2026-09-18T17:17:53Z,4000x3000.png,4000,3000,Grayscale,2,12,dynamic,1,off,yes,unset,unset,hype2,12.2.0,-O3 -Wall -Wextra -std=c++17 -fopenmp -DOMP_EXPLICIT_SIMD=0 -fno-tree-vectorize,5.533300,00925fa85224b60c,passed
regular-simd_off-t12-dynamicx1-r2-4000x3000.png,2026-09-18T17:17:53Z,4000x3000.png,4000,3000,Flip_Horizontal,2,12,dynamic,1,off,no,unset,unset,hype2,12.2.0,-O3 -Wall -Wextra -std=c++17 -fopenmp -DOMP_EXPLICIT_SIMD=0 -fno-tree-vectorize,2.140565,45d5313341f5868e,passed
regular-simd_off-t12-dynamicx1-r2-4000x3000.png,2026-09-18T17:17:53Z,4000x3000.png,4000,3000,Adjust_Brightness,2,12,dynamic,1,off,yes,unset,unset,hype2,12.2.0,-O3 -Wall -Wextra -std=c++17 -fopenmp -DOMP_EXPLICIT_SIMD=0 -fno-tree-vectorize,6.379970,e488c03148da4f5b,passed
regular-simd_off-t12-dynamicx1-r2-4000x3000.png,2026-09-18T17:17:53Z,4000x3000.png,4000,3000,Flip_Vertical,2,12,dynamic,1,off,no,unset,unset,hype2,12.2.0,-O3 -Wall -Wextra -std=c++17 -fopenmp -DOMP_EXPLICIT_SIMD=0 -fno-tree-vectorize,1.709222,754d30e4e81eccfc,passed
regular-simd_off-t12-dynamicx1-r2-4000x3000.png,2026-09-18T17:17:53Z,4000x3000.png,4000,3000,Quantize,2,12,dynamic,1,off,yes,unset,unset,hype2,12.2.0,-O3 -Wall -Wextra -std=c++17 -fopenmp -DOMP_EXPLICIT_SIMD=0 -fno-tree-vectorize,20.548491,f01ef010a3fd2f20,passed
regular-simd_off-t12-dynamicx1-r2-4000x3000.png,2026-09-18T17:17:53Z,4000x3000.png,4000,3000,Adjust_Contrast,2,12,dynamic,1,off,yes,unset,unset,hype2,12.2.0,-O3 -Wall -Wextra -std=c++17 -fopenmp -DOMP_EXPLICIT_SIMD=0 -fno-tree-vectorize,9.509442,7cc9f4cee5c661bd,passed
regular-simd_off-t12-dynamicx1-r2-4000x3000.png,2026-09-18T17:17:53Z,4000x3000.png,4000,3000,Negative,2,12,dynamic,1,off,yes,unset,unset,hype2,12.2.0,-O3 -Wall -Wextra -std=c++17 -fopenmp -DOMP_EXPLICIT_SIMD=0 -fno-tree-vectorize,3.772068,043d4193294f2dcc,passed
regular-simd_off-t12-dynamicx1-r2-4000x3000.png,2026-09-18T17:17:53Z,4000x3000.png,4000,3000,Equalize_Histogram,2,12,dynamic,1,off,yes,unset,unset,hype2,12.2.0,-O3 -Wall -Wextra -std=c++17 -fopenmp -DOMP_EXPLICIT_SIMD=0 -fno-tree-vectorize,7.199575,243220feba4dd030,passed
regular-simd_off-t12-dynamicx1-r2-4000x3000.png,2026-09-18T17:17:53Z,4000x3000.png,4000,3000,Zoom_In,2,12,dynamic,1,off,yes,unset,unset,hype2,12.2.0,-O3 -Wall -Wextra -std=c++17 -fopenmp -DOMP_EXPLICIT_SIMD=0 -fno-tree-vectorize,29.742683,71b80276839f9533,passed
regular-simd_off-t12-dynamicx1-r2-4000x3000.png,2026-09-18T17:17:54Z,4000x3000.png,4000,3000,Zoom_Out,2,12,dynamic,1,off,no,unset,unset,hype2,12.2.0,-O3 -Wall -Wextra -std=c++17 -fopenmp -DOMP_EXPLICIT_SIMD=0 -fno-tree-vectorize,11.447232,a91f518a4f2dbd10,passed
regular-simd_off-t12-dynamicx1-r2-4000x3000.png,2026-09-18T17:17:54Z,4000x3000.png,4000,3000,Rotate_CW,2,12,dynamic,1,off,no,unset,unset,hype2,12.2.0,-O3 -Wall -Wextra -std=c++17 -fopenmp -DOMP_EXPLICIT_SIMD=0 -fno-tree-vectorize,28.908294,e0f27e61a205ef0a,passed
regular-simd_off-t12-dynamicx1-r2-4000x3000.png,2026-09-18T17:17:54Z,4000x3000.png,4000,3000,Rotate_CCW,2,12,dynamic,1,off,no,unset,unset,hype2,12.2.0,-O3 -Wall -Wextra -std=c++17 -fopenmp -DOMP_EXPLICIT_SIMD=0 -fno-tree-vectorize,29.629002,b4512f3b73b7723c,passed
regular-simd_off-t12-dynamicx1-r2-4000x3000.png,2026-09-18T17:17:54Z,4000x3000.png,4000,3000,Gaussian_3x3,2,12,dynamic,1,off,yes,unset,unset,hype2,12.2.0,-O3 -Wall -Wextra -std=c++17 -fopenmp -DOMP_EXPLICIT_SIMD=0 -fno-tree-vectorize,49.790427,bc1a93797b2afda7,passed
regular-simd_off-t12-dynamicx1-r2-4000x3000.png,2026-09-18T17:17:54Z,4000x3000.png,4000,3000,Gaussian_5x5,2,12,dynamic,1,off,yes,unset,unset,hype2,12.2.0,-O3 -Wall -Wextra -std=c++17 -fopenmp -DOMP_EXPLICIT_SIMD=0 -fno-tree-vectorize,84.892841,d67ccd9b6dbb62d8,passed
regular-simd_off-t12-dynamicx1-r2-4000x3000.png,2026-09-18T17:17:54Z,4000x3000.png,4000,3000,Gaussian_7x7,2,12,dynamic,1,off,yes,unset,unset,hype2,12.2.0,-O3 -Wall -Wextra -std=c++17 -fopenmp -DOMP_EXPLICIT_SIMD=0 -fno-tree-vectorize,138.666400,98f465f1820de349,passed
regular-simd_off-t12-dynamicx1-r2-4000x3000.png,2026-09-18T17:17:54Z,4000x3000.png,4000,3000,Gaussian_9x9,2,12,dynamic,1,off,yes,unset,unset,hype2,12.2.0,-O3 -Wall -Wextra -std=c++17 -fopenmp -DOMP_EXPLICIT_SIMD=0 -fno-tree-vectorize,213.887623,8f9bd96ceab3a369,passed
regular-simd_off-t12-dynamicx1-r2-4000x3000.png,2026-09-18T17:17:55Z,4000x3000.png,4000,3000,Gaussian_11x11,2,12,dynamic,1,off,yes,unset,unset,hype2,12.2.0,-O3 -Wall -Wextra -std=c++17 -fopenmp -DOMP_EXPLICIT_SIMD=0 -fno-tree-vectorize,306.861157,1e8adb9534bf99dc,passed
regular-simd_off-t12-dynamicx1-r2-6000x6000.png,2026-09-18T17:17:56Z,6000x6000.png,6000,6000,Grayscale,2,12,dynamic,1,off,yes,unset,unset,hype2,12.2.0,-O3 -Wall -Wextra -std=c++17 -fopenmp -DOMP_EXPLICIT_SIMD=0 -fno-tree-vectorize,14.814241,937793859b387046,passed
regular-simd_off-t12-dynamicx1-r2-6000x6000.png,2026-09-18T17:17:57Z,6000x6000.png,6000,6000,Flip_Horizontal,2,12,dynamic,1,off,no,unset,unset,hype2,12.2.0,-O3 -Wall -Wextra -std=c++17 -fopenmp -DOMP_EXPLICIT_SIMD=0 -fno-tree-vectorize,5.549116,3dfbc0e2f0b456c2,passed
regular-simd_off-t12-dynamicx1-r2-6000x6000.png,2026-09-18T17:17:57Z,6000x6000.png,6000,6000,Adjust_Brightness,2,12,dynamic,1,off,yes,unset,unset,hype2,12.2.0,-O3 -Wall -Wextra -std=c++17 -fopenmp -DOMP_EXPLICIT_SIMD=0 -fno-tree-vectorize,18.845038,5d4bea966648e7a7,passed
regular-simd_off-t12-dynamicx1-r2-6000x6000.png,2026-09-18T17:17:57Z,6000x6000.png,6000,6000,Flip_Vertical,2,12,dynamic,1,off,no,unset,unset,hype2,12.2.0,-O3 -Wall -Wextra -std=c++17 -fopenmp -DOMP_EXPLICIT_SIMD=0 -fno-tree-vectorize,4.155477,bd012cf684012198,passed
regular-simd_off-t12-dynamicx1-r2-6000x6000.png,2026-09-18T17:17:57Z,6000x6000.png,6000,6000,Quantize,2,12,dynamic,1,off,yes,unset,unset,hype2,12.2.0,-O3 -Wall -Wextra -std=c++17 -fopenmp -DOMP_EXPLICIT_SIMD=0 -fno-tree-vectorize,56.221506,b2e8843413e8e7a6,passed
regular-simd_off-t12-dynamicx1-r2-6000x6000.png,2026-09-18T17:17:57Z,6000x6000.png,6000,6000,Adjust_Contrast,2,12,dynamic,1,off,yes,unset,unset,hype2,12.2.0,-O3 -Wall -Wextra -std=c++17 -fopenmp -DOMP_EXPLICIT_SIMD=0 -fno-tree-vectorize,27.899922,c036bcbf5e6d6190,passed
regular-simd_off-t12-dynamicx1-r2-6000x6000.png,2026-09-18T17:17:58Z,6000x6000.png,6000,6000,Negative,2,12,dynamic,1,off,yes,unset,unset,hype2,12.2.0,-O3 -Wall -Wextra -std=c++17 -fopenmp -DOMP_EXPLICIT_SIMD=0 -fno-tree-vectorize,10.938231,0a497e94a83bbbc0,passed
regular-simd_off-t12-dynamicx1-r2-6000x6000.png,2026-09-18T17:17:58Z,6000x6000.png,6000,6000,Equalize_Histogram,2,12,dynamic,1,off,yes,unset,unset,hype2,12.2.0,-O3 -Wall -Wextra -std=c++17 -fopenmp -DOMP_EXPLICIT_SIMD=0 -fno-tree-vectorize,19.901070,5251e13888abb30f,passed
regular-simd_off-t12-dynamicx1-r2-6000x6000.png,2026-09-18T17:17:59Z,6000x6000.png,6000,6000,Zoom_In,2,12,dynamic,1,off,yes,unset,unset,hype2,12.2.0,-O3 -Wall -Wextra -std=c++17 -fopenmp -DOMP_EXPLICIT_SIMD=0 -fno-tree-vectorize,86.098598,4e063cbe88523a0e,passed
regular-simd_off-t12-dynamicx1-r2-6000x6000.png,2026-09-18T17:17:59Z,6000x6000.png,6000,6000,Zoom_Out,2,12,dynamic,1,off,no,unset,unset,hype2,12.2.0,-O3 -Wall -Wextra -std=c++17 -fopenmp -DOMP_EXPLICIT_SIMD=0 -fno-tree-vectorize,33.422693,8eace74e8cd425e6,passed
regular-simd_off-t12-dynamicx1-r2-6000x6000.png,2026-09-18T17:17:59Z,6000x6000.png,6000,6000,Rotate_CW,2,12,dynamic,1,off,no,unset,unset,hype2,12.2.0,-O3 -Wall -Wextra -std=c++17 -fopenmp -DOMP_EXPLICIT_SIMD=0 -fno-tree-vectorize,85.286426,dd5c83f3b3cee726,passed
regular-simd_off-t12-dynamicx1-r2-6000x6000.png,2026-09-18T17:17:59Z,6000x6000.png,6000,6000,Rotate_CCW,2,12,dynamic,1,off,no,unset,unset,hype2,12.2.0,-O3 -Wall -Wextra -std=c++17 -fopenmp -DOMP_EXPLICIT_SIMD=0 -fno-tree-vectorize,84.507386,51196bd3ed2b4ba4,passed
regular-simd_off-t12-dynamicx1-r2-6000x6000.png,2026-09-18T17:18:00Z,6000x6000.png,6000,6000,Gaussian_3x3,2,12,dynamic,1,off,yes,unset,unset,hype2,12.2.0,-O3 -Wall -Wextra -std=c++17 -fopenmp -DOMP_EXPLICIT_SIMD=0 -fno-tree-vectorize,148.495593,87566478e34b4f70,passed
regular-simd_off-t12-dynamicx1-r2-6000x6000.png,2026-09-18T17:18:00Z,6000x6000.png,6000,6000,Gaussian_5x5,2,12,dynamic,1,off,yes,unset,unset,hype2,12.2.0,-O3 -Wall -Wextra -std=c++17 -fopenmp -DOMP_EXPLICIT_SIMD=0 -fno-tree-vectorize,245.524874,4b23a258f94a27f0,passed
regular-simd_off-t12-dynamicx1-r2-6000x6000.png,2026-09-18T17:18:01Z,6000x6000.png,6000,6000,Gaussian_7x7,2,12,dynamic,1,off,yes,unset,unset,hype2,12.2.0,-O3 -Wall -Wextra -std=c++17 -fopenmp -DOMP_EXPLICIT_SIMD=0 -fno-tree-vectorize,415.182497,3771268fea0417e2,passed
regular-simd_off-t12-dynamicx1-r2-6000x6000.png,2026-09-18T17:18:01Z,6000x6000.png,6000,6000,Gaussian_9x9,2,12,dynamic,1,off,yes,unset,unset,hype2,12.2.0,-O3 -Wall -Wextra -std=c++17 -fopenmp -DOMP_EXPLICIT_SIMD=0 -fno-tree-vectorize,641.015914,3f6b7f707a108bd5,passed
regular-simd_off-t12-dynamicx1-r2-6000x6000.png,2026-09-18T17:18:03Z,6000x6000.png,6000,6000,Gaussian_11x11,2,12,dynamic,1,off,yes,unset,unset,hype2,12.2.0,-O3 -Wall -Wextra -std=c++17 -fopenmp -DOMP_EXPLICIT_SIMD=0 -fno-tree-vectorize,919.336061,c923a906c8989668,passed
regular-simd_omp-t12-dynamicx1-r2-4000x3000.png,2026-09-18T17:18:03Z,4000x3000.png,4000,3000,Grayscale,2,12,dynamic,1,omp,yes,unset,unset,hype2,12.2.0,-O3 -Wall -Wextra -std=c++17 -fopenmp -DOMP_EXPLICIT_SIMD=1,5.668466,00925fa85224b60c,passed
regular-simd_omp-t12-dynamicx1-r2-4000x3000.png,2026-09-18T17:18:03Z,4000x3000.png,4000,3000,Flip_Horizontal,2,12,dynamic,1,omp,no,unset,unset,hype2,12.2.0,-O3 -Wall -Wextra -std=c++17 -fopenmp -DOMP_EXPLICIT_SIMD=1,2.159671,45d5313341f5868e,passed
regular-simd_omp-t12-dynamicx1-r2-4000x3000.png,2026-09-18T17:18:03Z,4000x3000.png,4000,3000,Adjust_Brightness,2,12,dynamic,1,omp,yes,unset,unset,hype2,12.2.0,-O3 -Wall -Wextra -std=c++17 -fopenmp -DOMP_EXPLICIT_SIMD=1,6.580495,e488c03148da4f5b,passed
regular-simd_omp-t12-dynamicx1-r2-4000x3000.png,2026-09-18T17:18:03Z,4000x3000.png,4000,3000,Flip_Vertical,2,12,dynamic,1,omp,no,unset,unset,hype2,12.2.0,-O3 -Wall -Wextra -std=c++17 -fopenmp -DOMP_EXPLICIT_SIMD=1,1.668688,754d30e4e81eccfc,passed
regular-simd_omp-t12-dynamicx1-r2-4000x3000.png,2026-09-18T17:18:03Z,4000x3000.png,4000,3000,Quantize,2,12,dynamic,1,omp,yes,unset,unset,hype2,12.2.0,-O3 -Wall -Wextra -std=c++17 -fopenmp -DOMP_EXPLICIT_SIMD=1,20.905265,f01ef010a3fd2f20,passed
regular-simd_omp-t12-dynamicx1-r2-4000x3000.png,2026-09-18T17:18:04Z,4000x3000.png,4000,3000,Adjust_Contrast,2,12,dynamic,1,omp,yes,unset,unset,hype2,12.2.0,-O3 -Wall -Wextra -std=c++17 -fopenmp -DOMP_EXPLICIT_SIMD=1,9.471595,7cc9f4cee5c661bd,passed
regular-simd_omp-t12-dynamicx1-r2-4000x3000.png,2026-09-18T17:18:04Z,4000x3000.png,4000,3000,Negative,2,12,dynamic,1,omp,yes,unset,unset,hype2,12.2.0,-O3 -Wall -Wextra -std=c++17 -fopenmp -DOMP_EXPLICIT_SIMD=1,3.731841,043d4193294f2dcc,passed
regular-simd_omp-t12-dynamicx1-r2-4000x3000.png,2026-09-18T17:18:04Z,4000x3000.png,4000,3000,Equalize_Histogram,2,12,dynamic,1,omp,yes,unset,unset,hype2,12.2.0,-O3 -Wall -Wextra -std=c++17 -fopenmp -DOMP_EXPLICIT_SIMD=1,7.198597,243220feba4dd030,passed
regular-simd_omp-t12-dynamicx1-r2-4000x3000.png,2026-09-18T17:18:04Z,4000x3000.png,4000,3000,Zoom_In,2,12,dynamic,1,omp,yes,unset,unset,hype2,12.2.0,-O3 -Wall -Wextra -std=c++17 -fopenmp -DOMP_EXPLICIT_SIMD=1,30.056706,71b80276839f9533,passed
regular-simd_omp-t12-dynamicx1-r2-4000x3000.png,2026-09-18T17:18:04Z,4000x3000.png,4000,3000,Zoom_Out,2,12,dynamic,1,omp,no,unset,unset,hype2,12.2.0,-O3 -Wall -Wextra -std=c++17 -fopenmp -DOMP_EXPLICIT_SIMD=1,11.199962,a91f518a4f2dbd10,passed
regular-simd_omp-t12-dynamicx1-r2-4000x3000.png,2026-09-18T17:18:04Z,4000x3000.png,4000,3000,Rotate_CW,2,12,dynamic,1,omp,no,unset,unset,hype2,12.2.0,-O3 -Wall -Wextra -std=c++17 -fopenmp -DOMP_EXPLICIT_SIMD=1,30.418525,e0f27e61a205ef0a,passed
regular-simd_omp-t12-dynamicx1-r2-4000x3000.png,2026-09-18T17:18:04Z,4000x3000.png,4000,3000,Rotate_CCW,2,12,dynamic,1,omp,no,unset,unset,hype2,12.2.0,-O3 -Wall -Wextra -std=c++17 -fopenmp -DOMP_EXPLICIT_SIMD=1,31.038077,b4512f3b73b7723c,passed
regular-simd_omp-t12-dynamicx1-r2-4000x3000.png,2026-09-18T17:18:04Z,4000x3000.png,4000,3000,Gaussian_3x3,2,12,dynamic,1,omp,yes,unset,unset,hype2,12.2.0,-O3 -Wall -Wextra -std=c++17 -fopenmp -DOMP_EXPLICIT_SIMD=1,48.753063,bc1a93797b2afda7,passed
regular-simd_omp-t12-dynamicx1-r2-4000x3000.png,2026-09-18T17:18:04Z,4000x3000.png,4000,3000,Gaussian_5x5,2,12,dynamic,1,omp,yes,unset,unset,hype2,12.2.0,-O3 -Wall -Wextra -std=c++17 -fopenmp -DOMP_EXPLICIT_SIMD=1,83.942578,d67ccd9b6dbb62d8,passed
regular-simd_omp-t12-dynamicx1-r2-4000x3000.png,2026-09-18T17:18:05Z,4000x3000.png,4000,3000,Gaussian_7x7,2,12,dynamic,1,omp,yes,unset,unset,hype2,12.2.0,-O3 -Wall -Wextra -std=c++17 -fopenmp -DOMP_EXPLICIT_SIMD=1,140.232883,98f465f1820de349,passed
regular-simd_omp-t12-dynamicx1-r2-4000x3000.png,2026-09-18T17:18:05Z,4000x3000.png,4000,3000,Gaussian_9x9,2,12,dynamic,1,omp,yes,unset,unset,hype2,12.2.0,-O3 -Wall -Wextra -std=c++17 -fopenmp -DOMP_EXPLICIT_SIMD=1,215.313621,8f9bd96ceab3a369,passed
regular-simd_omp-t12-dynamicx1-r2-4000x3000.png,2026-09-18T17:18:05Z,4000x3000.png,4000,3000,Gaussian_11x11,2,12,dynamic,1,omp,yes,unset,unset,hype2,12.2.0,-O3 -Wall -Wextra -std=c++17 -fopenmp -DOMP_EXPLICIT_SIMD=1,306.989558,1e8adb9534bf99dc,passed
regular-simd_omp-t12-dynamicx1-r2-6000x6000.png,2026-09-18T17:18:07Z,6000x6000.png,6000,6000,Grayscale,2,12,dynamic,1,omp,yes,unset,unset,hype2,12.2.0,-O3 -Wall -Wextra -std=c++17 -fopenmp -DOMP_EXPLICIT_SIMD=1,15.466213,937793859b387046,passed
regular-simd_omp-t12-dynamicx1-r2-6000x6000.png,2026-09-18T17:18:07Z,6000x6000.png,6000,6000,Flip_Horizontal,2,12,dynamic,1,omp,no,unset,unset,hype2,12.2.0,-O3 -Wall -Wextra -std=c++17 -fopenmp -DOMP_EXPLICIT_SIMD=1,5.633894,3dfbc0e2f0b456c2,passed
regular-simd_omp-t12-dynamicx1-r2-6000x6000.png,2026-09-18T17:18:07Z,6000x6000.png,6000,6000,Adjust_Brightness,2,12,dynamic,1,omp,yes,unset,unset,hype2,12.2.0,-O3 -Wall -Wextra -std=c++17 -fopenmp -DOMP_EXPLICIT_SIMD=1,19.392489,5d4bea966648e7a7,passed
regular-simd_omp-t12-dynamicx1-r2-6000x6000.png,2026-09-18T17:18:07Z,6000x6000.png,6000,6000,Flip_Vertical,2,12,dynamic,1,omp,no,unset,unset,hype2,12.2.0,-O3 -Wall -Wextra -std=c++17 -fopenmp -DOMP_EXPLICIT_SIMD=1,4.384338,bd012cf684012198,passed
regular-simd_omp-t12-dynamicx1-r2-6000x6000.png,2026-09-18T17:18:08Z,6000x6000.png,6000,6000,Quantize,2,12,dynamic,1,omp,yes,unset,unset,hype2,12.2.0,-O3 -Wall -Wextra -std=c++17 -fopenmp -DOMP_EXPLICIT_SIMD=1,57.026211,b2e8843413e8e7a6,passed
regular-simd_omp-t12-dynamicx1-r2-6000x6000.png,2026-09-18T17:18:08Z,6000x6000.png,6000,6000,Adjust_Contrast,2,12,dynamic,1,omp,yes,unset,unset,hype2,12.2.0,-O3 -Wall -Wextra -std=c++17 -fopenmp -DOMP_EXPLICIT_SIMD=1,27.927274,c036bcbf5e6d6190,passed
regular-simd_omp-t12-dynamicx1-r2-6000x6000.png,2026-09-18T17:18:08Z,6000x6000.png,6000,6000,Negative,2,12,dynamic,1,omp,yes,unset,unset,hype2,12.2.0,-O3 -Wall -Wextra -std=c++17 -fopenmp -DOMP_EXPLICIT_SIMD=1,10.696817,0a497e94a83bbbc0,passed
regular-simd_omp-t12-dynamicx1-r2-6000x6000.png,2026-09-18T17:18:08Z,6000x6000.png,6000,6000,Equalize_Histogram,2,12,dynamic,1,omp,yes,unset,unset,hype2,12.2.0,-O3 -Wall -Wextra -std=c++17 -fopenmp -DOMP_EXPLICIT_SIMD=1,19.934208,5251e13888abb30f,passed
regular-simd_omp-t12-dynamicx1-r2-6000x6000.png,2026-09-18T17:18:09Z,6000x6000.png,6000,6000,Zoom_In,2,12,dynamic,1,omp,yes,unset,unset,hype2,12.2.0,-O3 -Wall -Wextra -std=c++17 -fopenmp -DOMP_EXPLICIT_SIMD=1,84.999462,4e063cbe88523a0e,passed
regular-simd_omp-t12-dynamicx1-r2-6000x6000.png,2026-09-18T17:18:09Z,6000x6000.png,6000,6000,Zoom_Out,2,12,dynamic,1,omp,no,unset,unset,hype2,12.2.0,-O3 -Wall -Wextra -std=c++17 -fopenmp -DOMP_EXPLICIT_SIMD=1,33.302792,8eace74e8cd425e6,passed
regular-simd_omp-t12-dynamicx1-r2-6000x6000.png,2026-09-18T17:18:09Z,6000x6000.png,6000,6000,Rotate_CW,2,12,dynamic,1,omp,no,unset,unset,hype2,12.2.0,-O3 -Wall -Wextra -std=c++17 -fopenmp -DOMP_EXPLICIT_SIMD=1,85.126854,dd5c83f3b3cee726,passed
regular-simd_omp-t12-dynamicx1-r2-6000x6000.png,2026-09-18T17:18:10Z,6000x6000.png,6000,6000,Rotate_CCW,2,12,dynamic,1,omp,no,unset,unset,hype2,12.2.0,-O3 -Wall -Wextra -std=c++17 -fopenmp -DOMP_EXPLICIT_SIMD=1,87.239968,51196bd3ed2b4ba4,passed
regular-simd_omp-t12-dynamicx1-r2-6000x6000.png,2026-09-18T17:18:10Z,6000x6000.png,6000,6000,Gaussian_3x3,2,12,dynamic,1,omp,yes,unset,unset,hype2,12.2.0,-O3 -Wall -Wextra -std=c++17 -fopenmp -DOMP_EXPLICIT_SIMD=1,145.289084,87566478e34b4f70,passed
regular-simd_omp-t12-dynamicx1-r2-6000x6000.png,2026-09-18T17:18:10Z,6000x6000.png,6000,6000,Gaussian_5x5,2,12,dynamic,1,omp,yes,unset,unset,hype2,12.2.0,-O3 -Wall -Wextra -std=c++17 -fopenmp -DOMP_EXPLICIT_SIMD=1,246.431659,4b23a258f94a27f0,passed
regular-simd_omp-t12-dynamicx1-r2-6000x6000.png,2026-09-18T17:18:11Z,6000x6000.png,6000,6000,Gaussian_7x7,2,12,dynamic,1,omp,yes,unset,unset,hype2,12.2.0,-O3 -Wall -Wextra -std=c++17 -fopenmp -DOMP_EXPLICIT_SIMD=1,417.072540,3771268fea0417e2,passed
regular-simd_omp-t12-dynamicx1-r2-6000x6000.png,2026-09-18T17:18:12Z,6000x6000.png,6000,6000,Gaussian_9x9,2,12,dynamic,1,omp,yes,unset,unset,hype2,12.2.0,-O3 -Wall -Wextra -std=c++17 -fopenmp -DOMP_EXPLICIT_SIMD=1,643.891839,3f6b7f707a108bd5,passed
regular-simd_omp-t12-dynamicx1-r2-6000x6000.png,2026-09-18T17:18:13Z,6000x6000.png,6000,6000,Gaussian_11x11,2,12,dynamic,1,omp,yes,unset,unset,hype2,12.2.0,-O3 -Wall -Wextra -std=c++17 -fopenmp -DOMP_EXPLICIT_SIMD=1,921.099846,c923a906c8989668,passed
regular-simd_off-t12-dynamicx16-r2-4000x3000.png,2026-09-18T17:18:14Z,4000x3000.png,4000,3000,Grayscale,2,12,dynamic,16,off,yes,unset,unset,hype2,12.2.0,-O3 -Wall -Wextra -std=c++17 -fopenmp -DOMP_EXPLICIT_SIMD=0 -fno-tree-vectorize,5.523243,00925fa85224b60c,passed
regular-simd_off-t12-dynamicx16-r2-4000x3000.png,2026-09-18T17:18:14Z,4000x3000.png,4000,3000,Flip_Horizontal,2,12,dynamic,16,off,no,unset,unset,hype2,12.2.0,-O3 -Wall -Wextra -std=c++17 -fopenmp -DOMP_EXPLICIT_SIMD=0 -fno-tree-vectorize,2.397755,45d5313341f5868e,passed
regular-simd_off-t12-dynamicx16-r2-4000x3000.png,2026-09-18T17:18:14Z,4000x3000.png,4000,3000,Adjust_Brightness,2,12,dynamic,16,off,yes,unset,unset,hype2,12.2.0,-O3 -Wall -Wextra -std=c++17 -fopenmp -DOMP_EXPLICIT_SIMD=0 -fno-tree-vectorize,6.552326,e488c03148da4f5b,passed
regular-simd_off-t12-dynamicx16-r2-4000x3000.png,2026-09-18T17:18:14Z,4000x3000.png,4000,3000,Flip_Vertical,2,12,dynamic,16,off,no,unset,unset,hype2,12.2.0,-O3 -Wall -Wextra -std=c++17 -fopenmp -DOMP_EXPLICIT_SIMD=0 -fno-tree-vectorize,1.607752,754d30e4e81eccfc,passed
regular-simd_off-t12-dynamicx16-r2-4000x3000.png,2026-09-18T17:18:14Z,4000x3000.png,4000,3000,Quantize,2,12,dynamic,16,off,yes,unset,unset,hype2,12.2.0,-O3 -Wall -Wextra -std=c++17 -fopenmp -DOMP_EXPLICIT_SIMD=0 -fno-tree-vectorize,20.917519,f01ef010a3fd2f20,passed
regular-simd_off-t12-dynamicx16-r2-4000x3000.png,2026-09-18T17:18:14Z,4000x3000.png,4000,3000,Adjust_Contrast,2,12,dynamic,16,off,yes,unset,unset,hype2,12.2.0,-O3 -Wall -Wextra -std=c++17 -fopenmp -DOMP_EXPLICIT_SIMD=0 -fno-tree-vectorize,9.582087,7cc9f4cee5c661bd,passed
regular-simd_off-t12-dynamicx16-r2-4000x3000.png,2026-09-18T17:18:14Z,4000x3000.png,4000,3000,Negative,2,12,dynamic,16,off,yes,unset,unset,hype2,12.2.0,-O3 -Wall -Wextra -std=c++17 -fopenmp -DOMP_EXPLICIT_SIMD=0 -fno-tree-vectorize,3.905170,043d4193294f2dcc,passed
regular-simd_off-t12-dynamicx16-r2-4000x3000.png,2026-09-18T17:18:14Z,4000x3000.png,4000,3000,Equalize_Histogram,2,12,dynamic,16,off,yes,unset,unset,hype2,12.2.0,-O3 -Wall -Wextra -std=c++17 -fopenmp -DOMP_EXPLICIT_SIMD=0 -fno-tree-vectorize,7.418625,243220feba4dd030,passed
regular-simd_off-t12-dynamicx16-r2-4000x3000.png,2026-09-18T17:18:14Z,4000x3000.png,4000,3000,Zoom_In,2,12,dynamic,16,off,yes,unset,unset,hype2,12.2.0,-O3 -Wall -Wextra -std=c++17 -fopenmp -DOMP_EXPLICIT_SIMD=0 -fno-tree-vectorize,17.773246,71b80276839f9533,passed
regular-simd_off-t12-dynamicx16-r2-4000x3000.png,2026-09-18T17:18:14Z,4000x3000.png,4000,3000,Zoom_Out,2,12,dynamic,16,off,no,unset,unset,hype2,12.2.0,-O3 -Wall -Wextra -std=c++17 -fopenmp -DOMP_EXPLICIT_SIMD=0 -fno-tree-vectorize,12.250274,a91f518a4f2dbd10,passed
regular-simd_off-t12-dynamicx16-r2-4000x3000.png,2026-09-18T17:18:14Z,4000x3000.png,4000,3000,Rotate_CW,2,12,dynamic,16,off,no,unset,unset,hype2,12.2.0,-O3 -Wall -Wextra -std=c++17 -fopenmp -DOMP_EXPLICIT_SIMD=0 -fno-tree-vectorize,18.627818,e0f27e61a205ef0a,passed
regular-simd_off-t12-dynamicx16-r2-4000x3000.png,2026-09-18T17:18:14Z,4000x3000.png,4000,3000,Rotate_CCW,2,12,dynamic,16,off,no,unset,unset,hype2,12.2.0,-O3 -Wall -Wextra -std=c++17 -fopenmp -DOMP_EXPLICIT_SIMD=0 -fno-tree-vectorize,18.525204,b4512f3b73b7723c,passed
regular-simd_off-t12-dynamicx16-r2-4000x3000.png,2026-09-18T17:18:15Z,4000x3000.png,4000,3000,Gaussian_3x3,2,12,dynamic,16,off,yes,unset,unset,hype2,12.2.0,-O3 -Wall -Wextra -std=c++17 -fopenmp -DOMP_EXPLICIT_SIMD=0 -fno-tree-vectorize,46.947961,bc1a93797b2afda7,passed
regular-simd_off-t12-dynamicx16-r2-4000x3000.png,2026-09-18T17:18:15Z,4000x3000.png,4000,3000,Gaussian_5x5,2,12,dynamic,16,off,yes,unset,unset,hype2,12.2.0,-O3 -Wall -Wextra -std=c++17 -fopenmp -DOMP_EXPLICIT_SIMD=0 -fno-tree-vectorize,82.239833,d67ccd9b6dbb62d8,passed
regular-simd_off-t12-dynamicx16-r2-4000x3000.png,2026-09-18T17:18:15Z,4000x3000.png,4000,3000,Gaussian_7x7,2,12,dynamic,16,off,yes,unset,unset,hype2,12.2.0,-O3 -Wall -Wextra -std=c++17 -fopenmp -DOMP_EXPLICIT_SIMD=0 -fno-tree-vectorize,140.468151,98f465f1820de349,passed
regular-simd_off-t12-dynamicx16-r2-4000x3000.png,2026-09-18T17:18:15Z,4000x3000.png,4000,3000,Gaussian_9x9,2,12,dynamic,16,off,yes,unset,unset,hype2,12.2.0,-O3 -Wall -Wextra -std=c++17 -fopenmp -DOMP_EXPLICIT_SIMD=0 -fno-tree-vectorize,217.888920,8f9bd96ceab3a369,passed
regular-simd_off-t12-dynamicx16-r2-4000x3000.png,2026-09-18T17:18:16Z,4000x3000.png,4000,3000,Gaussian_11x11,2,12,dynamic,16,off,yes,unset,unset,hype2,12.2.0,-O3 -Wall -Wextra -std=c++17 -fopenmp -DOMP_EXPLICIT_SIMD=0 -fno-tree-vectorize,313.154835,1e8adb9534bf99dc,passed
regular-simd_off-t12-dynamicx16-r2-6000x6000.png,2026-09-18T17:18:17Z,6000x6000.png,6000,6000,Grayscale,2,12,dynamic,16,off,yes,unset,unset,hype2,12.2.0,-O3 -Wall -Wextra -std=c++17 -fopenmp -DOMP_EXPLICIT_SIMD=0 -fno-tree-vectorize,15.011549,937793859b387046,passed
regular-simd_off-t12-dynamicx16-r2-6000x6000.png,2026-09-18T17:18:17Z,6000x6000.png,6000,6000,Flip_Horizontal,2,12,dynamic,16,off,no,unset,unset,hype2,12.2.0,-O3 -Wall -Wextra -std=c++17 -fopenmp -DOMP_EXPLICIT_SIMD=0 -fno-tree-vectorize,5.983183,3dfbc0e2f0b456c2,passed
regular-simd_off-t12-dynamicx16-r2-6000x6000.png,2026-09-18T17:18:18Z,6000x6000.png,6000,6000,Adjust_Brightness,2,12,dynamic,16,off,yes,unset,unset,hype2,12.2.0,-O3 -Wall -Wextra -std=c++17 -fopenmp -DOMP_EXPLICIT_SIMD=0 -fno-tree-vectorize,19.153442,5d4bea966648e7a7,passed
regular-simd_off-t12-dynamicx16-r2-6000x6000.png,2026-09-18T17:18:18Z,6000x6000.png,6000,6000,Flip_Vertical,2,12,dynamic,16,off,no,unset,unset,hype2,12.2.0,-O3 -Wall -Wextra -std=c++17 -fopenmp -DOMP_EXPLICIT_SIMD=0 -fno-tree-vectorize,4.369912,bd012cf684012198,passed
regular-simd_off-t12-dynamicx16-r2-6000x6000.png,2026-09-18T17:18:18Z,6000x6000.png,6000,6000,Quantize,2,12,dynamic,16,off,yes,unset,unset,hype2,12.2.0,-O3 -Wall -Wextra -std=c++17 -fopenmp -DOMP_EXPLICIT_SIMD=0 -fno-tree-vectorize,59.362422,b2e8843413e8e7a6,passed
regular-simd_off-t12-dynamicx16-r2-6000x6000.png,2026-09-18T17:18:18Z,6000x6000.png,6000,6000,Adjust_Contrast,2,12,dynamic,16,off,yes,unset,unset,hype2,12.2.0,-O3 -Wall -Wextra -std=c++17 -fopenmp -DOMP_EXPLICIT_SIMD=0 -fno-tree-vectorize,28.078356,c036bcbf5e6d6190,passed
regular-simd_off-t12-dynamicx16-r2-6000x6000.png,2026-09-18T17:18:19Z,6000x6000.png,6000,6000,Negative,2,12,dynamic,16,off,yes,unset,unset,hype2,12.2.0,-O3 -Wall -Wextra -std=c++17 -fopenmp -DOMP_EXPLICIT_SIMD=0 -fno-tree-vectorize,10.821480,0a497e94a83bbbc0,passed
regular-simd_off-t12-dynamicx16-r2-6000x6000.png,2026-09-18T17:18:19Z,6000x6000.png,6000,6000,Equalize_Histogram,2,12,dynamic,16,off,yes,unset,unset,hype2,12.2.0,-O3 -Wall -Wextra -std=c++17 -fopenmp -DOMP_EXPLICIT_SIMD=0 -fno-tree-vectorize,19.207194,5251e13888abb30f,passed
regular-simd_off-t12-dynamicx16-r2-6000x6000.png,2026-09-18T17:18:19Z,6000x6000.png,6000,6000,Zoom_In,2,12,dynamic,16,off,yes,unset,unset,hype2,12.2.0,-O3 -Wall -Wextra -std=c++17 -fopenmp -DOMP_EXPLICIT_SIMD=0 -fno-tree-vectorize,42.696180,4e063cbe88523a0e,passed
regular-simd_off-t12-dynamicx16-r2-6000x6000.png,2026-09-18T17:18:20Z,6000x6000.png,6000,6000,Zoom_Out,2,12,dynamic,16,off,no,unset,unset,hype2,12.2.0,-O3 -Wall -Wextra -std=c++17 -fopenmp -DOMP_EXPLICIT_SIMD=0 -fno-tree-vectorize,32.664766,8eace74e8cd425e6,passed
regular-simd_off-t12-dynamicx16-r2-6000x6000.png,2026-09-18T17:18:20Z,6000x6000.png,6000,6000,Rotate_CW,2,12,dynamic,16,off,no,unset,unset,hype2,12.2.0,-O3 -Wall -Wextra -std=c++17 -fopenmp -DOMP_EXPLICIT_SIMD=0 -fno-tree-vectorize,54.604767,dd5c83f3b3cee726,passed
regular-simd_off-t12-dynamicx16-r2-6000x6000.png,2026-09-18T17:18:20Z,6000x6000.png,6000,6000,Rotate_CCW,2,12,dynamic,16,off,no,unset,unset,hype2,12.2.0,-O3 -Wall -Wextra -std=c++17 -fopenmp -DOMP_EXPLICIT_SIMD=0 -fno-tree-vectorize,53.499337,51196bd3ed2b4ba4,passed
regular-simd_off-t12-dynamicx16-r2-6000x6000.png,2026-09-18T17:18:20Z,6000x6000.png,6000,6000,Gaussian_3x3,2,12,dynamic,16,off,yes,unset,unset,hype2,12.2.0,-O3 -Wall -Wextra -std=c++17 -fopenmp -DOMP_EXPLICIT_SIMD=0 -fno-tree-vectorize,139.864934,87566478e34b4f70,passed
regular-simd_off-t12-dynamicx16-r2-6000x6000.png,2026-09-18T17:18:21Z,6000x6000.png,6000,6000,Gaussian_5x5,2,12,dynamic,16,off,yes,unset,unset,hype2,12.2.0,-O3 -Wall -Wextra -std=c++17 -fopenmp -DOMP_EXPLICIT_SIMD=0 -fno-tree-vectorize,245.007878,4b23a258f94a27f0,passed
regular-simd_off-t12-dynamicx16-r2-6000x6000.png,2026-09-18T17:18:21Z,6000x6000.png,6000,6000,Gaussian_7x7,2,12,dynamic,16,off,yes,unset,unset,hype2,12.2.0,-O3 -Wall -Wextra -std=c++17 -fopenmp -DOMP_EXPLICIT_SIMD=0 -fno-tree-vectorize,419.906905,3771268fea0417e2,passed
regular-simd_off-t12-dynamicx16-r2-6000x6000.png,2026-09-18T17:18:22Z,6000x6000.png,6000,6000,Gaussian_9x9,2,12,dynamic,16,off,yes,unset,unset,hype2,12.2.0,-O3 -Wall -Wextra -std=c++17 -fopenmp -DOMP_EXPLICIT_SIMD=0 -fno-tree-vectorize,651.192339,3f6b7f707a108bd5,passed
regular-simd_off-t12-dynamicx16-r2-6000x6000.png,2026-09-18T17:18:23Z,6000x6000.png,6000,6000,Gaussian_11x11,2,12,dynamic,16,off,yes,unset,unset,hype2,12.2.0,-O3 -Wall -Wextra -std=c++17 -fopenmp -DOMP_EXPLICIT_SIMD=0 -fno-tree-vectorize,936.156695,c923a906c8989668,passed
regular-simd_omp-t12-dynamicx16-r2-4000x3000.png,2026-09-18T17:18:24Z,4000x3000.png,4000,3000,Grayscale,2,12,dynamic,16,omp,yes,unset,unset,hype2,12.2.0,-O3 -Wall -Wextra -std=c++17 -fopenmp -DOMP_EXPLICIT_SIMD=1,5.657024,00925fa85224b60c,passed
regular-simd_omp-t12-dynamicx16-r2-4000x3000.png,2026-09-18T17:18:24Z,4000x3000.png,4000,3000,Flip_Horizontal,2,12,dynamic,16,omp,no,unset,unset,hype2,12.2.0,-O3 -Wall -Wextra -std=c++17 -fopenmp -DOMP_EXPLICIT_SIMD=1,2.164464,45d5313341f5868e,passed
regular-simd_omp-t12-dynamicx16-r2-4000x3000.png,2026-09-18T17:18:24Z,4000x3000.png,4000,3000,Adjust_Brightness,2,12,dynamic,16,omp,yes,unset,unset,hype2,12.2.0,-O3 -Wall -Wextra -std=c++17 -fopenmp -DOMP_EXPLICIT_SIMD=1,6.523739,e488c03148da4f5b,passed
regular-simd_omp-t12-dynamicx16-r2-4000x3000.png,2026-09-18T17:18:24Z,4000x3000.png,4000,3000,Flip_Vertical,2,12,dynamic,16,omp,no,unset,unset,hype2,12.2.0,-O3 -Wall -Wextra -std=c++17 -fopenmp -DOMP_EXPLICIT_SIMD=1,1.629543,754d30e4e81eccfc,passed
regular-simd_omp-t12-dynamicx16-r2-4000x3000.png,2026-09-18T17:18:24Z,4000x3000.png,4000,3000,Quantize,2,12,dynamic,16,omp,yes,unset,unset,hype2,12.2.0,-O3 -Wall -Wextra -std=c++17 -fopenmp -DOMP_EXPLICIT_SIMD=1,20.925690,f01ef010a3fd2f20,passed
regular-simd_omp-t12-dynamicx16-r2-4000x3000.png,2026-09-18T17:18:24Z,4000x3000.png,4000,3000,Adjust_Contrast,2,12,dynamic,16,omp,yes,unset,unset,hype2,12.2.0,-O3 -Wall -Wextra -std=c++17 -fopenmp -DOMP_EXPLICIT_SIMD=1,9.536643,7cc9f4cee5c661bd,passed
regular-simd_omp-t12-dynamicx16-r2-4000x3000.png,2026-09-18T17:18:24Z,4000x3000.png,4000,3000,Negative,2,12,dynamic,16,omp,yes,unset,unset,hype2,12.2.0,-O3 -Wall -Wextra -std=c++17 -fopenmp -DOMP_EXPLICIT_SIMD=1,3.618992,043d4193294f2dcc,passed
regular-simd_omp-t12-dynamicx16-r2-4000x3000.png,2026-09-18T17:18:24Z,4000x3000.png,4000,3000,Equalize_Histogram,2,12,dynamic,16,omp,yes,unset,unset,hype2,12.2.0,-O3 -Wall -Wextra -std=c++17 -fopenmp -DOMP_EXPLICIT_SIMD=1,6.981917,243220feba4dd030,passed
regular-simd_omp-t12-dynamicx16-r2-4000x3000.png,2026-09-18T17:18:25Z,4000x3000.png,4000,3000,Zoom_In,2,12,dynamic,16,omp,yes,unset,unset,hype2,12.2.0,-O3 -Wall -Wextra -std=c++17 -fopenmp -DOMP_EXPLICIT_SIMD=1,16.206273,71b80276839f9533,passed
regular-simd_omp-t12-dynamicx16-r2-4000x3000.png,2026-09-18T17:18:25Z,4000x3000.png,4000,3000,Zoom_Out,2,12,dynamic,16,omp,no,unset,unset,hype2,12.2.0,-O3 -Wall -Wextra -std=c++17 -fopenmp -DOMP_EXPLICIT_SIMD=1,10.933462,a91f518a4f2dbd10,passed
regular-simd_omp-t12-dynamicx16-r2-4000x3000.png,2026-09-18T17:18:25Z,4000x3000.png,4000,3000,Rotate_CW,2,12,dynamic,16,omp,no,unset,unset,hype2,12.2.0,-O3 -Wall -Wextra -std=c++17 -fopenmp -DOMP_EXPLICIT_SIMD=1,18.730253,e0f27e61a205ef0a,passed
regular-simd_omp-t12-dynamicx16-r2-4000x3000.png,2026-09-18T17:18:25Z,4000x3000.png,4000,3000,Rotate_CCW,2,12,dynamic,16,omp,no,unset,unset,hype2,12.2.0,-O3 -Wall -Wextra -std=c++17 -fopenmp -DOMP_EXPLICIT_SIMD=1,17.842279,b4512f3b73b7723c,passed
regular-simd_omp-t12-dynamicx16-r2-4000x3000.png,2026-09-18T17:18:25Z,4000x3000.png,4000,3000,Gaussian_3x3,2,12,dynamic,16,omp,yes,unset,unset,hype2,12.2.0,-O3 -Wall -Wextra -std=c++17 -fopenmp -DOMP_EXPLICIT_SIMD=1,46.497894,bc1a93797b2afda7,passed
regular-simd_omp-t12-dynamicx16-r2-4000x3000.png,2026-09-18T17:18:25Z,4000x3000.png,4000,3000,Gaussian_5x5,2,12,dynamic,16,omp,yes,unset,unset,hype2,12.2.0,-O3 -Wall -Wextra -std=c++17 -fopenmp -DOMP_EXPLICIT_SIMD=1,88.398742,d67ccd9b6dbb62d8,passed
regular-simd_omp-t12-dynamicx16-r2-4000x3000.png,2026-09-18T17:18:25Z,4000x3000.png,4000,3000,Gaussian_7x7,2,12,dynamic,16,omp,yes,unset,unset,hype2,12.2.0,-O3 -Wall -Wextra -std=c++17 -fopenmp -DOMP_EXPLICIT_SIMD=1,144.903115,98f465f1820de349,passed
regular-simd_omp-t12-dynamicx16-r2-4000x3000.png,2026-09-18T17:18:26Z,4000x3000.png,4000,3000,Gaussian_9x9,2,12,dynamic,16,omp,yes,unset,unset,hype2,12.2.0,-O3 -Wall -Wextra -std=c++17 -fopenmp -DOMP_EXPLICIT_SIMD=1,219.609478,8f9bd96ceab3a369,passed
regular-simd_omp-t12-dynamicx16-r2-4000x3000.png,2026-09-18T17:18:26Z,4000x3000.png,4000,3000,Gaussian_11x11,2,12,dynamic,16,omp,yes,unset,unset,hype2,12.2.0,-O3 -Wall -Wextra -std=c++17 -fopenmp -DOMP_EXPLICIT_SIMD=1,314.313034,1e8adb9534bf99dc,passed
regular-simd_omp-t12-dynamicx16-r2-6000x6000.png,2026-09-18T17:18:28Z,6000x6000.png,6000,6000,Grayscale,2,12,dynamic,16,omp,yes,unset,unset,hype2,12.2.0,-O3 -Wall -Wextra -std=c++17 -fopenmp -DOMP_EXPLICIT_SIMD=1,15.298569,937793859b387046,passed
regular-simd_omp-t12-dynamicx16-r2-6000x6000.png,2026-09-18T17:18:28Z,6000x6000.png,6000,6000,Flip_Horizontal,2,12,dynamic,16,omp,no,unset,unset,hype2,12.2.0,-O3 -Wall -Wextra -std=c++17 -fopenmp -DOMP_EXPLICIT_SIMD=1,6.081743,3dfbc0e2f0b456c2,passed
regular-simd_omp-t12-dynamicx16-r2-6000x6000.png,2026-09-18T17:18:28Z,6000x6000.png,6000,6000,Adjust_Brightness,2,12,dynamic,16,omp,yes,unset,unset,hype2,12.2.0,-O3 -Wall -Wextra -std=c++17 -fopenmp -DOMP_EXPLICIT_SIMD=1,19.448981,5d4bea966648e7a7,passed
regular-simd_omp-t12-dynamicx16-r2-6000x6000.png,2026-09-18T17:18:28Z,6000x6000.png,6000,6000,Flip_Vertical,2,12,dynamic,16,omp,no,unset,unset,hype2,12.2.0,-O3 -Wall -Wextra -std=c++17 -fopenmp -DOMP_EXPLICIT_SIMD=1,4.316783,bd012cf684012198,passed
regular-simd_omp-t12-dynamicx16-r2-6000x6000.png,2026-09-18T17:18:28Z,6000x6000.png,6000,6000,Quantize,2,12,dynamic,16,omp,yes,unset,unset,hype2,12.2.0,-O3 -Wall -Wextra -std=c++17 -fopenmp -DOMP_EXPLICIT_SIMD=1,57.469278,b2e8843413e8e7a6,passed
regular-simd_omp-t12-dynamicx16-r2-6000x6000.png,2026-09-18T17:18:29Z,6000x6000.png,6000,6000,Adjust_Contrast,2,12,dynamic,16,omp,yes,unset,unset,hype2,12.2.0,-O3 -Wall -Wextra -std=c++17 -fopenmp -DOMP_EXPLICIT_SIMD=1,28.370327,c036bcbf5e6d6190,passed
regular-simd_omp-t12-dynamicx16-r2-6000x6000.png,2026-09-18T17:18:29Z,6000x6000.png,6000,6000,Negative,2,12,dynamic,16,omp,yes,unset,unset,hype2,12.2.0,-O3 -Wall -Wextra -std=c++17 -fopenmp -DOMP_EXPLICIT_SIMD=1,10.559246,0a497e94a83bbbc0,passed
regular-simd_omp-t12-dynamicx16-r2-6000x6000.png,2026-09-18T17:18:29Z,6000x6000.png,6000,6000,Equalize_Histogram,2,12,dynamic,16,omp,yes,unset,unset,hype2,12.2.0,-O3 -Wall -Wextra -std=c++17 -fopenmp -DOMP_EXPLICIT_SIMD=1,18.881956,5251e13888abb30f,passed
regular-simd_omp-t12-dynamicx16-r2-6000x6000.png,2026-09-18T17:18:30Z,6000x6000.png,6000,6000,Zoom_In,2,12,dynamic,16,omp,yes,unset,unset,hype2,12.2.0,-O3 -Wall -Wextra -std=c++17 -fopenmp -DOMP_EXPLICIT_SIMD=1,39.758405,4e063cbe88523a0e,passed
regular-simd_omp-t12-dynamicx16-r2-6000x6000.png,2026-09-18T17:18:30Z,6000x6000.png,6000,6000,Zoom_Out,2,12,dynamic,16,omp,no,unset,unset,hype2,12.2.0,-O3 -Wall -Wextra -std=c++17 -fopenmp -DOMP_EXPLICIT_SIMD=1,32.392344,8eace74e8cd425e6,passed
regular-simd_omp-t12-dynamicx16-r2-6000x6000.png,2026-09-18T17:18:30Z,6000x6000.png,6000,6000,Rotate_CW,2,12,dynamic,16,omp,no,unset,unset,hype2,12.2.0,-O3 -Wall -Wextra -std=c++17 -fopenmp -DOMP_EXPLICIT_SIMD=1,51.782951,dd5c83f3b3cee726,passed
regular-simd_omp-t12-dynamicx16-r2-6000x6000.png,2026-09-18T17:18:30Z,6000x6000.png,6000,6000,Rotate_CCW,2,12,dynamic,16,omp,no,unset,unset,hype2,12.2.0,-O3 -Wall -Wextra -std=c++17 -fopenmp -DOMP_EXPLICIT_SIMD=1,53.347015,51196bd3ed2b4ba4,passed
regular-simd_omp-t12-dynamicx16-r2-6000x6000.png,2026-09-18T17:18:31Z,6000x6000.png,6000,6000,Gaussian_3x3,2,12,dynamic,16,omp,yes,unset,unset,hype2,12.2.0,-O3 -Wall -Wextra -std=c++17 -fopenmp -DOMP_EXPLICIT_SIMD=1,136.313027,87566478e34b4f70,passed
regular-simd_omp-t12-dynamicx16-r2-6000x6000.png,2026-09-18T17:18:31Z,6000x6000.png,6000,6000,Gaussian_5x5,2,12,dynamic,16,omp,yes,unset,unset,hype2,12.2.0,-O3 -Wall -Wextra -std=c++17 -fopenmp -DOMP_EXPLICIT_SIMD=1,246.587900,4b23a258f94a27f0,passed
regular-simd_omp-t12-dynamicx16-r2-6000x6000.png,2026-09-18T17:18:32Z,6000x6000.png,6000,6000,Gaussian_7x7,2,12,dynamic,16,omp,yes,unset,unset,hype2,12.2.0,-O3 -Wall -Wextra -std=c++17 -fopenmp -DOMP_EXPLICIT_SIMD=1,421.990559,3771268fea0417e2,passed
regular-simd_omp-t12-dynamicx16-r2-6000x6000.png,2026-09-18T17:18:33Z,6000x6000.png,6000,6000,Gaussian_9x9,2,12,dynamic,16,omp,yes,unset,unset,hype2,12.2.0,-O3 -Wall -Wextra -std=c++17 -fopenmp -DOMP_EXPLICIT_SIMD=1,654.137647,3f6b7f707a108bd5,passed
regular-simd_omp-t12-dynamicx16-r2-6000x6000.png,2026-09-18T17:18:34Z,6000x6000.png,6000,6000,Gaussian_11x11,2,12,dynamic,16,omp,yes,unset,unset,hype2,12.2.0,-O3 -Wall -Wextra -std=c++17 -fopenmp -DOMP_EXPLICIT_SIMD=1,938.071910,c923a906c8989668,passed
regular-simd_off-t12-static-r2-4000x3000.png,2026-09-18T17:18:34Z,4000x3000.png,4000,3000,Grayscale,2,12,static,,off,yes,unset,unset,hype2,12.2.0,-O3 -Wall -Wextra -std=c++17 -fopenmp -DOMP_EXPLICIT_SIMD=0 -fno-tree-vectorize,5.496040,00925fa85224b60c,passed
regular-simd_off-t12-static-r2-4000x3000.png,2026-09-18T17:18:34Z,4000x3000.png,4000,3000,Flip_Horizontal,2,12,static,,off,no,unset,unset,hype2,12.2.0,-O3 -Wall -Wextra -std=c++17 -fopenmp -DOMP_EXPLICIT_SIMD=0 -fno-tree-vectorize,2.609804,45d5313341f5868e,passed
regular-simd_off-t12-static-r2-4000x3000.png,2026-09-18T17:18:34Z,4000x3000.png,4000,3000,Adjust_Brightness,2,12,static,,off,yes,unset,unset,hype2,12.2.0,-O3 -Wall -Wextra -std=c++17 -fopenmp -DOMP_EXPLICIT_SIMD=0 -fno-tree-vectorize,6.425837,e488c03148da4f5b,passed
regular-simd_off-t12-static-r2-4000x3000.png,2026-09-18T17:18:34Z,4000x3000.png,4000,3000,Flip_Vertical,2,12,static,,off,no,unset,unset,hype2,12.2.0,-O3 -Wall -Wextra -std=c++17 -fopenmp -DOMP_EXPLICIT_SIMD=0 -fno-tree-vectorize,1.845169,754d30e4e81eccfc,passed
regular-simd_off-t12-static-r2-4000x3000.png,2026-09-18T17:18:35Z,4000x3000.png,4000,3000,Quantize,2,12,static,,off,yes,unset,unset,hype2,12.2.0,-O3 -Wall -Wextra -std=c++17 -fopenmp -DOMP_EXPLICIT_SIMD=0 -fno-tree-vectorize,23.287259,f01ef010a3fd2f20,passed
regular-simd_off-t12-static-r2-4000x3000.png,2026-09-18T17:18:35Z,4000x3000.png,4000,3000,Adjust_Contrast,2,12,static,,off,yes,unset,unset,hype2,12.2.0,-O3 -Wall -Wextra -std=c++17 -fopenmp -DOMP_EXPLICIT_SIMD=0 -fno-tree-vectorize,9.576062,7cc9f4cee5c661bd,passed
regular-simd_off-t12-static-r2-4000x3000.png,2026-09-18T17:18:35Z,4000x3000.png,4000,3000,Negative,2,12,static,,off,yes,unset,unset,hype2,12.2.0,-O3 -Wall -Wextra -std=c++17 -fopenmp -DOMP_EXPLICIT_SIMD=0 -fno-tree-vectorize,3.744059,043d4193294f2dcc,passed
regular-simd_off-t12-static-r2-4000x3000.png,2026-09-18T17:18:35Z,4000x3000.png,4000,3000,Equalize_Histogram,2,12,static,,off,yes,unset,unset,hype2,12.2.0,-O3 -Wall -Wextra -std=c++17 -fopenmp -DOMP_EXPLICIT_SIMD=0 -fno-tree-vectorize,6.567008,243220feba4dd030,passed
regular-simd_off-t12-static-r2-4000x3000.png,2026-09-18T17:18:35Z,4000x3000.png,4000,3000,Zoom_In,2,12,static,,off,yes,unset,unset,hype2,12.2.0,-O3 -Wall -Wextra -std=c++17 -fopenmp -DOMP_EXPLICIT_SIMD=0 -fno-tree-vectorize,14.847651,71b80276839f9533,passed
regular-simd_off-t12-static-r2-4000x3000.png,2026-09-18T17:18:35Z,4000x3000.png,4000,3000,Zoom_Out,2,12,static,,off,no,unset,unset,hype2,12.2.0,-O3 -Wall -Wextra -std=c++17 -fopenmp -DOMP_EXPLICIT_SIMD=0 -fno-tree-vectorize,10.769853,a91f518a4f2dbd10,passed
regular-simd_off-t12-static-r2-4000x3000.png,2026-09-18T17:18:35Z,4000x3000.png,4000,3000,Rotate_CW,2,12,static,,off,no,unset,unset,hype2,12.2.0,-O3 -Wall -Wextra -std=c++17 -fopenmp -DOMP_EXPLICIT_SIMD=0 -fno-tree-vectorize,19.819044,e0f27e61a205ef0a,passed
regular-simd_off-t12-static-r2-4000x3000.png,2026-09-18T17:18:35Z,4000x3000.png,4000,3000,Rotate_CCW,2,12,static,,off,no,unset,unset,hype2,12.2.0,-O3 -Wall -Wextra -std=c++17 -fopenmp -DOMP_EXPLICIT_SIMD=0 -fno-tree-vectorize,19.830694,b4512f3b73b7723c,passed
regular-simd_off-t12-static-r2-4000x3000.png,2026-09-18T17:18:35Z,4000x3000.png,4000,3000,Gaussian_3x3,2,12,static,,off,yes,unset,unset,hype2,12.2.0,-O3 -Wall -Wextra -std=c++17 -fopenmp -DOMP_EXPLICIT_SIMD=0 -fno-tree-vectorize,46.356820,bc1a93797b2afda7,passed
regular-simd_off-t12-static-r2-4000x3000.png,2026-09-18T17:18:35Z,4000x3000.png,4000,3000,Gaussian_5x5,2,12,static,,off,yes,unset,unset,hype2,12.2.0,-O3 -Wall -Wextra -std=c++17 -fopenmp -DOMP_EXPLICIT_SIMD=0 -fno-tree-vectorize,81.426358,d67ccd9b6dbb62d8,passed
regular-simd_off-t12-static-r2-4000x3000.png,2026-09-18T17:18:36Z,4000x3000.png,4000,3000,Gaussian_7x7,2,12,static,,off,yes,unset,unset,hype2,12.2.0,-O3 -Wall -Wextra -std=c++17 -fopenmp -DOMP_EXPLICIT_SIMD=0 -fno-tree-vectorize,138.447483,98f465f1820de349,passed
regular-simd_off-t12-static-r2-4000x3000.png,2026-09-18T17:18:36Z,4000x3000.png,4000,3000,Gaussian_9x9,2,12,static,,off,yes,unset,unset,hype2,12.2.0,-O3 -Wall -Wextra -std=c++17 -fopenmp -DOMP_EXPLICIT_SIMD=0 -fno-tree-vectorize,213.572762,8f9bd96ceab3a369,passed
regular-simd_off-t12-static-r2-4000x3000.png,2026-09-18T17:18:36Z,4000x3000.png,4000,3000,Gaussian_11x11,2,12,static,,off,yes,unset,unset,hype2,12.2.0,-O3 -Wall -Wextra -std=c++17 -fopenmp -DOMP_EXPLICIT_SIMD=0 -fno-tree-vectorize,306.350681,1e8adb9534bf99dc,passed
regular-simd_off-t12-static-r2-6000x6000.png,2026-09-18T17:18:38Z,6000x6000.png,6000,6000,Grayscale,2,12,static,,off,yes,unset,unset,hype2,12.2.0,-O3 -Wall -Wextra -std=c++17 -fopenmp -DOMP_EXPLICIT_SIMD=0 -fno-tree-vectorize,14.885085,937793859b387046,passed
regular-simd_off-t12-static-r2-6000x6000.png,2026-09-18T17:18:38Z,6000x6000.png,6000,6000,Flip_Horizontal,2,12,static,,off,no,unset,unset,hype2,12.2.0,-O3 -Wall -Wextra -std=c++17 -fopenmp -DOMP_EXPLICIT_SIMD=0 -fno-tree-vectorize,6.596788,3dfbc0e2f0b456c2,passed
regular-simd_off-t12-static-r2-6000x6000.png,2026-09-18T17:18:38Z,6000x6000.png,6000,6000,Adjust_Brightness,2,12,static,,off,yes,unset,unset,hype2,12.2.0,-O3 -Wall -Wextra -std=c++17 -fopenmp -DOMP_EXPLICIT_SIMD=0 -fno-tree-vectorize,18.956928,5d4bea966648e7a7,passed
regular-simd_off-t12-static-r2-6000x6000.png,2026-09-18T17:18:38Z,6000x6000.png,6000,6000,Flip_Vertical,2,12,static,,off,no,unset,unset,hype2,12.2.0,-O3 -Wall -Wextra -std=c++17 -fopenmp -DOMP_EXPLICIT_SIMD=0 -fno-tree-vectorize,4.376436,bd012cf684012198,passed
regular-simd_off-t12-static-r2-6000x6000.png,2026-09-18T17:18:39Z,6000x6000.png,6000,6000,Quantize,2,12,static,,off,yes,unset,unset,hype2,12.2.0,-O3 -Wall -Wextra -std=c++17 -fopenmp -DOMP_EXPLICIT_SIMD=0 -fno-tree-vectorize,56.647847,b2e8843413e8e7a6,passed
regular-simd_off-t12-static-r2-6000x6000.png,2026-09-18T17:18:39Z,6000x6000.png,6000,6000,Adjust_Contrast,2,12,static,,off,yes,unset,unset,hype2,12.2.0,-O3 -Wall -Wextra -std=c++17 -fopenmp -DOMP_EXPLICIT_SIMD=0 -fno-tree-vectorize,28.161387,c036bcbf5e6d6190,passed
regular-simd_off-t12-static-r2-6000x6000.png,2026-09-18T17:18:39Z,6000x6000.png,6000,6000,Negative,2,12,static,,off,yes,unset,unset,hype2,12.2.0,-O3 -Wall -Wextra -std=c++17 -fopenmp -DOMP_EXPLICIT_SIMD=0 -fno-tree-vectorize,11.089866,0a497e94a83bbbc0,passed
regular-simd_off-t12-static-r2-6000x6000.png,2026-09-18T17:18:39Z,6000x6000.png,6000,6000,Equalize_Histogram,2,12,static,,off,yes,unset,unset,hype2,12.2.0,-O3 -Wall -Wextra -std=c++17 -fopenmp -DOMP_EXPLICIT_SIMD=0 -fno-tree-vectorize,19.807606,5251e13888abb30f,passed
regular-simd_off-t12-static-r2-6000x6000.png,2026-09-18T17:18:40Z,6000x6000.png,6000,6000,Zoom_In,2,12,static,,off,yes,unset,unset,hype2,12.2.0,-O3 -Wall -Wextra -std=c++17 -fopenmp -DOMP_EXPLICIT_SIMD=0 -fno-tree-vectorize,46.946275,4e063cbe88523a0e,passed
regular-simd_off-t12-static-r2-6000x6000.png,2026-09-18T17:18:40Z,6000x6000.png,6000,6000,Zoom_Out,2,12,static,,off,no,unset,unset,hype2,12.2.0,-O3 -Wall -Wextra -std=c++17 -fopenmp -DOMP_EXPLICIT_SIMD=0 -fno-tree-vectorize,30.889896,8eace74e8cd425e6,passed
regular-simd_off-t12-static-r2-6000x6000.png,2026-09-18T17:18:40Z,6000x6000.png,6000,6000,Rotate_CW,2,12,static,,off,no,unset,unset,hype2,12.2.0,-O3 -Wall -Wextra -std=c++17 -fopenmp -DOMP_EXPLICIT_SIMD=0 -fno-tree-vectorize,48.119158,dd5c83f3b3cee726,passed
regular-simd_off-t12-static-r2-6000x6000.png,2026-09-18T17:18:41Z,6000x6000.png,6000,6000,Rotate_CCW,2,12,static,,off,no,unset,unset,hype2,12.2.0,-O3 -Wall -Wextra -std=c++17 -fopenmp -DOMP_EXPLICIT_SIMD=0 -fno-tree-vectorize,51.443873,51196bd3ed2b4ba4,passed
regular-simd_off-t12-static-r2-6000x6000.png,2026-09-18T17:18:41Z,6000x6000.png,6000,6000,Gaussian_3x3,2,12,static,,off,yes,unset,unset,hype2,12.2.0,-O3 -Wall -Wextra -std=c++17 -fopenmp -DOMP_EXPLICIT_SIMD=0 -fno-tree-vectorize,138.210578,87566478e34b4f70,passed
regular-simd_off-t12-static-r2-6000x6000.png,2026-09-18T17:18:41Z,6000x6000.png,6000,6000,Gaussian_5x5,2,12,static,,off,yes,unset,unset,hype2,12.2.0,-O3 -Wall -Wextra -std=c++17 -fopenmp -DOMP_EXPLICIT_SIMD=0 -fno-tree-vectorize,240.956344,4b23a258f94a27f0,passed
regular-simd_off-t12-static-r2-6000x6000.png,2026-09-18T17:18:42Z,6000x6000.png,6000,6000,Gaussian_7x7,2,12,static,,off,yes,unset,unset,hype2,12.2.0,-O3 -Wall -Wextra -std=c++17 -fopenmp -DOMP_EXPLICIT_SIMD=0 -fno-tree-vectorize,412.344092,3771268fea0417e2,passed
regular-simd_off-t12-static-r2-6000x6000.png,2026-09-18T17:18:43Z,6000x6000.png,6000,6000,Gaussian_9x9,2,12,static,,off,yes,unset,unset,hype2,12.2.0,-O3 -Wall -Wextra -std=c++17 -fopenmp -DOMP_EXPLICIT_SIMD=0 -fno-tree-vectorize,638.146508,3f6b7f707a108bd5,passed
regular-simd_off-t12-static-r2-6000x6000.png,2026-09-18T17:18:44Z,6000x6000.png,6000,6000,Gaussian_11x11,2,12,static,,off,yes,unset,unset,hype2,12.2.0,-O3 -Wall -Wextra -std=c++17 -fopenmp -DOMP_EXPLICIT_SIMD=0 -fno-tree-vectorize,916.877966,c923a906c8989668,passed
regular-simd_off-t16-static-r1-4000x3000.png,2026-09-18T17:19:41Z,4000x3000.png,4000,3000,Grayscale,1,16,static,,off,yes,unset,unset,hype2,12.2.0,-O3 -Wall -Wextra -std=c++17 -fopenmp -DOMP_EXPLICIT_SIMD=0 -fno-tree-vectorize,4.481693,00925fa85224b60c,passed
regular-simd_off-t16-static-r1-4000x3000.png,2026-09-18T17:19:41Z,4000x3000.png,4000,3000,Flip_Horizontal,1,16,static,,off,no,unset,unset,hype2,12.2.0,-O3 -Wall -Wextra -std=c++17 -fopenmp -DOMP_EXPLICIT_SIMD=0 -fno-tree-vectorize,2.042895,45d5313341f5868e,passed
regular-simd_off-t16-static-r1-4000x3000.png,2026-09-18T17:19:42Z,4000x3000.png,4000,3000,Adjust_Brightness,1,16,static,,off,yes,unset,unset,hype2,12.2.0,-O3 -Wall -Wextra -std=c++17 -fopenmp -DOMP_EXPLICIT_SIMD=0 -fno-tree-vectorize,4.884374,e488c03148da4f5b,passed
regular-simd_off-t16-static-r1-4000x3000.png,2026-09-18T17:19:42Z,4000x3000.png,4000,3000,Flip_Vertical,1,16,static,,off,no,unset,unset,hype2,12.2.0,-O3 -Wall -Wextra -std=c++17 -fopenmp -DOMP_EXPLICIT_SIMD=0 -fno-tree-vectorize,1.897125,754d30e4e81eccfc,passed
regular-simd_off-t16-static-r1-4000x3000.png,2026-09-18T17:19:42Z,4000x3000.png,4000,3000,Quantize,1,16,static,,off,yes,unset,unset,hype2,12.2.0,-O3 -Wall -Wextra -std=c++17 -fopenmp -DOMP_EXPLICIT_SIMD=0 -fno-tree-vectorize,15.183234,f01ef010a3fd2f20,passed
regular-simd_off-t16-static-r1-4000x3000.png,2026-09-18T17:19:42Z,4000x3000.png,4000,3000,Adjust_Contrast,1,16,static,,off,yes,unset,unset,hype2,12.2.0,-O3 -Wall -Wextra -std=c++17 -fopenmp -DOMP_EXPLICIT_SIMD=0 -fno-tree-vectorize,7.193998,7cc9f4cee5c661bd,passed
regular-simd_off-t16-static-r1-4000x3000.png,2026-09-18T17:19:42Z,4000x3000.png,4000,3000,Negative,1,16,static,,off,yes,unset,unset,hype2,12.2.0,-O3 -Wall -Wextra -std=c++17 -fopenmp -DOMP_EXPLICIT_SIMD=0 -fno-tree-vectorize,2.979376,043d4193294f2dcc,passed
regular-simd_off-t16-static-r1-4000x3000.png,2026-09-18T17:19:42Z,4000x3000.png,4000,3000,Equalize_Histogram,1,16,static,,off,yes,unset,unset,hype2,12.2.0,-O3 -Wall -Wextra -std=c++17 -fopenmp -DOMP_EXPLICIT_SIMD=0 -fno-tree-vectorize,5.078645,243220feba4dd030,passed
regular-simd_off-t16-static-r1-4000x3000.png,2026-09-18T17:19:42Z,4000x3000.png,4000,3000,Zoom_In,1,16,static,,off,yes,unset,unset,hype2,12.2.0,-O3 -Wall -Wextra -std=c++17 -fopenmp -DOMP_EXPLICIT_SIMD=0 -fno-tree-vectorize,11.920079,71b80276839f9533,passed
regular-simd_off-t16-static-r1-4000x3000.png,2026-09-18T17:19:42Z,4000x3000.png,4000,3000,Zoom_Out,1,16,static,,off,no,unset,unset,hype2,12.2.0,-O3 -Wall -Wextra -std=c++17 -fopenmp -DOMP_EXPLICIT_SIMD=0 -fno-tree-vectorize,8.613592,a91f518a4f2dbd10,passed
regular-simd_off-t16-static-r1-4000x3000.png,2026-09-18T17:19:42Z,4000x3000.png,4000,3000,Rotate_CW,1,16,static,,off,no,unset,unset,hype2,12.2.0,-O3 -Wall -Wextra -std=c++17 -fopenmp -DOMP_EXPLICIT_SIMD=0 -fno-tree-vectorize,14.705085,e0f27e61a205ef0a,passed
regular-simd_off-t16-static-r1-4000x3000.png,2026-09-18T17:19:42Z,4000x3000.png,4000,3000,Rotate_CCW,1,16,static,,off,no,unset,unset,hype2,12.2.0,-O3 -Wall -Wextra -std=c++17 -fopenmp -DOMP_EXPLICIT_SIMD=0 -fno-tree-vectorize,14.961612,b4512f3b73b7723c,passed
regular-simd_off-t16-static-r1-4000x3000.png,2026-09-18T17:19:42Z,4000x3000.png,4000,3000,Gaussian_3x3,1,16,static,,off,yes,unset,unset,hype2,12.2.0,-O3 -Wall -Wextra -std=c++17 -fopenmp -DOMP_EXPLICIT_SIMD=0 -fno-tree-vectorize,35.327971,bc1a93797b2afda7,passed
regular-simd_off-t16-static-r1-4000x3000.png,2026-09-18T17:19:42Z,4000x3000.png,4000,3000,Gaussian_5x5,1,16,static,,off,yes,unset,unset,hype2,12.2.0,-O3 -Wall -Wextra -std=c++17 -fopenmp -DOMP_EXPLICIT_SIMD=0 -fno-tree-vectorize,63.798950,d67ccd9b6dbb62d8,passed
regular-simd_off-t16-static-r1-4000x3000.png,2026-09-18T17:19:43Z,4000x3000.png,4000,3000,Gaussian_7x7,1,16,static,,off,yes,unset,unset,hype2,12.2.0,-O3 -Wall -Wextra -std=c++17 -fopenmp -DOMP_EXPLICIT_SIMD=0 -fno-tree-vectorize,106.196467,98f465f1820de349,passed
regular-simd_off-t16-static-r1-4000x3000.png,2026-09-18T17:19:43Z,4000x3000.png,4000,3000,Gaussian_9x9,1,16,static,,off,yes,unset,unset,hype2,12.2.0,-O3 -Wall -Wextra -std=c++17 -fopenmp -DOMP_EXPLICIT_SIMD=0 -fno-tree-vectorize,160.525999,8f9bd96ceab3a369,passed
regular-simd_off-t16-static-r1-4000x3000.png,2026-09-18T17:19:43Z,4000x3000.png,4000,3000,Gaussian_11x11,1,16,static,,off,yes,unset,unset,hype2,12.2.0,-O3 -Wall -Wextra -std=c++17 -fopenmp -DOMP_EXPLICIT_SIMD=0 -fno-tree-vectorize,229.370103,1e8adb9534bf99dc,passed
regular-simd_off-t16-static-r1-6000x6000.png,2026-09-18T17:19:45Z,6000x6000.png,6000,6000,Grayscale,1,16,static,,off,yes,unset,unset,hype2,12.2.0,-O3 -Wall -Wextra -std=c++17 -fopenmp -DOMP_EXPLICIT_SIMD=0 -fno-tree-vectorize,11.590271,937793859b387046,passed
regular-simd_off-t16-static-r1-6000x6000.png,2026-09-18T17:19:45Z,6000x6000.png,6000,6000,Flip_Horizontal,1,16,static,,off,no,unset,unset,hype2,12.2.0,-O3 -Wall -Wextra -std=c++17 -fopenmp -DOMP_EXPLICIT_SIMD=0 -fno-tree-vectorize,5.135398,3dfbc0e2f0b456c2,passed
regular-simd_off-t16-static-r1-6000x6000.png,2026-09-18T17:19:45Z,6000x6000.png,6000,6000,Adjust_Brightness,1,16,static,,off,yes,unset,unset,hype2,12.2.0,-O3 -Wall -Wextra -std=c++17 -fopenmp -DOMP_EXPLICIT_SIMD=0 -fno-tree-vectorize,14.202653,5d4bea966648e7a7,passed
regular-simd_off-t16-static-r1-6000x6000.png,2026-09-18T17:19:45Z,6000x6000.png,6000,6000,Flip_Vertical,1,16,static,,off,no,unset,unset,hype2,12.2.0,-O3 -Wall -Wextra -std=c++17 -fopenmp -DOMP_EXPLICIT_SIMD=0 -fno-tree-vectorize,4.480381,bd012cf684012198,passed
regular-simd_off-t16-static-r1-6000x6000.png,2026-09-18T17:19:46Z,6000x6000.png,6000,6000,Quantize,1,16,static,,off,yes,unset,unset,hype2,12.2.0,-O3 -Wall -Wextra -std=c++17 -fopenmp -DOMP_EXPLICIT_SIMD=0 -fno-tree-vectorize,42.964950,b2e8843413e8e7a6,passed
regular-simd_off-t16-static-r1-6000x6000.png,2026-09-18T17:19:46Z,6000x6000.png,6000,6000,Adjust_Contrast,1,16,static,,off,yes,unset,unset,hype2,12.2.0,-O3 -Wall -Wextra -std=c++17 -fopenmp -DOMP_EXPLICIT_SIMD=0 -fno-tree-vectorize,21.201859,c036bcbf5e6d6190,passed
regular-simd_off-t16-static-r1-6000x6000.png,2026-09-18T17:19:46Z,6000x6000.png,6000,6000,Negative,1,16,static,,off,yes,unset,unset,hype2,12.2.0,-O3 -Wall -Wextra -std=c++17 -fopenmp -DOMP_EXPLICIT_SIMD=0 -fno-tree-vectorize,8.400083,0a497e94a83bbbc0,passed
regular-simd_off-t16-static-r1-6000x6000.png,2026-09-18T17:19:46Z,6000x6000.png,6000,6000,Equalize_Histogram,1,16,static,,off,yes,unset,unset,hype2,12.2.0,-O3 -Wall -Wextra -std=c++17 -fopenmp -DOMP_EXPLICIT_SIMD=0 -fno-tree-vectorize,14.921102,5251e13888abb30f,passed
regular-simd_off-t16-static-r1-6000x6000.png,2026-09-18T17:19:47Z,6000x6000.png,6000,6000,Zoom_In,1,16,static,,off,yes,unset,unset,hype2,12.2.0,-O3 -Wall -Wextra -std=c++17 -fopenmp -DOMP_EXPLICIT_SIMD=0 -fno-tree-vectorize,31.431278,4e063cbe88523a0e,passed
regular-simd_off-t16-static-r1-6000x6000.png,2026-09-18T17:19:47Z,6000x6000.png,6000,6000,Zoom_Out,1,16,static,,off,no,unset,unset,hype2,12.2.0,-O3 -Wall -Wextra -std=c++17 -fopenmp -DOMP_EXPLICIT_SIMD=0 -fno-tree-vectorize,22.682963,8eace74e8cd425e6,passed
regular-simd_off-t16-static-r1-6000x6000.png,2026-09-18T17:19:47Z,6000x6000.png,6000,6000,Rotate_CW,1,16,static,,off,no,unset,unset,hype2,12.2.0,-O3 -Wall -Wextra -std=c++17 -fopenmp -DOMP_EXPLICIT_SIMD=0 -fno-tree-vectorize,42.459232,dd5c83f3b3cee726,passed
regular-simd_off-t16-static-r1-6000x6000.png,2026-09-18T17:19:47Z,6000x6000.png,6000,6000,Rotate_CCW,1,16,static,,off,no,unset,unset,hype2,12.2.0,-O3 -Wall -Wextra -std=c++17 -fopenmp -DOMP_EXPLICIT_SIMD=0 -fno-tree-vectorize,42.701870,51196bd3ed2b4ba4,passed
regular-simd_off-t16-static-r1-6000x6000.png,2026-09-18T17:19:48Z,6000x6000.png,6000,6000,Gaussian_3x3,1,16,static,,off,yes,unset,unset,hype2,12.2.0,-O3 -Wall -Wextra -std=c++17 -fopenmp -DOMP_EXPLICIT_SIMD=0 -fno-tree-vectorize,104.227614,87566478e34b4f70,passed
regular-simd_off-t16-static-r1-6000x6000.png,2026-09-18T17:19:48Z,6000x6000.png,6000,6000,Gaussian_5x5,1,16,static,,off,yes,unset,unset,hype2,12.2.0,-O3 -Wall -Wextra -std=c++17 -fopenmp -DOMP_EXPLICIT_SIMD=0 -fno-tree-vectorize,181.374976,4b23a258f94a27f0,passed
regular-simd_off-t16-static-r1-6000x6000.png,2026-09-18T17:19:49Z,6000x6000.png,6000,6000,Gaussian_7x7,1,16,static,,off,yes,unset,unset,hype2,12.2.0,-O3 -Wall -Wextra -std=c++17 -fopenmp -DOMP_EXPLICIT_SIMD=0 -fno-tree-vectorize,324.306510,3771268fea0417e2,passed
regular-simd_off-t16-static-r1-6000x6000.png,2026-09-18T17:19:49Z,6000x6000.png,6000,6000,Gaussian_9x9,1,16,static,,off,yes,unset,unset,hype2,12.2.0,-O3 -Wall -Wextra -std=c++17 -fopenmp -DOMP_EXPLICIT_SIMD=0 -fno-tree-vectorize,522.323777,3f6b7f707a108bd5,passed
regular-simd_off-t16-static-r1-6000x6000.png,2026-09-18T17:19:50Z,6000x6000.png,6000,6000,Gaussian_11x11,1,16,static,,off,yes,unset,unset,hype2,12.2.0,-O3 -Wall -Wextra -std=c++17 -fopenmp -DOMP_EXPLICIT_SIMD=0 -fno-tree-vectorize,689.707058,c923a906c8989668,passed
regular-simd_omp-t16-static-r1-4000x3000.png,2026-09-18T17:19:51Z,4000x3000.png,4000,3000,Grayscale,1,16,static,,omp,yes,unset,unset,hype2,12.2.0,-O3 -Wall -Wextra -std=c++17 -fopenmp -DOMP_EXPLICIT_SIMD=1,4.611029,00925fa85224b60c,passed
regular-simd_omp-t16-static-r1-4000x3000.png,2026-09-18T17:19:51Z,4000x3000.png,4000,3000,Flip_Horizontal,1,16,static,,omp,no,unset,unset,hype2,12.2.0,-O3 -Wall -Wextra -std=c++17 -fopenmp -DOMP_EXPLICIT_SIMD=1,2.076519,45d5313341f5868e,passed
regular-simd_omp-t16-static-r1-4000x3000.png,2026-09-18T17:19:51Z,4000x3000.png,4000,3000,Adjust_Brightness,1,16,static,,omp,yes,unset,unset,hype2,12.2.0,-O3 -Wall -Wextra -std=c++17 -fopenmp -DOMP_EXPLICIT_SIMD=1,5.158631,e488c03148da4f5b,passed
regular-simd_omp-t16-static-r1-4000x3000.png,2026-09-18T17:19:51Z,4000x3000.png,4000,3000,Flip_Vertical,1,16,static,,omp,no,unset,unset,hype2,12.2.0,-O3 -Wall -Wextra -std=c++17 -fopenmp -DOMP_EXPLICIT_SIMD=1,1.955419,754d30e4e81eccfc,passed
regular-simd_omp-t16-static-r1-4000x3000.png,2026-09-18T17:19:51Z,4000x3000.png,4000,3000,Quantize,1,16,static,,omp,yes,unset,unset,hype2,12.2.0,-O3 -Wall -Wextra -std=c++17 -fopenmp -DOMP_EXPLICIT_SIMD=1,15.529408,f01ef010a3fd2f20,passed
regular-simd_omp-t16-static-r1-4000x3000.png,2026-09-18T17:19:51Z,4000x3000.png,4000,3000,Adjust_Contrast,1,16,static,,omp,yes,unset,unset,hype2,12.2.0,-O3 -Wall -Wextra -std=c++17 -fopenmp -DOMP_EXPLICIT_SIMD=1,7.161676,7cc9f4cee5c661bd,passed
regular-simd_omp-t16-static-r1-4000x3000.png,2026-09-18T17:19:51Z,4000x3000.png,4000,3000,Negative,1,16,static,,omp,yes,unset,unset,hype2,12.2.0,-O3 -Wall -Wextra -std=c++17 -fopenmp -DOMP_EXPLICIT_SIMD=1,2.878282,043d4193294f2dcc,passed
regular-simd_omp-t16-static-r1-4000x3000.png,2026-09-18T17:19:51Z,4000x3000.png,4000,3000,Equalize_Histogram,1,16,static,,omp,yes,unset,unset,hype2,12.2.0,-O3 -Wall -Wextra -std=c++17 -fopenmp -DOMP_EXPLICIT_SIMD=1,4.918192,243220feba4dd030,passed
regular-simd_omp-t16-static-r1-4000x3000.png,2026-09-18T17:19:52Z,4000x3000.png,4000,3000,Zoom_In,1,16,static,,omp,yes,unset,unset,hype2,12.2.0,-O3 -Wall -Wextra -std=c++17 -fopenmp -DOMP_EXPLICIT_SIMD=1,11.281757,71b80276839f9533,passed
regular-simd_omp-t16-static-r1-4000x3000.png,2026-09-18T17:19:52Z,4000x3000.png,4000,3000,Zoom_Out,1,16,static,,omp,no,unset,unset,hype2,12.2.0,-O3 -Wall -Wextra -std=c++17 -fopenmp -DOMP_EXPLICIT_SIMD=1,8.445979,a91f518a4f2dbd10,passed
regular-simd_omp-t16-static-r1-4000x3000.png,2026-09-18T17:19:52Z,4000x3000.png,4000,3000,Rotate_CW,1,16,static,,omp,no,unset,unset,hype2,12.2.0,-O3 -Wall -Wextra -std=c++17 -fopenmp -DOMP_EXPLICIT_SIMD=1,18.069689,e0f27e61a205ef0a,passed
regular-simd_omp-t16-static-r1-4000x3000.png,2026-09-18T17:19:52Z,4000x3000.png,4000,3000,Rotate_CCW,1,16,static,,omp,no,unset,unset,hype2,12.2.0,-O3 -Wall -Wextra -std=c++17 -fopenmp -DOMP_EXPLICIT_SIMD=1,17.942938,b4512f3b73b7723c,passed
regular-simd_omp-t16-static-r1-4000x3000.png,2026-09-18T17:19:52Z,4000x3000.png,4000,3000,Gaussian_3x3,1,16,static,,omp,yes,unset,unset,hype2,12.2.0,-O3 -Wall -Wextra -std=c++17 -fopenmp -DOMP_EXPLICIT_SIMD=1,34.678004,bc1a93797b2afda7,passed
regular-simd_omp-t16-static-r1-4000x3000.png,2026-09-18T17:19:52Z,4000x3000.png,4000,3000,Gaussian_5x5,1,16,static,,omp,yes,unset,unset,hype2,12.2.0,-O3 -Wall -Wextra -std=c++17 -fopenmp -DOMP_EXPLICIT_SIMD=1,61.773599,d67ccd9b6dbb62d8,passed
regular-simd_omp-t16-static-r1-4000x3000.png,2026-09-18T17:19:52Z,4000x3000.png,4000,3000,Gaussian_7x7,1,16,static,,omp,yes,unset,unset,hype2,12.2.0,-O3 -Wall -Wextra -std=c++17 -fopenmp -DOMP_EXPLICIT_SIMD=1,105.047397,98f465f1820de349,passed
regular-simd_omp-t16-static-r1-4000x3000.png,2026-09-18T17:19:52Z,4000x3000.png,4000,3000,Gaussian_9x9,1,16,static,,omp,yes,unset,unset,hype2,12.2.0,-O3 -Wall -Wextra -std=c++17 -fopenmp -DOMP_EXPLICIT_SIMD=1,161.498132,8f9bd96ceab3a369,passed
regular-simd_omp-t16-static-r1-4000x3000.png,2026-09-18T17:19:53Z,4000x3000.png,4000,3000,Gaussian_11x11,1,16,static,,omp,yes,unset,unset,hype2,12.2.0,-O3 -Wall -Wextra -std=c++17 -fopenmp -DOMP_EXPLICIT_SIMD=1,230.119570,1e8adb9534bf99dc,passed
regular-simd_omp-t16-static-r1-6000x6000.png,2026-09-18T17:19:54Z,6000x6000.png,6000,6000,Grayscale,1,16,static,,omp,yes,unset,unset,hype2,12.2.0,-O3 -Wall -Wextra -std=c++17 -fopenmp -DOMP_EXPLICIT_SIMD=1,11.874818,937793859b387046,passed
regular-simd_omp-t16-static-r1-6000x6000.png,2026-09-18T17:19:54Z,6000x6000.png,6000,6000,Flip_Horizontal,1,16,static,,omp,no,unset,unset,hype2,12.2.0,-O3 -Wall -Wextra -std=c++17 -fopenmp -DOMP_EXPLICIT_SIMD=1,5.068340,3dfbc0e2f0b456c2,passed
regular-simd_omp-t16-static-r1-6000x6000.png,2026-09-18T17:19:55Z,6000x6000.png,6000,6000,Adjust_Brightness,1,16,static,,omp,yes,unset,unset,hype2,12.2.0,-O3 -Wall -Wextra -std=c++17 -fopenmp -DOMP_EXPLICIT_SIMD=1,14.589555,5d4bea966648e7a7,passed
regular-simd_omp-t16-static-r1-6000x6000.png,2026-09-18T17:19:55Z,6000x6000.png,6000,6000,Flip_Vertical,1,16,static,,omp,no,unset,unset,hype2,12.2.0,-O3 -Wall -Wextra -std=c++17 -fopenmp -DOMP_EXPLICIT_SIMD=1,4.551539,bd012cf684012198,passed
regular-simd_omp-t16-static-r1-6000x6000.png,2026-09-18T17:19:55Z,6000x6000.png,6000,6000,Quantize,1,16,static,,omp,yes,unset,unset,hype2,12.2.0,-O3 -Wall -Wextra -std=c++17 -fopenmp -DOMP_EXPLICIT_SIMD=1,43.642004,b2e8843413e8e7a6,passed
regular-simd_omp-t16-static-r1-6000x6000.png,2026-09-18T17:19:55Z,6000x6000.png,6000,6000,Adjust_Contrast,1,16,static,,omp,yes,unset,unset,hype2,12.2.0,-O3 -Wall -Wextra -std=c++17 -fopenmp -DOMP_EXPLICIT_SIMD=1,21.128582,c036bcbf5e6d6190,passed
regular-simd_omp-t16-static-r1-6000x6000.png,2026-09-18T17:19:55Z,6000x6000.png,6000,6000,Negative,1,16,static,,omp,yes,unset,unset,hype2,12.2.0,-O3 -Wall -Wextra -std=c++17 -fopenmp -DOMP_EXPLICIT_SIMD=1,8.022627,0a497e94a83bbbc0,passed
regular-simd_omp-t16-static-r1-6000x6000.png,2026-09-18T17:19:56Z,6000x6000.png,6000,6000,Equalize_Histogram,1,16,static,,omp,yes,unset,unset,hype2,12.2.0,-O3 -Wall -Wextra -std=c++17 -fopenmp -DOMP_EXPLICIT_SIMD=1,14.904593,5251e13888abb30f,passed
regular-simd_omp-t16-static-r1-6000x6000.png,2026-09-18T17:19:56Z,6000x6000.png,6000,6000,Zoom_In,1,16,static,,omp,yes,unset,unset,hype2,12.2.0,-O3 -Wall -Wextra -std=c++17 -fopenmp -DOMP_EXPLICIT_SIMD=1,28.168297,4e063cbe88523a0e,passed
regular-simd_omp-t16-static-r1-6000x6000.png,2026-09-18T17:19:56Z,6000x6000.png,6000,6000,Zoom_Out,1,16,static,,omp,no,unset,unset,hype2,12.2.0,-O3 -Wall -Wextra -std=c++17 -fopenmp -DOMP_EXPLICIT_SIMD=1,22.898781,8eace74e8cd425e6,passed
regular-simd_omp-t16-static-r1-6000x6000.png,2026-09-18T17:19:57Z,6000x6000.png,6000,6000,Rotate_CW,1,16,static,,omp,no,unset,unset,hype2,12.2.0,-O3 -Wall -Wextra -std=c++17 -fopenmp -DOMP_EXPLICIT_SIMD=1,41.427448,dd5c83f3b3cee726,passed
regular-simd_omp-t16-static-r1-6000x6000.png,2026-09-18T17:19:57Z,6000x6000.png,6000,6000,Rotate_CCW,1,16,static,,omp,no,unset,unset,hype2,12.2.0,-O3 -Wall -Wextra -std=c++17 -fopenmp -DOMP_EXPLICIT_SIMD=1,42.736274,51196bd3ed2b4ba4,passed
regular-simd_omp-t16-static-r1-6000x6000.png,2026-09-18T17:19:57Z,6000x6000.png,6000,6000,Gaussian_3x3,1,16,static,,omp,yes,unset,unset,hype2,12.2.0,-O3 -Wall -Wextra -std=c++17 -fopenmp -DOMP_EXPLICIT_SIMD=1,102.304868,87566478e34b4f70,passed
regular-simd_omp-t16-static-r1-6000x6000.png,2026-09-18T17:19:58Z,6000x6000.png,6000,6000,Gaussian_5x5,1,16,static,,omp,yes,unset,unset,hype2,12.2.0,-O3 -Wall -Wextra -std=c++17 -fopenmp -DOMP_EXPLICIT_SIMD=1,182.564886,4b23a258f94a27f0,passed
regular-simd_omp-t16-static-r1-6000x6000.png,2026-09-18T17:19:58Z,6000x6000.png,6000,6000,Gaussian_7x7,1,16,static,,omp,yes,unset,unset,hype2,12.2.0,-O3 -Wall -Wextra -std=c++17 -fopenmp -DOMP_EXPLICIT_SIMD=1,311.659072,3771268fea0417e2,passed
regular-simd_omp-t16-static-r1-6000x6000.png,2026-09-18T17:19:59Z,6000x6000.png,6000,6000,Gaussian_9x9,1,16,static,,omp,yes,unset,unset,hype2,12.2.0,-O3 -Wall -Wextra -std=c++17 -fopenmp -DOMP_EXPLICIT_SIMD=1,482.459857,3f6b7f707a108bd5,passed
regular-simd_omp-t16-static-r1-6000x6000.png,2026-09-18T17:20:00Z,6000x6000.png,6000,6000,Gaussian_11x11,1,16,static,,omp,yes,unset,unset,hype2,12.2.0,-O3 -Wall -Wextra -std=c++17 -fopenmp -DOMP_EXPLICIT_SIMD=1,695.255059,c923a906c8989668,passed
regular-simd_off-t16-dynamicx1-r1-4000x3000.png,2026-09-18T17:20:00Z,4000x3000.png,4000,3000,Grayscale,1,16,dynamic,1,off,yes,unset,unset,hype2,12.2.0,-O3 -Wall -Wextra -std=c++17 -fopenmp -DOMP_EXPLICIT_SIMD=0 -fno-tree-vectorize,4.501413,00925fa85224b60c,passed
regular-simd_off-t16-dynamicx1-r1-4000x3000.png,2026-09-18T17:20:00Z,4000x3000.png,4000,3000,Flip_Horizontal,1,16,dynamic,1,off,no,unset,unset,hype2,12.2.0,-O3 -Wall -Wextra -std=c++17 -fopenmp -DOMP_EXPLICIT_SIMD=0 -fno-tree-vectorize,1.767544,45d5313341f5868e,passed
regular-simd_off-t16-dynamicx1-r1-4000x3000.png,2026-09-18T17:20:00Z,4000x3000.png,4000,3000,Adjust_Brightness,1,16,dynamic,1,off,yes,unset,unset,hype2,12.2.0,-O3 -Wall -Wextra -std=c++17 -fopenmp -DOMP_EXPLICIT_SIMD=0 -fno-tree-vectorize,4.913819,e488c03148da4f5b,passed
regular-simd_off-t16-dynamicx1-r1-4000x3000.png,2026-09-18T17:20:00Z,4000x3000.png,4000,3000,Flip_Vertical,1,16,dynamic,1,off,no,unset,unset,hype2,12.2.0,-O3 -Wall -Wextra -std=c++17 -fopenmp -DOMP_EXPLICIT_SIMD=0 -fno-tree-vectorize,1.787974,754d30e4e81eccfc,passed
regular-simd_off-t16-dynamicx1-r1-4000x3000.png,2026-09-18T17:20:00Z,4000x3000.png,4000,3000,Quantize,1,16,dynamic,1,off,yes,unset,unset,hype2,12.2.0,-O3 -Wall -Wextra -std=c++17 -fopenmp -DOMP_EXPLICIT_SIMD=0 -fno-tree-vectorize,15.558299,f01ef010a3fd2f20,passed
regular-simd_off-t16-dynamicx1-r1-4000x3000.png,2026-09-18T17:20:01Z,4000x3000.png,4000,3000,Adjust_Contrast,1,16,dynamic,1,off,yes,unset,unset,hype2,12.2.0,-O3 -Wall -Wextra -std=c++17 -fopenmp -DOMP_EXPLICIT_SIMD=0 -fno-tree-vectorize,7.163611,7cc9f4cee5c661bd,passed
regular-simd_off-t16-dynamicx1-r1-4000x3000.png,2026-09-18T17:20:01Z,4000x3000.png,4000,3000,Negative,1,16,dynamic,1,off,yes,unset,unset,hype2,12.2.0,-O3 -Wall -Wextra -std=c++17 -fopenmp -DOMP_EXPLICIT_SIMD=0 -fno-tree-vectorize,2.899370,043d4193294f2dcc,passed
regular-simd_off-t16-dynamicx1-r1-4000x3000.png,2026-09-18T17:20:01Z,4000x3000.png,4000,3000,Equalize_Histogram,1,16,dynamic,1,off,yes,unset,unset,hype2,12.2.0,-O3 -Wall -Wextra -std=c++17 -fopenmp -DOMP_EXPLICIT_SIMD=0 -fno-tree-vectorize,5.340609,243220feba4dd030,passed
regular-simd_off-t16-dynamicx1-r1-4000x3000.png,2026-09-18T17:20:01Z,4000x3000.png,4000,3000,Zoom_In,1,16,dynamic,1,off,yes,unset,unset,hype2,12.2.0,-O3 -Wall -Wextra -std=c++17 -fopenmp -DOMP_EXPLICIT_SIMD=0 -fno-tree-vectorize,28.699586,71b80276839f9533,passed
regular-simd_off-t16-dynamicx1-r1-4000x3000.png,2026-09-18T17:20:01Z,4000x3000.png,4000,3000,Zoom_Out,1,16,dynamic,1,off,no,unset,unset,hype2,12.2.0,-O3 -Wall -Wextra -std=c++17 -fopenmp -DOMP_EXPLICIT_SIMD=0 -fno-tree-vectorize,9.399072,a91f518a4f2dbd10,passed
regular-simd_off-t16-dynamicx1-r1-4000x3000.png,2026-09-18T17:20:01Z,4000x3000.png,4000,3000,Rotate_CW,1,16,dynamic,1,off,no,unset,unset,hype2,12.2.0,-O3 -Wall -Wextra -std=c++17 -fopenmp -DOMP_EXPLICIT_SIMD=0 -fno-tree-vectorize,25.977248,e0f27e61a205ef0a,passed
regular-simd_off-t16-dynamicx1-r1-4000x3000.png,2026-09-18T17:20:01Z,4000x3000.png,4000,3000,Rotate_CCW,1,16,dynamic,1,off,no,unset,unset,hype2,12.2.0,-O3 -Wall -Wextra -std=c++17 -fopenmp -DOMP_EXPLICIT_SIMD=0 -fno-tree-vectorize,26.304615,b4512f3b73b7723c,passed
regular-simd_off-t16-dynamicx1-r1-4000x3000.png,2026-09-18T17:20:01Z,4000x3000.png,4000,3000,Gaussian_3x3,1,16,dynamic,1,off,yes,unset,unset,hype2,12.2.0,-O3 -Wall -Wextra -std=c++17 -fopenmp -DOMP_EXPLICIT_SIMD=0 -fno-tree-vectorize,38.936216,bc1a93797b2afda7,passed
regular-simd_off-t16-dynamicx1-r1-4000x3000.png,2026-09-18T17:20:01Z,4000x3000.png,4000,3000,Gaussian_5x5,1,16,dynamic,1,off,yes,unset,unset,hype2,12.2.0,-O3 -Wall -Wextra -std=c++17 -fopenmp -DOMP_EXPLICIT_SIMD=0 -fno-tree-vectorize,64.516505,d67ccd9b6dbb62d8,passed
regular-simd_off-t16-dynamicx1-r1-4000x3000.png,2026-09-18T17:20:02Z,4000x3000.png,4000,3000,Gaussian_7x7,1,16,dynamic,1,off,yes,unset,unset,hype2,12.2.0,-O3 -Wall -Wextra -std=c++17 -fopenmp -DOMP_EXPLICIT_SIMD=0 -fno-tree-vectorize,105.790063,98f465f1820de349,passed
regular-simd_off-t16-dynamicx1-r1-4000x3000.png,2026-09-18T17:20:02Z,4000x3000.png,4000,3000,Gaussian_9x9,1,16,dynamic,1,off,yes,unset,unset,hype2,12.2.0,-O3 -Wall -Wextra -std=c++17 -fopenmp -DOMP_EXPLICIT_SIMD=0 -fno-tree-vectorize,160.711556,8f9bd96ceab3a369,passed
regular-simd_off-t16-dynamicx1-r1-4000x3000.png,2026-09-18T17:20:02Z,4000x3000.png,4000,3000,Gaussian_11x11,1,16,dynamic,1,off,yes,unset,unset,hype2,12.2.0,-O3 -Wall -Wextra -std=c++17 -fopenmp -DOMP_EXPLICIT_SIMD=0 -fno-tree-vectorize,230.231915,1e8adb9534bf99dc,passed
regular-simd_off-t16-dynamicx1-r1-6000x6000.png,2026-09-18T17:20:04Z,6000x6000.png,6000,6000,Grayscale,1,16,dynamic,1,off,yes,unset,unset,hype2,12.2.0,-O3 -Wall -Wextra -std=c++17 -fopenmp -DOMP_EXPLICIT_SIMD=0 -fno-tree-vectorize,11.564727,937793859b387046,passed
regular-simd_off-t16-dynamicx1-r1-6000x6000.png,2026-09-18T17:20:04Z,6000x6000.png,6000,6000,Flip_Horizontal,1,16,dynamic,1,off,no,unset,unset,hype2,12.2.0,-O3 -Wall -Wextra -std=c++17 -fopenmp -DOMP_EXPLICIT_SIMD=0 -fno-tree-vectorize,4.600230,3dfbc0e2f0b456c2,passed
regular-simd_off-t16-dynamicx1-r1-6000x6000.png,2026-09-18T17:20:04Z,6000x6000.png,6000,6000,Adjust_Brightness,1,16,dynamic,1,off,yes,unset,unset,hype2,12.2.0,-O3 -Wall -Wextra -std=c++17 -fopenmp -DOMP_EXPLICIT_SIMD=0 -fno-tree-vectorize,14.864876,5d4bea966648e7a7,passed
regular-simd_off-t16-dynamicx1-r1-6000x6000.png,2026-09-18T17:20:04Z,6000x6000.png,6000,6000,Flip_Vertical,1,16,dynamic,1,off,no,unset,unset,hype2,12.2.0,-O3 -Wall -Wextra -std=c++17 -fopenmp -DOMP_EXPLICIT_SIMD=0 -fno-tree-vectorize,4.549063,bd012cf684012198,passed
regular-simd_off-t16-dynamicx1-r1-6000x6000.png,2026-09-18T17:20:04Z,6000x6000.png,6000,6000,Quantize,1,16,dynamic,1,off,yes,unset,unset,hype2,12.2.0,-O3 -Wall -Wextra -std=c++17 -fopenmp -DOMP_EXPLICIT_SIMD=0 -fno-tree-vectorize,44.844497,b2e8843413e8e7a6,passed
regular-simd_off-t16-dynamicx1-r1-6000x6000.png,2026-09-18T17:20:05Z,6000x6000.png,6000,6000,Adjust_Contrast,1,16,dynamic,1,off,yes,unset,unset,hype2,12.2.0,-O3 -Wall -Wextra -std=c++17 -fopenmp -DOMP_EXPLICIT_SIMD=0 -fno-tree-vectorize,22.152724,c036bcbf5e6d6190,passed
regular-simd_off-t16-dynamicx1-r1-6000x6000.png,2026-09-18T17:20:05Z,6000x6000.png,6000,6000,Negative,1,16,dynamic,1,off,yes,unset,unset,hype2,12.2.0,-O3 -Wall -Wextra -std=c++17 -fopenmp -DOMP_EXPLICIT_SIMD=0 -fno-tree-vectorize,8.618735,0a497e94a83bbbc0,passed
regular-simd_off-t16-dynamicx1-r1-6000x6000.png,2026-09-18T17:20:05Z,6000x6000.png,6000,6000,Equalize_Histogram,1,16,dynamic,1,off,yes,unset,unset,hype2,12.2.0,-O3 -Wall -Wextra -std=c++17 -fopenmp -DOMP_EXPLICIT_SIMD=0 -fno-tree-vectorize,14.776233,5251e13888abb30f,passed
regular-simd_off-t16-dynamicx1-r1-6000x6000.png,2026-09-18T17:20:06Z,6000x6000.png,6000,6000,Zoom_In,1,16,dynamic,1,off,yes,unset,unset,hype2,12.2.0,-O3 -Wall -Wextra -std=c++17 -fopenmp -DOMP_EXPLICIT_SIMD=0 -fno-tree-vectorize,83.274966,4e063cbe88523a0e,passed
regular-simd_off-t16-dynamicx1-r1-6000x6000.png,2026-09-18T17:20:06Z,6000x6000.png,6000,6000,Zoom_Out,1,16,dynamic,1,off,no,unset,unset,hype2,12.2.0,-O3 -Wall -Wextra -std=c++17 -fopenmp -DOMP_EXPLICIT_SIMD=0 -fno-tree-vectorize,26.748130,8eace74e8cd425e6,passed
regular-simd_off-t16-dynamicx1-r1-6000x6000.png,2026-09-18T17:20:06Z,6000x6000.png,6000,6000,Rotate_CW,1,16,dynamic,1,off,no,unset,unset,hype2,12.2.0,-O3 -Wall -Wextra -std=c++17 -fopenmp -DOMP_EXPLICIT_SIMD=0 -fno-tree-vectorize,74.583896,dd5c83f3b3cee726,passed
regular-simd_off-t16-dynamicx1-r1-6000x6000.png,2026-09-18T17:20:06Z,6000x6000.png,6000,6000,Rotate_CCW,1,16,dynamic,1,off,no,unset,unset,hype2,12.2.0,-O3 -Wall -Wextra -std=c++17 -fopenmp -DOMP_EXPLICIT_SIMD=0 -fno-tree-vectorize,76.502785,51196bd3ed2b4ba4,passed
regular-simd_off-t16-dynamicx1-r1-6000x6000.png,2026-09-18T17:20:07Z,6000x6000.png,6000,6000,Gaussian_3x3,1,16,dynamic,1,off,yes,unset,unset,hype2,12.2.0,-O3 -Wall -Wextra -std=c++17 -fopenmp -DOMP_EXPLICIT_SIMD=0 -fno-tree-vectorize,115.809504,87566478e34b4f70,passed
regular-simd_off-t16-dynamicx1-r1-6000x6000.png,2026-09-18T17:20:07Z,6000x6000.png,6000,6000,Gaussian_5x5,1,16,dynamic,1,off,yes,unset,unset,hype2,12.2.0,-O3 -Wall -Wextra -std=c++17 -fopenmp -DOMP_EXPLICIT_SIMD=0 -fno-tree-vectorize,190.050246,4b23a258f94a27f0,passed
regular-simd_off-t16-dynamicx1-r1-6000x6000.png,2026-09-18T17:20:08Z,6000x6000.png,6000,6000,Gaussian_7x7,1,16,dynamic,1,off,yes,unset,unset,hype2,12.2.0,-O3 -Wall -Wextra -std=c++17 -fopenmp -DOMP_EXPLICIT_SIMD=0 -fno-tree-vectorize,315.140699,3771268fea0417e2,passed
regular-simd_off-t16-dynamicx1-r1-6000x6000.png,2026-09-18T17:20:08Z,6000x6000.png,6000,6000,Gaussian_9x9,1,16,dynamic,1,off,yes,unset,unset,hype2,12.2.0,-O3 -Wall -Wextra -std=c++17 -fopenmp -DOMP_EXPLICIT_SIMD=0 -fno-tree-vectorize,484.104248,3f6b7f707a108bd5,passed
regular-simd_off-t16-dynamicx1-r1-6000x6000.png,2026-09-18T17:20:09Z,6000x6000.png,6000,6000,Gaussian_11x11,1,16,dynamic,1,off,yes,unset,unset,hype2,12.2.0,-O3 -Wall -Wextra -std=c++17 -fopenmp -DOMP_EXPLICIT_SIMD=0 -fno-tree-vectorize,693.774827,c923a906c8989668,passed
regular-simd_omp-t16-dynamicx1-r1-4000x3000.png,2026-09-18T17:20:10Z,4000x3000.png,4000,3000,Grayscale,1,16,dynamic,1,omp,yes,unset,unset,hype2,12.2.0,-O3 -Wall -Wextra -std=c++17 -fopenmp -DOMP_EXPLICIT_SIMD=1,4.625690,00925fa85224b60c,passed
regular-simd_omp-t16-dynamicx1-r1-4000x3000.png,2026-09-18T17:20:10Z,4000x3000.png,4000,3000,Flip_Horizontal,1,16,dynamic,1,omp,no,unset,unset,hype2,12.2.0,-O3 -Wall -Wextra -std=c++17 -fopenmp -DOMP_EXPLICIT_SIMD=1,1.633297,45d5313341f5868e,passed
regular-simd_omp-t16-dynamicx1-r1-4000x3000.png,2026-09-18T17:20:10Z,4000x3000.png,4000,3000,Adjust_Brightness,1,16,dynamic,1,omp,yes,unset,unset,hype2,12.2.0,-O3 -Wall -Wextra -std=c++17 -fopenmp -DOMP_EXPLICIT_SIMD=1,5.035266,e488c03148da4f5b,passed
regular-simd_omp-t16-dynamicx1-r1-4000x3000.png,2026-09-18T17:20:10Z,4000x3000.png,4000,3000,Flip_Vertical,1,16,dynamic,1,omp,no,unset,unset,hype2,12.2.0,-O3 -Wall -Wextra -std=c++17 -fopenmp -DOMP_EXPLICIT_SIMD=1,1.819237,754d30e4e81eccfc,passed
regular-simd_omp-t16-dynamicx1-r1-4000x3000.png,2026-09-18T17:20:10Z,4000x3000.png,4000,3000,Quantize,1,16,dynamic,1,omp,yes,unset,unset,hype2,12.2.0,-O3 -Wall -Wextra -std=c++17 -fopenmp -DOMP_EXPLICIT_SIMD=1,15.894032,f01ef010a3fd2f20,passed
regular-simd_omp-t16-dynamicx1-r1-4000x3000.png,2026-09-18T17:20:10Z,4000x3000.png,4000,3000,Adjust_Contrast,1,16,dynamic,1,omp,yes,unset,unset,hype2,12.2.0,-O3 -Wall -Wextra -std=c++17 -fopenmp -DOMP_EXPLICIT_SIMD=1,7.167722,7cc9f4cee5c661bd,passed
regular-simd_omp-t16-dynamicx1-r1-4000x3000.png,2026-09-18T17:20:10Z,4000x3000.png,4000,3000,Negative,1,16,dynamic,1,omp,yes,unset,unset,hype2,12.2.0,-O3 -Wall -Wextra -std=c++17 -fopenmp -DOMP_EXPLICIT_SIMD=1,2.870127,043d4193294f2dcc,passed
regular-simd_omp-t16-dynamicx1-r1-4000x3000.png,2026-09-18T17:20:10Z,4000x3000.png,4000,3000,Equalize_Histogram,1,16,dynamic,1,omp,yes,unset,unset,hype2,12.2.0,-O3 -Wall -Wextra -std=c++17 -fopenmp -DOMP_EXPLICIT_SIMD=1,5.481192,243220feba4dd030,passed
regular-simd_omp-t16-dynamicx1-r1-4000x3000.png,2026-09-18T17:20:10Z,4000x3000.png,4000,3000,Zoom_In,1,16,dynamic,1,omp,yes,unset,unset,hype2,12.2.0,-O3 -Wall -Wextra -std=c++17 -fopenmp -DOMP_EXPLICIT_SIMD=1,29.010176,71b80276839f9533,passed
regular-simd_omp-t16-dynamicx1-r1-4000x3000.png,2026-09-18T17:20:11Z,4000x3000.png,4000,3000,Zoom_Out,1,16,dynamic,1,omp,no,unset,unset,hype2,12.2.0,-O3 -Wall -Wextra -std=c++17 -fopenmp -DOMP_EXPLICIT_SIMD=1,9.721660,a91f518a4f2dbd10,passed
regular-simd_omp-t16-dynamicx1-r1-4000x3000.png,2026-09-18T17:20:11Z,4000x3000.png,4000,3000,Rotate_CW,1,16,dynamic,1,omp,no,unset,unset,hype2,12.2.0,-O3 -Wall -Wextra -std=c++17 -fopenmp -DOMP_EXPLICIT_SIMD=1,25.234551,e0f27e61a205ef0a,passed
regular-simd_omp-t16-dynamicx1-r1-4000x3000.png,2026-09-18T17:20:11Z,4000x3000.png,4000,3000,Rotate_CCW,1,16,dynamic,1,omp,no,unset,unset,hype2,12.2.0,-O3 -Wall -Wextra -std=c++17 -fopenmp -DOMP_EXPLICIT_SIMD=1,26.593172,b4512f3b73b7723c,passed
regular-simd_omp-t16-dynamicx1-r1-4000x3000.png,2026-09-18T17:20:11Z,4000x3000.png,4000,3000,Gaussian_3x3,1,16,dynamic,1,omp,yes,unset,unset,hype2,12.2.0,-O3 -Wall -Wextra -std=c++17 -fopenmp -DOMP_EXPLICIT_SIMD=1,38.675957,bc1a93797b2afda7,passed
regular-simd_omp-t16-dynamicx1-r1-4000x3000.png,2026-09-18T17:20:11Z,4000x3000.png,4000,3000,Gaussian_5x5,1,16,dynamic,1,omp,yes,unset,unset,hype2,12.2.0,-O3 -Wall -Wextra -std=c++17 -fopenmp -DOMP_EXPLICIT_SIMD=1,64.943583,d67ccd9b6dbb62d8,passed
regular-simd_omp-t16-dynamicx1-r1-4000x3000.png,2026-09-18T17:20:11Z,4000x3000.png,4000,3000,Gaussian_7x7,1,16,dynamic,1,omp,yes,unset,unset,hype2,12.2.0,-O3 -Wall -Wextra -std=c++17 -fopenmp -DOMP_EXPLICIT_SIMD=1,107.031304,98f465f1820de349,passed
regular-simd_omp-t16-dynamicx1-r1-4000x3000.png,2026-09-18T17:20:11Z,4000x3000.png,4000,3000,Gaussian_9x9,1,16,dynamic,1,omp,yes,unset,unset,hype2,12.2.0,-O3 -Wall -Wextra -std=c++17 -fopenmp -DOMP_EXPLICIT_SIMD=1,161.974777,8f9bd96ceab3a369,passed
regular-simd_omp-t16-dynamicx1-r1-4000x3000.png,2026-09-18T17:20:12Z,4000x3000.png,4000,3000,Gaussian_11x11,1,16,dynamic,1,omp,yes,unset,unset,hype2,12.2.0,-O3 -Wall -Wextra -std=c++17 -fopenmp -DOMP_EXPLICIT_SIMD=1,230.686311,1e8adb9534bf99dc,passed
regular-simd_omp-t16-dynamicx1-r1-6000x6000.png,2026-09-18T17:20:13Z,6000x6000.png,6000,6000,Grayscale,1,16,dynamic,1,omp,yes,unset,unset,hype2,12.2.0,-O3 -Wall -Wextra -std=c++17 -fopenmp -DOMP_EXPLICIT_SIMD=1,11.894454,937793859b387046,passed
regular-simd_omp-t16-dynamicx1-r1-6000x6000.png,2026-09-18T17:20:13Z,6000x6000.png,6000,6000,Flip_Horizontal,1,16,dynamic,1,omp,no,unset,unset,hype2,12.2.0,-O3 -Wall -Wextra -std=c++17 -fopenmp -DOMP_EXPLICIT_SIMD=1,4.590652,3dfbc0e2f0b456c2,passed
regular-simd_omp-t16-dynamicx1-r1-6000x6000.png,2026-09-18T17:20:14Z,6000x6000.png,6000,6000,Adjust_Brightness,1,16,dynamic,1,omp,yes,unset,unset,hype2,12.2.0,-O3 -Wall -Wextra -std=c++17 -fopenmp -DOMP_EXPLICIT_SIMD=1,14.611620,5d4bea966648e7a7,passed
regular-simd_omp-t16-dynamicx1-r1-6000x6000.png,2026-09-18T17:20:14Z,6000x6000.png,6000,6000,Flip_Vertical,1,16,dynamic,1,omp,no,unset,unset,hype2,12.2.0,-O3 -Wall -Wextra -std=c++17 -fopenmp -DOMP_EXPLICIT_SIMD=1,4.321493,bd012cf684012198,passed
regular-simd_omp-t16-dynamicx1-r1-6000x6000.png,2026-09-18T17:20:14Z,6000x6000.png,6000,6000,Quantize,1,16,dynamic,1,omp,yes,unset,unset,hype2,12.2.0,-O3 -Wall -Wextra -std=c++17 -fopenmp -DOMP_EXPLICIT_SIMD=1,43.304339,b2e8843413e8e7a6,passed
regular-simd_omp-t16-dynamicx1-r1-6000x6000.png,2026-09-18T17:20:14Z,6000x6000.png,6000,6000,Adjust_Contrast,1,16,dynamic,1,omp,yes,unset,unset,hype2,12.2.0,-O3 -Wall -Wextra -std=c++17 -fopenmp -DOMP_EXPLICIT_SIMD=1,21.050669,c036bcbf5e6d6190,passed
regular-simd_omp-t16-dynamicx1-r1-6000x6000.png,2026-09-18T17:20:14Z,6000x6000.png,6000,6000,Negative,1,16,dynamic,1,omp,yes,unset,unset,hype2,12.2.0,-O3 -Wall -Wextra -std=c++17 -fopenmp -DOMP_EXPLICIT_SIMD=1,8.086722,0a497e94a83bbbc0,passed
regular-simd_omp-t16-dynamicx1-r1-6000x6000.png,2026-09-18T17:20:15Z,6000x6000.png,6000,6000,Equalize_Histogram,1,16,dynamic,1,omp,yes,unset,unset,hype2,12.2.0,-O3 -Wall -Wextra -std=c++17 -fopenmp -DOMP_EXPLICIT_SIMD=1,14.402412,5251e13888abb30f,passed
regular-simd_omp-t16-dynamicx1-r1-6000x6000.png,2026-09-18T17:20:15Z,6000x6000.png,6000,6000,Zoom_In,1,16,dynamic,1,omp,yes,unset,unset,hype2,12.2.0,-O3 -Wall -Wextra -std=c++17 -fopenmp -DOMP_EXPLICIT_SIMD=1,81.729114,4e063cbe88523a0e,passed
regular-simd_omp-t16-dynamicx1-r1-6000x6000.png,2026-09-18T17:20:15Z,6000x6000.png,6000,6000,Zoom_Out,1,16,dynamic,1,omp,no,unset,unset,hype2,12.2.0,-O3 -Wall -Wextra -std=c++17 -fopenmp -DOMP_EXPLICIT_SIMD=1,27.044407,8eace74e8cd425e6,passed
regular-simd_omp-t16-dynamicx1-r1-6000x6000.png,2026-09-18T17:20:16Z,6000x6000.png,6000,6000,Rotate_CW,1,16,dynamic,1,omp,no,unset,unset,hype2,12.2.0,-O3 -Wall -Wextra -std=c++17 -fopenmp -DOMP_EXPLICIT_SIMD=1,73.522268,dd5c83f3b3cee726,passed
regular-simd_omp-t16-dynamicx1-r1-6000x6000.png,2026-09-18T17:20:16Z,6000x6000.png,6000,6000,Rotate_CCW,1,16,dynamic,1,omp,no,unset,unset,hype2,12.2.0,-O3 -Wall -Wextra -std=c++17 -fopenmp -DOMP_EXPLICIT_SIMD=1,74.458506,51196bd3ed2b4ba4,passed
regular-simd_omp-t16-dynamicx1-r1-6000x6000.png,2026-09-18T17:20:16Z,6000x6000.png,6000,6000,Gaussian_3x3,1,16,dynamic,1,omp,yes,unset,unset,hype2,12.2.0,-O3 -Wall -Wextra -std=c++17 -fopenmp -DOMP_EXPLICIT_SIMD=1,114.055671,87566478e34b4f70,passed
regular-simd_omp-t16-dynamicx1-r1-6000x6000.png,2026-09-18T17:20:17Z,6000x6000.png,6000,6000,Gaussian_5x5,1,16,dynamic,1,omp,yes,unset,unset,hype2,12.2.0,-O3 -Wall -Wextra -std=c++17 -fopenmp -DOMP_EXPLICIT_SIMD=1,190.488491,4b23a258f94a27f0,passed
regular-simd_omp-t16-dynamicx1-r1-6000x6000.png,2026-09-18T17:20:17Z,6000x6000.png,6000,6000,Gaussian_7x7,1,16,dynamic,1,omp,yes,unset,unset,hype2,12.2.0,-O3 -Wall -Wextra -std=c++17 -fopenmp -DOMP_EXPLICIT_SIMD=1,316.532813,3771268fea0417e2,passed
regular-simd_omp-t16-dynamicx1-r1-6000x6000.png,2026-09-18T17:20:18Z,6000x6000.png,6000,6000,Gaussian_9x9,1,16,dynamic,1,omp,yes,unset,unset,hype2,12.2.0,-O3 -Wall -Wextra -std=c++17 -fopenmp -DOMP_EXPLICIT_SIMD=1,486.086007,3f6b7f707a108bd5,passed
regular-simd_omp-t16-dynamicx1-r1-6000x6000.png,2026-09-18T17:20:19Z,6000x6000.png,6000,6000,Gaussian_11x11,1,16,dynamic,1,omp,yes,unset,unset,hype2,12.2.0,-O3 -Wall -Wextra -std=c++17 -fopenmp -DOMP_EXPLICIT_SIMD=1,693.421500,c923a906c8989668,passed
regular-simd_off-t16-dynamicx16-r1-4000x3000.png,2026-09-18T17:20:19Z,4000x3000.png,4000,3000,Grayscale,1,16,dynamic,16,off,yes,unset,unset,hype2,12.2.0,-O3 -Wall -Wextra -std=c++17 -fopenmp -DOMP_EXPLICIT_SIMD=0 -fno-tree-vectorize,4.386826,00925fa85224b60c,passed
regular-simd_off-t16-dynamicx16-r1-4000x3000.png,2026-09-18T17:20:19Z,4000x3000.png,4000,3000,Flip_Horizontal,1,16,dynamic,16,off,no,unset,unset,hype2,12.2.0,-O3 -Wall -Wextra -std=c++17 -fopenmp -DOMP_EXPLICIT_SIMD=0 -fno-tree-vectorize,1.677570,45d5313341f5868e,passed
regular-simd_off-t16-dynamicx16-r1-4000x3000.png,2026-09-18T17:20:19Z,4000x3000.png,4000,3000,Adjust_Brightness,1,16,dynamic,16,off,yes,unset,unset,hype2,12.2.0,-O3 -Wall -Wextra -std=c++17 -fopenmp -DOMP_EXPLICIT_SIMD=0 -fno-tree-vectorize,4.885559,e488c03148da4f5b,passed
regular-simd_off-t16-dynamicx16-r1-4000x3000.png,2026-09-18T17:20:20Z,4000x3000.png,4000,3000,Flip_Vertical,1,16,dynamic,16,off,no,unset,unset,hype2,12.2.0,-O3 -Wall -Wextra -std=c++17 -fopenmp -DOMP_EXPLICIT_SIMD=0 -fno-tree-vectorize,1.286291,754d30e4e81eccfc,passed
regular-simd_off-t16-dynamicx16-r1-4000x3000.png,2026-09-18T17:20:20Z,4000x3000.png,4000,3000,Quantize,1,16,dynamic,16,off,yes,unset,unset,hype2,12.2.0,-O3 -Wall -Wextra -std=c++17 -fopenmp -DOMP_EXPLICIT_SIMD=0 -fno-tree-vectorize,15.714768,f01ef010a3fd2f20,passed
regular-simd_off-t16-dynamicx16-r1-4000x3000.png,2026-09-18T17:20:20Z,4000x3000.png,4000,3000,Adjust_Contrast,1,16,dynamic,16,off,yes,unset,unset,hype2,12.2.0,-O3 -Wall -Wextra -std=c++17 -fopenmp -DOMP_EXPLICIT_SIMD=0 -fno-tree-vectorize,7.145596,7cc9f4cee5c661bd,passed
regular-simd_off-t16-dynamicx16-r1-4000x3000.png,2026-09-18T17:20:20Z,4000x3000.png,4000,3000,Negative,1,16,dynamic,16,off,yes,unset,unset,hype2,12.2.0,-O3 -Wall -Wextra -std=c++17 -fopenmp -DOMP_EXPLICIT_SIMD=0 -fno-tree-vectorize,2.879865,043d4193294f2dcc,passed
regular-simd_off-t16-dynamicx16-r1-4000x3000.png,2026-09-18T17:20:20Z,4000x3000.png,4000,3000,Equalize_Histogram,1,16,dynamic,16,off,yes,unset,unset,hype2,12.2.0,-O3 -Wall -Wextra -std=c++17 -fopenmp -DOMP_EXPLICIT_SIMD=0 -fno-tree-vectorize,5.753289,243220feba4dd030,passed
regular-simd_off-t16-dynamicx16-r1-4000x3000.png,2026-09-18T17:20:20Z,4000x3000.png,4000,3000,Zoom_In,1,16,dynamic,16,off,yes,unset,unset,hype2,12.2.0,-O3 -Wall -Wextra -std=c++17 -fopenmp -DOMP_EXPLICIT_SIMD=0 -fno-tree-vectorize,14.010600,71b80276839f9533,passed
regular-simd_off-t16-dynamicx16-r1-4000x3000.png,2026-09-18T17:20:20Z,4000x3000.png,4000,3000,Zoom_Out,1,16,dynamic,16,off,no,unset,unset,hype2,12.2.0,-O3 -Wall -Wextra -std=c++17 -fopenmp -DOMP_EXPLICIT_SIMD=0 -fno-tree-vectorize,8.993602,a91f518a4f2dbd10,passed
regular-simd_off-t16-dynamicx16-r1-4000x3000.png,2026-09-18T17:20:20Z,4000x3000.png,4000,3000,Rotate_CW,1,16,dynamic,16,off,no,unset,unset,hype2,12.2.0,-O3 -Wall -Wextra -std=c++17 -fopenmp -DOMP_EXPLICIT_SIMD=0 -fno-tree-vectorize,15.107554,e0f27e61a205ef0a,passed
regular-simd_off-t16-dynamicx16-r1-4000x3000.png,2026-09-18T17:20:20Z,4000x3000.png,4000,3000,Rotate_CCW,1,16,dynamic,16,off,no,unset,unset,hype2,12.2.0,-O3 -Wall -Wextra -std=c++17 -fopenmp -DOMP_EXPLICIT_SIMD=0 -fno-tree-vectorize,14.887810,b4512f3b73b7723c,passed
regular-simd_off-t16-dynamicx16-r1-4000x3000.png,2026-09-18T17:20:20Z,4000x3000.png,4000,3000,Gaussian_3x3,1,16,dynamic,16,off,yes,unset,unset,hype2,12.2.0,-O3 -Wall -Wextra -std=c++17 -fopenmp -DOMP_EXPLICIT_SIMD=0 -fno-tree-vectorize,36.601144,bc1a93797b2afda7,passed
regular-simd_off-t16-dynamicx16-r1-4000x3000.png,2026-09-18T17:20:20Z,4000x3000.png,4000,3000,Gaussian_5x5,1,16,dynamic,16,off,yes,unset,unset,hype2,12.2.0,-O3 -Wall -Wextra -std=c++17 -fopenmp -DOMP_EXPLICIT_SIMD=0 -fno-tree-vectorize,63.279502,d67ccd9b6dbb62d8,passed
regular-simd_off-t16-dynamicx16-r1-4000x3000.png,2026-09-18T17:20:21Z,4000x3000.png,4000,3000,Gaussian_7x7,1,16,dynamic,16,off,yes,unset,unset,hype2,12.2.0,-O3 -Wall -Wextra -std=c++17 -fopenmp -DOMP_EXPLICIT_SIMD=0 -fno-tree-vectorize,107.089102,98f465f1820de349,passed
regular-simd_off-t16-dynamicx16-r1-4000x3000.png,2026-09-18T17:20:21Z,4000x3000.png,4000,3000,Gaussian_9x9,1,16,dynamic,16,off,yes,unset,unset,hype2,12.2.0,-O3 -Wall -Wextra -std=c++17 -fopenmp -DOMP_EXPLICIT_SIMD=0 -fno-tree-vectorize,165.001915,8f9bd96ceab3a369,passed
regular-simd_off-t16-dynamicx16-r1-4000x3000.png,2026-09-18T17:20:21Z,4000x3000.png,4000,3000,Gaussian_11x11,1,16,dynamic,16,off,yes,unset,unset,hype2,12.2.0,-O3 -Wall -Wextra -std=c++17 -fopenmp -DOMP_EXPLICIT_SIMD=0 -fno-tree-vectorize,236.473172,1e8adb9534bf99dc,passed
regular-simd_off-t16-dynamicx16-r1-6000x6000.png,2026-09-18T17:20:23Z,6000x6000.png,6000,6000,Grayscale,1,16,dynamic,16,off,yes,unset,unset,hype2,12.2.0,-O3 -Wall -Wextra -std=c++17 -fopenmp -DOMP_EXPLICIT_SIMD=0 -fno-tree-vectorize,11.711133,937793859b387046,passed
regular-simd_off-t16-dynamicx16-r1-6000x6000.png,2026-09-18T17:20:23Z,6000x6000.png,6000,6000,Flip_Horizontal,1,16,dynamic,16,off,no,unset,unset,hype2,12.2.0,-O3 -Wall -Wextra -std=c++17 -fopenmp -DOMP_EXPLICIT_SIMD=0 -fno-tree-vectorize,4.803402,3dfbc0e2f0b456c2,passed
regular-simd_off-t16-dynamicx16-r1-6000x6000.png,2026-09-18T17:20:23Z,6000x6000.png,6000,6000,Adjust_Brightness,1,16,dynamic,16,off,yes,unset,unset,hype2,12.2.0,-O3 -Wall -Wextra -std=c++17 -fopenmp -DOMP_EXPLICIT_SIMD=0 -fno-tree-vectorize,14.291579,5d4bea966648e7a7,passed
regular-simd_off-t16-dynamicx16-r1-6000x6000.png,2026-09-18T17:20:23Z,6000x6000.png,6000,6000,Flip_Vertical,1,16,dynamic,16,off,no,unset,unset,hype2,12.2.0,-O3 -Wall -Wextra -std=c++17 -fopenmp -DOMP_EXPLICIT_SIMD=0 -fno-tree-vectorize,4.396917,bd012cf684012198,passed
regular-simd_off-t16-dynamicx16-r1-6000x6000.png,2026-09-18T17:20:24Z,6000x6000.png,6000,6000,Quantize,1,16,dynamic,16,off,yes,unset,unset,hype2,12.2.0,-O3 -Wall -Wextra -std=c++17 -fopenmp -DOMP_EXPLICIT_SIMD=0 -fno-tree-vectorize,43.077836,b2e8843413e8e7a6,passed
regular-simd_off-t16-dynamicx16-r1-6000x6000.png,2026-09-18T17:20:24Z,6000x6000.png,6000,6000,Adjust_Contrast,1,16,dynamic,16,off,yes,unset,unset,hype2,12.2.0,-O3 -Wall -Wextra -std=c++17 -fopenmp -DOMP_EXPLICIT_SIMD=0 -fno-tree-vectorize,21.195945,c036bcbf5e6d6190,passed
regular-simd_off-t16-dynamicx16-r1-6000x6000.png,2026-09-18T17:20:24Z,6000x6000.png,6000,6000,Negative,1,16,dynamic,16,off,yes,unset,unset,hype2,12.2.0,-O3 -Wall -Wextra -std=c++17 -fopenmp -DOMP_EXPLICIT_SIMD=0 -fno-tree-vectorize,8.195915,0a497e94a83bbbc0,passed
regular-simd_off-t16-dynamicx16-r1-6000x6000.png,2026-09-18T17:20:24Z,6000x6000.png,6000,6000,Equalize_Histogram,1,16,dynamic,16,off,yes,unset,unset,hype2,12.2.0,-O3 -Wall -Wextra -std=c++17 -fopenmp -DOMP_EXPLICIT_SIMD=0 -fno-tree-vectorize,14.710027,5251e13888abb30f,passed
regular-simd_off-t16-dynamicx16-r1-6000x6000.png,2026-09-18T17:20:25Z,6000x6000.png,6000,6000,Zoom_In,1,16,dynamic,16,off,yes,unset,unset,hype2,12.2.0,-O3 -Wall -Wextra -std=c++17 -fopenmp -DOMP_EXPLICIT_SIMD=0 -fno-tree-vectorize,34.387136,4e063cbe88523a0e,passed
regular-simd_off-t16-dynamicx16-r1-6000x6000.png,2026-09-18T17:20:25Z,6000x6000.png,6000,6000,Zoom_Out,1,16,dynamic,16,off,no,unset,unset,hype2,12.2.0,-O3 -Wall -Wextra -std=c++17 -fopenmp -DOMP_EXPLICIT_SIMD=0 -fno-tree-vectorize,23.594745,8eace74e8cd425e6,passed
regular-simd_off-t16-dynamicx16-r1-6000x6000.png,2026-09-18T17:20:25Z,6000x6000.png,6000,6000,Rotate_CW,1,16,dynamic,16,off,no,unset,unset,hype2,12.2.0,-O3 -Wall -Wextra -std=c++17 -fopenmp -DOMP_EXPLICIT_SIMD=0 -fno-tree-vectorize,44.177430,dd5c83f3b3cee726,passed
regular-simd_off-t16-dynamicx16-r1-6000x6000.png,2026-09-18T17:20:25Z,6000x6000.png,6000,6000,Rotate_CCW,1,16,dynamic,16,off,no,unset,unset,hype2,12.2.0,-O3 -Wall -Wextra -std=c++17 -fopenmp -DOMP_EXPLICIT_SIMD=0 -fno-tree-vectorize,44.621768,51196bd3ed2b4ba4,passed
regular-simd_off-t16-dynamicx16-r1-6000x6000.png,2026-09-18T17:20:26Z,6000x6000.png,6000,6000,Gaussian_3x3,1,16,dynamic,16,off,yes,unset,unset,hype2,12.2.0,-O3 -Wall -Wextra -std=c++17 -fopenmp -DOMP_EXPLICIT_SIMD=0 -fno-tree-vectorize,105.924605,87566478e34b4f70,passed
regular-simd_off-t16-dynamicx16-r1-6000x6000.png,2026-09-18T17:20:26Z,6000x6000.png,6000,6000,Gaussian_5x5,1,16,dynamic,16,off,yes,unset,unset,hype2,12.2.0,-O3 -Wall -Wextra -std=c++17 -fopenmp -DOMP_EXPLICIT_SIMD=0 -fno-tree-vectorize,185.617695,4b23a258f94a27f0,passed
regular-simd_off-t16-dynamicx16-r1-6000x6000.png,2026-09-18T17:20:27Z,6000x6000.png,6000,6000,Gaussian_7x7,1,16,dynamic,16,off,yes,unset,unset,hype2,12.2.0,-O3 -Wall -Wextra -std=c++17 -fopenmp -DOMP_EXPLICIT_SIMD=0 -fno-tree-vectorize,317.894759,3771268fea0417e2,passed
regular-simd_off-t16-dynamicx16-r1-6000x6000.png,2026-09-18T17:20:27Z,6000x6000.png,6000,6000,Gaussian_9x9,1,16,dynamic,16,off,yes,unset,unset,hype2,12.2.0,-O3 -Wall -Wextra -std=c++17 -fopenmp -DOMP_EXPLICIT_SIMD=0 -fno-tree-vectorize,491.448478,3f6b7f707a108bd5,passed
regular-simd_off-t16-dynamicx16-r1-6000x6000.png,2026-09-18T17:20:28Z,6000x6000.png,6000,6000,Gaussian_11x11,1,16,dynamic,16,off,yes,unset,unset,hype2,12.2.0,-O3 -Wall -Wextra -std=c++17 -fopenmp -DOMP_EXPLICIT_SIMD=0 -fno-tree-vectorize,706.087896,c923a906c8989668,passed
regular-simd_omp-t16-dynamicx16-r1-4000x3000.png,2026-09-18T17:20:29Z,4000x3000.png,4000,3000,Grayscale,1,16,dynamic,16,omp,yes,unset,unset,hype2,12.2.0,-O3 -Wall -Wextra -std=c++17 -fopenmp -DOMP_EXPLICIT_SIMD=1,4.618886,00925fa85224b60c,passed
regular-simd_omp-t16-dynamicx16-r1-4000x3000.png,2026-09-18T17:20:29Z,4000x3000.png,4000,3000,Flip_Horizontal,1,16,dynamic,16,omp,no,unset,unset,hype2,12.2.0,-O3 -Wall -Wextra -std=c++17 -fopenmp -DOMP_EXPLICIT_SIMD=1,1.881061,45d5313341f5868e,passed
regular-simd_omp-t16-dynamicx16-r1-4000x3000.png,2026-09-18T17:20:29Z,4000x3000.png,4000,3000,Adjust_Brightness,1,16,dynamic,16,omp,yes,unset,unset,hype2,12.2.0,-O3 -Wall -Wextra -std=c++17 -fopenmp -DOMP_EXPLICIT_SIMD=1,5.192865,e488c03148da4f5b,passed
regular-simd_omp-t16-dynamicx16-r1-4000x3000.png,2026-09-18T17:20:29Z,4000x3000.png,4000,3000,Flip_Vertical,1,16,dynamic,16,omp,no,unset,unset,hype2,12.2.0,-O3 -Wall -Wextra -std=c++17 -fopenmp -DOMP_EXPLICIT_SIMD=1,1.242007,754d30e4e81eccfc,passed
regular-simd_omp-t16-dynamicx16-r1-4000x3000.png,2026-09-18T17:20:29Z,4000x3000.png,4000,3000,Quantize,1,16,dynamic,16,omp,yes,unset,unset,hype2,12.2.0,-O3 -Wall -Wextra -std=c++17 -fopenmp -DOMP_EXPLICIT_SIMD=1,16.037916,f01ef010a3fd2f20,passed
regular-simd_omp-t16-dynamicx16-r1-4000x3000.png,2026-09-18T17:20:29Z,4000x3000.png,4000,3000,Adjust_Contrast,1,16,dynamic,16,omp,yes,unset,unset,hype2,12.2.0,-O3 -Wall -Wextra -std=c++17 -fopenmp -DOMP_EXPLICIT_SIMD=1,7.428623,7cc9f4cee5c661bd,passed
regular-simd_omp-t16-dynamicx16-r1-4000x3000.png,2026-09-18T17:20:29Z,4000x3000.png,4000,3000,Negative,1,16,dynamic,16,omp,yes,unset,unset,hype2,12.2.0,-O3 -Wall -Wextra -std=c++17 -fopenmp -DOMP_EXPLICIT_SIMD=1,2.915088,043d4193294f2dcc,passed
regular-simd_omp-t16-dynamicx16-r1-4000x3000.png,2026-09-18T17:20:29Z,4000x3000.png,4000,3000,Equalize_Histogram,1,16,dynamic,16,omp,yes,unset,unset,hype2,12.2.0,-O3 -Wall -Wextra -std=c++17 -fopenmp -DOMP_EXPLICIT_SIMD=1,5.497617,243220feba4dd030,passed
regular-simd_omp-t16-dynamicx16-r1-4000x3000.png,2026-09-18T17:20:29Z,4000x3000.png,4000,3000,Zoom_In,1,16,dynamic,16,omp,yes,unset,unset,hype2,12.2.0,-O3 -Wall -Wextra -std=c++17 -fopenmp -DOMP_EXPLICIT_SIMD=1,13.512786,71b80276839f9533,passed
regular-simd_omp-t16-dynamicx16-r1-4000x3000.png,2026-09-18T17:20:30Z,4000x3000.png,4000,3000,Zoom_Out,1,16,dynamic,16,omp,no,unset,unset,hype2,12.2.0,-O3 -Wall -Wextra -std=c++17 -fopenmp -DOMP_EXPLICIT_SIMD=1,9.431427,a91f518a4f2dbd10,passed
regular-simd_omp-t16-dynamicx16-r1-4000x3000.png,2026-09-18T17:20:30Z,4000x3000.png,4000,3000,Rotate_CW,1,16,dynamic,16,omp,no,unset,unset,hype2,12.2.0,-O3 -Wall -Wextra -std=c++17 -fopenmp -DOMP_EXPLICIT_SIMD=1,15.551456,e0f27e61a205ef0a,passed
regular-simd_omp-t16-dynamicx16-r1-4000x3000.png,2026-09-18T17:20:30Z,4000x3000.png,4000,3000,Rotate_CCW,1,16,dynamic,16,omp,no,unset,unset,hype2,12.2.0,-O3 -Wall -Wextra -std=c++17 -fopenmp -DOMP_EXPLICIT_SIMD=1,15.250375,b4512f3b73b7723c,passed
regular-simd_omp-t16-dynamicx16-r1-4000x3000.png,2026-09-18T17:20:30Z,4000x3000.png,4000,3000,Gaussian_3x3,1,16,dynamic,16,omp,yes,unset,unset,hype2,12.2.0,-O3 -Wall -Wextra -std=c++17 -fopenmp -DOMP_EXPLICIT_SIMD=1,36.145819,bc1a93797b2afda7,passed
regular-simd_omp-t16-dynamicx16-r1-4000x3000.png,2026-09-18T17:20:30Z,4000x3000.png,4000,3000,Gaussian_5x5,1,16,dynamic,16,omp,yes,unset,unset,hype2,12.2.0,-O3 -Wall -Wextra -std=c++17 -fopenmp -DOMP_EXPLICIT_SIMD=1,63.358009,d67ccd9b6dbb62d8,passed
regular-simd_omp-t16-dynamicx16-r1-4000x3000.png,2026-09-18T17:20:30Z,4000x3000.png,4000,3000,Gaussian_7x7,1,16,dynamic,16,omp,yes,unset,unset,hype2,12.2.0,-O3 -Wall -Wextra -std=c++17 -fopenmp -DOMP_EXPLICIT_SIMD=1,108.053137,98f465f1820de349,passed
regular-simd_omp-t16-dynamicx16-r1-4000x3000.png,2026-09-18T17:20:30Z,4000x3000.png,4000,3000,Gaussian_9x9,1,16,dynamic,16,omp,yes,unset,unset,hype2,12.2.0,-O3 -Wall -Wextra -std=c++17 -fopenmp -DOMP_EXPLICIT_SIMD=1,165.622242,8f9bd96ceab3a369,passed
regular-simd_omp-t16-dynamicx16-r1-4000x3000.png,2026-09-18T17:20:31Z,4000x3000.png,4000,3000,Gaussian_11x11,1,16,dynamic,16,omp,yes,unset,unset,hype2,12.2.0,-O3 -Wall -Wextra -std=c++17 -fopenmp -DOMP_EXPLICIT_SIMD=1,236.985013,1e8adb9534bf99dc,passed
regular-simd_omp-t16-dynamicx16-r1-6000x6000.png,2026-09-18T17:20:32Z,6000x6000.png,6000,6000,Grayscale,1,16,dynamic,16,omp,yes,unset,unset,hype2,12.2.0,-O3 -Wall -Wextra -std=c++17 -fopenmp -DOMP_EXPLICIT_SIMD=1,11.972858,937793859b387046,passed
regular-simd_omp-t16-dynamicx16-r1-6000x6000.png,2026-09-18T17:20:32Z,6000x6000.png,6000,6000,Flip_Horizontal,1,16,dynamic,16,omp,no,unset,unset,hype2,12.2.0,-O3 -Wall -Wextra -std=c++17 -fopenmp -DOMP_EXPLICIT_SIMD=1,4.841697,3dfbc0e2f0b456c2,passed
regular-simd_omp-t16-dynamicx16-r1-6000x6000.png,2026-09-18T17:20:33Z,6000x6000.png,6000,6000,Adjust_Brightness,1,16,dynamic,16,omp,yes,unset,unset,hype2,12.2.0,-O3 -Wall -Wextra -std=c++17 -fopenmp -DOMP_EXPLICIT_SIMD=1,14.626332,5d4bea966648e7a7,passed
regular-simd_omp-t16-dynamicx16-r1-6000x6000.png,2026-09-18T17:20:33Z,6000x6000.png,6000,6000,Flip_Vertical,1,16,dynamic,16,omp,no,unset,unset,hype2,12.2.0,-O3 -Wall -Wextra -std=c++17 -fopenmp -DOMP_EXPLICIT_SIMD=1,4.507311,bd012cf684012198,passed
regular-simd_omp-t16-dynamicx16-r1-6000x6000.png,2026-09-18T17:20:33Z,6000x6000.png,6000,6000,Quantize,1,16,dynamic,16,omp,yes,unset,unset,hype2,12.2.0,-O3 -Wall -Wextra -std=c++17 -fopenmp -DOMP_EXPLICIT_SIMD=1,43.818732,b2e8843413e8e7a6,passed
regular-simd_omp-t16-dynamicx16-r1-6000x6000.png,2026-09-18T17:20:33Z,6000x6000.png,6000,6000,Adjust_Contrast,1,16,dynamic,16,omp,yes,unset,unset,hype2,12.2.0,-O3 -Wall -Wextra -std=c++17 -fopenmp -DOMP_EXPLICIT_SIMD=1,21.336472,c036bcbf5e6d6190,passed
regular-simd_omp-t16-dynamicx16-r1-6000x6000.png,2026-09-18T17:20:33Z,6000x6000.png,6000,6000,Negative,1,16,dynamic,16,omp,yes,unset,unset,hype2,12.2.0,-O3 -Wall -Wextra -std=c++17 -fopenmp -DOMP_EXPLICIT_SIMD=1,7.988510,0a497e94a83bbbc0,passed
regular-simd_omp-t16-dynamicx16-r1-6000x6000.png,2026-09-18T17:20:34Z,6000x6000.png,6000,6000,Equalize_Histogram,1,16,dynamic,16,omp,yes,unset,unset,hype2,12.2.0,-O3 -Wall -Wextra -std=c++17 -fopenmp -DOMP_EXPLICIT_SIMD=1,14.762781,5251e13888abb30f,passed
regular-simd_omp-t16-dynamicx16-r1-6000x6000.png,2026-09-18T17:20:34Z,6000x6000.png,6000,6000,Zoom_In,1,16,dynamic,16,omp,yes,unset,unset,hype2,12.2.0,-O3 -Wall -Wextra -std=c++17 -fopenmp -DOMP_EXPLICIT_SIMD=1,32.707305,4e063cbe88523a0e,passed
regular-simd_omp-t16-dynamicx16-r1-6000x6000.png,2026-09-18T17:20:34Z,6000x6000.png,6000,6000,Zoom_Out,1,16,dynamic,16,omp,no,unset,unset,hype2,12.2.0,-O3 -Wall -Wextra -std=c++17 -fopenmp -DOMP_EXPLICIT_SIMD=1,23.495075,8eace74e8cd425e6,passed
regular-simd_omp-t16-dynamicx16-r1-6000x6000.png,2026-09-18T17:20:35Z,6000x6000.png,6000,6000,Rotate_CW,1,16,dynamic,16,omp,no,unset,unset,hype2,12.2.0,-O3 -Wall -Wextra -std=c++17 -fopenmp -DOMP_EXPLICIT_SIMD=1,43.540516,dd5c83f3b3cee726,passed
regular-simd_omp-t16-dynamicx16-r1-6000x6000.png,2026-09-18T17:20:35Z,6000x6000.png,6000,6000,Rotate_CCW,1,16,dynamic,16,omp,no,unset,unset,hype2,12.2.0,-O3 -Wall -Wextra -std=c++17 -fopenmp -DOMP_EXPLICIT_SIMD=1,43.845596,51196bd3ed2b4ba4,passed
regular-simd_omp-t16-dynamicx16-r1-6000x6000.png,2026-09-18T17:20:35Z,6000x6000.png,6000,6000,Gaussian_3x3,1,16,dynamic,16,omp,yes,unset,unset,hype2,12.2.0,-O3 -Wall -Wextra -std=c++17 -fopenmp -DOMP_EXPLICIT_SIMD=1,103.946007,87566478e34b4f70,passed
regular-simd_omp-t16-dynamicx16-r1-6000x6000.png,2026-09-18T17:20:36Z,6000x6000.png,6000,6000,Gaussian_5x5,1,16,dynamic,16,omp,yes,unset,unset,hype2,12.2.0,-O3 -Wall -Wextra -std=c++17 -fopenmp -DOMP_EXPLICIT_SIMD=1,186.127626,4b23a258f94a27f0,passed
regular-simd_omp-t16-dynamicx16-r1-6000x6000.png,2026-09-18T17:20:36Z,6000x6000.png,6000,6000,Gaussian_7x7,1,16,dynamic,16,omp,yes,unset,unset,hype2,12.2.0,-O3 -Wall -Wextra -std=c++17 -fopenmp -DOMP_EXPLICIT_SIMD=1,319.087296,3771268fea0417e2,passed
regular-simd_omp-t16-dynamicx16-r1-6000x6000.png,2026-09-18T17:20:37Z,6000x6000.png,6000,6000,Gaussian_9x9,1,16,dynamic,16,omp,yes,unset,unset,hype2,12.2.0,-O3 -Wall -Wextra -std=c++17 -fopenmp -DOMP_EXPLICIT_SIMD=1,493.215367,3f6b7f707a108bd5,passed
regular-simd_omp-t16-dynamicx16-r1-6000x6000.png,2026-09-18T17:20:38Z,6000x6000.png,6000,6000,Gaussian_11x11,1,16,dynamic,16,omp,yes,unset,unset,hype2,12.2.0,-O3 -Wall -Wextra -std=c++17 -fopenmp -DOMP_EXPLICIT_SIMD=1,707.042589,c923a906c8989668,passed
regular-simd_omp-t16-static-r2-4000x3000.png,2026-09-18T17:20:38Z,4000x3000.png,4000,3000,Grayscale,2,16,static,,omp,yes,unset,unset,hype2,12.2.0,-O3 -Wall -Wextra -std=c++17 -fopenmp -DOMP_EXPLICIT_SIMD=1,4.578588,00925fa85224b60c,passed
regular-simd_omp-t16-static-r2-4000x3000.png,2026-09-18T17:20:38Z,4000x3000.png,4000,3000,Flip_Horizontal,2,16,static,,omp,no,unset,unset,hype2,12.2.0,-O3 -Wall -Wextra -std=c++17 -fopenmp -DOMP_EXPLICIT_SIMD=1,2.049978,45d5313341f5868e,passed
regular-simd_omp-t16-static-r2-4000x3000.png,2026-09-18T17:20:38Z,4000x3000.png,4000,3000,Adjust_Brightness,2,16,static,,omp,yes,unset,unset,hype2,12.2.0,-O3 -Wall -Wextra -std=c++17 -fopenmp -DOMP_EXPLICIT_SIMD=1,5.013643,e488c03148da4f5b,passed
regular-simd_omp-t16-static-r2-4000x3000.png,2026-09-18T17:20:38Z,4000x3000.png,4000,3000,Flip_Vertical,2,16,static,,omp,no,unset,unset,hype2,12.2.0,-O3 -Wall -Wextra -std=c++17 -fopenmp -DOMP_EXPLICIT_SIMD=1,1.966820,754d30e4e81eccfc,passed
regular-simd_omp-t16-static-r2-4000x3000.png,2026-09-18T17:20:38Z,4000x3000.png,4000,3000,Quantize,2,16,static,,omp,yes,unset,unset,hype2,12.2.0,-O3 -Wall -Wextra -std=c++17 -fopenmp -DOMP_EXPLICIT_SIMD=1,15.302576,f01ef010a3fd2f20,passed
regular-simd_omp-t16-static-r2-4000x3000.png,2026-09-18T17:20:39Z,4000x3000.png,4000,3000,Adjust_Contrast,2,16,static,,omp,yes,unset,unset,hype2,12.2.0,-O3 -Wall -Wextra -std=c++17 -fopenmp -DOMP_EXPLICIT_SIMD=1,7.363759,7cc9f4cee5c661bd,passed
regular-simd_omp-t16-static-r2-4000x3000.png,2026-09-18T17:20:39Z,4000x3000.png,4000,3000,Negative,2,16,static,,omp,yes,unset,unset,hype2,12.2.0,-O3 -Wall -Wextra -std=c++17 -fopenmp -DOMP_EXPLICIT_SIMD=1,2.824344,043d4193294f2dcc,passed
regular-simd_omp-t16-static-r2-4000x3000.png,2026-09-18T17:20:39Z,4000x3000.png,4000,3000,Equalize_Histogram,2,16,static,,omp,yes,unset,unset,hype2,12.2.0,-O3 -Wall -Wextra -std=c++17 -fopenmp -DOMP_EXPLICIT_SIMD=1,5.011032,243220feba4dd030,passed
regular-simd_omp-t16-static-r2-4000x3000.png,2026-09-18T17:20:39Z,4000x3000.png,4000,3000,Zoom_In,2,16,static,,omp,yes,unset,unset,hype2,12.2.0,-O3 -Wall -Wextra -std=c++17 -fopenmp -DOMP_EXPLICIT_SIMD=1,11.228209,71b80276839f9533,passed
regular-simd_omp-t16-static-r2-4000x3000.png,2026-09-18T17:20:39Z,4000x3000.png,4000,3000,Zoom_Out,2,16,static,,omp,no,unset,unset,hype2,12.2.0,-O3 -Wall -Wextra -std=c++17 -fopenmp -DOMP_EXPLICIT_SIMD=1,11.657774,a91f518a4f2dbd10,passed
regular-simd_omp-t16-static-r2-4000x3000.png,2026-09-18T17:20:39Z,4000x3000.png,4000,3000,Rotate_CW,2,16,static,,omp,no,unset,unset,hype2,12.2.0,-O3 -Wall -Wextra -std=c++17 -fopenmp -DOMP_EXPLICIT_SIMD=1,13.564026,e0f27e61a205ef0a,passed
regular-simd_omp-t16-static-r2-4000x3000.png,2026-09-18T17:20:39Z,4000x3000.png,4000,3000,Rotate_CCW,2,16,static,,omp,no,unset,unset,hype2,12.2.0,-O3 -Wall -Wextra -std=c++17 -fopenmp -DOMP_EXPLICIT_SIMD=1,13.998090,b4512f3b73b7723c,passed
regular-simd_omp-t16-static-r2-4000x3000.png,2026-09-18T17:20:39Z,4000x3000.png,4000,3000,Gaussian_3x3,2,16,static,,omp,yes,unset,unset,hype2,12.2.0,-O3 -Wall -Wextra -std=c++17 -fopenmp -DOMP_EXPLICIT_SIMD=1,34.210680,bc1a93797b2afda7,passed
regular-simd_omp-t16-static-r2-4000x3000.png,2026-09-18T17:20:39Z,4000x3000.png,4000,3000,Gaussian_5x5,2,16,static,,omp,yes,unset,unset,hype2,12.2.0,-O3 -Wall -Wextra -std=c++17 -fopenmp -DOMP_EXPLICIT_SIMD=1,61.451369,d67ccd9b6dbb62d8,passed
regular-simd_omp-t16-static-r2-4000x3000.png,2026-09-18T17:20:39Z,4000x3000.png,4000,3000,Gaussian_7x7,2,16,static,,omp,yes,unset,unset,hype2,12.2.0,-O3 -Wall -Wextra -std=c++17 -fopenmp -DOMP_EXPLICIT_SIMD=1,104.346588,98f465f1820de349,passed
regular-simd_omp-t16-static-r2-4000x3000.png,2026-09-18T17:20:40Z,4000x3000.png,4000,3000,Gaussian_9x9,2,16,static,,omp,yes,unset,unset,hype2,12.2.0,-O3 -Wall -Wextra -std=c++17 -fopenmp -DOMP_EXPLICIT_SIMD=1,161.088509,8f9bd96ceab3a369,passed
regular-simd_omp-t16-static-r2-4000x3000.png,2026-09-18T17:20:40Z,4000x3000.png,4000,3000,Gaussian_11x11,2,16,static,,omp,yes,unset,unset,hype2,12.2.0,-O3 -Wall -Wextra -std=c++17 -fopenmp -DOMP_EXPLICIT_SIMD=1,229.834715,1e8adb9534bf99dc,passed
regular-simd_omp-t16-static-r2-6000x6000.png,2026-09-18T17:20:42Z,6000x6000.png,6000,6000,Grayscale,2,16,static,,omp,yes,unset,unset,hype2,12.2.0,-O3 -Wall -Wextra -std=c++17 -fopenmp -DOMP_EXPLICIT_SIMD=1,13.540253,937793859b387046,passed
regular-simd_omp-t16-static-r2-6000x6000.png,2026-09-18T17:20:42Z,6000x6000.png,6000,6000,Flip_Horizontal,2,16,static,,omp,no,unset,unset,hype2,12.2.0,-O3 -Wall -Wextra -std=c++17 -fopenmp -DOMP_EXPLICIT_SIMD=1,5.212002,3dfbc0e2f0b456c2,passed
regular-simd_omp-t16-static-r2-6000x6000.png,2026-09-18T17:20:42Z,6000x6000.png,6000,6000,Adjust_Brightness,2,16,static,,omp,yes,unset,unset,hype2,12.2.0,-O3 -Wall -Wextra -std=c++17 -fopenmp -DOMP_EXPLICIT_SIMD=1,14.646546,5d4bea966648e7a7,passed
regular-simd_omp-t16-static-r2-6000x6000.png,2026-09-18T17:20:42Z,6000x6000.png,6000,6000,Flip_Vertical,2,16,static,,omp,no,unset,unset,hype2,12.2.0,-O3 -Wall -Wextra -std=c++17 -fopenmp -DOMP_EXPLICIT_SIMD=1,4.705252,bd012cf684012198,passed
regular-simd_omp-t16-static-r2-6000x6000.png,2026-09-18T17:20:42Z,6000x6000.png,6000,6000,Quantize,2,16,static,,omp,yes,unset,unset,hype2,12.2.0,-O3 -Wall -Wextra -std=c++17 -fopenmp -DOMP_EXPLICIT_SIMD=1,42.053358,b2e8843413e8e7a6,passed
regular-simd_omp-t16-static-r2-6000x6000.png,2026-09-18T17:20:43Z,6000x6000.png,6000,6000,Adjust_Contrast,2,16,static,,omp,yes,unset,unset,hype2,12.2.0,-O3 -Wall -Wextra -std=c++17 -fopenmp -DOMP_EXPLICIT_SIMD=1,21.390000,c036bcbf5e6d6190,passed
regular-simd_omp-t16-static-r2-6000x6000.png,2026-09-18T17:20:43Z,6000x6000.png,6000,6000,Negative,2,16,static,,omp,yes,unset,unset,hype2,12.2.0,-O3 -Wall -Wextra -std=c++17 -fopenmp -DOMP_EXPLICIT_SIMD=1,8.185414,0a497e94a83bbbc0,passed
regular-simd_omp-t16-static-r2-6000x6000.png,2026-09-18T17:20:43Z,6000x6000.png,6000,6000,Equalize_Histogram,2,16,static,,omp,yes,unset,unset,hype2,12.2.0,-O3 -Wall -Wextra -std=c++17 -fopenmp -DOMP_EXPLICIT_SIMD=1,14.992555,5251e13888abb30f,passed
regular-simd_omp-t16-static-r2-6000x6000.png,2026-09-18T17:20:44Z,6000x6000.png,6000,6000,Zoom_In,2,16,static,,omp,yes,unset,unset,hype2,12.2.0,-O3 -Wall -Wextra -std=c++17 -fopenmp -DOMP_EXPLICIT_SIMD=1,28.328369,4e063cbe88523a0e,passed
regular-simd_omp-t16-static-r2-6000x6000.png,2026-09-18T17:20:44Z,6000x6000.png,6000,6000,Zoom_Out,2,16,static,,omp,no,unset,unset,hype2,12.2.0,-O3 -Wall -Wextra -std=c++17 -fopenmp -DOMP_EXPLICIT_SIMD=1,22.931335,8eace74e8cd425e6,passed
regular-simd_omp-t16-static-r2-6000x6000.png,2026-09-18T17:20:44Z,6000x6000.png,6000,6000,Rotate_CW,2,16,static,,omp,no,unset,unset,hype2,12.2.0,-O3 -Wall -Wextra -std=c++17 -fopenmp -DOMP_EXPLICIT_SIMD=1,34.370201,dd5c83f3b3cee726,passed
regular-simd_omp-t16-static-r2-6000x6000.png,2026-09-18T17:20:44Z,6000x6000.png,6000,6000,Rotate_CCW,2,16,static,,omp,no,unset,unset,hype2,12.2.0,-O3 -Wall -Wextra -std=c++17 -fopenmp -DOMP_EXPLICIT_SIMD=1,41.421860,51196bd3ed2b4ba4,passed
regular-simd_omp-t16-static-r2-6000x6000.png,2026-09-18T17:20:45Z,6000x6000.png,6000,6000,Gaussian_3x3,2,16,static,,omp,yes,unset,unset,hype2,12.2.0,-O3 -Wall -Wextra -std=c++17 -fopenmp -DOMP_EXPLICIT_SIMD=1,102.024607,87566478e34b4f70,passed
regular-simd_omp-t16-static-r2-6000x6000.png,2026-09-18T17:20:45Z,6000x6000.png,6000,6000,Gaussian_5x5,2,16,static,,omp,yes,unset,unset,hype2,12.2.0,-O3 -Wall -Wextra -std=c++17 -fopenmp -DOMP_EXPLICIT_SIMD=1,182.595004,4b23a258f94a27f0,passed
regular-simd_omp-t16-static-r2-6000x6000.png,2026-09-18T17:20:45Z,6000x6000.png,6000,6000,Gaussian_7x7,2,16,static,,omp,yes,unset,unset,hype2,12.2.0,-O3 -Wall -Wextra -std=c++17 -fopenmp -DOMP_EXPLICIT_SIMD=1,311.642358,3771268fea0417e2,passed
regular-simd_omp-t16-static-r2-6000x6000.png,2026-09-18T17:20:46Z,6000x6000.png,6000,6000,Gaussian_9x9,2,16,static,,omp,yes,unset,unset,hype2,12.2.0,-O3 -Wall -Wextra -std=c++17 -fopenmp -DOMP_EXPLICIT_SIMD=1,482.654607,3f6b7f707a108bd5,passed
regular-simd_omp-t16-static-r2-6000x6000.png,2026-09-18T17:20:47Z,6000x6000.png,6000,6000,Gaussian_11x11,2,16,static,,omp,yes,unset,unset,hype2,12.2.0,-O3 -Wall -Wextra -std=c++17 -fopenmp -DOMP_EXPLICIT_SIMD=1,691.157905,c923a906c8989668,passed
regular-simd_off-t16-dynamicx1-r2-4000x3000.png,2026-09-18T17:20:48Z,4000x3000.png,4000,3000,Grayscale,2,16,dynamic,1,off,yes,unset,unset,hype2,12.2.0,-O3 -Wall -Wextra -std=c++17 -fopenmp -DOMP_EXPLICIT_SIMD=0 -fno-tree-vectorize,4.433147,00925fa85224b60c,passed
regular-simd_off-t16-dynamicx1-r2-4000x3000.png,2026-09-18T17:20:48Z,4000x3000.png,4000,3000,Flip_Horizontal,2,16,dynamic,1,off,no,unset,unset,hype2,12.2.0,-O3 -Wall -Wextra -std=c++17 -fopenmp -DOMP_EXPLICIT_SIMD=0 -fno-tree-vectorize,1.605355,45d5313341f5868e,passed
regular-simd_off-t16-dynamicx1-r2-4000x3000.png,2026-09-18T17:20:48Z,4000x3000.png,4000,3000,Adjust_Brightness,2,16,dynamic,1,off,yes,unset,unset,hype2,12.2.0,-O3 -Wall -Wextra -std=c++17 -fopenmp -DOMP_EXPLICIT_SIMD=0 -fno-tree-vectorize,4.854827,e488c03148da4f5b,passed
regular-simd_off-t16-dynamicx1-r2-4000x3000.png,2026-09-18T17:20:48Z,4000x3000.png,4000,3000,Flip_Vertical,2,16,dynamic,1,off,no,unset,unset,hype2,12.2.0,-O3 -Wall -Wextra -std=c++17 -fopenmp -DOMP_EXPLICIT_SIMD=0 -fno-tree-vectorize,1.889623,754d30e4e81eccfc,passed
regular-simd_off-t16-dynamicx1-r2-4000x3000.png,2026-09-18T17:20:48Z,4000x3000.png,4000,3000,Quantize,2,16,dynamic,1,off,yes,unset,unset,hype2,12.2.0,-O3 -Wall -Wextra -std=c++17 -fopenmp -DOMP_EXPLICIT_SIMD=0 -fno-tree-vectorize,15.561155,f01ef010a3fd2f20,passed
regular-simd_off-t16-dynamicx1-r2-4000x3000.png,2026-09-18T17:20:48Z,4000x3000.png,4000,3000,Adjust_Contrast,2,16,dynamic,1,off,yes,unset,unset,hype2,12.2.0,-O3 -Wall -Wextra -std=c++17 -fopenmp -DOMP_EXPLICIT_SIMD=0 -fno-tree-vectorize,7.110313,7cc9f4cee5c661bd,passed
regular-simd_off-t16-dynamicx1-r2-4000x3000.png,2026-09-18T17:20:48Z,4000x3000.png,4000,3000,Negative,2,16,dynamic,1,off,yes,unset,unset,hype2,12.2.0,-O3 -Wall -Wextra -std=c++17 -fopenmp -DOMP_EXPLICIT_SIMD=0 -fno-tree-vectorize,2.946579,043d4193294f2dcc,passed
regular-simd_off-t16-dynamicx1-r2-4000x3000.png,2026-09-18T17:20:48Z,4000x3000.png,4000,3000,Equalize_Histogram,2,16,dynamic,1,off,yes,unset,unset,hype2,12.2.0,-O3 -Wall -Wextra -std=c++17 -fopenmp -DOMP_EXPLICIT_SIMD=0 -fno-tree-vectorize,5.475100,243220feba4dd030,passed
regular-simd_off-t16-dynamicx1-r2-4000x3000.png,2026-09-18T17:20:48Z,4000x3000.png,4000,3000,Zoom_In,2,16,dynamic,1,off,yes,unset,unset,hype2,12.2.0,-O3 -Wall -Wextra -std=c++17 -fopenmp -DOMP_EXPLICIT_SIMD=0 -fno-tree-vectorize,28.965426,71b80276839f9533,passed
regular-simd_off-t16-dynamicx1-r2-4000x3000.png,2026-09-18T17:20:48Z,4000x3000.png,4000,3000,Zoom_Out,2,16,dynamic,1,off,no,unset,unset,hype2,12.2.0,-O3 -Wall -Wextra -std=c++17 -fopenmp -DOMP_EXPLICIT_SIMD=0 -fno-tree-vectorize,9.090163,a91f518a4f2dbd10,passed
regular-simd_off-t16-dynamicx1-r2-4000x3000.png,2026-09-18T17:20:48Z,4000x3000.png,4000,3000,Rotate_CW,2,16,dynamic,1,off,no,unset,unset,hype2,12.2.0,-O3 -Wall -Wextra -std=c++17 -fopenmp -DOMP_EXPLICIT_SIMD=0 -fno-tree-vectorize,28.690578,e0f27e61a205ef0a,passed
regular-simd_off-t16-dynamicx1-r2-4000x3000.png,2026-09-18T17:20:48Z,4000x3000.png,4000,3000,Rotate_CCW,2,16,dynamic,1,off,no,unset,unset,hype2,12.2.0,-O3 -Wall -Wextra -std=c++17 -fopenmp -DOMP_EXPLICIT_SIMD=0 -fno-tree-vectorize,28.954392,b4512f3b73b7723c,passed
regular-simd_off-t16-dynamicx1-r2-4000x3000.png,2026-09-18T17:20:49Z,4000x3000.png,4000,3000,Gaussian_3x3,2,16,dynamic,1,off,yes,unset,unset,hype2,12.2.0,-O3 -Wall -Wextra -std=c++17 -fopenmp -DOMP_EXPLICIT_SIMD=0 -fno-tree-vectorize,38.764888,bc1a93797b2afda7,passed
regular-simd_off-t16-dynamicx1-r2-4000x3000.png,2026-09-18T17:20:49Z,4000x3000.png,4000,3000,Gaussian_5x5,2,16,dynamic,1,off,yes,unset,unset,hype2,12.2.0,-O3 -Wall -Wextra -std=c++17 -fopenmp -DOMP_EXPLICIT_SIMD=0 -fno-tree-vectorize,64.091709,d67ccd9b6dbb62d8,passed
regular-simd_off-t16-dynamicx1-r2-4000x3000.png,2026-09-18T17:20:49Z,4000x3000.png,4000,3000,Gaussian_7x7,2,16,dynamic,1,off,yes,unset,unset,hype2,12.2.0,-O3 -Wall -Wextra -std=c++17 -fopenmp -DOMP_EXPLICIT_SIMD=0 -fno-tree-vectorize,108.831875,98f465f1820de349,passed
regular-simd_off-t16-dynamicx1-r2-4000x3000.png,2026-09-18T17:20:49Z,4000x3000.png,4000,3000,Gaussian_9x9,2,16,dynamic,1,off,yes,unset,unset,hype2,12.2.0,-O3 -Wall -Wextra -std=c++17 -fopenmp -DOMP_EXPLICIT_SIMD=0 -fno-tree-vectorize,163.821443,8f9bd96ceab3a369,passed
regular-simd_off-t16-dynamicx1-r2-4000x3000.png,2026-09-18T17:20:49Z,4000x3000.png,4000,3000,Gaussian_11x11,2,16,dynamic,1,off,yes,unset,unset,hype2,12.2.0,-O3 -Wall -Wextra -std=c++17 -fopenmp -DOMP_EXPLICIT_SIMD=0 -fno-tree-vectorize,230.534003,1e8adb9534bf99dc,passed
regular-simd_off-t16-dynamicx1-r2-6000x6000.png,2026-09-18T17:20:51Z,6000x6000.png,6000,6000,Grayscale,2,16,dynamic,1,off,yes,unset,unset,hype2,12.2.0,-O3 -Wall -Wextra -std=c++17 -fopenmp -DOMP_EXPLICIT_SIMD=0 -fno-tree-vectorize,11.616818,937793859b387046,passed
regular-simd_off-t16-dynamicx1-r2-6000x6000.png,2026-09-18T17:20:51Z,6000x6000.png,6000,6000,Flip_Horizontal,2,16,dynamic,1,off,no,unset,unset,hype2,12.2.0,-O3 -Wall -Wextra -std=c++17 -fopenmp -DOMP_EXPLICIT_SIMD=0 -fno-tree-vectorize,4.534451,3dfbc0e2f0b456c2,passed
regular-simd_off-t16-dynamicx1-r2-6000x6000.png,2026-09-18T17:20:51Z,6000x6000.png,6000,6000,Adjust_Brightness,2,16,dynamic,1,off,yes,unset,unset,hype2,12.2.0,-O3 -Wall -Wextra -std=c++17 -fopenmp -DOMP_EXPLICIT_SIMD=0 -fno-tree-vectorize,14.234057,5d4bea966648e7a7,passed
regular-simd_off-t16-dynamicx1-r2-6000x6000.png,2026-09-18T17:20:52Z,6000x6000.png,6000,6000,Flip_Vertical,2,16,dynamic,1,off,no,unset,unset,hype2,12.2.0,-O3 -Wall -Wextra -std=c++17 -fopenmp -DOMP_EXPLICIT_SIMD=0 -fno-tree-vectorize,4.671460,bd012cf684012198,passed
regular-simd_off-t16-dynamicx1-r2-6000x6000.png,2026-09-18T17:20:52Z,6000x6000.png,6000,6000,Quantize,2,16,dynamic,1,off,yes,unset,unset,hype2,12.2.0,-O3 -Wall -Wextra -std=c++17 -fopenmp -DOMP_EXPLICIT_SIMD=0 -fno-tree-vectorize,42.679694,b2e8843413e8e7a6,passed
regular-simd_off-t16-dynamicx1-r2-6000x6000.png,2026-09-18T17:20:52Z,6000x6000.png,6000,6000,Adjust_Contrast,2,16,dynamic,1,off,yes,unset,unset,hype2,12.2.0,-O3 -Wall -Wextra -std=c++17 -fopenmp -DOMP_EXPLICIT_SIMD=0 -fno-tree-vectorize,21.044071,c036bcbf5e6d6190,passed
regular-simd_off-t16-dynamicx1-r2-6000x6000.png,2026-09-18T17:20:52Z,6000x6000.png,6000,6000,Negative,2,16,dynamic,1,off,yes,unset,unset,hype2,12.2.0,-O3 -Wall -Wextra -std=c++17 -fopenmp -DOMP_EXPLICIT_SIMD=0 -fno-tree-vectorize,8.393006,0a497e94a83bbbc0,passed
regular-simd_off-t16-dynamicx1-r2-6000x6000.png,2026-09-18T17:20:52Z,6000x6000.png,6000,6000,Equalize_Histogram,2,16,dynamic,1,off,yes,unset,unset,hype2,12.2.0,-O3 -Wall -Wextra -std=c++17 -fopenmp -DOMP_EXPLICIT_SIMD=0 -fno-tree-vectorize,15.032873,5251e13888abb30f,passed
regular-simd_off-t16-dynamicx1-r2-6000x6000.png,2026-09-18T17:20:53Z,6000x6000.png,6000,6000,Zoom_In,2,16,dynamic,1,off,yes,unset,unset,hype2,12.2.0,-O3 -Wall -Wextra -std=c++17 -fopenmp -DOMP_EXPLICIT_SIMD=0 -fno-tree-vectorize,82.940910,4e063cbe88523a0e,passed
regular-simd_off-t16-dynamicx1-r2-6000x6000.png,2026-09-18T17:20:53Z,6000x6000.png,6000,6000,Zoom_Out,2,16,dynamic,1,off,no,unset,unset,hype2,12.2.0,-O3 -Wall -Wextra -std=c++17 -fopenmp -DOMP_EXPLICIT_SIMD=0 -fno-tree-vectorize,26.681668,8eace74e8cd425e6,passed
regular-simd_off-t16-dynamicx1-r2-6000x6000.png,2026-09-18T17:20:54Z,6000x6000.png,6000,6000,Rotate_CW,2,16,dynamic,1,off,no,unset,unset,hype2,12.2.0,-O3 -Wall -Wextra -std=c++17 -fopenmp -DOMP_EXPLICIT_SIMD=0 -fno-tree-vectorize,73.688587,dd5c83f3b3cee726,passed
regular-simd_off-t16-dynamicx1-r2-6000x6000.png,2026-09-18T17:20:54Z,6000x6000.png,6000,6000,Rotate_CCW,2,16,dynamic,1,off,no,unset,unset,hype2,12.2.0,-O3 -Wall -Wextra -std=c++17 -fopenmp -DOMP_EXPLICIT_SIMD=0 -fno-tree-vectorize,75.671528,51196bd3ed2b4ba4,passed
regular-simd_off-t16-dynamicx1-r2-6000x6000.png,2026-09-18T17:20:54Z,6000x6000.png,6000,6000,Gaussian_3x3,2,16,dynamic,1,off,yes,unset,unset,hype2,12.2.0,-O3 -Wall -Wextra -std=c++17 -fopenmp -DOMP_EXPLICIT_SIMD=0 -fno-tree-vectorize,114.464131,87566478e34b4f70,passed
regular-simd_off-t16-dynamicx1-r2-6000x6000.png,2026-09-18T17:20:55Z,6000x6000.png,6000,6000,Gaussian_5x5,2,16,dynamic,1,off,yes,unset,unset,hype2,12.2.0,-O3 -Wall -Wextra -std=c++17 -fopenmp -DOMP_EXPLICIT_SIMD=0 -fno-tree-vectorize,189.558602,4b23a258f94a27f0,passed
regular-simd_off-t16-dynamicx1-r2-6000x6000.png,2026-09-18T17:20:55Z,6000x6000.png,6000,6000,Gaussian_7x7,2,16,dynamic,1,off,yes,unset,unset,hype2,12.2.0,-O3 -Wall -Wextra -std=c++17 -fopenmp -DOMP_EXPLICIT_SIMD=0 -fno-tree-vectorize,314.480570,3771268fea0417e2,passed
regular-simd_off-t16-dynamicx1-r2-6000x6000.png,2026-09-18T17:20:56Z,6000x6000.png,6000,6000,Gaussian_9x9,2,16,dynamic,1,off,yes,unset,unset,hype2,12.2.0,-O3 -Wall -Wextra -std=c++17 -fopenmp -DOMP_EXPLICIT_SIMD=0 -fno-tree-vectorize,483.686461,3f6b7f707a108bd5,passed
regular-simd_off-t16-dynamicx1-r2-6000x6000.png,2026-09-18T17:20:57Z,6000x6000.png,6000,6000,Gaussian_11x11,2,16,dynamic,1,off,yes,unset,unset,hype2,12.2.0,-O3 -Wall -Wextra -std=c++17 -fopenmp -DOMP_EXPLICIT_SIMD=0 -fno-tree-vectorize,692.155220,c923a906c8989668,passed
regular-simd_omp-t16-dynamicx1-r2-4000x3000.png,2026-09-18T17:20:57Z,4000x3000.png,4000,3000,Grayscale,2,16,dynamic,1,omp,yes,unset,unset,hype2,12.2.0,-O3 -Wall -Wextra -std=c++17 -fopenmp -DOMP_EXPLICIT_SIMD=1,4.621174,00925fa85224b60c,passed
regular-simd_omp-t16-dynamicx1-r2-4000x3000.png,2026-09-18T17:20:57Z,4000x3000.png,4000,3000,Flip_Horizontal,2,16,dynamic,1,omp,no,unset,unset,hype2,12.2.0,-O3 -Wall -Wextra -std=c++17 -fopenmp -DOMP_EXPLICIT_SIMD=1,1.621028,45d5313341f5868e,passed
regular-simd_omp-t16-dynamicx1-r2-4000x3000.png,2026-09-18T17:20:57Z,4000x3000.png,4000,3000,Adjust_Brightness,2,16,dynamic,1,omp,yes,unset,unset,hype2,12.2.0,-O3 -Wall -Wextra -std=c++17 -fopenmp -DOMP_EXPLICIT_SIMD=1,4.977086,e488c03148da4f5b,passed
regular-simd_omp-t16-dynamicx1-r2-4000x3000.png,2026-09-18T17:20:57Z,4000x3000.png,4000,3000,Flip_Vertical,2,16,dynamic,1,omp,no,unset,unset,hype2,12.2.0,-O3 -Wall -Wextra -std=c++17 -fopenmp -DOMP_EXPLICIT_SIMD=1,1.878742,754d30e4e81eccfc,passed
regular-simd_omp-t16-dynamicx1-r2-4000x3000.png,2026-09-18T17:20:57Z,4000x3000.png,4000,3000,Quantize,2,16,dynamic,1,omp,yes,unset,unset,hype2,12.2.0,-O3 -Wall -Wextra -std=c++17 -fopenmp -DOMP_EXPLICIT_SIMD=1,15.671778,f01ef010a3fd2f20,passed
regular-simd_omp-t16-dynamicx1-r2-4000x3000.png,2026-09-18T17:20:57Z,4000x3000.png,4000,3000,Adjust_Contrast,2,16,dynamic,1,omp,yes,unset,unset,hype2,12.2.0,-O3 -Wall -Wextra -std=c++17 -fopenmp -DOMP_EXPLICIT_SIMD=1,7.188648,7cc9f4cee5c661bd,passed
regular-simd_omp-t16-dynamicx1-r2-4000x3000.png,2026-09-18T17:20:58Z,4000x3000.png,4000,3000,Negative,2,16,dynamic,1,omp,yes,unset,unset,hype2,12.2.0,-O3 -Wall -Wextra -std=c++17 -fopenmp -DOMP_EXPLICIT_SIMD=1,2.820145,043d4193294f2dcc,passed
regular-simd_omp-t16-dynamicx1-r2-4000x3000.png,2026-09-18T17:20:58Z,4000x3000.png,4000,3000,Equalize_Histogram,2,16,dynamic,1,omp,yes,unset,unset,hype2,12.2.0,-O3 -Wall -Wextra -std=c++17 -fopenmp -DOMP_EXPLICIT_SIMD=1,5.469436,243220feba4dd030,passed
regular-simd_omp-t16-dynamicx1-r2-4000x3000.png,2026-09-18T17:20:58Z,4000x3000.png,4000,3000,Zoom_In,2,16,dynamic,1,omp,yes,unset,unset,hype2,12.2.0,-O3 -Wall -Wextra -std=c++17 -fopenmp -DOMP_EXPLICIT_SIMD=1,28.578533,71b80276839f9533,passed
regular-simd_omp-t16-dynamicx1-r2-4000x3000.png,2026-09-18T17:20:58Z,4000x3000.png,4000,3000,Zoom_Out,2,16,dynamic,1,omp,no,unset,unset,hype2,12.2.0,-O3 -Wall -Wextra -std=c++17 -fopenmp -DOMP_EXPLICIT_SIMD=1,9.248230,a91f518a4f2dbd10,passed
regular-simd_omp-t16-dynamicx1-r2-4000x3000.png,2026-09-18T17:20:58Z,4000x3000.png,4000,3000,Rotate_CW,2,16,dynamic,1,omp,no,unset,unset,hype2,12.2.0,-O3 -Wall -Wextra -std=c++17 -fopenmp -DOMP_EXPLICIT_SIMD=1,26.037102,e0f27e61a205ef0a,passed
regular-simd_omp-t16-dynamicx1-r2-4000x3000.png,2026-09-18T17:20:58Z,4000x3000.png,4000,3000,Rotate_CCW,2,16,dynamic,1,omp,no,unset,unset,hype2,12.2.0,-O3 -Wall -Wextra -std=c++17 -fopenmp -DOMP_EXPLICIT_SIMD=1,25.667483,b4512f3b73b7723c,passed
regular-simd_omp-t16-dynamicx1-r2-4000x3000.png,2026-09-18T17:20:58Z,4000x3000.png,4000,3000,Gaussian_3x3,2,16,dynamic,1,omp,yes,unset,unset,hype2,12.2.0,-O3 -Wall -Wextra -std=c++17 -fopenmp -DOMP_EXPLICIT_SIMD=1,38.178101,bc1a93797b2afda7,passed
regular-simd_omp-t16-dynamicx1-r2-4000x3000.png,2026-09-18T17:20:58Z,4000x3000.png,4000,3000,Gaussian_5x5,2,16,dynamic,1,omp,yes,unset,unset,hype2,12.2.0,-O3 -Wall -Wextra -std=c++17 -fopenmp -DOMP_EXPLICIT_SIMD=1,64.541358,d67ccd9b6dbb62d8,passed
regular-simd_omp-t16-dynamicx1-r2-4000x3000.png,2026-09-18T17:20:58Z,4000x3000.png,4000,3000,Gaussian_7x7,2,16,dynamic,1,omp,yes,unset,unset,hype2,12.2.0,-O3 -Wall -Wextra -std=c++17 -fopenmp -DOMP_EXPLICIT_SIMD=1,106.234779,98f465f1820de349,passed
regular-simd_omp-t16-dynamicx1-r2-4000x3000.png,2026-09-18T17:20:59Z,4000x3000.png,4000,3000,Gaussian_9x9,2,16,dynamic,1,omp,yes,unset,unset,hype2,12.2.0,-O3 -Wall -Wextra -std=c++17 -fopenmp -DOMP_EXPLICIT_SIMD=1,161.272198,8f9bd96ceab3a369,passed
regular-simd_omp-t16-dynamicx1-r2-4000x3000.png,2026-09-18T17:20:59Z,4000x3000.png,4000,3000,Gaussian_11x11,2,16,dynamic,1,omp,yes,unset,unset,hype2,12.2.0,-O3 -Wall -Wextra -std=c++17 -fopenmp -DOMP_EXPLICIT_SIMD=1,230.857185,1e8adb9534bf99dc,passed
regular-simd_omp-t16-dynamicx1-r2-6000x6000.png,2026-09-18T17:21:01Z,6000x6000.png,6000,6000,Grayscale,2,16,dynamic,1,omp,yes,unset,unset,hype2,12.2.0,-O3 -Wall -Wextra -std=c++17 -fopenmp -DOMP_EXPLICIT_SIMD=1,11.951118,937793859b387046,passed
regular-simd_omp-t16-dynamicx1-r2-6000x6000.png,2026-09-18T17:21:01Z,6000x6000.png,6000,6000,Flip_Horizontal,2,16,dynamic,1,omp,no,unset,unset,hype2,12.2.0,-O3 -Wall -Wextra -std=c++17 -fopenmp -DOMP_EXPLICIT_SIMD=1,4.509313,3dfbc0e2f0b456c2,passed
regular-simd_omp-t16-dynamicx1-r2-6000x6000.png,2026-09-18T17:21:01Z,6000x6000.png,6000,6000,Adjust_Brightness,2,16,dynamic,1,omp,yes,unset,unset,hype2,12.2.0,-O3 -Wall -Wextra -std=c++17 -fopenmp -DOMP_EXPLICIT_SIMD=1,14.584202,5d4bea966648e7a7,passed
regular-simd_omp-t16-dynamicx1-r2-6000x6000.png,2026-09-18T17:21:01Z,6000x6000.png,6000,6000,Flip_Vertical,2,16,dynamic,1,omp,no,unset,unset,hype2,12.2.0,-O3 -Wall -Wextra -std=c++17 -fopenmp -DOMP_EXPLICIT_SIMD=1,4.647108,bd012cf684012198,passed
regular-simd_omp-t16-dynamicx1-r2-6000x6000.png,2026-09-18T17:21:01Z,6000x6000.png,6000,6000,Quantize,2,16,dynamic,1,omp,yes,unset,unset,hype2,12.2.0,-O3 -Wall -Wextra -std=c++17 -fopenmp -DOMP_EXPLICIT_SIMD=1,43.486108,b2e8843413e8e7a6,passed
regular-simd_omp-t16-dynamicx1-r2-6000x6000.png,2026-09-18T17:21:02Z,6000x6000.png,6000,6000,Adjust_Contrast,2,16,dynamic,1,omp,yes,unset,unset,hype2,12.2.0,-O3 -Wall -Wextra -std=c++17 -fopenmp -DOMP_EXPLICIT_SIMD=1,21.048591,c036bcbf5e6d6190,passed
regular-simd_omp-t16-dynamicx1-r2-6000x6000.png,2026-09-18T17:21:02Z,6000x6000.png,6000,6000,Negative,2,16,dynamic,1,omp,yes,unset,unset,hype2,12.2.0,-O3 -Wall -Wextra -std=c++17 -fopenmp -DOMP_EXPLICIT_SIMD=1,8.059914,0a497e94a83bbbc0,passed
regular-simd_omp-t16-dynamicx1-r2-6000x6000.png,2026-09-18T17:21:02Z,6000x6000.png,6000,6000,Equalize_Histogram,2,16,dynamic,1,omp,yes,unset,unset,hype2,12.2.0,-O3 -Wall -Wextra -std=c++17 -fopenmp -DOMP_EXPLICIT_SIMD=1,15.021416,5251e13888abb30f,passed
regular-simd_omp-t16-dynamicx1-r2-6000x6000.png,2026-09-18T17:21:03Z,6000x6000.png,6000,6000,Zoom_In,2,16,dynamic,1,omp,yes,unset,unset,hype2,12.2.0,-O3 -Wall -Wextra -std=c++17 -fopenmp -DOMP_EXPLICIT_SIMD=1,81.880874,4e063cbe88523a0e,passed
regular-simd_omp-t16-dynamicx1-r2-6000x6000.png,2026-09-18T17:21:03Z,6000x6000.png,6000,6000,Zoom_Out,2,16,dynamic,1,omp,no,unset,unset,hype2,12.2.0,-O3 -Wall -Wextra -std=c++17 -fopenmp -DOMP_EXPLICIT_SIMD=1,26.536610,8eace74e8cd425e6,passed
regular-simd_omp-t16-dynamicx1-r2-6000x6000.png,2026-09-18T17:21:03Z,6000x6000.png,6000,6000,Rotate_CW,2,16,dynamic,1,omp,no,unset,unset,hype2,12.2.0,-O3 -Wall -Wextra -std=c++17 -fopenmp -DOMP_EXPLICIT_SIMD=1,72.549281,dd5c83f3b3cee726,passed
regular-simd_omp-t16-dynamicx1-r2-6000x6000.png,2026-09-18T17:21:03Z,6000x6000.png,6000,6000,Rotate_CCW,2,16,dynamic,1,omp,no,unset,unset,hype2,12.2.0,-O3 -Wall -Wextra -std=c++17 -fopenmp -DOMP_EXPLICIT_SIMD=1,76.289557,51196bd3ed2b4ba4,passed
regular-simd_omp-t16-dynamicx1-r2-6000x6000.png,2026-09-18T17:21:04Z,6000x6000.png,6000,6000,Gaussian_3x3,2,16,dynamic,1,omp,yes,unset,unset,hype2,12.2.0,-O3 -Wall -Wextra -std=c++17 -fopenmp -DOMP_EXPLICIT_SIMD=1,113.786793,87566478e34b4f70,passed
regular-simd_omp-t16-dynamicx1-r2-6000x6000.png,2026-09-18T17:21:04Z,6000x6000.png,6000,6000,Gaussian_5x5,2,16,dynamic,1,omp,yes,unset,unset,hype2,12.2.0,-O3 -Wall -Wextra -std=c++17 -fopenmp -DOMP_EXPLICIT_SIMD=1,191.328358,4b23a258f94a27f0,passed
regular-simd_omp-t16-dynamicx1-r2-6000x6000.png,2026-09-18T17:21:05Z,6000x6000.png,6000,6000,Gaussian_7x7,2,16,dynamic,1,omp,yes,unset,unset,hype2,12.2.0,-O3 -Wall -Wextra -std=c++17 -fopenmp -DOMP_EXPLICIT_SIMD=1,316.083333,3771268fea0417e2,passed
regular-simd_omp-t16-dynamicx1-r2-6000x6000.png,2026-09-18T17:21:05Z,6000x6000.png,6000,6000,Gaussian_9x9,2,16,dynamic,1,omp,yes,unset,unset,hype2,12.2.0,-O3 -Wall -Wextra -std=c++17 -fopenmp -DOMP_EXPLICIT_SIMD=1,485.617682,3f6b7f707a108bd5,passed
regular-simd_omp-t16-dynamicx1-r2-6000x6000.png,2026-09-18T17:21:06Z,6000x6000.png,6000,6000,Gaussian_11x11,2,16,dynamic,1,omp,yes,unset,unset,hype2,12.2.0,-O3 -Wall -Wextra -std=c++17 -fopenmp -DOMP_EXPLICIT_SIMD=1,692.571551,c923a906c8989668,passed
regular-simd_off-t16-dynamicx16-r2-4000x3000.png,2026-09-18T17:21:07Z,4000x3000.png,4000,3000,Grayscale,2,16,dynamic,16,off,yes,unset,unset,hype2,12.2.0,-O3 -Wall -Wextra -std=c++17 -fopenmp -DOMP_EXPLICIT_SIMD=0 -fno-tree-vectorize,4.553126,00925fa85224b60c,passed
regular-simd_off-t16-dynamicx16-r2-4000x3000.png,2026-09-18T17:21:07Z,4000x3000.png,4000,3000,Flip_Horizontal,2,16,dynamic,16,off,no,unset,unset,hype2,12.2.0,-O3 -Wall -Wextra -std=c++17 -fopenmp -DOMP_EXPLICIT_SIMD=0 -fno-tree-vectorize,1.874130,45d5313341f5868e,passed
regular-simd_off-t16-dynamicx16-r2-4000x3000.png,2026-09-18T17:21:07Z,4000x3000.png,4000,3000,Adjust_Brightness,2,16,dynamic,16,off,yes,unset,unset,hype2,12.2.0,-O3 -Wall -Wextra -std=c++17 -fopenmp -DOMP_EXPLICIT_SIMD=0 -fno-tree-vectorize,4.956599,e488c03148da4f5b,passed
regular-simd_off-t16-dynamicx16-r2-4000x3000.png,2026-09-18T17:21:07Z,4000x3000.png,4000,3000,Flip_Vertical,2,16,dynamic,16,off,no,unset,unset,hype2,12.2.0,-O3 -Wall -Wextra -std=c++17 -fopenmp -DOMP_EXPLICIT_SIMD=0 -fno-tree-vectorize,1.710508,754d30e4e81eccfc,passed
regular-simd_off-t16-dynamicx16-r2-4000x3000.png,2026-09-18T17:21:07Z,4000x3000.png,4000,3000,Quantize,2,16,dynamic,16,off,yes,unset,unset,hype2,12.2.0,-O3 -Wall -Wextra -std=c++17 -fopenmp -DOMP_EXPLICIT_SIMD=0 -fno-tree-vectorize,15.767763,f01ef010a3fd2f20,passed
regular-simd_off-t16-dynamicx16-r2-4000x3000.png,2026-09-18T17:21:07Z,4000x3000.png,4000,3000,Adjust_Contrast,2,16,dynamic,16,off,yes,unset,unset,hype2,12.2.0,-O3 -Wall -Wextra -std=c++17 -fopenmp -DOMP_EXPLICIT_SIMD=0 -fno-tree-vectorize,7.413983,7cc9f4cee5c661bd,passed
regular-simd_off-t16-dynamicx16-r2-4000x3000.png,2026-09-18T17:21:07Z,4000x3000.png,4000,3000,Negative,2,16,dynamic,16,off,yes,unset,unset,hype2,12.2.0,-O3 -Wall -Wextra -std=c++17 -fopenmp -DOMP_EXPLICIT_SIMD=0 -fno-tree-vectorize,2.974640,043d4193294f2dcc,passed
regular-simd_off-t16-dynamicx16-r2-4000x3000.png,2026-09-18T17:21:07Z,4000x3000.png,4000,3000,Equalize_Histogram,2,16,dynamic,16,off,yes,unset,unset,hype2,12.2.0,-O3 -Wall -Wextra -std=c++17 -fopenmp -DOMP_EXPLICIT_SIMD=0 -fno-tree-vectorize,5.546916,243220feba4dd030,passed
regular-simd_off-t16-dynamicx16-r2-4000x3000.png,2026-09-18T17:21:07Z,4000x3000.png,4000,3000,Zoom_In,2,16,dynamic,16,off,yes,unset,unset,hype2,12.2.0,-O3 -Wall -Wextra -std=c++17 -fopenmp -DOMP_EXPLICIT_SIMD=0 -fno-tree-vectorize,13.816199,71b80276839f9533,passed
regular-simd_off-t16-dynamicx16-r2-4000x3000.png,2026-09-18T17:21:07Z,4000x3000.png,4000,3000,Zoom_Out,2,16,dynamic,16,off,no,unset,unset,hype2,12.2.0,-O3 -Wall -Wextra -std=c++17 -fopenmp -DOMP_EXPLICIT_SIMD=0 -fno-tree-vectorize,9.107793,a91f518a4f2dbd10,passed
regular-simd_off-t16-dynamicx16-r2-4000x3000.png,2026-09-18T17:21:07Z,4000x3000.png,4000,3000,Rotate_CW,2,16,dynamic,16,off,no,unset,unset,hype2,12.2.0,-O3 -Wall -Wextra -std=c++17 -fopenmp -DOMP_EXPLICIT_SIMD=0 -fno-tree-vectorize,18.685865,e0f27e61a205ef0a,passed
regular-simd_off-t16-dynamicx16-r2-4000x3000.png,2026-09-18T17:21:08Z,4000x3000.png,4000,3000,Rotate_CCW,2,16,dynamic,16,off,no,unset,unset,hype2,12.2.0,-O3 -Wall -Wextra -std=c++17 -fopenmp -DOMP_EXPLICIT_SIMD=0 -fno-tree-vectorize,18.343692,b4512f3b73b7723c,passed
regular-simd_off-t16-dynamicx16-r2-4000x3000.png,2026-09-18T17:21:08Z,4000x3000.png,4000,3000,Gaussian_3x3,2,16,dynamic,16,off,yes,unset,unset,hype2,12.2.0,-O3 -Wall -Wextra -std=c++17 -fopenmp -DOMP_EXPLICIT_SIMD=0 -fno-tree-vectorize,36.739276,bc1a93797b2afda7,passed
regular-simd_off-t16-dynamicx16-r2-4000x3000.png,2026-09-18T17:21:08Z,4000x3000.png,4000,3000,Gaussian_5x5,2,16,dynamic,16,off,yes,unset,unset,hype2,12.2.0,-O3 -Wall -Wextra -std=c++17 -fopenmp -DOMP_EXPLICIT_SIMD=0 -fno-tree-vectorize,63.279605,d67ccd9b6dbb62d8,passed
regular-simd_off-t16-dynamicx16-r2-4000x3000.png,2026-09-18T17:21:08Z,4000x3000.png,4000,3000,Gaussian_7x7,2,16,dynamic,16,off,yes,unset,unset,hype2,12.2.0,-O3 -Wall -Wextra -std=c++17 -fopenmp -DOMP_EXPLICIT_SIMD=0 -fno-tree-vectorize,107.175471,98f465f1820de349,passed
regular-simd_off-t16-dynamicx16-r2-4000x3000.png,2026-09-18T17:21:08Z,4000x3000.png,4000,3000,Gaussian_9x9,2,16,dynamic,16,off,yes,unset,unset,hype2,12.2.0,-O3 -Wall -Wextra -std=c++17 -fopenmp -DOMP_EXPLICIT_SIMD=0 -fno-tree-vectorize,165.133246,8f9bd96ceab3a369,passed
regular-simd_off-t16-dynamicx16-r2-4000x3000.png,2026-09-18T17:21:08Z,4000x3000.png,4000,3000,Gaussian_11x11,2,16,dynamic,16,off,yes,unset,unset,hype2,12.2.0,-O3 -Wall -Wextra -std=c++17 -fopenmp -DOMP_EXPLICIT_SIMD=0 -fno-tree-vectorize,236.110290,1e8adb9534bf99dc,passed
regular-simd_off-t16-dynamicx16-r2-6000x6000.png,2026-09-18T17:21:10Z,6000x6000.png,6000,6000,Grayscale,2,16,dynamic,16,off,yes,unset,unset,hype2,12.2.0,-O3 -Wall -Wextra -std=c++17 -fopenmp -DOMP_EXPLICIT_SIMD=0 -fno-tree-vectorize,11.563381,937793859b387046,passed
regular-simd_off-t16-dynamicx16-r2-6000x6000.png,2026-09-18T17:21:10Z,6000x6000.png,6000,6000,Flip_Horizontal,2,16,dynamic,16,off,no,unset,unset,hype2,12.2.0,-O3 -Wall -Wextra -std=c++17 -fopenmp -DOMP_EXPLICIT_SIMD=0 -fno-tree-vectorize,4.829269,3dfbc0e2f0b456c2,passed
regular-simd_off-t16-dynamicx16-r2-6000x6000.png,2026-09-18T17:21:11Z,6000x6000.png,6000,6000,Adjust_Brightness,2,16,dynamic,16,off,yes,unset,unset,hype2,12.2.0,-O3 -Wall -Wextra -std=c++17 -fopenmp -DOMP_EXPLICIT_SIMD=0 -fno-tree-vectorize,14.397659,5d4bea966648e7a7,passed
regular-simd_off-t16-dynamicx16-r2-6000x6000.png,2026-09-18T17:21:11Z,6000x6000.png,6000,6000,Flip_Vertical,2,16,dynamic,16,off,no,unset,unset,hype2,12.2.0,-O3 -Wall -Wextra -std=c++17 -fopenmp -DOMP_EXPLICIT_SIMD=0 -fno-tree-vectorize,4.281030,bd012cf684012198,passed
regular-simd_off-t16-dynamicx16-r2-6000x6000.png,2026-09-18T17:21:11Z,6000x6000.png,6000,6000,Quantize,2,16,dynamic,16,off,yes,unset,unset,hype2,12.2.0,-O3 -Wall -Wextra -std=c++17 -fopenmp -DOMP_EXPLICIT_SIMD=0 -fno-tree-vectorize,43.081439,b2e8843413e8e7a6,passed
regular-simd_off-t16-dynamicx16-r2-6000x6000.png,2026-09-18T17:21:11Z,6000x6000.png,6000,6000,Adjust_Contrast,2,16,dynamic,16,off,yes,unset,unset,hype2,12.2.0,-O3 -Wall -Wextra -std=c++17 -fopenmp -DOMP_EXPLICIT_SIMD=0 -fno-tree-vectorize,21.086957,c036bcbf5e6d6190,passed
regular-simd_off-t16-dynamicx16-r2-6000x6000.png,2026-09-18T17:21:11Z,6000x6000.png,6000,6000,Negative,2,16,dynamic,16,off,yes,unset,unset,hype2,12.2.0,-O3 -Wall -Wextra -std=c++17 -fopenmp -DOMP_EXPLICIT_SIMD=0 -fno-tree-vectorize,8.235954,0a497e94a83bbbc0,passed
regular-simd_off-t16-dynamicx16-r2-6000x6000.png,2026-09-18T17:21:12Z,6000x6000.png,6000,6000,Equalize_Histogram,2,16,dynamic,16,off,yes,unset,unset,hype2,12.2.0,-O3 -Wall -Wextra -std=c++17 -fopenmp -DOMP_EXPLICIT_SIMD=0 -fno-tree-vectorize,14.789032,5251e13888abb30f,passed
regular-simd_off-t16-dynamicx16-r2-6000x6000.png,2026-09-18T17:21:12Z,6000x6000.png,6000,6000,Zoom_In,2,16,dynamic,16,off,yes,unset,unset,hype2,12.2.0,-O3 -Wall -Wextra -std=c++17 -fopenmp -DOMP_EXPLICIT_SIMD=0 -fno-tree-vectorize,33.259005,4e063cbe88523a0e,passed
regular-simd_off-t16-dynamicx16-r2-6000x6000.png,2026-09-18T17:21:12Z,6000x6000.png,6000,6000,Zoom_Out,2,16,dynamic,16,off,no,unset,unset,hype2,12.2.0,-O3 -Wall -Wextra -std=c++17 -fopenmp -DOMP_EXPLICIT_SIMD=0 -fno-tree-vectorize,23.436704,8eace74e8cd425e6,passed
regular-simd_off-t16-dynamicx16-r2-6000x6000.png,2026-09-18T17:21:13Z,6000x6000.png,6000,6000,Rotate_CW,2,16,dynamic,16,off,no,unset,unset,hype2,12.2.0,-O3 -Wall -Wextra -std=c++17 -fopenmp -DOMP_EXPLICIT_SIMD=0 -fno-tree-vectorize,43.678331,dd5c83f3b3cee726,passed
regular-simd_off-t16-dynamicx16-r2-6000x6000.png,2026-09-18T17:21:13Z,6000x6000.png,6000,6000,Rotate_CCW,2,16,dynamic,16,off,no,unset,unset,hype2,12.2.0,-O3 -Wall -Wextra -std=c++17 -fopenmp -DOMP_EXPLICIT_SIMD=0 -fno-tree-vectorize,43.975586,51196bd3ed2b4ba4,passed
regular-simd_off-t16-dynamicx16-r2-6000x6000.png,2026-09-18T17:21:13Z,6000x6000.png,6000,6000,Gaussian_3x3,2,16,dynamic,16,off,yes,unset,unset,hype2,12.2.0,-O3 -Wall -Wextra -std=c++17 -fopenmp -DOMP_EXPLICIT_SIMD=0 -fno-tree-vectorize,105.728019,87566478e34b4f70,passed
regular-simd_off-t16-dynamicx16-r2-6000x6000.png,2026-09-18T17:21:13Z,6000x6000.png,6000,6000,Gaussian_5x5,2,16,dynamic,16,off,yes,unset,unset,hype2,12.2.0,-O3 -Wall -Wextra -std=c++17 -fopenmp -DOMP_EXPLICIT_SIMD=0 -fno-tree-vectorize,185.286300,4b23a258f94a27f0,passed
regular-simd_off-t16-dynamicx16-r2-6000x6000.png,2026-09-18T17:21:14Z,6000x6000.png,6000,6000,Gaussian_7x7,2,16,dynamic,16,off,yes,unset,unset,hype2,12.2.0,-O3 -Wall -Wextra -std=c++17 -fopenmp -DOMP_EXPLICIT_SIMD=0 -fno-tree-vectorize,317.882286,3771268fea0417e2,passed
regular-simd_off-t16-dynamicx16-r2-6000x6000.png,2026-09-18T17:21:15Z,6000x6000.png,6000,6000,Gaussian_9x9,2,16,dynamic,16,off,yes,unset,unset,hype2,12.2.0,-O3 -Wall -Wextra -std=c++17 -fopenmp -DOMP_EXPLICIT_SIMD=0 -fno-tree-vectorize,491.236186,3f6b7f707a108bd5,passed
regular-simd_off-t16-dynamicx16-r2-6000x6000.png,2026-09-18T17:21:16Z,6000x6000.png,6000,6000,Gaussian_11x11,2,16,dynamic,16,off,yes,unset,unset,hype2,12.2.0,-O3 -Wall -Wextra -std=c++17 -fopenmp -DOMP_EXPLICIT_SIMD=0 -fno-tree-vectorize,705.749206,c923a906c8989668,passed
regular-simd_omp-t16-dynamicx16-r2-4000x3000.png,2026-09-18T17:21:16Z,4000x3000.png,4000,3000,Grayscale,2,16,dynamic,16,omp,yes,unset,unset,hype2,12.2.0,-O3 -Wall -Wextra -std=c++17 -fopenmp -DOMP_EXPLICIT_SIMD=1,4.659664,00925fa85224b60c,passed
regular-simd_omp-t16-dynamicx16-r2-4000x3000.png,2026-09-18T17:21:16Z,4000x3000.png,4000,3000,Flip_Horizontal,2,16,dynamic,16,omp,no,unset,unset,hype2,12.2.0,-O3 -Wall -Wextra -std=c++17 -fopenmp -DOMP_EXPLICIT_SIMD=1,1.828734,45d5313341f5868e,passed
regular-simd_omp-t16-dynamicx16-r2-4000x3000.png,2026-09-18T17:21:16Z,4000x3000.png,4000,3000,Adjust_Brightness,2,16,dynamic,16,omp,yes,unset,unset,hype2,12.2.0,-O3 -Wall -Wextra -std=c++17 -fopenmp -DOMP_EXPLICIT_SIMD=1,5.237206,e488c03148da4f5b,passed
regular-simd_omp-t16-dynamicx16-r2-4000x3000.png,2026-09-18T17:21:16Z,4000x3000.png,4000,3000,Flip_Vertical,2,16,dynamic,16,omp,no,unset,unset,hype2,12.2.0,-O3 -Wall -Wextra -std=c++17 -fopenmp -DOMP_EXPLICIT_SIMD=1,1.683931,754d30e4e81eccfc,passed
regular-simd_omp-t16-dynamicx16-r2-4000x3000.png,2026-09-18T17:21:16Z,4000x3000.png,4000,3000,Quantize,2,16,dynamic,16,omp,yes,unset,unset,hype2,12.2.0,-O3 -Wall -Wextra -std=c++17 -fopenmp -DOMP_EXPLICIT_SIMD=1,15.797180,f01ef010a3fd2f20,passed
regular-simd_omp-t16-dynamicx16-r2-4000x3000.png,2026-09-18T17:21:16Z,4000x3000.png,4000,3000,Adjust_Contrast,2,16,dynamic,16,omp,yes,unset,unset,hype2,12.2.0,-O3 -Wall -Wextra -std=c++17 -fopenmp -DOMP_EXPLICIT_SIMD=1,7.364366,7cc9f4cee5c661bd,passed
regular-simd_omp-t16-dynamicx16-r2-4000x3000.png,2026-09-18T17:21:17Z,4000x3000.png,4000,3000,Negative,2,16,dynamic,16,omp,yes,unset,unset,hype2,12.2.0,-O3 -Wall -Wextra -std=c++17 -fopenmp -DOMP_EXPLICIT_SIMD=1,2.930197,043d4193294f2dcc,passed
regular-simd_omp-t16-dynamicx16-r2-4000x3000.png,2026-09-18T17:21:17Z,4000x3000.png,4000,3000,Equalize_Histogram,2,16,dynamic,16,omp,yes,unset,unset,hype2,12.2.0,-O3 -Wall -Wextra -std=c++17 -fopenmp -DOMP_EXPLICIT_SIMD=1,5.564153,243220feba4dd030,passed
regular-simd_omp-t16-dynamicx16-r2-4000x3000.png,2026-09-18T17:21:17Z,4000x3000.png,4000,3000,Zoom_In,2,16,dynamic,16,omp,yes,unset,unset,hype2,12.2.0,-O3 -Wall -Wextra -std=c++17 -fopenmp -DOMP_EXPLICIT_SIMD=1,13.695892,71b80276839f9533,passed
regular-simd_omp-t16-dynamicx16-r2-4000x3000.png,2026-09-18T17:21:17Z,4000x3000.png,4000,3000,Zoom_Out,2,16,dynamic,16,omp,no,unset,unset,hype2,12.2.0,-O3 -Wall -Wextra -std=c++17 -fopenmp -DOMP_EXPLICIT_SIMD=1,9.290578,a91f518a4f2dbd10,passed
regular-simd_omp-t16-dynamicx16-r2-4000x3000.png,2026-09-18T17:21:17Z,4000x3000.png,4000,3000,Rotate_CW,2,16,dynamic,16,omp,no,unset,unset,hype2,12.2.0,-O3 -Wall -Wextra -std=c++17 -fopenmp -DOMP_EXPLICIT_SIMD=1,18.199015,e0f27e61a205ef0a,passed
regular-simd_omp-t16-dynamicx16-r2-4000x3000.png,2026-09-18T17:21:17Z,4000x3000.png,4000,3000,Rotate_CCW,2,16,dynamic,16,omp,no,unset,unset,hype2,12.2.0,-O3 -Wall -Wextra -std=c++17 -fopenmp -DOMP_EXPLICIT_SIMD=1,17.330371,b4512f3b73b7723c,passed
regular-simd_omp-t16-dynamicx16-r2-4000x3000.png,2026-09-18T17:21:17Z,4000x3000.png,4000,3000,Gaussian_3x3,2,16,dynamic,16,omp,yes,unset,unset,hype2,12.2.0,-O3 -Wall -Wextra -std=c++17 -fopenmp -DOMP_EXPLICIT_SIMD=1,35.907056,bc1a93797b2afda7,passed
regular-simd_omp-t16-dynamicx16-r2-4000x3000.png,2026-09-18T17:21:17Z,4000x3000.png,4000,3000,Gaussian_5x5,2,16,dynamic,16,omp,yes,unset,unset,hype2,12.2.0,-O3 -Wall -Wextra -std=c++17 -fopenmp -DOMP_EXPLICIT_SIMD=1,63.295504,d67ccd9b6dbb62d8,passed
regular-simd_omp-t16-dynamicx16-r2-4000x3000.png,2026-09-18T17:21:17Z,4000x3000.png,4000,3000,Gaussian_7x7,2,16,dynamic,16,omp,yes,unset,unset,hype2,12.2.0,-O3 -Wall -Wextra -std=c++17 -fopenmp -DOMP_EXPLICIT_SIMD=1,107.708364,98f465f1820de349,passed
regular-simd_omp-t16-dynamicx16-r2-4000x3000.png,2026-09-18T17:21:18Z,4000x3000.png,4000,3000,Gaussian_9x9,2,16,dynamic,16,omp,yes,unset,unset,hype2,12.2.0,-O3 -Wall -Wextra -std=c++17 -fopenmp -DOMP_EXPLICIT_SIMD=1,166.023265,8f9bd96ceab3a369,passed
regular-simd_omp-t16-dynamicx16-r2-4000x3000.png,2026-09-18T17:21:18Z,4000x3000.png,4000,3000,Gaussian_11x11,2,16,dynamic,16,omp,yes,unset,unset,hype2,12.2.0,-O3 -Wall -Wextra -std=c++17 -fopenmp -DOMP_EXPLICIT_SIMD=1,236.871995,1e8adb9534bf99dc,passed
regular-simd_omp-t16-dynamicx16-r2-6000x6000.png,2026-09-18T17:21:20Z,6000x6000.png,6000,6000,Grayscale,2,16,dynamic,16,omp,yes,unset,unset,hype2,12.2.0,-O3 -Wall -Wextra -std=c++17 -fopenmp -DOMP_EXPLICIT_SIMD=1,11.927520,937793859b387046,passed
regular-simd_omp-t16-dynamicx16-r2-6000x6000.png,2026-09-18T17:21:20Z,6000x6000.png,6000,6000,Flip_Horizontal,2,16,dynamic,16,omp,no,unset,unset,hype2,12.2.0,-O3 -Wall -Wextra -std=c++17 -fopenmp -DOMP_EXPLICIT_SIMD=1,4.513769,3dfbc0e2f0b456c2,passed
regular-simd_omp-t16-dynamicx16-r2-6000x6000.png,2026-09-18T17:21:20Z,6000x6000.png,6000,6000,Adjust_Brightness,2,16,dynamic,16,omp,yes,unset,unset,hype2,12.2.0,-O3 -Wall -Wextra -std=c++17 -fopenmp -DOMP_EXPLICIT_SIMD=1,14.554103,5d4bea966648e7a7,passed
regular-simd_omp-t16-dynamicx16-r2-6000x6000.png,2026-09-18T17:21:20Z,6000x6000.png,6000,6000,Flip_Vertical,2,16,dynamic,16,omp,no,unset,unset,hype2,12.2.0,-O3 -Wall -Wextra -std=c++17 -fopenmp -DOMP_EXPLICIT_SIMD=1,3.813457,bd012cf684012198,passed
regular-simd_omp-t16-dynamicx16-r2-6000x6000.png,2026-09-18T17:21:20Z,6000x6000.png,6000,6000,Quantize,2,16,dynamic,16,omp,yes,unset,unset,hype2,12.2.0,-O3 -Wall -Wextra -std=c++17 -fopenmp -DOMP_EXPLICIT_SIMD=1,43.637156,b2e8843413e8e7a6,passed
regular-simd_omp-t16-dynamicx16-r2-6000x6000.png,2026-09-18T17:21:21Z,6000x6000.png,6000,6000,Adjust_Contrast,2,16,dynamic,16,omp,yes,unset,unset,hype2,12.2.0,-O3 -Wall -Wextra -std=c++17 -fopenmp -DOMP_EXPLICIT_SIMD=1,21.337708,c036bcbf5e6d6190,passed
regular-simd_omp-t16-dynamicx16-r2-6000x6000.png,2026-09-18T17:21:21Z,6000x6000.png,6000,6000,Negative,2,16,dynamic,16,omp,yes,unset,unset,hype2,12.2.0,-O3 -Wall -Wextra -std=c++17 -fopenmp -DOMP_EXPLICIT_SIMD=1,8.020297,0a497e94a83bbbc0,passed
regular-simd_omp-t16-dynamicx16-r2-6000x6000.png,2026-09-18T17:21:21Z,6000x6000.png,6000,6000,Equalize_Histogram,2,16,dynamic,16,omp,yes,unset,unset,hype2,12.2.0,-O3 -Wall -Wextra -std=c++17 -fopenmp -DOMP_EXPLICIT_SIMD=1,14.827591,5251e13888abb30f,passed
regular-simd_omp-t16-dynamicx16-r2-6000x6000.png,2026-09-18T17:21:22Z,6000x6000.png,6000,6000,Zoom_In,2,16,dynamic,16,omp,yes,unset,unset,hype2,12.2.0,-O3 -Wall -Wextra -std=c++17 -fopenmp -DOMP_EXPLICIT_SIMD=1,32.878677,4e063cbe88523a0e,passed
regular-simd_omp-t16-dynamicx16-r2-6000x6000.png,2026-09-18T17:21:22Z,6000x6000.png,6000,6000,Zoom_Out,2,16,dynamic,16,omp,no,unset,unset,hype2,12.2.0,-O3 -Wall -Wextra -std=c++17 -fopenmp -DOMP_EXPLICIT_SIMD=1,23.499143,8eace74e8cd425e6,passed
regular-simd_omp-t16-dynamicx16-r2-6000x6000.png,2026-09-18T17:21:22Z,6000x6000.png,6000,6000,Rotate_CW,2,16,dynamic,16,omp,no,unset,unset,hype2,12.2.0,-O3 -Wall -Wextra -std=c++17 -fopenmp -DOMP_EXPLICIT_SIMD=1,44.368916,dd5c83f3b3cee726,passed
regular-simd_omp-t16-dynamicx16-r2-6000x6000.png,2026-09-18T17:21:22Z,6000x6000.png,6000,6000,Rotate_CCW,2,16,dynamic,16,omp,no,unset,unset,hype2,12.2.0,-O3 -Wall -Wextra -std=c++17 -fopenmp -DOMP_EXPLICIT_SIMD=1,44.839611,51196bd3ed2b4ba4,passed
regular-simd_omp-t16-dynamicx16-r2-6000x6000.png,2026-09-18T17:21:23Z,6000x6000.png,6000,6000,Gaussian_3x3,2,16,dynamic,16,omp,yes,unset,unset,hype2,12.2.0,-O3 -Wall -Wextra -std=c++17 -fopenmp -DOMP_EXPLICIT_SIMD=1,103.798687,87566478e34b4f70,passed
regular-simd_omp-t16-dynamicx16-r2-6000x6000.png,2026-09-18T17:21:23Z,6000x6000.png,6000,6000,Gaussian_5x5,2,16,dynamic,16,omp,yes,unset,unset,hype2,12.2.0,-O3 -Wall -Wextra -std=c++17 -fopenmp -DOMP_EXPLICIT_SIMD=1,185.918329,4b23a258f94a27f0,passed
regular-simd_omp-t16-dynamicx16-r2-6000x6000.png,2026-09-18T17:21:23Z,6000x6000.png,6000,6000,Gaussian_7x7,2,16,dynamic,16,omp,yes,unset,unset,hype2,12.2.0,-O3 -Wall -Wextra -std=c++17 -fopenmp -DOMP_EXPLICIT_SIMD=1,319.410829,3771268fea0417e2,passed
regular-simd_omp-t16-dynamicx16-r2-6000x6000.png,2026-09-18T17:21:24Z,6000x6000.png,6000,6000,Gaussian_9x9,2,16,dynamic,16,omp,yes,unset,unset,hype2,12.2.0,-O3 -Wall -Wextra -std=c++17 -fopenmp -DOMP_EXPLICIT_SIMD=1,494.030757,3f6b7f707a108bd5,passed
regular-simd_omp-t16-dynamicx16-r2-6000x6000.png,2026-09-18T17:21:25Z,6000x6000.png,6000,6000,Gaussian_11x11,2,16,dynamic,16,omp,yes,unset,unset,hype2,12.2.0,-O3 -Wall -Wextra -std=c++17 -fopenmp -DOMP_EXPLICIT_SIMD=1,706.876533,c923a906c8989668,passed
regular-simd_off-t16-static-r2-4000x3000.png,2026-09-18T17:21:26Z,4000x3000.png,4000,3000,Grayscale,2,16,static,,off,yes,unset,unset,hype2,12.2.0,-O3 -Wall -Wextra -std=c++17 -fopenmp -DOMP_EXPLICIT_SIMD=0 -fno-tree-vectorize,4.434049,00925fa85224b60c,passed
regular-simd_off-t16-static-r2-4000x3000.png,2026-09-18T17:21:26Z,4000x3000.png,4000,3000,Flip_Horizontal,2,16,static,,off,no,unset,unset,hype2,12.2.0,-O3 -Wall -Wextra -std=c++17 -fopenmp -DOMP_EXPLICIT_SIMD=0 -fno-tree-vectorize,1.958514,45d5313341f5868e,passed
regular-simd_off-t16-static-r2-4000x3000.png,2026-09-18T17:21:26Z,4000x3000.png,4000,3000,Adjust_Brightness,2,16,static,,off,yes,unset,unset,hype2,12.2.0,-O3 -Wall -Wextra -std=c++17 -fopenmp -DOMP_EXPLICIT_SIMD=0 -fno-tree-vectorize,4.925352,e488c03148da4f5b,passed
regular-simd_off-t16-static-r2-4000x3000.png,2026-09-18T17:21:26Z,4000x3000.png,4000,3000,Flip_Vertical,2,16,static,,off,no,unset,unset,hype2,12.2.0,-O3 -Wall -Wextra -std=c++17 -fopenmp -DOMP_EXPLICIT_SIMD=0 -fno-tree-vectorize,1.946317,754d30e4e81eccfc,passed
regular-simd_off-t16-static-r2-4000x3000.png,2026-09-18T17:21:26Z,4000x3000.png,4000,3000,Quantize,2,16,static,,off,yes,unset,unset,hype2,12.2.0,-O3 -Wall -Wextra -std=c++17 -fopenmp -DOMP_EXPLICIT_SIMD=0 -fno-tree-vectorize,16.202630,f01ef010a3fd2f20,passed
regular-simd_off-t16-static-r2-4000x3000.png,2026-09-18T17:21:26Z,4000x3000.png,4000,3000,Adjust_Contrast,2,16,static,,off,yes,unset,unset,hype2,12.2.0,-O3 -Wall -Wextra -std=c++17 -fopenmp -DOMP_EXPLICIT_SIMD=0 -fno-tree-vectorize,7.217371,7cc9f4cee5c661bd,passed
regular-simd_off-t16-static-r2-4000x3000.png,2026-09-18T17:21:26Z,4000x3000.png,4000,3000,Negative,2,16,static,,off,yes,unset,unset,hype2,12.2.0,-O3 -Wall -Wextra -std=c++17 -fopenmp -DOMP_EXPLICIT_SIMD=0 -fno-tree-vectorize,3.088019,043d4193294f2dcc,passed
regular-simd_off-t16-static-r2-4000x3000.png,2026-09-18T17:21:26Z,4000x3000.png,4000,3000,Equalize_Histogram,2,16,static,,off,yes,unset,unset,hype2,12.2.0,-O3 -Wall -Wextra -std=c++17 -fopenmp -DOMP_EXPLICIT_SIMD=0 -fno-tree-vectorize,5.023043,243220feba4dd030,passed
regular-simd_off-t16-static-r2-4000x3000.png,2026-09-18T17:21:26Z,4000x3000.png,4000,3000,Zoom_In,2,16,static,,off,yes,unset,unset,hype2,12.2.0,-O3 -Wall -Wextra -std=c++17 -fopenmp -DOMP_EXPLICIT_SIMD=0 -fno-tree-vectorize,12.315684,71b80276839f9533,passed
regular-simd_off-t16-static-r2-4000x3000.png,2026-09-18T17:21:26Z,4000x3000.png,4000,3000,Zoom_Out,2,16,static,,off,no,unset,unset,hype2,12.2.0,-O3 -Wall -Wextra -std=c++17 -fopenmp -DOMP_EXPLICIT_SIMD=0 -fno-tree-vectorize,8.922554,a91f518a4f2dbd10,passed
regular-simd_off-t16-static-r2-4000x3000.png,2026-09-18T17:21:26Z,4000x3000.png,4000,3000,Rotate_CW,2,16,static,,off,no,unset,unset,hype2,12.2.0,-O3 -Wall -Wextra -std=c++17 -fopenmp -DOMP_EXPLICIT_SIMD=0 -fno-tree-vectorize,18.266868,e0f27e61a205ef0a,passed
regular-simd_off-t16-static-r2-4000x3000.png,2026-09-18T17:21:26Z,4000x3000.png,4000,3000,Rotate_CCW,2,16,static,,off,no,unset,unset,hype2,12.2.0,-O3 -Wall -Wextra -std=c++17 -fopenmp -DOMP_EXPLICIT_SIMD=0 -fno-tree-vectorize,17.856024,b4512f3b73b7723c,passed
regular-simd_off-t16-static-r2-4000x3000.png,2026-09-18T17:21:27Z,4000x3000.png,4000,3000,Gaussian_3x3,2,16,static,,off,yes,unset,unset,hype2,12.2.0,-O3 -Wall -Wextra -std=c++17 -fopenmp -DOMP_EXPLICIT_SIMD=0 -fno-tree-vectorize,35.034061,bc1a93797b2afda7,passed
regular-simd_off-t16-static-r2-4000x3000.png,2026-09-18T17:21:27Z,4000x3000.png,4000,3000,Gaussian_5x5,2,16,static,,off,yes,unset,unset,hype2,12.2.0,-O3 -Wall -Wextra -std=c++17 -fopenmp -DOMP_EXPLICIT_SIMD=0 -fno-tree-vectorize,61.291841,d67ccd9b6dbb62d8,passed
regular-simd_off-t16-static-r2-4000x3000.png,2026-09-18T17:21:27Z,4000x3000.png,4000,3000,Gaussian_7x7,2,16,static,,off,yes,unset,unset,hype2,12.2.0,-O3 -Wall -Wextra -std=c++17 -fopenmp -DOMP_EXPLICIT_SIMD=0 -fno-tree-vectorize,104.015342,98f465f1820de349,passed
regular-simd_off-t16-static-r2-4000x3000.png,2026-09-18T17:21:27Z,4000x3000.png,4000,3000,Gaussian_9x9,2,16,static,,off,yes,unset,unset,hype2,12.2.0,-O3 -Wall -Wextra -std=c++17 -fopenmp -DOMP_EXPLICIT_SIMD=0 -fno-tree-vectorize,160.299546,8f9bd96ceab3a369,passed
regular-simd_off-t16-static-r2-4000x3000.png,2026-09-18T17:21:27Z,4000x3000.png,4000,3000,Gaussian_11x11,2,16,static,,off,yes,unset,unset,hype2,12.2.0,-O3 -Wall -Wextra -std=c++17 -fopenmp -DOMP_EXPLICIT_SIMD=0 -fno-tree-vectorize,229.436357,1e8adb9534bf99dc,passed
regular-simd_off-t16-static-r2-6000x6000.png,2026-09-18T17:21:29Z,6000x6000.png,6000,6000,Grayscale,2,16,static,,off,yes,unset,unset,hype2,12.2.0,-O3 -Wall -Wextra -std=c++17 -fopenmp -DOMP_EXPLICIT_SIMD=0 -fno-tree-vectorize,12.952927,937793859b387046,passed
regular-simd_off-t16-static-r2-6000x6000.png,2026-09-18T17:21:29Z,6000x6000.png,6000,6000,Flip_Horizontal,2,16,static,,off,no,unset,unset,hype2,12.2.0,-O3 -Wall -Wextra -std=c++17 -fopenmp -DOMP_EXPLICIT_SIMD=0 -fno-tree-vectorize,4.950211,3dfbc0e2f0b456c2,passed
regular-simd_off-t16-static-r2-6000x6000.png,2026-09-18T17:21:29Z,6000x6000.png,6000,6000,Adjust_Brightness,2,16,static,,off,yes,unset,unset,hype2,12.2.0,-O3 -Wall -Wextra -std=c++17 -fopenmp -DOMP_EXPLICIT_SIMD=0 -fno-tree-vectorize,14.381216,5d4bea966648e7a7,passed
regular-simd_off-t16-static-r2-6000x6000.png,2026-09-18T17:21:30Z,6000x6000.png,6000,6000,Flip_Vertical,2,16,static,,off,no,unset,unset,hype2,12.2.0,-O3 -Wall -Wextra -std=c++17 -fopenmp -DOMP_EXPLICIT_SIMD=0 -fno-tree-vectorize,4.624929,bd012cf684012198,passed
regular-simd_off-t16-static-r2-6000x6000.png,2026-09-18T17:21:30Z,6000x6000.png,6000,6000,Quantize,2,16,static,,off,yes,unset,unset,hype2,12.2.0,-O3 -Wall -Wextra -std=c++17 -fopenmp -DOMP_EXPLICIT_SIMD=0 -fno-tree-vectorize,43.051263,b2e8843413e8e7a6,passed
regular-simd_off-t16-static-r2-6000x6000.png,2026-09-18T17:21:30Z,6000x6000.png,6000,6000,Adjust_Contrast,2,16,static,,off,yes,unset,unset,hype2,12.2.0,-O3 -Wall -Wextra -std=c++17 -fopenmp -DOMP_EXPLICIT_SIMD=0 -fno-tree-vectorize,36.586050,c036bcbf5e6d6190,passed
regular-simd_off-t16-static-r2-6000x6000.png,2026-09-18T17:21:30Z,6000x6000.png,6000,6000,Negative,2,16,static,,off,yes,unset,unset,hype2,12.2.0,-O3 -Wall -Wextra -std=c++17 -fopenmp -DOMP_EXPLICIT_SIMD=0 -fno-tree-vectorize,13.061431,0a497e94a83bbbc0,passed
regular-simd_off-t16-static-r2-6000x6000.png,2026-09-18T17:21:30Z,6000x6000.png,6000,6000,Equalize_Histogram,2,16,static,,off,yes,unset,unset,hype2,12.2.0,-O3 -Wall -Wextra -std=c++17 -fopenmp -DOMP_EXPLICIT_SIMD=0 -fno-tree-vectorize,16.537233,5251e13888abb30f,passed
regular-simd_off-t16-static-r2-6000x6000.png,2026-09-18T17:21:31Z,6000x6000.png,6000,6000,Zoom_In,2,16,static,,off,yes,unset,unset,hype2,12.2.0,-O3 -Wall -Wextra -std=c++17 -fopenmp -DOMP_EXPLICIT_SIMD=0 -fno-tree-vectorize,31.220677,4e063cbe88523a0e,passed
regular-simd_off-t16-static-r2-6000x6000.png,2026-09-18T17:21:31Z,6000x6000.png,6000,6000,Zoom_Out,2,16,static,,off,no,unset,unset,hype2,12.2.0,-O3 -Wall -Wextra -std=c++17 -fopenmp -DOMP_EXPLICIT_SIMD=0 -fno-tree-vectorize,23.153968,8eace74e8cd425e6,passed
regular-simd_off-t16-static-r2-6000x6000.png,2026-09-18T17:21:31Z,6000x6000.png,6000,6000,Rotate_CW,2,16,static,,off,no,unset,unset,hype2,12.2.0,-O3 -Wall -Wextra -std=c++17 -fopenmp -DOMP_EXPLICIT_SIMD=0 -fno-tree-vectorize,42.992758,dd5c83f3b3cee726,passed
regular-simd_off-t16-static-r2-6000x6000.png,2026-09-18T17:21:32Z,6000x6000.png,6000,6000,Rotate_CCW,2,16,static,,off,no,unset,unset,hype2,12.2.0,-O3 -Wall -Wextra -std=c++17 -fopenmp -DOMP_EXPLICIT_SIMD=0 -fno-tree-vectorize,42.900148,51196bd3ed2b4ba4,passed
regular-simd_off-t16-static-r2-6000x6000.png,2026-09-18T17:21:32Z,6000x6000.png,6000,6000,Gaussian_3x3,2,16,static,,off,yes,unset,unset,hype2,12.2.0,-O3 -Wall -Wextra -std=c++17 -fopenmp -DOMP_EXPLICIT_SIMD=0 -fno-tree-vectorize,104.342324,87566478e34b4f70,passed
regular-simd_off-t16-static-r2-6000x6000.png,2026-09-18T17:21:32Z,6000x6000.png,6000,6000,Gaussian_5x5,2,16,static,,off,yes,unset,unset,hype2,12.2.0,-O3 -Wall -Wextra -std=c++17 -fopenmp -DOMP_EXPLICIT_SIMD=0 -fno-tree-vectorize,181.851042,4b23a258f94a27f0,passed
regular-simd_off-t16-static-r2-6000x6000.png,2026-09-18T17:21:33Z,6000x6000.png,6000,6000,Gaussian_7x7,2,16,static,,off,yes,unset,unset,hype2,12.2.0,-O3 -Wall -Wextra -std=c++17 -fopenmp -DOMP_EXPLICIT_SIMD=0 -fno-tree-vectorize,310.386296,3771268fea0417e2,passed
regular-simd_off-t16-static-r2-6000x6000.png,2026-09-18T17:21:34Z,6000x6000.png,6000,6000,Gaussian_9x9,2,16,static,,off,yes,unset,unset,hype2,12.2.0,-O3 -Wall -Wextra -std=c++17 -fopenmp -DOMP_EXPLICIT_SIMD=0 -fno-tree-vectorize,480.262019,3f6b7f707a108bd5,passed
regular-simd_off-t16-static-r2-6000x6000.png,2026-09-18T17:21:34Z,6000x6000.png,6000,6000,Gaussian_11x11,2,16,static,,off,yes,unset,unset,hype2,12.2.0,-O3 -Wall -Wextra -std=c++17 -fopenmp -DOMP_EXPLICIT_SIMD=0 -fno-tree-vectorize,714.361864,c923a906c8989668,passed
regular-simd_off-t20-static-r1-4000x3000.png,2026-09-18T17:22:29Z,4000x3000.png,4000,3000,Grayscale,1,20,static,,off,yes,unset,unset,hype2,12.2.0,-O3 -Wall -Wextra -std=c++17 -fopenmp -DOMP_EXPLICIT_SIMD=0 -fno-tree-vectorize,3.953944,00925fa85224b60c,passed
regular-simd_off-t20-static-r1-4000x3000.png,2026-09-18T17:22:29Z,4000x3000.png,4000,3000,Flip_Horizontal,1,20,static,,off,no,unset,unset,hype2,12.2.0,-O3 -Wall -Wextra -std=c++17 -fopenmp -DOMP_EXPLICIT_SIMD=0 -fno-tree-vectorize,1.676399,45d5313341f5868e,passed
regular-simd_off-t20-static-r1-4000x3000.png,2026-09-18T17:22:29Z,4000x3000.png,4000,3000,Adjust_Brightness,1,20,static,,off,yes,unset,unset,hype2,12.2.0,-O3 -Wall -Wextra -std=c++17 -fopenmp -DOMP_EXPLICIT_SIMD=0 -fno-tree-vectorize,6.061013,e488c03148da4f5b,passed
regular-simd_off-t20-static-r1-4000x3000.png,2026-09-18T17:22:29Z,4000x3000.png,4000,3000,Flip_Vertical,1,20,static,,off,no,unset,unset,hype2,12.2.0,-O3 -Wall -Wextra -std=c++17 -fopenmp -DOMP_EXPLICIT_SIMD=0 -fno-tree-vectorize,1.552211,754d30e4e81eccfc,passed
regular-simd_off-t20-static-r1-4000x3000.png,2026-09-18T17:22:29Z,4000x3000.png,4000,3000,Quantize,1,20,static,,off,yes,unset,unset,hype2,12.2.0,-O3 -Wall -Wextra -std=c++17 -fopenmp -DOMP_EXPLICIT_SIMD=0 -fno-tree-vectorize,12.236091,f01ef010a3fd2f20,passed
regular-simd_off-t20-static-r1-4000x3000.png,2026-09-18T17:22:29Z,4000x3000.png,4000,3000,Adjust_Contrast,1,20,static,,off,yes,unset,unset,hype2,12.2.0,-O3 -Wall -Wextra -std=c++17 -fopenmp -DOMP_EXPLICIT_SIMD=0 -fno-tree-vectorize,5.672634,7cc9f4cee5c661bd,passed
regular-simd_off-t20-static-r1-4000x3000.png,2026-09-18T17:22:29Z,4000x3000.png,4000,3000,Negative,1,20,static,,off,yes,unset,unset,hype2,12.2.0,-O3 -Wall -Wextra -std=c++17 -fopenmp -DOMP_EXPLICIT_SIMD=0 -fno-tree-vectorize,2.333216,043d4193294f2dcc,passed
regular-simd_off-t20-static-r1-4000x3000.png,2026-09-18T17:22:29Z,4000x3000.png,4000,3000,Equalize_Histogram,1,20,static,,off,yes,unset,unset,hype2,12.2.0,-O3 -Wall -Wextra -std=c++17 -fopenmp -DOMP_EXPLICIT_SIMD=0 -fno-tree-vectorize,4.141884,243220feba4dd030,passed
regular-simd_off-t20-static-r1-4000x3000.png,2026-09-18T17:22:29Z,4000x3000.png,4000,3000,Zoom_In,1,20,static,,off,yes,unset,unset,hype2,12.2.0,-O3 -Wall -Wextra -std=c++17 -fopenmp -DOMP_EXPLICIT_SIMD=0 -fno-tree-vectorize,9.607760,71b80276839f9533,passed
regular-simd_off-t20-static-r1-4000x3000.png,2026-09-18T17:22:30Z,4000x3000.png,4000,3000,Zoom_Out,1,20,static,,off,no,unset,unset,hype2,12.2.0,-O3 -Wall -Wextra -std=c++17 -fopenmp -DOMP_EXPLICIT_SIMD=0 -fno-tree-vectorize,7.465015,a91f518a4f2dbd10,passed
regular-simd_off-t20-static-r1-4000x3000.png,2026-09-18T17:22:30Z,4000x3000.png,4000,3000,Rotate_CW,1,20,static,,off,no,unset,unset,hype2,12.2.0,-O3 -Wall -Wextra -std=c++17 -fopenmp -DOMP_EXPLICIT_SIMD=0 -fno-tree-vectorize,13.374682,e0f27e61a205ef0a,passed
regular-simd_off-t20-static-r1-4000x3000.png,2026-09-18T17:22:30Z,4000x3000.png,4000,3000,Rotate_CCW,1,20,static,,off,no,unset,unset,hype2,12.2.0,-O3 -Wall -Wextra -std=c++17 -fopenmp -DOMP_EXPLICIT_SIMD=0 -fno-tree-vectorize,12.346996,b4512f3b73b7723c,passed
regular-simd_off-t20-static-r1-4000x3000.png,2026-09-18T17:22:30Z,4000x3000.png,4000,3000,Gaussian_3x3,1,20,static,,off,yes,unset,unset,hype2,12.2.0,-O3 -Wall -Wextra -std=c++17 -fopenmp -DOMP_EXPLICIT_SIMD=0 -fno-tree-vectorize,28.209169,bc1a93797b2afda7,passed
regular-simd_off-t20-static-r1-4000x3000.png,2026-09-18T17:22:30Z,4000x3000.png,4000,3000,Gaussian_5x5,1,20,static,,off,yes,unset,unset,hype2,12.2.0,-O3 -Wall -Wextra -std=c++17 -fopenmp -DOMP_EXPLICIT_SIMD=0 -fno-tree-vectorize,49.177990,d67ccd9b6dbb62d8,passed
regular-simd_off-t20-static-r1-4000x3000.png,2026-09-18T17:22:30Z,4000x3000.png,4000,3000,Gaussian_7x7,1,20,static,,off,yes,unset,unset,hype2,12.2.0,-O3 -Wall -Wextra -std=c++17 -fopenmp -DOMP_EXPLICIT_SIMD=0 -fno-tree-vectorize,83.542438,98f465f1820de349,passed
regular-simd_off-t20-static-r1-4000x3000.png,2026-09-18T17:22:30Z,4000x3000.png,4000,3000,Gaussian_9x9,1,20,static,,off,yes,unset,unset,hype2,12.2.0,-O3 -Wall -Wextra -std=c++17 -fopenmp -DOMP_EXPLICIT_SIMD=0 -fno-tree-vectorize,128.954676,8f9bd96ceab3a369,passed
regular-simd_off-t20-static-r1-4000x3000.png,2026-09-18T17:22:30Z,4000x3000.png,4000,3000,Gaussian_11x11,1,20,static,,off,yes,unset,unset,hype2,12.2.0,-O3 -Wall -Wextra -std=c++17 -fopenmp -DOMP_EXPLICIT_SIMD=0 -fno-tree-vectorize,184.560518,1e8adb9534bf99dc,passed
regular-simd_off-t20-static-r1-6000x6000.png,2026-09-18T17:22:32Z,6000x6000.png,6000,6000,Grayscale,1,20,static,,off,yes,unset,unset,hype2,12.2.0,-O3 -Wall -Wextra -std=c++17 -fopenmp -DOMP_EXPLICIT_SIMD=0 -fno-tree-vectorize,9.661162,937793859b387046,passed
regular-simd_off-t20-static-r1-6000x6000.png,2026-09-18T17:22:32Z,6000x6000.png,6000,6000,Flip_Horizontal,1,20,static,,off,no,unset,unset,hype2,12.2.0,-O3 -Wall -Wextra -std=c++17 -fopenmp -DOMP_EXPLICIT_SIMD=0 -fno-tree-vectorize,4.484695,3dfbc0e2f0b456c2,passed
regular-simd_off-t20-static-r1-6000x6000.png,2026-09-18T17:22:33Z,6000x6000.png,6000,6000,Adjust_Brightness,1,20,static,,off,yes,unset,unset,hype2,12.2.0,-O3 -Wall -Wextra -std=c++17 -fopenmp -DOMP_EXPLICIT_SIMD=0 -fno-tree-vectorize,11.476227,5d4bea966648e7a7,passed
regular-simd_off-t20-static-r1-6000x6000.png,2026-09-18T17:22:33Z,6000x6000.png,6000,6000,Flip_Vertical,1,20,static,,off,no,unset,unset,hype2,12.2.0,-O3 -Wall -Wextra -std=c++17 -fopenmp -DOMP_EXPLICIT_SIMD=0 -fno-tree-vectorize,4.951114,bd012cf684012198,passed
regular-simd_off-t20-static-r1-6000x6000.png,2026-09-18T17:22:33Z,6000x6000.png,6000,6000,Quantize,1,20,static,,off,yes,unset,unset,hype2,12.2.0,-O3 -Wall -Wextra -std=c++17 -fopenmp -DOMP_EXPLICIT_SIMD=0 -fno-tree-vectorize,34.716019,b2e8843413e8e7a6,passed
regular-simd_off-t20-static-r1-6000x6000.png,2026-09-18T17:22:33Z,6000x6000.png,6000,6000,Adjust_Contrast,1,20,static,,off,yes,unset,unset,hype2,12.2.0,-O3 -Wall -Wextra -std=c++17 -fopenmp -DOMP_EXPLICIT_SIMD=0 -fno-tree-vectorize,16.868113,c036bcbf5e6d6190,passed
regular-simd_off-t20-static-r1-6000x6000.png,2026-09-18T17:22:33Z,6000x6000.png,6000,6000,Negative,1,20,static,,off,yes,unset,unset,hype2,12.2.0,-O3 -Wall -Wextra -std=c++17 -fopenmp -DOMP_EXPLICIT_SIMD=0 -fno-tree-vectorize,6.817038,0a497e94a83bbbc0,passed
regular-simd_off-t20-static-r1-6000x6000.png,2026-09-18T17:22:34Z,6000x6000.png,6000,6000,Equalize_Histogram,1,20,static,,off,yes,unset,unset,hype2,12.2.0,-O3 -Wall -Wextra -std=c++17 -fopenmp -DOMP_EXPLICIT_SIMD=0 -fno-tree-vectorize,12.153121,5251e13888abb30f,passed
regular-simd_off-t20-static-r1-6000x6000.png,2026-09-18T17:22:34Z,6000x6000.png,6000,6000,Zoom_In,1,20,static,,off,yes,unset,unset,hype2,12.2.0,-O3 -Wall -Wextra -std=c++17 -fopenmp -DOMP_EXPLICIT_SIMD=0 -fno-tree-vectorize,26.861685,4e063cbe88523a0e,passed
regular-simd_off-t20-static-r1-6000x6000.png,2026-09-18T17:22:34Z,6000x6000.png,6000,6000,Zoom_Out,1,20,static,,off,no,unset,unset,hype2,12.2.0,-O3 -Wall -Wextra -std=c++17 -fopenmp -DOMP_EXPLICIT_SIMD=0 -fno-tree-vectorize,19.753859,8eace74e8cd425e6,passed
regular-simd_off-t20-static-r1-6000x6000.png,2026-09-18T17:22:35Z,6000x6000.png,6000,6000,Rotate_CW,1,20,static,,off,no,unset,unset,hype2,12.2.0,-O3 -Wall -Wextra -std=c++17 -fopenmp -DOMP_EXPLICIT_SIMD=0 -fno-tree-vectorize,38.350566,dd5c83f3b3cee726,passed
regular-simd_off-t20-static-r1-6000x6000.png,2026-09-18T17:22:35Z,6000x6000.png,6000,6000,Rotate_CCW,1,20,static,,off,no,unset,unset,hype2,12.2.0,-O3 -Wall -Wextra -std=c++17 -fopenmp -DOMP_EXPLICIT_SIMD=0 -fno-tree-vectorize,38.478733,51196bd3ed2b4ba4,passed
regular-simd_off-t20-static-r1-6000x6000.png,2026-09-18T17:22:35Z,6000x6000.png,6000,6000,Gaussian_3x3,1,20,static,,off,yes,unset,unset,hype2,12.2.0,-O3 -Wall -Wextra -std=c++17 -fopenmp -DOMP_EXPLICIT_SIMD=0 -fno-tree-vectorize,83.557122,87566478e34b4f70,passed
regular-simd_off-t20-static-r1-6000x6000.png,2026-09-18T17:22:35Z,6000x6000.png,6000,6000,Gaussian_5x5,1,20,static,,off,yes,unset,unset,hype2,12.2.0,-O3 -Wall -Wextra -std=c++17 -fopenmp -DOMP_EXPLICIT_SIMD=0 -fno-tree-vectorize,145.716772,4b23a258f94a27f0,passed
regular-simd_off-t20-static-r1-6000x6000.png,2026-09-18T17:22:36Z,6000x6000.png,6000,6000,Gaussian_7x7,1,20,static,,off,yes,unset,unset,hype2,12.2.0,-O3 -Wall -Wextra -std=c++17 -fopenmp -DOMP_EXPLICIT_SIMD=0 -fno-tree-vectorize,248.832564,3771268fea0417e2,passed
regular-simd_off-t20-static-r1-6000x6000.png,2026-09-18T17:22:36Z,6000x6000.png,6000,6000,Gaussian_9x9,1,20,static,,off,yes,unset,unset,hype2,12.2.0,-O3 -Wall -Wextra -std=c++17 -fopenmp -DOMP_EXPLICIT_SIMD=0 -fno-tree-vectorize,384.819587,3f6b7f707a108bd5,passed
regular-simd_off-t20-static-r1-6000x6000.png,2026-09-18T17:22:37Z,6000x6000.png,6000,6000,Gaussian_11x11,1,20,static,,off,yes,unset,unset,hype2,12.2.0,-O3 -Wall -Wextra -std=c++17 -fopenmp -DOMP_EXPLICIT_SIMD=0 -fno-tree-vectorize,552.281776,c923a906c8989668,passed
regular-simd_omp-t20-static-r1-4000x3000.png,2026-09-18T17:22:38Z,4000x3000.png,4000,3000,Grayscale,1,20,static,,omp,yes,unset,unset,hype2,12.2.0,-O3 -Wall -Wextra -std=c++17 -fopenmp -DOMP_EXPLICIT_SIMD=1,4.172931,00925fa85224b60c,passed
regular-simd_omp-t20-static-r1-4000x3000.png,2026-09-18T17:22:38Z,4000x3000.png,4000,3000,Flip_Horizontal,1,20,static,,omp,no,unset,unset,hype2,12.2.0,-O3 -Wall -Wextra -std=c++17 -fopenmp -DOMP_EXPLICIT_SIMD=1,1.822594,45d5313341f5868e,passed
regular-simd_omp-t20-static-r1-4000x3000.png,2026-09-18T17:22:38Z,4000x3000.png,4000,3000,Adjust_Brightness,1,20,static,,omp,yes,unset,unset,hype2,12.2.0,-O3 -Wall -Wextra -std=c++17 -fopenmp -DOMP_EXPLICIT_SIMD=1,4.122927,e488c03148da4f5b,passed
regular-simd_omp-t20-static-r1-4000x3000.png,2026-09-18T17:22:38Z,4000x3000.png,4000,3000,Flip_Vertical,1,20,static,,omp,no,unset,unset,hype2,12.2.0,-O3 -Wall -Wextra -std=c++17 -fopenmp -DOMP_EXPLICIT_SIMD=1,1.964218,754d30e4e81eccfc,passed
regular-simd_omp-t20-static-r1-4000x3000.png,2026-09-18T17:22:38Z,4000x3000.png,4000,3000,Quantize,1,20,static,,omp,yes,unset,unset,hype2,12.2.0,-O3 -Wall -Wextra -std=c++17 -fopenmp -DOMP_EXPLICIT_SIMD=1,12.238727,f01ef010a3fd2f20,passed
regular-simd_omp-t20-static-r1-4000x3000.png,2026-09-18T17:22:38Z,4000x3000.png,4000,3000,Adjust_Contrast,1,20,static,,omp,yes,unset,unset,hype2,12.2.0,-O3 -Wall -Wextra -std=c++17 -fopenmp -DOMP_EXPLICIT_SIMD=1,5.881921,7cc9f4cee5c661bd,passed
regular-simd_omp-t20-static-r1-4000x3000.png,2026-09-18T17:22:38Z,4000x3000.png,4000,3000,Negative,1,20,static,,omp,yes,unset,unset,hype2,12.2.0,-O3 -Wall -Wextra -std=c++17 -fopenmp -DOMP_EXPLICIT_SIMD=1,2.351494,043d4193294f2dcc,passed
regular-simd_omp-t20-static-r1-4000x3000.png,2026-09-18T17:22:38Z,4000x3000.png,4000,3000,Equalize_Histogram,1,20,static,,omp,yes,unset,unset,hype2,12.2.0,-O3 -Wall -Wextra -std=c++17 -fopenmp -DOMP_EXPLICIT_SIMD=1,4.110880,243220feba4dd030,passed
regular-simd_omp-t20-static-r1-4000x3000.png,2026-09-18T17:22:38Z,4000x3000.png,4000,3000,Zoom_In,1,20,static,,omp,yes,unset,unset,hype2,12.2.0,-O3 -Wall -Wextra -std=c++17 -fopenmp -DOMP_EXPLICIT_SIMD=1,9.363655,71b80276839f9533,passed
regular-simd_omp-t20-static-r1-4000x3000.png,2026-09-18T17:22:38Z,4000x3000.png,4000,3000,Zoom_Out,1,20,static,,omp,no,unset,unset,hype2,12.2.0,-O3 -Wall -Wextra -std=c++17 -fopenmp -DOMP_EXPLICIT_SIMD=1,7.431085,a91f518a4f2dbd10,passed
regular-simd_omp-t20-static-r1-4000x3000.png,2026-09-18T17:22:38Z,4000x3000.png,4000,3000,Rotate_CW,1,20,static,,omp,no,unset,unset,hype2,12.2.0,-O3 -Wall -Wextra -std=c++17 -fopenmp -DOMP_EXPLICIT_SIMD=1,17.514909,e0f27e61a205ef0a,passed
regular-simd_omp-t20-static-r1-4000x3000.png,2026-09-18T17:22:39Z,4000x3000.png,4000,3000,Rotate_CCW,1,20,static,,omp,no,unset,unset,hype2,12.2.0,-O3 -Wall -Wextra -std=c++17 -fopenmp -DOMP_EXPLICIT_SIMD=1,15.585573,b4512f3b73b7723c,passed
regular-simd_omp-t20-static-r1-4000x3000.png,2026-09-18T17:22:39Z,4000x3000.png,4000,3000,Gaussian_3x3,1,20,static,,omp,yes,unset,unset,hype2,12.2.0,-O3 -Wall -Wextra -std=c++17 -fopenmp -DOMP_EXPLICIT_SIMD=1,28.199890,bc1a93797b2afda7,passed
regular-simd_omp-t20-static-r1-4000x3000.png,2026-09-18T17:22:39Z,4000x3000.png,4000,3000,Gaussian_5x5,1,20,static,,omp,yes,unset,unset,hype2,12.2.0,-O3 -Wall -Wextra -std=c++17 -fopenmp -DOMP_EXPLICIT_SIMD=1,49.679992,d67ccd9b6dbb62d8,passed
regular-simd_omp-t20-static-r1-4000x3000.png,2026-09-18T17:22:39Z,4000x3000.png,4000,3000,Gaussian_7x7,1,20,static,,omp,yes,unset,unset,hype2,12.2.0,-O3 -Wall -Wextra -std=c++17 -fopenmp -DOMP_EXPLICIT_SIMD=1,96.554570,98f465f1820de349,passed
regular-simd_omp-t20-static-r1-4000x3000.png,2026-09-18T17:22:39Z,4000x3000.png,4000,3000,Gaussian_9x9,1,20,static,,omp,yes,unset,unset,hype2,12.2.0,-O3 -Wall -Wextra -std=c++17 -fopenmp -DOMP_EXPLICIT_SIMD=1,134.340319,8f9bd96ceab3a369,passed
regular-simd_omp-t20-static-r1-4000x3000.png,2026-09-18T17:22:39Z,4000x3000.png,4000,3000,Gaussian_11x11,1,20,static,,omp,yes,unset,unset,hype2,12.2.0,-O3 -Wall -Wextra -std=c++17 -fopenmp -DOMP_EXPLICIT_SIMD=1,184.504206,1e8adb9534bf99dc,passed
regular-simd_omp-t20-static-r1-6000x6000.png,2026-09-18T17:22:41Z,6000x6000.png,6000,6000,Grayscale,1,20,static,,omp,yes,unset,unset,hype2,12.2.0,-O3 -Wall -Wextra -std=c++17 -fopenmp -DOMP_EXPLICIT_SIMD=1,9.943387,937793859b387046,passed
regular-simd_omp-t20-static-r1-6000x6000.png,2026-09-18T17:22:41Z,6000x6000.png,6000,6000,Flip_Horizontal,1,20,static,,omp,no,unset,unset,hype2,12.2.0,-O3 -Wall -Wextra -std=c++17 -fopenmp -DOMP_EXPLICIT_SIMD=1,4.627715,3dfbc0e2f0b456c2,passed
regular-simd_omp-t20-static-r1-6000x6000.png,2026-09-18T17:22:41Z,6000x6000.png,6000,6000,Adjust_Brightness,1,20,static,,omp,yes,unset,unset,hype2,12.2.0,-O3 -Wall -Wextra -std=c++17 -fopenmp -DOMP_EXPLICIT_SIMD=1,11.943057,5d4bea966648e7a7,passed
regular-simd_omp-t20-static-r1-6000x6000.png,2026-09-18T17:22:42Z,6000x6000.png,6000,6000,Flip_Vertical,1,20,static,,omp,no,unset,unset,hype2,12.2.0,-O3 -Wall -Wextra -std=c++17 -fopenmp -DOMP_EXPLICIT_SIMD=1,4.816864,bd012cf684012198,passed
regular-simd_omp-t20-static-r1-6000x6000.png,2026-09-18T17:22:42Z,6000x6000.png,6000,6000,Quantize,1,20,static,,omp,yes,unset,unset,hype2,12.2.0,-O3 -Wall -Wextra -std=c++17 -fopenmp -DOMP_EXPLICIT_SIMD=1,35.342696,b2e8843413e8e7a6,passed
regular-simd_omp-t20-static-r1-6000x6000.png,2026-09-18T17:22:42Z,6000x6000.png,6000,6000,Adjust_Contrast,1,20,static,,omp,yes,unset,unset,hype2,12.2.0,-O3 -Wall -Wextra -std=c++17 -fopenmp -DOMP_EXPLICIT_SIMD=1,17.191278,c036bcbf5e6d6190,passed
regular-simd_omp-t20-static-r1-6000x6000.png,2026-09-18T17:22:42Z,6000x6000.png,6000,6000,Negative,1,20,static,,omp,yes,unset,unset,hype2,12.2.0,-O3 -Wall -Wextra -std=c++17 -fopenmp -DOMP_EXPLICIT_SIMD=1,6.467284,0a497e94a83bbbc0,passed
regular-simd_omp-t20-static-r1-6000x6000.png,2026-09-18T17:22:42Z,6000x6000.png,6000,6000,Equalize_Histogram,1,20,static,,omp,yes,unset,unset,hype2,12.2.0,-O3 -Wall -Wextra -std=c++17 -fopenmp -DOMP_EXPLICIT_SIMD=1,12.126324,5251e13888abb30f,passed
regular-simd_omp-t20-static-r1-6000x6000.png,2026-09-18T17:22:43Z,6000x6000.png,6000,6000,Zoom_In,1,20,static,,omp,yes,unset,unset,hype2,12.2.0,-O3 -Wall -Wextra -std=c++17 -fopenmp -DOMP_EXPLICIT_SIMD=1,25.509658,4e063cbe88523a0e,passed
regular-simd_omp-t20-static-r1-6000x6000.png,2026-09-18T17:22:43Z,6000x6000.png,6000,6000,Zoom_Out,1,20,static,,omp,no,unset,unset,hype2,12.2.0,-O3 -Wall -Wextra -std=c++17 -fopenmp -DOMP_EXPLICIT_SIMD=1,19.058571,8eace74e8cd425e6,passed
regular-simd_omp-t20-static-r1-6000x6000.png,2026-09-18T17:22:43Z,6000x6000.png,6000,6000,Rotate_CW,1,20,static,,omp,no,unset,unset,hype2,12.2.0,-O3 -Wall -Wextra -std=c++17 -fopenmp -DOMP_EXPLICIT_SIMD=1,38.129338,dd5c83f3b3cee726,passed
regular-simd_omp-t20-static-r1-6000x6000.png,2026-09-18T17:22:44Z,6000x6000.png,6000,6000,Rotate_CCW,1,20,static,,omp,no,unset,unset,hype2,12.2.0,-O3 -Wall -Wextra -std=c++17 -fopenmp -DOMP_EXPLICIT_SIMD=1,38.573972,51196bd3ed2b4ba4,passed
regular-simd_omp-t20-static-r1-6000x6000.png,2026-09-18T17:22:44Z,6000x6000.png,6000,6000,Gaussian_3x3,1,20,static,,omp,yes,unset,unset,hype2,12.2.0,-O3 -Wall -Wextra -std=c++17 -fopenmp -DOMP_EXPLICIT_SIMD=1,82.557774,87566478e34b4f70,passed
regular-simd_omp-t20-static-r1-6000x6000.png,2026-09-18T17:22:44Z,6000x6000.png,6000,6000,Gaussian_5x5,1,20,static,,omp,yes,unset,unset,hype2,12.2.0,-O3 -Wall -Wextra -std=c++17 -fopenmp -DOMP_EXPLICIT_SIMD=1,145.646842,4b23a258f94a27f0,passed
regular-simd_omp-t20-static-r1-6000x6000.png,2026-09-18T17:22:45Z,6000x6000.png,6000,6000,Gaussian_7x7,1,20,static,,omp,yes,unset,unset,hype2,12.2.0,-O3 -Wall -Wextra -std=c++17 -fopenmp -DOMP_EXPLICIT_SIMD=1,255.787203,3771268fea0417e2,passed
regular-simd_omp-t20-static-r1-6000x6000.png,2026-09-18T17:22:45Z,6000x6000.png,6000,6000,Gaussian_9x9,1,20,static,,omp,yes,unset,unset,hype2,12.2.0,-O3 -Wall -Wextra -std=c++17 -fopenmp -DOMP_EXPLICIT_SIMD=1,386.783170,3f6b7f707a108bd5,passed
regular-simd_omp-t20-static-r1-6000x6000.png,2026-09-18T17:22:46Z,6000x6000.png,6000,6000,Gaussian_11x11,1,20,static,,omp,yes,unset,unset,hype2,12.2.0,-O3 -Wall -Wextra -std=c++17 -fopenmp -DOMP_EXPLICIT_SIMD=1,554.131842,c923a906c8989668,passed
regular-simd_off-t20-dynamicx1-r1-4000x3000.png,2026-09-18T17:22:47Z,4000x3000.png,4000,3000,Grayscale,1,20,dynamic,1,off,yes,unset,unset,hype2,12.2.0,-O3 -Wall -Wextra -std=c++17 -fopenmp -DOMP_EXPLICIT_SIMD=0 -fno-tree-vectorize,3.940780,00925fa85224b60c,passed
regular-simd_off-t20-dynamicx1-r1-4000x3000.png,2026-09-18T17:22:47Z,4000x3000.png,4000,3000,Flip_Horizontal,1,20,dynamic,1,off,no,unset,unset,hype2,12.2.0,-O3 -Wall -Wextra -std=c++17 -fopenmp -DOMP_EXPLICIT_SIMD=0 -fno-tree-vectorize,1.450657,45d5313341f5868e,passed
regular-simd_off-t20-dynamicx1-r1-4000x3000.png,2026-09-18T17:22:47Z,4000x3000.png,4000,3000,Adjust_Brightness,1,20,dynamic,1,off,yes,unset,unset,hype2,12.2.0,-O3 -Wall -Wextra -std=c++17 -fopenmp -DOMP_EXPLICIT_SIMD=0 -fno-tree-vectorize,3.922803,e488c03148da4f5b,passed
regular-simd_off-t20-dynamicx1-r1-4000x3000.png,2026-09-18T17:22:47Z,4000x3000.png,4000,3000,Flip_Vertical,1,20,dynamic,1,off,no,unset,unset,hype2,12.2.0,-O3 -Wall -Wextra -std=c++17 -fopenmp -DOMP_EXPLICIT_SIMD=0 -fno-tree-vectorize,1.949952,754d30e4e81eccfc,passed
regular-simd_off-t20-dynamicx1-r1-4000x3000.png,2026-09-18T17:22:47Z,4000x3000.png,4000,3000,Quantize,1,20,dynamic,1,off,yes,unset,unset,hype2,12.2.0,-O3 -Wall -Wextra -std=c++17 -fopenmp -DOMP_EXPLICIT_SIMD=0 -fno-tree-vectorize,12.642988,f01ef010a3fd2f20,passed
regular-simd_off-t20-dynamicx1-r1-4000x3000.png,2026-09-18T17:22:47Z,4000x3000.png,4000,3000,Adjust_Contrast,1,20,dynamic,1,off,yes,unset,unset,hype2,12.2.0,-O3 -Wall -Wextra -std=c++17 -fopenmp -DOMP_EXPLICIT_SIMD=0 -fno-tree-vectorize,5.767248,7cc9f4cee5c661bd,passed
regular-simd_off-t20-dynamicx1-r1-4000x3000.png,2026-09-18T17:22:47Z,4000x3000.png,4000,3000,Negative,1,20,dynamic,1,off,yes,unset,unset,hype2,12.2.0,-O3 -Wall -Wextra -std=c++17 -fopenmp -DOMP_EXPLICIT_SIMD=0 -fno-tree-vectorize,2.301018,043d4193294f2dcc,passed
regular-simd_off-t20-dynamicx1-r1-4000x3000.png,2026-09-18T17:22:47Z,4000x3000.png,4000,3000,Equalize_Histogram,1,20,dynamic,1,off,yes,unset,unset,hype2,12.2.0,-O3 -Wall -Wextra -std=c++17 -fopenmp -DOMP_EXPLICIT_SIMD=0 -fno-tree-vectorize,4.412712,243220feba4dd030,passed
regular-simd_off-t20-dynamicx1-r1-4000x3000.png,2026-09-18T17:22:47Z,4000x3000.png,4000,3000,Zoom_In,1,20,dynamic,1,off,yes,unset,unset,hype2,12.2.0,-O3 -Wall -Wextra -std=c++17 -fopenmp -DOMP_EXPLICIT_SIMD=0 -fno-tree-vectorize,28.397826,71b80276839f9533,passed
regular-simd_off-t20-dynamicx1-r1-4000x3000.png,2026-09-18T17:22:47Z,4000x3000.png,4000,3000,Zoom_Out,1,20,dynamic,1,off,no,unset,unset,hype2,12.2.0,-O3 -Wall -Wextra -std=c++17 -fopenmp -DOMP_EXPLICIT_SIMD=0 -fno-tree-vectorize,8.228218,a91f518a4f2dbd10,passed
regular-simd_off-t20-dynamicx1-r1-4000x3000.png,2026-09-18T17:22:47Z,4000x3000.png,4000,3000,Rotate_CW,1,20,dynamic,1,off,no,unset,unset,hype2,12.2.0,-O3 -Wall -Wextra -std=c++17 -fopenmp -DOMP_EXPLICIT_SIMD=0 -fno-tree-vectorize,26.885334,e0f27e61a205ef0a,passed
regular-simd_off-t20-dynamicx1-r1-4000x3000.png,2026-09-18T17:22:47Z,4000x3000.png,4000,3000,Rotate_CCW,1,20,dynamic,1,off,no,unset,unset,hype2,12.2.0,-O3 -Wall -Wextra -std=c++17 -fopenmp -DOMP_EXPLICIT_SIMD=0 -fno-tree-vectorize,27.029527,b4512f3b73b7723c,passed
regular-simd_off-t20-dynamicx1-r1-4000x3000.png,2026-09-18T17:22:48Z,4000x3000.png,4000,3000,Gaussian_3x3,1,20,dynamic,1,off,yes,unset,unset,hype2,12.2.0,-O3 -Wall -Wextra -std=c++17 -fopenmp -DOMP_EXPLICIT_SIMD=0 -fno-tree-vectorize,32.552012,bc1a93797b2afda7,passed
regular-simd_off-t20-dynamicx1-r1-4000x3000.png,2026-09-18T17:22:48Z,4000x3000.png,4000,3000,Gaussian_5x5,1,20,dynamic,1,off,yes,unset,unset,hype2,12.2.0,-O3 -Wall -Wextra -std=c++17 -fopenmp -DOMP_EXPLICIT_SIMD=0 -fno-tree-vectorize,52.719956,d67ccd9b6dbb62d8,passed
regular-simd_off-t20-dynamicx1-r1-4000x3000.png,2026-09-18T17:22:48Z,4000x3000.png,4000,3000,Gaussian_7x7,1,20,dynamic,1,off,yes,unset,unset,hype2,12.2.0,-O3 -Wall -Wextra -std=c++17 -fopenmp -DOMP_EXPLICIT_SIMD=0 -fno-tree-vectorize,84.822145,98f465f1820de349,passed
regular-simd_off-t20-dynamicx1-r1-4000x3000.png,2026-09-18T17:22:48Z,4000x3000.png,4000,3000,Gaussian_9x9,1,20,dynamic,1,off,yes,unset,unset,hype2,12.2.0,-O3 -Wall -Wextra -std=c++17 -fopenmp -DOMP_EXPLICIT_SIMD=0 -fno-tree-vectorize,130.056064,8f9bd96ceab3a369,passed
regular-simd_off-t20-dynamicx1-r1-4000x3000.png,2026-09-18T17:22:48Z,4000x3000.png,4000,3000,Gaussian_11x11,1,20,dynamic,1,off,yes,unset,unset,hype2,12.2.0,-O3 -Wall -Wextra -std=c++17 -fopenmp -DOMP_EXPLICIT_SIMD=0 -fno-tree-vectorize,185.123235,1e8adb9534bf99dc,passed
regular-simd_off-t20-dynamicx1-r1-6000x6000.png,2026-09-18T17:22:50Z,6000x6000.png,6000,6000,Grayscale,1,20,dynamic,1,off,yes,unset,unset,hype2,12.2.0,-O3 -Wall -Wextra -std=c++17 -fopenmp -DOMP_EXPLICIT_SIMD=0 -fno-tree-vectorize,9.571569,937793859b387046,passed
regular-simd_off-t20-dynamicx1-r1-6000x6000.png,2026-09-18T17:22:50Z,6000x6000.png,6000,6000,Flip_Horizontal,1,20,dynamic,1,off,no,unset,unset,hype2,12.2.0,-O3 -Wall -Wextra -std=c++17 -fopenmp -DOMP_EXPLICIT_SIMD=0 -fno-tree-vectorize,4.124240,3dfbc0e2f0b456c2,passed
regular-simd_off-t20-dynamicx1-r1-6000x6000.png,2026-09-18T17:22:50Z,6000x6000.png,6000,6000,Adjust_Brightness,1,20,dynamic,1,off,yes,unset,unset,hype2,12.2.0,-O3 -Wall -Wextra -std=c++17 -fopenmp -DOMP_EXPLICIT_SIMD=0 -fno-tree-vectorize,11.368700,5d4bea966648e7a7,passed
regular-simd_off-t20-dynamicx1-r1-6000x6000.png,2026-09-18T17:22:51Z,6000x6000.png,6000,6000,Flip_Vertical,1,20,dynamic,1,off,no,unset,unset,hype2,12.2.0,-O3 -Wall -Wextra -std=c++17 -fopenmp -DOMP_EXPLICIT_SIMD=0 -fno-tree-vectorize,3.843514,bd012cf684012198,passed
regular-simd_off-t20-dynamicx1-r1-6000x6000.png,2026-09-18T17:22:51Z,6000x6000.png,6000,6000,Quantize,1,20,dynamic,1,off,yes,unset,unset,hype2,12.2.0,-O3 -Wall -Wextra -std=c++17 -fopenmp -DOMP_EXPLICIT_SIMD=0 -fno-tree-vectorize,34.931028,b2e8843413e8e7a6,passed
regular-simd_off-t20-dynamicx1-r1-6000x6000.png,2026-09-18T17:22:51Z,6000x6000.png,6000,6000,Adjust_Contrast,1,20,dynamic,1,off,yes,unset,unset,hype2,12.2.0,-O3 -Wall -Wextra -std=c++17 -fopenmp -DOMP_EXPLICIT_SIMD=0 -fno-tree-vectorize,16.956898,c036bcbf5e6d6190,passed
regular-simd_off-t20-dynamicx1-r1-6000x6000.png,2026-09-18T17:22:51Z,6000x6000.png,6000,6000,Negative,1,20,dynamic,1,off,yes,unset,unset,hype2,12.2.0,-O3 -Wall -Wextra -std=c++17 -fopenmp -DOMP_EXPLICIT_SIMD=0 -fno-tree-vectorize,6.565548,0a497e94a83bbbc0,passed
regular-simd_off-t20-dynamicx1-r1-6000x6000.png,2026-09-18T17:22:51Z,6000x6000.png,6000,6000,Equalize_Histogram,1,20,dynamic,1,off,yes,unset,unset,hype2,12.2.0,-O3 -Wall -Wextra -std=c++17 -fopenmp -DOMP_EXPLICIT_SIMD=0 -fno-tree-vectorize,11.799470,5251e13888abb30f,passed
regular-simd_off-t20-dynamicx1-r1-6000x6000.png,2026-09-18T17:22:52Z,6000x6000.png,6000,6000,Zoom_In,1,20,dynamic,1,off,yes,unset,unset,hype2,12.2.0,-O3 -Wall -Wextra -std=c++17 -fopenmp -DOMP_EXPLICIT_SIMD=0 -fno-tree-vectorize,81.022881,4e063cbe88523a0e,passed
regular-simd_off-t20-dynamicx1-r1-6000x6000.png,2026-09-18T17:22:52Z,6000x6000.png,6000,6000,Zoom_Out,1,20,dynamic,1,off,no,unset,unset,hype2,12.2.0,-O3 -Wall -Wextra -std=c++17 -fopenmp -DOMP_EXPLICIT_SIMD=0 -fno-tree-vectorize,23.500868,8eace74e8cd425e6,passed
regular-simd_off-t20-dynamicx1-r1-6000x6000.png,2026-09-18T17:22:52Z,6000x6000.png,6000,6000,Rotate_CW,1,20,dynamic,1,off,no,unset,unset,hype2,12.2.0,-O3 -Wall -Wextra -std=c++17 -fopenmp -DOMP_EXPLICIT_SIMD=0 -fno-tree-vectorize,66.220641,dd5c83f3b3cee726,passed
regular-simd_off-t20-dynamicx1-r1-6000x6000.png,2026-09-18T17:22:53Z,6000x6000.png,6000,6000,Rotate_CCW,1,20,dynamic,1,off,no,unset,unset,hype2,12.2.0,-O3 -Wall -Wextra -std=c++17 -fopenmp -DOMP_EXPLICIT_SIMD=0 -fno-tree-vectorize,68.250787,51196bd3ed2b4ba4,passed
regular-simd_off-t20-dynamicx1-r1-6000x6000.png,2026-09-18T17:22:53Z,6000x6000.png,6000,6000,Gaussian_3x3,1,20,dynamic,1,off,yes,unset,unset,hype2,12.2.0,-O3 -Wall -Wextra -std=c++17 -fopenmp -DOMP_EXPLICIT_SIMD=0 -fno-tree-vectorize,97.537170,87566478e34b4f70,passed
regular-simd_off-t20-dynamicx1-r1-6000x6000.png,2026-09-18T17:22:53Z,6000x6000.png,6000,6000,Gaussian_5x5,1,20,dynamic,1,off,yes,unset,unset,hype2,12.2.0,-O3 -Wall -Wextra -std=c++17 -fopenmp -DOMP_EXPLICIT_SIMD=0 -fno-tree-vectorize,153.674902,4b23a258f94a27f0,passed
regular-simd_off-t20-dynamicx1-r1-6000x6000.png,2026-09-18T17:22:54Z,6000x6000.png,6000,6000,Gaussian_7x7,1,20,dynamic,1,off,yes,unset,unset,hype2,12.2.0,-O3 -Wall -Wextra -std=c++17 -fopenmp -DOMP_EXPLICIT_SIMD=0 -fno-tree-vectorize,251.756054,3771268fea0417e2,passed
regular-simd_off-t20-dynamicx1-r1-6000x6000.png,2026-09-18T17:22:54Z,6000x6000.png,6000,6000,Gaussian_9x9,1,20,dynamic,1,off,yes,unset,unset,hype2,12.2.0,-O3 -Wall -Wextra -std=c++17 -fopenmp -DOMP_EXPLICIT_SIMD=0 -fno-tree-vectorize,391.348474,3f6b7f707a108bd5,passed
regular-simd_off-t20-dynamicx1-r1-6000x6000.png,2026-09-18T17:22:55Z,6000x6000.png,6000,6000,Gaussian_11x11,1,20,dynamic,1,off,yes,unset,unset,hype2,12.2.0,-O3 -Wall -Wextra -std=c++17 -fopenmp -DOMP_EXPLICIT_SIMD=0 -fno-tree-vectorize,555.186264,c923a906c8989668,passed
regular-simd_omp-t20-dynamicx1-r1-4000x3000.png,2026-09-18T17:22:56Z,4000x3000.png,4000,3000,Grayscale,1,20,dynamic,1,omp,yes,unset,unset,hype2,12.2.0,-O3 -Wall -Wextra -std=c++17 -fopenmp -DOMP_EXPLICIT_SIMD=1,4.083351,00925fa85224b60c,passed
regular-simd_omp-t20-dynamicx1-r1-4000x3000.png,2026-09-18T17:22:56Z,4000x3000.png,4000,3000,Flip_Horizontal,1,20,dynamic,1,omp,no,unset,unset,hype2,12.2.0,-O3 -Wall -Wextra -std=c++17 -fopenmp -DOMP_EXPLICIT_SIMD=1,1.486031,45d5313341f5868e,passed
regular-simd_omp-t20-dynamicx1-r1-4000x3000.png,2026-09-18T17:22:56Z,4000x3000.png,4000,3000,Adjust_Brightness,1,20,dynamic,1,omp,yes,unset,unset,hype2,12.2.0,-O3 -Wall -Wextra -std=c++17 -fopenmp -DOMP_EXPLICIT_SIMD=1,3.995660,e488c03148da4f5b,passed
regular-simd_omp-t20-dynamicx1-r1-4000x3000.png,2026-09-18T17:22:56Z,4000x3000.png,4000,3000,Flip_Vertical,1,20,dynamic,1,omp,no,unset,unset,hype2,12.2.0,-O3 -Wall -Wextra -std=c++17 -fopenmp -DOMP_EXPLICIT_SIMD=1,2.036841,754d30e4e81eccfc,passed
regular-simd_omp-t20-dynamicx1-r1-4000x3000.png,2026-09-18T17:22:56Z,4000x3000.png,4000,3000,Quantize,1,20,dynamic,1,omp,yes,unset,unset,hype2,12.2.0,-O3 -Wall -Wextra -std=c++17 -fopenmp -DOMP_EXPLICIT_SIMD=1,12.634902,f01ef010a3fd2f20,passed
regular-simd_omp-t20-dynamicx1-r1-4000x3000.png,2026-09-18T17:22:56Z,4000x3000.png,4000,3000,Adjust_Contrast,1,20,dynamic,1,omp,yes,unset,unset,hype2,12.2.0,-O3 -Wall -Wextra -std=c++17 -fopenmp -DOMP_EXPLICIT_SIMD=1,5.722096,7cc9f4cee5c661bd,passed
regular-simd_omp-t20-dynamicx1-r1-4000x3000.png,2026-09-18T17:22:56Z,4000x3000.png,4000,3000,Negative,1,20,dynamic,1,omp,yes,unset,unset,hype2,12.2.0,-O3 -Wall -Wextra -std=c++17 -fopenmp -DOMP_EXPLICIT_SIMD=1,2.316618,043d4193294f2dcc,passed
regular-simd_omp-t20-dynamicx1-r1-4000x3000.png,2026-09-18T17:22:56Z,4000x3000.png,4000,3000,Equalize_Histogram,1,20,dynamic,1,omp,yes,unset,unset,hype2,12.2.0,-O3 -Wall -Wextra -std=c++17 -fopenmp -DOMP_EXPLICIT_SIMD=1,4.484786,243220feba4dd030,passed
regular-simd_omp-t20-dynamicx1-r1-4000x3000.png,2026-09-18T17:22:56Z,4000x3000.png,4000,3000,Zoom_In,1,20,dynamic,1,omp,yes,unset,unset,hype2,12.2.0,-O3 -Wall -Wextra -std=c++17 -fopenmp -DOMP_EXPLICIT_SIMD=1,28.427775,71b80276839f9533,passed
regular-simd_omp-t20-dynamicx1-r1-4000x3000.png,2026-09-18T17:22:56Z,4000x3000.png,4000,3000,Zoom_Out,1,20,dynamic,1,omp,no,unset,unset,hype2,12.2.0,-O3 -Wall -Wextra -std=c++17 -fopenmp -DOMP_EXPLICIT_SIMD=1,8.140556,a91f518a4f2dbd10,passed
regular-simd_omp-t20-dynamicx1-r1-4000x3000.png,2026-09-18T17:22:56Z,4000x3000.png,4000,3000,Rotate_CW,1,20,dynamic,1,omp,no,unset,unset,hype2,12.2.0,-O3 -Wall -Wextra -std=c++17 -fopenmp -DOMP_EXPLICIT_SIMD=1,27.107216,e0f27e61a205ef0a,passed
regular-simd_omp-t20-dynamicx1-r1-4000x3000.png,2026-09-18T17:22:57Z,4000x3000.png,4000,3000,Rotate_CCW,1,20,dynamic,1,omp,no,unset,unset,hype2,12.2.0,-O3 -Wall -Wextra -std=c++17 -fopenmp -DOMP_EXPLICIT_SIMD=1,26.427264,b4512f3b73b7723c,passed
regular-simd_omp-t20-dynamicx1-r1-4000x3000.png,2026-09-18T17:22:57Z,4000x3000.png,4000,3000,Gaussian_3x3,1,20,dynamic,1,omp,yes,unset,unset,hype2,12.2.0,-O3 -Wall -Wextra -std=c++17 -fopenmp -DOMP_EXPLICIT_SIMD=1,32.258204,bc1a93797b2afda7,passed
regular-simd_omp-t20-dynamicx1-r1-4000x3000.png,2026-09-18T17:22:57Z,4000x3000.png,4000,3000,Gaussian_5x5,1,20,dynamic,1,omp,yes,unset,unset,hype2,12.2.0,-O3 -Wall -Wextra -std=c++17 -fopenmp -DOMP_EXPLICIT_SIMD=1,53.461031,d67ccd9b6dbb62d8,passed
regular-simd_omp-t20-dynamicx1-r1-4000x3000.png,2026-09-18T17:22:57Z,4000x3000.png,4000,3000,Gaussian_7x7,1,20,dynamic,1,omp,yes,unset,unset,hype2,12.2.0,-O3 -Wall -Wextra -std=c++17 -fopenmp -DOMP_EXPLICIT_SIMD=1,85.470587,98f465f1820de349,passed
regular-simd_omp-t20-dynamicx1-r1-4000x3000.png,2026-09-18T17:22:57Z,4000x3000.png,4000,3000,Gaussian_9x9,1,20,dynamic,1,omp,yes,unset,unset,hype2,12.2.0,-O3 -Wall -Wextra -std=c++17 -fopenmp -DOMP_EXPLICIT_SIMD=1,130.244096,8f9bd96ceab3a369,passed
regular-simd_omp-t20-dynamicx1-r1-4000x3000.png,2026-09-18T17:22:57Z,4000x3000.png,4000,3000,Gaussian_11x11,1,20,dynamic,1,omp,yes,unset,unset,hype2,12.2.0,-O3 -Wall -Wextra -std=c++17 -fopenmp -DOMP_EXPLICIT_SIMD=1,185.540716,1e8adb9534bf99dc,passed
regular-simd_omp-t20-dynamicx1-r1-6000x6000.png,2026-09-18T17:22:59Z,6000x6000.png,6000,6000,Grayscale,1,20,dynamic,1,omp,yes,unset,unset,hype2,12.2.0,-O3 -Wall -Wextra -std=c++17 -fopenmp -DOMP_EXPLICIT_SIMD=1,9.895494,937793859b387046,passed
regular-simd_omp-t20-dynamicx1-r1-6000x6000.png,2026-09-18T17:22:59Z,6000x6000.png,6000,6000,Flip_Horizontal,1,20,dynamic,1,omp,no,unset,unset,hype2,12.2.0,-O3 -Wall -Wextra -std=c++17 -fopenmp -DOMP_EXPLICIT_SIMD=1,3.985802,3dfbc0e2f0b456c2,passed
regular-simd_omp-t20-dynamicx1-r1-6000x6000.png,2026-09-18T17:22:59Z,6000x6000.png,6000,6000,Adjust_Brightness,1,20,dynamic,1,omp,yes,unset,unset,hype2,12.2.0,-O3 -Wall -Wextra -std=c++17 -fopenmp -DOMP_EXPLICIT_SIMD=1,11.758080,5d4bea966648e7a7,passed
regular-simd_omp-t20-dynamicx1-r1-6000x6000.png,2026-09-18T17:23:00Z,6000x6000.png,6000,6000,Flip_Vertical,1,20,dynamic,1,omp,no,unset,unset,hype2,12.2.0,-O3 -Wall -Wextra -std=c++17 -fopenmp -DOMP_EXPLICIT_SIMD=1,4.470781,bd012cf684012198,passed
regular-simd_omp-t20-dynamicx1-r1-6000x6000.png,2026-09-18T17:23:00Z,6000x6000.png,6000,6000,Quantize,1,20,dynamic,1,omp,yes,unset,unset,hype2,12.2.0,-O3 -Wall -Wextra -std=c++17 -fopenmp -DOMP_EXPLICIT_SIMD=1,35.192859,b2e8843413e8e7a6,passed
regular-simd_omp-t20-dynamicx1-r1-6000x6000.png,2026-09-18T17:23:00Z,6000x6000.png,6000,6000,Adjust_Contrast,1,20,dynamic,1,omp,yes,unset,unset,hype2,12.2.0,-O3 -Wall -Wextra -std=c++17 -fopenmp -DOMP_EXPLICIT_SIMD=1,16.914465,c036bcbf5e6d6190,passed
regular-simd_omp-t20-dynamicx1-r1-6000x6000.png,2026-09-18T17:23:00Z,6000x6000.png,6000,6000,Negative,1,20,dynamic,1,omp,yes,unset,unset,hype2,12.2.0,-O3 -Wall -Wextra -std=c++17 -fopenmp -DOMP_EXPLICIT_SIMD=1,6.421560,0a497e94a83bbbc0,passed
regular-simd_omp-t20-dynamicx1-r1-6000x6000.png,2026-09-18T17:23:00Z,6000x6000.png,6000,6000,Equalize_Histogram,1,20,dynamic,1,omp,yes,unset,unset,hype2,12.2.0,-O3 -Wall -Wextra -std=c++17 -fopenmp -DOMP_EXPLICIT_SIMD=1,12.103290,5251e13888abb30f,passed
regular-simd_omp-t20-dynamicx1-r1-6000x6000.png,2026-09-18T17:23:01Z,6000x6000.png,6000,6000,Zoom_In,1,20,dynamic,1,omp,yes,unset,unset,hype2,12.2.0,-O3 -Wall -Wextra -std=c++17 -fopenmp -DOMP_EXPLICIT_SIMD=1,82.824928,4e063cbe88523a0e,passed
regular-simd_omp-t20-dynamicx1-r1-6000x6000.png,2026-09-18T17:23:01Z,6000x6000.png,6000,6000,Zoom_Out,1,20,dynamic,1,omp,no,unset,unset,hype2,12.2.0,-O3 -Wall -Wextra -std=c++17 -fopenmp -DOMP_EXPLICIT_SIMD=1,23.649755,8eace74e8cd425e6,passed
regular-simd_omp-t20-dynamicx1-r1-6000x6000.png,2026-09-18T17:23:01Z,6000x6000.png,6000,6000,Rotate_CW,1,20,dynamic,1,omp,no,unset,unset,hype2,12.2.0,-O3 -Wall -Wextra -std=c++17 -fopenmp -DOMP_EXPLICIT_SIMD=1,66.814648,dd5c83f3b3cee726,passed
regular-simd_omp-t20-dynamicx1-r1-6000x6000.png,2026-09-18T17:23:02Z,6000x6000.png,6000,6000,Rotate_CCW,1,20,dynamic,1,omp,no,unset,unset,hype2,12.2.0,-O3 -Wall -Wextra -std=c++17 -fopenmp -DOMP_EXPLICIT_SIMD=1,67.111047,51196bd3ed2b4ba4,passed
regular-simd_omp-t20-dynamicx1-r1-6000x6000.png,2026-09-18T17:23:02Z,6000x6000.png,6000,6000,Gaussian_3x3,1,20,dynamic,1,omp,yes,unset,unset,hype2,12.2.0,-O3 -Wall -Wextra -std=c++17 -fopenmp -DOMP_EXPLICIT_SIMD=1,95.739898,87566478e34b4f70,passed
regular-simd_omp-t20-dynamicx1-r1-6000x6000.png,2026-09-18T17:23:02Z,6000x6000.png,6000,6000,Gaussian_5x5,1,20,dynamic,1,omp,yes,unset,unset,hype2,12.2.0,-O3 -Wall -Wextra -std=c++17 -fopenmp -DOMP_EXPLICIT_SIMD=1,155.742409,4b23a258f94a27f0,passed
regular-simd_omp-t20-dynamicx1-r1-6000x6000.png,2026-09-18T17:23:03Z,6000x6000.png,6000,6000,Gaussian_7x7,1,20,dynamic,1,omp,yes,unset,unset,hype2,12.2.0,-O3 -Wall -Wextra -std=c++17 -fopenmp -DOMP_EXPLICIT_SIMD=1,253.057303,3771268fea0417e2,passed
regular-simd_omp-t20-dynamicx1-r1-6000x6000.png,2026-09-18T17:23:03Z,6000x6000.png,6000,6000,Gaussian_9x9,1,20,dynamic,1,omp,yes,unset,unset,hype2,12.2.0,-O3 -Wall -Wextra -std=c++17 -fopenmp -DOMP_EXPLICIT_SIMD=1,389.002946,3f6b7f707a108bd5,passed
regular-simd_omp-t20-dynamicx1-r1-6000x6000.png,2026-09-18T17:23:04Z,6000x6000.png,6000,6000,Gaussian_11x11,1,20,dynamic,1,omp,yes,unset,unset,hype2,12.2.0,-O3 -Wall -Wextra -std=c++17 -fopenmp -DOMP_EXPLICIT_SIMD=1,558.135351,c923a906c8989668,passed
regular-simd_off-t20-dynamicx16-r1-4000x3000.png,2026-09-18T17:23:05Z,4000x3000.png,4000,3000,Grayscale,1,20,dynamic,16,off,yes,unset,unset,hype2,12.2.0,-O3 -Wall -Wextra -std=c++17 -fopenmp -DOMP_EXPLICIT_SIMD=0 -fno-tree-vectorize,4.026210,00925fa85224b60c,passed
regular-simd_off-t20-dynamicx16-r1-4000x3000.png,2026-09-18T17:23:05Z,4000x3000.png,4000,3000,Flip_Horizontal,1,20,dynamic,16,off,no,unset,unset,hype2,12.2.0,-O3 -Wall -Wextra -std=c++17 -fopenmp -DOMP_EXPLICIT_SIMD=0 -fno-tree-vectorize,1.634747,45d5313341f5868e,passed
regular-simd_off-t20-dynamicx16-r1-4000x3000.png,2026-09-18T17:23:05Z,4000x3000.png,4000,3000,Adjust_Brightness,1,20,dynamic,16,off,yes,unset,unset,hype2,12.2.0,-O3 -Wall -Wextra -std=c++17 -fopenmp -DOMP_EXPLICIT_SIMD=0 -fno-tree-vectorize,4.211365,e488c03148da4f5b,passed
regular-simd_off-t20-dynamicx16-r1-4000x3000.png,2026-09-18T17:23:05Z,4000x3000.png,4000,3000,Flip_Vertical,1,20,dynamic,16,off,no,unset,unset,hype2,12.2.0,-O3 -Wall -Wextra -std=c++17 -fopenmp -DOMP_EXPLICIT_SIMD=0 -fno-tree-vectorize,1.674354,754d30e4e81eccfc,passed
regular-simd_off-t20-dynamicx16-r1-4000x3000.png,2026-09-18T17:23:05Z,4000x3000.png,4000,3000,Quantize,1,20,dynamic,16,off,yes,unset,unset,hype2,12.2.0,-O3 -Wall -Wextra -std=c++17 -fopenmp -DOMP_EXPLICIT_SIMD=0 -fno-tree-vectorize,13.058772,f01ef010a3fd2f20,passed
regular-simd_off-t20-dynamicx16-r1-4000x3000.png,2026-09-18T17:23:05Z,4000x3000.png,4000,3000,Adjust_Contrast,1,20,dynamic,16,off,yes,unset,unset,hype2,12.2.0,-O3 -Wall -Wextra -std=c++17 -fopenmp -DOMP_EXPLICIT_SIMD=0 -fno-tree-vectorize,6.005262,7cc9f4cee5c661bd,passed
regular-simd_off-t20-dynamicx16-r1-4000x3000.png,2026-09-18T17:23:05Z,4000x3000.png,4000,3000,Negative,1,20,dynamic,16,off,yes,unset,unset,hype2,12.2.0,-O3 -Wall -Wextra -std=c++17 -fopenmp -DOMP_EXPLICIT_SIMD=0 -fno-tree-vectorize,2.423130,043d4193294f2dcc,passed
regular-simd_off-t20-dynamicx16-r1-4000x3000.png,2026-09-18T17:23:05Z,4000x3000.png,4000,3000,Equalize_Histogram,1,20,dynamic,16,off,yes,unset,unset,hype2,12.2.0,-O3 -Wall -Wextra -std=c++17 -fopenmp -DOMP_EXPLICIT_SIMD=0 -fno-tree-vectorize,4.536130,243220feba4dd030,passed
regular-simd_off-t20-dynamicx16-r1-4000x3000.png,2026-09-18T17:23:05Z,4000x3000.png,4000,3000,Zoom_In,1,20,dynamic,16,off,yes,unset,unset,hype2,12.2.0,-O3 -Wall -Wextra -std=c++17 -fopenmp -DOMP_EXPLICIT_SIMD=0 -fno-tree-vectorize,12.296234,71b80276839f9533,passed
regular-simd_off-t20-dynamicx16-r1-4000x3000.png,2026-09-18T17:23:05Z,4000x3000.png,4000,3000,Zoom_Out,1,20,dynamic,16,off,no,unset,unset,hype2,12.2.0,-O3 -Wall -Wextra -std=c++17 -fopenmp -DOMP_EXPLICIT_SIMD=0 -fno-tree-vectorize,8.801921,a91f518a4f2dbd10,passed
regular-simd_off-t20-dynamicx16-r1-4000x3000.png,2026-09-18T17:23:05Z,4000x3000.png,4000,3000,Rotate_CW,1,20,dynamic,16,off,no,unset,unset,hype2,12.2.0,-O3 -Wall -Wextra -std=c++17 -fopenmp -DOMP_EXPLICIT_SIMD=0 -fno-tree-vectorize,14.302575,e0f27e61a205ef0a,passed
regular-simd_off-t20-dynamicx16-r1-4000x3000.png,2026-09-18T17:23:06Z,4000x3000.png,4000,3000,Rotate_CCW,1,20,dynamic,16,off,no,unset,unset,hype2,12.2.0,-O3 -Wall -Wextra -std=c++17 -fopenmp -DOMP_EXPLICIT_SIMD=0 -fno-tree-vectorize,13.983207,b4512f3b73b7723c,passed
regular-simd_off-t20-dynamicx16-r1-4000x3000.png,2026-09-18T17:23:06Z,4000x3000.png,4000,3000,Gaussian_3x3,1,20,dynamic,16,off,yes,unset,unset,hype2,12.2.0,-O3 -Wall -Wextra -std=c++17 -fopenmp -DOMP_EXPLICIT_SIMD=0 -fno-tree-vectorize,30.145241,bc1a93797b2afda7,passed
regular-simd_off-t20-dynamicx16-r1-4000x3000.png,2026-09-18T17:23:06Z,4000x3000.png,4000,3000,Gaussian_5x5,1,20,dynamic,16,off,yes,unset,unset,hype2,12.2.0,-O3 -Wall -Wextra -std=c++17 -fopenmp -DOMP_EXPLICIT_SIMD=0 -fno-tree-vectorize,52.789732,d67ccd9b6dbb62d8,passed
regular-simd_off-t20-dynamicx16-r1-4000x3000.png,2026-09-18T17:23:06Z,4000x3000.png,4000,3000,Gaussian_7x7,1,20,dynamic,16,off,yes,unset,unset,hype2,12.2.0,-O3 -Wall -Wextra -std=c++17 -fopenmp -DOMP_EXPLICIT_SIMD=0 -fno-tree-vectorize,89.429374,98f465f1820de349,passed
regular-simd_off-t20-dynamicx16-r1-4000x3000.png,2026-09-18T17:23:06Z,4000x3000.png,4000,3000,Gaussian_9x9,1,20,dynamic,16,off,yes,unset,unset,hype2,12.2.0,-O3 -Wall -Wextra -std=c++17 -fopenmp -DOMP_EXPLICIT_SIMD=0 -fno-tree-vectorize,138.108187,8f9bd96ceab3a369,passed
regular-simd_off-t20-dynamicx16-r1-4000x3000.png,2026-09-18T17:23:06Z,4000x3000.png,4000,3000,Gaussian_11x11,1,20,dynamic,16,off,yes,unset,unset,hype2,12.2.0,-O3 -Wall -Wextra -std=c++17 -fopenmp -DOMP_EXPLICIT_SIMD=0 -fno-tree-vectorize,197.080106,1e8adb9534bf99dc,passed
regular-simd_off-t20-dynamicx16-r1-6000x6000.png,2026-09-18T17:23:08Z,6000x6000.png,6000,6000,Grayscale,1,20,dynamic,16,off,yes,unset,unset,hype2,12.2.0,-O3 -Wall -Wextra -std=c++17 -fopenmp -DOMP_EXPLICIT_SIMD=0 -fno-tree-vectorize,9.674156,937793859b387046,passed
regular-simd_off-t20-dynamicx16-r1-6000x6000.png,2026-09-18T17:23:08Z,6000x6000.png,6000,6000,Flip_Horizontal,1,20,dynamic,16,off,no,unset,unset,hype2,12.2.0,-O3 -Wall -Wextra -std=c++17 -fopenmp -DOMP_EXPLICIT_SIMD=0 -fno-tree-vectorize,4.318400,3dfbc0e2f0b456c2,passed
regular-simd_off-t20-dynamicx16-r1-6000x6000.png,2026-09-18T17:23:08Z,6000x6000.png,6000,6000,Adjust_Brightness,1,20,dynamic,16,off,yes,unset,unset,hype2,12.2.0,-O3 -Wall -Wextra -std=c++17 -fopenmp -DOMP_EXPLICIT_SIMD=0 -fno-tree-vectorize,11.684840,5d4bea966648e7a7,passed
regular-simd_off-t20-dynamicx16-r1-6000x6000.png,2026-09-18T17:23:09Z,6000x6000.png,6000,6000,Flip_Vertical,1,20,dynamic,16,off,no,unset,unset,hype2,12.2.0,-O3 -Wall -Wextra -std=c++17 -fopenmp -DOMP_EXPLICIT_SIMD=0 -fno-tree-vectorize,4.636786,bd012cf684012198,passed
regular-simd_off-t20-dynamicx16-r1-6000x6000.png,2026-09-18T17:23:09Z,6000x6000.png,6000,6000,Quantize,1,20,dynamic,16,off,yes,unset,unset,hype2,12.2.0,-O3 -Wall -Wextra -std=c++17 -fopenmp -DOMP_EXPLICIT_SIMD=0 -fno-tree-vectorize,34.963705,b2e8843413e8e7a6,passed
regular-simd_off-t20-dynamicx16-r1-6000x6000.png,2026-09-18T17:23:09Z,6000x6000.png,6000,6000,Adjust_Contrast,1,20,dynamic,16,off,yes,unset,unset,hype2,12.2.0,-O3 -Wall -Wextra -std=c++17 -fopenmp -DOMP_EXPLICIT_SIMD=0 -fno-tree-vectorize,17.475549,c036bcbf5e6d6190,passed
regular-simd_off-t20-dynamicx16-r1-6000x6000.png,2026-09-18T17:23:09Z,6000x6000.png,6000,6000,Negative,1,20,dynamic,16,off,yes,unset,unset,hype2,12.2.0,-O3 -Wall -Wextra -std=c++17 -fopenmp -DOMP_EXPLICIT_SIMD=0 -fno-tree-vectorize,6.651948,0a497e94a83bbbc0,passed
regular-simd_off-t20-dynamicx16-r1-6000x6000.png,2026-09-18T17:23:09Z,6000x6000.png,6000,6000,Equalize_Histogram,1,20,dynamic,16,off,yes,unset,unset,hype2,12.2.0,-O3 -Wall -Wextra -std=c++17 -fopenmp -DOMP_EXPLICIT_SIMD=0 -fno-tree-vectorize,13.306226,5251e13888abb30f,passed
regular-simd_off-t20-dynamicx16-r1-6000x6000.png,2026-09-18T17:23:10Z,6000x6000.png,6000,6000,Zoom_In,1,20,dynamic,16,off,yes,unset,unset,hype2,12.2.0,-O3 -Wall -Wextra -std=c++17 -fopenmp -DOMP_EXPLICIT_SIMD=0 -fno-tree-vectorize,29.770780,4e063cbe88523a0e,passed
regular-simd_off-t20-dynamicx16-r1-6000x6000.png,2026-09-18T17:23:10Z,6000x6000.png,6000,6000,Zoom_Out,1,20,dynamic,16,off,no,unset,unset,hype2,12.2.0,-O3 -Wall -Wextra -std=c++17 -fopenmp -DOMP_EXPLICIT_SIMD=0 -fno-tree-vectorize,20.208617,8eace74e8cd425e6,passed
regular-simd_off-t20-dynamicx16-r1-6000x6000.png,2026-09-18T17:23:10Z,6000x6000.png,6000,6000,Rotate_CW,1,20,dynamic,16,off,no,unset,unset,hype2,12.2.0,-O3 -Wall -Wextra -std=c++17 -fopenmp -DOMP_EXPLICIT_SIMD=0 -fno-tree-vectorize,38.014242,dd5c83f3b3cee726,passed
regular-simd_off-t20-dynamicx16-r1-6000x6000.png,2026-09-18T17:23:11Z,6000x6000.png,6000,6000,Rotate_CCW,1,20,dynamic,16,off,no,unset,unset,hype2,12.2.0,-O3 -Wall -Wextra -std=c++17 -fopenmp -DOMP_EXPLICIT_SIMD=0 -fno-tree-vectorize,40.995304,51196bd3ed2b4ba4,passed
regular-simd_off-t20-dynamicx16-r1-6000x6000.png,2026-09-18T17:23:11Z,6000x6000.png,6000,6000,Gaussian_3x3,1,20,dynamic,16,off,yes,unset,unset,hype2,12.2.0,-O3 -Wall -Wextra -std=c++17 -fopenmp -DOMP_EXPLICIT_SIMD=0 -fno-tree-vectorize,87.655351,87566478e34b4f70,passed
regular-simd_off-t20-dynamicx16-r1-6000x6000.png,2026-09-18T17:23:11Z,6000x6000.png,6000,6000,Gaussian_5x5,1,20,dynamic,16,off,yes,unset,unset,hype2,12.2.0,-O3 -Wall -Wextra -std=c++17 -fopenmp -DOMP_EXPLICIT_SIMD=0 -fno-tree-vectorize,150.437462,4b23a258f94a27f0,passed
regular-simd_off-t20-dynamicx16-r1-6000x6000.png,2026-09-18T17:23:12Z,6000x6000.png,6000,6000,Gaussian_7x7,1,20,dynamic,16,off,yes,unset,unset,hype2,12.2.0,-O3 -Wall -Wextra -std=c++17 -fopenmp -DOMP_EXPLICIT_SIMD=0 -fno-tree-vectorize,254.142524,3771268fea0417e2,passed
regular-simd_off-t20-dynamicx16-r1-6000x6000.png,2026-09-18T17:23:12Z,6000x6000.png,6000,6000,Gaussian_9x9,1,20,dynamic,16,off,yes,unset,unset,hype2,12.2.0,-O3 -Wall -Wextra -std=c++17 -fopenmp -DOMP_EXPLICIT_SIMD=0 -fno-tree-vectorize,391.705122,3f6b7f707a108bd5,passed
regular-simd_off-t20-dynamicx16-r1-6000x6000.png,2026-09-18T17:23:13Z,6000x6000.png,6000,6000,Gaussian_11x11,1,20,dynamic,16,off,yes,unset,unset,hype2,12.2.0,-O3 -Wall -Wextra -std=c++17 -fopenmp -DOMP_EXPLICIT_SIMD=0 -fno-tree-vectorize,561.817201,c923a906c8989668,passed
regular-simd_omp-t20-dynamicx16-r1-4000x3000.png,2026-09-18T17:23:14Z,4000x3000.png,4000,3000,Grayscale,1,20,dynamic,16,omp,yes,unset,unset,hype2,12.2.0,-O3 -Wall -Wextra -std=c++17 -fopenmp -DOMP_EXPLICIT_SIMD=1,4.189339,00925fa85224b60c,passed
regular-simd_omp-t20-dynamicx16-r1-4000x3000.png,2026-09-18T17:23:14Z,4000x3000.png,4000,3000,Flip_Horizontal,1,20,dynamic,16,omp,no,unset,unset,hype2,12.2.0,-O3 -Wall -Wextra -std=c++17 -fopenmp -DOMP_EXPLICIT_SIMD=1,1.589660,45d5313341f5868e,passed
regular-simd_omp-t20-dynamicx16-r1-4000x3000.png,2026-09-18T17:23:14Z,4000x3000.png,4000,3000,Adjust_Brightness,1,20,dynamic,16,omp,yes,unset,unset,hype2,12.2.0,-O3 -Wall -Wextra -std=c++17 -fopenmp -DOMP_EXPLICIT_SIMD=1,4.185241,e488c03148da4f5b,passed
regular-simd_omp-t20-dynamicx16-r1-4000x3000.png,2026-09-18T17:23:14Z,4000x3000.png,4000,3000,Flip_Vertical,1,20,dynamic,16,omp,no,unset,unset,hype2,12.2.0,-O3 -Wall -Wextra -std=c++17 -fopenmp -DOMP_EXPLICIT_SIMD=1,1.701589,754d30e4e81eccfc,passed
regular-simd_omp-t20-dynamicx16-r1-4000x3000.png,2026-09-18T17:23:14Z,4000x3000.png,4000,3000,Quantize,1,20,dynamic,16,omp,yes,unset,unset,hype2,12.2.0,-O3 -Wall -Wextra -std=c++17 -fopenmp -DOMP_EXPLICIT_SIMD=1,13.182459,f01ef010a3fd2f20,passed
regular-simd_omp-t20-dynamicx16-r1-4000x3000.png,2026-09-18T17:23:14Z,4000x3000.png,4000,3000,Adjust_Contrast,1,20,dynamic,16,omp,yes,unset,unset,hype2,12.2.0,-O3 -Wall -Wextra -std=c++17 -fopenmp -DOMP_EXPLICIT_SIMD=1,5.993570,7cc9f4cee5c661bd,passed
regular-simd_omp-t20-dynamicx16-r1-4000x3000.png,2026-09-18T17:23:14Z,4000x3000.png,4000,3000,Negative,1,20,dynamic,16,omp,yes,unset,unset,hype2,12.2.0,-O3 -Wall -Wextra -std=c++17 -fopenmp -DOMP_EXPLICIT_SIMD=1,2.304649,043d4193294f2dcc,passed
regular-simd_omp-t20-dynamicx16-r1-4000x3000.png,2026-09-18T17:23:14Z,4000x3000.png,4000,3000,Equalize_Histogram,1,20,dynamic,16,omp,yes,unset,unset,hype2,12.2.0,-O3 -Wall -Wextra -std=c++17 -fopenmp -DOMP_EXPLICIT_SIMD=1,4.323620,243220feba4dd030,passed
regular-simd_omp-t20-dynamicx16-r1-4000x3000.png,2026-09-18T17:23:14Z,4000x3000.png,4000,3000,Zoom_In,1,20,dynamic,16,omp,yes,unset,unset,hype2,12.2.0,-O3 -Wall -Wextra -std=c++17 -fopenmp -DOMP_EXPLICIT_SIMD=1,12.038838,71b80276839f9533,passed
regular-simd_omp-t20-dynamicx16-r1-4000x3000.png,2026-09-18T17:23:14Z,4000x3000.png,4000,3000,Zoom_Out,1,20,dynamic,16,omp,no,unset,unset,hype2,12.2.0,-O3 -Wall -Wextra -std=c++17 -fopenmp -DOMP_EXPLICIT_SIMD=1,8.638543,a91f518a4f2dbd10,passed
regular-simd_omp-t20-dynamicx16-r1-4000x3000.png,2026-09-18T17:23:14Z,4000x3000.png,4000,3000,Rotate_CW,1,20,dynamic,16,omp,no,unset,unset,hype2,12.2.0,-O3 -Wall -Wextra -std=c++17 -fopenmp -DOMP_EXPLICIT_SIMD=1,13.997040,e0f27e61a205ef0a,passed
regular-simd_omp-t20-dynamicx16-r1-4000x3000.png,2026-09-18T17:23:14Z,4000x3000.png,4000,3000,Rotate_CCW,1,20,dynamic,16,omp,no,unset,unset,hype2,12.2.0,-O3 -Wall -Wextra -std=c++17 -fopenmp -DOMP_EXPLICIT_SIMD=1,13.608923,b4512f3b73b7723c,passed
regular-simd_omp-t20-dynamicx16-r1-4000x3000.png,2026-09-18T17:23:15Z,4000x3000.png,4000,3000,Gaussian_3x3,1,20,dynamic,16,omp,yes,unset,unset,hype2,12.2.0,-O3 -Wall -Wextra -std=c++17 -fopenmp -DOMP_EXPLICIT_SIMD=1,29.707772,bc1a93797b2afda7,passed
regular-simd_omp-t20-dynamicx16-r1-4000x3000.png,2026-09-18T17:23:15Z,4000x3000.png,4000,3000,Gaussian_5x5,1,20,dynamic,16,omp,yes,unset,unset,hype2,12.2.0,-O3 -Wall -Wextra -std=c++17 -fopenmp -DOMP_EXPLICIT_SIMD=1,53.331775,d67ccd9b6dbb62d8,passed
regular-simd_omp-t20-dynamicx16-r1-4000x3000.png,2026-09-18T17:23:15Z,4000x3000.png,4000,3000,Gaussian_7x7,1,20,dynamic,16,omp,yes,unset,unset,hype2,12.2.0,-O3 -Wall -Wextra -std=c++17 -fopenmp -DOMP_EXPLICIT_SIMD=1,90.173000,98f465f1820de349,passed
regular-simd_omp-t20-dynamicx16-r1-4000x3000.png,2026-09-18T17:23:15Z,4000x3000.png,4000,3000,Gaussian_9x9,1,20,dynamic,16,omp,yes,unset,unset,hype2,12.2.0,-O3 -Wall -Wextra -std=c++17 -fopenmp -DOMP_EXPLICIT_SIMD=1,138.314644,8f9bd96ceab3a369,passed
regular-simd_omp-t20-dynamicx16-r1-4000x3000.png,2026-09-18T17:23:15Z,4000x3000.png,4000,3000,Gaussian_11x11,1,20,dynamic,16,omp,yes,unset,unset,hype2,12.2.0,-O3 -Wall -Wextra -std=c++17 -fopenmp -DOMP_EXPLICIT_SIMD=1,197.073491,1e8adb9534bf99dc,passed
regular-simd_omp-t20-dynamicx16-r1-6000x6000.png,2026-09-18T17:23:17Z,6000x6000.png,6000,6000,Grayscale,1,20,dynamic,16,omp,yes,unset,unset,hype2,12.2.0,-O3 -Wall -Wextra -std=c++17 -fopenmp -DOMP_EXPLICIT_SIMD=1,9.970790,937793859b387046,passed
regular-simd_omp-t20-dynamicx16-r1-6000x6000.png,2026-09-18T17:23:17Z,6000x6000.png,6000,6000,Flip_Horizontal,1,20,dynamic,16,omp,no,unset,unset,hype2,12.2.0,-O3 -Wall -Wextra -std=c++17 -fopenmp -DOMP_EXPLICIT_SIMD=1,4.387964,3dfbc0e2f0b456c2,passed
regular-simd_omp-t20-dynamicx16-r1-6000x6000.png,2026-09-18T17:23:17Z,6000x6000.png,6000,6000,Adjust_Brightness,1,20,dynamic,16,omp,yes,unset,unset,hype2,12.2.0,-O3 -Wall -Wextra -std=c++17 -fopenmp -DOMP_EXPLICIT_SIMD=1,11.942974,5d4bea966648e7a7,passed
regular-simd_omp-t20-dynamicx16-r1-6000x6000.png,2026-09-18T17:23:18Z,6000x6000.png,6000,6000,Flip_Vertical,1,20,dynamic,16,omp,no,unset,unset,hype2,12.2.0,-O3 -Wall -Wextra -std=c++17 -fopenmp -DOMP_EXPLICIT_SIMD=1,4.782979,bd012cf684012198,passed
regular-simd_omp-t20-dynamicx16-r1-6000x6000.png,2026-09-18T17:23:18Z,6000x6000.png,6000,6000,Quantize,1,20,dynamic,16,omp,yes,unset,unset,hype2,12.2.0,-O3 -Wall -Wextra -std=c++17 -fopenmp -DOMP_EXPLICIT_SIMD=1,35.340894,b2e8843413e8e7a6,passed
regular-simd_omp-t20-dynamicx16-r1-6000x6000.png,2026-09-18T17:23:18Z,6000x6000.png,6000,6000,Adjust_Contrast,1,20,dynamic,16,omp,yes,unset,unset,hype2,12.2.0,-O3 -Wall -Wextra -std=c++17 -fopenmp -DOMP_EXPLICIT_SIMD=1,17.334103,c036bcbf5e6d6190,passed
regular-simd_omp-t20-dynamicx16-r1-6000x6000.png,2026-09-18T17:23:18Z,6000x6000.png,6000,6000,Negative,1,20,dynamic,16,omp,yes,unset,unset,hype2,12.2.0,-O3 -Wall -Wextra -std=c++17 -fopenmp -DOMP_EXPLICIT_SIMD=1,6.622657,0a497e94a83bbbc0,passed
regular-simd_omp-t20-dynamicx16-r1-6000x6000.png,2026-09-18T17:23:18Z,6000x6000.png,6000,6000,Equalize_Histogram,1,20,dynamic,16,omp,yes,unset,unset,hype2,12.2.0,-O3 -Wall -Wextra -std=c++17 -fopenmp -DOMP_EXPLICIT_SIMD=1,12.126808,5251e13888abb30f,passed
regular-simd_omp-t20-dynamicx16-r1-6000x6000.png,2026-09-18T17:23:19Z,6000x6000.png,6000,6000,Zoom_In,1,20,dynamic,16,omp,yes,unset,unset,hype2,12.2.0,-O3 -Wall -Wextra -std=c++17 -fopenmp -DOMP_EXPLICIT_SIMD=1,30.227127,4e063cbe88523a0e,passed
regular-simd_omp-t20-dynamicx16-r1-6000x6000.png,2026-09-18T17:23:19Z,6000x6000.png,6000,6000,Zoom_Out,1,20,dynamic,16,omp,no,unset,unset,hype2,12.2.0,-O3 -Wall -Wextra -std=c++17 -fopenmp -DOMP_EXPLICIT_SIMD=1,20.950094,8eace74e8cd425e6,passed
regular-simd_omp-t20-dynamicx16-r1-6000x6000.png,2026-09-18T17:23:19Z,6000x6000.png,6000,6000,Rotate_CW,1,20,dynamic,16,omp,no,unset,unset,hype2,12.2.0,-O3 -Wall -Wextra -std=c++17 -fopenmp -DOMP_EXPLICIT_SIMD=1,39.014982,dd5c83f3b3cee726,passed
regular-simd_omp-t20-dynamicx16-r1-6000x6000.png,2026-09-18T17:23:20Z,6000x6000.png,6000,6000,Rotate_CCW,1,20,dynamic,16,omp,no,unset,unset,hype2,12.2.0,-O3 -Wall -Wextra -std=c++17 -fopenmp -DOMP_EXPLICIT_SIMD=1,40.076225,51196bd3ed2b4ba4,passed
regular-simd_omp-t20-dynamicx16-r1-6000x6000.png,2026-09-18T17:23:20Z,6000x6000.png,6000,6000,Gaussian_3x3,1,20,dynamic,16,omp,yes,unset,unset,hype2,12.2.0,-O3 -Wall -Wextra -std=c++17 -fopenmp -DOMP_EXPLICIT_SIMD=1,85.130521,87566478e34b4f70,passed
regular-simd_omp-t20-dynamicx16-r1-6000x6000.png,2026-09-18T17:23:20Z,6000x6000.png,6000,6000,Gaussian_5x5,1,20,dynamic,16,omp,yes,unset,unset,hype2,12.2.0,-O3 -Wall -Wextra -std=c++17 -fopenmp -DOMP_EXPLICIT_SIMD=1,150.435737,4b23a258f94a27f0,passed
regular-simd_omp-t20-dynamicx16-r1-6000x6000.png,2026-09-18T17:23:21Z,6000x6000.png,6000,6000,Gaussian_7x7,1,20,dynamic,16,omp,yes,unset,unset,hype2,12.2.0,-O3 -Wall -Wextra -std=c++17 -fopenmp -DOMP_EXPLICIT_SIMD=1,265.297748,3771268fea0417e2,passed
regular-simd_omp-t20-dynamicx16-r1-6000x6000.png,2026-09-18T17:23:21Z,6000x6000.png,6000,6000,Gaussian_9x9,1,20,dynamic,16,omp,yes,unset,unset,hype2,12.2.0,-O3 -Wall -Wextra -std=c++17 -fopenmp -DOMP_EXPLICIT_SIMD=1,414.991526,3f6b7f707a108bd5,passed
regular-simd_omp-t20-dynamicx16-r1-6000x6000.png,2026-09-18T17:23:22Z,6000x6000.png,6000,6000,Gaussian_11x11,1,20,dynamic,16,omp,yes,unset,unset,hype2,12.2.0,-O3 -Wall -Wextra -std=c++17 -fopenmp -DOMP_EXPLICIT_SIMD=1,590.062062,c923a906c8989668,passed
regular-simd_omp-t20-static-r2-4000x3000.png,2026-09-18T17:23:23Z,4000x3000.png,4000,3000,Grayscale,2,20,static,,omp,yes,unset,unset,hype2,12.2.0,-O3 -Wall -Wextra -std=c++17 -fopenmp -DOMP_EXPLICIT_SIMD=1,4.079839,00925fa85224b60c,passed
regular-simd_omp-t20-static-r2-4000x3000.png,2026-09-18T17:23:23Z,4000x3000.png,4000,3000,Flip_Horizontal,2,20,static,,omp,no,unset,unset,hype2,12.2.0,-O3 -Wall -Wextra -std=c++17 -fopenmp -DOMP_EXPLICIT_SIMD=1,1.766718,45d5313341f5868e,passed
regular-simd_omp-t20-static-r2-4000x3000.png,2026-09-18T17:23:23Z,4000x3000.png,4000,3000,Adjust_Brightness,2,20,static,,omp,yes,unset,unset,hype2,12.2.0,-O3 -Wall -Wextra -std=c++17 -fopenmp -DOMP_EXPLICIT_SIMD=1,3.982706,e488c03148da4f5b,passed
regular-simd_omp-t20-static-r2-4000x3000.png,2026-09-18T17:23:23Z,4000x3000.png,4000,3000,Flip_Vertical,2,20,static,,omp,no,unset,unset,hype2,12.2.0,-O3 -Wall -Wextra -std=c++17 -fopenmp -DOMP_EXPLICIT_SIMD=1,2.125689,754d30e4e81eccfc,passed
regular-simd_omp-t20-static-r2-4000x3000.png,2026-09-18T17:23:23Z,4000x3000.png,4000,3000,Quantize,2,20,static,,omp,yes,unset,unset,hype2,12.2.0,-O3 -Wall -Wextra -std=c++17 -fopenmp -DOMP_EXPLICIT_SIMD=1,12.439622,f01ef010a3fd2f20,passed
regular-simd_omp-t20-static-r2-4000x3000.png,2026-09-18T17:23:23Z,4000x3000.png,4000,3000,Adjust_Contrast,2,20,static,,omp,yes,unset,unset,hype2,12.2.0,-O3 -Wall -Wextra -std=c++17 -fopenmp -DOMP_EXPLICIT_SIMD=1,5.929347,7cc9f4cee5c661bd,passed
regular-simd_omp-t20-static-r2-4000x3000.png,2026-09-18T17:23:23Z,4000x3000.png,4000,3000,Negative,2,20,static,,omp,yes,unset,unset,hype2,12.2.0,-O3 -Wall -Wextra -std=c++17 -fopenmp -DOMP_EXPLICIT_SIMD=1,2.324718,043d4193294f2dcc,passed
regular-simd_omp-t20-static-r2-4000x3000.png,2026-09-18T17:23:23Z,4000x3000.png,4000,3000,Equalize_Histogram,2,20,static,,omp,yes,unset,unset,hype2,12.2.0,-O3 -Wall -Wextra -std=c++17 -fopenmp -DOMP_EXPLICIT_SIMD=1,4.329504,243220feba4dd030,passed
regular-simd_omp-t20-static-r2-4000x3000.png,2026-09-18T17:23:23Z,4000x3000.png,4000,3000,Zoom_In,2,20,static,,omp,yes,unset,unset,hype2,12.2.0,-O3 -Wall -Wextra -std=c++17 -fopenmp -DOMP_EXPLICIT_SIMD=1,8.977809,71b80276839f9533,passed
regular-simd_omp-t20-static-r2-4000x3000.png,2026-09-18T17:23:23Z,4000x3000.png,4000,3000,Zoom_Out,2,20,static,,omp,no,unset,unset,hype2,12.2.0,-O3 -Wall -Wextra -std=c++17 -fopenmp -DOMP_EXPLICIT_SIMD=1,6.920733,a91f518a4f2dbd10,passed
regular-simd_omp-t20-static-r2-4000x3000.png,2026-09-18T17:23:23Z,4000x3000.png,4000,3000,Rotate_CW,2,20,static,,omp,no,unset,unset,hype2,12.2.0,-O3 -Wall -Wextra -std=c++17 -fopenmp -DOMP_EXPLICIT_SIMD=1,13.285780,e0f27e61a205ef0a,passed
regular-simd_omp-t20-static-r2-4000x3000.png,2026-09-18T17:23:23Z,4000x3000.png,4000,3000,Rotate_CCW,2,20,static,,omp,no,unset,unset,hype2,12.2.0,-O3 -Wall -Wextra -std=c++17 -fopenmp -DOMP_EXPLICIT_SIMD=1,13.757033,b4512f3b73b7723c,passed
regular-simd_omp-t20-static-r2-4000x3000.png,2026-09-18T17:23:24Z,4000x3000.png,4000,3000,Gaussian_3x3,2,20,static,,omp,yes,unset,unset,hype2,12.2.0,-O3 -Wall -Wextra -std=c++17 -fopenmp -DOMP_EXPLICIT_SIMD=1,27.462093,bc1a93797b2afda7,passed
regular-simd_omp-t20-static-r2-4000x3000.png,2026-09-18T17:23:24Z,4000x3000.png,4000,3000,Gaussian_5x5,2,20,static,,omp,yes,unset,unset,hype2,12.2.0,-O3 -Wall -Wextra -std=c++17 -fopenmp -DOMP_EXPLICIT_SIMD=1,49.136787,d67ccd9b6dbb62d8,passed
regular-simd_omp-t20-static-r2-4000x3000.png,2026-09-18T17:23:24Z,4000x3000.png,4000,3000,Gaussian_7x7,2,20,static,,omp,yes,unset,unset,hype2,12.2.0,-O3 -Wall -Wextra -std=c++17 -fopenmp -DOMP_EXPLICIT_SIMD=1,84.113603,98f465f1820de349,passed
regular-simd_omp-t20-static-r2-4000x3000.png,2026-09-18T17:23:24Z,4000x3000.png,4000,3000,Gaussian_9x9,2,20,static,,omp,yes,unset,unset,hype2,12.2.0,-O3 -Wall -Wextra -std=c++17 -fopenmp -DOMP_EXPLICIT_SIMD=1,169.164300,8f9bd96ceab3a369,passed
regular-simd_omp-t20-static-r2-4000x3000.png,2026-09-18T17:23:24Z,4000x3000.png,4000,3000,Gaussian_11x11,2,20,static,,omp,yes,unset,unset,hype2,12.2.0,-O3 -Wall -Wextra -std=c++17 -fopenmp -DOMP_EXPLICIT_SIMD=1,184.558220,1e8adb9534bf99dc,passed
regular-simd_omp-t20-static-r2-6000x6000.png,2026-09-18T17:23:26Z,6000x6000.png,6000,6000,Grayscale,2,20,static,,omp,yes,unset,unset,hype2,12.2.0,-O3 -Wall -Wextra -std=c++17 -fopenmp -DOMP_EXPLICIT_SIMD=1,9.927758,937793859b387046,passed
regular-simd_omp-t20-static-r2-6000x6000.png,2026-09-18T17:23:26Z,6000x6000.png,6000,6000,Flip_Horizontal,2,20,static,,omp,no,unset,unset,hype2,12.2.0,-O3 -Wall -Wextra -std=c++17 -fopenmp -DOMP_EXPLICIT_SIMD=1,4.520184,3dfbc0e2f0b456c2,passed
regular-simd_omp-t20-static-r2-6000x6000.png,2026-09-18T17:23:26Z,6000x6000.png,6000,6000,Adjust_Brightness,2,20,static,,omp,yes,unset,unset,hype2,12.2.0,-O3 -Wall -Wextra -std=c++17 -fopenmp -DOMP_EXPLICIT_SIMD=1,11.836112,5d4bea966648e7a7,passed
regular-simd_omp-t20-static-r2-6000x6000.png,2026-09-18T17:23:26Z,6000x6000.png,6000,6000,Flip_Vertical,2,20,static,,omp,no,unset,unset,hype2,12.2.0,-O3 -Wall -Wextra -std=c++17 -fopenmp -DOMP_EXPLICIT_SIMD=1,4.749462,bd012cf684012198,passed
regular-simd_omp-t20-static-r2-6000x6000.png,2026-09-18T17:23:27Z,6000x6000.png,6000,6000,Quantize,2,20,static,,omp,yes,unset,unset,hype2,12.2.0,-O3 -Wall -Wextra -std=c++17 -fopenmp -DOMP_EXPLICIT_SIMD=1,35.616029,b2e8843413e8e7a6,passed
regular-simd_omp-t20-static-r2-6000x6000.png,2026-09-18T17:23:27Z,6000x6000.png,6000,6000,Adjust_Contrast,2,20,static,,omp,yes,unset,unset,hype2,12.2.0,-O3 -Wall -Wextra -std=c++17 -fopenmp -DOMP_EXPLICIT_SIMD=1,16.965776,c036bcbf5e6d6190,passed
regular-simd_omp-t20-static-r2-6000x6000.png,2026-09-18T17:23:27Z,6000x6000.png,6000,6000,Negative,2,20,static,,omp,yes,unset,unset,hype2,12.2.0,-O3 -Wall -Wextra -std=c++17 -fopenmp -DOMP_EXPLICIT_SIMD=1,6.556133,0a497e94a83bbbc0,passed
regular-simd_omp-t20-static-r2-6000x6000.png,2026-09-18T17:23:27Z,6000x6000.png,6000,6000,Equalize_Histogram,2,20,static,,omp,yes,unset,unset,hype2,12.2.0,-O3 -Wall -Wextra -std=c++17 -fopenmp -DOMP_EXPLICIT_SIMD=1,11.991971,5251e13888abb30f,passed
regular-simd_omp-t20-static-r2-6000x6000.png,2026-09-18T17:23:28Z,6000x6000.png,6000,6000,Zoom_In,2,20,static,,omp,yes,unset,unset,hype2,12.2.0,-O3 -Wall -Wextra -std=c++17 -fopenmp -DOMP_EXPLICIT_SIMD=1,26.396727,4e063cbe88523a0e,passed
regular-simd_omp-t20-static-r2-6000x6000.png,2026-09-18T17:23:28Z,6000x6000.png,6000,6000,Zoom_Out,2,20,static,,omp,no,unset,unset,hype2,12.2.0,-O3 -Wall -Wextra -std=c++17 -fopenmp -DOMP_EXPLICIT_SIMD=1,18.714668,8eace74e8cd425e6,passed
regular-simd_omp-t20-static-r2-6000x6000.png,2026-09-18T17:23:28Z,6000x6000.png,6000,6000,Rotate_CW,2,20,static,,omp,no,unset,unset,hype2,12.2.0,-O3 -Wall -Wextra -std=c++17 -fopenmp -DOMP_EXPLICIT_SIMD=1,31.864060,dd5c83f3b3cee726,passed
regular-simd_omp-t20-static-r2-6000x6000.png,2026-09-18T17:23:29Z,6000x6000.png,6000,6000,Rotate_CCW,2,20,static,,omp,no,unset,unset,hype2,12.2.0,-O3 -Wall -Wextra -std=c++17 -fopenmp -DOMP_EXPLICIT_SIMD=1,36.158752,51196bd3ed2b4ba4,passed
regular-simd_omp-t20-static-r2-6000x6000.png,2026-09-18T17:23:29Z,6000x6000.png,6000,6000,Gaussian_3x3,2,20,static,,omp,yes,unset,unset,hype2,12.2.0,-O3 -Wall -Wextra -std=c++17 -fopenmp -DOMP_EXPLICIT_SIMD=1,82.670336,87566478e34b4f70,passed
regular-simd_omp-t20-static-r2-6000x6000.png,2026-09-18T17:23:29Z,6000x6000.png,6000,6000,Gaussian_5x5,2,20,static,,omp,yes,unset,unset,hype2,12.2.0,-O3 -Wall -Wextra -std=c++17 -fopenmp -DOMP_EXPLICIT_SIMD=1,182.025447,4b23a258f94a27f0,passed
regular-simd_omp-t20-static-r2-6000x6000.png,2026-09-18T17:23:30Z,6000x6000.png,6000,6000,Gaussian_7x7,2,20,static,,omp,yes,unset,unset,hype2,12.2.0,-O3 -Wall -Wextra -std=c++17 -fopenmp -DOMP_EXPLICIT_SIMD=1,255.442639,3771268fea0417e2,passed
regular-simd_omp-t20-static-r2-6000x6000.png,2026-09-18T17:23:30Z,6000x6000.png,6000,6000,Gaussian_9x9,2,20,static,,omp,yes,unset,unset,hype2,12.2.0,-O3 -Wall -Wextra -std=c++17 -fopenmp -DOMP_EXPLICIT_SIMD=1,386.263234,3f6b7f707a108bd5,passed
regular-simd_omp-t20-static-r2-6000x6000.png,2026-09-18T17:23:31Z,6000x6000.png,6000,6000,Gaussian_11x11,2,20,static,,omp,yes,unset,unset,hype2,12.2.0,-O3 -Wall -Wextra -std=c++17 -fopenmp -DOMP_EXPLICIT_SIMD=1,553.552810,c923a906c8989668,passed
regular-simd_off-t20-dynamicx1-r2-4000x3000.png,2026-09-18T17:23:32Z,4000x3000.png,4000,3000,Grayscale,2,20,dynamic,1,off,yes,unset,unset,hype2,12.2.0,-O3 -Wall -Wextra -std=c++17 -fopenmp -DOMP_EXPLICIT_SIMD=0 -fno-tree-vectorize,3.933373,00925fa85224b60c,passed
regular-simd_off-t20-dynamicx1-r2-4000x3000.png,2026-09-18T17:23:32Z,4000x3000.png,4000,3000,Flip_Horizontal,2,20,dynamic,1,off,no,unset,unset,hype2,12.2.0,-O3 -Wall -Wextra -std=c++17 -fopenmp -DOMP_EXPLICIT_SIMD=0 -fno-tree-vectorize,1.417840,45d5313341f5868e,passed
regular-simd_off-t20-dynamicx1-r2-4000x3000.png,2026-09-18T17:23:32Z,4000x3000.png,4000,3000,Adjust_Brightness,2,20,dynamic,1,off,yes,unset,unset,hype2,12.2.0,-O3 -Wall -Wextra -std=c++17 -fopenmp -DOMP_EXPLICIT_SIMD=0 -fno-tree-vectorize,4.014836,e488c03148da4f5b,passed
regular-simd_off-t20-dynamicx1-r2-4000x3000.png,2026-09-18T17:23:32Z,4000x3000.png,4000,3000,Flip_Vertical,2,20,dynamic,1,off,no,unset,unset,hype2,12.2.0,-O3 -Wall -Wextra -std=c++17 -fopenmp -DOMP_EXPLICIT_SIMD=0 -fno-tree-vectorize,2.046797,754d30e4e81eccfc,passed
regular-simd_off-t20-dynamicx1-r2-4000x3000.png,2026-09-18T17:23:32Z,4000x3000.png,4000,3000,Quantize,2,20,dynamic,1,off,yes,unset,unset,hype2,12.2.0,-O3 -Wall -Wextra -std=c++17 -fopenmp -DOMP_EXPLICIT_SIMD=0 -fno-tree-vectorize,12.564522,f01ef010a3fd2f20,passed
regular-simd_off-t20-dynamicx1-r2-4000x3000.png,2026-09-18T17:23:32Z,4000x3000.png,4000,3000,Adjust_Contrast,2,20,dynamic,1,off,yes,unset,unset,hype2,12.2.0,-O3 -Wall -Wextra -std=c++17 -fopenmp -DOMP_EXPLICIT_SIMD=0 -fno-tree-vectorize,5.797833,7cc9f4cee5c661bd,passed
regular-simd_off-t20-dynamicx1-r2-4000x3000.png,2026-09-18T17:23:32Z,4000x3000.png,4000,3000,Negative,2,20,dynamic,1,off,yes,unset,unset,hype2,12.2.0,-O3 -Wall -Wextra -std=c++17 -fopenmp -DOMP_EXPLICIT_SIMD=0 -fno-tree-vectorize,2.365934,043d4193294f2dcc,passed
regular-simd_off-t20-dynamicx1-r2-4000x3000.png,2026-09-18T17:23:32Z,4000x3000.png,4000,3000,Equalize_Histogram,2,20,dynamic,1,off,yes,unset,unset,hype2,12.2.0,-O3 -Wall -Wextra -std=c++17 -fopenmp -DOMP_EXPLICIT_SIMD=0 -fno-tree-vectorize,4.340491,243220feba4dd030,passed
regular-simd_off-t20-dynamicx1-r2-4000x3000.png,2026-09-18T17:23:32Z,4000x3000.png,4000,3000,Zoom_In,2,20,dynamic,1,off,yes,unset,unset,hype2,12.2.0,-O3 -Wall -Wextra -std=c++17 -fopenmp -DOMP_EXPLICIT_SIMD=0 -fno-tree-vectorize,28.421760,71b80276839f9533,passed
regular-simd_off-t20-dynamicx1-r2-4000x3000.png,2026-09-18T17:23:32Z,4000x3000.png,4000,3000,Zoom_Out,2,20,dynamic,1,off,no,unset,unset,hype2,12.2.0,-O3 -Wall -Wextra -std=c++17 -fopenmp -DOMP_EXPLICIT_SIMD=0 -fno-tree-vectorize,8.264576,a91f518a4f2dbd10,passed
regular-simd_off-t20-dynamicx1-r2-4000x3000.png,2026-09-18T17:23:32Z,4000x3000.png,4000,3000,Rotate_CW,2,20,dynamic,1,off,no,unset,unset,hype2,12.2.0,-O3 -Wall -Wextra -std=c++17 -fopenmp -DOMP_EXPLICIT_SIMD=0 -fno-tree-vectorize,26.027400,e0f27e61a205ef0a,passed
regular-simd_off-t20-dynamicx1-r2-4000x3000.png,2026-09-18T17:23:32Z,4000x3000.png,4000,3000,Rotate_CCW,2,20,dynamic,1,off,no,unset,unset,hype2,12.2.0,-O3 -Wall -Wextra -std=c++17 -fopenmp -DOMP_EXPLICIT_SIMD=0 -fno-tree-vectorize,27.489474,b4512f3b73b7723c,passed
regular-simd_off-t20-dynamicx1-r2-4000x3000.png,2026-09-18T17:23:33Z,4000x3000.png,4000,3000,Gaussian_3x3,2,20,dynamic,1,off,yes,unset,unset,hype2,12.2.0,-O3 -Wall -Wextra -std=c++17 -fopenmp -DOMP_EXPLICIT_SIMD=0 -fno-tree-vectorize,32.618025,bc1a93797b2afda7,passed
regular-simd_off-t20-dynamicx1-r2-4000x3000.png,2026-09-18T17:23:33Z,4000x3000.png,4000,3000,Gaussian_5x5,2,20,dynamic,1,off,yes,unset,unset,hype2,12.2.0,-O3 -Wall -Wextra -std=c++17 -fopenmp -DOMP_EXPLICIT_SIMD=0 -fno-tree-vectorize,52.866508,d67ccd9b6dbb62d8,passed
regular-simd_off-t20-dynamicx1-r2-4000x3000.png,2026-09-18T17:23:33Z,4000x3000.png,4000,3000,Gaussian_7x7,2,20,dynamic,1,off,yes,unset,unset,hype2,12.2.0,-O3 -Wall -Wextra -std=c++17 -fopenmp -DOMP_EXPLICIT_SIMD=0 -fno-tree-vectorize,85.125932,98f465f1820de349,passed
regular-simd_off-t20-dynamicx1-r2-4000x3000.png,2026-09-18T17:23:33Z,4000x3000.png,4000,3000,Gaussian_9x9,2,20,dynamic,1,off,yes,unset,unset,hype2,12.2.0,-O3 -Wall -Wextra -std=c++17 -fopenmp -DOMP_EXPLICIT_SIMD=0 -fno-tree-vectorize,129.811447,8f9bd96ceab3a369,passed
regular-simd_off-t20-dynamicx1-r2-4000x3000.png,2026-09-18T17:23:33Z,4000x3000.png,4000,3000,Gaussian_11x11,2,20,dynamic,1,off,yes,unset,unset,hype2,12.2.0,-O3 -Wall -Wextra -std=c++17 -fopenmp -DOMP_EXPLICIT_SIMD=0 -fno-tree-vectorize,185.543759,1e8adb9534bf99dc,passed
regular-simd_off-t20-dynamicx1-r2-6000x6000.png,2026-09-18T17:23:35Z,6000x6000.png,6000,6000,Grayscale,2,20,dynamic,1,off,yes,unset,unset,hype2,12.2.0,-O3 -Wall -Wextra -std=c++17 -fopenmp -DOMP_EXPLICIT_SIMD=0 -fno-tree-vectorize,9.543431,937793859b387046,passed
regular-simd_off-t20-dynamicx1-r2-6000x6000.png,2026-09-18T17:23:35Z,6000x6000.png,6000,6000,Flip_Horizontal,2,20,dynamic,1,off,no,unset,unset,hype2,12.2.0,-O3 -Wall -Wextra -std=c++17 -fopenmp -DOMP_EXPLICIT_SIMD=0 -fno-tree-vectorize,4.174162,3dfbc0e2f0b456c2,passed
regular-simd_off-t20-dynamicx1-r2-6000x6000.png,2026-09-18T17:23:35Z,6000x6000.png,6000,6000,Adjust_Brightness,2,20,dynamic,1,off,yes,unset,unset,hype2,12.2.0,-O3 -Wall -Wextra -std=c++17 -fopenmp -DOMP_EXPLICIT_SIMD=0 -fno-tree-vectorize,11.429862,5d4bea966648e7a7,passed
regular-simd_off-t20-dynamicx1-r2-6000x6000.png,2026-09-18T17:23:35Z,6000x6000.png,6000,6000,Flip_Vertical,2,20,dynamic,1,off,no,unset,unset,hype2,12.2.0,-O3 -Wall -Wextra -std=c++17 -fopenmp -DOMP_EXPLICIT_SIMD=0 -fno-tree-vectorize,4.409267,bd012cf684012198,passed
regular-simd_off-t20-dynamicx1-r2-6000x6000.png,2026-09-18T17:23:36Z,6000x6000.png,6000,6000,Quantize,2,20,dynamic,1,off,yes,unset,unset,hype2,12.2.0,-O3 -Wall -Wextra -std=c++17 -fopenmp -DOMP_EXPLICIT_SIMD=0 -fno-tree-vectorize,33.883411,b2e8843413e8e7a6,passed
regular-simd_off-t20-dynamicx1-r2-6000x6000.png,2026-09-18T17:23:36Z,6000x6000.png,6000,6000,Adjust_Contrast,2,20,dynamic,1,off,yes,unset,unset,hype2,12.2.0,-O3 -Wall -Wextra -std=c++17 -fopenmp -DOMP_EXPLICIT_SIMD=0 -fno-tree-vectorize,16.850306,c036bcbf5e6d6190,passed
regular-simd_off-t20-dynamicx1-r2-6000x6000.png,2026-09-18T17:23:36Z,6000x6000.png,6000,6000,Negative,2,20,dynamic,1,off,yes,unset,unset,hype2,12.2.0,-O3 -Wall -Wextra -std=c++17 -fopenmp -DOMP_EXPLICIT_SIMD=0 -fno-tree-vectorize,6.724934,0a497e94a83bbbc0,passed
regular-simd_off-t20-dynamicx1-r2-6000x6000.png,2026-09-18T17:23:36Z,6000x6000.png,6000,6000,Equalize_Histogram,2,20,dynamic,1,off,yes,unset,unset,hype2,12.2.0,-O3 -Wall -Wextra -std=c++17 -fopenmp -DOMP_EXPLICIT_SIMD=0 -fno-tree-vectorize,11.906638,5251e13888abb30f,passed
regular-simd_off-t20-dynamicx1-r2-6000x6000.png,2026-09-18T17:23:37Z,6000x6000.png,6000,6000,Zoom_In,2,20,dynamic,1,off,yes,unset,unset,hype2,12.2.0,-O3 -Wall -Wextra -std=c++17 -fopenmp -DOMP_EXPLICIT_SIMD=0 -fno-tree-vectorize,82.406123,4e063cbe88523a0e,passed
regular-simd_off-t20-dynamicx1-r2-6000x6000.png,2026-09-18T17:23:37Z,6000x6000.png,6000,6000,Zoom_Out,2,20,dynamic,1,off,no,unset,unset,hype2,12.2.0,-O3 -Wall -Wextra -std=c++17 -fopenmp -DOMP_EXPLICIT_SIMD=0 -fno-tree-vectorize,23.474262,8eace74e8cd425e6,passed
regular-simd_off-t20-dynamicx1-r2-6000x6000.png,2026-09-18T17:23:37Z,6000x6000.png,6000,6000,Rotate_CW,2,20,dynamic,1,off,no,unset,unset,hype2,12.2.0,-O3 -Wall -Wextra -std=c++17 -fopenmp -DOMP_EXPLICIT_SIMD=0 -fno-tree-vectorize,63.703509,dd5c83f3b3cee726,passed
regular-simd_off-t20-dynamicx1-r2-6000x6000.png,2026-09-18T17:23:38Z,6000x6000.png,6000,6000,Rotate_CCW,2,20,dynamic,1,off,no,unset,unset,hype2,12.2.0,-O3 -Wall -Wextra -std=c++17 -fopenmp -DOMP_EXPLICIT_SIMD=0 -fno-tree-vectorize,67.922758,51196bd3ed2b4ba4,passed
regular-simd_off-t20-dynamicx1-r2-6000x6000.png,2026-09-18T17:23:38Z,6000x6000.png,6000,6000,Gaussian_3x3,2,20,dynamic,1,off,yes,unset,unset,hype2,12.2.0,-O3 -Wall -Wextra -std=c++17 -fopenmp -DOMP_EXPLICIT_SIMD=0 -fno-tree-vectorize,98.233774,87566478e34b4f70,passed
regular-simd_off-t20-dynamicx1-r2-6000x6000.png,2026-09-18T17:23:38Z,6000x6000.png,6000,6000,Gaussian_5x5,2,20,dynamic,1,off,yes,unset,unset,hype2,12.2.0,-O3 -Wall -Wextra -std=c++17 -fopenmp -DOMP_EXPLICIT_SIMD=0 -fno-tree-vectorize,154.984764,4b23a258f94a27f0,passed
regular-simd_off-t20-dynamicx1-r2-6000x6000.png,2026-09-18T17:23:39Z,6000x6000.png,6000,6000,Gaussian_7x7,2,20,dynamic,1,off,yes,unset,unset,hype2,12.2.0,-O3 -Wall -Wextra -std=c++17 -fopenmp -DOMP_EXPLICIT_SIMD=0 -fno-tree-vectorize,251.331276,3771268fea0417e2,passed
regular-simd_off-t20-dynamicx1-r2-6000x6000.png,2026-09-18T17:23:39Z,6000x6000.png,6000,6000,Gaussian_9x9,2,20,dynamic,1,off,yes,unset,unset,hype2,12.2.0,-O3 -Wall -Wextra -std=c++17 -fopenmp -DOMP_EXPLICIT_SIMD=0 -fno-tree-vectorize,390.920514,3f6b7f707a108bd5,passed
regular-simd_off-t20-dynamicx1-r2-6000x6000.png,2026-09-18T17:23:40Z,6000x6000.png,6000,6000,Gaussian_11x11,2,20,dynamic,1,off,yes,unset,unset,hype2,12.2.0,-O3 -Wall -Wextra -std=c++17 -fopenmp -DOMP_EXPLICIT_SIMD=0 -fno-tree-vectorize,554.609978,c923a906c8989668,passed
regular-simd_omp-t20-dynamicx1-r2-4000x3000.png,2026-09-18T17:23:41Z,4000x3000.png,4000,3000,Grayscale,2,20,dynamic,1,omp,yes,unset,unset,hype2,12.2.0,-O3 -Wall -Wextra -std=c++17 -fopenmp -DOMP_EXPLICIT_SIMD=1,4.005528,00925fa85224b60c,passed
regular-simd_omp-t20-dynamicx1-r2-4000x3000.png,2026-09-18T17:23:41Z,4000x3000.png,4000,3000,Flip_Horizontal,2,20,dynamic,1,omp,no,unset,unset,hype2,12.2.0,-O3 -Wall -Wextra -std=c++17 -fopenmp -DOMP_EXPLICIT_SIMD=1,1.416669,45d5313341f5868e,passed
regular-simd_omp-t20-dynamicx1-r2-4000x3000.png,2026-09-18T17:23:41Z,4000x3000.png,4000,3000,Adjust_Brightness,2,20,dynamic,1,omp,yes,unset,unset,hype2,12.2.0,-O3 -Wall -Wextra -std=c++17 -fopenmp -DOMP_EXPLICIT_SIMD=1,4.128091,e488c03148da4f5b,passed
regular-simd_omp-t20-dynamicx1-r2-4000x3000.png,2026-09-18T17:23:41Z,4000x3000.png,4000,3000,Flip_Vertical,2,20,dynamic,1,omp,no,unset,unset,hype2,12.2.0,-O3 -Wall -Wextra -std=c++17 -fopenmp -DOMP_EXPLICIT_SIMD=1,1.686007,754d30e4e81eccfc,passed
regular-simd_omp-t20-dynamicx1-r2-4000x3000.png,2026-09-18T17:23:41Z,4000x3000.png,4000,3000,Quantize,2,20,dynamic,1,omp,yes,unset,unset,hype2,12.2.0,-O3 -Wall -Wextra -std=c++17 -fopenmp -DOMP_EXPLICIT_SIMD=1,12.795733,f01ef010a3fd2f20,passed
regular-simd_omp-t20-dynamicx1-r2-4000x3000.png,2026-09-18T17:23:41Z,4000x3000.png,4000,3000,Adjust_Contrast,2,20,dynamic,1,omp,yes,unset,unset,hype2,12.2.0,-O3 -Wall -Wextra -std=c++17 -fopenmp -DOMP_EXPLICIT_SIMD=1,5.708817,7cc9f4cee5c661bd,passed
regular-simd_omp-t20-dynamicx1-r2-4000x3000.png,2026-09-18T17:23:41Z,4000x3000.png,4000,3000,Negative,2,20,dynamic,1,omp,yes,unset,unset,hype2,12.2.0,-O3 -Wall -Wextra -std=c++17 -fopenmp -DOMP_EXPLICIT_SIMD=1,2.303419,043d4193294f2dcc,passed
regular-simd_omp-t20-dynamicx1-r2-4000x3000.png,2026-09-18T17:23:41Z,4000x3000.png,4000,3000,Equalize_Histogram,2,20,dynamic,1,omp,yes,unset,unset,hype2,12.2.0,-O3 -Wall -Wextra -std=c++17 -fopenmp -DOMP_EXPLICIT_SIMD=1,4.455913,243220feba4dd030,passed
regular-simd_omp-t20-dynamicx1-r2-4000x3000.png,2026-09-18T17:23:41Z,4000x3000.png,4000,3000,Zoom_In,2,20,dynamic,1,omp,yes,unset,unset,hype2,12.2.0,-O3 -Wall -Wextra -std=c++17 -fopenmp -DOMP_EXPLICIT_SIMD=1,28.299922,71b80276839f9533,passed
regular-simd_omp-t20-dynamicx1-r2-4000x3000.png,2026-09-18T17:23:41Z,4000x3000.png,4000,3000,Zoom_Out,2,20,dynamic,1,omp,no,unset,unset,hype2,12.2.0,-O3 -Wall -Wextra -std=c++17 -fopenmp -DOMP_EXPLICIT_SIMD=1,8.112664,a91f518a4f2dbd10,passed
regular-simd_omp-t20-dynamicx1-r2-4000x3000.png,2026-09-18T17:23:41Z,4000x3000.png,4000,3000,Rotate_CW,2,20,dynamic,1,omp,no,unset,unset,hype2,12.2.0,-O3 -Wall -Wextra -std=c++17 -fopenmp -DOMP_EXPLICIT_SIMD=1,23.113882,e0f27e61a205ef0a,passed
regular-simd_omp-t20-dynamicx1-r2-4000x3000.png,2026-09-18T17:23:41Z,4000x3000.png,4000,3000,Rotate_CCW,2,20,dynamic,1,omp,no,unset,unset,hype2,12.2.0,-O3 -Wall -Wextra -std=c++17 -fopenmp -DOMP_EXPLICIT_SIMD=1,23.400965,b4512f3b73b7723c,passed
regular-simd_omp-t20-dynamicx1-r2-4000x3000.png,2026-09-18T17:23:42Z,4000x3000.png,4000,3000,Gaussian_3x3,2,20,dynamic,1,omp,yes,unset,unset,hype2,12.2.0,-O3 -Wall -Wextra -std=c++17 -fopenmp -DOMP_EXPLICIT_SIMD=1,32.265696,bc1a93797b2afda7,passed
regular-simd_omp-t20-dynamicx1-r2-4000x3000.png,2026-09-18T17:23:42Z,4000x3000.png,4000,3000,Gaussian_5x5,2,20,dynamic,1,omp,yes,unset,unset,hype2,12.2.0,-O3 -Wall -Wextra -std=c++17 -fopenmp -DOMP_EXPLICIT_SIMD=1,53.040585,d67ccd9b6dbb62d8,passed
regular-simd_omp-t20-dynamicx1-r2-4000x3000.png,2026-09-18T17:23:42Z,4000x3000.png,4000,3000,Gaussian_7x7,2,20,dynamic,1,omp,yes,unset,unset,hype2,12.2.0,-O3 -Wall -Wextra -std=c++17 -fopenmp -DOMP_EXPLICIT_SIMD=1,84.754423,98f465f1820de349,passed
regular-simd_omp-t20-dynamicx1-r2-4000x3000.png,2026-09-18T17:23:42Z,4000x3000.png,4000,3000,Gaussian_9x9,2,20,dynamic,1,omp,yes,unset,unset,hype2,12.2.0,-O3 -Wall -Wextra -std=c++17 -fopenmp -DOMP_EXPLICIT_SIMD=1,130.176696,8f9bd96ceab3a369,passed
regular-simd_omp-t20-dynamicx1-r2-4000x3000.png,2026-09-18T17:23:42Z,4000x3000.png,4000,3000,Gaussian_11x11,2,20,dynamic,1,omp,yes,unset,unset,hype2,12.2.0,-O3 -Wall -Wextra -std=c++17 -fopenmp -DOMP_EXPLICIT_SIMD=1,185.307237,1e8adb9534bf99dc,passed
regular-simd_omp-t20-dynamicx1-r2-6000x6000.png,2026-09-18T17:23:44Z,6000x6000.png,6000,6000,Grayscale,2,20,dynamic,1,omp,yes,unset,unset,hype2,12.2.0,-O3 -Wall -Wextra -std=c++17 -fopenmp -DOMP_EXPLICIT_SIMD=1,9.937837,937793859b387046,passed
regular-simd_omp-t20-dynamicx1-r2-6000x6000.png,2026-09-18T17:23:44Z,6000x6000.png,6000,6000,Flip_Horizontal,2,20,dynamic,1,omp,no,unset,unset,hype2,12.2.0,-O3 -Wall -Wextra -std=c++17 -fopenmp -DOMP_EXPLICIT_SIMD=1,4.040592,3dfbc0e2f0b456c2,passed
regular-simd_omp-t20-dynamicx1-r2-6000x6000.png,2026-09-18T17:23:44Z,6000x6000.png,6000,6000,Adjust_Brightness,2,20,dynamic,1,omp,yes,unset,unset,hype2,12.2.0,-O3 -Wall -Wextra -std=c++17 -fopenmp -DOMP_EXPLICIT_SIMD=1,12.445739,5d4bea966648e7a7,passed
regular-simd_omp-t20-dynamicx1-r2-6000x6000.png,2026-09-18T17:23:44Z,6000x6000.png,6000,6000,Flip_Vertical,2,20,dynamic,1,omp,no,unset,unset,hype2,12.2.0,-O3 -Wall -Wextra -std=c++17 -fopenmp -DOMP_EXPLICIT_SIMD=1,4.577040,bd012cf684012198,passed
regular-simd_omp-t20-dynamicx1-r2-6000x6000.png,2026-09-18T17:23:45Z,6000x6000.png,6000,6000,Quantize,2,20,dynamic,1,omp,yes,unset,unset,hype2,12.2.0,-O3 -Wall -Wextra -std=c++17 -fopenmp -DOMP_EXPLICIT_SIMD=1,36.514471,b2e8843413e8e7a6,passed
regular-simd_omp-t20-dynamicx1-r2-6000x6000.png,2026-09-18T17:23:45Z,6000x6000.png,6000,6000,Adjust_Contrast,2,20,dynamic,1,omp,yes,unset,unset,hype2,12.2.0,-O3 -Wall -Wextra -std=c++17 -fopenmp -DOMP_EXPLICIT_SIMD=1,17.912125,c036bcbf5e6d6190,passed
regular-simd_omp-t20-dynamicx1-r2-6000x6000.png,2026-09-18T17:23:45Z,6000x6000.png,6000,6000,Negative,2,20,dynamic,1,omp,yes,unset,unset,hype2,12.2.0,-O3 -Wall -Wextra -std=c++17 -fopenmp -DOMP_EXPLICIT_SIMD=1,6.830850,0a497e94a83bbbc0,passed
regular-simd_omp-t20-dynamicx1-r2-6000x6000.png,2026-09-18T17:23:45Z,6000x6000.png,6000,6000,Equalize_Histogram,2,20,dynamic,1,omp,yes,unset,unset,hype2,12.2.0,-O3 -Wall -Wextra -std=c++17 -fopenmp -DOMP_EXPLICIT_SIMD=1,12.528976,5251e13888abb30f,passed
regular-simd_omp-t20-dynamicx1-r2-6000x6000.png,2026-09-18T17:23:46Z,6000x6000.png,6000,6000,Zoom_In,2,20,dynamic,1,omp,yes,unset,unset,hype2,12.2.0,-O3 -Wall -Wextra -std=c++17 -fopenmp -DOMP_EXPLICIT_SIMD=1,82.212938,4e063cbe88523a0e,passed
regular-simd_omp-t20-dynamicx1-r2-6000x6000.png,2026-09-18T17:23:46Z,6000x6000.png,6000,6000,Zoom_Out,2,20,dynamic,1,omp,no,unset,unset,hype2,12.2.0,-O3 -Wall -Wextra -std=c++17 -fopenmp -DOMP_EXPLICIT_SIMD=1,23.552765,8eace74e8cd425e6,passed
regular-simd_omp-t20-dynamicx1-r2-6000x6000.png,2026-09-18T17:23:46Z,6000x6000.png,6000,6000,Rotate_CW,2,20,dynamic,1,omp,no,unset,unset,hype2,12.2.0,-O3 -Wall -Wextra -std=c++17 -fopenmp -DOMP_EXPLICIT_SIMD=1,64.704579,dd5c83f3b3cee726,passed
regular-simd_omp-t20-dynamicx1-r2-6000x6000.png,2026-09-18T17:23:47Z,6000x6000.png,6000,6000,Rotate_CCW,2,20,dynamic,1,omp,no,unset,unset,hype2,12.2.0,-O3 -Wall -Wextra -std=c++17 -fopenmp -DOMP_EXPLICIT_SIMD=1,65.359713,51196bd3ed2b4ba4,passed
regular-simd_omp-t20-dynamicx1-r2-6000x6000.png,2026-09-18T17:23:47Z,6000x6000.png,6000,6000,Gaussian_3x3,2,20,dynamic,1,omp,yes,unset,unset,hype2,12.2.0,-O3 -Wall -Wextra -std=c++17 -fopenmp -DOMP_EXPLICIT_SIMD=1,96.026143,87566478e34b4f70,passed
regular-simd_omp-t20-dynamicx1-r2-6000x6000.png,2026-09-18T17:23:47Z,6000x6000.png,6000,6000,Gaussian_5x5,2,20,dynamic,1,omp,yes,unset,unset,hype2,12.2.0,-O3 -Wall -Wextra -std=c++17 -fopenmp -DOMP_EXPLICIT_SIMD=1,155.206340,4b23a258f94a27f0,passed
regular-simd_omp-t20-dynamicx1-r2-6000x6000.png,2026-09-18T17:23:48Z,6000x6000.png,6000,6000,Gaussian_7x7,2,20,dynamic,1,omp,yes,unset,unset,hype2,12.2.0,-O3 -Wall -Wextra -std=c++17 -fopenmp -DOMP_EXPLICIT_SIMD=1,252.590600,3771268fea0417e2,passed
regular-simd_omp-t20-dynamicx1-r2-6000x6000.png,2026-09-18T17:23:48Z,6000x6000.png,6000,6000,Gaussian_9x9,2,20,dynamic,1,omp,yes,unset,unset,hype2,12.2.0,-O3 -Wall -Wextra -std=c++17 -fopenmp -DOMP_EXPLICIT_SIMD=1,389.255313,3f6b7f707a108bd5,passed
regular-simd_omp-t20-dynamicx1-r2-6000x6000.png,2026-09-18T17:23:49Z,6000x6000.png,6000,6000,Gaussian_11x11,2,20,dynamic,1,omp,yes,unset,unset,hype2,12.2.0,-O3 -Wall -Wextra -std=c++17 -fopenmp -DOMP_EXPLICIT_SIMD=1,557.802565,c923a906c8989668,passed
regular-simd_off-t20-dynamicx16-r2-4000x3000.png,2026-09-18T17:23:50Z,4000x3000.png,4000,3000,Grayscale,2,20,dynamic,16,off,yes,unset,unset,hype2,12.2.0,-O3 -Wall -Wextra -std=c++17 -fopenmp -DOMP_EXPLICIT_SIMD=0 -fno-tree-vectorize,4.023668,00925fa85224b60c,passed
regular-simd_off-t20-dynamicx16-r2-4000x3000.png,2026-09-18T17:23:50Z,4000x3000.png,4000,3000,Flip_Horizontal,2,20,dynamic,16,off,no,unset,unset,hype2,12.2.0,-O3 -Wall -Wextra -std=c++17 -fopenmp -DOMP_EXPLICIT_SIMD=0 -fno-tree-vectorize,1.596082,45d5313341f5868e,passed
regular-simd_off-t20-dynamicx16-r2-4000x3000.png,2026-09-18T17:23:50Z,4000x3000.png,4000,3000,Adjust_Brightness,2,20,dynamic,16,off,yes,unset,unset,hype2,12.2.0,-O3 -Wall -Wextra -std=c++17 -fopenmp -DOMP_EXPLICIT_SIMD=0 -fno-tree-vectorize,4.064256,e488c03148da4f5b,passed
regular-simd_off-t20-dynamicx16-r2-4000x3000.png,2026-09-18T17:23:50Z,4000x3000.png,4000,3000,Flip_Vertical,2,20,dynamic,16,off,no,unset,unset,hype2,12.2.0,-O3 -Wall -Wextra -std=c++17 -fopenmp -DOMP_EXPLICIT_SIMD=0 -fno-tree-vectorize,1.719618,754d30e4e81eccfc,passed
regular-simd_off-t20-dynamicx16-r2-4000x3000.png,2026-09-18T17:23:50Z,4000x3000.png,4000,3000,Quantize,2,20,dynamic,16,off,yes,unset,unset,hype2,12.2.0,-O3 -Wall -Wextra -std=c++17 -fopenmp -DOMP_EXPLICIT_SIMD=0 -fno-tree-vectorize,13.027530,f01ef010a3fd2f20,passed
regular-simd_off-t20-dynamicx16-r2-4000x3000.png,2026-09-18T17:23:50Z,4000x3000.png,4000,3000,Adjust_Contrast,2,20,dynamic,16,off,yes,unset,unset,hype2,12.2.0,-O3 -Wall -Wextra -std=c++17 -fopenmp -DOMP_EXPLICIT_SIMD=0 -fno-tree-vectorize,5.953383,7cc9f4cee5c661bd,passed
regular-simd_off-t20-dynamicx16-r2-4000x3000.png,2026-09-18T17:23:50Z,4000x3000.png,4000,3000,Negative,2,20,dynamic,16,off,yes,unset,unset,hype2,12.2.0,-O3 -Wall -Wextra -std=c++17 -fopenmp -DOMP_EXPLICIT_SIMD=0 -fno-tree-vectorize,2.393102,043d4193294f2dcc,passed
regular-simd_off-t20-dynamicx16-r2-4000x3000.png,2026-09-18T17:23:50Z,4000x3000.png,4000,3000,Equalize_Histogram,2,20,dynamic,16,off,yes,unset,unset,hype2,12.2.0,-O3 -Wall -Wextra -std=c++17 -fopenmp -DOMP_EXPLICIT_SIMD=0 -fno-tree-vectorize,4.470795,243220feba4dd030,passed
regular-simd_off-t20-dynamicx16-r2-4000x3000.png,2026-09-18T17:23:50Z,4000x3000.png,4000,3000,Zoom_In,2,20,dynamic,16,off,yes,unset,unset,hype2,12.2.0,-O3 -Wall -Wextra -std=c++17 -fopenmp -DOMP_EXPLICIT_SIMD=0 -fno-tree-vectorize,12.192728,71b80276839f9533,passed
regular-simd_off-t20-dynamicx16-r2-4000x3000.png,2026-09-18T17:23:50Z,4000x3000.png,4000,3000,Zoom_Out,2,20,dynamic,16,off,no,unset,unset,hype2,12.2.0,-O3 -Wall -Wextra -std=c++17 -fopenmp -DOMP_EXPLICIT_SIMD=0 -fno-tree-vectorize,8.032557,a91f518a4f2dbd10,passed
regular-simd_off-t20-dynamicx16-r2-4000x3000.png,2026-09-18T17:23:50Z,4000x3000.png,4000,3000,Rotate_CW,2,20,dynamic,16,off,no,unset,unset,hype2,12.2.0,-O3 -Wall -Wextra -std=c++17 -fopenmp -DOMP_EXPLICIT_SIMD=0 -fno-tree-vectorize,14.358701,e0f27e61a205ef0a,passed
regular-simd_off-t20-dynamicx16-r2-4000x3000.png,2026-09-18T17:23:50Z,4000x3000.png,4000,3000,Rotate_CCW,2,20,dynamic,16,off,no,unset,unset,hype2,12.2.0,-O3 -Wall -Wextra -std=c++17 -fopenmp -DOMP_EXPLICIT_SIMD=0 -fno-tree-vectorize,14.075615,b4512f3b73b7723c,passed
regular-simd_off-t20-dynamicx16-r2-4000x3000.png,2026-09-18T17:23:51Z,4000x3000.png,4000,3000,Gaussian_3x3,2,20,dynamic,16,off,yes,unset,unset,hype2,12.2.0,-O3 -Wall -Wextra -std=c++17 -fopenmp -DOMP_EXPLICIT_SIMD=0 -fno-tree-vectorize,30.511220,bc1a93797b2afda7,passed
regular-simd_off-t20-dynamicx16-r2-4000x3000.png,2026-09-18T17:23:51Z,4000x3000.png,4000,3000,Gaussian_5x5,2,20,dynamic,16,off,yes,unset,unset,hype2,12.2.0,-O3 -Wall -Wextra -std=c++17 -fopenmp -DOMP_EXPLICIT_SIMD=0 -fno-tree-vectorize,53.236445,d67ccd9b6dbb62d8,passed
regular-simd_off-t20-dynamicx16-r2-4000x3000.png,2026-09-18T17:23:51Z,4000x3000.png,4000,3000,Gaussian_7x7,2,20,dynamic,16,off,yes,unset,unset,hype2,12.2.0,-O3 -Wall -Wextra -std=c++17 -fopenmp -DOMP_EXPLICIT_SIMD=0 -fno-tree-vectorize,89.674693,98f465f1820de349,passed
regular-simd_off-t20-dynamicx16-r2-4000x3000.png,2026-09-18T17:23:51Z,4000x3000.png,4000,3000,Gaussian_9x9,2,20,dynamic,16,off,yes,unset,unset,hype2,12.2.0,-O3 -Wall -Wextra -std=c++17 -fopenmp -DOMP_EXPLICIT_SIMD=0 -fno-tree-vectorize,138.127843,8f9bd96ceab3a369,passed
regular-simd_off-t20-dynamicx16-r2-4000x3000.png,2026-09-18T17:23:51Z,4000x3000.png,4000,3000,Gaussian_11x11,2,20,dynamic,16,off,yes,unset,unset,hype2,12.2.0,-O3 -Wall -Wextra -std=c++17 -fopenmp -DOMP_EXPLICIT_SIMD=0 -fno-tree-vectorize,197.727596,1e8adb9534bf99dc,passed
regular-simd_off-t20-dynamicx16-r2-6000x6000.png,2026-09-18T17:23:53Z,6000x6000.png,6000,6000,Grayscale,2,20,dynamic,16,off,yes,unset,unset,hype2,12.2.0,-O3 -Wall -Wextra -std=c++17 -fopenmp -DOMP_EXPLICIT_SIMD=0 -fno-tree-vectorize,9.622652,937793859b387046,passed
regular-simd_off-t20-dynamicx16-r2-6000x6000.png,2026-09-18T17:23:53Z,6000x6000.png,6000,6000,Flip_Horizontal,2,20,dynamic,16,off,no,unset,unset,hype2,12.2.0,-O3 -Wall -Wextra -std=c++17 -fopenmp -DOMP_EXPLICIT_SIMD=0 -fno-tree-vectorize,4.376757,3dfbc0e2f0b456c2,passed
regular-simd_off-t20-dynamicx16-r2-6000x6000.png,2026-09-18T17:23:53Z,6000x6000.png,6000,6000,Adjust_Brightness,2,20,dynamic,16,off,yes,unset,unset,hype2,12.2.0,-O3 -Wall -Wextra -std=c++17 -fopenmp -DOMP_EXPLICIT_SIMD=0 -fno-tree-vectorize,11.694558,5d4bea966648e7a7,passed
regular-simd_off-t20-dynamicx16-r2-6000x6000.png,2026-09-18T17:23:54Z,6000x6000.png,6000,6000,Flip_Vertical,2,20,dynamic,16,off,no,unset,unset,hype2,12.2.0,-O3 -Wall -Wextra -std=c++17 -fopenmp -DOMP_EXPLICIT_SIMD=0 -fno-tree-vectorize,4.674315,bd012cf684012198,passed
regular-simd_off-t20-dynamicx16-r2-6000x6000.png,2026-09-18T17:23:54Z,6000x6000.png,6000,6000,Quantize,2,20,dynamic,16,off,yes,unset,unset,hype2,12.2.0,-O3 -Wall -Wextra -std=c++17 -fopenmp -DOMP_EXPLICIT_SIMD=0 -fno-tree-vectorize,35.041828,b2e8843413e8e7a6,passed
regular-simd_off-t20-dynamicx16-r2-6000x6000.png,2026-09-18T17:23:54Z,6000x6000.png,6000,6000,Adjust_Contrast,2,20,dynamic,16,off,yes,unset,unset,hype2,12.2.0,-O3 -Wall -Wextra -std=c++17 -fopenmp -DOMP_EXPLICIT_SIMD=0 -fno-tree-vectorize,17.089219,c036bcbf5e6d6190,passed
regular-simd_off-t20-dynamicx16-r2-6000x6000.png,2026-09-18T17:23:54Z,6000x6000.png,6000,6000,Negative,2,20,dynamic,16,off,yes,unset,unset,hype2,12.2.0,-O3 -Wall -Wextra -std=c++17 -fopenmp -DOMP_EXPLICIT_SIMD=0 -fno-tree-vectorize,6.745666,0a497e94a83bbbc0,passed
regular-simd_off-t20-dynamicx16-r2-6000x6000.png,2026-09-18T17:23:54Z,6000x6000.png,6000,6000,Equalize_Histogram,2,20,dynamic,16,off,yes,unset,unset,hype2,12.2.0,-O3 -Wall -Wextra -std=c++17 -fopenmp -DOMP_EXPLICIT_SIMD=0 -fno-tree-vectorize,11.901762,5251e13888abb30f,passed
regular-simd_off-t20-dynamicx16-r2-6000x6000.png,2026-09-18T17:23:55Z,6000x6000.png,6000,6000,Zoom_In,2,20,dynamic,16,off,yes,unset,unset,hype2,12.2.0,-O3 -Wall -Wextra -std=c++17 -fopenmp -DOMP_EXPLICIT_SIMD=0 -fno-tree-vectorize,30.864058,4e063cbe88523a0e,passed
regular-simd_off-t20-dynamicx16-r2-6000x6000.png,2026-09-18T17:23:55Z,6000x6000.png,6000,6000,Zoom_Out,2,20,dynamic,16,off,no,unset,unset,hype2,12.2.0,-O3 -Wall -Wextra -std=c++17 -fopenmp -DOMP_EXPLICIT_SIMD=0 -fno-tree-vectorize,20.955392,8eace74e8cd425e6,passed
regular-simd_off-t20-dynamicx16-r2-6000x6000.png,2026-09-18T17:23:55Z,6000x6000.png,6000,6000,Rotate_CW,2,20,dynamic,16,off,no,unset,unset,hype2,12.2.0,-O3 -Wall -Wextra -std=c++17 -fopenmp -DOMP_EXPLICIT_SIMD=0 -fno-tree-vectorize,40.198401,dd5c83f3b3cee726,passed
regular-simd_off-t20-dynamicx16-r2-6000x6000.png,2026-09-18T17:23:56Z,6000x6000.png,6000,6000,Rotate_CCW,2,20,dynamic,16,off,no,unset,unset,hype2,12.2.0,-O3 -Wall -Wextra -std=c++17 -fopenmp -DOMP_EXPLICIT_SIMD=0 -fno-tree-vectorize,40.421865,51196bd3ed2b4ba4,passed
regular-simd_off-t20-dynamicx16-r2-6000x6000.png,2026-09-18T17:23:56Z,6000x6000.png,6000,6000,Gaussian_3x3,2,20,dynamic,16,off,yes,unset,unset,hype2,12.2.0,-O3 -Wall -Wextra -std=c++17 -fopenmp -DOMP_EXPLICIT_SIMD=0 -fno-tree-vectorize,87.670196,87566478e34b4f70,passed
regular-simd_off-t20-dynamicx16-r2-6000x6000.png,2026-09-18T17:23:56Z,6000x6000.png,6000,6000,Gaussian_5x5,2,20,dynamic,16,off,yes,unset,unset,hype2,12.2.0,-O3 -Wall -Wextra -std=c++17 -fopenmp -DOMP_EXPLICIT_SIMD=0 -fno-tree-vectorize,149.970518,4b23a258f94a27f0,passed
regular-simd_off-t20-dynamicx16-r2-6000x6000.png,2026-09-18T17:23:57Z,6000x6000.png,6000,6000,Gaussian_7x7,2,20,dynamic,16,off,yes,unset,unset,hype2,12.2.0,-O3 -Wall -Wextra -std=c++17 -fopenmp -DOMP_EXPLICIT_SIMD=0 -fno-tree-vectorize,254.355312,3771268fea0417e2,passed
regular-simd_off-t20-dynamicx16-r2-6000x6000.png,2026-09-18T17:23:57Z,6000x6000.png,6000,6000,Gaussian_9x9,2,20,dynamic,16,off,yes,unset,unset,hype2,12.2.0,-O3 -Wall -Wextra -std=c++17 -fopenmp -DOMP_EXPLICIT_SIMD=0 -fno-tree-vectorize,391.445053,3f6b7f707a108bd5,passed
regular-simd_off-t20-dynamicx16-r2-6000x6000.png,2026-09-18T17:23:58Z,6000x6000.png,6000,6000,Gaussian_11x11,2,20,dynamic,16,off,yes,unset,unset,hype2,12.2.0,-O3 -Wall -Wextra -std=c++17 -fopenmp -DOMP_EXPLICIT_SIMD=0 -fno-tree-vectorize,561.116198,c923a906c8989668,passed
regular-simd_omp-t20-dynamicx16-r2-4000x3000.png,2026-09-18T17:23:59Z,4000x3000.png,4000,3000,Grayscale,2,20,dynamic,16,omp,yes,unset,unset,hype2,12.2.0,-O3 -Wall -Wextra -std=c++17 -fopenmp -DOMP_EXPLICIT_SIMD=1,4.105579,00925fa85224b60c,passed
regular-simd_omp-t20-dynamicx16-r2-4000x3000.png,2026-09-18T17:23:59Z,4000x3000.png,4000,3000,Flip_Horizontal,2,20,dynamic,16,omp,no,unset,unset,hype2,12.2.0,-O3 -Wall -Wextra -std=c++17 -fopenmp -DOMP_EXPLICIT_SIMD=1,1.578472,45d5313341f5868e,passed
regular-simd_omp-t20-dynamicx16-r2-4000x3000.png,2026-09-18T17:23:59Z,4000x3000.png,4000,3000,Adjust_Brightness,2,20,dynamic,16,omp,yes,unset,unset,hype2,12.2.0,-O3 -Wall -Wextra -std=c++17 -fopenmp -DOMP_EXPLICIT_SIMD=1,4.153022,e488c03148da4f5b,passed
regular-simd_omp-t20-dynamicx16-r2-4000x3000.png,2026-09-18T17:23:59Z,4000x3000.png,4000,3000,Flip_Vertical,2,20,dynamic,16,omp,no,unset,unset,hype2,12.2.0,-O3 -Wall -Wextra -std=c++17 -fopenmp -DOMP_EXPLICIT_SIMD=1,1.569791,754d30e4e81eccfc,passed
regular-simd_omp-t20-dynamicx16-r2-4000x3000.png,2026-09-18T17:23:59Z,4000x3000.png,4000,3000,Quantize,2,20,dynamic,16,omp,yes,unset,unset,hype2,12.2.0,-O3 -Wall -Wextra -std=c++17 -fopenmp -DOMP_EXPLICIT_SIMD=1,13.080146,f01ef010a3fd2f20,passed
regular-simd_omp-t20-dynamicx16-r2-4000x3000.png,2026-09-18T17:23:59Z,4000x3000.png,4000,3000,Adjust_Contrast,2,20,dynamic,16,omp,yes,unset,unset,hype2,12.2.0,-O3 -Wall -Wextra -std=c++17 -fopenmp -DOMP_EXPLICIT_SIMD=1,6.092326,7cc9f4cee5c661bd,passed
regular-simd_omp-t20-dynamicx16-r2-4000x3000.png,2026-09-18T17:23:59Z,4000x3000.png,4000,3000,Negative,2,20,dynamic,16,omp,yes,unset,unset,hype2,12.2.0,-O3 -Wall -Wextra -std=c++17 -fopenmp -DOMP_EXPLICIT_SIMD=1,2.388526,043d4193294f2dcc,passed
regular-simd_omp-t20-dynamicx16-r2-4000x3000.png,2026-09-18T17:23:59Z,4000x3000.png,4000,3000,Equalize_Histogram,2,20,dynamic,16,omp,yes,unset,unset,hype2,12.2.0,-O3 -Wall -Wextra -std=c++17 -fopenmp -DOMP_EXPLICIT_SIMD=1,4.826632,243220feba4dd030,passed
regular-simd_omp-t20-dynamicx16-r2-4000x3000.png,2026-09-18T17:23:59Z,4000x3000.png,4000,3000,Zoom_In,2,20,dynamic,16,omp,yes,unset,unset,hype2,12.2.0,-O3 -Wall -Wextra -std=c++17 -fopenmp -DOMP_EXPLICIT_SIMD=1,12.329244,71b80276839f9533,passed
regular-simd_omp-t20-dynamicx16-r2-4000x3000.png,2026-09-18T17:23:59Z,4000x3000.png,4000,3000,Zoom_Out,2,20,dynamic,16,omp,no,unset,unset,hype2,12.2.0,-O3 -Wall -Wextra -std=c++17 -fopenmp -DOMP_EXPLICIT_SIMD=1,8.459467,a91f518a4f2dbd10,passed
regular-simd_omp-t20-dynamicx16-r2-4000x3000.png,2026-09-18T17:23:59Z,4000x3000.png,4000,3000,Rotate_CW,2,20,dynamic,16,omp,no,unset,unset,hype2,12.2.0,-O3 -Wall -Wextra -std=c++17 -fopenmp -DOMP_EXPLICIT_SIMD=1,14.036998,e0f27e61a205ef0a,passed
regular-simd_omp-t20-dynamicx16-r2-4000x3000.png,2026-09-18T17:23:59Z,4000x3000.png,4000,3000,Rotate_CCW,2,20,dynamic,16,omp,no,unset,unset,hype2,12.2.0,-O3 -Wall -Wextra -std=c++17 -fopenmp -DOMP_EXPLICIT_SIMD=1,13.433935,b4512f3b73b7723c,passed
regular-simd_omp-t20-dynamicx16-r2-4000x3000.png,2026-09-18T17:24:00Z,4000x3000.png,4000,3000,Gaussian_3x3,2,20,dynamic,16,omp,yes,unset,unset,hype2,12.2.0,-O3 -Wall -Wextra -std=c++17 -fopenmp -DOMP_EXPLICIT_SIMD=1,30.138585,bc1a93797b2afda7,passed
regular-simd_omp-t20-dynamicx16-r2-4000x3000.png,2026-09-18T17:24:00Z,4000x3000.png,4000,3000,Gaussian_5x5,2,20,dynamic,16,omp,yes,unset,unset,hype2,12.2.0,-O3 -Wall -Wextra -std=c++17 -fopenmp -DOMP_EXPLICIT_SIMD=1,53.048725,d67ccd9b6dbb62d8,passed
regular-simd_omp-t20-dynamicx16-r2-4000x3000.png,2026-09-18T17:24:00Z,4000x3000.png,4000,3000,Gaussian_7x7,2,20,dynamic,16,omp,yes,unset,unset,hype2,12.2.0,-O3 -Wall -Wextra -std=c++17 -fopenmp -DOMP_EXPLICIT_SIMD=1,89.984759,98f465f1820de349,passed
regular-simd_omp-t20-dynamicx16-r2-4000x3000.png,2026-09-18T17:24:00Z,4000x3000.png,4000,3000,Gaussian_9x9,2,20,dynamic,16,omp,yes,unset,unset,hype2,12.2.0,-O3 -Wall -Wextra -std=c++17 -fopenmp -DOMP_EXPLICIT_SIMD=1,139.930969,8f9bd96ceab3a369,passed
regular-simd_omp-t20-dynamicx16-r2-4000x3000.png,2026-09-18T17:24:00Z,4000x3000.png,4000,3000,Gaussian_11x11,2,20,dynamic,16,omp,yes,unset,unset,hype2,12.2.0,-O3 -Wall -Wextra -std=c++17 -fopenmp -DOMP_EXPLICIT_SIMD=1,198.553411,1e8adb9534bf99dc,passed
regular-simd_omp-t20-dynamicx16-r2-6000x6000.png,2026-09-18T17:24:02Z,6000x6000.png,6000,6000,Grayscale,2,20,dynamic,16,omp,yes,unset,unset,hype2,12.2.0,-O3 -Wall -Wextra -std=c++17 -fopenmp -DOMP_EXPLICIT_SIMD=1,10.037859,937793859b387046,passed
regular-simd_omp-t20-dynamicx16-r2-6000x6000.png,2026-09-18T17:24:02Z,6000x6000.png,6000,6000,Flip_Horizontal,2,20,dynamic,16,omp,no,unset,unset,hype2,12.2.0,-O3 -Wall -Wextra -std=c++17 -fopenmp -DOMP_EXPLICIT_SIMD=1,4.453012,3dfbc0e2f0b456c2,passed
regular-simd_omp-t20-dynamicx16-r2-6000x6000.png,2026-09-18T17:24:02Z,6000x6000.png,6000,6000,Adjust_Brightness,2,20,dynamic,16,omp,yes,unset,unset,hype2,12.2.0,-O3 -Wall -Wextra -std=c++17 -fopenmp -DOMP_EXPLICIT_SIMD=1,11.896644,5d4bea966648e7a7,passed
regular-simd_omp-t20-dynamicx16-r2-6000x6000.png,2026-09-18T17:24:02Z,6000x6000.png,6000,6000,Flip_Vertical,2,20,dynamic,16,omp,no,unset,unset,hype2,12.2.0,-O3 -Wall -Wextra -std=c++17 -fopenmp -DOMP_EXPLICIT_SIMD=1,4.623600,bd012cf684012198,passed
regular-simd_omp-t20-dynamicx16-r2-6000x6000.png,2026-09-18T17:24:03Z,6000x6000.png,6000,6000,Quantize,2,20,dynamic,16,omp,yes,unset,unset,hype2,12.2.0,-O3 -Wall -Wextra -std=c++17 -fopenmp -DOMP_EXPLICIT_SIMD=1,34.999805,b2e8843413e8e7a6,passed
regular-simd_omp-t20-dynamicx16-r2-6000x6000.png,2026-09-18T17:24:03Z,6000x6000.png,6000,6000,Adjust_Contrast,2,20,dynamic,16,omp,yes,unset,unset,hype2,12.2.0,-O3 -Wall -Wextra -std=c++17 -fopenmp -DOMP_EXPLICIT_SIMD=1,17.228530,c036bcbf5e6d6190,passed
regular-simd_omp-t20-dynamicx16-r2-6000x6000.png,2026-09-18T17:24:03Z,6000x6000.png,6000,6000,Negative,2,20,dynamic,16,omp,yes,unset,unset,hype2,12.2.0,-O3 -Wall -Wextra -std=c++17 -fopenmp -DOMP_EXPLICIT_SIMD=1,6.664847,0a497e94a83bbbc0,passed
regular-simd_omp-t20-dynamicx16-r2-6000x6000.png,2026-09-18T17:24:03Z,6000x6000.png,6000,6000,Equalize_Histogram,2,20,dynamic,16,omp,yes,unset,unset,hype2,12.2.0,-O3 -Wall -Wextra -std=c++17 -fopenmp -DOMP_EXPLICIT_SIMD=1,11.823009,5251e13888abb30f,passed
regular-simd_omp-t20-dynamicx16-r2-6000x6000.png,2026-09-18T17:24:04Z,6000x6000.png,6000,6000,Zoom_In,2,20,dynamic,16,omp,yes,unset,unset,hype2,12.2.0,-O3 -Wall -Wextra -std=c++17 -fopenmp -DOMP_EXPLICIT_SIMD=1,30.455527,4e063cbe88523a0e,passed
regular-simd_omp-t20-dynamicx16-r2-6000x6000.png,2026-09-18T17:24:04Z,6000x6000.png,6000,6000,Zoom_Out,2,20,dynamic,16,omp,no,unset,unset,hype2,12.2.0,-O3 -Wall -Wextra -std=c++17 -fopenmp -DOMP_EXPLICIT_SIMD=1,20.236278,8eace74e8cd425e6,passed
regular-simd_omp-t20-dynamicx16-r2-6000x6000.png,2026-09-18T17:24:04Z,6000x6000.png,6000,6000,Rotate_CW,2,20,dynamic,16,omp,no,unset,unset,hype2,12.2.0,-O3 -Wall -Wextra -std=c++17 -fopenmp -DOMP_EXPLICIT_SIMD=1,39.105320,dd5c83f3b3cee726,passed
regular-simd_omp-t20-dynamicx16-r2-6000x6000.png,2026-09-18T17:24:04Z,6000x6000.png,6000,6000,Rotate_CCW,2,20,dynamic,16,omp,no,unset,unset,hype2,12.2.0,-O3 -Wall -Wextra -std=c++17 -fopenmp -DOMP_EXPLICIT_SIMD=1,40.353194,51196bd3ed2b4ba4,passed
regular-simd_omp-t20-dynamicx16-r2-6000x6000.png,2026-09-18T17:24:05Z,6000x6000.png,6000,6000,Gaussian_3x3,2,20,dynamic,16,omp,yes,unset,unset,hype2,12.2.0,-O3 -Wall -Wextra -std=c++17 -fopenmp -DOMP_EXPLICIT_SIMD=1,86.106944,87566478e34b4f70,passed
regular-simd_omp-t20-dynamicx16-r2-6000x6000.png,2026-09-18T17:24:05Z,6000x6000.png,6000,6000,Gaussian_5x5,2,20,dynamic,16,omp,yes,unset,unset,hype2,12.2.0,-O3 -Wall -Wextra -std=c++17 -fopenmp -DOMP_EXPLICIT_SIMD=1,150.645670,4b23a258f94a27f0,passed
regular-simd_omp-t20-dynamicx16-r2-6000x6000.png,2026-09-18T17:24:06Z,6000x6000.png,6000,6000,Gaussian_7x7,2,20,dynamic,16,omp,yes,unset,unset,hype2,12.2.0,-O3 -Wall -Wextra -std=c++17 -fopenmp -DOMP_EXPLICIT_SIMD=1,254.816144,3771268fea0417e2,passed
regular-simd_omp-t20-dynamicx16-r2-6000x6000.png,2026-09-18T17:24:06Z,6000x6000.png,6000,6000,Gaussian_9x9,2,20,dynamic,16,omp,yes,unset,unset,hype2,12.2.0,-O3 -Wall -Wextra -std=c++17 -fopenmp -DOMP_EXPLICIT_SIMD=1,392.982281,3f6b7f707a108bd5,passed
regular-simd_omp-t20-dynamicx16-r2-6000x6000.png,2026-09-18T17:24:07Z,6000x6000.png,6000,6000,Gaussian_11x11,2,20,dynamic,16,omp,yes,unset,unset,hype2,12.2.0,-O3 -Wall -Wextra -std=c++17 -fopenmp -DOMP_EXPLICIT_SIMD=1,561.871689,c923a906c8989668,passed
regular-simd_off-t20-static-r2-4000x3000.png,2026-09-18T17:24:07Z,4000x3000.png,4000,3000,Grayscale,2,20,static,,off,yes,unset,unset,hype2,12.2.0,-O3 -Wall -Wextra -std=c++17 -fopenmp -DOMP_EXPLICIT_SIMD=0 -fno-tree-vectorize,3.846640,00925fa85224b60c,passed
regular-simd_off-t20-static-r2-4000x3000.png,2026-09-18T17:24:08Z,4000x3000.png,4000,3000,Flip_Horizontal,2,20,static,,off,no,unset,unset,hype2,12.2.0,-O3 -Wall -Wextra -std=c++17 -fopenmp -DOMP_EXPLICIT_SIMD=0 -fno-tree-vectorize,1.772565,45d5313341f5868e,passed
regular-simd_off-t20-static-r2-4000x3000.png,2026-09-18T17:24:08Z,4000x3000.png,4000,3000,Adjust_Brightness,2,20,static,,off,yes,unset,unset,hype2,12.2.0,-O3 -Wall -Wextra -std=c++17 -fopenmp -DOMP_EXPLICIT_SIMD=0 -fno-tree-vectorize,4.049164,e488c03148da4f5b,passed
regular-simd_off-t20-static-r2-4000x3000.png,2026-09-18T17:24:08Z,4000x3000.png,4000,3000,Flip_Vertical,2,20,static,,off,no,unset,unset,hype2,12.2.0,-O3 -Wall -Wextra -std=c++17 -fopenmp -DOMP_EXPLICIT_SIMD=0 -fno-tree-vectorize,1.927835,754d30e4e81eccfc,passed
regular-simd_off-t20-static-r2-4000x3000.png,2026-09-18T17:24:08Z,4000x3000.png,4000,3000,Quantize,2,20,static,,off,yes,unset,unset,hype2,12.2.0,-O3 -Wall -Wextra -std=c++17 -fopenmp -DOMP_EXPLICIT_SIMD=0 -fno-tree-vectorize,12.213521,f01ef010a3fd2f20,passed
regular-simd_off-t20-static-r2-4000x3000.png,2026-09-18T17:24:08Z,4000x3000.png,4000,3000,Adjust_Contrast,2,20,static,,off,yes,unset,unset,hype2,12.2.0,-O3 -Wall -Wextra -std=c++17 -fopenmp -DOMP_EXPLICIT_SIMD=0 -fno-tree-vectorize,5.716710,7cc9f4cee5c661bd,passed
regular-simd_off-t20-static-r2-4000x3000.png,2026-09-18T17:24:08Z,4000x3000.png,4000,3000,Negative,2,20,static,,off,yes,unset,unset,hype2,12.2.0,-O3 -Wall -Wextra -std=c++17 -fopenmp -DOMP_EXPLICIT_SIMD=0 -fno-tree-vectorize,2.475056,043d4193294f2dcc,passed
regular-simd_off-t20-static-r2-4000x3000.png,2026-09-18T17:24:08Z,4000x3000.png,4000,3000,Equalize_Histogram,2,20,static,,off,yes,unset,unset,hype2,12.2.0,-O3 -Wall -Wextra -std=c++17 -fopenmp -DOMP_EXPLICIT_SIMD=0 -fno-tree-vectorize,4.287785,243220feba4dd030,passed
regular-simd_off-t20-static-r2-4000x3000.png,2026-09-18T17:24:08Z,4000x3000.png,4000,3000,Zoom_In,2,20,static,,off,yes,unset,unset,hype2,12.2.0,-O3 -Wall -Wextra -std=c++17 -fopenmp -DOMP_EXPLICIT_SIMD=0 -fno-tree-vectorize,9.519666,71b80276839f9533,passed
regular-simd_off-t20-static-r2-4000x3000.png,2026-09-18T17:24:08Z,4000x3000.png,4000,3000,Zoom_Out,2,20,static,,off,no,unset,unset,hype2,12.2.0,-O3 -Wall -Wextra -std=c++17 -fopenmp -DOMP_EXPLICIT_SIMD=0 -fno-tree-vectorize,6.980245,a91f518a4f2dbd10,passed
regular-simd_off-t20-static-r2-4000x3000.png,2026-09-18T17:24:08Z,4000x3000.png,4000,3000,Rotate_CW,2,20,static,,off,no,unset,unset,hype2,12.2.0,-O3 -Wall -Wextra -std=c++17 -fopenmp -DOMP_EXPLICIT_SIMD=0 -fno-tree-vectorize,16.969565,e0f27e61a205ef0a,passed
regular-simd_off-t20-static-r2-4000x3000.png,2026-09-18T17:24:08Z,4000x3000.png,4000,3000,Rotate_CCW,2,20,static,,off,no,unset,unset,hype2,12.2.0,-O3 -Wall -Wextra -std=c++17 -fopenmp -DOMP_EXPLICIT_SIMD=0 -fno-tree-vectorize,17.287651,b4512f3b73b7723c,passed
regular-simd_off-t20-static-r2-4000x3000.png,2026-09-18T17:24:08Z,4000x3000.png,4000,3000,Gaussian_3x3,2,20,static,,off,yes,unset,unset,hype2,12.2.0,-O3 -Wall -Wextra -std=c++17 -fopenmp -DOMP_EXPLICIT_SIMD=0 -fno-tree-vectorize,28.977767,bc1a93797b2afda7,passed
regular-simd_off-t20-static-r2-4000x3000.png,2026-09-18T17:24:09Z,4000x3000.png,4000,3000,Gaussian_5x5,2,20,static,,off,yes,unset,unset,hype2,12.2.0,-O3 -Wall -Wextra -std=c++17 -fopenmp -DOMP_EXPLICIT_SIMD=0 -fno-tree-vectorize,49.691490,d67ccd9b6dbb62d8,passed
regular-simd_off-t20-static-r2-4000x3000.png,2026-09-18T17:24:09Z,4000x3000.png,4000,3000,Gaussian_7x7,2,20,static,,off,yes,unset,unset,hype2,12.2.0,-O3 -Wall -Wextra -std=c++17 -fopenmp -DOMP_EXPLICIT_SIMD=0 -fno-tree-vectorize,83.808349,98f465f1820de349,passed
regular-simd_off-t20-static-r2-4000x3000.png,2026-09-18T17:24:09Z,4000x3000.png,4000,3000,Gaussian_9x9,2,20,static,,off,yes,unset,unset,hype2,12.2.0,-O3 -Wall -Wextra -std=c++17 -fopenmp -DOMP_EXPLICIT_SIMD=0 -fno-tree-vectorize,128.773374,8f9bd96ceab3a369,passed
regular-simd_off-t20-static-r2-4000x3000.png,2026-09-18T17:24:09Z,4000x3000.png,4000,3000,Gaussian_11x11,2,20,static,,off,yes,unset,unset,hype2,12.2.0,-O3 -Wall -Wextra -std=c++17 -fopenmp -DOMP_EXPLICIT_SIMD=0 -fno-tree-vectorize,204.562773,1e8adb9534bf99dc,passed
regular-simd_off-t20-static-r2-6000x6000.png,2026-09-18T17:24:11Z,6000x6000.png,6000,6000,Grayscale,2,20,static,,off,yes,unset,unset,hype2,12.2.0,-O3 -Wall -Wextra -std=c++17 -fopenmp -DOMP_EXPLICIT_SIMD=0 -fno-tree-vectorize,9.612990,937793859b387046,passed
regular-simd_off-t20-static-r2-6000x6000.png,2026-09-18T17:24:11Z,6000x6000.png,6000,6000,Flip_Horizontal,2,20,static,,off,no,unset,unset,hype2,12.2.0,-O3 -Wall -Wextra -std=c++17 -fopenmp -DOMP_EXPLICIT_SIMD=0 -fno-tree-vectorize,4.618346,3dfbc0e2f0b456c2,passed
regular-simd_off-t20-static-r2-6000x6000.png,2026-09-18T17:24:11Z,6000x6000.png,6000,6000,Adjust_Brightness,2,20,static,,off,yes,unset,unset,hype2,12.2.0,-O3 -Wall -Wextra -std=c++17 -fopenmp -DOMP_EXPLICIT_SIMD=0 -fno-tree-vectorize,11.570173,5d4bea966648e7a7,passed
regular-simd_off-t20-static-r2-6000x6000.png,2026-09-18T17:24:11Z,6000x6000.png,6000,6000,Flip_Vertical,2,20,static,,off,no,unset,unset,hype2,12.2.0,-O3 -Wall -Wextra -std=c++17 -fopenmp -DOMP_EXPLICIT_SIMD=0 -fno-tree-vectorize,4.706173,bd012cf684012198,passed
regular-simd_off-t20-static-r2-6000x6000.png,2026-09-18T17:24:12Z,6000x6000.png,6000,6000,Quantize,2,20,static,,off,yes,unset,unset,hype2,12.2.0,-O3 -Wall -Wextra -std=c++17 -fopenmp -DOMP_EXPLICIT_SIMD=0 -fno-tree-vectorize,34.902056,b2e8843413e8e7a6,passed
regular-simd_off-t20-static-r2-6000x6000.png,2026-09-18T17:24:12Z,6000x6000.png,6000,6000,Adjust_Contrast,2,20,static,,off,yes,unset,unset,hype2,12.2.0,-O3 -Wall -Wextra -std=c++17 -fopenmp -DOMP_EXPLICIT_SIMD=0 -fno-tree-vectorize,16.984621,c036bcbf5e6d6190,passed
regular-simd_off-t20-static-r2-6000x6000.png,2026-09-18T17:24:12Z,6000x6000.png,6000,6000,Negative,2,20,static,,off,yes,unset,unset,hype2,12.2.0,-O3 -Wall -Wextra -std=c++17 -fopenmp -DOMP_EXPLICIT_SIMD=0 -fno-tree-vectorize,6.790518,0a497e94a83bbbc0,passed
regular-simd_off-t20-static-r2-6000x6000.png,2026-09-18T17:24:12Z,6000x6000.png,6000,6000,Equalize_Histogram,2,20,static,,off,yes,unset,unset,hype2,12.2.0,-O3 -Wall -Wextra -std=c++17 -fopenmp -DOMP_EXPLICIT_SIMD=0 -fno-tree-vectorize,11.915929,5251e13888abb30f,passed
regular-simd_off-t20-static-r2-6000x6000.png,2026-09-18T17:24:13Z,6000x6000.png,6000,6000,Zoom_In,2,20,static,,off,yes,unset,unset,hype2,12.2.0,-O3 -Wall -Wextra -std=c++17 -fopenmp -DOMP_EXPLICIT_SIMD=0 -fno-tree-vectorize,26.768859,4e063cbe88523a0e,passed
regular-simd_off-t20-static-r2-6000x6000.png,2026-09-18T17:24:13Z,6000x6000.png,6000,6000,Zoom_Out,2,20,static,,off,no,unset,unset,hype2,12.2.0,-O3 -Wall -Wextra -std=c++17 -fopenmp -DOMP_EXPLICIT_SIMD=0 -fno-tree-vectorize,18.612659,8eace74e8cd425e6,passed
regular-simd_off-t20-static-r2-6000x6000.png,2026-09-18T17:24:13Z,6000x6000.png,6000,6000,Rotate_CW,2,20,static,,off,no,unset,unset,hype2,12.2.0,-O3 -Wall -Wextra -std=c++17 -fopenmp -DOMP_EXPLICIT_SIMD=0 -fno-tree-vectorize,38.099062,dd5c83f3b3cee726,passed
regular-simd_off-t20-static-r2-6000x6000.png,2026-09-18T17:24:13Z,6000x6000.png,6000,6000,Rotate_CCW,2,20,static,,off,no,unset,unset,hype2,12.2.0,-O3 -Wall -Wextra -std=c++17 -fopenmp -DOMP_EXPLICIT_SIMD=0 -fno-tree-vectorize,32.021424,51196bd3ed2b4ba4,passed
regular-simd_off-t20-static-r2-6000x6000.png,2026-09-18T17:24:14Z,6000x6000.png,6000,6000,Gaussian_3x3,2,20,static,,off,yes,unset,unset,hype2,12.2.0,-O3 -Wall -Wextra -std=c++17 -fopenmp -DOMP_EXPLICIT_SIMD=0 -fno-tree-vectorize,84.092992,87566478e34b4f70,passed
regular-simd_off-t20-static-r2-6000x6000.png,2026-09-18T17:24:14Z,6000x6000.png,6000,6000,Gaussian_5x5,2,20,static,,off,yes,unset,unset,hype2,12.2.0,-O3 -Wall -Wextra -std=c++17 -fopenmp -DOMP_EXPLICIT_SIMD=0 -fno-tree-vectorize,162.351218,4b23a258f94a27f0,passed
regular-simd_off-t20-static-r2-6000x6000.png,2026-09-18T17:24:14Z,6000x6000.png,6000,6000,Gaussian_7x7,2,20,static,,off,yes,unset,unset,hype2,12.2.0,-O3 -Wall -Wextra -std=c++17 -fopenmp -DOMP_EXPLICIT_SIMD=0 -fno-tree-vectorize,248.361439,3771268fea0417e2,passed
regular-simd_off-t20-static-r2-6000x6000.png,2026-09-18T17:24:15Z,6000x6000.png,6000,6000,Gaussian_9x9,2,20,static,,off,yes,unset,unset,hype2,12.2.0,-O3 -Wall -Wextra -std=c++17 -fopenmp -DOMP_EXPLICIT_SIMD=0 -fno-tree-vectorize,384.754051,3f6b7f707a108bd5,passed
regular-simd_off-t20-static-r2-6000x6000.png,2026-09-18T17:24:16Z,6000x6000.png,6000,6000,Gaussian_11x11,2,20,static,,off,yes,unset,unset,hype2,12.2.0,-O3 -Wall -Wextra -std=c++17 -fopenmp -DOMP_EXPLICIT_SIMD=0 -fno-tree-vectorize,553.180927,c923a906c8989668,passed
