Image,Width,Height,Operation,Threads,Schedule,Chunk,Simd_Build,Simd_Eligible,OMP_Places,OMP_Proc_Bind,Hostname,Compiler,Build_Flags,Samples,Median_ms,Min_ms,Max_ms,Mean_ms,StdDev_ms,Speedup_vs_Static
4000x3000.png,4000,3000,Adjust_Brightness,1,dynamic,1,off,yes,unset,unset,hype2,12.2.0,-O3 -Wall -Wextra -std=c++17 -fopenmp -DOMP_EXPLICIT_SIMD=0 -fno-tree-vectorize,2,62.329966,62.328571,62.331362,62.329966,0.001974,0.996085
4000x3000.png,4000,3000,Adjust_Brightness,1,dynamic,1,omp,yes,unset,unset,hype2,12.2.0,-O3 -Wall -Wextra -std=c++17 -fopenmp -DOMP_EXPLICIT_SIMD=1,2,63.912537,63.885815,63.939260,63.912537,0.037791,0.996212
4000x3000.png,4000,3000,Adjust_Brightness,1,dynamic,16,off,yes,unset,unset,hype2,12.2.0,-O3 -Wall -Wextra -std=c++17 -fopenmp -DOMP_EXPLICIT_SIMD=0 -fno-tree-vectorize,2,61.905079,61.896933,61.913226,61.905079,0.011521,1.002922
4000x3000.png,4000,3000,Adjust_Brightness,1,dynamic,16,omp,yes,unset,unset,hype2,12.2.0,-O3 -Wall -Wextra -std=c++17 -fopenmp -DOMP_EXPLICIT_SIMD=1,2,63.515895,63.487471,63.544318,63.515895,0.040197,1.002433
4000x3000.png,4000,3000,Adjust_Brightness,1,static,,off,yes,unset,unset,hype2,12.2.0,-O3 -Wall -Wextra -std=c++17 -fopenmp -DOMP_EXPLICIT_SIMD=0 -fno-tree-vectorize,2,62.085942,61.897937,62.273947,62.085942,0.265879,1.000000
4000x3000.png,4000,3000,Adjust_Brightness,1,static,,omp,yes,unset,unset,hype2,12.2.0,-O3 -Wall -Wextra -std=c++17 -fopenmp -DOMP_EXPLICIT_SIMD=1,2,63.670440,63.564546,63.776335,63.670440,0.149757,1.000000
4000x3000.png,4000,3000,Adjust_Brightness,12,dynamic,1,off,yes,unset,unset,hype2,12.2.0,-O3 -Wall -Wextra -std=c++17 -fopenmp -DOMP_EXPLICIT_SIMD=0 -fno-tree-vectorize,2,6.421620,6.379970,6.463271,6.421620,0.058903,0.997781
4000x3000.png,4000,3000,Adjust_Brightness,12,dynamic,1,omp,yes,unset,unset,hype2,12.2.0,-O3 -Wall -Wextra -std=c++17 -fopenmp -DOMP_EXPLICIT_SIMD=1,2,6.569676,6.558857,6.580495,6.569676,0.015300,1.007978
4000x3000.png,4000,3000,Adjust_Brightness,12,dynamic,16,off,yes,unset,unset,hype2,12.2.0,-O3 -Wall -Wextra -std=c++17 -fopenmp -DOMP_EXPLICIT_SIMD=0 -fno-tree-vectorize,2,6.541548,6.530771,6.552326,6.541548,0.015242,0.979488
4000x3000.png,4000,3000,Adjust_Brightness,12,dynamic,16,omp,yes,unset,unset,hype2,12.2.0,-O3 -Wall -Wextra -std=c++17 -fopenmp -DOMP_EXPLICIT_SIMD=1,2,6.561982,6.523739,6.600225,6.561982,0.054084,1.009159
4000x3000.png,4000,3000,Adjust_Brightness,12,static,,off,yes,unset,unset,hype2,12.2.0,-O3 -Wall -Wextra -std=c++17 -fopenmp -DOMP_EXPLICIT_SIMD=0 -fno-tree-vectorize,2,6.407371,6.388905,6.425837,6.407371,0.026115,1.000000
4000x3000.png,4000,3000,Adjust_Brightness,12,static,,omp,yes,unset,unset,hype2,12.2.0,-O3 -Wall -Wextra -std=c++17 -fopenmp -DOMP_EXPLICIT_SIMD=1,2,6.622086,6.529884,6.714288,6.622086,0.130393,1.000000
4000x3000.png,4000,3000,Adjust_Brightness,16,dynamic,1,off,yes,unset,unset,hype2,12.2.0,-O3 -Wall -Wextra -std=c++17 -fopenmp -DOMP_EXPLICIT_SIMD=0 -fno-tree-vectorize,2,4.884323,4.854827,4.913819,4.884323,0.041714,1.004205
4000x3000.png,4000,3000,Adjust_Brightness,16,dynamic,1,omp,yes,unset,unset,hype2,12.2.0,-O3 -Wall -Wextra -std=c++17 -fopenmp -DOMP_EXPLICIT_SIMD=1,2,5.006176,4.977086,5.035266,5.006176,0.041139,1.015972
4000x3000.png,4000,3000,Adjust_Brightness,16,dynamic,16,off,yes,unset,unset,hype2,12.2.0,-O3 -Wall -Wextra -std=c++17 -fopenmp -DOMP_EXPLICIT_SIMD=0 -fno-tree-vectorize,2,4.921079,4.885559,4.956599,4.921079,0.050233,0.996705
4000x3000.png,4000,3000,Adjust_Brightness,16,dynamic,16,omp,yes,unset,unset,hype2,12.2.0,-O3 -Wall -Wextra -std=c++17 -fopenmp -DOMP_EXPLICIT_SIMD=1,2,5.215035,5.192865,5.237206,5.215035,0.031354,0.975283
4000x3000.png,4000,3000,Adjust_Brightness,16,static,,off,yes,unset,unset,hype2,12.2.0,-O3 -Wall -Wextra -std=c++17 -fopenmp -DOMP_EXPLICIT_SIMD=0 -fno-tree-vectorize,2,4.904863,4.884374,4.925352,4.904863,0.028976,1.000000
4000x3000.png,4000,3000,Adjust_Brightness,16,static,,omp,yes,unset,unset,hype2,12.2.0,-O3 -Wall -Wextra -std=c++17 -fopenmp -DOMP_EXPLICIT_SIMD=1,2,5.086137,5.013643,5.158631,5.086137,0.102522,1.000000
4000x3000.png,4000,3000,Adjust_Brightness,2,dynamic,1,off,yes,unset,unset,hype2,12.2.0,-O3 -Wall -Wextra -std=c++17 -fopenmp -DOMP_EXPLICIT_SIMD=0 -fno-tree-vectorize,2,32.383352,32.291896,32.474807,32.383352,0.129338,1.003479
4000x3000.png,4000,3000,Adjust_Brightness,2,dynamic,1,omp,yes,unset,unset,hype2,12.2.0,-O3 -Wall -Wextra -std=c++17 -fopenmp -DOMP_EXPLICIT_SIMD=1,2,32.976881,32.971117,32.982645,32.976881,0.008152,1.042175
4000x3000.png,4000,3000,Adjust_Brightness,2,dynamic,16,off,yes,unset,unset,hype2,12.2.0,-O3 -Wall -Wextra -std=c++17 -fopenmp -DOMP_EXPLICIT_SIMD=0 -fno-tree-vectorize,2,31.935119,31.912639,31.957599,31.935119,0.031792,1.017563
4000x3000.png,4000,3000,Adjust_Brightness,2,dynamic,16,omp,yes,unset,unset,hype2,12.2.0,-O3 -Wall -Wextra -std=c++17 -fopenmp -DOMP_EXPLICIT_SIMD=1,2,32.665857,32.568105,32.763608,32.665857,0.138241,1.052098
4000x3000.png,4000,3000,Adjust_Brightness,2,static,,off,yes,unset,unset,hype2,12.2.0,-O3 -Wall -Wextra -std=c++17 -fopenmp -DOMP_EXPLICIT_SIMD=0 -fno-tree-vectorize,2,32.496003,32.418229,32.573776,32.496003,0.109988,1.000000
4000x3000.png,4000,3000,Adjust_Brightness,2,static,,omp,yes,unset,unset,hype2,12.2.0,-O3 -Wall -Wextra -std=c++17 -fopenmp -DOMP_EXPLICIT_SIMD=1,2,34.367693,33.415317,35.320069,34.367693,1.346863,1.000000
4000x3000.png,4000,3000,Adjust_Brightness,20,dynamic,1,off,yes,unset,unset,hype2,12.2.0,-O3 -Wall -Wextra -std=c++17 -fopenmp -DOMP_EXPLICIT_SIMD=0 -fno-tree-vectorize,2,3.968819,3.922803,4.014836,3.968819,0.065077,1.273701
4000x3000.png,4000,3000,Adjust_Brightness,20,dynamic,1,omp,yes,unset,unset,hype2,12.2.0,-O3 -Wall -Wextra -std=c++17 -fopenmp -DOMP_EXPLICIT_SIMD=1,2,4.061876,3.995660,4.128091,4.061876,0.093643,0.997770
4000x3000.png,4000,3000,Adjust_Brightness,20,dynamic,16,off,yes,unset,unset,hype2,12.2.0,-O3 -Wall -Wextra -std=c++17 -fopenmp -DOMP_EXPLICIT_SIMD=0 -fno-tree-vectorize,2,4.137811,4.064256,4.211365,4.137811,0.104022,1.221682
4000x3000.png,4000,3000,Adjust_Brightness,20,dynamic,16,omp,yes,unset,unset,hype2,12.2.0,-O3 -Wall -Wextra -std=c++17 -fopenmp -DOMP_EXPLICIT_SIMD=1,2,4.169132,4.153022,4.185241,4.169132,0.022782,0.972101
4000x3000.png,4000,3000,Adjust_Brightness,20,static,,off,yes,unset,unset,hype2,12.2.0,-O3 -Wall -Wextra -std=c++17 -fopenmp -DOMP_EXPLICIT_SIMD=0 -fno-tree-vectorize,2,5.055089,4.049164,6.061013,5.055089,1.422592,1.000000
4000x3000.png,4000,3000,Adjust_Brightness,20,static,,omp,yes,unset,unset,hype2,12.2.0,-O3 -Wall -Wextra -std=c++17 -fopenmp -DOMP_EXPLICIT_SIMD=1,2,4.052816,3.982706,4.122927,4.052816,0.099151,1.000000
4000x3000.png,4000,3000,Adjust_Brightness,4,dynamic,1,off,yes,unset,unset,hype2,12.2.0,-O3 -Wall -Wextra -std=c++17 -fopenmp -DOMP_EXPLICIT_SIMD=0 -fno-tree-vectorize,2,16.798730,16.559923,17.037536,16.798730,0.337723,0.979683
4000x3000.png,4000,3000,Adjust_Brightness,4,dynamic,1,omp,yes,unset,unset,hype2,12.2.0,-O3 -Wall -Wextra -std=c++17 -fopenmp -DOMP_EXPLICIT_SIMD=1,2,16.994088,16.962360,17.025816,16.994088,0.044870,1.008408
4000x3000.png,4000,3000,Adjust_Brightness,4,dynamic,16,off,yes,unset,unset,hype2,12.2.0,-O3 -Wall -Wextra -std=c++17 -fopenmp -DOMP_EXPLICIT_SIMD=0 -fno-tree-vectorize,2,16.232879,16.232083,16.233676,16.232879,0.001126,1.013833
4000x3000.png,4000,3000,Adjust_Brightness,4,dynamic,16,omp,yes,unset,unset,hype2,12.2.0,-O3 -Wall -Wextra -std=c++17 -fopenmp -DOMP_EXPLICIT_SIMD=1,2,16.773559,16.748851,16.798267,16.773559,0.034942,1.021666
4000x3000.png,4000,3000,Adjust_Brightness,4,static,,off,yes,unset,unset,hype2,12.2.0,-O3 -Wall -Wextra -std=c++17 -fopenmp -DOMP_EXPLICIT_SIMD=0 -fno-tree-vectorize,2,16.457431,16.255952,16.658909,16.457431,0.284934,1.000000
4000x3000.png,4000,3000,Adjust_Brightness,4,static,,omp,yes,unset,unset,hype2,12.2.0,-O3 -Wall -Wextra -std=c++17 -fopenmp -DOMP_EXPLICIT_SIMD=1,2,17.136968,17.075661,17.198275,17.136968,0.086701,1.000000
4000x3000.png,4000,3000,Adjust_Brightness,8,dynamic,1,off,yes,unset,unset,hype2,12.2.0,-O3 -Wall -Wextra -std=c++17 -fopenmp -DOMP_EXPLICIT_SIMD=0 -fno-tree-vectorize,2,9.296210,9.195423,9.396997,9.296210,0.142534,0.996501
4000x3000.png,4000,3000,Adjust_Brightness,8,dynamic,1,omp,yes,unset,unset,hype2,12.2.0,-O3 -Wall -Wextra -std=c++17 -fopenmp -DOMP_EXPLICIT_SIMD=1,2,9.491512,9.461702,9.521321,9.491512,0.042157,0.996704
4000x3000.png,4000,3000,Adjust_Brightness,8,dynamic,16,off,yes,unset,unset,hype2,12.2.0,-O3 -Wall -Wextra -std=c++17 -fopenmp -DOMP_EXPLICIT_SIMD=0 -fno-tree-vectorize,2,9.253359,9.248202,9.258517,9.253359,0.007294,1.001116
4000x3000.png,4000,3000,Adjust_Brightness,8,dynamic,16,omp,yes,unset,unset,hype2,12.2.0,-O3 -Wall -Wextra -std=c++17 -fopenmp -DOMP_EXPLICIT_SIMD=1,2,9.465402,9.454368,9.476436,9.465402,0.015604,0.999453
4000x3000.png,4000,3000,Adjust_Brightness,8,static,,off,yes,unset,unset,hype2,12.2.0,-O3 -Wall -Wextra -std=c++17 -fopenmp -DOMP_EXPLICIT_SIMD=0 -fno-tree-vectorize,2,9.263682,9.242798,9.284567,9.263682,0.029535,1.000000
4000x3000.png,4000,3000,Adjust_Brightness,8,static,,omp,yes,unset,unset,hype2,12.2.0,-O3 -Wall -Wextra -std=c++17 -fopenmp -DOMP_EXPLICIT_SIMD=1,2,9.460228,9.364999,9.555457,9.460228,0.134674,1.000000
4000x3000.png,4000,3000,Adjust_Contrast,1,dynamic,1,off,yes,unset,unset,hype2,12.2.0,-O3 -Wall -Wextra -std=c++17 -fopenmp -DOMP_EXPLICIT_SIMD=0 -fno-tree-vectorize,2,92.911899,92.750122,93.073676,92.911899,0.228787,1.002947
4000x3000.png,4000,3000,Adjust_Contrast,1,dynamic,1,omp,yes,unset,unset,hype2,12.2.0,-O3 -Wall -Wextra -std=c++17 -fopenmp -DOMP_EXPLICIT_SIMD=1,2,93.676183,93.659030,93.693335,93.676183,0.024257,0.998308
4000x3000.png,4000,3000,Adjust_Contrast,1,dynamic,16,off,yes,unset,unset,hype2,12.2.0,-O3 -Wall -Wextra -std=c++17 -fopenmp -DOMP_EXPLICIT_SIMD=0 -fno-tree-vectorize,2,93.303740,93.023304,93.584176,93.303740,0.396596,0.998735
4000x3000.png,4000,3000,Adjust_Contrast,1,dynamic,16,omp,yes,unset,unset,hype2,12.2.0,-O3 -Wall -Wextra -std=c++17 -fopenmp -DOMP_EXPLICIT_SIMD=1,2,93.626537,93.621909,93.631166,93.626537,0.006546,0.998838
4000x3000.png,4000,3000,Adjust_Contrast,1,static,,off,yes,unset,unset,hype2,12.2.0,-O3 -Wall -Wextra -std=c++17 -fopenmp -DOMP_EXPLICIT_SIMD=0 -fno-tree-vectorize,2,93.185750,93.025337,93.346164,93.185750,0.226859,1.000000
4000x3000.png,4000,3000,Adjust_Contrast,1,static,,omp,yes,unset,unset,hype2,12.2.0,-O3 -Wall -Wextra -std=c++17 -fopenmp -DOMP_EXPLICIT_SIMD=1,2,93.517718,93.346842,93.688593,93.517718,0.241654,1.000000
4000x3000.png,4000,3000,Adjust_Contrast,12,dynamic,1,off,yes,unset,unset,hype2,12.2.0,-O3 -Wall -Wextra -std=c++17 -fopenmp -DOMP_EXPLICIT_SIMD=0 -fno-tree-vectorize,2,9.436242,9.363041,9.509442,9.436242,0.103521,1.013443
4000x3000.png,4000,3000,Adjust_Contrast,12,dynamic,1,omp,yes,unset,unset,hype2,12.2.0,-O3 -Wall -Wextra -std=c++17 -fopenmp -DOMP_EXPLICIT_SIMD=1,2,9.425992,9.380388,9.471595,9.425992,0.064493,0.998693
4000x3000.png,4000,3000,Adjust_Contrast,12,dynamic,16,off,yes,unset,unset,hype2,12.2.0,-O3 -Wall -Wextra -std=c++17 -fopenmp -DOMP_EXPLICIT_SIMD=0 -fno-tree-vectorize,2,9.582259,9.582087,9.582432,9.582259,0.000244,0.998000
4000x3000.png,4000,3000,Adjust_Contrast,12,dynamic,16,omp,yes,unset,unset,hype2,12.2.0,-O3 -Wall -Wextra -std=c++17 -fopenmp -DOMP_EXPLICIT_SIMD=1,2,9.570434,9.536643,9.604224,9.570434,0.047787,0.983620
4000x3000.png,4000,3000,Adjust_Contrast,12,static,,off,yes,unset,unset,hype2,12.2.0,-O3 -Wall -Wextra -std=c++17 -fopenmp -DOMP_EXPLICIT_SIMD=0 -fno-tree-vectorize,2,9.563095,9.550129,9.576062,9.563095,0.018337,1.000000
4000x3000.png,4000,3000,Adjust_Contrast,12,static,,omp,yes,unset,unset,hype2,12.2.0,-O3 -Wall -Wextra -std=c++17 -fopenmp -DOMP_EXPLICIT_SIMD=1,2,9.413673,9.357044,9.470302,9.413673,0.080085,1.000000
4000x3000.png,4000,3000,Adjust_Contrast,16,dynamic,1,off,yes,unset,unset,hype2,12.2.0,-O3 -Wall -Wextra -std=c++17 -fopenmp -DOMP_EXPLICIT_SIMD=0 -fno-tree-vectorize,2,7.136962,7.110313,7.163611,7.136962,0.037687,1.009629
4000x3000.png,4000,3000,Adjust_Contrast,16,dynamic,1,omp,yes,unset,unset,hype2,12.2.0,-O3 -Wall -Wextra -std=c++17 -fopenmp -DOMP_EXPLICIT_SIMD=1,2,7.178185,7.167722,7.188648,7.178185,0.014797,1.011776
4000x3000.png,4000,3000,Adjust_Contrast,16,dynamic,16,off,yes,unset,unset,hype2,12.2.0,-O3 -Wall -Wextra -std=c++17 -fopenmp -DOMP_EXPLICIT_SIMD=0 -fno-tree-vectorize,2,7.279789,7.145596,7.413983,7.279789,0.189778,0.989821
4000x3000.png,4000,3000,Adjust_Contrast,16,dynamic,16,omp,yes,unset,unset,hype2,12.2.0,-O3 -Wall -Wextra -std=c++17 -fopenmp -DOMP_EXPLICIT_SIMD=1,2,7.396495,7.364366,7.428623,7.396495,0.045437,0.981913
4000x3000.png,4000,3000,Adjust_Contrast,16,static,,off,yes,unset,unset,hype2,12.2.0,-O3 -Wall -Wextra -std=c++17 -fopenmp -DOMP_EXPLICIT_SIMD=0 -fno-tree-vectorize,2,7.205685,7.193998,7.217371,7.205685,0.016527,1.000000
4000x3000.png,4000,3000,Adjust_Contrast,16,static,,omp,yes,unset,unset,hype2,12.2.0,-O3 -Wall -Wextra -std=c++17 -fopenmp -DOMP_EXPLICIT_SIMD=1,2,7.262717,7.161676,7.363759,7.262717,0.142894,1.000000
4000x3000.png,4000,3000,Adjust_Contrast,2,dynamic,1,off,yes,unset,unset,hype2,12.2.0,-O3 -Wall -Wextra -std=c++17 -fopenmp -DOMP_EXPLICIT_SIMD=0 -fno-tree-vectorize,2,48.425905,47.887468,48.964343,48.425905,0.761466,0.983545
4000x3000.png,4000,3000,Adjust_Contrast,2,dynamic,1,omp,yes,unset,unset,hype2,12.2.0,-O3 -Wall -Wextra -std=c++17 -fopenmp -DOMP_EXPLICIT_SIMD=1,2,48.308693,48.106660,48.510726,48.308693,0.285718,0.984521
4000x3000.png,4000,3000,Adjust_Contrast,2,dynamic,16,off,yes,unset,unset,hype2,12.2.0,-O3 -Wall -Wextra -std=c++17 -fopenmp -DOMP_EXPLICIT_SIMD=0 -fno-tree-vectorize,2,47.437532,47.355073,47.519991,47.437532,0.116615,1.004038
4000x3000.png,4000,3000,Adjust_Contrast,2,dynamic,16,omp,yes,unset,unset,hype2,12.2.0,-O3 -Wall -Wextra -std=c++17 -fopenmp -DOMP_EXPLICIT_SIMD=1,2,47.670503,47.436724,47.904282,47.670503,0.330613,0.997701
4000x3000.png,4000,3000,Adjust_Contrast,2,static,,off,yes,unset,unset,hype2,12.2.0,-O3 -Wall -Wextra -std=c++17 -fopenmp -DOMP_EXPLICIT_SIMD=0 -fno-tree-vectorize,2,47.629064,46.719267,48.538862,47.629064,1.286648,1.000000
4000x3000.png,4000,3000,Adjust_Contrast,2,static,,omp,yes,unset,unset,hype2,12.2.0,-O3 -Wall -Wextra -std=c++17 -fopenmp -DOMP_EXPLICIT_SIMD=1,2,47.560904,46.916842,48.204965,47.560904,0.910841,1.000000
4000x3000.png,4000,3000,Adjust_Contrast,20,dynamic,1,off,yes,unset,unset,hype2,12.2.0,-O3 -Wall -Wextra -std=c++17 -fopenmp -DOMP_EXPLICIT_SIMD=0 -fno-tree-vectorize,2,5.782540,5.767248,5.797833,5.782540,0.021627,0.984805
4000x3000.png,4000,3000,Adjust_Contrast,20,dynamic,1,omp,yes,unset,unset,hype2,12.2.0,-O3 -Wall -Wextra -std=c++17 -fopenmp -DOMP_EXPLICIT_SIMD=1,2,5.715457,5.708817,5.722096,5.715457,0.009390,1.033274
4000x3000.png,4000,3000,Adjust_Contrast,20,dynamic,16,off,yes,unset,unset,hype2,12.2.0,-O3 -Wall -Wextra -std=c++17 -fopenmp -DOMP_EXPLICIT_SIMD=0 -fno-tree-vectorize,2,5.979323,5.953383,6.005262,5.979323,0.036684,0.952394
4000x3000.png,4000,3000,Adjust_Contrast,20,dynamic,16,omp,yes,unset,unset,hype2,12.2.0,-O3 -Wall -Wextra -std=c++17 -fopenmp -DOMP_EXPLICIT_SIMD=1,2,6.042948,5.993570,6.092326,6.042948,0.069831,0.977277
4000x3000.png,4000,3000,Adjust_Contrast,20,static,,off,yes,unset,unset,hype2,12.2.0,-O3 -Wall -Wextra -std=c++17 -fopenmp -DOMP_EXPLICIT_SIMD=0 -fno-tree-vectorize,2,5.694672,5.672634,5.716710,5.694672,0.031166,1.000000
4000x3000.png,4000,3000,Adjust_Contrast,20,static,,omp,yes,unset,unset,hype2,12.2.0,-O3 -Wall -Wextra -std=c++17 -fopenmp -DOMP_EXPLICIT_SIMD=1,2,5.905634,5.881921,5.929347,5.905634,0.033535,1.000000
4000x3000.png,4000,3000,Adjust_Contrast,4,dynamic,1,off,yes,unset,unset,hype2,12.2.0,-O3 -Wall -Wextra -std=c++17 -fopenmp -DOMP_EXPLICIT_SIMD=0 -fno-tree-vectorize,2,24.665292,24.403533,24.927052,24.665292,0.370184,0.997885
4000x3000.png,4000,3000,Adjust_Contrast,4,dynamic,1,omp,yes,unset,unset,hype2,12.2.0,-O3 -Wall -Wextra -std=c++17 -fopenmp -DOMP_EXPLICIT_SIMD=1,2,24.533158,24.501779,24.564536,24.533158,0.044376,1.013704
4000x3000.png,4000,3000,Adjust_Contrast,4,dynamic,16,off,yes,unset,unset,hype2,12.2.0,-O3 -Wall -Wextra -std=c++17 -fopenmp -DOMP_EXPLICIT_SIMD=0 -fno-tree-vectorize,2,24.124004,24.116728,24.131281,24.124004,0.010291,1.020275
4000x3000.png,4000,3000,Adjust_Contrast,4,dynamic,16,omp,yes,unset,unset,hype2,12.2.0,-O3 -Wall -Wextra -std=c++17 -fopenmp -DOMP_EXPLICIT_SIMD=1,2,24.205617,24.199629,24.211604,24.205617,0.008468,1.027421
4000x3000.png,4000,3000,Adjust_Contrast,4,static,,off,yes,unset,unset,hype2,12.2.0,-O3 -Wall -Wextra -std=c++17 -fopenmp -DOMP_EXPLICIT_SIMD=0 -fno-tree-vectorize,2,24.613125,24.596884,24.629366,24.613125,0.022968,1.000000
4000x3000.png,4000,3000,Adjust_Contrast,4,static,,omp,yes,unset,unset,hype2,12.2.0,-O3 -Wall -Wextra -std=c++17 -fopenmp -DOMP_EXPLICIT_SIMD=1,2,24.869368,24.809691,24.929044,24.869368,0.084395,1.000000
4000x3000.png,4000,3000,Adjust_Contrast,8,dynamic,1,off,yes,unset,unset,hype2,12.2.0,-O3 -Wall -Wextra -std=c++17 -fopenmp -DOMP_EXPLICIT_SIMD=0 -fno-tree-vectorize,2,13.610612,13.586400,13.634823,13.610612,0.034240,1.011162
4000x3000.png,4000,3000,Adjust_Contrast,8,dynamic,1,omp,yes,unset,unset,hype2,12.2.0,-O3 -Wall -Wextra -std=c++17 -fopenmp -DOMP_EXPLICIT_SIMD=1,2,13.565395,13.551936,13.578853,13.565395,0.019033,1.020065
4000x3000.png,4000,3000,Adjust_Contrast,8,dynamic,16,off,yes,unset,unset,hype2,12.2.0,-O3 -Wall -Wextra -std=c++17 -fopenmp -DOMP_EXPLICIT_SIMD=0 -fno-tree-vectorize,2,13.722681,13.672835,13.772527,13.722681,0.070493,1.002904
4000x3000.png,4000,3000,Adjust_Contrast,8,dynamic,16,omp,yes,unset,unset,hype2,12.2.0,-O3 -Wall -Wextra -std=c++17 -fopenmp -DOMP_EXPLICIT_SIMD=1,2,13.819261,13.746647,13.891875,13.819261,0.102692,1.001326
4000x3000.png,4000,3000,Adjust_Contrast,8,static,,off,yes,unset,unset,hype2,12.2.0,-O3 -Wall -Wextra -std=c++17 -fopenmp -DOMP_EXPLICIT_SIMD=0 -fno-tree-vectorize,2,13.762529,13.745352,13.779705,13.762529,0.024291,1.000000
4000x3000.png,4000,3000,Adjust_Contrast,8,static,,omp,yes,unset,unset,hype2,12.2.0,-O3 -Wall -Wextra -std=c++17 -fopenmp -DOMP_EXPLICIT_SIMD=1,2,13.837585,13.746577,13.928593,13.837585,0.128705,1.000000
4000x3000.png,4000,3000,Equalize_Histogram,1,dynamic,1,off,yes,unset,unset,hype2,12.2.0,-O3 -Wall -Wextra -std=c++17 -fopenmp -DOMP_EXPLICIT_SIMD=0 -fno-tree-vectorize,2,62.090502,62.085121,62.095883,62.090502,0.007610,1.016872
4000x3000.png,4000,3000,Equalize_Histogram,1,dynamic,1,omp,yes,unset,unset,hype2,12.2.0,-O3 -Wall -Wextra -std=c++17 -fopenmp -DOMP_EXPLICIT_SIMD=1,2,62.517475,62.453721,62.581229,62.517475,0.090162,1.011134
4000x3000.png,4000,3000,Equalize_Histogram,1,dynamic,16,off,yes,unset,unset,hype2,12.2.0,-O3 -Wall -Wextra -std=c++17 -fopenmp -DOMP_EXPLICIT_SIMD=0 -fno-tree-vectorize,2,62.907867,62.381125,63.434610,62.907867,0.744926,1.003659
4000x3000.png,4000,3000,Equalize_Histogram,1,dynamic,16,omp,yes,unset,unset,hype2,12.2.0,-O3 -Wall -Wextra -std=c++17 -fopenmp -DOMP_EXPLICIT_SIMD=1,2,62.457365,62.436764,62.477967,62.457365,0.029135,1.012107
4000x3000.png,4000,3000,Equalize_Histogram,1,static,,off,yes,unset,unset,hype2,12.2.0,-O3 -Wall -Wextra -std=c++17 -fopenmp -DOMP_EXPLICIT_SIMD=0 -fno-tree-vectorize,2,63.138062,62.958691,63.317433,63.138062,0.253669,1.000000
4000x3000.png,4000,3000,Equalize_Histogram,1,static,,omp,yes,unset,unset,hype2,12.2.0,-O3 -Wall -Wextra -std=c++17 -fopenmp -DOMP_EXPLICIT_SIMD=1,2,63.213542,62.931814,63.495269,63.213542,0.398423,1.000000
4000x3000.png,4000,3000,Equalize_Histogram,12,dynamic,1,off,yes,unset,unset,hype2,12.2.0,-O3 -Wall -Wextra -std=c++17 -fopenmp -DOMP_EXPLICIT_SIMD=0 -fno-tree-vectorize,2,7.208949,7.199575,7.218323,7.208949,0.013257,0.913061
4000x3000.png,4000,3000,Equalize_Histogram,12,dynamic,1,omp,yes,unset,unset,hype2,12.2.0,-O3 -Wall -Wextra -std=c++17 -fopenmp -DOMP_EXPLICIT_SIMD=1,2,7.157926,7.117255,7.198597,7.157926,0.057517,0.917723
4000x3000.png,4000,3000,Equalize_Histogram,12,dynamic,16,off,yes,unset,unset,hype2,12.2.0,-O3 -Wall -Wextra -std=c++17 -fopenmp -DOMP_EXPLICIT_SIMD=0 -fno-tree-vectorize,2,7.242572,7.066519,7.418625,7.242572,0.248977,0.908822
4000x3000.png,4000,3000,Equalize_Histogram,12,dynamic,16,omp,yes,unset,unset,hype2,12.2.0,-O3 -Wall -Wextra -std=c++17 -fopenmp -DOMP_EXPLICIT_SIMD=1,2,7.282083,6.981917,7.582249,7.282083,0.424499,0.902076
4000x3000.png,4000,3000,Equalize_Histogram,12,static,,off,yes,unset,unset,hype2,12.2.0,-O3 -Wall -Wextra -std=c++17 -fopenmp -DOMP_EXPLICIT_SIMD=0 -fno-tree-vectorize,2,6.582210,6.567008,6.597411,6.582210,0.021498,1.000000
4000x3000.png,4000,3000,Equalize_Histogram,12,static,,omp,yes,unset,unset,hype2,12.2.0,-O3 -Wall -Wextra -std=c++17 -fopenmp -DOMP_EXPLICIT_SIMD=1,2,6.568994,6.502555,6.635433,6.568994,0.093959,1.000000
4000x3000.png,4000,3000,Equalize_Histogram,16,dynamic,1,off,yes,unset,unset,hype2,12.2.0,-O3 -Wall -Wextra -std=c++17 -fopenmp -DOMP_EXPLICIT_SIMD=0 -fno-tree-vectorize,2,5.407855,5.340609,5.475100,5.407855,0.095099,0.933983
4000x3000.png,4000,3000,Equalize_Histogram,16,dynamic,1,omp,yes,unset,unset,hype2,12.2.0,-O3 -Wall -Wextra -std=c++17 -fopenmp -DOMP_EXPLICIT_SIMD=1,2,5.475314,5.469436,5.481192,5.475314,0.008313,0.906726
4000x3000.png,4000,3000,Equalize_Histogram,16,dynamic,16,off,yes,unset,unset,hype2,12.2.0,-O3 -Wall -Wextra -std=c++17 -fopenmp -DOMP_EXPLICIT_SIMD=0 -fno-tree-vectorize,2,5.650103,5.546916,5.753289,5.650103,0.145928,0.893938
4000x3000.png,4000,3000,Equalize_Histogram,16,dynamic,16,omp,yes,unset,unset,hype2,12.2.0,-O3 -Wall -Wextra -std=c++17 -fopenmp -DOMP_EXPLICIT_SIMD=1,2,5.530885,5.497617,5.564153,5.530885,0.047048,0.897616
4000x3000.png,4000,3000,Equalize_Histogram,16,static,,off,yes,unset,unset,hype2,12.2.0,-O3 -Wall -Wextra -std=c++17 -fopenmp -DOMP_EXPLICIT_SIMD=0 -fno-tree-vectorize,2,5.050844,5.023043,5.078645,5.050844,0.039317,1.000000
4000x3000.png,4000,3000,Equalize_Histogram,16,static,,omp,yes,unset,unset,hype2,12.2.0,-O3 -Wall -Wextra -std=c++17 -fopenmp -DOMP_EXPLICIT_SIMD=1,2,4.964612,4.918192,5.011032,4.964612,0.065648,1.000000
4000x3000.png,4000,3000,Equalize_Histogram,2,dynamic,1,off,yes,unset,unset,hype2,12.2.0,-O3 -Wall -Wextra -std=c++17 -fopenmp -DOMP_EXPLICIT_SIMD=0 -fno-tree-vectorize,2,33.134830,33.075323,33.194338,33.134830,0.084156,0.987892
4000x3000.png,4000,3000,Equalize_Histogram,2,dynamic,1,omp,yes,unset,unset,hype2,12.2.0,-O3 -Wall -Wextra -std=c++17 -fopenmp -DOMP_EXPLICIT_SIMD=1,2,33.188899,33.159235,33.218562,33.188899,0.041951,0.981936
4000x3000.png,4000,3000,Equalize_Histogram,2,dynamic,16,off,yes,unset,unset,hype2,12.2.0,-O3 -Wall -Wextra -std=c++17 -fopenmp -DOMP_EXPLICIT_SIMD=0 -fno-tree-vectorize,2,32.161752,31.743322,32.580181,32.161752,0.591749,1.017781
4000x3000.png,4000,3000,Equalize_Histogram,2,dynamic,16,omp,yes,unset,unset,hype2,12.2.0,-O3 -Wall -Wextra -std=c++17 -fopenmp -DOMP_EXPLICIT_SIMD=1,2,32.298093,31.966732,32.629454,32.298093,0.468615,1.009019
4000x3000.png,4000,3000,Equalize_Histogram,2,static,,off,yes,unset,unset,hype2,12.2.0,-O3 -Wall -Wextra -std=c++17 -fopenmp -DOMP_EXPLICIT_SIMD=0 -fno-tree-vectorize,2,32.733626,31.998736,33.468515,32.733626,1.039291,1.000000
4000x3000.png,4000,3000,Equalize_Histogram,2,static,,omp,yes,unset,unset,hype2,12.2.0,-O3 -Wall -Wextra -std=c++17 -fopenmp -DOMP_EXPLICIT_SIMD=1,2,32.589382,31.738513,33.440250,32.589382,1.203310,1.000000
4000x3000.png,4000,3000,Equalize_Histogram,20,dynamic,1,off,yes,unset,unset,hype2,12.2.0,-O3 -Wall -Wextra -std=c++17 -fopenmp -DOMP_EXPLICIT_SIMD=0 -fno-tree-vectorize,2,4.376601,4.340491,4.412712,4.376601,0.051068,0.963038
4000x3000.png,4000,3000,Equalize_Histogram,20,dynamic,1,omp,yes,unset,unset,hype2,12.2.0,-O3 -Wall -Wextra -std=c++17 -fopenmp -DOMP_EXPLICIT_SIMD=1,2,4.470349,4.455913,4.484786,4.470349,0.020416,0.944041
4000x3000.png,4000,3000,Equalize_Histogram,20,dynamic,16,off,yes,unset,unset,hype2,12.2.0,-O3 -Wall -Wextra -std=c++17 -fopenmp -DOMP_EXPLICIT_SIMD=0 -fno-tree-vectorize,2,4.503462,4.470795,4.536130,4.503462,0.046199,0.935910
4000x3000.png,4000,3000,Equalize_Histogram,20,dynamic,16,omp,yes,unset,unset,hype2,12.2.0,-O3 -Wall -Wextra -std=c++17 -fopenmp -DOMP_EXPLICIT_SIMD=1,2,4.575126,4.323620,4.826632,4.575126,0.355683,0.922421
4000x3000.png,4000,3000,Equalize_Histogram,20,static,,off,yes,unset,unset,hype2,12.2.0,-O3 -Wall -Wextra -std=c++17 -fopenmp -DOMP_EXPLICIT_SIMD=0 -fno-tree-vectorize,2,4.214835,4.141884,4.287785,4.214835,0.103168,1.000000
4000x3000.png,4000,3000,Equalize_Histogram,20,static,,omp,yes,unset,unset,hype2,12.2.0,-O3 -Wall -Wextra -std=c++17 -fopenmp -DOMP_EXPLICIT_SIMD=1,2,4.220192,4.110880,4.329504,4.220192,0.154591,1.000000
4000x3000.png,4000,3000,Equalize_Histogram,4,dynamic,1,off,yes,unset,unset,hype2,12.2.0,-O3 -Wall -Wextra -std=c++17 -fopenmp -DOMP_EXPLICIT_SIMD=0 -fno-tree-vectorize,2,18.255549,17.947379,18.563718,18.255549,0.435817,0.926410
4000x3000.png,4000,3000,Equalize_Histogram,4,dynamic,1,omp,yes,unset,unset,hype2,12.2.0,-O3 -Wall -Wextra -std=c++17 -fopenmp -DOMP_EXPLICIT_SIMD=1,2,18.580885,18.576354,18.585416,18.580885,0.006408,0.912796
4000x3000.png,4000,3000,Equalize_Histogram,4,dynamic,16,off,yes,unset,unset,hype2,12.2.0,-O3 -Wall -Wextra -std=c++17 -fopenmp -DOMP_EXPLICIT_SIMD=0 -fno-tree-vectorize,2,17.892294,17.885709,17.898879,17.892294,0.009313,0.945218
4000x3000.png,4000,3000,Equalize_Histogram,4,dynamic,16,omp,yes,unset,unset,hype2,12.2.0,-O3 -Wall -Wextra -std=c++17 -fopenmp -DOMP_EXPLICIT_SIMD=1,2,17.970985,17.878044,18.063926,17.970985,0.131438,0.943775
4000x3000.png,4000,3000,Equalize_Histogram,4,static,,off,yes,unset,unset,hype2,12.2.0,-O3 -Wall -Wextra -std=c++17 -fopenmp -DOMP_EXPLICIT_SIMD=0 -fno-tree-vectorize,2,16.912122,16.848983,16.975261,16.912122,0.089292,1.000000
4000x3000.png,4000,3000,Equalize_Histogram,4,static,,omp,yes,unset,unset,hype2,12.2.0,-O3 -Wall -Wextra -std=c++17 -fopenmp -DOMP_EXPLICIT_SIMD=1,2,16.960560,16.959576,16.961545,16.960560,0.001392,1.000000
4000x3000.png,4000,3000,Equalize_Histogram,8,dynamic,1,off,yes,unset,unset,hype2,12.2.0,-O3 -Wall -Wextra -std=c++17 -fopenmp -DOMP_EXPLICIT_SIMD=0 -fno-tree-vectorize,2,10.312842,10.261789,10.363894,10.312842,0.072199,0.910303
4000x3000.png,4000,3000,Equalize_Histogram,8,dynamic,1,omp,yes,unset,unset,hype2,12.2.0,-O3 -Wall -Wextra -std=c++17 -fopenmp -DOMP_EXPLICIT_SIMD=1,2,10.311928,10.286590,10.337266,10.311928,0.035833,0.912741
4000x3000.png,4000,3000,Equalize_Histogram,8,dynamic,16,off,yes,unset,unset,hype2,12.2.0,-O3 -Wall -Wextra -std=c++17 -fopenmp -DOMP_EXPLICIT_SIMD=0 -fno-tree-vectorize,2,10.167620,10.081427,10.253812,10.167620,0.121895,0.923305
4000x3000.png,4000,3000,Equalize_Histogram,8,dynamic,16,omp,yes,unset,unset,hype2,12.2.0,-O3 -Wall -Wextra -std=c++17 -fopenmp -DOMP_EXPLICIT_SIMD=1,2,10.163277,10.001333,10.325222,10.163277,0.229024,0.926091
4000x3000.png,4000,3000,Equalize_Histogram,8,static,,off,yes,unset,unset,hype2,12.2.0,-O3 -Wall -Wextra -std=c++17 -fopenmp -DOMP_EXPLICIT_SIMD=0 -fno-tree-vectorize,2,9.387816,9.293644,9.481987,9.387816,0.133179,1.000000
4000x3000.png,4000,3000,Equalize_Histogram,8,static,,omp,yes,unset,unset,hype2,12.2.0,-O3 -Wall -Wextra -std=c++17 -fopenmp -DOMP_EXPLICIT_SIMD=1,2,9.412119,9.324792,9.499445,9.412119,0.123498,1.000000
4000x3000.png,4000,3000,Flip_Horizontal,1,dynamic,1,off,no,unset,unset,hype2,12.2.0,-O3 -Wall -Wextra -std=c++17 -fopenmp -DOMP_EXPLICIT_SIMD=0 -fno-tree-vectorize,2,16.091978,15.925445,16.258512,16.091978,0.235514,0.982789
4000x3000.png,4000,3000,Flip_Horizontal,1,dynamic,1,omp,no,unset,unset,hype2,12.2.0,-O3 -Wall -Wextra -std=c++17 -fopenmp -DOMP_EXPLICIT_SIMD=1,2,15.884453,15.876724,15.892183,15.884453,0.010931,0.996775
4000x3000.png,4000,3000,Flip_Horizontal,1,dynamic,16,off,no,unset,unset,hype2,12.2.0,-O3 -Wall -Wextra -std=c++17 -fopenmp -DOMP_EXPLICIT_SIMD=0 -fno-tree-vectorize,2,15.993785,15.866460,16.121109,15.993785,0.180064,0.988822
4000x3000.png,4000,3000,Flip_Horizontal,1,dynamic,16,omp,no,unset,unset,hype2,12.2.0,-O3 -Wall -Wextra -std=c++17 -fopenmp -DOMP_EXPLICIT_SIMD=1,2,15.921664,15.814153,16.029175,15.921664,0.152044,0.994445
4000x3000.png,4000,3000,Flip_Horizontal,1,static,,off,no,unset,unset,hype2,12.2.0,-O3 -Wall -Wextra -std=c++17 -fopenmp -DOMP_EXPLICIT_SIMD=0 -fno-tree-vectorize,2,15.815012,15.805392,15.824632,15.815012,0.013605,1.000000
4000x3000.png,4000,3000,Flip_Horizontal,1,static,,omp,no,unset,unset,hype2,12.2.0,-O3 -Wall -Wextra -std=c++17 -fopenmp -DOMP_EXPLICIT_SIMD=1,2,15.833218,15.810796,15.855640,15.833218,0.031709,1.000000
4000x3000.png,4000,3000,Flip_Horizontal,12,dynamic,1,off,no,unset,unset,hype2,12.2.0,-O3 -Wall -Wextra -std=c++17 -fopenmp -DOMP_EXPLICIT_SIMD=0 -fno-tree-vectorize,2,2.140902,2.140565,2.141239,2.140902,0.000477,1.217130
4000x3000.png,4000,3000,Flip_Horizontal,12,dynamic,1,omp,no,unset,unset,hype2,12.2.0,-O3 -Wall -Wextra -std=c++17 -fopenmp -DOMP_EXPLICIT_SIMD=1,2,2.124840,2.090009,2.159671,2.124840,0.049258,1.199654
4000x3000.png,4000,3000,Flip_Horizontal,12,dynamic,16,off,no,unset,unset,hype2,12.2.0,-O3 -Wall -Wextra -std=c++17 -fopenmp -DOMP_EXPLICIT_SIMD=0 -fno-tree-vectorize,2,2.400572,2.397755,2.403390,2.400572,0.003985,1.085473
4000x3000.png,4000,3000,Flip_Horizontal,12,dynamic,16,omp,no,unset,unset,hype2,12.2.0,-O3 -Wall -Wextra -std=c++17 -fopenmp -DOMP_EXPLICIT_SIMD=1,2,2.253259,2.164464,2.342053,2.253259,0.125574,1.131283
4000x3000.png,4000,3000,Flip_Horizontal,12,static,,off,no,unset,unset,hype2,12.2.0,-O3 -Wall -Wextra -std=c++17 -fopenmp -DOMP_EXPLICIT_SIMD=0 -fno-tree-vectorize,2,2.605756,2.601708,2.609804,2.605756,0.005725,1.000000
4000x3000.png,4000,3000,Flip_Horizontal,12,static,,omp,no,unset,unset,hype2,12.2.0,-O3 -Wall -Wextra -std=c++17 -fopenmp -DOMP_EXPLICIT_SIMD=1,2,2.549073,2.509383,2.588762,2.549073,0.056129,1.000000
4000x3000.png,4000,3000,Flip_Horizontal,16,dynamic,1,off,no,unset,unset,hype2,12.2.0,-O3 -Wall -Wextra -std=c++17 -fopenmp -DOMP_EXPLICIT_SIMD=0 -fno-tree-vectorize,2,1.686450,1.605355,1.767544,1.686450,0.114685,1.186341
4000x3000.png,4000,3000,Flip_Horizontal,16,dynamic,1,omp,no,unset,unset,hype2,12.2.0,-O3 -Wall -Wextra -std=c++17 -fopenmp -DOMP_EXPLICIT_SIMD=1,2,1.627162,1.621028,1.633297,1.627162,0.008675,1.268004
4000x3000.png,4000,3000,Flip_Horizontal,16,dynamic,16,off,no,unset,unset,hype2,12.2.0,-O3 -Wall -Wextra -std=c++17 -fopenmp -DOMP_EXPLICIT_SIMD=0 -fno-tree-vectorize,2,1.775850,1.677570,1.874130,1.775850,0.138989,1.126618
4000x3000.png,4000,3000,Flip_Horizontal,16,dynamic,16,omp,no,unset,unset,hype2,12.2.0,-O3 -Wall -Wextra -std=c++17 -fopenmp -DOMP_EXPLICIT_SIMD=1,2,1.854898,1.828734,1.881061,1.854898,0.037001,1.112325
4000x3000.png,4000,3000,Flip_Horizontal,16,static,,off,no,unset,unset,hype2,12.2.0,-O3 -Wall -Wextra -std=c++17 -fopenmp -DOMP_EXPLICIT_SIMD=0 -fno-tree-vectorize,2,2.000705,1.958514,2.042895,2.000705,0.059666,1.000000
4000x3000.png,4000,3000,Flip_Horizontal,16,static,,omp,no,unset,unset,hype2,12.2.0,-O3 -Wall -Wextra -std=c++17 -fopenmp -DOMP_EXPLICIT_SIMD=1,2,2.063248,2.049978,2.076519,2.063248,0.018767,1.000000
4000x3000.png,4000,3000,Flip_Horizontal,2,dynamic,1,off,no,unset,unset,hype2,12.2.0,-O3 -Wall -Wextra -std=c++17 -fopenmp -DOMP_EXPLICIT_SIMD=0 -fno-tree-vectorize,2,8.671065,8.666246,8.675884,8.671065,0.006815,1.223382
4000x3000.png,4000,3000,Flip_Horizontal,2,dynamic,1,omp,no,unset,unset,hype2,12.2.0,-O3 -Wall -Wextra -std=c++17 -fopenmp -DOMP_EXPLICIT_SIMD=1,2,8.688451,8.643595,8.733307,8.688451,0.063436,1.239036
4000x3000.png,4000,3000,Flip_Horizontal,2,dynamic,16,off,no,unset,unset,hype2,12.2.0,-O3 -Wall -Wextra -std=c++17 -fopenmp -DOMP_EXPLICIT_SIMD=0 -fno-tree-vectorize,2,9.320193,9.285925,9.354461,9.320193,0.048462,1.138177
4000x3000.png,4000,3000,Flip_Horizontal,2,dynamic,16,omp,no,unset,unset,hype2,12.2.0,-O3 -Wall -Wextra -std=c++17 -fopenmp -DOMP_EXPLICIT_SIMD=1,2,9.279283,9.257152,9.301414,9.279283,0.031298,1.160144
4000x3000.png,4000,3000,Flip_Horizontal,2,static,,off,no,unset,unset,hype2,12.2.0,-O3 -Wall -Wextra -std=c++17 -fopenmp -DOMP_EXPLICIT_SIMD=0 -fno-tree-vectorize,2,10.608027,10.200715,11.015338,10.608027,0.576025,1.000000
4000x3000.png,4000,3000,Flip_Horizontal,2,static,,omp,no,unset,unset,hype2,12.2.0,-O3 -Wall -Wextra -std=c++17 -fopenmp -DOMP_EXPLICIT_SIMD=1,2,10.765301,10.505594,11.025008,10.765301,0.367281,1.000000
4000x3000.png,4000,3000,Flip_Horizontal,20,dynamic,1,off,no,unset,unset,hype2,12.2.0,-O3 -Wall -Wextra -std=c++17 -fopenmp -DOMP_EXPLICIT_SIMD=0 -fno-tree-vectorize,2,1.434249,1.417840,1.450657,1.434249,0.023205,1.202359
4000x3000.png,4000,3000,Flip_Horizontal,20,dynamic,1,omp,no,unset,unset,hype2,12.2.0,-O3 -Wall -Wextra -std=c++17 -fopenmp -DOMP_EXPLICIT_SIMD=1,2,1.451350,1.416669,1.486031,1.451350,0.049046,1.236543
4000x3000.png,4000,3000,Flip_Horizontal,20,dynamic,16,off,no,unset,unset,hype2,12.2.0,-O3 -Wall -Wextra -std=c++17 -fopenmp -DOMP_EXPLICIT_SIMD=0 -fno-tree-vectorize,2,1.615414,1.596082,1.634747,1.615414,0.027340,1.067517
4000x3000.png,4000,3000,Flip_Horizontal,20,dynamic,16,omp,no,unset,unset,hype2,12.2.0,-O3 -Wall -Wextra -std=c++17 -fopenmp -DOMP_EXPLICIT_SIMD=1,2,1.584066,1.578472,1.589660,1.584066,0.007911,1.132943
4000x3000.png,4000,3000,Flip_Horizontal,20,static,,off,no,unset,unset,hype2,12.2.0,-O3 -Wall -Wextra -std=c++17 -fopenmp -DOMP_EXPLICIT_SIMD=0 -fno-tree-vectorize,2,1.724482,1.676399,1.772565,1.724482,0.068000,1.000000
4000x3000.png,4000,3000,Flip_Horizontal,20,static,,omp,no,unset,unset,hype2,12.2.0,-O3 -Wall -Wextra -std=c++17 -fopenmp -DOMP_EXPLICIT_SIMD=1,2,1.794656,1.766718,1.822594,1.794656,0.039510,1.000000
4000x3000.png,4000,3000,Flip_Horizontal,4,dynamic,1,off,no,unset,unset,hype2,12.2.0,-O3 -Wall -Wextra -std=c++17 -fopenmp -DOMP_EXPLICIT_SIMD=0 -fno-tree-vectorize,2,4.984977,4.883893,5.086061,4.984977,0.142954,1.351552
4000x3000.png,4000,3000,Flip_Horizontal,4,dynamic,1,omp,no,unset,unset,hype2,12.2.0,-O3 -Wall -Wextra -std=c++17 -fopenmp -DOMP_EXPLICIT_SIMD=1,2,4.941654,4.866656,5.016651,4.941654,0.106062,1.376412
4000x3000.png,4000,3000,Flip_Horizontal,4,dynamic,16,off,no,unset,unset,hype2,12.2.0,-O3 -Wall -Wextra -std=c++17 -fopenmp -DOMP_EXPLICIT_SIMD=0 -fno-tree-vectorize,2,5.562315,5.500137,5.624493,5.562315,0.087933,1.211268
4000x3000.png,4000,3000,Flip_Horizontal,4,dynamic,16,omp,no,unset,unset,hype2,12.2.0,-O3 -Wall -Wextra -std=c++17 -fopenmp -DOMP_EXPLICIT_SIMD=1,2,5.127493,4.640776,5.614210,5.127493,0.688322,1.326526
4000x3000.png,4000,3000,Flip_Horizontal,4,static,,off,no,unset,unset,hype2,12.2.0,-O3 -Wall -Wextra -std=c++17 -fopenmp -DOMP_EXPLICIT_SIMD=0 -fno-tree-vectorize,2,6.737456,6.718472,6.756440,6.737456,0.026847,1.000000
4000x3000.png,4000,3000,Flip_Horizontal,4,static,,omp,no,unset,unset,hype2,12.2.0,-O3 -Wall -Wextra -std=c++17 -fopenmp -DOMP_EXPLICIT_SIMD=1,2,6.801753,6.773306,6.830199,6.801753,0.040229,1.000000
4000x3000.png,4000,3000,Flip_Horizontal,8,dynamic,1,off,no,unset,unset,hype2,12.2.0,-O3 -Wall -Wextra -std=c++17 -fopenmp -DOMP_EXPLICIT_SIMD=0 -fno-tree-vectorize,2,2.966003,2.932759,2.999246,2.966003,0.047013,1.153281
4000x3000.png,4000,3000,Flip_Horizontal,8,dynamic,1,omp,no,unset,unset,hype2,12.2.0,-O3 -Wall -Wextra -std=c++17 -fopenmp -DOMP_EXPLICIT_SIMD=1,2,2.880032,2.842743,2.917321,2.880032,0.052735,1.270977
4000x3000.png,4000,3000,Flip_Horizontal,8,dynamic,16,off,no,unset,unset,hype2,12.2.0,-O3 -Wall -Wextra -std=c++17 -fopenmp -DOMP_EXPLICIT_SIMD=0 -fno-tree-vectorize,2,3.312101,3.299485,3.324717,3.312101,0.017842,1.032769
4000x3000.png,4000,3000,Flip_Horizontal,8,dynamic,16,omp,no,unset,unset,hype2,12.2.0,-O3 -Wall -Wextra -std=c++17 -fopenmp -DOMP_EXPLICIT_SIMD=1,2,3.302920,3.258821,3.347019,3.302920,0.062365,1.108248
4000x3000.png,4000,3000,Flip_Horizontal,8,static,,off,no,unset,unset,hype2,12.2.0,-O3 -Wall -Wextra -std=c++17 -fopenmp -DOMP_EXPLICIT_SIMD=0 -fno-tree-vectorize,2,3.420635,3.244058,3.597211,3.420635,0.249717,1.000000
4000x3000.png,4000,3000,Flip_Horizontal,8,static,,omp,no,unset,unset,hype2,12.2.0,-O3 -Wall -Wextra -std=c++17 -fopenmp -DOMP_EXPLICIT_SIMD=1,2,3.660455,3.631495,3.689414,3.660455,0.040955,1.000000
4000x3000.png,4000,3000,Flip_Vertical,1,dynamic,1,off,no,unset,unset,hype2,12.2.0,-O3 -Wall -Wextra -std=c++17 -fopenmp -DOMP_EXPLICIT_SIMD=0 -fno-tree-vectorize,2,5.285156,5.277668,5.292644,5.285156,0.010590,1.018507
4000x3000.png,4000,3000,Flip_Vertical,1,dynamic,1,omp,no,unset,unset,hype2,12.2.0,-O3 -Wall -Wextra -std=c++17 -fopenmp -DOMP_EXPLICIT_SIMD=1,2,5.285829,5.262743,5.308915,5.285829,0.032649,0.988791
4000x3000.png,4000,3000,Flip_Vertical,1,dynamic,16,off,no,unset,unset,hype2,12.2.0,-O3 -Wall -Wextra -std=c++17 -fopenmp -DOMP_EXPLICIT_SIMD=0 -fno-tree-vectorize,2,5.240568,5.214261,5.266875,5.240568,0.037204,1.027173
4000x3000.png,4000,3000,Flip_Vertical,1,dynamic,16,omp,no,unset,unset,hype2,12.2.0,-O3 -Wall -Wextra -std=c++17 -fopenmp -DOMP_EXPLICIT_SIMD=1,2,5.252881,5.230661,5.275102,5.252881,0.031425,0.994993
4000x3000.png,4000,3000,Flip_Vertical,1,static,,off,no,unset,unset,hype2,12.2.0,-O3 -Wall -Wextra -std=c++17 -fopenmp -DOMP_EXPLICIT_SIMD=0 -fno-tree-vectorize,2,5.382968,5.234377,5.531558,5.382968,0.210139,1.000000
4000x3000.png,4000,3000,Flip_Vertical,1,static,,omp,no,unset,unset,hype2,12.2.0,-O3 -Wall -Wextra -std=c++17 -fopenmp -DOMP_EXPLICIT_SIMD=1,2,5.226579,5.212277,5.240880,5.226579,0.020225,1.000000
4000x3000.png,4000,3000,Flip_Vertical,12,dynamic,1,off,no,unset,unset,hype2,12.2.0,-O3 -Wall -Wextra -std=c++17 -fopenmp -DOMP_EXPLICIT_SIMD=0 -fno-tree-vectorize,2,1.709137,1.709053,1.709222,1.709137,0.000120,1.068972
4000x3000.png,4000,3000,Flip_Vertical,12,dynamic,1,omp,no,unset,unset,hype2,12.2.0,-O3 -Wall -Wextra -std=c++17 -fopenmp -DOMP_EXPLICIT_SIMD=1,2,1.704734,1.668688,1.740780,1.704734,0.050977,1.102714
4000x3000.png,4000,3000,Flip_Vertical,12,dynamic,16,off,no,unset,unset,hype2,12.2.0,-O3 -Wall -Wextra -std=c++17 -fopenmp -DOMP_EXPLICIT_SIMD=0 -fno-tree-vectorize,2,1.596080,1.584407,1.607752,1.596080,0.016507,1.144692
4000x3000.png,4000,3000,Flip_Vertical,12,dynamic,16,omp,no,unset,unset,hype2,12.2.0,-O3 -Wall -Wextra -std=c++17 -fopenmp -DOMP_EXPLICIT_SIMD=1,2,1.602520,1.575496,1.629543,1.602520,0.038217,1.173049
4000x3000.png,4000,3000,Flip_Vertical,12,static,,off,no,unset,unset,hype2,12.2.0,-O3 -Wall -Wextra -std=c++17 -fopenmp -DOMP_EXPLICIT_SIMD=0 -fno-tree-vectorize,2,1.827020,1.808871,1.845169,1.827020,0.025667,1.000000
4000x3000.png,4000,3000,Flip_Vertical,12,static,,omp,no,unset,unset,hype2,12.2.0,-O3 -Wall -Wextra -std=c++17 -fopenmp -DOMP_EXPLICIT_SIMD=1,2,1.879834,1.801175,1.958493,1.879834,0.111241,1.000000
4000x3000.png,4000,3000,Flip_Vertical,16,dynamic,1,off,no,unset,unset,hype2,12.2.0,-O3 -Wall -Wextra -std=c++17 -fopenmp -DOMP_EXPLICIT_SIMD=0 -fno-tree-vectorize,2,1.838799,1.787974,1.889623,1.838799,0.071877,1.045096
4000x3000.png,4000,3000,Flip_Vertical,16,dynamic,1,omp,no,unset,unset,hype2,12.2.0,-O3 -Wall -Wextra -std=c++17 -fopenmp -DOMP_EXPLICIT_SIMD=1,2,1.848990,1.819237,1.878742,1.848990,0.042076,1.060644
4000x3000.png,4000,3000,Flip_Vertical,16,dynamic,16,off,no,unset,unset,hype2,12.2.0,-O3 -Wall -Wextra -std=c++17 -fopenmp -DOMP_EXPLICIT_SIMD=0 -fno-tree-vectorize,2,1.498400,1.286291,1.710508,1.498400,0.299967,1.282515
4000x3000.png,4000,3000,Flip_Vertical,16,dynamic,16,omp,no,unset,unset,hype2,12.2.0,-O3 -Wall -Wextra -std=c++17 -fopenmp -DOMP_EXPLICIT_SIMD=1,2,1.462969,1.242007,1.683931,1.462969,0.312487,1.340507
4000x3000.png,4000,3000,Flip_Vertical,16,static,,off,no,unset,unset,hype2,12.2.0,-O3 -Wall -Wextra -std=c++17 -fopenmp -DOMP_EXPLICIT_SIMD=0 -fno-tree-vectorize,2,1.921721,1.897125,1.946317,1.921721,0.034784,1.000000
4000x3000.png,4000,3000,Flip_Vertical,16,static,,omp,no,unset,unset,hype2,12.2.0,-O3 -Wall -Wextra -std=c++17 -fopenmp -DOMP_EXPLICIT_SIMD=1,2,1.961120,1.955419,1.966820,1.961120,0.008062,1.000000
4000x3000.png,4000,3000,Flip_Vertical,2,dynamic,1,off,no,unset,unset,hype2,12.2.0,-O3 -Wall -Wextra -std=c++17 -fopenmp -DOMP_EXPLICIT_SIMD=0 -fno-tree-vectorize,2,2.844233,2.835865,2.852601,2.844233,0.011834,0.975098
4000x3000.png,4000,3000,Flip_Vertical,2,dynamic,1,omp,no,unset,unset,hype2,12.2.0,-O3 -Wall -Wextra -std=c++17 -fopenmp -DOMP_EXPLICIT_SIMD=1,2,2.852759,2.844388,2.861129,2.852759,0.011838,0.922820
4000x3000.png,4000,3000,Flip_Vertical,2,dynamic,16,off,no,unset,unset,hype2,12.2.0,-O3 -Wall -Wextra -std=c++17 -fopenmp -DOMP_EXPLICIT_SIMD=0 -fno-tree-vectorize,2,2.751438,2.744634,2.758242,2.751438,0.009622,1.007984
4000x3000.png,4000,3000,Flip_Vertical,2,dynamic,16,omp,no,unset,unset,hype2,12.2.0,-O3 -Wall -Wextra -std=c++17 -fopenmp -DOMP_EXPLICIT_SIMD=1,2,2.772426,2.764572,2.780280,2.772426,0.011107,0.949560
4000x3000.png,4000,3000,Flip_Vertical,2,static,,off,no,unset,unset,hype2,12.2.0,-O3 -Wall -Wextra -std=c++17 -fopenmp -DOMP_EXPLICIT_SIMD=0 -fno-tree-vectorize,2,2.773405,2.772361,2.774449,2.773405,0.001476,1.000000
4000x3000.png,4000,3000,Flip_Vertical,2,static,,omp,no,unset,unset,hype2,12.2.0,-O3 -Wall -Wextra -std=c++17 -fopenmp -DOMP_EXPLICIT_SIMD=1,2,2.632584,2.524845,2.740323,2.632584,0.152366,1.000000
4000x3000.png,4000,3000,Flip_Vertical,20,dynamic,1,off,no,unset,unset,hype2,12.2.0,-O3 -Wall -Wextra -std=c++17 -fopenmp -DOMP_EXPLICIT_SIMD=0 -fno-tree-vectorize,2,1.998375,1.949952,2.046797,1.998375,0.068480,0.870719
4000x3000.png,4000,3000,Flip_Vertical,20,dynamic,1,omp,no,unset,unset,hype2,12.2.0,-O3 -Wall -Wextra -std=c++17 -fopenmp -DOMP_EXPLICIT_SIMD=1,2,1.861424,1.686007,2.036841,1.861424,0.248077,1.098596
4000x3000.png,4000,3000,Flip_Vertical,20,dynamic,16,off,no,unset,unset,hype2,12.2.0,-O3 -Wall -Wextra -std=c++17 -fopenmp -DOMP_EXPLICIT_SIMD=0 -fno-tree-vectorize,2,1.696986,1.674354,1.719618,1.696986,0.032006,1.025361
4000x3000.png,4000,3000,Flip_Vertical,20,dynamic,16,omp,no,unset,unset,hype2,12.2.0,-O3 -Wall -Wextra -std=c++17 -fopenmp -DOMP_EXPLICIT_SIMD=1,2,1.635690,1.569791,1.701589,1.635690,0.093195,1.250208
4000x3000.png,4000,3000,Flip_Vertical,20,static,,off,no,unset,unset,hype2,12.2.0,-O3 -Wall -Wextra -std=c++17 -fopenmp -DOMP_EXPLICIT_SIMD=0 -fno-tree-vectorize,2,1.740023,1.552211,1.927835,1.740023,0.265606,1.000000
4000x3000.png,4000,3000,Flip_Vertical,20,static,,omp,no,unset,unset,hype2,12.2.0,-O3 -Wall -Wextra -std=c++17 -fopenmp -DOMP_EXPLICIT_SIMD=1,2,2.044954,1.964218,2.125689,2.044954,0.114177,1.000000
4000x3000.png,4000,3000,Flip_Vertical,4,dynamic,1,off,no,unset,unset,hype2,12.2.0,-O3 -Wall -Wextra -std=c++17 -fopenmp -DOMP_EXPLICIT_SIMD=0 -fno-tree-vectorize,2,1.841075,1.667366,2.014784,1.841075,0.245662,1.146729
4000x3000.png,4000,3000,Flip_Vertical,4,dynamic,1,omp,no,unset,unset,hype2,12.2.0,-O3 -Wall -Wextra -std=c++17 -fopenmp -DOMP_EXPLICIT_SIMD=1,2,2.000001,1.984820,2.015182,2.000001,0.021469,1.113774
4000x3000.png,4000,3000,Flip_Vertical,4,dynamic,16,off,no,unset,unset,hype2,12.2.0,-O3 -Wall -Wextra -std=c++17 -fopenmp -DOMP_EXPLICIT_SIMD=0 -fno-tree-vectorize,2,1.799154,1.794072,1.804236,1.799154,0.007187,1.173449
4000x3000.png,4000,3000,Flip_Vertical,4,dynamic,16,omp,no,unset,unset,hype2,12.2.0,-O3 -Wall -Wextra -std=c++17 -fopenmp -DOMP_EXPLICIT_SIMD=1,2,1.820730,1.782930,1.858530,1.820730,0.053457,1.223437
4000x3000.png,4000,3000,Flip_Vertical,4,static,,off,no,unset,unset,hype2,12.2.0,-O3 -Wall -Wextra -std=c++17 -fopenmp -DOMP_EXPLICIT_SIMD=0 -fno-tree-vectorize,2,2.111215,2.096325,2.126105,2.111215,0.021058,1.000000
4000x3000.png,4000,3000,Flip_Vertical,4,static,,omp,no,unset,unset,hype2,12.2.0,-O3 -Wall -Wextra -std=c++17 -fopenmp -DOMP_EXPLICIT_SIMD=1,2,2.227549,2.209110,2.245988,2.227549,0.026077,1.000000
4000x3000.png,4000,3000,Flip_Vertical,8,dynamic,1,off,no,unset,unset,hype2,12.2.0,-O3 -Wall -Wextra -std=c++17 -fopenmp -DOMP_EXPLICIT_SIMD=0 -fno-tree-vectorize,2,1.640966,1.587837,1.694096,1.640966,0.075136,0.907895
4000x3000.png,4000,3000,Flip_Vertical,8,dynamic,1,omp,no,unset,unset,hype2,12.2.0,-O3 -Wall -Wextra -std=c++17 -fopenmp -DOMP_EXPLICIT_SIMD=1,2,1.616554,1.534811,1.698297,1.616554,0.115602,1.045696
4000x3000.png,4000,3000,Flip_Vertical,8,dynamic,16,off,no,unset,unset,hype2,12.2.0,-O3 -Wall -Wextra -std=c++17 -fopenmp -DOMP_EXPLICIT_SIMD=0 -fno-tree-vectorize,2,1.520724,1.466876,1.574572,1.520724,0.076153,0.979682
4000x3000.png,4000,3000,Flip_Vertical,8,dynamic,16,omp,no,unset,unset,hype2,12.2.0,-O3 -Wall -Wextra -std=c++17 -fopenmp -DOMP_EXPLICIT_SIMD=1,2,1.540358,1.493821,1.586894,1.540358,0.065813,1.097422
4000x3000.png,4000,3000,Flip_Vertical,8,static,,off,no,unset,unset,hype2,12.2.0,-O3 -Wall -Wextra -std=c++17 -fopenmp -DOMP_EXPLICIT_SIMD=0 -fno-tree-vectorize,2,1.489826,1.248917,1.730734,1.489826,0.340696,1.000000
4000x3000.png,4000,3000,Flip_Vertical,8,static,,omp,no,unset,unset,hype2,12.2.0,-O3 -Wall -Wextra -std=c++17 -fopenmp -DOMP_EXPLICIT_SIMD=1,2,1.690424,1.660254,1.720593,1.690424,0.042666,1.000000
4000x3000.png,4000,3000,Gaussian_11x11,1,dynamic,1,off,yes,unset,unset,hype2,12.2.0,-O3 -Wall -Wextra -std=c++17 -fopenmp -DOMP_EXPLICIT_SIMD=0 -fno-tree-vectorize,2,3183.380209,3176.226701,3190.533717,3183.380209,10.116588,1.001094
4000x3000.png,4000,3000,Gaussian_11x11,1,dynamic,1,omp,yes,unset,unset,hype2,12.2.0,-O3 -Wall -Wextra -std=c++17 -fopenmp -DOMP_EXPLICIT_SIMD=1,2,3188.429713,3187.378772,3189.480654,3188.429713,1.486255,1.000882
4000x3000.png,4000,3000,Gaussian_11x11,1,dynamic,16,off,yes,unset,unset,hype2,12.2.0,-O3 -Wall -Wextra -std=c++17 -fopenmp -DOMP_EXPLICIT_SIMD=0 -fno-tree-vectorize,2,3175.630439,3172.068027,3179.192852,3175.630439,5.038012,1.003537
4000x3000.png,4000,3000,Gaussian_11x11,1,dynamic,16,omp,yes,unset,unset,hype2,12.2.0,-O3 -Wall -Wextra -std=c++17 -fopenmp -DOMP_EXPLICIT_SIMD=1,2,3202.442538,3191.040293,3213.844783,3202.442538,16.125210,0.996503
4000x3000.png,4000,3000,Gaussian_11x11,1,static,,off,yes,unset,unset,hype2,12.2.0,-O3 -Wall -Wextra -std=c++17 -fopenmp -DOMP_EXPLICIT_SIMD=0 -fno-tree-vectorize,2,3186.861692,3173.195834,3200.527550,3186.861692,19.326442,1.000000
4000x3000.png,4000,3000,Gaussian_11x11,1,static,,omp,yes,unset,unset,hype2,12.2.0,-O3 -Wall -Wextra -std=c++17 -fopenmp -DOMP_EXPLICIT_SIMD=1,2,3191.242176,3189.295157,3193.189196,3191.242176,2.753501,1.000000
4000x3000.png,4000,3000,Gaussian_11x11,12,dynamic,1,off,yes,unset,unset,hype2,12.2.0,-O3 -Wall -Wextra -std=c++17 -fopenmp -DOMP_EXPLICIT_SIMD=0 -fno-tree-vectorize,2,306.913378,306.861157,306.965598,306.913378,0.073851,0.996365
4000x3000.png,4000,3000,Gaussian_11x11,12,dynamic,1,omp,yes,unset,unset,hype2,12.2.0,-O3 -Wall -Wextra -std=c++17 -fopenmp -DOMP_EXPLICIT_SIMD=1,2,306.987867,306.986177,306.989558,306.987867,0.002391,0.997441
4000x3000.png,4000,3000,Gaussian_11x11,12,dynamic,16,off,yes,unset,unset,hype2,12.2.0,-O3 -Wall -Wextra -std=c++17 -fopenmp -DOMP_EXPLICIT_SIMD=0 -fno-tree-vectorize,2,313.212075,313.154835,313.269316,313.212075,0.080950,0.976328
4000x3000.png,4000,3000,Gaussian_11x11,12,dynamic,16,omp,yes,unset,unset,hype2,12.2.0,-O3 -Wall -Wextra -std=c++17 -fopenmp -DOMP_EXPLICIT_SIMD=1,2,313.948672,313.584309,314.313034,313.948672,0.515286,0.975326
4000x3000.png,4000,3000,Gaussian_11x11,12,static,,off,yes,unset,unset,hype2,12.2.0,-O3 -Wall -Wextra -std=c++17 -fopenmp -DOMP_EXPLICIT_SIMD=0 -fno-tree-vectorize,2,305.797759,305.244837,306.350681,305.797759,0.781950,1.000000
4000x3000.png,4000,3000,Gaussian_11x11,12,static,,omp,yes,unset,unset,hype2,12.2.0,-O3 -Wall -Wextra -std=c++17 -fopenmp -DOMP_EXPLICIT_SIMD=1,2,306.202324,305.968735,306.435913,306.202324,0.330345,1.000000
4000x3000.png,4000,3000,Gaussian_11x11,16,dynamic,1,off,yes,unset,unset,hype2,12.2.0,-O3 -Wall -Wextra -std=c++17 -fopenmp -DOMP_EXPLICIT_SIMD=0 -fno-tree-vectorize,2,230.382959,230.231915,230.534003,230.382959,0.213608,0.995747
4000x3000.png,4000,3000,Gaussian_11x11,16,dynamic,1,omp,yes,unset,unset,hype2,12.2.0,-O3 -Wall -Wextra -std=c++17 -fopenmp -DOMP_EXPLICIT_SIMD=1,2,230.771748,230.686311,230.857185,230.771748,0.120826,0.996557
4000x3000.png,4000,3000,Gaussian_11x11,16,dynamic,16,off,yes,unset,unset,hype2,12.2.0,-O3 -Wall -Wextra -std=c++17 -fopenmp -DOMP_EXPLICIT_SIMD=0 -fno-tree-vectorize,2,236.291731,236.110290,236.473172,236.291731,0.256596,0.970847
4000x3000.png,4000,3000,Gaussian_11x11,16,dynamic,16,omp,yes,unset,unset,hype2,12.2.0,-O3 -Wall -Wextra -std=c++17 -fopenmp -DOMP_EXPLICIT_SIMD=1,2,236.928504,236.871995,236.985013,236.928504,0.079916,0.970661
4000x3000.png,4000,3000,Gaussian_11x11,16,static,,off,yes,unset,unset,hype2,12.2.0,-O3 -Wall -Wextra -std=c++17 -fopenmp -DOMP_EXPLICIT_SIMD=0 -fno-tree-vectorize,2,229.403230,229.370103,229.436357,229.403230,0.046849,1.000000
4000x3000.png,4000,3000,Gaussian_11x11,16,static,,omp,yes,unset,unset,hype2,12.2.0,-O3 -Wall -Wextra -std=c++17 -fopenmp -DOMP_EXPLICIT_SIMD=1,2,229.977143,229.834715,230.119570,229.977143,0.201423,1.000000
4000x3000.png,4000,3000,Gaussian_11x11,2,dynamic,1,off,yes,unset,unset,hype2,12.2.0,-O3 -Wall -Wextra -std=c++17 -fopenmp -DOMP_EXPLICIT_SIMD=0 -fno-tree-vectorize,2,1632.574530,1609.034813,1656.114247,1632.574530,33.290187,0.982728
4000x3000.png,4000,3000,Gaussian_11x11,2,dynamic,1,omp,yes,unset,unset,hype2,12.2.0,-O3 -Wall -Wextra -std=c++17 -fopenmp -DOMP_EXPLICIT_SIMD=1,2,1611.948129,1611.387914,1612.508344,1611.948129,0.792264,0.994988
4000x3000.png,4000,3000,Gaussian_11x11,2,dynamic,16,off,yes,unset,unset,hype2,12.2.0,-O3 -Wall -Wextra -std=c++17 -fopenmp -DOMP_EXPLICIT_SIMD=0 -fno-tree-vectorize,2,1610.675722,1608.906788,1612.444655,1610.675722,2.501650,0.996090
4000x3000.png,4000,3000,Gaussian_11x11,2,dynamic,16,omp,yes,unset,unset,hype2,12.2.0,-O3 -Wall -Wextra -std=c++17 -fopenmp -DOMP_EXPLICIT_SIMD=1,2,1606.318482,1599.365074,1613.271890,1606.318482,9.833604,0.998475
4000x3000.png,4000,3000,Gaussian_11x11,2,static,,off,yes,unset,unset,hype2,12.2.0,-O3 -Wall -Wextra -std=c++17 -fopenmp -DOMP_EXPLICIT_SIMD=0 -fno-tree-vectorize,2,1604.377471,1600.275163,1608.479779,1604.377471,5.801540,1.000000
4000x3000.png,4000,3000,Gaussian_11x11,2,static,,omp,yes,unset,unset,hype2,12.2.0,-O3 -Wall -Wextra -std=c++17 -fopenmp -DOMP_EXPLICIT_SIMD=1,2,1603.869296,1598.666479,1609.072112,1603.869296,7.357894,1.000000
4000x3000.png,4000,3000,Gaussian_11x11,20,dynamic,1,off,yes,unset,unset,hype2,12.2.0,-O3 -Wall -Wextra -std=c++17 -fopenmp -DOMP_EXPLICIT_SIMD=0 -fno-tree-vectorize,2,185.333497,185.123235,185.543759,185.333497,0.297355,1.049792
4000x3000.png,4000,3000,Gaussian_11x11,20,dynamic,1,omp,yes,unset,unset,hype2,12.2.0,-O3 -Wall -Wextra -std=c++17 -fopenmp -DOMP_EXPLICIT_SIMD=1,2,185.423976,185.307237,185.540716,185.423976,0.165095,0.995185
4000x3000.png,4000,3000,Gaussian_11x11,20,dynamic,16,off,yes,unset,unset,hype2,12.2.0,-O3 -Wall -Wextra -std=c++17 -fopenmp -DOMP_EXPLICIT_SIMD=0 -fno-tree-vectorize,2,197.403851,197.080106,197.727596,197.403851,0.457845,0.985602
4000x3000.png,4000,3000,Gaussian_11x11,20,dynamic,16,omp,yes,unset,unset,hype2,12.2.0,-O3 -Wall -Wextra -std=c++17 -fopenmp -DOMP_EXPLICIT_SIMD=1,2,197.813451,197.073491,198.553411,197.813451,1.046461,0.932855
4000x3000.png,4000,3000,Gaussian_11x11,20,static,,off,yes,unset,unset,hype2,12.2.0,-O3 -Wall -Wextra -std=c++17 -fopenmp -DOMP_EXPLICIT_SIMD=0 -fno-tree-vectorize,2,194.561645,184.560518,204.562773,194.561645,14.143730,1.000000
4000x3000.png,4000,3000,Gaussian_11x11,20,static,,omp,yes,unset,unset,hype2,12.2.0,-O3 -Wall -Wextra -std=c++17 -fopenmp -DOMP_EXPLICIT_SIMD=1,2,184.531213,184.504206,184.558220,184.531213,0.038194,1.000000
4000x3000.png,4000,3000,Gaussian_11x11,4,dynamic,1,off,yes,unset,unset,hype2,12.2.0,-O3 -Wall -Wextra -std=c++17 -fopenmp -DOMP_EXPLICIT_SIMD=0 -fno-tree-vectorize,2,795.549268,795.332422,795.766113,795.549268,0.306666,1.008491
4000x3000.png,4000,3000,Gaussian_11x11,4,dynamic,1,omp,yes,unset,unset,hype2,12.2.0,-O3 -Wall -Wextra -std=c++17 -fopenmp -DOMP_EXPLICIT_SIMD=1,2,802.557493,801.659359,803.455628,802.557493,1.270154,0.997047
4000x3000.png,4000,3000,Gaussian_11x11,4,dynamic,16,off,yes,unset,unset,hype2,12.2.0,-O3 -Wall -Wextra -std=c++17 -fopenmp -DOMP_EXPLICIT_SIMD=0 -fno-tree-vectorize,2,812.020503,811.754072,812.286933,812.020503,0.376790,0.988034
4000x3000.png,4000,3000,Gaussian_11x11,4,dynamic,16,omp,yes,unset,unset,hype2,12.2.0,-O3 -Wall -Wextra -std=c++17 -fopenmp -DOMP_EXPLICIT_SIMD=1,2,809.439157,808.309788,810.568525,809.439157,1.597168,0.988570
4000x3000.png,4000,3000,Gaussian_11x11,4,static,,off,yes,unset,unset,hype2,12.2.0,-O3 -Wall -Wextra -std=c++17 -fopenmp -DOMP_EXPLICIT_SIMD=0 -fno-tree-vectorize,2,802.304269,802.168827,802.439711,802.304269,0.191544,1.000000
4000x3000.png,4000,3000,Gaussian_11x11,4,static,,omp,yes,unset,unset,hype2,12.2.0,-O3 -Wall -Wextra -std=c++17 -fopenmp -DOMP_EXPLICIT_SIMD=1,2,800.187474,796.208827,804.166121,800.187474,5.626657,1.000000
4000x3000.png,4000,3000,Gaussian_11x11,8,dynamic,1,off,yes,unset,unset,hype2,12.2.0,-O3 -Wall -Wextra -std=c++17 -fopenmp -DOMP_EXPLICIT_SIMD=0 -fno-tree-vectorize,2,443.520827,442.292900,444.748754,443.520827,1.736551,1.006649
4000x3000.png,4000,3000,Gaussian_11x11,8,dynamic,1,omp,yes,unset,unset,hype2,12.2.0,-O3 -Wall -Wextra -std=c++17 -fopenmp -DOMP_EXPLICIT_SIMD=1,2,442.990063,442.817054,443.163071,442.990063,0.244671,1.019846
4000x3000.png,4000,3000,Gaussian_11x11,8,dynamic,16,off,yes,unset,unset,hype2,12.2.0,-O3 -Wall -Wextra -std=c++17 -fopenmp -DOMP_EXPLICIT_SIMD=0 -fno-tree-vectorize,2,451.903026,451.527501,452.278551,451.903026,0.531073,0.987977
4000x3000.png,4000,3000,Gaussian_11x11,8,dynamic,16,omp,yes,unset,unset,hype2,12.2.0,-O3 -Wall -Wextra -std=c++17 -fopenmp -DOMP_EXPLICIT_SIMD=1,2,451.065391,449.340564,452.790219,451.065391,2.439274,1.001588
4000x3000.png,4000,3000,Gaussian_11x11,8,static,,off,yes,unset,unset,hype2,12.2.0,-O3 -Wall -Wextra -std=c++17 -fopenmp -DOMP_EXPLICIT_SIMD=0 -fno-tree-vectorize,2,446.469686,444.402683,448.536688,446.469686,2.923183,1.000000
4000x3000.png,4000,3000,Gaussian_11x11,8,static,,omp,yes,unset,unset,hype2,12.2.0,-O3 -Wall -Wextra -std=c++17 -fopenmp -DOMP_EXPLICIT_SIMD=1,2,451.781500,447.732283,455.830717,451.781500,5.726458,1.000000
4000x3000.png,4000,3000,Gaussian_3x3,1,dynamic,1,off,yes,unset,unset,hype2,12.2.0,-O3 -Wall -Wextra -std=c++17 -fopenmp -DOMP_EXPLICIT_SIMD=0 -fno-tree-vectorize,2,466.240531,464.311594,468.169468,466.240531,2.727929,1.015925
4000x3000.png,4000,3000,Gaussian_3x3,1,dynamic,1,omp,yes,unset,unset,hype2,12.2.0,-O3 -Wall -Wextra -std=c++17 -fopenmp -DOMP_EXPLICIT_SIMD=1,2,455.255800,455.006897,455.504703,455.255800,0.352002,1.000239
4000x3000.png,4000,3000,Gaussian_3x3,1,dynamic,16,off,yes,unset,unset,hype2,12.2.0,-O3 -Wall -Wextra -std=c++17 -fopenmp -DOMP_EXPLICIT_SIMD=0 -fno-tree-vectorize,2,465.359545,465.250676,465.468415,465.359545,0.153965,1.017849
4000x3000.png,4000,3000,Gaussian_3x3,1,dynamic,16,omp,yes,unset,unset,hype2,12.2.0,-O3 -Wall -Wextra -std=c++17 -fopenmp -DOMP_EXPLICIT_SIMD=1,2,455.550998,455.535652,455.566344,455.550998,0.021703,0.999591
4000x3000.png,4000,3000,Gaussian_3x3,1,static,,off,yes,unset,unset,hype2,12.2.0,-O3 -Wall -Wextra -std=c++17 -fopenmp -DOMP_EXPLICIT_SIMD=0 -fno-tree-vectorize,2,473.665590,471.638960,475.692220,473.665590,2.866088,1.000000
4000x3000.png,4000,3000,Gaussian_3x3,1,static,,omp,yes,unset,unset,hype2,12.2.0,-O3 -Wall -Wextra -std=c++17 -fopenmp -DOMP_EXPLICIT_SIMD=1,2,455.364813,455.299372,455.430254,455.364813,0.092548,1.000000
4000x3000.png,4000,3000,Gaussian_3x3,12,dynamic,1,off,yes,unset,unset,hype2,12.2.0,-O3 -Wall -Wextra -std=c++17 -fopenmp -DOMP_EXPLICIT_SIMD=0 -fno-tree-vectorize,2,49.779280,49.768133,49.790427,49.779280,0.015764,0.929638
4000x3000.png,4000,3000,Gaussian_3x3,12,dynamic,1,omp,yes,unset,unset,hype2,12.2.0,-O3 -Wall -Wextra -std=c++17 -fopenmp -DOMP_EXPLICIT_SIMD=1,2,48.796442,48.753063,48.839821,48.796442,0.061347,0.929847
4000x3000.png,4000,3000,Gaussian_3x3,12,dynamic,16,off,yes,unset,unset,hype2,12.2.0,-O3 -Wall -Wextra -std=c++17 -fopenmp -DOMP_EXPLICIT_SIMD=0 -fno-tree-vectorize,2,46.989780,46.947961,47.031600,46.989780,0.059142,0.984825
4000x3000.png,4000,3000,Gaussian_3x3,12,dynamic,16,omp,yes,unset,unset,hype2,12.2.0,-O3 -Wall -Wextra -std=c++17 -fopenmp -DOMP_EXPLICIT_SIMD=1,2,46.376564,46.255234,46.497894,46.376564,0.171587,0.978365
4000x3000.png,4000,3000,Gaussian_3x3,12,static,,off,yes,unset,unset,hype2,12.2.0,-O3 -Wall -Wextra -std=c++17 -fopenmp -DOMP_EXPLICIT_SIMD=0 -fno-tree-vectorize,2,46.276728,46.196636,46.356820,46.276728,0.113267,1.000000
4000x3000.png,4000,3000,Gaussian_3x3,12,static,,omp,yes,unset,unset,hype2,12.2.0,-O3 -Wall -Wextra -std=c++17 -fopenmp -DOMP_EXPLICIT_SIMD=1,2,45.373224,45.292358,45.454090,45.373224,0.114362,1.000000
4000x3000.png,4000,3000,Gaussian_3x3,16,dynamic,1,off,yes,unset,unset,hype2,12.2.0,-O3 -Wall -Wextra -std=c++17 -fopenmp -DOMP_EXPLICIT_SIMD=0 -fno-tree-vectorize,2,38.850552,38.764888,38.936216,38.850552,0.121147,0.905547
4000x3000.png,4000,3000,Gaussian_3x3,16,dynamic,1,omp,yes,unset,unset,hype2,12.2.0,-O3 -Wall -Wextra -std=c++17 -fopenmp -DOMP_EXPLICIT_SIMD=1,2,38.427029,38.178101,38.675957,38.427029,0.352037,0.896357
4000x3000.png,4000,3000,Gaussian_3x3,16,dynamic,16,off,yes,unset,unset,hype2,12.2.0,-O3 -Wall -Wextra -std=c++17 -fopenmp -DOMP_EXPLICIT_SIMD=0 -fno-tree-vectorize,2,36.670210,36.601144,36.739276,36.670210,0.097674,0.959390
4000x3000.png,4000,3000,Gaussian_3x3,16,dynamic,16,omp,yes,unset,unset,hype2,12.2.0,-O3 -Wall -Wextra -std=c++17 -fopenmp -DOMP_EXPLICIT_SIMD=1,2,36.026438,35.907056,36.145819,36.026438,0.168831,0.956085
4000x3000.png,4000,3000,Gaussian_3x3,16,static,,off,yes,unset,unset,hype2,12.2.0,-O3 -Wall -Wextra -std=c++17 -fopenmp -DOMP_EXPLICIT_SIMD=0 -fno-tree-vectorize,2,35.181016,35.034061,35.327971,35.181016,0.207826,1.000000
4000x3000.png,4000,3000,Gaussian_3x3,16,static,,omp,yes,unset,unset,hype2,12.2.0,-O3 -Wall -Wextra -std=c++17 -fopenmp -DOMP_EXPLICIT_SIMD=1,2,34.444342,34.210680,34.678004,34.444342,0.330448,1.000000
4000x3000.png,4000,3000,Gaussian_3x3,2,dynamic,1,off,yes,unset,unset,hype2,12.2.0,-O3 -Wall -Wextra -std=c++17 -fopenmp -DOMP_EXPLICIT_SIMD=0 -fno-tree-vectorize,2,237.391398,237.311413,237.471384,237.391398,0.113117,0.990116
4000x3000.png,4000,3000,Gaussian_3x3,2,dynamic,1,omp,yes,unset,unset,hype2,12.2.0,-O3 -Wall -Wextra -std=c++17 -fopenmp -DOMP_EXPLICIT_SIMD=1,2,232.618924,232.406826,232.831023,232.618924,0.299953,0.987938
4000x3000.png,4000,3000,Gaussian_3x3,2,dynamic,16,off,yes,unset,unset,hype2,12.2.0,-O3 -Wall -Wextra -std=c++17 -fopenmp -DOMP_EXPLICIT_SIMD=0 -fno-tree-vectorize,2,236.268981,235.758997,236.778965,236.268981,0.721226,0.994819
4000x3000.png,4000,3000,Gaussian_3x3,2,dynamic,16,omp,yes,unset,unset,hype2,12.2.0,-O3 -Wall -Wextra -std=c++17 -fopenmp -DOMP_EXPLICIT_SIMD=1,2,230.599586,229.507515,231.691658,230.599586,1.544422,0.996589
4000x3000.png,4000,3000,Gaussian_3x3,2,static,,off,yes,unset,unset,hype2,12.2.0,-O3 -Wall -Wextra -std=c++17 -fopenmp -DOMP_EXPLICIT_SIMD=0 -fno-tree-vectorize,2,235.044956,234.058693,236.031218,235.044956,1.394786,1.000000
4000x3000.png,4000,3000,Gaussian_3x3,2,static,,omp,yes,unset,unset,hype2,12.2.0,-O3 -Wall -Wextra -std=c++17 -fopenmp -DOMP_EXPLICIT_SIMD=1,2,229.812958,228.905760,230.720157,229.812958,1.282972,1.000000
4000x3000.png,4000,3000,Gaussian_3x3,20,dynamic,1,off,yes,unset,unset,hype2,12.2.0,-O3 -Wall -Wextra -std=c++17 -fopenmp -DOMP_EXPLICIT_SIMD=0 -fno-tree-vectorize,2,32.585019,32.552012,32.618025,32.585019,0.046678,0.877503
4000x3000.png,4000,3000,Gaussian_3x3,20,dynamic,1,omp,yes,unset,unset,hype2,12.2.0,-O3 -Wall -Wextra -std=c++17 -fopenmp -DOMP_EXPLICIT_SIMD=1,2,32.261950,32.258204,32.265696,32.261950,0.005298,0.862657
4000x3000.png,4000,3000,Gaussian_3x3,20,dynamic,16,off,yes,unset,unset,hype2,12.2.0,-O3 -Wall -Wextra -std=c++17 -fopenmp -DOMP_EXPLICIT_SIMD=0 -fno-tree-vectorize,2,30.328231,30.145241,30.511220,30.328231,0.258786,0.942800
4000x3000.png,4000,3000,Gaussian_3x3,20,dynamic,16,omp,yes,unset,unset,hype2,12.2.0,-O3 -Wall -Wextra -std=c++17 -fopenmp -DOMP_EXPLICIT_SIMD=1,2,29.923178,29.707772,30.138585,29.923178,0.304631,0.930081
4000x3000.png,4000,3000,Gaussian_3x3,20,static,,off,yes,unset,unset,hype2,12.2.0,-O3 -Wall -Wextra -std=c++17 -fopenmp -DOMP_EXPLICIT_SIMD=0 -fno-tree-vectorize,2,28.593468,28.209169,28.977767,28.593468,0.543481,1.000000
4000x3000.png,4000,3000,Gaussian_3x3,20,static,,omp,yes,unset,unset,hype2,12.2.0,-O3 -Wall -Wextra -std=c++17 -fopenmp -DOMP_EXPLICIT_SIMD=1,2,27.830991,27.462093,28.199890,27.830991,0.521701,1.000000
4000x3000.png,4000,3000,Gaussian_3x3,4,dynamic,1,off,yes,unset,unset,hype2,12.2.0,-O3 -Wall -Wextra -std=c++17 -fopenmp -DOMP_EXPLICIT_SIMD=0 -fno-tree-vectorize,2,121.704435,120.595106,122.813764,121.704435,1.568828,0.979787
4000x3000.png,4000,3000,Gaussian_3x3,4,dynamic,1,omp,yes,unset,unset,hype2,12.2.0,-O3 -Wall -Wextra -std=c++17 -fopenmp -DOMP_EXPLICIT_SIMD=1,2,118.582641,118.292610,118.872672,118.582641,0.410166,0.986162
4000x3000.png,4000,3000,Gaussian_3x3,4,dynamic,16,off,yes,unset,unset,hype2,12.2.0,-O3 -Wall -Wextra -std=c++17 -fopenmp -DOMP_EXPLICIT_SIMD=0 -fno-tree-vectorize,2,119.441422,119.241597,119.641247,119.441422,0.282595,0.998351
4000x3000.png,4000,3000,Gaussian_3x3,4,dynamic,16,omp,yes,unset,unset,hype2,12.2.0,-O3 -Wall -Wextra -std=c++17 -fopenmp -DOMP_EXPLICIT_SIMD=1,2,117.371230,117.083492,117.658969,117.371230,0.406924,0.996341
4000x3000.png,4000,3000,Gaussian_3x3,4,static,,off,yes,unset,unset,hype2,12.2.0,-O3 -Wall -Wextra -std=c++17 -fopenmp -DOMP_EXPLICIT_SIMD=0 -fno-tree-vectorize,2,119.244416,119.205585,119.283246,119.244416,0.054915,1.000000
4000x3000.png,4000,3000,Gaussian_3x3,4,static,,omp,yes,unset,unset,hype2,12.2.0,-O3 -Wall -Wextra -std=c++17 -fopenmp -DOMP_EXPLICIT_SIMD=1,2,116.941725,116.300665,117.582786,116.941725,0.906596,1.000000
4000x3000.png,4000,3000,Gaussian_3x3,8,dynamic,1,off,yes,unset,unset,hype2,12.2.0,-O3 -Wall -Wextra -std=c++17 -fopenmp -DOMP_EXPLICIT_SIMD=0 -fno-tree-vectorize,2,69.439906,69.424435,69.455376,69.439906,0.021879,0.967162
4000x3000.png,4000,3000,Gaussian_3x3,8,dynamic,1,omp,yes,unset,unset,hype2,12.2.0,-O3 -Wall -Wextra -std=c++17 -fopenmp -DOMP_EXPLICIT_SIMD=1,2,68.808594,67.744064,69.873124,68.808594,1.505473,0.946439
4000x3000.png,4000,3000,Gaussian_3x3,8,dynamic,16,off,yes,unset,unset,hype2,12.2.0,-O3 -Wall -Wextra -std=c++17 -fopenmp -DOMP_EXPLICIT_SIMD=0 -fno-tree-vectorize,2,67.793548,67.258906,68.328191,67.793548,0.756099,0.990649
4000x3000.png,4000,3000,Gaussian_3x3,8,dynamic,16,omp,yes,unset,unset,hype2,12.2.0,-O3 -Wall -Wextra -std=c++17 -fopenmp -DOMP_EXPLICIT_SIMD=1,2,67.271068,66.497295,68.044842,67.271068,1.094281,0.968071
4000x3000.png,4000,3000,Gaussian_3x3,8,static,,off,yes,unset,unset,hype2,12.2.0,-O3 -Wall -Wextra -std=c++17 -fopenmp -DOMP_EXPLICIT_SIMD=0 -fno-tree-vectorize,2,67.159640,66.162434,68.156846,67.159640,1.410262,1.000000
4000x3000.png,4000,3000,Gaussian_3x3,8,static,,omp,yes,unset,unset,hype2,12.2.0,-O3 -Wall -Wextra -std=c++17 -fopenmp -DOMP_EXPLICIT_SIMD=1,2,65.123139,65.064328,65.181949,65.123139,0.083171,1.000000
4000x3000.png,4000,3000,Gaussian_5x5,1,dynamic,1,off,yes,unset,unset,hype2,12.2.0,-O3 -Wall -Wextra -std=c++17 -fopenmp -DOMP_EXPLICIT_SIMD=0 -fno-tree-vectorize,2,843.521402,830.221887,856.820917,843.521402,18.808354,0.985253
4000x3000.png,4000,3000,Gaussian_5x5,1,dynamic,1,omp,yes,unset,unset,hype2,12.2.0,-O3 -Wall -Wextra -std=c++17 -fopenmp -DOMP_EXPLICIT_SIMD=1,2,833.059346,832.677741,833.440951,833.059346,0.539671,1.000558
4000x3000.png,4000,3000,Gaussian_5x5,1,dynamic,16,off,yes,unset,unset,hype2,12.2.0,-O3 -Wall -Wextra -std=c++17 -fopenmp -DOMP_EXPLICIT_SIMD=0 -fno-tree-vectorize,2,838.214716,835.594435,840.834996,838.214716,3.705636,0.991491
4000x3000.png,4000,3000,Gaussian_5x5,1,dynamic,16,omp,yes,unset,unset,hype2,12.2.0,-O3 -Wall -Wextra -std=c++17 -fopenmp -DOMP_EXPLICIT_SIMD=1,2,832.770595,832.602455,832.938734,832.770595,0.237785,1.000905
4000x3000.png,4000,3000,Gaussian_5x5,1,static,,off,yes,unset,unset,hype2,12.2.0,-O3 -Wall -Wextra -std=c++17 -fopenmp -DOMP_EXPLICIT_SIMD=0 -fno-tree-vectorize,2,831.082245,830.872845,831.291644,831.082245,0.296136,1.000000
4000x3000.png,4000,3000,Gaussian_5x5,1,static,,omp,yes,unset,unset,hype2,12.2.0,-O3 -Wall -Wextra -std=c++17 -fopenmp -DOMP_EXPLICIT_SIMD=1,2,833.523905,833.507429,833.540381,833.523905,0.023301,1.000000
4000x3000.png,4000,3000,Gaussian_5x5,12,dynamic,1,off,yes,unset,unset,hype2,12.2.0,-O3 -Wall -Wextra -std=c++17 -fopenmp -DOMP_EXPLICIT_SIMD=0 -fno-tree-vectorize,2,84.190640,83.488438,84.892841,84.190640,0.993063,0.967514
4000x3000.png,4000,3000,Gaussian_5x5,12,dynamic,1,omp,yes,unset,unset,hype2,12.2.0,-O3 -Wall -Wextra -std=c++17 -fopenmp -DOMP_EXPLICIT_SIMD=1,2,83.882261,83.821943,83.942578,83.882261,0.085302,0.975273
4000x3000.png,4000,3000,Gaussian_5x5,12,dynamic,16,off,yes,unset,unset,hype2,12.2.0,-O3 -Wall -Wextra -std=c++17 -fopenmp -DOMP_EXPLICIT_SIMD=0 -fno-tree-vectorize,2,82.476371,82.239833,82.712908,82.476371,0.334515,0.987624
4000x3000.png,4000,3000,Gaussian_5x5,12,dynamic,16,omp,yes,unset,unset,hype2,12.2.0,-O3 -Wall -Wextra -std=c++17 -fopenmp -DOMP_EXPLICIT_SIMD=1,2,85.780591,83.162439,88.398742,85.780591,3.702625,0.953690
4000x3000.png,4000,3000,Gaussian_5x5,12,static,,off,yes,unset,unset,hype2,12.2.0,-O3 -Wall -Wextra -std=c++17 -fopenmp -DOMP_EXPLICIT_SIMD=0 -fno-tree-vectorize,2,81.455620,81.426358,81.484882,81.455620,0.041383,1.000000
4000x3000.png,4000,3000,Gaussian_5x5,12,static,,omp,yes,unset,unset,hype2,12.2.0,-O3 -Wall -Wextra -std=c++17 -fopenmp -DOMP_EXPLICIT_SIMD=1,2,81.808099,81.593014,82.023185,81.808099,0.304177,1.000000
4000x3000.png,4000,3000,Gaussian_5x5,16,dynamic,1,off,yes,unset,unset,hype2,12.2.0,-O3 -Wall -Wextra -std=c++17 -fopenmp -DOMP_EXPLICIT_SIMD=0 -fno-tree-vectorize,2,64.304107,64.091709,64.516505,64.304107,0.300376,0.972650
4000x3000.png,4000,3000,Gaussian_5x5,16,dynamic,1,omp,yes,unset,unset,hype2,12.2.0,-O3 -Wall -Wextra -std=c++17 -fopenmp -DOMP_EXPLICIT_SIMD=1,2,64.742470,64.541358,64.943583,64.742470,0.284416,0.951655
4000x3000.png,4000,3000,Gaussian_5x5,16,dynamic,16,off,yes,unset,unset,hype2,12.2.0,-O3 -Wall -Wextra -std=c++17 -fopenmp -DOMP_EXPLICIT_SIMD=0 -fno-tree-vectorize,2,63.279553,63.279502,63.279605,63.279553,0.000073,0.988398
4000x3000.png,4000,3000,Gaussian_5x5,16,dynamic,16,omp,yes,unset,unset,hype2,12.2.0,-O3 -Wall -Wextra -std=c++17 -fopenmp -DOMP_EXPLICIT_SIMD=1,2,63.326757,63.295504,63.358009,63.326757,0.044198,0.972930
4000x3000.png,4000,3000,Gaussian_5x5,16,static,,off,yes,unset,unset,hype2,12.2.0,-O3 -Wall -Wextra -std=c++17 -fopenmp -DOMP_EXPLICIT_SIMD=0 -fno-tree-vectorize,2,62.545395,61.291841,63.798950,62.545395,1.772794,1.000000
4000x3000.png,4000,3000,Gaussian_5x5,16,static,,omp,yes,unset,unset,hype2,12.2.0,-O3 -Wall -Wextra -std=c++17 -fopenmp -DOMP_EXPLICIT_SIMD=1,2,61.612484,61.451369,61.773599,61.612484,0.227851,1.000000
4000x3000.png,4000,3000,Gaussian_5x5,2,dynamic,1,off,yes,unset,unset,hype2,12.2.0,-O3 -Wall -Wextra -std=c++17 -fopenmp -DOMP_EXPLICIT_SIMD=0 -fno-tree-vectorize,2,422.490353,422.432153,422.548553,422.490353,0.082307,0.994736
4000x3000.png,4000,3000,Gaussian_5x5,2,dynamic,1,omp,yes,unset,unset,hype2,12.2.0,-O3 -Wall -Wextra -std=c++17 -fopenmp -DOMP_EXPLICIT_SIMD=1,2,421.968215,419.982605,423.953826,421.968215,2.808077,0.995991
4000x3000.png,4000,3000,Gaussian_5x5,2,dynamic,16,off,yes,unset,unset,hype2,12.2.0,-O3 -Wall -Wextra -std=c++17 -fopenmp -DOMP_EXPLICIT_SIMD=0 -fno-tree-vectorize,2,420.343555,420.203060,420.484050,420.343555,0.198690,0.999817
4000x3000.png,4000,3000,Gaussian_5x5,2,dynamic,16,omp,yes,unset,unset,hype2,12.2.0,-O3 -Wall -Wextra -std=c++17 -fopenmp -DOMP_EXPLICIT_SIMD=1,2,420.454889,418.829095,422.080682,420.454889,2.299219,0.999576
4000x3000.png,4000,3000,Gaussian_5x5,2,static,,off,yes,unset,unset,hype2,12.2.0,-O3 -Wall -Wextra -std=c++17 -fopenmp -DOMP_EXPLICIT_SIMD=0 -fno-tree-vectorize,2,420.266548,420.112955,420.420141,420.266548,0.217213,1.000000
4000x3000.png,4000,3000,Gaussian_5x5,2,static,,omp,yes,unset,unset,hype2,12.2.0,-O3 -Wall -Wextra -std=c++17 -fopenmp -DOMP_EXPLICIT_SIMD=1,2,420.276646,418.707833,421.845459,420.276646,2.218637,1.000000
4000x3000.png,4000,3000,Gaussian_5x5,20,dynamic,1,off,yes,unset,unset,hype2,12.2.0,-O3 -Wall -Wextra -std=c++17 -fopenmp -DOMP_EXPLICIT_SIMD=0 -fno-tree-vectorize,2,52.793232,52.719956,52.866508,52.793232,0.103628,0.936384
4000x3000.png,4000,3000,Gaussian_5x5,20,dynamic,1,omp,yes,unset,unset,hype2,12.2.0,-O3 -Wall -Wextra -std=c++17 -fopenmp -DOMP_EXPLICIT_SIMD=1,2,53.250808,53.040585,53.461031,53.250808,0.297300,0.927843
4000x3000.png,4000,3000,Gaussian_5x5,20,dynamic,16,off,yes,unset,unset,hype2,12.2.0,-O3 -Wall -Wextra -std=c++17 -fopenmp -DOMP_EXPLICIT_SIMD=0 -fno-tree-vectorize,2,53.013089,52.789732,53.236445,53.013089,0.315874,0.932501
4000x3000.png,4000,3000,Gaussian_5x5,20,dynamic,16,omp,yes,unset,unset,hype2,12.2.0,-O3 -Wall -Wextra -std=c++17 -fopenmp -DOMP_EXPLICIT_SIMD=1,2,53.190250,53.048725,53.331775,53.190250,0.200147,0.928899
4000x3000.png,4000,3000,Gaussian_5x5,20,static,,off,yes,unset,unset,hype2,12.2.0,-O3 -Wall -Wextra -std=c++17 -fopenmp -DOMP_EXPLICIT_SIMD=0 -fno-tree-vectorize,2,49.434740,49.177990,49.691490,49.434740,0.363099,1.000000
4000x3000.png,4000,3000,Gaussian_5x5,20,static,,omp,yes,unset,unset,hype2,12.2.0,-O3 -Wall -Wextra -std=c++17 -fopenmp -DOMP_EXPLICIT_SIMD=1,2,49.408389,49.136787,49.679992,49.408389,0.384104,1.000000
4000x3000.png,4000,3000,Gaussian_5x5,4,dynamic,1,off,yes,unset,unset,hype2,12.2.0,-O3 -Wall -Wextra -std=c++17 -fopenmp -DOMP_EXPLICIT_SIMD=0 -fno-tree-vectorize,2,212.091088,211.502346,212.679829,212.091088,0.832606,0.996631
4000x3000.png,4000,3000,Gaussian_5x5,4,dynamic,1,omp,yes,unset,unset,hype2,12.2.0,-O3 -Wall -Wextra -std=c++17 -fopenmp -DOMP_EXPLICIT_SIMD=1,2,211.858587,211.747499,211.969674,211.858587,0.157101,1.055016
4000x3000.png,4000,3000,Gaussian_5x5,4,dynamic,16,off,yes,unset,unset,hype2,12.2.0,-O3 -Wall -Wextra -std=c++17 -fopenmp -DOMP_EXPLICIT_SIMD=0 -fno-tree-vectorize,2,210.913544,210.713554,211.113533,210.913544,0.282828,1.002196
4000x3000.png,4000,3000,Gaussian_5x5,4,dynamic,16,omp,yes,unset,unset,hype2,12.2.0,-O3 -Wall -Wextra -std=c++17 -fopenmp -DOMP_EXPLICIT_SIMD=1,2,212.532499,211.654630,213.410367,212.532499,1.241494,1.051671
4000x3000.png,4000,3000,Gaussian_5x5,4,static,,off,yes,unset,unset,hype2,12.2.0,-O3 -Wall -Wextra -std=c++17 -fopenmp -DOMP_EXPLICIT_SIMD=0 -fno-tree-vectorize,2,211.376620,208.952426,213.800814,211.376620,3.428328,1.000000
4000x3000.png,4000,3000,Gaussian_5x5,4,static,,omp,yes,unset,unset,hype2,12.2.0,-O3 -Wall -Wextra -std=c++17 -fopenmp -DOMP_EXPLICIT_SIMD=1,2,223.514255,212.330142,234.698368,223.514255,15.816724,1.000000
4000x3000.png,4000,3000,Gaussian_5x5,8,dynamic,1,off,yes,unset,unset,hype2,12.2.0,-O3 -Wall -Wextra -std=c++17 -fopenmp -DOMP_EXPLICIT_SIMD=0 -fno-tree-vectorize,2,119.384850,119.269650,119.500049,119.384850,0.162917,0.985451
4000x3000.png,4000,3000,Gaussian_5x5,8,dynamic,1,omp,yes,unset,unset,hype2,12.2.0,-O3 -Wall -Wextra -std=c++17 -fopenmp -DOMP_EXPLICIT_SIMD=1,2,119.746341,119.222688,120.269993,119.746341,0.740556,0.979673
4000x3000.png,4000,3000,Gaussian_5x5,8,dynamic,16,off,yes,unset,unset,hype2,12.2.0,-O3 -Wall -Wextra -std=c++17 -fopenmp -DOMP_EXPLICIT_SIMD=0 -fno-tree-vectorize,2,118.942267,118.405259,119.479274,118.942267,0.759443,0.989118
4000x3000.png,4000,3000,Gaussian_5x5,8,dynamic,16,omp,yes,unset,unset,hype2,12.2.0,-O3 -Wall -Wextra -std=c++17 -fopenmp -DOMP_EXPLICIT_SIMD=1,2,120.186992,119.805982,120.568002,120.186992,0.538830,0.976081
4000x3000.png,4000,3000,Gaussian_5x5,8,static,,off,yes,unset,unset,hype2,12.2.0,-O3 -Wall -Wextra -std=c++17 -fopenmp -DOMP_EXPLICIT_SIMD=0 -fno-tree-vectorize,2,117.647910,116.857917,118.437903,117.647910,1.117219,1.000000
4000x3000.png,4000,3000,Gaussian_5x5,8,static,,omp,yes,unset,unset,hype2,12.2.0,-O3 -Wall -Wextra -std=c++17 -fopenmp -DOMP_EXPLICIT_SIMD=1,2,117.312277,117.195827,117.428728,117.312277,0.164686,1.000000
4000x3000.png,4000,3000,Gaussian_7x7,1,dynamic,1,off,yes,unset,unset,hype2,12.2.0,-O3 -Wall -Wextra -std=c++17 -fopenmp -DOMP_EXPLICIT_SIMD=0 -fno-tree-vectorize,2,1425.745814,1424.982283,1426.509344,1425.745814,1.079795,0.999095
4000x3000.png,4000,3000,Gaussian_7x7,1,dynamic,1,omp,yes,unset,unset,hype2,12.2.0,-O3 -Wall -Wextra -std=c++17 -fopenmp -DOMP_EXPLICIT_SIMD=1,2,1435.245723,1430.294720,1440.196726,1435.245723,7.001776,0.998929
4000x3000.png,4000,3000,Gaussian_7x7,1,dynamic,16,off,yes,unset,unset,hype2,12.2.0,-O3 -Wall -Wextra -std=c++17 -fopenmp -DOMP_EXPLICIT_SIMD=0 -fno-tree-vectorize,2,1426.984013,1423.970598,1429.997428,1426.984013,4.261612,0.998228
4000x3000.png,4000,3000,Gaussian_7x7,1,dynamic,16,omp,yes,unset,unset,hype2,12.2.0,-O3 -Wall -Wextra -std=c++17 -fopenmp -DOMP_EXPLICIT_SIMD=1,2,1441.691332,1441.035115,1442.347549,1441.691332,0.928031,0.994463
4000x3000.png,4000,3000,Gaussian_7x7,1,static,,off,yes,unset,unset,hype2,12.2.0,-O3 -Wall -Wextra -std=c++17 -fopenmp -DOMP_EXPLICIT_SIMD=0 -fno-tree-vectorize,2,1424.455927,1423.702298,1425.209557,1424.455927,1.065793,1.000000
4000x3000.png,4000,3000,Gaussian_7x7,1,static,,omp,yes,unset,unset,hype2,12.2.0,-O3 -Wall -Wextra -std=c++17 -fopenmp -DOMP_EXPLICIT_SIMD=1,2,1433.708196,1430.841381,1436.575011,1433.708196,4.054289,1.000000
4000x3000.png,4000,3000,Gaussian_7x7,12,dynamic,1,off,yes,unset,unset,hype2,12.2.0,-O3 -Wall -Wextra -std=c++17 -fopenmp -DOMP_EXPLICIT_SIMD=0 -fno-tree-vectorize,2,138.935779,138.666400,139.205158,138.935779,0.380959,0.996371
4000x3000.png,4000,3000,Gaussian_7x7,12,dynamic,1,omp,yes,unset,unset,hype2,12.2.0,-O3 -Wall -Wextra -std=c++17 -fopenmp -DOMP_EXPLICIT_SIMD=1,2,139.942757,139.652631,140.232883,139.942757,0.410300,0.994908
4000x3000.png,4000,3000,Gaussian_7x7,12,dynamic,16,off,yes,unset,unset,hype2,12.2.0,-O3 -Wall -Wextra -std=c++17 -fopenmp -DOMP_EXPLICIT_SIMD=0 -fno-tree-vectorize,2,140.698232,140.468151,140.928312,140.698232,0.325383,0.983890
4000x3000.png,4000,3000,Gaussian_7x7,12,dynamic,16,omp,yes,unset,unset,hype2,12.2.0,-O3 -Wall -Wextra -std=c++17 -fopenmp -DOMP_EXPLICIT_SIMD=1,2,143.265783,141.628450,144.903115,143.265783,2.315538,0.971832
4000x3000.png,4000,3000,Gaussian_7x7,12,static,,off,yes,unset,unset,hype2,12.2.0,-O3 -Wall -Wextra -std=c++17 -fopenmp -DOMP_EXPLICIT_SIMD=0 -fno-tree-vectorize,2,138.431540,138.415597,138.447483,138.431540,0.022547,1.000000
4000x3000.png,4000,3000,Gaussian_7x7,12,static,,omp,yes,unset,unset,hype2,12.2.0,-O3 -Wall -Wextra -std=c++17 -fopenmp -DOMP_EXPLICIT_SIMD=1,2,139.230201,139.194649,139.265754,139.230201,0.050279,1.000000
4000x3000.png,4000,3000,Gaussian_7x7,16,dynamic,1,off,yes,unset,unset,hype2,12.2.0,-O3 -Wall -Wextra -std=c++17 -fopenmp -DOMP_EXPLICIT_SIMD=0 -fno-tree-vectorize,2,107.310969,105.790063,108.831875,107.310969,2.150886,0.979452
4000x3000.png,4000,3000,Gaussian_7x7,16,dynamic,1,omp,yes,unset,unset,hype2,12.2.0,-O3 -Wall -Wextra -std=c++17 -fopenmp -DOMP_EXPLICIT_SIMD=1,2,106.633042,106.234779,107.031304,106.633042,0.563228,0.981844
4000x3000.png,4000,3000,Gaussian_7x7,16,dynamic,16,off,yes,unset,unset,hype2,12.2.0,-O3 -Wall -Wextra -std=c++17 -fopenmp -DOMP_EXPLICIT_SIMD=0 -fno-tree-vectorize,2,107.132286,107.089102,107.175471,107.132286,0.061072,0.981085
4000x3000.png,4000,3000,Gaussian_7x7,16,dynamic,16,omp,yes,unset,unset,hype2,12.2.0,-O3 -Wall -Wextra -std=c++17 -fopenmp -DOMP_EXPLICIT_SIMD=1,2,107.880751,107.708364,108.053137,107.880751,0.243791,0.970488
4000x3000.png,4000,3000,Gaussian_7x7,16,static,,off,yes,unset,unset,hype2,12.2.0,-O3 -Wall -Wextra -std=c++17 -fopenmp -DOMP_EXPLICIT_SIMD=0 -fno-tree-vectorize,2,105.105905,104.015342,106.196467,105.105905,1.542288,1.000000
4000x3000.png,4000,3000,Gaussian_7x7,16,static,,omp,yes,unset,unset,hype2,12.2.0,-O3 -Wall -Wextra -std=c++17 -fopenmp -DOMP_EXPLICIT_SIMD=1,2,104.696992,104.346588,105.047397,104.696992,0.495547,1.000000
4000x3000.png,4000,3000,Gaussian_7x7,2,dynamic,1,off,yes,unset,unset,hype2,12.2.0,-O3 -Wall -Wextra -std=c++17 -fopenmp -DOMP_EXPLICIT_SIMD=0 -fno-tree-vectorize,2,722.720184,722.201034,723.239333,722.720184,0.734188,0.995405
4000x3000.png,4000,3000,Gaussian_7x7,2,dynamic,1,omp,yes,unset,unset,hype2,12.2.0,-O3 -Wall -Wextra -std=c++17 -fopenmp -DOMP_EXPLICIT_SIMD=1,2,723.879989,721.890524,725.869455,723.879989,2.813529,0.995982
4000x3000.png,4000,3000,Gaussian_7x7,2,dynamic,16,off,yes,unset,unset,hype2,12.2.0,-O3 -Wall -Wextra -std=c++17 -fopenmp -DOMP_EXPLICIT_SIMD=0 -fno-tree-vectorize,2,722.649203,722.430800,722.867606,722.649203,0.308868,0.995503
4000x3000.png,4000,3000,Gaussian_7x7,2,dynamic,16,omp,yes,unset,unset,hype2,12.2.0,-O3 -Wall -Wextra -std=c++17 -fopenmp -DOMP_EXPLICIT_SIMD=1,2,722.063216,718.827542,725.298891,722.063216,4.575935,0.998488
4000x3000.png,4000,3000,Gaussian_7x7,2,static,,off,yes,unset,unset,hype2,12.2.0,-O3 -Wall -Wextra -std=c++17 -fopenmp -DOMP_EXPLICIT_SIMD=0 -fno-tree-vectorize,2,719.399413,717.797499,721.001327,719.399413,2.265449,1.000000
4000x3000.png,4000,3000,Gaussian_7x7,2,static,,omp,yes,unset,unset,hype2,12.2.0,-O3 -Wall -Wextra -std=c++17 -fopenmp -DOMP_EXPLICIT_SIMD=1,2,720.971621,717.756298,724.186944,720.971621,4.547153,1.000000
4000x3000.png,4000,3000,Gaussian_7x7,20,dynamic,1,off,yes,unset,unset,hype2,12.2.0,-O3 -Wall -Wextra -std=c++17 -fopenmp -DOMP_EXPLICIT_SIMD=0 -fno-tree-vectorize,2,84.974039,84.822145,85.125932,84.974039,0.214810,0.984717
4000x3000.png,4000,3000,Gaussian_7x7,20,dynamic,1,omp,yes,unset,unset,hype2,12.2.0,-O3 -Wall -Wextra -std=c++17 -fopenmp -DOMP_EXPLICIT_SIMD=1,2,85.112505,84.754423,85.470587,85.112505,0.506404,1.061349
4000x3000.png,4000,3000,Gaussian_7x7,20,dynamic,16,off,yes,unset,unset,hype2,12.2.0,-O3 -Wall -Wextra -std=c++17 -fopenmp -DOMP_EXPLICIT_SIMD=0 -fno-tree-vectorize,2,89.552033,89.429374,89.674693,89.552033,0.173467,0.934377
4000x3000.png,4000,3000,Gaussian_7x7,20,dynamic,16,omp,yes,unset,unset,hype2,12.2.0,-O3 -Wall -Wextra -std=c++17 -fopenmp -DOMP_EXPLICIT_SIMD=1,2,90.078879,89.984759,90.173000,90.078879,0.133106,1.002833
4000x3000.png,4000,3000,Gaussian_7x7,20,static,,off,yes,unset,unset,hype2,12.2.0,-O3 -Wall -Wextra -std=c++17 -fopenmp -DOMP_EXPLICIT_SIMD=0 -fno-tree-vectorize,2,83.675394,83.542438,83.808349,83.675394,0.188027,1.000000
4000x3000.png,4000,3000,Gaussian_7x7,20,static,,omp,yes,unset,unset,hype2,12.2.0,-O3 -Wall -Wextra -std=c++17 -fopenmp -DOMP_EXPLICIT_SIMD=1,2,90.334086,84.113603,96.554570,90.334086,8.797092,1.000000
4000x3000.png,4000,3000,Gaussian_7x7,4,dynamic,1,off,yes,unset,unset,hype2,12.2.0,-O3 -Wall -Wextra -std=c++17 -fopenmp -DOMP_EXPLICIT_SIMD=0 -fno-tree-vectorize,2,359.182630,359.010464,359.354796,359.182630,0.243479,1.000622
4000x3000.png,4000,3000,Gaussian_7x7,4,dynamic,1,omp,yes,unset,unset,hype2,12.2.0,-O3 -Wall -Wextra -std=c++17 -fopenmp -DOMP_EXPLICIT_SIMD=1,2,360.940022,359.868534,362.011510,360.940022,1.515313,1.004687
4000x3000.png,4000,3000,Gaussian_7x7,4,dynamic,16,off,yes,unset,unset,hype2,12.2.0,-O3 -Wall -Wextra -std=c++17 -fopenmp -DOMP_EXPLICIT_SIMD=0 -fno-tree-vectorize,2,361.384177,361.113867,361.654487,361.384177,0.382276,0.994526
4000x3000.png,4000,3000,Gaussian_7x7,4,dynamic,16,omp,yes,unset,unset,hype2,12.2.0,-O3 -Wall -Wextra -std=c++17 -fopenmp -DOMP_EXPLICIT_SIMD=1,2,372.565918,371.411844,373.719992,372.565918,1.632107,0.973336
4000x3000.png,4000,3000,Gaussian_7x7,4,static,,off,yes,unset,unset,hype2,12.2.0,-O3 -Wall -Wextra -std=c++17 -fopenmp -DOMP_EXPLICIT_SIMD=0 -fno-tree-vectorize,2,359.405909,357.013572,361.798246,359.405909,3.383275,1.000000
4000x3000.png,4000,3000,Gaussian_7x7,4,static,,omp,yes,unset,unset,hype2,12.2.0,-O3 -Wall -Wextra -std=c++17 -fopenmp -DOMP_EXPLICIT_SIMD=1,2,362.631731,360.733548,364.529913,362.631731,2.684435,1.000000
4000x3000.png,4000,3000,Gaussian_7x7,8,dynamic,1,off,yes,unset,unset,hype2,12.2.0,-O3 -Wall -Wextra -std=c++17 -fopenmp -DOMP_EXPLICIT_SIMD=0 -fno-tree-vectorize,2,200.097245,200.025492,200.168998,200.097245,0.101474,1.000247
4000x3000.png,4000,3000,Gaussian_7x7,8,dynamic,1,omp,yes,unset,unset,hype2,12.2.0,-O3 -Wall -Wextra -std=c++17 -fopenmp -DOMP_EXPLICIT_SIMD=1,2,201.070072,200.706325,201.433820,201.070072,0.514417,0.996043
4000x3000.png,4000,3000,Gaussian_7x7,8,dynamic,16,off,yes,unset,unset,hype2,12.2.0,-O3 -Wall -Wextra -std=c++17 -fopenmp -DOMP_EXPLICIT_SIMD=0 -fno-tree-vectorize,2,203.779496,203.255098,204.303895,203.779496,0.741611,0.982173
4000x3000.png,4000,3000,Gaussian_7x7,8,dynamic,16,omp,yes,unset,unset,hype2,12.2.0,-O3 -Wall -Wextra -std=c++17 -fopenmp -DOMP_EXPLICIT_SIMD=1,2,204.524880,204.301438,204.748322,204.524880,0.315995,0.979218
4000x3000.png,4000,3000,Gaussian_7x7,8,static,,off,yes,unset,unset,hype2,12.2.0,-O3 -Wall -Wextra -std=c++17 -fopenmp -DOMP_EXPLICIT_SIMD=0 -fno-tree-vectorize,2,200.146748,200.041319,200.252177,200.146748,0.149099,1.000000
4000x3000.png,4000,3000,Gaussian_7x7,8,static,,omp,yes,unset,unset,hype2,12.2.0,-O3 -Wall -Wextra -std=c++17 -fopenmp -DOMP_EXPLICIT_SIMD=1,2,200.274469,199.867512,200.681425,200.274469,0.575523,1.000000
4000x3000.png,4000,3000,Gaussian_9x9,1,dynamic,1,off,yes,unset,unset,hype2,12.2.0,-O3 -Wall -Wextra -std=c++17 -fopenmp -DOMP_EXPLICIT_SIMD=0 -fno-tree-vectorize,2,2211.770819,2206.325700,2217.215938,2211.770819,7.700561,1.004346
4000x3000.png,4000,3000,Gaussian_9x9,1,dynamic,1,omp,yes,unset,unset,hype2,12.2.0,-O3 -Wall -Wextra -std=c++17 -fopenmp -DOMP_EXPLICIT_SIMD=1,2,2223.437386,2217.548368,2229.326405,2223.437386,8.328330,1.001017
4000x3000.png,4000,3000,Gaussian_9x9,1,dynamic,16,off,yes,unset,unset,hype2,12.2.0,-O3 -Wall -Wextra -std=c++17 -fopenmp -DOMP_EXPLICIT_SIMD=0 -fno-tree-vectorize,2,2213.942539,2208.371571,2219.513508,2213.942539,7.878539,1.003361
4000x3000.png,4000,3000,Gaussian_9x9,1,dynamic,16,omp,yes,unset,unset,hype2,12.2.0,-O3 -Wall -Wextra -std=c++17 -fopenmp -DOMP_EXPLICIT_SIMD=1,2,2218.505361,2217.393366,2219.617357,2218.505361,1.572599,1.003242
4000x3000.png,4000,3000,Gaussian_9x9,1,static,,off,yes,unset,unset,hype2,12.2.0,-O3 -Wall -Wextra -std=c++17 -fopenmp -DOMP_EXPLICIT_SIMD=0 -fno-tree-vectorize,2,2221.383501,2207.934204,2234.832797,2221.383501,19.020178,1.000000
4000x3000.png,4000,3000,Gaussian_9x9,1,static,,omp,yes,unset,unset,hype2,12.2.0,-O3 -Wall -Wextra -std=c++17 -fopenmp -DOMP_EXPLICIT_SIMD=1,2,2225.698364,2220.875096,2230.521632,2225.698364,6.821131,1.000000
4000x3000.png,4000,3000,Gaussian_9x9,12,dynamic,1,off,yes,unset,unset,hype2,12.2.0,-O3 -Wall -Wextra -std=c++17 -fopenmp -DOMP_EXPLICIT_SIMD=0 -fno-tree-vectorize,2,214.026295,213.887623,214.164967,214.026295,0.196112,0.997372
4000x3000.png,4000,3000,Gaussian_9x9,12,dynamic,1,omp,yes,unset,unset,hype2,12.2.0,-O3 -Wall -Wextra -std=c++17 -fopenmp -DOMP_EXPLICIT_SIMD=1,2,215.020627,214.727633,215.313621,215.020627,0.414356,1.024770
4000x3000.png,4000,3000,Gaussian_9x9,12,dynamic,16,off,yes,unset,unset,hype2,12.2.0,-O3 -Wall -Wextra -std=c++17 -fopenmp -DOMP_EXPLICIT_SIMD=0 -fno-tree-vectorize,2,218.121775,217.888920,218.354630,218.121775,0.329307,0.978645
4000x3000.png,4000,3000,Gaussian_9x9,12,dynamic,16,omp,yes,unset,unset,hype2,12.2.0,-O3 -Wall -Wextra -std=c++17 -fopenmp -DOMP_EXPLICIT_SIMD=1,2,219.597135,219.584792,219.609478,219.597135,0.017456,1.003413
4000x3000.png,4000,3000,Gaussian_9x9,12,static,,off,yes,unset,unset,hype2,12.2.0,-O3 -Wall -Wextra -std=c++17 -fopenmp -DOMP_EXPLICIT_SIMD=0 -fno-tree-vectorize,2,213.463746,213.354729,213.572762,213.463746,0.154173,1.000000
4000x3000.png,4000,3000,Gaussian_9x9,12,static,,omp,yes,unset,unset,hype2,12.2.0,-O3 -Wall -Wextra -std=c++17 -fopenmp -DOMP_EXPLICIT_SIMD=1,2,220.346696,214.774303,225.919088,220.346696,7.880553,1.000000
4000x3000.png,4000,3000,Gaussian_9x9,16,dynamic,1,off,yes,unset,unset,hype2,12.2.0,-O3 -Wall -Wextra -std=c++17 -fopenmp -DOMP_EXPLICIT_SIMD=0 -fno-tree-vectorize,2,162.266500,160.711556,163.821443,162.266500,2.199022,0.988576
4000x3000.png,4000,3000,Gaussian_9x9,16,dynamic,1,omp,yes,unset,unset,hype2,12.2.0,-O3 -Wall -Wextra -std=c++17 -fopenmp -DOMP_EXPLICIT_SIMD=1,2,161.623488,161.272198,161.974777,161.623488,0.496798,0.997957
4000x3000.png,4000,3000,Gaussian_9x9,16,dynamic,16,off,yes,unset,unset,hype2,12.2.0,-O3 -Wall -Wextra -std=c++17 -fopenmp -DOMP_EXPLICIT_SIMD=0 -fno-tree-vectorize,2,165.067581,165.001915,165.133246,165.067581,0.092865,0.971801
4000x3000.png,4000,3000,Gaussian_9x9,16,dynamic,16,omp,yes,unset,unset,hype2,12.2.0,-O3 -Wall -Wextra -std=c++17 -fopenmp -DOMP_EXPLICIT_SIMD=1,2,165.822754,165.622242,166.023265,165.822754,0.283566,0.972685
4000x3000.png,4000,3000,Gaussian_9x9,16,static,,off,yes,unset,unset,hype2,12.2.0,-O3 -Wall -Wextra -std=c++17 -fopenmp -DOMP_EXPLICIT_SIMD=0 -fno-tree-vectorize,2,160.412773,160.299546,160.525999,160.412773,0.160126,1.000000
4000x3000.png,4000,3000,Gaussian_9x9,16,static,,omp,yes,unset,unset,hype2,12.2.0,-O3 -Wall -Wextra -std=c++17 -fopenmp -DOMP_EXPLICIT_SIMD=1,2,161.293320,161.088509,161.498132,161.293320,0.289647,1.000000
4000x3000.png,4000,3000,Gaussian_9x9,2,dynamic,1,off,yes,unset,unset,hype2,12.2.0,-O3 -Wall -Wextra -std=c++17 -fopenmp -DOMP_EXPLICIT_SIMD=0 -fno-tree-vectorize,2,1120.606662,1119.558024,1121.655300,1120.606662,1.482998,1.001611
4000x3000.png,4000,3000,Gaussian_9x9,2,dynamic,1,omp,yes,unset,unset,hype2,12.2.0,-O3 -Wall -Wextra -std=c++17 -fopenmp -DOMP_EXPLICIT_SIMD=1,2,1133.174455,1125.933771,1140.415138,1133.174455,10.239873,0.991927
4000x3000.png,4000,3000,Gaussian_9x9,2,dynamic,16,off,yes,unset,unset,hype2,12.2.0,-O3 -Wall -Wextra -std=c++17 -fopenmp -DOMP_EXPLICIT_SIMD=0 -fno-tree-vectorize,2,1131.639340,1123.565279,1139.713400,1131.639340,11.418446,0.991846
4000x3000.png,4000,3000,Gaussian_9x9,2,dynamic,16,omp,yes,unset,unset,hype2,12.2.0,-O3 -Wall -Wextra -std=c++17 -fopenmp -DOMP_EXPLICIT_SIMD=1,2,1127.602774,1120.046617,1135.158930,1127.602774,10.686019,0.996828
4000x3000.png,4000,3000,Gaussian_9x9,2,static,,off,yes,unset,unset,hype2,12.2.0,-O3 -Wall -Wextra -std=c++17 -fopenmp -DOMP_EXPLICIT_SIMD=0 -fno-tree-vectorize,2,1122.412505,1121.029558,1123.795452,1122.412505,1.955782,1.000000
4000x3000.png,4000,3000,Gaussian_9x9,2,static,,omp,yes,unset,unset,hype2,12.2.0,-O3 -Wall -Wextra -std=c++17 -fopenmp -DOMP_EXPLICIT_SIMD=1,2,1124.026180,1115.229030,1132.823329,1124.026180,12.441048,1.000000
4000x3000.png,4000,3000,Gaussian_9x9,20,dynamic,1,off,yes,unset,unset,hype2,12.2.0,-O3 -Wall -Wextra -std=c++17 -fopenmp -DOMP_EXPLICIT_SIMD=0 -fno-tree-vectorize,2,129.933755,129.811447,130.056064,129.933755,0.172970,0.991767
4000x3000.png,4000,3000,Gaussian_9x9,20,dynamic,1,omp,yes,unset,unset,hype2,12.2.0,-O3 -Wall -Wextra -std=c++17 -fopenmp -DOMP_EXPLICIT_SIMD=1,2,130.210396,130.176696,130.244096,130.210396,0.047659,1.165439
4000x3000.png,4000,3000,Gaussian_9x9,20,dynamic,16,off,yes,unset,unset,hype2,12.2.0,-O3 -Wall -Wextra -std=c++17 -fopenmp -DOMP_EXPLICIT_SIMD=0 -fno-tree-vectorize,2,138.118015,138.108187,138.127843,138.118015,0.013899,0.932999
4000x3000.png,4000,3000,Gaussian_9x9,20,dynamic,16,omp,yes,unset,unset,hype2,12.2.0,-O3 -Wall -Wextra -std=c++17 -fopenmp -DOMP_EXPLICIT_SIMD=1,2,139.122806,138.314644,139.930969,139.122806,1.142914,1.090780
4000x3000.png,4000,3000,Gaussian_9x9,20,static,,off,yes,unset,unset,hype2,12.2.0,-O3 -Wall -Wextra -std=c++17 -fopenmp -DOMP_EXPLICIT_SIMD=0 -fno-tree-vectorize,2,128.864025,128.773374,128.954676,128.864025,0.128200,1.000000
4000x3000.png,4000,3000,Gaussian_9x9,20,static,,omp,yes,unset,unset,hype2,12.2.0,-O3 -Wall -Wextra -std=c++17 -fopenmp -DOMP_EXPLICIT_SIMD=1,2,151.752309,134.340319,169.164300,151.752309,24.624273,1.000000
4000x3000.png,4000,3000,Gaussian_9x9,4,dynamic,1,off,yes,unset,unset,hype2,12.2.0,-O3 -Wall -Wextra -std=c++17 -fopenmp -DOMP_EXPLICIT_SIMD=0 -fno-tree-vectorize,2,554.769241,554.674141,554.864341,554.769241,0.134492,1.017129
4000x3000.png,4000,3000,Gaussian_9x9,4,dynamic,1,omp,yes,unset,unset,hype2,12.2.0,-O3 -Wall -Wextra -std=c++17 -fopenmp -DOMP_EXPLICIT_SIMD=1,2,558.315936,556.690886,559.940986,558.315936,2.298168,1.011091
4000x3000.png,4000,3000,Gaussian_9x9,4,dynamic,16,off,yes,unset,unset,hype2,12.2.0,-O3 -Wall -Wextra -std=c++17 -fopenmp -DOMP_EXPLICIT_SIMD=0 -fno-tree-vectorize,2,561.196884,560.648751,561.745018,561.196884,0.775178,1.005479
4000x3000.png,4000,3000,Gaussian_9x9,4,dynamic,16,omp,yes,unset,unset,hype2,12.2.0,-O3 -Wall -Wextra -std=c++17 -fopenmp -DOMP_EXPLICIT_SIMD=1,2,576.073390,565.155265,586.991516,576.073390,15.440561,0.979925
4000x3000.png,4000,3000,Gaussian_9x9,4,static,,off,yes,unset,unset,hype2,12.2.0,-O3 -Wall -Wextra -std=c++17 -fopenmp -DOMP_EXPLICIT_SIMD=0 -fno-tree-vectorize,2,564.271720,559.833527,568.709912,564.271720,6.276552,1.000000
4000x3000.png,4000,3000,Gaussian_9x9,4,static,,omp,yes,unset,unset,hype2,12.2.0,-O3 -Wall -Wextra -std=c++17 -fopenmp -DOMP_EXPLICIT_SIMD=1,2,564.508444,563.102072,565.914816,564.508444,1.988910,1.000000
4000x3000.png,4000,3000,Gaussian_9x9,8,dynamic,1,off,yes,unset,unset,hype2,12.2.0,-O3 -Wall -Wextra -std=c++17 -fopenmp -DOMP_EXPLICIT_SIMD=0 -fno-tree-vectorize,2,309.244696,308.340732,310.148659,309.244696,1.278397,1.001164
4000x3000.png,4000,3000,Gaussian_9x9,8,dynamic,1,omp,yes,unset,unset,hype2,12.2.0,-O3 -Wall -Wextra -std=c++17 -fopenmp -DOMP_EXPLICIT_SIMD=1,2,309.505256,309.385925,309.624587,309.505256,0.168760,1.007217
4000x3000.png,4000,3000,Gaussian_9x9,8,dynamic,16,off,yes,unset,unset,hype2,12.2.0,-O3 -Wall -Wextra -std=c++17 -fopenmp -DOMP_EXPLICIT_SIMD=0 -fno-tree-vectorize,2,315.122332,314.771515,315.473150,315.122332,0.496131,0.982491
4000x3000.png,4000,3000,Gaussian_9x9,8,dynamic,16,omp,yes,unset,unset,hype2,12.2.0,-O3 -Wall -Wextra -std=c++17 -fopenmp -DOMP_EXPLICIT_SIMD=1,2,317.595471,316.118587,319.072354,317.595471,2.088629,0.981560
4000x3000.png,4000,3000,Gaussian_9x9,8,static,,off,yes,unset,unset,hype2,12.2.0,-O3 -Wall -Wextra -std=c++17 -fopenmp -DOMP_EXPLICIT_SIMD=0 -fno-tree-vectorize,2,309.604739,309.541525,309.667953,309.604739,0.089398,1.000000
4000x3000.png,4000,3000,Gaussian_9x9,8,static,,omp,yes,unset,unset,hype2,12.2.0,-O3 -Wall -Wextra -std=c++17 -fopenmp -DOMP_EXPLICIT_SIMD=1,2,311.738871,310.580833,312.896910,311.738871,1.637714,1.000000
4000x3000.png,4000,3000,Grayscale,1,dynamic,1,off,yes,unset,unset,hype2,12.2.0,-O3 -Wall -Wextra -std=c++17 -fopenmp -DOMP_EXPLICIT_SIMD=0 -fno-tree-vectorize,2,46.176150,46.146128,46.206172,46.176150,0.042458,1.002577
4000x3000.png,4000,3000,Grayscale,1,dynamic,1,omp,yes,unset,unset,hype2,12.2.0,-O3 -Wall -Wextra -std=c++17 -fopenmp -DOMP_EXPLICIT_SIMD=1,2,48.286371,47.983930,48.588812,48.286371,0.427716,0.996044
4000x3000.png,4000,3000,Grayscale,1,dynamic,16,off,yes,unset,unset,hype2,12.2.0,-O3 -Wall -Wextra -std=c++17 -fopenmp -DOMP_EXPLICIT_SIMD=0 -fno-tree-vectorize,2,46.428353,46.424425,46.432280,46.428353,0.005554,0.997131
4000x3000.png,4000,3000,Grayscale,1,dynamic,16,omp,yes,unset,unset,hype2,12.2.0,-O3 -Wall -Wextra -std=c++17 -fopenmp -DOMP_EXPLICIT_SIMD=1,2,48.226014,48.225455,48.226574,48.226014,0.000791,0.997291
4000x3000.png,4000,3000,Grayscale,1,static,,off,yes,unset,unset,hype2,12.2.0,-O3 -Wall -Wextra -std=c++17 -fopenmp -DOMP_EXPLICIT_SIMD=0 -fno-tree-vectorize,2,46.295137,46.156009,46.434266,46.295137,0.196757,1.000000
4000x3000.png,4000,3000,Grayscale,1,static,,omp,yes,unset,unset,hype2,12.2.0,-O3 -Wall -Wextra -std=c++17 -fopenmp -DOMP_EXPLICIT_SIMD=1,2,48.095361,47.884808,48.305914,48.095361,0.297767,1.000000
4000x3000.png,4000,3000,Grayscale,12,dynamic,1,off,yes,unset,unset,hype2,12.2.0,-O3 -Wall -Wextra -std=c++17 -fopenmp -DOMP_EXPLICIT_SIMD=0 -fno-tree-vectorize,2,5.541408,5.533300,5.549517,5.541408,0.011467,0.989376
4000x3000.png,4000,3000,Grayscale,12,dynamic,1,omp,yes,unset,unset,hype2,12.2.0,-O3 -Wall -Wextra -std=c++17 -fopenmp -DOMP_EXPLICIT_SIMD=1,2,5.640108,5.611750,5.668466,5.640108,0.040104,1.002929
4000x3000.png,4000,3000,Grayscale,12,dynamic,16,off,yes,unset,unset,hype2,12.2.0,-O3 -Wall -Wextra -std=c++17 -fopenmp -DOMP_EXPLICIT_SIMD=0 -fno-tree-vectorize,2,5.526989,5.523243,5.530736,5.526989,0.005298,0.991957
4000x3000.png,4000,3000,Grayscale,12,dynamic,16,omp,yes,unset,unset,hype2,12.2.0,-O3 -Wall -Wextra -std=c++17 -fopenmp -DOMP_EXPLICIT_SIMD=1,2,5.651563,5.646103,5.657024,5.651563,0.007722,1.000896
4000x3000.png,4000,3000,Grayscale,12,static,,off,yes,unset,unset,hype2,12.2.0,-O3 -Wall -Wextra -std=c++17 -fopenmp -DOMP_EXPLICIT_SIMD=0 -fno-tree-vectorize,2,5.482538,5.469036,5.496040,5.482538,0.019095,1.000000
4000x3000.png,4000,3000,Grayscale,12,static,,omp,yes,unset,unset,hype2,12.2.0,-O3 -Wall -Wextra -std=c++17 -fopenmp -DOMP_EXPLICIT_SIMD=1,2,5.656626,5.629035,5.684217,5.656626,0.039020,1.000000
4000x3000.png,4000,3000,Grayscale,16,dynamic,1,off,yes,unset,unset,hype2,12.2.0,-O3 -Wall -Wextra -std=c++17 -fopenmp -DOMP_EXPLICIT_SIMD=0 -fno-tree-vectorize,2,4.467280,4.433147,4.501413,4.467280,0.048271,0.997894
4000x3000.png,4000,3000,Grayscale,16,dynamic,1,omp,yes,unset,unset,hype2,12.2.0,-O3 -Wall -Wextra -std=c++17 -fopenmp -DOMP_EXPLICIT_SIMD=1,2,4.623432,4.621174,4.625690,4.623432,0.003193,0.993809
4000x3000.png,4000,3000,Grayscale,16,dynamic,16,off,yes,unset,unset,hype2,12.2.0,-O3 -Wall -Wextra -std=c++17 -fopenmp -DOMP_EXPLICIT_SIMD=0 -fno-tree-vectorize,2,4.469976,4.386826,4.553126,4.469976,0.117592,0.997292
4000x3000.png,4000,3000,Grayscale,16,dynamic,16,omp,yes,unset,unset,hype2,12.2.0,-O3 -Wall -Wextra -std=c++17 -fopenmp -DOMP_EXPLICIT_SIMD=1,2,4.639275,4.618886,4.659664,4.639275,0.028834,0.990415
4000x3000.png,4000,3000,Grayscale,16,static,,off,yes,unset,unset,hype2,12.2.0,-O3 -Wall -Wextra -std=c++17 -fopenmp -DOMP_EXPLICIT_SIMD=0 -fno-tree-vectorize,2,4.457871,4.434049,4.481693,4.457871,0.033689,1.000000
4000x3000.png,4000,3000,Grayscale,16,static,,omp,yes,unset,unset,hype2,12.2.0,-O3 -Wall -Wextra -std=c++17 -fopenmp -DOMP_EXPLICIT_SIMD=1,2,4.594809,4.578588,4.611029,4.594809,0.022939,1.000000
4000x3000.png,4000,3000,Grayscale,2,dynamic,1,off,yes,unset,unset,hype2,12.2.0,-O3 -Wall -Wextra -std=c++17 -fopenmp -DOMP_EXPLICIT_SIMD=0 -fno-tree-vectorize,2,24.386496,24.358215,24.414776,24.386496,0.039995,1.004295
4000x3000.png,4000,3000,Grayscale,2,dynamic,1,omp,yes,unset,unset,hype2,12.2.0,-O3 -Wall -Wextra -std=c++17 -fopenmp -DOMP_EXPLICIT_SIMD=1,2,25.297270,25.195795,25.398745,25.297270,0.143507,1.008072
4000x3000.png,4000,3000,Grayscale,2,dynamic,16,off,yes,unset,unset,hype2,12.2.0,-O3 -Wall -Wextra -std=c++17 -fopenmp -DOMP_EXPLICIT_SIMD=0 -fno-tree-vectorize,2,24.045199,24.023881,24.066517,24.045199,0.030148,1.018550
4000x3000.png,4000,3000,Grayscale,2,dynamic,16,omp,yes,unset,unset,hype2,12.2.0,-O3 -Wall -Wextra -std=c++17 -fopenmp -DOMP_EXPLICIT_SIMD=1,2,24.878108,24.734548,25.021669,24.878108,0.203025,1.025056
4000x3000.png,4000,3000,Grayscale,2,static,,off,yes,unset,unset,hype2,12.2.0,-O3 -Wall -Wextra -std=c++17 -fopenmp -DOMP_EXPLICIT_SIMD=0 -fno-tree-vectorize,2,24.491236,24.483870,24.498601,24.491236,0.010416,1.000000
4000x3000.png,4000,3000,Grayscale,2,static,,omp,yes,unset,unset,hype2,12.2.0,-O3 -Wall -Wextra -std=c++17 -fopenmp -DOMP_EXPLICIT_SIMD=1,2,25.501461,25.348800,25.654121,25.501461,0.215895,1.000000
4000x3000.png,4000,3000,Grayscale,20,dynamic,1,off,yes,unset,unset,hype2,12.2.0,-O3 -Wall -Wextra -std=c++17 -fopenmp -DOMP_EXPLICIT_SIMD=0 -fno-tree-vectorize,2,3.937076,3.933373,3.940780,3.937076,0.005238,0.990657
4000x3000.png,4000,3000,Grayscale,20,dynamic,1,omp,yes,unset,unset,hype2,12.2.0,-O3 -Wall -Wextra -std=c++17 -fopenmp -DOMP_EXPLICIT_SIMD=1,2,4.044440,4.005528,4.083351,4.044440,0.055029,1.020261
4000x3000.png,4000,3000,Grayscale,20,dynamic,16,off,yes,unset,unset,hype2,12.2.0,-O3 -Wall -Wextra -std=c++17 -fopenmp -DOMP_EXPLICIT_SIMD=0 -fno-tree-vectorize,2,4.024939,4.023668,4.026210,4.024939,0.001797,0.969031
4000x3000.png,4000,3000,Grayscale,20,dynamic,16,omp,yes,unset,unset,hype2,12.2.0,-O3 -Wall -Wextra -std=c++17 -fopenmp -DOMP_EXPLICIT_SIMD=1,2,4.147459,4.105579,4.189339,4.147459,0.059227,0.994919
4000x3000.png,4000,3000,Grayscale,20,static,,off,yes,unset,unset,hype2,12.2.0,-O3 -Wall -Wextra -std=c++17 -fopenmp -DOMP_EXPLICIT_SIMD=0 -fno-tree-vectorize,2,3.900292,3.846640,3.953944,3.900292,0.075875,1.000000
4000x3000.png,4000,3000,Grayscale,20,static,,omp,yes,unset,unset,hype2,12.2.0,-O3 -Wall -Wextra -std=c++17 -fopenmp -DOMP_EXPLICIT_SIMD=1,2,4.126385,4.079839,4.172931,4.126385,0.065826,1.000000
4000x3000.png,4000,3000,Grayscale,4,dynamic,1,off,yes,unset,unset,hype2,12.2.0,-O3 -Wall -Wextra -std=c++17 -fopenmp -DOMP_EXPLICIT_SIMD=0 -fno-tree-vectorize,2,13.070722,12.916430,13.225014,13.070722,0.218202,0.977081
4000x3000.png,4000,3000,Grayscale,4,dynamic,1,omp,yes,unset,unset,hype2,12.2.0,-O3 -Wall -Wextra -std=c++17 -fopenmp -DOMP_EXPLICIT_SIMD=1,2,13.333222,13.105922,13.560522,13.333222,0.321451,0.995310
4000x3000.png,4000,3000,Grayscale,4,dynamic,16,off,yes,unset,unset,hype2,12.2.0,-O3 -Wall -Wextra -std=c++17 -fopenmp -DOMP_EXPLICIT_SIMD=0 -fno-tree-vectorize,2,12.608915,12.552938,12.664893,12.608915,0.079164,1.012867
4000x3000.png,4000,3000,Grayscale,4,dynamic,16,omp,yes,unset,unset,hype2,12.2.0,-O3 -Wall -Wextra -std=c++17 -fopenmp -DOMP_EXPLICIT_SIMD=1,2,13.190289,13.185352,13.195227,13.190289,0.006983,1.006095
4000x3000.png,4000,3000,Grayscale,4,static,,off,yes,unset,unset,hype2,12.2.0,-O3 -Wall -Wextra -std=c++17 -fopenmp -DOMP_EXPLICIT_SIMD=0 -fno-tree-vectorize,2,12.771148,12.765011,12.777285,12.771148,0.008679,1.000000
4000x3000.png,4000,3000,Grayscale,4,static,,omp,yes,unset,unset,hype2,12.2.0,-O3 -Wall -Wextra -std=c++17 -fopenmp -DOMP_EXPLICIT_SIMD=1,2,13.270689,13.219070,13.322307,13.270689,0.073000,1.000000
4000x3000.png,4000,3000,Grayscale,8,dynamic,1,off,yes,unset,unset,hype2,12.2.0,-O3 -Wall -Wextra -std=c++17 -fopenmp -DOMP_EXPLICIT_SIMD=0 -fno-tree-vectorize,2,7.460700,7.441949,7.479452,7.460700,0.026519,0.995873
4000x3000.png,4000,3000,Grayscale,8,dynamic,1,omp,yes,unset,unset,hype2,12.2.0,-O3 -Wall -Wextra -std=c++17 -fopenmp -DOMP_EXPLICIT_SIMD=1,2,7.697840,7.664717,7.730964,7.697840,0.046844,0.998346
4000x3000.png,4000,3000,Grayscale,8,dynamic,16,off,yes,unset,unset,hype2,12.2.0,-O3 -Wall -Wextra -std=c++17 -fopenmp -DOMP_EXPLICIT_SIMD=0 -fno-tree-vectorize,2,7.428927,7.400417,7.457436,7.428927,0.040319,1.000132
4000x3000.png,4000,3000,Grayscale,8,dynamic,16,omp,yes,unset,unset,hype2,12.2.0,-O3 -Wall -Wextra -std=c++17 -fopenmp -DOMP_EXPLICIT_SIMD=1,2,7.608882,7.567676,7.650089,7.608882,0.058275,1.010018
4000x3000.png,4000,3000,Grayscale,8,static,,off,yes,unset,unset,hype2,12.2.0,-O3 -Wall -Wextra -std=c++17 -fopenmp -DOMP_EXPLICIT_SIMD=0 -fno-tree-vectorize,2,7.429911,7.378523,7.481298,7.429911,0.072673,1.000000
4000x3000.png,4000,3000,Grayscale,8,static,,omp,yes,unset,unset,hype2,12.2.0,-O3 -Wall -Wextra -std=c++17 -fopenmp -DOMP_EXPLICIT_SIMD=1,2,7.685105,7.647013,7.723197,7.685105,0.053870,1.000000
4000x3000.png,4000,3000,Negative,1,dynamic,1,off,yes,unset,unset,hype2,12.2.0,-O3 -Wall -Wextra -std=c++17 -fopenmp -DOMP_EXPLICIT_SIMD=0 -fno-tree-vectorize,2,34.952176,34.928601,34.975751,34.952176,0.033340,1.003443
4000x3000.png,4000,3000,Negative,1,dynamic,1,omp,yes,unset,unset,hype2,12.2.0,-O3 -Wall -Wextra -std=c++17 -fopenmp -DOMP_EXPLICIT_SIMD=1,2,34.111429,33.911703,34.311154,34.111429,0.282455,0.997702
4000x3000.png,4000,3000,Negative,1,dynamic,16,off,yes,unset,unset,hype2,12.2.0,-O3 -Wall -Wextra -std=c++17 -fopenmp -DOMP_EXPLICIT_SIMD=0 -fno-tree-vectorize,2,34.943753,34.905857,34.981650,34.943753,0.053594,1.003685
4000x3000.png,4000,3000,Negative,1,dynamic,16,omp,yes,unset,unset,hype2,12.2.0,-O3 -Wall -Wextra -std=c++17 -fopenmp -DOMP_EXPLICIT_SIMD=1,2,33.855774,33.824967,33.886581,33.855774,0.043568,1.005236
4000x3000.png,4000,3000,Negative,1,static,,off,yes,unset,unset,hype2,12.2.0,-O3 -Wall -Wextra -std=c++17 -fopenmp -DOMP_EXPLICIT_SIMD=0 -fno-tree-vectorize,2,35.072509,34.905978,35.239041,35.072509,0.235511,1.000000
4000x3000.png,4000,3000,Negative,1,static,,omp,yes,unset,unset,hype2,12.2.0,-O3 -Wall -Wextra -std=c++17 -fopenmp -DOMP_EXPLICIT_SIMD=1,2,34.033034,33.881313,34.184756,34.033034,0.214567,1.000000
4000x3000.png,4000,3000,Negative,12,dynamic,1,off,yes,unset,unset,hype2,12.2.0,-O3 -Wall -Wextra -std=c++17 -fopenmp -DOMP_EXPLICIT_SIMD=0 -fno-tree-vectorize,2,3.823556,3.772068,3.875044,3.823556,0.072815,0.983047
4000x3000.png,4000,3000,Negative,12,dynamic,1,omp,yes,unset,unset,hype2,12.2.0,-O3 -Wall -Wextra -std=c++17 -fopenmp -DOMP_EXPLICIT_SIMD=1,2,3.716626,3.701411,3.731841,3.716626,0.021517,1.022180
4000x3000.png,4000,3000,Negative,12,dynamic,16,off,yes,unset,unset,hype2,12.2.0,-O3 -Wall -Wextra -std=c++17 -fopenmp -DOMP_EXPLICIT_SIMD=0 -fno-tree-vectorize,2,3.796553,3.687936,3.905170,3.796553,0.153608,0.990039
4000x3000.png,4000,3000,Negative,12,dynamic,16,omp,yes,unset,unset,hype2,12.2.0,-O3 -Wall -Wextra -std=c++17 -fopenmp -DOMP_EXPLICIT_SIMD=1,2,3.636280,3.618992,3.653569,3.636280,0.024450,1.044765
4000x3000.png,4000,3000,Negative,12,static,,off,yes,unset,unset,hype2,12.2.0,-O3 -Wall -Wextra -std=c++17 -fopenmp -DOMP_EXPLICIT_SIMD=0 -fno-tree-vectorize,2,3.758737,3.744059,3.773415,3.758737,0.020758,1.000000
4000x3000.png,4000,3000,Negative,12,static,,omp,yes,unset,unset,hype2,12.2.0,-O3 -Wall -Wextra -std=c++17 -fopenmp -DOMP_EXPLICIT_SIMD=1,2,3.799060,3.767837,3.830282,3.799060,0.044155,1.000000
4000x3000.png,4000,3000,Negative,16,dynamic,1,off,yes,unset,unset,hype2,12.2.0,-O3 -Wall -Wextra -std=c++17 -fopenmp -DOMP_EXPLICIT_SIMD=0 -fno-tree-vectorize,2,2.922974,2.899370,2.946579,2.922974,0.033382,1.037880
4000x3000.png,4000,3000,Negative,16,dynamic,1,omp,yes,unset,unset,hype2,12.2.0,-O3 -Wall -Wextra -std=c++17 -fopenmp -DOMP_EXPLICIT_SIMD=1,2,2.845136,2.820145,2.870127,2.845136,0.035343,1.002171
4000x3000.png,4000,3000,Negative,16,dynamic,16,off,yes,unset,unset,hype2,12.2.0,-O3 -Wall -Wextra -std=c++17 -fopenmp -DOMP_EXPLICIT_SIMD=0 -fno-tree-vectorize,2,2.927252,2.879865,2.974640,2.927252,0.067016,1.036364
4000x3000.png,4000,3000,Negative,16,dynamic,16,omp,yes,unset,unset,hype2,12.2.0,-O3 -Wall -Wextra -std=c++17 -fopenmp -DOMP_EXPLICIT_SIMD=1,2,2.922643,2.915088,2.930197,2.922643,0.010684,0.975594
4000x3000.png,4000,3000,Negative,16,static,,off,yes,unset,unset,hype2,12.2.0,-O3 -Wall -Wextra -std=c++17 -fopenmp -DOMP_EXPLICIT_SIMD=0 -fno-tree-vectorize,2,3.033697,2.979376,3.088019,3.033697,0.076822,1.000000
4000x3000.png,4000,3000,Negative,16,static,,omp,yes,unset,unset,hype2,12.2.0,-O3 -Wall -Wextra -std=c++17 -fopenmp -DOMP_EXPLICIT_SIMD=1,2,2.851313,2.824344,2.878282,2.851313,0.038140,1.000000
4000x3000.png,4000,3000,Negative,2,dynamic,1,off,yes,unset,unset,hype2,12.2.0,-O3 -Wall -Wextra -std=c++17 -fopenmp -DOMP_EXPLICIT_SIMD=0 -fno-tree-vectorize,2,18.541716,18.358807,18.724626,18.541716,0.258673,0.985679
4000x3000.png,4000,3000,Negative,2,dynamic,1,omp,yes,unset,unset,hype2,12.2.0,-O3 -Wall -Wextra -std=c++17 -fopenmp -DOMP_EXPLICIT_SIMD=1,2,17.877816,17.857892,17.897740,17.877816,0.028177,0.999233
4000x3000.png,4000,3000,Negative,2,dynamic,16,off,yes,unset,unset,hype2,12.2.0,-O3 -Wall -Wextra -std=c++17 -fopenmp -DOMP_EXPLICIT_SIMD=0 -fno-tree-vectorize,2,18.055052,18.025301,18.084803,18.055052,0.042074,1.012247
4000x3000.png,4000,3000,Negative,2,dynamic,16,omp,yes,unset,unset,hype2,12.2.0,-O3 -Wall -Wextra -std=c++17 -fopenmp -DOMP_EXPLICIT_SIMD=1,2,17.494566,17.401956,17.587176,17.494566,0.130970,1.021123
4000x3000.png,4000,3000,Negative,2,static,,off,yes,unset,unset,hype2,12.2.0,-O3 -Wall -Wextra -std=c++17 -fopenmp -DOMP_EXPLICIT_SIMD=0 -fno-tree-vectorize,2,18.276176,18.006020,18.546333,18.276176,0.382059,1.000000
4000x3000.png,4000,3000,Negative,2,static,,omp,yes,unset,unset,hype2,12.2.0,-O3 -Wall -Wextra -std=c++17 -fopenmp -DOMP_EXPLICIT_SIMD=1,2,17.864095,17.765454,17.962736,17.864095,0.139499,1.000000
4000x3000.png,4000,3000,Negative,20,dynamic,1,off,yes,unset,unset,hype2,12.2.0,-O3 -Wall -Wextra -std=c++17 -fopenmp -DOMP_EXPLICIT_SIMD=0 -fno-tree-vectorize,2,2.333476,2.301018,2.365934,2.333476,0.045903,1.030281
4000x3000.png,4000,3000,Negative,20,dynamic,1,omp,yes,unset,unset,hype2,12.2.0,-O3 -Wall -Wextra -std=c++17 -fopenmp -DOMP_EXPLICIT_SIMD=1,2,2.310018,2.303419,2.316618,2.310018,0.009333,1.012159
4000x3000.png,4000,3000,Negative,20,dynamic,16,off,yes,unset,unset,hype2,12.2.0,-O3 -Wall -Wextra -std=c++17 -fopenmp -DOMP_EXPLICIT_SIMD=0 -fno-tree-vectorize,2,2.408116,2.393102,2.423130,2.408116,0.021233,0.998347
4000x3000.png,4000,3000,Negative,20,dynamic,16,omp,yes,unset,unset,hype2,12.2.0,-O3 -Wall -Wextra -std=c++17 -fopenmp -DOMP_EXPLICIT_SIMD=1,2,2.346588,2.304649,2.388526,2.346588,0.059310,0.996385
4000x3000.png,4000,3000,Negative,20,static,,off,yes,unset,unset,hype2,12.2.0,-O3 -Wall -Wextra -std=c++17 -fopenmp -DOMP_EXPLICIT_SIMD=0 -fno-tree-vectorize,2,2.404136,2.333216,2.475056,2.404136,0.100296,1.000000
4000x3000.png,4000,3000,Negative,20,static,,omp,yes,unset,unset,hype2,12.2.0,-O3 -Wall -Wextra -std=c++17 -fopenmp -DOMP_EXPLICIT_SIMD=1,2,2.338106,2.324718,2.351494,2.338106,0.018933,1.000000
4000x3000.png,4000,3000,Negative,4,dynamic,1,off,yes,unset,unset,hype2,12.2.0,-O3 -Wall -Wextra -std=c++17 -fopenmp -DOMP_EXPLICIT_SIMD=0 -fno-tree-vectorize,2,9.720807,9.667909,9.773705,9.720807,0.074809,0.990989
4000x3000.png,4000,3000,Negative,4,dynamic,1,omp,yes,unset,unset,hype2,12.2.0,-O3 -Wall -Wextra -std=c++17 -fopenmp -DOMP_EXPLICIT_SIMD=1,2,9.403234,9.355417,9.451051,9.403234,0.067623,0.997700
4000x3000.png,4000,3000,Negative,4,dynamic,16,off,yes,unset,unset,hype2,12.2.0,-O3 -Wall -Wextra -std=c++17 -fopenmp -DOMP_EXPLICIT_SIMD=0 -fno-tree-vectorize,2,9.301467,9.286620,9.316314,9.301467,0.020997,1.035666
4000x3000.png,4000,3000,Negative,4,dynamic,16,omp,yes,unset,unset,hype2,12.2.0,-O3 -Wall -Wextra -std=c++17 -fopenmp -DOMP_EXPLICIT_SIMD=1,2,9.106151,9.055845,9.156458,9.106151,0.071144,1.030249
4000x3000.png,4000,3000,Negative,4,static,,off,yes,unset,unset,hype2,12.2.0,-O3 -Wall -Wextra -std=c++17 -fopenmp -DOMP_EXPLICIT_SIMD=0 -fno-tree-vectorize,2,9.633215,9.604781,9.661649,9.633215,0.040212,1.000000
4000x3000.png,4000,3000,Negative,4,static,,omp,yes,unset,unset,hype2,12.2.0,-O3 -Wall -Wextra -std=c++17 -fopenmp -DOMP_EXPLICIT_SIMD=1,2,9.381607,9.356456,9.406757,9.381607,0.035568,1.000000
4000x3000.png,4000,3000,Negative,8,dynamic,1,off,yes,unset,unset,hype2,12.2.0,-O3 -Wall -Wextra -std=c++17 -fopenmp -DOMP_EXPLICIT_SIMD=0 -fno-tree-vectorize,2,5.391040,5.385399,5.396681,5.391040,0.007978,1.003531
4000x3000.png,4000,3000,Negative,8,dynamic,1,omp,yes,unset,unset,hype2,12.2.0,-O3 -Wall -Wextra -std=c++17 -fopenmp -DOMP_EXPLICIT_SIMD=1,2,5.417867,5.274403,5.561332,5.417867,0.202889,0.978175
4000x3000.png,4000,3000,Negative,8,dynamic,16,off,yes,unset,unset,hype2,12.2.0,-O3 -Wall -Wextra -std=c++17 -fopenmp -DOMP_EXPLICIT_SIMD=0 -fno-tree-vectorize,2,5.283886,5.231967,5.335804,5.283886,0.073424,1.023882
4000x3000.png,4000,3000,Negative,8,dynamic,16,omp,yes,unset,unset,hype2,12.2.0,-O3 -Wall -Wextra -std=c++17 -fopenmp -DOMP_EXPLICIT_SIMD=1,2,5.250455,5.222835,5.278075,5.250455,0.039061,1.009364
4000x3000.png,4000,3000,Negative,8,static,,off,yes,unset,unset,hype2,12.2.0,-O3 -Wall -Wextra -std=c++17 -fopenmp -DOMP_EXPLICIT_SIMD=0 -fno-tree-vectorize,2,5.410077,5.386407,5.433746,5.410077,0.033474,1.000000
4000x3000.png,4000,3000,Negative,8,static,,omp,yes,unset,unset,hype2,12.2.0,-O3 -Wall -Wextra -std=c++17 -fopenmp -DOMP_EXPLICIT_SIMD=1,2,5.299622,5.284906,5.314337,5.299622,0.020811,1.000000
4000x3000.png,4000,3000,Quantize,1,dynamic,1,off,yes,unset,unset,hype2,12.2.0,-O3 -Wall -Wextra -std=c++17 -fopenmp -DOMP_EXPLICIT_SIMD=0 -fno-tree-vectorize,2,204.838140,204.811015,204.865265,204.838140,0.038361,1.004889
4000x3000.png,4000,3000,Quantize,1,dynamic,1,omp,yes,unset,unset,hype2,12.2.0,-O3 -Wall -Wextra -std=c++17 -fopenmp -DOMP_EXPLICIT_SIMD=1,2,207.402158,206.304200,208.500116,207.402158,1.552747,1.010002
4000x3000.png,4000,3000,Quantize,1,dynamic,16,off,yes,unset,unset,hype2,12.2.0,-O3 -Wall -Wextra -std=c++17 -fopenmp -DOMP_EXPLICIT_SIMD=0 -fno-tree-vectorize,2,207.049549,204.968931,209.130167,207.049549,2.942438,0.994156
4000x3000.png,4000,3000,Quantize,1,dynamic,16,omp,yes,unset,unset,hype2,12.2.0,-O3 -Wall -Wextra -std=c++17 -fopenmp -DOMP_EXPLICIT_SIMD=1,2,206.102013,206.091895,206.112131,206.102013,0.014309,1.016374
4000x3000.png,4000,3000,Quantize,1,static,,off,yes,unset,unset,hype2,12.2.0,-O3 -Wall -Wextra -std=c++17 -fopenmp -DOMP_EXPLICIT_SIMD=0 -fno-tree-vectorize,2,205.839615,205.696961,205.982270,205.839615,0.201744,1.000000
4000x3000.png,4000,3000,Quantize,1,static,,omp,yes,unset,unset,hype2,12.2.0,-O3 -Wall -Wextra -std=c++17 -fopenmp -DOMP_EXPLICIT_SIMD=1,2,209.476625,206.272235,212.681014,209.476625,4.531691,1.000000
4000x3000.png,4000,3000,Quantize,12,dynamic,1,off,yes,unset,unset,hype2,12.2.0,-O3 -Wall -Wextra -std=c++17 -fopenmp -DOMP_EXPLICIT_SIMD=0 -fno-tree-vectorize,2,20.607169,20.548491,20.665848,20.607169,0.082984,1.061421
4000x3000.png,4000,3000,Quantize,12,dynamic,1,omp,yes,unset,unset,hype2,12.2.0,-O3 -Wall -Wextra -std=c++17 -fopenmp -DOMP_EXPLICIT_SIMD=1,2,20.826102,20.746939,20.905265,20.826102,0.111953,0.977576
4000x3000.png,4000,3000,Quantize,12,dynamic,16,off,yes,unset,unset,hype2,12.2.0,-O3 -Wall -Wextra -std=c++17 -fopenmp -DOMP_EXPLICIT_SIMD=0 -fno-tree-vectorize,2,20.865931,20.814344,20.917519,20.865931,0.072956,1.048258
4000x3000.png,4000,3000,Quantize,12,dynamic,16,omp,yes,unset,unset,hype2,12.2.0,-O3 -Wall -Wextra -std=c++17 -fopenmp -DOMP_EXPLICIT_SIMD=1,2,20.907884,20.890078,20.925690,20.907884,0.025181,0.973752
4000x3000.png,4000,3000,Quantize,12,static,,off,yes,unset,unset,hype2,12.2.0,-O3 -Wall -Wextra -std=c++17 -fopenmp -DOMP_EXPLICIT_SIMD=0 -fno-tree-vectorize,2,21.872877,20.458494,23.287259,21.872877,2.000239,1.000000
4000x3000.png,4000,3000,Quantize,12,static,,omp,yes,unset,unset,hype2,12.2.0,-O3 -Wall -Wextra -std=c++17 -fopenmp -DOMP_EXPLICIT_SIMD=1,2,20.359095,20.195202,20.522989,20.359095,0.231780,1.000000
4000x3000.png,4000,3000,Quantize,16,dynamic,1,off,yes,unset,unset,hype2,12.2.0,-O3 -Wall -Wextra -std=c++17 -fopenmp -DOMP_EXPLICIT_SIMD=0 -fno-tree-vectorize,2,15.559727,15.558299,15.561155,15.559727,0.002019,1.008561
4000x3000.png,4000,3000,Quantize,16,dynamic,1,omp,yes,unset,unset,hype2,12.2.0,-O3 -Wall -Wextra -std=c++17 -fopenmp -DOMP_EXPLICIT_SIMD=1,2,15.782905,15.671778,15.894032,15.782905,0.157157,0.976753
4000x3000.png,4000,3000,Quantize,16,dynamic,16,off,yes,unset,unset,hype2,12.2.0,-O3 -Wall -Wextra -std=c++17 -fopenmp -DOMP_EXPLICIT_SIMD=0 -fno-tree-vectorize,2,15.741266,15.714768,15.767763,15.741266,0.037473,0.996929
4000x3000.png,4000,3000,Quantize,16,dynamic,16,omp,yes,unset,unset,hype2,12.2.0,-O3 -Wall -Wextra -std=c++17 -fopenmp -DOMP_EXPLICIT_SIMD=1,2,15.917548,15.797180,16.037916,15.917548,0.170226,0.968490
4000x3000.png,4000,3000,Quantize,16,static,,off,yes,unset,unset,hype2,12.2.0,-O3 -Wall -Wextra -std=c++17 -fopenmp -DOMP_EXPLICIT_SIMD=0 -fno-tree-vectorize,2,15.692932,15.183234,16.202630,15.692932,0.720822,1.000000
4000x3000.png,4000,3000,Quantize,16,static,,omp,yes,unset,unset,hype2,12.2.0,-O3 -Wall -Wextra -std=c++17 -fopenmp -DOMP_EXPLICIT_SIMD=1,2,15.415992,15.302576,15.529408,15.415992,0.160394,1.000000
4000x3000.png,4000,3000,Quantize,2,dynamic,1,off,yes,unset,unset,hype2,12.2.0,-O3 -Wall -Wextra -std=c++17 -fopenmp -DOMP_EXPLICIT_SIMD=0 -fno-tree-vectorize,2,105.413625,105.084518,105.742733,105.413625,0.465428,0.998357
4000x3000.png,4000,3000,Quantize,2,dynamic,1,omp,yes,unset,unset,hype2,12.2.0,-O3 -Wall -Wextra -std=c++17 -fopenmp -DOMP_EXPLICIT_SIMD=1,2,106.189183,105.980926,106.397440,106.189183,0.294520,0.989365
4000x3000.png,4000,3000,Quantize,2,dynamic,16,off,yes,unset,unset,hype2,12.2.0,-O3 -Wall -Wextra -std=c++17 -fopenmp -DOMP_EXPLICIT_SIMD=0 -fno-tree-vectorize,2,104.345069,104.274634,104.415505,104.345069,0.099611,1.008580
4000x3000.png,4000,3000,Quantize,2,dynamic,16,omp,yes,unset,unset,hype2,12.2.0,-O3 -Wall -Wextra -std=c++17 -fopenmp -DOMP_EXPLICIT_SIMD=1,2,105.424970,104.900138,105.949801,105.424970,0.742224,0.996537
4000x3000.png,4000,3000,Quantize,2,static,,off,yes,unset,unset,hype2,12.2.0,-O3 -Wall -Wextra -std=c++17 -fopenmp -DOMP_EXPLICIT_SIMD=0 -fno-tree-vectorize,2,105.240391,104.211948,106.268834,105.240391,1.454438,1.000000
4000x3000.png,4000,3000,Quantize,2,static,,omp,yes,unset,unset,hype2,12.2.0,-O3 -Wall -Wextra -std=c++17 -fopenmp -DOMP_EXPLICIT_SIMD=1,2,105.059837,104.323533,105.796141,105.059837,1.041291,1.000000
4000x3000.png,4000,3000,Quantize,20,dynamic,1,off,yes,unset,unset,hype2,12.2.0,-O3 -Wall -Wextra -std=c++17 -fopenmp -DOMP_EXPLICIT_SIMD=0 -fno-tree-vectorize,2,12.603755,12.564522,12.642988,12.603755,0.055484,0.969934
4000x3000.png,4000,3000,Quantize,20,dynamic,1,omp,yes,unset,unset,hype2,12.2.0,-O3 -Wall -Wextra -std=c++17 -fopenmp -DOMP_EXPLICIT_SIMD=1,2,12.715318,12.634902,12.795733,12.715318,0.113725,0.970418
4000x3000.png,4000,3000,Quantize,20,dynamic,16,off,yes,unset,unset,hype2,12.2.0,-O3 -Wall -Wextra -std=c++17 -fopenmp -DOMP_EXPLICIT_SIMD=0 -fno-tree-vectorize,2,13.043151,13.027530,13.058772,13.043151,0.022091,0.937259
4000x3000.png,4000,3000,Quantize,20,dynamic,16,omp,yes,unset,unset,hype2,12.2.0,-O3 -Wall -Wextra -std=c++17 -fopenmp -DOMP_EXPLICIT_SIMD=1,2,13.131303,13.080146,13.182459,13.131303,0.072346,0.939676
4000x3000.png,4000,3000,Quantize,20,static,,off,yes,unset,unset,hype2,12.2.0,-O3 -Wall -Wextra -std=c++17 -fopenmp -DOMP_EXPLICIT_SIMD=0 -fno-tree-vectorize,2,12.224806,12.213521,12.236091,12.224806,0.015959,1.000000
4000x3000.png,4000,3000,Quantize,20,static,,omp,yes,unset,unset,hype2,12.2.0,-O3 -Wall -Wextra -std=c++17 -fopenmp -DOMP_EXPLICIT_SIMD=1,2,12.339175,12.238727,12.439622,12.339175,0.142054,1.000000
4000x3000.png,4000,3000,Quantize,4,dynamic,1,off,yes,unset,unset,hype2,12.2.0,-O3 -Wall -Wextra -std=c++17 -fopenmp -DOMP_EXPLICIT_SIMD=0 -fno-tree-vectorize,2,55.491928,53.813509,57.170347,55.491928,2.373643,0.948694
4000x3000.png,4000,3000,Quantize,4,dynamic,1,omp,yes,unset,unset,hype2,12.2.0,-O3 -Wall -Wextra -std=c++17 -fopenmp -DOMP_EXPLICIT_SIMD=1,2,54.279474,54.216944,54.342005,54.279474,0.088431,0.977522
4000x3000.png,4000,3000,Quantize,4,dynamic,16,off,yes,unset,unset,hype2,12.2.0,-O3 -Wall -Wextra -std=c++17 -fopenmp -DOMP_EXPLICIT_SIMD=0 -fno-tree-vectorize,2,52.957316,52.813863,53.100770,52.957316,0.202874,0.994099
4000x3000.png,4000,3000,Quantize,4,dynamic,16,omp,yes,unset,unset,hype2,12.2.0,-O3 -Wall -Wextra -std=c++17 -fopenmp -DOMP_EXPLICIT_SIMD=1,2,53.782502,53.667058,53.897946,53.782502,0.163262,0.986554
4000x3000.png,4000,3000,Quantize,4,static,,off,yes,unset,unset,hype2,12.2.0,-O3 -Wall -Wextra -std=c++17 -fopenmp -DOMP_EXPLICIT_SIMD=0 -fno-tree-vectorize,2,52.644838,52.611638,52.678038,52.644838,0.046952,1.000000
4000x3000.png,4000,3000,Quantize,4,static,,omp,yes,unset,unset,hype2,12.2.0,-O3 -Wall -Wextra -std=c++17 -fopenmp -DOMP_EXPLICIT_SIMD=1,2,53.059364,52.888075,53.230652,53.059364,0.242239,1.000000
4000x3000.png,4000,3000,Quantize,8,dynamic,1,off,yes,unset,unset,hype2,12.2.0,-O3 -Wall -Wextra -std=c++17 -fopenmp -DOMP_EXPLICIT_SIMD=0 -fno-tree-vectorize,2,29.784157,29.694562,29.873752,29.784157,0.126706,0.996440
4000x3000.png,4000,3000,Quantize,8,dynamic,1,omp,yes,unset,unset,hype2,12.2.0,-O3 -Wall -Wextra -std=c++17 -fopenmp -DOMP_EXPLICIT_SIMD=1,2,29.963812,29.920503,30.007122,29.963812,0.061249,0.988316
4000x3000.png,4000,3000,Quantize,8,dynamic,16,off,yes,unset,unset,hype2,12.2.0,-O3 -Wall -Wextra -std=c++17 -fopenmp -DOMP_EXPLICIT_SIMD=0 -fno-tree-vectorize,2,30.230683,30.023574,30.437792,30.230683,0.292896,0.981722
4000x3000.png,4000,3000,Quantize,8,dynamic,16,omp,yes,unset,unset,hype2,12.2.0,-O3 -Wall -Wextra -std=c++17 -fopenmp -DOMP_EXPLICIT_SIMD=1,2,30.360378,30.357509,30.363247,30.360378,0.004057,0.975406
4000x3000.png,4000,3000,Quantize,8,static,,off,yes,unset,unset,hype2,12.2.0,-O3 -Wall -Wextra -std=c++17 -fopenmp -DOMP_EXPLICIT_SIMD=0 -fno-tree-vectorize,2,29.678137,29.364572,29.991703,29.678137,0.443449,1.000000
4000x3000.png,4000,3000,Quantize,8,static,,omp,yes,unset,unset,hype2,12.2.0,-O3 -Wall -Wextra -std=c++17 -fopenmp -DOMP_EXPLICIT_SIMD=1,2,29.613708,29.602658,29.624757,29.613708,0.015626,1.000000
4000x3000.png,4000,3000,Rotate_CCW,1,dynamic,1,off,no,unset,unset,hype2,12.2.0,-O3 -Wall -Wextra -std=c++17 -fopenmp -DOMP_EXPLICIT_SIMD=0 -fno-tree-vectorize,2,80.840333,80.241231,81.439434,80.840333,0.847257,0.987762
4000x3000.png,4000,3000,Rotate_CCW,1,dynamic,1,omp,no,unset,unset,hype2,12.2.0,-O3 -Wall -Wextra -std=c++17 -fopenmp -DOMP_EXPLICIT_SIMD=1,2,80.128821,79.657058,80.600583,80.128821,0.667173,1.004317
4000x3000.png,4000,3000,Rotate_CCW,1,dynamic,16,off,no,unset,unset,hype2,12.2.0,-O3 -Wall -Wextra -std=c++17 -fopenmp -DOMP_EXPLICIT_SIMD=0 -fno-tree-vectorize,2,80.136917,79.572202,80.701632,80.136917,0.798628,0.996432
4000x3000.png,4000,3000,Rotate_CCW,1,dynamic,16,omp,no,unset,unset,hype2,12.2.0,-O3 -Wall -Wextra -std=c++17 -fopenmp -DOMP_EXPLICIT_SIMD=1,2,80.619104,80.007853,81.230355,80.619104,0.864439,0.998210
4000x3000.png,4000,3000,Rotate_CCW,1,static,,off,no,unset,unset,hype2,12.2.0,-O3 -Wall -Wextra -std=c++17 -fopenmp -DOMP_EXPLICIT_SIMD=0 -fno-tree-vectorize,2,79.850989,79.320366,80.381613,79.850989,0.750415,1.000000
4000x3000.png,4000,3000,Rotate_CCW,1,static,,omp,no,unset,unset,hype2,12.2.0,-O3 -Wall -Wextra -std=c++17 -fopenmp -DOMP_EXPLICIT_SIMD=1,2,80.474772,80.140249,80.809295,80.474772,0.473087,1.000000
4000x3000.png,4000,3000,Rotate_CCW,12,dynamic,1,off,no,unset,unset,hype2,12.2.0,-O3 -Wall -Wextra -std=c++17 -fopenmp -DOMP_EXPLICIT_SIMD=0 -fno-tree-vectorize,2,31.076307,29.629002,32.523613,31.076307,2.046799,0.560530
4000x3000.png,4000,3000,Rotate_CCW,12,dynamic,1,omp,no,unset,unset,hype2,12.2.0,-O3 -Wall -Wextra -std=c++17 -fopenmp -DOMP_EXPLICIT_SIMD=1,2,31.090775,31.038077,31.143472,31.090775,0.074526,0.573203
4000x3000.png,4000,3000,Rotate_CCW,12,dynamic,16,off,no,unset,unset,hype2,12.2.0,-O3 -Wall -Wextra -std=c++17 -fopenmp -DOMP_EXPLICIT_SIMD=0 -fno-tree-vectorize,2,18.883786,18.525204,19.242367,18.883786,0.507111,0.922443
4000x3000.png,4000,3000,Rotate_CCW,12,dynamic,16,omp,no,unset,unset,hype2,12.2.0,-O3 -Wall -Wextra -std=c++17 -fopenmp -DOMP_EXPLICIT_SIMD=1,2,18.650597,17.842279,19.458916,18.650597,1.143135,0.955536
4000x3000.png,4000,3000,Rotate_CCW,12,static,,off,no,unset,unset,hype2,12.2.0,-O3 -Wall -Wextra -std=c++17 -fopenmp -DOMP_EXPLICIT_SIMD=0 -fno-tree-vectorize,2,17.419217,15.007740,19.830694,17.419217,3.410343,1.000000
4000x3000.png,4000,3000,Rotate_CCW,12,static,,omp,no,unset,unset,hype2,12.2.0,-O3 -Wall -Wextra -std=c++17 -fopenmp -DOMP_EXPLICIT_SIMD=1,2,17.821314,17.605758,18.036869,17.821314,0.304842,1.000000
4000x3000.png,4000,3000,Rotate_CCW,16,dynamic,1,off,no,unset,unset,hype2,12.2.0,-O3 -Wall -Wextra -std=c++17 -fopenmp -DOMP_EXPLICIT_SIMD=0 -fno-tree-vectorize,2,27.629503,26.304615,28.954392,27.629503,1.873675,0.593888
4000x3000.png,4000,3000,Rotate_CCW,16,dynamic,1,omp,no,unset,unset,hype2,12.2.0,-O3 -Wall -Wextra -std=c++17 -fopenmp -DOMP_EXPLICIT_SIMD=1,2,26.130327,25.667483,26.593172,26.130327,0.654561,0.611187
4000x3000.png,4000,3000,Rotate_CCW,16,dynamic,16,off,no,unset,unset,hype2,12.2.0,-O3 -Wall -Wextra -std=c++17 -fopenmp -DOMP_EXPLICIT_SIMD=0 -fno-tree-vectorize,2,16.615751,14.887810,18.343692,16.615751,2.443678,0.987546
4000x3000.png,4000,3000,Rotate_CCW,16,dynamic,16,omp,no,unset,unset,hype2,12.2.0,-O3 -Wall -Wextra -std=c++17 -fopenmp -DOMP_EXPLICIT_SIMD=1,2,16.290373,15.250375,17.330371,16.290373,1.470779,0.980365
4000x3000.png,4000,3000,Rotate_CCW,16,static,,off,no,unset,unset,hype2,12.2.0,-O3 -Wall -Wextra -std=c++17 -fopenmp -DOMP_EXPLICIT_SIMD=0 -fno-tree-vectorize,2,16.408818,14.961612,17.856024,16.408818,2.046658,1.000000
4000x3000.png,4000,3000,Rotate_CCW,16,static,,omp,no,unset,unset,hype2,12.2.0,-O3 -Wall -Wextra -std=c++17 -fopenmp -DOMP_EXPLICIT_SIMD=1,2,15.970514,13.998090,17.942938,15.970514,2.789429,1.000000
4000x3000.png,4000,3000,Rotate_CCW,2,dynamic,1,off,no,unset,unset,hype2,12.2.0,-O3 -Wall -Wextra -std=c++17 -fopenmp -DOMP_EXPLICIT_SIMD=0 -fno-tree-vectorize,2,58.887085,56.310428,61.463741,58.887085,3.643943,0.854768
4000x3000.png,4000,3000,Rotate_CCW,2,dynamic,1,omp,no,unset,unset,hype2,12.2.0,-O3 -Wall -Wextra -std=c++17 -fopenmp -DOMP_EXPLICIT_SIMD=1,2,64.455082,63.527699,65.382465,64.455082,1.311518,0.734779
4000x3000.png,4000,3000,Rotate_CCW,2,dynamic,16,off,no,unset,unset,hype2,12.2.0,-O3 -Wall -Wextra -std=c++17 -fopenmp -DOMP_EXPLICIT_SIMD=0 -fno-tree-vectorize,2,49.599664,48.113464,51.085864,49.599664,2.101804,1.014822
4000x3000.png,4000,3000,Rotate_CCW,2,dynamic,16,omp,no,unset,unset,hype2,12.2.0,-O3 -Wall -Wextra -std=c++17 -fopenmp -DOMP_EXPLICIT_SIMD=1,2,51.757087,51.262861,52.251314,51.757087,0.698942,0.915048
4000x3000.png,4000,3000,Rotate_CCW,2,static,,off,no,unset,unset,hype2,12.2.0,-O3 -Wall -Wextra -std=c++17 -fopenmp -DOMP_EXPLICIT_SIMD=0 -fno-tree-vectorize,2,50.334812,43.123657,57.545968,50.334812,10.198114,1.000000
4000x3000.png,4000,3000,Rotate_CCW,2,static,,omp,no,unset,unset,hype2,12.2.0,-O3 -Wall -Wextra -std=c++17 -fopenmp -DOMP_EXPLICIT_SIMD=1,2,47.360236,43.390612,51.329859,47.360236,5.613895,1.000000
4000x3000.png,4000,3000,Rotate_CCW,20,dynamic,1,off,no,unset,unset,hype2,12.2.0,-O3 -Wall -Wextra -std=c++17 -fopenmp -DOMP_EXPLICIT_SIMD=0 -fno-tree-vectorize,2,27.259501,27.029527,27.489474,27.259501,0.325232,0.543565
4000x3000.png,4000,3000,Rotate_CCW,20,dynamic,1,omp,no,unset,unset,hype2,12.2.0,-O3 -Wall -Wextra -std=c++17 -fopenmp -DOMP_EXPLICIT_SIMD=1,2,24.914115,23.400965,26.427264,24.914115,2.139917,0.588875
4000x3000.png,4000,3000,Rotate_CCW,20,dynamic,16,off,no,unset,unset,hype2,12.2.0,-O3 -Wall -Wextra -std=c++17 -fopenmp -DOMP_EXPLICIT_SIMD=0 -fno-tree-vectorize,2,14.029411,13.983207,14.075615,14.029411,0.065342,1.056161
4000x3000.png,4000,3000,Rotate_CCW,20,dynamic,16,omp,no,unset,unset,hype2,12.2.0,-O3 -Wall -Wextra -std=c++17 -fopenmp -DOMP_EXPLICIT_SIMD=1,2,13.521429,13.433935,13.608923,13.521429,0.123735,1.085041
4000x3000.png,4000,3000,Rotate_CCW,20,static,,off,no,unset,unset,hype2,12.2.0,-O3 -Wall -Wextra -std=c++17 -fopenmp -DOMP_EXPLICIT_SIMD=0 -fno-tree-vectorize,2,14.817324,12.346996,17.287651,14.817324,3.493571,1.000000
4000x3000.png,4000,3000,Rotate_CCW,20,static,,omp,no,unset,unset,hype2,12.2.0,-O3 -Wall -Wextra -std=c++17 -fopenmp -DOMP_EXPLICIT_SIMD=1,2,14.671303,13.757033,15.585573,14.671303,1.292973,1.000000
4000x3000.png,4000,3000,Rotate_CCW,4,dynamic,1,off,no,unset,unset,hype2,12.2.0,-O3 -Wall -Wextra -std=c++17 -fopenmp -DOMP_EXPLICIT_SIMD=0 -fno-tree-vectorize,2,60.473703,59.206221,61.741184,60.473703,1.792490,0.644651
4000x3000.png,4000,3000,Rotate_CCW,4,dynamic,1,omp,no,unset,unset,hype2,12.2.0,-O3 -Wall -Wextra -std=c++17 -fopenmp -DOMP_EXPLICIT_SIMD=1,2,58.236567,57.947867,58.525267,58.236567,0.408283,0.627246
4000x3000.png,4000,3000,Rotate_CCW,4,dynamic,16,off,no,unset,unset,hype2,12.2.0,-O3 -Wall -Wextra -std=c++17 -fopenmp -DOMP_EXPLICIT_SIMD=0 -fno-tree-vectorize,2,45.773705,45.449707,46.097703,45.773705,0.458202,0.851677
4000x3000.png,4000,3000,Rotate_CCW,4,dynamic,16,omp,no,unset,unset,hype2,12.2.0,-O3 -Wall -Wextra -std=c++17 -fopenmp -DOMP_EXPLICIT_SIMD=1,2,44.553495,44.065876,45.041115,44.553495,0.689598,0.819883
4000x3000.png,4000,3000,Rotate_CCW,4,static,,off,no,unset,unset,hype2,12.2.0,-O3 -Wall -Wextra -std=c++17 -fopenmp -DOMP_EXPLICIT_SIMD=0 -fno-tree-vectorize,2,38.984403,36.790349,41.178458,38.984403,3.102862,1.000000
4000x3000.png,4000,3000,Rotate_CCW,4,static,,omp,no,unset,unset,hype2,12.2.0,-O3 -Wall -Wextra -std=c++17 -fopenmp -DOMP_EXPLICIT_SIMD=1,2,36.528633,31.293314,41.763952,36.528633,7.403859,1.000000
4000x3000.png,4000,3000,Rotate_CCW,8,dynamic,1,off,no,unset,unset,hype2,12.2.0,-O3 -Wall -Wextra -std=c++17 -fopenmp -DOMP_EXPLICIT_SIMD=0 -fno-tree-vectorize,2,40.089325,40.073936,40.104714,40.089325,0.021763,0.617931
4000x3000.png,4000,3000,Rotate_CCW,8,dynamic,1,omp,no,unset,unset,hype2,12.2.0,-O3 -Wall -Wextra -std=c++17 -fopenmp -DOMP_EXPLICIT_SIMD=1,2,40.217111,39.592472,40.841749,40.217111,0.883372,0.605072
4000x3000.png,4000,3000,Rotate_CCW,8,dynamic,16,off,no,unset,unset,hype2,12.2.0,-O3 -Wall -Wextra -std=c++17 -fopenmp -DOMP_EXPLICIT_SIMD=0 -fno-tree-vectorize,2,24.996720,24.943443,25.049997,24.996720,0.075345,0.991027
4000x3000.png,4000,3000,Rotate_CCW,8,dynamic,16,omp,no,unset,unset,hype2,12.2.0,-O3 -Wall -Wextra -std=c++17 -fopenmp -DOMP_EXPLICIT_SIMD=1,2,23.959425,22.579058,25.339792,23.959425,1.952134,1.015645
4000x3000.png,4000,3000,Rotate_CCW,8,static,,off,no,unset,unset,hype2,12.2.0,-O3 -Wall -Wextra -std=c++17 -fopenmp -DOMP_EXPLICIT_SIMD=0 -fno-tree-vectorize,2,24.772422,24.293430,25.251414,24.772422,0.677397,1.000000
4000x3000.png,4000,3000,Rotate_CCW,8,static,,omp,no,unset,unset,hype2,12.2.0,-O3 -Wall -Wextra -std=c++17 -fopenmp -DOMP_EXPLICIT_SIMD=1,2,24.334260,23.827728,24.840793,24.334260,0.716345,1.000000
4000x3000.png,4000,3000,Rotate_CW,1,dynamic,1,off,no,unset,unset,hype2,12.2.0,-O3 -Wall -Wextra -std=c++17 -fopenmp -DOMP_EXPLICIT_SIMD=0 -fno-tree-vectorize,2,81.988354,80.525982,83.450725,81.988354,2.068106,0.975783
4000x3000.png,4000,3000,Rotate_CW,1,dynamic,1,omp,no,unset,unset,hype2,12.2.0,-O3 -Wall -Wextra -std=c++17 -fopenmp -DOMP_EXPLICIT_SIMD=1,2,80.768935,80.495356,81.042515,80.768935,0.386900,0.999204
4000x3000.png,4000,3000,Rotate_CW,1,dynamic,16,off,no,unset,unset,hype2,12.2.0,-O3 -Wall -Wextra -std=c++17 -fopenmp -DOMP_EXPLICIT_SIMD=0 -fno-tree-vectorize,2,79.386608,78.117541,80.655676,79.386608,1.794732,1.007762
4000x3000.png,4000,3000,Rotate_CW,1,dynamic,16,omp,no,unset,unset,hype2,12.2.0,-O3 -Wall -Wextra -std=c++17 -fopenmp -DOMP_EXPLICIT_SIMD=1,2,80.769622,80.043797,81.495447,80.769622,1.026472,0.999196
4000x3000.png,4000,3000,Rotate_CW,1,static,,off,no,unset,unset,hype2,12.2.0,-O3 -Wall -Wextra -std=c++17 -fopenmp -DOMP_EXPLICIT_SIMD=0 -fno-tree-vectorize,2,80.002808,79.680549,80.325067,80.002808,0.455743,1.000000
4000x3000.png,4000,3000,Rotate_CW,1,static,,omp,no,unset,unset,hype2,12.2.0,-O3 -Wall -Wextra -std=c++17 -fopenmp -DOMP_EXPLICIT_SIMD=1,2,80.704670,80.397027,81.012313,80.704670,0.435073,1.000000
4000x3000.png,4000,3000,Rotate_CW,12,dynamic,1,off,no,unset,unset,hype2,12.2.0,-O3 -Wall -Wextra -std=c++17 -fopenmp -DOMP_EXPLICIT_SIMD=0 -fno-tree-vectorize,2,30.322876,28.908294,31.737457,30.322876,2.000520,0.617778
4000x3000.png,4000,3000,Rotate_CW,12,dynamic,1,omp,no,unset,unset,hype2,12.2.0,-O3 -Wall -Wextra -std=c++17 -fopenmp -DOMP_EXPLICIT_SIMD=1,2,30.896891,30.418525,31.375258,30.896891,0.676512,0.565308
4000x3000.png,4000,3000,Rotate_CW,12,dynamic,16,off,no,unset,unset,hype2,12.2.0,-O3 -Wall -Wextra -std=c++17 -fopenmp -DOMP_EXPLICIT_SIMD=0 -fno-tree-vectorize,2,18.930862,18.627818,19.233906,18.930862,0.428569,0.989538
4000x3000.png,4000,3000,Rotate_CW,12,dynamic,16,omp,no,unset,unset,hype2,12.2.0,-O3 -Wall -Wextra -std=c++17 -fopenmp -DOMP_EXPLICIT_SIMD=1,2,18.708903,18.687552,18.730253,18.708903,0.030194,0.933580
4000x3000.png,4000,3000,Rotate_CW,12,static,,off,no,unset,unset,hype2,12.2.0,-O3 -Wall -Wextra -std=c++17 -fopenmp -DOMP_EXPLICIT_SIMD=0 -fno-tree-vectorize,2,18.732802,17.646561,19.819044,18.732802,1.536177,1.000000
4000x3000.png,4000,3000,Rotate_CW,12,static,,omp,no,unset,unset,hype2,12.2.0,-O3 -Wall -Wextra -std=c++17 -fopenmp -DOMP_EXPLICIT_SIMD=1,2,17.466261,17.243762,17.688760,17.466261,0.314661,1.000000
4000x3000.png,4000,3000,Rotate_CW,16,dynamic,1,off,no,unset,unset,hype2,12.2.0,-O3 -Wall -Wextra -std=c++17 -fopenmp -DOMP_EXPLICIT_SIMD=0 -fno-tree-vectorize,2,27.333913,25.977248,28.690578,27.333913,1.918614,0.603133
4000x3000.png,4000,3000,Rotate_CW,16,dynamic,1,omp,no,unset,unset,hype2,12.2.0,-O3 -Wall -Wextra -std=c++17 -fopenmp -DOMP_EXPLICIT_SIMD=1,2,25.635827,25.234551,26.037102,25.635827,0.567489,0.616983
4000x3000.png,4000,3000,Rotate_CW,16,dynamic,16,off,no,unset,unset,hype2,12.2.0,-O3 -Wall -Wextra -std=c++17 -fopenmp -DOMP_EXPLICIT_SIMD=0 -fno-tree-vectorize,2,16.896710,15.107554,18.685865,16.896710,2.530248,0.975692
4000x3000.png,4000,3000,Rotate_CW,16,dynamic,16,omp,no,unset,unset,hype2,12.2.0,-O3 -Wall -Wextra -std=c++17 -fopenmp -DOMP_EXPLICIT_SIMD=1,2,16.875235,15.551456,18.199015,16.875235,1.872107,0.937282
4000x3000.png,4000,3000,Rotate_CW,16,static,,off,no,unset,unset,hype2,12.2.0,-O3 -Wall -Wextra -std=c++17 -fopenmp -DOMP_EXPLICIT_SIMD=0 -fno-tree-vectorize,2,16.485976,14.705085,18.266868,16.485976,2.518561,1.000000
4000x3000.png,4000,3000,Rotate_CW,16,static,,omp,no,unset,unset,hype2,12.2.0,-O3 -Wall -Wextra -std=c++17 -fopenmp -DOMP_EXPLICIT_SIMD=1,2,15.816858,13.564026,18.069689,15.816858,3.185985,1.000000
4000x3000.png,4000,3000,Rotate_CW,2,dynamic,1,off,no,unset,unset,hype2,12.2.0,-O3 -Wall -Wextra -std=c++17 -fopenmp -DOMP_EXPLICIT_SIMD=0 -fno-tree-vectorize,2,59.105517,54.999039,63.211994,59.105517,5.807436,0.830352
4000x3000.png,4000,3000,Rotate_CW,2,dynamic,1,omp,no,unset,unset,hype2,12.2.0,-O3 -Wall -Wextra -std=c++17 -fopenmp -DOMP_EXPLICIT_SIMD=1,2,64.061607,63.403969,64.719245,64.061607,0.930041,0.691524
4000x3000.png,4000,3000,Rotate_CW,2,dynamic,16,off,no,unset,unset,hype2,12.2.0,-O3 -Wall -Wextra -std=c++17 -fopenmp -DOMP_EXPLICIT_SIMD=0 -fno-tree-vectorize,2,52.007349,51.164731,52.849967,52.007349,1.191642,0.943681
4000x3000.png,4000,3000,Rotate_CW,2,dynamic,16,omp,no,unset,unset,hype2,12.2.0,-O3 -Wall -Wextra -std=c++17 -fopenmp -DOMP_EXPLICIT_SIMD=1,2,51.983373,51.392983,52.573764,51.983373,0.834938,0.852198
4000x3000.png,4000,3000,Rotate_CW,2,static,,off,no,unset,unset,hype2,12.2.0,-O3 -Wall -Wextra -std=c++17 -fopenmp -DOMP_EXPLICIT_SIMD=0 -fno-tree-vectorize,2,49.078372,42.866912,55.289831,49.078372,8.784330,1.000000
4000x3000.png,4000,3000,Rotate_CW,2,static,,omp,no,unset,unset,hype2,12.2.0,-O3 -Wall -Wextra -std=c++17 -fopenmp -DOMP_EXPLICIT_SIMD=1,2,44.300139,43.090038,45.510240,44.300139,1.711341,1.000000
4000x3000.png,4000,3000,Rotate_CW,20,dynamic,1,off,no,unset,unset,hype2,12.2.0,-O3 -Wall -Wextra -std=c++17 -fopenmp -DOMP_EXPLICIT_SIMD=0 -fno-tree-vectorize,2,26.456367,26.027400,26.885334,26.456367,0.606651,0.573477
4000x3000.png,4000,3000,Rotate_CW,20,dynamic,1,omp,no,unset,unset,hype2,12.2.0,-O3 -Wall -Wextra -std=c++17 -fopenmp -DOMP_EXPLICIT_SIMD=1,2,25.110549,23.113882,27.107216,25.110549,2.823714,0.613302
4000x3000.png,4000,3000,Rotate_CW,20,dynamic,16,off,no,unset,unset,hype2,12.2.0,-O3 -Wall -Wextra -std=c++17 -fopenmp -DOMP_EXPLICIT_SIMD=0 -fno-tree-vectorize,2,14.330638,14.302575,14.358701,14.330638,0.039687,1.058719
4000x3000.png,4000,3000,Rotate_CW,20,dynamic,16,omp,no,unset,unset,hype2,12.2.0,-O3 -Wall -Wextra -std=c++17 -fopenmp -DOMP_EXPLICIT_SIMD=1,2,14.017019,13.997040,14.036998,14.017019,0.028255,1.098689
4000x3000.png,4000,3000,Rotate_CW,20,static,,off,no,unset,unset,hype2,12.2.0,-O3 -Wall -Wextra -std=c++17 -fopenmp -DOMP_EXPLICIT_SIMD=0 -fno-tree-vectorize,2,15.172123,13.374682,16.969565,15.172123,2.541966,1.000000
4000x3000.png,4000,3000,Rotate_CW,20,static,,omp,no,unset,unset,hype2,12.2.0,-O3 -Wall -Wextra -std=c++17 -fopenmp -DOMP_EXPLICIT_SIMD=1,2,15.400344,13.285780,17.514909,15.400344,2.990446,1.000000
4000x3000.png,4000,3000,Rotate_CW,4,dynamic,1,off,no,unset,unset,hype2,12.2.0,-O3 -Wall -Wextra -std=c++17 -fopenmp -DOMP_EXPLICIT_SIMD=0 -fno-tree-vectorize,2,67.691876,67.080888,68.302863,67.691876,0.864067,0.574009
4000x3000.png,4000,3000,Rotate_CW,4,dynamic,1,omp,no,unset,unset,hype2,12.2.0,-O3 -Wall -Wextra -std=c++17 -fopenmp -DOMP_EXPLICIT_SIMD=1,2,63.690196,62.297204,65.083189,63.690196,1.969989,0.605416
4000x3000.png,4000,3000,Rotate_CW,4,dynamic,16,off,no,unset,unset,hype2,12.2.0,-O3 -Wall -Wextra -std=c++17 -fopenmp -DOMP_EXPLICIT_SIMD=0 -fno-tree-vectorize,2,48.677384,48.453560,48.901207,48.677384,0.316534,0.798230
4000x3000.png,4000,3000,Rotate_CW,4,dynamic,16,omp,no,unset,unset,hype2,12.2.0,-O3 -Wall -Wextra -std=c++17 -fopenmp -DOMP_EXPLICIT_SIMD=1,2,47.741814,46.898332,48.585296,47.741814,1.192864,0.807658
4000x3000.png,4000,3000,Rotate_CW,4,static,,off,no,unset,unset,hype2,12.2.0,-O3 -Wall -Wextra -std=c++17 -fopenmp -DOMP_EXPLICIT_SIMD=0 -fno-tree-vectorize,2,38.855739,37.096733,40.614745,38.855739,2.487610,1.000000
4000x3000.png,4000,3000,Rotate_CW,4,static,,omp,no,unset,unset,hype2,12.2.0,-O3 -Wall -Wextra -std=c++17 -fopenmp -DOMP_EXPLICIT_SIMD=1,2,38.559078,35.502230,41.615927,38.559078,4.323037,1.000000
4000x3000.png,4000,3000,Rotate_CW,8,dynamic,1,off,no,unset,unset,hype2,12.2.0,-O3 -Wall -Wextra -std=c++17 -fopenmp -DOMP_EXPLICIT_SIMD=0 -fno-tree-vectorize,2,39.363028,39.318889,39.407168,39.363028,0.062423,0.566414
4000x3000.png,4000,3000,Rotate_CW,8,dynamic,1,omp,no,unset,unset,hype2,12.2.0,-O3 -Wall -Wextra -std=c++17 -fopenmp -DOMP_EXPLICIT_SIMD=1,2,40.218554,40.090886,40.346223,40.218554,0.180551,0.606664
4000x3000.png,4000,3000,Rotate_CW,8,dynamic,16,off,no,unset,unset,hype2,12.2.0,-O3 -Wall -Wextra -std=c++17 -fopenmp -DOMP_EXPLICIT_SIMD=0 -fno-tree-vectorize,2,25.911573,25.330653,26.492493,25.911573,0.821545,0.860455
4000x3000.png,4000,3000,Rotate_CW,8,dynamic,16,omp,no,unset,unset,hype2,12.2.0,-O3 -Wall -Wextra -std=c++17 -fopenmp -DOMP_EXPLICIT_SIMD=1,2,24.082442,22.962873,25.202010,24.082442,1.583309,1.013151
4000x3000.png,4000,3000,Rotate_CW,8,static,,off,no,unset,unset,hype2,12.2.0,-O3 -Wall -Wextra -std=c++17 -fopenmp -DOMP_EXPLICIT_SIMD=0 -fno-tree-vectorize,2,22.295753,20.312667,24.278839,22.295753,2.804507,1.000000
4000x3000.png,4000,3000,Rotate_CW,8,static,,omp,no,unset,unset,hype2,12.2.0,-O3 -Wall -Wextra -std=c++17 -fopenmp -DOMP_EXPLICIT_SIMD=1,2,24.399139,23.760657,25.037622,24.399139,0.902951,1.000000
4000x3000.png,4000,3000,Zoom_In,1,dynamic,1,off,yes,unset,unset,hype2,12.2.0,-O3 -Wall -Wextra -std=c++17 -fopenmp -DOMP_EXPLICIT_SIMD=0 -fno-tree-vectorize,2,117.903747,117.732144,118.075349,117.903747,0.242683,0.997785
4000x3000.png,4000,3000,Zoom_In,1,dynamic,1,omp,yes,unset,unset,hype2,12.2.0,-O3 -Wall -Wextra -std=c++17 -fopenmp -DOMP_EXPLICIT_SIMD=1,2,96.229859,95.805364,96.654354,96.229859,0.600327,1.004831
4000x3000.png,4000,3000,Zoom_In,1,dynamic,16,off,yes,unset,unset,hype2,12.2.0,-O3 -Wall -Wextra -std=c++17 -fopenmp -DOMP_EXPLICIT_SIMD=0 -fno-tree-vectorize,2,116.319161,112.024904,120.613418,116.319161,6.072996,1.011378
4000x3000.png,4000,3000,Zoom_In,1,dynamic,16,omp,yes,unset,unset,hype2,12.2.0,-O3 -Wall -Wextra -std=c++17 -fopenmp -DOMP_EXPLICIT_SIMD=1,2,95.864513,95.830145,95.898880,95.864513,0.048603,1.008660
4000x3000.png,4000,3000,Zoom_In,1,static,,off,yes,unset,unset,hype2,12.2.0,-O3 -Wall -Wextra -std=c++17 -fopenmp -DOMP_EXPLICIT_SIMD=0 -fno-tree-vectorize,2,117.642634,117.192766,118.092503,117.642634,0.636210,1.000000
4000x3000.png,4000,3000,Zoom_In,1,static,,omp,yes,unset,unset,hype2,12.2.0,-O3 -Wall -Wextra -std=c++17 -fopenmp -DOMP_EXPLICIT_SIMD=1,2,96.694734,96.518188,96.871281,96.694734,0.249674,1.000000
4000x3000.png,4000,3000,Zoom_In,12,dynamic,1,off,yes,unset,unset,hype2,12.2.0,-O3 -Wall -Wextra -std=c++17 -fopenmp -DOMP_EXPLICIT_SIMD=0 -fno-tree-vectorize,2,30.083837,29.742683,30.424990,30.083837,0.482464,0.497556
4000x3000.png,4000,3000,Zoom_In,12,dynamic,1,omp,yes,unset,unset,hype2,12.2.0,-O3 -Wall -Wextra -std=c++17 -fopenmp -DOMP_EXPLICIT_SIMD=1,2,30.141886,30.056706,30.227067,30.141886,0.120463,0.436505
4000x3000.png,4000,3000,Zoom_In,12,dynamic,16,off,yes,unset,unset,hype2,12.2.0,-O3 -Wall -Wextra -std=c++17 -fopenmp -DOMP_EXPLICIT_SIMD=0 -fno-tree-vectorize,2,17.628563,17.483879,17.773246,17.628563,0.204613,0.849100
4000x3000.png,4000,3000,Zoom_In,12,dynamic,16,omp,yes,unset,unset,hype2,12.2.0,-O3 -Wall -Wextra -std=c++17 -fopenmp -DOMP_EXPLICIT_SIMD=1,2,16.259965,16.206273,16.313656,16.259965,0.075931,0.809170
4000x3000.png,4000,3000,Zoom_In,12,static,,off,yes,unset,unset,hype2,12.2.0,-O3 -Wall -Wextra -std=c++17 -fopenmp -DOMP_EXPLICIT_SIMD=0 -fno-tree-vectorize,2,14.968406,14.847651,15.089161,14.968406,0.170773,1.000000
4000x3000.png,4000,3000,Zoom_In,12,static,,omp,yes,unset,unset,hype2,12.2.0,-O3 -Wall -Wextra -std=c++17 -fopenmp -DOMP_EXPLICIT_SIMD=1,2,13.157072,13.073642,13.240502,13.157072,0.117988,1.000000
4000x3000.png,4000,3000,Zoom_In,16,dynamic,1,off,yes,unset,unset,hype2,12.2.0,-O3 -Wall -Wextra -std=c++17 -fopenmp -DOMP_EXPLICIT_SIMD=0 -fno-tree-vectorize,2,28.832506,28.699586,28.965426,28.832506,0.187977,0.420285
4000x3000.png,4000,3000,Zoom_In,16,dynamic,1,omp,yes,unset,unset,hype2,12.2.0,-O3 -Wall -Wextra -std=c++17 -fopenmp -DOMP_EXPLICIT_SIMD=1,2,28.794355,28.578533,29.010176,28.794355,0.305218,0.390875
4000x3000.png,4000,3000,Zoom_In,16,dynamic,16,off,yes,unset,unset,hype2,12.2.0,-O3 -Wall -Wextra -std=c++17 -fopenmp -DOMP_EXPLICIT_SIMD=0 -fno-tree-vectorize,2,13.913400,13.816199,14.010600,13.913400,0.137462,0.870950
4000x3000.png,4000,3000,Zoom_In,16,dynamic,16,omp,yes,unset,unset,hype2,12.2.0,-O3 -Wall -Wextra -std=c++17 -fopenmp -DOMP_EXPLICIT_SIMD=1,2,13.604339,13.512786,13.695892,13.604339,0.129475,0.827308
4000x3000.png,4000,3000,Zoom_In,16,static,,off,yes,unset,unset,hype2,12.2.0,-O3 -Wall -Wextra -std=c++17 -fopenmp -DOMP_EXPLICIT_SIMD=0 -fno-tree-vectorize,2,12.117881,11.920079,12.315684,12.117881,0.279735,1.000000
4000x3000.png,4000,3000,Zoom_In,16,static,,omp,yes,unset,unset,hype2,12.2.0,-O3 -Wall -Wextra -std=c++17 -fopenmp -DOMP_EXPLICIT_SIMD=1,2,11.254983,11.228209,11.281757,11.254983,0.037864,1.000000
4000x3000.png,4000,3000,Zoom_In,2,dynamic,1,off,yes,unset,unset,hype2,12.2.0,-O3 -Wall -Wextra -std=c++17 -fopenmp -DOMP_EXPLICIT_SIMD=0 -fno-tree-vectorize,2,67.695381,67.528884,67.861879,67.695381,0.235463,0.887587
4000x3000.png,4000,3000,Zoom_In,2,dynamic,1,omp,yes,unset,unset,hype2,12.2.0,-O3 -Wall -Wextra -std=c++17 -fopenmp -DOMP_EXPLICIT_SIMD=1,2,58.474266,57.696717,59.251815,58.474266,1.099620,0.872042
4000x3000.png,4000,3000,Zoom_In,2,dynamic,16,off,yes,unset,unset,hype2,12.2.0,-O3 -Wall -Wextra -std=c++17 -fopenmp -DOMP_EXPLICIT_SIMD=0 -fno-tree-vectorize,2,69.732611,69.731631,69.733591,69.732611,0.001386,0.861656
4000x3000.png,4000,3000,Zoom_In,2,dynamic,16,omp,yes,unset,unset,hype2,12.2.0,-O3 -Wall -Wextra -std=c++17 -fopenmp -DOMP_EXPLICIT_SIMD=1,2,56.739187,56.322220,57.156154,56.739187,0.589680,0.898709
4000x3000.png,4000,3000,Zoom_In,2,static,,off,yes,unset,unset,hype2,12.2.0,-O3 -Wall -Wextra -std=c++17 -fopenmp -DOMP_EXPLICIT_SIMD=0 -fno-tree-vectorize,2,60.085550,59.667997,60.503103,60.085550,0.590509,1.000000
4000x3000.png,4000,3000,Zoom_In,2,static,,omp,yes,unset,unset,hype2,12.2.0,-O3 -Wall -Wextra -std=c++17 -fopenmp -DOMP_EXPLICIT_SIMD=1,2,50.992030,49.217347,52.766714,50.992030,2.509781,1.000000
4000x3000.png,4000,3000,Zoom_In,20,dynamic,1,off,yes,unset,unset,hype2,12.2.0,-O3 -Wall -Wextra -std=c++17 -fopenmp -DOMP_EXPLICIT_SIMD=0 -fno-tree-vectorize,2,28.409793,28.397826,28.421760,28.409793,0.016924,0.336634
4000x3000.png,4000,3000,Zoom_In,20,dynamic,1,omp,yes,unset,unset,hype2,12.2.0,-O3 -Wall -Wextra -std=c++17 -fopenmp -DOMP_EXPLICIT_SIMD=1,2,28.363848,28.299922,28.427775,28.363848,0.090406,0.323325
4000x3000.png,4000,3000,Zoom_In,20,dynamic,16,off,yes,unset,unset,hype2,12.2.0,-O3 -Wall -Wextra -std=c++17 -fopenmp -DOMP_EXPLICIT_SIMD=0 -fno-tree-vectorize,2,12.244481,12.192728,12.296234,12.244481,0.073190,0.781063
4000x3000.png,4000,3000,Zoom_In,20,dynamic,16,omp,yes,unset,unset,hype2,12.2.0,-O3 -Wall -Wextra -std=c++17 -fopenmp -DOMP_EXPLICIT_SIMD=1,2,12.184041,12.038838,12.329244,12.184041,0.205348,0.752684
4000x3000.png,4000,3000,Zoom_In,20,static,,off,yes,unset,unset,hype2,12.2.0,-O3 -Wall -Wextra -std=c++17 -fopenmp -DOMP_EXPLICIT_SIMD=0 -fno-tree-vectorize,2,9.563713,9.519666,9.607760,9.563713,0.062292,1.000000
4000x3000.png,4000,3000,Zoom_In,20,static,,omp,yes,unset,unset,hype2,12.2.0,-O3 -Wall -Wextra -std=c++17 -fopenmp -DOMP_EXPLICIT_SIMD=1,2,9.170732,8.977809,9.363655,9.170732,0.272834,1.000000
4000x3000.png,4000,3000,Zoom_In,4,dynamic,1,off,yes,unset,unset,hype2,12.2.0,-O3 -Wall -Wextra -std=c++17 -fopenmp -DOMP_EXPLICIT_SIMD=0 -fno-tree-vectorize,2,45.781559,45.048069,46.515048,45.781559,1.037311,0.856546
4000x3000.png,4000,3000,Zoom_In,4,dynamic,1,omp,yes,unset,unset,hype2,12.2.0,-O3 -Wall -Wextra -std=c++17 -fopenmp -DOMP_EXPLICIT_SIMD=1,2,43.582463,42.477173,44.687752,43.582463,1.563115,0.781126
4000x3000.png,4000,3000,Zoom_In,4,dynamic,16,off,yes,unset,unset,hype2,12.2.0,-O3 -Wall -Wextra -std=c++17 -fopenmp -DOMP_EXPLICIT_SIMD=0 -fno-tree-vectorize,2,44.265256,43.993884,44.536629,44.265256,0.383779,0.885887
4000x3000.png,4000,3000,Zoom_In,4,dynamic,16,omp,yes,unset,unset,hype2,12.2.0,-O3 -Wall -Wextra -std=c++17 -fopenmp -DOMP_EXPLICIT_SIMD=1,2,38.539377,38.408999,38.669755,38.539377,0.184382,0.883341
4000x3000.png,4000,3000,Zoom_In,4,static,,off,yes,unset,unset,hype2,12.2.0,-O3 -Wall -Wextra -std=c++17 -fopenmp -DOMP_EXPLICIT_SIMD=0 -fno-tree-vectorize,2,39.214008,37.876177,40.551840,39.214008,1.891979,1.000000
4000x3000.png,4000,3000,Zoom_In,4,static,,omp,yes,unset,unset,hype2,12.2.0,-O3 -Wall -Wextra -std=c++17 -fopenmp -DOMP_EXPLICIT_SIMD=1,2,34.043402,34.023436,34.063368,34.043402,0.028236,1.000000
4000x3000.png,4000,3000,Zoom_In,8,dynamic,1,off,yes,unset,unset,hype2,12.2.0,-O3 -Wall -Wextra -std=c++17 -fopenmp -DOMP_EXPLICIT_SIMD=0 -fno-tree-vectorize,2,33.657270,33.106365,34.208176,33.657270,0.779098,0.648199
4000x3000.png,4000,3000,Zoom_In,8,dynamic,1,omp,yes,unset,unset,hype2,12.2.0,-O3 -Wall -Wextra -std=c++17 -fopenmp -DOMP_EXPLICIT_SIMD=1,2,33.175343,33.116961,33.233725,33.175343,0.082565,0.567274
4000x3000.png,4000,3000,Zoom_In,8,dynamic,16,off,yes,unset,unset,hype2,12.2.0,-O3 -Wall -Wextra -std=c++17 -fopenmp -DOMP_EXPLICIT_SIMD=0 -fno-tree-vectorize,2,25.109748,24.796697,25.422798,25.109748,0.442720,0.868850
4000x3000.png,4000,3000,Zoom_In,8,dynamic,16,omp,yes,unset,unset,hype2,12.2.0,-O3 -Wall -Wextra -std=c++17 -fopenmp -DOMP_EXPLICIT_SIMD=1,2,22.588038,22.370597,22.805479,22.588038,0.307508,0.833163
4000x3000.png,4000,3000,Zoom_In,8,static,,off,yes,unset,unset,hype2,12.2.0,-O3 -Wall -Wextra -std=c++17 -fopenmp -DOMP_EXPLICIT_SIMD=0 -fno-tree-vectorize,2,21.816600,21.685113,21.948086,21.816600,0.185950,1.000000
4000x3000.png,4000,3000,Zoom_In,8,static,,omp,yes,unset,unset,hype2,12.2.0,-O3 -Wall -Wextra -std=c++17 -fopenmp -DOMP_EXPLICIT_SIMD=1,2,18.819521,18.797175,18.841867,18.819521,0.031602,1.000000
4000x3000.png,4000,3000,Zoom_Out,1,dynamic,1,off,no,unset,unset,hype2,12.2.0,-O3 -Wall -Wextra -std=c++17 -fopenmp -DOMP_EXPLICIT_SIMD=0 -fno-tree-vectorize,2,98.511842,98.306056,98.717628,98.511842,0.291025,1.003358
4000x3000.png,4000,3000,Zoom_Out,1,dynamic,1,omp,no,unset,unset,hype2,12.2.0,-O3 -Wall -Wextra -std=c++17 -fopenmp -DOMP_EXPLICIT_SIMD=1,2,98.955071,98.952917,98.957224,98.955071,0.003046,0.996334
4000x3000.png,4000,3000,Zoom_Out,1,dynamic,16,off,no,unset,unset,hype2,12.2.0,-O3 -Wall -Wextra -std=c++17 -fopenmp -DOMP_EXPLICIT_SIMD=0 -fno-tree-vectorize,2,99.187470,99.132529,99.242411,99.187470,0.077698,0.996523
4000x3000.png,4000,3000,Zoom_Out,1,dynamic,16,omp,no,unset,unset,hype2,12.2.0,-O3 -Wall -Wextra -std=c++17 -fopenmp -DOMP_EXPLICIT_SIMD=1,2,98.950045,98.641075,99.259015,98.950045,0.436950,0.996384
4000x3000.png,4000,3000,Zoom_Out,1,static,,off,no,unset,unset,hype2,12.2.0,-O3 -Wall -Wextra -std=c++17 -fopenmp -DOMP_EXPLICIT_SIMD=0 -fno-tree-vectorize,2,98.842642,98.676963,99.008321,98.842642,0.234305,1.000000
4000x3000.png,4000,3000,Zoom_Out,1,static,,omp,no,unset,unset,hype2,12.2.0,-O3 -Wall -Wextra -std=c++17 -fopenmp -DOMP_EXPLICIT_SIMD=1,2,98.592266,98.589666,98.594867,98.592266,0.003678,1.000000
4000x3000.png,4000,3000,Zoom_Out,12,dynamic,1,off,no,unset,unset,hype2,12.2.0,-O3 -Wall -Wextra -std=c++17 -fopenmp -DOMP_EXPLICIT_SIMD=0 -fno-tree-vectorize,2,11.661338,11.447232,11.875443,11.661338,0.302791,0.922704
4000x3000.png,4000,3000,Zoom_Out,12,dynamic,1,omp,no,unset,unset,hype2,12.2.0,-O3 -Wall -Wextra -std=c++17 -fopenmp -DOMP_EXPLICIT_SIMD=1,2,11.311022,11.199962,11.422082,11.311022,0.157063,0.966201
4000x3000.png,4000,3000,Zoom_Out,12,dynamic,16,off,no,unset,unset,hype2,12.2.0,-O3 -Wall -Wextra -std=c++17 -fopenmp -DOMP_EXPLICIT_SIMD=0 -fno-tree-vectorize,2,12.028581,11.806889,12.250274,12.028581,0.313521,0.894533
4000x3000.png,4000,3000,Zoom_Out,12,dynamic,16,omp,no,unset,unset,hype2,12.2.0,-O3 -Wall -Wextra -std=c++17 -fopenmp -DOMP_EXPLICIT_SIMD=1,2,11.286444,10.933462,11.639426,11.286444,0.499192,0.968305
4000x3000.png,4000,3000,Zoom_Out,12,static,,off,no,unset,unset,hype2,12.2.0,-O3 -Wall -Wextra -std=c++17 -fopenmp -DOMP_EXPLICIT_SIMD=0 -fno-tree-vectorize,2,10.759963,10.750073,10.769853,10.759963,0.013987,1.000000
4000x3000.png,4000,3000,Zoom_Out,12,static,,omp,no,unset,unset,hype2,12.2.0,-O3 -Wall -Wextra -std=c++17 -fopenmp -DOMP_EXPLICIT_SIMD=1,2,10.928720,10.746975,11.110465,10.928720,0.257026,1.000000
4000x3000.png,4000,3000,Zoom_Out,16,dynamic,1,off,no,unset,unset,hype2,12.2.0,-O3 -Wall -Wextra -std=c++17 -fopenmp -DOMP_EXPLICIT_SIMD=0 -fno-tree-vectorize,2,9.244618,9.090163,9.399072,9.244618,0.218432,0.948452
4000x3000.png,4000,3000,Zoom_Out,16,dynamic,1,omp,no,unset,unset,hype2,12.2.0,-O3 -Wall -Wextra -std=c++17 -fopenmp -DOMP_EXPLICIT_SIMD=1,2,9.484945,9.248230,9.721660,9.484945,0.334766,1.059772
4000x3000.png,4000,3000,Zoom_Out,16,dynamic,16,off,no,unset,unset,hype2,12.2.0,-O3 -Wall -Wextra -std=c++17 -fopenmp -DOMP_EXPLICIT_SIMD=0 -fno-tree-vectorize,2,9.050697,8.993602,9.107793,9.050697,0.080745,0.968773
4000x3000.png,4000,3000,Zoom_Out,16,dynamic,16,omp,no,unset,unset,hype2,12.2.0,-O3 -Wall -Wextra -std=c++17 -fopenmp -DOMP_EXPLICIT_SIMD=1,2,9.361002,9.290578,9.431427,9.361002,0.099595,1.073803
4000x3000.png,4000,3000,Zoom_Out,16,static,,off,no,unset,unset,hype2,12.2.0,-O3 -Wall -Wextra -std=c++17 -fopenmp -DOMP_EXPLICIT_SIMD=0 -fno-tree-vectorize,2,8.768073,8.613592,8.922554,8.768073,0.218469,1.000000
4000x3000.png,4000,3000,Zoom_Out,16,static,,omp,no,unset,unset,hype2,12.2.0,-O3 -Wall -Wextra -std=c++17 -fopenmp -DOMP_EXPLICIT_SIMD=1,2,10.051876,8.445979,11.657774,10.051876,2.271082,1.000000
4000x3000.png,4000,3000,Zoom_Out,2,dynamic,1,off,no,unset,unset,hype2,12.2.0,-O3 -Wall -Wextra -std=c++17 -fopenmp -DOMP_EXPLICIT_SIMD=0 -fno-tree-vectorize,2,51.121294,50.931906,51.310681,51.121294,0.267834,0.991698
4000x3000.png,4000,3000,Zoom_Out,2,dynamic,1,omp,no,unset,unset,hype2,12.2.0,-O3 -Wall -Wextra -std=c++17 -fopenmp -DOMP_EXPLICIT_SIMD=1,2,51.193047,51.009605,51.376490,51.193047,0.259427,0.989891
4000x3000.png,4000,3000,Zoom_Out,2,dynamic,16,off,no,unset,unset,hype2,12.2.0,-O3 -Wall -Wextra -std=c++17 -fopenmp -DOMP_EXPLICIT_SIMD=0 -fno-tree-vectorize,2,51.106969,51.000693,51.213244,51.106969,0.150296,0.991976
4000x3000.png,4000,3000,Zoom_Out,2,dynamic,16,omp,no,unset,unset,hype2,12.2.0,-O3 -Wall -Wextra -std=c++17 -fopenmp -DOMP_EXPLICIT_SIMD=1,2,51.025806,50.966776,51.084835,51.025806,0.083480,0.993135
4000x3000.png,4000,3000,Zoom_Out,2,static,,off,no,unset,unset,hype2,12.2.0,-O3 -Wall -Wextra -std=c++17 -fopenmp -DOMP_EXPLICIT_SIMD=0 -fno-tree-vectorize,2,50.696903,50.185800,51.208005,50.696903,0.722808,1.000000
4000x3000.png,4000,3000,Zoom_Out,2,static,,omp,no,unset,unset,hype2,12.2.0,-O3 -Wall -Wextra -std=c++17 -fopenmp -DOMP_EXPLICIT_SIMD=1,2,50.675515,50.424597,50.926433,50.675515,0.354852,1.000000
4000x3000.png,4000,3000,Zoom_Out,20,dynamic,1,off,no,unset,unset,hype2,12.2.0,-O3 -Wall -Wextra -std=c++17 -fopenmp -DOMP_EXPLICIT_SIMD=0 -fno-tree-vectorize,2,8.246397,8.228218,8.264576,8.246397,0.025709,0.875853
4000x3000.png,4000,3000,Zoom_Out,20,dynamic,1,omp,no,unset,unset,hype2,12.2.0,-O3 -Wall -Wextra -std=c++17 -fopenmp -DOMP_EXPLICIT_SIMD=1,2,8.126610,8.112664,8.140556,8.126610,0.019723,0.883014
4000x3000.png,4000,3000,Zoom_Out,20,dynamic,16,off,no,unset,unset,hype2,12.2.0,-O3 -Wall -Wextra -std=c++17 -fopenmp -DOMP_EXPLICIT_SIMD=0 -fno-tree-vectorize,2,8.417239,8.032557,8.801921,8.417239,0.544023,0.858076
4000x3000.png,4000,3000,Zoom_Out,20,dynamic,16,omp,no,unset,unset,hype2,12.2.0,-O3 -Wall -Wextra -std=c++17 -fopenmp -DOMP_EXPLICIT_SIMD=1,2,8.549005,8.459467,8.638543,8.549005,0.126626,0.839385
4000x3000.png,4000,3000,Zoom_Out,20,static,,off,no,unset,unset,hype2,12.2.0,-O3 -Wall -Wextra -std=c++17 -fopenmp -DOMP_EXPLICIT_SIMD=0 -fno-tree-vectorize,2,7.222630,6.980245,7.465015,7.222630,0.342784,1.000000
4000x3000.png,4000,3000,Zoom_Out,20,static,,omp,no,unset,unset,hype2,12.2.0,-O3 -Wall -Wextra -std=c++17 -fopenmp -DOMP_EXPLICIT_SIMD=1,2,7.175909,6.920733,7.431085,7.175909,0.360873,1.000000
4000x3000.png,4000,3000,Zoom_Out,4,dynamic,1,off,no,unset,unset,hype2,12.2.0,-O3 -Wall -Wextra -std=c++17 -fopenmp -DOMP_EXPLICIT_SIMD=0 -fno-tree-vectorize,2,27.406402,26.870091,27.942714,27.406402,0.758459,1.028880
4000x3000.png,4000,3000,Zoom_Out,4,dynamic,1,omp,no,unset,unset,hype2,12.2.0,-O3 -Wall -Wextra -std=c++17 -fopenmp -DOMP_EXPLICIT_SIMD=1,2,27.115170,27.069271,27.161070,27.115170,0.064912,1.008138
4000x3000.png,4000,3000,Zoom_Out,4,dynamic,16,off,no,unset,unset,hype2,12.2.0,-O3 -Wall -Wextra -std=c++17 -fopenmp -DOMP_EXPLICIT_SIMD=0 -fno-tree-vectorize,2,26.596674,26.443377,26.749970,26.596674,0.216794,1.060204
4000x3000.png,4000,3000,Zoom_Out,4,dynamic,16,omp,no,unset,unset,hype2,12.2.0,-O3 -Wall -Wextra -std=c++17 -fopenmp -DOMP_EXPLICIT_SIMD=1,2,26.792040,26.650202,26.933879,26.792040,0.200590,1.020297
4000x3000.png,4000,3000,Zoom_Out,4,static,,off,no,unset,unset,hype2,12.2.0,-O3 -Wall -Wextra -std=c++17 -fopenmp -DOMP_EXPLICIT_SIMD=0 -fno-tree-vectorize,2,28.197912,27.268498,29.127326,28.197912,1.314390,1.000000
4000x3000.png,4000,3000,Zoom_Out,4,static,,omp,no,unset,unset,hype2,12.2.0,-O3 -Wall -Wextra -std=c++17 -fopenmp -DOMP_EXPLICIT_SIMD=1,2,27.335841,27.335584,27.336098,27.335841,0.000363,1.000000
4000x3000.png,4000,3000,Zoom_Out,8,dynamic,1,off,no,unset,unset,hype2,12.2.0,-O3 -Wall -Wextra -std=c++17 -fopenmp -DOMP_EXPLICIT_SIMD=0 -fno-tree-vectorize,2,16.079632,16.075013,16.084252,16.079632,0.006533,0.946063
4000x3000.png,4000,3000,Zoom_Out,8,dynamic,1,omp,no,unset,unset,hype2,12.2.0,-O3 -Wall -Wextra -std=c++17 -fopenmp -DOMP_EXPLICIT_SIMD=1,2,15.982529,15.954929,16.010129,15.982529,0.039032,0.936306
4000x3000.png,4000,3000,Zoom_Out,8,dynamic,16,off,no,unset,unset,hype2,12.2.0,-O3 -Wall -Wextra -std=c++17 -fopenmp -DOMP_EXPLICIT_SIMD=0 -fno-tree-vectorize,2,15.423787,15.380312,15.467261,15.423787,0.061482,0.986291
4000x3000.png,4000,3000,Zoom_Out,8,dynamic,16,omp,no,unset,unset,hype2,12.2.0,-O3 -Wall -Wextra -std=c++17 -fopenmp -DOMP_EXPLICIT_SIMD=1,2,15.571455,15.545263,15.597647,15.571455,0.037041,0.961023
4000x3000.png,4000,3000,Zoom_Out,8,static,,off,no,unset,unset,hype2,12.2.0,-O3 -Wall -Wextra -std=c++17 -fopenmp -DOMP_EXPLICIT_SIMD=0 -fno-tree-vectorize,2,15.212346,14.998991,15.425700,15.212346,0.301729,1.000000
4000x3000.png,4000,3000,Zoom_Out,8,static,,omp,no,unset,unset,hype2,12.2.0,-O3 -Wall -Wextra -std=c++17 -fopenmp -DOMP_EXPLICIT_SIMD=1,2,14.964533,14.835455,15.093611,14.964533,0.182544,1.000000
6000x6000.png,6000,6000,Adjust_Brightness,1,dynamic,1,off,yes,unset,unset,hype2,12.2.0,-O3 -Wall -Wextra -std=c++17 -fopenmp -DOMP_EXPLICIT_SIMD=0 -fno-tree-vectorize,2,186.256700,186.204897,186.308504,186.256700,0.073261,1.008614
6000x6000.png,6000,6000,Adjust_Brightness,1,dynamic,1,omp,yes,unset,unset,hype2,12.2.0,-O3 -Wall -Wextra -std=c++17 -fopenmp -DOMP_EXPLICIT_SIMD=1,2,191.217855,191.212927,191.222783,191.217855,0.006969,1.000082
6000x6000.png,6000,6000,Adjust_Brightness,1,dynamic,16,off,yes,unset,unset,hype2,12.2.0,-O3 -Wall -Wextra -std=c++17 -fopenmp -DOMP_EXPLICIT_SIMD=0 -fno-tree-vectorize,2,191.372689,186.519308,196.226071,191.372689,6.863718,0.981651
6000x6000.png,6000,6000,Adjust_Brightness,1,dynamic,16,omp,yes,unset,unset,hype2,12.2.0,-O3 -Wall -Wextra -std=c++17 -fopenmp -DOMP_EXPLICIT_SIMD=1,2,191.020324,190.929789,191.110859,191.020324,0.128036,1.001116
6000x6000.png,6000,6000,Adjust_Brightness,1,static,,off,yes,unset,unset,hype2,12.2.0,-O3 -Wall -Wextra -std=c++17 -fopenmp -DOMP_EXPLICIT_SIMD=0 -fno-tree-vectorize,2,187.861183,186.003415,189.718952,187.861183,2.627281,1.000000
6000x6000.png,6000,6000,Adjust_Brightness,1,static,,omp,yes,unset,unset,hype2,12.2.0,-O3 -Wall -Wextra -std=c++17 -fopenmp -DOMP_EXPLICIT_SIMD=1,2,191.233531,191.171860,191.295203,191.233531,0.087217,1.000000
6000x6000.png,6000,6000,Adjust_Brightness,12,dynamic,1,off,yes,unset,unset,hype2,12.2.0,-O3 -Wall -Wextra -std=c++17 -fopenmp -DOMP_EXPLICIT_SIMD=0 -fno-tree-vectorize,2,18.868183,18.845038,18.891328,18.868183,0.032732,1.002958
6000x6000.png,6000,6000,Adjust_Brightness,12,dynamic,1,omp,yes,unset,unset,hype2,12.2.0,-O3 -Wall -Wextra -std=c++17 -fopenmp -DOMP_EXPLICIT_SIMD=1,2,19.377371,19.362253,19.392489,19.377371,0.021380,1.008698
6000x6000.png,6000,6000,Adjust_Brightness,12,dynamic,16,off,yes,unset,unset,hype2,12.2.0,-O3 -Wall -Wextra -std=c++17 -fopenmp -DOMP_EXPLICIT_SIMD=0 -fno-tree-vectorize,2,19.035207,18.916971,19.153442,19.035207,0.167210,0.994158
6000x6000.png,6000,6000,Adjust_Brightness,12,dynamic,16,omp,yes,unset,unset,hype2,12.2.0,-O3 -Wall -Wextra -std=c++17 -fopenmp -DOMP_EXPLICIT_SIMD=1,2,19.453429,19.448981,19.457877,19.453429,0.006290,1.004754
6000x6000.png,6000,6000,Adjust_Brightness,12,static,,off,yes,unset,unset,hype2,12.2.0,-O3 -Wall -Wextra -std=c++17 -fopenmp -DOMP_EXPLICIT_SIMD=0 -fno-tree-vectorize,2,18.923994,18.891061,18.956928,18.923994,0.046575,1.000000
6000x6000.png,6000,6000,Adjust_Brightness,12,static,,omp,yes,unset,unset,hype2,12.2.0,-O3 -Wall -Wextra -std=c++17 -fopenmp -DOMP_EXPLICIT_SIMD=1,2,19.545909,19.538641,19.553177,19.545909,0.010279,1.000000
6000x6000.png,6000,6000,Adjust_Brightness,16,dynamic,1,off,yes,unset,unset,hype2,12.2.0,-O3 -Wall -Wextra -std=c++17 -fopenmp -DOMP_EXPLICIT_SIMD=0 -fno-tree-vectorize,2,14.549467,14.234057,14.864876,14.549467,0.446056,0.982300
6000x6000.png,6000,6000,Adjust_Brightness,16,dynamic,1,omp,yes,unset,unset,hype2,12.2.0,-O3 -Wall -Wextra -std=c++17 -fopenmp -DOMP_EXPLICIT_SIMD=1,2,14.597911,14.584202,14.611620,14.597911,0.019387,1.001380
6000x6000.png,6000,6000,Adjust_Brightness,16,dynamic,16,off,yes,unset,unset,hype2,12.2.0,-O3 -Wall -Wextra -std=c++17 -fopenmp -DOMP_EXPLICIT_SIMD=0 -fno-tree-vectorize,2,14.344619,14.291579,14.397659,14.344619,0.075010,0.996327
6000x6000.png,6000,6000,Adjust_Brightness,16,dynamic,16,omp,yes,unset,unset,hype2,12.2.0,-O3 -Wall -Wextra -std=c++17 -fopenmp -DOMP_EXPLICIT_SIMD=1,2,14.590217,14.554103,14.626332,14.590217,0.051074,1.001908
6000x6000.png,6000,6000,Adjust_Brightness,16,static,,off,yes,unset,unset,hype2,12.2.0,-O3 -Wall -Wextra -std=c++17 -fopenmp -DOMP_EXPLICIT_SIMD=0 -fno-tree-vectorize,2,14.291934,14.202653,14.381216,14.291934,0.126263,1.000000
6000x6000.png,6000,6000,Adjust_Brightness,16,static,,omp,yes,unset,unset,hype2,12.2.0,-O3 -Wall -Wextra -std=c++17 -fopenmp -DOMP_EXPLICIT_SIMD=1,2,14.618051,14.589555,14.646546,14.618051,0.040299,1.000000
6000x6000.png,6000,6000,Adjust_Brightness,2,dynamic,1,off,yes,unset,unset,hype2,12.2.0,-O3 -Wall -Wextra -std=c++17 -fopenmp -DOMP_EXPLICIT_SIMD=0 -fno-tree-vectorize,2,94.457205,94.173516,94.740894,94.457205,0.401197,1.015462
6000x6000.png,6000,6000,Adjust_Brightness,2,dynamic,1,omp,yes,unset,unset,hype2,12.2.0,-O3 -Wall -Wextra -std=c++17 -fopenmp -DOMP_EXPLICIT_SIMD=1,2,97.944009,97.261145,98.626873,97.944009,0.965716,1.012934
6000x6000.png,6000,6000,Adjust_Brightness,2,dynamic,16,off,yes,unset,unset,hype2,12.2.0,-O3 -Wall -Wextra -std=c++17 -fopenmp -DOMP_EXPLICIT_SIMD=0 -fno-tree-vectorize,2,94.356879,93.576254,95.137504,94.356879,1.103970,1.016542
6000x6000.png,6000,6000,Adjust_Brightness,2,dynamic,16,omp,yes,unset,unset,hype2,12.2.0,-O3 -Wall -Wextra -std=c++17 -fopenmp -DOMP_EXPLICIT_SIMD=1,2,97.865492,97.497431,98.233553,97.865492,0.520517,1.013747
6000x6000.png,6000,6000,Adjust_Brightness,2,static,,off,yes,unset,unset,hype2,12.2.0,-O3 -Wall -Wextra -std=c++17 -fopenmp -DOMP_EXPLICIT_SIMD=0 -fno-tree-vectorize,2,95.917716,95.537855,96.297577,95.917716,0.537205,1.000000
6000x6000.png,6000,6000,Adjust_Brightness,2,static,,omp,yes,unset,unset,hype2,12.2.0,-O3 -Wall -Wextra -std=c++17 -fopenmp -DOMP_EXPLICIT_SIMD=1,2,99.210801,98.939501,99.482101,99.210801,0.383676,1.000000
6000x6000.png,6000,6000,Adjust_Brightness,20,dynamic,1,off,yes,unset,unset,hype2,12.2.0,-O3 -Wall -Wextra -std=c++17 -fopenmp -DOMP_EXPLICIT_SIMD=0 -fno-tree-vectorize,2,11.399281,11.368700,11.429862,11.399281,0.043248,1.010871
6000x6000.png,6000,6000,Adjust_Brightness,20,dynamic,1,omp,yes,unset,unset,hype2,12.2.0,-O3 -Wall -Wextra -std=c++17 -fopenmp -DOMP_EXPLICIT_SIMD=1,2,12.101909,11.758080,12.445739,12.101909,0.486248,0.982455
6000x6000.png,6000,6000,Adjust_Brightness,20,dynamic,16,off,yes,unset,unset,hype2,12.2.0,-O3 -Wall -Wextra -std=c++17 -fopenmp -DOMP_EXPLICIT_SIMD=0 -fno-tree-vectorize,2,11.689699,11.684840,11.694558,11.689699,0.006872,0.985757
6000x6000.png,6000,6000,Adjust_Brightness,20,dynamic,16,omp,yes,unset,unset,hype2,12.2.0,-O3 -Wall -Wextra -std=c++17 -fopenmp -DOMP_EXPLICIT_SIMD=1,2,11.919809,11.896644,11.942974,11.919809,0.032760,0.997464
6000x6000.png,6000,6000,Adjust_Brightness,20,static,,off,yes,unset,unset,hype2,12.2.0,-O3 -Wall -Wextra -std=c++17 -fopenmp -DOMP_EXPLICIT_SIMD=0 -fno-tree-vectorize,2,11.523200,11.476227,11.570173,11.523200,0.066430,1.000000
6000x6000.png,6000,6000,Adjust_Brightness,20,static,,omp,yes,unset,unset,hype2,12.2.0,-O3 -Wall -Wextra -std=c++17 -fopenmp -DOMP_EXPLICIT_SIMD=1,2,11.889584,11.836112,11.943057,11.889584,0.075622,1.000000
6000x6000.png,6000,6000,Adjust_Brightness,4,dynamic,1,off,yes,unset,unset,hype2,12.2.0,-O3 -Wall -Wextra -std=c++17 -fopenmp -DOMP_EXPLICIT_SIMD=0 -fno-tree-vectorize,2,48.698824,48.497589,48.900059,48.698824,0.284589,1.016352
6000x6000.png,6000,6000,Adjust_Brightness,4,dynamic,1,omp,yes,unset,unset,hype2,12.2.0,-O3 -Wall -Wextra -std=c++17 -fopenmp -DOMP_EXPLICIT_SIMD=1,2,50.157147,50.025606,50.288687,50.157147,0.186026,1.036898
6000x6000.png,6000,6000,Adjust_Brightness,4,dynamic,16,off,yes,unset,unset,hype2,12.2.0,-O3 -Wall -Wextra -std=c++17 -fopenmp -DOMP_EXPLICIT_SIMD=0 -fno-tree-vectorize,2,48.238867,47.792269,48.685464,48.238867,0.631584,1.026043
6000x6000.png,6000,6000,Adjust_Brightness,4,dynamic,16,omp,yes,unset,unset,hype2,12.2.0,-O3 -Wall -Wextra -std=c++17 -fopenmp -DOMP_EXPLICIT_SIMD=1,2,49.797005,49.726854,49.867157,49.797005,0.099209,1.044397
6000x6000.png,6000,6000,Adjust_Brightness,4,static,,off,yes,unset,unset,hype2,12.2.0,-O3 -Wall -Wextra -std=c++17 -fopenmp -DOMP_EXPLICIT_SIMD=0 -fno-tree-vectorize,2,49.495143,49.465730,49.524557,49.495143,0.041597,1.000000
6000x6000.png,6000,6000,Adjust_Brightness,4,static,,omp,yes,unset,unset,hype2,12.2.0,-O3 -Wall -Wextra -std=c++17 -fopenmp -DOMP_EXPLICIT_SIMD=1,2,52.007837,50.543268,53.472407,52.007837,2.071214,1.000000
6000x6000.png,6000,6000,Adjust_Brightness,8,dynamic,1,off,yes,unset,unset,hype2,12.2.0,-O3 -Wall -Wextra -std=c++17 -fopenmp -DOMP_EXPLICIT_SIMD=0 -fno-tree-vectorize,2,27.218893,27.120949,27.316837,27.218893,0.138514,0.988920
6000x6000.png,6000,6000,Adjust_Brightness,8,dynamic,1,omp,yes,unset,unset,hype2,12.2.0,-O3 -Wall -Wextra -std=c++17 -fopenmp -DOMP_EXPLICIT_SIMD=1,2,28.032427,27.919358,28.145496,28.032427,0.159904,1.000048
6000x6000.png,6000,6000,Adjust_Brightness,8,dynamic,16,off,yes,unset,unset,hype2,12.2.0,-O3 -Wall -Wextra -std=c++17 -fopenmp -DOMP_EXPLICIT_SIMD=0 -fno-tree-vectorize,2,27.180213,27.141622,27.218803,27.180213,0.054575,0.990328
6000x6000.png,6000,6000,Adjust_Brightness,8,dynamic,16,omp,yes,unset,unset,hype2,12.2.0,-O3 -Wall -Wextra -std=c++17 -fopenmp -DOMP_EXPLICIT_SIMD=1,2,27.413069,26.881032,27.945107,27.413069,0.752415,1.022643
6000x6000.png,6000,6000,Adjust_Brightness,8,static,,off,yes,unset,unset,hype2,12.2.0,-O3 -Wall -Wextra -std=c++17 -fopenmp -DOMP_EXPLICIT_SIMD=0 -fno-tree-vectorize,2,26.917319,26.498966,27.335672,26.917319,0.591640,1.000000
6000x6000.png,6000,6000,Adjust_Brightness,8,static,,omp,yes,unset,unset,hype2,12.2.0,-O3 -Wall -Wextra -std=c++17 -fopenmp -DOMP_EXPLICIT_SIMD=1,2,28.033780,27.963797,28.103764,28.033780,0.098972,1.000000
6000x6000.png,6000,6000,Adjust_Contrast,1,dynamic,1,off,yes,unset,unset,hype2,12.2.0,-O3 -Wall -Wextra -std=c++17 -fopenmp -DOMP_EXPLICIT_SIMD=0 -fno-tree-vectorize,2,279.200086,279.142815,279.257356,279.200086,0.080993,0.998089
6000x6000.png,6000,6000,Adjust_Contrast,1,dynamic,1,omp,yes,unset,unset,hype2,12.2.0,-O3 -Wall -Wextra -std=c++17 -fopenmp -DOMP_EXPLICIT_SIMD=1,2,285.129746,284.479944,285.779548,285.129746,0.918959,0.984577
6000x6000.png,6000,6000,Adjust_Contrast,1,dynamic,16,off,yes,unset,unset,hype2,12.2.0,-O3 -Wall -Wextra -std=c++17 -fopenmp -DOMP_EXPLICIT_SIMD=0 -fno-tree-vectorize,2,278.618188,278.544861,278.691515,278.618188,0.103700,1.000173
6000x6000.png,6000,6000,Adjust_Contrast,1,dynamic,16,omp,yes,unset,unset,hype2,12.2.0,-O3 -Wall -Wextra -std=c++17 -fopenmp -DOMP_EXPLICIT_SIMD=1,2,280.546770,280.472392,280.621149,280.546770,0.105187,1.000661
6000x6000.png,6000,6000,Adjust_Contrast,1,static,,off,yes,unset,unset,hype2,12.2.0,-O3 -Wall -Wextra -std=c++17 -fopenmp -DOMP_EXPLICIT_SIMD=0 -fno-tree-vectorize,2,278.666412,278.576861,278.755964,278.666412,0.126645,1.000000
6000x6000.png,6000,6000,Adjust_Contrast,1,static,,omp,yes,unset,unset,hype2,12.2.0,-O3 -Wall -Wextra -std=c++17 -fopenmp -DOMP_EXPLICIT_SIMD=1,2,280.732177,280.573387,280.890967,280.732177,0.224563,1.000000
6000x6000.png,6000,6000,Adjust_Contrast,12,dynamic,1,off,yes,unset,unset,hype2,12.2.0,-O3 -Wall -Wextra -std=c++17 -fopenmp -DOMP_EXPLICIT_SIMD=0 -fno-tree-vectorize,2,27.825871,27.751819,27.899922,27.825871,0.104725,1.010241
6000x6000.png,6000,6000,Adjust_Contrast,12,dynamic,1,omp,yes,unset,unset,hype2,12.2.0,-O3 -Wall -Wextra -std=c++17 -fopenmp -DOMP_EXPLICIT_SIMD=1,2,28.029421,27.927274,28.131567,28.029421,0.144457,1.003551
6000x6000.png,6000,6000,Adjust_Contrast,12,dynamic,16,off,yes,unset,unset,hype2,12.2.0,-O3 -Wall -Wextra -std=c++17 -fopenmp -DOMP_EXPLICIT_SIMD=0 -fno-tree-vectorize,2,28.133544,28.078356,28.188731,28.133544,0.078047,0.999193
6000x6000.png,6000,6000,Adjust_Contrast,12,dynamic,16,omp,yes,unset,unset,hype2,12.2.0,-O3 -Wall -Wextra -std=c++17 -fopenmp -DOMP_EXPLICIT_SIMD=1,2,28.410737,28.370327,28.451148,28.410737,0.057149,0.990082
6000x6000.png,6000,6000,Adjust_Contrast,12,static,,off,yes,unset,unset,hype2,12.2.0,-O3 -Wall -Wextra -std=c++17 -fopenmp -DOMP_EXPLICIT_SIMD=0 -fno-tree-vectorize,2,28.110843,28.060298,28.161387,28.110843,0.071481,1.000000
6000x6000.png,6000,6000,Adjust_Contrast,12,static,,omp,yes,unset,unset,hype2,12.2.0,-O3 -Wall -Wextra -std=c++17 -fopenmp -DOMP_EXPLICIT_SIMD=1,2,28.128957,28.082936,28.174977,28.128957,0.065083,1.000000
6000x6000.png,6000,6000,Adjust_Contrast,16,dynamic,1,off,yes,unset,unset,hype2,12.2.0,-O3 -Wall -Wextra -std=c++17 -fopenmp -DOMP_EXPLICIT_SIMD=0 -fno-tree-vectorize,2,21.598397,21.044071,22.152724,21.598397,0.783936,1.337782
6000x6000.png,6000,6000,Adjust_Contrast,16,dynamic,1,omp,yes,unset,unset,hype2,12.2.0,-O3 -Wall -Wextra -std=c++17 -fopenmp -DOMP_EXPLICIT_SIMD=1,2,21.049630,21.048591,21.050669,21.049630,0.001469,1.009960
6000x6000.png,6000,6000,Adjust_Contrast,16,dynamic,16,off,yes,unset,unset,hype2,12.2.0,-O3 -Wall -Wextra -std=c++17 -fopenmp -DOMP_EXPLICIT_SIMD=0 -fno-tree-vectorize,2,21.141451,21.086957,21.195945,21.141451,0.077066,1.366697
6000x6000.png,6000,6000,Adjust_Contrast,16,dynamic,16,omp,yes,unset,unset,hype2,12.2.0,-O3 -Wall -Wextra -std=c++17 -fopenmp -DOMP_EXPLICIT_SIMD=1,2,21.337090,21.336472,21.337708,21.337090,0.000874,0.996354
6000x6000.png,6000,6000,Adjust_Contrast,16,static,,off,yes,unset,unset,hype2,12.2.0,-O3 -Wall -Wextra -std=c++17 -fopenmp -DOMP_EXPLICIT_SIMD=0 -fno-tree-vectorize,2,28.893954,21.201859,36.586050,28.893954,10.878266,1.000000
6000x6000.png,6000,6000,Adjust_Contrast,16,static,,omp,yes,unset,unset,hype2,12.2.0,-O3 -Wall -Wextra -std=c++17 -fopenmp -DOMP_EXPLICIT_SIMD=1,2,21.259291,21.128582,21.390000,21.259291,0.184850,1.000000
6000x6000.png,6000,6000,Adjust_Contrast,2,dynamic,1,off,yes,unset,unset,hype2,12.2.0,-O3 -Wall -Wextra -std=c++17 -fopenmp -DOMP_EXPLICIT_SIMD=0 -fno-tree-vectorize,2,141.871490,141.502916,142.240064,141.871490,0.521242,1.039061
6000x6000.png,6000,6000,Adjust_Contrast,2,dynamic,1,omp,yes,unset,unset,hype2,12.2.0,-O3 -Wall -Wextra -std=c++17 -fopenmp -DOMP_EXPLICIT_SIMD=1,2,148.336292,143.034561,153.638022,148.336292,7.497779,0.973540
6000x6000.png,6000,6000,Adjust_Contrast,2,dynamic,16,off,yes,unset,unset,hype2,12.2.0,-O3 -Wall -Wextra -std=c++17 -fopenmp -DOMP_EXPLICIT_SIMD=0 -fno-tree-vectorize,2,143.052577,142.867809,143.237346,143.052577,0.261302,1.030482
6000x6000.png,6000,6000,Adjust_Contrast,2,dynamic,16,omp,yes,unset,unset,hype2,12.2.0,-O3 -Wall -Wextra -std=c++17 -fopenmp -DOMP_EXPLICIT_SIMD=1,2,146.582172,143.066186,150.098158,146.582172,4.972355,0.985190
6000x6000.png,6000,6000,Adjust_Contrast,2,static,,off,yes,unset,unset,hype2,12.2.0,-O3 -Wall -Wextra -std=c++17 -fopenmp -DOMP_EXPLICIT_SIMD=0 -fno-tree-vectorize,2,147.413144,143.715313,151.110976,147.413144,5.229523,1.000000
6000x6000.png,6000,6000,Adjust_Contrast,2,static,,omp,yes,unset,unset,hype2,12.2.0,-O3 -Wall -Wextra -std=c++17 -fopenmp -DOMP_EXPLICIT_SIMD=1,2,144.411257,144.017015,144.805500,144.411257,0.557543,1.000000
6000x6000.png,6000,6000,Adjust_Contrast,20,dynamic,1,off,yes,unset,unset,hype2,12.2.0,-O3 -Wall -Wextra -std=c++17 -fopenmp -DOMP_EXPLICIT_SIMD=0 -fno-tree-vectorize,2,16.903602,16.850306,16.956898,16.903602,0.075372,1.001347
6000x6000.png,6000,6000,Adjust_Contrast,20,dynamic,1,omp,yes,unset,unset,hype2,12.2.0,-O3 -Wall -Wextra -std=c++17 -fopenmp -DOMP_EXPLICIT_SIMD=1,2,17.413295,16.914465,17.912125,17.413295,0.705452,0.980775
6000x6000.png,6000,6000,Adjust_Contrast,20,dynamic,16,off,yes,unset,unset,hype2,12.2.0,-O3 -Wall -Wextra -std=c++17 -fopenmp -DOMP_EXPLICIT_SIMD=0 -fno-tree-vectorize,2,17.282384,17.089219,17.475549,17.282384,0.273177,0.979400
6000x6000.png,6000,6000,Adjust_Contrast,20,dynamic,16,omp,yes,unset,unset,hype2,12.2.0,-O3 -Wall -Wextra -std=c++17 -fopenmp -DOMP_EXPLICIT_SIMD=1,2,17.281316,17.228530,17.334103,17.281316,0.074651,0.988265
6000x6000.png,6000,6000,Adjust_Contrast,20,static,,off,yes,unset,unset,hype2,12.2.0,-O3 -Wall -Wextra -std=c++17 -fopenmp -DOMP_EXPLICIT_SIMD=0 -fno-tree-vectorize,2,16.926367,16.868113,16.984621,16.926367,0.082384,1.000000
6000x6000.png,6000,6000,Adjust_Contrast,20,static,,omp,yes,unset,unset,hype2,12.2.0,-O3 -Wall -Wextra -std=c++17 -fopenmp -DOMP_EXPLICIT_SIMD=1,2,17.078527,16.965776,17.191278,17.078527,0.159454,1.000000
6000x6000.png,6000,6000,Adjust_Contrast,4,dynamic,1,off,yes,unset,unset,hype2,12.2.0,-O3 -Wall -Wextra -std=c++17 -fopenmp -DOMP_EXPLICIT_SIMD=0 -fno-tree-vectorize,2,72.509086,72.492603,72.525569,72.509086,0.023310,1.006815
6000x6000.png,6000,6000,Adjust_Contrast,4,dynamic,1,omp,yes,unset,unset,hype2,12.2.0,-O3 -Wall -Wextra -std=c++17 -fopenmp -DOMP_EXPLICIT_SIMD=1,2,72.334043,72.195930,72.472156,72.334043,0.195321,0.998889
6000x6000.png,6000,6000,Adjust_Contrast,4,dynamic,16,off,yes,unset,unset,hype2,12.2.0,-O3 -Wall -Wextra -std=c++17 -fopenmp -DOMP_EXPLICIT_SIMD=0 -fno-tree-vectorize,2,71.702334,71.215840,72.188827,71.702334,0.688006,1.018143
6000x6000.png,6000,6000,Adjust_Contrast,4,dynamic,16,omp,yes,unset,unset,hype2,12.2.0,-O3 -Wall -Wextra -std=c++17 -fopenmp -DOMP_EXPLICIT_SIMD=1,2,71.856895,71.705762,72.008029,71.856895,0.213735,1.005522
6000x6000.png,6000,6000,Adjust_Contrast,4,static,,off,yes,unset,unset,hype2,12.2.0,-O3 -Wall -Wextra -std=c++17 -fopenmp -DOMP_EXPLICIT_SIMD=0 -fno-tree-vectorize,2,73.003233,72.792552,73.213915,73.003233,0.297949,1.000000
6000x6000.png,6000,6000,Adjust_Contrast,4,static,,omp,yes,unset,unset,hype2,12.2.0,-O3 -Wall -Wextra -std=c++17 -fopenmp -DOMP_EXPLICIT_SIMD=1,2,72.253681,72.200279,72.307084,72.253681,0.075523,1.000000
6000x6000.png,6000,6000,Adjust_Contrast,8,dynamic,1,off,yes,unset,unset,hype2,12.2.0,-O3 -Wall -Wextra -std=c++17 -fopenmp -DOMP_EXPLICIT_SIMD=0 -fno-tree-vectorize,2,40.184843,40.109922,40.259765,40.184843,0.105955,1.004725
6000x6000.png,6000,6000,Adjust_Contrast,8,dynamic,1,omp,yes,unset,unset,hype2,12.2.0,-O3 -Wall -Wextra -std=c++17 -fopenmp -DOMP_EXPLICIT_SIMD=1,2,40.491507,40.457130,40.525884,40.491507,0.048616,1.001057
6000x6000.png,6000,6000,Adjust_Contrast,8,dynamic,16,off,yes,unset,unset,hype2,12.2.0,-O3 -Wall -Wextra -std=c++17 -fopenmp -DOMP_EXPLICIT_SIMD=0 -fno-tree-vectorize,2,40.232839,40.150171,40.315507,40.232839,0.116910,1.003526
6000x6000.png,6000,6000,Adjust_Contrast,8,dynamic,16,omp,yes,unset,unset,hype2,12.2.0,-O3 -Wall -Wextra -std=c++17 -fopenmp -DOMP_EXPLICIT_SIMD=1,2,40.452836,40.222829,40.682843,40.452836,0.325279,1.002014
6000x6000.png,6000,6000,Adjust_Contrast,8,static,,off,yes,unset,unset,hype2,12.2.0,-O3 -Wall -Wextra -std=c++17 -fopenmp -DOMP_EXPLICIT_SIMD=0 -fno-tree-vectorize,2,40.374710,40.328855,40.420566,40.374710,0.064849,1.000000
6000x6000.png,6000,6000,Adjust_Contrast,8,static,,omp,yes,unset,unset,hype2,12.2.0,-O3 -Wall -Wextra -std=c++17 -fopenmp -DOMP_EXPLICIT_SIMD=1,2,40.534306,40.218161,40.850452,40.534306,0.447097,1.000000
6000x6000.png,6000,6000,Equalize_Histogram,1,dynamic,1,off,yes,unset,unset,hype2,12.2.0,-O3 -Wall -Wextra -std=c++17 -fopenmp -DOMP_EXPLICIT_SIMD=0 -fno-tree-vectorize,2,186.873057,186.800160,186.945954,186.873057,0.103092,1.013614
6000x6000.png,6000,6000,Equalize_Histogram,1,dynamic,1,omp,yes,unset,unset,hype2,12.2.0,-O3 -Wall -Wextra -std=c++17 -fopenmp -DOMP_EXPLICIT_SIMD=1,2,188.677346,187.009490,190.345201,188.677346,2.358704,1.007790
6000x6000.png,6000,6000,Equalize_Histogram,1,dynamic,16,off,yes,unset,unset,hype2,12.2.0,-O3 -Wall -Wextra -std=c++17 -fopenmp -DOMP_EXPLICIT_SIMD=0 -fno-tree-vectorize,2,186.421413,186.301392,186.541433,186.421413,0.169735,1.016070
6000x6000.png,6000,6000,Equalize_Histogram,1,dynamic,16,omp,yes,unset,unset,hype2,12.2.0,-O3 -Wall -Wextra -std=c++17 -fopenmp -DOMP_EXPLICIT_SIMD=1,2,187.375540,186.691318,188.059761,187.375540,0.967635,1.014792
6000x6000.png,6000,6000,Equalize_Histogram,1,static,,off,yes,unset,unset,hype2,12.2.0,-O3 -Wall -Wextra -std=c++17 -fopenmp -DOMP_EXPLICIT_SIMD=0 -fno-tree-vectorize,2,189.417232,189.075312,189.759152,189.417232,0.483548,1.000000
6000x6000.png,6000,6000,Equalize_Histogram,1,static,,omp,yes,unset,unset,hype2,12.2.0,-O3 -Wall -Wextra -std=c++17 -fopenmp -DOMP_EXPLICIT_SIMD=1,2,190.147184,190.035040,190.259327,190.147184,0.158595,1.000000
6000x6000.png,6000,6000,Equalize_Histogram,12,dynamic,1,off,yes,unset,unset,hype2,12.2.0,-O3 -Wall -Wextra -std=c++17 -fopenmp -DOMP_EXPLICIT_SIMD=0 -fno-tree-vectorize,2,19.813527,19.725984,19.901070,19.813527,0.123804,0.999128
6000x6000.png,6000,6000,Equalize_Histogram,12,dynamic,1,omp,yes,unset,unset,hype2,12.2.0,-O3 -Wall -Wextra -std=c++17 -fopenmp -DOMP_EXPLICIT_SIMD=1,2,19.829599,19.724990,19.934208,19.829599,0.147939,0.994039
6000x6000.png,6000,6000,Equalize_Histogram,12,dynamic,16,off,yes,unset,unset,hype2,12.2.0,-O3 -Wall -Wextra -std=c++17 -fopenmp -DOMP_EXPLICIT_SIMD=0 -fno-tree-vectorize,2,19.174581,19.141968,19.207194,19.174581,0.046122,1.032422
6000x6000.png,6000,6000,Equalize_Histogram,12,dynamic,16,omp,yes,unset,unset,hype2,12.2.0,-O3 -Wall -Wextra -std=c++17 -fopenmp -DOMP_EXPLICIT_SIMD=1,2,19.167759,18.881956,19.453562,19.167759,0.404186,1.028362
6000x6000.png,6000,6000,Equalize_Histogram,12,static,,off,yes,unset,unset,hype2,12.2.0,-O3 -Wall -Wextra -std=c++17 -fopenmp -DOMP_EXPLICIT_SIMD=0 -fno-tree-vectorize,2,19.796251,19.784896,19.807606,19.796251,0.016058,1.000000
6000x6000.png,6000,6000,Equalize_Histogram,12,static,,omp,yes,unset,unset,hype2,12.2.0,-O3 -Wall -Wextra -std=c++17 -fopenmp -DOMP_EXPLICIT_SIMD=1,2,19.711404,19.676855,19.745953,19.711404,0.048860,1.000000
6000x6000.png,6000,6000,Equalize_Histogram,16,dynamic,1,off,yes,unset,unset,hype2,12.2.0,-O3 -Wall -Wextra -std=c++17 -fopenmp -DOMP_EXPLICIT_SIMD=0 -fno-tree-vectorize,2,14.904553,14.776233,15.032873,14.904553,0.181472,1.055326
6000x6000.png,6000,6000,Equalize_Histogram,16,dynamic,1,omp,yes,unset,unset,hype2,12.2.0,-O3 -Wall -Wextra -std=c++17 -fopenmp -DOMP_EXPLICIT_SIMD=1,2,14.711914,14.402412,15.021416,14.711914,0.437702,1.016086
6000x6000.png,6000,6000,Equalize_Histogram,16,dynamic,16,off,yes,unset,unset,hype2,12.2.0,-O3 -Wall -Wextra -std=c++17 -fopenmp -DOMP_EXPLICIT_SIMD=0 -fno-tree-vectorize,2,14.749530,14.710027,14.789032,14.749530,0.055865,1.066418
6000x6000.png,6000,6000,Equalize_Histogram,16,dynamic,16,omp,yes,unset,unset,hype2,12.2.0,-O3 -Wall -Wextra -std=c++17 -fopenmp -DOMP_EXPLICIT_SIMD=1,2,14.795186,14.762781,14.827591,14.795186,0.045828,1.010367
6000x6000.png,6000,6000,Equalize_Histogram,16,static,,off,yes,unset,unset,hype2,12.2.0,-O3 -Wall -Wextra -std=c++17 -fopenmp -DOMP_EXPLICIT_SIMD=0 -fno-tree-vectorize,2,15.729167,14.921102,16.537233,15.729167,1.142777,1.000000
6000x6000.png,6000,6000,Equalize_Histogram,16,static,,omp,yes,unset,unset,hype2,12.2.0,-O3 -Wall -Wextra -std=c++17 -fopenmp -DOMP_EXPLICIT_SIMD=1,2,14.948574,14.904593,14.992555,14.948574,0.062199,1.000000
6000x6000.png,6000,6000,Equalize_Histogram,2,dynamic,1,off,yes,unset,unset,hype2,12.2.0,-O3 -Wall -Wextra -std=c++17 -fopenmp -DOMP_EXPLICIT_SIMD=0 -fno-tree-vectorize,2,96.346115,94.951100,97.741130,96.346115,1.972849,1.007371
6000x6000.png,6000,6000,Equalize_Histogram,2,dynamic,1,omp,yes,unset,unset,hype2,12.2.0,-O3 -Wall -Wextra -std=c++17 -fopenmp -DOMP_EXPLICIT_SIMD=1,2,98.081042,97.849923,98.312161,98.081042,0.326852,0.989760
6000x6000.png,6000,6000,Equalize_Histogram,2,dynamic,16,off,yes,unset,unset,hype2,12.2.0,-O3 -Wall -Wextra -std=c++17 -fopenmp -DOMP_EXPLICIT_SIMD=0 -fno-tree-vectorize,2,96.791431,96.493687,97.089175,96.791431,0.421074,1.002736
6000x6000.png,6000,6000,Equalize_Histogram,2,dynamic,16,omp,yes,unset,unset,hype2,12.2.0,-O3 -Wall -Wextra -std=c++17 -fopenmp -DOMP_EXPLICIT_SIMD=1,2,97.502460,96.740120,98.264799,97.502460,1.078111,0.995633
6000x6000.png,6000,6000,Equalize_Histogram,2,static,,off,yes,unset,unset,hype2,12.2.0,-O3 -Wall -Wextra -std=c++17 -fopenmp -DOMP_EXPLICIT_SIMD=0 -fno-tree-vectorize,2,97.056283,96.485990,97.626575,97.056283,0.806515,1.000000
6000x6000.png,6000,6000,Equalize_Histogram,2,static,,omp,yes,unset,unset,hype2,12.2.0,-O3 -Wall -Wextra -std=c++17 -fopenmp -DOMP_EXPLICIT_SIMD=1,2,97.076705,96.614007,97.539403,97.076705,0.654354,1.000000
6000x6000.png,6000,6000,Equalize_Histogram,20,dynamic,1,off,yes,unset,unset,hype2,12.2.0,-O3 -Wall -Wextra -std=c++17 -fopenmp -DOMP_EXPLICIT_SIMD=0 -fno-tree-vectorize,2,11.853054,11.799470,11.906638,11.853054,0.075779,1.015310
6000x6000.png,6000,6000,Equalize_Histogram,20,dynamic,1,omp,yes,unset,unset,hype2,12.2.0,-O3 -Wall -Wextra -std=c++17 -fopenmp -DOMP_EXPLICIT_SIMD=1,2,12.316133,12.103290,12.528976,12.316133,0.301005,0.979134
6000x6000.png,6000,6000,Equalize_Histogram,20,dynamic,16,off,yes,unset,unset,hype2,12.2.0,-O3 -Wall -Wextra -std=c++17 -fopenmp -DOMP_EXPLICIT_SIMD=0 -fno-tree-vectorize,2,12.603994,11.901762,13.306226,12.603994,0.993106,0.954818
6000x6000.png,6000,6000,Equalize_Histogram,20,dynamic,16,omp,yes,unset,unset,hype2,12.2.0,-O3 -Wall -Wextra -std=c++17 -fopenmp -DOMP_EXPLICIT_SIMD=1,2,11.974909,11.823009,12.126808,11.974909,0.214818,1.007035
6000x6000.png,6000,6000,Equalize_Histogram,20,static,,off,yes,unset,unset,hype2,12.2.0,-O3 -Wall -Wextra -std=c++17 -fopenmp -DOMP_EXPLICIT_SIMD=0 -fno-tree-vectorize,2,12.034525,11.915929,12.153121,12.034525,0.167720,1.000000
6000x6000.png,6000,6000,Equalize_Histogram,20,static,,omp,yes,unset,unset,hype2,12.2.0,-O3 -Wall -Wextra -std=c++17 -fopenmp -DOMP_EXPLICIT_SIMD=1,2,12.059147,11.991971,12.126324,12.059147,0.095002,1.000000
6000x6000.png,6000,6000,Equalize_Histogram,4,dynamic,1,off,yes,unset,unset,hype2,12.2.0,-O3 -Wall -Wextra -std=c++17 -fopenmp -DOMP_EXPLICIT_SIMD=0 -fno-tree-vectorize,2,49.743212,49.544053,49.942371,49.743212,0.281653,1.032999
6000x6000.png,6000,6000,Equalize_Histogram,4,dynamic,1,omp,yes,unset,unset,hype2,12.2.0,-O3 -Wall -Wextra -std=c++17 -fopenmp -DOMP_EXPLICIT_SIMD=1,2,50.297979,49.710134,50.885824,50.297979,0.831338,1.006077
6000x6000.png,6000,6000,Equalize_Histogram,4,dynamic,16,off,yes,unset,unset,hype2,12.2.0,-O3 -Wall -Wextra -std=c++17 -fopenmp -DOMP_EXPLICIT_SIMD=0 -fno-tree-vectorize,2,48.318656,47.776358,48.860953,48.318656,0.766924,1.063454
6000x6000.png,6000,6000,Equalize_Histogram,4,dynamic,16,omp,yes,unset,unset,hype2,12.2.0,-O3 -Wall -Wextra -std=c++17 -fopenmp -DOMP_EXPLICIT_SIMD=1,2,49.106872,48.469158,49.744586,49.106872,0.901864,1.030479
6000x6000.png,6000,6000,Equalize_Histogram,4,static,,off,yes,unset,unset,hype2,12.2.0,-O3 -Wall -Wextra -std=c++17 -fopenmp -DOMP_EXPLICIT_SIMD=0 -fno-tree-vectorize,2,51.384675,51.352080,51.417269,51.384675,0.046096,1.000000
6000x6000.png,6000,6000,Equalize_Histogram,4,static,,omp,yes,unset,unset,hype2,12.2.0,-O3 -Wall -Wextra -std=c++17 -fopenmp -DOMP_EXPLICIT_SIMD=1,2,50.603617,50.288004,50.919231,50.603617,0.446345,1.000000
6000x6000.png,6000,6000,Equalize_Histogram,8,dynamic,1,off,yes,unset,unset,hype2,12.2.0,-O3 -Wall -Wextra -std=c++17 -fopenmp -DOMP_EXPLICIT_SIMD=0 -fno-tree-vectorize,2,28.433349,28.227580,28.639117,28.433349,0.291001,0.983591
6000x6000.png,6000,6000,Equalize_Histogram,8,dynamic,1,omp,yes,unset,unset,hype2,12.2.0,-O3 -Wall -Wextra -std=c++17 -fopenmp -DOMP_EXPLICIT_SIMD=1,2,28.414859,28.368471,28.461246,28.414859,0.065602,0.996385
6000x6000.png,6000,6000,Equalize_Histogram,8,dynamic,16,off,yes,unset,unset,hype2,12.2.0,-O3 -Wall -Wextra -std=c++17 -fopenmp -DOMP_EXPLICIT_SIMD=0 -fno-tree-vectorize,2,27.611112,27.420405,27.801819,27.611112,0.269700,1.012882
6000x6000.png,6000,6000,Equalize_Histogram,8,dynamic,16,omp,yes,unset,unset,hype2,12.2.0,-O3 -Wall -Wextra -std=c++17 -fopenmp -DOMP_EXPLICIT_SIMD=1,2,27.489424,27.279044,27.699804,27.489424,0.297522,1.029929
6000x6000.png,6000,6000,Equalize_Histogram,8,static,,off,yes,unset,unset,hype2,12.2.0,-O3 -Wall -Wextra -std=c++17 -fopenmp -DOMP_EXPLICIT_SIMD=0 -fno-tree-vectorize,2,27.966786,27.682970,28.250602,27.966786,0.401376,1.000000
6000x6000.png,6000,6000,Equalize_Histogram,8,static,,omp,yes,unset,unset,hype2,12.2.0,-O3 -Wall -Wextra -std=c++17 -fopenmp -DOMP_EXPLICIT_SIMD=1,2,28.312145,28.300281,28.324010,28.312145,0.016779,1.000000
6000x6000.png,6000,6000,Flip_Horizontal,1,dynamic,1,off,no,unset,unset,hype2,12.2.0,-O3 -Wall -Wextra -std=c++17 -fopenmp -DOMP_EXPLICIT_SIMD=0 -fno-tree-vectorize,2,46.171080,46.169631,46.172529,46.171080,0.002049,1.026282
6000x6000.png,6000,6000,Flip_Horizontal,1,dynamic,1,omp,no,unset,unset,hype2,12.2.0,-O3 -Wall -Wextra -std=c++17 -fopenmp -DOMP_EXPLICIT_SIMD=1,2,46.410148,46.197173,46.623122,46.410148,0.301191,0.997252
6000x6000.png,6000,6000,Flip_Horizontal,1,dynamic,16,off,no,unset,unset,hype2,12.2.0,-O3 -Wall -Wextra -std=c++17 -fopenmp -DOMP_EXPLICIT_SIMD=0 -fno-tree-vectorize,2,46.279252,46.063620,46.494884,46.279252,0.304950,1.023883
6000x6000.png,6000,6000,Flip_Horizontal,1,dynamic,16,omp,no,unset,unset,hype2,12.2.0,-O3 -Wall -Wextra -std=c++17 -fopenmp -DOMP_EXPLICIT_SIMD=1,2,46.398276,46.238454,46.558099,46.398276,0.226023,0.997507
6000x6000.png,6000,6000,Flip_Horizontal,1,static,,off,no,unset,unset,hype2,12.2.0,-O3 -Wall -Wextra -std=c++17 -fopenmp -DOMP_EXPLICIT_SIMD=0 -fno-tree-vectorize,2,47.384563,46.405841,48.363284,47.384563,1.384121,1.000000
6000x6000.png,6000,6000,Flip_Horizontal,1,static,,omp,no,unset,unset,hype2,12.2.0,-O3 -Wall -Wextra -std=c++17 -fopenmp -DOMP_EXPLICIT_SIMD=1,2,46.282612,46.126458,46.438766,46.282612,0.220835,1.000000
6000x6000.png,6000,6000,Flip_Horizontal,12,dynamic,1,off,no,unset,unset,hype2,12.2.0,-O3 -Wall -Wextra -std=c++17 -fopenmp -DOMP_EXPLICIT_SIMD=0 -fno-tree-vectorize,2,5.600011,5.549116,5.650907,5.600011,0.071977,1.159315
6000x6000.png,6000,6000,Flip_Horizontal,12,dynamic,1,omp,no,unset,unset,hype2,12.2.0,-O3 -Wall -Wextra -std=c++17 -fopenmp -DOMP_EXPLICIT_SIMD=1,2,5.657771,5.633894,5.681648,5.657771,0.033767,1.135997
6000x6000.png,6000,6000,Flip_Horizontal,12,dynamic,16,off,no,unset,unset,hype2,12.2.0,-O3 -Wall -Wextra -std=c++17 -fopenmp -DOMP_EXPLICIT_SIMD=0 -fno-tree-vectorize,2,5.938389,5.893595,5.983183,5.938389,0.063348,1.093256
6000x6000.png,6000,6000,Flip_Horizontal,12,dynamic,16,omp,no,unset,unset,hype2,12.2.0,-O3 -Wall -Wextra -std=c++17 -fopenmp -DOMP_EXPLICIT_SIMD=1,2,6.089963,6.081743,6.098184,6.089963,0.011626,1.055378
6000x6000.png,6000,6000,Flip_Horizontal,12,static,,off,no,unset,unset,hype2,12.2.0,-O3 -Wall -Wextra -std=c++17 -fopenmp -DOMP_EXPLICIT_SIMD=0 -fno-tree-vectorize,2,6.492177,6.387565,6.596788,6.492177,0.147943,1.000000
6000x6000.png,6000,6000,Flip_Horizontal,12,static,,omp,no,unset,unset,hype2,12.2.0,-O3 -Wall -Wextra -std=c++17 -fopenmp -DOMP_EXPLICIT_SIMD=1,2,6.427214,6.411456,6.442971,6.427214,0.022284,1.000000
6000x6000.png,6000,6000,Flip_Horizontal,16,dynamic,1,off,no,unset,unset,hype2,12.2.0,-O3 -Wall -Wextra -std=c++17 -fopenmp -DOMP_EXPLICIT_SIMD=0 -fno-tree-vectorize,2,4.567341,4.534451,4.600230,4.567341,0.046513,1.104101
6000x6000.png,6000,6000,Flip_Horizontal,16,dynamic,1,omp,no,unset,unset,hype2,12.2.0,-O3 -Wall -Wextra -std=c++17 -fopenmp -DOMP_EXPLICIT_SIMD=1,2,4.549983,4.509313,4.590652,4.549983,0.057515,1.129712
6000x6000.png,6000,6000,Flip_Horizontal,16,dynamic,16,off,no,unset,unset,hype2,12.2.0,-O3 -Wall -Wextra -std=c++17 -fopenmp -DOMP_EXPLICIT_SIMD=0 -fno-tree-vectorize,2,4.816336,4.803402,4.829269,4.816336,0.018291,1.047021
6000x6000.png,6000,6000,Flip_Horizontal,16,dynamic,16,omp,no,unset,unset,hype2,12.2.0,-O3 -Wall -Wextra -std=c++17 -fopenmp -DOMP_EXPLICIT_SIMD=1,2,4.677733,4.513769,4.841697,4.677733,0.231880,1.098859
6000x6000.png,6000,6000,Flip_Horizontal,16,static,,off,no,unset,unset,hype2,12.2.0,-O3 -Wall -Wextra -std=c++17 -fopenmp -DOMP_EXPLICIT_SIMD=0 -fno-tree-vectorize,2,5.042805,4.950211,5.135398,5.042805,0.130947,1.000000
6000x6000.png,6000,6000,Flip_Horizontal,16,static,,omp,no,unset,unset,hype2,12.2.0,-O3 -Wall -Wextra -std=c++17 -fopenmp -DOMP_EXPLICIT_SIMD=1,2,5.140171,5.068340,5.212002,5.140171,0.101584,1.000000
6000x6000.png,6000,6000,Flip_Horizontal,2,dynamic,1,off,no,unset,unset,hype2,12.2.0,-O3 -Wall -Wextra -std=c++17 -fopenmp -DOMP_EXPLICIT_SIMD=0 -fno-tree-vectorize,2,24.378722,23.932921,24.824523,24.378722,0.630458,1.233228
6000x6000.png,6000,6000,Flip_Horizontal,2,dynamic,1,omp,no,unset,unset,hype2,12.2.0,-O3 -Wall -Wextra -std=c++17 -fopenmp -DOMP_EXPLICIT_SIMD=1,2,25.052401,25.045915,25.058886,25.052401,0.009172,1.199449
6000x6000.png,6000,6000,Flip_Horizontal,2,dynamic,16,off,no,unset,unset,hype2,12.2.0,-O3 -Wall -Wextra -std=c++17 -fopenmp -DOMP_EXPLICIT_SIMD=0 -fno-tree-vectorize,2,24.764882,23.535036,25.994729,24.764882,1.739266,1.213998
6000x6000.png,6000,6000,Flip_Horizontal,2,dynamic,16,omp,no,unset,unset,hype2,12.2.0,-O3 -Wall -Wextra -std=c++17 -fopenmp -DOMP_EXPLICIT_SIMD=1,2,26.403619,26.334487,26.472751,26.403619,0.097767,1.138067
6000x6000.png,6000,6000,Flip_Horizontal,2,static,,off,no,unset,unset,hype2,12.2.0,-O3 -Wall -Wextra -std=c++17 -fopenmp -DOMP_EXPLICIT_SIMD=0 -fno-tree-vectorize,2,30.064518,29.774467,30.354569,30.064518,0.410194,1.000000
6000x6000.png,6000,6000,Flip_Horizontal,2,static,,omp,no,unset,unset,hype2,12.2.0,-O3 -Wall -Wextra -std=c++17 -fopenmp -DOMP_EXPLICIT_SIMD=1,2,30.049080,29.949702,30.148459,30.049080,0.140542,1.000000
6000x6000.png,6000,6000,Flip_Horizontal,20,dynamic,1,off,no,unset,unset,hype2,12.2.0,-O3 -Wall -Wextra -std=c++17 -fopenmp -DOMP_EXPLICIT_SIMD=0 -fno-tree-vectorize,2,4.149201,4.124240,4.174162,4.149201,0.035300,1.096963
6000x6000.png,6000,6000,Flip_Horizontal,20,dynamic,1,omp,no,unset,unset,hype2,12.2.0,-O3 -Wall -Wextra -std=c++17 -fopenmp -DOMP_EXPLICIT_SIMD=1,2,4.013197,3.985802,4.040592,4.013197,0.038742,1.139727
6000x6000.png,6000,6000,Flip_Horizontal,20,dynamic,16,off,no,unset,unset,hype2,12.2.0,-O3 -Wall -Wextra -std=c++17 -fopenmp -DOMP_EXPLICIT_SIMD=0 -fno-tree-vectorize,2,4.347578,4.318400,4.376757,4.347578,0.041265,1.046909
6000x6000.png,6000,6000,Flip_Horizontal,20,dynamic,16,omp,no,unset,unset,hype2,12.2.0,-O3 -Wall -Wextra -std=c++17 -fopenmp -DOMP_EXPLICIT_SIMD=1,2,4.420488,4.387964,4.453012,4.420488,0.045996,1.034716
6000x6000.png,6000,6000,Flip_Horizontal,20,static,,off,no,unset,unset,hype2,12.2.0,-O3 -Wall -Wextra -std=c++17 -fopenmp -DOMP_EXPLICIT_SIMD=0 -fno-tree-vectorize,2,4.551521,4.484695,4.618346,4.551521,0.094506,1.000000
6000x6000.png,6000,6000,Flip_Horizontal,20,static,,omp,no,unset,unset,hype2,12.2.0,-O3 -Wall -Wextra -std=c++17 -fopenmp -DOMP_EXPLICIT_SIMD=1,2,4.573950,4.520184,4.627715,4.573950,0.076036,1.000000
6000x6000.png,6000,6000,Flip_Horizontal,4,dynamic,1,off,no,unset,unset,hype2,12.2.0,-O3 -Wall -Wextra -std=c++17 -fopenmp -DOMP_EXPLICIT_SIMD=0 -fno-tree-vectorize,2,14.260530,14.249298,14.271762,14.260530,0.015884,1.248530
6000x6000.png,6000,6000,Flip_Horizontal,4,dynamic,1,omp,no,unset,unset,hype2,12.2.0,-O3 -Wall -Wextra -std=c++17 -fopenmp -DOMP_EXPLICIT_SIMD=1,2,13.976619,13.563954,14.389283,13.976619,0.583596,1.131140
6000x6000.png,6000,6000,Flip_Horizontal,4,dynamic,16,off,no,unset,unset,hype2,12.2.0,-O3 -Wall -Wextra -std=c++17 -fopenmp -DOMP_EXPLICIT_SIMD=0 -fno-tree-vectorize,2,14.735342,14.294377,15.176306,14.735342,0.623618,1.208299
6000x6000.png,6000,6000,Flip_Horizontal,4,dynamic,16,omp,no,unset,unset,hype2,12.2.0,-O3 -Wall -Wextra -std=c++17 -fopenmp -DOMP_EXPLICIT_SIMD=1,2,14.673806,14.174711,15.172901,14.673806,0.705827,1.077397
6000x6000.png,6000,6000,Flip_Horizontal,4,static,,off,no,unset,unset,hype2,12.2.0,-O3 -Wall -Wextra -std=c++17 -fopenmp -DOMP_EXPLICIT_SIMD=0 -fno-tree-vectorize,2,17.804702,17.702882,17.906521,17.804702,0.143995,1.000000
6000x6000.png,6000,6000,Flip_Horizontal,4,static,,omp,no,unset,unset,hype2,12.2.0,-O3 -Wall -Wextra -std=c++17 -fopenmp -DOMP_EXPLICIT_SIMD=1,2,15.809514,13.955606,17.663422,15.809514,2.621822,1.000000
6000x6000.png,6000,6000,Flip_Horizontal,8,dynamic,1,off,no,unset,unset,hype2,12.2.0,-O3 -Wall -Wextra -std=c++17 -fopenmp -DOMP_EXPLICIT_SIMD=0 -fno-tree-vectorize,2,7.525173,7.202649,7.847696,7.525173,0.456117,1.261520
6000x6000.png,6000,6000,Flip_Horizontal,8,dynamic,1,omp,no,unset,unset,hype2,12.2.0,-O3 -Wall -Wextra -std=c++17 -fopenmp -DOMP_EXPLICIT_SIMD=1,2,8.071312,8.028796,8.113827,8.071312,0.060126,1.164788
6000x6000.png,6000,6000,Flip_Horizontal,8,dynamic,16,off,no,unset,unset,hype2,12.2.0,-O3 -Wall -Wextra -std=c++17 -fopenmp -DOMP_EXPLICIT_SIMD=0 -fno-tree-vectorize,2,8.687800,8.646109,8.729490,8.687800,0.058959,1.092700
6000x6000.png,6000,6000,Flip_Horizontal,8,dynamic,16,omp,no,unset,unset,hype2,12.2.0,-O3 -Wall -Wextra -std=c++17 -fopenmp -DOMP_EXPLICIT_SIMD=1,2,8.628009,8.623575,8.632443,8.628009,0.006271,1.089634
6000x6000.png,6000,6000,Flip_Horizontal,8,static,,off,no,unset,unset,hype2,12.2.0,-O3 -Wall -Wextra -std=c++17 -fopenmp -DOMP_EXPLICIT_SIMD=0 -fno-tree-vectorize,2,9.493156,9.482252,9.504059,9.493156,0.015420,1.000000
6000x6000.png,6000,6000,Flip_Horizontal,8,static,,omp,no,unset,unset,hype2,12.2.0,-O3 -Wall -Wextra -std=c++17 -fopenmp -DOMP_EXPLICIT_SIMD=1,2,9.401368,9.380639,9.422097,9.401368,0.029315,1.000000
6000x6000.png,6000,6000,Flip_Vertical,1,dynamic,1,off,no,unset,unset,hype2,12.2.0,-O3 -Wall -Wextra -std=c++17 -fopenmp -DOMP_EXPLICIT_SIMD=0 -fno-tree-vectorize,2,16.594158,16.578349,16.609967,16.594158,0.022357,0.995856
6000x6000.png,6000,6000,Flip_Vertical,1,dynamic,1,omp,no,unset,unset,hype2,12.2.0,-O3 -Wall -Wextra -std=c++17 -fopenmp -DOMP_EXPLICIT_SIMD=1,2,16.699023,16.578401,16.819646,16.699023,0.170586,0.980455
6000x6000.png,6000,6000,Flip_Vertical,1,dynamic,16,off,no,unset,unset,hype2,12.2.0,-O3 -Wall -Wextra -std=c++17 -fopenmp -DOMP_EXPLICIT_SIMD=0 -fno-tree-vectorize,2,16.432077,16.390373,16.473782,16.432077,0.058979,1.005679
6000x6000.png,6000,6000,Flip_Vertical,1,dynamic,16,omp,no,unset,unset,hype2,12.2.0,-O3 -Wall -Wextra -std=c++17 -fopenmp -DOMP_EXPLICIT_SIMD=1,2,16.438025,16.428465,16.447585,16.438025,0.013520,0.996023
6000x6000.png,6000,6000,Flip_Vertical,1,static,,off,no,unset,unset,hype2,12.2.0,-O3 -Wall -Wextra -std=c++17 -fopenmp -DOMP_EXPLICIT_SIMD=0 -fno-tree-vectorize,2,16.525394,16.349608,16.701180,16.525394,0.248599,1.000000
6000x6000.png,6000,6000,Flip_Vertical,1,static,,omp,no,unset,unset,hype2,12.2.0,-O3 -Wall -Wextra -std=c++17 -fopenmp -DOMP_EXPLICIT_SIMD=1,2,16.372649,16.367145,16.378152,16.372649,0.007783,1.000000
6000x6000.png,6000,6000,Flip_Vertical,12,dynamic,1,off,no,unset,unset,hype2,12.2.0,-O3 -Wall -Wextra -std=c++17 -fopenmp -DOMP_EXPLICIT_SIMD=0 -fno-tree-vectorize,2,4.148109,4.140740,4.155477,4.148109,0.010421,1.073764
6000x6000.png,6000,6000,Flip_Vertical,12,dynamic,1,omp,no,unset,unset,hype2,12.2.0,-O3 -Wall -Wextra -std=c++17 -fopenmp -DOMP_EXPLICIT_SIMD=1,2,4.296418,4.208498,4.384338,4.296418,0.124338,1.060583
6000x6000.png,6000,6000,Flip_Vertical,12,dynamic,16,off,no,unset,unset,hype2,12.2.0,-O3 -Wall -Wextra -std=c++17 -fopenmp -DOMP_EXPLICIT_SIMD=0 -fno-tree-vectorize,2,4.302996,4.236080,4.369912,4.302996,0.094634,1.035114
6000x6000.png,6000,6000,Flip_Vertical,12,dynamic,16,omp,no,unset,unset,hype2,12.2.0,-O3 -Wall -Wextra -std=c++17 -fopenmp -DOMP_EXPLICIT_SIMD=1,2,4.331727,4.316783,4.346670,4.331727,0.021133,1.051938
6000x6000.png,6000,6000,Flip_Vertical,12,static,,off,no,unset,unset,hype2,12.2.0,-O3 -Wall -Wextra -std=c++17 -fopenmp -DOMP_EXPLICIT_SIMD=0 -fno-tree-vectorize,2,4.454092,4.376436,4.531748,4.454092,0.109822,1.000000
6000x6000.png,6000,6000,Flip_Vertical,12,static,,omp,no,unset,unset,hype2,12.2.0,-O3 -Wall -Wextra -std=c++17 -fopenmp -DOMP_EXPLICIT_SIMD=1,2,4.556707,4.473760,4.639654,4.556707,0.117305,1.000000
6000x6000.png,6000,6000,Flip_Vertical,16,dynamic,1,off,no,unset,unset,hype2,12.2.0,-O3 -Wall -Wextra -std=c++17 -fopenmp -DOMP_EXPLICIT_SIMD=0 -fno-tree-vectorize,2,4.610262,4.549063,4.671460,4.610262,0.086548,0.987505
6000x6000.png,6000,6000,Flip_Vertical,16,dynamic,1,omp,no,unset,unset,hype2,12.2.0,-O3 -Wall -Wextra -std=c++17 -fopenmp -DOMP_EXPLICIT_SIMD=1,2,4.484300,4.321493,4.647108,4.484300,0.230245,1.032133
6000x6000.png,6000,6000,Flip_Vertical,16,dynamic,16,off,no,unset,unset,hype2,12.2.0,-O3 -Wall -Wextra -std=c++17 -fopenmp -DOMP_EXPLICIT_SIMD=0 -fno-tree-vectorize,2,4.338973,4.281030,4.396917,4.338973,0.081944,1.049247
6000x6000.png,6000,6000,Flip_Vertical,16,dynamic,16,omp,no,unset,unset,hype2,12.2.0,-O3 -Wall -Wextra -std=c++17 -fopenmp -DOMP_EXPLICIT_SIMD=1,2,4.160384,3.813457,4.507311,4.160384,0.490629,1.112492
6000x6000.png,6000,6000,Flip_Vertical,16,static,,off,no,unset,unset,hype2,12.2.0,-O3 -Wall -Wextra -std=c++17 -fopenmp -DOMP_EXPLICIT_SIMD=0 -fno-tree-vectorize,2,4.552655,4.480381,4.624929,4.552655,0.102211,1.000000
6000x6000.png,6000,6000,Flip_Vertical,16,static,,omp,no,unset,unset,hype2,12.2.0,-O3 -Wall -Wextra -std=c++17 -fopenmp -DOMP_EXPLICIT_SIMD=1,2,4.628395,4.551539,4.705252,4.628395,0.108692,1.000000
6000x6000.png,6000,6000,Flip_Vertical,2,dynamic,1,off,no,unset,unset,hype2,12.2.0,-O3 -Wall -Wextra -std=c++17 -fopenmp -DOMP_EXPLICIT_SIMD=0 -fno-tree-vectorize,2,8.818485,8.719332,8.917638,8.818485,0.140224,0.954845
6000x6000.png,6000,6000,Flip_Vertical,2,dynamic,1,omp,no,unset,unset,hype2,12.2.0,-O3 -Wall -Wextra -std=c++17 -fopenmp -DOMP_EXPLICIT_SIMD=1,2,8.632915,8.599331,8.666498,8.632915,0.047494,0.970984
6000x6000.png,6000,6000,Flip_Vertical,2,dynamic,16,off,no,unset,unset,hype2,12.2.0,-O3 -Wall -Wextra -std=c++17 -fopenmp -DOMP_EXPLICIT_SIMD=0 -fno-tree-vectorize,2,8.370228,8.358380,8.382076,8.370228,0.016756,1.005980
6000x6000.png,6000,6000,Flip_Vertical,2,dynamic,16,omp,no,unset,unset,hype2,12.2.0,-O3 -Wall -Wextra -std=c++17 -fopenmp -DOMP_EXPLICIT_SIMD=1,2,8.408394,8.404193,8.412596,8.408394,0.005942,0.996911
6000x6000.png,6000,6000,Flip_Vertical,2,static,,off,no,unset,unset,hype2,12.2.0,-O3 -Wall -Wextra -std=c++17 -fopenmp -DOMP_EXPLICIT_SIMD=0 -fno-tree-vectorize,2,8.420285,8.401085,8.439484,8.420285,0.027152,1.000000
6000x6000.png,6000,6000,Flip_Vertical,2,static,,omp,no,unset,unset,hype2,12.2.0,-O3 -Wall -Wextra -std=c++17 -fopenmp -DOMP_EXPLICIT_SIMD=1,2,8.382421,8.339491,8.425351,8.382421,0.060712,1.000000
6000x6000.png,6000,6000,Flip_Vertical,20,dynamic,1,off,no,unset,unset,hype2,12.2.0,-O3 -Wall -Wextra -std=c++17 -fopenmp -DOMP_EXPLICIT_SIMD=0 -fno-tree-vectorize,2,4.126390,3.843514,4.409267,4.126390,0.400048,1.170186
6000x6000.png,6000,6000,Flip_Vertical,20,dynamic,1,omp,no,unset,unset,hype2,12.2.0,-O3 -Wall -Wextra -std=c++17 -fopenmp -DOMP_EXPLICIT_SIMD=1,2,4.523910,4.470781,4.577040,4.523910,0.075136,1.057307
6000x6000.png,6000,6000,Flip_Vertical,20,dynamic,16,off,no,unset,unset,hype2,12.2.0,-O3 -Wall -Wextra -std=c++17 -fopenmp -DOMP_EXPLICIT_SIMD=0 -fno-tree-vectorize,2,4.655551,4.636786,4.674315,4.655551,0.026537,1.037180
6000x6000.png,6000,6000,Flip_Vertical,20,dynamic,16,omp,no,unset,unset,hype2,12.2.0,-O3 -Wall -Wextra -std=c++17 -fopenmp -DOMP_EXPLICIT_SIMD=1,2,4.703290,4.623600,4.782979,4.703290,0.112698,1.016982
6000x6000.png,6000,6000,Flip_Vertical,20,static,,off,no,unset,unset,hype2,12.2.0,-O3 -Wall -Wextra -std=c++17 -fopenmp -DOMP_EXPLICIT_SIMD=0 -fno-tree-vectorize,2,4.828644,4.706173,4.951114,4.828644,0.173199,1.000000
6000x6000.png,6000,6000,Flip_Vertical,20,static,,omp,no,unset,unset,hype2,12.2.0,-O3 -Wall -Wextra -std=c++17 -fopenmp -DOMP_EXPLICIT_SIMD=1,2,4.783163,4.749462,4.816864,4.783163,0.047660,1.000000
6000x6000.png,6000,6000,Flip_Vertical,4,dynamic,1,off,no,unset,unset,hype2,12.2.0,-O3 -Wall -Wextra -std=c++17 -fopenmp -DOMP_EXPLICIT_SIMD=0 -fno-tree-vectorize,2,5.326655,5.313924,5.339386,5.326655,0.018004,1.086179
6000x6000.png,6000,6000,Flip_Vertical,4,dynamic,1,omp,no,unset,unset,hype2,12.2.0,-O3 -Wall -Wextra -std=c++17 -fopenmp -DOMP_EXPLICIT_SIMD=1,2,5.428470,5.415237,5.441703,5.428470,0.018714,1.006326
6000x6000.png,6000,6000,Flip_Vertical,4,dynamic,16,off,no,unset,unset,hype2,12.2.0,-O3 -Wall -Wextra -std=c++17 -fopenmp -DOMP_EXPLICIT_SIMD=0 -fno-tree-vectorize,2,5.133401,5.084995,5.181806,5.133401,0.068456,1.127070
6000x6000.png,6000,6000,Flip_Vertical,4,dynamic,16,omp,no,unset,unset,hype2,12.2.0,-O3 -Wall -Wextra -std=c++17 -fopenmp -DOMP_EXPLICIT_SIMD=1,2,5.217234,5.187801,5.246667,5.217234,0.041625,1.047070
6000x6000.png,6000,6000,Flip_Vertical,4,static,,off,no,unset,unset,hype2,12.2.0,-O3 -Wall -Wextra -std=c++17 -fopenmp -DOMP_EXPLICIT_SIMD=0 -fno-tree-vectorize,2,5.785701,5.739779,5.831622,5.785701,0.064943,1.000000
6000x6000.png,6000,6000,Flip_Vertical,4,static,,omp,no,unset,unset,hype2,12.2.0,-O3 -Wall -Wextra -std=c++17 -fopenmp -DOMP_EXPLICIT_SIMD=1,2,5.462810,5.264528,5.661092,5.462810,0.280413,1.000000
6000x6000.png,6000,6000,Flip_Vertical,8,dynamic,1,off,no,unset,unset,hype2,12.2.0,-O3 -Wall -Wextra -std=c++17 -fopenmp -DOMP_EXPLICIT_SIMD=0 -fno-tree-vectorize,2,4.264904,4.194772,4.335035,4.264904,0.099181,1.022763
6000x6000.png,6000,6000,Flip_Vertical,8,dynamic,1,omp,no,unset,unset,hype2,12.2.0,-O3 -Wall -Wextra -std=c++17 -fopenmp -DOMP_EXPLICIT_SIMD=1,2,4.274109,4.262652,4.285567,4.274109,0.016203,1.061522
6000x6000.png,6000,6000,Flip_Vertical,8,dynamic,16,off,no,unset,unset,hype2,12.2.0,-O3 -Wall -Wextra -std=c++17 -fopenmp -DOMP_EXPLICIT_SIMD=0 -fno-tree-vectorize,2,4.166448,4.102075,4.230821,4.166448,0.091037,1.046931
6000x6000.png,6000,6000,Flip_Vertical,8,dynamic,16,omp,no,unset,unset,hype2,12.2.0,-O3 -Wall -Wextra -std=c++17 -fopenmp -DOMP_EXPLICIT_SIMD=1,2,4.125262,4.107621,4.142902,4.125262,0.024947,1.099823
6000x6000.png,6000,6000,Flip_Vertical,8,static,,off,no,unset,unset,hype2,12.2.0,-O3 -Wall -Wextra -std=c++17 -fopenmp -DOMP_EXPLICIT_SIMD=0 -fno-tree-vectorize,2,4.361985,4.333288,4.390682,4.361985,0.040584,1.000000
6000x6000.png,6000,6000,Flip_Vertical,8,static,,omp,no,unset,unset,hype2,12.2.0,-O3 -Wall -Wextra -std=c++17 -fopenmp -DOMP_EXPLICIT_SIMD=1,2,4.537059,4.468046,4.606072,4.537059,0.097599,1.000000
6000x6000.png,6000,6000,Gaussian_11x11,1,dynamic,1,off,yes,unset,unset,hype2,12.2.0,-O3 -Wall -Wextra -std=c++17 -fopenmp -DOMP_EXPLICIT_SIMD=0 -fno-tree-vectorize,2,9548.735419,9547.902963,9549.567875,9548.735419,1.177271,1.000710
6000x6000.png,6000,6000,Gaussian_11x11,1,dynamic,1,omp,yes,unset,unset,hype2,12.2.0,-O3 -Wall -Wextra -std=c++17 -fopenmp -DOMP_EXPLICIT_SIMD=1,2,9578.522982,9567.008618,9590.037345,9578.522982,16.283769,1.000809
6000x6000.png,6000,6000,Gaussian_11x11,1,dynamic,16,off,yes,unset,unset,hype2,12.2.0,-O3 -Wall -Wextra -std=c++17 -fopenmp -DOMP_EXPLICIT_SIMD=0 -fno-tree-vectorize,2,9555.620160,9543.157918,9568.082402,9555.620160,17.624272,0.999989
6000x6000.png,6000,6000,Gaussian_11x11,1,dynamic,16,omp,yes,unset,unset,hype2,12.2.0,-O3 -Wall -Wextra -std=c++17 -fopenmp -DOMP_EXPLICIT_SIMD=1,2,9574.315285,9568.938075,9579.692495,9574.315285,7.604523,1.001249
6000x6000.png,6000,6000,Gaussian_11x11,1,static,,off,yes,unset,unset,hype2,12.2.0,-O3 -Wall -Wextra -std=c++17 -fopenmp -DOMP_EXPLICIT_SIMD=0 -fno-tree-vectorize,2,9555.511988,9548.448654,9562.575321,9555.511988,9.989062,1.000000
6000x6000.png,6000,6000,Gaussian_11x11,1,static,,omp,yes,unset,unset,hype2,12.2.0,-O3 -Wall -Wextra -std=c++17 -fopenmp -DOMP_EXPLICIT_SIMD=1,2,9586.276479,9584.454209,9588.098749,9586.276479,2.577079,1.000000
6000x6000.png,6000,6000,Gaussian_11x11,12,dynamic,1,off,yes,unset,unset,hype2,12.2.0,-O3 -Wall -Wextra -std=c++17 -fopenmp -DOMP_EXPLICIT_SIMD=0 -fno-tree-vectorize,2,919.467353,919.336061,919.598645,919.467353,0.185675,0.999117
6000x6000.png,6000,6000,Gaussian_11x11,12,dynamic,1,omp,yes,unset,unset,hype2,12.2.0,-O3 -Wall -Wextra -std=c++17 -fopenmp -DOMP_EXPLICIT_SIMD=1,2,921.072418,921.044990,921.099846,921.072418,0.038789,0.997533
6000x6000.png,6000,6000,Gaussian_11x11,12,dynamic,16,off,yes,unset,unset,hype2,12.2.0,-O3 -Wall -Wextra -std=c++17 -fopenmp -DOMP_EXPLICIT_SIMD=0 -fno-tree-vectorize,2,936.028699,935.900702,936.156695,936.028699,0.181014,0.981439
6000x6000.png,6000,6000,Gaussian_11x11,12,dynamic,16,omp,yes,unset,unset,hype2,12.2.0,-O3 -Wall -Wextra -std=c++17 -fopenmp -DOMP_EXPLICIT_SIMD=1,2,938.209168,938.071910,938.346426,938.209168,0.194112,0.979312
6000x6000.png,6000,6000,Gaussian_11x11,12,static,,off,yes,unset,unset,hype2,12.2.0,-O3 -Wall -Wextra -std=c++17 -fopenmp -DOMP_EXPLICIT_SIMD=0 -fno-tree-vectorize,2,918.655188,916.877966,920.432410,918.655188,2.513371,1.000000
6000x6000.png,6000,6000,Gaussian_11x11,12,static,,omp,yes,unset,unset,hype2,12.2.0,-O3 -Wall -Wextra -std=c++17 -fopenmp -DOMP_EXPLICIT_SIMD=1,2,918.799822,918.647568,918.952076,918.799822,0.215320,1.000000
6000x6000.png,6000,6000,Gaussian_11x11,16,dynamic,1,off,yes,unset,unset,hype2,12.2.0,-O3 -Wall -Wextra -std=c++17 -fopenmp -DOMP_EXPLICIT_SIMD=0 -fno-tree-vectorize,2,692.965023,692.155220,693.774827,692.965023,1.145235,1.013088
6000x6000.png,6000,6000,Gaussian_11x11,16,dynamic,1,omp,yes,unset,unset,hype2,12.2.0,-O3 -Wall -Wextra -std=c++17 -fopenmp -DOMP_EXPLICIT_SIMD=1,2,692.996525,692.571551,693.421500,692.996525,0.601005,1.000303
6000x6000.png,6000,6000,Gaussian_11x11,16,dynamic,16,off,yes,unset,unset,hype2,12.2.0,-O3 -Wall -Wextra -std=c++17 -fopenmp -DOMP_EXPLICIT_SIMD=0 -fno-tree-vectorize,2,705.918551,705.749206,706.087896,705.918551,0.239490,0.994498
6000x6000.png,6000,6000,Gaussian_11x11,16,dynamic,16,omp,yes,unset,unset,hype2,12.2.0,-O3 -Wall -Wextra -std=c++17 -fopenmp -DOMP_EXPLICIT_SIMD=1,2,706.959561,706.876533,707.042589,706.959561,0.117419,0.980546
6000x6000.png,6000,6000,Gaussian_11x11,16,static,,off,yes,unset,unset,hype2,12.2.0,-O3 -Wall -Wextra -std=c++17 -fopenmp -DOMP_EXPLICIT_SIMD=0 -fno-tree-vectorize,2,702.034461,689.707058,714.361864,702.034461,17.433581,1.000000
6000x6000.png,6000,6000,Gaussian_11x11,16,static,,omp,yes,unset,unset,hype2,12.2.0,-O3 -Wall -Wextra -std=c++17 -fopenmp -DOMP_EXPLICIT_SIMD=1,2,693.206482,691.157905,695.255059,693.206482,2.897125,1.000000
6000x6000.png,6000,6000,Gaussian_11x11,2,dynamic,1,off,yes,unset,unset,hype2,12.2.0,-O3 -Wall -Wextra -std=c++17 -fopenmp -DOMP_EXPLICIT_SIMD=0 -fno-tree-vectorize,2,4798.924428,4791.134648,4806.714208,4798.924428,11.016413,1.004875
6000x6000.png,6000,6000,Gaussian_11x11,2,dynamic,1,omp,yes,unset,unset,hype2,12.2.0,-O3 -Wall -Wextra -std=c++17 -fopenmp -DOMP_EXPLICIT_SIMD=1,2,4840.190193,4835.416183,4844.964202,4840.190193,6.751469,0.998866
6000x6000.png,6000,6000,Gaussian_11x11,2,dynamic,16,off,yes,unset,unset,hype2,12.2.0,-O3 -Wall -Wextra -std=c++17 -fopenmp -DOMP_EXPLICIT_SIMD=0 -fno-tree-vectorize,2,4812.979114,4798.728866,4827.229363,4812.979114,20.152895,1.001941
6000x6000.png,6000,6000,Gaussian_11x11,2,dynamic,16,omp,yes,unset,unset,hype2,12.2.0,-O3 -Wall -Wextra -std=c++17 -fopenmp -DOMP_EXPLICIT_SIMD=1,2,4822.665858,4808.108059,4837.223657,4822.665858,20.587837,1.002496
6000x6000.png,6000,6000,Gaussian_11x11,2,static,,off,yes,unset,unset,hype2,12.2.0,-O3 -Wall -Wextra -std=c++17 -fopenmp -DOMP_EXPLICIT_SIMD=0 -fno-tree-vectorize,2,4822.320937,4796.620313,4848.021560,4822.320937,36.346170,1.000000
6000x6000.png,6000,6000,Gaussian_11x11,2,static,,omp,yes,unset,unset,hype2,12.2.0,-O3 -Wall -Wextra -std=c++17 -fopenmp -DOMP_EXPLICIT_SIMD=1,2,4834.702442,4834.270935,4835.133950,4834.702442,0.610244,1.000000
6000x6000.png,6000,6000,Gaussian_11x11,20,dynamic,1,off,yes,unset,unset,hype2,12.2.0,-O3 -Wall -Wextra -std=c++17 -fopenmp -DOMP_EXPLICIT_SIMD=0 -fno-tree-vectorize,2,554.898121,554.609978,555.186264,554.898121,0.407496,0.996095
6000x6000.png,6000,6000,Gaussian_11x11,20,dynamic,1,omp,yes,unset,unset,hype2,12.2.0,-O3 -Wall -Wextra -std=c++17 -fopenmp -DOMP_EXPLICIT_SIMD=1,2,557.968958,557.802565,558.135351,557.968958,0.235315,0.992604
6000x6000.png,6000,6000,Gaussian_11x11,20,dynamic,16,off,yes,unset,unset,hype2,12.2.0,-O3 -Wall -Wextra -std=c++17 -fopenmp -DOMP_EXPLICIT_SIMD=0 -fno-tree-vectorize,2,561.466700,561.116198,561.817201,561.466700,0.495684,0.984442
6000x6000.png,6000,6000,Gaussian_11x11,20,dynamic,16,omp,yes,unset,unset,hype2,12.2.0,-O3 -Wall -Wextra -std=c++17 -fopenmp -DOMP_EXPLICIT_SIMD=1,2,575.966876,561.871689,590.062062,575.966876,19.933604,0.961587
6000x6000.png,6000,6000,Gaussian_11x11,20,static,,off,yes,unset,unset,hype2,12.2.0,-O3 -Wall -Wextra -std=c++17 -fopenmp -DOMP_EXPLICIT_SIMD=0 -fno-tree-vectorize,2,552.731352,552.281776,553.180927,552.731352,0.635796,1.000000
6000x6000.png,6000,6000,Gaussian_11x11,20,static,,omp,yes,unset,unset,hype2,12.2.0,-O3 -Wall -Wextra -std=c++17 -fopenmp -DOMP_EXPLICIT_SIMD=1,2,553.842326,553.552810,554.131842,553.842326,0.409437,1.000000
6000x6000.png,6000,6000,Gaussian_11x11,4,dynamic,1,off,yes,unset,unset,hype2,12.2.0,-O3 -Wall -Wextra -std=c++17 -fopenmp -DOMP_EXPLICIT_SIMD=0 -fno-tree-vectorize,2,2400.485125,2397.451277,2403.518973,2400.485125,4.290509,1.001239
6000x6000.png,6000,6000,Gaussian_11x11,4,dynamic,1,omp,yes,unset,unset,hype2,12.2.0,-O3 -Wall -Wextra -std=c++17 -fopenmp -DOMP_EXPLICIT_SIMD=1,2,2433.026768,2408.966075,2457.087461,2433.026768,34.026958,0.987919
6000x6000.png,6000,6000,Gaussian_11x11,4,dynamic,16,off,yes,unset,unset,hype2,12.2.0,-O3 -Wall -Wextra -std=c++17 -fopenmp -DOMP_EXPLICIT_SIMD=0 -fno-tree-vectorize,2,2400.488828,2399.153553,2401.824104,2400.488828,1.888365,1.001238
6000x6000.png,6000,6000,Gaussian_11x11,4,dynamic,16,omp,yes,unset,unset,hype2,12.2.0,-O3 -Wall -Wextra -std=c++17 -fopenmp -DOMP_EXPLICIT_SIMD=1,2,2406.075190,2405.592651,2406.557730,2406.075190,0.682414,0.998985
6000x6000.png,6000,6000,Gaussian_11x11,4,static,,off,yes,unset,unset,hype2,12.2.0,-O3 -Wall -Wextra -std=c++17 -fopenmp -DOMP_EXPLICIT_SIMD=0 -fno-tree-vectorize,2,2403.459994,2397.677533,2409.242455,2403.459994,8.177635,1.000000
6000x6000.png,6000,6000,Gaussian_11x11,4,static,,omp,yes,unset,unset,hype2,12.2.0,-O3 -Wall -Wextra -std=c++17 -fopenmp -DOMP_EXPLICIT_SIMD=1,2,2403.633077,2393.506644,2413.759510,2403.633077,14.320939,1.000000
6000x6000.png,6000,6000,Gaussian_11x11,8,dynamic,1,off,yes,unset,unset,hype2,12.2.0,-O3 -Wall -Wextra -std=c++17 -fopenmp -DOMP_EXPLICIT_SIMD=0 -fno-tree-vectorize,2,1332.703039,1331.141968,1334.264111,1332.703039,2.207688,0.997547
6000x6000.png,6000,6000,Gaussian_11x11,8,dynamic,1,omp,yes,unset,unset,hype2,12.2.0,-O3 -Wall -Wextra -std=c++17 -fopenmp -DOMP_EXPLICIT_SIMD=1,2,1332.193471,1329.531464,1334.855478,1332.193471,3.764646,1.000710
6000x6000.png,6000,6000,Gaussian_11x11,8,dynamic,16,off,yes,unset,unset,hype2,12.2.0,-O3 -Wall -Wextra -std=c++17 -fopenmp -DOMP_EXPLICIT_SIMD=0 -fno-tree-vectorize,2,1337.111790,1333.117584,1341.105996,1337.111790,5.648660,0.994258
6000x6000.png,6000,6000,Gaussian_11x11,8,dynamic,16,omp,yes,unset,unset,hype2,12.2.0,-O3 -Wall -Wextra -std=c++17 -fopenmp -DOMP_EXPLICIT_SIMD=1,2,1332.961062,1332.918829,1333.003295,1332.961062,0.059726,1.000134
6000x6000.png,6000,6000,Gaussian_11x11,8,static,,off,yes,unset,unset,hype2,12.2.0,-O3 -Wall -Wextra -std=c++17 -fopenmp -DOMP_EXPLICIT_SIMD=0 -fno-tree-vectorize,2,1329.433577,1325.314363,1333.552791,1329.433577,5.825448,1.000000
6000x6000.png,6000,6000,Gaussian_11x11,8,static,,omp,yes,unset,unset,hype2,12.2.0,-O3 -Wall -Wextra -std=c++17 -fopenmp -DOMP_EXPLICIT_SIMD=1,2,1333.139829,1327.902430,1338.377228,1333.139829,7.406801,1.000000
6000x6000.png,6000,6000,Gaussian_3x3,1,dynamic,1,off,yes,unset,unset,hype2,12.2.0,-O3 -Wall -Wextra -std=c++17 -fopenmp -DOMP_EXPLICIT_SIMD=0 -fno-tree-vectorize,2,1408.425619,1405.600430,1411.250809,1408.425619,3.995421,1.000057
6000x6000.png,6000,6000,Gaussian_3x3,1,dynamic,1,omp,yes,unset,unset,hype2,12.2.0,-O3 -Wall -Wextra -std=c++17 -fopenmp -DOMP_EXPLICIT_SIMD=1,2,1379.161328,1374.457046,1383.865610,1379.161328,6.652859,0.996206
6000x6000.png,6000,6000,Gaussian_3x3,1,dynamic,16,off,yes,unset,unset,hype2,12.2.0,-O3 -Wall -Wextra -std=c++17 -fopenmp -DOMP_EXPLICIT_SIMD=0 -fno-tree-vectorize,2,1409.100725,1402.167916,1416.033533,1409.100725,9.804472,0.999578
6000x6000.png,6000,6000,Gaussian_3x3,1,dynamic,16,omp,yes,unset,unset,hype2,12.2.0,-O3 -Wall -Wextra -std=c++17 -fopenmp -DOMP_EXPLICIT_SIMD=1,2,1375.890099,1374.674478,1377.105721,1375.890099,1.719148,0.998574
6000x6000.png,6000,6000,Gaussian_3x3,1,static,,off,yes,unset,unset,hype2,12.2.0,-O3 -Wall -Wextra -std=c++17 -fopenmp -DOMP_EXPLICIT_SIMD=0 -fno-tree-vectorize,2,1408.506278,1405.296802,1411.715753,1408.506278,4.538884,1.000000
6000x6000.png,6000,6000,Gaussian_3x3,1,static,,omp,yes,unset,unset,hype2,12.2.0,-O3 -Wall -Wextra -std=c++17 -fopenmp -DOMP_EXPLICIT_SIMD=1,2,1373.928236,1373.905911,1373.950561,1373.928236,0.031572,1.000000
6000x6000.png,6000,6000,Gaussian_3x3,12,dynamic,1,off,yes,unset,unset,hype2,12.2.0,-O3 -Wall -Wextra -std=c++17 -fopenmp -DOMP_EXPLICIT_SIMD=0 -fno-tree-vectorize,2,148.781711,148.495593,149.067828,148.781711,0.404631,0.926215
6000x6000.png,6000,6000,Gaussian_3x3,12,dynamic,1,omp,yes,unset,unset,hype2,12.2.0,-O3 -Wall -Wextra -std=c++17 -fopenmp -DOMP_EXPLICIT_SIMD=1,2,143.810741,142.332397,145.289084,143.810741,2.090693,0.935931
6000x6000.png,6000,6000,Gaussian_3x3,12,dynamic,16,off,yes,unset,unset,hype2,12.2.0,-O3 -Wall -Wextra -std=c++17 -fopenmp -DOMP_EXPLICIT_SIMD=0 -fno-tree-vectorize,2,139.665774,139.466615,139.864934,139.665774,0.281654,0.986669
6000x6000.png,6000,6000,Gaussian_3x3,12,dynamic,16,omp,yes,unset,unset,hype2,12.2.0,-O3 -Wall -Wextra -std=c++17 -fopenmp -DOMP_EXPLICIT_SIMD=1,2,136.646164,136.313027,136.979301,136.646164,0.471127,0.985003
6000x6000.png,6000,6000,Gaussian_3x3,12,static,,off,yes,unset,unset,hype2,12.2.0,-O3 -Wall -Wextra -std=c++17 -fopenmp -DOMP_EXPLICIT_SIMD=0 -fno-tree-vectorize,2,137.803877,137.397176,138.210578,137.803877,0.575162,1.000000
6000x6000.png,6000,6000,Gaussian_3x3,12,static,,omp,yes,unset,unset,hype2,12.2.0,-O3 -Wall -Wextra -std=c++17 -fopenmp -DOMP_EXPLICIT_SIMD=1,2,134.596869,133.682403,135.511336,134.596869,1.293251,1.000000
6000x6000.png,6000,6000,Gaussian_3x3,16,dynamic,1,off,yes,unset,unset,hype2,12.2.0,-O3 -Wall -Wextra -std=c++17 -fopenmp -DOMP_EXPLICIT_SIMD=0 -fno-tree-vectorize,2,115.136818,114.464131,115.809504,115.136818,0.951322,0.905748
6000x6000.png,6000,6000,Gaussian_3x3,16,dynamic,1,omp,yes,unset,unset,hype2,12.2.0,-O3 -Wall -Wextra -std=c++17 -fopenmp -DOMP_EXPLICIT_SIMD=1,2,113.921232,113.786793,114.055671,113.921232,0.190125,0.896802
6000x6000.png,6000,6000,Gaussian_3x3,16,dynamic,16,off,yes,unset,unset,hype2,12.2.0,-O3 -Wall -Wextra -std=c++17 -fopenmp -DOMP_EXPLICIT_SIMD=0 -fno-tree-vectorize,2,105.826312,105.728019,105.924605,105.826312,0.139007,0.985435
6000x6000.png,6000,6000,Gaussian_3x3,16,dynamic,16,omp,yes,unset,unset,hype2,12.2.0,-O3 -Wall -Wextra -std=c++17 -fopenmp -DOMP_EXPLICIT_SIMD=1,2,103.872347,103.798687,103.946007,103.872347,0.104171,0.983560
6000x6000.png,6000,6000,Gaussian_3x3,16,static,,off,yes,unset,unset,hype2,12.2.0,-O3 -Wall -Wextra -std=c++17 -fopenmp -DOMP_EXPLICIT_SIMD=0 -fno-tree-vectorize,2,104.284969,104.227614,104.342324,104.284969,0.081112,1.000000
6000x6000.png,6000,6000,Gaussian_3x3,16,static,,omp,yes,unset,unset,hype2,12.2.0,-O3 -Wall -Wextra -std=c++17 -fopenmp -DOMP_EXPLICIT_SIMD=1,2,102.164738,102.024607,102.304868,102.164738,0.198174,1.000000
6000x6000.png,6000,6000,Gaussian_3x3,2,dynamic,1,off,yes,unset,unset,hype2,12.2.0,-O3 -Wall -Wextra -std=c++17 -fopenmp -DOMP_EXPLICIT_SIMD=0 -fno-tree-vectorize,2,710.177142,709.989597,710.364687,710.177142,0.265229,0.995761
6000x6000.png,6000,6000,Gaussian_3x3,2,dynamic,1,omp,yes,unset,unset,hype2,12.2.0,-O3 -Wall -Wextra -std=c++17 -fopenmp -DOMP_EXPLICIT_SIMD=1,2,700.504681,700.338968,700.670394,700.504681,0.234354,0.996353
6000x6000.png,6000,6000,Gaussian_3x3,2,dynamic,16,off,yes,unset,unset,hype2,12.2.0,-O3 -Wall -Wextra -std=c++17 -fopenmp -DOMP_EXPLICIT_SIMD=0 -fno-tree-vectorize,2,713.066805,712.550012,713.583598,713.066805,0.730856,0.991725
6000x6000.png,6000,6000,Gaussian_3x3,2,dynamic,16,omp,yes,unset,unset,hype2,12.2.0,-O3 -Wall -Wextra -std=c++17 -fopenmp -DOMP_EXPLICIT_SIMD=1,2,694.609063,691.751115,697.467011,694.609063,4.041749,1.004810
6000x6000.png,6000,6000,Gaussian_3x3,2,static,,off,yes,unset,unset,hype2,12.2.0,-O3 -Wall -Wextra -std=c++17 -fopenmp -DOMP_EXPLICIT_SIMD=0 -fno-tree-vectorize,2,707.166373,706.589412,707.743333,707.166373,0.815945,1.000000
6000x6000.png,6000,6000,Gaussian_3x3,2,static,,omp,yes,unset,unset,hype2,12.2.0,-O3 -Wall -Wextra -std=c++17 -fopenmp -DOMP_EXPLICIT_SIMD=1,2,697.950045,697.780897,698.119194,697.950045,0.239212,1.000000
6000x6000.png,6000,6000,Gaussian_3x3,20,dynamic,1,off,yes,unset,unset,hype2,12.2.0,-O3 -Wall -Wextra -std=c++17 -fopenmp -DOMP_EXPLICIT_SIMD=0 -fno-tree-vectorize,2,97.885472,97.537170,98.233774,97.885472,0.492573,0.856359
6000x6000.png,6000,6000,Gaussian_3x3,20,dynamic,1,omp,yes,unset,unset,hype2,12.2.0,-O3 -Wall -Wextra -std=c++17 -fopenmp -DOMP_EXPLICIT_SIMD=1,2,95.883021,95.739898,96.026143,95.883021,0.202406,0.861613
6000x6000.png,6000,6000,Gaussian_3x3,20,dynamic,16,off,yes,unset,unset,hype2,12.2.0,-O3 -Wall -Wextra -std=c++17 -fopenmp -DOMP_EXPLICIT_SIMD=0 -fno-tree-vectorize,2,87.662774,87.655351,87.670196,87.662774,0.010497,0.956222
6000x6000.png,6000,6000,Gaussian_3x3,20,dynamic,16,omp,yes,unset,unset,hype2,12.2.0,-O3 -Wall -Wextra -std=c++17 -fopenmp -DOMP_EXPLICIT_SIMD=1,2,85.618732,85.130521,86.106944,85.618732,0.690435,0.964906
6000x6000.png,6000,6000,Gaussian_3x3,20,static,,off,yes,unset,unset,hype2,12.2.0,-O3 -Wall -Wextra -std=c++17 -fopenmp -DOMP_EXPLICIT_SIMD=0 -fno-tree-vectorize,2,83.825057,83.557122,84.092992,83.825057,0.378917,1.000000
6000x6000.png,6000,6000,Gaussian_3x3,20,static,,omp,yes,unset,unset,hype2,12.2.0,-O3 -Wall -Wextra -std=c++17 -fopenmp -DOMP_EXPLICIT_SIMD=1,2,82.614055,82.557774,82.670336,82.614055,0.079593,1.000000
6000x6000.png,6000,6000,Gaussian_3x3,4,dynamic,1,off,yes,unset,unset,hype2,12.2.0,-O3 -Wall -Wextra -std=c++17 -fopenmp -DOMP_EXPLICIT_SIMD=0 -fno-tree-vectorize,2,361.488248,361.226729,361.749767,361.488248,0.369844,0.983805
6000x6000.png,6000,6000,Gaussian_3x3,4,dynamic,1,omp,yes,unset,unset,hype2,12.2.0,-O3 -Wall -Wextra -std=c++17 -fopenmp -DOMP_EXPLICIT_SIMD=1,2,354.806443,354.450847,355.162039,354.806443,0.502889,0.976682
6000x6000.png,6000,6000,Gaussian_3x3,4,dynamic,16,off,yes,unset,unset,hype2,12.2.0,-O3 -Wall -Wextra -std=c++17 -fopenmp -DOMP_EXPLICIT_SIMD=0 -fno-tree-vectorize,2,354.626680,353.306148,355.947211,354.626680,1.867514,1.002841
6000x6000.png,6000,6000,Gaussian_3x3,4,dynamic,16,omp,yes,unset,unset,hype2,12.2.0,-O3 -Wall -Wextra -std=c++17 -fopenmp -DOMP_EXPLICIT_SIMD=1,2,348.502110,348.179883,348.824337,348.502110,0.455698,0.994350
6000x6000.png,6000,6000,Gaussian_3x3,4,static,,off,yes,unset,unset,hype2,12.2.0,-O3 -Wall -Wextra -std=c++17 -fopenmp -DOMP_EXPLICIT_SIMD=0 -fno-tree-vectorize,2,355.634074,355.096485,356.171664,355.634074,0.760266,1.000000
6000x6000.png,6000,6000,Gaussian_3x3,4,static,,omp,yes,unset,unset,hype2,12.2.0,-O3 -Wall -Wextra -std=c++17 -fopenmp -DOMP_EXPLICIT_SIMD=1,2,346.532981,345.443031,347.622931,346.532981,1.541422,1.000000
6000x6000.png,6000,6000,Gaussian_3x3,8,dynamic,1,off,yes,unset,unset,hype2,12.2.0,-O3 -Wall -Wextra -std=c++17 -fopenmp -DOMP_EXPLICIT_SIMD=0 -fno-tree-vectorize,2,208.904901,206.044869,211.764934,208.904901,4.044697,0.948529
6000x6000.png,6000,6000,Gaussian_3x3,8,dynamic,1,omp,yes,unset,unset,hype2,12.2.0,-O3 -Wall -Wextra -std=c++17 -fopenmp -DOMP_EXPLICIT_SIMD=1,2,203.375616,202.635575,204.115657,203.375616,1.046576,0.964393
6000x6000.png,6000,6000,Gaussian_3x3,8,dynamic,16,off,yes,unset,unset,hype2,12.2.0,-O3 -Wall -Wextra -std=c++17 -fopenmp -DOMP_EXPLICIT_SIMD=0 -fno-tree-vectorize,2,199.345074,198.945988,199.744160,199.345074,0.564393,0.994016
6000x6000.png,6000,6000,Gaussian_3x3,8,dynamic,16,omp,yes,unset,unset,hype2,12.2.0,-O3 -Wall -Wextra -std=c++17 -fopenmp -DOMP_EXPLICIT_SIMD=1,2,194.551960,194.315109,194.788810,194.551960,0.334957,1.008132
6000x6000.png,6000,6000,Gaussian_3x3,8,static,,off,yes,unset,unset,hype2,12.2.0,-O3 -Wall -Wextra -std=c++17 -fopenmp -DOMP_EXPLICIT_SIMD=0 -fno-tree-vectorize,2,198.152254,198.055823,198.248686,198.152254,0.136375,1.000000
6000x6000.png,6000,6000,Gaussian_3x3,8,static,,omp,yes,unset,unset,hype2,12.2.0,-O3 -Wall -Wextra -std=c++17 -fopenmp -DOMP_EXPLICIT_SIMD=1,2,196.133975,194.327243,197.940707,196.133975,2.555105,1.000000
6000x6000.png,6000,6000,Gaussian_5x5,1,dynamic,1,off,yes,unset,unset,hype2,12.2.0,-O3 -Wall -Wextra -std=c++17 -fopenmp -DOMP_EXPLICIT_SIMD=0 -fno-tree-vectorize,2,2495.993181,2489.192261,2502.794101,2495.993181,9.617953,0.997428
6000x6000.png,6000,6000,Gaussian_5x5,1,dynamic,1,omp,yes,unset,unset,hype2,12.2.0,-O3 -Wall -Wextra -std=c++17 -fopenmp -DOMP_EXPLICIT_SIMD=1,2,2521.772048,2506.050356,2537.493741,2521.772048,22.233831,0.994463
6000x6000.png,6000,6000,Gaussian_5x5,1,dynamic,16,off,yes,unset,unset,hype2,12.2.0,-O3 -Wall -Wextra -std=c++17 -fopenmp -DOMP_EXPLICIT_SIMD=0 -fno-tree-vectorize,2,2490.915029,2488.840317,2492.989741,2490.915029,2.934086,0.999461
6000x6000.png,6000,6000,Gaussian_5x5,1,dynamic,16,omp,yes,unset,unset,hype2,12.2.0,-O3 -Wall -Wextra -std=c++17 -fopenmp -DOMP_EXPLICIT_SIMD=1,2,2515.571567,2511.278925,2519.864209,2515.571567,6.070713,0.996914
6000x6000.png,6000,6000,Gaussian_5x5,1,static,,off,yes,unset,unset,hype2,12.2.0,-O3 -Wall -Wextra -std=c++17 -fopenmp -DOMP_EXPLICIT_SIMD=0 -fno-tree-vectorize,2,2489.572427,2489.274583,2489.870271,2489.572427,0.421215,1.000000
6000x6000.png,6000,6000,Gaussian_5x5,1,static,,omp,yes,unset,unset,hype2,12.2.0,-O3 -Wall -Wextra -std=c++17 -fopenmp -DOMP_EXPLICIT_SIMD=1,2,2507.808096,2507.020320,2508.595872,2507.808096,1.114084,1.000000
6000x6000.png,6000,6000,Gaussian_5x5,12,dynamic,1,off,yes,unset,unset,hype2,12.2.0,-O3 -Wall -Wextra -std=c++17 -fopenmp -DOMP_EXPLICIT_SIMD=0 -fno-tree-vectorize,2,245.316779,245.108684,245.524874,245.316779,0.294291,0.980101
6000x6000.png,6000,6000,Gaussian_5x5,12,dynamic,1,omp,yes,unset,unset,hype2,12.2.0,-O3 -Wall -Wextra -std=c++17 -fopenmp -DOMP_EXPLICIT_SIMD=1,2,246.424451,246.417243,246.431659,246.424451,0.010194,0.980319
6000x6000.png,6000,6000,Gaussian_5x5,12,dynamic,16,off,yes,unset,unset,hype2,12.2.0,-O3 -Wall -Wextra -std=c++17 -fopenmp -DOMP_EXPLICIT_SIMD=0 -fno-tree-vectorize,2,246.357443,245.007878,247.707009,246.357443,1.908574,0.975961
6000x6000.png,6000,6000,Gaussian_5x5,12,dynamic,16,omp,yes,unset,unset,hype2,12.2.0,-O3 -Wall -Wextra -std=c++17 -fopenmp -DOMP_EXPLICIT_SIMD=1,2,246.264859,245.941817,246.587900,246.264859,0.456850,0.980955
6000x6000.png,6000,6000,Gaussian_5x5,12,static,,off,yes,unset,unset,hype2,12.2.0,-O3 -Wall -Wextra -std=c++17 -fopenmp -DOMP_EXPLICIT_SIMD=0 -fno-tree-vectorize,2,240.435337,239.914329,240.956344,240.435337,0.736816,1.000000
6000x6000.png,6000,6000,Gaussian_5x5,12,static,,omp,yes,unset,unset,hype2,12.2.0,-O3 -Wall -Wextra -std=c++17 -fopenmp -DOMP_EXPLICIT_SIMD=1,2,241.574638,241.502854,241.646423,241.574638,0.101519,1.000000
6000x6000.png,6000,6000,Gaussian_5x5,16,dynamic,1,off,yes,unset,unset,hype2,12.2.0,-O3 -Wall -Wextra -std=c++17 -fopenmp -DOMP_EXPLICIT_SIMD=0 -fno-tree-vectorize,2,189.804424,189.558602,190.050246,189.804424,0.347645,0.956843
6000x6000.png,6000,6000,Gaussian_5x5,16,dynamic,1,omp,yes,unset,unset,hype2,12.2.0,-O3 -Wall -Wextra -std=c++17 -fopenmp -DOMP_EXPLICIT_SIMD=1,2,190.908425,190.488491,191.328358,190.908425,0.593876,0.956374
6000x6000.png,6000,6000,Gaussian_5x5,16,dynamic,16,off,yes,unset,unset,hype2,12.2.0,-O3 -Wall -Wextra -std=c++17 -fopenmp -DOMP_EXPLICIT_SIMD=0 -fno-tree-vectorize,2,185.451998,185.286300,185.617695,185.451998,0.234332,0.979299
6000x6000.png,6000,6000,Gaussian_5x5,16,dynamic,16,omp,yes,unset,unset,hype2,12.2.0,-O3 -Wall -Wextra -std=c++17 -fopenmp -DOMP_EXPLICIT_SIMD=1,2,186.022977,185.918329,186.127626,186.022977,0.147995,0.981491
6000x6000.png,6000,6000,Gaussian_5x5,16,static,,off,yes,unset,unset,hype2,12.2.0,-O3 -Wall -Wextra -std=c++17 -fopenmp -DOMP_EXPLICIT_SIMD=0 -fno-tree-vectorize,2,181.613009,181.374976,181.851042,181.613009,0.336629,1.000000
6000x6000.png,6000,6000,Gaussian_5x5,16,static,,omp,yes,unset,unset,hype2,12.2.0,-O3 -Wall -Wextra -std=c++17 -fopenmp -DOMP_EXPLICIT_SIMD=1,2,182.579945,182.564886,182.595004,182.579945,0.021297,1.000000
6000x6000.png,6000,6000,Gaussian_5x5,2,dynamic,1,off,yes,unset,unset,hype2,12.2.0,-O3 -Wall -Wextra -std=c++17 -fopenmp -DOMP_EXPLICIT_SIMD=0 -fno-tree-vectorize,2,1255.746048,1255.011603,1256.480494,1255.746048,1.038663,0.994797
6000x6000.png,6000,6000,Gaussian_5x5,2,dynamic,1,omp,yes,unset,unset,hype2,12.2.0,-O3 -Wall -Wextra -std=c++17 -fopenmp -DOMP_EXPLICIT_SIMD=1,2,1268.286173,1267.683360,1268.888985,1268.286173,0.852506,0.997234
6000x6000.png,6000,6000,Gaussian_5x5,2,dynamic,16,off,yes,unset,unset,hype2,12.2.0,-O3 -Wall -Wextra -std=c++17 -fopenmp -DOMP_EXPLICIT_SIMD=0 -fno-tree-vectorize,2,1255.975436,1251.492103,1260.458770,1255.975436,6.340391,0.994615
6000x6000.png,6000,6000,Gaussian_5x5,2,dynamic,16,omp,yes,unset,unset,hype2,12.2.0,-O3 -Wall -Wextra -std=c++17 -fopenmp -DOMP_EXPLICIT_SIMD=1,2,1259.748848,1253.745773,1265.751924,1259.748848,8.489631,1.003993
6000x6000.png,6000,6000,Gaussian_5x5,2,static,,off,yes,unset,unset,hype2,12.2.0,-O3 -Wall -Wextra -std=c++17 -fopenmp -DOMP_EXPLICIT_SIMD=0 -fno-tree-vectorize,2,1249.212624,1248.401684,1250.023563,1249.212624,1.146842,1.000000
6000x6000.png,6000,6000,Gaussian_5x5,2,static,,omp,yes,unset,unset,hype2,12.2.0,-O3 -Wall -Wextra -std=c++17 -fopenmp -DOMP_EXPLICIT_SIMD=1,2,1264.778673,1264.326386,1265.230961,1264.778673,0.639631,1.000000
6000x6000.png,6000,6000,Gaussian_5x5,20,dynamic,1,off,yes,unset,unset,hype2,12.2.0,-O3 -Wall -Wextra -std=c++17 -fopenmp -DOMP_EXPLICIT_SIMD=0 -fno-tree-vectorize,2,154.329833,153.674902,154.984764,154.329833,0.926212,0.998083
6000x6000.png,6000,6000,Gaussian_5x5,20,dynamic,1,omp,yes,unset,unset,hype2,12.2.0,-O3 -Wall -Wextra -std=c++17 -fopenmp -DOMP_EXPLICIT_SIMD=1,2,155.474375,155.206340,155.742409,155.474375,0.379058,1.053782
6000x6000.png,6000,6000,Gaussian_5x5,20,dynamic,16,off,yes,unset,unset,hype2,12.2.0,-O3 -Wall -Wextra -std=c++17 -fopenmp -DOMP_EXPLICIT_SIMD=0 -fno-tree-vectorize,2,150.203990,149.970518,150.437462,150.203990,0.330179,1.025499
6000x6000.png,6000,6000,Gaussian_5x5,20,dynamic,16,omp,yes,unset,unset,hype2,12.2.0,-O3 -Wall -Wextra -std=c++17 -fopenmp -DOMP_EXPLICIT_SIMD=1,2,150.540704,150.435737,150.645670,150.540704,0.148445,1.088318
6000x6000.png,6000,6000,Gaussian_5x5,20,static,,off,yes,unset,unset,hype2,12.2.0,-O3 -Wall -Wextra -std=c++17 -fopenmp -DOMP_EXPLICIT_SIMD=0 -fno-tree-vectorize,2,154.033995,145.716772,162.351218,154.033995,11.762330,1.000000
6000x6000.png,6000,6000,Gaussian_5x5,20,static,,omp,yes,unset,unset,hype2,12.2.0,-O3 -Wall -Wextra -std=c++17 -fopenmp -DOMP_EXPLICIT_SIMD=1,2,163.836144,145.646842,182.025447,163.836144,25.723558,1.000000
6000x6000.png,6000,6000,Gaussian_5x5,4,dynamic,1,off,yes,unset,unset,hype2,12.2.0,-O3 -Wall -Wextra -std=c++17 -fopenmp -DOMP_EXPLICIT_SIMD=0 -fno-tree-vectorize,2,630.111210,629.594322,630.628097,630.111210,0.730989,0.998393
6000x6000.png,6000,6000,Gaussian_5x5,4,dynamic,1,omp,yes,unset,unset,hype2,12.2.0,-O3 -Wall -Wextra -std=c++17 -fopenmp -DOMP_EXPLICIT_SIMD=1,2,640.165575,638.816417,641.514734,640.165575,1.907998,0.984103
6000x6000.png,6000,6000,Gaussian_5x5,4,dynamic,16,off,yes,unset,unset,hype2,12.2.0,-O3 -Wall -Wextra -std=c++17 -fopenmp -DOMP_EXPLICIT_SIMD=0 -fno-tree-vectorize,2,625.541199,625.479233,625.603164,625.541199,0.087632,1.005686
6000x6000.png,6000,6000,Gaussian_5x5,4,dynamic,16,omp,yes,unset,unset,hype2,12.2.0,-O3 -Wall -Wextra -std=c++17 -fopenmp -DOMP_EXPLICIT_SIMD=1,2,631.837829,631.626139,632.049518,631.837829,0.299374,0.997074
6000x6000.png,6000,6000,Gaussian_5x5,4,static,,off,yes,unset,unset,hype2,12.2.0,-O3 -Wall -Wextra -std=c++17 -fopenmp -DOMP_EXPLICIT_SIMD=0 -fno-tree-vectorize,2,629.098326,627.281590,630.915063,629.098326,2.569253,1.000000
6000x6000.png,6000,6000,Gaussian_5x5,4,static,,omp,yes,unset,unset,hype2,12.2.0,-O3 -Wall -Wextra -std=c++17 -fopenmp -DOMP_EXPLICIT_SIMD=1,2,629.989088,626.998184,632.979992,629.989088,4.229777,1.000000
6000x6000.png,6000,6000,Gaussian_5x5,8,dynamic,1,off,yes,unset,unset,hype2,12.2.0,-O3 -Wall -Wextra -std=c++17 -fopenmp -DOMP_EXPLICIT_SIMD=0 -fno-tree-vectorize,2,355.753640,351.588127,359.919154,355.753640,5.890926,0.980579
6000x6000.png,6000,6000,Gaussian_5x5,8,dynamic,1,omp,yes,unset,unset,hype2,12.2.0,-O3 -Wall -Wextra -std=c++17 -fopenmp -DOMP_EXPLICIT_SIMD=1,2,355.720377,354.203961,357.236793,355.720377,2.144536,0.982888
6000x6000.png,6000,6000,Gaussian_5x5,8,dynamic,16,off,yes,unset,unset,hype2,12.2.0,-O3 -Wall -Wextra -std=c++17 -fopenmp -DOMP_EXPLICIT_SIMD=0 -fno-tree-vectorize,2,349.527588,348.912169,350.143008,349.527588,0.870335,0.998046
6000x6000.png,6000,6000,Gaussian_5x5,8,dynamic,16,omp,yes,unset,unset,hype2,12.2.0,-O3 -Wall -Wextra -std=c++17 -fopenmp -DOMP_EXPLICIT_SIMD=1,2,350.532129,350.518815,350.545444,350.532129,0.018830,0.997435
6000x6000.png,6000,6000,Gaussian_5x5,8,static,,off,yes,unset,unset,hype2,12.2.0,-O3 -Wall -Wextra -std=c++17 -fopenmp -DOMP_EXPLICIT_SIMD=0 -fno-tree-vectorize,2,348.844726,348.839724,348.849728,348.844726,0.007074,1.000000
6000x6000.png,6000,6000,Gaussian_5x5,8,static,,omp,yes,unset,unset,hype2,12.2.0,-O3 -Wall -Wextra -std=c++17 -fopenmp -DOMP_EXPLICIT_SIMD=1,2,349.633161,349.578065,349.688256,349.633161,0.077917,1.000000
6000x6000.png,6000,6000,Gaussian_7x7,1,dynamic,1,off,yes,unset,unset,hype2,12.2.0,-O3 -Wall -Wextra -std=c++17 -fopenmp -DOMP_EXPLICIT_SIMD=0 -fno-tree-vectorize,2,4286.024720,4283.226969,4288.822472,4286.024720,3.956618,1.001459
6000x6000.png,6000,6000,Gaussian_7x7,1,dynamic,1,omp,yes,unset,unset,hype2,12.2.0,-O3 -Wall -Wextra -std=c++17 -fopenmp -DOMP_EXPLICIT_SIMD=1,2,4304.798678,4298.882597,4310.714759,4304.798678,8.366602,0.998703
6000x6000.png,6000,6000,Gaussian_7x7,1,dynamic,16,off,yes,unset,unset,hype2,12.2.0,-O3 -Wall -Wextra -std=c++17 -fopenmp -DOMP_EXPLICIT_SIMD=0 -fno-tree-vectorize,2,4280.168764,4275.105958,4285.231570,4280.168764,7.159889,1.002829
6000x6000.png,6000,6000,Gaussian_7x7,1,dynamic,16,omp,yes,unset,unset,hype2,12.2.0,-O3 -Wall -Wextra -std=c++17 -fopenmp -DOMP_EXPLICIT_SIMD=1,2,4324.232361,4302.771737,4345.692984,4324.232361,30.349905,0.994214
6000x6000.png,6000,6000,Gaussian_7x7,1,static,,off,yes,unset,unset,hype2,12.2.0,-O3 -Wall -Wextra -std=c++17 -fopenmp -DOMP_EXPLICIT_SIMD=0 -fno-tree-vectorize,2,4292.277122,4278.928282,4305.625962,4292.277122,18.878111,1.000000
6000x6000.png,6000,6000,Gaussian_7x7,1,static,,omp,yes,unset,unset,hype2,12.2.0,-O3 -Wall -Wextra -std=c++17 -fopenmp -DOMP_EXPLICIT_SIMD=1,2,4299.213303,4295.373081,4303.053524,4299.213303,5.430893,1.000000
6000x6000.png,6000,6000,Gaussian_7x7,12,dynamic,1,off,yes,unset,unset,hype2,12.2.0,-O3 -Wall -Wextra -std=c++17 -fopenmp -DOMP_EXPLICIT_SIMD=0 -fno-tree-vectorize,2,415.000371,414.818245,415.182497,415.000371,0.257565,0.992561
6000x6000.png,6000,6000,Gaussian_7x7,12,dynamic,1,omp,yes,unset,unset,hype2,12.2.0,-O3 -Wall -Wextra -std=c++17 -fopenmp -DOMP_EXPLICIT_SIMD=1,2,419.674972,417.072540,422.277404,419.674972,3.680395,0.986348
6000x6000.png,6000,6000,Gaussian_7x7,12,dynamic,16,off,yes,unset,unset,hype2,12.2.0,-O3 -Wall -Wextra -std=c++17 -fopenmp -DOMP_EXPLICIT_SIMD=0 -fno-tree-vectorize,2,419.984680,419.906905,420.062456,419.984680,0.109991,0.980781
6000x6000.png,6000,6000,Gaussian_7x7,12,dynamic,16,omp,yes,unset,unset,hype2,12.2.0,-O3 -Wall -Wextra -std=c++17 -fopenmp -DOMP_EXPLICIT_SIMD=1,2,421.958223,421.925886,421.990559,421.958223,0.045731,0.981010
6000x6000.png,6000,6000,Gaussian_7x7,12,static,,off,yes,unset,unset,hype2,12.2.0,-O3 -Wall -Wextra -std=c++17 -fopenmp -DOMP_EXPLICIT_SIMD=0 -fno-tree-vectorize,2,411.913001,411.481910,412.344092,411.913001,0.609655,1.000000
6000x6000.png,6000,6000,Gaussian_7x7,12,static,,omp,yes,unset,unset,hype2,12.2.0,-O3 -Wall -Wextra -std=c++17 -fopenmp -DOMP_EXPLICIT_SIMD=1,2,413.945398,413.797651,414.093145,413.945398,0.208946,1.000000
6000x6000.png,6000,6000,Gaussian_7x7,16,dynamic,1,off,yes,unset,unset,hype2,12.2.0,-O3 -Wall -Wextra -std=c++17 -fopenmp -DOMP_EXPLICIT_SIMD=0 -fno-tree-vectorize,2,314.810634,314.480570,315.140699,314.810634,0.466782,1.008055
6000x6000.png,6000,6000,Gaussian_7x7,16,dynamic,1,omp,yes,unset,unset,hype2,12.2.0,-O3 -Wall -Wextra -std=c++17 -fopenmp -DOMP_EXPLICIT_SIMD=1,2,316.308073,316.083333,316.532813,316.308073,0.317830,0.985276
6000x6000.png,6000,6000,Gaussian_7x7,16,dynamic,16,off,yes,unset,unset,hype2,12.2.0,-O3 -Wall -Wextra -std=c++17 -fopenmp -DOMP_EXPLICIT_SIMD=0 -fno-tree-vectorize,2,317.888523,317.882286,317.894759,317.888523,0.008820,0.998295
6000x6000.png,6000,6000,Gaussian_7x7,16,dynamic,16,omp,yes,unset,unset,hype2,12.2.0,-O3 -Wall -Wextra -std=c++17 -fopenmp -DOMP_EXPLICIT_SIMD=1,2,319.249062,319.087296,319.410829,319.249062,0.228772,0.976199
6000x6000.png,6000,6000,Gaussian_7x7,16,static,,off,yes,unset,unset,hype2,12.2.0,-O3 -Wall -Wextra -std=c++17 -fopenmp -DOMP_EXPLICIT_SIMD=0 -fno-tree-vectorize,2,317.346403,310.386296,324.306510,317.346403,9.843078,1.000000
6000x6000.png,6000,6000,Gaussian_7x7,16,static,,omp,yes,unset,unset,hype2,12.2.0,-O3 -Wall -Wextra -std=c++17 -fopenmp -DOMP_EXPLICIT_SIMD=1,2,311.650715,311.642358,311.659072,311.650715,0.011819,1.000000
6000x6000.png,6000,6000,Gaussian_7x7,2,dynamic,1,off,yes,unset,unset,hype2,12.2.0,-O3 -Wall -Wextra -std=c++17 -fopenmp -DOMP_EXPLICIT_SIMD=0 -fno-tree-vectorize,2,2161.121073,2158.458038,2163.784108,2161.121073,3.766100,0.998965
6000x6000.png,6000,6000,Gaussian_7x7,2,dynamic,1,omp,yes,unset,unset,hype2,12.2.0,-O3 -Wall -Wextra -std=c++17 -fopenmp -DOMP_EXPLICIT_SIMD=1,2,2187.550339,2187.190738,2187.909939,2187.550339,0.508552,0.997901
6000x6000.png,6000,6000,Gaussian_7x7,2,dynamic,16,off,yes,unset,unset,hype2,12.2.0,-O3 -Wall -Wextra -std=c++17 -fopenmp -DOMP_EXPLICIT_SIMD=0 -fno-tree-vectorize,2,2173.523786,2152.861549,2194.186024,2173.523786,29.220817,0.993264
6000x6000.png,6000,6000,Gaussian_7x7,2,dynamic,16,omp,yes,unset,unset,hype2,12.2.0,-O3 -Wall -Wextra -std=c++17 -fopenmp -DOMP_EXPLICIT_SIMD=1,2,2176.362601,2167.290442,2185.434759,2176.362601,12.829970,1.003030
6000x6000.png,6000,6000,Gaussian_7x7,2,static,,off,yes,unset,unset,hype2,12.2.0,-O3 -Wall -Wextra -std=c++17 -fopenmp -DOMP_EXPLICIT_SIMD=0 -fno-tree-vectorize,2,2158.883679,2154.220870,2163.546487,2158.883679,6.594207,1.000000
6000x6000.png,6000,6000,Gaussian_7x7,2,static,,omp,yes,unset,unset,hype2,12.2.0,-O3 -Wall -Wextra -std=c++17 -fopenmp -DOMP_EXPLICIT_SIMD=1,2,2182.957693,2180.281020,2185.634366,2182.957693,3.785387,1.000000
6000x6000.png,6000,6000,Gaussian_7x7,20,dynamic,1,off,yes,unset,unset,hype2,12.2.0,-O3 -Wall -Wextra -std=c++17 -fopenmp -DOMP_EXPLICIT_SIMD=0 -fno-tree-vectorize,2,251.543665,251.331276,251.756054,251.543665,0.300363,0.988286
6000x6000.png,6000,6000,Gaussian_7x7,20,dynamic,1,omp,yes,unset,unset,hype2,12.2.0,-O3 -Wall -Wextra -std=c++17 -fopenmp -DOMP_EXPLICIT_SIMD=1,2,252.823951,252.590600,253.057303,252.823951,0.330009,1.011039
6000x6000.png,6000,6000,Gaussian_7x7,20,dynamic,16,off,yes,unset,unset,hype2,12.2.0,-O3 -Wall -Wextra -std=c++17 -fopenmp -DOMP_EXPLICIT_SIMD=0 -fno-tree-vectorize,2,254.248918,254.142524,254.355312,254.248918,0.150464,0.977770
6000x6000.png,6000,6000,Gaussian_7x7,20,dynamic,16,omp,yes,unset,unset,hype2,12.2.0,-O3 -Wall -Wextra -std=c++17 -fopenmp -DOMP_EXPLICIT_SIMD=1,2,260.056946,254.816144,265.297748,260.056946,7.411613,0.982919
6000x6000.png,6000,6000,Gaussian_7x7,20,static,,off,yes,unset,unset,hype2,12.2.0,-O3 -Wall -Wextra -std=c++17 -fopenmp -DOMP_EXPLICIT_SIMD=0 -fno-tree-vectorize,2,248.597001,248.361439,248.832564,248.597001,0.333136,1.000000
6000x6000.png,6000,6000,Gaussian_7x7,20,static,,omp,yes,unset,unset,hype2,12.2.0,-O3 -Wall -Wextra -std=c++17 -fopenmp -DOMP_EXPLICIT_SIMD=1,2,255.614921,255.442639,255.787203,255.614921,0.243644,1.000000
6000x6000.png,6000,6000,Gaussian_7x7,4,dynamic,1,off,yes,unset,unset,hype2,12.2.0,-O3 -Wall -Wextra -std=c++17 -fopenmp -DOMP_EXPLICIT_SIMD=0 -fno-tree-vectorize,2,1085.238323,1084.801128,1085.675519,1085.238323,0.618288,0.997510
6000x6000.png,6000,6000,Gaussian_7x7,4,dynamic,1,omp,yes,unset,unset,hype2,12.2.0,-O3 -Wall -Wextra -std=c++17 -fopenmp -DOMP_EXPLICIT_SIMD=1,2,1081.589111,1080.398099,1082.780124,1081.589111,1.684346,1.000330
6000x6000.png,6000,6000,Gaussian_7x7,4,dynamic,16,off,yes,unset,unset,hype2,12.2.0,-O3 -Wall -Wextra -std=c++17 -fopenmp -DOMP_EXPLICIT_SIMD=0 -fno-tree-vectorize,2,1072.888917,1072.832277,1072.945558,1072.888917,0.080102,1.008992
6000x6000.png,6000,6000,Gaussian_7x7,4,dynamic,16,omp,yes,unset,unset,hype2,12.2.0,-O3 -Wall -Wextra -std=c++17 -fopenmp -DOMP_EXPLICIT_SIMD=1,2,1082.715621,1082.449491,1082.981750,1082.715621,0.376364,0.999289
6000x6000.png,6000,6000,Gaussian_7x7,4,static,,off,yes,unset,unset,hype2,12.2.0,-O3 -Wall -Wextra -std=c++17 -fopenmp -DOMP_EXPLICIT_SIMD=0 -fno-tree-vectorize,2,1082.536091,1071.109122,1093.963059,1082.536091,16.160174,1.000000
6000x6000.png,6000,6000,Gaussian_7x7,4,static,,omp,yes,unset,unset,hype2,12.2.0,-O3 -Wall -Wextra -std=c++17 -fopenmp -DOMP_EXPLICIT_SIMD=1,2,1081.945602,1077.310872,1086.580332,1081.945602,6.554498,1.000000
6000x6000.png,6000,6000,Gaussian_7x7,8,dynamic,1,off,yes,unset,unset,hype2,12.2.0,-O3 -Wall -Wextra -std=c++17 -fopenmp -DOMP_EXPLICIT_SIMD=0 -fno-tree-vectorize,2,598.504930,598.441606,598.568253,598.504930,0.089553,1.022820
6000x6000.png,6000,6000,Gaussian_7x7,8,dynamic,1,omp,yes,unset,unset,hype2,12.2.0,-O3 -Wall -Wextra -std=c++17 -fopenmp -DOMP_EXPLICIT_SIMD=1,2,607.646433,602.089265,613.203601,607.646433,7.859022,0.983806
6000x6000.png,6000,6000,Gaussian_7x7,8,dynamic,16,off,yes,unset,unset,hype2,12.2.0,-O3 -Wall -Wextra -std=c++17 -fopenmp -DOMP_EXPLICIT_SIMD=0 -fno-tree-vectorize,2,599.847643,598.213011,601.482275,599.847643,2.311719,1.020530
6000x6000.png,6000,6000,Gaussian_7x7,8,dynamic,16,omp,yes,unset,unset,hype2,12.2.0,-O3 -Wall -Wextra -std=c++17 -fopenmp -DOMP_EXPLICIT_SIMD=1,2,600.812230,600.800751,600.823709,600.812230,0.016234,0.994997
6000x6000.png,6000,6000,Gaussian_7x7,8,static,,off,yes,unset,unset,hype2,12.2.0,-O3 -Wall -Wextra -std=c++17 -fopenmp -DOMP_EXPLICIT_SIMD=0 -fno-tree-vectorize,2,612.162680,598.091956,626.233405,612.162680,19.899009,1.000000
6000x6000.png,6000,6000,Gaussian_7x7,8,static,,omp,yes,unset,unset,hype2,12.2.0,-O3 -Wall -Wextra -std=c++17 -fopenmp -DOMP_EXPLICIT_SIMD=1,2,597.806310,597.762365,597.850255,597.806310,0.062148,1.000000
6000x6000.png,6000,6000,Gaussian_9x9,1,dynamic,1,off,yes,unset,unset,hype2,12.2.0,-O3 -Wall -Wextra -std=c++17 -fopenmp -DOMP_EXPLICIT_SIMD=0 -fno-tree-vectorize,2,6656.392313,6649.122266,6663.662360,6656.392313,10.281399,0.997189
6000x6000.png,6000,6000,Gaussian_9x9,1,dynamic,1,omp,yes,unset,unset,hype2,12.2.0,-O3 -Wall -Wextra -std=c++17 -fopenmp -DOMP_EXPLICIT_SIMD=1,2,6678.839939,6663.677195,6694.002682,6678.839939,21.443358,0.998275
6000x6000.png,6000,6000,Gaussian_9x9,1,dynamic,16,off,yes,unset,unset,hype2,12.2.0,-O3 -Wall -Wextra -std=c++17 -fopenmp -DOMP_EXPLICIT_SIMD=0 -fno-tree-vectorize,2,6658.123293,6649.438057,6666.808529,6658.123293,12.282779,0.996930
6000x6000.png,6000,6000,Gaussian_9x9,1,dynamic,16,omp,yes,unset,unset,hype2,12.2.0,-O3 -Wall -Wextra -std=c++17 -fopenmp -DOMP_EXPLICIT_SIMD=1,2,6677.327498,6672.350055,6682.304942,6677.327498,7.039168,0.998501
6000x6000.png,6000,6000,Gaussian_9x9,1,static,,off,yes,unset,unset,hype2,12.2.0,-O3 -Wall -Wextra -std=c++17 -fopenmp -DOMP_EXPLICIT_SIMD=0 -fno-tree-vectorize,2,6637.680782,6632.953889,6642.407676,6637.680782,6.684837,1.000000
6000x6000.png,6000,6000,Gaussian_9x9,1,static,,omp,yes,unset,unset,hype2,12.2.0,-O3 -Wall -Wextra -std=c++17 -fopenmp -DOMP_EXPLICIT_SIMD=1,2,6667.315678,6666.542598,6668.088757,6667.315678,1.093300,1.000000
6000x6000.png,6000,6000,Gaussian_9x9,12,dynamic,1,off,yes,unset,unset,hype2,12.2.0,-O3 -Wall -Wextra -std=c++17 -fopenmp -DOMP_EXPLICIT_SIMD=0 -fno-tree-vectorize,2,641.338475,641.015914,641.661037,641.338475,0.456171,0.997434
6000x6000.png,6000,6000,Gaussian_9x9,12,dynamic,1,omp,yes,unset,unset,hype2,12.2.0,-O3 -Wall -Wextra -std=c++17 -fopenmp -DOMP_EXPLICIT_SIMD=1,2,644.307031,643.891839,644.722223,644.307031,0.587170,1.005957
6000x6000.png,6000,6000,Gaussian_9x9,12,dynamic,16,off,yes,unset,unset,hype2,12.2.0,-O3 -Wall -Wextra -std=c++17 -fopenmp -DOMP_EXPLICIT_SIMD=0 -fno-tree-vectorize,2,650.969957,650.747576,651.192339,650.969957,0.314495,0.982676
6000x6000.png,6000,6000,Gaussian_9x9,12,dynamic,16,omp,yes,unset,unset,hype2,12.2.0,-O3 -Wall -Wextra -std=c++17 -fopenmp -DOMP_EXPLICIT_SIMD=1,2,654.087933,654.038220,654.137647,654.087933,0.070306,0.990915
6000x6000.png,6000,6000,Gaussian_9x9,12,static,,off,yes,unset,unset,hype2,12.2.0,-O3 -Wall -Wextra -std=c++17 -fopenmp -DOMP_EXPLICIT_SIMD=0 -fno-tree-vectorize,2,639.692489,638.146508,641.238471,639.692489,2.186348,1.000000
6000x6000.png,6000,6000,Gaussian_9x9,12,static,,omp,yes,unset,unset,hype2,12.2.0,-O3 -Wall -Wextra -std=c++17 -fopenmp -DOMP_EXPLICIT_SIMD=1,2,648.145448,642.217160,654.073735,648.145448,8.383865,1.000000
6000x6000.png,6000,6000,Gaussian_9x9,16,dynamic,1,off,yes,unset,unset,hype2,12.2.0,-O3 -Wall -Wextra -std=c++17 -fopenmp -DOMP_EXPLICIT_SIMD=0 -fno-tree-vectorize,2,483.895354,483.686461,484.104248,483.895354,0.295420,1.035953
6000x6000.png,6000,6000,Gaussian_9x9,16,dynamic,1,omp,yes,unset,unset,hype2,12.2.0,-O3 -Wall -Wextra -std=c++17 -fopenmp -DOMP_EXPLICIT_SIMD=1,2,485.851844,485.617682,486.086007,485.851844,0.331156,0.993219
6000x6000.png,6000,6000,Gaussian_9x9,16,dynamic,16,off,yes,unset,unset,hype2,12.2.0,-O3 -Wall -Wextra -std=c++17 -fopenmp -DOMP_EXPLICIT_SIMD=0 -fno-tree-vectorize,2,491.342332,491.236186,491.448478,491.342332,0.150113,1.020252
6000x6000.png,6000,6000,Gaussian_9x9,16,dynamic,16,omp,yes,unset,unset,hype2,12.2.0,-O3 -Wall -Wextra -std=c++17 -fopenmp -DOMP_EXPLICIT_SIMD=1,2,493.623062,493.215367,494.030757,493.623062,0.576568,0.977582
6000x6000.png,6000,6000,Gaussian_9x9,16,static,,off,yes,unset,unset,hype2,12.2.0,-O3 -Wall -Wextra -std=c++17 -fopenmp -DOMP_EXPLICIT_SIMD=0 -fno-tree-vectorize,2,501.292898,480.262019,522.323777,501.292898,29.742154,1.000000
6000x6000.png,6000,6000,Gaussian_9x9,16,static,,omp,yes,unset,unset,hype2,12.2.0,-O3 -Wall -Wextra -std=c++17 -fopenmp -DOMP_EXPLICIT_SIMD=1,2,482.557232,482.459857,482.654607,482.557232,0.137709,1.000000
6000x6000.png,6000,6000,Gaussian_9x9,2,dynamic,1,off,yes,unset,unset,hype2,12.2.0,-O3 -Wall -Wextra -std=c++17 -fopenmp -DOMP_EXPLICIT_SIMD=0 -fno-tree-vectorize,2,3333.955473,3333.174370,3334.736576,3333.955473,1.104646,1.001581
6000x6000.png,6000,6000,Gaussian_9x9,2,dynamic,1,omp,yes,unset,unset,hype2,12.2.0,-O3 -Wall -Wextra -std=c++17 -fopenmp -DOMP_EXPLICIT_SIMD=1,2,3380.289857,3374.277754,3386.301959,3380.289857,8.502397,0.997643
6000x6000.png,6000,6000,Gaussian_9x9,2,dynamic,16,off,yes,unset,unset,hype2,12.2.0,-O3 -Wall -Wextra -std=c++17 -fopenmp -DOMP_EXPLICIT_SIMD=0 -fno-tree-vectorize,2,3346.436997,3334.659896,3358.214099,3346.436997,16.655337,0.997845
6000x6000.png,6000,6000,Gaussian_9x9,2,dynamic,16,omp,yes,unset,unset,hype2,12.2.0,-O3 -Wall -Wextra -std=c++17 -fopenmp -DOMP_EXPLICIT_SIMD=1,2,3364.925804,3344.616268,3385.235340,3364.925804,28.722021,1.002198
6000x6000.png,6000,6000,Gaussian_9x9,2,static,,off,yes,unset,unset,hype2,12.2.0,-O3 -Wall -Wextra -std=c++17 -fopenmp -DOMP_EXPLICIT_SIMD=0 -fno-tree-vectorize,2,3339.225709,3334.640101,3343.811317,3339.225709,6.485029,1.000000
6000x6000.png,6000,6000,Gaussian_9x9,2,static,,omp,yes,unset,unset,hype2,12.2.0,-O3 -Wall -Wextra -std=c++17 -fopenmp -DOMP_EXPLICIT_SIMD=1,2,3372.321252,3370.904657,3373.737846,3372.321252,2.003367,1.000000
6000x6000.png,6000,6000,Gaussian_9x9,20,dynamic,1,off,yes,unset,unset,hype2,12.2.0,-O3 -Wall -Wextra -std=c++17 -fopenmp -DOMP_EXPLICIT_SIMD=0 -fno-tree-vectorize,2,391.134494,390.920514,391.348474,391.134494,0.302613,0.983771
6000x6000.png,6000,6000,Gaussian_9x9,20,dynamic,1,omp,yes,unset,unset,hype2,12.2.0,-O3 -Wall -Wextra -std=c++17 -fopenmp -DOMP_EXPLICIT_SIMD=1,2,389.129129,389.002946,389.255313,389.129129,0.178450,0.993303
6000x6000.png,6000,6000,Gaussian_9x9,20,dynamic,16,off,yes,unset,unset,hype2,12.2.0,-O3 -Wall -Wextra -std=c++17 -fopenmp -DOMP_EXPLICIT_SIMD=0 -fno-tree-vectorize,2,391.575087,391.445053,391.705122,391.575087,0.183897,0.982664
6000x6000.png,6000,6000,Gaussian_9x9,20,dynamic,16,omp,yes,unset,unset,hype2,12.2.0,-O3 -Wall -Wextra -std=c++17 -fopenmp -DOMP_EXPLICIT_SIMD=1,2,403.986904,392.982281,414.991526,403.986904,15.562886,0.956772
6000x6000.png,6000,6000,Gaussian_9x9,20,static,,off,yes,unset,unset,hype2,12.2.0,-O3 -Wall -Wextra -std=c++17 -fopenmp -DOMP_EXPLICIT_SIMD=0 -fno-tree-vectorize,2,384.786819,384.754051,384.819587,384.786819,0.046341,1.000000
6000x6000.png,6000,6000,Gaussian_9x9,20,static,,omp,yes,unset,unset,hype2,12.2.0,-O3 -Wall -Wextra -std=c++17 -fopenmp -DOMP_EXPLICIT_SIMD=1,2,386.523202,386.263234,386.783170,386.523202,0.367650,1.000000
6000x6000.png,6000,6000,Gaussian_9x9,4,dynamic,1,off,yes,unset,unset,hype2,12.2.0,-O3 -Wall -Wextra -std=c++17 -fopenmp -DOMP_EXPLICIT_SIMD=0 -fno-tree-vectorize,2,1665.899302,1665.095498,1666.703105,1665.899302,1.136750,1.006869
6000x6000.png,6000,6000,Gaussian_9x9,4,dynamic,1,omp,yes,unset,unset,hype2,12.2.0,-O3 -Wall -Wextra -std=c++17 -fopenmp -DOMP_EXPLICIT_SIMD=1,2,1673.117785,1673.108180,1673.127390,1673.117785,0.013584,1.016192
6000x6000.png,6000,6000,Gaussian_9x9,4,dynamic,16,off,yes,unset,unset,hype2,12.2.0,-O3 -Wall -Wextra -std=c++17 -fopenmp -DOMP_EXPLICIT_SIMD=0 -fno-tree-vectorize,2,1665.236051,1663.021437,1667.450664,1665.236051,3.131936,1.007271
6000x6000.png,6000,6000,Gaussian_9x9,4,dynamic,16,omp,yes,unset,unset,hype2,12.2.0,-O3 -Wall -Wextra -std=c++17 -fopenmp -DOMP_EXPLICIT_SIMD=1,2,1702.389717,1684.314723,1720.464712,1702.389717,25.561902,0.998719
6000x6000.png,6000,6000,Gaussian_9x9,4,static,,off,yes,unset,unset,hype2,12.2.0,-O3 -Wall -Wextra -std=c++17 -fopenmp -DOMP_EXPLICIT_SIMD=0 -fno-tree-vectorize,2,1677.343153,1675.937034,1678.749272,1677.343153,1.988553,1.000000
6000x6000.png,6000,6000,Gaussian_9x9,4,static,,omp,yes,unset,unset,hype2,12.2.0,-O3 -Wall -Wextra -std=c++17 -fopenmp -DOMP_EXPLICIT_SIMD=1,2,1700.208738,1691.775657,1708.641819,1700.208738,11.926178,1.000000
6000x6000.png,6000,6000,Gaussian_9x9,8,dynamic,1,off,yes,unset,unset,hype2,12.2.0,-O3 -Wall -Wextra -std=c++17 -fopenmp -DOMP_EXPLICIT_SIMD=0 -fno-tree-vectorize,2,925.490237,924.708093,926.272382,925.490237,1.106119,1.000481
6000x6000.png,6000,6000,Gaussian_9x9,8,dynamic,1,omp,yes,unset,unset,hype2,12.2.0,-O3 -Wall -Wextra -std=c++17 -fopenmp -DOMP_EXPLICIT_SIMD=1,2,930.996340,929.169855,932.822826,930.996340,2.583041,1.000387
6000x6000.png,6000,6000,Gaussian_9x9,8,dynamic,16,off,yes,unset,unset,hype2,12.2.0,-O3 -Wall -Wextra -std=c++17 -fopenmp -DOMP_EXPLICIT_SIMD=0 -fno-tree-vectorize,2,928.230209,925.570914,930.889504,928.230209,3.760811,0.997528
6000x6000.png,6000,6000,Gaussian_9x9,8,dynamic,16,omp,yes,unset,unset,hype2,12.2.0,-O3 -Wall -Wextra -std=c++17 -fopenmp -DOMP_EXPLICIT_SIMD=1,2,934.423409,934.262615,934.584202,934.423409,0.227396,0.996718
6000x6000.png,6000,6000,Gaussian_9x9,8,static,,off,yes,unset,unset,hype2,12.2.0,-O3 -Wall -Wextra -std=c++17 -fopenmp -DOMP_EXPLICIT_SIMD=0 -fno-tree-vectorize,2,925.935238,922.811221,929.059256,925.935238,4.418028,1.000000
6000x6000.png,6000,6000,Gaussian_9x9,8,static,,omp,yes,unset,unset,hype2,12.2.0,-O3 -Wall -Wextra -std=c++17 -fopenmp -DOMP_EXPLICIT_SIMD=1,2,931.356886,926.072304,936.641468,931.356886,7.473528,1.000000
6000x6000.png,6000,6000,Grayscale,1,dynamic,1,off,yes,unset,unset,hype2,12.2.0,-O3 -Wall -Wextra -std=c++17 -fopenmp -DOMP_EXPLICIT_SIMD=0 -fno-tree-vectorize,2,138.871532,138.836894,138.906169,138.871532,0.048985,1.023854
6000x6000.png,6000,6000,Grayscale,1,dynamic,1,omp,yes,unset,unset,hype2,12.2.0,-O3 -Wall -Wextra -std=c++17 -fopenmp -DOMP_EXPLICIT_SIMD=1,2,144.081014,144.056906,144.105122,144.081014,0.034094,0.999842
6000x6000.png,6000,6000,Grayscale,1,dynamic,16,off,yes,unset,unset,hype2,12.2.0,-O3 -Wall -Wextra -std=c++17 -fopenmp -DOMP_EXPLICIT_SIMD=0 -fno-tree-vectorize,2,138.608233,138.549679,138.666788,138.608233,0.082809,1.025799
6000x6000.png,6000,6000,Grayscale,1,dynamic,16,omp,yes,unset,unset,hype2,12.2.0,-O3 -Wall -Wextra -std=c++17 -fopenmp -DOMP_EXPLICIT_SIMD=1,2,144.152154,144.033808,144.270501,144.152154,0.167367,0.999349
6000x6000.png,6000,6000,Grayscale,1,static,,off,yes,unset,unset,hype2,12.2.0,-O3 -Wall -Wextra -std=c++17 -fopenmp -DOMP_EXPLICIT_SIMD=0 -fno-tree-vectorize,2,142.184163,138.608770,145.759556,142.184163,5.056369,1.000000
6000x6000.png,6000,6000,Grayscale,1,static,,omp,yes,unset,unset,hype2,12.2.0,-O3 -Wall -Wextra -std=c++17 -fopenmp -DOMP_EXPLICIT_SIMD=1,2,144.058280,144.025489,144.091072,144.058280,0.046374,1.000000
6000x6000.png,6000,6000,Grayscale,12,dynamic,1,off,yes,unset,unset,hype2,12.2.0,-O3 -Wall -Wextra -std=c++17 -fopenmp -DOMP_EXPLICIT_SIMD=0 -fno-tree-vectorize,2,14.881491,14.814241,14.948741,14.881491,0.095106,0.999590
6000x6000.png,6000,6000,Grayscale,12,dynamic,1,omp,yes,unset,unset,hype2,12.2.0,-O3 -Wall -Wextra -std=c++17 -fopenmp -DOMP_EXPLICIT_SIMD=1,2,15.371074,15.275935,15.466213,15.371074,0.134547,1.001072
6000x6000.png,6000,6000,Grayscale,12,dynamic,16,off,yes,unset,unset,hype2,12.2.0,-O3 -Wall -Wextra -std=c++17 -fopenmp -DOMP_EXPLICIT_SIMD=0 -fno-tree-vectorize,2,14.905727,14.799905,15.011549,14.905727,0.149655,0.997965
6000x6000.png,6000,6000,Grayscale,12,dynamic,16,omp,yes,unset,unset,hype2,12.2.0,-O3 -Wall -Wextra -std=c++17 -fopenmp -DOMP_EXPLICIT_SIMD=1,2,15.377879,15.298569,15.457189,15.377879,0.112161,1.000629
6000x6000.png,6000,6000,Grayscale,12,static,,off,yes,unset,unset,hype2,12.2.0,-O3 -Wall -Wextra -std=c++17 -fopenmp -DOMP_EXPLICIT_SIMD=0 -fno-tree-vectorize,2,14.875391,14.865697,14.885085,14.875391,0.013709,1.000000
6000x6000.png,6000,6000,Grayscale,12,static,,omp,yes,unset,unset,hype2,12.2.0,-O3 -Wall -Wextra -std=c++17 -fopenmp -DOMP_EXPLICIT_SIMD=1,2,15.387557,15.298177,15.476937,15.387557,0.126402,1.000000
6000x6000.png,6000,6000,Grayscale,16,dynamic,1,off,yes,unset,unset,hype2,12.2.0,-O3 -Wall -Wextra -std=c++17 -fopenmp -DOMP_EXPLICIT_SIMD=0 -fno-tree-vectorize,2,11.590772,11.564727,11.616818,11.590772,0.036834,1.058739
6000x6000.png,6000,6000,Grayscale,16,dynamic,1,omp,yes,unset,unset,hype2,12.2.0,-O3 -Wall -Wextra -std=c++17 -fopenmp -DOMP_EXPLICIT_SIMD=1,2,11.922786,11.894454,11.951118,11.922786,0.040067,1.065819
6000x6000.png,6000,6000,Grayscale,16,dynamic,16,off,yes,unset,unset,hype2,12.2.0,-O3 -Wall -Wextra -std=c++17 -fopenmp -DOMP_EXPLICIT_SIMD=0 -fno-tree-vectorize,2,11.637257,11.563381,11.711133,11.637257,0.104476,1.054510
6000x6000.png,6000,6000,Grayscale,16,dynamic,16,omp,yes,unset,unset,hype2,12.2.0,-O3 -Wall -Wextra -std=c++17 -fopenmp -DOMP_EXPLICIT_SIMD=1,2,11.950189,11.927520,11.972858,11.950189,0.032059,1.063375
6000x6000.png,6000,6000,Grayscale,16,static,,off,yes,unset,unset,hype2,12.2.0,-O3 -Wall -Wextra -std=c++17 -fopenmp -DOMP_EXPLICIT_SIMD=0 -fno-tree-vectorize,2,12.271599,11.590271,12.952927,12.271599,0.963543,1.000000
6000x6000.png,6000,6000,Grayscale,16,static,,omp,yes,unset,unset,hype2,12.2.0,-O3 -Wall -Wextra -std=c++17 -fopenmp -DOMP_EXPLICIT_SIMD=1,2,12.707535,11.874818,13.540253,12.707535,1.177640,1.000000
6000x6000.png,6000,6000,Grayscale,2,dynamic,1,off,yes,unset,unset,hype2,12.2.0,-O3 -Wall -Wextra -std=c++17 -fopenmp -DOMP_EXPLICIT_SIMD=0 -fno-tree-vectorize,2,71.798952,71.395960,72.201945,71.798952,0.569917,1.005617
6000x6000.png,6000,6000,Grayscale,2,dynamic,1,omp,yes,unset,unset,hype2,12.2.0,-O3 -Wall -Wextra -std=c++17 -fopenmp -DOMP_EXPLICIT_SIMD=1,2,74.868790,74.673711,75.063870,74.868790,0.275884,1.013463
6000x6000.png,6000,6000,Grayscale,2,dynamic,16,off,yes,unset,unset,hype2,12.2.0,-O3 -Wall -Wextra -std=c++17 -fopenmp -DOMP_EXPLICIT_SIMD=0 -fno-tree-vectorize,2,70.725453,69.692472,71.758434,70.725453,1.460856,1.020881
6000x6000.png,6000,6000,Grayscale,2,dynamic,16,omp,yes,unset,unset,hype2,12.2.0,-O3 -Wall -Wextra -std=c++17 -fopenmp -DOMP_EXPLICIT_SIMD=1,2,74.049780,73.610928,74.488632,74.049780,0.620630,1.024672
6000x6000.png,6000,6000,Grayscale,2,static,,off,yes,unset,unset,hype2,12.2.0,-O3 -Wall -Wextra -std=c++17 -fopenmp -DOMP_EXPLICIT_SIMD=0 -fno-tree-vectorize,2,72.202255,72.119000,72.285510,72.202255,0.117740,1.000000
6000x6000.png,6000,6000,Grayscale,2,static,,omp,yes,unset,unset,hype2,12.2.0,-O3 -Wall -Wextra -std=c++17 -fopenmp -DOMP_EXPLICIT_SIMD=1,2,75.876736,75.456815,76.296658,75.876736,0.593859,1.000000
6000x6000.png,6000,6000,Grayscale,20,dynamic,1,off,yes,unset,unset,hype2,12.2.0,-O3 -Wall -Wextra -std=c++17 -fopenmp -DOMP_EXPLICIT_SIMD=0 -fno-tree-vectorize,2,9.557500,9.543431,9.571569,9.557500,0.019897,1.008326
6000x6000.png,6000,6000,Grayscale,20,dynamic,1,omp,yes,unset,unset,hype2,12.2.0,-O3 -Wall -Wextra -std=c++17 -fopenmp -DOMP_EXPLICIT_SIMD=1,2,9.916666,9.895494,9.937837,9.916666,0.029941,1.001907
6000x6000.png,6000,6000,Grayscale,20,dynamic,16,off,yes,unset,unset,hype2,12.2.0,-O3 -Wall -Wextra -std=c++17 -fopenmp -DOMP_EXPLICIT_SIMD=0 -fno-tree-vectorize,2,9.648404,9.622652,9.674156,9.648404,0.036419,0.998826
6000x6000.png,6000,6000,Grayscale,20,dynamic,16,omp,yes,unset,unset,hype2,12.2.0,-O3 -Wall -Wextra -std=c++17 -fopenmp -DOMP_EXPLICIT_SIMD=1,2,10.004324,9.970790,10.037859,10.004324,0.047425,0.993128
6000x6000.png,6000,6000,Grayscale,20,static,,off,yes,unset,unset,hype2,12.2.0,-O3 -Wall -Wextra -std=c++17 -fopenmp -DOMP_EXPLICIT_SIMD=0 -fno-tree-vectorize,2,9.637076,9.612990,9.661162,9.637076,0.034063,1.000000
6000x6000.png,6000,6000,Grayscale,20,static,,omp,yes,unset,unset,hype2,12.2.0,-O3 -Wall -Wextra -std=c++17 -fopenmp -DOMP_EXPLICIT_SIMD=1,2,9.935572,9.927758,9.943387,9.935572,0.011051,1.000000
6000x6000.png,6000,6000,Grayscale,4,dynamic,1,off,yes,unset,unset,hype2,12.2.0,-O3 -Wall -Wextra -std=c++17 -fopenmp -DOMP_EXPLICIT_SIMD=0 -fno-tree-vectorize,2,37.242106,37.051734,37.432477,37.242106,0.269226,1.011542
6000x6000.png,6000,6000,Grayscale,4,dynamic,1,omp,yes,unset,unset,hype2,12.2.0,-O3 -Wall -Wextra -std=c++17 -fopenmp -DOMP_EXPLICIT_SIMD=1,2,38.196136,37.940868,38.451404,38.196136,0.361003,1.020294
6000x6000.png,6000,6000,Grayscale,4,dynamic,16,off,yes,unset,unset,hype2,12.2.0,-O3 -Wall -Wextra -std=c++17 -fopenmp -DOMP_EXPLICIT_SIMD=0 -fno-tree-vectorize,2,36.145212,36.039182,36.251243,36.145212,0.149950,1.042239
6000x6000.png,6000,6000,Grayscale,4,dynamic,16,omp,yes,unset,unset,hype2,12.2.0,-O3 -Wall -Wextra -std=c++17 -fopenmp -DOMP_EXPLICIT_SIMD=1,2,38.267035,38.234920,38.299149,38.267035,0.045417,1.018404
6000x6000.png,6000,6000,Grayscale,4,static,,off,yes,unset,unset,hype2,12.2.0,-O3 -Wall -Wextra -std=c++17 -fopenmp -DOMP_EXPLICIT_SIMD=0 -fno-tree-vectorize,2,37.671965,37.639046,37.704885,37.671965,0.046555,1.000000
6000x6000.png,6000,6000,Grayscale,4,static,,omp,yes,unset,unset,hype2,12.2.0,-O3 -Wall -Wextra -std=c++17 -fopenmp -DOMP_EXPLICIT_SIMD=1,2,38.971299,38.923289,39.019308,38.971299,0.067896,1.000000
6000x6000.png,6000,6000,Grayscale,8,dynamic,1,off,yes,unset,unset,hype2,12.2.0,-O3 -Wall -Wextra -std=c++17 -fopenmp -DOMP_EXPLICIT_SIMD=0 -fno-tree-vectorize,2,21.014378,20.975597,21.053160,21.014378,0.054845,1.002387
6000x6000.png,6000,6000,Grayscale,8,dynamic,1,omp,yes,unset,unset,hype2,12.2.0,-O3 -Wall -Wextra -std=c++17 -fopenmp -DOMP_EXPLICIT_SIMD=1,2,21.901488,21.871264,21.931712,21.901488,0.042743,0.984119
6000x6000.png,6000,6000,Grayscale,8,dynamic,16,off,yes,unset,unset,hype2,12.2.0,-O3 -Wall -Wextra -std=c++17 -fopenmp -DOMP_EXPLICIT_SIMD=0 -fno-tree-vectorize,2,21.015511,20.936703,21.094318,21.015511,0.111451,1.002333
6000x6000.png,6000,6000,Grayscale,8,dynamic,16,omp,yes,unset,unset,hype2,12.2.0,-O3 -Wall -Wextra -std=c++17 -fopenmp -DOMP_EXPLICIT_SIMD=1,2,21.614499,21.549443,21.679555,21.614499,0.092003,0.997186
6000x6000.png,6000,6000,Grayscale,8,static,,off,yes,unset,unset,hype2,12.2.0,-O3 -Wall -Wextra -std=c++17 -fopenmp -DOMP_EXPLICIT_SIMD=0 -fno-tree-vectorize,2,21.064534,21.062383,21.066685,21.064534,0.003042,1.000000
6000x6000.png,6000,6000,Grayscale,8,static,,omp,yes,unset,unset,hype2,12.2.0,-O3 -Wall -Wextra -std=c++17 -fopenmp -DOMP_EXPLICIT_SIMD=1,2,21.553673,21.153648,21.953698,21.553673,0.565721,1.000000
6000x6000.png,6000,6000,Negative,1,dynamic,1,off,yes,unset,unset,hype2,12.2.0,-O3 -Wall -Wextra -std=c++17 -fopenmp -DOMP_EXPLICIT_SIMD=0 -fno-tree-vectorize,2,105.074039,105.045121,105.102956,105.074039,0.040896,0.999414
6000x6000.png,6000,6000,Negative,1,dynamic,1,omp,yes,unset,unset,hype2,12.2.0,-O3 -Wall -Wextra -std=c++17 -fopenmp -DOMP_EXPLICIT_SIMD=1,2,101.956890,101.892561,102.021218,101.956890,0.090974,0.998950
6000x6000.png,6000,6000,Negative,1,dynamic,16,off,yes,unset,unset,hype2,12.2.0,-O3 -Wall -Wextra -std=c++17 -fopenmp -DOMP_EXPLICIT_SIMD=0 -fno-tree-vectorize,2,104.905044,104.794481,105.015607,104.905044,0.156360,1.001024
6000x6000.png,6000,6000,Negative,1,dynamic,16,omp,yes,unset,unset,hype2,12.2.0,-O3 -Wall -Wextra -std=c++17 -fopenmp -DOMP_EXPLICIT_SIMD=1,2,101.773021,101.672158,101.873883,101.773021,0.142641,1.000754
6000x6000.png,6000,6000,Negative,1,static,,off,yes,unset,unset,hype2,12.2.0,-O3 -Wall -Wextra -std=c++17 -fopenmp -DOMP_EXPLICIT_SIMD=0 -fno-tree-vectorize,2,105.012422,105.000091,105.024752,105.012422,0.017438,1.000000
6000x6000.png,6000,6000,Negative,1,static,,omp,yes,unset,unset,hype2,12.2.0,-O3 -Wall -Wextra -std=c++17 -fopenmp -DOMP_EXPLICIT_SIMD=1,2,101.849789,101.805127,101.894451,101.849789,0.063162,1.000000
6000x6000.png,6000,6000,Negative,12,dynamic,1,off,yes,unset,unset,hype2,12.2.0,-O3 -Wall -Wextra -std=c++17 -fopenmp -DOMP_EXPLICIT_SIMD=0 -fno-tree-vectorize,2,10.952320,10.938231,10.966410,10.952320,0.019926,1.007080
6000x6000.png,6000,6000,Negative,12,dynamic,1,omp,yes,unset,unset,hype2,12.2.0,-O3 -Wall -Wextra -std=c++17 -fopenmp -DOMP_EXPLICIT_SIMD=1,2,10.703525,10.696817,10.710232,10.703525,0.009486,0.990759
6000x6000.png,6000,6000,Negative,12,dynamic,16,off,yes,unset,unset,hype2,12.2.0,-O3 -Wall -Wextra -std=c++17 -fopenmp -DOMP_EXPLICIT_SIMD=0 -fno-tree-vectorize,2,10.848546,10.821480,10.875613,10.848546,0.038278,1.016713
6000x6000.png,6000,6000,Negative,12,dynamic,16,omp,yes,unset,unset,hype2,12.2.0,-O3 -Wall -Wextra -std=c++17 -fopenmp -DOMP_EXPLICIT_SIMD=1,2,10.535139,10.511032,10.559246,10.535139,0.034092,1.006595
6000x6000.png,6000,6000,Negative,12,static,,off,yes,unset,unset,hype2,12.2.0,-O3 -Wall -Wextra -std=c++17 -fopenmp -DOMP_EXPLICIT_SIMD=0 -fno-tree-vectorize,2,11.029863,10.969860,11.089866,11.029863,0.084857,1.000000
6000x6000.png,6000,6000,Negative,12,static,,omp,yes,unset,unset,hype2,12.2.0,-O3 -Wall -Wextra -std=c++17 -fopenmp -DOMP_EXPLICIT_SIMD=1,2,10.604615,10.599812,10.609418,10.604615,0.006792,1.000000
6000x6000.png,6000,6000,Negative,16,dynamic,1,off,yes,unset,unset,hype2,12.2.0,-O3 -Wall -Wextra -std=c++17 -fopenmp -DOMP_EXPLICIT_SIMD=0 -fno-tree-vectorize,2,8.505871,8.393006,8.618735,8.505871,0.159615,1.261571
6000x6000.png,6000,6000,Negative,16,dynamic,1,omp,yes,unset,unset,hype2,12.2.0,-O3 -Wall -Wextra -std=c++17 -fopenmp -DOMP_EXPLICIT_SIMD=1,2,8.073318,8.059914,8.086722,8.073318,0.018956,1.003803
6000x6000.png,6000,6000,Negative,16,dynamic,16,off,yes,unset,unset,hype2,12.2.0,-O3 -Wall -Wextra -std=c++17 -fopenmp -DOMP_EXPLICIT_SIMD=0 -fno-tree-vectorize,2,8.215934,8.195915,8.235954,8.215934,0.028312,1.306091
6000x6000.png,6000,6000,Negative,16,dynamic,16,omp,yes,unset,unset,hype2,12.2.0,-O3 -Wall -Wextra -std=c++17 -fopenmp -DOMP_EXPLICIT_SIMD=1,2,8.004403,7.988510,8.020297,8.004403,0.022477,1.012445
6000x6000.png,6000,6000,Negative,16,static,,off,yes,unset,unset,hype2,12.2.0,-O3 -Wall -Wextra -std=c++17 -fopenmp -DOMP_EXPLICIT_SIMD=0 -fno-tree-vectorize,2,10.730757,8.400083,13.061431,10.730757,3.296071,1.000000
6000x6000.png,6000,6000,Negative,16,static,,omp,yes,unset,unset,hype2,12.2.0,-O3 -Wall -Wextra -std=c++17 -fopenmp -DOMP_EXPLICIT_SIMD=1,2,8.104021,8.022627,8.185414,8.104021,0.115108,1.000000
6000x6000.png,6000,6000,Negative,2,dynamic,1,off,yes,unset,unset,hype2,12.2.0,-O3 -Wall -Wextra -std=c++17 -fopenmp -DOMP_EXPLICIT_SIMD=0 -fno-tree-vectorize,2,54.671226,54.203273,55.139179,54.671226,0.661785,0.980708
6000x6000.png,6000,6000,Negative,2,dynamic,1,omp,yes,unset,unset,hype2,12.2.0,-O3 -Wall -Wextra -std=c++17 -fopenmp -DOMP_EXPLICIT_SIMD=1,2,52.871905,52.611107,53.132704,52.871905,0.368825,0.995476
6000x6000.png,6000,6000,Negative,2,dynamic,16,off,yes,unset,unset,hype2,12.2.0,-O3 -Wall -Wextra -std=c++17 -fopenmp -DOMP_EXPLICIT_SIMD=0 -fno-tree-vectorize,2,53.953819,53.587154,54.320484,53.953819,0.518543,0.993748
6000x6000.png,6000,6000,Negative,2,dynamic,16,omp,yes,unset,unset,hype2,12.2.0,-O3 -Wall -Wextra -std=c++17 -fopenmp -DOMP_EXPLICIT_SIMD=1,2,52.068005,51.752349,52.383662,52.068005,0.446406,1.010845
6000x6000.png,6000,6000,Negative,2,static,,off,yes,unset,unset,hype2,12.2.0,-O3 -Wall -Wextra -std=c++17 -fopenmp -DOMP_EXPLICIT_SIMD=0 -fno-tree-vectorize,2,53.616527,52.876240,54.356813,53.616527,1.046923,1.000000
6000x6000.png,6000,6000,Negative,2,static,,omp,yes,unset,unset,hype2,12.2.0,-O3 -Wall -Wextra -std=c++17 -fopenmp -DOMP_EXPLICIT_SIMD=1,2,52.632704,52.003864,53.261544,52.632704,0.889314,1.000000
6000x6000.png,6000,6000,Negative,20,dynamic,1,off,yes,unset,unset,hype2,12.2.0,-O3 -Wall -Wextra -std=c++17 -fopenmp -DOMP_EXPLICIT_SIMD=0 -fno-tree-vectorize,2,6.645241,6.565548,6.724934,6.645241,0.112703,1.023857
6000x6000.png,6000,6000,Negative,20,dynamic,1,omp,yes,unset,unset,hype2,12.2.0,-O3 -Wall -Wextra -std=c++17 -fopenmp -DOMP_EXPLICIT_SIMD=1,2,6.626205,6.421560,6.830850,6.626205,0.289412,0.982721
6000x6000.png,6000,6000,Negative,20,dynamic,16,off,yes,unset,unset,hype2,12.2.0,-O3 -Wall -Wextra -std=c++17 -fopenmp -DOMP_EXPLICIT_SIMD=0 -fno-tree-vectorize,2,6.698807,6.651948,6.745666,6.698807,0.066269,1.015670
6000x6000.png,6000,6000,Negative,20,dynamic,16,omp,yes,unset,unset,hype2,12.2.0,-O3 -Wall -Wextra -std=c++17 -fopenmp -DOMP_EXPLICIT_SIMD=1,2,6.643752,6.622657,6.664847,6.643752,0.029833,0.980125
6000x6000.png,6000,6000,Negative,20,static,,off,yes,unset,unset,hype2,12.2.0,-O3 -Wall -Wextra -std=c++17 -fopenmp -DOMP_EXPLICIT_SIMD=0 -fno-tree-vectorize,2,6.803778,6.790518,6.817038,6.803778,0.018752,1.000000
6000x6000.png,6000,6000,Negative,20,static,,omp,yes,unset,unset,hype2,12.2.0,-O3 -Wall -Wextra -std=c++17 -fopenmp -DOMP_EXPLICIT_SIMD=1,2,6.511709,6.467284,6.556133,6.511709,0.062826,1.000000
6000x6000.png,6000,6000,Negative,4,dynamic,1,off,yes,unset,unset,hype2,12.2.0,-O3 -Wall -Wextra -std=c++17 -fopenmp -DOMP_EXPLICIT_SIMD=0 -fno-tree-vectorize,2,28.047156,27.720983,28.373330,28.047156,0.461279,1.026588
6000x6000.png,6000,6000,Negative,4,dynamic,1,omp,yes,unset,unset,hype2,12.2.0,-O3 -Wall -Wextra -std=c++17 -fopenmp -DOMP_EXPLICIT_SIMD=1,2,27.212880,26.961281,27.464479,27.212880,0.355815,0.972037
6000x6000.png,6000,6000,Negative,4,dynamic,16,off,yes,unset,unset,hype2,12.2.0,-O3 -Wall -Wextra -std=c++17 -fopenmp -DOMP_EXPLICIT_SIMD=0 -fno-tree-vectorize,2,27.501601,27.273230,27.729971,27.501601,0.322965,1.046953
6000x6000.png,6000,6000,Negative,4,dynamic,16,omp,yes,unset,unset,hype2,12.2.0,-O3 -Wall -Wextra -std=c++17 -fopenmp -DOMP_EXPLICIT_SIMD=1,2,26.786733,26.418899,27.154567,26.786733,0.520196,0.987501
6000x6000.png,6000,6000,Negative,4,static,,off,yes,unset,unset,hype2,12.2.0,-O3 -Wall -Wextra -std=c++17 -fopenmp -DOMP_EXPLICIT_SIMD=0 -fno-tree-vectorize,2,28.792874,28.526878,29.058871,28.792874,0.376176,1.000000
6000x6000.png,6000,6000,Negative,4,static,,omp,yes,unset,unset,hype2,12.2.0,-O3 -Wall -Wextra -std=c++17 -fopenmp -DOMP_EXPLICIT_SIMD=1,2,26.451918,26.346971,26.556866,26.451918,0.148418,1.000000
6000x6000.png,6000,6000,Negative,8,dynamic,1,off,yes,unset,unset,hype2,12.2.0,-O3 -Wall -Wextra -std=c++17 -fopenmp -DOMP_EXPLICIT_SIMD=0 -fno-tree-vectorize,2,15.770656,15.534476,16.006835,15.770656,0.334008,1.002200
6000x6000.png,6000,6000,Negative,8,dynamic,1,omp,yes,unset,unset,hype2,12.2.0,-O3 -Wall -Wextra -std=c++17 -fopenmp -DOMP_EXPLICIT_SIMD=1,2,15.405121,15.404721,15.405521,15.405121,0.000566,0.995341
6000x6000.png,6000,6000,Negative,8,dynamic,16,off,yes,unset,unset,hype2,12.2.0,-O3 -Wall -Wextra -std=c++17 -fopenmp -DOMP_EXPLICIT_SIMD=0 -fno-tree-vectorize,2,15.554861,15.375069,15.734652,15.554861,0.254264,1.016104
6000x6000.png,6000,6000,Negative,8,dynamic,16,omp,yes,unset,unset,hype2,12.2.0,-O3 -Wall -Wextra -std=c++17 -fopenmp -DOMP_EXPLICIT_SIMD=1,2,15.161380,15.138005,15.184756,15.161380,0.033058,1.011342
6000x6000.png,6000,6000,Negative,8,static,,off,yes,unset,unset,hype2,12.2.0,-O3 -Wall -Wextra -std=c++17 -fopenmp -DOMP_EXPLICIT_SIMD=0 -fno-tree-vectorize,2,15.805359,15.730419,15.880299,15.805359,0.105981,1.000000
6000x6000.png,6000,6000,Negative,8,static,,omp,yes,unset,unset,hype2,12.2.0,-O3 -Wall -Wextra -std=c++17 -fopenmp -DOMP_EXPLICIT_SIMD=1,2,15.333341,15.309347,15.357335,15.333341,0.033933,1.000000
6000x6000.png,6000,6000,Quantize,1,dynamic,1,off,yes,unset,unset,hype2,12.2.0,-O3 -Wall -Wextra -std=c++17 -fopenmp -DOMP_EXPLICIT_SIMD=0 -fno-tree-vectorize,2,561.966747,560.688683,563.244811,561.966747,1.807455,1.001489
6000x6000.png,6000,6000,Quantize,1,dynamic,1,omp,yes,unset,unset,hype2,12.2.0,-O3 -Wall -Wextra -std=c++17 -fopenmp -DOMP_EXPLICIT_SIMD=1,2,572.368907,567.133448,577.604365,572.368907,7.404056,0.991413
6000x6000.png,6000,6000,Quantize,1,dynamic,16,off,yes,unset,unset,hype2,12.2.0,-O3 -Wall -Wextra -std=c++17 -fopenmp -DOMP_EXPLICIT_SIMD=0 -fno-tree-vectorize,2,563.199652,560.229329,566.169975,563.199652,4.200671,0.999296
6000x6000.png,6000,6000,Quantize,1,dynamic,16,omp,yes,unset,unset,hype2,12.2.0,-O3 -Wall -Wextra -std=c++17 -fopenmp -DOMP_EXPLICIT_SIMD=1,2,574.371414,566.027232,582.715596,574.371414,11.800455,0.987956
6000x6000.png,6000,6000,Quantize,1,static,,off,yes,unset,unset,hype2,12.2.0,-O3 -Wall -Wextra -std=c++17 -fopenmp -DOMP_EXPLICIT_SIMD=0 -fno-tree-vectorize,2,562.803263,562.096715,563.509811,562.803263,0.999210,1.000000
6000x6000.png,6000,6000,Quantize,1,static,,omp,yes,unset,unset,hype2,12.2.0,-O3 -Wall -Wextra -std=c++17 -fopenmp -DOMP_EXPLICIT_SIMD=1,2,567.453770,567.324983,567.582557,567.453770,0.182132,1.000000
6000x6000.png,6000,6000,Quantize,12,dynamic,1,off,yes,unset,unset,hype2,12.2.0,-O3 -Wall -Wextra -std=c++17 -fopenmp -DOMP_EXPLICIT_SIMD=0 -fno-tree-vectorize,2,55.881369,55.541231,56.221506,55.881369,0.481027,1.012819
6000x6000.png,6000,6000,Quantize,12,dynamic,1,omp,yes,unset,unset,hype2,12.2.0,-O3 -Wall -Wextra -std=c++17 -fopenmp -DOMP_EXPLICIT_SIMD=1,2,57.114043,57.026211,57.201875,57.114043,0.124213,0.997573
6000x6000.png,6000,6000,Quantize,12,dynamic,16,off,yes,unset,unset,hype2,12.2.0,-O3 -Wall -Wextra -std=c++17 -fopenmp -DOMP_EXPLICIT_SIMD=0 -fno-tree-vectorize,2,57.883750,56.405077,59.362422,57.883750,2.091159,0.977782
6000x6000.png,6000,6000,Quantize,12,dynamic,16,omp,yes,unset,unset,hype2,12.2.0,-O3 -Wall -Wextra -std=c++17 -fopenmp -DOMP_EXPLICIT_SIMD=1,2,57.365180,57.261082,57.469278,57.365180,0.147217,0.993206
6000x6000.png,6000,6000,Quantize,12,static,,off,yes,unset,unset,hype2,12.2.0,-O3 -Wall -Wextra -std=c++17 -fopenmp -DOMP_EXPLICIT_SIMD=0 -fno-tree-vectorize,2,56.597696,56.547544,56.647847,56.597696,0.070925,1.000000
6000x6000.png,6000,6000,Quantize,12,static,,omp,yes,unset,unset,hype2,12.2.0,-O3 -Wall -Wextra -std=c++17 -fopenmp -DOMP_EXPLICIT_SIMD=1,2,56.975413,56.653916,57.296909,56.975413,0.454665,1.000000
6000x6000.png,6000,6000,Quantize,16,dynamic,1,off,yes,unset,unset,hype2,12.2.0,-O3 -Wall -Wextra -std=c++17 -fopenmp -DOMP_EXPLICIT_SIMD=0 -fno-tree-vectorize,2,43.762096,42.679694,44.844497,43.762096,1.530747,0.982771
6000x6000.png,6000,6000,Quantize,16,dynamic,1,omp,yes,unset,unset,hype2,12.2.0,-O3 -Wall -Wextra -std=c++17 -fopenmp -DOMP_EXPLICIT_SIMD=1,2,43.395224,43.304339,43.486108,43.395224,0.128530,0.987382
6000x6000.png,6000,6000,Quantize,16,dynamic,16,off,yes,unset,unset,hype2,12.2.0,-O3 -Wall -Wextra -std=c++17 -fopenmp -DOMP_EXPLICIT_SIMD=0 -fno-tree-vectorize,2,43.079638,43.077836,43.081439,43.079638,0.002548,0.998340
6000x6000.png,6000,6000,Quantize,16,dynamic,16,omp,yes,unset,unset,hype2,12.2.0,-O3 -Wall -Wextra -std=c++17 -fopenmp -DOMP_EXPLICIT_SIMD=1,2,43.727944,43.637156,43.818732,43.727944,0.128394,0.979870
6000x6000.png,6000,6000,Quantize,16,static,,off,yes,unset,unset,hype2,12.2.0,-O3 -Wall -Wextra -std=c++17 -fopenmp -DOMP_EXPLICIT_SIMD=0 -fno-tree-vectorize,2,43.008106,42.964950,43.051263,43.008106,0.061033,1.000000
6000x6000.png,6000,6000,Quantize,16,static,,omp,yes,unset,unset,hype2,12.2.0,-O3 -Wall -Wextra -std=c++17 -fopenmp -DOMP_EXPLICIT_SIMD=1,2,42.847681,42.053358,43.642004,42.847681,1.123342,1.000000
6000x6000.png,6000,6000,Quantize,2,dynamic,1,off,yes,unset,unset,hype2,12.2.0,-O3 -Wall -Wextra -std=c++17 -fopenmp -DOMP_EXPLICIT_SIMD=0 -fno-tree-vectorize,2,283.083464,282.218845,283.948084,283.083464,1.222757,1.014355
6000x6000.png,6000,6000,Quantize,2,dynamic,1,omp,yes,unset,unset,hype2,12.2.0,-O3 -Wall -Wextra -std=c++17 -fopenmp -DOMP_EXPLICIT_SIMD=1,2,289.431030,288.563228,290.298832,289.431030,1.227257,0.995569
6000x6000.png,6000,6000,Quantize,2,dynamic,16,off,yes,unset,unset,hype2,12.2.0,-O3 -Wall -Wextra -std=c++17 -fopenmp -DOMP_EXPLICIT_SIMD=0 -fno-tree-vectorize,2,283.245697,281.585493,284.905901,283.245697,2.347883,1.013774
6000x6000.png,6000,6000,Quantize,2,dynamic,16,omp,yes,unset,unset,hype2,12.2.0,-O3 -Wall -Wextra -std=c++17 -fopenmp -DOMP_EXPLICIT_SIMD=1,2,288.370386,287.204408,289.536365,288.370386,1.648943,0.999231
6000x6000.png,6000,6000,Quantize,2,static,,off,yes,unset,unset,hype2,12.2.0,-O3 -Wall -Wextra -std=c++17 -fopenmp -DOMP_EXPLICIT_SIMD=0 -fno-tree-vectorize,2,287.147049,286.028745,288.265353,287.147049,1.581521,1.000000
6000x6000.png,6000,6000,Quantize,2,static,,omp,yes,unset,unset,hype2,12.2.0,-O3 -Wall -Wextra -std=c++17 -fopenmp -DOMP_EXPLICIT_SIMD=1,2,288.148644,286.424567,289.872721,288.148644,2.438213,1.000000
6000x6000.png,6000,6000,Quantize,20,dynamic,1,off,yes,unset,unset,hype2,12.2.0,-O3 -Wall -Wextra -std=c++17 -fopenmp -DOMP_EXPLICIT_SIMD=0 -fno-tree-vectorize,2,34.407219,33.883411,34.931028,34.407219,0.740777,1.011678
6000x6000.png,6000,6000,Quantize,20,dynamic,1,omp,yes,unset,unset,hype2,12.2.0,-O3 -Wall -Wextra -std=c++17 -fopenmp -DOMP_EXPLICIT_SIMD=1,2,35.853665,35.192859,36.514471,35.853665,0.934521,0.989560
6000x6000.png,6000,6000,Quantize,20,dynamic,16,off,yes,unset,unset,hype2,12.2.0,-O3 -Wall -Wextra -std=c++17 -fopenmp -DOMP_EXPLICIT_SIMD=0 -fno-tree-vectorize,2,35.002766,34.963705,35.041828,35.002766,0.055241,0.994465
6000x6000.png,6000,6000,Quantize,20,dynamic,16,omp,yes,unset,unset,hype2,12.2.0,-O3 -Wall -Wextra -std=c++17 -fopenmp -DOMP_EXPLICIT_SIMD=1,2,35.170350,34.999805,35.340894,35.170350,0.241186,1.008786
6000x6000.png,6000,6000,Quantize,20,static,,off,yes,unset,unset,hype2,12.2.0,-O3 -Wall -Wextra -std=c++17 -fopenmp -DOMP_EXPLICIT_SIMD=0 -fno-tree-vectorize,2,34.809038,34.716019,34.902056,34.809038,0.131548,1.000000
6000x6000.png,6000,6000,Quantize,20,static,,omp,yes,unset,unset,hype2,12.2.0,-O3 -Wall -Wextra -std=c++17 -fopenmp -DOMP_EXPLICIT_SIMD=1,2,35.479362,35.342696,35.616029,35.479362,0.193276,1.000000
6000x6000.png,6000,6000,Quantize,4,dynamic,1,off,yes,unset,unset,hype2,12.2.0,-O3 -Wall -Wextra -std=c++17 -fopenmp -DOMP_EXPLICIT_SIMD=0 -fno-tree-vectorize,2,144.676097,143.066269,146.285926,144.676097,2.276641,1.048959
6000x6000.png,6000,6000,Quantize,4,dynamic,1,omp,yes,unset,unset,hype2,12.2.0,-O3 -Wall -Wextra -std=c++17 -fopenmp -DOMP_EXPLICIT_SIMD=1,2,145.288055,144.528490,146.047621,145.288055,1.074188,1.049114
6000x6000.png,6000,6000,Quantize,4,dynamic,16,off,yes,unset,unset,hype2,12.2.0,-O3 -Wall -Wextra -std=c++17 -fopenmp -DOMP_EXPLICIT_SIMD=0 -fno-tree-vectorize,2,143.274228,143.147287,143.401169,143.274228,0.179522,1.059223
6000x6000.png,6000,6000,Quantize,4,dynamic,16,omp,yes,unset,unset,hype2,12.2.0,-O3 -Wall -Wextra -std=c++17 -fopenmp -DOMP_EXPLICIT_SIMD=1,2,146.674317,146.566934,146.781700,146.674317,0.151862,1.039199
6000x6000.png,6000,6000,Quantize,4,static,,off,yes,unset,unset,hype2,12.2.0,-O3 -Wall -Wextra -std=c++17 -fopenmp -DOMP_EXPLICIT_SIMD=0 -fno-tree-vectorize,2,151.759314,143.886118,159.632509,151.759314,11.134380,1.000000
6000x6000.png,6000,6000,Quantize,4,static,,omp,yes,unset,unset,hype2,12.2.0,-O3 -Wall -Wextra -std=c++17 -fopenmp -DOMP_EXPLICIT_SIMD=1,2,152.423797,148.404074,156.443519,152.423797,5.684746,1.000000
6000x6000.png,6000,6000,Quantize,8,dynamic,1,off,yes,unset,unset,hype2,12.2.0,-O3 -Wall -Wextra -std=c++17 -fopenmp -DOMP_EXPLICIT_SIMD=0 -fno-tree-vectorize,2,81.558505,79.602518,83.514492,81.558505,2.766183,0.989200
6000x6000.png,6000,6000,Quantize,8,dynamic,1,omp,yes,unset,unset,hype2,12.2.0,-O3 -Wall -Wextra -std=c++17 -fopenmp -DOMP_EXPLICIT_SIMD=1,2,81.583664,81.058132,82.109196,81.583664,0.743214,1.005107
6000x6000.png,6000,6000,Quantize,8,dynamic,16,off,yes,unset,unset,hype2,12.2.0,-O3 -Wall -Wextra -std=c++17 -fopenmp -DOMP_EXPLICIT_SIMD=0 -fno-tree-vectorize,2,80.285950,79.330693,81.241208,80.285950,1.350938,1.004879
6000x6000.png,6000,6000,Quantize,8,dynamic,16,omp,yes,unset,unset,hype2,12.2.0,-O3 -Wall -Wextra -std=c++17 -fopenmp -DOMP_EXPLICIT_SIMD=1,2,82.614280,82.332057,82.896502,82.614280,0.399123,0.992568
6000x6000.png,6000,6000,Quantize,8,static,,off,yes,unset,unset,hype2,12.2.0,-O3 -Wall -Wextra -std=c++17 -fopenmp -DOMP_EXPLICIT_SIMD=0 -fno-tree-vectorize,2,80.677669,79.869487,81.485851,80.677669,1.142942,1.000000
6000x6000.png,6000,6000,Quantize,8,static,,omp,yes,unset,unset,hype2,12.2.0,-O3 -Wall -Wextra -std=c++17 -fopenmp -DOMP_EXPLICIT_SIMD=1,2,82.000287,81.749198,82.251375,82.000287,0.355093,1.000000
6000x6000.png,6000,6000,Rotate_CCW,1,dynamic,1,off,no,unset,unset,hype2,12.2.0,-O3 -Wall -Wextra -std=c++17 -fopenmp -DOMP_EXPLICIT_SIMD=0 -fno-tree-vectorize,2,252.038512,250.010108,254.066917,252.038512,2.868597,0.994395
6000x6000.png,6000,6000,Rotate_CCW,1,dynamic,1,omp,no,unset,unset,hype2,12.2.0,-O3 -Wall -Wextra -std=c++17 -fopenmp -DOMP_EXPLICIT_SIMD=1,2,250.167306,249.911977,250.422635,250.167306,0.361090,0.999241
6000x6000.png,6000,6000,Rotate_CCW,1,dynamic,16,off,no,unset,unset,hype2,12.2.0,-O3 -Wall -Wextra -std=c++17 -fopenmp -DOMP_EXPLICIT_SIMD=0 -fno-tree-vectorize,2,249.401907,248.271210,250.532605,249.401907,1.599048,1.004908
6000x6000.png,6000,6000,Rotate_CCW,1,dynamic,16,omp,no,unset,unset,hype2,12.2.0,-O3 -Wall -Wextra -std=c++17 -fopenmp -DOMP_EXPLICIT_SIMD=1,2,249.723459,249.005138,250.441780,249.723459,1.015859,1.001017
6000x6000.png,6000,6000,Rotate_CCW,1,static,,off,no,unset,unset,hype2,12.2.0,-O3 -Wall -Wextra -std=c++17 -fopenmp -DOMP_EXPLICIT_SIMD=0 -fno-tree-vectorize,2,250.625962,249.698696,251.553228,250.625962,1.311352,1.000000
6000x6000.png,6000,6000,Rotate_CCW,1,static,,omp,no,unset,unset,hype2,12.2.0,-O3 -Wall -Wextra -std=c++17 -fopenmp -DOMP_EXPLICIT_SIMD=1,2,249.977308,249.750800,250.203816,249.977308,0.320331,1.000000
6000x6000.png,6000,6000,Rotate_CCW,12,dynamic,1,off,no,unset,unset,hype2,12.2.0,-O3 -Wall -Wextra -std=c++17 -fopenmp -DOMP_EXPLICIT_SIMD=0 -fno-tree-vectorize,2,86.667513,84.507386,88.827639,86.667513,3.054880,0.577507
6000x6000.png,6000,6000,Rotate_CCW,12,dynamic,1,omp,no,unset,unset,hype2,12.2.0,-O3 -Wall -Wextra -std=c++17 -fopenmp -DOMP_EXPLICIT_SIMD=1,2,80.778495,74.317022,87.239968,80.778495,9.137903,0.632695
6000x6000.png,6000,6000,Rotate_CCW,12,dynamic,16,off,no,unset,unset,hype2,12.2.0,-O3 -Wall -Wextra -std=c++17 -fopenmp -DOMP_EXPLICIT_SIMD=0 -fno-tree-vectorize,2,53.779333,53.499337,54.059329,53.779333,0.395974,0.930675
6000x6000.png,6000,6000,Rotate_CCW,12,dynamic,16,omp,no,unset,unset,hype2,12.2.0,-O3 -Wall -Wextra -std=c++17 -fopenmp -DOMP_EXPLICIT_SIMD=1,2,53.299192,53.251369,53.347015,53.299192,0.067632,0.958892
6000x6000.png,6000,6000,Rotate_CCW,12,static,,off,no,unset,unset,hype2,12.2.0,-O3 -Wall -Wextra -std=c++17 -fopenmp -DOMP_EXPLICIT_SIMD=0 -fno-tree-vectorize,2,50.051081,48.658289,51.443873,50.051081,1.969705,1.000000
6000x6000.png,6000,6000,Rotate_CCW,12,static,,omp,no,unset,unset,hype2,12.2.0,-O3 -Wall -Wextra -std=c++17 -fopenmp -DOMP_EXPLICIT_SIMD=1,2,51.108187,51.011105,51.205268,51.108187,0.137294,1.000000
6000x6000.png,6000,6000,Rotate_CCW,16,dynamic,1,off,no,unset,unset,hype2,12.2.0,-O3 -Wall -Wextra -std=c++17 -fopenmp -DOMP_EXPLICIT_SIMD=0 -fno-tree-vectorize,2,76.087156,75.671528,76.502785,76.087156,0.587787,0.562526
6000x6000.png,6000,6000,Rotate_CCW,16,dynamic,1,omp,no,unset,unset,hype2,12.2.0,-O3 -Wall -Wextra -std=c++17 -fopenmp -DOMP_EXPLICIT_SIMD=1,2,75.374032,74.458506,76.289557,75.374032,1.294749,0.558270
6000x6000.png,6000,6000,Rotate_CCW,16,dynamic,16,off,no,unset,unset,hype2,12.2.0,-O3 -Wall -Wextra -std=c++17 -fopenmp -DOMP_EXPLICIT_SIMD=0 -fno-tree-vectorize,2,44.298677,43.975586,44.621768,44.298677,0.456920,0.966192
6000x6000.png,6000,6000,Rotate_CCW,16,dynamic,16,omp,no,unset,unset,hype2,12.2.0,-O3 -Wall -Wextra -std=c++17 -fopenmp -DOMP_EXPLICIT_SIMD=1,2,44.342603,43.845596,44.839611,44.342603,0.702875,0.948953
6000x6000.png,6000,6000,Rotate_CCW,16,static,,off,no,unset,unset,hype2,12.2.0,-O3 -Wall -Wextra -std=c++17 -fopenmp -DOMP_EXPLICIT_SIMD=0 -fno-tree-vectorize,2,42.801009,42.701870,42.900148,42.801009,0.140204,1.000000
6000x6000.png,6000,6000,Rotate_CCW,16,static,,omp,no,unset,unset,hype2,12.2.0,-O3 -Wall -Wextra -std=c++17 -fopenmp -DOMP_EXPLICIT_SIMD=1,2,42.079067,41.421860,42.736274,42.079067,0.929431,1.000000
6000x6000.png,6000,6000,Rotate_CCW,2,dynamic,1,off,no,unset,unset,hype2,12.2.0,-O3 -Wall -Wextra -std=c++17 -fopenmp -DOMP_EXPLICIT_SIMD=0 -fno-tree-vectorize,2,202.189590,201.835478,202.543701,202.189590,0.500789,0.719744
6000x6000.png,6000,6000,Rotate_CCW,2,dynamic,1,omp,no,unset,unset,hype2,12.2.0,-O3 -Wall -Wextra -std=c++17 -fopenmp -DOMP_EXPLICIT_SIMD=1,2,195.906591,193.734284,198.078899,195.906591,3.072107,0.758669
6000x6000.png,6000,6000,Rotate_CCW,2,dynamic,16,off,no,unset,unset,hype2,12.2.0,-O3 -Wall -Wextra -std=c++17 -fopenmp -DOMP_EXPLICIT_SIMD=0 -fno-tree-vectorize,2,145.131593,144.744736,145.518449,145.131593,0.547098,1.002709
6000x6000.png,6000,6000,Rotate_CCW,2,dynamic,16,omp,no,unset,unset,hype2,12.2.0,-O3 -Wall -Wextra -std=c++17 -fopenmp -DOMP_EXPLICIT_SIMD=1,2,146.453387,144.405306,148.501469,146.453387,2.896425,1.014851
6000x6000.png,6000,6000,Rotate_CCW,2,static,,off,no,unset,unset,hype2,12.2.0,-O3 -Wall -Wextra -std=c++17 -fopenmp -DOMP_EXPLICIT_SIMD=0 -fno-tree-vectorize,2,145.524741,131.477859,159.571622,145.524741,19.865290,1.000000
6000x6000.png,6000,6000,Rotate_CCW,2,static,,omp,no,unset,unset,hype2,12.2.0,-O3 -Wall -Wextra -std=c++17 -fopenmp -DOMP_EXPLICIT_SIMD=1,2,148.628332,132.870976,164.385688,148.628332,22.284267,1.000000
6000x6000.png,6000,6000,Rotate_CCW,20,dynamic,1,off,no,unset,unset,hype2,12.2.0,-O3 -Wall -Wextra -std=c++17 -fopenmp -DOMP_EXPLICIT_SIMD=0 -fno-tree-vectorize,2,68.086772,67.922758,68.250787,68.086772,0.231952,0.517723
6000x6000.png,6000,6000,Rotate_CCW,20,dynamic,1,omp,no,unset,unset,hype2,12.2.0,-O3 -Wall -Wextra -std=c++17 -fopenmp -DOMP_EXPLICIT_SIMD=1,2,66.235380,65.359713,67.111047,66.235380,1.238380,0.564145
6000x6000.png,6000,6000,Rotate_CCW,20,dynamic,16,off,no,unset,unset,hype2,12.2.0,-O3 -Wall -Wextra -std=c++17 -fopenmp -DOMP_EXPLICIT_SIMD=0 -fno-tree-vectorize,2,40.708585,40.421865,40.995304,40.708585,0.405483,0.865913
6000x6000.png,6000,6000,Rotate_CCW,20,dynamic,16,omp,no,unset,unset,hype2,12.2.0,-O3 -Wall -Wextra -std=c++17 -fopenmp -DOMP_EXPLICIT_SIMD=1,2,40.214709,40.076225,40.353194,40.214709,0.195847,0.929172
6000x6000.png,6000,6000,Rotate_CCW,20,static,,off,no,unset,unset,hype2,12.2.0,-O3 -Wall -Wextra -std=c++17 -fopenmp -DOMP_EXPLICIT_SIMD=0 -fno-tree-vectorize,2,35.250079,32.021424,38.478733,35.250079,4.566007,1.000000
6000x6000.png,6000,6000,Rotate_CCW,20,static,,omp,no,unset,unset,hype2,12.2.0,-O3 -Wall -Wextra -std=c++17 -fopenmp -DOMP_EXPLICIT_SIMD=1,2,37.366362,36.158752,38.573972,37.366362,1.707818,1.000000
6000x6000.png,6000,6000,Rotate_CCW,4,dynamic,1,off,no,unset,unset,hype2,12.2.0,-O3 -Wall -Wextra -std=c++17 -fopenmp -DOMP_EXPLICIT_SIMD=0 -fno-tree-vectorize,2,178.582619,166.145671,191.019567,178.582619,17.588501,0.512292
6000x6000.png,6000,6000,Rotate_CCW,4,dynamic,1,omp,no,unset,unset,hype2,12.2.0,-O3 -Wall -Wextra -std=c++17 -fopenmp -DOMP_EXPLICIT_SIMD=1,2,184.563150,177.112277,192.014023,184.563150,10.537126,0.569644
6000x6000.png,6000,6000,Rotate_CCW,4,dynamic,16,off,no,unset,unset,hype2,12.2.0,-O3 -Wall -Wextra -std=c++17 -fopenmp -DOMP_EXPLICIT_SIMD=0 -fno-tree-vectorize,2,129.226302,123.167086,135.285518,129.226302,8.569025,0.707955
6000x6000.png,6000,6000,Rotate_CCW,4,dynamic,16,omp,no,unset,unset,hype2,12.2.0,-O3 -Wall -Wextra -std=c++17 -fopenmp -DOMP_EXPLICIT_SIMD=1,2,130.063219,129.084199,131.042239,130.063219,1.384543,0.808340
6000x6000.png,6000,6000,Rotate_CCW,4,static,,off,no,unset,unset,hype2,12.2.0,-O3 -Wall -Wextra -std=c++17 -fopenmp -DOMP_EXPLICIT_SIMD=0 -fno-tree-vectorize,2,91.486424,91.203578,91.769269,91.486424,0.400004,1.000000
6000x6000.png,6000,6000,Rotate_CCW,4,static,,omp,no,unset,unset,hype2,12.2.0,-O3 -Wall -Wextra -std=c++17 -fopenmp -DOMP_EXPLICIT_SIMD=1,2,105.135265,91.327010,118.943519,105.135265,19.527821,1.000000
6000x6000.png,6000,6000,Rotate_CCW,8,dynamic,1,off,no,unset,unset,hype2,12.2.0,-O3 -Wall -Wextra -std=c++17 -fopenmp -DOMP_EXPLICIT_SIMD=0 -fno-tree-vectorize,2,104.509255,104.245545,104.772966,104.509255,0.372943,0.598140
6000x6000.png,6000,6000,Rotate_CCW,8,dynamic,1,omp,no,unset,unset,hype2,12.2.0,-O3 -Wall -Wextra -std=c++17 -fopenmp -DOMP_EXPLICIT_SIMD=1,2,113.070436,112.594358,113.546515,113.070436,0.673277,0.561811
6000x6000.png,6000,6000,Rotate_CCW,8,dynamic,16,off,no,unset,unset,hype2,12.2.0,-O3 -Wall -Wextra -std=c++17 -fopenmp -DOMP_EXPLICIT_SIMD=0 -fno-tree-vectorize,2,72.203596,71.979105,72.428087,72.203596,0.317478,0.865762
6000x6000.png,6000,6000,Rotate_CCW,8,dynamic,16,omp,no,unset,unset,hype2,12.2.0,-O3 -Wall -Wextra -std=c++17 -fopenmp -DOMP_EXPLICIT_SIMD=1,2,72.579581,72.221791,72.937372,72.579581,0.505992,0.875235
6000x6000.png,6000,6000,Rotate_CCW,8,static,,off,no,unset,unset,hype2,12.2.0,-O3 -Wall -Wextra -std=c++17 -fopenmp -DOMP_EXPLICIT_SIMD=0 -fno-tree-vectorize,2,62.511132,56.138640,68.883623,62.511132,9.012064,1.000000
6000x6000.png,6000,6000,Rotate_CCW,8,static,,omp,no,unset,unset,hype2,12.2.0,-O3 -Wall -Wextra -std=c++17 -fopenmp -DOMP_EXPLICIT_SIMD=1,2,63.524220,63.051303,63.997137,63.524220,0.668806,1.000000
6000x6000.png,6000,6000,Rotate_CW,1,dynamic,1,off,no,unset,unset,hype2,12.2.0,-O3 -Wall -Wextra -std=c++17 -fopenmp -DOMP_EXPLICIT_SIMD=0 -fno-tree-vectorize,2,252.714888,252.677022,252.752754,252.714888,0.053551,0.999167
6000x6000.png,6000,6000,Rotate_CW,1,dynamic,1,omp,no,unset,unset,hype2,12.2.0,-O3 -Wall -Wextra -std=c++17 -fopenmp -DOMP_EXPLICIT_SIMD=1,2,244.890167,236.382515,253.397819,244.890167,12.031637,1.035134
6000x6000.png,6000,6000,Rotate_CW,1,dynamic,16,off,no,unset,unset,hype2,12.2.0,-O3 -Wall -Wextra -std=c++17 -fopenmp -DOMP_EXPLICIT_SIMD=0 -fno-tree-vectorize,2,251.476848,250.886060,252.067637,251.476848,0.835501,1.004086
6000x6000.png,6000,6000,Rotate_CW,1,dynamic,16,omp,no,unset,unset,hype2,12.2.0,-O3 -Wall -Wextra -std=c++17 -fopenmp -DOMP_EXPLICIT_SIMD=1,2,252.417428,251.750066,253.084790,252.417428,0.943792,1.004266
6000x6000.png,6000,6000,Rotate_CW,1,static,,off,no,unset,unset,hype2,12.2.0,-O3 -Wall -Wextra -std=c++17 -fopenmp -DOMP_EXPLICIT_SIMD=0 -fno-tree-vectorize,2,252.504414,252.456334,252.552495,252.504414,0.067996,1.000000
6000x6000.png,6000,6000,Rotate_CW,1,static,,omp,no,unset,unset,hype2,12.2.0,-O3 -Wall -Wextra -std=c++17 -fopenmp -DOMP_EXPLICIT_SIMD=1,2,253.494201,253.060600,253.927802,253.494201,0.613204,1.000000
6000x6000.png,6000,6000,Rotate_CW,12,dynamic,1,off,no,unset,unset,hype2,12.2.0,-O3 -Wall -Wextra -std=c++17 -fopenmp -DOMP_EXPLICIT_SIMD=0 -fno-tree-vectorize,2,85.328804,85.286426,85.371182,85.328804,0.059932,0.561310
6000x6000.png,6000,6000,Rotate_CW,12,dynamic,1,omp,no,unset,unset,hype2,12.2.0,-O3 -Wall -Wextra -std=c++17 -fopenmp -DOMP_EXPLICIT_SIMD=1,2,82.748030,80.369205,85.126854,82.748030,3.364166,0.586142
6000x6000.png,6000,6000,Rotate_CW,12,dynamic,16,off,no,unset,unset,hype2,12.2.0,-O3 -Wall -Wextra -std=c++17 -fopenmp -DOMP_EXPLICIT_SIMD=0 -fno-tree-vectorize,2,54.038604,53.472441,54.604767,54.038604,0.800675,0.886328
6000x6000.png,6000,6000,Rotate_CW,12,dynamic,16,omp,no,unset,unset,hype2,12.2.0,-O3 -Wall -Wextra -std=c++17 -fopenmp -DOMP_EXPLICIT_SIMD=1,2,52.269772,51.782951,52.756593,52.269772,0.688469,0.927919
6000x6000.png,6000,6000,Rotate_CW,12,static,,off,no,unset,unset,hype2,12.2.0,-O3 -Wall -Wextra -std=c++17 -fopenmp -DOMP_EXPLICIT_SIMD=0 -fno-tree-vectorize,2,47.895939,47.672721,48.119158,47.895939,0.315679,1.000000
6000x6000.png,6000,6000,Rotate_CW,12,static,,omp,no,unset,unset,hype2,12.2.0,-O3 -Wall -Wextra -std=c++17 -fopenmp -DOMP_EXPLICIT_SIMD=1,2,48.502135,46.382938,50.621332,48.502135,2.996997,1.000000
6000x6000.png,6000,6000,Rotate_CW,16,dynamic,1,off,no,unset,unset,hype2,12.2.0,-O3 -Wall -Wextra -std=c++17 -fopenmp -DOMP_EXPLICIT_SIMD=0 -fno-tree-vectorize,2,74.136241,73.688587,74.583896,74.136241,0.633079,0.576317
6000x6000.png,6000,6000,Rotate_CW,16,dynamic,1,omp,no,unset,unset,hype2,12.2.0,-O3 -Wall -Wextra -std=c++17 -fopenmp -DOMP_EXPLICIT_SIMD=1,2,73.035775,72.549281,73.522268,73.035775,0.688006,0.518908
6000x6000.png,6000,6000,Rotate_CW,16,dynamic,16,off,no,unset,unset,hype2,12.2.0,-O3 -Wall -Wextra -std=c++17 -fopenmp -DOMP_EXPLICIT_SIMD=0 -fno-tree-vectorize,2,43.927881,43.678331,44.177430,43.927881,0.352916,0.972640
6000x6000.png,6000,6000,Rotate_CW,16,dynamic,16,omp,no,unset,unset,hype2,12.2.0,-O3 -Wall -Wextra -std=c++17 -fopenmp -DOMP_EXPLICIT_SIMD=1,2,43.954716,43.540516,44.368916,43.954716,0.585767,0.862224
6000x6000.png,6000,6000,Rotate_CW,16,static,,off,no,unset,unset,hype2,12.2.0,-O3 -Wall -Wextra -std=c++17 -fopenmp -DOMP_EXPLICIT_SIMD=0 -fno-tree-vectorize,2,42.725995,42.459232,42.992758,42.725995,0.377260,1.000000
6000x6000.png,6000,6000,Rotate_CW,16,static,,omp,no,unset,unset,hype2,12.2.0,-O3 -Wall -Wextra -std=c++17 -fopenmp -DOMP_EXPLICIT_SIMD=1,2,37.898825,34.370201,41.427448,37.898825,4.990227,1.000000
6000x6000.png,6000,6000,Rotate_CW,2,dynamic,1,off,no,unset,unset,hype2,12.2.0,-O3 -Wall -Wextra -std=c++17 -fopenmp -DOMP_EXPLICIT_SIMD=0 -fno-tree-vectorize,2,201.582200,200.619677,202.544724,201.582200,1.361214,0.698740
6000x6000.png,6000,6000,Rotate_CW,2,dynamic,1,omp,no,unset,unset,hype2,12.2.0,-O3 -Wall -Wextra -std=c++17 -fopenmp -DOMP_EXPLICIT_SIMD=1,2,187.461616,176.833554,198.089679,187.461616,15.030350,0.831067
6000x6000.png,6000,6000,Rotate_CW,2,dynamic,16,off,no,unset,unset,hype2,12.2.0,-O3 -Wall -Wextra -std=c++17 -fopenmp -DOMP_EXPLICIT_SIMD=0 -fno-tree-vectorize,2,146.350435,145.273170,147.427699,146.350435,1.523482,0.962440
6000x6000.png,6000,6000,Rotate_CW,2,dynamic,16,omp,no,unset,unset,hype2,12.2.0,-O3 -Wall -Wextra -std=c++17 -fopenmp -DOMP_EXPLICIT_SIMD=1,2,148.724331,145.023905,152.424756,148.724331,5.233192,1.047529
6000x6000.png,6000,6000,Rotate_CW,2,static,,off,no,unset,unset,hype2,12.2.0,-O3 -Wall -Wextra -std=c++17 -fopenmp -DOMP_EXPLICIT_SIMD=0 -fno-tree-vectorize,2,140.853543,132.784623,148.922463,140.853543,11.411176,1.000000
6000x6000.png,6000,6000,Rotate_CW,2,static,,omp,no,unset,unset,hype2,12.2.0,-O3 -Wall -Wextra -std=c++17 -fopenmp -DOMP_EXPLICIT_SIMD=1,2,155.793085,155.547084,156.039085,155.793085,0.347897,1.000000
6000x6000.png,6000,6000,Rotate_CW,20,dynamic,1,off,no,unset,unset,hype2,12.2.0,-O3 -Wall -Wextra -std=c++17 -fopenmp -DOMP_EXPLICIT_SIMD=0 -fno-tree-vectorize,2,64.962075,63.703509,66.220641,64.962075,1.779881,0.588417
6000x6000.png,6000,6000,Rotate_CW,20,dynamic,1,omp,no,unset,unset,hype2,12.2.0,-O3 -Wall -Wextra -std=c++17 -fopenmp -DOMP_EXPLICIT_SIMD=1,2,65.759614,64.704579,66.814648,65.759614,1.492044,0.532191
6000x6000.png,6000,6000,Rotate_CW,20,dynamic,16,off,no,unset,unset,hype2,12.2.0,-O3 -Wall -Wextra -std=c++17 -fopenmp -DOMP_EXPLICIT_SIMD=0 -fno-tree-vectorize,2,39.106321,38.014242,40.198401,39.106321,1.544434,0.977459
6000x6000.png,6000,6000,Rotate_CW,20,dynamic,16,omp,no,unset,unset,hype2,12.2.0,-O3 -Wall -Wextra -std=c++17 -fopenmp -DOMP_EXPLICIT_SIMD=1,2,39.060151,39.014982,39.105320,39.060151,0.063879,0.895969
6000x6000.png,6000,6000,Rotate_CW,20,static,,off,no,unset,unset,hype2,12.2.0,-O3 -Wall -Wextra -std=c++17 -fopenmp -DOMP_EXPLICIT_SIMD=0 -fno-tree-vectorize,2,38.224814,38.099062,38.350566,38.224814,0.177840,1.000000
6000x6000.png,6000,6000,Rotate_CW,20,static,,omp,no,unset,unset,hype2,12.2.0,-O3 -Wall -Wextra -std=c++17 -fopenmp -DOMP_EXPLICIT_SIMD=1,2,34.996699,31.864060,38.129338,34.996699,4.430221,1.000000
6000x6000.png,6000,6000,Rotate_CW,4,dynamic,1,off,no,unset,unset,hype2,12.2.0,-O3 -Wall -Wextra -std=c++17 -fopenmp -DOMP_EXPLICIT_SIMD=0 -fno-tree-vectorize,2,187.245475,174.604817,199.886134,187.245475,17.876591,0.533173
6000x6000.png,6000,6000,Rotate_CW,4,dynamic,1,omp,no,unset,unset,hype2,12.2.0,-O3 -Wall -Wextra -std=c++17 -fopenmp -DOMP_EXPLICIT_SIMD=1,2,185.523579,175.118558,195.928601,185.523579,14.714923,0.516506
6000x6000.png,6000,6000,Rotate_CW,4,dynamic,16,off,no,unset,unset,hype2,12.2.0,-O3 -Wall -Wextra -std=c++17 -fopenmp -DOMP_EXPLICIT_SIMD=0 -fno-tree-vectorize,2,128.453332,128.356952,128.549713,128.453332,0.136303,0.777202
6000x6000.png,6000,6000,Rotate_CW,4,dynamic,16,omp,no,unset,unset,hype2,12.2.0,-O3 -Wall -Wextra -std=c++17 -fopenmp -DOMP_EXPLICIT_SIMD=1,2,128.049967,124.644475,131.455459,128.049967,4.816093,0.748333
6000x6000.png,6000,6000,Rotate_CW,4,static,,off,no,unset,unset,hype2,12.2.0,-O3 -Wall -Wextra -std=c++17 -fopenmp -DOMP_EXPLICIT_SIMD=0 -fno-tree-vectorize,2,99.834222,97.381009,102.287434,99.834222,3.469366,1.000000
6000x6000.png,6000,6000,Rotate_CW,4,static,,omp,no,unset,unset,hype2,12.2.0,-O3 -Wall -Wextra -std=c++17 -fopenmp -DOMP_EXPLICIT_SIMD=1,2,95.824075,95.283673,96.364477,95.824075,0.764244,1.000000
6000x6000.png,6000,6000,Rotate_CW,8,dynamic,1,off,no,unset,unset,hype2,12.2.0,-O3 -Wall -Wextra -std=c++17 -fopenmp -DOMP_EXPLICIT_SIMD=0 -fno-tree-vectorize,2,104.983911,96.516782,113.451039,104.983911,11.974328,0.592942
6000x6000.png,6000,6000,Rotate_CW,8,dynamic,1,omp,no,unset,unset,hype2,12.2.0,-O3 -Wall -Wextra -std=c++17 -fopenmp -DOMP_EXPLICIT_SIMD=1,2,110.741411,109.476847,112.005976,110.741411,1.788364,0.602713
6000x6000.png,6000,6000,Rotate_CW,8,dynamic,16,off,no,unset,unset,hype2,12.2.0,-O3 -Wall -Wextra -std=c++17 -fopenmp -DOMP_EXPLICIT_SIMD=0 -fno-tree-vectorize,2,72.573376,72.467165,72.679587,72.573376,0.150205,0.857744
6000x6000.png,6000,6000,Rotate_CW,8,dynamic,16,omp,no,unset,unset,hype2,12.2.0,-O3 -Wall -Wextra -std=c++17 -fopenmp -DOMP_EXPLICIT_SIMD=1,2,71.181358,70.848175,71.514541,71.181358,0.471192,0.937679
6000x6000.png,6000,6000,Rotate_CW,8,static,,off,no,unset,unset,hype2,12.2.0,-O3 -Wall -Wextra -std=c++17 -fopenmp -DOMP_EXPLICIT_SIMD=0 -fno-tree-vectorize,2,62.249404,55.473944,69.024864,62.249404,9.581947,1.000000
6000x6000.png,6000,6000,Rotate_CW,8,static,,omp,no,unset,unset,hype2,12.2.0,-O3 -Wall -Wextra -std=c++17 -fopenmp -DOMP_EXPLICIT_SIMD=1,2,66.745262,64.454254,69.036271,66.745262,3.239975,1.000000
6000x6000.png,6000,6000,Zoom_In,1,dynamic,1,off,yes,unset,unset,hype2,12.2.0,-O3 -Wall -Wextra -std=c++17 -fopenmp -DOMP_EXPLICIT_SIMD=0 -fno-tree-vectorize,2,350.270812,349.931958,350.609666,350.270812,0.479212,0.997917
6000x6000.png,6000,6000,Zoom_In,1,dynamic,1,omp,yes,unset,unset,hype2,12.2.0,-O3 -Wall -Wextra -std=c++17 -fopenmp -DOMP_EXPLICIT_SIMD=1,2,287.654352,287.466787,287.841917,287.654352,0.265257,0.999979
6000x6000.png,6000,6000,Zoom_In,1,dynamic,16,off,yes,unset,unset,hype2,12.2.0,-O3 -Wall -Wextra -std=c++17 -fopenmp -DOMP_EXPLICIT_SIMD=0 -fno-tree-vectorize,2,349.566279,349.149603,349.982954,349.566279,0.589268,0.999928
6000x6000.png,6000,6000,Zoom_In,1,dynamic,16,omp,yes,unset,unset,hype2,12.2.0,-O3 -Wall -Wextra -std=c++17 -fopenmp -DOMP_EXPLICIT_SIMD=1,2,286.136704,286.018427,286.254982,286.136704,0.167270,1.005283
6000x6000.png,6000,6000,Zoom_In,1,static,,off,yes,unset,unset,hype2,12.2.0,-O3 -Wall -Wextra -std=c++17 -fopenmp -DOMP_EXPLICIT_SIMD=0 -fno-tree-vectorize,2,349.541175,349.508013,349.574336,349.541175,0.046897,1.000000
6000x6000.png,6000,6000,Zoom_In,1,static,,omp,yes,unset,unset,hype2,12.2.0,-O3 -Wall -Wextra -std=c++17 -fopenmp -DOMP_EXPLICIT_SIMD=1,2,287.648269,286.382355,288.914183,287.648269,1.790273,1.000000
6000x6000.png,6000,6000,Zoom_In,12,dynamic,1,off,yes,unset,unset,hype2,12.2.0,-O3 -Wall -Wextra -std=c++17 -fopenmp -DOMP_EXPLICIT_SIMD=0 -fno-tree-vectorize,2,85.636736,85.174873,86.098598,85.636736,0.653172,0.520077
6000x6000.png,6000,6000,Zoom_In,12,dynamic,1,omp,yes,unset,unset,hype2,12.2.0,-O3 -Wall -Wextra -std=c++17 -fopenmp -DOMP_EXPLICIT_SIMD=1,2,85.601957,84.999462,86.204451,85.601957,0.852056,0.402844
6000x6000.png,6000,6000,Zoom_In,12,dynamic,16,off,yes,unset,unset,hype2,12.2.0,-O3 -Wall -Wextra -std=c++17 -fopenmp -DOMP_EXPLICIT_SIMD=0 -fno-tree-vectorize,2,42.740506,42.696180,42.784832,42.740506,0.062686,1.042048
6000x6000.png,6000,6000,Zoom_In,12,dynamic,16,omp,yes,unset,unset,hype2,12.2.0,-O3 -Wall -Wextra -std=c++17 -fopenmp -DOMP_EXPLICIT_SIMD=1,2,39.371190,38.983975,39.758405,39.371190,0.547605,0.875874
6000x6000.png,6000,6000,Zoom_In,12,static,,off,yes,unset,unset,hype2,12.2.0,-O3 -Wall -Wextra -std=c++17 -fopenmp -DOMP_EXPLICIT_SIMD=0 -fno-tree-vectorize,2,44.537675,42.129076,46.946275,44.537675,3.406274,1.000000
6000x6000.png,6000,6000,Zoom_In,12,static,,omp,yes,unset,unset,hype2,12.2.0,-O3 -Wall -Wextra -std=c++17 -fopenmp -DOMP_EXPLICIT_SIMD=1,2,34.484194,32.294063,36.674325,34.484194,3.097313,1.000000
6000x6000.png,6000,6000,Zoom_In,16,dynamic,1,off,yes,unset,unset,hype2,12.2.0,-O3 -Wall -Wextra -std=c++17 -fopenmp -DOMP_EXPLICIT_SIMD=0 -fno-tree-vectorize,2,83.107938,82.940910,83.274966,83.107938,0.236213,0.376931
6000x6000.png,6000,6000,Zoom_In,16,dynamic,1,omp,yes,unset,unset,hype2,12.2.0,-O3 -Wall -Wextra -std=c++17 -fopenmp -DOMP_EXPLICIT_SIMD=1,2,81.804994,81.729114,81.880874,81.804994,0.107311,0.345313
6000x6000.png,6000,6000,Zoom_In,16,dynamic,16,off,yes,unset,unset,hype2,12.2.0,-O3 -Wall -Wextra -std=c++17 -fopenmp -DOMP_EXPLICIT_SIMD=0 -fno-tree-vectorize,2,33.823071,33.259005,34.387136,33.823071,0.797709,0.926172
6000x6000.png,6000,6000,Zoom_In,16,dynamic,16,omp,yes,unset,unset,hype2,12.2.0,-O3 -Wall -Wextra -std=c++17 -fopenmp -DOMP_EXPLICIT_SIMD=1,2,32.792991,32.707305,32.878677,32.792991,0.121178,0.861414
6000x6000.png,6000,6000,Zoom_In,16,static,,off,yes,unset,unset,hype2,12.2.0,-O3 -Wall -Wextra -std=c++17 -fopenmp -DOMP_EXPLICIT_SIMD=0 -fno-tree-vectorize,2,31.325978,31.220677,31.431278,31.325978,0.148917,1.000000
6000x6000.png,6000,6000,Zoom_In,16,static,,omp,yes,unset,unset,hype2,12.2.0,-O3 -Wall -Wextra -std=c++17 -fopenmp -DOMP_EXPLICIT_SIMD=1,2,28.248333,28.168297,28.328369,28.248333,0.113188,1.000000
6000x6000.png,6000,6000,Zoom_In,2,dynamic,1,off,yes,unset,unset,hype2,12.2.0,-O3 -Wall -Wextra -std=c++17 -fopenmp -DOMP_EXPLICIT_SIMD=0 -fno-tree-vectorize,2,200.006075,199.827379,200.184770,200.006075,0.252714,0.903919
6000x6000.png,6000,6000,Zoom_In,2,dynamic,1,omp,yes,unset,unset,hype2,12.2.0,-O3 -Wall -Wextra -std=c++17 -fopenmp -DOMP_EXPLICIT_SIMD=1,2,172.123913,171.789702,172.458124,172.123913,0.472646,0.872822
6000x6000.png,6000,6000,Zoom_In,2,dynamic,16,off,yes,unset,unset,hype2,12.2.0,-O3 -Wall -Wextra -std=c++17 -fopenmp -DOMP_EXPLICIT_SIMD=0 -fno-tree-vectorize,2,199.877251,199.426198,200.328303,199.877251,0.637885,0.904502
6000x6000.png,6000,6000,Zoom_In,2,dynamic,16,omp,yes,unset,unset,hype2,12.2.0,-O3 -Wall -Wextra -std=c++17 -fopenmp -DOMP_EXPLICIT_SIMD=1,2,168.149927,167.951433,168.348422,168.149927,0.280714,0.893450
6000x6000.png,6000,6000,Zoom_In,2,static,,off,yes,unset,unset,hype2,12.2.0,-O3 -Wall -Wextra -std=c++17 -fopenmp -DOMP_EXPLICIT_SIMD=0 -fno-tree-vectorize,2,180.789330,176.991379,184.587281,180.789330,5.371114,1.000000
6000x6000.png,6000,6000,Zoom_In,2,static,,omp,yes,unset,unset,hype2,12.2.0,-O3 -Wall -Wextra -std=c++17 -fopenmp -DOMP_EXPLICIT_SIMD=1,2,150.233524,148.569290,151.897759,150.233524,2.353583,1.000000
6000x6000.png,6000,6000,Zoom_In,20,dynamic,1,off,yes,unset,unset,hype2,12.2.0,-O3 -Wall -Wextra -std=c++17 -fopenmp -DOMP_EXPLICIT_SIMD=0 -fno-tree-vectorize,2,81.714502,81.022881,82.406123,81.714502,0.978100,0.328158
6000x6000.png,6000,6000,Zoom_In,20,dynamic,1,omp,yes,unset,unset,hype2,12.2.0,-O3 -Wall -Wextra -std=c++17 -fopenmp -DOMP_EXPLICIT_SIMD=1,2,82.518933,82.212938,82.824928,82.518933,0.432742,0.314512
6000x6000.png,6000,6000,Zoom_In,20,dynamic,16,off,yes,unset,unset,hype2,12.2.0,-O3 -Wall -Wextra -std=c++17 -fopenmp -DOMP_EXPLICIT_SIMD=0 -fno-tree-vectorize,2,30.317419,29.770780,30.864058,30.317419,0.773064,0.884484
6000x6000.png,6000,6000,Zoom_In,20,dynamic,16,omp,yes,unset,unset,hype2,12.2.0,-O3 -Wall -Wextra -std=c++17 -fopenmp -DOMP_EXPLICIT_SIMD=1,2,30.341327,30.227127,30.455527,30.341327,0.161503,0.855374
6000x6000.png,6000,6000,Zoom_In,20,static,,off,yes,unset,unset,hype2,12.2.0,-O3 -Wall -Wextra -std=c++17 -fopenmp -DOMP_EXPLICIT_SIMD=0 -fno-tree-vectorize,2,26.815272,26.768859,26.861685,26.815272,0.065638,1.000000
6000x6000.png,6000,6000,Zoom_In,20,static,,omp,yes,unset,unset,hype2,12.2.0,-O3 -Wall -Wextra -std=c++17 -fopenmp -DOMP_EXPLICIT_SIMD=1,2,25.953193,25.509658,26.396727,25.953193,0.627253,1.000000
6000x6000.png,6000,6000,Zoom_In,4,dynamic,1,off,yes,unset,unset,hype2,12.2.0,-O3 -Wall -Wextra -std=c++17 -fopenmp -DOMP_EXPLICIT_SIMD=0 -fno-tree-vectorize,2,128.863027,128.061765,129.664290,128.863027,1.133156,0.832084
6000x6000.png,6000,6000,Zoom_In,4,dynamic,1,omp,yes,unset,unset,hype2,12.2.0,-O3 -Wall -Wextra -std=c++17 -fopenmp -DOMP_EXPLICIT_SIMD=1,2,119.604918,119.448103,119.761734,119.604918,0.221771,0.751665
6000x6000.png,6000,6000,Zoom_In,4,dynamic,16,off,yes,unset,unset,hype2,12.2.0,-O3 -Wall -Wextra -std=c++17 -fopenmp -DOMP_EXPLICIT_SIMD=0 -fno-tree-vectorize,2,111.857838,110.969022,112.746654,111.857838,1.256976,0.958582
6000x6000.png,6000,6000,Zoom_In,4,dynamic,16,omp,yes,unset,unset,hype2,12.2.0,-O3 -Wall -Wextra -std=c++17 -fopenmp -DOMP_EXPLICIT_SIMD=1,2,98.511955,97.246095,99.777814,98.511955,1.790196,0.912608
6000x6000.png,6000,6000,Zoom_In,4,static,,off,yes,unset,unset,hype2,12.2.0,-O3 -Wall -Wextra -std=c++17 -fopenmp -DOMP_EXPLICIT_SIMD=0 -fno-tree-vectorize,2,107.224910,103.976694,110.473127,107.224910,4.593672,1.000000
6000x6000.png,6000,6000,Zoom_In,4,static,,omp,yes,unset,unset,hype2,12.2.0,-O3 -Wall -Wextra -std=c++17 -fopenmp -DOMP_EXPLICIT_SIMD=1,2,89.902837,88.564987,91.240686,89.902837,1.892005,1.000000
6000x6000.png,6000,6000,Zoom_In,8,dynamic,1,off,yes,unset,unset,hype2,12.2.0,-O3 -Wall -Wextra -std=c++17 -fopenmp -DOMP_EXPLICIT_SIMD=0 -fno-tree-vectorize,2,97.180275,97.084020,97.276530,97.180275,0.136125,0.630364
6000x6000.png,6000,6000,Zoom_In,8,dynamic,1,omp,yes,unset,unset,hype2,12.2.0,-O3 -Wall -Wextra -std=c++17 -fopenmp -DOMP_EXPLICIT_SIMD=1,2,94.596550,93.558976,95.634124,94.596550,1.467351,0.538905
6000x6000.png,6000,6000,Zoom_In,8,dynamic,16,off,yes,unset,unset,hype2,12.2.0,-O3 -Wall -Wextra -std=c++17 -fopenmp -DOMP_EXPLICIT_SIMD=0 -fno-tree-vectorize,2,63.074746,61.675225,64.474267,63.074746,1.979222,0.971213
6000x6000.png,6000,6000,Zoom_In,8,dynamic,16,omp,yes,unset,unset,hype2,12.2.0,-O3 -Wall -Wextra -std=c++17 -fopenmp -DOMP_EXPLICIT_SIMD=1,2,54.865181,54.496096,55.234266,54.865181,0.521965,0.929161
6000x6000.png,6000,6000,Zoom_In,8,static,,off,yes,unset,unset,hype2,12.2.0,-O3 -Wall -Wextra -std=c++17 -fopenmp -DOMP_EXPLICIT_SIMD=0 -fno-tree-vectorize,2,61.258994,60.236871,62.281117,61.258994,1.445500,1.000000
6000x6000.png,6000,6000,Zoom_In,8,static,,omp,yes,unset,unset,hype2,12.2.0,-O3 -Wall -Wextra -std=c++17 -fopenmp -DOMP_EXPLICIT_SIMD=1,2,50.978590,49.524044,52.433136,50.978590,2.057039,1.000000
6000x6000.png,6000,6000,Zoom_Out,1,dynamic,1,off,no,unset,unset,hype2,12.2.0,-O3 -Wall -Wextra -std=c++17 -fopenmp -DOMP_EXPLICIT_SIMD=0 -fno-tree-vectorize,2,295.458127,295.252645,295.663610,295.458127,0.290596,0.998685
6000x6000.png,6000,6000,Zoom_Out,1,dynamic,1,omp,no,unset,unset,hype2,12.2.0,-O3 -Wall -Wextra -std=c++17 -fopenmp -DOMP_EXPLICIT_SIMD=1,2,296.935480,295.870794,298.000166,296.935480,1.505693,0.995039
6000x6000.png,6000,6000,Zoom_Out,1,dynamic,16,off,no,unset,unset,hype2,12.2.0,-O3 -Wall -Wextra -std=c++17 -fopenmp -DOMP_EXPLICIT_SIMD=0 -fno-tree-vectorize,2,295.910031,295.166032,296.654031,295.910031,1.052174,0.997159
6000x6000.png,6000,6000,Zoom_Out,1,dynamic,16,omp,no,unset,unset,hype2,12.2.0,-O3 -Wall -Wextra -std=c++17 -fopenmp -DOMP_EXPLICIT_SIMD=1,2,295.607291,295.531320,295.683263,295.607291,0.107440,0.999510
6000x6000.png,6000,6000,Zoom_Out,1,static,,off,no,unset,unset,hype2,12.2.0,-O3 -Wall -Wextra -std=c++17 -fopenmp -DOMP_EXPLICIT_SIMD=0 -fno-tree-vectorize,2,295.069483,294.896733,295.242234,295.069483,0.244306,1.000000
6000x6000.png,6000,6000,Zoom_Out,1,static,,omp,no,unset,unset,hype2,12.2.0,-O3 -Wall -Wextra -std=c++17 -fopenmp -DOMP_EXPLICIT_SIMD=1,2,295.462474,295.185496,295.739452,295.462474,0.391706,1.000000
6000x6000.png,6000,6000,Zoom_Out,12,dynamic,1,off,no,unset,unset,hype2,12.2.0,-O3 -Wall -Wextra -std=c++17 -fopenmp -DOMP_EXPLICIT_SIMD=0 -fno-tree-vectorize,2,33.538322,33.422693,33.653951,33.538322,0.163524,0.911599
6000x6000.png,6000,6000,Zoom_Out,12,dynamic,1,omp,no,unset,unset,hype2,12.2.0,-O3 -Wall -Wextra -std=c++17 -fopenmp -DOMP_EXPLICIT_SIMD=1,2,32.961709,32.620626,33.302792,32.961709,0.482364,0.918577
6000x6000.png,6000,6000,Zoom_Out,12,dynamic,16,off,no,unset,unset,hype2,12.2.0,-O3 -Wall -Wextra -std=c++17 -fopenmp -DOMP_EXPLICIT_SIMD=0 -fno-tree-vectorize,2,32.276294,31.887821,32.664766,32.276294,0.549383,0.947243
6000x6000.png,6000,6000,Zoom_Out,12,dynamic,16,omp,no,unset,unset,hype2,12.2.0,-O3 -Wall -Wextra -std=c++17 -fopenmp -DOMP_EXPLICIT_SIMD=1,2,32.144483,31.896621,32.392344,32.144483,0.350529,0.941931
6000x6000.png,6000,6000,Zoom_Out,12,static,,off,no,unset,unset,hype2,12.2.0,-O3 -Wall -Wextra -std=c++17 -fopenmp -DOMP_EXPLICIT_SIMD=0 -fno-tree-vectorize,2,30.573485,30.257074,30.889896,30.573485,0.447473,1.000000
6000x6000.png,6000,6000,Zoom_Out,12,static,,omp,no,unset,unset,hype2,12.2.0,-O3 -Wall -Wextra -std=c++17 -fopenmp -DOMP_EXPLICIT_SIMD=1,2,30.277874,29.825369,30.730379,30.277874,0.639939,1.000000
6000x6000.png,6000,6000,Zoom_Out,16,dynamic,1,off,no,unset,unset,hype2,12.2.0,-O3 -Wall -Wextra -std=c++17 -fopenmp -DOMP_EXPLICIT_SIMD=0 -fno-tree-vectorize,2,26.714899,26.681668,26.748130,26.714899,0.046996,0.857891
6000x6000.png,6000,6000,Zoom_Out,16,dynamic,1,omp,no,unset,unset,hype2,12.2.0,-O3 -Wall -Wextra -std=c++17 -fopenmp -DOMP_EXPLICIT_SIMD=1,2,26.790509,26.536610,27.044407,26.790509,0.359067,0.855342
6000x6000.png,6000,6000,Zoom_Out,16,dynamic,16,off,no,unset,unset,hype2,12.2.0,-O3 -Wall -Wextra -std=c++17 -fopenmp -DOMP_EXPLICIT_SIMD=0 -fno-tree-vectorize,2,23.515724,23.436704,23.594745,23.515724,0.111752,0.974602
6000x6000.png,6000,6000,Zoom_Out,16,dynamic,16,omp,no,unset,unset,hype2,12.2.0,-O3 -Wall -Wextra -std=c++17 -fopenmp -DOMP_EXPLICIT_SIMD=1,2,23.497109,23.495075,23.499143,23.497109,0.002877,0.975229
6000x6000.png,6000,6000,Zoom_Out,16,static,,off,no,unset,unset,hype2,12.2.0,-O3 -Wall -Wextra -std=c++17 -fopenmp -DOMP_EXPLICIT_SIMD=0 -fno-tree-vectorize,2,22.918465,22.682963,23.153968,22.918465,0.333051,1.000000
6000x6000.png,6000,6000,Zoom_Out,16,static,,omp,no,unset,unset,hype2,12.2.0,-O3 -Wall -Wextra -std=c++17 -fopenmp -DOMP_EXPLICIT_SIMD=1,2,22.915058,22.898781,22.931335,22.915058,0.023019,1.000000
6000x6000.png,6000,6000,Zoom_Out,2,dynamic,1,off,no,unset,unset,hype2,12.2.0,-O3 -Wall -Wextra -std=c++17 -fopenmp -DOMP_EXPLICIT_SIMD=0 -fno-tree-vectorize,2,150.659941,150.523954,150.795927,150.659941,0.192314,0.992486
6000x6000.png,6000,6000,Zoom_Out,2,dynamic,1,omp,no,unset,unset,hype2,12.2.0,-O3 -Wall -Wextra -std=c++17 -fopenmp -DOMP_EXPLICIT_SIMD=1,2,153.905045,151.375733,156.434358,153.905045,3.576988,0.977102
6000x6000.png,6000,6000,Zoom_Out,2,dynamic,16,off,no,unset,unset,hype2,12.2.0,-O3 -Wall -Wextra -std=c++17 -fopenmp -DOMP_EXPLICIT_SIMD=0 -fno-tree-vectorize,2,150.533998,150.147035,150.920962,150.533998,0.547249,0.993317
6000x6000.png,6000,6000,Zoom_Out,2,dynamic,16,omp,no,unset,unset,hype2,12.2.0,-O3 -Wall -Wextra -std=c++17 -fopenmp -DOMP_EXPLICIT_SIMD=1,2,150.051541,149.333820,150.769263,150.051541,1.015011,1.002196
6000x6000.png,6000,6000,Zoom_Out,2,static,,off,no,unset,unset,hype2,12.2.0,-O3 -Wall -Wextra -std=c++17 -fopenmp -DOMP_EXPLICIT_SIMD=0 -fno-tree-vectorize,2,149.527922,148.707116,150.348728,149.527922,1.160795,1.000000
6000x6000.png,6000,6000,Zoom_Out,2,static,,omp,no,unset,unset,hype2,12.2.0,-O3 -Wall -Wextra -std=c++17 -fopenmp -DOMP_EXPLICIT_SIMD=1,2,150.380995,149.967389,150.794601,150.380995,0.584927,1.000000
6000x6000.png,6000,6000,Zoom_Out,20,dynamic,1,off,no,unset,unset,hype2,12.2.0,-O3 -Wall -Wextra -std=c++17 -fopenmp -DOMP_EXPLICIT_SIMD=0 -fno-tree-vectorize,2,23.487565,23.474262,23.500868,23.487565,0.018813,0.816741
6000x6000.png,6000,6000,Zoom_Out,20,dynamic,1,omp,no,unset,unset,hype2,12.2.0,-O3 -Wall -Wextra -std=c++17 -fopenmp -DOMP_EXPLICIT_SIMD=1,2,23.601260,23.552765,23.649755,23.601260,0.068582,0.800238
6000x6000.png,6000,6000,Zoom_Out,20,dynamic,16,off,no,unset,unset,hype2,12.2.0,-O3 -Wall -Wextra -std=c++17 -fopenmp -DOMP_EXPLICIT_SIMD=0 -fno-tree-vectorize,2,20.582005,20.208617,20.955392,20.582005,0.528050,0.932040
6000x6000.png,6000,6000,Zoom_Out,20,dynamic,16,omp,no,unset,unset,hype2,12.2.0,-O3 -Wall -Wextra -std=c++17 -fopenmp -DOMP_EXPLICIT_SIMD=1,2,20.593186,20.236278,20.950094,20.593186,0.504744,0.917130
6000x6000.png,6000,6000,Zoom_Out,20,static,,off,no,unset,unset,hype2,12.2.0,-O3 -Wall -Wextra -std=c++17 -fopenmp -DOMP_EXPLICIT_SIMD=0 -fno-tree-vectorize,2,19.183259,18.612659,19.753859,19.183259,0.806950,1.000000
6000x6000.png,6000,6000,Zoom_Out,20,static,,omp,no,unset,unset,hype2,12.2.0,-O3 -Wall -Wextra -std=c++17 -fopenmp -DOMP_EXPLICIT_SIMD=1,2,18.886620,18.714668,19.058571,18.886620,0.243176,1.000000
6000x6000.png,6000,6000,Zoom_Out,4,dynamic,1,off,no,unset,unset,hype2,12.2.0,-O3 -Wall -Wextra -std=c++17 -fopenmp -DOMP_EXPLICIT_SIMD=0 -fno-tree-vectorize,2,78.318969,78.213271,78.424667,78.318969,0.149480,0.998267
6000x6000.png,6000,6000,Zoom_Out,4,dynamic,1,omp,no,unset,unset,hype2,12.2.0,-O3 -Wall -Wextra -std=c++17 -fopenmp -DOMP_EXPLICIT_SIMD=1,2,78.635389,78.141356,79.129421,78.635389,0.698667,0.990780
6000x6000.png,6000,6000,Zoom_Out,4,dynamic,16,off,no,unset,unset,hype2,12.2.0,-O3 -Wall -Wextra -std=c++17 -fopenmp -DOMP_EXPLICIT_SIMD=0 -fno-tree-vectorize,2,76.677098,76.563039,76.791156,76.677098,0.161303,1.019642
6000x6000.png,6000,6000,Zoom_Out,4,dynamic,16,omp,no,unset,unset,hype2,12.2.0,-O3 -Wall -Wextra -std=c++17 -fopenmp -DOMP_EXPLICIT_SIMD=1,2,77.951907,77.889489,78.014324,77.951907,0.088272,0.999467
6000x6000.png,6000,6000,Zoom_Out,4,static,,off,no,unset,unset,hype2,12.2.0,-O3 -Wall -Wextra -std=c++17 -fopenmp -DOMP_EXPLICIT_SIMD=0 -fno-tree-vectorize,2,78.183220,78.011122,78.355317,78.183220,0.243383,1.000000
6000x6000.png,6000,6000,Zoom_Out,4,static,,omp,no,unset,unset,hype2,12.2.0,-O3 -Wall -Wextra -std=c++17 -fopenmp -DOMP_EXPLICIT_SIMD=1,2,77.910376,77.383038,78.437714,77.910376,0.745769,1.000000
6000x6000.png,6000,6000,Zoom_Out,8,dynamic,1,off,no,unset,unset,hype2,12.2.0,-O3 -Wall -Wextra -std=c++17 -fopenmp -DOMP_EXPLICIT_SIMD=0 -fno-tree-vectorize,2,45.780715,45.420087,46.141344,45.780715,0.510006,0.948828
6000x6000.png,6000,6000,Zoom_Out,8,dynamic,1,omp,no,unset,unset,hype2,12.2.0,-O3 -Wall -Wextra -std=c++17 -fopenmp -DOMP_EXPLICIT_SIMD=1,2,46.049076,45.950237,46.147916,46.049076,0.139780,0.941103
6000x6000.png,6000,6000,Zoom_Out,8,dynamic,16,off,no,unset,unset,hype2,12.2.0,-O3 -Wall -Wextra -std=c++17 -fopenmp -DOMP_EXPLICIT_SIMD=0 -fno-tree-vectorize,2,44.013253,43.762794,44.263712,44.013253,0.354203,0.986931
6000x6000.png,6000,6000,Zoom_Out,8,dynamic,16,omp,no,unset,unset,hype2,12.2.0,-O3 -Wall -Wextra -std=c++17 -fopenmp -DOMP_EXPLICIT_SIMD=1,2,43.780763,43.617950,43.943575,43.780763,0.230252,0.989862
6000x6000.png,6000,6000,Zoom_Out,8,static,,off,no,unset,unset,hype2,12.2.0,-O3 -Wall -Wextra -std=c++17 -fopenmp -DOMP_EXPLICIT_SIMD=0 -fno-tree-vectorize,2,43.438037,42.967460,43.908613,43.438037,0.665496,1.000000
6000x6000.png,6000,6000,Zoom_Out,8,static,,omp,no,unset,unset,hype2,12.2.0,-O3 -Wall -Wextra -std=c++17 -fopenmp -DOMP_EXPLICIT_SIMD=1,2,43.336918,43.267618,43.406219,43.336918,0.098006,1.000000
