Run_ID,Timestamp_UTC,Image,Width,Height,Operation,Repeat,Threads,Schedule,Chunk,Simd_Build,Simd_Eligible,OMP_Places,OMP_Proc_Bind,Hostname,Compiler,Build_Flags,Elapsed_ms,Result_Hash,Validation
adaptive-simd_off-t20-static-r1-sky.jpg,2026-09-19T02:30:11Z,sky.jpg,6936,9248,Adaptive_Median,1,20,static,,off,yes,unset,unset,hype2,12.2.0,-O3 -Wall -Wextra -std=c++17 -fopenmp -DOMP_EXPLICIT_SIMD=0 -fno-tree-vectorize,1107.789971,1e7ae9152e9643d5,passed
adaptive-simd_off-t20-static-r1-stars.jpg,2026-09-19T02:30:15Z,stars.jpg,12960,8640,Adaptive_Median,1,20,static,,off,yes,unset,unset,hype2,12.2.0,-O3 -Wall -Wextra -std=c++17 -fopenmp -DOMP_EXPLICIT_SIMD=0 -fno-tree-vectorize,1773.767837,626f977055f1c658,passed
adaptive-simd_off-t20-static-r1-rain_paisage.jpg,2026-09-19T02:30:22Z,rain_paisage.jpg,12288,16320,Adaptive_Median,1,20,static,,off,yes,unset,unset,hype2,12.2.0,-O3 -Wall -Wextra -std=c++17 -fopenmp -DOMP_EXPLICIT_SIMD=0 -fno-tree-vectorize,4308.127968,d0fdcd4b2e74abf3,passed
adaptive-simd_off-t20-static-r1-firework.jpg,2026-09-19T02:30:29Z,firework.jpg,11125,16688,Adaptive_Median,1,20,static,,off,yes,unset,unset,hype2,12.2.0,-O3 -Wall -Wextra -std=c++17 -fopenmp -DOMP_EXPLICIT_SIMD=0 -fno-tree-vectorize,3948.399946,cae2b8384ddb6aac,passed
adaptive-simd_off-t20-static-r1-control_smooth_6000x6000.png,2026-09-19T02:30:30Z,control_smooth_6000x6000.png,6000,6000,Adaptive_Median,1,20,static,,off,yes,unset,unset,hype2,12.2.0,-O3 -Wall -Wextra -std=c++17 -fopenmp -DOMP_EXPLICIT_SIMD=0 -fno-tree-vectorize,818.573730,596e3c6929662ab9,passed
adaptive-simd_off-t20-static-r1-control_noise_6000x6000.png,2026-09-19T02:30:32Z,control_noise_6000x6000.png,6000,6000,Adaptive_Median,1,20,static,,off,yes,unset,unset,hype2,12.2.0,-O3 -Wall -Wextra -std=c++17 -fopenmp -DOMP_EXPLICIT_SIMD=0 -fno-tree-vectorize,598.919217,fcb58a627e9d9740,passed
adaptive-simd_off-t20-static-r1-control_half_noise_6000x6000.png,2026-09-19T02:30:33Z,control_half_noise_6000x6000.png,6000,6000,Adaptive_Median,1,20,static,,off,yes,unset,unset,hype2,12.2.0,-O3 -Wall -Wextra -std=c++17 -fopenmp -DOMP_EXPLICIT_SIMD=0 -fno-tree-vectorize,992.478363,9d92a48896bfc25a,passed
adaptive-simd_off-t20-static-r1-control_bands_256_6000x6000.png,2026-09-19T02:30:35Z,control_bands_256_6000x6000.png,6000,6000,Adaptive_Median,1,20,static,,off,yes,unset,unset,hype2,12.2.0,-O3 -Wall -Wextra -std=c++17 -fopenmp -DOMP_EXPLICIT_SIMD=0 -fno-tree-vectorize,731.620220,8f9bc97f03d5aae1,passed
adaptive-simd_omp-t20-static-r1-sky.jpg,2026-09-19T02:30:37Z,sky.jpg,6936,9248,Adaptive_Median,1,20,static,,omp,yes,unset,unset,hype2,12.2.0,-O3 -Wall -Wextra -std=c++17 -fopenmp -DOMP_EXPLICIT_SIMD=1,1131.117942,1e7ae9152e9643d5,passed
adaptive-simd_omp-t20-static-r1-stars.jpg,2026-09-19T02:30:41Z,stars.jpg,12960,8640,Adaptive_Median,1,20,static,,omp,yes,unset,unset,hype2,12.2.0,-O3 -Wall -Wextra -std=c++17 -fopenmp -DOMP_EXPLICIT_SIMD=1,1841.907509,626f977055f1c658,passed
adaptive-simd_omp-t20-static-r1-rain_paisage.jpg,2026-09-19T02:30:49Z,rain_paisage.jpg,12288,16320,Adaptive_Median,1,20,static,,omp,yes,unset,unset,hype2,12.2.0,-O3 -Wall -Wextra -std=c++17 -fopenmp -DOMP_EXPLICIT_SIMD=1,4413.042079,d0fdcd4b2e74abf3,passed
adaptive-simd_omp-t20-static-r1-firework.jpg,2026-09-19T02:30:56Z,firework.jpg,11125,16688,Adaptive_Median,1,20,static,,omp,yes,unset,unset,hype2,12.2.0,-O3 -Wall -Wextra -std=c++17 -fopenmp -DOMP_EXPLICIT_SIMD=1,4017.872284,cae2b8384ddb6aac,passed
adaptive-simd_omp-t20-static-r1-control_smooth_6000x6000.png,2026-09-19T02:30:57Z,control_smooth_6000x6000.png,6000,6000,Adaptive_Median,1,20,static,,omp,yes,unset,unset,hype2,12.2.0,-O3 -Wall -Wextra -std=c++17 -fopenmp -DOMP_EXPLICIT_SIMD=1,827.613984,596e3c6929662ab9,passed
adaptive-simd_omp-t20-static-r1-control_noise_6000x6000.png,2026-09-19T02:30:58Z,control_noise_6000x6000.png,6000,6000,Adaptive_Median,1,20,static,,omp,yes,unset,unset,hype2,12.2.0,-O3 -Wall -Wextra -std=c++17 -fopenmp -DOMP_EXPLICIT_SIMD=1,577.708210,fcb58a627e9d9740,passed
adaptive-simd_omp-t20-static-r1-control_half_noise_6000x6000.png,2026-09-19T02:30:59Z,control_half_noise_6000x6000.png,6000,6000,Adaptive_Median,1,20,static,,omp,yes,unset,unset,hype2,12.2.0,-O3 -Wall -Wextra -std=c++17 -fopenmp -DOMP_EXPLICIT_SIMD=1,824.177393,9d92a48896bfc25a,passed
adaptive-simd_omp-t20-static-r1-control_bands_256_6000x6000.png,2026-09-19T02:31:01Z,control_bands_256_6000x6000.png,6000,6000,Adaptive_Median,1,20,static,,omp,yes,unset,unset,hype2,12.2.0,-O3 -Wall -Wextra -std=c++17 -fopenmp -DOMP_EXPLICIT_SIMD=1,743.872159,8f9bc97f03d5aae1,passed
adaptive-simd_off-t20-dynamicx1-r1-sky.jpg,2026-09-19T02:31:03Z,sky.jpg,6936,9248,Adaptive_Median,1,20,dynamic,1,off,yes,unset,unset,hype2,12.2.0,-O3 -Wall -Wextra -std=c++17 -fopenmp -DOMP_EXPLICIT_SIMD=0 -fno-tree-vectorize,1108.084540,1e7ae9152e9643d5,passed
adaptive-simd_off-t20-dynamicx1-r1-stars.jpg,2026-09-19T02:31:07Z,stars.jpg,12960,8640,Adaptive_Median,1,20,dynamic,1,off,yes,unset,unset,hype2,12.2.0,-O3 -Wall -Wextra -std=c++17 -fopenmp -DOMP_EXPLICIT_SIMD=0 -fno-tree-vectorize,1641.844203,626f977055f1c658,passed
adaptive-simd_off-t20-dynamicx1-r1-rain_paisage.jpg,2026-09-19T02:31:13Z,rain_paisage.jpg,12288,16320,Adaptive_Median,1,20,dynamic,1,off,yes,unset,unset,hype2,12.2.0,-O3 -Wall -Wextra -std=c++17 -fopenmp -DOMP_EXPLICIT_SIMD=0 -fno-tree-vectorize,3165.366815,d0fdcd4b2e74abf3,passed
adaptive-simd_off-t20-dynamicx1-r1-firework.jpg,2026-09-19T02:31:19Z,firework.jpg,11125,16688,Adaptive_Median,1,20,dynamic,1,off,yes,unset,unset,hype2,12.2.0,-O3 -Wall -Wextra -std=c++17 -fopenmp -DOMP_EXPLICIT_SIMD=0 -fno-tree-vectorize,3061.374037,cae2b8384ddb6aac,passed
adaptive-simd_off-t20-dynamicx1-r1-control_smooth_6000x6000.png,2026-09-19T02:31:21Z,control_smooth_6000x6000.png,6000,6000,Adaptive_Median,1,20,dynamic,1,off,yes,unset,unset,hype2,12.2.0,-O3 -Wall -Wextra -std=c++17 -fopenmp -DOMP_EXPLICIT_SIMD=0 -fno-tree-vectorize,817.747820,596e3c6929662ab9,passed
adaptive-simd_off-t20-dynamicx1-r1-control_noise_6000x6000.png,2026-09-19T02:31:22Z,control_noise_6000x6000.png,6000,6000,Adaptive_Median,1,20,dynamic,1,off,yes,unset,unset,hype2,12.2.0,-O3 -Wall -Wextra -std=c++17 -fopenmp -DOMP_EXPLICIT_SIMD=0 -fno-tree-vectorize,568.108847,fcb58a627e9d9740,passed
adaptive-simd_off-t20-dynamicx1-r1-control_half_noise_6000x6000.png,2026-09-19T02:31:23Z,control_half_noise_6000x6000.png,6000,6000,Adaptive_Median,1,20,dynamic,1,off,yes,unset,unset,hype2,12.2.0,-O3 -Wall -Wextra -std=c++17 -fopenmp -DOMP_EXPLICIT_SIMD=0 -fno-tree-vectorize,599.993667,9d92a48896bfc25a,passed
adaptive-simd_off-t20-dynamicx1-r1-control_bands_256_6000x6000.png,2026-09-19T02:31:24Z,control_bands_256_6000x6000.png,6000,6000,Adaptive_Median,1,20,dynamic,1,off,yes,unset,unset,hype2,12.2.0,-O3 -Wall -Wextra -std=c++17 -fopenmp -DOMP_EXPLICIT_SIMD=0 -fno-tree-vectorize,621.965615,8f9bc97f03d5aae1,passed
adaptive-simd_omp-t20-dynamicx1-r1-sky.jpg,2026-09-19T02:31:27Z,sky.jpg,6936,9248,Adaptive_Median,1,20,dynamic,1,omp,yes,unset,unset,hype2,12.2.0,-O3 -Wall -Wextra -std=c++17 -fopenmp -DOMP_EXPLICIT_SIMD=1,1067.450495,1e7ae9152e9643d5,passed
adaptive-simd_omp-t20-dynamicx1-r1-stars.jpg,2026-09-19T02:31:30Z,stars.jpg,12960,8640,Adaptive_Median,1,20,dynamic,1,omp,yes,unset,unset,hype2,12.2.0,-O3 -Wall -Wextra -std=c++17 -fopenmp -DOMP_EXPLICIT_SIMD=1,1694.124709,626f977055f1c658,passed
adaptive-simd_omp-t20-dynamicx1-r1-rain_paisage.jpg,2026-09-19T02:31:37Z,rain_paisage.jpg,12288,16320,Adaptive_Median,1,20,dynamic,1,omp,yes,unset,unset,hype2,12.2.0,-O3 -Wall -Wextra -std=c++17 -fopenmp -DOMP_EXPLICIT_SIMD=1,3232.692882,d0fdcd4b2e74abf3,passed
adaptive-simd_omp-t20-dynamicx1-r1-firework.jpg,2026-09-19T02:31:43Z,firework.jpg,11125,16688,Adaptive_Median,1,20,dynamic,1,omp,yes,unset,unset,hype2,12.2.0,-O3 -Wall -Wextra -std=c++17 -fopenmp -DOMP_EXPLICIT_SIMD=1,3123.604049,cae2b8384ddb6aac,passed
adaptive-simd_omp-t20-dynamicx1-r1-control_smooth_6000x6000.png,2026-09-19T02:31:44Z,control_smooth_6000x6000.png,6000,6000,Adaptive_Median,1,20,dynamic,1,omp,yes,unset,unset,hype2,12.2.0,-O3 -Wall -Wextra -std=c++17 -fopenmp -DOMP_EXPLICIT_SIMD=1,832.717012,596e3c6929662ab9,passed
adaptive-simd_omp-t20-dynamicx1-r1-control_noise_6000x6000.png,2026-09-19T02:31:45Z,control_noise_6000x6000.png,6000,6000,Adaptive_Median,1,20,dynamic,1,omp,yes,unset,unset,hype2,12.2.0,-O3 -Wall -Wextra -std=c++17 -fopenmp -DOMP_EXPLICIT_SIMD=1,581.117929,fcb58a627e9d9740,passed
adaptive-simd_omp-t20-dynamicx1-r1-control_half_noise_6000x6000.png,2026-09-19T02:31:47Z,control_half_noise_6000x6000.png,6000,6000,Adaptive_Median,1,20,dynamic,1,omp,yes,unset,unset,hype2,12.2.0,-O3 -Wall -Wextra -std=c++17 -fopenmp -DOMP_EXPLICIT_SIMD=1,614.569779,9d92a48896bfc25a,passed
adaptive-simd_omp-t20-dynamicx1-r1-control_bands_256_6000x6000.png,2026-09-19T02:31:48Z,control_bands_256_6000x6000.png,6000,6000,Adaptive_Median,1,20,dynamic,1,omp,yes,unset,unset,hype2,12.2.0,-O3 -Wall -Wextra -std=c++17 -fopenmp -DOMP_EXPLICIT_SIMD=1,618.100213,8f9bc97f03d5aae1,passed
adaptive-simd_off-t20-dynamicx4-r1-sky.jpg,2026-09-19T02:31:50Z,sky.jpg,6936,9248,Adaptive_Median,1,20,dynamic,4,off,yes,unset,unset,hype2,12.2.0,-O3 -Wall -Wextra -std=c++17 -fopenmp -DOMP_EXPLICIT_SIMD=0 -fno-tree-vectorize,1047.343356,1e7ae9152e9643d5,passed
adaptive-simd_off-t20-dynamicx4-r1-stars.jpg,2026-09-19T02:31:54Z,stars.jpg,12960,8640,Adaptive_Median,1,20,dynamic,4,off,yes,unset,unset,hype2,12.2.0,-O3 -Wall -Wextra -std=c++17 -fopenmp -DOMP_EXPLICIT_SIMD=0 -fno-tree-vectorize,1649.288620,626f977055f1c658,passed
adaptive-simd_off-t20-dynamicx4-r1-rain_paisage.jpg,2026-09-19T02:32:00Z,rain_paisage.jpg,12288,16320,Adaptive_Median,1,20,dynamic,4,off,yes,unset,unset,hype2,12.2.0,-O3 -Wall -Wextra -std=c++17 -fopenmp -DOMP_EXPLICIT_SIMD=0 -fno-tree-vectorize,3170.039187,d0fdcd4b2e74abf3,passed
adaptive-simd_off-t20-dynamicx4-r1-firework.jpg,2026-09-19T02:32:06Z,firework.jpg,11125,16688,Adaptive_Median,1,20,dynamic,4,off,yes,unset,unset,hype2,12.2.0,-O3 -Wall -Wextra -std=c++17 -fopenmp -DOMP_EXPLICIT_SIMD=0 -fno-tree-vectorize,3090.484631,cae2b8384ddb6aac,passed
adaptive-simd_off-t20-dynamicx4-r1-control_smooth_6000x6000.png,2026-09-19T02:32:08Z,control_smooth_6000x6000.png,6000,6000,Adaptive_Median,1,20,dynamic,4,off,yes,unset,unset,hype2,12.2.0,-O3 -Wall -Wextra -std=c++17 -fopenmp -DOMP_EXPLICIT_SIMD=0 -fno-tree-vectorize,813.961164,596e3c6929662ab9,passed
adaptive-simd_off-t20-dynamicx4-r1-control_noise_6000x6000.png,2026-09-19T02:32:09Z,control_noise_6000x6000.png,6000,6000,Adaptive_Median,1,20,dynamic,4,off,yes,unset,unset,hype2,12.2.0,-O3 -Wall -Wextra -std=c++17 -fopenmp -DOMP_EXPLICIT_SIMD=0 -fno-tree-vectorize,567.584004,fcb58a627e9d9740,passed
adaptive-simd_off-t20-dynamicx4-r1-control_half_noise_6000x6000.png,2026-09-19T02:32:10Z,control_half_noise_6000x6000.png,6000,6000,Adaptive_Median,1,20,dynamic,4,off,yes,unset,unset,hype2,12.2.0,-O3 -Wall -Wextra -std=c++17 -fopenmp -DOMP_EXPLICIT_SIMD=0 -fno-tree-vectorize,600.451709,9d92a48896bfc25a,passed
adaptive-simd_off-t20-dynamicx4-r1-control_bands_256_6000x6000.png,2026-09-19T02:32:12Z,control_bands_256_6000x6000.png,6000,6000,Adaptive_Median,1,20,dynamic,4,off,yes,unset,unset,hype2,12.2.0,-O3 -Wall -Wextra -std=c++17 -fopenmp -DOMP_EXPLICIT_SIMD=0 -fno-tree-vectorize,603.100179,8f9bc97f03d5aae1,passed
adaptive-simd_omp-t20-dynamicx4-r1-sky.jpg,2026-09-19T02:32:14Z,sky.jpg,6936,9248,Adaptive_Median,1,20,dynamic,4,omp,yes,unset,unset,hype2,12.2.0,-O3 -Wall -Wextra -std=c++17 -fopenmp -DOMP_EXPLICIT_SIMD=1,1067.982292,1e7ae9152e9643d5,passed
adaptive-simd_omp-t20-dynamicx4-r1-stars.jpg,2026-09-19T02:32:18Z,stars.jpg,12960,8640,Adaptive_Median,1,20,dynamic,4,omp,yes,unset,unset,hype2,12.2.0,-O3 -Wall -Wextra -std=c++17 -fopenmp -DOMP_EXPLICIT_SIMD=1,1693.148639,626f977055f1c658,passed
adaptive-simd_omp-t20-dynamicx4-r1-rain_paisage.jpg,2026-09-19T02:32:24Z,rain_paisage.jpg,12288,16320,Adaptive_Median,1,20,dynamic,4,omp,yes,unset,unset,hype2,12.2.0,-O3 -Wall -Wextra -std=c++17 -fopenmp -DOMP_EXPLICIT_SIMD=1,3229.619484,d0fdcd4b2e74abf3,passed
adaptive-simd_omp-t20-dynamicx4-r1-firework.jpg,2026-09-19T02:32:30Z,firework.jpg,11125,16688,Adaptive_Median,1,20,dynamic,4,omp,yes,unset,unset,hype2,12.2.0,-O3 -Wall -Wextra -std=c++17 -fopenmp -DOMP_EXPLICIT_SIMD=1,3120.968917,cae2b8384ddb6aac,passed
adaptive-simd_omp-t20-dynamicx4-r1-control_smooth_6000x6000.png,2026-09-19T02:32:31Z,control_smooth_6000x6000.png,6000,6000,Adaptive_Median,1,20,dynamic,4,omp,yes,unset,unset,hype2,12.2.0,-O3 -Wall -Wextra -std=c++17 -fopenmp -DOMP_EXPLICIT_SIMD=1,830.547157,596e3c6929662ab9,passed
adaptive-simd_omp-t20-dynamicx4-r1-control_noise_6000x6000.png,2026-09-19T02:32:32Z,control_noise_6000x6000.png,6000,6000,Adaptive_Median,1,20,dynamic,4,omp,yes,unset,unset,hype2,12.2.0,-O3 -Wall -Wextra -std=c++17 -fopenmp -DOMP_EXPLICIT_SIMD=1,583.761572,fcb58a627e9d9740,passed
adaptive-simd_omp-t20-dynamicx4-r1-control_half_noise_6000x6000.png,2026-09-19T02:32:34Z,control_half_noise_6000x6000.png,6000,6000,Adaptive_Median,1,20,dynamic,4,omp,yes,unset,unset,hype2,12.2.0,-O3 -Wall -Wextra -std=c++17 -fopenmp -DOMP_EXPLICIT_SIMD=1,644.970009,9d92a48896bfc25a,passed
adaptive-simd_omp-t20-dynamicx4-r1-control_bands_256_6000x6000.png,2026-09-19T02:32:35Z,control_bands_256_6000x6000.png,6000,6000,Adaptive_Median,1,20,dynamic,4,omp,yes,unset,unset,hype2,12.2.0,-O3 -Wall -Wextra -std=c++17 -fopenmp -DOMP_EXPLICIT_SIMD=1,619.491195,8f9bc97f03d5aae1,passed
adaptive-simd_off-t20-dynamicx16-r1-sky.jpg,2026-09-19T02:32:37Z,sky.jpg,6936,9248,Adaptive_Median,1,20,dynamic,16,off,yes,unset,unset,hype2,12.2.0,-O3 -Wall -Wextra -std=c++17 -fopenmp -DOMP_EXPLICIT_SIMD=0 -fno-tree-vectorize,1042.676883,1e7ae9152e9643d5,passed
adaptive-simd_off-t20-dynamicx16-r1-stars.jpg,2026-09-19T02:32:41Z,stars.jpg,12960,8640,Adaptive_Median,1,20,dynamic,16,off,yes,unset,unset,hype2,12.2.0,-O3 -Wall -Wextra -std=c++17 -fopenmp -DOMP_EXPLICIT_SIMD=0 -fno-tree-vectorize,1651.613305,626f977055f1c658,passed
adaptive-simd_off-t20-dynamicx16-r1-rain_paisage.jpg,2026-09-19T02:32:48Z,rain_paisage.jpg,12288,16320,Adaptive_Median,1,20,dynamic,16,off,yes,unset,unset,hype2,12.2.0,-O3 -Wall -Wextra -std=c++17 -fopenmp -DOMP_EXPLICIT_SIMD=0 -fno-tree-vectorize,3179.895323,d0fdcd4b2e74abf3,passed
adaptive-simd_off-t20-dynamicx16-r1-firework.jpg,2026-09-19T02:32:53Z,firework.jpg,11125,16688,Adaptive_Median,1,20,dynamic,16,off,yes,unset,unset,hype2,12.2.0,-O3 -Wall -Wextra -std=c++17 -fopenmp -DOMP_EXPLICIT_SIMD=0 -fno-tree-vectorize,3078.827632,cae2b8384ddb6aac,passed
adaptive-simd_off-t20-dynamicx16-r1-control_smooth_6000x6000.png,2026-09-19T02:32:55Z,control_smooth_6000x6000.png,6000,6000,Adaptive_Median,1,20,dynamic,16,off,yes,unset,unset,hype2,12.2.0,-O3 -Wall -Wextra -std=c++17 -fopenmp -DOMP_EXPLICIT_SIMD=0 -fno-tree-vectorize,831.279118,596e3c6929662ab9,passed
adaptive-simd_off-t20-dynamicx16-r1-control_noise_6000x6000.png,2026-09-19T02:32:56Z,control_noise_6000x6000.png,6000,6000,Adaptive_Median,1,20,dynamic,16,off,yes,unset,unset,hype2,12.2.0,-O3 -Wall -Wextra -std=c++17 -fopenmp -DOMP_EXPLICIT_SIMD=0 -fno-tree-vectorize,573.924464,fcb58a627e9d9740,passed
adaptive-simd_off-t20-dynamicx16-r1-control_half_noise_6000x6000.png,2026-09-19T02:32:57Z,control_half_noise_6000x6000.png,6000,6000,Adaptive_Median,1,20,dynamic,16,off,yes,unset,unset,hype2,12.2.0,-O3 -Wall -Wextra -std=c++17 -fopenmp -DOMP_EXPLICIT_SIMD=0 -fno-tree-vectorize,603.428772,9d92a48896bfc25a,passed
adaptive-simd_off-t20-dynamicx16-r1-control_bands_256_6000x6000.png,2026-09-19T02:32:59Z,control_bands_256_6000x6000.png,6000,6000,Adaptive_Median,1,20,dynamic,16,off,yes,unset,unset,hype2,12.2.0,-O3 -Wall -Wextra -std=c++17 -fopenmp -DOMP_EXPLICIT_SIMD=0 -fno-tree-vectorize,605.294072,8f9bc97f03d5aae1,passed
adaptive-simd_omp-t20-dynamicx16-r1-sky.jpg,2026-09-19T02:33:01Z,sky.jpg,6936,9248,Adaptive_Median,1,20,dynamic,16,omp,yes,unset,unset,hype2,12.2.0,-O3 -Wall -Wextra -std=c++17 -fopenmp -DOMP_EXPLICIT_SIMD=1,1068.577811,1e7ae9152e9643d5,passed
adaptive-simd_omp-t20-dynamicx16-r1-stars.jpg,2026-09-19T02:33:05Z,stars.jpg,12960,8640,Adaptive_Median,1,20,dynamic,16,omp,yes,unset,unset,hype2,12.2.0,-O3 -Wall -Wextra -std=c++17 -fopenmp -DOMP_EXPLICIT_SIMD=1,1747.440845,626f977055f1c658,passed
adaptive-simd_omp-t20-dynamicx16-r1-rain_paisage.jpg,2026-09-19T02:33:11Z,rain_paisage.jpg,12288,16320,Adaptive_Median,1,20,dynamic,16,omp,yes,unset,unset,hype2,12.2.0,-O3 -Wall -Wextra -std=c++17 -fopenmp -DOMP_EXPLICIT_SIMD=1,3241.472271,d0fdcd4b2e74abf3,passed
adaptive-simd_omp-t20-dynamicx16-r1-firework.jpg,2026-09-19T02:33:17Z,firework.jpg,11125,16688,Adaptive_Median,1,20,dynamic,16,omp,yes,unset,unset,hype2,12.2.0,-O3 -Wall -Wextra -std=c++17 -fopenmp -DOMP_EXPLICIT_SIMD=1,3144.168336,cae2b8384ddb6aac,passed
adaptive-simd_omp-t20-dynamicx16-r1-control_smooth_6000x6000.png,2026-09-19T02:33:18Z,control_smooth_6000x6000.png,6000,6000,Adaptive_Median,1,20,dynamic,16,omp,yes,unset,unset,hype2,12.2.0,-O3 -Wall -Wextra -std=c++17 -fopenmp -DOMP_EXPLICIT_SIMD=1,839.321120,596e3c6929662ab9,passed
adaptive-simd_omp-t20-dynamicx16-r1-control_noise_6000x6000.png,2026-09-19T02:33:20Z,control_noise_6000x6000.png,6000,6000,Adaptive_Median,1,20,dynamic,16,omp,yes,unset,unset,hype2,12.2.0,-O3 -Wall -Wextra -std=c++17 -fopenmp -DOMP_EXPLICIT_SIMD=1,616.557809,fcb58a627e9d9740,passed
adaptive-simd_omp-t20-dynamicx16-r1-control_half_noise_6000x6000.png,2026-09-19T02:33:21Z,control_half_noise_6000x6000.png,6000,6000,Adaptive_Median,1,20,dynamic,16,omp,yes,unset,unset,hype2,12.2.0,-O3 -Wall -Wextra -std=c++17 -fopenmp -DOMP_EXPLICIT_SIMD=1,638.134927,9d92a48896bfc25a,passed
adaptive-simd_omp-t20-dynamicx16-r1-control_bands_256_6000x6000.png,2026-09-19T02:33:22Z,control_bands_256_6000x6000.png,6000,6000,Adaptive_Median,1,20,dynamic,16,omp,yes,unset,unset,hype2,12.2.0,-O3 -Wall -Wextra -std=c++17 -fopenmp -DOMP_EXPLICIT_SIMD=1,621.294001,8f9bc97f03d5aae1,passed
adaptive-simd_off-t20-dynamicx64-r1-sky.jpg,2026-09-19T02:33:25Z,sky.jpg,6936,9248,Adaptive_Median,1,20,dynamic,64,off,yes,unset,unset,hype2,12.2.0,-O3 -Wall -Wextra -std=c++17 -fopenmp -DOMP_EXPLICIT_SIMD=0 -fno-tree-vectorize,1133.288628,1e7ae9152e9643d5,passed
adaptive-simd_off-t20-dynamicx64-r1-stars.jpg,2026-09-19T02:33:28Z,stars.jpg,12960,8640,Adaptive_Median,1,20,dynamic,64,off,yes,unset,unset,hype2,12.2.0,-O3 -Wall -Wextra -std=c++17 -fopenmp -DOMP_EXPLICIT_SIMD=0 -fno-tree-vectorize,1707.906761,626f977055f1c658,passed
adaptive-simd_off-t20-dynamicx64-r1-rain_paisage.jpg,2026-09-19T02:33:35Z,rain_paisage.jpg,12288,16320,Adaptive_Median,1,20,dynamic,64,off,yes,unset,unset,hype2,12.2.0,-O3 -Wall -Wextra -std=c++17 -fopenmp -DOMP_EXPLICIT_SIMD=0 -fno-tree-vectorize,3218.341492,d0fdcd4b2e74abf3,passed
adaptive-simd_off-t20-dynamicx64-r1-firework.jpg,2026-09-19T02:33:41Z,firework.jpg,11125,16688,Adaptive_Median,1,20,dynamic,64,off,yes,unset,unset,hype2,12.2.0,-O3 -Wall -Wextra -std=c++17 -fopenmp -DOMP_EXPLICIT_SIMD=0 -fno-tree-vectorize,3141.862514,cae2b8384ddb6aac,passed
adaptive-simd_off-t20-dynamicx64-r1-control_smooth_6000x6000.png,2026-09-19T02:33:42Z,control_smooth_6000x6000.png,6000,6000,Adaptive_Median,1,20,dynamic,64,off,yes,unset,unset,hype2,12.2.0,-O3 -Wall -Wextra -std=c++17 -fopenmp -DOMP_EXPLICIT_SIMD=0 -fno-tree-vectorize,859.997889,596e3c6929662ab9,passed
adaptive-simd_off-t20-dynamicx64-r1-control_noise_6000x6000.png,2026-09-19T02:33:43Z,control_noise_6000x6000.png,6000,6000,Adaptive_Median,1,20,dynamic,64,off,yes,unset,unset,hype2,12.2.0,-O3 -Wall -Wextra -std=c++17 -fopenmp -DOMP_EXPLICIT_SIMD=0 -fno-tree-vectorize,600.243411,fcb58a627e9d9740,passed
adaptive-simd_off-t20-dynamicx64-r1-control_half_noise_6000x6000.png,2026-09-19T02:33:45Z,control_half_noise_6000x6000.png,6000,6000,Adaptive_Median,1,20,dynamic,64,off,yes,unset,unset,hype2,12.2.0,-O3 -Wall -Wextra -std=c++17 -fopenmp -DOMP_EXPLICIT_SIMD=0 -fno-tree-vectorize,627.838151,9d92a48896bfc25a,passed
adaptive-simd_off-t20-dynamicx64-r1-control_bands_256_6000x6000.png,2026-09-19T02:33:46Z,control_bands_256_6000x6000.png,6000,6000,Adaptive_Median,1,20,dynamic,64,off,yes,unset,unset,hype2,12.2.0,-O3 -Wall -Wextra -std=c++17 -fopenmp -DOMP_EXPLICIT_SIMD=0 -fno-tree-vectorize,658.594672,8f9bc97f03d5aae1,passed
adaptive-simd_omp-t20-dynamicx64-r1-sky.jpg,2026-09-19T02:33:48Z,sky.jpg,6936,9248,Adaptive_Median,1,20,dynamic,64,omp,yes,unset,unset,hype2,12.2.0,-O3 -Wall -Wextra -std=c++17 -fopenmp -DOMP_EXPLICIT_SIMD=1,1157.544771,1e7ae9152e9643d5,passed
adaptive-simd_omp-t20-dynamicx64-r1-stars.jpg,2026-09-19T02:33:52Z,stars.jpg,12960,8640,Adaptive_Median,1,20,dynamic,64,omp,yes,unset,unset,hype2,12.2.0,-O3 -Wall -Wextra -std=c++17 -fopenmp -DOMP_EXPLICIT_SIMD=1,1755.763771,626f977055f1c658,passed
adaptive-simd_omp-t20-dynamicx64-r1-rain_paisage.jpg,2026-09-19T02:33:59Z,rain_paisage.jpg,12288,16320,Adaptive_Median,1,20,dynamic,64,omp,yes,unset,unset,hype2,12.2.0,-O3 -Wall -Wextra -std=c++17 -fopenmp -DOMP_EXPLICIT_SIMD=1,3274.260862,d0fdcd4b2e74abf3,passed
adaptive-simd_omp-t20-dynamicx64-r1-firework.jpg,2026-09-19T02:34:05Z,firework.jpg,11125,16688,Adaptive_Median,1,20,dynamic,64,omp,yes,unset,unset,hype2,12.2.0,-O3 -Wall -Wextra -std=c++17 -fopenmp -DOMP_EXPLICIT_SIMD=1,3229.218429,cae2b8384ddb6aac,passed
adaptive-simd_omp-t20-dynamicx64-r1-control_smooth_6000x6000.png,2026-09-19T02:34:06Z,control_smooth_6000x6000.png,6000,6000,Adaptive_Median,1,20,dynamic,64,omp,yes,unset,unset,hype2,12.2.0,-O3 -Wall -Wextra -std=c++17 -fopenmp -DOMP_EXPLICIT_SIMD=1,876.040508,596e3c6929662ab9,passed
adaptive-simd_omp-t20-dynamicx64-r1-control_noise_6000x6000.png,2026-09-19T02:34:08Z,control_noise_6000x6000.png,6000,6000,Adaptive_Median,1,20,dynamic,64,omp,yes,unset,unset,hype2,12.2.0,-O3 -Wall -Wextra -std=c++17 -fopenmp -DOMP_EXPLICIT_SIMD=1,614.261715,fcb58a627e9d9740,passed
adaptive-simd_omp-t20-dynamicx64-r1-control_half_noise_6000x6000.png,2026-09-19T02:34:09Z,control_half_noise_6000x6000.png,6000,6000,Adaptive_Median,1,20,dynamic,64,omp,yes,unset,unset,hype2,12.2.0,-O3 -Wall -Wextra -std=c++17 -fopenmp -DOMP_EXPLICIT_SIMD=1,640.924276,9d92a48896bfc25a,passed
adaptive-simd_omp-t20-dynamicx64-r1-control_bands_256_6000x6000.png,2026-09-19T02:34:10Z,control_bands_256_6000x6000.png,6000,6000,Adaptive_Median,1,20,dynamic,64,omp,yes,unset,unset,hype2,12.2.0,-O3 -Wall -Wextra -std=c++17 -fopenmp -DOMP_EXPLICIT_SIMD=1,675.794026,8f9bc97f03d5aae1,passed
adaptive-simd_off-t20-dynamicx256-r1-sky.jpg,2026-09-19T02:34:13Z,sky.jpg,6936,9248,Adaptive_Median,1,20,dynamic,256,off,yes,unset,unset,hype2,12.2.0,-O3 -Wall -Wextra -std=c++17 -fopenmp -DOMP_EXPLICIT_SIMD=0 -fno-tree-vectorize,1190.280177,1e7ae9152e9643d5,passed
adaptive-simd_off-t20-dynamicx256-r1-stars.jpg,2026-09-19T02:34:17Z,stars.jpg,12960,8640,Adaptive_Median,1,20,dynamic,256,off,yes,unset,unset,hype2,12.2.0,-O3 -Wall -Wextra -std=c++17 -fopenmp -DOMP_EXPLICIT_SIMD=0 -fno-tree-vectorize,1995.079123,626f977055f1c658,passed
adaptive-simd_off-t20-dynamicx256-r1-rain_paisage.jpg,2026-09-19T02:34:24Z,rain_paisage.jpg,12288,16320,Adaptive_Median,1,20,dynamic,256,off,yes,unset,unset,hype2,12.2.0,-O3 -Wall -Wextra -std=c++17 -fopenmp -DOMP_EXPLICIT_SIMD=0 -fno-tree-vectorize,3556.192724,d0fdcd4b2e74abf3,passed
adaptive-simd_off-t20-dynamicx256-r1-firework.jpg,2026-09-19T02:34:30Z,firework.jpg,11125,16688,Adaptive_Median,1,20,dynamic,256,off,yes,unset,unset,hype2,12.2.0,-O3 -Wall -Wextra -std=c++17 -fopenmp -DOMP_EXPLICIT_SIMD=0 -fno-tree-vectorize,3628.605493,cae2b8384ddb6aac,passed
adaptive-simd_off-t20-dynamicx256-r1-control_smooth_6000x6000.png,2026-09-19T02:34:32Z,control_smooth_6000x6000.png,6000,6000,Adaptive_Median,1,20,dynamic,256,off,yes,unset,unset,hype2,12.2.0,-O3 -Wall -Wextra -std=c++17 -fopenmp -DOMP_EXPLICIT_SIMD=0 -fno-tree-vectorize,1270.816342,596e3c6929662ab9,passed
adaptive-simd_off-t20-dynamicx256-r1-control_noise_6000x6000.png,2026-09-19T02:34:33Z,control_noise_6000x6000.png,6000,6000,Adaptive_Median,1,20,dynamic,256,off,yes,unset,unset,hype2,12.2.0,-O3 -Wall -Wextra -std=c++17 -fopenmp -DOMP_EXPLICIT_SIMD=0 -fno-tree-vectorize,899.370433,fcb58a627e9d9740,passed
adaptive-simd_off-t20-dynamicx256-r1-control_half_noise_6000x6000.png,2026-09-19T02:34:35Z,control_half_noise_6000x6000.png,6000,6000,Adaptive_Median,1,20,dynamic,256,off,yes,unset,unset,hype2,12.2.0,-O3 -Wall -Wextra -std=c++17 -fopenmp -DOMP_EXPLICIT_SIMD=0 -fno-tree-vectorize,918.874188,9d92a48896bfc25a,passed
adaptive-simd_off-t20-dynamicx256-r1-control_bands_256_6000x6000.png,2026-09-19T02:34:37Z,control_bands_256_6000x6000.png,6000,6000,Adaptive_Median,1,20,dynamic,256,off,yes,unset,unset,hype2,12.2.0,-O3 -Wall -Wextra -std=c++17 -fopenmp -DOMP_EXPLICIT_SIMD=0 -fno-tree-vectorize,941.132402,8f9bc97f03d5aae1,passed
adaptive-simd_omp-t20-dynamicx256-r1-sky.jpg,2026-09-19T02:34:39Z,sky.jpg,6936,9248,Adaptive_Median,1,20,dynamic,256,omp,yes,unset,unset,hype2,12.2.0,-O3 -Wall -Wextra -std=c++17 -fopenmp -DOMP_EXPLICIT_SIMD=1,1233.841579,1e7ae9152e9643d5,passed
adaptive-simd_omp-t20-dynamicx256-r1-stars.jpg,2026-09-19T02:34:43Z,stars.jpg,12960,8640,Adaptive_Median,1,20,dynamic,256,omp,yes,unset,unset,hype2,12.2.0,-O3 -Wall -Wextra -std=c++17 -fopenmp -DOMP_EXPLICIT_SIMD=1,2043.227381,626f977055f1c658,passed
adaptive-simd_omp-t20-dynamicx256-r1-rain_paisage.jpg,2026-09-19T02:34:50Z,rain_paisage.jpg,12288,16320,Adaptive_Median,1,20,dynamic,256,omp,yes,unset,unset,hype2,12.2.0,-O3 -Wall -Wextra -std=c++17 -fopenmp -DOMP_EXPLICIT_SIMD=1,3656.645264,d0fdcd4b2e74abf3,passed
adaptive-simd_omp-t20-dynamicx256-r1-firework.jpg,2026-09-19T02:34:57Z,firework.jpg,11125,16688,Adaptive_Median,1,20,dynamic,256,omp,yes,unset,unset,hype2,12.2.0,-O3 -Wall -Wextra -std=c++17 -fopenmp -DOMP_EXPLICIT_SIMD=1,3705.077077,cae2b8384ddb6aac,passed
adaptive-simd_omp-t20-dynamicx256-r1-control_smooth_6000x6000.png,2026-09-19T02:34:58Z,control_smooth_6000x6000.png,6000,6000,Adaptive_Median,1,20,dynamic,256,omp,yes,unset,unset,hype2,12.2.0,-O3 -Wall -Wextra -std=c++17 -fopenmp -DOMP_EXPLICIT_SIMD=1,1299.158543,596e3c6929662ab9,passed
adaptive-simd_omp-t20-dynamicx256-r1-control_noise_6000x6000.png,2026-09-19T02:35:00Z,control_noise_6000x6000.png,6000,6000,Adaptive_Median,1,20,dynamic,256,omp,yes,unset,unset,hype2,12.2.0,-O3 -Wall -Wextra -std=c++17 -fopenmp -DOMP_EXPLICIT_SIMD=1,929.734019,fcb58a627e9d9740,passed
adaptive-simd_omp-t20-dynamicx256-r1-control_half_noise_6000x6000.png,2026-09-19T02:35:01Z,control_half_noise_6000x6000.png,6000,6000,Adaptive_Median,1,20,dynamic,256,omp,yes,unset,unset,hype2,12.2.0,-O3 -Wall -Wextra -std=c++17 -fopenmp -DOMP_EXPLICIT_SIMD=1,848.643036,9d92a48896bfc25a,passed
adaptive-simd_omp-t20-dynamicx256-r1-control_bands_256_6000x6000.png,2026-09-19T02:35:03Z,control_bands_256_6000x6000.png,6000,6000,Adaptive_Median,1,20,dynamic,256,omp,yes,unset,unset,hype2,12.2.0,-O3 -Wall -Wextra -std=c++17 -fopenmp -DOMP_EXPLICIT_SIMD=1,964.898787,8f9bc97f03d5aae1,passed
adaptive-simd_omp-t20-static-r2-sky.jpg,2026-09-19T02:35:05Z,sky.jpg,6936,9248,Adaptive_Median,2,20,static,,omp,yes,unset,unset,hype2,12.2.0,-O3 -Wall -Wextra -std=c++17 -fopenmp -DOMP_EXPLICIT_SIMD=1,1254.474736,1e7ae9152e9643d5,passed
adaptive-simd_omp-t20-static-r2-stars.jpg,2026-09-19T02:35:09Z,stars.jpg,12960,8640,Adaptive_Median,2,20,static,,omp,yes,unset,unset,hype2,12.2.0,-O3 -Wall -Wextra -std=c++17 -fopenmp -DOMP_EXPLICIT_SIMD=1,1825.458064,626f977055f1c658,passed
adaptive-simd_omp-t20-static-r2-rain_paisage.jpg,2026-09-19T02:35:17Z,rain_paisage.jpg,12288,16320,Adaptive_Median,2,20,static,,omp,yes,unset,unset,hype2,12.2.0,-O3 -Wall -Wextra -std=c++17 -fopenmp -DOMP_EXPLICIT_SIMD=1,4378.116535,d0fdcd4b2e74abf3,passed
adaptive-simd_omp-t20-static-r2-firework.jpg,2026-09-19T02:35:24Z,firework.jpg,11125,16688,Adaptive_Median,2,20,static,,omp,yes,unset,unset,hype2,12.2.0,-O3 -Wall -Wextra -std=c++17 -fopenmp -DOMP_EXPLICIT_SIMD=1,4020.072190,cae2b8384ddb6aac,passed
adaptive-simd_omp-t20-static-r2-control_smooth_6000x6000.png,2026-09-19T02:35:25Z,control_smooth_6000x6000.png,6000,6000,Adaptive_Median,2,20,static,,omp,yes,unset,unset,hype2,12.2.0,-O3 -Wall -Wextra -std=c++17 -fopenmp -DOMP_EXPLICIT_SIMD=1,827.798785,596e3c6929662ab9,passed
adaptive-simd_omp-t20-static-r2-control_noise_6000x6000.png,2026-09-19T02:35:26Z,control_noise_6000x6000.png,6000,6000,Adaptive_Median,2,20,static,,omp,yes,unset,unset,hype2,12.2.0,-O3 -Wall -Wextra -std=c++17 -fopenmp -DOMP_EXPLICIT_SIMD=1,577.853707,fcb58a627e9d9740,passed
adaptive-simd_omp-t20-static-r2-control_half_noise_6000x6000.png,2026-09-19T02:35:28Z,control_half_noise_6000x6000.png,6000,6000,Adaptive_Median,2,20,static,,omp,yes,unset,unset,hype2,12.2.0,-O3 -Wall -Wextra -std=c++17 -fopenmp -DOMP_EXPLICIT_SIMD=1,818.491746,9d92a48896bfc25a,passed
adaptive-simd_omp-t20-static-r2-control_bands_256_6000x6000.png,2026-09-19T02:35:29Z,control_bands_256_6000x6000.png,6000,6000,Adaptive_Median,2,20,static,,omp,yes,unset,unset,hype2,12.2.0,-O3 -Wall -Wextra -std=c++17 -fopenmp -DOMP_EXPLICIT_SIMD=1,744.472374,8f9bc97f03d5aae1,passed
adaptive-simd_off-t20-dynamicx1-r2-sky.jpg,2026-09-19T02:35:31Z,sky.jpg,6936,9248,Adaptive_Median,2,20,dynamic,1,off,yes,unset,unset,hype2,12.2.0,-O3 -Wall -Wextra -std=c++17 -fopenmp -DOMP_EXPLICIT_SIMD=0 -fno-tree-vectorize,1043.406587,1e7ae9152e9643d5,passed
adaptive-simd_off-t20-dynamicx1-r2-stars.jpg,2026-09-19T02:35:35Z,stars.jpg,12960,8640,Adaptive_Median,2,20,dynamic,1,off,yes,unset,unset,hype2,12.2.0,-O3 -Wall -Wextra -std=c++17 -fopenmp -DOMP_EXPLICIT_SIMD=0 -fno-tree-vectorize,1646.760710,626f977055f1c658,passed
adaptive-simd_off-t20-dynamicx1-r2-rain_paisage.jpg,2026-09-19T02:35:42Z,rain_paisage.jpg,12288,16320,Adaptive_Median,2,20,dynamic,1,off,yes,unset,unset,hype2,12.2.0,-O3 -Wall -Wextra -std=c++17 -fopenmp -DOMP_EXPLICIT_SIMD=0 -fno-tree-vectorize,3165.340723,d0fdcd4b2e74abf3,passed
adaptive-simd_off-t20-dynamicx1-r2-firework.jpg,2026-09-19T02:35:48Z,firework.jpg,11125,16688,Adaptive_Median,2,20,dynamic,1,off,yes,unset,unset,hype2,12.2.0,-O3 -Wall -Wextra -std=c++17 -fopenmp -DOMP_EXPLICIT_SIMD=0 -fno-tree-vectorize,3077.045087,cae2b8384ddb6aac,passed
adaptive-simd_off-t20-dynamicx1-r2-control_smooth_6000x6000.png,2026-09-19T02:35:49Z,control_smooth_6000x6000.png,6000,6000,Adaptive_Median,2,20,dynamic,1,off,yes,unset,unset,hype2,12.2.0,-O3 -Wall -Wextra -std=c++17 -fopenmp -DOMP_EXPLICIT_SIMD=0 -fno-tree-vectorize,815.363539,596e3c6929662ab9,passed
adaptive-simd_off-t20-dynamicx1-r2-control_noise_6000x6000.png,2026-09-19T02:35:50Z,control_noise_6000x6000.png,6000,6000,Adaptive_Median,2,20,dynamic,1,off,yes,unset,unset,hype2,12.2.0,-O3 -Wall -Wextra -std=c++17 -fopenmp -DOMP_EXPLICIT_SIMD=0 -fno-tree-vectorize,567.971970,fcb58a627e9d9740,passed
adaptive-simd_off-t20-dynamicx1-r2-control_half_noise_6000x6000.png,2026-09-19T02:35:51Z,control_half_noise_6000x6000.png,6000,6000,Adaptive_Median,2,20,dynamic,1,off,yes,unset,unset,hype2,12.2.0,-O3 -Wall -Wextra -std=c++17 -fopenmp -DOMP_EXPLICIT_SIMD=0 -fno-tree-vectorize,599.284448,9d92a48896bfc25a,passed
adaptive-simd_off-t20-dynamicx1-r2-control_bands_256_6000x6000.png,2026-09-19T02:35:53Z,control_bands_256_6000x6000.png,6000,6000,Adaptive_Median,2,20,dynamic,1,off,yes,unset,unset,hype2,12.2.0,-O3 -Wall -Wextra -std=c++17 -fopenmp -DOMP_EXPLICIT_SIMD=0 -fno-tree-vectorize,602.048805,8f9bc97f03d5aae1,passed
adaptive-simd_omp-t20-dynamicx1-r2-sky.jpg,2026-09-19T02:35:55Z,sky.jpg,6936,9248,Adaptive_Median,2,20,dynamic,1,omp,yes,unset,unset,hype2,12.2.0,-O3 -Wall -Wextra -std=c++17 -fopenmp -DOMP_EXPLICIT_SIMD=1,1071.242326,1e7ae9152e9643d5,passed
adaptive-simd_omp-t20-dynamicx1-r2-stars.jpg,2026-09-19T02:35:59Z,stars.jpg,12960,8640,Adaptive_Median,2,20,dynamic,1,omp,yes,unset,unset,hype2,12.2.0,-O3 -Wall -Wextra -std=c++17 -fopenmp -DOMP_EXPLICIT_SIMD=1,1690.038927,626f977055f1c658,passed
adaptive-simd_omp-t20-dynamicx1-r2-rain_paisage.jpg,2026-09-19T02:36:05Z,rain_paisage.jpg,12288,16320,Adaptive_Median,2,20,dynamic,1,omp,yes,unset,unset,hype2,12.2.0,-O3 -Wall -Wextra -std=c++17 -fopenmp -DOMP_EXPLICIT_SIMD=1,3235.746084,d0fdcd4b2e74abf3,passed
adaptive-simd_omp-t20-dynamicx1-r2-firework.jpg,2026-09-19T02:36:11Z,firework.jpg,11125,16688,Adaptive_Median,2,20,dynamic,1,omp,yes,unset,unset,hype2,12.2.0,-O3 -Wall -Wextra -std=c++17 -fopenmp -DOMP_EXPLICIT_SIMD=1,3127.766501,cae2b8384ddb6aac,passed
adaptive-simd_omp-t20-dynamicx1-r2-control_smooth_6000x6000.png,2026-09-19T02:36:13Z,control_smooth_6000x6000.png,6000,6000,Adaptive_Median,2,20,dynamic,1,omp,yes,unset,unset,hype2,12.2.0,-O3 -Wall -Wextra -std=c++17 -fopenmp -DOMP_EXPLICIT_SIMD=1,831.108554,596e3c6929662ab9,passed
adaptive-simd_omp-t20-dynamicx1-r2-control_noise_6000x6000.png,2026-09-19T02:36:14Z,control_noise_6000x6000.png,6000,6000,Adaptive_Median,2,20,dynamic,1,omp,yes,unset,unset,hype2,12.2.0,-O3 -Wall -Wextra -std=c++17 -fopenmp -DOMP_EXPLICIT_SIMD=1,581.997950,fcb58a627e9d9740,passed
adaptive-simd_omp-t20-dynamicx1-r2-control_half_noise_6000x6000.png,2026-09-19T02:36:15Z,control_half_noise_6000x6000.png,6000,6000,Adaptive_Median,2,20,dynamic,1,omp,yes,unset,unset,hype2,12.2.0,-O3 -Wall -Wextra -std=c++17 -fopenmp -DOMP_EXPLICIT_SIMD=1,616.264553,9d92a48896bfc25a,passed
adaptive-simd_omp-t20-dynamicx1-r2-control_bands_256_6000x6000.png,2026-09-19T02:36:16Z,control_bands_256_6000x6000.png,6000,6000,Adaptive_Median,2,20,dynamic,1,omp,yes,unset,unset,hype2,12.2.0,-O3 -Wall -Wextra -std=c++17 -fopenmp -DOMP_EXPLICIT_SIMD=1,618.104319,8f9bc97f03d5aae1,passed
adaptive-simd_off-t20-dynamicx4-r2-sky.jpg,2026-09-19T02:36:18Z,sky.jpg,6936,9248,Adaptive_Median,2,20,dynamic,4,off,yes,unset,unset,hype2,12.2.0,-O3 -Wall -Wextra -std=c++17 -fopenmp -DOMP_EXPLICIT_SIMD=0 -fno-tree-vectorize,1047.530914,1e7ae9152e9643d5,passed
adaptive-simd_off-t20-dynamicx4-r2-stars.jpg,2026-09-19T02:36:22Z,stars.jpg,12960,8640,Adaptive_Median,2,20,dynamic,4,off,yes,unset,unset,hype2,12.2.0,-O3 -Wall -Wextra -std=c++17 -fopenmp -DOMP_EXPLICIT_SIMD=0 -fno-tree-vectorize,1646.238638,626f977055f1c658,passed
adaptive-simd_off-t20-dynamicx4-r2-rain_paisage.jpg,2026-09-19T02:36:29Z,rain_paisage.jpg,12288,16320,Adaptive_Median,2,20,dynamic,4,off,yes,unset,unset,hype2,12.2.0,-O3 -Wall -Wextra -std=c++17 -fopenmp -DOMP_EXPLICIT_SIMD=0 -fno-tree-vectorize,3165.823218,d0fdcd4b2e74abf3,passed
adaptive-simd_off-t20-dynamicx4-r2-firework.jpg,2026-09-19T02:36:35Z,firework.jpg,11125,16688,Adaptive_Median,2,20,dynamic,4,off,yes,unset,unset,hype2,12.2.0,-O3 -Wall -Wextra -std=c++17 -fopenmp -DOMP_EXPLICIT_SIMD=0 -fno-tree-vectorize,3059.342427,cae2b8384ddb6aac,passed
adaptive-simd_off-t20-dynamicx4-r2-control_smooth_6000x6000.png,2026-09-19T02:36:36Z,control_smooth_6000x6000.png,6000,6000,Adaptive_Median,2,20,dynamic,4,off,yes,unset,unset,hype2,12.2.0,-O3 -Wall -Wextra -std=c++17 -fopenmp -DOMP_EXPLICIT_SIMD=0 -fno-tree-vectorize,824.094995,596e3c6929662ab9,passed
adaptive-simd_off-t20-dynamicx4-r2-control_noise_6000x6000.png,2026-09-19T02:36:37Z,control_noise_6000x6000.png,6000,6000,Adaptive_Median,2,20,dynamic,4,off,yes,unset,unset,hype2,12.2.0,-O3 -Wall -Wextra -std=c++17 -fopenmp -DOMP_EXPLICIT_SIMD=0 -fno-tree-vectorize,598.707201,fcb58a627e9d9740,passed
adaptive-simd_off-t20-dynamicx4-r2-control_half_noise_6000x6000.png,2026-09-19T02:36:39Z,control_half_noise_6000x6000.png,6000,6000,Adaptive_Median,2,20,dynamic,4,off,yes,unset,unset,hype2,12.2.0,-O3 -Wall -Wextra -std=c++17 -fopenmp -DOMP_EXPLICIT_SIMD=0 -fno-tree-vectorize,597.462757,9d92a48896bfc25a,passed
adaptive-simd_off-t20-dynamicx4-r2-control_bands_256_6000x6000.png,2026-09-19T02:36:40Z,control_bands_256_6000x6000.png,6000,6000,Adaptive_Median,2,20,dynamic,4,off,yes,unset,unset,hype2,12.2.0,-O3 -Wall -Wextra -std=c++17 -fopenmp -DOMP_EXPLICIT_SIMD=0 -fno-tree-vectorize,604.590917,8f9bc97f03d5aae1,passed
adaptive-simd_omp-t20-dynamicx4-r2-sky.jpg,2026-09-19T02:36:42Z,sky.jpg,6936,9248,Adaptive_Median,2,20,dynamic,4,omp,yes,unset,unset,hype2,12.2.0,-O3 -Wall -Wextra -std=c++17 -fopenmp -DOMP_EXPLICIT_SIMD=1,1068.355391,1e7ae9152e9643d5,passed
adaptive-simd_omp-t20-dynamicx4-r2-stars.jpg,2026-09-19T02:36:46Z,stars.jpg,12960,8640,Adaptive_Median,2,20,dynamic,4,omp,yes,unset,unset,hype2,12.2.0,-O3 -Wall -Wextra -std=c++17 -fopenmp -DOMP_EXPLICIT_SIMD=1,1695.627388,626f977055f1c658,passed
adaptive-simd_omp-t20-dynamicx4-r2-rain_paisage.jpg,2026-09-19T02:36:52Z,rain_paisage.jpg,12288,16320,Adaptive_Median,2,20,dynamic,4,omp,yes,unset,unset,hype2,12.2.0,-O3 -Wall -Wextra -std=c++17 -fopenmp -DOMP_EXPLICIT_SIMD=1,3238.304475,d0fdcd4b2e74abf3,passed
adaptive-simd_omp-t20-dynamicx4-r2-firework.jpg,2026-09-19T02:36:58Z,firework.jpg,11125,16688,Adaptive_Median,2,20,dynamic,4,omp,yes,unset,unset,hype2,12.2.0,-O3 -Wall -Wextra -std=c++17 -fopenmp -DOMP_EXPLICIT_SIMD=1,3120.683310,cae2b8384ddb6aac,passed
adaptive-simd_omp-t20-dynamicx4-r2-control_smooth_6000x6000.png,2026-09-19T02:37:00Z,control_smooth_6000x6000.png,6000,6000,Adaptive_Median,2,20,dynamic,4,omp,yes,unset,unset,hype2,12.2.0,-O3 -Wall -Wextra -std=c++17 -fopenmp -DOMP_EXPLICIT_SIMD=1,838.475175,596e3c6929662ab9,passed
adaptive-simd_omp-t20-dynamicx4-r2-control_noise_6000x6000.png,2026-09-19T02:37:01Z,control_noise_6000x6000.png,6000,6000,Adaptive_Median,2,20,dynamic,4,omp,yes,unset,unset,hype2,12.2.0,-O3 -Wall -Wextra -std=c++17 -fopenmp -DOMP_EXPLICIT_SIMD=1,581.400647,fcb58a627e9d9740,passed
adaptive-simd_omp-t20-dynamicx4-r2-control_half_noise_6000x6000.png,2026-09-19T02:37:02Z,control_half_noise_6000x6000.png,6000,6000,Adaptive_Median,2,20,dynamic,4,omp,yes,unset,unset,hype2,12.2.0,-O3 -Wall -Wextra -std=c++17 -fopenmp -DOMP_EXPLICIT_SIMD=1,613.064646,9d92a48896bfc25a,passed
adaptive-simd_omp-t20-dynamicx4-r2-control_bands_256_6000x6000.png,2026-09-19T02:37:03Z,control_bands_256_6000x6000.png,6000,6000,Adaptive_Median,2,20,dynamic,4,omp,yes,unset,unset,hype2,12.2.0,-O3 -Wall -Wextra -std=c++17 -fopenmp -DOMP_EXPLICIT_SIMD=1,618.096371,8f9bc97f03d5aae1,passed
adaptive-simd_off-t20-dynamicx16-r2-sky.jpg,2026-09-19T02:37:05Z,sky.jpg,6936,9248,Adaptive_Median,2,20,dynamic,16,off,yes,unset,unset,hype2,12.2.0,-O3 -Wall -Wextra -std=c++17 -fopenmp -DOMP_EXPLICIT_SIMD=0 -fno-tree-vectorize,1042.676707,1e7ae9152e9643d5,passed
adaptive-simd_off-t20-dynamicx16-r2-stars.jpg,2026-09-19T02:37:09Z,stars.jpg,12960,8640,Adaptive_Median,2,20,dynamic,16,off,yes,unset,unset,hype2,12.2.0,-O3 -Wall -Wextra -std=c++17 -fopenmp -DOMP_EXPLICIT_SIMD=0 -fno-tree-vectorize,1651.594367,626f977055f1c658,passed
adaptive-simd_off-t20-dynamicx16-r2-rain_paisage.jpg,2026-09-19T02:37:16Z,rain_paisage.jpg,12288,16320,Adaptive_Median,2,20,dynamic,16,off,yes,unset,unset,hype2,12.2.0,-O3 -Wall -Wextra -std=c++17 -fopenmp -DOMP_EXPLICIT_SIMD=0 -fno-tree-vectorize,3183.042811,d0fdcd4b2e74abf3,passed
adaptive-simd_off-t20-dynamicx16-r2-firework.jpg,2026-09-19T02:37:22Z,firework.jpg,11125,16688,Adaptive_Median,2,20,dynamic,16,off,yes,unset,unset,hype2,12.2.0,-O3 -Wall -Wextra -std=c++17 -fopenmp -DOMP_EXPLICIT_SIMD=0 -fno-tree-vectorize,3077.890215,cae2b8384ddb6aac,passed
adaptive-simd_off-t20-dynamicx16-r2-control_smooth_6000x6000.png,2026-09-19T02:37:23Z,control_smooth_6000x6000.png,6000,6000,Adaptive_Median,2,20,dynamic,16,off,yes,unset,unset,hype2,12.2.0,-O3 -Wall -Wextra -std=c++17 -fopenmp -DOMP_EXPLICIT_SIMD=0 -fno-tree-vectorize,822.476631,596e3c6929662ab9,passed
adaptive-simd_off-t20-dynamicx16-r2-control_noise_6000x6000.png,2026-09-19T02:37:24Z,control_noise_6000x6000.png,6000,6000,Adaptive_Median,2,20,dynamic,16,off,yes,unset,unset,hype2,12.2.0,-O3 -Wall -Wextra -std=c++17 -fopenmp -DOMP_EXPLICIT_SIMD=0 -fno-tree-vectorize,576.232545,fcb58a627e9d9740,passed
adaptive-simd_off-t20-dynamicx16-r2-control_half_noise_6000x6000.png,2026-09-19T02:37:26Z,control_half_noise_6000x6000.png,6000,6000,Adaptive_Median,2,20,dynamic,16,off,yes,unset,unset,hype2,12.2.0,-O3 -Wall -Wextra -std=c++17 -fopenmp -DOMP_EXPLICIT_SIMD=0 -fno-tree-vectorize,604.970048,9d92a48896bfc25a,passed
adaptive-simd_off-t20-dynamicx16-r2-control_bands_256_6000x6000.png,2026-09-19T02:37:27Z,control_bands_256_6000x6000.png,6000,6000,Adaptive_Median,2,20,dynamic,16,off,yes,unset,unset,hype2,12.2.0,-O3 -Wall -Wextra -std=c++17 -fopenmp -DOMP_EXPLICIT_SIMD=0 -fno-tree-vectorize,605.322634,8f9bc97f03d5aae1,passed
adaptive-simd_omp-t20-dynamicx16-r2-sky.jpg,2026-09-19T02:37:29Z,sky.jpg,6936,9248,Adaptive_Median,2,20,dynamic,16,omp,yes,unset,unset,hype2,12.2.0,-O3 -Wall -Wextra -std=c++17 -fopenmp -DOMP_EXPLICIT_SIMD=1,1068.759515,1e7ae9152e9643d5,passed
adaptive-simd_omp-t20-dynamicx16-r2-stars.jpg,2026-09-19T02:37:33Z,stars.jpg,12960,8640,Adaptive_Median,2,20,dynamic,16,omp,yes,unset,unset,hype2,12.2.0,-O3 -Wall -Wextra -std=c++17 -fopenmp -DOMP_EXPLICIT_SIMD=1,1693.042441,626f977055f1c658,passed
adaptive-simd_omp-t20-dynamicx16-r2-rain_paisage.jpg,2026-09-19T02:37:39Z,rain_paisage.jpg,12288,16320,Adaptive_Median,2,20,dynamic,16,omp,yes,unset,unset,hype2,12.2.0,-O3 -Wall -Wextra -std=c++17 -fopenmp -DOMP_EXPLICIT_SIMD=1,3266.771631,d0fdcd4b2e74abf3,passed
adaptive-simd_omp-t20-dynamicx16-r2-firework.jpg,2026-09-19T02:37:46Z,firework.jpg,11125,16688,Adaptive_Median,2,20,dynamic,16,omp,yes,unset,unset,hype2,12.2.0,-O3 -Wall -Wextra -std=c++17 -fopenmp -DOMP_EXPLICIT_SIMD=1,3145.602375,cae2b8384ddb6aac,passed
adaptive-simd_omp-t20-dynamicx16-r2-control_smooth_6000x6000.png,2026-09-19T02:37:47Z,control_smooth_6000x6000.png,6000,6000,Adaptive_Median,2,20,dynamic,16,omp,yes,unset,unset,hype2,12.2.0,-O3 -Wall -Wextra -std=c++17 -fopenmp -DOMP_EXPLICIT_SIMD=1,838.777460,596e3c6929662ab9,passed
adaptive-simd_omp-t20-dynamicx16-r2-control_noise_6000x6000.png,2026-09-19T02:37:48Z,control_noise_6000x6000.png,6000,6000,Adaptive_Median,2,20,dynamic,16,omp,yes,unset,unset,hype2,12.2.0,-O3 -Wall -Wextra -std=c++17 -fopenmp -DOMP_EXPLICIT_SIMD=1,587.720012,fcb58a627e9d9740,passed
adaptive-simd_omp-t20-dynamicx16-r2-control_half_noise_6000x6000.png,2026-09-19T02:37:49Z,control_half_noise_6000x6000.png,6000,6000,Adaptive_Median,2,20,dynamic,16,omp,yes,unset,unset,hype2,12.2.0,-O3 -Wall -Wextra -std=c++17 -fopenmp -DOMP_EXPLICIT_SIMD=1,621.489298,9d92a48896bfc25a,passed
adaptive-simd_omp-t20-dynamicx16-r2-control_bands_256_6000x6000.png,2026-09-19T02:37:51Z,control_bands_256_6000x6000.png,6000,6000,Adaptive_Median,2,20,dynamic,16,omp,yes,unset,unset,hype2,12.2.0,-O3 -Wall -Wextra -std=c++17 -fopenmp -DOMP_EXPLICIT_SIMD=1,621.877195,8f9bc97f03d5aae1,passed
adaptive-simd_off-t20-dynamicx64-r2-sky.jpg,2026-09-19T02:37:53Z,sky.jpg,6936,9248,Adaptive_Median,2,20,dynamic,64,off,yes,unset,unset,hype2,12.2.0,-O3 -Wall -Wextra -std=c++17 -fopenmp -DOMP_EXPLICIT_SIMD=0 -fno-tree-vectorize,1131.031417,1e7ae9152e9643d5,passed
adaptive-simd_off-t20-dynamicx64-r2-stars.jpg,2026-09-19T02:37:57Z,stars.jpg,12960,8640,Adaptive_Median,2,20,dynamic,64,off,yes,unset,unset,hype2,12.2.0,-O3 -Wall -Wextra -std=c++17 -fopenmp -DOMP_EXPLICIT_SIMD=0 -fno-tree-vectorize,1706.543816,626f977055f1c658,passed
adaptive-simd_off-t20-dynamicx64-r2-rain_paisage.jpg,2026-09-19T02:38:03Z,rain_paisage.jpg,12288,16320,Adaptive_Median,2,20,dynamic,64,off,yes,unset,unset,hype2,12.2.0,-O3 -Wall -Wextra -std=c++17 -fopenmp -DOMP_EXPLICIT_SIMD=0 -fno-tree-vectorize,3212.159922,d0fdcd4b2e74abf3,passed
adaptive-simd_off-t20-dynamicx64-r2-firework.jpg,2026-09-19T02:38:09Z,firework.jpg,11125,16688,Adaptive_Median,2,20,dynamic,64,off,yes,unset,unset,hype2,12.2.0,-O3 -Wall -Wextra -std=c++17 -fopenmp -DOMP_EXPLICIT_SIMD=0 -fno-tree-vectorize,3194.487019,cae2b8384ddb6aac,passed
adaptive-simd_off-t20-dynamicx64-r2-control_smooth_6000x6000.png,2026-09-19T02:38:11Z,control_smooth_6000x6000.png,6000,6000,Adaptive_Median,2,20,dynamic,64,off,yes,unset,unset,hype2,12.2.0,-O3 -Wall -Wextra -std=c++17 -fopenmp -DOMP_EXPLICIT_SIMD=0 -fno-tree-vectorize,860.552697,596e3c6929662ab9,passed
adaptive-simd_off-t20-dynamicx64-r2-control_noise_6000x6000.png,2026-09-19T02:38:12Z,control_noise_6000x6000.png,6000,6000,Adaptive_Median,2,20,dynamic,64,off,yes,unset,unset,hype2,12.2.0,-O3 -Wall -Wextra -std=c++17 -fopenmp -DOMP_EXPLICIT_SIMD=0 -fno-tree-vectorize,599.859284,fcb58a627e9d9740,passed
adaptive-simd_off-t20-dynamicx64-r2-control_half_noise_6000x6000.png,2026-09-19T02:38:13Z,control_half_noise_6000x6000.png,6000,6000,Adaptive_Median,2,20,dynamic,64,off,yes,unset,unset,hype2,12.2.0,-O3 -Wall -Wextra -std=c++17 -fopenmp -DOMP_EXPLICIT_SIMD=0 -fno-tree-vectorize,627.111486,9d92a48896bfc25a,passed
adaptive-simd_off-t20-dynamicx64-r2-control_bands_256_6000x6000.png,2026-09-19T02:38:15Z,control_bands_256_6000x6000.png,6000,6000,Adaptive_Median,2,20,dynamic,64,off,yes,unset,unset,hype2,12.2.0,-O3 -Wall -Wextra -std=c++17 -fopenmp -DOMP_EXPLICIT_SIMD=0 -fno-tree-vectorize,658.700028,8f9bc97f03d5aae1,passed
adaptive-simd_omp-t20-dynamicx64-r2-sky.jpg,2026-09-19T02:38:17Z,sky.jpg,6936,9248,Adaptive_Median,2,20,dynamic,64,omp,yes,unset,unset,hype2,12.2.0,-O3 -Wall -Wextra -std=c++17 -fopenmp -DOMP_EXPLICIT_SIMD=1,1158.454868,1e7ae9152e9643d5,passed
adaptive-simd_omp-t20-dynamicx64-r2-stars.jpg,2026-09-19T02:38:21Z,stars.jpg,12960,8640,Adaptive_Median,2,20,dynamic,64,omp,yes,unset,unset,hype2,12.2.0,-O3 -Wall -Wextra -std=c++17 -fopenmp -DOMP_EXPLICIT_SIMD=1,1759.024625,626f977055f1c658,passed
adaptive-simd_omp-t20-dynamicx64-r2-rain_paisage.jpg,2026-09-19T02:38:27Z,rain_paisage.jpg,12288,16320,Adaptive_Median,2,20,dynamic,64,omp,yes,unset,unset,hype2,12.2.0,-O3 -Wall -Wextra -std=c++17 -fopenmp -DOMP_EXPLICIT_SIMD=1,3276.825763,d0fdcd4b2e74abf3,passed
adaptive-simd_omp-t20-dynamicx64-r2-firework.jpg,2026-09-19T02:38:33Z,firework.jpg,11125,16688,Adaptive_Median,2,20,dynamic,64,omp,yes,unset,unset,hype2,12.2.0,-O3 -Wall -Wextra -std=c++17 -fopenmp -DOMP_EXPLICIT_SIMD=1,3199.995233,cae2b8384ddb6aac,passed
adaptive-simd_omp-t20-dynamicx64-r2-control_smooth_6000x6000.png,2026-09-19T02:38:35Z,control_smooth_6000x6000.png,6000,6000,Adaptive_Median,2,20,dynamic,64,omp,yes,unset,unset,hype2,12.2.0,-O3 -Wall -Wextra -std=c++17 -fopenmp -DOMP_EXPLICIT_SIMD=1,877.986512,596e3c6929662ab9,passed
adaptive-simd_omp-t20-dynamicx64-r2-control_noise_6000x6000.png,2026-09-19T02:38:36Z,control_noise_6000x6000.png,6000,6000,Adaptive_Median,2,20,dynamic,64,omp,yes,unset,unset,hype2,12.2.0,-O3 -Wall -Wextra -std=c++17 -fopenmp -DOMP_EXPLICIT_SIMD=1,614.155462,fcb58a627e9d9740,passed
adaptive-simd_omp-t20-dynamicx64-r2-control_half_noise_6000x6000.png,2026-09-19T02:38:37Z,control_half_noise_6000x6000.png,6000,6000,Adaptive_Median,2,20,dynamic,64,omp,yes,unset,unset,hype2,12.2.0,-O3 -Wall -Wextra -std=c++17 -fopenmp -DOMP_EXPLICIT_SIMD=1,640.947305,9d92a48896bfc25a,passed
adaptive-simd_omp-t20-dynamicx64-r2-control_bands_256_6000x6000.png,2026-09-19T02:38:39Z,control_bands_256_6000x6000.png,6000,6000,Adaptive_Median,2,20,dynamic,64,omp,yes,unset,unset,hype2,12.2.0,-O3 -Wall -Wextra -std=c++17 -fopenmp -DOMP_EXPLICIT_SIMD=1,750.572378,8f9bc97f03d5aae1,passed
adaptive-simd_off-t20-dynamicx256-r2-sky.jpg,2026-09-19T02:38:41Z,sky.jpg,6936,9248,Adaptive_Median,2,20,dynamic,256,off,yes,unset,unset,hype2,12.2.0,-O3 -Wall -Wextra -std=c++17 -fopenmp -DOMP_EXPLICIT_SIMD=0 -fno-tree-vectorize,1190.982132,1e7ae9152e9643d5,passed
adaptive-simd_off-t20-dynamicx256-r2-stars.jpg,2026-09-19T02:38:45Z,stars.jpg,12960,8640,Adaptive_Median,2,20,dynamic,256,off,yes,unset,unset,hype2,12.2.0,-O3 -Wall -Wextra -std=c++17 -fopenmp -DOMP_EXPLICIT_SIMD=0 -fno-tree-vectorize,1984.974334,626f977055f1c658,passed
adaptive-simd_off-t20-dynamicx256-r2-rain_paisage.jpg,2026-09-19T02:38:52Z,rain_paisage.jpg,12288,16320,Adaptive_Median,2,20,dynamic,256,off,yes,unset,unset,hype2,12.2.0,-O3 -Wall -Wextra -std=c++17 -fopenmp -DOMP_EXPLICIT_SIMD=0 -fno-tree-vectorize,3584.259785,d0fdcd4b2e74abf3,passed
adaptive-simd_off-t20-dynamicx256-r2-firework.jpg,2026-09-19T02:38:58Z,firework.jpg,11125,16688,Adaptive_Median,2,20,dynamic,256,off,yes,unset,unset,hype2,12.2.0,-O3 -Wall -Wextra -std=c++17 -fopenmp -DOMP_EXPLICIT_SIMD=0 -fno-tree-vectorize,3612.236684,cae2b8384ddb6aac,passed
adaptive-simd_off-t20-dynamicx256-r2-control_smooth_6000x6000.png,2026-09-19T02:39:00Z,control_smooth_6000x6000.png,6000,6000,Adaptive_Median,2,20,dynamic,256,off,yes,unset,unset,hype2,12.2.0,-O3 -Wall -Wextra -std=c++17 -fopenmp -DOMP_EXPLICIT_SIMD=0 -fno-tree-vectorize,1271.998612,596e3c6929662ab9,passed
adaptive-simd_off-t20-dynamicx256-r2-control_noise_6000x6000.png,2026-09-19T02:39:01Z,control_noise_6000x6000.png,6000,6000,Adaptive_Median,2,20,dynamic,256,off,yes,unset,unset,hype2,12.2.0,-O3 -Wall -Wextra -std=c++17 -fopenmp -DOMP_EXPLICIT_SIMD=0 -fno-tree-vectorize,901.978528,fcb58a627e9d9740,passed
adaptive-simd_off-t20-dynamicx256-r2-control_half_noise_6000x6000.png,2026-09-19T02:39:03Z,control_half_noise_6000x6000.png,6000,6000,Adaptive_Median,2,20,dynamic,256,off,yes,unset,unset,hype2,12.2.0,-O3 -Wall -Wextra -std=c++17 -fopenmp -DOMP_EXPLICIT_SIMD=0 -fno-tree-vectorize,841.039468,9d92a48896bfc25a,passed
adaptive-simd_off-t20-dynamicx256-r2-control_bands_256_6000x6000.png,2026-09-19T02:39:05Z,control_bands_256_6000x6000.png,6000,6000,Adaptive_Median,2,20,dynamic,256,off,yes,unset,unset,hype2,12.2.0,-O3 -Wall -Wextra -std=c++17 -fopenmp -DOMP_EXPLICIT_SIMD=0 -fno-tree-vectorize,939.986776,8f9bc97f03d5aae1,passed
adaptive-simd_omp-t20-dynamicx256-r2-sky.jpg,2026-09-19T02:39:07Z,sky.jpg,6936,9248,Adaptive_Median,2,20,dynamic,256,omp,yes,unset,unset,hype2,12.2.0,-O3 -Wall -Wextra -std=c++17 -fopenmp -DOMP_EXPLICIT_SIMD=1,1239.353709,1e7ae9152e9643d5,passed
adaptive-simd_omp-t20-dynamicx256-r2-stars.jpg,2026-09-19T02:39:11Z,stars.jpg,12960,8640,Adaptive_Median,2,20,dynamic,256,omp,yes,unset,unset,hype2,12.2.0,-O3 -Wall -Wextra -std=c++17 -fopenmp -DOMP_EXPLICIT_SIMD=1,2020.423609,626f977055f1c658,passed
adaptive-simd_omp-t20-dynamicx256-r2-rain_paisage.jpg,2026-09-19T02:39:18Z,rain_paisage.jpg,12288,16320,Adaptive_Median,2,20,dynamic,256,omp,yes,unset,unset,hype2,12.2.0,-O3 -Wall -Wextra -std=c++17 -fopenmp -DOMP_EXPLICIT_SIMD=1,3658.287101,d0fdcd4b2e74abf3,passed
adaptive-simd_omp-t20-dynamicx256-r2-firework.jpg,2026-09-19T02:39:25Z,firework.jpg,11125,16688,Adaptive_Median,2,20,dynamic,256,omp,yes,unset,unset,hype2,12.2.0,-O3 -Wall -Wextra -std=c++17 -fopenmp -DOMP_EXPLICIT_SIMD=1,3700.681685,cae2b8384ddb6aac,passed
adaptive-simd_omp-t20-dynamicx256-r2-control_smooth_6000x6000.png,2026-09-19T02:39:26Z,control_smooth_6000x6000.png,6000,6000,Adaptive_Median,2,20,dynamic,256,omp,yes,unset,unset,hype2,12.2.0,-O3 -Wall -Wextra -std=c++17 -fopenmp -DOMP_EXPLICIT_SIMD=1,1297.177572,596e3c6929662ab9,passed
adaptive-simd_omp-t20-dynamicx256-r2-control_noise_6000x6000.png,2026-09-19T02:39:28Z,control_noise_6000x6000.png,6000,6000,Adaptive_Median,2,20,dynamic,256,omp,yes,unset,unset,hype2,12.2.0,-O3 -Wall -Wextra -std=c++17 -fopenmp -DOMP_EXPLICIT_SIMD=1,929.392481,fcb58a627e9d9740,passed
adaptive-simd_omp-t20-dynamicx256-r2-control_half_noise_6000x6000.png,2026-09-19T02:39:30Z,control_half_noise_6000x6000.png,6000,6000,Adaptive_Median,2,20,dynamic,256,omp,yes,unset,unset,hype2,12.2.0,-O3 -Wall -Wextra -std=c++17 -fopenmp -DOMP_EXPLICIT_SIMD=1,871.940499,9d92a48896bfc25a,passed
adaptive-simd_omp-t20-dynamicx256-r2-control_bands_256_6000x6000.png,2026-09-19T02:39:31Z,control_bands_256_6000x6000.png,6000,6000,Adaptive_Median,2,20,dynamic,256,omp,yes,unset,unset,hype2,12.2.0,-O3 -Wall -Wextra -std=c++17 -fopenmp -DOMP_EXPLICIT_SIMD=1,964.983467,8f9bc97f03d5aae1,passed
adaptive-simd_off-t20-static-r2-sky.jpg,2026-09-19T02:39:33Z,sky.jpg,6936,9248,Adaptive_Median,2,20,static,,off,yes,unset,unset,hype2,12.2.0,-O3 -Wall -Wextra -std=c++17 -fopenmp -DOMP_EXPLICIT_SIMD=0 -fno-tree-vectorize,1104.453874,1e7ae9152e9643d5,passed
adaptive-simd_off-t20-static-r2-stars.jpg,2026-09-19T02:39:37Z,stars.jpg,12960,8640,Adaptive_Median,2,20,static,,off,yes,unset,unset,hype2,12.2.0,-O3 -Wall -Wextra -std=c++17 -fopenmp -DOMP_EXPLICIT_SIMD=0 -fno-tree-vectorize,1770.067688,626f977055f1c658,passed
adaptive-simd_off-t20-static-r2-rain_paisage.jpg,2026-09-19T02:39:45Z,rain_paisage.jpg,12288,16320,Adaptive_Median,2,20,static,,off,yes,unset,unset,hype2,12.2.0,-O3 -Wall -Wextra -std=c++17 -fopenmp -DOMP_EXPLICIT_SIMD=0 -fno-tree-vectorize,4303.177022,d0fdcd4b2e74abf3,passed
adaptive-simd_off-t20-static-r2-firework.jpg,2026-09-19T02:39:52Z,firework.jpg,11125,16688,Adaptive_Median,2,20,static,,off,yes,unset,unset,hype2,12.2.0,-O3 -Wall -Wextra -std=c++17 -fopenmp -DOMP_EXPLICIT_SIMD=0 -fno-tree-vectorize,3954.437104,cae2b8384ddb6aac,passed
adaptive-simd_off-t20-static-r2-control_smooth_6000x6000.png,2026-09-19T02:39:53Z,control_smooth_6000x6000.png,6000,6000,Adaptive_Median,2,20,static,,off,yes,unset,unset,hype2,12.2.0,-O3 -Wall -Wextra -std=c++17 -fopenmp -DOMP_EXPLICIT_SIMD=0 -fno-tree-vectorize,813.299908,596e3c6929662ab9,passed
adaptive-simd_off-t20-static-r2-control_noise_6000x6000.png,2026-09-19T02:39:54Z,control_noise_6000x6000.png,6000,6000,Adaptive_Median,2,20,static,,off,yes,unset,unset,hype2,12.2.0,-O3 -Wall -Wextra -std=c++17 -fopenmp -DOMP_EXPLICIT_SIMD=0 -fno-tree-vectorize,607.740985,fcb58a627e9d9740,passed
adaptive-simd_off-t20-static-r2-control_half_noise_6000x6000.png,2026-09-19T02:39:56Z,control_half_noise_6000x6000.png,6000,6000,Adaptive_Median,2,20,static,,off,yes,unset,unset,hype2,12.2.0,-O3 -Wall -Wextra -std=c++17 -fopenmp -DOMP_EXPLICIT_SIMD=0 -fno-tree-vectorize,802.638946,9d92a48896bfc25a,passed
adaptive-simd_off-t20-static-r2-control_bands_256_6000x6000.png,2026-09-19T02:39:57Z,control_bands_256_6000x6000.png,6000,6000,Adaptive_Median,2,20,static,,off,yes,unset,unset,hype2,12.2.0,-O3 -Wall -Wextra -std=c++17 -fopenmp -DOMP_EXPLICIT_SIMD=0 -fno-tree-vectorize,730.624330,8f9bc97f03d5aae1,passed
adaptive-simd_off-t20-dynamicx1-r3-sky.jpg,2026-09-19T02:39:59Z,sky.jpg,6936,9248,Adaptive_Median,3,20,dynamic,1,off,yes,unset,unset,hype2,12.2.0,-O3 -Wall -Wextra -std=c++17 -fopenmp -DOMP_EXPLICIT_SIMD=0 -fno-tree-vectorize,1046.283829,1e7ae9152e9643d5,passed
adaptive-simd_off-t20-dynamicx1-r3-stars.jpg,2026-09-19T02:40:03Z,stars.jpg,12960,8640,Adaptive_Median,3,20,dynamic,1,off,yes,unset,unset,hype2,12.2.0,-O3 -Wall -Wextra -std=c++17 -fopenmp -DOMP_EXPLICIT_SIMD=0 -fno-tree-vectorize,1642.887252,626f977055f1c658,passed
adaptive-simd_off-t20-dynamicx1-r3-rain_paisage.jpg,2026-09-19T02:40:10Z,rain_paisage.jpg,12288,16320,Adaptive_Median,3,20,dynamic,1,off,yes,unset,unset,hype2,12.2.0,-O3 -Wall -Wextra -std=c++17 -fopenmp -DOMP_EXPLICIT_SIMD=0 -fno-tree-vectorize,3177.355245,d0fdcd4b2e74abf3,passed
adaptive-simd_off-t20-dynamicx1-r3-firework.jpg,2026-09-19T02:40:16Z,firework.jpg,11125,16688,Adaptive_Median,3,20,dynamic,1,off,yes,unset,unset,hype2,12.2.0,-O3 -Wall -Wextra -std=c++17 -fopenmp -DOMP_EXPLICIT_SIMD=0 -fno-tree-vectorize,3089.737546,cae2b8384ddb6aac,passed
adaptive-simd_off-t20-dynamicx1-r3-control_smooth_6000x6000.png,2026-09-19T02:40:17Z,control_smooth_6000x6000.png,6000,6000,Adaptive_Median,3,20,dynamic,1,off,yes,unset,unset,hype2,12.2.0,-O3 -Wall -Wextra -std=c++17 -fopenmp -DOMP_EXPLICIT_SIMD=0 -fno-tree-vectorize,815.322349,596e3c6929662ab9,passed
adaptive-simd_off-t20-dynamicx1-r3-control_noise_6000x6000.png,2026-09-19T02:40:18Z,control_noise_6000x6000.png,6000,6000,Adaptive_Median,3,20,dynamic,1,off,yes,unset,unset,hype2,12.2.0,-O3 -Wall -Wextra -std=c++17 -fopenmp -DOMP_EXPLICIT_SIMD=0 -fno-tree-vectorize,568.059252,fcb58a627e9d9740,passed
adaptive-simd_off-t20-dynamicx1-r3-control_half_noise_6000x6000.png,2026-09-19T02:40:19Z,control_half_noise_6000x6000.png,6000,6000,Adaptive_Median,3,20,dynamic,1,off,yes,unset,unset,hype2,12.2.0,-O3 -Wall -Wextra -std=c++17 -fopenmp -DOMP_EXPLICIT_SIMD=0 -fno-tree-vectorize,621.501451,9d92a48896bfc25a,passed
adaptive-simd_off-t20-dynamicx1-r3-control_bands_256_6000x6000.png,2026-09-19T02:40:21Z,control_bands_256_6000x6000.png,6000,6000,Adaptive_Median,3,20,dynamic,1,off,yes,unset,unset,hype2,12.2.0,-O3 -Wall -Wextra -std=c++17 -fopenmp -DOMP_EXPLICIT_SIMD=0 -fno-tree-vectorize,603.402456,8f9bc97f03d5aae1,passed
adaptive-simd_omp-t20-dynamicx1-r3-sky.jpg,2026-09-19T02:40:23Z,sky.jpg,6936,9248,Adaptive_Median,3,20,dynamic,1,omp,yes,unset,unset,hype2,12.2.0,-O3 -Wall -Wextra -std=c++17 -fopenmp -DOMP_EXPLICIT_SIMD=1,1067.240689,1e7ae9152e9643d5,passed
adaptive-simd_omp-t20-dynamicx1-r3-stars.jpg,2026-09-19T02:40:27Z,stars.jpg,12960,8640,Adaptive_Median,3,20,dynamic,1,omp,yes,unset,unset,hype2,12.2.0,-O3 -Wall -Wextra -std=c++17 -fopenmp -DOMP_EXPLICIT_SIMD=1,1690.735375,626f977055f1c658,passed
adaptive-simd_omp-t20-dynamicx1-r3-rain_paisage.jpg,2026-09-19T02:40:33Z,rain_paisage.jpg,12288,16320,Adaptive_Median,3,20,dynamic,1,omp,yes,unset,unset,hype2,12.2.0,-O3 -Wall -Wextra -std=c++17 -fopenmp -DOMP_EXPLICIT_SIMD=1,3230.693417,d0fdcd4b2e74abf3,passed
adaptive-simd_omp-t20-dynamicx1-r3-firework.jpg,2026-09-19T02:40:39Z,firework.jpg,11125,16688,Adaptive_Median,3,20,dynamic,1,omp,yes,unset,unset,hype2,12.2.0,-O3 -Wall -Wextra -std=c++17 -fopenmp -DOMP_EXPLICIT_SIMD=1,3126.912076,cae2b8384ddb6aac,passed
adaptive-simd_omp-t20-dynamicx1-r3-control_smooth_6000x6000.png,2026-09-19T02:40:41Z,control_smooth_6000x6000.png,6000,6000,Adaptive_Median,3,20,dynamic,1,omp,yes,unset,unset,hype2,12.2.0,-O3 -Wall -Wextra -std=c++17 -fopenmp -DOMP_EXPLICIT_SIMD=1,829.342143,596e3c6929662ab9,passed
adaptive-simd_omp-t20-dynamicx1-r3-control_noise_6000x6000.png,2026-09-19T02:40:42Z,control_noise_6000x6000.png,6000,6000,Adaptive_Median,3,20,dynamic,1,omp,yes,unset,unset,hype2,12.2.0,-O3 -Wall -Wextra -std=c++17 -fopenmp -DOMP_EXPLICIT_SIMD=1,581.879817,fcb58a627e9d9740,passed
adaptive-simd_omp-t20-dynamicx1-r3-control_half_noise_6000x6000.png,2026-09-19T02:40:43Z,control_half_noise_6000x6000.png,6000,6000,Adaptive_Median,3,20,dynamic,1,omp,yes,unset,unset,hype2,12.2.0,-O3 -Wall -Wextra -std=c++17 -fopenmp -DOMP_EXPLICIT_SIMD=1,615.241739,9d92a48896bfc25a,passed
adaptive-simd_omp-t20-dynamicx1-r3-control_bands_256_6000x6000.png,2026-09-19T02:40:44Z,control_bands_256_6000x6000.png,6000,6000,Adaptive_Median,3,20,dynamic,1,omp,yes,unset,unset,hype2,12.2.0,-O3 -Wall -Wextra -std=c++17 -fopenmp -DOMP_EXPLICIT_SIMD=1,638.937130,8f9bc97f03d5aae1,passed
adaptive-simd_off-t20-dynamicx4-r3-sky.jpg,2026-09-19T02:40:46Z,sky.jpg,6936,9248,Adaptive_Median,3,20,dynamic,4,off,yes,unset,unset,hype2,12.2.0,-O3 -Wall -Wextra -std=c++17 -fopenmp -DOMP_EXPLICIT_SIMD=0 -fno-tree-vectorize,1043.061106,1e7ae9152e9643d5,passed
adaptive-simd_off-t20-dynamicx4-r3-stars.jpg,2026-09-19T02:40:50Z,stars.jpg,12960,8640,Adaptive_Median,3,20,dynamic,4,off,yes,unset,unset,hype2,12.2.0,-O3 -Wall -Wextra -std=c++17 -fopenmp -DOMP_EXPLICIT_SIMD=0 -fno-tree-vectorize,1655.671119,626f977055f1c658,passed
adaptive-simd_off-t20-dynamicx4-r3-rain_paisage.jpg,2026-09-19T02:40:57Z,rain_paisage.jpg,12288,16320,Adaptive_Median,3,20,dynamic,4,off,yes,unset,unset,hype2,12.2.0,-O3 -Wall -Wextra -std=c++17 -fopenmp -DOMP_EXPLICIT_SIMD=0 -fno-tree-vectorize,3167.460931,d0fdcd4b2e74abf3,passed
adaptive-simd_off-t20-dynamicx4-r3-firework.jpg,2026-09-19T02:41:03Z,firework.jpg,11125,16688,Adaptive_Median,3,20,dynamic,4,off,yes,unset,unset,hype2,12.2.0,-O3 -Wall -Wextra -std=c++17 -fopenmp -DOMP_EXPLICIT_SIMD=0 -fno-tree-vectorize,3073.838644,cae2b8384ddb6aac,passed
adaptive-simd_off-t20-dynamicx4-r3-control_smooth_6000x6000.png,2026-09-19T02:41:04Z,control_smooth_6000x6000.png,6000,6000,Adaptive_Median,3,20,dynamic,4,off,yes,unset,unset,hype2,12.2.0,-O3 -Wall -Wextra -std=c++17 -fopenmp -DOMP_EXPLICIT_SIMD=0 -fno-tree-vectorize,815.549293,596e3c6929662ab9,passed
adaptive-simd_off-t20-dynamicx4-r3-control_noise_6000x6000.png,2026-09-19T02:41:05Z,control_noise_6000x6000.png,6000,6000,Adaptive_Median,3,20,dynamic,4,off,yes,unset,unset,hype2,12.2.0,-O3 -Wall -Wextra -std=c++17 -fopenmp -DOMP_EXPLICIT_SIMD=0 -fno-tree-vectorize,568.877528,fcb58a627e9d9740,passed
adaptive-simd_off-t20-dynamicx4-r3-control_half_noise_6000x6000.png,2026-09-19T02:41:07Z,control_half_noise_6000x6000.png,6000,6000,Adaptive_Median,3,20,dynamic,4,off,yes,unset,unset,hype2,12.2.0,-O3 -Wall -Wextra -std=c++17 -fopenmp -DOMP_EXPLICIT_SIMD=0 -fno-tree-vectorize,598.913295,9d92a48896bfc25a,passed
adaptive-simd_off-t20-dynamicx4-r3-control_bands_256_6000x6000.png,2026-09-19T02:41:08Z,control_bands_256_6000x6000.png,6000,6000,Adaptive_Median,3,20,dynamic,4,off,yes,unset,unset,hype2,12.2.0,-O3 -Wall -Wextra -std=c++17 -fopenmp -DOMP_EXPLICIT_SIMD=0 -fno-tree-vectorize,602.972711,8f9bc97f03d5aae1,passed
adaptive-simd_omp-t20-dynamicx4-r3-sky.jpg,2026-09-19T02:41:10Z,sky.jpg,6936,9248,Adaptive_Median,3,20,dynamic,4,omp,yes,unset,unset,hype2,12.2.0,-O3 -Wall -Wextra -std=c++17 -fopenmp -DOMP_EXPLICIT_SIMD=1,1088.056878,1e7ae9152e9643d5,passed
adaptive-simd_omp-t20-dynamicx4-r3-stars.jpg,2026-09-19T02:41:14Z,stars.jpg,12960,8640,Adaptive_Median,3,20,dynamic,4,omp,yes,unset,unset,hype2,12.2.0,-O3 -Wall -Wextra -std=c++17 -fopenmp -DOMP_EXPLICIT_SIMD=1,1691.414281,626f977055f1c658,passed
adaptive-simd_omp-t20-dynamicx4-r3-rain_paisage.jpg,2026-09-19T02:41:20Z,rain_paisage.jpg,12288,16320,Adaptive_Median,3,20,dynamic,4,omp,yes,unset,unset,hype2,12.2.0,-O3 -Wall -Wextra -std=c++17 -fopenmp -DOMP_EXPLICIT_SIMD=1,3233.847332,d0fdcd4b2e74abf3,passed
adaptive-simd_omp-t20-dynamicx4-r3-firework.jpg,2026-09-19T02:41:26Z,firework.jpg,11125,16688,Adaptive_Median,3,20,dynamic,4,omp,yes,unset,unset,hype2,12.2.0,-O3 -Wall -Wextra -std=c++17 -fopenmp -DOMP_EXPLICIT_SIMD=1,3123.446353,cae2b8384ddb6aac,passed
adaptive-simd_omp-t20-dynamicx4-r3-control_smooth_6000x6000.png,2026-09-19T02:41:28Z,control_smooth_6000x6000.png,6000,6000,Adaptive_Median,3,20,dynamic,4,omp,yes,unset,unset,hype2,12.2.0,-O3 -Wall -Wextra -std=c++17 -fopenmp -DOMP_EXPLICIT_SIMD=1,830.369027,596e3c6929662ab9,passed
adaptive-simd_omp-t20-dynamicx4-r3-control_noise_6000x6000.png,2026-09-19T02:41:29Z,control_noise_6000x6000.png,6000,6000,Adaptive_Median,3,20,dynamic,4,omp,yes,unset,unset,hype2,12.2.0,-O3 -Wall -Wextra -std=c++17 -fopenmp -DOMP_EXPLICIT_SIMD=1,580.667824,fcb58a627e9d9740,passed
adaptive-simd_omp-t20-dynamicx4-r3-control_half_noise_6000x6000.png,2026-09-19T02:41:30Z,control_half_noise_6000x6000.png,6000,6000,Adaptive_Median,3,20,dynamic,4,omp,yes,unset,unset,hype2,12.2.0,-O3 -Wall -Wextra -std=c++17 -fopenmp -DOMP_EXPLICIT_SIMD=1,615.439663,9d92a48896bfc25a,passed
adaptive-simd_omp-t20-dynamicx4-r3-control_bands_256_6000x6000.png,2026-09-19T02:41:31Z,control_bands_256_6000x6000.png,6000,6000,Adaptive_Median,3,20,dynamic,4,omp,yes,unset,unset,hype2,12.2.0,-O3 -Wall -Wextra -std=c++17 -fopenmp -DOMP_EXPLICIT_SIMD=1,619.581152,8f9bc97f03d5aae1,passed
adaptive-simd_off-t20-dynamicx16-r3-sky.jpg,2026-09-19T02:41:33Z,sky.jpg,6936,9248,Adaptive_Median,3,20,dynamic,16,off,yes,unset,unset,hype2,12.2.0,-O3 -Wall -Wextra -std=c++17 -fopenmp -DOMP_EXPLICIT_SIMD=0 -fno-tree-vectorize,1042.259508,1e7ae9152e9643d5,passed
adaptive-simd_off-t20-dynamicx16-r3-stars.jpg,2026-09-19T02:41:37Z,stars.jpg,12960,8640,Adaptive_Median,3,20,dynamic,16,off,yes,unset,unset,hype2,12.2.0,-O3 -Wall -Wextra -std=c++17 -fopenmp -DOMP_EXPLICIT_SIMD=0 -fno-tree-vectorize,1645.004031,626f977055f1c658,passed
adaptive-simd_off-t20-dynamicx16-r3-rain_paisage.jpg,2026-09-19T02:41:44Z,rain_paisage.jpg,12288,16320,Adaptive_Median,3,20,dynamic,16,off,yes,unset,unset,hype2,12.2.0,-O3 -Wall -Wextra -std=c++17 -fopenmp -DOMP_EXPLICIT_SIMD=0 -fno-tree-vectorize,3198.707376,d0fdcd4b2e74abf3,passed
adaptive-simd_off-t20-dynamicx16-r3-firework.jpg,2026-09-19T02:41:50Z,firework.jpg,11125,16688,Adaptive_Median,3,20,dynamic,16,off,yes,unset,unset,hype2,12.2.0,-O3 -Wall -Wextra -std=c++17 -fopenmp -DOMP_EXPLICIT_SIMD=0 -fno-tree-vectorize,3082.975397,cae2b8384ddb6aac,passed
adaptive-simd_off-t20-dynamicx16-r3-control_smooth_6000x6000.png,2026-09-19T02:41:51Z,control_smooth_6000x6000.png,6000,6000,Adaptive_Median,3,20,dynamic,16,off,yes,unset,unset,hype2,12.2.0,-O3 -Wall -Wextra -std=c++17 -fopenmp -DOMP_EXPLICIT_SIMD=0 -fno-tree-vectorize,823.626202,596e3c6929662ab9,passed
adaptive-simd_off-t20-dynamicx16-r3-control_noise_6000x6000.png,2026-09-19T02:41:52Z,control_noise_6000x6000.png,6000,6000,Adaptive_Median,3,20,dynamic,16,off,yes,unset,unset,hype2,12.2.0,-O3 -Wall -Wextra -std=c++17 -fopenmp -DOMP_EXPLICIT_SIMD=0 -fno-tree-vectorize,573.335269,fcb58a627e9d9740,passed
adaptive-simd_off-t20-dynamicx16-r3-control_half_noise_6000x6000.png,2026-09-19T02:41:54Z,control_half_noise_6000x6000.png,6000,6000,Adaptive_Median,3,20,dynamic,16,off,yes,unset,unset,hype2,12.2.0,-O3 -Wall -Wextra -std=c++17 -fopenmp -DOMP_EXPLICIT_SIMD=0 -fno-tree-vectorize,603.576756,9d92a48896bfc25a,passed
adaptive-simd_off-t20-dynamicx16-r3-control_bands_256_6000x6000.png,2026-09-19T02:41:55Z,control_bands_256_6000x6000.png,6000,6000,Adaptive_Median,3,20,dynamic,16,off,yes,unset,unset,hype2,12.2.0,-O3 -Wall -Wextra -std=c++17 -fopenmp -DOMP_EXPLICIT_SIMD=0 -fno-tree-vectorize,606.128926,8f9bc97f03d5aae1,passed
adaptive-simd_omp-t20-dynamicx16-r3-sky.jpg,2026-09-19T02:41:57Z,sky.jpg,6936,9248,Adaptive_Median,3,20,dynamic,16,omp,yes,unset,unset,hype2,12.2.0,-O3 -Wall -Wextra -std=c++17 -fopenmp -DOMP_EXPLICIT_SIMD=1,1075.944646,1e7ae9152e9643d5,passed
adaptive-simd_omp-t20-dynamicx16-r3-stars.jpg,2026-09-19T02:42:01Z,stars.jpg,12960,8640,Adaptive_Median,3,20,dynamic,16,omp,yes,unset,unset,hype2,12.2.0,-O3 -Wall -Wextra -std=c++17 -fopenmp -DOMP_EXPLICIT_SIMD=1,1709.359879,626f977055f1c658,passed
adaptive-simd_omp-t20-dynamicx16-r3-rain_paisage.jpg,2026-09-19T02:42:08Z,rain_paisage.jpg,12288,16320,Adaptive_Median,3,20,dynamic,16,omp,yes,unset,unset,hype2,12.2.0,-O3 -Wall -Wextra -std=c++17 -fopenmp -DOMP_EXPLICIT_SIMD=1,3246.886816,d0fdcd4b2e74abf3,passed
adaptive-simd_omp-t20-dynamicx16-r3-firework.jpg,2026-09-19T02:42:14Z,firework.jpg,11125,16688,Adaptive_Median,3,20,dynamic,16,omp,yes,unset,unset,hype2,12.2.0,-O3 -Wall -Wextra -std=c++17 -fopenmp -DOMP_EXPLICIT_SIMD=1,3149.289703,cae2b8384ddb6aac,passed
adaptive-simd_omp-t20-dynamicx16-r3-control_smooth_6000x6000.png,2026-09-19T02:42:15Z,control_smooth_6000x6000.png,6000,6000,Adaptive_Median,3,20,dynamic,16,omp,yes,unset,unset,hype2,12.2.0,-O3 -Wall -Wextra -std=c++17 -fopenmp -DOMP_EXPLICIT_SIMD=1,846.671399,596e3c6929662ab9,passed
adaptive-simd_omp-t20-dynamicx16-r3-control_noise_6000x6000.png,2026-09-19T02:42:16Z,control_noise_6000x6000.png,6000,6000,Adaptive_Median,3,20,dynamic,16,omp,yes,unset,unset,hype2,12.2.0,-O3 -Wall -Wextra -std=c++17 -fopenmp -DOMP_EXPLICIT_SIMD=1,587.915388,fcb58a627e9d9740,passed
adaptive-simd_omp-t20-dynamicx16-r3-control_half_noise_6000x6000.png,2026-09-19T02:42:17Z,control_half_noise_6000x6000.png,6000,6000,Adaptive_Median,3,20,dynamic,16,omp,yes,unset,unset,hype2,12.2.0,-O3 -Wall -Wextra -std=c++17 -fopenmp -DOMP_EXPLICIT_SIMD=1,619.576217,9d92a48896bfc25a,passed
adaptive-simd_omp-t20-dynamicx16-r3-control_bands_256_6000x6000.png,2026-09-19T02:42:19Z,control_bands_256_6000x6000.png,6000,6000,Adaptive_Median,3,20,dynamic,16,omp,yes,unset,unset,hype2,12.2.0,-O3 -Wall -Wextra -std=c++17 -fopenmp -DOMP_EXPLICIT_SIMD=1,621.447590,8f9bc97f03d5aae1,passed
adaptive-simd_off-t20-dynamicx64-r3-sky.jpg,2026-09-19T02:42:21Z,sky.jpg,6936,9248,Adaptive_Median,3,20,dynamic,64,off,yes,unset,unset,hype2,12.2.0,-O3 -Wall -Wextra -std=c++17 -fopenmp -DOMP_EXPLICIT_SIMD=0 -fno-tree-vectorize,1129.180144,1e7ae9152e9643d5,passed
adaptive-simd_off-t20-dynamicx64-r3-stars.jpg,2026-09-19T02:42:25Z,stars.jpg,12960,8640,Adaptive_Median,3,20,dynamic,64,off,yes,unset,unset,hype2,12.2.0,-O3 -Wall -Wextra -std=c++17 -fopenmp -DOMP_EXPLICIT_SIMD=0 -fno-tree-vectorize,1709.884405,626f977055f1c658,passed
adaptive-simd_off-t20-dynamicx64-r3-rain_paisage.jpg,2026-09-19T02:42:31Z,rain_paisage.jpg,12288,16320,Adaptive_Median,3,20,dynamic,64,off,yes,unset,unset,hype2,12.2.0,-O3 -Wall -Wextra -std=c++17 -fopenmp -DOMP_EXPLICIT_SIMD=0 -fno-tree-vectorize,3215.455138,d0fdcd4b2e74abf3,passed
adaptive-simd_off-t20-dynamicx64-r3-firework.jpg,2026-09-19T02:42:37Z,firework.jpg,11125,16688,Adaptive_Median,3,20,dynamic,64,off,yes,unset,unset,hype2,12.2.0,-O3 -Wall -Wextra -std=c++17 -fopenmp -DOMP_EXPLICIT_SIMD=0 -fno-tree-vectorize,3138.374711,cae2b8384ddb6aac,passed
adaptive-simd_off-t20-dynamicx64-r3-control_smooth_6000x6000.png,2026-09-19T02:42:39Z,control_smooth_6000x6000.png,6000,6000,Adaptive_Median,3,20,dynamic,64,off,yes,unset,unset,hype2,12.2.0,-O3 -Wall -Wextra -std=c++17 -fopenmp -DOMP_EXPLICIT_SIMD=0 -fno-tree-vectorize,859.660593,596e3c6929662ab9,passed
adaptive-simd_off-t20-dynamicx64-r3-control_noise_6000x6000.png,2026-09-19T02:42:40Z,control_noise_6000x6000.png,6000,6000,Adaptive_Median,3,20,dynamic,64,off,yes,unset,unset,hype2,12.2.0,-O3 -Wall -Wextra -std=c++17 -fopenmp -DOMP_EXPLICIT_SIMD=0 -fno-tree-vectorize,600.061466,fcb58a627e9d9740,passed
adaptive-simd_off-t20-dynamicx64-r3-control_half_noise_6000x6000.png,2026-09-19T02:42:41Z,control_half_noise_6000x6000.png,6000,6000,Adaptive_Median,3,20,dynamic,64,off,yes,unset,unset,hype2,12.2.0,-O3 -Wall -Wextra -std=c++17 -fopenmp -DOMP_EXPLICIT_SIMD=0 -fno-tree-vectorize,707.439955,9d92a48896bfc25a,passed
adaptive-simd_off-t20-dynamicx64-r3-control_bands_256_6000x6000.png,2026-09-19T02:42:43Z,control_bands_256_6000x6000.png,6000,6000,Adaptive_Median,3,20,dynamic,64,off,yes,unset,unset,hype2,12.2.0,-O3 -Wall -Wextra -std=c++17 -fopenmp -DOMP_EXPLICIT_SIMD=0 -fno-tree-vectorize,659.026020,8f9bc97f03d5aae1,passed
adaptive-simd_omp-t20-dynamicx64-r3-sky.jpg,2026-09-19T02:42:45Z,sky.jpg,6936,9248,Adaptive_Median,3,20,dynamic,64,omp,yes,unset,unset,hype2,12.2.0,-O3 -Wall -Wextra -std=c++17 -fopenmp -DOMP_EXPLICIT_SIMD=1,1157.891303,1e7ae9152e9643d5,passed
adaptive-simd_omp-t20-dynamicx64-r3-stars.jpg,2026-09-19T02:42:49Z,stars.jpg,12960,8640,Adaptive_Median,3,20,dynamic,64,omp,yes,unset,unset,hype2,12.2.0,-O3 -Wall -Wextra -std=c++17 -fopenmp -DOMP_EXPLICIT_SIMD=1,1755.036950,626f977055f1c658,passed
adaptive-simd_omp-t20-dynamicx64-r3-rain_paisage.jpg,2026-09-19T02:42:55Z,rain_paisage.jpg,12288,16320,Adaptive_Median,3,20,dynamic,64,omp,yes,unset,unset,hype2,12.2.0,-O3 -Wall -Wextra -std=c++17 -fopenmp -DOMP_EXPLICIT_SIMD=1,3278.548245,d0fdcd4b2e74abf3,passed
adaptive-simd_omp-t20-dynamicx64-r3-firework.jpg,2026-09-19T02:43:01Z,firework.jpg,11125,16688,Adaptive_Median,3,20,dynamic,64,omp,yes,unset,unset,hype2,12.2.0,-O3 -Wall -Wextra -std=c++17 -fopenmp -DOMP_EXPLICIT_SIMD=1,3206.020710,cae2b8384ddb6aac,passed
adaptive-simd_omp-t20-dynamicx64-r3-control_smooth_6000x6000.png,2026-09-19T02:43:03Z,control_smooth_6000x6000.png,6000,6000,Adaptive_Median,3,20,dynamic,64,omp,yes,unset,unset,hype2,12.2.0,-O3 -Wall -Wextra -std=c++17 -fopenmp -DOMP_EXPLICIT_SIMD=1,876.499290,596e3c6929662ab9,passed
adaptive-simd_omp-t20-dynamicx64-r3-control_noise_6000x6000.png,2026-09-19T02:43:04Z,control_noise_6000x6000.png,6000,6000,Adaptive_Median,3,20,dynamic,64,omp,yes,unset,unset,hype2,12.2.0,-O3 -Wall -Wextra -std=c++17 -fopenmp -DOMP_EXPLICIT_SIMD=1,613.884889,fcb58a627e9d9740,passed
adaptive-simd_omp-t20-dynamicx64-r3-control_half_noise_6000x6000.png,2026-09-19T02:43:05Z,control_half_noise_6000x6000.png,6000,6000,Adaptive_Median,3,20,dynamic,64,omp,yes,unset,unset,hype2,12.2.0,-O3 -Wall -Wextra -std=c++17 -fopenmp -DOMP_EXPLICIT_SIMD=1,641.519626,9d92a48896bfc25a,passed
adaptive-simd_omp-t20-dynamicx64-r3-control_bands_256_6000x6000.png,2026-09-19T02:43:07Z,control_bands_256_6000x6000.png,6000,6000,Adaptive_Median,3,20,dynamic,64,omp,yes,unset,unset,hype2,12.2.0,-O3 -Wall -Wextra -std=c++17 -fopenmp -DOMP_EXPLICIT_SIMD=1,673.680529,8f9bc97f03d5aae1,passed
adaptive-simd_off-t20-dynamicx256-r3-sky.jpg,2026-09-19T02:43:09Z,sky.jpg,6936,9248,Adaptive_Median,3,20,dynamic,256,off,yes,unset,unset,hype2,12.2.0,-O3 -Wall -Wextra -std=c++17 -fopenmp -DOMP_EXPLICIT_SIMD=0 -fno-tree-vectorize,1190.427916,1e7ae9152e9643d5,passed
adaptive-simd_off-t20-dynamicx256-r3-stars.jpg,2026-09-19T02:43:13Z,stars.jpg,12960,8640,Adaptive_Median,3,20,dynamic,256,off,yes,unset,unset,hype2,12.2.0,-O3 -Wall -Wextra -std=c++17 -fopenmp -DOMP_EXPLICIT_SIMD=0 -fno-tree-vectorize,1982.563799,626f977055f1c658,passed
adaptive-simd_off-t20-dynamicx256-r3-rain_paisage.jpg,2026-09-19T02:43:20Z,rain_paisage.jpg,12288,16320,Adaptive_Median,3,20,dynamic,256,off,yes,unset,unset,hype2,12.2.0,-O3 -Wall -Wextra -std=c++17 -fopenmp -DOMP_EXPLICIT_SIMD=0 -fno-tree-vectorize,3550.340749,d0fdcd4b2e74abf3,passed
adaptive-simd_off-t20-dynamicx256-r3-firework.jpg,2026-09-19T02:43:26Z,firework.jpg,11125,16688,Adaptive_Median,3,20,dynamic,256,off,yes,unset,unset,hype2,12.2.0,-O3 -Wall -Wextra -std=c++17 -fopenmp -DOMP_EXPLICIT_SIMD=0 -fno-tree-vectorize,3618.884816,cae2b8384ddb6aac,passed
adaptive-simd_off-t20-dynamicx256-r3-control_smooth_6000x6000.png,2026-09-19T02:43:28Z,control_smooth_6000x6000.png,6000,6000,Adaptive_Median,3,20,dynamic,256,off,yes,unset,unset,hype2,12.2.0,-O3 -Wall -Wextra -std=c++17 -fopenmp -DOMP_EXPLICIT_SIMD=0 -fno-tree-vectorize,1270.733212,596e3c6929662ab9,passed
adaptive-simd_off-t20-dynamicx256-r3-control_noise_6000x6000.png,2026-09-19T02:43:30Z,control_noise_6000x6000.png,6000,6000,Adaptive_Median,3,20,dynamic,256,off,yes,unset,unset,hype2,12.2.0,-O3 -Wall -Wextra -std=c++17 -fopenmp -DOMP_EXPLICIT_SIMD=0 -fno-tree-vectorize,916.538685,fcb58a627e9d9740,passed
adaptive-simd_off-t20-dynamicx256-r3-control_half_noise_6000x6000.png,2026-09-19T02:43:31Z,control_half_noise_6000x6000.png,6000,6000,Adaptive_Median,3,20,dynamic,256,off,yes,unset,unset,hype2,12.2.0,-O3 -Wall -Wextra -std=c++17 -fopenmp -DOMP_EXPLICIT_SIMD=0 -fno-tree-vectorize,847.581614,9d92a48896bfc25a,passed
adaptive-simd_off-t20-dynamicx256-r3-control_bands_256_6000x6000.png,2026-09-19T02:43:33Z,control_bands_256_6000x6000.png,6000,6000,Adaptive_Median,3,20,dynamic,256,off,yes,unset,unset,hype2,12.2.0,-O3 -Wall -Wextra -std=c++17 -fopenmp -DOMP_EXPLICIT_SIMD=0 -fno-tree-vectorize,940.673387,8f9bc97f03d5aae1,passed
adaptive-simd_omp-t20-dynamicx256-r3-sky.jpg,2026-09-19T02:43:35Z,sky.jpg,6936,9248,Adaptive_Median,3,20,dynamic,256,omp,yes,unset,unset,hype2,12.2.0,-O3 -Wall -Wextra -std=c++17 -fopenmp -DOMP_EXPLICIT_SIMD=1,1221.198070,1e7ae9152e9643d5,passed
adaptive-simd_omp-t20-dynamicx256-r3-stars.jpg,2026-09-19T02:43:39Z,stars.jpg,12960,8640,Adaptive_Median,3,20,dynamic,256,omp,yes,unset,unset,hype2,12.2.0,-O3 -Wall -Wextra -std=c++17 -fopenmp -DOMP_EXPLICIT_SIMD=1,2054.602299,626f977055f1c658,passed
adaptive-simd_omp-t20-dynamicx256-r3-rain_paisage.jpg,2026-09-19T02:43:46Z,rain_paisage.jpg,12288,16320,Adaptive_Median,3,20,dynamic,256,omp,yes,unset,unset,hype2,12.2.0,-O3 -Wall -Wextra -std=c++17 -fopenmp -DOMP_EXPLICIT_SIMD=1,3658.070635,d0fdcd4b2e74abf3,passed
adaptive-simd_omp-t20-dynamicx256-r3-firework.jpg,2026-09-19T02:43:53Z,firework.jpg,11125,16688,Adaptive_Median,3,20,dynamic,256,omp,yes,unset,unset,hype2,12.2.0,-O3 -Wall -Wextra -std=c++17 -fopenmp -DOMP_EXPLICIT_SIMD=1,3702.334977,cae2b8384ddb6aac,passed
adaptive-simd_omp-t20-dynamicx256-r3-control_smooth_6000x6000.png,2026-09-19T02:43:55Z,control_smooth_6000x6000.png,6000,6000,Adaptive_Median,3,20,dynamic,256,omp,yes,unset,unset,hype2,12.2.0,-O3 -Wall -Wextra -std=c++17 -fopenmp -DOMP_EXPLICIT_SIMD=1,1296.913871,596e3c6929662ab9,passed
adaptive-simd_omp-t20-dynamicx256-r3-control_noise_6000x6000.png,2026-09-19T02:43:56Z,control_noise_6000x6000.png,6000,6000,Adaptive_Median,3,20,dynamic,256,omp,yes,unset,unset,hype2,12.2.0,-O3 -Wall -Wextra -std=c++17 -fopenmp -DOMP_EXPLICIT_SIMD=1,929.357475,fcb58a627e9d9740,passed
adaptive-simd_omp-t20-dynamicx256-r3-control_half_noise_6000x6000.png,2026-09-19T02:43:58Z,control_half_noise_6000x6000.png,6000,6000,Adaptive_Median,3,20,dynamic,256,omp,yes,unset,unset,hype2,12.2.0,-O3 -Wall -Wextra -std=c++17 -fopenmp -DOMP_EXPLICIT_SIMD=1,848.588156,9d92a48896bfc25a,passed
adaptive-simd_omp-t20-dynamicx256-r3-control_bands_256_6000x6000.png,2026-09-19T02:43:59Z,control_bands_256_6000x6000.png,6000,6000,Adaptive_Median,3,20,dynamic,256,omp,yes,unset,unset,hype2,12.2.0,-O3 -Wall -Wextra -std=c++17 -fopenmp -DOMP_EXPLICIT_SIMD=1,964.118074,8f9bc97f03d5aae1,passed
adaptive-simd_off-t20-static-r3-sky.jpg,2026-09-19T02:44:01Z,sky.jpg,6936,9248,Adaptive_Median,3,20,static,,off,yes,unset,unset,hype2,12.2.0,-O3 -Wall -Wextra -std=c++17 -fopenmp -DOMP_EXPLICIT_SIMD=0 -fno-tree-vectorize,1104.712310,1e7ae9152e9643d5,passed
adaptive-simd_off-t20-static-r3-stars.jpg,2026-09-19T02:44:05Z,stars.jpg,12960,8640,Adaptive_Median,3,20,static,,off,yes,unset,unset,hype2,12.2.0,-O3 -Wall -Wextra -std=c++17 -fopenmp -DOMP_EXPLICIT_SIMD=0 -fno-tree-vectorize,1777.950555,626f977055f1c658,passed
adaptive-simd_off-t20-static-r3-rain_paisage.jpg,2026-09-19T02:44:13Z,rain_paisage.jpg,12288,16320,Adaptive_Median,3,20,static,,off,yes,unset,unset,hype2,12.2.0,-O3 -Wall -Wextra -std=c++17 -fopenmp -DOMP_EXPLICIT_SIMD=0 -fno-tree-vectorize,4312.319014,d0fdcd4b2e74abf3,passed
adaptive-simd_off-t20-static-r3-firework.jpg,2026-09-19T02:44:20Z,firework.jpg,11125,16688,Adaptive_Median,3,20,static,,off,yes,unset,unset,hype2,12.2.0,-O3 -Wall -Wextra -std=c++17 -fopenmp -DOMP_EXPLICIT_SIMD=0 -fno-tree-vectorize,3950.519038,cae2b8384ddb6aac,passed
adaptive-simd_off-t20-static-r3-control_smooth_6000x6000.png,2026-09-19T02:44:21Z,control_smooth_6000x6000.png,6000,6000,Adaptive_Median,3,20,static,,off,yes,unset,unset,hype2,12.2.0,-O3 -Wall -Wextra -std=c++17 -fopenmp -DOMP_EXPLICIT_SIMD=0 -fno-tree-vectorize,811.603369,596e3c6929662ab9,passed
adaptive-simd_off-t20-static-r3-control_noise_6000x6000.png,2026-09-19T02:44:22Z,control_noise_6000x6000.png,6000,6000,Adaptive_Median,3,20,static,,off,yes,unset,unset,hype2,12.2.0,-O3 -Wall -Wextra -std=c++17 -fopenmp -DOMP_EXPLICIT_SIMD=0 -fno-tree-vectorize,565.164239,fcb58a627e9d9740,passed
adaptive-simd_off-t20-static-r3-control_half_noise_6000x6000.png,2026-09-19T02:44:24Z,control_half_noise_6000x6000.png,6000,6000,Adaptive_Median,3,20,static,,off,yes,unset,unset,hype2,12.2.0,-O3 -Wall -Wextra -std=c++17 -fopenmp -DOMP_EXPLICIT_SIMD=0 -fno-tree-vectorize,803.490029,9d92a48896bfc25a,passed
adaptive-simd_off-t20-static-r3-control_bands_256_6000x6000.png,2026-09-19T02:44:25Z,control_bands_256_6000x6000.png,6000,6000,Adaptive_Median,3,20,static,,off,yes,unset,unset,hype2,12.2.0,-O3 -Wall -Wextra -std=c++17 -fopenmp -DOMP_EXPLICIT_SIMD=0 -fno-tree-vectorize,726.927247,8f9bc97f03d5aae1,passed
adaptive-simd_omp-t20-static-r3-sky.jpg,2026-09-19T02:44:28Z,sky.jpg,6936,9248,Adaptive_Median,3,20,static,,omp,yes,unset,unset,hype2,12.2.0,-O3 -Wall -Wextra -std=c++17 -fopenmp -DOMP_EXPLICIT_SIMD=1,1130.585187,1e7ae9152e9643d5,passed
adaptive-simd_omp-t20-static-r3-stars.jpg,2026-09-19T02:44:32Z,stars.jpg,12960,8640,Adaptive_Median,3,20,static,,omp,yes,unset,unset,hype2,12.2.0,-O3 -Wall -Wextra -std=c++17 -fopenmp -DOMP_EXPLICIT_SIMD=1,1821.242986,626f977055f1c658,passed
adaptive-simd_omp-t20-static-r3-rain_paisage.jpg,2026-09-19T02:44:39Z,rain_paisage.jpg,12288,16320,Adaptive_Median,3,20,static,,omp,yes,unset,unset,hype2,12.2.0,-O3 -Wall -Wextra -std=c++17 -fopenmp -DOMP_EXPLICIT_SIMD=1,4376.890011,d0fdcd4b2e74abf3,passed
adaptive-simd_omp-t20-static-r3-firework.jpg,2026-09-19T02:44:47Z,firework.jpg,11125,16688,Adaptive_Median,3,20,static,,omp,yes,unset,unset,hype2,12.2.0,-O3 -Wall -Wextra -std=c++17 -fopenmp -DOMP_EXPLICIT_SIMD=1,4467.922180,cae2b8384ddb6aac,passed
adaptive-simd_omp-t20-static-r3-control_smooth_6000x6000.png,2026-09-19T02:44:48Z,control_smooth_6000x6000.png,6000,6000,Adaptive_Median,3,20,static,,omp,yes,unset,unset,hype2,12.2.0,-O3 -Wall -Wextra -std=c++17 -fopenmp -DOMP_EXPLICIT_SIMD=1,828.076093,596e3c6929662ab9,passed
adaptive-simd_omp-t20-static-r3-control_noise_6000x6000.png,2026-09-19T02:44:49Z,control_noise_6000x6000.png,6000,6000,Adaptive_Median,3,20,static,,omp,yes,unset,unset,hype2,12.2.0,-O3 -Wall -Wextra -std=c++17 -fopenmp -DOMP_EXPLICIT_SIMD=1,578.036050,fcb58a627e9d9740,passed
adaptive-simd_omp-t20-static-r3-control_half_noise_6000x6000.png,2026-09-19T02:44:50Z,control_half_noise_6000x6000.png,6000,6000,Adaptive_Median,3,20,static,,omp,yes,unset,unset,hype2,12.2.0,-O3 -Wall -Wextra -std=c++17 -fopenmp -DOMP_EXPLICIT_SIMD=1,815.770604,9d92a48896bfc25a,passed
adaptive-simd_omp-t20-static-r3-control_bands_256_6000x6000.png,2026-09-19T02:44:52Z,control_bands_256_6000x6000.png,6000,6000,Adaptive_Median,3,20,static,,omp,yes,unset,unset,hype2,12.2.0,-O3 -Wall -Wextra -std=c++17 -fopenmp -DOMP_EXPLICIT_SIMD=1,743.215100,8f9bc97f03d5aae1,passed
adaptive-simd_omp-t20-dynamicx1-r4-sky.jpg,2026-09-19T02:44:54Z,sky.jpg,6936,9248,Adaptive_Median,4,20,dynamic,1,omp,yes,unset,unset,hype2,12.2.0,-O3 -Wall -Wextra -std=c++17 -fopenmp -DOMP_EXPLICIT_SIMD=1,1067.418523,1e7ae9152e9643d5,passed
adaptive-simd_omp-t20-dynamicx1-r4-stars.jpg,2026-09-19T02:44:58Z,stars.jpg,12960,8640,Adaptive_Median,4,20,dynamic,1,omp,yes,unset,unset,hype2,12.2.0,-O3 -Wall -Wextra -std=c++17 -fopenmp -DOMP_EXPLICIT_SIMD=1,1689.710789,626f977055f1c658,passed
adaptive-simd_omp-t20-dynamicx1-r4-rain_paisage.jpg,2026-09-19T02:45:04Z,rain_paisage.jpg,12288,16320,Adaptive_Median,4,20,dynamic,1,omp,yes,unset,unset,hype2,12.2.0,-O3 -Wall -Wextra -std=c++17 -fopenmp -DOMP_EXPLICIT_SIMD=1,3231.428073,d0fdcd4b2e74abf3,passed
adaptive-simd_omp-t20-dynamicx1-r4-firework.jpg,2026-09-19T02:45:10Z,firework.jpg,11125,16688,Adaptive_Median,4,20,dynamic,1,omp,yes,unset,unset,hype2,12.2.0,-O3 -Wall -Wextra -std=c++17 -fopenmp -DOMP_EXPLICIT_SIMD=1,3126.684812,cae2b8384ddb6aac,passed
adaptive-simd_omp-t20-dynamicx1-r4-control_smooth_6000x6000.png,2026-09-19T02:45:12Z,control_smooth_6000x6000.png,6000,6000,Adaptive_Median,4,20,dynamic,1,omp,yes,unset,unset,hype2,12.2.0,-O3 -Wall -Wextra -std=c++17 -fopenmp -DOMP_EXPLICIT_SIMD=1,831.030447,596e3c6929662ab9,passed
adaptive-simd_omp-t20-dynamicx1-r4-control_noise_6000x6000.png,2026-09-19T02:45:13Z,control_noise_6000x6000.png,6000,6000,Adaptive_Median,4,20,dynamic,1,omp,yes,unset,unset,hype2,12.2.0,-O3 -Wall -Wextra -std=c++17 -fopenmp -DOMP_EXPLICIT_SIMD=1,588.929369,fcb58a627e9d9740,passed
adaptive-simd_omp-t20-dynamicx1-r4-control_half_noise_6000x6000.png,2026-09-19T02:45:14Z,control_half_noise_6000x6000.png,6000,6000,Adaptive_Median,4,20,dynamic,1,omp,yes,unset,unset,hype2,12.2.0,-O3 -Wall -Wextra -std=c++17 -fopenmp -DOMP_EXPLICIT_SIMD=1,619.966346,9d92a48896bfc25a,passed
adaptive-simd_omp-t20-dynamicx1-r4-control_bands_256_6000x6000.png,2026-09-19T02:45:15Z,control_bands_256_6000x6000.png,6000,6000,Adaptive_Median,4,20,dynamic,1,omp,yes,unset,unset,hype2,12.2.0,-O3 -Wall -Wextra -std=c++17 -fopenmp -DOMP_EXPLICIT_SIMD=1,617.349948,8f9bc97f03d5aae1,passed
adaptive-simd_off-t20-dynamicx4-r4-sky.jpg,2026-09-19T02:45:18Z,sky.jpg,6936,9248,Adaptive_Median,4,20,dynamic,4,off,yes,unset,unset,hype2,12.2.0,-O3 -Wall -Wextra -std=c++17 -fopenmp -DOMP_EXPLICIT_SIMD=0 -fno-tree-vectorize,1042.334279,1e7ae9152e9643d5,passed
adaptive-simd_off-t20-dynamicx4-r4-stars.jpg,2026-09-19T02:45:21Z,stars.jpg,12960,8640,Adaptive_Median,4,20,dynamic,4,off,yes,unset,unset,hype2,12.2.0,-O3 -Wall -Wextra -std=c++17 -fopenmp -DOMP_EXPLICIT_SIMD=0 -fno-tree-vectorize,1646.248592,626f977055f1c658,passed
adaptive-simd_off-t20-dynamicx4-r4-rain_paisage.jpg,2026-09-19T02:45:28Z,rain_paisage.jpg,12288,16320,Adaptive_Median,4,20,dynamic,4,off,yes,unset,unset,hype2,12.2.0,-O3 -Wall -Wextra -std=c++17 -fopenmp -DOMP_EXPLICIT_SIMD=0 -fno-tree-vectorize,3168.113947,d0fdcd4b2e74abf3,passed
adaptive-simd_off-t20-dynamicx4-r4-firework.jpg,2026-09-19T02:45:34Z,firework.jpg,11125,16688,Adaptive_Median,4,20,dynamic,4,off,yes,unset,unset,hype2,12.2.0,-O3 -Wall -Wextra -std=c++17 -fopenmp -DOMP_EXPLICIT_SIMD=0 -fno-tree-vectorize,3055.513837,cae2b8384ddb6aac,passed
adaptive-simd_off-t20-dynamicx4-r4-control_smooth_6000x6000.png,2026-09-19T02:45:35Z,control_smooth_6000x6000.png,6000,6000,Adaptive_Median,4,20,dynamic,4,off,yes,unset,unset,hype2,12.2.0,-O3 -Wall -Wextra -std=c++17 -fopenmp -DOMP_EXPLICIT_SIMD=0 -fno-tree-vectorize,815.859792,596e3c6929662ab9,passed
adaptive-simd_off-t20-dynamicx4-r4-control_noise_6000x6000.png,2026-09-19T02:45:36Z,control_noise_6000x6000.png,6000,6000,Adaptive_Median,4,20,dynamic,4,off,yes,unset,unset,hype2,12.2.0,-O3 -Wall -Wextra -std=c++17 -fopenmp -DOMP_EXPLICIT_SIMD=0 -fno-tree-vectorize,568.258705,fcb58a627e9d9740,passed
adaptive-simd_off-t20-dynamicx4-r4-control_half_noise_6000x6000.png,2026-09-19T02:45:37Z,control_half_noise_6000x6000.png,6000,6000,Adaptive_Median,4,20,dynamic,4,off,yes,unset,unset,hype2,12.2.0,-O3 -Wall -Wextra -std=c++17 -fopenmp -DOMP_EXPLICIT_SIMD=0 -fno-tree-vectorize,599.135454,9d92a48896bfc25a,passed
adaptive-simd_off-t20-dynamicx4-r4-control_bands_256_6000x6000.png,2026-09-19T02:45:39Z,control_bands_256_6000x6000.png,6000,6000,Adaptive_Median,4,20,dynamic,4,off,yes,unset,unset,hype2,12.2.0,-O3 -Wall -Wextra -std=c++17 -fopenmp -DOMP_EXPLICIT_SIMD=0 -fno-tree-vectorize,602.248000,8f9bc97f03d5aae1,passed
adaptive-simd_omp-t20-dynamicx4-r4-sky.jpg,2026-09-19T02:45:41Z,sky.jpg,6936,9248,Adaptive_Median,4,20,dynamic,4,omp,yes,unset,unset,hype2,12.2.0,-O3 -Wall -Wextra -std=c++17 -fopenmp -DOMP_EXPLICIT_SIMD=1,1068.885837,1e7ae9152e9643d5,passed
adaptive-simd_omp-t20-dynamicx4-r4-stars.jpg,2026-09-19T02:45:45Z,stars.jpg,12960,8640,Adaptive_Median,4,20,dynamic,4,omp,yes,unset,unset,hype2,12.2.0,-O3 -Wall -Wextra -std=c++17 -fopenmp -DOMP_EXPLICIT_SIMD=1,1756.274735,626f977055f1c658,passed
adaptive-simd_omp-t20-dynamicx4-r4-rain_paisage.jpg,2026-09-19T02:45:51Z,rain_paisage.jpg,12288,16320,Adaptive_Median,4,20,dynamic,4,omp,yes,unset,unset,hype2,12.2.0,-O3 -Wall -Wextra -std=c++17 -fopenmp -DOMP_EXPLICIT_SIMD=1,3234.061793,d0fdcd4b2e74abf3,passed
adaptive-simd_omp-t20-dynamicx4-r4-firework.jpg,2026-09-19T02:45:57Z,firework.jpg,11125,16688,Adaptive_Median,4,20,dynamic,4,omp,yes,unset,unset,hype2,12.2.0,-O3 -Wall -Wextra -std=c++17 -fopenmp -DOMP_EXPLICIT_SIMD=1,3121.965411,cae2b8384ddb6aac,passed
adaptive-simd_omp-t20-dynamicx4-r4-control_smooth_6000x6000.png,2026-09-19T02:45:59Z,control_smooth_6000x6000.png,6000,6000,Adaptive_Median,4,20,dynamic,4,omp,yes,unset,unset,hype2,12.2.0,-O3 -Wall -Wextra -std=c++17 -fopenmp -DOMP_EXPLICIT_SIMD=1,843.745670,596e3c6929662ab9,passed
adaptive-simd_omp-t20-dynamicx4-r4-control_noise_6000x6000.png,2026-09-19T02:46:00Z,control_noise_6000x6000.png,6000,6000,Adaptive_Median,4,20,dynamic,4,omp,yes,unset,unset,hype2,12.2.0,-O3 -Wall -Wextra -std=c++17 -fopenmp -DOMP_EXPLICIT_SIMD=1,581.682765,fcb58a627e9d9740,passed
adaptive-simd_omp-t20-dynamicx4-r4-control_half_noise_6000x6000.png,2026-09-19T02:46:01Z,control_half_noise_6000x6000.png,6000,6000,Adaptive_Median,4,20,dynamic,4,omp,yes,unset,unset,hype2,12.2.0,-O3 -Wall -Wextra -std=c++17 -fopenmp -DOMP_EXPLICIT_SIMD=1,613.838447,9d92a48896bfc25a,passed
adaptive-simd_omp-t20-dynamicx4-r4-control_bands_256_6000x6000.png,2026-09-19T02:46:03Z,control_bands_256_6000x6000.png,6000,6000,Adaptive_Median,4,20,dynamic,4,omp,yes,unset,unset,hype2,12.2.0,-O3 -Wall -Wextra -std=c++17 -fopenmp -DOMP_EXPLICIT_SIMD=1,617.521387,8f9bc97f03d5aae1,passed
adaptive-simd_off-t20-dynamicx16-r4-sky.jpg,2026-09-19T02:46:05Z,sky.jpg,6936,9248,Adaptive_Median,4,20,dynamic,16,off,yes,unset,unset,hype2,12.2.0,-O3 -Wall -Wextra -std=c++17 -fopenmp -DOMP_EXPLICIT_SIMD=0 -fno-tree-vectorize,1048.514848,1e7ae9152e9643d5,passed
adaptive-simd_off-t20-dynamicx16-r4-stars.jpg,2026-09-19T02:46:08Z,stars.jpg,12960,8640,Adaptive_Median,4,20,dynamic,16,off,yes,unset,unset,hype2,12.2.0,-O3 -Wall -Wextra -std=c++17 -fopenmp -DOMP_EXPLICIT_SIMD=0 -fno-tree-vectorize,1669.115012,626f977055f1c658,passed
adaptive-simd_off-t20-dynamicx16-r4-rain_paisage.jpg,2026-09-19T02:46:15Z,rain_paisage.jpg,12288,16320,Adaptive_Median,4,20,dynamic,16,off,yes,unset,unset,hype2,12.2.0,-O3 -Wall -Wextra -std=c++17 -fopenmp -DOMP_EXPLICIT_SIMD=0 -fno-tree-vectorize,3207.004499,d0fdcd4b2e74abf3,passed
adaptive-simd_off-t20-dynamicx16-r4-firework.jpg,2026-09-19T02:46:21Z,firework.jpg,11125,16688,Adaptive_Median,4,20,dynamic,16,off,yes,unset,unset,hype2,12.2.0,-O3 -Wall -Wextra -std=c++17 -fopenmp -DOMP_EXPLICIT_SIMD=0 -fno-tree-vectorize,3083.220208,cae2b8384ddb6aac,passed
adaptive-simd_off-t20-dynamicx16-r4-control_smooth_6000x6000.png,2026-09-19T02:46:22Z,control_smooth_6000x6000.png,6000,6000,Adaptive_Median,4,20,dynamic,16,off,yes,unset,unset,hype2,12.2.0,-O3 -Wall -Wextra -std=c++17 -fopenmp -DOMP_EXPLICIT_SIMD=0 -fno-tree-vectorize,823.369962,596e3c6929662ab9,passed
adaptive-simd_off-t20-dynamicx16-r4-control_noise_6000x6000.png,2026-09-19T02:46:23Z,control_noise_6000x6000.png,6000,6000,Adaptive_Median,4,20,dynamic,16,off,yes,unset,unset,hype2,12.2.0,-O3 -Wall -Wextra -std=c++17 -fopenmp -DOMP_EXPLICIT_SIMD=0 -fno-tree-vectorize,574.260019,fcb58a627e9d9740,passed
adaptive-simd_off-t20-dynamicx16-r4-control_half_noise_6000x6000.png,2026-09-19T02:46:25Z,control_half_noise_6000x6000.png,6000,6000,Adaptive_Median,4,20,dynamic,16,off,yes,unset,unset,hype2,12.2.0,-O3 -Wall -Wextra -std=c++17 -fopenmp -DOMP_EXPLICIT_SIMD=0 -fno-tree-vectorize,603.403003,9d92a48896bfc25a,passed
adaptive-simd_off-t20-dynamicx16-r4-control_bands_256_6000x6000.png,2026-09-19T02:46:26Z,control_bands_256_6000x6000.png,6000,6000,Adaptive_Median,4,20,dynamic,16,off,yes,unset,unset,hype2,12.2.0,-O3 -Wall -Wextra -std=c++17 -fopenmp -DOMP_EXPLICIT_SIMD=0 -fno-tree-vectorize,606.693031,8f9bc97f03d5aae1,passed
adaptive-simd_omp-t20-dynamicx16-r4-sky.jpg,2026-09-19T02:46:28Z,sky.jpg,6936,9248,Adaptive_Median,4,20,dynamic,16,omp,yes,unset,unset,hype2,12.2.0,-O3 -Wall -Wextra -std=c++17 -fopenmp -DOMP_EXPLICIT_SIMD=1,1068.135637,1e7ae9152e9643d5,passed
adaptive-simd_omp-t20-dynamicx16-r4-stars.jpg,2026-09-19T02:46:32Z,stars.jpg,12960,8640,Adaptive_Median,4,20,dynamic,16,omp,yes,unset,unset,hype2,12.2.0,-O3 -Wall -Wextra -std=c++17 -fopenmp -DOMP_EXPLICIT_SIMD=1,1692.622222,626f977055f1c658,passed
adaptive-simd_omp-t20-dynamicx16-r4-rain_paisage.jpg,2026-09-19T02:46:39Z,rain_paisage.jpg,12288,16320,Adaptive_Median,4,20,dynamic,16,omp,yes,unset,unset,hype2,12.2.0,-O3 -Wall -Wextra -std=c++17 -fopenmp -DOMP_EXPLICIT_SIMD=1,3230.087766,d0fdcd4b2e74abf3,passed
adaptive-simd_omp-t20-dynamicx16-r4-firework.jpg,2026-09-19T02:46:45Z,firework.jpg,11125,16688,Adaptive_Median,4,20,dynamic,16,omp,yes,unset,unset,hype2,12.2.0,-O3 -Wall -Wextra -std=c++17 -fopenmp -DOMP_EXPLICIT_SIMD=1,3149.936471,cae2b8384ddb6aac,passed
adaptive-simd_omp-t20-dynamicx16-r4-control_smooth_6000x6000.png,2026-09-19T02:46:46Z,control_smooth_6000x6000.png,6000,6000,Adaptive_Median,4,20,dynamic,16,omp,yes,unset,unset,hype2,12.2.0,-O3 -Wall -Wextra -std=c++17 -fopenmp -DOMP_EXPLICIT_SIMD=1,840.272739,596e3c6929662ab9,passed
adaptive-simd_omp-t20-dynamicx16-r4-control_noise_6000x6000.png,2026-09-19T02:46:47Z,control_noise_6000x6000.png,6000,6000,Adaptive_Median,4,20,dynamic,16,omp,yes,unset,unset,hype2,12.2.0,-O3 -Wall -Wextra -std=c++17 -fopenmp -DOMP_EXPLICIT_SIMD=1,588.532393,fcb58a627e9d9740,passed
adaptive-simd_omp-t20-dynamicx16-r4-control_half_noise_6000x6000.png,2026-09-19T02:46:48Z,control_half_noise_6000x6000.png,6000,6000,Adaptive_Median,4,20,dynamic,16,omp,yes,unset,unset,hype2,12.2.0,-O3 -Wall -Wextra -std=c++17 -fopenmp -DOMP_EXPLICIT_SIMD=1,618.270801,9d92a48896bfc25a,passed
adaptive-simd_omp-t20-dynamicx16-r4-control_bands_256_6000x6000.png,2026-09-19T02:46:50Z,control_bands_256_6000x6000.png,6000,6000,Adaptive_Median,4,20,dynamic,16,omp,yes,unset,unset,hype2,12.2.0,-O3 -Wall -Wextra -std=c++17 -fopenmp -DOMP_EXPLICIT_SIMD=1,620.769476,8f9bc97f03d5aae1,passed
adaptive-simd_off-t20-dynamicx64-r4-sky.jpg,2026-09-19T02:46:52Z,sky.jpg,6936,9248,Adaptive_Median,4,20,dynamic,64,off,yes,unset,unset,hype2,12.2.0,-O3 -Wall -Wextra -std=c++17 -fopenmp -DOMP_EXPLICIT_SIMD=0 -fno-tree-vectorize,1126.620486,1e7ae9152e9643d5,passed
adaptive-simd_off-t20-dynamicx64-r4-stars.jpg,2026-09-19T02:46:56Z,stars.jpg,12960,8640,Adaptive_Median,4,20,dynamic,64,off,yes,unset,unset,hype2,12.2.0,-O3 -Wall -Wextra -std=c++17 -fopenmp -DOMP_EXPLICIT_SIMD=0 -fno-tree-vectorize,1712.312364,626f977055f1c658,passed
adaptive-simd_off-t20-dynamicx64-r4-rain_paisage.jpg,2026-09-19T02:47:02Z,rain_paisage.jpg,12288,16320,Adaptive_Median,4,20,dynamic,64,off,yes,unset,unset,hype2,12.2.0,-O3 -Wall -Wextra -std=c++17 -fopenmp -DOMP_EXPLICIT_SIMD=0 -fno-tree-vectorize,3211.889749,d0fdcd4b2e74abf3,passed
adaptive-simd_off-t20-dynamicx64-r4-firework.jpg,2026-09-19T02:47:08Z,firework.jpg,11125,16688,Adaptive_Median,4,20,dynamic,64,off,yes,unset,unset,hype2,12.2.0,-O3 -Wall -Wextra -std=c++17 -fopenmp -DOMP_EXPLICIT_SIMD=0 -fno-tree-vectorize,3134.842958,cae2b8384ddb6aac,passed
adaptive-simd_off-t20-dynamicx64-r4-control_smooth_6000x6000.png,2026-09-19T02:47:10Z,control_smooth_6000x6000.png,6000,6000,Adaptive_Median,4,20,dynamic,64,off,yes,unset,unset,hype2,12.2.0,-O3 -Wall -Wextra -std=c++17 -fopenmp -DOMP_EXPLICIT_SIMD=0 -fno-tree-vectorize,860.411141,596e3c6929662ab9,passed
adaptive-simd_off-t20-dynamicx64-r4-control_noise_6000x6000.png,2026-09-19T02:47:11Z,control_noise_6000x6000.png,6000,6000,Adaptive_Median,4,20,dynamic,64,off,yes,unset,unset,hype2,12.2.0,-O3 -Wall -Wextra -std=c++17 -fopenmp -DOMP_EXPLICIT_SIMD=0 -fno-tree-vectorize,600.084571,fcb58a627e9d9740,passed
adaptive-simd_off-t20-dynamicx64-r4-control_half_noise_6000x6000.png,2026-09-19T02:47:12Z,control_half_noise_6000x6000.png,6000,6000,Adaptive_Median,4,20,dynamic,64,off,yes,unset,unset,hype2,12.2.0,-O3 -Wall -Wextra -std=c++17 -fopenmp -DOMP_EXPLICIT_SIMD=0 -fno-tree-vectorize,626.320243,9d92a48896bfc25a,passed
adaptive-simd_off-t20-dynamicx64-r4-control_bands_256_6000x6000.png,2026-09-19T02:47:14Z,control_bands_256_6000x6000.png,6000,6000,Adaptive_Median,4,20,dynamic,64,off,yes,unset,unset,hype2,12.2.0,-O3 -Wall -Wextra -std=c++17 -fopenmp -DOMP_EXPLICIT_SIMD=0 -fno-tree-vectorize,657.568963,8f9bc97f03d5aae1,passed
adaptive-simd_omp-t20-dynamicx64-r4-sky.jpg,2026-09-19T02:47:16Z,sky.jpg,6936,9248,Adaptive_Median,4,20,dynamic,64,omp,yes,unset,unset,hype2,12.2.0,-O3 -Wall -Wextra -std=c++17 -fopenmp -DOMP_EXPLICIT_SIMD=1,1162.838344,1e7ae9152e9643d5,passed
adaptive-simd_omp-t20-dynamicx64-r4-stars.jpg,2026-09-19T02:47:20Z,stars.jpg,12960,8640,Adaptive_Median,4,20,dynamic,64,omp,yes,unset,unset,hype2,12.2.0,-O3 -Wall -Wextra -std=c++17 -fopenmp -DOMP_EXPLICIT_SIMD=1,1758.339340,626f977055f1c658,passed
adaptive-simd_omp-t20-dynamicx64-r4-rain_paisage.jpg,2026-09-19T02:47:26Z,rain_paisage.jpg,12288,16320,Adaptive_Median,4,20,dynamic,64,omp,yes,unset,unset,hype2,12.2.0,-O3 -Wall -Wextra -std=c++17 -fopenmp -DOMP_EXPLICIT_SIMD=1,3277.489614,d0fdcd4b2e74abf3,passed
adaptive-simd_omp-t20-dynamicx64-r4-firework.jpg,2026-09-19T02:47:32Z,firework.jpg,11125,16688,Adaptive_Median,4,20,dynamic,64,omp,yes,unset,unset,hype2,12.2.0,-O3 -Wall -Wextra -std=c++17 -fopenmp -DOMP_EXPLICIT_SIMD=1,3208.612460,cae2b8384ddb6aac,passed
adaptive-simd_omp-t20-dynamicx64-r4-control_smooth_6000x6000.png,2026-09-19T02:47:34Z,control_smooth_6000x6000.png,6000,6000,Adaptive_Median,4,20,dynamic,64,omp,yes,unset,unset,hype2,12.2.0,-O3 -Wall -Wextra -std=c++17 -fopenmp -DOMP_EXPLICIT_SIMD=1,876.233935,596e3c6929662ab9,passed
adaptive-simd_omp-t20-dynamicx64-r4-control_noise_6000x6000.png,2026-09-19T02:47:35Z,control_noise_6000x6000.png,6000,6000,Adaptive_Median,4,20,dynamic,64,omp,yes,unset,unset,hype2,12.2.0,-O3 -Wall -Wextra -std=c++17 -fopenmp -DOMP_EXPLICIT_SIMD=1,614.633525,fcb58a627e9d9740,passed
adaptive-simd_omp-t20-dynamicx64-r4-control_half_noise_6000x6000.png,2026-09-19T02:47:36Z,control_half_noise_6000x6000.png,6000,6000,Adaptive_Median,4,20,dynamic,64,omp,yes,unset,unset,hype2,12.2.0,-O3 -Wall -Wextra -std=c++17 -fopenmp -DOMP_EXPLICIT_SIMD=1,641.582164,9d92a48896bfc25a,passed
adaptive-simd_omp-t20-dynamicx64-r4-control_bands_256_6000x6000.png,2026-09-19T02:47:38Z,control_bands_256_6000x6000.png,6000,6000,Adaptive_Median,4,20,dynamic,64,omp,yes,unset,unset,hype2,12.2.0,-O3 -Wall -Wextra -std=c++17 -fopenmp -DOMP_EXPLICIT_SIMD=1,671.685747,8f9bc97f03d5aae1,passed
adaptive-simd_off-t20-dynamicx256-r4-sky.jpg,2026-09-19T02:47:40Z,sky.jpg,6936,9248,Adaptive_Median,4,20,dynamic,256,off,yes,unset,unset,hype2,12.2.0,-O3 -Wall -Wextra -std=c++17 -fopenmp -DOMP_EXPLICIT_SIMD=0 -fno-tree-vectorize,1191.547275,1e7ae9152e9643d5,passed
adaptive-simd_off-t20-dynamicx256-r4-stars.jpg,2026-09-19T02:47:44Z,stars.jpg,12960,8640,Adaptive_Median,4,20,dynamic,256,off,yes,unset,unset,hype2,12.2.0,-O3 -Wall -Wextra -std=c++17 -fopenmp -DOMP_EXPLICIT_SIMD=0 -fno-tree-vectorize,1981.686971,626f977055f1c658,passed
adaptive-simd_off-t20-dynamicx256-r4-rain_paisage.jpg,2026-09-19T02:47:51Z,rain_paisage.jpg,12288,16320,Adaptive_Median,4,20,dynamic,256,off,yes,unset,unset,hype2,12.2.0,-O3 -Wall -Wextra -std=c++17 -fopenmp -DOMP_EXPLICIT_SIMD=0 -fno-tree-vectorize,3574.213633,d0fdcd4b2e74abf3,passed
adaptive-simd_off-t20-dynamicx256-r4-firework.jpg,2026-09-19T02:47:57Z,firework.jpg,11125,16688,Adaptive_Median,4,20,dynamic,256,off,yes,unset,unset,hype2,12.2.0,-O3 -Wall -Wextra -std=c++17 -fopenmp -DOMP_EXPLICIT_SIMD=0 -fno-tree-vectorize,3658.290708,cae2b8384ddb6aac,passed
adaptive-simd_off-t20-dynamicx256-r4-control_smooth_6000x6000.png,2026-09-19T02:47:59Z,control_smooth_6000x6000.png,6000,6000,Adaptive_Median,4,20,dynamic,256,off,yes,unset,unset,hype2,12.2.0,-O3 -Wall -Wextra -std=c++17 -fopenmp -DOMP_EXPLICIT_SIMD=0 -fno-tree-vectorize,1268.492783,596e3c6929662ab9,passed
adaptive-simd_off-t20-dynamicx256-r4-control_noise_6000x6000.png,2026-09-19T02:48:00Z,control_noise_6000x6000.png,6000,6000,Adaptive_Median,4,20,dynamic,256,off,yes,unset,unset,hype2,12.2.0,-O3 -Wall -Wextra -std=c++17 -fopenmp -DOMP_EXPLICIT_SIMD=0 -fno-tree-vectorize,894.462230,fcb58a627e9d9740,passed
adaptive-simd_off-t20-dynamicx256-r4-control_half_noise_6000x6000.png,2026-09-19T02:48:02Z,control_half_noise_6000x6000.png,6000,6000,Adaptive_Median,4,20,dynamic,256,off,yes,unset,unset,hype2,12.2.0,-O3 -Wall -Wextra -std=c++17 -fopenmp -DOMP_EXPLICIT_SIMD=0 -fno-tree-vectorize,826.147177,9d92a48896bfc25a,passed
adaptive-simd_off-t20-dynamicx256-r4-control_bands_256_6000x6000.png,2026-09-19T02:48:04Z,control_bands_256_6000x6000.png,6000,6000,Adaptive_Median,4,20,dynamic,256,off,yes,unset,unset,hype2,12.2.0,-O3 -Wall -Wextra -std=c++17 -fopenmp -DOMP_EXPLICIT_SIMD=0 -fno-tree-vectorize,941.994772,8f9bc97f03d5aae1,passed
adaptive-simd_omp-t20-dynamicx256-r4-sky.jpg,2026-09-19T02:48:06Z,sky.jpg,6936,9248,Adaptive_Median,4,20,dynamic,256,omp,yes,unset,unset,hype2,12.2.0,-O3 -Wall -Wextra -std=c++17 -fopenmp -DOMP_EXPLICIT_SIMD=1,1219.315631,1e7ae9152e9643d5,passed
adaptive-simd_omp-t20-dynamicx256-r4-stars.jpg,2026-09-19T02:48:10Z,stars.jpg,12960,8640,Adaptive_Median,4,20,dynamic,256,omp,yes,unset,unset,hype2,12.2.0,-O3 -Wall -Wextra -std=c++17 -fopenmp -DOMP_EXPLICIT_SIMD=1,2043.659499,626f977055f1c658,passed
adaptive-simd_omp-t20-dynamicx256-r4-rain_paisage.jpg,2026-09-19T02:48:17Z,rain_paisage.jpg,12288,16320,Adaptive_Median,4,20,dynamic,256,omp,yes,unset,unset,hype2,12.2.0,-O3 -Wall -Wextra -std=c++17 -fopenmp -DOMP_EXPLICIT_SIMD=1,3662.829297,d0fdcd4b2e74abf3,passed
adaptive-simd_omp-t20-dynamicx256-r4-firework.jpg,2026-09-19T02:48:24Z,firework.jpg,11125,16688,Adaptive_Median,4,20,dynamic,256,omp,yes,unset,unset,hype2,12.2.0,-O3 -Wall -Wextra -std=c++17 -fopenmp -DOMP_EXPLICIT_SIMD=1,3703.354840,cae2b8384ddb6aac,passed
adaptive-simd_omp-t20-dynamicx256-r4-control_smooth_6000x6000.png,2026-09-19T02:48:25Z,control_smooth_6000x6000.png,6000,6000,Adaptive_Median,4,20,dynamic,256,omp,yes,unset,unset,hype2,12.2.0,-O3 -Wall -Wextra -std=c++17 -fopenmp -DOMP_EXPLICIT_SIMD=1,1298.499771,596e3c6929662ab9,passed
adaptive-simd_omp-t20-dynamicx256-r4-control_noise_6000x6000.png,2026-09-19T02:48:27Z,control_noise_6000x6000.png,6000,6000,Adaptive_Median,4,20,dynamic,256,omp,yes,unset,unset,hype2,12.2.0,-O3 -Wall -Wextra -std=c++17 -fopenmp -DOMP_EXPLICIT_SIMD=1,936.127050,fcb58a627e9d9740,passed
adaptive-simd_omp-t20-dynamicx256-r4-control_half_noise_6000x6000.png,2026-09-19T02:48:29Z,control_half_noise_6000x6000.png,6000,6000,Adaptive_Median,4,20,dynamic,256,omp,yes,unset,unset,hype2,12.2.0,-O3 -Wall -Wextra -std=c++17 -fopenmp -DOMP_EXPLICIT_SIMD=1,853.250245,9d92a48896bfc25a,passed
adaptive-simd_omp-t20-dynamicx256-r4-control_bands_256_6000x6000.png,2026-09-19T02:48:30Z,control_bands_256_6000x6000.png,6000,6000,Adaptive_Median,4,20,dynamic,256,omp,yes,unset,unset,hype2,12.2.0,-O3 -Wall -Wextra -std=c++17 -fopenmp -DOMP_EXPLICIT_SIMD=1,972.266651,8f9bc97f03d5aae1,passed
adaptive-simd_off-t20-static-r4-sky.jpg,2026-09-19T02:48:32Z,sky.jpg,6936,9248,Adaptive_Median,4,20,static,,off,yes,unset,unset,hype2,12.2.0,-O3 -Wall -Wextra -std=c++17 -fopenmp -DOMP_EXPLICIT_SIMD=0 -fno-tree-vectorize,1105.902572,1e7ae9152e9643d5,passed
adaptive-simd_off-t20-static-r4-stars.jpg,2026-09-19T02:48:36Z,stars.jpg,12960,8640,Adaptive_Median,4,20,static,,off,yes,unset,unset,hype2,12.2.0,-O3 -Wall -Wextra -std=c++17 -fopenmp -DOMP_EXPLICIT_SIMD=0 -fno-tree-vectorize,1773.396791,626f977055f1c658,passed
adaptive-simd_off-t20-static-r4-rain_paisage.jpg,2026-09-19T02:48:44Z,rain_paisage.jpg,12288,16320,Adaptive_Median,4,20,static,,off,yes,unset,unset,hype2,12.2.0,-O3 -Wall -Wextra -std=c++17 -fopenmp -DOMP_EXPLICIT_SIMD=0 -fno-tree-vectorize,4340.875529,d0fdcd4b2e74abf3,passed
adaptive-simd_off-t20-static-r4-firework.jpg,2026-09-19T02:48:51Z,firework.jpg,11125,16688,Adaptive_Median,4,20,static,,off,yes,unset,unset,hype2,12.2.0,-O3 -Wall -Wextra -std=c++17 -fopenmp -DOMP_EXPLICIT_SIMD=0 -fno-tree-vectorize,3962.325125,cae2b8384ddb6aac,passed
adaptive-simd_off-t20-static-r4-control_smooth_6000x6000.png,2026-09-19T02:48:52Z,control_smooth_6000x6000.png,6000,6000,Adaptive_Median,4,20,static,,off,yes,unset,unset,hype2,12.2.0,-O3 -Wall -Wextra -std=c++17 -fopenmp -DOMP_EXPLICIT_SIMD=0 -fno-tree-vectorize,814.968760,596e3c6929662ab9,passed
adaptive-simd_off-t20-static-r4-control_noise_6000x6000.png,2026-09-19T02:48:53Z,control_noise_6000x6000.png,6000,6000,Adaptive_Median,4,20,static,,off,yes,unset,unset,hype2,12.2.0,-O3 -Wall -Wextra -std=c++17 -fopenmp -DOMP_EXPLICIT_SIMD=0 -fno-tree-vectorize,564.448538,fcb58a627e9d9740,passed
adaptive-simd_off-t20-static-r4-control_half_noise_6000x6000.png,2026-09-19T02:48:55Z,control_half_noise_6000x6000.png,6000,6000,Adaptive_Median,4,20,static,,off,yes,unset,unset,hype2,12.2.0,-O3 -Wall -Wextra -std=c++17 -fopenmp -DOMP_EXPLICIT_SIMD=0 -fno-tree-vectorize,838.356340,9d92a48896bfc25a,passed
adaptive-simd_off-t20-static-r4-control_bands_256_6000x6000.png,2026-09-19T02:48:56Z,control_bands_256_6000x6000.png,6000,6000,Adaptive_Median,4,20,static,,off,yes,unset,unset,hype2,12.2.0,-O3 -Wall -Wextra -std=c++17 -fopenmp -DOMP_EXPLICIT_SIMD=0 -fno-tree-vectorize,729.029569,8f9bc97f03d5aae1,passed
adaptive-simd_omp-t20-static-r4-sky.jpg,2026-09-19T02:48:58Z,sky.jpg,6936,9248,Adaptive_Median,4,20,static,,omp,yes,unset,unset,hype2,12.2.0,-O3 -Wall -Wextra -std=c++17 -fopenmp -DOMP_EXPLICIT_SIMD=1,1131.128909,1e7ae9152e9643d5,passed
adaptive-simd_omp-t20-static-r4-stars.jpg,2026-09-19T02:49:02Z,stars.jpg,12960,8640,Adaptive_Median,4,20,static,,omp,yes,unset,unset,hype2,12.2.0,-O3 -Wall -Wextra -std=c++17 -fopenmp -DOMP_EXPLICIT_SIMD=1,1824.746246,626f977055f1c658,passed
adaptive-simd_omp-t20-static-r4-rain_paisage.jpg,2026-09-19T02:49:10Z,rain_paisage.jpg,12288,16320,Adaptive_Median,4,20,static,,omp,yes,unset,unset,hype2,12.2.0,-O3 -Wall -Wextra -std=c++17 -fopenmp -DOMP_EXPLICIT_SIMD=1,4377.926738,d0fdcd4b2e74abf3,passed
adaptive-simd_omp-t20-static-r4-firework.jpg,2026-09-19T02:49:17Z,firework.jpg,11125,16688,Adaptive_Median,4,20,static,,omp,yes,unset,unset,hype2,12.2.0,-O3 -Wall -Wextra -std=c++17 -fopenmp -DOMP_EXPLICIT_SIMD=1,4047.015662,cae2b8384ddb6aac,passed
adaptive-simd_omp-t20-static-r4-control_smooth_6000x6000.png,2026-09-19T02:49:18Z,control_smooth_6000x6000.png,6000,6000,Adaptive_Median,4,20,static,,omp,yes,unset,unset,hype2,12.2.0,-O3 -Wall -Wextra -std=c++17 -fopenmp -DOMP_EXPLICIT_SIMD=1,826.983988,596e3c6929662ab9,passed
adaptive-simd_omp-t20-static-r4-control_noise_6000x6000.png,2026-09-19T02:49:19Z,control_noise_6000x6000.png,6000,6000,Adaptive_Median,4,20,static,,omp,yes,unset,unset,hype2,12.2.0,-O3 -Wall -Wextra -std=c++17 -fopenmp -DOMP_EXPLICIT_SIMD=1,605.462933,fcb58a627e9d9740,passed
adaptive-simd_omp-t20-static-r4-control_half_noise_6000x6000.png,2026-09-19T02:49:21Z,control_half_noise_6000x6000.png,6000,6000,Adaptive_Median,4,20,static,,omp,yes,unset,unset,hype2,12.2.0,-O3 -Wall -Wextra -std=c++17 -fopenmp -DOMP_EXPLICIT_SIMD=1,818.580202,9d92a48896bfc25a,passed
adaptive-simd_omp-t20-static-r4-control_bands_256_6000x6000.png,2026-09-19T02:49:23Z,control_bands_256_6000x6000.png,6000,6000,Adaptive_Median,4,20,static,,omp,yes,unset,unset,hype2,12.2.0,-O3 -Wall -Wextra -std=c++17 -fopenmp -DOMP_EXPLICIT_SIMD=1,830.657177,8f9bc97f03d5aae1,passed
adaptive-simd_off-t20-dynamicx1-r4-sky.jpg,2026-09-19T02:49:25Z,sky.jpg,6936,9248,Adaptive_Median,4,20,dynamic,1,off,yes,unset,unset,hype2,12.2.0,-O3 -Wall -Wextra -std=c++17 -fopenmp -DOMP_EXPLICIT_SIMD=0 -fno-tree-vectorize,1045.751062,1e7ae9152e9643d5,passed
adaptive-simd_off-t20-dynamicx1-r4-stars.jpg,2026-09-19T02:49:28Z,stars.jpg,12960,8640,Adaptive_Median,4,20,dynamic,1,off,yes,unset,unset,hype2,12.2.0,-O3 -Wall -Wextra -std=c++17 -fopenmp -DOMP_EXPLICIT_SIMD=0 -fno-tree-vectorize,1643.105024,626f977055f1c658,passed
adaptive-simd_off-t20-dynamicx1-r4-rain_paisage.jpg,2026-09-19T02:49:35Z,rain_paisage.jpg,12288,16320,Adaptive_Median,4,20,dynamic,1,off,yes,unset,unset,hype2,12.2.0,-O3 -Wall -Wextra -std=c++17 -fopenmp -DOMP_EXPLICIT_SIMD=0 -fno-tree-vectorize,3168.765377,d0fdcd4b2e74abf3,passed
adaptive-simd_off-t20-dynamicx1-r4-firework.jpg,2026-09-19T02:49:41Z,firework.jpg,11125,16688,Adaptive_Median,4,20,dynamic,1,off,yes,unset,unset,hype2,12.2.0,-O3 -Wall -Wextra -std=c++17 -fopenmp -DOMP_EXPLICIT_SIMD=0 -fno-tree-vectorize,3064.423434,cae2b8384ddb6aac,passed
adaptive-simd_off-t20-dynamicx1-r4-control_smooth_6000x6000.png,2026-09-19T02:49:42Z,control_smooth_6000x6000.png,6000,6000,Adaptive_Median,4,20,dynamic,1,off,yes,unset,unset,hype2,12.2.0,-O3 -Wall -Wextra -std=c++17 -fopenmp -DOMP_EXPLICIT_SIMD=0 -fno-tree-vectorize,815.618295,596e3c6929662ab9,passed
adaptive-simd_off-t20-dynamicx1-r4-control_noise_6000x6000.png,2026-09-19T02:49:43Z,control_noise_6000x6000.png,6000,6000,Adaptive_Median,4,20,dynamic,1,off,yes,unset,unset,hype2,12.2.0,-O3 -Wall -Wextra -std=c++17 -fopenmp -DOMP_EXPLICIT_SIMD=0 -fno-tree-vectorize,566.536378,fcb58a627e9d9740,passed
adaptive-simd_off-t20-dynamicx1-r4-control_half_noise_6000x6000.png,2026-09-19T02:49:45Z,control_half_noise_6000x6000.png,6000,6000,Adaptive_Median,4,20,dynamic,1,off,yes,unset,unset,hype2,12.2.0,-O3 -Wall -Wextra -std=c++17 -fopenmp -DOMP_EXPLICIT_SIMD=0 -fno-tree-vectorize,625.805212,9d92a48896bfc25a,passed
adaptive-simd_off-t20-dynamicx1-r4-control_bands_256_6000x6000.png,2026-09-19T02:49:46Z,control_bands_256_6000x6000.png,6000,6000,Adaptive_Median,4,20,dynamic,1,off,yes,unset,unset,hype2,12.2.0,-O3 -Wall -Wextra -std=c++17 -fopenmp -DOMP_EXPLICIT_SIMD=0 -fno-tree-vectorize,608.632403,8f9bc97f03d5aae1,passed
adaptive-simd_off-t20-dynamicx4-r5-sky.jpg,2026-09-19T02:49:48Z,sky.jpg,6936,9248,Adaptive_Median,5,20,dynamic,4,off,yes,unset,unset,hype2,12.2.0,-O3 -Wall -Wextra -std=c++17 -fopenmp -DOMP_EXPLICIT_SIMD=0 -fno-tree-vectorize,1042.756610,1e7ae9152e9643d5,passed
adaptive-simd_off-t20-dynamicx4-r5-stars.jpg,2026-09-19T02:49:52Z,stars.jpg,12960,8640,Adaptive_Median,5,20,dynamic,4,off,yes,unset,unset,hype2,12.2.0,-O3 -Wall -Wextra -std=c++17 -fopenmp -DOMP_EXPLICIT_SIMD=0 -fno-tree-vectorize,1646.853801,626f977055f1c658,passed
adaptive-simd_off-t20-dynamicx4-r5-rain_paisage.jpg,2026-09-19T02:49:58Z,rain_paisage.jpg,12288,16320,Adaptive_Median,5,20,dynamic,4,off,yes,unset,unset,hype2,12.2.0,-O3 -Wall -Wextra -std=c++17 -fopenmp -DOMP_EXPLICIT_SIMD=0 -fno-tree-vectorize,3167.163860,d0fdcd4b2e74abf3,passed
adaptive-simd_off-t20-dynamicx4-r5-firework.jpg,2026-09-19T02:50:04Z,firework.jpg,11125,16688,Adaptive_Median,5,20,dynamic,4,off,yes,unset,unset,hype2,12.2.0,-O3 -Wall -Wextra -std=c++17 -fopenmp -DOMP_EXPLICIT_SIMD=0 -fno-tree-vectorize,3056.571902,cae2b8384ddb6aac,passed
adaptive-simd_off-t20-dynamicx4-r5-control_smooth_6000x6000.png,2026-09-19T02:50:06Z,control_smooth_6000x6000.png,6000,6000,Adaptive_Median,5,20,dynamic,4,off,yes,unset,unset,hype2,12.2.0,-O3 -Wall -Wextra -std=c++17 -fopenmp -DOMP_EXPLICIT_SIMD=0 -fno-tree-vectorize,814.528551,596e3c6929662ab9,passed
adaptive-simd_off-t20-dynamicx4-r5-control_noise_6000x6000.png,2026-09-19T02:50:07Z,control_noise_6000x6000.png,6000,6000,Adaptive_Median,5,20,dynamic,4,off,yes,unset,unset,hype2,12.2.0,-O3 -Wall -Wextra -std=c++17 -fopenmp -DOMP_EXPLICIT_SIMD=0 -fno-tree-vectorize,567.176373,fcb58a627e9d9740,passed
adaptive-simd_off-t20-dynamicx4-r5-control_half_noise_6000x6000.png,2026-09-19T02:50:08Z,control_half_noise_6000x6000.png,6000,6000,Adaptive_Median,5,20,dynamic,4,off,yes,unset,unset,hype2,12.2.0,-O3 -Wall -Wextra -std=c++17 -fopenmp -DOMP_EXPLICIT_SIMD=0 -fno-tree-vectorize,599.217380,9d92a48896bfc25a,passed
adaptive-simd_off-t20-dynamicx4-r5-control_bands_256_6000x6000.png,2026-09-19T02:50:10Z,control_bands_256_6000x6000.png,6000,6000,Adaptive_Median,5,20,dynamic,4,off,yes,unset,unset,hype2,12.2.0,-O3 -Wall -Wextra -std=c++17 -fopenmp -DOMP_EXPLICIT_SIMD=0 -fno-tree-vectorize,610.157095,8f9bc97f03d5aae1,passed
adaptive-simd_omp-t20-dynamicx4-r5-sky.jpg,2026-09-19T02:50:12Z,sky.jpg,6936,9248,Adaptive_Median,5,20,dynamic,4,omp,yes,unset,unset,hype2,12.2.0,-O3 -Wall -Wextra -std=c++17 -fopenmp -DOMP_EXPLICIT_SIMD=1,1080.499182,1e7ae9152e9643d5,passed
adaptive-simd_omp-t20-dynamicx4-r5-stars.jpg,2026-09-19T02:50:16Z,stars.jpg,12960,8640,Adaptive_Median,5,20,dynamic,4,omp,yes,unset,unset,hype2,12.2.0,-O3 -Wall -Wextra -std=c++17 -fopenmp -DOMP_EXPLICIT_SIMD=1,1695.243822,626f977055f1c658,passed
adaptive-simd_omp-t20-dynamicx4-r5-rain_paisage.jpg,2026-09-19T02:50:22Z,rain_paisage.jpg,12288,16320,Adaptive_Median,5,20,dynamic,4,omp,yes,unset,unset,hype2,12.2.0,-O3 -Wall -Wextra -std=c++17 -fopenmp -DOMP_EXPLICIT_SIMD=1,3233.075505,d0fdcd4b2e74abf3,passed
adaptive-simd_omp-t20-dynamicx4-r5-firework.jpg,2026-09-19T02:50:28Z,firework.jpg,11125,16688,Adaptive_Median,5,20,dynamic,4,omp,yes,unset,unset,hype2,12.2.0,-O3 -Wall -Wextra -std=c++17 -fopenmp -DOMP_EXPLICIT_SIMD=1,3119.408986,cae2b8384ddb6aac,passed
adaptive-simd_omp-t20-dynamicx4-r5-control_smooth_6000x6000.png,2026-09-19T02:50:29Z,control_smooth_6000x6000.png,6000,6000,Adaptive_Median,5,20,dynamic,4,omp,yes,unset,unset,hype2,12.2.0,-O3 -Wall -Wextra -std=c++17 -fopenmp -DOMP_EXPLICIT_SIMD=1,836.080128,596e3c6929662ab9,passed
adaptive-simd_omp-t20-dynamicx4-r5-control_noise_6000x6000.png,2026-09-19T02:50:30Z,control_noise_6000x6000.png,6000,6000,Adaptive_Median,5,20,dynamic,4,omp,yes,unset,unset,hype2,12.2.0,-O3 -Wall -Wextra -std=c++17 -fopenmp -DOMP_EXPLICIT_SIMD=1,581.207011,fcb58a627e9d9740,passed
adaptive-simd_omp-t20-dynamicx4-r5-control_half_noise_6000x6000.png,2026-09-19T02:50:32Z,control_half_noise_6000x6000.png,6000,6000,Adaptive_Median,5,20,dynamic,4,omp,yes,unset,unset,hype2,12.2.0,-O3 -Wall -Wextra -std=c++17 -fopenmp -DOMP_EXPLICIT_SIMD=1,614.631919,9d92a48896bfc25a,passed
adaptive-simd_omp-t20-dynamicx4-r5-control_bands_256_6000x6000.png,2026-09-19T02:50:33Z,control_bands_256_6000x6000.png,6000,6000,Adaptive_Median,5,20,dynamic,4,omp,yes,unset,unset,hype2,12.2.0,-O3 -Wall -Wextra -std=c++17 -fopenmp -DOMP_EXPLICIT_SIMD=1,618.762423,8f9bc97f03d5aae1,passed
adaptive-simd_off-t20-dynamicx16-r5-sky.jpg,2026-09-19T02:50:35Z,sky.jpg,6936,9248,Adaptive_Median,5,20,dynamic,16,off,yes,unset,unset,hype2,12.2.0,-O3 -Wall -Wextra -std=c++17 -fopenmp -DOMP_EXPLICIT_SIMD=0 -fno-tree-vectorize,1053.109789,1e7ae9152e9643d5,passed
adaptive-simd_off-t20-dynamicx16-r5-stars.jpg,2026-09-19T02:50:39Z,stars.jpg,12960,8640,Adaptive_Median,5,20,dynamic,16,off,yes,unset,unset,hype2,12.2.0,-O3 -Wall -Wextra -std=c++17 -fopenmp -DOMP_EXPLICIT_SIMD=0 -fno-tree-vectorize,1644.921767,626f977055f1c658,passed
adaptive-simd_off-t20-dynamicx16-r5-rain_paisage.jpg,2026-09-19T02:50:45Z,rain_paisage.jpg,12288,16320,Adaptive_Median,5,20,dynamic,16,off,yes,unset,unset,hype2,12.2.0,-O3 -Wall -Wextra -std=c++17 -fopenmp -DOMP_EXPLICIT_SIMD=0 -fno-tree-vectorize,3171.077886,d0fdcd4b2e74abf3,passed
adaptive-simd_off-t20-dynamicx16-r5-firework.jpg,2026-09-19T02:50:51Z,firework.jpg,11125,16688,Adaptive_Median,5,20,dynamic,16,off,yes,unset,unset,hype2,12.2.0,-O3 -Wall -Wextra -std=c++17 -fopenmp -DOMP_EXPLICIT_SIMD=0 -fno-tree-vectorize,3082.120924,cae2b8384ddb6aac,passed
adaptive-simd_off-t20-dynamicx16-r5-control_smooth_6000x6000.png,2026-09-19T02:50:53Z,control_smooth_6000x6000.png,6000,6000,Adaptive_Median,5,20,dynamic,16,off,yes,unset,unset,hype2,12.2.0,-O3 -Wall -Wextra -std=c++17 -fopenmp -DOMP_EXPLICIT_SIMD=0 -fno-tree-vectorize,822.608982,596e3c6929662ab9,passed
adaptive-simd_off-t20-dynamicx16-r5-control_noise_6000x6000.png,2026-09-19T02:50:54Z,control_noise_6000x6000.png,6000,6000,Adaptive_Median,5,20,dynamic,16,off,yes,unset,unset,hype2,12.2.0,-O3 -Wall -Wextra -std=c++17 -fopenmp -DOMP_EXPLICIT_SIMD=0 -fno-tree-vectorize,574.183445,fcb58a627e9d9740,passed
adaptive-simd_off-t20-dynamicx16-r5-control_half_noise_6000x6000.png,2026-09-19T02:50:55Z,control_half_noise_6000x6000.png,6000,6000,Adaptive_Median,5,20,dynamic,16,off,yes,unset,unset,hype2,12.2.0,-O3 -Wall -Wextra -std=c++17 -fopenmp -DOMP_EXPLICIT_SIMD=0 -fno-tree-vectorize,622.163416,9d92a48896bfc25a,passed
adaptive-simd_off-t20-dynamicx16-r5-control_bands_256_6000x6000.png,2026-09-19T02:50:57Z,control_bands_256_6000x6000.png,6000,6000,Adaptive_Median,5,20,dynamic,16,off,yes,unset,unset,hype2,12.2.0,-O3 -Wall -Wextra -std=c++17 -fopenmp -DOMP_EXPLICIT_SIMD=0 -fno-tree-vectorize,604.734378,8f9bc97f03d5aae1,passed
adaptive-simd_omp-t20-dynamicx16-r5-sky.jpg,2026-09-19T02:50:59Z,sky.jpg,6936,9248,Adaptive_Median,5,20,dynamic,16,omp,yes,unset,unset,hype2,12.2.0,-O3 -Wall -Wextra -std=c++17 -fopenmp -DOMP_EXPLICIT_SIMD=1,1068.875924,1e7ae9152e9643d5,passed
adaptive-simd_omp-t20-dynamicx16-r5-stars.jpg,2026-09-19T02:51:03Z,stars.jpg,12960,8640,Adaptive_Median,5,20,dynamic,16,omp,yes,unset,unset,hype2,12.2.0,-O3 -Wall -Wextra -std=c++17 -fopenmp -DOMP_EXPLICIT_SIMD=1,1692.002351,626f977055f1c658,passed
adaptive-simd_omp-t20-dynamicx16-r5-rain_paisage.jpg,2026-09-19T02:51:09Z,rain_paisage.jpg,12288,16320,Adaptive_Median,5,20,dynamic,16,omp,yes,unset,unset,hype2,12.2.0,-O3 -Wall -Wextra -std=c++17 -fopenmp -DOMP_EXPLICIT_SIMD=1,3229.031517,d0fdcd4b2e74abf3,passed
adaptive-simd_omp-t20-dynamicx16-r5-firework.jpg,2026-09-19T02:51:15Z,firework.jpg,11125,16688,Adaptive_Median,5,20,dynamic,16,omp,yes,unset,unset,hype2,12.2.0,-O3 -Wall -Wextra -std=c++17 -fopenmp -DOMP_EXPLICIT_SIMD=1,3145.962286,cae2b8384ddb6aac,passed
adaptive-simd_omp-t20-dynamicx16-r5-control_smooth_6000x6000.png,2026-09-19T02:51:16Z,control_smooth_6000x6000.png,6000,6000,Adaptive_Median,5,20,dynamic,16,omp,yes,unset,unset,hype2,12.2.0,-O3 -Wall -Wextra -std=c++17 -fopenmp -DOMP_EXPLICIT_SIMD=1,839.565915,596e3c6929662ab9,passed
adaptive-simd_omp-t20-dynamicx16-r5-control_noise_6000x6000.png,2026-09-19T02:51:17Z,control_noise_6000x6000.png,6000,6000,Adaptive_Median,5,20,dynamic,16,omp,yes,unset,unset,hype2,12.2.0,-O3 -Wall -Wextra -std=c++17 -fopenmp -DOMP_EXPLICIT_SIMD=1,612.412318,fcb58a627e9d9740,passed
adaptive-simd_omp-t20-dynamicx16-r5-control_half_noise_6000x6000.png,2026-09-19T02:51:19Z,control_half_noise_6000x6000.png,6000,6000,Adaptive_Median,5,20,dynamic,16,omp,yes,unset,unset,hype2,12.2.0,-O3 -Wall -Wextra -std=c++17 -fopenmp -DOMP_EXPLICIT_SIMD=1,620.111388,9d92a48896bfc25a,passed
adaptive-simd_omp-t20-dynamicx16-r5-control_bands_256_6000x6000.png,2026-09-19T02:51:20Z,control_bands_256_6000x6000.png,6000,6000,Adaptive_Median,5,20,dynamic,16,omp,yes,unset,unset,hype2,12.2.0,-O3 -Wall -Wextra -std=c++17 -fopenmp -DOMP_EXPLICIT_SIMD=1,666.744033,8f9bc97f03d5aae1,passed
adaptive-simd_off-t20-dynamicx64-r5-sky.jpg,2026-09-19T02:51:22Z,sky.jpg,6936,9248,Adaptive_Median,5,20,dynamic,64,off,yes,unset,unset,hype2,12.2.0,-O3 -Wall -Wextra -std=c++17 -fopenmp -DOMP_EXPLICIT_SIMD=0 -fno-tree-vectorize,1125.681517,1e7ae9152e9643d5,passed
adaptive-simd_off-t20-dynamicx64-r5-stars.jpg,2026-09-19T02:51:26Z,stars.jpg,12960,8640,Adaptive_Median,5,20,dynamic,64,off,yes,unset,unset,hype2,12.2.0,-O3 -Wall -Wextra -std=c++17 -fopenmp -DOMP_EXPLICIT_SIMD=0 -fno-tree-vectorize,1707.613575,626f977055f1c658,passed
adaptive-simd_off-t20-dynamicx64-r5-rain_paisage.jpg,2026-09-19T02:51:33Z,rain_paisage.jpg,12288,16320,Adaptive_Median,5,20,dynamic,64,off,yes,unset,unset,hype2,12.2.0,-O3 -Wall -Wextra -std=c++17 -fopenmp -DOMP_EXPLICIT_SIMD=0 -fno-tree-vectorize,3217.698520,d0fdcd4b2e74abf3,passed
adaptive-simd_off-t20-dynamicx64-r5-firework.jpg,2026-09-19T02:51:39Z,firework.jpg,11125,16688,Adaptive_Median,5,20,dynamic,64,off,yes,unset,unset,hype2,12.2.0,-O3 -Wall -Wextra -std=c++17 -fopenmp -DOMP_EXPLICIT_SIMD=0 -fno-tree-vectorize,3136.923825,cae2b8384ddb6aac,passed
adaptive-simd_off-t20-dynamicx64-r5-control_smooth_6000x6000.png,2026-09-19T02:51:40Z,control_smooth_6000x6000.png,6000,6000,Adaptive_Median,5,20,dynamic,64,off,yes,unset,unset,hype2,12.2.0,-O3 -Wall -Wextra -std=c++17 -fopenmp -DOMP_EXPLICIT_SIMD=0 -fno-tree-vectorize,859.670137,596e3c6929662ab9,passed
adaptive-simd_off-t20-dynamicx64-r5-control_noise_6000x6000.png,2026-09-19T02:51:41Z,control_noise_6000x6000.png,6000,6000,Adaptive_Median,5,20,dynamic,64,off,yes,unset,unset,hype2,12.2.0,-O3 -Wall -Wextra -std=c++17 -fopenmp -DOMP_EXPLICIT_SIMD=0 -fno-tree-vectorize,600.231761,fcb58a627e9d9740,passed
adaptive-simd_off-t20-dynamicx64-r5-control_half_noise_6000x6000.png,2026-09-19T02:51:43Z,control_half_noise_6000x6000.png,6000,6000,Adaptive_Median,5,20,dynamic,64,off,yes,unset,unset,hype2,12.2.0,-O3 -Wall -Wextra -std=c++17 -fopenmp -DOMP_EXPLICIT_SIMD=0 -fno-tree-vectorize,629.458364,9d92a48896bfc25a,passed
adaptive-simd_off-t20-dynamicx64-r5-control_bands_256_6000x6000.png,2026-09-19T02:51:44Z,control_bands_256_6000x6000.png,6000,6000,Adaptive_Median,5,20,dynamic,64,off,yes,unset,unset,hype2,12.2.0,-O3 -Wall -Wextra -std=c++17 -fopenmp -DOMP_EXPLICIT_SIMD=0 -fno-tree-vectorize,659.938999,8f9bc97f03d5aae1,passed
adaptive-simd_omp-t20-dynamicx64-r5-sky.jpg,2026-09-19T02:51:46Z,sky.jpg,6936,9248,Adaptive_Median,5,20,dynamic,64,omp,yes,unset,unset,hype2,12.2.0,-O3 -Wall -Wextra -std=c++17 -fopenmp -DOMP_EXPLICIT_SIMD=1,1155.839574,1e7ae9152e9643d5,passed
adaptive-simd_omp-t20-dynamicx64-r5-stars.jpg,2026-09-19T02:51:50Z,stars.jpg,12960,8640,Adaptive_Median,5,20,dynamic,64,omp,yes,unset,unset,hype2,12.2.0,-O3 -Wall -Wextra -std=c++17 -fopenmp -DOMP_EXPLICIT_SIMD=1,1758.740300,626f977055f1c658,passed
adaptive-simd_omp-t20-dynamicx64-r5-rain_paisage.jpg,2026-09-19T02:51:57Z,rain_paisage.jpg,12288,16320,Adaptive_Median,5,20,dynamic,64,omp,yes,unset,unset,hype2,12.2.0,-O3 -Wall -Wextra -std=c++17 -fopenmp -DOMP_EXPLICIT_SIMD=1,3274.027076,d0fdcd4b2e74abf3,passed
adaptive-simd_omp-t20-dynamicx64-r5-firework.jpg,2026-09-19T02:52:03Z,firework.jpg,11125,16688,Adaptive_Median,5,20,dynamic,64,omp,yes,unset,unset,hype2,12.2.0,-O3 -Wall -Wextra -std=c++17 -fopenmp -DOMP_EXPLICIT_SIMD=1,3195.368379,cae2b8384ddb6aac,passed
adaptive-simd_omp-t20-dynamicx64-r5-control_smooth_6000x6000.png,2026-09-19T02:52:04Z,control_smooth_6000x6000.png,6000,6000,Adaptive_Median,5,20,dynamic,64,omp,yes,unset,unset,hype2,12.2.0,-O3 -Wall -Wextra -std=c++17 -fopenmp -DOMP_EXPLICIT_SIMD=1,876.295659,596e3c6929662ab9,passed
adaptive-simd_omp-t20-dynamicx64-r5-control_noise_6000x6000.png,2026-09-19T02:52:05Z,control_noise_6000x6000.png,6000,6000,Adaptive_Median,5,20,dynamic,64,omp,yes,unset,unset,hype2,12.2.0,-O3 -Wall -Wextra -std=c++17 -fopenmp -DOMP_EXPLICIT_SIMD=1,614.179032,fcb58a627e9d9740,passed
adaptive-simd_omp-t20-dynamicx64-r5-control_half_noise_6000x6000.png,2026-09-19T02:52:07Z,control_half_noise_6000x6000.png,6000,6000,Adaptive_Median,5,20,dynamic,64,omp,yes,unset,unset,hype2,12.2.0,-O3 -Wall -Wextra -std=c++17 -fopenmp -DOMP_EXPLICIT_SIMD=1,642.536928,9d92a48896bfc25a,passed
adaptive-simd_omp-t20-dynamicx64-r5-control_bands_256_6000x6000.png,2026-09-19T02:52:08Z,control_bands_256_6000x6000.png,6000,6000,Adaptive_Median,5,20,dynamic,64,omp,yes,unset,unset,hype2,12.2.0,-O3 -Wall -Wextra -std=c++17 -fopenmp -DOMP_EXPLICIT_SIMD=1,674.364565,8f9bc97f03d5aae1,passed
adaptive-simd_off-t20-dynamicx256-r5-sky.jpg,2026-09-19T02:52:10Z,sky.jpg,6936,9248,Adaptive_Median,5,20,dynamic,256,off,yes,unset,unset,hype2,12.2.0,-O3 -Wall -Wextra -std=c++17 -fopenmp -DOMP_EXPLICIT_SIMD=0 -fno-tree-vectorize,1195.691351,1e7ae9152e9643d5,passed
adaptive-simd_off-t20-dynamicx256-r5-stars.jpg,2026-09-19T02:52:14Z,stars.jpg,12960,8640,Adaptive_Median,5,20,dynamic,256,off,yes,unset,unset,hype2,12.2.0,-O3 -Wall -Wextra -std=c++17 -fopenmp -DOMP_EXPLICIT_SIMD=0 -fno-tree-vectorize,1970.305467,626f977055f1c658,passed
adaptive-simd_off-t20-dynamicx256-r5-rain_paisage.jpg,2026-09-19T02:52:21Z,rain_paisage.jpg,12288,16320,Adaptive_Median,5,20,dynamic,256,off,yes,unset,unset,hype2,12.2.0,-O3 -Wall -Wextra -std=c++17 -fopenmp -DOMP_EXPLICIT_SIMD=0 -fno-tree-vectorize,3584.366568,d0fdcd4b2e74abf3,passed
adaptive-simd_off-t20-dynamicx256-r5-firework.jpg,2026-09-19T02:52:28Z,firework.jpg,11125,16688,Adaptive_Median,5,20,dynamic,256,off,yes,unset,unset,hype2,12.2.0,-O3 -Wall -Wextra -std=c++17 -fopenmp -DOMP_EXPLICIT_SIMD=0 -fno-tree-vectorize,3621.774781,cae2b8384ddb6aac,passed
adaptive-simd_off-t20-dynamicx256-r5-control_smooth_6000x6000.png,2026-09-19T02:52:30Z,control_smooth_6000x6000.png,6000,6000,Adaptive_Median,5,20,dynamic,256,off,yes,unset,unset,hype2,12.2.0,-O3 -Wall -Wextra -std=c++17 -fopenmp -DOMP_EXPLICIT_SIMD=0 -fno-tree-vectorize,1271.079399,596e3c6929662ab9,passed
adaptive-simd_off-t20-dynamicx256-r5-control_noise_6000x6000.png,2026-09-19T02:52:31Z,control_noise_6000x6000.png,6000,6000,Adaptive_Median,5,20,dynamic,256,off,yes,unset,unset,hype2,12.2.0,-O3 -Wall -Wextra -std=c++17 -fopenmp -DOMP_EXPLICIT_SIMD=0 -fno-tree-vectorize,907.350453,fcb58a627e9d9740,passed
adaptive-simd_off-t20-dynamicx256-r5-control_half_noise_6000x6000.png,2026-09-19T02:52:33Z,control_half_noise_6000x6000.png,6000,6000,Adaptive_Median,5,20,dynamic,256,off,yes,unset,unset,hype2,12.2.0,-O3 -Wall -Wextra -std=c++17 -fopenmp -DOMP_EXPLICIT_SIMD=0 -fno-tree-vectorize,840.099147,9d92a48896bfc25a,passed
adaptive-simd_off-t20-dynamicx256-r5-control_bands_256_6000x6000.png,2026-09-19T02:52:34Z,control_bands_256_6000x6000.png,6000,6000,Adaptive_Median,5,20,dynamic,256,off,yes,unset,unset,hype2,12.2.0,-O3 -Wall -Wextra -std=c++17 -fopenmp -DOMP_EXPLICIT_SIMD=0 -fno-tree-vectorize,941.242541,8f9bc97f03d5aae1,passed
adaptive-simd_omp-t20-dynamicx256-r5-sky.jpg,2026-09-19T02:52:37Z,sky.jpg,6936,9248,Adaptive_Median,5,20,dynamic,256,omp,yes,unset,unset,hype2,12.2.0,-O3 -Wall -Wextra -std=c++17 -fopenmp -DOMP_EXPLICIT_SIMD=1,1217.213187,1e7ae9152e9643d5,passed
adaptive-simd_omp-t20-dynamicx256-r5-stars.jpg,2026-09-19T02:52:41Z,stars.jpg,12960,8640,Adaptive_Median,5,20,dynamic,256,omp,yes,unset,unset,hype2,12.2.0,-O3 -Wall -Wextra -std=c++17 -fopenmp -DOMP_EXPLICIT_SIMD=1,2074.630814,626f977055f1c658,passed
adaptive-simd_omp-t20-dynamicx256-r5-rain_paisage.jpg,2026-09-19T02:52:48Z,rain_paisage.jpg,12288,16320,Adaptive_Median,5,20,dynamic,256,omp,yes,unset,unset,hype2,12.2.0,-O3 -Wall -Wextra -std=c++17 -fopenmp -DOMP_EXPLICIT_SIMD=1,3644.189473,d0fdcd4b2e74abf3,passed
adaptive-simd_omp-t20-dynamicx256-r5-firework.jpg,2026-09-19T02:52:54Z,firework.jpg,11125,16688,Adaptive_Median,5,20,dynamic,256,omp,yes,unset,unset,hype2,12.2.0,-O3 -Wall -Wextra -std=c++17 -fopenmp -DOMP_EXPLICIT_SIMD=1,3704.033005,cae2b8384ddb6aac,passed
adaptive-simd_omp-t20-dynamicx256-r5-control_smooth_6000x6000.png,2026-09-19T02:52:56Z,control_smooth_6000x6000.png,6000,6000,Adaptive_Median,5,20,dynamic,256,omp,yes,unset,unset,hype2,12.2.0,-O3 -Wall -Wextra -std=c++17 -fopenmp -DOMP_EXPLICIT_SIMD=1,1310.475496,596e3c6929662ab9,passed
adaptive-simd_omp-t20-dynamicx256-r5-control_noise_6000x6000.png,2026-09-19T02:52:58Z,control_noise_6000x6000.png,6000,6000,Adaptive_Median,5,20,dynamic,256,omp,yes,unset,unset,hype2,12.2.0,-O3 -Wall -Wextra -std=c++17 -fopenmp -DOMP_EXPLICIT_SIMD=1,928.109045,fcb58a627e9d9740,passed
adaptive-simd_omp-t20-dynamicx256-r5-control_half_noise_6000x6000.png,2026-09-19T02:52:59Z,control_half_noise_6000x6000.png,6000,6000,Adaptive_Median,5,20,dynamic,256,omp,yes,unset,unset,hype2,12.2.0,-O3 -Wall -Wextra -std=c++17 -fopenmp -DOMP_EXPLICIT_SIMD=1,860.834262,9d92a48896bfc25a,passed
adaptive-simd_omp-t20-dynamicx256-r5-control_bands_256_6000x6000.png,2026-09-19T02:53:01Z,control_bands_256_6000x6000.png,6000,6000,Adaptive_Median,5,20,dynamic,256,omp,yes,unset,unset,hype2,12.2.0,-O3 -Wall -Wextra -std=c++17 -fopenmp -DOMP_EXPLICIT_SIMD=1,966.381310,8f9bc97f03d5aae1,passed
adaptive-simd_off-t20-static-r5-sky.jpg,2026-09-19T02:53:03Z,sky.jpg,6936,9248,Adaptive_Median,5,20,static,,off,yes,unset,unset,hype2,12.2.0,-O3 -Wall -Wextra -std=c++17 -fopenmp -DOMP_EXPLICIT_SIMD=0 -fno-tree-vectorize,1108.545535,1e7ae9152e9643d5,passed
adaptive-simd_off-t20-static-r5-stars.jpg,2026-09-19T02:53:07Z,stars.jpg,12960,8640,Adaptive_Median,5,20,static,,off,yes,unset,unset,hype2,12.2.0,-O3 -Wall -Wextra -std=c++17 -fopenmp -DOMP_EXPLICIT_SIMD=0 -fno-tree-vectorize,1768.833041,626f977055f1c658,passed
adaptive-simd_off-t20-static-r5-rain_paisage.jpg,2026-09-19T02:53:15Z,rain_paisage.jpg,12288,16320,Adaptive_Median,5,20,static,,off,yes,unset,unset,hype2,12.2.0,-O3 -Wall -Wextra -std=c++17 -fopenmp -DOMP_EXPLICIT_SIMD=0 -fno-tree-vectorize,4305.650320,d0fdcd4b2e74abf3,passed
adaptive-simd_off-t20-static-r5-firework.jpg,2026-09-19T02:53:21Z,firework.jpg,11125,16688,Adaptive_Median,5,20,static,,off,yes,unset,unset,hype2,12.2.0,-O3 -Wall -Wextra -std=c++17 -fopenmp -DOMP_EXPLICIT_SIMD=0 -fno-tree-vectorize,3964.730510,cae2b8384ddb6aac,passed
adaptive-simd_off-t20-static-r5-control_smooth_6000x6000.png,2026-09-19T02:53:23Z,control_smooth_6000x6000.png,6000,6000,Adaptive_Median,5,20,static,,off,yes,unset,unset,hype2,12.2.0,-O3 -Wall -Wextra -std=c++17 -fopenmp -DOMP_EXPLICIT_SIMD=0 -fno-tree-vectorize,813.394904,596e3c6929662ab9,passed
adaptive-simd_off-t20-static-r5-control_noise_6000x6000.png,2026-09-19T02:53:24Z,control_noise_6000x6000.png,6000,6000,Adaptive_Median,5,20,static,,off,yes,unset,unset,hype2,12.2.0,-O3 -Wall -Wextra -std=c++17 -fopenmp -DOMP_EXPLICIT_SIMD=0 -fno-tree-vectorize,563.996916,fcb58a627e9d9740,passed
adaptive-simd_off-t20-static-r5-control_half_noise_6000x6000.png,2026-09-19T02:53:25Z,control_half_noise_6000x6000.png,6000,6000,Adaptive_Median,5,20,static,,off,yes,unset,unset,hype2,12.2.0,-O3 -Wall -Wextra -std=c++17 -fopenmp -DOMP_EXPLICIT_SIMD=0 -fno-tree-vectorize,802.952018,9d92a48896bfc25a,passed
adaptive-simd_off-t20-static-r5-control_bands_256_6000x6000.png,2026-09-19T02:53:27Z,control_bands_256_6000x6000.png,6000,6000,Adaptive_Median,5,20,static,,off,yes,unset,unset,hype2,12.2.0,-O3 -Wall -Wextra -std=c++17 -fopenmp -DOMP_EXPLICIT_SIMD=0 -fno-tree-vectorize,727.538381,8f9bc97f03d5aae1,passed
adaptive-simd_omp-t20-static-r5-sky.jpg,2026-09-19T02:53:29Z,sky.jpg,6936,9248,Adaptive_Median,5,20,static,,omp,yes,unset,unset,hype2,12.2.0,-O3 -Wall -Wextra -std=c++17 -fopenmp -DOMP_EXPLICIT_SIMD=1,1134.012802,1e7ae9152e9643d5,passed
adaptive-simd_omp-t20-static-r5-stars.jpg,2026-09-19T02:53:33Z,stars.jpg,12960,8640,Adaptive_Median,5,20,static,,omp,yes,unset,unset,hype2,12.2.0,-O3 -Wall -Wextra -std=c++17 -fopenmp -DOMP_EXPLICIT_SIMD=1,1815.667804,626f977055f1c658,passed
adaptive-simd_omp-t20-static-r5-rain_paisage.jpg,2026-09-19T02:53:41Z,rain_paisage.jpg,12288,16320,Adaptive_Median,5,20,static,,omp,yes,unset,unset,hype2,12.2.0,-O3 -Wall -Wextra -std=c++17 -fopenmp -DOMP_EXPLICIT_SIMD=1,4377.112358,d0fdcd4b2e74abf3,passed
adaptive-simd_omp-t20-static-r5-firework.jpg,2026-09-19T02:53:48Z,firework.jpg,11125,16688,Adaptive_Median,5,20,static,,omp,yes,unset,unset,hype2,12.2.0,-O3 -Wall -Wextra -std=c++17 -fopenmp -DOMP_EXPLICIT_SIMD=1,4022.406360,cae2b8384ddb6aac,passed
adaptive-simd_omp-t20-static-r5-control_smooth_6000x6000.png,2026-09-19T02:53:49Z,control_smooth_6000x6000.png,6000,6000,Adaptive_Median,5,20,static,,omp,yes,unset,unset,hype2,12.2.0,-O3 -Wall -Wextra -std=c++17 -fopenmp -DOMP_EXPLICIT_SIMD=1,857.551869,596e3c6929662ab9,passed
adaptive-simd_omp-t20-static-r5-control_noise_6000x6000.png,2026-09-19T02:53:50Z,control_noise_6000x6000.png,6000,6000,Adaptive_Median,5,20,static,,omp,yes,unset,unset,hype2,12.2.0,-O3 -Wall -Wextra -std=c++17 -fopenmp -DOMP_EXPLICIT_SIMD=1,788.417247,fcb58a627e9d9740,passed
adaptive-simd_omp-t20-static-r5-control_half_noise_6000x6000.png,2026-09-19T02:53:52Z,control_half_noise_6000x6000.png,6000,6000,Adaptive_Median,5,20,static,,omp,yes,unset,unset,hype2,12.2.0,-O3 -Wall -Wextra -std=c++17 -fopenmp -DOMP_EXPLICIT_SIMD=1,816.036069,9d92a48896bfc25a,passed
adaptive-simd_omp-t20-static-r5-control_bands_256_6000x6000.png,2026-09-19T02:53:53Z,control_bands_256_6000x6000.png,6000,6000,Adaptive_Median,5,20,static,,omp,yes,unset,unset,hype2,12.2.0,-O3 -Wall -Wextra -std=c++17 -fopenmp -DOMP_EXPLICIT_SIMD=1,744.156612,8f9bc97f03d5aae1,passed
adaptive-simd_off-t20-dynamicx1-r5-sky.jpg,2026-09-19T02:53:55Z,sky.jpg,6936,9248,Adaptive_Median,5,20,dynamic,1,off,yes,unset,unset,hype2,12.2.0,-O3 -Wall -Wextra -std=c++17 -fopenmp -DOMP_EXPLICIT_SIMD=0 -fno-tree-vectorize,1042.099397,1e7ae9152e9643d5,passed
adaptive-simd_off-t20-dynamicx1-r5-stars.jpg,2026-09-19T02:53:59Z,stars.jpg,12960,8640,Adaptive_Median,5,20,dynamic,1,off,yes,unset,unset,hype2,12.2.0,-O3 -Wall -Wextra -std=c++17 -fopenmp -DOMP_EXPLICIT_SIMD=0 -fno-tree-vectorize,1642.125494,626f977055f1c658,passed
adaptive-simd_off-t20-dynamicx1-r5-rain_paisage.jpg,2026-09-19T02:54:06Z,rain_paisage.jpg,12288,16320,Adaptive_Median,5,20,dynamic,1,off,yes,unset,unset,hype2,12.2.0,-O3 -Wall -Wextra -std=c++17 -fopenmp -DOMP_EXPLICIT_SIMD=0 -fno-tree-vectorize,3169.165792,d0fdcd4b2e74abf3,passed
adaptive-simd_off-t20-dynamicx1-r5-firework.jpg,2026-09-19T02:54:12Z,firework.jpg,11125,16688,Adaptive_Median,5,20,dynamic,1,off,yes,unset,unset,hype2,12.2.0,-O3 -Wall -Wextra -std=c++17 -fopenmp -DOMP_EXPLICIT_SIMD=0 -fno-tree-vectorize,3060.762715,cae2b8384ddb6aac,passed
adaptive-simd_off-t20-dynamicx1-r5-control_smooth_6000x6000.png,2026-09-19T02:54:13Z,control_smooth_6000x6000.png,6000,6000,Adaptive_Median,5,20,dynamic,1,off,yes,unset,unset,hype2,12.2.0,-O3 -Wall -Wextra -std=c++17 -fopenmp -DOMP_EXPLICIT_SIMD=0 -fno-tree-vectorize,815.693095,596e3c6929662ab9,passed
adaptive-simd_off-t20-dynamicx1-r5-control_noise_6000x6000.png,2026-09-19T02:54:14Z,control_noise_6000x6000.png,6000,6000,Adaptive_Median,5,20,dynamic,1,off,yes,unset,unset,hype2,12.2.0,-O3 -Wall -Wextra -std=c++17 -fopenmp -DOMP_EXPLICIT_SIMD=0 -fno-tree-vectorize,568.183192,fcb58a627e9d9740,passed
adaptive-simd_off-t20-dynamicx1-r5-control_half_noise_6000x6000.png,2026-09-19T02:54:15Z,control_half_noise_6000x6000.png,6000,6000,Adaptive_Median,5,20,dynamic,1,off,yes,unset,unset,hype2,12.2.0,-O3 -Wall -Wextra -std=c++17 -fopenmp -DOMP_EXPLICIT_SIMD=0 -fno-tree-vectorize,598.048862,9d92a48896bfc25a,passed
adaptive-simd_off-t20-dynamicx1-r5-control_bands_256_6000x6000.png,2026-09-19T02:54:17Z,control_bands_256_6000x6000.png,6000,6000,Adaptive_Median,5,20,dynamic,1,off,yes,unset,unset,hype2,12.2.0,-O3 -Wall -Wextra -std=c++17 -fopenmp -DOMP_EXPLICIT_SIMD=0 -fno-tree-vectorize,603.766231,8f9bc97f03d5aae1,passed
adaptive-simd_omp-t20-dynamicx1-r5-sky.jpg,2026-09-19T02:54:19Z,sky.jpg,6936,9248,Adaptive_Median,5,20,dynamic,1,omp,yes,unset,unset,hype2,12.2.0,-O3 -Wall -Wextra -std=c++17 -fopenmp -DOMP_EXPLICIT_SIMD=1,1069.224621,1e7ae9152e9643d5,passed
adaptive-simd_omp-t20-dynamicx1-r5-stars.jpg,2026-09-19T02:54:23Z,stars.jpg,12960,8640,Adaptive_Median,5,20,dynamic,1,omp,yes,unset,unset,hype2,12.2.0,-O3 -Wall -Wextra -std=c++17 -fopenmp -DOMP_EXPLICIT_SIMD=1,1690.521363,626f977055f1c658,passed
adaptive-simd_omp-t20-dynamicx1-r5-rain_paisage.jpg,2026-09-19T02:54:29Z,rain_paisage.jpg,12288,16320,Adaptive_Median,5,20,dynamic,1,omp,yes,unset,unset,hype2,12.2.0,-O3 -Wall -Wextra -std=c++17 -fopenmp -DOMP_EXPLICIT_SIMD=1,3230.175745,d0fdcd4b2e74abf3,passed
adaptive-simd_omp-t20-dynamicx1-r5-firework.jpg,2026-09-19T02:54:35Z,firework.jpg,11125,16688,Adaptive_Median,5,20,dynamic,1,omp,yes,unset,unset,hype2,12.2.0,-O3 -Wall -Wextra -std=c++17 -fopenmp -DOMP_EXPLICIT_SIMD=1,3127.008567,cae2b8384ddb6aac,passed
adaptive-simd_omp-t20-dynamicx1-r5-control_smooth_6000x6000.png,2026-09-19T02:54:36Z,control_smooth_6000x6000.png,6000,6000,Adaptive_Median,5,20,dynamic,1,omp,yes,unset,unset,hype2,12.2.0,-O3 -Wall -Wextra -std=c++17 -fopenmp -DOMP_EXPLICIT_SIMD=1,830.857291,596e3c6929662ab9,passed
adaptive-simd_omp-t20-dynamicx1-r5-control_noise_6000x6000.png,2026-09-19T02:54:38Z,control_noise_6000x6000.png,6000,6000,Adaptive_Median,5,20,dynamic,1,omp,yes,unset,unset,hype2,12.2.0,-O3 -Wall -Wextra -std=c++17 -fopenmp -DOMP_EXPLICIT_SIMD=1,580.870684,fcb58a627e9d9740,passed
adaptive-simd_omp-t20-dynamicx1-r5-control_half_noise_6000x6000.png,2026-09-19T02:54:39Z,control_half_noise_6000x6000.png,6000,6000,Adaptive_Median,5,20,dynamic,1,omp,yes,unset,unset,hype2,12.2.0,-O3 -Wall -Wextra -std=c++17 -fopenmp -DOMP_EXPLICIT_SIMD=1,612.265662,9d92a48896bfc25a,passed
adaptive-simd_omp-t20-dynamicx1-r5-control_bands_256_6000x6000.png,2026-09-19T02:54:40Z,control_bands_256_6000x6000.png,6000,6000,Adaptive_Median,5,20,dynamic,1,omp,yes,unset,unset,hype2,12.2.0,-O3 -Wall -Wextra -std=c++17 -fopenmp -DOMP_EXPLICIT_SIMD=1,619.097453,8f9bc97f03d5aae1,passed
adaptive-simd_off-t1-static-r1-sky.jpg,2026-09-19T03:07:59Z,sky.jpg,6936,9248,Adaptive_Median,1,1,static,,off,yes,unset,unset,hype2,12.2.0,-O3 -Wall -Wextra -std=c++17 -fopenmp -DOMP_EXPLICIT_SIMD=0 -fno-tree-vectorize,16781.017474,1e7ae9152e9643d5,passed
adaptive-simd_off-t1-static-r1-stars.jpg,2026-09-19T03:08:27Z,stars.jpg,12960,8640,Adaptive_Median,1,1,static,,off,yes,unset,unset,hype2,12.2.0,-O3 -Wall -Wextra -std=c++17 -fopenmp -DOMP_EXPLICIT_SIMD=0 -fno-tree-vectorize,26489.081415,626f977055f1c658,passed
adaptive-simd_off-t1-static-r1-rain_paisage.jpg,2026-09-19T03:09:20Z,rain_paisage.jpg,12288,16320,Adaptive_Median,1,1,static,,off,yes,unset,unset,hype2,12.2.0,-O3 -Wall -Wextra -std=c++17 -fopenmp -DOMP_EXPLICIT_SIMD=0 -fno-tree-vectorize,49657.595053,d0fdcd4b2e74abf3,passed
adaptive-simd_off-t1-static-r1-firework.jpg,2026-09-19T03:10:11Z,firework.jpg,11125,16688,Adaptive_Median,1,1,static,,off,yes,unset,unset,hype2,12.2.0,-O3 -Wall -Wextra -std=c++17 -fopenmp -DOMP_EXPLICIT_SIMD=0 -fno-tree-vectorize,47855.807793,cae2b8384ddb6aac,passed
adaptive-simd_off-t1-static-r1-control_smooth_6000x6000.png,2026-09-19T03:10:24Z,control_smooth_6000x6000.png,6000,6000,Adaptive_Median,1,1,static,,off,yes,unset,unset,hype2,12.2.0,-O3 -Wall -Wextra -std=c++17 -fopenmp -DOMP_EXPLICIT_SIMD=0 -fno-tree-vectorize,12634.795882,596e3c6929662ab9,passed
adaptive-simd_off-t1-static-r1-control_noise_6000x6000.png,2026-09-19T03:10:34Z,control_noise_6000x6000.png,6000,6000,Adaptive_Median,1,1,static,,off,yes,unset,unset,hype2,12.2.0,-O3 -Wall -Wextra -std=c++17 -fopenmp -DOMP_EXPLICIT_SIMD=0 -fno-tree-vectorize,9179.231285,fcb58a627e9d9740,passed
adaptive-simd_off-t1-static-r1-control_half_noise_6000x6000.png,2026-09-19T03:10:44Z,control_half_noise_6000x6000.png,6000,6000,Adaptive_Median,1,1,static,,off,yes,unset,unset,hype2,12.2.0,-O3 -Wall -Wextra -std=c++17 -fopenmp -DOMP_EXPLICIT_SIMD=0 -fno-tree-vectorize,9293.377146,9d92a48896bfc25a,passed
adaptive-simd_off-t1-static-r1-control_bands_256_6000x6000.png,2026-09-19T03:10:54Z,control_bands_256_6000x6000.png,6000,6000,Adaptive_Median,1,1,static,,off,yes,unset,unset,hype2,12.2.0,-O3 -Wall -Wextra -std=c++17 -fopenmp -DOMP_EXPLICIT_SIMD=0 -fno-tree-vectorize,9329.519171,8f9bc97f03d5aae1,passed
adaptive-simd_omp-t1-static-r1-sky.jpg,2026-09-19T03:11:12Z,sky.jpg,6936,9248,Adaptive_Median,1,1,static,,omp,yes,unset,unset,hype2,12.2.0,-O3 -Wall -Wextra -std=c++17 -fopenmp -DOMP_EXPLICIT_SIMD=1,17207.211254,1e7ae9152e9643d5,passed
adaptive-simd_omp-t1-static-r1-stars.jpg,2026-09-19T03:11:42Z,stars.jpg,12960,8640,Adaptive_Median,1,1,static,,omp,yes,unset,unset,hype2,12.2.0,-O3 -Wall -Wextra -std=c++17 -fopenmp -DOMP_EXPLICIT_SIMD=1,27324.499447,626f977055f1c658,passed
adaptive-simd_omp-t1-static-r1-rain_paisage.jpg,2026-09-19T03:12:36Z,rain_paisage.jpg,12288,16320,Adaptive_Median,1,1,static,,omp,yes,unset,unset,hype2,12.2.0,-O3 -Wall -Wextra -std=c++17 -fopenmp -DOMP_EXPLICIT_SIMD=1,50669.770801,d0fdcd4b2e74abf3,passed
adaptive-simd_omp-t1-static-r1-firework.jpg,2026-09-19T03:13:28Z,firework.jpg,11125,16688,Adaptive_Median,1,1,static,,omp,yes,unset,unset,hype2,12.2.0,-O3 -Wall -Wextra -std=c++17 -fopenmp -DOMP_EXPLICIT_SIMD=1,48882.821186,cae2b8384ddb6aac,passed
adaptive-simd_omp-t1-static-r1-control_smooth_6000x6000.png,2026-09-19T03:13:41Z,control_smooth_6000x6000.png,6000,6000,Adaptive_Median,1,1,static,,omp,yes,unset,unset,hype2,12.2.0,-O3 -Wall -Wextra -std=c++17 -fopenmp -DOMP_EXPLICIT_SIMD=1,12904.777217,596e3c6929662ab9,passed
adaptive-simd_omp-t1-static-r1-control_noise_6000x6000.png,2026-09-19T03:13:51Z,control_noise_6000x6000.png,6000,6000,Adaptive_Median,1,1,static,,omp,yes,unset,unset,hype2,12.2.0,-O3 -Wall -Wextra -std=c++17 -fopenmp -DOMP_EXPLICIT_SIMD=1,9357.721886,fcb58a627e9d9740,passed
adaptive-simd_omp-t1-static-r1-control_half_noise_6000x6000.png,2026-09-19T03:14:01Z,control_half_noise_6000x6000.png,6000,6000,Adaptive_Median,1,1,static,,omp,yes,unset,unset,hype2,12.2.0,-O3 -Wall -Wextra -std=c++17 -fopenmp -DOMP_EXPLICIT_SIMD=1,9537.454285,9d92a48896bfc25a,passed
adaptive-simd_omp-t1-static-r1-control_bands_256_6000x6000.png,2026-09-19T03:14:11Z,control_bands_256_6000x6000.png,6000,6000,Adaptive_Median,1,1,static,,omp,yes,unset,unset,hype2,12.2.0,-O3 -Wall -Wextra -std=c++17 -fopenmp -DOMP_EXPLICIT_SIMD=1,9583.539317,8f9bc97f03d5aae1,passed
adaptive-simd_off-t1-dynamicx16-r1-sky.jpg,2026-09-19T03:14:29Z,sky.jpg,6936,9248,Adaptive_Median,1,1,dynamic,16,off,yes,unset,unset,hype2,12.2.0,-O3 -Wall -Wextra -std=c++17 -fopenmp -DOMP_EXPLICIT_SIMD=0 -fno-tree-vectorize,16773.549674,1e7ae9152e9643d5,passed
adaptive-simd_off-t1-dynamicx16-r1-stars.jpg,2026-09-19T03:14:58Z,stars.jpg,12960,8640,Adaptive_Median,1,1,dynamic,16,off,yes,unset,unset,hype2,12.2.0,-O3 -Wall -Wextra -std=c++17 -fopenmp -DOMP_EXPLICIT_SIMD=0 -fno-tree-vectorize,26519.229133,626f977055f1c658,passed
adaptive-simd_off-t1-dynamicx16-r1-rain_paisage.jpg,2026-09-19T03:15:51Z,rain_paisage.jpg,12288,16320,Adaptive_Median,1,1,dynamic,16,off,yes,unset,unset,hype2,12.2.0,-O3 -Wall -Wextra -std=c++17 -fopenmp -DOMP_EXPLICIT_SIMD=0 -fno-tree-vectorize,49660.145821,d0fdcd4b2e74abf3,passed
adaptive-simd_off-t1-dynamicx16-r1-firework.jpg,2026-09-19T03:16:41Z,firework.jpg,11125,16688,Adaptive_Median,1,1,dynamic,16,off,yes,unset,unset,hype2,12.2.0,-O3 -Wall -Wextra -std=c++17 -fopenmp -DOMP_EXPLICIT_SIMD=0 -fno-tree-vectorize,47846.769049,cae2b8384ddb6aac,passed
adaptive-simd_off-t1-dynamicx16-r1-control_smooth_6000x6000.png,2026-09-19T03:16:55Z,control_smooth_6000x6000.png,6000,6000,Adaptive_Median,1,1,dynamic,16,off,yes,unset,unset,hype2,12.2.0,-O3 -Wall -Wextra -std=c++17 -fopenmp -DOMP_EXPLICIT_SIMD=0 -fno-tree-vectorize,12615.492948,596e3c6929662ab9,passed
adaptive-simd_off-t1-dynamicx16-r1-control_noise_6000x6000.png,2026-09-19T03:17:04Z,control_noise_6000x6000.png,6000,6000,Adaptive_Median,1,1,dynamic,16,off,yes,unset,unset,hype2,12.2.0,-O3 -Wall -Wextra -std=c++17 -fopenmp -DOMP_EXPLICIT_SIMD=0 -fno-tree-vectorize,9180.178519,fcb58a627e9d9740,passed
adaptive-simd_off-t1-dynamicx16-r1-control_half_noise_6000x6000.png,2026-09-19T03:17:14Z,control_half_noise_6000x6000.png,6000,6000,Adaptive_Median,1,1,dynamic,16,off,yes,unset,unset,hype2,12.2.0,-O3 -Wall -Wextra -std=c++17 -fopenmp -DOMP_EXPLICIT_SIMD=0 -fno-tree-vectorize,9291.607839,9d92a48896bfc25a,passed
adaptive-simd_off-t1-dynamicx16-r1-control_bands_256_6000x6000.png,2026-09-19T03:17:24Z,control_bands_256_6000x6000.png,6000,6000,Adaptive_Median,1,1,dynamic,16,off,yes,unset,unset,hype2,12.2.0,-O3 -Wall -Wextra -std=c++17 -fopenmp -DOMP_EXPLICIT_SIMD=0 -fno-tree-vectorize,9328.555500,8f9bc97f03d5aae1,passed
adaptive-simd_omp-t1-dynamicx16-r1-sky.jpg,2026-09-19T03:17:43Z,sky.jpg,6936,9248,Adaptive_Median,1,1,dynamic,16,omp,yes,unset,unset,hype2,12.2.0,-O3 -Wall -Wextra -std=c++17 -fopenmp -DOMP_EXPLICIT_SIMD=1,17203.385168,1e7ae9152e9643d5,passed
adaptive-simd_omp-t1-dynamicx16-r1-stars.jpg,2026-09-19T03:18:12Z,stars.jpg,12960,8640,Adaptive_Median,1,1,dynamic,16,omp,yes,unset,unset,hype2,12.2.0,-O3 -Wall -Wextra -std=c++17 -fopenmp -DOMP_EXPLICIT_SIMD=1,27156.937451,626f977055f1c658,passed
adaptive-simd_omp-t1-dynamicx16-r1-rain_paisage.jpg,2026-09-19T03:19:06Z,rain_paisage.jpg,12288,16320,Adaptive_Median,1,1,dynamic,16,omp,yes,unset,unset,hype2,12.2.0,-O3 -Wall -Wextra -std=c++17 -fopenmp -DOMP_EXPLICIT_SIMD=1,50671.733865,d0fdcd4b2e74abf3,passed
adaptive-simd_omp-t1-dynamicx16-r1-firework.jpg,2026-09-19T03:19:58Z,firework.jpg,11125,16688,Adaptive_Median,1,1,dynamic,16,omp,yes,unset,unset,hype2,12.2.0,-O3 -Wall -Wextra -std=c++17 -fopenmp -DOMP_EXPLICIT_SIMD=1,48881.466658,cae2b8384ddb6aac,passed
adaptive-simd_omp-t1-dynamicx16-r1-control_smooth_6000x6000.png,2026-09-19T03:20:11Z,control_smooth_6000x6000.png,6000,6000,Adaptive_Median,1,1,dynamic,16,omp,yes,unset,unset,hype2,12.2.0,-O3 -Wall -Wextra -std=c++17 -fopenmp -DOMP_EXPLICIT_SIMD=1,12904.768608,596e3c6929662ab9,passed
adaptive-simd_omp-t1-dynamicx16-r1-control_noise_6000x6000.png,2026-09-19T03:20:21Z,control_noise_6000x6000.png,6000,6000,Adaptive_Median,1,1,dynamic,16,omp,yes,unset,unset,hype2,12.2.0,-O3 -Wall -Wextra -std=c++17 -fopenmp -DOMP_EXPLICIT_SIMD=1,9355.746601,fcb58a627e9d9740,passed
adaptive-simd_omp-t1-dynamicx16-r1-control_half_noise_6000x6000.png,2026-09-19T03:20:31Z,control_half_noise_6000x6000.png,6000,6000,Adaptive_Median,1,1,dynamic,16,omp,yes,unset,unset,hype2,12.2.0,-O3 -Wall -Wextra -std=c++17 -fopenmp -DOMP_EXPLICIT_SIMD=1,9531.828920,9d92a48896bfc25a,passed
adaptive-simd_omp-t1-dynamicx16-r1-control_bands_256_6000x6000.png,2026-09-19T03:20:42Z,control_bands_256_6000x6000.png,6000,6000,Adaptive_Median,1,1,dynamic,16,omp,yes,unset,unset,hype2,12.2.0,-O3 -Wall -Wextra -std=c++17 -fopenmp -DOMP_EXPLICIT_SIMD=1,9578.525217,8f9bc97f03d5aae1,passed
adaptive-simd_omp-t1-static-r2-sky.jpg,2026-09-19T03:21:00Z,sky.jpg,6936,9248,Adaptive_Median,2,1,static,,omp,yes,unset,unset,hype2,12.2.0,-O3 -Wall -Wextra -std=c++17 -fopenmp -DOMP_EXPLICIT_SIMD=1,17205.839677,1e7ae9152e9643d5,passed
adaptive-simd_omp-t1-static-r2-stars.jpg,2026-09-19T03:21:29Z,stars.jpg,12960,8640,Adaptive_Median,2,1,static,,omp,yes,unset,unset,hype2,12.2.0,-O3 -Wall -Wextra -std=c++17 -fopenmp -DOMP_EXPLICIT_SIMD=1,27184.409285,626f977055f1c658,passed
adaptive-simd_omp-t1-static-r2-rain_paisage.jpg,2026-09-19T03:22:23Z,rain_paisage.jpg,12288,16320,Adaptive_Median,2,1,static,,omp,yes,unset,unset,hype2,12.2.0,-O3 -Wall -Wextra -std=c++17 -fopenmp -DOMP_EXPLICIT_SIMD=1,50684.537792,d0fdcd4b2e74abf3,passed
adaptive-simd_omp-t1-static-r2-firework.jpg,2026-09-19T03:23:15Z,firework.jpg,11125,16688,Adaptive_Median,2,1,static,,omp,yes,unset,unset,hype2,12.2.0,-O3 -Wall -Wextra -std=c++17 -fopenmp -DOMP_EXPLICIT_SIMD=1,48890.703372,cae2b8384ddb6aac,passed
adaptive-simd_omp-t1-static-r2-control_smooth_6000x6000.png,2026-09-19T03:23:28Z,control_smooth_6000x6000.png,6000,6000,Adaptive_Median,2,1,static,,omp,yes,unset,unset,hype2,12.2.0,-O3 -Wall -Wextra -std=c++17 -fopenmp -DOMP_EXPLICIT_SIMD=1,12897.790255,596e3c6929662ab9,passed
adaptive-simd_omp-t1-static-r2-control_noise_6000x6000.png,2026-09-19T03:23:38Z,control_noise_6000x6000.png,6000,6000,Adaptive_Median,2,1,static,,omp,yes,unset,unset,hype2,12.2.0,-O3 -Wall -Wextra -std=c++17 -fopenmp -DOMP_EXPLICIT_SIMD=1,9360.074504,fcb58a627e9d9740,passed
adaptive-simd_omp-t1-static-r2-control_half_noise_6000x6000.png,2026-09-19T03:23:48Z,control_half_noise_6000x6000.png,6000,6000,Adaptive_Median,2,1,static,,omp,yes,unset,unset,hype2,12.2.0,-O3 -Wall -Wextra -std=c++17 -fopenmp -DOMP_EXPLICIT_SIMD=1,9533.788678,9d92a48896bfc25a,passed
adaptive-simd_omp-t1-static-r2-control_bands_256_6000x6000.png,2026-09-19T03:23:59Z,control_bands_256_6000x6000.png,6000,6000,Adaptive_Median,2,1,static,,omp,yes,unset,unset,hype2,12.2.0,-O3 -Wall -Wextra -std=c++17 -fopenmp -DOMP_EXPLICIT_SIMD=1,9571.921144,8f9bc97f03d5aae1,passed
adaptive-simd_off-t1-dynamicx16-r2-sky.jpg,2026-09-19T03:24:16Z,sky.jpg,6936,9248,Adaptive_Median,2,1,dynamic,16,off,yes,unset,unset,hype2,12.2.0,-O3 -Wall -Wextra -std=c++17 -fopenmp -DOMP_EXPLICIT_SIMD=0 -fno-tree-vectorize,16779.218080,1e7ae9152e9643d5,passed
adaptive-simd_off-t1-dynamicx16-r2-stars.jpg,2026-09-19T03:24:45Z,stars.jpg,12960,8640,Adaptive_Median,2,1,dynamic,16,off,yes,unset,unset,hype2,12.2.0,-O3 -Wall -Wextra -std=c++17 -fopenmp -DOMP_EXPLICIT_SIMD=0 -fno-tree-vectorize,26493.079408,626f977055f1c658,passed
adaptive-simd_off-t1-dynamicx16-r2-rain_paisage.jpg,2026-09-19T03:25:38Z,rain_paisage.jpg,12288,16320,Adaptive_Median,2,1,dynamic,16,off,yes,unset,unset,hype2,12.2.0,-O3 -Wall -Wextra -std=c++17 -fopenmp -DOMP_EXPLICIT_SIMD=0 -fno-tree-vectorize,49668.947770,d0fdcd4b2e74abf3,passed
adaptive-simd_off-t1-dynamicx16-r2-firework.jpg,2026-09-19T03:26:29Z,firework.jpg,11125,16688,Adaptive_Median,2,1,dynamic,16,off,yes,unset,unset,hype2,12.2.0,-O3 -Wall -Wextra -std=c++17 -fopenmp -DOMP_EXPLICIT_SIMD=0 -fno-tree-vectorize,47843.861403,cae2b8384ddb6aac,passed
adaptive-simd_off-t1-dynamicx16-r2-control_smooth_6000x6000.png,2026-09-19T03:26:42Z,control_smooth_6000x6000.png,6000,6000,Adaptive_Median,2,1,dynamic,16,off,yes,unset,unset,hype2,12.2.0,-O3 -Wall -Wextra -std=c++17 -fopenmp -DOMP_EXPLICIT_SIMD=0 -fno-tree-vectorize,12635.908471,596e3c6929662ab9,passed
adaptive-simd_off-t1-dynamicx16-r2-control_noise_6000x6000.png,2026-09-19T03:26:52Z,control_noise_6000x6000.png,6000,6000,Adaptive_Median,2,1,dynamic,16,off,yes,unset,unset,hype2,12.2.0,-O3 -Wall -Wextra -std=c++17 -fopenmp -DOMP_EXPLICIT_SIMD=0 -fno-tree-vectorize,9172.113812,fcb58a627e9d9740,passed
adaptive-simd_off-t1-dynamicx16-r2-control_half_noise_6000x6000.png,2026-09-19T03:27:02Z,control_half_noise_6000x6000.png,6000,6000,Adaptive_Median,2,1,dynamic,16,off,yes,unset,unset,hype2,12.2.0,-O3 -Wall -Wextra -std=c++17 -fopenmp -DOMP_EXPLICIT_SIMD=0 -fno-tree-vectorize,9292.308714,9d92a48896bfc25a,passed
adaptive-simd_off-t1-dynamicx16-r2-control_bands_256_6000x6000.png,2026-09-19T03:27:12Z,control_bands_256_6000x6000.png,6000,6000,Adaptive_Median,2,1,dynamic,16,off,yes,unset,unset,hype2,12.2.0,-O3 -Wall -Wextra -std=c++17 -fopenmp -DOMP_EXPLICIT_SIMD=0 -fno-tree-vectorize,9335.436574,8f9bc97f03d5aae1,passed
adaptive-simd_omp-t1-dynamicx16-r2-sky.jpg,2026-09-19T03:27:30Z,sky.jpg,6936,9248,Adaptive_Median,2,1,dynamic,16,omp,yes,unset,unset,hype2,12.2.0,-O3 -Wall -Wextra -std=c++17 -fopenmp -DOMP_EXPLICIT_SIMD=1,17199.723487,1e7ae9152e9643d5,passed
adaptive-simd_omp-t1-dynamicx16-r2-stars.jpg,2026-09-19T03:27:59Z,stars.jpg,12960,8640,Adaptive_Median,2,1,dynamic,16,omp,yes,unset,unset,hype2,12.2.0,-O3 -Wall -Wextra -std=c++17 -fopenmp -DOMP_EXPLICIT_SIMD=1,27160.256171,626f977055f1c658,passed
adaptive-simd_omp-t1-dynamicx16-r2-rain_paisage.jpg,2026-09-19T03:28:53Z,rain_paisage.jpg,12288,16320,Adaptive_Median,2,1,dynamic,16,omp,yes,unset,unset,hype2,12.2.0,-O3 -Wall -Wextra -std=c++17 -fopenmp -DOMP_EXPLICIT_SIMD=1,50667.261631,d0fdcd4b2e74abf3,passed
adaptive-simd_omp-t1-dynamicx16-r2-firework.jpg,2026-09-19T03:29:45Z,firework.jpg,11125,16688,Adaptive_Median,2,1,dynamic,16,omp,yes,unset,unset,hype2,12.2.0,-O3 -Wall -Wextra -std=c++17 -fopenmp -DOMP_EXPLICIT_SIMD=1,48885.813087,cae2b8384ddb6aac,passed
adaptive-simd_omp-t1-dynamicx16-r2-control_smooth_6000x6000.png,2026-09-19T03:29:58Z,control_smooth_6000x6000.png,6000,6000,Adaptive_Median,2,1,dynamic,16,omp,yes,unset,unset,hype2,12.2.0,-O3 -Wall -Wextra -std=c++17 -fopenmp -DOMP_EXPLICIT_SIMD=1,12900.866115,596e3c6929662ab9,passed
adaptive-simd_omp-t1-dynamicx16-r2-control_noise_6000x6000.png,2026-09-19T03:30:08Z,control_noise_6000x6000.png,6000,6000,Adaptive_Median,2,1,dynamic,16,omp,yes,unset,unset,hype2,12.2.0,-O3 -Wall -Wextra -std=c++17 -fopenmp -DOMP_EXPLICIT_SIMD=1,9356.544951,fcb58a627e9d9740,passed
adaptive-simd_omp-t1-dynamicx16-r2-control_half_noise_6000x6000.png,2026-09-19T03:30:19Z,control_half_noise_6000x6000.png,6000,6000,Adaptive_Median,2,1,dynamic,16,omp,yes,unset,unset,hype2,12.2.0,-O3 -Wall -Wextra -std=c++17 -fopenmp -DOMP_EXPLICIT_SIMD=1,9532.251866,9d92a48896bfc25a,passed
adaptive-simd_omp-t1-dynamicx16-r2-control_bands_256_6000x6000.png,2026-09-19T03:30:29Z,control_bands_256_6000x6000.png,6000,6000,Adaptive_Median,2,1,dynamic,16,omp,yes,unset,unset,hype2,12.2.0,-O3 -Wall -Wextra -std=c++17 -fopenmp -DOMP_EXPLICIT_SIMD=1,9570.300514,8f9bc97f03d5aae1,passed
adaptive-simd_off-t1-static-r2-sky.jpg,2026-09-19T03:30:47Z,sky.jpg,6936,9248,Adaptive_Median,2,1,static,,off,yes,unset,unset,hype2,12.2.0,-O3 -Wall -Wextra -std=c++17 -fopenmp -DOMP_EXPLICIT_SIMD=0 -fno-tree-vectorize,16780.339685,1e7ae9152e9643d5,passed
adaptive-simd_off-t1-static-r2-stars.jpg,2026-09-19T03:31:15Z,stars.jpg,12960,8640,Adaptive_Median,2,1,static,,off,yes,unset,unset,hype2,12.2.0,-O3 -Wall -Wextra -std=c++17 -fopenmp -DOMP_EXPLICIT_SIMD=0 -fno-tree-vectorize,26494.056533,626f977055f1c658,passed
adaptive-simd_off-t1-static-r2-rain_paisage.jpg,2026-09-19T03:32:08Z,rain_paisage.jpg,12288,16320,Adaptive_Median,2,1,static,,off,yes,unset,unset,hype2,12.2.0,-O3 -Wall -Wextra -std=c++17 -fopenmp -DOMP_EXPLICIT_SIMD=0 -fno-tree-vectorize,49658.800718,d0fdcd4b2e74abf3,passed
adaptive-simd_off-t1-static-r2-firework.jpg,2026-09-19T03:32:59Z,firework.jpg,11125,16688,Adaptive_Median,2,1,static,,off,yes,unset,unset,hype2,12.2.0,-O3 -Wall -Wextra -std=c++17 -fopenmp -DOMP_EXPLICIT_SIMD=0 -fno-tree-vectorize,47843.490750,cae2b8384ddb6aac,passed
adaptive-simd_off-t1-static-r2-control_smooth_6000x6000.png,2026-09-19T03:33:12Z,control_smooth_6000x6000.png,6000,6000,Adaptive_Median,2,1,static,,off,yes,unset,unset,hype2,12.2.0,-O3 -Wall -Wextra -std=c++17 -fopenmp -DOMP_EXPLICIT_SIMD=0 -fno-tree-vectorize,12642.596900,596e3c6929662ab9,passed
adaptive-simd_off-t1-static-r2-control_noise_6000x6000.png,2026-09-19T03:33:22Z,control_noise_6000x6000.png,6000,6000,Adaptive_Median,2,1,static,,off,yes,unset,unset,hype2,12.2.0,-O3 -Wall -Wextra -std=c++17 -fopenmp -DOMP_EXPLICIT_SIMD=0 -fno-tree-vectorize,9171.852324,fcb58a627e9d9740,passed
adaptive-simd_off-t1-static-r2-control_half_noise_6000x6000.png,2026-09-19T03:33:32Z,control_half_noise_6000x6000.png,6000,6000,Adaptive_Median,2,1,static,,off,yes,unset,unset,hype2,12.2.0,-O3 -Wall -Wextra -std=c++17 -fopenmp -DOMP_EXPLICIT_SIMD=0 -fno-tree-vectorize,9292.301065,9d92a48896bfc25a,passed
adaptive-simd_off-t1-static-r2-control_bands_256_6000x6000.png,2026-09-19T03:33:42Z,control_bands_256_6000x6000.png,6000,6000,Adaptive_Median,2,1,static,,off,yes,unset,unset,hype2,12.2.0,-O3 -Wall -Wextra -std=c++17 -fopenmp -DOMP_EXPLICIT_SIMD=0 -fno-tree-vectorize,9336.600102,8f9bc97f03d5aae1,passed
adaptive-simd_off-t1-dynamicx16-r3-sky.jpg,2026-09-19T03:34:00Z,sky.jpg,6936,9248,Adaptive_Median,3,1,dynamic,16,off,yes,unset,unset,hype2,12.2.0,-O3 -Wall -Wextra -std=c++17 -fopenmp -DOMP_EXPLICIT_SIMD=0 -fno-tree-vectorize,16774.684659,1e7ae9152e9643d5,passed
adaptive-simd_off-t1-dynamicx16-r3-stars.jpg,2026-09-19T03:34:28Z,stars.jpg,12960,8640,Adaptive_Median,3,1,dynamic,16,off,yes,unset,unset,hype2,12.2.0,-O3 -Wall -Wextra -std=c++17 -fopenmp -DOMP_EXPLICIT_SIMD=0 -fno-tree-vectorize,26490.116974,626f977055f1c658,passed
adaptive-simd_off-t1-dynamicx16-r3-rain_paisage.jpg,2026-09-19T03:35:21Z,rain_paisage.jpg,12288,16320,Adaptive_Median,3,1,dynamic,16,off,yes,unset,unset,hype2,12.2.0,-O3 -Wall -Wextra -std=c++17 -fopenmp -DOMP_EXPLICIT_SIMD=0 -fno-tree-vectorize,49661.368414,d0fdcd4b2e74abf3,passed
adaptive-simd_off-t1-dynamicx16-r3-firework.jpg,2026-09-19T03:36:12Z,firework.jpg,11125,16688,Adaptive_Median,3,1,dynamic,16,off,yes,unset,unset,hype2,12.2.0,-O3 -Wall -Wextra -std=c++17 -fopenmp -DOMP_EXPLICIT_SIMD=0 -fno-tree-vectorize,47849.547546,cae2b8384ddb6aac,passed
adaptive-simd_off-t1-dynamicx16-r3-control_smooth_6000x6000.png,2026-09-19T03:36:25Z,control_smooth_6000x6000.png,6000,6000,Adaptive_Median,3,1,dynamic,16,off,yes,unset,unset,hype2,12.2.0,-O3 -Wall -Wextra -std=c++17 -fopenmp -DOMP_EXPLICIT_SIMD=0 -fno-tree-vectorize,12615.474368,596e3c6929662ab9,passed
adaptive-simd_off-t1-dynamicx16-r3-control_noise_6000x6000.png,2026-09-19T03:36:35Z,control_noise_6000x6000.png,6000,6000,Adaptive_Median,3,1,dynamic,16,off,yes,unset,unset,hype2,12.2.0,-O3 -Wall -Wextra -std=c++17 -fopenmp -DOMP_EXPLICIT_SIMD=0 -fno-tree-vectorize,9172.000682,fcb58a627e9d9740,passed
adaptive-simd_off-t1-dynamicx16-r3-control_half_noise_6000x6000.png,2026-09-19T03:36:45Z,control_half_noise_6000x6000.png,6000,6000,Adaptive_Median,3,1,dynamic,16,off,yes,unset,unset,hype2,12.2.0,-O3 -Wall -Wextra -std=c++17 -fopenmp -DOMP_EXPLICIT_SIMD=0 -fno-tree-vectorize,9309.702212,9d92a48896bfc25a,passed
adaptive-simd_off-t1-dynamicx16-r3-control_bands_256_6000x6000.png,2026-09-19T03:36:55Z,control_bands_256_6000x6000.png,6000,6000,Adaptive_Median,3,1,dynamic,16,off,yes,unset,unset,hype2,12.2.0,-O3 -Wall -Wextra -std=c++17 -fopenmp -DOMP_EXPLICIT_SIMD=0 -fno-tree-vectorize,9328.501925,8f9bc97f03d5aae1,passed
adaptive-simd_omp-t1-dynamicx16-r3-sky.jpg,2026-09-19T03:37:13Z,sky.jpg,6936,9248,Adaptive_Median,3,1,dynamic,16,omp,yes,unset,unset,hype2,12.2.0,-O3 -Wall -Wextra -std=c++17 -fopenmp -DOMP_EXPLICIT_SIMD=1,17205.077502,1e7ae9152e9643d5,passed
adaptive-simd_omp-t1-dynamicx16-r3-stars.jpg,2026-09-19T03:37:43Z,stars.jpg,12960,8640,Adaptive_Median,3,1,dynamic,16,omp,yes,unset,unset,hype2,12.2.0,-O3 -Wall -Wextra -std=c++17 -fopenmp -DOMP_EXPLICIT_SIMD=1,27155.731076,626f977055f1c658,passed
adaptive-simd_omp-t1-dynamicx16-r3-rain_paisage.jpg,2026-09-19T03:38:37Z,rain_paisage.jpg,12288,16320,Adaptive_Median,3,1,dynamic,16,omp,yes,unset,unset,hype2,12.2.0,-O3 -Wall -Wextra -std=c++17 -fopenmp -DOMP_EXPLICIT_SIMD=1,50649.419327,d0fdcd4b2e74abf3,passed
adaptive-simd_omp-t1-dynamicx16-r3-firework.jpg,2026-09-19T03:39:29Z,firework.jpg,11125,16688,Adaptive_Median,3,1,dynamic,16,omp,yes,unset,unset,hype2,12.2.0,-O3 -Wall -Wextra -std=c++17 -fopenmp -DOMP_EXPLICIT_SIMD=1,49042.885569,cae2b8384ddb6aac,passed
adaptive-simd_omp-t1-dynamicx16-r3-control_smooth_6000x6000.png,2026-09-19T03:39:42Z,control_smooth_6000x6000.png,6000,6000,Adaptive_Median,3,1,dynamic,16,omp,yes,unset,unset,hype2,12.2.0,-O3 -Wall -Wextra -std=c++17 -fopenmp -DOMP_EXPLICIT_SIMD=1,12900.627566,596e3c6929662ab9,passed
adaptive-simd_omp-t1-dynamicx16-r3-control_noise_6000x6000.png,2026-09-19T03:39:52Z,control_noise_6000x6000.png,6000,6000,Adaptive_Median,3,1,dynamic,16,omp,yes,unset,unset,hype2,12.2.0,-O3 -Wall -Wextra -std=c++17 -fopenmp -DOMP_EXPLICIT_SIMD=1,9361.853852,fcb58a627e9d9740,passed
adaptive-simd_omp-t1-dynamicx16-r3-control_half_noise_6000x6000.png,2026-09-19T03:40:02Z,control_half_noise_6000x6000.png,6000,6000,Adaptive_Median,3,1,dynamic,16,omp,yes,unset,unset,hype2,12.2.0,-O3 -Wall -Wextra -std=c++17 -fopenmp -DOMP_EXPLICIT_SIMD=1,9532.360184,9d92a48896bfc25a,passed
adaptive-simd_omp-t1-dynamicx16-r3-control_bands_256_6000x6000.png,2026-09-19T03:40:12Z,control_bands_256_6000x6000.png,6000,6000,Adaptive_Median,3,1,dynamic,16,omp,yes,unset,unset,hype2,12.2.0,-O3 -Wall -Wextra -std=c++17 -fopenmp -DOMP_EXPLICIT_SIMD=1,9571.419575,8f9bc97f03d5aae1,passed
adaptive-simd_off-t1-static-r3-sky.jpg,2026-09-19T03:40:30Z,sky.jpg,6936,9248,Adaptive_Median,3,1,static,,off,yes,unset,unset,hype2,12.2.0,-O3 -Wall -Wextra -std=c++17 -fopenmp -DOMP_EXPLICIT_SIMD=0 -fno-tree-vectorize,16778.577856,1e7ae9152e9643d5,passed
adaptive-simd_off-t1-static-r3-stars.jpg,2026-09-19T03:40:59Z,stars.jpg,12960,8640,Adaptive_Median,3,1,static,,off,yes,unset,unset,hype2,12.2.0,-O3 -Wall -Wextra -std=c++17 -fopenmp -DOMP_EXPLICIT_SIMD=0 -fno-tree-vectorize,26489.024536,626f977055f1c658,passed
adaptive-simd_off-t1-static-r3-rain_paisage.jpg,2026-09-19T03:41:52Z,rain_paisage.jpg,12288,16320,Adaptive_Median,3,1,static,,off,yes,unset,unset,hype2,12.2.0,-O3 -Wall -Wextra -std=c++17 -fopenmp -DOMP_EXPLICIT_SIMD=0 -fno-tree-vectorize,49674.747885,d0fdcd4b2e74abf3,passed
adaptive-simd_off-t1-static-r3-firework.jpg,2026-09-19T03:42:42Z,firework.jpg,11125,16688,Adaptive_Median,3,1,static,,off,yes,unset,unset,hype2,12.2.0,-O3 -Wall -Wextra -std=c++17 -fopenmp -DOMP_EXPLICIT_SIMD=0 -fno-tree-vectorize,47846.595593,cae2b8384ddb6aac,passed
adaptive-simd_off-t1-static-r3-control_smooth_6000x6000.png,2026-09-19T03:42:56Z,control_smooth_6000x6000.png,6000,6000,Adaptive_Median,3,1,static,,off,yes,unset,unset,hype2,12.2.0,-O3 -Wall -Wextra -std=c++17 -fopenmp -DOMP_EXPLICIT_SIMD=0 -fno-tree-vectorize,12624.468978,596e3c6929662ab9,passed
adaptive-simd_off-t1-static-r3-control_noise_6000x6000.png,2026-09-19T03:43:05Z,control_noise_6000x6000.png,6000,6000,Adaptive_Median,3,1,static,,off,yes,unset,unset,hype2,12.2.0,-O3 -Wall -Wextra -std=c++17 -fopenmp -DOMP_EXPLICIT_SIMD=0 -fno-tree-vectorize,9171.152062,fcb58a627e9d9740,passed
adaptive-simd_off-t1-static-r3-control_half_noise_6000x6000.png,2026-09-19T03:43:15Z,control_half_noise_6000x6000.png,6000,6000,Adaptive_Median,3,1,static,,off,yes,unset,unset,hype2,12.2.0,-O3 -Wall -Wextra -std=c++17 -fopenmp -DOMP_EXPLICIT_SIMD=0 -fno-tree-vectorize,9292.953883,9d92a48896bfc25a,passed
adaptive-simd_off-t1-static-r3-control_bands_256_6000x6000.png,2026-09-19T03:43:25Z,control_bands_256_6000x6000.png,6000,6000,Adaptive_Median,3,1,static,,off,yes,unset,unset,hype2,12.2.0,-O3 -Wall -Wextra -std=c++17 -fopenmp -DOMP_EXPLICIT_SIMD=0 -fno-tree-vectorize,9331.244635,8f9bc97f03d5aae1,passed
adaptive-simd_omp-t1-static-r3-sky.jpg,2026-09-19T03:43:44Z,sky.jpg,6936,9248,Adaptive_Median,3,1,static,,omp,yes,unset,unset,hype2,12.2.0,-O3 -Wall -Wextra -std=c++17 -fopenmp -DOMP_EXPLICIT_SIMD=1,17198.592091,1e7ae9152e9643d5,passed
adaptive-simd_omp-t1-static-r3-stars.jpg,2026-09-19T03:44:13Z,stars.jpg,12960,8640,Adaptive_Median,3,1,static,,omp,yes,unset,unset,hype2,12.2.0,-O3 -Wall -Wextra -std=c++17 -fopenmp -DOMP_EXPLICIT_SIMD=1,27153.792141,626f977055f1c658,passed
adaptive-simd_omp-t1-static-r3-rain_paisage.jpg,2026-09-19T03:45:07Z,rain_paisage.jpg,12288,16320,Adaptive_Median,3,1,static,,omp,yes,unset,unset,hype2,12.2.0,-O3 -Wall -Wextra -std=c++17 -fopenmp -DOMP_EXPLICIT_SIMD=1,50672.072047,d0fdcd4b2e74abf3,passed
adaptive-simd_omp-t1-static-r3-firework.jpg,2026-09-19T03:45:59Z,firework.jpg,11125,16688,Adaptive_Median,3,1,static,,omp,yes,unset,unset,hype2,12.2.0,-O3 -Wall -Wextra -std=c++17 -fopenmp -DOMP_EXPLICIT_SIMD=1,48892.813740,cae2b8384ddb6aac,passed
adaptive-simd_omp-t1-static-r3-control_smooth_6000x6000.png,2026-09-19T03:46:12Z,control_smooth_6000x6000.png,6000,6000,Adaptive_Median,3,1,static,,omp,yes,unset,unset,hype2,12.2.0,-O3 -Wall -Wextra -std=c++17 -fopenmp -DOMP_EXPLICIT_SIMD=1,12900.584454,596e3c6929662ab9,passed
adaptive-simd_omp-t1-static-r3-control_noise_6000x6000.png,2026-09-19T03:46:22Z,control_noise_6000x6000.png,6000,6000,Adaptive_Median,3,1,static,,omp,yes,unset,unset,hype2,12.2.0,-O3 -Wall -Wextra -std=c++17 -fopenmp -DOMP_EXPLICIT_SIMD=1,9363.680239,fcb58a627e9d9740,passed
adaptive-simd_omp-t1-static-r3-control_half_noise_6000x6000.png,2026-09-19T03:46:32Z,control_half_noise_6000x6000.png,6000,6000,Adaptive_Median,3,1,static,,omp,yes,unset,unset,hype2,12.2.0,-O3 -Wall -Wextra -std=c++17 -fopenmp -DOMP_EXPLICIT_SIMD=1,9532.396014,9d92a48896bfc25a,passed
adaptive-simd_omp-t1-static-r3-control_bands_256_6000x6000.png,2026-09-19T03:46:43Z,control_bands_256_6000x6000.png,6000,6000,Adaptive_Median,3,1,static,,omp,yes,unset,unset,hype2,12.2.0,-O3 -Wall -Wextra -std=c++17 -fopenmp -DOMP_EXPLICIT_SIMD=1,9577.857696,8f9bc97f03d5aae1,passed
adaptive-simd_omp-t1-dynamicx16-r4-sky.jpg,2026-09-19T03:47:01Z,sky.jpg,6936,9248,Adaptive_Median,4,1,dynamic,16,omp,yes,unset,unset,hype2,12.2.0,-O3 -Wall -Wextra -std=c++17 -fopenmp -DOMP_EXPLICIT_SIMD=1,17208.080898,1e7ae9152e9643d5,passed
adaptive-simd_omp-t1-dynamicx16-r4-stars.jpg,2026-09-19T03:47:30Z,stars.jpg,12960,8640,Adaptive_Median,4,1,dynamic,16,omp,yes,unset,unset,hype2,12.2.0,-O3 -Wall -Wextra -std=c++17 -fopenmp -DOMP_EXPLICIT_SIMD=1,27155.517837,626f977055f1c658,passed
adaptive-simd_omp-t1-dynamicx16-r4-rain_paisage.jpg,2026-09-19T03:48:24Z,rain_paisage.jpg,12288,16320,Adaptive_Median,4,1,dynamic,16,omp,yes,unset,unset,hype2,12.2.0,-O3 -Wall -Wextra -std=c++17 -fopenmp -DOMP_EXPLICIT_SIMD=1,50669.304052,d0fdcd4b2e74abf3,passed
adaptive-simd_omp-t1-dynamicx16-r4-firework.jpg,2026-09-19T03:49:16Z,firework.jpg,11125,16688,Adaptive_Median,4,1,dynamic,16,omp,yes,unset,unset,hype2,12.2.0,-O3 -Wall -Wextra -std=c++17 -fopenmp -DOMP_EXPLICIT_SIMD=1,48886.627801,cae2b8384ddb6aac,passed
adaptive-simd_omp-t1-dynamicx16-r4-control_smooth_6000x6000.png,2026-09-19T03:49:29Z,control_smooth_6000x6000.png,6000,6000,Adaptive_Median,4,1,dynamic,16,omp,yes,unset,unset,hype2,12.2.0,-O3 -Wall -Wextra -std=c++17 -fopenmp -DOMP_EXPLICIT_SIMD=1,12915.406087,596e3c6929662ab9,passed
adaptive-simd_omp-t1-dynamicx16-r4-control_noise_6000x6000.png,2026-09-19T03:49:39Z,control_noise_6000x6000.png,6000,6000,Adaptive_Median,4,1,dynamic,16,omp,yes,unset,unset,hype2,12.2.0,-O3 -Wall -Wextra -std=c++17 -fopenmp -DOMP_EXPLICIT_SIMD=1,9355.235535,fcb58a627e9d9740,passed
adaptive-simd_omp-t1-dynamicx16-r4-control_half_noise_6000x6000.png,2026-09-19T03:49:49Z,control_half_noise_6000x6000.png,6000,6000,Adaptive_Median,4,1,dynamic,16,omp,yes,unset,unset,hype2,12.2.0,-O3 -Wall -Wextra -std=c++17 -fopenmp -DOMP_EXPLICIT_SIMD=1,9536.738044,9d92a48896bfc25a,passed
adaptive-simd_omp-t1-dynamicx16-r4-control_bands_256_6000x6000.png,2026-09-19T03:50:00Z,control_bands_256_6000x6000.png,6000,6000,Adaptive_Median,4,1,dynamic,16,omp,yes,unset,unset,hype2,12.2.0,-O3 -Wall -Wextra -std=c++17 -fopenmp -DOMP_EXPLICIT_SIMD=1,9575.985521,8f9bc97f03d5aae1,passed
adaptive-simd_off-t1-static-r4-sky.jpg,2026-09-19T03:50:17Z,sky.jpg,6936,9248,Adaptive_Median,4,1,static,,off,yes,unset,unset,hype2,12.2.0,-O3 -Wall -Wextra -std=c++17 -fopenmp -DOMP_EXPLICIT_SIMD=0 -fno-tree-vectorize,16776.512490,1e7ae9152e9643d5,passed
adaptive-simd_off-t1-static-r4-stars.jpg,2026-09-19T03:50:46Z,stars.jpg,12960,8640,Adaptive_Median,4,1,static,,off,yes,unset,unset,hype2,12.2.0,-O3 -Wall -Wextra -std=c++17 -fopenmp -DOMP_EXPLICIT_SIMD=0 -fno-tree-vectorize,26502.513324,626f977055f1c658,passed
adaptive-simd_off-t1-static-r4-rain_paisage.jpg,2026-09-19T03:51:39Z,rain_paisage.jpg,12288,16320,Adaptive_Median,4,1,static,,off,yes,unset,unset,hype2,12.2.0,-O3 -Wall -Wextra -std=c++17 -fopenmp -DOMP_EXPLICIT_SIMD=0 -fno-tree-vectorize,49714.436572,d0fdcd4b2e74abf3,passed
adaptive-simd_off-t1-static-r4-firework.jpg,2026-09-19T03:52:30Z,firework.jpg,11125,16688,Adaptive_Median,4,1,static,,off,yes,unset,unset,hype2,12.2.0,-O3 -Wall -Wextra -std=c++17 -fopenmp -DOMP_EXPLICIT_SIMD=0 -fno-tree-vectorize,47866.314869,cae2b8384ddb6aac,passed
adaptive-simd_off-t1-static-r4-control_smooth_6000x6000.png,2026-09-19T03:52:43Z,control_smooth_6000x6000.png,6000,6000,Adaptive_Median,4,1,static,,off,yes,unset,unset,hype2,12.2.0,-O3 -Wall -Wextra -std=c++17 -fopenmp -DOMP_EXPLICIT_SIMD=0 -fno-tree-vectorize,12617.732879,596e3c6929662ab9,passed
adaptive-simd_off-t1-static-r4-control_noise_6000x6000.png,2026-09-19T03:52:53Z,control_noise_6000x6000.png,6000,6000,Adaptive_Median,4,1,static,,off,yes,unset,unset,hype2,12.2.0,-O3 -Wall -Wextra -std=c++17 -fopenmp -DOMP_EXPLICIT_SIMD=0 -fno-tree-vectorize,9179.073027,fcb58a627e9d9740,passed
adaptive-simd_off-t1-static-r4-control_half_noise_6000x6000.png,2026-09-19T03:53:03Z,control_half_noise_6000x6000.png,6000,6000,Adaptive_Median,4,1,static,,off,yes,unset,unset,hype2,12.2.0,-O3 -Wall -Wextra -std=c++17 -fopenmp -DOMP_EXPLICIT_SIMD=0 -fno-tree-vectorize,9291.333690,9d92a48896bfc25a,passed
adaptive-simd_off-t1-static-r4-control_bands_256_6000x6000.png,2026-09-19T03:53:13Z,control_bands_256_6000x6000.png,6000,6000,Adaptive_Median,4,1,static,,off,yes,unset,unset,hype2,12.2.0,-O3 -Wall -Wextra -std=c++17 -fopenmp -DOMP_EXPLICIT_SIMD=0 -fno-tree-vectorize,9330.896160,8f9bc97f03d5aae1,passed
adaptive-simd_omp-t1-static-r4-sky.jpg,2026-09-19T03:53:31Z,sky.jpg,6936,9248,Adaptive_Median,4,1,static,,omp,yes,unset,unset,hype2,12.2.0,-O3 -Wall -Wextra -std=c++17 -fopenmp -DOMP_EXPLICIT_SIMD=1,17215.378843,1e7ae9152e9643d5,passed
adaptive-simd_omp-t1-static-r4-stars.jpg,2026-09-19T03:54:00Z,stars.jpg,12960,8640,Adaptive_Median,4,1,static,,omp,yes,unset,unset,hype2,12.2.0,-O3 -Wall -Wextra -std=c++17 -fopenmp -DOMP_EXPLICIT_SIMD=1,27158.693492,626f977055f1c658,passed
adaptive-simd_omp-t1-static-r4-rain_paisage.jpg,2026-09-19T03:54:54Z,rain_paisage.jpg,12288,16320,Adaptive_Median,4,1,static,,omp,yes,unset,unset,hype2,12.2.0,-O3 -Wall -Wextra -std=c++17 -fopenmp -DOMP_EXPLICIT_SIMD=1,50672.574748,d0fdcd4b2e74abf3,passed
adaptive-simd_omp-t1-static-r4-firework.jpg,2026-09-19T03:55:46Z,firework.jpg,11125,16688,Adaptive_Median,4,1,static,,omp,yes,unset,unset,hype2,12.2.0,-O3 -Wall -Wextra -std=c++17 -fopenmp -DOMP_EXPLICIT_SIMD=1,49053.016071,cae2b8384ddb6aac,passed
adaptive-simd_omp-t1-static-r4-control_smooth_6000x6000.png,2026-09-19T03:55:59Z,control_smooth_6000x6000.png,6000,6000,Adaptive_Median,4,1,static,,omp,yes,unset,unset,hype2,12.2.0,-O3 -Wall -Wextra -std=c++17 -fopenmp -DOMP_EXPLICIT_SIMD=1,12926.166949,596e3c6929662ab9,passed
adaptive-simd_omp-t1-static-r4-control_noise_6000x6000.png,2026-09-19T03:56:09Z,control_noise_6000x6000.png,6000,6000,Adaptive_Median,4,1,static,,omp,yes,unset,unset,hype2,12.2.0,-O3 -Wall -Wextra -std=c++17 -fopenmp -DOMP_EXPLICIT_SIMD=1,9355.538613,fcb58a627e9d9740,passed
adaptive-simd_omp-t1-static-r4-control_half_noise_6000x6000.png,2026-09-19T03:56:20Z,control_half_noise_6000x6000.png,6000,6000,Adaptive_Median,4,1,static,,omp,yes,unset,unset,hype2,12.2.0,-O3 -Wall -Wextra -std=c++17 -fopenmp -DOMP_EXPLICIT_SIMD=1,9536.236321,9d92a48896bfc25a,passed
adaptive-simd_omp-t1-static-r4-control_bands_256_6000x6000.png,2026-09-19T03:56:30Z,control_bands_256_6000x6000.png,6000,6000,Adaptive_Median,4,1,static,,omp,yes,unset,unset,hype2,12.2.0,-O3 -Wall -Wextra -std=c++17 -fopenmp -DOMP_EXPLICIT_SIMD=1,9592.724707,8f9bc97f03d5aae1,passed
adaptive-simd_off-t1-dynamicx16-r4-sky.jpg,2026-09-19T03:56:48Z,sky.jpg,6936,9248,Adaptive_Median,4,1,dynamic,16,off,yes,unset,unset,hype2,12.2.0,-O3 -Wall -Wextra -std=c++17 -fopenmp -DOMP_EXPLICIT_SIMD=0 -fno-tree-vectorize,16785.745017,1e7ae9152e9643d5,passed
adaptive-simd_off-t1-dynamicx16-r4-stars.jpg,2026-09-19T03:57:16Z,stars.jpg,12960,8640,Adaptive_Median,4,1,dynamic,16,off,yes,unset,unset,hype2,12.2.0,-O3 -Wall -Wextra -std=c++17 -fopenmp -DOMP_EXPLICIT_SIMD=0 -fno-tree-vectorize,26509.925964,626f977055f1c658,passed
adaptive-simd_off-t1-dynamicx16-r4-rain_paisage.jpg,2026-09-19T03:58:09Z,rain_paisage.jpg,12288,16320,Adaptive_Median,4,1,dynamic,16,off,yes,unset,unset,hype2,12.2.0,-O3 -Wall -Wextra -std=c++17 -fopenmp -DOMP_EXPLICIT_SIMD=0 -fno-tree-vectorize,49666.215914,d0fdcd4b2e74abf3,passed
adaptive-simd_off-t1-dynamicx16-r4-firework.jpg,2026-09-19T03:59:00Z,firework.jpg,11125,16688,Adaptive_Median,4,1,dynamic,16,off,yes,unset,unset,hype2,12.2.0,-O3 -Wall -Wextra -std=c++17 -fopenmp -DOMP_EXPLICIT_SIMD=0 -fno-tree-vectorize,47848.785483,cae2b8384ddb6aac,passed
adaptive-simd_off-t1-dynamicx16-r4-control_smooth_6000x6000.png,2026-09-19T03:59:13Z,control_smooth_6000x6000.png,6000,6000,Adaptive_Median,4,1,dynamic,16,off,yes,unset,unset,hype2,12.2.0,-O3 -Wall -Wextra -std=c++17 -fopenmp -DOMP_EXPLICIT_SIMD=0 -fno-tree-vectorize,12612.845715,596e3c6929662ab9,passed
adaptive-simd_off-t1-dynamicx16-r4-control_noise_6000x6000.png,2026-09-19T03:59:23Z,control_noise_6000x6000.png,6000,6000,Adaptive_Median,4,1,dynamic,16,off,yes,unset,unset,hype2,12.2.0,-O3 -Wall -Wextra -std=c++17 -fopenmp -DOMP_EXPLICIT_SIMD=0 -fno-tree-vectorize,9171.902026,fcb58a627e9d9740,passed
adaptive-simd_off-t1-dynamicx16-r4-control_half_noise_6000x6000.png,2026-09-19T03:59:33Z,control_half_noise_6000x6000.png,6000,6000,Adaptive_Median,4,1,dynamic,16,off,yes,unset,unset,hype2,12.2.0,-O3 -Wall -Wextra -std=c++17 -fopenmp -DOMP_EXPLICIT_SIMD=0 -fno-tree-vectorize,9298.137305,9d92a48896bfc25a,passed
adaptive-simd_off-t1-dynamicx16-r4-control_bands_256_6000x6000.png,2026-09-19T03:59:43Z,control_bands_256_6000x6000.png,6000,6000,Adaptive_Median,4,1,dynamic,16,off,yes,unset,unset,hype2,12.2.0,-O3 -Wall -Wextra -std=c++17 -fopenmp -DOMP_EXPLICIT_SIMD=0 -fno-tree-vectorize,9330.651788,8f9bc97f03d5aae1,passed
adaptive-simd_off-t1-static-r5-sky.jpg,2026-09-19T04:00:01Z,sky.jpg,6936,9248,Adaptive_Median,5,1,static,,off,yes,unset,unset,hype2,12.2.0,-O3 -Wall -Wextra -std=c++17 -fopenmp -DOMP_EXPLICIT_SIMD=0 -fno-tree-vectorize,16779.216853,1e7ae9152e9643d5,passed
adaptive-simd_off-t1-static-r5-stars.jpg,2026-09-19T04:00:30Z,stars.jpg,12960,8640,Adaptive_Median,5,1,static,,off,yes,unset,unset,hype2,12.2.0,-O3 -Wall -Wextra -std=c++17 -fopenmp -DOMP_EXPLICIT_SIMD=0 -fno-tree-vectorize,26489.419858,626f977055f1c658,passed
adaptive-simd_off-t1-static-r5-rain_paisage.jpg,2026-09-19T04:01:22Z,rain_paisage.jpg,12288,16320,Adaptive_Median,5,1,static,,off,yes,unset,unset,hype2,12.2.0,-O3 -Wall -Wextra -std=c++17 -fopenmp -DOMP_EXPLICIT_SIMD=0 -fno-tree-vectorize,49681.732967,d0fdcd4b2e74abf3,passed
adaptive-simd_off-t1-static-r5-firework.jpg,2026-09-19T04:02:13Z,firework.jpg,11125,16688,Adaptive_Median,5,1,static,,off,yes,unset,unset,hype2,12.2.0,-O3 -Wall -Wextra -std=c++17 -fopenmp -DOMP_EXPLICIT_SIMD=0 -fno-tree-vectorize,47884.753602,cae2b8384ddb6aac,passed
adaptive-simd_off-t1-static-r5-control_smooth_6000x6000.png,2026-09-19T04:02:26Z,control_smooth_6000x6000.png,6000,6000,Adaptive_Median,5,1,static,,off,yes,unset,unset,hype2,12.2.0,-O3 -Wall -Wextra -std=c++17 -fopenmp -DOMP_EXPLICIT_SIMD=0 -fno-tree-vectorize,12636.804348,596e3c6929662ab9,passed
adaptive-simd_off-t1-static-r5-control_noise_6000x6000.png,2026-09-19T04:02:36Z,control_noise_6000x6000.png,6000,6000,Adaptive_Median,5,1,static,,off,yes,unset,unset,hype2,12.2.0,-O3 -Wall -Wextra -std=c++17 -fopenmp -DOMP_EXPLICIT_SIMD=0 -fno-tree-vectorize,9198.357853,fcb58a627e9d9740,passed
adaptive-simd_off-t1-static-r5-control_half_noise_6000x6000.png,2026-09-19T04:02:46Z,control_half_noise_6000x6000.png,6000,6000,Adaptive_Median,5,1,static,,off,yes,unset,unset,hype2,12.2.0,-O3 -Wall -Wextra -std=c++17 -fopenmp -DOMP_EXPLICIT_SIMD=0 -fno-tree-vectorize,9299.799033,9d92a48896bfc25a,passed
adaptive-simd_off-t1-static-r5-control_bands_256_6000x6000.png,2026-09-19T04:02:56Z,control_bands_256_6000x6000.png,6000,6000,Adaptive_Median,5,1,static,,off,yes,unset,unset,hype2,12.2.0,-O3 -Wall -Wextra -std=c++17 -fopenmp -DOMP_EXPLICIT_SIMD=0 -fno-tree-vectorize,9358.856110,8f9bc97f03d5aae1,passed
adaptive-simd_omp-t1-static-r5-sky.jpg,2026-09-19T04:03:15Z,sky.jpg,6936,9248,Adaptive_Median,5,1,static,,omp,yes,unset,unset,hype2,12.2.0,-O3 -Wall -Wextra -std=c++17 -fopenmp -DOMP_EXPLICIT_SIMD=1,17218.188397,1e7ae9152e9643d5,passed
adaptive-simd_omp-t1-static-r5-stars.jpg,2026-09-19T04:03:44Z,stars.jpg,12960,8640,Adaptive_Median,5,1,static,,omp,yes,unset,unset,hype2,12.2.0,-O3 -Wall -Wextra -std=c++17 -fopenmp -DOMP_EXPLICIT_SIMD=1,27185.637257,626f977055f1c658,passed
adaptive-simd_omp-t1-static-r5-rain_paisage.jpg,2026-09-19T04:04:38Z,rain_paisage.jpg,12288,16320,Adaptive_Median,5,1,static,,omp,yes,unset,unset,hype2,12.2.0,-O3 -Wall -Wextra -std=c++17 -fopenmp -DOMP_EXPLICIT_SIMD=1,50956.446749,d0fdcd4b2e74abf3,passed
adaptive-simd_omp-t1-static-r5-firework.jpg,2026-09-19T04:05:30Z,firework.jpg,11125,16688,Adaptive_Median,5,1,static,,omp,yes,unset,unset,hype2,12.2.0,-O3 -Wall -Wextra -std=c++17 -fopenmp -DOMP_EXPLICIT_SIMD=1,48946.033135,cae2b8384ddb6aac,passed
adaptive-simd_omp-t1-static-r5-control_smooth_6000x6000.png,2026-09-19T04:05:43Z,control_smooth_6000x6000.png,6000,6000,Adaptive_Median,5,1,static,,omp,yes,unset,unset,hype2,12.2.0,-O3 -Wall -Wextra -std=c++17 -fopenmp -DOMP_EXPLICIT_SIMD=1,12903.025416,596e3c6929662ab9,passed
adaptive-simd_omp-t1-static-r5-control_noise_6000x6000.png,2026-09-19T04:05:53Z,control_noise_6000x6000.png,6000,6000,Adaptive_Median,5,1,static,,omp,yes,unset,unset,hype2,12.2.0,-O3 -Wall -Wextra -std=c++17 -fopenmp -DOMP_EXPLICIT_SIMD=1,9365.129693,fcb58a627e9d9740,passed
adaptive-simd_omp-t1-static-r5-control_half_noise_6000x6000.png,2026-09-19T04:06:03Z,control_half_noise_6000x6000.png,6000,6000,Adaptive_Median,5,1,static,,omp,yes,unset,unset,hype2,12.2.0,-O3 -Wall -Wextra -std=c++17 -fopenmp -DOMP_EXPLICIT_SIMD=1,9548.715489,9d92a48896bfc25a,passed
adaptive-simd_omp-t1-static-r5-control_bands_256_6000x6000.png,2026-09-19T04:06:14Z,control_bands_256_6000x6000.png,6000,6000,Adaptive_Median,5,1,static,,omp,yes,unset,unset,hype2,12.2.0,-O3 -Wall -Wextra -std=c++17 -fopenmp -DOMP_EXPLICIT_SIMD=1,9572.813756,8f9bc97f03d5aae1,passed
adaptive-simd_off-t1-dynamicx16-r5-sky.jpg,2026-09-19T04:06:31Z,sky.jpg,6936,9248,Adaptive_Median,5,1,dynamic,16,off,yes,unset,unset,hype2,12.2.0,-O3 -Wall -Wextra -std=c++17 -fopenmp -DOMP_EXPLICIT_SIMD=0 -fno-tree-vectorize,16781.214404,1e7ae9152e9643d5,passed
adaptive-simd_off-t1-dynamicx16-r5-stars.jpg,2026-09-19T04:07:00Z,stars.jpg,12960,8640,Adaptive_Median,5,1,dynamic,16,off,yes,unset,unset,hype2,12.2.0,-O3 -Wall -Wextra -std=c++17 -fopenmp -DOMP_EXPLICIT_SIMD=0 -fno-tree-vectorize,26550.322442,626f977055f1c658,passed
adaptive-simd_off-t1-dynamicx16-r5-rain_paisage.jpg,2026-09-19T04:07:53Z,rain_paisage.jpg,12288,16320,Adaptive_Median,5,1,dynamic,16,off,yes,unset,unset,hype2,12.2.0,-O3 -Wall -Wextra -std=c++17 -fopenmp -DOMP_EXPLICIT_SIMD=0 -fno-tree-vectorize,49651.243061,d0fdcd4b2e74abf3,passed
adaptive-simd_off-t1-dynamicx16-r5-firework.jpg,2026-09-19T04:08:44Z,firework.jpg,11125,16688,Adaptive_Median,5,1,dynamic,16,off,yes,unset,unset,hype2,12.2.0,-O3 -Wall -Wextra -std=c++17 -fopenmp -DOMP_EXPLICIT_SIMD=0 -fno-tree-vectorize,47869.572428,cae2b8384ddb6aac,passed
adaptive-simd_off-t1-dynamicx16-r5-control_smooth_6000x6000.png,2026-09-19T04:08:57Z,control_smooth_6000x6000.png,6000,6000,Adaptive_Median,5,1,dynamic,16,off,yes,unset,unset,hype2,12.2.0,-O3 -Wall -Wextra -std=c++17 -fopenmp -DOMP_EXPLICIT_SIMD=0 -fno-tree-vectorize,12621.655135,596e3c6929662ab9,passed
adaptive-simd_off-t1-dynamicx16-r5-control_noise_6000x6000.png,2026-09-19T04:09:07Z,control_noise_6000x6000.png,6000,6000,Adaptive_Median,5,1,dynamic,16,off,yes,unset,unset,hype2,12.2.0,-O3 -Wall -Wextra -std=c++17 -fopenmp -DOMP_EXPLICIT_SIMD=0 -fno-tree-vectorize,9184.160544,fcb58a627e9d9740,passed
adaptive-simd_off-t1-dynamicx16-r5-control_half_noise_6000x6000.png,2026-09-19T04:09:17Z,control_half_noise_6000x6000.png,6000,6000,Adaptive_Median,5,1,dynamic,16,off,yes,unset,unset,hype2,12.2.0,-O3 -Wall -Wextra -std=c++17 -fopenmp -DOMP_EXPLICIT_SIMD=0 -fno-tree-vectorize,9297.179657,9d92a48896bfc25a,passed
adaptive-simd_off-t1-dynamicx16-r5-control_bands_256_6000x6000.png,2026-09-19T04:09:27Z,control_bands_256_6000x6000.png,6000,6000,Adaptive_Median,5,1,dynamic,16,off,yes,unset,unset,hype2,12.2.0,-O3 -Wall -Wextra -std=c++17 -fopenmp -DOMP_EXPLICIT_SIMD=0 -fno-tree-vectorize,9332.378739,8f9bc97f03d5aae1,passed
adaptive-simd_omp-t1-dynamicx16-r5-sky.jpg,2026-09-19T04:09:45Z,sky.jpg,6936,9248,Adaptive_Median,5,1,dynamic,16,omp,yes,unset,unset,hype2,12.2.0,-O3 -Wall -Wextra -std=c++17 -fopenmp -DOMP_EXPLICIT_SIMD=1,17204.205887,1e7ae9152e9643d5,passed
adaptive-simd_omp-t1-dynamicx16-r5-stars.jpg,2026-09-19T04:10:14Z,stars.jpg,12960,8640,Adaptive_Median,5,1,dynamic,16,omp,yes,unset,unset,hype2,12.2.0,-O3 -Wall -Wextra -std=c++17 -fopenmp -DOMP_EXPLICIT_SIMD=1,27154.812674,626f977055f1c658,passed
adaptive-simd_omp-t1-dynamicx16-r5-rain_paisage.jpg,2026-09-19T04:11:08Z,rain_paisage.jpg,12288,16320,Adaptive_Median,5,1,dynamic,16,omp,yes,unset,unset,hype2,12.2.0,-O3 -Wall -Wextra -std=c++17 -fopenmp -DOMP_EXPLICIT_SIMD=1,50665.676370,d0fdcd4b2e74abf3,passed
adaptive-simd_omp-t1-dynamicx16-r5-firework.jpg,2026-09-19T04:12:00Z,firework.jpg,11125,16688,Adaptive_Median,5,1,dynamic,16,omp,yes,unset,unset,hype2,12.2.0,-O3 -Wall -Wextra -std=c++17 -fopenmp -DOMP_EXPLICIT_SIMD=1,48880.297196,cae2b8384ddb6aac,passed
adaptive-simd_omp-t1-dynamicx16-r5-control_smooth_6000x6000.png,2026-09-19T04:12:13Z,control_smooth_6000x6000.png,6000,6000,Adaptive_Median,5,1,dynamic,16,omp,yes,unset,unset,hype2,12.2.0,-O3 -Wall -Wextra -std=c++17 -fopenmp -DOMP_EXPLICIT_SIMD=1,12903.294925,596e3c6929662ab9,passed
adaptive-simd_omp-t1-dynamicx16-r5-control_noise_6000x6000.png,2026-09-19T04:12:23Z,control_noise_6000x6000.png,6000,6000,Adaptive_Median,5,1,dynamic,16,omp,yes,unset,unset,hype2,12.2.0,-O3 -Wall -Wextra -std=c++17 -fopenmp -DOMP_EXPLICIT_SIMD=1,9354.470685,fcb58a627e9d9740,passed
adaptive-simd_omp-t1-dynamicx16-r5-control_half_noise_6000x6000.png,2026-09-19T04:12:34Z,control_half_noise_6000x6000.png,6000,6000,Adaptive_Median,5,1,dynamic,16,omp,yes,unset,unset,hype2,12.2.0,-O3 -Wall -Wextra -std=c++17 -fopenmp -DOMP_EXPLICIT_SIMD=1,9543.037964,9d92a48896bfc25a,passed
adaptive-simd_omp-t1-dynamicx16-r5-control_bands_256_6000x6000.png,2026-09-19T04:12:44Z,control_bands_256_6000x6000.png,6000,6000,Adaptive_Median,5,1,dynamic,16,omp,yes,unset,unset,hype2,12.2.0,-O3 -Wall -Wextra -std=c++17 -fopenmp -DOMP_EXPLICIT_SIMD=1,9569.302894,8f9bc97f03d5aae1,passed
adaptive-simd_off-t2-static-r1-sky.jpg,2026-09-19T04:20:18Z,sky.jpg,6936,9248,Adaptive_Median,1,2,static,,off,yes,unset,unset,hype2,12.2.0,-O3 -Wall -Wextra -std=c++17 -fopenmp -DOMP_EXPLICIT_SIMD=0 -fno-tree-vectorize,8580.503356,1e7ae9152e9643d5,passed
adaptive-simd_off-t2-static-r1-stars.jpg,2026-09-19T04:20:33Z,stars.jpg,12960,8640,Adaptive_Median,1,2,static,,off,yes,unset,unset,hype2,12.2.0,-O3 -Wall -Wextra -std=c++17 -fopenmp -DOMP_EXPLICIT_SIMD=0 -fno-tree-vectorize,13480.127194,626f977055f1c658,passed
adaptive-simd_off-t2-static-r1-rain_paisage.jpg,2026-09-19T04:21:10Z,rain_paisage.jpg,12288,16320,Adaptive_Median,1,2,static,,off,yes,unset,unset,hype2,12.2.0,-O3 -Wall -Wextra -std=c++17 -fopenmp -DOMP_EXPLICIT_SIMD=0 -fno-tree-vectorize,33698.218258,d0fdcd4b2e74abf3,passed
adaptive-simd_off-t2-static-r1-firework.jpg,2026-09-19T04:21:40Z,firework.jpg,11125,16688,Adaptive_Median,1,2,static,,off,yes,unset,unset,hype2,12.2.0,-O3 -Wall -Wextra -std=c++17 -fopenmp -DOMP_EXPLICIT_SIMD=0 -fno-tree-vectorize,27133.369558,cae2b8384ddb6aac,passed
adaptive-simd_off-t2-static-r1-control_smooth_6000x6000.png,2026-09-19T04:21:47Z,control_smooth_6000x6000.png,6000,6000,Adaptive_Median,1,2,static,,off,yes,unset,unset,hype2,12.2.0,-O3 -Wall -Wextra -std=c++17 -fopenmp -DOMP_EXPLICIT_SIMD=0 -fno-tree-vectorize,6358.214310,596e3c6929662ab9,passed
adaptive-simd_off-t2-static-r1-control_noise_6000x6000.png,2026-09-19T04:21:52Z,control_noise_6000x6000.png,6000,6000,Adaptive_Median,1,2,static,,off,yes,unset,unset,hype2,12.2.0,-O3 -Wall -Wextra -std=c++17 -fopenmp -DOMP_EXPLICIT_SIMD=0 -fno-tree-vectorize,4606.544156,fcb58a627e9d9740,passed
adaptive-simd_off-t2-static-r1-control_half_noise_6000x6000.png,2026-09-19T04:21:59Z,control_half_noise_6000x6000.png,6000,6000,Adaptive_Median,1,2,static,,off,yes,unset,unset,hype2,12.2.0,-O3 -Wall -Wextra -std=c++17 -fopenmp -DOMP_EXPLICIT_SIMD=0 -fno-tree-vectorize,6457.553099,9d92a48896bfc25a,passed
adaptive-simd_off-t2-static-r1-control_bands_256_6000x6000.png,2026-09-19T04:22:05Z,control_bands_256_6000x6000.png,6000,6000,Adaptive_Median,1,2,static,,off,yes,unset,unset,hype2,12.2.0,-O3 -Wall -Wextra -std=c++17 -fopenmp -DOMP_EXPLICIT_SIMD=0 -fno-tree-vectorize,4697.695342,8f9bc97f03d5aae1,passed
adaptive-simd_omp-t2-static-r1-sky.jpg,2026-09-19T04:22:15Z,sky.jpg,6936,9248,Adaptive_Median,1,2,static,,omp,yes,unset,unset,hype2,12.2.0,-O3 -Wall -Wextra -std=c++17 -fopenmp -DOMP_EXPLICIT_SIMD=1,8802.137469,1e7ae9152e9643d5,passed
adaptive-simd_omp-t2-static-r1-stars.jpg,2026-09-19T04:22:31Z,stars.jpg,12960,8640,Adaptive_Median,1,2,static,,omp,yes,unset,unset,hype2,12.2.0,-O3 -Wall -Wextra -std=c++17 -fopenmp -DOMP_EXPLICIT_SIMD=1,13822.898061,626f977055f1c658,passed
adaptive-simd_omp-t2-static-r1-rain_paisage.jpg,2026-09-19T04:23:08Z,rain_paisage.jpg,12288,16320,Adaptive_Median,1,2,static,,omp,yes,unset,unset,hype2,12.2.0,-O3 -Wall -Wextra -std=c++17 -fopenmp -DOMP_EXPLICIT_SIMD=1,34149.906456,d0fdcd4b2e74abf3,passed
adaptive-simd_omp-t2-static-r1-firework.jpg,2026-09-19T04:23:39Z,firework.jpg,11125,16688,Adaptive_Median,1,2,static,,omp,yes,unset,unset,hype2,12.2.0,-O3 -Wall -Wextra -std=c++17 -fopenmp -DOMP_EXPLICIT_SIMD=1,28189.238163,cae2b8384ddb6aac,passed
adaptive-simd_omp-t2-static-r1-control_smooth_6000x6000.png,2026-09-19T04:23:46Z,control_smooth_6000x6000.png,6000,6000,Adaptive_Median,1,2,static,,omp,yes,unset,unset,hype2,12.2.0,-O3 -Wall -Wextra -std=c++17 -fopenmp -DOMP_EXPLICIT_SIMD=1,6499.494694,596e3c6929662ab9,passed
adaptive-simd_omp-t2-static-r1-control_noise_6000x6000.png,2026-09-19T04:23:51Z,control_noise_6000x6000.png,6000,6000,Adaptive_Median,1,2,static,,omp,yes,unset,unset,hype2,12.2.0,-O3 -Wall -Wextra -std=c++17 -fopenmp -DOMP_EXPLICIT_SIMD=1,4699.420113,fcb58a627e9d9740,passed
adaptive-simd_omp-t2-static-r1-control_half_noise_6000x6000.png,2026-09-19T04:23:59Z,control_half_noise_6000x6000.png,6000,6000,Adaptive_Median,1,2,static,,omp,yes,unset,unset,hype2,12.2.0,-O3 -Wall -Wextra -std=c++17 -fopenmp -DOMP_EXPLICIT_SIMD=1,6583.173709,9d92a48896bfc25a,passed
adaptive-simd_omp-t2-static-r1-control_bands_256_6000x6000.png,2026-09-19T04:24:04Z,control_bands_256_6000x6000.png,6000,6000,Adaptive_Median,1,2,static,,omp,yes,unset,unset,hype2,12.2.0,-O3 -Wall -Wextra -std=c++17 -fopenmp -DOMP_EXPLICIT_SIMD=1,4821.826239,8f9bc97f03d5aae1,passed
adaptive-simd_off-t2-dynamicx16-r1-sky.jpg,2026-09-19T04:24:14Z,sky.jpg,6936,9248,Adaptive_Median,1,2,dynamic,16,off,yes,unset,unset,hype2,12.2.0,-O3 -Wall -Wextra -std=c++17 -fopenmp -DOMP_EXPLICIT_SIMD=0 -fno-tree-vectorize,8439.171990,1e7ae9152e9643d5,passed
adaptive-simd_off-t2-dynamicx16-r1-stars.jpg,2026-09-19T04:24:29Z,stars.jpg,12960,8640,Adaptive_Median,1,2,dynamic,16,off,yes,unset,unset,hype2,12.2.0,-O3 -Wall -Wextra -std=c++17 -fopenmp -DOMP_EXPLICIT_SIMD=0 -fno-tree-vectorize,13318.161699,626f977055f1c658,passed
adaptive-simd_off-t2-dynamicx16-r1-rain_paisage.jpg,2026-09-19T04:24:57Z,rain_paisage.jpg,12288,16320,Adaptive_Median,1,2,dynamic,16,off,yes,unset,unset,hype2,12.2.0,-O3 -Wall -Wextra -std=c++17 -fopenmp -DOMP_EXPLICIT_SIMD=0 -fno-tree-vectorize,25082.757555,d0fdcd4b2e74abf3,passed
adaptive-simd_off-t2-dynamicx16-r1-firework.jpg,2026-09-19T04:25:24Z,firework.jpg,11125,16688,Adaptive_Median,1,2,dynamic,16,off,yes,unset,unset,hype2,12.2.0,-O3 -Wall -Wextra -std=c++17 -fopenmp -DOMP_EXPLICIT_SIMD=0 -fno-tree-vectorize,24129.610984,cae2b8384ddb6aac,passed
adaptive-simd_off-t2-dynamicx16-r1-control_smooth_6000x6000.png,2026-09-19T04:25:31Z,control_smooth_6000x6000.png,6000,6000,Adaptive_Median,1,2,dynamic,16,off,yes,unset,unset,hype2,12.2.0,-O3 -Wall -Wextra -std=c++17 -fopenmp -DOMP_EXPLICIT_SIMD=0 -fno-tree-vectorize,6405.075491,596e3c6929662ab9,passed
adaptive-simd_off-t2-dynamicx16-r1-control_noise_6000x6000.png,2026-09-19T04:25:36Z,control_noise_6000x6000.png,6000,6000,Adaptive_Median,1,2,dynamic,16,off,yes,unset,unset,hype2,12.2.0,-O3 -Wall -Wextra -std=c++17 -fopenmp -DOMP_EXPLICIT_SIMD=0 -fno-tree-vectorize,4690.224013,fcb58a627e9d9740,passed
adaptive-simd_off-t2-dynamicx16-r1-control_half_noise_6000x6000.png,2026-09-19T04:25:42Z,control_half_noise_6000x6000.png,6000,6000,Adaptive_Median,1,2,dynamic,16,off,yes,unset,unset,hype2,12.2.0,-O3 -Wall -Wextra -std=c++17 -fopenmp -DOMP_EXPLICIT_SIMD=0 -fno-tree-vectorize,4765.229566,9d92a48896bfc25a,passed
adaptive-simd_off-t2-dynamicx16-r1-control_bands_256_6000x6000.png,2026-09-19T04:25:48Z,control_bands_256_6000x6000.png,6000,6000,Adaptive_Median,1,2,dynamic,16,off,yes,unset,unset,hype2,12.2.0,-O3 -Wall -Wextra -std=c++17 -fopenmp -DOMP_EXPLICIT_SIMD=0 -fno-tree-vectorize,4736.151878,8f9bc97f03d5aae1,passed
adaptive-simd_omp-t2-dynamicx16-r1-sky.jpg,2026-09-19T04:25:57Z,sky.jpg,6936,9248,Adaptive_Median,1,2,dynamic,16,omp,yes,unset,unset,hype2,12.2.0,-O3 -Wall -Wextra -std=c++17 -fopenmp -DOMP_EXPLICIT_SIMD=1,8790.378036,1e7ae9152e9643d5,passed
adaptive-simd_omp-t2-dynamicx16-r1-stars.jpg,2026-09-19T04:26:13Z,stars.jpg,12960,8640,Adaptive_Median,1,2,dynamic,16,omp,yes,unset,unset,hype2,12.2.0,-O3 -Wall -Wextra -std=c++17 -fopenmp -DOMP_EXPLICIT_SIMD=1,13865.517444,626f977055f1c658,passed
adaptive-simd_omp-t2-dynamicx16-r1-rain_paisage.jpg,2026-09-19T04:26:43Z,rain_paisage.jpg,12288,16320,Adaptive_Median,1,2,dynamic,16,omp,yes,unset,unset,hype2,12.2.0,-O3 -Wall -Wextra -std=c++17 -fopenmp -DOMP_EXPLICIT_SIMD=1,25842.398472,d0fdcd4b2e74abf3,passed
adaptive-simd_omp-t2-dynamicx16-r1-firework.jpg,2026-09-19T04:27:10Z,firework.jpg,11125,16688,Adaptive_Median,1,2,dynamic,16,omp,yes,unset,unset,hype2,12.2.0,-O3 -Wall -Wextra -std=c++17 -fopenmp -DOMP_EXPLICIT_SIMD=1,24956.476332,cae2b8384ddb6aac,passed
adaptive-simd_omp-t2-dynamicx16-r1-control_smooth_6000x6000.png,2026-09-19T04:27:17Z,control_smooth_6000x6000.png,6000,6000,Adaptive_Median,1,2,dynamic,16,omp,yes,unset,unset,hype2,12.2.0,-O3 -Wall -Wextra -std=c++17 -fopenmp -DOMP_EXPLICIT_SIMD=1,6590.217303,596e3c6929662ab9,passed
adaptive-simd_omp-t2-dynamicx16-r1-control_noise_6000x6000.png,2026-09-19T04:27:23Z,control_noise_6000x6000.png,6000,6000,Adaptive_Median,1,2,dynamic,16,omp,yes,unset,unset,hype2,12.2.0,-O3 -Wall -Wextra -std=c++17 -fopenmp -DOMP_EXPLICIT_SIMD=1,4766.163109,fcb58a627e9d9740,passed
adaptive-simd_omp-t2-dynamicx16-r1-control_half_noise_6000x6000.png,2026-09-19T04:27:28Z,control_half_noise_6000x6000.png,6000,6000,Adaptive_Median,1,2,dynamic,16,omp,yes,unset,unset,hype2,12.2.0,-O3 -Wall -Wextra -std=c++17 -fopenmp -DOMP_EXPLICIT_SIMD=1,4865.132662,9d92a48896bfc25a,passed
adaptive-simd_omp-t2-dynamicx16-r1-control_bands_256_6000x6000.png,2026-09-19T04:27:34Z,control_bands_256_6000x6000.png,6000,6000,Adaptive_Median,1,2,dynamic,16,omp,yes,unset,unset,hype2,12.2.0,-O3 -Wall -Wextra -std=c++17 -fopenmp -DOMP_EXPLICIT_SIMD=1,4881.885099,8f9bc97f03d5aae1,passed
adaptive-simd_omp-t2-static-r2-sky.jpg,2026-09-19T04:27:44Z,sky.jpg,6936,9248,Adaptive_Median,2,2,static,,omp,yes,unset,unset,hype2,12.2.0,-O3 -Wall -Wextra -std=c++17 -fopenmp -DOMP_EXPLICIT_SIMD=1,8924.893091,1e7ae9152e9643d5,passed
adaptive-simd_omp-t2-static-r2-stars.jpg,2026-09-19T04:28:00Z,stars.jpg,12960,8640,Adaptive_Median,2,2,static,,omp,yes,unset,unset,hype2,12.2.0,-O3 -Wall -Wextra -std=c++17 -fopenmp -DOMP_EXPLICIT_SIMD=1,13984.100984,626f977055f1c658,passed
adaptive-simd_omp-t2-static-r2-rain_paisage.jpg,2026-09-19T04:28:38Z,rain_paisage.jpg,12288,16320,Adaptive_Median,2,2,static,,omp,yes,unset,unset,hype2,12.2.0,-O3 -Wall -Wextra -std=c++17 -fopenmp -DOMP_EXPLICIT_SIMD=1,34394.172055,d0fdcd4b2e74abf3,passed
adaptive-simd_omp-t2-static-r2-firework.jpg,2026-09-19T04:29:08Z,firework.jpg,11125,16688,Adaptive_Median,2,2,static,,omp,yes,unset,unset,hype2,12.2.0,-O3 -Wall -Wextra -std=c++17 -fopenmp -DOMP_EXPLICIT_SIMD=1,27944.596300,cae2b8384ddb6aac,passed
adaptive-simd_omp-t2-static-r2-control_smooth_6000x6000.png,2026-09-19T04:29:16Z,control_smooth_6000x6000.png,6000,6000,Adaptive_Median,2,2,static,,omp,yes,unset,unset,hype2,12.2.0,-O3 -Wall -Wextra -std=c++17 -fopenmp -DOMP_EXPLICIT_SIMD=1,6630.882769,596e3c6929662ab9,passed
adaptive-simd_omp-t2-static-r2-control_noise_6000x6000.png,2026-09-19T04:29:21Z,control_noise_6000x6000.png,6000,6000,Adaptive_Median,2,2,static,,omp,yes,unset,unset,hype2,12.2.0,-O3 -Wall -Wextra -std=c++17 -fopenmp -DOMP_EXPLICIT_SIMD=1,4741.301212,fcb58a627e9d9740,passed
adaptive-simd_omp-t2-static-r2-control_half_noise_6000x6000.png,2026-09-19T04:29:28Z,control_half_noise_6000x6000.png,6000,6000,Adaptive_Median,2,2,static,,omp,yes,unset,unset,hype2,12.2.0,-O3 -Wall -Wextra -std=c++17 -fopenmp -DOMP_EXPLICIT_SIMD=1,6620.883897,9d92a48896bfc25a,passed
adaptive-simd_omp-t2-static-r2-control_bands_256_6000x6000.png,2026-09-19T04:29:34Z,control_bands_256_6000x6000.png,6000,6000,Adaptive_Median,2,2,static,,omp,yes,unset,unset,hype2,12.2.0,-O3 -Wall -Wextra -std=c++17 -fopenmp -DOMP_EXPLICIT_SIMD=1,4878.173733,8f9bc97f03d5aae1,passed
adaptive-simd_off-t2-dynamicx16-r2-sky.jpg,2026-09-19T04:29:43Z,sky.jpg,6936,9248,Adaptive_Median,2,2,dynamic,16,off,yes,unset,unset,hype2,12.2.0,-O3 -Wall -Wextra -std=c++17 -fopenmp -DOMP_EXPLICIT_SIMD=0 -fno-tree-vectorize,8539.727179,1e7ae9152e9643d5,passed
adaptive-simd_off-t2-dynamicx16-r2-stars.jpg,2026-09-19T04:29:59Z,stars.jpg,12960,8640,Adaptive_Median,2,2,dynamic,16,off,yes,unset,unset,hype2,12.2.0,-O3 -Wall -Wextra -std=c++17 -fopenmp -DOMP_EXPLICIT_SIMD=0 -fno-tree-vectorize,13387.616000,626f977055f1c658,passed
adaptive-simd_off-t2-dynamicx16-r2-rain_paisage.jpg,2026-09-19T04:30:27Z,rain_paisage.jpg,12288,16320,Adaptive_Median,2,2,dynamic,16,off,yes,unset,unset,hype2,12.2.0,-O3 -Wall -Wextra -std=c++17 -fopenmp -DOMP_EXPLICIT_SIMD=0 -fno-tree-vectorize,25196.684844,d0fdcd4b2e74abf3,passed
adaptive-simd_off-t2-dynamicx16-r2-firework.jpg,2026-09-19T04:30:54Z,firework.jpg,11125,16688,Adaptive_Median,2,2,dynamic,16,off,yes,unset,unset,hype2,12.2.0,-O3 -Wall -Wextra -std=c++17 -fopenmp -DOMP_EXPLICIT_SIMD=0 -fno-tree-vectorize,24242.134749,cae2b8384ddb6aac,passed
adaptive-simd_off-t2-dynamicx16-r2-control_smooth_6000x6000.png,2026-09-19T04:31:01Z,control_smooth_6000x6000.png,6000,6000,Adaptive_Median,2,2,dynamic,16,off,yes,unset,unset,hype2,12.2.0,-O3 -Wall -Wextra -std=c++17 -fopenmp -DOMP_EXPLICIT_SIMD=0 -fno-tree-vectorize,6446.752389,596e3c6929662ab9,passed
adaptive-simd_off-t2-dynamicx16-r2-control_noise_6000x6000.png,2026-09-19T04:31:07Z,control_noise_6000x6000.png,6000,6000,Adaptive_Median,2,2,dynamic,16,off,yes,unset,unset,hype2,12.2.0,-O3 -Wall -Wextra -std=c++17 -fopenmp -DOMP_EXPLICIT_SIMD=0 -fno-tree-vectorize,4673.923111,fcb58a627e9d9740,passed
adaptive-simd_off-t2-dynamicx16-r2-control_half_noise_6000x6000.png,2026-09-19T04:31:12Z,control_half_noise_6000x6000.png,6000,6000,Adaptive_Median,2,2,dynamic,16,off,yes,unset,unset,hype2,12.2.0,-O3 -Wall -Wextra -std=c++17 -fopenmp -DOMP_EXPLICIT_SIMD=0 -fno-tree-vectorize,4784.213434,9d92a48896bfc25a,passed
adaptive-simd_off-t2-dynamicx16-r2-control_bands_256_6000x6000.png,2026-09-19T04:31:18Z,control_bands_256_6000x6000.png,6000,6000,Adaptive_Median,2,2,dynamic,16,off,yes,unset,unset,hype2,12.2.0,-O3 -Wall -Wextra -std=c++17 -fopenmp -DOMP_EXPLICIT_SIMD=0 -fno-tree-vectorize,4773.347326,8f9bc97f03d5aae1,passed
adaptive-simd_omp-t2-dynamicx16-r2-sky.jpg,2026-09-19T04:31:27Z,sky.jpg,6936,9248,Adaptive_Median,2,2,dynamic,16,omp,yes,unset,unset,hype2,12.2.0,-O3 -Wall -Wextra -std=c++17 -fopenmp -DOMP_EXPLICIT_SIMD=1,8713.526807,1e7ae9152e9643d5,passed
adaptive-simd_omp-t2-dynamicx16-r2-stars.jpg,2026-09-19T04:31:44Z,stars.jpg,12960,8640,Adaptive_Median,2,2,dynamic,16,omp,yes,unset,unset,hype2,12.2.0,-O3 -Wall -Wextra -std=c++17 -fopenmp -DOMP_EXPLICIT_SIMD=1,13844.319495,626f977055f1c658,passed
adaptive-simd_omp-t2-dynamicx16-r2-rain_paisage.jpg,2026-09-19T04:32:13Z,rain_paisage.jpg,12288,16320,Adaptive_Median,2,2,dynamic,16,omp,yes,unset,unset,hype2,12.2.0,-O3 -Wall -Wextra -std=c++17 -fopenmp -DOMP_EXPLICIT_SIMD=1,25855.590431,d0fdcd4b2e74abf3,passed
adaptive-simd_omp-t2-dynamicx16-r2-firework.jpg,2026-09-19T04:32:40Z,firework.jpg,11125,16688,Adaptive_Median,2,2,dynamic,16,omp,yes,unset,unset,hype2,12.2.0,-O3 -Wall -Wextra -std=c++17 -fopenmp -DOMP_EXPLICIT_SIMD=1,24944.404160,cae2b8384ddb6aac,passed
adaptive-simd_omp-t2-dynamicx16-r2-control_smooth_6000x6000.png,2026-09-19T04:32:47Z,control_smooth_6000x6000.png,6000,6000,Adaptive_Median,2,2,dynamic,16,omp,yes,unset,unset,hype2,12.2.0,-O3 -Wall -Wextra -std=c++17 -fopenmp -DOMP_EXPLICIT_SIMD=1,6597.922594,596e3c6929662ab9,passed
adaptive-simd_omp-t2-dynamicx16-r2-control_noise_6000x6000.png,2026-09-19T04:32:53Z,control_noise_6000x6000.png,6000,6000,Adaptive_Median,2,2,dynamic,16,omp,yes,unset,unset,hype2,12.2.0,-O3 -Wall -Wextra -std=c++17 -fopenmp -DOMP_EXPLICIT_SIMD=1,4761.946654,fcb58a627e9d9740,passed
adaptive-simd_omp-t2-dynamicx16-r2-control_half_noise_6000x6000.png,2026-09-19T04:32:58Z,control_half_noise_6000x6000.png,6000,6000,Adaptive_Median,2,2,dynamic,16,omp,yes,unset,unset,hype2,12.2.0,-O3 -Wall -Wextra -std=c++17 -fopenmp -DOMP_EXPLICIT_SIMD=1,4863.072634,9d92a48896bfc25a,passed
adaptive-simd_omp-t2-dynamicx16-r2-control_bands_256_6000x6000.png,2026-09-19T04:33:04Z,control_bands_256_6000x6000.png,6000,6000,Adaptive_Median,2,2,dynamic,16,omp,yes,unset,unset,hype2,12.2.0,-O3 -Wall -Wextra -std=c++17 -fopenmp -DOMP_EXPLICIT_SIMD=1,4880.220120,8f9bc97f03d5aae1,passed
adaptive-simd_off-t2-static-r2-sky.jpg,2026-09-19T04:33:14Z,sky.jpg,6936,9248,Adaptive_Median,2,2,static,,off,yes,unset,unset,hype2,12.2.0,-O3 -Wall -Wextra -std=c++17 -fopenmp -DOMP_EXPLICIT_SIMD=0 -fno-tree-vectorize,8689.919126,1e7ae9152e9643d5,passed
adaptive-simd_off-t2-static-r2-stars.jpg,2026-09-19T04:33:30Z,stars.jpg,12960,8640,Adaptive_Median,2,2,static,,off,yes,unset,unset,hype2,12.2.0,-O3 -Wall -Wextra -std=c++17 -fopenmp -DOMP_EXPLICIT_SIMD=0 -fno-tree-vectorize,13633.637208,626f977055f1c658,passed
adaptive-simd_off-t2-static-r2-rain_paisage.jpg,2026-09-19T04:34:07Z,rain_paisage.jpg,12288,16320,Adaptive_Median,2,2,static,,off,yes,unset,unset,hype2,12.2.0,-O3 -Wall -Wextra -std=c++17 -fopenmp -DOMP_EXPLICIT_SIMD=0 -fno-tree-vectorize,33777.095785,d0fdcd4b2e74abf3,passed
adaptive-simd_off-t2-static-r2-firework.jpg,2026-09-19T04:34:37Z,firework.jpg,11125,16688,Adaptive_Median,2,2,static,,off,yes,unset,unset,hype2,12.2.0,-O3 -Wall -Wextra -std=c++17 -fopenmp -DOMP_EXPLICIT_SIMD=0 -fno-tree-vectorize,27400.221059,cae2b8384ddb6aac,passed
adaptive-simd_off-t2-static-r2-control_smooth_6000x6000.png,2026-09-19T04:34:44Z,control_smooth_6000x6000.png,6000,6000,Adaptive_Median,2,2,static,,off,yes,unset,unset,hype2,12.2.0,-O3 -Wall -Wextra -std=c++17 -fopenmp -DOMP_EXPLICIT_SIMD=0 -fno-tree-vectorize,6438.691706,596e3c6929662ab9,passed
adaptive-simd_off-t2-static-r2-control_noise_6000x6000.png,2026-09-19T04:34:49Z,control_noise_6000x6000.png,6000,6000,Adaptive_Median,2,2,static,,off,yes,unset,unset,hype2,12.2.0,-O3 -Wall -Wextra -std=c++17 -fopenmp -DOMP_EXPLICIT_SIMD=0 -fno-tree-vectorize,4660.515593,fcb58a627e9d9740,passed
adaptive-simd_off-t2-static-r2-control_half_noise_6000x6000.png,2026-09-19T04:34:56Z,control_half_noise_6000x6000.png,6000,6000,Adaptive_Median,2,2,static,,off,yes,unset,unset,hype2,12.2.0,-O3 -Wall -Wextra -std=c++17 -fopenmp -DOMP_EXPLICIT_SIMD=0 -fno-tree-vectorize,6490.690857,9d92a48896bfc25a,passed
adaptive-simd_off-t2-static-r2-control_bands_256_6000x6000.png,2026-09-19T04:35:02Z,control_bands_256_6000x6000.png,6000,6000,Adaptive_Median,2,2,static,,off,yes,unset,unset,hype2,12.2.0,-O3 -Wall -Wextra -std=c++17 -fopenmp -DOMP_EXPLICIT_SIMD=0 -fno-tree-vectorize,4754.937295,8f9bc97f03d5aae1,passed
adaptive-simd_off-t2-dynamicx16-r3-sky.jpg,2026-09-19T04:35:11Z,sky.jpg,6936,9248,Adaptive_Median,3,2,dynamic,16,off,yes,unset,unset,hype2,12.2.0,-O3 -Wall -Wextra -std=c++17 -fopenmp -DOMP_EXPLICIT_SIMD=0 -fno-tree-vectorize,8526.534354,1e7ae9152e9643d5,passed
adaptive-simd_off-t2-dynamicx16-r3-stars.jpg,2026-09-19T04:35:27Z,stars.jpg,12960,8640,Adaptive_Median,3,2,dynamic,16,off,yes,unset,unset,hype2,12.2.0,-O3 -Wall -Wextra -std=c++17 -fopenmp -DOMP_EXPLICIT_SIMD=0 -fno-tree-vectorize,13495.940775,626f977055f1c658,passed
adaptive-simd_off-t2-dynamicx16-r3-rain_paisage.jpg,2026-09-19T04:35:56Z,rain_paisage.jpg,12288,16320,Adaptive_Median,3,2,dynamic,16,off,yes,unset,unset,hype2,12.2.0,-O3 -Wall -Wextra -std=c++17 -fopenmp -DOMP_EXPLICIT_SIMD=0 -fno-tree-vectorize,25330.367745,d0fdcd4b2e74abf3,passed
adaptive-simd_off-t2-dynamicx16-r3-firework.jpg,2026-09-19T04:36:23Z,firework.jpg,11125,16688,Adaptive_Median,3,2,dynamic,16,off,yes,unset,unset,hype2,12.2.0,-O3 -Wall -Wextra -std=c++17 -fopenmp -DOMP_EXPLICIT_SIMD=0 -fno-tree-vectorize,24418.596270,cae2b8384ddb6aac,passed
adaptive-simd_off-t2-dynamicx16-r3-control_smooth_6000x6000.png,2026-09-19T04:36:30Z,control_smooth_6000x6000.png,6000,6000,Adaptive_Median,3,2,dynamic,16,off,yes,unset,unset,hype2,12.2.0,-O3 -Wall -Wextra -std=c++17 -fopenmp -DOMP_EXPLICIT_SIMD=0 -fno-tree-vectorize,6443.117602,596e3c6929662ab9,passed
adaptive-simd_off-t2-dynamicx16-r3-control_noise_6000x6000.png,2026-09-19T04:36:35Z,control_noise_6000x6000.png,6000,6000,Adaptive_Median,3,2,dynamic,16,off,yes,unset,unset,hype2,12.2.0,-O3 -Wall -Wextra -std=c++17 -fopenmp -DOMP_EXPLICIT_SIMD=0 -fno-tree-vectorize,4672.877795,fcb58a627e9d9740,passed
adaptive-simd_off-t2-dynamicx16-r3-control_half_noise_6000x6000.png,2026-09-19T04:36:41Z,control_half_noise_6000x6000.png,6000,6000,Adaptive_Median,3,2,dynamic,16,off,yes,unset,unset,hype2,12.2.0,-O3 -Wall -Wextra -std=c++17 -fopenmp -DOMP_EXPLICIT_SIMD=0 -fno-tree-vectorize,4744.556480,9d92a48896bfc25a,passed
adaptive-simd_off-t2-dynamicx16-r3-control_bands_256_6000x6000.png,2026-09-19T04:36:46Z,control_bands_256_6000x6000.png,6000,6000,Adaptive_Median,3,2,dynamic,16,off,yes,unset,unset,hype2,12.2.0,-O3 -Wall -Wextra -std=c++17 -fopenmp -DOMP_EXPLICIT_SIMD=0 -fno-tree-vectorize,4782.937845,8f9bc97f03d5aae1,passed
adaptive-simd_omp-t2-dynamicx16-r3-sky.jpg,2026-09-19T04:36:56Z,sky.jpg,6936,9248,Adaptive_Median,3,2,dynamic,16,omp,yes,unset,unset,hype2,12.2.0,-O3 -Wall -Wextra -std=c++17 -fopenmp -DOMP_EXPLICIT_SIMD=1,8766.935355,1e7ae9152e9643d5,passed
adaptive-simd_omp-t2-dynamicx16-r3-stars.jpg,2026-09-19T04:37:12Z,stars.jpg,12960,8640,Adaptive_Median,3,2,dynamic,16,omp,yes,unset,unset,hype2,12.2.0,-O3 -Wall -Wextra -std=c++17 -fopenmp -DOMP_EXPLICIT_SIMD=1,13828.584707,626f977055f1c658,passed
adaptive-simd_omp-t2-dynamicx16-r3-rain_paisage.jpg,2026-09-19T04:37:41Z,rain_paisage.jpg,12288,16320,Adaptive_Median,3,2,dynamic,16,omp,yes,unset,unset,hype2,12.2.0,-O3 -Wall -Wextra -std=c++17 -fopenmp -DOMP_EXPLICIT_SIMD=1,25840.941733,d0fdcd4b2e74abf3,passed
adaptive-simd_omp-t2-dynamicx16-r3-firework.jpg,2026-09-19T04:38:09Z,firework.jpg,11125,16688,Adaptive_Median,3,2,dynamic,16,omp,yes,unset,unset,hype2,12.2.0,-O3 -Wall -Wextra -std=c++17 -fopenmp -DOMP_EXPLICIT_SIMD=1,24932.209392,cae2b8384ddb6aac,passed
adaptive-simd_omp-t2-dynamicx16-r3-control_smooth_6000x6000.png,2026-09-19T04:38:16Z,control_smooth_6000x6000.png,6000,6000,Adaptive_Median,3,2,dynamic,16,omp,yes,unset,unset,hype2,12.2.0,-O3 -Wall -Wextra -std=c++17 -fopenmp -DOMP_EXPLICIT_SIMD=1,6545.877996,596e3c6929662ab9,passed
adaptive-simd_omp-t2-dynamicx16-r3-control_noise_6000x6000.png,2026-09-19T04:38:21Z,control_noise_6000x6000.png,6000,6000,Adaptive_Median,3,2,dynamic,16,omp,yes,unset,unset,hype2,12.2.0,-O3 -Wall -Wextra -std=c++17 -fopenmp -DOMP_EXPLICIT_SIMD=1,4727.146008,fcb58a627e9d9740,passed
adaptive-simd_omp-t2-dynamicx16-r3-control_half_noise_6000x6000.png,2026-09-19T04:38:27Z,control_half_noise_6000x6000.png,6000,6000,Adaptive_Median,3,2,dynamic,16,omp,yes,unset,unset,hype2,12.2.0,-O3 -Wall -Wextra -std=c++17 -fopenmp -DOMP_EXPLICIT_SIMD=1,4817.136789,9d92a48896bfc25a,passed
adaptive-simd_omp-t2-dynamicx16-r3-control_bands_256_6000x6000.png,2026-09-19T04:38:32Z,control_bands_256_6000x6000.png,6000,6000,Adaptive_Median,3,2,dynamic,16,omp,yes,unset,unset,hype2,12.2.0,-O3 -Wall -Wextra -std=c++17 -fopenmp -DOMP_EXPLICIT_SIMD=1,4829.772205,8f9bc97f03d5aae1,passed
adaptive-simd_off-t2-static-r3-sky.jpg,2026-09-19T04:38:42Z,sky.jpg,6936,9248,Adaptive_Median,3,2,static,,off,yes,unset,unset,hype2,12.2.0,-O3 -Wall -Wextra -std=c++17 -fopenmp -DOMP_EXPLICIT_SIMD=0 -fno-tree-vectorize,8593.483063,1e7ae9152e9643d5,passed
adaptive-simd_off-t2-static-r3-stars.jpg,2026-09-19T04:38:58Z,stars.jpg,12960,8640,Adaptive_Median,3,2,static,,off,yes,unset,unset,hype2,12.2.0,-O3 -Wall -Wextra -std=c++17 -fopenmp -DOMP_EXPLICIT_SIMD=0 -fno-tree-vectorize,13542.221576,626f977055f1c658,passed
adaptive-simd_off-t2-static-r3-rain_paisage.jpg,2026-09-19T04:39:35Z,rain_paisage.jpg,12288,16320,Adaptive_Median,3,2,static,,off,yes,unset,unset,hype2,12.2.0,-O3 -Wall -Wextra -std=c++17 -fopenmp -DOMP_EXPLICIT_SIMD=0 -fno-tree-vectorize,33737.901395,d0fdcd4b2e74abf3,passed
adaptive-simd_off-t2-static-r3-firework.jpg,2026-09-19T04:40:05Z,firework.jpg,11125,16688,Adaptive_Median,3,2,static,,off,yes,unset,unset,hype2,12.2.0,-O3 -Wall -Wextra -std=c++17 -fopenmp -DOMP_EXPLICIT_SIMD=0 -fno-tree-vectorize,27223.571121,cae2b8384ddb6aac,passed
adaptive-simd_off-t2-static-r3-control_smooth_6000x6000.png,2026-09-19T04:40:11Z,control_smooth_6000x6000.png,6000,6000,Adaptive_Median,3,2,static,,off,yes,unset,unset,hype2,12.2.0,-O3 -Wall -Wextra -std=c++17 -fopenmp -DOMP_EXPLICIT_SIMD=0 -fno-tree-vectorize,6385.172716,596e3c6929662ab9,passed
adaptive-simd_off-t2-static-r3-control_noise_6000x6000.png,2026-09-19T04:40:17Z,control_noise_6000x6000.png,6000,6000,Adaptive_Median,3,2,static,,off,yes,unset,unset,hype2,12.2.0,-O3 -Wall -Wextra -std=c++17 -fopenmp -DOMP_EXPLICIT_SIMD=0 -fno-tree-vectorize,4646.828190,fcb58a627e9d9740,passed
adaptive-simd_off-t2-static-r3-control_half_noise_6000x6000.png,2026-09-19T04:40:24Z,control_half_noise_6000x6000.png,6000,6000,Adaptive_Median,3,2,static,,off,yes,unset,unset,hype2,12.2.0,-O3 -Wall -Wextra -std=c++17 -fopenmp -DOMP_EXPLICIT_SIMD=0 -fno-tree-vectorize,6475.076056,9d92a48896bfc25a,passed
adaptive-simd_off-t2-static-r3-control_bands_256_6000x6000.png,2026-09-19T04:40:29Z,control_bands_256_6000x6000.png,6000,6000,Adaptive_Median,3,2,static,,off,yes,unset,unset,hype2,12.2.0,-O3 -Wall -Wextra -std=c++17 -fopenmp -DOMP_EXPLICIT_SIMD=0 -fno-tree-vectorize,4710.112713,8f9bc97f03d5aae1,passed
adaptive-simd_omp-t2-static-r3-sky.jpg,2026-09-19T04:40:39Z,sky.jpg,6936,9248,Adaptive_Median,3,2,static,,omp,yes,unset,unset,hype2,12.2.0,-O3 -Wall -Wextra -std=c++17 -fopenmp -DOMP_EXPLICIT_SIMD=1,8816.184820,1e7ae9152e9643d5,passed
adaptive-simd_omp-t2-static-r3-stars.jpg,2026-09-19T04:40:55Z,stars.jpg,12960,8640,Adaptive_Median,3,2,static,,omp,yes,unset,unset,hype2,12.2.0,-O3 -Wall -Wextra -std=c++17 -fopenmp -DOMP_EXPLICIT_SIMD=1,13881.517404,626f977055f1c658,passed
adaptive-simd_omp-t2-static-r3-rain_paisage.jpg,2026-09-19T04:41:33Z,rain_paisage.jpg,12288,16320,Adaptive_Median,3,2,static,,omp,yes,unset,unset,hype2,12.2.0,-O3 -Wall -Wextra -std=c++17 -fopenmp -DOMP_EXPLICIT_SIMD=1,34250.219317,d0fdcd4b2e74abf3,passed
adaptive-simd_omp-t2-static-r3-firework.jpg,2026-09-19T04:42:03Z,firework.jpg,11125,16688,Adaptive_Median,3,2,static,,omp,yes,unset,unset,hype2,12.2.0,-O3 -Wall -Wextra -std=c++17 -fopenmp -DOMP_EXPLICIT_SIMD=1,27721.424313,cae2b8384ddb6aac,passed
adaptive-simd_omp-t2-static-r3-control_smooth_6000x6000.png,2026-09-19T04:42:10Z,control_smooth_6000x6000.png,6000,6000,Adaptive_Median,3,2,static,,omp,yes,unset,unset,hype2,12.2.0,-O3 -Wall -Wextra -std=c++17 -fopenmp -DOMP_EXPLICIT_SIMD=1,6520.104286,596e3c6929662ab9,passed
adaptive-simd_omp-t2-static-r3-control_noise_6000x6000.png,2026-09-19T04:42:16Z,control_noise_6000x6000.png,6000,6000,Adaptive_Median,3,2,static,,omp,yes,unset,unset,hype2,12.2.0,-O3 -Wall -Wextra -std=c++17 -fopenmp -DOMP_EXPLICIT_SIMD=1,4706.324442,fcb58a627e9d9740,passed
adaptive-simd_omp-t2-static-r3-control_half_noise_6000x6000.png,2026-09-19T04:42:23Z,control_half_noise_6000x6000.png,6000,6000,Adaptive_Median,3,2,static,,omp,yes,unset,unset,hype2,12.2.0,-O3 -Wall -Wextra -std=c++17 -fopenmp -DOMP_EXPLICIT_SIMD=1,6636.522824,9d92a48896bfc25a,passed
adaptive-simd_omp-t2-static-r3-control_bands_256_6000x6000.png,2026-09-19T04:42:29Z,control_bands_256_6000x6000.png,6000,6000,Adaptive_Median,3,2,static,,omp,yes,unset,unset,hype2,12.2.0,-O3 -Wall -Wextra -std=c++17 -fopenmp -DOMP_EXPLICIT_SIMD=1,4826.109069,8f9bc97f03d5aae1,passed
adaptive-simd_omp-t2-dynamicx16-r4-sky.jpg,2026-09-19T04:42:38Z,sky.jpg,6936,9248,Adaptive_Median,4,2,dynamic,16,omp,yes,unset,unset,hype2,12.2.0,-O3 -Wall -Wextra -std=c++17 -fopenmp -DOMP_EXPLICIT_SIMD=1,8659.762037,1e7ae9152e9643d5,passed
adaptive-simd_omp-t2-dynamicx16-r4-stars.jpg,2026-09-19T04:42:54Z,stars.jpg,12960,8640,Adaptive_Median,4,2,dynamic,16,omp,yes,unset,unset,hype2,12.2.0,-O3 -Wall -Wextra -std=c++17 -fopenmp -DOMP_EXPLICIT_SIMD=1,13703.472529,626f977055f1c658,passed
adaptive-simd_omp-t2-dynamicx16-r4-rain_paisage.jpg,2026-09-19T04:43:23Z,rain_paisage.jpg,12288,16320,Adaptive_Median,4,2,dynamic,16,omp,yes,unset,unset,hype2,12.2.0,-O3 -Wall -Wextra -std=c++17 -fopenmp -DOMP_EXPLICIT_SIMD=1,25644.527847,d0fdcd4b2e74abf3,passed
adaptive-simd_omp-t2-dynamicx16-r4-firework.jpg,2026-09-19T04:43:51Z,firework.jpg,11125,16688,Adaptive_Median,4,2,dynamic,16,omp,yes,unset,unset,hype2,12.2.0,-O3 -Wall -Wextra -std=c++17 -fopenmp -DOMP_EXPLICIT_SIMD=1,24699.774136,cae2b8384ddb6aac,passed
adaptive-simd_omp-t2-dynamicx16-r4-control_smooth_6000x6000.png,2026-09-19T04:43:58Z,control_smooth_6000x6000.png,6000,6000,Adaptive_Median,4,2,dynamic,16,omp,yes,unset,unset,hype2,12.2.0,-O3 -Wall -Wextra -std=c++17 -fopenmp -DOMP_EXPLICIT_SIMD=1,6519.362797,596e3c6929662ab9,passed
adaptive-simd_omp-t2-dynamicx16-r4-control_noise_6000x6000.png,2026-09-19T04:44:03Z,control_noise_6000x6000.png,6000,6000,Adaptive_Median,4,2,dynamic,16,omp,yes,unset,unset,hype2,12.2.0,-O3 -Wall -Wextra -std=c++17 -fopenmp -DOMP_EXPLICIT_SIMD=1,4719.043825,fcb58a627e9d9740,passed
adaptive-simd_omp-t2-dynamicx16-r4-control_half_noise_6000x6000.png,2026-09-19T04:44:08Z,control_half_noise_6000x6000.png,6000,6000,Adaptive_Median,4,2,dynamic,16,omp,yes,unset,unset,hype2,12.2.0,-O3 -Wall -Wextra -std=c++17 -fopenmp -DOMP_EXPLICIT_SIMD=1,4824.840331,9d92a48896bfc25a,passed
adaptive-simd_omp-t2-dynamicx16-r4-control_bands_256_6000x6000.png,2026-09-19T04:44:14Z,control_bands_256_6000x6000.png,6000,6000,Adaptive_Median,4,2,dynamic,16,omp,yes,unset,unset,hype2,12.2.0,-O3 -Wall -Wextra -std=c++17 -fopenmp -DOMP_EXPLICIT_SIMD=1,4826.461262,8f9bc97f03d5aae1,passed
adaptive-simd_off-t2-static-r4-sky.jpg,2026-09-19T04:44:24Z,sky.jpg,6936,9248,Adaptive_Median,4,2,static,,off,yes,unset,unset,hype2,12.2.0,-O3 -Wall -Wextra -std=c++17 -fopenmp -DOMP_EXPLICIT_SIMD=0 -fno-tree-vectorize,8615.452142,1e7ae9152e9643d5,passed
adaptive-simd_off-t2-static-r4-stars.jpg,2026-09-19T04:44:39Z,stars.jpg,12960,8640,Adaptive_Median,4,2,static,,off,yes,unset,unset,hype2,12.2.0,-O3 -Wall -Wextra -std=c++17 -fopenmp -DOMP_EXPLICIT_SIMD=0 -fno-tree-vectorize,13506.114167,626f977055f1c658,passed
adaptive-simd_off-t2-static-r4-rain_paisage.jpg,2026-09-19T04:45:16Z,rain_paisage.jpg,12288,16320,Adaptive_Median,4,2,static,,off,yes,unset,unset,hype2,12.2.0,-O3 -Wall -Wextra -std=c++17 -fopenmp -DOMP_EXPLICIT_SIMD=0 -fno-tree-vectorize,33781.821911,d0fdcd4b2e74abf3,passed
adaptive-simd_off-t2-static-r4-firework.jpg,2026-09-19T04:45:46Z,firework.jpg,11125,16688,Adaptive_Median,4,2,static,,off,yes,unset,unset,hype2,12.2.0,-O3 -Wall -Wextra -std=c++17 -fopenmp -DOMP_EXPLICIT_SIMD=0 -fno-tree-vectorize,27217.356482,cae2b8384ddb6aac,passed
adaptive-simd_off-t2-static-r4-control_smooth_6000x6000.png,2026-09-19T04:45:53Z,control_smooth_6000x6000.png,6000,6000,Adaptive_Median,4,2,static,,off,yes,unset,unset,hype2,12.2.0,-O3 -Wall -Wextra -std=c++17 -fopenmp -DOMP_EXPLICIT_SIMD=0 -fno-tree-vectorize,6399.989502,596e3c6929662ab9,passed
adaptive-simd_off-t2-static-r4-control_noise_6000x6000.png,2026-09-19T04:45:58Z,control_noise_6000x6000.png,6000,6000,Adaptive_Median,4,2,static,,off,yes,unset,unset,hype2,12.2.0,-O3 -Wall -Wextra -std=c++17 -fopenmp -DOMP_EXPLICIT_SIMD=0 -fno-tree-vectorize,4627.595553,fcb58a627e9d9740,passed
adaptive-simd_off-t2-static-r4-control_half_noise_6000x6000.png,2026-09-19T04:46:06Z,control_half_noise_6000x6000.png,6000,6000,Adaptive_Median,4,2,static,,off,yes,unset,unset,hype2,12.2.0,-O3 -Wall -Wextra -std=c++17 -fopenmp -DOMP_EXPLICIT_SIMD=0 -fno-tree-vectorize,6466.797293,9d92a48896bfc25a,passed
adaptive-simd_off-t2-static-r4-control_bands_256_6000x6000.png,2026-09-19T04:46:11Z,control_bands_256_6000x6000.png,6000,6000,Adaptive_Median,4,2,static,,off,yes,unset,unset,hype2,12.2.0,-O3 -Wall -Wextra -std=c++17 -fopenmp -DOMP_EXPLICIT_SIMD=0 -fno-tree-vectorize,4718.405088,8f9bc97f03d5aae1,passed
adaptive-simd_omp-t2-static-r4-sky.jpg,2026-09-19T04:46:21Z,sky.jpg,6936,9248,Adaptive_Median,4,2,static,,omp,yes,unset,unset,hype2,12.2.0,-O3 -Wall -Wextra -std=c++17 -fopenmp -DOMP_EXPLICIT_SIMD=1,8850.233296,1e7ae9152e9643d5,passed
adaptive-simd_omp-t2-static-r4-stars.jpg,2026-09-19T04:46:37Z,stars.jpg,12960,8640,Adaptive_Median,4,2,static,,omp,yes,unset,unset,hype2,12.2.0,-O3 -Wall -Wextra -std=c++17 -fopenmp -DOMP_EXPLICIT_SIMD=1,13909.818231,626f977055f1c658,passed
adaptive-simd_omp-t2-static-r4-rain_paisage.jpg,2026-09-19T04:47:15Z,rain_paisage.jpg,12288,16320,Adaptive_Median,4,2,static,,omp,yes,unset,unset,hype2,12.2.0,-O3 -Wall -Wextra -std=c++17 -fopenmp -DOMP_EXPLICIT_SIMD=1,34222.208642,d0fdcd4b2e74abf3,passed
adaptive-simd_omp-t2-static-r4-firework.jpg,2026-09-19T04:47:45Z,firework.jpg,11125,16688,Adaptive_Median,4,2,static,,omp,yes,unset,unset,hype2,12.2.0,-O3 -Wall -Wextra -std=c++17 -fopenmp -DOMP_EXPLICIT_SIMD=1,27754.432947,cae2b8384ddb6aac,passed
adaptive-simd_omp-t2-static-r4-control_smooth_6000x6000.png,2026-09-19T04:47:52Z,control_smooth_6000x6000.png,6000,6000,Adaptive_Median,4,2,static,,omp,yes,unset,unset,hype2,12.2.0,-O3 -Wall -Wextra -std=c++17 -fopenmp -DOMP_EXPLICIT_SIMD=1,6546.459376,596e3c6929662ab9,passed
adaptive-simd_omp-t2-static-r4-control_noise_6000x6000.png,2026-09-19T04:47:57Z,control_noise_6000x6000.png,6000,6000,Adaptive_Median,4,2,static,,omp,yes,unset,unset,hype2,12.2.0,-O3 -Wall -Wextra -std=c++17 -fopenmp -DOMP_EXPLICIT_SIMD=1,4713.939686,fcb58a627e9d9740,passed
adaptive-simd_omp-t2-static-r4-control_half_noise_6000x6000.png,2026-09-19T04:48:05Z,control_half_noise_6000x6000.png,6000,6000,Adaptive_Median,4,2,static,,omp,yes,unset,unset,hype2,12.2.0,-O3 -Wall -Wextra -std=c++17 -fopenmp -DOMP_EXPLICIT_SIMD=1,6610.447776,9d92a48896bfc25a,passed
adaptive-simd_omp-t2-static-r4-control_bands_256_6000x6000.png,2026-09-19T04:48:10Z,control_bands_256_6000x6000.png,6000,6000,Adaptive_Median,4,2,static,,omp,yes,unset,unset,hype2,12.2.0,-O3 -Wall -Wextra -std=c++17 -fopenmp -DOMP_EXPLICIT_SIMD=1,4836.655311,8f9bc97f03d5aae1,passed
adaptive-simd_off-t2-dynamicx16-r4-sky.jpg,2026-09-19T04:48:20Z,sky.jpg,6936,9248,Adaptive_Median,4,2,dynamic,16,off,yes,unset,unset,hype2,12.2.0,-O3 -Wall -Wextra -std=c++17 -fopenmp -DOMP_EXPLICIT_SIMD=0 -fno-tree-vectorize,8480.661458,1e7ae9152e9643d5,passed
adaptive-simd_off-t2-dynamicx16-r4-stars.jpg,2026-09-19T04:48:35Z,stars.jpg,12960,8640,Adaptive_Median,4,2,dynamic,16,off,yes,unset,unset,hype2,12.2.0,-O3 -Wall -Wextra -std=c++17 -fopenmp -DOMP_EXPLICIT_SIMD=0 -fno-tree-vectorize,13344.807047,626f977055f1c658,passed
adaptive-simd_off-t2-dynamicx16-r4-rain_paisage.jpg,2026-09-19T04:49:04Z,rain_paisage.jpg,12288,16320,Adaptive_Median,4,2,dynamic,16,off,yes,unset,unset,hype2,12.2.0,-O3 -Wall -Wextra -std=c++17 -fopenmp -DOMP_EXPLICIT_SIMD=0 -fno-tree-vectorize,25090.845083,d0fdcd4b2e74abf3,passed
adaptive-simd_off-t2-dynamicx16-r4-firework.jpg,2026-09-19T04:49:31Z,firework.jpg,11125,16688,Adaptive_Median,4,2,dynamic,16,off,yes,unset,unset,hype2,12.2.0,-O3 -Wall -Wextra -std=c++17 -fopenmp -DOMP_EXPLICIT_SIMD=0 -fno-tree-vectorize,24182.103610,cae2b8384ddb6aac,passed
adaptive-simd_off-t2-dynamicx16-r4-control_smooth_6000x6000.png,2026-09-19T04:49:38Z,control_smooth_6000x6000.png,6000,6000,Adaptive_Median,4,2,dynamic,16,off,yes,unset,unset,hype2,12.2.0,-O3 -Wall -Wextra -std=c++17 -fopenmp -DOMP_EXPLICIT_SIMD=0 -fno-tree-vectorize,6379.682191,596e3c6929662ab9,passed
adaptive-simd_off-t2-dynamicx16-r4-control_noise_6000x6000.png,2026-09-19T04:49:43Z,control_noise_6000x6000.png,6000,6000,Adaptive_Median,4,2,dynamic,16,off,yes,unset,unset,hype2,12.2.0,-O3 -Wall -Wextra -std=c++17 -fopenmp -DOMP_EXPLICIT_SIMD=0 -fno-tree-vectorize,4627.799032,fcb58a627e9d9740,passed
adaptive-simd_off-t2-dynamicx16-r4-control_half_noise_6000x6000.png,2026-09-19T04:49:48Z,control_half_noise_6000x6000.png,6000,6000,Adaptive_Median,4,2,dynamic,16,off,yes,unset,unset,hype2,12.2.0,-O3 -Wall -Wextra -std=c++17 -fopenmp -DOMP_EXPLICIT_SIMD=0 -fno-tree-vectorize,4700.226594,9d92a48896bfc25a,passed
adaptive-simd_off-t2-dynamicx16-r4-control_bands_256_6000x6000.png,2026-09-19T04:49:54Z,control_bands_256_6000x6000.png,6000,6000,Adaptive_Median,4,2,dynamic,16,off,yes,unset,unset,hype2,12.2.0,-O3 -Wall -Wextra -std=c++17 -fopenmp -DOMP_EXPLICIT_SIMD=0 -fno-tree-vectorize,4732.194133,8f9bc97f03d5aae1,passed
adaptive-simd_off-t2-static-r5-sky.jpg,2026-09-19T04:50:03Z,sky.jpg,6936,9248,Adaptive_Median,5,2,static,,off,yes,unset,unset,hype2,12.2.0,-O3 -Wall -Wextra -std=c++17 -fopenmp -DOMP_EXPLICIT_SIMD=0 -fno-tree-vectorize,8607.627549,1e7ae9152e9643d5,passed
adaptive-simd_off-t2-static-r5-stars.jpg,2026-09-19T04:50:19Z,stars.jpg,12960,8640,Adaptive_Median,5,2,static,,off,yes,unset,unset,hype2,12.2.0,-O3 -Wall -Wextra -std=c++17 -fopenmp -DOMP_EXPLICIT_SIMD=0 -fno-tree-vectorize,13506.178888,626f977055f1c658,passed
adaptive-simd_off-t2-static-r5-rain_paisage.jpg,2026-09-19T04:50:56Z,rain_paisage.jpg,12288,16320,Adaptive_Median,5,2,static,,off,yes,unset,unset,hype2,12.2.0,-O3 -Wall -Wextra -std=c++17 -fopenmp -DOMP_EXPLICIT_SIMD=0 -fno-tree-vectorize,33749.141729,d0fdcd4b2e74abf3,passed
adaptive-simd_off-t2-static-r5-firework.jpg,2026-09-19T04:51:26Z,firework.jpg,11125,16688,Adaptive_Median,5,2,static,,off,yes,unset,unset,hype2,12.2.0,-O3 -Wall -Wextra -std=c++17 -fopenmp -DOMP_EXPLICIT_SIMD=0 -fno-tree-vectorize,27176.875098,cae2b8384ddb6aac,passed
adaptive-simd_off-t2-static-r5-control_smooth_6000x6000.png,2026-09-19T04:51:33Z,control_smooth_6000x6000.png,6000,6000,Adaptive_Median,5,2,static,,off,yes,unset,unset,hype2,12.2.0,-O3 -Wall -Wextra -std=c++17 -fopenmp -DOMP_EXPLICIT_SIMD=0 -fno-tree-vectorize,6366.217418,596e3c6929662ab9,passed
adaptive-simd_off-t2-static-r5-control_noise_6000x6000.png,2026-09-19T04:51:38Z,control_noise_6000x6000.png,6000,6000,Adaptive_Median,5,2,static,,off,yes,unset,unset,hype2,12.2.0,-O3 -Wall -Wextra -std=c++17 -fopenmp -DOMP_EXPLICIT_SIMD=0 -fno-tree-vectorize,4611.322162,fcb58a627e9d9740,passed
adaptive-simd_off-t2-static-r5-control_half_noise_6000x6000.png,2026-09-19T04:51:45Z,control_half_noise_6000x6000.png,6000,6000,Adaptive_Median,5,2,static,,off,yes,unset,unset,hype2,12.2.0,-O3 -Wall -Wextra -std=c++17 -fopenmp -DOMP_EXPLICIT_SIMD=0 -fno-tree-vectorize,6466.682469,9d92a48896bfc25a,passed
adaptive-simd_off-t2-static-r5-control_bands_256_6000x6000.png,2026-09-19T04:51:51Z,control_bands_256_6000x6000.png,6000,6000,Adaptive_Median,5,2,static,,off,yes,unset,unset,hype2,12.2.0,-O3 -Wall -Wextra -std=c++17 -fopenmp -DOMP_EXPLICIT_SIMD=0 -fno-tree-vectorize,4708.424753,8f9bc97f03d5aae1,passed
adaptive-simd_omp-t2-static-r5-sky.jpg,2026-09-19T04:52:01Z,sky.jpg,6936,9248,Adaptive_Median,5,2,static,,omp,yes,unset,unset,hype2,12.2.0,-O3 -Wall -Wextra -std=c++17 -fopenmp -DOMP_EXPLICIT_SIMD=1,8844.376105,1e7ae9152e9643d5,passed
adaptive-simd_omp-t2-static-r5-stars.jpg,2026-09-19T04:52:17Z,stars.jpg,12960,8640,Adaptive_Median,5,2,static,,omp,yes,unset,unset,hype2,12.2.0,-O3 -Wall -Wextra -std=c++17 -fopenmp -DOMP_EXPLICIT_SIMD=1,13834.146332,626f977055f1c658,passed
adaptive-simd_omp-t2-static-r5-rain_paisage.jpg,2026-09-19T04:52:54Z,rain_paisage.jpg,12288,16320,Adaptive_Median,5,2,static,,omp,yes,unset,unset,hype2,12.2.0,-O3 -Wall -Wextra -std=c++17 -fopenmp -DOMP_EXPLICIT_SIMD=1,34212.282483,d0fdcd4b2e74abf3,passed
adaptive-simd_omp-t2-static-r5-firework.jpg,2026-09-19T04:53:25Z,firework.jpg,11125,16688,Adaptive_Median,5,2,static,,omp,yes,unset,unset,hype2,12.2.0,-O3 -Wall -Wextra -std=c++17 -fopenmp -DOMP_EXPLICIT_SIMD=1,27711.290677,cae2b8384ddb6aac,passed
adaptive-simd_omp-t2-static-r5-control_smooth_6000x6000.png,2026-09-19T04:53:32Z,control_smooth_6000x6000.png,6000,6000,Adaptive_Median,5,2,static,,omp,yes,unset,unset,hype2,12.2.0,-O3 -Wall -Wextra -std=c++17 -fopenmp -DOMP_EXPLICIT_SIMD=1,6503.878169,596e3c6929662ab9,passed
adaptive-simd_omp-t2-static-r5-control_noise_6000x6000.png,2026-09-19T04:53:37Z,control_noise_6000x6000.png,6000,6000,Adaptive_Median,5,2,static,,omp,yes,unset,unset,hype2,12.2.0,-O3 -Wall -Wextra -std=c++17 -fopenmp -DOMP_EXPLICIT_SIMD=1,4704.275367,fcb58a627e9d9740,passed
adaptive-simd_omp-t2-static-r5-control_half_noise_6000x6000.png,2026-09-19T04:53:44Z,control_half_noise_6000x6000.png,6000,6000,Adaptive_Median,5,2,static,,omp,yes,unset,unset,hype2,12.2.0,-O3 -Wall -Wextra -std=c++17 -fopenmp -DOMP_EXPLICIT_SIMD=1,6595.117000,9d92a48896bfc25a,passed
adaptive-simd_omp-t2-static-r5-control_bands_256_6000x6000.png,2026-09-19T04:53:50Z,control_bands_256_6000x6000.png,6000,6000,Adaptive_Median,5,2,static,,omp,yes,unset,unset,hype2,12.2.0,-O3 -Wall -Wextra -std=c++17 -fopenmp -DOMP_EXPLICIT_SIMD=1,4830.038274,8f9bc97f03d5aae1,passed
adaptive-simd_off-t2-dynamicx16-r5-sky.jpg,2026-09-19T04:53:59Z,sky.jpg,6936,9248,Adaptive_Median,5,2,dynamic,16,off,yes,unset,unset,hype2,12.2.0,-O3 -Wall -Wextra -std=c++17 -fopenmp -DOMP_EXPLICIT_SIMD=0 -fno-tree-vectorize,8473.337332,1e7ae9152e9643d5,passed
adaptive-simd_off-t2-dynamicx16-r5-stars.jpg,2026-09-19T04:54:15Z,stars.jpg,12960,8640,Adaptive_Median,5,2,dynamic,16,off,yes,unset,unset,hype2,12.2.0,-O3 -Wall -Wextra -std=c++17 -fopenmp -DOMP_EXPLICIT_SIMD=0 -fno-tree-vectorize,13337.370101,626f977055f1c658,passed
adaptive-simd_off-t2-dynamicx16-r5-rain_paisage.jpg,2026-09-19T04:54:43Z,rain_paisage.jpg,12288,16320,Adaptive_Median,5,2,dynamic,16,off,yes,unset,unset,hype2,12.2.0,-O3 -Wall -Wextra -std=c++17 -fopenmp -DOMP_EXPLICIT_SIMD=0 -fno-tree-vectorize,25069.090019,d0fdcd4b2e74abf3,passed
adaptive-simd_off-t2-dynamicx16-r5-firework.jpg,2026-09-19T04:55:10Z,firework.jpg,11125,16688,Adaptive_Median,5,2,dynamic,16,off,yes,unset,unset,hype2,12.2.0,-O3 -Wall -Wextra -std=c++17 -fopenmp -DOMP_EXPLICIT_SIMD=0 -fno-tree-vectorize,24150.017504,cae2b8384ddb6aac,passed
adaptive-simd_off-t2-dynamicx16-r5-control_smooth_6000x6000.png,2026-09-19T04:55:17Z,control_smooth_6000x6000.png,6000,6000,Adaptive_Median,5,2,dynamic,16,off,yes,unset,unset,hype2,12.2.0,-O3 -Wall -Wextra -std=c++17 -fopenmp -DOMP_EXPLICIT_SIMD=0 -fno-tree-vectorize,6369.829257,596e3c6929662ab9,passed
adaptive-simd_off-t2-dynamicx16-r5-control_noise_6000x6000.png,2026-09-19T04:55:22Z,control_noise_6000x6000.png,6000,6000,Adaptive_Median,5,2,dynamic,16,off,yes,unset,unset,hype2,12.2.0,-O3 -Wall -Wextra -std=c++17 -fopenmp -DOMP_EXPLICIT_SIMD=0 -fno-tree-vectorize,4619.658082,fcb58a627e9d9740,passed
adaptive-simd_off-t2-dynamicx16-r5-control_half_noise_6000x6000.png,2026-09-19T04:55:28Z,control_half_noise_6000x6000.png,6000,6000,Adaptive_Median,5,2,dynamic,16,off,yes,unset,unset,hype2,12.2.0,-O3 -Wall -Wextra -std=c++17 -fopenmp -DOMP_EXPLICIT_SIMD=0 -fno-tree-vectorize,4718.064792,9d92a48896bfc25a,passed
adaptive-simd_off-t2-dynamicx16-r5-control_bands_256_6000x6000.png,2026-09-19T04:55:33Z,control_bands_256_6000x6000.png,6000,6000,Adaptive_Median,5,2,dynamic,16,off,yes,unset,unset,hype2,12.2.0,-O3 -Wall -Wextra -std=c++17 -fopenmp -DOMP_EXPLICIT_SIMD=0 -fno-tree-vectorize,4712.383013,8f9bc97f03d5aae1,passed
adaptive-simd_omp-t2-dynamicx16-r5-sky.jpg,2026-09-19T04:55:43Z,sky.jpg,6936,9248,Adaptive_Median,5,2,dynamic,16,omp,yes,unset,unset,hype2,12.2.0,-O3 -Wall -Wextra -std=c++17 -fopenmp -DOMP_EXPLICIT_SIMD=1,8647.692914,1e7ae9152e9643d5,passed
adaptive-simd_omp-t2-dynamicx16-r5-stars.jpg,2026-09-19T04:55:59Z,stars.jpg,12960,8640,Adaptive_Median,5,2,dynamic,16,omp,yes,unset,unset,hype2,12.2.0,-O3 -Wall -Wextra -std=c++17 -fopenmp -DOMP_EXPLICIT_SIMD=1,13692.544302,626f977055f1c658,passed
adaptive-simd_omp-t2-dynamicx16-r5-rain_paisage.jpg,2026-09-19T04:56:28Z,rain_paisage.jpg,12288,16320,Adaptive_Median,5,2,dynamic,16,omp,yes,unset,unset,hype2,12.2.0,-O3 -Wall -Wextra -std=c++17 -fopenmp -DOMP_EXPLICIT_SIMD=1,25568.107393,d0fdcd4b2e74abf3,passed
adaptive-simd_omp-t2-dynamicx16-r5-firework.jpg,2026-09-19T04:56:55Z,firework.jpg,11125,16688,Adaptive_Median,5,2,dynamic,16,omp,yes,unset,unset,hype2,12.2.0,-O3 -Wall -Wextra -std=c++17 -fopenmp -DOMP_EXPLICIT_SIMD=1,24957.165937,cae2b8384ddb6aac,passed
adaptive-simd_omp-t2-dynamicx16-r5-control_smooth_6000x6000.png,2026-09-19T04:57:02Z,control_smooth_6000x6000.png,6000,6000,Adaptive_Median,5,2,dynamic,16,omp,yes,unset,unset,hype2,12.2.0,-O3 -Wall -Wextra -std=c++17 -fopenmp -DOMP_EXPLICIT_SIMD=1,6605.683140,596e3c6929662ab9,passed
adaptive-simd_omp-t2-dynamicx16-r5-control_noise_6000x6000.png,2026-09-19T04:57:08Z,control_noise_6000x6000.png,6000,6000,Adaptive_Median,5,2,dynamic,16,omp,yes,unset,unset,hype2,12.2.0,-O3 -Wall -Wextra -std=c++17 -fopenmp -DOMP_EXPLICIT_SIMD=1,4770.763844,fcb58a627e9d9740,passed
adaptive-simd_omp-t2-dynamicx16-r5-control_half_noise_6000x6000.png,2026-09-19T04:57:13Z,control_half_noise_6000x6000.png,6000,6000,Adaptive_Median,5,2,dynamic,16,omp,yes,unset,unset,hype2,12.2.0,-O3 -Wall -Wextra -std=c++17 -fopenmp -DOMP_EXPLICIT_SIMD=1,4871.260990,9d92a48896bfc25a,passed
adaptive-simd_omp-t2-dynamicx16-r5-control_bands_256_6000x6000.png,2026-09-19T04:57:19Z,control_bands_256_6000x6000.png,6000,6000,Adaptive_Median,5,2,dynamic,16,omp,yes,unset,unset,hype2,12.2.0,-O3 -Wall -Wextra -std=c++17 -fopenmp -DOMP_EXPLICIT_SIMD=1,4824.853322,8f9bc97f03d5aae1,passed
adaptive-simd_off-t4-static-r1-sky.jpg,2026-09-19T05:01:41Z,sky.jpg,6936,9248,Adaptive_Median,1,4,static,,off,yes,unset,unset,hype2,12.2.0,-O3 -Wall -Wextra -std=c++17 -fopenmp -DOMP_EXPLICIT_SIMD=0 -fno-tree-vectorize,4545.823591,1e7ae9152e9643d5,passed
adaptive-simd_off-t4-static-r1-stars.jpg,2026-09-19T05:01:50Z,stars.jpg,12960,8640,Adaptive_Median,1,4,static,,off,yes,unset,unset,hype2,12.2.0,-O3 -Wall -Wextra -std=c++17 -fopenmp -DOMP_EXPLICIT_SIMD=0 -fno-tree-vectorize,7129.185102,626f977055f1c658,passed
adaptive-simd_off-t4-static-r1-rain_paisage.jpg,2026-09-19T05:02:11Z,rain_paisage.jpg,12288,16320,Adaptive_Median,1,4,static,,off,yes,unset,unset,hype2,12.2.0,-O3 -Wall -Wextra -std=c++17 -fopenmp -DOMP_EXPLICIT_SIMD=0 -fno-tree-vectorize,17739.200768,d0fdcd4b2e74abf3,passed
adaptive-simd_off-t4-static-r1-firework.jpg,2026-09-19T05:02:30Z,firework.jpg,11125,16688,Adaptive_Median,1,4,static,,off,yes,unset,unset,hype2,12.2.0,-O3 -Wall -Wextra -std=c++17 -fopenmp -DOMP_EXPLICIT_SIMD=0 -fno-tree-vectorize,16145.490988,cae2b8384ddb6aac,passed
adaptive-simd_off-t4-static-r1-control_smooth_6000x6000.png,2026-09-19T05:02:34Z,control_smooth_6000x6000.png,6000,6000,Adaptive_Median,1,4,static,,off,yes,unset,unset,hype2,12.2.0,-O3 -Wall -Wextra -std=c++17 -fopenmp -DOMP_EXPLICIT_SIMD=0 -fno-tree-vectorize,3268.222593,596e3c6929662ab9,passed
adaptive-simd_off-t4-static-r1-control_noise_6000x6000.png,2026-09-19T05:02:37Z,control_noise_6000x6000.png,6000,6000,Adaptive_Median,1,4,static,,off,yes,unset,unset,hype2,12.2.0,-O3 -Wall -Wextra -std=c++17 -fopenmp -DOMP_EXPLICIT_SIMD=0 -fno-tree-vectorize,2345.138856,fcb58a627e9d9740,passed
adaptive-simd_off-t4-static-r1-control_half_noise_6000x6000.png,2026-09-19T05:02:41Z,control_half_noise_6000x6000.png,6000,6000,Adaptive_Median,1,4,static,,off,yes,unset,unset,hype2,12.2.0,-O3 -Wall -Wextra -std=c++17 -fopenmp -DOMP_EXPLICIT_SIMD=0 -fno-tree-vectorize,3303.049507,9d92a48896bfc25a,passed
adaptive-simd_off-t4-static-r1-control_bands_256_6000x6000.png,2026-09-19T05:02:44Z,control_bands_256_6000x6000.png,6000,6000,Adaptive_Median,1,4,static,,off,yes,unset,unset,hype2,12.2.0,-O3 -Wall -Wextra -std=c++17 -fopenmp -DOMP_EXPLICIT_SIMD=0 -fno-tree-vectorize,2414.702179,8f9bc97f03d5aae1,passed
adaptive-simd_omp-t4-static-r1-sky.jpg,2026-09-19T05:02:50Z,sky.jpg,6936,9248,Adaptive_Median,1,4,static,,omp,yes,unset,unset,hype2,12.2.0,-O3 -Wall -Wextra -std=c++17 -fopenmp -DOMP_EXPLICIT_SIMD=1,4677.071853,1e7ae9152e9643d5,passed
adaptive-simd_omp-t4-static-r1-stars.jpg,2026-09-19T05:02:59Z,stars.jpg,12960,8640,Adaptive_Median,1,4,static,,omp,yes,unset,unset,hype2,12.2.0,-O3 -Wall -Wextra -std=c++17 -fopenmp -DOMP_EXPLICIT_SIMD=1,7320.578970,626f977055f1c658,passed
adaptive-simd_omp-t4-static-r1-rain_paisage.jpg,2026-09-19T05:03:21Z,rain_paisage.jpg,12288,16320,Adaptive_Median,1,4,static,,omp,yes,unset,unset,hype2,12.2.0,-O3 -Wall -Wextra -std=c++17 -fopenmp -DOMP_EXPLICIT_SIMD=1,17951.350906,d0fdcd4b2e74abf3,passed
adaptive-simd_omp-t4-static-r1-firework.jpg,2026-09-19T05:03:40Z,firework.jpg,11125,16688,Adaptive_Median,1,4,static,,omp,yes,unset,unset,hype2,12.2.0,-O3 -Wall -Wextra -std=c++17 -fopenmp -DOMP_EXPLICIT_SIMD=1,16475.419077,cae2b8384ddb6aac,passed
adaptive-simd_omp-t4-static-r1-control_smooth_6000x6000.png,2026-09-19T05:03:44Z,control_smooth_6000x6000.png,6000,6000,Adaptive_Median,1,4,static,,omp,yes,unset,unset,hype2,12.2.0,-O3 -Wall -Wextra -std=c++17 -fopenmp -DOMP_EXPLICIT_SIMD=1,3299.818812,596e3c6929662ab9,passed
adaptive-simd_omp-t4-static-r1-control_noise_6000x6000.png,2026-09-19T05:03:47Z,control_noise_6000x6000.png,6000,6000,Adaptive_Median,1,4,static,,omp,yes,unset,unset,hype2,12.2.0,-O3 -Wall -Wextra -std=c++17 -fopenmp -DOMP_EXPLICIT_SIMD=1,2395.717566,fcb58a627e9d9740,passed
adaptive-simd_omp-t4-static-r1-control_half_noise_6000x6000.png,2026-09-19T05:03:51Z,control_half_noise_6000x6000.png,6000,6000,Adaptive_Median,1,4,static,,omp,yes,unset,unset,hype2,12.2.0,-O3 -Wall -Wextra -std=c++17 -fopenmp -DOMP_EXPLICIT_SIMD=1,3356.748581,9d92a48896bfc25a,passed
adaptive-simd_omp-t4-static-r1-control_bands_256_6000x6000.png,2026-09-19T05:03:54Z,control_bands_256_6000x6000.png,6000,6000,Adaptive_Median,1,4,static,,omp,yes,unset,unset,hype2,12.2.0,-O3 -Wall -Wextra -std=c++17 -fopenmp -DOMP_EXPLICIT_SIMD=1,2466.398314,8f9bc97f03d5aae1,passed
adaptive-simd_off-t4-dynamicx16-r1-sky.jpg,2026-09-19T05:03:59Z,sky.jpg,6936,9248,Adaptive_Median,1,4,dynamic,16,off,yes,unset,unset,hype2,12.2.0,-O3 -Wall -Wextra -std=c++17 -fopenmp -DOMP_EXPLICIT_SIMD=0 -fno-tree-vectorize,4302.477116,1e7ae9152e9643d5,passed
adaptive-simd_off-t4-dynamicx16-r1-stars.jpg,2026-09-19T05:04:08Z,stars.jpg,12960,8640,Adaptive_Median,1,4,dynamic,16,off,yes,unset,unset,hype2,12.2.0,-O3 -Wall -Wextra -std=c++17 -fopenmp -DOMP_EXPLICIT_SIMD=0 -fno-tree-vectorize,6738.623998,626f977055f1c658,passed
adaptive-simd_off-t4-dynamicx16-r1-rain_paisage.jpg,2026-09-19T05:04:24Z,rain_paisage.jpg,12288,16320,Adaptive_Median,1,4,dynamic,16,off,yes,unset,unset,hype2,12.2.0,-O3 -Wall -Wextra -std=c++17 -fopenmp -DOMP_EXPLICIT_SIMD=0 -fno-tree-vectorize,12739.519826,d0fdcd4b2e74abf3,passed
adaptive-simd_off-t4-dynamicx16-r1-firework.jpg,2026-09-19T05:04:39Z,firework.jpg,11125,16688,Adaptive_Median,1,4,dynamic,16,off,yes,unset,unset,hype2,12.2.0,-O3 -Wall -Wextra -std=c++17 -fopenmp -DOMP_EXPLICIT_SIMD=0 -fno-tree-vectorize,12294.870775,cae2b8384ddb6aac,passed
adaptive-simd_off-t4-dynamicx16-r1-control_smooth_6000x6000.png,2026-09-19T05:04:43Z,control_smooth_6000x6000.png,6000,6000,Adaptive_Median,1,4,dynamic,16,off,yes,unset,unset,hype2,12.2.0,-O3 -Wall -Wextra -std=c++17 -fopenmp -DOMP_EXPLICIT_SIMD=0 -fno-tree-vectorize,3257.122386,596e3c6929662ab9,passed
adaptive-simd_off-t4-dynamicx16-r1-control_noise_6000x6000.png,2026-09-19T05:04:46Z,control_noise_6000x6000.png,6000,6000,Adaptive_Median,1,4,dynamic,16,off,yes,unset,unset,hype2,12.2.0,-O3 -Wall -Wextra -std=c++17 -fopenmp -DOMP_EXPLICIT_SIMD=0 -fno-tree-vectorize,2355.708475,fcb58a627e9d9740,passed
adaptive-simd_off-t4-dynamicx16-r1-control_half_noise_6000x6000.png,2026-09-19T05:04:49Z,control_half_noise_6000x6000.png,6000,6000,Adaptive_Median,1,4,dynamic,16,off,yes,unset,unset,hype2,12.2.0,-O3 -Wall -Wextra -std=c++17 -fopenmp -DOMP_EXPLICIT_SIMD=0 -fno-tree-vectorize,2399.826690,9d92a48896bfc25a,passed
adaptive-simd_off-t4-dynamicx16-r1-control_bands_256_6000x6000.png,2026-09-19T05:04:52Z,control_bands_256_6000x6000.png,6000,6000,Adaptive_Median,1,4,dynamic,16,off,yes,unset,unset,hype2,12.2.0,-O3 -Wall -Wextra -std=c++17 -fopenmp -DOMP_EXPLICIT_SIMD=0 -fno-tree-vectorize,2400.087520,8f9bc97f03d5aae1,passed
adaptive-simd_omp-t4-dynamicx16-r1-sky.jpg,2026-09-19T05:04:58Z,sky.jpg,6936,9248,Adaptive_Median,1,4,dynamic,16,omp,yes,unset,unset,hype2,12.2.0,-O3 -Wall -Wextra -std=c++17 -fopenmp -DOMP_EXPLICIT_SIMD=1,4404.591848,1e7ae9152e9643d5,passed
adaptive-simd_omp-t4-dynamicx16-r1-stars.jpg,2026-09-19T05:05:07Z,stars.jpg,12960,8640,Adaptive_Median,1,4,dynamic,16,omp,yes,unset,unset,hype2,12.2.0,-O3 -Wall -Wextra -std=c++17 -fopenmp -DOMP_EXPLICIT_SIMD=1,6974.797646,626f977055f1c658,passed
adaptive-simd_omp-t4-dynamicx16-r1-rain_paisage.jpg,2026-09-19T05:05:23Z,rain_paisage.jpg,12288,16320,Adaptive_Median,1,4,dynamic,16,omp,yes,unset,unset,hype2,12.2.0,-O3 -Wall -Wextra -std=c++17 -fopenmp -DOMP_EXPLICIT_SIMD=1,13003.048082,d0fdcd4b2e74abf3,passed
adaptive-simd_omp-t4-dynamicx16-r1-firework.jpg,2026-09-19T05:05:39Z,firework.jpg,11125,16688,Adaptive_Median,1,4,dynamic,16,omp,yes,unset,unset,hype2,12.2.0,-O3 -Wall -Wextra -std=c++17 -fopenmp -DOMP_EXPLICIT_SIMD=1,12593.497051,cae2b8384ddb6aac,passed
adaptive-simd_omp-t4-dynamicx16-r1-control_smooth_6000x6000.png,2026-09-19T05:05:42Z,control_smooth_6000x6000.png,6000,6000,Adaptive_Median,1,4,dynamic,16,omp,yes,unset,unset,hype2,12.2.0,-O3 -Wall -Wextra -std=c++17 -fopenmp -DOMP_EXPLICIT_SIMD=1,3330.972540,596e3c6929662ab9,passed
adaptive-simd_omp-t4-dynamicx16-r1-control_noise_6000x6000.png,2026-09-19T05:05:45Z,control_noise_6000x6000.png,6000,6000,Adaptive_Median,1,4,dynamic,16,omp,yes,unset,unset,hype2,12.2.0,-O3 -Wall -Wextra -std=c++17 -fopenmp -DOMP_EXPLICIT_SIMD=1,2401.820678,fcb58a627e9d9740,passed
adaptive-simd_omp-t4-dynamicx16-r1-control_half_noise_6000x6000.png,2026-09-19T05:05:49Z,control_half_noise_6000x6000.png,6000,6000,Adaptive_Median,1,4,dynamic,16,omp,yes,unset,unset,hype2,12.2.0,-O3 -Wall -Wextra -std=c++17 -fopenmp -DOMP_EXPLICIT_SIMD=1,2451.322232,9d92a48896bfc25a,passed
adaptive-simd_omp-t4-dynamicx16-r1-control_bands_256_6000x6000.png,2026-09-19T05:05:52Z,control_bands_256_6000x6000.png,6000,6000,Adaptive_Median,1,4,dynamic,16,omp,yes,unset,unset,hype2,12.2.0,-O3 -Wall -Wextra -std=c++17 -fopenmp -DOMP_EXPLICIT_SIMD=1,2466.088820,8f9bc97f03d5aae1,passed
adaptive-simd_omp-t4-static-r2-sky.jpg,2026-09-19T05:05:57Z,sky.jpg,6936,9248,Adaptive_Median,2,4,static,,omp,yes,unset,unset,hype2,12.2.0,-O3 -Wall -Wextra -std=c++17 -fopenmp -DOMP_EXPLICIT_SIMD=1,4679.000652,1e7ae9152e9643d5,passed
adaptive-simd_omp-t4-static-r2-stars.jpg,2026-09-19T05:06:07Z,stars.jpg,12960,8640,Adaptive_Median,2,4,static,,omp,yes,unset,unset,hype2,12.2.0,-O3 -Wall -Wextra -std=c++17 -fopenmp -DOMP_EXPLICIT_SIMD=1,7328.827139,626f977055f1c658,passed
adaptive-simd_omp-t4-static-r2-rain_paisage.jpg,2026-09-19T05:06:28Z,rain_paisage.jpg,12288,16320,Adaptive_Median,2,4,static,,omp,yes,unset,unset,hype2,12.2.0,-O3 -Wall -Wextra -std=c++17 -fopenmp -DOMP_EXPLICIT_SIMD=1,17960.292773,d0fdcd4b2e74abf3,passed
adaptive-simd_omp-t4-static-r2-firework.jpg,2026-09-19T05:06:48Z,firework.jpg,11125,16688,Adaptive_Median,2,4,static,,omp,yes,unset,unset,hype2,12.2.0,-O3 -Wall -Wextra -std=c++17 -fopenmp -DOMP_EXPLICIT_SIMD=1,16429.574358,cae2b8384ddb6aac,passed
adaptive-simd_omp-t4-static-r2-control_smooth_6000x6000.png,2026-09-19T05:06:51Z,control_smooth_6000x6000.png,6000,6000,Adaptive_Median,2,4,static,,omp,yes,unset,unset,hype2,12.2.0,-O3 -Wall -Wextra -std=c++17 -fopenmp -DOMP_EXPLICIT_SIMD=1,3337.035555,596e3c6929662ab9,passed
adaptive-simd_omp-t4-static-r2-control_noise_6000x6000.png,2026-09-19T05:06:54Z,control_noise_6000x6000.png,6000,6000,Adaptive_Median,2,4,static,,omp,yes,unset,unset,hype2,12.2.0,-O3 -Wall -Wextra -std=c++17 -fopenmp -DOMP_EXPLICIT_SIMD=1,2403.345456,fcb58a627e9d9740,passed
adaptive-simd_omp-t4-static-r2-control_half_noise_6000x6000.png,2026-09-19T05:06:58Z,control_half_noise_6000x6000.png,6000,6000,Adaptive_Median,2,4,static,,omp,yes,unset,unset,hype2,12.2.0,-O3 -Wall -Wextra -std=c++17 -fopenmp -DOMP_EXPLICIT_SIMD=1,3349.589718,9d92a48896bfc25a,passed
adaptive-simd_omp-t4-static-r2-control_bands_256_6000x6000.png,2026-09-19T05:07:02Z,control_bands_256_6000x6000.png,6000,6000,Adaptive_Median,2,4,static,,omp,yes,unset,unset,hype2,12.2.0,-O3 -Wall -Wextra -std=c++17 -fopenmp -DOMP_EXPLICIT_SIMD=1,2623.877211,8f9bc97f03d5aae1,passed
adaptive-simd_off-t4-dynamicx16-r2-sky.jpg,2026-09-19T05:07:07Z,sky.jpg,6936,9248,Adaptive_Median,2,4,dynamic,16,off,yes,unset,unset,hype2,12.2.0,-O3 -Wall -Wextra -std=c++17 -fopenmp -DOMP_EXPLICIT_SIMD=0 -fno-tree-vectorize,4285.695487,1e7ae9152e9643d5,passed
adaptive-simd_off-t4-dynamicx16-r2-stars.jpg,2026-09-19T05:07:16Z,stars.jpg,12960,8640,Adaptive_Median,2,4,dynamic,16,off,yes,unset,unset,hype2,12.2.0,-O3 -Wall -Wextra -std=c++17 -fopenmp -DOMP_EXPLICIT_SIMD=0 -fno-tree-vectorize,6784.997475,626f977055f1c658,passed
adaptive-simd_off-t4-dynamicx16-r2-rain_paisage.jpg,2026-09-19T05:07:32Z,rain_paisage.jpg,12288,16320,Adaptive_Median,2,4,dynamic,16,off,yes,unset,unset,hype2,12.2.0,-O3 -Wall -Wextra -std=c++17 -fopenmp -DOMP_EXPLICIT_SIMD=0 -fno-tree-vectorize,12764.227974,d0fdcd4b2e74abf3,passed
adaptive-simd_off-t4-dynamicx16-r2-firework.jpg,2026-09-19T05:07:47Z,firework.jpg,11125,16688,Adaptive_Median,2,4,dynamic,16,off,yes,unset,unset,hype2,12.2.0,-O3 -Wall -Wextra -std=c++17 -fopenmp -DOMP_EXPLICIT_SIMD=0 -fno-tree-vectorize,12281.249363,cae2b8384ddb6aac,passed
adaptive-simd_off-t4-dynamicx16-r2-control_smooth_6000x6000.png,2026-09-19T05:07:51Z,control_smooth_6000x6000.png,6000,6000,Adaptive_Median,2,4,dynamic,16,off,yes,unset,unset,hype2,12.2.0,-O3 -Wall -Wextra -std=c++17 -fopenmp -DOMP_EXPLICIT_SIMD=0 -fno-tree-vectorize,3260.127920,596e3c6929662ab9,passed
adaptive-simd_off-t4-dynamicx16-r2-control_noise_6000x6000.png,2026-09-19T05:07:54Z,control_noise_6000x6000.png,6000,6000,Adaptive_Median,2,4,dynamic,16,off,yes,unset,unset,hype2,12.2.0,-O3 -Wall -Wextra -std=c++17 -fopenmp -DOMP_EXPLICIT_SIMD=0 -fno-tree-vectorize,2348.281279,fcb58a627e9d9740,passed
adaptive-simd_off-t4-dynamicx16-r2-control_half_noise_6000x6000.png,2026-09-19T05:07:57Z,control_half_noise_6000x6000.png,6000,6000,Adaptive_Median,2,4,dynamic,16,off,yes,unset,unset,hype2,12.2.0,-O3 -Wall -Wextra -std=c++17 -fopenmp -DOMP_EXPLICIT_SIMD=0 -fno-tree-vectorize,2391.715506,9d92a48896bfc25a,passed
adaptive-simd_off-t4-dynamicx16-r2-control_bands_256_6000x6000.png,2026-09-19T05:08:00Z,control_bands_256_6000x6000.png,6000,6000,Adaptive_Median,2,4,dynamic,16,off,yes,unset,unset,hype2,12.2.0,-O3 -Wall -Wextra -std=c++17 -fopenmp -DOMP_EXPLICIT_SIMD=0 -fno-tree-vectorize,2408.425750,8f9bc97f03d5aae1,passed
adaptive-simd_omp-t4-dynamicx16-r2-sky.jpg,2026-09-19T05:08:06Z,sky.jpg,6936,9248,Adaptive_Median,2,4,dynamic,16,omp,yes,unset,unset,hype2,12.2.0,-O3 -Wall -Wextra -std=c++17 -fopenmp -DOMP_EXPLICIT_SIMD=1,4618.838900,1e7ae9152e9643d5,passed
adaptive-simd_omp-t4-dynamicx16-r2-stars.jpg,2026-09-19T05:08:15Z,stars.jpg,12960,8640,Adaptive_Median,2,4,dynamic,16,omp,yes,unset,unset,hype2,12.2.0,-O3 -Wall -Wextra -std=c++17 -fopenmp -DOMP_EXPLICIT_SIMD=1,6935.404862,626f977055f1c658,passed
adaptive-simd_omp-t4-dynamicx16-r2-rain_paisage.jpg,2026-09-19T05:08:31Z,rain_paisage.jpg,12288,16320,Adaptive_Median,2,4,dynamic,16,omp,yes,unset,unset,hype2,12.2.0,-O3 -Wall -Wextra -std=c++17 -fopenmp -DOMP_EXPLICIT_SIMD=1,13010.713408,d0fdcd4b2e74abf3,passed
adaptive-simd_omp-t4-dynamicx16-r2-firework.jpg,2026-09-19T05:08:47Z,firework.jpg,11125,16688,Adaptive_Median,2,4,dynamic,16,omp,yes,unset,unset,hype2,12.2.0,-O3 -Wall -Wextra -std=c++17 -fopenmp -DOMP_EXPLICIT_SIMD=1,12571.795328,cae2b8384ddb6aac,passed
adaptive-simd_omp-t4-dynamicx16-r2-control_smooth_6000x6000.png,2026-09-19T05:08:50Z,control_smooth_6000x6000.png,6000,6000,Adaptive_Median,2,4,dynamic,16,omp,yes,unset,unset,hype2,12.2.0,-O3 -Wall -Wextra -std=c++17 -fopenmp -DOMP_EXPLICIT_SIMD=1,3332.711548,596e3c6929662ab9,passed
adaptive-simd_omp-t4-dynamicx16-r2-control_noise_6000x6000.png,2026-09-19T05:08:53Z,control_noise_6000x6000.png,6000,6000,Adaptive_Median,2,4,dynamic,16,omp,yes,unset,unset,hype2,12.2.0,-O3 -Wall -Wextra -std=c++17 -fopenmp -DOMP_EXPLICIT_SIMD=1,2395.618632,fcb58a627e9d9740,passed
adaptive-simd_omp-t4-dynamicx16-r2-control_half_noise_6000x6000.png,2026-09-19T05:08:57Z,control_half_noise_6000x6000.png,6000,6000,Adaptive_Median,2,4,dynamic,16,omp,yes,unset,unset,hype2,12.2.0,-O3 -Wall -Wextra -std=c++17 -fopenmp -DOMP_EXPLICIT_SIMD=1,2566.282263,9d92a48896bfc25a,passed
adaptive-simd_omp-t4-dynamicx16-r2-control_bands_256_6000x6000.png,2026-09-19T05:09:00Z,control_bands_256_6000x6000.png,6000,6000,Adaptive_Median,2,4,dynamic,16,omp,yes,unset,unset,hype2,12.2.0,-O3 -Wall -Wextra -std=c++17 -fopenmp -DOMP_EXPLICIT_SIMD=1,2470.973319,8f9bc97f03d5aae1,passed
adaptive-simd_off-t4-static-r2-sky.jpg,2026-09-19T05:09:05Z,sky.jpg,6936,9248,Adaptive_Median,2,4,static,,off,yes,unset,unset,hype2,12.2.0,-O3 -Wall -Wextra -std=c++17 -fopenmp -DOMP_EXPLICIT_SIMD=0 -fno-tree-vectorize,4606.089673,1e7ae9152e9643d5,passed
adaptive-simd_off-t4-static-r2-stars.jpg,2026-09-19T05:09:15Z,stars.jpg,12960,8640,Adaptive_Median,2,4,static,,off,yes,unset,unset,hype2,12.2.0,-O3 -Wall -Wextra -std=c++17 -fopenmp -DOMP_EXPLICIT_SIMD=0 -fno-tree-vectorize,7160.452647,626f977055f1c658,passed
adaptive-simd_off-t4-static-r2-rain_paisage.jpg,2026-09-19T05:09:36Z,rain_paisage.jpg,12288,16320,Adaptive_Median,2,4,static,,off,yes,unset,unset,hype2,12.2.0,-O3 -Wall -Wextra -std=c++17 -fopenmp -DOMP_EXPLICIT_SIMD=0 -fno-tree-vectorize,17708.002708,d0fdcd4b2e74abf3,passed
adaptive-simd_off-t4-static-r2-firework.jpg,2026-09-19T05:09:55Z,firework.jpg,11125,16688,Adaptive_Median,2,4,static,,off,yes,unset,unset,hype2,12.2.0,-O3 -Wall -Wextra -std=c++17 -fopenmp -DOMP_EXPLICIT_SIMD=0 -fno-tree-vectorize,16131.601648,cae2b8384ddb6aac,passed
adaptive-simd_off-t4-static-r2-control_smooth_6000x6000.png,2026-09-19T05:09:58Z,control_smooth_6000x6000.png,6000,6000,Adaptive_Median,2,4,static,,off,yes,unset,unset,hype2,12.2.0,-O3 -Wall -Wextra -std=c++17 -fopenmp -DOMP_EXPLICIT_SIMD=0 -fno-tree-vectorize,3252.966268,596e3c6929662ab9,passed
adaptive-simd_off-t4-static-r2-control_noise_6000x6000.png,2026-09-19T05:10:01Z,control_noise_6000x6000.png,6000,6000,Adaptive_Median,2,4,static,,off,yes,unset,unset,hype2,12.2.0,-O3 -Wall -Wextra -std=c++17 -fopenmp -DOMP_EXPLICIT_SIMD=0 -fno-tree-vectorize,2351.581533,fcb58a627e9d9740,passed
adaptive-simd_off-t4-static-r2-control_half_noise_6000x6000.png,2026-09-19T05:10:06Z,control_half_noise_6000x6000.png,6000,6000,Adaptive_Median,2,4,static,,off,yes,unset,unset,hype2,12.2.0,-O3 -Wall -Wextra -std=c++17 -fopenmp -DOMP_EXPLICIT_SIMD=0 -fno-tree-vectorize,3354.315801,9d92a48896bfc25a,passed
adaptive-simd_off-t4-static-r2-control_bands_256_6000x6000.png,2026-09-19T05:10:09Z,control_bands_256_6000x6000.png,6000,6000,Adaptive_Median,2,4,static,,off,yes,unset,unset,hype2,12.2.0,-O3 -Wall -Wextra -std=c++17 -fopenmp -DOMP_EXPLICIT_SIMD=0 -fno-tree-vectorize,2411.442531,8f9bc97f03d5aae1,passed
adaptive-simd_off-t4-dynamicx16-r3-sky.jpg,2026-09-19T05:10:14Z,sky.jpg,6936,9248,Adaptive_Median,3,4,dynamic,16,off,yes,unset,unset,hype2,12.2.0,-O3 -Wall -Wextra -std=c++17 -fopenmp -DOMP_EXPLICIT_SIMD=0 -fno-tree-vectorize,4282.817146,1e7ae9152e9643d5,passed
adaptive-simd_off-t4-dynamicx16-r3-stars.jpg,2026-09-19T05:10:23Z,stars.jpg,12960,8640,Adaptive_Median,3,4,dynamic,16,off,yes,unset,unset,hype2,12.2.0,-O3 -Wall -Wextra -std=c++17 -fopenmp -DOMP_EXPLICIT_SIMD=0 -fno-tree-vectorize,6764.383689,626f977055f1c658,passed
adaptive-simd_off-t4-dynamicx16-r3-rain_paisage.jpg,2026-09-19T05:10:39Z,rain_paisage.jpg,12288,16320,Adaptive_Median,3,4,dynamic,16,off,yes,unset,unset,hype2,12.2.0,-O3 -Wall -Wextra -std=c++17 -fopenmp -DOMP_EXPLICIT_SIMD=0 -fno-tree-vectorize,12780.825289,d0fdcd4b2e74abf3,passed
adaptive-simd_off-t4-dynamicx16-r3-firework.jpg,2026-09-19T05:10:54Z,firework.jpg,11125,16688,Adaptive_Median,3,4,dynamic,16,off,yes,unset,unset,hype2,12.2.0,-O3 -Wall -Wextra -std=c++17 -fopenmp -DOMP_EXPLICIT_SIMD=0 -fno-tree-vectorize,12290.477628,cae2b8384ddb6aac,passed
adaptive-simd_off-t4-dynamicx16-r3-control_smooth_6000x6000.png,2026-09-19T05:10:58Z,control_smooth_6000x6000.png,6000,6000,Adaptive_Median,3,4,dynamic,16,off,yes,unset,unset,hype2,12.2.0,-O3 -Wall -Wextra -std=c++17 -fopenmp -DOMP_EXPLICIT_SIMD=0 -fno-tree-vectorize,3258.188018,596e3c6929662ab9,passed
adaptive-simd_off-t4-dynamicx16-r3-control_noise_6000x6000.png,2026-09-19T05:11:01Z,control_noise_6000x6000.png,6000,6000,Adaptive_Median,3,4,dynamic,16,off,yes,unset,unset,hype2,12.2.0,-O3 -Wall -Wextra -std=c++17 -fopenmp -DOMP_EXPLICIT_SIMD=0 -fno-tree-vectorize,2351.589466,fcb58a627e9d9740,passed
adaptive-simd_off-t4-dynamicx16-r3-control_half_noise_6000x6000.png,2026-09-19T05:11:04Z,control_half_noise_6000x6000.png,6000,6000,Adaptive_Median,3,4,dynamic,16,off,yes,unset,unset,hype2,12.2.0,-O3 -Wall -Wextra -std=c++17 -fopenmp -DOMP_EXPLICIT_SIMD=0 -fno-tree-vectorize,2443.502956,9d92a48896bfc25a,passed
adaptive-simd_off-t4-dynamicx16-r3-control_bands_256_6000x6000.png,2026-09-19T05:11:07Z,control_bands_256_6000x6000.png,6000,6000,Adaptive_Median,3,4,dynamic,16,off,yes,unset,unset,hype2,12.2.0,-O3 -Wall -Wextra -std=c++17 -fopenmp -DOMP_EXPLICIT_SIMD=0 -fno-tree-vectorize,2400.151810,8f9bc97f03d5aae1,passed
adaptive-simd_omp-t4-dynamicx16-r3-sky.jpg,2026-09-19T05:11:13Z,sky.jpg,6936,9248,Adaptive_Median,3,4,dynamic,16,omp,yes,unset,unset,hype2,12.2.0,-O3 -Wall -Wextra -std=c++17 -fopenmp -DOMP_EXPLICIT_SIMD=1,4397.667184,1e7ae9152e9643d5,passed
adaptive-simd_omp-t4-dynamicx16-r3-stars.jpg,2026-09-19T05:11:22Z,stars.jpg,12960,8640,Adaptive_Median,3,4,dynamic,16,omp,yes,unset,unset,hype2,12.2.0,-O3 -Wall -Wextra -std=c++17 -fopenmp -DOMP_EXPLICIT_SIMD=1,6943.681959,626f977055f1c658,passed
adaptive-simd_omp-t4-dynamicx16-r3-rain_paisage.jpg,2026-09-19T05:11:38Z,rain_paisage.jpg,12288,16320,Adaptive_Median,3,4,dynamic,16,omp,yes,unset,unset,hype2,12.2.0,-O3 -Wall -Wextra -std=c++17 -fopenmp -DOMP_EXPLICIT_SIMD=1,13027.144039,d0fdcd4b2e74abf3,passed
adaptive-simd_omp-t4-dynamicx16-r3-firework.jpg,2026-09-19T05:11:54Z,firework.jpg,11125,16688,Adaptive_Median,3,4,dynamic,16,omp,yes,unset,unset,hype2,12.2.0,-O3 -Wall -Wextra -std=c++17 -fopenmp -DOMP_EXPLICIT_SIMD=1,12550.638301,cae2b8384ddb6aac,passed
adaptive-simd_omp-t4-dynamicx16-r3-control_smooth_6000x6000.png,2026-09-19T05:11:57Z,control_smooth_6000x6000.png,6000,6000,Adaptive_Median,3,4,dynamic,16,omp,yes,unset,unset,hype2,12.2.0,-O3 -Wall -Wextra -std=c++17 -fopenmp -DOMP_EXPLICIT_SIMD=1,3337.548058,596e3c6929662ab9,passed
adaptive-simd_omp-t4-dynamicx16-r3-control_noise_6000x6000.png,2026-09-19T05:12:00Z,control_noise_6000x6000.png,6000,6000,Adaptive_Median,3,4,dynamic,16,omp,yes,unset,unset,hype2,12.2.0,-O3 -Wall -Wextra -std=c++17 -fopenmp -DOMP_EXPLICIT_SIMD=1,2453.052228,fcb58a627e9d9740,passed
adaptive-simd_omp-t4-dynamicx16-r3-control_half_noise_6000x6000.png,2026-09-19T05:12:03Z,control_half_noise_6000x6000.png,6000,6000,Adaptive_Median,3,4,dynamic,16,omp,yes,unset,unset,hype2,12.2.0,-O3 -Wall -Wextra -std=c++17 -fopenmp -DOMP_EXPLICIT_SIMD=1,2466.218800,9d92a48896bfc25a,passed
adaptive-simd_omp-t4-dynamicx16-r3-control_bands_256_6000x6000.png,2026-09-19T05:12:07Z,control_bands_256_6000x6000.png,6000,6000,Adaptive_Median,3,4,dynamic,16,omp,yes,unset,unset,hype2,12.2.0,-O3 -Wall -Wextra -std=c++17 -fopenmp -DOMP_EXPLICIT_SIMD=1,2463.534716,8f9bc97f03d5aae1,passed
adaptive-simd_off-t4-static-r3-sky.jpg,2026-09-19T05:12:12Z,sky.jpg,6936,9248,Adaptive_Median,3,4,static,,off,yes,unset,unset,hype2,12.2.0,-O3 -Wall -Wextra -std=c++17 -fopenmp -DOMP_EXPLICIT_SIMD=0 -fno-tree-vectorize,4570.827932,1e7ae9152e9643d5,passed
adaptive-simd_off-t4-static-r3-stars.jpg,2026-09-19T05:12:22Z,stars.jpg,12960,8640,Adaptive_Median,3,4,static,,off,yes,unset,unset,hype2,12.2.0,-O3 -Wall -Wextra -std=c++17 -fopenmp -DOMP_EXPLICIT_SIMD=0 -fno-tree-vectorize,7114.266278,626f977055f1c658,passed
adaptive-simd_off-t4-static-r3-rain_paisage.jpg,2026-09-19T05:12:43Z,rain_paisage.jpg,12288,16320,Adaptive_Median,3,4,static,,off,yes,unset,unset,hype2,12.2.0,-O3 -Wall -Wextra -std=c++17 -fopenmp -DOMP_EXPLICIT_SIMD=0 -fno-tree-vectorize,17698.670846,d0fdcd4b2e74abf3,passed
adaptive-simd_off-t4-static-r3-firework.jpg,2026-09-19T05:13:02Z,firework.jpg,11125,16688,Adaptive_Median,3,4,static,,off,yes,unset,unset,hype2,12.2.0,-O3 -Wall -Wextra -std=c++17 -fopenmp -DOMP_EXPLICIT_SIMD=0 -fno-tree-vectorize,16122.963127,cae2b8384ddb6aac,passed
adaptive-simd_off-t4-static-r3-control_smooth_6000x6000.png,2026-09-19T05:13:05Z,control_smooth_6000x6000.png,6000,6000,Adaptive_Median,3,4,static,,off,yes,unset,unset,hype2,12.2.0,-O3 -Wall -Wextra -std=c++17 -fopenmp -DOMP_EXPLICIT_SIMD=0 -fno-tree-vectorize,3299.141474,596e3c6929662ab9,passed
adaptive-simd_off-t4-static-r3-control_noise_6000x6000.png,2026-09-19T05:13:08Z,control_noise_6000x6000.png,6000,6000,Adaptive_Median,3,4,static,,off,yes,unset,unset,hype2,12.2.0,-O3 -Wall -Wextra -std=c++17 -fopenmp -DOMP_EXPLICIT_SIMD=0 -fno-tree-vectorize,2343.391386,fcb58a627e9d9740,passed
adaptive-simd_off-t4-static-r3-control_half_noise_6000x6000.png,2026-09-19T05:13:12Z,control_half_noise_6000x6000.png,6000,6000,Adaptive_Median,3,4,static,,off,yes,unset,unset,hype2,12.2.0,-O3 -Wall -Wextra -std=c++17 -fopenmp -DOMP_EXPLICIT_SIMD=0 -fno-tree-vectorize,3288.117384,9d92a48896bfc25a,passed
adaptive-simd_off-t4-static-r3-control_bands_256_6000x6000.png,2026-09-19T05:13:15Z,control_bands_256_6000x6000.png,6000,6000,Adaptive_Median,3,4,static,,off,yes,unset,unset,hype2,12.2.0,-O3 -Wall -Wextra -std=c++17 -fopenmp -DOMP_EXPLICIT_SIMD=0 -fno-tree-vectorize,2417.458479,8f9bc97f03d5aae1,passed
adaptive-simd_omp-t4-static-r3-sky.jpg,2026-09-19T05:13:21Z,sky.jpg,6936,9248,Adaptive_Median,3,4,static,,omp,yes,unset,unset,hype2,12.2.0,-O3 -Wall -Wextra -std=c++17 -fopenmp -DOMP_EXPLICIT_SIMD=1,4682.781753,1e7ae9152e9643d5,passed
adaptive-simd_omp-t4-static-r3-stars.jpg,2026-09-19T05:13:31Z,stars.jpg,12960,8640,Adaptive_Median,3,4,static,,omp,yes,unset,unset,hype2,12.2.0,-O3 -Wall -Wextra -std=c++17 -fopenmp -DOMP_EXPLICIT_SIMD=1,7299.936225,626f977055f1c658,passed
adaptive-simd_omp-t4-static-r3-rain_paisage.jpg,2026-09-19T05:13:52Z,rain_paisage.jpg,12288,16320,Adaptive_Median,3,4,static,,omp,yes,unset,unset,hype2,12.2.0,-O3 -Wall -Wextra -std=c++17 -fopenmp -DOMP_EXPLICIT_SIMD=1,18042.202128,d0fdcd4b2e74abf3,passed
adaptive-simd_omp-t4-static-r3-firework.jpg,2026-09-19T05:14:11Z,firework.jpg,11125,16688,Adaptive_Median,3,4,static,,omp,yes,unset,unset,hype2,12.2.0,-O3 -Wall -Wextra -std=c++17 -fopenmp -DOMP_EXPLICIT_SIMD=1,16441.251436,cae2b8384ddb6aac,passed
adaptive-simd_omp-t4-static-r3-control_smooth_6000x6000.png,2026-09-19T05:14:15Z,control_smooth_6000x6000.png,6000,6000,Adaptive_Median,3,4,static,,omp,yes,unset,unset,hype2,12.2.0,-O3 -Wall -Wextra -std=c++17 -fopenmp -DOMP_EXPLICIT_SIMD=1,3336.975245,596e3c6929662ab9,passed
adaptive-simd_omp-t4-static-r3-control_noise_6000x6000.png,2026-09-19T05:14:18Z,control_noise_6000x6000.png,6000,6000,Adaptive_Median,3,4,static,,omp,yes,unset,unset,hype2,12.2.0,-O3 -Wall -Wextra -std=c++17 -fopenmp -DOMP_EXPLICIT_SIMD=1,2392.715670,fcb58a627e9d9740,passed
adaptive-simd_omp-t4-static-r3-control_half_noise_6000x6000.png,2026-09-19T05:14:22Z,control_half_noise_6000x6000.png,6000,6000,Adaptive_Median,3,4,static,,omp,yes,unset,unset,hype2,12.2.0,-O3 -Wall -Wextra -std=c++17 -fopenmp -DOMP_EXPLICIT_SIMD=1,3360.323423,9d92a48896bfc25a,passed
adaptive-simd_omp-t4-static-r3-control_bands_256_6000x6000.png,2026-09-19T05:14:25Z,control_bands_256_6000x6000.png,6000,6000,Adaptive_Median,3,4,static,,omp,yes,unset,unset,hype2,12.2.0,-O3 -Wall -Wextra -std=c++17 -fopenmp -DOMP_EXPLICIT_SIMD=1,2483.666677,8f9bc97f03d5aae1,passed
adaptive-simd_omp-t4-dynamicx16-r4-sky.jpg,2026-09-19T05:14:31Z,sky.jpg,6936,9248,Adaptive_Median,4,4,dynamic,16,omp,yes,unset,unset,hype2,12.2.0,-O3 -Wall -Wextra -std=c++17 -fopenmp -DOMP_EXPLICIT_SIMD=1,4400.335164,1e7ae9152e9643d5,passed
adaptive-simd_omp-t4-dynamicx16-r4-stars.jpg,2026-09-19T05:14:40Z,stars.jpg,12960,8640,Adaptive_Median,4,4,dynamic,16,omp,yes,unset,unset,hype2,12.2.0,-O3 -Wall -Wextra -std=c++17 -fopenmp -DOMP_EXPLICIT_SIMD=1,6988.584080,626f977055f1c658,passed
adaptive-simd_omp-t4-dynamicx16-r4-rain_paisage.jpg,2026-09-19T05:14:56Z,rain_paisage.jpg,12288,16320,Adaptive_Median,4,4,dynamic,16,omp,yes,unset,unset,hype2,12.2.0,-O3 -Wall -Wextra -std=c++17 -fopenmp -DOMP_EXPLICIT_SIMD=1,13000.257739,d0fdcd4b2e74abf3,passed
adaptive-simd_omp-t4-dynamicx16-r4-firework.jpg,2026-09-19T05:15:12Z,firework.jpg,11125,16688,Adaptive_Median,4,4,dynamic,16,omp,yes,unset,unset,hype2,12.2.0,-O3 -Wall -Wextra -std=c++17 -fopenmp -DOMP_EXPLICIT_SIMD=1,12612.472967,cae2b8384ddb6aac,passed
adaptive-simd_omp-t4-dynamicx16-r4-control_smooth_6000x6000.png,2026-09-19T05:15:15Z,control_smooth_6000x6000.png,6000,6000,Adaptive_Median,4,4,dynamic,16,omp,yes,unset,unset,hype2,12.2.0,-O3 -Wall -Wextra -std=c++17 -fopenmp -DOMP_EXPLICIT_SIMD=1,3330.002532,596e3c6929662ab9,passed
adaptive-simd_omp-t4-dynamicx16-r4-control_noise_6000x6000.png,2026-09-19T05:15:18Z,control_noise_6000x6000.png,6000,6000,Adaptive_Median,4,4,dynamic,16,omp,yes,unset,unset,hype2,12.2.0,-O3 -Wall -Wextra -std=c++17 -fopenmp -DOMP_EXPLICIT_SIMD=1,2395.534944,fcb58a627e9d9740,passed
adaptive-simd_omp-t4-dynamicx16-r4-control_half_noise_6000x6000.png,2026-09-19T05:15:21Z,control_half_noise_6000x6000.png,6000,6000,Adaptive_Median,4,4,dynamic,16,omp,yes,unset,unset,hype2,12.2.0,-O3 -Wall -Wextra -std=c++17 -fopenmp -DOMP_EXPLICIT_SIMD=1,2459.348999,9d92a48896bfc25a,passed
adaptive-simd_omp-t4-dynamicx16-r4-control_bands_256_6000x6000.png,2026-09-19T05:15:25Z,control_bands_256_6000x6000.png,6000,6000,Adaptive_Median,4,4,dynamic,16,omp,yes,unset,unset,hype2,12.2.0,-O3 -Wall -Wextra -std=c++17 -fopenmp -DOMP_EXPLICIT_SIMD=1,2471.197655,8f9bc97f03d5aae1,passed
adaptive-simd_off-t4-static-r4-sky.jpg,2026-09-19T05:15:30Z,sky.jpg,6936,9248,Adaptive_Median,4,4,static,,off,yes,unset,unset,hype2,12.2.0,-O3 -Wall -Wextra -std=c++17 -fopenmp -DOMP_EXPLICIT_SIMD=0 -fno-tree-vectorize,4571.580333,1e7ae9152e9643d5,passed
adaptive-simd_off-t4-static-r4-stars.jpg,2026-09-19T05:15:40Z,stars.jpg,12960,8640,Adaptive_Median,4,4,static,,off,yes,unset,unset,hype2,12.2.0,-O3 -Wall -Wextra -std=c++17 -fopenmp -DOMP_EXPLICIT_SIMD=0 -fno-tree-vectorize,7181.186016,626f977055f1c658,passed
adaptive-simd_off-t4-static-r4-rain_paisage.jpg,2026-09-19T05:16:01Z,rain_paisage.jpg,12288,16320,Adaptive_Median,4,4,static,,off,yes,unset,unset,hype2,12.2.0,-O3 -Wall -Wextra -std=c++17 -fopenmp -DOMP_EXPLICIT_SIMD=0 -fno-tree-vectorize,17676.622642,d0fdcd4b2e74abf3,passed
adaptive-simd_off-t4-static-r4-firework.jpg,2026-09-19T05:16:20Z,firework.jpg,11125,16688,Adaptive_Median,4,4,static,,off,yes,unset,unset,hype2,12.2.0,-O3 -Wall -Wextra -std=c++17 -fopenmp -DOMP_EXPLICIT_SIMD=0 -fno-tree-vectorize,16186.687664,cae2b8384ddb6aac,passed
adaptive-simd_off-t4-static-r4-control_smooth_6000x6000.png,2026-09-19T05:16:23Z,control_smooth_6000x6000.png,6000,6000,Adaptive_Median,4,4,static,,off,yes,unset,unset,hype2,12.2.0,-O3 -Wall -Wextra -std=c++17 -fopenmp -DOMP_EXPLICIT_SIMD=0 -fno-tree-vectorize,3250.726662,596e3c6929662ab9,passed
adaptive-simd_off-t4-static-r4-control_noise_6000x6000.png,2026-09-19T05:16:26Z,control_noise_6000x6000.png,6000,6000,Adaptive_Median,4,4,static,,off,yes,unset,unset,hype2,12.2.0,-O3 -Wall -Wextra -std=c++17 -fopenmp -DOMP_EXPLICIT_SIMD=0 -fno-tree-vectorize,2341.166139,fcb58a627e9d9740,passed
adaptive-simd_off-t4-static-r4-control_half_noise_6000x6000.png,2026-09-19T05:16:30Z,control_half_noise_6000x6000.png,6000,6000,Adaptive_Median,4,4,static,,off,yes,unset,unset,hype2,12.2.0,-O3 -Wall -Wextra -std=c++17 -fopenmp -DOMP_EXPLICIT_SIMD=0 -fno-tree-vectorize,3281.691145,9d92a48896bfc25a,passed
adaptive-simd_off-t4-static-r4-control_bands_256_6000x6000.png,2026-09-19T05:16:33Z,control_bands_256_6000x6000.png,6000,6000,Adaptive_Median,4,4,static,,off,yes,unset,unset,hype2,12.2.0,-O3 -Wall -Wextra -std=c++17 -fopenmp -DOMP_EXPLICIT_SIMD=0 -fno-tree-vectorize,2401.311489,8f9bc97f03d5aae1,passed
adaptive-simd_omp-t4-static-r4-sky.jpg,2026-09-19T05:16:39Z,sky.jpg,6936,9248,Adaptive_Median,4,4,static,,omp,yes,unset,unset,hype2,12.2.0,-O3 -Wall -Wextra -std=c++17 -fopenmp -DOMP_EXPLICIT_SIMD=1,4711.950702,1e7ae9152e9643d5,passed
adaptive-simd_omp-t4-static-r4-stars.jpg,2026-09-19T05:16:49Z,stars.jpg,12960,8640,Adaptive_Median,4,4,static,,omp,yes,unset,unset,hype2,12.2.0,-O3 -Wall -Wextra -std=c++17 -fopenmp -DOMP_EXPLICIT_SIMD=1,7269.938814,626f977055f1c658,passed
adaptive-simd_omp-t4-static-r4-rain_paisage.jpg,2026-09-19T05:17:10Z,rain_paisage.jpg,12288,16320,Adaptive_Median,4,4,static,,omp,yes,unset,unset,hype2,12.2.0,-O3 -Wall -Wextra -std=c++17 -fopenmp -DOMP_EXPLICIT_SIMD=1,17977.969895,d0fdcd4b2e74abf3,passed
adaptive-simd_omp-t4-static-r4-firework.jpg,2026-09-19T05:17:29Z,firework.jpg,11125,16688,Adaptive_Median,4,4,static,,omp,yes,unset,unset,hype2,12.2.0,-O3 -Wall -Wextra -std=c++17 -fopenmp -DOMP_EXPLICIT_SIMD=1,16414.940078,cae2b8384ddb6aac,passed
adaptive-simd_omp-t4-static-r4-control_smooth_6000x6000.png,2026-09-19T05:17:33Z,control_smooth_6000x6000.png,6000,6000,Adaptive_Median,4,4,static,,omp,yes,unset,unset,hype2,12.2.0,-O3 -Wall -Wextra -std=c++17 -fopenmp -DOMP_EXPLICIT_SIMD=1,3329.202209,596e3c6929662ab9,passed
adaptive-simd_omp-t4-static-r4-control_noise_6000x6000.png,2026-09-19T05:17:36Z,control_noise_6000x6000.png,6000,6000,Adaptive_Median,4,4,static,,omp,yes,unset,unset,hype2,12.2.0,-O3 -Wall -Wextra -std=c++17 -fopenmp -DOMP_EXPLICIT_SIMD=1,2414.063342,fcb58a627e9d9740,passed
adaptive-simd_omp-t4-static-r4-control_half_noise_6000x6000.png,2026-09-19T05:17:40Z,control_half_noise_6000x6000.png,6000,6000,Adaptive_Median,4,4,static,,omp,yes,unset,unset,hype2,12.2.0,-O3 -Wall -Wextra -std=c++17 -fopenmp -DOMP_EXPLICIT_SIMD=1,3478.180031,9d92a48896bfc25a,passed
adaptive-simd_omp-t4-static-r4-control_bands_256_6000x6000.png,2026-09-19T05:17:43Z,control_bands_256_6000x6000.png,6000,6000,Adaptive_Median,4,4,static,,omp,yes,unset,unset,hype2,12.2.0,-O3 -Wall -Wextra -std=c++17 -fopenmp -DOMP_EXPLICIT_SIMD=1,2466.490260,8f9bc97f03d5aae1,passed
adaptive-simd_off-t4-dynamicx16-r4-sky.jpg,2026-09-19T05:17:49Z,sky.jpg,6936,9248,Adaptive_Median,4,4,dynamic,16,off,yes,unset,unset,hype2,12.2.0,-O3 -Wall -Wextra -std=c++17 -fopenmp -DOMP_EXPLICIT_SIMD=0 -fno-tree-vectorize,4282.586089,1e7ae9152e9643d5,passed
adaptive-simd_off-t4-dynamicx16-r4-stars.jpg,2026-09-19T05:17:58Z,stars.jpg,12960,8640,Adaptive_Median,4,4,dynamic,16,off,yes,unset,unset,hype2,12.2.0,-O3 -Wall -Wextra -std=c++17 -fopenmp -DOMP_EXPLICIT_SIMD=0 -fno-tree-vectorize,6761.889710,626f977055f1c658,passed
adaptive-simd_off-t4-dynamicx16-r4-rain_paisage.jpg,2026-09-19T05:18:14Z,rain_paisage.jpg,12288,16320,Adaptive_Median,4,4,dynamic,16,off,yes,unset,unset,hype2,12.2.0,-O3 -Wall -Wextra -std=c++17 -fopenmp -DOMP_EXPLICIT_SIMD=0 -fno-tree-vectorize,12788.880496,d0fdcd4b2e74abf3,passed
adaptive-simd_off-t4-dynamicx16-r4-firework.jpg,2026-09-19T05:18:29Z,firework.jpg,11125,16688,Adaptive_Median,4,4,dynamic,16,off,yes,unset,unset,hype2,12.2.0,-O3 -Wall -Wextra -std=c++17 -fopenmp -DOMP_EXPLICIT_SIMD=0 -fno-tree-vectorize,12294.458753,cae2b8384ddb6aac,passed
adaptive-simd_off-t4-dynamicx16-r4-control_smooth_6000x6000.png,2026-09-19T05:18:33Z,control_smooth_6000x6000.png,6000,6000,Adaptive_Median,4,4,dynamic,16,off,yes,unset,unset,hype2,12.2.0,-O3 -Wall -Wextra -std=c++17 -fopenmp -DOMP_EXPLICIT_SIMD=0 -fno-tree-vectorize,3257.580735,596e3c6929662ab9,passed
adaptive-simd_off-t4-dynamicx16-r4-control_noise_6000x6000.png,2026-09-19T05:18:35Z,control_noise_6000x6000.png,6000,6000,Adaptive_Median,4,4,dynamic,16,off,yes,unset,unset,hype2,12.2.0,-O3 -Wall -Wextra -std=c++17 -fopenmp -DOMP_EXPLICIT_SIMD=0 -fno-tree-vectorize,2357.610311,fcb58a627e9d9740,passed
adaptive-simd_off-t4-dynamicx16-r4-control_half_noise_6000x6000.png,2026-09-19T05:18:39Z,control_half_noise_6000x6000.png,6000,6000,Adaptive_Median,4,4,dynamic,16,off,yes,unset,unset,hype2,12.2.0,-O3 -Wall -Wextra -std=c++17 -fopenmp -DOMP_EXPLICIT_SIMD=0 -fno-tree-vectorize,2423.237749,9d92a48896bfc25a,passed
adaptive-simd_off-t4-dynamicx16-r4-control_bands_256_6000x6000.png,2026-09-19T05:18:42Z,control_bands_256_6000x6000.png,6000,6000,Adaptive_Median,4,4,dynamic,16,off,yes,unset,unset,hype2,12.2.0,-O3 -Wall -Wextra -std=c++17 -fopenmp -DOMP_EXPLICIT_SIMD=0 -fno-tree-vectorize,2397.878410,8f9bc97f03d5aae1,passed
adaptive-simd_off-t4-static-r5-sky.jpg,2026-09-19T05:18:47Z,sky.jpg,6936,9248,Adaptive_Median,5,4,static,,off,yes,unset,unset,hype2,12.2.0,-O3 -Wall -Wextra -std=c++17 -fopenmp -DOMP_EXPLICIT_SIMD=0 -fno-tree-vectorize,4560.104951,1e7ae9152e9643d5,passed
adaptive-simd_off-t4-static-r5-stars.jpg,2026-09-19T05:18:57Z,stars.jpg,12960,8640,Adaptive_Median,5,4,static,,off,yes,unset,unset,hype2,12.2.0,-O3 -Wall -Wextra -std=c++17 -fopenmp -DOMP_EXPLICIT_SIMD=0 -fno-tree-vectorize,7116.889724,626f977055f1c658,passed
adaptive-simd_off-t4-static-r5-rain_paisage.jpg,2026-09-19T05:19:18Z,rain_paisage.jpg,12288,16320,Adaptive_Median,5,4,static,,off,yes,unset,unset,hype2,12.2.0,-O3 -Wall -Wextra -std=c++17 -fopenmp -DOMP_EXPLICIT_SIMD=0 -fno-tree-vectorize,17728.468002,d0fdcd4b2e74abf3,passed
adaptive-simd_off-t4-static-r5-firework.jpg,2026-09-19T05:19:37Z,firework.jpg,11125,16688,Adaptive_Median,5,4,static,,off,yes,unset,unset,hype2,12.2.0,-O3 -Wall -Wextra -std=c++17 -fopenmp -DOMP_EXPLICIT_SIMD=0 -fno-tree-vectorize,16115.218248,cae2b8384ddb6aac,passed
adaptive-simd_off-t4-static-r5-control_smooth_6000x6000.png,2026-09-19T05:19:41Z,control_smooth_6000x6000.png,6000,6000,Adaptive_Median,5,4,static,,off,yes,unset,unset,hype2,12.2.0,-O3 -Wall -Wextra -std=c++17 -fopenmp -DOMP_EXPLICIT_SIMD=0 -fno-tree-vectorize,3309.386615,596e3c6929662ab9,passed
adaptive-simd_off-t4-static-r5-control_noise_6000x6000.png,2026-09-19T05:19:43Z,control_noise_6000x6000.png,6000,6000,Adaptive_Median,5,4,static,,off,yes,unset,unset,hype2,12.2.0,-O3 -Wall -Wextra -std=c++17 -fopenmp -DOMP_EXPLICIT_SIMD=0 -fno-tree-vectorize,2342.758306,fcb58a627e9d9740,passed
adaptive-simd_off-t4-static-r5-control_half_noise_6000x6000.png,2026-09-19T05:19:48Z,control_half_noise_6000x6000.png,6000,6000,Adaptive_Median,5,4,static,,off,yes,unset,unset,hype2,12.2.0,-O3 -Wall -Wextra -std=c++17 -fopenmp -DOMP_EXPLICIT_SIMD=0 -fno-tree-vectorize,3287.911943,9d92a48896bfc25a,passed
adaptive-simd_off-t4-static-r5-control_bands_256_6000x6000.png,2026-09-19T05:19:51Z,control_bands_256_6000x6000.png,6000,6000,Adaptive_Median,5,4,static,,off,yes,unset,unset,hype2,12.2.0,-O3 -Wall -Wextra -std=c++17 -fopenmp -DOMP_EXPLICIT_SIMD=0 -fno-tree-vectorize,2417.641227,8f9bc97f03d5aae1,passed
adaptive-simd_omp-t4-static-r5-sky.jpg,2026-09-19T05:19:56Z,sky.jpg,6936,9248,Adaptive_Median,5,4,static,,omp,yes,unset,unset,hype2,12.2.0,-O3 -Wall -Wextra -std=c++17 -fopenmp -DOMP_EXPLICIT_SIMD=1,4648.277872,1e7ae9152e9643d5,passed
adaptive-simd_omp-t4-static-r5-stars.jpg,2026-09-19T05:20:06Z,stars.jpg,12960,8640,Adaptive_Median,5,4,static,,omp,yes,unset,unset,hype2,12.2.0,-O3 -Wall -Wextra -std=c++17 -fopenmp -DOMP_EXPLICIT_SIMD=1,7283.073173,626f977055f1c658,passed
adaptive-simd_omp-t4-static-r5-rain_paisage.jpg,2026-09-19T05:20:27Z,rain_paisage.jpg,12288,16320,Adaptive_Median,5,4,static,,omp,yes,unset,unset,hype2,12.2.0,-O3 -Wall -Wextra -std=c++17 -fopenmp -DOMP_EXPLICIT_SIMD=1,17962.060520,d0fdcd4b2e74abf3,passed
adaptive-simd_omp-t4-static-r5-firework.jpg,2026-09-19T05:20:46Z,firework.jpg,11125,16688,Adaptive_Median,5,4,static,,omp,yes,unset,unset,hype2,12.2.0,-O3 -Wall -Wextra -std=c++17 -fopenmp -DOMP_EXPLICIT_SIMD=1,16494.202923,cae2b8384ddb6aac,passed
adaptive-simd_omp-t4-static-r5-control_smooth_6000x6000.png,2026-09-19T05:20:50Z,control_smooth_6000x6000.png,6000,6000,Adaptive_Median,5,4,static,,omp,yes,unset,unset,hype2,12.2.0,-O3 -Wall -Wextra -std=c++17 -fopenmp -DOMP_EXPLICIT_SIMD=1,3338.868066,596e3c6929662ab9,passed
adaptive-simd_omp-t4-static-r5-control_noise_6000x6000.png,2026-09-19T05:20:53Z,control_noise_6000x6000.png,6000,6000,Adaptive_Median,5,4,static,,omp,yes,unset,unset,hype2,12.2.0,-O3 -Wall -Wextra -std=c++17 -fopenmp -DOMP_EXPLICIT_SIMD=1,2391.097109,fcb58a627e9d9740,passed
adaptive-simd_omp-t4-static-r5-control_half_noise_6000x6000.png,2026-09-19T05:20:57Z,control_half_noise_6000x6000.png,6000,6000,Adaptive_Median,5,4,static,,omp,yes,unset,unset,hype2,12.2.0,-O3 -Wall -Wextra -std=c++17 -fopenmp -DOMP_EXPLICIT_SIMD=1,3352.977626,9d92a48896bfc25a,passed
adaptive-simd_omp-t4-static-r5-control_bands_256_6000x6000.png,2026-09-19T05:21:00Z,control_bands_256_6000x6000.png,6000,6000,Adaptive_Median,5,4,static,,omp,yes,unset,unset,hype2,12.2.0,-O3 -Wall -Wextra -std=c++17 -fopenmp -DOMP_EXPLICIT_SIMD=1,2482.343538,8f9bc97f03d5aae1,passed
adaptive-simd_off-t4-dynamicx16-r5-sky.jpg,2026-09-19T05:21:06Z,sky.jpg,6936,9248,Adaptive_Median,5,4,dynamic,16,off,yes,unset,unset,hype2,12.2.0,-O3 -Wall -Wextra -std=c++17 -fopenmp -DOMP_EXPLICIT_SIMD=0 -fno-tree-vectorize,4285.512168,1e7ae9152e9643d5,passed
adaptive-simd_off-t4-dynamicx16-r5-stars.jpg,2026-09-19T05:21:15Z,stars.jpg,12960,8640,Adaptive_Median,5,4,dynamic,16,off,yes,unset,unset,hype2,12.2.0,-O3 -Wall -Wextra -std=c++17 -fopenmp -DOMP_EXPLICIT_SIMD=0 -fno-tree-vectorize,6827.088488,626f977055f1c658,passed
adaptive-simd_off-t4-dynamicx16-r5-rain_paisage.jpg,2026-09-19T05:21:31Z,rain_paisage.jpg,12288,16320,Adaptive_Median,5,4,dynamic,16,off,yes,unset,unset,hype2,12.2.0,-O3 -Wall -Wextra -std=c++17 -fopenmp -DOMP_EXPLICIT_SIMD=0 -fno-tree-vectorize,12747.762286,d0fdcd4b2e74abf3,passed
adaptive-simd_off-t4-dynamicx16-r5-firework.jpg,2026-09-19T05:21:46Z,firework.jpg,11125,16688,Adaptive_Median,5,4,dynamic,16,off,yes,unset,unset,hype2,12.2.0,-O3 -Wall -Wextra -std=c++17 -fopenmp -DOMP_EXPLICIT_SIMD=0 -fno-tree-vectorize,12342.390449,cae2b8384ddb6aac,passed
adaptive-simd_off-t4-dynamicx16-r5-control_smooth_6000x6000.png,2026-09-19T05:21:50Z,control_smooth_6000x6000.png,6000,6000,Adaptive_Median,5,4,dynamic,16,off,yes,unset,unset,hype2,12.2.0,-O3 -Wall -Wextra -std=c++17 -fopenmp -DOMP_EXPLICIT_SIMD=0 -fno-tree-vectorize,3272.044326,596e3c6929662ab9,passed
adaptive-simd_off-t4-dynamicx16-r5-control_noise_6000x6000.png,2026-09-19T05:21:53Z,control_noise_6000x6000.png,6000,6000,Adaptive_Median,5,4,dynamic,16,off,yes,unset,unset,hype2,12.2.0,-O3 -Wall -Wextra -std=c++17 -fopenmp -DOMP_EXPLICIT_SIMD=0 -fno-tree-vectorize,2347.441917,fcb58a627e9d9740,passed
adaptive-simd_off-t4-dynamicx16-r5-control_half_noise_6000x6000.png,2026-09-19T05:21:56Z,control_half_noise_6000x6000.png,6000,6000,Adaptive_Median,5,4,dynamic,16,off,yes,unset,unset,hype2,12.2.0,-O3 -Wall -Wextra -std=c++17 -fopenmp -DOMP_EXPLICIT_SIMD=0 -fno-tree-vectorize,2400.215180,9d92a48896bfc25a,passed
adaptive-simd_off-t4-dynamicx16-r5-control_bands_256_6000x6000.png,2026-09-19T05:21:59Z,control_bands_256_6000x6000.png,6000,6000,Adaptive_Median,5,4,dynamic,16,off,yes,unset,unset,hype2,12.2.0,-O3 -Wall -Wextra -std=c++17 -fopenmp -DOMP_EXPLICIT_SIMD=0 -fno-tree-vectorize,2400.341630,8f9bc97f03d5aae1,passed
adaptive-simd_omp-t4-dynamicx16-r5-sky.jpg,2026-09-19T05:22:04Z,sky.jpg,6936,9248,Adaptive_Median,5,4,dynamic,16,omp,yes,unset,unset,hype2,12.2.0,-O3 -Wall -Wextra -std=c++17 -fopenmp -DOMP_EXPLICIT_SIMD=1,4394.583809,1e7ae9152e9643d5,passed
adaptive-simd_omp-t4-dynamicx16-r5-stars.jpg,2026-09-19T05:22:14Z,stars.jpg,12960,8640,Adaptive_Median,5,4,dynamic,16,omp,yes,unset,unset,hype2,12.2.0,-O3 -Wall -Wextra -std=c++17 -fopenmp -DOMP_EXPLICIT_SIMD=1,6980.072260,626f977055f1c658,passed
adaptive-simd_omp-t4-dynamicx16-r5-rain_paisage.jpg,2026-09-19T05:22:30Z,rain_paisage.jpg,12288,16320,Adaptive_Median,5,4,dynamic,16,omp,yes,unset,unset,hype2,12.2.0,-O3 -Wall -Wextra -std=c++17 -fopenmp -DOMP_EXPLICIT_SIMD=1,13005.999575,d0fdcd4b2e74abf3,passed
adaptive-simd_omp-t4-dynamicx16-r5-firework.jpg,2026-09-19T05:22:45Z,firework.jpg,11125,16688,Adaptive_Median,5,4,dynamic,16,omp,yes,unset,unset,hype2,12.2.0,-O3 -Wall -Wextra -std=c++17 -fopenmp -DOMP_EXPLICIT_SIMD=1,12612.547531,cae2b8384ddb6aac,passed
adaptive-simd_omp-t4-dynamicx16-r5-control_smooth_6000x6000.png,2026-09-19T05:22:49Z,control_smooth_6000x6000.png,6000,6000,Adaptive_Median,5,4,dynamic,16,omp,yes,unset,unset,hype2,12.2.0,-O3 -Wall -Wextra -std=c++17 -fopenmp -DOMP_EXPLICIT_SIMD=1,3328.838183,596e3c6929662ab9,passed
adaptive-simd_omp-t4-dynamicx16-r5-control_noise_6000x6000.png,2026-09-19T05:22:52Z,control_noise_6000x6000.png,6000,6000,Adaptive_Median,5,4,dynamic,16,omp,yes,unset,unset,hype2,12.2.0,-O3 -Wall -Wextra -std=c++17 -fopenmp -DOMP_EXPLICIT_SIMD=1,2398.053355,fcb58a627e9d9740,passed
adaptive-simd_omp-t4-dynamicx16-r5-control_half_noise_6000x6000.png,2026-09-19T05:22:55Z,control_half_noise_6000x6000.png,6000,6000,Adaptive_Median,5,4,dynamic,16,omp,yes,unset,unset,hype2,12.2.0,-O3 -Wall -Wextra -std=c++17 -fopenmp -DOMP_EXPLICIT_SIMD=1,2453.357049,9d92a48896bfc25a,passed
adaptive-simd_omp-t4-dynamicx16-r5-control_bands_256_6000x6000.png,2026-09-19T05:22:58Z,control_bands_256_6000x6000.png,6000,6000,Adaptive_Median,5,4,dynamic,16,omp,yes,unset,unset,hype2,12.2.0,-O3 -Wall -Wextra -std=c++17 -fopenmp -DOMP_EXPLICIT_SIMD=1,2449.708012,8f9bc97f03d5aae1,passed
adaptive-simd_off-t8-static-r1-sky.jpg,2026-09-19T05:25:46Z,sky.jpg,6936,9248,Adaptive_Median,1,8,static,,off,yes,unset,unset,hype2,12.2.0,-O3 -Wall -Wextra -std=c++17 -fopenmp -DOMP_EXPLICIT_SIMD=0 -fno-tree-vectorize,2537.836225,1e7ae9152e9643d5,passed
adaptive-simd_off-t8-static-r1-stars.jpg,2026-09-19T05:25:52Z,stars.jpg,12960,8640,Adaptive_Median,1,8,static,,off,yes,unset,unset,hype2,12.2.0,-O3 -Wall -Wextra -std=c++17 -fopenmp -DOMP_EXPLICIT_SIMD=0 -fno-tree-vectorize,4041.589665,626f977055f1c658,passed
adaptive-simd_off-t8-static-r1-rain_paisage.jpg,2026-09-19T05:26:05Z,rain_paisage.jpg,12288,16320,Adaptive_Median,1,8,static,,off,yes,unset,unset,hype2,12.2.0,-O3 -Wall -Wextra -std=c++17 -fopenmp -DOMP_EXPLICIT_SIMD=0 -fno-tree-vectorize,9531.284097,d0fdcd4b2e74abf3,passed
adaptive-simd_off-t8-static-r1-firework.jpg,2026-09-19T05:26:17Z,firework.jpg,11125,16688,Adaptive_Median,1,8,static,,off,yes,unset,unset,hype2,12.2.0,-O3 -Wall -Wextra -std=c++17 -fopenmp -DOMP_EXPLICIT_SIMD=0 -fno-tree-vectorize,9029.869138,cae2b8384ddb6aac,passed
adaptive-simd_off-t8-static-r1-control_smooth_6000x6000.png,2026-09-19T05:26:19Z,control_smooth_6000x6000.png,6000,6000,Adaptive_Median,1,8,static,,off,yes,unset,unset,hype2,12.2.0,-O3 -Wall -Wextra -std=c++17 -fopenmp -DOMP_EXPLICIT_SIMD=0 -fno-tree-vectorize,1842.556348,596e3c6929662ab9,passed
adaptive-simd_off-t8-static-r1-control_noise_6000x6000.png,2026-09-19T05:26:21Z,control_noise_6000x6000.png,6000,6000,Adaptive_Median,1,8,static,,off,yes,unset,unset,hype2,12.2.0,-O3 -Wall -Wextra -std=c++17 -fopenmp -DOMP_EXPLICIT_SIMD=0 -fno-tree-vectorize,1312.945344,fcb58a627e9d9740,passed
adaptive-simd_off-t8-static-r1-control_half_noise_6000x6000.png,2026-09-19T05:26:24Z,control_half_noise_6000x6000.png,6000,6000,Adaptive_Median,1,8,static,,off,yes,unset,unset,hype2,12.2.0,-O3 -Wall -Wextra -std=c++17 -fopenmp -DOMP_EXPLICIT_SIMD=0 -fno-tree-vectorize,1756.633285,9d92a48896bfc25a,passed
adaptive-simd_off-t8-static-r1-control_bands_256_6000x6000.png,2026-09-19T05:26:26Z,control_bands_256_6000x6000.png,6000,6000,Adaptive_Median,1,8,static,,off,yes,unset,unset,hype2,12.2.0,-O3 -Wall -Wextra -std=c++17 -fopenmp -DOMP_EXPLICIT_SIMD=0 -fno-tree-vectorize,1485.823640,8f9bc97f03d5aae1,passed
adaptive-simd_omp-t8-static-r1-sky.jpg,2026-09-19T05:26:30Z,sky.jpg,6936,9248,Adaptive_Median,1,8,static,,omp,yes,unset,unset,hype2,12.2.0,-O3 -Wall -Wextra -std=c++17 -fopenmp -DOMP_EXPLICIT_SIMD=1,2594.062481,1e7ae9152e9643d5,passed
adaptive-simd_omp-t8-static-r1-stars.jpg,2026-09-19T05:26:36Z,stars.jpg,12960,8640,Adaptive_Median,1,8,static,,omp,yes,unset,unset,hype2,12.2.0,-O3 -Wall -Wextra -std=c++17 -fopenmp -DOMP_EXPLICIT_SIMD=1,4142.965294,626f977055f1c658,passed
adaptive-simd_omp-t8-static-r1-rain_paisage.jpg,2026-09-19T05:26:49Z,rain_paisage.jpg,12288,16320,Adaptive_Median,1,8,static,,omp,yes,unset,unset,hype2,12.2.0,-O3 -Wall -Wextra -std=c++17 -fopenmp -DOMP_EXPLICIT_SIMD=1,9728.679083,d0fdcd4b2e74abf3,passed
adaptive-simd_omp-t8-static-r1-firework.jpg,2026-09-19T05:27:01Z,firework.jpg,11125,16688,Adaptive_Median,1,8,static,,omp,yes,unset,unset,hype2,12.2.0,-O3 -Wall -Wextra -std=c++17 -fopenmp -DOMP_EXPLICIT_SIMD=1,9148.620542,cae2b8384ddb6aac,passed
adaptive-simd_omp-t8-static-r1-control_smooth_6000x6000.png,2026-09-19T05:27:03Z,control_smooth_6000x6000.png,6000,6000,Adaptive_Median,1,8,static,,omp,yes,unset,unset,hype2,12.2.0,-O3 -Wall -Wextra -std=c++17 -fopenmp -DOMP_EXPLICIT_SIMD=1,1878.346544,596e3c6929662ab9,passed
adaptive-simd_omp-t8-static-r1-control_noise_6000x6000.png,2026-09-19T05:27:05Z,control_noise_6000x6000.png,6000,6000,Adaptive_Median,1,8,static,,omp,yes,unset,unset,hype2,12.2.0,-O3 -Wall -Wextra -std=c++17 -fopenmp -DOMP_EXPLICIT_SIMD=1,1347.079534,fcb58a627e9d9740,passed
adaptive-simd_omp-t8-static-r1-control_half_noise_6000x6000.png,2026-09-19T05:27:08Z,control_half_noise_6000x6000.png,6000,6000,Adaptive_Median,1,8,static,,omp,yes,unset,unset,hype2,12.2.0,-O3 -Wall -Wextra -std=c++17 -fopenmp -DOMP_EXPLICIT_SIMD=1,1791.527577,9d92a48896bfc25a,passed
adaptive-simd_omp-t8-static-r1-control_bands_256_6000x6000.png,2026-09-19T05:27:10Z,control_bands_256_6000x6000.png,6000,6000,Adaptive_Median,1,8,static,,omp,yes,unset,unset,hype2,12.2.0,-O3 -Wall -Wextra -std=c++17 -fopenmp -DOMP_EXPLICIT_SIMD=1,1526.658651,8f9bc97f03d5aae1,passed
adaptive-simd_off-t8-dynamicx16-r1-sky.jpg,2026-09-19T05:27:13Z,sky.jpg,6936,9248,Adaptive_Median,1,8,dynamic,16,off,yes,unset,unset,hype2,12.2.0,-O3 -Wall -Wextra -std=c++17 -fopenmp -DOMP_EXPLICIT_SIMD=0 -fno-tree-vectorize,2427.400359,1e7ae9152e9643d5,passed
adaptive-simd_off-t8-dynamicx16-r1-stars.jpg,2026-09-19T05:27:19Z,stars.jpg,12960,8640,Adaptive_Median,1,8,dynamic,16,off,yes,unset,unset,hype2,12.2.0,-O3 -Wall -Wextra -std=c++17 -fopenmp -DOMP_EXPLICIT_SIMD=0 -fno-tree-vectorize,3818.399212,626f977055f1c658,passed
adaptive-simd_off-t8-dynamicx16-r1-rain_paisage.jpg,2026-09-19T05:27:30Z,rain_paisage.jpg,12288,16320,Adaptive_Median,1,8,dynamic,16,off,yes,unset,unset,hype2,12.2.0,-O3 -Wall -Wextra -std=c++17 -fopenmp -DOMP_EXPLICIT_SIMD=0 -fno-tree-vectorize,7204.069759,d0fdcd4b2e74abf3,passed
adaptive-simd_off-t8-dynamicx16-r1-firework.jpg,2026-09-19T05:27:40Z,firework.jpg,11125,16688,Adaptive_Median,1,8,dynamic,16,off,yes,unset,unset,hype2,12.2.0,-O3 -Wall -Wextra -std=c++17 -fopenmp -DOMP_EXPLICIT_SIMD=0 -fno-tree-vectorize,6944.209716,cae2b8384ddb6aac,passed
adaptive-simd_off-t8-dynamicx16-r1-control_smooth_6000x6000.png,2026-09-19T05:27:42Z,control_smooth_6000x6000.png,6000,6000,Adaptive_Median,1,8,dynamic,16,off,yes,unset,unset,hype2,12.2.0,-O3 -Wall -Wextra -std=c++17 -fopenmp -DOMP_EXPLICIT_SIMD=0 -fno-tree-vectorize,1854.031328,596e3c6929662ab9,passed
adaptive-simd_off-t8-dynamicx16-r1-control_noise_6000x6000.png,2026-09-19T05:27:44Z,control_noise_6000x6000.png,6000,6000,Adaptive_Median,1,8,dynamic,16,off,yes,unset,unset,hype2,12.2.0,-O3 -Wall -Wextra -std=c++17 -fopenmp -DOMP_EXPLICIT_SIMD=0 -fno-tree-vectorize,1317.667153,fcb58a627e9d9740,passed
adaptive-simd_off-t8-dynamicx16-r1-control_half_noise_6000x6000.png,2026-09-19T05:27:46Z,control_half_noise_6000x6000.png,6000,6000,Adaptive_Median,1,8,dynamic,16,off,yes,unset,unset,hype2,12.2.0,-O3 -Wall -Wextra -std=c++17 -fopenmp -DOMP_EXPLICIT_SIMD=0 -fno-tree-vectorize,1353.032313,9d92a48896bfc25a,passed
adaptive-simd_off-t8-dynamicx16-r1-control_bands_256_6000x6000.png,2026-09-19T05:27:48Z,control_bands_256_6000x6000.png,6000,6000,Adaptive_Median,1,8,dynamic,16,off,yes,unset,unset,hype2,12.2.0,-O3 -Wall -Wextra -std=c++17 -fopenmp -DOMP_EXPLICIT_SIMD=0 -fno-tree-vectorize,1356.666563,8f9bc97f03d5aae1,passed
adaptive-simd_omp-t8-dynamicx16-r1-sky.jpg,2026-09-19T05:27:52Z,sky.jpg,6936,9248,Adaptive_Median,1,8,dynamic,16,omp,yes,unset,unset,hype2,12.2.0,-O3 -Wall -Wextra -std=c++17 -fopenmp -DOMP_EXPLICIT_SIMD=1,2467.688486,1e7ae9152e9643d5,passed
adaptive-simd_omp-t8-dynamicx16-r1-stars.jpg,2026-09-19T05:27:58Z,stars.jpg,12960,8640,Adaptive_Median,1,8,dynamic,16,omp,yes,unset,unset,hype2,12.2.0,-O3 -Wall -Wextra -std=c++17 -fopenmp -DOMP_EXPLICIT_SIMD=1,3900.078850,626f977055f1c658,passed
adaptive-simd_omp-t8-dynamicx16-r1-rain_paisage.jpg,2026-09-19T05:28:08Z,rain_paisage.jpg,12288,16320,Adaptive_Median,1,8,dynamic,16,omp,yes,unset,unset,hype2,12.2.0,-O3 -Wall -Wextra -std=c++17 -fopenmp -DOMP_EXPLICIT_SIMD=1,7322.448360,d0fdcd4b2e74abf3,passed
adaptive-simd_omp-t8-dynamicx16-r1-firework.jpg,2026-09-19T05:28:18Z,firework.jpg,11125,16688,Adaptive_Median,1,8,dynamic,16,omp,yes,unset,unset,hype2,12.2.0,-O3 -Wall -Wextra -std=c++17 -fopenmp -DOMP_EXPLICIT_SIMD=1,7130.859516,cae2b8384ddb6aac,passed
adaptive-simd_omp-t8-dynamicx16-r1-control_smooth_6000x6000.png,2026-09-19T05:28:21Z,control_smooth_6000x6000.png,6000,6000,Adaptive_Median,1,8,dynamic,16,omp,yes,unset,unset,hype2,12.2.0,-O3 -Wall -Wextra -std=c++17 -fopenmp -DOMP_EXPLICIT_SIMD=1,1891.842730,596e3c6929662ab9,passed
adaptive-simd_omp-t8-dynamicx16-r1-control_noise_6000x6000.png,2026-09-19T05:28:23Z,control_noise_6000x6000.png,6000,6000,Adaptive_Median,1,8,dynamic,16,omp,yes,unset,unset,hype2,12.2.0,-O3 -Wall -Wextra -std=c++17 -fopenmp -DOMP_EXPLICIT_SIMD=1,1341.295869,fcb58a627e9d9740,passed
adaptive-simd_omp-t8-dynamicx16-r1-control_half_noise_6000x6000.png,2026-09-19T05:28:25Z,control_half_noise_6000x6000.png,6000,6000,Adaptive_Median,1,8,dynamic,16,omp,yes,unset,unset,hype2,12.2.0,-O3 -Wall -Wextra -std=c++17 -fopenmp -DOMP_EXPLICIT_SIMD=1,1390.338275,9d92a48896bfc25a,passed
adaptive-simd_omp-t8-dynamicx16-r1-control_bands_256_6000x6000.png,2026-09-19T05:28:27Z,control_bands_256_6000x6000.png,6000,6000,Adaptive_Median,1,8,dynamic,16,omp,yes,unset,unset,hype2,12.2.0,-O3 -Wall -Wextra -std=c++17 -fopenmp -DOMP_EXPLICIT_SIMD=1,1394.997441,8f9bc97f03d5aae1,passed
adaptive-simd_omp-t8-static-r2-sky.jpg,2026-09-19T05:28:30Z,sky.jpg,6936,9248,Adaptive_Median,2,8,static,,omp,yes,unset,unset,hype2,12.2.0,-O3 -Wall -Wextra -std=c++17 -fopenmp -DOMP_EXPLICIT_SIMD=1,2608.230589,1e7ae9152e9643d5,passed
adaptive-simd_omp-t8-static-r2-stars.jpg,2026-09-19T05:28:37Z,stars.jpg,12960,8640,Adaptive_Median,2,8,static,,omp,yes,unset,unset,hype2,12.2.0,-O3 -Wall -Wextra -std=c++17 -fopenmp -DOMP_EXPLICIT_SIMD=1,4148.309808,626f977055f1c658,passed
adaptive-simd_omp-t8-static-r2-rain_paisage.jpg,2026-09-19T05:28:50Z,rain_paisage.jpg,12288,16320,Adaptive_Median,2,8,static,,omp,yes,unset,unset,hype2,12.2.0,-O3 -Wall -Wextra -std=c++17 -fopenmp -DOMP_EXPLICIT_SIMD=1,9642.923451,d0fdcd4b2e74abf3,passed
adaptive-simd_omp-t8-static-r2-firework.jpg,2026-09-19T05:29:02Z,firework.jpg,11125,16688,Adaptive_Median,2,8,static,,omp,yes,unset,unset,hype2,12.2.0,-O3 -Wall -Wextra -std=c++17 -fopenmp -DOMP_EXPLICIT_SIMD=1,9091.580987,cae2b8384ddb6aac,passed
adaptive-simd_omp-t8-static-r2-control_smooth_6000x6000.png,2026-09-19T05:29:04Z,control_smooth_6000x6000.png,6000,6000,Adaptive_Median,2,8,static,,omp,yes,unset,unset,hype2,12.2.0,-O3 -Wall -Wextra -std=c++17 -fopenmp -DOMP_EXPLICIT_SIMD=1,1881.603821,596e3c6929662ab9,passed
adaptive-simd_omp-t8-static-r2-control_noise_6000x6000.png,2026-09-19T05:29:06Z,control_noise_6000x6000.png,6000,6000,Adaptive_Median,2,8,static,,omp,yes,unset,unset,hype2,12.2.0,-O3 -Wall -Wextra -std=c++17 -fopenmp -DOMP_EXPLICIT_SIMD=1,1343.960103,fcb58a627e9d9740,passed
adaptive-simd_omp-t8-static-r2-control_half_noise_6000x6000.png,2026-09-19T05:29:08Z,control_half_noise_6000x6000.png,6000,6000,Adaptive_Median,2,8,static,,omp,yes,unset,unset,hype2,12.2.0,-O3 -Wall -Wextra -std=c++17 -fopenmp -DOMP_EXPLICIT_SIMD=1,1779.619813,9d92a48896bfc25a,passed
adaptive-simd_omp-t8-static-r2-control_bands_256_6000x6000.png,2026-09-19T05:29:11Z,control_bands_256_6000x6000.png,6000,6000,Adaptive_Median,2,8,static,,omp,yes,unset,unset,hype2,12.2.0,-O3 -Wall -Wextra -std=c++17 -fopenmp -DOMP_EXPLICIT_SIMD=1,1512.474169,8f9bc97f03d5aae1,passed
adaptive-simd_off-t8-dynamicx16-r2-sky.jpg,2026-09-19T05:29:14Z,sky.jpg,6936,9248,Adaptive_Median,2,8,dynamic,16,off,yes,unset,unset,hype2,12.2.0,-O3 -Wall -Wextra -std=c++17 -fopenmp -DOMP_EXPLICIT_SIMD=0 -fno-tree-vectorize,2434.752113,1e7ae9152e9643d5,passed
adaptive-simd_off-t8-dynamicx16-r2-stars.jpg,2026-09-19T05:29:20Z,stars.jpg,12960,8640,Adaptive_Median,2,8,dynamic,16,off,yes,unset,unset,hype2,12.2.0,-O3 -Wall -Wextra -std=c++17 -fopenmp -DOMP_EXPLICIT_SIMD=0 -fno-tree-vectorize,3802.902551,626f977055f1c658,passed
adaptive-simd_off-t8-dynamicx16-r2-rain_paisage.jpg,2026-09-19T05:29:31Z,rain_paisage.jpg,12288,16320,Adaptive_Median,2,8,dynamic,16,off,yes,unset,unset,hype2,12.2.0,-O3 -Wall -Wextra -std=c++17 -fopenmp -DOMP_EXPLICIT_SIMD=0 -fno-tree-vectorize,7187.033362,d0fdcd4b2e74abf3,passed
adaptive-simd_off-t8-dynamicx16-r2-firework.jpg,2026-09-19T05:29:40Z,firework.jpg,11125,16688,Adaptive_Median,2,8,dynamic,16,off,yes,unset,unset,hype2,12.2.0,-O3 -Wall -Wextra -std=c++17 -fopenmp -DOMP_EXPLICIT_SIMD=0 -fno-tree-vectorize,6932.447486,cae2b8384ddb6aac,passed
adaptive-simd_off-t8-dynamicx16-r2-control_smooth_6000x6000.png,2026-09-19T05:29:43Z,control_smooth_6000x6000.png,6000,6000,Adaptive_Median,2,8,dynamic,16,off,yes,unset,unset,hype2,12.2.0,-O3 -Wall -Wextra -std=c++17 -fopenmp -DOMP_EXPLICIT_SIMD=0 -fno-tree-vectorize,1846.544830,596e3c6929662ab9,passed
adaptive-simd_off-t8-dynamicx16-r2-control_noise_6000x6000.png,2026-09-19T05:29:45Z,control_noise_6000x6000.png,6000,6000,Adaptive_Median,2,8,dynamic,16,off,yes,unset,unset,hype2,12.2.0,-O3 -Wall -Wextra -std=c++17 -fopenmp -DOMP_EXPLICIT_SIMD=0 -fno-tree-vectorize,1334.026508,fcb58a627e9d9740,passed
adaptive-simd_off-t8-dynamicx16-r2-control_half_noise_6000x6000.png,2026-09-19T05:29:47Z,control_half_noise_6000x6000.png,6000,6000,Adaptive_Median,2,8,dynamic,16,off,yes,unset,unset,hype2,12.2.0,-O3 -Wall -Wextra -std=c++17 -fopenmp -DOMP_EXPLICIT_SIMD=0 -fno-tree-vectorize,1348.703073,9d92a48896bfc25a,passed
adaptive-simd_off-t8-dynamicx16-r2-control_bands_256_6000x6000.png,2026-09-19T05:29:49Z,control_bands_256_6000x6000.png,6000,6000,Adaptive_Median,2,8,dynamic,16,off,yes,unset,unset,hype2,12.2.0,-O3 -Wall -Wextra -std=c++17 -fopenmp -DOMP_EXPLICIT_SIMD=0 -fno-tree-vectorize,1358.042958,8f9bc97f03d5aae1,passed
adaptive-simd_omp-t8-dynamicx16-r2-sky.jpg,2026-09-19T05:29:52Z,sky.jpg,6936,9248,Adaptive_Median,2,8,dynamic,16,omp,yes,unset,unset,hype2,12.2.0,-O3 -Wall -Wextra -std=c++17 -fopenmp -DOMP_EXPLICIT_SIMD=1,2469.171362,1e7ae9152e9643d5,passed
adaptive-simd_omp-t8-dynamicx16-r2-stars.jpg,2026-09-19T05:29:58Z,stars.jpg,12960,8640,Adaptive_Median,2,8,dynamic,16,omp,yes,unset,unset,hype2,12.2.0,-O3 -Wall -Wextra -std=c++17 -fopenmp -DOMP_EXPLICIT_SIMD=1,3902.228750,626f977055f1c658,passed
adaptive-simd_omp-t8-dynamicx16-r2-rain_paisage.jpg,2026-09-19T05:30:09Z,rain_paisage.jpg,12288,16320,Adaptive_Median,2,8,dynamic,16,omp,yes,unset,unset,hype2,12.2.0,-O3 -Wall -Wextra -std=c++17 -fopenmp -DOMP_EXPLICIT_SIMD=1,7328.203881,d0fdcd4b2e74abf3,passed
adaptive-simd_omp-t8-dynamicx16-r2-firework.jpg,2026-09-19T05:30:19Z,firework.jpg,11125,16688,Adaptive_Median,2,8,dynamic,16,omp,yes,unset,unset,hype2,12.2.0,-O3 -Wall -Wextra -std=c++17 -fopenmp -DOMP_EXPLICIT_SIMD=1,7103.817534,cae2b8384ddb6aac,passed
adaptive-simd_omp-t8-dynamicx16-r2-control_smooth_6000x6000.png,2026-09-19T05:30:21Z,control_smooth_6000x6000.png,6000,6000,Adaptive_Median,2,8,dynamic,16,omp,yes,unset,unset,hype2,12.2.0,-O3 -Wall -Wextra -std=c++17 -fopenmp -DOMP_EXPLICIT_SIMD=1,1879.360264,596e3c6929662ab9,passed
adaptive-simd_omp-t8-dynamicx16-r2-control_noise_6000x6000.png,2026-09-19T05:30:23Z,control_noise_6000x6000.png,6000,6000,Adaptive_Median,2,8,dynamic,16,omp,yes,unset,unset,hype2,12.2.0,-O3 -Wall -Wextra -std=c++17 -fopenmp -DOMP_EXPLICIT_SIMD=1,1342.569983,fcb58a627e9d9740,passed
adaptive-simd_omp-t8-dynamicx16-r2-control_half_noise_6000x6000.png,2026-09-19T05:30:25Z,control_half_noise_6000x6000.png,6000,6000,Adaptive_Median,2,8,dynamic,16,omp,yes,unset,unset,hype2,12.2.0,-O3 -Wall -Wextra -std=c++17 -fopenmp -DOMP_EXPLICIT_SIMD=1,1393.023573,9d92a48896bfc25a,passed
adaptive-simd_omp-t8-dynamicx16-r2-control_bands_256_6000x6000.png,2026-09-19T05:30:27Z,control_bands_256_6000x6000.png,6000,6000,Adaptive_Median,2,8,dynamic,16,omp,yes,unset,unset,hype2,12.2.0,-O3 -Wall -Wextra -std=c++17 -fopenmp -DOMP_EXPLICIT_SIMD=1,1390.130817,8f9bc97f03d5aae1,passed
adaptive-simd_off-t8-static-r2-sky.jpg,2026-09-19T05:30:31Z,sky.jpg,6936,9248,Adaptive_Median,2,8,static,,off,yes,unset,unset,hype2,12.2.0,-O3 -Wall -Wextra -std=c++17 -fopenmp -DOMP_EXPLICIT_SIMD=0 -fno-tree-vectorize,2566.243682,1e7ae9152e9643d5,passed
adaptive-simd_off-t8-static-r2-stars.jpg,2026-09-19T05:30:37Z,stars.jpg,12960,8640,Adaptive_Median,2,8,static,,off,yes,unset,unset,hype2,12.2.0,-O3 -Wall -Wextra -std=c++17 -fopenmp -DOMP_EXPLICIT_SIMD=0 -fno-tree-vectorize,4051.036746,626f977055f1c658,passed
adaptive-simd_off-t8-static-r2-rain_paisage.jpg,2026-09-19T05:30:50Z,rain_paisage.jpg,12288,16320,Adaptive_Median,2,8,static,,off,yes,unset,unset,hype2,12.2.0,-O3 -Wall -Wextra -std=c++17 -fopenmp -DOMP_EXPLICIT_SIMD=0 -fno-tree-vectorize,9477.393562,d0fdcd4b2e74abf3,passed
adaptive-simd_off-t8-static-r2-firework.jpg,2026-09-19T05:31:02Z,firework.jpg,11125,16688,Adaptive_Median,2,8,static,,off,yes,unset,unset,hype2,12.2.0,-O3 -Wall -Wextra -std=c++17 -fopenmp -DOMP_EXPLICIT_SIMD=0 -fno-tree-vectorize,8916.434520,cae2b8384ddb6aac,passed
adaptive-simd_off-t8-static-r2-control_smooth_6000x6000.png,2026-09-19T05:31:04Z,control_smooth_6000x6000.png,6000,6000,Adaptive_Median,2,8,static,,off,yes,unset,unset,hype2,12.2.0,-O3 -Wall -Wextra -std=c++17 -fopenmp -DOMP_EXPLICIT_SIMD=0 -fno-tree-vectorize,1857.524820,596e3c6929662ab9,passed
adaptive-simd_off-t8-static-r2-control_noise_6000x6000.png,2026-09-19T05:31:06Z,control_noise_6000x6000.png,6000,6000,Adaptive_Median,2,8,static,,off,yes,unset,unset,hype2,12.2.0,-O3 -Wall -Wextra -std=c++17 -fopenmp -DOMP_EXPLICIT_SIMD=0 -fno-tree-vectorize,1311.339790,fcb58a627e9d9740,passed
adaptive-simd_off-t8-static-r2-control_half_noise_6000x6000.png,2026-09-19T05:31:08Z,control_half_noise_6000x6000.png,6000,6000,Adaptive_Median,2,8,static,,off,yes,unset,unset,hype2,12.2.0,-O3 -Wall -Wextra -std=c++17 -fopenmp -DOMP_EXPLICIT_SIMD=0 -fno-tree-vectorize,1747.256161,9d92a48896bfc25a,passed
adaptive-simd_off-t8-static-r2-control_bands_256_6000x6000.png,2026-09-19T05:31:11Z,control_bands_256_6000x6000.png,6000,6000,Adaptive_Median,2,8,static,,off,yes,unset,unset,hype2,12.2.0,-O3 -Wall -Wextra -std=c++17 -fopenmp -DOMP_EXPLICIT_SIMD=0 -fno-tree-vectorize,1478.374003,8f9bc97f03d5aae1,passed
adaptive-simd_off-t8-dynamicx16-r3-sky.jpg,2026-09-19T05:31:14Z,sky.jpg,6936,9248,Adaptive_Median,3,8,dynamic,16,off,yes,unset,unset,hype2,12.2.0,-O3 -Wall -Wextra -std=c++17 -fopenmp -DOMP_EXPLICIT_SIMD=0 -fno-tree-vectorize,2425.881567,1e7ae9152e9643d5,passed
adaptive-simd_off-t8-dynamicx16-r3-stars.jpg,2026-09-19T05:31:20Z,stars.jpg,12960,8640,Adaptive_Median,3,8,dynamic,16,off,yes,unset,unset,hype2,12.2.0,-O3 -Wall -Wextra -std=c++17 -fopenmp -DOMP_EXPLICIT_SIMD=0 -fno-tree-vectorize,3806.464000,626f977055f1c658,passed
adaptive-simd_off-t8-dynamicx16-r3-rain_paisage.jpg,2026-09-19T05:31:31Z,rain_paisage.jpg,12288,16320,Adaptive_Median,3,8,dynamic,16,off,yes,unset,unset,hype2,12.2.0,-O3 -Wall -Wextra -std=c++17 -fopenmp -DOMP_EXPLICIT_SIMD=0 -fno-tree-vectorize,7198.181418,d0fdcd4b2e74abf3,passed
adaptive-simd_off-t8-dynamicx16-r3-firework.jpg,2026-09-19T05:31:40Z,firework.jpg,11125,16688,Adaptive_Median,3,8,dynamic,16,off,yes,unset,unset,hype2,12.2.0,-O3 -Wall -Wextra -std=c++17 -fopenmp -DOMP_EXPLICIT_SIMD=0 -fno-tree-vectorize,6946.161657,cae2b8384ddb6aac,passed
adaptive-simd_off-t8-dynamicx16-r3-control_smooth_6000x6000.png,2026-09-19T05:31:43Z,control_smooth_6000x6000.png,6000,6000,Adaptive_Median,3,8,dynamic,16,off,yes,unset,unset,hype2,12.2.0,-O3 -Wall -Wextra -std=c++17 -fopenmp -DOMP_EXPLICIT_SIMD=0 -fno-tree-vectorize,1843.380067,596e3c6929662ab9,passed
adaptive-simd_off-t8-dynamicx16-r3-control_noise_6000x6000.png,2026-09-19T05:31:45Z,control_noise_6000x6000.png,6000,6000,Adaptive_Median,3,8,dynamic,16,off,yes,unset,unset,hype2,12.2.0,-O3 -Wall -Wextra -std=c++17 -fopenmp -DOMP_EXPLICIT_SIMD=0 -fno-tree-vectorize,1333.165307,fcb58a627e9d9740,passed
adaptive-simd_off-t8-dynamicx16-r3-control_half_noise_6000x6000.png,2026-09-19T05:31:47Z,control_half_noise_6000x6000.png,6000,6000,Adaptive_Median,3,8,dynamic,16,off,yes,unset,unset,hype2,12.2.0,-O3 -Wall -Wextra -std=c++17 -fopenmp -DOMP_EXPLICIT_SIMD=0 -fno-tree-vectorize,1355.826208,9d92a48896bfc25a,passed
adaptive-simd_off-t8-dynamicx16-r3-control_bands_256_6000x6000.png,2026-09-19T05:31:49Z,control_bands_256_6000x6000.png,6000,6000,Adaptive_Median,3,8,dynamic,16,off,yes,unset,unset,hype2,12.2.0,-O3 -Wall -Wextra -std=c++17 -fopenmp -DOMP_EXPLICIT_SIMD=0 -fno-tree-vectorize,1359.859348,8f9bc97f03d5aae1,passed
adaptive-simd_omp-t8-dynamicx16-r3-sky.jpg,2026-09-19T05:31:52Z,sky.jpg,6936,9248,Adaptive_Median,3,8,dynamic,16,omp,yes,unset,unset,hype2,12.2.0,-O3 -Wall -Wextra -std=c++17 -fopenmp -DOMP_EXPLICIT_SIMD=1,2468.403919,1e7ae9152e9643d5,passed
adaptive-simd_omp-t8-dynamicx16-r3-stars.jpg,2026-09-19T05:31:59Z,stars.jpg,12960,8640,Adaptive_Median,3,8,dynamic,16,omp,yes,unset,unset,hype2,12.2.0,-O3 -Wall -Wextra -std=c++17 -fopenmp -DOMP_EXPLICIT_SIMD=1,3897.392961,626f977055f1c658,passed
adaptive-simd_omp-t8-dynamicx16-r3-rain_paisage.jpg,2026-09-19T05:32:09Z,rain_paisage.jpg,12288,16320,Adaptive_Median,3,8,dynamic,16,omp,yes,unset,unset,hype2,12.2.0,-O3 -Wall -Wextra -std=c++17 -fopenmp -DOMP_EXPLICIT_SIMD=1,7325.324304,d0fdcd4b2e74abf3,passed
adaptive-simd_omp-t8-dynamicx16-r3-firework.jpg,2026-09-19T05:32:19Z,firework.jpg,11125,16688,Adaptive_Median,3,8,dynamic,16,omp,yes,unset,unset,hype2,12.2.0,-O3 -Wall -Wextra -std=c++17 -fopenmp -DOMP_EXPLICIT_SIMD=1,7097.942327,cae2b8384ddb6aac,passed
adaptive-simd_omp-t8-dynamicx16-r3-control_smooth_6000x6000.png,2026-09-19T05:32:21Z,control_smooth_6000x6000.png,6000,6000,Adaptive_Median,3,8,dynamic,16,omp,yes,unset,unset,hype2,12.2.0,-O3 -Wall -Wextra -std=c++17 -fopenmp -DOMP_EXPLICIT_SIMD=1,1887.856662,596e3c6929662ab9,passed
adaptive-simd_omp-t8-dynamicx16-r3-control_noise_6000x6000.png,2026-09-19T05:32:23Z,control_noise_6000x6000.png,6000,6000,Adaptive_Median,3,8,dynamic,16,omp,yes,unset,unset,hype2,12.2.0,-O3 -Wall -Wextra -std=c++17 -fopenmp -DOMP_EXPLICIT_SIMD=1,1341.656393,fcb58a627e9d9740,passed
adaptive-simd_omp-t8-dynamicx16-r3-control_half_noise_6000x6000.png,2026-09-19T05:32:25Z,control_half_noise_6000x6000.png,6000,6000,Adaptive_Median,3,8,dynamic,16,omp,yes,unset,unset,hype2,12.2.0,-O3 -Wall -Wextra -std=c++17 -fopenmp -DOMP_EXPLICIT_SIMD=1,1399.336860,9d92a48896bfc25a,passed
adaptive-simd_omp-t8-dynamicx16-r3-control_bands_256_6000x6000.png,2026-09-19T05:32:28Z,control_bands_256_6000x6000.png,6000,6000,Adaptive_Median,3,8,dynamic,16,omp,yes,unset,unset,hype2,12.2.0,-O3 -Wall -Wextra -std=c++17 -fopenmp -DOMP_EXPLICIT_SIMD=1,1388.388969,8f9bc97f03d5aae1,passed
adaptive-simd_off-t8-static-r3-sky.jpg,2026-09-19T05:32:31Z,sky.jpg,6936,9248,Adaptive_Median,3,8,static,,off,yes,unset,unset,hype2,12.2.0,-O3 -Wall -Wextra -std=c++17 -fopenmp -DOMP_EXPLICIT_SIMD=0 -fno-tree-vectorize,2550.297079,1e7ae9152e9643d5,passed
adaptive-simd_off-t8-static-r3-stars.jpg,2026-09-19T05:32:37Z,stars.jpg,12960,8640,Adaptive_Median,3,8,static,,off,yes,unset,unset,hype2,12.2.0,-O3 -Wall -Wextra -std=c++17 -fopenmp -DOMP_EXPLICIT_SIMD=0 -fno-tree-vectorize,4048.391677,626f977055f1c658,passed
adaptive-simd_off-t8-static-r3-rain_paisage.jpg,2026-09-19T05:32:50Z,rain_paisage.jpg,12288,16320,Adaptive_Median,3,8,static,,off,yes,unset,unset,hype2,12.2.0,-O3 -Wall -Wextra -std=c++17 -fopenmp -DOMP_EXPLICIT_SIMD=0 -fno-tree-vectorize,9473.416782,d0fdcd4b2e74abf3,passed
adaptive-simd_off-t8-static-r3-firework.jpg,2026-09-19T05:33:02Z,firework.jpg,11125,16688,Adaptive_Median,3,8,static,,off,yes,unset,unset,hype2,12.2.0,-O3 -Wall -Wextra -std=c++17 -fopenmp -DOMP_EXPLICIT_SIMD=0 -fno-tree-vectorize,8908.027947,cae2b8384ddb6aac,passed
adaptive-simd_off-t8-static-r3-control_smooth_6000x6000.png,2026-09-19T05:33:04Z,control_smooth_6000x6000.png,6000,6000,Adaptive_Median,3,8,static,,off,yes,unset,unset,hype2,12.2.0,-O3 -Wall -Wextra -std=c++17 -fopenmp -DOMP_EXPLICIT_SIMD=0 -fno-tree-vectorize,1845.463626,596e3c6929662ab9,passed
adaptive-simd_off-t8-static-r3-control_noise_6000x6000.png,2026-09-19T05:33:06Z,control_noise_6000x6000.png,6000,6000,Adaptive_Median,3,8,static,,off,yes,unset,unset,hype2,12.2.0,-O3 -Wall -Wextra -std=c++17 -fopenmp -DOMP_EXPLICIT_SIMD=0 -fno-tree-vectorize,1316.645596,fcb58a627e9d9740,passed
adaptive-simd_off-t8-static-r3-control_half_noise_6000x6000.png,2026-09-19T05:33:09Z,control_half_noise_6000x6000.png,6000,6000,Adaptive_Median,3,8,static,,off,yes,unset,unset,hype2,12.2.0,-O3 -Wall -Wextra -std=c++17 -fopenmp -DOMP_EXPLICIT_SIMD=0 -fno-tree-vectorize,1744.205501,9d92a48896bfc25a,passed
adaptive-simd_off-t8-static-r3-control_bands_256_6000x6000.png,2026-09-19T05:33:11Z,control_bands_256_6000x6000.png,6000,6000,Adaptive_Median,3,8,static,,off,yes,unset,unset,hype2,12.2.0,-O3 -Wall -Wextra -std=c++17 -fopenmp -DOMP_EXPLICIT_SIMD=0 -fno-tree-vectorize,1479.704359,8f9bc97f03d5aae1,passed
adaptive-simd_omp-t8-static-r3-sky.jpg,2026-09-19T05:33:15Z,sky.jpg,6936,9248,Adaptive_Median,3,8,static,,omp,yes,unset,unset,hype2,12.2.0,-O3 -Wall -Wextra -std=c++17 -fopenmp -DOMP_EXPLICIT_SIMD=1,2672.122442,1e7ae9152e9643d5,passed
adaptive-simd_omp-t8-static-r3-stars.jpg,2026-09-19T05:33:21Z,stars.jpg,12960,8640,Adaptive_Median,3,8,static,,omp,yes,unset,unset,hype2,12.2.0,-O3 -Wall -Wextra -std=c++17 -fopenmp -DOMP_EXPLICIT_SIMD=1,4152.172966,626f977055f1c658,passed
adaptive-simd_omp-t8-static-r3-rain_paisage.jpg,2026-09-19T05:33:34Z,rain_paisage.jpg,12288,16320,Adaptive_Median,3,8,static,,omp,yes,unset,unset,hype2,12.2.0,-O3 -Wall -Wextra -std=c++17 -fopenmp -DOMP_EXPLICIT_SIMD=1,9611.483919,d0fdcd4b2e74abf3,passed
adaptive-simd_omp-t8-static-r3-firework.jpg,2026-09-19T05:33:46Z,firework.jpg,11125,16688,Adaptive_Median,3,8,static,,omp,yes,unset,unset,hype2,12.2.0,-O3 -Wall -Wextra -std=c++17 -fopenmp -DOMP_EXPLICIT_SIMD=1,9075.363850,cae2b8384ddb6aac,passed
adaptive-simd_omp-t8-static-r3-control_smooth_6000x6000.png,2026-09-19T05:33:48Z,control_smooth_6000x6000.png,6000,6000,Adaptive_Median,3,8,static,,omp,yes,unset,unset,hype2,12.2.0,-O3 -Wall -Wextra -std=c++17 -fopenmp -DOMP_EXPLICIT_SIMD=1,1883.013464,596e3c6929662ab9,passed
adaptive-simd_omp-t8-static-r3-control_noise_6000x6000.png,2026-09-19T05:33:50Z,control_noise_6000x6000.png,6000,6000,Adaptive_Median,3,8,static,,omp,yes,unset,unset,hype2,12.2.0,-O3 -Wall -Wextra -std=c++17 -fopenmp -DOMP_EXPLICIT_SIMD=1,1348.801463,fcb58a627e9d9740,passed
adaptive-simd_omp-t8-static-r3-control_half_noise_6000x6000.png,2026-09-19T05:33:52Z,control_half_noise_6000x6000.png,6000,6000,Adaptive_Median,3,8,static,,omp,yes,unset,unset,hype2,12.2.0,-O3 -Wall -Wextra -std=c++17 -fopenmp -DOMP_EXPLICIT_SIMD=1,1785.297649,9d92a48896bfc25a,passed
adaptive-simd_omp-t8-static-r3-control_bands_256_6000x6000.png,2026-09-19T05:33:55Z,control_bands_256_6000x6000.png,6000,6000,Adaptive_Median,3,8,static,,omp,yes,unset,unset,hype2,12.2.0,-O3 -Wall -Wextra -std=c++17 -fopenmp -DOMP_EXPLICIT_SIMD=1,1512.922420,8f9bc97f03d5aae1,passed
adaptive-simd_omp-t8-dynamicx16-r4-sky.jpg,2026-09-19T05:33:58Z,sky.jpg,6936,9248,Adaptive_Median,4,8,dynamic,16,omp,yes,unset,unset,hype2,12.2.0,-O3 -Wall -Wextra -std=c++17 -fopenmp -DOMP_EXPLICIT_SIMD=1,2471.574174,1e7ae9152e9643d5,passed
adaptive-simd_omp-t8-dynamicx16-r4-stars.jpg,2026-09-19T05:34:04Z,stars.jpg,12960,8640,Adaptive_Median,4,8,dynamic,16,omp,yes,unset,unset,hype2,12.2.0,-O3 -Wall -Wextra -std=c++17 -fopenmp -DOMP_EXPLICIT_SIMD=1,3904.515991,626f977055f1c658,passed
adaptive-simd_omp-t8-dynamicx16-r4-rain_paisage.jpg,2026-09-19T05:34:15Z,rain_paisage.jpg,12288,16320,Adaptive_Median,4,8,dynamic,16,omp,yes,unset,unset,hype2,12.2.0,-O3 -Wall -Wextra -std=c++17 -fopenmp -DOMP_EXPLICIT_SIMD=1,7358.618393,d0fdcd4b2e74abf3,passed
adaptive-simd_omp-t8-dynamicx16-r4-firework.jpg,2026-09-19T05:34:25Z,firework.jpg,11125,16688,Adaptive_Median,4,8,dynamic,16,omp,yes,unset,unset,hype2,12.2.0,-O3 -Wall -Wextra -std=c++17 -fopenmp -DOMP_EXPLICIT_SIMD=1,7091.430193,cae2b8384ddb6aac,passed
adaptive-simd_omp-t8-dynamicx16-r4-control_smooth_6000x6000.png,2026-09-19T05:34:27Z,control_smooth_6000x6000.png,6000,6000,Adaptive_Median,4,8,dynamic,16,omp,yes,unset,unset,hype2,12.2.0,-O3 -Wall -Wextra -std=c++17 -fopenmp -DOMP_EXPLICIT_SIMD=1,1883.179811,596e3c6929662ab9,passed
adaptive-simd_omp-t8-dynamicx16-r4-control_noise_6000x6000.png,2026-09-19T05:34:29Z,control_noise_6000x6000.png,6000,6000,Adaptive_Median,4,8,dynamic,16,omp,yes,unset,unset,hype2,12.2.0,-O3 -Wall -Wextra -std=c++17 -fopenmp -DOMP_EXPLICIT_SIMD=1,1346.269079,fcb58a627e9d9740,passed
adaptive-simd_omp-t8-dynamicx16-r4-control_half_noise_6000x6000.png,2026-09-19T05:34:31Z,control_half_noise_6000x6000.png,6000,6000,Adaptive_Median,4,8,dynamic,16,omp,yes,unset,unset,hype2,12.2.0,-O3 -Wall -Wextra -std=c++17 -fopenmp -DOMP_EXPLICIT_SIMD=1,1389.090094,9d92a48896bfc25a,passed
adaptive-simd_omp-t8-dynamicx16-r4-control_bands_256_6000x6000.png,2026-09-19T05:34:33Z,control_bands_256_6000x6000.png,6000,6000,Adaptive_Median,4,8,dynamic,16,omp,yes,unset,unset,hype2,12.2.0,-O3 -Wall -Wextra -std=c++17 -fopenmp -DOMP_EXPLICIT_SIMD=1,1395.251864,8f9bc97f03d5aae1,passed
adaptive-simd_off-t8-static-r4-sky.jpg,2026-09-19T05:34:37Z,sky.jpg,6936,9248,Adaptive_Median,4,8,static,,off,yes,unset,unset,hype2,12.2.0,-O3 -Wall -Wextra -std=c++17 -fopenmp -DOMP_EXPLICIT_SIMD=0 -fno-tree-vectorize,2533.788241,1e7ae9152e9643d5,passed
adaptive-simd_off-t8-static-r4-stars.jpg,2026-09-19T05:34:43Z,stars.jpg,12960,8640,Adaptive_Median,4,8,static,,off,yes,unset,unset,hype2,12.2.0,-O3 -Wall -Wextra -std=c++17 -fopenmp -DOMP_EXPLICIT_SIMD=0 -fno-tree-vectorize,4048.400175,626f977055f1c658,passed
adaptive-simd_off-t8-static-r4-rain_paisage.jpg,2026-09-19T05:34:56Z,rain_paisage.jpg,12288,16320,Adaptive_Median,4,8,static,,off,yes,unset,unset,hype2,12.2.0,-O3 -Wall -Wextra -std=c++17 -fopenmp -DOMP_EXPLICIT_SIMD=0 -fno-tree-vectorize,9552.534589,d0fdcd4b2e74abf3,passed
adaptive-simd_off-t8-static-r4-firework.jpg,2026-09-19T05:35:08Z,firework.jpg,11125,16688,Adaptive_Median,4,8,static,,off,yes,unset,unset,hype2,12.2.0,-O3 -Wall -Wextra -std=c++17 -fopenmp -DOMP_EXPLICIT_SIMD=0 -fno-tree-vectorize,8976.850068,cae2b8384ddb6aac,passed
adaptive-simd_off-t8-static-r4-control_smooth_6000x6000.png,2026-09-19T05:35:10Z,control_smooth_6000x6000.png,6000,6000,Adaptive_Median,4,8,static,,off,yes,unset,unset,hype2,12.2.0,-O3 -Wall -Wextra -std=c++17 -fopenmp -DOMP_EXPLICIT_SIMD=0 -fno-tree-vectorize,1867.497786,596e3c6929662ab9,passed
adaptive-simd_off-t8-static-r4-control_noise_6000x6000.png,2026-09-19T05:35:12Z,control_noise_6000x6000.png,6000,6000,Adaptive_Median,4,8,static,,off,yes,unset,unset,hype2,12.2.0,-O3 -Wall -Wextra -std=c++17 -fopenmp -DOMP_EXPLICIT_SIMD=0 -fno-tree-vectorize,1312.581612,fcb58a627e9d9740,passed
adaptive-simd_off-t8-static-r4-control_half_noise_6000x6000.png,2026-09-19T05:35:14Z,control_half_noise_6000x6000.png,6000,6000,Adaptive_Median,4,8,static,,off,yes,unset,unset,hype2,12.2.0,-O3 -Wall -Wextra -std=c++17 -fopenmp -DOMP_EXPLICIT_SIMD=0 -fno-tree-vectorize,1768.531570,9d92a48896bfc25a,passed
adaptive-simd_off-t8-static-r4-control_bands_256_6000x6000.png,2026-09-19T05:35:17Z,control_bands_256_6000x6000.png,6000,6000,Adaptive_Median,4,8,static,,off,yes,unset,unset,hype2,12.2.0,-O3 -Wall -Wextra -std=c++17 -fopenmp -DOMP_EXPLICIT_SIMD=0 -fno-tree-vectorize,1496.382701,8f9bc97f03d5aae1,passed
adaptive-simd_omp-t8-static-r4-sky.jpg,2026-09-19T05:35:20Z,sky.jpg,6936,9248,Adaptive_Median,4,8,static,,omp,yes,unset,unset,hype2,12.2.0,-O3 -Wall -Wextra -std=c++17 -fopenmp -DOMP_EXPLICIT_SIMD=1,2593.519037,1e7ae9152e9643d5,passed
adaptive-simd_omp-t8-static-r4-stars.jpg,2026-09-19T05:35:27Z,stars.jpg,12960,8640,Adaptive_Median,4,8,static,,omp,yes,unset,unset,hype2,12.2.0,-O3 -Wall -Wextra -std=c++17 -fopenmp -DOMP_EXPLICIT_SIMD=1,4144.841207,626f977055f1c658,passed
adaptive-simd_omp-t8-static-r4-rain_paisage.jpg,2026-09-19T05:35:40Z,rain_paisage.jpg,12288,16320,Adaptive_Median,4,8,static,,omp,yes,unset,unset,hype2,12.2.0,-O3 -Wall -Wextra -std=c++17 -fopenmp -DOMP_EXPLICIT_SIMD=1,9695.277910,d0fdcd4b2e74abf3,passed
adaptive-simd_omp-t8-static-r4-firework.jpg,2026-09-19T05:35:52Z,firework.jpg,11125,16688,Adaptive_Median,4,8,static,,omp,yes,unset,unset,hype2,12.2.0,-O3 -Wall -Wextra -std=c++17 -fopenmp -DOMP_EXPLICIT_SIMD=1,9169.173349,cae2b8384ddb6aac,passed
adaptive-simd_omp-t8-static-r4-control_smooth_6000x6000.png,2026-09-19T05:35:54Z,control_smooth_6000x6000.png,6000,6000,Adaptive_Median,4,8,static,,omp,yes,unset,unset,hype2,12.2.0,-O3 -Wall -Wextra -std=c++17 -fopenmp -DOMP_EXPLICIT_SIMD=1,1878.518231,596e3c6929662ab9,passed
adaptive-simd_omp-t8-static-r4-control_noise_6000x6000.png,2026-09-19T05:35:56Z,control_noise_6000x6000.png,6000,6000,Adaptive_Median,4,8,static,,omp,yes,unset,unset,hype2,12.2.0,-O3 -Wall -Wextra -std=c++17 -fopenmp -DOMP_EXPLICIT_SIMD=1,1345.343772,fcb58a627e9d9740,passed
adaptive-simd_omp-t8-static-r4-control_half_noise_6000x6000.png,2026-09-19T05:35:58Z,control_half_noise_6000x6000.png,6000,6000,Adaptive_Median,4,8,static,,omp,yes,unset,unset,hype2,12.2.0,-O3 -Wall -Wextra -std=c++17 -fopenmp -DOMP_EXPLICIT_SIMD=1,1789.660501,9d92a48896bfc25a,passed
adaptive-simd_omp-t8-static-r4-control_bands_256_6000x6000.png,2026-09-19T05:36:01Z,control_bands_256_6000x6000.png,6000,6000,Adaptive_Median,4,8,static,,omp,yes,unset,unset,hype2,12.2.0,-O3 -Wall -Wextra -std=c++17 -fopenmp -DOMP_EXPLICIT_SIMD=1,1513.131794,8f9bc97f03d5aae1,passed
adaptive-simd_off-t8-dynamicx16-r4-sky.jpg,2026-09-19T05:36:04Z,sky.jpg,6936,9248,Adaptive_Median,4,8,dynamic,16,off,yes,unset,unset,hype2,12.2.0,-O3 -Wall -Wextra -std=c++17 -fopenmp -DOMP_EXPLICIT_SIMD=0 -fno-tree-vectorize,2409.358118,1e7ae9152e9643d5,passed
adaptive-simd_off-t8-dynamicx16-r4-stars.jpg,2026-09-19T05:36:10Z,stars.jpg,12960,8640,Adaptive_Median,4,8,dynamic,16,off,yes,unset,unset,hype2,12.2.0,-O3 -Wall -Wextra -std=c++17 -fopenmp -DOMP_EXPLICIT_SIMD=0 -fno-tree-vectorize,3803.677698,626f977055f1c658,passed
adaptive-simd_off-t8-dynamicx16-r4-rain_paisage.jpg,2026-09-19T05:36:20Z,rain_paisage.jpg,12288,16320,Adaptive_Median,4,8,dynamic,16,off,yes,unset,unset,hype2,12.2.0,-O3 -Wall -Wextra -std=c++17 -fopenmp -DOMP_EXPLICIT_SIMD=0 -fno-tree-vectorize,7207.957729,d0fdcd4b2e74abf3,passed
adaptive-simd_off-t8-dynamicx16-r4-firework.jpg,2026-09-19T05:36:30Z,firework.jpg,11125,16688,Adaptive_Median,4,8,dynamic,16,off,yes,unset,unset,hype2,12.2.0,-O3 -Wall -Wextra -std=c++17 -fopenmp -DOMP_EXPLICIT_SIMD=0 -fno-tree-vectorize,6932.826823,cae2b8384ddb6aac,passed
adaptive-simd_off-t8-dynamicx16-r4-control_smooth_6000x6000.png,2026-09-19T05:36:33Z,control_smooth_6000x6000.png,6000,6000,Adaptive_Median,4,8,dynamic,16,off,yes,unset,unset,hype2,12.2.0,-O3 -Wall -Wextra -std=c++17 -fopenmp -DOMP_EXPLICIT_SIMD=0 -fno-tree-vectorize,1834.559840,596e3c6929662ab9,passed
adaptive-simd_off-t8-dynamicx16-r4-control_noise_6000x6000.png,2026-09-19T05:36:35Z,control_noise_6000x6000.png,6000,6000,Adaptive_Median,4,8,dynamic,16,off,yes,unset,unset,hype2,12.2.0,-O3 -Wall -Wextra -std=c++17 -fopenmp -DOMP_EXPLICIT_SIMD=0 -fno-tree-vectorize,1322.403177,fcb58a627e9d9740,passed
adaptive-simd_off-t8-dynamicx16-r4-control_half_noise_6000x6000.png,2026-09-19T05:36:37Z,control_half_noise_6000x6000.png,6000,6000,Adaptive_Median,4,8,dynamic,16,off,yes,unset,unset,hype2,12.2.0,-O3 -Wall -Wextra -std=c++17 -fopenmp -DOMP_EXPLICIT_SIMD=0 -fno-tree-vectorize,1357.612753,9d92a48896bfc25a,passed
adaptive-simd_off-t8-dynamicx16-r4-control_bands_256_6000x6000.png,2026-09-19T05:36:39Z,control_bands_256_6000x6000.png,6000,6000,Adaptive_Median,4,8,dynamic,16,off,yes,unset,unset,hype2,12.2.0,-O3 -Wall -Wextra -std=c++17 -fopenmp -DOMP_EXPLICIT_SIMD=0 -fno-tree-vectorize,1361.331992,8f9bc97f03d5aae1,passed
adaptive-simd_off-t8-static-r5-sky.jpg,2026-09-19T05:36:42Z,sky.jpg,6936,9248,Adaptive_Median,5,8,static,,off,yes,unset,unset,hype2,12.2.0,-O3 -Wall -Wextra -std=c++17 -fopenmp -DOMP_EXPLICIT_SIMD=0 -fno-tree-vectorize,2549.848857,1e7ae9152e9643d5,passed
adaptive-simd_off-t8-static-r5-stars.jpg,2026-09-19T05:36:49Z,stars.jpg,12960,8640,Adaptive_Median,5,8,static,,off,yes,unset,unset,hype2,12.2.0,-O3 -Wall -Wextra -std=c++17 -fopenmp -DOMP_EXPLICIT_SIMD=0 -fno-tree-vectorize,4074.260627,626f977055f1c658,passed
adaptive-simd_off-t8-static-r5-rain_paisage.jpg,2026-09-19T05:37:01Z,rain_paisage.jpg,12288,16320,Adaptive_Median,5,8,static,,off,yes,unset,unset,hype2,12.2.0,-O3 -Wall -Wextra -std=c++17 -fopenmp -DOMP_EXPLICIT_SIMD=0 -fno-tree-vectorize,9451.449042,d0fdcd4b2e74abf3,passed
adaptive-simd_off-t8-static-r5-firework.jpg,2026-09-19T05:37:13Z,firework.jpg,11125,16688,Adaptive_Median,5,8,static,,off,yes,unset,unset,hype2,12.2.0,-O3 -Wall -Wextra -std=c++17 -fopenmp -DOMP_EXPLICIT_SIMD=0 -fno-tree-vectorize,8917.915341,cae2b8384ddb6aac,passed
adaptive-simd_off-t8-static-r5-control_smooth_6000x6000.png,2026-09-19T05:37:15Z,control_smooth_6000x6000.png,6000,6000,Adaptive_Median,5,8,static,,off,yes,unset,unset,hype2,12.2.0,-O3 -Wall -Wextra -std=c++17 -fopenmp -DOMP_EXPLICIT_SIMD=0 -fno-tree-vectorize,1835.265640,596e3c6929662ab9,passed
adaptive-simd_off-t8-static-r5-control_noise_6000x6000.png,2026-09-19T05:37:17Z,control_noise_6000x6000.png,6000,6000,Adaptive_Median,5,8,static,,off,yes,unset,unset,hype2,12.2.0,-O3 -Wall -Wextra -std=c++17 -fopenmp -DOMP_EXPLICIT_SIMD=0 -fno-tree-vectorize,1312.347837,fcb58a627e9d9740,passed
adaptive-simd_off-t8-static-r5-control_half_noise_6000x6000.png,2026-09-19T05:37:20Z,control_half_noise_6000x6000.png,6000,6000,Adaptive_Median,5,8,static,,off,yes,unset,unset,hype2,12.2.0,-O3 -Wall -Wextra -std=c++17 -fopenmp -DOMP_EXPLICIT_SIMD=0 -fno-tree-vectorize,1833.335221,9d92a48896bfc25a,passed
adaptive-simd_off-t8-static-r5-control_bands_256_6000x6000.png,2026-09-19T05:37:22Z,control_bands_256_6000x6000.png,6000,6000,Adaptive_Median,5,8,static,,off,yes,unset,unset,hype2,12.2.0,-O3 -Wall -Wextra -std=c++17 -fopenmp -DOMP_EXPLICIT_SIMD=0 -fno-tree-vectorize,1474.240105,8f9bc97f03d5aae1,passed
adaptive-simd_omp-t8-static-r5-sky.jpg,2026-09-19T05:37:26Z,sky.jpg,6936,9248,Adaptive_Median,5,8,static,,omp,yes,unset,unset,hype2,12.2.0,-O3 -Wall -Wextra -std=c++17 -fopenmp -DOMP_EXPLICIT_SIMD=1,2601.129461,1e7ae9152e9643d5,passed
adaptive-simd_omp-t8-static-r5-stars.jpg,2026-09-19T05:37:32Z,stars.jpg,12960,8640,Adaptive_Median,5,8,static,,omp,yes,unset,unset,hype2,12.2.0,-O3 -Wall -Wextra -std=c++17 -fopenmp -DOMP_EXPLICIT_SIMD=1,4148.256640,626f977055f1c658,passed
adaptive-simd_omp-t8-static-r5-rain_paisage.jpg,2026-09-19T05:37:45Z,rain_paisage.jpg,12288,16320,Adaptive_Median,5,8,static,,omp,yes,unset,unset,hype2,12.2.0,-O3 -Wall -Wextra -std=c++17 -fopenmp -DOMP_EXPLICIT_SIMD=1,9623.110345,d0fdcd4b2e74abf3,passed
adaptive-simd_omp-t8-static-r5-firework.jpg,2026-09-19T05:37:57Z,firework.jpg,11125,16688,Adaptive_Median,5,8,static,,omp,yes,unset,unset,hype2,12.2.0,-O3 -Wall -Wextra -std=c++17 -fopenmp -DOMP_EXPLICIT_SIMD=1,9096.677389,cae2b8384ddb6aac,passed
adaptive-simd_omp-t8-static-r5-control_smooth_6000x6000.png,2026-09-19T05:37:59Z,control_smooth_6000x6000.png,6000,6000,Adaptive_Median,5,8,static,,omp,yes,unset,unset,hype2,12.2.0,-O3 -Wall -Wextra -std=c++17 -fopenmp -DOMP_EXPLICIT_SIMD=1,1904.405478,596e3c6929662ab9,passed
adaptive-simd_omp-t8-static-r5-control_noise_6000x6000.png,2026-09-19T05:38:01Z,control_noise_6000x6000.png,6000,6000,Adaptive_Median,5,8,static,,omp,yes,unset,unset,hype2,12.2.0,-O3 -Wall -Wextra -std=c++17 -fopenmp -DOMP_EXPLICIT_SIMD=1,1336.647459,fcb58a627e9d9740,passed
adaptive-simd_omp-t8-static-r5-control_half_noise_6000x6000.png,2026-09-19T05:38:04Z,control_half_noise_6000x6000.png,6000,6000,Adaptive_Median,5,8,static,,omp,yes,unset,unset,hype2,12.2.0,-O3 -Wall -Wextra -std=c++17 -fopenmp -DOMP_EXPLICIT_SIMD=1,1781.399053,9d92a48896bfc25a,passed
adaptive-simd_omp-t8-static-r5-control_bands_256_6000x6000.png,2026-09-19T05:38:06Z,control_bands_256_6000x6000.png,6000,6000,Adaptive_Median,5,8,static,,omp,yes,unset,unset,hype2,12.2.0,-O3 -Wall -Wextra -std=c++17 -fopenmp -DOMP_EXPLICIT_SIMD=1,1514.861300,8f9bc97f03d5aae1,passed
adaptive-simd_off-t8-dynamicx16-r5-sky.jpg,2026-09-19T05:38:09Z,sky.jpg,6936,9248,Adaptive_Median,5,8,dynamic,16,off,yes,unset,unset,hype2,12.2.0,-O3 -Wall -Wextra -std=c++17 -fopenmp -DOMP_EXPLICIT_SIMD=0 -fno-tree-vectorize,2412.062382,1e7ae9152e9643d5,passed
adaptive-simd_off-t8-dynamicx16-r5-stars.jpg,2026-09-19T05:38:15Z,stars.jpg,12960,8640,Adaptive_Median,5,8,dynamic,16,off,yes,unset,unset,hype2,12.2.0,-O3 -Wall -Wextra -std=c++17 -fopenmp -DOMP_EXPLICIT_SIMD=0 -fno-tree-vectorize,3804.968891,626f977055f1c658,passed
adaptive-simd_off-t8-dynamicx16-r5-rain_paisage.jpg,2026-09-19T05:38:26Z,rain_paisage.jpg,12288,16320,Adaptive_Median,5,8,dynamic,16,off,yes,unset,unset,hype2,12.2.0,-O3 -Wall -Wextra -std=c++17 -fopenmp -DOMP_EXPLICIT_SIMD=0 -fno-tree-vectorize,7204.062753,d0fdcd4b2e74abf3,passed
adaptive-simd_off-t8-dynamicx16-r5-firework.jpg,2026-09-19T05:38:36Z,firework.jpg,11125,16688,Adaptive_Median,5,8,dynamic,16,off,yes,unset,unset,hype2,12.2.0,-O3 -Wall -Wextra -std=c++17 -fopenmp -DOMP_EXPLICIT_SIMD=0 -fno-tree-vectorize,6931.119911,cae2b8384ddb6aac,passed
adaptive-simd_off-t8-dynamicx16-r5-control_smooth_6000x6000.png,2026-09-19T05:38:38Z,control_smooth_6000x6000.png,6000,6000,Adaptive_Median,5,8,dynamic,16,off,yes,unset,unset,hype2,12.2.0,-O3 -Wall -Wextra -std=c++17 -fopenmp -DOMP_EXPLICIT_SIMD=0 -fno-tree-vectorize,1834.575657,596e3c6929662ab9,passed
adaptive-simd_off-t8-dynamicx16-r5-control_noise_6000x6000.png,2026-09-19T05:38:40Z,control_noise_6000x6000.png,6000,6000,Adaptive_Median,5,8,dynamic,16,off,yes,unset,unset,hype2,12.2.0,-O3 -Wall -Wextra -std=c++17 -fopenmp -DOMP_EXPLICIT_SIMD=0 -fno-tree-vectorize,1324.910111,fcb58a627e9d9740,passed
adaptive-simd_off-t8-dynamicx16-r5-control_half_noise_6000x6000.png,2026-09-19T05:38:42Z,control_half_noise_6000x6000.png,6000,6000,Adaptive_Median,5,8,dynamic,16,off,yes,unset,unset,hype2,12.2.0,-O3 -Wall -Wextra -std=c++17 -fopenmp -DOMP_EXPLICIT_SIMD=0 -fno-tree-vectorize,1352.206161,9d92a48896bfc25a,passed
adaptive-simd_off-t8-dynamicx16-r5-control_bands_256_6000x6000.png,2026-09-19T05:38:44Z,control_bands_256_6000x6000.png,6000,6000,Adaptive_Median,5,8,dynamic,16,off,yes,unset,unset,hype2,12.2.0,-O3 -Wall -Wextra -std=c++17 -fopenmp -DOMP_EXPLICIT_SIMD=0 -fno-tree-vectorize,1363.409809,8f9bc97f03d5aae1,passed
adaptive-simd_omp-t8-dynamicx16-r5-sky.jpg,2026-09-19T05:38:48Z,sky.jpg,6936,9248,Adaptive_Median,5,8,dynamic,16,omp,yes,unset,unset,hype2,12.2.0,-O3 -Wall -Wextra -std=c++17 -fopenmp -DOMP_EXPLICIT_SIMD=1,2468.446948,1e7ae9152e9643d5,passed
adaptive-simd_omp-t8-dynamicx16-r5-stars.jpg,2026-09-19T05:38:54Z,stars.jpg,12960,8640,Adaptive_Median,5,8,dynamic,16,omp,yes,unset,unset,hype2,12.2.0,-O3 -Wall -Wextra -std=c++17 -fopenmp -DOMP_EXPLICIT_SIMD=1,3913.921251,626f977055f1c658,passed
adaptive-simd_omp-t8-dynamicx16-r5-rain_paisage.jpg,2026-09-19T05:39:04Z,rain_paisage.jpg,12288,16320,Adaptive_Median,5,8,dynamic,16,omp,yes,unset,unset,hype2,12.2.0,-O3 -Wall -Wextra -std=c++17 -fopenmp -DOMP_EXPLICIT_SIMD=1,7338.212775,d0fdcd4b2e74abf3,passed
adaptive-simd_omp-t8-dynamicx16-r5-firework.jpg,2026-09-19T05:39:14Z,firework.jpg,11125,16688,Adaptive_Median,5,8,dynamic,16,omp,yes,unset,unset,hype2,12.2.0,-O3 -Wall -Wextra -std=c++17 -fopenmp -DOMP_EXPLICIT_SIMD=1,7075.535594,cae2b8384ddb6aac,passed
adaptive-simd_omp-t8-dynamicx16-r5-control_smooth_6000x6000.png,2026-09-19T05:39:17Z,control_smooth_6000x6000.png,6000,6000,Adaptive_Median,5,8,dynamic,16,omp,yes,unset,unset,hype2,12.2.0,-O3 -Wall -Wextra -std=c++17 -fopenmp -DOMP_EXPLICIT_SIMD=1,1872.266934,596e3c6929662ab9,passed
adaptive-simd_omp-t8-dynamicx16-r5-control_noise_6000x6000.png,2026-09-19T05:39:18Z,control_noise_6000x6000.png,6000,6000,Adaptive_Median,5,8,dynamic,16,omp,yes,unset,unset,hype2,12.2.0,-O3 -Wall -Wextra -std=c++17 -fopenmp -DOMP_EXPLICIT_SIMD=1,1349.479554,fcb58a627e9d9740,passed
adaptive-simd_omp-t8-dynamicx16-r5-control_half_noise_6000x6000.png,2026-09-19T05:39:21Z,control_half_noise_6000x6000.png,6000,6000,Adaptive_Median,5,8,dynamic,16,omp,yes,unset,unset,hype2,12.2.0,-O3 -Wall -Wextra -std=c++17 -fopenmp -DOMP_EXPLICIT_SIMD=1,1398.109955,9d92a48896bfc25a,passed
adaptive-simd_omp-t8-dynamicx16-r5-control_bands_256_6000x6000.png,2026-09-19T05:39:23Z,control_bands_256_6000x6000.png,6000,6000,Adaptive_Median,5,8,dynamic,16,omp,yes,unset,unset,hype2,12.2.0,-O3 -Wall -Wextra -std=c++17 -fopenmp -DOMP_EXPLICIT_SIMD=1,1396.653472,8f9bc97f03d5aae1,passed
adaptive-simd_off-t12-static-r1-sky.jpg,2026-09-19T05:41:35Z,sky.jpg,6936,9248,Adaptive_Median,1,12,static,,off,yes,unset,unset,hype2,12.2.0,-O3 -Wall -Wextra -std=c++17 -fopenmp -DOMP_EXPLICIT_SIMD=0 -fno-tree-vectorize,1774.482306,1e7ae9152e9643d5,passed
adaptive-simd_off-t12-static-r1-stars.jpg,2026-09-19T05:41:40Z,stars.jpg,12960,8640,Adaptive_Median,1,12,static,,off,yes,unset,unset,hype2,12.2.0,-O3 -Wall -Wextra -std=c++17 -fopenmp -DOMP_EXPLICIT_SIMD=0 -fno-tree-vectorize,2850.616874,626f977055f1c658,passed
adaptive-simd_off-t12-static-r1-rain_paisage.jpg,2026-09-19T05:41:50Z,rain_paisage.jpg,12288,16320,Adaptive_Median,1,12,static,,off,yes,unset,unset,hype2,12.2.0,-O3 -Wall -Wextra -std=c++17 -fopenmp -DOMP_EXPLICIT_SIMD=0 -fno-tree-vectorize,6724.837939,d0fdcd4b2e74abf3,passed
adaptive-simd_off-t12-static-r1-firework.jpg,2026-09-19T05:41:59Z,firework.jpg,11125,16688,Adaptive_Median,1,12,static,,off,yes,unset,unset,hype2,12.2.0,-O3 -Wall -Wextra -std=c++17 -fopenmp -DOMP_EXPLICIT_SIMD=0 -fno-tree-vectorize,6228.605684,cae2b8384ddb6aac,passed
adaptive-simd_off-t12-static-r1-control_smooth_6000x6000.png,2026-09-19T05:42:01Z,control_smooth_6000x6000.png,6000,6000,Adaptive_Median,1,12,static,,off,yes,unset,unset,hype2,12.2.0,-O3 -Wall -Wextra -std=c++17 -fopenmp -DOMP_EXPLICIT_SIMD=0 -fno-tree-vectorize,1290.755453,596e3c6929662ab9,passed
adaptive-simd_off-t12-static-r1-control_noise_6000x6000.png,2026-09-19T05:42:02Z,control_noise_6000x6000.png,6000,6000,Adaptive_Median,1,12,static,,off,yes,unset,unset,hype2,12.2.0,-O3 -Wall -Wextra -std=c++17 -fopenmp -DOMP_EXPLICIT_SIMD=0 -fno-tree-vectorize,914.597325,fcb58a627e9d9740,passed
adaptive-simd_off-t12-static-r1-control_half_noise_6000x6000.png,2026-09-19T05:42:04Z,control_half_noise_6000x6000.png,6000,6000,Adaptive_Median,1,12,static,,off,yes,unset,unset,hype2,12.2.0,-O3 -Wall -Wextra -std=c++17 -fopenmp -DOMP_EXPLICIT_SIMD=0 -fno-tree-vectorize,1258.886925,9d92a48896bfc25a,passed
adaptive-simd_off-t12-static-r1-control_bands_256_6000x6000.png,2026-09-19T05:42:06Z,control_bands_256_6000x6000.png,6000,6000,Adaptive_Median,1,12,static,,off,yes,unset,unset,hype2,12.2.0,-O3 -Wall -Wextra -std=c++17 -fopenmp -DOMP_EXPLICIT_SIMD=0 -fno-tree-vectorize,986.855827,8f9bc97f03d5aae1,passed
adaptive-simd_omp-t12-static-r1-sky.jpg,2026-09-19T05:42:09Z,sky.jpg,6936,9248,Adaptive_Median,1,12,static,,omp,yes,unset,unset,hype2,12.2.0,-O3 -Wall -Wextra -std=c++17 -fopenmp -DOMP_EXPLICIT_SIMD=1,1818.417670,1e7ae9152e9643d5,passed
adaptive-simd_omp-t12-static-r1-stars.jpg,2026-09-19T05:42:14Z,stars.jpg,12960,8640,Adaptive_Median,1,12,static,,omp,yes,unset,unset,hype2,12.2.0,-O3 -Wall -Wextra -std=c++17 -fopenmp -DOMP_EXPLICIT_SIMD=1,2918.515474,626f977055f1c658,passed
adaptive-simd_omp-t12-static-r1-rain_paisage.jpg,2026-09-19T05:42:24Z,rain_paisage.jpg,12288,16320,Adaptive_Median,1,12,static,,omp,yes,unset,unset,hype2,12.2.0,-O3 -Wall -Wextra -std=c++17 -fopenmp -DOMP_EXPLICIT_SIMD=1,6851.467347,d0fdcd4b2e74abf3,passed
adaptive-simd_omp-t12-static-r1-firework.jpg,2026-09-19T05:42:34Z,firework.jpg,11125,16688,Adaptive_Median,1,12,static,,omp,yes,unset,unset,hype2,12.2.0,-O3 -Wall -Wextra -std=c++17 -fopenmp -DOMP_EXPLICIT_SIMD=1,6346.078900,cae2b8384ddb6aac,passed
adaptive-simd_omp-t12-static-r1-control_smooth_6000x6000.png,2026-09-19T05:42:35Z,control_smooth_6000x6000.png,6000,6000,Adaptive_Median,1,12,static,,omp,yes,unset,unset,hype2,12.2.0,-O3 -Wall -Wextra -std=c++17 -fopenmp -DOMP_EXPLICIT_SIMD=1,1329.718707,596e3c6929662ab9,passed
adaptive-simd_omp-t12-static-r1-control_noise_6000x6000.png,2026-09-19T05:42:37Z,control_noise_6000x6000.png,6000,6000,Adaptive_Median,1,12,static,,omp,yes,unset,unset,hype2,12.2.0,-O3 -Wall -Wextra -std=c++17 -fopenmp -DOMP_EXPLICIT_SIMD=1,936.687718,fcb58a627e9d9740,passed
adaptive-simd_omp-t12-static-r1-control_half_noise_6000x6000.png,2026-09-19T05:42:39Z,control_half_noise_6000x6000.png,6000,6000,Adaptive_Median,1,12,static,,omp,yes,unset,unset,hype2,12.2.0,-O3 -Wall -Wextra -std=c++17 -fopenmp -DOMP_EXPLICIT_SIMD=1,1274.813925,9d92a48896bfc25a,passed
adaptive-simd_omp-t12-static-r1-control_bands_256_6000x6000.png,2026-09-19T05:42:40Z,control_bands_256_6000x6000.png,6000,6000,Adaptive_Median,1,12,static,,omp,yes,unset,unset,hype2,12.2.0,-O3 -Wall -Wextra -std=c++17 -fopenmp -DOMP_EXPLICIT_SIMD=1,980.282341,8f9bc97f03d5aae1,passed
adaptive-simd_off-t12-dynamicx16-r1-sky.jpg,2026-09-19T05:42:43Z,sky.jpg,6936,9248,Adaptive_Median,1,12,dynamic,16,off,yes,unset,unset,hype2,12.2.0,-O3 -Wall -Wextra -std=c++17 -fopenmp -DOMP_EXPLICIT_SIMD=0 -fno-tree-vectorize,1699.125586,1e7ae9152e9643d5,passed
adaptive-simd_off-t12-dynamicx16-r1-stars.jpg,2026-09-19T05:42:48Z,stars.jpg,12960,8640,Adaptive_Median,1,12,dynamic,16,off,yes,unset,unset,hype2,12.2.0,-O3 -Wall -Wextra -std=c++17 -fopenmp -DOMP_EXPLICIT_SIMD=0 -fno-tree-vectorize,2652.557847,626f977055f1c658,passed
adaptive-simd_off-t12-dynamicx16-r1-rain_paisage.jpg,2026-09-19T05:42:56Z,rain_paisage.jpg,12288,16320,Adaptive_Median,1,12,dynamic,16,off,yes,unset,unset,hype2,12.2.0,-O3 -Wall -Wextra -std=c++17 -fopenmp -DOMP_EXPLICIT_SIMD=0 -fno-tree-vectorize,5064.721051,d0fdcd4b2e74abf3,passed
adaptive-simd_off-t12-dynamicx16-r1-firework.jpg,2026-09-19T05:43:04Z,firework.jpg,11125,16688,Adaptive_Median,1,12,dynamic,16,off,yes,unset,unset,hype2,12.2.0,-O3 -Wall -Wextra -std=c++17 -fopenmp -DOMP_EXPLICIT_SIMD=0 -fno-tree-vectorize,4890.912948,cae2b8384ddb6aac,passed
adaptive-simd_off-t12-dynamicx16-r1-control_smooth_6000x6000.png,2026-09-19T05:43:06Z,control_smooth_6000x6000.png,6000,6000,Adaptive_Median,1,12,dynamic,16,off,yes,unset,unset,hype2,12.2.0,-O3 -Wall -Wextra -std=c++17 -fopenmp -DOMP_EXPLICIT_SIMD=0 -fno-tree-vectorize,1320.934154,596e3c6929662ab9,passed
adaptive-simd_off-t12-dynamicx16-r1-control_noise_6000x6000.png,2026-09-19T05:43:07Z,control_noise_6000x6000.png,6000,6000,Adaptive_Median,1,12,dynamic,16,off,yes,unset,unset,hype2,12.2.0,-O3 -Wall -Wextra -std=c++17 -fopenmp -DOMP_EXPLICIT_SIMD=0 -fno-tree-vectorize,933.641940,fcb58a627e9d9740,passed
adaptive-simd_off-t12-dynamicx16-r1-control_half_noise_6000x6000.png,2026-09-19T05:43:09Z,control_half_noise_6000x6000.png,6000,6000,Adaptive_Median,1,12,dynamic,16,off,yes,unset,unset,hype2,12.2.0,-O3 -Wall -Wextra -std=c++17 -fopenmp -DOMP_EXPLICIT_SIMD=0 -fno-tree-vectorize,961.428881,9d92a48896bfc25a,passed
adaptive-simd_off-t12-dynamicx16-r1-control_bands_256_6000x6000.png,2026-09-19T05:43:11Z,control_bands_256_6000x6000.png,6000,6000,Adaptive_Median,1,12,dynamic,16,off,yes,unset,unset,hype2,12.2.0,-O3 -Wall -Wextra -std=c++17 -fopenmp -DOMP_EXPLICIT_SIMD=0 -fno-tree-vectorize,970.809514,8f9bc97f03d5aae1,passed
adaptive-simd_omp-t12-dynamicx16-r1-sky.jpg,2026-09-19T05:43:14Z,sky.jpg,6936,9248,Adaptive_Median,1,12,dynamic,16,omp,yes,unset,unset,hype2,12.2.0,-O3 -Wall -Wextra -std=c++17 -fopenmp -DOMP_EXPLICIT_SIMD=1,1742.030748,1e7ae9152e9643d5,passed
adaptive-simd_omp-t12-dynamicx16-r1-stars.jpg,2026-09-19T05:43:19Z,stars.jpg,12960,8640,Adaptive_Median,1,12,dynamic,16,omp,yes,unset,unset,hype2,12.2.0,-O3 -Wall -Wextra -std=c++17 -fopenmp -DOMP_EXPLICIT_SIMD=1,2731.066089,626f977055f1c658,passed
adaptive-simd_omp-t12-dynamicx16-r1-rain_paisage.jpg,2026-09-19T05:43:27Z,rain_paisage.jpg,12288,16320,Adaptive_Median,1,12,dynamic,16,omp,yes,unset,unset,hype2,12.2.0,-O3 -Wall -Wextra -std=c++17 -fopenmp -DOMP_EXPLICIT_SIMD=1,5154.364413,d0fdcd4b2e74abf3,passed
adaptive-simd_omp-t12-dynamicx16-r1-firework.jpg,2026-09-19T05:43:35Z,firework.jpg,11125,16688,Adaptive_Median,1,12,dynamic,16,omp,yes,unset,unset,hype2,12.2.0,-O3 -Wall -Wextra -std=c++17 -fopenmp -DOMP_EXPLICIT_SIMD=1,5006.605857,cae2b8384ddb6aac,passed
adaptive-simd_omp-t12-dynamicx16-r1-control_smooth_6000x6000.png,2026-09-19T05:43:37Z,control_smooth_6000x6000.png,6000,6000,Adaptive_Median,1,12,dynamic,16,omp,yes,unset,unset,hype2,12.2.0,-O3 -Wall -Wextra -std=c++17 -fopenmp -DOMP_EXPLICIT_SIMD=1,1344.468223,596e3c6929662ab9,passed
adaptive-simd_omp-t12-dynamicx16-r1-control_noise_6000x6000.png,2026-09-19T05:43:38Z,control_noise_6000x6000.png,6000,6000,Adaptive_Median,1,12,dynamic,16,omp,yes,unset,unset,hype2,12.2.0,-O3 -Wall -Wextra -std=c++17 -fopenmp -DOMP_EXPLICIT_SIMD=1,955.370459,fcb58a627e9d9740,passed
adaptive-simd_omp-t12-dynamicx16-r1-control_half_noise_6000x6000.png,2026-09-19T05:43:40Z,control_half_noise_6000x6000.png,6000,6000,Adaptive_Median,1,12,dynamic,16,omp,yes,unset,unset,hype2,12.2.0,-O3 -Wall -Wextra -std=c++17 -fopenmp -DOMP_EXPLICIT_SIMD=1,984.834132,9d92a48896bfc25a,passed
adaptive-simd_omp-t12-dynamicx16-r1-control_bands_256_6000x6000.png,2026-09-19T05:43:42Z,control_bands_256_6000x6000.png,6000,6000,Adaptive_Median,1,12,dynamic,16,omp,yes,unset,unset,hype2,12.2.0,-O3 -Wall -Wextra -std=c++17 -fopenmp -DOMP_EXPLICIT_SIMD=1,995.081309,8f9bc97f03d5aae1,passed
adaptive-simd_omp-t12-static-r2-sky.jpg,2026-09-19T05:43:45Z,sky.jpg,6936,9248,Adaptive_Median,2,12,static,,omp,yes,unset,unset,hype2,12.2.0,-O3 -Wall -Wextra -std=c++17 -fopenmp -DOMP_EXPLICIT_SIMD=1,1818.630828,1e7ae9152e9643d5,passed
adaptive-simd_omp-t12-static-r2-stars.jpg,2026-09-19T05:43:50Z,stars.jpg,12960,8640,Adaptive_Median,2,12,static,,omp,yes,unset,unset,hype2,12.2.0,-O3 -Wall -Wextra -std=c++17 -fopenmp -DOMP_EXPLICIT_SIMD=1,2924.592044,626f977055f1c658,passed
adaptive-simd_omp-t12-static-r2-rain_paisage.jpg,2026-09-19T05:44:00Z,rain_paisage.jpg,12288,16320,Adaptive_Median,2,12,static,,omp,yes,unset,unset,hype2,12.2.0,-O3 -Wall -Wextra -std=c++17 -fopenmp -DOMP_EXPLICIT_SIMD=1,6891.578099,d0fdcd4b2e74abf3,passed
adaptive-simd_omp-t12-static-r2-firework.jpg,2026-09-19T05:44:09Z,firework.jpg,11125,16688,Adaptive_Median,2,12,static,,omp,yes,unset,unset,hype2,12.2.0,-O3 -Wall -Wextra -std=c++17 -fopenmp -DOMP_EXPLICIT_SIMD=1,6347.584874,cae2b8384ddb6aac,passed
adaptive-simd_omp-t12-static-r2-control_smooth_6000x6000.png,2026-09-19T05:44:11Z,control_smooth_6000x6000.png,6000,6000,Adaptive_Median,2,12,static,,omp,yes,unset,unset,hype2,12.2.0,-O3 -Wall -Wextra -std=c++17 -fopenmp -DOMP_EXPLICIT_SIMD=1,1322.176014,596e3c6929662ab9,passed
adaptive-simd_omp-t12-static-r2-control_noise_6000x6000.png,2026-09-19T05:44:12Z,control_noise_6000x6000.png,6000,6000,Adaptive_Median,2,12,static,,omp,yes,unset,unset,hype2,12.2.0,-O3 -Wall -Wextra -std=c++17 -fopenmp -DOMP_EXPLICIT_SIMD=1,936.078834,fcb58a627e9d9740,passed
adaptive-simd_omp-t12-static-r2-control_half_noise_6000x6000.png,2026-09-19T05:44:14Z,control_half_noise_6000x6000.png,6000,6000,Adaptive_Median,2,12,static,,omp,yes,unset,unset,hype2,12.2.0,-O3 -Wall -Wextra -std=c++17 -fopenmp -DOMP_EXPLICIT_SIMD=1,1278.024370,9d92a48896bfc25a,passed
adaptive-simd_omp-t12-static-r2-control_bands_256_6000x6000.png,2026-09-19T05:44:16Z,control_bands_256_6000x6000.png,6000,6000,Adaptive_Median,2,12,static,,omp,yes,unset,unset,hype2,12.2.0,-O3 -Wall -Wextra -std=c++17 -fopenmp -DOMP_EXPLICIT_SIMD=1,978.218538,8f9bc97f03d5aae1,passed
adaptive-simd_off-t12-dynamicx16-r2-sky.jpg,2026-09-19T05:44:19Z,sky.jpg,6936,9248,Adaptive_Median,2,12,dynamic,16,off,yes,unset,unset,hype2,12.2.0,-O3 -Wall -Wextra -std=c++17 -fopenmp -DOMP_EXPLICIT_SIMD=0 -fno-tree-vectorize,1697.956155,1e7ae9152e9643d5,passed
adaptive-simd_off-t12-dynamicx16-r2-stars.jpg,2026-09-19T05:44:24Z,stars.jpg,12960,8640,Adaptive_Median,2,12,dynamic,16,off,yes,unset,unset,hype2,12.2.0,-O3 -Wall -Wextra -std=c++17 -fopenmp -DOMP_EXPLICIT_SIMD=0 -fno-tree-vectorize,2657.978663,626f977055f1c658,passed
adaptive-simd_off-t12-dynamicx16-r2-rain_paisage.jpg,2026-09-19T05:44:32Z,rain_paisage.jpg,12288,16320,Adaptive_Median,2,12,dynamic,16,off,yes,unset,unset,hype2,12.2.0,-O3 -Wall -Wextra -std=c++17 -fopenmp -DOMP_EXPLICIT_SIMD=0 -fno-tree-vectorize,5059.171795,d0fdcd4b2e74abf3,passed
adaptive-simd_off-t12-dynamicx16-r2-firework.jpg,2026-09-19T05:44:40Z,firework.jpg,11125,16688,Adaptive_Median,2,12,dynamic,16,off,yes,unset,unset,hype2,12.2.0,-O3 -Wall -Wextra -std=c++17 -fopenmp -DOMP_EXPLICIT_SIMD=0 -fno-tree-vectorize,4887.443004,cae2b8384ddb6aac,passed
adaptive-simd_off-t12-dynamicx16-r2-control_smooth_6000x6000.png,2026-09-19T05:44:41Z,control_smooth_6000x6000.png,6000,6000,Adaptive_Median,2,12,dynamic,16,off,yes,unset,unset,hype2,12.2.0,-O3 -Wall -Wextra -std=c++17 -fopenmp -DOMP_EXPLICIT_SIMD=0 -fno-tree-vectorize,1317.080292,596e3c6929662ab9,passed
adaptive-simd_off-t12-dynamicx16-r2-control_noise_6000x6000.png,2026-09-19T05:44:43Z,control_noise_6000x6000.png,6000,6000,Adaptive_Median,2,12,dynamic,16,off,yes,unset,unset,hype2,12.2.0,-O3 -Wall -Wextra -std=c++17 -fopenmp -DOMP_EXPLICIT_SIMD=0 -fno-tree-vectorize,932.691593,fcb58a627e9d9740,passed
adaptive-simd_off-t12-dynamicx16-r2-control_half_noise_6000x6000.png,2026-09-19T05:44:45Z,control_half_noise_6000x6000.png,6000,6000,Adaptive_Median,2,12,dynamic,16,off,yes,unset,unset,hype2,12.2.0,-O3 -Wall -Wextra -std=c++17 -fopenmp -DOMP_EXPLICIT_SIMD=0 -fno-tree-vectorize,962.631139,9d92a48896bfc25a,passed
adaptive-simd_off-t12-dynamicx16-r2-control_bands_256_6000x6000.png,2026-09-19T05:44:46Z,control_bands_256_6000x6000.png,6000,6000,Adaptive_Median,2,12,dynamic,16,off,yes,unset,unset,hype2,12.2.0,-O3 -Wall -Wextra -std=c++17 -fopenmp -DOMP_EXPLICIT_SIMD=0 -fno-tree-vectorize,968.057229,8f9bc97f03d5aae1,passed
adaptive-simd_omp-t12-dynamicx16-r2-sky.jpg,2026-09-19T05:44:49Z,sky.jpg,6936,9248,Adaptive_Median,2,12,dynamic,16,omp,yes,unset,unset,hype2,12.2.0,-O3 -Wall -Wextra -std=c++17 -fopenmp -DOMP_EXPLICIT_SIMD=1,1742.050491,1e7ae9152e9643d5,passed
adaptive-simd_omp-t12-dynamicx16-r2-stars.jpg,2026-09-19T05:44:54Z,stars.jpg,12960,8640,Adaptive_Median,2,12,dynamic,16,omp,yes,unset,unset,hype2,12.2.0,-O3 -Wall -Wextra -std=c++17 -fopenmp -DOMP_EXPLICIT_SIMD=1,2732.004263,626f977055f1c658,passed
adaptive-simd_omp-t12-dynamicx16-r2-rain_paisage.jpg,2026-09-19T05:45:03Z,rain_paisage.jpg,12288,16320,Adaptive_Median,2,12,dynamic,16,omp,yes,unset,unset,hype2,12.2.0,-O3 -Wall -Wextra -std=c++17 -fopenmp -DOMP_EXPLICIT_SIMD=1,5170.002582,d0fdcd4b2e74abf3,passed
adaptive-simd_omp-t12-dynamicx16-r2-firework.jpg,2026-09-19T05:45:10Z,firework.jpg,11125,16688,Adaptive_Median,2,12,dynamic,16,omp,yes,unset,unset,hype2,12.2.0,-O3 -Wall -Wextra -std=c++17 -fopenmp -DOMP_EXPLICIT_SIMD=1,5038.891066,cae2b8384ddb6aac,passed
adaptive-simd_omp-t12-dynamicx16-r2-control_smooth_6000x6000.png,2026-09-19T05:45:12Z,control_smooth_6000x6000.png,6000,6000,Adaptive_Median,2,12,dynamic,16,omp,yes,unset,unset,hype2,12.2.0,-O3 -Wall -Wextra -std=c++17 -fopenmp -DOMP_EXPLICIT_SIMD=1,1343.821487,596e3c6929662ab9,passed
adaptive-simd_omp-t12-dynamicx16-r2-control_noise_6000x6000.png,2026-09-19T05:45:14Z,control_noise_6000x6000.png,6000,6000,Adaptive_Median,2,12,dynamic,16,omp,yes,unset,unset,hype2,12.2.0,-O3 -Wall -Wextra -std=c++17 -fopenmp -DOMP_EXPLICIT_SIMD=1,953.675446,fcb58a627e9d9740,passed
adaptive-simd_omp-t12-dynamicx16-r2-control_half_noise_6000x6000.png,2026-09-19T05:45:15Z,control_half_noise_6000x6000.png,6000,6000,Adaptive_Median,2,12,dynamic,16,omp,yes,unset,unset,hype2,12.2.0,-O3 -Wall -Wextra -std=c++17 -fopenmp -DOMP_EXPLICIT_SIMD=1,984.318829,9d92a48896bfc25a,passed
adaptive-simd_omp-t12-dynamicx16-r2-control_bands_256_6000x6000.png,2026-09-19T05:45:17Z,control_bands_256_6000x6000.png,6000,6000,Adaptive_Median,2,12,dynamic,16,omp,yes,unset,unset,hype2,12.2.0,-O3 -Wall -Wextra -std=c++17 -fopenmp -DOMP_EXPLICIT_SIMD=1,993.662002,8f9bc97f03d5aae1,passed
adaptive-simd_off-t12-static-r2-sky.jpg,2026-09-19T05:45:20Z,sky.jpg,6936,9248,Adaptive_Median,2,12,static,,off,yes,unset,unset,hype2,12.2.0,-O3 -Wall -Wextra -std=c++17 -fopenmp -DOMP_EXPLICIT_SIMD=0 -fno-tree-vectorize,1777.701212,1e7ae9152e9643d5,passed
adaptive-simd_off-t12-static-r2-stars.jpg,2026-09-19T05:45:25Z,stars.jpg,12960,8640,Adaptive_Median,2,12,static,,off,yes,unset,unset,hype2,12.2.0,-O3 -Wall -Wextra -std=c++17 -fopenmp -DOMP_EXPLICIT_SIMD=0 -fno-tree-vectorize,2852.991055,626f977055f1c658,passed
adaptive-simd_off-t12-static-r2-rain_paisage.jpg,2026-09-19T05:45:35Z,rain_paisage.jpg,12288,16320,Adaptive_Median,2,12,static,,off,yes,unset,unset,hype2,12.2.0,-O3 -Wall -Wextra -std=c++17 -fopenmp -DOMP_EXPLICIT_SIMD=0 -fno-tree-vectorize,6722.195230,d0fdcd4b2e74abf3,passed
adaptive-simd_off-t12-static-r2-firework.jpg,2026-09-19T05:45:44Z,firework.jpg,11125,16688,Adaptive_Median,2,12,static,,off,yes,unset,unset,hype2,12.2.0,-O3 -Wall -Wextra -std=c++17 -fopenmp -DOMP_EXPLICIT_SIMD=0 -fno-tree-vectorize,6228.909851,cae2b8384ddb6aac,passed
adaptive-simd_off-t12-static-r2-control_smooth_6000x6000.png,2026-09-19T05:45:46Z,control_smooth_6000x6000.png,6000,6000,Adaptive_Median,2,12,static,,off,yes,unset,unset,hype2,12.2.0,-O3 -Wall -Wextra -std=c++17 -fopenmp -DOMP_EXPLICIT_SIMD=0 -fno-tree-vectorize,1298.285553,596e3c6929662ab9,passed
adaptive-simd_off-t12-static-r2-control_noise_6000x6000.png,2026-09-19T05:45:47Z,control_noise_6000x6000.png,6000,6000,Adaptive_Median,2,12,static,,off,yes,unset,unset,hype2,12.2.0,-O3 -Wall -Wextra -std=c++17 -fopenmp -DOMP_EXPLICIT_SIMD=0 -fno-tree-vectorize,913.265770,fcb58a627e9d9740,passed
adaptive-simd_off-t12-static-r2-control_half_noise_6000x6000.png,2026-09-19T05:45:49Z,control_half_noise_6000x6000.png,6000,6000,Adaptive_Median,2,12,static,,off,yes,unset,unset,hype2,12.2.0,-O3 -Wall -Wextra -std=c++17 -fopenmp -DOMP_EXPLICIT_SIMD=0 -fno-tree-vectorize,1255.493823,9d92a48896bfc25a,passed
adaptive-simd_off-t12-static-r2-control_bands_256_6000x6000.png,2026-09-19T05:45:51Z,control_bands_256_6000x6000.png,6000,6000,Adaptive_Median,2,12,static,,off,yes,unset,unset,hype2,12.2.0,-O3 -Wall -Wextra -std=c++17 -fopenmp -DOMP_EXPLICIT_SIMD=0 -fno-tree-vectorize,954.484281,8f9bc97f03d5aae1,passed
adaptive-simd_off-t12-dynamicx16-r3-sky.jpg,2026-09-19T05:45:54Z,sky.jpg,6936,9248,Adaptive_Median,3,12,dynamic,16,off,yes,unset,unset,hype2,12.2.0,-O3 -Wall -Wextra -std=c++17 -fopenmp -DOMP_EXPLICIT_SIMD=0 -fno-tree-vectorize,1699.325894,1e7ae9152e9643d5,passed
adaptive-simd_off-t12-dynamicx16-r3-stars.jpg,2026-09-19T05:45:59Z,stars.jpg,12960,8640,Adaptive_Median,3,12,dynamic,16,off,yes,unset,unset,hype2,12.2.0,-O3 -Wall -Wextra -std=c++17 -fopenmp -DOMP_EXPLICIT_SIMD=0 -fno-tree-vectorize,2659.329867,626f977055f1c658,passed
adaptive-simd_off-t12-dynamicx16-r3-rain_paisage.jpg,2026-09-19T05:46:07Z,rain_paisage.jpg,12288,16320,Adaptive_Median,3,12,dynamic,16,off,yes,unset,unset,hype2,12.2.0,-O3 -Wall -Wextra -std=c++17 -fopenmp -DOMP_EXPLICIT_SIMD=0 -fno-tree-vectorize,5057.217201,d0fdcd4b2e74abf3,passed
adaptive-simd_off-t12-dynamicx16-r3-firework.jpg,2026-09-19T05:46:15Z,firework.jpg,11125,16688,Adaptive_Median,3,12,dynamic,16,off,yes,unset,unset,hype2,12.2.0,-O3 -Wall -Wextra -std=c++17 -fopenmp -DOMP_EXPLICIT_SIMD=0 -fno-tree-vectorize,4890.860633,cae2b8384ddb6aac,passed
adaptive-simd_off-t12-dynamicx16-r3-control_smooth_6000x6000.png,2026-09-19T05:46:17Z,control_smooth_6000x6000.png,6000,6000,Adaptive_Median,3,12,dynamic,16,off,yes,unset,unset,hype2,12.2.0,-O3 -Wall -Wextra -std=c++17 -fopenmp -DOMP_EXPLICIT_SIMD=0 -fno-tree-vectorize,1316.149780,596e3c6929662ab9,passed
adaptive-simd_off-t12-dynamicx16-r3-control_noise_6000x6000.png,2026-09-19T05:46:18Z,control_noise_6000x6000.png,6000,6000,Adaptive_Median,3,12,dynamic,16,off,yes,unset,unset,hype2,12.2.0,-O3 -Wall -Wextra -std=c++17 -fopenmp -DOMP_EXPLICIT_SIMD=0 -fno-tree-vectorize,932.707006,fcb58a627e9d9740,passed
adaptive-simd_off-t12-dynamicx16-r3-control_half_noise_6000x6000.png,2026-09-19T05:46:20Z,control_half_noise_6000x6000.png,6000,6000,Adaptive_Median,3,12,dynamic,16,off,yes,unset,unset,hype2,12.2.0,-O3 -Wall -Wextra -std=c++17 -fopenmp -DOMP_EXPLICIT_SIMD=0 -fno-tree-vectorize,961.215172,9d92a48896bfc25a,passed
adaptive-simd_off-t12-dynamicx16-r3-control_bands_256_6000x6000.png,2026-09-19T05:46:22Z,control_bands_256_6000x6000.png,6000,6000,Adaptive_Median,3,12,dynamic,16,off,yes,unset,unset,hype2,12.2.0,-O3 -Wall -Wextra -std=c++17 -fopenmp -DOMP_EXPLICIT_SIMD=0 -fno-tree-vectorize,971.577670,8f9bc97f03d5aae1,passed
adaptive-simd_omp-t12-dynamicx16-r3-sky.jpg,2026-09-19T05:46:24Z,sky.jpg,6936,9248,Adaptive_Median,3,12,dynamic,16,omp,yes,unset,unset,hype2,12.2.0,-O3 -Wall -Wextra -std=c++17 -fopenmp -DOMP_EXPLICIT_SIMD=1,1744.134096,1e7ae9152e9643d5,passed
adaptive-simd_omp-t12-dynamicx16-r3-stars.jpg,2026-09-19T05:46:29Z,stars.jpg,12960,8640,Adaptive_Median,3,12,dynamic,16,omp,yes,unset,unset,hype2,12.2.0,-O3 -Wall -Wextra -std=c++17 -fopenmp -DOMP_EXPLICIT_SIMD=1,2726.025575,626f977055f1c658,passed
adaptive-simd_omp-t12-dynamicx16-r3-rain_paisage.jpg,2026-09-19T05:46:38Z,rain_paisage.jpg,12288,16320,Adaptive_Median,3,12,dynamic,16,omp,yes,unset,unset,hype2,12.2.0,-O3 -Wall -Wextra -std=c++17 -fopenmp -DOMP_EXPLICIT_SIMD=1,5163.487108,d0fdcd4b2e74abf3,passed
adaptive-simd_omp-t12-dynamicx16-r3-firework.jpg,2026-09-19T05:46:46Z,firework.jpg,11125,16688,Adaptive_Median,3,12,dynamic,16,omp,yes,unset,unset,hype2,12.2.0,-O3 -Wall -Wextra -std=c++17 -fopenmp -DOMP_EXPLICIT_SIMD=1,4993.666076,cae2b8384ddb6aac,passed
adaptive-simd_omp-t12-dynamicx16-r3-control_smooth_6000x6000.png,2026-09-19T05:46:47Z,control_smooth_6000x6000.png,6000,6000,Adaptive_Median,3,12,dynamic,16,omp,yes,unset,unset,hype2,12.2.0,-O3 -Wall -Wextra -std=c++17 -fopenmp -DOMP_EXPLICIT_SIMD=1,1344.123107,596e3c6929662ab9,passed
adaptive-simd_omp-t12-dynamicx16-r3-control_noise_6000x6000.png,2026-09-19T05:46:49Z,control_noise_6000x6000.png,6000,6000,Adaptive_Median,3,12,dynamic,16,omp,yes,unset,unset,hype2,12.2.0,-O3 -Wall -Wextra -std=c++17 -fopenmp -DOMP_EXPLICIT_SIMD=1,954.076995,fcb58a627e9d9740,passed
adaptive-simd_omp-t12-dynamicx16-r3-control_half_noise_6000x6000.png,2026-09-19T05:46:50Z,control_half_noise_6000x6000.png,6000,6000,Adaptive_Median,3,12,dynamic,16,omp,yes,unset,unset,hype2,12.2.0,-O3 -Wall -Wextra -std=c++17 -fopenmp -DOMP_EXPLICIT_SIMD=1,982.997749,9d92a48896bfc25a,passed
adaptive-simd_omp-t12-dynamicx16-r3-control_bands_256_6000x6000.png,2026-09-19T05:46:52Z,control_bands_256_6000x6000.png,6000,6000,Adaptive_Median,3,12,dynamic,16,omp,yes,unset,unset,hype2,12.2.0,-O3 -Wall -Wextra -std=c++17 -fopenmp -DOMP_EXPLICIT_SIMD=1,993.724263,8f9bc97f03d5aae1,passed
adaptive-simd_off-t12-static-r3-sky.jpg,2026-09-19T05:46:55Z,sky.jpg,6936,9248,Adaptive_Median,3,12,static,,off,yes,unset,unset,hype2,12.2.0,-O3 -Wall -Wextra -std=c++17 -fopenmp -DOMP_EXPLICIT_SIMD=0 -fno-tree-vectorize,1786.695054,1e7ae9152e9643d5,passed
adaptive-simd_off-t12-static-r3-stars.jpg,2026-09-19T05:47:00Z,stars.jpg,12960,8640,Adaptive_Median,3,12,static,,off,yes,unset,unset,hype2,12.2.0,-O3 -Wall -Wextra -std=c++17 -fopenmp -DOMP_EXPLICIT_SIMD=0 -fno-tree-vectorize,2850.960252,626f977055f1c658,passed
adaptive-simd_off-t12-static-r3-rain_paisage.jpg,2026-09-19T05:47:10Z,rain_paisage.jpg,12288,16320,Adaptive_Median,3,12,static,,off,yes,unset,unset,hype2,12.2.0,-O3 -Wall -Wextra -std=c++17 -fopenmp -DOMP_EXPLICIT_SIMD=0 -fno-tree-vectorize,6748.971400,d0fdcd4b2e74abf3,passed
adaptive-simd_off-t12-static-r3-firework.jpg,2026-09-19T05:47:19Z,firework.jpg,11125,16688,Adaptive_Median,3,12,static,,off,yes,unset,unset,hype2,12.2.0,-O3 -Wall -Wextra -std=c++17 -fopenmp -DOMP_EXPLICIT_SIMD=0 -fno-tree-vectorize,6230.036444,cae2b8384ddb6aac,passed
adaptive-simd_off-t12-static-r3-control_smooth_6000x6000.png,2026-09-19T05:47:21Z,control_smooth_6000x6000.png,6000,6000,Adaptive_Median,3,12,static,,off,yes,unset,unset,hype2,12.2.0,-O3 -Wall -Wextra -std=c++17 -fopenmp -DOMP_EXPLICIT_SIMD=0 -fno-tree-vectorize,1299.173553,596e3c6929662ab9,passed
adaptive-simd_off-t12-static-r3-control_noise_6000x6000.png,2026-09-19T05:47:22Z,control_noise_6000x6000.png,6000,6000,Adaptive_Median,3,12,static,,off,yes,unset,unset,hype2,12.2.0,-O3 -Wall -Wextra -std=c++17 -fopenmp -DOMP_EXPLICIT_SIMD=0 -fno-tree-vectorize,915.163300,fcb58a627e9d9740,passed
adaptive-simd_off-t12-static-r3-control_half_noise_6000x6000.png,2026-09-19T05:47:25Z,control_half_noise_6000x6000.png,6000,6000,Adaptive_Median,3,12,static,,off,yes,unset,unset,hype2,12.2.0,-O3 -Wall -Wextra -std=c++17 -fopenmp -DOMP_EXPLICIT_SIMD=0 -fno-tree-vectorize,1275.662613,9d92a48896bfc25a,passed
adaptive-simd_off-t12-static-r3-control_bands_256_6000x6000.png,2026-09-19T05:47:26Z,control_bands_256_6000x6000.png,6000,6000,Adaptive_Median,3,12,static,,off,yes,unset,unset,hype2,12.2.0,-O3 -Wall -Wextra -std=c++17 -fopenmp -DOMP_EXPLICIT_SIMD=0 -fno-tree-vectorize,953.512826,8f9bc97f03d5aae1,passed
adaptive-simd_omp-t12-static-r3-sky.jpg,2026-09-19T05:47:29Z,sky.jpg,6936,9248,Adaptive_Median,3,12,static,,omp,yes,unset,unset,hype2,12.2.0,-O3 -Wall -Wextra -std=c++17 -fopenmp -DOMP_EXPLICIT_SIMD=1,1819.852563,1e7ae9152e9643d5,passed
adaptive-simd_omp-t12-static-r3-stars.jpg,2026-09-19T05:47:34Z,stars.jpg,12960,8640,Adaptive_Median,3,12,static,,omp,yes,unset,unset,hype2,12.2.0,-O3 -Wall -Wextra -std=c++17 -fopenmp -DOMP_EXPLICIT_SIMD=1,2917.749705,626f977055f1c658,passed
adaptive-simd_omp-t12-static-r3-rain_paisage.jpg,2026-09-19T05:47:44Z,rain_paisage.jpg,12288,16320,Adaptive_Median,3,12,static,,omp,yes,unset,unset,hype2,12.2.0,-O3 -Wall -Wextra -std=c++17 -fopenmp -DOMP_EXPLICIT_SIMD=1,6871.195369,d0fdcd4b2e74abf3,passed
adaptive-simd_omp-t12-static-r3-firework.jpg,2026-09-19T05:47:54Z,firework.jpg,11125,16688,Adaptive_Median,3,12,static,,omp,yes,unset,unset,hype2,12.2.0,-O3 -Wall -Wextra -std=c++17 -fopenmp -DOMP_EXPLICIT_SIMD=1,6346.956184,cae2b8384ddb6aac,passed
adaptive-simd_omp-t12-static-r3-control_smooth_6000x6000.png,2026-09-19T05:47:55Z,control_smooth_6000x6000.png,6000,6000,Adaptive_Median,3,12,static,,omp,yes,unset,unset,hype2,12.2.0,-O3 -Wall -Wextra -std=c++17 -fopenmp -DOMP_EXPLICIT_SIMD=1,1321.586488,596e3c6929662ab9,passed
adaptive-simd_omp-t12-static-r3-control_noise_6000x6000.png,2026-09-19T05:47:57Z,control_noise_6000x6000.png,6000,6000,Adaptive_Median,3,12,static,,omp,yes,unset,unset,hype2,12.2.0,-O3 -Wall -Wextra -std=c++17 -fopenmp -DOMP_EXPLICIT_SIMD=1,934.747832,fcb58a627e9d9740,passed
adaptive-simd_omp-t12-static-r3-control_half_noise_6000x6000.png,2026-09-19T05:47:59Z,control_half_noise_6000x6000.png,6000,6000,Adaptive_Median,3,12,static,,omp,yes,unset,unset,hype2,12.2.0,-O3 -Wall -Wextra -std=c++17 -fopenmp -DOMP_EXPLICIT_SIMD=1,1273.523951,9d92a48896bfc25a,passed
adaptive-simd_omp-t12-static-r3-control_bands_256_6000x6000.png,2026-09-19T05:48:01Z,control_bands_256_6000x6000.png,6000,6000,Adaptive_Median,3,12,static,,omp,yes,unset,unset,hype2,12.2.0,-O3 -Wall -Wextra -std=c++17 -fopenmp -DOMP_EXPLICIT_SIMD=1,979.032602,8f9bc97f03d5aae1,passed
adaptive-simd_omp-t12-dynamicx16-r4-sky.jpg,2026-09-19T05:48:03Z,sky.jpg,6936,9248,Adaptive_Median,4,12,dynamic,16,omp,yes,unset,unset,hype2,12.2.0,-O3 -Wall -Wextra -std=c++17 -fopenmp -DOMP_EXPLICIT_SIMD=1,1741.841069,1e7ae9152e9643d5,passed
adaptive-simd_omp-t12-dynamicx16-r4-stars.jpg,2026-09-19T05:48:08Z,stars.jpg,12960,8640,Adaptive_Median,4,12,dynamic,16,omp,yes,unset,unset,hype2,12.2.0,-O3 -Wall -Wextra -std=c++17 -fopenmp -DOMP_EXPLICIT_SIMD=1,2729.339835,626f977055f1c658,passed
adaptive-simd_omp-t12-dynamicx16-r4-rain_paisage.jpg,2026-09-19T05:48:17Z,rain_paisage.jpg,12288,16320,Adaptive_Median,4,12,dynamic,16,omp,yes,unset,unset,hype2,12.2.0,-O3 -Wall -Wextra -std=c++17 -fopenmp -DOMP_EXPLICIT_SIMD=1,5162.865811,d0fdcd4b2e74abf3,passed
adaptive-simd_omp-t12-dynamicx16-r4-firework.jpg,2026-09-19T05:48:25Z,firework.jpg,11125,16688,Adaptive_Median,4,12,dynamic,16,omp,yes,unset,unset,hype2,12.2.0,-O3 -Wall -Wextra -std=c++17 -fopenmp -DOMP_EXPLICIT_SIMD=1,4990.788359,cae2b8384ddb6aac,passed
adaptive-simd_omp-t12-dynamicx16-r4-control_smooth_6000x6000.png,2026-09-19T05:48:26Z,control_smooth_6000x6000.png,6000,6000,Adaptive_Median,4,12,dynamic,16,omp,yes,unset,unset,hype2,12.2.0,-O3 -Wall -Wextra -std=c++17 -fopenmp -DOMP_EXPLICIT_SIMD=1,1344.291292,596e3c6929662ab9,passed
adaptive-simd_omp-t12-dynamicx16-r4-control_noise_6000x6000.png,2026-09-19T05:48:28Z,control_noise_6000x6000.png,6000,6000,Adaptive_Median,4,12,dynamic,16,omp,yes,unset,unset,hype2,12.2.0,-O3 -Wall -Wextra -std=c++17 -fopenmp -DOMP_EXPLICIT_SIMD=1,954.348329,fcb58a627e9d9740,passed
adaptive-simd_omp-t12-dynamicx16-r4-control_half_noise_6000x6000.png,2026-09-19T05:48:30Z,control_half_noise_6000x6000.png,6000,6000,Adaptive_Median,4,12,dynamic,16,omp,yes,unset,unset,hype2,12.2.0,-O3 -Wall -Wextra -std=c++17 -fopenmp -DOMP_EXPLICIT_SIMD=1,987.008360,9d92a48896bfc25a,passed
adaptive-simd_omp-t12-dynamicx16-r4-control_bands_256_6000x6000.png,2026-09-19T05:48:31Z,control_bands_256_6000x6000.png,6000,6000,Adaptive_Median,4,12,dynamic,16,omp,yes,unset,unset,hype2,12.2.0,-O3 -Wall -Wextra -std=c++17 -fopenmp -DOMP_EXPLICIT_SIMD=1,995.373118,8f9bc97f03d5aae1,passed
adaptive-simd_off-t12-static-r4-sky.jpg,2026-09-19T05:48:34Z,sky.jpg,6936,9248,Adaptive_Median,4,12,static,,off,yes,unset,unset,hype2,12.2.0,-O3 -Wall -Wextra -std=c++17 -fopenmp -DOMP_EXPLICIT_SIMD=0 -fno-tree-vectorize,1782.132836,1e7ae9152e9643d5,passed
adaptive-simd_off-t12-static-r4-stars.jpg,2026-09-19T05:48:39Z,stars.jpg,12960,8640,Adaptive_Median,4,12,static,,off,yes,unset,unset,hype2,12.2.0,-O3 -Wall -Wextra -std=c++17 -fopenmp -DOMP_EXPLICIT_SIMD=0 -fno-tree-vectorize,2847.251829,626f977055f1c658,passed
adaptive-simd_off-t12-static-r4-rain_paisage.jpg,2026-09-19T05:48:49Z,rain_paisage.jpg,12288,16320,Adaptive_Median,4,12,static,,off,yes,unset,unset,hype2,12.2.0,-O3 -Wall -Wextra -std=c++17 -fopenmp -DOMP_EXPLICIT_SIMD=0 -fno-tree-vectorize,6723.763462,d0fdcd4b2e74abf3,passed
adaptive-simd_off-t12-static-r4-firework.jpg,2026-09-19T05:48:58Z,firework.jpg,11125,16688,Adaptive_Median,4,12,static,,off,yes,unset,unset,hype2,12.2.0,-O3 -Wall -Wextra -std=c++17 -fopenmp -DOMP_EXPLICIT_SIMD=0 -fno-tree-vectorize,6241.771310,cae2b8384ddb6aac,passed
adaptive-simd_off-t12-static-r4-control_smooth_6000x6000.png,2026-09-19T05:49:00Z,control_smooth_6000x6000.png,6000,6000,Adaptive_Median,4,12,static,,off,yes,unset,unset,hype2,12.2.0,-O3 -Wall -Wextra -std=c++17 -fopenmp -DOMP_EXPLICIT_SIMD=0 -fno-tree-vectorize,1319.658019,596e3c6929662ab9,passed
adaptive-simd_off-t12-static-r4-control_noise_6000x6000.png,2026-09-19T05:49:02Z,control_noise_6000x6000.png,6000,6000,Adaptive_Median,4,12,static,,off,yes,unset,unset,hype2,12.2.0,-O3 -Wall -Wextra -std=c++17 -fopenmp -DOMP_EXPLICIT_SIMD=0 -fno-tree-vectorize,916.071892,fcb58a627e9d9740,passed
adaptive-simd_off-t12-static-r4-control_half_noise_6000x6000.png,2026-09-19T05:49:04Z,control_half_noise_6000x6000.png,6000,6000,Adaptive_Median,4,12,static,,off,yes,unset,unset,hype2,12.2.0,-O3 -Wall -Wextra -std=c++17 -fopenmp -DOMP_EXPLICIT_SIMD=0 -fno-tree-vectorize,1249.584332,9d92a48896bfc25a,passed
adaptive-simd_off-t12-static-r4-control_bands_256_6000x6000.png,2026-09-19T05:49:05Z,control_bands_256_6000x6000.png,6000,6000,Adaptive_Median,4,12,static,,off,yes,unset,unset,hype2,12.2.0,-O3 -Wall -Wextra -std=c++17 -fopenmp -DOMP_EXPLICIT_SIMD=0 -fno-tree-vectorize,959.313724,8f9bc97f03d5aae1,passed
adaptive-simd_omp-t12-static-r4-sky.jpg,2026-09-19T05:49:08Z,sky.jpg,6936,9248,Adaptive_Median,4,12,static,,omp,yes,unset,unset,hype2,12.2.0,-O3 -Wall -Wextra -std=c++17 -fopenmp -DOMP_EXPLICIT_SIMD=1,1822.279680,1e7ae9152e9643d5,passed
adaptive-simd_omp-t12-static-r4-stars.jpg,2026-09-19T05:49:13Z,stars.jpg,12960,8640,Adaptive_Median,4,12,static,,omp,yes,unset,unset,hype2,12.2.0,-O3 -Wall -Wextra -std=c++17 -fopenmp -DOMP_EXPLICIT_SIMD=1,2917.751537,626f977055f1c658,passed
adaptive-simd_omp-t12-static-r4-rain_paisage.jpg,2026-09-19T05:49:23Z,rain_paisage.jpg,12288,16320,Adaptive_Median,4,12,static,,omp,yes,unset,unset,hype2,12.2.0,-O3 -Wall -Wextra -std=c++17 -fopenmp -DOMP_EXPLICIT_SIMD=1,6866.706991,d0fdcd4b2e74abf3,passed
adaptive-simd_omp-t12-static-r4-firework.jpg,2026-09-19T05:49:33Z,firework.jpg,11125,16688,Adaptive_Median,4,12,static,,omp,yes,unset,unset,hype2,12.2.0,-O3 -Wall -Wextra -std=c++17 -fopenmp -DOMP_EXPLICIT_SIMD=1,6348.533159,cae2b8384ddb6aac,passed
adaptive-simd_omp-t12-static-r4-control_smooth_6000x6000.png,2026-09-19T05:49:34Z,control_smooth_6000x6000.png,6000,6000,Adaptive_Median,4,12,static,,omp,yes,unset,unset,hype2,12.2.0,-O3 -Wall -Wextra -std=c++17 -fopenmp -DOMP_EXPLICIT_SIMD=1,1346.894318,596e3c6929662ab9,passed
adaptive-simd_omp-t12-static-r4-control_noise_6000x6000.png,2026-09-19T05:49:36Z,control_noise_6000x6000.png,6000,6000,Adaptive_Median,4,12,static,,omp,yes,unset,unset,hype2,12.2.0,-O3 -Wall -Wextra -std=c++17 -fopenmp -DOMP_EXPLICIT_SIMD=1,934.269198,fcb58a627e9d9740,passed
adaptive-simd_omp-t12-static-r4-control_half_noise_6000x6000.png,2026-09-19T05:49:38Z,control_half_noise_6000x6000.png,6000,6000,Adaptive_Median,4,12,static,,omp,yes,unset,unset,hype2,12.2.0,-O3 -Wall -Wextra -std=c++17 -fopenmp -DOMP_EXPLICIT_SIMD=1,1275.483643,9d92a48896bfc25a,passed
adaptive-simd_omp-t12-static-r4-control_bands_256_6000x6000.png,2026-09-19T05:49:40Z,control_bands_256_6000x6000.png,6000,6000,Adaptive_Median,4,12,static,,omp,yes,unset,unset,hype2,12.2.0,-O3 -Wall -Wextra -std=c++17 -fopenmp -DOMP_EXPLICIT_SIMD=1,983.884381,8f9bc97f03d5aae1,passed
adaptive-simd_off-t12-dynamicx16-r4-sky.jpg,2026-09-19T05:49:42Z,sky.jpg,6936,9248,Adaptive_Median,4,12,dynamic,16,off,yes,unset,unset,hype2,12.2.0,-O3 -Wall -Wextra -std=c++17 -fopenmp -DOMP_EXPLICIT_SIMD=0 -fno-tree-vectorize,1698.764497,1e7ae9152e9643d5,passed
adaptive-simd_off-t12-dynamicx16-r4-stars.jpg,2026-09-19T05:49:47Z,stars.jpg,12960,8640,Adaptive_Median,4,12,dynamic,16,off,yes,unset,unset,hype2,12.2.0,-O3 -Wall -Wextra -std=c++17 -fopenmp -DOMP_EXPLICIT_SIMD=0 -fno-tree-vectorize,2658.519024,626f977055f1c658,passed
adaptive-simd_off-t12-dynamicx16-r4-rain_paisage.jpg,2026-09-19T05:49:56Z,rain_paisage.jpg,12288,16320,Adaptive_Median,4,12,dynamic,16,off,yes,unset,unset,hype2,12.2.0,-O3 -Wall -Wextra -std=c++17 -fopenmp -DOMP_EXPLICIT_SIMD=0 -fno-tree-vectorize,5058.568844,d0fdcd4b2e74abf3,passed
adaptive-simd_off-t12-dynamicx16-r4-firework.jpg,2026-09-19T05:50:03Z,firework.jpg,11125,16688,Adaptive_Median,4,12,dynamic,16,off,yes,unset,unset,hype2,12.2.0,-O3 -Wall -Wextra -std=c++17 -fopenmp -DOMP_EXPLICIT_SIMD=0 -fno-tree-vectorize,4898.865261,cae2b8384ddb6aac,passed
adaptive-simd_off-t12-dynamicx16-r4-control_smooth_6000x6000.png,2026-09-19T05:50:05Z,control_smooth_6000x6000.png,6000,6000,Adaptive_Median,4,12,dynamic,16,off,yes,unset,unset,hype2,12.2.0,-O3 -Wall -Wextra -std=c++17 -fopenmp -DOMP_EXPLICIT_SIMD=0 -fno-tree-vectorize,1317.254730,596e3c6929662ab9,passed
adaptive-simd_off-t12-dynamicx16-r4-control_noise_6000x6000.png,2026-09-19T05:50:07Z,control_noise_6000x6000.png,6000,6000,Adaptive_Median,4,12,dynamic,16,off,yes,unset,unset,hype2,12.2.0,-O3 -Wall -Wextra -std=c++17 -fopenmp -DOMP_EXPLICIT_SIMD=0 -fno-tree-vectorize,932.780970,fcb58a627e9d9740,passed
adaptive-simd_off-t12-dynamicx16-r4-control_half_noise_6000x6000.png,2026-09-19T05:50:08Z,control_half_noise_6000x6000.png,6000,6000,Adaptive_Median,4,12,dynamic,16,off,yes,unset,unset,hype2,12.2.0,-O3 -Wall -Wextra -std=c++17 -fopenmp -DOMP_EXPLICIT_SIMD=0 -fno-tree-vectorize,960.867566,9d92a48896bfc25a,passed
adaptive-simd_off-t12-dynamicx16-r4-control_bands_256_6000x6000.png,2026-09-19T05:50:10Z,control_bands_256_6000x6000.png,6000,6000,Adaptive_Median,4,12,dynamic,16,off,yes,unset,unset,hype2,12.2.0,-O3 -Wall -Wextra -std=c++17 -fopenmp -DOMP_EXPLICIT_SIMD=0 -fno-tree-vectorize,969.446947,8f9bc97f03d5aae1,passed
adaptive-simd_off-t12-static-r5-sky.jpg,2026-09-19T05:50:13Z,sky.jpg,6936,9248,Adaptive_Median,5,12,static,,off,yes,unset,unset,hype2,12.2.0,-O3 -Wall -Wextra -std=c++17 -fopenmp -DOMP_EXPLICIT_SIMD=0 -fno-tree-vectorize,1775.230691,1e7ae9152e9643d5,passed
adaptive-simd_off-t12-static-r5-stars.jpg,2026-09-19T05:50:18Z,stars.jpg,12960,8640,Adaptive_Median,5,12,static,,off,yes,unset,unset,hype2,12.2.0,-O3 -Wall -Wextra -std=c++17 -fopenmp -DOMP_EXPLICIT_SIMD=0 -fno-tree-vectorize,2846.850711,626f977055f1c658,passed
adaptive-simd_off-t12-static-r5-rain_paisage.jpg,2026-09-19T05:50:28Z,rain_paisage.jpg,12288,16320,Adaptive_Median,5,12,static,,off,yes,unset,unset,hype2,12.2.0,-O3 -Wall -Wextra -std=c++17 -fopenmp -DOMP_EXPLICIT_SIMD=0 -fno-tree-vectorize,6742.145577,d0fdcd4b2e74abf3,passed
adaptive-simd_off-t12-static-r5-firework.jpg,2026-09-19T05:50:37Z,firework.jpg,11125,16688,Adaptive_Median,5,12,static,,off,yes,unset,unset,hype2,12.2.0,-O3 -Wall -Wextra -std=c++17 -fopenmp -DOMP_EXPLICIT_SIMD=0 -fno-tree-vectorize,6229.080911,cae2b8384ddb6aac,passed
adaptive-simd_off-t12-static-r5-control_smooth_6000x6000.png,2026-09-19T05:50:39Z,control_smooth_6000x6000.png,6000,6000,Adaptive_Median,5,12,static,,off,yes,unset,unset,hype2,12.2.0,-O3 -Wall -Wextra -std=c++17 -fopenmp -DOMP_EXPLICIT_SIMD=0 -fno-tree-vectorize,1294.672087,596e3c6929662ab9,passed
adaptive-simd_off-t12-static-r5-control_noise_6000x6000.png,2026-09-19T05:50:40Z,control_noise_6000x6000.png,6000,6000,Adaptive_Median,5,12,static,,off,yes,unset,unset,hype2,12.2.0,-O3 -Wall -Wextra -std=c++17 -fopenmp -DOMP_EXPLICIT_SIMD=0 -fno-tree-vectorize,914.805976,fcb58a627e9d9740,passed
adaptive-simd_off-t12-static-r5-control_half_noise_6000x6000.png,2026-09-19T05:50:42Z,control_half_noise_6000x6000.png,6000,6000,Adaptive_Median,5,12,static,,off,yes,unset,unset,hype2,12.2.0,-O3 -Wall -Wextra -std=c++17 -fopenmp -DOMP_EXPLICIT_SIMD=0 -fno-tree-vectorize,1249.479404,9d92a48896bfc25a,passed
adaptive-simd_off-t12-static-r5-control_bands_256_6000x6000.png,2026-09-19T05:50:44Z,control_bands_256_6000x6000.png,6000,6000,Adaptive_Median,5,12,static,,off,yes,unset,unset,hype2,12.2.0,-O3 -Wall -Wextra -std=c++17 -fopenmp -DOMP_EXPLICIT_SIMD=0 -fno-tree-vectorize,963.046698,8f9bc97f03d5aae1,passed
adaptive-simd_omp-t12-static-r5-sky.jpg,2026-09-19T05:50:47Z,sky.jpg,6936,9248,Adaptive_Median,5,12,static,,omp,yes,unset,unset,hype2,12.2.0,-O3 -Wall -Wextra -std=c++17 -fopenmp -DOMP_EXPLICIT_SIMD=1,1818.029261,1e7ae9152e9643d5,passed
adaptive-simd_omp-t12-static-r5-stars.jpg,2026-09-19T05:50:52Z,stars.jpg,12960,8640,Adaptive_Median,5,12,static,,omp,yes,unset,unset,hype2,12.2.0,-O3 -Wall -Wextra -std=c++17 -fopenmp -DOMP_EXPLICIT_SIMD=1,2924.744533,626f977055f1c658,passed
adaptive-simd_omp-t12-static-r5-rain_paisage.jpg,2026-09-19T05:51:02Z,rain_paisage.jpg,12288,16320,Adaptive_Median,5,12,static,,omp,yes,unset,unset,hype2,12.2.0,-O3 -Wall -Wextra -std=c++17 -fopenmp -DOMP_EXPLICIT_SIMD=1,6820.833951,d0fdcd4b2e74abf3,passed
adaptive-simd_omp-t12-static-r5-firework.jpg,2026-09-19T05:51:11Z,firework.jpg,11125,16688,Adaptive_Median,5,12,static,,omp,yes,unset,unset,hype2,12.2.0,-O3 -Wall -Wextra -std=c++17 -fopenmp -DOMP_EXPLICIT_SIMD=1,6349.455618,cae2b8384ddb6aac,passed
adaptive-simd_omp-t12-static-r5-control_smooth_6000x6000.png,2026-09-19T05:51:13Z,control_smooth_6000x6000.png,6000,6000,Adaptive_Median,5,12,static,,omp,yes,unset,unset,hype2,12.2.0,-O3 -Wall -Wextra -std=c++17 -fopenmp -DOMP_EXPLICIT_SIMD=1,1320.523988,596e3c6929662ab9,passed
adaptive-simd_omp-t12-static-r5-control_noise_6000x6000.png,2026-09-19T05:51:15Z,control_noise_6000x6000.png,6000,6000,Adaptive_Median,5,12,static,,omp,yes,unset,unset,hype2,12.2.0,-O3 -Wall -Wextra -std=c++17 -fopenmp -DOMP_EXPLICIT_SIMD=1,969.637979,fcb58a627e9d9740,passed
adaptive-simd_omp-t12-static-r5-control_half_noise_6000x6000.png,2026-09-19T05:51:17Z,control_half_noise_6000x6000.png,6000,6000,Adaptive_Median,5,12,static,,omp,yes,unset,unset,hype2,12.2.0,-O3 -Wall -Wextra -std=c++17 -fopenmp -DOMP_EXPLICIT_SIMD=1,1272.408892,9d92a48896bfc25a,passed
adaptive-simd_omp-t12-static-r5-control_bands_256_6000x6000.png,2026-09-19T05:51:18Z,control_bands_256_6000x6000.png,6000,6000,Adaptive_Median,5,12,static,,omp,yes,unset,unset,hype2,12.2.0,-O3 -Wall -Wextra -std=c++17 -fopenmp -DOMP_EXPLICIT_SIMD=1,977.922592,8f9bc97f03d5aae1,passed
adaptive-simd_off-t12-dynamicx16-r5-sky.jpg,2026-09-19T05:51:21Z,sky.jpg,6936,9248,Adaptive_Median,5,12,dynamic,16,off,yes,unset,unset,hype2,12.2.0,-O3 -Wall -Wextra -std=c++17 -fopenmp -DOMP_EXPLICIT_SIMD=0 -fno-tree-vectorize,1699.977811,1e7ae9152e9643d5,passed
adaptive-simd_off-t12-dynamicx16-r5-stars.jpg,2026-09-19T05:51:26Z,stars.jpg,12960,8640,Adaptive_Median,5,12,dynamic,16,off,yes,unset,unset,hype2,12.2.0,-O3 -Wall -Wextra -std=c++17 -fopenmp -DOMP_EXPLICIT_SIMD=0 -fno-tree-vectorize,2673.292258,626f977055f1c658,passed
adaptive-simd_off-t12-dynamicx16-r5-rain_paisage.jpg,2026-09-19T05:51:34Z,rain_paisage.jpg,12288,16320,Adaptive_Median,5,12,dynamic,16,off,yes,unset,unset,hype2,12.2.0,-O3 -Wall -Wextra -std=c++17 -fopenmp -DOMP_EXPLICIT_SIMD=0 -fno-tree-vectorize,5066.141288,d0fdcd4b2e74abf3,passed
adaptive-simd_off-t12-dynamicx16-r5-firework.jpg,2026-09-19T05:51:42Z,firework.jpg,11125,16688,Adaptive_Median,5,12,dynamic,16,off,yes,unset,unset,hype2,12.2.0,-O3 -Wall -Wextra -std=c++17 -fopenmp -DOMP_EXPLICIT_SIMD=0 -fno-tree-vectorize,4889.282170,cae2b8384ddb6aac,passed
adaptive-simd_off-t12-dynamicx16-r5-control_smooth_6000x6000.png,2026-09-19T05:51:44Z,control_smooth_6000x6000.png,6000,6000,Adaptive_Median,5,12,dynamic,16,off,yes,unset,unset,hype2,12.2.0,-O3 -Wall -Wextra -std=c++17 -fopenmp -DOMP_EXPLICIT_SIMD=0 -fno-tree-vectorize,1316.666028,596e3c6929662ab9,passed
adaptive-simd_off-t12-dynamicx16-r5-control_noise_6000x6000.png,2026-09-19T05:51:45Z,control_noise_6000x6000.png,6000,6000,Adaptive_Median,5,12,dynamic,16,off,yes,unset,unset,hype2,12.2.0,-O3 -Wall -Wextra -std=c++17 -fopenmp -DOMP_EXPLICIT_SIMD=0 -fno-tree-vectorize,934.064468,fcb58a627e9d9740,passed
adaptive-simd_off-t12-dynamicx16-r5-control_half_noise_6000x6000.png,2026-09-19T05:51:47Z,control_half_noise_6000x6000.png,6000,6000,Adaptive_Median,5,12,dynamic,16,off,yes,unset,unset,hype2,12.2.0,-O3 -Wall -Wextra -std=c++17 -fopenmp -DOMP_EXPLICIT_SIMD=0 -fno-tree-vectorize,961.252574,9d92a48896bfc25a,passed
adaptive-simd_off-t12-dynamicx16-r5-control_bands_256_6000x6000.png,2026-09-19T05:51:49Z,control_bands_256_6000x6000.png,6000,6000,Adaptive_Median,5,12,dynamic,16,off,yes,unset,unset,hype2,12.2.0,-O3 -Wall -Wextra -std=c++17 -fopenmp -DOMP_EXPLICIT_SIMD=0 -fno-tree-vectorize,970.755044,8f9bc97f03d5aae1,passed
adaptive-simd_omp-t12-dynamicx16-r5-sky.jpg,2026-09-19T05:51:51Z,sky.jpg,6936,9248,Adaptive_Median,5,12,dynamic,16,omp,yes,unset,unset,hype2,12.2.0,-O3 -Wall -Wextra -std=c++17 -fopenmp -DOMP_EXPLICIT_SIMD=1,1741.912863,1e7ae9152e9643d5,passed
adaptive-simd_omp-t12-dynamicx16-r5-stars.jpg,2026-09-19T05:51:56Z,stars.jpg,12960,8640,Adaptive_Median,5,12,dynamic,16,omp,yes,unset,unset,hype2,12.2.0,-O3 -Wall -Wextra -std=c++17 -fopenmp -DOMP_EXPLICIT_SIMD=1,2731.767766,626f977055f1c658,passed
adaptive-simd_omp-t12-dynamicx16-r5-rain_paisage.jpg,2026-09-19T05:52:05Z,rain_paisage.jpg,12288,16320,Adaptive_Median,5,12,dynamic,16,omp,yes,unset,unset,hype2,12.2.0,-O3 -Wall -Wextra -std=c++17 -fopenmp -DOMP_EXPLICIT_SIMD=1,5188.532409,d0fdcd4b2e74abf3,passed
adaptive-simd_omp-t12-dynamicx16-r5-firework.jpg,2026-09-19T05:52:13Z,firework.jpg,11125,16688,Adaptive_Median,5,12,dynamic,16,omp,yes,unset,unset,hype2,12.2.0,-O3 -Wall -Wextra -std=c++17 -fopenmp -DOMP_EXPLICIT_SIMD=1,4992.419931,cae2b8384ddb6aac,passed
adaptive-simd_omp-t12-dynamicx16-r5-control_smooth_6000x6000.png,2026-09-19T05:52:14Z,control_smooth_6000x6000.png,6000,6000,Adaptive_Median,5,12,dynamic,16,omp,yes,unset,unset,hype2,12.2.0,-O3 -Wall -Wextra -std=c++17 -fopenmp -DOMP_EXPLICIT_SIMD=1,1343.660158,596e3c6929662ab9,passed
adaptive-simd_omp-t12-dynamicx16-r5-control_noise_6000x6000.png,2026-09-19T05:52:16Z,control_noise_6000x6000.png,6000,6000,Adaptive_Median,5,12,dynamic,16,omp,yes,unset,unset,hype2,12.2.0,-O3 -Wall -Wextra -std=c++17 -fopenmp -DOMP_EXPLICIT_SIMD=1,954.463295,fcb58a627e9d9740,passed
adaptive-simd_omp-t12-dynamicx16-r5-control_half_noise_6000x6000.png,2026-09-19T05:52:18Z,control_half_noise_6000x6000.png,6000,6000,Adaptive_Median,5,12,dynamic,16,omp,yes,unset,unset,hype2,12.2.0,-O3 -Wall -Wextra -std=c++17 -fopenmp -DOMP_EXPLICIT_SIMD=1,1004.736693,9d92a48896bfc25a,passed
adaptive-simd_omp-t12-dynamicx16-r5-control_bands_256_6000x6000.png,2026-09-19T05:52:19Z,control_bands_256_6000x6000.png,6000,6000,Adaptive_Median,5,12,dynamic,16,omp,yes,unset,unset,hype2,12.2.0,-O3 -Wall -Wextra -std=c++17 -fopenmp -DOMP_EXPLICIT_SIMD=1,998.263075,8f9bc97f03d5aae1,passed
adaptive-simd_off-t16-static-r1-sky.jpg,2026-09-19T05:54:12Z,sky.jpg,6936,9248,Adaptive_Median,1,16,static,,off,yes,unset,unset,hype2,12.2.0,-O3 -Wall -Wextra -std=c++17 -fopenmp -DOMP_EXPLICIT_SIMD=0 -fno-tree-vectorize,1356.211345,1e7ae9152e9643d5,passed
adaptive-simd_off-t16-static-r1-stars.jpg,2026-09-19T05:54:17Z,stars.jpg,12960,8640,Adaptive_Median,1,16,static,,off,yes,unset,unset,hype2,12.2.0,-O3 -Wall -Wextra -std=c++17 -fopenmp -DOMP_EXPLICIT_SIMD=0 -fno-tree-vectorize,2183.429771,626f977055f1c658,passed
adaptive-simd_off-t16-static-r1-rain_paisage.jpg,2026-09-19T05:54:25Z,rain_paisage.jpg,12288,16320,Adaptive_Median,1,16,static,,off,yes,unset,unset,hype2,12.2.0,-O3 -Wall -Wextra -std=c++17 -fopenmp -DOMP_EXPLICIT_SIMD=0 -fno-tree-vectorize,5226.237624,d0fdcd4b2e74abf3,passed
adaptive-simd_off-t16-static-r1-firework.jpg,2026-09-19T05:54:33Z,firework.jpg,11125,16688,Adaptive_Median,1,16,static,,off,yes,unset,unset,hype2,12.2.0,-O3 -Wall -Wextra -std=c++17 -fopenmp -DOMP_EXPLICIT_SIMD=0 -fno-tree-vectorize,4803.688058,cae2b8384ddb6aac,passed
adaptive-simd_off-t16-static-r1-control_smooth_6000x6000.png,2026-09-19T05:54:34Z,control_smooth_6000x6000.png,6000,6000,Adaptive_Median,1,16,static,,off,yes,unset,unset,hype2,12.2.0,-O3 -Wall -Wextra -std=c++17 -fopenmp -DOMP_EXPLICIT_SIMD=0 -fno-tree-vectorize,1032.219921,596e3c6929662ab9,passed
adaptive-simd_off-t16-static-r1-control_noise_6000x6000.png,2026-09-19T05:54:36Z,control_noise_6000x6000.png,6000,6000,Adaptive_Median,1,16,static,,off,yes,unset,unset,hype2,12.2.0,-O3 -Wall -Wextra -std=c++17 -fopenmp -DOMP_EXPLICIT_SIMD=0 -fno-tree-vectorize,696.220235,fcb58a627e9d9740,passed
adaptive-simd_off-t16-static-r1-control_half_noise_6000x6000.png,2026-09-19T05:54:37Z,control_half_noise_6000x6000.png,6000,6000,Adaptive_Median,1,16,static,,off,yes,unset,unset,hype2,12.2.0,-O3 -Wall -Wextra -std=c++17 -fopenmp -DOMP_EXPLICIT_SIMD=0 -fno-tree-vectorize,969.915235,9d92a48896bfc25a,passed
adaptive-simd_off-t16-static-r1-control_bands_256_6000x6000.png,2026-09-19T05:54:39Z,control_bands_256_6000x6000.png,6000,6000,Adaptive_Median,1,16,static,,off,yes,unset,unset,hype2,12.2.0,-O3 -Wall -Wextra -std=c++17 -fopenmp -DOMP_EXPLICIT_SIMD=0 -fno-tree-vectorize,819.114277,8f9bc97f03d5aae1,passed
adaptive-simd_omp-t16-static-r1-sky.jpg,2026-09-19T05:54:41Z,sky.jpg,6936,9248,Adaptive_Median,1,16,static,,omp,yes,unset,unset,hype2,12.2.0,-O3 -Wall -Wextra -std=c++17 -fopenmp -DOMP_EXPLICIT_SIMD=1,1388.229182,1e7ae9152e9643d5,passed
adaptive-simd_omp-t16-static-r1-stars.jpg,2026-09-19T05:54:46Z,stars.jpg,12960,8640,Adaptive_Median,1,16,static,,omp,yes,unset,unset,hype2,12.2.0,-O3 -Wall -Wextra -std=c++17 -fopenmp -DOMP_EXPLICIT_SIMD=1,2236.243045,626f977055f1c658,passed
adaptive-simd_omp-t16-static-r1-rain_paisage.jpg,2026-09-19T05:54:54Z,rain_paisage.jpg,12288,16320,Adaptive_Median,1,16,static,,omp,yes,unset,unset,hype2,12.2.0,-O3 -Wall -Wextra -std=c++17 -fopenmp -DOMP_EXPLICIT_SIMD=1,5343.337539,d0fdcd4b2e74abf3,passed
adaptive-simd_omp-t16-static-r1-firework.jpg,2026-09-19T05:55:02Z,firework.jpg,11125,16688,Adaptive_Median,1,16,static,,omp,yes,unset,unset,hype2,12.2.0,-O3 -Wall -Wextra -std=c++17 -fopenmp -DOMP_EXPLICIT_SIMD=1,4893.916410,cae2b8384ddb6aac,passed
adaptive-simd_omp-t16-static-r1-control_smooth_6000x6000.png,2026-09-19T05:55:04Z,control_smooth_6000x6000.png,6000,6000,Adaptive_Median,1,16,static,,omp,yes,unset,unset,hype2,12.2.0,-O3 -Wall -Wextra -std=c++17 -fopenmp -DOMP_EXPLICIT_SIMD=1,1011.489246,596e3c6929662ab9,passed
adaptive-simd_omp-t16-static-r1-control_noise_6000x6000.png,2026-09-19T05:55:05Z,control_noise_6000x6000.png,6000,6000,Adaptive_Median,1,16,static,,omp,yes,unset,unset,hype2,12.2.0,-O3 -Wall -Wextra -std=c++17 -fopenmp -DOMP_EXPLICIT_SIMD=1,711.774626,fcb58a627e9d9740,passed
adaptive-simd_omp-t16-static-r1-control_half_noise_6000x6000.png,2026-09-19T05:55:07Z,control_half_noise_6000x6000.png,6000,6000,Adaptive_Median,1,16,static,,omp,yes,unset,unset,hype2,12.2.0,-O3 -Wall -Wextra -std=c++17 -fopenmp -DOMP_EXPLICIT_SIMD=1,990.442599,9d92a48896bfc25a,passed
adaptive-simd_omp-t16-static-r1-control_bands_256_6000x6000.png,2026-09-19T05:55:08Z,control_bands_256_6000x6000.png,6000,6000,Adaptive_Median,1,16,static,,omp,yes,unset,unset,hype2,12.2.0,-O3 -Wall -Wextra -std=c++17 -fopenmp -DOMP_EXPLICIT_SIMD=1,838.119570,8f9bc97f03d5aae1,passed
adaptive-simd_off-t16-dynamicx16-r1-sky.jpg,2026-09-19T05:55:10Z,sky.jpg,6936,9248,Adaptive_Median,1,16,dynamic,16,off,yes,unset,unset,hype2,12.2.0,-O3 -Wall -Wextra -std=c++17 -fopenmp -DOMP_EXPLICIT_SIMD=0 -fno-tree-vectorize,1304.853778,1e7ae9152e9643d5,passed
adaptive-simd_off-t16-dynamicx16-r1-stars.jpg,2026-09-19T05:55:15Z,stars.jpg,12960,8640,Adaptive_Median,1,16,dynamic,16,off,yes,unset,unset,hype2,12.2.0,-O3 -Wall -Wextra -std=c++17 -fopenmp -DOMP_EXPLICIT_SIMD=0 -fno-tree-vectorize,2038.727582,626f977055f1c658,passed
adaptive-simd_off-t16-dynamicx16-r1-rain_paisage.jpg,2026-09-19T05:55:22Z,rain_paisage.jpg,12288,16320,Adaptive_Median,1,16,dynamic,16,off,yes,unset,unset,hype2,12.2.0,-O3 -Wall -Wextra -std=c++17 -fopenmp -DOMP_EXPLICIT_SIMD=0 -fno-tree-vectorize,3884.556209,d0fdcd4b2e74abf3,passed
adaptive-simd_off-t16-dynamicx16-r1-firework.jpg,2026-09-19T05:55:28Z,firework.jpg,11125,16688,Adaptive_Median,1,16,dynamic,16,off,yes,unset,unset,hype2,12.2.0,-O3 -Wall -Wextra -std=c++17 -fopenmp -DOMP_EXPLICIT_SIMD=0 -fno-tree-vectorize,3759.403283,cae2b8384ddb6aac,passed
adaptive-simd_off-t16-dynamicx16-r1-control_smooth_6000x6000.png,2026-09-19T05:55:30Z,control_smooth_6000x6000.png,6000,6000,Adaptive_Median,1,16,dynamic,16,off,yes,unset,unset,hype2,12.2.0,-O3 -Wall -Wextra -std=c++17 -fopenmp -DOMP_EXPLICIT_SIMD=0 -fno-tree-vectorize,1013.326245,596e3c6929662ab9,passed
adaptive-simd_off-t16-dynamicx16-r1-control_noise_6000x6000.png,2026-09-19T05:55:31Z,control_noise_6000x6000.png,6000,6000,Adaptive_Median,1,16,dynamic,16,off,yes,unset,unset,hype2,12.2.0,-O3 -Wall -Wextra -std=c++17 -fopenmp -DOMP_EXPLICIT_SIMD=0 -fno-tree-vectorize,711.437926,fcb58a627e9d9740,passed
adaptive-simd_off-t16-dynamicx16-r1-control_half_noise_6000x6000.png,2026-09-19T05:55:33Z,control_half_noise_6000x6000.png,6000,6000,Adaptive_Median,1,16,dynamic,16,off,yes,unset,unset,hype2,12.2.0,-O3 -Wall -Wextra -std=c++17 -fopenmp -DOMP_EXPLICIT_SIMD=0 -fno-tree-vectorize,735.171260,9d92a48896bfc25a,passed
adaptive-simd_off-t16-dynamicx16-r1-control_bands_256_6000x6000.png,2026-09-19T05:55:34Z,control_bands_256_6000x6000.png,6000,6000,Adaptive_Median,1,16,dynamic,16,off,yes,unset,unset,hype2,12.2.0,-O3 -Wall -Wextra -std=c++17 -fopenmp -DOMP_EXPLICIT_SIMD=0 -fno-tree-vectorize,744.761168,8f9bc97f03d5aae1,passed
adaptive-simd_omp-t16-dynamicx16-r1-sky.jpg,2026-09-19T05:55:37Z,sky.jpg,6936,9248,Adaptive_Median,1,16,dynamic,16,omp,yes,unset,unset,hype2,12.2.0,-O3 -Wall -Wextra -std=c++17 -fopenmp -DOMP_EXPLICIT_SIMD=1,1331.988964,1e7ae9152e9643d5,passed
adaptive-simd_omp-t16-dynamicx16-r1-stars.jpg,2026-09-19T05:55:41Z,stars.jpg,12960,8640,Adaptive_Median,1,16,dynamic,16,omp,yes,unset,unset,hype2,12.2.0,-O3 -Wall -Wextra -std=c++17 -fopenmp -DOMP_EXPLICIT_SIMD=1,2091.376891,626f977055f1c658,passed
adaptive-simd_omp-t16-dynamicx16-r1-rain_paisage.jpg,2026-09-19T05:55:48Z,rain_paisage.jpg,12288,16320,Adaptive_Median,1,16,dynamic,16,omp,yes,unset,unset,hype2,12.2.0,-O3 -Wall -Wextra -std=c++17 -fopenmp -DOMP_EXPLICIT_SIMD=1,3963.899880,d0fdcd4b2e74abf3,passed
adaptive-simd_omp-t16-dynamicx16-r1-firework.jpg,2026-09-19T05:55:55Z,firework.jpg,11125,16688,Adaptive_Median,1,16,dynamic,16,omp,yes,unset,unset,hype2,12.2.0,-O3 -Wall -Wextra -std=c++17 -fopenmp -DOMP_EXPLICIT_SIMD=1,3842.327331,cae2b8384ddb6aac,passed
adaptive-simd_omp-t16-dynamicx16-r1-control_smooth_6000x6000.png,2026-09-19T05:55:56Z,control_smooth_6000x6000.png,6000,6000,Adaptive_Median,1,16,dynamic,16,omp,yes,unset,unset,hype2,12.2.0,-O3 -Wall -Wextra -std=c++17 -fopenmp -DOMP_EXPLICIT_SIMD=1,1033.164025,596e3c6929662ab9,passed
adaptive-simd_omp-t16-dynamicx16-r1-control_noise_6000x6000.png,2026-09-19T05:55:58Z,control_noise_6000x6000.png,6000,6000,Adaptive_Median,1,16,dynamic,16,omp,yes,unset,unset,hype2,12.2.0,-O3 -Wall -Wextra -std=c++17 -fopenmp -DOMP_EXPLICIT_SIMD=1,727.820277,fcb58a627e9d9740,passed
adaptive-simd_omp-t16-dynamicx16-r1-control_half_noise_6000x6000.png,2026-09-19T05:55:59Z,control_half_noise_6000x6000.png,6000,6000,Adaptive_Median,1,16,dynamic,16,omp,yes,unset,unset,hype2,12.2.0,-O3 -Wall -Wextra -std=c++17 -fopenmp -DOMP_EXPLICIT_SIMD=1,760.692218,9d92a48896bfc25a,passed
adaptive-simd_omp-t16-dynamicx16-r1-control_bands_256_6000x6000.png,2026-09-19T05:56:01Z,control_bands_256_6000x6000.png,6000,6000,Adaptive_Median,1,16,dynamic,16,omp,yes,unset,unset,hype2,12.2.0,-O3 -Wall -Wextra -std=c++17 -fopenmp -DOMP_EXPLICIT_SIMD=1,761.397843,8f9bc97f03d5aae1,passed
adaptive-simd_omp-t16-static-r2-sky.jpg,2026-09-19T05:56:03Z,sky.jpg,6936,9248,Adaptive_Median,2,16,static,,omp,yes,unset,unset,hype2,12.2.0,-O3 -Wall -Wextra -std=c++17 -fopenmp -DOMP_EXPLICIT_SIMD=1,1387.048099,1e7ae9152e9643d5,passed
adaptive-simd_omp-t16-static-r2-stars.jpg,2026-09-19T05:56:07Z,stars.jpg,12960,8640,Adaptive_Median,2,16,static,,omp,yes,unset,unset,hype2,12.2.0,-O3 -Wall -Wextra -std=c++17 -fopenmp -DOMP_EXPLICIT_SIMD=1,2241.578901,626f977055f1c658,passed
adaptive-simd_omp-t16-static-r2-rain_paisage.jpg,2026-09-19T05:56:16Z,rain_paisage.jpg,12288,16320,Adaptive_Median,2,16,static,,omp,yes,unset,unset,hype2,12.2.0,-O3 -Wall -Wextra -std=c++17 -fopenmp -DOMP_EXPLICIT_SIMD=1,5326.673457,d0fdcd4b2e74abf3,passed
adaptive-simd_omp-t16-static-r2-firework.jpg,2026-09-19T05:56:24Z,firework.jpg,11125,16688,Adaptive_Median,2,16,static,,omp,yes,unset,unset,hype2,12.2.0,-O3 -Wall -Wextra -std=c++17 -fopenmp -DOMP_EXPLICIT_SIMD=1,4895.626920,cae2b8384ddb6aac,passed
adaptive-simd_omp-t16-static-r2-control_smooth_6000x6000.png,2026-09-19T05:56:25Z,control_smooth_6000x6000.png,6000,6000,Adaptive_Median,2,16,static,,omp,yes,unset,unset,hype2,12.2.0,-O3 -Wall -Wextra -std=c++17 -fopenmp -DOMP_EXPLICIT_SIMD=1,1017.572775,596e3c6929662ab9,passed
adaptive-simd_omp-t16-static-r2-control_noise_6000x6000.png,2026-09-19T05:56:26Z,control_noise_6000x6000.png,6000,6000,Adaptive_Median,2,16,static,,omp,yes,unset,unset,hype2,12.2.0,-O3 -Wall -Wextra -std=c++17 -fopenmp -DOMP_EXPLICIT_SIMD=1,711.804538,fcb58a627e9d9740,passed
adaptive-simd_omp-t16-static-r2-control_half_noise_6000x6000.png,2026-09-19T05:56:28Z,control_half_noise_6000x6000.png,6000,6000,Adaptive_Median,2,16,static,,omp,yes,unset,unset,hype2,12.2.0,-O3 -Wall -Wextra -std=c++17 -fopenmp -DOMP_EXPLICIT_SIMD=1,991.122655,9d92a48896bfc25a,passed
adaptive-simd_omp-t16-static-r2-control_bands_256_6000x6000.png,2026-09-19T05:56:30Z,control_bands_256_6000x6000.png,6000,6000,Adaptive_Median,2,16,static,,omp,yes,unset,unset,hype2,12.2.0,-O3 -Wall -Wextra -std=c++17 -fopenmp -DOMP_EXPLICIT_SIMD=1,873.812170,8f9bc97f03d5aae1,passed
adaptive-simd_off-t16-dynamicx16-r2-sky.jpg,2026-09-19T05:56:32Z,sky.jpg,6936,9248,Adaptive_Median,2,16,dynamic,16,off,yes,unset,unset,hype2,12.2.0,-O3 -Wall -Wextra -std=c++17 -fopenmp -DOMP_EXPLICIT_SIMD=0 -fno-tree-vectorize,1303.921152,1e7ae9152e9643d5,passed
adaptive-simd_off-t16-dynamicx16-r2-stars.jpg,2026-09-19T05:56:36Z,stars.jpg,12960,8640,Adaptive_Median,2,16,dynamic,16,off,yes,unset,unset,hype2,12.2.0,-O3 -Wall -Wextra -std=c++17 -fopenmp -DOMP_EXPLICIT_SIMD=0 -fno-tree-vectorize,2035.319246,626f977055f1c658,passed
adaptive-simd_off-t16-dynamicx16-r2-rain_paisage.jpg,2026-09-19T05:56:43Z,rain_paisage.jpg,12288,16320,Adaptive_Median,2,16,dynamic,16,off,yes,unset,unset,hype2,12.2.0,-O3 -Wall -Wextra -std=c++17 -fopenmp -DOMP_EXPLICIT_SIMD=0 -fno-tree-vectorize,3887.185118,d0fdcd4b2e74abf3,passed
adaptive-simd_off-t16-dynamicx16-r2-firework.jpg,2026-09-19T05:56:50Z,firework.jpg,11125,16688,Adaptive_Median,2,16,dynamic,16,off,yes,unset,unset,hype2,12.2.0,-O3 -Wall -Wextra -std=c++17 -fopenmp -DOMP_EXPLICIT_SIMD=0 -fno-tree-vectorize,3764.209049,cae2b8384ddb6aac,passed
adaptive-simd_off-t16-dynamicx16-r2-control_smooth_6000x6000.png,2026-09-19T05:56:52Z,control_smooth_6000x6000.png,6000,6000,Adaptive_Median,2,16,dynamic,16,off,yes,unset,unset,hype2,12.2.0,-O3 -Wall -Wextra -std=c++17 -fopenmp -DOMP_EXPLICIT_SIMD=0 -fno-tree-vectorize,1012.549203,596e3c6929662ab9,passed
adaptive-simd_off-t16-dynamicx16-r2-control_noise_6000x6000.png,2026-09-19T05:56:53Z,control_noise_6000x6000.png,6000,6000,Adaptive_Median,2,16,dynamic,16,off,yes,unset,unset,hype2,12.2.0,-O3 -Wall -Wextra -std=c++17 -fopenmp -DOMP_EXPLICIT_SIMD=0 -fno-tree-vectorize,711.435432,fcb58a627e9d9740,passed
adaptive-simd_off-t16-dynamicx16-r2-control_half_noise_6000x6000.png,2026-09-19T05:56:54Z,control_half_noise_6000x6000.png,6000,6000,Adaptive_Median,2,16,dynamic,16,off,yes,unset,unset,hype2,12.2.0,-O3 -Wall -Wextra -std=c++17 -fopenmp -DOMP_EXPLICIT_SIMD=0 -fno-tree-vectorize,742.239665,9d92a48896bfc25a,passed
adaptive-simd_off-t16-dynamicx16-r2-control_bands_256_6000x6000.png,2026-09-19T05:56:56Z,control_bands_256_6000x6000.png,6000,6000,Adaptive_Median,2,16,dynamic,16,off,yes,unset,unset,hype2,12.2.0,-O3 -Wall -Wextra -std=c++17 -fopenmp -DOMP_EXPLICIT_SIMD=0 -fno-tree-vectorize,742.514372,8f9bc97f03d5aae1,passed
adaptive-simd_omp-t16-dynamicx16-r2-sky.jpg,2026-09-19T05:56:58Z,sky.jpg,6936,9248,Adaptive_Median,2,16,dynamic,16,omp,yes,unset,unset,hype2,12.2.0,-O3 -Wall -Wextra -std=c++17 -fopenmp -DOMP_EXPLICIT_SIMD=1,1331.565209,1e7ae9152e9643d5,passed
adaptive-simd_omp-t16-dynamicx16-r2-stars.jpg,2026-09-19T05:57:03Z,stars.jpg,12960,8640,Adaptive_Median,2,16,dynamic,16,omp,yes,unset,unset,hype2,12.2.0,-O3 -Wall -Wextra -std=c++17 -fopenmp -DOMP_EXPLICIT_SIMD=1,2093.139910,626f977055f1c658,passed
adaptive-simd_omp-t16-dynamicx16-r2-rain_paisage.jpg,2026-09-19T05:57:10Z,rain_paisage.jpg,12288,16320,Adaptive_Median,2,16,dynamic,16,omp,yes,unset,unset,hype2,12.2.0,-O3 -Wall -Wextra -std=c++17 -fopenmp -DOMP_EXPLICIT_SIMD=1,3959.471576,d0fdcd4b2e74abf3,passed
adaptive-simd_omp-t16-dynamicx16-r2-firework.jpg,2026-09-19T05:57:16Z,firework.jpg,11125,16688,Adaptive_Median,2,16,dynamic,16,omp,yes,unset,unset,hype2,12.2.0,-O3 -Wall -Wextra -std=c++17 -fopenmp -DOMP_EXPLICIT_SIMD=1,3844.025301,cae2b8384ddb6aac,passed
adaptive-simd_omp-t16-dynamicx16-r2-control_smooth_6000x6000.png,2026-09-19T05:57:18Z,control_smooth_6000x6000.png,6000,6000,Adaptive_Median,2,16,dynamic,16,omp,yes,unset,unset,hype2,12.2.0,-O3 -Wall -Wextra -std=c++17 -fopenmp -DOMP_EXPLICIT_SIMD=1,1032.453726,596e3c6929662ab9,passed
adaptive-simd_omp-t16-dynamicx16-r2-control_noise_6000x6000.png,2026-09-19T05:57:19Z,control_noise_6000x6000.png,6000,6000,Adaptive_Median,2,16,dynamic,16,omp,yes,unset,unset,hype2,12.2.0,-O3 -Wall -Wextra -std=c++17 -fopenmp -DOMP_EXPLICIT_SIMD=1,728.190773,fcb58a627e9d9740,passed
adaptive-simd_omp-t16-dynamicx16-r2-control_half_noise_6000x6000.png,2026-09-19T05:57:21Z,control_half_noise_6000x6000.png,6000,6000,Adaptive_Median,2,16,dynamic,16,omp,yes,unset,unset,hype2,12.2.0,-O3 -Wall -Wextra -std=c++17 -fopenmp -DOMP_EXPLICIT_SIMD=1,755.290351,9d92a48896bfc25a,passed
adaptive-simd_omp-t16-dynamicx16-r2-control_bands_256_6000x6000.png,2026-09-19T05:57:22Z,control_bands_256_6000x6000.png,6000,6000,Adaptive_Median,2,16,dynamic,16,omp,yes,unset,unset,hype2,12.2.0,-O3 -Wall -Wextra -std=c++17 -fopenmp -DOMP_EXPLICIT_SIMD=1,762.437121,8f9bc97f03d5aae1,passed
adaptive-simd_off-t16-static-r2-sky.jpg,2026-09-19T05:57:25Z,sky.jpg,6936,9248,Adaptive_Median,2,16,static,,off,yes,unset,unset,hype2,12.2.0,-O3 -Wall -Wextra -std=c++17 -fopenmp -DOMP_EXPLICIT_SIMD=0 -fno-tree-vectorize,1356.609564,1e7ae9152e9643d5,passed
adaptive-simd_off-t16-static-r2-stars.jpg,2026-09-19T05:57:29Z,stars.jpg,12960,8640,Adaptive_Median,2,16,static,,off,yes,unset,unset,hype2,12.2.0,-O3 -Wall -Wextra -std=c++17 -fopenmp -DOMP_EXPLICIT_SIMD=0 -fno-tree-vectorize,2177.644586,626f977055f1c658,passed
adaptive-simd_off-t16-static-r2-rain_paisage.jpg,2026-09-19T05:57:37Z,rain_paisage.jpg,12288,16320,Adaptive_Median,2,16,static,,off,yes,unset,unset,hype2,12.2.0,-O3 -Wall -Wextra -std=c++17 -fopenmp -DOMP_EXPLICIT_SIMD=0 -fno-tree-vectorize,5205.248353,d0fdcd4b2e74abf3,passed
adaptive-simd_off-t16-static-r2-firework.jpg,2026-09-19T05:57:45Z,firework.jpg,11125,16688,Adaptive_Median,2,16,static,,off,yes,unset,unset,hype2,12.2.0,-O3 -Wall -Wextra -std=c++17 -fopenmp -DOMP_EXPLICIT_SIMD=0 -fno-tree-vectorize,4801.123814,cae2b8384ddb6aac,passed
adaptive-simd_off-t16-static-r2-control_smooth_6000x6000.png,2026-09-19T05:57:46Z,control_smooth_6000x6000.png,6000,6000,Adaptive_Median,2,16,static,,off,yes,unset,unset,hype2,12.2.0,-O3 -Wall -Wextra -std=c++17 -fopenmp -DOMP_EXPLICIT_SIMD=0 -fno-tree-vectorize,993.815789,596e3c6929662ab9,passed
adaptive-simd_off-t16-static-r2-control_noise_6000x6000.png,2026-09-19T05:57:48Z,control_noise_6000x6000.png,6000,6000,Adaptive_Median,2,16,static,,off,yes,unset,unset,hype2,12.2.0,-O3 -Wall -Wextra -std=c++17 -fopenmp -DOMP_EXPLICIT_SIMD=0 -fno-tree-vectorize,695.947735,fcb58a627e9d9740,passed
adaptive-simd_off-t16-static-r2-control_half_noise_6000x6000.png,2026-09-19T05:57:50Z,control_half_noise_6000x6000.png,6000,6000,Adaptive_Median,2,16,static,,off,yes,unset,unset,hype2,12.2.0,-O3 -Wall -Wextra -std=c++17 -fopenmp -DOMP_EXPLICIT_SIMD=0 -fno-tree-vectorize,970.411402,9d92a48896bfc25a,passed
adaptive-simd_off-t16-static-r2-control_bands_256_6000x6000.png,2026-09-19T05:57:51Z,control_bands_256_6000x6000.png,6000,6000,Adaptive_Median,2,16,static,,off,yes,unset,unset,hype2,12.2.0,-O3 -Wall -Wextra -std=c++17 -fopenmp -DOMP_EXPLICIT_SIMD=0 -fno-tree-vectorize,818.435583,8f9bc97f03d5aae1,passed
adaptive-simd_off-t16-dynamicx16-r3-sky.jpg,2026-09-19T05:57:53Z,sky.jpg,6936,9248,Adaptive_Median,3,16,dynamic,16,off,yes,unset,unset,hype2,12.2.0,-O3 -Wall -Wextra -std=c++17 -fopenmp -DOMP_EXPLICIT_SIMD=0 -fno-tree-vectorize,1300.630613,1e7ae9152e9643d5,passed
adaptive-simd_off-t16-dynamicx16-r3-stars.jpg,2026-09-19T05:57:58Z,stars.jpg,12960,8640,Adaptive_Median,3,16,dynamic,16,off,yes,unset,unset,hype2,12.2.0,-O3 -Wall -Wextra -std=c++17 -fopenmp -DOMP_EXPLICIT_SIMD=0 -fno-tree-vectorize,2036.580079,626f977055f1c658,passed
adaptive-simd_off-t16-dynamicx16-r3-rain_paisage.jpg,2026-09-19T05:58:05Z,rain_paisage.jpg,12288,16320,Adaptive_Median,3,16,dynamic,16,off,yes,unset,unset,hype2,12.2.0,-O3 -Wall -Wextra -std=c++17 -fopenmp -DOMP_EXPLICIT_SIMD=0 -fno-tree-vectorize,3880.088245,d0fdcd4b2e74abf3,passed
adaptive-simd_off-t16-dynamicx16-r3-firework.jpg,2026-09-19T05:58:11Z,firework.jpg,11125,16688,Adaptive_Median,3,16,dynamic,16,off,yes,unset,unset,hype2,12.2.0,-O3 -Wall -Wextra -std=c++17 -fopenmp -DOMP_EXPLICIT_SIMD=0 -fno-tree-vectorize,3764.718717,cae2b8384ddb6aac,passed
adaptive-simd_off-t16-dynamicx16-r3-control_smooth_6000x6000.png,2026-09-19T05:58:13Z,control_smooth_6000x6000.png,6000,6000,Adaptive_Median,3,16,dynamic,16,off,yes,unset,unset,hype2,12.2.0,-O3 -Wall -Wextra -std=c++17 -fopenmp -DOMP_EXPLICIT_SIMD=0 -fno-tree-vectorize,1013.228717,596e3c6929662ab9,passed
adaptive-simd_off-t16-dynamicx16-r3-control_noise_6000x6000.png,2026-09-19T05:58:14Z,control_noise_6000x6000.png,6000,6000,Adaptive_Median,3,16,dynamic,16,off,yes,unset,unset,hype2,12.2.0,-O3 -Wall -Wextra -std=c++17 -fopenmp -DOMP_EXPLICIT_SIMD=0 -fno-tree-vectorize,710.989634,fcb58a627e9d9740,passed
adaptive-simd_off-t16-dynamicx16-r3-control_half_noise_6000x6000.png,2026-09-19T05:58:16Z,control_half_noise_6000x6000.png,6000,6000,Adaptive_Median,3,16,dynamic,16,off,yes,unset,unset,hype2,12.2.0,-O3 -Wall -Wextra -std=c++17 -fopenmp -DOMP_EXPLICIT_SIMD=0 -fno-tree-vectorize,736.013027,9d92a48896bfc25a,passed
adaptive-simd_off-t16-dynamicx16-r3-control_bands_256_6000x6000.png,2026-09-19T05:58:17Z,control_bands_256_6000x6000.png,6000,6000,Adaptive_Median,3,16,dynamic,16,off,yes,unset,unset,hype2,12.2.0,-O3 -Wall -Wextra -std=c++17 -fopenmp -DOMP_EXPLICIT_SIMD=0 -fno-tree-vectorize,741.867650,8f9bc97f03d5aae1,passed
adaptive-simd_omp-t16-dynamicx16-r3-sky.jpg,2026-09-19T05:58:20Z,sky.jpg,6936,9248,Adaptive_Median,3,16,dynamic,16,omp,yes,unset,unset,hype2,12.2.0,-O3 -Wall -Wextra -std=c++17 -fopenmp -DOMP_EXPLICIT_SIMD=1,1336.845097,1e7ae9152e9643d5,passed
adaptive-simd_omp-t16-dynamicx16-r3-stars.jpg,2026-09-19T05:58:24Z,stars.jpg,12960,8640,Adaptive_Median,3,16,dynamic,16,omp,yes,unset,unset,hype2,12.2.0,-O3 -Wall -Wextra -std=c++17 -fopenmp -DOMP_EXPLICIT_SIMD=1,2089.748953,626f977055f1c658,passed
adaptive-simd_omp-t16-dynamicx16-r3-rain_paisage.jpg,2026-09-19T05:58:31Z,rain_paisage.jpg,12288,16320,Adaptive_Median,3,16,dynamic,16,omp,yes,unset,unset,hype2,12.2.0,-O3 -Wall -Wextra -std=c++17 -fopenmp -DOMP_EXPLICIT_SIMD=1,3957.717419,d0fdcd4b2e74abf3,passed
adaptive-simd_omp-t16-dynamicx16-r3-firework.jpg,2026-09-19T05:58:38Z,firework.jpg,11125,16688,Adaptive_Median,3,16,dynamic,16,omp,yes,unset,unset,hype2,12.2.0,-O3 -Wall -Wextra -std=c++17 -fopenmp -DOMP_EXPLICIT_SIMD=1,3840.946795,cae2b8384ddb6aac,passed
adaptive-simd_omp-t16-dynamicx16-r3-control_smooth_6000x6000.png,2026-09-19T05:58:39Z,control_smooth_6000x6000.png,6000,6000,Adaptive_Median,3,16,dynamic,16,omp,yes,unset,unset,hype2,12.2.0,-O3 -Wall -Wextra -std=c++17 -fopenmp -DOMP_EXPLICIT_SIMD=1,1032.048401,596e3c6929662ab9,passed
adaptive-simd_omp-t16-dynamicx16-r3-control_noise_6000x6000.png,2026-09-19T05:58:40Z,control_noise_6000x6000.png,6000,6000,Adaptive_Median,3,16,dynamic,16,omp,yes,unset,unset,hype2,12.2.0,-O3 -Wall -Wextra -std=c++17 -fopenmp -DOMP_EXPLICIT_SIMD=1,727.984764,fcb58a627e9d9740,passed
adaptive-simd_omp-t16-dynamicx16-r3-control_half_noise_6000x6000.png,2026-09-19T05:58:42Z,control_half_noise_6000x6000.png,6000,6000,Adaptive_Median,3,16,dynamic,16,omp,yes,unset,unset,hype2,12.2.0,-O3 -Wall -Wextra -std=c++17 -fopenmp -DOMP_EXPLICIT_SIMD=1,755.395506,9d92a48896bfc25a,passed
adaptive-simd_omp-t16-dynamicx16-r3-control_bands_256_6000x6000.png,2026-09-19T05:58:43Z,control_bands_256_6000x6000.png,6000,6000,Adaptive_Median,3,16,dynamic,16,omp,yes,unset,unset,hype2,12.2.0,-O3 -Wall -Wextra -std=c++17 -fopenmp -DOMP_EXPLICIT_SIMD=1,761.437394,8f9bc97f03d5aae1,passed
adaptive-simd_off-t16-static-r3-sky.jpg,2026-09-19T05:58:46Z,sky.jpg,6936,9248,Adaptive_Median,3,16,static,,off,yes,unset,unset,hype2,12.2.0,-O3 -Wall -Wextra -std=c++17 -fopenmp -DOMP_EXPLICIT_SIMD=0 -fno-tree-vectorize,1358.723984,1e7ae9152e9643d5,passed
adaptive-simd_off-t16-static-r3-stars.jpg,2026-09-19T05:58:50Z,stars.jpg,12960,8640,Adaptive_Median,3,16,static,,off,yes,unset,unset,hype2,12.2.0,-O3 -Wall -Wextra -std=c++17 -fopenmp -DOMP_EXPLICIT_SIMD=0 -fno-tree-vectorize,2180.429974,626f977055f1c658,passed
adaptive-simd_off-t16-static-r3-rain_paisage.jpg,2026-09-19T05:58:59Z,rain_paisage.jpg,12288,16320,Adaptive_Median,3,16,static,,off,yes,unset,unset,hype2,12.2.0,-O3 -Wall -Wextra -std=c++17 -fopenmp -DOMP_EXPLICIT_SIMD=0 -fno-tree-vectorize,5237.343692,d0fdcd4b2e74abf3,passed
adaptive-simd_off-t16-static-r3-firework.jpg,2026-09-19T05:59:06Z,firework.jpg,11125,16688,Adaptive_Median,3,16,static,,off,yes,unset,unset,hype2,12.2.0,-O3 -Wall -Wextra -std=c++17 -fopenmp -DOMP_EXPLICIT_SIMD=0 -fno-tree-vectorize,4803.406651,cae2b8384ddb6aac,passed
adaptive-simd_off-t16-static-r3-control_smooth_6000x6000.png,2026-09-19T05:59:08Z,control_smooth_6000x6000.png,6000,6000,Adaptive_Median,3,16,static,,off,yes,unset,unset,hype2,12.2.0,-O3 -Wall -Wextra -std=c++17 -fopenmp -DOMP_EXPLICIT_SIMD=0 -fno-tree-vectorize,994.370439,596e3c6929662ab9,passed
adaptive-simd_off-t16-static-r3-control_noise_6000x6000.png,2026-09-19T05:59:09Z,control_noise_6000x6000.png,6000,6000,Adaptive_Median,3,16,static,,off,yes,unset,unset,hype2,12.2.0,-O3 -Wall -Wextra -std=c++17 -fopenmp -DOMP_EXPLICIT_SIMD=0 -fno-tree-vectorize,708.385070,fcb58a627e9d9740,passed
adaptive-simd_off-t16-static-r3-control_half_noise_6000x6000.png,2026-09-19T05:59:11Z,control_half_noise_6000x6000.png,6000,6000,Adaptive_Median,3,16,static,,off,yes,unset,unset,hype2,12.2.0,-O3 -Wall -Wextra -std=c++17 -fopenmp -DOMP_EXPLICIT_SIMD=0 -fno-tree-vectorize,969.954110,9d92a48896bfc25a,passed
adaptive-simd_off-t16-static-r3-control_bands_256_6000x6000.png,2026-09-19T05:59:12Z,control_bands_256_6000x6000.png,6000,6000,Adaptive_Median,3,16,static,,off,yes,unset,unset,hype2,12.2.0,-O3 -Wall -Wextra -std=c++17 -fopenmp -DOMP_EXPLICIT_SIMD=0 -fno-tree-vectorize,817.456619,8f9bc97f03d5aae1,passed
adaptive-simd_omp-t16-static-r3-sky.jpg,2026-09-19T05:59:15Z,sky.jpg,6936,9248,Adaptive_Median,3,16,static,,omp,yes,unset,unset,hype2,12.2.0,-O3 -Wall -Wextra -std=c++17 -fopenmp -DOMP_EXPLICIT_SIMD=1,1394.096429,1e7ae9152e9643d5,passed
adaptive-simd_omp-t16-static-r3-stars.jpg,2026-09-19T05:59:19Z,stars.jpg,12960,8640,Adaptive_Median,3,16,static,,omp,yes,unset,unset,hype2,12.2.0,-O3 -Wall -Wextra -std=c++17 -fopenmp -DOMP_EXPLICIT_SIMD=1,2239.363256,626f977055f1c658,passed
adaptive-simd_omp-t16-static-r3-rain_paisage.jpg,2026-09-19T05:59:28Z,rain_paisage.jpg,12288,16320,Adaptive_Median,3,16,static,,omp,yes,unset,unset,hype2,12.2.0,-O3 -Wall -Wextra -std=c++17 -fopenmp -DOMP_EXPLICIT_SIMD=1,5310.224648,d0fdcd4b2e74abf3,passed
adaptive-simd_omp-t16-static-r3-firework.jpg,2026-09-19T05:59:36Z,firework.jpg,11125,16688,Adaptive_Median,3,16,static,,omp,yes,unset,unset,hype2,12.2.0,-O3 -Wall -Wextra -std=c++17 -fopenmp -DOMP_EXPLICIT_SIMD=1,4891.674134,cae2b8384ddb6aac,passed
adaptive-simd_omp-t16-static-r3-control_smooth_6000x6000.png,2026-09-19T05:59:37Z,control_smooth_6000x6000.png,6000,6000,Adaptive_Median,3,16,static,,omp,yes,unset,unset,hype2,12.2.0,-O3 -Wall -Wextra -std=c++17 -fopenmp -DOMP_EXPLICIT_SIMD=1,1012.835257,596e3c6929662ab9,passed
adaptive-simd_omp-t16-static-r3-control_noise_6000x6000.png,2026-09-19T05:59:38Z,control_noise_6000x6000.png,6000,6000,Adaptive_Median,3,16,static,,omp,yes,unset,unset,hype2,12.2.0,-O3 -Wall -Wextra -std=c++17 -fopenmp -DOMP_EXPLICIT_SIMD=1,711.028030,fcb58a627e9d9740,passed
adaptive-simd_omp-t16-static-r3-control_half_noise_6000x6000.png,2026-09-19T05:59:40Z,control_half_noise_6000x6000.png,6000,6000,Adaptive_Median,3,16,static,,omp,yes,unset,unset,hype2,12.2.0,-O3 -Wall -Wextra -std=c++17 -fopenmp -DOMP_EXPLICIT_SIMD=1,993.398018,9d92a48896bfc25a,passed
adaptive-simd_omp-t16-static-r3-control_bands_256_6000x6000.png,2026-09-19T05:59:42Z,control_bands_256_6000x6000.png,6000,6000,Adaptive_Median,3,16,static,,omp,yes,unset,unset,hype2,12.2.0,-O3 -Wall -Wextra -std=c++17 -fopenmp -DOMP_EXPLICIT_SIMD=1,836.685778,8f9bc97f03d5aae1,passed
adaptive-simd_omp-t16-dynamicx16-r4-sky.jpg,2026-09-19T05:59:44Z,sky.jpg,6936,9248,Adaptive_Median,4,16,dynamic,16,omp,yes,unset,unset,hype2,12.2.0,-O3 -Wall -Wextra -std=c++17 -fopenmp -DOMP_EXPLICIT_SIMD=1,1332.992381,1e7ae9152e9643d5,passed
adaptive-simd_omp-t16-dynamicx16-r4-stars.jpg,2026-09-19T05:59:48Z,stars.jpg,12960,8640,Adaptive_Median,4,16,dynamic,16,omp,yes,unset,unset,hype2,12.2.0,-O3 -Wall -Wextra -std=c++17 -fopenmp -DOMP_EXPLICIT_SIMD=1,2090.165126,626f977055f1c658,passed
adaptive-simd_omp-t16-dynamicx16-r4-rain_paisage.jpg,2026-09-19T05:59:55Z,rain_paisage.jpg,12288,16320,Adaptive_Median,4,16,dynamic,16,omp,yes,unset,unset,hype2,12.2.0,-O3 -Wall -Wextra -std=c++17 -fopenmp -DOMP_EXPLICIT_SIMD=1,3961.208142,d0fdcd4b2e74abf3,passed
adaptive-simd_omp-t16-dynamicx16-r4-firework.jpg,2026-09-19T06:00:02Z,firework.jpg,11125,16688,Adaptive_Median,4,16,dynamic,16,omp,yes,unset,unset,hype2,12.2.0,-O3 -Wall -Wextra -std=c++17 -fopenmp -DOMP_EXPLICIT_SIMD=1,3847.261981,cae2b8384ddb6aac,passed
adaptive-simd_omp-t16-dynamicx16-r4-control_smooth_6000x6000.png,2026-09-19T06:00:04Z,control_smooth_6000x6000.png,6000,6000,Adaptive_Median,4,16,dynamic,16,omp,yes,unset,unset,hype2,12.2.0,-O3 -Wall -Wextra -std=c++17 -fopenmp -DOMP_EXPLICIT_SIMD=1,1033.144076,596e3c6929662ab9,passed
adaptive-simd_omp-t16-dynamicx16-r4-control_noise_6000x6000.png,2026-09-19T06:00:05Z,control_noise_6000x6000.png,6000,6000,Adaptive_Median,4,16,dynamic,16,omp,yes,unset,unset,hype2,12.2.0,-O3 -Wall -Wextra -std=c++17 -fopenmp -DOMP_EXPLICIT_SIMD=1,726.616144,fcb58a627e9d9740,passed
adaptive-simd_omp-t16-dynamicx16-r4-control_half_noise_6000x6000.png,2026-09-19T06:00:06Z,control_half_noise_6000x6000.png,6000,6000,Adaptive_Median,4,16,dynamic,16,omp,yes,unset,unset,hype2,12.2.0,-O3 -Wall -Wextra -std=c++17 -fopenmp -DOMP_EXPLICIT_SIMD=1,754.937708,9d92a48896bfc25a,passed
adaptive-simd_omp-t16-dynamicx16-r4-control_bands_256_6000x6000.png,2026-09-19T06:00:08Z,control_bands_256_6000x6000.png,6000,6000,Adaptive_Median,4,16,dynamic,16,omp,yes,unset,unset,hype2,12.2.0,-O3 -Wall -Wextra -std=c++17 -fopenmp -DOMP_EXPLICIT_SIMD=1,761.232685,8f9bc97f03d5aae1,passed
adaptive-simd_off-t16-static-r4-sky.jpg,2026-09-19T06:00:10Z,sky.jpg,6936,9248,Adaptive_Median,4,16,static,,off,yes,unset,unset,hype2,12.2.0,-O3 -Wall -Wextra -std=c++17 -fopenmp -DOMP_EXPLICIT_SIMD=0 -fno-tree-vectorize,1365.566349,1e7ae9152e9643d5,passed
adaptive-simd_off-t16-static-r4-stars.jpg,2026-09-19T06:00:15Z,stars.jpg,12960,8640,Adaptive_Median,4,16,static,,off,yes,unset,unset,hype2,12.2.0,-O3 -Wall -Wextra -std=c++17 -fopenmp -DOMP_EXPLICIT_SIMD=0 -fno-tree-vectorize,2182.787087,626f977055f1c658,passed
adaptive-simd_off-t16-static-r4-rain_paisage.jpg,2026-09-19T06:00:23Z,rain_paisage.jpg,12288,16320,Adaptive_Median,4,16,static,,off,yes,unset,unset,hype2,12.2.0,-O3 -Wall -Wextra -std=c++17 -fopenmp -DOMP_EXPLICIT_SIMD=0 -fno-tree-vectorize,5223.944191,d0fdcd4b2e74abf3,passed
adaptive-simd_off-t16-static-r4-firework.jpg,2026-09-19T06:00:31Z,firework.jpg,11125,16688,Adaptive_Median,4,16,static,,off,yes,unset,unset,hype2,12.2.0,-O3 -Wall -Wextra -std=c++17 -fopenmp -DOMP_EXPLICIT_SIMD=0 -fno-tree-vectorize,4801.411785,cae2b8384ddb6aac,passed
adaptive-simd_off-t16-static-r4-control_smooth_6000x6000.png,2026-09-19T06:00:32Z,control_smooth_6000x6000.png,6000,6000,Adaptive_Median,4,16,static,,off,yes,unset,unset,hype2,12.2.0,-O3 -Wall -Wextra -std=c++17 -fopenmp -DOMP_EXPLICIT_SIMD=0 -fno-tree-vectorize,993.546999,596e3c6929662ab9,passed
adaptive-simd_off-t16-static-r4-control_noise_6000x6000.png,2026-09-19T06:00:34Z,control_noise_6000x6000.png,6000,6000,Adaptive_Median,4,16,static,,off,yes,unset,unset,hype2,12.2.0,-O3 -Wall -Wextra -std=c++17 -fopenmp -DOMP_EXPLICIT_SIMD=0 -fno-tree-vectorize,725.831249,fcb58a627e9d9740,passed
adaptive-simd_off-t16-static-r4-control_half_noise_6000x6000.png,2026-09-19T06:00:35Z,control_half_noise_6000x6000.png,6000,6000,Adaptive_Median,4,16,static,,off,yes,unset,unset,hype2,12.2.0,-O3 -Wall -Wextra -std=c++17 -fopenmp -DOMP_EXPLICIT_SIMD=0 -fno-tree-vectorize,973.030181,9d92a48896bfc25a,passed
adaptive-simd_off-t16-static-r4-control_bands_256_6000x6000.png,2026-09-19T06:00:37Z,control_bands_256_6000x6000.png,6000,6000,Adaptive_Median,4,16,static,,off,yes,unset,unset,hype2,12.2.0,-O3 -Wall -Wextra -std=c++17 -fopenmp -DOMP_EXPLICIT_SIMD=0 -fno-tree-vectorize,818.737735,8f9bc97f03d5aae1,passed
adaptive-simd_omp-t16-static-r4-sky.jpg,2026-09-19T06:00:39Z,sky.jpg,6936,9248,Adaptive_Median,4,16,static,,omp,yes,unset,unset,hype2,12.2.0,-O3 -Wall -Wextra -std=c++17 -fopenmp -DOMP_EXPLICIT_SIMD=1,1404.656944,1e7ae9152e9643d5,passed
adaptive-simd_omp-t16-static-r4-stars.jpg,2026-09-19T06:00:44Z,stars.jpg,12960,8640,Adaptive_Median,4,16,static,,omp,yes,unset,unset,hype2,12.2.0,-O3 -Wall -Wextra -std=c++17 -fopenmp -DOMP_EXPLICIT_SIMD=1,2235.540049,626f977055f1c658,passed
adaptive-simd_omp-t16-static-r4-rain_paisage.jpg,2026-09-19T06:00:52Z,rain_paisage.jpg,12288,16320,Adaptive_Median,4,16,static,,omp,yes,unset,unset,hype2,12.2.0,-O3 -Wall -Wextra -std=c++17 -fopenmp -DOMP_EXPLICIT_SIMD=1,5324.447135,d0fdcd4b2e74abf3,passed
adaptive-simd_omp-t16-static-r4-firework.jpg,2026-09-19T06:01:00Z,firework.jpg,11125,16688,Adaptive_Median,4,16,static,,omp,yes,unset,unset,hype2,12.2.0,-O3 -Wall -Wextra -std=c++17 -fopenmp -DOMP_EXPLICIT_SIMD=1,4889.251425,cae2b8384ddb6aac,passed
adaptive-simd_omp-t16-static-r4-control_smooth_6000x6000.png,2026-09-19T06:01:01Z,control_smooth_6000x6000.png,6000,6000,Adaptive_Median,4,16,static,,omp,yes,unset,unset,hype2,12.2.0,-O3 -Wall -Wextra -std=c++17 -fopenmp -DOMP_EXPLICIT_SIMD=1,1012.718385,596e3c6929662ab9,passed
adaptive-simd_omp-t16-static-r4-control_noise_6000x6000.png,2026-09-19T06:01:03Z,control_noise_6000x6000.png,6000,6000,Adaptive_Median,4,16,static,,omp,yes,unset,unset,hype2,12.2.0,-O3 -Wall -Wextra -std=c++17 -fopenmp -DOMP_EXPLICIT_SIMD=1,715.468863,fcb58a627e9d9740,passed
adaptive-simd_omp-t16-static-r4-control_half_noise_6000x6000.png,2026-09-19T06:01:05Z,control_half_noise_6000x6000.png,6000,6000,Adaptive_Median,4,16,static,,omp,yes,unset,unset,hype2,12.2.0,-O3 -Wall -Wextra -std=c++17 -fopenmp -DOMP_EXPLICIT_SIMD=1,1024.909218,9d92a48896bfc25a,passed
adaptive-simd_omp-t16-static-r4-control_bands_256_6000x6000.png,2026-09-19T06:01:06Z,control_bands_256_6000x6000.png,6000,6000,Adaptive_Median,4,16,static,,omp,yes,unset,unset,hype2,12.2.0,-O3 -Wall -Wextra -std=c++17 -fopenmp -DOMP_EXPLICIT_SIMD=1,836.730769,8f9bc97f03d5aae1,passed
adaptive-simd_off-t16-dynamicx16-r4-sky.jpg,2026-09-19T06:01:08Z,sky.jpg,6936,9248,Adaptive_Median,4,16,dynamic,16,off,yes,unset,unset,hype2,12.2.0,-O3 -Wall -Wextra -std=c++17 -fopenmp -DOMP_EXPLICIT_SIMD=0 -fno-tree-vectorize,1298.809387,1e7ae9152e9643d5,passed
adaptive-simd_off-t16-dynamicx16-r4-stars.jpg,2026-09-19T06:01:13Z,stars.jpg,12960,8640,Adaptive_Median,4,16,dynamic,16,off,yes,unset,unset,hype2,12.2.0,-O3 -Wall -Wextra -std=c++17 -fopenmp -DOMP_EXPLICIT_SIMD=0 -fno-tree-vectorize,2033.285991,626f977055f1c658,passed
adaptive-simd_off-t16-dynamicx16-r4-rain_paisage.jpg,2026-09-19T06:01:20Z,rain_paisage.jpg,12288,16320,Adaptive_Median,4,16,dynamic,16,off,yes,unset,unset,hype2,12.2.0,-O3 -Wall -Wextra -std=c++17 -fopenmp -DOMP_EXPLICIT_SIMD=0 -fno-tree-vectorize,3881.804004,d0fdcd4b2e74abf3,passed
adaptive-simd_off-t16-dynamicx16-r4-firework.jpg,2026-09-19T06:01:26Z,firework.jpg,11125,16688,Adaptive_Median,4,16,dynamic,16,off,yes,unset,unset,hype2,12.2.0,-O3 -Wall -Wextra -std=c++17 -fopenmp -DOMP_EXPLICIT_SIMD=0 -fno-tree-vectorize,3765.420240,cae2b8384ddb6aac,passed
adaptive-simd_off-t16-dynamicx16-r4-control_smooth_6000x6000.png,2026-09-19T06:01:28Z,control_smooth_6000x6000.png,6000,6000,Adaptive_Median,4,16,dynamic,16,off,yes,unset,unset,hype2,12.2.0,-O3 -Wall -Wextra -std=c++17 -fopenmp -DOMP_EXPLICIT_SIMD=0 -fno-tree-vectorize,1012.814808,596e3c6929662ab9,passed
adaptive-simd_off-t16-dynamicx16-r4-control_noise_6000x6000.png,2026-09-19T06:01:29Z,control_noise_6000x6000.png,6000,6000,Adaptive_Median,4,16,dynamic,16,off,yes,unset,unset,hype2,12.2.0,-O3 -Wall -Wextra -std=c++17 -fopenmp -DOMP_EXPLICIT_SIMD=0 -fno-tree-vectorize,711.612547,fcb58a627e9d9740,passed
adaptive-simd_off-t16-dynamicx16-r4-control_half_noise_6000x6000.png,2026-09-19T06:01:31Z,control_half_noise_6000x6000.png,6000,6000,Adaptive_Median,4,16,dynamic,16,off,yes,unset,unset,hype2,12.2.0,-O3 -Wall -Wextra -std=c++17 -fopenmp -DOMP_EXPLICIT_SIMD=0 -fno-tree-vectorize,737.384605,9d92a48896bfc25a,passed
adaptive-simd_off-t16-dynamicx16-r4-control_bands_256_6000x6000.png,2026-09-19T06:01:32Z,control_bands_256_6000x6000.png,6000,6000,Adaptive_Median,4,16,dynamic,16,off,yes,unset,unset,hype2,12.2.0,-O3 -Wall -Wextra -std=c++17 -fopenmp -DOMP_EXPLICIT_SIMD=0 -fno-tree-vectorize,743.295957,8f9bc97f03d5aae1,passed
adaptive-simd_off-t16-static-r5-sky.jpg,2026-09-19T06:01:35Z,sky.jpg,6936,9248,Adaptive_Median,5,16,static,,off,yes,unset,unset,hype2,12.2.0,-O3 -Wall -Wextra -std=c++17 -fopenmp -DOMP_EXPLICIT_SIMD=0 -fno-tree-vectorize,1359.602716,1e7ae9152e9643d5,passed
adaptive-simd_off-t16-static-r5-stars.jpg,2026-09-19T06:01:39Z,stars.jpg,12960,8640,Adaptive_Median,5,16,static,,off,yes,unset,unset,hype2,12.2.0,-O3 -Wall -Wextra -std=c++17 -fopenmp -DOMP_EXPLICIT_SIMD=0 -fno-tree-vectorize,2178.861689,626f977055f1c658,passed
adaptive-simd_off-t16-static-r5-rain_paisage.jpg,2026-09-19T06:01:47Z,rain_paisage.jpg,12288,16320,Adaptive_Median,5,16,static,,off,yes,unset,unset,hype2,12.2.0,-O3 -Wall -Wextra -std=c++17 -fopenmp -DOMP_EXPLICIT_SIMD=0 -fno-tree-vectorize,5222.273490,d0fdcd4b2e74abf3,passed
adaptive-simd_off-t16-static-r5-firework.jpg,2026-09-19T06:01:55Z,firework.jpg,11125,16688,Adaptive_Median,5,16,static,,off,yes,unset,unset,hype2,12.2.0,-O3 -Wall -Wextra -std=c++17 -fopenmp -DOMP_EXPLICIT_SIMD=0 -fno-tree-vectorize,4807.452662,cae2b8384ddb6aac,passed
adaptive-simd_off-t16-static-r5-control_smooth_6000x6000.png,2026-09-19T06:01:57Z,control_smooth_6000x6000.png,6000,6000,Adaptive_Median,5,16,static,,off,yes,unset,unset,hype2,12.2.0,-O3 -Wall -Wextra -std=c++17 -fopenmp -DOMP_EXPLICIT_SIMD=0 -fno-tree-vectorize,994.380481,596e3c6929662ab9,passed
adaptive-simd_off-t16-static-r5-control_noise_6000x6000.png,2026-09-19T06:01:58Z,control_noise_6000x6000.png,6000,6000,Adaptive_Median,5,16,static,,off,yes,unset,unset,hype2,12.2.0,-O3 -Wall -Wextra -std=c++17 -fopenmp -DOMP_EXPLICIT_SIMD=0 -fno-tree-vectorize,695.872778,fcb58a627e9d9740,passed
adaptive-simd_off-t16-static-r5-control_half_noise_6000x6000.png,2026-09-19T06:02:00Z,control_half_noise_6000x6000.png,6000,6000,Adaptive_Median,5,16,static,,off,yes,unset,unset,hype2,12.2.0,-O3 -Wall -Wextra -std=c++17 -fopenmp -DOMP_EXPLICIT_SIMD=0 -fno-tree-vectorize,978.367188,9d92a48896bfc25a,passed
adaptive-simd_off-t16-static-r5-control_bands_256_6000x6000.png,2026-09-19T06:02:01Z,control_bands_256_6000x6000.png,6000,6000,Adaptive_Median,5,16,static,,off,yes,unset,unset,hype2,12.2.0,-O3 -Wall -Wextra -std=c++17 -fopenmp -DOMP_EXPLICIT_SIMD=0 -fno-tree-vectorize,817.178754,8f9bc97f03d5aae1,passed
adaptive-simd_omp-t16-static-r5-sky.jpg,2026-09-19T06:02:04Z,sky.jpg,6936,9248,Adaptive_Median,5,16,static,,omp,yes,unset,unset,hype2,12.2.0,-O3 -Wall -Wextra -std=c++17 -fopenmp -DOMP_EXPLICIT_SIMD=1,1389.254774,1e7ae9152e9643d5,passed
adaptive-simd_omp-t16-static-r5-stars.jpg,2026-09-19T06:02:08Z,stars.jpg,12960,8640,Adaptive_Median,5,16,static,,omp,yes,unset,unset,hype2,12.2.0,-O3 -Wall -Wextra -std=c++17 -fopenmp -DOMP_EXPLICIT_SIMD=1,2234.942999,626f977055f1c658,passed
adaptive-simd_omp-t16-static-r5-rain_paisage.jpg,2026-09-19T06:02:17Z,rain_paisage.jpg,12288,16320,Adaptive_Median,5,16,static,,omp,yes,unset,unset,hype2,12.2.0,-O3 -Wall -Wextra -std=c++17 -fopenmp -DOMP_EXPLICIT_SIMD=1,5311.640697,d0fdcd4b2e74abf3,passed
adaptive-simd_omp-t16-static-r5-firework.jpg,2026-09-19T06:02:25Z,firework.jpg,11125,16688,Adaptive_Median,5,16,static,,omp,yes,unset,unset,hype2,12.2.0,-O3 -Wall -Wextra -std=c++17 -fopenmp -DOMP_EXPLICIT_SIMD=1,4979.240459,cae2b8384ddb6aac,passed
adaptive-simd_omp-t16-static-r5-control_smooth_6000x6000.png,2026-09-19T06:02:26Z,control_smooth_6000x6000.png,6000,6000,Adaptive_Median,5,16,static,,omp,yes,unset,unset,hype2,12.2.0,-O3 -Wall -Wextra -std=c++17 -fopenmp -DOMP_EXPLICIT_SIMD=1,1012.700589,596e3c6929662ab9,passed
adaptive-simd_omp-t16-static-r5-control_noise_6000x6000.png,2026-09-19T06:02:27Z,control_noise_6000x6000.png,6000,6000,Adaptive_Median,5,16,static,,omp,yes,unset,unset,hype2,12.2.0,-O3 -Wall -Wextra -std=c++17 -fopenmp -DOMP_EXPLICIT_SIMD=1,712.592637,fcb58a627e9d9740,passed
adaptive-simd_omp-t16-static-r5-control_half_noise_6000x6000.png,2026-09-19T06:02:29Z,control_half_noise_6000x6000.png,6000,6000,Adaptive_Median,5,16,static,,omp,yes,unset,unset,hype2,12.2.0,-O3 -Wall -Wextra -std=c++17 -fopenmp -DOMP_EXPLICIT_SIMD=1,991.726741,9d92a48896bfc25a,passed
adaptive-simd_omp-t16-static-r5-control_bands_256_6000x6000.png,2026-09-19T06:02:31Z,control_bands_256_6000x6000.png,6000,6000,Adaptive_Median,5,16,static,,omp,yes,unset,unset,hype2,12.2.0,-O3 -Wall -Wextra -std=c++17 -fopenmp -DOMP_EXPLICIT_SIMD=1,840.909398,8f9bc97f03d5aae1,passed
adaptive-simd_off-t16-dynamicx16-r5-sky.jpg,2026-09-19T06:02:33Z,sky.jpg,6936,9248,Adaptive_Median,5,16,dynamic,16,off,yes,unset,unset,hype2,12.2.0,-O3 -Wall -Wextra -std=c++17 -fopenmp -DOMP_EXPLICIT_SIMD=0 -fno-tree-vectorize,1299.967164,1e7ae9152e9643d5,passed
adaptive-simd_off-t16-dynamicx16-r5-stars.jpg,2026-09-19T06:02:37Z,stars.jpg,12960,8640,Adaptive_Median,5,16,dynamic,16,off,yes,unset,unset,hype2,12.2.0,-O3 -Wall -Wextra -std=c++17 -fopenmp -DOMP_EXPLICIT_SIMD=0 -fno-tree-vectorize,2033.382899,626f977055f1c658,passed
adaptive-simd_off-t16-dynamicx16-r5-rain_paisage.jpg,2026-09-19T06:02:44Z,rain_paisage.jpg,12288,16320,Adaptive_Median,5,16,dynamic,16,off,yes,unset,unset,hype2,12.2.0,-O3 -Wall -Wextra -std=c++17 -fopenmp -DOMP_EXPLICIT_SIMD=0 -fno-tree-vectorize,3882.248435,d0fdcd4b2e74abf3,passed
adaptive-simd_off-t16-dynamicx16-r5-firework.jpg,2026-09-19T06:02:51Z,firework.jpg,11125,16688,Adaptive_Median,5,16,dynamic,16,off,yes,unset,unset,hype2,12.2.0,-O3 -Wall -Wextra -std=c++17 -fopenmp -DOMP_EXPLICIT_SIMD=0 -fno-tree-vectorize,3764.459910,cae2b8384ddb6aac,passed
adaptive-simd_off-t16-dynamicx16-r5-control_smooth_6000x6000.png,2026-09-19T06:02:52Z,control_smooth_6000x6000.png,6000,6000,Adaptive_Median,5,16,dynamic,16,off,yes,unset,unset,hype2,12.2.0,-O3 -Wall -Wextra -std=c++17 -fopenmp -DOMP_EXPLICIT_SIMD=0 -fno-tree-vectorize,1012.322536,596e3c6929662ab9,passed
adaptive-simd_off-t16-dynamicx16-r5-control_noise_6000x6000.png,2026-09-19T06:02:54Z,control_noise_6000x6000.png,6000,6000,Adaptive_Median,5,16,dynamic,16,off,yes,unset,unset,hype2,12.2.0,-O3 -Wall -Wextra -std=c++17 -fopenmp -DOMP_EXPLICIT_SIMD=0 -fno-tree-vectorize,712.172837,fcb58a627e9d9740,passed
adaptive-simd_off-t16-dynamicx16-r5-control_half_noise_6000x6000.png,2026-09-19T06:02:55Z,control_half_noise_6000x6000.png,6000,6000,Adaptive_Median,5,16,dynamic,16,off,yes,unset,unset,hype2,12.2.0,-O3 -Wall -Wextra -std=c++17 -fopenmp -DOMP_EXPLICIT_SIMD=0 -fno-tree-vectorize,735.207719,9d92a48896bfc25a,passed
adaptive-simd_off-t16-dynamicx16-r5-control_bands_256_6000x6000.png,2026-09-19T06:02:57Z,control_bands_256_6000x6000.png,6000,6000,Adaptive_Median,5,16,dynamic,16,off,yes,unset,unset,hype2,12.2.0,-O3 -Wall -Wextra -std=c++17 -fopenmp -DOMP_EXPLICIT_SIMD=0 -fno-tree-vectorize,741.929956,8f9bc97f03d5aae1,passed
adaptive-simd_omp-t16-dynamicx16-r5-sky.jpg,2026-09-19T06:02:59Z,sky.jpg,6936,9248,Adaptive_Median,5,16,dynamic,16,omp,yes,unset,unset,hype2,12.2.0,-O3 -Wall -Wextra -std=c++17 -fopenmp -DOMP_EXPLICIT_SIMD=1,1332.236759,1e7ae9152e9643d5,passed
adaptive-simd_omp-t16-dynamicx16-r5-stars.jpg,2026-09-19T06:03:03Z,stars.jpg,12960,8640,Adaptive_Median,5,16,dynamic,16,omp,yes,unset,unset,hype2,12.2.0,-O3 -Wall -Wextra -std=c++17 -fopenmp -DOMP_EXPLICIT_SIMD=1,2089.157095,626f977055f1c658,passed
adaptive-simd_omp-t16-dynamicx16-r5-rain_paisage.jpg,2026-09-19T06:03:10Z,rain_paisage.jpg,12288,16320,Adaptive_Median,5,16,dynamic,16,omp,yes,unset,unset,hype2,12.2.0,-O3 -Wall -Wextra -std=c++17 -fopenmp -DOMP_EXPLICIT_SIMD=1,3953.235646,d0fdcd4b2e74abf3,passed
adaptive-simd_omp-t16-dynamicx16-r5-firework.jpg,2026-09-19T06:03:17Z,firework.jpg,11125,16688,Adaptive_Median,5,16,dynamic,16,omp,yes,unset,unset,hype2,12.2.0,-O3 -Wall -Wextra -std=c++17 -fopenmp -DOMP_EXPLICIT_SIMD=1,3842.769613,cae2b8384ddb6aac,passed
adaptive-simd_omp-t16-dynamicx16-r5-control_smooth_6000x6000.png,2026-09-19T06:03:19Z,control_smooth_6000x6000.png,6000,6000,Adaptive_Median,5,16,dynamic,16,omp,yes,unset,unset,hype2,12.2.0,-O3 -Wall -Wextra -std=c++17 -fopenmp -DOMP_EXPLICIT_SIMD=1,1033.387832,596e3c6929662ab9,passed
adaptive-simd_omp-t16-dynamicx16-r5-control_noise_6000x6000.png,2026-09-19T06:03:20Z,control_noise_6000x6000.png,6000,6000,Adaptive_Median,5,16,dynamic,16,omp,yes,unset,unset,hype2,12.2.0,-O3 -Wall -Wextra -std=c++17 -fopenmp -DOMP_EXPLICIT_SIMD=1,732.355438,fcb58a627e9d9740,passed
adaptive-simd_omp-t16-dynamicx16-r5-control_half_noise_6000x6000.png,2026-09-19T06:03:21Z,control_half_noise_6000x6000.png,6000,6000,Adaptive_Median,5,16,dynamic,16,omp,yes,unset,unset,hype2,12.2.0,-O3 -Wall -Wextra -std=c++17 -fopenmp -DOMP_EXPLICIT_SIMD=1,753.902049,9d92a48896bfc25a,passed
adaptive-simd_omp-t16-dynamicx16-r5-control_bands_256_6000x6000.png,2026-09-19T06:03:23Z,control_bands_256_6000x6000.png,6000,6000,Adaptive_Median,5,16,dynamic,16,omp,yes,unset,unset,hype2,12.2.0,-O3 -Wall -Wextra -std=c++17 -fopenmp -DOMP_EXPLICIT_SIMD=1,760.863473,8f9bc97f03d5aae1,passed
