Run_ID,Timestamp_UTC,Image,Width,Height,Operation,Repeat,Threads,Schedule,Chunk,Simd_Build,Simd_Eligible,OMP_Places,OMP_Proc_Bind,Hostname,Compiler,Build_Flags,Elapsed_ms,Result_Hash,Validation
simd-phase-zoom,2026-09-27T16:34:09Z,6000x6000.png,6000,6000,Zoom_In,1,1,static,,off-avx2,yes,unset,unset,hype2,12.2.0,-O3 -Wall -Wextra -std=c++17 -fopenmp -ffp-contract=off -g -DOMP_EXPLICIT_SIMD=0 -fno-tree-vectorize -march=haswell,350.018528,4e063cbe88523a0e,passed
simd-phase-zoom,2026-09-27T16:34:12Z,6000x6000.png,6000,6000,Zoom_In,1,1,static,,auto-avx2,yes,unset,unset,hype2,12.2.0,-O3 -Wall -Wextra -std=c++17 -fopenmp -ffp-contract=off -g -DOMP_EXPLICIT_SIMD=0 -march=haswell,287.054980,4e063cbe88523a0e,passed
simd-phase-zoom,2026-09-27T16:34:14Z,6000x6000.png,6000,6000,Zoom_In,1,1,static,,omp-avx2,yes,unset,unset,hype2,12.2.0,-O3 -Wall -Wextra -std=c++17 -fopenmp -ffp-contract=off -g -DOMP_EXPLICIT_SIMD=1 -march=haswell,287.528564,4e063cbe88523a0e,passed
simd-phase-zoom,2026-09-27T16:34:16Z,6000x6000.png,6000,6000,Zoom_In,1,2,static,,off-avx2,yes,unset,unset,hype2,12.2.0,-O3 -Wall -Wextra -std=c++17 -fopenmp -ffp-contract=off -g -DOMP_EXPLICIT_SIMD=0 -fno-tree-vectorize -march=haswell,193.056754,4e063cbe88523a0e,passed
simd-phase-zoom,2026-09-27T16:34:18Z,6000x6000.png,6000,6000,Zoom_In,1,2,static,,auto-avx2,yes,unset,unset,hype2,12.2.0,-O3 -Wall -Wextra -std=c++17 -fopenmp -ffp-contract=off -g -DOMP_EXPLICIT_SIMD=0 -march=haswell,145.934888,4e063cbe88523a0e,passed
simd-phase-zoom,2026-09-27T16:34:21Z,6000x6000.png,6000,6000,Zoom_In,1,2,static,,omp-avx2,yes,unset,unset,hype2,12.2.0,-O3 -Wall -Wextra -std=c++17 -fopenmp -ffp-contract=off -g -DOMP_EXPLICIT_SIMD=1 -march=haswell,154.036835,4e063cbe88523a0e,passed
simd-phase-zoom,2026-09-27T16:34:23Z,6000x6000.png,6000,6000,Zoom_In,1,4,static,,off-avx2,yes,unset,unset,hype2,12.2.0,-O3 -Wall -Wextra -std=c++17 -fopenmp -ffp-contract=off -g -DOMP_EXPLICIT_SIMD=0 -fno-tree-vectorize -march=haswell,107.299050,4e063cbe88523a0e,passed
simd-phase-zoom,2026-09-27T16:34:25Z,6000x6000.png,6000,6000,Zoom_In,1,4,static,,auto-avx2,yes,unset,unset,hype2,12.2.0,-O3 -Wall -Wextra -std=c++17 -fopenmp -ffp-contract=off -g -DOMP_EXPLICIT_SIMD=0 -march=haswell,75.575543,4e063cbe88523a0e,passed
simd-phase-zoom,2026-09-27T16:34:27Z,6000x6000.png,6000,6000,Zoom_In,1,4,static,,omp-avx2,yes,unset,unset,hype2,12.2.0,-O3 -Wall -Wextra -std=c++17 -fopenmp -ffp-contract=off -g -DOMP_EXPLICIT_SIMD=1 -march=haswell,88.569129,4e063cbe88523a0e,passed
simd-phase-zoom,2026-09-27T16:34:29Z,6000x6000.png,6000,6000,Zoom_In,1,8,static,,off-avx2,yes,unset,unset,hype2,12.2.0,-O3 -Wall -Wextra -std=c++17 -fopenmp -ffp-contract=off -g -DOMP_EXPLICIT_SIMD=0 -fno-tree-vectorize -march=haswell,59.761525,4e063cbe88523a0e,passed
simd-phase-zoom,2026-09-27T16:34:31Z,6000x6000.png,6000,6000,Zoom_In,1,8,static,,auto-avx2,yes,unset,unset,hype2,12.2.0,-O3 -Wall -Wextra -std=c++17 -fopenmp -ffp-contract=off -g -DOMP_EXPLICIT_SIMD=0 -march=haswell,53.841594,4e063cbe88523a0e,passed
simd-phase-zoom,2026-09-27T16:34:33Z,6000x6000.png,6000,6000,Zoom_In,1,8,static,,omp-avx2,yes,unset,unset,hype2,12.2.0,-O3 -Wall -Wextra -std=c++17 -fopenmp -ffp-contract=off -g -DOMP_EXPLICIT_SIMD=1 -march=haswell,52.679598,4e063cbe88523a0e,passed
simd-phase-zoom,2026-09-27T16:34:35Z,6000x6000.png,6000,6000,Zoom_In,1,12,static,,off-avx2,yes,unset,unset,hype2,12.2.0,-O3 -Wall -Wextra -std=c++17 -fopenmp -ffp-contract=off -g -DOMP_EXPLICIT_SIMD=0 -fno-tree-vectorize -march=haswell,42.311190,4e063cbe88523a0e,passed
simd-phase-zoom,2026-09-27T16:34:37Z,6000x6000.png,6000,6000,Zoom_In,1,12,static,,auto-avx2,yes,unset,unset,hype2,12.2.0,-O3 -Wall -Wextra -std=c++17 -fopenmp -ffp-contract=off -g -DOMP_EXPLICIT_SIMD=0 -march=haswell,36.549379,4e063cbe88523a0e,passed
simd-phase-zoom,2026-09-27T16:34:39Z,6000x6000.png,6000,6000,Zoom_In,1,12,static,,omp-avx2,yes,unset,unset,hype2,12.2.0,-O3 -Wall -Wextra -std=c++17 -fopenmp -ffp-contract=off -g -DOMP_EXPLICIT_SIMD=1 -march=haswell,37.338951,4e063cbe88523a0e,passed
simd-phase-zoom,2026-09-27T16:34:41Z,6000x6000.png,6000,6000,Zoom_In,1,16,static,,off-avx2,yes,unset,unset,hype2,12.2.0,-O3 -Wall -Wextra -std=c++17 -fopenmp -ffp-contract=off -g -DOMP_EXPLICIT_SIMD=0 -fno-tree-vectorize -march=haswell,31.410631,4e063cbe88523a0e,passed
simd-phase-zoom,2026-09-27T16:34:44Z,6000x6000.png,6000,6000,Zoom_In,1,16,static,,auto-avx2,yes,unset,unset,hype2,12.2.0,-O3 -Wall -Wextra -std=c++17 -fopenmp -ffp-contract=off -g -DOMP_EXPLICIT_SIMD=0 -march=haswell,29.396958,4e063cbe88523a0e,passed
simd-phase-zoom,2026-09-27T16:34:46Z,6000x6000.png,6000,6000,Zoom_In,1,16,static,,omp-avx2,yes,unset,unset,hype2,12.2.0,-O3 -Wall -Wextra -std=c++17 -fopenmp -ffp-contract=off -g -DOMP_EXPLICIT_SIMD=1 -march=haswell,28.683581,4e063cbe88523a0e,passed
simd-phase-zoom,2026-09-27T16:34:48Z,6000x6000.png,6000,6000,Zoom_In,1,17,static,,off-avx2,yes,unset,unset,hype2,12.2.0,-O3 -Wall -Wextra -std=c++17 -fopenmp -ffp-contract=off -g -DOMP_EXPLICIT_SIMD=0 -fno-tree-vectorize -march=haswell,30.548006,4e063cbe88523a0e,passed
simd-phase-zoom,2026-09-27T16:34:50Z,6000x6000.png,6000,6000,Zoom_In,1,17,static,,auto-avx2,yes,unset,unset,hype2,12.2.0,-O3 -Wall -Wextra -std=c++17 -fopenmp -ffp-contract=off -g -DOMP_EXPLICIT_SIMD=0 -march=haswell,27.786633,4e063cbe88523a0e,passed
simd-phase-zoom,2026-09-27T16:34:52Z,6000x6000.png,6000,6000,Zoom_In,1,17,static,,omp-avx2,yes,unset,unset,hype2,12.2.0,-O3 -Wall -Wextra -std=c++17 -fopenmp -ffp-contract=off -g -DOMP_EXPLICIT_SIMD=1 -march=haswell,28.762826,4e063cbe88523a0e,passed
simd-phase-zoom,2026-09-27T16:34:54Z,6000x6000.png,6000,6000,Zoom_In,1,18,static,,off-avx2,yes,unset,unset,hype2,12.2.0,-O3 -Wall -Wextra -std=c++17 -fopenmp -ffp-contract=off -g -DOMP_EXPLICIT_SIMD=0 -fno-tree-vectorize -march=haswell,29.567998,4e063cbe88523a0e,passed
simd-phase-zoom,2026-09-27T16:34:56Z,6000x6000.png,6000,6000,Zoom_In,1,18,static,,auto-avx2,yes,unset,unset,hype2,12.2.0,-O3 -Wall -Wextra -std=c++17 -fopenmp -ffp-contract=off -g -DOMP_EXPLICIT_SIMD=0 -march=haswell,27.164688,4e063cbe88523a0e,passed
simd-phase-zoom,2026-09-27T16:34:58Z,6000x6000.png,6000,6000,Zoom_In,1,18,static,,omp-avx2,yes,unset,unset,hype2,12.2.0,-O3 -Wall -Wextra -std=c++17 -fopenmp -ffp-contract=off -g -DOMP_EXPLICIT_SIMD=1 -march=haswell,27.310482,4e063cbe88523a0e,passed
simd-phase-zoom,2026-09-27T16:35:00Z,6000x6000.png,6000,6000,Zoom_In,1,19,static,,off-avx2,yes,unset,unset,hype2,12.2.0,-O3 -Wall -Wextra -std=c++17 -fopenmp -ffp-contract=off -g -DOMP_EXPLICIT_SIMD=0 -fno-tree-vectorize -march=haswell,30.247658,4e063cbe88523a0e,passed
simd-phase-zoom,2026-09-27T16:35:02Z,6000x6000.png,6000,6000,Zoom_In,1,19,static,,auto-avx2,yes,unset,unset,hype2,12.2.0,-O3 -Wall -Wextra -std=c++17 -fopenmp -ffp-contract=off -g -DOMP_EXPLICIT_SIMD=0 -march=haswell,26.903809,4e063cbe88523a0e,passed
simd-phase-zoom,2026-09-27T16:35:04Z,6000x6000.png,6000,6000,Zoom_In,1,19,static,,omp-avx2,yes,unset,unset,hype2,12.2.0,-O3 -Wall -Wextra -std=c++17 -fopenmp -ffp-contract=off -g -DOMP_EXPLICIT_SIMD=1 -march=haswell,27.383665,4e063cbe88523a0e,passed
simd-phase-zoom,2026-09-27T16:35:06Z,6000x6000.png,6000,6000,Zoom_In,1,20,static,,off-avx2,yes,unset,unset,hype2,12.2.0,-O3 -Wall -Wextra -std=c++17 -fopenmp -ffp-contract=off -g -DOMP_EXPLICIT_SIMD=0 -fno-tree-vectorize -march=haswell,27.979000,4e063cbe88523a0e,passed
simd-phase-zoom,2026-09-27T16:35:08Z,6000x6000.png,6000,6000,Zoom_In,1,20,static,,auto-avx2,yes,unset,unset,hype2,12.2.0,-O3 -Wall -Wextra -std=c++17 -fopenmp -ffp-contract=off -g -DOMP_EXPLICIT_SIMD=0 -march=haswell,26.739059,4e063cbe88523a0e,passed
simd-phase-zoom,2026-09-27T16:35:10Z,6000x6000.png,6000,6000,Zoom_In,1,20,static,,omp-avx2,yes,unset,unset,hype2,12.2.0,-O3 -Wall -Wextra -std=c++17 -fopenmp -ffp-contract=off -g -DOMP_EXPLICIT_SIMD=1 -march=haswell,26.434175,4e063cbe88523a0e,passed
simd-phase-zoom,2026-09-27T16:35:12Z,6000x6000.png,6000,6000,Zoom_In,2,20,static,,auto-avx2,yes,unset,unset,hype2,12.2.0,-O3 -Wall -Wextra -std=c++17 -fopenmp -ffp-contract=off -g -DOMP_EXPLICIT_SIMD=0 -march=haswell,26.533634,4e063cbe88523a0e,passed
simd-phase-zoom,2026-09-27T16:35:14Z,6000x6000.png,6000,6000,Zoom_In,2,20,static,,omp-avx2,yes,unset,unset,hype2,12.2.0,-O3 -Wall -Wextra -std=c++17 -fopenmp -ffp-contract=off -g -DOMP_EXPLICIT_SIMD=1 -march=haswell,27.234472,4e063cbe88523a0e,passed
simd-phase-zoom,2026-09-27T16:35:17Z,6000x6000.png,6000,6000,Zoom_In,2,20,static,,off-avx2,yes,unset,unset,hype2,12.2.0,-O3 -Wall -Wextra -std=c++17 -fopenmp -ffp-contract=off -g -DOMP_EXPLICIT_SIMD=0 -fno-tree-vectorize -march=haswell,27.577619,4e063cbe88523a0e,passed
simd-phase-zoom,2026-09-27T16:35:19Z,6000x6000.png,6000,6000,Zoom_In,2,19,static,,auto-avx2,yes,unset,unset,hype2,12.2.0,-O3 -Wall -Wextra -std=c++17 -fopenmp -ffp-contract=off -g -DOMP_EXPLICIT_SIMD=0 -march=haswell,26.295470,4e063cbe88523a0e,passed
simd-phase-zoom,2026-09-27T16:35:21Z,6000x6000.png,6000,6000,Zoom_In,2,19,static,,omp-avx2,yes,unset,unset,hype2,12.2.0,-O3 -Wall -Wextra -std=c++17 -fopenmp -ffp-contract=off -g -DOMP_EXPLICIT_SIMD=1 -march=haswell,25.967518,4e063cbe88523a0e,passed
simd-phase-zoom,2026-09-27T16:35:23Z,6000x6000.png,6000,6000,Zoom_In,2,19,static,,off-avx2,yes,unset,unset,hype2,12.2.0,-O3 -Wall -Wextra -std=c++17 -fopenmp -ffp-contract=off -g -DOMP_EXPLICIT_SIMD=0 -fno-tree-vectorize -march=haswell,28.414483,4e063cbe88523a0e,passed
simd-phase-zoom,2026-09-27T16:35:25Z,6000x6000.png,6000,6000,Zoom_In,2,18,static,,auto-avx2,yes,unset,unset,hype2,12.2.0,-O3 -Wall -Wextra -std=c++17 -fopenmp -ffp-contract=off -g -DOMP_EXPLICIT_SIMD=0 -march=haswell,26.825615,4e063cbe88523a0e,passed
simd-phase-zoom,2026-09-27T16:35:27Z,6000x6000.png,6000,6000,Zoom_In,2,18,static,,omp-avx2,yes,unset,unset,hype2,12.2.0,-O3 -Wall -Wextra -std=c++17 -fopenmp -ffp-contract=off -g -DOMP_EXPLICIT_SIMD=1 -march=haswell,27.393859,4e063cbe88523a0e,passed
simd-phase-zoom,2026-09-27T16:35:29Z,6000x6000.png,6000,6000,Zoom_In,2,18,static,,off-avx2,yes,unset,unset,hype2,12.2.0,-O3 -Wall -Wextra -std=c++17 -fopenmp -ffp-contract=off -g -DOMP_EXPLICIT_SIMD=0 -fno-tree-vectorize -march=haswell,29.977386,4e063cbe88523a0e,passed
simd-phase-zoom,2026-09-27T16:35:31Z,6000x6000.png,6000,6000,Zoom_In,2,17,static,,auto-avx2,yes,unset,unset,hype2,12.2.0,-O3 -Wall -Wextra -std=c++17 -fopenmp -ffp-contract=off -g -DOMP_EXPLICIT_SIMD=0 -march=haswell,27.776702,4e063cbe88523a0e,passed
simd-phase-zoom,2026-09-27T16:35:33Z,6000x6000.png,6000,6000,Zoom_In,2,17,static,,omp-avx2,yes,unset,unset,hype2,12.2.0,-O3 -Wall -Wextra -std=c++17 -fopenmp -ffp-contract=off -g -DOMP_EXPLICIT_SIMD=1 -march=haswell,27.527793,4e063cbe88523a0e,passed
simd-phase-zoom,2026-09-27T16:35:35Z,6000x6000.png,6000,6000,Zoom_In,2,17,static,,off-avx2,yes,unset,unset,hype2,12.2.0,-O3 -Wall -Wextra -std=c++17 -fopenmp -ffp-contract=off -g -DOMP_EXPLICIT_SIMD=0 -fno-tree-vectorize -march=haswell,29.630364,4e063cbe88523a0e,passed
simd-phase-zoom,2026-09-27T16:35:37Z,6000x6000.png,6000,6000,Zoom_In,2,16,static,,auto-avx2,yes,unset,unset,hype2,12.2.0,-O3 -Wall -Wextra -std=c++17 -fopenmp -ffp-contract=off -g -DOMP_EXPLICIT_SIMD=0 -march=haswell,28.963775,4e063cbe88523a0e,passed
simd-phase-zoom,2026-09-27T16:35:39Z,6000x6000.png,6000,6000,Zoom_In,2,16,static,,omp-avx2,yes,unset,unset,hype2,12.2.0,-O3 -Wall -Wextra -std=c++17 -fopenmp -ffp-contract=off -g -DOMP_EXPLICIT_SIMD=1 -march=haswell,28.935208,4e063cbe88523a0e,passed
simd-phase-zoom,2026-09-27T16:35:41Z,6000x6000.png,6000,6000,Zoom_In,2,16,static,,off-avx2,yes,unset,unset,hype2,12.2.0,-O3 -Wall -Wextra -std=c++17 -fopenmp -ffp-contract=off -g -DOMP_EXPLICIT_SIMD=0 -fno-tree-vectorize -march=haswell,31.818604,4e063cbe88523a0e,passed
simd-phase-zoom,2026-09-27T16:35:43Z,6000x6000.png,6000,6000,Zoom_In,2,12,static,,auto-avx2,yes,unset,unset,hype2,12.2.0,-O3 -Wall -Wextra -std=c++17 -fopenmp -ffp-contract=off -g -DOMP_EXPLICIT_SIMD=0 -march=haswell,37.185585,4e063cbe88523a0e,passed
simd-phase-zoom,2026-09-27T16:35:45Z,6000x6000.png,6000,6000,Zoom_In,2,12,static,,omp-avx2,yes,unset,unset,hype2,12.2.0,-O3 -Wall -Wextra -std=c++17 -fopenmp -ffp-contract=off -g -DOMP_EXPLICIT_SIMD=1 -march=haswell,37.467069,4e063cbe88523a0e,passed
simd-phase-zoom,2026-09-27T16:35:48Z,6000x6000.png,6000,6000,Zoom_In,2,12,static,,off-avx2,yes,unset,unset,hype2,12.2.0,-O3 -Wall -Wextra -std=c++17 -fopenmp -ffp-contract=off -g -DOMP_EXPLICIT_SIMD=0 -fno-tree-vectorize -march=haswell,42.085374,4e063cbe88523a0e,passed
simd-phase-zoom,2026-09-27T16:35:50Z,6000x6000.png,6000,6000,Zoom_In,2,8,static,,auto-avx2,yes,unset,unset,hype2,12.2.0,-O3 -Wall -Wextra -std=c++17 -fopenmp -ffp-contract=off -g -DOMP_EXPLICIT_SIMD=0 -march=haswell,49.652641,4e063cbe88523a0e,passed
simd-phase-zoom,2026-09-27T16:35:52Z,6000x6000.png,6000,6000,Zoom_In,2,8,static,,omp-avx2,yes,unset,unset,hype2,12.2.0,-O3 -Wall -Wextra -std=c++17 -fopenmp -ffp-contract=off -g -DOMP_EXPLICIT_SIMD=1 -march=haswell,52.635235,4e063cbe88523a0e,passed
simd-phase-zoom,2026-09-27T16:35:54Z,6000x6000.png,6000,6000,Zoom_In,2,8,static,,off-avx2,yes,unset,unset,hype2,12.2.0,-O3 -Wall -Wextra -std=c++17 -fopenmp -ffp-contract=off -g -DOMP_EXPLICIT_SIMD=0 -fno-tree-vectorize -march=haswell,62.293900,4e063cbe88523a0e,passed
simd-phase-zoom,2026-09-27T16:35:56Z,6000x6000.png,6000,6000,Zoom_In,2,4,static,,auto-avx2,yes,unset,unset,hype2,12.2.0,-O3 -Wall -Wextra -std=c++17 -fopenmp -ffp-contract=off -g -DOMP_EXPLICIT_SIMD=0 -march=haswell,80.795137,4e063cbe88523a0e,passed
simd-phase-zoom,2026-09-27T16:35:58Z,6000x6000.png,6000,6000,Zoom_In,2,4,static,,omp-avx2,yes,unset,unset,hype2,12.2.0,-O3 -Wall -Wextra -std=c++17 -fopenmp -ffp-contract=off -g -DOMP_EXPLICIT_SIMD=1 -march=haswell,89.580212,4e063cbe88523a0e,passed
simd-phase-zoom,2026-09-27T16:36:00Z,6000x6000.png,6000,6000,Zoom_In,2,4,static,,off-avx2,yes,unset,unset,hype2,12.2.0,-O3 -Wall -Wextra -std=c++17 -fopenmp -ffp-contract=off -g -DOMP_EXPLICIT_SIMD=0 -fno-tree-vectorize -march=haswell,108.138843,4e063cbe88523a0e,passed
simd-phase-zoom,2026-09-27T16:36:02Z,6000x6000.png,6000,6000,Zoom_In,2,2,static,,auto-avx2,yes,unset,unset,hype2,12.2.0,-O3 -Wall -Wextra -std=c++17 -fopenmp -ffp-contract=off -g -DOMP_EXPLICIT_SIMD=0 -march=haswell,153.111993,4e063cbe88523a0e,passed
simd-phase-zoom,2026-09-27T16:36:05Z,6000x6000.png,6000,6000,Zoom_In,2,2,static,,omp-avx2,yes,unset,unset,hype2,12.2.0,-O3 -Wall -Wextra -std=c++17 -fopenmp -ffp-contract=off -g -DOMP_EXPLICIT_SIMD=1 -march=haswell,160.937874,4e063cbe88523a0e,passed
simd-phase-zoom,2026-09-27T16:36:07Z,6000x6000.png,6000,6000,Zoom_In,2,2,static,,off-avx2,yes,unset,unset,hype2,12.2.0,-O3 -Wall -Wextra -std=c++17 -fopenmp -ffp-contract=off -g -DOMP_EXPLICIT_SIMD=0 -fno-tree-vectorize -march=haswell,187.115275,4e063cbe88523a0e,passed
simd-phase-zoom,2026-09-27T16:36:09Z,6000x6000.png,6000,6000,Zoom_In,2,1,static,,auto-avx2,yes,unset,unset,hype2,12.2.0,-O3 -Wall -Wextra -std=c++17 -fopenmp -ffp-contract=off -g -DOMP_EXPLICIT_SIMD=0 -march=haswell,288.923912,4e063cbe88523a0e,passed
simd-phase-zoom,2026-09-27T16:36:11Z,6000x6000.png,6000,6000,Zoom_In,2,1,static,,omp-avx2,yes,unset,unset,hype2,12.2.0,-O3 -Wall -Wextra -std=c++17 -fopenmp -ffp-contract=off -g -DOMP_EXPLICIT_SIMD=1 -march=haswell,287.287099,4e063cbe88523a0e,passed
simd-phase-zoom,2026-09-27T16:36:14Z,6000x6000.png,6000,6000,Zoom_In,2,1,static,,off-avx2,yes,unset,unset,hype2,12.2.0,-O3 -Wall -Wextra -std=c++17 -fopenmp -ffp-contract=off -g -DOMP_EXPLICIT_SIMD=0 -fno-tree-vectorize -march=haswell,351.713470,4e063cbe88523a0e,passed
simd-phase-zoom,2026-09-27T16:36:16Z,6000x6000.png,6000,6000,Zoom_In,3,1,static,,omp-avx2,yes,unset,unset,hype2,12.2.0,-O3 -Wall -Wextra -std=c++17 -fopenmp -ffp-contract=off -g -DOMP_EXPLICIT_SIMD=1 -march=haswell,287.054474,4e063cbe88523a0e,passed
simd-phase-zoom,2026-09-27T16:36:19Z,6000x6000.png,6000,6000,Zoom_In,3,1,static,,off-avx2,yes,unset,unset,hype2,12.2.0,-O3 -Wall -Wextra -std=c++17 -fopenmp -ffp-contract=off -g -DOMP_EXPLICIT_SIMD=0 -fno-tree-vectorize -march=haswell,352.328260,4e063cbe88523a0e,passed
simd-phase-zoom,2026-09-27T16:36:21Z,6000x6000.png,6000,6000,Zoom_In,3,1,static,,auto-avx2,yes,unset,unset,hype2,12.2.0,-O3 -Wall -Wextra -std=c++17 -fopenmp -ffp-contract=off -g -DOMP_EXPLICIT_SIMD=0 -march=haswell,288.135766,4e063cbe88523a0e,passed
simd-phase-zoom,2026-09-27T16:36:23Z,6000x6000.png,6000,6000,Zoom_In,3,2,static,,omp-avx2,yes,unset,unset,hype2,12.2.0,-O3 -Wall -Wextra -std=c++17 -fopenmp -ffp-contract=off -g -DOMP_EXPLICIT_SIMD=1 -march=haswell,146.546981,4e063cbe88523a0e,passed
simd-phase-zoom,2026-09-27T16:36:25Z,6000x6000.png,6000,6000,Zoom_In,3,2,static,,off-avx2,yes,unset,unset,hype2,12.2.0,-O3 -Wall -Wextra -std=c++17 -fopenmp -ffp-contract=off -g -DOMP_EXPLICIT_SIMD=0 -fno-tree-vectorize -march=haswell,192.510603,4e063cbe88523a0e,passed
simd-phase-zoom,2026-09-27T16:36:27Z,6000x6000.png,6000,6000,Zoom_In,3,2,static,,auto-avx2,yes,unset,unset,hype2,12.2.0,-O3 -Wall -Wextra -std=c++17 -fopenmp -ffp-contract=off -g -DOMP_EXPLICIT_SIMD=0 -march=haswell,151.782306,4e063cbe88523a0e,passed
simd-phase-zoom,2026-09-27T16:36:30Z,6000x6000.png,6000,6000,Zoom_In,3,4,static,,omp-avx2,yes,unset,unset,hype2,12.2.0,-O3 -Wall -Wextra -std=c++17 -fopenmp -ffp-contract=off -g -DOMP_EXPLICIT_SIMD=1 -march=haswell,90.257761,4e063cbe88523a0e,passed
simd-phase-zoom,2026-09-27T16:36:32Z,6000x6000.png,6000,6000,Zoom_In,3,4,static,,off-avx2,yes,unset,unset,hype2,12.2.0,-O3 -Wall -Wextra -std=c++17 -fopenmp -ffp-contract=off -g -DOMP_EXPLICIT_SIMD=0 -fno-tree-vectorize -march=haswell,108.609963,4e063cbe88523a0e,passed
simd-phase-zoom,2026-09-27T16:36:34Z,6000x6000.png,6000,6000,Zoom_In,3,4,static,,auto-avx2,yes,unset,unset,hype2,12.2.0,-O3 -Wall -Wextra -std=c++17 -fopenmp -ffp-contract=off -g -DOMP_EXPLICIT_SIMD=0 -march=haswell,89.335890,4e063cbe88523a0e,passed
simd-phase-zoom,2026-09-27T16:36:36Z,6000x6000.png,6000,6000,Zoom_In,3,8,static,,omp-avx2,yes,unset,unset,hype2,12.2.0,-O3 -Wall -Wextra -std=c++17 -fopenmp -ffp-contract=off -g -DOMP_EXPLICIT_SIMD=1 -march=haswell,51.156898,4e063cbe88523a0e,passed
simd-phase-zoom,2026-09-27T16:36:38Z,6000x6000.png,6000,6000,Zoom_In,3,8,static,,off-avx2,yes,unset,unset,hype2,12.2.0,-O3 -Wall -Wextra -std=c++17 -fopenmp -ffp-contract=off -g -DOMP_EXPLICIT_SIMD=0 -fno-tree-vectorize -march=haswell,63.209406,4e063cbe88523a0e,passed
simd-phase-zoom,2026-09-27T16:36:40Z,6000x6000.png,6000,6000,Zoom_In,3,8,static,,auto-avx2,yes,unset,unset,hype2,12.2.0,-O3 -Wall -Wextra -std=c++17 -fopenmp -ffp-contract=off -g -DOMP_EXPLICIT_SIMD=0 -march=haswell,52.346272,4e063cbe88523a0e,passed
simd-phase-zoom,2026-09-27T16:36:42Z,6000x6000.png,6000,6000,Zoom_In,3,12,static,,omp-avx2,yes,unset,unset,hype2,12.2.0,-O3 -Wall -Wextra -std=c++17 -fopenmp -ffp-contract=off -g -DOMP_EXPLICIT_SIMD=1 -march=haswell,36.612100,4e063cbe88523a0e,passed
simd-phase-zoom,2026-09-27T16:36:44Z,6000x6000.png,6000,6000,Zoom_In,3,12,static,,off-avx2,yes,unset,unset,hype2,12.2.0,-O3 -Wall -Wextra -std=c++17 -fopenmp -ffp-contract=off -g -DOMP_EXPLICIT_SIMD=0 -fno-tree-vectorize -march=haswell,42.144417,4e063cbe88523a0e,passed
simd-phase-zoom,2026-09-27T16:36:46Z,6000x6000.png,6000,6000,Zoom_In,3,12,static,,auto-avx2,yes,unset,unset,hype2,12.2.0,-O3 -Wall -Wextra -std=c++17 -fopenmp -ffp-contract=off -g -DOMP_EXPLICIT_SIMD=0 -march=haswell,37.764181,4e063cbe88523a0e,passed
simd-phase-zoom,2026-09-27T16:36:48Z,6000x6000.png,6000,6000,Zoom_In,3,16,static,,omp-avx2,yes,unset,unset,hype2,12.2.0,-O3 -Wall -Wextra -std=c++17 -fopenmp -ffp-contract=off -g -DOMP_EXPLICIT_SIMD=1 -march=haswell,28.382724,4e063cbe88523a0e,passed
simd-phase-zoom,2026-09-27T16:36:50Z,6000x6000.png,6000,6000,Zoom_In,3,16,static,,off-avx2,yes,unset,unset,hype2,12.2.0,-O3 -Wall -Wextra -std=c++17 -fopenmp -ffp-contract=off -g -DOMP_EXPLICIT_SIMD=0 -fno-tree-vectorize -march=haswell,31.312590,4e063cbe88523a0e,passed
simd-phase-zoom,2026-09-27T16:36:52Z,6000x6000.png,6000,6000,Zoom_In,3,16,static,,auto-avx2,yes,unset,unset,hype2,12.2.0,-O3 -Wall -Wextra -std=c++17 -fopenmp -ffp-contract=off -g -DOMP_EXPLICIT_SIMD=0 -march=haswell,29.141676,4e063cbe88523a0e,passed
simd-phase-zoom,2026-09-27T16:36:55Z,6000x6000.png,6000,6000,Zoom_In,3,17,static,,omp-avx2,yes,unset,unset,hype2,12.2.0,-O3 -Wall -Wextra -std=c++17 -fopenmp -ffp-contract=off -g -DOMP_EXPLICIT_SIMD=1 -march=haswell,27.179384,4e063cbe88523a0e,passed
simd-phase-zoom,2026-09-27T16:36:57Z,6000x6000.png,6000,6000,Zoom_In,3,17,static,,off-avx2,yes,unset,unset,hype2,12.2.0,-O3 -Wall -Wextra -std=c++17 -fopenmp -ffp-contract=off -g -DOMP_EXPLICIT_SIMD=0 -fno-tree-vectorize -march=haswell,28.979432,4e063cbe88523a0e,passed
simd-phase-zoom,2026-09-27T16:36:59Z,6000x6000.png,6000,6000,Zoom_In,3,17,static,,auto-avx2,yes,unset,unset,hype2,12.2.0,-O3 -Wall -Wextra -std=c++17 -fopenmp -ffp-contract=off -g -DOMP_EXPLICIT_SIMD=0 -march=haswell,28.696762,4e063cbe88523a0e,passed
simd-phase-zoom,2026-09-27T16:37:01Z,6000x6000.png,6000,6000,Zoom_In,3,18,static,,omp-avx2,yes,unset,unset,hype2,12.2.0,-O3 -Wall -Wextra -std=c++17 -fopenmp -ffp-contract=off -g -DOMP_EXPLICIT_SIMD=1 -march=haswell,27.530886,4e063cbe88523a0e,passed
simd-phase-zoom,2026-09-27T16:37:03Z,6000x6000.png,6000,6000,Zoom_In,3,18,static,,off-avx2,yes,unset,unset,hype2,12.2.0,-O3 -Wall -Wextra -std=c++17 -fopenmp -ffp-contract=off -g -DOMP_EXPLICIT_SIMD=0 -fno-tree-vectorize -march=haswell,29.856531,4e063cbe88523a0e,passed
simd-phase-zoom,2026-09-27T16:37:05Z,6000x6000.png,6000,6000,Zoom_In,3,18,static,,auto-avx2,yes,unset,unset,hype2,12.2.0,-O3 -Wall -Wextra -std=c++17 -fopenmp -ffp-contract=off -g -DOMP_EXPLICIT_SIMD=0 -march=haswell,26.603904,4e063cbe88523a0e,passed
simd-phase-zoom,2026-09-27T16:37:07Z,6000x6000.png,6000,6000,Zoom_In,3,19,static,,omp-avx2,yes,unset,unset,hype2,12.2.0,-O3 -Wall -Wextra -std=c++17 -fopenmp -ffp-contract=off -g -DOMP_EXPLICIT_SIMD=1 -march=haswell,26.217815,4e063cbe88523a0e,passed
simd-phase-zoom,2026-09-27T16:37:09Z,6000x6000.png,6000,6000,Zoom_In,3,19,static,,off-avx2,yes,unset,unset,hype2,12.2.0,-O3 -Wall -Wextra -std=c++17 -fopenmp -ffp-contract=off -g -DOMP_EXPLICIT_SIMD=0 -fno-tree-vectorize -march=haswell,28.632953,4e063cbe88523a0e,passed
simd-phase-zoom,2026-09-27T16:37:11Z,6000x6000.png,6000,6000,Zoom_In,3,19,static,,auto-avx2,yes,unset,unset,hype2,12.2.0,-O3 -Wall -Wextra -std=c++17 -fopenmp -ffp-contract=off -g -DOMP_EXPLICIT_SIMD=0 -march=haswell,26.103146,4e063cbe88523a0e,passed
simd-phase-zoom,2026-09-27T16:37:13Z,6000x6000.png,6000,6000,Zoom_In,3,20,static,,omp-avx2,yes,unset,unset,hype2,12.2.0,-O3 -Wall -Wextra -std=c++17 -fopenmp -ffp-contract=off -g -DOMP_EXPLICIT_SIMD=1 -march=haswell,26.178815,4e063cbe88523a0e,passed
simd-phase-zoom,2026-09-27T16:37:15Z,6000x6000.png,6000,6000,Zoom_In,3,20,static,,off-avx2,yes,unset,unset,hype2,12.2.0,-O3 -Wall -Wextra -std=c++17 -fopenmp -ffp-contract=off -g -DOMP_EXPLICIT_SIMD=0 -fno-tree-vectorize -march=haswell,28.145927,4e063cbe88523a0e,passed
simd-phase-zoom,2026-09-27T16:37:17Z,6000x6000.png,6000,6000,Zoom_In,3,20,static,,auto-avx2,yes,unset,unset,hype2,12.2.0,-O3 -Wall -Wextra -std=c++17 -fopenmp -ffp-contract=off -g -DOMP_EXPLICIT_SIMD=0 -march=haswell,26.693990,4e063cbe88523a0e,passed
simd-phase-zoom,2026-09-27T16:37:19Z,6000x6000.png,6000,6000,Zoom_In,4,20,static,,off-avx2,yes,unset,unset,hype2,12.2.0,-O3 -Wall -Wextra -std=c++17 -fopenmp -ffp-contract=off -g -DOMP_EXPLICIT_SIMD=0 -fno-tree-vectorize -march=haswell,28.106793,4e063cbe88523a0e,passed
simd-phase-zoom,2026-09-27T16:37:21Z,6000x6000.png,6000,6000,Zoom_In,4,20,static,,auto-avx2,yes,unset,unset,hype2,12.2.0,-O3 -Wall -Wextra -std=c++17 -fopenmp -ffp-contract=off -g -DOMP_EXPLICIT_SIMD=0 -march=haswell,26.212675,4e063cbe88523a0e,passed
simd-phase-zoom,2026-09-27T16:37:24Z,6000x6000.png,6000,6000,Zoom_In,4,20,static,,omp-avx2,yes,unset,unset,hype2,12.2.0,-O3 -Wall -Wextra -std=c++17 -fopenmp -ffp-contract=off -g -DOMP_EXPLICIT_SIMD=1 -march=haswell,26.274879,4e063cbe88523a0e,passed
simd-phase-zoom,2026-09-27T16:37:26Z,6000x6000.png,6000,6000,Zoom_In,4,19,static,,off-avx2,yes,unset,unset,hype2,12.2.0,-O3 -Wall -Wextra -std=c++17 -fopenmp -ffp-contract=off -g -DOMP_EXPLICIT_SIMD=0 -fno-tree-vectorize -march=haswell,27.572259,4e063cbe88523a0e,passed
simd-phase-zoom,2026-09-27T16:37:28Z,6000x6000.png,6000,6000,Zoom_In,4,19,static,,auto-avx2,yes,unset,unset,hype2,12.2.0,-O3 -Wall -Wextra -std=c++17 -fopenmp -ffp-contract=off -g -DOMP_EXPLICIT_SIMD=0 -march=haswell,26.380133,4e063cbe88523a0e,passed
simd-phase-zoom,2026-09-27T16:37:30Z,6000x6000.png,6000,6000,Zoom_In,4,19,static,,omp-avx2,yes,unset,unset,hype2,12.2.0,-O3 -Wall -Wextra -std=c++17 -fopenmp -ffp-contract=off -g -DOMP_EXPLICIT_SIMD=1 -march=haswell,26.101559,4e063cbe88523a0e,passed
simd-phase-zoom,2026-09-27T16:37:32Z,6000x6000.png,6000,6000,Zoom_In,4,18,static,,off-avx2,yes,unset,unset,hype2,12.2.0,-O3 -Wall -Wextra -std=c++17 -fopenmp -ffp-contract=off -g -DOMP_EXPLICIT_SIMD=0 -fno-tree-vectorize -march=haswell,29.214941,4e063cbe88523a0e,passed
simd-phase-zoom,2026-09-27T16:37:34Z,6000x6000.png,6000,6000,Zoom_In,4,18,static,,auto-avx2,yes,unset,unset,hype2,12.2.0,-O3 -Wall -Wextra -std=c++17 -fopenmp -ffp-contract=off -g -DOMP_EXPLICIT_SIMD=0 -march=haswell,27.644676,4e063cbe88523a0e,passed
simd-phase-zoom,2026-09-27T16:37:36Z,6000x6000.png,6000,6000,Zoom_In,4,18,static,,omp-avx2,yes,unset,unset,hype2,12.2.0,-O3 -Wall -Wextra -std=c++17 -fopenmp -ffp-contract=off -g -DOMP_EXPLICIT_SIMD=1 -march=haswell,27.303837,4e063cbe88523a0e,passed
simd-phase-zoom,2026-09-27T16:37:38Z,6000x6000.png,6000,6000,Zoom_In,4,17,static,,off-avx2,yes,unset,unset,hype2,12.2.0,-O3 -Wall -Wextra -std=c++17 -fopenmp -ffp-contract=off -g -DOMP_EXPLICIT_SIMD=0 -fno-tree-vectorize -march=haswell,31.453737,4e063cbe88523a0e,passed
simd-phase-zoom,2026-09-27T16:37:40Z,6000x6000.png,6000,6000,Zoom_In,4,17,static,,auto-avx2,yes,unset,unset,hype2,12.2.0,-O3 -Wall -Wextra -std=c++17 -fopenmp -ffp-contract=off -g -DOMP_EXPLICIT_SIMD=0 -march=haswell,27.763389,4e063cbe88523a0e,passed
simd-phase-zoom,2026-09-27T16:37:42Z,6000x6000.png,6000,6000,Zoom_In,4,17,static,,omp-avx2,yes,unset,unset,hype2,12.2.0,-O3 -Wall -Wextra -std=c++17 -fopenmp -ffp-contract=off -g -DOMP_EXPLICIT_SIMD=1 -march=haswell,28.324210,4e063cbe88523a0e,passed
simd-phase-zoom,2026-09-27T16:37:44Z,6000x6000.png,6000,6000,Zoom_In,4,16,static,,off-avx2,yes,unset,unset,hype2,12.2.0,-O3 -Wall -Wextra -std=c++17 -fopenmp -ffp-contract=off -g -DOMP_EXPLICIT_SIMD=0 -fno-tree-vectorize -march=haswell,31.912701,4e063cbe88523a0e,passed
simd-phase-zoom,2026-09-27T16:37:46Z,6000x6000.png,6000,6000,Zoom_In,4,16,static,,auto-avx2,yes,unset,unset,hype2,12.2.0,-O3 -Wall -Wextra -std=c++17 -fopenmp -ffp-contract=off -g -DOMP_EXPLICIT_SIMD=0 -march=haswell,29.025990,4e063cbe88523a0e,passed
simd-phase-zoom,2026-09-27T16:37:48Z,6000x6000.png,6000,6000,Zoom_In,4,16,static,,omp-avx2,yes,unset,unset,hype2,12.2.0,-O3 -Wall -Wextra -std=c++17 -fopenmp -ffp-contract=off -g -DOMP_EXPLICIT_SIMD=1 -march=haswell,29.403682,4e063cbe88523a0e,passed
simd-phase-zoom,2026-09-27T16:37:50Z,6000x6000.png,6000,6000,Zoom_In,4,12,static,,off-avx2,yes,unset,unset,hype2,12.2.0,-O3 -Wall -Wextra -std=c++17 -fopenmp -ffp-contract=off -g -DOMP_EXPLICIT_SIMD=0 -fno-tree-vectorize -march=haswell,42.049661,4e063cbe88523a0e,passed
simd-phase-zoom,2026-09-27T16:37:53Z,6000x6000.png,6000,6000,Zoom_In,4,12,static,,auto-avx2,yes,unset,unset,hype2,12.2.0,-O3 -Wall -Wextra -std=c++17 -fopenmp -ffp-contract=off -g -DOMP_EXPLICIT_SIMD=0 -march=haswell,37.657858,4e063cbe88523a0e,passed
simd-phase-zoom,2026-09-27T16:37:55Z,6000x6000.png,6000,6000,Zoom_In,4,12,static,,omp-avx2,yes,unset,unset,hype2,12.2.0,-O3 -Wall -Wextra -std=c++17 -fopenmp -ffp-contract=off -g -DOMP_EXPLICIT_SIMD=1 -march=haswell,36.616024,4e063cbe88523a0e,passed
simd-phase-zoom,2026-09-27T16:37:57Z,6000x6000.png,6000,6000,Zoom_In,4,8,static,,off-avx2,yes,unset,unset,hype2,12.2.0,-O3 -Wall -Wextra -std=c++17 -fopenmp -ffp-contract=off -g -DOMP_EXPLICIT_SIMD=0 -fno-tree-vectorize -march=haswell,51.642695,4e063cbe88523a0e,passed
simd-phase-zoom,2026-09-27T16:37:59Z,6000x6000.png,6000,6000,Zoom_In,4,8,static,,auto-avx2,yes,unset,unset,hype2,12.2.0,-O3 -Wall -Wextra -std=c++17 -fopenmp -ffp-contract=off -g -DOMP_EXPLICIT_SIMD=0 -march=haswell,53.013929,4e063cbe88523a0e,passed
simd-phase-zoom,2026-09-27T16:38:01Z,6000x6000.png,6000,6000,Zoom_In,4,8,static,,omp-avx2,yes,unset,unset,hype2,12.2.0,-O3 -Wall -Wextra -std=c++17 -fopenmp -ffp-contract=off -g -DOMP_EXPLICIT_SIMD=1 -march=haswell,50.765563,4e063cbe88523a0e,passed
simd-phase-zoom,2026-09-27T16:38:03Z,6000x6000.png,6000,6000,Zoom_In,4,4,static,,off-avx2,yes,unset,unset,hype2,12.2.0,-O3 -Wall -Wextra -std=c++17 -fopenmp -ffp-contract=off -g -DOMP_EXPLICIT_SIMD=0 -fno-tree-vectorize -march=haswell,103.620720,4e063cbe88523a0e,passed
simd-phase-zoom,2026-09-27T16:38:05Z,6000x6000.png,6000,6000,Zoom_In,4,4,static,,auto-avx2,yes,unset,unset,hype2,12.2.0,-O3 -Wall -Wextra -std=c++17 -fopenmp -ffp-contract=off -g -DOMP_EXPLICIT_SIMD=0 -march=haswell,90.262840,4e063cbe88523a0e,passed
simd-phase-zoom,2026-09-27T16:38:07Z,6000x6000.png,6000,6000,Zoom_In,4,4,static,,omp-avx2,yes,unset,unset,hype2,12.2.0,-O3 -Wall -Wextra -std=c++17 -fopenmp -ffp-contract=off -g -DOMP_EXPLICIT_SIMD=1 -march=haswell,90.886649,4e063cbe88523a0e,passed
simd-phase-zoom,2026-09-27T16:38:10Z,6000x6000.png,6000,6000,Zoom_In,4,2,static,,off-avx2,yes,unset,unset,hype2,12.2.0,-O3 -Wall -Wextra -std=c++17 -fopenmp -ffp-contract=off -g -DOMP_EXPLICIT_SIMD=0 -fno-tree-vectorize -march=haswell,196.677709,4e063cbe88523a0e,passed
simd-phase-zoom,2026-09-27T16:38:12Z,6000x6000.png,6000,6000,Zoom_In,4,2,static,,auto-avx2,yes,unset,unset,hype2,12.2.0,-O3 -Wall -Wextra -std=c++17 -fopenmp -ffp-contract=off -g -DOMP_EXPLICIT_SIMD=0 -march=haswell,146.839156,4e063cbe88523a0e,passed
simd-phase-zoom,2026-09-27T16:38:14Z,6000x6000.png,6000,6000,Zoom_In,4,2,static,,omp-avx2,yes,unset,unset,hype2,12.2.0,-O3 -Wall -Wextra -std=c++17 -fopenmp -ffp-contract=off -g -DOMP_EXPLICIT_SIMD=1 -march=haswell,146.246497,4e063cbe88523a0e,passed
simd-phase-zoom,2026-09-27T16:38:16Z,6000x6000.png,6000,6000,Zoom_In,4,1,static,,off-avx2,yes,unset,unset,hype2,12.2.0,-O3 -Wall -Wextra -std=c++17 -fopenmp -ffp-contract=off -g -DOMP_EXPLICIT_SIMD=0 -fno-tree-vectorize -march=haswell,349.504043,4e063cbe88523a0e,passed
simd-phase-zoom,2026-09-27T16:38:19Z,6000x6000.png,6000,6000,Zoom_In,4,1,static,,auto-avx2,yes,unset,unset,hype2,12.2.0,-O3 -Wall -Wextra -std=c++17 -fopenmp -ffp-contract=off -g -DOMP_EXPLICIT_SIMD=0 -march=haswell,285.664350,4e063cbe88523a0e,passed
simd-phase-zoom,2026-09-27T16:38:21Z,6000x6000.png,6000,6000,Zoom_In,4,1,static,,omp-avx2,yes,unset,unset,hype2,12.2.0,-O3 -Wall -Wextra -std=c++17 -fopenmp -ffp-contract=off -g -DOMP_EXPLICIT_SIMD=1 -march=haswell,285.648344,4e063cbe88523a0e,passed
simd-phase-zoom,2026-09-27T16:38:23Z,6000x6000.png,6000,6000,Zoom_In,5,1,static,,auto-avx2,yes,unset,unset,hype2,12.2.0,-O3 -Wall -Wextra -std=c++17 -fopenmp -ffp-contract=off -g -DOMP_EXPLICIT_SIMD=0 -march=haswell,286.159680,4e063cbe88523a0e,passed
simd-phase-zoom,2026-09-27T16:38:26Z,6000x6000.png,6000,6000,Zoom_In,5,1,static,,omp-avx2,yes,unset,unset,hype2,12.2.0,-O3 -Wall -Wextra -std=c++17 -fopenmp -ffp-contract=off -g -DOMP_EXPLICIT_SIMD=1 -march=haswell,285.328900,4e063cbe88523a0e,passed
simd-phase-zoom,2026-09-27T16:38:28Z,6000x6000.png,6000,6000,Zoom_In,5,1,static,,off-avx2,yes,unset,unset,hype2,12.2.0,-O3 -Wall -Wextra -std=c++17 -fopenmp -ffp-contract=off -g -DOMP_EXPLICIT_SIMD=0 -fno-tree-vectorize -march=haswell,351.187797,4e063cbe88523a0e,passed
simd-phase-zoom,2026-09-27T16:38:30Z,6000x6000.png,6000,6000,Zoom_In,5,2,static,,auto-avx2,yes,unset,unset,hype2,12.2.0,-O3 -Wall -Wextra -std=c++17 -fopenmp -ffp-contract=off -g -DOMP_EXPLICIT_SIMD=0 -march=haswell,153.546288,4e063cbe88523a0e,passed
simd-phase-zoom,2026-09-27T16:38:32Z,6000x6000.png,6000,6000,Zoom_In,5,2,static,,omp-avx2,yes,unset,unset,hype2,12.2.0,-O3 -Wall -Wextra -std=c++17 -fopenmp -ffp-contract=off -g -DOMP_EXPLICIT_SIMD=1 -march=haswell,152.782588,4e063cbe88523a0e,passed
simd-phase-zoom,2026-09-27T16:38:35Z,6000x6000.png,6000,6000,Zoom_In,5,2,static,,off-avx2,yes,unset,unset,hype2,12.2.0,-O3 -Wall -Wextra -std=c++17 -fopenmp -ffp-contract=off -g -DOMP_EXPLICIT_SIMD=0 -fno-tree-vectorize -march=haswell,194.435341,4e063cbe88523a0e,passed
simd-phase-zoom,2026-09-27T16:38:37Z,6000x6000.png,6000,6000,Zoom_In,5,4,static,,auto-avx2,yes,unset,unset,hype2,12.2.0,-O3 -Wall -Wextra -std=c++17 -fopenmp -ffp-contract=off -g -DOMP_EXPLICIT_SIMD=0 -march=haswell,89.517702,4e063cbe88523a0e,passed
simd-phase-zoom,2026-09-27T16:38:39Z,6000x6000.png,6000,6000,Zoom_In,5,4,static,,omp-avx2,yes,unset,unset,hype2,12.2.0,-O3 -Wall -Wextra -std=c++17 -fopenmp -ffp-contract=off -g -DOMP_EXPLICIT_SIMD=1 -march=haswell,89.350427,4e063cbe88523a0e,passed
simd-phase-zoom,2026-09-27T16:38:41Z,6000x6000.png,6000,6000,Zoom_In,5,4,static,,off-avx2,yes,unset,unset,hype2,12.2.0,-O3 -Wall -Wextra -std=c++17 -fopenmp -ffp-contract=off -g -DOMP_EXPLICIT_SIMD=0 -fno-tree-vectorize -march=haswell,107.074314,4e063cbe88523a0e,passed
simd-phase-zoom,2026-09-27T16:38:43Z,6000x6000.png,6000,6000,Zoom_In,5,8,static,,auto-avx2,yes,unset,unset,hype2,12.2.0,-O3 -Wall -Wextra -std=c++17 -fopenmp -ffp-contract=off -g -DOMP_EXPLICIT_SIMD=0 -march=haswell,52.599431,4e063cbe88523a0e,passed
simd-phase-zoom,2026-09-27T16:38:45Z,6000x6000.png,6000,6000,Zoom_In,5,8,static,,omp-avx2,yes,unset,unset,hype2,12.2.0,-O3 -Wall -Wextra -std=c++17 -fopenmp -ffp-contract=off -g -DOMP_EXPLICIT_SIMD=1 -march=haswell,51.998386,4e063cbe88523a0e,passed
simd-phase-zoom,2026-09-27T16:38:47Z,6000x6000.png,6000,6000,Zoom_In,5,8,static,,off-avx2,yes,unset,unset,hype2,12.2.0,-O3 -Wall -Wextra -std=c++17 -fopenmp -ffp-contract=off -g -DOMP_EXPLICIT_SIMD=0 -fno-tree-vectorize -march=haswell,61.767714,4e063cbe88523a0e,passed
simd-phase-zoom,2026-09-27T16:38:49Z,6000x6000.png,6000,6000,Zoom_In,5,12,static,,auto-avx2,yes,unset,unset,hype2,12.2.0,-O3 -Wall -Wextra -std=c++17 -fopenmp -ffp-contract=off -g -DOMP_EXPLICIT_SIMD=0 -march=haswell,37.254037,4e063cbe88523a0e,passed
simd-phase-zoom,2026-09-27T16:38:52Z,6000x6000.png,6000,6000,Zoom_In,5,12,static,,omp-avx2,yes,unset,unset,hype2,12.2.0,-O3 -Wall -Wextra -std=c++17 -fopenmp -ffp-contract=off -g -DOMP_EXPLICIT_SIMD=1 -march=haswell,37.157979,4e063cbe88523a0e,passed
simd-phase-zoom,2026-09-27T16:38:54Z,6000x6000.png,6000,6000,Zoom_In,5,12,static,,off-avx2,yes,unset,unset,hype2,12.2.0,-O3 -Wall -Wextra -std=c++17 -fopenmp -ffp-contract=off -g -DOMP_EXPLICIT_SIMD=0 -fno-tree-vectorize -march=haswell,42.842808,4e063cbe88523a0e,passed
simd-phase-zoom,2026-09-27T16:38:56Z,6000x6000.png,6000,6000,Zoom_In,5,16,static,,auto-avx2,yes,unset,unset,hype2,12.2.0,-O3 -Wall -Wextra -std=c++17 -fopenmp -ffp-contract=off -g -DOMP_EXPLICIT_SIMD=0 -march=haswell,28.874200,4e063cbe88523a0e,passed
simd-phase-zoom,2026-09-27T16:38:58Z,6000x6000.png,6000,6000,Zoom_In,5,16,static,,omp-avx2,yes,unset,unset,hype2,12.2.0,-O3 -Wall -Wextra -std=c++17 -fopenmp -ffp-contract=off -g -DOMP_EXPLICIT_SIMD=1 -march=haswell,28.464091,4e063cbe88523a0e,passed
simd-phase-zoom,2026-09-27T16:39:00Z,6000x6000.png,6000,6000,Zoom_In,5,16,static,,off-avx2,yes,unset,unset,hype2,12.2.0,-O3 -Wall -Wextra -std=c++17 -fopenmp -ffp-contract=off -g -DOMP_EXPLICIT_SIMD=0 -fno-tree-vectorize -march=haswell,32.196140,4e063cbe88523a0e,passed
simd-phase-zoom,2026-09-27T16:39:02Z,6000x6000.png,6000,6000,Zoom_In,5,17,static,,auto-avx2,yes,unset,unset,hype2,12.2.0,-O3 -Wall -Wextra -std=c++17 -fopenmp -ffp-contract=off -g -DOMP_EXPLICIT_SIMD=0 -march=haswell,27.889100,4e063cbe88523a0e,passed
simd-phase-zoom,2026-09-27T16:39:04Z,6000x6000.png,6000,6000,Zoom_In,5,17,static,,omp-avx2,yes,unset,unset,hype2,12.2.0,-O3 -Wall -Wextra -std=c++17 -fopenmp -ffp-contract=off -g -DOMP_EXPLICIT_SIMD=1 -march=haswell,28.278811,4e063cbe88523a0e,passed
simd-phase-zoom,2026-09-27T16:39:06Z,6000x6000.png,6000,6000,Zoom_In,5,17,static,,off-avx2,yes,unset,unset,hype2,12.2.0,-O3 -Wall -Wextra -std=c++17 -fopenmp -ffp-contract=off -g -DOMP_EXPLICIT_SIMD=0 -fno-tree-vectorize -march=haswell,29.174499,4e063cbe88523a0e,passed
simd-phase-zoom,2026-09-27T16:39:08Z,6000x6000.png,6000,6000,Zoom_In,5,18,static,,auto-avx2,yes,unset,unset,hype2,12.2.0,-O3 -Wall -Wextra -std=c++17 -fopenmp -ffp-contract=off -g -DOMP_EXPLICIT_SIMD=0 -march=haswell,27.117915,4e063cbe88523a0e,passed
simd-phase-zoom,2026-09-27T16:39:10Z,6000x6000.png,6000,6000,Zoom_In,5,18,static,,omp-avx2,yes,unset,unset,hype2,12.2.0,-O3 -Wall -Wextra -std=c++17 -fopenmp -ffp-contract=off -g -DOMP_EXPLICIT_SIMD=1 -march=haswell,27.038352,4e063cbe88523a0e,passed
simd-phase-zoom,2026-09-27T16:39:12Z,6000x6000.png,6000,6000,Zoom_In,5,18,static,,off-avx2,yes,unset,unset,hype2,12.2.0,-O3 -Wall -Wextra -std=c++17 -fopenmp -ffp-contract=off -g -DOMP_EXPLICIT_SIMD=0 -fno-tree-vectorize -march=haswell,29.343039,4e063cbe88523a0e,passed
simd-phase-zoom,2026-09-27T16:39:14Z,6000x6000.png,6000,6000,Zoom_In,5,19,static,,auto-avx2,yes,unset,unset,hype2,12.2.0,-O3 -Wall -Wextra -std=c++17 -fopenmp -ffp-contract=off -g -DOMP_EXPLICIT_SIMD=0 -march=haswell,27.275151,4e063cbe88523a0e,passed
simd-phase-zoom,2026-09-27T16:39:16Z,6000x6000.png,6000,6000,Zoom_In,5,19,static,,omp-avx2,yes,unset,unset,hype2,12.2.0,-O3 -Wall -Wextra -std=c++17 -fopenmp -ffp-contract=off -g -DOMP_EXPLICIT_SIMD=1 -march=haswell,26.458837,4e063cbe88523a0e,passed
simd-phase-zoom,2026-09-27T16:39:18Z,6000x6000.png,6000,6000,Zoom_In,5,19,static,,off-avx2,yes,unset,unset,hype2,12.2.0,-O3 -Wall -Wextra -std=c++17 -fopenmp -ffp-contract=off -g -DOMP_EXPLICIT_SIMD=0 -fno-tree-vectorize -march=haswell,27.894082,4e063cbe88523a0e,passed
simd-phase-zoom,2026-09-27T16:39:20Z,6000x6000.png,6000,6000,Zoom_In,5,20,static,,auto-avx2,yes,unset,unset,hype2,12.2.0,-O3 -Wall -Wextra -std=c++17 -fopenmp -ffp-contract=off -g -DOMP_EXPLICIT_SIMD=0 -march=haswell,26.764706,4e063cbe88523a0e,passed
simd-phase-zoom,2026-09-27T16:39:23Z,6000x6000.png,6000,6000,Zoom_In,5,20,static,,omp-avx2,yes,unset,unset,hype2,12.2.0,-O3 -Wall -Wextra -std=c++17 -fopenmp -ffp-contract=off -g -DOMP_EXPLICIT_SIMD=1 -march=haswell,25.715125,4e063cbe88523a0e,passed
simd-phase-zoom,2026-09-27T16:39:25Z,6000x6000.png,6000,6000,Zoom_In,5,20,static,,off-avx2,yes,unset,unset,hype2,12.2.0,-O3 -Wall -Wextra -std=c++17 -fopenmp -ffp-contract=off -g -DOMP_EXPLICIT_SIMD=0 -fno-tree-vectorize -march=haswell,27.651239,4e063cbe88523a0e,passed
simd-phase-zoom,2026-09-27T16:39:27Z,6000x6000.png,6000,6000,Zoom_In,6,20,static,,omp-avx2,yes,unset,unset,hype2,12.2.0,-O3 -Wall -Wextra -std=c++17 -fopenmp -ffp-contract=off -g -DOMP_EXPLICIT_SIMD=1 -march=haswell,34.566631,4e063cbe88523a0e,passed
simd-phase-zoom,2026-09-27T16:39:29Z,6000x6000.png,6000,6000,Zoom_In,6,20,static,,off-avx2,yes,unset,unset,hype2,12.2.0,-O3 -Wall -Wextra -std=c++17 -fopenmp -ffp-contract=off -g -DOMP_EXPLICIT_SIMD=0 -fno-tree-vectorize -march=haswell,27.219589,4e063cbe88523a0e,passed
simd-phase-zoom,2026-09-27T16:39:31Z,6000x6000.png,6000,6000,Zoom_In,6,20,static,,auto-avx2,yes,unset,unset,hype2,12.2.0,-O3 -Wall -Wextra -std=c++17 -fopenmp -ffp-contract=off -g -DOMP_EXPLICIT_SIMD=0 -march=haswell,26.182544,4e063cbe88523a0e,passed
simd-phase-zoom,2026-09-27T16:39:33Z,6000x6000.png,6000,6000,Zoom_In,6,19,static,,omp-avx2,yes,unset,unset,hype2,12.2.0,-O3 -Wall -Wextra -std=c++17 -fopenmp -ffp-contract=off -g -DOMP_EXPLICIT_SIMD=1 -march=haswell,26.708614,4e063cbe88523a0e,passed
simd-phase-zoom,2026-09-27T16:39:35Z,6000x6000.png,6000,6000,Zoom_In,6,19,static,,off-avx2,yes,unset,unset,hype2,12.2.0,-O3 -Wall -Wextra -std=c++17 -fopenmp -ffp-contract=off -g -DOMP_EXPLICIT_SIMD=0 -fno-tree-vectorize -march=haswell,28.466033,4e063cbe88523a0e,passed
simd-phase-zoom,2026-09-27T16:39:37Z,6000x6000.png,6000,6000,Zoom_In,6,19,static,,auto-avx2,yes,unset,unset,hype2,12.2.0,-O3 -Wall -Wextra -std=c++17 -fopenmp -ffp-contract=off -g -DOMP_EXPLICIT_SIMD=0 -march=haswell,26.955207,4e063cbe88523a0e,passed
simd-phase-zoom,2026-09-27T16:39:39Z,6000x6000.png,6000,6000,Zoom_In,6,18,static,,omp-avx2,yes,unset,unset,hype2,12.2.0,-O3 -Wall -Wextra -std=c++17 -fopenmp -ffp-contract=off -g -DOMP_EXPLICIT_SIMD=1 -march=haswell,27.955879,4e063cbe88523a0e,passed
simd-phase-zoom,2026-09-27T16:39:41Z,6000x6000.png,6000,6000,Zoom_In,6,18,static,,off-avx2,yes,unset,unset,hype2,12.2.0,-O3 -Wall -Wextra -std=c++17 -fopenmp -ffp-contract=off -g -DOMP_EXPLICIT_SIMD=0 -fno-tree-vectorize -march=haswell,29.031342,4e063cbe88523a0e,passed
simd-phase-zoom,2026-09-27T16:39:43Z,6000x6000.png,6000,6000,Zoom_In,6,18,static,,auto-avx2,yes,unset,unset,hype2,12.2.0,-O3 -Wall -Wextra -std=c++17 -fopenmp -ffp-contract=off -g -DOMP_EXPLICIT_SIMD=0 -march=haswell,26.912880,4e063cbe88523a0e,passed
simd-phase-zoom,2026-09-27T16:39:45Z,6000x6000.png,6000,6000,Zoom_In,6,17,static,,omp-avx2,yes,unset,unset,hype2,12.2.0,-O3 -Wall -Wextra -std=c++17 -fopenmp -ffp-contract=off -g -DOMP_EXPLICIT_SIMD=1 -march=haswell,28.580535,4e063cbe88523a0e,passed
simd-phase-zoom,2026-09-27T16:39:47Z,6000x6000.png,6000,6000,Zoom_In,6,17,static,,off-avx2,yes,unset,unset,hype2,12.2.0,-O3 -Wall -Wextra -std=c++17 -fopenmp -ffp-contract=off -g -DOMP_EXPLICIT_SIMD=0 -fno-tree-vectorize -march=haswell,30.542817,4e063cbe88523a0e,passed
simd-phase-zoom,2026-09-27T16:39:49Z,6000x6000.png,6000,6000,Zoom_In,6,17,static,,auto-avx2,yes,unset,unset,hype2,12.2.0,-O3 -Wall -Wextra -std=c++17 -fopenmp -ffp-contract=off -g -DOMP_EXPLICIT_SIMD=0 -march=haswell,28.605135,4e063cbe88523a0e,passed
simd-phase-zoom,2026-09-27T16:39:51Z,6000x6000.png,6000,6000,Zoom_In,6,16,static,,omp-avx2,yes,unset,unset,hype2,12.2.0,-O3 -Wall -Wextra -std=c++17 -fopenmp -ffp-contract=off -g -DOMP_EXPLICIT_SIMD=1 -march=haswell,29.332562,4e063cbe88523a0e,passed
simd-phase-zoom,2026-09-27T16:39:54Z,6000x6000.png,6000,6000,Zoom_In,6,16,static,,off-avx2,yes,unset,unset,hype2,12.2.0,-O3 -Wall -Wextra -std=c++17 -fopenmp -ffp-contract=off -g -DOMP_EXPLICIT_SIMD=0 -fno-tree-vectorize -march=haswell,31.152017,4e063cbe88523a0e,passed
simd-phase-zoom,2026-09-27T16:39:56Z,6000x6000.png,6000,6000,Zoom_In,6,16,static,,auto-avx2,yes,unset,unset,hype2,12.2.0,-O3 -Wall -Wextra -std=c++17 -fopenmp -ffp-contract=off -g -DOMP_EXPLICIT_SIMD=0 -march=haswell,29.336586,4e063cbe88523a0e,passed
simd-phase-zoom,2026-09-27T16:39:58Z,6000x6000.png,6000,6000,Zoom_In,6,12,static,,omp-avx2,yes,unset,unset,hype2,12.2.0,-O3 -Wall -Wextra -std=c++17 -fopenmp -ffp-contract=off -g -DOMP_EXPLICIT_SIMD=1 -march=haswell,34.413132,4e063cbe88523a0e,passed
simd-phase-zoom,2026-09-27T16:40:00Z,6000x6000.png,6000,6000,Zoom_In,6,12,static,,off-avx2,yes,unset,unset,hype2,12.2.0,-O3 -Wall -Wextra -std=c++17 -fopenmp -ffp-contract=off -g -DOMP_EXPLICIT_SIMD=0 -fno-tree-vectorize -march=haswell,42.641013,4e063cbe88523a0e,passed
simd-phase-zoom,2026-09-27T16:40:02Z,6000x6000.png,6000,6000,Zoom_In,6,12,static,,auto-avx2,yes,unset,unset,hype2,12.2.0,-O3 -Wall -Wextra -std=c++17 -fopenmp -ffp-contract=off -g -DOMP_EXPLICIT_SIMD=0 -march=haswell,37.007098,4e063cbe88523a0e,passed
simd-phase-zoom,2026-09-27T16:40:04Z,6000x6000.png,6000,6000,Zoom_In,6,8,static,,omp-avx2,yes,unset,unset,hype2,12.2.0,-O3 -Wall -Wextra -std=c++17 -fopenmp -ffp-contract=off -g -DOMP_EXPLICIT_SIMD=1 -march=haswell,52.236713,4e063cbe88523a0e,passed
simd-phase-zoom,2026-09-27T16:40:06Z,6000x6000.png,6000,6000,Zoom_In,6,8,static,,off-avx2,yes,unset,unset,hype2,12.2.0,-O3 -Wall -Wextra -std=c++17 -fopenmp -ffp-contract=off -g -DOMP_EXPLICIT_SIMD=0 -fno-tree-vectorize -march=haswell,60.997264,4e063cbe88523a0e,passed
simd-phase-zoom,2026-09-27T16:40:08Z,6000x6000.png,6000,6000,Zoom_In,6,8,static,,auto-avx2,yes,unset,unset,hype2,12.2.0,-O3 -Wall -Wextra -std=c++17 -fopenmp -ffp-contract=off -g -DOMP_EXPLICIT_SIMD=0 -march=haswell,52.686971,4e063cbe88523a0e,passed
simd-phase-zoom,2026-09-27T16:40:10Z,6000x6000.png,6000,6000,Zoom_In,6,4,static,,omp-avx2,yes,unset,unset,hype2,12.2.0,-O3 -Wall -Wextra -std=c++17 -fopenmp -ffp-contract=off -g -DOMP_EXPLICIT_SIMD=1 -march=haswell,91.645168,4e063cbe88523a0e,passed
simd-phase-zoom,2026-09-27T16:40:12Z,6000x6000.png,6000,6000,Zoom_In,6,4,static,,off-avx2,yes,unset,unset,hype2,12.2.0,-O3 -Wall -Wextra -std=c++17 -fopenmp -ffp-contract=off -g -DOMP_EXPLICIT_SIMD=0 -fno-tree-vectorize -march=haswell,110.209770,4e063cbe88523a0e,passed
simd-phase-zoom,2026-09-27T16:40:14Z,6000x6000.png,6000,6000,Zoom_In,6,4,static,,auto-avx2,yes,unset,unset,hype2,12.2.0,-O3 -Wall -Wextra -std=c++17 -fopenmp -ffp-contract=off -g -DOMP_EXPLICIT_SIMD=0 -march=haswell,92.428531,4e063cbe88523a0e,passed
simd-phase-zoom,2026-09-27T16:40:17Z,6000x6000.png,6000,6000,Zoom_In,6,2,static,,omp-avx2,yes,unset,unset,hype2,12.2.0,-O3 -Wall -Wextra -std=c++17 -fopenmp -ffp-contract=off -g -DOMP_EXPLICIT_SIMD=1 -march=haswell,148.384143,4e063cbe88523a0e,passed
simd-phase-zoom,2026-09-27T16:40:19Z,6000x6000.png,6000,6000,Zoom_In,6,2,static,,off-avx2,yes,unset,unset,hype2,12.2.0,-O3 -Wall -Wextra -std=c++17 -fopenmp -ffp-contract=off -g -DOMP_EXPLICIT_SIMD=0 -fno-tree-vectorize -march=haswell,186.654909,4e063cbe88523a0e,passed
simd-phase-zoom,2026-09-27T16:40:21Z,6000x6000.png,6000,6000,Zoom_In,6,2,static,,auto-avx2,yes,unset,unset,hype2,12.2.0,-O3 -Wall -Wextra -std=c++17 -fopenmp -ffp-contract=off -g -DOMP_EXPLICIT_SIMD=0 -march=haswell,146.854088,4e063cbe88523a0e,passed
simd-phase-zoom,2026-09-27T16:40:23Z,6000x6000.png,6000,6000,Zoom_In,6,1,static,,omp-avx2,yes,unset,unset,hype2,12.2.0,-O3 -Wall -Wextra -std=c++17 -fopenmp -ffp-contract=off -g -DOMP_EXPLICIT_SIMD=1 -march=haswell,283.996017,4e063cbe88523a0e,passed
simd-phase-zoom,2026-09-27T16:40:26Z,6000x6000.png,6000,6000,Zoom_In,6,1,static,,off-avx2,yes,unset,unset,hype2,12.2.0,-O3 -Wall -Wextra -std=c++17 -fopenmp -ffp-contract=off -g -DOMP_EXPLICIT_SIMD=0 -fno-tree-vectorize -march=haswell,348.548242,4e063cbe88523a0e,passed
simd-phase-zoom,2026-09-27T16:40:28Z,6000x6000.png,6000,6000,Zoom_In,6,1,static,,auto-avx2,yes,unset,unset,hype2,12.2.0,-O3 -Wall -Wextra -std=c++17 -fopenmp -ffp-contract=off -g -DOMP_EXPLICIT_SIMD=0 -march=haswell,279.081256,4e063cbe88523a0e,passed
simd-phase-zoom,2026-09-27T16:40:31Z,6000x6000.png,6000,6000,Zoom_In,7,1,static,,off-avx2,yes,unset,unset,hype2,12.2.0,-O3 -Wall -Wextra -std=c++17 -fopenmp -ffp-contract=off -g -DOMP_EXPLICIT_SIMD=0 -fno-tree-vectorize -march=haswell,349.910267,4e063cbe88523a0e,passed
simd-phase-zoom,2026-09-27T16:40:33Z,6000x6000.png,6000,6000,Zoom_In,7,1,static,,auto-avx2,yes,unset,unset,hype2,12.2.0,-O3 -Wall -Wextra -std=c++17 -fopenmp -ffp-contract=off -g -DOMP_EXPLICIT_SIMD=0 -march=haswell,285.224107,4e063cbe88523a0e,passed
simd-phase-zoom,2026-09-27T16:40:35Z,6000x6000.png,6000,6000,Zoom_In,7,1,static,,omp-avx2,yes,unset,unset,hype2,12.2.0,-O3 -Wall -Wextra -std=c++17 -fopenmp -ffp-contract=off -g -DOMP_EXPLICIT_SIMD=1 -march=haswell,283.432329,4e063cbe88523a0e,passed
simd-phase-zoom,2026-09-27T16:40:37Z,6000x6000.png,6000,6000,Zoom_In,7,2,static,,off-avx2,yes,unset,unset,hype2,12.2.0,-O3 -Wall -Wextra -std=c++17 -fopenmp -ffp-contract=off -g -DOMP_EXPLICIT_SIMD=0 -fno-tree-vectorize -march=haswell,176.411469,4e063cbe88523a0e,passed
simd-phase-zoom,2026-09-27T16:40:40Z,6000x6000.png,6000,6000,Zoom_In,7,2,static,,auto-avx2,yes,unset,unset,hype2,12.2.0,-O3 -Wall -Wextra -std=c++17 -fopenmp -ffp-contract=off -g -DOMP_EXPLICIT_SIMD=0 -march=haswell,152.965110,4e063cbe88523a0e,passed
simd-phase-zoom,2026-09-27T16:40:42Z,6000x6000.png,6000,6000,Zoom_In,7,2,static,,omp-avx2,yes,unset,unset,hype2,12.2.0,-O3 -Wall -Wextra -std=c++17 -fopenmp -ffp-contract=off -g -DOMP_EXPLICIT_SIMD=1 -march=haswell,145.021501,4e063cbe88523a0e,passed
simd-phase-zoom,2026-09-27T16:40:44Z,6000x6000.png,6000,6000,Zoom_In,7,4,static,,off-avx2,yes,unset,unset,hype2,12.2.0,-O3 -Wall -Wextra -std=c++17 -fopenmp -ffp-contract=off -g -DOMP_EXPLICIT_SIMD=0 -fno-tree-vectorize -march=haswell,107.375711,4e063cbe88523a0e,passed
simd-phase-zoom,2026-09-27T16:40:46Z,6000x6000.png,6000,6000,Zoom_In,7,4,static,,auto-avx2,yes,unset,unset,hype2,12.2.0,-O3 -Wall -Wextra -std=c++17 -fopenmp -ffp-contract=off -g -DOMP_EXPLICIT_SIMD=0 -march=haswell,89.260448,4e063cbe88523a0e,passed
simd-phase-zoom,2026-09-27T16:40:48Z,6000x6000.png,6000,6000,Zoom_In,7,4,static,,omp-avx2,yes,unset,unset,hype2,12.2.0,-O3 -Wall -Wextra -std=c++17 -fopenmp -ffp-contract=off -g -DOMP_EXPLICIT_SIMD=1 -march=haswell,92.741581,4e063cbe88523a0e,passed
simd-phase-zoom,2026-09-27T16:40:50Z,6000x6000.png,6000,6000,Zoom_In,7,8,static,,off-avx2,yes,unset,unset,hype2,12.2.0,-O3 -Wall -Wextra -std=c++17 -fopenmp -ffp-contract=off -g -DOMP_EXPLICIT_SIMD=0 -fno-tree-vectorize -march=haswell,62.075448,4e063cbe88523a0e,passed
simd-phase-zoom,2026-09-27T16:40:53Z,6000x6000.png,6000,6000,Zoom_In,7,8,static,,auto-avx2,yes,unset,unset,hype2,12.2.0,-O3 -Wall -Wextra -std=c++17 -fopenmp -ffp-contract=off -g -DOMP_EXPLICIT_SIMD=0 -march=haswell,50.980426,4e063cbe88523a0e,passed
simd-phase-zoom,2026-09-27T16:40:55Z,6000x6000.png,6000,6000,Zoom_In,7,8,static,,omp-avx2,yes,unset,unset,hype2,12.2.0,-O3 -Wall -Wextra -std=c++17 -fopenmp -ffp-contract=off -g -DOMP_EXPLICIT_SIMD=1 -march=haswell,48.297441,4e063cbe88523a0e,passed
simd-phase-zoom,2026-09-27T16:40:57Z,6000x6000.png,6000,6000,Zoom_In,7,12,static,,off-avx2,yes,unset,unset,hype2,12.2.0,-O3 -Wall -Wextra -std=c++17 -fopenmp -ffp-contract=off -g -DOMP_EXPLICIT_SIMD=0 -fno-tree-vectorize -march=haswell,42.696126,4e063cbe88523a0e,passed
simd-phase-zoom,2026-09-27T16:40:59Z,6000x6000.png,6000,6000,Zoom_In,7,12,static,,auto-avx2,yes,unset,unset,hype2,12.2.0,-O3 -Wall -Wextra -std=c++17 -fopenmp -ffp-contract=off -g -DOMP_EXPLICIT_SIMD=0 -march=haswell,31.504453,4e063cbe88523a0e,passed
simd-phase-zoom,2026-09-27T16:41:01Z,6000x6000.png,6000,6000,Zoom_In,7,12,static,,omp-avx2,yes,unset,unset,hype2,12.2.0,-O3 -Wall -Wextra -std=c++17 -fopenmp -ffp-contract=off -g -DOMP_EXPLICIT_SIMD=1 -march=haswell,38.084155,4e063cbe88523a0e,passed
simd-phase-zoom,2026-09-27T16:41:03Z,6000x6000.png,6000,6000,Zoom_In,7,16,static,,off-avx2,yes,unset,unset,hype2,12.2.0,-O3 -Wall -Wextra -std=c++17 -fopenmp -ffp-contract=off -g -DOMP_EXPLICIT_SIMD=0 -fno-tree-vectorize -march=haswell,31.642561,4e063cbe88523a0e,passed
simd-phase-zoom,2026-09-27T16:41:05Z,6000x6000.png,6000,6000,Zoom_In,7,16,static,,auto-avx2,yes,unset,unset,hype2,12.2.0,-O3 -Wall -Wextra -std=c++17 -fopenmp -ffp-contract=off -g -DOMP_EXPLICIT_SIMD=0 -march=haswell,28.656589,4e063cbe88523a0e,passed
simd-phase-zoom,2026-09-27T16:41:07Z,6000x6000.png,6000,6000,Zoom_In,7,16,static,,omp-avx2,yes,unset,unset,hype2,12.2.0,-O3 -Wall -Wextra -std=c++17 -fopenmp -ffp-contract=off -g -DOMP_EXPLICIT_SIMD=1 -march=haswell,29.027868,4e063cbe88523a0e,passed
simd-phase-zoom,2026-09-27T16:41:09Z,6000x6000.png,6000,6000,Zoom_In,7,17,static,,off-avx2,yes,unset,unset,hype2,12.2.0,-O3 -Wall -Wextra -std=c++17 -fopenmp -ffp-contract=off -g -DOMP_EXPLICIT_SIMD=0 -fno-tree-vectorize -march=haswell,29.567967,4e063cbe88523a0e,passed
simd-phase-zoom,2026-09-27T16:41:11Z,6000x6000.png,6000,6000,Zoom_In,7,17,static,,auto-avx2,yes,unset,unset,hype2,12.2.0,-O3 -Wall -Wextra -std=c++17 -fopenmp -ffp-contract=off -g -DOMP_EXPLICIT_SIMD=0 -march=haswell,27.687244,4e063cbe88523a0e,passed
simd-phase-zoom,2026-09-27T16:41:13Z,6000x6000.png,6000,6000,Zoom_In,7,17,static,,omp-avx2,yes,unset,unset,hype2,12.2.0,-O3 -Wall -Wextra -std=c++17 -fopenmp -ffp-contract=off -g -DOMP_EXPLICIT_SIMD=1 -march=haswell,27.964537,4e063cbe88523a0e,passed
simd-phase-zoom,2026-09-27T16:41:15Z,6000x6000.png,6000,6000,Zoom_In,7,18,static,,off-avx2,yes,unset,unset,hype2,12.2.0,-O3 -Wall -Wextra -std=c++17 -fopenmp -ffp-contract=off -g -DOMP_EXPLICIT_SIMD=0 -fno-tree-vectorize -march=haswell,29.114312,4e063cbe88523a0e,passed
simd-phase-zoom,2026-09-27T16:41:17Z,6000x6000.png,6000,6000,Zoom_In,7,18,static,,auto-avx2,yes,unset,unset,hype2,12.2.0,-O3 -Wall -Wextra -std=c++17 -fopenmp -ffp-contract=off -g -DOMP_EXPLICIT_SIMD=0 -march=haswell,27.990855,4e063cbe88523a0e,passed
simd-phase-zoom,2026-09-27T16:41:19Z,6000x6000.png,6000,6000,Zoom_In,7,18,static,,omp-avx2,yes,unset,unset,hype2,12.2.0,-O3 -Wall -Wextra -std=c++17 -fopenmp -ffp-contract=off -g -DOMP_EXPLICIT_SIMD=1 -march=haswell,26.407851,4e063cbe88523a0e,passed
simd-phase-zoom,2026-09-27T16:41:22Z,6000x6000.png,6000,6000,Zoom_In,7,19,static,,off-avx2,yes,unset,unset,hype2,12.2.0,-O3 -Wall -Wextra -std=c++17 -fopenmp -ffp-contract=off -g -DOMP_EXPLICIT_SIMD=0 -fno-tree-vectorize -march=haswell,27.450960,4e063cbe88523a0e,passed
simd-phase-zoom,2026-09-27T16:41:24Z,6000x6000.png,6000,6000,Zoom_In,7,19,static,,auto-avx2,yes,unset,unset,hype2,12.2.0,-O3 -Wall -Wextra -std=c++17 -fopenmp -ffp-contract=off -g -DOMP_EXPLICIT_SIMD=0 -march=haswell,26.103087,4e063cbe88523a0e,passed
simd-phase-zoom,2026-09-27T16:41:26Z,6000x6000.png,6000,6000,Zoom_In,7,19,static,,omp-avx2,yes,unset,unset,hype2,12.2.0,-O3 -Wall -Wextra -std=c++17 -fopenmp -ffp-contract=off -g -DOMP_EXPLICIT_SIMD=1 -march=haswell,25.897037,4e063cbe88523a0e,passed
simd-phase-zoom,2026-09-27T16:41:28Z,6000x6000.png,6000,6000,Zoom_In,7,20,static,,off-avx2,yes,unset,unset,hype2,12.2.0,-O3 -Wall -Wextra -std=c++17 -fopenmp -ffp-contract=off -g -DOMP_EXPLICIT_SIMD=0 -fno-tree-vectorize -march=haswell,27.464076,4e063cbe88523a0e,passed
simd-phase-zoom,2026-09-27T16:41:30Z,6000x6000.png,6000,6000,Zoom_In,7,20,static,,auto-avx2,yes,unset,unset,hype2,12.2.0,-O3 -Wall -Wextra -std=c++17 -fopenmp -ffp-contract=off -g -DOMP_EXPLICIT_SIMD=0 -march=haswell,26.197598,4e063cbe88523a0e,passed
simd-phase-zoom,2026-09-27T16:41:32Z,6000x6000.png,6000,6000,Zoom_In,7,20,static,,omp-avx2,yes,unset,unset,hype2,12.2.0,-O3 -Wall -Wextra -std=c++17 -fopenmp -ffp-contract=off -g -DOMP_EXPLICIT_SIMD=1 -march=haswell,25.838001,4e063cbe88523a0e,passed
simd-phase-zoom,2026-09-27T16:41:34Z,6000x6000.png,6000,6000,Zoom_In,8,20,static,,auto-avx2,yes,unset,unset,hype2,12.2.0,-O3 -Wall -Wextra -std=c++17 -fopenmp -ffp-contract=off -g -DOMP_EXPLICIT_SIMD=0 -march=haswell,26.330499,4e063cbe88523a0e,passed
simd-phase-zoom,2026-09-27T16:41:36Z,6000x6000.png,6000,6000,Zoom_In,8,20,static,,omp-avx2,yes,unset,unset,hype2,12.2.0,-O3 -Wall -Wextra -std=c++17 -fopenmp -ffp-contract=off -g -DOMP_EXPLICIT_SIMD=1 -march=haswell,26.390903,4e063cbe88523a0e,passed
simd-phase-zoom,2026-09-27T16:41:38Z,6000x6000.png,6000,6000,Zoom_In,8,20,static,,off-avx2,yes,unset,unset,hype2,12.2.0,-O3 -Wall -Wextra -std=c++17 -fopenmp -ffp-contract=off -g -DOMP_EXPLICIT_SIMD=0 -fno-tree-vectorize -march=haswell,27.501310,4e063cbe88523a0e,passed
simd-phase-zoom,2026-09-27T16:41:40Z,6000x6000.png,6000,6000,Zoom_In,8,19,static,,auto-avx2,yes,unset,unset,hype2,12.2.0,-O3 -Wall -Wextra -std=c++17 -fopenmp -ffp-contract=off -g -DOMP_EXPLICIT_SIMD=0 -march=haswell,25.935890,4e063cbe88523a0e,passed
simd-phase-zoom,2026-09-27T16:41:42Z,6000x6000.png,6000,6000,Zoom_In,8,19,static,,omp-avx2,yes,unset,unset,hype2,12.2.0,-O3 -Wall -Wextra -std=c++17 -fopenmp -ffp-contract=off -g -DOMP_EXPLICIT_SIMD=1 -march=haswell,26.698653,4e063cbe88523a0e,passed
simd-phase-zoom,2026-09-27T16:41:44Z,6000x6000.png,6000,6000,Zoom_In,8,19,static,,off-avx2,yes,unset,unset,hype2,12.2.0,-O3 -Wall -Wextra -std=c++17 -fopenmp -ffp-contract=off -g -DOMP_EXPLICIT_SIMD=0 -fno-tree-vectorize -march=haswell,28.158827,4e063cbe88523a0e,passed
simd-phase-zoom,2026-09-27T16:41:46Z,6000x6000.png,6000,6000,Zoom_In,8,18,static,,auto-avx2,yes,unset,unset,hype2,12.2.0,-O3 -Wall -Wextra -std=c++17 -fopenmp -ffp-contract=off -g -DOMP_EXPLICIT_SIMD=0 -march=haswell,27.823302,4e063cbe88523a0e,passed
simd-phase-zoom,2026-09-27T16:41:48Z,6000x6000.png,6000,6000,Zoom_In,8,18,static,,omp-avx2,yes,unset,unset,hype2,12.2.0,-O3 -Wall -Wextra -std=c++17 -fopenmp -ffp-contract=off -g -DOMP_EXPLICIT_SIMD=1 -march=haswell,26.424118,4e063cbe88523a0e,passed
simd-phase-zoom,2026-09-27T16:41:50Z,6000x6000.png,6000,6000,Zoom_In,8,18,static,,off-avx2,yes,unset,unset,hype2,12.2.0,-O3 -Wall -Wextra -std=c++17 -fopenmp -ffp-contract=off -g -DOMP_EXPLICIT_SIMD=0 -fno-tree-vectorize -march=haswell,29.943639,4e063cbe88523a0e,passed
simd-phase-zoom,2026-09-27T16:41:52Z,6000x6000.png,6000,6000,Zoom_In,8,17,static,,auto-avx2,yes,unset,unset,hype2,12.2.0,-O3 -Wall -Wextra -std=c++17 -fopenmp -ffp-contract=off -g -DOMP_EXPLICIT_SIMD=0 -march=haswell,28.301910,4e063cbe88523a0e,passed
simd-phase-zoom,2026-09-27T16:41:55Z,6000x6000.png,6000,6000,Zoom_In,8,17,static,,omp-avx2,yes,unset,unset,hype2,12.2.0,-O3 -Wall -Wextra -std=c++17 -fopenmp -ffp-contract=off -g -DOMP_EXPLICIT_SIMD=1 -march=haswell,29.410502,4e063cbe88523a0e,passed
simd-phase-zoom,2026-09-27T16:41:57Z,6000x6000.png,6000,6000,Zoom_In,8,17,static,,off-avx2,yes,unset,unset,hype2,12.2.0,-O3 -Wall -Wextra -std=c++17 -fopenmp -ffp-contract=off -g -DOMP_EXPLICIT_SIMD=0 -fno-tree-vectorize -march=haswell,30.748565,4e063cbe88523a0e,passed
simd-phase-zoom,2026-09-27T16:41:59Z,6000x6000.png,6000,6000,Zoom_In,8,16,static,,auto-avx2,yes,unset,unset,hype2,12.2.0,-O3 -Wall -Wextra -std=c++17 -fopenmp -ffp-contract=off -g -DOMP_EXPLICIT_SIMD=0 -march=haswell,29.290673,4e063cbe88523a0e,passed
simd-phase-zoom,2026-09-27T16:42:01Z,6000x6000.png,6000,6000,Zoom_In,8,16,static,,omp-avx2,yes,unset,unset,hype2,12.2.0,-O3 -Wall -Wextra -std=c++17 -fopenmp -ffp-contract=off -g -DOMP_EXPLICIT_SIMD=1 -march=haswell,28.809749,4e063cbe88523a0e,passed
simd-phase-zoom,2026-09-27T16:42:03Z,6000x6000.png,6000,6000,Zoom_In,8,16,static,,off-avx2,yes,unset,unset,hype2,12.2.0,-O3 -Wall -Wextra -std=c++17 -fopenmp -ffp-contract=off -g -DOMP_EXPLICIT_SIMD=0 -fno-tree-vectorize -march=haswell,32.071208,4e063cbe88523a0e,passed
simd-phase-zoom,2026-09-27T16:42:05Z,6000x6000.png,6000,6000,Zoom_In,8,12,static,,auto-avx2,yes,unset,unset,hype2,12.2.0,-O3 -Wall -Wextra -std=c++17 -fopenmp -ffp-contract=off -g -DOMP_EXPLICIT_SIMD=0 -march=haswell,36.858231,4e063cbe88523a0e,passed
simd-phase-zoom,2026-09-27T16:42:07Z,6000x6000.png,6000,6000,Zoom_In,8,12,static,,omp-avx2,yes,unset,unset,hype2,12.2.0,-O3 -Wall -Wextra -std=c++17 -fopenmp -ffp-contract=off -g -DOMP_EXPLICIT_SIMD=1 -march=haswell,36.883851,4e063cbe88523a0e,passed
simd-phase-zoom,2026-09-27T16:42:09Z,6000x6000.png,6000,6000,Zoom_In,8,12,static,,off-avx2,yes,unset,unset,hype2,12.2.0,-O3 -Wall -Wextra -std=c++17 -fopenmp -ffp-contract=off -g -DOMP_EXPLICIT_SIMD=0 -fno-tree-vectorize -march=haswell,42.154226,4e063cbe88523a0e,passed
simd-phase-zoom,2026-09-27T16:42:11Z,6000x6000.png,6000,6000,Zoom_In,8,8,static,,auto-avx2,yes,unset,unset,hype2,12.2.0,-O3 -Wall -Wextra -std=c++17 -fopenmp -ffp-contract=off -g -DOMP_EXPLICIT_SIMD=0 -march=haswell,52.982670,4e063cbe88523a0e,passed
simd-phase-zoom,2026-09-27T16:42:13Z,6000x6000.png,6000,6000,Zoom_In,8,8,static,,omp-avx2,yes,unset,unset,hype2,12.2.0,-O3 -Wall -Wextra -std=c++17 -fopenmp -ffp-contract=off -g -DOMP_EXPLICIT_SIMD=1 -march=haswell,52.307113,4e063cbe88523a0e,passed
simd-phase-zoom,2026-09-27T16:42:15Z,6000x6000.png,6000,6000,Zoom_In,8,8,static,,off-avx2,yes,unset,unset,hype2,12.2.0,-O3 -Wall -Wextra -std=c++17 -fopenmp -ffp-contract=off -g -DOMP_EXPLICIT_SIMD=0 -fno-tree-vectorize -march=haswell,63.606174,4e063cbe88523a0e,passed
simd-phase-zoom,2026-09-27T16:42:17Z,6000x6000.png,6000,6000,Zoom_In,8,4,static,,auto-avx2,yes,unset,unset,hype2,12.2.0,-O3 -Wall -Wextra -std=c++17 -fopenmp -ffp-contract=off -g -DOMP_EXPLICIT_SIMD=0 -march=haswell,92.666453,4e063cbe88523a0e,passed
simd-phase-zoom,2026-09-27T16:42:20Z,6000x6000.png,6000,6000,Zoom_In,8,4,static,,omp-avx2,yes,unset,unset,hype2,12.2.0,-O3 -Wall -Wextra -std=c++17 -fopenmp -ffp-contract=off -g -DOMP_EXPLICIT_SIMD=1 -march=haswell,87.678018,4e063cbe88523a0e,passed
simd-phase-zoom,2026-09-27T16:42:22Z,6000x6000.png,6000,6000,Zoom_In,8,4,static,,off-avx2,yes,unset,unset,hype2,12.2.0,-O3 -Wall -Wextra -std=c++17 -fopenmp -ffp-contract=off -g -DOMP_EXPLICIT_SIMD=0 -fno-tree-vectorize -march=haswell,110.992159,4e063cbe88523a0e,passed
simd-phase-zoom,2026-09-27T16:42:24Z,6000x6000.png,6000,6000,Zoom_In,8,2,static,,auto-avx2,yes,unset,unset,hype2,12.2.0,-O3 -Wall -Wextra -std=c++17 -fopenmp -ffp-contract=off -g -DOMP_EXPLICIT_SIMD=0 -march=haswell,150.760184,4e063cbe88523a0e,passed
simd-phase-zoom,2026-09-27T16:42:26Z,6000x6000.png,6000,6000,Zoom_In,8,2,static,,omp-avx2,yes,unset,unset,hype2,12.2.0,-O3 -Wall -Wextra -std=c++17 -fopenmp -ffp-contract=off -g -DOMP_EXPLICIT_SIMD=1 -march=haswell,153.320992,4e063cbe88523a0e,passed
simd-phase-zoom,2026-09-27T16:42:28Z,6000x6000.png,6000,6000,Zoom_In,8,2,static,,off-avx2,yes,unset,unset,hype2,12.2.0,-O3 -Wall -Wextra -std=c++17 -fopenmp -ffp-contract=off -g -DOMP_EXPLICIT_SIMD=0 -fno-tree-vectorize -march=haswell,180.333802,4e063cbe88523a0e,passed
simd-phase-zoom,2026-09-27T16:42:31Z,6000x6000.png,6000,6000,Zoom_In,8,1,static,,auto-avx2,yes,unset,unset,hype2,12.2.0,-O3 -Wall -Wextra -std=c++17 -fopenmp -ffp-contract=off -g -DOMP_EXPLICIT_SIMD=0 -march=haswell,283.836257,4e063cbe88523a0e,passed
simd-phase-zoom,2026-09-27T16:42:33Z,6000x6000.png,6000,6000,Zoom_In,8,1,static,,omp-avx2,yes,unset,unset,hype2,12.2.0,-O3 -Wall -Wextra -std=c++17 -fopenmp -ffp-contract=off -g -DOMP_EXPLICIT_SIMD=1 -march=haswell,283.685092,4e063cbe88523a0e,passed
simd-phase-zoom,2026-09-27T16:42:35Z,6000x6000.png,6000,6000,Zoom_In,8,1,static,,off-avx2,yes,unset,unset,hype2,12.2.0,-O3 -Wall -Wextra -std=c++17 -fopenmp -ffp-contract=off -g -DOMP_EXPLICIT_SIMD=0 -fno-tree-vectorize -march=haswell,348.151352,4e063cbe88523a0e,passed
simd-phase-zoom,2026-09-27T16:42:38Z,6000x6000.png,6000,6000,Zoom_In,9,1,static,,omp-avx2,yes,unset,unset,hype2,12.2.0,-O3 -Wall -Wextra -std=c++17 -fopenmp -ffp-contract=off -g -DOMP_EXPLICIT_SIMD=1 -march=haswell,284.156602,4e063cbe88523a0e,passed
simd-phase-zoom,2026-09-27T16:42:40Z,6000x6000.png,6000,6000,Zoom_In,9,1,static,,off-avx2,yes,unset,unset,hype2,12.2.0,-O3 -Wall -Wextra -std=c++17 -fopenmp -ffp-contract=off -g -DOMP_EXPLICIT_SIMD=0 -fno-tree-vectorize -march=haswell,350.235987,4e063cbe88523a0e,passed
simd-phase-zoom,2026-09-27T16:42:42Z,6000x6000.png,6000,6000,Zoom_In,9,1,static,,auto-avx2,yes,unset,unset,hype2,12.2.0,-O3 -Wall -Wextra -std=c++17 -fopenmp -ffp-contract=off -g -DOMP_EXPLICIT_SIMD=0 -march=haswell,285.046075,4e063cbe88523a0e,passed
simd-phase-zoom,2026-09-27T16:42:45Z,6000x6000.png,6000,6000,Zoom_In,9,2,static,,omp-avx2,yes,unset,unset,hype2,12.2.0,-O3 -Wall -Wextra -std=c++17 -fopenmp -ffp-contract=off -g -DOMP_EXPLICIT_SIMD=1 -march=haswell,151.362923,4e063cbe88523a0e,passed
simd-phase-zoom,2026-09-27T16:42:47Z,6000x6000.png,6000,6000,Zoom_In,9,2,static,,off-avx2,yes,unset,unset,hype2,12.2.0,-O3 -Wall -Wextra -std=c++17 -fopenmp -ffp-contract=off -g -DOMP_EXPLICIT_SIMD=0 -fno-tree-vectorize -march=haswell,190.676489,4e063cbe88523a0e,passed
simd-phase-zoom,2026-09-27T16:42:49Z,6000x6000.png,6000,6000,Zoom_In,9,2,static,,auto-avx2,yes,unset,unset,hype2,12.2.0,-O3 -Wall -Wextra -std=c++17 -fopenmp -ffp-contract=off -g -DOMP_EXPLICIT_SIMD=0 -march=haswell,145.048437,4e063cbe88523a0e,passed
simd-phase-zoom,2026-09-27T16:42:51Z,6000x6000.png,6000,6000,Zoom_In,9,4,static,,omp-avx2,yes,unset,unset,hype2,12.2.0,-O3 -Wall -Wextra -std=c++17 -fopenmp -ffp-contract=off -g -DOMP_EXPLICIT_SIMD=1 -march=haswell,93.243554,4e063cbe88523a0e,passed
simd-phase-zoom,2026-09-27T16:42:53Z,6000x6000.png,6000,6000,Zoom_In,9,4,static,,off-avx2,yes,unset,unset,hype2,12.2.0,-O3 -Wall -Wextra -std=c++17 -fopenmp -ffp-contract=off -g -DOMP_EXPLICIT_SIMD=0 -fno-tree-vectorize -march=haswell,101.674889,4e063cbe88523a0e,passed
simd-phase-zoom,2026-09-27T16:42:55Z,6000x6000.png,6000,6000,Zoom_In,9,4,static,,auto-avx2,yes,unset,unset,hype2,12.2.0,-O3 -Wall -Wextra -std=c++17 -fopenmp -ffp-contract=off -g -DOMP_EXPLICIT_SIMD=0 -march=haswell,89.482159,4e063cbe88523a0e,passed
simd-phase-zoom,2026-09-27T16:42:57Z,6000x6000.png,6000,6000,Zoom_In,9,8,static,,omp-avx2,yes,unset,unset,hype2,12.2.0,-O3 -Wall -Wextra -std=c++17 -fopenmp -ffp-contract=off -g -DOMP_EXPLICIT_SIMD=1 -march=haswell,51.866975,4e063cbe88523a0e,passed
simd-phase-zoom,2026-09-27T16:43:00Z,6000x6000.png,6000,6000,Zoom_In,9,8,static,,off-avx2,yes,unset,unset,hype2,12.2.0,-O3 -Wall -Wextra -std=c++17 -fopenmp -ffp-contract=off -g -DOMP_EXPLICIT_SIMD=0 -fno-tree-vectorize -march=haswell,62.840918,4e063cbe88523a0e,passed
simd-phase-zoom,2026-09-27T16:43:02Z,6000x6000.png,6000,6000,Zoom_In,9,8,static,,auto-avx2,yes,unset,unset,hype2,12.2.0,-O3 -Wall -Wextra -std=c++17 -fopenmp -ffp-contract=off -g -DOMP_EXPLICIT_SIMD=0 -march=haswell,52.814703,4e063cbe88523a0e,passed
simd-phase-zoom,2026-09-27T16:43:04Z,6000x6000.png,6000,6000,Zoom_In,9,12,static,,omp-avx2,yes,unset,unset,hype2,12.2.0,-O3 -Wall -Wextra -std=c++17 -fopenmp -ffp-contract=off -g -DOMP_EXPLICIT_SIMD=1 -march=haswell,36.882962,4e063cbe88523a0e,passed
simd-phase-zoom,2026-09-27T16:43:06Z,6000x6000.png,6000,6000,Zoom_In,9,12,static,,off-avx2,yes,unset,unset,hype2,12.2.0,-O3 -Wall -Wextra -std=c++17 -fopenmp -ffp-contract=off -g -DOMP_EXPLICIT_SIMD=0 -fno-tree-vectorize -march=haswell,42.940415,4e063cbe88523a0e,passed
simd-phase-zoom,2026-09-27T16:43:08Z,6000x6000.png,6000,6000,Zoom_In,9,12,static,,auto-avx2,yes,unset,unset,hype2,12.2.0,-O3 -Wall -Wextra -std=c++17 -fopenmp -ffp-contract=off -g -DOMP_EXPLICIT_SIMD=0 -march=haswell,35.405657,4e063cbe88523a0e,passed
simd-phase-zoom,2026-09-27T16:43:10Z,6000x6000.png,6000,6000,Zoom_In,9,16,static,,omp-avx2,yes,unset,unset,hype2,12.2.0,-O3 -Wall -Wextra -std=c++17 -fopenmp -ffp-contract=off -g -DOMP_EXPLICIT_SIMD=1 -march=haswell,28.803300,4e063cbe88523a0e,passed
simd-phase-zoom,2026-09-27T16:43:12Z,6000x6000.png,6000,6000,Zoom_In,9,16,static,,off-avx2,yes,unset,unset,hype2,12.2.0,-O3 -Wall -Wextra -std=c++17 -fopenmp -ffp-contract=off -g -DOMP_EXPLICIT_SIMD=0 -fno-tree-vectorize -march=haswell,32.329853,4e063cbe88523a0e,passed
simd-phase-zoom,2026-09-27T16:43:14Z,6000x6000.png,6000,6000,Zoom_In,9,16,static,,auto-avx2,yes,unset,unset,hype2,12.2.0,-O3 -Wall -Wextra -std=c++17 -fopenmp -ffp-contract=off -g -DOMP_EXPLICIT_SIMD=0 -march=haswell,28.876740,4e063cbe88523a0e,passed
simd-phase-zoom,2026-09-27T16:43:16Z,6000x6000.png,6000,6000,Zoom_In,9,17,static,,omp-avx2,yes,unset,unset,hype2,12.2.0,-O3 -Wall -Wextra -std=c++17 -fopenmp -ffp-contract=off -g -DOMP_EXPLICIT_SIMD=1 -march=haswell,27.950560,4e063cbe88523a0e,passed
simd-phase-zoom,2026-09-27T16:43:18Z,6000x6000.png,6000,6000,Zoom_In,9,17,static,,off-avx2,yes,unset,unset,hype2,12.2.0,-O3 -Wall -Wextra -std=c++17 -fopenmp -ffp-contract=off -g -DOMP_EXPLICIT_SIMD=0 -fno-tree-vectorize -march=haswell,30.410638,4e063cbe88523a0e,passed
simd-phase-zoom,2026-09-27T16:43:20Z,6000x6000.png,6000,6000,Zoom_In,9,17,static,,auto-avx2,yes,unset,unset,hype2,12.2.0,-O3 -Wall -Wextra -std=c++17 -fopenmp -ffp-contract=off -g -DOMP_EXPLICIT_SIMD=0 -march=haswell,28.148893,4e063cbe88523a0e,passed
simd-phase-zoom,2026-09-27T16:43:22Z,6000x6000.png,6000,6000,Zoom_In,9,18,static,,omp-avx2,yes,unset,unset,hype2,12.2.0,-O3 -Wall -Wextra -std=c++17 -fopenmp -ffp-contract=off -g -DOMP_EXPLICIT_SIMD=1 -march=haswell,27.934455,4e063cbe88523a0e,passed
simd-phase-zoom,2026-09-27T16:43:24Z,6000x6000.png,6000,6000,Zoom_In,9,18,static,,off-avx2,yes,unset,unset,hype2,12.2.0,-O3 -Wall -Wextra -std=c++17 -fopenmp -ffp-contract=off -g -DOMP_EXPLICIT_SIMD=0 -fno-tree-vectorize -march=haswell,29.728706,4e063cbe88523a0e,passed
simd-phase-zoom,2026-09-27T16:43:26Z,6000x6000.png,6000,6000,Zoom_In,9,18,static,,auto-avx2,yes,unset,unset,hype2,12.2.0,-O3 -Wall -Wextra -std=c++17 -fopenmp -ffp-contract=off -g -DOMP_EXPLICIT_SIMD=0 -march=haswell,27.928502,4e063cbe88523a0e,passed
simd-phase-zoom,2026-09-27T16:43:29Z,6000x6000.png,6000,6000,Zoom_In,9,19,static,,omp-avx2,yes,unset,unset,hype2,12.2.0,-O3 -Wall -Wextra -std=c++17 -fopenmp -ffp-contract=off -g -DOMP_EXPLICIT_SIMD=1 -march=haswell,25.956391,4e063cbe88523a0e,passed
simd-phase-zoom,2026-09-27T16:43:31Z,6000x6000.png,6000,6000,Zoom_In,9,19,static,,off-avx2,yes,unset,unset,hype2,12.2.0,-O3 -Wall -Wextra -std=c++17 -fopenmp -ffp-contract=off -g -DOMP_EXPLICIT_SIMD=0 -fno-tree-vectorize -march=haswell,28.050728,4e063cbe88523a0e,passed
simd-phase-zoom,2026-09-27T16:43:33Z,6000x6000.png,6000,6000,Zoom_In,9,19,static,,auto-avx2,yes,unset,unset,hype2,12.2.0,-O3 -Wall -Wextra -std=c++17 -fopenmp -ffp-contract=off -g -DOMP_EXPLICIT_SIMD=0 -march=haswell,26.947014,4e063cbe88523a0e,passed
simd-phase-zoom,2026-09-27T16:43:35Z,6000x6000.png,6000,6000,Zoom_In,9,20,static,,omp-avx2,yes,unset,unset,hype2,12.2.0,-O3 -Wall -Wextra -std=c++17 -fopenmp -ffp-contract=off -g -DOMP_EXPLICIT_SIMD=1 -march=haswell,27.266078,4e063cbe88523a0e,passed
simd-phase-zoom,2026-09-27T16:43:37Z,6000x6000.png,6000,6000,Zoom_In,9,20,static,,off-avx2,yes,unset,unset,hype2,12.2.0,-O3 -Wall -Wextra -std=c++17 -fopenmp -ffp-contract=off -g -DOMP_EXPLICIT_SIMD=0 -fno-tree-vectorize -march=haswell,28.306140,4e063cbe88523a0e,passed
simd-phase-zoom,2026-09-27T16:43:39Z,6000x6000.png,6000,6000,Zoom_In,9,20,static,,auto-avx2,yes,unset,unset,hype2,12.2.0,-O3 -Wall -Wextra -std=c++17 -fopenmp -ffp-contract=off -g -DOMP_EXPLICIT_SIMD=0 -march=haswell,26.354442,4e063cbe88523a0e,passed
simd-phase-zoom,2026-09-27T16:43:41Z,6000x6000.png,6000,6000,Zoom_In,10,20,static,,off-avx2,yes,unset,unset,hype2,12.2.0,-O3 -Wall -Wextra -std=c++17 -fopenmp -ffp-contract=off -g -DOMP_EXPLICIT_SIMD=0 -fno-tree-vectorize -march=haswell,27.628445,4e063cbe88523a0e,passed
simd-phase-zoom,2026-09-27T16:43:43Z,6000x6000.png,6000,6000,Zoom_In,10,20,static,,auto-avx2,yes,unset,unset,hype2,12.2.0,-O3 -Wall -Wextra -std=c++17 -fopenmp -ffp-contract=off -g -DOMP_EXPLICIT_SIMD=0 -march=haswell,26.139701,4e063cbe88523a0e,passed
simd-phase-zoom,2026-09-27T16:43:45Z,6000x6000.png,6000,6000,Zoom_In,10,20,static,,omp-avx2,yes,unset,unset,hype2,12.2.0,-O3 -Wall -Wextra -std=c++17 -fopenmp -ffp-contract=off -g -DOMP_EXPLICIT_SIMD=1 -march=haswell,26.720040,4e063cbe88523a0e,passed
simd-phase-zoom,2026-09-27T16:43:47Z,6000x6000.png,6000,6000,Zoom_In,10,19,static,,off-avx2,yes,unset,unset,hype2,12.2.0,-O3 -Wall -Wextra -std=c++17 -fopenmp -ffp-contract=off -g -DOMP_EXPLICIT_SIMD=0 -fno-tree-vectorize -march=haswell,27.590279,4e063cbe88523a0e,passed
simd-phase-zoom,2026-09-27T16:43:49Z,6000x6000.png,6000,6000,Zoom_In,10,19,static,,auto-avx2,yes,unset,unset,hype2,12.2.0,-O3 -Wall -Wextra -std=c++17 -fopenmp -ffp-contract=off -g -DOMP_EXPLICIT_SIMD=0 -march=haswell,26.435223,4e063cbe88523a0e,passed
simd-phase-zoom,2026-09-27T16:43:51Z,6000x6000.png,6000,6000,Zoom_In,10,19,static,,omp-avx2,yes,unset,unset,hype2,12.2.0,-O3 -Wall -Wextra -std=c++17 -fopenmp -ffp-contract=off -g -DOMP_EXPLICIT_SIMD=1 -march=haswell,25.911886,4e063cbe88523a0e,passed
simd-phase-zoom,2026-09-27T16:43:53Z,6000x6000.png,6000,6000,Zoom_In,10,18,static,,off-avx2,yes,unset,unset,hype2,12.2.0,-O3 -Wall -Wextra -std=c++17 -fopenmp -ffp-contract=off -g -DOMP_EXPLICIT_SIMD=0 -fno-tree-vectorize -march=haswell,29.099291,4e063cbe88523a0e,passed
simd-phase-zoom,2026-09-27T16:43:55Z,6000x6000.png,6000,6000,Zoom_In,10,18,static,,auto-avx2,yes,unset,unset,hype2,12.2.0,-O3 -Wall -Wextra -std=c++17 -fopenmp -ffp-contract=off -g -DOMP_EXPLICIT_SIMD=0 -march=haswell,26.344288,4e063cbe88523a0e,passed
simd-phase-zoom,2026-09-27T16:43:57Z,6000x6000.png,6000,6000,Zoom_In,10,18,static,,omp-avx2,yes,unset,unset,hype2,12.2.0,-O3 -Wall -Wextra -std=c++17 -fopenmp -ffp-contract=off -g -DOMP_EXPLICIT_SIMD=1 -march=haswell,27.613357,4e063cbe88523a0e,passed
simd-phase-zoom,2026-09-27T16:43:59Z,6000x6000.png,6000,6000,Zoom_In,10,17,static,,off-avx2,yes,unset,unset,hype2,12.2.0,-O3 -Wall -Wextra -std=c++17 -fopenmp -ffp-contract=off -g -DOMP_EXPLICIT_SIMD=0 -fno-tree-vectorize -march=haswell,30.593386,4e063cbe88523a0e,passed
simd-phase-zoom,2026-09-27T16:44:01Z,6000x6000.png,6000,6000,Zoom_In,10,17,static,,auto-avx2,yes,unset,unset,hype2,12.2.0,-O3 -Wall -Wextra -std=c++17 -fopenmp -ffp-contract=off -g -DOMP_EXPLICIT_SIMD=0 -march=haswell,28.694805,4e063cbe88523a0e,passed
simd-phase-zoom,2026-09-27T16:44:04Z,6000x6000.png,6000,6000,Zoom_In,10,17,static,,omp-avx2,yes,unset,unset,hype2,12.2.0,-O3 -Wall -Wextra -std=c++17 -fopenmp -ffp-contract=off -g -DOMP_EXPLICIT_SIMD=1 -march=haswell,27.541789,4e063cbe88523a0e,passed
simd-phase-zoom,2026-09-27T16:44:06Z,6000x6000.png,6000,6000,Zoom_In,10,16,static,,off-avx2,yes,unset,unset,hype2,12.2.0,-O3 -Wall -Wextra -std=c++17 -fopenmp -ffp-contract=off -g -DOMP_EXPLICIT_SIMD=0 -fno-tree-vectorize -march=haswell,31.124933,4e063cbe88523a0e,passed
simd-phase-zoom,2026-09-27T16:44:08Z,6000x6000.png,6000,6000,Zoom_In,10,16,static,,auto-avx2,yes,unset,unset,hype2,12.2.0,-O3 -Wall -Wextra -std=c++17 -fopenmp -ffp-contract=off -g -DOMP_EXPLICIT_SIMD=0 -march=haswell,29.393951,4e063cbe88523a0e,passed
simd-phase-zoom,2026-09-27T16:44:10Z,6000x6000.png,6000,6000,Zoom_In,10,16,static,,omp-avx2,yes,unset,unset,hype2,12.2.0,-O3 -Wall -Wextra -std=c++17 -fopenmp -ffp-contract=off -g -DOMP_EXPLICIT_SIMD=1 -march=haswell,28.397727,4e063cbe88523a0e,passed
simd-phase-zoom,2026-09-27T16:44:12Z,6000x6000.png,6000,6000,Zoom_In,10,12,static,,off-avx2,yes,unset,unset,hype2,12.2.0,-O3 -Wall -Wextra -std=c++17 -fopenmp -ffp-contract=off -g -DOMP_EXPLICIT_SIMD=0 -fno-tree-vectorize -march=haswell,42.621213,4e063cbe88523a0e,passed
simd-phase-zoom,2026-09-27T16:44:14Z,6000x6000.png,6000,6000,Zoom_In,10,12,static,,auto-avx2,yes,unset,unset,hype2,12.2.0,-O3 -Wall -Wextra -std=c++17 -fopenmp -ffp-contract=off -g -DOMP_EXPLICIT_SIMD=0 -march=haswell,37.974936,4e063cbe88523a0e,passed
simd-phase-zoom,2026-09-27T16:44:16Z,6000x6000.png,6000,6000,Zoom_In,10,12,static,,omp-avx2,yes,unset,unset,hype2,12.2.0,-O3 -Wall -Wextra -std=c++17 -fopenmp -ffp-contract=off -g -DOMP_EXPLICIT_SIMD=1 -march=haswell,36.554628,4e063cbe88523a0e,passed
simd-phase-zoom,2026-09-27T16:44:18Z,6000x6000.png,6000,6000,Zoom_In,10,8,static,,off-avx2,yes,unset,unset,hype2,12.2.0,-O3 -Wall -Wextra -std=c++17 -fopenmp -ffp-contract=off -g -DOMP_EXPLICIT_SIMD=0 -fno-tree-vectorize -march=haswell,60.662320,4e063cbe88523a0e,passed
simd-phase-zoom,2026-09-27T16:44:20Z,6000x6000.png,6000,6000,Zoom_In,10,8,static,,auto-avx2,yes,unset,unset,hype2,12.2.0,-O3 -Wall -Wextra -std=c++17 -fopenmp -ffp-contract=off -g -DOMP_EXPLICIT_SIMD=0 -march=haswell,53.405841,4e063cbe88523a0e,passed
simd-phase-zoom,2026-09-27T16:44:22Z,6000x6000.png,6000,6000,Zoom_In,10,8,static,,omp-avx2,yes,unset,unset,hype2,12.2.0,-O3 -Wall -Wextra -std=c++17 -fopenmp -ffp-contract=off -g -DOMP_EXPLICIT_SIMD=1 -march=haswell,53.180738,4e063cbe88523a0e,passed
simd-phase-zoom,2026-09-27T16:44:25Z,6000x6000.png,6000,6000,Zoom_In,10,4,static,,off-avx2,yes,unset,unset,hype2,12.2.0,-O3 -Wall -Wextra -std=c++17 -fopenmp -ffp-contract=off -g -DOMP_EXPLICIT_SIMD=0 -fno-tree-vectorize -march=haswell,107.139338,4e063cbe88523a0e,passed
simd-phase-zoom,2026-09-27T16:44:27Z,6000x6000.png,6000,6000,Zoom_In,10,4,static,,auto-avx2,yes,unset,unset,hype2,12.2.0,-O3 -Wall -Wextra -std=c++17 -fopenmp -ffp-contract=off -g -DOMP_EXPLICIT_SIMD=0 -march=haswell,88.157521,4e063cbe88523a0e,passed
simd-phase-zoom,2026-09-27T16:44:29Z,6000x6000.png,6000,6000,Zoom_In,10,4,static,,omp-avx2,yes,unset,unset,hype2,12.2.0,-O3 -Wall -Wextra -std=c++17 -fopenmp -ffp-contract=off -g -DOMP_EXPLICIT_SIMD=1 -march=haswell,89.285365,4e063cbe88523a0e,passed
simd-phase-zoom,2026-09-27T16:44:31Z,6000x6000.png,6000,6000,Zoom_In,10,2,static,,off-avx2,yes,unset,unset,hype2,12.2.0,-O3 -Wall -Wextra -std=c++17 -fopenmp -ffp-contract=off -g -DOMP_EXPLICIT_SIMD=0 -fno-tree-vectorize -march=haswell,179.856719,4e063cbe88523a0e,passed
simd-phase-zoom,2026-09-27T16:44:33Z,6000x6000.png,6000,6000,Zoom_In,10,2,static,,auto-avx2,yes,unset,unset,hype2,12.2.0,-O3 -Wall -Wextra -std=c++17 -fopenmp -ffp-contract=off -g -DOMP_EXPLICIT_SIMD=0 -march=haswell,153.607547,4e063cbe88523a0e,passed
simd-phase-zoom,2026-09-27T16:44:35Z,6000x6000.png,6000,6000,Zoom_In,10,2,static,,omp-avx2,yes,unset,unset,hype2,12.2.0,-O3 -Wall -Wextra -std=c++17 -fopenmp -ffp-contract=off -g -DOMP_EXPLICIT_SIMD=1 -march=haswell,145.051760,4e063cbe88523a0e,passed
simd-phase-zoom,2026-09-27T16:44:38Z,6000x6000.png,6000,6000,Zoom_In,10,1,static,,off-avx2,yes,unset,unset,hype2,12.2.0,-O3 -Wall -Wextra -std=c++17 -fopenmp -ffp-contract=off -g -DOMP_EXPLICIT_SIMD=0 -fno-tree-vectorize -march=haswell,349.861627,4e063cbe88523a0e,passed
simd-phase-zoom,2026-09-27T16:44:40Z,6000x6000.png,6000,6000,Zoom_In,10,1,static,,auto-avx2,yes,unset,unset,hype2,12.2.0,-O3 -Wall -Wextra -std=c++17 -fopenmp -ffp-contract=off -g -DOMP_EXPLICIT_SIMD=0 -march=haswell,285.463975,4e063cbe88523a0e,passed
simd-phase-zoom,2026-09-27T16:44:42Z,6000x6000.png,6000,6000,Zoom_In,10,1,static,,omp-avx2,yes,unset,unset,hype2,12.2.0,-O3 -Wall -Wextra -std=c++17 -fopenmp -ffp-contract=off -g -DOMP_EXPLICIT_SIMD=1 -march=haswell,283.653827,4e063cbe88523a0e,passed
simd-phase-zoom,2026-09-27T16:44:45Z,6000x6000.png,6000,6000,Zoom_In,11,1,static,,auto-avx2,yes,unset,unset,hype2,12.2.0,-O3 -Wall -Wextra -std=c++17 -fopenmp -ffp-contract=off -g -DOMP_EXPLICIT_SIMD=0 -march=haswell,277.597352,4e063cbe88523a0e,passed
simd-phase-zoom,2026-09-27T16:44:47Z,6000x6000.png,6000,6000,Zoom_In,11,1,static,,omp-avx2,yes,unset,unset,hype2,12.2.0,-O3 -Wall -Wextra -std=c++17 -fopenmp -ffp-contract=off -g -DOMP_EXPLICIT_SIMD=1 -march=haswell,283.435666,4e063cbe88523a0e,passed
simd-phase-zoom,2026-09-27T16:44:49Z,6000x6000.png,6000,6000,Zoom_In,11,1,static,,off-avx2,yes,unset,unset,hype2,12.2.0,-O3 -Wall -Wextra -std=c++17 -fopenmp -ffp-contract=off -g -DOMP_EXPLICIT_SIMD=0 -fno-tree-vectorize -march=haswell,348.718635,4e063cbe88523a0e,passed
simd-phase-zoom,2026-09-27T16:44:52Z,6000x6000.png,6000,6000,Zoom_In,11,2,static,,auto-avx2,yes,unset,unset,hype2,12.2.0,-O3 -Wall -Wextra -std=c++17 -fopenmp -ffp-contract=off -g -DOMP_EXPLICIT_SIMD=0 -march=haswell,145.421988,4e063cbe88523a0e,passed
simd-phase-zoom,2026-09-27T16:44:54Z,6000x6000.png,6000,6000,Zoom_In,11,2,static,,omp-avx2,yes,unset,unset,hype2,12.2.0,-O3 -Wall -Wextra -std=c++17 -fopenmp -ffp-contract=off -g -DOMP_EXPLICIT_SIMD=1 -march=haswell,152.283707,4e063cbe88523a0e,passed
simd-phase-zoom,2026-09-27T16:44:56Z,6000x6000.png,6000,6000,Zoom_In,11,2,static,,off-avx2,yes,unset,unset,hype2,12.2.0,-O3 -Wall -Wextra -std=c++17 -fopenmp -ffp-contract=off -g -DOMP_EXPLICIT_SIMD=0 -fno-tree-vectorize -march=haswell,183.970381,4e063cbe88523a0e,passed
simd-phase-zoom,2026-09-27T16:44:58Z,6000x6000.png,6000,6000,Zoom_In,11,4,static,,auto-avx2,yes,unset,unset,hype2,12.2.0,-O3 -Wall -Wextra -std=c++17 -fopenmp -ffp-contract=off -g -DOMP_EXPLICIT_SIMD=0 -march=haswell,90.817356,4e063cbe88523a0e,passed
simd-phase-zoom,2026-09-27T16:45:00Z,6000x6000.png,6000,6000,Zoom_In,11,4,static,,omp-avx2,yes,unset,unset,hype2,12.2.0,-O3 -Wall -Wextra -std=c++17 -fopenmp -ffp-contract=off -g -DOMP_EXPLICIT_SIMD=1 -march=haswell,95.836710,4e063cbe88523a0e,passed
simd-phase-zoom,2026-09-27T16:45:02Z,6000x6000.png,6000,6000,Zoom_In,11,4,static,,off-avx2,yes,unset,unset,hype2,12.2.0,-O3 -Wall -Wextra -std=c++17 -fopenmp -ffp-contract=off -g -DOMP_EXPLICIT_SIMD=0 -fno-tree-vectorize -march=haswell,110.264607,4e063cbe88523a0e,passed
simd-phase-zoom,2026-09-27T16:45:04Z,6000x6000.png,6000,6000,Zoom_In,11,8,static,,auto-avx2,yes,unset,unset,hype2,12.2.0,-O3 -Wall -Wextra -std=c++17 -fopenmp -ffp-contract=off -g -DOMP_EXPLICIT_SIMD=0 -march=haswell,51.504032,4e063cbe88523a0e,passed
simd-phase-zoom,2026-09-27T16:45:06Z,6000x6000.png,6000,6000,Zoom_In,11,8,static,,omp-avx2,yes,unset,unset,hype2,12.2.0,-O3 -Wall -Wextra -std=c++17 -fopenmp -ffp-contract=off -g -DOMP_EXPLICIT_SIMD=1 -march=haswell,52.848012,4e063cbe88523a0e,passed
simd-phase-zoom,2026-09-27T16:45:09Z,6000x6000.png,6000,6000,Zoom_In,11,8,static,,off-avx2,yes,unset,unset,hype2,12.2.0,-O3 -Wall -Wextra -std=c++17 -fopenmp -ffp-contract=off -g -DOMP_EXPLICIT_SIMD=0 -fno-tree-vectorize -march=haswell,63.307086,4e063cbe88523a0e,passed
simd-phase-zoom,2026-09-27T16:45:11Z,6000x6000.png,6000,6000,Zoom_In,11,12,static,,auto-avx2,yes,unset,unset,hype2,12.2.0,-O3 -Wall -Wextra -std=c++17 -fopenmp -ffp-contract=off -g -DOMP_EXPLICIT_SIMD=0 -march=haswell,37.577145,4e063cbe88523a0e,passed
simd-phase-zoom,2026-09-27T16:45:13Z,6000x6000.png,6000,6000,Zoom_In,11,12,static,,omp-avx2,yes,unset,unset,hype2,12.2.0,-O3 -Wall -Wextra -std=c++17 -fopenmp -ffp-contract=off -g -DOMP_EXPLICIT_SIMD=1 -march=haswell,36.904067,4e063cbe88523a0e,passed
simd-phase-zoom,2026-09-27T16:45:15Z,6000x6000.png,6000,6000,Zoom_In,11,12,static,,off-avx2,yes,unset,unset,hype2,12.2.0,-O3 -Wall -Wextra -std=c++17 -fopenmp -ffp-contract=off -g -DOMP_EXPLICIT_SIMD=0 -fno-tree-vectorize -march=haswell,41.122226,4e063cbe88523a0e,passed
simd-phase-zoom,2026-09-27T16:45:17Z,6000x6000.png,6000,6000,Zoom_In,11,16,static,,auto-avx2,yes,unset,unset,hype2,12.2.0,-O3 -Wall -Wextra -std=c++17 -fopenmp -ffp-contract=off -g -DOMP_EXPLICIT_SIMD=0 -march=haswell,29.175677,4e063cbe88523a0e,passed
simd-phase-zoom,2026-09-27T16:45:19Z,6000x6000.png,6000,6000,Zoom_In,11,16,static,,omp-avx2,yes,unset,unset,hype2,12.2.0,-O3 -Wall -Wextra -std=c++17 -fopenmp -ffp-contract=off -g -DOMP_EXPLICIT_SIMD=1 -march=haswell,29.056179,4e063cbe88523a0e,passed
simd-phase-zoom,2026-09-27T16:45:21Z,6000x6000.png,6000,6000,Zoom_In,11,16,static,,off-avx2,yes,unset,unset,hype2,12.2.0,-O3 -Wall -Wextra -std=c++17 -fopenmp -ffp-contract=off -g -DOMP_EXPLICIT_SIMD=0 -fno-tree-vectorize -march=haswell,31.620305,4e063cbe88523a0e,passed
simd-phase-zoom,2026-09-27T16:45:23Z,6000x6000.png,6000,6000,Zoom_In,11,17,static,,auto-avx2,yes,unset,unset,hype2,12.2.0,-O3 -Wall -Wextra -std=c++17 -fopenmp -ffp-contract=off -g -DOMP_EXPLICIT_SIMD=0 -march=haswell,28.207496,4e063cbe88523a0e,passed
simd-phase-zoom,2026-09-27T16:45:25Z,6000x6000.png,6000,6000,Zoom_In,11,17,static,,omp-avx2,yes,unset,unset,hype2,12.2.0,-O3 -Wall -Wextra -std=c++17 -fopenmp -ffp-contract=off -g -DOMP_EXPLICIT_SIMD=1 -march=haswell,26.850261,4e063cbe88523a0e,passed
simd-phase-zoom,2026-09-27T16:45:27Z,6000x6000.png,6000,6000,Zoom_In,11,17,static,,off-avx2,yes,unset,unset,hype2,12.2.0,-O3 -Wall -Wextra -std=c++17 -fopenmp -ffp-contract=off -g -DOMP_EXPLICIT_SIMD=0 -fno-tree-vectorize -march=haswell,30.823649,4e063cbe88523a0e,passed
simd-phase-zoom,2026-09-27T16:45:29Z,6000x6000.png,6000,6000,Zoom_In,11,18,static,,auto-avx2,yes,unset,unset,hype2,12.2.0,-O3 -Wall -Wextra -std=c++17 -fopenmp -ffp-contract=off -g -DOMP_EXPLICIT_SIMD=0 -march=haswell,27.267126,4e063cbe88523a0e,passed
simd-phase-zoom,2026-09-27T16:45:31Z,6000x6000.png,6000,6000,Zoom_In,11,18,static,,omp-avx2,yes,unset,unset,hype2,12.2.0,-O3 -Wall -Wextra -std=c++17 -fopenmp -ffp-contract=off -g -DOMP_EXPLICIT_SIMD=1 -march=haswell,25.230729,4e063cbe88523a0e,passed
simd-phase-zoom,2026-09-27T16:45:33Z,6000x6000.png,6000,6000,Zoom_In,11,18,static,,off-avx2,yes,unset,unset,hype2,12.2.0,-O3 -Wall -Wextra -std=c++17 -fopenmp -ffp-contract=off -g -DOMP_EXPLICIT_SIMD=0 -fno-tree-vectorize -march=haswell,29.378214,4e063cbe88523a0e,passed
simd-phase-zoom,2026-09-27T16:45:35Z,6000x6000.png,6000,6000,Zoom_In,11,19,static,,auto-avx2,yes,unset,unset,hype2,12.2.0,-O3 -Wall -Wextra -std=c++17 -fopenmp -ffp-contract=off -g -DOMP_EXPLICIT_SIMD=0 -march=haswell,26.156488,4e063cbe88523a0e,passed
simd-phase-zoom,2026-09-27T16:45:37Z,6000x6000.png,6000,6000,Zoom_In,11,19,static,,omp-avx2,yes,unset,unset,hype2,12.2.0,-O3 -Wall -Wextra -std=c++17 -fopenmp -ffp-contract=off -g -DOMP_EXPLICIT_SIMD=1 -march=haswell,26.012588,4e063cbe88523a0e,passed
simd-phase-zoom,2026-09-27T16:45:40Z,6000x6000.png,6000,6000,Zoom_In,11,19,static,,off-avx2,yes,unset,unset,hype2,12.2.0,-O3 -Wall -Wextra -std=c++17 -fopenmp -ffp-contract=off -g -DOMP_EXPLICIT_SIMD=0 -fno-tree-vectorize -march=haswell,41.726610,4e063cbe88523a0e,passed
simd-phase-zoom,2026-09-27T16:45:42Z,6000x6000.png,6000,6000,Zoom_In,11,20,static,,auto-avx2,yes,unset,unset,hype2,12.2.0,-O3 -Wall -Wextra -std=c++17 -fopenmp -ffp-contract=off -g -DOMP_EXPLICIT_SIMD=0 -march=haswell,27.187247,4e063cbe88523a0e,passed
simd-phase-zoom,2026-09-27T16:45:44Z,6000x6000.png,6000,6000,Zoom_In,11,20,static,,omp-avx2,yes,unset,unset,hype2,12.2.0,-O3 -Wall -Wextra -std=c++17 -fopenmp -ffp-contract=off -g -DOMP_EXPLICIT_SIMD=1 -march=haswell,26.308028,4e063cbe88523a0e,passed
simd-phase-zoom,2026-09-27T16:45:46Z,6000x6000.png,6000,6000,Zoom_In,11,20,static,,off-avx2,yes,unset,unset,hype2,12.2.0,-O3 -Wall -Wextra -std=c++17 -fopenmp -ffp-contract=off -g -DOMP_EXPLICIT_SIMD=0 -fno-tree-vectorize -march=haswell,27.517467,4e063cbe88523a0e,passed
simd-phase-zoom,2026-09-27T16:45:48Z,6000x6000.png,6000,6000,Zoom_In,12,20,static,,omp-avx2,yes,unset,unset,hype2,12.2.0,-O3 -Wall -Wextra -std=c++17 -fopenmp -ffp-contract=off -g -DOMP_EXPLICIT_SIMD=1 -march=haswell,25.851576,4e063cbe88523a0e,passed
simd-phase-zoom,2026-09-27T16:45:50Z,6000x6000.png,6000,6000,Zoom_In,12,20,static,,off-avx2,yes,unset,unset,hype2,12.2.0,-O3 -Wall -Wextra -std=c++17 -fopenmp -ffp-contract=off -g -DOMP_EXPLICIT_SIMD=0 -fno-tree-vectorize -march=haswell,27.949301,4e063cbe88523a0e,passed
simd-phase-zoom,2026-09-27T16:45:52Z,6000x6000.png,6000,6000,Zoom_In,12,20,static,,auto-avx2,yes,unset,unset,hype2,12.2.0,-O3 -Wall -Wextra -std=c++17 -fopenmp -ffp-contract=off -g -DOMP_EXPLICIT_SIMD=0 -march=haswell,26.056875,4e063cbe88523a0e,passed
simd-phase-zoom,2026-09-27T16:45:54Z,6000x6000.png,6000,6000,Zoom_In,12,19,static,,omp-avx2,yes,unset,unset,hype2,12.2.0,-O3 -Wall -Wextra -std=c++17 -fopenmp -ffp-contract=off -g -DOMP_EXPLICIT_SIMD=1 -march=haswell,26.311152,4e063cbe88523a0e,passed
simd-phase-zoom,2026-09-27T16:45:56Z,6000x6000.png,6000,6000,Zoom_In,12,19,static,,off-avx2,yes,unset,unset,hype2,12.2.0,-O3 -Wall -Wextra -std=c++17 -fopenmp -ffp-contract=off -g -DOMP_EXPLICIT_SIMD=0 -fno-tree-vectorize -march=haswell,27.145211,4e063cbe88523a0e,passed
simd-phase-zoom,2026-09-27T16:45:58Z,6000x6000.png,6000,6000,Zoom_In,12,19,static,,auto-avx2,yes,unset,unset,hype2,12.2.0,-O3 -Wall -Wextra -std=c++17 -fopenmp -ffp-contract=off -g -DOMP_EXPLICIT_SIMD=0 -march=haswell,26.090908,4e063cbe88523a0e,passed
simd-phase-zoom,2026-09-27T16:46:00Z,6000x6000.png,6000,6000,Zoom_In,12,18,static,,omp-avx2,yes,unset,unset,hype2,12.2.0,-O3 -Wall -Wextra -std=c++17 -fopenmp -ffp-contract=off -g -DOMP_EXPLICIT_SIMD=1 -march=haswell,28.187213,4e063cbe88523a0e,passed
simd-phase-zoom,2026-09-27T16:46:02Z,6000x6000.png,6000,6000,Zoom_In,12,18,static,,off-avx2,yes,unset,unset,hype2,12.2.0,-O3 -Wall -Wextra -std=c++17 -fopenmp -ffp-contract=off -g -DOMP_EXPLICIT_SIMD=0 -fno-tree-vectorize -march=haswell,28.865915,4e063cbe88523a0e,passed
simd-phase-zoom,2026-09-27T16:46:04Z,6000x6000.png,6000,6000,Zoom_In,12,18,static,,auto-avx2,yes,unset,unset,hype2,12.2.0,-O3 -Wall -Wextra -std=c++17 -fopenmp -ffp-contract=off -g -DOMP_EXPLICIT_SIMD=0 -march=haswell,27.515418,4e063cbe88523a0e,passed
simd-phase-zoom,2026-09-27T16:46:06Z,6000x6000.png,6000,6000,Zoom_In,12,17,static,,omp-avx2,yes,unset,unset,hype2,12.2.0,-O3 -Wall -Wextra -std=c++17 -fopenmp -ffp-contract=off -g -DOMP_EXPLICIT_SIMD=1 -march=haswell,28.606169,4e063cbe88523a0e,passed
simd-phase-zoom,2026-09-27T16:46:09Z,6000x6000.png,6000,6000,Zoom_In,12,17,static,,off-avx2,yes,unset,unset,hype2,12.2.0,-O3 -Wall -Wextra -std=c++17 -fopenmp -ffp-contract=off -g -DOMP_EXPLICIT_SIMD=0 -fno-tree-vectorize -march=haswell,29.127483,4e063cbe88523a0e,passed
simd-phase-zoom,2026-09-27T16:46:11Z,6000x6000.png,6000,6000,Zoom_In,12,17,static,,auto-avx2,yes,unset,unset,hype2,12.2.0,-O3 -Wall -Wextra -std=c++17 -fopenmp -ffp-contract=off -g -DOMP_EXPLICIT_SIMD=0 -march=haswell,26.813822,4e063cbe88523a0e,passed
simd-phase-zoom,2026-09-27T16:46:13Z,6000x6000.png,6000,6000,Zoom_In,12,16,static,,omp-avx2,yes,unset,unset,hype2,12.2.0,-O3 -Wall -Wextra -std=c++17 -fopenmp -ffp-contract=off -g -DOMP_EXPLICIT_SIMD=1 -march=haswell,28.646331,4e063cbe88523a0e,passed
simd-phase-zoom,2026-09-27T16:46:15Z,6000x6000.png,6000,6000,Zoom_In,12,16,static,,off-avx2,yes,unset,unset,hype2,12.2.0,-O3 -Wall -Wextra -std=c++17 -fopenmp -ffp-contract=off -g -DOMP_EXPLICIT_SIMD=0 -fno-tree-vectorize -march=haswell,31.702145,4e063cbe88523a0e,passed
simd-phase-zoom,2026-09-27T16:46:17Z,6000x6000.png,6000,6000,Zoom_In,12,16,static,,auto-avx2,yes,unset,unset,hype2,12.2.0,-O3 -Wall -Wextra -std=c++17 -fopenmp -ffp-contract=off -g -DOMP_EXPLICIT_SIMD=0 -march=haswell,28.770680,4e063cbe88523a0e,passed
simd-phase-zoom,2026-09-27T16:46:19Z,6000x6000.png,6000,6000,Zoom_In,12,12,static,,omp-avx2,yes,unset,unset,hype2,12.2.0,-O3 -Wall -Wextra -std=c++17 -fopenmp -ffp-contract=off -g -DOMP_EXPLICIT_SIMD=1 -march=haswell,37.206011,4e063cbe88523a0e,passed
simd-phase-zoom,2026-09-27T16:46:21Z,6000x6000.png,6000,6000,Zoom_In,12,12,static,,off-avx2,yes,unset,unset,hype2,12.2.0,-O3 -Wall -Wextra -std=c++17 -fopenmp -ffp-contract=off -g -DOMP_EXPLICIT_SIMD=0 -fno-tree-vectorize -march=haswell,42.455711,4e063cbe88523a0e,passed
simd-phase-zoom,2026-09-27T16:46:23Z,6000x6000.png,6000,6000,Zoom_In,12,12,static,,auto-avx2,yes,unset,unset,hype2,12.2.0,-O3 -Wall -Wextra -std=c++17 -fopenmp -ffp-contract=off -g -DOMP_EXPLICIT_SIMD=0 -march=haswell,37.337149,4e063cbe88523a0e,passed
simd-phase-zoom,2026-09-27T16:46:25Z,6000x6000.png,6000,6000,Zoom_In,12,8,static,,omp-avx2,yes,unset,unset,hype2,12.2.0,-O3 -Wall -Wextra -std=c++17 -fopenmp -ffp-contract=off -g -DOMP_EXPLICIT_SIMD=1 -march=haswell,51.114905,4e063cbe88523a0e,passed
simd-phase-zoom,2026-09-27T16:46:27Z,6000x6000.png,6000,6000,Zoom_In,12,8,static,,off-avx2,yes,unset,unset,hype2,12.2.0,-O3 -Wall -Wextra -std=c++17 -fopenmp -ffp-contract=off -g -DOMP_EXPLICIT_SIMD=0 -fno-tree-vectorize -march=haswell,62.543161,4e063cbe88523a0e,passed
simd-phase-zoom,2026-09-27T16:46:29Z,6000x6000.png,6000,6000,Zoom_In,12,8,static,,auto-avx2,yes,unset,unset,hype2,12.2.0,-O3 -Wall -Wextra -std=c++17 -fopenmp -ffp-contract=off -g -DOMP_EXPLICIT_SIMD=0 -march=haswell,50.471527,4e063cbe88523a0e,passed
simd-phase-zoom,2026-09-27T16:46:31Z,6000x6000.png,6000,6000,Zoom_In,12,4,static,,omp-avx2,yes,unset,unset,hype2,12.2.0,-O3 -Wall -Wextra -std=c++17 -fopenmp -ffp-contract=off -g -DOMP_EXPLICIT_SIMD=1 -march=haswell,84.147661,4e063cbe88523a0e,passed
simd-phase-zoom,2026-09-27T16:46:34Z,6000x6000.png,6000,6000,Zoom_In,12,4,static,,off-avx2,yes,unset,unset,hype2,12.2.0,-O3 -Wall -Wextra -std=c++17 -fopenmp -ffp-contract=off -g -DOMP_EXPLICIT_SIMD=0 -fno-tree-vectorize -march=haswell,109.278950,4e063cbe88523a0e,passed
simd-phase-zoom,2026-09-27T16:46:36Z,6000x6000.png,6000,6000,Zoom_In,12,4,static,,auto-avx2,yes,unset,unset,hype2,12.2.0,-O3 -Wall -Wextra -std=c++17 -fopenmp -ffp-contract=off -g -DOMP_EXPLICIT_SIMD=0 -march=haswell,88.487830,4e063cbe88523a0e,passed
simd-phase-zoom,2026-09-27T16:46:38Z,6000x6000.png,6000,6000,Zoom_In,12,2,static,,omp-avx2,yes,unset,unset,hype2,12.2.0,-O3 -Wall -Wextra -std=c++17 -fopenmp -ffp-contract=off -g -DOMP_EXPLICIT_SIMD=1 -march=haswell,151.567363,4e063cbe88523a0e,passed
simd-phase-zoom,2026-09-27T16:46:40Z,6000x6000.png,6000,6000,Zoom_In,12,2,static,,off-avx2,yes,unset,unset,hype2,12.2.0,-O3 -Wall -Wextra -std=c++17 -fopenmp -ffp-contract=off -g -DOMP_EXPLICIT_SIMD=0 -fno-tree-vectorize -march=haswell,183.013947,4e063cbe88523a0e,passed
simd-phase-zoom,2026-09-27T16:46:42Z,6000x6000.png,6000,6000,Zoom_In,12,2,static,,auto-avx2,yes,unset,unset,hype2,12.2.0,-O3 -Wall -Wextra -std=c++17 -fopenmp -ffp-contract=off -g -DOMP_EXPLICIT_SIMD=0 -march=haswell,151.735023,4e063cbe88523a0e,passed
simd-phase-zoom,2026-09-27T16:46:45Z,6000x6000.png,6000,6000,Zoom_In,12,1,static,,omp-avx2,yes,unset,unset,hype2,12.2.0,-O3 -Wall -Wextra -std=c++17 -fopenmp -ffp-contract=off -g -DOMP_EXPLICIT_SIMD=1 -march=haswell,283.406339,4e063cbe88523a0e,passed
simd-phase-zoom,2026-09-27T16:46:47Z,6000x6000.png,6000,6000,Zoom_In,12,1,static,,off-avx2,yes,unset,unset,hype2,12.2.0,-O3 -Wall -Wextra -std=c++17 -fopenmp -ffp-contract=off -g -DOMP_EXPLICIT_SIMD=0 -fno-tree-vectorize -march=haswell,350.050837,4e063cbe88523a0e,passed
simd-phase-zoom,2026-09-27T16:46:49Z,6000x6000.png,6000,6000,Zoom_In,12,1,static,,auto-avx2,yes,unset,unset,hype2,12.2.0,-O3 -Wall -Wextra -std=c++17 -fopenmp -ffp-contract=off -g -DOMP_EXPLICIT_SIMD=0 -march=haswell,283.573273,4e063cbe88523a0e,passed
simd-phase-zoom,2026-09-27T16:46:52Z,6000x6000.png,6000,6000,Zoom_In,13,1,static,,off-avx2,yes,unset,unset,hype2,12.2.0,-O3 -Wall -Wextra -std=c++17 -fopenmp -ffp-contract=off -g -DOMP_EXPLICIT_SIMD=0 -fno-tree-vectorize -march=haswell,349.360361,4e063cbe88523a0e,passed
simd-phase-zoom,2026-09-27T16:46:54Z,6000x6000.png,6000,6000,Zoom_In,13,1,static,,auto-avx2,yes,unset,unset,hype2,12.2.0,-O3 -Wall -Wextra -std=c++17 -fopenmp -ffp-contract=off -g -DOMP_EXPLICIT_SIMD=0 -march=haswell,284.026375,4e063cbe88523a0e,passed
simd-phase-zoom,2026-09-27T16:46:56Z,6000x6000.png,6000,6000,Zoom_In,13,1,static,,omp-avx2,yes,unset,unset,hype2,12.2.0,-O3 -Wall -Wextra -std=c++17 -fopenmp -ffp-contract=off -g -DOMP_EXPLICIT_SIMD=1 -march=haswell,283.354972,4e063cbe88523a0e,passed
simd-phase-zoom,2026-09-27T16:46:59Z,6000x6000.png,6000,6000,Zoom_In,13,2,static,,off-avx2,yes,unset,unset,hype2,12.2.0,-O3 -Wall -Wextra -std=c++17 -fopenmp -ffp-contract=off -g -DOMP_EXPLICIT_SIMD=0 -fno-tree-vectorize -march=haswell,198.253158,4e063cbe88523a0e,passed
simd-phase-zoom,2026-09-27T16:47:01Z,6000x6000.png,6000,6000,Zoom_In,13,2,static,,auto-avx2,yes,unset,unset,hype2,12.2.0,-O3 -Wall -Wextra -std=c++17 -fopenmp -ffp-contract=off -g -DOMP_EXPLICIT_SIMD=0 -march=haswell,145.663433,4e063cbe88523a0e,passed
simd-phase-zoom,2026-09-27T16:47:03Z,6000x6000.png,6000,6000,Zoom_In,13,2,static,,omp-avx2,yes,unset,unset,hype2,12.2.0,-O3 -Wall -Wextra -std=c++17 -fopenmp -ffp-contract=off -g -DOMP_EXPLICIT_SIMD=1 -march=haswell,149.498914,4e063cbe88523a0e,passed
simd-phase-zoom,2026-09-27T16:47:05Z,6000x6000.png,6000,6000,Zoom_In,13,4,static,,off-avx2,yes,unset,unset,hype2,12.2.0,-O3 -Wall -Wextra -std=c++17 -fopenmp -ffp-contract=off -g -DOMP_EXPLICIT_SIMD=0 -fno-tree-vectorize -march=haswell,108.840571,4e063cbe88523a0e,passed
simd-phase-zoom,2026-09-27T16:47:07Z,6000x6000.png,6000,6000,Zoom_In,13,4,static,,auto-avx2,yes,unset,unset,hype2,12.2.0,-O3 -Wall -Wextra -std=c++17 -fopenmp -ffp-contract=off -g -DOMP_EXPLICIT_SIMD=0 -march=haswell,91.091613,4e063cbe88523a0e,passed
simd-phase-zoom,2026-09-27T16:47:09Z,6000x6000.png,6000,6000,Zoom_In,13,4,static,,omp-avx2,yes,unset,unset,hype2,12.2.0,-O3 -Wall -Wextra -std=c++17 -fopenmp -ffp-contract=off -g -DOMP_EXPLICIT_SIMD=1 -march=haswell,90.756865,4e063cbe88523a0e,passed
simd-phase-zoom,2026-09-27T16:47:11Z,6000x6000.png,6000,6000,Zoom_In,13,8,static,,off-avx2,yes,unset,unset,hype2,12.2.0,-O3 -Wall -Wextra -std=c++17 -fopenmp -ffp-contract=off -g -DOMP_EXPLICIT_SIMD=0 -fno-tree-vectorize -march=haswell,61.130985,4e063cbe88523a0e,passed
simd-phase-zoom,2026-09-27T16:47:13Z,6000x6000.png,6000,6000,Zoom_In,13,8,static,,auto-avx2,yes,unset,unset,hype2,12.2.0,-O3 -Wall -Wextra -std=c++17 -fopenmp -ffp-contract=off -g -DOMP_EXPLICIT_SIMD=0 -march=haswell,53.344414,4e063cbe88523a0e,passed
simd-phase-zoom,2026-09-27T16:47:16Z,6000x6000.png,6000,6000,Zoom_In,13,8,static,,omp-avx2,yes,unset,unset,hype2,12.2.0,-O3 -Wall -Wextra -std=c++17 -fopenmp -ffp-contract=off -g -DOMP_EXPLICIT_SIMD=1 -march=haswell,50.288524,4e063cbe88523a0e,passed
simd-phase-zoom,2026-09-27T16:47:18Z,6000x6000.png,6000,6000,Zoom_In,13,12,static,,off-avx2,yes,unset,unset,hype2,12.2.0,-O3 -Wall -Wextra -std=c++17 -fopenmp -ffp-contract=off -g -DOMP_EXPLICIT_SIMD=0 -fno-tree-vectorize -march=haswell,42.309383,4e063cbe88523a0e,passed
simd-phase-zoom,2026-09-27T16:47:20Z,6000x6000.png,6000,6000,Zoom_In,13,12,static,,auto-avx2,yes,unset,unset,hype2,12.2.0,-O3 -Wall -Wextra -std=c++17 -fopenmp -ffp-contract=off -g -DOMP_EXPLICIT_SIMD=0 -march=haswell,36.797302,4e063cbe88523a0e,passed
simd-phase-zoom,2026-09-27T16:47:22Z,6000x6000.png,6000,6000,Zoom_In,13,12,static,,omp-avx2,yes,unset,unset,hype2,12.2.0,-O3 -Wall -Wextra -std=c++17 -fopenmp -ffp-contract=off -g -DOMP_EXPLICIT_SIMD=1 -march=haswell,38.229048,4e063cbe88523a0e,passed
simd-phase-zoom,2026-09-27T16:47:24Z,6000x6000.png,6000,6000,Zoom_In,13,16,static,,off-avx2,yes,unset,unset,hype2,12.2.0,-O3 -Wall -Wextra -std=c++17 -fopenmp -ffp-contract=off -g -DOMP_EXPLICIT_SIMD=0 -fno-tree-vectorize -march=haswell,31.282768,4e063cbe88523a0e,passed
simd-phase-zoom,2026-09-27T16:47:26Z,6000x6000.png,6000,6000,Zoom_In,13,16,static,,auto-avx2,yes,unset,unset,hype2,12.2.0,-O3 -Wall -Wextra -std=c++17 -fopenmp -ffp-contract=off -g -DOMP_EXPLICIT_SIMD=0 -march=haswell,28.668262,4e063cbe88523a0e,passed
simd-phase-zoom,2026-09-27T16:47:28Z,6000x6000.png,6000,6000,Zoom_In,13,16,static,,omp-avx2,yes,unset,unset,hype2,12.2.0,-O3 -Wall -Wextra -std=c++17 -fopenmp -ffp-contract=off -g -DOMP_EXPLICIT_SIMD=1 -march=haswell,28.708189,4e063cbe88523a0e,passed
simd-phase-zoom,2026-09-27T16:47:30Z,6000x6000.png,6000,6000,Zoom_In,13,17,static,,off-avx2,yes,unset,unset,hype2,12.2.0,-O3 -Wall -Wextra -std=c++17 -fopenmp -ffp-contract=off -g -DOMP_EXPLICIT_SIMD=0 -fno-tree-vectorize -march=haswell,31.554711,4e063cbe88523a0e,passed
simd-phase-zoom,2026-09-27T16:47:32Z,6000x6000.png,6000,6000,Zoom_In,13,17,static,,auto-avx2,yes,unset,unset,hype2,12.2.0,-O3 -Wall -Wextra -std=c++17 -fopenmp -ffp-contract=off -g -DOMP_EXPLICIT_SIMD=0 -march=haswell,28.625573,4e063cbe88523a0e,passed
simd-phase-zoom,2026-09-27T16:47:34Z,6000x6000.png,6000,6000,Zoom_In,13,17,static,,omp-avx2,yes,unset,unset,hype2,12.2.0,-O3 -Wall -Wextra -std=c++17 -fopenmp -ffp-contract=off -g -DOMP_EXPLICIT_SIMD=1 -march=haswell,27.841505,4e063cbe88523a0e,passed
simd-phase-zoom,2026-09-27T16:47:36Z,6000x6000.png,6000,6000,Zoom_In,13,18,static,,off-avx2,yes,unset,unset,hype2,12.2.0,-O3 -Wall -Wextra -std=c++17 -fopenmp -ffp-contract=off -g -DOMP_EXPLICIT_SIMD=0 -fno-tree-vectorize -march=haswell,28.572734,4e063cbe88523a0e,passed
simd-phase-zoom,2026-09-27T16:47:38Z,6000x6000.png,6000,6000,Zoom_In,13,18,static,,auto-avx2,yes,unset,unset,hype2,12.2.0,-O3 -Wall -Wextra -std=c++17 -fopenmp -ffp-contract=off -g -DOMP_EXPLICIT_SIMD=0 -march=haswell,26.888257,4e063cbe88523a0e,passed
simd-phase-zoom,2026-09-27T16:47:40Z,6000x6000.png,6000,6000,Zoom_In,13,18,static,,omp-avx2,yes,unset,unset,hype2,12.2.0,-O3 -Wall -Wextra -std=c++17 -fopenmp -ffp-contract=off -g -DOMP_EXPLICIT_SIMD=1 -march=haswell,27.249305,4e063cbe88523a0e,passed
simd-phase-zoom,2026-09-27T16:47:43Z,6000x6000.png,6000,6000,Zoom_In,13,19,static,,off-avx2,yes,unset,unset,hype2,12.2.0,-O3 -Wall -Wextra -std=c++17 -fopenmp -ffp-contract=off -g -DOMP_EXPLICIT_SIMD=0 -fno-tree-vectorize -march=haswell,27.540974,4e063cbe88523a0e,passed
simd-phase-zoom,2026-09-27T16:47:45Z,6000x6000.png,6000,6000,Zoom_In,13,19,static,,auto-avx2,yes,unset,unset,hype2,12.2.0,-O3 -Wall -Wextra -std=c++17 -fopenmp -ffp-contract=off -g -DOMP_EXPLICIT_SIMD=0 -march=haswell,25.676372,4e063cbe88523a0e,passed
simd-phase-zoom,2026-09-27T16:47:47Z,6000x6000.png,6000,6000,Zoom_In,13,19,static,,omp-avx2,yes,unset,unset,hype2,12.2.0,-O3 -Wall -Wextra -std=c++17 -fopenmp -ffp-contract=off -g -DOMP_EXPLICIT_SIMD=1 -march=haswell,26.127825,4e063cbe88523a0e,passed
simd-phase-zoom,2026-09-27T16:47:49Z,6000x6000.png,6000,6000,Zoom_In,13,20,static,,off-avx2,yes,unset,unset,hype2,12.2.0,-O3 -Wall -Wextra -std=c++17 -fopenmp -ffp-contract=off -g -DOMP_EXPLICIT_SIMD=0 -fno-tree-vectorize -march=haswell,28.298047,4e063cbe88523a0e,passed
simd-phase-zoom,2026-09-27T16:47:51Z,6000x6000.png,6000,6000,Zoom_In,13,20,static,,auto-avx2,yes,unset,unset,hype2,12.2.0,-O3 -Wall -Wextra -std=c++17 -fopenmp -ffp-contract=off -g -DOMP_EXPLICIT_SIMD=0 -march=haswell,25.461211,4e063cbe88523a0e,passed
simd-phase-zoom,2026-09-27T16:47:53Z,6000x6000.png,6000,6000,Zoom_In,13,20,static,,omp-avx2,yes,unset,unset,hype2,12.2.0,-O3 -Wall -Wextra -std=c++17 -fopenmp -ffp-contract=off -g -DOMP_EXPLICIT_SIMD=1 -march=haswell,25.933039,4e063cbe88523a0e,passed
simd-phase-zoom,2026-09-27T16:47:55Z,6000x6000.png,6000,6000,Zoom_In,14,20,static,,auto-avx2,yes,unset,unset,hype2,12.2.0,-O3 -Wall -Wextra -std=c++17 -fopenmp -ffp-contract=off -g -DOMP_EXPLICIT_SIMD=0 -march=haswell,26.960327,4e063cbe88523a0e,passed
simd-phase-zoom,2026-09-27T16:47:57Z,6000x6000.png,6000,6000,Zoom_In,14,20,static,,omp-avx2,yes,unset,unset,hype2,12.2.0,-O3 -Wall -Wextra -std=c++17 -fopenmp -ffp-contract=off -g -DOMP_EXPLICIT_SIMD=1 -march=haswell,26.003500,4e063cbe88523a0e,passed
simd-phase-zoom,2026-09-27T16:47:59Z,6000x6000.png,6000,6000,Zoom_In,14,20,static,,off-avx2,yes,unset,unset,hype2,12.2.0,-O3 -Wall -Wextra -std=c++17 -fopenmp -ffp-contract=off -g -DOMP_EXPLICIT_SIMD=0 -fno-tree-vectorize -march=haswell,27.379402,4e063cbe88523a0e,passed
simd-phase-zoom,2026-09-27T16:48:01Z,6000x6000.png,6000,6000,Zoom_In,14,19,static,,auto-avx2,yes,unset,unset,hype2,12.2.0,-O3 -Wall -Wextra -std=c++17 -fopenmp -ffp-contract=off -g -DOMP_EXPLICIT_SIMD=0 -march=haswell,26.389439,4e063cbe88523a0e,passed
simd-phase-zoom,2026-09-27T16:48:03Z,6000x6000.png,6000,6000,Zoom_In,14,19,static,,omp-avx2,yes,unset,unset,hype2,12.2.0,-O3 -Wall -Wextra -std=c++17 -fopenmp -ffp-contract=off -g -DOMP_EXPLICIT_SIMD=1 -march=haswell,25.437598,4e063cbe88523a0e,passed
simd-phase-zoom,2026-09-27T16:48:05Z,6000x6000.png,6000,6000,Zoom_In,14,19,static,,off-avx2,yes,unset,unset,hype2,12.2.0,-O3 -Wall -Wextra -std=c++17 -fopenmp -ffp-contract=off -g -DOMP_EXPLICIT_SIMD=0 -fno-tree-vectorize -march=haswell,28.916437,4e063cbe88523a0e,passed
simd-phase-zoom,2026-09-27T16:48:07Z,6000x6000.png,6000,6000,Zoom_In,14,18,static,,auto-avx2,yes,unset,unset,hype2,12.2.0,-O3 -Wall -Wextra -std=c++17 -fopenmp -ffp-contract=off -g -DOMP_EXPLICIT_SIMD=0 -march=haswell,28.152890,4e063cbe88523a0e,passed
simd-phase-zoom,2026-09-27T16:48:09Z,6000x6000.png,6000,6000,Zoom_In,14,18,static,,omp-avx2,yes,unset,unset,hype2,12.2.0,-O3 -Wall -Wextra -std=c++17 -fopenmp -ffp-contract=off -g -DOMP_EXPLICIT_SIMD=1 -march=haswell,28.050505,4e063cbe88523a0e,passed
simd-phase-zoom,2026-09-27T16:48:11Z,6000x6000.png,6000,6000,Zoom_In,14,18,static,,off-avx2,yes,unset,unset,hype2,12.2.0,-O3 -Wall -Wextra -std=c++17 -fopenmp -ffp-contract=off -g -DOMP_EXPLICIT_SIMD=0 -fno-tree-vectorize -march=haswell,28.996281,4e063cbe88523a0e,passed
simd-phase-zoom,2026-09-27T16:48:13Z,6000x6000.png,6000,6000,Zoom_In,14,17,static,,auto-avx2,yes,unset,unset,hype2,12.2.0,-O3 -Wall -Wextra -std=c++17 -fopenmp -ffp-contract=off -g -DOMP_EXPLICIT_SIMD=0 -march=haswell,28.078930,4e063cbe88523a0e,passed
simd-phase-zoom,2026-09-27T16:48:15Z,6000x6000.png,6000,6000,Zoom_In,14,17,static,,omp-avx2,yes,unset,unset,hype2,12.2.0,-O3 -Wall -Wextra -std=c++17 -fopenmp -ffp-contract=off -g -DOMP_EXPLICIT_SIMD=1 -march=haswell,27.942539,4e063cbe88523a0e,passed
simd-phase-zoom,2026-09-27T16:48:18Z,6000x6000.png,6000,6000,Zoom_In,14,17,static,,off-avx2,yes,unset,unset,hype2,12.2.0,-O3 -Wall -Wextra -std=c++17 -fopenmp -ffp-contract=off -g -DOMP_EXPLICIT_SIMD=0 -fno-tree-vectorize -march=haswell,30.482198,4e063cbe88523a0e,passed
simd-phase-zoom,2026-09-27T16:48:20Z,6000x6000.png,6000,6000,Zoom_In,14,16,static,,auto-avx2,yes,unset,unset,hype2,12.2.0,-O3 -Wall -Wextra -std=c++17 -fopenmp -ffp-contract=off -g -DOMP_EXPLICIT_SIMD=0 -march=haswell,28.241188,4e063cbe88523a0e,passed
simd-phase-zoom,2026-09-27T16:48:22Z,6000x6000.png,6000,6000,Zoom_In,14,16,static,,omp-avx2,yes,unset,unset,hype2,12.2.0,-O3 -Wall -Wextra -std=c++17 -fopenmp -ffp-contract=off -g -DOMP_EXPLICIT_SIMD=1 -march=haswell,28.872256,4e063cbe88523a0e,passed
simd-phase-zoom,2026-09-27T16:48:24Z,6000x6000.png,6000,6000,Zoom_In,14,16,static,,off-avx2,yes,unset,unset,hype2,12.2.0,-O3 -Wall -Wextra -std=c++17 -fopenmp -ffp-contract=off -g -DOMP_EXPLICIT_SIMD=0 -fno-tree-vectorize -march=haswell,31.714466,4e063cbe88523a0e,passed
simd-phase-zoom,2026-09-27T16:48:26Z,6000x6000.png,6000,6000,Zoom_In,14,12,static,,auto-avx2,yes,unset,unset,hype2,12.2.0,-O3 -Wall -Wextra -std=c++17 -fopenmp -ffp-contract=off -g -DOMP_EXPLICIT_SIMD=0 -march=haswell,37.005590,4e063cbe88523a0e,passed
simd-phase-zoom,2026-09-27T16:48:28Z,6000x6000.png,6000,6000,Zoom_In,14,12,static,,omp-avx2,yes,unset,unset,hype2,12.2.0,-O3 -Wall -Wextra -std=c++17 -fopenmp -ffp-contract=off -g -DOMP_EXPLICIT_SIMD=1 -march=haswell,38.122107,4e063cbe88523a0e,passed
simd-phase-zoom,2026-09-27T16:48:30Z,6000x6000.png,6000,6000,Zoom_In,14,12,static,,off-avx2,yes,unset,unset,hype2,12.2.0,-O3 -Wall -Wextra -std=c++17 -fopenmp -ffp-contract=off -g -DOMP_EXPLICIT_SIMD=0 -fno-tree-vectorize -march=haswell,42.742740,4e063cbe88523a0e,passed
simd-phase-zoom,2026-09-27T16:48:32Z,6000x6000.png,6000,6000,Zoom_In,14,8,static,,auto-avx2,yes,unset,unset,hype2,12.2.0,-O3 -Wall -Wextra -std=c++17 -fopenmp -ffp-contract=off -g -DOMP_EXPLICIT_SIMD=0 -march=haswell,50.297147,4e063cbe88523a0e,passed
simd-phase-zoom,2026-09-27T16:48:34Z,6000x6000.png,6000,6000,Zoom_In,14,8,static,,omp-avx2,yes,unset,unset,hype2,12.2.0,-O3 -Wall -Wextra -std=c++17 -fopenmp -ffp-contract=off -g -DOMP_EXPLICIT_SIMD=1 -march=haswell,50.145789,4e063cbe88523a0e,passed
simd-phase-zoom,2026-09-27T16:48:36Z,6000x6000.png,6000,6000,Zoom_In,14,8,static,,off-avx2,yes,unset,unset,hype2,12.2.0,-O3 -Wall -Wextra -std=c++17 -fopenmp -ffp-contract=off -g -DOMP_EXPLICIT_SIMD=0 -fno-tree-vectorize -march=haswell,62.771283,4e063cbe88523a0e,passed
simd-phase-zoom,2026-09-27T16:48:38Z,6000x6000.png,6000,6000,Zoom_In,14,4,static,,auto-avx2,yes,unset,unset,hype2,12.2.0,-O3 -Wall -Wextra -std=c++17 -fopenmp -ffp-contract=off -g -DOMP_EXPLICIT_SIMD=0 -march=haswell,91.986303,4e063cbe88523a0e,passed
simd-phase-zoom,2026-09-27T16:48:40Z,6000x6000.png,6000,6000,Zoom_In,14,4,static,,omp-avx2,yes,unset,unset,hype2,12.2.0,-O3 -Wall -Wextra -std=c++17 -fopenmp -ffp-contract=off -g -DOMP_EXPLICIT_SIMD=1 -march=haswell,87.760542,4e063cbe88523a0e,passed
simd-phase-zoom,2026-09-27T16:48:43Z,6000x6000.png,6000,6000,Zoom_In,14,4,static,,off-avx2,yes,unset,unset,hype2,12.2.0,-O3 -Wall -Wextra -std=c++17 -fopenmp -ffp-contract=off -g -DOMP_EXPLICIT_SIMD=0 -fno-tree-vectorize -march=haswell,110.804303,4e063cbe88523a0e,passed
simd-phase-zoom,2026-09-27T16:48:45Z,6000x6000.png,6000,6000,Zoom_In,14,2,static,,auto-avx2,yes,unset,unset,hype2,12.2.0,-O3 -Wall -Wextra -std=c++17 -fopenmp -ffp-contract=off -g -DOMP_EXPLICIT_SIMD=0 -march=haswell,150.771860,4e063cbe88523a0e,passed
simd-phase-zoom,2026-09-27T16:48:47Z,6000x6000.png,6000,6000,Zoom_In,14,2,static,,omp-avx2,yes,unset,unset,hype2,12.2.0,-O3 -Wall -Wextra -std=c++17 -fopenmp -ffp-contract=off -g -DOMP_EXPLICIT_SIMD=1 -march=haswell,153.404194,4e063cbe88523a0e,passed
simd-phase-zoom,2026-09-27T16:48:49Z,6000x6000.png,6000,6000,Zoom_In,14,2,static,,off-avx2,yes,unset,unset,hype2,12.2.0,-O3 -Wall -Wextra -std=c++17 -fopenmp -ffp-contract=off -g -DOMP_EXPLICIT_SIMD=0 -fno-tree-vectorize -march=haswell,179.823717,4e063cbe88523a0e,passed
simd-phase-zoom,2026-09-27T16:48:52Z,6000x6000.png,6000,6000,Zoom_In,14,1,static,,auto-avx2,yes,unset,unset,hype2,12.2.0,-O3 -Wall -Wextra -std=c++17 -fopenmp -ffp-contract=off -g -DOMP_EXPLICIT_SIMD=0 -march=haswell,288.382384,4e063cbe88523a0e,passed
simd-phase-zoom,2026-09-27T16:48:54Z,6000x6000.png,6000,6000,Zoom_In,14,1,static,,omp-avx2,yes,unset,unset,hype2,12.2.0,-O3 -Wall -Wextra -std=c++17 -fopenmp -ffp-contract=off -g -DOMP_EXPLICIT_SIMD=1 -march=haswell,285.867492,4e063cbe88523a0e,passed
simd-phase-zoom,2026-09-27T16:48:56Z,6000x6000.png,6000,6000,Zoom_In,14,1,static,,off-avx2,yes,unset,unset,hype2,12.2.0,-O3 -Wall -Wextra -std=c++17 -fopenmp -ffp-contract=off -g -DOMP_EXPLICIT_SIMD=0 -fno-tree-vectorize -march=haswell,350.927268,4e063cbe88523a0e,passed
simd-phase-zoom,2026-09-27T16:48:59Z,6000x6000.png,6000,6000,Zoom_In,15,1,static,,omp-avx2,yes,unset,unset,hype2,12.2.0,-O3 -Wall -Wextra -std=c++17 -fopenmp -ffp-contract=off -g -DOMP_EXPLICIT_SIMD=1 -march=haswell,286.836343,4e063cbe88523a0e,passed
simd-phase-zoom,2026-09-27T16:49:01Z,6000x6000.png,6000,6000,Zoom_In,15,1,static,,off-avx2,yes,unset,unset,hype2,12.2.0,-O3 -Wall -Wextra -std=c++17 -fopenmp -ffp-contract=off -g -DOMP_EXPLICIT_SIMD=0 -fno-tree-vectorize -march=haswell,350.994614,4e063cbe88523a0e,passed
simd-phase-zoom,2026-09-27T16:49:03Z,6000x6000.png,6000,6000,Zoom_In,15,1,static,,auto-avx2,yes,unset,unset,hype2,12.2.0,-O3 -Wall -Wextra -std=c++17 -fopenmp -ffp-contract=off -g -DOMP_EXPLICIT_SIMD=0 -march=haswell,274.727442,4e063cbe88523a0e,passed
simd-phase-zoom,2026-09-27T16:49:05Z,6000x6000.png,6000,6000,Zoom_In,15,2,static,,omp-avx2,yes,unset,unset,hype2,12.2.0,-O3 -Wall -Wextra -std=c++17 -fopenmp -ffp-contract=off -g -DOMP_EXPLICIT_SIMD=1 -march=haswell,153.996311,4e063cbe88523a0e,passed
simd-phase-zoom,2026-09-27T16:49:08Z,6000x6000.png,6000,6000,Zoom_In,15,2,static,,off-avx2,yes,unset,unset,hype2,12.2.0,-O3 -Wall -Wextra -std=c++17 -fopenmp -ffp-contract=off -g -DOMP_EXPLICIT_SIMD=0 -fno-tree-vectorize -march=haswell,188.103383,4e063cbe88523a0e,passed
simd-phase-zoom,2026-09-27T16:49:10Z,6000x6000.png,6000,6000,Zoom_In,15,2,static,,auto-avx2,yes,unset,unset,hype2,12.2.0,-O3 -Wall -Wextra -std=c++17 -fopenmp -ffp-contract=off -g -DOMP_EXPLICIT_SIMD=0 -march=haswell,155.042558,4e063cbe88523a0e,passed
simd-phase-zoom,2026-09-27T16:49:12Z,6000x6000.png,6000,6000,Zoom_In,15,4,static,,omp-avx2,yes,unset,unset,hype2,12.2.0,-O3 -Wall -Wextra -std=c++17 -fopenmp -ffp-contract=off -g -DOMP_EXPLICIT_SIMD=1 -march=haswell,89.327108,4e063cbe88523a0e,passed
simd-phase-zoom,2026-09-27T16:49:14Z,6000x6000.png,6000,6000,Zoom_In,15,4,static,,off-avx2,yes,unset,unset,hype2,12.2.0,-O3 -Wall -Wextra -std=c++17 -fopenmp -ffp-contract=off -g -DOMP_EXPLICIT_SIMD=0 -fno-tree-vectorize -march=haswell,107.915582,4e063cbe88523a0e,passed
simd-phase-zoom,2026-09-27T16:49:16Z,6000x6000.png,6000,6000,Zoom_In,15,4,static,,auto-avx2,yes,unset,unset,hype2,12.2.0,-O3 -Wall -Wextra -std=c++17 -fopenmp -ffp-contract=off -g -DOMP_EXPLICIT_SIMD=0 -march=haswell,92.641857,4e063cbe88523a0e,passed
simd-phase-zoom,2026-09-27T16:49:18Z,6000x6000.png,6000,6000,Zoom_In,15,8,static,,omp-avx2,yes,unset,unset,hype2,12.2.0,-O3 -Wall -Wextra -std=c++17 -fopenmp -ffp-contract=off -g -DOMP_EXPLICIT_SIMD=1 -march=haswell,52.666684,4e063cbe88523a0e,passed
simd-phase-zoom,2026-09-27T16:49:20Z,6000x6000.png,6000,6000,Zoom_In,15,8,static,,off-avx2,yes,unset,unset,hype2,12.2.0,-O3 -Wall -Wextra -std=c++17 -fopenmp -ffp-contract=off -g -DOMP_EXPLICIT_SIMD=0 -fno-tree-vectorize -march=haswell,60.665433,4e063cbe88523a0e,passed
simd-phase-zoom,2026-09-27T16:49:22Z,6000x6000.png,6000,6000,Zoom_In,15,8,static,,auto-avx2,yes,unset,unset,hype2,12.2.0,-O3 -Wall -Wextra -std=c++17 -fopenmp -ffp-contract=off -g -DOMP_EXPLICIT_SIMD=0 -march=haswell,51.116955,4e063cbe88523a0e,passed
simd-phase-zoom,2026-09-27T16:49:25Z,6000x6000.png,6000,6000,Zoom_In,15,12,static,,omp-avx2,yes,unset,unset,hype2,12.2.0,-O3 -Wall -Wextra -std=c++17 -fopenmp -ffp-contract=off -g -DOMP_EXPLICIT_SIMD=1 -march=haswell,33.869082,4e063cbe88523a0e,passed
simd-phase-zoom,2026-09-27T16:49:27Z,6000x6000.png,6000,6000,Zoom_In,15,12,static,,off-avx2,yes,unset,unset,hype2,12.2.0,-O3 -Wall -Wextra -std=c++17 -fopenmp -ffp-contract=off -g -DOMP_EXPLICIT_SIMD=0 -fno-tree-vectorize -march=haswell,42.831953,4e063cbe88523a0e,passed
simd-phase-zoom,2026-09-27T16:49:29Z,6000x6000.png,6000,6000,Zoom_In,15,12,static,,auto-avx2,yes,unset,unset,hype2,12.2.0,-O3 -Wall -Wextra -std=c++17 -fopenmp -ffp-contract=off -g -DOMP_EXPLICIT_SIMD=0 -march=haswell,36.552592,4e063cbe88523a0e,passed
simd-phase-zoom,2026-09-27T16:49:31Z,6000x6000.png,6000,6000,Zoom_In,15,16,static,,omp-avx2,yes,unset,unset,hype2,12.2.0,-O3 -Wall -Wextra -std=c++17 -fopenmp -ffp-contract=off -g -DOMP_EXPLICIT_SIMD=1 -march=haswell,28.948110,4e063cbe88523a0e,passed
simd-phase-zoom,2026-09-27T16:49:33Z,6000x6000.png,6000,6000,Zoom_In,15,16,static,,off-avx2,yes,unset,unset,hype2,12.2.0,-O3 -Wall -Wextra -std=c++17 -fopenmp -ffp-contract=off -g -DOMP_EXPLICIT_SIMD=0 -fno-tree-vectorize -march=haswell,30.672160,4e063cbe88523a0e,passed
simd-phase-zoom,2026-09-27T16:49:35Z,6000x6000.png,6000,6000,Zoom_In,15,16,static,,auto-avx2,yes,unset,unset,hype2,12.2.0,-O3 -Wall -Wextra -std=c++17 -fopenmp -ffp-contract=off -g -DOMP_EXPLICIT_SIMD=0 -march=haswell,29.387250,4e063cbe88523a0e,passed
simd-phase-zoom,2026-09-27T16:49:37Z,6000x6000.png,6000,6000,Zoom_In,15,17,static,,omp-avx2,yes,unset,unset,hype2,12.2.0,-O3 -Wall -Wextra -std=c++17 -fopenmp -ffp-contract=off -g -DOMP_EXPLICIT_SIMD=1 -march=haswell,28.156692,4e063cbe88523a0e,passed
simd-phase-zoom,2026-09-27T16:49:39Z,6000x6000.png,6000,6000,Zoom_In,15,17,static,,off-avx2,yes,unset,unset,hype2,12.2.0,-O3 -Wall -Wextra -std=c++17 -fopenmp -ffp-contract=off -g -DOMP_EXPLICIT_SIMD=0 -fno-tree-vectorize -march=haswell,30.544017,4e063cbe88523a0e,passed
simd-phase-zoom,2026-09-27T16:49:41Z,6000x6000.png,6000,6000,Zoom_In,15,17,static,,auto-avx2,yes,unset,unset,hype2,12.2.0,-O3 -Wall -Wextra -std=c++17 -fopenmp -ffp-contract=off -g -DOMP_EXPLICIT_SIMD=0 -march=haswell,28.837024,4e063cbe88523a0e,passed
simd-phase-zoom,2026-09-27T16:49:43Z,6000x6000.png,6000,6000,Zoom_In,15,18,static,,omp-avx2,yes,unset,unset,hype2,12.2.0,-O3 -Wall -Wextra -std=c++17 -fopenmp -ffp-contract=off -g -DOMP_EXPLICIT_SIMD=1 -march=haswell,27.766024,4e063cbe88523a0e,passed
simd-phase-zoom,2026-09-27T16:49:45Z,6000x6000.png,6000,6000,Zoom_In,15,18,static,,off-avx2,yes,unset,unset,hype2,12.2.0,-O3 -Wall -Wextra -std=c++17 -fopenmp -ffp-contract=off -g -DOMP_EXPLICIT_SIMD=0 -fno-tree-vectorize -march=haswell,28.758414,4e063cbe88523a0e,passed
simd-phase-zoom,2026-09-27T16:49:47Z,6000x6000.png,6000,6000,Zoom_In,15,18,static,,auto-avx2,yes,unset,unset,hype2,12.2.0,-O3 -Wall -Wextra -std=c++17 -fopenmp -ffp-contract=off -g -DOMP_EXPLICIT_SIMD=0 -march=haswell,27.547480,4e063cbe88523a0e,passed
simd-phase-zoom,2026-09-27T16:49:49Z,6000x6000.png,6000,6000,Zoom_In,15,19,static,,omp-avx2,yes,unset,unset,hype2,12.2.0,-O3 -Wall -Wextra -std=c++17 -fopenmp -ffp-contract=off -g -DOMP_EXPLICIT_SIMD=1 -march=haswell,26.406159,4e063cbe88523a0e,passed
simd-phase-zoom,2026-09-27T16:49:51Z,6000x6000.png,6000,6000,Zoom_In,15,19,static,,off-avx2,yes,unset,unset,hype2,12.2.0,-O3 -Wall -Wextra -std=c++17 -fopenmp -ffp-contract=off -g -DOMP_EXPLICIT_SIMD=0 -fno-tree-vectorize -march=haswell,28.019365,4e063cbe88523a0e,passed
simd-phase-zoom,2026-09-27T16:49:54Z,6000x6000.png,6000,6000,Zoom_In,15,19,static,,auto-avx2,yes,unset,unset,hype2,12.2.0,-O3 -Wall -Wextra -std=c++17 -fopenmp -ffp-contract=off -g -DOMP_EXPLICIT_SIMD=0 -march=haswell,26.094294,4e063cbe88523a0e,passed
simd-phase-zoom,2026-09-27T16:49:56Z,6000x6000.png,6000,6000,Zoom_In,15,20,static,,omp-avx2,yes,unset,unset,hype2,12.2.0,-O3 -Wall -Wextra -std=c++17 -fopenmp -ffp-contract=off -g -DOMP_EXPLICIT_SIMD=1 -march=haswell,25.661750,4e063cbe88523a0e,passed
simd-phase-zoom,2026-09-27T16:49:58Z,6000x6000.png,6000,6000,Zoom_In,15,20,static,,off-avx2,yes,unset,unset,hype2,12.2.0,-O3 -Wall -Wextra -std=c++17 -fopenmp -ffp-contract=off -g -DOMP_EXPLICIT_SIMD=0 -fno-tree-vectorize -march=haswell,28.304634,4e063cbe88523a0e,passed
simd-phase-zoom,2026-09-27T16:50:00Z,6000x6000.png,6000,6000,Zoom_In,15,20,static,,auto-avx2,yes,unset,unset,hype2,12.2.0,-O3 -Wall -Wextra -std=c++17 -fopenmp -ffp-contract=off -g -DOMP_EXPLICIT_SIMD=0 -march=haswell,26.192286,4e063cbe88523a0e,passed
simd-phase-zoom,2026-09-27T16:50:02Z,6000x6000.png,6000,6000,Zoom_In,16,20,static,,off-avx2,yes,unset,unset,hype2,12.2.0,-O3 -Wall -Wextra -std=c++17 -fopenmp -ffp-contract=off -g -DOMP_EXPLICIT_SIMD=0 -fno-tree-vectorize -march=haswell,27.799302,4e063cbe88523a0e,passed
simd-phase-zoom,2026-09-27T16:50:04Z,6000x6000.png,6000,6000,Zoom_In,16,20,static,,auto-avx2,yes,unset,unset,hype2,12.2.0,-O3 -Wall -Wextra -std=c++17 -fopenmp -ffp-contract=off -g -DOMP_EXPLICIT_SIMD=0 -march=haswell,32.761666,4e063cbe88523a0e,passed
simd-phase-zoom,2026-09-27T16:50:06Z,6000x6000.png,6000,6000,Zoom_In,16,20,static,,omp-avx2,yes,unset,unset,hype2,12.2.0,-O3 -Wall -Wextra -std=c++17 -fopenmp -ffp-contract=off -g -DOMP_EXPLICIT_SIMD=1 -march=haswell,26.167243,4e063cbe88523a0e,passed
simd-phase-zoom,2026-09-27T16:50:08Z,6000x6000.png,6000,6000,Zoom_In,16,19,static,,off-avx2,yes,unset,unset,hype2,12.2.0,-O3 -Wall -Wextra -std=c++17 -fopenmp -ffp-contract=off -g -DOMP_EXPLICIT_SIMD=0 -fno-tree-vectorize -march=haswell,28.203221,4e063cbe88523a0e,passed
simd-phase-zoom,2026-09-27T16:50:10Z,6000x6000.png,6000,6000,Zoom_In,16,19,static,,auto-avx2,yes,unset,unset,hype2,12.2.0,-O3 -Wall -Wextra -std=c++17 -fopenmp -ffp-contract=off -g -DOMP_EXPLICIT_SIMD=0 -march=haswell,26.292626,4e063cbe88523a0e,passed
simd-phase-zoom,2026-09-27T16:50:12Z,6000x6000.png,6000,6000,Zoom_In,16,19,static,,omp-avx2,yes,unset,unset,hype2,12.2.0,-O3 -Wall -Wextra -std=c++17 -fopenmp -ffp-contract=off -g -DOMP_EXPLICIT_SIMD=1 -march=haswell,26.244183,4e063cbe88523a0e,passed
simd-phase-zoom,2026-09-27T16:50:14Z,6000x6000.png,6000,6000,Zoom_In,16,18,static,,off-avx2,yes,unset,unset,hype2,12.2.0,-O3 -Wall -Wextra -std=c++17 -fopenmp -ffp-contract=off -g -DOMP_EXPLICIT_SIMD=0 -fno-tree-vectorize -march=haswell,29.930909,4e063cbe88523a0e,passed
simd-phase-zoom,2026-09-27T16:50:16Z,6000x6000.png,6000,6000,Zoom_In,16,18,static,,auto-avx2,yes,unset,unset,hype2,12.2.0,-O3 -Wall -Wextra -std=c++17 -fopenmp -ffp-contract=off -g -DOMP_EXPLICIT_SIMD=0 -march=haswell,27.278376,4e063cbe88523a0e,passed
simd-phase-zoom,2026-09-27T16:50:18Z,6000x6000.png,6000,6000,Zoom_In,16,18,static,,omp-avx2,yes,unset,unset,hype2,12.2.0,-O3 -Wall -Wextra -std=c++17 -fopenmp -ffp-contract=off -g -DOMP_EXPLICIT_SIMD=1 -march=haswell,27.914991,4e063cbe88523a0e,passed
simd-phase-zoom,2026-09-27T16:50:20Z,6000x6000.png,6000,6000,Zoom_In,16,17,static,,off-avx2,yes,unset,unset,hype2,12.2.0,-O3 -Wall -Wextra -std=c++17 -fopenmp -ffp-contract=off -g -DOMP_EXPLICIT_SIMD=0 -fno-tree-vectorize -march=haswell,29.185128,4e063cbe88523a0e,passed
simd-phase-zoom,2026-09-27T16:50:22Z,6000x6000.png,6000,6000,Zoom_In,16,17,static,,auto-avx2,yes,unset,unset,hype2,12.2.0,-O3 -Wall -Wextra -std=c++17 -fopenmp -ffp-contract=off -g -DOMP_EXPLICIT_SIMD=0 -march=haswell,28.681724,4e063cbe88523a0e,passed
simd-phase-zoom,2026-09-27T16:50:24Z,6000x6000.png,6000,6000,Zoom_In,16,17,static,,omp-avx2,yes,unset,unset,hype2,12.2.0,-O3 -Wall -Wextra -std=c++17 -fopenmp -ffp-contract=off -g -DOMP_EXPLICIT_SIMD=1 -march=haswell,29.380640,4e063cbe88523a0e,passed
simd-phase-zoom,2026-09-27T16:50:27Z,6000x6000.png,6000,6000,Zoom_In,16,16,static,,off-avx2,yes,unset,unset,hype2,12.2.0,-O3 -Wall -Wextra -std=c++17 -fopenmp -ffp-contract=off -g -DOMP_EXPLICIT_SIMD=0 -fno-tree-vectorize -march=haswell,31.852130,4e063cbe88523a0e,passed
simd-phase-zoom,2026-09-27T16:50:29Z,6000x6000.png,6000,6000,Zoom_In,16,16,static,,auto-avx2,yes,unset,unset,hype2,12.2.0,-O3 -Wall -Wextra -std=c++17 -fopenmp -ffp-contract=off -g -DOMP_EXPLICIT_SIMD=0 -march=haswell,29.248378,4e063cbe88523a0e,passed
simd-phase-zoom,2026-09-27T16:50:31Z,6000x6000.png,6000,6000,Zoom_In,16,16,static,,omp-avx2,yes,unset,unset,hype2,12.2.0,-O3 -Wall -Wextra -std=c++17 -fopenmp -ffp-contract=off -g -DOMP_EXPLICIT_SIMD=1 -march=haswell,29.520980,4e063cbe88523a0e,passed
simd-phase-zoom,2026-09-27T16:50:33Z,6000x6000.png,6000,6000,Zoom_In,16,12,static,,off-avx2,yes,unset,unset,hype2,12.2.0,-O3 -Wall -Wextra -std=c++17 -fopenmp -ffp-contract=off -g -DOMP_EXPLICIT_SIMD=0 -fno-tree-vectorize -march=haswell,41.540050,4e063cbe88523a0e,passed
simd-phase-zoom,2026-09-27T16:50:35Z,6000x6000.png,6000,6000,Zoom_In,16,12,static,,auto-avx2,yes,unset,unset,hype2,12.2.0,-O3 -Wall -Wextra -std=c++17 -fopenmp -ffp-contract=off -g -DOMP_EXPLICIT_SIMD=0 -march=haswell,37.278187,4e063cbe88523a0e,passed
simd-phase-zoom,2026-09-27T16:50:37Z,6000x6000.png,6000,6000,Zoom_In,16,12,static,,omp-avx2,yes,unset,unset,hype2,12.2.0,-O3 -Wall -Wextra -std=c++17 -fopenmp -ffp-contract=off -g -DOMP_EXPLICIT_SIMD=1 -march=haswell,37.745174,4e063cbe88523a0e,passed
simd-phase-zoom,2026-09-27T16:50:39Z,6000x6000.png,6000,6000,Zoom_In,16,8,static,,off-avx2,yes,unset,unset,hype2,12.2.0,-O3 -Wall -Wextra -std=c++17 -fopenmp -ffp-contract=off -g -DOMP_EXPLICIT_SIMD=0 -fno-tree-vectorize -march=haswell,59.304307,4e063cbe88523a0e,passed
simd-phase-zoom,2026-09-27T16:50:41Z,6000x6000.png,6000,6000,Zoom_In,16,8,static,,auto-avx2,yes,unset,unset,hype2,12.2.0,-O3 -Wall -Wextra -std=c++17 -fopenmp -ffp-contract=off -g -DOMP_EXPLICIT_SIMD=0 -march=haswell,52.590224,4e063cbe88523a0e,passed
simd-phase-zoom,2026-09-27T16:50:43Z,6000x6000.png,6000,6000,Zoom_In,16,8,static,,omp-avx2,yes,unset,unset,hype2,12.2.0,-O3 -Wall -Wextra -std=c++17 -fopenmp -ffp-contract=off -g -DOMP_EXPLICIT_SIMD=1 -march=haswell,52.261792,4e063cbe88523a0e,passed
simd-phase-zoom,2026-09-27T16:50:45Z,6000x6000.png,6000,6000,Zoom_In,16,4,static,,off-avx2,yes,unset,unset,hype2,12.2.0,-O3 -Wall -Wextra -std=c++17 -fopenmp -ffp-contract=off -g -DOMP_EXPLICIT_SIMD=0 -fno-tree-vectorize -march=haswell,111.169985,4e063cbe88523a0e,passed
simd-phase-zoom,2026-09-27T16:50:47Z,6000x6000.png,6000,6000,Zoom_In,16,4,static,,auto-avx2,yes,unset,unset,hype2,12.2.0,-O3 -Wall -Wextra -std=c++17 -fopenmp -ffp-contract=off -g -DOMP_EXPLICIT_SIMD=0 -march=haswell,89.917881,4e063cbe88523a0e,passed
simd-phase-zoom,2026-09-27T16:50:50Z,6000x6000.png,6000,6000,Zoom_In,16,4,static,,omp-avx2,yes,unset,unset,hype2,12.2.0,-O3 -Wall -Wextra -std=c++17 -fopenmp -ffp-contract=off -g -DOMP_EXPLICIT_SIMD=1 -march=haswell,95.437808,4e063cbe88523a0e,passed
simd-phase-zoom,2026-09-27T16:50:52Z,6000x6000.png,6000,6000,Zoom_In,16,2,static,,off-avx2,yes,unset,unset,hype2,12.2.0,-O3 -Wall -Wextra -std=c++17 -fopenmp -ffp-contract=off -g -DOMP_EXPLICIT_SIMD=0 -fno-tree-vectorize -march=haswell,191.904062,4e063cbe88523a0e,passed
simd-phase-zoom,2026-09-27T16:50:54Z,6000x6000.png,6000,6000,Zoom_In,16,2,static,,auto-avx2,yes,unset,unset,hype2,12.2.0,-O3 -Wall -Wextra -std=c++17 -fopenmp -ffp-contract=off -g -DOMP_EXPLICIT_SIMD=0 -march=haswell,152.870090,4e063cbe88523a0e,passed
simd-phase-zoom,2026-09-27T16:50:56Z,6000x6000.png,6000,6000,Zoom_In,16,2,static,,omp-avx2,yes,unset,unset,hype2,12.2.0,-O3 -Wall -Wextra -std=c++17 -fopenmp -ffp-contract=off -g -DOMP_EXPLICIT_SIMD=1 -march=haswell,153.262670,4e063cbe88523a0e,passed
simd-phase-zoom,2026-09-27T16:50:59Z,6000x6000.png,6000,6000,Zoom_In,16,1,static,,off-avx2,yes,unset,unset,hype2,12.2.0,-O3 -Wall -Wextra -std=c++17 -fopenmp -ffp-contract=off -g -DOMP_EXPLICIT_SIMD=0 -fno-tree-vectorize -march=haswell,349.091688,4e063cbe88523a0e,passed
simd-phase-zoom,2026-09-27T16:51:01Z,6000x6000.png,6000,6000,Zoom_In,16,1,static,,auto-avx2,yes,unset,unset,hype2,12.2.0,-O3 -Wall -Wextra -std=c++17 -fopenmp -ffp-contract=off -g -DOMP_EXPLICIT_SIMD=0 -march=haswell,286.875017,4e063cbe88523a0e,passed
simd-phase-zoom,2026-09-27T16:51:03Z,6000x6000.png,6000,6000,Zoom_In,16,1,static,,omp-avx2,yes,unset,unset,hype2,12.2.0,-O3 -Wall -Wextra -std=c++17 -fopenmp -ffp-contract=off -g -DOMP_EXPLICIT_SIMD=1 -march=haswell,287.279456,4e063cbe88523a0e,passed
simd-phase-zoom,2026-09-27T16:51:06Z,6000x6000.png,6000,6000,Zoom_In,17,1,static,,auto-avx2,yes,unset,unset,hype2,12.2.0,-O3 -Wall -Wextra -std=c++17 -fopenmp -ffp-contract=off -g -DOMP_EXPLICIT_SIMD=0 -march=haswell,286.698037,4e063cbe88523a0e,passed
simd-phase-zoom,2026-09-27T16:51:08Z,6000x6000.png,6000,6000,Zoom_In,17,1,static,,omp-avx2,yes,unset,unset,hype2,12.2.0,-O3 -Wall -Wextra -std=c++17 -fopenmp -ffp-contract=off -g -DOMP_EXPLICIT_SIMD=1 -march=haswell,287.590973,4e063cbe88523a0e,passed
simd-phase-zoom,2026-09-27T16:51:10Z,6000x6000.png,6000,6000,Zoom_In,17,1,static,,off-avx2,yes,unset,unset,hype2,12.2.0,-O3 -Wall -Wextra -std=c++17 -fopenmp -ffp-contract=off -g -DOMP_EXPLICIT_SIMD=0 -fno-tree-vectorize -march=haswell,349.824700,4e063cbe88523a0e,passed
simd-phase-zoom,2026-09-27T16:51:12Z,6000x6000.png,6000,6000,Zoom_In,17,2,static,,auto-avx2,yes,unset,unset,hype2,12.2.0,-O3 -Wall -Wextra -std=c++17 -fopenmp -ffp-contract=off -g -DOMP_EXPLICIT_SIMD=0 -march=haswell,154.613529,4e063cbe88523a0e,passed
simd-phase-zoom,2026-09-27T16:51:15Z,6000x6000.png,6000,6000,Zoom_In,17,2,static,,omp-avx2,yes,unset,unset,hype2,12.2.0,-O3 -Wall -Wextra -std=c++17 -fopenmp -ffp-contract=off -g -DOMP_EXPLICIT_SIMD=1 -march=haswell,144.606581,4e063cbe88523a0e,passed
simd-phase-zoom,2026-09-27T16:51:17Z,6000x6000.png,6000,6000,Zoom_In,17,2,static,,off-avx2,yes,unset,unset,hype2,12.2.0,-O3 -Wall -Wextra -std=c++17 -fopenmp -ffp-contract=off -g -DOMP_EXPLICIT_SIMD=0 -fno-tree-vectorize -march=haswell,181.153366,4e063cbe88523a0e,passed
simd-phase-zoom,2026-09-27T16:51:19Z,6000x6000.png,6000,6000,Zoom_In,17,4,static,,auto-avx2,yes,unset,unset,hype2,12.2.0,-O3 -Wall -Wextra -std=c++17 -fopenmp -ffp-contract=off -g -DOMP_EXPLICIT_SIMD=0 -march=haswell,89.849297,4e063cbe88523a0e,passed
simd-phase-zoom,2026-09-27T16:51:21Z,6000x6000.png,6000,6000,Zoom_In,17,4,static,,omp-avx2,yes,unset,unset,hype2,12.2.0,-O3 -Wall -Wextra -std=c++17 -fopenmp -ffp-contract=off -g -DOMP_EXPLICIT_SIMD=1 -march=haswell,89.332806,4e063cbe88523a0e,passed
simd-phase-zoom,2026-09-27T16:51:23Z,6000x6000.png,6000,6000,Zoom_In,17,4,static,,off-avx2,yes,unset,unset,hype2,12.2.0,-O3 -Wall -Wextra -std=c++17 -fopenmp -ffp-contract=off -g -DOMP_EXPLICIT_SIMD=0 -fno-tree-vectorize -march=haswell,107.159117,4e063cbe88523a0e,passed
simd-phase-zoom,2026-09-27T16:51:25Z,6000x6000.png,6000,6000,Zoom_In,17,8,static,,auto-avx2,yes,unset,unset,hype2,12.2.0,-O3 -Wall -Wextra -std=c++17 -fopenmp -ffp-contract=off -g -DOMP_EXPLICIT_SIMD=0 -march=haswell,50.823404,4e063cbe88523a0e,passed
simd-phase-zoom,2026-09-27T16:51:27Z,6000x6000.png,6000,6000,Zoom_In,17,8,static,,omp-avx2,yes,unset,unset,hype2,12.2.0,-O3 -Wall -Wextra -std=c++17 -fopenmp -ffp-contract=off -g -DOMP_EXPLICIT_SIMD=1 -march=haswell,53.171450,4e063cbe88523a0e,passed
simd-phase-zoom,2026-09-27T16:51:29Z,6000x6000.png,6000,6000,Zoom_In,17,8,static,,off-avx2,yes,unset,unset,hype2,12.2.0,-O3 -Wall -Wextra -std=c++17 -fopenmp -ffp-contract=off -g -DOMP_EXPLICIT_SIMD=0 -fno-tree-vectorize -march=haswell,69.837218,4e063cbe88523a0e,passed
simd-phase-zoom,2026-09-27T16:51:32Z,6000x6000.png,6000,6000,Zoom_In,17,12,static,,auto-avx2,yes,unset,unset,hype2,12.2.0,-O3 -Wall -Wextra -std=c++17 -fopenmp -ffp-contract=off -g -DOMP_EXPLICIT_SIMD=0 -march=haswell,37.644391,4e063cbe88523a0e,passed
simd-phase-zoom,2026-09-27T16:51:34Z,6000x6000.png,6000,6000,Zoom_In,17,12,static,,omp-avx2,yes,unset,unset,hype2,12.2.0,-O3 -Wall -Wextra -std=c++17 -fopenmp -ffp-contract=off -g -DOMP_EXPLICIT_SIMD=1 -march=haswell,37.545236,4e063cbe88523a0e,passed
simd-phase-zoom,2026-09-27T16:51:36Z,6000x6000.png,6000,6000,Zoom_In,17,12,static,,off-avx2,yes,unset,unset,hype2,12.2.0,-O3 -Wall -Wextra -std=c++17 -fopenmp -ffp-contract=off -g -DOMP_EXPLICIT_SIMD=0 -fno-tree-vectorize -march=haswell,42.699776,4e063cbe88523a0e,passed
simd-phase-zoom,2026-09-27T16:51:38Z,6000x6000.png,6000,6000,Zoom_In,17,16,static,,auto-avx2,yes,unset,unset,hype2,12.2.0,-O3 -Wall -Wextra -std=c++17 -fopenmp -ffp-contract=off -g -DOMP_EXPLICIT_SIMD=0 -march=haswell,29.065002,4e063cbe88523a0e,passed
simd-phase-zoom,2026-09-27T16:51:40Z,6000x6000.png,6000,6000,Zoom_In,17,16,static,,omp-avx2,yes,unset,unset,hype2,12.2.0,-O3 -Wall -Wextra -std=c++17 -fopenmp -ffp-contract=off -g -DOMP_EXPLICIT_SIMD=1 -march=haswell,28.994106,4e063cbe88523a0e,passed
simd-phase-zoom,2026-09-27T16:51:42Z,6000x6000.png,6000,6000,Zoom_In,17,16,static,,off-avx2,yes,unset,unset,hype2,12.2.0,-O3 -Wall -Wextra -std=c++17 -fopenmp -ffp-contract=off -g -DOMP_EXPLICIT_SIMD=0 -fno-tree-vectorize -march=haswell,31.684092,4e063cbe88523a0e,passed
simd-phase-zoom,2026-09-27T16:51:44Z,6000x6000.png,6000,6000,Zoom_In,17,17,static,,auto-avx2,yes,unset,unset,hype2,12.2.0,-O3 -Wall -Wextra -std=c++17 -fopenmp -ffp-contract=off -g -DOMP_EXPLICIT_SIMD=0 -march=haswell,29.243131,4e063cbe88523a0e,passed
simd-phase-zoom,2026-09-27T16:51:46Z,6000x6000.png,6000,6000,Zoom_In,17,17,static,,omp-avx2,yes,unset,unset,hype2,12.2.0,-O3 -Wall -Wextra -std=c++17 -fopenmp -ffp-contract=off -g -DOMP_EXPLICIT_SIMD=1 -march=haswell,27.509913,4e063cbe88523a0e,passed
simd-phase-zoom,2026-09-27T16:51:48Z,6000x6000.png,6000,6000,Zoom_In,17,17,static,,off-avx2,yes,unset,unset,hype2,12.2.0,-O3 -Wall -Wextra -std=c++17 -fopenmp -ffp-contract=off -g -DOMP_EXPLICIT_SIMD=0 -fno-tree-vectorize -march=haswell,30.418066,4e063cbe88523a0e,passed
simd-phase-zoom,2026-09-27T16:51:50Z,6000x6000.png,6000,6000,Zoom_In,17,18,static,,auto-avx2,yes,unset,unset,hype2,12.2.0,-O3 -Wall -Wextra -std=c++17 -fopenmp -ffp-contract=off -g -DOMP_EXPLICIT_SIMD=0 -march=haswell,26.612512,4e063cbe88523a0e,passed
simd-phase-zoom,2026-09-27T16:51:52Z,6000x6000.png,6000,6000,Zoom_In,17,18,static,,omp-avx2,yes,unset,unset,hype2,12.2.0,-O3 -Wall -Wextra -std=c++17 -fopenmp -ffp-contract=off -g -DOMP_EXPLICIT_SIMD=1 -march=haswell,28.411627,4e063cbe88523a0e,passed
simd-phase-zoom,2026-09-27T16:51:54Z,6000x6000.png,6000,6000,Zoom_In,17,18,static,,off-avx2,yes,unset,unset,hype2,12.2.0,-O3 -Wall -Wextra -std=c++17 -fopenmp -ffp-contract=off -g -DOMP_EXPLICIT_SIMD=0 -fno-tree-vectorize -march=haswell,29.288449,4e063cbe88523a0e,passed
simd-phase-zoom,2026-09-27T16:51:56Z,6000x6000.png,6000,6000,Zoom_In,17,19,static,,auto-avx2,yes,unset,unset,hype2,12.2.0,-O3 -Wall -Wextra -std=c++17 -fopenmp -ffp-contract=off -g -DOMP_EXPLICIT_SIMD=0 -march=haswell,26.166975,4e063cbe88523a0e,passed
simd-phase-zoom,2026-09-27T16:51:58Z,6000x6000.png,6000,6000,Zoom_In,17,19,static,,omp-avx2,yes,unset,unset,hype2,12.2.0,-O3 -Wall -Wextra -std=c++17 -fopenmp -ffp-contract=off -g -DOMP_EXPLICIT_SIMD=1 -march=haswell,25.401009,4e063cbe88523a0e,passed
simd-phase-zoom,2026-09-27T16:52:00Z,6000x6000.png,6000,6000,Zoom_In,17,19,static,,off-avx2,yes,unset,unset,hype2,12.2.0,-O3 -Wall -Wextra -std=c++17 -fopenmp -ffp-contract=off -g -DOMP_EXPLICIT_SIMD=0 -fno-tree-vectorize -march=haswell,27.911164,4e063cbe88523a0e,passed
simd-phase-zoom,2026-09-27T16:52:03Z,6000x6000.png,6000,6000,Zoom_In,17,20,static,,auto-avx2,yes,unset,unset,hype2,12.2.0,-O3 -Wall -Wextra -std=c++17 -fopenmp -ffp-contract=off -g -DOMP_EXPLICIT_SIMD=0 -march=haswell,26.815328,4e063cbe88523a0e,passed
simd-phase-zoom,2026-09-27T16:52:05Z,6000x6000.png,6000,6000,Zoom_In,17,20,static,,omp-avx2,yes,unset,unset,hype2,12.2.0,-O3 -Wall -Wextra -std=c++17 -fopenmp -ffp-contract=off -g -DOMP_EXPLICIT_SIMD=1 -march=haswell,31.907351,4e063cbe88523a0e,passed
simd-phase-zoom,2026-09-27T16:52:07Z,6000x6000.png,6000,6000,Zoom_In,17,20,static,,off-avx2,yes,unset,unset,hype2,12.2.0,-O3 -Wall -Wextra -std=c++17 -fopenmp -ffp-contract=off -g -DOMP_EXPLICIT_SIMD=0 -fno-tree-vectorize -march=haswell,28.994732,4e063cbe88523a0e,passed
simd-phase-zoom,2026-09-27T16:52:09Z,6000x6000.png,6000,6000,Zoom_In,18,20,static,,omp-avx2,yes,unset,unset,hype2,12.2.0,-O3 -Wall -Wextra -std=c++17 -fopenmp -ffp-contract=off -g -DOMP_EXPLICIT_SIMD=1 -march=haswell,26.420799,4e063cbe88523a0e,passed
simd-phase-zoom,2026-09-27T16:52:11Z,6000x6000.png,6000,6000,Zoom_In,18,20,static,,off-avx2,yes,unset,unset,hype2,12.2.0,-O3 -Wall -Wextra -std=c++17 -fopenmp -ffp-contract=off -g -DOMP_EXPLICIT_SIMD=0 -fno-tree-vectorize -march=haswell,27.748415,4e063cbe88523a0e,passed
simd-phase-zoom,2026-09-27T16:52:13Z,6000x6000.png,6000,6000,Zoom_In,18,20,static,,auto-avx2,yes,unset,unset,hype2,12.2.0,-O3 -Wall -Wextra -std=c++17 -fopenmp -ffp-contract=off -g -DOMP_EXPLICIT_SIMD=0 -march=haswell,26.146390,4e063cbe88523a0e,passed
simd-phase-zoom,2026-09-27T16:52:15Z,6000x6000.png,6000,6000,Zoom_In,18,19,static,,omp-avx2,yes,unset,unset,hype2,12.2.0,-O3 -Wall -Wextra -std=c++17 -fopenmp -ffp-contract=off -g -DOMP_EXPLICIT_SIMD=1 -march=haswell,26.144398,4e063cbe88523a0e,passed
simd-phase-zoom,2026-09-27T16:52:17Z,6000x6000.png,6000,6000,Zoom_In,18,19,static,,off-avx2,yes,unset,unset,hype2,12.2.0,-O3 -Wall -Wextra -std=c++17 -fopenmp -ffp-contract=off -g -DOMP_EXPLICIT_SIMD=0 -fno-tree-vectorize -march=haswell,28.056561,4e063cbe88523a0e,passed
simd-phase-zoom,2026-09-27T16:52:19Z,6000x6000.png,6000,6000,Zoom_In,18,19,static,,auto-avx2,yes,unset,unset,hype2,12.2.0,-O3 -Wall -Wextra -std=c++17 -fopenmp -ffp-contract=off -g -DOMP_EXPLICIT_SIMD=0 -march=haswell,26.694216,4e063cbe88523a0e,passed
simd-phase-zoom,2026-09-27T16:52:21Z,6000x6000.png,6000,6000,Zoom_In,18,18,static,,omp-avx2,yes,unset,unset,hype2,12.2.0,-O3 -Wall -Wextra -std=c++17 -fopenmp -ffp-contract=off -g -DOMP_EXPLICIT_SIMD=1 -march=haswell,27.227178,4e063cbe88523a0e,passed
simd-phase-zoom,2026-09-27T16:52:23Z,6000x6000.png,6000,6000,Zoom_In,18,18,static,,off-avx2,yes,unset,unset,hype2,12.2.0,-O3 -Wall -Wextra -std=c++17 -fopenmp -ffp-contract=off -g -DOMP_EXPLICIT_SIMD=0 -fno-tree-vectorize -march=haswell,30.062033,4e063cbe88523a0e,passed
simd-phase-zoom,2026-09-27T16:52:25Z,6000x6000.png,6000,6000,Zoom_In,18,18,static,,auto-avx2,yes,unset,unset,hype2,12.2.0,-O3 -Wall -Wextra -std=c++17 -fopenmp -ffp-contract=off -g -DOMP_EXPLICIT_SIMD=0 -march=haswell,26.746138,4e063cbe88523a0e,passed
simd-phase-zoom,2026-09-27T16:52:27Z,6000x6000.png,6000,6000,Zoom_In,18,17,static,,omp-avx2,yes,unset,unset,hype2,12.2.0,-O3 -Wall -Wextra -std=c++17 -fopenmp -ffp-contract=off -g -DOMP_EXPLICIT_SIMD=1 -march=haswell,28.332123,4e063cbe88523a0e,passed
simd-phase-zoom,2026-09-27T16:52:29Z,6000x6000.png,6000,6000,Zoom_In,18,17,static,,off-avx2,yes,unset,unset,hype2,12.2.0,-O3 -Wall -Wextra -std=c++17 -fopenmp -ffp-contract=off -g -DOMP_EXPLICIT_SIMD=0 -fno-tree-vectorize -march=haswell,30.229891,4e063cbe88523a0e,passed
simd-phase-zoom,2026-09-27T16:52:32Z,6000x6000.png,6000,6000,Zoom_In,18,17,static,,auto-avx2,yes,unset,unset,hype2,12.2.0,-O3 -Wall -Wextra -std=c++17 -fopenmp -ffp-contract=off -g -DOMP_EXPLICIT_SIMD=0 -march=haswell,27.318140,4e063cbe88523a0e,passed
simd-phase-zoom,2026-09-27T16:52:34Z,6000x6000.png,6000,6000,Zoom_In,18,16,static,,omp-avx2,yes,unset,unset,hype2,12.2.0,-O3 -Wall -Wextra -std=c++17 -fopenmp -ffp-contract=off -g -DOMP_EXPLICIT_SIMD=1 -march=haswell,29.338090,4e063cbe88523a0e,passed
simd-phase-zoom,2026-09-27T16:52:36Z,6000x6000.png,6000,6000,Zoom_In,18,16,static,,off-avx2,yes,unset,unset,hype2,12.2.0,-O3 -Wall -Wextra -std=c++17 -fopenmp -ffp-contract=off -g -DOMP_EXPLICIT_SIMD=0 -fno-tree-vectorize -march=haswell,27.424234,4e063cbe88523a0e,passed
simd-phase-zoom,2026-09-27T16:52:38Z,6000x6000.png,6000,6000,Zoom_In,18,16,static,,auto-avx2,yes,unset,unset,hype2,12.2.0,-O3 -Wall -Wextra -std=c++17 -fopenmp -ffp-contract=off -g -DOMP_EXPLICIT_SIMD=0 -march=haswell,29.292015,4e063cbe88523a0e,passed
simd-phase-zoom,2026-09-27T16:52:40Z,6000x6000.png,6000,6000,Zoom_In,18,12,static,,omp-avx2,yes,unset,unset,hype2,12.2.0,-O3 -Wall -Wextra -std=c++17 -fopenmp -ffp-contract=off -g -DOMP_EXPLICIT_SIMD=1 -march=haswell,36.782598,4e063cbe88523a0e,passed
simd-phase-zoom,2026-09-27T16:52:42Z,6000x6000.png,6000,6000,Zoom_In,18,12,static,,off-avx2,yes,unset,unset,hype2,12.2.0,-O3 -Wall -Wextra -std=c++17 -fopenmp -ffp-contract=off -g -DOMP_EXPLICIT_SIMD=0 -fno-tree-vectorize -march=haswell,42.933031,4e063cbe88523a0e,passed
simd-phase-zoom,2026-09-27T16:52:44Z,6000x6000.png,6000,6000,Zoom_In,18,12,static,,auto-avx2,yes,unset,unset,hype2,12.2.0,-O3 -Wall -Wextra -std=c++17 -fopenmp -ffp-contract=off -g -DOMP_EXPLICIT_SIMD=0 -march=haswell,37.349983,4e063cbe88523a0e,passed
simd-phase-zoom,2026-09-27T16:52:46Z,6000x6000.png,6000,6000,Zoom_In,18,8,static,,omp-avx2,yes,unset,unset,hype2,12.2.0,-O3 -Wall -Wextra -std=c++17 -fopenmp -ffp-contract=off -g -DOMP_EXPLICIT_SIMD=1 -march=haswell,53.894712,4e063cbe88523a0e,passed
simd-phase-zoom,2026-09-27T16:52:48Z,6000x6000.png,6000,6000,Zoom_In,18,8,static,,off-avx2,yes,unset,unset,hype2,12.2.0,-O3 -Wall -Wextra -std=c++17 -fopenmp -ffp-contract=off -g -DOMP_EXPLICIT_SIMD=0 -fno-tree-vectorize -march=haswell,62.568368,4e063cbe88523a0e,passed
simd-phase-zoom,2026-09-27T16:52:50Z,6000x6000.png,6000,6000,Zoom_In,18,8,static,,auto-avx2,yes,unset,unset,hype2,12.2.0,-O3 -Wall -Wextra -std=c++17 -fopenmp -ffp-contract=off -g -DOMP_EXPLICIT_SIMD=0 -march=haswell,52.882031,4e063cbe88523a0e,passed
simd-phase-zoom,2026-09-27T16:52:52Z,6000x6000.png,6000,6000,Zoom_In,18,4,static,,omp-avx2,yes,unset,unset,hype2,12.2.0,-O3 -Wall -Wextra -std=c++17 -fopenmp -ffp-contract=off -g -DOMP_EXPLICIT_SIMD=1 -march=haswell,88.882187,4e063cbe88523a0e,passed
simd-phase-zoom,2026-09-27T16:52:54Z,6000x6000.png,6000,6000,Zoom_In,18,4,static,,off-avx2,yes,unset,unset,hype2,12.2.0,-O3 -Wall -Wextra -std=c++17 -fopenmp -ffp-contract=off -g -DOMP_EXPLICIT_SIMD=0 -fno-tree-vectorize -march=haswell,109.411533,4e063cbe88523a0e,passed
simd-phase-zoom,2026-09-27T16:52:57Z,6000x6000.png,6000,6000,Zoom_In,18,4,static,,auto-avx2,yes,unset,unset,hype2,12.2.0,-O3 -Wall -Wextra -std=c++17 -fopenmp -ffp-contract=off -g -DOMP_EXPLICIT_SIMD=0 -march=haswell,93.131883,4e063cbe88523a0e,passed
simd-phase-zoom,2026-09-27T16:52:59Z,6000x6000.png,6000,6000,Zoom_In,18,2,static,,omp-avx2,yes,unset,unset,hype2,12.2.0,-O3 -Wall -Wextra -std=c++17 -fopenmp -ffp-contract=off -g -DOMP_EXPLICIT_SIMD=1 -march=haswell,145.737242,4e063cbe88523a0e,passed
simd-phase-zoom,2026-09-27T16:53:01Z,6000x6000.png,6000,6000,Zoom_In,18,2,static,,off-avx2,yes,unset,unset,hype2,12.2.0,-O3 -Wall -Wextra -std=c++17 -fopenmp -ffp-contract=off -g -DOMP_EXPLICIT_SIMD=0 -fno-tree-vectorize -march=haswell,190.347297,4e063cbe88523a0e,passed
simd-phase-zoom,2026-09-27T16:53:03Z,6000x6000.png,6000,6000,Zoom_In,18,2,static,,auto-avx2,yes,unset,unset,hype2,12.2.0,-O3 -Wall -Wextra -std=c++17 -fopenmp -ffp-contract=off -g -DOMP_EXPLICIT_SIMD=0 -march=haswell,150.357370,4e063cbe88523a0e,passed
simd-phase-zoom,2026-09-27T16:53:05Z,6000x6000.png,6000,6000,Zoom_In,18,1,static,,omp-avx2,yes,unset,unset,hype2,12.2.0,-O3 -Wall -Wextra -std=c++17 -fopenmp -ffp-contract=off -g -DOMP_EXPLICIT_SIMD=1 -march=haswell,275.630992,4e063cbe88523a0e,passed
simd-phase-zoom,2026-09-27T16:53:08Z,6000x6000.png,6000,6000,Zoom_In,18,1,static,,off-avx2,yes,unset,unset,hype2,12.2.0,-O3 -Wall -Wextra -std=c++17 -fopenmp -ffp-contract=off -g -DOMP_EXPLICIT_SIMD=0 -fno-tree-vectorize -march=haswell,348.875221,4e063cbe88523a0e,passed
simd-phase-zoom,2026-09-27T16:53:10Z,6000x6000.png,6000,6000,Zoom_In,18,1,static,,auto-avx2,yes,unset,unset,hype2,12.2.0,-O3 -Wall -Wextra -std=c++17 -fopenmp -ffp-contract=off -g -DOMP_EXPLICIT_SIMD=0 -march=haswell,287.873477,4e063cbe88523a0e,passed
simd-phase-zoom,2026-09-27T16:53:13Z,6000x6000.png,6000,6000,Zoom_In,19,1,static,,off-avx2,yes,unset,unset,hype2,12.2.0,-O3 -Wall -Wextra -std=c++17 -fopenmp -ffp-contract=off -g -DOMP_EXPLICIT_SIMD=0 -fno-tree-vectorize -march=haswell,350.372568,4e063cbe88523a0e,passed
simd-phase-zoom,2026-09-27T16:53:15Z,6000x6000.png,6000,6000,Zoom_In,19,1,static,,auto-avx2,yes,unset,unset,hype2,12.2.0,-O3 -Wall -Wextra -std=c++17 -fopenmp -ffp-contract=off -g -DOMP_EXPLICIT_SIMD=0 -march=haswell,286.794800,4e063cbe88523a0e,passed
simd-phase-zoom,2026-09-27T16:53:17Z,6000x6000.png,6000,6000,Zoom_In,19,1,static,,omp-avx2,yes,unset,unset,hype2,12.2.0,-O3 -Wall -Wextra -std=c++17 -fopenmp -ffp-contract=off -g -DOMP_EXPLICIT_SIMD=1 -march=haswell,285.925431,4e063cbe88523a0e,passed
simd-phase-zoom,2026-09-27T16:53:19Z,6000x6000.png,6000,6000,Zoom_In,19,2,static,,off-avx2,yes,unset,unset,hype2,12.2.0,-O3 -Wall -Wextra -std=c++17 -fopenmp -ffp-contract=off -g -DOMP_EXPLICIT_SIMD=0 -fno-tree-vectorize -march=haswell,177.450267,4e063cbe88523a0e,passed
simd-phase-zoom,2026-09-27T16:53:22Z,6000x6000.png,6000,6000,Zoom_In,19,2,static,,auto-avx2,yes,unset,unset,hype2,12.2.0,-O3 -Wall -Wextra -std=c++17 -fopenmp -ffp-contract=off -g -DOMP_EXPLICIT_SIMD=0 -march=haswell,154.139476,4e063cbe88523a0e,passed
simd-phase-zoom,2026-09-27T16:53:24Z,6000x6000.png,6000,6000,Zoom_In,19,2,static,,omp-avx2,yes,unset,unset,hype2,12.2.0,-O3 -Wall -Wextra -std=c++17 -fopenmp -ffp-contract=off -g -DOMP_EXPLICIT_SIMD=1 -march=haswell,152.631687,4e063cbe88523a0e,passed
simd-phase-zoom,2026-09-27T16:53:26Z,6000x6000.png,6000,6000,Zoom_In,19,4,static,,off-avx2,yes,unset,unset,hype2,12.2.0,-O3 -Wall -Wextra -std=c++17 -fopenmp -ffp-contract=off -g -DOMP_EXPLICIT_SIMD=0 -fno-tree-vectorize -march=haswell,108.657688,4e063cbe88523a0e,passed
simd-phase-zoom,2026-09-27T16:53:28Z,6000x6000.png,6000,6000,Zoom_In,19,4,static,,auto-avx2,yes,unset,unset,hype2,12.2.0,-O3 -Wall -Wextra -std=c++17 -fopenmp -ffp-contract=off -g -DOMP_EXPLICIT_SIMD=0 -march=haswell,92.940554,4e063cbe88523a0e,passed
simd-phase-zoom,2026-09-27T16:53:30Z,6000x6000.png,6000,6000,Zoom_In,19,4,static,,omp-avx2,yes,unset,unset,hype2,12.2.0,-O3 -Wall -Wextra -std=c++17 -fopenmp -ffp-contract=off -g -DOMP_EXPLICIT_SIMD=1 -march=haswell,90.053916,4e063cbe88523a0e,passed
simd-phase-zoom,2026-09-27T16:53:32Z,6000x6000.png,6000,6000,Zoom_In,19,8,static,,off-avx2,yes,unset,unset,hype2,12.2.0,-O3 -Wall -Wextra -std=c++17 -fopenmp -ffp-contract=off -g -DOMP_EXPLICIT_SIMD=0 -fno-tree-vectorize -march=haswell,62.622609,4e063cbe88523a0e,passed
simd-phase-zoom,2026-09-27T16:53:34Z,6000x6000.png,6000,6000,Zoom_In,19,8,static,,auto-avx2,yes,unset,unset,hype2,12.2.0,-O3 -Wall -Wextra -std=c++17 -fopenmp -ffp-contract=off -g -DOMP_EXPLICIT_SIMD=0 -march=haswell,52.928053,4e063cbe88523a0e,passed
simd-phase-zoom,2026-09-27T16:53:36Z,6000x6000.png,6000,6000,Zoom_In,19,8,static,,omp-avx2,yes,unset,unset,hype2,12.2.0,-O3 -Wall -Wextra -std=c++17 -fopenmp -ffp-contract=off -g -DOMP_EXPLICIT_SIMD=1 -march=haswell,50.884223,4e063cbe88523a0e,passed
simd-phase-zoom,2026-09-27T16:53:38Z,6000x6000.png,6000,6000,Zoom_In,19,12,static,,off-avx2,yes,unset,unset,hype2,12.2.0,-O3 -Wall -Wextra -std=c++17 -fopenmp -ffp-contract=off -g -DOMP_EXPLICIT_SIMD=0 -fno-tree-vectorize -march=haswell,43.543092,4e063cbe88523a0e,passed
simd-phase-zoom,2026-09-27T16:53:41Z,6000x6000.png,6000,6000,Zoom_In,19,12,static,,auto-avx2,yes,unset,unset,hype2,12.2.0,-O3 -Wall -Wextra -std=c++17 -fopenmp -ffp-contract=off -g -DOMP_EXPLICIT_SIMD=0 -march=haswell,36.674680,4e063cbe88523a0e,passed
simd-phase-zoom,2026-09-27T16:53:43Z,6000x6000.png,6000,6000,Zoom_In,19,12,static,,omp-avx2,yes,unset,unset,hype2,12.2.0,-O3 -Wall -Wextra -std=c++17 -fopenmp -ffp-contract=off -g -DOMP_EXPLICIT_SIMD=1 -march=haswell,36.293167,4e063cbe88523a0e,passed
simd-phase-zoom,2026-09-27T16:53:45Z,6000x6000.png,6000,6000,Zoom_In,19,16,static,,off-avx2,yes,unset,unset,hype2,12.2.0,-O3 -Wall -Wextra -std=c++17 -fopenmp -ffp-contract=off -g -DOMP_EXPLICIT_SIMD=0 -fno-tree-vectorize -march=haswell,31.758789,4e063cbe88523a0e,passed
simd-phase-zoom,2026-09-27T16:53:47Z,6000x6000.png,6000,6000,Zoom_In,19,16,static,,auto-avx2,yes,unset,unset,hype2,12.2.0,-O3 -Wall -Wextra -std=c++17 -fopenmp -ffp-contract=off -g -DOMP_EXPLICIT_SIMD=0 -march=haswell,29.617215,4e063cbe88523a0e,passed
simd-phase-zoom,2026-09-27T16:53:49Z,6000x6000.png,6000,6000,Zoom_In,19,16,static,,omp-avx2,yes,unset,unset,hype2,12.2.0,-O3 -Wall -Wextra -std=c++17 -fopenmp -ffp-contract=off -g -DOMP_EXPLICIT_SIMD=1 -march=haswell,29.389899,4e063cbe88523a0e,passed
simd-phase-zoom,2026-09-27T16:53:51Z,6000x6000.png,6000,6000,Zoom_In,19,17,static,,off-avx2,yes,unset,unset,hype2,12.2.0,-O3 -Wall -Wextra -std=c++17 -fopenmp -ffp-contract=off -g -DOMP_EXPLICIT_SIMD=0 -fno-tree-vectorize -march=haswell,29.080979,4e063cbe88523a0e,passed
simd-phase-zoom,2026-09-27T16:53:53Z,6000x6000.png,6000,6000,Zoom_In,19,17,static,,auto-avx2,yes,unset,unset,hype2,12.2.0,-O3 -Wall -Wextra -std=c++17 -fopenmp -ffp-contract=off -g -DOMP_EXPLICIT_SIMD=0 -march=haswell,28.116182,4e063cbe88523a0e,passed
simd-phase-zoom,2026-09-27T16:53:55Z,6000x6000.png,6000,6000,Zoom_In,19,17,static,,omp-avx2,yes,unset,unset,hype2,12.2.0,-O3 -Wall -Wextra -std=c++17 -fopenmp -ffp-contract=off -g -DOMP_EXPLICIT_SIMD=1 -march=haswell,27.725973,4e063cbe88523a0e,passed
simd-phase-zoom,2026-09-27T16:53:57Z,6000x6000.png,6000,6000,Zoom_In,19,18,static,,off-avx2,yes,unset,unset,hype2,12.2.0,-O3 -Wall -Wextra -std=c++17 -fopenmp -ffp-contract=off -g -DOMP_EXPLICIT_SIMD=0 -fno-tree-vectorize -march=haswell,29.832801,4e063cbe88523a0e,passed
simd-phase-zoom,2026-09-27T16:53:59Z,6000x6000.png,6000,6000,Zoom_In,19,18,static,,auto-avx2,yes,unset,unset,hype2,12.2.0,-O3 -Wall -Wextra -std=c++17 -fopenmp -ffp-contract=off -g -DOMP_EXPLICIT_SIMD=0 -march=haswell,28.120608,4e063cbe88523a0e,passed
simd-phase-zoom,2026-09-27T16:54:01Z,6000x6000.png,6000,6000,Zoom_In,19,18,static,,omp-avx2,yes,unset,unset,hype2,12.2.0,-O3 -Wall -Wextra -std=c++17 -fopenmp -ffp-contract=off -g -DOMP_EXPLICIT_SIMD=1 -march=haswell,27.298091,4e063cbe88523a0e,passed
simd-phase-zoom,2026-09-27T16:54:03Z,6000x6000.png,6000,6000,Zoom_In,19,19,static,,off-avx2,yes,unset,unset,hype2,12.2.0,-O3 -Wall -Wextra -std=c++17 -fopenmp -ffp-contract=off -g -DOMP_EXPLICIT_SIMD=0 -fno-tree-vectorize -march=haswell,27.873853,4e063cbe88523a0e,passed
simd-phase-zoom,2026-09-27T16:54:05Z,6000x6000.png,6000,6000,Zoom_In,19,19,static,,auto-avx2,yes,unset,unset,hype2,12.2.0,-O3 -Wall -Wextra -std=c++17 -fopenmp -ffp-contract=off -g -DOMP_EXPLICIT_SIMD=0 -march=haswell,25.946191,4e063cbe88523a0e,passed
simd-phase-zoom,2026-09-27T16:54:07Z,6000x6000.png,6000,6000,Zoom_In,19,19,static,,omp-avx2,yes,unset,unset,hype2,12.2.0,-O3 -Wall -Wextra -std=c++17 -fopenmp -ffp-contract=off -g -DOMP_EXPLICIT_SIMD=1 -march=haswell,26.455206,4e063cbe88523a0e,passed
simd-phase-zoom,2026-09-27T16:54:09Z,6000x6000.png,6000,6000,Zoom_In,19,20,static,,off-avx2,yes,unset,unset,hype2,12.2.0,-O3 -Wall -Wextra -std=c++17 -fopenmp -ffp-contract=off -g -DOMP_EXPLICIT_SIMD=0 -fno-tree-vectorize -march=haswell,30.201493,4e063cbe88523a0e,passed
simd-phase-zoom,2026-09-27T16:54:11Z,6000x6000.png,6000,6000,Zoom_In,19,20,static,,auto-avx2,yes,unset,unset,hype2,12.2.0,-O3 -Wall -Wextra -std=c++17 -fopenmp -ffp-contract=off -g -DOMP_EXPLICIT_SIMD=0 -march=haswell,26.148530,4e063cbe88523a0e,passed
simd-phase-zoom,2026-09-27T16:54:14Z,6000x6000.png,6000,6000,Zoom_In,19,20,static,,omp-avx2,yes,unset,unset,hype2,12.2.0,-O3 -Wall -Wextra -std=c++17 -fopenmp -ffp-contract=off -g -DOMP_EXPLICIT_SIMD=1 -march=haswell,26.993710,4e063cbe88523a0e,passed
simd-phase-zoom,2026-09-27T16:54:16Z,6000x6000.png,6000,6000,Zoom_In,20,20,static,,auto-avx2,yes,unset,unset,hype2,12.2.0,-O3 -Wall -Wextra -std=c++17 -fopenmp -ffp-contract=off -g -DOMP_EXPLICIT_SIMD=0 -march=haswell,26.694841,4e063cbe88523a0e,passed
simd-phase-zoom,2026-09-27T16:54:18Z,6000x6000.png,6000,6000,Zoom_In,20,20,static,,omp-avx2,yes,unset,unset,hype2,12.2.0,-O3 -Wall -Wextra -std=c++17 -fopenmp -ffp-contract=off -g -DOMP_EXPLICIT_SIMD=1 -march=haswell,26.592940,4e063cbe88523a0e,passed
simd-phase-zoom,2026-09-27T16:54:20Z,6000x6000.png,6000,6000,Zoom_In,20,20,static,,off-avx2,yes,unset,unset,hype2,12.2.0,-O3 -Wall -Wextra -std=c++17 -fopenmp -ffp-contract=off -g -DOMP_EXPLICIT_SIMD=0 -fno-tree-vectorize -march=haswell,27.703098,4e063cbe88523a0e,passed
simd-phase-zoom,2026-09-27T16:54:22Z,6000x6000.png,6000,6000,Zoom_In,20,19,static,,auto-avx2,yes,unset,unset,hype2,12.2.0,-O3 -Wall -Wextra -std=c++17 -fopenmp -ffp-contract=off -g -DOMP_EXPLICIT_SIMD=0 -march=haswell,26.559231,4e063cbe88523a0e,passed
simd-phase-zoom,2026-09-27T16:54:24Z,6000x6000.png,6000,6000,Zoom_In,20,19,static,,omp-avx2,yes,unset,unset,hype2,12.2.0,-O3 -Wall -Wextra -std=c++17 -fopenmp -ffp-contract=off -g -DOMP_EXPLICIT_SIMD=1 -march=haswell,26.261645,4e063cbe88523a0e,passed
simd-phase-zoom,2026-09-27T16:54:26Z,6000x6000.png,6000,6000,Zoom_In,20,19,static,,off-avx2,yes,unset,unset,hype2,12.2.0,-O3 -Wall -Wextra -std=c++17 -fopenmp -ffp-contract=off -g -DOMP_EXPLICIT_SIMD=0 -fno-tree-vectorize -march=haswell,27.743604,4e063cbe88523a0e,passed
simd-phase-zoom,2026-09-27T16:54:28Z,6000x6000.png,6000,6000,Zoom_In,20,18,static,,auto-avx2,yes,unset,unset,hype2,12.2.0,-O3 -Wall -Wextra -std=c++17 -fopenmp -ffp-contract=off -g -DOMP_EXPLICIT_SIMD=0 -march=haswell,27.542740,4e063cbe88523a0e,passed
simd-phase-zoom,2026-09-27T16:54:30Z,6000x6000.png,6000,6000,Zoom_In,20,18,static,,omp-avx2,yes,unset,unset,hype2,12.2.0,-O3 -Wall -Wextra -std=c++17 -fopenmp -ffp-contract=off -g -DOMP_EXPLICIT_SIMD=1 -march=haswell,27.281468,4e063cbe88523a0e,passed
simd-phase-zoom,2026-09-27T16:54:32Z,6000x6000.png,6000,6000,Zoom_In,20,18,static,,off-avx2,yes,unset,unset,hype2,12.2.0,-O3 -Wall -Wextra -std=c++17 -fopenmp -ffp-contract=off -g -DOMP_EXPLICIT_SIMD=0 -fno-tree-vectorize -march=haswell,29.125695,4e063cbe88523a0e,passed
simd-phase-zoom,2026-09-27T16:54:34Z,6000x6000.png,6000,6000,Zoom_In,20,17,static,,auto-avx2,yes,unset,unset,hype2,12.2.0,-O3 -Wall -Wextra -std=c++17 -fopenmp -ffp-contract=off -g -DOMP_EXPLICIT_SIMD=0 -march=haswell,27.648084,4e063cbe88523a0e,passed
simd-phase-zoom,2026-09-27T16:54:36Z,6000x6000.png,6000,6000,Zoom_In,20,17,static,,omp-avx2,yes,unset,unset,hype2,12.2.0,-O3 -Wall -Wextra -std=c++17 -fopenmp -ffp-contract=off -g -DOMP_EXPLICIT_SIMD=1 -march=haswell,25.528629,4e063cbe88523a0e,passed
simd-phase-zoom,2026-09-27T16:54:38Z,6000x6000.png,6000,6000,Zoom_In,20,17,static,,off-avx2,yes,unset,unset,hype2,12.2.0,-O3 -Wall -Wextra -std=c++17 -fopenmp -ffp-contract=off -g -DOMP_EXPLICIT_SIMD=0 -fno-tree-vectorize -march=haswell,30.733031,4e063cbe88523a0e,passed
simd-phase-zoom,2026-09-27T16:54:40Z,6000x6000.png,6000,6000,Zoom_In,20,16,static,,auto-avx2,yes,unset,unset,hype2,12.2.0,-O3 -Wall -Wextra -std=c++17 -fopenmp -ffp-contract=off -g -DOMP_EXPLICIT_SIMD=0 -march=haswell,29.784954,4e063cbe88523a0e,passed
simd-phase-zoom,2026-09-27T16:54:42Z,6000x6000.png,6000,6000,Zoom_In,20,16,static,,omp-avx2,yes,unset,unset,hype2,12.2.0,-O3 -Wall -Wextra -std=c++17 -fopenmp -ffp-contract=off -g -DOMP_EXPLICIT_SIMD=1 -march=haswell,29.151758,4e063cbe88523a0e,passed
simd-phase-zoom,2026-09-27T16:54:45Z,6000x6000.png,6000,6000,Zoom_In,20,16,static,,off-avx2,yes,unset,unset,hype2,12.2.0,-O3 -Wall -Wextra -std=c++17 -fopenmp -ffp-contract=off -g -DOMP_EXPLICIT_SIMD=0 -fno-tree-vectorize -march=haswell,31.643213,4e063cbe88523a0e,passed
simd-phase-zoom,2026-09-27T16:54:47Z,6000x6000.png,6000,6000,Zoom_In,20,12,static,,auto-avx2,yes,unset,unset,hype2,12.2.0,-O3 -Wall -Wextra -std=c++17 -fopenmp -ffp-contract=off -g -DOMP_EXPLICIT_SIMD=0 -march=haswell,36.249848,4e063cbe88523a0e,passed
simd-phase-zoom,2026-09-27T16:54:49Z,6000x6000.png,6000,6000,Zoom_In,20,12,static,,omp-avx2,yes,unset,unset,hype2,12.2.0,-O3 -Wall -Wextra -std=c++17 -fopenmp -ffp-contract=off -g -DOMP_EXPLICIT_SIMD=1 -march=haswell,36.926969,4e063cbe88523a0e,passed
simd-phase-zoom,2026-09-27T16:54:51Z,6000x6000.png,6000,6000,Zoom_In,20,12,static,,off-avx2,yes,unset,unset,hype2,12.2.0,-O3 -Wall -Wextra -std=c++17 -fopenmp -ffp-contract=off -g -DOMP_EXPLICIT_SIMD=0 -fno-tree-vectorize -march=haswell,41.317662,4e063cbe88523a0e,passed
simd-phase-zoom,2026-09-27T16:54:53Z,6000x6000.png,6000,6000,Zoom_In,20,8,static,,auto-avx2,yes,unset,unset,hype2,12.2.0,-O3 -Wall -Wextra -std=c++17 -fopenmp -ffp-contract=off -g -DOMP_EXPLICIT_SIMD=0 -march=haswell,51.889313,4e063cbe88523a0e,passed
simd-phase-zoom,2026-09-27T16:54:55Z,6000x6000.png,6000,6000,Zoom_In,20,8,static,,omp-avx2,yes,unset,unset,hype2,12.2.0,-O3 -Wall -Wextra -std=c++17 -fopenmp -ffp-contract=off -g -DOMP_EXPLICIT_SIMD=1 -march=haswell,53.482745,4e063cbe88523a0e,passed
simd-phase-zoom,2026-09-27T16:54:57Z,6000x6000.png,6000,6000,Zoom_In,20,8,static,,off-avx2,yes,unset,unset,hype2,12.2.0,-O3 -Wall -Wextra -std=c++17 -fopenmp -ffp-contract=off -g -DOMP_EXPLICIT_SIMD=0 -fno-tree-vectorize -march=haswell,63.215930,4e063cbe88523a0e,passed
simd-phase-zoom,2026-09-27T16:54:59Z,6000x6000.png,6000,6000,Zoom_In,20,4,static,,auto-avx2,yes,unset,unset,hype2,12.2.0,-O3 -Wall -Wextra -std=c++17 -fopenmp -ffp-contract=off -g -DOMP_EXPLICIT_SIMD=0 -march=haswell,91.783116,4e063cbe88523a0e,passed
simd-phase-zoom,2026-09-27T16:55:01Z,6000x6000.png,6000,6000,Zoom_In,20,4,static,,omp-avx2,yes,unset,unset,hype2,12.2.0,-O3 -Wall -Wextra -std=c++17 -fopenmp -ffp-contract=off -g -DOMP_EXPLICIT_SIMD=1 -march=haswell,88.934736,4e063cbe88523a0e,passed
simd-phase-zoom,2026-09-27T16:55:03Z,6000x6000.png,6000,6000,Zoom_In,20,4,static,,off-avx2,yes,unset,unset,hype2,12.2.0,-O3 -Wall -Wextra -std=c++17 -fopenmp -ffp-contract=off -g -DOMP_EXPLICIT_SIMD=0 -fno-tree-vectorize -march=haswell,105.155503,4e063cbe88523a0e,passed
simd-phase-zoom,2026-09-27T16:55:06Z,6000x6000.png,6000,6000,Zoom_In,20,2,static,,auto-avx2,yes,unset,unset,hype2,12.2.0,-O3 -Wall -Wextra -std=c++17 -fopenmp -ffp-contract=off -g -DOMP_EXPLICIT_SIMD=0 -march=haswell,146.455106,4e063cbe88523a0e,passed
simd-phase-zoom,2026-09-27T16:55:08Z,6000x6000.png,6000,6000,Zoom_In,20,2,static,,omp-avx2,yes,unset,unset,hype2,12.2.0,-O3 -Wall -Wextra -std=c++17 -fopenmp -ffp-contract=off -g -DOMP_EXPLICIT_SIMD=1 -march=haswell,150.804995,4e063cbe88523a0e,passed
simd-phase-zoom,2026-09-27T16:55:10Z,6000x6000.png,6000,6000,Zoom_In,20,2,static,,off-avx2,yes,unset,unset,hype2,12.2.0,-O3 -Wall -Wextra -std=c++17 -fopenmp -ffp-contract=off -g -DOMP_EXPLICIT_SIMD=0 -fno-tree-vectorize -march=haswell,177.622486,4e063cbe88523a0e,passed
simd-phase-zoom,2026-09-27T16:55:12Z,6000x6000.png,6000,6000,Zoom_In,20,1,static,,auto-avx2,yes,unset,unset,hype2,12.2.0,-O3 -Wall -Wextra -std=c++17 -fopenmp -ffp-contract=off -g -DOMP_EXPLICIT_SIMD=0 -march=haswell,286.505597,4e063cbe88523a0e,passed
simd-phase-zoom,2026-09-27T16:55:15Z,6000x6000.png,6000,6000,Zoom_In,20,1,static,,omp-avx2,yes,unset,unset,hype2,12.2.0,-O3 -Wall -Wextra -std=c++17 -fopenmp -ffp-contract=off -g -DOMP_EXPLICIT_SIMD=1 -march=haswell,283.148671,4e063cbe88523a0e,passed
simd-phase-zoom,2026-09-27T16:55:17Z,6000x6000.png,6000,6000,Zoom_In,20,1,static,,off-avx2,yes,unset,unset,hype2,12.2.0,-O3 -Wall -Wextra -std=c++17 -fopenmp -ffp-contract=off -g -DOMP_EXPLICIT_SIMD=0 -fno-tree-vectorize -march=haswell,350.795477,4e063cbe88523a0e,passed
