12 [140042709390016] INFO perfrun.launcher <> - Launcher main begin
15 [140042709390016] INFO perfrun.launcher <> - MessageCatalogInit finished
15 [140042709390016] INFO perfrun.launcher <> - Launcher instance created
15 [140042709390016] INFO perfrun.launcher <> - argc = 7; cmdline = /home/intel/oneapi/vtune/2021.1.1/bin64/amplxe-runss --ui-output-format xml --ui-output-fd 5 --option-file /home/users/efsilva/teste/INF01077/resultados_pcad_hype_hpc_simd_823348/06_Grayscale_omp-avx2_t1/hpc_performance/config/runsa.options 
28 [140042709390016] INFO perfrun.launcher <> - plugin remoteplug has been added successfully
28 [140042709390016] INFO perfrun.launcher <> - plugin system has been added successfully
28 [140042709390016] INFO perfrun.launcher <> - plugin vdso has been added successfully
28 [140042709390016] INFO perfrun.launcher <> - plugin itt has been added successfully
28 [140042709390016] INFO perfrun.launcher <> - plugin ptracecollector has been added successfully
28 [140042709390016] INFO perfrun.launcher <> - plugin gpu has been added successfully
28 [140042709390016] INFO perfrun.launcher <> - plugin  has been added successfully
28 [140042709390016] INFO perfrun.launcher <> - plugin  has been added successfully
28 [140042709390016] INFO perfrun.launcher <> - plugin  has been added successfully
28 [140042709390016] INFO perfrun.launcher <> - plugin mrte has been added successfully
28 [140042709390016] INFO perfrun.launcher <> - plugin emon has been added successfully
28 [140042709390016] INFO perfrun.launcher <> - plugin cuscol has been added successfully
28 [140042709390016] INFO perfrun.launcher <> - plugin stdsrc has been added successfully
28 [140042709390016] INFO perfrun.launcher <> - plugin sep has been added successfully
28 [140042709390016] INFO perfrun.launcher <> - plugin vtsspp has been added successfully
28 [140042709390016] INFO perfrun.sdk <> - Reading value (-1) from file: /proc/sys/kernel/perf_event_paranoid
28 [140042709390016] INFO perfrun.perfcollector <> - checking access to: /home/intel/oneapi/vtune/2021.1.1/bin64/amplxe-perf-priv
32 [140042709390016] INFO perfrun.perfcollector <> - cpu: family = 6 model = 63
32 [140042709390016] INFO perfrun.perfcollector <> - dir found : /sys/bus/event_source/devices/software
32 [140042709390016] WARN perfrun.perfcollector <> - format subdir doesn't exist, at file: vcs/perfrun1/plugins/perfcollector/src/controller.cpp:725
32 [140042709390016] WARN perfrun.perfcollector <> - pmu hwInfo is not set, at file: vcs/perfrun1/plugins/perfcollector/src/controller.cpp:819
32 [140042709390016] INFO perfrun.perfcollector <> - pmu added : family : software , id : 0
32 [140042709390016] INFO perfrun.perfcollector <> - dir found : /sys/bus/event_source/devices/uncore_imc_5
32 [140042709390016] INFO perfrun.perfcollector <> - format: event config:0-7 mask:0-7
32 [140042709390016] INFO perfrun.perfcollector <> - format: edge config:18 mask:18
32 [140042709390016] INFO perfrun.perfcollector <> - format: inv config:23 mask:23
32 [140042709390016] INFO perfrun.perfcollector <> - format: umask config:8-15 mask:8-15
32 [140042709390016] INFO perfrun.perfcollector <> - format: thresh config:24-31 mask:24-31
32 [140042709390016] INFO perfrun.perfcollector <> - hwInfo : PERF_IMC_PMU_DETAILS
32 [140042709390016] INFO perfrun.perfcollector <> - pmu added : family : uncore_imc , id : 5
32 [140042709390016] INFO perfrun.perfcollector <> - dir found : /sys/bus/event_source/devices/uncore_sbox_2
33 [140042709390016] INFO perfrun.perfcollector <> - format: event config:0-7 mask:0-7
33 [140042709390016] INFO perfrun.perfcollector <> - format: edge config:18 mask:18
33 [140042709390016] INFO perfrun.perfcollector <> - format: inv config:23 mask:23
33 [140042709390016] INFO perfrun.perfcollector <> - format: umask config:8-15 mask:8-15
33 [140042709390016] INFO perfrun.perfcollector <> - format: tid_en config:19 mask:19
33 [140042709390016] INFO perfrun.perfcollector <> - format: thresh config:24-31 mask:24-31
33 [140042709390016] WARN perfrun.perfcollector <> - pmu hwInfo is not set, at file: vcs/perfrun1/plugins/perfcollector/src/controller.cpp:819
33 [140042709390016] INFO perfrun.perfcollector <> - pmu added : family : uncore_sbox , id : 2
33 [140042709390016] INFO perfrun.perfcollector <> - dir found : /sys/bus/event_source/devices/uncore_cbox_8
33 [140042709390016] INFO perfrun.perfcollector <> - format: event config:0-7 mask:0-7
33 [140042709390016] INFO perfrun.perfcollector <> - format: filter_link config1:6-8 mask:6-8
33 [140042709390016] INFO perfrun.perfcollector <> - format: filter_c6 config1:61 mask:61
33 [140042709390016] INFO perfrun.perfcollector <> - format: edge config:18 mask:18
33 [140042709390016] INFO perfrun.perfcollector <> - format: filter_isoc config1:63 mask:63
33 [140042709390016] INFO perfrun.perfcollector <> - format: filter_tid config1:0-5 mask:0-5
33 [140042709390016] INFO perfrun.perfcollector <> - format: filter_nid config1:32-47 mask:32-47
33 [140042709390016] INFO perfrun.perfcollector <> - format: filter_nc config1:62 mask:62
33 [140042709390016] INFO perfrun.perfcollector <> - format: umask config:8-15 mask:8-15
33 [140042709390016] INFO perfrun.perfcollector <> - format: tid_en config:19 mask:19
33 [140042709390016] INFO perfrun.perfcollector <> - format: thresh config:24-31 mask:24-31
33 [140042709390016] INFO perfrun.perfcollector <> - format: filter_state config1:17-23 mask:17-23
33 [140042709390016] INFO perfrun.perfcollector <> - format: filter_opc config1:52-60 mask:52-60
33 [140042709390016] WARN perfrun.perfcollector <> - pmu hwInfo is not set, at file: vcs/perfrun1/plugins/perfcollector/src/controller.cpp:819
33 [140042709390016] INFO perfrun.perfcollector <> - pmu added : family : uncore_cbox , id : 8
33 [140042709390016] INFO perfrun.perfcollector <> - dir found : /sys/bus/event_source/devices/uncore_r2pcie
33 [140042709390016] INFO perfrun.perfcollector <> - format: event config:0-7 mask:0-7
33 [140042709390016] INFO perfrun.perfcollector <> - format: edge config:18 mask:18
33 [140042709390016] INFO perfrun.perfcollector <> - format: inv config:23 mask:23
33 [140042709390016] INFO perfrun.perfcollector <> - format: umask config:8-15 mask:8-15
33 [140042709390016] INFO perfrun.perfcollector <> - format: thresh config:24-31 mask:24-31
33 [140042709390016] WARN perfrun.perfcollector <> - pmu hwInfo is not set, at file: vcs/perfrun1/plugins/perfcollector/src/controller.cpp:819
33 [140042709390016] INFO perfrun.perfcollector <> - pmu added : family : uncore_r2pcie , id : 0
33 [140042709390016] INFO perfrun.perfcollector <> - dir found : /sys/bus/event_source/devices/uncore_sbox_0
33 [140042709390016] INFO perfrun.perfcollector <> - format: event config:0-7 mask:0-7
33 [140042709390016] INFO perfrun.perfcollector <> - format: edge config:18 mask:18
33 [140042709390016] INFO perfrun.perfcollector <> - format: inv config:23 mask:23
34 [140042709390016] INFO perfrun.perfcollector <> - format: umask config:8-15 mask:8-15
34 [140042709390016] INFO perfrun.perfcollector <> - format: tid_en config:19 mask:19
34 [140042709390016] INFO perfrun.perfcollector <> - format: thresh config:24-31 mask:24-31
34 [140042709390016] WARN perfrun.perfcollector <> - pmu hwInfo is not set, at file: vcs/perfrun1/plugins/perfcollector/src/controller.cpp:819
34 [140042709390016] INFO perfrun.perfcollector <> - pmu added : family : uncore_sbox , id : 0
34 [140042709390016] INFO perfrun.perfcollector <> - dir found : /sys/bus/event_source/devices/uncore_cbox_6
34 [140042709390016] INFO perfrun.perfcollector <> - format: event config:0-7 mask:0-7
34 [140042709390016] INFO perfrun.perfcollector <> - format: filter_link config1:6-8 mask:6-8
34 [140042709390016] INFO perfrun.perfcollector <> - format: filter_c6 config1:61 mask:61
34 [140042709390016] INFO perfrun.perfcollector <> - format: edge config:18 mask:18
34 [140042709390016] INFO perfrun.perfcollector <> - format: filter_isoc config1:63 mask:63
34 [140042709390016] INFO perfrun.perfcollector <> - format: filter_tid config1:0-5 mask:0-5
34 [140042709390016] INFO perfrun.perfcollector <> - format: filter_nid config1:32-47 mask:32-47
34 [140042709390016] INFO perfrun.perfcollector <> - format: filter_nc config1:62 mask:62
34 [140042709390016] INFO perfrun.perfcollector <> - format: umask config:8-15 mask:8-15
34 [140042709390016] INFO perfrun.perfcollector <> - format: tid_en config:19 mask:19
34 [140042709390016] INFO perfrun.perfcollector <> - format: thresh config:24-31 mask:24-31
34 [140042709390016] INFO perfrun.perfcollector <> - format: filter_state config1:17-23 mask:17-23
34 [140042709390016] INFO perfrun.perfcollector <> - format: filter_opc config1:52-60 mask:52-60
34 [140042709390016] WARN perfrun.perfcollector <> - pmu hwInfo is not set, at file: vcs/perfrun1/plugins/perfcollector/src/controller.cpp:819
34 [140042709390016] INFO perfrun.perfcollector <> - pmu added : family : uncore_cbox , id : 6
34 [140042709390016] INFO perfrun.perfcollector <> - dir found : /sys/bus/event_source/devices/uncore_imc_1
34 [140042709390016] INFO perfrun.perfcollector <> - format: event config:0-7 mask:0-7
34 [140042709390016] INFO perfrun.perfcollector <> - format: edge config:18 mask:18
34 [140042709390016] INFO perfrun.perfcollector <> - format: inv config:23 mask:23
34 [140042709390016] INFO perfrun.perfcollector <> - format: umask config:8-15 mask:8-15
34 [140042709390016] INFO perfrun.perfcollector <> - format: thresh config:24-31 mask:24-31
34 [140042709390016] INFO perfrun.perfcollector <> - hwInfo : PERF_IMC_PMU_DETAILS
34 [140042709390016] INFO perfrun.perfcollector <> - pmu added : family : uncore_imc , id : 1
34 [140042709390016] INFO perfrun.perfcollector <> - dir found : /sys/bus/event_source/devices/power
34 [140042709390016] INFO perfrun.perfcollector <> - format: event config:0-7 mask:0-7
34 [140042709390016] WARN perfrun.perfcollector <> - pmu hwInfo is not set, at file: vcs/perfrun1/plugins/perfcollector/src/controller.cpp:819
34 [140042709390016] INFO perfrun.perfcollector <> - pmu added : family : power , id : 0
34 [140042709390016] INFO perfrun.perfcollector <> - dir found : /sys/bus/event_source/devices/uncore_cbox_4
34 [140042709390016] INFO perfrun.perfcollector <> - format: event config:0-7 mask:0-7
34 [140042709390016] INFO perfrun.perfcollector <> - format: filter_link config1:6-8 mask:6-8
34 [140042709390016] INFO perfrun.perfcollector <> - format: filter_c6 config1:61 mask:61
34 [140042709390016] INFO perfrun.perfcollector <> - format: edge config:18 mask:18
34 [140042709390016] INFO perfrun.perfcollector <> - format: filter_isoc config1:63 mask:63
34 [140042709390016] INFO perfrun.perfcollector <> - format: filter_tid config1:0-5 mask:0-5
34 [140042709390016] INFO perfrun.perfcollector <> - format: filter_nid config1:32-47 mask:32-47
34 [140042709390016] INFO perfrun.perfcollector <> - format: filter_nc config1:62 mask:62
34 [140042709390016] INFO perfrun.perfcollector <> - format: umask config:8-15 mask:8-15
35 [140042709390016] INFO perfrun.perfcollector <> - format: tid_en config:19 mask:19
35 [140042709390016] INFO perfrun.perfcollector <> - format: thresh config:24-31 mask:24-31
35 [140042709390016] INFO perfrun.perfcollector <> - format: filter_state config1:17-23 mask:17-23
35 [140042709390016] INFO perfrun.perfcollector <> - format: filter_opc config1:52-60 mask:52-60
35 [140042709390016] WARN perfrun.perfcollector <> - pmu hwInfo is not set, at file: vcs/perfrun1/plugins/perfcollector/src/controller.cpp:819
35 [140042709390016] INFO perfrun.perfcollector <> - pmu added : family : uncore_cbox , id : 4
35 [140042709390016] INFO perfrun.perfcollector <> - dir found : /sys/bus/event_source/devices/uprobe
35 [140042709390016] INFO perfrun.perfcollector <> - format: ref_ctr_offset config:32-63 mask:32-63
35 [140042709390016] INFO perfrun.perfcollector <> - format: retprobe config:0 mask:0
35 [140042709390016] WARN perfrun.perfcollector <> - pmu hwInfo is not set, at file: vcs/perfrun1/plugins/perfcollector/src/controller.cpp:819
35 [140042709390016] INFO perfrun.perfcollector <> - pmu added : family : uprobe , id : 0
35 [140042709390016] INFO perfrun.perfcollector <> - dir found : /sys/bus/event_source/devices/cpu
35 [140042709390016] INFO perfrun.perfcollector <> - format: event config:0-7 mask:0-7
35 [140042709390016] INFO perfrun.perfcollector <> - format: pc config:19 mask:19
35 [140042709390016] INFO perfrun.perfcollector <> - format: edge config:18 mask:18
35 [140042709390016] INFO perfrun.perfcollector <> - format: any config:21 mask:21
35 [140042709390016] INFO perfrun.perfcollector <> - format: offcore_rsp config1:0-63 mask:0-63
35 [140042709390016] INFO perfrun.perfcollector <> - format: ldlat config1:0-15 mask:0-15
35 [140042709390016] INFO perfrun.perfcollector <> - format: inv config:23 mask:23
35 [140042709390016] INFO perfrun.perfcollector <> - format: umask config:8-15 mask:8-15
35 [140042709390016] INFO perfrun.perfcollector <> - format: cmask config:24-31 mask:24-31
35 [140042709390016] INFO perfrun.perfcollector <> - hwInfo : PERF_CPU_PMU_DETAILS
35 [140042709390016] INFO perfrun.perfcollector <> - pmu added : family : cpu , id : 0
35 [140042709390016] INFO perfrun.perfcollector <> - dir found : /sys/bus/event_source/devices/uncore_r3qpi_0
35 [140042709390016] INFO perfrun.perfcollector <> - format: event config:0-7 mask:0-7
35 [140042709390016] INFO perfrun.perfcollector <> - format: edge config:18 mask:18
35 [140042709390016] INFO perfrun.perfcollector <> - format: inv config:23 mask:23
35 [140042709390016] INFO perfrun.perfcollector <> - format: umask config:8-15 mask:8-15
35 [140042709390016] INFO perfrun.perfcollector <> - format: thresh config:24-31 mask:24-31
35 [140042709390016] WARN perfrun.perfcollector <> - pmu hwInfo is not set, at file: vcs/perfrun1/plugins/perfcollector/src/controller.cpp:819
35 [140042709390016] INFO perfrun.perfcollector <> - pmu added : family : uncore_r3qpi , id : 0
35 [140042709390016] INFO perfrun.perfcollector <> - dir found : /sys/bus/event_source/devices/cstate_core
35 [140042709390016] INFO perfrun.perfcollector <> - format: event config:0-63 mask:0-63
35 [140042709390016] WARN perfrun.perfcollector <> - pmu hwInfo is not set, at file: vcs/perfrun1/plugins/perfcollector/src/controller.cpp:819
35 [140042709390016] INFO perfrun.perfcollector <> - pmu added : family : cstate_core , id : 0
35 [140042709390016] INFO perfrun.perfcollector <> - dir found : /sys/bus/event_source/devices/uncore_cbox_2
35 [140042709390016] INFO perfrun.perfcollector <> - format: event config:0-7 mask:0-7
35 [140042709390016] INFO perfrun.perfcollector <> - format: filter_link config1:6-8 mask:6-8
35 [140042709390016] INFO perfrun.perfcollector <> - format: filter_c6 config1:61 mask:61
35 [140042709390016] INFO perfrun.perfcollector <> - format: edge config:18 mask:18
35 [140042709390016] INFO perfrun.perfcollector <> - format: filter_isoc config1:63 mask:63
35 [140042709390016] INFO perfrun.perfcollector <> - format: filter_tid config1:0-5 mask:0-5
35 [140042709390016] INFO perfrun.perfcollector <> - format: filter_nid config1:32-47 mask:32-47
35 [140042709390016] INFO perfrun.perfcollector <> - format: filter_nc config1:62 mask:62
36 [140042709390016] INFO perfrun.perfcollector <> - format: umask config:8-15 mask:8-15
36 [140042709390016] INFO perfrun.perfcollector <> - format: tid_en config:19 mask:19
36 [140042709390016] INFO perfrun.perfcollector <> - format: thresh config:24-31 mask:24-31
36 [140042709390016] INFO perfrun.perfcollector <> - format: filter_state config1:17-23 mask:17-23
36 [140042709390016] INFO perfrun.perfcollector <> - format: filter_opc config1:52-60 mask:52-60
36 [140042709390016] WARN perfrun.perfcollector <> - pmu hwInfo is not set, at file: vcs/perfrun1/plugins/perfcollector/src/controller.cpp:819
36 [140042709390016] INFO perfrun.perfcollector <> - pmu added : family : uncore_cbox , id : 2
36 [140042709390016] INFO perfrun.perfcollector <> - dir found : /sys/bus/event_source/devices/breakpoint
36 [140042709390016] WARN perfrun.perfcollector <> - format subdir doesn't exist, at file: vcs/perfrun1/plugins/perfcollector/src/controller.cpp:725
36 [140042709390016] WARN perfrun.perfcollector <> - pmu hwInfo is not set, at file: vcs/perfrun1/plugins/perfcollector/src/controller.cpp:819
36 [140042709390016] INFO perfrun.perfcollector <> - pmu added : family : breakpoint , id : 0
36 [140042709390016] INFO perfrun.perfcollector <> - dir found : /sys/bus/event_source/devices/uncore_ha_0
36 [140042709390016] INFO perfrun.perfcollector <> - format: event config:0-7 mask:0-7
36 [140042709390016] INFO perfrun.perfcollector <> - format: edge config:18 mask:18
36 [140042709390016] INFO perfrun.perfcollector <> - format: inv config:23 mask:23
36 [140042709390016] INFO perfrun.perfcollector <> - format: umask config:8-15 mask:8-15
36 [140042709390016] INFO perfrun.perfcollector <> - format: thresh config:24-31 mask:24-31
36 [140042709390016] WARN perfrun.perfcollector <> - pmu hwInfo is not set, at file: vcs/perfrun1/plugins/perfcollector/src/controller.cpp:819
36 [140042709390016] INFO perfrun.perfcollector <> - pmu added : family : uncore_ha , id : 0
36 [140042709390016] INFO perfrun.perfcollector <> - dir found : /sys/bus/event_source/devices/uncore_cbox_0
36 [140042709390016] INFO perfrun.perfcollector <> - format: event config:0-7 mask:0-7
36 [140042709390016] INFO perfrun.perfcollector <> - format: filter_link config1:6-8 mask:6-8
36 [140042709390016] INFO perfrun.perfcollector <> - format: filter_c6 config1:61 mask:61
36 [140042709390016] INFO perfrun.perfcollector <> - format: edge config:18 mask:18
36 [140042709390016] INFO perfrun.perfcollector <> - format: filter_isoc config1:63 mask:63
36 [140042709390016] INFO perfrun.perfcollector <> - format: filter_tid config1:0-5 mask:0-5
36 [140042709390016] INFO perfrun.perfcollector <> - format: filter_nid config1:32-47 mask:32-47
36 [140042709390016] INFO perfrun.perfcollector <> - format: filter_nc config1:62 mask:62
36 [140042709390016] INFO perfrun.perfcollector <> - format: umask config:8-15 mask:8-15
36 [140042709390016] INFO perfrun.perfcollector <> - format: tid_en config:19 mask:19
36 [140042709390016] INFO perfrun.perfcollector <> - format: thresh config:24-31 mask:24-31
36 [140042709390016] INFO perfrun.perfcollector <> - format: filter_state config1:17-23 mask:17-23
36 [140042709390016] INFO perfrun.perfcollector <> - format: filter_opc config1:52-60 mask:52-60
36 [140042709390016] WARN perfrun.perfcollector <> - pmu hwInfo is not set, at file: vcs/perfrun1/plugins/perfcollector/src/controller.cpp:819
36 [140042709390016] INFO perfrun.perfcollector <> - pmu added : family : uncore_cbox , id : 0
36 [140042709390016] INFO perfrun.perfcollector <> - dir found : /sys/bus/event_source/devices/tracepoint
36 [140042709390016] WARN perfrun.perfcollector <> - format subdir doesn't exist, at file: vcs/perfrun1/plugins/perfcollector/src/controller.cpp:725
36 [140042709390016] WARN perfrun.perfcollector <> - pmu hwInfo is not set, at file: vcs/perfrun1/plugins/perfcollector/src/controller.cpp:819
36 [140042709390016] INFO perfrun.perfcollector <> - pmu added : family : tracepoint , id : 0
36 [140042709390016] INFO perfrun.perfcollector <> - dir found : /sys/bus/event_source/devices/uncore_sbox_3
36 [140042709390016] INFO perfrun.perfcollector <> - format: event config:0-7 mask:0-7
36 [140042709390016] INFO perfrun.perfcollector <> - format: edge config:18 mask:18
36 [140042709390016] INFO perfrun.perfcollector <> - format: inv config:23 mask:23
36 [140042709390016] INFO perfrun.perfcollector <> - format: umask config:8-15 mask:8-15
36 [140042709390016] INFO perfrun.perfcollector <> - format: tid_en config:19 mask:19
36 [140042709390016] INFO perfrun.perfcollector <> - format: thresh config:24-31 mask:24-31
36 [140042709390016] WARN perfrun.perfcollector <> - pmu hwInfo is not set, at file: vcs/perfrun1/plugins/perfcollector/src/controller.cpp:819
36 [140042709390016] INFO perfrun.perfcollector <> - pmu added : family : uncore_sbox , id : 3
36 [140042709390016] INFO perfrun.perfcollector <> - dir found : /sys/bus/event_source/devices/uncore_cbox_9
37 [140042709390016] INFO perfrun.perfcollector <> - format: event config:0-7 mask:0-7
37 [140042709390016] INFO perfrun.perfcollector <> - format: filter_link config1:6-8 mask:6-8
37 [140042709390016] INFO perfrun.perfcollector <> - format: filter_c6 config1:61 mask:61
37 [140042709390016] INFO perfrun.perfcollector <> - format: edge config:18 mask:18
37 [140042709390016] INFO perfrun.perfcollector <> - format: filter_isoc config1:63 mask:63
37 [140042709390016] INFO perfrun.perfcollector <> - format: filter_tid config1:0-5 mask:0-5
37 [140042709390016] INFO perfrun.perfcollector <> - format: filter_nid config1:32-47 mask:32-47
37 [140042709390016] INFO perfrun.perfcollector <> - format: filter_nc config1:62 mask:62
37 [140042709390016] INFO perfrun.perfcollector <> - format: umask config:8-15 mask:8-15
37 [140042709390016] INFO perfrun.perfcollector <> - format: tid_en config:19 mask:19
37 [140042709390016] INFO perfrun.perfcollector <> - format: thresh config:24-31 mask:24-31
37 [140042709390016] INFO perfrun.perfcollector <> - format: filter_state config1:17-23 mask:17-23
37 [140042709390016] INFO perfrun.perfcollector <> - format: filter_opc config1:52-60 mask:52-60
37 [140042709390016] WARN perfrun.perfcollector <> - pmu hwInfo is not set, at file: vcs/perfrun1/plugins/perfcollector/src/controller.cpp:819
37 [140042709390016] INFO perfrun.perfcollector <> - pmu added : family : uncore_cbox , id : 9
37 [140042709390016] INFO perfrun.perfcollector <> - dir found : /sys/bus/event_source/devices/cstate_pkg
37 [140042709390016] INFO perfrun.perfcollector <> - format: event config:0-63 mask:0-63
37 [140042709390016] WARN perfrun.perfcollector <> - pmu hwInfo is not set, at file: vcs/perfrun1/plugins/perfcollector/src/controller.cpp:819
37 [140042709390016] INFO perfrun.perfcollector <> - pmu added : family : cstate_pkg , id : 0
37 [140042709390016] INFO perfrun.perfcollector <> - dir found : /sys/bus/event_source/devices/uncore_imc_4
37 [140042709390016] INFO perfrun.perfcollector <> - format: event config:0-7 mask:0-7
37 [140042709390016] INFO perfrun.perfcollector <> - format: edge config:18 mask:18
37 [140042709390016] INFO perfrun.perfcollector <> - format: inv config:23 mask:23
37 [140042709390016] INFO perfrun.perfcollector <> - format: umask config:8-15 mask:8-15
37 [140042709390016] INFO perfrun.perfcollector <> - format: thresh config:24-31 mask:24-31
37 [140042709390016] INFO perfrun.perfcollector <> - hwInfo : PERF_IMC_PMU_DETAILS
37 [140042709390016] INFO perfrun.perfcollector <> - pmu added : family : uncore_imc , id : 4
37 [140042709390016] INFO perfrun.perfcollector <> - dir found : /sys/bus/event_source/devices/uncore_ubox
37 [140042709390016] INFO perfrun.perfcollector <> - format: event config:0-7 mask:0-7
37 [140042709390016] INFO perfrun.perfcollector <> - format: edge config:18 mask:18
37 [140042709390016] INFO perfrun.perfcollector <> - format: filter_tid config1:0 mask:0
37 [140042709390016] INFO perfrun.perfcollector <> - format: inv config:23 mask:23
37 [140042709390016] INFO perfrun.perfcollector <> - format: umask config:8-15 mask:8-15
37 [140042709390016] INFO perfrun.perfcollector <> - format: thresh config:24-28 mask:24-28
37 [140042709390016] INFO perfrun.perfcollector <> - format: filter_cid config1:5 mask:5
37 [140042709390016] WARN perfrun.perfcollector <> - pmu hwInfo is not set, at file: vcs/perfrun1/plugins/perfcollector/src/controller.cpp:819
37 [140042709390016] INFO perfrun.perfcollector <> - pmu added : family : uncore_ubox , id : 0
37 [140042709390016] INFO perfrun.perfcollector <> - dir found : /sys/bus/event_source/devices/uncore_sbox_1
37 [140042709390016] INFO perfrun.perfcollector <> - format: event config:0-7 mask:0-7
37 [140042709390016] INFO perfrun.perfcollector <> - format: edge config:18 mask:18
37 [140042709390016] INFO perfrun.perfcollector <> - format: inv config:23 mask:23
37 [140042709390016] INFO perfrun.perfcollector <> - format: umask config:8-15 mask:8-15
38 [140042709390016] INFO perfrun.perfcollector <> - format: tid_en config:19 mask:19
38 [140042709390016] INFO perfrun.perfcollector <> - format: thresh config:24-31 mask:24-31
38 [140042709390016] WARN perfrun.perfcollector <> - pmu hwInfo is not set, at file: vcs/perfrun1/plugins/perfcollector/src/controller.cpp:819
38 [140042709390016] INFO perfrun.perfcollector <> - pmu added : family : uncore_sbox , id : 1
38 [140042709390016] INFO perfrun.perfcollector <> - dir found : /sys/bus/event_source/devices/uncore_cbox_7
38 [140042709390016] INFO perfrun.perfcollector <> - format: event config:0-7 mask:0-7
38 [140042709390016] INFO perfrun.perfcollector <> - format: filter_link config1:6-8 mask:6-8
38 [140042709390016] INFO perfrun.perfcollector <> - format: filter_c6 config1:61 mask:61
38 [140042709390016] INFO perfrun.perfcollector <> - format: edge config:18 mask:18
38 [140042709390016] INFO perfrun.perfcollector <> - format: filter_isoc config1:63 mask:63
38 [140042709390016] INFO perfrun.perfcollector <> - format: filter_tid config1:0-5 mask:0-5
38 [140042709390016] INFO perfrun.perfcollector <> - format: filter_nid config1:32-47 mask:32-47
38 [140042709390016] INFO perfrun.perfcollector <> - format: filter_nc config1:62 mask:62
38 [140042709390016] INFO perfrun.perfcollector <> - format: umask config:8-15 mask:8-15
38 [140042709390016] INFO perfrun.perfcollector <> - format: tid_en config:19 mask:19
38 [140042709390016] INFO perfrun.perfcollector <> - format: thresh config:24-31 mask:24-31
38 [140042709390016] INFO perfrun.perfcollector <> - format: filter_state config1:17-23 mask:17-23
38 [140042709390016] INFO perfrun.perfcollector <> - format: filter_opc config1:52-60 mask:52-60
38 [140042709390016] WARN perfrun.perfcollector <> - pmu hwInfo is not set, at file: vcs/perfrun1/plugins/perfcollector/src/controller.cpp:819
38 [140042709390016] INFO perfrun.perfcollector <> - pmu added : family : uncore_cbox , id : 7
38 [140042709390016] INFO perfrun.perfcollector <> - dir found : /sys/bus/event_source/devices/kprobe
38 [140042709390016] INFO perfrun.perfcollector <> - format: retprobe config:0 mask:0
38 [140042709390016] WARN perfrun.perfcollector <> - pmu hwInfo is not set, at file: vcs/perfrun1/plugins/perfcollector/src/controller.cpp:819
38 [140042709390016] INFO perfrun.perfcollector <> - pmu added : family : kprobe , id : 0
38 [140042709390016] INFO perfrun.perfcollector <> - dir found : /sys/bus/event_source/devices/uncore_cbox_5
38 [140042709390016] INFO perfrun.perfcollector <> - format: event config:0-7 mask:0-7
38 [140042709390016] INFO perfrun.perfcollector <> - format: filter_link config1:6-8 mask:6-8
38 [140042709390016] INFO perfrun.perfcollector <> - format: filter_c6 config1:61 mask:61
38 [140042709390016] INFO perfrun.perfcollector <> - format: edge config:18 mask:18
38 [140042709390016] INFO perfrun.perfcollector <> - format: filter_isoc config1:63 mask:63
38 [140042709390016] INFO perfrun.perfcollector <> - format: filter_tid config1:0-5 mask:0-5
38 [140042709390016] INFO perfrun.perfcollector <> - format: filter_nid config1:32-47 mask:32-47
38 [140042709390016] INFO perfrun.perfcollector <> - format: filter_nc config1:62 mask:62
38 [140042709390016] INFO perfrun.perfcollector <> - format: umask config:8-15 mask:8-15
38 [140042709390016] INFO perfrun.perfcollector <> - format: tid_en config:19 mask:19
38 [140042709390016] INFO perfrun.perfcollector <> - format: thresh config:24-31 mask:24-31
38 [140042709390016] INFO perfrun.perfcollector <> - format: filter_state config1:17-23 mask:17-23
38 [140042709390016] INFO perfrun.perfcollector <> - format: filter_opc config1:52-60 mask:52-60
38 [140042709390016] WARN perfrun.perfcollector <> - pmu hwInfo is not set, at file: vcs/perfrun1/plugins/perfcollector/src/controller.cpp:819
38 [140042709390016] INFO perfrun.perfcollector <> - pmu added : family : uncore_cbox , id : 5
38 [140042709390016] INFO perfrun.perfcollector <> - dir found : /sys/bus/event_source/devices/uncore_imc_0
39 [140042709390016] INFO perfrun.perfcollector <> - format: event config:0-7 mask:0-7
39 [140042709390016] INFO perfrun.perfcollector <> - format: edge config:18 mask:18
39 [140042709390016] INFO perfrun.perfcollector <> - format: inv config:23 mask:23
39 [140042709390016] INFO perfrun.perfcollector <> - format: umask config:8-15 mask:8-15
39 [140042709390016] INFO perfrun.perfcollector <> - format: thresh config:24-31 mask:24-31
39 [140042709390016] INFO perfrun.perfcollector <> - hwInfo : PERF_IMC_PMU_DETAILS
39 [140042709390016] INFO perfrun.perfcollector <> - pmu added : family : uncore_imc , id : 0
39 [140042709390016] INFO perfrun.perfcollector <> - dir found : /sys/bus/event_source/devices/uncore_pcu
39 [140042709390016] INFO perfrun.perfcollector <> - format: filter_band2 config1:16-23 mask:16-23
39 [140042709390016] INFO perfrun.perfcollector <> - format: event config:0-7 mask:0-7
39 [140042709390016] INFO perfrun.perfcollector <> - format: filter_band0 config1:0-7 mask:0-7
39 [140042709390016] INFO perfrun.perfcollector <> - format: edge config:18 mask:18
39 [140042709390016] INFO perfrun.perfcollector <> - format: occ_invert config:30 mask:30
39 [140042709390016] INFO perfrun.perfcollector <> - format: occ_edge config:14-51 mask:14-51
39 [140042709390016] INFO perfrun.perfcollector <> - format: filter_band3 config1:24-31 mask:24-31
39 [140042709390016] INFO perfrun.perfcollector <> - format: filter_band1 config1:8-15 mask:8-15
39 [140042709390016] INFO perfrun.perfcollector <> - format: inv config:23 mask:23
39 [140042709390016] INFO perfrun.perfcollector <> - format: thresh config:24-28 mask:24-28
39 [140042709390016] INFO perfrun.perfcollector <> - format: occ_sel config:14-15 mask:14-15
39 [140042709390016] WARN perfrun.perfcollector <> - pmu hwInfo is not set, at file: vcs/perfrun1/plugins/perfcollector/src/controller.cpp:819
39 [140042709390016] INFO perfrun.perfcollector <> - pmu added : family : uncore_pcu , id : 0
39 [140042709390016] INFO perfrun.perfcollector <> - dir found : /sys/bus/event_source/devices/uncore_r3qpi_1
39 [140042709390016] INFO perfrun.perfcollector <> - format: event config:0-7 mask:0-7
39 [140042709390016] INFO perfrun.perfcollector <> - format: edge config:18 mask:18
39 [140042709390016] INFO perfrun.perfcollector <> - format: inv config:23 mask:23
39 [140042709390016] INFO perfrun.perfcollector <> - format: umask config:8-15 mask:8-15
39 [140042709390016] INFO perfrun.perfcollector <> - format: thresh config:24-31 mask:24-31
39 [140042709390016] WARN perfrun.perfcollector <> - pmu hwInfo is not set, at file: vcs/perfrun1/plugins/perfcollector/src/controller.cpp:819
39 [140042709390016] INFO perfrun.perfcollector <> - pmu added : family : uncore_r3qpi , id : 1
39 [140042709390016] INFO perfrun.perfcollector <> - dir found : /sys/bus/event_source/devices/msr
39 [140042709390016] INFO perfrun.perfcollector <> - format: event config:0-63 mask:0-63
39 [140042709390016] WARN perfrun.perfcollector <> - pmu hwInfo is not set, at file: vcs/perfrun1/plugins/perfcollector/src/controller.cpp:819
39 [140042709390016] INFO perfrun.perfcollector <> - pmu added : family : msr , id : 0
39 [140042709390016] INFO perfrun.perfcollector <> - dir found : /sys/bus/event_source/devices/uncore_cbox_3
39 [140042709390016] INFO perfrun.perfcollector <> - format: event config:0-7 mask:0-7
39 [140042709390016] INFO perfrun.perfcollector <> - format: filter_link config1:6-8 mask:6-8
39 [140042709390016] INFO perfrun.perfcollector <> - format: filter_c6 config1:61 mask:61
39 [140042709390016] INFO perfrun.perfcollector <> - format: edge config:18 mask:18
39 [140042709390016] INFO perfrun.perfcollector <> - format: filter_isoc config1:63 mask:63
39 [140042709390016] INFO perfrun.perfcollector <> - format: filter_tid config1:0-5 mask:0-5
39 [140042709390016] INFO perfrun.perfcollector <> - format: filter_nid config1:32-47 mask:32-47
39 [140042709390016] INFO perfrun.perfcollector <> - format: filter_nc config1:62 mask:62
39 [140042709390016] INFO perfrun.perfcollector <> - format: umask config:8-15 mask:8-15
39 [140042709390016] INFO perfrun.perfcollector <> - format: tid_en config:19 mask:19
40 [140042709390016] INFO perfrun.perfcollector <> - format: thresh config:24-31 mask:24-31
40 [140042709390016] INFO perfrun.perfcollector <> - format: filter_state config1:17-23 mask:17-23
40 [140042709390016] INFO perfrun.perfcollector <> - format: filter_opc config1:52-60 mask:52-60
40 [140042709390016] WARN perfrun.perfcollector <> - pmu hwInfo is not set, at file: vcs/perfrun1/plugins/perfcollector/src/controller.cpp:819
40 [140042709390016] INFO perfrun.perfcollector <> - pmu added : family : uncore_cbox , id : 3
40 [140042709390016] INFO perfrun.perfcollector <> - dir found : /sys/bus/event_source/devices/uncore_ha_1
40 [140042709390016] INFO perfrun.perfcollector <> - format: event config:0-7 mask:0-7
40 [140042709390016] INFO perfrun.perfcollector <> - format: edge config:18 mask:18
40 [140042709390016] INFO perfrun.perfcollector <> - format: inv config:23 mask:23
40 [140042709390016] INFO perfrun.perfcollector <> - format: umask config:8-15 mask:8-15
40 [140042709390016] INFO perfrun.perfcollector <> - format: thresh config:24-31 mask:24-31
40 [140042709390016] WARN perfrun.perfcollector <> - pmu hwInfo is not set, at file: vcs/perfrun1/plugins/perfcollector/src/controller.cpp:819
40 [140042709390016] INFO perfrun.perfcollector <> - pmu added : family : uncore_ha , id : 1
40 [140042709390016] INFO perfrun.perfcollector <> - dir found : /sys/bus/event_source/devices/uncore_cbox_1
40 [140042709390016] INFO perfrun.perfcollector <> - format: event config:0-7 mask:0-7
40 [140042709390016] INFO perfrun.perfcollector <> - format: filter_link config1:6-8 mask:6-8
40 [140042709390016] INFO perfrun.perfcollector <> - format: filter_c6 config1:61 mask:61
40 [140042709390016] INFO perfrun.perfcollector <> - format: edge config:18 mask:18
40 [140042709390016] INFO perfrun.perfcollector <> - format: filter_isoc config1:63 mask:63
40 [140042709390016] INFO perfrun.perfcollector <> - format: filter_tid config1:0-5 mask:0-5
40 [140042709390016] INFO perfrun.perfcollector <> - format: filter_nid config1:32-47 mask:32-47
40 [140042709390016] INFO perfrun.perfcollector <> - format: filter_nc config1:62 mask:62
40 [140042709390016] INFO perfrun.perfcollector <> - format: umask config:8-15 mask:8-15
40 [140042709390016] INFO perfrun.perfcollector <> - format: tid_en config:19 mask:19
40 [140042709390016] INFO perfrun.perfcollector <> - format: thresh config:24-31 mask:24-31
40 [140042709390016] INFO perfrun.perfcollector <> - format: filter_state config1:17-23 mask:17-23
40 [140042709390016] INFO perfrun.perfcollector <> - format: filter_opc config1:52-60 mask:52-60
40 [140042709390016] WARN perfrun.perfcollector <> - pmu hwInfo is not set, at file: vcs/perfrun1/plugins/perfcollector/src/controller.cpp:819
40 [140042709390016] INFO perfrun.perfcollector <> - pmu added : family : uncore_cbox , id : 1
40 [140042709390016] INFO perfrun.launcher <> - plugin perf has been added successfully
40 [140042709390016] INFO perfrun.launcher <> - plugin aoclprofile has been added successfully
40 [140042709390016] INFO perfrun.launcher <> - plugin tpss has been added successfully
40 [140042709390016] INFO perfrun.launcher <> - plugin exprof has been added successfully
40 [140042709390016] INFO perfrun.launcher <> - plugin media has been added successfully
40 [140042709390016] INFO perfrun.launcher <> - plugin ice has been added successfully
40 [140042709390016] INFO perfrun.launcher <> - plugin  has been added successfully
40 [140042709390016] INFO perfrun.launcher <> - plugin  has been added successfully
40 [140042709390016] INFO perfrun.launcher <> - plugin parallelfs has been added successfully
40 [140042709390016] INFO perfrun.launcher <> - plugin power has been added successfully
40 [140042709390016] INFO perfrun.launcher <> - plugin hwloc has been added successfully
40 [140042709390016] INFO perfrun.launcher <> - plugin ipmwatch has been added successfully
40 [140042709390016] INFO perfrun.launcher <> - plugin os_counters has been added successfully
41 [140042709390016] INFO perfrun.launcher <> - the option was added --interval: Specify an interval of data collection (for example, sampling) in milliseconds.
41 [140042709390016] INFO perfrun.launcher <> - the option was added --follow-child: Profile process with or without children.
41 [140042709390016] INFO perfrun.launcher <> - the option was added --gelding: BADMSG: perfrun1.launcher.plugin_manager::gelding
41 [140042709390016] INFO perfrun.launcher <> - the option was added --time-source: Specify time source for measurement. Possible values: sys - wall clock time; tsc - time stamp counter; ext - time from an external source; auto - auto select accurate time source.
41 [140042709390016] INFO perfrun.launcher <> - the option was added --stack: Enable or disable collection of stacks.
41 [140042709390016] INFO perfrun.launcher <> - the option was added --stack-stitching: Enable or disable the stack stitching algorithm for Intel TBB-based applications.
41 [140042709390016] INFO perfrun.launcher <> - the option was added --type: Specify type of data to be collected. For example, --type cpu:counters,waiting:nostack,io.
41 [140042709390016] INFO perfrun.launcher <> - the option was added --mrte-mode: Specify Java/.NET/other managed runtime collection mode. Possible values: native - collect information only for native code; managed - collect information only for managed code; mixed - collect information for both managed and native code; auto - choose the mode based on binary type.
41 [140042709390016] INFO perfrun.launcher <> - the option was added --mrte-mode-list: List supported Java/.NET/other managed runtime collection modes.
41 [140042709390016] INFO perfrun.launcher <> - the option was added --mrte-type: Specify which managed runtimes to collect. Possible values: java - collect information for Java; dotnet - collect information for .NET; python - collect information for CPython. You can specify several values separated by comma.
41 [140042709390016] INFO perfrun.launcher <> - the option was added --mrte-type-list: List supported Java/.NET/other managed runtime types.
41 [140042709390016] INFO perfrun.launcher <> - the option was added --trace-strategy: Specify how to profile a process tree. <string> can be "<process>:trace:notrace" - profile the process but do not profile its children. Shorthand parameters: t - trace, nt - notrace. For example, "vtunedemo.exe:t:t".
41 [140042709390016] INFO perfrun.launcher <> - the option was added --collector: BADMSG: perfrun1.launcher.plugin_manager::collector
41 [140042709390016] INFO perfrun.launcher <> - the option was added --system-wide: Enable system-wide profiling. This mode may require additional permissions.
41 [140042709390016] INFO perfrun.launcher <> - the option was added --kvm-guest: Enable KVM guest OS profiling.
41 [140042709390016] INFO perfrun.launcher <> - the option was added --kvm-guest-kallsyms: Specify a local path to the /proc/kallsyms file copied from the guest OS for proper symbol resolution.
41 [140042709390016] INFO perfrun.launcher <> - the option was added --kvm-guest-modules: Specify a local path to the /proc/modules file copied from the guest OS for proper symbol resolution.
41 [140042709390016] INFO perfrun.launcher <> - the option was added --bandwidth-limits: Measure bandwidth limits
41 [140042709390016] INFO perfrun.launcher <> - the option was added --acrn-map-info: Collect map info for ACRN
42 [140042709390016] INFO perfrun.launcher <> - the option was added --bandwidth-strategy: Bandwidth limits determination specific properties (example: --bandwidth-strategy array-size=0,duration=500).
42 [140042709390016] INFO perfrun.launcher <> - the option was added --bandwidth-config: List of benchmarks to run.
42 [140042709390016] INFO perfrun.launcher <> - the option was added --target-gpu: target-gpu
42 [140042709390016] INFO perfrun.launcher <> - the option was added --dump-vdso: Dump [vdso] to result directory
42 [140042709390016] INFO perfrun.launcher <> - the option was added --system-collector-config: Specify subcollectors. Possible values: all, container, device-info, none. Specify subcollectors. Possible values: all, vdso.
42 [140042709390016] INFO perfrun.launcher <> - the option was added --itt-config: Specify a sub-set of ITT API to collect.
42 [140042709390016] INFO perfrun.launcher <> - the option was added --itt-debug: Set pseudo-breakpoint at ITT API collector's start to enable the debugger to attach early.
42 [140042709390016] INFO perfrun.launcher <> - the option was added --ptrace: Ptrace collector.
42 [140042709390016] INFO perfrun.launcher <> - the option was added --target-pid: BADMSG: perfrun1.ptracecollector::target-pid
42 [140042709390016] INFO perfrun.launcher <> - the option was added --ptrace-server-pid: BADMSG: perfrun1.ptracecollector::ptrace-server-pid
42 [140042709390016] INFO perfrun.launcher <> - the option was added --ptrace-trace: BADMSG: perfrun1.ptracecollector::ptrace-trace
42 [140042709390016] INFO perfrun.launcher <> - the option was added --ptrace-time-source: BADMSG: perfrun1.ptracecollector::ptrace-time-source
42 [140042709390016] INFO perfrun.launcher <> - the option was added --ptrace-start-type: BADMSG: perfrun1.ptracecollector::ptrace-start-type
42 [140042709390016] INFO perfrun.launcher <> - the option was added --gpu-config: Specify types of GPU data to be collected. Possible values: preset1, preset2.
42 [140042709390016] INFO perfrun.launcher <> - the option was added --gpu-debug: Enable self-testing of the GPGPU profiling collector.
42 [140042709390016] INFO perfrun.launcher <> - the option was added --gpu-counting: Collect GPU data in the counting mode.
42 [140042709390016] INFO perfrun.launcher <> - the option was added --emon-preset: Specify a preset for EMON collector. For available presets, run: emon -preset-list.
42 [140042709390016] INFO perfrun.launcher <> - the option was added --emon-csv-trace-format: Use CSV format for EMON trace file.
42 [140042709390016] INFO perfrun.launcher <> - the option was added --emon-machine-readable-ver: Write machine readable EMON version file.
42 [140042709390016] INFO perfrun.launcher <> - the option was added --custom-collector: Allows to provide arbitrary command line to be run on collection steps.
42 [140042709390016] INFO perfrun.launcher <> - the option was added --stdsrc-config: Specify Standard Sources category tag(s).
42 [140042709390016] INFO perfrun.launcher <> - the option was added --ftrace-config-list: List Linux Ftrace category tag(s).
42 [140042709390016] INFO perfrun.launcher <> - the option was added --ftrace-config: Specify Linux Ftrace category tag(s).
42 [140042709390016] INFO perfrun.launcher <> - the option was added --ftrace-function-groups: Enable tracing of specific groups of functions.
42 [140042709390016] INFO perfrun.launcher <> - the option was added --event-info: BADMSG: perfrun1.stdsrc::event-info
42 [140042709390016] INFO perfrun.launcher <> - the option was added --cpu-list: List supported CPUs.
42 [140042709390016] INFO perfrun.launcher <> - the option was added --target-list: List available targets for performing sampling collection.
42 [140042709390016] INFO perfrun.launcher <> - the option was added --event-value-list: Display event information.
42 [140042709390016] INFO perfrun.launcher <> - the option was added --platform-value-list: Display details of supported platforms.
42 [140042709390016] INFO perfrun.launcher <> - the option was added --uncore-event-list: List uncore events for which a sampling data collection can be performed on this platform.
42 [140042709390016] INFO perfrun.launcher <> - the option was added --modifier-list: Specify the event name <string> for which the modifiers list is requested.
42 [140042709390016] INFO perfrun.launcher <> - the option was added --pmu-list: List supported PMUs.
42 [140042709390016] INFO perfrun.launcher <> - the option was added --os-mode-only: Enable sampling data collection for OS-mode processes only.
42 [140042709390016] INFO perfrun.launcher <> - the option was added --user-mode-only: Enable sampling data collection for user-mode processes only.
43 [140042709390016] INFO perfrun.launcher <> - the option was added --event-config: Perform data collection for the events with <string> configured using the format <event name1>":modifier1=val:modifier2=val/constraint1={:modifier3=val:modifier4=val}...,"<event name2>":... Specify the events(s) to monitor and embed the event names within double quotes("). [:modifier=val] specifies individual event modifiers along with the respective values for a given platform. Note that the modifiers can be generic to an event as well as specific to a constraint (or an event qualifier). The constraint specific special modifiers appear after [/constraint=]. The modifiers can be in decimal or hexadecimal format. Only specific modifiers accept the value as a string. Each event specification is delimited by a comma (,). For a list of supported modifiers and constraints, refer to the documentation.
43 [140042709390016] INFO perfrun.launcher <> - the option was added --chipset-event-config: Perform data collection for the chipset events with <string> configured using the format "<event name1>"...,"<event name2>":... Specify the events(s) to monitor and embed the event names within double quotes(").
43 [140042709390016] INFO perfrun.launcher <> - the option was added --uncore-event-config: Perform uncore data collection in ebc count mode for the events with <string> configured using the format "<event name1>"...,"<event name2>":... Specify the events(s) to monitor and embed the event names within double quotes(").
43 [140042709390016] INFO perfrun.launcher <> - the option was added --count-emon: Enable counting mode and output the data in EMON format.
43 [140042709390016] INFO perfrun.launcher <> - the option was added --event-based-counts: Enable event-based counting mode. During sampling data collection, event counts data is collected for the list of events specified in -event-config option.
43 [140042709390016] INFO perfrun.launcher <> - the option was added --event-mux-tfactor: Specify the event multiplexing tfactor as <integer> to set the length of the interval between interrupts. The larger the tfactor value, the larger the period between interrupts. Currently this option is only available on Intel platforms codenamed Knights Corner.
43 [140042709390016] INFO perfrun.launcher <> - the option was added --full-pebs-capture: Capture full pebs information.
43 [140042709390016] INFO perfrun.launcher <> - the option was added --last-branch-records: Capture Last Branch Records information.
43 [140042709390016] INFO perfrun.launcher <> - the option was added --pmu-type: Specify the targeted PMU name as <string>.
43 [140042709390016] INFO perfrun.launcher <> - the option was added --platform-type: Specify the targeted platform number as <number>.
43 [140042709390016] INFO perfrun.launcher <> - the option was added --p-state-trigger: Specify the name of the trigger event for P-state data as <string>. The default trigger is CPU_CLK_UNHALTED.REF_TSC.
43 [140042709390016] INFO perfrun.launcher <> - the option was added --rdt-auto-rmid: Enable automatic Core pinning on RMIDs for RDT monitoring capabilities.
43 [140042709390016] INFO perfrun.launcher <> - the option was added --bts-count: Specify the <integer> number of BTS records collected after each sample or context switch (VTSS++ only).
43 [140042709390016] INFO perfrun.launcher <> - the option was added --cpu-mask: Specify which CPU(s) <string> to collect data on. For example, specify "2-8,10,12-14" to sample only CPUs 2 through 8, 10, and 12 through 14.
43 [140042709390016] INFO perfrun.launcher <> - the option was added --event-mux-alg: Specify the event multiplexing algorithm. Possible values: sequence, timer, trigger.
43 [140042709390016] INFO perfrun.launcher <> - the option was added --event-mux-timeslice: Specify the event multiplexing time slice value as <integer>. The time slice specifies the duration between cycles for each event multiplexing group. The default value is 50 milliseconds. This option is valid only for timer-based event multiplexing. Specify the event multiplexing time slice value as <integer>. The time slice specifies the duration between cycles for each event multiplexing group. The default value is 1 millisecond. This option is valid only for timer-based event multiplexing.
43 [140042709390016] INFO perfrun.launcher <> - the option was added --event-mux-factor: Specify the event multiplexing factor as <integer>. It controls the switching of event multiplexing groups. The default factor is 50. This option is valid only for trigger-based event multiplexing. Specify the event multiplexing factor as <integer>. It controls the switching of event multiplexing groups. The default factor is 1. This option is valid only for trigger-based event multiplexing.
43 [140042709390016] INFO perfrun.launcher <> - the option was added --event-mux-trigger: Specify the name of the trigger event for event multiplexing as <string>. This option is valid only for trigger-based event multiplexing. The default trigger is CPU_CLK_UNHALTED.CORE (or CPU_CLK_UNHALTED.THREAD). BADMSG: perfrun1.vtsspp::event-mux-trigger
43 [140042709390016] INFO perfrun.launcher <> - the option was added --pt-mode: BADMSG: perfrun1.vtsspp::pt-mode
43 [140042709390016] INFO perfrun.launcher <> - the option was added --sample-after-multiplier: Specify the sample after multiplier as <double>. This multiplier modifies the sample after value for all the events specified in -event-config option. The values can range from 0.1 to 100.0. SAV multiplier value
43 [140042709390016] INFO perfrun.launcher <> - the option was added --uncore-sampling-interval: Specify the uncore sampling interval as <integer>. This value set the uncore sampling interval for all the uncore events specified in -event-config option.
43 [140042709390016] INFO perfrun.launcher <> - the option was added --count: Enable counting mode. Enable counting mode
43 [140042709390016] INFO perfrun.launcher <> - the option was added --trace-mpi: Configure collector to trace MPI code.
43 [140042709390016] INFO perfrun.launcher <> - the option was added --aggregated-counting: Enable aggregated counting mode. Enable aggregated-counting mode
43 [140042709390016] INFO perfrun.launcher <> - the option was added --perf-per-cpu: System-wide collection from all CPUs
43 [140042709390016] INFO perfrun.launcher <> - the option was added --raw-perf-config: Specify a verified configuration for the Perf collector in the format: <describer>,<content>. For example: map-events-file,<path_to_map_events_file>.
43 [140042709390016] INFO perfrun.launcher <> - the option was added --sys-config: BADMSG: perfrun1.vtsspp::sys-config Specify types of system data to be collected. Supported value: cswitch - collect context switch information.
43 [140042709390016] INFO perfrun.launcher <> - the option was added --perf-event-config: Specify events for Perf collector in Perf format. For example: perf-event-config=cpu-clock.
43 [140042709390016] INFO perfrun.launcher <> - the option was added --perf-aio: Number of control blocks in asynchronous trace writing mode.
43 [140042709390016] INFO perfrun.launcher <> - the option was added --perf-compression: Specify compression of Perf collector output data. Possible levels: 0 - without compression, 1..3 - best speed, 4..22 - best compression that incurs big overhead.
43 [140042709390016] INFO perfrun.launcher <> - the option was added --perf-mmap-flush: Minimum data size read from the kernel mapped region.
43 [140042709390016] INFO perfrun.launcher <> - the option was added --perf-affinity: Adjust an affinity mask of the Perf thread to a node with an allocated memory trace buffer.
43 [140042709390016] INFO perfrun.launcher <> - the option was added --perf-threads: Setup threading mode for trace writing.
43 [140042709390016] INFO perfrun.launcher <> - the option was added --generate-platform-cmd: Get perf command line for an arbitrary target.
43 [140042709390016] INFO perfrun.launcher <> - the option was added --aocl-profile: Enable profiling and data collection through AOCL profiling tool.
44 [140042709390016] INFO perfrun.launcher <> - the option was added --aocl-source-file: Path to .source file. Find this in the compilation output directory of the FPGA application. Use this option to help attribute performance statistics to the source lines. If unspecified, AOCL profiler will attempt to locate the file in the current directory.
44 [140042709390016] INFO perfrun.launcher <> - the option was added --aocl-binary-aocx-file: Path to .aocx file (OpenCL flow) or host binary (DPC++ flow). If you do not provide this path: 1) For OpenCL flow, AOCL Profiler attempts to locate the file in the working directory. 2) For DPC++ flow, the collector assumes that host binary is used as an application to launch.
44 [140042709390016] INFO perfrun.launcher <> - the option was added --aocl-period: Specifies the number of cycles between readbacks from the device. The default value is 0 and indicates that the profiler should read back data as often as possible.
44 [140042709390016] INFO perfrun.launcher <> - the option was added --aocl-no-temporal: Disables readback during execution and only reads back non-autorun kernels once they finish executing.
44 [140042709390016] INFO perfrun.launcher <> - the option was added --aocl-no-mem-transfers: Disables the recording of memory transfer information.
44 [140042709390016] INFO perfrun.launcher <> - the option was added --stackwalk: Specify stack unwinding method. Possible values: online - unwind stacks during collection; offline - unwind stacks after collection is finished. Specify stack unwinding method. Possible value: lbr - unwind stacks during collection. Specify stack unwinding method. Possible values: online - unwind stacks during collection; offline - unwind stacks after collection is finished; lbr - enable LBR-based call stack collection. Specify stack unwinding method. Possible values: online - unwind stacks during collection; offline - unwind stacks after collection is finished. Specify stack unwinding method. Possible values: online - unwind stacks during collection; offline - unwind stacks after collection is finished.
44 [140042709390016] INFO perfrun.launcher <> - the option was added --filter-include: Filter data during collection. Possible values: contended=<on|off> - filter out uncontended events; contended_nostack=<time> - filter out stacks for contended events that take less than <time> microseconds; wait=<time> - ignore transitions and blocks with wait time less than <time> microseconds; wait_nostack=<time> - filter out stacks for waits that take less than <time> microseconds.
44 [140042709390016] INFO perfrun.launcher <> - the option was added --debug-pin: Debug PIN tool and runtime.
44 [140042709390016] INFO perfrun.launcher <> - the option was added --debug-exception: Disallow the application to set own abnormal termination handler.
44 [140042709390016] INFO perfrun.launcher <> - the option was added --trace-type: Specify the trace file granularity. Possible values: per-thread - per-thread trace file generation; per-process - per-process trace file generation.
44 [140042709390016] INFO perfrun.launcher <> - the option was added --instrumentation-type: Specify type of instrumentation.
44 [140042709390016] INFO perfrun.launcher <> - the option was added --altstack: Enable or disable usage of altstacks for profiling signal handlers.
44 [140042709390016] INFO perfrun.launcher <> - the option was added --profiling-signal: BADMSG: perfrun1.ptracecollector::profiling-signal Alternate profiling signal.
44 [140042709390016] INFO perfrun.launcher <> - the option was added --memory-strategy: Specify a minimal memory object size to be traced and a hash table size for faster objects search; for example: --memory-strategy obj-size-min=1024,hash-table-size=4096.
44 [140042709390016] INFO perfrun.launcher <> - the option was added --gpu-profiling-type: Specify a type of deep GPU profiling: none, bblatency, memlatency, instcount.
44 [140042709390016] INFO perfrun.launcher <> - the option was added --opencl-trace-mode: Specify OpenCL kernel tracing modes: 'default' to trace OpenCL kernels for Intel Graphics Driver only; 'epoch' for any non-Intel graphics, where OpenCL kernels will be traced and OpenCL profiling API timestamps will be interpreted as Unux Epoch time in nanoseconds; 'completion' to trace OpenCL kernels for any Graphics Driver and bind OpenCL profiling API timestamps to the timestamp of OpenCL completion callback.
44 [140042709390016] INFO perfrun.launcher <> - the option was added --gpu-kernels-to-profile: Specify a comma-separated list of GPU kernel names and invocations to be profiled in the following format: kernel_name[#start_idx#step#stop_idx], where kernel_name is the name of GPU kernel; start_idx is the number of the first invocation; and stop_idx is the number of the last invocation to be profiled.
44 [140042709390016] INFO perfrun.launcher <> - the option was added --exprof-com-list: List available COM ports.
44 [140042709390016] INFO perfrun.launcher <> - the option was added --exprof-dvc-list: List available DvC IDs.
44 [140042709390016] INFO perfrun.launcher <> - the option was added --exprof-trace-channel: BADMSG: perfrun1.exprof::exprof-trace-channel
44 [140042709390016] INFO perfrun.launcher <> - the option was added --exprof-event-config: Specify ExactProfiling Event Classes.
44 [140042709390016] INFO perfrun.launcher <> - the option was added --ice-pmons-list: BADMSG: perfrun1.ice::ice-pmons-list
44 [140042709390016] INFO perfrun.launcher <> - the option was added --ice-pmons-config: BADMSG: perfrun1.ice::ice-pmons-config
44 [140042709390016] INFO perfrun.launcher <> - the option was added --ice-sw-trace: Collect software traces of the Intel Neural Network Processor (NNP-I) and analyze software context of inference progress.
44 [140042709390016] INFO perfrun.launcher <> - the option was added --ice-sample-after-value: BADMSG: perfrun1.ice::ice-sample-after-value
44 [140042709390016] INFO perfrun.launcher <> - the option was added --ice-frequency: BADMSG: perfrun1.ice::ice-frequency
44 [140042709390016] INFO perfrun.launcher <> - the option was added --parallel-fs-config: Specify parallel fs counters to collect.
44 [140042709390016] INFO perfrun.launcher <> - the option was added --pwr-config: BADMSG: perfrun1.vtsspp::pwr-config Specify power metrics configuration.
44 [140042709390016] INFO perfrun.launcher <> - the option was added --pwr-sampling-interval: Specify Intel SoC Watch sampling interval.
44 [140042709390016] INFO perfrun.launcher <> - the option was added --collect-topology: Collect topology info with hwloc.
45 [140042709390016] INFO perfrun.launcher <> - the option was added --persistent-mem-metrics: Collect Persistent Memory performance counters.
45 [140042709390016] INFO perfrun.launcher <> - the option was added --os-counters: Collect OS counters
47 [140042709390016] INFO perfrun.launcher <> - create msngr2::ICliToolContext
47 [140042709390016] INFO perfrun.launcher <> - create file finder object
47 [140042709390016] INFO perfrun.launcher <> - create a result directory: pattern = /home/users/efsilva/teste/INF01077/resultados_pcad_hype_hpc_simd_823348/06_Grayscale_omp-avx2_t1/hpc_performance pid = 4294967295
51 [140042709390016] INFO perfrun.sdk <> - checked that the directory /home/users/efsilva/teste/INF01077/resultados_pcad_hype_hpc_simd_823348/06_Grayscale_omp-avx2_t1/hpc_performance is a local directory
52 [140042709390016] INFO perfrun.sdk <> - the directory /home/users/efsilva/teste/INF01077/resultados_pcad_hype_hpc_simd_823348/06_Grayscale_omp-avx2_t1/hpc_performance is located on a share or its FS ID is unknown 26985
52 [140042709390016] INFO perfrun.sdk <> - checked that the directory /tmp/amplxe-tmp-efsilva is a local directory
52 [140042709390016] INFO perfrun.sdk <> - the directory /tmp/amplxe-tmp-efsilva is a local directory with FS type ID 61267
53 [140042709390016] INFO perfrun.launcher <> - Create a local result directory /tmp/amplxe-tmp-efsilva/amplxe-res-3549388-36875725579941110 due to the user result path /home/users/efsilva/teste/INF01077/resultados_pcad_hype_hpc_simd_823348/06_Grayscale_omp-avx2_t1/hpc_performance is located on a share
53 [140042709390016] INFO perfrun.launcher <> - create data directory = /tmp/amplxe-tmp-efsilva/amplxe-res-3549388-36875725579941110/data.0
53 [140042709390016] INFO perfrun.launcher <> - create data directory = /home/users/efsilva/teste/INF01077/resultados_pcad_hype_hpc_simd_823348/06_Grayscale_omp-avx2_t1/hpc_performance/data.0
56 [140042709390016] INFO perfrun.launcher <> - Creating the master collection flag
61 [140042709390016] INFO perfrun.launcher <> - Done creating the master collection flag
65 [140042552993472] INFO perfrun.launcher <> - plugin [remoteplug] was disabled because it doesn't support the given collection type.
65 [140042552993472] INFO perfrun.system <> - online nodes : 0-1
65 [140042552993472] INFO perfrun.system <> - nodes with cpus : 0-1
65 [140042552993472] INFO perfrun.system <> - nodes with memory : 0-1
69 [140042552993472] INFO perfrun.sdk <> - Allocating TMU :/tmp/amplxe-tmp-efsilva/amplxe-res-3549388-36875725579941110/data.0/systemcollector-3549388-hype5.sc
70 [140042552993472] INFO perfrun.launcher <> - plugin [ptracecollector] was disabled because it doesn't support the given collection type.
70 [140042552993472] INFO perfrun.launcher <> - plugin [gpu] was disabled because it doesn't support the given collection type.
70 [140042552993472] INFO perfrun.launcher <> - plugin [] was disabled because it doesn't support the given collection type.
70 [140042552993472] INFO perfrun.launcher <> - plugin [] was disabled because it doesn't support the given collection type.
70 [140042552993472] INFO perfrun.launcher <> - plugin [] was disabled because it doesn't support the given collection type.
70 [140042552993472] INFO perfrun.mrte <> - system-wide mode is 0
70 [140042552993472] INFO perfrun.mrte <> - Getting  mrte profiling environment ...
117 [140042552993472] INFO perfrun.mrte <> - INTEL_MRTE_DATA_DIR=/tmp/amplxe-tmp-efsilva/amplxe-res-3549388-36875725579941110/data.0
117 [140042552993472] INFO perfrun.mrte <> - INTEL_MRTE_HOST_NAME=hype5
117 [140042552993472] INFO perfrun.mrte <> - JAVA_TOOL_OPTIONS=-agentlib:amplxe_samplingmrte_javaprof_1.0 -Dsun.boot.library.path=/home/intel/oneapi/vtune/2021.1.1/lib32/runtime:/home/intel/oneapi/vtune/2021.1.1/lib64/runtime
117 [140042552993472] INFO perfrun.mrte <> - CORECLR_ENABLE_PROFILING=1
117 [140042552993472] INFO perfrun.mrte <> - CORECLR_PROFILER={AA5E4821-E3B1-479c-B7FF-5AD047D22CED}
117 [140042552993472] INFO perfrun.mrte <> - CORECLR_PROFILER_PATH=/home/intel/oneapi/vtune/2021.1.1/lib64/libamplxe_samplingmrte_clrprof_1.0.so
117 [140042552993472] INFO perfrun.mrte <> - INTEL_MRTE_PROFILER_MODE=mixed
117 [140042552993472] INFO perfrun.mrte <> - Data directory: /tmp/amplxe-tmp-efsilva/amplxe-res-3549388-36875725579941110/data.0
117 [140042552993472] INFO perfrun.mrte <> - Mrte plugin is initialized
117 [140042552993472] INFO perfrun.launcher <> - plugin [emon] was disabled because it doesn't support the given collection type.
117 [140042552993472] INFO perfrun.launcher <> - plugin [cuscol] was disabled because it doesn't support the given collection type.
117 [140042552993472] INFO perfrun.launcher <> - plugin [stdsrc] was disabled because it doesn't support the given collection type.
117 [140042552993472] INFO perfrun.launcher <> - plugin [sep] was disabled because it doesn't support the given collection type.
117 [140042552993472] INFO perfrun.launcher <> - plugin [vtsspp] was disabled because it doesn't support the given collection type.
117 [140042552993472] INFO perfrun.perfcollector <> - AIO blocks = 0
117 [140042552993472] INFO perfrun.perfcollector <> - compression level = 1
117 [140042552993472] INFO perfrun.perfcollector <> - Perf threads mode = CPU
117 [140042552993472] INFO perfrun.perfcollector <> - No MPI detected-1
117 [140042552993472] WARN perfrun.launcher <> - Messenger::say: To profile kernel modules during the session, make sure they are available in the /lib/modules/kernel_version/ location.
117 [140042552993472] INFO perfrun.sdk <> - runCmd: "/home/intel/oneapi/vtune/2021.1.1/bin64/sep" -dry-run -sam 5 -ec "CPU_CLK_UNHALTED.THREAD:sa=2300000,CPU_CLK_UNHALTED.REF_TSC:sample:sa=2300000,INST_RETIRED.ANY:sample:sa=2300000,CPU_CLK_UNHALTED.REF_XCLK:sa=100003,CPU_CLK_UNHALTED.ONE_THREAD_ACTIVE:sa=100003,CYCLE_ACTIVITY.CYCLES_NO_EXECUTE:sa=2000003,CYCLE_ACTIVITY.STALLS_L1D_PENDING:sa=2000003,CYCLE_ACTIVITY.STALLS_LDM_PENDING:sa=2000003,CYCLE_ACTIVITY.STALLS_L2_PENDING:sa=2000003,IDQ_UOPS_NOT_DELIVERED.CORE:sa=2000003,INT_MISC.RECOVERY_CYCLES:sa=2000003,MEM_LOAD_UOPS_RETIRED.L3_HIT_PS:sa=50003,MEM_LOAD_UOPS_RETIRED.L3_MISS_PS:sa=50003,OFFCORE_REQUESTS_OUTSTANDING.CYCLES_WITH_DATA_RD:sa=2000003,OFFCORE_REQUESTS_OUTSTANDING.ALL_DATA_RD:cmask=6:sa=2000003,RESOURCE_STALLS.SB:sa=2000003,RS_EVENTS.EMPTY_CYCLES:sa=2000003,UOPS_EXECUTED.CORE:cmask=1:sa=2000003,UOPS_EXECUTED.CORE:cmask=2:sa=2000003,UOPS_EXECUTED.CORE:cmask=3:sa=2000003,UOPS_ISSUED.ANY:sa=2000003,UOPS_RETIRED.RETIRE_SLOTS:sa=2000003,IDQ_UOPS_NOT_DELIVERED.CYCLES_0_UOPS_DELIV.CORE:sa=2000003,MEM_UOPS_RETIRED.ALL_LOADS_PS:sa=100003,MEM_UOPS_RETIRED.ALL_STORES_PS:sa=100003,MEM_LOAD_UOPS_L3_MISS_RETIRED.LOCAL_DRAM_PS:sa=100003,MEM_LOAD_UOPS_L3_MISS_RETIRED.REMOTE_DRAM_PS:sa=100003,MEM_LOAD_UOPS_L3_MISS_RETIRED.REMOTE_HITM_PS:sa=100003,MEM_LOAD_UOPS_L3_MISS_RETIRED.REMOTE_FWD_PS:sa=100003,UNC_M_CAS_COUNT.RD,UNC_M_CAS_COUNT.WR" -experimental
142 [140042552993472] INFO perfrun.perfcollector <> - SepDryRun RC = true
142 [140042552993472] INFO perfrun.perfcollector <> - DRY_RUN : "PMU type: Core (core)"
145 [140042552993472] INFO perfrun.perfcollector <> - pmu type : cpu
145 [140042552993472] INFO perfrun.perfcollector <> - DRY_RUN : "Group 0:"
145 [140042552993472] INFO perfrun.perfcollector <> - id : 0
145 [140042552993472] INFO perfrun.perfcollector <> - DRY_RUN : "INST_RETIRED.ANY: event id 2"
145 [140042552993472] INFO perfrun.perfcollector <> - eventName : INST_RETIRED.ANY , eventId : 2
146 [140042552993472] INFO perfrun.perfcollector <> - DRY_RUN : "CPU_CLK_UNHALTED.THREAD: event id 0"
146 [140042552993472] INFO perfrun.perfcollector <> - eventName : CPU_CLK_UNHALTED.THREAD , eventId : 0
146 [140042552993472] INFO perfrun.perfcollector <> - DRY_RUN : "CPU_CLK_UNHALTED.REF_TSC: event id 1"
146 [140042552993472] INFO perfrun.perfcollector <> - eventName : CPU_CLK_UNHALTED.REF_TSC , eventId : 1
146 [140042552993472] INFO perfrun.perfcollector <> - DRY_RUN : "CPU_CLK_UNHALTED.REF_XCLK: event id 4"
146 [140042552993472] INFO perfrun.perfcollector <> - eventName : CPU_CLK_UNHALTED.REF_XCLK , eventId : 4
146 [140042552993472] INFO perfrun.perfcollector <> - DRY_RUN : "CPU_CLK_UNHALTED.ONE_THREAD_ACTIVE: event id 5"
146 [140042552993472] INFO perfrun.perfcollector <> - eventName : CPU_CLK_UNHALTED.ONE_THREAD_ACTIVE , eventId : 5
146 [140042552993472] INFO perfrun.perfcollector <> - DRY_RUN : "CYCLE_ACTIVITY.STALLS_L1D_PENDING: event id 3"
146 [140042552993472] INFO perfrun.perfcollector <> - eventName : CYCLE_ACTIVITY.STALLS_L1D_PENDING , eventId : 3
146 [140042552993472] INFO perfrun.perfcollector <> - DRY_RUN : "CYCLE_ACTIVITY.CYCLES_NO_EXECUTE: event id 6"
146 [140042552993472] INFO perfrun.perfcollector <> - eventName : CYCLE_ACTIVITY.CYCLES_NO_EXECUTE , eventId : 6
146 [140042552993472] INFO perfrun.perfcollector <> - DRY_RUN : "CCCR"
146 [140042552993472] INFO perfrun.perfcollector <> - DRY_RUN : "reg_type       = 1	event_id       = g	reg_id         = 38f	reg_value      = 70000000f"
146 [140042552993472] INFO perfrun.perfcollector <> - eventId : g , ignored
146 [140042552993472] INFO perfrun.perfcollector <> - DRY_RUN : "reg_type       = 1	event_id       = g	reg_id         = 390	reg_value      = 70000000f"
146 [140042552993472] INFO perfrun.perfcollector <> - eventId : g , ignored
146 [140042552993472] INFO perfrun.perfcollector <> - DRY_RUN : "reg_type       = 1	event_id       = g	reg_id         = 3f1	reg_value      = 0"
146 [140042552993472] INFO perfrun.perfcollector <> - eventId : g , ignored
146 [140042552993472] INFO perfrun.perfcollector <> - DRY_RUN : "reg_type       = 1	event_id       = g	reg_id         = 1d9	reg_value      = 1800"
146 [140042552993472] INFO perfrun.perfcollector <> - eventId : g , ignored
146 [140042552993472] INFO perfrun.perfcollector <> - DRY_RUN : "reg_type       = 1	event_id       = g	reg_id         = 38d	reg_value      = bbb"
146 [140042552993472] INFO perfrun.perfcollector <> - eventId : g , ignored
146 [140042552993472] INFO perfrun.perfcollector <> - DRY_RUN : "reg_type       = 1	event_id       = 4	reg_id         = 186	reg_value      = 53013c"
146 [140042552993472] INFO perfrun.perfcollector <> - eventId : 4 , cccrAddr : 186 , cccrVal : 53013c
146 [140042552993472] INFO perfrun.perfcollector <> - DRY_RUN : "reg_type       = 1	event_id       = 5	reg_id         = 187	reg_value      = 53023c"
146 [140042552993472] INFO perfrun.perfcollector <> - eventId : 5 , cccrAddr : 187 , cccrVal : 53023c
146 [140042552993472] INFO perfrun.perfcollector <> - DRY_RUN : "reg_type       = 1	event_id       = 3	reg_id         = 188	reg_value      = c530ca3"
146 [140042552993472] INFO perfrun.perfcollector <> - eventId : 3 , cccrAddr : 188 , cccrVal : c530ca3
146 [140042552993472] INFO perfrun.perfcollector <> - DRY_RUN : "reg_type       = 1	event_id       = 6	reg_id         = 189	reg_value      = 45304a3"
146 [140042552993472] INFO perfrun.perfcollector <> - eventId : 6 , cccrAddr : 189 , cccrVal : 45304a3
146 [140042552993472] INFO perfrun.perfcollector <> - DRY_RUN : "ESCR"
146 [140042552993472] INFO perfrun.perfcollector <> - DRY_RUN : "reg_type       = 2	event_id       = g	reg_id         = 1c8	reg_value      = 0"
146 [140042552993472] INFO perfrun.perfcollector <> - eventId : g , ignored
146 [140042552993472] INFO perfrun.perfcollector <> - DRY_RUN : "DATA"
146 [140042552993472] INFO perfrun.perfcollector <> - DRY_RUN : "reg_type       = 4	event_id       = 2	reg_id         = 309	reg_value      = ffffff508620"
146 [140042552993472] INFO perfrun.perfcollector <> - eventId : 2 , dataAddr : 309 , dataVal : ffffff508620
146 [140042552993472] INFO perfrun.perfcollector <> - DRY_RUN : "reg_type       = 4	event_id       = 0	reg_id         = 30a	reg_value      = ffffff508620"
146 [140042552993472] INFO perfrun.perfcollector <> - eventId : 0 , dataAddr : 30a , dataVal : ffffff508620
146 [140042552993472] INFO perfrun.perfcollector <> - DRY_RUN : "reg_type       = 4	event_id       = 1	reg_id         = 30b	reg_value      = ffffff508620"
146 [140042552993472] INFO perfrun.perfcollector <> - eventId : 1 , dataAddr : 30b , dataVal : ffffff508620
146 [140042552993472] INFO perfrun.perfcollector <> - DRY_RUN : "reg_type       = 4	event_id       = 4	reg_id         = c1	reg_value      = fffffff85ed1"
146 [140042552993472] INFO perfrun.perfcollector <> - eventId : 4 , dataAddr : c1 , dataVal : fffffff85ed1
146 [140042552993472] INFO perfrun.perfcollector <> - DRY_RUN : "reg_type       = 4	event_id       = 5	reg_id         = c2	reg_value      = fffffff85ed1"
146 [140042552993472] INFO perfrun.perfcollector <> - eventId : 5 , dataAddr : c2 , dataVal : fffffff85ed1
146 [140042552993472] INFO perfrun.perfcollector <> - DRY_RUN : "reg_type       = 4	event_id       = 3	reg_id         = c3	reg_value      = ffffff676971"
146 [140042552993472] INFO perfrun.perfcollector <> - eventId : 3 , dataAddr : c3 , dataVal : ffffff676971
146 [140042552993472] INFO perfrun.perfcollector <> - DRY_RUN : "reg_type       = 4	event_id       = 6	reg_id         = c4	reg_value      = ffffff676971"
146 [140042552993472] INFO perfrun.perfcollector <> - eventId : 6 , dataAddr : c4 , dataVal : ffffff676971
146 [140042552993472] INFO perfrun.perfcollector <> - DRY_RUN : "Group 1:"
146 [140042552993472] INFO perfrun.perfcollector <> - id : 1
146 [140042552993472] INFO perfrun.perfcollector <> - DRY_RUN : "INST_RETIRED.ANY: event id 2"
146 [140042552993472] INFO perfrun.perfcollector <> - eventName : INST_RETIRED.ANY , eventId : 2
146 [140042552993472] INFO perfrun.perfcollector <> - DRY_RUN : "CPU_CLK_UNHALTED.THREAD: event id 0"
146 [140042552993472] INFO perfrun.perfcollector <> - eventName : CPU_CLK_UNHALTED.THREAD , eventId : 0
146 [140042552993472] INFO perfrun.perfcollector <> - DRY_RUN : "CPU_CLK_UNHALTED.REF_TSC: event id 1"
146 [140042552993472] INFO perfrun.perfcollector <> - eventName : CPU_CLK_UNHALTED.REF_TSC , eventId : 1
146 [140042552993472] INFO perfrun.perfcollector <> - DRY_RUN : "CYCLE_ACTIVITY.STALLS_LDM_PENDING: event id 7"
146 [140042552993472] INFO perfrun.perfcollector <> - eventName : CYCLE_ACTIVITY.STALLS_LDM_PENDING , eventId : 7
146 [140042552993472] INFO perfrun.perfcollector <> - DRY_RUN : "CYCLE_ACTIVITY.STALLS_L2_PENDING: event id 8"
146 [140042552993472] INFO perfrun.perfcollector <> - eventName : CYCLE_ACTIVITY.STALLS_L2_PENDING , eventId : 8
146 [140042552993472] INFO perfrun.perfcollector <> - DRY_RUN : "IDQ_UOPS_NOT_DELIVERED.CORE: event id 9"
146 [140042552993472] INFO perfrun.perfcollector <> - eventName : IDQ_UOPS_NOT_DELIVERED.CORE , eventId : 9
146 [140042552993472] INFO perfrun.perfcollector <> - DRY_RUN : "INT_MISC.RECOVERY_CYCLES: event id 10"
146 [140042552993472] INFO perfrun.perfcollector <> - eventName : INT_MISC.RECOVERY_CYCLES , eventId : 10
146 [140042552993472] INFO perfrun.perfcollector <> - DRY_RUN : "CCCR"
146 [140042552993472] INFO perfrun.perfcollector <> - DRY_RUN : "reg_type       = 1	event_id       = g	reg_id         = 38f	reg_value      = 70000000f"
146 [140042552993472] INFO perfrun.perfcollector <> - eventId : g , ignored
146 [140042552993472] INFO perfrun.perfcollector <> - DRY_RUN : "reg_type       = 1	event_id       = g	reg_id         = 390	reg_value      = 70000000f"
146 [140042552993472] INFO perfrun.perfcollector <> - eventId : g , ignored
146 [140042552993472] INFO perfrun.perfcollector <> - DRY_RUN : "reg_type       = 1	event_id       = g	reg_id         = 3f1	reg_value      = 0"
146 [140042552993472] INFO perfrun.perfcollector <> - eventId : g , ignored
146 [140042552993472] INFO perfrun.perfcollector <> - DRY_RUN : "reg_type       = 1	event_id       = g	reg_id         = 1d9	reg_value      = 1800"
146 [140042552993472] INFO perfrun.perfcollector <> - eventId : g , ignored
146 [140042552993472] INFO perfrun.perfcollector <> - DRY_RUN : "reg_type       = 1	event_id       = g	reg_id         = 38d	reg_value      = bbb"
146 [140042552993472] INFO perfrun.perfcollector <> - eventId : g , ignored
146 [140042552993472] INFO perfrun.perfcollector <> - DRY_RUN : "reg_type       = 1	event_id       = 7	reg_id         = 186	reg_value      = 65306a3"
146 [140042552993472] INFO perfrun.perfcollector <> - eventId : 7 , cccrAddr : 186 , cccrVal : 65306a3
146 [140042552993472] INFO perfrun.perfcollector <> - DRY_RUN : "reg_type       = 1	event_id       = 8	reg_id         = 187	reg_value      = 55305a3"
146 [140042552993472] INFO perfrun.perfcollector <> - eventId : 8 , cccrAddr : 187 , cccrVal : 55305a3
146 [140042552993472] INFO perfrun.perfcollector <> - DRY_RUN : "reg_type       = 1	event_id       = 9	reg_id         = 188	reg_value      = 53019c"
146 [140042552993472] INFO perfrun.perfcollector <> - eventId : 9 , cccrAddr : 188 , cccrVal : 53019c
146 [140042552993472] INFO perfrun.perfcollector <> - DRY_RUN : "reg_type       = 1	event_id       = 10	reg_id         = 189	reg_value      = 153030d"
146 [140042552993472] INFO perfrun.perfcollector <> - eventId : 10 , cccrAddr : 189 , cccrVal : 153030d
146 [140042552993472] INFO perfrun.perfcollector <> - DRY_RUN : "ESCR"
146 [140042552993472] INFO perfrun.perfcollector <> - DRY_RUN : "reg_type       = 2	event_id       = g	reg_id         = 1c8	reg_value      = 0"
146 [140042552993472] INFO perfrun.perfcollector <> - eventId : g , ignored
146 [140042552993472] INFO perfrun.perfcollector <> - DRY_RUN : "DATA"
146 [140042552993472] INFO perfrun.perfcollector <> - DRY_RUN : "reg_type       = 4	event_id       = 2	reg_id         = 309	reg_value      = ffffff508620"
146 [140042552993472] INFO perfrun.perfcollector <> - eventId : 2 , dataAddr : 309 , dataVal : ffffff508620
146 [140042552993472] INFO perfrun.perfcollector <> - DRY_RUN : "reg_type       = 4	event_id       = 0	reg_id         = 30a	reg_value      = ffffff508620"
146 [140042552993472] INFO perfrun.perfcollector <> - eventId : 0 , dataAddr : 30a , dataVal : ffffff508620
146 [140042552993472] INFO perfrun.perfcollector <> - DRY_RUN : "reg_type       = 4	event_id       = 1	reg_id         = 30b	reg_value      = ffffff508620"
146 [140042552993472] INFO perfrun.perfcollector <> - eventId : 1 , dataAddr : 30b , dataVal : ffffff508620
146 [140042552993472] INFO perfrun.perfcollector <> - DRY_RUN : "reg_type       = 4	event_id       = 7	reg_id         = c1	reg_value      = ffffff676971"
146 [140042552993472] INFO perfrun.perfcollector <> - eventId : 7 , dataAddr : c1 , dataVal : ffffff676971
146 [140042552993472] INFO perfrun.perfcollector <> - DRY_RUN : "reg_type       = 4	event_id       = 8	reg_id         = c2	reg_value      = ffffff676971"
146 [140042552993472] INFO perfrun.perfcollector <> - eventId : 8 , dataAddr : c2 , dataVal : ffffff676971
146 [140042552993472] INFO perfrun.perfcollector <> - DRY_RUN : "reg_type       = 4	event_id       = 9	reg_id         = c3	reg_value      = ffffff676971"
146 [140042552993472] INFO perfrun.perfcollector <> - eventId : 9 , dataAddr : c3 , dataVal : ffffff676971
146 [140042552993472] INFO perfrun.perfcollector <> - DRY_RUN : "reg_type       = 4	event_id       = 10	reg_id         = c4	reg_value      = ffffff676971"
146 [140042552993472] INFO perfrun.perfcollector <> - eventId : 10 , dataAddr : c4 , dataVal : ffffff676971
146 [140042552993472] INFO perfrun.perfcollector <> - DRY_RUN : "Group 2:"
146 [140042552993472] INFO perfrun.perfcollector <> - id : 2
146 [140042552993472] INFO perfrun.perfcollector <> - DRY_RUN : "INST_RETIRED.ANY: event id 2"
146 [140042552993472] INFO perfrun.perfcollector <> - eventName : INST_RETIRED.ANY , eventId : 2
146 [140042552993472] INFO perfrun.perfcollector <> - DRY_RUN : "CPU_CLK_UNHALTED.THREAD: event id 0"
146 [140042552993472] INFO perfrun.perfcollector <> - eventName : CPU_CLK_UNHALTED.THREAD , eventId : 0
146 [140042552993472] INFO perfrun.perfcollector <> - DRY_RUN : "CPU_CLK_UNHALTED.REF_TSC: event id 1"
146 [140042552993472] INFO perfrun.perfcollector <> - eventName : CPU_CLK_UNHALTED.REF_TSC , eventId : 1
146 [140042552993472] INFO perfrun.perfcollector <> - DRY_RUN : "MEM_LOAD_UOPS_RETIRED.L3_HIT_PS: event id 11"
146 [140042552993472] INFO perfrun.perfcollector <> - eventName : MEM_LOAD_UOPS_RETIRED.L3_HIT_PS , eventId : 11
146 [140042552993472] INFO perfrun.perfcollector <> - DRY_RUN : "MEM_LOAD_UOPS_RETIRED.L3_MISS_PS: event id 12"
146 [140042552993472] INFO perfrun.perfcollector <> - eventName : MEM_LOAD_UOPS_RETIRED.L3_MISS_PS , eventId : 12
146 [140042552993472] INFO perfrun.perfcollector <> - DRY_RUN : "OFFCORE_REQUESTS_OUTSTANDING.CYCLES_WITH_DATA_RD: event id 13"
146 [140042552993472] INFO perfrun.perfcollector <> - eventName : OFFCORE_REQUESTS_OUTSTANDING.CYCLES_WITH_DATA_RD , eventId : 13
146 [140042552993472] INFO perfrun.perfcollector <> - DRY_RUN : "OFFCORE_REQUESTS_OUTSTANDING.ALL_DATA_RD:cmask=6: event id 14"
146 [140042552993472] INFO perfrun.perfcollector <> - eventName : OFFCORE_REQUESTS_OUTSTANDING.ALL_DATA_RD:cmask=6 , eventId : 14
146 [140042552993472] INFO perfrun.perfcollector <> - DRY_RUN : "CCCR"
146 [140042552993472] INFO perfrun.perfcollector <> - DRY_RUN : "reg_type       = 1	event_id       = g	reg_id         = 38f	reg_value      = 70000000f"
146 [140042552993472] INFO perfrun.perfcollector <> - eventId : g , ignored
146 [140042552993472] INFO perfrun.perfcollector <> - DRY_RUN : "reg_type       = 1	event_id       = g	reg_id         = 390	reg_value      = 70000000f"
146 [140042552993472] INFO perfrun.perfcollector <> - eventId : g , ignored
146 [140042552993472] INFO perfrun.perfcollector <> - DRY_RUN : "reg_type       = 1	event_id       = g	reg_id         = 3f1	reg_value      = 300000003"
146 [140042552993472] INFO perfrun.perfcollector <> - eventId : g , ignored
146 [140042552993472] INFO perfrun.perfcollector <> - DRY_RUN : "reg_type       = 1	event_id       = g	reg_id         = 1d9	reg_value      = 1800"
146 [140042552993472] INFO perfrun.perfcollector <> - eventId : g , ignored
146 [140042552993472] INFO perfrun.perfcollector <> - DRY_RUN : "reg_type       = 1	event_id       = g	reg_id         = 38d	reg_value      = bbb"
146 [140042552993472] INFO perfrun.perfcollector <> - eventId : g , ignored
146 [140042552993472] INFO perfrun.perfcollector <> - DRY_RUN : "reg_type       = 1	event_id       = 11	reg_id         = 186	reg_value      = 4304d1"
146 [140042552993472] INFO perfrun.perfcollector <> - eventId : 11 , cccrAddr : 186 , cccrVal : 4304d1
146 [140042552993472] INFO perfrun.perfcollector <> - DRY_RUN : "reg_type       = 1	event_id       = 12	reg_id         = 187	reg_value      = 4320d1"
146 [140042552993472] INFO perfrun.perfcollector <> - eventId : 12 , cccrAddr : 187 , cccrVal : 4320d1
146 [140042552993472] INFO perfrun.perfcollector <> - DRY_RUN : "reg_type       = 1	event_id       = 13	reg_id         = 188	reg_value      = 1530860"
146 [140042552993472] INFO perfrun.perfcollector <> - eventId : 13 , cccrAddr : 188 , cccrVal : 1530860
146 [140042552993472] INFO perfrun.perfcollector <> - DRY_RUN : "reg_type       = 1	event_id       = 14	reg_id         = 189	reg_value      = 6530860"
146 [140042552993472] INFO perfrun.perfcollector <> - eventId : 14 , cccrAddr : 189 , cccrVal : 6530860
146 [140042552993472] INFO perfrun.perfcollector <> - DRY_RUN : "ESCR"
146 [140042552993472] INFO perfrun.perfcollector <> - DRY_RUN : "reg_type       = 2	event_id       = g	reg_id         = 1c8	reg_value      = 0"
146 [140042552993472] INFO perfrun.perfcollector <> - eventId : g , ignored
146 [140042552993472] INFO perfrun.perfcollector <> - DRY_RUN : "DATA"
146 [140042552993472] INFO perfrun.perfcollector <> - DRY_RUN : "reg_type       = 4	event_id       = 2	reg_id         = 309	reg_value      = ffffff508620"
146 [140042552993472] INFO perfrun.perfcollector <> - eventId : 2 , dataAddr : 309 , dataVal : ffffff508620
146 [140042552993472] INFO perfrun.perfcollector <> - DRY_RUN : "reg_type       = 4	event_id       = 0	reg_id         = 30a	reg_value      = ffffff508620"
146 [140042552993472] INFO perfrun.perfcollector <> - eventId : 0 , dataAddr : 30a , dataVal : ffffff508620
146 [140042552993472] INFO perfrun.perfcollector <> - DRY_RUN : "reg_type       = 4	event_id       = 1	reg_id         = 30b	reg_value      = ffffff508620"
146 [140042552993472] INFO perfrun.perfcollector <> - eventId : 1 , dataAddr : 30b , dataVal : ffffff508620
146 [140042552993472] INFO perfrun.perfcollector <> - DRY_RUN : "reg_type       = 4	event_id       = 11	reg_id         = c1	reg_value      = fffffffc2f61"
146 [140042552993472] INFO perfrun.perfcollector <> - eventId : 11 , dataAddr : c1 , dataVal : fffffffc2f61
146 [140042552993472] INFO perfrun.perfcollector <> - DRY_RUN : "reg_type       = 4	event_id       = 12	reg_id         = c2	reg_value      = fffffffc2f61"
146 [140042552993472] INFO perfrun.perfcollector <> - eventId : 12 , dataAddr : c2 , dataVal : fffffffc2f61
146 [140042552993472] INFO perfrun.perfcollector <> - DRY_RUN : "reg_type       = 4	event_id       = 13	reg_id         = c3	reg_value      = ffffff676971"
146 [140042552993472] INFO perfrun.perfcollector <> - eventId : 13 , dataAddr : c3 , dataVal : ffffff676971
146 [140042552993472] INFO perfrun.perfcollector <> - DRY_RUN : "reg_type       = 4	event_id       = 14	reg_id         = c4	reg_value      = ffffff676971"
146 [140042552993472] INFO perfrun.perfcollector <> - eventId : 14 , dataAddr : c4 , dataVal : ffffff676971
146 [140042552993472] INFO perfrun.perfcollector <> - DRY_RUN : "Group 3:"
146 [140042552993472] INFO perfrun.perfcollector <> - id : 3
146 [140042552993472] INFO perfrun.perfcollector <> - DRY_RUN : "INST_RETIRED.ANY: event id 2"
146 [140042552993472] INFO perfrun.perfcollector <> - eventName : INST_RETIRED.ANY , eventId : 2
146 [140042552993472] INFO perfrun.perfcollector <> - DRY_RUN : "CPU_CLK_UNHALTED.THREAD: event id 0"
146 [140042552993472] INFO perfrun.perfcollector <> - eventName : CPU_CLK_UNHALTED.THREAD , eventId : 0
146 [140042552993472] INFO perfrun.perfcollector <> - DRY_RUN : "CPU_CLK_UNHALTED.REF_TSC: event id 1"
146 [140042552993472] INFO perfrun.perfcollector <> - eventName : CPU_CLK_UNHALTED.REF_TSC , eventId : 1
146 [140042552993472] INFO perfrun.perfcollector <> - DRY_RUN : "RESOURCE_STALLS.SB: event id 15"
146 [140042552993472] INFO perfrun.perfcollector <> - eventName : RESOURCE_STALLS.SB , eventId : 15
146 [140042552993472] INFO perfrun.perfcollector <> - DRY_RUN : "RS_EVENTS.EMPTY_CYCLES: event id 16"
146 [140042552993472] INFO perfrun.perfcollector <> - eventName : RS_EVENTS.EMPTY_CYCLES , eventId : 16
146 [140042552993472] INFO perfrun.perfcollector <> - DRY_RUN : "UOPS_EXECUTED.CORE:cmask=1: event id 17"
146 [140042552993472] INFO perfrun.perfcollector <> - eventName : UOPS_EXECUTED.CORE:cmask=1 , eventId : 17
146 [140042552993472] INFO perfrun.perfcollector <> - DRY_RUN : "UOPS_EXECUTED.CORE:cmask=2: event id 18"
146 [140042552993472] INFO perfrun.perfcollector <> - eventName : UOPS_EXECUTED.CORE:cmask=2 , eventId : 18
146 [140042552993472] INFO perfrun.perfcollector <> - DRY_RUN : "CCCR"
146 [140042552993472] INFO perfrun.perfcollector <> - DRY_RUN : "reg_type       = 1	event_id       = g	reg_id         = 38f	reg_value      = 70000000f"
146 [140042552993472] INFO perfrun.perfcollector <> - eventId : g , ignored
146 [140042552993472] INFO perfrun.perfcollector <> - DRY_RUN : "reg_type       = 1	event_id       = g	reg_id         = 390	reg_value      = 70000000f"
146 [140042552993472] INFO perfrun.perfcollector <> - eventId : g , ignored
146 [140042552993472] INFO perfrun.perfcollector <> - DRY_RUN : "reg_type       = 1	event_id       = g	reg_id         = 3f1	reg_value      = 0"
146 [140042552993472] INFO perfrun.perfcollector <> - eventId : g , ignored
146 [140042552993472] INFO perfrun.perfcollector <> - DRY_RUN : "reg_type       = 1	event_id       = g	reg_id         = 1d9	reg_value      = 1800"
146 [140042552993472] INFO perfrun.perfcollector <> - eventId : g , ignored
146 [140042552993472] INFO perfrun.perfcollector <> - DRY_RUN : "reg_type       = 1	event_id       = g	reg_id         = 38d	reg_value      = bbb"
146 [140042552993472] INFO perfrun.perfcollector <> - eventId : g , ignored
146 [140042552993472] INFO perfrun.perfcollector <> - DRY_RUN : "reg_type       = 1	event_id       = 15	reg_id         = 186	reg_value      = 5308a2"
146 [140042552993472] INFO perfrun.perfcollector <> - eventId : 15 , cccrAddr : 186 , cccrVal : 5308a2
146 [140042552993472] INFO perfrun.perfcollector <> - DRY_RUN : "reg_type       = 1	event_id       = 16	reg_id         = 187	reg_value      = 53015e"
146 [140042552993472] INFO perfrun.perfcollector <> - eventId : 16 , cccrAddr : 187 , cccrVal : 53015e
146 [140042552993472] INFO perfrun.perfcollector <> - DRY_RUN : "reg_type       = 1	event_id       = 17	reg_id         = 188	reg_value      = 15302b1"
146 [140042552993472] INFO perfrun.perfcollector <> - eventId : 17 , cccrAddr : 188 , cccrVal : 15302b1
146 [140042552993472] INFO perfrun.perfcollector <> - DRY_RUN : "reg_type       = 1	event_id       = 18	reg_id         = 189	reg_value      = 25302b1"
146 [140042552993472] INFO perfrun.perfcollector <> - eventId : 18 , cccrAddr : 189 , cccrVal : 25302b1
146 [140042552993472] INFO perfrun.perfcollector <> - DRY_RUN : "ESCR"
146 [140042552993472] INFO perfrun.perfcollector <> - DRY_RUN : "reg_type       = 2	event_id       = g	reg_id         = 1c8	reg_value      = 0"
146 [140042552993472] INFO perfrun.perfcollector <> - eventId : g , ignored
146 [140042552993472] INFO perfrun.perfcollector <> - DRY_RUN : "DATA"
146 [140042552993472] INFO perfrun.perfcollector <> - DRY_RUN : "reg_type       = 4	event_id       = 2	reg_id         = 309	reg_value      = ffffff508620"
146 [140042552993472] INFO perfrun.perfcollector <> - eventId : 2 , dataAddr : 309 , dataVal : ffffff508620
146 [140042552993472] INFO perfrun.perfcollector <> - DRY_RUN : "reg_type       = 4	event_id       = 0	reg_id         = 30a	reg_value      = ffffff508620"
146 [140042552993472] INFO perfrun.perfcollector <> - eventId : 0 , dataAddr : 30a , dataVal : ffffff508620
146 [140042552993472] INFO perfrun.perfcollector <> - DRY_RUN : "reg_type       = 4	event_id       = 1	reg_id         = 30b	reg_value      = ffffff508620"
146 [140042552993472] INFO perfrun.perfcollector <> - eventId : 1 , dataAddr : 30b , dataVal : ffffff508620
146 [140042552993472] INFO perfrun.perfcollector <> - DRY_RUN : "reg_type       = 4	event_id       = 15	reg_id         = c1	reg_value      = ffffff676971"
146 [140042552993472] INFO perfrun.perfcollector <> - eventId : 15 , dataAddr : c1 , dataVal : ffffff676971
146 [140042552993472] INFO perfrun.perfcollector <> - DRY_RUN : "reg_type       = 4	event_id       = 16	reg_id         = c2	reg_value      = ffffff676971"
146 [140042552993472] INFO perfrun.perfcollector <> - eventId : 16 , dataAddr : c2 , dataVal : ffffff676971
146 [140042552993472] INFO perfrun.perfcollector <> - DRY_RUN : "reg_type       = 4	event_id       = 17	reg_id         = c3	reg_value      = ffffff676971"
146 [140042552993472] INFO perfrun.perfcollector <> - eventId : 17 , dataAddr : c3 , dataVal : ffffff676971
146 [140042552993472] INFO perfrun.perfcollector <> - DRY_RUN : "reg_type       = 4	event_id       = 18	reg_id         = c4	reg_value      = ffffff676971"
146 [140042552993472] INFO perfrun.perfcollector <> - eventId : 18 , dataAddr : c4 , dataVal : ffffff676971
146 [140042552993472] INFO perfrun.perfcollector <> - DRY_RUN : "Group 4:"
146 [140042552993472] INFO perfrun.perfcollector <> - id : 4
146 [140042552993472] INFO perfrun.perfcollector <> - DRY_RUN : "INST_RETIRED.ANY: event id 2"
146 [140042552993472] INFO perfrun.perfcollector <> - eventName : INST_RETIRED.ANY , eventId : 2
146 [140042552993472] INFO perfrun.perfcollector <> - DRY_RUN : "CPU_CLK_UNHALTED.THREAD: event id 0"
146 [140042552993472] INFO perfrun.perfcollector <> - eventName : CPU_CLK_UNHALTED.THREAD , eventId : 0
146 [140042552993472] INFO perfrun.perfcollector <> - DRY_RUN : "CPU_CLK_UNHALTED.REF_TSC: event id 1"
147 [140042552993472] INFO perfrun.perfcollector <> - eventName : CPU_CLK_UNHALTED.REF_TSC , eventId : 1
147 [140042552993472] INFO perfrun.perfcollector <> - DRY_RUN : "UOPS_EXECUTED.CORE:cmask=3: event id 19"
147 [140042552993472] INFO perfrun.perfcollector <> - eventName : UOPS_EXECUTED.CORE:cmask=3 , eventId : 19
147 [140042552993472] INFO perfrun.perfcollector <> - DRY_RUN : "UOPS_ISSUED.ANY: event id 20"
147 [140042552993472] INFO perfrun.perfcollector <> - eventName : UOPS_ISSUED.ANY , eventId : 20
147 [140042552993472] INFO perfrun.perfcollector <> - DRY_RUN : "UOPS_RETIRED.RETIRE_SLOTS: event id 21"
147 [140042552993472] INFO perfrun.perfcollector <> - eventName : UOPS_RETIRED.RETIRE_SLOTS , eventId : 21
147 [140042552993472] INFO perfrun.perfcollector <> - DRY_RUN : "IDQ_UOPS_NOT_DELIVERED.CYCLES_0_UOPS_DELIV.CORE: event id 22"
147 [140042552993472] INFO perfrun.perfcollector <> - eventName : IDQ_UOPS_NOT_DELIVERED.CYCLES_0_UOPS_DELIV.CORE , eventId : 22
147 [140042552993472] INFO perfrun.perfcollector <> - DRY_RUN : "CCCR"
147 [140042552993472] INFO perfrun.perfcollector <> - DRY_RUN : "reg_type       = 1	event_id       = g	reg_id         = 38f	reg_value      = 70000000f"
147 [140042552993472] INFO perfrun.perfcollector <> - eventId : g , ignored
147 [140042552993472] INFO perfrun.perfcollector <> - DRY_RUN : "reg_type       = 1	event_id       = g	reg_id         = 390	reg_value      = 70000000f"
147 [140042552993472] INFO perfrun.perfcollector <> - eventId : g , ignored
147 [140042552993472] INFO perfrun.perfcollector <> - DRY_RUN : "reg_type       = 1	event_id       = g	reg_id         = 3f1	reg_value      = 0"
147 [140042552993472] INFO perfrun.perfcollector <> - eventId : g , ignored
147 [140042552993472] INFO perfrun.perfcollector <> - DRY_RUN : "reg_type       = 1	event_id       = g	reg_id         = 1d9	reg_value      = 1800"
147 [140042552993472] INFO perfrun.perfcollector <> - eventId : g , ignored
147 [140042552993472] INFO perfrun.perfcollector <> - DRY_RUN : "reg_type       = 1	event_id       = g	reg_id         = 38d	reg_value      = bbb"
147 [140042552993472] INFO perfrun.perfcollector <> - eventId : g , ignored
147 [140042552993472] INFO perfrun.perfcollector <> - DRY_RUN : "reg_type       = 1	event_id       = 19	reg_id         = 186	reg_value      = 35302b1"
147 [140042552993472] INFO perfrun.perfcollector <> - eventId : 19 , cccrAddr : 186 , cccrVal : 35302b1
147 [140042552993472] INFO perfrun.perfcollector <> - DRY_RUN : "reg_type       = 1	event_id       = 20	reg_id         = 187	reg_value      = 53010e"
147 [140042552993472] INFO perfrun.perfcollector <> - eventId : 20 , cccrAddr : 187 , cccrVal : 53010e
147 [140042552993472] INFO perfrun.perfcollector <> - DRY_RUN : "reg_type       = 1	event_id       = 21	reg_id         = 188	reg_value      = 5302c2"
147 [140042552993472] INFO perfrun.perfcollector <> - eventId : 21 , cccrAddr : 188 , cccrVal : 5302c2
147 [140042552993472] INFO perfrun.perfcollector <> - DRY_RUN : "reg_type       = 1	event_id       = 22	reg_id         = 189	reg_value      = 453019c"
147 [140042552993472] INFO perfrun.perfcollector <> - eventId : 22 , cccrAddr : 189 , cccrVal : 453019c
147 [140042552993472] INFO perfrun.perfcollector <> - DRY_RUN : "ESCR"
147 [140042552993472] INFO perfrun.perfcollector <> - DRY_RUN : "reg_type       = 2	event_id       = g	reg_id         = 1c8	reg_value      = 0"
147 [140042552993472] INFO perfrun.perfcollector <> - eventId : g , ignored
147 [140042552993472] INFO perfrun.perfcollector <> - DRY_RUN : "DATA"
147 [140042552993472] INFO perfrun.perfcollector <> - DRY_RUN : "reg_type       = 4	event_id       = 2	reg_id         = 309	reg_value      = ffffff508620"
147 [140042552993472] INFO perfrun.perfcollector <> - eventId : 2 , dataAddr : 309 , dataVal : ffffff508620
147 [140042552993472] INFO perfrun.perfcollector <> - DRY_RUN : "reg_type       = 4	event_id       = 0	reg_id         = 30a	reg_value      = ffffff508620"
147 [140042552993472] INFO perfrun.perfcollector <> - eventId : 0 , dataAddr : 30a , dataVal : ffffff508620
147 [140042552993472] INFO perfrun.perfcollector <> - DRY_RUN : "reg_type       = 4	event_id       = 1	reg_id         = 30b	reg_value      = ffffff508620"
147 [140042552993472] INFO perfrun.perfcollector <> - eventId : 1 , dataAddr : 30b , dataVal : ffffff508620
147 [140042552993472] INFO perfrun.perfcollector <> - DRY_RUN : "reg_type       = 4	event_id       = 19	reg_id         = c1	reg_value      = ffffff676971"
147 [140042552993472] INFO perfrun.perfcollector <> - eventId : 19 , dataAddr : c1 , dataVal : ffffff676971
147 [140042552993472] INFO perfrun.perfcollector <> - DRY_RUN : "reg_type       = 4	event_id       = 20	reg_id         = c2	reg_value      = ffffff676971"
147 [140042552993472] INFO perfrun.perfcollector <> - eventId : 20 , dataAddr : c2 , dataVal : ffffff676971
147 [140042552993472] INFO perfrun.perfcollector <> - DRY_RUN : "reg_type       = 4	event_id       = 21	reg_id         = c3	reg_value      = ffffff676971"
147 [140042552993472] INFO perfrun.perfcollector <> - eventId : 21 , dataAddr : c3 , dataVal : ffffff676971
147 [140042552993472] INFO perfrun.perfcollector <> - DRY_RUN : "reg_type       = 4	event_id       = 22	reg_id         = c4	reg_value      = ffffff676971"
147 [140042552993472] INFO perfrun.perfcollector <> - eventId : 22 , dataAddr : c4 , dataVal : ffffff676971
147 [140042552993472] INFO perfrun.perfcollector <> - DRY_RUN : "Group 5:"
147 [140042552993472] INFO perfrun.perfcollector <> - id : 5
147 [140042552993472] INFO perfrun.perfcollector <> - DRY_RUN : "INST_RETIRED.ANY: event id 2"
147 [140042552993472] INFO perfrun.perfcollector <> - eventName : INST_RETIRED.ANY , eventId : 2
147 [140042552993472] INFO perfrun.perfcollector <> - DRY_RUN : "CPU_CLK_UNHALTED.THREAD: event id 0"
147 [140042552993472] INFO perfrun.perfcollector <> - eventName : CPU_CLK_UNHALTED.THREAD , eventId : 0
147 [140042552993472] INFO perfrun.perfcollector <> - DRY_RUN : "CPU_CLK_UNHALTED.REF_TSC: event id 1"
147 [140042552993472] INFO perfrun.perfcollector <> - eventName : CPU_CLK_UNHALTED.REF_TSC , eventId : 1
147 [140042552993472] INFO perfrun.perfcollector <> - DRY_RUN : "MEM_UOPS_RETIRED.ALL_LOADS_PS: event id 23"
147 [140042552993472] INFO perfrun.perfcollector <> - eventName : MEM_UOPS_RETIRED.ALL_LOADS_PS , eventId : 23
147 [140042552993472] INFO perfrun.perfcollector <> - DRY_RUN : "MEM_UOPS_RETIRED.ALL_STORES_PS: event id 24"
147 [140042552993472] INFO perfrun.perfcollector <> - eventName : MEM_UOPS_RETIRED.ALL_STORES_PS , eventId : 24
147 [140042552993472] INFO perfrun.perfcollector <> - DRY_RUN : "MEM_LOAD_UOPS_L3_MISS_RETIRED.LOCAL_DRAM_PS: event id 25"
147 [140042552993472] INFO perfrun.perfcollector <> - eventName : MEM_LOAD_UOPS_L3_MISS_RETIRED.LOCAL_DRAM_PS , eventId : 25
147 [140042552993472] INFO perfrun.perfcollector <> - DRY_RUN : "MEM_LOAD_UOPS_L3_MISS_RETIRED.REMOTE_DRAM_PS: event id 26"
147 [140042552993472] INFO perfrun.perfcollector <> - eventName : MEM_LOAD_UOPS_L3_MISS_RETIRED.REMOTE_DRAM_PS , eventId : 26
147 [140042552993472] INFO perfrun.perfcollector <> - DRY_RUN : "CCCR"
147 [140042552993472] INFO perfrun.perfcollector <> - DRY_RUN : "reg_type       = 1	event_id       = g	reg_id         = 38f	reg_value      = 70000000f"
147 [140042552993472] INFO perfrun.perfcollector <> - eventId : g , ignored
147 [140042552993472] INFO perfrun.perfcollector <> - DRY_RUN : "reg_type       = 1	event_id       = g	reg_id         = 390	reg_value      = 70000000f"
147 [140042552993472] INFO perfrun.perfcollector <> - eventId : g , ignored
147 [140042552993472] INFO perfrun.perfcollector <> - DRY_RUN : "reg_type       = 1	event_id       = g	reg_id         = 3f1	reg_value      = f0000000f"
147 [140042552993472] INFO perfrun.perfcollector <> - eventId : g , ignored
147 [140042552993472] INFO perfrun.perfcollector <> - DRY_RUN : "reg_type       = 1	event_id       = g	reg_id         = 1d9	reg_value      = 1800"
147 [140042552993472] INFO perfrun.perfcollector <> - eventId : g , ignored
147 [140042552993472] INFO perfrun.perfcollector <> - DRY_RUN : "reg_type       = 1	event_id       = g	reg_id         = 38d	reg_value      = bbb"
147 [140042552993472] INFO perfrun.perfcollector <> - eventId : g , ignored
147 [140042552993472] INFO perfrun.perfcollector <> - DRY_RUN : "reg_type       = 1	event_id       = 23	reg_id         = 186	reg_value      = 4381d0"
147 [140042552993472] INFO perfrun.perfcollector <> - eventId : 23 , cccrAddr : 186 , cccrVal : 4381d0
147 [140042552993472] INFO perfrun.perfcollector <> - DRY_RUN : "reg_type       = 1	event_id       = 24	reg_id         = 187	reg_value      = 4382d0"
147 [140042552993472] INFO perfrun.perfcollector <> - eventId : 24 , cccrAddr : 187 , cccrVal : 4382d0
147 [140042552993472] INFO perfrun.perfcollector <> - DRY_RUN : "reg_type       = 1	event_id       = 25	reg_id         = 188	reg_value      = 4301d3"
147 [140042552993472] INFO perfrun.perfcollector <> - eventId : 25 , cccrAddr : 188 , cccrVal : 4301d3
147 [140042552993472] INFO perfrun.perfcollector <> - DRY_RUN : "reg_type       = 1	event_id       = 26	reg_id         = 189	reg_value      = 4304d3"
147 [140042552993472] INFO perfrun.perfcollector <> - eventId : 26 , cccrAddr : 189 , cccrVal : 4304d3
147 [140042552993472] INFO perfrun.perfcollector <> - DRY_RUN : "ESCR"
147 [140042552993472] INFO perfrun.perfcollector <> - DRY_RUN : "reg_type       = 2	event_id       = g	reg_id         = 1c8	reg_value      = 0"
147 [140042552993472] INFO perfrun.perfcollector <> - eventId : g , ignored
147 [140042552993472] INFO perfrun.perfcollector <> - DRY_RUN : "DATA"
147 [140042552993472] INFO perfrun.perfcollector <> - DRY_RUN : "reg_type       = 4	event_id       = 2	reg_id         = 309	reg_value      = ffffff508620"
147 [140042552993472] INFO perfrun.perfcollector <> - eventId : 2 , dataAddr : 309 , dataVal : ffffff508620
147 [140042552993472] INFO perfrun.perfcollector <> - DRY_RUN : "reg_type       = 4	event_id       = 0	reg_id         = 30a	reg_value      = ffffff508620"
147 [140042552993472] INFO perfrun.perfcollector <> - eventId : 0 , dataAddr : 30a , dataVal : ffffff508620
147 [140042552993472] INFO perfrun.perfcollector <> - DRY_RUN : "reg_type       = 4	event_id       = 1	reg_id         = 30b	reg_value      = ffffff508620"
147 [140042552993472] INFO perfrun.perfcollector <> - eventId : 1 , dataAddr : 30b , dataVal : ffffff508620
147 [140042552993472] INFO perfrun.perfcollector <> - DRY_RUN : "reg_type       = 4	event_id       = 23	reg_id         = c1	reg_value      = fffffff85ed1"
147 [140042552993472] INFO perfrun.perfcollector <> - eventId : 23 , dataAddr : c1 , dataVal : fffffff85ed1
147 [140042552993472] INFO perfrun.perfcollector <> - DRY_RUN : "reg_type       = 4	event_id       = 24	reg_id         = c2	reg_value      = fffffff85ed1"
147 [140042552993472] INFO perfrun.perfcollector <> - eventId : 24 , dataAddr : c2 , dataVal : fffffff85ed1
147 [140042552993472] INFO perfrun.perfcollector <> - DRY_RUN : "reg_type       = 4	event_id       = 25	reg_id         = c3	reg_value      = fffffff85ed1"
147 [140042552993472] INFO perfrun.perfcollector <> - eventId : 25 , dataAddr : c3 , dataVal : fffffff85ed1
147 [140042552993472] INFO perfrun.perfcollector <> - DRY_RUN : "reg_type       = 4	event_id       = 26	reg_id         = c4	reg_value      = fffffff85ed1"
147 [140042552993472] INFO perfrun.perfcollector <> - eventId : 26 , dataAddr : c4 , dataVal : fffffff85ed1
147 [140042552993472] INFO perfrun.perfcollector <> - DRY_RUN : "Group 6:"
147 [140042552993472] INFO perfrun.perfcollector <> - id : 6
147 [140042552993472] INFO perfrun.perfcollector <> - DRY_RUN : "INST_RETIRED.ANY: event id 2"
147 [140042552993472] INFO perfrun.perfcollector <> - eventName : INST_RETIRED.ANY , eventId : 2
147 [140042552993472] INFO perfrun.perfcollector <> - DRY_RUN : "CPU_CLK_UNHALTED.THREAD: event id 0"
147 [140042552993472] INFO perfrun.perfcollector <> - eventName : CPU_CLK_UNHALTED.THREAD , eventId : 0
147 [140042552993472] INFO perfrun.perfcollector <> - DRY_RUN : "CPU_CLK_UNHALTED.REF_TSC: event id 1"
147 [140042552993472] INFO perfrun.perfcollector <> - eventName : CPU_CLK_UNHALTED.REF_TSC , eventId : 1
147 [140042552993472] INFO perfrun.perfcollector <> - DRY_RUN : "MEM_LOAD_UOPS_L3_MISS_RETIRED.REMOTE_HITM_PS: event id 27"
147 [140042552993472] INFO perfrun.perfcollector <> - eventName : MEM_LOAD_UOPS_L3_MISS_RETIRED.REMOTE_HITM_PS , eventId : 27
147 [140042552993472] INFO perfrun.perfcollector <> - DRY_RUN : "MEM_LOAD_UOPS_L3_MISS_RETIRED.REMOTE_FWD_PS: event id 28"
147 [140042552993472] INFO perfrun.perfcollector <> - eventName : MEM_LOAD_UOPS_L3_MISS_RETIRED.REMOTE_FWD_PS , eventId : 28
147 [140042552993472] INFO perfrun.perfcollector <> - DRY_RUN : "CCCR"
147 [140042552993472] INFO perfrun.perfcollector <> - DRY_RUN : "reg_type       = 1	event_id       = g	reg_id         = 38f	reg_value      = 700000003"
147 [140042552993472] INFO perfrun.perfcollector <> - eventId : g , ignored
147 [140042552993472] INFO perfrun.perfcollector <> - DRY_RUN : "reg_type       = 1	event_id       = g	reg_id         = 390	reg_value      = 700000003"
147 [140042552993472] INFO perfrun.perfcollector <> - eventId : g , ignored
147 [140042552993472] INFO perfrun.perfcollector <> - DRY_RUN : "reg_type       = 1	event_id       = g	reg_id         = 3f1	reg_value      = 300000003"
147 [140042552993472] INFO perfrun.perfcollector <> - eventId : g , ignored
147 [140042552993472] INFO perfrun.perfcollector <> - DRY_RUN : "reg_type       = 1	event_id       = g	reg_id         = 1d9	reg_value      = 1800"
147 [140042552993472] INFO perfrun.perfcollector <> - eventId : g , ignored
147 [140042552993472] INFO perfrun.perfcollector <> - DRY_RUN : "reg_type       = 1	event_id       = g	reg_id         = 38d	reg_value      = bbb"
147 [140042552993472] INFO perfrun.perfcollector <> - eventId : g , ignored
147 [140042552993472] INFO perfrun.perfcollector <> - DRY_RUN : "reg_type       = 1	event_id       = 27	reg_id         = 186	reg_value      = 4310d3"
147 [140042552993472] INFO perfrun.perfcollector <> - eventId : 27 , cccrAddr : 186 , cccrVal : 4310d3
147 [140042552993472] INFO perfrun.perfcollector <> - DRY_RUN : "reg_type       = 1	event_id       = 28	reg_id         = 187	reg_value      = 4320d3"
147 [140042552993472] INFO perfrun.perfcollector <> - eventId : 28 , cccrAddr : 187 , cccrVal : 4320d3
147 [140042552993472] INFO perfrun.perfcollector <> - DRY_RUN : "ESCR"
147 [140042552993472] INFO perfrun.perfcollector <> - DRY_RUN : "reg_type       = 2	event_id       = g	reg_id         = 1c8	reg_value      = 0"
147 [140042552993472] INFO perfrun.perfcollector <> - eventId : g , ignored
147 [140042552993472] INFO perfrun.perfcollector <> - DRY_RUN : "DATA"
147 [140042552993472] INFO perfrun.perfcollector <> - DRY_RUN : "reg_type       = 4	event_id       = 2	reg_id         = 309	reg_value      = ffffff508620"
147 [140042552993472] INFO perfrun.perfcollector <> - eventId : 2 , dataAddr : 309 , dataVal : ffffff508620
147 [140042552993472] INFO perfrun.perfcollector <> - DRY_RUN : "reg_type       = 4	event_id       = 0	reg_id         = 30a	reg_value      = ffffff508620"
147 [140042552993472] INFO perfrun.perfcollector <> - eventId : 0 , dataAddr : 30a , dataVal : ffffff508620
147 [140042552993472] INFO perfrun.perfcollector <> - DRY_RUN : "reg_type       = 4	event_id       = 1	reg_id         = 30b	reg_value      = ffffff508620"
147 [140042552993472] INFO perfrun.perfcollector <> - eventId : 1 , dataAddr : 30b , dataVal : ffffff508620
147 [140042552993472] INFO perfrun.perfcollector <> - DRY_RUN : "reg_type       = 4	event_id       = 27	reg_id         = c1	reg_value      = fffffff85ed1"
147 [140042552993472] INFO perfrun.perfcollector <> - eventId : 27 , dataAddr : c1 , dataVal : fffffff85ed1
147 [140042552993472] INFO perfrun.perfcollector <> - DRY_RUN : "reg_type       = 4	event_id       = 28	reg_id         = c2	reg_value      = fffffff85ed1"
147 [140042552993472] INFO perfrun.perfcollector <> - eventId : 28 , dataAddr : c2 , dataVal : fffffff85ed1
147 [140042552993472] INFO perfrun.perfcollector <> - DRY_RUN : "PMU type: Uncore (imc)"
154 [140042552993472] INFO perfrun.perfcollector <> - pmu type : uncore_imc
154 [140042552993472] INFO perfrun.perfcollector <> - DRY_RUN : "Number of units: 8"
154 [140042552993472] INFO perfrun.perfcollector <> - id : 8
154 [140042552993472] INFO perfrun.perfcollector <> - DRY_RUN : "Group 0:"
154 [140042552993472] INFO perfrun.perfcollector <> - id : 0
154 [140042552993472] INFO perfrun.perfcollector <> - DRY_RUN : "UNC_M_CAS_COUNT.RD: event id 29"
154 [140042552993472] INFO perfrun.perfcollector <> - eventName : UNC_M_CAS_COUNT.RD , eventId : 29
154 [140042552993472] INFO perfrun.perfcollector <> - DRY_RUN : "UNC_M_CAS_COUNT.WR: event id 30"
154 [140042552993472] INFO perfrun.perfcollector <> - eventName : UNC_M_CAS_COUNT.WR , eventId : 30
154 [140042552993472] INFO perfrun.perfcollector <> - DRY_RUN : "CCCR"
154 [140042552993472] INFO perfrun.perfcollector <> - DRY_RUN : "idx = 0	reg_type       = 1	event_id = 30	reg_id         = 700	reg_value      = 80000000	bar_index      = 0"
154 [140042552993472] INFO perfrun.perfcollector <> - eventId : 30 , cccrAddr : 700 , cccrVal : 80000000
154 [140042552993472] INFO perfrun.perfcollector <> - DRY_RUN : "idx = 2	reg_type       = 5	event_id = 29	reg_id         = d8	reg_value      = 400304	bar_index      = 0"
154 [140042552993472] INFO perfrun.perfcollector <> - eventId : 29 , cccrAddr : d8 , cccrVal : 400304
154 [140042552993472] INFO perfrun.perfcollector <> - DRY_RUN : "idx = 3	reg_type       = 5	event_id = 30	reg_id         = dc	reg_value      = 400c04	bar_index      = 0"
154 [140042552993472] INFO perfrun.perfcollector <> - eventId : 30 , cccrAddr : dc , cccrVal : 400c04
154 [140042552993472] INFO perfrun.perfcollector <> - DRY_RUN : "idx = 6	reg_type       = 2	event_id = g	reg_id         = f4	reg_value      = 0	bar_index      = 0"
154 [140042552993472] INFO perfrun.perfcollector <> - eventId : g , ignored
154 [140042552993472] INFO perfrun.perfcollector <> - DRY_RUN : "idx = 8	reg_type       = 5	event_id = 29	reg_id         = d8	reg_value      = 400304	bar_index      = 0"
154 [140042552993472] INFO perfrun.perfcollector <> - eventId : 29 , cccrAddr : d8 , cccrVal : 400304
154 [140042552993472] INFO perfrun.perfcollector <> - DRY_RUN : "idx = 9	reg_type       = 5	event_id = 30	reg_id         = dc	reg_value      = 400c04	bar_index      = 0"
154 [140042552993472] INFO perfrun.perfcollector <> - eventId : 30 , cccrAddr : dc , cccrVal : 400c04
154 [140042552993472] INFO perfrun.perfcollector <> - DRY_RUN : "idx = 12	reg_type       = 2	event_id = g	reg_id         = f4	reg_value      = 0	bar_index      = 0"
154 [140042552993472] INFO perfrun.perfcollector <> - eventId : g , ignored
154 [140042552993472] INFO perfrun.perfcollector <> - DRY_RUN : "idx = 14	reg_type       = 5	event_id = 29	reg_id         = d8	reg_value      = 400304	bar_index      = 0"
154 [140042552993472] INFO perfrun.perfcollector <> - eventId : 29 , cccrAddr : d8 , cccrVal : 400304
154 [140042552993472] INFO perfrun.perfcollector <> - DRY_RUN : "idx = 15	reg_type       = 5	event_id = 30	reg_id         = dc	reg_value      = 400c04	bar_index      = 0"
154 [140042552993472] INFO perfrun.perfcollector <> - eventId : 30 , cccrAddr : dc , cccrVal : 400c04
154 [140042552993472] INFO perfrun.perfcollector <> - DRY_RUN : "idx = 18	reg_type       = 2	event_id = g	reg_id         = f4	reg_value      = 0	bar_index      = 0"
154 [140042552993472] INFO perfrun.perfcollector <> - eventId : g , ignored
154 [140042552993472] INFO perfrun.perfcollector <> - DRY_RUN : "idx = 20	reg_type       = 5	event_id = 29	reg_id         = d8	reg_value      = 400304	bar_index      = 0"
155 [140042552993472] INFO perfrun.perfcollector <> - eventId : 29 , cccrAddr : d8 , cccrVal : 400304
155 [140042552993472] INFO perfrun.perfcollector <> - DRY_RUN : "idx = 21	reg_type       = 5	event_id = 30	reg_id         = dc	reg_value      = 400c04	bar_index      = 0"
155 [140042552993472] INFO perfrun.perfcollector <> - eventId : 30 , cccrAddr : dc , cccrVal : 400c04
155 [140042552993472] INFO perfrun.perfcollector <> - DRY_RUN : "idx = 24	reg_type       = 2	event_id = g	reg_id         = f4	reg_value      = 0	bar_index      = 0"
155 [140042552993472] INFO perfrun.perfcollector <> - eventId : g , ignored
155 [140042552993472] INFO perfrun.perfcollector <> - DRY_RUN : "idx = 26	reg_type       = 5	event_id = 29	reg_id         = d8	reg_value      = 400304	bar_index      = 0"
155 [140042552993472] INFO perfrun.perfcollector <> - eventId : 29 , cccrAddr : d8 , cccrVal : 400304
155 [140042552993472] INFO perfrun.perfcollector <> - DRY_RUN : "idx = 27	reg_type       = 5	event_id = 30	reg_id         = dc	reg_value      = 400c04	bar_index      = 0"
155 [140042552993472] INFO perfrun.perfcollector <> - eventId : 30 , cccrAddr : dc , cccrVal : 400c04
155 [140042552993472] INFO perfrun.perfcollector <> - DRY_RUN : "idx = 30	reg_type       = 2	event_id = g	reg_id         = f4	reg_value      = 0	bar_index      = 0"
155 [140042552993472] INFO perfrun.perfcollector <> - eventId : g , ignored
155 [140042552993472] INFO perfrun.perfcollector <> - DRY_RUN : "idx = 32	reg_type       = 5	event_id = 29	reg_id         = d8	reg_value      = 400304	bar_index      = 0"
155 [140042552993472] INFO perfrun.perfcollector <> - eventId : 29 , cccrAddr : d8 , cccrVal : 400304
155 [140042552993472] INFO perfrun.perfcollector <> - DRY_RUN : "idx = 33	reg_type       = 5	event_id = 30	reg_id         = dc	reg_value      = 400c04	bar_index      = 0"
155 [140042552993472] INFO perfrun.perfcollector <> - eventId : 30 , cccrAddr : dc , cccrVal : 400c04
155 [140042552993472] INFO perfrun.perfcollector <> - DRY_RUN : "idx = 36	reg_type       = 2	event_id = g	reg_id         = f4	reg_value      = 0	bar_index      = 0"
155 [140042552993472] INFO perfrun.perfcollector <> - eventId : g , ignored
155 [140042552993472] INFO perfrun.perfcollector <> - DRY_RUN : "idx = 38	reg_type       = 5	event_id = 29	reg_id         = d8	reg_value      = 400304	bar_index      = 0"
155 [140042552993472] INFO perfrun.perfcollector <> - eventId : 29 , cccrAddr : d8 , cccrVal : 400304
155 [140042552993472] INFO perfrun.perfcollector <> - DRY_RUN : "idx = 39	reg_type       = 5	event_id = 30	reg_id         = dc	reg_value      = 400c04	bar_index      = 0"
155 [140042552993472] INFO perfrun.perfcollector <> - eventId : 30 , cccrAddr : dc , cccrVal : 400c04
155 [140042552993472] INFO perfrun.perfcollector <> - DRY_RUN : "idx = 42	reg_type       = 2	event_id = g	reg_id         = f4	reg_value      = 0	bar_index      = 0"
155 [140042552993472] INFO perfrun.perfcollector <> - eventId : g , ignored
155 [140042552993472] INFO perfrun.perfcollector <> - DRY_RUN : "idx = 44	reg_type       = 5	event_id = 29	reg_id         = d8	reg_value      = 400304	bar_index      = 0"
155 [140042552993472] INFO perfrun.perfcollector <> - eventId : 29 , cccrAddr : d8 , cccrVal : 400304
155 [140042552993472] INFO perfrun.perfcollector <> - DRY_RUN : "idx = 45	reg_type       = 5	event_id = 30	reg_id         = dc	reg_value      = 400c04	bar_index      = 0"
155 [140042552993472] INFO perfrun.perfcollector <> - eventId : 30 , cccrAddr : dc , cccrVal : 400c04
155 [140042552993472] INFO perfrun.perfcollector <> - DRY_RUN : "idx = 48	reg_type       = 2	event_id = g	reg_id         = f4	reg_value      = 0	bar_index      = 0"
155 [140042552993472] INFO perfrun.perfcollector <> - eventId : g , ignored
155 [140042552993472] INFO perfrun.perfcollector <> - DRY_RUN : "ESCR"
155 [140042552993472] INFO perfrun.perfcollector <> - DRY_RUN : "DATA"
155 [140042552993472] INFO perfrun.perfcollector <> - DRY_RUN : "idx = 50	reg_type       = 4	event_id       = 29	reg_id         = a0	reg_value      = 0	pci reg_id  offset    = 0xa0	pci reg id  data_size = 0	bar_index      = 0"
155 [140042552993472] INFO perfrun.perfcollector <> - eventId : 29 , dataAddr : a0 , dataVal : 0
155 [140042552993472] INFO perfrun.perfcollector <> - DRY_RUN : "idx = 51	reg_type       = 4	event_id       = 30	reg_id         = a8	reg_value      = 0	pci reg_id  offset    = 0xa8	pci reg id  data_size = 0	bar_index      = 0"
155 [140042552993472] INFO perfrun.perfcollector <> - eventId : 30 , dataAddr : a8 , dataVal : 0
155 [140042552993472] INFO perfrun.perfcollector <> - DRY_RUN : "idx = 55	reg_type       = 4	event_id       = 29	reg_id         = a0	reg_value      = 0	pci reg_id  offset    = 0xa0	pci reg id  data_size = 0	bar_index      = 0"
155 [140042552993472] INFO perfrun.perfcollector <> - eventId : 29 , dataAddr : a0 , dataVal : 0
155 [140042552993472] INFO perfrun.perfcollector <> - DRY_RUN : "idx = 56	reg_type       = 4	event_id       = 30	reg_id         = a8	reg_value      = 0	pci reg_id  offset    = 0xa8	pci reg id  data_size = 0	bar_index      = 0"
155 [140042552993472] INFO perfrun.perfcollector <> - eventId : 30 , dataAddr : a8 , dataVal : 0
155 [140042552993472] INFO perfrun.perfcollector <> - DRY_RUN : "idx = 60	reg_type       = 4	event_id       = 29	reg_id         = a0	reg_value      = 0	pci reg_id  offset    = 0xa0	pci reg id  data_size = 0	bar_index      = 0"
155 [140042552993472] INFO perfrun.perfcollector <> - eventId : 29 , dataAddr : a0 , dataVal : 0
155 [140042552993472] INFO perfrun.perfcollector <> - DRY_RUN : "idx = 61	reg_type       = 4	event_id       = 30	reg_id         = a8	reg_value      = 0	pci reg_id  offset    = 0xa8	pci reg id  data_size = 0	bar_index      = 0"
155 [140042552993472] INFO perfrun.perfcollector <> - eventId : 30 , dataAddr : a8 , dataVal : 0
155 [140042552993472] INFO perfrun.perfcollector <> - DRY_RUN : "idx = 65	reg_type       = 4	event_id       = 29	reg_id         = a0	reg_value      = 0	pci reg_id  offset    = 0xa0	pci reg id  data_size = 0	bar_index      = 0"
155 [140042552993472] INFO perfrun.perfcollector <> - eventId : 29 , dataAddr : a0 , dataVal : 0
155 [140042552993472] INFO perfrun.perfcollector <> - DRY_RUN : "idx = 66	reg_type       = 4	event_id       = 30	reg_id         = a8	reg_value      = 0	pci reg_id  offset    = 0xa8	pci reg id  data_size = 0	bar_index      = 0"
155 [140042552993472] INFO perfrun.perfcollector <> - eventId : 30 , dataAddr : a8 , dataVal : 0
155 [140042552993472] INFO perfrun.perfcollector <> - DRY_RUN : "idx = 70	reg_type       = 4	event_id       = 29	reg_id         = a0	reg_value      = 0	pci reg_id  offset    = 0xa0	pci reg id  data_size = 0	bar_index      = 0"
155 [140042552993472] INFO perfrun.perfcollector <> - eventId : 29 , dataAddr : a0 , dataVal : 0
155 [140042552993472] INFO perfrun.perfcollector <> - DRY_RUN : "idx = 71	reg_type       = 4	event_id       = 30	reg_id         = a8	reg_value      = 0	pci reg_id  offset    = 0xa8	pci reg id  data_size = 0	bar_index      = 0"
155 [140042552993472] INFO perfrun.perfcollector <> - eventId : 30 , dataAddr : a8 , dataVal : 0
155 [140042552993472] INFO perfrun.perfcollector <> - DRY_RUN : "idx = 75	reg_type       = 4	event_id       = 29	reg_id         = a0	reg_value      = 0	pci reg_id  offset    = 0xa0	pci reg id  data_size = 0	bar_index      = 0"
155 [140042552993472] INFO perfrun.perfcollector <> - eventId : 29 , dataAddr : a0 , dataVal : 0
155 [140042552993472] INFO perfrun.perfcollector <> - DRY_RUN : "idx = 76	reg_type       = 4	event_id       = 30	reg_id         = a8	reg_value      = 0	pci reg_id  offset    = 0xa8	pci reg id  data_size = 0	bar_index      = 0"
155 [140042552993472] INFO perfrun.perfcollector <> - eventId : 30 , dataAddr : a8 , dataVal : 0
155 [140042552993472] INFO perfrun.perfcollector <> - DRY_RUN : "idx = 80	reg_type       = 4	event_id       = 29	reg_id         = a0	reg_value      = 0	pci reg_id  offset    = 0xa0	pci reg id  data_size = 0	bar_index      = 0"
155 [140042552993472] INFO perfrun.perfcollector <> - eventId : 29 , dataAddr : a0 , dataVal : 0
155 [140042552993472] INFO perfrun.perfcollector <> - DRY_RUN : "idx = 81	reg_type       = 4	event_id       = 30	reg_id         = a8	reg_value      = 0	pci reg_id  offset    = 0xa8	pci reg id  data_size = 0	bar_index      = 0"
155 [140042552993472] INFO perfrun.perfcollector <> - eventId : 30 , dataAddr : a8 , dataVal : 0
155 [140042552993472] INFO perfrun.perfcollector <> - DRY_RUN : "idx = 85	reg_type       = 4	event_id       = 29	reg_id         = a0	reg_value      = 0	pci reg_id  offset    = 0xa0	pci reg id  data_size = 0	bar_index      = 0"
155 [140042552993472] INFO perfrun.perfcollector <> - eventId : 29 , dataAddr : a0 , dataVal : 0
155 [140042552993472] INFO perfrun.perfcollector <> - DRY_RUN : "idx = 86	reg_type       = 4	event_id       = 30	reg_id         = a8	reg_value      = 0	pci reg_id  offset    = 0xa8	pci reg id  data_size = 0	bar_index      = 0"
155 [140042552993472] INFO perfrun.perfcollector <> - eventId : 30 , dataAddr : a8 , dataVal : 0
155 [140042552993472] INFO perfrun.perfcollector <> - pmu config : cpu , m_cccrAddr : ffffffff , m_cccrVal : 0 , m_escrAddr : ffffffff , m_escrVal : 0 , m_dataAddr : 30a , m_dataVal : ffffffffff508620
155 [140042552993472] INFO perfrun.perfcollector <> - config : event : 3c
155 [140042552993472] INFO perfrun.perfcollector <> - config : pc : 0
155 [140042552993472] INFO perfrun.perfcollector <> - config : edge : 0
155 [140042552993472] INFO perfrun.perfcollector <> - config : any : 0
155 [140042552993472] INFO perfrun.perfcollector <> - config1 : offcore_rsp : 0
155 [140042552993472] INFO perfrun.perfcollector <> - config1 : ldlat : 0
155 [140042552993472] INFO perfrun.perfcollector <> - config : inv : 0
155 [140042552993472] INFO perfrun.perfcollector <> - config : umask : 0
155 [140042552993472] INFO perfrun.perfcollector <> - config : cmask : 0
155 [140042552993472] INFO perfrun.perfcollector <> - format : cpu/period=0xaf79e0,event=0x3c,name='CPU_CLK_UNHALTED.THREAD'/D
155 [140042552993472] INFO perfrun.perfcollector <> - pmu config : cpu , m_cccrAddr : ffffffff , m_cccrVal : 0 , m_escrAddr : ffffffff , m_escrVal : 0 , m_dataAddr : 30b , m_dataVal : ffffffffff508620
155 [140042552993472] INFO perfrun.perfcollector <> - config : event : 0
155 [140042552993472] INFO perfrun.perfcollector <> - config : pc : 0
155 [140042552993472] INFO perfrun.perfcollector <> - config : edge : 0
155 [140042552993472] INFO perfrun.perfcollector <> - config : any : 0
155 [140042552993472] INFO perfrun.perfcollector <> - config1 : offcore_rsp : 0
155 [140042552993472] INFO perfrun.perfcollector <> - config1 : ldlat : 0
155 [140042552993472] INFO perfrun.perfcollector <> - config : inv : 0
155 [140042552993472] INFO perfrun.perfcollector <> - config : umask : 3
155 [140042552993472] INFO perfrun.perfcollector <> - config : cmask : 0
155 [140042552993472] INFO perfrun.perfcollector <> - format : cpu/period=0xaf79e0,umask=0x3,name='CPU_CLK_UNHALTED.REF_TSC'/D
155 [140042552993472] INFO perfrun.perfcollector <> - pmu config : cpu , m_cccrAddr : ffffffff , m_cccrVal : 0 , m_escrAddr : ffffffff , m_escrVal : 0 , m_dataAddr : 309 , m_dataVal : ffffffffff508620
155 [140042552993472] INFO perfrun.perfcollector <> - config : event : c0
155 [140042552993472] INFO perfrun.perfcollector <> - config : pc : 0
155 [140042552993472] INFO perfrun.perfcollector <> - config : edge : 0
155 [140042552993472] INFO perfrun.perfcollector <> - config : any : 0
155 [140042552993472] INFO perfrun.perfcollector <> - config1 : offcore_rsp : 0
155 [140042552993472] INFO perfrun.perfcollector <> - config1 : ldlat : 0
155 [140042552993472] INFO perfrun.perfcollector <> - config : inv : 0
155 [140042552993472] INFO perfrun.perfcollector <> - config : umask : 0
155 [140042552993472] INFO perfrun.perfcollector <> - config : cmask : 0
155 [140042552993472] INFO perfrun.perfcollector <> - format : cpu/period=0xaf79e0,event=0xc0,name='INST_RETIRED.ANY'/D
155 [140042552993472] INFO perfrun.perfcollector <> - pmu config : cpu , m_cccrAddr : 188 , m_cccrVal : c530ca3 , m_escrAddr : ffffffff , m_escrVal : 0 , m_dataAddr : c3 , m_dataVal : ffffffffff676971
155 [140042552993472] INFO perfrun.perfcollector <> - config : event : a3
155 [140042552993472] INFO perfrun.perfcollector <> - config : pc : 0
155 [140042552993472] INFO perfrun.perfcollector <> - config : edge : 0
155 [140042552993472] INFO perfrun.perfcollector <> - config : any : 0
155 [140042552993472] INFO perfrun.perfcollector <> - config1 : offcore_rsp : 0
155 [140042552993472] INFO perfrun.perfcollector <> - config1 : ldlat : 0
155 [140042552993472] INFO perfrun.perfcollector <> - config : inv : 0
155 [140042552993472] INFO perfrun.perfcollector <> - config : umask : c
155 [140042552993472] INFO perfrun.perfcollector <> - config : cmask : c
155 [140042552993472] INFO perfrun.perfcollector <> - format : cpu/period=0x98968f,event=0xa3,umask=0xc,cmask=0xc,name='CYCLE_ACTIVITY.STALLS_L1D_PENDING'/
155 [140042552993472] INFO perfrun.perfcollector <> - pmu config : cpu , m_cccrAddr : 186 , m_cccrVal : 53013c , m_escrAddr : ffffffff , m_escrVal : 0 , m_dataAddr : c1 , m_dataVal : fffffffffff85ed1
155 [140042552993472] INFO perfrun.perfcollector <> - config : event : 3c
155 [140042552993472] INFO perfrun.perfcollector <> - config : pc : 0
155 [140042552993472] INFO perfrun.perfcollector <> - config : edge : 0
155 [140042552993472] INFO perfrun.perfcollector <> - config : any : 0
155 [140042552993472] INFO perfrun.perfcollector <> - config1 : offcore_rsp : 0
155 [140042552993472] INFO perfrun.perfcollector <> - config1 : ldlat : 0
155 [140042552993472] INFO perfrun.perfcollector <> - config : inv : 0
155 [140042552993472] INFO perfrun.perfcollector <> - config : umask : 1
155 [140042552993472] INFO perfrun.perfcollector <> - config : cmask : 0
155 [140042552993472] INFO perfrun.perfcollector <> - format : cpu/period=0x7a12f,event=0x3c,umask=0x1,name='CPU_CLK_UNHALTED.REF_XCLK'/
155 [140042552993472] INFO perfrun.perfcollector <> - pmu config : cpu , m_cccrAddr : 187 , m_cccrVal : 53023c , m_escrAddr : ffffffff , m_escrVal : 0 , m_dataAddr : c2 , m_dataVal : fffffffffff85ed1
155 [140042552993472] INFO perfrun.perfcollector <> - config : event : 3c
155 [140042552993472] INFO perfrun.perfcollector <> - config : pc : 0
155 [140042552993472] INFO perfrun.perfcollector <> - config : edge : 0
155 [140042552993472] INFO perfrun.perfcollector <> - config : any : 0
155 [140042552993472] INFO perfrun.perfcollector <> - config1 : offcore_rsp : 0
155 [140042552993472] INFO perfrun.perfcollector <> - config1 : ldlat : 0
155 [140042552993472] INFO perfrun.perfcollector <> - config : inv : 0
155 [140042552993472] INFO perfrun.perfcollector <> - config : umask : 2
155 [140042552993472] INFO perfrun.perfcollector <> - config : cmask : 0
155 [140042552993472] INFO perfrun.perfcollector <> - format : cpu/period=0x7a12f,event=0x3c,umask=0x2,name='CPU_CLK_UNHALTED.ONE_THREAD_ACTIVE'/
155 [140042552993472] INFO perfrun.perfcollector <> - pmu config : cpu , m_cccrAddr : 189 , m_cccrVal : 45304a3 , m_escrAddr : ffffffff , m_escrVal : 0 , m_dataAddr : c4 , m_dataVal : ffffffffff676971
155 [140042552993472] INFO perfrun.perfcollector <> - config : event : a3
155 [140042552993472] INFO perfrun.perfcollector <> - config : pc : 0
155 [140042552993472] INFO perfrun.perfcollector <> - config : edge : 0
155 [140042552993472] INFO perfrun.perfcollector <> - config : any : 0
155 [140042552993472] INFO perfrun.perfcollector <> - config1 : offcore_rsp : 0
155 [140042552993472] INFO perfrun.perfcollector <> - config1 : ldlat : 0
155 [140042552993472] INFO perfrun.perfcollector <> - config : inv : 0
155 [140042552993472] INFO perfrun.perfcollector <> - config : umask : 4
155 [140042552993472] INFO perfrun.perfcollector <> - config : cmask : 4
155 [140042552993472] INFO perfrun.perfcollector <> - format : cpu/period=0x98968f,event=0xa3,umask=0x4,cmask=0x4,name='CYCLE_ACTIVITY.CYCLES_NO_EXECUTE'/
155 [140042552993472] INFO perfrun.perfcollector <> - pmu config : cpu , m_cccrAddr : 186 , m_cccrVal : 65306a3 , m_escrAddr : ffffffff , m_escrVal : 0 , m_dataAddr : c1 , m_dataVal : ffffffffff676971
155 [140042552993472] INFO perfrun.perfcollector <> - config : event : a3
155 [140042552993472] INFO perfrun.perfcollector <> - config : pc : 0
155 [140042552993472] INFO perfrun.perfcollector <> - config : edge : 0
155 [140042552993472] INFO perfrun.perfcollector <> - config : any : 0
155 [140042552993472] INFO perfrun.perfcollector <> - config1 : offcore_rsp : 0
155 [140042552993472] INFO perfrun.perfcollector <> - config1 : ldlat : 0
155 [140042552993472] INFO perfrun.perfcollector <> - config : inv : 0
155 [140042552993472] INFO perfrun.perfcollector <> - config : umask : 6
155 [140042552993472] INFO perfrun.perfcollector <> - config : cmask : 6
155 [140042552993472] INFO perfrun.perfcollector <> - format : cpu/period=0x98968f,event=0xa3,umask=0x6,cmask=0x6,name='CYCLE_ACTIVITY.STALLS_LDM_PENDING'/
155 [140042552993472] INFO perfrun.perfcollector <> - pmu config : cpu , m_cccrAddr : 187 , m_cccrVal : 55305a3 , m_escrAddr : ffffffff , m_escrVal : 0 , m_dataAddr : c2 , m_dataVal : ffffffffff676971
155 [140042552993472] INFO perfrun.perfcollector <> - config : event : a3
155 [140042552993472] INFO perfrun.perfcollector <> - config : pc : 0
155 [140042552993472] INFO perfrun.perfcollector <> - config : edge : 0
155 [140042552993472] INFO perfrun.perfcollector <> - config : any : 0
155 [140042552993472] INFO perfrun.perfcollector <> - config1 : offcore_rsp : 0
155 [140042552993472] INFO perfrun.perfcollector <> - config1 : ldlat : 0
155 [140042552993472] INFO perfrun.perfcollector <> - config : inv : 0
155 [140042552993472] INFO perfrun.perfcollector <> - config : umask : 5
155 [140042552993472] INFO perfrun.perfcollector <> - config : cmask : 5
155 [140042552993472] INFO perfrun.perfcollector <> - format : cpu/period=0x98968f,event=0xa3,umask=0x5,cmask=0x5,name='CYCLE_ACTIVITY.STALLS_L2_PENDING'/
155 [140042552993472] INFO perfrun.perfcollector <> - pmu config : cpu , m_cccrAddr : 188 , m_cccrVal : 53019c , m_escrAddr : ffffffff , m_escrVal : 0 , m_dataAddr : c3 , m_dataVal : ffffffffff676971
155 [140042552993472] INFO perfrun.perfcollector <> - config : event : 9c
155 [140042552993472] INFO perfrun.perfcollector <> - config : pc : 0
155 [140042552993472] INFO perfrun.perfcollector <> - config : edge : 0
155 [140042552993472] INFO perfrun.perfcollector <> - config : any : 0
155 [140042552993472] INFO perfrun.perfcollector <> - config1 : offcore_rsp : 0
155 [140042552993472] INFO perfrun.perfcollector <> - config1 : ldlat : 0
155 [140042552993472] INFO perfrun.perfcollector <> - config : inv : 0
155 [140042552993472] INFO perfrun.perfcollector <> - config : umask : 1
155 [140042552993472] INFO perfrun.perfcollector <> - config : cmask : 0
155 [140042552993472] INFO perfrun.perfcollector <> - format : cpu/period=0x98968f,event=0x9c,umask=0x1,name='IDQ_UOPS_NOT_DELIVERED.CORE'/
155 [140042552993472] INFO perfrun.perfcollector <> - pmu config : cpu , m_cccrAddr : 189 , m_cccrVal : 153030d , m_escrAddr : ffffffff , m_escrVal : 0 , m_dataAddr : c4 , m_dataVal : ffffffffff676971
155 [140042552993472] INFO perfrun.perfcollector <> - config : event : d
155 [140042552993472] INFO perfrun.perfcollector <> - config : pc : 0
155 [140042552993472] INFO perfrun.perfcollector <> - config : edge : 0
155 [140042552993472] INFO perfrun.perfcollector <> - config : any : 0
155 [140042552993472] INFO perfrun.perfcollector <> - config1 : offcore_rsp : 0
155 [140042552993472] INFO perfrun.perfcollector <> - config1 : ldlat : 0
155 [140042552993472] INFO perfrun.perfcollector <> - config : inv : 0
155 [140042552993472] INFO perfrun.perfcollector <> - config : umask : 3
155 [140042552993472] INFO perfrun.perfcollector <> - config : cmask : 1
155 [140042552993472] INFO perfrun.perfcollector <> - format : cpu/period=0x98968f,event=0xd,umask=0x3,cmask=0x1,name='INT_MISC.RECOVERY_CYCLES'/
155 [140042552993472] INFO perfrun.perfcollector <> - pmu config : cpu , m_cccrAddr : 186 , m_cccrVal : 4304d1 , m_escrAddr : ffffffff , m_escrVal : 0 , m_dataAddr : c1 , m_dataVal : fffffffffffc2f61
155 [140042552993472] INFO perfrun.perfcollector <> - config : event : d1
155 [140042552993472] INFO perfrun.perfcollector <> - config : pc : 0
155 [140042552993472] INFO perfrun.perfcollector <> - config : edge : 0
155 [140042552993472] INFO perfrun.perfcollector <> - config : any : 0
155 [140042552993472] INFO perfrun.perfcollector <> - config1 : offcore_rsp : 0
155 [140042552993472] INFO perfrun.perfcollector <> - config1 : ldlat : 0
155 [140042552993472] INFO perfrun.perfcollector <> - config : inv : 0
155 [140042552993472] INFO perfrun.perfcollector <> - config : umask : 4
155 [140042552993472] INFO perfrun.perfcollector <> - config : cmask : 0
155 [140042552993472] WARN perfrun.perfcollector <> - precise event : config : 4d1 , [m_cccrVal & impreciseMask(0x100000)] : 0, at file: vcs/perfrun1/plugins/perfcollector/src/event_manager.cpp:292
155 [140042552993472] INFO perfrun.perfcollector <> - format : cpu/period=0x3d09f,event=0xd1,umask=0x4,name='MEM_LOAD_UOPS_RETIRED.L3_HIT_PS'/
155 [140042552993472] INFO perfrun.perfcollector <> - pmu config : cpu , m_cccrAddr : 187 , m_cccrVal : 4320d1 , m_escrAddr : ffffffff , m_escrVal : 0 , m_dataAddr : c2 , m_dataVal : fffffffffffc2f61
155 [140042552993472] INFO perfrun.perfcollector <> - config : event : d1
155 [140042552993472] INFO perfrun.perfcollector <> - config : pc : 0
155 [140042552993472] INFO perfrun.perfcollector <> - config : edge : 0
155 [140042552993472] INFO perfrun.perfcollector <> - config : any : 0
155 [140042552993472] INFO perfrun.perfcollector <> - config1 : offcore_rsp : 0
155 [140042552993472] INFO perfrun.perfcollector <> - config1 : ldlat : 0
155 [140042552993472] INFO perfrun.perfcollector <> - config : inv : 0
155 [140042552993472] INFO perfrun.perfcollector <> - config : umask : 20
155 [140042552993472] INFO perfrun.perfcollector <> - config : cmask : 0
155 [140042552993472] WARN perfrun.perfcollector <> - precise event : config : 20d1 , [m_cccrVal & impreciseMask(0x100000)] : 0, at file: vcs/perfrun1/plugins/perfcollector/src/event_manager.cpp:292
155 [140042552993472] INFO perfrun.perfcollector <> - format : cpu/period=0x3d09f,event=0xd1,umask=0x20,name='MEM_LOAD_UOPS_RETIRED.L3_MISS_PS'/
155 [140042552993472] INFO perfrun.perfcollector <> - pmu config : cpu , m_cccrAddr : 188 , m_cccrVal : 1530860 , m_escrAddr : ffffffff , m_escrVal : 0 , m_dataAddr : c3 , m_dataVal : ffffffffff676971
155 [140042552993472] INFO perfrun.perfcollector <> - config : event : 60
155 [140042552993472] INFO perfrun.perfcollector <> - config : pc : 0
155 [140042552993472] INFO perfrun.perfcollector <> - config : edge : 0
155 [140042552993472] INFO perfrun.perfcollector <> - config : any : 0
155 [140042552993472] INFO perfrun.perfcollector <> - config1 : offcore_rsp : 0
155 [140042552993472] INFO perfrun.perfcollector <> - config1 : ldlat : 0
155 [140042552993472] INFO perfrun.perfcollector <> - config : inv : 0
155 [140042552993472] INFO perfrun.perfcollector <> - config : umask : 8
155 [140042552993472] INFO perfrun.perfcollector <> - config : cmask : 1
155 [140042552993472] INFO perfrun.perfcollector <> - format : cpu/period=0x98968f,event=0x60,umask=0x8,cmask=0x1,name='OFFCORE_REQUESTS_OUTSTANDING.CYCLES_WITH_DATA_RD'/
155 [140042552993472] INFO perfrun.perfcollector <> - pmu config : cpu , m_cccrAddr : 189 , m_cccrVal : 6530860 , m_escrAddr : ffffffff , m_escrVal : 0 , m_dataAddr : c4 , m_dataVal : ffffffffff676971
155 [140042552993472] INFO perfrun.perfcollector <> - config : event : 60
155 [140042552993472] INFO perfrun.perfcollector <> - config : pc : 0
155 [140042552993472] INFO perfrun.perfcollector <> - config : edge : 0
155 [140042552993472] INFO perfrun.perfcollector <> - config : any : 0
155 [140042552993472] INFO perfrun.perfcollector <> - config1 : offcore_rsp : 0
155 [140042552993472] INFO perfrun.perfcollector <> - config1 : ldlat : 0
155 [140042552993472] INFO perfrun.perfcollector <> - config : inv : 0
155 [140042552993472] INFO perfrun.perfcollector <> - config : umask : 8
155 [140042552993472] INFO perfrun.perfcollector <> - config : cmask : 6
155 [140042552993472] INFO perfrun.perfcollector <> - format : cpu/period=0x98968f,event=0x60,umask=0x8,cmask=0x6,name='OFFCORE_REQUESTS_OUTSTANDING.ALL_DATA_RD:cmask=6'/
155 [140042552993472] INFO perfrun.perfcollector <> - pmu config : cpu , m_cccrAddr : 186 , m_cccrVal : 5308a2 , m_escrAddr : ffffffff , m_escrVal : 0 , m_dataAddr : c1 , m_dataVal : ffffffffff676971
155 [140042552993472] INFO perfrun.perfcollector <> - config : event : a2
155 [140042552993472] INFO perfrun.perfcollector <> - config : pc : 0
155 [140042552993472] INFO perfrun.perfcollector <> - config : edge : 0
155 [140042552993472] INFO perfrun.perfcollector <> - config : any : 0
155 [140042552993472] INFO perfrun.perfcollector <> - config1 : offcore_rsp : 0
155 [140042552993472] INFO perfrun.perfcollector <> - config1 : ldlat : 0
155 [140042552993472] INFO perfrun.perfcollector <> - config : inv : 0
155 [140042552993472] INFO perfrun.perfcollector <> - config : umask : 8
155 [140042552993472] INFO perfrun.perfcollector <> - config : cmask : 0
155 [140042552993472] INFO perfrun.perfcollector <> - format : cpu/period=0x98968f,event=0xa2,umask=0x8,name='RESOURCE_STALLS.SB'/
155 [140042552993472] INFO perfrun.perfcollector <> - pmu config : cpu , m_cccrAddr : 187 , m_cccrVal : 53015e , m_escrAddr : ffffffff , m_escrVal : 0 , m_dataAddr : c2 , m_dataVal : ffffffffff676971
155 [140042552993472] INFO perfrun.perfcollector <> - config : event : 5e
155 [140042552993472] INFO perfrun.perfcollector <> - config : pc : 0
156 [140042552993472] INFO perfrun.perfcollector <> - config : edge : 0
156 [140042552993472] INFO perfrun.perfcollector <> - config : any : 0
156 [140042552993472] INFO perfrun.perfcollector <> - config1 : offcore_rsp : 0
156 [140042552993472] INFO perfrun.perfcollector <> - config1 : ldlat : 0
156 [140042552993472] INFO perfrun.perfcollector <> - config : inv : 0
156 [140042552993472] INFO perfrun.perfcollector <> - config : umask : 1
156 [140042552993472] INFO perfrun.perfcollector <> - config : cmask : 0
156 [140042552993472] INFO perfrun.perfcollector <> - format : cpu/period=0x98968f,event=0x5e,umask=0x1,name='RS_EVENTS.EMPTY_CYCLES'/
156 [140042552993472] INFO perfrun.perfcollector <> - pmu config : cpu , m_cccrAddr : 188 , m_cccrVal : 15302b1 , m_escrAddr : ffffffff , m_escrVal : 0 , m_dataAddr : c3 , m_dataVal : ffffffffff676971
156 [140042552993472] INFO perfrun.perfcollector <> - config : event : b1
156 [140042552993472] INFO perfrun.perfcollector <> - config : pc : 0
156 [140042552993472] INFO perfrun.perfcollector <> - config : edge : 0
156 [140042552993472] INFO perfrun.perfcollector <> - config : any : 0
156 [140042552993472] INFO perfrun.perfcollector <> - config1 : offcore_rsp : 0
156 [140042552993472] INFO perfrun.perfcollector <> - config1 : ldlat : 0
156 [140042552993472] INFO perfrun.perfcollector <> - config : inv : 0
156 [140042552993472] INFO perfrun.perfcollector <> - config : umask : 2
156 [140042552993472] INFO perfrun.perfcollector <> - config : cmask : 1
156 [140042552993472] INFO perfrun.perfcollector <> - format : cpu/period=0x98968f,event=0xb1,umask=0x2,cmask=0x1,name='UOPS_EXECUTED.CORE:cmask=1'/
156 [140042552993472] INFO perfrun.perfcollector <> - pmu config : cpu , m_cccrAddr : 189 , m_cccrVal : 25302b1 , m_escrAddr : ffffffff , m_escrVal : 0 , m_dataAddr : c4 , m_dataVal : ffffffffff676971
156 [140042552993472] INFO perfrun.perfcollector <> - config : event : b1
156 [140042552993472] INFO perfrun.perfcollector <> - config : pc : 0
156 [140042552993472] INFO perfrun.perfcollector <> - config : edge : 0
156 [140042552993472] INFO perfrun.perfcollector <> - config : any : 0
156 [140042552993472] INFO perfrun.perfcollector <> - config1 : offcore_rsp : 0
156 [140042552993472] INFO perfrun.perfcollector <> - config1 : ldlat : 0
156 [140042552993472] INFO perfrun.perfcollector <> - config : inv : 0
156 [140042552993472] INFO perfrun.perfcollector <> - config : umask : 2
156 [140042552993472] INFO perfrun.perfcollector <> - config : cmask : 2
156 [140042552993472] INFO perfrun.perfcollector <> - format : cpu/period=0x98968f,event=0xb1,umask=0x2,cmask=0x2,name='UOPS_EXECUTED.CORE:cmask=2'/
156 [140042552993472] INFO perfrun.perfcollector <> - pmu config : cpu , m_cccrAddr : 186 , m_cccrVal : 35302b1 , m_escrAddr : ffffffff , m_escrVal : 0 , m_dataAddr : c1 , m_dataVal : ffffffffff676971
156 [140042552993472] INFO perfrun.perfcollector <> - config : event : b1
156 [140042552993472] INFO perfrun.perfcollector <> - config : pc : 0
156 [140042552993472] INFO perfrun.perfcollector <> - config : edge : 0
156 [140042552993472] INFO perfrun.perfcollector <> - config : any : 0
156 [140042552993472] INFO perfrun.perfcollector <> - config1 : offcore_rsp : 0
156 [140042552993472] INFO perfrun.perfcollector <> - config1 : ldlat : 0
156 [140042552993472] INFO perfrun.perfcollector <> - config : inv : 0
156 [140042552993472] INFO perfrun.perfcollector <> - config : umask : 2
156 [140042552993472] INFO perfrun.perfcollector <> - config : cmask : 3
156 [140042552993472] INFO perfrun.perfcollector <> - format : cpu/period=0x98968f,event=0xb1,umask=0x2,cmask=0x3,name='UOPS_EXECUTED.CORE:cmask=3'/
156 [140042552993472] INFO perfrun.perfcollector <> - pmu config : cpu , m_cccrAddr : 187 , m_cccrVal : 53010e , m_escrAddr : ffffffff , m_escrVal : 0 , m_dataAddr : c2 , m_dataVal : ffffffffff676971
156 [140042552993472] INFO perfrun.perfcollector <> - config : event : e
156 [140042552993472] INFO perfrun.perfcollector <> - config : pc : 0
156 [140042552993472] INFO perfrun.perfcollector <> - config : edge : 0
156 [140042552993472] INFO perfrun.perfcollector <> - config : any : 0
156 [140042552993472] INFO perfrun.perfcollector <> - config1 : offcore_rsp : 0
156 [140042552993472] INFO perfrun.perfcollector <> - config1 : ldlat : 0
156 [140042552993472] INFO perfrun.perfcollector <> - config : inv : 0
156 [140042552993472] INFO perfrun.perfcollector <> - config : umask : 1
156 [140042552993472] INFO perfrun.perfcollector <> - config : cmask : 0
156 [140042552993472] INFO perfrun.perfcollector <> - format : cpu/period=0x98968f,event=0xe,umask=0x1,name='UOPS_ISSUED.ANY'/
156 [140042552993472] INFO perfrun.perfcollector <> - pmu config : cpu , m_cccrAddr : 188 , m_cccrVal : 5302c2 , m_escrAddr : ffffffff , m_escrVal : 0 , m_dataAddr : c3 , m_dataVal : ffffffffff676971
156 [140042552993472] INFO perfrun.perfcollector <> - config : event : c2
156 [140042552993472] INFO perfrun.perfcollector <> - config : pc : 0
156 [140042552993472] INFO perfrun.perfcollector <> - config : edge : 0
156 [140042552993472] INFO perfrun.perfcollector <> - config : any : 0
156 [140042552993472] INFO perfrun.perfcollector <> - config1 : offcore_rsp : 0
156 [140042552993472] INFO perfrun.perfcollector <> - config1 : ldlat : 0
156 [140042552993472] INFO perfrun.perfcollector <> - config : inv : 0
156 [140042552993472] INFO perfrun.perfcollector <> - config : umask : 2
156 [140042552993472] INFO perfrun.perfcollector <> - config : cmask : 0
156 [140042552993472] INFO perfrun.perfcollector <> - format : cpu/period=0x98968f,event=0xc2,umask=0x2,name='UOPS_RETIRED.RETIRE_SLOTS'/
156 [140042552993472] INFO perfrun.perfcollector <> - pmu config : cpu , m_cccrAddr : 189 , m_cccrVal : 453019c , m_escrAddr : ffffffff , m_escrVal : 0 , m_dataAddr : c4 , m_dataVal : ffffffffff676971
156 [140042552993472] INFO perfrun.perfcollector <> - config : event : 9c
156 [140042552993472] INFO perfrun.perfcollector <> - config : pc : 0
156 [140042552993472] INFO perfrun.perfcollector <> - config : edge : 0
156 [140042552993472] INFO perfrun.perfcollector <> - config : any : 0
156 [140042552993472] INFO perfrun.perfcollector <> - config1 : offcore_rsp : 0
156 [140042552993472] INFO perfrun.perfcollector <> - config1 : ldlat : 0
156 [140042552993472] INFO perfrun.perfcollector <> - config : inv : 0
156 [140042552993472] INFO perfrun.perfcollector <> - config : umask : 1
156 [140042552993472] INFO perfrun.perfcollector <> - config : cmask : 4
156 [140042552993472] INFO perfrun.perfcollector <> - format : cpu/period=0x98968f,event=0x9c,umask=0x1,cmask=0x4,name='IDQ_UOPS_NOT_DELIVERED.CYCLES_0_UOPS_DELIV.CORE'/
156 [140042552993472] INFO perfrun.perfcollector <> - pmu config : cpu , m_cccrAddr : 186 , m_cccrVal : 4381d0 , m_escrAddr : ffffffff , m_escrVal : 0 , m_dataAddr : c1 , m_dataVal : fffffffffff85ed1
156 [140042552993472] INFO perfrun.perfcollector <> - config : event : d0
156 [140042552993472] INFO perfrun.perfcollector <> - config : pc : 0
156 [140042552993472] INFO perfrun.perfcollector <> - config : edge : 0
156 [140042552993472] INFO perfrun.perfcollector <> - config : any : 0
156 [140042552993472] INFO perfrun.perfcollector <> - config1 : offcore_rsp : 0
156 [140042552993472] INFO perfrun.perfcollector <> - config1 : ldlat : 0
156 [140042552993472] INFO perfrun.perfcollector <> - config : inv : 0
156 [140042552993472] INFO perfrun.perfcollector <> - config : umask : 81
156 [140042552993472] INFO perfrun.perfcollector <> - config : cmask : 0
156 [140042552993472] WARN perfrun.perfcollector <> - precise event : config : 81d0 , [m_cccrVal & impreciseMask(0x100000)] : 0, at file: vcs/perfrun1/plugins/perfcollector/src/event_manager.cpp:292
156 [140042552993472] INFO perfrun.perfcollector <> - format : cpu/period=0x7a12f,event=0xd0,umask=0x81,name='MEM_UOPS_RETIRED.ALL_LOADS_PS'/
156 [140042552993472] INFO perfrun.perfcollector <> - pmu config : cpu , m_cccrAddr : 187 , m_cccrVal : 4382d0 , m_escrAddr : ffffffff , m_escrVal : 0 , m_dataAddr : c2 , m_dataVal : fffffffffff85ed1
156 [140042552993472] INFO perfrun.perfcollector <> - config : event : d0
156 [140042552993472] INFO perfrun.perfcollector <> - config : pc : 0
156 [140042552993472] INFO perfrun.perfcollector <> - config : edge : 0
156 [140042552993472] INFO perfrun.perfcollector <> - config : any : 0
156 [140042552993472] INFO perfrun.perfcollector <> - config1 : offcore_rsp : 0
156 [140042552993472] INFO perfrun.perfcollector <> - config1 : ldlat : 0
156 [140042552993472] INFO perfrun.perfcollector <> - config : inv : 0
156 [140042552993472] INFO perfrun.perfcollector <> - config : umask : 82
156 [140042552993472] INFO perfrun.perfcollector <> - config : cmask : 0
156 [140042552993472] WARN perfrun.perfcollector <> - precise event : config : 82d0 , [m_cccrVal & impreciseMask(0x100000)] : 0, at file: vcs/perfrun1/plugins/perfcollector/src/event_manager.cpp:292
156 [140042552993472] INFO perfrun.perfcollector <> - format : cpu/period=0x7a12f,event=0xd0,umask=0x82,name='MEM_UOPS_RETIRED.ALL_STORES_PS'/
156 [140042552993472] INFO perfrun.perfcollector <> - pmu config : cpu , m_cccrAddr : 188 , m_cccrVal : 4301d3 , m_escrAddr : ffffffff , m_escrVal : 0 , m_dataAddr : c3 , m_dataVal : fffffffffff85ed1
156 [140042552993472] INFO perfrun.perfcollector <> - config : event : d3
156 [140042552993472] INFO perfrun.perfcollector <> - config : pc : 0
156 [140042552993472] INFO perfrun.perfcollector <> - config : edge : 0
156 [140042552993472] INFO perfrun.perfcollector <> - config : any : 0
156 [140042552993472] INFO perfrun.perfcollector <> - config1 : offcore_rsp : 0
156 [140042552993472] INFO perfrun.perfcollector <> - config1 : ldlat : 0
156 [140042552993472] INFO perfrun.perfcollector <> - config : inv : 0
156 [140042552993472] INFO perfrun.perfcollector <> - config : umask : 1
156 [140042552993472] INFO perfrun.perfcollector <> - config : cmask : 0
156 [140042552993472] WARN perfrun.perfcollector <> - precise event : config : 1d3 , [m_cccrVal & impreciseMask(0x100000)] : 0, at file: vcs/perfrun1/plugins/perfcollector/src/event_manager.cpp:292
156 [140042552993472] INFO perfrun.perfcollector <> - format : cpu/period=0x7a12f,event=0xd3,umask=0x1,name='MEM_LOAD_UOPS_L3_MISS_RETIRED.LOCAL_DRAM_PS'/
156 [140042552993472] INFO perfrun.perfcollector <> - pmu config : cpu , m_cccrAddr : 189 , m_cccrVal : 4304d3 , m_escrAddr : ffffffff , m_escrVal : 0 , m_dataAddr : c4 , m_dataVal : fffffffffff85ed1
156 [140042552993472] INFO perfrun.perfcollector <> - config : event : d3
156 [140042552993472] INFO perfrun.perfcollector <> - config : pc : 0
156 [140042552993472] INFO perfrun.perfcollector <> - config : edge : 0
156 [140042552993472] INFO perfrun.perfcollector <> - config : any : 0
156 [140042552993472] INFO perfrun.perfcollector <> - config1 : offcore_rsp : 0
156 [140042552993472] INFO perfrun.perfcollector <> - config1 : ldlat : 0
156 [140042552993472] INFO perfrun.perfcollector <> - config : inv : 0
156 [140042552993472] INFO perfrun.perfcollector <> - config : umask : 4
156 [140042552993472] INFO perfrun.perfcollector <> - config : cmask : 0
156 [140042552993472] WARN perfrun.perfcollector <> - precise event : config : 4d3 , [m_cccrVal & impreciseMask(0x100000)] : 0, at file: vcs/perfrun1/plugins/perfcollector/src/event_manager.cpp:292
156 [140042552993472] INFO perfrun.perfcollector <> - format : cpu/period=0x7a12f,event=0xd3,umask=0x4,name='MEM_LOAD_UOPS_L3_MISS_RETIRED.REMOTE_DRAM_PS'/
156 [140042552993472] INFO perfrun.perfcollector <> - pmu config : cpu , m_cccrAddr : 186 , m_cccrVal : 4310d3 , m_escrAddr : ffffffff , m_escrVal : 0 , m_dataAddr : c1 , m_dataVal : fffffffffff85ed1
156 [140042552993472] INFO perfrun.perfcollector <> - config : event : d3
156 [140042552993472] INFO perfrun.perfcollector <> - config : pc : 0
156 [140042552993472] INFO perfrun.perfcollector <> - config : edge : 0
156 [140042552993472] INFO perfrun.perfcollector <> - config : any : 0
156 [140042552993472] INFO perfrun.perfcollector <> - config1 : offcore_rsp : 0
156 [140042552993472] INFO perfrun.perfcollector <> - config1 : ldlat : 0
156 [140042552993472] INFO perfrun.perfcollector <> - config : inv : 0
156 [140042552993472] INFO perfrun.perfcollector <> - config : umask : 10
156 [140042552993472] INFO perfrun.perfcollector <> - config : cmask : 0
156 [140042552993472] WARN perfrun.perfcollector <> - precise event : config : 10d3 , [m_cccrVal & impreciseMask(0x100000)] : 0, at file: vcs/perfrun1/plugins/perfcollector/src/event_manager.cpp:292
156 [140042552993472] INFO perfrun.perfcollector <> - format : cpu/period=0x7a12f,event=0xd3,umask=0x10,name='MEM_LOAD_UOPS_L3_MISS_RETIRED.REMOTE_HITM_PS'/
156 [140042552993472] INFO perfrun.perfcollector <> - pmu config : cpu , m_cccrAddr : 187 , m_cccrVal : 4320d3 , m_escrAddr : ffffffff , m_escrVal : 0 , m_dataAddr : c2 , m_dataVal : fffffffffff85ed1
156 [140042552993472] INFO perfrun.perfcollector <> - config : event : d3
156 [140042552993472] INFO perfrun.perfcollector <> - config : pc : 0
156 [140042552993472] INFO perfrun.perfcollector <> - config : edge : 0
156 [140042552993472] INFO perfrun.perfcollector <> - config : any : 0
156 [140042552993472] INFO perfrun.perfcollector <> - config1 : offcore_rsp : 0
156 [140042552993472] INFO perfrun.perfcollector <> - config1 : ldlat : 0
156 [140042552993472] INFO perfrun.perfcollector <> - config : inv : 0
156 [140042552993472] INFO perfrun.perfcollector <> - config : umask : 20
156 [140042552993472] INFO perfrun.perfcollector <> - config : cmask : 0
156 [140042552993472] WARN perfrun.perfcollector <> - precise event : config : 20d3 , [m_cccrVal & impreciseMask(0x100000)] : 0, at file: vcs/perfrun1/plugins/perfcollector/src/event_manager.cpp:292
156 [140042552993472] INFO perfrun.perfcollector <> - format : cpu/period=0x7a12f,event=0xd3,umask=0x20,name='MEM_LOAD_UOPS_L3_MISS_RETIRED.REMOTE_FWD_PS'/
156 [140042552993472] INFO perfrun.perfcollector <> - pmu config : uncore_imc_0 , m_cccrAddr : d8 , m_cccrVal : 400304 , m_escrAddr : ffffffff , m_escrVal : 0 , m_dataAddr : a0 , m_dataVal : 0
156 [140042552993472] INFO perfrun.perfcollector <> - config : event : 4
156 [140042552993472] INFO perfrun.perfcollector <> - config : edge : 0
156 [140042552993472] INFO perfrun.perfcollector <> - config : inv : 0
156 [140042552993472] INFO perfrun.perfcollector <> - config : umask : 3
156 [140042552993472] INFO perfrun.perfcollector <> - config : thresh : 0
156 [140042552993472] INFO perfrun.perfcollector <> - format : uncore_imc_0/period=0x0,event=0x4,umask=0x3,name='UNC_M_CAS_COUNT.RD[UNIT0]'/
156 [140042552993472] INFO perfrun.perfcollector <> - pmu config : uncore_imc_1 , m_cccrAddr : d8 , m_cccrVal : 400304 , m_escrAddr : ffffffff , m_escrVal : 0 , m_dataAddr : a0 , m_dataVal : 0
156 [140042552993472] INFO perfrun.perfcollector <> - config : event : 4
156 [140042552993472] INFO perfrun.perfcollector <> - config : edge : 0
156 [140042552993472] INFO perfrun.perfcollector <> - config : inv : 0
156 [140042552993472] INFO perfrun.perfcollector <> - config : umask : 3
156 [140042552993472] INFO perfrun.perfcollector <> - config : thresh : 0
156 [140042552993472] INFO perfrun.perfcollector <> - format : uncore_imc_1/period=0x0,event=0x4,umask=0x3,name='UNC_M_CAS_COUNT.RD[UNIT1]'/
156 [140042552993472] INFO perfrun.perfcollector <> - pmu config : uncore_imc_4 , m_cccrAddr : d8 , m_cccrVal : 400304 , m_escrAddr : ffffffff , m_escrVal : 0 , m_dataAddr : a0 , m_dataVal : 0
156 [140042552993472] INFO perfrun.perfcollector <> - config : event : 4
156 [140042552993472] INFO perfrun.perfcollector <> - config : edge : 0
156 [140042552993472] INFO perfrun.perfcollector <> - config : inv : 0
156 [140042552993472] INFO perfrun.perfcollector <> - config : umask : 3
156 [140042552993472] INFO perfrun.perfcollector <> - config : thresh : 0
156 [140042552993472] INFO perfrun.perfcollector <> - format : uncore_imc_4/period=0x0,event=0x4,umask=0x3,name='UNC_M_CAS_COUNT.RD[UNIT4]'/
156 [140042552993472] INFO perfrun.perfcollector <> - pmu config : uncore_imc_5 , m_cccrAddr : d8 , m_cccrVal : 400304 , m_escrAddr : ffffffff , m_escrVal : 0 , m_dataAddr : a0 , m_dataVal : 0
156 [140042552993472] INFO perfrun.perfcollector <> - config : event : 4
156 [140042552993472] INFO perfrun.perfcollector <> - config : edge : 0
156 [140042552993472] INFO perfrun.perfcollector <> - config : inv : 0
156 [140042552993472] INFO perfrun.perfcollector <> - config : umask : 3
156 [140042552993472] INFO perfrun.perfcollector <> - config : thresh : 0
156 [140042552993472] INFO perfrun.perfcollector <> - format : uncore_imc_5/period=0x0,event=0x4,umask=0x3,name='UNC_M_CAS_COUNT.RD[UNIT5]'/
156 [140042552993472] INFO perfrun.perfcollector <> - pmu config : uncore_imc_0 , m_cccrAddr : dc , m_cccrVal : 400c04 , m_escrAddr : ffffffff , m_escrVal : 0 , m_dataAddr : a8 , m_dataVal : 0
156 [140042552993472] INFO perfrun.perfcollector <> - config : event : 4
156 [140042552993472] INFO perfrun.perfcollector <> - config : edge : 0
156 [140042552993472] INFO perfrun.perfcollector <> - config : inv : 0
156 [140042552993472] INFO perfrun.perfcollector <> - config : umask : c
156 [140042552993472] INFO perfrun.perfcollector <> - config : thresh : 0
156 [140042552993472] INFO perfrun.perfcollector <> - format : uncore_imc_0/period=0x0,event=0x4,umask=0xc,name='UNC_M_CAS_COUNT.WR[UNIT0]'/
156 [140042552993472] INFO perfrun.perfcollector <> - pmu config : uncore_imc_1 , m_cccrAddr : dc , m_cccrVal : 400c04 , m_escrAddr : ffffffff , m_escrVal : 0 , m_dataAddr : a8 , m_dataVal : 0
156 [140042552993472] INFO perfrun.perfcollector <> - config : event : 4
156 [140042552993472] INFO perfrun.perfcollector <> - config : edge : 0
156 [140042552993472] INFO perfrun.perfcollector <> - config : inv : 0
156 [140042552993472] INFO perfrun.perfcollector <> - config : umask : c
156 [140042552993472] INFO perfrun.perfcollector <> - config : thresh : 0
156 [140042552993472] INFO perfrun.perfcollector <> - format : uncore_imc_1/period=0x0,event=0x4,umask=0xc,name='UNC_M_CAS_COUNT.WR[UNIT1]'/
156 [140042552993472] INFO perfrun.perfcollector <> - pmu config : uncore_imc_4 , m_cccrAddr : dc , m_cccrVal : 400c04 , m_escrAddr : ffffffff , m_escrVal : 0 , m_dataAddr : a8 , m_dataVal : 0
156 [140042552993472] INFO perfrun.perfcollector <> - config : event : 4
156 [140042552993472] INFO perfrun.perfcollector <> - config : edge : 0
156 [140042552993472] INFO perfrun.perfcollector <> - config : inv : 0
156 [140042552993472] INFO perfrun.perfcollector <> - config : umask : c
156 [140042552993472] INFO perfrun.perfcollector <> - config : thresh : 0
156 [140042552993472] INFO perfrun.perfcollector <> - format : uncore_imc_4/period=0x0,event=0x4,umask=0xc,name='UNC_M_CAS_COUNT.WR[UNIT4]'/
156 [140042552993472] INFO perfrun.perfcollector <> - pmu config : uncore_imc_5 , m_cccrAddr : dc , m_cccrVal : 400c04 , m_escrAddr : ffffffff , m_escrVal : 0 , m_dataAddr : a8 , m_dataVal : 0
156 [140042552993472] INFO perfrun.perfcollector <> - config : event : 4
156 [140042552993472] INFO perfrun.perfcollector <> - config : edge : 0
156 [140042552993472] INFO perfrun.perfcollector <> - config : inv : 0
156 [140042552993472] INFO perfrun.perfcollector <> - config : umask : c
156 [140042552993472] INFO perfrun.perfcollector <> - config : thresh : 0
156 [140042552993472] INFO perfrun.perfcollector <> - format : uncore_imc_5/period=0x0,event=0x4,umask=0xc,name='UNC_M_CAS_COUNT.WR[UNIT5]'/
156 [140042552993472] INFO perfrun.perfcollector <> - event: cpu/period=0xaf79e0,event=0x3c,name='CPU_CLK_UNHALTED.THREAD'/Duk , added for sampling
156 [140042552993472] INFO perfrun.perfcollector <> - event: cpu/period=0xaf79e0,umask=0x3,name='CPU_CLK_UNHALTED.REF_TSC'/Duk , added for sampling
156 [140042552993472] INFO perfrun.perfcollector <> - event: cpu/period=0xaf79e0,event=0xc0,name='INST_RETIRED.ANY'/Duk , added for sampling
156 [140042552993472] INFO perfrun.perfcollector <> - event: cpu/period=0x98968f,event=0xa3,umask=0xc,cmask=0xc,name='CYCLE_ACTIVITY.STALLS_L1D_PENDING'/uk , added for sampling
156 [140042552993472] INFO perfrun.perfcollector <> - event: cpu/period=0x7a12f,event=0x3c,umask=0x1,name='CPU_CLK_UNHALTED.REF_XCLK'/uk , added for sampling
156 [140042552993472] INFO perfrun.perfcollector <> - event: cpu/period=0x7a12f,event=0x3c,umask=0x2,name='CPU_CLK_UNHALTED.ONE_THREAD_ACTIVE'/uk , added for sampling
156 [140042552993472] INFO perfrun.perfcollector <> - event: cpu/period=0x98968f,event=0xa3,umask=0x4,cmask=0x4,name='CYCLE_ACTIVITY.CYCLES_NO_EXECUTE'/uk , added for sampling
156 [140042552993472] INFO perfrun.perfcollector <> - event: cpu/period=0x98968f,event=0xa3,umask=0x6,cmask=0x6,name='CYCLE_ACTIVITY.STALLS_LDM_PENDING'/uk , added for sampling
156 [140042552993472] INFO perfrun.perfcollector <> - event: cpu/period=0x98968f,event=0xa3,umask=0x5,cmask=0x5,name='CYCLE_ACTIVITY.STALLS_L2_PENDING'/uk , added for sampling
156 [140042552993472] INFO perfrun.perfcollector <> - event: cpu/period=0x98968f,event=0x9c,umask=0x1,name='IDQ_UOPS_NOT_DELIVERED.CORE'/uk , added for sampling
156 [140042552993472] INFO perfrun.perfcollector <> - event: cpu/period=0x98968f,event=0xd,umask=0x3,cmask=0x1,name='INT_MISC.RECOVERY_CYCLES'/uk , added for sampling
156 [140042552993472] INFO perfrun.perfcollector <> - event: cpu/period=0x3d09f,event=0xd1,umask=0x4,name='MEM_LOAD_UOPS_RETIRED.L3_HIT_PS'/ukpp , added for sampling
156 [140042552993472] INFO perfrun.perfcollector <> - event: cpu/period=0x3d09f,event=0xd1,umask=0x20,name='MEM_LOAD_UOPS_RETIRED.L3_MISS_PS'/ukpp , added for sampling
156 [140042552993472] INFO perfrun.perfcollector <> - event: cpu/period=0x98968f,event=0x60,umask=0x8,cmask=0x1,name='OFFCORE_REQUESTS_OUTSTANDING.CYCLES_WITH_DATA_RD'/uk , added for sampling
156 [140042552993472] INFO perfrun.perfcollector <> - event: cpu/period=0x98968f,event=0x60,umask=0x8,cmask=0x6,name='OFFCORE_REQUESTS_OUTSTANDING.ALL_DATA_RD:cmask=6'/uk , added for sampling
156 [140042552993472] INFO perfrun.perfcollector <> - event: cpu/period=0x98968f,event=0xa2,umask=0x8,name='RESOURCE_STALLS.SB'/uk , added for sampling
156 [140042552993472] INFO perfrun.perfcollector <> - event: cpu/period=0x98968f,event=0x5e,umask=0x1,name='RS_EVENTS.EMPTY_CYCLES'/uk , added for sampling
156 [140042552993472] INFO perfrun.perfcollector <> - event: cpu/period=0x98968f,event=0xb1,umask=0x2,cmask=0x1,name='UOPS_EXECUTED.CORE:cmask=1'/uk , added for sampling
156 [140042552993472] INFO perfrun.perfcollector <> - event: cpu/period=0x98968f,event=0xb1,umask=0x2,cmask=0x2,name='UOPS_EXECUTED.CORE:cmask=2'/uk , added for sampling
156 [140042552993472] INFO perfrun.perfcollector <> - event: cpu/period=0x98968f,event=0xb1,umask=0x2,cmask=0x3,name='UOPS_EXECUTED.CORE:cmask=3'/uk , added for sampling
156 [140042552993472] INFO perfrun.perfcollector <> - event: cpu/period=0x98968f,event=0xe,umask=0x1,name='UOPS_ISSUED.ANY'/uk , added for sampling
156 [140042552993472] INFO perfrun.perfcollector <> - event: cpu/period=0x98968f,event=0xc2,umask=0x2,name='UOPS_RETIRED.RETIRE_SLOTS'/uk , added for sampling
156 [140042552993472] INFO perfrun.perfcollector <> - event: cpu/period=0x98968f,event=0x9c,umask=0x1,cmask=0x4,name='IDQ_UOPS_NOT_DELIVERED.CYCLES_0_UOPS_DELIV.CORE'/uk , added for sampling
156 [140042552993472] INFO perfrun.perfcollector <> - event: cpu/period=0x7a12f,event=0xd0,umask=0x81,name='MEM_UOPS_RETIRED.ALL_LOADS_PS'/ukpp , added for sampling
156 [140042552993472] INFO perfrun.perfcollector <> - event: cpu/period=0x7a12f,event=0xd0,umask=0x82,name='MEM_UOPS_RETIRED.ALL_STORES_PS'/ukpp , added for sampling
156 [140042552993472] INFO perfrun.perfcollector <> - event: cpu/period=0x7a12f,event=0xd3,umask=0x1,name='MEM_LOAD_UOPS_L3_MISS_RETIRED.LOCAL_DRAM_PS'/ukpp , added for sampling
156 [140042552993472] INFO perfrun.perfcollector <> - event: cpu/period=0x7a12f,event=0xd3,umask=0x4,name='MEM_LOAD_UOPS_L3_MISS_RETIRED.REMOTE_DRAM_PS'/ukpp , added for sampling
156 [140042552993472] INFO perfrun.perfcollector <> - event: cpu/period=0x7a12f,event=0xd3,umask=0x10,name='MEM_LOAD_UOPS_L3_MISS_RETIRED.REMOTE_HITM_PS'/ukpp , added for sampling
156 [140042552993472] INFO perfrun.perfcollector <> - event: cpu/period=0x7a12f,event=0xd3,umask=0x20,name='MEM_LOAD_UOPS_L3_MISS_RETIRED.REMOTE_FWD_PS'/ukpp , added for sampling
156 [140042552993472] INFO perfrun.perfcollector <> - event: uncore_imc_0/period=0x0,event=0x4,umask=0x3,name='UNC_M_CAS_COUNT.RD[UNIT0]'/ , added for counting
156 [140042552993472] INFO perfrun.perfcollector <> - event: uncore_imc_1/period=0x0,event=0x4,umask=0x3,name='UNC_M_CAS_COUNT.RD[UNIT1]'/ , added for counting
156 [140042552993472] INFO perfrun.perfcollector <> - event: uncore_imc_4/period=0x0,event=0x4,umask=0x3,name='UNC_M_CAS_COUNT.RD[UNIT4]'/ , added for counting
156 [140042552993472] INFO perfrun.perfcollector <> - event: uncore_imc_5/period=0x0,event=0x4,umask=0x3,name='UNC_M_CAS_COUNT.RD[UNIT5]'/ , added for counting
156 [140042552993472] INFO perfrun.perfcollector <> - event: uncore_imc_0/period=0x0,event=0x4,umask=0xc,name='UNC_M_CAS_COUNT.WR[UNIT0]'/ , added for counting
156 [140042552993472] INFO perfrun.perfcollector <> - event: uncore_imc_1/period=0x0,event=0x4,umask=0xc,name='UNC_M_CAS_COUNT.WR[UNIT1]'/ , added for counting
156 [140042552993472] INFO perfrun.perfcollector <> - event: uncore_imc_4/period=0x0,event=0x4,umask=0xc,name='UNC_M_CAS_COUNT.WR[UNIT4]'/ , added for counting
156 [140042552993472] INFO perfrun.perfcollector <> - event: uncore_imc_5/period=0x0,event=0x4,umask=0xc,name='UNC_M_CAS_COUNT.WR[UNIT5]'/ , added for counting
157 [140042524153536] WARN perfrun.perfcollector <> - Perf stat trace pipe capacity: read = 1048576, write = 1048576, at file: vcs/perfrun1/plugins/perfcollector/src/profiler.cpp:763
157 [140042524153536] INFO perfrun.perfcollector <> - Path to Perf control pipe: /tmp/amplxe-tmp-efsilva/perf-pipe-3549388-36875725820258520
159 [140042524153536] INFO perfrun.sdk <> - runCmd: "/home/intel/oneapi/vtune/2021.1.1/bin64/amplxe-perf" stat -v --log-fd 11 --pipe "/tmp/amplxe-tmp-efsilva/perf-pipe-3549388-36875725820258520" --pipe-sync -I 10 -A --scale -x ; -a -e uncore_imc_0/period=0x0,event=0x4,umask=0x3,name='UNC_M_CAS_COUNT.RD[UNIT0]'/,uncore_imc_1/period=0x0,event=0x4,umask=0x3,name='UNC_M_CAS_COUNT.RD[UNIT1]'/,uncore_imc_4/period=0x0,event=0x4,umask=0x3,name='UNC_M_CAS_COUNT.RD[UNIT4]'/,uncore_imc_5/period=0x0,event=0x4,umask=0x3,name='UNC_M_CAS_COUNT.RD[UNIT5]'/,uncore_imc_0/period=0x0,event=0x4,umask=0xc,name='UNC_M_CAS_COUNT.WR[UNIT0]'/,uncore_imc_1/period=0x0,event=0x4,umask=0xc,name='UNC_M_CAS_COUNT.WR[UNIT1]'/,uncore_imc_4/period=0x0,event=0x4,umask=0xc,name='UNC_M_CAS_COUNT.WR[UNIT4]'/,uncore_imc_5/period=0x0,event=0x4,umask=0xc,name='UNC_M_CAS_COUNT.WR[UNIT5]'/ "/home/intel/oneapi/vtune/2021.1.1/bin64/amplxe-perf-sync" dryrun sys
198 [140042441848512] INFO perfrun.perfcollector <> - PERF_STAT : "     0.007554254;CPU0;1149;;UNC_M_CAS_COUNT.RD[UNIT0];7553606;100.00;;"
198 [140042441848512] INFO perfrun.perfcollector <> - PERF_STAT : "     0.007554254;CPU10;1772;;UNC_M_CAS_COUNT.RD[UNIT0];7483588;100.00;;"
198 [140042441848512] INFO perfrun.perfcollector <> - PERF_STAT : "     0.007554254;CPU0;1347;;UNC_M_CAS_COUNT.RD[UNIT1];7546036;100.00;;"
198 [140042441848512] INFO perfrun.perfcollector <> - PERF_STAT : "     0.007554254;CPU10;1331;;UNC_M_CAS_COUNT.RD[UNIT1];7475959;100.00;;"
198 [140042441848512] INFO perfrun.perfcollector <> - PERF_STAT : "     0.007554254;CPU0;1086;;UNC_M_CAS_COUNT.RD[UNIT4];7538148;100.00;;"
198 [140042441848512] INFO perfrun.perfcollector <> - PERF_STAT : "     0.007554254;CPU10;1768;;UNC_M_CAS_COUNT.RD[UNIT4];7468573;100.00;;"
198 [140042441848512] INFO perfrun.perfcollector <> - PERF_STAT : "     0.007554254;CPU0;1308;;UNC_M_CAS_COUNT.RD[UNIT5];7530040;100.00;;"
198 [140042441848512] INFO perfrun.perfcollector <> - PERF_STAT : "     0.007554254;CPU10;1334;;UNC_M_CAS_COUNT.RD[UNIT5];7461348;100.00;;"
198 [140042441848512] INFO perfrun.perfcollector <> - PERF_STAT : "     0.007554254;CPU0;173;;UNC_M_CAS_COUNT.WR[UNIT0];7523552;100.00;;"
198 [140042441848512] INFO perfrun.perfcollector <> - PERF_STAT : "     0.007554254;CPU10;1207;;UNC_M_CAS_COUNT.WR[UNIT0];7443082;100.00;;"
198 [140042441848512] INFO perfrun.perfcollector <> - PERF_STAT : "     0.007554254;CPU0;308;;UNC_M_CAS_COUNT.WR[UNIT1];7510505;100.00;;"
198 [140042441848512] INFO perfrun.perfcollector <> - PERF_STAT : "     0.007554254;CPU10;811;;UNC_M_CAS_COUNT.WR[UNIT1];7430803;100.00;;"
199 [140042441848512] INFO perfrun.perfcollector <> - PERF_STAT : "     0.007554254;CPU0;156;;UNC_M_CAS_COUNT.WR[UNIT4];7501525;100.00;;"
199 [140042441848512] INFO perfrun.perfcollector <> - PERF_STAT : "     0.007554254;CPU10;1231;;UNC_M_CAS_COUNT.WR[UNIT4];7418590;100.00;;"
199 [140042441848512] INFO perfrun.perfcollector <> - PERF_STAT : "     0.007554254;CPU0;311;;UNC_M_CAS_COUNT.WR[UNIT5];7488694;100.00;;"
199 [140042441848512] INFO perfrun.perfcollector <> - PERF_STAT : "     0.007554254;CPU10;820;;UNC_M_CAS_COUNT.WR[UNIT5];7406154;100.00;;"
204 [140042524153536] INFO perfrun.perfcollector <> - Monitor: runCmd RC = true
204 [140042441848512] INFO perfrun.perfcollector <> - Path to Perf control pipe: /tmp/amplxe-tmp-efsilva/perf-pipe-3549388-36875725929351691
204 [140042441848512] INFO perfrun.sdk <> - runCmd: "/home/intel/oneapi/vtune/2021.1.1/bin64/amplxe-perf" record -v --pipe "/tmp/amplxe-tmp-efsilva/perf-pipe-3549388-36875725929351691" --pipe-sync -o "/tmp/amplxe-tmp-efsilva/amplxe-res-3549388-36875725579941110/data.0/temp.dryrun.perf" -N -B -T -R --compression-level=1 -e cpu/period=0xaf79e0,event=0x3c,name='CPU_CLK_UNHALTED.THREAD'/Duk,cpu/period=0xaf79e0,umask=0x3,name='CPU_CLK_UNHALTED.REF_TSC'/Duk,cpu/period=0xaf79e0,event=0xc0,name='INST_RETIRED.ANY'/Duk,cpu/period=0x98968f,event=0xa3,umask=0xc,cmask=0xc,name='CYCLE_ACTIVITY.STALLS_L1D_PENDING'/uk,cpu/period=0x7a12f,event=0x3c,umask=0x1,name='CPU_CLK_UNHALTED.REF_XCLK'/uk,cpu/period=0x7a12f,event=0x3c,umask=0x2,name='CPU_CLK_UNHALTED.ONE_THREAD_ACTIVE'/uk,cpu/period=0x98968f,event=0xa3,umask=0x4,cmask=0x4,name='CYCLE_ACTIVITY.CYCLES_NO_EXECUTE'/uk,cpu/period=0x98968f,event=0xa3,umask=0x6,cmask=0x6,name='CYCLE_ACTIVITY.STALLS_LDM_PENDING'/uk,cpu/period=0x98968f,event=0xa3,umask=0x5,cmask=0x5,name='CYCLE_ACTIVITY.STALLS_L2_PENDING'/uk,cpu/period=0x98968f,event=0x9c,umask=0x1,name='IDQ_UOPS_NOT_DELIVERED.CORE'/uk,cpu/period=0x98968f,event=0xd,umask=0x3,cmask=0x1,name='INT_MISC.RECOVERY_CYCLES'/uk,cpu/period=0x3d09f,event=0xd1,umask=0x4,name='MEM_LOAD_UOPS_RETIRED.L3_HIT_PS'/ukpp,cpu/period=0x3d09f,event=0xd1,umask=0x20,name='MEM_LOAD_UOPS_RETIRED.L3_MISS_PS'/ukpp,cpu/period=0x98968f,event=0x60,umask=0x8,cmask=0x1,name='OFFCORE_REQUESTS_OUTSTANDING.CYCLES_WITH_DATA_RD'/uk,cpu/period=0x98968f,event=0x60,umask=0x8,cmask=0x6,name='OFFCORE_REQUESTS_OUTSTANDING.ALL_DATA_RD:cmask=6'/uk,cpu/period=0x98968f,event=0xa2,umask=0x8,name='RESOURCE_STALLS.SB'/uk,cpu/period=0x98968f,event=0x5e,umask=0x1,name='RS_EVENTS.EMPTY_CYCLES'/uk,cpu/period=0x98968f,event=0xb1,umask=0x2,cmask=0x1,name='UOPS_EXECUTED.CORE:cmask=1'/uk,cpu/period=0x98968f,event=0xb1,umask=0x2,cmask=0x2,name='UOPS_EXECUTED.CORE:cmask=2'/uk,cpu/period=0x98968f,event=0xb1,umask=0x2,cmask=0x3,name='UOPS_EXECUTED.CORE:cmask=3'/uk,cpu/period=0x98968f,event=0xe,umask=0x1,name='UOPS_ISSUED.ANY'/uk,cpu/period=0x98968f,event=0xc2,umask=0x2,name='UOPS_RETIRED.RETIRE_SLOTS'/uk,cpu/period=0x98968f,event=0x9c,umask=0x1,cmask=0x4,name='IDQ_UOPS_NOT_DELIVERED.CYCLES_0_UOPS_DELIV.CORE'/uk,cpu/period=0x7a12f,event=0xd0,umask=0x81,name='MEM_UOPS_RETIRED.ALL_LOADS_PS'/ukpp,cpu/period=0x7a12f,event=0xd0,umask=0x82,name='MEM_UOPS_RETIRED.ALL_STORES_PS'/ukpp,cpu/period=0x7a12f,event=0xd3,umask=0x1,name='MEM_LOAD_UOPS_L3_MISS_RETIRED.LOCAL_DRAM_PS'/ukpp,cpu/period=0x7a12f,event=0xd3,umask=0x4,name='MEM_LOAD_UOPS_L3_MISS_RETIRED.REMOTE_DRAM_PS'/ukpp,cpu/period=0x7a12f,event=0xd3,umask=0x10,name='MEM_LOAD_UOPS_L3_MISS_RETIRED.REMOTE_HITM_PS'/ukpp,cpu/period=0x7a12f,event=0xd3,umask=0x20,name='MEM_LOAD_UOPS_L3_MISS_RETIRED.REMOTE_FWD_PS'/ukpp --clockid=monotonic_raw "/home/intel/oneapi/vtune/2021.1.1/bin64/amplxe-perf-sync" dryrun sys
534 [140042441848512] INFO perfrun.perfcollector <> - Monitor: runCmd RC = true
535 [140042433455808] WARN perfrun.perfcollector <> - Perf stat trace pipe capacity: read = 1048576, write = 1048576, at file: vcs/perfrun1/plugins/perfcollector/src/profiler.cpp:763
535 [140042433455808] INFO perfrun.perfcollector <> - Path to Perf control pipe: /tmp/amplxe-tmp-efsilva/perf-pipe-3549388-36875726687594531
536 [140042433455808] INFO perfrun.sdk <> - runCmd: "/home/intel/oneapi/vtune/2021.1.1/bin64/amplxe-perf" stat -v --log-fd 11 --pipe "/tmp/amplxe-tmp-efsilva/perf-pipe-3549388-36875726687594531" --pipe-sync -I 10 -A --scale -x ; -a -e uncore_imc_0/period=0x0,event=0x4,umask=0x3,name='UNC_M_CAS_COUNT.RD[UNIT0]'/,uncore_imc_1/period=0x0,event=0x4,umask=0x3,name='UNC_M_CAS_COUNT.RD[UNIT1]'/,uncore_imc_4/period=0x0,event=0x4,umask=0x3,name='UNC_M_CAS_COUNT.RD[UNIT4]'/,uncore_imc_5/period=0x0,event=0x4,umask=0x3,name='UNC_M_CAS_COUNT.RD[UNIT5]'/,uncore_imc_0/period=0x0,event=0x4,umask=0xc,name='UNC_M_CAS_COUNT.WR[UNIT0]'/,uncore_imc_1/period=0x0,event=0x4,umask=0xc,name='UNC_M_CAS_COUNT.WR[UNIT1]'/,uncore_imc_4/period=0x0,event=0x4,umask=0xc,name='UNC_M_CAS_COUNT.WR[UNIT4]'/,uncore_imc_5/period=0x0,event=0x4,umask=0xc,name='UNC_M_CAS_COUNT.WR[UNIT5]'/ "/home/intel/oneapi/vtune/2021.1.1/bin64/amplxe-perf-sync" dryrun sys
570 [140042524153536] INFO perfrun.perfcollector <> - PERF_STAT : "     0.005159342;CPU0;1767;;UNC_M_CAS_COUNT.RD[UNIT0];5146374;100.00;;"
570 [140042524153536] INFO perfrun.perfcollector <> - PERF_STAT : "     0.005159342;CPU10;1380;;UNC_M_CAS_COUNT.RD[UNIT0];5082864;100.00;;"
570 [140042524153536] INFO perfrun.perfcollector <> - PERF_STAT : "     0.005159342;CPU0;1776;;UNC_M_CAS_COUNT.RD[UNIT1];5139763;100.00;;"
570 [140042524153536] INFO perfrun.perfcollector <> - PERF_STAT : "     0.005159342;CPU10;1059;;UNC_M_CAS_COUNT.RD[UNIT1];5076162;100.00;;"
570 [140042524153536] INFO perfrun.perfcollector <> - PERF_STAT : "     0.005159342;CPU0;1397;;UNC_M_CAS_COUNT.RD[UNIT4];5132282;100.00;;"
570 [140042524153536] INFO perfrun.perfcollector <> - PERF_STAT : "     0.005159342;CPU10;1400;;UNC_M_CAS_COUNT.RD[UNIT4];5069135;100.00;;"
570 [140042524153536] INFO perfrun.perfcollector <> - PERF_STAT : "     0.005159342;CPU0;1754;;UNC_M_CAS_COUNT.RD[UNIT5];5124957;100.00;;"
570 [140042524153536] INFO perfrun.perfcollector <> - PERF_STAT : "     0.005159342;CPU10;1096;;UNC_M_CAS_COUNT.RD[UNIT5];5061909;100.00;;"
570 [140042524153536] INFO perfrun.perfcollector <> - PERF_STAT : "     0.005159342;CPU0;225;;UNC_M_CAS_COUNT.WR[UNIT0];5119250;100.00;;"
571 [140042524153536] INFO perfrun.perfcollector <> - PERF_STAT : "     0.005159342;CPU10;975;;UNC_M_CAS_COUNT.WR[UNIT0];5056338;100.00;;"
571 [140042524153536] INFO perfrun.perfcollector <> - PERF_STAT : "     0.005159342;CPU0;466;;UNC_M_CAS_COUNT.WR[UNIT1];5104765;100.00;;"
571 [140042524153536] INFO perfrun.perfcollector <> - PERF_STAT : "     0.005159342;CPU10;662;;UNC_M_CAS_COUNT.WR[UNIT1];5043762;100.00;;"
571 [140042524153536] INFO perfrun.perfcollector <> - PERF_STAT : "     0.005159342;CPU0;200;;UNC_M_CAS_COUNT.WR[UNIT4];5095671;100.00;;"
571 [140042524153536] INFO perfrun.perfcollector <> - PERF_STAT : "     0.005159342;CPU10;945;;UNC_M_CAS_COUNT.WR[UNIT4];5031372;100.00;;"
571 [140042524153536] INFO perfrun.perfcollector <> - PERF_STAT : "     0.005159342;CPU0;486;;UNC_M_CAS_COUNT.WR[UNIT5];5083722;100.00;;"
571 [140042524153536] INFO perfrun.perfcollector <> - PERF_STAT : "     0.005159342;CPU10;636;;UNC_M_CAS_COUNT.WR[UNIT5];5018887;100.00;;"
573 [140042433455808] INFO perfrun.perfcollector <> - Monitor: runCmd RC = true
573 [140042524153536] INFO perfrun.perfcollector <> - Path to Perf control pipe: /tmp/amplxe-tmp-efsilva/perf-pipe-3549388-36875726776014070
573 [140042524153536] INFO perfrun.sdk <> - runCmd: "/home/intel/oneapi/vtune/2021.1.1/bin64/amplxe-perf" record -v --pipe "/tmp/amplxe-tmp-efsilva/perf-pipe-3549388-36875726776014070" --pipe-sync -o "/tmp/amplxe-tmp-efsilva/amplxe-res-3549388-36875725579941110/data.0/temp.dryrun.perf" -N -B -T -R -d --compression-level=1 -e cpu/period=0xaf79e0,event=0x3c,name='CPU_CLK_UNHALTED.THREAD'/Duk,cpu/period=0xaf79e0,umask=0x3,name='CPU_CLK_UNHALTED.REF_TSC'/Duk,cpu/period=0xaf79e0,event=0xc0,name='INST_RETIRED.ANY'/Duk,cpu/period=0x98968f,event=0xa3,umask=0xc,cmask=0xc,name='CYCLE_ACTIVITY.STALLS_L1D_PENDING'/uk,cpu/period=0x7a12f,event=0x3c,umask=0x1,name='CPU_CLK_UNHALTED.REF_XCLK'/uk,cpu/period=0x7a12f,event=0x3c,umask=0x2,name='CPU_CLK_UNHALTED.ONE_THREAD_ACTIVE'/uk,cpu/period=0x98968f,event=0xa3,umask=0x4,cmask=0x4,name='CYCLE_ACTIVITY.CYCLES_NO_EXECUTE'/uk,cpu/period=0x98968f,event=0xa3,umask=0x6,cmask=0x6,name='CYCLE_ACTIVITY.STALLS_LDM_PENDING'/uk,cpu/period=0x98968f,event=0xa3,umask=0x5,cmask=0x5,name='CYCLE_ACTIVITY.STALLS_L2_PENDING'/uk,cpu/period=0x98968f,event=0x9c,umask=0x1,name='IDQ_UOPS_NOT_DELIVERED.CORE'/uk,cpu/period=0x98968f,event=0xd,umask=0x3,cmask=0x1,name='INT_MISC.RECOVERY_CYCLES'/uk,cpu/period=0x3d09f,event=0xd1,umask=0x4,name='MEM_LOAD_UOPS_RETIRED.L3_HIT_PS'/ukpp,cpu/period=0x3d09f,event=0xd1,umask=0x20,name='MEM_LOAD_UOPS_RETIRED.L3_MISS_PS'/ukpp,cpu/period=0x98968f,event=0x60,umask=0x8,cmask=0x1,name='OFFCORE_REQUESTS_OUTSTANDING.CYCLES_WITH_DATA_RD'/uk,cpu/period=0x98968f,event=0x60,umask=0x8,cmask=0x6,name='OFFCORE_REQUESTS_OUTSTANDING.ALL_DATA_RD:cmask=6'/uk,cpu/period=0x98968f,event=0xa2,umask=0x8,name='RESOURCE_STALLS.SB'/uk,cpu/period=0x98968f,event=0x5e,umask=0x1,name='RS_EVENTS.EMPTY_CYCLES'/uk,cpu/period=0x98968f,event=0xb1,umask=0x2,cmask=0x1,name='UOPS_EXECUTED.CORE:cmask=1'/uk,cpu/period=0x98968f,event=0xb1,umask=0x2,cmask=0x2,name='UOPS_EXECUTED.CORE:cmask=2'/uk,cpu/period=0x98968f,event=0xb1,umask=0x2,cmask=0x3,name='UOPS_EXECUTED.CORE:cmask=3'/uk,cpu/period=0x98968f,event=0xe,umask=0x1,name='UOPS_ISSUED.ANY'/uk,cpu/period=0x98968f,event=0xc2,umask=0x2,name='UOPS_RETIRED.RETIRE_SLOTS'/uk,cpu/period=0x98968f,event=0x9c,umask=0x1,cmask=0x4,name='IDQ_UOPS_NOT_DELIVERED.CYCLES_0_UOPS_DELIV.CORE'/uk,cpu/period=0x7a12f,event=0xd0,umask=0x81,name='MEM_UOPS_RETIRED.ALL_LOADS_PS'/ukpp,cpu/period=0x7a12f,event=0xd0,umask=0x82,name='MEM_UOPS_RETIRED.ALL_STORES_PS'/ukpp,cpu/period=0x7a12f,event=0xd3,umask=0x1,name='MEM_LOAD_UOPS_L3_MISS_RETIRED.LOCAL_DRAM_PS'/ukpp,cpu/period=0x7a12f,event=0xd3,umask=0x4,name='MEM_LOAD_UOPS_L3_MISS_RETIRED.REMOTE_DRAM_PS'/ukpp,cpu/period=0x7a12f,event=0xd3,umask=0x10,name='MEM_LOAD_UOPS_L3_MISS_RETIRED.REMOTE_HITM_PS'/ukpp,cpu/period=0x7a12f,event=0xd3,umask=0x20,name='MEM_LOAD_UOPS_L3_MISS_RETIRED.REMOTE_FWD_PS'/ukpp --clockid=monotonic_raw "/home/intel/oneapi/vtune/2021.1.1/bin64/amplxe-perf-sync" dryrun sys
874 [140042524153536] INFO perfrun.perfcollector <> - Monitor: runCmd RC = true
875 [140042552993472] INFO perfrun.launcher <> - plugin [aoclprofile] was disabled because it doesn't support the given collection type.
875 [140042552993472] INFO perfrun.tpss <> - initialize tpss controller
875 [140042552993472] INFO perfrun.launcher <> - plugin [tpss] was disabled because it doesn't support the given collection type.
875 [140042552993472] INFO perfrun.launcher <> - plugin [exprof] was disabled because it doesn't support the given collection type.
875 [140042552993472] INFO perfrun.launcher <> - plugin [ice] was disabled because it doesn't support the given collection type.
875 [140042552993472] INFO perfrun.launcher <> - plugin [] was disabled because it doesn't support the given collection type.
875 [140042552993472] INFO perfrun.launcher <> - plugin [] was disabled because it doesn't support the given collection type.
875 [140042552993472] INFO perfrun.launcher <> - plugin [parallelfs] was disabled because it doesn't support the given collection type.
875 [140042552993472] INFO perfrun.launcher <> - plugin [power] was disabled because it doesn't support the given collection type.
875 [140042552993472] INFO perfrun.launcher <> - plugin [hwloc] was disabled because it doesn't support the given collection type.
875 [140042552993472] INFO perfrun.launcher <> - plugin [ipmwatch] was disabled because it doesn't support the given collection type.
875 [140042552993472] INFO perfrun.launcher <> - plugin [os_counters] was disabled because it doesn't support the given collection type.
875 [140042709390016] INFO perfrun.launcher <> - set environment variable: LD_LIBRARY_PATH = /home/intel/oneapi/vtune/2021.1.1/lib32/runtime:/home/intel/oneapi/vtune/2021.1.1/lib64/runtime
875 [140042709390016] INFO perfrun.launcher <> - set environment variable: INTEL_LIBITTNOTIFY32 = /home/intel/oneapi/vtune/2021.1.1/lib32/runtime/libittnotify_collector.so
875 [140042709390016] INFO perfrun.launcher <> - set environment variable: INTEL_LIBITTNOTIFY64 = /home/intel/oneapi/vtune/2021.1.1/lib64/runtime/libittnotify_collector.so
875 [140042709390016] INFO perfrun.launcher <> - set environment variable: INTEL_ITTNOTIFY_GROUPS = 
875 [140042709390016] INFO perfrun.launcher <> - set environment variable: INTEL_JIT_PROFILER32 = /home/intel/oneapi/vtune/2021.1.1/lib32/runtime/libittnotify_collector.so
875 [140042709390016] INFO perfrun.launcher <> - set environment variable: INTEL_JIT_PROFILER64 = /home/intel/oneapi/vtune/2021.1.1/lib64/runtime/libittnotify_collector.so
875 [140042709390016] INFO perfrun.launcher <> - set environment variable: VS_PROFILER = libittnotify_collector.so
875 [140042709390016] INFO perfrun.launcher <> - set environment variable: OMP_TOOL_LIBRARIES = /home/intel/oneapi/vtune/2021.1.1/lib32/runtime/libittnotify_collector.so:/home/intel/oneapi/vtune/2021.1.1/lib64/runtime/libittnotify_collector.so
875 [140042709390016] INFO perfrun.launcher <> - set environment variable: ENABLE_JITPROFILING = 1
875 [140042709390016] INFO perfrun.launcher <> - set environment variable: CL_CONFIG_USE_VTUNE = True
875 [140042709390016] INFO perfrun.launcher <> - set environment variable: INTEL_MRTE_DATA_DIR = /tmp/amplxe-tmp-efsilva/amplxe-res-3549388-36875725579941110/data.0
875 [140042709390016] INFO perfrun.launcher <> - set environment variable: INTEL_MRTE_HOST_NAME = hype5
875 [140042709390016] INFO perfrun.launcher <> - set environment variable: JAVA_TOOL_OPTIONS = -agentlib:amplxe_samplingmrte_javaprof_1.0 -Dsun.boot.library.path=/home/intel/oneapi/vtune/2021.1.1/lib32/runtime:/home/intel/oneapi/vtune/2021.1.1/lib64/runtime
875 [140042709390016] INFO perfrun.launcher <> - set environment variable: CORECLR_ENABLE_PROFILING = 1
875 [140042709390016] INFO perfrun.launcher <> - set environment variable: CORECLR_PROFILER = {AA5E4821-E3B1-479c-B7FF-5AD047D22CED}
875 [140042709390016] INFO perfrun.launcher <> - set environment variable: CORECLR_PROFILER_PATH = /home/intel/oneapi/vtune/2021.1.1/lib64/libamplxe_samplingmrte_clrprof_1.0.so
875 [140042709390016] INFO perfrun.launcher <> - set environment variable: INTEL_MRTE_PROFILER_MODE = mixed
875 [140042709390016] INFO perfrun.launcher <> - RpcServer: run RPC server to handle requests
879 [140042709390016] INFO perfrun.launcher <> - Launcher: command line to start before modification = build/omp-avx2/image_benchmark --image images/6000x6000.png /home/users/efsilva/teste/INF01077/resultados_pcad_hype_hpc_simd_823348/06_Grayscale_omp-avx2_t1/profile.csv --operations Grayscale --run-id 06_Grayscale_omp-avx2_t1-profile --repeat 0 --warmup --profile-iterations 25 --reference-hashes /home/users/efsilva/teste/INF01077/resultados_pcad_hype_hpc_simd_823348/reference_hashes.csv
879 [140042709390016] INFO perfrun.launcher <> - Launcher: command line to start after modification = build/omp-avx2/image_benchmark --image images/6000x6000.png /home/users/efsilva/teste/INF01077/resultados_pcad_hype_hpc_simd_823348/06_Grayscale_omp-avx2_t1/profile.csv --operations Grayscale --run-id 06_Grayscale_omp-avx2_t1-profile --repeat 0 --warmup --profile-iterations 25 --reference-hashes /home/users/efsilva/teste/INF01077/resultados_pcad_hype_hpc_simd_823348/reference_hashes.csv
879 [140042709390016] INFO perfrun.launcher <> - ProcessCreator object was created
879 [140042709390016] INFO perfrun.launcher <> - Launcher: the process was started in suspend mode
880 [140042552993472] INFO perfrun.launcher <> - Messenger::say: Peak bandwidth measurement started.
6335 [140042552993472] INFO perfrun.launcher <> - Messenger::say: Peak bandwidth measurement finished.
6339 [140042552993472] WARN perfrun.system <> - Could not do anything with /sys/kernel/debug/kvm: boost::filesystem::status: Permission denied: "/sys/kernel/debug/kvm", at file: vcs/perfrun1/plugins/system/src/trace_writer.cpp:796
6339 [140042552993472] WARN perfrun.system <> - Folder "/var/run/libvirt/qemu/"doesn't exist, at file: vcs/perfrun1/plugins/system/src/trace_writer.cpp:809
6379 [140042552993472] WARN perfrun.sdk <> - Failed to find xl binary on any of the system paths: /bin, /sbin, /usr/bin, /usr/sbin., at file: vcs/perfrun1/sdk/src/utils.cpp:197
6379 [140042552993472] WARN perfrun.system <> - Could not start ContainerMapping collector, at file: vcs/perfrun1/plugins/system/src/controller.cpp:468
6410 [140042552993472] INFO perfrun.vdso <> - Helper runtool '/home/intel/oneapi/vtune/2021.1.1/bin32/amplxe-runss -dump-vdso -r /tmp/amplxe-tmp-efsilva/amplxe-res-3549388-36875725579941110 --tmp-dir /tmp/amplxe-tmp-efsilva' returned 1
6500 [140042552993472] INFO perfrun.vdso <> - Helper runtool '/home/intel/oneapi/vtune/2021.1.1/bin64/amplxe-runss -dump-vdso -r /tmp/amplxe-tmp-efsilva/amplxe-res-3549388-36875725579941110 --tmp-dir /tmp/amplxe-tmp-efsilva' returned 0
6500 [140042552993472] INFO perfrun.itt <> - start itt controller for pid #3549409
6500 [140042391492288] WARN perfrun.perfcollector <> - Perf stat trace pipe capacity: read = 1048576, write = 1048576, at file: vcs/perfrun1/plugins/perfcollector/src/profiler.cpp:763
6500 [140042391492288] INFO perfrun.perfcollector <> - Path to Perf control pipe: /tmp/amplxe-tmp-efsilva/perf-pipe-3549388-36875740375934333
6502 [140042391492288] INFO perfrun.sdk <> - runCmd: "/home/intel/oneapi/vtune/2021.1.1/bin64/amplxe-perf" stat -v --log-fd 22 --pipe "/tmp/amplxe-tmp-efsilva/perf-pipe-3549388-36875740375934333" --pipe-sync -I 10 -A --scale -x ; -a -e uncore_imc_0/period=0x0,event=0x4,umask=0x3,name='UNC_M_CAS_COUNT.RD[UNIT0]'/,uncore_imc_1/period=0x0,event=0x4,umask=0x3,name='UNC_M_CAS_COUNT.RD[UNIT1]'/,uncore_imc_4/period=0x0,event=0x4,umask=0x3,name='UNC_M_CAS_COUNT.RD[UNIT4]'/,uncore_imc_5/period=0x0,event=0x4,umask=0x3,name='UNC_M_CAS_COUNT.RD[UNIT5]'/,uncore_imc_0/period=0x0,event=0x4,umask=0xc,name='UNC_M_CAS_COUNT.WR[UNIT0]'/,uncore_imc_1/period=0x0,event=0x4,umask=0xc,name='UNC_M_CAS_COUNT.WR[UNIT1]'/,uncore_imc_4/period=0x0,event=0x4,umask=0xc,name='UNC_M_CAS_COUNT.WR[UNIT4]'/,uncore_imc_5/period=0x0,event=0x4,umask=0xc,name='UNC_M_CAS_COUNT.WR[UNIT5]'/ "/home/intel/oneapi/vtune/2021.1.1/bin64/amplxe-perf-sync" sync sys
6534 [140042399884992] INFO perfrun.perfcollector <> - Path to Perf control pipe: /tmp/amplxe-tmp-efsilva/perf-pipe-3549388-36875740454190924
6534 [140042399884992] INFO perfrun.sdk <> - runCmd: "/home/intel/oneapi/vtune/2021.1.1/bin64/amplxe-perf" record -v --pipe "/tmp/amplxe-tmp-efsilva/perf-pipe-3549388-36875740454190924" --pipe-sync -o "/tmp/amplxe-tmp-efsilva/amplxe-res-3549388-36875725579941110/data.0/3549409.perf" -N -B -T -R -d -p 3549409 --compression-level=1 --threads -e cpu/period=0xaf79e0,event=0x3c,name='CPU_CLK_UNHALTED.THREAD'/Duk,cpu/period=0xaf79e0,umask=0x3,name='CPU_CLK_UNHALTED.REF_TSC'/Duk,cpu/period=0xaf79e0,event=0xc0,name='INST_RETIRED.ANY'/Duk,cpu/period=0x98968f,event=0xa3,umask=0xc,cmask=0xc,name='CYCLE_ACTIVITY.STALLS_L1D_PENDING'/uk,cpu/period=0x7a12f,event=0x3c,umask=0x1,name='CPU_CLK_UNHALTED.REF_XCLK'/uk,cpu/period=0x7a12f,event=0x3c,umask=0x2,name='CPU_CLK_UNHALTED.ONE_THREAD_ACTIVE'/uk,cpu/period=0x98968f,event=0xa3,umask=0x4,cmask=0x4,name='CYCLE_ACTIVITY.CYCLES_NO_EXECUTE'/uk,cpu/period=0x98968f,event=0xa3,umask=0x6,cmask=0x6,name='CYCLE_ACTIVITY.STALLS_LDM_PENDING'/uk,cpu/period=0x98968f,event=0xa3,umask=0x5,cmask=0x5,name='CYCLE_ACTIVITY.STALLS_L2_PENDING'/uk,cpu/period=0x98968f,event=0x9c,umask=0x1,name='IDQ_UOPS_NOT_DELIVERED.CORE'/uk,cpu/period=0x98968f,event=0xd,umask=0x3,cmask=0x1,name='INT_MISC.RECOVERY_CYCLES'/uk,cpu/period=0x3d09f,event=0xd1,umask=0x4,name='MEM_LOAD_UOPS_RETIRED.L3_HIT_PS'/ukpp,cpu/period=0x3d09f,event=0xd1,umask=0x20,name='MEM_LOAD_UOPS_RETIRED.L3_MISS_PS'/ukpp,cpu/period=0x98968f,event=0x60,umask=0x8,cmask=0x1,name='OFFCORE_REQUESTS_OUTSTANDING.CYCLES_WITH_DATA_RD'/uk,cpu/period=0x98968f,event=0x60,umask=0x8,cmask=0x6,name='OFFCORE_REQUESTS_OUTSTANDING.ALL_DATA_RD:cmask=6'/uk,cpu/period=0x98968f,event=0xa2,umask=0x8,name='RESOURCE_STALLS.SB'/uk,cpu/period=0x98968f,event=0x5e,umask=0x1,name='RS_EVENTS.EMPTY_CYCLES'/uk,cpu/period=0x98968f,event=0xb1,umask=0x2,cmask=0x1,name='UOPS_EXECUTED.CORE:cmask=1'/uk,cpu/period=0x98968f,event=0xb1,umask=0x2,cmask=0x2,name='UOPS_EXECUTED.CORE:cmask=2'/uk,cpu/period=0x98968f,event=0xb1,umask=0x2,cmask=0x3,name='UOPS_EXECUTED.CORE:cmask=3'/uk,cpu/period=0x98968f,event=0xe,umask=0x1,name='UOPS_ISSUED.ANY'/uk,cpu/period=0x98968f,event=0xc2,umask=0x2,name='UOPS_RETIRED.RETIRE_SLOTS'/uk,cpu/period=0x98968f,event=0x9c,umask=0x1,cmask=0x4,name='IDQ_UOPS_NOT_DELIVERED.CYCLES_0_UOPS_DELIV.CORE'/uk,cpu/period=0x7a12f,event=0xd0,umask=0x81,name='MEM_UOPS_RETIRED.ALL_LOADS_PS'/ukpp,cpu/period=0x7a12f,event=0xd0,umask=0x82,name='MEM_UOPS_RETIRED.ALL_STORES_PS'/ukpp,cpu/period=0x7a12f,event=0xd3,umask=0x1,name='MEM_LOAD_UOPS_L3_MISS_RETIRED.LOCAL_DRAM_PS'/ukpp,cpu/period=0x7a12f,event=0xd3,umask=0x4,name='MEM_LOAD_UOPS_L3_MISS_RETIRED.REMOTE_DRAM_PS'/ukpp,cpu/period=0x7a12f,event=0xd3,umask=0x10,name='MEM_LOAD_UOPS_L3_MISS_RETIRED.REMOTE_HITM_PS'/ukpp,cpu/period=0x7a12f,event=0xd3,umask=0x20,name='MEM_LOAD_UOPS_L3_MISS_RETIRED.REMOTE_FWD_PS'/ukpp --clockid=monotonic_raw "/home/intel/oneapi/vtune/2021.1.1/bin64/amplxe-perf-sync" sync sys
6541 [140042433455808] INFO perfrun.perfcollector <> - PERF_STAT : "     0.010399094;CPU0;5987;;UNC_M_CAS_COUNT.RD[UNIT0];10377717;100.00;;"
6541 [140042433455808] INFO perfrun.perfcollector <> - PERF_STAT : "     0.010399094;CPU10;7595;;UNC_M_CAS_COUNT.RD[UNIT0];10299152;100.00;;"
6541 [140042433455808] INFO perfrun.perfcollector <> - PERF_STAT : "     0.010399094;CPU0;6634;;UNC_M_CAS_COUNT.RD[UNIT1];10371244;100.00;;"
6541 [140042433455808] INFO perfrun.perfcollector <> - PERF_STAT : "     0.010399094;CPU10;6876;;UNC_M_CAS_COUNT.RD[UNIT1];10290711;100.00;;"
6541 [140042433455808] INFO perfrun.perfcollector <> - PERF_STAT : "     0.010399094;CPU0;6017;;UNC_M_CAS_COUNT.RD[UNIT4];10363859;100.00;;"
6541 [140042433455808] INFO perfrun.perfcollector <> - PERF_STAT : "     0.010399094;CPU10;7470;;UNC_M_CAS_COUNT.RD[UNIT4];10282173;100.00;;"
6541 [140042433455808] INFO perfrun.perfcollector <> - PERF_STAT : "     0.010399094;CPU0;6691;;UNC_M_CAS_COUNT.RD[UNIT5];10356521;100.00;;"
6541 [140042433455808] INFO perfrun.perfcollector <> - PERF_STAT : "     0.010399094;CPU10;6787;;UNC_M_CAS_COUNT.RD[UNIT5];10273912;100.00;;"
6541 [140042433455808] INFO perfrun.perfcollector <> - PERF_STAT : "     0.010399094;CPU0;1699;;UNC_M_CAS_COUNT.WR[UNIT0];10350392;100.00;;"
6541 [140042433455808] INFO perfrun.perfcollector <> - PERF_STAT : "     0.010399094;CPU10;2567;;UNC_M_CAS_COUNT.WR[UNIT0];10266794;100.00;;"
6541 [140042433455808] INFO perfrun.perfcollector <> - PERF_STAT : "     0.010399094;CPU0;2116;;UNC_M_CAS_COUNT.WR[UNIT1];10341656;100.00;;"
6541 [140042433455808] INFO perfrun.perfcollector <> - PERF_STAT : "     0.010399094;CPU10;1978;;UNC_M_CAS_COUNT.WR[UNIT1];10252857;100.00;;"
6541 [140042433455808] INFO perfrun.perfcollector <> - PERF_STAT : "     0.010399094;CPU0;1669;;UNC_M_CAS_COUNT.WR[UNIT4];10330126;100.00;;"
6541 [140042433455808] INFO perfrun.perfcollector <> - PERF_STAT : "     0.010399094;CPU10;2578;;UNC_M_CAS_COUNT.WR[UNIT4];10238780;100.00;;"
6541 [140042433455808] INFO perfrun.perfcollector <> - PERF_STAT : "     0.010399094;CPU0;2138;;UNC_M_CAS_COUNT.WR[UNIT5];10314789;100.00;;"
6541 [140042433455808] INFO perfrun.perfcollector <> - PERF_STAT : "     0.010399094;CPU10;2049;;UNC_M_CAS_COUNT.WR[UNIT5];10224735;100.00;;"
6551 [140042433455808] INFO perfrun.perfcollector <> - PERF_STAT : "     0.020687250;CPU0;994;;UNC_M_CAS_COUNT.RD[UNIT0];10284899;100.00;;"
6551 [140042433455808] INFO perfrun.perfcollector <> - PERF_STAT : "     0.020687250;CPU10;1194;;UNC_M_CAS_COUNT.RD[UNIT0];10281829;100.00;;"
6551 [140042433455808] INFO perfrun.perfcollector <> - PERF_STAT : "     0.020687250;CPU0;1477;;UNC_M_CAS_COUNT.RD[UNIT1];10284609;100.00;;"
6551 [140042433455808] INFO perfrun.perfcollector <> - PERF_STAT : "     0.020687250;CPU10;728;;UNC_M_CAS_COUNT.RD[UNIT1];10281799;100.00;;"
6551 [140042433455808] INFO perfrun.perfcollector <> - PERF_STAT : "     0.020687250;CPU0;930;;UNC_M_CAS_COUNT.RD[UNIT4];10284850;100.00;;"
6551 [140042433455808] INFO perfrun.perfcollector <> - PERF_STAT : "     0.020687250;CPU10;1217;;UNC_M_CAS_COUNT.RD[UNIT4];10281787;100.00;;"
6551 [140042433455808] INFO perfrun.perfcollector <> - PERF_STAT : "     0.020687250;CPU0;1460;;UNC_M_CAS_COUNT.RD[UNIT5];10285098;100.00;;"
6551 [140042433455808] INFO perfrun.perfcollector <> - PERF_STAT : "     0.020687250;CPU10;624;;UNC_M_CAS_COUNT.RD[UNIT5];10281804;100.00;;"
6551 [140042433455808] INFO perfrun.perfcollector <> - PERF_STAT : "     0.020687250;CPU0;384;;UNC_M_CAS_COUNT.WR[UNIT0];10285099;100.00;;"
6551 [140042433455808] INFO perfrun.perfcollector <> - PERF_STAT : "     0.020687250;CPU10;889;;UNC_M_CAS_COUNT.WR[UNIT0];10281637;100.00;;"
6551 [140042433455808] INFO perfrun.perfcollector <> - PERF_STAT : "     0.020687250;CPU0;902;;UNC_M_CAS_COUNT.WR[UNIT1];10282474;100.00;;"
6551 [140042433455808] INFO perfrun.perfcollector <> - PERF_STAT : "     0.020687250;CPU10;329;;UNC_M_CAS_COUNT.WR[UNIT1];10281623;100.00;;"
6551 [140042433455808] INFO perfrun.perfcollector <> - PERF_STAT : "     0.020687250;CPU0;376;;UNC_M_CAS_COUNT.WR[UNIT4];10282615;100.00;;"
6551 [140042433455808] INFO perfrun.perfcollector <> - PERF_STAT : "     0.020687250;CPU10;872;;UNC_M_CAS_COUNT.WR[UNIT4];10281636;100.00;;"
6551 [140042433455808] INFO perfrun.perfcollector <> - PERF_STAT : "     0.020687250;CPU0;909;;UNC_M_CAS_COUNT.WR[UNIT5];10282679;100.00;;"
6551 [140042433455808] INFO perfrun.perfcollector <> - PERF_STAT : "     0.020687250;CPU10;317;;UNC_M_CAS_COUNT.WR[UNIT5];10281736;100.00;;"
6561 [140042433455808] INFO perfrun.perfcollector <> - PERF_STAT : "     0.030933292;CPU0;500;;UNC_M_CAS_COUNT.RD[UNIT0];10244904;100.00;;"
6561 [140042433455808] INFO perfrun.perfcollector <> - PERF_STAT : "     0.030933292;CPU10;998;;UNC_M_CAS_COUNT.RD[UNIT0];10245696;100.00;;"
6561 [140042433455808] INFO perfrun.perfcollector <> - PERF_STAT : "     0.030933292;CPU0;1010;;UNC_M_CAS_COUNT.RD[UNIT1];10244967;100.00;;"
6561 [140042433455808] INFO perfrun.perfcollector <> - PERF_STAT : "     0.030933292;CPU10;455;;UNC_M_CAS_COUNT.RD[UNIT1];10245437;100.00;;"
6561 [140042433455808] INFO perfrun.perfcollector <> - PERF_STAT : "     0.030933292;CPU0;506;;UNC_M_CAS_COUNT.RD[UNIT4];10244894;100.00;;"
6561 [140042433455808] INFO perfrun.perfcollector <> - PERF_STAT : "     0.030933292;CPU10;1059;;UNC_M_CAS_COUNT.RD[UNIT4];10245416;100.00;;"
6562 [140042433455808] INFO perfrun.perfcollector <> - PERF_STAT : "     0.030933292;CPU0;1042;;UNC_M_CAS_COUNT.RD[UNIT5];10244685;100.00;;"
6562 [140042433455808] INFO perfrun.perfcollector <> - PERF_STAT : "     0.030933292;CPU10;500;;UNC_M_CAS_COUNT.RD[UNIT5];10245364;100.00;;"
6562 [140042433455808] INFO perfrun.perfcollector <> - PERF_STAT : "     0.030933292;CPU0;191;;UNC_M_CAS_COUNT.WR[UNIT0];10244682;100.00;;"
6562 [140042433455808] INFO perfrun.perfcollector <> - PERF_STAT : "     0.030933292;CPU10;785;;UNC_M_CAS_COUNT.WR[UNIT0];10245460;100.00;;"
6562 [140042433455808] INFO perfrun.perfcollector <> - PERF_STAT : "     0.030933292;CPU0;717;;UNC_M_CAS_COUNT.WR[UNIT1];10244485;100.00;;"
6562 [140042433455808] INFO perfrun.perfcollector <> - PERF_STAT : "     0.030933292;CPU10;231;;UNC_M_CAS_COUNT.WR[UNIT1];10245434;100.00;;"
6562 [140042433455808] INFO perfrun.perfcollector <> - PERF_STAT : "     0.030933292;CPU0;196;;UNC_M_CAS_COUNT.WR[UNIT4];10244390;100.00;;"
6562 [140042433455808] INFO perfrun.perfcollector <> - PERF_STAT : "     0.030933292;CPU10;678;;UNC_M_CAS_COUNT.WR[UNIT4];10245409;100.00;;"
6562 [140042433455808] INFO perfrun.perfcollector <> - PERF_STAT : "     0.030933292;CPU0;733;;UNC_M_CAS_COUNT.WR[UNIT5];10244404;100.00;;"
6562 [140042433455808] INFO perfrun.perfcollector <> - PERF_STAT : "     0.030933292;CPU10;131;;UNC_M_CAS_COUNT.WR[UNIT5];10245236;100.00;;"
6572 [140042433455808] INFO perfrun.perfcollector <> - PERF_STAT : "     0.041179889;CPU0;3841;;UNC_M_CAS_COUNT.RD[UNIT0];10247514;100.00;;"
6572 [140042433455808] INFO perfrun.perfcollector <> - PERF_STAT : "     0.041179889;CPU10;3979;;UNC_M_CAS_COUNT.RD[UNIT0];10245590;100.00;;"
6572 [140042433455808] INFO perfrun.perfcollector <> - PERF_STAT : "     0.041179889;CPU0;4243;;UNC_M_CAS_COUNT.RD[UNIT1];10247462;100.00;;"
6572 [140042433455808] INFO perfrun.perfcollector <> - PERF_STAT : "     0.041179889;CPU10;3465;;UNC_M_CAS_COUNT.RD[UNIT1];10245650;100.00;;"
6572 [140042433455808] INFO perfrun.perfcollector <> - PERF_STAT : "     0.041179889;CPU0;3885;;UNC_M_CAS_COUNT.RD[UNIT4];10247428;100.00;;"
6572 [140042433455808] INFO perfrun.perfcollector <> - PERF_STAT : "     0.041179889;CPU10;4120;;UNC_M_CAS_COUNT.RD[UNIT4];10245745;100.00;;"
6572 [140042433455808] INFO perfrun.perfcollector <> - PERF_STAT : "     0.041179889;CPU0;4344;;UNC_M_CAS_COUNT.RD[UNIT5];10247437;100.00;;"
6572 [140042433455808] INFO perfrun.perfcollector <> - PERF_STAT : "     0.041179889;CPU10;3537;;UNC_M_CAS_COUNT.RD[UNIT5];10245633;100.00;;"
6572 [140042433455808] INFO perfrun.perfcollector <> - PERF_STAT : "     0.041179889;CPU0;1308;;UNC_M_CAS_COUNT.WR[UNIT0];10247439;100.00;;"
6572 [140042433455808] INFO perfrun.perfcollector <> - PERF_STAT : "     0.041179889;CPU10;1121;;UNC_M_CAS_COUNT.WR[UNIT0];10245504;100.00;;"
6572 [140042433455808] INFO perfrun.perfcollector <> - PERF_STAT : "     0.041179889;CPU0;1956;;UNC_M_CAS_COUNT.WR[UNIT1];10247409;100.00;;"
6572 [140042433455808] INFO perfrun.perfcollector <> - PERF_STAT : "     0.041179889;CPU10;600;;UNC_M_CAS_COUNT.WR[UNIT1];10245481;100.00;;"
6572 [140042433455808] INFO perfrun.perfcollector <> - PERF_STAT : "     0.041179889;CPU0;1400;;UNC_M_CAS_COUNT.WR[UNIT4];10247490;100.00;;"
6572 [140042433455808] INFO perfrun.perfcollector <> - PERF_STAT : "     0.041179889;CPU10;1046;;UNC_M_CAS_COUNT.WR[UNIT4];10245451;100.00;;"
6572 [140042433455808] INFO perfrun.perfcollector <> - PERF_STAT : "     0.041179889;CPU0;1942;;UNC_M_CAS_COUNT.WR[UNIT5];10247421;100.00;;"
6572 [140042433455808] INFO perfrun.perfcollector <> - PERF_STAT : "     0.041179889;CPU10;521;;UNC_M_CAS_COUNT.WR[UNIT5];10245439;100.00;;"
6582 [140042433455808] INFO perfrun.perfcollector <> - PERF_STAT : "     0.051423880;CPU0;4263;;UNC_M_CAS_COUNT.RD[UNIT0];10251386;100.00;;"
6582 [140042433455808] INFO perfrun.perfcollector <> - PERF_STAT : "     0.051423880;CPU10;6793;;UNC_M_CAS_COUNT.RD[UNIT0];10250910;100.00;;"
6582 [140042433455808] INFO perfrun.perfcollector <> - PERF_STAT : "     0.051423880;CPU0;4887;;UNC_M_CAS_COUNT.RD[UNIT1];10251359;100.00;;"
6582 [140042433455808] INFO perfrun.perfcollector <> - PERF_STAT : "     0.051423880;CPU10;6198;;UNC_M_CAS_COUNT.RD[UNIT1];10250824;100.00;;"
6582 [140042433455808] INFO perfrun.perfcollector <> - PERF_STAT : "     0.051423880;CPU0;4280;;UNC_M_CAS_COUNT.RD[UNIT4];10251345;100.00;;"
6582 [140042433455808] INFO perfrun.perfcollector <> - PERF_STAT : "     0.051423880;CPU10;6741;;UNC_M_CAS_COUNT.RD[UNIT4];10250691;100.00;;"
6582 [140042433455808] INFO perfrun.perfcollector <> - PERF_STAT : "     0.051423880;CPU0;4955;;UNC_M_CAS_COUNT.RD[UNIT5];10251255;100.00;;"
6582 [140042433455808] INFO perfrun.perfcollector <> - PERF_STAT : "     0.051423880;CPU10;6177;;UNC_M_CAS_COUNT.RD[UNIT5];10250764;100.00;;"
6582 [140042433455808] INFO perfrun.perfcollector <> - PERF_STAT : "     0.051423880;CPU0;2387;;UNC_M_CAS_COUNT.WR[UNIT0];10251531;100.00;;"
6582 [140042433455808] INFO perfrun.perfcollector <> - PERF_STAT : "     0.051423880;CPU10;1437;;UNC_M_CAS_COUNT.WR[UNIT0];10250672;100.00;;"
6582 [140042433455808] INFO perfrun.perfcollector <> - PERF_STAT : "     0.051423880;CPU0;2947;;UNC_M_CAS_COUNT.WR[UNIT1];10251469;100.00;;"
6582 [140042433455808] INFO perfrun.perfcollector <> - PERF_STAT : "     0.051423880;CPU10;892;;UNC_M_CAS_COUNT.WR[UNIT1];10250725;100.00;;"
6582 [140042433455808] INFO perfrun.perfcollector <> - PERF_STAT : "     0.051423880;CPU0;2456;;UNC_M_CAS_COUNT.WR[UNIT4];10251362;100.00;;"
6582 [140042433455808] INFO perfrun.perfcollector <> - PERF_STAT : "     0.051423880;CPU10;1442;;UNC_M_CAS_COUNT.WR[UNIT4];10250787;100.00;;"
6582 [140042433455808] INFO perfrun.perfcollector <> - PERF_STAT : "     0.051423880;CPU0;2988;;UNC_M_CAS_COUNT.WR[UNIT5];10251350;100.00;;"
6582 [140042433455808] INFO perfrun.perfcollector <> - PERF_STAT : "     0.051423880;CPU10;803;;UNC_M_CAS_COUNT.WR[UNIT5];10250772;100.00;;"
6592 [140042433455808] INFO perfrun.perfcollector <> - PERF_STAT : "     0.061672272;CPU0;1925;;UNC_M_CAS_COUNT.RD[UNIT0];10240018;100.00;;"
6592 [140042433455808] INFO perfrun.perfcollector <> - PERF_STAT : "     0.061672272;CPU10;6483;;UNC_M_CAS_COUNT.RD[UNIT0];10240363;100.00;;"
6592 [140042433455808] INFO perfrun.perfcollector <> - PERF_STAT : "     0.061672272;CPU0;2516;;UNC_M_CAS_COUNT.RD[UNIT1];10239905;100.00;;"
6592 [140042433455808] INFO perfrun.perfcollector <> - PERF_STAT : "     0.061672272;CPU10;5928;;UNC_M_CAS_COUNT.RD[UNIT1];10240496;100.00;;"
6592 [140042433455808] INFO perfrun.perfcollector <> - PERF_STAT : "     0.061672272;CPU0;1912;;UNC_M_CAS_COUNT.RD[UNIT4];10239896;100.00;;"
6592 [140042433455808] INFO perfrun.perfcollector <> - PERF_STAT : "     0.061672272;CPU10;6434;;UNC_M_CAS_COUNT.RD[UNIT4];10240461;100.00;;"
6592 [140042433455808] INFO perfrun.perfcollector <> - PERF_STAT : "     0.061672272;CPU0;2457;;UNC_M_CAS_COUNT.RD[UNIT5];10240143;100.00;;"
6592 [140042433455808] INFO perfrun.perfcollector <> - PERF_STAT : "     0.061672272;CPU10;5960;;UNC_M_CAS_COUNT.RD[UNIT5];10240361;100.00;;"
6592 [140042433455808] INFO perfrun.perfcollector <> - PERF_STAT : "     0.061672272;CPU0;2052;;UNC_M_CAS_COUNT.WR[UNIT0];10239861;100.00;;"
6592 [140042433455808] INFO perfrun.perfcollector <> - PERF_STAT : "     0.061672272;CPU10;1305;;UNC_M_CAS_COUNT.WR[UNIT0];10240415;100.00;;"
6592 [140042433455808] INFO perfrun.perfcollector <> - PERF_STAT : "     0.061672272;CPU0;2651;;UNC_M_CAS_COUNT.WR[UNIT1];10239935;100.00;;"
6592 [140042433455808] INFO perfrun.perfcollector <> - PERF_STAT : "     0.061672272;CPU10;735;;UNC_M_CAS_COUNT.WR[UNIT1];10240359;100.00;;"
6592 [140042433455808] INFO perfrun.perfcollector <> - PERF_STAT : "     0.061672272;CPU0;2187;;UNC_M_CAS_COUNT.WR[UNIT4];10239947;100.00;;"
6592 [140042433455808] INFO perfrun.perfcollector <> - PERF_STAT : "     0.061672272;CPU10;1235;;UNC_M_CAS_COUNT.WR[UNIT4];10240253;100.00;;"
6592 [140042433455808] INFO perfrun.perfcollector <> - PERF_STAT : "     0.061672272;CPU0;2721;;UNC_M_CAS_COUNT.WR[UNIT5];10240048;100.00;;"
6592 [140042433455808] INFO perfrun.perfcollector <> - PERF_STAT : "     0.061672272;CPU10;738;;UNC_M_CAS_COUNT.WR[UNIT5];10240246;100.00;;"
6602 [140042433455808] INFO perfrun.perfcollector <> - PERF_STAT : "     0.071917079;CPU0;1763;;UNC_M_CAS_COUNT.RD[UNIT0];10243481;100.00;;"
6602 [140042433455808] INFO perfrun.perfcollector <> - PERF_STAT : "     0.071917079;CPU10;2516;;UNC_M_CAS_COUNT.RD[UNIT0];10243513;100.00;;"
6602 [140042433455808] INFO perfrun.perfcollector <> - PERF_STAT : "     0.071917079;CPU0;2244;;UNC_M_CAS_COUNT.RD[UNIT1];10243437;100.00;;"
6602 [140042433455808] INFO perfrun.perfcollector <> - PERF_STAT : "     0.071917079;CPU10;1967;;UNC_M_CAS_COUNT.RD[UNIT1];10243219;100.00;;"
6602 [140042433455808] INFO perfrun.perfcollector <> - PERF_STAT : "     0.071917079;CPU0;1707;;UNC_M_CAS_COUNT.RD[UNIT4];10243437;100.00;;"
6602 [140042433455808] INFO perfrun.perfcollector <> - PERF_STAT : "     0.071917079;CPU10;2556;;UNC_M_CAS_COUNT.RD[UNIT4];10243202;100.00;;"
6602 [140042433455808] INFO perfrun.perfcollector <> - PERF_STAT : "     0.071917079;CPU0;2337;;UNC_M_CAS_COUNT.RD[UNIT5];10243258;100.00;;"
6602 [140042433455808] INFO perfrun.perfcollector <> - PERF_STAT : "     0.071917079;CPU10;1965;;UNC_M_CAS_COUNT.RD[UNIT5];10243241;100.00;;"
6602 [140042433455808] INFO perfrun.perfcollector <> - PERF_STAT : "     0.071917079;CPU0;1026;;UNC_M_CAS_COUNT.WR[UNIT0];10243384;100.00;;"
6602 [140042433455808] INFO perfrun.perfcollector <> - PERF_STAT : "     0.071917079;CPU10;899;;UNC_M_CAS_COUNT.WR[UNIT0];10243232;100.00;;"
6603 [140042433455808] INFO perfrun.perfcollector <> - PERF_STAT : "     0.071917079;CPU0;1574;;UNC_M_CAS_COUNT.WR[UNIT1];10243476;100.00;;"
6603 [140042433455808] INFO perfrun.perfcollector <> - PERF_STAT : "     0.071917079;CPU10;358;;UNC_M_CAS_COUNT.WR[UNIT1];10243188;100.00;;"
6603 [140042433455808] INFO perfrun.perfcollector <> - PERF_STAT : "     0.071917079;CPU0;983;;UNC_M_CAS_COUNT.WR[UNIT4];10243867;100.00;;"
6603 [140042433455808] INFO perfrun.perfcollector <> - PERF_STAT : "     0.071917079;CPU10;902;;UNC_M_CAS_COUNT.WR[UNIT4];10243172;100.00;;"
6603 [140042433455808] INFO perfrun.perfcollector <> - PERF_STAT : "     0.071917079;CPU0;1602;;UNC_M_CAS_COUNT.WR[UNIT5];10243766;100.00;;"
6603 [140042433455808] INFO perfrun.perfcollector <> - PERF_STAT : "     0.071917079;CPU10;370;;UNC_M_CAS_COUNT.WR[UNIT5];10243145;100.00;;"
6613 [140042433455808] INFO perfrun.perfcollector <> - PERF_STAT : "     0.082153279;CPU0;1675;;UNC_M_CAS_COUNT.RD[UNIT0];10235145;100.00;;"
6613 [140042433455808] INFO perfrun.perfcollector <> - PERF_STAT : "     0.082153279;CPU10;653;;UNC_M_CAS_COUNT.RD[UNIT0];10234298;100.00;;"
6613 [140042433455808] INFO perfrun.perfcollector <> - PERF_STAT : "     0.082153279;CPU0;2201;;UNC_M_CAS_COUNT.RD[UNIT1];10235150;100.00;;"
6613 [140042433455808] INFO perfrun.perfcollector <> - PERF_STAT : "     0.082153279;CPU10;116;;UNC_M_CAS_COUNT.RD[UNIT1];10234380;100.00;;"
6613 [140042433455808] INFO perfrun.perfcollector <> - PERF_STAT : "     0.082153279;CPU0;1671;;UNC_M_CAS_COUNT.RD[UNIT4];10235156;100.00;;"
6613 [140042433455808] INFO perfrun.perfcollector <> - PERF_STAT : "     0.082153279;CPU10;674;;UNC_M_CAS_COUNT.RD[UNIT4];10234429;100.00;;"
6613 [140042433455808] INFO perfrun.perfcollector <> - PERF_STAT : "     0.082153279;CPU0;2229;;UNC_M_CAS_COUNT.RD[UNIT5];10235217;100.00;;"
6613 [140042433455808] INFO perfrun.perfcollector <> - PERF_STAT : "     0.082153279;CPU10;105;;UNC_M_CAS_COUNT.RD[UNIT5];10234422;100.00;;"
6613 [140042433455808] INFO perfrun.perfcollector <> - PERF_STAT : "     0.082153279;CPU0;478;;UNC_M_CAS_COUNT.WR[UNIT0];10235092;100.00;;"
6613 [140042433455808] INFO perfrun.perfcollector <> - PERF_STAT : "     0.082153279;CPU10;694;;UNC_M_CAS_COUNT.WR[UNIT0];10234332;100.00;;"
6613 [140042433455808] INFO perfrun.perfcollector <> - PERF_STAT : "     0.082153279;CPU0;1002;;UNC_M_CAS_COUNT.WR[UNIT1];10234969;100.00;;"
6613 [140042433455808] INFO perfrun.perfcollector <> - PERF_STAT : "     0.082153279;CPU10;167;;UNC_M_CAS_COUNT.WR[UNIT1];10234379;100.00;;"
6613 [140042433455808] INFO perfrun.perfcollector <> - PERF_STAT : "     0.082153279;CPU0;541;;UNC_M_CAS_COUNT.WR[UNIT4];10234561;100.00;;"
6613 [140042433455808] INFO perfrun.perfcollector <> - PERF_STAT : "     0.082153279;CPU10;710;;UNC_M_CAS_COUNT.WR[UNIT4];10234497;100.00;;"
6613 [140042433455808] INFO perfrun.perfcollector <> - PERF_STAT : "     0.082153279;CPU0;1027;;UNC_M_CAS_COUNT.WR[UNIT5];10234553;100.00;;"
6613 [140042433455808] INFO perfrun.perfcollector <> - PERF_STAT : "     0.082153279;CPU10;152;;UNC_M_CAS_COUNT.WR[UNIT5];10234491;100.00;;"
6623 [140042433455808] INFO perfrun.perfcollector <> - PERF_STAT : "     0.092391120;CPU0;2433;;UNC_M_CAS_COUNT.RD[UNIT0];10237069;100.00;;"
6623 [140042433455808] INFO perfrun.perfcollector <> - PERF_STAT : "     0.092391120;CPU10;2464;;UNC_M_CAS_COUNT.RD[UNIT0];10237552;100.00;;"
6623 [140042433455808] INFO perfrun.perfcollector <> - PERF_STAT : "     0.092391120;CPU0;3021;;UNC_M_CAS_COUNT.RD[UNIT1];10237161;100.00;;"
6623 [140042433455808] INFO perfrun.perfcollector <> - PERF_STAT : "     0.092391120;CPU10;1913;;UNC_M_CAS_COUNT.RD[UNIT1];10237451;100.00;;"
6623 [140042433455808] INFO perfrun.perfcollector <> - PERF_STAT : "     0.092391120;CPU0;2421;;UNC_M_CAS_COUNT.RD[UNIT4];10237212;100.00;;"
6623 [140042433455808] INFO perfrun.perfcollector <> - PERF_STAT : "     0.092391120;CPU10;2403;;UNC_M_CAS_COUNT.RD[UNIT4];10237481;100.00;;"
6623 [140042433455808] INFO perfrun.perfcollector <> - PERF_STAT : "     0.092391120;CPU0;3033;;UNC_M_CAS_COUNT.RD[UNIT5];10237235;100.00;;"
6623 [140042433455808] INFO perfrun.perfcollector <> - PERF_STAT : "     0.092391120;CPU10;1885;;UNC_M_CAS_COUNT.RD[UNIT5];10237389;100.00;;"
6623 [140042433455808] INFO perfrun.perfcollector <> - PERF_STAT : "     0.092391120;CPU0;418;;UNC_M_CAS_COUNT.WR[UNIT0];10237297;100.00;;"
6623 [140042433455808] INFO perfrun.perfcollector <> - PERF_STAT : "     0.092391120;CPU10;1371;;UNC_M_CAS_COUNT.WR[UNIT0];10237362;100.00;;"
6623 [140042433455808] INFO perfrun.perfcollector <> - PERF_STAT : "     0.092391120;CPU0;936;;UNC_M_CAS_COUNT.WR[UNIT1];10237395;100.00;;"
6623 [140042433455808] INFO perfrun.perfcollector <> - PERF_STAT : "     0.092391120;CPU10;839;;UNC_M_CAS_COUNT.WR[UNIT1];10237405;100.00;;"
6623 [140042433455808] INFO perfrun.perfcollector <> - PERF_STAT : "     0.092391120;CPU0;389;;UNC_M_CAS_COUNT.WR[UNIT4];10237489;100.00;;"
6623 [140042433455808] INFO perfrun.perfcollector <> - PERF_STAT : "     0.092391120;CPU10;1385;;UNC_M_CAS_COUNT.WR[UNIT4];10237288;100.00;;"
6623 [140042433455808] INFO perfrun.perfcollector <> - PERF_STAT : "     0.092391120;CPU0;929;;UNC_M_CAS_COUNT.WR[UNIT5];10237493;100.00;;"
6623 [140042433455808] INFO perfrun.perfcollector <> - PERF_STAT : "     0.092391120;CPU10;817;;UNC_M_CAS_COUNT.WR[UNIT5];10237267;100.00;;"
6633 [140042433455808] INFO perfrun.perfcollector <> - PERF_STAT : "     0.102633542;CPU0;129;;UNC_M_CAS_COUNT.RD[UNIT0];10241651;100.00;;"
6633 [140042433455808] INFO perfrun.perfcollector <> - PERF_STAT : "     0.102633542;CPU10;722;;UNC_M_CAS_COUNT.RD[UNIT0];10241042;100.00;;"
6633 [140042433455808] INFO perfrun.perfcollector <> - PERF_STAT : "     0.102633542;CPU0;650;;UNC_M_CAS_COUNT.RD[UNIT1];10241559;100.00;;"
6633 [140042433455808] INFO perfrun.perfcollector <> - PERF_STAT : "     0.102633542;CPU10;155;;UNC_M_CAS_COUNT.RD[UNIT1];10240978;100.00;;"
6633 [140042433455808] INFO perfrun.perfcollector <> - PERF_STAT : "     0.102633542;CPU0;113;;UNC_M_CAS_COUNT.RD[UNIT4];10241577;100.00;;"
6633 [140042433455808] INFO perfrun.perfcollector <> - PERF_STAT : "     0.102633542;CPU10;712;;UNC_M_CAS_COUNT.RD[UNIT4];10240863;100.00;;"
6633 [140042433455808] INFO perfrun.perfcollector <> - PERF_STAT : "     0.102633542;CPU0;690;;UNC_M_CAS_COUNT.RD[UNIT5];10241577;100.00;;"
6633 [140042433455808] INFO perfrun.perfcollector <> - PERF_STAT : "     0.102633542;CPU10;143;;UNC_M_CAS_COUNT.RD[UNIT5];10240963;100.00;;"
6633 [140042433455808] INFO perfrun.perfcollector <> - PERF_STAT : "     0.102633542;CPU0;28;;UNC_M_CAS_COUNT.WR[UNIT0];10241576;100.00;;"
6633 [140042433455808] INFO perfrun.perfcollector <> - PERF_STAT : "     0.102633542;CPU10;566;;UNC_M_CAS_COUNT.WR[UNIT0];10241124;100.00;;"
6633 [140042433455808] INFO perfrun.perfcollector <> - PERF_STAT : "     0.102633542;CPU0;557;;UNC_M_CAS_COUNT.WR[UNIT1];10241585;100.00;;"
6633 [140042433455808] INFO perfrun.perfcollector <> - PERF_STAT : "     0.102633542;CPU10;26;;UNC_M_CAS_COUNT.WR[UNIT1];10241041;100.00;;"
6633 [140042433455808] INFO perfrun.perfcollector <> - PERF_STAT : "     0.102633542;CPU0;12;;UNC_M_CAS_COUNT.WR[UNIT4];10241482;100.00;;"
6633 [140042433455808] INFO perfrun.perfcollector <> - PERF_STAT : "     0.102633542;CPU10;561;;UNC_M_CAS_COUNT.WR[UNIT4];10241003;100.00;;"
6633 [140042433455808] INFO perfrun.perfcollector <> - PERF_STAT : "     0.102633542;CPU0;558;;UNC_M_CAS_COUNT.WR[UNIT5];10241473;100.00;;"
6633 [140042433455808] INFO perfrun.perfcollector <> - PERF_STAT : "     0.102633542;CPU10;25;;UNC_M_CAS_COUNT.WR[UNIT5];10240993;100.00;;"
6643 [140042433455808] INFO perfrun.perfcollector <> - PERF_STAT : "     0.112867350;CPU0;664;;UNC_M_CAS_COUNT.RD[UNIT0];10233442;100.00;;"
6643 [140042433455808] INFO perfrun.perfcollector <> - PERF_STAT : "     0.112867350;CPU10;708;;UNC_M_CAS_COUNT.RD[UNIT0];10233315;100.00;;"
6643 [140042433455808] INFO perfrun.perfcollector <> - PERF_STAT : "     0.112867350;CPU0;1180;;UNC_M_CAS_COUNT.RD[UNIT1];10233436;100.00;;"
6643 [140042433455808] INFO perfrun.perfcollector <> - PERF_STAT : "     0.112867350;CPU10;149;;UNC_M_CAS_COUNT.RD[UNIT1];10233257;100.00;;"
6643 [140042433455808] INFO perfrun.perfcollector <> - PERF_STAT : "     0.112867350;CPU0;644;;UNC_M_CAS_COUNT.RD[UNIT4];10233443;100.00;;"
6643 [140042433455808] INFO perfrun.perfcollector <> - PERF_STAT : "     0.112867350;CPU10;703;;UNC_M_CAS_COUNT.RD[UNIT4];10233291;100.00;;"
6643 [140042433455808] INFO perfrun.perfcollector <> - PERF_STAT : "     0.112867350;CPU0;1227;;UNC_M_CAS_COUNT.RD[UNIT5];10233354;100.00;;"
6643 [140042433455808] INFO perfrun.perfcollector <> - PERF_STAT : "     0.112867350;CPU10;148;;UNC_M_CAS_COUNT.RD[UNIT5];10233242;100.00;;"
6643 [140042433455808] INFO perfrun.perfcollector <> - PERF_STAT : "     0.112867350;CPU0;153;;UNC_M_CAS_COUNT.WR[UNIT0];10233465;100.00;;"
6643 [140042433455808] INFO perfrun.perfcollector <> - PERF_STAT : "     0.112867350;CPU10;642;;UNC_M_CAS_COUNT.WR[UNIT0];10233174;100.00;;"
6643 [140042433455808] INFO perfrun.perfcollector <> - PERF_STAT : "     0.112867350;CPU0;672;;UNC_M_CAS_COUNT.WR[UNIT1];10233371;100.00;;"
6643 [140042433455808] INFO perfrun.perfcollector <> - PERF_STAT : "     0.112867350;CPU10;109;;UNC_M_CAS_COUNT.WR[UNIT1];10233266;100.00;;"
6643 [140042433455808] INFO perfrun.perfcollector <> - PERF_STAT : "     0.112867350;CPU0;141;;UNC_M_CAS_COUNT.WR[UNIT4];10233379;100.00;;"
6644 [140042433455808] INFO perfrun.perfcollector <> - PERF_STAT : "     0.112867350;CPU10;652;;UNC_M_CAS_COUNT.WR[UNIT4];10233355;100.00;;"
6644 [140042433455808] INFO perfrun.perfcollector <> - PERF_STAT : "     0.112867350;CPU0;698;;UNC_M_CAS_COUNT.WR[UNIT5];10233383;100.00;;"
6644 [140042433455808] INFO perfrun.perfcollector <> - PERF_STAT : "     0.112867350;CPU10;104;;UNC_M_CAS_COUNT.WR[UNIT5];10233348;100.00;;"
6654 [140042433455808] INFO perfrun.perfcollector <> - PERF_STAT : "     0.123100619;CPU0;1610;;UNC_M_CAS_COUNT.RD[UNIT0];10251301;100.00;;"
6654 [140042433455808] INFO perfrun.perfcollector <> - PERF_STAT : "     0.123100619;CPU10;677;;UNC_M_CAS_COUNT.RD[UNIT0];10250381;100.00;;"
6654 [140042433455808] INFO perfrun.perfcollector <> - PERF_STAT : "     0.123100619;CPU0;2129;;UNC_M_CAS_COUNT.RD[UNIT1];10251423;100.00;;"
6654 [140042433455808] INFO perfrun.perfcollector <> - PERF_STAT : "     0.123100619;CPU10;123;;UNC_M_CAS_COUNT.RD[UNIT1];10250539;100.00;;"
6654 [140042433455808] INFO perfrun.perfcollector <> - PERF_STAT : "     0.123100619;CPU0;1591;;UNC_M_CAS_COUNT.RD[UNIT4];10251428;100.00;;"
6654 [140042433455808] INFO perfrun.perfcollector <> - PERF_STAT : "     0.123100619;CPU10;683;;UNC_M_CAS_COUNT.RD[UNIT4];10250574;100.00;;"
6654 [140042433455808] INFO perfrun.perfcollector <> - PERF_STAT : "     0.123100619;CPU0;2168;;UNC_M_CAS_COUNT.RD[UNIT5];10251596;100.00;;"
6654 [140042433455808] INFO perfrun.perfcollector <> - PERF_STAT : "     0.123100619;CPU10;148;;UNC_M_CAS_COUNT.RD[UNIT5];10250468;100.00;;"
6654 [140042433455808] INFO perfrun.perfcollector <> - PERF_STAT : "     0.123100619;CPU0;408;;UNC_M_CAS_COUNT.WR[UNIT0];10251633;100.00;;"
6654 [140042433455808] INFO perfrun.perfcollector <> - PERF_STAT : "     0.123100619;CPU10;677;;UNC_M_CAS_COUNT.WR[UNIT0];10250344;100.00;;"
6654 [140042433455808] INFO perfrun.perfcollector <> - PERF_STAT : "     0.123100619;CPU0;912;;UNC_M_CAS_COUNT.WR[UNIT1];10251715;100.00;;"
6654 [140042433455808] INFO perfrun.perfcollector <> - PERF_STAT : "     0.123100619;CPU10;141;;UNC_M_CAS_COUNT.WR[UNIT1];10250180;100.00;;"
6654 [140042433455808] INFO perfrun.perfcollector <> - PERF_STAT : "     0.123100619;CPU0;421;;UNC_M_CAS_COUNT.WR[UNIT4];10251796;100.00;;"
6654 [140042433455808] INFO perfrun.perfcollector <> - PERF_STAT : "     0.123100619;CPU10;666;;UNC_M_CAS_COUNT.WR[UNIT4];10250088;100.00;;"
6654 [140042433455808] INFO perfrun.perfcollector <> - PERF_STAT : "     0.123100619;CPU0;932;;UNC_M_CAS_COUNT.WR[UNIT5];10251880;100.00;;"
6654 [140042433455808] INFO perfrun.perfcollector <> - PERF_STAT : "     0.123100619;CPU10;148;;UNC_M_CAS_COUNT.WR[UNIT5];10250072;100.00;;"
6664 [140042433455808] INFO perfrun.perfcollector <> - PERF_STAT : "     0.133350371;CPU0;2148;;UNC_M_CAS_COUNT.RD[UNIT0];10231270;100.00;;"
6664 [140042433455808] INFO perfrun.perfcollector <> - PERF_STAT : "     0.133350371;CPU10;952;;UNC_M_CAS_COUNT.RD[UNIT0];10231265;100.00;;"
6664 [140042433455808] INFO perfrun.perfcollector <> - PERF_STAT : "     0.133350371;CPU0;2667;;UNC_M_CAS_COUNT.RD[UNIT1];10231131;100.00;;"
6664 [140042433455808] INFO perfrun.perfcollector <> - PERF_STAT : "     0.133350371;CPU10;357;;UNC_M_CAS_COUNT.RD[UNIT1];10231068;100.00;;"
6664 [140042433455808] INFO perfrun.perfcollector <> - PERF_STAT : "     0.133350371;CPU0;2121;;UNC_M_CAS_COUNT.RD[UNIT4];10231086;100.00;;"
6664 [140042433455808] INFO perfrun.perfcollector <> - PERF_STAT : "     0.133350371;CPU10;936;;UNC_M_CAS_COUNT.RD[UNIT4];10231042;100.00;;"
6664 [140042433455808] INFO perfrun.perfcollector <> - PERF_STAT : "     0.133350371;CPU0;2680;;UNC_M_CAS_COUNT.RD[UNIT5];10230974;100.00;;"
6664 [140042433455808] INFO perfrun.perfcollector <> - PERF_STAT : "     0.133350371;CPU10;375;;UNC_M_CAS_COUNT.RD[UNIT5];10231025;100.00;;"
6664 [140042433455808] INFO perfrun.perfcollector <> - PERF_STAT : "     0.133350371;CPU0;722;;UNC_M_CAS_COUNT.WR[UNIT0];10230756;100.00;;"
6664 [140042433455808] INFO perfrun.perfcollector <> - PERF_STAT : "     0.133350371;CPU10;782;;UNC_M_CAS_COUNT.WR[UNIT0];10231021;100.00;;"
6664 [140042433455808] INFO perfrun.perfcollector <> - PERF_STAT : "     0.133350371;CPU0;1190;;UNC_M_CAS_COUNT.WR[UNIT1];10230642;100.00;;"
6664 [140042433455808] INFO perfrun.perfcollector <> - PERF_STAT : "     0.133350371;CPU10;228;;UNC_M_CAS_COUNT.WR[UNIT1];10231022;100.00;;"
6664 [140042433455808] INFO perfrun.perfcollector <> - PERF_STAT : "     0.133350371;CPU0;641;;UNC_M_CAS_COUNT.WR[UNIT4];10230568;100.00;;"
6664 [140042433455808] INFO perfrun.perfcollector <> - PERF_STAT : "     0.133350371;CPU10;765;;UNC_M_CAS_COUNT.WR[UNIT4];10231013;100.00;;"
6664 [140042433455808] INFO perfrun.perfcollector <> - PERF_STAT : "     0.133350371;CPU0;1146;;UNC_M_CAS_COUNT.WR[UNIT5];10230455;100.00;;"
6664 [140042433455808] INFO perfrun.perfcollector <> - PERF_STAT : "     0.133350371;CPU10;258;;UNC_M_CAS_COUNT.WR[UNIT5];10231018;100.00;;"
6674 [140042433455808] INFO perfrun.perfcollector <> - PERF_STAT : "     0.143558509;CPU0;1603;;UNC_M_CAS_COUNT.RD[UNIT0];10206858;100.00;;"
6674 [140042433455808] INFO perfrun.perfcollector <> - PERF_STAT : "     0.143558509;CPU10;2979;;UNC_M_CAS_COUNT.RD[UNIT0];10207963;100.00;;"
6674 [140042433455808] INFO perfrun.perfcollector <> - PERF_STAT : "     0.143558509;CPU0;2115;;UNC_M_CAS_COUNT.RD[UNIT1];10207021;100.00;;"
6674 [140042433455808] INFO perfrun.perfcollector <> - PERF_STAT : "     0.143558509;CPU10;2421;;UNC_M_CAS_COUNT.RD[UNIT1];10208040;100.00;;"
6674 [140042433455808] INFO perfrun.perfcollector <> - PERF_STAT : "     0.143558509;CPU0;1589;;UNC_M_CAS_COUNT.RD[UNIT4];10206965;100.00;;"
6674 [140042433455808] INFO perfrun.perfcollector <> - PERF_STAT : "     0.143558509;CPU10;2974;;UNC_M_CAS_COUNT.RD[UNIT4];10207950;100.00;;"
6674 [140042433455808] INFO perfrun.perfcollector <> - PERF_STAT : "     0.143558509;CPU0;2152;;UNC_M_CAS_COUNT.RD[UNIT5];10207085;100.00;;"
6674 [140042433455808] INFO perfrun.perfcollector <> - PERF_STAT : "     0.143558509;CPU10;2426;;UNC_M_CAS_COUNT.RD[UNIT5];10207960;100.00;;"
6674 [140042433455808] INFO perfrun.perfcollector <> - PERF_STAT : "     0.143558509;CPU0;1059;;UNC_M_CAS_COUNT.WR[UNIT0];10207096;100.00;;"
6674 [140042433455808] INFO perfrun.perfcollector <> - PERF_STAT : "     0.143558509;CPU10;897;;UNC_M_CAS_COUNT.WR[UNIT0];10208215;100.00;;"
6674 [140042433455808] INFO perfrun.perfcollector <> - PERF_STAT : "     0.143558509;CPU0;1707;;UNC_M_CAS_COUNT.WR[UNIT1];10207132;100.00;;"
6674 [140042433455808] INFO perfrun.perfcollector <> - PERF_STAT : "     0.143558509;CPU10;366;;UNC_M_CAS_COUNT.WR[UNIT1];10208216;100.00;;"
6674 [140042433455808] INFO perfrun.perfcollector <> - PERF_STAT : "     0.143558509;CPU0;1071;;UNC_M_CAS_COUNT.WR[UNIT4];10207103;100.00;;"
6674 [140042433455808] INFO perfrun.perfcollector <> - PERF_STAT : "     0.143558509;CPU10;891;;UNC_M_CAS_COUNT.WR[UNIT4];10208206;100.00;;"
6674 [140042433455808] INFO perfrun.perfcollector <> - PERF_STAT : "     0.143558509;CPU0;1597;;UNC_M_CAS_COUNT.WR[UNIT5];10207104;100.00;;"
6674 [140042433455808] INFO perfrun.perfcollector <> - PERF_STAT : "     0.143558509;CPU10;358;;UNC_M_CAS_COUNT.WR[UNIT5];10208200;100.00;;"
6684 [140042433455808] INFO perfrun.perfcollector <> - PERF_STAT : "     0.153791873;CPU0;352;;UNC_M_CAS_COUNT.RD[UNIT0];10232272;100.00;;"
6684 [140042433455808] INFO perfrun.perfcollector <> - PERF_STAT : "     0.153791873;CPU10;2275;;UNC_M_CAS_COUNT.RD[UNIT0];10231737;100.00;;"
6684 [140042433455808] INFO perfrun.perfcollector <> - PERF_STAT : "     0.153791873;CPU0;864;;UNC_M_CAS_COUNT.RD[UNIT1];10232227;100.00;;"
6684 [140042433455808] INFO perfrun.perfcollector <> - PERF_STAT : "     0.153791873;CPU10;1736;;UNC_M_CAS_COUNT.RD[UNIT1];10231661;100.00;;"
6684 [140042433455808] INFO perfrun.perfcollector <> - PERF_STAT : "     0.153791873;CPU0;313;;UNC_M_CAS_COUNT.RD[UNIT4];10232220;100.00;;"
6684 [140042433455808] INFO perfrun.perfcollector <> - PERF_STAT : "     0.153791873;CPU10;2288;;UNC_M_CAS_COUNT.RD[UNIT4];10231835;100.00;;"
6684 [140042433455808] INFO perfrun.perfcollector <> - PERF_STAT : "     0.153791873;CPU0;887;;UNC_M_CAS_COUNT.RD[UNIT5];10232032;100.00;;"
6684 [140042433455808] INFO perfrun.perfcollector <> - PERF_STAT : "     0.153791873;CPU10;1735;;UNC_M_CAS_COUNT.RD[UNIT5];10231872;100.00;;"
6684 [140042433455808] INFO perfrun.perfcollector <> - PERF_STAT : "     0.153791873;CPU0;552;;UNC_M_CAS_COUNT.WR[UNIT0];10232245;100.00;;"
6684 [140042433455808] INFO perfrun.perfcollector <> - PERF_STAT : "     0.153791873;CPU10;740;;UNC_M_CAS_COUNT.WR[UNIT0];10231666;100.00;;"
6684 [140042433455808] INFO perfrun.perfcollector <> - PERF_STAT : "     0.153791873;CPU0;1099;;UNC_M_CAS_COUNT.WR[UNIT1];10232532;100.00;;"
6684 [140042433455808] INFO perfrun.perfcollector <> - PERF_STAT : "     0.153791873;CPU10;215;;UNC_M_CAS_COUNT.WR[UNIT1];10231661;100.00;;"
6684 [140042433455808] INFO perfrun.perfcollector <> - PERF_STAT : "     0.153791873;CPU0;511;;UNC_M_CAS_COUNT.WR[UNIT4];10232544;100.00;;"
6684 [140042433455808] INFO perfrun.perfcollector <> - PERF_STAT : "     0.153791873;CPU10;745;;UNC_M_CAS_COUNT.WR[UNIT4];10231748;100.00;;"
6684 [140042433455808] INFO perfrun.perfcollector <> - PERF_STAT : "     0.153791873;CPU0;1067;;UNC_M_CAS_COUNT.WR[UNIT5];10232553;100.00;;"
6684 [140042433455808] INFO perfrun.perfcollector <> - PERF_STAT : "     0.153791873;CPU10;193;;UNC_M_CAS_COUNT.WR[UNIT5];10231757;100.00;;"
6694 [140042433455808] INFO perfrun.perfcollector <> - PERF_STAT : "     0.164023586;CPU0;251;;UNC_M_CAS_COUNT.RD[UNIT0];10230105;100.00;;"
6694 [140042433455808] INFO perfrun.perfcollector <> - PERF_STAT : "     0.164023586;CPU10;2233;;UNC_M_CAS_COUNT.RD[UNIT0];10229551;100.00;;"
6695 [140042433455808] INFO perfrun.perfcollector <> - PERF_STAT : "     0.164023586;CPU0;767;;UNC_M_CAS_COUNT.RD[UNIT1];10230035;100.00;;"
6695 [140042433455808] INFO perfrun.perfcollector <> - PERF_STAT : "     0.164023586;CPU10;1690;;UNC_M_CAS_COUNT.RD[UNIT1];10229534;100.00;;"
6695 [140042433455808] INFO perfrun.perfcollector <> - PERF_STAT : "     0.164023586;CPU0;218;;UNC_M_CAS_COUNT.RD[UNIT4];10230141;100.00;;"
6695 [140042433455808] INFO perfrun.perfcollector <> - PERF_STAT : "     0.164023586;CPU10;2226;;UNC_M_CAS_COUNT.RD[UNIT4];10229417;100.00;;"
6695 [140042433455808] INFO perfrun.perfcollector <> - PERF_STAT : "     0.164023586;CPU0;789;;UNC_M_CAS_COUNT.RD[UNIT5];10230308;100.00;;"
6695 [140042433455808] INFO perfrun.perfcollector <> - PERF_STAT : "     0.164023586;CPU10;1668;;UNC_M_CAS_COUNT.RD[UNIT5];10229372;100.00;;"
6695 [140042433455808] INFO perfrun.perfcollector <> - PERF_STAT : "     0.164023586;CPU0;414;;UNC_M_CAS_COUNT.WR[UNIT0];10230086;100.00;;"
6695 [140042433455808] INFO perfrun.perfcollector <> - PERF_STAT : "     0.164023586;CPU10;722;;UNC_M_CAS_COUNT.WR[UNIT0];10229400;100.00;;"
6695 [140042433455808] INFO perfrun.perfcollector <> - PERF_STAT : "     0.164023586;CPU0;1009;;UNC_M_CAS_COUNT.WR[UNIT1];10229774;100.00;;"
6695 [140042433455808] INFO perfrun.perfcollector <> - PERF_STAT : "     0.164023586;CPU10;172;;UNC_M_CAS_COUNT.WR[UNIT1];10229401;100.00;;"
6695 [140042433455808] INFO perfrun.perfcollector <> - PERF_STAT : "     0.164023586;CPU0;442;;UNC_M_CAS_COUNT.WR[UNIT4];10229782;100.00;;"
6695 [140042433455808] INFO perfrun.perfcollector <> - PERF_STAT : "     0.164023586;CPU10;709;;UNC_M_CAS_COUNT.WR[UNIT4];10229376;100.00;;"
6695 [140042433455808] INFO perfrun.perfcollector <> - PERF_STAT : "     0.164023586;CPU0;1001;;UNC_M_CAS_COUNT.WR[UNIT5];10229764;100.00;;"
6695 [140042433455808] INFO perfrun.perfcollector <> - PERF_STAT : "     0.164023586;CPU10;180;;UNC_M_CAS_COUNT.WR[UNIT5];10229367;100.00;;"
6705 [140042433455808] INFO perfrun.perfcollector <> - PERF_STAT : "     0.174253502;CPU0;1036;;UNC_M_CAS_COUNT.RD[UNIT0];10231688;100.00;;"
6705 [140042433455808] INFO perfrun.perfcollector <> - PERF_STAT : "     0.174253502;CPU10;2057;;UNC_M_CAS_COUNT.RD[UNIT0];10231944;100.00;;"
6705 [140042433455808] INFO perfrun.perfcollector <> - PERF_STAT : "     0.174253502;CPU0;1732;;UNC_M_CAS_COUNT.RD[UNIT1];10231850;100.00;;"
6705 [140042433455808] INFO perfrun.perfcollector <> - PERF_STAT : "     0.174253502;CPU10;1525;;UNC_M_CAS_COUNT.RD[UNIT1];10231985;100.00;;"
6705 [140042433455808] INFO perfrun.perfcollector <> - PERF_STAT : "     0.174253502;CPU0;1014;;UNC_M_CAS_COUNT.RD[UNIT4];10231745;100.00;;"
6705 [140042433455808] INFO perfrun.perfcollector <> - PERF_STAT : "     0.174253502;CPU10;2061;;UNC_M_CAS_COUNT.RD[UNIT4];10232221;100.00;;"
6705 [140042433455808] INFO perfrun.perfcollector <> - PERF_STAT : "     0.174253502;CPU0;1683;;UNC_M_CAS_COUNT.RD[UNIT5];10231580;100.00;;"
6705 [140042433455808] INFO perfrun.perfcollector <> - PERF_STAT : "     0.174253502;CPU10;1493;;UNC_M_CAS_COUNT.RD[UNIT5];10232258;100.00;;"
6705 [140042433455808] INFO perfrun.perfcollector <> - PERF_STAT : "     0.174253502;CPU0;558;;UNC_M_CAS_COUNT.WR[UNIT0];10231573;100.00;;"
6705 [140042433455808] INFO perfrun.perfcollector <> - PERF_STAT : "     0.174253502;CPU10;682;;UNC_M_CAS_COUNT.WR[UNIT0];10232356;100.00;;"
6705 [140042433455808] INFO perfrun.perfcollector <> - PERF_STAT : "     0.174253502;CPU0;1102;;UNC_M_CAS_COUNT.WR[UNIT1];10231569;100.00;;"
6705 [140042433455808] INFO perfrun.perfcollector <> - PERF_STAT : "     0.174253502;CPU10;154;;UNC_M_CAS_COUNT.WR[UNIT1];10232364;100.00;;"
6705 [140042433455808] INFO perfrun.perfcollector <> - PERF_STAT : "     0.174253502;CPU0;597;;UNC_M_CAS_COUNT.WR[UNIT4];10231554;100.00;;"
6705 [140042433455808] INFO perfrun.perfcollector <> - PERF_STAT : "     0.174253502;CPU10;683;;UNC_M_CAS_COUNT.WR[UNIT4];10232300;100.00;;"
6705 [140042433455808] INFO perfrun.perfcollector <> - PERF_STAT : "     0.174253502;CPU0;1139;;UNC_M_CAS_COUNT.WR[UNIT5];10231551;100.00;;"
6705 [140042433455808] INFO perfrun.perfcollector <> - PERF_STAT : "     0.174253502;CPU10;148;;UNC_M_CAS_COUNT.WR[UNIT5];10232303;100.00;;"
6715 [140042433455808] INFO perfrun.perfcollector <> - PERF_STAT : "     0.184485798;CPU0;169;;UNC_M_CAS_COUNT.RD[UNIT0];10233913;100.00;;"
6715 [140042433455808] INFO perfrun.perfcollector <> - PERF_STAT : "     0.184485798;CPU10;2096;;UNC_M_CAS_COUNT.RD[UNIT0];10233281;100.00;;"
6715 [140042433455808] INFO perfrun.perfcollector <> - PERF_STAT : "     0.184485798;CPU0;686;;UNC_M_CAS_COUNT.RD[UNIT1];10233836;100.00;;"
6715 [140042433455808] INFO perfrun.perfcollector <> - PERF_STAT : "     0.184485798;CPU10;1552;;UNC_M_CAS_COUNT.RD[UNIT1];10233358;100.00;;"
6715 [140042433455808] INFO perfrun.perfcollector <> - PERF_STAT : "     0.184485798;CPU0;147;;UNC_M_CAS_COUNT.RD[UNIT4];10233894;100.00;;"
6715 [140042433455808] INFO perfrun.perfcollector <> - PERF_STAT : "     0.184485798;CPU10;2109;;UNC_M_CAS_COUNT.RD[UNIT4];10233132;100.00;;"
6715 [140042433455808] INFO perfrun.perfcollector <> - PERF_STAT : "     0.184485798;CPU0;715;;UNC_M_CAS_COUNT.RD[UNIT5];10233897;100.00;;"
6715 [140042433455808] INFO perfrun.perfcollector <> - PERF_STAT : "     0.184485798;CPU10;1542;;UNC_M_CAS_COUNT.RD[UNIT5];10233283;100.00;;"
6715 [140042433455808] INFO perfrun.perfcollector <> - PERF_STAT : "     0.184485798;CPU0;467;;UNC_M_CAS_COUNT.WR[UNIT0];10233894;100.00;;"
6715 [140042433455808] INFO perfrun.perfcollector <> - PERF_STAT : "     0.184485798;CPU10;680;;UNC_M_CAS_COUNT.WR[UNIT0];10233110;100.00;;"
6715 [140042433455808] INFO perfrun.perfcollector <> - PERF_STAT : "     0.184485798;CPU0;986;;UNC_M_CAS_COUNT.WR[UNIT1];10233898;100.00;;"
6715 [140042433455808] INFO perfrun.perfcollector <> - PERF_STAT : "     0.184485798;CPU10;139;;UNC_M_CAS_COUNT.WR[UNIT1];10233132;100.00;;"
6715 [140042433455808] INFO perfrun.perfcollector <> - PERF_STAT : "     0.184485798;CPU0;486;;UNC_M_CAS_COUNT.WR[UNIT4];10233983;100.00;;"
6715 [140042433455808] INFO perfrun.perfcollector <> - PERF_STAT : "     0.184485798;CPU10;676;;UNC_M_CAS_COUNT.WR[UNIT4];10233151;100.00;;"
6715 [140042433455808] INFO perfrun.perfcollector <> - PERF_STAT : "     0.184485798;CPU0;1038;;UNC_M_CAS_COUNT.WR[UNIT5];10234002;100.00;;"
6715 [140042433455808] INFO perfrun.perfcollector <> - PERF_STAT : "     0.184485798;CPU10;139;;UNC_M_CAS_COUNT.WR[UNIT5];10233151;100.00;;"
6725 [140042433455808] INFO perfrun.perfcollector <> - PERF_STAT : "     0.194719184;CPU0;499;;UNC_M_CAS_COUNT.RD[UNIT0];10228958;100.00;;"
6725 [140042433455808] INFO perfrun.perfcollector <> - PERF_STAT : "     0.194719184;CPU10;2559;;UNC_M_CAS_COUNT.RD[UNIT0];10229682;100.00;;"
6725 [140042433455808] INFO perfrun.perfcollector <> - PERF_STAT : "     0.194719184;CPU0;1028;;UNC_M_CAS_COUNT.RD[UNIT1];10228940;100.00;;"
6725 [140042433455808] INFO perfrun.perfcollector <> - PERF_STAT : "     0.194719184;CPU10;2023;;UNC_M_CAS_COUNT.RD[UNIT1];10229575;100.00;;"
6725 [140042433455808] INFO perfrun.perfcollector <> - PERF_STAT : "     0.194719184;CPU0;472;;UNC_M_CAS_COUNT.RD[UNIT4];10229003;100.00;;"
6725 [140042433455808] INFO perfrun.perfcollector <> - PERF_STAT : "     0.194719184;CPU10;2597;;UNC_M_CAS_COUNT.RD[UNIT4];10229582;100.00;;"
6725 [140042433455808] INFO perfrun.perfcollector <> - PERF_STAT : "     0.194719184;CPU0;1021;;UNC_M_CAS_COUNT.RD[UNIT5];10229004;100.00;;"
6725 [140042433455808] INFO perfrun.perfcollector <> - PERF_STAT : "     0.194719184;CPU10;2015;;UNC_M_CAS_COUNT.RD[UNIT5];10229399;100.00;;"
6725 [140042433455808] INFO perfrun.perfcollector <> - PERF_STAT : "     0.194719184;CPU0;627;;UNC_M_CAS_COUNT.WR[UNIT0];10229000;100.00;;"
6725 [140042433455808] INFO perfrun.perfcollector <> - PERF_STAT : "     0.194719184;CPU10;769;;UNC_M_CAS_COUNT.WR[UNIT0];10229389;100.00;;"
6725 [140042433455808] INFO perfrun.perfcollector <> - PERF_STAT : "     0.194719184;CPU0;1169;;UNC_M_CAS_COUNT.WR[UNIT1];10229004;100.00;;"
6725 [140042433455808] INFO perfrun.perfcollector <> - PERF_STAT : "     0.194719184;CPU10;253;;UNC_M_CAS_COUNT.WR[UNIT1];10229362;100.00;;"
6725 [140042433455808] INFO perfrun.perfcollector <> - PERF_STAT : "     0.194719184;CPU0;732;;UNC_M_CAS_COUNT.WR[UNIT4];10228931;100.00;;"
6725 [140042433455808] INFO perfrun.perfcollector <> - PERF_STAT : "     0.194719184;CPU10;803;;UNC_M_CAS_COUNT.WR[UNIT4];10229348;100.00;;"
6725 [140042433455808] INFO perfrun.perfcollector <> - PERF_STAT : "     0.194719184;CPU0;1174;;UNC_M_CAS_COUNT.WR[UNIT5];10228942;100.00;;"
6725 [140042433455808] INFO perfrun.perfcollector <> - PERF_STAT : "     0.194719184;CPU10;239;;UNC_M_CAS_COUNT.WR[UNIT5];10229408;100.00;;"
6735 [140042433455808] INFO perfrun.perfcollector <> - PERF_STAT : "     0.204949465;CPU0;931;;UNC_M_CAS_COUNT.RD[UNIT0];10230394;100.00;;"
6735 [140042433455808] INFO perfrun.perfcollector <> - PERF_STAT : "     0.204949465;CPU10;1895;;UNC_M_CAS_COUNT.RD[UNIT0];10229879;100.00;;"
6735 [140042433455808] INFO perfrun.perfcollector <> - PERF_STAT : "     0.204949465;CPU0;1435;;UNC_M_CAS_COUNT.RD[UNIT1];10230347;100.00;;"
6735 [140042433455808] INFO perfrun.perfcollector <> - PERF_STAT : "     0.204949465;CPU10;1330;;UNC_M_CAS_COUNT.RD[UNIT1];10229949;100.00;;"
6735 [140042433455808] INFO perfrun.perfcollector <> - PERF_STAT : "     0.204949465;CPU0;895;;UNC_M_CAS_COUNT.RD[UNIT4];10230226;100.00;;"
6735 [140042433455808] INFO perfrun.perfcollector <> - PERF_STAT : "     0.204949465;CPU10;1892;;UNC_M_CAS_COUNT.RD[UNIT4];10229875;100.00;;"
6735 [140042433455808] INFO perfrun.perfcollector <> - PERF_STAT : "     0.204949465;CPU0;1478;;UNC_M_CAS_COUNT.RD[UNIT5];10230278;100.00;;"
6735 [140042433455808] INFO perfrun.perfcollector <> - PERF_STAT : "     0.204949465;CPU10;1347;;UNC_M_CAS_COUNT.RD[UNIT5];10229871;100.00;;"
6736 [140042433455808] INFO perfrun.perfcollector <> - PERF_STAT : "     0.204949465;CPU0;635;;UNC_M_CAS_COUNT.WR[UNIT0];10230293;100.00;;"
6736 [140042433455808] INFO perfrun.perfcollector <> - PERF_STAT : "     0.204949465;CPU10;741;;UNC_M_CAS_COUNT.WR[UNIT0];10229950;100.00;;"
6736 [140042433455808] INFO perfrun.perfcollector <> - PERF_STAT : "     0.204949465;CPU0;1170;;UNC_M_CAS_COUNT.WR[UNIT1];10230288;100.00;;"
6736 [140042433455808] INFO perfrun.perfcollector <> - PERF_STAT : "     0.204949465;CPU10;212;;UNC_M_CAS_COUNT.WR[UNIT1];10229957;100.00;;"
6736 [140042433455808] INFO perfrun.perfcollector <> - PERF_STAT : "     0.204949465;CPU0;581;;UNC_M_CAS_COUNT.WR[UNIT4];10230362;100.00;;"
6736 [140042433455808] INFO perfrun.perfcollector <> - PERF_STAT : "     0.204949465;CPU10;724;;UNC_M_CAS_COUNT.WR[UNIT4];10229982;100.00;;"
6736 [140042433455808] INFO perfrun.perfcollector <> - PERF_STAT : "     0.204949465;CPU0;1128;;UNC_M_CAS_COUNT.WR[UNIT5];10230362;100.00;;"
6736 [140042433455808] INFO perfrun.perfcollector <> - PERF_STAT : "     0.204949465;CPU10;174;;UNC_M_CAS_COUNT.WR[UNIT5];10229917;100.00;;"
6746 [140042433455808] INFO perfrun.perfcollector <> - PERF_STAT : "     0.215179116;CPU0;595;;UNC_M_CAS_COUNT.RD[UNIT0];10229015;100.00;;"
6746 [140042433455808] INFO perfrun.perfcollector <> - PERF_STAT : "     0.215179116;CPU10;4109;;UNC_M_CAS_COUNT.RD[UNIT0];10229706;100.00;;"
6746 [140042433455808] INFO perfrun.perfcollector <> - PERF_STAT : "     0.215179116;CPU0;1092;;UNC_M_CAS_COUNT.RD[UNIT1];10229072;100.00;;"
6746 [140042433455808] INFO perfrun.perfcollector <> - PERF_STAT : "     0.215179116;CPU10;3544;;UNC_M_CAS_COUNT.RD[UNIT1];10229645;100.00;;"
6746 [140042433455808] INFO perfrun.perfcollector <> - PERF_STAT : "     0.215179116;CPU0;578;;UNC_M_CAS_COUNT.RD[UNIT4];10229103;100.00;;"
6746 [140042433455808] INFO perfrun.perfcollector <> - PERF_STAT : "     0.215179116;CPU10;4131;;UNC_M_CAS_COUNT.RD[UNIT4];10229927;100.00;;"
6746 [140042433455808] INFO perfrun.perfcollector <> - PERF_STAT : "     0.215179116;CPU0;1163;;UNC_M_CAS_COUNT.RD[UNIT5];10229125;100.00;;"
6746 [140042433455808] INFO perfrun.perfcollector <> - PERF_STAT : "     0.215179116;CPU10;3537;;UNC_M_CAS_COUNT.RD[UNIT5];10230009;100.00;;"
6746 [140042433455808] INFO perfrun.perfcollector <> - PERF_STAT : "     0.215179116;CPU0;1266;;UNC_M_CAS_COUNT.WR[UNIT0];10229124;100.00;;"
6746 [140042433455808] INFO perfrun.perfcollector <> - PERF_STAT : "     0.215179116;CPU10;859;;UNC_M_CAS_COUNT.WR[UNIT0];10229923;100.00;;"
6746 [140042433455808] INFO perfrun.perfcollector <> - PERF_STAT : "     0.215179116;CPU0;1737;;UNC_M_CAS_COUNT.WR[UNIT1];10229129;100.00;;"
6746 [140042433455808] INFO perfrun.perfcollector <> - PERF_STAT : "     0.215179116;CPU10;333;;UNC_M_CAS_COUNT.WR[UNIT1];10229936;100.00;;"
6746 [140042433455808] INFO perfrun.perfcollector <> - PERF_STAT : "     0.215179116;CPU0;1228;;UNC_M_CAS_COUNT.WR[UNIT4];10229045;100.00;;"
6746 [140042433455808] INFO perfrun.perfcollector <> - PERF_STAT : "     0.215179116;CPU10;841;;UNC_M_CAS_COUNT.WR[UNIT4];10229913;100.00;;"
6746 [140042433455808] INFO perfrun.perfcollector <> - PERF_STAT : "     0.215179116;CPU0;1735;;UNC_M_CAS_COUNT.WR[UNIT5];10229109;100.00;;"
6746 [140042433455808] INFO perfrun.perfcollector <> - PERF_STAT : "     0.215179116;CPU10;306;;UNC_M_CAS_COUNT.WR[UNIT5];10229918;100.00;;"
6756 [140042433455808] INFO perfrun.perfcollector <> - PERF_STAT : "     0.225412314;CPU0;238;;UNC_M_CAS_COUNT.RD[UNIT0];10233091;100.00;;"
6756 [140042433455808] INFO perfrun.perfcollector <> - PERF_STAT : "     0.225412314;CPU10;2232;;UNC_M_CAS_COUNT.RD[UNIT0];10232954;100.00;;"
6756 [140042433455808] INFO perfrun.perfcollector <> - PERF_STAT : "     0.225412314;CPU0;754;;UNC_M_CAS_COUNT.RD[UNIT1];10233024;100.00;;"
6756 [140042433455808] INFO perfrun.perfcollector <> - PERF_STAT : "     0.225412314;CPU10;1673;;UNC_M_CAS_COUNT.RD[UNIT1];10233083;100.00;;"
6756 [140042433455808] INFO perfrun.perfcollector <> - PERF_STAT : "     0.225412314;CPU0;210;;UNC_M_CAS_COUNT.RD[UNIT4];10232992;100.00;;"
6756 [140042433455808] INFO perfrun.perfcollector <> - PERF_STAT : "     0.225412314;CPU10;2215;;UNC_M_CAS_COUNT.RD[UNIT4];10232843;100.00;;"
6756 [140042433455808] INFO perfrun.perfcollector <> - PERF_STAT : "     0.225412314;CPU0;779;;UNC_M_CAS_COUNT.RD[UNIT5];10232919;100.00;;"
6756 [140042433455808] INFO perfrun.perfcollector <> - PERF_STAT : "     0.225412314;CPU10;1644;;UNC_M_CAS_COUNT.RD[UNIT5];10232778;100.00;;"
6756 [140042433455808] INFO perfrun.perfcollector <> - PERF_STAT : "     0.225412314;CPU0;515;;UNC_M_CAS_COUNT.WR[UNIT0];10232916;100.00;;"
6756 [140042433455808] INFO perfrun.perfcollector <> - PERF_STAT : "     0.225412314;CPU10;709;;UNC_M_CAS_COUNT.WR[UNIT0];10232875;100.00;;"
6756 [140042433455808] INFO perfrun.perfcollector <> - PERF_STAT : "     0.225412314;CPU0;1011;;UNC_M_CAS_COUNT.WR[UNIT1];10233039;100.00;;"
6756 [140042433455808] INFO perfrun.perfcollector <> - PERF_STAT : "     0.225412314;CPU10;176;;UNC_M_CAS_COUNT.WR[UNIT1];10232951;100.00;;"
6756 [140042433455808] INFO perfrun.perfcollector <> - PERF_STAT : "     0.225412314;CPU0;475;;UNC_M_CAS_COUNT.WR[UNIT4];10233041;100.00;;"
6756 [140042433455808] INFO perfrun.perfcollector <> - PERF_STAT : "     0.225412314;CPU10;706;;UNC_M_CAS_COUNT.WR[UNIT4];10233034;100.00;;"
6756 [140042433455808] INFO perfrun.perfcollector <> - PERF_STAT : "     0.225412314;CPU0;1030;;UNC_M_CAS_COUNT.WR[UNIT5];10232966;100.00;;"
6756 [140042433455808] INFO perfrun.perfcollector <> - PERF_STAT : "     0.225412314;CPU10;180;;UNC_M_CAS_COUNT.WR[UNIT5];10233125;100.00;;"
6766 [140042433455808] INFO perfrun.perfcollector <> - PERF_STAT : "     0.235642570;CPU0;350;;UNC_M_CAS_COUNT.RD[UNIT0];10230628;100.00;;"
6766 [140042433455808] INFO perfrun.perfcollector <> - PERF_STAT : "     0.235642570;CPU10;1769;;UNC_M_CAS_COUNT.RD[UNIT0];10230734;100.00;;"
6766 [140042433455808] INFO perfrun.perfcollector <> - PERF_STAT : "     0.235642570;CPU0;849;;UNC_M_CAS_COUNT.RD[UNIT1];10230690;100.00;;"
6766 [140042433455808] INFO perfrun.perfcollector <> - PERF_STAT : "     0.235642570;CPU10;1219;;UNC_M_CAS_COUNT.RD[UNIT1];10230743;100.00;;"
6766 [140042433455808] INFO perfrun.perfcollector <> - PERF_STAT : "     0.235642570;CPU0;326;;UNC_M_CAS_COUNT.RD[UNIT4];10230911;100.00;;"
6766 [140042433455808] INFO perfrun.perfcollector <> - PERF_STAT : "     0.235642570;CPU10;1777;;UNC_M_CAS_COUNT.RD[UNIT4];10230974;100.00;;"
6766 [140042433455808] INFO perfrun.perfcollector <> - PERF_STAT : "     0.235642570;CPU0;904;;UNC_M_CAS_COUNT.RD[UNIT5];10230919;100.00;;"
6766 [140042433455808] INFO perfrun.perfcollector <> - PERF_STAT : "     0.235642570;CPU10;1204;;UNC_M_CAS_COUNT.RD[UNIT5];10231049;100.00;;"
6766 [140042433455808] INFO perfrun.perfcollector <> - PERF_STAT : "     0.235642570;CPU0;403;;UNC_M_CAS_COUNT.WR[UNIT0];10230990;100.00;;"
6766 [140042433455808] INFO perfrun.perfcollector <> - PERF_STAT : "     0.235642570;CPU10;670;;UNC_M_CAS_COUNT.WR[UNIT0];10231060;100.00;;"
6766 [140042433455808] INFO perfrun.perfcollector <> - PERF_STAT : "     0.235642570;CPU0;900;;UNC_M_CAS_COUNT.WR[UNIT1];10230865;100.00;;"
6766 [140042433455808] INFO perfrun.perfcollector <> - PERF_STAT : "     0.235642570;CPU10;130;;UNC_M_CAS_COUNT.WR[UNIT1];10230965;100.00;;"
6766 [140042433455808] INFO perfrun.perfcollector <> - PERF_STAT : "     0.235642570;CPU0;371;;UNC_M_CAS_COUNT.WR[UNIT4];10230871;100.00;;"
6766 [140042433455808] INFO perfrun.perfcollector <> - PERF_STAT : "     0.235642570;CPU10;651;;UNC_M_CAS_COUNT.WR[UNIT4];10230872;100.00;;"
6766 [140042433455808] INFO perfrun.perfcollector <> - PERF_STAT : "     0.235642570;CPU0;883;;UNC_M_CAS_COUNT.WR[UNIT5];10230983;100.00;;"
6766 [140042433455808] INFO perfrun.perfcollector <> - PERF_STAT : "     0.235642570;CPU10;113;;UNC_M_CAS_COUNT.WR[UNIT5];10230787;100.00;;"
6776 [140042433455808] INFO perfrun.perfcollector <> - PERF_STAT : "     0.245875125;CPU0;563;;UNC_M_CAS_COUNT.RD[UNIT0];10231661;100.00;;"
6776 [140042433455808] INFO perfrun.perfcollector <> - PERF_STAT : "     0.245875125;CPU10;1505;;UNC_M_CAS_COUNT.RD[UNIT0];10231130;100.00;;"
6776 [140042433455808] INFO perfrun.perfcollector <> - PERF_STAT : "     0.245875125;CPU0;1096;;UNC_M_CAS_COUNT.RD[UNIT1];10231634;100.00;;"
6776 [140042433455808] INFO perfrun.perfcollector <> - PERF_STAT : "     0.245875125;CPU10;959;;UNC_M_CAS_COUNT.RD[UNIT1];10231077;100.00;;"
6776 [140042433455808] INFO perfrun.perfcollector <> - PERF_STAT : "     0.245875125;CPU0;542;;UNC_M_CAS_COUNT.RD[UNIT4];10231439;100.00;;"
6776 [140042433455808] INFO perfrun.perfcollector <> - PERF_STAT : "     0.245875125;CPU10;1503;;UNC_M_CAS_COUNT.RD[UNIT4];10230940;100.00;;"
6776 [140042433455808] INFO perfrun.perfcollector <> - PERF_STAT : "     0.245875125;CPU0;1115;;UNC_M_CAS_COUNT.RD[UNIT5];10231519;100.00;;"
6776 [140042433455808] INFO perfrun.perfcollector <> - PERF_STAT : "     0.245875125;CPU10;952;;UNC_M_CAS_COUNT.RD[UNIT5];10230941;100.00;;"
6776 [140042433455808] INFO perfrun.perfcollector <> - PERF_STAT : "     0.245875125;CPU0;451;;UNC_M_CAS_COUNT.WR[UNIT0];10231446;100.00;;"
6776 [140042433455808] INFO perfrun.perfcollector <> - PERF_STAT : "     0.245875125;CPU10;629;;UNC_M_CAS_COUNT.WR[UNIT0];10230950;100.00;;"
6776 [140042433455808] INFO perfrun.perfcollector <> - PERF_STAT : "     0.245875125;CPU0;934;;UNC_M_CAS_COUNT.WR[UNIT1];10231516;100.00;;"
6776 [140042433455808] INFO perfrun.perfcollector <> - PERF_STAT : "     0.245875125;CPU10;97;;UNC_M_CAS_COUNT.WR[UNIT1];10230953;100.00;;"
6776 [140042433455808] INFO perfrun.perfcollector <> - PERF_STAT : "     0.245875125;CPU0;379;;UNC_M_CAS_COUNT.WR[UNIT4];10231511;100.00;;"
6776 [140042433455808] INFO perfrun.perfcollector <> - PERF_STAT : "     0.245875125;CPU10;665;;UNC_M_CAS_COUNT.WR[UNIT4];10230963;100.00;;"
6777 [140042433455808] INFO perfrun.perfcollector <> - PERF_STAT : "     0.245875125;CPU0;949;;UNC_M_CAS_COUNT.WR[UNIT5];10231400;100.00;;"
6777 [140042433455808] INFO perfrun.perfcollector <> - PERF_STAT : "     0.245875125;CPU10;124;;UNC_M_CAS_COUNT.WR[UNIT5];10230964;100.00;;"
6786 [140042433455808] INFO perfrun.perfcollector <> - PERF_STAT : "     0.256085579;CPU0;2718;;UNC_M_CAS_COUNT.RD[UNIT0];10193010;100.00;;"
6787 [140042433455808] INFO perfrun.perfcollector <> - PERF_STAT : "     0.256085579;CPU10;3093;;UNC_M_CAS_COUNT.RD[UNIT0];10195808;100.00;;"
6787 [140042433455808] INFO perfrun.perfcollector <> - PERF_STAT : "     0.256085579;CPU0;3231;;UNC_M_CAS_COUNT.RD[UNIT1];10193249;100.00;;"
6787 [140042433455808] INFO perfrun.perfcollector <> - PERF_STAT : "     0.256085579;CPU10;2568;;UNC_M_CAS_COUNT.RD[UNIT1];10195978;100.00;;"
6787 [140042433455808] INFO perfrun.perfcollector <> - PERF_STAT : "     0.256085579;CPU0;2767;;UNC_M_CAS_COUNT.RD[UNIT4];10193439;100.00;;"
6787 [140042433455808] INFO perfrun.perfcollector <> - PERF_STAT : "     0.256085579;CPU10;18864;;UNC_M_CAS_COUNT.RD[UNIT4];10196139;100.00;;"
6787 [140042433455808] INFO perfrun.perfcollector <> - PERF_STAT : "     0.256085579;CPU0;4483;;UNC_M_CAS_COUNT.RD[UNIT5];10193531;100.00;;"
6787 [140042433455808] INFO perfrun.perfcollector <> - PERF_STAT : "     0.256085579;CPU10;18664;;UNC_M_CAS_COUNT.RD[UNIT5];10196170;100.00;;"
6787 [140042433455808] INFO perfrun.perfcollector <> - PERF_STAT : "     0.256085579;CPU0;7254;;UNC_M_CAS_COUNT.WR[UNIT0];10193792;100.00;;"
6787 [140042433455808] INFO perfrun.perfcollector <> - PERF_STAT : "     0.256085579;CPU10;3089;;UNC_M_CAS_COUNT.WR[UNIT0];10196261;100.00;;"
6787 [140042433455808] INFO perfrun.perfcollector <> - PERF_STAT : "     0.256085579;CPU0;7703;;UNC_M_CAS_COUNT.WR[UNIT1];10193848;100.00;;"
6787 [140042433455808] INFO perfrun.perfcollector <> - PERF_STAT : "     0.256085579;CPU10;2681;;UNC_M_CAS_COUNT.WR[UNIT1];10196652;100.00;;"
6787 [140042433455808] INFO perfrun.perfcollector <> - PERF_STAT : "     0.256085579;CPU0;7114;;UNC_M_CAS_COUNT.WR[UNIT4];10194023;100.00;;"
6787 [140042433455808] INFO perfrun.perfcollector <> - PERF_STAT : "     0.256085579;CPU10;3201;;UNC_M_CAS_COUNT.WR[UNIT4];10196923;100.00;;"
6787 [140042433455808] INFO perfrun.perfcollector <> - PERF_STAT : "     0.256085579;CPU0;8186;;UNC_M_CAS_COUNT.WR[UNIT5];10194224;100.00;;"
6787 [140042433455808] INFO perfrun.perfcollector <> - PERF_STAT : "     0.256085579;CPU10;2841;;UNC_M_CAS_COUNT.WR[UNIT5];10197101;100.00;;"
6797 [140042433455808] INFO perfrun.perfcollector <> - PERF_STAT : "     0.266283262;CPU0;233;;UNC_M_CAS_COUNT.RD[UNIT0];10187724;100.00;;"
6797 [140042433455808] INFO perfrun.perfcollector <> - PERF_STAT : "     0.266283262;CPU10;720;;UNC_M_CAS_COUNT.RD[UNIT0];10180595;100.00;;"
6797 [140042433455808] INFO perfrun.perfcollector <> - PERF_STAT : "     0.266283262;CPU0;745;;UNC_M_CAS_COUNT.RD[UNIT1];10186923;100.00;;"
6797 [140042433455808] INFO perfrun.perfcollector <> - PERF_STAT : "     0.266283262;CPU10;167;;UNC_M_CAS_COUNT.RD[UNIT1];10180052;100.00;;"
6797 [140042433455808] INFO perfrun.perfcollector <> - PERF_STAT : "     0.266283262;CPU0;211;;UNC_M_CAS_COUNT.RD[UNIT4];10186849;100.00;;"
6797 [140042433455808] INFO perfrun.perfcollector <> - PERF_STAT : "     0.266283262;CPU10;690;;UNC_M_CAS_COUNT.RD[UNIT4];10180264;100.00;;"
6797 [140042433455808] INFO perfrun.perfcollector <> - PERF_STAT : "     0.266283262;CPU0;743;;UNC_M_CAS_COUNT.RD[UNIT5];10186795;100.00;;"
6797 [140042433455808] INFO perfrun.perfcollector <> - PERF_STAT : "     0.266283262;CPU10;152;;UNC_M_CAS_COUNT.RD[UNIT5];10180306;100.00;;"
6797 [140042433455808] INFO perfrun.perfcollector <> - PERF_STAT : "     0.266283262;CPU0;52;;UNC_M_CAS_COUNT.WR[UNIT0];10186725;100.00;;"
6797 [140042433455808] INFO perfrun.perfcollector <> - PERF_STAT : "     0.266283262;CPU10;563;;UNC_M_CAS_COUNT.WR[UNIT0];10180259;100.00;;"
6797 [140042433455808] INFO perfrun.perfcollector <> - PERF_STAT : "     0.266283262;CPU0;572;;UNC_M_CAS_COUNT.WR[UNIT1];10186656;100.00;;"
6797 [140042433455808] INFO perfrun.perfcollector <> - PERF_STAT : "     0.266283262;CPU10;41;;UNC_M_CAS_COUNT.WR[UNIT1];10180092;100.00;;"
6797 [140042433455808] INFO perfrun.perfcollector <> - PERF_STAT : "     0.266283262;CPU0;28;;UNC_M_CAS_COUNT.WR[UNIT4];10186650;100.00;;"
6797 [140042433455808] INFO perfrun.perfcollector <> - PERF_STAT : "     0.266283262;CPU10;564;;UNC_M_CAS_COUNT.WR[UNIT4];10180007;100.00;;"
6797 [140042433455808] INFO perfrun.perfcollector <> - PERF_STAT : "     0.266283262;CPU0;574;;UNC_M_CAS_COUNT.WR[UNIT5];10186617;100.00;;"
6797 [140042433455808] INFO perfrun.perfcollector <> - PERF_STAT : "     0.266283262;CPU10;33;;UNC_M_CAS_COUNT.WR[UNIT5];10179999;100.00;;"
6807 [140042433455808] INFO perfrun.perfcollector <> - PERF_STAT : "     0.276457317;CPU0;888;;UNC_M_CAS_COUNT.RD[UNIT0];10198201;100.00;;"
6807 [140042433455808] INFO perfrun.perfcollector <> - PERF_STAT : "     0.276457317;CPU10;1102;;UNC_M_CAS_COUNT.RD[UNIT0];10204664;100.00;;"
6807 [140042433455808] INFO perfrun.perfcollector <> - PERF_STAT : "     0.276457317;CPU0;1444;;UNC_M_CAS_COUNT.RD[UNIT1];10199095;100.00;;"
6807 [140042433455808] INFO perfrun.perfcollector <> - PERF_STAT : "     0.276457317;CPU10;521;;UNC_M_CAS_COUNT.RD[UNIT1];10204501;100.00;;"
6807 [140042433455808] INFO perfrun.perfcollector <> - PERF_STAT : "     0.276457317;CPU0;863;;UNC_M_CAS_COUNT.RD[UNIT4];10199185;100.00;;"
6807 [140042433455808] INFO perfrun.perfcollector <> - PERF_STAT : "     0.276457317;CPU10;1010;;UNC_M_CAS_COUNT.RD[UNIT4];10204403;100.00;;"
6807 [140042433455808] INFO perfrun.perfcollector <> - PERF_STAT : "     0.276457317;CPU0;1411;;UNC_M_CAS_COUNT.RD[UNIT5];10199506;100.00;;"
6807 [140042433455808] INFO perfrun.perfcollector <> - PERF_STAT : "     0.276457317;CPU10;452;;UNC_M_CAS_COUNT.RD[UNIT5];10204335;100.00;;"
6807 [140042433455808] INFO perfrun.perfcollector <> - PERF_STAT : "     0.276457317;CPU0;779;;UNC_M_CAS_COUNT.WR[UNIT0];10199529;100.00;;"
6807 [140042433455808] INFO perfrun.perfcollector <> - PERF_STAT : "     0.276457317;CPU10;842;;UNC_M_CAS_COUNT.WR[UNIT0];10204414;100.00;;"
6807 [140042433455808] INFO perfrun.perfcollector <> - PERF_STAT : "     0.276457317;CPU0;1239;;UNC_M_CAS_COUNT.WR[UNIT1];10199645;100.00;;"
6807 [140042433455808] INFO perfrun.perfcollector <> - PERF_STAT : "     0.276457317;CPU10;289;;UNC_M_CAS_COUNT.WR[UNIT1];10204430;100.00;;"
6807 [140042433455808] INFO perfrun.perfcollector <> - PERF_STAT : "     0.276457317;CPU0;701;;UNC_M_CAS_COUNT.WR[UNIT4];10199724;100.00;;"
6807 [140042433455808] INFO perfrun.perfcollector <> - PERF_STAT : "     0.276457317;CPU10;805;;UNC_M_CAS_COUNT.WR[UNIT4];10204404;100.00;;"
6807 [140042433455808] INFO perfrun.perfcollector <> - PERF_STAT : "     0.276457317;CPU0;1256;;UNC_M_CAS_COUNT.WR[UNIT5];10199790;100.00;;"
6807 [140042433455808] INFO perfrun.perfcollector <> - PERF_STAT : "     0.276457317;CPU10;283;;UNC_M_CAS_COUNT.WR[UNIT5];10204398;100.00;;"
6817 [140042433455808] INFO perfrun.perfcollector <> - PERF_STAT : "     0.286660478;CPU0;4642;;UNC_M_CAS_COUNT.RD[UNIT0];10205167;100.00;;"
6817 [140042433455808] INFO perfrun.perfcollector <> - PERF_STAT : "     0.286660478;CPU10;2901;;UNC_M_CAS_COUNT.RD[UNIT0];10208413;100.00;;"
6817 [140042433455808] INFO perfrun.perfcollector <> - PERF_STAT : "     0.286660478;CPU0;5044;;UNC_M_CAS_COUNT.RD[UNIT1];10205653;100.00;;"
6817 [140042433455808] INFO perfrun.perfcollector <> - PERF_STAT : "     0.286660478;CPU10;2391;;UNC_M_CAS_COUNT.RD[UNIT1];10208450;100.00;;"
6817 [140042433455808] INFO perfrun.perfcollector <> - PERF_STAT : "     0.286660478;CPU0;4596;;UNC_M_CAS_COUNT.RD[UNIT4];10206132;100.00;;"
6817 [140042433455808] INFO perfrun.perfcollector <> - PERF_STAT : "     0.286660478;CPU10;2787;;UNC_M_CAS_COUNT.RD[UNIT4];10208257;100.00;;"
6817 [140042433455808] INFO perfrun.perfcollector <> - PERF_STAT : "     0.286660478;CPU0;5104;;UNC_M_CAS_COUNT.RD[UNIT5];10206393;100.00;;"
6817 [140042433455808] INFO perfrun.perfcollector <> - PERF_STAT : "     0.286660478;CPU10;2315;;UNC_M_CAS_COUNT.RD[UNIT5];10208430;100.00;;"
6817 [140042433455808] INFO perfrun.perfcollector <> - PERF_STAT : "     0.286660478;CPU0;26348;;UNC_M_CAS_COUNT.WR[UNIT0];10206646;100.00;;"
6817 [140042433455808] INFO perfrun.perfcollector <> - PERF_STAT : "     0.286660478;CPU10;12450;;UNC_M_CAS_COUNT.WR[UNIT0];10208427;100.00;;"
6817 [140042433455808] INFO perfrun.perfcollector <> - PERF_STAT : "     0.286660478;CPU0;26930;;UNC_M_CAS_COUNT.WR[UNIT1];10206834;100.00;;"
6817 [140042433455808] INFO perfrun.perfcollector <> - PERF_STAT : "     0.286660478;CPU10;11813;;UNC_M_CAS_COUNT.WR[UNIT1];10208343;100.00;;"
6817 [140042433455808] INFO perfrun.perfcollector <> - PERF_STAT : "     0.286660478;CPU0;26061;;UNC_M_CAS_COUNT.WR[UNIT4];10207144;100.00;;"
6817 [140042433455808] INFO perfrun.perfcollector <> - PERF_STAT : "     0.286660478;CPU10;12418;;UNC_M_CAS_COUNT.WR[UNIT4];10208350;100.00;;"
6817 [140042433455808] INFO perfrun.perfcollector <> - PERF_STAT : "     0.286660478;CPU0;26561;;UNC_M_CAS_COUNT.WR[UNIT5];10207230;100.00;;"
6817 [140042433455808] INFO perfrun.perfcollector <> - PERF_STAT : "     0.286660478;CPU10;11686;;UNC_M_CAS_COUNT.WR[UNIT5];10208434;100.00;;"
6827 [140042433455808] INFO perfrun.perfcollector <> - PERF_STAT : "     0.296871999;CPU0;12316;;UNC_M_CAS_COUNT.RD[UNIT0];10187353;100.00;;"
6827 [140042433455808] INFO perfrun.perfcollector <> - PERF_STAT : "     0.296871999;CPU10;9976;;UNC_M_CAS_COUNT.RD[UNIT0];10180295;100.00;;"
6827 [140042433455808] INFO perfrun.perfcollector <> - PERF_STAT : "     0.296871999;CPU0;12899;;UNC_M_CAS_COUNT.RD[UNIT1];10186535;100.00;;"
6827 [140042433455808] INFO perfrun.perfcollector <> - PERF_STAT : "     0.296871999;CPU10;8338;;UNC_M_CAS_COUNT.RD[UNIT1];10180985;100.00;;"
6827 [140042433455808] INFO perfrun.perfcollector <> - PERF_STAT : "     0.296871999;CPU0;12044;;UNC_M_CAS_COUNT.RD[UNIT4];10185834;100.00;;"
6827 [140042433455808] INFO perfrun.perfcollector <> - PERF_STAT : "     0.296871999;CPU10;9525;;UNC_M_CAS_COUNT.RD[UNIT4];10181157;100.00;;"
6827 [140042433455808] INFO perfrun.perfcollector <> - PERF_STAT : "     0.296871999;CPU0;12690;;UNC_M_CAS_COUNT.RD[UNIT5];10185290;100.00;;"
6827 [140042433455808] INFO perfrun.perfcollector <> - PERF_STAT : "     0.296871999;CPU10;8987;;UNC_M_CAS_COUNT.RD[UNIT5];10181142;100.00;;"
6827 [140042433455808] INFO perfrun.perfcollector <> - PERF_STAT : "     0.296871999;CPU0;26143;;UNC_M_CAS_COUNT.WR[UNIT0];10184912;100.00;;"
6827 [140042433455808] INFO perfrun.perfcollector <> - PERF_STAT : "     0.296871999;CPU10;15274;;UNC_M_CAS_COUNT.WR[UNIT0];10181104;100.00;;"
6827 [140042433455808] INFO perfrun.perfcollector <> - PERF_STAT : "     0.296871999;CPU0;26546;;UNC_M_CAS_COUNT.WR[UNIT1];10184455;100.00;;"
6827 [140042433455808] INFO perfrun.perfcollector <> - PERF_STAT : "     0.296871999;CPU10;14683;;UNC_M_CAS_COUNT.WR[UNIT1];10181153;100.00;;"
6827 [140042433455808] INFO perfrun.perfcollector <> - PERF_STAT : "     0.296871999;CPU0;26213;;UNC_M_CAS_COUNT.WR[UNIT4];10183881;100.00;;"
6827 [140042433455808] INFO perfrun.perfcollector <> - PERF_STAT : "     0.296871999;CPU10;15268;;UNC_M_CAS_COUNT.WR[UNIT4];10181183;100.00;;"
6827 [140042433455808] INFO perfrun.perfcollector <> - PERF_STAT : "     0.296871999;CPU0;26567;;UNC_M_CAS_COUNT.WR[UNIT5];10183588;100.00;;"
6828 [140042433455808] INFO perfrun.perfcollector <> - PERF_STAT : "     0.296871999;CPU10;14574;;UNC_M_CAS_COUNT.WR[UNIT5];10181143;100.00;;"
6834 [140042709390016] INFO perfrun.launcher <> - Launcher: all plugins were started
6834 [140042709390016] INFO perfrun.launcher <> - DirectoryMonitor object was created
6834 [140042709390016] INFO perfrun.launcher <> - DirectoryMonitor: a callback was added
6834 [140042709390016] INFO perfrun.launcher <> - DirectoryMonitor was started with pingTime = 1000
6834 [140042709390016] INFO perfrun.launcher <> - DeadlineTimer is going to be constructed
6834 [140042709390016] INFO perfrun.launcher <> - DeadlineTimer: a callback was added
6838 [140042433455808] INFO perfrun.perfcollector <> - PERF_STAT : "     0.307125116;CPU0;7128;;UNC_M_CAS_COUNT.RD[UNIT0];10308539;100.00;;"
6838 [140042433455808] INFO perfrun.perfcollector <> - PERF_STAT : "     0.307125116;CPU10;11808;;UNC_M_CAS_COUNT.RD[UNIT0];10348309;100.00;;"
6838 [140042433455808] INFO perfrun.perfcollector <> - PERF_STAT : "     0.307125116;CPU0;7603;;UNC_M_CAS_COUNT.RD[UNIT1];10311565;100.00;;"
6838 [140042433455808] INFO perfrun.perfcollector <> - PERF_STAT : "     0.307125116;CPU10;10164;;UNC_M_CAS_COUNT.RD[UNIT1];10351006;100.00;;"
6838 [140042433455808] INFO perfrun.perfcollector <> - PERF_STAT : "     0.307125116;CPU0;6933;;UNC_M_CAS_COUNT.RD[UNIT4];10313613;100.00;;"
6838 [140042433455808] INFO perfrun.perfcollector <> - PERF_STAT : "     0.307125116;CPU10;11096;;UNC_M_CAS_COUNT.RD[UNIT4];10352733;100.00;;"
6838 [140042433455808] INFO perfrun.perfcollector <> - PERF_STAT : "     0.307125116;CPU0;7534;;UNC_M_CAS_COUNT.RD[UNIT5];10315421;100.00;;"
6838 [140042433455808] INFO perfrun.perfcollector <> - PERF_STAT : "     0.307125116;CPU10;10453;;UNC_M_CAS_COUNT.RD[UNIT5];10354585;100.00;;"
6838 [140042433455808] INFO perfrun.perfcollector <> - PERF_STAT : "     0.307125116;CPU0;5414;;UNC_M_CAS_COUNT.WR[UNIT0];10317295;100.00;;"
6838 [140042433455808] INFO perfrun.perfcollector <> - PERF_STAT : "     0.307125116;CPU10;6920;;UNC_M_CAS_COUNT.WR[UNIT0];10356414;100.00;;"
6838 [140042433455808] INFO perfrun.perfcollector <> - PERF_STAT : "     0.307125116;CPU0;5837;;UNC_M_CAS_COUNT.WR[UNIT1];10319412;100.00;;"
6838 [140042433455808] INFO perfrun.perfcollector <> - PERF_STAT : "     0.307125116;CPU10;6120;;UNC_M_CAS_COUNT.WR[UNIT1];10358132;100.00;;"
6838 [140042433455808] INFO perfrun.perfcollector <> - PERF_STAT : "     0.307125116;CPU0;5550;;UNC_M_CAS_COUNT.WR[UNIT4];10321448;100.00;;"
6838 [140042433455808] INFO perfrun.perfcollector <> - PERF_STAT : "     0.307125116;CPU10;6908;;UNC_M_CAS_COUNT.WR[UNIT4];10359997;100.00;;"
6838 [140042433455808] INFO perfrun.perfcollector <> - PERF_STAT : "     0.307125116;CPU0;5875;;UNC_M_CAS_COUNT.WR[UNIT5];10323315;100.00;;"
6838 [140042433455808] INFO perfrun.perfcollector <> - PERF_STAT : "     0.307125116;CPU10;6216;;UNC_M_CAS_COUNT.WR[UNIT5];10361756;100.00;;"
6842 [140042709390016] INFO perfrun.launcher <> - Launcher: resume the profiled application and  wait its termination or stop command
6848 [140042433455808] INFO perfrun.perfcollector <> - PERF_STAT : "     0.317459670;CPU0;4365;;UNC_M_CAS_COUNT.RD[UNIT0];10323329;100.00;;"
6848 [140042433455808] INFO perfrun.perfcollector <> - PERF_STAT : "     0.317459670;CPU10;18577;;UNC_M_CAS_COUNT.RD[UNIT0];10317710;100.00;;"
6848 [140042433455808] INFO perfrun.perfcollector <> - PERF_STAT : "     0.317459670;CPU0;4498;;UNC_M_CAS_COUNT.RD[UNIT1];10323242;100.00;;"
6848 [140042433455808] INFO perfrun.perfcollector <> - PERF_STAT : "     0.317459670;CPU10;18077;;UNC_M_CAS_COUNT.RD[UNIT1];10314826;100.00;;"
6848 [140042433455808] INFO perfrun.perfcollector <> - PERF_STAT : "     0.317459670;CPU0;4245;;UNC_M_CAS_COUNT.RD[UNIT4];10323185;100.00;;"
6848 [140042433455808] INFO perfrun.perfcollector <> - PERF_STAT : "     0.317459670;CPU10;18527;;UNC_M_CAS_COUNT.RD[UNIT4];10312761;100.00;;"
6848 [140042433455808] INFO perfrun.perfcollector <> - PERF_STAT : "     0.317459670;CPU0;4642;;UNC_M_CAS_COUNT.RD[UNIT5];10323154;100.00;;"
6848 [140042433455808] INFO perfrun.perfcollector <> - PERF_STAT : "     0.317459670;CPU10;18110;;UNC_M_CAS_COUNT.RD[UNIT5];10310697;100.00;;"
6848 [140042433455808] INFO perfrun.perfcollector <> - PERF_STAT : "     0.317459670;CPU0;1317;;UNC_M_CAS_COUNT.WR[UNIT0];10323137;100.00;;"
6848 [140042433455808] INFO perfrun.perfcollector <> - PERF_STAT : "     0.317459670;CPU10;12330;;UNC_M_CAS_COUNT.WR[UNIT0];10308775;100.00;;"
6848 [140042433455808] INFO perfrun.perfcollector <> - PERF_STAT : "     0.317459670;CPU0;1551;;UNC_M_CAS_COUNT.WR[UNIT1];10323051;100.00;;"
6848 [140042433455808] INFO perfrun.perfcollector <> - PERF_STAT : "     0.317459670;CPU10;11993;;UNC_M_CAS_COUNT.WR[UNIT1];10307026;100.00;;"
6848 [140042433455808] INFO perfrun.perfcollector <> - PERF_STAT : "     0.317459670;CPU0;1341;;UNC_M_CAS_COUNT.WR[UNIT4];10322957;100.00;;"
6848 [140042433455808] INFO perfrun.perfcollector <> - PERF_STAT : "     0.317459670;CPU10;12379;;UNC_M_CAS_COUNT.WR[UNIT4];10305021;100.00;;"
6848 [140042433455808] INFO perfrun.perfcollector <> - PERF_STAT : "     0.317459670;CPU0;1548;;UNC_M_CAS_COUNT.WR[UNIT5];10322948;100.00;;"
6848 [140042433455808] INFO perfrun.perfcollector <> - PERF_STAT : "     0.317459670;CPU10;11999;;UNC_M_CAS_COUNT.WR[UNIT5];10303096;100.00;;"
6858 [140042433455808] INFO perfrun.perfcollector <> - PERF_STAT : "     0.327761058;CPU0;1059;;UNC_M_CAS_COUNT.RD[UNIT0];10314541;100.00;;"
6858 [140042433455808] INFO perfrun.perfcollector <> - PERF_STAT : "     0.327761058;CPU10;69196;;UNC_M_CAS_COUNT.RD[UNIT0];10317349;100.00;;"
6858 [140042433455808] INFO perfrun.perfcollector <> - PERF_STAT : "     0.327761058;CPU0;1058;;UNC_M_CAS_COUNT.RD[UNIT1];10314554;100.00;;"
6858 [140042433455808] INFO perfrun.perfcollector <> - PERF_STAT : "     0.327761058;CPU10;68574;;UNC_M_CAS_COUNT.RD[UNIT1];10319073;100.00;;"
6858 [140042433455808] INFO perfrun.perfcollector <> - PERF_STAT : "     0.327761058;CPU0;1015;;UNC_M_CAS_COUNT.RD[UNIT4];10314554;100.00;;"
6858 [140042433455808] INFO perfrun.perfcollector <> - PERF_STAT : "     0.327761058;CPU10;69206;;UNC_M_CAS_COUNT.RD[UNIT4];10319803;100.00;;"
6858 [140042433455808] INFO perfrun.perfcollector <> - PERF_STAT : "     0.327761058;CPU0;1126;;UNC_M_CAS_COUNT.RD[UNIT5];10314729;100.00;;"
6858 [140042433455808] INFO perfrun.perfcollector <> - PERF_STAT : "     0.327761058;CPU10;68538;;UNC_M_CAS_COUNT.RD[UNIT5];10320379;100.00;;"
6858 [140042433455808] INFO perfrun.perfcollector <> - PERF_STAT : "     0.327761058;CPU0;2899;;UNC_M_CAS_COUNT.WR[UNIT0];10314721;100.00;;"
6858 [140042433455808] INFO perfrun.perfcollector <> - PERF_STAT : "     0.327761058;CPU10;51385;;UNC_M_CAS_COUNT.WR[UNIT0];10321065;100.00;;"
6858 [140042433455808] INFO perfrun.perfcollector <> - PERF_STAT : "     0.327761058;CPU0;3011;;UNC_M_CAS_COUNT.WR[UNIT1];10314775;100.00;;"
6859 [140042433455808] INFO perfrun.perfcollector <> - PERF_STAT : "     0.327761058;CPU10;51037;;UNC_M_CAS_COUNT.WR[UNIT1];10321253;100.00;;"
6859 [140042433455808] INFO perfrun.perfcollector <> - PERF_STAT : "     0.327761058;CPU0;2900;;UNC_M_CAS_COUNT.WR[UNIT4];10314775;100.00;;"
6859 [140042433455808] INFO perfrun.perfcollector <> - PERF_STAT : "     0.327761058;CPU10;51899;;UNC_M_CAS_COUNT.WR[UNIT4];10321626;100.00;;"
6859 [140042433455808] INFO perfrun.perfcollector <> - PERF_STAT : "     0.327761058;CPU0;3036;;UNC_M_CAS_COUNT.WR[UNIT5];10314774;100.00;;"
6859 [140042433455808] INFO perfrun.perfcollector <> - PERF_STAT : "     0.327761058;CPU10;51412;;UNC_M_CAS_COUNT.WR[UNIT5];10322083;100.00;;"
6869 [140042433455808] INFO perfrun.perfcollector <> - PERF_STAT : "     0.338101204;CPU0;959;;UNC_M_CAS_COUNT.RD[UNIT0];10341499;100.00;;"
6869 [140042433455808] INFO perfrun.perfcollector <> - PERF_STAT : "     0.338101204;CPU10;82187;;UNC_M_CAS_COUNT.RD[UNIT0];10333600;100.00;;"
6869 [140042433455808] INFO perfrun.perfcollector <> - PERF_STAT : "     0.338101204;CPU0;1096;;UNC_M_CAS_COUNT.RD[UNIT1];10341600;100.00;;"
6869 [140042433455808] INFO perfrun.perfcollector <> - PERF_STAT : "     0.338101204;CPU10;81623;;UNC_M_CAS_COUNT.RD[UNIT1];10334020;100.00;;"
6869 [140042433455808] INFO perfrun.perfcollector <> - PERF_STAT : "     0.338101204;CPU0;1057;;UNC_M_CAS_COUNT.RD[UNIT4];10341646;100.00;;"
6869 [140042433455808] INFO perfrun.perfcollector <> - PERF_STAT : "     0.338101204;CPU10;82169;;UNC_M_CAS_COUNT.RD[UNIT4];10333953;100.00;;"
6869 [140042433455808] INFO perfrun.perfcollector <> - PERF_STAT : "     0.338101204;CPU0;1085;;UNC_M_CAS_COUNT.RD[UNIT5];10341559;100.00;;"
6869 [140042433455808] INFO perfrun.perfcollector <> - PERF_STAT : "     0.338101204;CPU10;81718;;UNC_M_CAS_COUNT.RD[UNIT5];10334204;100.00;;"
6869 [140042433455808] INFO perfrun.perfcollector <> - PERF_STAT : "     0.338101204;CPU0;425;;UNC_M_CAS_COUNT.WR[UNIT0];10341581;100.00;;"
6869 [140042433455808] INFO perfrun.perfcollector <> - PERF_STAT : "     0.338101204;CPU10;69516;;UNC_M_CAS_COUNT.WR[UNIT0];10334457;100.00;;"
6869 [140042433455808] INFO perfrun.perfcollector <> - PERF_STAT : "     0.338101204;CPU0;540;;UNC_M_CAS_COUNT.WR[UNIT1];10353493;100.00;;"
6869 [140042433455808] INFO perfrun.perfcollector <> - PERF_STAT : "     0.338101204;CPU10;68724;;UNC_M_CAS_COUNT.WR[UNIT1];10334784;100.00;;"
6869 [140042433455808] INFO perfrun.perfcollector <> - PERF_STAT : "     0.338101204;CPU0;421;;UNC_M_CAS_COUNT.WR[UNIT4];10351651;100.00;;"
6869 [140042433455808] INFO perfrun.perfcollector <> - PERF_STAT : "     0.338101204;CPU10;69374;;UNC_M_CAS_COUNT.WR[UNIT4];10334893;100.00;;"
6869 [140042433455808] INFO perfrun.perfcollector <> - PERF_STAT : "     0.338101204;CPU0;514;;UNC_M_CAS_COUNT.WR[UNIT5];10349778;100.00;;"
6869 [140042433455808] INFO perfrun.perfcollector <> - PERF_STAT : "     0.338101204;CPU10;68590;;UNC_M_CAS_COUNT.WR[UNIT5];10334665;100.00;;"
6879 [140042433455808] INFO perfrun.perfcollector <> - PERF_STAT : "     0.348451210;CPU0;1260;;UNC_M_CAS_COUNT.RD[UNIT0];10352145;100.00;;"
6879 [140042433455808] INFO perfrun.perfcollector <> - PERF_STAT : "     0.348451210;CPU10;83929;;UNC_M_CAS_COUNT.RD[UNIT0];10362880;100.00;;"
6879 [140042433455808] INFO perfrun.perfcollector <> - PERF_STAT : "     0.348451210;CPU0;1410;;UNC_M_CAS_COUNT.RD[UNIT1];10352319;100.00;;"
6879 [140042433455808] INFO perfrun.perfcollector <> - PERF_STAT : "     0.348451210;CPU10;83319;;UNC_M_CAS_COUNT.RD[UNIT1];10363851;100.00;;"
6879 [140042433455808] INFO perfrun.perfcollector <> - PERF_STAT : "     0.348451210;CPU0;1297;;UNC_M_CAS_COUNT.RD[UNIT4];10352379;100.00;;"
6879 [140042433455808] INFO perfrun.perfcollector <> - PERF_STAT : "     0.348451210;CPU10;83938;;UNC_M_CAS_COUNT.RD[UNIT4];10364268;100.00;;"
6879 [140042433455808] INFO perfrun.perfcollector <> - PERF_STAT : "     0.348451210;CPU0;1403;;UNC_M_CAS_COUNT.RD[UNIT5];10352336;100.00;;"
6879 [140042433455808] INFO perfrun.perfcollector <> - PERF_STAT : "     0.348451210;CPU10;83185;;UNC_M_CAS_COUNT.RD[UNIT5];10364291;100.00;;"
6879 [140042433455808] INFO perfrun.perfcollector <> - PERF_STAT : "     0.348451210;CPU0;121;;UNC_M_CAS_COUNT.WR[UNIT0];10352418;100.00;;"
6879 [140042433455808] INFO perfrun.perfcollector <> - PERF_STAT : "     0.348451210;CPU10;78955;;UNC_M_CAS_COUNT.WR[UNIT0];10363967;100.00;;"
6879 [140042433455808] INFO perfrun.perfcollector <> - PERF_STAT : "     0.348451210;CPU0;228;;UNC_M_CAS_COUNT.WR[UNIT1];10340653;100.00;;"
6879 [140042433455808] INFO perfrun.perfcollector <> - PERF_STAT : "     0.348451210;CPU10;78257;;UNC_M_CAS_COUNT.WR[UNIT1];10363676;100.00;;"
6879 [140042433455808] INFO perfrun.perfcollector <> - PERF_STAT : "     0.348451210;CPU0;130;;UNC_M_CAS_COUNT.WR[UNIT4];10342672;100.00;;"
6879 [140042433455808] INFO perfrun.perfcollector <> - PERF_STAT : "     0.348451210;CPU10;78876;;UNC_M_CAS_COUNT.WR[UNIT4];10363767;100.00;;"
6879 [140042433455808] INFO perfrun.perfcollector <> - PERF_STAT : "     0.348451210;CPU0;260;;UNC_M_CAS_COUNT.WR[UNIT5];10344575;100.00;;"
6879 [140042433455808] INFO perfrun.perfcollector <> - PERF_STAT : "     0.348451210;CPU10;78423;;UNC_M_CAS_COUNT.WR[UNIT5];10364071;100.00;;"
6889 [140042433455808] INFO perfrun.perfcollector <> - PERF_STAT : "     0.358820083;CPU0;1395;;UNC_M_CAS_COUNT.RD[UNIT0];10372946;100.00;;"
6889 [140042433455808] INFO perfrun.perfcollector <> - PERF_STAT : "     0.358820083;CPU10;76156;;UNC_M_CAS_COUNT.RD[UNIT0];10372784;100.00;;"
6889 [140042433455808] INFO perfrun.perfcollector <> - PERF_STAT : "     0.358820083;CPU0;1426;;UNC_M_CAS_COUNT.RD[UNIT1];10372728;100.00;;"
6890 [140042433455808] INFO perfrun.perfcollector <> - PERF_STAT : "     0.358820083;CPU10;75710;;UNC_M_CAS_COUNT.RD[UNIT1];10373045;100.00;;"
6890 [140042433455808] INFO perfrun.perfcollector <> - PERF_STAT : "     0.358820083;CPU0;1385;;UNC_M_CAS_COUNT.RD[UNIT4];10372669;100.00;;"
6890 [140042433455808] INFO perfrun.perfcollector <> - PERF_STAT : "     0.358820083;CPU10;76307;;UNC_M_CAS_COUNT.RD[UNIT4];10372928;100.00;;"
6890 [140042433455808] INFO perfrun.perfcollector <> - PERF_STAT : "     0.358820083;CPU0;1434;;UNC_M_CAS_COUNT.RD[UNIT5];10372695;100.00;;"
6890 [140042433455808] INFO perfrun.perfcollector <> - PERF_STAT : "     0.358820083;CPU10;75960;;UNC_M_CAS_COUNT.RD[UNIT5];10372938;100.00;;"
6890 [140042433455808] INFO perfrun.perfcollector <> - PERF_STAT : "     0.358820083;CPU0;77;;UNC_M_CAS_COUNT.WR[UNIT0];10372686;100.00;;"
6890 [140042433455808] INFO perfrun.perfcollector <> - PERF_STAT : "     0.358820083;CPU10;72151;;UNC_M_CAS_COUNT.WR[UNIT0];10373440;100.00;;"
6890 [140042433455808] INFO perfrun.perfcollector <> - PERF_STAT : "     0.358820083;CPU0;142;;UNC_M_CAS_COUNT.WR[UNIT1];10372752;100.00;;"
6890 [140042433455808] INFO perfrun.perfcollector <> - PERF_STAT : "     0.358820083;CPU10;71459;;UNC_M_CAS_COUNT.WR[UNIT1];10373592;100.00;;"
6890 [140042433455808] INFO perfrun.perfcollector <> - PERF_STAT : "     0.358820083;CPU0;80;;UNC_M_CAS_COUNT.WR[UNIT4];10372738;100.00;;"
6890 [140042433455808] INFO perfrun.perfcollector <> - PERF_STAT : "     0.358820083;CPU10;71798;;UNC_M_CAS_COUNT.WR[UNIT4];10373637;100.00;;"
6890 [140042433455808] INFO perfrun.perfcollector <> - PERF_STAT : "     0.358820083;CPU0;155;;UNC_M_CAS_COUNT.WR[UNIT5];10372760;100.00;;"
6890 [140042433455808] INFO perfrun.perfcollector <> - PERF_STAT : "     0.358820083;CPU10;71370;;UNC_M_CAS_COUNT.WR[UNIT5];10373533;100.00;;"
6900 [140042433455808] INFO perfrun.perfcollector <> - PERF_STAT : "     0.369189347;CPU0;1844;;UNC_M_CAS_COUNT.RD[UNIT0];10342864;100.00;;"
6900 [140042433455808] INFO perfrun.perfcollector <> - PERF_STAT : "     0.369189347;CPU10;42066;;UNC_M_CAS_COUNT.RD[UNIT0];10309528;100.00;;"
6900 [140042433455808] INFO perfrun.perfcollector <> - PERF_STAT : "     0.369189347;CPU0;1949;;UNC_M_CAS_COUNT.RD[UNIT1];10339965;100.00;;"
6900 [140042433455808] INFO perfrun.perfcollector <> - PERF_STAT : "     0.369189347;CPU10;41471;;UNC_M_CAS_COUNT.RD[UNIT1];10308297;100.00;;"
6900 [140042433455808] INFO perfrun.perfcollector <> - PERF_STAT : "     0.369189347;CPU0;1886;;UNC_M_CAS_COUNT.RD[UNIT4];10337974;100.00;;"
6900 [140042433455808] INFO perfrun.perfcollector <> - PERF_STAT : "     0.369189347;CPU10;41932;;UNC_M_CAS_COUNT.RD[UNIT4];10308047;100.00;;"
6900 [140042433455808] INFO perfrun.perfcollector <> - PERF_STAT : "     0.369189347;CPU0;1921;;UNC_M_CAS_COUNT.RD[UNIT5];10336027;100.00;;"
6900 [140042433455808] INFO perfrun.perfcollector <> - PERF_STAT : "     0.369189347;CPU10;41287;;UNC_M_CAS_COUNT.RD[UNIT5];10307751;100.00;;"
6900 [140042433455808] INFO perfrun.perfcollector <> - PERF_STAT : "     0.369189347;CPU0;50;;UNC_M_CAS_COUNT.WR[UNIT0];10334038;100.00;;"
6900 [140042433455808] INFO perfrun.perfcollector <> - PERF_STAT : "     0.369189347;CPU10;43724;;UNC_M_CAS_COUNT.WR[UNIT0];10307188;100.00;;"
6900 [140042433455808] INFO perfrun.perfcollector <> - PERF_STAT : "     0.369189347;CPU0;112;;UNC_M_CAS_COUNT.WR[UNIT1];10331894;100.00;;"
6900 [140042433455808] INFO perfrun.perfcollector <> - PERF_STAT : "     0.369189347;CPU10;43370;;UNC_M_CAS_COUNT.WR[UNIT1];10306877;100.00;;"
6900 [140042433455808] INFO perfrun.perfcollector <> - PERF_STAT : "     0.369189347;CPU0;37;;UNC_M_CAS_COUNT.WR[UNIT4];10329854;100.00;;"
6900 [140042433455808] INFO perfrun.perfcollector <> - PERF_STAT : "     0.369189347;CPU10;43859;;UNC_M_CAS_COUNT.WR[UNIT4];10306510;100.00;;"
6900 [140042433455808] INFO perfrun.perfcollector <> - PERF_STAT : "     0.369189347;CPU0;128;;UNC_M_CAS_COUNT.WR[UNIT5];10327949;100.00;;"
6900 [140042433455808] INFO perfrun.perfcollector <> - PERF_STAT : "     0.369189347;CPU10;43235;;UNC_M_CAS_COUNT.WR[UNIT5];10306382;100.00;;"
6910 [140042433455808] INFO perfrun.perfcollector <> - PERF_STAT : "     0.379480816;CPU0;723;;UNC_M_CAS_COUNT.RD[UNIT0];10296298;100.00;;"
6910 [140042433455808] INFO perfrun.perfcollector <> - PERF_STAT : "     0.379480816;CPU10;4449;;UNC_M_CAS_COUNT.RD[UNIT0];10326961;100.00;;"
6910 [140042433455808] INFO perfrun.perfcollector <> - PERF_STAT : "     0.379480816;CPU0;741;;UNC_M_CAS_COUNT.RD[UNIT1];10299354;100.00;;"
6910 [140042433455808] INFO perfrun.perfcollector <> - PERF_STAT : "     0.379480816;CPU10;3881;;UNC_M_CAS_COUNT.RD[UNIT1];10324822;100.00;;"
6910 [140042433455808] INFO perfrun.perfcollector <> - PERF_STAT : "     0.379480816;CPU0;750;;UNC_M_CAS_COUNT.RD[UNIT4];10301362;100.00;;"
6910 [140042433455808] INFO perfrun.perfcollector <> - PERF_STAT : "     0.379480816;CPU10;4389;;UNC_M_CAS_COUNT.RD[UNIT4];10324226;100.00;;"
6910 [140042433455808] INFO perfrun.perfcollector <> - PERF_STAT : "     0.379480816;CPU0;796;;UNC_M_CAS_COUNT.RD[UNIT5];10303372;100.00;;"
6910 [140042433455808] INFO perfrun.perfcollector <> - PERF_STAT : "     0.379480816;CPU10;3827;;UNC_M_CAS_COUNT.RD[UNIT5];10323747;100.00;;"
6910 [140042433455808] INFO perfrun.perfcollector <> - PERF_STAT : "     0.379480816;CPU0;53;;UNC_M_CAS_COUNT.WR[UNIT0];10305331;100.00;;"
6910 [140042433455808] INFO perfrun.perfcollector <> - PERF_STAT : "     0.379480816;CPU10;2837;;UNC_M_CAS_COUNT.WR[UNIT0];10323217;100.00;;"
6910 [140042433455808] INFO perfrun.perfcollector <> - PERF_STAT : "     0.379480816;CPU0;99;;UNC_M_CAS_COUNT.WR[UNIT1];10307302;100.00;;"
6910 [140042433455808] INFO perfrun.perfcollector <> - PERF_STAT : "     0.379480816;CPU10;2226;;UNC_M_CAS_COUNT.WR[UNIT1];10323312;100.00;;"
6910 [140042433455808] INFO perfrun.perfcollector <> - PERF_STAT : "     0.379480816;CPU0;45;;UNC_M_CAS_COUNT.WR[UNIT4];10309239;100.00;;"
6910 [140042433455808] INFO perfrun.perfcollector <> - PERF_STAT : "     0.379480816;CPU10;2824;;UNC_M_CAS_COUNT.WR[UNIT4];10323377;100.00;;"
6910 [140042433455808] INFO perfrun.perfcollector <> - PERF_STAT : "     0.379480816;CPU0;115;;UNC_M_CAS_COUNT.WR[UNIT5];10311146;100.00;;"
6910 [140042433455808] INFO perfrun.perfcollector <> - PERF_STAT : "     0.379480816;CPU10;2309;;UNC_M_CAS_COUNT.WR[UNIT5];10323096;100.00;;"
6920 [140042433455808] INFO perfrun.perfcollector <> - PERF_STAT : "     0.389774425;CPU0;199;;UNC_M_CAS_COUNT.RD[UNIT0];10293927;100.00;;"
6920 [140042433455808] INFO perfrun.perfcollector <> - PERF_STAT : "     0.389774425;CPU10;4083;;UNC_M_CAS_COUNT.RD[UNIT0];10293717;100.00;;"
6920 [140042433455808] INFO perfrun.perfcollector <> - PERF_STAT : "     0.389774425;CPU0;241;;UNC_M_CAS_COUNT.RD[UNIT1];10293860;100.00;;"
6920 [140042433455808] INFO perfrun.perfcollector <> - PERF_STAT : "     0.389774425;CPU10;3527;;UNC_M_CAS_COUNT.RD[UNIT1];10293767;100.00;;"
6920 [140042433455808] INFO perfrun.perfcollector <> - PERF_STAT : "     0.389774425;CPU0;229;;UNC_M_CAS_COUNT.RD[UNIT4];10293893;100.00;;"
6920 [140042433455808] INFO perfrun.perfcollector <> - PERF_STAT : "     0.389774425;CPU10;4089;;UNC_M_CAS_COUNT.RD[UNIT4];10293748;100.00;;"
6920 [140042433455808] INFO perfrun.perfcollector <> - PERF_STAT : "     0.389774425;CPU0;281;;UNC_M_CAS_COUNT.RD[UNIT5];10293863;100.00;;"
6920 [140042433455808] INFO perfrun.perfcollector <> - PERF_STAT : "     0.389774425;CPU10;3543;;UNC_M_CAS_COUNT.RD[UNIT5];10293905;100.00;;"
6920 [140042433455808] INFO perfrun.perfcollector <> - PERF_STAT : "     0.389774425;CPU0;9;;UNC_M_CAS_COUNT.WR[UNIT0];10293883;100.00;;"
6920 [140042433455808] INFO perfrun.perfcollector <> - PERF_STAT : "     0.389774425;CPU10;6561;;UNC_M_CAS_COUNT.WR[UNIT0];10293901;100.00;;"
6920 [140042433455808] INFO perfrun.perfcollector <> - PERF_STAT : "     0.389774425;CPU0;52;;UNC_M_CAS_COUNT.WR[UNIT1];10293903;100.00;;"
6920 [140042433455808] INFO perfrun.perfcollector <> - PERF_STAT : "     0.389774425;CPU10;6036;;UNC_M_CAS_COUNT.WR[UNIT1];10293903;100.00;;"
6920 [140042433455808] INFO perfrun.perfcollector <> - PERF_STAT : "     0.389774425;CPU0;8;;UNC_M_CAS_COUNT.WR[UNIT4];10294013;100.00;;"
6920 [140042433455808] INFO perfrun.perfcollector <> - PERF_STAT : "     0.389774425;CPU10;6483;;UNC_M_CAS_COUNT.WR[UNIT4];10293584;100.00;;"
6920 [140042433455808] INFO perfrun.perfcollector <> - PERF_STAT : "     0.389774425;CPU0;52;;UNC_M_CAS_COUNT.WR[UNIT5];10294110;100.00;;"
6920 [140042433455808] INFO perfrun.perfcollector <> - PERF_STAT : "     0.389774425;CPU10;6035;;UNC_M_CAS_COUNT.WR[UNIT5];10293591;100.00;;"
6931 [140042433455808] INFO perfrun.perfcollector <> - PERF_STAT : "     0.400072696;CPU0;204;;UNC_M_CAS_COUNT.RD[UNIT0];10297685;100.00;;"
6931 [140042433455808] INFO perfrun.perfcollector <> - PERF_STAT : "     0.400072696;CPU10;4437;;UNC_M_CAS_COUNT.RD[UNIT0];10298765;100.00;;"
6931 [140042433455808] INFO perfrun.perfcollector <> - PERF_STAT : "     0.400072696;CPU0;254;;UNC_M_CAS_COUNT.RD[UNIT1];10297806;100.00;;"
6931 [140042433455808] INFO perfrun.perfcollector <> - PERF_STAT : "     0.400072696;CPU10;3904;;UNC_M_CAS_COUNT.RD[UNIT1];10298879;100.00;;"
6931 [140042433455808] INFO perfrun.perfcollector <> - PERF_STAT : "     0.400072696;CPU0;194;;UNC_M_CAS_COUNT.RD[UNIT4];10297819;100.00;;"
6931 [140042433455808] INFO perfrun.perfcollector <> - PERF_STAT : "     0.400072696;CPU10;4411;;UNC_M_CAS_COUNT.RD[UNIT4];10298819;100.00;;"
6931 [140042433455808] INFO perfrun.perfcollector <> - PERF_STAT : "     0.400072696;CPU0;283;;UNC_M_CAS_COUNT.RD[UNIT5];10297817;100.00;;"
6931 [140042433455808] INFO perfrun.perfcollector <> - PERF_STAT : "     0.400072696;CPU10;3844;;UNC_M_CAS_COUNT.RD[UNIT5];10298594;100.00;;"
6931 [140042433455808] INFO perfrun.perfcollector <> - PERF_STAT : "     0.400072696;CPU0;54;;UNC_M_CAS_COUNT.WR[UNIT0];10297789;100.00;;"
6931 [140042433455808] INFO perfrun.perfcollector <> - PERF_STAT : "     0.400072696;CPU10;6591;;UNC_M_CAS_COUNT.WR[UNIT0];10298599;100.00;;"
6931 [140042433455808] INFO perfrun.perfcollector <> - PERF_STAT : "     0.400072696;CPU0;112;;UNC_M_CAS_COUNT.WR[UNIT1];10297796;100.00;;"
6931 [140042433455808] INFO perfrun.perfcollector <> - PERF_STAT : "     0.400072696;CPU10;6014;;UNC_M_CAS_COUNT.WR[UNIT1];10298347;100.00;;"
6931 [140042433455808] INFO perfrun.perfcollector <> - PERF_STAT : "     0.400072696;CPU0;38;;UNC_M_CAS_COUNT.WR[UNIT4];10297695;100.00;;"
6931 [140042433455808] INFO perfrun.perfcollector <> - PERF_STAT : "     0.400072696;CPU10;6577;;UNC_M_CAS_COUNT.WR[UNIT4];10298367;100.00;;"
6931 [140042433455808] INFO perfrun.perfcollector <> - PERF_STAT : "     0.400072696;CPU0;114;;UNC_M_CAS_COUNT.WR[UNIT5];10297629;100.00;;"
6931 [140042433455808] INFO perfrun.perfcollector <> - PERF_STAT : "     0.400072696;CPU10;6011;;UNC_M_CAS_COUNT.WR[UNIT5];10298359;100.00;;"
6941 [140042433455808] INFO perfrun.perfcollector <> - PERF_STAT : "     0.410369554;CPU0;1575;;UNC_M_CAS_COUNT.RD[UNIT0];10258890;100.00;;"
6941 [140042433455808] INFO perfrun.perfcollector <> - PERF_STAT : "     0.410369554;CPU10;6044;;UNC_M_CAS_COUNT.RD[UNIT0];10254610;100.00;;"
6941 [140042433455808] INFO perfrun.perfcollector <> - PERF_STAT : "     0.410369554;CPU0;1794;;UNC_M_CAS_COUNT.RD[UNIT1];10258558;100.00;;"
6941 [140042433455808] INFO perfrun.perfcollector <> - PERF_STAT : "     0.410369554;CPU10;5388;;UNC_M_CAS_COUNT.RD[UNIT1];10254460;100.00;;"
6941 [140042433455808] INFO perfrun.perfcollector <> - PERF_STAT : "     0.410369554;CPU0;1612;;UNC_M_CAS_COUNT.RD[UNIT4];10258626;100.00;;"
6941 [140042433455808] INFO perfrun.perfcollector <> - PERF_STAT : "     0.410369554;CPU10;5971;;UNC_M_CAS_COUNT.RD[UNIT4];10254736;100.00;;"
6941 [140042433455808] INFO perfrun.perfcollector <> - PERF_STAT : "     0.410369554;CPU0;1781;;UNC_M_CAS_COUNT.RD[UNIT5];10258708;100.00;;"
6941 [140042433455808] INFO perfrun.perfcollector <> - PERF_STAT : "     0.410369554;CPU10;5322;;UNC_M_CAS_COUNT.RD[UNIT5];10254852;100.00;;"
6941 [140042433455808] INFO perfrun.perfcollector <> - PERF_STAT : "     0.410369554;CPU0;112;;UNC_M_CAS_COUNT.WR[UNIT0];10258770;100.00;;"
6941 [140042433455808] INFO perfrun.perfcollector <> - PERF_STAT : "     0.410369554;CPU10;8712;;UNC_M_CAS_COUNT.WR[UNIT0];10254974;100.00;;"
6941 [140042433455808] INFO perfrun.perfcollector <> - PERF_STAT : "     0.410369554;CPU0;290;;UNC_M_CAS_COUNT.WR[UNIT1];10258902;100.00;;"
6941 [140042433455808] INFO perfrun.perfcollector <> - PERF_STAT : "     0.410369554;CPU10;8058;;UNC_M_CAS_COUNT.WR[UNIT1];10254984;100.00;;"
6941 [140042433455808] INFO perfrun.perfcollector <> - PERF_STAT : "     0.410369554;CPU0;103;;UNC_M_CAS_COUNT.WR[UNIT4];10258927;100.00;;"
6941 [140042433455808] INFO perfrun.perfcollector <> - PERF_STAT : "     0.410369554;CPU10;8589;;UNC_M_CAS_COUNT.WR[UNIT4];10255011;100.00;;"
6941 [140042433455808] INFO perfrun.perfcollector <> - PERF_STAT : "     0.410369554;CPU0;299;;UNC_M_CAS_COUNT.WR[UNIT5];10258953;100.00;;"
6941 [140042433455808] INFO perfrun.perfcollector <> - PERF_STAT : "     0.410369554;CPU10;8086;;UNC_M_CAS_COUNT.WR[UNIT5];10255021;100.00;;"
6951 [140042433455808] INFO perfrun.perfcollector <> - PERF_STAT : "     0.420622629;CPU0;1388;;UNC_M_CAS_COUNT.RD[UNIT0];10291811;100.00;;"
6951 [140042433455808] INFO perfrun.perfcollector <> - PERF_STAT : "     0.420622629;CPU10;3988;;UNC_M_CAS_COUNT.RD[UNIT0];10295813;100.00;;"
6951 [140042433455808] INFO perfrun.perfcollector <> - PERF_STAT : "     0.420622629;CPU0;1714;;UNC_M_CAS_COUNT.RD[UNIT1];10292053;100.00;;"
6951 [140042433455808] INFO perfrun.perfcollector <> - PERF_STAT : "     0.420622629;CPU10;3444;;UNC_M_CAS_COUNT.RD[UNIT1];10295818;100.00;;"
6951 [140042433455808] INFO perfrun.perfcollector <> - PERF_STAT : "     0.420622629;CPU0;1370;;UNC_M_CAS_COUNT.RD[UNIT4];10292022;100.00;;"
6951 [140042433455808] INFO perfrun.perfcollector <> - PERF_STAT : "     0.420622629;CPU10;3959;;UNC_M_CAS_COUNT.RD[UNIT4];10295683;100.00;;"
6951 [140042433455808] INFO perfrun.perfcollector <> - PERF_STAT : "     0.420622629;CPU0;1655;;UNC_M_CAS_COUNT.RD[UNIT5];10292033;100.00;;"
6951 [140042433455808] INFO perfrun.perfcollector <> - PERF_STAT : "     0.420622629;CPU10;3412;;UNC_M_CAS_COUNT.RD[UNIT5];10295887;100.00;;"
6951 [140042433455808] INFO perfrun.perfcollector <> - PERF_STAT : "     0.420622629;CPU0;120;;UNC_M_CAS_COUNT.WR[UNIT0];10292052;100.00;;"
6951 [140042433455808] INFO perfrun.perfcollector <> - PERF_STAT : "     0.420622629;CPU10;2918;;UNC_M_CAS_COUNT.WR[UNIT0];10295896;100.00;;"
6951 [140042433455808] INFO perfrun.perfcollector <> - PERF_STAT : "     0.420622629;CPU0;232;;UNC_M_CAS_COUNT.WR[UNIT1];10292136;100.00;;"
6951 [140042433455808] INFO perfrun.perfcollector <> - PERF_STAT : "     0.420622629;CPU10;2454;;UNC_M_CAS_COUNT.WR[UNIT1];10295906;100.00;;"
6951 [140042433455808] INFO perfrun.perfcollector <> - PERF_STAT : "     0.420622629;CPU0;107;;UNC_M_CAS_COUNT.WR[UNIT4];10292135;100.00;;"
6951 [140042433455808] INFO perfrun.perfcollector <> - PERF_STAT : "     0.420622629;CPU10;2893;;UNC_M_CAS_COUNT.WR[UNIT4];10295892;100.00;;"
6951 [140042433455808] INFO perfrun.perfcollector <> - PERF_STAT : "     0.420622629;CPU0;248;;UNC_M_CAS_COUNT.WR[UNIT5];10292132;100.00;;"
6951 [140042433455808] INFO perfrun.perfcollector <> - PERF_STAT : "     0.420622629;CPU10;2436;;UNC_M_CAS_COUNT.WR[UNIT5];10295910;100.00;;"
6961 [140042433455808] INFO perfrun.perfcollector <> - PERF_STAT : "     0.430918619;CPU0;454;;UNC_M_CAS_COUNT.RD[UNIT0];10295527;100.00;;"
6961 [140042433455808] INFO perfrun.perfcollector <> - PERF_STAT : "     0.430918619;CPU10;4847;;UNC_M_CAS_COUNT.RD[UNIT0];10296149;100.00;;"
6961 [140042433455808] INFO perfrun.perfcollector <> - PERF_STAT : "     0.430918619;CPU0;501;;UNC_M_CAS_COUNT.RD[UNIT1];10295647;100.00;;"
6961 [140042433455808] INFO perfrun.perfcollector <> - PERF_STAT : "     0.430918619;CPU10;4316;;UNC_M_CAS_COUNT.RD[UNIT1];10296320;100.00;;"
6961 [140042433455808] INFO perfrun.perfcollector <> - PERF_STAT : "     0.430918619;CPU0;423;;UNC_M_CAS_COUNT.RD[UNIT4];10295664;100.00;;"
6962 [140042433455808] INFO perfrun.perfcollector <> - PERF_STAT : "     0.430918619;CPU10;4848;;UNC_M_CAS_COUNT.RD[UNIT4];10296293;100.00;;"
6962 [140042433455808] INFO perfrun.perfcollector <> - PERF_STAT : "     0.430918619;CPU0;512;;UNC_M_CAS_COUNT.RD[UNIT5];10295741;100.00;;"
6962 [140042433455808] INFO perfrun.perfcollector <> - PERF_STAT : "     0.430918619;CPU10;4317;;UNC_M_CAS_COUNT.RD[UNIT5];10295981;100.00;;"
6962 [140042433455808] INFO perfrun.perfcollector <> - PERF_STAT : "     0.430918619;CPU0;95;;UNC_M_CAS_COUNT.WR[UNIT0];10295744;100.00;;"
6962 [140042433455808] INFO perfrun.perfcollector <> - PERF_STAT : "     0.430918619;CPU10;8379;;UNC_M_CAS_COUNT.WR[UNIT0];10295859;100.00;;"
6962 [140042433455808] INFO perfrun.perfcollector <> - PERF_STAT : "     0.430918619;CPU0;152;;UNC_M_CAS_COUNT.WR[UNIT1];10295611;100.00;;"
6962 [140042433455808] INFO perfrun.perfcollector <> - PERF_STAT : "     0.430918619;CPU10;7730;;UNC_M_CAS_COUNT.WR[UNIT1];10295869;100.00;;"
6962 [140042433455808] INFO perfrun.perfcollector <> - PERF_STAT : "     0.430918619;CPU0;107;;UNC_M_CAS_COUNT.WR[UNIT4];10295635;100.00;;"
6962 [140042433455808] INFO perfrun.perfcollector <> - PERF_STAT : "     0.430918619;CPU10;8521;;UNC_M_CAS_COUNT.WR[UNIT4];10296092;100.00;;"
6962 [140042433455808] INFO perfrun.perfcollector <> - PERF_STAT : "     0.430918619;CPU0;155;;UNC_M_CAS_COUNT.WR[UNIT5];10295762;100.00;;"
6962 [140042433455808] INFO perfrun.perfcollector <> - PERF_STAT : "     0.430918619;CPU10;7962;;UNC_M_CAS_COUNT.WR[UNIT5];10296095;100.00;;"
6972 [140042433455808] INFO perfrun.perfcollector <> - PERF_STAT : "     0.441216214;CPU0;259;;UNC_M_CAS_COUNT.RD[UNIT0];10296333;100.00;;"
6972 [140042433455808] INFO perfrun.perfcollector <> - PERF_STAT : "     0.441216214;CPU10;4373;;UNC_M_CAS_COUNT.RD[UNIT0];10301219;100.00;;"
6972 [140042433455808] INFO perfrun.perfcollector <> - PERF_STAT : "     0.441216214;CPU0;307;;UNC_M_CAS_COUNT.RD[UNIT1];10296383;100.00;;"
6972 [140042433455808] INFO perfrun.perfcollector <> - PERF_STAT : "     0.441216214;CPU10;3818;;UNC_M_CAS_COUNT.RD[UNIT1];10301138;100.00;;"
6972 [140042433455808] INFO perfrun.perfcollector <> - PERF_STAT : "     0.441216214;CPU0;309;;UNC_M_CAS_COUNT.RD[UNIT4];10296433;100.00;;"
6972 [140042433455808] INFO perfrun.perfcollector <> - PERF_STAT : "     0.441216214;CPU10;4338;;UNC_M_CAS_COUNT.RD[UNIT4];10301188;100.00;;"
6972 [140042433455808] INFO perfrun.perfcollector <> - PERF_STAT : "     0.441216214;CPU0;346;;UNC_M_CAS_COUNT.RD[UNIT5];10296476;100.00;;"
6972 [140042433455808] INFO perfrun.perfcollector <> - PERF_STAT : "     0.441216214;CPU10;3803;;UNC_M_CAS_COUNT.RD[UNIT5];10301212;100.00;;"
6972 [140042433455808] INFO perfrun.perfcollector <> - PERF_STAT : "     0.441216214;CPU0;36;;UNC_M_CAS_COUNT.WR[UNIT0];10296620;100.00;;"
6972 [140042433455808] INFO perfrun.perfcollector <> - PERF_STAT : "     0.441216214;CPU10;8711;;UNC_M_CAS_COUNT.WR[UNIT0];10301254;100.00;;"
6972 [140042433455808] INFO perfrun.perfcollector <> - PERF_STAT : "     0.441216214;CPU0;48;;UNC_M_CAS_COUNT.WR[UNIT1];10296619;100.00;;"
6972 [140042433455808] INFO perfrun.perfcollector <> - PERF_STAT : "     0.441216214;CPU10;8150;;UNC_M_CAS_COUNT.WR[UNIT1];10301291;100.00;;"
6972 [140042433455808] INFO perfrun.perfcollector <> - PERF_STAT : "     0.441216214;CPU0;27;;UNC_M_CAS_COUNT.WR[UNIT4];10296646;100.00;;"
6972 [140042433455808] INFO perfrun.perfcollector <> - PERF_STAT : "     0.441216214;CPU10;8855;;UNC_M_CAS_COUNT.WR[UNIT4];10301093;100.00;;"
6972 [140042433455808] INFO perfrun.perfcollector <> - PERF_STAT : "     0.441216214;CPU0;53;;UNC_M_CAS_COUNT.WR[UNIT5];10296562;100.00;;"
6972 [140042433455808] INFO perfrun.perfcollector <> - PERF_STAT : "     0.441216214;CPU10;8002;;UNC_M_CAS_COUNT.WR[UNIT5];10301097;100.00;;"
6982 [140042433455808] INFO perfrun.perfcollector <> - PERF_STAT : "     0.451519543;CPU0;411;;UNC_M_CAS_COUNT.RD[UNIT0];10303288;100.00;;"
6982 [140042433455808] INFO perfrun.perfcollector <> - PERF_STAT : "     0.451519543;CPU10;4375;;UNC_M_CAS_COUNT.RD[UNIT0];10299813;100.00;;"
6982 [140042433455808] INFO perfrun.perfcollector <> - PERF_STAT : "     0.451519543;CPU0;473;;UNC_M_CAS_COUNT.RD[UNIT1];10303375;100.00;;"
6982 [140042433455808] INFO perfrun.perfcollector <> - PERF_STAT : "     0.451519543;CPU10;3826;;UNC_M_CAS_COUNT.RD[UNIT1];10299852;100.00;;"
6982 [140042433455808] INFO perfrun.perfcollector <> - PERF_STAT : "     0.451519543;CPU0;338;;UNC_M_CAS_COUNT.RD[UNIT4];10303368;100.00;;"
6982 [140042433455808] INFO perfrun.perfcollector <> - PERF_STAT : "     0.451519543;CPU10;4387;;UNC_M_CAS_COUNT.RD[UNIT4];10299873;100.00;;"
6982 [140042433455808] INFO perfrun.perfcollector <> - PERF_STAT : "     0.451519543;CPU0;415;;UNC_M_CAS_COUNT.RD[UNIT5];10303338;100.00;;"
6982 [140042433455808] INFO perfrun.perfcollector <> - PERF_STAT : "     0.451519543;CPU10;3818;;UNC_M_CAS_COUNT.RD[UNIT5];10299899;100.00;;"
6982 [140042433455808] INFO perfrun.perfcollector <> - PERF_STAT : "     0.451519543;CPU0;37;;UNC_M_CAS_COUNT.WR[UNIT0];10303248;100.00;;"
6982 [140042433455808] INFO perfrun.perfcollector <> - PERF_STAT : "     0.451519543;CPU10;8487;;UNC_M_CAS_COUNT.WR[UNIT0];10299876;100.00;;"
6982 [140042433455808] INFO perfrun.perfcollector <> - PERF_STAT : "     0.451519543;CPU0;108;;UNC_M_CAS_COUNT.WR[UNIT1];10303228;100.00;;"
6982 [140042433455808] INFO perfrun.perfcollector <> - PERF_STAT : "     0.451519543;CPU10;7793;;UNC_M_CAS_COUNT.WR[UNIT1];10299860;100.00;;"
6982 [140042433455808] INFO perfrun.perfcollector <> - PERF_STAT : "     0.451519543;CPU0;46;;UNC_M_CAS_COUNT.WR[UNIT4];10303235;100.00;;"
6982 [140042433455808] INFO perfrun.perfcollector <> - PERF_STAT : "     0.451519543;CPU10;8409;;UNC_M_CAS_COUNT.WR[UNIT4];10299830;100.00;;"
6982 [140042433455808] INFO perfrun.perfcollector <> - PERF_STAT : "     0.451519543;CPU0;115;;UNC_M_CAS_COUNT.WR[UNIT5];10303298;100.00;;"
6982 [140042433455808] INFO perfrun.perfcollector <> - PERF_STAT : "     0.451519543;CPU10;7818;;UNC_M_CAS_COUNT.WR[UNIT5];10299852;100.00;;"
6992 [140042433455808] INFO perfrun.perfcollector <> - PERF_STAT : "     0.461819723;CPU0;119;;UNC_M_CAS_COUNT.RD[UNIT0];10302183;100.00;;"
6992 [140042433455808] INFO perfrun.perfcollector <> - PERF_STAT : "     0.461819723;CPU10;3985;;UNC_M_CAS_COUNT.RD[UNIT0];10302044;100.00;;"
6992 [140042433455808] INFO perfrun.perfcollector <> - PERF_STAT : "     0.461819723;CPU0;161;;UNC_M_CAS_COUNT.RD[UNIT1];10302269;100.00;;"
6992 [140042433455808] INFO perfrun.perfcollector <> - PERF_STAT : "     0.461819723;CPU10;3425;;UNC_M_CAS_COUNT.RD[UNIT1];10301995;100.00;;"
6992 [140042433455808] INFO perfrun.perfcollector <> - PERF_STAT : "     0.461819723;CPU0;121;;UNC_M_CAS_COUNT.RD[UNIT4];10302347;100.00;;"
6992 [140042433455808] INFO perfrun.perfcollector <> - PERF_STAT : "     0.461819723;CPU10;3970;;UNC_M_CAS_COUNT.RD[UNIT4];10301856;100.00;;"
6992 [140042433455808] INFO perfrun.perfcollector <> - PERF_STAT : "     0.461819723;CPU0;189;;UNC_M_CAS_COUNT.RD[UNIT5];10302436;100.00;;"
6992 [140042433455808] INFO perfrun.perfcollector <> - PERF_STAT : "     0.461819723;CPU10;3423;;UNC_M_CAS_COUNT.RD[UNIT5];10301956;100.00;;"
6992 [140042433455808] INFO perfrun.perfcollector <> - PERF_STAT : "     0.461819723;CPU0;20;;UNC_M_CAS_COUNT.WR[UNIT0];10302567;100.00;;"
6992 [140042433455808] INFO perfrun.perfcollector <> - PERF_STAT : "     0.461819723;CPU10;2860;;UNC_M_CAS_COUNT.WR[UNIT0];10302354;100.00;;"
6992 [140042433455808] INFO perfrun.perfcollector <> - PERF_STAT : "     0.461819723;CPU0;60;;UNC_M_CAS_COUNT.WR[UNIT1];10302601;100.00;;"
6992 [140042433455808] INFO perfrun.perfcollector <> - PERF_STAT : "     0.461819723;CPU10;2275;;UNC_M_CAS_COUNT.WR[UNIT1];10302364;100.00;;"
6992 [140042433455808] INFO perfrun.perfcollector <> - PERF_STAT : "     0.461819723;CPU0;21;;UNC_M_CAS_COUNT.WR[UNIT4];10302637;100.00;;"
6993 [140042433455808] INFO perfrun.perfcollector <> - PERF_STAT : "     0.461819723;CPU10;2742;;UNC_M_CAS_COUNT.WR[UNIT4];10302400;100.00;;"
6993 [140042433455808] INFO perfrun.perfcollector <> - PERF_STAT : "     0.461819723;CPU0;70;;UNC_M_CAS_COUNT.WR[UNIT5];10302651;100.00;;"
6993 [140042433455808] INFO perfrun.perfcollector <> - PERF_STAT : "     0.461819723;CPU10;2273;;UNC_M_CAS_COUNT.WR[UNIT5];10302404;100.00;;"
7003 [140042433455808] INFO perfrun.perfcollector <> - PERF_STAT : "     0.472120923;CPU0;134;;UNC_M_CAS_COUNT.RD[UNIT0];10283998;100.00;;"
7003 [140042433455808] INFO perfrun.perfcollector <> - PERF_STAT : "     0.472120923;CPU10;4058;;UNC_M_CAS_COUNT.RD[UNIT0];10254098;100.00;;"
7003 [140042433455808] INFO perfrun.perfcollector <> - PERF_STAT : "     0.472120923;CPU0;158;;UNC_M_CAS_COUNT.RD[UNIT1];10281066;100.00;;"
7003 [140042433455808] INFO perfrun.perfcollector <> - PERF_STAT : "     0.472120923;CPU10;3528;;UNC_M_CAS_COUNT.RD[UNIT1];10254102;100.00;;"
7003 [140042433455808] INFO perfrun.perfcollector <> - PERF_STAT : "     0.472120923;CPU0;115;;UNC_M_CAS_COUNT.RD[UNIT4];10279107;100.00;;"
7003 [140042433455808] INFO perfrun.perfcollector <> - PERF_STAT : "     0.472120923;CPU10;4064;;UNC_M_CAS_COUNT.RD[UNIT4];10254195;100.00;;"
7003 [140042433455808] INFO perfrun.perfcollector <> - PERF_STAT : "     0.472120923;CPU0;173;;UNC_M_CAS_COUNT.RD[UNIT5];10277202;100.00;;"
7003 [140042433455808] INFO perfrun.perfcollector <> - PERF_STAT : "     0.472120923;CPU10;3500;;UNC_M_CAS_COUNT.RD[UNIT5];10254284;100.00;;"
7003 [140042433455808] INFO perfrun.perfcollector <> - PERF_STAT : "     0.472120923;CPU0;47;;UNC_M_CAS_COUNT.WR[UNIT0];10275211;100.00;;"
7003 [140042433455808] INFO perfrun.perfcollector <> - PERF_STAT : "     0.472120923;CPU10;7949;;UNC_M_CAS_COUNT.WR[UNIT0];10253792;100.00;;"
7003 [140042433455808] INFO perfrun.perfcollector <> - PERF_STAT : "     0.472120923;CPU0;75;;UNC_M_CAS_COUNT.WR[UNIT1];10273474;100.00;;"
7003 [140042433455808] INFO perfrun.perfcollector <> - PERF_STAT : "     0.472120923;CPU10;7494;;UNC_M_CAS_COUNT.WR[UNIT1];10253807;100.00;;"
7003 [140042433455808] INFO perfrun.perfcollector <> - PERF_STAT : "     0.472120923;CPU0;35;;UNC_M_CAS_COUNT.WR[UNIT4];10271624;100.00;;"
7003 [140042433455808] INFO perfrun.perfcollector <> - PERF_STAT : "     0.472120923;CPU10;7974;;UNC_M_CAS_COUNT.WR[UNIT4];10253804;100.00;;"
7003 [140042433455808] INFO perfrun.perfcollector <> - PERF_STAT : "     0.472120923;CPU0;62;;UNC_M_CAS_COUNT.WR[UNIT5];10269794;100.00;;"
7003 [140042433455808] INFO perfrun.perfcollector <> - PERF_STAT : "     0.472120923;CPU10;7474;;UNC_M_CAS_COUNT.WR[UNIT5];10253794;100.00;;"
7013 [140042433455808] INFO perfrun.perfcollector <> - PERF_STAT : "     0.482375178;CPU0;244;;UNC_M_CAS_COUNT.RD[UNIT0];10270920;100.00;;"
7013 [140042433455808] INFO perfrun.perfcollector <> - PERF_STAT : "     0.482375178;CPU10;4482;;UNC_M_CAS_COUNT.RD[UNIT0];10302242;100.00;;"
7013 [140042433455808] INFO perfrun.perfcollector <> - PERF_STAT : "     0.482375178;CPU0;299;;UNC_M_CAS_COUNT.RD[UNIT1];10273912;100.00;;"
7013 [140042433455808] INFO perfrun.perfcollector <> - PERF_STAT : "     0.482375178;CPU10;3902;;UNC_M_CAS_COUNT.RD[UNIT1];10302384;100.00;;"
7013 [140042433455808] INFO perfrun.perfcollector <> - PERF_STAT : "     0.482375178;CPU0;213;;UNC_M_CAS_COUNT.RD[UNIT4];10275904;100.00;;"
7013 [140042433455808] INFO perfrun.perfcollector <> - PERF_STAT : "     0.482375178;CPU10;4466;;UNC_M_CAS_COUNT.RD[UNIT4];10302515;100.00;;"
7013 [140042433455808] INFO perfrun.perfcollector <> - PERF_STAT : "     0.482375178;CPU0;284;;UNC_M_CAS_COUNT.RD[UNIT5];10277743;100.00;;"
7013 [140042433455808] INFO perfrun.perfcollector <> - PERF_STAT : "     0.482375178;CPU10;3943;;UNC_M_CAS_COUNT.RD[UNIT5];10302429;100.00;;"
7013 [140042433455808] INFO perfrun.perfcollector <> - PERF_STAT : "     0.482375178;CPU0;108;;UNC_M_CAS_COUNT.WR[UNIT0];10279716;100.00;;"
7013 [140042433455808] INFO perfrun.perfcollector <> - PERF_STAT : "     0.482375178;CPU10;8179;;UNC_M_CAS_COUNT.WR[UNIT0];10302550;100.00;;"
7013 [140042433455808] INFO perfrun.perfcollector <> - PERF_STAT : "     0.482375178;CPU0;159;;UNC_M_CAS_COUNT.WR[UNIT1];10281534;100.00;;"
7013 [140042433455808] INFO perfrun.perfcollector <> - PERF_STAT : "     0.482375178;CPU10;7669;;UNC_M_CAS_COUNT.WR[UNIT1];10302580;100.00;;"
7013 [140042433455808] INFO perfrun.perfcollector <> - PERF_STAT : "     0.482375178;CPU0;95;;UNC_M_CAS_COUNT.WR[UNIT4];10283457;100.00;;"
7013 [140042433455808] INFO perfrun.perfcollector <> - PERF_STAT : "     0.482375178;CPU10;8105;;UNC_M_CAS_COUNT.WR[UNIT4];10302599;100.00;;"
7013 [140042433455808] INFO perfrun.perfcollector <> - PERF_STAT : "     0.482375178;CPU0;166;;UNC_M_CAS_COUNT.WR[UNIT5];10285320;100.00;;"
7013 [140042433455808] INFO perfrun.perfcollector <> - PERF_STAT : "     0.482375178;CPU10;7621;;UNC_M_CAS_COUNT.WR[UNIT5];10302951;100.00;;"
7023 [140042433455808] INFO perfrun.perfcollector <> - PERF_STAT : "     0.492679780;CPU0;109;;UNC_M_CAS_COUNT.RD[UNIT0];10303375;100.00;;"
7023 [140042433455808] INFO perfrun.perfcollector <> - PERF_STAT : "     0.492679780;CPU10;4000;;UNC_M_CAS_COUNT.RD[UNIT0];10306319;100.00;;"
7023 [140042433455808] INFO perfrun.perfcollector <> - PERF_STAT : "     0.492679780;CPU0;136;;UNC_M_CAS_COUNT.RD[UNIT1];10303445;100.00;;"
7023 [140042433455808] INFO perfrun.perfcollector <> - PERF_STAT : "     0.492679780;CPU10;3473;;UNC_M_CAS_COUNT.RD[UNIT1];10306216;100.00;;"
7023 [140042433455808] INFO perfrun.perfcollector <> - PERF_STAT : "     0.492679780;CPU0;104;;UNC_M_CAS_COUNT.RD[UNIT4];10303585;100.00;;"
7023 [140042433455808] INFO perfrun.perfcollector <> - PERF_STAT : "     0.492679780;CPU10;4024;;UNC_M_CAS_COUNT.RD[UNIT4];10306396;100.00;;"
7023 [140042433455808] INFO perfrun.perfcollector <> - PERF_STAT : "     0.492679780;CPU0;158;;UNC_M_CAS_COUNT.RD[UNIT5];10303629;100.00;;"
7023 [140042433455808] INFO perfrun.perfcollector <> - PERF_STAT : "     0.492679780;CPU10;3479;;UNC_M_CAS_COUNT.RD[UNIT5];10306450;100.00;;"
7023 [140042433455808] INFO perfrun.perfcollector <> - PERF_STAT : "     0.492679780;CPU0;132;;UNC_M_CAS_COUNT.WR[UNIT0];10303633;100.00;;"
7023 [140042433455808] INFO perfrun.perfcollector <> - PERF_STAT : "     0.492679780;CPU10;7633;;UNC_M_CAS_COUNT.WR[UNIT0];10306457;100.00;;"
7023 [140042433455808] INFO perfrun.perfcollector <> - PERF_STAT : "     0.492679780;CPU0;157;;UNC_M_CAS_COUNT.WR[UNIT1];10303782;100.00;;"
7023 [140042433455808] INFO perfrun.perfcollector <> - PERF_STAT : "     0.492679780;CPU10;7201;;UNC_M_CAS_COUNT.WR[UNIT1];10306473;100.00;;"
7023 [140042433455808] INFO perfrun.perfcollector <> - PERF_STAT : "     0.492679780;CPU0;142;;UNC_M_CAS_COUNT.WR[UNIT4];10303799;100.00;;"
7023 [140042433455808] INFO perfrun.perfcollector <> - PERF_STAT : "     0.492679780;CPU10;7675;;UNC_M_CAS_COUNT.WR[UNIT4];10306485;100.00;;"
7023 [140042433455808] INFO perfrun.perfcollector <> - PERF_STAT : "     0.492679780;CPU0;182;;UNC_M_CAS_COUNT.WR[UNIT5];10304027;100.00;;"
7023 [140042433455808] INFO perfrun.perfcollector <> - PERF_STAT : "     0.492679780;CPU10;6994;;UNC_M_CAS_COUNT.WR[UNIT5];10306176;100.00;;"
7034 [140042433455808] INFO perfrun.perfcollector <> - PERF_STAT : "     0.502985298;CPU0;180;;UNC_M_CAS_COUNT.RD[UNIT0];10307317;100.00;;"
7034 [140042433455808] INFO perfrun.perfcollector <> - PERF_STAT : "     0.502985298;CPU10;3887;;UNC_M_CAS_COUNT.RD[UNIT0];10315223;100.00;;"
7034 [140042433455808] INFO perfrun.perfcollector <> - PERF_STAT : "     0.502985298;CPU0;233;;UNC_M_CAS_COUNT.RD[UNIT1];10307532;100.00;;"
7034 [140042433455808] INFO perfrun.perfcollector <> - PERF_STAT : "     0.502985298;CPU10;3346;;UNC_M_CAS_COUNT.RD[UNIT1];10315249;100.00;;"
7034 [140042433455808] INFO perfrun.perfcollector <> - PERF_STAT : "     0.502985298;CPU0;176;;UNC_M_CAS_COUNT.RD[UNIT4];10307495;100.00;;"
7034 [140042433455808] INFO perfrun.perfcollector <> - PERF_STAT : "     0.502985298;CPU10;3900;;UNC_M_CAS_COUNT.RD[UNIT4];10315135;100.00;;"
7034 [140042433455808] INFO perfrun.perfcollector <> - PERF_STAT : "     0.502985298;CPU0;239;;UNC_M_CAS_COUNT.RD[UNIT5];10307779;100.00;;"
7034 [140042433455808] INFO perfrun.perfcollector <> - PERF_STAT : "     0.502985298;CPU10;3329;;UNC_M_CAS_COUNT.RD[UNIT5];10315151;100.00;;"
7034 [140042433455808] INFO perfrun.perfcollector <> - PERF_STAT : "     0.502985298;CPU0;85;;UNC_M_CAS_COUNT.WR[UNIT0];10307836;100.00;;"
7034 [140042433455808] INFO perfrun.perfcollector <> - PERF_STAT : "     0.502985298;CPU10;2632;;UNC_M_CAS_COUNT.WR[UNIT0];10315165;100.00;;"
7034 [140042433455808] INFO perfrun.perfcollector <> - PERF_STAT : "     0.502985298;CPU0;146;;UNC_M_CAS_COUNT.WR[UNIT1];10307773;100.00;;"
7034 [140042433455808] INFO perfrun.perfcollector <> - PERF_STAT : "     0.502985298;CPU10;2070;;UNC_M_CAS_COUNT.WR[UNIT1];10315198;100.00;;"
7034 [140042433455808] INFO perfrun.perfcollector <> - PERF_STAT : "     0.502985298;CPU0;105;;UNC_M_CAS_COUNT.WR[UNIT4];10308107;100.00;;"
7034 [140042433455808] INFO perfrun.perfcollector <> - PERF_STAT : "     0.502985298;CPU10;2534;;UNC_M_CAS_COUNT.WR[UNIT4];10315219;100.00;;"
7034 [140042433455808] INFO perfrun.perfcollector <> - PERF_STAT : "     0.502985298;CPU0;140;;UNC_M_CAS_COUNT.WR[UNIT5];10308013;100.00;;"
7034 [140042433455808] INFO perfrun.perfcollector <> - PERF_STAT : "     0.502985298;CPU10;2008;;UNC_M_CAS_COUNT.WR[UNIT5];10315251;100.00;;"
7044 [140042433455808] INFO perfrun.perfcollector <> - PERF_STAT : "     0.513300841;CPU0;903;;UNC_M_CAS_COUNT.RD[UNIT0];10314003;100.00;;"
7044 [140042433455808] INFO perfrun.perfcollector <> - PERF_STAT : "     0.513300841;CPU10;4853;;UNC_M_CAS_COUNT.RD[UNIT0];10308647;100.00;;"
7044 [140042433455808] INFO perfrun.perfcollector <> - PERF_STAT : "     0.513300841;CPU0;942;;UNC_M_CAS_COUNT.RD[UNIT1];10314344;100.00;;"
7044 [140042433455808] INFO perfrun.perfcollector <> - PERF_STAT : "     0.513300841;CPU10;4271;;UNC_M_CAS_COUNT.RD[UNIT1];10308676;100.00;;"
7044 [140042433455808] INFO perfrun.perfcollector <> - PERF_STAT : "     0.513300841;CPU0;879;;UNC_M_CAS_COUNT.RD[UNIT4];10314427;100.00;;"
7044 [140042433455808] INFO perfrun.perfcollector <> - PERF_STAT : "     0.513300841;CPU10;4801;;UNC_M_CAS_COUNT.RD[UNIT4];10308609;100.00;;"
7044 [140042433455808] INFO perfrun.perfcollector <> - PERF_STAT : "     0.513300841;CPU0;929;;UNC_M_CAS_COUNT.RD[UNIT5];10314344;100.00;;"
7044 [140042433455808] INFO perfrun.perfcollector <> - PERF_STAT : "     0.513300841;CPU10;4292;;UNC_M_CAS_COUNT.RD[UNIT5];10308625;100.00;;"
7044 [140042433455808] INFO perfrun.perfcollector <> - PERF_STAT : "     0.513300841;CPU0;326;;UNC_M_CAS_COUNT.WR[UNIT0];10314437;100.00;;"
7044 [140042433455808] INFO perfrun.perfcollector <> - PERF_STAT : "     0.513300841;CPU10;8227;;UNC_M_CAS_COUNT.WR[UNIT0];10309111;100.00;;"
7044 [140042433455808] INFO perfrun.perfcollector <> - PERF_STAT : "     0.513300841;CPU0;391;;UNC_M_CAS_COUNT.WR[UNIT1];10314504;100.00;;"
7044 [140042433455808] INFO perfrun.perfcollector <> - PERF_STAT : "     0.513300841;CPU10;7555;;UNC_M_CAS_COUNT.WR[UNIT1];10309276;100.00;;"
7044 [140042433455808] INFO perfrun.perfcollector <> - PERF_STAT : "     0.513300841;CPU0;321;;UNC_M_CAS_COUNT.WR[UNIT4];10314270;100.00;;"
7044 [140042433455808] INFO perfrun.perfcollector <> - PERF_STAT : "     0.513300841;CPU10;8189;;UNC_M_CAS_COUNT.WR[UNIT4];10309326;100.00;;"
7044 [140042433455808] INFO perfrun.perfcollector <> - PERF_STAT : "     0.513300841;CPU0;420;;UNC_M_CAS_COUNT.WR[UNIT5];10314311;100.00;;"
7044 [140042433455808] INFO perfrun.perfcollector <> - PERF_STAT : "     0.513300841;CPU10;7687;;UNC_M_CAS_COUNT.WR[UNIT5];10309353;100.00;;"
7054 [140042433455808] INFO perfrun.perfcollector <> - PERF_STAT : "     0.523591204;CPU0;871;;UNC_M_CAS_COUNT.RD[UNIT0];10312440;100.00;;"
7054 [140042433455808] INFO perfrun.perfcollector <> - PERF_STAT : "     0.523591204;CPU10;5142;;UNC_M_CAS_COUNT.RD[UNIT0];10310918;100.00;;"
7054 [140042433455808] INFO perfrun.perfcollector <> - PERF_STAT : "     0.523591204;CPU0;1045;;UNC_M_CAS_COUNT.RD[UNIT1];10312209;100.00;;"
7054 [140042433455808] INFO perfrun.perfcollector <> - PERF_STAT : "     0.523591204;CPU10;4526;;UNC_M_CAS_COUNT.RD[UNIT1];10310740;100.00;;"
7054 [140042433455808] INFO perfrun.perfcollector <> - PERF_STAT : "     0.523591204;CPU0;893;;UNC_M_CAS_COUNT.RD[UNIT4];10312190;100.00;;"
7054 [140042433455808] INFO perfrun.perfcollector <> - PERF_STAT : "     0.523591204;CPU10;5076;;UNC_M_CAS_COUNT.RD[UNIT4];10310595;100.00;;"
7054 [140042433455808] INFO perfrun.perfcollector <> - PERF_STAT : "     0.523591204;CPU0;1012;;UNC_M_CAS_COUNT.RD[UNIT5];10312075;100.00;;"
7054 [140042433455808] INFO perfrun.perfcollector <> - PERF_STAT : "     0.523591204;CPU10;4461;;UNC_M_CAS_COUNT.RD[UNIT5];10310298;100.00;;"
7054 [140042433455808] INFO perfrun.perfcollector <> - PERF_STAT : "     0.523591204;CPU0;140;;UNC_M_CAS_COUNT.WR[UNIT0];10312055;100.00;;"
7054 [140042433455808] INFO perfrun.perfcollector <> - PERF_STAT : "     0.523591204;CPU10;8521;;UNC_M_CAS_COUNT.WR[UNIT0];10309695;100.00;;"
7054 [140042433455808] INFO perfrun.perfcollector <> - PERF_STAT : "     0.523591204;CPU0;269;;UNC_M_CAS_COUNT.WR[UNIT1];10312069;100.00;;"
7054 [140042433455808] INFO perfrun.perfcollector <> - PERF_STAT : "     0.523591204;CPU10;8029;;UNC_M_CAS_COUNT.WR[UNIT1];10309528;100.00;;"
7054 [140042433455808] INFO perfrun.perfcollector <> - PERF_STAT : "     0.523591204;CPU0;124;;UNC_M_CAS_COUNT.WR[UNIT4];10312170;100.00;;"
7054 [140042433455808] INFO perfrun.perfcollector <> - PERF_STAT : "     0.523591204;CPU10;8612;;UNC_M_CAS_COUNT.WR[UNIT4];10309508;100.00;;"
7054 [140042433455808] INFO perfrun.perfcollector <> - PERF_STAT : "     0.523591204;CPU0;277;;UNC_M_CAS_COUNT.WR[UNIT5];10312155;100.00;;"
7054 [140042433455808] INFO perfrun.perfcollector <> - PERF_STAT : "     0.523591204;CPU10;8036;;UNC_M_CAS_COUNT.WR[UNIT5];10309488;100.00;;"
7064 [140042433455808] INFO perfrun.perfcollector <> - PERF_STAT : "     0.533922680;CPU0;134;;UNC_M_CAS_COUNT.RD[UNIT0];10311317;100.00;;"
7064 [140042433455808] INFO perfrun.perfcollector <> - PERF_STAT : "     0.533922680;CPU10;3971;;UNC_M_CAS_COUNT.RD[UNIT0];10312230;100.00;;"
7064 [140042433455808] INFO perfrun.perfcollector <> - PERF_STAT : "     0.533922680;CPU0;191;;UNC_M_CAS_COUNT.RD[UNIT1];10311521;100.00;;"
7065 [140042433455808] INFO perfrun.perfcollector <> - PERF_STAT : "     0.533922680;CPU10;3427;;UNC_M_CAS_COUNT.RD[UNIT1];10312517;100.00;;"
7065 [140042433455808] INFO perfrun.perfcollector <> - PERF_STAT : "     0.533922680;CPU0;112;;UNC_M_CAS_COUNT.RD[UNIT4];10311540;100.00;;"
7065 [140042433455808] INFO perfrun.perfcollector <> - PERF_STAT : "     0.533922680;CPU10;4000;;UNC_M_CAS_COUNT.RD[UNIT4];10312765;100.00;;"
7065 [140042433455808] INFO perfrun.perfcollector <> - PERF_STAT : "     0.533922680;CPU0;217;;UNC_M_CAS_COUNT.RD[UNIT5];10311691;100.00;;"
7065 [140042433455808] INFO perfrun.perfcollector <> - PERF_STAT : "     0.533922680;CPU10;3436;;UNC_M_CAS_COUNT.RD[UNIT5];10313037;100.00;;"
7065 [140042433455808] INFO perfrun.perfcollector <> - PERF_STAT : "     0.533922680;CPU0;25;;UNC_M_CAS_COUNT.WR[UNIT0];10311708;100.00;;"
7065 [140042433455808] INFO perfrun.perfcollector <> - PERF_STAT : "     0.533922680;CPU10;2591;;UNC_M_CAS_COUNT.WR[UNIT0];10313151;100.00;;"
7065 [140042433455808] INFO perfrun.perfcollector <> - PERF_STAT : "     0.533922680;CPU0;85;;UNC_M_CAS_COUNT.WR[UNIT1];10311684;100.00;;"
7065 [140042433455808] INFO perfrun.perfcollector <> - PERF_STAT : "     0.533922680;CPU10;2104;;UNC_M_CAS_COUNT.WR[UNIT1];10313300;100.00;;"
7065 [140042433455808] INFO perfrun.perfcollector <> - PERF_STAT : "     0.533922680;CPU0;17;;UNC_M_CAS_COUNT.WR[UNIT4];10311694;100.00;;"
7065 [140042433455808] INFO perfrun.perfcollector <> - PERF_STAT : "     0.533922680;CPU10;2640;;UNC_M_CAS_COUNT.WR[UNIT4];10313282;100.00;;"
7065 [140042433455808] INFO perfrun.perfcollector <> - PERF_STAT : "     0.533922680;CPU0;85;;UNC_M_CAS_COUNT.WR[UNIT5];10311742;100.00;;"
7065 [140042433455808] INFO perfrun.perfcollector <> - PERF_STAT : "     0.533922680;CPU10;2146;;UNC_M_CAS_COUNT.WR[UNIT5];10313286;100.00;;"
7075 [140042433455808] INFO perfrun.perfcollector <> - PERF_STAT : "     0.544234944;CPU0;109;;UNC_M_CAS_COUNT.RD[UNIT0];10310956;100.00;;"
7075 [140042433455808] INFO perfrun.perfcollector <> - PERF_STAT : "     0.544234944;CPU10;4298;;UNC_M_CAS_COUNT.RD[UNIT0];10310212;100.00;;"
7075 [140042433455808] INFO perfrun.perfcollector <> - PERF_STAT : "     0.544234944;CPU0;140;;UNC_M_CAS_COUNT.RD[UNIT1];10310642;100.00;;"
7075 [140042433455808] INFO perfrun.perfcollector <> - PERF_STAT : "     0.544234944;CPU10;3744;;UNC_M_CAS_COUNT.RD[UNIT1];10310095;100.00;;"
7075 [140042433455808] INFO perfrun.perfcollector <> - PERF_STAT : "     0.544234944;CPU0;100;;UNC_M_CAS_COUNT.RD[UNIT4];10310806;100.00;;"
7075 [140042433455808] INFO perfrun.perfcollector <> - PERF_STAT : "     0.544234944;CPU10;4319;;UNC_M_CAS_COUNT.RD[UNIT4];10309858;100.00;;"
7075 [140042433455808] INFO perfrun.perfcollector <> - PERF_STAT : "     0.544234944;CPU0;152;;UNC_M_CAS_COUNT.RD[UNIT5];10310692;100.00;;"
7075 [140042433455808] INFO perfrun.perfcollector <> - PERF_STAT : "     0.544234944;CPU10;3745;;UNC_M_CAS_COUNT.RD[UNIT5];10309736;100.00;;"
7075 [140042433455808] INFO perfrun.perfcollector <> - PERF_STAT : "     0.544234944;CPU0;52;;UNC_M_CAS_COUNT.WR[UNIT0];10310719;100.00;;"
7075 [140042433455808] INFO perfrun.perfcollector <> - PERF_STAT : "     0.544234944;CPU10;8158;;UNC_M_CAS_COUNT.WR[UNIT0];10309759;100.00;;"
7075 [140042433455808] INFO perfrun.perfcollector <> - PERF_STAT : "     0.544234944;CPU0;79;;UNC_M_CAS_COUNT.WR[UNIT1];10310736;100.00;;"
7075 [140042433455808] INFO perfrun.perfcollector <> - PERF_STAT : "     0.544234944;CPU10;7586;;UNC_M_CAS_COUNT.WR[UNIT1];10309640;100.00;;"
7075 [140042433455808] INFO perfrun.perfcollector <> - PERF_STAT : "     0.544234944;CPU0;37;;UNC_M_CAS_COUNT.WR[UNIT4];10310652;100.00;;"
7075 [140042433455808] INFO perfrun.perfcollector <> - PERF_STAT : "     0.544234944;CPU10;8097;;UNC_M_CAS_COUNT.WR[UNIT4];10309642;100.00;;"
7075 [140042433455808] INFO perfrun.perfcollector <> - PERF_STAT : "     0.544234944;CPU0;83;;UNC_M_CAS_COUNT.WR[UNIT5];10310635;100.00;;"
7075 [140042433455808] INFO perfrun.perfcollector <> - PERF_STAT : "     0.544234944;CPU10;7699;;UNC_M_CAS_COUNT.WR[UNIT5];10309654;100.00;;"
7085 [140042433455808] INFO perfrun.perfcollector <> - PERF_STAT : "     0.554546048;CPU0;1234;;UNC_M_CAS_COUNT.RD[UNIT0];10309727;100.00;;"
7085 [140042433455808] INFO perfrun.perfcollector <> - PERF_STAT : "     0.554546048;CPU10;3881;;UNC_M_CAS_COUNT.RD[UNIT0];10310625;100.00;;"
7085 [140042433455808] INFO perfrun.perfcollector <> - PERF_STAT : "     0.554546048;CPU0;1510;;UNC_M_CAS_COUNT.RD[UNIT1];10309990;100.00;;"
7085 [140042433455808] INFO perfrun.perfcollector <> - PERF_STAT : "     0.554546048;CPU10;3339;;UNC_M_CAS_COUNT.RD[UNIT1];10310792;100.00;;"
7085 [140042433455808] INFO perfrun.perfcollector <> - PERF_STAT : "     0.554546048;CPU0;1209;;UNC_M_CAS_COUNT.RD[UNIT4];10309820;100.00;;"
7085 [140042433455808] INFO perfrun.perfcollector <> - PERF_STAT : "     0.554546048;CPU10;3856;;UNC_M_CAS_COUNT.RD[UNIT4];10310938;100.00;;"
7085 [140042433455808] INFO perfrun.perfcollector <> - PERF_STAT : "     0.554546048;CPU0;1362;;UNC_M_CAS_COUNT.RD[UNIT5];10309941;100.00;;"
7085 [140042433455808] INFO perfrun.perfcollector <> - PERF_STAT : "     0.554546048;CPU10;3311;;UNC_M_CAS_COUNT.RD[UNIT5];10311353;100.00;;"
7085 [140042433455808] INFO perfrun.perfcollector <> - PERF_STAT : "     0.554546048;CPU0;89;;UNC_M_CAS_COUNT.WR[UNIT0];10309857;100.00;;"
7085 [140042433455808] INFO perfrun.perfcollector <> - PERF_STAT : "     0.554546048;CPU10;8046;;UNC_M_CAS_COUNT.WR[UNIT0];10311729;100.00;;"
7085 [140042433455808] INFO perfrun.perfcollector <> - PERF_STAT : "     0.554546048;CPU0;139;;UNC_M_CAS_COUNT.WR[UNIT1];10309867;100.00;;"
7085 [140042433455808] INFO perfrun.perfcollector <> - PERF_STAT : "     0.554546048;CPU10;7568;;UNC_M_CAS_COUNT.WR[UNIT1];10311721;100.00;;"
7085 [140042433455808] INFO perfrun.perfcollector <> - PERF_STAT : "     0.554546048;CPU0;83;;UNC_M_CAS_COUNT.WR[UNIT4];10309853;100.00;;"
7085 [140042433455808] INFO perfrun.perfcollector <> - PERF_STAT : "     0.554546048;CPU10;8068;;UNC_M_CAS_COUNT.WR[UNIT4];10311727;100.00;;"
7085 [140042433455808] INFO perfrun.perfcollector <> - PERF_STAT : "     0.554546048;CPU0;139;;UNC_M_CAS_COUNT.WR[UNIT5];10309843;100.00;;"
7085 [140042433455808] INFO perfrun.perfcollector <> - PERF_STAT : "     0.554546048;CPU10;7525;;UNC_M_CAS_COUNT.WR[UNIT5];10311731;100.00;;"
7095 [140042433455808] INFO perfrun.perfcollector <> - PERF_STAT : "     0.564861695;CPU0;116;;UNC_M_CAS_COUNT.RD[UNIT0];10315841;100.00;;"
7095 [140042433455808] INFO perfrun.perfcollector <> - PERF_STAT : "     0.564861695;CPU10;4380;;UNC_M_CAS_COUNT.RD[UNIT0];10314730;100.00;;"
7095 [140042433455808] INFO perfrun.perfcollector <> - PERF_STAT : "     0.564861695;CPU0;193;;UNC_M_CAS_COUNT.RD[UNIT1];10315547;100.00;;"
7095 [140042433455808] INFO perfrun.perfcollector <> - PERF_STAT : "     0.564861695;CPU10;3804;;UNC_M_CAS_COUNT.RD[UNIT1];10314686;100.00;;"
7095 [140042433455808] INFO perfrun.perfcollector <> - PERF_STAT : "     0.564861695;CPU0;108;;UNC_M_CAS_COUNT.RD[UNIT4];10315670;100.00;;"
7095 [140042433455808] INFO perfrun.perfcollector <> - PERF_STAT : "     0.564861695;CPU10;4359;;UNC_M_CAS_COUNT.RD[UNIT4];10314789;100.00;;"
7095 [140042433455808] INFO perfrun.perfcollector <> - PERF_STAT : "     0.564861695;CPU0;178;;UNC_M_CAS_COUNT.RD[UNIT5];10315547;100.00;;"
7095 [140042433455808] INFO perfrun.perfcollector <> - PERF_STAT : "     0.564861695;CPU10;3774;;UNC_M_CAS_COUNT.RD[UNIT5];10314642;100.00;;"
7096 [140042433455808] INFO perfrun.perfcollector <> - PERF_STAT : "     0.564861695;CPU0;30;;UNC_M_CAS_COUNT.WR[UNIT0];10315553;100.00;;"
7096 [140042433455808] INFO perfrun.perfcollector <> - PERF_STAT : "     0.564861695;CPU10;7800;;UNC_M_CAS_COUNT.WR[UNIT0];10314253;100.00;;"
7096 [140042433455808] INFO perfrun.perfcollector <> - PERF_STAT : "     0.564861695;CPU0;83;;UNC_M_CAS_COUNT.WR[UNIT1];10315533;100.00;;"
7096 [140042433455808] INFO perfrun.perfcollector <> - PERF_STAT : "     0.564861695;CPU10;7211;;UNC_M_CAS_COUNT.WR[UNIT1];10314269;100.00;;"
7096 [140042433455808] INFO perfrun.perfcollector <> - PERF_STAT : "     0.564861695;CPU0;31;;UNC_M_CAS_COUNT.WR[UNIT4];10315524;100.00;;"
7096 [140042433455808] INFO perfrun.perfcollector <> - PERF_STAT : "     0.564861695;CPU10;7980;;UNC_M_CAS_COUNT.WR[UNIT4];10314250;100.00;;"
7096 [140042433455808] INFO perfrun.perfcollector <> - PERF_STAT : "     0.564861695;CPU0;78;;UNC_M_CAS_COUNT.WR[UNIT5];10315487;100.00;;"
7096 [140042433455808] INFO perfrun.perfcollector <> - PERF_STAT : "     0.564861695;CPU10;7377;;UNC_M_CAS_COUNT.WR[UNIT5];10314249;100.00;;"
7106 [140042433455808] INFO perfrun.perfcollector <> - PERF_STAT : "     0.575172397;CPU0;127;;UNC_M_CAS_COUNT.RD[UNIT0];10304872;100.00;;"
7106 [140042433455808] INFO perfrun.perfcollector <> - PERF_STAT : "     0.575172397;CPU10;4200;;UNC_M_CAS_COUNT.RD[UNIT0];10305860;100.00;;"
7106 [140042433455808] INFO perfrun.perfcollector <> - PERF_STAT : "     0.575172397;CPU0;140;;UNC_M_CAS_COUNT.RD[UNIT1];10304865;100.00;;"
7106 [140042433455808] INFO perfrun.perfcollector <> - PERF_STAT : "     0.575172397;CPU10;3649;;UNC_M_CAS_COUNT.RD[UNIT1];10313914;100.00;;"
7106 [140042433455808] INFO perfrun.perfcollector <> - PERF_STAT : "     0.575172397;CPU0;122;;UNC_M_CAS_COUNT.RD[UNIT4];10304903;100.00;;"
7106 [140042433455808] INFO perfrun.perfcollector <> - PERF_STAT : "     0.575172397;CPU10;4206;;UNC_M_CAS_COUNT.RD[UNIT4];10313765;100.00;;"
7106 [140042433455808] INFO perfrun.perfcollector <> - PERF_STAT : "     0.575172397;CPU0;174;;UNC_M_CAS_COUNT.RD[UNIT5];10304985;100.00;;"
7106 [140042433455808] INFO perfrun.perfcollector <> - PERF_STAT : "     0.575172397;CPU10;3659;;UNC_M_CAS_COUNT.RD[UNIT5];10313633;100.00;;"
7106 [140042433455808] INFO perfrun.perfcollector <> - PERF_STAT : "     0.575172397;CPU0;46;;UNC_M_CAS_COUNT.WR[UNIT0];10304989;100.00;;"
7106 [140042433455808] INFO perfrun.perfcollector <> - PERF_STAT : "     0.575172397;CPU10;7884;;UNC_M_CAS_COUNT.WR[UNIT0];10313750;100.00;;"
7106 [140042433455808] INFO perfrun.perfcollector <> - PERF_STAT : "     0.575172397;CPU0;79;;UNC_M_CAS_COUNT.WR[UNIT1];10304985;100.00;;"
7106 [140042433455808] INFO perfrun.perfcollector <> - PERF_STAT : "     0.575172397;CPU10;7479;;UNC_M_CAS_COUNT.WR[UNIT1];10313726;100.00;;"
7106 [140042433455808] INFO perfrun.perfcollector <> - PERF_STAT : "     0.575172397;CPU0;41;;UNC_M_CAS_COUNT.WR[UNIT4];10305022;100.00;;"
7106 [140042433455808] INFO perfrun.perfcollector <> - PERF_STAT : "     0.575172397;CPU10;7935;;UNC_M_CAS_COUNT.WR[UNIT4];10313712;100.00;;"
7106 [140042433455808] INFO perfrun.perfcollector <> - PERF_STAT : "     0.575172397;CPU0;85;;UNC_M_CAS_COUNT.WR[UNIT5];10305035;100.00;;"
7106 [140042433455808] INFO perfrun.perfcollector <> - PERF_STAT : "     0.575172397;CPU10;7295;;UNC_M_CAS_COUNT.WR[UNIT5];10313840;100.00;;"
7116 [140042433455808] INFO perfrun.perfcollector <> - PERF_STAT : "     0.585497680;CPU0;2647;;UNC_M_CAS_COUNT.RD[UNIT0];10327060;100.00;;"
7116 [140042433455808] INFO perfrun.perfcollector <> - PERF_STAT : "     0.585497680;CPU10;5009;;UNC_M_CAS_COUNT.RD[UNIT0];10325472;100.00;;"
7116 [140042433455808] INFO perfrun.perfcollector <> - PERF_STAT : "     0.585497680;CPU0;3306;;UNC_M_CAS_COUNT.RD[UNIT1];10327124;100.00;;"
7116 [140042433455808] INFO perfrun.perfcollector <> - PERF_STAT : "     0.585497680;CPU10;4494;;UNC_M_CAS_COUNT.RD[UNIT1];10317301;100.00;;"
7116 [140042433455808] INFO perfrun.perfcollector <> - PERF_STAT : "     0.585497680;CPU0;2719;;UNC_M_CAS_COUNT.RD[UNIT4];10327063;100.00;;"
7116 [140042433455808] INFO perfrun.perfcollector <> - PERF_STAT : "     0.585497680;CPU10;4999;;UNC_M_CAS_COUNT.RD[UNIT4];10317209;100.00;;"
7116 [140042433455808] INFO perfrun.perfcollector <> - PERF_STAT : "     0.585497680;CPU0;3123;;UNC_M_CAS_COUNT.RD[UNIT5];10327044;100.00;;"
7116 [140042433455808] INFO perfrun.perfcollector <> - PERF_STAT : "     0.585497680;CPU10;4431;;UNC_M_CAS_COUNT.RD[UNIT5];10317078;100.00;;"
7116 [140042433455808] INFO perfrun.perfcollector <> - PERF_STAT : "     0.585497680;CPU0;2707;;UNC_M_CAS_COUNT.WR[UNIT0];10327037;100.00;;"
7116 [140042433455808] INFO perfrun.perfcollector <> - PERF_STAT : "     0.585497680;CPU10;5485;;UNC_M_CAS_COUNT.WR[UNIT0];10317145;100.00;;"
7116 [140042433455808] INFO perfrun.perfcollector <> - PERF_STAT : "     0.585497680;CPU0;3297;;UNC_M_CAS_COUNT.WR[UNIT1];10327047;100.00;;"
7116 [140042433455808] INFO perfrun.perfcollector <> - PERF_STAT : "     0.585497680;CPU10;4980;;UNC_M_CAS_COUNT.WR[UNIT1];10317169;100.00;;"
7116 [140042433455808] INFO perfrun.perfcollector <> - PERF_STAT : "     0.585497680;CPU0;2738;;UNC_M_CAS_COUNT.WR[UNIT4];10327017;100.00;;"
7116 [140042433455808] INFO perfrun.perfcollector <> - PERF_STAT : "     0.585497680;CPU10;5540;;UNC_M_CAS_COUNT.WR[UNIT4];10317212;100.00;;"
7116 [140042433455808] INFO perfrun.perfcollector <> - PERF_STAT : "     0.585497680;CPU0;3260;;UNC_M_CAS_COUNT.WR[UNIT5];10327020;100.00;;"
7116 [140042433455808] INFO perfrun.perfcollector <> - PERF_STAT : "     0.585497680;CPU10;4993;;UNC_M_CAS_COUNT.WR[UNIT5];10317071;100.00;;"
7126 [140042433455808] INFO perfrun.perfcollector <> - PERF_STAT : "     0.595807802;CPU0;206;;UNC_M_CAS_COUNT.RD[UNIT0];10315941;100.00;;"
7126 [140042433455808] INFO perfrun.perfcollector <> - PERF_STAT : "     0.595807802;CPU10;4009;;UNC_M_CAS_COUNT.RD[UNIT0];10286217;100.00;;"
7126 [140042433455808] INFO perfrun.perfcollector <> - PERF_STAT : "     0.595807802;CPU0;315;;UNC_M_CAS_COUNT.RD[UNIT1];10313098;100.00;;"
7126 [140042433455808] INFO perfrun.perfcollector <> - PERF_STAT : "     0.595807802;CPU10;3448;;UNC_M_CAS_COUNT.RD[UNIT1];10286408;100.00;;"
7126 [140042433455808] INFO perfrun.perfcollector <> - PERF_STAT : "     0.595807802;CPU0;181;;UNC_M_CAS_COUNT.RD[UNIT4];10311177;100.00;;"
7126 [140042433455808] INFO perfrun.perfcollector <> - PERF_STAT : "     0.595807802;CPU10;4004;;UNC_M_CAS_COUNT.RD[UNIT4];10286382;100.00;;"
7126 [140042433455808] INFO perfrun.perfcollector <> - PERF_STAT : "     0.595807802;CPU0;352;;UNC_M_CAS_COUNT.RD[UNIT5];10309358;100.00;;"
7126 [140042433455808] INFO perfrun.perfcollector <> - PERF_STAT : "     0.595807802;CPU10;3432;;UNC_M_CAS_COUNT.RD[UNIT5];10286509;100.00;;"
7126 [140042433455808] INFO perfrun.perfcollector <> - PERF_STAT : "     0.595807802;CPU0;120;;UNC_M_CAS_COUNT.WR[UNIT0];10307666;100.00;;"
7126 [140042433455808] INFO perfrun.perfcollector <> - PERF_STAT : "     0.595807802;CPU10;7043;;UNC_M_CAS_COUNT.WR[UNIT0];10286321;100.00;;"
7126 [140042433455808] INFO perfrun.perfcollector <> - PERF_STAT : "     0.595807802;CPU0;265;;UNC_M_CAS_COUNT.WR[UNIT1];10305766;100.00;;"
7126 [140042433455808] INFO perfrun.perfcollector <> - PERF_STAT : "     0.595807802;CPU10;6372;;UNC_M_CAS_COUNT.WR[UNIT1];10286283;100.00;;"
7126 [140042433455808] INFO perfrun.perfcollector <> - PERF_STAT : "     0.595807802;CPU0;112;;UNC_M_CAS_COUNT.WR[UNIT4];10303900;100.00;;"
7126 [140042433455808] INFO perfrun.perfcollector <> - PERF_STAT : "     0.595807802;CPU10;6935;;UNC_M_CAS_COUNT.WR[UNIT4];10286252;100.00;;"
7126 [140042433455808] INFO perfrun.perfcollector <> - PERF_STAT : "     0.595807802;CPU0;263;;UNC_M_CAS_COUNT.WR[UNIT5];10302087;100.00;;"
7126 [140042433455808] INFO perfrun.perfcollector <> - PERF_STAT : "     0.595807802;CPU10;6377;;UNC_M_CAS_COUNT.WR[UNIT5];10286240;100.00;;"
7137 [140042433455808] INFO perfrun.perfcollector <> - PERF_STAT : "     0.606089941;CPU0;611;;UNC_M_CAS_COUNT.RD[UNIT0];10278323;100.00;;"
7137 [140042433455808] INFO perfrun.perfcollector <> - PERF_STAT : "     0.606089941;CPU10;4166;;UNC_M_CAS_COUNT.RD[UNIT0];10308802;100.00;;"
7137 [140042433455808] INFO perfrun.perfcollector <> - PERF_STAT : "     0.606089941;CPU0;691;;UNC_M_CAS_COUNT.RD[UNIT1];10281157;100.00;;"
7137 [140042433455808] INFO perfrun.perfcollector <> - PERF_STAT : "     0.606089941;CPU10;3627;;UNC_M_CAS_COUNT.RD[UNIT1];10308675;100.00;;"
7137 [140042433455808] INFO perfrun.perfcollector <> - PERF_STAT : "     0.606089941;CPU0;629;;UNC_M_CAS_COUNT.RD[UNIT4];10283105;100.00;;"
7137 [140042433455808] INFO perfrun.perfcollector <> - PERF_STAT : "     0.606089941;CPU10;4178;;UNC_M_CAS_COUNT.RD[UNIT4];10316266;100.00;;"
7137 [140042433455808] INFO perfrun.perfcollector <> - PERF_STAT : "     0.606089941;CPU0;661;;UNC_M_CAS_COUNT.RD[UNIT5];10284837;100.00;;"
7137 [140042433455808] INFO perfrun.perfcollector <> - PERF_STAT : "     0.606089941;CPU10;3618;;UNC_M_CAS_COUNT.RD[UNIT5];10316402;100.00;;"
7137 [140042433455808] INFO perfrun.perfcollector <> - PERF_STAT : "     0.606089941;CPU0;128;;UNC_M_CAS_COUNT.WR[UNIT0];10286562;100.00;;"
7137 [140042433455808] INFO perfrun.perfcollector <> - PERF_STAT : "     0.606089941;CPU10;8200;;UNC_M_CAS_COUNT.WR[UNIT0];10316389;100.00;;"
7137 [140042433455808] INFO perfrun.perfcollector <> - PERF_STAT : "     0.606089941;CPU0;196;;UNC_M_CAS_COUNT.WR[UNIT1];10288439;100.00;;"
7137 [140042433455808] INFO perfrun.perfcollector <> - PERF_STAT : "     0.606089941;CPU10;7629;;UNC_M_CAS_COUNT.WR[UNIT1];10316499;100.00;;"
7137 [140042433455808] INFO perfrun.perfcollector <> - PERF_STAT : "     0.606089941;CPU0;133;;UNC_M_CAS_COUNT.WR[UNIT4];10290432;100.00;;"
7137 [140042433455808] INFO perfrun.perfcollector <> - PERF_STAT : "     0.606089941;CPU10;8030;;UNC_M_CAS_COUNT.WR[UNIT4];10316636;100.00;;"
7137 [140042433455808] INFO perfrun.perfcollector <> - PERF_STAT : "     0.606089941;CPU0;175;;UNC_M_CAS_COUNT.WR[UNIT5];10292315;100.00;;"
7137 [140042433455808] INFO perfrun.perfcollector <> - PERF_STAT : "     0.606089941;CPU10;7569;;UNC_M_CAS_COUNT.WR[UNIT5];10316617;100.00;;"
7147 [140042433455808] INFO perfrun.perfcollector <> - PERF_STAT : "     0.616413349;CPU0;168;;UNC_M_CAS_COUNT.RD[UNIT0];10323817;100.00;;"
7147 [140042433455808] INFO perfrun.perfcollector <> - PERF_STAT : "     0.616413349;CPU10;4405;;UNC_M_CAS_COUNT.RD[UNIT0];10323055;100.00;;"
7147 [140042433455808] INFO perfrun.perfcollector <> - PERF_STAT : "     0.616413349;CPU0;249;;UNC_M_CAS_COUNT.RD[UNIT1];10323786;100.00;;"
7147 [140042433455808] INFO perfrun.perfcollector <> - PERF_STAT : "     0.616413349;CPU10;3847;;UNC_M_CAS_COUNT.RD[UNIT1];10323003;100.00;;"
7147 [140042433455808] INFO perfrun.perfcollector <> - PERF_STAT : "     0.616413349;CPU0;160;;UNC_M_CAS_COUNT.RD[UNIT4];10323659;100.00;;"
7147 [140042433455808] INFO perfrun.perfcollector <> - PERF_STAT : "     0.616413349;CPU10;4392;;UNC_M_CAS_COUNT.RD[UNIT4];10315711;100.00;;"
7147 [140042433455808] INFO perfrun.perfcollector <> - PERF_STAT : "     0.616413349;CPU0;260;;UNC_M_CAS_COUNT.RD[UNIT5];10323812;100.00;;"
7147 [140042433455808] INFO perfrun.perfcollector <> - PERF_STAT : "     0.616413349;CPU10;3840;;UNC_M_CAS_COUNT.RD[UNIT5];10315730;100.00;;"
7147 [140042433455808] INFO perfrun.perfcollector <> - PERF_STAT : "     0.616413349;CPU0;122;;UNC_M_CAS_COUNT.WR[UNIT0];10323900;100.00;;"
7147 [140042433455808] INFO perfrun.perfcollector <> - PERF_STAT : "     0.616413349;CPU10;8176;;UNC_M_CAS_COUNT.WR[UNIT0];10315761;100.00;;"
7147 [140042433455808] INFO perfrun.perfcollector <> - PERF_STAT : "     0.616413349;CPU0;194;;UNC_M_CAS_COUNT.WR[UNIT1];10324110;100.00;;"
7147 [140042433455808] INFO perfrun.perfcollector <> - PERF_STAT : "     0.616413349;CPU10;7524;;UNC_M_CAS_COUNT.WR[UNIT1];10315672;100.00;;"
7147 [140042433455808] INFO perfrun.perfcollector <> - PERF_STAT : "     0.616413349;CPU0;108;;UNC_M_CAS_COUNT.WR[UNIT4];10323976;100.00;;"
7147 [140042433455808] INFO perfrun.perfcollector <> - PERF_STAT : "     0.616413349;CPU10;8078;;UNC_M_CAS_COUNT.WR[UNIT4];10315553;100.00;;"
7147 [140042433455808] INFO perfrun.perfcollector <> - PERF_STAT : "     0.616413349;CPU0;217;;UNC_M_CAS_COUNT.WR[UNIT5];10323927;100.00;;"
7147 [140042433455808] INFO perfrun.perfcollector <> - PERF_STAT : "     0.616413349;CPU10;7526;;UNC_M_CAS_COUNT.WR[UNIT5];10315747;100.00;;"
7157 [140042433455808] INFO perfrun.perfcollector <> - PERF_STAT : "     0.626729174;CPU0;270;;UNC_M_CAS_COUNT.RD[UNIT0];10314053;100.00;;"
7157 [140042433455808] INFO perfrun.perfcollector <> - PERF_STAT : "     0.626729174;CPU10;4214;;UNC_M_CAS_COUNT.RD[UNIT0];10314077;100.00;;"
7157 [140042433455808] INFO perfrun.perfcollector <> - PERF_STAT : "     0.626729174;CPU0;316;;UNC_M_CAS_COUNT.RD[UNIT1];10314057;100.00;;"
7157 [140042433455808] INFO perfrun.perfcollector <> - PERF_STAT : "     0.626729174;CPU10;3652;;UNC_M_CAS_COUNT.RD[UNIT1];10314201;100.00;;"
7157 [140042433455808] INFO perfrun.perfcollector <> - PERF_STAT : "     0.626729174;CPU0;255;;UNC_M_CAS_COUNT.RD[UNIT4];10314036;100.00;;"
7157 [140042433455808] INFO perfrun.perfcollector <> - PERF_STAT : "     0.626729174;CPU10;4196;;UNC_M_CAS_COUNT.RD[UNIT4];10314010;100.00;;"
7157 [140042433455808] INFO perfrun.perfcollector <> - PERF_STAT : "     0.626729174;CPU0;342;;UNC_M_CAS_COUNT.RD[UNIT5];10313853;100.00;;"
7157 [140042433455808] INFO perfrun.perfcollector <> - PERF_STAT : "     0.626729174;CPU10;3636;;UNC_M_CAS_COUNT.RD[UNIT5];10313903;100.00;;"
7157 [140042433455808] INFO perfrun.perfcollector <> - PERF_STAT : "     0.626729174;CPU0;54;;UNC_M_CAS_COUNT.WR[UNIT0];10313739;100.00;;"
7157 [140042433455808] INFO perfrun.perfcollector <> - PERF_STAT : "     0.626729174;CPU10;3188;;UNC_M_CAS_COUNT.WR[UNIT0];10313984;100.00;;"
7157 [140042433455808] INFO perfrun.perfcollector <> - PERF_STAT : "     0.626729174;CPU0;108;;UNC_M_CAS_COUNT.WR[UNIT1];10313519;100.00;;"
7157 [140042433455808] INFO perfrun.perfcollector <> - PERF_STAT : "     0.626729174;CPU10;2684;;UNC_M_CAS_COUNT.WR[UNIT1];10314075;100.00;;"
7157 [140042433455808] INFO perfrun.perfcollector <> - PERF_STAT : "     0.626729174;CPU0;54;;UNC_M_CAS_COUNT.WR[UNIT4];10313538;100.00;;"
7157 [140042433455808] INFO perfrun.perfcollector <> - PERF_STAT : "     0.626729174;CPU10;3211;;UNC_M_CAS_COUNT.WR[UNIT4];10314165;100.00;;"
7157 [140042433455808] INFO perfrun.perfcollector <> - PERF_STAT : "     0.626729174;CPU0;132;;UNC_M_CAS_COUNT.WR[UNIT5];10313609;100.00;;"
7157 [140042433455808] INFO perfrun.perfcollector <> - PERF_STAT : "     0.626729174;CPU10;2558;;UNC_M_CAS_COUNT.WR[UNIT5];10314088;100.00;;"
7168 [140042433455808] INFO perfrun.perfcollector <> - PERF_STAT : "     0.637045491;CPU0;213;;UNC_M_CAS_COUNT.RD[UNIT0];10301136;100.00;;"
7168 [140042433455808] INFO perfrun.perfcollector <> - PERF_STAT : "     0.637045491;CPU10;4293;;UNC_M_CAS_COUNT.RD[UNIT0];10271820;100.00;;"
7168 [140042433455808] INFO perfrun.perfcollector <> - PERF_STAT : "     0.637045491;CPU0;335;;UNC_M_CAS_COUNT.RD[UNIT1];10298324;100.00;;"
7168 [140042433455808] INFO perfrun.perfcollector <> - PERF_STAT : "     0.637045491;CPU10;3752;;UNC_M_CAS_COUNT.RD[UNIT1];10271605;100.00;;"
7168 [140042433455808] INFO perfrun.perfcollector <> - PERF_STAT : "     0.637045491;CPU0;222;;UNC_M_CAS_COUNT.RD[UNIT4];10296666;100.00;;"
7168 [140042433455808] INFO perfrun.perfcollector <> - PERF_STAT : "     0.637045491;CPU10;4269;;UNC_M_CAS_COUNT.RD[UNIT4];10271629;100.00;;"
7168 [140042433455808] INFO perfrun.perfcollector <> - PERF_STAT : "     0.637045491;CPU0;331;;UNC_M_CAS_COUNT.RD[UNIT5];10294970;100.00;;"
7168 [140042433455808] INFO perfrun.perfcollector <> - PERF_STAT : "     0.637045491;CPU10;3683;;UNC_M_CAS_COUNT.RD[UNIT5];10271570;100.00;;"
7168 [140042433455808] INFO perfrun.perfcollector <> - PERF_STAT : "     0.637045491;CPU0;175;;UNC_M_CAS_COUNT.WR[UNIT0];10293119;100.00;;"
7168 [140042433455808] INFO perfrun.perfcollector <> - PERF_STAT : "     0.637045491;CPU10;8302;;UNC_M_CAS_COUNT.WR[UNIT0];10271463;100.00;;"
7168 [140042433455808] INFO perfrun.perfcollector <> - PERF_STAT : "     0.637045491;CPU0;247;;UNC_M_CAS_COUNT.WR[UNIT1];10291297;100.00;;"
7168 [140042433455808] INFO perfrun.perfcollector <> - PERF_STAT : "     0.637045491;CPU10;7816;;UNC_M_CAS_COUNT.WR[UNIT1];10271366;100.00;;"
7168 [140042433455808] INFO perfrun.perfcollector <> - PERF_STAT : "     0.637045491;CPU0;184;;UNC_M_CAS_COUNT.WR[UNIT4];10289445;100.00;;"
7168 [140042433455808] INFO perfrun.perfcollector <> - PERF_STAT : "     0.637045491;CPU10;8226;;UNC_M_CAS_COUNT.WR[UNIT4];10271261;100.00;;"
7168 [140042433455808] INFO perfrun.perfcollector <> - PERF_STAT : "     0.637045491;CPU0;268;;UNC_M_CAS_COUNT.WR[UNIT5];10287520;100.00;;"
7168 [140042433455808] INFO perfrun.perfcollector <> - PERF_STAT : "     0.637045491;CPU10;7958;;UNC_M_CAS_COUNT.WR[UNIT5];10271149;100.00;;"
7178 [140042433455808] INFO perfrun.perfcollector <> - PERF_STAT : "     0.647291748;CPU0;563;;UNC_M_CAS_COUNT.RD[UNIT0];10233172;100.00;;"
7178 [140042433455808] INFO perfrun.perfcollector <> - PERF_STAT : "     0.647291748;CPU10;5591;;UNC_M_CAS_COUNT.RD[UNIT0];10232357;100.00;;"
7178 [140042433455808] INFO perfrun.perfcollector <> - PERF_STAT : "     0.647291748;CPU0;643;;UNC_M_CAS_COUNT.RD[UNIT1];10233107;100.00;;"
7178 [140042433455808] INFO perfrun.perfcollector <> - PERF_STAT : "     0.647291748;CPU10;5024;;UNC_M_CAS_COUNT.RD[UNIT1];10232588;100.00;;"
7178 [140042433455808] INFO perfrun.perfcollector <> - PERF_STAT : "     0.647291748;CPU0;596;;UNC_M_CAS_COUNT.RD[UNIT4];10232863;100.00;;"
7178 [140042433455808] INFO perfrun.perfcollector <> - PERF_STAT : "     0.647291748;CPU10;5631;;UNC_M_CAS_COUNT.RD[UNIT4];10232542;100.00;;"
7178 [140042433455808] INFO perfrun.perfcollector <> - PERF_STAT : "     0.647291748;CPU0;703;;UNC_M_CAS_COUNT.RD[UNIT5];10232969;100.00;;"
7178 [140042433455808] INFO perfrun.perfcollector <> - PERF_STAT : "     0.647291748;CPU10;5038;;UNC_M_CAS_COUNT.RD[UNIT5];10232486;100.00;;"
7178 [140042433455808] INFO perfrun.perfcollector <> - PERF_STAT : "     0.647291748;CPU0;277;;UNC_M_CAS_COUNT.WR[UNIT0];10233140;100.00;;"
7178 [140042433455808] INFO perfrun.perfcollector <> - PERF_STAT : "     0.647291748;CPU10;9487;;UNC_M_CAS_COUNT.WR[UNIT0];10232444;100.00;;"
7178 [140042433455808] INFO perfrun.perfcollector <> - PERF_STAT : "     0.647291748;CPU0;321;;UNC_M_CAS_COUNT.WR[UNIT1];10233106;100.00;;"
7178 [140042433455808] INFO perfrun.perfcollector <> - PERF_STAT : "     0.647291748;CPU10;9068;;UNC_M_CAS_COUNT.WR[UNIT1];10232808;100.00;;"
7178 [140042433455808] INFO perfrun.perfcollector <> - PERF_STAT : "     0.647291748;CPU0;255;;UNC_M_CAS_COUNT.WR[UNIT4];10233091;100.00;;"
7178 [140042433455808] INFO perfrun.perfcollector <> - PERF_STAT : "     0.647291748;CPU10;9560;;UNC_M_CAS_COUNT.WR[UNIT4];10232911;100.00;;"
7178 [140042433455808] INFO perfrun.perfcollector <> - PERF_STAT : "     0.647291748;CPU0;344;;UNC_M_CAS_COUNT.WR[UNIT5];10233116;100.00;;"
7178 [140042433455808] INFO perfrun.perfcollector <> - PERF_STAT : "     0.647291748;CPU10;8897;;UNC_M_CAS_COUNT.WR[UNIT5];10232997;100.00;;"
7188 [140042433455808] INFO perfrun.perfcollector <> - PERF_STAT : "     0.657554216;CPU0;591;;UNC_M_CAS_COUNT.RD[UNIT0];10293270;100.00;;"
7188 [140042433455808] INFO perfrun.perfcollector <> - PERF_STAT : "     0.657554216;CPU10;4533;;UNC_M_CAS_COUNT.RD[UNIT0];10323719;100.00;;"
7188 [140042433455808] INFO perfrun.perfcollector <> - PERF_STAT : "     0.657554216;CPU0;768;;UNC_M_CAS_COUNT.RD[UNIT1];10296137;100.00;;"
7188 [140042433455808] INFO perfrun.perfcollector <> - PERF_STAT : "     0.657554216;CPU10;3988;;UNC_M_CAS_COUNT.RD[UNIT1];10323548;100.00;;"
7188 [140042433455808] INFO perfrun.perfcollector <> - PERF_STAT : "     0.657554216;CPU0;645;;UNC_M_CAS_COUNT.RD[UNIT4];10298066;100.00;;"
7188 [140042433455808] INFO perfrun.perfcollector <> - PERF_STAT : "     0.657554216;CPU10;4588;;UNC_M_CAS_COUNT.RD[UNIT4];10323609;100.00;;"
7188 [140042433455808] INFO perfrun.perfcollector <> - PERF_STAT : "     0.657554216;CPU0;763;;UNC_M_CAS_COUNT.RD[UNIT5];10299783;100.00;;"
7188 [140042433455808] INFO perfrun.perfcollector <> - PERF_STAT : "     0.657554216;CPU10;3985;;UNC_M_CAS_COUNT.RD[UNIT5];10323529;100.00;;"
7188 [140042433455808] INFO perfrun.perfcollector <> - PERF_STAT : "     0.657554216;CPU0;72;;UNC_M_CAS_COUNT.WR[UNIT0];10301466;100.00;;"
7188 [140042433455808] INFO perfrun.perfcollector <> - PERF_STAT : "     0.657554216;CPU10;8619;;UNC_M_CAS_COUNT.WR[UNIT0];10323759;100.00;;"
7188 [140042433455808] INFO perfrun.perfcollector <> - PERF_STAT : "     0.657554216;CPU0;214;;UNC_M_CAS_COUNT.WR[UNIT1];10303473;100.00;;"
7188 [140042433455808] INFO perfrun.perfcollector <> - PERF_STAT : "     0.657554216;CPU10;8124;;UNC_M_CAS_COUNT.WR[UNIT1];10323400;100.00;;"
7188 [140042433455808] INFO perfrun.perfcollector <> - PERF_STAT : "     0.657554216;CPU0;67;;UNC_M_CAS_COUNT.WR[UNIT4];10305384;100.00;;"
7188 [140042433455808] INFO perfrun.perfcollector <> - PERF_STAT : "     0.657554216;CPU10;8867;;UNC_M_CAS_COUNT.WR[UNIT4];10323331;100.00;;"
7188 [140042433455808] INFO perfrun.perfcollector <> - PERF_STAT : "     0.657554216;CPU0;205;;UNC_M_CAS_COUNT.WR[UNIT5];10307220;100.00;;"
7188 [140042433455808] INFO perfrun.perfcollector <> - PERF_STAT : "     0.657554216;CPU10;8373;;UNC_M_CAS_COUNT.WR[UNIT5];10323424;100.00;;"
7198 [140042433455808] INFO perfrun.perfcollector <> - PERF_STAT : "     0.667867231;CPU0;114;;UNC_M_CAS_COUNT.RD[UNIT0];10292748;100.00;;"
7198 [140042433455808] INFO perfrun.perfcollector <> - PERF_STAT : "     0.667867231;CPU10;3938;;UNC_M_CAS_COUNT.RD[UNIT0];10262418;100.00;;"
7198 [140042433455808] INFO perfrun.perfcollector <> - PERF_STAT : "     0.667867231;CPU0;227;;UNC_M_CAS_COUNT.RD[UNIT1];10289938;100.00;;"
7198 [140042433455808] INFO perfrun.perfcollector <> - PERF_STAT : "     0.667867231;CPU10;3408;;UNC_M_CAS_COUNT.RD[UNIT1];10262434;100.00;;"
7198 [140042433455808] INFO perfrun.perfcollector <> - PERF_STAT : "     0.667867231;CPU0;117;;UNC_M_CAS_COUNT.RD[UNIT4];10288180;100.00;;"
7198 [140042433455808] INFO perfrun.perfcollector <> - PERF_STAT : "     0.667867231;CPU10;3959;;UNC_M_CAS_COUNT.RD[UNIT4];10262265;100.00;;"
7198 [140042433455808] INFO perfrun.perfcollector <> - PERF_STAT : "     0.667867231;CPU0;234;;UNC_M_CAS_COUNT.RD[UNIT5];10286235;100.00;;"
7198 [140042433455808] INFO perfrun.perfcollector <> - PERF_STAT : "     0.667867231;CPU10;3397;;UNC_M_CAS_COUNT.RD[UNIT5];10262524;100.00;;"
7198 [140042433455808] INFO perfrun.perfcollector <> - PERF_STAT : "     0.667867231;CPU0;21;;UNC_M_CAS_COUNT.WR[UNIT0];10284389;100.00;;"
7198 [140042433455808] INFO perfrun.perfcollector <> - PERF_STAT : "     0.667867231;CPU10;2668;;UNC_M_CAS_COUNT.WR[UNIT0];10262336;100.00;;"
7198 [140042433455808] INFO perfrun.perfcollector <> - PERF_STAT : "     0.667867231;CPU0;106;;UNC_M_CAS_COUNT.WR[UNIT1];10282553;100.00;;"
7198 [140042433455808] INFO perfrun.perfcollector <> - PERF_STAT : "     0.667867231;CPU10;2177;;UNC_M_CAS_COUNT.WR[UNIT1];10262310;100.00;;"
7199 [140042433455808] INFO perfrun.perfcollector <> - PERF_STAT : "     0.667867231;CPU0;18;;UNC_M_CAS_COUNT.WR[UNIT4];10280712;100.00;;"
7199 [140042433455808] INFO perfrun.perfcollector <> - PERF_STAT : "     0.667867231;CPU10;2696;;UNC_M_CAS_COUNT.WR[UNIT4];10262266;100.00;;"
7199 [140042433455808] INFO perfrun.perfcollector <> - PERF_STAT : "     0.667867231;CPU0;107;;UNC_M_CAS_COUNT.WR[UNIT5];10278830;100.00;;"
7199 [140042433455808] INFO perfrun.perfcollector <> - PERF_STAT : "     0.667867231;CPU10;2199;;UNC_M_CAS_COUNT.WR[UNIT5];10262097;100.00;;"
7209 [140042433455808] INFO perfrun.perfcollector <> - PERF_STAT : "     0.678135560;CPU0;1249;;UNC_M_CAS_COUNT.RD[UNIT0];10286192;100.00;;"
7209 [140042433455808] INFO perfrun.perfcollector <> - PERF_STAT : "     0.678135560;CPU10;4472;;UNC_M_CAS_COUNT.RD[UNIT0];10315906;100.00;;"
7209 [140042433455808] INFO perfrun.perfcollector <> - PERF_STAT : "     0.678135560;CPU0;1481;;UNC_M_CAS_COUNT.RD[UNIT1];10289021;100.00;;"
7209 [140042433455808] INFO perfrun.perfcollector <> - PERF_STAT : "     0.678135560;CPU10;3888;;UNC_M_CAS_COUNT.RD[UNIT1];10316159;100.00;;"
7209 [140042433455808] INFO perfrun.perfcollector <> - PERF_STAT : "     0.678135560;CPU0;1205;;UNC_M_CAS_COUNT.RD[UNIT4];10290917;100.00;;"
7209 [140042433455808] INFO perfrun.perfcollector <> - PERF_STAT : "     0.678135560;CPU10;4426;;UNC_M_CAS_COUNT.RD[UNIT4];10316187;100.00;;"
7209 [140042433455808] INFO perfrun.perfcollector <> - PERF_STAT : "     0.678135560;CPU0;1403;;UNC_M_CAS_COUNT.RD[UNIT5];10292849;100.00;;"
7209 [140042433455808] INFO perfrun.perfcollector <> - PERF_STAT : "     0.678135560;CPU10;3849;;UNC_M_CAS_COUNT.RD[UNIT5];10315941;100.00;;"
7209 [140042433455808] INFO perfrun.perfcollector <> - PERF_STAT : "     0.678135560;CPU0;101;;UNC_M_CAS_COUNT.WR[UNIT0];10294805;100.00;;"
7209 [140042433455808] INFO perfrun.perfcollector <> - PERF_STAT : "     0.678135560;CPU10;8842;;UNC_M_CAS_COUNT.WR[UNIT0];10315973;100.00;;"
7209 [140042433455808] INFO perfrun.perfcollector <> - PERF_STAT : "     0.678135560;CPU0;171;;UNC_M_CAS_COUNT.WR[UNIT1];10296513;100.00;;"
7209 [140042433455808] INFO perfrun.perfcollector <> - PERF_STAT : "     0.678135560;CPU10;8248;;UNC_M_CAS_COUNT.WR[UNIT1];10316005;100.00;;"
7209 [140042433455808] INFO perfrun.perfcollector <> - PERF_STAT : "     0.678135560;CPU0;87;;UNC_M_CAS_COUNT.WR[UNIT4];10298264;100.00;;"
7209 [140042433455808] INFO perfrun.perfcollector <> - PERF_STAT : "     0.678135560;CPU10;8645;;UNC_M_CAS_COUNT.WR[UNIT4];10316032;100.00;;"
7209 [140042433455808] INFO perfrun.perfcollector <> - PERF_STAT : "     0.678135560;CPU0;177;;UNC_M_CAS_COUNT.WR[UNIT5];10300109;100.00;;"
7209 [140042433455808] INFO perfrun.perfcollector <> - PERF_STAT : "     0.678135560;CPU10;8117;;UNC_M_CAS_COUNT.WR[UNIT5];10316053;100.00;;"
7219 [140042433455808] INFO perfrun.perfcollector <> - PERF_STAT : "     0.688452902;CPU0;105;;UNC_M_CAS_COUNT.RD[UNIT0];10299981;100.00;;"
7219 [140042433455808] INFO perfrun.perfcollector <> - PERF_STAT : "     0.688452902;CPU10;3987;;UNC_M_CAS_COUNT.RD[UNIT0];10270678;100.00;;"
7219 [140042433455808] INFO perfrun.perfcollector <> - PERF_STAT : "     0.688452902;CPU0;160;;UNC_M_CAS_COUNT.RD[UNIT1];10297139;100.00;;"
7219 [140042433455808] INFO perfrun.perfcollector <> - PERF_STAT : "     0.688452902;CPU10;3444;;UNC_M_CAS_COUNT.RD[UNIT1];10270771;100.00;;"
7219 [140042433455808] INFO perfrun.perfcollector <> - PERF_STAT : "     0.688452902;CPU0;108;;UNC_M_CAS_COUNT.RD[UNIT4];10295222;100.00;;"
7219 [140042433455808] INFO perfrun.perfcollector <> - PERF_STAT : "     0.688452902;CPU10;3989;;UNC_M_CAS_COUNT.RD[UNIT4];10270838;100.00;;"
7219 [140042433455808] INFO perfrun.perfcollector <> - PERF_STAT : "     0.688452902;CPU0;181;;UNC_M_CAS_COUNT.RD[UNIT5];10293327;100.00;;"
7219 [140042433455808] INFO perfrun.perfcollector <> - PERF_STAT : "     0.688452902;CPU10;3436;;UNC_M_CAS_COUNT.RD[UNIT5];10270915;100.00;;"
7219 [140042433455808] INFO perfrun.perfcollector <> - PERF_STAT : "     0.688452902;CPU0;54;;UNC_M_CAS_COUNT.WR[UNIT0];10291496;100.00;;"
7219 [140042433455808] INFO perfrun.perfcollector <> - PERF_STAT : "     0.688452902;CPU10;8186;;UNC_M_CAS_COUNT.WR[UNIT0];10271118;100.00;;"
7219 [140042433455808] INFO perfrun.perfcollector <> - PERF_STAT : "     0.688452902;CPU0;91;;UNC_M_CAS_COUNT.WR[UNIT1];10289631;100.00;;"
7219 [140042433455808] INFO perfrun.perfcollector <> - PERF_STAT : "     0.688452902;CPU10;7600;;UNC_M_CAS_COUNT.WR[UNIT1];10271302;100.00;;"
7219 [140042433455808] INFO perfrun.perfcollector <> - PERF_STAT : "     0.688452902;CPU0;41;;UNC_M_CAS_COUNT.WR[UNIT4];10287954;100.00;;"
7219 [140042433455808] INFO perfrun.perfcollector <> - PERF_STAT : "     0.688452902;CPU10;8290;;UNC_M_CAS_COUNT.WR[UNIT4];10271397;100.00;;"
7219 [140042433455808] INFO perfrun.perfcollector <> - PERF_STAT : "     0.688452902;CPU0;82;;UNC_M_CAS_COUNT.WR[UNIT5];10286125;100.00;;"
7219 [140042433455808] INFO perfrun.perfcollector <> - PERF_STAT : "     0.688452902;CPU10;7662;;UNC_M_CAS_COUNT.WR[UNIT5];10271476;100.00;;"
7229 [140042433455808] INFO perfrun.perfcollector <> - PERF_STAT : "     0.698719607;CPU0;96;;UNC_M_CAS_COUNT.RD[UNIT0];10280960;100.00;;"
7229 [140042433455808] INFO perfrun.perfcollector <> - PERF_STAT : "     0.698719607;CPU10;4248;;UNC_M_CAS_COUNT.RD[UNIT0];10310354;100.00;;"
7229 [140042433455808] INFO perfrun.perfcollector <> - PERF_STAT : "     0.698719607;CPU0;134;;UNC_M_CAS_COUNT.RD[UNIT1];10283869;100.00;;"
7229 [140042433455808] INFO perfrun.perfcollector <> - PERF_STAT : "     0.698719607;CPU10;3709;;UNC_M_CAS_COUNT.RD[UNIT1];10310064;100.00;;"
7229 [140042433455808] INFO perfrun.perfcollector <> - PERF_STAT : "     0.698719607;CPU0;108;;UNC_M_CAS_COUNT.RD[UNIT4];10285632;100.00;;"
7229 [140042433455808] INFO perfrun.perfcollector <> - PERF_STAT : "     0.698719607;CPU10;4250;;UNC_M_CAS_COUNT.RD[UNIT4];10310003;100.00;;"
7229 [140042433455808] INFO perfrun.perfcollector <> - PERF_STAT : "     0.698719607;CPU0;151;;UNC_M_CAS_COUNT.RD[UNIT5];10287513;100.00;;"
7229 [140042433455808] INFO perfrun.perfcollector <> - PERF_STAT : "     0.698719607;CPU10;3696;;UNC_M_CAS_COUNT.RD[UNIT5];10310063;100.00;;"
7229 [140042433455808] INFO perfrun.perfcollector <> - PERF_STAT : "     0.698719607;CPU0;70;;UNC_M_CAS_COUNT.WR[UNIT0];10289241;100.00;;"
7229 [140042433455808] INFO perfrun.perfcollector <> - PERF_STAT : "     0.698719607;CPU10;8088;;UNC_M_CAS_COUNT.WR[UNIT0];10310020;100.00;;"
7229 [140042433455808] INFO perfrun.perfcollector <> - PERF_STAT : "     0.698719607;CPU0;90;;UNC_M_CAS_COUNT.WR[UNIT1];10291247;100.00;;"
7229 [140042433455808] INFO perfrun.perfcollector <> - PERF_STAT : "     0.698719607;CPU10;7490;;UNC_M_CAS_COUNT.WR[UNIT1];10309928;100.00;;"
7229 [140042433455808] INFO perfrun.perfcollector <> - PERF_STAT : "     0.698719607;CPU0;62;;UNC_M_CAS_COUNT.WR[UNIT4];10292957;100.00;;"
7229 [140042433455808] INFO perfrun.perfcollector <> - PERF_STAT : "     0.698719607;CPU10;7834;;UNC_M_CAS_COUNT.WR[UNIT4];10309825;100.00;;"
7229 [140042433455808] INFO perfrun.perfcollector <> - PERF_STAT : "     0.698719607;CPU0;79;;UNC_M_CAS_COUNT.WR[UNIT5];10294783;100.00;;"
7229 [140042433455808] INFO perfrun.perfcollector <> - PERF_STAT : "     0.698719607;CPU10;7413;;UNC_M_CAS_COUNT.WR[UNIT5];10309750;100.00;;"
7240 [140042433455808] INFO perfrun.perfcollector <> - PERF_STAT : "     0.709036859;CPU0;459;;UNC_M_CAS_COUNT.RD[UNIT0];10319709;100.00;;"
7240 [140042433455808] INFO perfrun.perfcollector <> - PERF_STAT : "     0.709036859;CPU10;4137;;UNC_M_CAS_COUNT.RD[UNIT0];10320565;100.00;;"
7240 [140042433455808] INFO perfrun.perfcollector <> - PERF_STAT : "     0.709036859;CPU0;514;;UNC_M_CAS_COUNT.RD[UNIT1];10319656;100.00;;"
7240 [140042433455808] INFO perfrun.perfcollector <> - PERF_STAT : "     0.709036859;CPU10;3567;;UNC_M_CAS_COUNT.RD[UNIT1];10320501;100.00;;"
7240 [140042433455808] INFO perfrun.perfcollector <> - PERF_STAT : "     0.709036859;CPU0;433;;UNC_M_CAS_COUNT.RD[UNIT4];10319693;100.00;;"
7240 [140042433455808] INFO perfrun.perfcollector <> - PERF_STAT : "     0.709036859;CPU10;4124;;UNC_M_CAS_COUNT.RD[UNIT4];10320499;100.00;;"
7240 [140042433455808] INFO perfrun.perfcollector <> - PERF_STAT : "     0.709036859;CPU0;516;;UNC_M_CAS_COUNT.RD[UNIT5];10319609;100.00;;"
7240 [140042433455808] INFO perfrun.perfcollector <> - PERF_STAT : "     0.709036859;CPU10;3548;;UNC_M_CAS_COUNT.RD[UNIT5];10320510;100.00;;"
7240 [140042433455808] INFO perfrun.perfcollector <> - PERF_STAT : "     0.709036859;CPU0;31;;UNC_M_CAS_COUNT.WR[UNIT0];10319750;100.00;;"
7240 [140042433455808] INFO perfrun.perfcollector <> - PERF_STAT : "     0.709036859;CPU10;2955;;UNC_M_CAS_COUNT.WR[UNIT0];10320693;100.00;;"
7240 [140042433455808] INFO perfrun.perfcollector <> - PERF_STAT : "     0.709036859;CPU0;104;;UNC_M_CAS_COUNT.WR[UNIT1];10319759;100.00;;"
7240 [140042433455808] INFO perfrun.perfcollector <> - PERF_STAT : "     0.709036859;CPU10;2413;;UNC_M_CAS_COUNT.WR[UNIT1];10320716;100.00;;"
7240 [140042433455808] INFO perfrun.perfcollector <> - PERF_STAT : "     0.709036859;CPU0;31;;UNC_M_CAS_COUNT.WR[UNIT4];10319770;100.00;;"
7240 [140042433455808] INFO perfrun.perfcollector <> - PERF_STAT : "     0.709036859;CPU10;3031;;UNC_M_CAS_COUNT.WR[UNIT4];10320708;100.00;;"
7240 [140042433455808] INFO perfrun.perfcollector <> - PERF_STAT : "     0.709036859;CPU0;100;;UNC_M_CAS_COUNT.WR[UNIT5];10319766;100.00;;"
7240 [140042433455808] INFO perfrun.perfcollector <> - PERF_STAT : "     0.709036859;CPU10;2421;;UNC_M_CAS_COUNT.WR[UNIT5];10320710;100.00;;"
7250 [140042433455808] INFO perfrun.perfcollector <> - PERF_STAT : "     0.719349372;CPU0;130;;UNC_M_CAS_COUNT.RD[UNIT0];10308147;100.00;;"
7250 [140042433455808] INFO perfrun.perfcollector <> - PERF_STAT : "     0.719349372;CPU10;4088;;UNC_M_CAS_COUNT.RD[UNIT0];10307988;100.00;;"
7250 [140042433455808] INFO perfrun.perfcollector <> - PERF_STAT : "     0.719349372;CPU0;166;;UNC_M_CAS_COUNT.RD[UNIT1];10308224;100.00;;"
7250 [140042433455808] INFO perfrun.perfcollector <> - PERF_STAT : "     0.719349372;CPU10;3536;;UNC_M_CAS_COUNT.RD[UNIT1];10307981;100.00;;"
7250 [140042433455808] INFO perfrun.perfcollector <> - PERF_STAT : "     0.719349372;CPU0;111;;UNC_M_CAS_COUNT.RD[UNIT4];10308237;100.00;;"
7250 [140042433455808] INFO perfrun.perfcollector <> - PERF_STAT : "     0.719349372;CPU10;4089;;UNC_M_CAS_COUNT.RD[UNIT4];10308070;100.00;;"
7250 [140042433455808] INFO perfrun.perfcollector <> - PERF_STAT : "     0.719349372;CPU0;177;;UNC_M_CAS_COUNT.RD[UNIT5];10308321;100.00;;"
7250 [140042433455808] INFO perfrun.perfcollector <> - PERF_STAT : "     0.719349372;CPU10;3567;;UNC_M_CAS_COUNT.RD[UNIT5];10307929;100.00;;"
7250 [140042433455808] INFO perfrun.perfcollector <> - PERF_STAT : "     0.719349372;CPU0;31;;UNC_M_CAS_COUNT.WR[UNIT0];10308156;100.00;;"
7250 [140042433455808] INFO perfrun.perfcollector <> - PERF_STAT : "     0.719349372;CPU10;7915;;UNC_M_CAS_COUNT.WR[UNIT0];10307557;100.00;;"
7250 [140042433455808] INFO perfrun.perfcollector <> - PERF_STAT : "     0.719349372;CPU0;60;;UNC_M_CAS_COUNT.WR[UNIT1];10308016;100.00;;"
7250 [140042433455808] INFO perfrun.perfcollector <> - PERF_STAT : "     0.719349372;CPU10;7416;;UNC_M_CAS_COUNT.WR[UNIT1];10307445;100.00;;"
7250 [140042433455808] INFO perfrun.perfcollector <> - PERF_STAT : "     0.719349372;CPU0;28;;UNC_M_CAS_COUNT.WR[UNIT4];10307999;100.00;;"
7250 [140042433455808] INFO perfrun.perfcollector <> - PERF_STAT : "     0.719349372;CPU10;7937;;UNC_M_CAS_COUNT.WR[UNIT4];10307492;100.00;;"
7250 [140042433455808] INFO perfrun.perfcollector <> - PERF_STAT : "     0.719349372;CPU0;59;;UNC_M_CAS_COUNT.WR[UNIT5];10308099;100.00;;"
7250 [140042433455808] INFO perfrun.perfcollector <> - PERF_STAT : "     0.719349372;CPU10;7108;;UNC_M_CAS_COUNT.WR[UNIT5];10307492;100.00;;"
7260 [140042433455808] INFO perfrun.perfcollector <> - PERF_STAT : "     0.729658477;CPU0;115;;UNC_M_CAS_COUNT.RD[UNIT0];10310531;100.00;;"
7260 [140042433455808] INFO perfrun.perfcollector <> - PERF_STAT : "     0.729658477;CPU10;4336;;UNC_M_CAS_COUNT.RD[UNIT0];10310545;100.00;;"
7260 [140042433455808] INFO perfrun.perfcollector <> - PERF_STAT : "     0.729658477;CPU0;162;;UNC_M_CAS_COUNT.RD[UNIT1];10310474;100.00;;"
7260 [140042433455808] INFO perfrun.perfcollector <> - PERF_STAT : "     0.729658477;CPU10;3789;;UNC_M_CAS_COUNT.RD[UNIT1];10310563;100.00;;"
7260 [140042433455808] INFO perfrun.perfcollector <> - PERF_STAT : "     0.729658477;CPU0;99;;UNC_M_CAS_COUNT.RD[UNIT4];10310431;100.00;;"
7260 [140042433455808] INFO perfrun.perfcollector <> - PERF_STAT : "     0.729658477;CPU10;4333;;UNC_M_CAS_COUNT.RD[UNIT4];10310470;100.00;;"
7260 [140042433455808] INFO perfrun.perfcollector <> - PERF_STAT : "     0.729658477;CPU0;180;;UNC_M_CAS_COUNT.RD[UNIT5];10310474;100.00;;"
7260 [140042433455808] INFO perfrun.perfcollector <> - PERF_STAT : "     0.729658477;CPU10;3784;;UNC_M_CAS_COUNT.RD[UNIT5];10310618;100.00;;"
7260 [140042433455808] INFO perfrun.perfcollector <> - PERF_STAT : "     0.729658477;CPU0;47;;UNC_M_CAS_COUNT.WR[UNIT0];10310485;100.00;;"
7260 [140042433455808] INFO perfrun.perfcollector <> - PERF_STAT : "     0.729658477;CPU10;8147;;UNC_M_CAS_COUNT.WR[UNIT0];10310639;100.00;;"
7260 [140042433455808] INFO perfrun.perfcollector <> - PERF_STAT : "     0.729658477;CPU0;88;;UNC_M_CAS_COUNT.WR[UNIT1];10310489;100.00;;"
7260 [140042433455808] INFO perfrun.perfcollector <> - PERF_STAT : "     0.729658477;CPU10;7600;;UNC_M_CAS_COUNT.WR[UNIT1];10310814;100.00;;"
7260 [140042433455808] INFO perfrun.perfcollector <> - PERF_STAT : "     0.729658477;CPU0;42;;UNC_M_CAS_COUNT.WR[UNIT4];10310502;100.00;;"
7260 [140042433455808] INFO perfrun.perfcollector <> - PERF_STAT : "     0.729658477;CPU10;8062;;UNC_M_CAS_COUNT.WR[UNIT4];10310947;100.00;;"
7260 [140042433455808] INFO perfrun.perfcollector <> - PERF_STAT : "     0.729658477;CPU0;95;;UNC_M_CAS_COUNT.WR[UNIT5];10310539;100.00;;"
7260 [140042433455808] INFO perfrun.perfcollector <> - PERF_STAT : "     0.729658477;CPU10;7644;;UNC_M_CAS_COUNT.WR[UNIT5];10311324;100.00;;"
7270 [140042433455808] INFO perfrun.perfcollector <> - PERF_STAT : "     0.739976322;CPU0;661;;UNC_M_CAS_COUNT.RD[UNIT0];10317929;100.00;;"
7282 [140042433455808] INFO perfrun.perfcollector <> - PERF_STAT : "     0.739976322;CPU10;5431;;UNC_M_CAS_COUNT.RD[UNIT0];10310500;100.00;;"
7282 [140042433455808] INFO perfrun.perfcollector <> - PERF_STAT : "     0.739976322;CPU0;986;;UNC_M_CAS_COUNT.RD[UNIT1];10317919;100.00;;"
7282 [140042433455808] INFO perfrun.perfcollector <> - PERF_STAT : "     0.739976322;CPU10;4870;;UNC_M_CAS_COUNT.RD[UNIT1];10310597;100.00;;"
7282 [140042433455808] INFO perfrun.perfcollector <> - PERF_STAT : "     0.739976322;CPU0;578;;UNC_M_CAS_COUNT.RD[UNIT4];10317939;100.00;;"
7282 [140042433455808] INFO perfrun.perfcollector <> - PERF_STAT : "     0.739976322;CPU10;5390;;UNC_M_CAS_COUNT.RD[UNIT4];10310651;100.00;;"
7282 [140042433455808] INFO perfrun.perfcollector <> - PERF_STAT : "     0.739976322;CPU0;983;;UNC_M_CAS_COUNT.RD[UNIT5];10317946;100.00;;"
7282 [140042433455808] INFO perfrun.perfcollector <> - PERF_STAT : "     0.739976322;CPU10;4869;;UNC_M_CAS_COUNT.RD[UNIT5];10310713;100.00;;"
7282 [140042433455808] INFO perfrun.perfcollector <> - PERF_STAT : "     0.739976322;CPU0;1259;;UNC_M_CAS_COUNT.WR[UNIT0];10318013;100.00;;"
7282 [140042433455808] INFO perfrun.perfcollector <> - PERF_STAT : "     0.739976322;CPU10;8556;;UNC_M_CAS_COUNT.WR[UNIT0];10310705;100.00;;"
7282 [140042433455808] INFO perfrun.perfcollector <> - PERF_STAT : "     0.739976322;CPU0;1628;;UNC_M_CAS_COUNT.WR[UNIT1];10330756;100.00;;"
7282 [140042433455808] INFO perfrun.perfcollector <> - PERF_STAT : "     0.739976322;CPU10;7976;;UNC_M_CAS_COUNT.WR[UNIT1];10310696;100.00;;"
7282 [140042433455808] INFO perfrun.perfcollector <> - PERF_STAT : "     0.739976322;CPU0;1236;;UNC_M_CAS_COUNT.WR[UNIT4];10329177;100.00;;"
7282 [140042433455808] INFO perfrun.perfcollector <> - PERF_STAT : "     0.739976322;CPU10;8549;;UNC_M_CAS_COUNT.WR[UNIT4];10310513;100.00;;"
7282 [140042433455808] INFO perfrun.perfcollector <> - PERF_STAT : "     0.739976322;CPU0;1562;;UNC_M_CAS_COUNT.WR[UNIT5];10327218;100.00;;"
7282 [140042433455808] INFO perfrun.perfcollector <> - PERF_STAT : "     0.739976322;CPU10;8049;;UNC_M_CAS_COUNT.WR[UNIT5];10310273;100.00;;"
7282 [140042433455808] INFO perfrun.perfcollector <> - PERF_STAT : "     0.750281783;CPU0;144;;UNC_M_CAS_COUNT.RD[UNIT0];10285881;100.00;;"
7282 [140042433455808] INFO perfrun.perfcollector <> - PERF_STAT : "     0.750281783;CPU10;3992;;UNC_M_CAS_COUNT.RD[UNIT0];10263297;100.00;;"
7282 [140042433455808] INFO perfrun.perfcollector <> - PERF_STAT : "     0.750281783;CPU0;177;;UNC_M_CAS_COUNT.RD[UNIT1];10283307;100.00;;"
7282 [140042433455808] INFO perfrun.perfcollector <> - PERF_STAT : "     0.750281783;CPU10;3453;;UNC_M_CAS_COUNT.RD[UNIT1];10263561;100.00;;"
7282 [140042433455808] INFO perfrun.perfcollector <> - PERF_STAT : "     0.750281783;CPU0;122;;UNC_M_CAS_COUNT.RD[UNIT4];10281594;100.00;;"
7282 [140042433455808] INFO perfrun.perfcollector <> - PERF_STAT : "     0.750281783;CPU10;3968;;UNC_M_CAS_COUNT.RD[UNIT4];10263722;100.00;;"
7282 [140042433455808] INFO perfrun.perfcollector <> - PERF_STAT : "     0.750281783;CPU0;199;;UNC_M_CAS_COUNT.RD[UNIT5];10279749;100.00;;"
7282 [140042433455808] INFO perfrun.perfcollector <> - PERF_STAT : "     0.750281783;CPU10;3413;;UNC_M_CAS_COUNT.RD[UNIT5];10263493;100.00;;"
7282 [140042433455808] INFO perfrun.perfcollector <> - PERF_STAT : "     0.750281783;CPU0;70;;UNC_M_CAS_COUNT.WR[UNIT0];10277946;100.00;;"
7282 [140042433455808] INFO perfrun.perfcollector <> - PERF_STAT : "     0.750281783;CPU10;2765;;UNC_M_CAS_COUNT.WR[UNIT0];10263465;100.00;;"
7283 [140042433455808] INFO perfrun.perfcollector <> - PERF_STAT : "     0.750281783;CPU0;101;;UNC_M_CAS_COUNT.WR[UNIT1];10263313;100.00;;"
7283 [140042433455808] INFO perfrun.perfcollector <> - PERF_STAT : "     0.750281783;CPU10;2320;;UNC_M_CAS_COUNT.WR[UNIT1];10263272;100.00;;"
7283 [140042433455808] INFO perfrun.perfcollector <> - PERF_STAT : "     0.750281783;CPU0;56;;UNC_M_CAS_COUNT.WR[UNIT4];10263015;100.00;;"
7283 [140042433455808] INFO perfrun.perfcollector <> - PERF_STAT : "     0.750281783;CPU10;2852;;UNC_M_CAS_COUNT.WR[UNIT4];10263268;100.00;;"
7283 [140042433455808] INFO perfrun.perfcollector <> - PERF_STAT : "     0.750281783;CPU0;117;;UNC_M_CAS_COUNT.WR[UNIT5];10262998;100.00;;"
7283 [140042433455808] INFO perfrun.perfcollector <> - PERF_STAT : "     0.750281783;CPU10;2337;;UNC_M_CAS_COUNT.WR[UNIT5];10263103;100.00;;"
7291 [140042433455808] INFO perfrun.perfcollector <> - PERF_STAT : "     0.760543484;CPU0;197;;UNC_M_CAS_COUNT.RD[UNIT0];10281651;100.00;;"
7291 [140042433455808] INFO perfrun.perfcollector <> - PERF_STAT : "     0.760543484;CPU10;4403;;UNC_M_CAS_COUNT.RD[UNIT0];10281470;100.00;;"
7291 [140042433455808] INFO perfrun.perfcollector <> - PERF_STAT : "     0.760543484;CPU0;289;;UNC_M_CAS_COUNT.RD[UNIT1];10281480;100.00;;"
7291 [140042433455808] INFO perfrun.perfcollector <> - PERF_STAT : "     0.760543484;CPU10;3843;;UNC_M_CAS_COUNT.RD[UNIT1];10281350;100.00;;"
7291 [140042433455808] INFO perfrun.perfcollector <> - PERF_STAT : "     0.760543484;CPU0;184;;UNC_M_CAS_COUNT.RD[UNIT4];10281263;100.00;;"
7291 [140042433455808] INFO perfrun.perfcollector <> - PERF_STAT : "     0.760543484;CPU10;4403;;UNC_M_CAS_COUNT.RD[UNIT4];10281225;100.00;;"
7291 [140042433455808] INFO perfrun.perfcollector <> - PERF_STAT : "     0.760543484;CPU0;309;;UNC_M_CAS_COUNT.RD[UNIT5];10281273;100.00;;"
7291 [140042433455808] INFO perfrun.perfcollector <> - PERF_STAT : "     0.760543484;CPU10;3847;;UNC_M_CAS_COUNT.RD[UNIT5];10281217;100.00;;"
7291 [140042433455808] INFO perfrun.perfcollector <> - PERF_STAT : "     0.760543484;CPU0;161;;UNC_M_CAS_COUNT.WR[UNIT0];10281143;100.00;;"
7291 [140042433455808] INFO perfrun.perfcollector <> - PERF_STAT : "     0.760543484;CPU10;8372;;UNC_M_CAS_COUNT.WR[UNIT0];10281223;100.00;;"
7291 [140042433455808] INFO perfrun.perfcollector <> - PERF_STAT : "     0.760543484;CPU0;232;;UNC_M_CAS_COUNT.WR[UNIT1];10281348;100.00;;"
7291 [140042433455808] INFO perfrun.perfcollector <> - PERF_STAT : "     0.760543484;CPU10;7717;;UNC_M_CAS_COUNT.WR[UNIT1];10281221;100.00;;"
7291 [140042433455808] INFO perfrun.perfcollector <> - PERF_STAT : "     0.760543484;CPU0;145;;UNC_M_CAS_COUNT.WR[UNIT4];10281586;100.00;;"
7291 [140042433455808] INFO perfrun.perfcollector <> - PERF_STAT : "     0.760543484;CPU10;8318;;UNC_M_CAS_COUNT.WR[UNIT4];10281220;100.00;;"
7291 [140042433455808] INFO perfrun.perfcollector <> - PERF_STAT : "     0.760543484;CPU0;263;;UNC_M_CAS_COUNT.WR[UNIT5];10281789;100.00;;"
7291 [140042433455808] INFO perfrun.perfcollector <> - PERF_STAT : "     0.760543484;CPU10;7735;;UNC_M_CAS_COUNT.WR[UNIT5];10281232;100.00;;"
7301 [140042433455808] INFO perfrun.perfcollector <> - PERF_STAT : "     0.770830804;CPU0;188;;UNC_M_CAS_COUNT.RD[UNIT0];10288012;100.00;;"
7301 [140042433455808] INFO perfrun.perfcollector <> - PERF_STAT : "     0.770830804;CPU10;4444;;UNC_M_CAS_COUNT.RD[UNIT0];10317833;100.00;;"
7301 [140042433455808] INFO perfrun.perfcollector <> - PERF_STAT : "     0.770830804;CPU0;240;;UNC_M_CAS_COUNT.RD[UNIT1];10290820;100.00;;"
7301 [140042433455808] INFO perfrun.perfcollector <> - PERF_STAT : "     0.770830804;CPU10;3889;;UNC_M_CAS_COUNT.RD[UNIT1];10317560;100.00;;"
7301 [140042433455808] INFO perfrun.perfcollector <> - PERF_STAT : "     0.770830804;CPU0;189;;UNC_M_CAS_COUNT.RD[UNIT4];10292743;100.00;;"
7301 [140042433455808] INFO perfrun.perfcollector <> - PERF_STAT : "     0.770830804;CPU10;4440;;UNC_M_CAS_COUNT.RD[UNIT4];10317479;100.00;;"
7301 [140042433455808] INFO perfrun.perfcollector <> - PERF_STAT : "     0.770830804;CPU0;267;;UNC_M_CAS_COUNT.RD[UNIT5];10294588;100.00;;"
7301 [140042433455808] INFO perfrun.perfcollector <> - PERF_STAT : "     0.770830804;CPU10;3880;;UNC_M_CAS_COUNT.RD[UNIT5];10317638;100.00;;"
7301 [140042433455808] INFO perfrun.perfcollector <> - PERF_STAT : "     0.770830804;CPU0;227;;UNC_M_CAS_COUNT.WR[UNIT0];10296471;100.00;;"
7302 [140042433455808] INFO perfrun.perfcollector <> - PERF_STAT : "     0.770830804;CPU10;7891;;UNC_M_CAS_COUNT.WR[UNIT0];10317679;100.00;;"
7302 [140042433455808] INFO perfrun.perfcollector <> - PERF_STAT : "     0.770830804;CPU0;246;;UNC_M_CAS_COUNT.WR[UNIT1];10298132;100.00;;"
7302 [140042433455808] INFO perfrun.perfcollector <> - PERF_STAT : "     0.770830804;CPU10;7309;;UNC_M_CAS_COUNT.WR[UNIT1];10317698;100.00;;"
7302 [140042433455808] INFO perfrun.perfcollector <> - PERF_STAT : "     0.770830804;CPU0;229;;UNC_M_CAS_COUNT.WR[UNIT4];10299954;100.00;;"
7302 [140042433455808] INFO perfrun.perfcollector <> - PERF_STAT : "     0.770830804;CPU10;7944;;UNC_M_CAS_COUNT.WR[UNIT4];10317711;100.00;;"
7302 [140042433455808] INFO perfrun.perfcollector <> - PERF_STAT : "     0.770830804;CPU0;306;;UNC_M_CAS_COUNT.WR[UNIT5];10301597;100.00;;"
7302 [140042433455808] INFO perfrun.perfcollector <> - PERF_STAT : "     0.770830804;CPU10;7295;;UNC_M_CAS_COUNT.WR[UNIT5];10317864;100.00;;"
7312 [140042433455808] INFO perfrun.perfcollector <> - PERF_STAT : "     0.781151018;CPU0;149;;UNC_M_CAS_COUNT.RD[UNIT0];10316311;100.00;;"
7312 [140042433455808] INFO perfrun.perfcollector <> - PERF_STAT : "     0.781151018;CPU10;4562;;UNC_M_CAS_COUNT.RD[UNIT0];10315845;100.00;;"
7312 [140042433455808] INFO perfrun.perfcollector <> - PERF_STAT : "     0.781151018;CPU0;243;;UNC_M_CAS_COUNT.RD[UNIT1];10316222;100.00;;"
7312 [140042433455808] INFO perfrun.perfcollector <> - PERF_STAT : "     0.781151018;CPU10;3985;;UNC_M_CAS_COUNT.RD[UNIT1];10316119;100.00;;"
7312 [140042433455808] INFO perfrun.perfcollector <> - PERF_STAT : "     0.781151018;CPU0;154;;UNC_M_CAS_COUNT.RD[UNIT4];10316281;100.00;;"
7312 [140042433455808] INFO perfrun.perfcollector <> - PERF_STAT : "     0.781151018;CPU10;4532;;UNC_M_CAS_COUNT.RD[UNIT4];10316133;100.00;;"
7312 [140042433455808] INFO perfrun.perfcollector <> - PERF_STAT : "     0.781151018;CPU0;271;;UNC_M_CAS_COUNT.RD[UNIT5];10316151;100.00;;"
7312 [140042433455808] INFO perfrun.perfcollector <> - PERF_STAT : "     0.781151018;CPU10;3965;;UNC_M_CAS_COUNT.RD[UNIT5];10316146;100.00;;"
7312 [140042433455808] INFO perfrun.perfcollector <> - PERF_STAT : "     0.781151018;CPU0;117;;UNC_M_CAS_COUNT.WR[UNIT0];10316181;100.00;;"
7312 [140042433455808] INFO perfrun.perfcollector <> - PERF_STAT : "     0.781151018;CPU10;8646;;UNC_M_CAS_COUNT.WR[UNIT0];10316153;100.00;;"
7312 [140042433455808] INFO perfrun.perfcollector <> - PERF_STAT : "     0.781151018;CPU0;199;;UNC_M_CAS_COUNT.WR[UNIT1];10316208;100.00;;"
7312 [140042433455808] INFO perfrun.perfcollector <> - PERF_STAT : "     0.781151018;CPU10;8069;;UNC_M_CAS_COUNT.WR[UNIT1];10316195;100.00;;"
7312 [140042433455808] INFO perfrun.perfcollector <> - PERF_STAT : "     0.781151018;CPU0;99;;UNC_M_CAS_COUNT.WR[UNIT4];10316035;100.00;;"
7312 [140042433455808] INFO perfrun.perfcollector <> - PERF_STAT : "     0.781151018;CPU10;8589;;UNC_M_CAS_COUNT.WR[UNIT4];10316198;100.00;;"
7312 [140042433455808] INFO perfrun.perfcollector <> - PERF_STAT : "     0.781151018;CPU0;190;;UNC_M_CAS_COUNT.WR[UNIT5];10316132;100.00;;"
7312 [140042433455808] INFO perfrun.perfcollector <> - PERF_STAT : "     0.781151018;CPU10;8149;;UNC_M_CAS_COUNT.WR[UNIT5];10316054;100.00;;"
7322 [140042433455808] INFO perfrun.perfcollector <> - PERF_STAT : "     0.791460592;CPU0;140;;UNC_M_CAS_COUNT.RD[UNIT0];10314557;100.00;;"
7322 [140042433455808] INFO perfrun.perfcollector <> - PERF_STAT : "     0.791460592;CPU10;4055;;UNC_M_CAS_COUNT.RD[UNIT0];10283984;100.00;;"
7322 [140042433455808] INFO perfrun.perfcollector <> - PERF_STAT : "     0.791460592;CPU0;222;;UNC_M_CAS_COUNT.RD[UNIT1];10311813;100.00;;"
7322 [140042433455808] INFO perfrun.perfcollector <> - PERF_STAT : "     0.791460592;CPU10;3496;;UNC_M_CAS_COUNT.RD[UNIT1];10283837;100.00;;"
7322 [140042433455808] INFO perfrun.perfcollector <> - PERF_STAT : "     0.791460592;CPU0;120;;UNC_M_CAS_COUNT.RD[UNIT4];10309958;100.00;;"
7322 [140042433455808] INFO perfrun.perfcollector <> - PERF_STAT : "     0.791460592;CPU10;4034;;UNC_M_CAS_COUNT.RD[UNIT4];10283790;100.00;;"
7322 [140042433455808] INFO perfrun.perfcollector <> - PERF_STAT : "     0.791460592;CPU0;227;;UNC_M_CAS_COUNT.RD[UNIT5];10308108;100.00;;"
7322 [140042433455808] INFO perfrun.perfcollector <> - PERF_STAT : "     0.791460592;CPU10;3503;;UNC_M_CAS_COUNT.RD[UNIT5];10283760;100.00;;"
7322 [140042433455808] INFO perfrun.perfcollector <> - PERF_STAT : "     0.791460592;CPU0;36;;UNC_M_CAS_COUNT.WR[UNIT0];10306224;100.00;;"
7322 [140042433455808] INFO perfrun.perfcollector <> - PERF_STAT : "     0.791460592;CPU10;2592;;UNC_M_CAS_COUNT.WR[UNIT0];10283727;100.00;;"
7322 [140042433455808] INFO perfrun.perfcollector <> - PERF_STAT : "     0.791460592;CPU0;113;;UNC_M_CAS_COUNT.WR[UNIT1];10304334;100.00;;"
7322 [140042433455808] INFO perfrun.perfcollector <> - PERF_STAT : "     0.791460592;CPU10;2099;;UNC_M_CAS_COUNT.WR[UNIT1];10283903;100.00;;"
7322 [140042433455808] INFO perfrun.perfcollector <> - PERF_STAT : "     0.791460592;CPU0;25;;UNC_M_CAS_COUNT.WR[UNIT4];10302484;100.00;;"
7322 [140042433455808] INFO perfrun.perfcollector <> - PERF_STAT : "     0.791460592;CPU10;2655;;UNC_M_CAS_COUNT.WR[UNIT4];10283891;100.00;;"
7322 [140042433455808] INFO perfrun.perfcollector <> - PERF_STAT : "     0.791460592;CPU0;111;;UNC_M_CAS_COUNT.WR[UNIT5];10300571;100.00;;"
7322 [140042433455808] INFO perfrun.perfcollector <> - PERF_STAT : "     0.791460592;CPU10;2113;;UNC_M_CAS_COUNT.WR[UNIT5];10283870;100.00;;"
7332 [140042433455808] INFO perfrun.perfcollector <> - PERF_STAT : "     0.801746937;CPU0;1706;;UNC_M_CAS_COUNT.RD[UNIT0];10293298;100.00;;"
7332 [140042433455808] INFO perfrun.perfcollector <> - PERF_STAT : "     0.801746937;CPU10;5089;;UNC_M_CAS_COUNT.RD[UNIT0];10294089;100.00;;"
7332 [140042433455808] INFO perfrun.perfcollector <> - PERF_STAT : "     0.801746937;CPU0;2093;;UNC_M_CAS_COUNT.RD[UNIT1];10293376;100.00;;"
7332 [140042433455808] INFO perfrun.perfcollector <> - PERF_STAT : "     0.801746937;CPU10;4484;;UNC_M_CAS_COUNT.RD[UNIT1];10293923;100.00;;"
7332 [140042433455808] INFO perfrun.perfcollector <> - PERF_STAT : "     0.801746937;CPU0;1723;;UNC_M_CAS_COUNT.RD[UNIT4];10293238;100.00;;"
7332 [140042433455808] INFO perfrun.perfcollector <> - PERF_STAT : "     0.801746937;CPU10;5039;;UNC_M_CAS_COUNT.RD[UNIT4];10294240;100.00;;"
7332 [140042433455808] INFO perfrun.perfcollector <> - PERF_STAT : "     0.801746937;CPU0;2006;;UNC_M_CAS_COUNT.RD[UNIT5];10293330;100.00;;"
7332 [140042433455808] INFO perfrun.perfcollector <> - PERF_STAT : "     0.801746937;CPU10;4434;;UNC_M_CAS_COUNT.RD[UNIT5];10294113;100.00;;"
7332 [140042433455808] INFO perfrun.perfcollector <> - PERF_STAT : "     0.801746937;CPU0;165;;UNC_M_CAS_COUNT.WR[UNIT0];10293335;100.00;;"
7332 [140042433455808] INFO perfrun.perfcollector <> - PERF_STAT : "     0.801746937;CPU10;9529;;UNC_M_CAS_COUNT.WR[UNIT0];10294266;100.00;;"
7332 [140042433455808] INFO perfrun.perfcollector <> - PERF_STAT : "     0.801746937;CPU0;300;;UNC_M_CAS_COUNT.WR[UNIT1];10293495;100.00;;"
7332 [140042433455808] INFO perfrun.perfcollector <> - PERF_STAT : "     0.801746937;CPU10;8829;;UNC_M_CAS_COUNT.WR[UNIT1];10294029;100.00;;"
7332 [140042433455808] INFO perfrun.perfcollector <> - PERF_STAT : "     0.801746937;CPU0;163;;UNC_M_CAS_COUNT.WR[UNIT4];10293470;100.00;;"
7332 [140042433455808] INFO perfrun.perfcollector <> - PERF_STAT : "     0.801746937;CPU10;9377;;UNC_M_CAS_COUNT.WR[UNIT4];10294022;100.00;;"
7332 [140042433455808] INFO perfrun.perfcollector <> - PERF_STAT : "     0.801746937;CPU0;321;;UNC_M_CAS_COUNT.WR[UNIT5];10293432;100.00;;"
7332 [140042433455808] INFO perfrun.perfcollector <> - PERF_STAT : "     0.801746937;CPU10;8901;;UNC_M_CAS_COUNT.WR[UNIT5];10294155;100.00;;"
7343 [140042433455808] INFO perfrun.perfcollector <> - PERF_STAT : "     0.812045507;CPU0;406;;UNC_M_CAS_COUNT.RD[UNIT0];10284387;100.00;;"
7343 [140042433455808] INFO perfrun.perfcollector <> - PERF_STAT : "     0.812045507;CPU10;4805;;UNC_M_CAS_COUNT.RD[UNIT0];10314520;100.00;;"
7343 [140042433455808] INFO perfrun.perfcollector <> - PERF_STAT : "     0.812045507;CPU0;455;;UNC_M_CAS_COUNT.RD[UNIT1];10287045;100.00;;"
7343 [140042433455808] INFO perfrun.perfcollector <> - PERF_STAT : "     0.812045507;CPU10;4230;;UNC_M_CAS_COUNT.RD[UNIT1];10314859;100.00;;"
7343 [140042433455808] INFO perfrun.perfcollector <> - PERF_STAT : "     0.812045507;CPU0;419;;UNC_M_CAS_COUNT.RD[UNIT4];10289086;100.00;;"
7343 [140042433455808] INFO perfrun.perfcollector <> - PERF_STAT : "     0.812045507;CPU10;4751;;UNC_M_CAS_COUNT.RD[UNIT4];10314762;100.00;;"
7343 [140042433455808] INFO perfrun.perfcollector <> - PERF_STAT : "     0.812045507;CPU0;476;;UNC_M_CAS_COUNT.RD[UNIT5];10290867;100.00;;"
7343 [140042433455808] INFO perfrun.perfcollector <> - PERF_STAT : "     0.812045507;CPU10;4170;;UNC_M_CAS_COUNT.RD[UNIT5];10314765;100.00;;"
7343 [140042433455808] INFO perfrun.perfcollector <> - PERF_STAT : "     0.812045507;CPU0;31;;UNC_M_CAS_COUNT.WR[UNIT0];10292699;100.00;;"
7343 [140042433455808] INFO perfrun.perfcollector <> - PERF_STAT : "     0.812045507;CPU10;8267;;UNC_M_CAS_COUNT.WR[UNIT0];10314778;100.00;;"
7343 [140042433455808] INFO perfrun.perfcollector <> - PERF_STAT : "     0.812045507;CPU0;95;;UNC_M_CAS_COUNT.WR[UNIT1];10294412;100.00;;"
7343 [140042433455808] INFO perfrun.perfcollector <> - PERF_STAT : "     0.812045507;CPU10;7712;;UNC_M_CAS_COUNT.WR[UNIT1];10314798;100.00;;"
7343 [140042433455808] INFO perfrun.perfcollector <> - PERF_STAT : "     0.812045507;CPU0;24;;UNC_M_CAS_COUNT.WR[UNIT4];10296254;100.00;;"
7343 [140042433455808] INFO perfrun.perfcollector <> - PERF_STAT : "     0.812045507;CPU10;8343;;UNC_M_CAS_COUNT.WR[UNIT4];10314854;100.00;;"
7343 [140042433455808] INFO perfrun.perfcollector <> - PERF_STAT : "     0.812045507;CPU0;103;;UNC_M_CAS_COUNT.WR[UNIT5];10298231;100.00;;"
7343 [140042433455808] INFO perfrun.perfcollector <> - PERF_STAT : "     0.812045507;CPU10;7715;;UNC_M_CAS_COUNT.WR[UNIT5];10314749;100.00;;"
7353 [140042433455808] INFO perfrun.perfcollector <> - PERF_STAT : "     0.822358929;CPU0;123;;UNC_M_CAS_COUNT.RD[UNIT0];10319208;100.00;;"
7353 [140042433455808] INFO perfrun.perfcollector <> - PERF_STAT : "     0.822358929;CPU10;4160;;UNC_M_CAS_COUNT.RD[UNIT0];10288169;100.00;;"
7353 [140042433455808] INFO perfrun.perfcollector <> - PERF_STAT : "     0.822358929;CPU0;210;;UNC_M_CAS_COUNT.RD[UNIT1];10316414;100.00;;"
7353 [140042433455808] INFO perfrun.perfcollector <> - PERF_STAT : "     0.822358929;CPU10;3599;;UNC_M_CAS_COUNT.RD[UNIT1];10287870;100.00;;"
7353 [140042433455808] INFO perfrun.perfcollector <> - PERF_STAT : "     0.822358929;CPU0;124;;UNC_M_CAS_COUNT.RD[UNIT4];10314381;100.00;;"
7353 [140042433455808] INFO perfrun.perfcollector <> - PERF_STAT : "     0.822358929;CPU10;4154;;UNC_M_CAS_COUNT.RD[UNIT4];10287672;100.00;;"
7353 [140042433455808] INFO perfrun.perfcollector <> - PERF_STAT : "     0.822358929;CPU0;234;;UNC_M_CAS_COUNT.RD[UNIT5];10312502;100.00;;"
7353 [140042433455808] INFO perfrun.perfcollector <> - PERF_STAT : "     0.822358929;CPU10;3600;;UNC_M_CAS_COUNT.RD[UNIT5];10287669;100.00;;"
7353 [140042433455808] INFO perfrun.perfcollector <> - PERF_STAT : "     0.822358929;CPU0;26;;UNC_M_CAS_COUNT.WR[UNIT0];10310674;100.00;;"
7353 [140042433455808] INFO perfrun.perfcollector <> - PERF_STAT : "     0.822358929;CPU10;8006;;UNC_M_CAS_COUNT.WR[UNIT0];10287496;100.00;;"
7353 [140042433455808] INFO perfrun.perfcollector <> - PERF_STAT : "     0.822358929;CPU0;100;;UNC_M_CAS_COUNT.WR[UNIT1];10308807;100.00;;"
7353 [140042433455808] INFO perfrun.perfcollector <> - PERF_STAT : "     0.822358929;CPU10;7482;;UNC_M_CAS_COUNT.WR[UNIT1];10287485;100.00;;"
7353 [140042433455808] INFO perfrun.perfcollector <> - PERF_STAT : "     0.822358929;CPU0;19;;UNC_M_CAS_COUNT.WR[UNIT4];10306953;100.00;;"
7353 [140042433455808] INFO perfrun.perfcollector <> - PERF_STAT : "     0.822358929;CPU10;8060;;UNC_M_CAS_COUNT.WR[UNIT4];10287441;100.00;;"
7353 [140042433455808] INFO perfrun.perfcollector <> - PERF_STAT : "     0.822358929;CPU0;106;;UNC_M_CAS_COUNT.WR[UNIT5];10304994;100.00;;"
7353 [140042433455808] INFO perfrun.perfcollector <> - PERF_STAT : "     0.822358929;CPU10;7283;;UNC_M_CAS_COUNT.WR[UNIT5];10287412;100.00;;"
7363 [140042433455808] INFO perfrun.perfcollector <> - PERF_STAT : "     0.832642376;CPU0;462;;UNC_M_CAS_COUNT.RD[UNIT0];10277893;100.00;;"
7363 [140042433455808] INFO perfrun.perfcollector <> - PERF_STAT : "     0.832642376;CPU10;4368;;UNC_M_CAS_COUNT.RD[UNIT0];10309281;100.00;;"
7363 [140042433455808] INFO perfrun.perfcollector <> - PERF_STAT : "     0.832642376;CPU0;500;;UNC_M_CAS_COUNT.RD[UNIT1];10280665;100.00;;"
7363 [140042433455808] INFO perfrun.perfcollector <> - PERF_STAT : "     0.832642376;CPU10;3755;;UNC_M_CAS_COUNT.RD[UNIT1];10309353;100.00;;"
7363 [140042433455808] INFO perfrun.perfcollector <> - PERF_STAT : "     0.832642376;CPU0;441;;UNC_M_CAS_COUNT.RD[UNIT4];10282744;100.00;;"
7363 [140042433455808] INFO perfrun.perfcollector <> - PERF_STAT : "     0.832642376;CPU10;4371;;UNC_M_CAS_COUNT.RD[UNIT4];10309534;100.00;;"
7363 [140042433455808] INFO perfrun.perfcollector <> - PERF_STAT : "     0.832642376;CPU0;508;;UNC_M_CAS_COUNT.RD[UNIT5];10284861;100.00;;"
7363 [140042433455808] INFO perfrun.perfcollector <> - PERF_STAT : "     0.832642376;CPU10;3801;;UNC_M_CAS_COUNT.RD[UNIT5];10309654;100.00;;"
7363 [140042433455808] INFO perfrun.perfcollector <> - PERF_STAT : "     0.832642376;CPU0;21;;UNC_M_CAS_COUNT.WR[UNIT0];10286688;100.00;;"
7363 [140042433455808] INFO perfrun.perfcollector <> - PERF_STAT : "     0.832642376;CPU10;3248;;UNC_M_CAS_COUNT.WR[UNIT0];10309941;100.00;;"
7363 [140042433455808] INFO perfrun.perfcollector <> - PERF_STAT : "     0.832642376;CPU0;80;;UNC_M_CAS_COUNT.WR[UNIT1];10288549;100.00;;"
7363 [140042433455808] INFO perfrun.perfcollector <> - PERF_STAT : "     0.832642376;CPU10;2716;;UNC_M_CAS_COUNT.WR[UNIT1];10309947;100.00;;"
7363 [140042433455808] INFO perfrun.perfcollector <> - PERF_STAT : "     0.832642376;CPU0;17;;UNC_M_CAS_COUNT.WR[UNIT4];10290459;100.00;;"
7363 [140042433455808] INFO perfrun.perfcollector <> - PERF_STAT : "     0.832642376;CPU10;3264;;UNC_M_CAS_COUNT.WR[UNIT4];10309948;100.00;;"
7363 [140042433455808] INFO perfrun.perfcollector <> - PERF_STAT : "     0.832642376;CPU0;83;;UNC_M_CAS_COUNT.WR[UNIT5];10292335;100.00;;"
7363 [140042433455808] INFO perfrun.perfcollector <> - PERF_STAT : "     0.832642376;CPU10;2722;;UNC_M_CAS_COUNT.WR[UNIT5];10309981;100.00;;"
7373 [140042433455808] INFO perfrun.perfcollector <> - PERF_STAT : "     0.842960813;CPU0;214;;UNC_M_CAS_COUNT.RD[UNIT0];10320555;100.00;;"
7374 [140042433455808] INFO perfrun.perfcollector <> - PERF_STAT : "     0.842960813;CPU10;4450;;UNC_M_CAS_COUNT.RD[UNIT0];10320931;100.00;;"
7374 [140042433455808] INFO perfrun.perfcollector <> - PERF_STAT : "     0.842960813;CPU0;253;;UNC_M_CAS_COUNT.RD[UNIT1];10320581;100.00;;"
7374 [140042433455808] INFO perfrun.perfcollector <> - PERF_STAT : "     0.842960813;CPU10;3896;;UNC_M_CAS_COUNT.RD[UNIT1];10320897;100.00;;"
7374 [140042433455808] INFO perfrun.perfcollector <> - PERF_STAT : "     0.842960813;CPU0;215;;UNC_M_CAS_COUNT.RD[UNIT4];10320541;100.00;;"
7374 [140042433455808] INFO perfrun.perfcollector <> - PERF_STAT : "     0.842960813;CPU10;4474;;UNC_M_CAS_COUNT.RD[UNIT4];10320828;100.00;;"
7374 [140042433455808] INFO perfrun.perfcollector <> - PERF_STAT : "     0.842960813;CPU0;283;;UNC_M_CAS_COUNT.RD[UNIT5];10320364;100.00;;"
7374 [140042433455808] INFO perfrun.perfcollector <> - PERF_STAT : "     0.842960813;CPU10;3900;;UNC_M_CAS_COUNT.RD[UNIT5];10320699;100.00;;"
7374 [140042433455808] INFO perfrun.perfcollector <> - PERF_STAT : "     0.842960813;CPU0;38;;UNC_M_CAS_COUNT.WR[UNIT0];10320388;100.00;;"
7374 [140042433455808] INFO perfrun.perfcollector <> - PERF_STAT : "     0.842960813;CPU10;8300;;UNC_M_CAS_COUNT.WR[UNIT0];10329913;100.00;;"
7374 [140042433455808] INFO perfrun.perfcollector <> - PERF_STAT : "     0.842960813;CPU0;79;;UNC_M_CAS_COUNT.WR[UNIT1];10320367;100.00;;"
7374 [140042433455808] INFO perfrun.perfcollector <> - PERF_STAT : "     0.842960813;CPU10;7728;;UNC_M_CAS_COUNT.WR[UNIT1];10329986;100.00;;"
7374 [140042433455808] INFO perfrun.perfcollector <> - PERF_STAT : "     0.842960813;CPU0;24;;UNC_M_CAS_COUNT.WR[UNIT4];10320428;100.00;;"
7374 [140042433455808] INFO perfrun.perfcollector <> - PERF_STAT : "     0.842960813;CPU10;8297;;UNC_M_CAS_COUNT.WR[UNIT4];10329994;100.00;;"
7374 [140042433455808] INFO perfrun.perfcollector <> - PERF_STAT : "     0.842960813;CPU0;75;;UNC_M_CAS_COUNT.WR[UNIT5];10320428;100.00;;"
7374 [140042433455808] INFO perfrun.perfcollector <> - PERF_STAT : "     0.842960813;CPU10;7823;;UNC_M_CAS_COUNT.WR[UNIT5];10329968;100.00;;"
7384 [140042433455808] INFO perfrun.perfcollector <> - PERF_STAT : "     0.853285061;CPU0;187;;UNC_M_CAS_COUNT.RD[UNIT0];10317562;100.00;;"
7384 [140042433455808] INFO perfrun.perfcollector <> - PERF_STAT : "     0.853285061;CPU10;4208;;UNC_M_CAS_COUNT.RD[UNIT0];10316845;100.00;;"
7384 [140042433455808] INFO perfrun.perfcollector <> - PERF_STAT : "     0.853285061;CPU0;229;;UNC_M_CAS_COUNT.RD[UNIT1];10317742;100.00;;"
7384 [140042433455808] INFO perfrun.perfcollector <> - PERF_STAT : "     0.853285061;CPU10;3646;;UNC_M_CAS_COUNT.RD[UNIT1];10316864;100.00;;"
7384 [140042433455808] INFO perfrun.perfcollector <> - PERF_STAT : "     0.853285061;CPU0;175;;UNC_M_CAS_COUNT.RD[UNIT4];10317783;100.00;;"
7384 [140042433455808] INFO perfrun.perfcollector <> - PERF_STAT : "     0.853285061;CPU10;4214;;UNC_M_CAS_COUNT.RD[UNIT4];10316858;100.00;;"
7384 [140042433455808] INFO perfrun.perfcollector <> - PERF_STAT : "     0.853285061;CPU0;264;;UNC_M_CAS_COUNT.RD[UNIT5];10317805;100.00;;"
7384 [140042433455808] INFO perfrun.perfcollector <> - PERF_STAT : "     0.853285061;CPU10;3633;;UNC_M_CAS_COUNT.RD[UNIT5];10317006;100.00;;"
7384 [140042433455808] INFO perfrun.perfcollector <> - PERF_STAT : "     0.853285061;CPU0;51;;UNC_M_CAS_COUNT.WR[UNIT0];10317822;100.00;;"
7384 [140042433455808] INFO perfrun.perfcollector <> - PERF_STAT : "     0.853285061;CPU10;7723;;UNC_M_CAS_COUNT.WR[UNIT0];10307865;100.00;;"
7384 [140042433455808] INFO perfrun.perfcollector <> - PERF_STAT : "     0.853285061;CPU0;88;;UNC_M_CAS_COUNT.WR[UNIT1];10317839;100.00;;"
7384 [140042433455808] INFO perfrun.perfcollector <> - PERF_STAT : "     0.853285061;CPU10;7260;;UNC_M_CAS_COUNT.WR[UNIT1];10307802;100.00;;"
7384 [140042433455808] INFO perfrun.perfcollector <> - PERF_STAT : "     0.853285061;CPU0;59;;UNC_M_CAS_COUNT.WR[UNIT4];10317736;100.00;;"
7384 [140042433455808] INFO perfrun.perfcollector <> - PERF_STAT : "     0.853285061;CPU10;7725;;UNC_M_CAS_COUNT.WR[UNIT4];10307802;100.00;;"
7384 [140042433455808] INFO perfrun.perfcollector <> - PERF_STAT : "     0.853285061;CPU0;113;;UNC_M_CAS_COUNT.WR[UNIT5];10317705;100.00;;"
7384 [140042433455808] INFO perfrun.perfcollector <> - PERF_STAT : "     0.853285061;CPU10;7270;;UNC_M_CAS_COUNT.WR[UNIT5];10307828;100.00;;"
7394 [140042433455808] INFO perfrun.perfcollector <> - PERF_STAT : "     0.863592734;CPU0;101;;UNC_M_CAS_COUNT.RD[UNIT0];10307551;100.00;;"
7394 [140042433455808] INFO perfrun.perfcollector <> - PERF_STAT : "     0.863592734;CPU10;4334;;UNC_M_CAS_COUNT.RD[UNIT0];10309141;100.00;;"
7394 [140042433455808] INFO perfrun.perfcollector <> - PERF_STAT : "     0.863592734;CPU0;137;;UNC_M_CAS_COUNT.RD[UNIT1];10307488;100.00;;"
7394 [140042433455808] INFO perfrun.perfcollector <> - PERF_STAT : "     0.863592734;CPU10;3784;;UNC_M_CAS_COUNT.RD[UNIT1];10309145;100.00;;"
7394 [140042433455808] INFO perfrun.perfcollector <> - PERF_STAT : "     0.863592734;CPU0;101;;UNC_M_CAS_COUNT.RD[UNIT4];10307360;100.00;;"
7394 [140042433455808] INFO perfrun.perfcollector <> - PERF_STAT : "     0.863592734;CPU10;4332;;UNC_M_CAS_COUNT.RD[UNIT4];10309185;100.00;;"
7394 [140042433455808] INFO perfrun.perfcollector <> - PERF_STAT : "     0.863592734;CPU0;148;;UNC_M_CAS_COUNT.RD[UNIT5];10307341;100.00;;"
7394 [140042433455808] INFO perfrun.perfcollector <> - PERF_STAT : "     0.863592734;CPU10;3784;;UNC_M_CAS_COUNT.RD[UNIT5];10309065;100.00;;"
7394 [140042433455808] INFO perfrun.perfcollector <> - PERF_STAT : "     0.863592734;CPU0;31;;UNC_M_CAS_COUNT.WR[UNIT0];10307308;100.00;;"
7394 [140042433455808] INFO perfrun.perfcollector <> - PERF_STAT : "     0.863592734;CPU10;7873;;UNC_M_CAS_COUNT.WR[UNIT0];10308740;100.00;;"
7394 [140042433455808] INFO perfrun.perfcollector <> - PERF_STAT : "     0.863592734;CPU0;57;;UNC_M_CAS_COUNT.WR[UNIT1];10307304;100.00;;"
7394 [140042433455808] INFO perfrun.perfcollector <> - PERF_STAT : "     0.863592734;CPU10;7354;;UNC_M_CAS_COUNT.WR[UNIT1];10308908;100.00;;"
7394 [140042433455808] INFO perfrun.perfcollector <> - PERF_STAT : "     0.863592734;CPU0;46;;UNC_M_CAS_COUNT.WR[UNIT4];10307300;100.00;;"
7394 [140042433455808] INFO perfrun.perfcollector <> - PERF_STAT : "     0.863592734;CPU10;7777;;UNC_M_CAS_COUNT.WR[UNIT4];10308901;100.00;;"
7394 [140042433455808] INFO perfrun.perfcollector <> - PERF_STAT : "     0.863592734;CPU0;64;;UNC_M_CAS_COUNT.WR[UNIT5];10307281;100.00;;"
7394 [140042433455808] INFO perfrun.perfcollector <> - PERF_STAT : "     0.863592734;CPU10;7443;;UNC_M_CAS_COUNT.WR[UNIT5];10308889;100.00;;"
7404 [140042433455808] INFO perfrun.perfcollector <> - PERF_STAT : "     0.873902221;CPU0;97;;UNC_M_CAS_COUNT.RD[UNIT0];10309964;100.00;;"
7404 [140042433455808] INFO perfrun.perfcollector <> - PERF_STAT : "     0.873902221;CPU10;4085;;UNC_M_CAS_COUNT.RD[UNIT0];10308298;100.00;;"
7404 [140042433455808] INFO perfrun.perfcollector <> - PERF_STAT : "     0.873902221;CPU0;131;;UNC_M_CAS_COUNT.RD[UNIT1];10309867;100.00;;"
7404 [140042433455808] INFO perfrun.perfcollector <> - PERF_STAT : "     0.873902221;CPU10;3532;;UNC_M_CAS_COUNT.RD[UNIT1];10308250;100.00;;"
7404 [140042433455808] INFO perfrun.perfcollector <> - PERF_STAT : "     0.873902221;CPU0;96;;UNC_M_CAS_COUNT.RD[UNIT4];10309915;100.00;;"
7405 [140042433455808] INFO perfrun.perfcollector <> - PERF_STAT : "     0.873902221;CPU10;4086;;UNC_M_CAS_COUNT.RD[UNIT4];10308152;100.00;;"
7405 [140042433455808] INFO perfrun.perfcollector <> - PERF_STAT : "     0.873902221;CPU0;139;;UNC_M_CAS_COUNT.RD[UNIT5];10309867;100.00;;"
7405 [140042433455808] INFO perfrun.perfcollector <> - PERF_STAT : "     0.873902221;CPU10;3531;;UNC_M_CAS_COUNT.RD[UNIT5];10308146;100.00;;"
7405 [140042433455808] INFO perfrun.perfcollector <> - PERF_STAT : "     0.873902221;CPU0;33;;UNC_M_CAS_COUNT.WR[UNIT0];10309850;100.00;;"
7405 [140042433455808] INFO perfrun.perfcollector <> - PERF_STAT : "     0.873902221;CPU10;2973;;UNC_M_CAS_COUNT.WR[UNIT0];10308146;100.00;;"
7405 [140042433455808] INFO perfrun.perfcollector <> - PERF_STAT : "     0.873902221;CPU0;52;;UNC_M_CAS_COUNT.WR[UNIT1];10309888;100.00;;"
7405 [140042433455808] INFO perfrun.perfcollector <> - PERF_STAT : "     0.873902221;CPU10;2457;;UNC_M_CAS_COUNT.WR[UNIT1];10308145;100.00;;"
7405 [140042433455808] INFO perfrun.perfcollector <> - PERF_STAT : "     0.873902221;CPU0;28;;UNC_M_CAS_COUNT.WR[UNIT4];10310148;100.00;;"
7405 [140042433455808] INFO perfrun.perfcollector <> - PERF_STAT : "     0.873902221;CPU10;2912;;UNC_M_CAS_COUNT.WR[UNIT4];10308147;100.00;;"
7405 [140042433455808] INFO perfrun.perfcollector <> - PERF_STAT : "     0.873902221;CPU0;53;;UNC_M_CAS_COUNT.WR[UNIT5];10310147;100.00;;"
7405 [140042433455808] INFO perfrun.perfcollector <> - PERF_STAT : "     0.873902221;CPU10;2396;;UNC_M_CAS_COUNT.WR[UNIT5];10308155;100.00;;"
7415 [140042433455808] INFO perfrun.perfcollector <> - PERF_STAT : "     0.884216017;CPU0;159;;UNC_M_CAS_COUNT.RD[UNIT0];10312747;100.00;;"
7415 [140042433455808] INFO perfrun.perfcollector <> - PERF_STAT : "     0.884216017;CPU10;4254;;UNC_M_CAS_COUNT.RD[UNIT0];10316996;100.00;;"
7415 [140042433455808] INFO perfrun.perfcollector <> - PERF_STAT : "     0.884216017;CPU0;220;;UNC_M_CAS_COUNT.RD[UNIT1];10312867;100.00;;"
7415 [140042433455808] INFO perfrun.perfcollector <> - PERF_STAT : "     0.884216017;CPU10;3695;;UNC_M_CAS_COUNT.RD[UNIT1];10316982;100.00;;"
7415 [140042433455808] INFO perfrun.perfcollector <> - PERF_STAT : "     0.884216017;CPU0;149;;UNC_M_CAS_COUNT.RD[UNIT4];10312780;100.00;;"
7415 [140042433455808] INFO perfrun.perfcollector <> - PERF_STAT : "     0.884216017;CPU10;4259;;UNC_M_CAS_COUNT.RD[UNIT4];10316911;100.00;;"
7415 [140042433455808] INFO perfrun.perfcollector <> - PERF_STAT : "     0.884216017;CPU0;241;;UNC_M_CAS_COUNT.RD[UNIT5];10312743;100.00;;"
7415 [140042433455808] INFO perfrun.perfcollector <> - PERF_STAT : "     0.884216017;CPU10;3694;;UNC_M_CAS_COUNT.RD[UNIT5];10316891;100.00;;"
7415 [140042433455808] INFO perfrun.perfcollector <> - PERF_STAT : "     0.884216017;CPU0;121;;UNC_M_CAS_COUNT.WR[UNIT0];10312950;100.00;;"
7415 [140042433455808] INFO perfrun.perfcollector <> - PERF_STAT : "     0.884216017;CPU10;7749;;UNC_M_CAS_COUNT.WR[UNIT0];10316870;100.00;;"
7415 [140042433455808] INFO perfrun.perfcollector <> - PERF_STAT : "     0.884216017;CPU0;181;;UNC_M_CAS_COUNT.WR[UNIT1];10312993;100.00;;"
7415 [140042433455808] INFO perfrun.perfcollector <> - PERF_STAT : "     0.884216017;CPU10;7230;;UNC_M_CAS_COUNT.WR[UNIT1];10317075;100.00;;"
7415 [140042433455808] INFO perfrun.perfcollector <> - PERF_STAT : "     0.884216017;CPU0;111;;UNC_M_CAS_COUNT.WR[UNIT4];10312730;100.00;;"
7415 [140042433455808] INFO perfrun.perfcollector <> - PERF_STAT : "     0.884216017;CPU10;7892;;UNC_M_CAS_COUNT.WR[UNIT4];10317058;100.00;;"
7415 [140042433455808] INFO perfrun.perfcollector <> - PERF_STAT : "     0.884216017;CPU0;203;;UNC_M_CAS_COUNT.WR[UNIT5];10312741;100.00;;"
7415 [140042433455808] INFO perfrun.perfcollector <> - PERF_STAT : "     0.884216017;CPU10;7235;;UNC_M_CAS_COUNT.WR[UNIT5];10317036;100.00;;"
7425 [140042433455808] INFO perfrun.perfcollector <> - PERF_STAT : "     0.894528266;CPU0;121;;UNC_M_CAS_COUNT.RD[UNIT0];10311290;100.00;;"
7425 [140042433455808] INFO perfrun.perfcollector <> - PERF_STAT : "     0.894528266;CPU10;4510;;UNC_M_CAS_COUNT.RD[UNIT0];10307005;100.00;;"
7425 [140042433455808] INFO perfrun.perfcollector <> - PERF_STAT : "     0.894528266;CPU0;164;;UNC_M_CAS_COUNT.RD[UNIT1];10311140;100.00;;"
7425 [140042433455808] INFO perfrun.perfcollector <> - PERF_STAT : "     0.894528266;CPU10;3955;;UNC_M_CAS_COUNT.RD[UNIT1];10307067;100.00;;"
7425 [140042433455808] INFO perfrun.perfcollector <> - PERF_STAT : "     0.894528266;CPU0;105;;UNC_M_CAS_COUNT.RD[UNIT4];10311246;100.00;;"
7425 [140042433455808] INFO perfrun.perfcollector <> - PERF_STAT : "     0.894528266;CPU10;4479;;UNC_M_CAS_COUNT.RD[UNIT4];10307845;100.00;;"
7425 [140042433455808] INFO perfrun.perfcollector <> - PERF_STAT : "     0.894528266;CPU0;177;;UNC_M_CAS_COUNT.RD[UNIT5];10311421;100.00;;"
7425 [140042433455808] INFO perfrun.perfcollector <> - PERF_STAT : "     0.894528266;CPU10;3927;;UNC_M_CAS_COUNT.RD[UNIT5];10307870;100.00;;"
7425 [140042433455808] INFO perfrun.perfcollector <> - PERF_STAT : "     0.894528266;CPU0;129;;UNC_M_CAS_COUNT.WR[UNIT0];10311231;100.00;;"
7425 [140042433455808] INFO perfrun.perfcollector <> - PERF_STAT : "     0.894528266;CPU10;6929;;UNC_M_CAS_COUNT.WR[UNIT0];10307877;100.00;;"
7425 [140042433455808] INFO perfrun.perfcollector <> - PERF_STAT : "     0.894528266;CPU0;186;;UNC_M_CAS_COUNT.WR[UNIT1];10311174;100.00;;"
7425 [140042433455808] INFO perfrun.perfcollector <> - PERF_STAT : "     0.894528266;CPU10;6314;;UNC_M_CAS_COUNT.WR[UNIT1];10307640;100.00;;"
7425 [140042433455808] INFO perfrun.perfcollector <> - PERF_STAT : "     0.894528266;CPU0;111;;UNC_M_CAS_COUNT.WR[UNIT4];10311183;100.00;;"
7425 [140042433455808] INFO perfrun.perfcollector <> - PERF_STAT : "     0.894528266;CPU10;7094;;UNC_M_CAS_COUNT.WR[UNIT4];10307665;100.00;;"
7425 [140042433455808] INFO perfrun.perfcollector <> - PERF_STAT : "     0.894528266;CPU0;169;;UNC_M_CAS_COUNT.WR[UNIT5];10311157;100.00;;"
7425 [140042433455808] INFO perfrun.perfcollector <> - PERF_STAT : "     0.894528266;CPU10;6452;;UNC_M_CAS_COUNT.WR[UNIT5];10307835;100.00;;"
7435 [140042433455808] INFO perfrun.perfcollector <> - PERF_STAT : "     0.904836967;CPU0;7527;;UNC_M_CAS_COUNT.RD[UNIT0];10292794;100.00;;"
7435 [140042433455808] INFO perfrun.perfcollector <> - PERF_STAT : "     0.904836967;CPU10;4860;;UNC_M_CAS_COUNT.RD[UNIT0];10264862;100.00;;"
7435 [140042433455808] INFO perfrun.perfcollector <> - PERF_STAT : "     0.904836967;CPU0;7745;;UNC_M_CAS_COUNT.RD[UNIT1];10290275;100.00;;"
7435 [140042433455808] INFO perfrun.perfcollector <> - PERF_STAT : "     0.904836967;CPU10;4279;;UNC_M_CAS_COUNT.RD[UNIT1];10264807;100.00;;"
7435 [140042433455808] INFO perfrun.perfcollector <> - PERF_STAT : "     0.904836967;CPU0;7544;;UNC_M_CAS_COUNT.RD[UNIT4];10288348;100.00;;"
7435 [140042433455808] INFO perfrun.perfcollector <> - PERF_STAT : "     0.904836967;CPU10;4837;;UNC_M_CAS_COUNT.RD[UNIT4];10264419;100.00;;"
7435 [140042433455808] INFO perfrun.perfcollector <> - PERF_STAT : "     0.904836967;CPU0;7823;;UNC_M_CAS_COUNT.RD[UNIT5];10286570;100.00;;"
7435 [140042433455808] INFO perfrun.perfcollector <> - PERF_STAT : "     0.904836967;CPU10;4288;;UNC_M_CAS_COUNT.RD[UNIT5];10264651;100.00;;"
7435 [140042433455808] INFO perfrun.perfcollector <> - PERF_STAT : "     0.904836967;CPU0;4036;;UNC_M_CAS_COUNT.WR[UNIT0];10284825;100.00;;"
7435 [140042433455808] INFO perfrun.perfcollector <> - PERF_STAT : "     0.904836967;CPU10;7501;;UNC_M_CAS_COUNT.WR[UNIT0];10264625;100.00;;"
7435 [140042433455808] INFO perfrun.perfcollector <> - PERF_STAT : "     0.904836967;CPU0;4203;;UNC_M_CAS_COUNT.WR[UNIT1];10283153;100.00;;"
7435 [140042433455808] INFO perfrun.perfcollector <> - PERF_STAT : "     0.904836967;CPU10;6782;;UNC_M_CAS_COUNT.WR[UNIT1];10264449;100.00;;"
7435 [140042433455808] INFO perfrun.perfcollector <> - PERF_STAT : "     0.904836967;CPU0;3917;;UNC_M_CAS_COUNT.WR[UNIT4];10281377;100.00;;"
7435 [140042433455808] INFO perfrun.perfcollector <> - PERF_STAT : "     0.904836967;CPU10;7217;;UNC_M_CAS_COUNT.WR[UNIT4];10264412;100.00;;"
7436 [140042433455808] INFO perfrun.perfcollector <> - PERF_STAT : "     0.904836967;CPU0;4299;;UNC_M_CAS_COUNT.WR[UNIT5];10279663;100.00;;"
7436 [140042433455808] INFO perfrun.perfcollector <> - PERF_STAT : "     0.904836967;CPU10;6772;;UNC_M_CAS_COUNT.WR[UNIT5];10264246;100.00;;"
7446 [140042433455808] INFO perfrun.perfcollector <> - PERF_STAT : "     0.915105590;CPU0;11259;;UNC_M_CAS_COUNT.RD[UNIT0];10266798;100.00;;"
7446 [140042433455808] INFO perfrun.perfcollector <> - PERF_STAT : "     0.915105590;CPU10;7421;;UNC_M_CAS_COUNT.RD[UNIT0];10264201;100.00;;"
7446 [140042433455808] INFO perfrun.perfcollector <> - PERF_STAT : "     0.915105590;CPU0;11839;;UNC_M_CAS_COUNT.RD[UNIT1];10267008;100.00;;"
7446 [140042433455808] INFO perfrun.perfcollector <> - PERF_STAT : "     0.915105590;CPU10;6862;;UNC_M_CAS_COUNT.RD[UNIT1];10264117;100.00;;"
7446 [140042433455808] INFO perfrun.perfcollector <> - PERF_STAT : "     0.915105590;CPU0;11133;;UNC_M_CAS_COUNT.RD[UNIT4];10267070;100.00;;"
7446 [140042433455808] INFO perfrun.perfcollector <> - PERF_STAT : "     0.915105590;CPU10;7477;;UNC_M_CAS_COUNT.RD[UNIT4];10263704;100.00;;"
7446 [140042433455808] INFO perfrun.perfcollector <> - PERF_STAT : "     0.915105590;CPU0;11833;;UNC_M_CAS_COUNT.RD[UNIT5];10266913;100.00;;"
7446 [140042433455808] INFO perfrun.perfcollector <> - PERF_STAT : "     0.915105590;CPU10;6907;;UNC_M_CAS_COUNT.RD[UNIT5];10263453;100.00;;"
7446 [140042433455808] INFO perfrun.perfcollector <> - PERF_STAT : "     0.915105590;CPU0;6945;;UNC_M_CAS_COUNT.WR[UNIT0];10267005;100.00;;"
7446 [140042433455808] INFO perfrun.perfcollector <> - PERF_STAT : "     0.915105590;CPU10;14814;;UNC_M_CAS_COUNT.WR[UNIT0];10263439;100.00;;"
7446 [140042433455808] INFO perfrun.perfcollector <> - PERF_STAT : "     0.915105590;CPU0;7527;;UNC_M_CAS_COUNT.WR[UNIT1];10266935;100.00;;"
7446 [140042433455808] INFO perfrun.perfcollector <> - PERF_STAT : "     0.915105590;CPU10;14438;;UNC_M_CAS_COUNT.WR[UNIT1];10263444;100.00;;"
7446 [140042433455808] INFO perfrun.perfcollector <> - PERF_STAT : "     0.915105590;CPU0;6836;;UNC_M_CAS_COUNT.WR[UNIT4];10266956;100.00;;"
7446 [140042433455808] INFO perfrun.perfcollector <> - PERF_STAT : "     0.915105590;CPU10;14777;;UNC_M_CAS_COUNT.WR[UNIT4];10263458;100.00;;"
7446 [140042433455808] INFO perfrun.perfcollector <> - PERF_STAT : "     0.915105590;CPU0;7593;;UNC_M_CAS_COUNT.WR[UNIT5];10267025;100.00;;"
7446 [140042433455808] INFO perfrun.perfcollector <> - PERF_STAT : "     0.915105590;CPU10;14199;;UNC_M_CAS_COUNT.WR[UNIT5];10263425;100.00;;"
7456 [140042433455808] INFO perfrun.perfcollector <> - PERF_STAT : "     0.925367354;CPU0;7239;;UNC_M_CAS_COUNT.RD[UNIT0];10255381;100.00;;"
7456 [140042433455808] INFO perfrun.perfcollector <> - PERF_STAT : "     0.925367354;CPU10;5501;;UNC_M_CAS_COUNT.RD[UNIT0];10253533;100.00;;"
7456 [140042433455808] INFO perfrun.perfcollector <> - PERF_STAT : "     0.925367354;CPU0;7868;;UNC_M_CAS_COUNT.RD[UNIT1];10254960;100.00;;"
7456 [140042433455808] INFO perfrun.perfcollector <> - PERF_STAT : "     0.925367354;CPU10;4889;;UNC_M_CAS_COUNT.RD[UNIT1];10253521;100.00;;"
7456 [140042433455808] INFO perfrun.perfcollector <> - PERF_STAT : "     0.925367354;CPU0;7305;;UNC_M_CAS_COUNT.RD[UNIT4];10254953;100.00;;"
7456 [140042433455808] INFO perfrun.perfcollector <> - PERF_STAT : "     0.925367354;CPU10;5500;;UNC_M_CAS_COUNT.RD[UNIT4];10253490;100.00;;"
7456 [140042433455808] INFO perfrun.perfcollector <> - PERF_STAT : "     0.925367354;CPU0;7772;;UNC_M_CAS_COUNT.RD[UNIT5];10254750;100.00;;"
7456 [140042433455808] INFO perfrun.perfcollector <> - PERF_STAT : "     0.925367354;CPU10;4901;;UNC_M_CAS_COUNT.RD[UNIT5];10253578;100.00;;"
7456 [140042433455808] INFO perfrun.perfcollector <> - PERF_STAT : "     0.925367354;CPU0;3823;;UNC_M_CAS_COUNT.WR[UNIT0];10254442;100.00;;"
7456 [140042433455808] INFO perfrun.perfcollector <> - PERF_STAT : "     0.925367354;CPU10;6865;;UNC_M_CAS_COUNT.WR[UNIT0];10253569;100.00;;"
7456 [140042433455808] INFO perfrun.perfcollector <> - PERF_STAT : "     0.925367354;CPU0;4427;;UNC_M_CAS_COUNT.WR[UNIT1];10254169;100.00;;"
7456 [140042433455808] INFO perfrun.perfcollector <> - PERF_STAT : "     0.925367354;CPU10;6357;;UNC_M_CAS_COUNT.WR[UNIT1];10253509;100.00;;"
7456 [140042433455808] INFO perfrun.perfcollector <> - PERF_STAT : "     0.925367354;CPU0;3901;;UNC_M_CAS_COUNT.WR[UNIT4];10253954;100.00;;"
7456 [140042433455808] INFO perfrun.perfcollector <> - PERF_STAT : "     0.925367354;CPU10;6886;;UNC_M_CAS_COUNT.WR[UNIT4];10253485;100.00;;"
7456 [140042433455808] INFO perfrun.perfcollector <> - PERF_STAT : "     0.925367354;CPU0;4363;;UNC_M_CAS_COUNT.WR[UNIT5];10253717;100.00;;"
7456 [140042433455808] INFO perfrun.perfcollector <> - PERF_STAT : "     0.925367354;CPU10;6331;;UNC_M_CAS_COUNT.WR[UNIT5];10253605;100.00;;"
7466 [140042433455808] INFO perfrun.perfcollector <> - PERF_STAT : "     0.935621894;CPU0;13246;;UNC_M_CAS_COUNT.RD[UNIT0];10251637;100.00;;"
7466 [140042433455808] INFO perfrun.perfcollector <> - PERF_STAT : "     0.935621894;CPU10;5635;;UNC_M_CAS_COUNT.RD[UNIT0];10249170;100.00;;"
7466 [140042433455808] INFO perfrun.perfcollector <> - PERF_STAT : "     0.935621894;CPU0;13665;;UNC_M_CAS_COUNT.RD[UNIT1];10251250;100.00;;"
7466 [140042433455808] INFO perfrun.perfcollector <> - PERF_STAT : "     0.935621894;CPU10;5094;;UNC_M_CAS_COUNT.RD[UNIT1];10249481;100.00;;"
7466 [140042433455808] INFO perfrun.perfcollector <> - PERF_STAT : "     0.935621894;CPU0;13139;;UNC_M_CAS_COUNT.RD[UNIT4];10251018;100.00;;"
7466 [140042433455808] INFO perfrun.perfcollector <> - PERF_STAT : "     0.935621894;CPU10;5621;;UNC_M_CAS_COUNT.RD[UNIT4];10249467;100.00;;"
7466 [140042433455808] INFO perfrun.perfcollector <> - PERF_STAT : "     0.935621894;CPU0;13744;;UNC_M_CAS_COUNT.RD[UNIT5];10251017;100.00;;"
7466 [140042433455808] INFO perfrun.perfcollector <> - PERF_STAT : "     0.935621894;CPU10;5031;;UNC_M_CAS_COUNT.RD[UNIT5];10249458;100.00;;"
7466 [140042433455808] INFO perfrun.perfcollector <> - PERF_STAT : "     0.935621894;CPU0;6790;;UNC_M_CAS_COUNT.WR[UNIT0];10250966;100.00;;"
7466 [140042433455808] INFO perfrun.perfcollector <> - PERF_STAT : "     0.935621894;CPU10;13615;;UNC_M_CAS_COUNT.WR[UNIT0];10249441;100.00;;"
7466 [140042433455808] INFO perfrun.perfcollector <> - PERF_STAT : "     0.935621894;CPU0;7368;;UNC_M_CAS_COUNT.WR[UNIT1];10250915;100.00;;"
7466 [140042433455808] INFO perfrun.perfcollector <> - PERF_STAT : "     0.935621894;CPU10;13057;;UNC_M_CAS_COUNT.WR[UNIT1];10249435;100.00;;"
7466 [140042433455808] INFO perfrun.perfcollector <> - PERF_STAT : "     0.935621894;CPU0;6890;;UNC_M_CAS_COUNT.WR[UNIT4];10250875;100.00;;"
7466 [140042433455808] INFO perfrun.perfcollector <> - PERF_STAT : "     0.935621894;CPU10;13638;;UNC_M_CAS_COUNT.WR[UNIT4];10249422;100.00;;"
7466 [140042433455808] INFO perfrun.perfcollector <> - PERF_STAT : "     0.935621894;CPU0;7373;;UNC_M_CAS_COUNT.WR[UNIT5];10250800;100.00;;"
7466 [140042433455808] INFO perfrun.perfcollector <> - PERF_STAT : "     0.935621894;CPU10;13328;;UNC_M_CAS_COUNT.WR[UNIT5];10249255;100.00;;"
7476 [140042433455808] INFO perfrun.perfcollector <> - PERF_STAT : "     0.945871713;CPU0;4083;;UNC_M_CAS_COUNT.RD[UNIT0];10254875;100.00;;"
7476 [140042433455808] INFO perfrun.perfcollector <> - PERF_STAT : "     0.945871713;CPU10;6315;;UNC_M_CAS_COUNT.RD[UNIT0];10256111;100.00;;"
7476 [140042433455808] INFO perfrun.perfcollector <> - PERF_STAT : "     0.945871713;CPU0;4556;;UNC_M_CAS_COUNT.RD[UNIT1];10255002;100.00;;"
7476 [140042433455808] INFO perfrun.perfcollector <> - PERF_STAT : "     0.945871713;CPU10;5782;;UNC_M_CAS_COUNT.RD[UNIT1];10256071;100.00;;"
7476 [140042433455808] INFO perfrun.perfcollector <> - PERF_STAT : "     0.945871713;CPU0;4125;;UNC_M_CAS_COUNT.RD[UNIT4];10254920;100.00;;"
7476 [140042433455808] INFO perfrun.perfcollector <> - PERF_STAT : "     0.945871713;CPU10;6245;;UNC_M_CAS_COUNT.RD[UNIT4];10256155;100.00;;"
7476 [140042433455808] INFO perfrun.perfcollector <> - PERF_STAT : "     0.945871713;CPU0;4652;;UNC_M_CAS_COUNT.RD[UNIT5];10254917;100.00;;"
7476 [140042433455808] INFO perfrun.perfcollector <> - PERF_STAT : "     0.945871713;CPU10;5593;;UNC_M_CAS_COUNT.RD[UNIT5];10256187;100.00;;"
7476 [140042433455808] INFO perfrun.perfcollector <> - PERF_STAT : "     0.945871713;CPU0;2877;;UNC_M_CAS_COUNT.WR[UNIT0];10254936;100.00;;"
7476 [140042433455808] INFO perfrun.perfcollector <> - PERF_STAT : "     0.945871713;CPU10;10601;;UNC_M_CAS_COUNT.WR[UNIT0];10256258;100.00;;"
7476 [140042433455808] INFO perfrun.perfcollector <> - PERF_STAT : "     0.945871713;CPU0;3414;;UNC_M_CAS_COUNT.WR[UNIT1];10254985;100.00;;"
7476 [140042433455808] INFO perfrun.perfcollector <> - PERF_STAT : "     0.945871713;CPU10;10019;;UNC_M_CAS_COUNT.WR[UNIT1];10256395;100.00;;"
7477 [140042433455808] INFO perfrun.perfcollector <> - PERF_STAT : "     0.945871713;CPU0;2821;;UNC_M_CAS_COUNT.WR[UNIT4];10255481;100.00;;"
7477 [140042433455808] INFO perfrun.perfcollector <> - PERF_STAT : "     0.945871713;CPU10;10786;;UNC_M_CAS_COUNT.WR[UNIT4];10256478;100.00;;"
7477 [140042433455808] INFO perfrun.perfcollector <> - PERF_STAT : "     0.945871713;CPU0;3387;;UNC_M_CAS_COUNT.WR[UNIT5];10255563;100.00;;"
7477 [140042433455808] INFO perfrun.perfcollector <> - PERF_STAT : "     0.945871713;CPU10;10051;;UNC_M_CAS_COUNT.WR[UNIT5];10256558;100.00;;"
7487 [140042433455808] INFO perfrun.perfcollector <> - PERF_STAT : "     0.956132853;CPU0;1512;;UNC_M_CAS_COUNT.RD[UNIT0];10279920;100.00;;"
7487 [140042433455808] INFO perfrun.perfcollector <> - PERF_STAT : "     0.956132853;CPU10;4822;;UNC_M_CAS_COUNT.RD[UNIT0];10279509;100.00;;"
7487 [140042433455808] INFO perfrun.perfcollector <> - PERF_STAT : "     0.956132853;CPU0;2222;;UNC_M_CAS_COUNT.RD[UNIT1];10279781;100.00;;"
7487 [140042433455808] INFO perfrun.perfcollector <> - PERF_STAT : "     0.956132853;CPU10;4266;;UNC_M_CAS_COUNT.RD[UNIT1];10279607;100.00;;"
7487 [140042433455808] INFO perfrun.perfcollector <> - PERF_STAT : "     0.956132853;CPU0;1582;;UNC_M_CAS_COUNT.RD[UNIT4];10279785;100.00;;"
7487 [140042433455808] INFO perfrun.perfcollector <> - PERF_STAT : "     0.956132853;CPU10;5258;;UNC_M_CAS_COUNT.RD[UNIT4];10279752;100.00;;"
7487 [140042433455808] INFO perfrun.perfcollector <> - PERF_STAT : "     0.956132853;CPU0;2216;;UNC_M_CAS_COUNT.RD[UNIT5];10279928;100.00;;"
7487 [140042433455808] INFO perfrun.perfcollector <> - PERF_STAT : "     0.956132853;CPU10;3994;;UNC_M_CAS_COUNT.RD[UNIT5];10279776;100.00;;"
7487 [140042433455808] INFO perfrun.perfcollector <> - PERF_STAT : "     0.956132853;CPU0;521;;UNC_M_CAS_COUNT.WR[UNIT0];10279949;100.00;;"
7487 [140042433455808] INFO perfrun.perfcollector <> - PERF_STAT : "     0.956132853;CPU10;3175;;UNC_M_CAS_COUNT.WR[UNIT0];10279791;100.00;;"
7487 [140042433455808] INFO perfrun.perfcollector <> - PERF_STAT : "     0.956132853;CPU0;1022;;UNC_M_CAS_COUNT.WR[UNIT1];10280243;100.00;;"
7487 [140042433455808] INFO perfrun.perfcollector <> - PERF_STAT : "     0.956132853;CPU10;2586;;UNC_M_CAS_COUNT.WR[UNIT1];10279720;100.00;;"
7487 [140042433455808] INFO perfrun.perfcollector <> - PERF_STAT : "     0.956132853;CPU0;496;;UNC_M_CAS_COUNT.WR[UNIT4];10279778;100.00;;"
7487 [140042433455808] INFO perfrun.perfcollector <> - PERF_STAT : "     0.956132853;CPU10;3197;;UNC_M_CAS_COUNT.WR[UNIT4];10279791;100.00;;"
7487 [140042433455808] INFO perfrun.perfcollector <> - PERF_STAT : "     0.956132853;CPU0;970;;UNC_M_CAS_COUNT.WR[UNIT5];10279702;100.00;;"
7487 [140042433455808] INFO perfrun.perfcollector <> - PERF_STAT : "     0.956132853;CPU10;2490;;UNC_M_CAS_COUNT.WR[UNIT5];10279794;100.00;;"
7497 [140042433455808] INFO perfrun.perfcollector <> - PERF_STAT : "     0.966415860;CPU0;2823;;UNC_M_CAS_COUNT.RD[UNIT0];10277637;100.00;;"
7497 [140042433455808] INFO perfrun.perfcollector <> - PERF_STAT : "     0.966415860;CPU10;5508;;UNC_M_CAS_COUNT.RD[UNIT0];10307517;100.00;;"
7497 [140042433455808] INFO perfrun.perfcollector <> - PERF_STAT : "     0.966415860;CPU0;3309;;UNC_M_CAS_COUNT.RD[UNIT1];10280529;100.00;;"
7497 [140042433455808] INFO perfrun.perfcollector <> - PERF_STAT : "     0.966415860;CPU10;4915;;UNC_M_CAS_COUNT.RD[UNIT1];10307329;100.00;;"
7497 [140042433455808] INFO perfrun.perfcollector <> - PERF_STAT : "     0.966415860;CPU0;2777;;UNC_M_CAS_COUNT.RD[UNIT4];10282404;100.00;;"
7497 [140042433455808] INFO perfrun.perfcollector <> - PERF_STAT : "     0.966415860;CPU10;5716;;UNC_M_CAS_COUNT.RD[UNIT4];10307207;100.00;;"
7497 [140042433455808] INFO perfrun.perfcollector <> - PERF_STAT : "     0.966415860;CPU0;3396;;UNC_M_CAS_COUNT.RD[UNIT5];10284195;100.00;;"
7497 [140042433455808] INFO perfrun.perfcollector <> - PERF_STAT : "     0.966415860;CPU10;4717;;UNC_M_CAS_COUNT.RD[UNIT5];10307118;100.00;;"
7497 [140042433455808] INFO perfrun.perfcollector <> - PERF_STAT : "     0.966415860;CPU0;1662;;UNC_M_CAS_COUNT.WR[UNIT0];10286190;100.00;;"
7497 [140042433455808] INFO perfrun.perfcollector <> - PERF_STAT : "     0.966415860;CPU10;8637;;UNC_M_CAS_COUNT.WR[UNIT0];10307288;100.00;;"
7497 [140042433455808] INFO perfrun.perfcollector <> - PERF_STAT : "     0.966415860;CPU0;2213;;UNC_M_CAS_COUNT.WR[UNIT1];10287706;100.00;;"
7497 [140042433455808] INFO perfrun.perfcollector <> - PERF_STAT : "     0.966415860;CPU10;7987;;UNC_M_CAS_COUNT.WR[UNIT1];10307322;100.00;;"
7497 [140042433455808] INFO perfrun.perfcollector <> - PERF_STAT : "     0.966415860;CPU0;1647;;UNC_M_CAS_COUNT.WR[UNIT4];10289508;100.00;;"
7497 [140042433455808] INFO perfrun.perfcollector <> - PERF_STAT : "     0.966415860;CPU10;8651;;UNC_M_CAS_COUNT.WR[UNIT4];10307260;100.00;;"
7497 [140042433455808] INFO perfrun.perfcollector <> - PERF_STAT : "     0.966415860;CPU0;2094;;UNC_M_CAS_COUNT.WR[UNIT5];10291379;100.00;;"
7497 [140042433455808] INFO perfrun.perfcollector <> - PERF_STAT : "     0.966415860;CPU10;8151;;UNC_M_CAS_COUNT.WR[UNIT5];10307291;100.00;;"
7507 [140042433455808] INFO perfrun.perfcollector <> - PERF_STAT : "     0.976724602;CPU0;5114;;UNC_M_CAS_COUNT.RD[UNIT0];10268684;100.00;;"
7507 [140042433455808] INFO perfrun.perfcollector <> - PERF_STAT : "     0.976724602;CPU10;6408;;UNC_M_CAS_COUNT.RD[UNIT0];10236254;100.00;;"
7507 [140042433455808] INFO perfrun.perfcollector <> - PERF_STAT : "     0.976724602;CPU0;5670;;UNC_M_CAS_COUNT.RD[UNIT1];10265683;100.00;;"
7507 [140042433455808] INFO perfrun.perfcollector <> - PERF_STAT : "     0.976724602;CPU10;5865;;UNC_M_CAS_COUNT.RD[UNIT1];10236069;100.00;;"
7507 [140042433455808] INFO perfrun.perfcollector <> - PERF_STAT : "     0.976724602;CPU0;5086;;UNC_M_CAS_COUNT.RD[UNIT4];10263736;100.00;;"
7507 [140042433455808] INFO perfrun.perfcollector <> - PERF_STAT : "     0.976724602;CPU10;6469;;UNC_M_CAS_COUNT.RD[UNIT4];10236267;100.00;;"
7507 [140042433455808] INFO perfrun.perfcollector <> - PERF_STAT : "     0.976724602;CPU0;5794;;UNC_M_CAS_COUNT.RD[UNIT5];10261801;100.00;;"
7507 [140042433455808] INFO perfrun.perfcollector <> - PERF_STAT : "     0.976724602;CPU10;5726;;UNC_M_CAS_COUNT.RD[UNIT5];10236135;100.00;;"
7507 [140042433455808] INFO perfrun.perfcollector <> - PERF_STAT : "     0.976724602;CPU0;4317;;UNC_M_CAS_COUNT.WR[UNIT0];10259739;100.00;;"
7507 [140042433455808] INFO perfrun.perfcollector <> - PERF_STAT : "     0.976724602;CPU10;9240;;UNC_M_CAS_COUNT.WR[UNIT0];10235872;100.00;;"
7507 [140042433455808] INFO perfrun.perfcollector <> - PERF_STAT : "     0.976724602;CPU0;4899;;UNC_M_CAS_COUNT.WR[UNIT1];10257767;100.00;;"
7507 [140042433455808] INFO perfrun.perfcollector <> - PERF_STAT : "     0.976724602;CPU10;8767;;UNC_M_CAS_COUNT.WR[UNIT1];10235720;100.00;;"
7507 [140042433455808] INFO perfrun.perfcollector <> - PERF_STAT : "     0.976724602;CPU0;4291;;UNC_M_CAS_COUNT.WR[UNIT4];10255930;100.00;;"
7507 [140042433455808] INFO perfrun.perfcollector <> - PERF_STAT : "     0.976724602;CPU10;9318;;UNC_M_CAS_COUNT.WR[UNIT4];10235600;100.00;;"
7507 [140042433455808] INFO perfrun.perfcollector <> - PERF_STAT : "     0.976724602;CPU0;4841;;UNC_M_CAS_COUNT.WR[UNIT5];10254200;100.00;;"
7507 [140042433455808] INFO perfrun.perfcollector <> - PERF_STAT : "     0.976724602;CPU10;8781;;UNC_M_CAS_COUNT.WR[UNIT5];10235457;100.00;;"
7517 [140042433455808] INFO perfrun.perfcollector <> - PERF_STAT : "     0.986962580;CPU0;1063;;UNC_M_CAS_COUNT.RD[UNIT0];10237019;100.00;;"
7517 [140042433455808] INFO perfrun.perfcollector <> - PERF_STAT : "     0.986962580;CPU10;4438;;UNC_M_CAS_COUNT.RD[UNIT0];10236689;100.00;;"
7517 [140042433455808] INFO perfrun.perfcollector <> - PERF_STAT : "     0.986962580;CPU0;1608;;UNC_M_CAS_COUNT.RD[UNIT1];10237004;100.00;;"
7517 [140042433455808] INFO perfrun.perfcollector <> - PERF_STAT : "     0.986962580;CPU10;3887;;UNC_M_CAS_COUNT.RD[UNIT1];10236641;100.00;;"
7517 [140042433455808] INFO perfrun.perfcollector <> - PERF_STAT : "     0.986962580;CPU0;982;;UNC_M_CAS_COUNT.RD[UNIT4];10237029;100.00;;"
7517 [140042433455808] INFO perfrun.perfcollector <> - PERF_STAT : "     0.986962580;CPU10;4428;;UNC_M_CAS_COUNT.RD[UNIT4];10236301;100.00;;"
7518 [140042433455808] INFO perfrun.perfcollector <> - PERF_STAT : "     0.986962580;CPU0;1592;;UNC_M_CAS_COUNT.RD[UNIT5];10237133;100.00;;"
7518 [140042433455808] INFO perfrun.perfcollector <> - PERF_STAT : "     0.986962580;CPU10;3870;;UNC_M_CAS_COUNT.RD[UNIT5];10236459;100.00;;"
7518 [140042433455808] INFO perfrun.perfcollector <> - PERF_STAT : "     0.986962580;CPU0;532;;UNC_M_CAS_COUNT.WR[UNIT0];10237155;100.00;;"
7518 [140042433455808] INFO perfrun.perfcollector <> - PERF_STAT : "     0.986962580;CPU10;2991;;UNC_M_CAS_COUNT.WR[UNIT0];10236517;100.00;;"
7518 [140042433455808] INFO perfrun.perfcollector <> - PERF_STAT : "     0.986962580;CPU0;1034;;UNC_M_CAS_COUNT.WR[UNIT1];10237300;100.00;;"
7518 [140042433455808] INFO perfrun.perfcollector <> - PERF_STAT : "     0.986962580;CPU10;2508;;UNC_M_CAS_COUNT.WR[UNIT1];10236532;100.00;;"
7518 [140042433455808] INFO perfrun.perfcollector <> - PERF_STAT : "     0.986962580;CPU0;499;;UNC_M_CAS_COUNT.WR[UNIT4];10237288;100.00;;"
7518 [140042433455808] INFO perfrun.perfcollector <> - PERF_STAT : "     0.986962580;CPU10;2954;;UNC_M_CAS_COUNT.WR[UNIT4];10236658;100.00;;"
7518 [140042433455808] INFO perfrun.perfcollector <> - PERF_STAT : "     0.986962580;CPU0;1041;;UNC_M_CAS_COUNT.WR[UNIT5];10237201;100.00;;"
7518 [140042433455808] INFO perfrun.perfcollector <> - PERF_STAT : "     0.986962580;CPU10;2397;;UNC_M_CAS_COUNT.WR[UNIT5];10236641;100.00;;"
7528 [140042433455808] INFO perfrun.perfcollector <> - PERF_STAT : "     0.997190527;CPU0;795;;UNC_M_CAS_COUNT.RD[UNIT0];10251418;100.00;;"
7528 [140042433455808] INFO perfrun.perfcollector <> - PERF_STAT : "     0.997190527;CPU10;4828;;UNC_M_CAS_COUNT.RD[UNIT0];10252534;100.00;;"
7528 [140042433455808] INFO perfrun.perfcollector <> - PERF_STAT : "     0.997190527;CPU0;1294;;UNC_M_CAS_COUNT.RD[UNIT1];10251582;100.00;;"
7528 [140042433455808] INFO perfrun.perfcollector <> - PERF_STAT : "     0.997190527;CPU10;4263;;UNC_M_CAS_COUNT.RD[UNIT1];10252656;100.00;;"
7528 [140042433455808] INFO perfrun.perfcollector <> - PERF_STAT : "     0.997190527;CPU0;738;;UNC_M_CAS_COUNT.RD[UNIT4];10251677;100.00;;"
7528 [140042433455808] INFO perfrun.perfcollector <> - PERF_STAT : "     0.997190527;CPU10;4823;;UNC_M_CAS_COUNT.RD[UNIT4];10252660;100.00;;"
7528 [140042433455808] INFO perfrun.perfcollector <> - PERF_STAT : "     0.997190527;CPU0;1372;;UNC_M_CAS_COUNT.RD[UNIT5];10251613;100.00;;"
7528 [140042433455808] INFO perfrun.perfcollector <> - PERF_STAT : "     0.997190527;CPU10;4236;;UNC_M_CAS_COUNT.RD[UNIT5];10252636;100.00;;"
7528 [140042433455808] INFO perfrun.perfcollector <> - PERF_STAT : "     0.997190527;CPU0;449;;UNC_M_CAS_COUNT.WR[UNIT0];10251588;100.00;;"
7528 [140042433455808] INFO perfrun.perfcollector <> - PERF_STAT : "     0.997190527;CPU10;8319;;UNC_M_CAS_COUNT.WR[UNIT0];10252658;100.00;;"
7528 [140042433455808] INFO perfrun.perfcollector <> - PERF_STAT : "     0.997190527;CPU0;945;;UNC_M_CAS_COUNT.WR[UNIT1];10251539;100.00;;"
7528 [140042433455808] INFO perfrun.perfcollector <> - PERF_STAT : "     0.997190527;CPU10;7737;;UNC_M_CAS_COUNT.WR[UNIT1];10252649;100.00;;"
7528 [140042433455808] INFO perfrun.perfcollector <> - PERF_STAT : "     0.997190527;CPU0;422;;UNC_M_CAS_COUNT.WR[UNIT4];10251569;100.00;;"
7528 [140042433455808] INFO perfrun.perfcollector <> - PERF_STAT : "     0.997190527;CPU10;8333;;UNC_M_CAS_COUNT.WR[UNIT4];10252576;100.00;;"
7528 [140042433455808] INFO perfrun.perfcollector <> - PERF_STAT : "     0.997190527;CPU0;1002;;UNC_M_CAS_COUNT.WR[UNIT5];10251497;100.00;;"
7528 [140042433455808] INFO perfrun.perfcollector <> - PERF_STAT : "     0.997190527;CPU10;7665;;UNC_M_CAS_COUNT.WR[UNIT5];10252578;100.00;;"
7538 [140042433455808] INFO perfrun.perfcollector <> - PERF_STAT : "     1.007443640;CPU0;1571;;UNC_M_CAS_COUNT.RD[UNIT0];10281630;100.00;;"
7538 [140042433455808] INFO perfrun.perfcollector <> - PERF_STAT : "     1.007443640;CPU10;4452;;UNC_M_CAS_COUNT.RD[UNIT0];10278767;100.00;;"
7538 [140042433455808] INFO perfrun.perfcollector <> - PERF_STAT : "     1.007443640;CPU0;2078;;UNC_M_CAS_COUNT.RD[UNIT1];10281246;100.00;;"
7538 [140042433455808] INFO perfrun.perfcollector <> - PERF_STAT : "     1.007443640;CPU10;3916;;UNC_M_CAS_COUNT.RD[UNIT1];10278584;100.00;;"
7538 [140042433455808] INFO perfrun.perfcollector <> - PERF_STAT : "     1.007443640;CPU0;1485;;UNC_M_CAS_COUNT.RD[UNIT4];10281079;100.00;;"
7538 [140042433455808] INFO perfrun.perfcollector <> - PERF_STAT : "     1.007443640;CPU10;4441;;UNC_M_CAS_COUNT.RD[UNIT4];10278609;100.00;;"
7538 [140042433455808] INFO perfrun.perfcollector <> - PERF_STAT : "     1.007443640;CPU0;2179;;UNC_M_CAS_COUNT.RD[UNIT5];10280804;100.00;;"
7538 [140042433455808] INFO perfrun.perfcollector <> - PERF_STAT : "     1.007443640;CPU10;3878;;UNC_M_CAS_COUNT.RD[UNIT5];10278445;100.00;;"
7538 [140042433455808] INFO perfrun.perfcollector <> - PERF_STAT : "     1.007443640;CPU0;1419;;UNC_M_CAS_COUNT.WR[UNIT0];10280871;100.00;;"
7538 [140042433455808] INFO perfrun.perfcollector <> - PERF_STAT : "     1.007443640;CPU10;3546;;UNC_M_CAS_COUNT.WR[UNIT0];10278324;100.00;;"
7538 [140042433455808] INFO perfrun.perfcollector <> - PERF_STAT : "     1.007443640;CPU0;1921;;UNC_M_CAS_COUNT.WR[UNIT1];10280703;100.00;;"
7538 [140042433455808] INFO perfrun.perfcollector <> - PERF_STAT : "     1.007443640;CPU10;2978;;UNC_M_CAS_COUNT.WR[UNIT1];10278287;100.00;;"
7538 [140042433455808] INFO perfrun.perfcollector <> - PERF_STAT : "     1.007443640;CPU0;1328;;UNC_M_CAS_COUNT.WR[UNIT4];10280608;100.00;;"
7538 [140042433455808] INFO perfrun.perfcollector <> - PERF_STAT : "     1.007443640;CPU10;3517;;UNC_M_CAS_COUNT.WR[UNIT4];10278203;100.00;;"
7538 [140042433455808] INFO perfrun.perfcollector <> - PERF_STAT : "     1.007443640;CPU0;1968;;UNC_M_CAS_COUNT.WR[UNIT5];10280429;100.00;;"
7538 [140042433455808] INFO perfrun.perfcollector <> - PERF_STAT : "     1.007443640;CPU10;3013;;UNC_M_CAS_COUNT.WR[UNIT5];10278186;100.00;;"
7548 [140042433455808] INFO perfrun.perfcollector <> - PERF_STAT : "     1.017719500;CPU0;143;;UNC_M_CAS_COUNT.RD[UNIT0];10263697;100.00;;"
7548 [140042433455808] INFO perfrun.perfcollector <> - PERF_STAT : "     1.017719500;CPU10;4423;;UNC_M_CAS_COUNT.RD[UNIT0];10296991;100.00;;"
7548 [140042433455808] INFO perfrun.perfcollector <> - PERF_STAT : "     1.017719500;CPU0;565;;UNC_M_CAS_COUNT.RD[UNIT1];10266638;100.00;;"
7548 [140042433455808] INFO perfrun.perfcollector <> - PERF_STAT : "     1.017719500;CPU10;3851;;UNC_M_CAS_COUNT.RD[UNIT1];10297082;100.00;;"
7548 [140042433455808] INFO perfrun.perfcollector <> - PERF_STAT : "     1.017719500;CPU0;115;;UNC_M_CAS_COUNT.RD[UNIT4];10268502;100.00;;"
7548 [140042433455808] INFO perfrun.perfcollector <> - PERF_STAT : "     1.017719500;CPU10;4434;;UNC_M_CAS_COUNT.RD[UNIT4];10297185;100.00;;"
7548 [140042433455808] INFO perfrun.perfcollector <> - PERF_STAT : "     1.017719500;CPU0;590;;UNC_M_CAS_COUNT.RD[UNIT5];10270596;100.00;;"
7548 [140042433455808] INFO perfrun.perfcollector <> - PERF_STAT : "     1.017719500;CPU10;3870;;UNC_M_CAS_COUNT.RD[UNIT5];10297231;100.00;;"
7548 [140042433455808] INFO perfrun.perfcollector <> - PERF_STAT : "     1.017719500;CPU0;72;;UNC_M_CAS_COUNT.WR[UNIT0];10272316;100.00;;"
7548 [140042433455808] INFO perfrun.perfcollector <> - PERF_STAT : "     1.017719500;CPU10;7669;;UNC_M_CAS_COUNT.WR[UNIT0];10297284;100.00;;"
7548 [140042433455808] INFO perfrun.perfcollector <> - PERF_STAT : "     1.017719500;CPU0;498;;UNC_M_CAS_COUNT.WR[UNIT1];10274263;100.00;;"
7548 [140042433455808] INFO perfrun.perfcollector <> - PERF_STAT : "     1.017719500;CPU10;7203;;UNC_M_CAS_COUNT.WR[UNIT1];10297458;100.00;;"
7548 [140042433455808] INFO perfrun.perfcollector <> - PERF_STAT : "     1.017719500;CPU0;70;;UNC_M_CAS_COUNT.WR[UNIT4];10276098;100.00;;"
7548 [140042433455808] INFO perfrun.perfcollector <> - PERF_STAT : "     1.017719500;CPU10;7581;;UNC_M_CAS_COUNT.WR[UNIT4];10297485;100.00;;"
7548 [140042433455808] INFO perfrun.perfcollector <> - PERF_STAT : "     1.017719500;CPU0;502;;UNC_M_CAS_COUNT.WR[UNIT5];10277978;100.00;;"
7548 [140042433455808] INFO perfrun.perfcollector <> - PERF_STAT : "     1.017719500;CPU10;7033;;UNC_M_CAS_COUNT.WR[UNIT5];10297538;100.00;;"
7559 [140042433455808] INFO perfrun.perfcollector <> - PERF_STAT : "     1.028014720;CPU0;178;;UNC_M_CAS_COUNT.RD[UNIT0];10295700;100.00;;"
7559 [140042433455808] INFO perfrun.perfcollector <> - PERF_STAT : "     1.028014720;CPU10;4767;;UNC_M_CAS_COUNT.RD[UNIT0];10292019;100.00;;"
7559 [140042433455808] INFO perfrun.perfcollector <> - PERF_STAT : "     1.028014720;CPU0;235;;UNC_M_CAS_COUNT.RD[UNIT1];10295735;100.00;;"
7559 [140042433455808] INFO perfrun.perfcollector <> - PERF_STAT : "     1.028014720;CPU10;4185;;UNC_M_CAS_COUNT.RD[UNIT1];10292082;100.00;;"
7559 [140042433455808] INFO perfrun.perfcollector <> - PERF_STAT : "     1.028014720;CPU0;192;;UNC_M_CAS_COUNT.RD[UNIT4];10295764;100.00;;"
7559 [140042433455808] INFO perfrun.perfcollector <> - PERF_STAT : "     1.028014720;CPU10;4732;;UNC_M_CAS_COUNT.RD[UNIT4];10292052;100.00;;"
7559 [140042433455808] INFO perfrun.perfcollector <> - PERF_STAT : "     1.028014720;CPU0;238;;UNC_M_CAS_COUNT.RD[UNIT5];10295641;100.00;;"
7559 [140042433455808] INFO perfrun.perfcollector <> - PERF_STAT : "     1.028014720;CPU10;4200;;UNC_M_CAS_COUNT.RD[UNIT5];10292035;100.00;;"
7559 [140042433455808] INFO perfrun.perfcollector <> - PERF_STAT : "     1.028014720;CPU0;97;;UNC_M_CAS_COUNT.WR[UNIT0];10295658;100.00;;"
7559 [140042433455808] INFO perfrun.perfcollector <> - PERF_STAT : "     1.028014720;CPU10;7719;;UNC_M_CAS_COUNT.WR[UNIT0];10291998;100.00;;"
7559 [140042433455808] INFO perfrun.perfcollector <> - PERF_STAT : "     1.028014720;CPU0;150;;UNC_M_CAS_COUNT.WR[UNIT1];10295692;100.00;;"
7559 [140042433455808] INFO perfrun.perfcollector <> - PERF_STAT : "     1.028014720;CPU10;7175;;UNC_M_CAS_COUNT.WR[UNIT1];10291850;100.00;;"
7559 [140042433455808] INFO perfrun.perfcollector <> - PERF_STAT : "     1.028014720;CPU0;71;;UNC_M_CAS_COUNT.WR[UNIT4];10295774;100.00;;"
7559 [140042433455808] INFO perfrun.perfcollector <> - PERF_STAT : "     1.028014720;CPU10;7771;;UNC_M_CAS_COUNT.WR[UNIT4];10291971;100.00;;"
7559 [140042433455808] INFO perfrun.perfcollector <> - PERF_STAT : "     1.028014720;CPU0;131;;UNC_M_CAS_COUNT.WR[UNIT5];10295794;100.00;;"
7559 [140042433455808] INFO perfrun.perfcollector <> - PERF_STAT : "     1.028014720;CPU10;7324;;UNC_M_CAS_COUNT.WR[UNIT5];10291938;100.00;;"
7569 [140042433455808] INFO perfrun.perfcollector <> - PERF_STAT : "     1.038307271;CPU0;504;;UNC_M_CAS_COUNT.RD[UNIT0];10272777;100.00;;"
7569 [140042433455808] INFO perfrun.perfcollector <> - PERF_STAT : "     1.038307271;CPU10;4452;;UNC_M_CAS_COUNT.RD[UNIT0];10245571;100.00;;"
7569 [140042433455808] INFO perfrun.perfcollector <> - PERF_STAT : "     1.038307271;CPU0;517;;UNC_M_CAS_COUNT.RD[UNIT1];10269919;100.00;;"
7569 [140042433455808] INFO perfrun.perfcollector <> - PERF_STAT : "     1.038307271;CPU10;3890;;UNC_M_CAS_COUNT.RD[UNIT1];10245498;100.00;;"
7569 [140042433455808] INFO perfrun.perfcollector <> - PERF_STAT : "     1.038307271;CPU0;473;;UNC_M_CAS_COUNT.RD[UNIT4];10267966;100.00;;"
7569 [140042433455808] INFO perfrun.perfcollector <> - PERF_STAT : "     1.038307271;CPU10;4475;;UNC_M_CAS_COUNT.RD[UNIT4];10245545;100.00;;"
7569 [140042433455808] INFO perfrun.perfcollector <> - PERF_STAT : "     1.038307271;CPU0;503;;UNC_M_CAS_COUNT.RD[UNIT5];10266151;100.00;;"
7569 [140042433455808] INFO perfrun.perfcollector <> - PERF_STAT : "     1.038307271;CPU10;3895;;UNC_M_CAS_COUNT.RD[UNIT5];10245562;100.00;;"
7569 [140042433455808] INFO perfrun.perfcollector <> - PERF_STAT : "     1.038307271;CPU0;44;;UNC_M_CAS_COUNT.WR[UNIT0];10264234;100.00;;"
7569 [140042433455808] INFO perfrun.perfcollector <> - PERF_STAT : "     1.038307271;CPU10;3055;;UNC_M_CAS_COUNT.WR[UNIT0];10245474;100.00;;"
7569 [140042433455808] INFO perfrun.perfcollector <> - PERF_STAT : "     1.038307271;CPU0;65;;UNC_M_CAS_COUNT.WR[UNIT1];10262331;100.00;;"
7569 [140042433455808] INFO perfrun.perfcollector <> - PERF_STAT : "     1.038307271;CPU10;2594;;UNC_M_CAS_COUNT.WR[UNIT1];10245482;100.00;;"
7569 [140042433455808] INFO perfrun.perfcollector <> - PERF_STAT : "     1.038307271;CPU0;48;;UNC_M_CAS_COUNT.WR[UNIT4];10260375;100.00;;"
7569 [140042433455808] INFO perfrun.perfcollector <> - PERF_STAT : "     1.038307271;CPU10;3201;;UNC_M_CAS_COUNT.WR[UNIT4];10245417;100.00;;"
7569 [140042433455808] INFO perfrun.perfcollector <> - PERF_STAT : "     1.038307271;CPU0;68;;UNC_M_CAS_COUNT.WR[UNIT5];10258554;100.00;;"
7569 [140042433455808] INFO perfrun.perfcollector <> - PERF_STAT : "     1.038307271;CPU10;2665;;UNC_M_CAS_COUNT.WR[UNIT5];10245565;100.00;;"
7579 [140042433455808] INFO perfrun.perfcollector <> - PERF_STAT : "     1.048555191;CPU0;1341;;UNC_M_CAS_COUNT.RD[UNIT0];10268516;100.00;;"
7579 [140042433455808] INFO perfrun.perfcollector <> - PERF_STAT : "     1.048555191;CPU10;4355;;UNC_M_CAS_COUNT.RD[UNIT0];10300075;100.00;;"
7579 [140042433455808] INFO perfrun.perfcollector <> - PERF_STAT : "     1.048555191;CPU0;1580;;UNC_M_CAS_COUNT.RD[UNIT1];10271514;100.00;;"
7579 [140042433455808] INFO perfrun.perfcollector <> - PERF_STAT : "     1.048555191;CPU10;3809;;UNC_M_CAS_COUNT.RD[UNIT1];10300101;100.00;;"
7579 [140042433455808] INFO perfrun.perfcollector <> - PERF_STAT : "     1.048555191;CPU0;1311;;UNC_M_CAS_COUNT.RD[UNIT4];10273607;100.00;;"
7579 [140042433455808] INFO perfrun.perfcollector <> - PERF_STAT : "     1.048555191;CPU10;4353;;UNC_M_CAS_COUNT.RD[UNIT4];10300117;100.00;;"
7579 [140042433455808] INFO perfrun.perfcollector <> - PERF_STAT : "     1.048555191;CPU0;1522;;UNC_M_CAS_COUNT.RD[UNIT5];10275496;100.00;;"
7579 [140042433455808] INFO perfrun.perfcollector <> - PERF_STAT : "     1.048555191;CPU10;3801;;UNC_M_CAS_COUNT.RD[UNIT5];10300263;100.00;;"
7579 [140042433455808] INFO perfrun.perfcollector <> - PERF_STAT : "     1.048555191;CPU0;231;;UNC_M_CAS_COUNT.WR[UNIT0];10277550;100.00;;"
7579 [140042433455808] INFO perfrun.perfcollector <> - PERF_STAT : "     1.048555191;CPU10;7237;;UNC_M_CAS_COUNT.WR[UNIT0];10300510;100.00;;"
7579 [140042433455808] INFO perfrun.perfcollector <> - PERF_STAT : "     1.048555191;CPU0;295;;UNC_M_CAS_COUNT.WR[UNIT1];10279512;100.00;;"
7579 [140042433455808] INFO perfrun.perfcollector <> - PERF_STAT : "     1.048555191;CPU10;6763;;UNC_M_CAS_COUNT.WR[UNIT1];10300550;100.00;;"
7579 [140042433455808] INFO perfrun.perfcollector <> - PERF_STAT : "     1.048555191;CPU0;222;;UNC_M_CAS_COUNT.WR[UNIT4];10281475;100.00;;"
7579 [140042433455808] INFO perfrun.perfcollector <> - PERF_STAT : "     1.048555191;CPU10;7257;;UNC_M_CAS_COUNT.WR[UNIT4];10300506;100.00;;"
7579 [140042433455808] INFO perfrun.perfcollector <> - PERF_STAT : "     1.048555191;CPU0;286;;UNC_M_CAS_COUNT.WR[UNIT5];10283367;100.00;;"
7579 [140042433455808] INFO perfrun.perfcollector <> - PERF_STAT : "     1.048555191;CPU10;6676;;UNC_M_CAS_COUNT.WR[UNIT5];10300405;100.00;;"
7589 [140042433455808] INFO perfrun.perfcollector <> - PERF_STAT : "     1.058856789;CPU0;117;;UNC_M_CAS_COUNT.RD[UNIT0];10299246;100.00;;"
7589 [140042433455808] INFO perfrun.perfcollector <> - PERF_STAT : "     1.058856789;CPU10;4631;;UNC_M_CAS_COUNT.RD[UNIT0];10299970;100.00;;"
7589 [140042433455808] INFO perfrun.perfcollector <> - PERF_STAT : "     1.058856789;CPU0;150;;UNC_M_CAS_COUNT.RD[UNIT1];10299302;100.00;;"
7589 [140042433455808] INFO perfrun.perfcollector <> - PERF_STAT : "     1.058856789;CPU10;4110;;UNC_M_CAS_COUNT.RD[UNIT1];10300104;100.00;;"
7589 [140042433455808] INFO perfrun.perfcollector <> - PERF_STAT : "     1.058856789;CPU0;115;;UNC_M_CAS_COUNT.RD[UNIT4];10299256;100.00;;"
7589 [140042433455808] INFO perfrun.perfcollector <> - PERF_STAT : "     1.058856789;CPU10;4657;;UNC_M_CAS_COUNT.RD[UNIT4];10300223;100.00;;"
7589 [140042433455808] INFO perfrun.perfcollector <> - PERF_STAT : "     1.058856789;CPU0;166;;UNC_M_CAS_COUNT.RD[UNIT5];10299201;100.00;;"
7589 [140042433455808] INFO perfrun.perfcollector <> - PERF_STAT : "     1.058856789;CPU10;4113;;UNC_M_CAS_COUNT.RD[UNIT5];10300104;100.00;;"
7589 [140042433455808] INFO perfrun.perfcollector <> - PERF_STAT : "     1.058856789;CPU0;92;;UNC_M_CAS_COUNT.WR[UNIT0];10299118;100.00;;"
7590 [140042433455808] INFO perfrun.perfcollector <> - PERF_STAT : "     1.058856789;CPU10;7657;;UNC_M_CAS_COUNT.WR[UNIT0];10300194;100.00;;"
7590 [140042433455808] INFO perfrun.perfcollector <> - PERF_STAT : "     1.058856789;CPU0;116;;UNC_M_CAS_COUNT.WR[UNIT1];10299279;100.00;;"
7590 [140042433455808] INFO perfrun.perfcollector <> - PERF_STAT : "     1.058856789;CPU10;7081;;UNC_M_CAS_COUNT.WR[UNIT1];10300213;100.00;;"
7590 [140042433455808] INFO perfrun.perfcollector <> - PERF_STAT : "     1.058856789;CPU0;109;;UNC_M_CAS_COUNT.WR[UNIT4];10299273;100.00;;"
7590 [140042433455808] INFO perfrun.perfcollector <> - PERF_STAT : "     1.058856789;CPU10;7567;;UNC_M_CAS_COUNT.WR[UNIT4];10300256;100.00;;"
7590 [140042433455808] INFO perfrun.perfcollector <> - PERF_STAT : "     1.058856789;CPU0;135;;UNC_M_CAS_COUNT.WR[UNIT5];10299336;100.00;;"
7590 [140042433455808] INFO perfrun.perfcollector <> - PERF_STAT : "     1.058856789;CPU10;7004;;UNC_M_CAS_COUNT.WR[UNIT5];10300276;100.00;;"
7600 [140042433455808] INFO perfrun.perfcollector <> - PERF_STAT : "     1.069155740;CPU0;210;;UNC_M_CAS_COUNT.RD[UNIT0];10301765;100.00;;"
7600 [140042433455808] INFO perfrun.perfcollector <> - PERF_STAT : "     1.069155740;CPU10;4328;;UNC_M_CAS_COUNT.RD[UNIT0];10303222;100.00;;"
7600 [140042433455808] INFO perfrun.perfcollector <> - PERF_STAT : "     1.069155740;CPU0;277;;UNC_M_CAS_COUNT.RD[UNIT1];10301798;100.00;;"
7600 [140042433455808] INFO perfrun.perfcollector <> - PERF_STAT : "     1.069155740;CPU10;3773;;UNC_M_CAS_COUNT.RD[UNIT1];10303306;100.00;;"
7600 [140042433455808] INFO perfrun.perfcollector <> - PERF_STAT : "     1.069155740;CPU0;203;;UNC_M_CAS_COUNT.RD[UNIT4];10301959;100.00;;"
7600 [140042433455808] INFO perfrun.perfcollector <> - PERF_STAT : "     1.069155740;CPU10;4335;;UNC_M_CAS_COUNT.RD[UNIT4];10303257;100.00;;"
7600 [140042433455808] INFO perfrun.perfcollector <> - PERF_STAT : "     1.069155740;CPU0;302;;UNC_M_CAS_COUNT.RD[UNIT5];10302200;100.00;;"
7600 [140042433455808] INFO perfrun.perfcollector <> - PERF_STAT : "     1.069155740;CPU10;3760;;UNC_M_CAS_COUNT.RD[UNIT5];10303265;100.00;;"
7600 [140042433455808] INFO perfrun.perfcollector <> - PERF_STAT : "     1.069155740;CPU0;76;;UNC_M_CAS_COUNT.WR[UNIT0];10302336;100.00;;"
7600 [140042433455808] INFO perfrun.perfcollector <> - PERF_STAT : "     1.069155740;CPU10;2567;;UNC_M_CAS_COUNT.WR[UNIT0];10303116;100.00;;"
7600 [140042433455808] INFO perfrun.perfcollector <> - PERF_STAT : "     1.069155740;CPU0;115;;UNC_M_CAS_COUNT.WR[UNIT1];10302207;100.00;;"
7600 [140042433455808] INFO perfrun.perfcollector <> - PERF_STAT : "     1.069155740;CPU10;2031;;UNC_M_CAS_COUNT.WR[UNIT1];10303150;100.00;;"
7600 [140042433455808] INFO perfrun.perfcollector <> - PERF_STAT : "     1.069155740;CPU0;65;;UNC_M_CAS_COUNT.WR[UNIT4];10302226;100.00;;"
7600 [140042433455808] INFO perfrun.perfcollector <> - PERF_STAT : "     1.069155740;CPU10;2559;;UNC_M_CAS_COUNT.WR[UNIT4];10303172;100.00;;"
7600 [140042433455808] INFO perfrun.perfcollector <> - PERF_STAT : "     1.069155740;CPU0;145;;UNC_M_CAS_COUNT.WR[UNIT5];10302236;100.00;;"
7600 [140042433455808] INFO perfrun.perfcollector <> - PERF_STAT : "     1.069155740;CPU10;2058;;UNC_M_CAS_COUNT.WR[UNIT5];10303184;100.00;;"
7610 [140042433455808] INFO perfrun.perfcollector <> - PERF_STAT : "     1.079460207;CPU0;495;;UNC_M_CAS_COUNT.RD[UNIT0];10302694;100.00;;"
7610 [140042433455808] INFO perfrun.perfcollector <> - PERF_STAT : "     1.079460207;CPU10;4482;;UNC_M_CAS_COUNT.RD[UNIT0];10313260;100.00;;"
7610 [140042433455808] INFO perfrun.perfcollector <> - PERF_STAT : "     1.079460207;CPU0;511;;UNC_M_CAS_COUNT.RD[UNIT1];10302771;100.00;;"
7610 [140042433455808] INFO perfrun.perfcollector <> - PERF_STAT : "     1.079460207;CPU10;3912;;UNC_M_CAS_COUNT.RD[UNIT1];10313079;100.00;;"
7610 [140042433455808] INFO perfrun.perfcollector <> - PERF_STAT : "     1.079460207;CPU0;446;;UNC_M_CAS_COUNT.RD[UNIT4];10302681;100.00;;"
7610 [140042433455808] INFO perfrun.perfcollector <> - PERF_STAT : "     1.079460207;CPU10;4502;;UNC_M_CAS_COUNT.RD[UNIT4];10313078;100.00;;"
7610 [140042433455808] INFO perfrun.perfcollector <> - PERF_STAT : "     1.079460207;CPU0;520;;UNC_M_CAS_COUNT.RD[UNIT5];10302553;100.00;;"
7610 [140042433455808] INFO perfrun.perfcollector <> - PERF_STAT : "     1.079460207;CPU10;3939;;UNC_M_CAS_COUNT.RD[UNIT5];10313238;100.00;;"
7610 [140042433455808] INFO perfrun.perfcollector <> - PERF_STAT : "     1.079460207;CPU0;57;;UNC_M_CAS_COUNT.WR[UNIT0];10302494;100.00;;"
7610 [140042433455808] INFO perfrun.perfcollector <> - PERF_STAT : "     1.079460207;CPU10;7830;;UNC_M_CAS_COUNT.WR[UNIT0];10313184;100.00;;"
7610 [140042433455808] INFO perfrun.perfcollector <> - PERF_STAT : "     1.079460207;CPU0;99;;UNC_M_CAS_COUNT.WR[UNIT1];10302563;100.00;;"
7610 [140042433455808] INFO perfrun.perfcollector <> - PERF_STAT : "     1.079460207;CPU10;7283;;UNC_M_CAS_COUNT.WR[UNIT1];10313163;100.00;;"
7610 [140042433455808] INFO perfrun.perfcollector <> - PERF_STAT : "     1.079460207;CPU0;53;;UNC_M_CAS_COUNT.WR[UNIT4];10302644;100.00;;"
7610 [140042433455808] INFO perfrun.perfcollector <> - PERF_STAT : "     1.079460207;CPU10;7909;;UNC_M_CAS_COUNT.WR[UNIT4];10313150;100.00;;"
7610 [140042433455808] INFO perfrun.perfcollector <> - PERF_STAT : "     1.079460207;CPU0;120;;UNC_M_CAS_COUNT.WR[UNIT5];10302687;100.00;;"
7610 [140042433455808] INFO perfrun.perfcollector <> - PERF_STAT : "     1.079460207;CPU10;7339;;UNC_M_CAS_COUNT.WR[UNIT5];10313147;100.00;;"
7620 [140042433455808] INFO perfrun.perfcollector <> - PERF_STAT : "     1.089774645;CPU0;133;;UNC_M_CAS_COUNT.RD[UNIT0];10314103;100.00;;"
7620 [140042433455808] INFO perfrun.perfcollector <> - PERF_STAT : "     1.089774645;CPU10;4599;;UNC_M_CAS_COUNT.RD[UNIT0];10288298;100.00;;"
7620 [140042433455808] INFO perfrun.perfcollector <> - PERF_STAT : "     1.089774645;CPU0;185;;UNC_M_CAS_COUNT.RD[UNIT1];10325944;100.00;;"
7620 [140042433455808] INFO perfrun.perfcollector <> - PERF_STAT : "     1.089774645;CPU10;4069;;UNC_M_CAS_COUNT.RD[UNIT1];10288519;100.00;;"
7620 [140042433455808] INFO perfrun.perfcollector <> - PERF_STAT : "     1.089774645;CPU0;128;;UNC_M_CAS_COUNT.RD[UNIT4];10324139;100.00;;"
7620 [140042433455808] INFO perfrun.perfcollector <> - PERF_STAT : "     1.089774645;CPU10;4621;;UNC_M_CAS_COUNT.RD[UNIT4];10288468;100.00;;"
7620 [140042433455808] INFO perfrun.perfcollector <> - PERF_STAT : "     1.089774645;CPU0;204;;UNC_M_CAS_COUNT.RD[UNIT5];10322339;100.00;;"
7620 [140042433455808] INFO perfrun.perfcollector <> - PERF_STAT : "     1.089774645;CPU10;4055;;UNC_M_CAS_COUNT.RD[UNIT5];10288303;100.00;;"
7620 [140042433455808] INFO perfrun.perfcollector <> - PERF_STAT : "     1.089774645;CPU0;72;;UNC_M_CAS_COUNT.WR[UNIT0];10320519;100.00;;"
7620 [140042433455808] INFO perfrun.perfcollector <> - PERF_STAT : "     1.089774645;CPU10;8029;;UNC_M_CAS_COUNT.WR[UNIT0];10288300;100.00;;"
7620 [140042433455808] INFO perfrun.perfcollector <> - PERF_STAT : "     1.089774645;CPU0;113;;UNC_M_CAS_COUNT.WR[UNIT1];10318799;100.00;;"
7620 [140042433455808] INFO perfrun.perfcollector <> - PERF_STAT : "     1.089774645;CPU10;7484;;UNC_M_CAS_COUNT.WR[UNIT1];10288308;100.00;;"
7620 [140042433455808] INFO perfrun.perfcollector <> - PERF_STAT : "     1.089774645;CPU0;44;;UNC_M_CAS_COUNT.WR[UNIT4];10316950;100.00;;"
7620 [140042433455808] INFO perfrun.perfcollector <> - PERF_STAT : "     1.089774645;CPU10;7927;;UNC_M_CAS_COUNT.WR[UNIT4];10288276;100.00;;"
7620 [140042433455808] INFO perfrun.perfcollector <> - PERF_STAT : "     1.089774645;CPU0;102;;UNC_M_CAS_COUNT.WR[UNIT5];10315137;100.00;;"
7620 [140042433455808] INFO perfrun.perfcollector <> - PERF_STAT : "     1.089774645;CPU10;7301;;UNC_M_CAS_COUNT.WR[UNIT5];10288278;100.00;;"
7631 [140042433455808] INFO perfrun.perfcollector <> - PERF_STAT : "     1.100065538;CPU0;343;;UNC_M_CAS_COUNT.RD[UNIT0];10292346;100.00;;"
7631 [140042433455808] INFO perfrun.perfcollector <> - PERF_STAT : "     1.100065538;CPU10;4445;;UNC_M_CAS_COUNT.RD[UNIT0];10310653;100.00;;"
7631 [140042433455808] INFO perfrun.perfcollector <> - PERF_STAT : "     1.100065538;CPU0;353;;UNC_M_CAS_COUNT.RD[UNIT1];10280743;100.00;;"
7631 [140042433455808] INFO perfrun.perfcollector <> - PERF_STAT : "     1.100065538;CPU10;3870;;UNC_M_CAS_COUNT.RD[UNIT1];10310813;100.00;;"
7631 [140042433455808] INFO perfrun.perfcollector <> - PERF_STAT : "     1.100065538;CPU0;313;;UNC_M_CAS_COUNT.RD[UNIT4];10282775;100.00;;"
7631 [140042433455808] INFO perfrun.perfcollector <> - PERF_STAT : "     1.100065538;CPU10;4441;;UNC_M_CAS_COUNT.RD[UNIT4];10310770;100.00;;"
7631 [140042433455808] INFO perfrun.perfcollector <> - PERF_STAT : "     1.100065538;CPU0;334;;UNC_M_CAS_COUNT.RD[UNIT5];10284713;100.00;;"
7631 [140042433455808] INFO perfrun.perfcollector <> - PERF_STAT : "     1.100065538;CPU10;3861;;UNC_M_CAS_COUNT.RD[UNIT5];10310965;100.00;;"
7631 [140042433455808] INFO perfrun.perfcollector <> - PERF_STAT : "     1.100065538;CPU0;40;;UNC_M_CAS_COUNT.WR[UNIT0];10286863;100.00;;"
7631 [140042433455808] INFO perfrun.perfcollector <> - PERF_STAT : "     1.100065538;CPU10;3073;;UNC_M_CAS_COUNT.WR[UNIT0];10310882;100.00;;"
7631 [140042433455808] INFO perfrun.perfcollector <> - PERF_STAT : "     1.100065538;CPU0;66;;UNC_M_CAS_COUNT.WR[UNIT1];10288720;100.00;;"
7631 [140042433455808] INFO perfrun.perfcollector <> - PERF_STAT : "     1.100065538;CPU10;2506;;UNC_M_CAS_COUNT.WR[UNIT1];10311125;100.00;;"
7631 [140042433455808] INFO perfrun.perfcollector <> - PERF_STAT : "     1.100065538;CPU0;24;;UNC_M_CAS_COUNT.WR[UNIT4];10290649;100.00;;"
7631 [140042433455808] INFO perfrun.perfcollector <> - PERF_STAT : "     1.100065538;CPU10;3076;;UNC_M_CAS_COUNT.WR[UNIT4];10311184;100.00;;"
7631 [140042433455808] INFO perfrun.perfcollector <> - PERF_STAT : "     1.100065538;CPU0;49;;UNC_M_CAS_COUNT.WR[UNIT5];10292586;100.00;;"
7631 [140042433455808] INFO perfrun.perfcollector <> - PERF_STAT : "     1.100065538;CPU10;2516;;UNC_M_CAS_COUNT.WR[UNIT5];10311259;100.00;;"
7641 [140042433455808] INFO perfrun.perfcollector <> - PERF_STAT : "     1.110384256;CPU0;1172;;UNC_M_CAS_COUNT.RD[UNIT0];10316920;100.00;;"
7641 [140042433455808] INFO perfrun.perfcollector <> - PERF_STAT : "     1.110384256;CPU10;5372;;UNC_M_CAS_COUNT.RD[UNIT0];10317968;100.00;;"
7641 [140042433455808] INFO perfrun.perfcollector <> - PERF_STAT : "     1.110384256;CPU0;1277;;UNC_M_CAS_COUNT.RD[UNIT1];10316863;100.00;;"
7641 [140042433455808] INFO perfrun.perfcollector <> - PERF_STAT : "     1.110384256;CPU10;4734;;UNC_M_CAS_COUNT.RD[UNIT1];10317864;100.00;;"
7641 [140042433455808] INFO perfrun.perfcollector <> - PERF_STAT : "     1.110384256;CPU0;1180;;UNC_M_CAS_COUNT.RD[UNIT4];10316893;100.00;;"
7641 [140042433455808] INFO perfrun.perfcollector <> - PERF_STAT : "     1.110384256;CPU10;5323;;UNC_M_CAS_COUNT.RD[UNIT4];10318490;100.00;;"
7641 [140042433455808] INFO perfrun.perfcollector <> - PERF_STAT : "     1.110384256;CPU0;1211;;UNC_M_CAS_COUNT.RD[UNIT5];10316953;100.00;;"
7641 [140042433455808] INFO perfrun.perfcollector <> - PERF_STAT : "     1.110384256;CPU10;4742;;UNC_M_CAS_COUNT.RD[UNIT5];10318399;100.00;;"
7641 [140042433455808] INFO perfrun.perfcollector <> - PERF_STAT : "     1.110384256;CPU0;167;;UNC_M_CAS_COUNT.WR[UNIT0];10316720;100.00;;"
7641 [140042433455808] INFO perfrun.perfcollector <> - PERF_STAT : "     1.110384256;CPU10;8303;;UNC_M_CAS_COUNT.WR[UNIT0];10318564;100.00;;"
7641 [140042433455808] INFO perfrun.perfcollector <> - PERF_STAT : "     1.110384256;CPU0;249;;UNC_M_CAS_COUNT.WR[UNIT1];10316679;100.00;;"
7641 [140042433455808] INFO perfrun.perfcollector <> - PERF_STAT : "     1.110384256;CPU10;7781;;UNC_M_CAS_COUNT.WR[UNIT1];10318545;100.00;;"
7641 [140042433455808] INFO perfrun.perfcollector <> - PERF_STAT : "     1.110384256;CPU0;117;;UNC_M_CAS_COUNT.WR[UNIT4];10316729;100.00;;"
7641 [140042433455808] INFO perfrun.perfcollector <> - PERF_STAT : "     1.110384256;CPU10;8479;;UNC_M_CAS_COUNT.WR[UNIT4];10318719;100.00;;"
7641 [140042433455808] INFO perfrun.perfcollector <> - PERF_STAT : "     1.110384256;CPU0;237;;UNC_M_CAS_COUNT.WR[UNIT5];10316696;100.00;;"
7641 [140042433455808] INFO perfrun.perfcollector <> - PERF_STAT : "     1.110384256;CPU10;7891;;UNC_M_CAS_COUNT.WR[UNIT5];10318843;100.00;;"
7651 [140042433455808] INFO perfrun.perfcollector <> - PERF_STAT : "     1.120708928;CPU0;178;;UNC_M_CAS_COUNT.RD[UNIT0];10334950;100.00;;"
7651 [140042433455808] INFO perfrun.perfcollector <> - PERF_STAT : "     1.120708928;CPU10;4165;;UNC_M_CAS_COUNT.RD[UNIT0];10303287;100.00;;"
7651 [140042433455808] INFO perfrun.perfcollector <> - PERF_STAT : "     1.120708928;CPU0;199;;UNC_M_CAS_COUNT.RD[UNIT1];10332139;100.00;;"
7651 [140042433455808] INFO perfrun.perfcollector <> - PERF_STAT : "     1.120708928;CPU10;3629;;UNC_M_CAS_COUNT.RD[UNIT1];10303204;100.00;;"
7651 [140042433455808] INFO perfrun.perfcollector <> - PERF_STAT : "     1.120708928;CPU0;167;;UNC_M_CAS_COUNT.RD[UNIT4];10330241;100.00;;"
7651 [140042433455808] INFO perfrun.perfcollector <> - PERF_STAT : "     1.120708928;CPU10;4168;;UNC_M_CAS_COUNT.RD[UNIT4];10302775;100.00;;"
7651 [140042433455808] INFO perfrun.perfcollector <> - PERF_STAT : "     1.120708928;CPU0;235;;UNC_M_CAS_COUNT.RD[UNIT5];10328409;100.00;;"
7651 [140042433455808] INFO perfrun.perfcollector <> - PERF_STAT : "     1.120708928;CPU10;3622;;UNC_M_CAS_COUNT.RD[UNIT5];10302686;100.00;;"
7651 [140042433455808] INFO perfrun.perfcollector <> - PERF_STAT : "     1.120708928;CPU0;44;;UNC_M_CAS_COUNT.WR[UNIT0];10326557;100.00;;"
7651 [140042433455808] INFO perfrun.perfcollector <> - PERF_STAT : "     1.120708928;CPU10;2711;;UNC_M_CAS_COUNT.WR[UNIT0];10302508;100.00;;"
7651 [140042433455808] INFO perfrun.perfcollector <> - PERF_STAT : "     1.120708928;CPU0;91;;UNC_M_CAS_COUNT.WR[UNIT1];10324683;100.00;;"
7651 [140042433455808] INFO perfrun.perfcollector <> - PERF_STAT : "     1.120708928;CPU10;2150;;UNC_M_CAS_COUNT.WR[UNIT1];10302328;100.00;;"
7651 [140042433455808] INFO perfrun.perfcollector <> - PERF_STAT : "     1.120708928;CPU0;33;;UNC_M_CAS_COUNT.WR[UNIT4];10322976;100.00;;"
7651 [140042433455808] INFO perfrun.perfcollector <> - PERF_STAT : "     1.120708928;CPU10;2724;;UNC_M_CAS_COUNT.WR[UNIT4];10302147;100.00;;"
7651 [140042433455808] INFO perfrun.perfcollector <> - PERF_STAT : "     1.120708928;CPU0;88;;UNC_M_CAS_COUNT.WR[UNIT5];10321120;100.00;;"
7651 [140042433455808] INFO perfrun.perfcollector <> - PERF_STAT : "     1.120708928;CPU10;2128;;UNC_M_CAS_COUNT.WR[UNIT5];10301987;100.00;;"
7662 [140042433455808] INFO perfrun.perfcollector <> - PERF_STAT : "     1.130997275;CPU0;96;;UNC_M_CAS_COUNT.RD[UNIT0];10278764;100.00;;"
7662 [140042433455808] INFO perfrun.perfcollector <> - PERF_STAT : "     1.130997275;CPU10;4490;;UNC_M_CAS_COUNT.RD[UNIT0];10300785;100.00;;"
7662 [140042433455808] INFO perfrun.perfcollector <> - PERF_STAT : "     1.130997275;CPU0;125;;UNC_M_CAS_COUNT.RD[UNIT1];10281665;100.00;;"
7662 [140042433455808] INFO perfrun.perfcollector <> - PERF_STAT : "     1.130997275;CPU10;3954;;UNC_M_CAS_COUNT.RD[UNIT1];10300622;100.00;;"
7662 [140042433455808] INFO perfrun.perfcollector <> - PERF_STAT : "     1.130997275;CPU0;93;;UNC_M_CAS_COUNT.RD[UNIT4];10283629;100.00;;"
7662 [140042433455808] INFO perfrun.perfcollector <> - PERF_STAT : "     1.130997275;CPU10;4518;;UNC_M_CAS_COUNT.RD[UNIT4];10300508;100.00;;"
7662 [140042433455808] INFO perfrun.perfcollector <> - PERF_STAT : "     1.130997275;CPU0;139;;UNC_M_CAS_COUNT.RD[UNIT5];10285501;100.00;;"
7662 [140042433455808] INFO perfrun.perfcollector <> - PERF_STAT : "     1.130997275;CPU10;3974;;UNC_M_CAS_COUNT.RD[UNIT5];10300681;100.00;;"
7662 [140042433455808] INFO perfrun.perfcollector <> - PERF_STAT : "     1.130997275;CPU0;55;;UNC_M_CAS_COUNT.WR[UNIT0];10298313;100.00;;"
7662 [140042433455808] INFO perfrun.perfcollector <> - PERF_STAT : "     1.130997275;CPU10;7752;;UNC_M_CAS_COUNT.WR[UNIT0];10300809;100.00;;"
7662 [140042433455808] INFO perfrun.perfcollector <> - PERF_STAT : "     1.130997275;CPU0;71;;UNC_M_CAS_COUNT.WR[UNIT1];10298310;100.00;;"
7662 [140042433455808] INFO perfrun.perfcollector <> - PERF_STAT : "     1.130997275;CPU10;7163;;UNC_M_CAS_COUNT.WR[UNIT1];10300944;100.00;;"
7662 [140042433455808] INFO perfrun.perfcollector <> - PERF_STAT : "     1.130997275;CPU0;58;;UNC_M_CAS_COUNT.WR[UNIT4];10298193;100.00;;"
7662 [140042433455808] INFO perfrun.perfcollector <> - PERF_STAT : "     1.130997275;CPU10;7488;;UNC_M_CAS_COUNT.WR[UNIT4];10300938;100.00;;"
7662 [140042433455808] INFO perfrun.perfcollector <> - PERF_STAT : "     1.130997275;CPU0;75;;UNC_M_CAS_COUNT.WR[UNIT5];10298211;100.00;;"
7662 [140042433455808] INFO perfrun.perfcollector <> - PERF_STAT : "     1.130997275;CPU10;7099;;UNC_M_CAS_COUNT.WR[UNIT5];10301064;100.00;;"
7672 [140042433455808] INFO perfrun.perfcollector <> - PERF_STAT : "     1.141298945;CPU0;130;;UNC_M_CAS_COUNT.RD[UNIT0];10301317;100.00;;"
7672 [140042433455808] INFO perfrun.perfcollector <> - PERF_STAT : "     1.141298945;CPU10;4571;;UNC_M_CAS_COUNT.RD[UNIT0];10309061;100.00;;"
7672 [140042433455808] INFO perfrun.perfcollector <> - PERF_STAT : "     1.141298945;CPU0;175;;UNC_M_CAS_COUNT.RD[UNIT1];10301320;100.00;;"
7672 [140042433455808] INFO perfrun.perfcollector <> - PERF_STAT : "     1.141298945;CPU10;3985;;UNC_M_CAS_COUNT.RD[UNIT1];10309144;100.00;;"
7672 [140042433455808] INFO perfrun.perfcollector <> - PERF_STAT : "     1.141298945;CPU0;124;;UNC_M_CAS_COUNT.RD[UNIT4];10301274;100.00;;"
7672 [140042433455808] INFO perfrun.perfcollector <> - PERF_STAT : "     1.141298945;CPU10;4528;;UNC_M_CAS_COUNT.RD[UNIT4];10309048;100.00;;"
7672 [140042433455808] INFO perfrun.perfcollector <> - PERF_STAT : "     1.141298945;CPU0;214;;UNC_M_CAS_COUNT.RD[UNIT5];10301177;100.00;;"
7672 [140042433455808] INFO perfrun.perfcollector <> - PERF_STAT : "     1.141298945;CPU10;3953;;UNC_M_CAS_COUNT.RD[UNIT5];10309053;100.00;;"
7672 [140042433455808] INFO perfrun.perfcollector <> - PERF_STAT : "     1.141298945;CPU0;61;;UNC_M_CAS_COUNT.WR[UNIT0];10290227;100.00;;"
7672 [140042433455808] INFO perfrun.perfcollector <> - PERF_STAT : "     1.141298945;CPU10;7269;;UNC_M_CAS_COUNT.WR[UNIT0];10309377;100.00;;"
7672 [140042433455808] INFO perfrun.perfcollector <> - PERF_STAT : "     1.141298945;CPU0;112;;UNC_M_CAS_COUNT.WR[UNIT1];10292121;100.00;;"
7672 [140042433455808] INFO perfrun.perfcollector <> - PERF_STAT : "     1.141298945;CPU10;6591;;UNC_M_CAS_COUNT.WR[UNIT1];10309268;100.00;;"
7672 [140042433455808] INFO perfrun.perfcollector <> - PERF_STAT : "     1.141298945;CPU0;59;;UNC_M_CAS_COUNT.WR[UNIT4];10293878;100.00;;"
7672 [140042433455808] INFO perfrun.perfcollector <> - PERF_STAT : "     1.141298945;CPU10;7353;;UNC_M_CAS_COUNT.WR[UNIT4];10309298;100.00;;"
7672 [140042433455808] INFO perfrun.perfcollector <> - PERF_STAT : "     1.141298945;CPU0;129;;UNC_M_CAS_COUNT.WR[UNIT5];10295746;100.00;;"
7672 [140042433455808] INFO perfrun.perfcollector <> - PERF_STAT : "     1.141298945;CPU10;6701;;UNC_M_CAS_COUNT.WR[UNIT5];10309199;100.00;;"
7682 [140042433455808] INFO perfrun.perfcollector <> - PERF_STAT : "     1.151585300;CPU0;188;;UNC_M_CAS_COUNT.RD[UNIT0];10286630;100.00;;"
7682 [140042433455808] INFO perfrun.perfcollector <> - PERF_STAT : "     1.151585300;CPU10;4293;;UNC_M_CAS_COUNT.RD[UNIT0];10287474;100.00;;"
7682 [140042433455808] INFO perfrun.perfcollector <> - PERF_STAT : "     1.151585300;CPU0;248;;UNC_M_CAS_COUNT.RD[UNIT1];10286520;100.00;;"
7682 [140042433455808] INFO perfrun.perfcollector <> - PERF_STAT : "     1.151585300;CPU10;3735;;UNC_M_CAS_COUNT.RD[UNIT1];10287476;100.00;;"
7682 [140042433455808] INFO perfrun.perfcollector <> - PERF_STAT : "     1.151585300;CPU0;171;;UNC_M_CAS_COUNT.RD[UNIT4];10286450;100.00;;"
7682 [140042433455808] INFO perfrun.perfcollector <> - PERF_STAT : "     1.151585300;CPU10;4321;;UNC_M_CAS_COUNT.RD[UNIT4];10287470;100.00;;"
7682 [140042433455808] INFO perfrun.perfcollector <> - PERF_STAT : "     1.151585300;CPU0;261;;UNC_M_CAS_COUNT.RD[UNIT5];10286473;100.00;;"
7682 [140042433455808] INFO perfrun.perfcollector <> - PERF_STAT : "     1.151585300;CPU10;3736;;UNC_M_CAS_COUNT.RD[UNIT5];10287303;100.00;;"
7682 [140042433455808] INFO perfrun.perfcollector <> - PERF_STAT : "     1.151585300;CPU0;31;;UNC_M_CAS_COUNT.WR[UNIT0];10286469;100.00;;"
7682 [140042433455808] INFO perfrun.perfcollector <> - PERF_STAT : "     1.151585300;CPU10;2680;;UNC_M_CAS_COUNT.WR[UNIT0];10286999;100.00;;"
7682 [140042433455808] INFO perfrun.perfcollector <> - PERF_STAT : "     1.151585300;CPU0;84;;UNC_M_CAS_COUNT.WR[UNIT1];10286633;100.00;;"
7682 [140042433455808] INFO perfrun.perfcollector <> - PERF_STAT : "     1.151585300;CPU10;2098;;UNC_M_CAS_COUNT.WR[UNIT1];10287141;100.00;;"
7682 [140042433455808] INFO perfrun.perfcollector <> - PERF_STAT : "     1.151585300;CPU0;32;;UNC_M_CAS_COUNT.WR[UNIT4];10286751;100.00;;"
7682 [140042433455808] INFO perfrun.perfcollector <> - PERF_STAT : "     1.151585300;CPU10;2651;;UNC_M_CAS_COUNT.WR[UNIT4];10287112;100.00;;"
7682 [140042433455808] INFO perfrun.perfcollector <> - PERF_STAT : "     1.151585300;CPU0;99;;UNC_M_CAS_COUNT.WR[UNIT5];10286817;100.00;;"
7682 [140042433455808] INFO perfrun.perfcollector <> - PERF_STAT : "     1.151585300;CPU10;2055;;UNC_M_CAS_COUNT.WR[UNIT5];10287258;100.00;;"
7692 [140042433455808] INFO perfrun.perfcollector <> - PERF_STAT : "     1.161896968;CPU0;95;;UNC_M_CAS_COUNT.RD[UNIT0];10296296;100.00;;"
7692 [140042433455808] INFO perfrun.perfcollector <> - PERF_STAT : "     1.161896968;CPU10;4611;;UNC_M_CAS_COUNT.RD[UNIT0];10265584;100.00;;"
7692 [140042433455808] INFO perfrun.perfcollector <> - PERF_STAT : "     1.161896968;CPU0;124;;UNC_M_CAS_COUNT.RD[UNIT1];10293544;100.00;;"
7692 [140042433455808] INFO perfrun.perfcollector <> - PERF_STAT : "     1.161896968;CPU10;4071;;UNC_M_CAS_COUNT.RD[UNIT1];10265544;100.00;;"
7692 [140042433455808] INFO perfrun.perfcollector <> - PERF_STAT : "     1.161896968;CPU0;101;;UNC_M_CAS_COUNT.RD[UNIT4];10291631;100.00;;"
7692 [140042433455808] INFO perfrun.perfcollector <> - PERF_STAT : "     1.161896968;CPU10;4640;;UNC_M_CAS_COUNT.RD[UNIT4];10265548;100.00;;"
7692 [140042433455808] INFO perfrun.perfcollector <> - PERF_STAT : "     1.161896968;CPU0;138;;UNC_M_CAS_COUNT.RD[UNIT5];10289832;100.00;;"
7692 [140042433455808] INFO perfrun.perfcollector <> - PERF_STAT : "     1.161896968;CPU10;4074;;UNC_M_CAS_COUNT.RD[UNIT5];10265560;100.00;;"
7692 [140042433455808] INFO perfrun.perfcollector <> - PERF_STAT : "     1.161896968;CPU0;59;;UNC_M_CAS_COUNT.WR[UNIT0];10288009;100.00;;"
7693 [140042433455808] INFO perfrun.perfcollector <> - PERF_STAT : "     1.161896968;CPU10;7128;;UNC_M_CAS_COUNT.WR[UNIT0];10265540;100.00;;"
7693 [140042433455808] INFO perfrun.perfcollector <> - PERF_STAT : "     1.161896968;CPU0;89;;UNC_M_CAS_COUNT.WR[UNIT1];10285969;100.00;;"
7693 [140042433455808] INFO perfrun.perfcollector <> - PERF_STAT : "     1.161896968;CPU10;6543;;UNC_M_CAS_COUNT.WR[UNIT1];10265372;100.00;;"
7693 [140042433455808] INFO perfrun.perfcollector <> - PERF_STAT : "     1.161896968;CPU0;45;;UNC_M_CAS_COUNT.WR[UNIT4];10283989;100.00;;"
7693 [140042433455808] INFO perfrun.perfcollector <> - PERF_STAT : "     1.161896968;CPU10;7215;;UNC_M_CAS_COUNT.WR[UNIT4];10265361;100.00;;"
7693 [140042433455808] INFO perfrun.perfcollector <> - PERF_STAT : "     1.161896968;CPU0;83;;UNC_M_CAS_COUNT.WR[UNIT5];10282222;100.00;;"
7693 [140042433455808] INFO perfrun.perfcollector <> - PERF_STAT : "     1.161896968;CPU10;6591;;UNC_M_CAS_COUNT.WR[UNIT5];10265339;100.00;;"
7703 [140042433455808] INFO perfrun.perfcollector <> - PERF_STAT : "     1.172166258;CPU0;1229;;UNC_M_CAS_COUNT.RD[UNIT0];10267952;100.00;;"
7703 [140042433455808] INFO perfrun.perfcollector <> - PERF_STAT : "     1.172166258;CPU10;4381;;UNC_M_CAS_COUNT.RD[UNIT0];10268011;100.00;;"
7703 [140042433455808] INFO perfrun.perfcollector <> - PERF_STAT : "     1.172166258;CPU0;1511;;UNC_M_CAS_COUNT.RD[UNIT1];10267974;100.00;;"
7703 [140042433455808] INFO perfrun.perfcollector <> - PERF_STAT : "     1.172166258;CPU10;3842;;UNC_M_CAS_COUNT.RD[UNIT1];10268025;100.00;;"
7703 [140042433455808] INFO perfrun.perfcollector <> - PERF_STAT : "     1.172166258;CPU0;1222;;UNC_M_CAS_COUNT.RD[UNIT4];10267913;100.00;;"
7703 [140042433455808] INFO perfrun.perfcollector <> - PERF_STAT : "     1.172166258;CPU10;4347;;UNC_M_CAS_COUNT.RD[UNIT4];10267997;100.00;;"
7703 [140042433455808] INFO perfrun.perfcollector <> - PERF_STAT : "     1.172166258;CPU0;1442;;UNC_M_CAS_COUNT.RD[UNIT5];10267925;100.00;;"
7703 [140042433455808] INFO perfrun.perfcollector <> - PERF_STAT : "     1.172166258;CPU10;3789;;UNC_M_CAS_COUNT.RD[UNIT5];10268295;100.00;;"
7703 [140042433455808] INFO perfrun.perfcollector <> - PERF_STAT : "     1.172166258;CPU0;128;;UNC_M_CAS_COUNT.WR[UNIT0];10267929;100.00;;"
7703 [140042433455808] INFO perfrun.perfcollector <> - PERF_STAT : "     1.172166258;CPU10;7578;;UNC_M_CAS_COUNT.WR[UNIT0];10268292;100.00;;"
7703 [140042433455808] INFO perfrun.perfcollector <> - PERF_STAT : "     1.172166258;CPU0;204;;UNC_M_CAS_COUNT.WR[UNIT1];10267920;100.00;;"
7703 [140042433455808] INFO perfrun.perfcollector <> - PERF_STAT : "     1.172166258;CPU10;7208;;UNC_M_CAS_COUNT.WR[UNIT1];10268306;100.00;;"
7703 [140042433455808] INFO perfrun.perfcollector <> - PERF_STAT : "     1.172166258;CPU0;115;;UNC_M_CAS_COUNT.WR[UNIT4];10267947;100.00;;"
7703 [140042433455808] INFO perfrun.perfcollector <> - PERF_STAT : "     1.172166258;CPU10;7612;;UNC_M_CAS_COUNT.WR[UNIT4];10268311;100.00;;"
7703 [140042433455808] INFO perfrun.perfcollector <> - PERF_STAT : "     1.172166258;CPU0;212;;UNC_M_CAS_COUNT.WR[UNIT5];10267788;100.00;;"
7703 [140042433455808] INFO perfrun.perfcollector <> - PERF_STAT : "     1.172166258;CPU10;7317;;UNC_M_CAS_COUNT.WR[UNIT5];10268150;100.00;;"
7713 [140042433455808] INFO perfrun.perfcollector <> - PERF_STAT : "     1.182432140;CPU0;143;;UNC_M_CAS_COUNT.RD[UNIT0];10279682;100.00;;"
7713 [140042433455808] INFO perfrun.perfcollector <> - PERF_STAT : "     1.182432140;CPU10;4298;;UNC_M_CAS_COUNT.RD[UNIT0];10309527;100.00;;"
7713 [140042433455808] INFO perfrun.perfcollector <> - PERF_STAT : "     1.182432140;CPU0;215;;UNC_M_CAS_COUNT.RD[UNIT1];10282505;100.00;;"
7713 [140042433455808] INFO perfrun.perfcollector <> - PERF_STAT : "     1.182432140;CPU10;3768;;UNC_M_CAS_COUNT.RD[UNIT1];10309693;100.00;;"
7713 [140042433455808] INFO perfrun.perfcollector <> - PERF_STAT : "     1.182432140;CPU0;159;;UNC_M_CAS_COUNT.RD[UNIT4];10284422;100.00;;"
7713 [140042433455808] INFO perfrun.perfcollector <> - PERF_STAT : "     1.182432140;CPU10;4308;;UNC_M_CAS_COUNT.RD[UNIT4];10309724;100.00;;"
7713 [140042433455808] INFO perfrun.perfcollector <> - PERF_STAT : "     1.182432140;CPU0;206;;UNC_M_CAS_COUNT.RD[UNIT5];10286180;100.00;;"
7713 [140042433455808] INFO perfrun.perfcollector <> - PERF_STAT : "     1.182432140;CPU10;3769;;UNC_M_CAS_COUNT.RD[UNIT5];10309437;100.00;;"
7713 [140042433455808] INFO perfrun.perfcollector <> - PERF_STAT : "     1.182432140;CPU0;50;;UNC_M_CAS_COUNT.WR[UNIT0];10288035;100.00;;"
7713 [140042433455808] INFO perfrun.perfcollector <> - PERF_STAT : "     1.182432140;CPU10;2754;;UNC_M_CAS_COUNT.WR[UNIT0];10309477;100.00;;"
7713 [140042433455808] INFO perfrun.perfcollector <> - PERF_STAT : "     1.182432140;CPU0;75;;UNC_M_CAS_COUNT.WR[UNIT1];10289901;100.00;;"
7713 [140042433455808] INFO perfrun.perfcollector <> - PERF_STAT : "     1.182432140;CPU10;2344;;UNC_M_CAS_COUNT.WR[UNIT1];10309488;100.00;;"
7713 [140042433455808] INFO perfrun.perfcollector <> - PERF_STAT : "     1.182432140;CPU0;44;;UNC_M_CAS_COUNT.WR[UNIT4];10291756;100.00;;"
7713 [140042433455808] INFO perfrun.perfcollector <> - PERF_STAT : "     1.182432140;CPU10;2742;;UNC_M_CAS_COUNT.WR[UNIT4];10309505;100.00;;"
7713 [140042433455808] INFO perfrun.perfcollector <> - PERF_STAT : "     1.182432140;CPU0;77;;UNC_M_CAS_COUNT.WR[UNIT5];10293622;100.00;;"
7713 [140042433455808] INFO perfrun.perfcollector <> - PERF_STAT : "     1.182432140;CPU10;2229;;UNC_M_CAS_COUNT.WR[UNIT5];10309543;100.00;;"
7723 [140042433455808] INFO perfrun.perfcollector <> - PERF_STAT : "     1.192739214;CPU0;217;;UNC_M_CAS_COUNT.RD[UNIT0];10306342;100.00;;"
7723 [140042433455808] INFO perfrun.perfcollector <> - PERF_STAT : "     1.192739214;CPU10;4681;;UNC_M_CAS_COUNT.RD[UNIT0];10307347;100.00;;"
7723 [140042433455808] INFO perfrun.perfcollector <> - PERF_STAT : "     1.192739214;CPU0;259;;UNC_M_CAS_COUNT.RD[UNIT1];10306412;100.00;;"
7723 [140042433455808] INFO perfrun.perfcollector <> - PERF_STAT : "     1.192739214;CPU10;4100;;UNC_M_CAS_COUNT.RD[UNIT1];10307344;100.00;;"
7723 [140042433455808] INFO perfrun.perfcollector <> - PERF_STAT : "     1.192739214;CPU0;254;;UNC_M_CAS_COUNT.RD[UNIT4];10306472;100.00;;"
7723 [140042433455808] INFO perfrun.perfcollector <> - PERF_STAT : "     1.192739214;CPU10;4670;;UNC_M_CAS_COUNT.RD[UNIT4];10307461;100.00;;"
7723 [140042433455808] INFO perfrun.perfcollector <> - PERF_STAT : "     1.192739214;CPU0;264;;UNC_M_CAS_COUNT.RD[UNIT5];10306592;100.00;;"
7723 [140042433455808] INFO perfrun.perfcollector <> - PERF_STAT : "     1.192739214;CPU10;4099;;UNC_M_CAS_COUNT.RD[UNIT5];10307452;100.00;;"
7723 [140042433455808] INFO perfrun.perfcollector <> - PERF_STAT : "     1.192739214;CPU0;80;;UNC_M_CAS_COUNT.WR[UNIT0];10306533;100.00;;"
7723 [140042433455808] INFO perfrun.perfcollector <> - PERF_STAT : "     1.192739214;CPU10;8054;;UNC_M_CAS_COUNT.WR[UNIT0];10307452;100.00;;"
7723 [140042433455808] INFO perfrun.perfcollector <> - PERF_STAT : "     1.192739214;CPU0;113;;UNC_M_CAS_COUNT.WR[UNIT1];10306676;100.00;;"
7723 [140042433455808] INFO perfrun.perfcollector <> - PERF_STAT : "     1.192739214;CPU10;7396;;UNC_M_CAS_COUNT.WR[UNIT1];10307459;100.00;;"
7723 [140042433455808] INFO perfrun.perfcollector <> - PERF_STAT : "     1.192739214;CPU0;83;;UNC_M_CAS_COUNT.WR[UNIT4];10306696;100.00;;"
7723 [140042433455808] INFO perfrun.perfcollector <> - PERF_STAT : "     1.192739214;CPU10;7922;;UNC_M_CAS_COUNT.WR[UNIT4];10307457;100.00;;"
7723 [140042433455808] INFO perfrun.perfcollector <> - PERF_STAT : "     1.192739214;CPU0;121;;UNC_M_CAS_COUNT.WR[UNIT5];10306666;100.00;;"
7723 [140042433455808] INFO perfrun.perfcollector <> - PERF_STAT : "     1.192739214;CPU10;7609;;UNC_M_CAS_COUNT.WR[UNIT5];10307465;100.00;;"
7734 [140042433455808] INFO perfrun.perfcollector <> - PERF_STAT : "     1.203047704;CPU0;188;;UNC_M_CAS_COUNT.RD[UNIT0];10309599;100.00;;"
7734 [140042433455808] INFO perfrun.perfcollector <> - PERF_STAT : "     1.203047704;CPU10;4237;;UNC_M_CAS_COUNT.RD[UNIT0];10323276;100.00;;"
7734 [140042433455808] INFO perfrun.perfcollector <> - PERF_STAT : "     1.203047704;CPU0;215;;UNC_M_CAS_COUNT.RD[UNIT1];10309529;100.00;;"
7734 [140042433455808] INFO perfrun.perfcollector <> - PERF_STAT : "     1.203047704;CPU10;3698;;UNC_M_CAS_COUNT.RD[UNIT1];10323275;100.00;;"
7734 [140042433455808] INFO perfrun.perfcollector <> - PERF_STAT : "     1.203047704;CPU0;202;;UNC_M_CAS_COUNT.RD[UNIT4];10324996;100.00;;"
7734 [140042433455808] INFO perfrun.perfcollector <> - PERF_STAT : "     1.203047704;CPU10;4257;;UNC_M_CAS_COUNT.RD[UNIT4];10323218;100.00;;"
7734 [140042433455808] INFO perfrun.perfcollector <> - PERF_STAT : "     1.203047704;CPU0;237;;UNC_M_CAS_COUNT.RD[UNIT5];10325176;100.00;;"
7734 [140042433455808] INFO perfrun.perfcollector <> - PERF_STAT : "     1.203047704;CPU10;3710;;UNC_M_CAS_COUNT.RD[UNIT5];10323227;100.00;;"
7734 [140042433455808] INFO perfrun.perfcollector <> - PERF_STAT : "     1.203047704;CPU0;151;;UNC_M_CAS_COUNT.WR[UNIT0];10325376;100.00;;"
7734 [140042433455808] INFO perfrun.perfcollector <> - PERF_STAT : "     1.203047704;CPU10;7308;;UNC_M_CAS_COUNT.WR[UNIT0];10323211;100.00;;"
7734 [140042433455808] INFO perfrun.perfcollector <> - PERF_STAT : "     1.203047704;CPU0;185;;UNC_M_CAS_COUNT.WR[UNIT1];10325246;100.00;;"
7734 [140042433455808] INFO perfrun.perfcollector <> - PERF_STAT : "     1.203047704;CPU10;6730;;UNC_M_CAS_COUNT.WR[UNIT1];10323209;100.00;;"
7734 [140042433455808] INFO perfrun.perfcollector <> - PERF_STAT : "     1.203047704;CPU0;155;;UNC_M_CAS_COUNT.WR[UNIT4];10325246;100.00;;"
7734 [140042433455808] INFO perfrun.perfcollector <> - PERF_STAT : "     1.203047704;CPU10;7211;;UNC_M_CAS_COUNT.WR[UNIT4];10323240;100.00;;"
7734 [140042433455808] INFO perfrun.perfcollector <> - PERF_STAT : "     1.203047704;CPU0;200;;UNC_M_CAS_COUNT.WR[UNIT5];10325250;100.00;;"
7734 [140042433455808] INFO perfrun.perfcollector <> - PERF_STAT : "     1.203047704;CPU10;6563;;UNC_M_CAS_COUNT.WR[UNIT5];10323215;100.00;;"
7744 [140042433455808] INFO perfrun.perfcollector <> - PERF_STAT : "     1.213373184;CPU0;459;;UNC_M_CAS_COUNT.RD[UNIT0];10322420;100.00;;"
7744 [140042433455808] INFO perfrun.perfcollector <> - PERF_STAT : "     1.213373184;CPU10;4299;;UNC_M_CAS_COUNT.RD[UNIT0];10307894;100.00;;"
7744 [140042433455808] INFO perfrun.perfcollector <> - PERF_STAT : "     1.213373184;CPU0;538;;UNC_M_CAS_COUNT.RD[UNIT1];10322364;100.00;;"
7744 [140042433455808] INFO perfrun.perfcollector <> - PERF_STAT : "     1.213373184;CPU10;3755;;UNC_M_CAS_COUNT.RD[UNIT1];10307756;100.00;;"
7744 [140042433455808] INFO perfrun.perfcollector <> - PERF_STAT : "     1.213373184;CPU0;462;;UNC_M_CAS_COUNT.RD[UNIT4];10306860;100.00;;"
7744 [140042433455808] INFO perfrun.perfcollector <> - PERF_STAT : "     1.213373184;CPU10;4310;;UNC_M_CAS_COUNT.RD[UNIT4];10307880;100.00;;"
7744 [140042433455808] INFO perfrun.perfcollector <> - PERF_STAT : "     1.213373184;CPU0;563;;UNC_M_CAS_COUNT.RD[UNIT5];10306506;100.00;;"
7744 [140042433455808] INFO perfrun.perfcollector <> - PERF_STAT : "     1.213373184;CPU10;3738;;UNC_M_CAS_COUNT.RD[UNIT5];10307902;100.00;;"
7744 [140042433455808] INFO perfrun.perfcollector <> - PERF_STAT : "     1.213373184;CPU0;131;;UNC_M_CAS_COUNT.WR[UNIT0];10306372;100.00;;"
7744 [140042433455808] INFO perfrun.perfcollector <> - PERF_STAT : "     1.213373184;CPU10;2803;;UNC_M_CAS_COUNT.WR[UNIT0];10307891;100.00;;"
7744 [140042433455808] INFO perfrun.perfcollector <> - PERF_STAT : "     1.213373184;CPU0;173;;UNC_M_CAS_COUNT.WR[UNIT1];10306365;100.00;;"
7744 [140042433455808] INFO perfrun.perfcollector <> - PERF_STAT : "     1.213373184;CPU10;2351;;UNC_M_CAS_COUNT.WR[UNIT1];10307886;100.00;;"
7744 [140042433455808] INFO perfrun.perfcollector <> - PERF_STAT : "     1.213373184;CPU0;111;;UNC_M_CAS_COUNT.WR[UNIT4];10306332;100.00;;"
7744 [140042433455808] INFO perfrun.perfcollector <> - PERF_STAT : "     1.213373184;CPU10;2893;;UNC_M_CAS_COUNT.WR[UNIT4];10307851;100.00;;"
7744 [140042433455808] INFO perfrun.perfcollector <> - PERF_STAT : "     1.213373184;CPU0;211;;UNC_M_CAS_COUNT.WR[UNIT5];10306338;100.00;;"
7744 [140042433455808] INFO perfrun.perfcollector <> - PERF_STAT : "     1.213373184;CPU10;2336;;UNC_M_CAS_COUNT.WR[UNIT5];10307867;100.00;;"
7754 [140042433455808] INFO perfrun.perfcollector <> - PERF_STAT : "     1.223680893;CPU0;117;;UNC_M_CAS_COUNT.RD[UNIT0];10309369;100.00;;"
7754 [140042433455808] INFO perfrun.perfcollector <> - PERF_STAT : "     1.223680893;CPU10;4506;;UNC_M_CAS_COUNT.RD[UNIT0];10310049;100.00;;"
7754 [140042433455808] INFO perfrun.perfcollector <> - PERF_STAT : "     1.223680893;CPU0;151;;UNC_M_CAS_COUNT.RD[UNIT1];10309455;100.00;;"
7754 [140042433455808] INFO perfrun.perfcollector <> - PERF_STAT : "     1.223680893;CPU10;3957;;UNC_M_CAS_COUNT.RD[UNIT1];10309991;100.00;;"
7754 [140042433455808] INFO perfrun.perfcollector <> - PERF_STAT : "     1.223680893;CPU0;120;;UNC_M_CAS_COUNT.RD[UNIT4];10309429;100.00;;"
7754 [140042433455808] INFO perfrun.perfcollector <> - PERF_STAT : "     1.223680893;CPU10;4508;;UNC_M_CAS_COUNT.RD[UNIT4];10309843;100.00;;"
7754 [140042433455808] INFO perfrun.perfcollector <> - PERF_STAT : "     1.223680893;CPU0;151;;UNC_M_CAS_COUNT.RD[UNIT5];10309439;100.00;;"
7754 [140042433455808] INFO perfrun.perfcollector <> - PERF_STAT : "     1.223680893;CPU10;3948;;UNC_M_CAS_COUNT.RD[UNIT5];10309809;100.00;;"
7754 [140042433455808] INFO perfrun.perfcollector <> - PERF_STAT : "     1.223680893;CPU0;83;;UNC_M_CAS_COUNT.WR[UNIT0];10309402;100.00;;"
7754 [140042433455808] INFO perfrun.perfcollector <> - PERF_STAT : "     1.223680893;CPU10;7387;;UNC_M_CAS_COUNT.WR[UNIT0];10309812;100.00;;"
7754 [140042433455808] INFO perfrun.perfcollector <> - PERF_STAT : "     1.223680893;CPU0;115;;UNC_M_CAS_COUNT.WR[UNIT1];10309399;100.00;;"
7754 [140042433455808] INFO perfrun.perfcollector <> - PERF_STAT : "     1.223680893;CPU10;6927;;UNC_M_CAS_COUNT.WR[UNIT1];10309811;100.00;;"
7754 [140042433455808] INFO perfrun.perfcollector <> - PERF_STAT : "     1.223680893;CPU0;84;;UNC_M_CAS_COUNT.WR[UNIT4];10309423;100.00;;"
7754 [140042433455808] INFO perfrun.perfcollector <> - PERF_STAT : "     1.223680893;CPU10;7544;;UNC_M_CAS_COUNT.WR[UNIT4];10309826;100.00;;"
7754 [140042433455808] INFO perfrun.perfcollector <> - PERF_STAT : "     1.223680893;CPU0;125;;UNC_M_CAS_COUNT.WR[UNIT5];10309433;100.00;;"
7754 [140042433455808] INFO perfrun.perfcollector <> - PERF_STAT : "     1.223680893;CPU10;7133;;UNC_M_CAS_COUNT.WR[UNIT5];10309823;100.00;;"
7765 [140042433455808] INFO perfrun.perfcollector <> - PERF_STAT : "     1.233991939;CPU0;222;;UNC_M_CAS_COUNT.RD[UNIT0];10308006;100.00;;"
7765 [140042433455808] INFO perfrun.perfcollector <> - PERF_STAT : "     1.233991939;CPU10;4162;;UNC_M_CAS_COUNT.RD[UNIT0];10308569;100.00;;"
7765 [140042433455808] INFO perfrun.perfcollector <> - PERF_STAT : "     1.233991939;CPU0;289;;UNC_M_CAS_COUNT.RD[UNIT1];10307920;100.00;;"
7765 [140042433455808] INFO perfrun.perfcollector <> - PERF_STAT : "     1.233991939;CPU10;3616;;UNC_M_CAS_COUNT.RD[UNIT1];10308793;100.00;;"
7765 [140042433455808] INFO perfrun.perfcollector <> - PERF_STAT : "     1.233991939;CPU0;213;;UNC_M_CAS_COUNT.RD[UNIT4];10308176;100.00;;"
7765 [140042433455808] INFO perfrun.perfcollector <> - PERF_STAT : "     1.233991939;CPU10;4178;;UNC_M_CAS_COUNT.RD[UNIT4];10309002;100.00;;"
7765 [140042433455808] INFO perfrun.perfcollector <> - PERF_STAT : "     1.233991939;CPU0;281;;UNC_M_CAS_COUNT.RD[UNIT5];10308179;100.00;;"
7765 [140042433455808] INFO perfrun.perfcollector <> - PERF_STAT : "     1.233991939;CPU10;3595;;UNC_M_CAS_COUNT.RD[UNIT5];10309034;100.00;;"
7765 [140042433455808] INFO perfrun.perfcollector <> - PERF_STAT : "     1.233991939;CPU0;58;;UNC_M_CAS_COUNT.WR[UNIT0];10308314;100.00;;"
7765 [140042433455808] INFO perfrun.perfcollector <> - PERF_STAT : "     1.233991939;CPU10;2535;;UNC_M_CAS_COUNT.WR[UNIT0];10308927;100.00;;"
7765 [140042433455808] INFO perfrun.perfcollector <> - PERF_STAT : "     1.233991939;CPU0;119;;UNC_M_CAS_COUNT.WR[UNIT1];10308381;100.00;;"
7765 [140042433455808] INFO perfrun.perfcollector <> - PERF_STAT : "     1.233991939;CPU10;2028;;UNC_M_CAS_COUNT.WR[UNIT1];10308946;100.00;;"
7765 [140042433455808] INFO perfrun.perfcollector <> - PERF_STAT : "     1.233991939;CPU0;49;;UNC_M_CAS_COUNT.WR[UNIT4];10308360;100.00;;"
7765 [140042433455808] INFO perfrun.perfcollector <> - PERF_STAT : "     1.233991939;CPU10;2692;;UNC_M_CAS_COUNT.WR[UNIT4];10308948;100.00;;"
7765 [140042433455808] INFO perfrun.perfcollector <> - PERF_STAT : "     1.233991939;CPU0;118;;UNC_M_CAS_COUNT.WR[UNIT5];10308440;100.00;;"
7765 [140042433455808] INFO perfrun.perfcollector <> - PERF_STAT : "     1.233991939;CPU10;2100;;UNC_M_CAS_COUNT.WR[UNIT5];10308943;100.00;;"
7775 [140042433455808] INFO perfrun.perfcollector <> - PERF_STAT : "     1.244309281;CPU0;3425;;UNC_M_CAS_COUNT.RD[UNIT0];10317591;100.00;;"
7775 [140042433455808] INFO perfrun.perfcollector <> - PERF_STAT : "     1.244309281;CPU10;8110;;UNC_M_CAS_COUNT.RD[UNIT0];10325164;100.00;;"
7775 [140042433455808] INFO perfrun.perfcollector <> - PERF_STAT : "     1.244309281;CPU0;3570;;UNC_M_CAS_COUNT.RD[UNIT1];10317551;100.00;;"
7775 [140042433455808] INFO perfrun.perfcollector <> - PERF_STAT : "     1.244309281;CPU10;7586;;UNC_M_CAS_COUNT.RD[UNIT1];10325397;100.00;;"
7775 [140042433455808] INFO perfrun.perfcollector <> - PERF_STAT : "     1.244309281;CPU0;3373;;UNC_M_CAS_COUNT.RD[UNIT4];10325299;100.00;;"
7775 [140042433455808] INFO perfrun.perfcollector <> - PERF_STAT : "     1.244309281;CPU10;8112;;UNC_M_CAS_COUNT.RD[UNIT4];10325379;100.00;;"
7775 [140042433455808] INFO perfrun.perfcollector <> - PERF_STAT : "     1.244309281;CPU0;3508;;UNC_M_CAS_COUNT.RD[UNIT5];10325420;100.00;;"
7775 [140042433455808] INFO perfrun.perfcollector <> - PERF_STAT : "     1.244309281;CPU10;7599;;UNC_M_CAS_COUNT.RD[UNIT5];10325502;100.00;;"
7775 [140042433455808] INFO perfrun.perfcollector <> - PERF_STAT : "     1.244309281;CPU0;114;;UNC_M_CAS_COUNT.WR[UNIT0];10325293;100.00;;"
7775 [140042433455808] INFO perfrun.perfcollector <> - PERF_STAT : "     1.244309281;CPU10;11770;;UNC_M_CAS_COUNT.WR[UNIT0];10325486;100.00;;"
7775 [140042433455808] INFO perfrun.perfcollector <> - PERF_STAT : "     1.244309281;CPU0;177;;UNC_M_CAS_COUNT.WR[UNIT1];10325222;100.00;;"
7775 [140042433455808] INFO perfrun.perfcollector <> - PERF_STAT : "     1.244309281;CPU10;11033;;UNC_M_CAS_COUNT.WR[UNIT1];10325456;100.00;;"
7775 [140042433455808] INFO perfrun.perfcollector <> - PERF_STAT : "     1.244309281;CPU0;104;;UNC_M_CAS_COUNT.WR[UNIT4];10325196;100.00;;"
7775 [140042433455808] INFO perfrun.perfcollector <> - PERF_STAT : "     1.244309281;CPU10;11705;;UNC_M_CAS_COUNT.WR[UNIT4];10325434;100.00;;"
7775 [140042433455808] INFO perfrun.perfcollector <> - PERF_STAT : "     1.244309281;CPU0;184;;UNC_M_CAS_COUNT.WR[UNIT5];10325116;100.00;;"
7775 [140042433455808] INFO perfrun.perfcollector <> - PERF_STAT : "     1.244309281;CPU10;11023;;UNC_M_CAS_COUNT.WR[UNIT5];10325430;100.00;;"
7785 [140042433455808] INFO perfrun.perfcollector <> - PERF_STAT : "     1.254626060;CPU0;138;;UNC_M_CAS_COUNT.RD[UNIT0];10315165;100.00;;"
7785 [140042433455808] INFO perfrun.perfcollector <> - PERF_STAT : "     1.254626060;CPU10;4461;;UNC_M_CAS_COUNT.RD[UNIT0];10308087;100.00;;"
7785 [140042433455808] INFO perfrun.perfcollector <> - PERF_STAT : "     1.254626060;CPU0;184;;UNC_M_CAS_COUNT.RD[UNIT1];10315255;100.00;;"
7785 [140042433455808] INFO perfrun.perfcollector <> - PERF_STAT : "     1.254626060;CPU10;3916;;UNC_M_CAS_COUNT.RD[UNIT1];10307707;100.00;;"
7785 [140042433455808] INFO perfrun.perfcollector <> - PERF_STAT : "     1.254626060;CPU0;122;;UNC_M_CAS_COUNT.RD[UNIT4];10307242;100.00;;"
7785 [140042433455808] INFO perfrun.perfcollector <> - PERF_STAT : "     1.254626060;CPU10;4470;;UNC_M_CAS_COUNT.RD[UNIT4];10307499;100.00;;"
7785 [140042433455808] INFO perfrun.perfcollector <> - PERF_STAT : "     1.254626060;CPU0;211;;UNC_M_CAS_COUNT.RD[UNIT5];10307255;100.00;;"
7785 [140042433455808] INFO perfrun.perfcollector <> - PERF_STAT : "     1.254626060;CPU10;3915;;UNC_M_CAS_COUNT.RD[UNIT5];10307786;100.00;;"
7785 [140042433455808] INFO perfrun.perfcollector <> - PERF_STAT : "     1.254626060;CPU0;62;;UNC_M_CAS_COUNT.WR[UNIT0];10307244;100.00;;"
7785 [140042433455808] INFO perfrun.perfcollector <> - PERF_STAT : "     1.254626060;CPU10;7476;;UNC_M_CAS_COUNT.WR[UNIT0];10308072;100.00;;"
7785 [140042433455808] INFO perfrun.perfcollector <> - PERF_STAT : "     1.254626060;CPU0;113;;UNC_M_CAS_COUNT.WR[UNIT1];10307388;100.00;;"
7785 [140042433455808] INFO perfrun.perfcollector <> - PERF_STAT : "     1.254626060;CPU10;7021;;UNC_M_CAS_COUNT.WR[UNIT1];10308083;100.00;;"
7785 [140042433455808] INFO perfrun.perfcollector <> - PERF_STAT : "     1.254626060;CPU0;72;;UNC_M_CAS_COUNT.WR[UNIT4];10307408;100.00;;"
7785 [140042433455808] INFO perfrun.perfcollector <> - PERF_STAT : "     1.254626060;CPU10;7550;;UNC_M_CAS_COUNT.WR[UNIT4];10308086;100.00;;"
7785 [140042433455808] INFO perfrun.perfcollector <> - PERF_STAT : "     1.254626060;CPU0;117;;UNC_M_CAS_COUNT.WR[UNIT5];10307391;100.00;;"
7785 [140042433455808] INFO perfrun.perfcollector <> - PERF_STAT : "     1.254626060;CPU10;6959;;UNC_M_CAS_COUNT.WR[UNIT5];10308096;100.00;;"
7795 [140042433455808] INFO perfrun.perfcollector <> - PERF_STAT : "     1.264935813;CPU0;364;;UNC_M_CAS_COUNT.RD[UNIT0];10313907;100.00;;"
7795 [140042433455808] INFO perfrun.perfcollector <> - PERF_STAT : "     1.264935813;CPU10;4146;;UNC_M_CAS_COUNT.RD[UNIT0];10313077;100.00;;"
7796 [140042433455808] INFO perfrun.perfcollector <> - PERF_STAT : "     1.264935813;CPU0;449;;UNC_M_CAS_COUNT.RD[UNIT1];10313977;100.00;;"
7796 [140042433455808] INFO perfrun.perfcollector <> - PERF_STAT : "     1.264935813;CPU10;3609;;UNC_M_CAS_COUNT.RD[UNIT1];10313090;100.00;;"
7796 [140042433455808] INFO perfrun.perfcollector <> - PERF_STAT : "     1.264935813;CPU0;349;;UNC_M_CAS_COUNT.RD[UNIT4];10314240;100.00;;"
7796 [140042433455808] INFO perfrun.perfcollector <> - PERF_STAT : "     1.264935813;CPU10;4135;;UNC_M_CAS_COUNT.RD[UNIT4];10313078;100.00;;"
7796 [140042433455808] INFO perfrun.perfcollector <> - PERF_STAT : "     1.264935813;CPU0;448;;UNC_M_CAS_COUNT.RD[UNIT5];10314216;100.00;;"
7796 [140042433455808] INFO perfrun.perfcollector <> - PERF_STAT : "     1.264935813;CPU10;3577;;UNC_M_CAS_COUNT.RD[UNIT5];10312664;100.00;;"
7796 [140042433455808] INFO perfrun.perfcollector <> - PERF_STAT : "     1.264935813;CPU0;116;;UNC_M_CAS_COUNT.WR[UNIT0];10314294;100.00;;"
7796 [140042433455808] INFO perfrun.perfcollector <> - PERF_STAT : "     1.264935813;CPU10;2758;;UNC_M_CAS_COUNT.WR[UNIT0];10312565;100.00;;"
7796 [140042433455808] INFO perfrun.perfcollector <> - PERF_STAT : "     1.264935813;CPU0;184;;UNC_M_CAS_COUNT.WR[UNIT1];10314147;100.00;;"
7796 [140042433455808] INFO perfrun.perfcollector <> - PERF_STAT : "     1.264935813;CPU10;2171;;UNC_M_CAS_COUNT.WR[UNIT1];10312764;100.00;;"
7796 [140042433455808] INFO perfrun.perfcollector <> - PERF_STAT : "     1.264935813;CPU0;110;;UNC_M_CAS_COUNT.WR[UNIT4];10314130;100.00;;"
7796 [140042433455808] INFO perfrun.perfcollector <> - PERF_STAT : "     1.264935813;CPU10;2766;;UNC_M_CAS_COUNT.WR[UNIT4];10312781;100.00;;"
7796 [140042433455808] INFO perfrun.perfcollector <> - PERF_STAT : "     1.264935813;CPU0;170;;UNC_M_CAS_COUNT.WR[UNIT5];10314113;100.00;;"
7796 [140042433455808] INFO perfrun.perfcollector <> - PERF_STAT : "     1.264935813;CPU10;2233;;UNC_M_CAS_COUNT.WR[UNIT5];10312891;100.00;;"
7806 [140042433455808] INFO perfrun.perfcollector <> - PERF_STAT : "     1.275225663;CPU0;878;;UNC_M_CAS_COUNT.RD[UNIT0];10282129;100.00;;"
7806 [140042433455808] INFO perfrun.perfcollector <> - PERF_STAT : "     1.275225663;CPU10;5122;;UNC_M_CAS_COUNT.RD[UNIT0];10280952;100.00;;"
7806 [140042433455808] INFO perfrun.perfcollector <> - PERF_STAT : "     1.275225663;CPU0;1008;;UNC_M_CAS_COUNT.RD[UNIT1];10282109;100.00;;"
7806 [140042433455808] INFO perfrun.perfcollector <> - PERF_STAT : "     1.275225663;CPU10;4555;;UNC_M_CAS_COUNT.RD[UNIT1];10281014;100.00;;"
7806 [140042433455808] INFO perfrun.perfcollector <> - PERF_STAT : "     1.275225663;CPU0;898;;UNC_M_CAS_COUNT.RD[UNIT4];10281859;100.00;;"
7806 [140042433455808] INFO perfrun.perfcollector <> - PERF_STAT : "     1.275225663;CPU10;5065;;UNC_M_CAS_COUNT.RD[UNIT4];10281195;100.00;;"
7806 [140042433455808] INFO perfrun.perfcollector <> - PERF_STAT : "     1.275225663;CPU0;958;;UNC_M_CAS_COUNT.RD[UNIT5];10281900;100.00;;"
7806 [140042433455808] INFO perfrun.perfcollector <> - PERF_STAT : "     1.275225663;CPU10;4499;;UNC_M_CAS_COUNT.RD[UNIT5];10281217;100.00;;"
7806 [140042433455808] INFO perfrun.perfcollector <> - PERF_STAT : "     1.275225663;CPU0;145;;UNC_M_CAS_COUNT.WR[UNIT0];10281845;100.00;;"
7806 [140042433455808] INFO perfrun.perfcollector <> - PERF_STAT : "     1.275225663;CPU10;8122;;UNC_M_CAS_COUNT.WR[UNIT0];10281200;100.00;;"
7806 [140042433455808] INFO perfrun.perfcollector <> - PERF_STAT : "     1.275225663;CPU0;254;;UNC_M_CAS_COUNT.WR[UNIT1];10281882;100.00;;"
7806 [140042433455808] INFO perfrun.perfcollector <> - PERF_STAT : "     1.275225663;CPU10;7536;;UNC_M_CAS_COUNT.WR[UNIT1];10281073;100.00;;"
7806 [140042433455808] INFO perfrun.perfcollector <> - PERF_STAT : "     1.275225663;CPU0;127;;UNC_M_CAS_COUNT.WR[UNIT4];10281913;100.00;;"
7806 [140042433455808] INFO perfrun.perfcollector <> - PERF_STAT : "     1.275225663;CPU10;7922;;UNC_M_CAS_COUNT.WR[UNIT4];10281112;100.00;;"
7806 [140042433455808] INFO perfrun.perfcollector <> - PERF_STAT : "     1.275225663;CPU0;250;;UNC_M_CAS_COUNT.WR[UNIT5];10281939;100.00;;"
7806 [140042433455808] INFO perfrun.perfcollector <> - PERF_STAT : "     1.275225663;CPU10;7436;;UNC_M_CAS_COUNT.WR[UNIT5];10281047;100.00;;"
7816 [140042433455808] INFO perfrun.perfcollector <> - PERF_STAT : "     1.285538913;CPU0;330;;UNC_M_CAS_COUNT.RD[UNIT0];10316680;100.00;;"
7816 [140042433455808] INFO perfrun.perfcollector <> - PERF_STAT : "     1.285538913;CPU10;4658;;UNC_M_CAS_COUNT.RD[UNIT0];10317084;100.00;;"
7816 [140042433455808] INFO perfrun.perfcollector <> - PERF_STAT : "     1.285538913;CPU0;350;;UNC_M_CAS_COUNT.RD[UNIT1];10316650;100.00;;"
7816 [140042433455808] INFO perfrun.perfcollector <> - PERF_STAT : "     1.285538913;CPU10;4078;;UNC_M_CAS_COUNT.RD[UNIT1];10317063;100.00;;"
7816 [140042433455808] INFO perfrun.perfcollector <> - PERF_STAT : "     1.285538913;CPU0;311;;UNC_M_CAS_COUNT.RD[UNIT4];10316656;100.00;;"
7816 [140042433455808] INFO perfrun.perfcollector <> - PERF_STAT : "     1.285538913;CPU10;4674;;UNC_M_CAS_COUNT.RD[UNIT4];10316871;100.00;;"
7816 [140042433455808] INFO perfrun.perfcollector <> - PERF_STAT : "     1.285538913;CPU0;368;;UNC_M_CAS_COUNT.RD[UNIT5];10316528;100.00;;"
7816 [140042433455808] INFO perfrun.perfcollector <> - PERF_STAT : "     1.285538913;CPU10;4101;;UNC_M_CAS_COUNT.RD[UNIT5];10316823;100.00;;"
7816 [140042433455808] INFO perfrun.perfcollector <> - PERF_STAT : "     1.285538913;CPU0;66;;UNC_M_CAS_COUNT.WR[UNIT0];10316486;100.00;;"
7816 [140042433455808] INFO perfrun.perfcollector <> - PERF_STAT : "     1.285538913;CPU10;7230;;UNC_M_CAS_COUNT.WR[UNIT0];10316787;100.00;;"
7816 [140042433455808] INFO perfrun.perfcollector <> - PERF_STAT : "     1.285538913;CPU0;112;;UNC_M_CAS_COUNT.WR[UNIT1];10316466;100.00;;"
7816 [140042433455808] INFO perfrun.perfcollector <> - PERF_STAT : "     1.285538913;CPU10;6815;;UNC_M_CAS_COUNT.WR[UNIT1];10316716;100.00;;"
7816 [140042433455808] INFO perfrun.perfcollector <> - PERF_STAT : "     1.285538913;CPU0;64;;UNC_M_CAS_COUNT.WR[UNIT4];10316458;100.00;;"
7816 [140042433455808] INFO perfrun.perfcollector <> - PERF_STAT : "     1.285538913;CPU10;7239;;UNC_M_CAS_COUNT.WR[UNIT4];10316677;100.00;;"
7816 [140042433455808] INFO perfrun.perfcollector <> - PERF_STAT : "     1.285538913;CPU0;123;;UNC_M_CAS_COUNT.WR[UNIT5];10316433;100.00;;"
7816 [140042433455808] INFO perfrun.perfcollector <> - PERF_STAT : "     1.285538913;CPU10;6573;;UNC_M_CAS_COUNT.WR[UNIT5];10316631;100.00;;"
7826 [140042433455808] INFO perfrun.perfcollector <> - PERF_STAT : "     1.295847157;CPU0;1488;;UNC_M_CAS_COUNT.RD[UNIT0];10307772;100.00;;"
7826 [140042433455808] INFO perfrun.perfcollector <> - PERF_STAT : "     1.295847157;CPU10;4044;;UNC_M_CAS_COUNT.RD[UNIT0];10308381;100.00;;"
7826 [140042433455808] INFO perfrun.perfcollector <> - PERF_STAT : "     1.295847157;CPU0;1809;;UNC_M_CAS_COUNT.RD[UNIT1];10307906;100.00;;"
7826 [140042433455808] INFO perfrun.perfcollector <> - PERF_STAT : "     1.295847157;CPU10;3507;;UNC_M_CAS_COUNT.RD[UNIT1];10308371;100.00;;"
7826 [140042433455808] INFO perfrun.perfcollector <> - PERF_STAT : "     1.295847157;CPU0;1481;;UNC_M_CAS_COUNT.RD[UNIT4];10307932;100.00;;"
7826 [140042433455808] INFO perfrun.perfcollector <> - PERF_STAT : "     1.295847157;CPU10;4058;;UNC_M_CAS_COUNT.RD[UNIT4];10308535;100.00;;"
7826 [140042433455808] INFO perfrun.perfcollector <> - PERF_STAT : "     1.295847157;CPU0;1625;;UNC_M_CAS_COUNT.RD[UNIT5];10308019;100.00;;"
7826 [140042433455808] INFO perfrun.perfcollector <> - PERF_STAT : "     1.295847157;CPU10;3494;;UNC_M_CAS_COUNT.RD[UNIT5];10308719;100.00;;"
7826 [140042433455808] INFO perfrun.perfcollector <> - PERF_STAT : "     1.295847157;CPU0;99;;UNC_M_CAS_COUNT.WR[UNIT0];10308056;100.00;;"
7827 [140042433455808] INFO perfrun.perfcollector <> - PERF_STAT : "     1.295847157;CPU10;2928;;UNC_M_CAS_COUNT.WR[UNIT0];10308597;100.00;;"
7827 [140042433455808] INFO perfrun.perfcollector <> - PERF_STAT : "     1.295847157;CPU0;165;;UNC_M_CAS_COUNT.WR[UNIT1];10308209;100.00;;"
7827 [140042433455808] INFO perfrun.perfcollector <> - PERF_STAT : "     1.295847157;CPU10;2455;;UNC_M_CAS_COUNT.WR[UNIT1];10308883;100.00;;"
7827 [140042433455808] INFO perfrun.perfcollector <> - PERF_STAT : "     1.295847157;CPU0;108;;UNC_M_CAS_COUNT.WR[UNIT4];10308514;100.00;;"
7827 [140042433455808] INFO perfrun.perfcollector <> - PERF_STAT : "     1.295847157;CPU10;2928;;UNC_M_CAS_COUNT.WR[UNIT4];10308911;100.00;;"
7827 [140042433455808] INFO perfrun.perfcollector <> - PERF_STAT : "     1.295847157;CPU0;162;;UNC_M_CAS_COUNT.WR[UNIT5];10308554;100.00;;"
7827 [140042433455808] INFO perfrun.perfcollector <> - PERF_STAT : "     1.295847157;CPU10;2420;;UNC_M_CAS_COUNT.WR[UNIT5];10308899;100.00;;"
7837 [140042433455808] INFO perfrun.perfcollector <> - PERF_STAT : "     1.306158269;CPU0;656;;UNC_M_CAS_COUNT.RD[UNIT0];10294253;100.00;;"
7837 [140042433455808] INFO perfrun.perfcollector <> - PERF_STAT : "     1.306158269;CPU10;4815;;UNC_M_CAS_COUNT.RD[UNIT0];10264088;100.00;;"
7837 [140042433455808] INFO perfrun.perfcollector <> - PERF_STAT : "     1.306158269;CPU0;787;;UNC_M_CAS_COUNT.RD[UNIT1];10291559;100.00;;"
7837 [140042433455808] INFO perfrun.perfcollector <> - PERF_STAT : "     1.306158269;CPU10;4298;;UNC_M_CAS_COUNT.RD[UNIT1];10263938;100.00;;"
7837 [140042433455808] INFO perfrun.perfcollector <> - PERF_STAT : "     1.306158269;CPU0;651;;UNC_M_CAS_COUNT.RD[UNIT4];10289702;100.00;;"
7837 [140042433455808] INFO perfrun.perfcollector <> - PERF_STAT : "     1.306158269;CPU10;4861;;UNC_M_CAS_COUNT.RD[UNIT4];10263914;100.00;;"
7837 [140042433455808] INFO perfrun.perfcollector <> - PERF_STAT : "     1.306158269;CPU0;836;;UNC_M_CAS_COUNT.RD[UNIT5];10287858;100.00;;"
7837 [140042433455808] INFO perfrun.perfcollector <> - PERF_STAT : "     1.306158269;CPU10;4311;;UNC_M_CAS_COUNT.RD[UNIT5];10263708;100.00;;"
7837 [140042433455808] INFO perfrun.perfcollector <> - PERF_STAT : "     1.306158269;CPU0;605;;UNC_M_CAS_COUNT.WR[UNIT0];10286057;100.00;;"
7837 [140042433455808] INFO perfrun.perfcollector <> - PERF_STAT : "     1.306158269;CPU10;7333;;UNC_M_CAS_COUNT.WR[UNIT0];10264085;100.00;;"
7837 [140042433455808] INFO perfrun.perfcollector <> - PERF_STAT : "     1.306158269;CPU0;723;;UNC_M_CAS_COUNT.WR[UNIT1];10284121;100.00;;"
7837 [140042433455808] INFO perfrun.perfcollector <> - PERF_STAT : "     1.306158269;CPU10;6860;;UNC_M_CAS_COUNT.WR[UNIT1];10264005;100.00;;"
7837 [140042433455808] INFO perfrun.perfcollector <> - PERF_STAT : "     1.306158269;CPU0;685;;UNC_M_CAS_COUNT.WR[UNIT4];10282028;100.00;;"
7837 [140042433455808] INFO perfrun.perfcollector <> - PERF_STAT : "     1.306158269;CPU10;7131;;UNC_M_CAS_COUNT.WR[UNIT4];10263964;100.00;;"
7837 [140042433455808] INFO perfrun.perfcollector <> - PERF_STAT : "     1.306158269;CPU0;739;;UNC_M_CAS_COUNT.WR[UNIT5];10280245;100.00;;"
7837 [140042433455808] INFO perfrun.perfcollector <> - PERF_STAT : "     1.306158269;CPU10;6802;;UNC_M_CAS_COUNT.WR[UNIT5];10263932;100.00;;"
7847 [140042433455808] INFO perfrun.perfcollector <> - PERF_STAT : "     1.316428827;CPU0;522;;UNC_M_CAS_COUNT.RD[UNIT0];10288221;100.00;;"
7852 [140042433455808] INFO perfrun.perfcollector <> - PERF_STAT : "     1.316428827;CPU10;5159;;UNC_M_CAS_COUNT.RD[UNIT0];10287362;100.00;;"
7854 [140042433455808] INFO perfrun.perfcollector <> - PERF_STAT : "     1.316428827;CPU0;1012;;UNC_M_CAS_COUNT.RD[UNIT1];10287868;100.00;;"
7854 [140042433455808] INFO perfrun.perfcollector <> - PERF_STAT : "     1.316428827;CPU10;4613;;UNC_M_CAS_COUNT.RD[UNIT1];10287386;100.00;;"
7854 [140042433455808] INFO perfrun.perfcollector <> - PERF_STAT : "     1.316428827;CPU0;468;;UNC_M_CAS_COUNT.RD[UNIT4];10287767;100.00;;"
7854 [140042433455808] INFO perfrun.perfcollector <> - PERF_STAT : "     1.316428827;CPU10;5189;;UNC_M_CAS_COUNT.RD[UNIT4];10287224;100.00;;"
7854 [140042433455808] INFO perfrun.perfcollector <> - PERF_STAT : "     1.316428827;CPU0;1028;;UNC_M_CAS_COUNT.RD[UNIT5];10287900;100.00;;"
7854 [140042433455808] INFO perfrun.perfcollector <> - PERF_STAT : "     1.316428827;CPU10;4647;;UNC_M_CAS_COUNT.RD[UNIT5];10287328;100.00;;"
7854 [140042433455808] INFO perfrun.perfcollector <> - PERF_STAT : "     1.316428827;CPU0;698;;UNC_M_CAS_COUNT.WR[UNIT0];10287976;100.00;;"
7854 [140042433455808] INFO perfrun.perfcollector <> - PERF_STAT : "     1.316428827;CPU10;7556;;UNC_M_CAS_COUNT.WR[UNIT0];10287185;100.00;;"
7854 [140042433455808] INFO perfrun.perfcollector <> - PERF_STAT : "     1.316428827;CPU0;1268;;UNC_M_CAS_COUNT.WR[UNIT1];10287860;100.00;;"
7854 [140042433455808] INFO perfrun.perfcollector <> - PERF_STAT : "     1.316428827;CPU10;6818;;UNC_M_CAS_COUNT.WR[UNIT1];10287089;100.00;;"
7854 [140042433455808] INFO perfrun.perfcollector <> - PERF_STAT : "     1.316428827;CPU0;683;;UNC_M_CAS_COUNT.WR[UNIT4];10287773;100.00;;"
7854 [140042433455808] INFO perfrun.perfcollector <> - PERF_STAT : "     1.316428827;CPU10;7435;;UNC_M_CAS_COUNT.WR[UNIT4];10287173;100.00;;"
7854 [140042433455808] INFO perfrun.perfcollector <> - PERF_STAT : "     1.316428827;CPU0;1242;;UNC_M_CAS_COUNT.WR[UNIT5];10287670;100.00;;"
7854 [140042433455808] INFO perfrun.perfcollector <> - PERF_STAT : "     1.316428827;CPU10;6995;;UNC_M_CAS_COUNT.WR[UNIT5];10287179;100.00;;"
7857 [140042433455808] INFO perfrun.perfcollector <> - PERF_STAT : "     1.326707985;CPU0;511;;UNC_M_CAS_COUNT.RD[UNIT0];10261497;100.00;;"
7857 [140042433455808] INFO perfrun.perfcollector <> - PERF_STAT : "     1.326707985;CPU10;4331;;UNC_M_CAS_COUNT.RD[UNIT0];10262867;100.00;;"
7857 [140042433455808] INFO perfrun.perfcollector <> - PERF_STAT : "     1.326707985;CPU0;871;;UNC_M_CAS_COUNT.RD[UNIT1];10261734;100.00;;"
7857 [140042433455808] INFO perfrun.perfcollector <> - PERF_STAT : "     1.326707985;CPU10;3818;;UNC_M_CAS_COUNT.RD[UNIT1];10263267;100.00;;"
7857 [140042433455808] INFO perfrun.perfcollector <> - PERF_STAT : "     1.326707985;CPU0;514;;UNC_M_CAS_COUNT.RD[UNIT4];10261874;100.00;;"
7857 [140042433455808] INFO perfrun.perfcollector <> - PERF_STAT : "     1.326707985;CPU10;4359;;UNC_M_CAS_COUNT.RD[UNIT4];10263382;100.00;;"
7857 [140042433455808] INFO perfrun.perfcollector <> - PERF_STAT : "     1.326707985;CPU0;964;;UNC_M_CAS_COUNT.RD[UNIT5];10261973;100.00;;"
7857 [140042433455808] INFO perfrun.perfcollector <> - PERF_STAT : "     1.326707985;CPU10;3829;;UNC_M_CAS_COUNT.RD[UNIT5];10263263;100.00;;"
7857 [140042433455808] INFO perfrun.perfcollector <> - PERF_STAT : "     1.326707985;CPU0;330;;UNC_M_CAS_COUNT.WR[UNIT0];10261943;100.00;;"
7857 [140042433455808] INFO perfrun.perfcollector <> - PERF_STAT : "     1.326707985;CPU10;2719;;UNC_M_CAS_COUNT.WR[UNIT0];10263126;100.00;;"
7857 [140042433455808] INFO perfrun.perfcollector <> - PERF_STAT : "     1.326707985;CPU0;781;;UNC_M_CAS_COUNT.WR[UNIT1];10262224;100.00;;"
7857 [140042433455808] INFO perfrun.perfcollector <> - PERF_STAT : "     1.326707985;CPU10;2220;;UNC_M_CAS_COUNT.WR[UNIT1];10262979;100.00;;"
7857 [140042433455808] INFO perfrun.perfcollector <> - PERF_STAT : "     1.326707985;CPU0;362;;UNC_M_CAS_COUNT.WR[UNIT4];10262382;100.00;;"
7857 [140042433455808] INFO perfrun.perfcollector <> - PERF_STAT : "     1.326707985;CPU10;2814;;UNC_M_CAS_COUNT.WR[UNIT4];10262877;100.00;;"
7857 [140042433455808] INFO perfrun.perfcollector <> - PERF_STAT : "     1.326707985;CPU0;799;;UNC_M_CAS_COUNT.WR[UNIT5];10262526;100.00;;"
7857 [140042433455808] INFO perfrun.perfcollector <> - PERF_STAT : "     1.326707985;CPU10;2189;;UNC_M_CAS_COUNT.WR[UNIT5];10262871;100.00;;"
7867 [140042433455808] INFO perfrun.perfcollector <> - PERF_STAT : "     1.336976944;CPU0;251;;UNC_M_CAS_COUNT.RD[UNIT0];10268166;100.00;;"
7867 [140042433455808] INFO perfrun.perfcollector <> - PERF_STAT : "     1.336976944;CPU10;4374;;UNC_M_CAS_COUNT.RD[UNIT0];10267533;100.00;;"
7868 [140042433455808] INFO perfrun.perfcollector <> - PERF_STAT : "     1.336976944;CPU0;325;;UNC_M_CAS_COUNT.RD[UNIT1];10268348;100.00;;"
7868 [140042433455808] INFO perfrun.perfcollector <> - PERF_STAT : "     1.336976944;CPU10;3798;;UNC_M_CAS_COUNT.RD[UNIT1];10267466;100.00;;"
7868 [140042433455808] INFO perfrun.perfcollector <> - PERF_STAT : "     1.336976944;CPU0;197;;UNC_M_CAS_COUNT.RD[UNIT4];10268252;100.00;;"
7868 [140042433455808] INFO perfrun.perfcollector <> - PERF_STAT : "     1.336976944;CPU10;4339;;UNC_M_CAS_COUNT.RD[UNIT4];10267501;100.00;;"
7868 [140042433455808] INFO perfrun.perfcollector <> - PERF_STAT : "     1.336976944;CPU0;308;;UNC_M_CAS_COUNT.RD[UNIT5];10267940;100.00;;"
7868 [140042433455808] INFO perfrun.perfcollector <> - PERF_STAT : "     1.336976944;CPU10;3790;;UNC_M_CAS_COUNT.RD[UNIT5];10267513;100.00;;"
7868 [140042433455808] INFO perfrun.perfcollector <> - PERF_STAT : "     1.336976944;CPU0;173;;UNC_M_CAS_COUNT.WR[UNIT0];10267814;100.00;;"
7868 [140042433455808] INFO perfrun.perfcollector <> - PERF_STAT : "     1.336976944;CPU10;6962;;UNC_M_CAS_COUNT.WR[UNIT0];10267515;100.00;;"
7868 [140042433455808] INFO perfrun.perfcollector <> - PERF_STAT : "     1.336976944;CPU0;229;;UNC_M_CAS_COUNT.WR[UNIT1];10267539;100.00;;"
7868 [140042433455808] INFO perfrun.perfcollector <> - PERF_STAT : "     1.336976944;CPU10;6648;;UNC_M_CAS_COUNT.WR[UNIT1];10267520;100.00;;"
7868 [140042433455808] INFO perfrun.perfcollector <> - PERF_STAT : "     1.336976944;CPU0;147;;UNC_M_CAS_COUNT.WR[UNIT4];10267377;100.00;;"
7868 [140042433455808] INFO perfrun.perfcollector <> - PERF_STAT : "     1.336976944;CPU10;7121;;UNC_M_CAS_COUNT.WR[UNIT4];10267520;100.00;;"
7868 [140042433455808] INFO perfrun.perfcollector <> - PERF_STAT : "     1.336976944;CPU0;232;;UNC_M_CAS_COUNT.WR[UNIT5];10267259;100.00;;"
7868 [140042433455808] INFO perfrun.perfcollector <> - PERF_STAT : "     1.336976944;CPU10;6534;;UNC_M_CAS_COUNT.WR[UNIT5];10267532;100.00;;"
7878 [140042433455808] INFO perfrun.perfcollector <> - PERF_STAT : "     1.347247879;CPU0;161;;UNC_M_CAS_COUNT.RD[UNIT0];10280562;100.00;;"
7878 [140042433455808] INFO perfrun.perfcollector <> - PERF_STAT : "     1.347247879;CPU10;4476;;UNC_M_CAS_COUNT.RD[UNIT0];10313871;100.00;;"
7878 [140042433455808] INFO perfrun.perfcollector <> - PERF_STAT : "     1.347247879;CPU0;251;;UNC_M_CAS_COUNT.RD[UNIT1];10282996;100.00;;"
7878 [140042433455808] INFO perfrun.perfcollector <> - PERF_STAT : "     1.347247879;CPU10;3917;;UNC_M_CAS_COUNT.RD[UNIT1];10313570;100.00;;"
7878 [140042433455808] INFO perfrun.perfcollector <> - PERF_STAT : "     1.347247879;CPU0;144;;UNC_M_CAS_COUNT.RD[UNIT4];10284854;100.00;;"
7878 [140042433455808] INFO perfrun.perfcollector <> - PERF_STAT : "     1.347247879;CPU10;4475;;UNC_M_CAS_COUNT.RD[UNIT4];10321187;100.00;;"
7878 [140042433455808] INFO perfrun.perfcollector <> - PERF_STAT : "     1.347247879;CPU0;269;;UNC_M_CAS_COUNT.RD[UNIT5];10286822;100.00;;"
7878 [140042433455808] INFO perfrun.perfcollector <> - PERF_STAT : "     1.347247879;CPU10;3919;;UNC_M_CAS_COUNT.RD[UNIT5];10321197;100.00;;"
7878 [140042433455808] INFO perfrun.perfcollector <> - PERF_STAT : "     1.347247879;CPU0;129;;UNC_M_CAS_COUNT.WR[UNIT0];10288979;100.00;;"
7878 [140042433455808] INFO perfrun.perfcollector <> - PERF_STAT : "     1.347247879;CPU10;7244;;UNC_M_CAS_COUNT.WR[UNIT0];10321205;100.00;;"
7878 [140042433455808] INFO perfrun.perfcollector <> - PERF_STAT : "     1.347247879;CPU0;243;;UNC_M_CAS_COUNT.WR[UNIT1];10290889;100.00;;"
7878 [140042433455808] INFO perfrun.perfcollector <> - PERF_STAT : "     1.347247879;CPU10;6550;;UNC_M_CAS_COUNT.WR[UNIT1];10321220;100.00;;"
7878 [140042433455808] INFO perfrun.perfcollector <> - PERF_STAT : "     1.347247879;CPU0;113;;UNC_M_CAS_COUNT.WR[UNIT4];10292759;100.00;;"
7878 [140042433455808] INFO perfrun.perfcollector <> - PERF_STAT : "     1.347247879;CPU10;7181;;UNC_M_CAS_COUNT.WR[UNIT4];10321235;100.00;;"
7878 [140042433455808] INFO perfrun.perfcollector <> - PERF_STAT : "     1.347247879;CPU0;223;;UNC_M_CAS_COUNT.WR[UNIT5];10294601;100.00;;"
7878 [140042433455808] INFO perfrun.perfcollector <> - PERF_STAT : "     1.347247879;CPU10;6592;;UNC_M_CAS_COUNT.WR[UNIT5];10321243;100.00;;"
7888 [140042433455808] INFO perfrun.perfcollector <> - PERF_STAT : "     1.357571167;CPU0;120;;UNC_M_CAS_COUNT.RD[UNIT0];10337767;100.00;;"
7888 [140042433455808] INFO perfrun.perfcollector <> - PERF_STAT : "     1.357571167;CPU10;4149;;UNC_M_CAS_COUNT.RD[UNIT0];10303973;100.00;;"
7888 [140042433455808] INFO perfrun.perfcollector <> - PERF_STAT : "     1.357571167;CPU0;170;;UNC_M_CAS_COUNT.RD[UNIT1];10334963;100.00;;"
7888 [140042433455808] INFO perfrun.perfcollector <> - PERF_STAT : "     1.357571167;CPU10;3592;;UNC_M_CAS_COUNT.RD[UNIT1];10303919;100.00;;"
7888 [140042433455808] INFO perfrun.perfcollector <> - PERF_STAT : "     1.357571167;CPU0;94;;UNC_M_CAS_COUNT.RD[UNIT4];10333057;100.00;;"
7888 [140042433455808] INFO perfrun.perfcollector <> - PERF_STAT : "     1.357571167;CPU10;4142;;UNC_M_CAS_COUNT.RD[UNIT4];10296326;100.00;;"
7888 [140042433455808] INFO perfrun.perfcollector <> - PERF_STAT : "     1.357571167;CPU0;180;;UNC_M_CAS_COUNT.RD[UNIT5];10331280;100.00;;"
7888 [140042433455808] INFO perfrun.perfcollector <> - PERF_STAT : "     1.357571167;CPU10;3586;;UNC_M_CAS_COUNT.RD[UNIT5];10296326;100.00;;"
7888 [140042433455808] INFO perfrun.perfcollector <> - PERF_STAT : "     1.357571167;CPU0;57;;UNC_M_CAS_COUNT.WR[UNIT0];10329238;100.00;;"
7888 [140042433455808] INFO perfrun.perfcollector <> - PERF_STAT : "     1.357571167;CPU10;2685;;UNC_M_CAS_COUNT.WR[UNIT0];10296310;100.00;;"
7888 [140042433455808] INFO perfrun.perfcollector <> - PERF_STAT : "     1.357571167;CPU0;94;;UNC_M_CAS_COUNT.WR[UNIT1];10327482;100.00;;"
7888 [140042433455808] INFO perfrun.perfcollector <> - PERF_STAT : "     1.357571167;CPU10;2035;;UNC_M_CAS_COUNT.WR[UNIT1];10296290;100.00;;"
7888 [140042433455808] INFO perfrun.perfcollector <> - PERF_STAT : "     1.357571167;CPU0;35;;UNC_M_CAS_COUNT.WR[UNIT4];10325735;100.00;;"
7888 [140042433455808] INFO perfrun.perfcollector <> - PERF_STAT : "     1.357571167;CPU10;2679;;UNC_M_CAS_COUNT.WR[UNIT4];10296272;100.00;;"
7888 [140042433455808] INFO perfrun.perfcollector <> - PERF_STAT : "     1.357571167;CPU0;104;;UNC_M_CAS_COUNT.WR[UNIT5];10323875;100.00;;"
7888 [140042433455808] INFO perfrun.perfcollector <> - PERF_STAT : "     1.357571167;CPU10;2140;;UNC_M_CAS_COUNT.WR[UNIT5];10296264;100.00;;"
7898 [140042433455808] INFO perfrun.perfcollector <> - PERF_STAT : "     1.367861646;CPU0;144;;UNC_M_CAS_COUNT.RD[UNIT0];10282034;100.00;;"
7898 [140042433455808] INFO perfrun.perfcollector <> - PERF_STAT : "     1.367861646;CPU10;4330;;UNC_M_CAS_COUNT.RD[UNIT0];10321671;100.00;;"
7898 [140042433455808] INFO perfrun.perfcollector <> - PERF_STAT : "     1.367861646;CPU0;220;;UNC_M_CAS_COUNT.RD[UNIT1];10284838;100.00;;"
7898 [140042433455808] INFO perfrun.perfcollector <> - PERF_STAT : "     1.367861646;CPU10;3774;;UNC_M_CAS_COUNT.RD[UNIT1];10321654;100.00;;"
7898 [140042433455808] INFO perfrun.perfcollector <> - PERF_STAT : "     1.367861646;CPU0;120;;UNC_M_CAS_COUNT.RD[UNIT4];10286770;100.00;;"
7898 [140042433455808] INFO perfrun.perfcollector <> - PERF_STAT : "     1.367861646;CPU10;4323;;UNC_M_CAS_COUNT.RD[UNIT4];10321625;100.00;;"
7898 [140042433455808] INFO perfrun.perfcollector <> - PERF_STAT : "     1.367861646;CPU0;249;;UNC_M_CAS_COUNT.RD[UNIT5];10288541;100.00;;"
7898 [140042433455808] INFO perfrun.perfcollector <> - PERF_STAT : "     1.367861646;CPU10;3777;;UNC_M_CAS_COUNT.RD[UNIT5];10321628;100.00;;"
7899 [140042433455808] INFO perfrun.perfcollector <> - PERF_STAT : "     1.367861646;CPU0;132;;UNC_M_CAS_COUNT.WR[UNIT0];10290446;100.00;;"
7899 [140042433455808] INFO perfrun.perfcollector <> - PERF_STAT : "     1.367861646;CPU10;7498;;UNC_M_CAS_COUNT.WR[UNIT0];10321653;100.00;;"
7899 [140042433455808] INFO perfrun.perfcollector <> - PERF_STAT : "     1.367861646;CPU0;235;;UNC_M_CAS_COUNT.WR[UNIT1];10292199;100.00;;"
7899 [140042433455808] INFO perfrun.perfcollector <> - PERF_STAT : "     1.367861646;CPU10;6867;;UNC_M_CAS_COUNT.WR[UNIT1];10321675;100.00;;"
7899 [140042433455808] INFO perfrun.perfcollector <> - PERF_STAT : "     1.367861646;CPU0;124;;UNC_M_CAS_COUNT.WR[UNIT4];10293948;100.00;;"
7899 [140042433455808] INFO perfrun.perfcollector <> - PERF_STAT : "     1.367861646;CPU10;7410;;UNC_M_CAS_COUNT.WR[UNIT4];10321689;100.00;;"
7899 [140042433455808] INFO perfrun.perfcollector <> - PERF_STAT : "     1.367861646;CPU0;219;;UNC_M_CAS_COUNT.WR[UNIT5];10295813;100.00;;"
7899 [140042433455808] INFO perfrun.perfcollector <> - PERF_STAT : "     1.367861646;CPU10;6781;;UNC_M_CAS_COUNT.WR[UNIT5];10321841;100.00;;"
7909 [140042433455808] INFO perfrun.perfcollector <> - PERF_STAT : "     1.378180510;CPU0;328;;UNC_M_CAS_COUNT.RD[UNIT0];10318480;100.00;;"
7909 [140042433455808] INFO perfrun.perfcollector <> - PERF_STAT : "     1.378180510;CPU10;4484;;UNC_M_CAS_COUNT.RD[UNIT0];10308905;100.00;;"
7909 [140042433455808] INFO perfrun.perfcollector <> - PERF_STAT : "     1.378180510;CPU0;374;;UNC_M_CAS_COUNT.RD[UNIT1];10318487;100.00;;"
7909 [140042433455808] INFO perfrun.perfcollector <> - PERF_STAT : "     1.378180510;CPU10;3916;;UNC_M_CAS_COUNT.RD[UNIT1];10309017;100.00;;"
7909 [140042433455808] INFO perfrun.perfcollector <> - PERF_STAT : "     1.378180510;CPU0;275;;UNC_M_CAS_COUNT.RD[UNIT4];10318447;100.00;;"
7909 [140042433455808] INFO perfrun.perfcollector <> - PERF_STAT : "     1.378180510;CPU10;4452;;UNC_M_CAS_COUNT.RD[UNIT4];10308910;100.00;;"
7909 [140042433455808] INFO perfrun.perfcollector <> - PERF_STAT : "     1.378180510;CPU0;391;;UNC_M_CAS_COUNT.RD[UNIT5];10318306;100.00;;"
7909 [140042433455808] INFO perfrun.perfcollector <> - PERF_STAT : "     1.378180510;CPU10;3911;;UNC_M_CAS_COUNT.RD[UNIT5];10308937;100.00;;"
7909 [140042433455808] INFO perfrun.perfcollector <> - PERF_STAT : "     1.378180510;CPU0;160;;UNC_M_CAS_COUNT.WR[UNIT0];10318274;100.00;;"
7909 [140042433455808] INFO perfrun.perfcollector <> - PERF_STAT : "     1.378180510;CPU10;3990;;UNC_M_CAS_COUNT.WR[UNIT0];10309074;100.00;;"
7909 [140042433455808] INFO perfrun.perfcollector <> - PERF_STAT : "     1.378180510;CPU0;216;;UNC_M_CAS_COUNT.WR[UNIT1];10318450;100.00;;"
7909 [140042433455808] INFO perfrun.perfcollector <> - PERF_STAT : "     1.378180510;CPU10;3417;;UNC_M_CAS_COUNT.WR[UNIT1];10309096;100.00;;"
7909 [140042433455808] INFO perfrun.perfcollector <> - PERF_STAT : "     1.378180510;CPU0;139;;UNC_M_CAS_COUNT.WR[UNIT4];10318501;100.00;;"
7909 [140042433455808] INFO perfrun.perfcollector <> - PERF_STAT : "     1.378180510;CPU10;4063;;UNC_M_CAS_COUNT.WR[UNIT4];10309232;100.00;;"
7909 [140042433455808] INFO perfrun.perfcollector <> - PERF_STAT : "     1.378180510;CPU0;238;;UNC_M_CAS_COUNT.WR[UNIT5];10318496;100.00;;"
7909 [140042433455808] INFO perfrun.perfcollector <> - PERF_STAT : "     1.378180510;CPU10;3409;;UNC_M_CAS_COUNT.WR[UNIT5];10309107;100.00;;"
7919 [140042433455808] INFO perfrun.perfcollector <> - PERF_STAT : "     1.388492044;CPU0;1016;;UNC_M_CAS_COUNT.RD[UNIT0];10311120;100.00;;"
7919 [140042433455808] INFO perfrun.perfcollector <> - PERF_STAT : "     1.388492044;CPU10;34202;;UNC_M_CAS_COUNT.RD[UNIT0];10311927;100.00;;"
7919 [140042433455808] INFO perfrun.perfcollector <> - PERF_STAT : "     1.388492044;CPU0;1089;;UNC_M_CAS_COUNT.RD[UNIT1];10311083;100.00;;"
7919 [140042433455808] INFO perfrun.perfcollector <> - PERF_STAT : "     1.388492044;CPU10;33625;;UNC_M_CAS_COUNT.RD[UNIT1];10312402;100.00;;"
7919 [140042433455808] INFO perfrun.perfcollector <> - PERF_STAT : "     1.388492044;CPU0;1009;;UNC_M_CAS_COUNT.RD[UNIT4];10311120;100.00;;"
7919 [140042433455808] INFO perfrun.perfcollector <> - PERF_STAT : "     1.388492044;CPU10;34272;;UNC_M_CAS_COUNT.RD[UNIT4];10312608;100.00;;"
7919 [140042433455808] INFO perfrun.perfcollector <> - PERF_STAT : "     1.388492044;CPU0;1110;;UNC_M_CAS_COUNT.RD[UNIT5];10311110;100.00;;"
7919 [140042433455808] INFO perfrun.perfcollector <> - PERF_STAT : "     1.388492044;CPU10;33732;;UNC_M_CAS_COUNT.RD[UNIT5];10312589;100.00;;"
7919 [140042433455808] INFO perfrun.perfcollector <> - PERF_STAT : "     1.388492044;CPU0;632;;UNC_M_CAS_COUNT.WR[UNIT0];10311022;100.00;;"
7919 [140042433455808] INFO perfrun.perfcollector <> - PERF_STAT : "     1.388492044;CPU10;32344;;UNC_M_CAS_COUNT.WR[UNIT0];10312703;100.00;;"
7919 [140042433455808] INFO perfrun.perfcollector <> - PERF_STAT : "     1.388492044;CPU0;677;;UNC_M_CAS_COUNT.WR[UNIT1];10310818;100.00;;"
7919 [140042433455808] INFO perfrun.perfcollector <> - PERF_STAT : "     1.388492044;CPU10;31944;;UNC_M_CAS_COUNT.WR[UNIT1];10312696;100.00;;"
7919 [140042433455808] INFO perfrun.perfcollector <> - PERF_STAT : "     1.388492044;CPU0;567;;UNC_M_CAS_COUNT.WR[UNIT4];10310799;100.00;;"
7919 [140042433455808] INFO perfrun.perfcollector <> - PERF_STAT : "     1.388492044;CPU10;32486;;UNC_M_CAS_COUNT.WR[UNIT4];10312580;100.00;;"
7919 [140042433455808] INFO perfrun.perfcollector <> - PERF_STAT : "     1.388492044;CPU0;690;;UNC_M_CAS_COUNT.WR[UNIT5];10310803;100.00;;"
7919 [140042433455808] INFO perfrun.perfcollector <> - PERF_STAT : "     1.388492044;CPU10;32055;;UNC_M_CAS_COUNT.WR[UNIT5];10312584;100.00;;"
7929 [140042433455808] INFO perfrun.perfcollector <> - PERF_STAT : "     1.398809514;CPU0;339;;UNC_M_CAS_COUNT.RD[UNIT0];10317137;100.00;;"
7929 [140042433455808] INFO perfrun.perfcollector <> - PERF_STAT : "     1.398809514;CPU10;35389;;UNC_M_CAS_COUNT.RD[UNIT0];10313030;100.00;;"
7929 [140042433455808] INFO perfrun.perfcollector <> - PERF_STAT : "     1.398809514;CPU0;370;;UNC_M_CAS_COUNT.RD[UNIT1];10317157;100.00;;"
7929 [140042433455808] INFO perfrun.perfcollector <> - PERF_STAT : "     1.398809514;CPU10;34831;;UNC_M_CAS_COUNT.RD[UNIT1];10312985;100.00;;"
7929 [140042433455808] INFO perfrun.perfcollector <> - PERF_STAT : "     1.398809514;CPU0;339;;UNC_M_CAS_COUNT.RD[UNIT4];10317137;100.00;;"
7929 [140042433455808] INFO perfrun.perfcollector <> - PERF_STAT : "     1.398809514;CPU10;35408;;UNC_M_CAS_COUNT.RD[UNIT4];10312831;100.00;;"
7929 [140042433455808] INFO perfrun.perfcollector <> - PERF_STAT : "     1.398809514;CPU0;398;;UNC_M_CAS_COUNT.RD[UNIT5];10317270;100.00;;"
7929 [140042433455808] INFO perfrun.perfcollector <> - PERF_STAT : "     1.398809514;CPU10;34846;;UNC_M_CAS_COUNT.RD[UNIT5];10312828;100.00;;"
7929 [140042433455808] INFO perfrun.perfcollector <> - PERF_STAT : "     1.398809514;CPU0;179;;UNC_M_CAS_COUNT.WR[UNIT0];10317288;100.00;;"
7929 [140042433455808] INFO perfrun.perfcollector <> - PERF_STAT : "     1.398809514;CPU10;46781;;UNC_M_CAS_COUNT.WR[UNIT0];10312560;100.00;;"
7929 [140042433455808] INFO perfrun.perfcollector <> - PERF_STAT : "     1.398809514;CPU0;214;;UNC_M_CAS_COUNT.WR[UNIT1];10317285;100.00;;"
7930 [140042433455808] INFO perfrun.perfcollector <> - PERF_STAT : "     1.398809514;CPU10;46350;;UNC_M_CAS_COUNT.WR[UNIT1];10312543;100.00;;"
7930 [140042433455808] INFO perfrun.perfcollector <> - PERF_STAT : "     1.398809514;CPU0;207;;UNC_M_CAS_COUNT.WR[UNIT4];10317270;100.00;;"
7930 [140042433455808] INFO perfrun.perfcollector <> - PERF_STAT : "     1.398809514;CPU10;46795;;UNC_M_CAS_COUNT.WR[UNIT4];10312860;100.00;;"
7930 [140042433455808] INFO perfrun.perfcollector <> - PERF_STAT : "     1.398809514;CPU0;234;;UNC_M_CAS_COUNT.WR[UNIT5];10329453;100.00;;"
7930 [140042433455808] INFO perfrun.perfcollector <> - PERF_STAT : "     1.398809514;CPU10;46296;;UNC_M_CAS_COUNT.WR[UNIT5];10312977;100.00;;"
7940 [140042433455808] INFO perfrun.perfcollector <> - PERF_STAT : "     1.409122870;CPU0;726;;UNC_M_CAS_COUNT.RD[UNIT0];10296181;100.00;;"
7940 [140042433455808] INFO perfrun.perfcollector <> - PERF_STAT : "     1.409122870;CPU10;32688;;UNC_M_CAS_COUNT.RD[UNIT0];10269871;100.00;;"
7940 [140042433455808] INFO perfrun.perfcollector <> - PERF_STAT : "     1.409122870;CPU0;814;;UNC_M_CAS_COUNT.RD[UNIT1];10293439;100.00;;"
7940 [140042433455808] INFO perfrun.perfcollector <> - PERF_STAT : "     1.409122870;CPU10;32103;;UNC_M_CAS_COUNT.RD[UNIT1];10270016;100.00;;"
7940 [140042433455808] INFO perfrun.perfcollector <> - PERF_STAT : "     1.409122870;CPU0;747;;UNC_M_CAS_COUNT.RD[UNIT4];10291537;100.00;;"
7940 [140042433455808] INFO perfrun.perfcollector <> - PERF_STAT : "     1.409122870;CPU10;32651;;UNC_M_CAS_COUNT.RD[UNIT4];10270134;100.00;;"
7940 [140042433455808] INFO perfrun.perfcollector <> - PERF_STAT : "     1.409122870;CPU0;801;;UNC_M_CAS_COUNT.RD[UNIT5];10289698;100.00;;"
7940 [140042433455808] INFO perfrun.perfcollector <> - PERF_STAT : "     1.409122870;CPU10;32036;;UNC_M_CAS_COUNT.RD[UNIT5];10270228;100.00;;"
7940 [140042433455808] INFO perfrun.perfcollector <> - PERF_STAT : "     1.409122870;CPU0;64;;UNC_M_CAS_COUNT.WR[UNIT0];10287784;100.00;;"
7940 [140042433455808] INFO perfrun.perfcollector <> - PERF_STAT : "     1.409122870;CPU10;30933;;UNC_M_CAS_COUNT.WR[UNIT0];10270439;100.00;;"
7940 [140042433455808] INFO perfrun.perfcollector <> - PERF_STAT : "     1.409122870;CPU0;110;;UNC_M_CAS_COUNT.WR[UNIT1];10286131;100.00;;"
7940 [140042433455808] INFO perfrun.perfcollector <> - PERF_STAT : "     1.409122870;CPU10;30432;;UNC_M_CAS_COUNT.WR[UNIT1];10270616;100.00;;"
7940 [140042433455808] INFO perfrun.perfcollector <> - PERF_STAT : "     1.409122870;CPU0;55;;UNC_M_CAS_COUNT.WR[UNIT4];10284370;100.00;;"
7940 [140042433455808] INFO perfrun.perfcollector <> - PERF_STAT : "     1.409122870;CPU10;30914;;UNC_M_CAS_COUNT.WR[UNIT4];10270471;100.00;;"
7940 [140042433455808] INFO perfrun.perfcollector <> - PERF_STAT : "     1.409122870;CPU0;120;;UNC_M_CAS_COUNT.WR[UNIT5];10270451;100.00;;"
7940 [140042433455808] INFO perfrun.perfcollector <> - PERF_STAT : "     1.409122870;CPU10;30331;;UNC_M_CAS_COUNT.WR[UNIT5];10270350;100.00;;"
7950 [140042433455808] INFO perfrun.perfcollector <> - PERF_STAT : "     1.419390535;CPU0;228;;UNC_M_CAS_COUNT.RD[UNIT0];10288211;100.00;;"
7950 [140042433455808] INFO perfrun.perfcollector <> - PERF_STAT : "     1.419390535;CPU10;35176;;UNC_M_CAS_COUNT.RD[UNIT0];10331049;100.00;;"
7950 [140042433455808] INFO perfrun.perfcollector <> - PERF_STAT : "     1.419390535;CPU0;259;;UNC_M_CAS_COUNT.RD[UNIT1];10291057;100.00;;"
7950 [140042433455808] INFO perfrun.perfcollector <> - PERF_STAT : "     1.419390535;CPU10;34656;;UNC_M_CAS_COUNT.RD[UNIT1];10330625;100.00;;"
7950 [140042433455808] INFO perfrun.perfcollector <> - PERF_STAT : "     1.419390535;CPU0;224;;UNC_M_CAS_COUNT.RD[UNIT4];10292986;100.00;;"
7950 [140042433455808] INFO perfrun.perfcollector <> - PERF_STAT : "     1.419390535;CPU10;35228;;UNC_M_CAS_COUNT.RD[UNIT4];10330557;100.00;;"
7950 [140042433455808] INFO perfrun.perfcollector <> - PERF_STAT : "     1.419390535;CPU0;284;;UNC_M_CAS_COUNT.RD[UNIT5];10294956;100.00;;"
7950 [140042433455808] INFO perfrun.perfcollector <> - PERF_STAT : "     1.419390535;CPU10;34692;;UNC_M_CAS_COUNT.RD[UNIT5];10330455;100.00;;"
7950 [140042433455808] INFO perfrun.perfcollector <> - PERF_STAT : "     1.419390535;CPU0;31;;UNC_M_CAS_COUNT.WR[UNIT0];10296828;100.00;;"
7950 [140042433455808] INFO perfrun.perfcollector <> - PERF_STAT : "     1.419390535;CPU10;32066;;UNC_M_CAS_COUNT.WR[UNIT0];10330301;100.00;;"
7950 [140042433455808] INFO perfrun.perfcollector <> - PERF_STAT : "     1.419390535;CPU0;85;;UNC_M_CAS_COUNT.WR[UNIT1];10298475;100.00;;"
7950 [140042433455808] INFO perfrun.perfcollector <> - PERF_STAT : "     1.419390535;CPU10;31582;;UNC_M_CAS_COUNT.WR[UNIT1];10330125;100.00;;"
7950 [140042433455808] INFO perfrun.perfcollector <> - PERF_STAT : "     1.419390535;CPU0;36;;UNC_M_CAS_COUNT.WR[UNIT4];10300227;100.00;;"
7950 [140042433455808] INFO perfrun.perfcollector <> - PERF_STAT : "     1.419390535;CPU10;32010;;UNC_M_CAS_COUNT.WR[UNIT4];10330016;100.00;;"
7950 [140042433455808] INFO perfrun.perfcollector <> - PERF_STAT : "     1.419390535;CPU0;84;;UNC_M_CAS_COUNT.WR[UNIT5];10301976;100.00;;"
7950 [140042433455808] INFO perfrun.perfcollector <> - PERF_STAT : "     1.419390535;CPU10;31620;;UNC_M_CAS_COUNT.WR[UNIT5];10330066;100.00;;"
7960 [140042433455808] INFO perfrun.perfcollector <> - PERF_STAT : "     1.429723595;CPU0;1661;;UNC_M_CAS_COUNT.RD[UNIT0];10329410;100.00;;"
7960 [140042433455808] INFO perfrun.perfcollector <> - PERF_STAT : "     1.429723595;CPU10;33910;;UNC_M_CAS_COUNT.RD[UNIT0];10316746;100.00;;"
7960 [140042433455808] INFO perfrun.perfcollector <> - PERF_STAT : "     1.429723595;CPU0;1874;;UNC_M_CAS_COUNT.RD[UNIT1];10329399;100.00;;"
7960 [140042433455808] INFO perfrun.perfcollector <> - PERF_STAT : "     1.429723595;CPU10;33392;;UNC_M_CAS_COUNT.RD[UNIT1];10317174;100.00;;"
7960 [140042433455808] INFO perfrun.perfcollector <> - PERF_STAT : "     1.429723595;CPU0;1612;;UNC_M_CAS_COUNT.RD[UNIT4];10329632;100.00;;"
7960 [140042433455808] INFO perfrun.perfcollector <> - PERF_STAT : "     1.429723595;CPU10;33950;;UNC_M_CAS_COUNT.RD[UNIT4];10317116;100.00;;"
7960 [140042433455808] INFO perfrun.perfcollector <> - PERF_STAT : "     1.429723595;CPU0;1902;;UNC_M_CAS_COUNT.RD[UNIT5];10329351;100.00;;"
7960 [140042433455808] INFO perfrun.perfcollector <> - PERF_STAT : "     1.429723595;CPU10;33429;;UNC_M_CAS_COUNT.RD[UNIT5];10317290;100.00;;"
7960 [140042433455808] INFO perfrun.perfcollector <> - PERF_STAT : "     1.429723595;CPU0;329;;UNC_M_CAS_COUNT.WR[UNIT0];10329339;100.00;;"
7960 [140042433455808] INFO perfrun.perfcollector <> - PERF_STAT : "     1.429723595;CPU10;33611;;UNC_M_CAS_COUNT.WR[UNIT0];10317499;100.00;;"
7960 [140042433455808] INFO perfrun.perfcollector <> - PERF_STAT : "     1.429723595;CPU0;367;;UNC_M_CAS_COUNT.WR[UNIT1];10329376;100.00;;"
7960 [140042433455808] INFO perfrun.perfcollector <> - PERF_STAT : "     1.429723595;CPU10;32730;;UNC_M_CAS_COUNT.WR[UNIT1];10317531;100.00;;"
7960 [140042433455808] INFO perfrun.perfcollector <> - PERF_STAT : "     1.429723595;CPU0;313;;UNC_M_CAS_COUNT.WR[UNIT4];10329418;100.00;;"
7960 [140042433455808] INFO perfrun.perfcollector <> - PERF_STAT : "     1.429723595;CPU10;33446;;UNC_M_CAS_COUNT.WR[UNIT4];10317542;100.00;;"
7960 [140042433455808] INFO perfrun.perfcollector <> - PERF_STAT : "     1.429723595;CPU0;407;;UNC_M_CAS_COUNT.WR[UNIT5];10329412;100.00;;"
7960 [140042433455808] INFO perfrun.perfcollector <> - PERF_STAT : "     1.429723595;CPU10;32869;;UNC_M_CAS_COUNT.WR[UNIT5];10317560;100.00;;"
7971 [140042433455808] INFO perfrun.perfcollector <> - PERF_STAT : "     1.440041692;CPU0;470;;UNC_M_CAS_COUNT.RD[UNIT0];10315643;100.00;;"
7971 [140042433455808] INFO perfrun.perfcollector <> - PERF_STAT : "     1.440041692;CPU10;33982;;UNC_M_CAS_COUNT.RD[UNIT0];10316204;100.00;;"
7971 [140042433455808] INFO perfrun.perfcollector <> - PERF_STAT : "     1.440041692;CPU0;515;;UNC_M_CAS_COUNT.RD[UNIT1];10315583;100.00;;"
7971 [140042433455808] INFO perfrun.perfcollector <> - PERF_STAT : "     1.440041692;CPU10;33415;;UNC_M_CAS_COUNT.RD[UNIT1];10316040;100.00;;"
7971 [140042433455808] INFO perfrun.perfcollector <> - PERF_STAT : "     1.440041692;CPU0;465;;UNC_M_CAS_COUNT.RD[UNIT4];10315363;100.00;;"
7971 [140042433455808] INFO perfrun.perfcollector <> - PERF_STAT : "     1.440041692;CPU10;33996;;UNC_M_CAS_COUNT.RD[UNIT4];10316790;100.00;;"
7971 [140042433455808] INFO perfrun.perfcollector <> - PERF_STAT : "     1.440041692;CPU0;527;;UNC_M_CAS_COUNT.RD[UNIT5];10315373;100.00;;"
7971 [140042433455808] INFO perfrun.perfcollector <> - PERF_STAT : "     1.440041692;CPU10;33472;;UNC_M_CAS_COUNT.RD[UNIT5];10316948;100.00;;"
7971 [140042433455808] INFO perfrun.perfcollector <> - PERF_STAT : "     1.440041692;CPU0;189;;UNC_M_CAS_COUNT.WR[UNIT0];10315373;100.00;;"
7971 [140042433455808] INFO perfrun.perfcollector <> - PERF_STAT : "     1.440041692;CPU10;32465;;UNC_M_CAS_COUNT.WR[UNIT0];10316932;100.00;;"
7971 [140042433455808] INFO perfrun.perfcollector <> - PERF_STAT : "     1.440041692;CPU0;232;;UNC_M_CAS_COUNT.WR[UNIT1];10315352;100.00;;"
7971 [140042433455808] INFO perfrun.perfcollector <> - PERF_STAT : "     1.440041692;CPU10;31941;;UNC_M_CAS_COUNT.WR[UNIT1];10316935;100.00;;"
7971 [140042433455808] INFO perfrun.perfcollector <> - PERF_STAT : "     1.440041692;CPU0;175;;UNC_M_CAS_COUNT.WR[UNIT4];10315313;100.00;;"
7971 [140042433455808] INFO perfrun.perfcollector <> - PERF_STAT : "     1.440041692;CPU10;32666;;UNC_M_CAS_COUNT.WR[UNIT4];10316974;100.00;;"
7971 [140042433455808] INFO perfrun.perfcollector <> - PERF_STAT : "     1.440041692;CPU0;230;;UNC_M_CAS_COUNT.WR[UNIT5];10315287;100.00;;"
7971 [140042433455808] INFO perfrun.perfcollector <> - PERF_STAT : "     1.440041692;CPU10;31910;;UNC_M_CAS_COUNT.WR[UNIT5];10316906;100.00;;"
7981 [140042433455808] INFO perfrun.perfcollector <> - PERF_STAT : "     1.450362291;CPU0;395;;UNC_M_CAS_COUNT.RD[UNIT0];10321300;100.00;;"
7981 [140042433455808] INFO perfrun.perfcollector <> - PERF_STAT : "     1.450362291;CPU10;34841;;UNC_M_CAS_COUNT.RD[UNIT0];10321473;100.00;;"
7981 [140042433455808] INFO perfrun.perfcollector <> - PERF_STAT : "     1.450362291;CPU0;473;;UNC_M_CAS_COUNT.RD[UNIT1];10321237;100.00;;"
7981 [140042433455808] INFO perfrun.perfcollector <> - PERF_STAT : "     1.450362291;CPU10;34261;;UNC_M_CAS_COUNT.RD[UNIT1];10321209;100.00;;"
7981 [140042433455808] INFO perfrun.perfcollector <> - PERF_STAT : "     1.450362291;CPU0;400;;UNC_M_CAS_COUNT.RD[UNIT4];10321207;100.00;;"
7981 [140042433455808] INFO perfrun.perfcollector <> - PERF_STAT : "     1.450362291;CPU10;34810;;UNC_M_CAS_COUNT.RD[UNIT4];10320567;100.00;;"
7981 [140042433455808] INFO perfrun.perfcollector <> - PERF_STAT : "     1.450362291;CPU0;499;;UNC_M_CAS_COUNT.RD[UNIT5];10321224;100.00;;"
7981 [140042433455808] INFO perfrun.perfcollector <> - PERF_STAT : "     1.450362291;CPU10;34303;;UNC_M_CAS_COUNT.RD[UNIT5];10320469;100.00;;"
7981 [140042433455808] INFO perfrun.perfcollector <> - PERF_STAT : "     1.450362291;CPU0;109;;UNC_M_CAS_COUNT.WR[UNIT0];10321390;100.00;;"
7981 [140042433455808] INFO perfrun.perfcollector <> - PERF_STAT : "     1.450362291;CPU10;33883;;UNC_M_CAS_COUNT.WR[UNIT0];10320344;100.00;;"
7981 [140042433455808] INFO perfrun.perfcollector <> - PERF_STAT : "     1.450362291;CPU0;178;;UNC_M_CAS_COUNT.WR[UNIT1];10321414;100.00;;"
7981 [140042433455808] INFO perfrun.perfcollector <> - PERF_STAT : "     1.450362291;CPU10;33168;;UNC_M_CAS_COUNT.WR[UNIT1];10320332;100.00;;"
7981 [140042433455808] INFO perfrun.perfcollector <> - PERF_STAT : "     1.450362291;CPU0;82;;UNC_M_CAS_COUNT.WR[UNIT4];10321400;100.00;;"
7981 [140042433455808] INFO perfrun.perfcollector <> - PERF_STAT : "     1.450362291;CPU10;33876;;UNC_M_CAS_COUNT.WR[UNIT4];10320444;100.00;;"
7981 [140042433455808] INFO perfrun.perfcollector <> - PERF_STAT : "     1.450362291;CPU0;192;;UNC_M_CAS_COUNT.WR[UNIT5];10321413;100.00;;"
7981 [140042433455808] INFO perfrun.perfcollector <> - PERF_STAT : "     1.450362291;CPU10;33315;;UNC_M_CAS_COUNT.WR[UNIT5];10320502;100.00;;"
7991 [140042433455808] INFO perfrun.perfcollector <> - PERF_STAT : "     1.460678750;CPU0;1081;;UNC_M_CAS_COUNT.RD[UNIT0];10318624;100.00;;"
7991 [140042433455808] INFO perfrun.perfcollector <> - PERF_STAT : "     1.460678750;CPU10;35341;;UNC_M_CAS_COUNT.RD[UNIT0];10287859;100.00;;"
7991 [140042433455808] INFO perfrun.perfcollector <> - PERF_STAT : "     1.460678750;CPU0;1293;;UNC_M_CAS_COUNT.RD[UNIT1];10315856;100.00;;"
7991 [140042433455808] INFO perfrun.perfcollector <> - PERF_STAT : "     1.460678750;CPU10;34771;;UNC_M_CAS_COUNT.RD[UNIT1];10288216;100.00;;"
7991 [140042433455808] INFO perfrun.perfcollector <> - PERF_STAT : "     1.460678750;CPU0;1107;;UNC_M_CAS_COUNT.RD[UNIT4];10313985;100.00;;"
7991 [140042433455808] INFO perfrun.perfcollector <> - PERF_STAT : "     1.460678750;CPU10;35358;;UNC_M_CAS_COUNT.RD[UNIT4];10288415;100.00;;"
7991 [140042433455808] INFO perfrun.perfcollector <> - PERF_STAT : "     1.460678750;CPU0;1240;;UNC_M_CAS_COUNT.RD[UNIT5];10312198;100.00;;"
7991 [140042433455808] INFO perfrun.perfcollector <> - PERF_STAT : "     1.460678750;CPU10;34750;;UNC_M_CAS_COUNT.RD[UNIT5];10288378;100.00;;"
7991 [140042433455808] INFO perfrun.perfcollector <> - PERF_STAT : "     1.460678750;CPU0;50;;UNC_M_CAS_COUNT.WR[UNIT0];10310169;100.00;;"
7991 [140042433455808] INFO perfrun.perfcollector <> - PERF_STAT : "     1.460678750;CPU10;33656;;UNC_M_CAS_COUNT.WR[UNIT0];10288609;100.00;;"
7991 [140042433455808] INFO perfrun.perfcollector <> - PERF_STAT : "     1.460678750;CPU0;185;;UNC_M_CAS_COUNT.WR[UNIT1];10308272;100.00;;"
7991 [140042433455808] INFO perfrun.perfcollector <> - PERF_STAT : "     1.460678750;CPU10;33396;;UNC_M_CAS_COUNT.WR[UNIT1];10288635;100.00;;"
7991 [140042433455808] INFO perfrun.perfcollector <> - PERF_STAT : "     1.460678750;CPU0;36;;UNC_M_CAS_COUNT.WR[UNIT4];10306397;100.00;;"
7991 [140042433455808] INFO perfrun.perfcollector <> - PERF_STAT : "     1.460678750;CPU10;33513;;UNC_M_CAS_COUNT.WR[UNIT4];10288587;100.00;;"
7991 [140042433455808] INFO perfrun.perfcollector <> - PERF_STAT : "     1.460678750;CPU0;200;;UNC_M_CAS_COUNT.WR[UNIT5];10304550;100.00;;"
7991 [140042433455808] INFO perfrun.perfcollector <> - PERF_STAT : "     1.460678750;CPU10;33199;;UNC_M_CAS_COUNT.WR[UNIT5];10288553;100.00;;"
8002 [140042433455808] INFO perfrun.perfcollector <> - PERF_STAT : "     1.470972849;CPU0;248;;UNC_M_CAS_COUNT.RD[UNIT0];10289607;100.00;;"
8002 [140042433455808] INFO perfrun.perfcollector <> - PERF_STAT : "     1.470972849;CPU10;35868;;UNC_M_CAS_COUNT.RD[UNIT0];10318991;100.00;;"
8002 [140042433455808] INFO perfrun.perfcollector <> - PERF_STAT : "     1.470972849;CPU0;354;;UNC_M_CAS_COUNT.RD[UNIT1];10292428;100.00;;"
8002 [140042433455808] INFO perfrun.perfcollector <> - PERF_STAT : "     1.470972849;CPU10;35284;;UNC_M_CAS_COUNT.RD[UNIT1];10328185;100.00;;"
8002 [140042433455808] INFO perfrun.perfcollector <> - PERF_STAT : "     1.470972849;CPU0;247;;UNC_M_CAS_COUNT.RD[UNIT4];10294312;100.00;;"
8002 [140042433455808] INFO perfrun.perfcollector <> - PERF_STAT : "     1.470972849;CPU10;35853;;UNC_M_CAS_COUNT.RD[UNIT4];10328146;100.00;;"
8002 [140042433455808] INFO perfrun.perfcollector <> - PERF_STAT : "     1.470972849;CPU0;366;;UNC_M_CAS_COUNT.RD[UNIT5];10296119;100.00;;"
8002 [140042433455808] INFO perfrun.perfcollector <> - PERF_STAT : "     1.470972849;CPU10;35263;;UNC_M_CAS_COUNT.RD[UNIT5];10328254;100.00;;"
8002 [140042433455808] INFO perfrun.perfcollector <> - PERF_STAT : "     1.470972849;CPU0;308;;UNC_M_CAS_COUNT.WR[UNIT0];10297971;100.00;;"
8002 [140042433455808] INFO perfrun.perfcollector <> - PERF_STAT : "     1.470972849;CPU10;34109;;UNC_M_CAS_COUNT.WR[UNIT0];10328079;100.00;;"
8002 [140042433455808] INFO perfrun.perfcollector <> - PERF_STAT : "     1.470972849;CPU0;379;;UNC_M_CAS_COUNT.WR[UNIT1];10299868;100.00;;"
8002 [140042433455808] INFO perfrun.perfcollector <> - PERF_STAT : "     1.470972849;CPU10;33387;;UNC_M_CAS_COUNT.WR[UNIT1];10328189;100.00;;"
8002 [140042433455808] INFO perfrun.perfcollector <> - PERF_STAT : "     1.470972849;CPU0;291;;UNC_M_CAS_COUNT.WR[UNIT4];10301774;100.00;;"
8002 [140042433455808] INFO perfrun.perfcollector <> - PERF_STAT : "     1.470972849;CPU10;34035;;UNC_M_CAS_COUNT.WR[UNIT4];10328079;100.00;;"
8002 [140042433455808] INFO perfrun.perfcollector <> - PERF_STAT : "     1.470972849;CPU0;394;;UNC_M_CAS_COUNT.WR[UNIT5];10303613;100.00;;"
8002 [140042433455808] INFO perfrun.perfcollector <> - PERF_STAT : "     1.470972849;CPU10;33474;;UNC_M_CAS_COUNT.WR[UNIT5];10328079;100.00;;"
8012 [140042433455808] INFO perfrun.perfcollector <> - PERF_STAT : "     1.481311950;CPU0;315;;UNC_M_CAS_COUNT.RD[UNIT0];10339785;100.00;;"
8012 [140042433455808] INFO perfrun.perfcollector <> - PERF_STAT : "     1.481311950;CPU10;35770;;UNC_M_CAS_COUNT.RD[UNIT0];10344154;100.00;;"
8012 [140042433455808] INFO perfrun.perfcollector <> - PERF_STAT : "     1.481311950;CPU0;386;;UNC_M_CAS_COUNT.RD[UNIT1];10339702;100.00;;"
8012 [140042433455808] INFO perfrun.perfcollector <> - PERF_STAT : "     1.481311950;CPU10;35246;;UNC_M_CAS_COUNT.RD[UNIT1];10335298;100.00;;"
8012 [140042433455808] INFO perfrun.perfcollector <> - PERF_STAT : "     1.481311950;CPU0;309;;UNC_M_CAS_COUNT.RD[UNIT4];10339676;100.00;;"
8012 [140042433455808] INFO perfrun.perfcollector <> - PERF_STAT : "     1.481311950;CPU10;35778;;UNC_M_CAS_COUNT.RD[UNIT4];10335204;100.00;;"
8012 [140042433455808] INFO perfrun.perfcollector <> - PERF_STAT : "     1.481311950;CPU0;411;;UNC_M_CAS_COUNT.RD[UNIT5];10339633;100.00;;"
8012 [140042433455808] INFO perfrun.perfcollector <> - PERF_STAT : "     1.481311950;CPU10;35251;;UNC_M_CAS_COUNT.RD[UNIT5];10335366;100.00;;"
8012 [140042433455808] INFO perfrun.perfcollector <> - PERF_STAT : "     1.481311950;CPU0;85;;UNC_M_CAS_COUNT.WR[UNIT0];10339639;100.00;;"
8012 [140042433455808] INFO perfrun.perfcollector <> - PERF_STAT : "     1.481311950;CPU10;34083;;UNC_M_CAS_COUNT.WR[UNIT0];10335526;100.00;;"
8012 [140042433455808] INFO perfrun.perfcollector <> - PERF_STAT : "     1.481311950;CPU0;135;;UNC_M_CAS_COUNT.WR[UNIT1];10339646;100.00;;"
8012 [140042433455808] INFO perfrun.perfcollector <> - PERF_STAT : "     1.481311950;CPU10;33715;;UNC_M_CAS_COUNT.WR[UNIT1];10335534;100.00;;"
8012 [140042433455808] INFO perfrun.perfcollector <> - PERF_STAT : "     1.481311950;CPU0;91;;UNC_M_CAS_COUNT.WR[UNIT4];10339722;100.00;;"
8012 [140042433455808] INFO perfrun.perfcollector <> - PERF_STAT : "     1.481311950;CPU10;34375;;UNC_M_CAS_COUNT.WR[UNIT4];10335604;100.00;;"
8012 [140042433455808] INFO perfrun.perfcollector <> - PERF_STAT : "     1.481311950;CPU0;149;;UNC_M_CAS_COUNT.WR[UNIT5];10339737;100.00;;"
8012 [140042433455808] INFO perfrun.perfcollector <> - PERF_STAT : "     1.481311950;CPU10;33814;;UNC_M_CAS_COUNT.WR[UNIT5];10335764;100.00;;"
8022 [140042433455808] INFO perfrun.perfcollector <> - PERF_STAT : "     1.491637130;CPU0;242;;UNC_M_CAS_COUNT.RD[UNIT0];10326175;100.00;;"
8022 [140042433455808] INFO perfrun.perfcollector <> - PERF_STAT : "     1.491637130;CPU10;35585;;UNC_M_CAS_COUNT.RD[UNIT0];10323652;100.00;;"
8022 [140042433455808] INFO perfrun.perfcollector <> - PERF_STAT : "     1.491637130;CPU0;286;;UNC_M_CAS_COUNT.RD[UNIT1];10326315;100.00;;"
8022 [140042433455808] INFO perfrun.perfcollector <> - PERF_STAT : "     1.491637130;CPU10;35035;;UNC_M_CAS_COUNT.RD[UNIT1];10323444;100.00;;"
8022 [140042433455808] INFO perfrun.perfcollector <> - PERF_STAT : "     1.491637130;CPU0;262;;UNC_M_CAS_COUNT.RD[UNIT4];10326325;100.00;;"
8022 [140042433455808] INFO perfrun.perfcollector <> - PERF_STAT : "     1.491637130;CPU10;35589;;UNC_M_CAS_COUNT.RD[UNIT4];10323281;100.00;;"
8022 [140042433455808] INFO perfrun.perfcollector <> - PERF_STAT : "     1.491637130;CPU0;303;;UNC_M_CAS_COUNT.RD[UNIT5];10326328;100.00;;"
8022 [140042433455808] INFO perfrun.perfcollector <> - PERF_STAT : "     1.491637130;CPU10;35050;;UNC_M_CAS_COUNT.RD[UNIT5];10323141;100.00;;"
8022 [140042433455808] INFO perfrun.perfcollector <> - PERF_STAT : "     1.491637130;CPU0;19;;UNC_M_CAS_COUNT.WR[UNIT0];10326323;100.00;;"
8022 [140042433455808] INFO perfrun.perfcollector <> - PERF_STAT : "     1.491637130;CPU10;34316;;UNC_M_CAS_COUNT.WR[UNIT0];10323065;100.00;;"
8022 [140042433455808] INFO perfrun.perfcollector <> - PERF_STAT : "     1.491637130;CPU0;45;;UNC_M_CAS_COUNT.WR[UNIT1];10326278;100.00;;"
8022 [140042433455808] INFO perfrun.perfcollector <> - PERF_STAT : "     1.491637130;CPU10;33669;;UNC_M_CAS_COUNT.WR[UNIT1];10322995;100.00;;"
8022 [140042433455808] INFO perfrun.perfcollector <> - PERF_STAT : "     1.491637130;CPU0;25;;UNC_M_CAS_COUNT.WR[UNIT4];10326182;100.00;;"
8022 [140042433455808] INFO perfrun.perfcollector <> - PERF_STAT : "     1.491637130;CPU10;34179;;UNC_M_CAS_COUNT.WR[UNIT4];10323008;100.00;;"
8022 [140042433455808] INFO perfrun.perfcollector <> - PERF_STAT : "     1.491637130;CPU0;50;;UNC_M_CAS_COUNT.WR[UNIT5];10326165;100.00;;"
8022 [140042433455808] INFO perfrun.perfcollector <> - PERF_STAT : "     1.491637130;CPU10;33519;;UNC_M_CAS_COUNT.WR[UNIT5];10322935;100.00;;"
8032 [140042433455808] INFO perfrun.perfcollector <> - PERF_STAT : "     1.501958322;CPU0;244;;UNC_M_CAS_COUNT.RD[UNIT0];10317481;100.00;;"
8033 [140042433455808] INFO perfrun.perfcollector <> - PERF_STAT : "     1.501958322;CPU10;35503;;UNC_M_CAS_COUNT.RD[UNIT0];10316999;100.00;;"
8033 [140042433455808] INFO perfrun.perfcollector <> - PERF_STAT : "     1.501958322;CPU0;292;;UNC_M_CAS_COUNT.RD[UNIT1];10317478;100.00;;"
8033 [140042433455808] INFO perfrun.perfcollector <> - PERF_STAT : "     1.501958322;CPU10;34913;;UNC_M_CAS_COUNT.RD[UNIT1];10316969;100.00;;"
8033 [140042433455808] INFO perfrun.perfcollector <> - PERF_STAT : "     1.501958322;CPU0;274;;UNC_M_CAS_COUNT.RD[UNIT4];10317622;100.00;;"
8033 [140042433455808] INFO perfrun.perfcollector <> - PERF_STAT : "     1.501958322;CPU10;35500;;UNC_M_CAS_COUNT.RD[UNIT4];10316985;100.00;;"
8033 [140042433455808] INFO perfrun.perfcollector <> - PERF_STAT : "     1.501958322;CPU0;301;;UNC_M_CAS_COUNT.RD[UNIT5];10317635;100.00;;"
8033 [140042433455808] INFO perfrun.perfcollector <> - PERF_STAT : "     1.501958322;CPU10;34910;;UNC_M_CAS_COUNT.RD[UNIT5];10317407;100.00;;"
8033 [140042433455808] INFO perfrun.perfcollector <> - PERF_STAT : "     1.501958322;CPU0;20;;UNC_M_CAS_COUNT.WR[UNIT0];10317651;100.00;;"
8033 [140042433455808] INFO perfrun.perfcollector <> - PERF_STAT : "     1.501958322;CPU10;33580;;UNC_M_CAS_COUNT.WR[UNIT0];10317726;100.00;;"
8033 [140042433455808] INFO perfrun.perfcollector <> - PERF_STAT : "     1.501958322;CPU0;48;;UNC_M_CAS_COUNT.WR[UNIT1];10317659;100.00;;"
8033 [140042433455808] INFO perfrun.perfcollector <> - PERF_STAT : "     1.501958322;CPU10;33134;;UNC_M_CAS_COUNT.WR[UNIT1];10317737;100.00;;"
8033 [140042433455808] INFO perfrun.perfcollector <> - PERF_STAT : "     1.501958322;CPU0;11;;UNC_M_CAS_COUNT.WR[UNIT4];10317681;100.00;;"
8033 [140042433455808] INFO perfrun.perfcollector <> - PERF_STAT : "     1.501958322;CPU10;33550;;UNC_M_CAS_COUNT.WR[UNIT4];10317736;100.00;;"
8033 [140042433455808] INFO perfrun.perfcollector <> - PERF_STAT : "     1.501958322;CPU0;42;;UNC_M_CAS_COUNT.WR[UNIT5];10317648;100.00;;"
8033 [140042433455808] INFO perfrun.perfcollector <> - PERF_STAT : "     1.501958322;CPU10;33157;;UNC_M_CAS_COUNT.WR[UNIT5];10317726;100.00;;"
8043 [140042433455808] INFO perfrun.perfcollector <> - PERF_STAT : "     1.512285082;CPU0;1031;;UNC_M_CAS_COUNT.RD[UNIT0];10329369;100.00;;"
8043 [140042433455808] INFO perfrun.perfcollector <> - PERF_STAT : "     1.512285082;CPU10;35184;;UNC_M_CAS_COUNT.RD[UNIT0];10319542;100.00;;"
8043 [140042433455808] INFO perfrun.perfcollector <> - PERF_STAT : "     1.512285082;CPU0;1119;;UNC_M_CAS_COUNT.RD[UNIT1];10329373;100.00;;"
8043 [140042433455808] INFO perfrun.perfcollector <> - PERF_STAT : "     1.512285082;CPU10;34653;;UNC_M_CAS_COUNT.RD[UNIT1];10319894;100.00;;"
8043 [140042433455808] INFO perfrun.perfcollector <> - PERF_STAT : "     1.512285082;CPU0;1072;;UNC_M_CAS_COUNT.RD[UNIT4];10329385;100.00;;"
8043 [140042433455808] INFO perfrun.perfcollector <> - PERF_STAT : "     1.512285082;CPU10;35162;;UNC_M_CAS_COUNT.RD[UNIT4];10319954;100.00;;"
8043 [140042433455808] INFO perfrun.perfcollector <> - PERF_STAT : "     1.512285082;CPU0;1130;;UNC_M_CAS_COUNT.RD[UNIT5];10342107;100.00;;"
8043 [140042433455808] INFO perfrun.perfcollector <> - PERF_STAT : "     1.512285082;CPU10;34639;;UNC_M_CAS_COUNT.RD[UNIT5];10319836;100.00;;"
8043 [140042433455808] INFO perfrun.perfcollector <> - PERF_STAT : "     1.512285082;CPU0;25;;UNC_M_CAS_COUNT.WR[UNIT0];10340274;100.00;;"
8043 [140042433455808] INFO perfrun.perfcollector <> - PERF_STAT : "     1.512285082;CPU10;34462;;UNC_M_CAS_COUNT.WR[UNIT0];10319716;100.00;;"
8043 [140042433455808] INFO perfrun.perfcollector <> - PERF_STAT : "     1.512285082;CPU0;67;;UNC_M_CAS_COUNT.WR[UNIT1];10338871;100.00;;"
8043 [140042433455808] INFO perfrun.perfcollector <> - PERF_STAT : "     1.512285082;CPU10;33805;;UNC_M_CAS_COUNT.WR[UNIT1];10319949;100.00;;"
8043 [140042433455808] INFO perfrun.perfcollector <> - PERF_STAT : "     1.512285082;CPU0;17;;UNC_M_CAS_COUNT.WR[UNIT4];10337001;100.00;;"
8043 [140042433455808] INFO perfrun.perfcollector <> - PERF_STAT : "     1.512285082;CPU10;34538;;UNC_M_CAS_COUNT.WR[UNIT4];10319942;100.00;;"
8043 [140042433455808] INFO perfrun.perfcollector <> - PERF_STAT : "     1.512285082;CPU0;67;;UNC_M_CAS_COUNT.WR[UNIT5];10335213;100.00;;"
8043 [140042433455808] INFO perfrun.perfcollector <> - PERF_STAT : "     1.512285082;CPU10;33750;;UNC_M_CAS_COUNT.WR[UNIT5];10320009;100.00;;"
8053 [140042433455808] INFO perfrun.perfcollector <> - PERF_STAT : "     1.522610894;CPU0;215;;UNC_M_CAS_COUNT.RD[UNIT0];10328808;100.00;;"
8053 [140042433455808] INFO perfrun.perfcollector <> - PERF_STAT : "     1.522610894;CPU10;35440;;UNC_M_CAS_COUNT.RD[UNIT0];10339278;100.00;;"
8053 [140042433455808] INFO perfrun.perfcollector <> - PERF_STAT : "     1.522610894;CPU0;264;;UNC_M_CAS_COUNT.RD[UNIT1];10328730;100.00;;"
8053 [140042433455808] INFO perfrun.perfcollector <> - PERF_STAT : "     1.522610894;CPU10;34892;;UNC_M_CAS_COUNT.RD[UNIT1];10338948;100.00;;"
8053 [140042433455808] INFO perfrun.perfcollector <> - PERF_STAT : "     1.522610894;CPU0;193;;UNC_M_CAS_COUNT.RD[UNIT4];10328584;100.00;;"
8053 [140042433455808] INFO perfrun.perfcollector <> - PERF_STAT : "     1.522610894;CPU10;35444;;UNC_M_CAS_COUNT.RD[UNIT4];10339001;100.00;;"
8053 [140042433455808] INFO perfrun.perfcollector <> - PERF_STAT : "     1.522610894;CPU0;277;;UNC_M_CAS_COUNT.RD[UNIT5];10315922;100.00;;"
8053 [140042433455808] INFO perfrun.perfcollector <> - PERF_STAT : "     1.522610894;CPU10;34857;;UNC_M_CAS_COUNT.RD[UNIT5];10338618;100.00;;"
8053 [140042433455808] INFO perfrun.perfcollector <> - PERF_STAT : "     1.522610894;CPU0;190;;UNC_M_CAS_COUNT.WR[UNIT0];10317752;100.00;;"
8053 [140042433455808] INFO perfrun.perfcollector <> - PERF_STAT : "     1.522610894;CPU10;33096;;UNC_M_CAS_COUNT.WR[UNIT0];10338464;100.00;;"
8053 [140042433455808] INFO perfrun.perfcollector <> - PERF_STAT : "     1.522610894;CPU0;230;;UNC_M_CAS_COUNT.WR[UNIT1];10319281;100.00;;"
8053 [140042433455808] INFO perfrun.perfcollector <> - PERF_STAT : "     1.522610894;CPU10;32469;;UNC_M_CAS_COUNT.WR[UNIT1];10338412;100.00;;"
8053 [140042433455808] INFO perfrun.perfcollector <> - PERF_STAT : "     1.522610894;CPU0;191;;UNC_M_CAS_COUNT.WR[UNIT4];10321176;100.00;;"
8053 [140042433455808] INFO perfrun.perfcollector <> - PERF_STAT : "     1.522610894;CPU10;32926;;UNC_M_CAS_COUNT.WR[UNIT4];10338331;100.00;;"
8053 [140042433455808] INFO perfrun.perfcollector <> - PERF_STAT : "     1.522610894;CPU0;245;;UNC_M_CAS_COUNT.WR[UNIT5];10323029;100.00;;"
8053 [140042433455808] INFO perfrun.perfcollector <> - PERF_STAT : "     1.522610894;CPU10;32581;;UNC_M_CAS_COUNT.WR[UNIT5];10338265;100.00;;"
8063 [140042433455808] INFO perfrun.perfcollector <> - PERF_STAT : "     1.532937695;CPU0;632;;UNC_M_CAS_COUNT.RD[UNIT0];10322843;100.00;;"
8064 [140042433455808] INFO perfrun.perfcollector <> - PERF_STAT : "     1.532937695;CPU10;35012;;UNC_M_CAS_COUNT.RD[UNIT0];10322740;100.00;;"
8064 [140042433455808] INFO perfrun.perfcollector <> - PERF_STAT : "     1.532937695;CPU0;678;;UNC_M_CAS_COUNT.RD[UNIT1];10322840;100.00;;"
8064 [140042433455808] INFO perfrun.perfcollector <> - PERF_STAT : "     1.532937695;CPU10;34455;;UNC_M_CAS_COUNT.RD[UNIT1];10322725;100.00;;"
8064 [140042433455808] INFO perfrun.perfcollector <> - PERF_STAT : "     1.532937695;CPU0;588;;UNC_M_CAS_COUNT.RD[UNIT4];10322830;100.00;;"
8064 [140042433455808] INFO perfrun.perfcollector <> - PERF_STAT : "     1.532937695;CPU10;35023;;UNC_M_CAS_COUNT.RD[UNIT4];10322709;100.00;;"
8064 [140042433455808] INFO perfrun.perfcollector <> - PERF_STAT : "     1.532937695;CPU0;681;;UNC_M_CAS_COUNT.RD[UNIT5];10322774;100.00;;"
8064 [140042433455808] INFO perfrun.perfcollector <> - PERF_STAT : "     1.532937695;CPU10;34458;;UNC_M_CAS_COUNT.RD[UNIT5];10322659;100.00;;"
8064 [140042433455808] INFO perfrun.perfcollector <> - PERF_STAT : "     1.532937695;CPU0;88;;UNC_M_CAS_COUNT.WR[UNIT0];10322940;100.00;;"
8064 [140042433455808] INFO perfrun.perfcollector <> - PERF_STAT : "     1.532937695;CPU10;34103;;UNC_M_CAS_COUNT.WR[UNIT0];10322772;100.00;;"
8064 [140042433455808] INFO perfrun.perfcollector <> - PERF_STAT : "     1.532937695;CPU0;143;;UNC_M_CAS_COUNT.WR[UNIT1];10322941;100.00;;"
8064 [140042433455808] INFO perfrun.perfcollector <> - PERF_STAT : "     1.532937695;CPU10;33748;;UNC_M_CAS_COUNT.WR[UNIT1];10322747;100.00;;"
8064 [140042433455808] INFO perfrun.perfcollector <> - PERF_STAT : "     1.532937695;CPU0;85;;UNC_M_CAS_COUNT.WR[UNIT4];10322903;100.00;;"
8064 [140042433455808] INFO perfrun.perfcollector <> - PERF_STAT : "     1.532937695;CPU10;34275;;UNC_M_CAS_COUNT.WR[UNIT4];10322947;100.00;;"
8064 [140042433455808] INFO perfrun.perfcollector <> - PERF_STAT : "     1.532937695;CPU0;158;;UNC_M_CAS_COUNT.WR[UNIT5];10322858;100.00;;"
8064 [140042433455808] INFO perfrun.perfcollector <> - PERF_STAT : "     1.532937695;CPU10;33704;;UNC_M_CAS_COUNT.WR[UNIT5];10322947;100.00;;"
8074 [140042433455808] INFO perfrun.perfcollector <> - PERF_STAT : "     1.543262650;CPU0;245;;UNC_M_CAS_COUNT.RD[UNIT0];10289557;100.00;;"
8074 [140042433455808] INFO perfrun.perfcollector <> - PERF_STAT : "     1.543262650;CPU10;34130;;UNC_M_CAS_COUNT.RD[UNIT0];10288501;100.00;;"
8074 [140042433455808] INFO perfrun.perfcollector <> - PERF_STAT : "     1.543262650;CPU0;276;;UNC_M_CAS_COUNT.RD[UNIT1];10289633;100.00;;"
8074 [140042433455808] INFO perfrun.perfcollector <> - PERF_STAT : "     1.543262650;CPU10;33595;;UNC_M_CAS_COUNT.RD[UNIT1];10288712;100.00;;"
8074 [140042433455808] INFO perfrun.perfcollector <> - PERF_STAT : "     1.543262650;CPU0;249;;UNC_M_CAS_COUNT.RD[UNIT4];10289787;100.00;;"
8074 [140042433455808] INFO perfrun.perfcollector <> - PERF_STAT : "     1.543262650;CPU10;34111;;UNC_M_CAS_COUNT.RD[UNIT4];10288838;100.00;;"
8074 [140042433455808] INFO perfrun.perfcollector <> - PERF_STAT : "     1.543262650;CPU0;296;;UNC_M_CAS_COUNT.RD[UNIT5];10289864;100.00;;"
8074 [140042433455808] INFO perfrun.perfcollector <> - PERF_STAT : "     1.543262650;CPU10;33570;;UNC_M_CAS_COUNT.RD[UNIT5];10289015;100.00;;"
8074 [140042433455808] INFO perfrun.perfcollector <> - PERF_STAT : "     1.543262650;CPU0;22;;UNC_M_CAS_COUNT.WR[UNIT0];10289817;100.00;;"
8074 [140042433455808] INFO perfrun.perfcollector <> - PERF_STAT : "     1.543262650;CPU10;32770;;UNC_M_CAS_COUNT.WR[UNIT0];10288914;100.00;;"
8074 [140042433455808] INFO perfrun.perfcollector <> - PERF_STAT : "     1.543262650;CPU0;71;;UNC_M_CAS_COUNT.WR[UNIT1];10289690;100.00;;"
8074 [140042433455808] INFO perfrun.perfcollector <> - PERF_STAT : "     1.543262650;CPU10;32286;;UNC_M_CAS_COUNT.WR[UNIT1];10288664;100.00;;"
8074 [140042433455808] INFO perfrun.perfcollector <> - PERF_STAT : "     1.543262650;CPU0;12;;UNC_M_CAS_COUNT.WR[UNIT4];10289704;100.00;;"
8074 [140042433455808] INFO perfrun.perfcollector <> - PERF_STAT : "     1.543262650;CPU10;32827;;UNC_M_CAS_COUNT.WR[UNIT4];10288806;100.00;;"
8074 [140042433455808] INFO perfrun.perfcollector <> - PERF_STAT : "     1.543262650;CPU0;48;;UNC_M_CAS_COUNT.WR[UNIT5];10289696;100.00;;"
8074 [140042433455808] INFO perfrun.perfcollector <> - PERF_STAT : "     1.543262650;CPU10;32167;;UNC_M_CAS_COUNT.WR[UNIT5];10288802;100.00;;"
8084 [140042433455808] INFO perfrun.perfcollector <> - PERF_STAT : "     1.553546923;CPU0;1467;;UNC_M_CAS_COUNT.RD[UNIT0];10320458;100.00;;"
8084 [140042433455808] INFO perfrun.perfcollector <> - PERF_STAT : "     1.553546923;CPU10;34593;;UNC_M_CAS_COUNT.RD[UNIT0];10322442;100.00;;"
8084 [140042433455808] INFO perfrun.perfcollector <> - PERF_STAT : "     1.553546923;CPU0;1644;;UNC_M_CAS_COUNT.RD[UNIT1];10320372;100.00;;"
8084 [140042433455808] INFO perfrun.perfcollector <> - PERF_STAT : "     1.553546923;CPU10;34050;;UNC_M_CAS_COUNT.RD[UNIT1];10322096;100.00;;"
8084 [140042433455808] INFO perfrun.perfcollector <> - PERF_STAT : "     1.553546923;CPU0;1460;;UNC_M_CAS_COUNT.RD[UNIT4];10320535;100.00;;"
8084 [140042433455808] INFO perfrun.perfcollector <> - PERF_STAT : "     1.553546923;CPU10;34584;;UNC_M_CAS_COUNT.RD[UNIT4];10322309;100.00;;"
8084 [140042433455808] INFO perfrun.perfcollector <> - PERF_STAT : "     1.553546923;CPU0;1651;;UNC_M_CAS_COUNT.RD[UNIT5];10320457;100.00;;"
8084 [140042433455808] INFO perfrun.perfcollector <> - PERF_STAT : "     1.553546923;CPU10;34048;;UNC_M_CAS_COUNT.RD[UNIT5];10322294;100.00;;"
8084 [140042433455808] INFO perfrun.perfcollector <> - PERF_STAT : "     1.553546923;CPU0;92;;UNC_M_CAS_COUNT.WR[UNIT0];10320342;100.00;;"
8084 [140042433455808] INFO perfrun.perfcollector <> - PERF_STAT : "     1.553546923;CPU10;33285;;UNC_M_CAS_COUNT.WR[UNIT0];10322533;100.00;;"
8084 [140042433455808] INFO perfrun.perfcollector <> - PERF_STAT : "     1.553546923;CPU0;134;;UNC_M_CAS_COUNT.WR[UNIT1];10320351;100.00;;"
8084 [140042433455808] INFO perfrun.perfcollector <> - PERF_STAT : "     1.553546923;CPU10;32667;;UNC_M_CAS_COUNT.WR[UNIT1];10322588;100.00;;"
8084 [140042433455808] INFO perfrun.perfcollector <> - PERF_STAT : "     1.553546923;CPU0;77;;UNC_M_CAS_COUNT.WR[UNIT4];10320321;100.00;;"
8084 [140042433455808] INFO perfrun.perfcollector <> - PERF_STAT : "     1.553546923;CPU10;33054;;UNC_M_CAS_COUNT.WR[UNIT4];10322728;100.00;;"
8084 [140042433455808] INFO perfrun.perfcollector <> - PERF_STAT : "     1.553546923;CPU0;143;;UNC_M_CAS_COUNT.WR[UNIT5];10320348;100.00;;"
8084 [140042433455808] INFO perfrun.perfcollector <> - PERF_STAT : "     1.553546923;CPU10;32643;;UNC_M_CAS_COUNT.WR[UNIT5];10322687;100.00;;"
8094 [140042433455808] INFO perfrun.perfcollector <> - PERF_STAT : "     1.563874914;CPU0;1208;;UNC_M_CAS_COUNT.RD[UNIT0];10328967;100.00;;"
8094 [140042433455808] INFO perfrun.perfcollector <> - PERF_STAT : "     1.563874914;CPU10;71224;;UNC_M_CAS_COUNT.RD[UNIT0];10337515;100.00;;"
8095 [140042433455808] INFO perfrun.perfcollector <> - PERF_STAT : "     1.563874914;CPU0;1291;;UNC_M_CAS_COUNT.RD[UNIT1];10329098;100.00;;"
8095 [140042433455808] INFO perfrun.perfcollector <> - PERF_STAT : "     1.563874914;CPU10;70678;;UNC_M_CAS_COUNT.RD[UNIT1];10338548;100.00;;"
8095 [140042433455808] INFO perfrun.perfcollector <> - PERF_STAT : "     1.563874914;CPU0;1246;;UNC_M_CAS_COUNT.RD[UNIT4];10328987;100.00;;"
8095 [140042433455808] INFO perfrun.perfcollector <> - PERF_STAT : "     1.563874914;CPU10;71277;;UNC_M_CAS_COUNT.RD[UNIT4];10338653;100.00;;"
8095 [140042433455808] INFO perfrun.perfcollector <> - PERF_STAT : "     1.563874914;CPU0;1302;;UNC_M_CAS_COUNT.RD[UNIT5];10329012;100.00;;"
8095 [140042433455808] INFO perfrun.perfcollector <> - PERF_STAT : "     1.563874914;CPU10;70741;;UNC_M_CAS_COUNT.RD[UNIT5];10338942;100.00;;"
8095 [140042433455808] INFO perfrun.perfcollector <> - PERF_STAT : "     1.563874914;CPU0;201;;UNC_M_CAS_COUNT.WR[UNIT0];10329131;100.00;;"
8095 [140042433455808] INFO perfrun.perfcollector <> - PERF_STAT : "     1.563874914;CPU10;50549;;UNC_M_CAS_COUNT.WR[UNIT0];10338998;100.00;;"
8095 [140042433455808] INFO perfrun.perfcollector <> - PERF_STAT : "     1.563874914;CPU0;240;;UNC_M_CAS_COUNT.WR[UNIT1];10329132;100.00;;"
8095 [140042433455808] INFO perfrun.perfcollector <> - PERF_STAT : "     1.563874914;CPU10;49971;;UNC_M_CAS_COUNT.WR[UNIT1];10339175;100.00;;"
8095 [140042433455808] INFO perfrun.perfcollector <> - PERF_STAT : "     1.563874914;CPU0;199;;UNC_M_CAS_COUNT.WR[UNIT4];10329205;100.00;;"
8095 [140042433455808] INFO perfrun.perfcollector <> - PERF_STAT : "     1.563874914;CPU10;50679;;UNC_M_CAS_COUNT.WR[UNIT4];10338981;100.00;;"
8095 [140042433455808] INFO perfrun.perfcollector <> - PERF_STAT : "     1.563874914;CPU0;256;;UNC_M_CAS_COUNT.WR[UNIT5];10329185;100.00;;"
8095 [140042433455808] INFO perfrun.perfcollector <> - PERF_STAT : "     1.563874914;CPU10;50212;;UNC_M_CAS_COUNT.WR[UNIT5];10339036;100.00;;"
8105 [140042433455808] INFO perfrun.perfcollector <> - PERF_STAT : "     1.574241518;CPU0;1045;;UNC_M_CAS_COUNT.RD[UNIT0];10384697;100.00;;"
8105 [140042433455808] INFO perfrun.perfcollector <> - PERF_STAT : "     1.574241518;CPU10;116108;;UNC_M_CAS_COUNT.RD[UNIT0];10381679;100.00;;"
8105 [140042433455808] INFO perfrun.perfcollector <> - PERF_STAT : "     1.574241518;CPU0;1102;;UNC_M_CAS_COUNT.RD[UNIT1];10384817;100.00;;"
8105 [140042433455808] INFO perfrun.perfcollector <> - PERF_STAT : "     1.574241518;CPU10;115664;;UNC_M_CAS_COUNT.RD[UNIT1];10383770;100.00;;"
8105 [140042433455808] INFO perfrun.perfcollector <> - PERF_STAT : "     1.574241518;CPU0;1074;;UNC_M_CAS_COUNT.RD[UNIT4];10384864;100.00;;"
8105 [140042433455808] INFO perfrun.perfcollector <> - PERF_STAT : "     1.574241518;CPU10;116335;;UNC_M_CAS_COUNT.RD[UNIT4];10384211;100.00;;"
8105 [140042433455808] INFO perfrun.perfcollector <> - PERF_STAT : "     1.574241518;CPU0;1126;;UNC_M_CAS_COUNT.RD[UNIT5];10384904;100.00;;"
8105 [140042433455808] INFO perfrun.perfcollector <> - PERF_STAT : "     1.574241518;CPU10;115856;;UNC_M_CAS_COUNT.RD[UNIT5];10384562;100.00;;"
8105 [140042433455808] INFO perfrun.perfcollector <> - PERF_STAT : "     1.574241518;CPU0;109;;UNC_M_CAS_COUNT.WR[UNIT0];10385098;100.00;;"
8105 [140042433455808] INFO perfrun.perfcollector <> - PERF_STAT : "     1.574241518;CPU10;98258;;UNC_M_CAS_COUNT.WR[UNIT0];10384835;100.00;;"
8105 [140042433455808] INFO perfrun.perfcollector <> - PERF_STAT : "     1.574241518;CPU0;157;;UNC_M_CAS_COUNT.WR[UNIT1];10385254;100.00;;"
8105 [140042433455808] INFO perfrun.perfcollector <> - PERF_STAT : "     1.574241518;CPU10;97845;;UNC_M_CAS_COUNT.WR[UNIT1];10385067;100.00;;"
8105 [140042433455808] INFO perfrun.perfcollector <> - PERF_STAT : "     1.574241518;CPU0;102;;UNC_M_CAS_COUNT.WR[UNIT4];10385301;100.00;;"
8105 [140042433455808] INFO perfrun.perfcollector <> - PERF_STAT : "     1.574241518;CPU10;98204;;UNC_M_CAS_COUNT.WR[UNIT4];10385053;100.00;;"
8105 [140042433455808] INFO perfrun.perfcollector <> - PERF_STAT : "     1.574241518;CPU0;163;;UNC_M_CAS_COUNT.WR[UNIT5];10385361;100.00;;"
8105 [140042433455808] INFO perfrun.perfcollector <> - PERF_STAT : "     1.574241518;CPU10;97655;;UNC_M_CAS_COUNT.WR[UNIT5];10385277;100.00;;"
8115 [140042433455808] INFO perfrun.perfcollector <> - PERF_STAT : "     1.584674882;CPU0;1686;;UNC_M_CAS_COUNT.RD[UNIT0];10438063;100.00;;"
8115 [140042433455808] INFO perfrun.perfcollector <> - PERF_STAT : "     1.584674882;CPU10;125400;;UNC_M_CAS_COUNT.RD[UNIT0];10438757;100.00;;"
8115 [140042433455808] INFO perfrun.perfcollector <> - PERF_STAT : "     1.584674882;CPU0;1769;;UNC_M_CAS_COUNT.RD[UNIT1];10438163;100.00;;"
8115 [140042433455808] INFO perfrun.perfcollector <> - PERF_STAT : "     1.584674882;CPU10;124771;;UNC_M_CAS_COUNT.RD[UNIT1];10439217;100.00;;"
8115 [140042433455808] INFO perfrun.perfcollector <> - PERF_STAT : "     1.584674882;CPU0;1704;;UNC_M_CAS_COUNT.RD[UNIT4];10438023;100.00;;"
8115 [140042433455808] INFO perfrun.perfcollector <> - PERF_STAT : "     1.584674882;CPU10;125224;;UNC_M_CAS_COUNT.RD[UNIT4];10439275;100.00;;"
8115 [140042433455808] INFO perfrun.perfcollector <> - PERF_STAT : "     1.584674882;CPU0;1745;;UNC_M_CAS_COUNT.RD[UNIT5];10438002;100.00;;"
8115 [140042433455808] INFO perfrun.perfcollector <> - PERF_STAT : "     1.584674882;CPU10;124529;;UNC_M_CAS_COUNT.RD[UNIT5];10439307;100.00;;"
8115 [140042433455808] INFO perfrun.perfcollector <> - PERF_STAT : "     1.584674882;CPU0;98;;UNC_M_CAS_COUNT.WR[UNIT0];10437909;100.00;;"
8115 [140042433455808] INFO perfrun.perfcollector <> - PERF_STAT : "     1.584674882;CPU10;88734;;UNC_M_CAS_COUNT.WR[UNIT0];10439231;100.00;;"
8116 [140042433455808] INFO perfrun.perfcollector <> - PERF_STAT : "     1.584674882;CPU0;148;;UNC_M_CAS_COUNT.WR[UNIT1];10437866;100.00;;"
8116 [140042433455808] INFO perfrun.perfcollector <> - PERF_STAT : "     1.584674882;CPU10;88026;;UNC_M_CAS_COUNT.WR[UNIT1];10439280;100.00;;"
8116 [140042433455808] INFO perfrun.perfcollector <> - PERF_STAT : "     1.584674882;CPU0;93;;UNC_M_CAS_COUNT.WR[UNIT4];10437850;100.00;;"
8116 [140042433455808] INFO perfrun.perfcollector <> - PERF_STAT : "     1.584674882;CPU10;88926;;UNC_M_CAS_COUNT.WR[UNIT4];10439279;100.00;;"
8116 [140042433455808] INFO perfrun.perfcollector <> - PERF_STAT : "     1.584674882;CPU0;154;;UNC_M_CAS_COUNT.WR[UNIT5];10437879;100.00;;"
8116 [140042433455808] INFO perfrun.perfcollector <> - PERF_STAT : "     1.584674882;CPU10;88142;;UNC_M_CAS_COUNT.WR[UNIT5];10439273;100.00;;"
8126 [140042433455808] INFO perfrun.perfcollector <> - PERF_STAT : "     1.595100824;CPU0;1885;;UNC_M_CAS_COUNT.RD[UNIT0];10423359;100.00;;"
8126 [140042433455808] INFO perfrun.perfcollector <> - PERF_STAT : "     1.595100824;CPU10;117791;;UNC_M_CAS_COUNT.RD[UNIT0];10424824;100.00;;"
8126 [140042433455808] INFO perfrun.perfcollector <> - PERF_STAT : "     1.595100824;CPU0;1952;;UNC_M_CAS_COUNT.RD[UNIT1];10423142;100.00;;"
8126 [140042433455808] INFO perfrun.perfcollector <> - PERF_STAT : "     1.595100824;CPU10;117394;;UNC_M_CAS_COUNT.RD[UNIT1];10425094;100.00;;"
8126 [140042433455808] INFO perfrun.perfcollector <> - PERF_STAT : "     1.595100824;CPU0;1895;;UNC_M_CAS_COUNT.RD[UNIT4];10423292;100.00;;"
8126 [140042433455808] INFO perfrun.perfcollector <> - PERF_STAT : "     1.595100824;CPU10;118158;;UNC_M_CAS_COUNT.RD[UNIT4];10425319;100.00;;"
8126 [140042433455808] INFO perfrun.perfcollector <> - PERF_STAT : "     1.595100824;CPU0;1928;;UNC_M_CAS_COUNT.RD[UNIT5];10423382;100.00;;"
8126 [140042433455808] INFO perfrun.perfcollector <> - PERF_STAT : "     1.595100824;CPU10;117559;;UNC_M_CAS_COUNT.RD[UNIT5];10425274;100.00;;"
8126 [140042433455808] INFO perfrun.perfcollector <> - PERF_STAT : "     1.595100824;CPU0;91;;UNC_M_CAS_COUNT.WR[UNIT0];10423189;100.00;;"
8126 [140042433455808] INFO perfrun.perfcollector <> - PERF_STAT : "     1.595100824;CPU10;87955;;UNC_M_CAS_COUNT.WR[UNIT0];10425362;100.00;;"
8126 [140042433455808] INFO perfrun.perfcollector <> - PERF_STAT : "     1.595100824;CPU0;122;;UNC_M_CAS_COUNT.WR[UNIT1];10423125;100.00;;"
8126 [140042433455808] INFO perfrun.perfcollector <> - PERF_STAT : "     1.595100824;CPU10;87704;;UNC_M_CAS_COUNT.WR[UNIT1];10425409;100.00;;"
8126 [140042433455808] INFO perfrun.perfcollector <> - PERF_STAT : "     1.595100824;CPU0;82;;UNC_M_CAS_COUNT.WR[UNIT4];10423145;100.00;;"
8126 [140042433455808] INFO perfrun.perfcollector <> - PERF_STAT : "     1.595100824;CPU10;87937;;UNC_M_CAS_COUNT.WR[UNIT4];10425535;100.00;;"
8126 [140042433455808] INFO perfrun.perfcollector <> - PERF_STAT : "     1.595100824;CPU0;124;;UNC_M_CAS_COUNT.WR[UNIT5];10423153;100.00;;"
8126 [140042433455808] INFO perfrun.perfcollector <> - PERF_STAT : "     1.595100824;CPU10;87561;;UNC_M_CAS_COUNT.WR[UNIT5];10425654;100.00;;"
8136 [140042433455808] INFO perfrun.perfcollector <> - PERF_STAT : "     1.605537665;CPU0;1774;;UNC_M_CAS_COUNT.RD[UNIT0];10436566;100.00;;"
8136 [140042433455808] INFO perfrun.perfcollector <> - PERF_STAT : "     1.605537665;CPU10;124433;;UNC_M_CAS_COUNT.RD[UNIT0];10424463;100.00;;"
8136 [140042433455808] INFO perfrun.perfcollector <> - PERF_STAT : "     1.605537665;CPU0;1837;;UNC_M_CAS_COUNT.RD[UNIT1];10436520;100.00;;"
8136 [140042433455808] INFO perfrun.perfcollector <> - PERF_STAT : "     1.605537665;CPU10;123767;;UNC_M_CAS_COUNT.RD[UNIT1];10423745;100.00;;"
8136 [140042433455808] INFO perfrun.perfcollector <> - PERF_STAT : "     1.605537665;CPU0;1710;;UNC_M_CAS_COUNT.RD[UNIT4];10436546;100.00;;"
8136 [140042433455808] INFO perfrun.perfcollector <> - PERF_STAT : "     1.605537665;CPU10;124285;;UNC_M_CAS_COUNT.RD[UNIT4];10423734;100.00;;"
8136 [140042433455808] INFO perfrun.perfcollector <> - PERF_STAT : "     1.605537665;CPU0;1817;;UNC_M_CAS_COUNT.RD[UNIT5];10448909;100.00;;"
8136 [140042433455808] INFO perfrun.perfcollector <> - PERF_STAT : "     1.605537665;CPU10;123582;;UNC_M_CAS_COUNT.RD[UNIT5];10423830;100.00;;"
8136 [140042433455808] INFO perfrun.perfcollector <> - PERF_STAT : "     1.605537665;CPU0;156;;UNC_M_CAS_COUNT.WR[UNIT0];10447150;100.00;;"
8136 [140042433455808] INFO perfrun.perfcollector <> - PERF_STAT : "     1.605537665;CPU10;88813;;UNC_M_CAS_COUNT.WR[UNIT0];10423852;100.00;;"
8136 [140042433455808] INFO perfrun.perfcollector <> - PERF_STAT : "     1.605537665;CPU0;210;;UNC_M_CAS_COUNT.WR[UNIT1];10445323;100.00;;"
8136 [140042433455808] INFO perfrun.perfcollector <> - PERF_STAT : "     1.605537665;CPU10;88012;;UNC_M_CAS_COUNT.WR[UNIT1];10423930;100.00;;"
8136 [140042433455808] INFO perfrun.perfcollector <> - PERF_STAT : "     1.605537665;CPU0;143;;UNC_M_CAS_COUNT.WR[UNIT4];10443439;100.00;;"
8136 [140042433455808] INFO perfrun.perfcollector <> - PERF_STAT : "     1.605537665;CPU10;88890;;UNC_M_CAS_COUNT.WR[UNIT4];10423896;100.00;;"
8136 [140042433455808] INFO perfrun.perfcollector <> - PERF_STAT : "     1.605537665;CPU0;216;;UNC_M_CAS_COUNT.WR[UNIT5];10441586;100.00;;"
8136 [140042433455808] INFO perfrun.perfcollector <> - PERF_STAT : "     1.605537665;CPU10;87965;;UNC_M_CAS_COUNT.WR[UNIT5];10423757;100.00;;"
8147 [140042433455808] INFO perfrun.perfcollector <> - PERF_STAT : "     1.615945992;CPU0;3926;;UNC_M_CAS_COUNT.RD[UNIT0];10397530;100.00;;"
8147 [140042433455808] INFO perfrun.perfcollector <> - PERF_STAT : "     1.615945992;CPU10;115014;;UNC_M_CAS_COUNT.RD[UNIT0];10405831;100.00;;"
8147 [140042433455808] INFO perfrun.perfcollector <> - PERF_STAT : "     1.615945992;CPU0;4105;;UNC_M_CAS_COUNT.RD[UNIT1];10397803;100.00;;"
8147 [140042433455808] INFO perfrun.perfcollector <> - PERF_STAT : "     1.615945992;CPU10;114619;;UNC_M_CAS_COUNT.RD[UNIT1];10405667;100.00;;"
8147 [140042433455808] INFO perfrun.perfcollector <> - PERF_STAT : "     1.615945992;CPU0;4026;;UNC_M_CAS_COUNT.RD[UNIT4];10397623;100.00;;"
8147 [140042433455808] INFO perfrun.perfcollector <> - PERF_STAT : "     1.615945992;CPU10;115184;;UNC_M_CAS_COUNT.RD[UNIT4];10405798;100.00;;"
8147 [140042433455808] INFO perfrun.perfcollector <> - PERF_STAT : "     1.615945992;CPU0;4105;;UNC_M_CAS_COUNT.RD[UNIT5];10385181;100.00;;"
8147 [140042433455808] INFO perfrun.perfcollector <> - PERF_STAT : "     1.615945992;CPU10;114730;;UNC_M_CAS_COUNT.RD[UNIT5];10405903;100.00;;"
8147 [140042433455808] INFO perfrun.perfcollector <> - PERF_STAT : "     1.615945992;CPU0;308;;UNC_M_CAS_COUNT.WR[UNIT0];10386932;100.00;;"
8147 [140042433455808] INFO perfrun.perfcollector <> - PERF_STAT : "     1.615945992;CPU10;117689;;UNC_M_CAS_COUNT.WR[UNIT0];10406050;100.00;;"
8147 [140042433455808] INFO perfrun.perfcollector <> - PERF_STAT : "     1.615945992;CPU0;430;;UNC_M_CAS_COUNT.WR[UNIT1];10388810;100.00;;"
8147 [140042433455808] INFO perfrun.perfcollector <> - PERF_STAT : "     1.615945992;CPU10;117472;;UNC_M_CAS_COUNT.WR[UNIT1];10405900;100.00;;"
8147 [140042433455808] INFO perfrun.perfcollector <> - PERF_STAT : "     1.615945992;CPU0;341;;UNC_M_CAS_COUNT.WR[UNIT4];10390647;100.00;;"
8147 [140042433455808] INFO perfrun.perfcollector <> - PERF_STAT : "     1.615945992;CPU10;118061;;UNC_M_CAS_COUNT.WR[UNIT4];10405909;100.00;;"
8147 [140042433455808] INFO perfrun.perfcollector <> - PERF_STAT : "     1.615945992;CPU0;454;;UNC_M_CAS_COUNT.WR[UNIT5];10392489;100.00;;"
8147 [140042433455808] INFO perfrun.perfcollector <> - PERF_STAT : "     1.615945992;CPU10;118033;;UNC_M_CAS_COUNT.WR[UNIT5];10406259;100.00;;"
8157 [140042433455808] INFO perfrun.perfcollector <> - PERF_STAT : "     1.626342572;CPU0;995;;UNC_M_CAS_COUNT.RD[UNIT0];10393574;100.00;;"
8157 [140042433455808] INFO perfrun.perfcollector <> - PERF_STAT : "     1.626342572;CPU10;112912;;UNC_M_CAS_COUNT.RD[UNIT0];10378436;100.00;;"
8157 [140042433455808] INFO perfrun.perfcollector <> - PERF_STAT : "     1.626342572;CPU0;1032;;UNC_M_CAS_COUNT.RD[UNIT1];10405748;100.00;;"
8157 [140042433455808] INFO perfrun.perfcollector <> - PERF_STAT : "     1.626342572;CPU10;112203;;UNC_M_CAS_COUNT.RD[UNIT1];10378178;100.00;;"
8157 [140042433455808] INFO perfrun.perfcollector <> - PERF_STAT : "     1.626342572;CPU0;963;;UNC_M_CAS_COUNT.RD[UNIT4];10403831;100.00;;"
8157 [140042433455808] INFO perfrun.perfcollector <> - PERF_STAT : "     1.626342572;CPU10;112660;;UNC_M_CAS_COUNT.RD[UNIT4];10377883;100.00;;"
8157 [140042433455808] INFO perfrun.perfcollector <> - PERF_STAT : "     1.626342572;CPU0;1073;;UNC_M_CAS_COUNT.RD[UNIT5];10402114;100.00;;"
8157 [140042433455808] INFO perfrun.perfcollector <> - PERF_STAT : "     1.626342572;CPU10;112012;;UNC_M_CAS_COUNT.RD[UNIT5];10378070;100.00;;"
8157 [140042433455808] INFO perfrun.perfcollector <> - PERF_STAT : "     1.626342572;CPU0;105;;UNC_M_CAS_COUNT.WR[UNIT0];10400322;100.00;;"
8157 [140042433455808] INFO perfrun.perfcollector <> - PERF_STAT : "     1.626342572;CPU10;234037;;UNC_M_CAS_COUNT.WR[UNIT0];10377868;100.00;;"
8157 [140042433455808] INFO perfrun.perfcollector <> - PERF_STAT : "     1.626342572;CPU0;176;;UNC_M_CAS_COUNT.WR[UNIT1];10398327;100.00;;"
8157 [140042433455808] INFO perfrun.perfcollector <> - PERF_STAT : "     1.626342572;CPU10;234500;;UNC_M_CAS_COUNT.WR[UNIT1];10378116;100.00;;"
8157 [140042433455808] INFO perfrun.perfcollector <> - PERF_STAT : "     1.626342572;CPU0;104;;UNC_M_CAS_COUNT.WR[UNIT4];10396472;100.00;;"
8157 [140042433455808] INFO perfrun.perfcollector <> - PERF_STAT : "     1.626342572;CPU10;235008;;UNC_M_CAS_COUNT.WR[UNIT4];10377989;100.00;;"
8157 [140042433455808] INFO perfrun.perfcollector <> - PERF_STAT : "     1.626342572;CPU0;170;;UNC_M_CAS_COUNT.WR[UNIT5];10394795;100.00;;"
8157 [140042433455808] INFO perfrun.perfcollector <> - PERF_STAT : "     1.626342572;CPU10;235699;;UNC_M_CAS_COUNT.WR[UNIT5];10377818;100.00;;"
8167 [140042433455808] INFO perfrun.perfcollector <> - PERF_STAT : "     1.636726904;CPU0;1179;;UNC_M_CAS_COUNT.RD[UNIT0];10382548;100.00;;"
8167 [140042433455808] INFO perfrun.perfcollector <> - PERF_STAT : "     1.636726904;CPU10;106032;;UNC_M_CAS_COUNT.RD[UNIT0];10398204;100.00;;"
8167 [140042433455808] INFO perfrun.perfcollector <> - PERF_STAT : "     1.636726904;CPU0;1216;;UNC_M_CAS_COUNT.RD[UNIT1];10370120;100.00;;"
8167 [140042433455808] INFO perfrun.perfcollector <> - PERF_STAT : "     1.636726904;CPU10;105513;;UNC_M_CAS_COUNT.RD[UNIT1];10398298;100.00;;"
8167 [140042433455808] INFO perfrun.perfcollector <> - PERF_STAT : "     1.636726904;CPU0;1102;;UNC_M_CAS_COUNT.RD[UNIT4];10372078;100.00;;"
8167 [140042433455808] INFO perfrun.perfcollector <> - PERF_STAT : "     1.636726904;CPU10;106001;;UNC_M_CAS_COUNT.RD[UNIT4];10398565;100.00;;"
8167 [140042433455808] INFO perfrun.perfcollector <> - PERF_STAT : "     1.636726904;CPU0;1275;;UNC_M_CAS_COUNT.RD[UNIT5];10373801;100.00;;"
8167 [140042433455808] INFO perfrun.perfcollector <> - PERF_STAT : "     1.636726904;CPU10;105515;;UNC_M_CAS_COUNT.RD[UNIT5];10398156;100.00;;"
8167 [140042433455808] INFO perfrun.perfcollector <> - PERF_STAT : "     1.636726904;CPU0;91;;UNC_M_CAS_COUNT.WR[UNIT0];10375726;100.00;;"
8168 [140042433455808] INFO perfrun.perfcollector <> - PERF_STAT : "     1.636726904;CPU10;184553;;UNC_M_CAS_COUNT.WR[UNIT0];10398078;100.00;;"
8168 [140042433455808] INFO perfrun.perfcollector <> - PERF_STAT : "     1.636726904;CPU0;176;;UNC_M_CAS_COUNT.WR[UNIT1];10377617;100.00;;"
8168 [140042433455808] INFO perfrun.perfcollector <> - PERF_STAT : "     1.636726904;CPU10;185174;;UNC_M_CAS_COUNT.WR[UNIT1];10398023;100.00;;"
8168 [140042433455808] INFO perfrun.perfcollector <> - PERF_STAT : "     1.636726904;CPU0;80;;UNC_M_CAS_COUNT.WR[UNIT4];10379436;100.00;;"
8168 [140042433455808] INFO perfrun.perfcollector <> - PERF_STAT : "     1.636726904;CPU10;185317;;UNC_M_CAS_COUNT.WR[UNIT4];10398073;100.00;;"
8168 [140042433455808] INFO perfrun.perfcollector <> - PERF_STAT : "     1.636726904;CPU0;160;;UNC_M_CAS_COUNT.WR[UNIT5];10381050;100.00;;"
8168 [140042433455808] INFO perfrun.perfcollector <> - PERF_STAT : "     1.636726904;CPU10;185685;;UNC_M_CAS_COUNT.WR[UNIT5];10398056;100.00;;"
8178 [140042433455808] INFO perfrun.perfcollector <> - PERF_STAT : "     1.647102486;CPU0;2178;;UNC_M_CAS_COUNT.RD[UNIT0];10354286;100.00;;"
8178 [140042433455808] INFO perfrun.perfcollector <> - PERF_STAT : "     1.647102486;CPU10;106934;;UNC_M_CAS_COUNT.RD[UNIT0];10323001;100.00;;"
8178 [140042433455808] INFO perfrun.perfcollector <> - PERF_STAT : "     1.647102486;CPU0;2396;;UNC_M_CAS_COUNT.RD[UNIT1];10351688;100.00;;"
8178 [140042433455808] INFO perfrun.perfcollector <> - PERF_STAT : "     1.647102486;CPU10;106497;;UNC_M_CAS_COUNT.RD[UNIT1];10322652;100.00;;"
8178 [140042433455808] INFO perfrun.perfcollector <> - PERF_STAT : "     1.647102486;CPU0;2212;;UNC_M_CAS_COUNT.RD[UNIT4];10349791;100.00;;"
8178 [140042433455808] INFO perfrun.perfcollector <> - PERF_STAT : "     1.647102486;CPU10;107098;;UNC_M_CAS_COUNT.RD[UNIT4];10321994;100.00;;"
8178 [140042433455808] INFO perfrun.perfcollector <> - PERF_STAT : "     1.647102486;CPU0;2345;;UNC_M_CAS_COUNT.RD[UNIT5];10348019;100.00;;"
8178 [140042433455808] INFO perfrun.perfcollector <> - PERF_STAT : "     1.647102486;CPU10;106515;;UNC_M_CAS_COUNT.RD[UNIT5];10321806;100.00;;"
8178 [140042433455808] INFO perfrun.perfcollector <> - PERF_STAT : "     1.647102486;CPU0;108;;UNC_M_CAS_COUNT.WR[UNIT0];10346033;100.00;;"
8178 [140042433455808] INFO perfrun.perfcollector <> - PERF_STAT : "     1.647102486;CPU10;183678;;UNC_M_CAS_COUNT.WR[UNIT0];10321727;100.00;;"
8178 [140042433455808] INFO perfrun.perfcollector <> - PERF_STAT : "     1.647102486;CPU0;244;;UNC_M_CAS_COUNT.WR[UNIT1];10344169;100.00;;"
8178 [140042433455808] INFO perfrun.perfcollector <> - PERF_STAT : "     1.647102486;CPU10;184132;;UNC_M_CAS_COUNT.WR[UNIT1];10321450;100.00;;"
8178 [140042433455808] INFO perfrun.perfcollector <> - PERF_STAT : "     1.647102486;CPU0;116;;UNC_M_CAS_COUNT.WR[UNIT4];10342377;100.00;;"
8178 [140042433455808] INFO perfrun.perfcollector <> - PERF_STAT : "     1.647102486;CPU10;184640;;UNC_M_CAS_COUNT.WR[UNIT4];10321539;100.00;;"
8178 [140042433455808] INFO perfrun.perfcollector <> - PERF_STAT : "     1.647102486;CPU0;253;;UNC_M_CAS_COUNT.WR[UNIT5];10340536;100.00;;"
8178 [140042433455808] INFO perfrun.perfcollector <> - PERF_STAT : "     1.647102486;CPU10;185059;;UNC_M_CAS_COUNT.WR[UNIT5];10321338;100.00;;"
8188 [140042433455808] INFO perfrun.perfcollector <> - PERF_STAT : "     1.657428880;CPU0;1883;;UNC_M_CAS_COUNT.RD[UNIT0];10342520;100.00;;"
8188 [140042433455808] INFO perfrun.perfcollector <> - PERF_STAT : "     1.657428880;CPU10;107670;;UNC_M_CAS_COUNT.RD[UNIT0];10373380;100.00;;"
8188 [140042433455808] INFO perfrun.perfcollector <> - PERF_STAT : "     1.657428880;CPU0;1956;;UNC_M_CAS_COUNT.RD[UNIT1];10345074;100.00;;"
8188 [140042433455808] INFO perfrun.perfcollector <> - PERF_STAT : "     1.657428880;CPU10;107135;;UNC_M_CAS_COUNT.RD[UNIT1];10373123;100.00;;"
8188 [140042433455808] INFO perfrun.perfcollector <> - PERF_STAT : "     1.657428880;CPU0;1856;;UNC_M_CAS_COUNT.RD[UNIT4];10347298;100.00;;"
8188 [140042433455808] INFO perfrun.perfcollector <> - PERF_STAT : "     1.657428880;CPU10;107716;;UNC_M_CAS_COUNT.RD[UNIT4];10373530;100.00;;"
8188 [140042433455808] INFO perfrun.perfcollector <> - PERF_STAT : "     1.657428880;CPU0;2003;;UNC_M_CAS_COUNT.RD[UNIT5];10349050;100.00;;"
8188 [140042433455808] INFO perfrun.perfcollector <> - PERF_STAT : "     1.657428880;CPU10;107275;;UNC_M_CAS_COUNT.RD[UNIT5];10373841;100.00;;"
8188 [140042433455808] INFO perfrun.perfcollector <> - PERF_STAT : "     1.657428880;CPU0;344;;UNC_M_CAS_COUNT.WR[UNIT0];10351060;100.00;;"
8188 [140042433455808] INFO perfrun.perfcollector <> - PERF_STAT : "     1.657428880;CPU10;175724;;UNC_M_CAS_COUNT.WR[UNIT0];10373883;100.00;;"
8188 [140042433455808] INFO perfrun.perfcollector <> - PERF_STAT : "     1.657428880;CPU0;378;;UNC_M_CAS_COUNT.WR[UNIT1];10352948;100.00;;"
8188 [140042433455808] INFO perfrun.perfcollector <> - PERF_STAT : "     1.657428880;CPU10;176080;;UNC_M_CAS_COUNT.WR[UNIT1];10373808;100.00;;"
8188 [140042433455808] INFO perfrun.perfcollector <> - PERF_STAT : "     1.657428880;CPU0;327;;UNC_M_CAS_COUNT.WR[UNIT4];10354725;100.00;;"
8188 [140042433455808] INFO perfrun.perfcollector <> - PERF_STAT : "     1.657428880;CPU10;176628;;UNC_M_CAS_COUNT.WR[UNIT4];10373878;100.00;;"
8188 [140042433455808] INFO perfrun.perfcollector <> - PERF_STAT : "     1.657428880;CPU0;411;;UNC_M_CAS_COUNT.WR[UNIT5];10356584;100.00;;"
8188 [140042433455808] INFO perfrun.perfcollector <> - PERF_STAT : "     1.657428880;CPU10;177188;;UNC_M_CAS_COUNT.WR[UNIT5];10373911;100.00;;"
8198 [140042433455808] INFO perfrun.perfcollector <> - PERF_STAT : "     1.667802556;CPU0;735;;UNC_M_CAS_COUNT.RD[UNIT0];10375141;100.00;;"
8198 [140042433455808] INFO perfrun.perfcollector <> - PERF_STAT : "     1.667802556;CPU10;125225;;UNC_M_CAS_COUNT.RD[UNIT0];10374993;100.00;;"
8198 [140042433455808] INFO perfrun.perfcollector <> - PERF_STAT : "     1.667802556;CPU0;790;;UNC_M_CAS_COUNT.RD[UNIT1];10375304;100.00;;"
8198 [140042433455808] INFO perfrun.perfcollector <> - PERF_STAT : "     1.667802556;CPU10;124663;;UNC_M_CAS_COUNT.RD[UNIT1];10375379;100.00;;"
8198 [140042433455808] INFO perfrun.perfcollector <> - PERF_STAT : "     1.667802556;CPU0;741;;UNC_M_CAS_COUNT.RD[UNIT4];10375038;100.00;;"
8198 [140042433455808] INFO perfrun.perfcollector <> - PERF_STAT : "     1.667802556;CPU10;125099;;UNC_M_CAS_COUNT.RD[UNIT4];10375179;100.00;;"
8199 [140042433455808] INFO perfrun.perfcollector <> - PERF_STAT : "     1.667802556;CPU0;834;;UNC_M_CAS_COUNT.RD[UNIT5];10375138;100.00;;"
8199 [140042433455808] INFO perfrun.perfcollector <> - PERF_STAT : "     1.667802556;CPU10;124371;;UNC_M_CAS_COUNT.RD[UNIT5];10374978;100.00;;"
8199 [140042433455808] INFO perfrun.perfcollector <> - PERF_STAT : "     1.667802556;CPU0;115;;UNC_M_CAS_COUNT.WR[UNIT0];10374981;100.00;;"
8199 [140042433455808] INFO perfrun.perfcollector <> - PERF_STAT : "     1.667802556;CPU10;218046;;UNC_M_CAS_COUNT.WR[UNIT0];10374808;100.00;;"
8199 [140042433455808] INFO perfrun.perfcollector <> - PERF_STAT : "     1.667802556;CPU0;172;;UNC_M_CAS_COUNT.WR[UNIT1];10375034;100.00;;"
8199 [140042433455808] INFO perfrun.perfcollector <> - PERF_STAT : "     1.667802556;CPU10;218837;;UNC_M_CAS_COUNT.WR[UNIT1];10374860;100.00;;"
8199 [140042433455808] INFO perfrun.perfcollector <> - PERF_STAT : "     1.667802556;CPU0;108;;UNC_M_CAS_COUNT.WR[UNIT4];10375148;100.00;;"
8199 [140042433455808] INFO perfrun.perfcollector <> - PERF_STAT : "     1.667802556;CPU10;219532;;UNC_M_CAS_COUNT.WR[UNIT4];10375121;100.00;;"
8199 [140042433455808] INFO perfrun.perfcollector <> - PERF_STAT : "     1.667802556;CPU0;167;;UNC_M_CAS_COUNT.WR[UNIT5];10375287;100.00;;"
8199 [140042433455808] INFO perfrun.perfcollector <> - PERF_STAT : "     1.667802556;CPU10;220393;;UNC_M_CAS_COUNT.WR[UNIT5];10375089;100.00;;"
8209 [140042433455808] INFO perfrun.perfcollector <> - PERF_STAT : "     1.678177630;CPU0;2689;;UNC_M_CAS_COUNT.RD[UNIT0];10370864;100.00;;"
8209 [140042433455808] INFO perfrun.perfcollector <> - PERF_STAT : "     1.678177630;CPU10;106070;;UNC_M_CAS_COUNT.RD[UNIT0];10368726;100.00;;"
8209 [140042433455808] INFO perfrun.perfcollector <> - PERF_STAT : "     1.678177630;CPU0;2923;;UNC_M_CAS_COUNT.RD[UNIT1];10370811;100.00;;"
8209 [140042433455808] INFO perfrun.perfcollector <> - PERF_STAT : "     1.678177630;CPU10;105471;;UNC_M_CAS_COUNT.RD[UNIT1];10368997;100.00;;"
8209 [140042433455808] INFO perfrun.perfcollector <> - PERF_STAT : "     1.678177630;CPU0;2630;;UNC_M_CAS_COUNT.RD[UNIT4];10370684;100.00;;"
8209 [140042433455808] INFO perfrun.perfcollector <> - PERF_STAT : "     1.678177630;CPU10;106057;;UNC_M_CAS_COUNT.RD[UNIT4];10369171;100.00;;"
8209 [140042433455808] INFO perfrun.perfcollector <> - PERF_STAT : "     1.678177630;CPU0;2815;;UNC_M_CAS_COUNT.RD[UNIT5];10370701;100.00;;"
8209 [140042433455808] INFO perfrun.perfcollector <> - PERF_STAT : "     1.678177630;CPU10;105528;;UNC_M_CAS_COUNT.RD[UNIT5];10369113;100.00;;"
8209 [140042433455808] INFO perfrun.perfcollector <> - PERF_STAT : "     1.678177630;CPU0;157;;UNC_M_CAS_COUNT.WR[UNIT0];10370660;100.00;;"
8209 [140042433455808] INFO perfrun.perfcollector <> - PERF_STAT : "     1.678177630;CPU10;179808;;UNC_M_CAS_COUNT.WR[UNIT0];10369371;100.00;;"
8209 [140042433455808] INFO perfrun.perfcollector <> - PERF_STAT : "     1.678177630;CPU0;198;;UNC_M_CAS_COUNT.WR[UNIT1];10370564;100.00;;"
8209 [140042433455808] INFO perfrun.perfcollector <> - PERF_STAT : "     1.678177630;CPU10;180163;;UNC_M_CAS_COUNT.WR[UNIT1];10369528;100.00;;"
8209 [140042433455808] INFO perfrun.perfcollector <> - PERF_STAT : "     1.678177630;CPU0;142;;UNC_M_CAS_COUNT.WR[UNIT4];10370507;100.00;;"
8209 [140042433455808] INFO perfrun.perfcollector <> - PERF_STAT : "     1.678177630;CPU10;180463;;UNC_M_CAS_COUNT.WR[UNIT4];10369105;100.00;;"
8209 [140042433455808] INFO perfrun.perfcollector <> - PERF_STAT : "     1.678177630;CPU0;214;;UNC_M_CAS_COUNT.WR[UNIT5];10370420;100.00;;"
8209 [140042433455808] INFO perfrun.perfcollector <> - PERF_STAT : "     1.678177630;CPU10;181267;;UNC_M_CAS_COUNT.WR[UNIT5];10369439;100.00;;"
8219 [140042433455808] INFO perfrun.perfcollector <> - PERF_STAT : "     1.688550014;CPU0;670;;UNC_M_CAS_COUNT.RD[UNIT0];10374216;100.00;;"
8219 [140042433455808] INFO perfrun.perfcollector <> - PERF_STAT : "     1.688550014;CPU10;105301;;UNC_M_CAS_COUNT.RD[UNIT0];10375393;100.00;;"
8219 [140042433455808] INFO perfrun.perfcollector <> - PERF_STAT : "     1.688550014;CPU0;711;;UNC_M_CAS_COUNT.RD[UNIT1];10374169;100.00;;"
8219 [140042433455808] INFO perfrun.perfcollector <> - PERF_STAT : "     1.688550014;CPU10;104825;;UNC_M_CAS_COUNT.RD[UNIT1];10374809;100.00;;"
8219 [140042433455808] INFO perfrun.perfcollector <> - PERF_STAT : "     1.688550014;CPU0;648;;UNC_M_CAS_COUNT.RD[UNIT4];10374202;100.00;;"
8219 [140042433455808] INFO perfrun.perfcollector <> - PERF_STAT : "     1.688550014;CPU10;105398;;UNC_M_CAS_COUNT.RD[UNIT4];10374794;100.00;;"
8219 [140042433455808] INFO perfrun.perfcollector <> - PERF_STAT : "     1.688550014;CPU0;694;;UNC_M_CAS_COUNT.RD[UNIT5];10374229;100.00;;"
8219 [140042433455808] INFO perfrun.perfcollector <> - PERF_STAT : "     1.688550014;CPU10;104799;;UNC_M_CAS_COUNT.RD[UNIT5];10374733;100.00;;"
8219 [140042433455808] INFO perfrun.perfcollector <> - PERF_STAT : "     1.688550014;CPU0;377;;UNC_M_CAS_COUNT.WR[UNIT0];10374256;100.00;;"
8219 [140042433455808] INFO perfrun.perfcollector <> - PERF_STAT : "     1.688550014;CPU10;176378;;UNC_M_CAS_COUNT.WR[UNIT0];10374460;100.00;;"
8219 [140042433455808] INFO perfrun.perfcollector <> - PERF_STAT : "     1.688550014;CPU0;442;;UNC_M_CAS_COUNT.WR[UNIT1];10374269;100.00;;"
8219 [140042433455808] INFO perfrun.perfcollector <> - PERF_STAT : "     1.688550014;CPU10;176539;;UNC_M_CAS_COUNT.WR[UNIT1];10374333;100.00;;"
8219 [140042433455808] INFO perfrun.perfcollector <> - PERF_STAT : "     1.688550014;CPU0;375;;UNC_M_CAS_COUNT.WR[UNIT4];10374246;100.00;;"
8219 [140042433455808] INFO perfrun.perfcollector <> - PERF_STAT : "     1.688550014;CPU10;177241;;UNC_M_CAS_COUNT.WR[UNIT4];10374371;100.00;;"
8219 [140042433455808] INFO perfrun.perfcollector <> - PERF_STAT : "     1.688550014;CPU0;391;;UNC_M_CAS_COUNT.WR[UNIT5];10374216;100.00;;"
8219 [140042433455808] INFO perfrun.perfcollector <> - PERF_STAT : "     1.688550014;CPU10;177589;;UNC_M_CAS_COUNT.WR[UNIT5];10374146;100.00;;"
8229 [140042433455808] INFO perfrun.perfcollector <> - PERF_STAT : "     1.698923113;CPU0;850;;UNC_M_CAS_COUNT.RD[UNIT0];10373628;100.00;;"
8230 [140042433455808] INFO perfrun.perfcollector <> - PERF_STAT : "     1.698923113;CPU10;108931;;UNC_M_CAS_COUNT.RD[UNIT0];10372129;100.00;;"
8230 [140042433455808] INFO perfrun.perfcollector <> - PERF_STAT : "     1.698923113;CPU0;907;;UNC_M_CAS_COUNT.RD[UNIT1];10373525;100.00;;"
8230 [140042433455808] INFO perfrun.perfcollector <> - PERF_STAT : "     1.698923113;CPU10;108411;;UNC_M_CAS_COUNT.RD[UNIT1];10371939;100.00;;"
8230 [140042433455808] INFO perfrun.perfcollector <> - PERF_STAT : "     1.698923113;CPU0;866;;UNC_M_CAS_COUNT.RD[UNIT4];10373607;100.00;;"
8230 [140042433455808] INFO perfrun.perfcollector <> - PERF_STAT : "     1.698923113;CPU10;109014;;UNC_M_CAS_COUNT.RD[UNIT4];10371904;100.00;;"
8230 [140042433455808] INFO perfrun.perfcollector <> - PERF_STAT : "     1.698923113;CPU0;898;;UNC_M_CAS_COUNT.RD[UNIT5];10373397;100.00;;"
8230 [140042433455808] INFO perfrun.perfcollector <> - PERF_STAT : "     1.698923113;CPU10;108581;;UNC_M_CAS_COUNT.RD[UNIT5];10371925;100.00;;"
8230 [140042433455808] INFO perfrun.perfcollector <> - PERF_STAT : "     1.698923113;CPU0;100;;UNC_M_CAS_COUNT.WR[UNIT0];10373374;100.00;;"
8230 [140042433455808] INFO perfrun.perfcollector <> - PERF_STAT : "     1.698923113;CPU10;180717;;UNC_M_CAS_COUNT.WR[UNIT0];10372065;100.00;;"
8230 [140042433455808] INFO perfrun.perfcollector <> - PERF_STAT : "     1.698923113;CPU0;127;;UNC_M_CAS_COUNT.WR[UNIT1];10373403;100.00;;"
8230 [140042433455808] INFO perfrun.perfcollector <> - PERF_STAT : "     1.698923113;CPU10;181390;;UNC_M_CAS_COUNT.WR[UNIT1];10372311;100.00;;"
8230 [140042433455808] INFO perfrun.perfcollector <> - PERF_STAT : "     1.698923113;CPU0;81;;UNC_M_CAS_COUNT.WR[UNIT4];10373474;100.00;;"
8230 [140042433455808] INFO perfrun.perfcollector <> - PERF_STAT : "     1.698923113;CPU10;182139;;UNC_M_CAS_COUNT.WR[UNIT4];10372417;100.00;;"
8230 [140042433455808] INFO perfrun.perfcollector <> - PERF_STAT : "     1.698923113;CPU0;109;;UNC_M_CAS_COUNT.WR[UNIT5];10373468;100.00;;"
8230 [140042433455808] INFO perfrun.perfcollector <> - PERF_STAT : "     1.698923113;CPU10;182556;;UNC_M_CAS_COUNT.WR[UNIT5];10372337;100.00;;"
8240 [140042433455808] INFO perfrun.perfcollector <> - PERF_STAT : "     1.709301506;CPU0;2156;;UNC_M_CAS_COUNT.RD[UNIT0];10378094;100.00;;"
8240 [140042433455808] INFO perfrun.perfcollector <> - PERF_STAT : "     1.709301506;CPU10;124599;;UNC_M_CAS_COUNT.RD[UNIT0];10378732;100.00;;"
8240 [140042433455808] INFO perfrun.perfcollector <> - PERF_STAT : "     1.709301506;CPU0;2211;;UNC_M_CAS_COUNT.RD[UNIT1];10378245;100.00;;"
8240 [140042433455808] INFO perfrun.perfcollector <> - PERF_STAT : "     1.709301506;CPU10;124183;;UNC_M_CAS_COUNT.RD[UNIT1];10378610;100.00;;"
8240 [140042433455808] INFO perfrun.perfcollector <> - PERF_STAT : "     1.709301506;CPU0;2181;;UNC_M_CAS_COUNT.RD[UNIT4];10378269;100.00;;"
8240 [140042433455808] INFO perfrun.perfcollector <> - PERF_STAT : "     1.709301506;CPU10;124458;;UNC_M_CAS_COUNT.RD[UNIT4];10378730;100.00;;"
8240 [140042433455808] INFO perfrun.perfcollector <> - PERF_STAT : "     1.709301506;CPU0;2195;;UNC_M_CAS_COUNT.RD[UNIT5];10378364;100.00;;"
8240 [140042433455808] INFO perfrun.perfcollector <> - PERF_STAT : "     1.709301506;CPU10;124042;;UNC_M_CAS_COUNT.RD[UNIT5];10378725;100.00;;"
8240 [140042433455808] INFO perfrun.perfcollector <> - PERF_STAT : "     1.709301506;CPU0;57;;UNC_M_CAS_COUNT.WR[UNIT0];10378395;100.00;;"
8240 [140042433455808] INFO perfrun.perfcollector <> - PERF_STAT : "     1.709301506;CPU10;206794;;UNC_M_CAS_COUNT.WR[UNIT0];10378825;100.00;;"
8240 [140042433455808] INFO perfrun.perfcollector <> - PERF_STAT : "     1.709301506;CPU0;108;;UNC_M_CAS_COUNT.WR[UNIT1];10378409;100.00;;"
8240 [140042433455808] INFO perfrun.perfcollector <> - PERF_STAT : "     1.709301506;CPU10;207232;;UNC_M_CAS_COUNT.WR[UNIT1];10378500;100.00;;"
8240 [140042433455808] INFO perfrun.perfcollector <> - PERF_STAT : "     1.709301506;CPU0;49;;UNC_M_CAS_COUNT.WR[UNIT4];10378449;100.00;;"
8240 [140042433455808] INFO perfrun.perfcollector <> - PERF_STAT : "     1.709301506;CPU10;207721;;UNC_M_CAS_COUNT.WR[UNIT4];10378477;100.00;;"
8240 [140042433455808] INFO perfrun.perfcollector <> - PERF_STAT : "     1.709301506;CPU0;109;;UNC_M_CAS_COUNT.WR[UNIT5];10378445;100.00;;"
8240 [140042433455808] INFO perfrun.perfcollector <> - PERF_STAT : "     1.709301506;CPU10;208526;;UNC_M_CAS_COUNT.WR[UNIT5];10378440;100.00;;"
8250 [140042433455808] INFO perfrun.perfcollector <> - PERF_STAT : "     1.719670887;CPU0;1185;;UNC_M_CAS_COUNT.RD[UNIT0];10367550;100.00;;"
8250 [140042433455808] INFO perfrun.perfcollector <> - PERF_STAT : "     1.719670887;CPU10;109844;;UNC_M_CAS_COUNT.RD[UNIT0];10369402;100.00;;"
8250 [140042433455808] INFO perfrun.perfcollector <> - PERF_STAT : "     1.719670887;CPU0;1210;;UNC_M_CAS_COUNT.RD[UNIT1];10367596;100.00;;"
8250 [140042433455808] INFO perfrun.perfcollector <> - PERF_STAT : "     1.719670887;CPU10;109447;;UNC_M_CAS_COUNT.RD[UNIT1];10369588;100.00;;"
8250 [140042433455808] INFO perfrun.perfcollector <> - PERF_STAT : "     1.719670887;CPU0;1156;;UNC_M_CAS_COUNT.RD[UNIT4];10367620;100.00;;"
8250 [140042433455808] INFO perfrun.perfcollector <> - PERF_STAT : "     1.719670887;CPU10;110001;;UNC_M_CAS_COUNT.RD[UNIT4];10369415;100.00;;"
8250 [140042433455808] INFO perfrun.perfcollector <> - PERF_STAT : "     1.719670887;CPU0;1208;;UNC_M_CAS_COUNT.RD[UNIT5];10367561;100.00;;"
8250 [140042433455808] INFO perfrun.perfcollector <> - PERF_STAT : "     1.719670887;CPU10;109637;;UNC_M_CAS_COUNT.RD[UNIT5];10369522;100.00;;"
8250 [140042433455808] INFO perfrun.perfcollector <> - PERF_STAT : "     1.719670887;CPU0;178;;UNC_M_CAS_COUNT.WR[UNIT0];10367574;100.00;;"
8250 [140042433455808] INFO perfrun.perfcollector <> - PERF_STAT : "     1.719670887;CPU10;188361;;UNC_M_CAS_COUNT.WR[UNIT0];10369547;100.00;;"
8250 [140042433455808] INFO perfrun.perfcollector <> - PERF_STAT : "     1.719670887;CPU0;222;;UNC_M_CAS_COUNT.WR[UNIT1];10367527;100.00;;"
8250 [140042433455808] INFO perfrun.perfcollector <> - PERF_STAT : "     1.719670887;CPU10;188863;;UNC_M_CAS_COUNT.WR[UNIT1];10369558;100.00;;"
8250 [140042433455808] INFO perfrun.perfcollector <> - PERF_STAT : "     1.719670887;CPU0;173;;UNC_M_CAS_COUNT.WR[UNIT4];10367519;100.00;;"
8250 [140042433455808] INFO perfrun.perfcollector <> - PERF_STAT : "     1.719670887;CPU10;189703;;UNC_M_CAS_COUNT.WR[UNIT4];10369466;100.00;;"
8250 [140042433455808] INFO perfrun.perfcollector <> - PERF_STAT : "     1.719670887;CPU0;235;;UNC_M_CAS_COUNT.WR[UNIT5];10367760;100.00;;"
8250 [140042433455808] INFO perfrun.perfcollector <> - PERF_STAT : "     1.719670887;CPU10;190631;;UNC_M_CAS_COUNT.WR[UNIT5];10369468;100.00;;"
8261 [140042433455808] INFO perfrun.perfcollector <> - PERF_STAT : "     1.730044178;CPU0;571;;UNC_M_CAS_COUNT.RD[UNIT0];10373140;100.00;;"
8261 [140042433455808] INFO perfrun.perfcollector <> - PERF_STAT : "     1.730044178;CPU10;109434;;UNC_M_CAS_COUNT.RD[UNIT0];10370612;100.00;;"
8261 [140042433455808] INFO perfrun.perfcollector <> - PERF_STAT : "     1.730044178;CPU0;637;;UNC_M_CAS_COUNT.RD[UNIT1];10372997;100.00;;"
8261 [140042433455808] INFO perfrun.perfcollector <> - PERF_STAT : "     1.730044178;CPU10;108742;;UNC_M_CAS_COUNT.RD[UNIT1];10370181;100.00;;"
8261 [140042433455808] INFO perfrun.perfcollector <> - PERF_STAT : "     1.730044178;CPU0;558;;UNC_M_CAS_COUNT.RD[UNIT4];10372829;100.00;;"
8261 [140042433455808] INFO perfrun.perfcollector <> - PERF_STAT : "     1.730044178;CPU10;109163;;UNC_M_CAS_COUNT.RD[UNIT4];10370177;100.00;;"
8261 [140042433455808] INFO perfrun.perfcollector <> - PERF_STAT : "     1.730044178;CPU0;671;;UNC_M_CAS_COUNT.RD[UNIT5];10372959;100.00;;"
8261 [140042433455808] INFO perfrun.perfcollector <> - PERF_STAT : "     1.730044178;CPU10;108567;;UNC_M_CAS_COUNT.RD[UNIT5];10370112;100.00;;"
8261 [140042433455808] INFO perfrun.perfcollector <> - PERF_STAT : "     1.730044178;CPU0;110;;UNC_M_CAS_COUNT.WR[UNIT0];10372959;100.00;;"
8261 [140042433455808] INFO perfrun.perfcollector <> - PERF_STAT : "     1.730044178;CPU10;181885;;UNC_M_CAS_COUNT.WR[UNIT0];10370246;100.00;;"
8261 [140042433455808] INFO perfrun.perfcollector <> - PERF_STAT : "     1.730044178;CPU0;188;;UNC_M_CAS_COUNT.WR[UNIT1];10373080;100.00;;"
8261 [140042433455808] INFO perfrun.perfcollector <> - PERF_STAT : "     1.730044178;CPU10;182554;;UNC_M_CAS_COUNT.WR[UNIT1];10370584;100.00;;"
8261 [140042433455808] INFO perfrun.perfcollector <> - PERF_STAT : "     1.730044178;CPU0;85;;UNC_M_CAS_COUNT.WR[UNIT4];10372970;100.00;;"
8261 [140042433455808] INFO perfrun.perfcollector <> - PERF_STAT : "     1.730044178;CPU10;183226;;UNC_M_CAS_COUNT.WR[UNIT4];10370662;100.00;;"
8261 [140042433455808] INFO perfrun.perfcollector <> - PERF_STAT : "     1.730044178;CPU0;186;;UNC_M_CAS_COUNT.WR[UNIT5];10372706;100.00;;"
8261 [140042433455808] INFO perfrun.perfcollector <> - PERF_STAT : "     1.730044178;CPU10;183522;;UNC_M_CAS_COUNT.WR[UNIT5];10370661;100.00;;"
8271 [140042433455808] INFO perfrun.perfcollector <> - PERF_STAT : "     1.740414369;CPU0;770;;UNC_M_CAS_COUNT.RD[UNIT0];10353629;100.00;;"
8271 [140042433455808] INFO perfrun.perfcollector <> - PERF_STAT : "     1.740414369;CPU10;105588;;UNC_M_CAS_COUNT.RD[UNIT0];10323355;100.00;;"
8271 [140042433455808] INFO perfrun.perfcollector <> - PERF_STAT : "     1.740414369;CPU0;825;;UNC_M_CAS_COUNT.RD[UNIT1];10350842;100.00;;"
8271 [140042433455808] INFO perfrun.perfcollector <> - PERF_STAT : "     1.740414369;CPU10;105061;;UNC_M_CAS_COUNT.RD[UNIT1];10323319;100.00;;"
8271 [140042433455808] INFO perfrun.perfcollector <> - PERF_STAT : "     1.740414369;CPU0;788;;UNC_M_CAS_COUNT.RD[UNIT4];10348921;100.00;;"
8271 [140042433455808] INFO perfrun.perfcollector <> - PERF_STAT : "     1.740414369;CPU10;105590;;UNC_M_CAS_COUNT.RD[UNIT4];10323324;100.00;;"
8271 [140042433455808] INFO perfrun.perfcollector <> - PERF_STAT : "     1.740414369;CPU0;842;;UNC_M_CAS_COUNT.RD[UNIT5];10347106;100.00;;"
8271 [140042433455808] INFO perfrun.perfcollector <> - PERF_STAT : "     1.740414369;CPU10;104985;;UNC_M_CAS_COUNT.RD[UNIT5];10323246;100.00;;"
8271 [140042433455808] INFO perfrun.perfcollector <> - PERF_STAT : "     1.740414369;CPU0;45;;UNC_M_CAS_COUNT.WR[UNIT0];10345236;100.00;;"
8271 [140042433455808] INFO perfrun.perfcollector <> - PERF_STAT : "     1.740414369;CPU10;174893;;UNC_M_CAS_COUNT.WR[UNIT0];10323251;100.00;;"
8271 [140042433455808] INFO perfrun.perfcollector <> - PERF_STAT : "     1.740414369;CPU0;78;;UNC_M_CAS_COUNT.WR[UNIT1];10343275;100.00;;"
8271 [140042433455808] INFO perfrun.perfcollector <> - PERF_STAT : "     1.740414369;CPU10;175428;;UNC_M_CAS_COUNT.WR[UNIT1];10323035;100.00;;"
8271 [140042433455808] INFO perfrun.perfcollector <> - PERF_STAT : "     1.740414369;CPU0;50;;UNC_M_CAS_COUNT.WR[UNIT4];10341417;100.00;;"
8271 [140042433455808] INFO perfrun.perfcollector <> - PERF_STAT : "     1.740414369;CPU10;176092;;UNC_M_CAS_COUNT.WR[UNIT4];10322880;100.00;;"
8271 [140042433455808] INFO perfrun.perfcollector <> - PERF_STAT : "     1.740414369;CPU0;81;;UNC_M_CAS_COUNT.WR[UNIT5];10339582;100.00;;"
8271 [140042433455808] INFO perfrun.perfcollector <> - PERF_STAT : "     1.740414369;CPU10;176653;;UNC_M_CAS_COUNT.WR[UNIT5];10322868;100.00;;"
8281 [140042433455808] INFO perfrun.perfcollector <> - PERF_STAT : "     1.750733300;CPU0;1269;;UNC_M_CAS_COUNT.RD[UNIT0];10332311;100.00;;"
8281 [140042433455808] INFO perfrun.perfcollector <> - PERF_STAT : "     1.750733300;CPU10;102103;;UNC_M_CAS_COUNT.RD[UNIT0];10373710;100.00;;"
8281 [140042433455808] INFO perfrun.perfcollector <> - PERF_STAT : "     1.750733300;CPU0;1366;;UNC_M_CAS_COUNT.RD[UNIT1];10335272;100.00;;"
8281 [140042433455808] INFO perfrun.perfcollector <> - PERF_STAT : "     1.750733300;CPU10;101622;;UNC_M_CAS_COUNT.RD[UNIT1];10374070;100.00;;"
8281 [140042433455808] INFO perfrun.perfcollector <> - PERF_STAT : "     1.750733300;CPU0;1296;;UNC_M_CAS_COUNT.RD[UNIT4];10337213;100.00;;"
8281 [140042433455808] INFO perfrun.perfcollector <> - PERF_STAT : "     1.750733300;CPU10;102194;;UNC_M_CAS_COUNT.RD[UNIT4];10374280;100.00;;"
8281 [140042433455808] INFO perfrun.perfcollector <> - PERF_STAT : "     1.750733300;CPU0;1330;;UNC_M_CAS_COUNT.RD[UNIT5];10338902;100.00;;"
8281 [140042433455808] INFO perfrun.perfcollector <> - PERF_STAT : "     1.750733300;CPU10;101641;;UNC_M_CAS_COUNT.RD[UNIT5];10374222;100.00;;"
8281 [140042433455808] INFO perfrun.perfcollector <> - PERF_STAT : "     1.750733300;CPU0;68;;UNC_M_CAS_COUNT.WR[UNIT0];10340768;100.00;;"
8281 [140042433455808] INFO perfrun.perfcollector <> - PERF_STAT : "     1.750733300;CPU10;174639;;UNC_M_CAS_COUNT.WR[UNIT0];10373987;100.00;;"
8281 [140042433455808] INFO perfrun.perfcollector <> - PERF_STAT : "     1.750733300;CPU0;92;;UNC_M_CAS_COUNT.WR[UNIT1];10342648;100.00;;"
8282 [140042433455808] INFO perfrun.perfcollector <> - PERF_STAT : "     1.750733300;CPU10;175446;;UNC_M_CAS_COUNT.WR[UNIT1];10373942;100.00;;"
8282 [140042433455808] INFO perfrun.perfcollector <> - PERF_STAT : "     1.750733300;CPU0;60;;UNC_M_CAS_COUNT.WR[UNIT4];10344587;100.00;;"
8282 [140042433455808] INFO perfrun.perfcollector <> - PERF_STAT : "     1.750733300;CPU10;175686;;UNC_M_CAS_COUNT.WR[UNIT4];10373946;100.00;;"
8282 [140042433455808] INFO perfrun.perfcollector <> - PERF_STAT : "     1.750733300;CPU0;87;;UNC_M_CAS_COUNT.WR[UNIT5];10346442;100.00;;"
8282 [140042433455808] INFO perfrun.perfcollector <> - PERF_STAT : "     1.750733300;CPU10;176127;;UNC_M_CAS_COUNT.WR[UNIT5];10374305;100.00;;"
8292 [140042433455808] INFO perfrun.perfcollector <> - PERF_STAT : "     1.761113703;CPU0;699;;UNC_M_CAS_COUNT.RD[UNIT0];10389568;100.00;;"
8292 [140042433455808] INFO perfrun.perfcollector <> - PERF_STAT : "     1.761113703;CPU10;105526;;UNC_M_CAS_COUNT.RD[UNIT0];10380764;100.00;;"
8292 [140042433455808] INFO perfrun.perfcollector <> - PERF_STAT : "     1.761113703;CPU0;754;;UNC_M_CAS_COUNT.RD[UNIT1];10389484;100.00;;"
8292 [140042433455808] INFO perfrun.perfcollector <> - PERF_STAT : "     1.761113703;CPU10;105057;;UNC_M_CAS_COUNT.RD[UNIT1];10380457;100.00;;"
8292 [140042433455808] INFO perfrun.perfcollector <> - PERF_STAT : "     1.761113703;CPU0;638;;UNC_M_CAS_COUNT.RD[UNIT4];10389625;100.00;;"
8292 [140042433455808] INFO perfrun.perfcollector <> - PERF_STAT : "     1.761113703;CPU10;105636;;UNC_M_CAS_COUNT.RD[UNIT4];10380236;100.00;;"
8292 [140042433455808] INFO perfrun.perfcollector <> - PERF_STAT : "     1.761113703;CPU0;730;;UNC_M_CAS_COUNT.RD[UNIT5];10389821;100.00;;"
8292 [140042433455808] INFO perfrun.perfcollector <> - PERF_STAT : "     1.761113703;CPU10;105047;;UNC_M_CAS_COUNT.RD[UNIT5];10380401;100.00;;"
8292 [140042433455808] INFO perfrun.perfcollector <> - PERF_STAT : "     1.761113703;CPU0;45;;UNC_M_CAS_COUNT.WR[UNIT0];10389795;100.00;;"
8292 [140042433455808] INFO perfrun.perfcollector <> - PERF_STAT : "     1.761113703;CPU10;176873;;UNC_M_CAS_COUNT.WR[UNIT0];10380629;100.00;;"
8292 [140042433455808] INFO perfrun.perfcollector <> - PERF_STAT : "     1.761113703;CPU0;116;;UNC_M_CAS_COUNT.WR[UNIT1];10389792;100.00;;"
8292 [140042433455808] INFO perfrun.perfcollector <> - PERF_STAT : "     1.761113703;CPU10;177474;;UNC_M_CAS_COUNT.WR[UNIT1];10380674;100.00;;"
8292 [140042433455808] INFO perfrun.perfcollector <> - PERF_STAT : "     1.761113703;CPU0;43;;UNC_M_CAS_COUNT.WR[UNIT4];10389678;100.00;;"
8292 [140042433455808] INFO perfrun.perfcollector <> - PERF_STAT : "     1.761113703;CPU10;178524;;UNC_M_CAS_COUNT.WR[UNIT4];10381060;100.00;;"
8292 [140042433455808] INFO perfrun.perfcollector <> - PERF_STAT : "     1.761113703;CPU0;118;;UNC_M_CAS_COUNT.WR[UNIT5];10389711;100.00;;"
8292 [140042433455808] INFO perfrun.perfcollector <> - PERF_STAT : "     1.761113703;CPU10;179241;;UNC_M_CAS_COUNT.WR[UNIT5];10380704;100.00;;"
8302 [140042433455808] INFO perfrun.perfcollector <> - PERF_STAT : "     1.771495575;CPU0;641;;UNC_M_CAS_COUNT.RD[UNIT0];10377303;100.00;;"
8302 [140042433455808] INFO perfrun.perfcollector <> - PERF_STAT : "     1.771495575;CPU10;111773;;UNC_M_CAS_COUNT.RD[UNIT0];10377858;100.00;;"
8302 [140042433455808] INFO perfrun.perfcollector <> - PERF_STAT : "     1.771495575;CPU0;680;;UNC_M_CAS_COUNT.RD[UNIT1];10377299;100.00;;"
8302 [140042433455808] INFO perfrun.perfcollector <> - PERF_STAT : "     1.771495575;CPU10;111197;;UNC_M_CAS_COUNT.RD[UNIT1];10377555;100.00;;"
8302 [140042433455808] INFO perfrun.perfcollector <> - PERF_STAT : "     1.771495575;CPU0;623;;UNC_M_CAS_COUNT.RD[UNIT4];10377102;100.00;;"
8302 [140042433455808] INFO perfrun.perfcollector <> - PERF_STAT : "     1.771495575;CPU10;111764;;UNC_M_CAS_COUNT.RD[UNIT4];10377804;100.00;;"
8302 [140042433455808] INFO perfrun.perfcollector <> - PERF_STAT : "     1.771495575;CPU0;675;;UNC_M_CAS_COUNT.RD[UNIT5];10377052;100.00;;"
8302 [140042433455808] INFO perfrun.perfcollector <> - PERF_STAT : "     1.771495575;CPU10;111141;;UNC_M_CAS_COUNT.RD[UNIT5];10377817;100.00;;"
8302 [140042433455808] INFO perfrun.perfcollector <> - PERF_STAT : "     1.771495575;CPU0;45;;UNC_M_CAS_COUNT.WR[UNIT0];10377082;100.00;;"
8302 [140042433455808] INFO perfrun.perfcollector <> - PERF_STAT : "     1.771495575;CPU10;187525;;UNC_M_CAS_COUNT.WR[UNIT0];10377839;100.00;;"
8302 [140042433455808] INFO perfrun.perfcollector <> - PERF_STAT : "     1.771495575;CPU0;84;;UNC_M_CAS_COUNT.WR[UNIT1];10377202;100.00;;"
8302 [140042433455808] INFO perfrun.perfcollector <> - PERF_STAT : "     1.771495575;CPU10;188181;;UNC_M_CAS_COUNT.WR[UNIT1];10377812;100.00;;"
8302 [140042433455808] INFO perfrun.perfcollector <> - PERF_STAT : "     1.771495575;CPU0;55;;UNC_M_CAS_COUNT.WR[UNIT4];10377289;100.00;;"
8302 [140042433455808] INFO perfrun.perfcollector <> - PERF_STAT : "     1.771495575;CPU10;189109;;UNC_M_CAS_COUNT.WR[UNIT4];10377449;100.00;;"
8302 [140042433455808] INFO perfrun.perfcollector <> - PERF_STAT : "     1.771495575;CPU0;85;;UNC_M_CAS_COUNT.WR[UNIT5];10377223;100.00;;"
8302 [140042433455808] INFO perfrun.perfcollector <> - PERF_STAT : "     1.771495575;CPU10;189242;;UNC_M_CAS_COUNT.WR[UNIT5];10377655;100.00;;"
8312 [140042433455808] INFO perfrun.perfcollector <> - PERF_STAT : "     1.781871522;CPU0;627;;UNC_M_CAS_COUNT.RD[UNIT0];10375033;100.00;;"
8313 [140042433455808] INFO perfrun.perfcollector <> - PERF_STAT : "     1.781871522;CPU10;107233;;UNC_M_CAS_COUNT.RD[UNIT0];10372417;100.00;;"
8313 [140042433455808] INFO perfrun.perfcollector <> - PERF_STAT : "     1.781871522;CPU0;655;;UNC_M_CAS_COUNT.RD[UNIT1];10374937;100.00;;"
8313 [140042433455808] INFO perfrun.perfcollector <> - PERF_STAT : "     1.781871522;CPU10;106742;;UNC_M_CAS_COUNT.RD[UNIT1];10372278;100.00;;"
8313 [140042433455808] INFO perfrun.perfcollector <> - PERF_STAT : "     1.781871522;CPU0;594;;UNC_M_CAS_COUNT.RD[UNIT4];10375024;100.00;;"
8313 [140042433455808] INFO perfrun.perfcollector <> - PERF_STAT : "     1.781871522;CPU10;107120;;UNC_M_CAS_COUNT.RD[UNIT4];10371930;100.00;;"
8313 [140042433455808] INFO perfrun.perfcollector <> - PERF_STAT : "     1.781871522;CPU0;686;;UNC_M_CAS_COUNT.RD[UNIT5];10374988;100.00;;"
8313 [140042433455808] INFO perfrun.perfcollector <> - PERF_STAT : "     1.781871522;CPU10;106428;;UNC_M_CAS_COUNT.RD[UNIT5];10372075;100.00;;"
8313 [140042433455808] INFO perfrun.perfcollector <> - PERF_STAT : "     1.781871522;CPU0;43;;UNC_M_CAS_COUNT.WR[UNIT0];10374987;100.00;;"
8313 [140042433455808] INFO perfrun.perfcollector <> - PERF_STAT : "     1.781871522;CPU10;176422;;UNC_M_CAS_COUNT.WR[UNIT0];10371944;100.00;;"
8313 [140042433455808] INFO perfrun.perfcollector <> - PERF_STAT : "     1.781871522;CPU0;96;;UNC_M_CAS_COUNT.WR[UNIT1];10374975;100.00;;"
8313 [140042433455808] INFO perfrun.perfcollector <> - PERF_STAT : "     1.781871522;CPU10;176331;;UNC_M_CAS_COUNT.WR[UNIT1];10371936;100.00;;"
8313 [140042433455808] INFO perfrun.perfcollector <> - PERF_STAT : "     1.781871522;CPU0;42;;UNC_M_CAS_COUNT.WR[UNIT4];10374950;100.00;;"
8313 [140042433455808] INFO perfrun.perfcollector <> - PERF_STAT : "     1.781871522;CPU10;177252;;UNC_M_CAS_COUNT.WR[UNIT4];10372008;100.00;;"
8313 [140042433455808] INFO perfrun.perfcollector <> - PERF_STAT : "     1.781871522;CPU0;95;;UNC_M_CAS_COUNT.WR[UNIT5];10374971;100.00;;"
8313 [140042433455808] INFO perfrun.perfcollector <> - PERF_STAT : "     1.781871522;CPU10;177483;;UNC_M_CAS_COUNT.WR[UNIT5];10372086;100.00;;"
8323 [140042433455808] INFO perfrun.perfcollector <> - PERF_STAT : "     1.792241999;CPU0;842;;UNC_M_CAS_COUNT.RD[UNIT0];10371049;100.00;;"
8323 [140042433455808] INFO perfrun.perfcollector <> - PERF_STAT : "     1.792241999;CPU10;84590;;UNC_M_CAS_COUNT.RD[UNIT0];10370020;100.00;;"
8323 [140042433455808] INFO perfrun.perfcollector <> - PERF_STAT : "     1.792241999;CPU0;891;;UNC_M_CAS_COUNT.RD[UNIT1];10370969;100.00;;"
8323 [140042433455808] INFO perfrun.perfcollector <> - PERF_STAT : "     1.792241999;CPU10;84088;;UNC_M_CAS_COUNT.RD[UNIT1];10370231;100.00;;"
8323 [140042433455808] INFO perfrun.perfcollector <> - PERF_STAT : "     1.792241999;CPU0;845;;UNC_M_CAS_COUNT.RD[UNIT4];10370998;100.00;;"
8323 [140042433455808] INFO perfrun.perfcollector <> - PERF_STAT : "     1.792241999;CPU10;84608;;UNC_M_CAS_COUNT.RD[UNIT4];10370361;100.00;;"
8323 [140042433455808] INFO perfrun.perfcollector <> - PERF_STAT : "     1.792241999;CPU0;871;;UNC_M_CAS_COUNT.RD[UNIT5];10371028;100.00;;"
8323 [140042433455808] INFO perfrun.perfcollector <> - PERF_STAT : "     1.792241999;CPU10;84096;;UNC_M_CAS_COUNT.RD[UNIT5];10369964;100.00;;"
8323 [140042433455808] INFO perfrun.perfcollector <> - PERF_STAT : "     1.792241999;CPU0;114;;UNC_M_CAS_COUNT.WR[UNIT0];10370985;100.00;;"
8323 [140042433455808] INFO perfrun.perfcollector <> - PERF_STAT : "     1.792241999;CPU10;59854;;UNC_M_CAS_COUNT.WR[UNIT0];10369560;100.00;;"
8323 [140042433455808] INFO perfrun.perfcollector <> - PERF_STAT : "     1.792241999;CPU0;141;;UNC_M_CAS_COUNT.WR[UNIT1];10370854;100.00;;"
8323 [140042433455808] INFO perfrun.perfcollector <> - PERF_STAT : "     1.792241999;CPU10;59655;;UNC_M_CAS_COUNT.WR[UNIT1];10369567;100.00;;"
8323 [140042433455808] INFO perfrun.perfcollector <> - PERF_STAT : "     1.792241999;CPU0;101;;UNC_M_CAS_COUNT.WR[UNIT4];10370788;100.00;;"
8323 [140042433455808] INFO perfrun.perfcollector <> - PERF_STAT : "     1.792241999;CPU10;60135;;UNC_M_CAS_COUNT.WR[UNIT4];10369460;100.00;;"
8323 [140042433455808] INFO perfrun.perfcollector <> - PERF_STAT : "     1.792241999;CPU0;151;;UNC_M_CAS_COUNT.WR[UNIT5];10370797;100.00;;"
8323 [140042433455808] INFO perfrun.perfcollector <> - PERF_STAT : "     1.792241999;CPU10;59953;;UNC_M_CAS_COUNT.WR[UNIT5];10369472;100.00;;"
8333 [140042433455808] INFO perfrun.perfcollector <> - PERF_STAT : "     1.802595415;CPU0;1697;;UNC_M_CAS_COUNT.RD[UNIT0];10345122;100.00;;"
8333 [140042433455808] INFO perfrun.perfcollector <> - PERF_STAT : "     1.802595415;CPU10;69259;;UNC_M_CAS_COUNT.RD[UNIT0];10345312;100.00;;"
8333 [140042433455808] INFO perfrun.perfcollector <> - PERF_STAT : "     1.802595415;CPU0;1989;;UNC_M_CAS_COUNT.RD[UNIT1];10345342;100.00;;"
8333 [140042433455808] INFO perfrun.perfcollector <> - PERF_STAT : "     1.802595415;CPU10;68743;;UNC_M_CAS_COUNT.RD[UNIT1];10345354;100.00;;"
8333 [140042433455808] INFO perfrun.perfcollector <> - PERF_STAT : "     1.802595415;CPU0;1674;;UNC_M_CAS_COUNT.RD[UNIT4];10345209;100.00;;"
8333 [140042433455808] INFO perfrun.perfcollector <> - PERF_STAT : "     1.802595415;CPU10;69290;;UNC_M_CAS_COUNT.RD[UNIT4];10345215;100.00;;"
8333 [140042433455808] INFO perfrun.perfcollector <> - PERF_STAT : "     1.802595415;CPU0;1831;;UNC_M_CAS_COUNT.RD[UNIT5];10345362;100.00;;"
8333 [140042433455808] INFO perfrun.perfcollector <> - PERF_STAT : "     1.802595415;CPU10;68688;;UNC_M_CAS_COUNT.RD[UNIT5];10345506;100.00;;"
8333 [140042433455808] INFO perfrun.perfcollector <> - PERF_STAT : "     1.802595415;CPU0;87;;UNC_M_CAS_COUNT.WR[UNIT0];10345362;100.00;;"
8333 [140042433455808] INFO perfrun.perfcollector <> - PERF_STAT : "     1.802595415;CPU10;22571;;UNC_M_CAS_COUNT.WR[UNIT0];10345647;100.00;;"
8333 [140042433455808] INFO perfrun.perfcollector <> - PERF_STAT : "     1.802595415;CPU0;143;;UNC_M_CAS_COUNT.WR[UNIT1];10345435;100.00;;"
8333 [140042433455808] INFO perfrun.perfcollector <> - PERF_STAT : "     1.802595415;CPU10;21978;;UNC_M_CAS_COUNT.WR[UNIT1];10345659;100.00;;"
8333 [140042433455808] INFO perfrun.perfcollector <> - PERF_STAT : "     1.802595415;CPU0;79;;UNC_M_CAS_COUNT.WR[UNIT4];10345413;100.00;;"
8333 [140042433455808] INFO perfrun.perfcollector <> - PERF_STAT : "     1.802595415;CPU10;22764;;UNC_M_CAS_COUNT.WR[UNIT4];10345676;100.00;;"
8333 [140042433455808] INFO perfrun.perfcollector <> - PERF_STAT : "     1.802595415;CPU0;145;;UNC_M_CAS_COUNT.WR[UNIT5];10345392;100.00;;"
8333 [140042433455808] INFO perfrun.perfcollector <> - PERF_STAT : "     1.802595415;CPU10;22201;;UNC_M_CAS_COUNT.WR[UNIT5];10345572;100.00;;"
8343 [140042433455808] INFO perfrun.perfcollector <> - PERF_STAT : "     1.812944478;CPU0;949;;UNC_M_CAS_COUNT.RD[UNIT0];10350080;100.00;;"
8344 [140042433455808] INFO perfrun.perfcollector <> - PERF_STAT : "     1.812944478;CPU10;70455;;UNC_M_CAS_COUNT.RD[UNIT0];10350911;100.00;;"
8344 [140042433455808] INFO perfrun.perfcollector <> - PERF_STAT : "     1.812944478;CPU0;974;;UNC_M_CAS_COUNT.RD[UNIT1];10349973;100.00;;"
8344 [140042433455808] INFO perfrun.perfcollector <> - PERF_STAT : "     1.812944478;CPU10;69889;;UNC_M_CAS_COUNT.RD[UNIT1];10350546;100.00;;"
8344 [140042433455808] INFO perfrun.perfcollector <> - PERF_STAT : "     1.812944478;CPU0;965;;UNC_M_CAS_COUNT.RD[UNIT4];10349973;100.00;;"
8344 [140042433455808] INFO perfrun.perfcollector <> - PERF_STAT : "     1.812944478;CPU10;70417;;UNC_M_CAS_COUNT.RD[UNIT4];10350251;100.00;;"
8344 [140042433455808] INFO perfrun.perfcollector <> - PERF_STAT : "     1.812944478;CPU0;981;;UNC_M_CAS_COUNT.RD[UNIT5];10349762;100.00;;"
8344 [140042433455808] INFO perfrun.perfcollector <> - PERF_STAT : "     1.812944478;CPU10;69855;;UNC_M_CAS_COUNT.RD[UNIT5];10349800;100.00;;"
8344 [140042433455808] INFO perfrun.perfcollector <> - PERF_STAT : "     1.812944478;CPU0;177;;UNC_M_CAS_COUNT.WR[UNIT0];10349853;100.00;;"
8344 [140042433455808] INFO perfrun.perfcollector <> - PERF_STAT : "     1.812944478;CPU10;66154;;UNC_M_CAS_COUNT.WR[UNIT0];10349780;100.00;;"
8344 [140042433455808] INFO perfrun.perfcollector <> - PERF_STAT : "     1.812944478;CPU0;232;;UNC_M_CAS_COUNT.WR[UNIT1];10349763;100.00;;"
8344 [140042433455808] INFO perfrun.perfcollector <> - PERF_STAT : "     1.812944478;CPU10;65683;;UNC_M_CAS_COUNT.WR[UNIT1];10349867;100.00;;"
8344 [140042433455808] INFO perfrun.perfcollector <> - PERF_STAT : "     1.812944478;CPU0;168;;UNC_M_CAS_COUNT.WR[UNIT4];10349779;100.00;;"
8344 [140042433455808] INFO perfrun.perfcollector <> - PERF_STAT : "     1.812944478;CPU10;65948;;UNC_M_CAS_COUNT.WR[UNIT4];10350021;100.00;;"
8344 [140042433455808] INFO perfrun.perfcollector <> - PERF_STAT : "     1.812944478;CPU0;237;;UNC_M_CAS_COUNT.WR[UNIT5];10349773;100.00;;"
8344 [140042433455808] INFO perfrun.perfcollector <> - PERF_STAT : "     1.812944478;CPU10;65522;;UNC_M_CAS_COUNT.WR[UNIT5];10349908;100.00;;"
8354 [140042433455808] INFO perfrun.perfcollector <> - PERF_STAT : "     1.823288689;CPU0;555;;UNC_M_CAS_COUNT.RD[UNIT0];10350784;100.00;;"
8354 [140042433455808] INFO perfrun.perfcollector <> - PERF_STAT : "     1.823288689;CPU10;71380;;UNC_M_CAS_COUNT.RD[UNIT0];10318887;100.00;;"
8354 [140042433455808] INFO perfrun.perfcollector <> - PERF_STAT : "     1.823288689;CPU0;580;;UNC_M_CAS_COUNT.RD[UNIT1];10347950;100.00;;"
8354 [140042433455808] INFO perfrun.perfcollector <> - PERF_STAT : "     1.823288689;CPU10;70848;;UNC_M_CAS_COUNT.RD[UNIT1];10318844;100.00;;"
8354 [140042433455808] INFO perfrun.perfcollector <> - PERF_STAT : "     1.823288689;CPU0;554;;UNC_M_CAS_COUNT.RD[UNIT4];10346031;100.00;;"
8354 [140042433455808] INFO perfrun.perfcollector <> - PERF_STAT : "     1.823288689;CPU10;71381;;UNC_M_CAS_COUNT.RD[UNIT4];10318934;100.00;;"
8354 [140042433455808] INFO perfrun.perfcollector <> - PERF_STAT : "     1.823288689;CPU0;580;;UNC_M_CAS_COUNT.RD[UNIT5];10344182;100.00;;"
8354 [140042433455808] INFO perfrun.perfcollector <> - PERF_STAT : "     1.823288689;CPU10;70825;;UNC_M_CAS_COUNT.RD[UNIT5];10319044;100.00;;"
8354 [140042433455808] INFO perfrun.perfcollector <> - PERF_STAT : "     1.823288689;CPU0;183;;UNC_M_CAS_COUNT.WR[UNIT0];10342288;100.00;;"
8354 [140042433455808] INFO perfrun.perfcollector <> - PERF_STAT : "     1.823288689;CPU10;70723;;UNC_M_CAS_COUNT.WR[UNIT0];10318932;100.00;;"
8354 [140042433455808] INFO perfrun.perfcollector <> - PERF_STAT : "     1.823288689;CPU0;211;;UNC_M_CAS_COUNT.WR[UNIT1];10340453;100.00;;"
8354 [140042433455808] INFO perfrun.perfcollector <> - PERF_STAT : "     1.823288689;CPU10;70102;;UNC_M_CAS_COUNT.WR[UNIT1];10318871;100.00;;"
8354 [140042433455808] INFO perfrun.perfcollector <> - PERF_STAT : "     1.823288689;CPU0;181;;UNC_M_CAS_COUNT.WR[UNIT4];10338580;100.00;;"
8354 [140042433455808] INFO perfrun.perfcollector <> - PERF_STAT : "     1.823288689;CPU10;70721;;UNC_M_CAS_COUNT.WR[UNIT4];10318767;100.00;;"
8354 [140042433455808] INFO perfrun.perfcollector <> - PERF_STAT : "     1.823288689;CPU0;230;;UNC_M_CAS_COUNT.WR[UNIT5];10336730;100.00;;"
8354 [140042433455808] INFO perfrun.perfcollector <> - PERF_STAT : "     1.823288689;CPU10;69978;;UNC_M_CAS_COUNT.WR[UNIT5];10318773;100.00;;"
8364 [140042433455808] INFO perfrun.perfcollector <> - PERF_STAT : "     1.833620502;CPU0;675;;UNC_M_CAS_COUNT.RD[UNIT0];10320569;100.00;;"
8364 [140042433455808] INFO perfrun.perfcollector <> - PERF_STAT : "     1.833620502;CPU10;71158;;UNC_M_CAS_COUNT.RD[UNIT0];10350837;100.00;;"
8364 [140042433455808] INFO perfrun.perfcollector <> - PERF_STAT : "     1.833620502;CPU0;675;;UNC_M_CAS_COUNT.RD[UNIT1];10323286;100.00;;"
8364 [140042433455808] INFO perfrun.perfcollector <> - PERF_STAT : "     1.833620502;CPU10;70640;;UNC_M_CAS_COUNT.RD[UNIT1];10351015;100.00;;"
8364 [140042433455808] INFO perfrun.perfcollector <> - PERF_STAT : "     1.833620502;CPU0;667;;UNC_M_CAS_COUNT.RD[UNIT4];10325219;100.00;;"
8364 [140042433455808] INFO perfrun.perfcollector <> - PERF_STAT : "     1.833620502;CPU10;71172;;UNC_M_CAS_COUNT.RD[UNIT4];10350915;100.00;;"
8364 [140042433455808] INFO perfrun.perfcollector <> - PERF_STAT : "     1.833620502;CPU0;692;;UNC_M_CAS_COUNT.RD[UNIT5];10326948;100.00;;"
8364 [140042433455808] INFO perfrun.perfcollector <> - PERF_STAT : "     1.833620502;CPU10;70660;;UNC_M_CAS_COUNT.RD[UNIT5];10351005;100.00;;"
8364 [140042433455808] INFO perfrun.perfcollector <> - PERF_STAT : "     1.833620502;CPU0;48;;UNC_M_CAS_COUNT.WR[UNIT0];10328791;100.00;;"
8364 [140042433455808] INFO perfrun.perfcollector <> - PERF_STAT : "     1.833620502;CPU10;70558;;UNC_M_CAS_COUNT.WR[UNIT0];10350878;100.00;;"
8364 [140042433455808] INFO perfrun.perfcollector <> - PERF_STAT : "     1.833620502;CPU0;88;;UNC_M_CAS_COUNT.WR[UNIT1];10330646;100.00;;"
8364 [140042433455808] INFO perfrun.perfcollector <> - PERF_STAT : "     1.833620502;CPU10;70137;;UNC_M_CAS_COUNT.WR[UNIT1];10350709;100.00;;"
8364 [140042433455808] INFO perfrun.perfcollector <> - PERF_STAT : "     1.833620502;CPU0;52;;UNC_M_CAS_COUNT.WR[UNIT4];10332549;100.00;;"
8364 [140042433455808] INFO perfrun.perfcollector <> - PERF_STAT : "     1.833620502;CPU10;70770;;UNC_M_CAS_COUNT.WR[UNIT4];10350735;100.00;;"
8364 [140042433455808] INFO perfrun.perfcollector <> - PERF_STAT : "     1.833620502;CPU0;82;;UNC_M_CAS_COUNT.WR[UNIT5];10334409;100.00;;"
8364 [140042433455808] INFO perfrun.perfcollector <> - PERF_STAT : "     1.833620502;CPU10;70289;;UNC_M_CAS_COUNT.WR[UNIT5];10350732;100.00;;"
8374 [140042433455808] INFO perfrun.perfcollector <> - PERF_STAT : "     1.843928928;CPU0;659;;UNC_M_CAS_COUNT.RD[UNIT0];10301919;100.00;;"
8375 [140042433455808] INFO perfrun.perfcollector <> - PERF_STAT : "     1.843928928;CPU10;69635;;UNC_M_CAS_COUNT.RD[UNIT0];10312118;100.00;;"
8375 [140042433455808] INFO perfrun.perfcollector <> - PERF_STAT : "     1.843928928;CPU0;751;;UNC_M_CAS_COUNT.RD[UNIT1];10301949;100.00;;"
8375 [140042433455808] INFO perfrun.perfcollector <> - PERF_STAT : "     1.843928928;CPU10;69077;;UNC_M_CAS_COUNT.RD[UNIT1];10312287;100.00;;"
8375 [140042433455808] INFO perfrun.perfcollector <> - PERF_STAT : "     1.843928928;CPU0;676;;UNC_M_CAS_COUNT.RD[UNIT4];10302108;100.00;;"
8375 [140042433455808] INFO perfrun.perfcollector <> - PERF_STAT : "     1.843928928;CPU10;69628;;UNC_M_CAS_COUNT.RD[UNIT4];10312455;100.00;;"
8375 [140042433455808] INFO perfrun.perfcollector <> - PERF_STAT : "     1.843928928;CPU0;753;;UNC_M_CAS_COUNT.RD[UNIT5];10302136;100.00;;"
8375 [140042433455808] INFO perfrun.perfcollector <> - PERF_STAT : "     1.843928928;CPU10;69090;;UNC_M_CAS_COUNT.RD[UNIT5];10312526;100.00;;"
8375 [140042433455808] INFO perfrun.perfcollector <> - PERF_STAT : "     1.843928928;CPU0;40;;UNC_M_CAS_COUNT.WR[UNIT0];10302099;100.00;;"
8375 [140042433455808] INFO perfrun.perfcollector <> - PERF_STAT : "     1.843928928;CPU10;69264;;UNC_M_CAS_COUNT.WR[UNIT0];10312701;100.00;;"
8375 [140042433455808] INFO perfrun.perfcollector <> - PERF_STAT : "     1.843928928;CPU0;134;;UNC_M_CAS_COUNT.WR[UNIT1];10302102;100.00;;"
8375 [140042433455808] INFO perfrun.perfcollector <> - PERF_STAT : "     1.843928928;CPU10;68548;;UNC_M_CAS_COUNT.WR[UNIT1];10312872;100.00;;"
8375 [140042433455808] INFO perfrun.perfcollector <> - PERF_STAT : "     1.843928928;CPU0;35;;UNC_M_CAS_COUNT.WR[UNIT4];10302089;100.00;;"
8375 [140042433455808] INFO perfrun.perfcollector <> - PERF_STAT : "     1.843928928;CPU10;69091;;UNC_M_CAS_COUNT.WR[UNIT4];10313019;100.00;;"
8375 [140042433455808] INFO perfrun.perfcollector <> - PERF_STAT : "     1.843928928;CPU0;146;;UNC_M_CAS_COUNT.WR[UNIT5];10302106;100.00;;"
8375 [140042433455808] INFO perfrun.perfcollector <> - PERF_STAT : "     1.843928928;CPU10;68621;;UNC_M_CAS_COUNT.WR[UNIT5];10313068;100.00;;"
8385 [140042433455808] INFO perfrun.perfcollector <> - PERF_STAT : "     1.854283548;CPU0;1072;;UNC_M_CAS_COUNT.RD[UNIT0];10362097;100.00;;"
8385 [140042433455808] INFO perfrun.perfcollector <> - PERF_STAT : "     1.854283548;CPU10;69860;;UNC_M_CAS_COUNT.RD[UNIT0];10350962;100.00;;"
8385 [140042433455808] INFO perfrun.perfcollector <> - PERF_STAT : "     1.854283548;CPU0;1143;;UNC_M_CAS_COUNT.RD[UNIT1];10362331;100.00;;"
8385 [140042433455808] INFO perfrun.perfcollector <> - PERF_STAT : "     1.854283548;CPU10;69213;;UNC_M_CAS_COUNT.RD[UNIT1];10350250;100.00;;"
8385 [140042433455808] INFO perfrun.perfcollector <> - PERF_STAT : "     1.854283548;CPU0;1071;;UNC_M_CAS_COUNT.RD[UNIT4];10362306;100.00;;"
8385 [140042433455808] INFO perfrun.perfcollector <> - PERF_STAT : "     1.854283548;CPU10;69781;;UNC_M_CAS_COUNT.RD[UNIT4];10350084;100.00;;"
8385 [140042433455808] INFO perfrun.perfcollector <> - PERF_STAT : "     1.854283548;CPU0;1111;;UNC_M_CAS_COUNT.RD[UNIT5];10362408;100.00;;"
8385 [140042433455808] INFO perfrun.perfcollector <> - PERF_STAT : "     1.854283548;CPU10;69224;;UNC_M_CAS_COUNT.RD[UNIT5];10349976;100.00;;"
8385 [140042433455808] INFO perfrun.perfcollector <> - PERF_STAT : "     1.854283548;CPU0;32;;UNC_M_CAS_COUNT.WR[UNIT0];10362459;100.00;;"
8385 [140042433455808] INFO perfrun.perfcollector <> - PERF_STAT : "     1.854283548;CPU10;68870;;UNC_M_CAS_COUNT.WR[UNIT0];10349967;100.00;;"
8385 [140042433455808] INFO perfrun.perfcollector <> - PERF_STAT : "     1.854283548;CPU0;108;;UNC_M_CAS_COUNT.WR[UNIT1];10362482;100.00;;"
8385 [140042433455808] INFO perfrun.perfcollector <> - PERF_STAT : "     1.854283548;CPU10;68520;;UNC_M_CAS_COUNT.WR[UNIT1];10350059;100.00;;"
8385 [140042433455808] INFO perfrun.perfcollector <> - PERF_STAT : "     1.854283548;CPU0;30;;UNC_M_CAS_COUNT.WR[UNIT4];10362476;100.00;;"
8385 [140042433455808] INFO perfrun.perfcollector <> - PERF_STAT : "     1.854283548;CPU10;68783;;UNC_M_CAS_COUNT.WR[UNIT4];10350096;100.00;;"
8385 [140042433455808] INFO perfrun.perfcollector <> - PERF_STAT : "     1.854283548;CPU0;112;;UNC_M_CAS_COUNT.WR[UNIT5];10362462;100.00;;"
8385 [140042433455808] INFO perfrun.perfcollector <> - PERF_STAT : "     1.854283548;CPU10;68360;;UNC_M_CAS_COUNT.WR[UNIT5];10349907;100.00;;"
8395 [140042433455808] INFO perfrun.perfcollector <> - PERF_STAT : "     1.864620842;CPU0;374;;UNC_M_CAS_COUNT.RD[UNIT0];10335640;100.00;;"
8395 [140042433455808] INFO perfrun.perfcollector <> - PERF_STAT : "     1.864620842;CPU10;71082;;UNC_M_CAS_COUNT.RD[UNIT0];10336421;100.00;;"
8395 [140042433455808] INFO perfrun.perfcollector <> - PERF_STAT : "     1.864620842;CPU0;382;;UNC_M_CAS_COUNT.RD[UNIT1];10335690;100.00;;"
8395 [140042433455808] INFO perfrun.perfcollector <> - PERF_STAT : "     1.864620842;CPU10;70533;;UNC_M_CAS_COUNT.RD[UNIT1];10336378;100.00;;"
8395 [140042433455808] INFO perfrun.perfcollector <> - PERF_STAT : "     1.864620842;CPU0;366;;UNC_M_CAS_COUNT.RD[UNIT4];10335836;100.00;;"
8395 [140042433455808] INFO perfrun.perfcollector <> - PERF_STAT : "     1.864620842;CPU10;71077;;UNC_M_CAS_COUNT.RD[UNIT4];10336467;100.00;;"
8395 [140042433455808] INFO perfrun.perfcollector <> - PERF_STAT : "     1.864620842;CPU0;393;;UNC_M_CAS_COUNT.RD[UNIT5];10335870;100.00;;"
8395 [140042433455808] INFO perfrun.perfcollector <> - PERF_STAT : "     1.864620842;CPU10;70553;;UNC_M_CAS_COUNT.RD[UNIT5];10336913;100.00;;"
8395 [140042433455808] INFO perfrun.perfcollector <> - PERF_STAT : "     1.864620842;CPU0;313;;UNC_M_CAS_COUNT.WR[UNIT0];10335857;100.00;;"
8395 [140042433455808] INFO perfrun.perfcollector <> - PERF_STAT : "     1.864620842;CPU10;69947;;UNC_M_CAS_COUNT.WR[UNIT0];10337013;100.00;;"
8395 [140042433455808] INFO perfrun.perfcollector <> - PERF_STAT : "     1.864620842;CPU0;315;;UNC_M_CAS_COUNT.WR[UNIT1];10335847;100.00;;"
8395 [140042433455808] INFO perfrun.perfcollector <> - PERF_STAT : "     1.864620842;CPU10;69300;;UNC_M_CAS_COUNT.WR[UNIT1];10336839;100.00;;"
8395 [140042433455808] INFO perfrun.perfcollector <> - PERF_STAT : "     1.864620842;CPU0;296;;UNC_M_CAS_COUNT.WR[UNIT4];10335850;100.00;;"
8395 [140042433455808] INFO perfrun.perfcollector <> - PERF_STAT : "     1.864620842;CPU10;69995;;UNC_M_CAS_COUNT.WR[UNIT4];10336848;100.00;;"
8395 [140042433455808] INFO perfrun.perfcollector <> - PERF_STAT : "     1.864620842;CPU0;326;;UNC_M_CAS_COUNT.WR[UNIT5];10335874;100.00;;"
8395 [140042433455808] INFO perfrun.perfcollector <> - PERF_STAT : "     1.864620842;CPU10;69331;;UNC_M_CAS_COUNT.WR[UNIT5];10337127;100.00;;"
8406 [140042433455808] INFO perfrun.perfcollector <> - PERF_STAT : "     1.874956478;CPU0;786;;UNC_M_CAS_COUNT.RD[UNIT0];10331935;100.00;;"
8406 [140042433455808] INFO perfrun.perfcollector <> - PERF_STAT : "     1.874956478;CPU10;71449;;UNC_M_CAS_COUNT.RD[UNIT0];10331300;100.00;;"
8406 [140042433455808] INFO perfrun.perfcollector <> - PERF_STAT : "     1.874956478;CPU0;784;;UNC_M_CAS_COUNT.RD[UNIT1];10331794;100.00;;"
8406 [140042433455808] INFO perfrun.perfcollector <> - PERF_STAT : "     1.874956478;CPU10;70899;;UNC_M_CAS_COUNT.RD[UNIT1];10330981;100.00;;"
8406 [140042433455808] INFO perfrun.perfcollector <> - PERF_STAT : "     1.874956478;CPU0;732;;UNC_M_CAS_COUNT.RD[UNIT4];10331484;100.00;;"
8406 [140042433455808] INFO perfrun.perfcollector <> - PERF_STAT : "     1.874956478;CPU10;71433;;UNC_M_CAS_COUNT.RD[UNIT4];10331109;100.00;;"
8406 [140042433455808] INFO perfrun.perfcollector <> - PERF_STAT : "     1.874956478;CPU0;756;;UNC_M_CAS_COUNT.RD[UNIT5];10331377;100.00;;"
8406 [140042433455808] INFO perfrun.perfcollector <> - PERF_STAT : "     1.874956478;CPU10;70864;;UNC_M_CAS_COUNT.RD[UNIT5];10330703;100.00;;"
8406 [140042433455808] INFO perfrun.perfcollector <> - PERF_STAT : "     1.874956478;CPU0;36;;UNC_M_CAS_COUNT.WR[UNIT0];10331530;100.00;;"
8406 [140042433455808] INFO perfrun.perfcollector <> - PERF_STAT : "     1.874956478;CPU10;71523;;UNC_M_CAS_COUNT.WR[UNIT0];10340934;100.00;;"
8406 [140042433455808] INFO perfrun.perfcollector <> - PERF_STAT : "     1.874956478;CPU0;60;;UNC_M_CAS_COUNT.WR[UNIT1];10331498;100.00;;"
8406 [140042433455808] INFO perfrun.perfcollector <> - PERF_STAT : "     1.874956478;CPU10;70911;;UNC_M_CAS_COUNT.WR[UNIT1];10341333;100.00;;"
8406 [140042433455808] INFO perfrun.perfcollector <> - PERF_STAT : "     1.874956478;CPU0;47;;UNC_M_CAS_COUNT.WR[UNIT4];10331470;100.00;;"
8406 [140042433455808] INFO perfrun.perfcollector <> - PERF_STAT : "     1.874956478;CPU10;71489;;UNC_M_CAS_COUNT.WR[UNIT4];10341131;100.00;;"
8406 [140042433455808] INFO perfrun.perfcollector <> - PERF_STAT : "     1.874956478;CPU0;77;;UNC_M_CAS_COUNT.WR[UNIT5];10331440;100.00;;"
8406 [140042433455808] INFO perfrun.perfcollector <> - PERF_STAT : "     1.874956478;CPU10;70785;;UNC_M_CAS_COUNT.WR[UNIT5];10340872;100.00;;"
8416 [140042433455808] INFO perfrun.perfcollector <> - PERF_STAT : "     1.885299074;CPU0;505;;UNC_M_CAS_COUNT.RD[UNIT0];10348525;100.00;;"
8416 [140042433455808] INFO perfrun.perfcollector <> - PERF_STAT : "     1.885299074;CPU10;71323;;UNC_M_CAS_COUNT.RD[UNIT0];10318785;100.00;;"
8416 [140042433455808] INFO perfrun.perfcollector <> - PERF_STAT : "     1.885299074;CPU0;528;;UNC_M_CAS_COUNT.RD[UNIT1];10345856;100.00;;"
8416 [140042433455808] INFO perfrun.perfcollector <> - PERF_STAT : "     1.885299074;CPU10;70779;;UNC_M_CAS_COUNT.RD[UNIT1];10318936;100.00;;"
8416 [140042433455808] INFO perfrun.perfcollector <> - PERF_STAT : "     1.885299074;CPU0;444;;UNC_M_CAS_COUNT.RD[UNIT4];10344035;100.00;;"
8416 [140042433455808] INFO perfrun.perfcollector <> - PERF_STAT : "     1.885299074;CPU10;71324;;UNC_M_CAS_COUNT.RD[UNIT4];10318577;100.00;;"
8416 [140042433455808] INFO perfrun.perfcollector <> - PERF_STAT : "     1.885299074;CPU0;533;;UNC_M_CAS_COUNT.RD[UNIT5];10342185;100.00;;"
8416 [140042433455808] INFO perfrun.perfcollector <> - PERF_STAT : "     1.885299074;CPU10;70799;;UNC_M_CAS_COUNT.RD[UNIT5];10318268;100.00;;"
8416 [140042433455808] INFO perfrun.perfcollector <> - PERF_STAT : "     1.885299074;CPU0;160;;UNC_M_CAS_COUNT.WR[UNIT0];10340157;100.00;;"
8416 [140042433455808] INFO perfrun.perfcollector <> - PERF_STAT : "     1.885299074;CPU10;70139;;UNC_M_CAS_COUNT.WR[UNIT0];10307763;100.00;;"
8416 [140042433455808] INFO perfrun.perfcollector <> - PERF_STAT : "     1.885299074;CPU0;203;;UNC_M_CAS_COUNT.WR[UNIT1];10338174;100.00;;"
8416 [140042433455808] INFO perfrun.perfcollector <> - PERF_STAT : "     1.885299074;CPU10;69720;;UNC_M_CAS_COUNT.WR[UNIT1];10307481;100.00;;"
8416 [140042433455808] INFO perfrun.perfcollector <> - PERF_STAT : "     1.885299074;CPU0;167;;UNC_M_CAS_COUNT.WR[UNIT4];10336325;100.00;;"
8416 [140042433455808] INFO perfrun.perfcollector <> - PERF_STAT : "     1.885299074;CPU10;70109;;UNC_M_CAS_COUNT.WR[UNIT4];10307573;100.00;;"
8416 [140042433455808] INFO perfrun.perfcollector <> - PERF_STAT : "     1.885299074;CPU0;211;;UNC_M_CAS_COUNT.WR[UNIT5];10334467;100.00;;"
8416 [140042433455808] INFO perfrun.perfcollector <> - PERF_STAT : "     1.885299074;CPU10;69799;;UNC_M_CAS_COUNT.WR[UNIT5];10307522;100.00;;"
8426 [140042433455808] INFO perfrun.perfcollector <> - PERF_STAT : "     1.895604625;CPU0;337;;UNC_M_CAS_COUNT.RD[UNIT0];10303065;100.00;;"
8426 [140042433455808] INFO perfrun.perfcollector <> - PERF_STAT : "     1.895604625;CPU10;71427;;UNC_M_CAS_COUNT.RD[UNIT0];10331985;100.00;;"
8426 [140042433455808] INFO perfrun.perfcollector <> - PERF_STAT : "     1.895604625;CPU0;363;;UNC_M_CAS_COUNT.RD[UNIT1];10305618;100.00;;"
8426 [140042433455808] INFO perfrun.perfcollector <> - PERF_STAT : "     1.895604625;CPU10;70890;;UNC_M_CAS_COUNT.RD[UNIT1];10332032;100.00;;"
8426 [140042433455808] INFO perfrun.perfcollector <> - PERF_STAT : "     1.895604625;CPU0;321;;UNC_M_CAS_COUNT.RD[UNIT4];10307439;100.00;;"
8426 [140042433455808] INFO perfrun.perfcollector <> - PERF_STAT : "     1.895604625;CPU10;71432;;UNC_M_CAS_COUNT.RD[UNIT4];10332142;100.00;;"
8426 [140042433455808] INFO perfrun.perfcollector <> - PERF_STAT : "     1.895604625;CPU0;361;;UNC_M_CAS_COUNT.RD[UNIT5];10309296;100.00;;"
8426 [140042433455808] INFO perfrun.perfcollector <> - PERF_STAT : "     1.895604625;CPU10;70897;;UNC_M_CAS_COUNT.RD[UNIT5];10332191;100.00;;"
8426 [140042433455808] INFO perfrun.perfcollector <> - PERF_STAT : "     1.895604625;CPU0;84;;UNC_M_CAS_COUNT.WR[UNIT0];10311133;100.00;;"
8426 [140042433455808] INFO perfrun.perfcollector <> - PERF_STAT : "     1.895604625;CPU10;71091;;UNC_M_CAS_COUNT.WR[UNIT0];10332275;100.00;;"
8426 [140042433455808] INFO perfrun.perfcollector <> - PERF_STAT : "     1.895604625;CPU0;110;;UNC_M_CAS_COUNT.WR[UNIT1];10313109;100.00;;"
8426 [140042433455808] INFO perfrun.perfcollector <> - PERF_STAT : "     1.895604625;CPU10;70343;;UNC_M_CAS_COUNT.WR[UNIT1];10332431;100.00;;"
8426 [140042433455808] INFO perfrun.perfcollector <> - PERF_STAT : "     1.895604625;CPU0;82;;UNC_M_CAS_COUNT.WR[UNIT4];10315002;100.00;;"
8426 [140042433455808] INFO perfrun.perfcollector <> - PERF_STAT : "     1.895604625;CPU10;71161;;UNC_M_CAS_COUNT.WR[UNIT4];10332529;100.00;;"
8426 [140042433455808] INFO perfrun.perfcollector <> - PERF_STAT : "     1.895604625;CPU0;96;;UNC_M_CAS_COUNT.WR[UNIT5];10316873;100.00;;"
8426 [140042433455808] INFO perfrun.perfcollector <> - PERF_STAT : "     1.895604625;CPU10;70480;;UNC_M_CAS_COUNT.WR[UNIT5];10332869;100.00;;"
8436 [140042433455808] INFO perfrun.perfcollector <> - PERF_STAT : "     1.905940315;CPU0;403;;UNC_M_CAS_COUNT.RD[UNIT0];10314867;100.00;;"
8436 [140042433455808] INFO perfrun.perfcollector <> - PERF_STAT : "     1.905940315;CPU10;70773;;UNC_M_CAS_COUNT.RD[UNIT0];10284753;100.00;;"
8436 [140042433455808] INFO perfrun.perfcollector <> - PERF_STAT : "     1.905940315;CPU0;450;;UNC_M_CAS_COUNT.RD[UNIT1];10312142;100.00;;"
8437 [140042433455808] INFO perfrun.perfcollector <> - PERF_STAT : "     1.905940315;CPU10;70223;;UNC_M_CAS_COUNT.RD[UNIT1];10284728;100.00;;"
8437 [140042433455808] INFO perfrun.perfcollector <> - PERF_STAT : "     1.905940315;CPU0;390;;UNC_M_CAS_COUNT.RD[UNIT4];10310335;100.00;;"
8437 [140042433455808] INFO perfrun.perfcollector <> - PERF_STAT : "     1.905940315;CPU10;70773;;UNC_M_CAS_COUNT.RD[UNIT4];10284671;100.00;;"
8437 [140042433455808] INFO perfrun.perfcollector <> - PERF_STAT : "     1.905940315;CPU0;437;;UNC_M_CAS_COUNT.RD[UNIT5];10308488;100.00;;"
8437 [140042433455808] INFO perfrun.perfcollector <> - PERF_STAT : "     1.905940315;CPU10;70231;;UNC_M_CAS_COUNT.RD[UNIT5];10284474;100.00;;"
8437 [140042433455808] INFO perfrun.perfcollector <> - PERF_STAT : "     1.905940315;CPU0;21;;UNC_M_CAS_COUNT.WR[UNIT0];10306630;100.00;;"
8437 [140042433455808] INFO perfrun.perfcollector <> - PERF_STAT : "     1.905940315;CPU10;70381;;UNC_M_CAS_COUNT.WR[UNIT0];10284566;100.00;;"
8437 [140042433455808] INFO perfrun.perfcollector <> - PERF_STAT : "     1.905940315;CPU0;69;;UNC_M_CAS_COUNT.WR[UNIT1];10304759;100.00;;"
8437 [140042433455808] INFO perfrun.perfcollector <> - PERF_STAT : "     1.905940315;CPU10;69935;;UNC_M_CAS_COUNT.WR[UNIT1];10284573;100.00;;"
8437 [140042433455808] INFO perfrun.perfcollector <> - PERF_STAT : "     1.905940315;CPU0;16;;UNC_M_CAS_COUNT.WR[UNIT4];10302870;100.00;;"
8437 [140042433455808] INFO perfrun.perfcollector <> - PERF_STAT : "     1.905940315;CPU10;70390;;UNC_M_CAS_COUNT.WR[UNIT4];10284512;100.00;;"
8437 [140042433455808] INFO perfrun.perfcollector <> - PERF_STAT : "     1.905940315;CPU0;64;;UNC_M_CAS_COUNT.WR[UNIT5];10301288;100.00;;"
8437 [140042433455808] INFO perfrun.perfcollector <> - PERF_STAT : "     1.905940315;CPU10;69773;;UNC_M_CAS_COUNT.WR[UNIT5];10284291;100.00;;"
8447 [140042433455808] INFO perfrun.perfcollector <> - PERF_STAT : "     1.916222103;CPU0;1129;;UNC_M_CAS_COUNT.RD[UNIT0];10298275;100.00;;"
8447 [140042433455808] INFO perfrun.perfcollector <> - PERF_STAT : "     1.916222103;CPU10;70294;;UNC_M_CAS_COUNT.RD[UNIT0];10329375;100.00;;"
8447 [140042433455808] INFO perfrun.perfcollector <> - PERF_STAT : "     1.916222103;CPU0;1137;;UNC_M_CAS_COUNT.RD[UNIT1];10300957;100.00;;"
8447 [140042433455808] INFO perfrun.perfcollector <> - PERF_STAT : "     1.916222103;CPU10;69766;;UNC_M_CAS_COUNT.RD[UNIT1];10329549;100.00;;"
8447 [140042433455808] INFO perfrun.perfcollector <> - PERF_STAT : "     1.916222103;CPU0;1156;;UNC_M_CAS_COUNT.RD[UNIT4];10302753;100.00;;"
8447 [140042433455808] INFO perfrun.perfcollector <> - PERF_STAT : "     1.916222103;CPU10;70271;;UNC_M_CAS_COUNT.RD[UNIT4];10329465;100.00;;"
8447 [140042433455808] INFO perfrun.perfcollector <> - PERF_STAT : "     1.916222103;CPU0;1175;;UNC_M_CAS_COUNT.RD[UNIT5];10304720;100.00;;"
8447 [140042433455808] INFO perfrun.perfcollector <> - PERF_STAT : "     1.916222103;CPU10;69794;;UNC_M_CAS_COUNT.RD[UNIT5];10329616;100.00;;"
8447 [140042433455808] INFO perfrun.perfcollector <> - PERF_STAT : "     1.916222103;CPU0;25;;UNC_M_CAS_COUNT.WR[UNIT0];10306739;100.00;;"
8447 [140042433455808] INFO perfrun.perfcollector <> - PERF_STAT : "     1.916222103;CPU10;70360;;UNC_M_CAS_COUNT.WR[UNIT0];10329664;100.00;;"
8447 [140042433455808] INFO perfrun.perfcollector <> - PERF_STAT : "     1.916222103;CPU0;67;;UNC_M_CAS_COUNT.WR[UNIT1];10308931;100.00;;"
8447 [140042433455808] INFO perfrun.perfcollector <> - PERF_STAT : "     1.916222103;CPU10;69951;;UNC_M_CAS_COUNT.WR[UNIT1];10329299;100.00;;"
8447 [140042433455808] INFO perfrun.perfcollector <> - PERF_STAT : "     1.916222103;CPU0;22;;UNC_M_CAS_COUNT.WR[UNIT4];10310990;100.00;;"
8447 [140042433455808] INFO perfrun.perfcollector <> - PERF_STAT : "     1.916222103;CPU10;70325;;UNC_M_CAS_COUNT.WR[UNIT4];10329314;100.00;;"
8447 [140042433455808] INFO perfrun.perfcollector <> - PERF_STAT : "     1.916222103;CPU0;68;;UNC_M_CAS_COUNT.WR[UNIT5];10312636;100.00;;"
8447 [140042433455808] INFO perfrun.perfcollector <> - PERF_STAT : "     1.916222103;CPU10;69948;;UNC_M_CAS_COUNT.WR[UNIT5];10329682;100.00;;"
8457 [140042433455808] INFO perfrun.perfcollector <> - PERF_STAT : "     1.926553802;CPU0;1651;;UNC_M_CAS_COUNT.RD[UNIT0];10334918;100.00;;"
8457 [140042433455808] INFO perfrun.perfcollector <> - PERF_STAT : "     1.926553802;CPU10;69028;;UNC_M_CAS_COUNT.RD[UNIT0];10335430;100.00;;"
8457 [140042433455808] INFO perfrun.perfcollector <> - PERF_STAT : "     1.926553802;CPU0;1907;;UNC_M_CAS_COUNT.RD[UNIT1];10335172;100.00;;"
8457 [140042433455808] INFO perfrun.perfcollector <> - PERF_STAT : "     1.926553802;CPU10;68506;;UNC_M_CAS_COUNT.RD[UNIT1];10335336;100.00;;"
8457 [140042433455808] INFO perfrun.perfcollector <> - PERF_STAT : "     1.926553802;CPU0;1688;;UNC_M_CAS_COUNT.RD[UNIT4];10335196;100.00;;"
8457 [140042433455808] INFO perfrun.perfcollector <> - PERF_STAT : "     1.926553802;CPU10;69026;;UNC_M_CAS_COUNT.RD[UNIT4];10335430;100.00;;"
8457 [140042433455808] INFO perfrun.perfcollector <> - PERF_STAT : "     1.926553802;CPU0;1746;;UNC_M_CAS_COUNT.RD[UNIT5];10335062;100.00;;"
8457 [140042433455808] INFO perfrun.perfcollector <> - PERF_STAT : "     1.926553802;CPU10;68500;;UNC_M_CAS_COUNT.RD[UNIT5];10335541;100.00;;"
8457 [140042433455808] INFO perfrun.perfcollector <> - PERF_STAT : "     1.926553802;CPU0;270;;UNC_M_CAS_COUNT.WR[UNIT0];10334922;100.00;;"
8457 [140042433455808] INFO perfrun.perfcollector <> - PERF_STAT : "     1.926553802;CPU10;68266;;UNC_M_CAS_COUNT.WR[UNIT0];10335525;100.00;;"
8457 [140042433455808] INFO perfrun.perfcollector <> - PERF_STAT : "     1.926553802;CPU0;315;;UNC_M_CAS_COUNT.WR[UNIT1];10334891;100.00;;"
8457 [140042433455808] INFO perfrun.perfcollector <> - PERF_STAT : "     1.926553802;CPU10;67619;;UNC_M_CAS_COUNT.WR[UNIT1];10335651;100.00;;"
8457 [140042433455808] INFO perfrun.perfcollector <> - PERF_STAT : "     1.926553802;CPU0;260;;UNC_M_CAS_COUNT.WR[UNIT4];10334671;100.00;;"
8457 [140042433455808] INFO perfrun.perfcollector <> - PERF_STAT : "     1.926553802;CPU10;68363;;UNC_M_CAS_COUNT.WR[UNIT4];10335676;100.00;;"
8457 [140042433455808] INFO perfrun.perfcollector <> - PERF_STAT : "     1.926553802;CPU0;327;;UNC_M_CAS_COUNT.WR[UNIT5];10334597;100.00;;"
8457 [140042433455808] INFO perfrun.perfcollector <> - PERF_STAT : "     1.926553802;CPU10;67893;;UNC_M_CAS_COUNT.WR[UNIT5];10335229;100.00;;"
8467 [140042433455808] INFO perfrun.perfcollector <> - PERF_STAT : "     1.936892041;CPU0;647;;UNC_M_CAS_COUNT.RD[UNIT0];10334825;100.00;;"
8467 [140042433455808] INFO perfrun.perfcollector <> - PERF_STAT : "     1.936892041;CPU10;71085;;UNC_M_CAS_COUNT.RD[UNIT0];10333336;100.00;;"
8467 [140042433455808] INFO perfrun.perfcollector <> - PERF_STAT : "     1.936892041;CPU0;686;;UNC_M_CAS_COUNT.RD[UNIT1];10334791;100.00;;"
8467 [140042433455808] INFO perfrun.perfcollector <> - PERF_STAT : "     1.936892041;CPU10;70509;;UNC_M_CAS_COUNT.RD[UNIT1];10333139;100.00;;"
8468 [140042433455808] INFO perfrun.perfcollector <> - PERF_STAT : "     1.936892041;CPU0;583;;UNC_M_CAS_COUNT.RD[UNIT4];10334861;100.00;;"
8468 [140042433455808] INFO perfrun.perfcollector <> - PERF_STAT : "     1.936892041;CPU10;71076;;UNC_M_CAS_COUNT.RD[UNIT4];10333374;100.00;;"
8468 [140042433455808] INFO perfrun.perfcollector <> - PERF_STAT : "     1.936892041;CPU0;688;;UNC_M_CAS_COUNT.RD[UNIT5];10334905;100.00;;"
8468 [140042433455808] INFO perfrun.perfcollector <> - PERF_STAT : "     1.936892041;CPU10;70521;;UNC_M_CAS_COUNT.RD[UNIT5];10333221;100.00;;"
8468 [140042433455808] INFO perfrun.perfcollector <> - PERF_STAT : "     1.936892041;CPU0;182;;UNC_M_CAS_COUNT.WR[UNIT0];10334898;100.00;;"
8468 [140042433455808] INFO perfrun.perfcollector <> - PERF_STAT : "     1.936892041;CPU10;70341;;UNC_M_CAS_COUNT.WR[UNIT0];10333573;100.00;;"
8468 [140042433455808] INFO perfrun.perfcollector <> - PERF_STAT : "     1.936892041;CPU0;262;;UNC_M_CAS_COUNT.WR[UNIT1];10334627;100.00;;"
8468 [140042433455808] INFO perfrun.perfcollector <> - PERF_STAT : "     1.936892041;CPU10;69699;;UNC_M_CAS_COUNT.WR[UNIT1];10333734;100.00;;"
8468 [140042433455808] INFO perfrun.perfcollector <> - PERF_STAT : "     1.936892041;CPU0;188;;UNC_M_CAS_COUNT.WR[UNIT4];10334664;100.00;;"
8468 [140042433455808] INFO perfrun.perfcollector <> - PERF_STAT : "     1.936892041;CPU10;70142;;UNC_M_CAS_COUNT.WR[UNIT4];10333729;100.00;;"
8468 [140042433455808] INFO perfrun.perfcollector <> - PERF_STAT : "     1.936892041;CPU0;264;;UNC_M_CAS_COUNT.WR[UNIT5];10334664;100.00;;"
8468 [140042433455808] INFO perfrun.perfcollector <> - PERF_STAT : "     1.936892041;CPU10;69384;;UNC_M_CAS_COUNT.WR[UNIT5];10333736;100.00;;"
8478 [140042433455808] INFO perfrun.perfcollector <> - PERF_STAT : "     1.947225810;CPU0;271;;UNC_M_CAS_COUNT.RD[UNIT0];10332870;100.00;;"
8478 [140042433455808] INFO perfrun.perfcollector <> - PERF_STAT : "     1.947225810;CPU10;69623;;UNC_M_CAS_COUNT.RD[UNIT0];10336111;100.00;;"
8478 [140042433455808] INFO perfrun.perfcollector <> - PERF_STAT : "     1.947225810;CPU0;298;;UNC_M_CAS_COUNT.RD[UNIT1];10332667;100.00;;"
8478 [140042433455808] INFO perfrun.perfcollector <> - PERF_STAT : "     1.947225810;CPU10;69077;;UNC_M_CAS_COUNT.RD[UNIT1];10336209;100.00;;"
8478 [140042433455808] INFO perfrun.perfcollector <> - PERF_STAT : "     1.947225810;CPU0;245;;UNC_M_CAS_COUNT.RD[UNIT4];10332593;100.00;;"
8478 [140042433455808] INFO perfrun.perfcollector <> - PERF_STAT : "     1.947225810;CPU10;69600;;UNC_M_CAS_COUNT.RD[UNIT4];10336032;100.00;;"
8478 [140042433455808] INFO perfrun.perfcollector <> - PERF_STAT : "     1.947225810;CPU0;328;;UNC_M_CAS_COUNT.RD[UNIT5];10332810;100.00;;"
8478 [140042433455808] INFO perfrun.perfcollector <> - PERF_STAT : "     1.947225810;CPU10;69035;;UNC_M_CAS_COUNT.RD[UNIT5];10336323;100.00;;"
8478 [140042433455808] INFO perfrun.perfcollector <> - PERF_STAT : "     1.947225810;CPU0;74;;UNC_M_CAS_COUNT.WR[UNIT0];10332807;100.00;;"
8478 [140042433455808] INFO perfrun.perfcollector <> - PERF_STAT : "     1.947225810;CPU10;68842;;UNC_M_CAS_COUNT.WR[UNIT0];10335670;100.00;;"
8478 [140042433455808] INFO perfrun.perfcollector <> - PERF_STAT : "     1.947225810;CPU0;106;;UNC_M_CAS_COUNT.WR[UNIT1];10332713;100.00;;"
8478 [140042433455808] INFO perfrun.perfcollector <> - PERF_STAT : "     1.947225810;CPU10;68212;;UNC_M_CAS_COUNT.WR[UNIT1];10335475;100.00;;"
8478 [140042433455808] INFO perfrun.perfcollector <> - PERF_STAT : "     1.947225810;CPU0;56;;UNC_M_CAS_COUNT.WR[UNIT4];10332687;100.00;;"
8478 [140042433455808] INFO perfrun.perfcollector <> - PERF_STAT : "     1.947225810;CPU10;68877;;UNC_M_CAS_COUNT.WR[UNIT4];10335572;100.00;;"
8478 [140042433455808] INFO perfrun.perfcollector <> - PERF_STAT : "     1.947225810;CPU0;107;;UNC_M_CAS_COUNT.WR[UNIT5];10332703;100.00;;"
8478 [140042433455808] INFO perfrun.perfcollector <> - PERF_STAT : "     1.947225810;CPU10;68352;;UNC_M_CAS_COUNT.WR[UNIT5];10335740;100.00;;"
8488 [140042433455808] INFO perfrun.perfcollector <> - PERF_STAT : "     1.957562484;CPU0;428;;UNC_M_CAS_COUNT.RD[UNIT0];10336311;100.00;;"
8488 [140042433455808] INFO perfrun.perfcollector <> - PERF_STAT : "     1.957562484;CPU10;69414;;UNC_M_CAS_COUNT.RD[UNIT0];10333260;100.00;;"
8488 [140042433455808] INFO perfrun.perfcollector <> - PERF_STAT : "     1.957562484;CPU0;479;;UNC_M_CAS_COUNT.RD[UNIT1];10336421;100.00;;"
8488 [140042433455808] INFO perfrun.perfcollector <> - PERF_STAT : "     1.957562484;CPU10;68877;;UNC_M_CAS_COUNT.RD[UNIT1];10333527;100.00;;"
8488 [140042433455808] INFO perfrun.perfcollector <> - PERF_STAT : "     1.957562484;CPU0;441;;UNC_M_CAS_COUNT.RD[UNIT4];10336495;100.00;;"
8488 [140042433455808] INFO perfrun.perfcollector <> - PERF_STAT : "     1.957562484;CPU10;69410;;UNC_M_CAS_COUNT.RD[UNIT4];10333803;100.00;;"
8488 [140042433455808] INFO perfrun.perfcollector <> - PERF_STAT : "     1.957562484;CPU0;474;;UNC_M_CAS_COUNT.RD[UNIT5];10336272;100.00;;"
8488 [140042433455808] INFO perfrun.perfcollector <> - PERF_STAT : "     1.957562484;CPU10;68865;;UNC_M_CAS_COUNT.RD[UNIT5];10333632;100.00;;"
8488 [140042433455808] INFO perfrun.perfcollector <> - PERF_STAT : "     1.957562484;CPU0;19;;UNC_M_CAS_COUNT.WR[UNIT0];10336264;100.00;;"
8488 [140042433455808] INFO perfrun.perfcollector <> - PERF_STAT : "     1.957562484;CPU10;69102;;UNC_M_CAS_COUNT.WR[UNIT0];10333902;100.00;;"
8488 [140042433455808] INFO perfrun.perfcollector <> - PERF_STAT : "     1.957562484;CPU0;41;;UNC_M_CAS_COUNT.WR[UNIT1];10336359;100.00;;"
8488 [140042433455808] INFO perfrun.perfcollector <> - PERF_STAT : "     1.957562484;CPU10;68593;;UNC_M_CAS_COUNT.WR[UNIT1];10333798;100.00;;"
8488 [140042433455808] INFO perfrun.perfcollector <> - PERF_STAT : "     1.957562484;CPU0;16;;UNC_M_CAS_COUNT.WR[UNIT4];10336394;100.00;;"
8488 [140042433455808] INFO perfrun.perfcollector <> - PERF_STAT : "     1.957562484;CPU10;69142;;UNC_M_CAS_COUNT.WR[UNIT4];10333518;100.00;;"
8488 [140042433455808] INFO perfrun.perfcollector <> - PERF_STAT : "     1.957562484;CPU0;42;;UNC_M_CAS_COUNT.WR[UNIT5];10336439;100.00;;"
8488 [140042433455808] INFO perfrun.perfcollector <> - PERF_STAT : "     1.957562484;CPU10;68727;;UNC_M_CAS_COUNT.WR[UNIT5];10333318;100.00;;"
8498 [140042433455808] INFO perfrun.perfcollector <> - PERF_STAT : "     1.967895464;CPU0;234;;UNC_M_CAS_COUNT.RD[UNIT0];10332102;100.00;;"
8498 [140042433455808] INFO perfrun.perfcollector <> - PERF_STAT : "     1.967895464;CPU10;70775;;UNC_M_CAS_COUNT.RD[UNIT0];10332737;100.00;;"
8498 [140042433455808] INFO perfrun.perfcollector <> - PERF_STAT : "     1.967895464;CPU0;260;;UNC_M_CAS_COUNT.RD[UNIT1];10331958;100.00;;"
8499 [140042433455808] INFO perfrun.perfcollector <> - PERF_STAT : "     1.967895464;CPU10;70233;;UNC_M_CAS_COUNT.RD[UNIT1];10332406;100.00;;"
8499 [140042433455808] INFO perfrun.perfcollector <> - PERF_STAT : "     1.967895464;CPU0;239;;UNC_M_CAS_COUNT.RD[UNIT4];10331865;100.00;;"
8499 [140042433455808] INFO perfrun.perfcollector <> - PERF_STAT : "     1.967895464;CPU10;70794;;UNC_M_CAS_COUNT.RD[UNIT4];10332178;100.00;;"
8499 [140042433455808] INFO perfrun.perfcollector <> - PERF_STAT : "     1.967895464;CPU0;276;;UNC_M_CAS_COUNT.RD[UNIT5];10331887;100.00;;"
8499 [140042433455808] INFO perfrun.perfcollector <> - PERF_STAT : "     1.967895464;CPU10;70220;;UNC_M_CAS_COUNT.RD[UNIT5];10332382;100.00;;"
8499 [140042433455808] INFO perfrun.perfcollector <> - PERF_STAT : "     1.967895464;CPU0;14;;UNC_M_CAS_COUNT.WR[UNIT0];10331925;100.00;;"
8499 [140042433455808] INFO perfrun.perfcollector <> - PERF_STAT : "     1.967895464;CPU10;70322;;UNC_M_CAS_COUNT.WR[UNIT0];10332743;100.00;;"
8499 [140042433455808] INFO perfrun.perfcollector <> - PERF_STAT : "     1.967895464;CPU0;41;;UNC_M_CAS_COUNT.WR[UNIT1];10331914;100.00;;"
8499 [140042433455808] INFO perfrun.perfcollector <> - PERF_STAT : "     1.967895464;CPU10;69833;;UNC_M_CAS_COUNT.WR[UNIT1];10332699;100.00;;"
8499 [140042433455808] INFO perfrun.perfcollector <> - PERF_STAT : "     1.967895464;CPU0;14;;UNC_M_CAS_COUNT.WR[UNIT4];10331868;100.00;;"
8499 [140042433455808] INFO perfrun.perfcollector <> - PERF_STAT : "     1.967895464;CPU10;70318;;UNC_M_CAS_COUNT.WR[UNIT4];10332804;100.00;;"
8499 [140042433455808] INFO perfrun.perfcollector <> - PERF_STAT : "     1.967895464;CPU0;42;;UNC_M_CAS_COUNT.WR[UNIT5];10331784;100.00;;"
8499 [140042433455808] INFO perfrun.perfcollector <> - PERF_STAT : "     1.967895464;CPU10;69830;;UNC_M_CAS_COUNT.WR[UNIT5];10333070;100.00;;"
8509 [140042433455808] INFO perfrun.perfcollector <> - PERF_STAT : "     1.978230059;CPU0;467;;UNC_M_CAS_COUNT.RD[UNIT0];10333525;100.00;;"
8509 [140042433455808] INFO perfrun.perfcollector <> - PERF_STAT : "     1.978230059;CPU10;70918;;UNC_M_CAS_COUNT.RD[UNIT0];10335116;100.00;;"
8509 [140042433455808] INFO perfrun.perfcollector <> - PERF_STAT : "     1.978230059;CPU0;570;;UNC_M_CAS_COUNT.RD[UNIT1];10333652;100.00;;"
8509 [140042433455808] INFO perfrun.perfcollector <> - PERF_STAT : "     1.978230059;CPU10;70357;;UNC_M_CAS_COUNT.RD[UNIT1];10334845;100.00;;"
8509 [140042433455808] INFO perfrun.perfcollector <> - PERF_STAT : "     1.978230059;CPU0;514;;UNC_M_CAS_COUNT.RD[UNIT4];10333718;100.00;;"
8509 [140042433455808] INFO perfrun.perfcollector <> - PERF_STAT : "     1.978230059;CPU10;70932;;UNC_M_CAS_COUNT.RD[UNIT4];10334898;100.00;;"
8509 [140042433455808] INFO perfrun.perfcollector <> - PERF_STAT : "     1.978230059;CPU0;600;;UNC_M_CAS_COUNT.RD[UNIT5];10333862;100.00;;"
8509 [140042433455808] INFO perfrun.perfcollector <> - PERF_STAT : "     1.978230059;CPU10;70361;;UNC_M_CAS_COUNT.RD[UNIT5];10335002;100.00;;"
8509 [140042433455808] INFO perfrun.perfcollector <> - PERF_STAT : "     1.978230059;CPU0;21;;UNC_M_CAS_COUNT.WR[UNIT0];10334012;100.00;;"
8509 [140042433455808] INFO perfrun.perfcollector <> - PERF_STAT : "     1.978230059;CPU10;70793;;UNC_M_CAS_COUNT.WR[UNIT0];10334791;100.00;;"
8509 [140042433455808] INFO perfrun.perfcollector <> - PERF_STAT : "     1.978230059;CPU0;83;;UNC_M_CAS_COUNT.WR[UNIT1];10334020;100.00;;"
8509 [140042433455808] INFO perfrun.perfcollector <> - PERF_STAT : "     1.978230059;CPU10;70296;;UNC_M_CAS_COUNT.WR[UNIT1];10335150;100.00;;"
8509 [140042433455808] INFO perfrun.perfcollector <> - PERF_STAT : "     1.978230059;CPU0;21;;UNC_M_CAS_COUNT.WR[UNIT4];10334037;100.00;;"
8509 [140042433455808] INFO perfrun.perfcollector <> - PERF_STAT : "     1.978230059;CPU10;70728;;UNC_M_CAS_COUNT.WR[UNIT4];10334986;100.00;;"
8509 [140042433455808] INFO perfrun.perfcollector <> - PERF_STAT : "     1.978230059;CPU0;86;;UNC_M_CAS_COUNT.WR[UNIT5];10334036;100.00;;"
8509 [140042433455808] INFO perfrun.perfcollector <> - PERF_STAT : "     1.978230059;CPU10;70173;;UNC_M_CAS_COUNT.WR[UNIT5];10335220;100.00;;"
8519 [140042433455808] INFO perfrun.perfcollector <> - PERF_STAT : "     1.988563981;CPU0;221;;UNC_M_CAS_COUNT.RD[UNIT0];10334737;100.00;;"
8519 [140042433455808] INFO perfrun.perfcollector <> - PERF_STAT : "     1.988563981;CPU10;71247;;UNC_M_CAS_COUNT.RD[UNIT0];10333438;100.00;;"
8519 [140042433455808] INFO perfrun.perfcollector <> - PERF_STAT : "     1.988563981;CPU0;278;;UNC_M_CAS_COUNT.RD[UNIT1];10334684;100.00;;"
8519 [140042433455808] INFO perfrun.perfcollector <> - PERF_STAT : "     1.988563981;CPU10;70687;;UNC_M_CAS_COUNT.RD[UNIT1];10333685;100.00;;"
8519 [140042433455808] INFO perfrun.perfcollector <> - PERF_STAT : "     1.988563981;CPU0;224;;UNC_M_CAS_COUNT.RD[UNIT4];10334725;100.00;;"
8519 [140042433455808] INFO perfrun.perfcollector <> - PERF_STAT : "     1.988563981;CPU10;71236;;UNC_M_CAS_COUNT.RD[UNIT4];10333781;100.00;;"
8519 [140042433455808] INFO perfrun.perfcollector <> - PERF_STAT : "     1.988563981;CPU0;299;;UNC_M_CAS_COUNT.RD[UNIT5];10334668;100.00;;"
8519 [140042433455808] INFO perfrun.perfcollector <> - PERF_STAT : "     1.988563981;CPU10;70701;;UNC_M_CAS_COUNT.RD[UNIT5];10333787;100.00;;"
8519 [140042433455808] INFO perfrun.perfcollector <> - PERF_STAT : "     1.988563981;CPU0;23;;UNC_M_CAS_COUNT.WR[UNIT0];10334538;100.00;;"
8519 [140042433455808] INFO perfrun.perfcollector <> - PERF_STAT : "     1.988563981;CPU10;70687;;UNC_M_CAS_COUNT.WR[UNIT0];10333716;100.00;;"
8519 [140042433455808] INFO perfrun.perfcollector <> - PERF_STAT : "     1.988563981;CPU0;62;;UNC_M_CAS_COUNT.WR[UNIT1];10334523;100.00;;"
8519 [140042433455808] INFO perfrun.perfcollector <> - PERF_STAT : "     1.988563981;CPU10;70152;;UNC_M_CAS_COUNT.WR[UNIT1];10333403;100.00;;"
8519 [140042433455808] INFO perfrun.perfcollector <> - PERF_STAT : "     1.988563981;CPU0;18;;UNC_M_CAS_COUNT.WR[UNIT4];10334517;100.00;;"
8519 [140042433455808] INFO perfrun.perfcollector <> - PERF_STAT : "     1.988563981;CPU10;70784;;UNC_M_CAS_COUNT.WR[UNIT4];10333369;100.00;;"
8519 [140042433455808] INFO perfrun.perfcollector <> - PERF_STAT : "     1.988563981;CPU0;66;;UNC_M_CAS_COUNT.WR[UNIT5];10334527;100.00;;"
8519 [140042433455808] INFO perfrun.perfcollector <> - PERF_STAT : "     1.988563981;CPU10;70139;;UNC_M_CAS_COUNT.WR[UNIT5];10333154;100.00;;"
8529 [140042433455808] INFO perfrun.perfcollector <> - PERF_STAT : "     1.998896070;CPU0;396;;UNC_M_CAS_COUNT.RD[UNIT0];10328684;100.00;;"
8529 [140042433455808] INFO perfrun.perfcollector <> - PERF_STAT : "     1.998896070;CPU10;71515;;UNC_M_CAS_COUNT.RD[UNIT0];10329654;100.00;;"
8529 [140042433455808] INFO perfrun.perfcollector <> - PERF_STAT : "     1.998896070;CPU0;442;;UNC_M_CAS_COUNT.RD[UNIT1];10328767;100.00;;"
8530 [140042433455808] INFO perfrun.perfcollector <> - PERF_STAT : "     1.998896070;CPU10;70957;;UNC_M_CAS_COUNT.RD[UNIT1];10329855;100.00;;"
8530 [140042433455808] INFO perfrun.perfcollector <> - PERF_STAT : "     1.998896070;CPU0;415;;UNC_M_CAS_COUNT.RD[UNIT4];10328764;100.00;;"
8530 [140042433455808] INFO perfrun.perfcollector <> - PERF_STAT : "     1.998896070;CPU10;71521;;UNC_M_CAS_COUNT.RD[UNIT4];10329592;100.00;;"
8530 [140042433455808] INFO perfrun.perfcollector <> - PERF_STAT : "     1.998896070;CPU0;434;;UNC_M_CAS_COUNT.RD[UNIT5];10328884;100.00;;"
8530 [140042433455808] INFO perfrun.perfcollector <> - PERF_STAT : "     1.998896070;CPU10;70974;;UNC_M_CAS_COUNT.RD[UNIT5];10329135;100.00;;"
8530 [140042433455808] INFO perfrun.perfcollector <> - PERF_STAT : "     1.998896070;CPU0;32;;UNC_M_CAS_COUNT.WR[UNIT0];10328834;100.00;;"
8530 [140042433455808] INFO perfrun.perfcollector <> - PERF_STAT : "     1.998896070;CPU10;71246;;UNC_M_CAS_COUNT.WR[UNIT0];10329504;100.00;;"
8530 [140042433455808] INFO perfrun.perfcollector <> - PERF_STAT : "     1.998896070;CPU0;51;;UNC_M_CAS_COUNT.WR[UNIT1];10328859;100.00;;"
8530 [140042433455808] INFO perfrun.perfcollector <> - PERF_STAT : "     1.998896070;CPU10;70747;;UNC_M_CAS_COUNT.WR[UNIT1];10329812;100.00;;"
8530 [140042433455808] INFO perfrun.perfcollector <> - PERF_STAT : "     1.998896070;CPU0;21;;UNC_M_CAS_COUNT.WR[UNIT4];10328847;100.00;;"
8530 [140042433455808] INFO perfrun.perfcollector <> - PERF_STAT : "     1.998896070;CPU10;71194;;UNC_M_CAS_COUNT.WR[UNIT4];10329819;100.00;;"
8530 [140042433455808] INFO perfrun.perfcollector <> - PERF_STAT : "     1.998896070;CPU0;46;;UNC_M_CAS_COUNT.WR[UNIT5];10328875;100.00;;"
8530 [140042433455808] INFO perfrun.perfcollector <> - PERF_STAT : "     1.998896070;CPU10;70797;;UNC_M_CAS_COUNT.WR[UNIT5];10329566;100.00;;"
8540 [140042433455808] INFO perfrun.perfcollector <> - PERF_STAT : "     2.009252193;CPU0;896;;UNC_M_CAS_COUNT.RD[UNIT0];10356739;100.00;;"
8540 [140042433455808] INFO perfrun.perfcollector <> - PERF_STAT : "     2.009252193;CPU10;71092;;UNC_M_CAS_COUNT.RD[UNIT0];10355485;100.00;;"
8540 [140042433455808] INFO perfrun.perfcollector <> - PERF_STAT : "     2.009252193;CPU0;949;;UNC_M_CAS_COUNT.RD[UNIT1];10356619;100.00;;"
8540 [140042433455808] INFO perfrun.perfcollector <> - PERF_STAT : "     2.009252193;CPU10;70563;;UNC_M_CAS_COUNT.RD[UNIT1];10355277;100.00;;"
8540 [140042433455808] INFO perfrun.perfcollector <> - PERF_STAT : "     2.009252193;CPU0;856;;UNC_M_CAS_COUNT.RD[UNIT4];10356528;100.00;;"
8540 [140042433455808] INFO perfrun.perfcollector <> - PERF_STAT : "     2.009252193;CPU10;71128;;UNC_M_CAS_COUNT.RD[UNIT4];10355463;100.00;;"
8540 [140042433455808] INFO perfrun.perfcollector <> - PERF_STAT : "     2.009252193;CPU0;1005;;UNC_M_CAS_COUNT.RD[UNIT5];10356341;100.00;;"
8540 [140042433455808] INFO perfrun.perfcollector <> - PERF_STAT : "     2.009252193;CPU10;70533;;UNC_M_CAS_COUNT.RD[UNIT5];10355787;100.00;;"
8540 [140042433455808] INFO perfrun.perfcollector <> - PERF_STAT : "     2.009252193;CPU0;61;;UNC_M_CAS_COUNT.WR[UNIT0];10356347;100.00;;"
8540 [140042433455808] INFO perfrun.perfcollector <> - PERF_STAT : "     2.009252193;CPU10;71006;;UNC_M_CAS_COUNT.WR[UNIT0];10355418;100.00;;"
8540 [140042433455808] INFO perfrun.perfcollector <> - PERF_STAT : "     2.009252193;CPU0;173;;UNC_M_CAS_COUNT.WR[UNIT1];10356347;100.00;;"
8540 [140042433455808] INFO perfrun.perfcollector <> - PERF_STAT : "     2.009252193;CPU10;70495;;UNC_M_CAS_COUNT.WR[UNIT1];10355079;100.00;;"
8540 [140042433455808] INFO perfrun.perfcollector <> - PERF_STAT : "     2.009252193;CPU0;65;;UNC_M_CAS_COUNT.WR[UNIT4];10356368;100.00;;"
8540 [140042433455808] INFO perfrun.perfcollector <> - PERF_STAT : "     2.009252193;CPU10;71061;;UNC_M_CAS_COUNT.WR[UNIT4];10355068;100.00;;"
8540 [140042433455808] INFO perfrun.perfcollector <> - PERF_STAT : "     2.009252193;CPU0;178;;UNC_M_CAS_COUNT.WR[UNIT5];10356340;100.00;;"
8540 [140042433455808] INFO perfrun.perfcollector <> - PERF_STAT : "     2.009252193;CPU10;70457;;UNC_M_CAS_COUNT.WR[UNIT5];10355071;100.00;;"
8550 [140042433455808] INFO perfrun.perfcollector <> - PERF_STAT : "     2.019582473;CPU0;520;;UNC_M_CAS_COUNT.RD[UNIT0];10333949;100.00;;"
8550 [140042433455808] INFO perfrun.perfcollector <> - PERF_STAT : "     2.019582473;CPU10;71331;;UNC_M_CAS_COUNT.RD[UNIT0];10304743;100.00;;"
8550 [140042433455808] INFO perfrun.perfcollector <> - PERF_STAT : "     2.019582473;CPU0;618;;UNC_M_CAS_COUNT.RD[UNIT1];10331336;100.00;;"
8550 [140042433455808] INFO perfrun.perfcollector <> - PERF_STAT : "     2.019582473;CPU10;70751;;UNC_M_CAS_COUNT.RD[UNIT1];10305135;100.00;;"
8550 [140042433455808] INFO perfrun.perfcollector <> - PERF_STAT : "     2.019582473;CPU0;549;;UNC_M_CAS_COUNT.RD[UNIT4];10329422;100.00;;"
8550 [140042433455808] INFO perfrun.perfcollector <> - PERF_STAT : "     2.019582473;CPU10;71290;;UNC_M_CAS_COUNT.RD[UNIT4];10304973;100.00;;"
8550 [140042433455808] INFO perfrun.perfcollector <> - PERF_STAT : "     2.019582473;CPU0;627;;UNC_M_CAS_COUNT.RD[UNIT5];10327646;100.00;;"
8550 [140042433455808] INFO perfrun.perfcollector <> - PERF_STAT : "     2.019582473;CPU10;70784;;UNC_M_CAS_COUNT.RD[UNIT5];10304610;100.00;;"
8550 [140042433455808] INFO perfrun.perfcollector <> - PERF_STAT : "     2.019582473;CPU0;82;;UNC_M_CAS_COUNT.WR[UNIT0];10325984;100.00;;"
8550 [140042433455808] INFO perfrun.perfcollector <> - PERF_STAT : "     2.019582473;CPU10;70683;;UNC_M_CAS_COUNT.WR[UNIT0];10304849;100.00;;"
8550 [140042433455808] INFO perfrun.perfcollector <> - PERF_STAT : "     2.019582473;CPU0;137;;UNC_M_CAS_COUNT.WR[UNIT1];10324343;100.00;;"
8550 [140042433455808] INFO perfrun.perfcollector <> - PERF_STAT : "     2.019582473;CPU10;70144;;UNC_M_CAS_COUNT.WR[UNIT1];10304862;100.00;;"
8550 [140042433455808] INFO perfrun.perfcollector <> - PERF_STAT : "     2.019582473;CPU0;63;;UNC_M_CAS_COUNT.WR[UNIT4];10322468;100.00;;"
8550 [140042433455808] INFO perfrun.perfcollector <> - PERF_STAT : "     2.019582473;CPU10;70590;;UNC_M_CAS_COUNT.WR[UNIT4];10304981;100.00;;"
8550 [140042433455808] INFO perfrun.perfcollector <> - PERF_STAT : "     2.019582473;CPU0;135;;UNC_M_CAS_COUNT.WR[UNIT5];10320649;100.00;;"
8550 [140042433455808] INFO perfrun.perfcollector <> - PERF_STAT : "     2.019582473;CPU10;69946;;UNC_M_CAS_COUNT.WR[UNIT5];10304965;100.00;;"
8560 [140042433455808] INFO perfrun.perfcollector <> - PERF_STAT : "     2.029887103;CPU0;504;;UNC_M_CAS_COUNT.RD[UNIT0];10304852;100.00;;"
8560 [140042433455808] INFO perfrun.perfcollector <> - PERF_STAT : "     2.029887103;CPU10;71513;;UNC_M_CAS_COUNT.RD[UNIT0];10303336;100.00;;"
8560 [140042433455808] INFO perfrun.perfcollector <> - PERF_STAT : "     2.029887103;CPU0;546;;UNC_M_CAS_COUNT.RD[UNIT1];10304650;100.00;;"
8560 [140042433455808] INFO perfrun.perfcollector <> - PERF_STAT : "     2.029887103;CPU10;70976;;UNC_M_CAS_COUNT.RD[UNIT1];10302844;100.00;;"
8560 [140042433455808] INFO perfrun.perfcollector <> - PERF_STAT : "     2.029887103;CPU0;507;;UNC_M_CAS_COUNT.RD[UNIT4];10304645;100.00;;"
8560 [140042433455808] INFO perfrun.perfcollector <> - PERF_STAT : "     2.029887103;CPU10;71502;;UNC_M_CAS_COUNT.RD[UNIT4];10302677;100.00;;"
8561 [140042433455808] INFO perfrun.perfcollector <> - PERF_STAT : "     2.029887103;CPU0;536;;UNC_M_CAS_COUNT.RD[UNIT5];10304586;100.00;;"
8561 [140042433455808] INFO perfrun.perfcollector <> - PERF_STAT : "     2.029887103;CPU10;71014;;UNC_M_CAS_COUNT.RD[UNIT5];10303096;100.00;;"
8561 [140042433455808] INFO perfrun.perfcollector <> - PERF_STAT : "     2.029887103;CPU0;151;;UNC_M_CAS_COUNT.WR[UNIT0];10304379;100.00;;"
8561 [140042433455808] INFO perfrun.perfcollector <> - PERF_STAT : "     2.029887103;CPU10;71070;;UNC_M_CAS_COUNT.WR[UNIT0];10302834;100.00;;"
8561 [140042433455808] INFO perfrun.perfcollector <> - PERF_STAT : "     2.029887103;CPU0;157;;UNC_M_CAS_COUNT.WR[UNIT1];10304129;100.00;;"
8561 [140042433455808] INFO perfrun.perfcollector <> - PERF_STAT : "     2.029887103;CPU10;70445;;UNC_M_CAS_COUNT.WR[UNIT1];10302795;100.00;;"
8561 [140042433455808] INFO perfrun.perfcollector <> - PERF_STAT : "     2.029887103;CPU0;146;;UNC_M_CAS_COUNT.WR[UNIT4];10304131;100.00;;"
8561 [140042433455808] INFO perfrun.perfcollector <> - PERF_STAT : "     2.029887103;CPU10;71238;;UNC_M_CAS_COUNT.WR[UNIT4];10302872;100.00;;"
8561 [140042433455808] INFO perfrun.perfcollector <> - PERF_STAT : "     2.029887103;CPU0;183;;UNC_M_CAS_COUNT.WR[UNIT5];10304122;100.00;;"
8561 [140042433455808] INFO perfrun.perfcollector <> - PERF_STAT : "     2.029887103;CPU10;70593;;UNC_M_CAS_COUNT.WR[UNIT5];10302919;100.00;;"
8571 [140042433455808] INFO perfrun.perfcollector <> - PERF_STAT : "     2.040191832;CPU0;478;;UNC_M_CAS_COUNT.RD[UNIT0];10297956;100.00;;"
8571 [140042433455808] INFO perfrun.perfcollector <> - PERF_STAT : "     2.040191832;CPU10;71422;;UNC_M_CAS_COUNT.RD[UNIT0];10328391;100.00;;"
8571 [140042433455808] INFO perfrun.perfcollector <> - PERF_STAT : "     2.040191832;CPU0;553;;UNC_M_CAS_COUNT.RD[UNIT1];10300768;100.00;;"
8571 [140042433455808] INFO perfrun.perfcollector <> - PERF_STAT : "     2.040191832;CPU10;70893;;UNC_M_CAS_COUNT.RD[UNIT1];10328516;100.00;;"
8571 [140042433455808] INFO perfrun.perfcollector <> - PERF_STAT : "     2.040191832;CPU0;510;;UNC_M_CAS_COUNT.RD[UNIT4];10302660;100.00;;"
8571 [140042433455808] INFO perfrun.perfcollector <> - PERF_STAT : "     2.040191832;CPU10;71429;;UNC_M_CAS_COUNT.RD[UNIT4];10328664;100.00;;"
8571 [140042433455808] INFO perfrun.perfcollector <> - PERF_STAT : "     2.040191832;CPU0;616;;UNC_M_CAS_COUNT.RD[UNIT5];10304602;100.00;;"
8571 [140042433455808] INFO perfrun.perfcollector <> - PERF_STAT : "     2.040191832;CPU10;70881;;UNC_M_CAS_COUNT.RD[UNIT5];10328328;100.00;;"
8571 [140042433455808] INFO perfrun.perfcollector <> - PERF_STAT : "     2.040191832;CPU0;47;;UNC_M_CAS_COUNT.WR[UNIT0];10306452;100.00;;"
8571 [140042433455808] INFO perfrun.perfcollector <> - PERF_STAT : "     2.040191832;CPU10;70974;;UNC_M_CAS_COUNT.WR[UNIT0];10328624;100.00;;"
8571 [140042433455808] INFO perfrun.perfcollector <> - PERF_STAT : "     2.040191832;CPU0;94;;UNC_M_CAS_COUNT.WR[UNIT1];10308492;100.00;;"
8571 [140042433455808] INFO perfrun.perfcollector <> - PERF_STAT : "     2.040191832;CPU10;70570;;UNC_M_CAS_COUNT.WR[UNIT1];10328712;100.00;;"
8571 [140042433455808] INFO perfrun.perfcollector <> - PERF_STAT : "     2.040191832;CPU0;33;;UNC_M_CAS_COUNT.WR[UNIT4];10310409;100.00;;"
8571 [140042433455808] INFO perfrun.perfcollector <> - PERF_STAT : "     2.040191832;CPU10;70844;;UNC_M_CAS_COUNT.WR[UNIT4];10328551;100.00;;"
8571 [140042433455808] INFO perfrun.perfcollector <> - PERF_STAT : "     2.040191832;CPU0;99;;UNC_M_CAS_COUNT.WR[UNIT5];10312231;100.00;;"
8571 [140042433455808] INFO perfrun.perfcollector <> - PERF_STAT : "     2.040191832;CPU10;70395;;UNC_M_CAS_COUNT.WR[UNIT5];10328630;100.00;;"
8581 [140042433455808] INFO perfrun.perfcollector <> - PERF_STAT : "     2.050518242;CPU0;1598;;UNC_M_CAS_COUNT.RD[UNIT0];10326446;100.00;;"
8581 [140042433455808] INFO perfrun.perfcollector <> - PERF_STAT : "     2.050518242;CPU10;68501;;UNC_M_CAS_COUNT.RD[UNIT0];10327491;100.00;;"
8581 [140042433455808] INFO perfrun.perfcollector <> - PERF_STAT : "     2.050518242;CPU0;1862;;UNC_M_CAS_COUNT.RD[UNIT1];10326605;100.00;;"
8581 [140042433455808] INFO perfrun.perfcollector <> - PERF_STAT : "     2.050518242;CPU10;67960;;UNC_M_CAS_COUNT.RD[UNIT1];10327663;100.00;;"
8581 [140042433455808] INFO perfrun.perfcollector <> - PERF_STAT : "     2.050518242;CPU0;1576;;UNC_M_CAS_COUNT.RD[UNIT4];10326735;100.00;;"
8581 [140042433455808] INFO perfrun.perfcollector <> - PERF_STAT : "     2.050518242;CPU10;68526;;UNC_M_CAS_COUNT.RD[UNIT4];10327631;100.00;;"
8581 [140042433455808] INFO perfrun.perfcollector <> - PERF_STAT : "     2.050518242;CPU0;1740;;UNC_M_CAS_COUNT.RD[UNIT5];10326532;100.00;;"
8581 [140042433455808] INFO perfrun.perfcollector <> - PERF_STAT : "     2.050518242;CPU10;67993;;UNC_M_CAS_COUNT.RD[UNIT5];10327706;100.00;;"
8581 [140042433455808] INFO perfrun.perfcollector <> - PERF_STAT : "     2.050518242;CPU0;129;;UNC_M_CAS_COUNT.WR[UNIT0];10326552;100.00;;"
8581 [140042433455808] INFO perfrun.perfcollector <> - PERF_STAT : "     2.050518242;CPU10;67944;;UNC_M_CAS_COUNT.WR[UNIT0];10327410;100.00;;"
8581 [140042433455808] INFO perfrun.perfcollector <> - PERF_STAT : "     2.050518242;CPU0;160;;UNC_M_CAS_COUNT.WR[UNIT1];10326409;100.00;;"
8581 [140042433455808] INFO perfrun.perfcollector <> - PERF_STAT : "     2.050518242;CPU10;67554;;UNC_M_CAS_COUNT.WR[UNIT1];10327565;100.00;;"
8581 [140042433455808] INFO perfrun.perfcollector <> - PERF_STAT : "     2.050518242;CPU0;92;;UNC_M_CAS_COUNT.WR[UNIT4];10326345;100.00;;"
8581 [140042433455808] INFO perfrun.perfcollector <> - PERF_STAT : "     2.050518242;CPU10;68221;;UNC_M_CAS_COUNT.WR[UNIT4];10327809;100.00;;"
8581 [140042433455808] INFO perfrun.perfcollector <> - PERF_STAT : "     2.050518242;CPU0;151;;UNC_M_CAS_COUNT.WR[UNIT5];10326332;100.00;;"
8581 [140042433455808] INFO perfrun.perfcollector <> - PERF_STAT : "     2.050518242;CPU10;67716;;UNC_M_CAS_COUNT.WR[UNIT5];10327687;100.00;;"
8591 [140042433455808] INFO perfrun.perfcollector <> - PERF_STAT : "     2.060844483;CPU0;1697;;UNC_M_CAS_COUNT.RD[UNIT0];10331347;100.00;;"
8591 [140042433455808] INFO perfrun.perfcollector <> - PERF_STAT : "     2.060844483;CPU10;70486;;UNC_M_CAS_COUNT.RD[UNIT0];10330155;100.00;;"
8591 [140042433455808] INFO perfrun.perfcollector <> - PERF_STAT : "     2.060844483;CPU0;1836;;UNC_M_CAS_COUNT.RD[UNIT1];10331217;100.00;;"
8591 [140042433455808] INFO perfrun.perfcollector <> - PERF_STAT : "     2.060844483;CPU10;69854;;UNC_M_CAS_COUNT.RD[UNIT1];10330301;100.00;;"
8591 [140042433455808] INFO perfrun.perfcollector <> - PERF_STAT : "     2.060844483;CPU0;1703;;UNC_M_CAS_COUNT.RD[UNIT4];10331210;100.00;;"
8591 [140042433455808] INFO perfrun.perfcollector <> - PERF_STAT : "     2.060844483;CPU10;70433;;UNC_M_CAS_COUNT.RD[UNIT4];10330402;100.00;;"
8591 [140042433455808] INFO perfrun.perfcollector <> - PERF_STAT : "     2.060844483;CPU0;1773;;UNC_M_CAS_COUNT.RD[UNIT5];10331304;100.00;;"
8592 [140042433455808] INFO perfrun.perfcollector <> - PERF_STAT : "     2.060844483;CPU10;69902;;UNC_M_CAS_COUNT.RD[UNIT5];10330468;100.00;;"
8592 [140042433455808] INFO perfrun.perfcollector <> - PERF_STAT : "     2.060844483;CPU0;181;;UNC_M_CAS_COUNT.WR[UNIT0];10331283;100.00;;"
8592 [140042433455808] INFO perfrun.perfcollector <> - PERF_STAT : "     2.060844483;CPU10;70462;;UNC_M_CAS_COUNT.WR[UNIT0];10330706;100.00;;"
8592 [140042433455808] INFO perfrun.perfcollector <> - PERF_STAT : "     2.060844483;CPU0;293;;UNC_M_CAS_COUNT.WR[UNIT1];10331263;100.00;;"
8592 [140042433455808] INFO perfrun.perfcollector <> - PERF_STAT : "     2.060844483;CPU10;69840;;UNC_M_CAS_COUNT.WR[UNIT1];10330493;100.00;;"
8592 [140042433455808] INFO perfrun.perfcollector <> - PERF_STAT : "     2.060844483;CPU0;172;;UNC_M_CAS_COUNT.WR[UNIT4];10331416;100.00;;"
8592 [140042433455808] INFO perfrun.perfcollector <> - PERF_STAT : "     2.060844483;CPU10;70386;;UNC_M_CAS_COUNT.WR[UNIT4];10330608;100.00;;"
8592 [140042433455808] INFO perfrun.perfcollector <> - PERF_STAT : "     2.060844483;CPU0;302;;UNC_M_CAS_COUNT.WR[UNIT5];10331440;100.00;;"
8592 [140042433455808] INFO perfrun.perfcollector <> - PERF_STAT : "     2.060844483;CPU10;69885;;UNC_M_CAS_COUNT.WR[UNIT5];10330622;100.00;;"
8602 [140042433455808] INFO perfrun.perfcollector <> - PERF_STAT : "     2.071178598;CPU0;489;;UNC_M_CAS_COUNT.RD[UNIT0];10330754;100.00;;"
8602 [140042433455808] INFO perfrun.perfcollector <> - PERF_STAT : "     2.071178598;CPU10;71047;;UNC_M_CAS_COUNT.RD[UNIT0];10331702;100.00;;"
8602 [140042433455808] INFO perfrun.perfcollector <> - PERF_STAT : "     2.071178598;CPU0;507;;UNC_M_CAS_COUNT.RD[UNIT1];10330838;100.00;;"
8602 [140042433455808] INFO perfrun.perfcollector <> - PERF_STAT : "     2.071178598;CPU10;70498;;UNC_M_CAS_COUNT.RD[UNIT1];10331444;100.00;;"
8602 [140042433455808] INFO perfrun.perfcollector <> - PERF_STAT : "     2.071178598;CPU0;464;;UNC_M_CAS_COUNT.RD[UNIT4];10330732;100.00;;"
8602 [140042433455808] INFO perfrun.perfcollector <> - PERF_STAT : "     2.071178598;CPU10;71037;;UNC_M_CAS_COUNT.RD[UNIT4];10331263;100.00;;"
8602 [140042433455808] INFO perfrun.perfcollector <> - PERF_STAT : "     2.071178598;CPU0;550;;UNC_M_CAS_COUNT.RD[UNIT5];10330895;100.00;;"
8602 [140042433455808] INFO perfrun.perfcollector <> - PERF_STAT : "     2.071178598;CPU10;70484;;UNC_M_CAS_COUNT.RD[UNIT5];10331232;100.00;;"
8602 [140042433455808] INFO perfrun.perfcollector <> - PERF_STAT : "     2.071178598;CPU0;434;;UNC_M_CAS_COUNT.WR[UNIT0];10331030;100.00;;"
8602 [140042433455808] INFO perfrun.perfcollector <> - PERF_STAT : "     2.071178598;CPU10;69820;;UNC_M_CAS_COUNT.WR[UNIT0];10330867;100.00;;"
8602 [140042433455808] INFO perfrun.perfcollector <> - PERF_STAT : "     2.071178598;CPU0;464;;UNC_M_CAS_COUNT.WR[UNIT1];10331046;100.00;;"
8602 [140042433455808] INFO perfrun.perfcollector <> - PERF_STAT : "     2.071178598;CPU10;69186;;UNC_M_CAS_COUNT.WR[UNIT1];10330898;100.00;;"
8602 [140042433455808] INFO perfrun.perfcollector <> - PERF_STAT : "     2.071178598;CPU0;435;;UNC_M_CAS_COUNT.WR[UNIT4];10330913;100.00;;"
8602 [140042433455808] INFO perfrun.perfcollector <> - PERF_STAT : "     2.071178598;CPU10;69662;;UNC_M_CAS_COUNT.WR[UNIT4];10330553;100.00;;"
8602 [140042433455808] INFO perfrun.perfcollector <> - PERF_STAT : "     2.071178598;CPU0;470;;UNC_M_CAS_COUNT.WR[UNIT5];10330916;100.00;;"
8602 [140042433455808] INFO perfrun.perfcollector <> - PERF_STAT : "     2.071178598;CPU10;68950;;UNC_M_CAS_COUNT.WR[UNIT5];10330744;100.00;;"
8612 [140042433455808] INFO perfrun.perfcollector <> - PERF_STAT : "     2.081510715;CPU0;455;;UNC_M_CAS_COUNT.RD[UNIT0];10332477;100.00;;"
8612 [140042433455808] INFO perfrun.perfcollector <> - PERF_STAT : "     2.081510715;CPU10;70913;;UNC_M_CAS_COUNT.RD[UNIT0];10331698;100.00;;"
8612 [140042433455808] INFO perfrun.perfcollector <> - PERF_STAT : "     2.081510715;CPU0;505;;UNC_M_CAS_COUNT.RD[UNIT1];10332556;100.00;;"
8612 [140042433455808] INFO perfrun.perfcollector <> - PERF_STAT : "     2.081510715;CPU10;70392;;UNC_M_CAS_COUNT.RD[UNIT1];10331491;100.00;;"
8612 [140042433455808] INFO perfrun.perfcollector <> - PERF_STAT : "     2.081510715;CPU0;445;;UNC_M_CAS_COUNT.RD[UNIT4];10332563;100.00;;"
8612 [140042433455808] INFO perfrun.perfcollector <> - PERF_STAT : "     2.081510715;CPU10;70936;;UNC_M_CAS_COUNT.RD[UNIT4];10331561;100.00;;"
8612 [140042433455808] INFO perfrun.perfcollector <> - PERF_STAT : "     2.081510715;CPU0;457;;UNC_M_CAS_COUNT.RD[UNIT5];10332389;100.00;;"
8612 [140042433455808] INFO perfrun.perfcollector <> - PERF_STAT : "     2.081510715;CPU10;70400;;UNC_M_CAS_COUNT.RD[UNIT5];10331525;100.00;;"
8612 [140042433455808] INFO perfrun.perfcollector <> - PERF_STAT : "     2.081510715;CPU0;202;;UNC_M_CAS_COUNT.WR[UNIT0];10332318;100.00;;"
8612 [140042433455808] INFO perfrun.perfcollector <> - PERF_STAT : "     2.081510715;CPU10;70048;;UNC_M_CAS_COUNT.WR[UNIT0];10331574;100.00;;"
8612 [140042433455808] INFO perfrun.perfcollector <> - PERF_STAT : "     2.081510715;CPU0;221;;UNC_M_CAS_COUNT.WR[UNIT1];10332286;100.00;;"
8612 [140042433455808] INFO perfrun.perfcollector <> - PERF_STAT : "     2.081510715;CPU10;69438;;UNC_M_CAS_COUNT.WR[UNIT1];10331555;100.00;;"
8612 [140042433455808] INFO perfrun.perfcollector <> - PERF_STAT : "     2.081510715;CPU0;196;;UNC_M_CAS_COUNT.WR[UNIT4];10332282;100.00;;"
8612 [140042433455808] INFO perfrun.perfcollector <> - PERF_STAT : "     2.081510715;CPU10;69875;;UNC_M_CAS_COUNT.WR[UNIT4];10331523;100.00;;"
8612 [140042433455808] INFO perfrun.perfcollector <> - PERF_STAT : "     2.081510715;CPU0;234;;UNC_M_CAS_COUNT.WR[UNIT5];10332448;100.00;;"
8612 [140042433455808] INFO perfrun.perfcollector <> - PERF_STAT : "     2.081510715;CPU10;69503;;UNC_M_CAS_COUNT.WR[UNIT5];10331508;100.00;;"
8622 [140042433455808] INFO perfrun.perfcollector <> - PERF_STAT : "     2.091841927;CPU0;306;;UNC_M_CAS_COUNT.RD[UNIT0];10331055;100.00;;"
8622 [140042433455808] INFO perfrun.perfcollector <> - PERF_STAT : "     2.091841927;CPU10;69709;;UNC_M_CAS_COUNT.RD[UNIT0];10332261;100.00;;"
8622 [140042433455808] INFO perfrun.perfcollector <> - PERF_STAT : "     2.091841927;CPU0;369;;UNC_M_CAS_COUNT.RD[UNIT1];10330936;100.00;;"
8622 [140042433455808] INFO perfrun.perfcollector <> - PERF_STAT : "     2.091841927;CPU10;69156;;UNC_M_CAS_COUNT.RD[UNIT1];10332618;100.00;;"
8622 [140042433455808] INFO perfrun.perfcollector <> - PERF_STAT : "     2.091841927;CPU0;313;;UNC_M_CAS_COUNT.RD[UNIT4];10330939;100.00;;"
8622 [140042433455808] INFO perfrun.perfcollector <> - PERF_STAT : "     2.091841927;CPU10;69729;;UNC_M_CAS_COUNT.RD[UNIT4];10332600;100.00;;"
8622 [140042433455808] INFO perfrun.perfcollector <> - PERF_STAT : "     2.091841927;CPU0;350;;UNC_M_CAS_COUNT.RD[UNIT5];10331022;100.00;;"
8623 [140042433455808] INFO perfrun.perfcollector <> - PERF_STAT : "     2.091841927;CPU10;69157;;UNC_M_CAS_COUNT.RD[UNIT5];10332953;100.00;;"
8623 [140042433455808] INFO perfrun.perfcollector <> - PERF_STAT : "     2.091841927;CPU0;142;;UNC_M_CAS_COUNT.WR[UNIT0];10331003;100.00;;"
8623 [140042433455808] INFO perfrun.perfcollector <> - PERF_STAT : "     2.091841927;CPU10;69278;;UNC_M_CAS_COUNT.WR[UNIT0];10332916;100.00;;"
8623 [140042433455808] INFO perfrun.perfcollector <> - PERF_STAT : "     2.091841927;CPU0;162;;UNC_M_CAS_COUNT.WR[UNIT1];10331012;100.00;;"
8623 [140042433455808] INFO perfrun.perfcollector <> - PERF_STAT : "     2.091841927;CPU10;68634;;UNC_M_CAS_COUNT.WR[UNIT1];10332995;100.00;;"
8623 [140042433455808] INFO perfrun.perfcollector <> - PERF_STAT : "     2.091841927;CPU0;106;;UNC_M_CAS_COUNT.WR[UNIT4];10331105;100.00;;"
8623 [140042433455808] INFO perfrun.perfcollector <> - PERF_STAT : "     2.091841927;CPU10;69404;;UNC_M_CAS_COUNT.WR[UNIT4];10333007;100.00;;"
8623 [140042433455808] INFO perfrun.perfcollector <> - PERF_STAT : "     2.091841927;CPU0;128;;UNC_M_CAS_COUNT.WR[UNIT5];10330916;100.00;;"
8623 [140042433455808] INFO perfrun.perfcollector <> - PERF_STAT : "     2.091841927;CPU10;68661;;UNC_M_CAS_COUNT.WR[UNIT5];10332909;100.00;;"
8633 [140042433455808] INFO perfrun.perfcollector <> - PERF_STAT : "     2.102179672;CPU0;368;;UNC_M_CAS_COUNT.RD[UNIT0];10341717;100.00;;"
8633 [140042433455808] INFO perfrun.perfcollector <> - PERF_STAT : "     2.102179672;CPU10;71014;;UNC_M_CAS_COUNT.RD[UNIT0];10309098;100.00;;"
8633 [140042433455808] INFO perfrun.perfcollector <> - PERF_STAT : "     2.102179672;CPU0;384;;UNC_M_CAS_COUNT.RD[UNIT1];10338845;100.00;;"
8633 [140042433455808] INFO perfrun.perfcollector <> - PERF_STAT : "     2.102179672;CPU10;70506;;UNC_M_CAS_COUNT.RD[UNIT1];10308962;100.00;;"
8633 [140042433455808] INFO perfrun.perfcollector <> - PERF_STAT : "     2.102179672;CPU0;376;;UNC_M_CAS_COUNT.RD[UNIT4];10336912;100.00;;"
8633 [140042433455808] INFO perfrun.perfcollector <> - PERF_STAT : "     2.102179672;CPU10;71055;;UNC_M_CAS_COUNT.RD[UNIT4];10309144;100.00;;"
8633 [140042433455808] INFO perfrun.perfcollector <> - PERF_STAT : "     2.102179672;CPU0;405;;UNC_M_CAS_COUNT.RD[UNIT5];10334990;100.00;;"
8633 [140042433455808] INFO perfrun.perfcollector <> - PERF_STAT : "     2.102179672;CPU10;70488;;UNC_M_CAS_COUNT.RD[UNIT5];10308844;100.00;;"
8633 [140042433455808] INFO perfrun.perfcollector <> - PERF_STAT : "     2.102179672;CPU0;17;;UNC_M_CAS_COUNT.WR[UNIT0];10333134;100.00;;"
8633 [140042433455808] INFO perfrun.perfcollector <> - PERF_STAT : "     2.102179672;CPU10;70740;;UNC_M_CAS_COUNT.WR[UNIT0];10308880;100.00;;"
8633 [140042433455808] INFO perfrun.perfcollector <> - PERF_STAT : "     2.102179672;CPU0;48;;UNC_M_CAS_COUNT.WR[UNIT1];10331293;100.00;;"
8633 [140042433455808] INFO perfrun.perfcollector <> - PERF_STAT : "     2.102179672;CPU10;70291;;UNC_M_CAS_COUNT.WR[UNIT1];10308651;100.00;;"
8633 [140042433455808] INFO perfrun.perfcollector <> - PERF_STAT : "     2.102179672;CPU0;14;;UNC_M_CAS_COUNT.WR[UNIT4];10329361;100.00;;"
8633 [140042433455808] INFO perfrun.perfcollector <> - PERF_STAT : "     2.102179672;CPU10;70884;;UNC_M_CAS_COUNT.WR[UNIT4];10308637;100.00;;"
8633 [140042433455808] INFO perfrun.perfcollector <> - PERF_STAT : "     2.102179672;CPU0;41;;UNC_M_CAS_COUNT.WR[UNIT5];10327549;100.00;;"
8633 [140042433455808] INFO perfrun.perfcollector <> - PERF_STAT : "     2.102179672;CPU10;70319;;UNC_M_CAS_COUNT.WR[UNIT5];10308533;100.00;;"
8643 [140042433455808] INFO perfrun.perfcollector <> - PERF_STAT : "     2.112486854;CPU0;660;;UNC_M_CAS_COUNT.RD[UNIT0];10298130;100.00;;"
8643 [140042433455808] INFO perfrun.perfcollector <> - PERF_STAT : "     2.112486854;CPU10;70967;;UNC_M_CAS_COUNT.RD[UNIT0];10329589;100.00;;"
8643 [140042433455808] INFO perfrun.perfcollector <> - PERF_STAT : "     2.112486854;CPU0;684;;UNC_M_CAS_COUNT.RD[UNIT1];10300935;100.00;;"
8643 [140042433455808] INFO perfrun.perfcollector <> - PERF_STAT : "     2.112486854;CPU10;70468;;UNC_M_CAS_COUNT.RD[UNIT1];10330040;100.00;;"
8643 [140042433455808] INFO perfrun.perfcollector <> - PERF_STAT : "     2.112486854;CPU0;659;;UNC_M_CAS_COUNT.RD[UNIT4];10303015;100.00;;"
8643 [140042433455808] INFO perfrun.perfcollector <> - PERF_STAT : "     2.112486854;CPU10;70991;;UNC_M_CAS_COUNT.RD[UNIT4];10329915;100.00;;"
8643 [140042433455808] INFO perfrun.perfcollector <> - PERF_STAT : "     2.112486854;CPU0;744;;UNC_M_CAS_COUNT.RD[UNIT5];10304857;100.00;;"
8643 [140042433455808] INFO perfrun.perfcollector <> - PERF_STAT : "     2.112486854;CPU10;70496;;UNC_M_CAS_COUNT.RD[UNIT5];10329894;100.00;;"
8643 [140042433455808] INFO perfrun.perfcollector <> - PERF_STAT : "     2.112486854;CPU0;30;;UNC_M_CAS_COUNT.WR[UNIT0];10306676;100.00;;"
8643 [140042433455808] INFO perfrun.perfcollector <> - PERF_STAT : "     2.112486854;CPU10;70743;;UNC_M_CAS_COUNT.WR[UNIT0];10330077;100.00;;"
8643 [140042433455808] INFO perfrun.perfcollector <> - PERF_STAT : "     2.112486854;CPU0;83;;UNC_M_CAS_COUNT.WR[UNIT1];10308621;100.00;;"
8643 [140042433455808] INFO perfrun.perfcollector <> - PERF_STAT : "     2.112486854;CPU10;70256;;UNC_M_CAS_COUNT.WR[UNIT1];10330114;100.00;;"
8643 [140042433455808] INFO perfrun.perfcollector <> - PERF_STAT : "     2.112486854;CPU0;15;;UNC_M_CAS_COUNT.WR[UNIT4];10310433;100.00;;"
8643 [140042433455808] INFO perfrun.perfcollector <> - PERF_STAT : "     2.112486854;CPU10;70640;;UNC_M_CAS_COUNT.WR[UNIT4];10330127;100.00;;"
8643 [140042433455808] INFO perfrun.perfcollector <> - PERF_STAT : "     2.112486854;CPU0;92;;UNC_M_CAS_COUNT.WR[UNIT5];10312228;100.00;;"
8643 [140042433455808] INFO perfrun.perfcollector <> - PERF_STAT : "     2.112486854;CPU10;70108;;UNC_M_CAS_COUNT.WR[UNIT5];10330146;100.00;;"
8653 [140042433455808] INFO perfrun.perfcollector <> - PERF_STAT : "     2.122816471;CPU0;274;;UNC_M_CAS_COUNT.RD[UNIT0];10329733;100.00;;"
8653 [140042433455808] INFO perfrun.perfcollector <> - PERF_STAT : "     2.122816471;CPU10;71637;;UNC_M_CAS_COUNT.RD[UNIT0];10330375;100.00;;"
8653 [140042433455808] INFO perfrun.perfcollector <> - PERF_STAT : "     2.122816471;CPU0;294;;UNC_M_CAS_COUNT.RD[UNIT1];10330094;100.00;;"
8653 [140042433455808] INFO perfrun.perfcollector <> - PERF_STAT : "     2.122816471;CPU10;71123;;UNC_M_CAS_COUNT.RD[UNIT1];10329865;100.00;;"
8653 [140042433455808] INFO perfrun.perfcollector <> - PERF_STAT : "     2.122816471;CPU0;272;;UNC_M_CAS_COUNT.RD[UNIT4];10330007;100.00;;"
8653 [140042433455808] INFO perfrun.perfcollector <> - PERF_STAT : "     2.122816471;CPU10;71669;;UNC_M_CAS_COUNT.RD[UNIT4];10330015;100.00;;"
8653 [140042433455808] INFO perfrun.perfcollector <> - PERF_STAT : "     2.122816471;CPU0;300;;UNC_M_CAS_COUNT.RD[UNIT5];10330014;100.00;;"
8654 [140042433455808] INFO perfrun.perfcollector <> - PERF_STAT : "     2.122816471;CPU10;71089;;UNC_M_CAS_COUNT.RD[UNIT5];10329943;100.00;;"
8654 [140042433455808] INFO perfrun.perfcollector <> - PERF_STAT : "     2.122816471;CPU0;28;;UNC_M_CAS_COUNT.WR[UNIT0];10330030;100.00;;"
8654 [140042433455808] INFO perfrun.perfcollector <> - PERF_STAT : "     2.122816471;CPU10;70816;;UNC_M_CAS_COUNT.WR[UNIT0];10329977;100.00;;"
8654 [140042433455808] INFO perfrun.perfcollector <> - PERF_STAT : "     2.122816471;CPU0;53;;UNC_M_CAS_COUNT.WR[UNIT1];10329909;100.00;;"
8654 [140042433455808] INFO perfrun.perfcollector <> - PERF_STAT : "     2.122816471;CPU10;70265;;UNC_M_CAS_COUNT.WR[UNIT1];10330063;100.00;;"
8654 [140042433455808] INFO perfrun.perfcollector <> - PERF_STAT : "     2.122816471;CPU0;24;;UNC_M_CAS_COUNT.WR[UNIT4];10329927;100.00;;"
8654 [140042433455808] INFO perfrun.perfcollector <> - PERF_STAT : "     2.122816471;CPU10;70957;;UNC_M_CAS_COUNT.WR[UNIT4];10329934;100.00;;"
8654 [140042433455808] INFO perfrun.perfcollector <> - PERF_STAT : "     2.122816471;CPU0;55;;UNC_M_CAS_COUNT.WR[UNIT5];10329946;100.00;;"
8654 [140042433455808] INFO perfrun.perfcollector <> - PERF_STAT : "     2.122816471;CPU10;70550;;UNC_M_CAS_COUNT.WR[UNIT5];10330098;100.00;;"
8664 [140042433455808] INFO perfrun.perfcollector <> - PERF_STAT : "     2.133149384;CPU0;445;;UNC_M_CAS_COUNT.RD[UNIT0];10333675;100.00;;"
8664 [140042433455808] INFO perfrun.perfcollector <> - PERF_STAT : "     2.133149384;CPU10;71691;;UNC_M_CAS_COUNT.RD[UNIT0];10332077;100.00;;"
8664 [140042433455808] INFO perfrun.perfcollector <> - PERF_STAT : "     2.133149384;CPU0;522;;UNC_M_CAS_COUNT.RD[UNIT1];10333632;100.00;;"
8664 [140042433455808] INFO perfrun.perfcollector <> - PERF_STAT : "     2.133149384;CPU10;71128;;UNC_M_CAS_COUNT.RD[UNIT1];10332031;100.00;;"
8664 [140042433455808] INFO perfrun.perfcollector <> - PERF_STAT : "     2.133149384;CPU0;409;;UNC_M_CAS_COUNT.RD[UNIT4];10333595;100.00;;"
8664 [140042433455808] INFO perfrun.perfcollector <> - PERF_STAT : "     2.133149384;CPU10;71639;;UNC_M_CAS_COUNT.RD[UNIT4];10332012;100.00;;"
8664 [140042433455808] INFO perfrun.perfcollector <> - PERF_STAT : "     2.133149384;CPU0;504;;UNC_M_CAS_COUNT.RD[UNIT5];10333726;100.00;;"
8664 [140042433455808] INFO perfrun.perfcollector <> - PERF_STAT : "     2.133149384;CPU10;71080;;UNC_M_CAS_COUNT.RD[UNIT5];10332234;100.00;;"
8664 [140042433455808] INFO perfrun.perfcollector <> - PERF_STAT : "     2.133149384;CPU0;42;;UNC_M_CAS_COUNT.WR[UNIT0];10333752;100.00;;"
8664 [140042433455808] INFO perfrun.perfcollector <> - PERF_STAT : "     2.133149384;CPU10;71080;;UNC_M_CAS_COUNT.WR[UNIT0];10331968;100.00;;"
8664 [140042433455808] INFO perfrun.perfcollector <> - PERF_STAT : "     2.133149384;CPU0;120;;UNC_M_CAS_COUNT.WR[UNIT1];10333779;100.00;;"
8664 [140042433455808] INFO perfrun.perfcollector <> - PERF_STAT : "     2.133149384;CPU10;70511;;UNC_M_CAS_COUNT.WR[UNIT1];10331953;100.00;;"
8664 [140042433455808] INFO perfrun.perfcollector <> - PERF_STAT : "     2.133149384;CPU0;36;;UNC_M_CAS_COUNT.WR[UNIT4];10333809;100.00;;"
8664 [140042433455808] INFO perfrun.perfcollector <> - PERF_STAT : "     2.133149384;CPU10;70992;;UNC_M_CAS_COUNT.WR[UNIT4];10332092;100.00;;"
8664 [140042433455808] INFO perfrun.perfcollector <> - PERF_STAT : "     2.133149384;CPU0;129;;UNC_M_CAS_COUNT.WR[UNIT5];10333829;100.00;;"
8664 [140042433455808] INFO perfrun.perfcollector <> - PERF_STAT : "     2.133149384;CPU10;70267;;UNC_M_CAS_COUNT.WR[UNIT5];10331863;100.00;;"
8674 [140042433455808] INFO perfrun.perfcollector <> - PERF_STAT : "     2.143481578;CPU0;419;;UNC_M_CAS_COUNT.RD[UNIT0];10331591;100.00;;"
8674 [140042433455808] INFO perfrun.perfcollector <> - PERF_STAT : "     2.143481578;CPU10;71503;;UNC_M_CAS_COUNT.RD[UNIT0];10339755;100.00;;"
8674 [140042433455808] INFO perfrun.perfcollector <> - PERF_STAT : "     2.143481578;CPU0;464;;UNC_M_CAS_COUNT.RD[UNIT1];10331266;100.00;;"
8674 [140042433455808] INFO perfrun.perfcollector <> - PERF_STAT : "     2.143481578;CPU10;70973;;UNC_M_CAS_COUNT.RD[UNIT1];10339440;100.00;;"
8674 [140042433455808] INFO perfrun.perfcollector <> - PERF_STAT : "     2.143481578;CPU0;415;;UNC_M_CAS_COUNT.RD[UNIT4];10331233;100.00;;"
8674 [140042433455808] INFO perfrun.perfcollector <> - PERF_STAT : "     2.143481578;CPU10;71514;;UNC_M_CAS_COUNT.RD[UNIT4];10339219;100.00;;"
8674 [140042433455808] INFO perfrun.perfcollector <> - PERF_STAT : "     2.143481578;CPU0;483;;UNC_M_CAS_COUNT.RD[UNIT5];10331079;100.00;;"
8674 [140042433455808] INFO perfrun.perfcollector <> - PERF_STAT : "     2.143481578;CPU10;70956;;UNC_M_CAS_COUNT.RD[UNIT5];10339358;100.00;;"
8674 [140042433455808] INFO perfrun.perfcollector <> - PERF_STAT : "     2.143481578;CPU0;18;;UNC_M_CAS_COUNT.WR[UNIT0];10331036;100.00;;"
8674 [140042433455808] INFO perfrun.perfcollector <> - PERF_STAT : "     2.143481578;CPU10;71133;;UNC_M_CAS_COUNT.WR[UNIT0];10339399;100.00;;"
8674 [140042433455808] INFO perfrun.perfcollector <> - PERF_STAT : "     2.143481578;CPU0;53;;UNC_M_CAS_COUNT.WR[UNIT1];10331079;100.00;;"
8674 [140042433455808] INFO perfrun.perfcollector <> - PERF_STAT : "     2.143481578;CPU10;70711;;UNC_M_CAS_COUNT.WR[UNIT1];10339570;100.00;;"
8674 [140042433455808] INFO perfrun.perfcollector <> - PERF_STAT : "     2.143481578;CPU0;15;;UNC_M_CAS_COUNT.WR[UNIT4];10331059;100.00;;"
8674 [140042433455808] INFO perfrun.perfcollector <> - PERF_STAT : "     2.143481578;CPU10;71124;;UNC_M_CAS_COUNT.WR[UNIT4];10339412;100.00;;"
8674 [140042433455808] INFO perfrun.perfcollector <> - PERF_STAT : "     2.143481578;CPU0;56;;UNC_M_CAS_COUNT.WR[UNIT5];10331069;100.00;;"
8674 [140042433455808] INFO perfrun.perfcollector <> - PERF_STAT : "     2.143481578;CPU10;70741;;UNC_M_CAS_COUNT.WR[UNIT5];10339368;100.00;;"
8684 [140042433455808] INFO perfrun.perfcollector <> - PERF_STAT : "     2.153818410;CPU0;247;;UNC_M_CAS_COUNT.RD[UNIT0];10334149;100.00;;"
8684 [140042433455808] INFO perfrun.perfcollector <> - PERF_STAT : "     2.153818410;CPU10;70841;;UNC_M_CAS_COUNT.RD[UNIT0];10327283;100.00;;"
8684 [140042433455808] INFO perfrun.perfcollector <> - PERF_STAT : "     2.153818410;CPU0;241;;UNC_M_CAS_COUNT.RD[UNIT1];10334253;100.00;;"
8684 [140042433455808] INFO perfrun.perfcollector <> - PERF_STAT : "     2.153818410;CPU10;70276;;UNC_M_CAS_COUNT.RD[UNIT1];10327506;100.00;;"
8684 [140042433455808] INFO perfrun.perfcollector <> - PERF_STAT : "     2.153818410;CPU0;202;;UNC_M_CAS_COUNT.RD[UNIT4];10334247;100.00;;"
8684 [140042433455808] INFO perfrun.perfcollector <> - PERF_STAT : "     2.153818410;CPU10;70851;;UNC_M_CAS_COUNT.RD[UNIT4];10327543;100.00;;"
8684 [140042433455808] INFO perfrun.perfcollector <> - PERF_STAT : "     2.153818410;CPU0;254;;UNC_M_CAS_COUNT.RD[UNIT5];10334294;100.00;;"
8684 [140042433455808] INFO perfrun.perfcollector <> - PERF_STAT : "     2.153818410;CPU10;70253;;UNC_M_CAS_COUNT.RD[UNIT5];10327140;100.00;;"
8684 [140042433455808] INFO perfrun.perfcollector <> - PERF_STAT : "     2.153818410;CPU0;17;;UNC_M_CAS_COUNT.WR[UNIT0];10334283;100.00;;"
8684 [140042433455808] INFO perfrun.perfcollector <> - PERF_STAT : "     2.153818410;CPU10;70550;;UNC_M_CAS_COUNT.WR[UNIT0];10327003;100.00;;"
8685 [140042433455808] INFO perfrun.perfcollector <> - PERF_STAT : "     2.153818410;CPU0;46;;UNC_M_CAS_COUNT.WR[UNIT1];10334221;100.00;;"
8685 [140042433455808] INFO perfrun.perfcollector <> - PERF_STAT : "     2.153818410;CPU10;69979;;UNC_M_CAS_COUNT.WR[UNIT1];10326951;100.00;;"
8685 [140042433455808] INFO perfrun.perfcollector <> - PERF_STAT : "     2.153818410;CPU0;15;;UNC_M_CAS_COUNT.WR[UNIT4];10334220;100.00;;"
8685 [140042433455808] INFO perfrun.perfcollector <> - PERF_STAT : "     2.153818410;CPU10;70407;;UNC_M_CAS_COUNT.WR[UNIT4];10327050;100.00;;"
8685 [140042433455808] INFO perfrun.perfcollector <> - PERF_STAT : "     2.153818410;CPU0;41;;UNC_M_CAS_COUNT.WR[UNIT5];10334181;100.00;;"
8685 [140042433455808] INFO perfrun.perfcollector <> - PERF_STAT : "     2.153818410;CPU10;70027;;UNC_M_CAS_COUNT.WR[UNIT5];10327283;100.00;;"
8695 [140042433455808] INFO perfrun.perfcollector <> - PERF_STAT : "     2.164145404;CPU0;1049;;UNC_M_CAS_COUNT.RD[UNIT0];10333001;100.00;;"
8695 [140042433455808] INFO perfrun.perfcollector <> - PERF_STAT : "     2.164145404;CPU10;70215;;UNC_M_CAS_COUNT.RD[UNIT0];10331930;100.00;;"
8695 [140042433455808] INFO perfrun.perfcollector <> - PERF_STAT : "     2.164145404;CPU0;1034;;UNC_M_CAS_COUNT.RD[UNIT1];10333097;100.00;;"
8695 [140042433455808] INFO perfrun.perfcollector <> - PERF_STAT : "     2.164145404;CPU10;69680;;UNC_M_CAS_COUNT.RD[UNIT1];10332287;100.00;;"
8695 [140042433455808] INFO perfrun.perfcollector <> - PERF_STAT : "     2.164145404;CPU0;1076;;UNC_M_CAS_COUNT.RD[UNIT4];10333117;100.00;;"
8695 [140042433455808] INFO perfrun.perfcollector <> - PERF_STAT : "     2.164145404;CPU10;70263;;UNC_M_CAS_COUNT.RD[UNIT4];10332623;100.00;;"
8695 [140042433455808] INFO perfrun.perfcollector <> - PERF_STAT : "     2.164145404;CPU0;1049;;UNC_M_CAS_COUNT.RD[UNIT5];10333237;100.00;;"
8695 [140042433455808] INFO perfrun.perfcollector <> - PERF_STAT : "     2.164145404;CPU10;69667;;UNC_M_CAS_COUNT.RD[UNIT5];10332714;100.00;;"
8695 [140042433455808] INFO perfrun.perfcollector <> - PERF_STAT : "     2.164145404;CPU0;37;;UNC_M_CAS_COUNT.WR[UNIT0];10333241;100.00;;"
8695 [140042433455808] INFO perfrun.perfcollector <> - PERF_STAT : "     2.164145404;CPU10;70217;;UNC_M_CAS_COUNT.WR[UNIT0];10332817;100.00;;"
8695 [140042433455808] INFO perfrun.perfcollector <> - PERF_STAT : "     2.164145404;CPU0;68;;UNC_M_CAS_COUNT.WR[UNIT1];10333264;100.00;;"
8695 [140042433455808] INFO perfrun.perfcollector <> - PERF_STAT : "     2.164145404;CPU10;69691;;UNC_M_CAS_COUNT.WR[UNIT1];10332738;100.00;;"
8695 [140042433455808] INFO perfrun.perfcollector <> - PERF_STAT : "     2.164145404;CPU0;36;;UNC_M_CAS_COUNT.WR[UNIT4];10333238;100.00;;"
8695 [140042433455808] INFO perfrun.perfcollector <> - PERF_STAT : "     2.164145404;CPU10;70340;;UNC_M_CAS_COUNT.WR[UNIT4];10332661;100.00;;"
8695 [140042433455808] INFO perfrun.perfcollector <> - PERF_STAT : "     2.164145404;CPU0;68;;UNC_M_CAS_COUNT.WR[UNIT5];10333264;100.00;;"
8695 [140042433455808] INFO perfrun.perfcollector <> - PERF_STAT : "     2.164145404;CPU10;69708;;UNC_M_CAS_COUNT.WR[UNIT5];10332925;100.00;;"
8705 [140042433455808] INFO perfrun.perfcollector <> - PERF_STAT : "     2.174477473;CPU0;1489;;UNC_M_CAS_COUNT.RD[UNIT0];10332666;100.00;;"
8705 [140042433455808] INFO perfrun.perfcollector <> - PERF_STAT : "     2.174477473;CPU10;68126;;UNC_M_CAS_COUNT.RD[UNIT0];10302950;100.00;;"
8705 [140042433455808] INFO perfrun.perfcollector <> - PERF_STAT : "     2.174477473;CPU0;1789;;UNC_M_CAS_COUNT.RD[UNIT1];10329782;100.00;;"
8705 [140042433455808] INFO perfrun.perfcollector <> - PERF_STAT : "     2.174477473;CPU10;67606;;UNC_M_CAS_COUNT.RD[UNIT1];10302541;100.00;;"
8705 [140042433455808] INFO perfrun.perfcollector <> - PERF_STAT : "     2.174477473;CPU0;1481;;UNC_M_CAS_COUNT.RD[UNIT4];10327868;100.00;;"
8705 [140042433455808] INFO perfrun.perfcollector <> - PERF_STAT : "     2.174477473;CPU10;68174;;UNC_M_CAS_COUNT.RD[UNIT4];10302288;100.00;;"
8705 [140042433455808] INFO perfrun.perfcollector <> - PERF_STAT : "     2.174477473;CPU0;1702;;UNC_M_CAS_COUNT.RD[UNIT5];10325944;100.00;;"
8705 [140042433455808] INFO perfrun.perfcollector <> - PERF_STAT : "     2.174477473;CPU10;67592;;UNC_M_CAS_COUNT.RD[UNIT5];10302230;100.00;;"
8705 [140042433455808] INFO perfrun.perfcollector <> - PERF_STAT : "     2.174477473;CPU0;283;;UNC_M_CAS_COUNT.WR[UNIT0];10324108;100.00;;"
8705 [140042433455808] INFO perfrun.perfcollector <> - PERF_STAT : "     2.174477473;CPU10;67892;;UNC_M_CAS_COUNT.WR[UNIT0];10302230;100.00;;"
8705 [140042433455808] INFO perfrun.perfcollector <> - PERF_STAT : "     2.174477473;CPU0;307;;UNC_M_CAS_COUNT.WR[UNIT1];10322245;100.00;;"
8705 [140042433455808] INFO perfrun.perfcollector <> - PERF_STAT : "     2.174477473;CPU10;67394;;UNC_M_CAS_COUNT.WR[UNIT1];10302211;100.00;;"
8705 [140042433455808] INFO perfrun.perfcollector <> - PERF_STAT : "     2.174477473;CPU0;266;;UNC_M_CAS_COUNT.WR[UNIT4];10320428;100.00;;"
8705 [140042433455808] INFO perfrun.perfcollector <> - PERF_STAT : "     2.174477473;CPU10;67825;;UNC_M_CAS_COUNT.WR[UNIT4];10302211;100.00;;"
8705 [140042433455808] INFO perfrun.perfcollector <> - PERF_STAT : "     2.174477473;CPU0;321;;UNC_M_CAS_COUNT.WR[UNIT5];10318575;100.00;;"
8705 [140042433455808] INFO perfrun.perfcollector <> - PERF_STAT : "     2.174477473;CPU10;67384;;UNC_M_CAS_COUNT.WR[UNIT5];10302224;100.00;;"
8715 [140042433455808] INFO perfrun.perfcollector <> - PERF_STAT : "     2.184778747;CPU0;363;;UNC_M_CAS_COUNT.RD[UNIT0];10293953;100.00;;"
8715 [140042433455808] INFO perfrun.perfcollector <> - PERF_STAT : "     2.184778747;CPU10;69487;;UNC_M_CAS_COUNT.RD[UNIT0];10324684;100.00;;"
8715 [140042433455808] INFO perfrun.perfcollector <> - PERF_STAT : "     2.184778747;CPU0;393;;UNC_M_CAS_COUNT.RD[UNIT1];10296782;100.00;;"
8715 [140042433455808] INFO perfrun.perfcollector <> - PERF_STAT : "     2.184778747;CPU10;68944;;UNC_M_CAS_COUNT.RD[UNIT1];10324786;100.00;;"
8715 [140042433455808] INFO perfrun.perfcollector <> - PERF_STAT : "     2.184778747;CPU0;345;;UNC_M_CAS_COUNT.RD[UNIT4];10298692;100.00;;"
8715 [140042433455808] INFO perfrun.perfcollector <> - PERF_STAT : "     2.184778747;CPU10;69491;;UNC_M_CAS_COUNT.RD[UNIT4];10324586;100.00;;"
8715 [140042433455808] INFO perfrun.perfcollector <> - PERF_STAT : "     2.184778747;CPU0;401;;UNC_M_CAS_COUNT.RD[UNIT5];10300455;100.00;;"
8715 [140042433455808] INFO perfrun.perfcollector <> - PERF_STAT : "     2.184778747;CPU10;68927;;UNC_M_CAS_COUNT.RD[UNIT5];10324860;100.00;;"
8715 [140042433455808] INFO perfrun.perfcollector <> - PERF_STAT : "     2.184778747;CPU0;139;;UNC_M_CAS_COUNT.WR[UNIT0];10302315;100.00;;"
8715 [140042433455808] INFO perfrun.perfcollector <> - PERF_STAT : "     2.184778747;CPU10;68849;;UNC_M_CAS_COUNT.WR[UNIT0];10324989;100.00;;"
8715 [140042433455808] INFO perfrun.perfcollector <> - PERF_STAT : "     2.184778747;CPU0;169;;UNC_M_CAS_COUNT.WR[UNIT1];10304174;100.00;;"
8715 [140042433455808] INFO perfrun.perfcollector <> - PERF_STAT : "     2.184778747;CPU10;67986;;UNC_M_CAS_COUNT.WR[UNIT1];10325288;100.00;;"
8715 [140042433455808] INFO perfrun.perfcollector <> - PERF_STAT : "     2.184778747;CPU0;138;;UNC_M_CAS_COUNT.WR[UNIT4];10305998;100.00;;"
8716 [140042433455808] INFO perfrun.perfcollector <> - PERF_STAT : "     2.184778747;CPU10;68745;;UNC_M_CAS_COUNT.WR[UNIT4];10325399;100.00;;"
8716 [140042433455808] INFO perfrun.perfcollector <> - PERF_STAT : "     2.184778747;CPU0;173;;UNC_M_CAS_COUNT.WR[UNIT5];10307854;100.00;;"
8716 [140042433455808] INFO perfrun.perfcollector <> - PERF_STAT : "     2.184778747;CPU10;67922;;UNC_M_CAS_COUNT.WR[UNIT5];10325013;100.00;;"
8726 [140042433455808] INFO perfrun.perfcollector <> - PERF_STAT : "     2.195104408;CPU0;488;;UNC_M_CAS_COUNT.RD[UNIT0];10324582;100.00;;"
8726 [140042433455808] INFO perfrun.perfcollector <> - PERF_STAT : "     2.195104408;CPU10;69525;;UNC_M_CAS_COUNT.RD[UNIT0];10327774;100.00;;"
8726 [140042433455808] INFO perfrun.perfcollector <> - PERF_STAT : "     2.195104408;CPU0;526;;UNC_M_CAS_COUNT.RD[UNIT1];10324477;100.00;;"
8726 [140042433455808] INFO perfrun.perfcollector <> - PERF_STAT : "     2.195104408;CPU10;68978;;UNC_M_CAS_COUNT.RD[UNIT1];10327601;100.00;;"
8726 [140042433455808] INFO perfrun.perfcollector <> - PERF_STAT : "     2.195104408;CPU0;506;;UNC_M_CAS_COUNT.RD[UNIT4];10324627;100.00;;"
8726 [140042433455808] INFO perfrun.perfcollector <> - PERF_STAT : "     2.195104408;CPU10;69529;;UNC_M_CAS_COUNT.RD[UNIT4];10327688;100.00;;"
8726 [140042433455808] INFO perfrun.perfcollector <> - PERF_STAT : "     2.195104408;CPU0;538;;UNC_M_CAS_COUNT.RD[UNIT5];10324628;100.00;;"
8726 [140042433455808] INFO perfrun.perfcollector <> - PERF_STAT : "     2.195104408;CPU10;68989;;UNC_M_CAS_COUNT.RD[UNIT5];10327598;100.00;;"
8726 [140042433455808] INFO perfrun.perfcollector <> - PERF_STAT : "     2.195104408;CPU0;75;;UNC_M_CAS_COUNT.WR[UNIT0];10324615;100.00;;"
8726 [140042433455808] INFO perfrun.perfcollector <> - PERF_STAT : "     2.195104408;CPU10;68989;;UNC_M_CAS_COUNT.WR[UNIT0];10327393;100.00;;"
8726 [140042433455808] INFO perfrun.perfcollector <> - PERF_STAT : "     2.195104408;CPU0;91;;UNC_M_CAS_COUNT.WR[UNIT1];10324652;100.00;;"
8726 [140042433455808] INFO perfrun.perfcollector <> - PERF_STAT : "     2.195104408;CPU10;68777;;UNC_M_CAS_COUNT.WR[UNIT1];10327091;100.00;;"
8726 [140042433455808] INFO perfrun.perfcollector <> - PERF_STAT : "     2.195104408;CPU0;72;;UNC_M_CAS_COUNT.WR[UNIT4];10324654;100.00;;"
8726 [140042433455808] INFO perfrun.perfcollector <> - PERF_STAT : "     2.195104408;CPU10;69158;;UNC_M_CAS_COUNT.WR[UNIT4];10326941;100.00;;"
8726 [140042433455808] INFO perfrun.perfcollector <> - PERF_STAT : "     2.195104408;CPU0;91;;UNC_M_CAS_COUNT.WR[UNIT5];10324788;100.00;;"
8726 [140042433455808] INFO perfrun.perfcollector <> - PERF_STAT : "     2.195104408;CPU10;68962;;UNC_M_CAS_COUNT.WR[UNIT5];10326901;100.00;;"
8736 [140042433455808] INFO perfrun.perfcollector <> - PERF_STAT : "     2.205431052;CPU0;433;;UNC_M_CAS_COUNT.RD[UNIT0];10326171;100.00;;"
8736 [140042433455808] INFO perfrun.perfcollector <> - PERF_STAT : "     2.205431052;CPU10;71188;;UNC_M_CAS_COUNT.RD[UNIT0];10323271;100.00;;"
8736 [140042433455808] INFO perfrun.perfcollector <> - PERF_STAT : "     2.205431052;CPU0;476;;UNC_M_CAS_COUNT.RD[UNIT1];10326175;100.00;;"
8736 [140042433455808] INFO perfrun.perfcollector <> - PERF_STAT : "     2.205431052;CPU10;70647;;UNC_M_CAS_COUNT.RD[UNIT1];10323123;100.00;;"
8736 [140042433455808] INFO perfrun.perfcollector <> - PERF_STAT : "     2.205431052;CPU0;469;;UNC_M_CAS_COUNT.RD[UNIT4];10326165;100.00;;"
8736 [140042433455808] INFO perfrun.perfcollector <> - PERF_STAT : "     2.205431052;CPU10;71198;;UNC_M_CAS_COUNT.RD[UNIT4];10323275;100.00;;"
8736 [140042433455808] INFO perfrun.perfcollector <> - PERF_STAT : "     2.205431052;CPU0;474;;UNC_M_CAS_COUNT.RD[UNIT5];10326204;100.00;;"
8736 [140042433455808] INFO perfrun.perfcollector <> - PERF_STAT : "     2.205431052;CPU10;70637;;UNC_M_CAS_COUNT.RD[UNIT5];10323111;100.00;;"
8736 [140042433455808] INFO perfrun.perfcollector <> - PERF_STAT : "     2.205431052;CPU0;45;;UNC_M_CAS_COUNT.WR[UNIT0];10326214;100.00;;"
8736 [140042433455808] INFO perfrun.perfcollector <> - PERF_STAT : "     2.205431052;CPU10;70586;;UNC_M_CAS_COUNT.WR[UNIT0];10323107;100.00;;"
8736 [140042433455808] INFO perfrun.perfcollector <> - PERF_STAT : "     2.205431052;CPU0;67;;UNC_M_CAS_COUNT.WR[UNIT1];10326194;100.00;;"
8736 [140042433455808] INFO perfrun.perfcollector <> - PERF_STAT : "     2.205431052;CPU10;70059;;UNC_M_CAS_COUNT.WR[UNIT1];10323133;100.00;;"
8736 [140042433455808] INFO perfrun.perfcollector <> - PERF_STAT : "     2.205431052;CPU0;40;;UNC_M_CAS_COUNT.WR[UNIT4];10326355;100.00;;"
8736 [140042433455808] INFO perfrun.perfcollector <> - PERF_STAT : "     2.205431052;CPU10;70804;;UNC_M_CAS_COUNT.WR[UNIT4];10323173;100.00;;"
8736 [140042433455808] INFO perfrun.perfcollector <> - PERF_STAT : "     2.205431052;CPU0;62;;UNC_M_CAS_COUNT.WR[UNIT5];10326238;100.00;;"
8736 [140042433455808] INFO perfrun.perfcollector <> - PERF_STAT : "     2.205431052;CPU10;69920;;UNC_M_CAS_COUNT.WR[UNIT5];10323300;100.00;;"
8746 [140042433455808] INFO perfrun.perfcollector <> - PERF_STAT : "     2.215756584;CPU0;241;;UNC_M_CAS_COUNT.RD[UNIT0];10328042;100.00;;"
8746 [140042433455808] INFO perfrun.perfcollector <> - PERF_STAT : "     2.215756584;CPU10;70944;;UNC_M_CAS_COUNT.RD[UNIT0];10338137;100.00;;"
8746 [140042433455808] INFO perfrun.perfcollector <> - PERF_STAT : "     2.215756584;CPU0;281;;UNC_M_CAS_COUNT.RD[UNIT1];10327962;100.00;;"
8746 [140042433455808] INFO perfrun.perfcollector <> - PERF_STAT : "     2.215756584;CPU10;70428;;UNC_M_CAS_COUNT.RD[UNIT1];10338406;100.00;;"
8746 [140042433455808] INFO perfrun.perfcollector <> - PERF_STAT : "     2.215756584;CPU0;242;;UNC_M_CAS_COUNT.RD[UNIT4];10327912;100.00;;"
8746 [140042433455808] INFO perfrun.perfcollector <> - PERF_STAT : "     2.215756584;CPU10;70980;;UNC_M_CAS_COUNT.RD[UNIT4];10338565;100.00;;"
8746 [140042433455808] INFO perfrun.perfcollector <> - PERF_STAT : "     2.215756584;CPU0;296;;UNC_M_CAS_COUNT.RD[UNIT5];10328006;100.00;;"
8746 [140042433455808] INFO perfrun.perfcollector <> - PERF_STAT : "     2.215756584;CPU10;70406;;UNC_M_CAS_COUNT.RD[UNIT5];10338529;100.00;;"
8746 [140042433455808] INFO perfrun.perfcollector <> - PERF_STAT : "     2.215756584;CPU0;33;;UNC_M_CAS_COUNT.WR[UNIT0];10328026;100.00;;"
8746 [140042433455808] INFO perfrun.perfcollector <> - PERF_STAT : "     2.215756584;CPU10;70413;;UNC_M_CAS_COUNT.WR[UNIT0];10338524;100.00;;"
8746 [140042433455808] INFO perfrun.perfcollector <> - PERF_STAT : "     2.215756584;CPU0;77;;UNC_M_CAS_COUNT.WR[UNIT1];10328006;100.00;;"
8746 [140042433455808] INFO perfrun.perfcollector <> - PERF_STAT : "     2.215756584;CPU10;69736;;UNC_M_CAS_COUNT.WR[UNIT1];10338538;100.00;;"
8747 [140042433455808] INFO perfrun.perfcollector <> - PERF_STAT : "     2.215756584;CPU0;21;;UNC_M_CAS_COUNT.WR[UNIT4];10327855;100.00;;"
8747 [140042433455808] INFO perfrun.perfcollector <> - PERF_STAT : "     2.215756584;CPU10;70314;;UNC_M_CAS_COUNT.WR[UNIT4];10338586;100.00;;"
8747 [140042433455808] INFO perfrun.perfcollector <> - PERF_STAT : "     2.215756584;CPU0;73;;UNC_M_CAS_COUNT.WR[UNIT5];10327829;100.00;;"
8747 [140042433455808] INFO perfrun.perfcollector <> - PERF_STAT : "     2.215756584;CPU10;69894;;UNC_M_CAS_COUNT.WR[UNIT5];10338374;100.00;;"
8757 [140042433455808] INFO perfrun.perfcollector <> - PERF_STAT : "     2.226102111;CPU0;521;;UNC_M_CAS_COUNT.RD[UNIT0];10345011;100.00;;"
8757 [140042433455808] INFO perfrun.perfcollector <> - PERF_STAT : "     2.226102111;CPU10;71582;;UNC_M_CAS_COUNT.RD[UNIT0];10335459;100.00;;"
8757 [140042433455808] INFO perfrun.perfcollector <> - PERF_STAT : "     2.226102111;CPU0;587;;UNC_M_CAS_COUNT.RD[UNIT1];10345165;100.00;;"
8757 [140042433455808] INFO perfrun.perfcollector <> - PERF_STAT : "     2.226102111;CPU10;71080;;UNC_M_CAS_COUNT.RD[UNIT1];10335077;100.00;;"
8757 [140042433455808] INFO perfrun.perfcollector <> - PERF_STAT : "     2.226102111;CPU0;537;;UNC_M_CAS_COUNT.RD[UNIT4];10345058;100.00;;"
8757 [140042433455808] INFO perfrun.perfcollector <> - PERF_STAT : "     2.226102111;CPU10;71599;;UNC_M_CAS_COUNT.RD[UNIT4];10334976;100.00;;"
8757 [140042433455808] INFO perfrun.perfcollector <> - PERF_STAT : "     2.226102111;CPU0;561;;UNC_M_CAS_COUNT.RD[UNIT5];10344845;100.00;;"
8757 [140042433455808] INFO perfrun.perfcollector <> - PERF_STAT : "     2.226102111;CPU10;71038;;UNC_M_CAS_COUNT.RD[UNIT5];10334885;100.00;;"
8757 [140042433455808] INFO perfrun.perfcollector <> - PERF_STAT : "     2.226102111;CPU0;21;;UNC_M_CAS_COUNT.WR[UNIT0];10344811;100.00;;"
8757 [140042433455808] INFO perfrun.perfcollector <> - PERF_STAT : "     2.226102111;CPU10;71208;;UNC_M_CAS_COUNT.WR[UNIT0];10335091;100.00;;"
8757 [140042433455808] INFO perfrun.perfcollector <> - PERF_STAT : "     2.226102111;CPU0;59;;UNC_M_CAS_COUNT.WR[UNIT1];10344837;100.00;;"
8757 [140042433455808] INFO perfrun.perfcollector <> - PERF_STAT : "     2.226102111;CPU10;70699;;UNC_M_CAS_COUNT.WR[UNIT1];10335077;100.00;;"
8757 [140042433455808] INFO perfrun.perfcollector <> - PERF_STAT : "     2.226102111;CPU0;10;;UNC_M_CAS_COUNT.WR[UNIT4];10344848;100.00;;"
8757 [140042433455808] INFO perfrun.perfcollector <> - PERF_STAT : "     2.226102111;CPU10;71086;;UNC_M_CAS_COUNT.WR[UNIT4];10335272;100.00;;"
8757 [140042433455808] INFO perfrun.perfcollector <> - PERF_STAT : "     2.226102111;CPU0;59;;UNC_M_CAS_COUNT.WR[UNIT5];10344864;100.00;;"
8757 [140042433455808] INFO perfrun.perfcollector <> - PERF_STAT : "     2.226102111;CPU10;70576;;UNC_M_CAS_COUNT.WR[UNIT5];10335367;100.00;;"
8767 [140042433455808] INFO perfrun.perfcollector <> - PERF_STAT : "     2.236435443;CPU0;598;;UNC_M_CAS_COUNT.RD[UNIT0];10329340;100.00;;"
8767 [140042433455808] INFO perfrun.perfcollector <> - PERF_STAT : "     2.236435443;CPU10;71063;;UNC_M_CAS_COUNT.RD[UNIT0];10335340;100.00;;"
8767 [140042433455808] INFO perfrun.perfcollector <> - PERF_STAT : "     2.236435443;CPU0;685;;UNC_M_CAS_COUNT.RD[UNIT1];10329292;100.00;;"
8767 [140042433455808] INFO perfrun.perfcollector <> - PERF_STAT : "     2.236435443;CPU10;70515;;UNC_M_CAS_COUNT.RD[UNIT1];10335298;100.00;;"
8767 [140042433455808] INFO perfrun.perfcollector <> - PERF_STAT : "     2.236435443;CPU0;587;;UNC_M_CAS_COUNT.RD[UNIT4];10329469;100.00;;"
8767 [140042433455808] INFO perfrun.perfcollector <> - PERF_STAT : "     2.236435443;CPU10;71070;;UNC_M_CAS_COUNT.RD[UNIT4];10335215;100.00;;"
8767 [140042433455808] INFO perfrun.perfcollector <> - PERF_STAT : "     2.236435443;CPU0;674;;UNC_M_CAS_COUNT.RD[UNIT5];10329555;100.00;;"
8767 [140042433455808] INFO perfrun.perfcollector <> - PERF_STAT : "     2.236435443;CPU10;70520;;UNC_M_CAS_COUNT.RD[UNIT5];10335293;100.00;;"
8767 [140042433455808] INFO perfrun.perfcollector <> - PERF_STAT : "     2.236435443;CPU0;61;;UNC_M_CAS_COUNT.WR[UNIT0];10329642;100.00;;"
8767 [140042433455808] INFO perfrun.perfcollector <> - PERF_STAT : "     2.236435443;CPU10;70741;;UNC_M_CAS_COUNT.WR[UNIT0];10335100;100.00;;"
8767 [140042433455808] INFO perfrun.perfcollector <> - PERF_STAT : "     2.236435443;CPU0;107;;UNC_M_CAS_COUNT.WR[UNIT1];10329600;100.00;;"
8767 [140042433455808] INFO perfrun.perfcollector <> - PERF_STAT : "     2.236435443;CPU10;70161;;UNC_M_CAS_COUNT.WR[UNIT1];10335093;100.00;;"
8767 [140042433455808] INFO perfrun.perfcollector <> - PERF_STAT : "     2.236435443;CPU0;43;;UNC_M_CAS_COUNT.WR[UNIT4];10329589;100.00;;"
8767 [140042433455808] INFO perfrun.perfcollector <> - PERF_STAT : "     2.236435443;CPU10;70809;;UNC_M_CAS_COUNT.WR[UNIT4];10334908;100.00;;"
8767 [140042433455808] INFO perfrun.perfcollector <> - PERF_STAT : "     2.236435443;CPU0;116;;UNC_M_CAS_COUNT.WR[UNIT5];10329710;100.00;;"
8767 [140042433455808] INFO perfrun.perfcollector <> - PERF_STAT : "     2.236435443;CPU10;70194;;UNC_M_CAS_COUNT.WR[UNIT5];10334885;100.00;;"
8777 [140042433455808] INFO perfrun.perfcollector <> - PERF_STAT : "     2.246770369;CPU0;189;;UNC_M_CAS_COUNT.RD[UNIT0];10335736;100.00;;"
8777 [140042433455808] INFO perfrun.perfcollector <> - PERF_STAT : "     2.246770369;CPU10;71172;;UNC_M_CAS_COUNT.RD[UNIT0];10328384;100.00;;"
8777 [140042433455808] INFO perfrun.perfcollector <> - PERF_STAT : "     2.246770369;CPU0;211;;UNC_M_CAS_COUNT.RD[UNIT1];10335730;100.00;;"
8777 [140042433455808] INFO perfrun.perfcollector <> - PERF_STAT : "     2.246770369;CPU10;70644;;UNC_M_CAS_COUNT.RD[UNIT1];10328417;100.00;;"
8777 [140042433455808] INFO perfrun.perfcollector <> - PERF_STAT : "     2.246770369;CPU0;195;;UNC_M_CAS_COUNT.RD[UNIT4];10335710;100.00;;"
8777 [140042433455808] INFO perfrun.perfcollector <> - PERF_STAT : "     2.246770369;CPU10;71175;;UNC_M_CAS_COUNT.RD[UNIT4];10328431;100.00;;"
8777 [140042433455808] INFO perfrun.perfcollector <> - PERF_STAT : "     2.246770369;CPU0;223;;UNC_M_CAS_COUNT.RD[UNIT5];10335613;100.00;;"
8777 [140042433455808] INFO perfrun.perfcollector <> - PERF_STAT : "     2.246770369;CPU10;70637;;UNC_M_CAS_COUNT.RD[UNIT5];10328575;100.00;;"
8777 [140042433455808] INFO perfrun.perfcollector <> - PERF_STAT : "     2.246770369;CPU0;26;;UNC_M_CAS_COUNT.WR[UNIT0];10335533;100.00;;"
8777 [140042433455808] INFO perfrun.perfcollector <> - PERF_STAT : "     2.246770369;CPU10;70513;;UNC_M_CAS_COUNT.WR[UNIT0];10328831;100.00;;"
8777 [140042433455808] INFO perfrun.perfcollector <> - PERF_STAT : "     2.246770369;CPU0;61;;UNC_M_CAS_COUNT.WR[UNIT1];10335676;100.00;;"
8777 [140042433455808] INFO perfrun.perfcollector <> - PERF_STAT : "     2.246770369;CPU10;69912;;UNC_M_CAS_COUNT.WR[UNIT1];10328835;100.00;;"
8778 [140042433455808] INFO perfrun.perfcollector <> - PERF_STAT : "     2.246770369;CPU0;25;;UNC_M_CAS_COUNT.WR[UNIT4];10335881;100.00;;"
8778 [140042433455808] INFO perfrun.perfcollector <> - PERF_STAT : "     2.246770369;CPU10;70520;;UNC_M_CAS_COUNT.WR[UNIT4];10328894;100.00;;"
8778 [140042433455808] INFO perfrun.perfcollector <> - PERF_STAT : "     2.246770369;CPU0;59;;UNC_M_CAS_COUNT.WR[UNIT5];10335756;100.00;;"
8778 [140042433455808] INFO perfrun.perfcollector <> - PERF_STAT : "     2.246770369;CPU10;69963;;UNC_M_CAS_COUNT.WR[UNIT5];10329064;100.00;;"
8788 [140042433455808] INFO perfrun.perfcollector <> - PERF_STAT : "     2.257102078;CPU0;1054;;UNC_M_CAS_COUNT.RD[UNIT0];10330845;100.00;;"
8788 [140042433455808] INFO perfrun.perfcollector <> - PERF_STAT : "     2.257102078;CPU10;70246;;UNC_M_CAS_COUNT.RD[UNIT0];10332217;100.00;;"
8788 [140042433455808] INFO perfrun.perfcollector <> - PERF_STAT : "     2.257102078;CPU0;1112;;UNC_M_CAS_COUNT.RD[UNIT1];10331156;100.00;;"
8788 [140042433455808] INFO perfrun.perfcollector <> - PERF_STAT : "     2.257102078;CPU10;69735;;UNC_M_CAS_COUNT.RD[UNIT1];10332515;100.00;;"
8788 [140042433455808] INFO perfrun.perfcollector <> - PERF_STAT : "     2.257102078;CPU0;1003;;UNC_M_CAS_COUNT.RD[UNIT4];10331090;100.00;;"
8788 [140042433455808] INFO perfrun.perfcollector <> - PERF_STAT : "     2.257102078;CPU10;70291;;UNC_M_CAS_COUNT.RD[UNIT4];10332393;100.00;;"
8788 [140042433455808] INFO perfrun.perfcollector <> - PERF_STAT : "     2.257102078;CPU0;1111;;UNC_M_CAS_COUNT.RD[UNIT5];10331224;100.00;;"
8788 [140042433455808] INFO perfrun.perfcollector <> - PERF_STAT : "     2.257102078;CPU10;69701;;UNC_M_CAS_COUNT.RD[UNIT5];10332292;100.00;;"
8788 [140042433455808] INFO perfrun.perfcollector <> - PERF_STAT : "     2.257102078;CPU0;29;;UNC_M_CAS_COUNT.WR[UNIT0];10331223;100.00;;"
8788 [140042433455808] INFO perfrun.perfcollector <> - PERF_STAT : "     2.257102078;CPU10;70559;;UNC_M_CAS_COUNT.WR[UNIT0];10332021;100.00;;"
8788 [140042433455808] INFO perfrun.perfcollector <> - PERF_STAT : "     2.257102078;CPU0;97;;UNC_M_CAS_COUNT.WR[UNIT1];10331133;100.00;;"
8788 [140042433455808] INFO perfrun.perfcollector <> - PERF_STAT : "     2.257102078;CPU10;69959;;UNC_M_CAS_COUNT.WR[UNIT1];10332038;100.00;;"
8788 [140042433455808] INFO perfrun.perfcollector <> - PERF_STAT : "     2.257102078;CPU0;32;;UNC_M_CAS_COUNT.WR[UNIT4];10331002;100.00;;"
8788 [140042433455808] INFO perfrun.perfcollector <> - PERF_STAT : "     2.257102078;CPU10;70272;;UNC_M_CAS_COUNT.WR[UNIT4];10331980;100.00;;"
8788 [140042433455808] INFO perfrun.perfcollector <> - PERF_STAT : "     2.257102078;CPU0;112;;UNC_M_CAS_COUNT.WR[UNIT5];10331006;100.00;;"
8788 [140042433455808] INFO perfrun.perfcollector <> - PERF_STAT : "     2.257102078;CPU10;70030;;UNC_M_CAS_COUNT.WR[UNIT5];10331830;100.00;;"
8798 [140042433455808] INFO perfrun.perfcollector <> - PERF_STAT : "     2.267428712;CPU0;169;;UNC_M_CAS_COUNT.RD[UNIT0];10334607;100.00;;"
8798 [140042433455808] INFO perfrun.perfcollector <> - PERF_STAT : "     2.267428712;CPU10;70712;;UNC_M_CAS_COUNT.RD[UNIT0];10302787;100.00;;"
8798 [140042433455808] INFO perfrun.perfcollector <> - PERF_STAT : "     2.267428712;CPU0;209;;UNC_M_CAS_COUNT.RD[UNIT1];10331428;100.00;;"
8798 [140042433455808] INFO perfrun.perfcollector <> - PERF_STAT : "     2.267428712;CPU10;70172;;UNC_M_CAS_COUNT.RD[UNIT1];10302838;100.00;;"
8798 [140042433455808] INFO perfrun.perfcollector <> - PERF_STAT : "     2.267428712;CPU0;170;;UNC_M_CAS_COUNT.RD[UNIT4];10329706;100.00;;"
8798 [140042433455808] INFO perfrun.perfcollector <> - PERF_STAT : "     2.267428712;CPU10;70718;;UNC_M_CAS_COUNT.RD[UNIT4];10302968;100.00;;"
8798 [140042433455808] INFO perfrun.perfcollector <> - PERF_STAT : "     2.267428712;CPU0;226;;UNC_M_CAS_COUNT.RD[UNIT5];10328048;100.00;;"
8798 [140042433455808] INFO perfrun.perfcollector <> - PERF_STAT : "     2.267428712;CPU10;70171;;UNC_M_CAS_COUNT.RD[UNIT5];10303115;100.00;;"
8798 [140042433455808] INFO perfrun.perfcollector <> - PERF_STAT : "     2.267428712;CPU0;63;;UNC_M_CAS_COUNT.WR[UNIT0];10326307;100.00;;"
8798 [140042433455808] INFO perfrun.perfcollector <> - PERF_STAT : "     2.267428712;CPU10;69619;;UNC_M_CAS_COUNT.WR[UNIT0];10303469;100.00;;"
8798 [140042433455808] INFO perfrun.perfcollector <> - PERF_STAT : "     2.267428712;CPU0;93;;UNC_M_CAS_COUNT.WR[UNIT1];10324410;100.00;;"
8798 [140042433455808] INFO perfrun.perfcollector <> - PERF_STAT : "     2.267428712;CPU10;69311;;UNC_M_CAS_COUNT.WR[UNIT1];10303430;100.00;;"
8798 [140042433455808] INFO perfrun.perfcollector <> - PERF_STAT : "     2.267428712;CPU0;73;;UNC_M_CAS_COUNT.WR[UNIT4];10322467;100.00;;"
8798 [140042433455808] INFO perfrun.perfcollector <> - PERF_STAT : "     2.267428712;CPU10;69960;;UNC_M_CAS_COUNT.WR[UNIT4];10303457;100.00;;"
8798 [140042433455808] INFO perfrun.perfcollector <> - PERF_STAT : "     2.267428712;CPU0;103;;UNC_M_CAS_COUNT.WR[UNIT5];10320614;100.00;;"
8798 [140042433455808] INFO perfrun.perfcollector <> - PERF_STAT : "     2.267428712;CPU10;69259;;UNC_M_CAS_COUNT.WR[UNIT5];10303427;100.00;;"
8808 [140042433455808] INFO perfrun.perfcollector <> - PERF_STAT : "     2.277730131;CPU0;1436;;UNC_M_CAS_COUNT.RD[UNIT0];10274606;100.00;;"
8808 [140042433455808] INFO perfrun.perfcollector <> - PERF_STAT : "     2.277730131;CPU10;71075;;UNC_M_CAS_COUNT.RD[UNIT0];10273159;100.00;;"
8808 [140042433455808] INFO perfrun.perfcollector <> - PERF_STAT : "     2.277730131;CPU0;1562;;UNC_M_CAS_COUNT.RD[UNIT1];10274611;100.00;;"
8808 [140042433455808] INFO perfrun.perfcollector <> - PERF_STAT : "     2.277730131;CPU10;70373;;UNC_M_CAS_COUNT.RD[UNIT1];10273328;100.00;;"
8808 [140042433455808] INFO perfrun.perfcollector <> - PERF_STAT : "     2.277730131;CPU0;1477;;UNC_M_CAS_COUNT.RD[UNIT4];10274349;100.00;;"
8808 [140042433455808] INFO perfrun.perfcollector <> - PERF_STAT : "     2.277730131;CPU10;71048;;UNC_M_CAS_COUNT.RD[UNIT4];10273383;100.00;;"
8808 [140042433455808] INFO perfrun.perfcollector <> - PERF_STAT : "     2.277730131;CPU0;1517;;UNC_M_CAS_COUNT.RD[UNIT5];10274127;100.00;;"
8808 [140042433455808] INFO perfrun.perfcollector <> - PERF_STAT : "     2.277730131;CPU10;70475;;UNC_M_CAS_COUNT.RD[UNIT5];10273303;100.00;;"
8808 [140042433455808] INFO perfrun.perfcollector <> - PERF_STAT : "     2.277730131;CPU0;178;;UNC_M_CAS_COUNT.WR[UNIT0];10274022;100.00;;"
8808 [140042433455808] INFO perfrun.perfcollector <> - PERF_STAT : "     2.277730131;CPU10;71470;;UNC_M_CAS_COUNT.WR[UNIT0];10272944;100.00;;"
8808 [140042433455808] INFO perfrun.perfcollector <> - PERF_STAT : "     2.277730131;CPU0;266;;UNC_M_CAS_COUNT.WR[UNIT1];10274141;100.00;;"
8808 [140042433455808] INFO perfrun.perfcollector <> - PERF_STAT : "     2.277730131;CPU10;70781;;UNC_M_CAS_COUNT.WR[UNIT1];10272987;100.00;;"
8808 [140042433455808] INFO perfrun.perfcollector <> - PERF_STAT : "     2.277730131;CPU0;157;;UNC_M_CAS_COUNT.WR[UNIT4];10274142;100.00;;"
8808 [140042433455808] INFO perfrun.perfcollector <> - PERF_STAT : "     2.277730131;CPU10;71519;;UNC_M_CAS_COUNT.WR[UNIT4];10272983;100.00;;"
8808 [140042433455808] INFO perfrun.perfcollector <> - PERF_STAT : "     2.277730131;CPU0;261;;UNC_M_CAS_COUNT.WR[UNIT5];10274146;100.00;;"
8808 [140042433455808] INFO perfrun.perfcollector <> - PERF_STAT : "     2.277730131;CPU10;70806;;UNC_M_CAS_COUNT.WR[UNIT5];10272988;100.00;;"
8819 [140042433455808] INFO perfrun.perfcollector <> - PERF_STAT : "     2.288009472;CPU0;293;;UNC_M_CAS_COUNT.RD[UNIT0];10296550;100.00;;"
8819 [140042433455808] INFO perfrun.perfcollector <> - PERF_STAT : "     2.288009472;CPU10;69812;;UNC_M_CAS_COUNT.RD[UNIT0];10327694;100.00;;"
8819 [140042433455808] INFO perfrun.perfcollector <> - PERF_STAT : "     2.288009472;CPU0;347;;UNC_M_CAS_COUNT.RD[UNIT1];10299469;100.00;;"
8819 [140042433455808] INFO perfrun.perfcollector <> - PERF_STAT : "     2.288009472;CPU10;69245;;UNC_M_CAS_COUNT.RD[UNIT1];10327384;100.00;;"
8819 [140042433455808] INFO perfrun.perfcollector <> - PERF_STAT : "     2.288009472;CPU0;276;;UNC_M_CAS_COUNT.RD[UNIT4];10301543;100.00;;"
8819 [140042433455808] INFO perfrun.perfcollector <> - PERF_STAT : "     2.288009472;CPU10;69739;;UNC_M_CAS_COUNT.RD[UNIT4];10327388;100.00;;"
8819 [140042433455808] INFO perfrun.perfcollector <> - PERF_STAT : "     2.288009472;CPU0;395;;UNC_M_CAS_COUNT.RD[UNIT5];10303516;100.00;;"
8819 [140042433455808] INFO perfrun.perfcollector <> - PERF_STAT : "     2.288009472;CPU10;69190;;UNC_M_CAS_COUNT.RD[UNIT5];10327507;100.00;;"
8819 [140042433455808] INFO perfrun.perfcollector <> - PERF_STAT : "     2.288009472;CPU0;132;;UNC_M_CAS_COUNT.WR[UNIT0];10305427;100.00;;"
8819 [140042433455808] INFO perfrun.perfcollector <> - PERF_STAT : "     2.288009472;CPU10;68065;;UNC_M_CAS_COUNT.WR[UNIT0];10327693;100.00;;"
8819 [140042433455808] INFO perfrun.perfcollector <> - PERF_STAT : "     2.288009472;CPU0;190;;UNC_M_CAS_COUNT.WR[UNIT1];10307158;100.00;;"
8819 [140042433455808] INFO perfrun.perfcollector <> - PERF_STAT : "     2.288009472;CPU10;67513;;UNC_M_CAS_COUNT.WR[UNIT1];10327572;100.00;;"
8819 [140042433455808] INFO perfrun.perfcollector <> - PERF_STAT : "     2.288009472;CPU0;134;;UNC_M_CAS_COUNT.WR[UNIT4];10309036;100.00;;"
8819 [140042433455808] INFO perfrun.perfcollector <> - PERF_STAT : "     2.288009472;CPU10;67767;;UNC_M_CAS_COUNT.WR[UNIT4];10327553;100.00;;"
8819 [140042433455808] INFO perfrun.perfcollector <> - PERF_STAT : "     2.288009472;CPU0;214;;UNC_M_CAS_COUNT.WR[UNIT5];10310843;100.00;;"
8819 [140042433455808] INFO perfrun.perfcollector <> - PERF_STAT : "     2.288009472;CPU10;67274;;UNC_M_CAS_COUNT.WR[UNIT5];10327653;100.00;;"
8829 [140042433455808] INFO perfrun.perfcollector <> - PERF_STAT : "     2.298333153;CPU0;1562;;UNC_M_CAS_COUNT.RD[UNIT0];10335386;100.00;;"
8829 [140042433455808] INFO perfrun.perfcollector <> - PERF_STAT : "     2.298333153;CPU10;67212;;UNC_M_CAS_COUNT.RD[UNIT0];10304552;100.00;;"
8829 [140042433455808] INFO perfrun.perfcollector <> - PERF_STAT : "     2.298333153;CPU0;1835;;UNC_M_CAS_COUNT.RD[UNIT1];10332597;100.00;;"
8829 [140042433455808] INFO perfrun.perfcollector <> - PERF_STAT : "     2.298333153;CPU10;66686;;UNC_M_CAS_COUNT.RD[UNIT1];10304551;100.00;;"
8829 [140042433455808] INFO perfrun.perfcollector <> - PERF_STAT : "     2.298333153;CPU0;1522;;UNC_M_CAS_COUNT.RD[UNIT4];10330621;100.00;;"
8829 [140042433455808] INFO perfrun.perfcollector <> - PERF_STAT : "     2.298333153;CPU10;67258;;UNC_M_CAS_COUNT.RD[UNIT4];10304385;100.00;;"
8829 [140042433455808] INFO perfrun.perfcollector <> - PERF_STAT : "     2.298333153;CPU0;1753;;UNC_M_CAS_COUNT.RD[UNIT5];10328807;100.00;;"
8829 [140042433455808] INFO perfrun.perfcollector <> - PERF_STAT : "     2.298333153;CPU10;66690;;UNC_M_CAS_COUNT.RD[UNIT5];10304170;100.00;;"
8829 [140042433455808] INFO perfrun.perfcollector <> - PERF_STAT : "     2.298333153;CPU0;282;;UNC_M_CAS_COUNT.WR[UNIT0];10327043;100.00;;"
8829 [140042433455808] INFO perfrun.perfcollector <> - PERF_STAT : "     2.298333153;CPU10;66890;;UNC_M_CAS_COUNT.WR[UNIT0];10304153;100.00;;"
8829 [140042433455808] INFO perfrun.perfcollector <> - PERF_STAT : "     2.298333153;CPU0;335;;UNC_M_CAS_COUNT.WR[UNIT1];10325184;100.00;;"
8829 [140042433455808] INFO perfrun.perfcollector <> - PERF_STAT : "     2.298333153;CPU10;66314;;UNC_M_CAS_COUNT.WR[UNIT1];10304118;100.00;;"
8829 [140042433455808] INFO perfrun.perfcollector <> - PERF_STAT : "     2.298333153;CPU0;270;;UNC_M_CAS_COUNT.WR[UNIT4];10323310;100.00;;"
8829 [140042433455808] INFO perfrun.perfcollector <> - PERF_STAT : "     2.298333153;CPU10;67152;;UNC_M_CAS_COUNT.WR[UNIT4];10304095;100.00;;"
8829 [140042433455808] INFO perfrun.perfcollector <> - PERF_STAT : "     2.298333153;CPU0;322;;UNC_M_CAS_COUNT.WR[UNIT5];10321484;100.00;;"
8829 [140042433455808] INFO perfrun.perfcollector <> - PERF_STAT : "     2.298333153;CPU10;66483;;UNC_M_CAS_COUNT.WR[UNIT5];10303991;100.00;;"
8839 [140042433455808] INFO perfrun.perfcollector <> - PERF_STAT : "     2.308636422;CPU0;156;;UNC_M_CAS_COUNT.RD[UNIT0];10290412;100.00;;"
8839 [140042433455808] INFO perfrun.perfcollector <> - PERF_STAT : "     2.308636422;CPU10;70841;;UNC_M_CAS_COUNT.RD[UNIT0];10321052;100.00;;"
8839 [140042433455808] INFO perfrun.perfcollector <> - PERF_STAT : "     2.308636422;CPU0;210;;UNC_M_CAS_COUNT.RD[UNIT1];10293105;100.00;;"
8839 [140042433455808] INFO perfrun.perfcollector <> - PERF_STAT : "     2.308636422;CPU10;70296;;UNC_M_CAS_COUNT.RD[UNIT1];10321307;100.00;;"
8839 [140042433455808] INFO perfrun.perfcollector <> - PERF_STAT : "     2.308636422;CPU0;176;;UNC_M_CAS_COUNT.RD[UNIT4];10295174;100.00;;"
8839 [140042433455808] INFO perfrun.perfcollector <> - PERF_STAT : "     2.308636422;CPU10;70844;;UNC_M_CAS_COUNT.RD[UNIT4];10321280;100.00;;"
8839 [140042433455808] INFO perfrun.perfcollector <> - PERF_STAT : "     2.308636422;CPU0;215;;UNC_M_CAS_COUNT.RD[UNIT5];10296871;100.00;;"
8839 [140042433455808] INFO perfrun.perfcollector <> - PERF_STAT : "     2.308636422;CPU10;70267;;UNC_M_CAS_COUNT.RD[UNIT5];10321453;100.00;;"
8839 [140042433455808] INFO perfrun.perfcollector <> - PERF_STAT : "     2.308636422;CPU0;102;;UNC_M_CAS_COUNT.WR[UNIT0];10298568;100.00;;"
8839 [140042433455808] INFO perfrun.perfcollector <> - PERF_STAT : "     2.308636422;CPU10;70027;;UNC_M_CAS_COUNT.WR[UNIT0];10321303;100.00;;"
8839 [140042433455808] INFO perfrun.perfcollector <> - PERF_STAT : "     2.308636422;CPU0;116;;UNC_M_CAS_COUNT.WR[UNIT1];10300433;100.00;;"
8839 [140042433455808] INFO perfrun.perfcollector <> - PERF_STAT : "     2.308636422;CPU10;69270;;UNC_M_CAS_COUNT.WR[UNIT1];10321333;100.00;;"
8839 [140042433455808] INFO perfrun.perfcollector <> - PERF_STAT : "     2.308636422;CPU0;104;;UNC_M_CAS_COUNT.WR[UNIT4];10302334;100.00;;"
8839 [140042433455808] INFO perfrun.perfcollector <> - PERF_STAT : "     2.308636422;CPU10;69714;;UNC_M_CAS_COUNT.WR[UNIT4];10321581;100.00;;"
8839 [140042433455808] INFO perfrun.perfcollector <> - PERF_STAT : "     2.308636422;CPU0;129;;UNC_M_CAS_COUNT.WR[UNIT5];10304193;100.00;;"
8839 [140042433455808] INFO perfrun.perfcollector <> - PERF_STAT : "     2.308636422;CPU10;69329;;UNC_M_CAS_COUNT.WR[UNIT5];10321732;100.00;;"
8849 [140042433455808] INFO perfrun.perfcollector <> - PERF_STAT : "     2.318962993;CPU0;549;;UNC_M_CAS_COUNT.RD[UNIT0];10309492;100.00;;"
8849 [140042433455808] INFO perfrun.perfcollector <> - PERF_STAT : "     2.318962993;CPU10;71236;;UNC_M_CAS_COUNT.RD[UNIT0];10279591;100.00;;"
8850 [140042433455808] INFO perfrun.perfcollector <> - PERF_STAT : "     2.318962993;CPU0;630;;UNC_M_CAS_COUNT.RD[UNIT1];10306784;100.00;;"
8850 [140042433455808] INFO perfrun.perfcollector <> - PERF_STAT : "     2.318962993;CPU10;70743;;UNC_M_CAS_COUNT.RD[UNIT1];10279725;100.00;;"
8850 [140042433455808] INFO perfrun.perfcollector <> - PERF_STAT : "     2.318962993;CPU0;551;;UNC_M_CAS_COUNT.RD[UNIT4];10304602;100.00;;"
8850 [140042433455808] INFO perfrun.perfcollector <> - PERF_STAT : "     2.318962993;CPU10;71232;;UNC_M_CAS_COUNT.RD[UNIT4];10279854;100.00;;"
8850 [140042433455808] INFO perfrun.perfcollector <> - PERF_STAT : "     2.318962993;CPU0;650;;UNC_M_CAS_COUNT.RD[UNIT5];10302860;100.00;;"
8850 [140042433455808] INFO perfrun.perfcollector <> - PERF_STAT : "     2.318962993;CPU10;70708;;UNC_M_CAS_COUNT.RD[UNIT5];10279712;100.00;;"
8850 [140042433455808] INFO perfrun.perfcollector <> - PERF_STAT : "     2.318962993;CPU0;102;;UNC_M_CAS_COUNT.WR[UNIT0];10301028;100.00;;"
8850 [140042433455808] INFO perfrun.perfcollector <> - PERF_STAT : "     2.318962993;CPU10;70605;;UNC_M_CAS_COUNT.WR[UNIT0];10279699;100.00;;"
8850 [140042433455808] INFO perfrun.perfcollector <> - PERF_STAT : "     2.318962993;CPU0;171;;UNC_M_CAS_COUNT.WR[UNIT1];10299165;100.00;;"
8850 [140042433455808] INFO perfrun.perfcollector <> - PERF_STAT : "     2.318962993;CPU10;70317;;UNC_M_CAS_COUNT.WR[UNIT1];10279672;100.00;;"
8850 [140042433455808] INFO perfrun.perfcollector <> - PERF_STAT : "     2.318962993;CPU0;94;;UNC_M_CAS_COUNT.WR[UNIT4];10297394;100.00;;"
8850 [140042433455808] INFO perfrun.perfcollector <> - PERF_STAT : "     2.318962993;CPU10;70814;;UNC_M_CAS_COUNT.WR[UNIT4];10279525;100.00;;"
8850 [140042433455808] INFO perfrun.perfcollector <> - PERF_STAT : "     2.318962993;CPU0;162;;UNC_M_CAS_COUNT.WR[UNIT5];10295532;100.00;;"
8850 [140042433455808] INFO perfrun.perfcollector <> - PERF_STAT : "     2.318962993;CPU10;70027;;UNC_M_CAS_COUNT.WR[UNIT5];10279537;100.00;;"
8860 [140042433455808] INFO perfrun.perfcollector <> - PERF_STAT : "     2.329259202;CPU0;585;;UNC_M_CAS_COUNT.RD[UNIT0];10307134;100.00;;"
8864 [140042433455808] INFO perfrun.perfcollector <> - PERF_STAT : "     2.329259202;CPU10;71949;;UNC_M_CAS_COUNT.RD[UNIT0];10337057;100.00;;"
8866 [140042433455808] INFO perfrun.perfcollector <> - PERF_STAT : "     2.329259202;CPU0;755;;UNC_M_CAS_COUNT.RD[UNIT1];10309905;100.00;;"
8866 [140042433455808] INFO perfrun.perfcollector <> - PERF_STAT : "     2.329259202;CPU10;71393;;UNC_M_CAS_COUNT.RD[UNIT1];10336571;100.00;;"
8866 [140042433455808] INFO perfrun.perfcollector <> - PERF_STAT : "     2.329259202;CPU0;563;;UNC_M_CAS_COUNT.RD[UNIT4];10311968;100.00;;"
8866 [140042433455808] INFO perfrun.perfcollector <> - PERF_STAT : "     2.329259202;CPU10;71965;;UNC_M_CAS_COUNT.RD[UNIT4];10336464;100.00;;"
8866 [140042433455808] INFO perfrun.perfcollector <> - PERF_STAT : "     2.329259202;CPU0;837;;UNC_M_CAS_COUNT.RD[UNIT5];10313777;100.00;;"
8866 [140042433455808] INFO perfrun.perfcollector <> - PERF_STAT : "     2.329259202;CPU10;71413;;UNC_M_CAS_COUNT.RD[UNIT5];10336504;100.00;;"
8866 [140042433455808] INFO perfrun.perfcollector <> - PERF_STAT : "     2.329259202;CPU0;1044;;UNC_M_CAS_COUNT.WR[UNIT0];10315621;100.00;;"
8866 [140042433455808] INFO perfrun.perfcollector <> - PERF_STAT : "     2.329259202;CPU10;70546;;UNC_M_CAS_COUNT.WR[UNIT0];10336926;100.00;;"
8866 [140042433455808] INFO perfrun.perfcollector <> - PERF_STAT : "     2.329259202;CPU0;1127;;UNC_M_CAS_COUNT.WR[UNIT1];10317385;100.00;;"
8866 [140042433455808] INFO perfrun.perfcollector <> - PERF_STAT : "     2.329259202;CPU10;70074;;UNC_M_CAS_COUNT.WR[UNIT1];10337021;100.00;;"
8866 [140042433455808] INFO perfrun.perfcollector <> - PERF_STAT : "     2.329259202;CPU0;986;;UNC_M_CAS_COUNT.WR[UNIT4];10319123;100.00;;"
8866 [140042433455808] INFO perfrun.perfcollector <> - PERF_STAT : "     2.329259202;CPU10;70482;;UNC_M_CAS_COUNT.WR[UNIT4];10336935;100.00;;"
8866 [140042433455808] INFO perfrun.perfcollector <> - PERF_STAT : "     2.329259202;CPU0;1214;;UNC_M_CAS_COUNT.WR[UNIT5];10320964;100.00;;"
8866 [140042433455808] INFO perfrun.perfcollector <> - PERF_STAT : "     2.329259202;CPU10;70203;;UNC_M_CAS_COUNT.WR[UNIT5];10336858;100.00;;"
8870 [140042433455808] INFO perfrun.perfcollector <> - PERF_STAT : "     2.339579137;CPU0;740;;UNC_M_CAS_COUNT.RD[UNIT0];10326138;100.00;;"
8870 [140042433455808] INFO perfrun.perfcollector <> - PERF_STAT : "     2.339579137;CPU10;71856;;UNC_M_CAS_COUNT.RD[UNIT0];10325429;100.00;;"
8870 [140042433455808] INFO perfrun.perfcollector <> - PERF_STAT : "     2.339579137;CPU0;1059;;UNC_M_CAS_COUNT.RD[UNIT1];10326018;100.00;;"
8870 [140042433455808] INFO perfrun.perfcollector <> - PERF_STAT : "     2.339579137;CPU10;71303;;UNC_M_CAS_COUNT.RD[UNIT1];10325490;100.00;;"
8870 [140042433455808] INFO perfrun.perfcollector <> - PERF_STAT : "     2.339579137;CPU0;705;;UNC_M_CAS_COUNT.RD[UNIT4];10325897;100.00;;"
8870 [140042433455808] INFO perfrun.perfcollector <> - PERF_STAT : "     2.339579137;CPU10;71771;;UNC_M_CAS_COUNT.RD[UNIT4];10325390;100.00;;"
8870 [140042433455808] INFO perfrun.perfcollector <> - PERF_STAT : "     2.339579137;CPU0;1060;;UNC_M_CAS_COUNT.RD[UNIT5];10325847;100.00;;"
8870 [140042433455808] INFO perfrun.perfcollector <> - PERF_STAT : "     2.339579137;CPU10;71276;;UNC_M_CAS_COUNT.RD[UNIT5];10325313;100.00;;"
8870 [140042433455808] INFO perfrun.perfcollector <> - PERF_STAT : "     2.339579137;CPU0;175;;UNC_M_CAS_COUNT.WR[UNIT0];10325862;100.00;;"
8870 [140042433455808] INFO perfrun.perfcollector <> - PERF_STAT : "     2.339579137;CPU10;71550;;UNC_M_CAS_COUNT.WR[UNIT0];10325155;100.00;;"
8870 [140042433455808] INFO perfrun.perfcollector <> - PERF_STAT : "     2.339579137;CPU0;494;;UNC_M_CAS_COUNT.WR[UNIT1];10326061;100.00;;"
8870 [140042433455808] INFO perfrun.perfcollector <> - PERF_STAT : "     2.339579137;CPU10;70961;;UNC_M_CAS_COUNT.WR[UNIT1];10325076;100.00;;"
8870 [140042433455808] INFO perfrun.perfcollector <> - PERF_STAT : "     2.339579137;CPU0;130;;UNC_M_CAS_COUNT.WR[UNIT4];10326041;100.00;;"
8870 [140042433455808] INFO perfrun.perfcollector <> - PERF_STAT : "     2.339579137;CPU10;71575;;UNC_M_CAS_COUNT.WR[UNIT4];10325077;100.00;;"
8870 [140042433455808] INFO perfrun.perfcollector <> - PERF_STAT : "     2.339579137;CPU0;494;;UNC_M_CAS_COUNT.WR[UNIT5];10326062;100.00;;"
8870 [140042433455808] INFO perfrun.perfcollector <> - PERF_STAT : "     2.339579137;CPU10;71003;;UNC_M_CAS_COUNT.WR[UNIT5];10325077;100.00;;"
8880 [140042433455808] INFO perfrun.perfcollector <> - PERF_STAT : "     2.349904228;CPU0;312;;UNC_M_CAS_COUNT.RD[UNIT0];10305565;100.00;;"
8880 [140042433455808] INFO perfrun.perfcollector <> - PERF_STAT : "     2.349904228;CPU10;70530;;UNC_M_CAS_COUNT.RD[UNIT0];10275276;100.00;;"
8880 [140042433455808] INFO perfrun.perfcollector <> - PERF_STAT : "     2.349904228;CPU0;380;;UNC_M_CAS_COUNT.RD[UNIT1];10302799;100.00;;"
8880 [140042433455808] INFO perfrun.perfcollector <> - PERF_STAT : "     2.349904228;CPU10;70004;;UNC_M_CAS_COUNT.RD[UNIT1];10275489;100.00;;"
8880 [140042433455808] INFO perfrun.perfcollector <> - PERF_STAT : "     2.349904228;CPU0;342;;UNC_M_CAS_COUNT.RD[UNIT4];10300991;100.00;;"
8880 [140042433455808] INFO perfrun.perfcollector <> - PERF_STAT : "     2.349904228;CPU10;70551;;UNC_M_CAS_COUNT.RD[UNIT4];10275657;100.00;;"
8880 [140042433455808] INFO perfrun.perfcollector <> - PERF_STAT : "     2.349904228;CPU0;420;;UNC_M_CAS_COUNT.RD[UNIT5];10299028;100.00;;"
8881 [140042433455808] INFO perfrun.perfcollector <> - PERF_STAT : "     2.349904228;CPU10;69997;;UNC_M_CAS_COUNT.RD[UNIT5];10275839;100.00;;"
8881 [140042433455808] INFO perfrun.perfcollector <> - PERF_STAT : "     2.349904228;CPU0;30;;UNC_M_CAS_COUNT.WR[UNIT0];10297282;100.00;;"
8881 [140042433455808] INFO perfrun.perfcollector <> - PERF_STAT : "     2.349904228;CPU10;70129;;UNC_M_CAS_COUNT.WR[UNIT0];10275566;100.00;;"
8881 [140042433455808] INFO perfrun.perfcollector <> - PERF_STAT : "     2.349904228;CPU0;86;;UNC_M_CAS_COUNT.WR[UNIT1];10295321;100.00;;"
8881 [140042433455808] INFO perfrun.perfcollector <> - PERF_STAT : "     2.349904228;CPU10;69662;;UNC_M_CAS_COUNT.WR[UNIT1];10275532;100.00;;"
8881 [140042433455808] INFO perfrun.perfcollector <> - PERF_STAT : "     2.349904228;CPU0;22;;UNC_M_CAS_COUNT.WR[UNIT4];10293724;100.00;;"
8881 [140042433455808] INFO perfrun.perfcollector <> - PERF_STAT : "     2.349904228;CPU10;70001;;UNC_M_CAS_COUNT.WR[UNIT4];10275526;100.00;;"
8881 [140042433455808] INFO perfrun.perfcollector <> - PERF_STAT : "     2.349904228;CPU0;87;;UNC_M_CAS_COUNT.WR[UNIT5];10291890;100.00;;"
8881 [140042433455808] INFO perfrun.perfcollector <> - PERF_STAT : "     2.349904228;CPU10;69506;;UNC_M_CAS_COUNT.WR[UNIT5];10275557;100.00;;"
8891 [140042433455808] INFO perfrun.perfcollector <> - PERF_STAT : "     2.360183521;CPU0;900;;UNC_M_CAS_COUNT.RD[UNIT0];10296555;100.00;;"
8891 [140042433455808] INFO perfrun.perfcollector <> - PERF_STAT : "     2.360183521;CPU10;70252;;UNC_M_CAS_COUNT.RD[UNIT0];10327662;100.00;;"
8891 [140042433455808] INFO perfrun.perfcollector <> - PERF_STAT : "     2.360183521;CPU0;939;;UNC_M_CAS_COUNT.RD[UNIT1];10299331;100.00;;"
8891 [140042433455808] INFO perfrun.perfcollector <> - PERF_STAT : "     2.360183521;CPU10;69768;;UNC_M_CAS_COUNT.RD[UNIT1];10327819;100.00;;"
8891 [140042433455808] INFO perfrun.perfcollector <> - PERF_STAT : "     2.360183521;CPU0;882;;UNC_M_CAS_COUNT.RD[UNIT4];10301182;100.00;;"
8891 [140042433455808] INFO perfrun.perfcollector <> - PERF_STAT : "     2.360183521;CPU10;70302;;UNC_M_CAS_COUNT.RD[UNIT4];10327984;100.00;;"
8891 [140042433455808] INFO perfrun.perfcollector <> - PERF_STAT : "     2.360183521;CPU0;980;;UNC_M_CAS_COUNT.RD[UNIT5];10303202;100.00;;"
8891 [140042433455808] INFO perfrun.perfcollector <> - PERF_STAT : "     2.360183521;CPU10;69719;;UNC_M_CAS_COUNT.RD[UNIT5];10327686;100.00;;"
8891 [140042433455808] INFO perfrun.perfcollector <> - PERF_STAT : "     2.360183521;CPU0;45;;UNC_M_CAS_COUNT.WR[UNIT0];10305191;100.00;;"
8891 [140042433455808] INFO perfrun.perfcollector <> - PERF_STAT : "     2.360183521;CPU10;70224;;UNC_M_CAS_COUNT.WR[UNIT0];10327852;100.00;;"
8891 [140042433455808] INFO perfrun.perfcollector <> - PERF_STAT : "     2.360183521;CPU0;109;;UNC_M_CAS_COUNT.WR[UNIT1];10307086;100.00;;"
8891 [140042433455808] INFO perfrun.perfcollector <> - PERF_STAT : "     2.360183521;CPU10;69637;;UNC_M_CAS_COUNT.WR[UNIT1];10327931;100.00;;"
8891 [140042433455808] INFO perfrun.perfcollector <> - PERF_STAT : "     2.360183521;CPU0;41;;UNC_M_CAS_COUNT.WR[UNIT4];10308714;100.00;;"
8891 [140042433455808] INFO perfrun.perfcollector <> - PERF_STAT : "     2.360183521;CPU10;70515;;UNC_M_CAS_COUNT.WR[UNIT4];10327951;100.00;;"
8891 [140042433455808] INFO perfrun.perfcollector <> - PERF_STAT : "     2.360183521;CPU0;106;;UNC_M_CAS_COUNT.WR[UNIT5];10310543;100.00;;"
8891 [140042433455808] INFO perfrun.perfcollector <> - PERF_STAT : "     2.360183521;CPU10;69848;;UNC_M_CAS_COUNT.WR[UNIT5];10327841;100.00;;"
8901 [140042433455808] INFO perfrun.perfcollector <> - PERF_STAT : "     2.370507470;CPU0;216;;UNC_M_CAS_COUNT.RD[UNIT0];10325741;100.00;;"
8901 [140042433455808] INFO perfrun.perfcollector <> - PERF_STAT : "     2.370507470;CPU10;71319;;UNC_M_CAS_COUNT.RD[UNIT0];10325682;100.00;;"
8901 [140042433455808] INFO perfrun.perfcollector <> - PERF_STAT : "     2.370507470;CPU0;256;;UNC_M_CAS_COUNT.RD[UNIT1];10325967;100.00;;"
8901 [140042433455808] INFO perfrun.perfcollector <> - PERF_STAT : "     2.370507470;CPU10;70773;;UNC_M_CAS_COUNT.RD[UNIT1];10325579;100.00;;"
8901 [140042433455808] INFO perfrun.perfcollector <> - PERF_STAT : "     2.370507470;CPU0;228;;UNC_M_CAS_COUNT.RD[UNIT4];10325944;100.00;;"
8901 [140042433455808] INFO perfrun.perfcollector <> - PERF_STAT : "     2.370507470;CPU10;71320;;UNC_M_CAS_COUNT.RD[UNIT4];10325426;100.00;;"
8901 [140042433455808] INFO perfrun.perfcollector <> - PERF_STAT : "     2.370507470;CPU0;274;;UNC_M_CAS_COUNT.RD[UNIT5];10325767;100.00;;"
8901 [140042433455808] INFO perfrun.perfcollector <> - PERF_STAT : "     2.370507470;CPU10;70754;;UNC_M_CAS_COUNT.RD[UNIT5];10325496;100.00;;"
8901 [140042433455808] INFO perfrun.perfcollector <> - PERF_STAT : "     2.370507470;CPU0;199;;UNC_M_CAS_COUNT.WR[UNIT0];10325507;100.00;;"
8901 [140042433455808] INFO perfrun.perfcollector <> - PERF_STAT : "     2.370507470;CPU10;70368;;UNC_M_CAS_COUNT.WR[UNIT0];10325347;100.00;;"
8901 [140042433455808] INFO perfrun.perfcollector <> - PERF_STAT : "     2.370507470;CPU0;208;;UNC_M_CAS_COUNT.WR[UNIT1];10325484;100.00;;"
8901 [140042433455808] INFO perfrun.perfcollector <> - PERF_STAT : "     2.370507470;CPU10;69925;;UNC_M_CAS_COUNT.WR[UNIT1];10325318;100.00;;"
8901 [140042433455808] INFO perfrun.perfcollector <> - PERF_STAT : "     2.370507470;CPU0;199;;UNC_M_CAS_COUNT.WR[UNIT4];10325472;100.00;;"
8901 [140042433455808] INFO perfrun.perfcollector <> - PERF_STAT : "     2.370507470;CPU10;70148;;UNC_M_CAS_COUNT.WR[UNIT4];10325479;100.00;;"
8901 [140042433455808] INFO perfrun.perfcollector <> - PERF_STAT : "     2.370507470;CPU0;201;;UNC_M_CAS_COUNT.WR[UNIT5];10325474;100.00;;"
8901 [140042433455808] INFO perfrun.perfcollector <> - PERF_STAT : "     2.370507470;CPU10;69708;;UNC_M_CAS_COUNT.WR[UNIT5];10325572;100.00;;"
8911 [140042433455808] INFO perfrun.perfcollector <> - PERF_STAT : "     2.380833677;CPU0;281;;UNC_M_CAS_COUNT.RD[UNIT0];10322926;100.00;;"
8911 [140042433455808] INFO perfrun.perfcollector <> - PERF_STAT : "     2.380833677;CPU10;70708;;UNC_M_CAS_COUNT.RD[UNIT0];10324301;100.00;;"
8911 [140042433455808] INFO perfrun.perfcollector <> - PERF_STAT : "     2.380833677;CPU0;337;;UNC_M_CAS_COUNT.RD[UNIT1];10322704;100.00;;"
8911 [140042433455808] INFO perfrun.perfcollector <> - PERF_STAT : "     2.380833677;CPU10;70199;;UNC_M_CAS_COUNT.RD[UNIT1];10324320;100.00;;"
8911 [140042433455808] INFO perfrun.perfcollector <> - PERF_STAT : "     2.380833677;CPU0;302;;UNC_M_CAS_COUNT.RD[UNIT4];10322676;100.00;;"
8911 [140042433455808] INFO perfrun.perfcollector <> - PERF_STAT : "     2.380833677;CPU10;70711;;UNC_M_CAS_COUNT.RD[UNIT4];10324280;100.00;;"
8911 [140042433455808] INFO perfrun.perfcollector <> - PERF_STAT : "     2.380833677;CPU0;356;;UNC_M_CAS_COUNT.RD[UNIT5];10323014;100.00;;"
8912 [140042433455808] INFO perfrun.perfcollector <> - PERF_STAT : "     2.380833677;CPU10;70175;;UNC_M_CAS_COUNT.RD[UNIT5];10324373;100.00;;"
8912 [140042433455808] INFO perfrun.perfcollector <> - PERF_STAT : "     2.380833677;CPU0;53;;UNC_M_CAS_COUNT.WR[UNIT0];10322993;100.00;;"
8912 [140042433455808] INFO perfrun.perfcollector <> - PERF_STAT : "     2.380833677;CPU10;70489;;UNC_M_CAS_COUNT.WR[UNIT0];10324369;100.00;;"
8912 [140042433455808] INFO perfrun.perfcollector <> - PERF_STAT : "     2.380833677;CPU0;82;;UNC_M_CAS_COUNT.WR[UNIT1];10322976;100.00;;"
8912 [140042433455808] INFO perfrun.perfcollector <> - PERF_STAT : "     2.380833677;CPU10;69865;;UNC_M_CAS_COUNT.WR[UNIT1];10324351;100.00;;"
8912 [140042433455808] INFO perfrun.perfcollector <> - PERF_STAT : "     2.380833677;CPU0;44;;UNC_M_CAS_COUNT.WR[UNIT4];10323061;100.00;;"
8912 [140042433455808] INFO perfrun.perfcollector <> - PERF_STAT : "     2.380833677;CPU10;70485;;UNC_M_CAS_COUNT.WR[UNIT4];10324187;100.00;;"
8912 [140042433455808] INFO perfrun.perfcollector <> - PERF_STAT : "     2.380833677;CPU0;83;;UNC_M_CAS_COUNT.WR[UNIT5];10323297;100.00;;"
8912 [140042433455808] INFO perfrun.perfcollector <> - PERF_STAT : "     2.380833677;CPU10;69841;;UNC_M_CAS_COUNT.WR[UNIT5];10324268;100.00;;"
8922 [140042433455808] INFO perfrun.perfcollector <> - PERF_STAT : "     2.391159441;CPU0;407;;UNC_M_CAS_COUNT.RD[UNIT0];10290095;100.00;;"
8922 [140042433455808] INFO perfrun.perfcollector <> - PERF_STAT : "     2.391159441;CPU10;69230;;UNC_M_CAS_COUNT.RD[UNIT0];10287570;100.00;;"
8922 [140042433455808] INFO perfrun.perfcollector <> - PERF_STAT : "     2.391159441;CPU0;507;;UNC_M_CAS_COUNT.RD[UNIT1];10290098;100.00;;"
8922 [140042433455808] INFO perfrun.perfcollector <> - PERF_STAT : "     2.391159441;CPU10;68667;;UNC_M_CAS_COUNT.RD[UNIT1];10287494;100.00;;"
8922 [140042433455808] INFO perfrun.perfcollector <> - PERF_STAT : "     2.391159441;CPU0;443;;UNC_M_CAS_COUNT.RD[UNIT4];10290239;100.00;;"
8922 [140042433455808] INFO perfrun.perfcollector <> - PERF_STAT : "     2.391159441;CPU10;69226;;UNC_M_CAS_COUNT.RD[UNIT4];10287338;100.00;;"
8922 [140042433455808] INFO perfrun.perfcollector <> - PERF_STAT : "     2.391159441;CPU0;505;;UNC_M_CAS_COUNT.RD[UNIT5];10290044;100.00;;"
8922 [140042433455808] INFO perfrun.perfcollector <> - PERF_STAT : "     2.391159441;CPU10;68692;;UNC_M_CAS_COUNT.RD[UNIT5];10287723;100.00;;"
8922 [140042433455808] INFO perfrun.perfcollector <> - PERF_STAT : "     2.391159441;CPU0;25;;UNC_M_CAS_COUNT.WR[UNIT0];10290125;100.00;;"
8922 [140042433455808] INFO perfrun.perfcollector <> - PERF_STAT : "     2.391159441;CPU10;69062;;UNC_M_CAS_COUNT.WR[UNIT0];10287769;100.00;;"
8922 [140042433455808] INFO perfrun.perfcollector <> - PERF_STAT : "     2.391159441;CPU0;65;;UNC_M_CAS_COUNT.WR[UNIT1];10290035;100.00;;"
8922 [140042433455808] INFO perfrun.perfcollector <> - PERF_STAT : "     2.391159441;CPU10;68411;;UNC_M_CAS_COUNT.WR[UNIT1];10287883;100.00;;"
8922 [140042433455808] INFO perfrun.perfcollector <> - PERF_STAT : "     2.391159441;CPU0;21;;UNC_M_CAS_COUNT.WR[UNIT4];10289938;100.00;;"
8922 [140042433455808] INFO perfrun.perfcollector <> - PERF_STAT : "     2.391159441;CPU10;69065;;UNC_M_CAS_COUNT.WR[UNIT4];10287934;100.00;;"
8922 [140042433455808] INFO perfrun.perfcollector <> - PERF_STAT : "     2.391159441;CPU0;74;;UNC_M_CAS_COUNT.WR[UNIT5];10289691;100.00;;"
8922 [140042433455808] INFO perfrun.perfcollector <> - PERF_STAT : "     2.391159441;CPU10;68563;;UNC_M_CAS_COUNT.WR[UNIT5];10287852;100.00;;"
8932 [140042433455808] INFO perfrun.perfcollector <> - PERF_STAT : "     2.401449272;CPU0;479;;UNC_M_CAS_COUNT.RD[UNIT0];10325717;100.00;;"
8932 [140042433455808] INFO perfrun.perfcollector <> - PERF_STAT : "     2.401449272;CPU10;69146;;UNC_M_CAS_COUNT.RD[UNIT0];10327433;100.00;;"
8932 [140042433455808] INFO perfrun.perfcollector <> - PERF_STAT : "     2.401449272;CPU0;481;;UNC_M_CAS_COUNT.RD[UNIT1];10325714;100.00;;"
8932 [140042433455808] INFO perfrun.perfcollector <> - PERF_STAT : "     2.401449272;CPU10;68592;;UNC_M_CAS_COUNT.RD[UNIT1];10327843;100.00;;"
8932 [140042433455808] INFO perfrun.perfcollector <> - PERF_STAT : "     2.401449272;CPU0;495;;UNC_M_CAS_COUNT.RD[UNIT4];10325543;100.00;;"
8932 [140042433455808] INFO perfrun.perfcollector <> - PERF_STAT : "     2.401449272;CPU10;69136;;UNC_M_CAS_COUNT.RD[UNIT4];10327957;100.00;;"
8932 [140042433455808] INFO perfrun.perfcollector <> - PERF_STAT : "     2.401449272;CPU0;522;;UNC_M_CAS_COUNT.RD[UNIT5];10325531;100.00;;"
8932 [140042433455808] INFO perfrun.perfcollector <> - PERF_STAT : "     2.401449272;CPU10;68558;;UNC_M_CAS_COUNT.RD[UNIT5];10327412;100.00;;"
8932 [140042433455808] INFO perfrun.perfcollector <> - PERF_STAT : "     2.401449272;CPU0;45;;UNC_M_CAS_COUNT.WR[UNIT0];10325617;100.00;;"
8932 [140042433455808] INFO perfrun.perfcollector <> - PERF_STAT : "     2.401449272;CPU10;68843;;UNC_M_CAS_COUNT.WR[UNIT0];10327380;100.00;;"
8932 [140042433455808] INFO perfrun.perfcollector <> - PERF_STAT : "     2.401449272;CPU0;87;;UNC_M_CAS_COUNT.WR[UNIT1];10325704;100.00;;"
8932 [140042433455808] INFO perfrun.perfcollector <> - PERF_STAT : "     2.401449272;CPU10;68473;;UNC_M_CAS_COUNT.WR[UNIT1];10327266;100.00;;"
8932 [140042433455808] INFO perfrun.perfcollector <> - PERF_STAT : "     2.401449272;CPU0;63;;UNC_M_CAS_COUNT.WR[UNIT4];10325737;100.00;;"
8932 [140042433455808] INFO perfrun.perfcollector <> - PERF_STAT : "     2.401449272;CPU10;68964;;UNC_M_CAS_COUNT.WR[UNIT4];10327555;100.00;;"
8932 [140042433455808] INFO perfrun.perfcollector <> - PERF_STAT : "     2.401449272;CPU0;78;;UNC_M_CAS_COUNT.WR[UNIT5];10325744;100.00;;"
8932 [140042433455808] INFO perfrun.perfcollector <> - PERF_STAT : "     2.401449272;CPU10;68472;;UNC_M_CAS_COUNT.WR[UNIT5];10327530;100.00;;"
8942 [140042433455808] INFO perfrun.perfcollector <> - PERF_STAT : "     2.411776768;CPU0;257;;UNC_M_CAS_COUNT.RD[UNIT0];10328560;100.00;;"
8942 [140042433455808] INFO perfrun.perfcollector <> - PERF_STAT : "     2.411776768;CPU10;70639;;UNC_M_CAS_COUNT.RD[UNIT0];10312603;100.00;;"
8942 [140042433455808] INFO perfrun.perfcollector <> - PERF_STAT : "     2.411776768;CPU0;302;;UNC_M_CAS_COUNT.RD[UNIT1];10339533;100.00;;"
8942 [140042433455808] INFO perfrun.perfcollector <> - PERF_STAT : "     2.411776768;CPU10;70099;;UNC_M_CAS_COUNT.RD[UNIT1];10312325;100.00;;"
8942 [140042433455808] INFO perfrun.perfcollector <> - PERF_STAT : "     2.411776768;CPU0;276;;UNC_M_CAS_COUNT.RD[UNIT4];10337648;100.00;;"
8942 [140042433455808] INFO perfrun.perfcollector <> - PERF_STAT : "     2.411776768;CPU10;70644;;UNC_M_CAS_COUNT.RD[UNIT4];10312335;100.00;;"
8942 [140042433455808] INFO perfrun.perfcollector <> - PERF_STAT : "     2.411776768;CPU0;306;;UNC_M_CAS_COUNT.RD[UNIT5];10335798;100.00;;"
8942 [140042433455808] INFO perfrun.perfcollector <> - PERF_STAT : "     2.411776768;CPU10;70106;;UNC_M_CAS_COUNT.RD[UNIT5];10312625;100.00;;"
8942 [140042433455808] INFO perfrun.perfcollector <> - PERF_STAT : "     2.411776768;CPU0;79;;UNC_M_CAS_COUNT.WR[UNIT0];10333780;100.00;;"
8942 [140042433455808] INFO perfrun.perfcollector <> - PERF_STAT : "     2.411776768;CPU10;70104;;UNC_M_CAS_COUNT.WR[UNIT0];10312722;100.00;;"
8942 [140042433455808] INFO perfrun.perfcollector <> - PERF_STAT : "     2.411776768;CPU0;99;;UNC_M_CAS_COUNT.WR[UNIT1];10331941;100.00;;"
8942 [140042433455808] INFO perfrun.perfcollector <> - PERF_STAT : "     2.411776768;CPU10;69599;;UNC_M_CAS_COUNT.WR[UNIT1];10312692;100.00;;"
8942 [140042433455808] INFO perfrun.perfcollector <> - PERF_STAT : "     2.411776768;CPU0;60;;UNC_M_CAS_COUNT.WR[UNIT4];10330188;100.00;;"
8943 [140042433455808] INFO perfrun.perfcollector <> - PERF_STAT : "     2.411776768;CPU10;70088;;UNC_M_CAS_COUNT.WR[UNIT4];10312458;100.00;;"
8943 [140042433455808] INFO perfrun.perfcollector <> - PERF_STAT : "     2.411776768;CPU0;93;;UNC_M_CAS_COUNT.WR[UNIT5];10328373;100.00;;"
8943 [140042433455808] INFO perfrun.perfcollector <> - PERF_STAT : "     2.411776768;CPU10;69511;;UNC_M_CAS_COUNT.WR[UNIT5];10312386;100.00;;"
8953 [140042433455808] INFO perfrun.perfcollector <> - PERF_STAT : "     2.422087883;CPU0;1665;;UNC_M_CAS_COUNT.RD[UNIT0];10307345;100.00;;"
8953 [140042433455808] INFO perfrun.perfcollector <> - PERF_STAT : "     2.422087883;CPU10;68657;;UNC_M_CAS_COUNT.RD[UNIT0];10323710;100.00;;"
8953 [140042433455808] INFO perfrun.perfcollector <> - PERF_STAT : "     2.422087883;CPU0;2023;;UNC_M_CAS_COUNT.RD[UNIT1];10296538;100.00;;"
8953 [140042433455808] INFO perfrun.perfcollector <> - PERF_STAT : "     2.422087883;CPU10;68134;;UNC_M_CAS_COUNT.RD[UNIT1];10323559;100.00;;"
8953 [140042433455808] INFO perfrun.perfcollector <> - PERF_STAT : "     2.422087883;CPU0;1671;;UNC_M_CAS_COUNT.RD[UNIT4];10298460;100.00;;"
8953 [140042433455808] INFO perfrun.perfcollector <> - PERF_STAT : "     2.422087883;CPU10;68667;;UNC_M_CAS_COUNT.RD[UNIT4];10323747;100.00;;"
8953 [140042433455808] INFO perfrun.perfcollector <> - PERF_STAT : "     2.422087883;CPU0;1821;;UNC_M_CAS_COUNT.RD[UNIT5];10300266;100.00;;"
8953 [140042433455808] INFO perfrun.perfcollector <> - PERF_STAT : "     2.422087883;CPU10;68110;;UNC_M_CAS_COUNT.RD[UNIT5];10323612;100.00;;"
8953 [140042433455808] INFO perfrun.perfcollector <> - PERF_STAT : "     2.422087883;CPU0;79;;UNC_M_CAS_COUNT.WR[UNIT0];10302132;100.00;;"
8953 [140042433455808] INFO perfrun.perfcollector <> - PERF_STAT : "     2.422087883;CPU10;69076;;UNC_M_CAS_COUNT.WR[UNIT0];10323495;100.00;;"
8953 [140042433455808] INFO perfrun.perfcollector <> - PERF_STAT : "     2.422087883;CPU0;124;;UNC_M_CAS_COUNT.WR[UNIT1];10304003;100.00;;"
8953 [140042433455808] INFO perfrun.perfcollector <> - PERF_STAT : "     2.422087883;CPU10;68384;;UNC_M_CAS_COUNT.WR[UNIT1];10323582;100.00;;"
8953 [140042433455808] INFO perfrun.perfcollector <> - PERF_STAT : "     2.422087883;CPU0;76;;UNC_M_CAS_COUNT.WR[UNIT4];10305770;100.00;;"
8953 [140042433455808] INFO perfrun.perfcollector <> - PERF_STAT : "     2.422087883;CPU10;68850;;UNC_M_CAS_COUNT.WR[UNIT4];10323750;100.00;;"
8953 [140042433455808] INFO perfrun.perfcollector <> - PERF_STAT : "     2.422087883;CPU0;128;;UNC_M_CAS_COUNT.WR[UNIT5];10307598;100.00;;"
8953 [140042433455808] INFO perfrun.perfcollector <> - PERF_STAT : "     2.422087883;CPU10;68533;;UNC_M_CAS_COUNT.WR[UNIT5];10323815;100.00;;"
8963 [140042433455808] INFO perfrun.perfcollector <> - PERF_STAT : "     2.432413291;CPU0;816;;UNC_M_CAS_COUNT.RD[UNIT0];10325343;100.00;;"
8963 [140042433455808] INFO perfrun.perfcollector <> - PERF_STAT : "     2.432413291;CPU10;71439;;UNC_M_CAS_COUNT.RD[UNIT0];10328737;100.00;;"
8963 [140042433455808] INFO perfrun.perfcollector <> - PERF_STAT : "     2.432413291;CPU0;873;;UNC_M_CAS_COUNT.RD[UNIT1];10325259;100.00;;"
8963 [140042433455808] INFO perfrun.perfcollector <> - PERF_STAT : "     2.432413291;CPU10;70844;;UNC_M_CAS_COUNT.RD[UNIT1];10328717;100.00;;"
8963 [140042433455808] INFO perfrun.perfcollector <> - PERF_STAT : "     2.432413291;CPU0;761;;UNC_M_CAS_COUNT.RD[UNIT4];10325240;100.00;;"
8963 [140042433455808] INFO perfrun.perfcollector <> - PERF_STAT : "     2.432413291;CPU10;71387;;UNC_M_CAS_COUNT.RD[UNIT4];10328377;100.00;;"
8963 [140042433455808] INFO perfrun.perfcollector <> - PERF_STAT : "     2.432413291;CPU0;865;;UNC_M_CAS_COUNT.RD[UNIT5];10325273;100.00;;"
8963 [140042433455808] INFO perfrun.perfcollector <> - PERF_STAT : "     2.432413291;CPU10;70906;;UNC_M_CAS_COUNT.RD[UNIT5];10328335;100.00;;"
8963 [140042433455808] INFO perfrun.perfcollector <> - PERF_STAT : "     2.432413291;CPU0;94;;UNC_M_CAS_COUNT.WR[UNIT0];10325342;100.00;;"
8963 [140042433455808] INFO perfrun.perfcollector <> - PERF_STAT : "     2.432413291;CPU10;70816;;UNC_M_CAS_COUNT.WR[UNIT0];10328461;100.00;;"
8963 [140042433455808] INFO perfrun.perfcollector <> - PERF_STAT : "     2.432413291;CPU0;154;;UNC_M_CAS_COUNT.WR[UNIT1];10325427;100.00;;"
8963 [140042433455808] INFO perfrun.perfcollector <> - PERF_STAT : "     2.432413291;CPU10;70415;;UNC_M_CAS_COUNT.WR[UNIT1];10328448;100.00;;"
8963 [140042433455808] INFO perfrun.perfcollector <> - PERF_STAT : "     2.432413291;CPU0;88;;UNC_M_CAS_COUNT.WR[UNIT4];10325452;100.00;;"
8963 [140042433455808] INFO perfrun.perfcollector <> - PERF_STAT : "     2.432413291;CPU10;70904;;UNC_M_CAS_COUNT.WR[UNIT4];10328434;100.00;;"
8963 [140042433455808] INFO perfrun.perfcollector <> - PERF_STAT : "     2.432413291;CPU0;168;;UNC_M_CAS_COUNT.WR[UNIT5];10325463;100.00;;"
8963 [140042433455808] INFO perfrun.perfcollector <> - PERF_STAT : "     2.432413291;CPU10;70340;;UNC_M_CAS_COUNT.WR[UNIT5];10328624;100.00;;"
8973 [140042433455808] INFO perfrun.perfcollector <> - PERF_STAT : "     2.442741776;CPU0;297;;UNC_M_CAS_COUNT.RD[UNIT0];10325907;100.00;;"
8973 [140042433455808] INFO perfrun.perfcollector <> - PERF_STAT : "     2.442741776;CPU10;71767;;UNC_M_CAS_COUNT.RD[UNIT0];10330852;100.00;;"
8973 [140042433455808] INFO perfrun.perfcollector <> - PERF_STAT : "     2.442741776;CPU0;372;;UNC_M_CAS_COUNT.RD[UNIT1];10325827;100.00;;"
8973 [140042433455808] INFO perfrun.perfcollector <> - PERF_STAT : "     2.442741776;CPU10;71195;;UNC_M_CAS_COUNT.RD[UNIT1];10330815;100.00;;"
8973 [140042433455808] INFO perfrun.perfcollector <> - PERF_STAT : "     2.442741776;CPU0;319;;UNC_M_CAS_COUNT.RD[UNIT4];10325817;100.00;;"
8973 [140042433455808] INFO perfrun.perfcollector <> - PERF_STAT : "     2.442741776;CPU10;71761;;UNC_M_CAS_COUNT.RD[UNIT4];10330879;100.00;;"
8973 [140042433455808] INFO perfrun.perfcollector <> - PERF_STAT : "     2.442741776;CPU0;373;;UNC_M_CAS_COUNT.RD[UNIT5];10325804;100.00;;"
8973 [140042433455808] INFO perfrun.perfcollector <> - PERF_STAT : "     2.442741776;CPU10;71208;;UNC_M_CAS_COUNT.RD[UNIT5];10331036;100.00;;"
8973 [140042433455808] INFO perfrun.perfcollector <> - PERF_STAT : "     2.442741776;CPU0;164;;UNC_M_CAS_COUNT.WR[UNIT0];10325737;100.00;;"
8973 [140042433455808] INFO perfrun.perfcollector <> - PERF_STAT : "     2.442741776;CPU10;70884;;UNC_M_CAS_COUNT.WR[UNIT0];10330899;100.00;;"
8973 [140042433455808] INFO perfrun.perfcollector <> - PERF_STAT : "     2.442741776;CPU0;214;;UNC_M_CAS_COUNT.WR[UNIT1];10325629;100.00;;"
8973 [140042433455808] INFO perfrun.perfcollector <> - PERF_STAT : "     2.442741776;CPU10;70162;;UNC_M_CAS_COUNT.WR[UNIT1];10330873;100.00;;"
8973 [140042433455808] INFO perfrun.perfcollector <> - PERF_STAT : "     2.442741776;CPU0;157;;UNC_M_CAS_COUNT.WR[UNIT4];10325661;100.00;;"
8973 [140042433455808] INFO perfrun.perfcollector <> - PERF_STAT : "     2.442741776;CPU10;70933;;UNC_M_CAS_COUNT.WR[UNIT4];10330697;100.00;;"
8974 [140042433455808] INFO perfrun.perfcollector <> - PERF_STAT : "     2.442741776;CPU0;207;;UNC_M_CAS_COUNT.WR[UNIT5];10325623;100.00;;"
8974 [140042433455808] INFO perfrun.perfcollector <> - PERF_STAT : "     2.442741776;CPU10;70284;;UNC_M_CAS_COUNT.WR[UNIT5];10330435;100.00;;"
8984 [140042433455808] INFO perfrun.perfcollector <> - PERF_STAT : "     2.453075626;CPU0;315;;UNC_M_CAS_COUNT.RD[UNIT0];10334904;100.00;;"
8984 [140042433455808] INFO perfrun.perfcollector <> - PERF_STAT : "     2.453075626;CPU10;71023;;UNC_M_CAS_COUNT.RD[UNIT0];10325375;100.00;;"
8984 [140042433455808] INFO perfrun.perfcollector <> - PERF_STAT : "     2.453075626;CPU0;381;;UNC_M_CAS_COUNT.RD[UNIT1];10334925;100.00;;"
8984 [140042433455808] INFO perfrun.perfcollector <> - PERF_STAT : "     2.453075626;CPU10;70448;;UNC_M_CAS_COUNT.RD[UNIT1];10325534;100.00;;"
8984 [140042433455808] INFO perfrun.perfcollector <> - PERF_STAT : "     2.453075626;CPU0;305;;UNC_M_CAS_COUNT.RD[UNIT4];10334961;100.00;;"
8984 [140042433455808] INFO perfrun.perfcollector <> - PERF_STAT : "     2.453075626;CPU10;70963;;UNC_M_CAS_COUNT.RD[UNIT4];10325494;100.00;;"
8984 [140042433455808] INFO perfrun.perfcollector <> - PERF_STAT : "     2.453075626;CPU0;410;;UNC_M_CAS_COUNT.RD[UNIT5];10334858;100.00;;"
8984 [140042433455808] INFO perfrun.perfcollector <> - PERF_STAT : "     2.453075626;CPU10;70424;;UNC_M_CAS_COUNT.RD[UNIT5];10325342;100.00;;"
8984 [140042433455808] INFO perfrun.perfcollector <> - PERF_STAT : "     2.453075626;CPU0;44;;UNC_M_CAS_COUNT.WR[UNIT0];10334848;100.00;;"
8984 [140042433455808] INFO perfrun.perfcollector <> - PERF_STAT : "     2.453075626;CPU10;70044;;UNC_M_CAS_COUNT.WR[UNIT0];10325354;100.00;;"
8984 [140042433455808] INFO perfrun.perfcollector <> - PERF_STAT : "     2.453075626;CPU0;106;;UNC_M_CAS_COUNT.WR[UNIT1];10334865;100.00;;"
8984 [140042433455808] INFO perfrun.perfcollector <> - PERF_STAT : "     2.453075626;CPU10;69460;;UNC_M_CAS_COUNT.WR[UNIT1];10325627;100.00;;"
8984 [140042433455808] INFO perfrun.perfcollector <> - PERF_STAT : "     2.453075626;CPU0;28;;UNC_M_CAS_COUNT.WR[UNIT4];10334781;100.00;;"
8984 [140042433455808] INFO perfrun.perfcollector <> - PERF_STAT : "     2.453075626;CPU10;69941;;UNC_M_CAS_COUNT.WR[UNIT4];10325666;100.00;;"
8984 [140042433455808] INFO perfrun.perfcollector <> - PERF_STAT : "     2.453075626;CPU0;103;;UNC_M_CAS_COUNT.WR[UNIT5];10334795;100.00;;"
8984 [140042433455808] INFO perfrun.perfcollector <> - PERF_STAT : "     2.453075626;CPU10;69430;;UNC_M_CAS_COUNT.WR[UNIT5];10325700;100.00;;"
8994 [140042433455808] INFO perfrun.perfcollector <> - PERF_STAT : "     2.463398558;CPU0;964;;UNC_M_CAS_COUNT.RD[UNIT0];10324719;100.00;;"
8994 [140042433455808] INFO perfrun.perfcollector <> - PERF_STAT : "     2.463398558;CPU10;70093;;UNC_M_CAS_COUNT.RD[UNIT0];10326270;100.00;;"
8994 [140042433455808] INFO perfrun.perfcollector <> - PERF_STAT : "     2.463398558;CPU0;965;;UNC_M_CAS_COUNT.RD[UNIT1];10324808;100.00;;"
8994 [140042433455808] INFO perfrun.perfcollector <> - PERF_STAT : "     2.463398558;CPU10;69564;;UNC_M_CAS_COUNT.RD[UNIT1];10326135;100.00;;"
8994 [140042433455808] INFO perfrun.perfcollector <> - PERF_STAT : "     2.463398558;CPU0;958;;UNC_M_CAS_COUNT.RD[UNIT4];10324959;100.00;;"
8994 [140042433455808] INFO perfrun.perfcollector <> - PERF_STAT : "     2.463398558;CPU10;70136;;UNC_M_CAS_COUNT.RD[UNIT4];10326448;100.00;;"
8994 [140042433455808] INFO perfrun.perfcollector <> - PERF_STAT : "     2.463398558;CPU0;949;;UNC_M_CAS_COUNT.RD[UNIT5];10325346;100.00;;"
8994 [140042433455808] INFO perfrun.perfcollector <> - PERF_STAT : "     2.463398558;CPU10;69553;;UNC_M_CAS_COUNT.RD[UNIT5];10326302;100.00;;"
8994 [140042433455808] INFO perfrun.perfcollector <> - PERF_STAT : "     2.463398558;CPU0;10;;UNC_M_CAS_COUNT.WR[UNIT0];10325516;100.00;;"
8994 [140042433455808] INFO perfrun.perfcollector <> - PERF_STAT : "     2.463398558;CPU10;70220;;UNC_M_CAS_COUNT.WR[UNIT0];10326410;100.00;;"
8994 [140042433455808] INFO perfrun.perfcollector <> - PERF_STAT : "     2.463398558;CPU0;41;;UNC_M_CAS_COUNT.WR[UNIT1];10325503;100.00;;"
8994 [140042433455808] INFO perfrun.perfcollector <> - PERF_STAT : "     2.463398558;CPU10;69625;;UNC_M_CAS_COUNT.WR[UNIT1];10326179;100.00;;"
8994 [140042433455808] INFO perfrun.perfcollector <> - PERF_STAT : "     2.463398558;CPU0;15;;UNC_M_CAS_COUNT.WR[UNIT4];10325496;100.00;;"
8994 [140042433455808] INFO perfrun.perfcollector <> - PERF_STAT : "     2.463398558;CPU10;70219;;UNC_M_CAS_COUNT.WR[UNIT4];10326179;100.00;;"
8994 [140042433455808] INFO perfrun.perfcollector <> - PERF_STAT : "     2.463398558;CPU0;44;;UNC_M_CAS_COUNT.WR[UNIT5];10325513;100.00;;"
8994 [140042433455808] INFO perfrun.perfcollector <> - PERF_STAT : "     2.463398558;CPU10;69648;;UNC_M_CAS_COUNT.WR[UNIT5];10326271;100.00;;"
9004 [140042433455808] INFO perfrun.perfcollector <> - PERF_STAT : "     2.473723255;CPU0;231;;UNC_M_CAS_COUNT.RD[UNIT0];10321420;100.00;;"
9004 [140042433455808] INFO perfrun.perfcollector <> - PERF_STAT : "     2.473723255;CPU10;71247;;UNC_M_CAS_COUNT.RD[UNIT0];10321204;100.00;;"
9004 [140042433455808] INFO perfrun.perfcollector <> - PERF_STAT : "     2.473723255;CPU0;276;;UNC_M_CAS_COUNT.RD[UNIT1];10321601;100.00;;"
9004 [140042433455808] INFO perfrun.perfcollector <> - PERF_STAT : "     2.473723255;CPU10;70715;;UNC_M_CAS_COUNT.RD[UNIT1];10321276;100.00;;"
9004 [140042433455808] INFO perfrun.perfcollector <> - PERF_STAT : "     2.473723255;CPU0;241;;UNC_M_CAS_COUNT.RD[UNIT4];10321451;100.00;;"
9004 [140042433455808] INFO perfrun.perfcollector <> - PERF_STAT : "     2.473723255;CPU10;71265;;UNC_M_CAS_COUNT.RD[UNIT4];10321217;100.00;;"
9004 [140042433455808] INFO perfrun.perfcollector <> - PERF_STAT : "     2.473723255;CPU0;278;;UNC_M_CAS_COUNT.RD[UNIT5];10321300;100.00;;"
9004 [140042433455808] INFO perfrun.perfcollector <> - PERF_STAT : "     2.473723255;CPU10;70706;;UNC_M_CAS_COUNT.RD[UNIT5];10321471;100.00;;"
9004 [140042433455808] INFO perfrun.perfcollector <> - PERF_STAT : "     2.473723255;CPU0;202;;UNC_M_CAS_COUNT.WR[UNIT0];10321237;100.00;;"
9004 [140042433455808] INFO perfrun.perfcollector <> - PERF_STAT : "     2.473723255;CPU10;70448;;UNC_M_CAS_COUNT.WR[UNIT0];10321337;100.00;;"
9004 [140042433455808] INFO perfrun.perfcollector <> - PERF_STAT : "     2.473723255;CPU0;210;;UNC_M_CAS_COUNT.WR[UNIT1];10321230;100.00;;"
9004 [140042433455808] INFO perfrun.perfcollector <> - PERF_STAT : "     2.473723255;CPU10;69956;;UNC_M_CAS_COUNT.WR[UNIT1];10321348;100.00;;"
9004 [140042433455808] INFO perfrun.perfcollector <> - PERF_STAT : "     2.473723255;CPU0;200;;UNC_M_CAS_COUNT.WR[UNIT4];10321217;100.00;;"
9004 [140042433455808] INFO perfrun.perfcollector <> - PERF_STAT : "     2.473723255;CPU10;70662;;UNC_M_CAS_COUNT.WR[UNIT4];10321273;100.00;;"
9004 [140042433455808] INFO perfrun.perfcollector <> - PERF_STAT : "     2.473723255;CPU0;217;;UNC_M_CAS_COUNT.WR[UNIT5];10321212;100.00;;"
9004 [140042433455808] INFO perfrun.perfcollector <> - PERF_STAT : "     2.473723255;CPU10;69944;;UNC_M_CAS_COUNT.WR[UNIT5];10321405;100.00;;"
9015 [140042433455808] INFO perfrun.perfcollector <> - PERF_STAT : "     2.484045758;CPU0;471;;UNC_M_CAS_COUNT.RD[UNIT0];10320054;100.00;;"
9015 [140042433455808] INFO perfrun.perfcollector <> - PERF_STAT : "     2.484045758;CPU10;70535;;UNC_M_CAS_COUNT.RD[UNIT0];10323303;100.00;;"
9015 [140042433455808] INFO perfrun.perfcollector <> - PERF_STAT : "     2.484045758;CPU0;516;;UNC_M_CAS_COUNT.RD[UNIT1];10319910;100.00;;"
9015 [140042433455808] INFO perfrun.perfcollector <> - PERF_STAT : "     2.484045758;CPU10;70003;;UNC_M_CAS_COUNT.RD[UNIT1];10322931;100.00;;"
9015 [140042433455808] INFO perfrun.perfcollector <> - PERF_STAT : "     2.484045758;CPU0;473;;UNC_M_CAS_COUNT.RD[UNIT4];10319963;100.00;;"
9015 [140042433455808] INFO perfrun.perfcollector <> - PERF_STAT : "     2.484045758;CPU10;70572;;UNC_M_CAS_COUNT.RD[UNIT4];10322995;100.00;;"
9015 [140042433455808] INFO perfrun.perfcollector <> - PERF_STAT : "     2.484045758;CPU0;511;;UNC_M_CAS_COUNT.RD[UNIT5];10319886;100.00;;"
9015 [140042433455808] INFO perfrun.perfcollector <> - PERF_STAT : "     2.484045758;CPU10;69995;;UNC_M_CAS_COUNT.RD[UNIT5];10322748;100.00;;"
9015 [140042433455808] INFO perfrun.perfcollector <> - PERF_STAT : "     2.484045758;CPU0;61;;UNC_M_CAS_COUNT.WR[UNIT0];10319797;100.00;;"
9015 [140042433455808] INFO perfrun.perfcollector <> - PERF_STAT : "     2.484045758;CPU10;70398;;UNC_M_CAS_COUNT.WR[UNIT0];10322663;100.00;;"
9015 [140042433455808] INFO perfrun.perfcollector <> - PERF_STAT : "     2.484045758;CPU0;87;;UNC_M_CAS_COUNT.WR[UNIT1];10319807;100.00;;"
9015 [140042433455808] INFO perfrun.perfcollector <> - PERF_STAT : "     2.484045758;CPU10;69808;;UNC_M_CAS_COUNT.WR[UNIT1];10322634;100.00;;"
9015 [140042433455808] INFO perfrun.perfcollector <> - PERF_STAT : "     2.484045758;CPU0;54;;UNC_M_CAS_COUNT.WR[UNIT4];10319840;100.00;;"
9015 [140042433455808] INFO perfrun.perfcollector <> - PERF_STAT : "     2.484045758;CPU10;70102;;UNC_M_CAS_COUNT.WR[UNIT4];10322622;100.00;;"
9015 [140042433455808] INFO perfrun.perfcollector <> - PERF_STAT : "     2.484045758;CPU0;84;;UNC_M_CAS_COUNT.WR[UNIT5];10319834;100.00;;"
9015 [140042433455808] INFO perfrun.perfcollector <> - PERF_STAT : "     2.484045758;CPU10;69662;;UNC_M_CAS_COUNT.WR[UNIT5];10322462;100.00;;"
9025 [140042433455808] INFO perfrun.perfcollector <> - PERF_STAT : "     2.494368694;CPU0;230;;UNC_M_CAS_COUNT.RD[UNIT0];10325857;100.00;;"
9025 [140042433455808] INFO perfrun.perfcollector <> - PERF_STAT : "     2.494368694;CPU10;69701;;UNC_M_CAS_COUNT.RD[UNIT0];10323652;100.00;;"
9025 [140042433455808] INFO perfrun.perfcollector <> - PERF_STAT : "     2.494368694;CPU0;239;;UNC_M_CAS_COUNT.RD[UNIT1];10325697;100.00;;"
9025 [140042433455808] INFO perfrun.perfcollector <> - PERF_STAT : "     2.494368694;CPU10;69148;;UNC_M_CAS_COUNT.RD[UNIT1];10323952;100.00;;"
9025 [140042433455808] INFO perfrun.perfcollector <> - PERF_STAT : "     2.494368694;CPU0;202;;UNC_M_CAS_COUNT.RD[UNIT4];10325600;100.00;;"
9025 [140042433455808] INFO perfrun.perfcollector <> - PERF_STAT : "     2.494368694;CPU10;69709;;UNC_M_CAS_COUNT.RD[UNIT4];10323662;100.00;;"
9025 [140042433455808] INFO perfrun.perfcollector <> - PERF_STAT : "     2.494368694;CPU0;230;;UNC_M_CAS_COUNT.RD[UNIT5];10325584;100.00;;"
9025 [140042433455808] INFO perfrun.perfcollector <> - PERF_STAT : "     2.494368694;CPU10;69150;;UNC_M_CAS_COUNT.RD[UNIT5];10323807;100.00;;"
9025 [140042433455808] INFO perfrun.perfcollector <> - PERF_STAT : "     2.494368694;CPU0;51;;UNC_M_CAS_COUNT.WR[UNIT0];10325589;100.00;;"
9025 [140042433455808] INFO perfrun.perfcollector <> - PERF_STAT : "     2.494368694;CPU10;69141;;UNC_M_CAS_COUNT.WR[UNIT0];10323805;100.00;;"
9025 [140042433455808] INFO perfrun.perfcollector <> - PERF_STAT : "     2.494368694;CPU0;75;;UNC_M_CAS_COUNT.WR[UNIT1];10325626;100.00;;"
9025 [140042433455808] INFO perfrun.perfcollector <> - PERF_STAT : "     2.494368694;CPU10;68732;;UNC_M_CAS_COUNT.WR[UNIT1];10323798;100.00;;"
9025 [140042433455808] INFO perfrun.perfcollector <> - PERF_STAT : "     2.494368694;CPU0;36;;UNC_M_CAS_COUNT.WR[UNIT4];10325623;100.00;;"
9025 [140042433455808] INFO perfrun.perfcollector <> - PERF_STAT : "     2.494368694;CPU10;69304;;UNC_M_CAS_COUNT.WR[UNIT4];10324146;100.00;;"
9025 [140042433455808] INFO perfrun.perfcollector <> - PERF_STAT : "     2.494368694;CPU0;61;;UNC_M_CAS_COUNT.WR[UNIT5];10325606;100.00;;"
9025 [140042433455808] INFO perfrun.perfcollector <> - PERF_STAT : "     2.494368694;CPU10;68783;;UNC_M_CAS_COUNT.WR[UNIT5];10324070;100.00;;"
9035 [140042433455808] INFO perfrun.perfcollector <> - PERF_STAT : "     2.504664897;CPU0;531;;UNC_M_CAS_COUNT.RD[UNIT0];10289373;100.00;;"
9035 [140042433455808] INFO perfrun.perfcollector <> - PERF_STAT : "     2.504664897;CPU10;69005;;UNC_M_CAS_COUNT.RD[UNIT0];10287462;100.00;;"
9035 [140042433455808] INFO perfrun.perfcollector <> - PERF_STAT : "     2.504664897;CPU0;571;;UNC_M_CAS_COUNT.RD[UNIT1];10289447;100.00;;"
9035 [140042433455808] INFO perfrun.perfcollector <> - PERF_STAT : "     2.504664897;CPU10;68495;;UNC_M_CAS_COUNT.RD[UNIT1];10287520;100.00;;"
9035 [140042433455808] INFO perfrun.perfcollector <> - PERF_STAT : "     2.504664897;CPU0;527;;UNC_M_CAS_COUNT.RD[UNIT4];10289446;100.00;;"
9035 [140042433455808] INFO perfrun.perfcollector <> - PERF_STAT : "     2.504664897;CPU10;69015;;UNC_M_CAS_COUNT.RD[UNIT4];10287520;100.00;;"
9035 [140042433455808] INFO perfrun.perfcollector <> - PERF_STAT : "     2.504664897;CPU0;539;;UNC_M_CAS_COUNT.RD[UNIT5];10289363;100.00;;"
9035 [140042433455808] INFO perfrun.perfcollector <> - PERF_STAT : "     2.504664897;CPU10;68475;;UNC_M_CAS_COUNT.RD[UNIT5];10287936;100.00;;"
9035 [140042433455808] INFO perfrun.perfcollector <> - PERF_STAT : "     2.504664897;CPU0;21;;UNC_M_CAS_COUNT.WR[UNIT0];10289343;100.00;;"
9035 [140042433455808] INFO perfrun.perfcollector <> - PERF_STAT : "     2.504664897;CPU10;68957;;UNC_M_CAS_COUNT.WR[UNIT0];10288143;100.00;;"
9035 [140042433455808] INFO perfrun.perfcollector <> - PERF_STAT : "     2.504664897;CPU0;64;;UNC_M_CAS_COUNT.WR[UNIT1];10289286;100.00;;"
9035 [140042433455808] INFO perfrun.perfcollector <> - PERF_STAT : "     2.504664897;CPU10;68349;;UNC_M_CAS_COUNT.WR[UNIT1];10288194;100.00;;"
9035 [140042433455808] INFO perfrun.perfcollector <> - PERF_STAT : "     2.504664897;CPU0;13;;UNC_M_CAS_COUNT.WR[UNIT4];10289300;100.00;;"
9035 [140042433455808] INFO perfrun.perfcollector <> - PERF_STAT : "     2.504664897;CPU10;68946;;UNC_M_CAS_COUNT.WR[UNIT4];10287947;100.00;;"
9035 [140042433455808] INFO perfrun.perfcollector <> - PERF_STAT : "     2.504664897;CPU0;65;;UNC_M_CAS_COUNT.WR[UNIT5];10289323;100.00;;"
9035 [140042433455808] INFO perfrun.perfcollector <> - PERF_STAT : "     2.504664897;CPU10;68363;;UNC_M_CAS_COUNT.WR[UNIT5];10287982;100.00;;"
9046 [140042433455808] INFO perfrun.perfcollector <> - PERF_STAT : "     2.514983202;CPU0;1472;;UNC_M_CAS_COUNT.RD[UNIT0];10336932;100.00;;"
9046 [140042433455808] INFO perfrun.perfcollector <> - PERF_STAT : "     2.514983202;CPU10;71114;;UNC_M_CAS_COUNT.RD[UNIT0];10306373;100.00;;"
9046 [140042433455808] INFO perfrun.perfcollector <> - PERF_STAT : "     2.514983202;CPU0;1593;;UNC_M_CAS_COUNT.RD[UNIT1];10334114;100.00;;"
9046 [140042433455808] INFO perfrun.perfcollector <> - PERF_STAT : "     2.514983202;CPU10;70476;;UNC_M_CAS_COUNT.RD[UNIT1];10306250;100.00;;"
9046 [140042433455808] INFO perfrun.perfcollector <> - PERF_STAT : "     2.514983202;CPU0;1486;;UNC_M_CAS_COUNT.RD[UNIT4];10332231;100.00;;"
9046 [140042433455808] INFO perfrun.perfcollector <> - PERF_STAT : "     2.514983202;CPU10;71158;;UNC_M_CAS_COUNT.RD[UNIT4];10332128;100.00;;"
9046 [140042433455808] INFO perfrun.perfcollector <> - PERF_STAT : "     2.514983202;CPU0;1526;;UNC_M_CAS_COUNT.RD[UNIT5];10330508;100.00;;"
9046 [140042433455808] INFO perfrun.perfcollector <> - PERF_STAT : "     2.514983202;CPU10;70677;;UNC_M_CAS_COUNT.RD[UNIT5];10332127;100.00;;"
9046 [140042433455808] INFO perfrun.perfcollector <> - PERF_STAT : "     2.514983202;CPU0;48;;UNC_M_CAS_COUNT.WR[UNIT0];10328784;100.00;;"
9046 [140042433455808] INFO perfrun.perfcollector <> - PERF_STAT : "     2.514983202;CPU10;71317;;UNC_M_CAS_COUNT.WR[UNIT0];10332289;100.00;;"
9046 [140042433455808] INFO perfrun.perfcollector <> - PERF_STAT : "     2.514983202;CPU0;140;;UNC_M_CAS_COUNT.WR[UNIT1];10326929;100.00;;"
9046 [140042433455808] INFO perfrun.perfcollector <> - PERF_STAT : "     2.514983202;CPU10;70875;;UNC_M_CAS_COUNT.WR[UNIT1];10332519;100.00;;"
9046 [140042433455808] INFO perfrun.perfcollector <> - PERF_STAT : "     2.514983202;CPU0;65;;UNC_M_CAS_COUNT.WR[UNIT4];10325172;100.00;;"
9046 [140042433455808] INFO perfrun.perfcollector <> - PERF_STAT : "     2.514983202;CPU10;71366;;UNC_M_CAS_COUNT.WR[UNIT4];10332650;100.00;;"
9046 [140042433455808] INFO perfrun.perfcollector <> - PERF_STAT : "     2.514983202;CPU0;134;;UNC_M_CAS_COUNT.WR[UNIT5];10323459;100.00;;"
9046 [140042433455808] INFO perfrun.perfcollector <> - PERF_STAT : "     2.514983202;CPU10;70916;;UNC_M_CAS_COUNT.WR[UNIT5];10332608;100.00;;"
9056 [140042433455808] INFO perfrun.perfcollector <> - PERF_STAT : "     2.525318245;CPU0;533;;UNC_M_CAS_COUNT.RD[UNIT0];10304627;100.00;;"
9056 [140042433455808] INFO perfrun.perfcollector <> - PERF_STAT : "     2.525318245;CPU10;71172;;UNC_M_CAS_COUNT.RD[UNIT0];10305273;100.00;;"
9056 [140042433455808] INFO perfrun.perfcollector <> - PERF_STAT : "     2.525318245;CPU0;527;;UNC_M_CAS_COUNT.RD[UNIT1];10304642;100.00;;"
9056 [140042433455808] INFO perfrun.perfcollector <> - PERF_STAT : "     2.525318245;CPU10;70604;;UNC_M_CAS_COUNT.RD[UNIT1];10304834;100.00;;"
9056 [140042433455808] INFO perfrun.perfcollector <> - PERF_STAT : "     2.525318245;CPU0;474;;UNC_M_CAS_COUNT.RD[UNIT4];10304633;100.00;;"
9056 [140042433455808] INFO perfrun.perfcollector <> - PERF_STAT : "     2.525318245;CPU10;71023;;UNC_M_CAS_COUNT.RD[UNIT4];10279033;100.00;;"
9056 [140042433455808] INFO perfrun.perfcollector <> - PERF_STAT : "     2.525318245;CPU0;550;;UNC_M_CAS_COUNT.RD[UNIT5];10304851;100.00;;"
9056 [140042433455808] INFO perfrun.perfcollector <> - PERF_STAT : "     2.525318245;CPU10;70477;;UNC_M_CAS_COUNT.RD[UNIT5];10278503;100.00;;"
9056 [140042433455808] INFO perfrun.perfcollector <> - PERF_STAT : "     2.525318245;CPU0;468;;UNC_M_CAS_COUNT.WR[UNIT0];10304918;100.00;;"
9056 [140042433455808] INFO perfrun.perfcollector <> - PERF_STAT : "     2.525318245;CPU10;69236;;UNC_M_CAS_COUNT.WR[UNIT0];10278250;100.00;;"
9056 [140042433455808] INFO perfrun.perfcollector <> - PERF_STAT : "     2.525318245;CPU0;501;;UNC_M_CAS_COUNT.WR[UNIT1];10304951;100.00;;"
9056 [140042433455808] INFO perfrun.perfcollector <> - PERF_STAT : "     2.525318245;CPU10;68577;;UNC_M_CAS_COUNT.WR[UNIT1];10278003;100.00;;"
9056 [140042433455808] INFO perfrun.perfcollector <> - PERF_STAT : "     2.525318245;CPU0;463;;UNC_M_CAS_COUNT.WR[UNIT4];10304802;100.00;;"
9056 [140042433455808] INFO perfrun.perfcollector <> - PERF_STAT : "     2.525318245;CPU10;69061;;UNC_M_CAS_COUNT.WR[UNIT4];10277766;100.00;;"
9056 [140042433455808] INFO perfrun.perfcollector <> - PERF_STAT : "     2.525318245;CPU0;510;;UNC_M_CAS_COUNT.WR[UNIT5];10304673;100.00;;"
9056 [140042433455808] INFO perfrun.perfcollector <> - PERF_STAT : "     2.525318245;CPU10;68667;;UNC_M_CAS_COUNT.WR[UNIT5];10277909;100.00;;"
9066 [140042433455808] INFO perfrun.perfcollector <> - PERF_STAT : "     2.535594664;CPU0;281;;UNC_M_CAS_COUNT.RD[UNIT0];10297172;100.00;;"
9066 [140042433455808] INFO perfrun.perfcollector <> - PERF_STAT : "     2.535594664;CPU10;71255;;UNC_M_CAS_COUNT.RD[UNIT0];10297066;100.00;;"
9066 [140042433455808] INFO perfrun.perfcollector <> - PERF_STAT : "     2.535594664;CPU0;339;;UNC_M_CAS_COUNT.RD[UNIT1];10297277;100.00;;"
9066 [140042433455808] INFO perfrun.perfcollector <> - PERF_STAT : "     2.535594664;CPU10;70723;;UNC_M_CAS_COUNT.RD[UNIT1];10296808;100.00;;"
9066 [140042433455808] INFO perfrun.perfcollector <> - PERF_STAT : "     2.535594664;CPU0;280;;UNC_M_CAS_COUNT.RD[UNIT4];10297280;100.00;;"
9066 [140042433455808] INFO perfrun.perfcollector <> - PERF_STAT : "     2.535594664;CPU10;71272;;UNC_M_CAS_COUNT.RD[UNIT4];10296538;100.00;;"
9066 [140042433455808] INFO perfrun.perfcollector <> - PERF_STAT : "     2.535594664;CPU0;345;;UNC_M_CAS_COUNT.RD[UNIT5];10296991;100.00;;"
9066 [140042433455808] INFO perfrun.perfcollector <> - PERF_STAT : "     2.535594664;CPU10;70727;;UNC_M_CAS_COUNT.RD[UNIT5];10296554;100.00;;"
9066 [140042433455808] INFO perfrun.perfcollector <> - PERF_STAT : "     2.535594664;CPU0;79;;UNC_M_CAS_COUNT.WR[UNIT0];10296825;100.00;;"
9066 [140042433455808] INFO perfrun.perfcollector <> - PERF_STAT : "     2.535594664;CPU10;70649;;UNC_M_CAS_COUNT.WR[UNIT0];10296630;100.00;;"
9066 [140042433455808] INFO perfrun.perfcollector <> - PERF_STAT : "     2.535594664;CPU0;112;;UNC_M_CAS_COUNT.WR[UNIT1];10296792;100.00;;"
9066 [140042433455808] INFO perfrun.perfcollector <> - PERF_STAT : "     2.535594664;CPU10;70171;;UNC_M_CAS_COUNT.WR[UNIT1];10296537;100.00;;"
9066 [140042433455808] INFO perfrun.perfcollector <> - PERF_STAT : "     2.535594664;CPU0;66;;UNC_M_CAS_COUNT.WR[UNIT4];10296798;100.00;;"
9066 [140042433455808] INFO perfrun.perfcollector <> - PERF_STAT : "     2.535594664;CPU10;70551;;UNC_M_CAS_COUNT.WR[UNIT4];10296760;100.00;;"
9066 [140042433455808] INFO perfrun.perfcollector <> - PERF_STAT : "     2.535594664;CPU0;119;;UNC_M_CAS_COUNT.WR[UNIT5];10296784;100.00;;"
9066 [140042433455808] INFO perfrun.perfcollector <> - PERF_STAT : "     2.535594664;CPU10;69898;;UNC_M_CAS_COUNT.WR[UNIT5];10296610;100.00;;"
9076 [140042433455808] INFO perfrun.perfcollector <> - PERF_STAT : "     2.545892210;CPU0;1576;;UNC_M_CAS_COUNT.RD[UNIT0];10291311;100.00;;"
9076 [140042433455808] INFO perfrun.perfcollector <> - PERF_STAT : "     2.545892210;CPU10;69456;;UNC_M_CAS_COUNT.RD[UNIT0];10322889;100.00;;"
9076 [140042433455808] INFO perfrun.perfcollector <> - PERF_STAT : "     2.545892210;CPU0;1841;;UNC_M_CAS_COUNT.RD[UNIT1];10294009;100.00;;"
9076 [140042433455808] INFO perfrun.perfcollector <> - PERF_STAT : "     2.545892210;CPU10;68926;;UNC_M_CAS_COUNT.RD[UNIT1];10323419;100.00;;"
9077 [140042433455808] INFO perfrun.perfcollector <> - PERF_STAT : "     2.545892210;CPU0;1518;;UNC_M_CAS_COUNT.RD[UNIT4];10295965;100.00;;"
9077 [140042433455808] INFO perfrun.perfcollector <> - PERF_STAT : "     2.545892210;CPU10;69480;;UNC_M_CAS_COUNT.RD[UNIT4];10323811;100.00;;"
9077 [140042433455808] INFO perfrun.perfcollector <> - PERF_STAT : "     2.545892210;CPU0;1806;;UNC_M_CAS_COUNT.RD[UNIT5];10297746;100.00;;"
9077 [140042433455808] INFO perfrun.perfcollector <> - PERF_STAT : "     2.545892210;CPU10;68916;;UNC_M_CAS_COUNT.RD[UNIT5];10323697;100.00;;"
9077 [140042433455808] INFO perfrun.perfcollector <> - PERF_STAT : "     2.545892210;CPU0;73;;UNC_M_CAS_COUNT.WR[UNIT0];10299590;100.00;;"
9077 [140042433455808] INFO perfrun.perfcollector <> - PERF_STAT : "     2.545892210;CPU10;69699;;UNC_M_CAS_COUNT.WR[UNIT0];10323705;100.00;;"
9077 [140042433455808] INFO perfrun.perfcollector <> - PERF_STAT : "     2.545892210;CPU0;154;;UNC_M_CAS_COUNT.WR[UNIT1];10301458;100.00;;"
9077 [140042433455808] INFO perfrun.perfcollector <> - PERF_STAT : "     2.545892210;CPU10;68994;;UNC_M_CAS_COUNT.WR[UNIT1];10323810;100.00;;"
9077 [140042433455808] INFO perfrun.perfcollector <> - PERF_STAT : "     2.545892210;CPU0;61;;UNC_M_CAS_COUNT.WR[UNIT4];10303427;100.00;;"
9077 [140042433455808] INFO perfrun.perfcollector <> - PERF_STAT : "     2.545892210;CPU10;69805;;UNC_M_CAS_COUNT.WR[UNIT4];10323744;100.00;;"
9077 [140042433455808] INFO perfrun.perfcollector <> - PERF_STAT : "     2.545892210;CPU0;158;;UNC_M_CAS_COUNT.WR[UNIT5];10305281;100.00;;"
9077 [140042433455808] INFO perfrun.perfcollector <> - PERF_STAT : "     2.545892210;CPU10;69150;;UNC_M_CAS_COUNT.WR[UNIT5];10323763;100.00;;"
9087 [140042433455808] INFO perfrun.perfcollector <> - PERF_STAT : "     2.556219172;CPU0;867;;UNC_M_CAS_COUNT.RD[UNIT0];10327862;100.00;;"
9087 [140042433455808] INFO perfrun.perfcollector <> - PERF_STAT : "     2.556219172;CPU10;70260;;UNC_M_CAS_COUNT.RD[UNIT0];10327207;100.00;;"
9087 [140042433455808] INFO perfrun.perfcollector <> - PERF_STAT : "     2.556219172;CPU0;860;;UNC_M_CAS_COUNT.RD[UNIT1];10327922;100.00;;"
9087 [140042433455808] INFO perfrun.perfcollector <> - PERF_STAT : "     2.556219172;CPU10;69713;;UNC_M_CAS_COUNT.RD[UNIT1];10327032;100.00;;"
9087 [140042433455808] INFO perfrun.perfcollector <> - PERF_STAT : "     2.556219172;CPU0;830;;UNC_M_CAS_COUNT.RD[UNIT4];10328037;100.00;;"
9087 [140042433455808] INFO perfrun.perfcollector <> - PERF_STAT : "     2.556219172;CPU10;70255;;UNC_M_CAS_COUNT.RD[UNIT4];10326794;100.00;;"
9087 [140042433455808] INFO perfrun.perfcollector <> - PERF_STAT : "     2.556219172;CPU0;857;;UNC_M_CAS_COUNT.RD[UNIT5];10328093;100.00;;"
9087 [140042433455808] INFO perfrun.perfcollector <> - PERF_STAT : "     2.556219172;CPU10;69678;;UNC_M_CAS_COUNT.RD[UNIT5];10326962;100.00;;"
9087 [140042433455808] INFO perfrun.perfcollector <> - PERF_STAT : "     2.556219172;CPU0;37;;UNC_M_CAS_COUNT.WR[UNIT0];10328075;100.00;;"
9087 [140042433455808] INFO perfrun.perfcollector <> - PERF_STAT : "     2.556219172;CPU10;69814;;UNC_M_CAS_COUNT.WR[UNIT0];10327051;100.00;;"
9087 [140042433455808] INFO perfrun.perfcollector <> - PERF_STAT : "     2.556219172;CPU0;88;;UNC_M_CAS_COUNT.WR[UNIT1];10328076;100.00;;"
9087 [140042433455808] INFO perfrun.perfcollector <> - PERF_STAT : "     2.556219172;CPU10;69537;;UNC_M_CAS_COUNT.WR[UNIT1];10327050;100.00;;"
9087 [140042433455808] INFO perfrun.perfcollector <> - PERF_STAT : "     2.556219172;CPU0;52;;UNC_M_CAS_COUNT.WR[UNIT4];10327979;100.00;;"
9087 [140042433455808] INFO perfrun.perfcollector <> - PERF_STAT : "     2.556219172;CPU10;69882;;UNC_M_CAS_COUNT.WR[UNIT4];10326935;100.00;;"
9087 [140042433455808] INFO perfrun.perfcollector <> - PERF_STAT : "     2.556219172;CPU0;98;;UNC_M_CAS_COUNT.WR[UNIT5];10327979;100.00;;"
9087 [140042433455808] INFO perfrun.perfcollector <> - PERF_STAT : "     2.556219172;CPU10;69444;;UNC_M_CAS_COUNT.WR[UNIT5];10326940;100.00;;"
9097 [140042433455808] INFO perfrun.perfcollector <> - PERF_STAT : "     2.566544034;CPU0;289;;UNC_M_CAS_COUNT.RD[UNIT0];10326456;100.00;;"
9097 [140042433455808] INFO perfrun.perfcollector <> - PERF_STAT : "     2.566544034;CPU10;71174;;UNC_M_CAS_COUNT.RD[UNIT0];10327022;100.00;;"
9097 [140042433455808] INFO perfrun.perfcollector <> - PERF_STAT : "     2.566544034;CPU0;325;;UNC_M_CAS_COUNT.RD[UNIT1];10326459;100.00;;"
9097 [140042433455808] INFO perfrun.perfcollector <> - PERF_STAT : "     2.566544034;CPU10;70656;;UNC_M_CAS_COUNT.RD[UNIT1];10326935;100.00;;"
9097 [140042433455808] INFO perfrun.perfcollector <> - PERF_STAT : "     2.566544034;CPU0;277;;UNC_M_CAS_COUNT.RD[UNIT4];10326298;100.00;;"
9097 [140042433455808] INFO perfrun.perfcollector <> - PERF_STAT : "     2.566544034;CPU10;71183;;UNC_M_CAS_COUNT.RD[UNIT4];10326786;100.00;;"
9097 [140042433455808] INFO perfrun.perfcollector <> - PERF_STAT : "     2.566544034;CPU0;310;;UNC_M_CAS_COUNT.RD[UNIT5];10326164;100.00;;"
9097 [140042433455808] INFO perfrun.perfcollector <> - PERF_STAT : "     2.566544034;CPU10;70622;;UNC_M_CAS_COUNT.RD[UNIT5];10326806;100.00;;"
9097 [140042433455808] INFO perfrun.perfcollector <> - PERF_STAT : "     2.566544034;CPU0;164;;UNC_M_CAS_COUNT.WR[UNIT0];10326178;100.00;;"
9097 [140042433455808] INFO perfrun.perfcollector <> - PERF_STAT : "     2.566544034;CPU10;70153;;UNC_M_CAS_COUNT.WR[UNIT0];10326837;100.00;;"
9097 [140042433455808] INFO perfrun.perfcollector <> - PERF_STAT : "     2.566544034;CPU0;175;;UNC_M_CAS_COUNT.WR[UNIT1];10326218;100.00;;"
9097 [140042433455808] INFO perfrun.perfcollector <> - PERF_STAT : "     2.566544034;CPU10;69579;;UNC_M_CAS_COUNT.WR[UNIT1];10326978;100.00;;"
9097 [140042433455808] INFO perfrun.perfcollector <> - PERF_STAT : "     2.566544034;CPU0;132;;UNC_M_CAS_COUNT.WR[UNIT4];10326194;100.00;;"
9097 [140042433455808] INFO perfrun.perfcollector <> - PERF_STAT : "     2.566544034;CPU10;70103;;UNC_M_CAS_COUNT.WR[UNIT4];10326950;100.00;;"
9097 [140042433455808] INFO perfrun.perfcollector <> - PERF_STAT : "     2.566544034;CPU0;172;;UNC_M_CAS_COUNT.WR[UNIT5];10326228;100.00;;"
9097 [140042433455808] INFO perfrun.perfcollector <> - PERF_STAT : "     2.566544034;CPU10;69661;;UNC_M_CAS_COUNT.WR[UNIT5];10327142;100.00;;"
9107 [140042433455808] INFO perfrun.perfcollector <> - PERF_STAT : "     2.576871186;CPU0;412;;UNC_M_CAS_COUNT.RD[UNIT0];10325850;100.00;;"
9107 [140042433455808] INFO perfrun.perfcollector <> - PERF_STAT : "     2.576871186;CPU10;71202;;UNC_M_CAS_COUNT.RD[UNIT0];10324922;100.00;;"
9107 [140042433455808] INFO perfrun.perfcollector <> - PERF_STAT : "     2.576871186;CPU0;468;;UNC_M_CAS_COUNT.RD[UNIT1];10325847;100.00;;"
9107 [140042433455808] INFO perfrun.perfcollector <> - PERF_STAT : "     2.576871186;CPU10;70623;;UNC_M_CAS_COUNT.RD[UNIT1];10324907;100.00;;"
9107 [140042433455808] INFO perfrun.perfcollector <> - PERF_STAT : "     2.576871186;CPU0;424;;UNC_M_CAS_COUNT.RD[UNIT4];10325987;100.00;;"
9107 [140042433455808] INFO perfrun.perfcollector <> - PERF_STAT : "     2.576871186;CPU10;71183;;UNC_M_CAS_COUNT.RD[UNIT4];10324948;100.00;;"
9108 [140042433455808] INFO perfrun.perfcollector <> - PERF_STAT : "     2.576871186;CPU0;446;;UNC_M_CAS_COUNT.RD[UNIT5];10326185;100.00;;"
9108 [140042433455808] INFO perfrun.perfcollector <> - PERF_STAT : "     2.576871186;CPU10;70625;;UNC_M_CAS_COUNT.RD[UNIT5];10324938;100.00;;"
9108 [140042433455808] INFO perfrun.perfcollector <> - PERF_STAT : "     2.576871186;CPU0;209;;UNC_M_CAS_COUNT.WR[UNIT0];10326211;100.00;;"
9108 [140042433455808] INFO perfrun.perfcollector <> - PERF_STAT : "     2.576871186;CPU10;70786;;UNC_M_CAS_COUNT.WR[UNIT0];10324988;100.00;;"
9108 [140042433455808] INFO perfrun.perfcollector <> - PERF_STAT : "     2.576871186;CPU0;221;;UNC_M_CAS_COUNT.WR[UNIT1];10326174;100.00;;"
9108 [140042433455808] INFO perfrun.perfcollector <> - PERF_STAT : "     2.576871186;CPU10;70141;;UNC_M_CAS_COUNT.WR[UNIT1];10324835;100.00;;"
9108 [140042433455808] INFO perfrun.perfcollector <> - PERF_STAT : "     2.576871186;CPU0;212;;UNC_M_CAS_COUNT.WR[UNIT4];10326208;100.00;;"
9108 [140042433455808] INFO perfrun.perfcollector <> - PERF_STAT : "     2.576871186;CPU10;70868;;UNC_M_CAS_COUNT.WR[UNIT4];10324783;100.00;;"
9108 [140042433455808] INFO perfrun.perfcollector <> - PERF_STAT : "     2.576871186;CPU0;223;;UNC_M_CAS_COUNT.WR[UNIT5];10326194;100.00;;"
9108 [140042433455808] INFO perfrun.perfcollector <> - PERF_STAT : "     2.576871186;CPU10;70036;;UNC_M_CAS_COUNT.WR[UNIT5];10324776;100.00;;"
9118 [140042433455808] INFO perfrun.perfcollector <> - PERF_STAT : "     2.587195564;CPU0;303;;UNC_M_CAS_COUNT.RD[UNIT0];10280637;100.00;;"
9118 [140042433455808] INFO perfrun.perfcollector <> - PERF_STAT : "     2.587195564;CPU10;70477;;UNC_M_CAS_COUNT.RD[UNIT0];10250593;100.00;;"
9118 [140042433455808] INFO perfrun.perfcollector <> - PERF_STAT : "     2.587195564;CPU0;326;;UNC_M_CAS_COUNT.RD[UNIT1];10277704;100.00;;"
9118 [140042433455808] INFO perfrun.perfcollector <> - PERF_STAT : "     2.587195564;CPU10;69914;;UNC_M_CAS_COUNT.RD[UNIT1];10250584;100.00;;"
9118 [140042433455808] INFO perfrun.perfcollector <> - PERF_STAT : "     2.587195564;CPU0;270;;UNC_M_CAS_COUNT.RD[UNIT4];10275947;100.00;;"
9118 [140042433455808] INFO perfrun.perfcollector <> - PERF_STAT : "     2.587195564;CPU10;70451;;UNC_M_CAS_COUNT.RD[UNIT4];10250546;100.00;;"
9118 [140042433455808] INFO perfrun.perfcollector <> - PERF_STAT : "     2.587195564;CPU0;302;;UNC_M_CAS_COUNT.RD[UNIT5];10274086;100.00;;"
9118 [140042433455808] INFO perfrun.perfcollector <> - PERF_STAT : "     2.587195564;CPU10;69900;;UNC_M_CAS_COUNT.RD[UNIT5];10250576;100.00;;"
9118 [140042433455808] INFO perfrun.perfcollector <> - PERF_STAT : "     2.587195564;CPU0;43;;UNC_M_CAS_COUNT.WR[UNIT0];10272296;100.00;;"
9118 [140042433455808] INFO perfrun.perfcollector <> - PERF_STAT : "     2.587195564;CPU10;69947;;UNC_M_CAS_COUNT.WR[UNIT0];10250612;100.00;;"
9118 [140042433455808] INFO perfrun.perfcollector <> - PERF_STAT : "     2.587195564;CPU0;68;;UNC_M_CAS_COUNT.WR[UNIT1];10270443;100.00;;"
9118 [140042433455808] INFO perfrun.perfcollector <> - PERF_STAT : "     2.587195564;CPU10;69366;;UNC_M_CAS_COUNT.WR[UNIT1];10250602;100.00;;"
9118 [140042433455808] INFO perfrun.perfcollector <> - PERF_STAT : "     2.587195564;CPU0;35;;UNC_M_CAS_COUNT.WR[UNIT4];10268556;100.00;;"
9118 [140042433455808] INFO perfrun.perfcollector <> - PERF_STAT : "     2.587195564;CPU10;70029;;UNC_M_CAS_COUNT.WR[UNIT4];10250672;100.00;;"
9118 [140042433455808] INFO perfrun.perfcollector <> - PERF_STAT : "     2.587195564;CPU0;60;;UNC_M_CAS_COUNT.WR[UNIT5];10266690;100.00;;"
9118 [140042433455808] INFO perfrun.perfcollector <> - PERF_STAT : "     2.587195564;CPU10;69624;;UNC_M_CAS_COUNT.WR[UNIT5];10250426;100.00;;"
9128 [140042433455808] INFO perfrun.perfcollector <> - PERF_STAT : "     2.597448319;CPU0;310;;UNC_M_CAS_COUNT.RD[UNIT0];10295827;100.00;;"
9128 [140042433455808] INFO perfrun.perfcollector <> - PERF_STAT : "     2.597448319;CPU10;70055;;UNC_M_CAS_COUNT.RD[UNIT0];10326142;100.00;;"
9128 [140042433455808] INFO perfrun.perfcollector <> - PERF_STAT : "     2.597448319;CPU0;334;;UNC_M_CAS_COUNT.RD[UNIT1];10298589;100.00;;"
9128 [140042433455808] INFO perfrun.perfcollector <> - PERF_STAT : "     2.597448319;CPU10;69532;;UNC_M_CAS_COUNT.RD[UNIT1];10326119;100.00;;"
9128 [140042433455808] INFO perfrun.perfcollector <> - PERF_STAT : "     2.597448319;CPU0;291;;UNC_M_CAS_COUNT.RD[UNIT4];10300350;100.00;;"
9128 [140042433455808] INFO perfrun.perfcollector <> - PERF_STAT : "     2.597448319;CPU10;70061;;UNC_M_CAS_COUNT.RD[UNIT4];10326277;100.00;;"
9128 [140042433455808] INFO perfrun.perfcollector <> - PERF_STAT : "     2.597448319;CPU0;321;;UNC_M_CAS_COUNT.RD[UNIT5];10302070;100.00;;"
9128 [140042433455808] INFO perfrun.perfcollector <> - PERF_STAT : "     2.597448319;CPU10;69500;;UNC_M_CAS_COUNT.RD[UNIT5];10326495;100.00;;"
9128 [140042433455808] INFO perfrun.perfcollector <> - PERF_STAT : "     2.597448319;CPU0;24;;UNC_M_CAS_COUNT.WR[UNIT0];10303864;100.00;;"
9128 [140042433455808] INFO perfrun.perfcollector <> - PERF_STAT : "     2.597448319;CPU10;69750;;UNC_M_CAS_COUNT.WR[UNIT0];10326556;100.00;;"
9128 [140042433455808] INFO perfrun.perfcollector <> - PERF_STAT : "     2.597448319;CPU0;48;;UNC_M_CAS_COUNT.WR[UNIT1];10305727;100.00;;"
9128 [140042433455808] INFO perfrun.perfcollector <> - PERF_STAT : "     2.597448319;CPU10;69168;;UNC_M_CAS_COUNT.WR[UNIT1];10326574;100.00;;"
9128 [140042433455808] INFO perfrun.perfcollector <> - PERF_STAT : "     2.597448319;CPU0;28;;UNC_M_CAS_COUNT.WR[UNIT4];10307665;100.00;;"
9128 [140042433455808] INFO perfrun.perfcollector <> - PERF_STAT : "     2.597448319;CPU10;69616;;UNC_M_CAS_COUNT.WR[UNIT4];10326562;100.00;;"
9128 [140042433455808] INFO perfrun.perfcollector <> - PERF_STAT : "     2.597448319;CPU0;46;;UNC_M_CAS_COUNT.WR[UNIT5];10309527;100.00;;"
9128 [140042433455808] INFO perfrun.perfcollector <> - PERF_STAT : "     2.597448319;CPU10;69063;;UNC_M_CAS_COUNT.WR[UNIT5];10326674;100.00;;"
9138 [140042433455808] INFO perfrun.perfcollector <> - PERF_STAT : "     2.607776352;CPU0;430;;UNC_M_CAS_COUNT.RD[UNIT0];10325016;100.00;;"
9138 [140042433455808] INFO perfrun.perfcollector <> - PERF_STAT : "     2.607776352;CPU10;68924;;UNC_M_CAS_COUNT.RD[UNIT0];10326401;100.00;;"
9138 [140042433455808] INFO perfrun.perfcollector <> - PERF_STAT : "     2.607776352;CPU0;469;;UNC_M_CAS_COUNT.RD[UNIT1];10325250;100.00;;"
9138 [140042433455808] INFO perfrun.perfcollector <> - PERF_STAT : "     2.607776352;CPU10;68416;;UNC_M_CAS_COUNT.RD[UNIT1];10326531;100.00;;"
9138 [140042433455808] INFO perfrun.perfcollector <> - PERF_STAT : "     2.607776352;CPU0;441;;UNC_M_CAS_COUNT.RD[UNIT4];10325276;100.00;;"
9138 [140042433455808] INFO perfrun.perfcollector <> - PERF_STAT : "     2.607776352;CPU10;68935;;UNC_M_CAS_COUNT.RD[UNIT4];10326405;100.00;;"
9138 [140042433455808] INFO perfrun.perfcollector <> - PERF_STAT : "     2.607776352;CPU0;446;;UNC_M_CAS_COUNT.RD[UNIT5];10325400;100.00;;"
9138 [140042433455808] INFO perfrun.perfcollector <> - PERF_STAT : "     2.607776352;CPU10;68369;;UNC_M_CAS_COUNT.RD[UNIT5];10325951;100.00;;"
9138 [140042433455808] INFO perfrun.perfcollector <> - PERF_STAT : "     2.607776352;CPU0;16;;UNC_M_CAS_COUNT.WR[UNIT0];10325376;100.00;;"
9138 [140042433455808] INFO perfrun.perfcollector <> - PERF_STAT : "     2.607776352;CPU10;68623;;UNC_M_CAS_COUNT.WR[UNIT0];10325769;100.00;;"
9138 [140042433455808] INFO perfrun.perfcollector <> - PERF_STAT : "     2.607776352;CPU0;35;;UNC_M_CAS_COUNT.WR[UNIT1];10325380;100.00;;"
9139 [140042433455808] INFO perfrun.perfcollector <> - PERF_STAT : "     2.607776352;CPU10;68261;;UNC_M_CAS_COUNT.WR[UNIT1];10325758;100.00;;"
9139 [140042433455808] INFO perfrun.perfcollector <> - PERF_STAT : "     2.607776352;CPU0;10;;UNC_M_CAS_COUNT.WR[UNIT4];10325312;100.00;;"
9139 [140042433455808] INFO perfrun.perfcollector <> - PERF_STAT : "     2.607776352;CPU10;68530;;UNC_M_CAS_COUNT.WR[UNIT4];10325777;100.00;;"
9139 [140042433455808] INFO perfrun.perfcollector <> - PERF_STAT : "     2.607776352;CPU0;33;;UNC_M_CAS_COUNT.WR[UNIT5];10325273;100.00;;"
9139 [140042433455808] INFO perfrun.perfcollector <> - PERF_STAT : "     2.607776352;CPU10;68101;;UNC_M_CAS_COUNT.WR[UNIT5];10325747;100.00;;"
9149 [140042433455808] INFO perfrun.perfcollector <> - PERF_STAT : "     2.618100682;CPU0;381;;UNC_M_CAS_COUNT.RD[UNIT0];10329899;100.00;;"
9149 [140042433455808] INFO perfrun.perfcollector <> - PERF_STAT : "     2.618100682;CPU10;70843;;UNC_M_CAS_COUNT.RD[UNIT0];10327449;100.00;;"
9149 [140042433455808] INFO perfrun.perfcollector <> - PERF_STAT : "     2.618100682;CPU0;400;;UNC_M_CAS_COUNT.RD[UNIT1];10329829;100.00;;"
9149 [140042433455808] INFO perfrun.perfcollector <> - PERF_STAT : "     2.618100682;CPU10;70324;;UNC_M_CAS_COUNT.RD[UNIT1];10327464;100.00;;"
9149 [140042433455808] INFO perfrun.perfcollector <> - PERF_STAT : "     2.618100682;CPU0;380;;UNC_M_CAS_COUNT.RD[UNIT4];10329663;100.00;;"
9149 [140042433455808] INFO perfrun.perfcollector <> - PERF_STAT : "     2.618100682;CPU10;70850;;UNC_M_CAS_COUNT.RD[UNIT4];10327575;100.00;;"
9149 [140042433455808] INFO perfrun.perfcollector <> - PERF_STAT : "     2.618100682;CPU0;395;;UNC_M_CAS_COUNT.RD[UNIT5];10329478;100.00;;"
9149 [140042433455808] INFO perfrun.perfcollector <> - PERF_STAT : "     2.618100682;CPU10;70307;;UNC_M_CAS_COUNT.RD[UNIT5];10327621;100.00;;"
9149 [140042433455808] INFO perfrun.perfcollector <> - PERF_STAT : "     2.618100682;CPU0;21;;UNC_M_CAS_COUNT.WR[UNIT0];10329436;100.00;;"
9149 [140042433455808] INFO perfrun.perfcollector <> - PERF_STAT : "     2.618100682;CPU10;70445;;UNC_M_CAS_COUNT.WR[UNIT0];10327624;100.00;;"
9149 [140042433455808] INFO perfrun.perfcollector <> - PERF_STAT : "     2.618100682;CPU0;44;;UNC_M_CAS_COUNT.WR[UNIT1];10329579;100.00;;"
9149 [140042433455808] INFO perfrun.perfcollector <> - PERF_STAT : "     2.618100682;CPU10;69900;;UNC_M_CAS_COUNT.WR[UNIT1];10327634;100.00;;"
9149 [140042433455808] INFO perfrun.perfcollector <> - PERF_STAT : "     2.618100682;CPU0;22;;UNC_M_CAS_COUNT.WR[UNIT4];10329714;100.00;;"
9149 [140042433455808] INFO perfrun.perfcollector <> - PERF_STAT : "     2.618100682;CPU10;70608;;UNC_M_CAS_COUNT.WR[UNIT4];10327803;100.00;;"
9149 [140042433455808] INFO perfrun.perfcollector <> - PERF_STAT : "     2.618100682;CPU0;46;;UNC_M_CAS_COUNT.WR[UNIT5];10329766;100.00;;"
9149 [140042433455808] INFO perfrun.perfcollector <> - PERF_STAT : "     2.618100682;CPU10;70155;;UNC_M_CAS_COUNT.WR[UNIT5];10327749;100.00;;"
9159 [140042433455808] INFO perfrun.perfcollector <> - PERF_STAT : "     2.628432474;CPU0;875;;UNC_M_CAS_COUNT.RD[UNIT0];10325800;100.00;;"
9159 [140042433455808] INFO perfrun.perfcollector <> - PERF_STAT : "     2.628432474;CPU10;71428;;UNC_M_CAS_COUNT.RD[UNIT0];10326512;100.00;;"
9159 [140042433455808] INFO perfrun.perfcollector <> - PERF_STAT : "     2.628432474;CPU0;985;;UNC_M_CAS_COUNT.RD[UNIT1];10325767;100.00;;"
9159 [140042433455808] INFO perfrun.perfcollector <> - PERF_STAT : "     2.628432474;CPU10;70897;;UNC_M_CAS_COUNT.RD[UNIT1];10326640;100.00;;"
9159 [140042433455808] INFO perfrun.perfcollector <> - PERF_STAT : "     2.628432474;CPU0;933;;UNC_M_CAS_COUNT.RD[UNIT4];10325743;100.00;;"
9159 [140042433455808] INFO perfrun.perfcollector <> - PERF_STAT : "     2.628432474;CPU10;71378;;UNC_M_CAS_COUNT.RD[UNIT4];10326659;100.00;;"
9159 [140042433455808] INFO perfrun.perfcollector <> - PERF_STAT : "     2.628432474;CPU0;904;;UNC_M_CAS_COUNT.RD[UNIT5];10325801;100.00;;"
9159 [140042433455808] INFO perfrun.perfcollector <> - PERF_STAT : "     2.628432474;CPU10;70893;;UNC_M_CAS_COUNT.RD[UNIT5];10326737;100.00;;"
9159 [140042433455808] INFO perfrun.perfcollector <> - PERF_STAT : "     2.628432474;CPU0;82;;UNC_M_CAS_COUNT.WR[UNIT0];10325844;100.00;;"
9159 [140042433455808] INFO perfrun.perfcollector <> - PERF_STAT : "     2.628432474;CPU10;71409;;UNC_M_CAS_COUNT.WR[UNIT0];10326756;100.00;;"
9159 [140042433455808] INFO perfrun.perfcollector <> - PERF_STAT : "     2.628432474;CPU0;161;;UNC_M_CAS_COUNT.WR[UNIT1];10325707;100.00;;"
9159 [140042433455808] INFO perfrun.perfcollector <> - PERF_STAT : "     2.628432474;CPU10;70738;;UNC_M_CAS_COUNT.WR[UNIT1];10326757;100.00;;"
9159 [140042433455808] INFO perfrun.perfcollector <> - PERF_STAT : "     2.628432474;CPU0;92;;UNC_M_CAS_COUNT.WR[UNIT4];10325750;100.00;;"
9159 [140042433455808] INFO perfrun.perfcollector <> - PERF_STAT : "     2.628432474;CPU10;71388;;UNC_M_CAS_COUNT.WR[UNIT4];10326583;100.00;;"
9159 [140042433455808] INFO perfrun.perfcollector <> - PERF_STAT : "     2.628432474;CPU0;160;;UNC_M_CAS_COUNT.WR[UNIT5];10325897;100.00;;"
9159 [140042433455808] INFO perfrun.perfcollector <> - PERF_STAT : "     2.628432474;CPU10;70538;;UNC_M_CAS_COUNT.WR[UNIT5];10326558;100.00;;"
9169 [140042433455808] INFO perfrun.perfcollector <> - PERF_STAT : "     2.638760530;CPU0;276;;UNC_M_CAS_COUNT.RD[UNIT0];10341784;100.00;;"
9169 [140042433455808] INFO perfrun.perfcollector <> - PERF_STAT : "     2.638760530;CPU10;71170;;UNC_M_CAS_COUNT.RD[UNIT0];10340646;100.00;;"
9169 [140042433455808] INFO perfrun.perfcollector <> - PERF_STAT : "     2.638760530;CPU0;347;;UNC_M_CAS_COUNT.RD[UNIT1];10341854;100.00;;"
9169 [140042433455808] INFO perfrun.perfcollector <> - PERF_STAT : "     2.638760530;CPU10;70638;;UNC_M_CAS_COUNT.RD[UNIT1];10340521;100.00;;"
9169 [140042433455808] INFO perfrun.perfcollector <> - PERF_STAT : "     2.638760530;CPU0;288;;UNC_M_CAS_COUNT.RD[UNIT4];10341891;100.00;;"
9169 [140042433455808] INFO perfrun.perfcollector <> - PERF_STAT : "     2.638760530;CPU10;71178;;UNC_M_CAS_COUNT.RD[UNIT4];10340335;100.00;;"
9169 [140042433455808] INFO perfrun.perfcollector <> - PERF_STAT : "     2.638760530;CPU0;336;;UNC_M_CAS_COUNT.RD[UNIT5];10342128;100.00;;"
9169 [140042433455808] INFO perfrun.perfcollector <> - PERF_STAT : "     2.638760530;CPU10;70616;;UNC_M_CAS_COUNT.RD[UNIT5];10340324;100.00;;"
9169 [140042433455808] INFO perfrun.perfcollector <> - PERF_STAT : "     2.638760530;CPU0;45;;UNC_M_CAS_COUNT.WR[UNIT0];10342202;100.00;;"
9169 [140042433455808] INFO perfrun.perfcollector <> - PERF_STAT : "     2.638760530;CPU10;70531;;UNC_M_CAS_COUNT.WR[UNIT0];10340229;100.00;;"
9169 [140042433455808] INFO perfrun.perfcollector <> - PERF_STAT : "     2.638760530;CPU0;85;;UNC_M_CAS_COUNT.WR[UNIT1];10342208;100.00;;"
9169 [140042433455808] INFO perfrun.perfcollector <> - PERF_STAT : "     2.638760530;CPU10;70142;;UNC_M_CAS_COUNT.WR[UNIT1];10340209;100.00;;"
9170 [140042433455808] INFO perfrun.perfcollector <> - PERF_STAT : "     2.638760530;CPU0;50;;UNC_M_CAS_COUNT.WR[UNIT4];10342037;100.00;;"
9170 [140042433455808] INFO perfrun.perfcollector <> - PERF_STAT : "     2.638760530;CPU10;70303;;UNC_M_CAS_COUNT.WR[UNIT4];10340178;100.00;;"
9170 [140042433455808] INFO perfrun.perfcollector <> - PERF_STAT : "     2.638760530;CPU0;78;;UNC_M_CAS_COUNT.WR[UNIT5];10342005;100.00;;"
9170 [140042433455808] INFO perfrun.perfcollector <> - PERF_STAT : "     2.638760530;CPU10;70067;;UNC_M_CAS_COUNT.WR[UNIT5];10340180;100.00;;"
9180 [140042433455808] INFO perfrun.perfcollector <> - PERF_STAT : "     2.649102229;CPU0;517;;UNC_M_CAS_COUNT.RD[UNIT0];10327090;100.00;;"
9180 [140042433455808] INFO perfrun.perfcollector <> - PERF_STAT : "     2.649102229;CPU10;71385;;UNC_M_CAS_COUNT.RD[UNIT0];10328391;100.00;;"
9180 [140042433455808] INFO perfrun.perfcollector <> - PERF_STAT : "     2.649102229;CPU0;594;;UNC_M_CAS_COUNT.RD[UNIT1];10327037;100.00;;"
9180 [140042433455808] INFO perfrun.perfcollector <> - PERF_STAT : "     2.649102229;CPU10;70856;;UNC_M_CAS_COUNT.RD[UNIT1];10328383;100.00;;"
9180 [140042433455808] INFO perfrun.perfcollector <> - PERF_STAT : "     2.649102229;CPU0;523;;UNC_M_CAS_COUNT.RD[UNIT4];10327020;100.00;;"
9180 [140042433455808] INFO perfrun.perfcollector <> - PERF_STAT : "     2.649102229;CPU10;71332;;UNC_M_CAS_COUNT.RD[UNIT4];10328388;100.00;;"
9180 [140042433455808] INFO perfrun.perfcollector <> - PERF_STAT : "     2.649102229;CPU0;602;;UNC_M_CAS_COUNT.RD[UNIT5];10326833;100.00;;"
9180 [140042433455808] INFO perfrun.perfcollector <> - PERF_STAT : "     2.649102229;CPU10;70830;;UNC_M_CAS_COUNT.RD[UNIT5];10328388;100.00;;"
9180 [140042433455808] INFO perfrun.perfcollector <> - PERF_STAT : "     2.649102229;CPU0;31;;UNC_M_CAS_COUNT.WR[UNIT0];10326879;100.00;;"
9180 [140042433455808] INFO perfrun.perfcollector <> - PERF_STAT : "     2.649102229;CPU10;70791;;UNC_M_CAS_COUNT.WR[UNIT0];10328614;100.00;;"
9180 [140042433455808] INFO perfrun.perfcollector <> - PERF_STAT : "     2.649102229;CPU0;94;;UNC_M_CAS_COUNT.WR[UNIT1];10326883;100.00;;"
9180 [140042433455808] INFO perfrun.perfcollector <> - PERF_STAT : "     2.649102229;CPU10;70139;;UNC_M_CAS_COUNT.WR[UNIT1];10328631;100.00;;"
9180 [140042433455808] INFO perfrun.perfcollector <> - PERF_STAT : "     2.649102229;CPU0;20;;UNC_M_CAS_COUNT.WR[UNIT4];10326944;100.00;;"
9180 [140042433455808] INFO perfrun.perfcollector <> - PERF_STAT : "     2.649102229;CPU10;70930;;UNC_M_CAS_COUNT.WR[UNIT4];10328769;100.00;;"
9180 [140042433455808] INFO perfrun.perfcollector <> - PERF_STAT : "     2.649102229;CPU0;95;;UNC_M_CAS_COUNT.WR[UNIT5];10326980;100.00;;"
9180 [140042433455808] INFO perfrun.perfcollector <> - PERF_STAT : "     2.649102229;CPU10;70112;;UNC_M_CAS_COUNT.WR[UNIT5];10328758;100.00;;"
9190 [140042433455808] INFO perfrun.perfcollector <> - PERF_STAT : "     2.659429186;CPU0;844;;UNC_M_CAS_COUNT.RD[UNIT0];10326002;100.00;;"
9190 [140042433455808] INFO perfrun.perfcollector <> - PERF_STAT : "     2.659429186;CPU10;70264;;UNC_M_CAS_COUNT.RD[UNIT0];10325786;100.00;;"
9190 [140042433455808] INFO perfrun.perfcollector <> - PERF_STAT : "     2.659429186;CPU0;850;;UNC_M_CAS_COUNT.RD[UNIT1];10326121;100.00;;"
9190 [140042433455808] INFO perfrun.perfcollector <> - PERF_STAT : "     2.659429186;CPU10;69731;;UNC_M_CAS_COUNT.RD[UNIT1];10325592;100.00;;"
9190 [140042433455808] INFO perfrun.perfcollector <> - PERF_STAT : "     2.659429186;CPU0;827;;UNC_M_CAS_COUNT.RD[UNIT4];10326232;100.00;;"
9190 [140042433455808] INFO perfrun.perfcollector <> - PERF_STAT : "     2.659429186;CPU10;70315;;UNC_M_CAS_COUNT.RD[UNIT4];10325723;100.00;;"
9190 [140042433455808] INFO perfrun.perfcollector <> - PERF_STAT : "     2.659429186;CPU0;900;;UNC_M_CAS_COUNT.RD[UNIT5];10326305;100.00;;"
9190 [140042433455808] INFO perfrun.perfcollector <> - PERF_STAT : "     2.659429186;CPU10;69720;;UNC_M_CAS_COUNT.RD[UNIT5];10325754;100.00;;"
9190 [140042433455808] INFO perfrun.perfcollector <> - PERF_STAT : "     2.659429186;CPU0;50;;UNC_M_CAS_COUNT.WR[UNIT0];10326204;100.00;;"
9190 [140042433455808] INFO perfrun.perfcollector <> - PERF_STAT : "     2.659429186;CPU10;70246;;UNC_M_CAS_COUNT.WR[UNIT0];10325865;100.00;;"
9190 [140042433455808] INFO perfrun.perfcollector <> - PERF_STAT : "     2.659429186;CPU0;93;;UNC_M_CAS_COUNT.WR[UNIT1];10326208;100.00;;"
9190 [140042433455808] INFO perfrun.perfcollector <> - PERF_STAT : "     2.659429186;CPU10;69728;;UNC_M_CAS_COUNT.WR[UNIT1];10325875;100.00;;"
9190 [140042433455808] INFO perfrun.perfcollector <> - PERF_STAT : "     2.659429186;CPU0;51;;UNC_M_CAS_COUNT.WR[UNIT4];10326134;100.00;;"
9190 [140042433455808] INFO perfrun.perfcollector <> - PERF_STAT : "     2.659429186;CPU10;70357;;UNC_M_CAS_COUNT.WR[UNIT4];10325727;100.00;;"
9190 [140042433455808] INFO perfrun.perfcollector <> - PERF_STAT : "     2.659429186;CPU0;95;;UNC_M_CAS_COUNT.WR[UNIT5];10325970;100.00;;"
9190 [140042433455808] INFO perfrun.perfcollector <> - PERF_STAT : "     2.659429186;CPU10;69921;;UNC_M_CAS_COUNT.WR[UNIT5];10325730;100.00;;"
9201 [140042433455808] INFO perfrun.perfcollector <> - PERF_STAT : "     2.669751888;CPU0;1525;;UNC_M_CAS_COUNT.RD[UNIT0];10661444;100.00;;"
9201 [140042433455808] INFO perfrun.perfcollector <> - PERF_STAT : "     2.669751888;CPU10;70691;;UNC_M_CAS_COUNT.RD[UNIT0];10634654;100.00;;"
9201 [140042433455808] INFO perfrun.perfcollector <> - PERF_STAT : "     2.669751888;CPU0;1870;;UNC_M_CAS_COUNT.RD[UNIT1];10658954;100.00;;"
9201 [140042433455808] INFO perfrun.perfcollector <> - PERF_STAT : "     2.669751888;CPU10;70113;;UNC_M_CAS_COUNT.RD[UNIT1];10634559;100.00;;"
9201 [140042433455808] INFO perfrun.perfcollector <> - PERF_STAT : "     2.669751888;CPU0;1513;;UNC_M_CAS_COUNT.RD[UNIT4];10657112;100.00;;"
9201 [140042433455808] INFO perfrun.perfcollector <> - PERF_STAT : "     2.669751888;CPU10;70720;;UNC_M_CAS_COUNT.RD[UNIT4];10634512;100.00;;"
9201 [140042433455808] INFO perfrun.perfcollector <> - PERF_STAT : "     2.669751888;CPU0;1683;;UNC_M_CAS_COUNT.RD[UNIT5];10655496;100.00;;"
9201 [140042433455808] INFO perfrun.perfcollector <> - PERF_STAT : "     2.669751888;CPU10;70115;;UNC_M_CAS_COUNT.RD[UNIT5];10634531;100.00;;"
9201 [140042433455808] INFO perfrun.perfcollector <> - PERF_STAT : "     2.669751888;CPU0;185;;UNC_M_CAS_COUNT.WR[UNIT0];10653892;100.00;;"
9201 [140042433455808] INFO perfrun.perfcollector <> - PERF_STAT : "     2.669751888;CPU10;70244;;UNC_M_CAS_COUNT.WR[UNIT0];10634480;100.00;;"
9201 [140042433455808] INFO perfrun.perfcollector <> - PERF_STAT : "     2.669751888;CPU0;232;;UNC_M_CAS_COUNT.WR[UNIT1];10652062;100.00;;"
9201 [140042433455808] INFO perfrun.perfcollector <> - PERF_STAT : "     2.669751888;CPU10;69859;;UNC_M_CAS_COUNT.WR[UNIT1];10634700;100.00;;"
9201 [140042433455808] INFO perfrun.perfcollector <> - PERF_STAT : "     2.669751888;CPU0;209;;UNC_M_CAS_COUNT.WR[UNIT4];10650507;100.00;;"
9201 [140042433455808] INFO perfrun.perfcollector <> - PERF_STAT : "     2.669751888;CPU10;70124;;UNC_M_CAS_COUNT.WR[UNIT4];10634777;100.00;;"
9201 [140042433455808] INFO perfrun.perfcollector <> - PERF_STAT : "     2.669751888;CPU0;248;;UNC_M_CAS_COUNT.WR[UNIT5];10648955;100.00;;"
9201 [140042433455808] INFO perfrun.perfcollector <> - PERF_STAT : "     2.669751888;CPU10;69792;;UNC_M_CAS_COUNT.WR[UNIT5];10634840;100.00;;"
9211 [140042433455808] INFO perfrun.perfcollector <> - PERF_STAT : "     2.680393663;CPU0;295;;UNC_M_CAS_COUNT.RD[UNIT0];10307924;100.00;;"
9211 [140042433455808] INFO perfrun.perfcollector <> - PERF_STAT : "     2.680393663;CPU10;71427;;UNC_M_CAS_COUNT.RD[UNIT0];10338498;100.00;;"
9211 [140042433455808] INFO perfrun.perfcollector <> - PERF_STAT : "     2.680393663;CPU0;354;;UNC_M_CAS_COUNT.RD[UNIT1];10310304;100.00;;"
9211 [140042433455808] INFO perfrun.perfcollector <> - PERF_STAT : "     2.680393663;CPU10;70860;;UNC_M_CAS_COUNT.RD[UNIT1];10338768;100.00;;"
9211 [140042433455808] INFO perfrun.perfcollector <> - PERF_STAT : "     2.680393663;CPU0;292;;UNC_M_CAS_COUNT.RD[UNIT4];10312079;100.00;;"
9211 [140042433455808] INFO perfrun.perfcollector <> - PERF_STAT : "     2.680393663;CPU10;71393;;UNC_M_CAS_COUNT.RD[UNIT4];10338965;100.00;;"
9211 [140042433455808] INFO perfrun.perfcollector <> - PERF_STAT : "     2.680393663;CPU0;362;;UNC_M_CAS_COUNT.RD[UNIT5];10313679;100.00;;"
9211 [140042433455808] INFO perfrun.perfcollector <> - PERF_STAT : "     2.680393663;CPU10;70814;;UNC_M_CAS_COUNT.RD[UNIT5];10338979;100.00;;"
9211 [140042433455808] INFO perfrun.perfcollector <> - PERF_STAT : "     2.680393663;CPU0;101;;UNC_M_CAS_COUNT.WR[UNIT0];10315243;100.00;;"
9211 [140042433455808] INFO perfrun.perfcollector <> - PERF_STAT : "     2.680393663;CPU10;70493;;UNC_M_CAS_COUNT.WR[UNIT0];10338553;100.00;;"
9211 [140042433455808] INFO perfrun.perfcollector <> - PERF_STAT : "     2.680393663;CPU0;147;;UNC_M_CAS_COUNT.WR[UNIT1];10317046;100.00;;"
9211 [140042433455808] INFO perfrun.perfcollector <> - PERF_STAT : "     2.680393663;CPU10;69721;;UNC_M_CAS_COUNT.WR[UNIT1];10338295;100.00;;"
9211 [140042433455808] INFO perfrun.perfcollector <> - PERF_STAT : "     2.680393663;CPU0;101;;UNC_M_CAS_COUNT.WR[UNIT4];10318738;100.00;;"
9211 [140042433455808] INFO perfrun.perfcollector <> - PERF_STAT : "     2.680393663;CPU10;70559;;UNC_M_CAS_COUNT.WR[UNIT4];10338199;100.00;;"
9211 [140042433455808] INFO perfrun.perfcollector <> - PERF_STAT : "     2.680393663;CPU0;146;;UNC_M_CAS_COUNT.WR[UNIT5];10320286;100.00;;"
9211 [140042433455808] INFO perfrun.perfcollector <> - PERF_STAT : "     2.680393663;CPU10;69803;;UNC_M_CAS_COUNT.WR[UNIT5];10338126;100.00;;"
9221 [140042433455808] INFO perfrun.perfcollector <> - PERF_STAT : "     2.690726743;CPU0;246;;UNC_M_CAS_COUNT.RD[UNIT0];10326592;100.00;;"
9221 [140042433455808] INFO perfrun.perfcollector <> - PERF_STAT : "     2.690726743;CPU10;70860;;UNC_M_CAS_COUNT.RD[UNIT0];10331174;100.00;;"
9221 [140042433455808] INFO perfrun.perfcollector <> - PERF_STAT : "     2.690726743;CPU0;298;;UNC_M_CAS_COUNT.RD[UNIT1];10326843;100.00;;"
9221 [140042433455808] INFO perfrun.perfcollector <> - PERF_STAT : "     2.690726743;CPU10;70282;;UNC_M_CAS_COUNT.RD[UNIT1];10331343;100.00;;"
9221 [140042433455808] INFO perfrun.perfcollector <> - PERF_STAT : "     2.690726743;CPU0;271;;UNC_M_CAS_COUNT.RD[UNIT4];10326806;100.00;;"
9221 [140042433455808] INFO perfrun.perfcollector <> - PERF_STAT : "     2.690726743;CPU10;70835;;UNC_M_CAS_COUNT.RD[UNIT4];10331190;100.00;;"
9221 [140042433455808] INFO perfrun.perfcollector <> - PERF_STAT : "     2.690726743;CPU0;284;;UNC_M_CAS_COUNT.RD[UNIT5];10326759;100.00;;"
9221 [140042433455808] INFO perfrun.perfcollector <> - PERF_STAT : "     2.690726743;CPU10;70298;;UNC_M_CAS_COUNT.RD[UNIT5];10331208;100.00;;"
9221 [140042433455808] INFO perfrun.perfcollector <> - PERF_STAT : "     2.690726743;CPU0;162;;UNC_M_CAS_COUNT.WR[UNIT0];10326763;100.00;;"
9221 [140042433455808] INFO perfrun.perfcollector <> - PERF_STAT : "     2.690726743;CPU10;70006;;UNC_M_CAS_COUNT.WR[UNIT0];10331079;100.00;;"
9221 [140042433455808] INFO perfrun.perfcollector <> - PERF_STAT : "     2.690726743;CPU0;180;;UNC_M_CAS_COUNT.WR[UNIT1];10326916;100.00;;"
9221 [140042433455808] INFO perfrun.perfcollector <> - PERF_STAT : "     2.690726743;CPU10;69665;;UNC_M_CAS_COUNT.WR[UNIT1];10331102;100.00;;"
9221 [140042433455808] INFO perfrun.perfcollector <> - PERF_STAT : "     2.690726743;CPU0;158;;UNC_M_CAS_COUNT.WR[UNIT4];10326806;100.00;;"
9221 [140042433455808] INFO perfrun.perfcollector <> - PERF_STAT : "     2.690726743;CPU10;70037;;UNC_M_CAS_COUNT.WR[UNIT4];10331125;100.00;;"
9222 [140042433455808] INFO perfrun.perfcollector <> - PERF_STAT : "     2.690726743;CPU0;190;;UNC_M_CAS_COUNT.WR[UNIT5];10326794;100.00;;"
9222 [140042433455808] INFO perfrun.perfcollector <> - PERF_STAT : "     2.690726743;CPU10;69715;;UNC_M_CAS_COUNT.WR[UNIT5];10331255;100.00;;"
9232 [140042433455808] INFO perfrun.perfcollector <> - PERF_STAT : "     2.701057216;CPU0;491;;UNC_M_CAS_COUNT.RD[UNIT0];10333818;100.00;;"
9232 [140042433455808] INFO perfrun.perfcollector <> - PERF_STAT : "     2.701057216;CPU10;69908;;UNC_M_CAS_COUNT.RD[UNIT0];10295635;100.00;;"
9232 [140042433455808] INFO perfrun.perfcollector <> - PERF_STAT : "     2.701057216;CPU0;596;;UNC_M_CAS_COUNT.RD[UNIT1];10330698;100.00;;"
9232 [140042433455808] INFO perfrun.perfcollector <> - PERF_STAT : "     2.701057216;CPU10;69363;;UNC_M_CAS_COUNT.RD[UNIT1];10295652;100.00;;"
9232 [140042433455808] INFO perfrun.perfcollector <> - PERF_STAT : "     2.701057216;CPU0;495;;UNC_M_CAS_COUNT.RD[UNIT4];10329163;100.00;;"
9232 [140042433455808] INFO perfrun.perfcollector <> - PERF_STAT : "     2.701057216;CPU10;69919;;UNC_M_CAS_COUNT.RD[UNIT4];10295412;100.00;;"
9232 [140042433455808] INFO perfrun.perfcollector <> - PERF_STAT : "     2.701057216;CPU0;566;;UNC_M_CAS_COUNT.RD[UNIT5];10327424;100.00;;"
9232 [140042433455808] INFO perfrun.perfcollector <> - PERF_STAT : "     2.701057216;CPU10;69374;;UNC_M_CAS_COUNT.RD[UNIT5];10295257;100.00;;"
9232 [140042433455808] INFO perfrun.perfcollector <> - PERF_STAT : "     2.701057216;CPU0;39;;UNC_M_CAS_COUNT.WR[UNIT0];10325542;100.00;;"
9232 [140042433455808] INFO perfrun.perfcollector <> - PERF_STAT : "     2.701057216;CPU10;69805;;UNC_M_CAS_COUNT.WR[UNIT0];10295625;100.00;;"
9232 [140042433455808] INFO perfrun.perfcollector <> - PERF_STAT : "     2.701057216;CPU0;99;;UNC_M_CAS_COUNT.WR[UNIT1];10323659;100.00;;"
9232 [140042433455808] INFO perfrun.perfcollector <> - PERF_STAT : "     2.701057216;CPU10;69157;;UNC_M_CAS_COUNT.WR[UNIT1];10295604;100.00;;"
9232 [140042433455808] INFO perfrun.perfcollector <> - PERF_STAT : "     2.701057216;CPU0;28;;UNC_M_CAS_COUNT.WR[UNIT4];10321772;100.00;;"
9232 [140042433455808] INFO perfrun.perfcollector <> - PERF_STAT : "     2.701057216;CPU10;69635;;UNC_M_CAS_COUNT.WR[UNIT4];10295801;100.00;;"
9232 [140042433455808] INFO perfrun.perfcollector <> - PERF_STAT : "     2.701057216;CPU0;93;;UNC_M_CAS_COUNT.WR[UNIT5];10319937;100.00;;"
9232 [140042433455808] INFO perfrun.perfcollector <> - PERF_STAT : "     2.701057216;CPU10;69053;;UNC_M_CAS_COUNT.WR[UNIT5];10295789;100.00;;"
9242 [140042433455808] INFO perfrun.perfcollector <> - PERF_STAT : "     2.711332090;CPU0;683;;UNC_M_CAS_COUNT.RD[UNIT0];10234484;100.00;;"
9242 [140042433455808] INFO perfrun.perfcollector <> - PERF_STAT : "     2.711332090;CPU10;68985;;UNC_M_CAS_COUNT.RD[UNIT0];10267870;100.00;;"
9242 [140042433455808] INFO perfrun.perfcollector <> - PERF_STAT : "     2.711332090;CPU0;770;;UNC_M_CAS_COUNT.RD[UNIT1];10237233;100.00;;"
9242 [140042433455808] INFO perfrun.perfcollector <> - PERF_STAT : "     2.711332090;CPU10;68434;;UNC_M_CAS_COUNT.RD[UNIT1];10267675;100.00;;"
9242 [140042433455808] INFO perfrun.perfcollector <> - PERF_STAT : "     2.711332090;CPU0;702;;UNC_M_CAS_COUNT.RD[UNIT4];10238761;100.00;;"
9242 [140042433455808] INFO perfrun.perfcollector <> - PERF_STAT : "     2.711332090;CPU10;68959;;UNC_M_CAS_COUNT.RD[UNIT4];10267834;100.00;;"
9242 [140042433455808] INFO perfrun.perfcollector <> - PERF_STAT : "     2.711332090;CPU0;752;;UNC_M_CAS_COUNT.RD[UNIT5];10240507;100.00;;"
9242 [140042433455808] INFO perfrun.perfcollector <> - PERF_STAT : "     2.711332090;CPU10;68431;;UNC_M_CAS_COUNT.RD[UNIT5];10267899;100.00;;"
9242 [140042433455808] INFO perfrun.perfcollector <> - PERF_STAT : "     2.711332090;CPU0;32;;UNC_M_CAS_COUNT.WR[UNIT0];10242358;100.00;;"
9242 [140042433455808] INFO perfrun.perfcollector <> - PERF_STAT : "     2.711332090;CPU10;68985;;UNC_M_CAS_COUNT.WR[UNIT0];10267639;100.00;;"
9242 [140042433455808] INFO perfrun.perfcollector <> - PERF_STAT : "     2.711332090;CPU0;81;;UNC_M_CAS_COUNT.WR[UNIT1];10244095;100.00;;"
9242 [140042433455808] INFO perfrun.perfcollector <> - PERF_STAT : "     2.711332090;CPU10;68390;;UNC_M_CAS_COUNT.WR[UNIT1];10267624;100.00;;"
9242 [140042433455808] INFO perfrun.perfcollector <> - PERF_STAT : "     2.711332090;CPU0;31;;UNC_M_CAS_COUNT.WR[UNIT4];10257744;100.00;;"
9242 [140042433455808] INFO perfrun.perfcollector <> - PERF_STAT : "     2.711332090;CPU10;69019;;UNC_M_CAS_COUNT.WR[UNIT4];10267310;100.00;;"
9242 [140042433455808] INFO perfrun.perfcollector <> - PERF_STAT : "     2.711332090;CPU0;88;;UNC_M_CAS_COUNT.WR[UNIT5];10257724;100.00;;"
9242 [140042433455808] INFO perfrun.perfcollector <> - PERF_STAT : "     2.711332090;CPU10;68376;;UNC_M_CAS_COUNT.WR[UNIT5];10267146;100.00;;"
9252 [140042433455808] INFO perfrun.perfcollector <> - PERF_STAT : "     2.721622107;CPU0;418;;UNC_M_CAS_COUNT.RD[UNIT0];10307640;100.00;;"
9252 [140042433455808] INFO perfrun.perfcollector <> - PERF_STAT : "     2.721622107;CPU10;69946;;UNC_M_CAS_COUNT.RD[UNIT0];10274169;100.00;;"
9252 [140042433455808] INFO perfrun.perfcollector <> - PERF_STAT : "     2.721622107;CPU0;502;;UNC_M_CAS_COUNT.RD[UNIT1];10305030;100.00;;"
9252 [140042433455808] INFO perfrun.perfcollector <> - PERF_STAT : "     2.721622107;CPU10;69379;;UNC_M_CAS_COUNT.RD[UNIT1];10274081;100.00;;"
9252 [140042433455808] INFO perfrun.perfcollector <> - PERF_STAT : "     2.721622107;CPU0;434;;UNC_M_CAS_COUNT.RD[UNIT4];10303165;100.00;;"
9252 [140042433455808] INFO perfrun.perfcollector <> - PERF_STAT : "     2.721622107;CPU10;69959;;UNC_M_CAS_COUNT.RD[UNIT4];10273941;100.00;;"
9252 [140042433455808] INFO perfrun.perfcollector <> - PERF_STAT : "     2.721622107;CPU0;507;;UNC_M_CAS_COUNT.RD[UNIT5];10301260;100.00;;"
9252 [140042433455808] INFO perfrun.perfcollector <> - PERF_STAT : "     2.721622107;CPU10;69401;;UNC_M_CAS_COUNT.RD[UNIT5];10274022;100.00;;"
9252 [140042433455808] INFO perfrun.perfcollector <> - PERF_STAT : "     2.721622107;CPU0;21;;UNC_M_CAS_COUNT.WR[UNIT0];10299562;100.00;;"
9252 [140042433455808] INFO perfrun.perfcollector <> - PERF_STAT : "     2.721622107;CPU10;69419;;UNC_M_CAS_COUNT.WR[UNIT0];10273914;100.00;;"
9252 [140042433455808] INFO perfrun.perfcollector <> - PERF_STAT : "     2.721622107;CPU0;83;;UNC_M_CAS_COUNT.WR[UNIT1];10297797;100.00;;"
9252 [140042433455808] INFO perfrun.perfcollector <> - PERF_STAT : "     2.721622107;CPU10;68829;;UNC_M_CAS_COUNT.WR[UNIT1];10273937;100.00;;"
9252 [140042433455808] INFO perfrun.perfcollector <> - PERF_STAT : "     2.721622107;CPU0;17;;UNC_M_CAS_COUNT.WR[UNIT4];10284252;100.00;;"
9252 [140042433455808] INFO perfrun.perfcollector <> - PERF_STAT : "     2.721622107;CPU10;69405;;UNC_M_CAS_COUNT.WR[UNIT4];10281390;100.00;;"
9252 [140042433455808] INFO perfrun.perfcollector <> - PERF_STAT : "     2.721622107;CPU0;80;;UNC_M_CAS_COUNT.WR[UNIT5];10284282;100.00;;"
9252 [140042433455808] INFO perfrun.perfcollector <> - PERF_STAT : "     2.721622107;CPU10;68871;;UNC_M_CAS_COUNT.WR[UNIT5];10281411;100.00;;"
9262 [140042433455808] INFO perfrun.perfcollector <> - PERF_STAT : "     2.731901075;CPU0;233;;UNC_M_CAS_COUNT.RD[UNIT0];10296063;100.00;;"
9262 [140042433455808] INFO perfrun.perfcollector <> - PERF_STAT : "     2.731901075;CPU10;70838;;UNC_M_CAS_COUNT.RD[UNIT0];10326277;100.00;;"
9262 [140042433455808] INFO perfrun.perfcollector <> - PERF_STAT : "     2.731901075;CPU0;252;;UNC_M_CAS_COUNT.RD[UNIT1];10298794;100.00;;"
9262 [140042433455808] INFO perfrun.perfcollector <> - PERF_STAT : "     2.731901075;CPU10;70286;;UNC_M_CAS_COUNT.RD[UNIT1];10326296;100.00;;"
9263 [140042433455808] INFO perfrun.perfcollector <> - PERF_STAT : "     2.731901075;CPU0;228;;UNC_M_CAS_COUNT.RD[UNIT4];10300652;100.00;;"
9263 [140042433455808] INFO perfrun.perfcollector <> - PERF_STAT : "     2.731901075;CPU10;70824;;UNC_M_CAS_COUNT.RD[UNIT4];10326638;100.00;;"
9263 [140042433455808] INFO perfrun.perfcollector <> - PERF_STAT : "     2.731901075;CPU0;273;;UNC_M_CAS_COUNT.RD[UNIT5];10302483;100.00;;"
9263 [140042433455808] INFO perfrun.perfcollector <> - PERF_STAT : "     2.731901075;CPU10;70287;;UNC_M_CAS_COUNT.RD[UNIT5];10326752;100.00;;"
9263 [140042433455808] INFO perfrun.perfcollector <> - PERF_STAT : "     2.731901075;CPU0;50;;UNC_M_CAS_COUNT.WR[UNIT0];10304242;100.00;;"
9263 [140042433455808] INFO perfrun.perfcollector <> - PERF_STAT : "     2.731901075;CPU10;70024;;UNC_M_CAS_COUNT.WR[UNIT0];10326733;100.00;;"
9263 [140042433455808] INFO perfrun.perfcollector <> - PERF_STAT : "     2.731901075;CPU0;64;;UNC_M_CAS_COUNT.WR[UNIT1];10306103;100.00;;"
9263 [140042433455808] INFO perfrun.perfcollector <> - PERF_STAT : "     2.731901075;CPU10;69594;;UNC_M_CAS_COUNT.WR[UNIT1];10326966;100.00;;"
9263 [140042433455808] INFO perfrun.perfcollector <> - PERF_STAT : "     2.731901075;CPU0;44;;UNC_M_CAS_COUNT.WR[UNIT4];10308080;100.00;;"
9263 [140042433455808] INFO perfrun.perfcollector <> - PERF_STAT : "     2.731901075;CPU10;70149;;UNC_M_CAS_COUNT.WR[UNIT4];10319529;100.00;;"
9263 [140042433455808] INFO perfrun.perfcollector <> - PERF_STAT : "     2.731901075;CPU0;73;;UNC_M_CAS_COUNT.WR[UNIT5];10309915;100.00;;"
9263 [140042433455808] INFO perfrun.perfcollector <> - PERF_STAT : "     2.731901075;CPU10;69514;;UNC_M_CAS_COUNT.WR[UNIT5];10319550;100.00;;"
9273 [140042433455808] INFO perfrun.perfcollector <> - PERF_STAT : "     2.742223254;CPU0;367;;UNC_M_CAS_COUNT.RD[UNIT0];10320766;100.00;;"
9273 [140042433455808] INFO perfrun.perfcollector <> - PERF_STAT : "     2.742223254;CPU10;70857;;UNC_M_CAS_COUNT.RD[UNIT0];10319750;100.00;;"
9273 [140042433455808] INFO perfrun.perfcollector <> - PERF_STAT : "     2.742223254;CPU0;413;;UNC_M_CAS_COUNT.RD[UNIT1];10320742;100.00;;"
9273 [140042433455808] INFO perfrun.perfcollector <> - PERF_STAT : "     2.742223254;CPU10;70323;;UNC_M_CAS_COUNT.RD[UNIT1];10319933;100.00;;"
9273 [140042433455808] INFO perfrun.perfcollector <> - PERF_STAT : "     2.742223254;CPU0;366;;UNC_M_CAS_COUNT.RD[UNIT4];10320742;100.00;;"
9273 [140042433455808] INFO perfrun.perfcollector <> - PERF_STAT : "     2.742223254;CPU10;70852;;UNC_M_CAS_COUNT.RD[UNIT4];10319829;100.00;;"
9273 [140042433455808] INFO perfrun.perfcollector <> - PERF_STAT : "     2.742223254;CPU0;401;;UNC_M_CAS_COUNT.RD[UNIT5];10320742;100.00;;"
9273 [140042433455808] INFO perfrun.perfcollector <> - PERF_STAT : "     2.742223254;CPU10;70306;;UNC_M_CAS_COUNT.RD[UNIT5];10319676;100.00;;"
9273 [140042433455808] INFO perfrun.perfcollector <> - PERF_STAT : "     2.742223254;CPU0;20;;UNC_M_CAS_COUNT.WR[UNIT0];10320729;100.00;;"
9273 [140042433455808] INFO perfrun.perfcollector <> - PERF_STAT : "     2.742223254;CPU10;70474;;UNC_M_CAS_COUNT.WR[UNIT0];10319772;100.00;;"
9273 [140042433455808] INFO perfrun.perfcollector <> - PERF_STAT : "     2.742223254;CPU0;40;;UNC_M_CAS_COUNT.WR[UNIT1];10320512;100.00;;"
9273 [140042433455808] INFO perfrun.perfcollector <> - PERF_STAT : "     2.742223254;CPU10;69863;;UNC_M_CAS_COUNT.WR[UNIT1];10319560;100.00;;"
9273 [140042433455808] INFO perfrun.perfcollector <> - PERF_STAT : "     2.742223254;CPU0;20;;UNC_M_CAS_COUNT.WR[UNIT4];10320318;100.00;;"
9273 [140042433455808] INFO perfrun.perfcollector <> - PERF_STAT : "     2.742223254;CPU10;70385;;UNC_M_CAS_COUNT.WR[UNIT4];10319591;100.00;;"
9273 [140042433455808] INFO perfrun.perfcollector <> - PERF_STAT : "     2.742223254;CPU0;42;;UNC_M_CAS_COUNT.WR[UNIT5];10320294;100.00;;"
9273 [140042433455808] INFO perfrun.perfcollector <> - PERF_STAT : "     2.742223254;CPU10;70067;;UNC_M_CAS_COUNT.WR[UNIT5];10319578;100.00;;"
9283 [140042433455808] INFO perfrun.perfcollector <> - PERF_STAT : "     2.752542483;CPU0;941;;UNC_M_CAS_COUNT.RD[UNIT0];10350922;100.00;;"
9283 [140042433455808] INFO perfrun.perfcollector <> - PERF_STAT : "     2.752542483;CPU10;71435;;UNC_M_CAS_COUNT.RD[UNIT0];10347129;100.00;;"
9283 [140042433455808] INFO perfrun.perfcollector <> - PERF_STAT : "     2.752542483;CPU0;1130;;UNC_M_CAS_COUNT.RD[UNIT1];10350718;100.00;;"
9283 [140042433455808] INFO perfrun.perfcollector <> - PERF_STAT : "     2.752542483;CPU10;70791;;UNC_M_CAS_COUNT.RD[UNIT1];10347069;100.00;;"
9283 [140042433455808] INFO perfrun.perfcollector <> - PERF_STAT : "     2.752542483;CPU0;976;;UNC_M_CAS_COUNT.RD[UNIT4];10350842;100.00;;"
9283 [140042433455808] INFO perfrun.perfcollector <> - PERF_STAT : "     2.752542483;CPU10;71372;;UNC_M_CAS_COUNT.RD[UNIT4];10347107;100.00;;"
9283 [140042433455808] INFO perfrun.perfcollector <> - PERF_STAT : "     2.752542483;CPU0;1029;;UNC_M_CAS_COUNT.RD[UNIT5];10350819;100.00;;"
9283 [140042433455808] INFO perfrun.perfcollector <> - PERF_STAT : "     2.752542483;CPU10;70841;;UNC_M_CAS_COUNT.RD[UNIT5];10347112;100.00;;"
9283 [140042433455808] INFO perfrun.perfcollector <> - PERF_STAT : "     2.752542483;CPU0;32;;UNC_M_CAS_COUNT.WR[UNIT0];10350785;100.00;;"
9283 [140042433455808] INFO perfrun.perfcollector <> - PERF_STAT : "     2.752542483;CPU10;71175;;UNC_M_CAS_COUNT.WR[UNIT0];10347032;100.00;;"
9283 [140042433455808] INFO perfrun.perfcollector <> - PERF_STAT : "     2.752542483;CPU0;144;;UNC_M_CAS_COUNT.WR[UNIT1];10350798;100.00;;"
9283 [140042433455808] INFO perfrun.perfcollector <> - PERF_STAT : "     2.752542483;CPU10;70594;;UNC_M_CAS_COUNT.WR[UNIT1];10347299;100.00;;"
9283 [140042433455808] INFO perfrun.perfcollector <> - PERF_STAT : "     2.752542483;CPU0;29;;UNC_M_CAS_COUNT.WR[UNIT4];10350788;100.00;;"
9283 [140042433455808] INFO perfrun.perfcollector <> - PERF_STAT : "     2.752542483;CPU10;71225;;UNC_M_CAS_COUNT.WR[UNIT4];10347402;100.00;;"
9283 [140042433455808] INFO perfrun.perfcollector <> - PERF_STAT : "     2.752542483;CPU0;144;;UNC_M_CAS_COUNT.WR[UNIT5];10350792;100.00;;"
9283 [140042433455808] INFO perfrun.perfcollector <> - PERF_STAT : "     2.752542483;CPU10;70576;;UNC_M_CAS_COUNT.WR[UNIT5];10347389;100.00;;"
9293 [140042433455808] INFO perfrun.perfcollector <> - PERF_STAT : "     2.762892059;CPU0;881;;UNC_M_CAS_COUNT.RD[UNIT0];10319934;100.00;;"
9293 [140042433455808] INFO perfrun.perfcollector <> - PERF_STAT : "     2.762892059;CPU10;70186;;UNC_M_CAS_COUNT.RD[UNIT0];10323469;100.00;;"
9293 [140042433455808] INFO perfrun.perfcollector <> - PERF_STAT : "     2.762892059;CPU0;940;;UNC_M_CAS_COUNT.RD[UNIT1];10320108;100.00;;"
9293 [140042433455808] INFO perfrun.perfcollector <> - PERF_STAT : "     2.762892059;CPU10;69636;;UNC_M_CAS_COUNT.RD[UNIT1];10323241;100.00;;"
9294 [140042433455808] INFO perfrun.perfcollector <> - PERF_STAT : "     2.762892059;CPU0;877;;UNC_M_CAS_COUNT.RD[UNIT4];10320134;100.00;;"
9294 [140042433455808] INFO perfrun.perfcollector <> - PERF_STAT : "     2.762892059;CPU10;70184;;UNC_M_CAS_COUNT.RD[UNIT4];10323067;100.00;;"
9294 [140042433455808] INFO perfrun.perfcollector <> - PERF_STAT : "     2.762892059;CPU0;924;;UNC_M_CAS_COUNT.RD[UNIT5];10320230;100.00;;"
9294 [140042433455808] INFO perfrun.perfcollector <> - PERF_STAT : "     2.762892059;CPU10;69629;;UNC_M_CAS_COUNT.RD[UNIT5];10323080;100.00;;"
9294 [140042433455808] INFO perfrun.perfcollector <> - PERF_STAT : "     2.762892059;CPU0;261;;UNC_M_CAS_COUNT.WR[UNIT0];10320234;100.00;;"
9294 [140042433455808] INFO perfrun.perfcollector <> - PERF_STAT : "     2.762892059;CPU10;69773;;UNC_M_CAS_COUNT.WR[UNIT0];10323098;100.00;;"
9294 [140042433455808] INFO perfrun.perfcollector <> - PERF_STAT : "     2.762892059;CPU0;308;;UNC_M_CAS_COUNT.WR[UNIT1];10320364;100.00;;"
9294 [140042433455808] INFO perfrun.perfcollector <> - PERF_STAT : "     2.762892059;CPU10;69144;;UNC_M_CAS_COUNT.WR[UNIT1];10323026;100.00;;"
9294 [140042433455808] INFO perfrun.perfcollector <> - PERF_STAT : "     2.762892059;CPU0;277;;UNC_M_CAS_COUNT.WR[UNIT4];10320371;100.00;;"
9294 [140042433455808] INFO perfrun.perfcollector <> - PERF_STAT : "     2.762892059;CPU10;69619;;UNC_M_CAS_COUNT.WR[UNIT4];10322971;100.00;;"
9294 [140042433455808] INFO perfrun.perfcollector <> - PERF_STAT : "     2.762892059;CPU0;324;;UNC_M_CAS_COUNT.WR[UNIT5];10320381;100.00;;"
9294 [140042433455808] INFO perfrun.perfcollector <> - PERF_STAT : "     2.762892059;CPU10;68999;;UNC_M_CAS_COUNT.WR[UNIT5];10322988;100.00;;"
9304 [140042433455808] INFO perfrun.perfcollector <> - PERF_STAT : "     2.773213640;CPU0;228;;UNC_M_CAS_COUNT.RD[UNIT0];10319739;100.00;;"
9304 [140042433455808] INFO perfrun.perfcollector <> - PERF_STAT : "     2.773213640;CPU10;71015;;UNC_M_CAS_COUNT.RD[UNIT0];10315093;100.00;;"
9304 [140042433455808] INFO perfrun.perfcollector <> - PERF_STAT : "     2.773213640;CPU0;258;;UNC_M_CAS_COUNT.RD[UNIT1];10319759;100.00;;"
9304 [140042433455808] INFO perfrun.perfcollector <> - PERF_STAT : "     2.773213640;CPU10;70482;;UNC_M_CAS_COUNT.RD[UNIT1];10315252;100.00;;"
9304 [140042433455808] INFO perfrun.perfcollector <> - PERF_STAT : "     2.773213640;CPU0;223;;UNC_M_CAS_COUNT.RD[UNIT4];10319633;100.00;;"
9304 [140042433455808] INFO perfrun.perfcollector <> - PERF_STAT : "     2.773213640;CPU10;71035;;UNC_M_CAS_COUNT.RD[UNIT4];10315636;100.00;;"
9304 [140042433455808] INFO perfrun.perfcollector <> - PERF_STAT : "     2.773213640;CPU0;266;;UNC_M_CAS_COUNT.RD[UNIT5];10319740;100.00;;"
9304 [140042433455808] INFO perfrun.perfcollector <> - PERF_STAT : "     2.773213640;CPU10;70478;;UNC_M_CAS_COUNT.RD[UNIT5];10315446;100.00;;"
9304 [140042433455808] INFO perfrun.perfcollector <> - PERF_STAT : "     2.773213640;CPU0;254;;UNC_M_CAS_COUNT.WR[UNIT0];10319834;100.00;;"
9304 [140042433455808] INFO perfrun.perfcollector <> - PERF_STAT : "     2.773213640;CPU10;70021;;UNC_M_CAS_COUNT.WR[UNIT0];10315541;100.00;;"
9304 [140042433455808] INFO perfrun.perfcollector <> - PERF_STAT : "     2.773213640;CPU0;249;;UNC_M_CAS_COUNT.WR[UNIT1];10319794;100.00;;"
9304 [140042433455808] INFO perfrun.perfcollector <> - PERF_STAT : "     2.773213640;CPU10;69395;;UNC_M_CAS_COUNT.WR[UNIT1];10315361;100.00;;"
9304 [140042433455808] INFO perfrun.perfcollector <> - PERF_STAT : "     2.773213640;CPU0;234;;UNC_M_CAS_COUNT.WR[UNIT4];10319780;100.00;;"
9304 [140042433455808] INFO perfrun.perfcollector <> - PERF_STAT : "     2.773213640;CPU10;70051;;UNC_M_CAS_COUNT.WR[UNIT4];10315347;100.00;;"
9304 [140042433455808] INFO perfrun.perfcollector <> - PERF_STAT : "     2.773213640;CPU0;252;;UNC_M_CAS_COUNT.WR[UNIT5];10331955;100.00;;"
9304 [140042433455808] INFO perfrun.perfcollector <> - PERF_STAT : "     2.773213640;CPU10;69579;;UNC_M_CAS_COUNT.WR[UNIT5];10315308;100.00;;"
9314 [140042433455808] INFO perfrun.perfcollector <> - PERF_STAT : "     2.783533353;CPU0;316;;UNC_M_CAS_COUNT.RD[UNIT0];10325262;100.00;;"
9314 [140042433455808] INFO perfrun.perfcollector <> - PERF_STAT : "     2.783533353;CPU10;71428;;UNC_M_CAS_COUNT.RD[UNIT0];10330835;100.00;;"
9314 [140042433455808] INFO perfrun.perfcollector <> - PERF_STAT : "     2.783533353;CPU0;399;;UNC_M_CAS_COUNT.RD[UNIT1];10325316;100.00;;"
9314 [140042433455808] INFO perfrun.perfcollector <> - PERF_STAT : "     2.783533353;CPU10;70863;;UNC_M_CAS_COUNT.RD[UNIT1];10330790;100.00;;"
9314 [140042433455808] INFO perfrun.perfcollector <> - PERF_STAT : "     2.783533353;CPU0;326;;UNC_M_CAS_COUNT.RD[UNIT4];10325462;100.00;;"
9314 [140042433455808] INFO perfrun.perfcollector <> - PERF_STAT : "     2.783533353;CPU10;71385;;UNC_M_CAS_COUNT.RD[UNIT4];10330846;100.00;;"
9314 [140042433455808] INFO perfrun.perfcollector <> - PERF_STAT : "     2.783533353;CPU0;430;;UNC_M_CAS_COUNT.RD[UNIT5];10325316;100.00;;"
9314 [140042433455808] INFO perfrun.perfcollector <> - PERF_STAT : "     2.783533353;CPU10;70795;;UNC_M_CAS_COUNT.RD[UNIT5];10330891;100.00;;"
9314 [140042433455808] INFO perfrun.perfcollector <> - PERF_STAT : "     2.783533353;CPU0;43;;UNC_M_CAS_COUNT.WR[UNIT0];10325249;100.00;;"
9314 [140042433455808] INFO perfrun.perfcollector <> - PERF_STAT : "     2.783533353;CPU10;70685;;UNC_M_CAS_COUNT.WR[UNIT0];10330815;100.00;;"
9314 [140042433455808] INFO perfrun.perfcollector <> - PERF_STAT : "     2.783533353;CPU0;121;;UNC_M_CAS_COUNT.WR[UNIT1];10325259;100.00;;"
9314 [140042433455808] INFO perfrun.perfcollector <> - PERF_STAT : "     2.783533353;CPU10;70498;;UNC_M_CAS_COUNT.WR[UNIT1];10330832;100.00;;"
9314 [140042433455808] INFO perfrun.perfcollector <> - PERF_STAT : "     2.783533353;CPU0;35;;UNC_M_CAS_COUNT.WR[UNIT4];10325399;100.00;;"
9314 [140042433455808] INFO perfrun.perfcollector <> - PERF_STAT : "     2.783533353;CPU10;70608;;UNC_M_CAS_COUNT.WR[UNIT4];10330990;100.00;;"
9314 [140042433455808] INFO perfrun.perfcollector <> - PERF_STAT : "     2.783533353;CPU0;120;;UNC_M_CAS_COUNT.WR[UNIT5];10313241;100.00;;"
9314 [140042433455808] INFO perfrun.perfcollector <> - PERF_STAT : "     2.783533353;CPU10;70301;;UNC_M_CAS_COUNT.WR[UNIT5];10331018;100.00;;"
9324 [140042433455808] INFO perfrun.perfcollector <> - PERF_STAT : "     2.793861495;CPU0;318;;UNC_M_CAS_COUNT.RD[UNIT0];10321648;100.00;;"
9324 [140042433455808] INFO perfrun.perfcollector <> - PERF_STAT : "     2.793861495;CPU10;70874;;UNC_M_CAS_COUNT.RD[UNIT0];10320511;100.00;;"
9324 [140042433455808] INFO perfrun.perfcollector <> - PERF_STAT : "     2.793861495;CPU0;348;;UNC_M_CAS_COUNT.RD[UNIT1];10321634;100.00;;"
9324 [140042433455808] INFO perfrun.perfcollector <> - PERF_STAT : "     2.793861495;CPU10;70326;;UNC_M_CAS_COUNT.RD[UNIT1];10320395;100.00;;"
9324 [140042433455808] INFO perfrun.perfcollector <> - PERF_STAT : "     2.793861495;CPU0;322;;UNC_M_CAS_COUNT.RD[UNIT4];10321578;100.00;;"
9324 [140042433455808] INFO perfrun.perfcollector <> - PERF_STAT : "     2.793861495;CPU10;70871;;UNC_M_CAS_COUNT.RD[UNIT4];10320011;100.00;;"
9325 [140042433455808] INFO perfrun.perfcollector <> - PERF_STAT : "     2.793861495;CPU0;382;;UNC_M_CAS_COUNT.RD[UNIT5];10321500;100.00;;"
9325 [140042433455808] INFO perfrun.perfcollector <> - PERF_STAT : "     2.793861495;CPU10;70312;;UNC_M_CAS_COUNT.RD[UNIT5];10320256;100.00;;"
9325 [140042433455808] INFO perfrun.perfcollector <> - PERF_STAT : "     2.793861495;CPU0;22;;UNC_M_CAS_COUNT.WR[UNIT0];10321577;100.00;;"
9325 [140042433455808] INFO perfrun.perfcollector <> - PERF_STAT : "     2.793861495;CPU10;70644;;UNC_M_CAS_COUNT.WR[UNIT0];10320210;100.00;;"
9325 [140042433455808] INFO perfrun.perfcollector <> - PERF_STAT : "     2.793861495;CPU0;58;;UNC_M_CAS_COUNT.WR[UNIT1];10321604;100.00;;"
9325 [140042433455808] INFO perfrun.perfcollector <> - PERF_STAT : "     2.793861495;CPU10;69876;;UNC_M_CAS_COUNT.WR[UNIT1];10320211;100.00;;"
9325 [140042433455808] INFO perfrun.perfcollector <> - PERF_STAT : "     2.793861495;CPU0;19;;UNC_M_CAS_COUNT.WR[UNIT4];10321605;100.00;;"
9325 [140042433455808] INFO perfrun.perfcollector <> - PERF_STAT : "     2.793861495;CPU10;70674;;UNC_M_CAS_COUNT.WR[UNIT4];10320085;100.00;;"
9325 [140042433455808] INFO perfrun.perfcollector <> - PERF_STAT : "     2.793861495;CPU0;60;;UNC_M_CAS_COUNT.WR[UNIT5];10321627;100.00;;"
9325 [140042433455808] INFO perfrun.perfcollector <> - PERF_STAT : "     2.793861495;CPU10;69900;;UNC_M_CAS_COUNT.WR[UNIT5];10320090;100.00;;"
9335 [140042433455808] INFO perfrun.perfcollector <> - PERF_STAT : "     2.804181900;CPU0;1538;;UNC_M_CAS_COUNT.RD[UNIT0];10319215;100.00;;"
9335 [140042433455808] INFO perfrun.perfcollector <> - PERF_STAT : "     2.804181900;CPU10;68583;;UNC_M_CAS_COUNT.RD[UNIT0];10319968;100.00;;"
9335 [140042433455808] INFO perfrun.perfcollector <> - PERF_STAT : "     2.804181900;CPU0;1785;;UNC_M_CAS_COUNT.RD[UNIT1];10319242;100.00;;"
9335 [140042433455808] INFO perfrun.perfcollector <> - PERF_STAT : "     2.804181900;CPU10;68035;;UNC_M_CAS_COUNT.RD[UNIT1];10320114;100.00;;"
9335 [140042433455808] INFO perfrun.perfcollector <> - PERF_STAT : "     2.804181900;CPU0;1501;;UNC_M_CAS_COUNT.RD[UNIT4];10319178;100.00;;"
9335 [140042433455808] INFO perfrun.perfcollector <> - PERF_STAT : "     2.804181900;CPU10;68602;;UNC_M_CAS_COUNT.RD[UNIT4];10320088;100.00;;"
9335 [140042433455808] INFO perfrun.perfcollector <> - PERF_STAT : "     2.804181900;CPU0;1660;;UNC_M_CAS_COUNT.RD[UNIT5];10319342;100.00;;"
9335 [140042433455808] INFO perfrun.perfcollector <> - PERF_STAT : "     2.804181900;CPU10;68057;;UNC_M_CAS_COUNT.RD[UNIT5];10319987;100.00;;"
9335 [140042433455808] INFO perfrun.perfcollector <> - PERF_STAT : "     2.804181900;CPU0;67;;UNC_M_CAS_COUNT.WR[UNIT0];10319225;100.00;;"
9335 [140042433455808] INFO perfrun.perfcollector <> - PERF_STAT : "     2.804181900;CPU10;68381;;UNC_M_CAS_COUNT.WR[UNIT0];10320000;100.00;;"
9335 [140042433455808] INFO perfrun.perfcollector <> - PERF_STAT : "     2.804181900;CPU0;122;;UNC_M_CAS_COUNT.WR[UNIT1];10319206;100.00;;"
9335 [140042433455808] INFO perfrun.perfcollector <> - PERF_STAT : "     2.804181900;CPU10;68050;;UNC_M_CAS_COUNT.WR[UNIT1];10320011;100.00;;"
9335 [140042433455808] INFO perfrun.perfcollector <> - PERF_STAT : "     2.804181900;CPU0;64;;UNC_M_CAS_COUNT.WR[UNIT4];10319091;100.00;;"
9335 [140042433455808] INFO perfrun.perfcollector <> - PERF_STAT : "     2.804181900;CPU10;68563;;UNC_M_CAS_COUNT.WR[UNIT4];10320005;100.00;;"
9335 [140042433455808] INFO perfrun.perfcollector <> - PERF_STAT : "     2.804181900;CPU0;115;;UNC_M_CAS_COUNT.WR[UNIT5];10319065;100.00;;"
9335 [140042433455808] INFO perfrun.perfcollector <> - PERF_STAT : "     2.804181900;CPU10;67912;;UNC_M_CAS_COUNT.WR[UNIT5];10320015;100.00;;"
9345 [140042433455808] INFO perfrun.perfcollector <> - PERF_STAT : "     2.814505914;CPU0;309;;UNC_M_CAS_COUNT.RD[UNIT0];10323158;100.00;;"
9345 [140042433455808] INFO perfrun.perfcollector <> - PERF_STAT : "     2.814505914;CPU10;69750;;UNC_M_CAS_COUNT.RD[UNIT0];10312385;100.00;;"
9345 [140042433455808] INFO perfrun.perfcollector <> - PERF_STAT : "     2.814505914;CPU0;331;;UNC_M_CAS_COUNT.RD[UNIT1];10323044;100.00;;"
9345 [140042433455808] INFO perfrun.perfcollector <> - PERF_STAT : "     2.814505914;CPU10;69162;;UNC_M_CAS_COUNT.RD[UNIT1];10312175;100.00;;"
9345 [140042433455808] INFO perfrun.perfcollector <> - PERF_STAT : "     2.814505914;CPU0;295;;UNC_M_CAS_COUNT.RD[UNIT4];10323154;100.00;;"
9345 [140042433455808] INFO perfrun.perfcollector <> - PERF_STAT : "     2.814505914;CPU10;69711;;UNC_M_CAS_COUNT.RD[UNIT4];10312124;100.00;;"
9345 [140042433455808] INFO perfrun.perfcollector <> - PERF_STAT : "     2.814505914;CPU0;344;;UNC_M_CAS_COUNT.RD[UNIT5];10323151;100.00;;"
9345 [140042433455808] INFO perfrun.perfcollector <> - PERF_STAT : "     2.814505914;CPU10;69167;;UNC_M_CAS_COUNT.RD[UNIT5];10312344;100.00;;"
9345 [140042433455808] INFO perfrun.perfcollector <> - PERF_STAT : "     2.814505914;CPU0;202;;UNC_M_CAS_COUNT.WR[UNIT0];10335411;100.00;;"
9345 [140042433455808] INFO perfrun.perfcollector <> - PERF_STAT : "     2.814505914;CPU10;69076;;UNC_M_CAS_COUNT.WR[UNIT0];10312360;100.00;;"
9345 [140042433455808] INFO perfrun.perfcollector <> - PERF_STAT : "     2.814505914;CPU0;236;;UNC_M_CAS_COUNT.WR[UNIT1];10333536;100.00;;"
9345 [140042433455808] INFO perfrun.perfcollector <> - PERF_STAT : "     2.814505914;CPU10;68463;;UNC_M_CAS_COUNT.WR[UNIT1];10312296;100.00;;"
9345 [140042433455808] INFO perfrun.perfcollector <> - PERF_STAT : "     2.814505914;CPU0;184;;UNC_M_CAS_COUNT.WR[UNIT4];10331640;100.00;;"
9345 [140042433455808] INFO perfrun.perfcollector <> - PERF_STAT : "     2.814505914;CPU10;68932;;UNC_M_CAS_COUNT.WR[UNIT4];10312273;100.00;;"
9345 [140042433455808] INFO perfrun.perfcollector <> - PERF_STAT : "     2.814505914;CPU0;242;;UNC_M_CAS_COUNT.WR[UNIT5];10329788;100.00;;"
9345 [140042433455808] INFO perfrun.perfcollector <> - PERF_STAT : "     2.814505914;CPU10;68428;;UNC_M_CAS_COUNT.WR[UNIT5];10312227;100.00;;"
9355 [140042433455808] INFO perfrun.perfcollector <> - PERF_STAT : "     2.824815569;CPU0;379;;UNC_M_CAS_COUNT.RD[UNIT0];10311451;100.00;;"
9355 [140042433455808] INFO perfrun.perfcollector <> - PERF_STAT : "     2.824815569;CPU10;70248;;UNC_M_CAS_COUNT.RD[UNIT0];10322183;100.00;;"
9355 [140042433455808] INFO perfrun.perfcollector <> - PERF_STAT : "     2.824815569;CPU0;439;;UNC_M_CAS_COUNT.RD[UNIT1];10311511;100.00;;"
9355 [140042433455808] INFO perfrun.perfcollector <> - PERF_STAT : "     2.824815569;CPU10;69718;;UNC_M_CAS_COUNT.RD[UNIT1];10322223;100.00;;"
9355 [140042433455808] INFO perfrun.perfcollector <> - PERF_STAT : "     2.824815569;CPU0;343;;UNC_M_CAS_COUNT.RD[UNIT4];10311508;100.00;;"
9355 [140042433455808] INFO perfrun.perfcollector <> - PERF_STAT : "     2.824815569;CPU10;70248;;UNC_M_CAS_COUNT.RD[UNIT4];10322508;100.00;;"
9355 [140042433455808] INFO perfrun.perfcollector <> - PERF_STAT : "     2.824815569;CPU0;453;;UNC_M_CAS_COUNT.RD[UNIT5];10311344;100.00;;"
9355 [140042433455808] INFO perfrun.perfcollector <> - PERF_STAT : "     2.824815569;CPU10;69715;;UNC_M_CAS_COUNT.RD[UNIT5];10322369;100.00;;"
9355 [140042433455808] INFO perfrun.perfcollector <> - PERF_STAT : "     2.824815569;CPU0;35;;UNC_M_CAS_COUNT.WR[UNIT0];10299097;100.00;;"
9355 [140042433455808] INFO perfrun.perfcollector <> - PERF_STAT : "     2.824815569;CPU10;69931;;UNC_M_CAS_COUNT.WR[UNIT0];10322479;100.00;;"
9355 [140042433455808] INFO perfrun.perfcollector <> - PERF_STAT : "     2.824815569;CPU0;94;;UNC_M_CAS_COUNT.WR[UNIT1];10301105;100.00;;"
9356 [140042433455808] INFO perfrun.perfcollector <> - PERF_STAT : "     2.824815569;CPU10;69395;;UNC_M_CAS_COUNT.WR[UNIT1];10322502;100.00;;"
9356 [140042433455808] INFO perfrun.perfcollector <> - PERF_STAT : "     2.824815569;CPU0;30;;UNC_M_CAS_COUNT.WR[UNIT4];10302975;100.00;;"
9356 [140042433455808] INFO perfrun.perfcollector <> - PERF_STAT : "     2.824815569;CPU10;69858;;UNC_M_CAS_COUNT.WR[UNIT4];10322556;100.00;;"
9356 [140042433455808] INFO perfrun.perfcollector <> - PERF_STAT : "     2.824815569;CPU0;96;;UNC_M_CAS_COUNT.WR[UNIT5];10304867;100.00;;"
9356 [140042433455808] INFO perfrun.perfcollector <> - PERF_STAT : "     2.824815569;CPU10;69408;;UNC_M_CAS_COUNT.WR[UNIT5];10322603;100.00;;"
9366 [140042433455808] INFO perfrun.perfcollector <> - PERF_STAT : "     2.835150730;CPU0;472;;UNC_M_CAS_COUNT.RD[UNIT0];10307581;100.00;;"
9366 [140042433455808] INFO perfrun.perfcollector <> - PERF_STAT : "     2.835150730;CPU10;71012;;UNC_M_CAS_COUNT.RD[UNIT0];10307265;100.00;;"
9366 [140042433455808] INFO perfrun.perfcollector <> - PERF_STAT : "     2.835150730;CPU0;520;;UNC_M_CAS_COUNT.RD[UNIT1];10307635;100.00;;"
9366 [140042433455808] INFO perfrun.perfcollector <> - PERF_STAT : "     2.835150730;CPU10;70430;;UNC_M_CAS_COUNT.RD[UNIT1];10307417;100.00;;"
9366 [140042433455808] INFO perfrun.perfcollector <> - PERF_STAT : "     2.835150730;CPU0;478;;UNC_M_CAS_COUNT.RD[UNIT4];10307909;100.00;;"
9366 [140042433455808] INFO perfrun.perfcollector <> - PERF_STAT : "     2.835150730;CPU10;70965;;UNC_M_CAS_COUNT.RD[UNIT4];10307173;100.00;;"
9366 [140042433455808] INFO perfrun.perfcollector <> - PERF_STAT : "     2.835150730;CPU0;521;;UNC_M_CAS_COUNT.RD[UNIT5];10308026;100.00;;"
9366 [140042433455808] INFO perfrun.perfcollector <> - PERF_STAT : "     2.835150730;CPU10;70438;;UNC_M_CAS_COUNT.RD[UNIT5];10307293;100.00;;"
9366 [140042433455808] INFO perfrun.perfcollector <> - PERF_STAT : "     2.835150730;CPU0;28;;UNC_M_CAS_COUNT.WR[UNIT0];10308187;100.00;;"
9366 [140042433455808] INFO perfrun.perfcollector <> - PERF_STAT : "     2.835150730;CPU10;70772;;UNC_M_CAS_COUNT.WR[UNIT0];10307589;100.00;;"
9366 [140042433455808] INFO perfrun.perfcollector <> - PERF_STAT : "     2.835150730;CPU0;41;;UNC_M_CAS_COUNT.WR[UNIT1];10308183;100.00;;"
9366 [140042433455808] INFO perfrun.perfcollector <> - PERF_STAT : "     2.835150730;CPU10;70041;;UNC_M_CAS_COUNT.WR[UNIT1];10307613;100.00;;"
9366 [140042433455808] INFO perfrun.perfcollector <> - PERF_STAT : "     2.835150730;CPU0;23;;UNC_M_CAS_COUNT.WR[UNIT4];10308214;100.00;;"
9366 [140042433455808] INFO perfrun.perfcollector <> - PERF_STAT : "     2.835150730;CPU10;70623;;UNC_M_CAS_COUNT.WR[UNIT4];10307808;100.00;;"
9366 [140042433455808] INFO perfrun.perfcollector <> - PERF_STAT : "     2.835150730;CPU0;50;;UNC_M_CAS_COUNT.WR[UNIT5];10308140;100.00;;"
9366 [140042433455808] INFO perfrun.perfcollector <> - PERF_STAT : "     2.835150730;CPU10;70030;;UNC_M_CAS_COUNT.WR[UNIT5];10307812;100.00;;"
9376 [140042433455808] INFO perfrun.perfcollector <> - PERF_STAT : "     2.845448177;CPU0;327;;UNC_M_CAS_COUNT.RD[UNIT0];10307107;100.00;;"
9376 [140042433455808] INFO perfrun.perfcollector <> - PERF_STAT : "     2.845448177;CPU10;70538;;UNC_M_CAS_COUNT.RD[UNIT0];10277096;100.00;;"
9376 [140042433455808] INFO perfrun.perfcollector <> - PERF_STAT : "     2.845448177;CPU0;383;;UNC_M_CAS_COUNT.RD[UNIT1];10304260;100.00;;"
9376 [140042433455808] INFO perfrun.perfcollector <> - PERF_STAT : "     2.845448177;CPU10;70000;;UNC_M_CAS_COUNT.RD[UNIT1];10277122;100.00;;"
9376 [140042433455808] INFO perfrun.perfcollector <> - PERF_STAT : "     2.845448177;CPU0;349;;UNC_M_CAS_COUNT.RD[UNIT4];10301919;100.00;;"
9376 [140042433455808] INFO perfrun.perfcollector <> - PERF_STAT : "     2.845448177;CPU10;70578;;UNC_M_CAS_COUNT.RD[UNIT4];10277221;100.00;;"
9376 [140042433455808] INFO perfrun.perfcollector <> - PERF_STAT : "     2.845448177;CPU0;399;;UNC_M_CAS_COUNT.RD[UNIT5];10300090;100.00;;"
9376 [140042433455808] INFO perfrun.perfcollector <> - PERF_STAT : "     2.845448177;CPU10;69998;;UNC_M_CAS_COUNT.RD[UNIT5];10277147;100.00;;"
9376 [140042433455808] INFO perfrun.perfcollector <> - PERF_STAT : "     2.845448177;CPU0;36;;UNC_M_CAS_COUNT.WR[UNIT0];10298085;100.00;;"
9376 [140042433455808] INFO perfrun.perfcollector <> - PERF_STAT : "     2.845448177;CPU10;69895;;UNC_M_CAS_COUNT.WR[UNIT0];10277228;100.00;;"
9376 [140042433455808] INFO perfrun.perfcollector <> - PERF_STAT : "     2.845448177;CPU0;83;;UNC_M_CAS_COUNT.WR[UNIT1];10295975;100.00;;"
9376 [140042433455808] INFO perfrun.perfcollector <> - PERF_STAT : "     2.845448177;CPU10;69493;;UNC_M_CAS_COUNT.WR[UNIT1];10277146;100.00;;"
9376 [140042433455808] INFO perfrun.perfcollector <> - PERF_STAT : "     2.845448177;CPU0;34;;UNC_M_CAS_COUNT.WR[UNIT4];10294107;100.00;;"
9376 [140042433455808] INFO perfrun.perfcollector <> - PERF_STAT : "     2.845448177;CPU10;69976;;UNC_M_CAS_COUNT.WR[UNIT4];10277116;100.00;;"
9376 [140042433455808] INFO perfrun.perfcollector <> - PERF_STAT : "     2.845448177;CPU0;78;;UNC_M_CAS_COUNT.WR[UNIT5];10292289;100.00;;"
9376 [140042433455808] INFO perfrun.perfcollector <> - PERF_STAT : "     2.845448177;CPU10;69769;;UNC_M_CAS_COUNT.WR[UNIT5];10277076;100.00;;"
9386 [140042433455808] INFO perfrun.perfcollector <> - PERF_STAT : "     2.855723073;CPU0;334;;UNC_M_CAS_COUNT.RD[UNIT0];10293529;100.00;;"
9386 [140042433455808] INFO perfrun.perfcollector <> - PERF_STAT : "     2.855723073;CPU10;71074;;UNC_M_CAS_COUNT.RD[UNIT0];10315574;100.00;;"
9386 [140042433455808] INFO perfrun.perfcollector <> - PERF_STAT : "     2.855723073;CPU0;381;;UNC_M_CAS_COUNT.RD[UNIT1];10296494;100.00;;"
9386 [140042433455808] INFO perfrun.perfcollector <> - PERF_STAT : "     2.855723073;CPU10;70524;;UNC_M_CAS_COUNT.RD[UNIT1];10315358;100.00;;"
9386 [140042433455808] INFO perfrun.perfcollector <> - PERF_STAT : "     2.855723073;CPU0;327;;UNC_M_CAS_COUNT.RD[UNIT4];10298557;100.00;;"
9386 [140042433455808] INFO perfrun.perfcollector <> - PERF_STAT : "     2.855723073;CPU10;71073;;UNC_M_CAS_COUNT.RD[UNIT4];10315385;100.00;;"
9386 [140042433455808] INFO perfrun.perfcollector <> - PERF_STAT : "     2.855723073;CPU0;385;;UNC_M_CAS_COUNT.RD[UNIT5];10300293;100.00;;"
9386 [140042433455808] INFO perfrun.perfcollector <> - PERF_STAT : "     2.855723073;CPU10;70510;;UNC_M_CAS_COUNT.RD[UNIT5];10315622;100.00;;"
9386 [140042433455808] INFO perfrun.perfcollector <> - PERF_STAT : "     2.855723073;CPU0;46;;UNC_M_CAS_COUNT.WR[UNIT0];10302136;100.00;;"
9386 [140042433455808] INFO perfrun.perfcollector <> - PERF_STAT : "     2.855723073;CPU10;70465;;UNC_M_CAS_COUNT.WR[UNIT0];10315187;100.00;;"
9386 [140042433455808] INFO perfrun.perfcollector <> - PERF_STAT : "     2.855723073;CPU0;72;;UNC_M_CAS_COUNT.WR[UNIT1];10316656;100.00;;"
9386 [140042433455808] INFO perfrun.perfcollector <> - PERF_STAT : "     2.855723073;CPU10;69951;;UNC_M_CAS_COUNT.WR[UNIT1];10315172;100.00;;"
9386 [140042433455808] INFO perfrun.perfcollector <> - PERF_STAT : "     2.855723073;CPU0;54;;UNC_M_CAS_COUNT.WR[UNIT4];10316674;100.00;;"
9386 [140042433455808] INFO perfrun.perfcollector <> - PERF_STAT : "     2.855723073;CPU10;70632;;UNC_M_CAS_COUNT.WR[UNIT4];10314967;100.00;;"
9386 [140042433455808] INFO perfrun.perfcollector <> - PERF_STAT : "     2.855723073;CPU0;72;;UNC_M_CAS_COUNT.WR[UNIT5];10316652;100.00;;"
9386 [140042433455808] INFO perfrun.perfcollector <> - PERF_STAT : "     2.855723073;CPU10;69881;;UNC_M_CAS_COUNT.WR[UNIT5];10315036;100.00;;"
9397 [140042433455808] INFO perfrun.perfcollector <> - PERF_STAT : "     2.866040944;CPU0;841;;UNC_M_CAS_COUNT.RD[UNIT0];10315213;100.00;;"
9397 [140042433455808] INFO perfrun.perfcollector <> - PERF_STAT : "     2.866040944;CPU10;70179;;UNC_M_CAS_COUNT.RD[UNIT0];10323114;100.00;;"
9397 [140042433455808] INFO perfrun.perfcollector <> - PERF_STAT : "     2.866040944;CPU0;839;;UNC_M_CAS_COUNT.RD[UNIT1];10314998;100.00;;"
9397 [140042433455808] INFO perfrun.perfcollector <> - PERF_STAT : "     2.866040944;CPU10;69629;;UNC_M_CAS_COUNT.RD[UNIT1];10323642;100.00;;"
9397 [140042433455808] INFO perfrun.perfcollector <> - PERF_STAT : "     2.866040944;CPU0;816;;UNC_M_CAS_COUNT.RD[UNIT4];10314852;100.00;;"
9397 [140042433455808] INFO perfrun.perfcollector <> - PERF_STAT : "     2.866040944;CPU10;70222;;UNC_M_CAS_COUNT.RD[UNIT4];10323824;100.00;;"
9397 [140042433455808] INFO perfrun.perfcollector <> - PERF_STAT : "     2.866040944;CPU0;826;;UNC_M_CAS_COUNT.RD[UNIT5];10315009;100.00;;"
9397 [140042433455808] INFO perfrun.perfcollector <> - PERF_STAT : "     2.866040944;CPU10;69612;;UNC_M_CAS_COUNT.RD[UNIT5];10323446;100.00;;"
9397 [140042433455808] INFO perfrun.perfcollector <> - PERF_STAT : "     2.866040944;CPU0;38;;UNC_M_CAS_COUNT.WR[UNIT0];10315013;100.00;;"
9397 [140042433455808] INFO perfrun.perfcollector <> - PERF_STAT : "     2.866040944;CPU10;70037;;UNC_M_CAS_COUNT.WR[UNIT0];10323615;100.00;;"
9397 [140042433455808] INFO perfrun.perfcollector <> - PERF_STAT : "     2.866040944;CPU0;61;;UNC_M_CAS_COUNT.WR[UNIT1];10302620;100.00;;"
9397 [140042433455808] INFO perfrun.perfcollector <> - PERF_STAT : "     2.866040944;CPU10;69468;;UNC_M_CAS_COUNT.WR[UNIT1];10323564;100.00;;"
9397 [140042433455808] INFO perfrun.perfcollector <> - PERF_STAT : "     2.866040944;CPU0;25;;UNC_M_CAS_COUNT.WR[UNIT4];10304620;100.00;;"
9397 [140042433455808] INFO perfrun.perfcollector <> - PERF_STAT : "     2.866040944;CPU10;69973;;UNC_M_CAS_COUNT.WR[UNIT4];10323587;100.00;;"
9397 [140042433455808] INFO perfrun.perfcollector <> - PERF_STAT : "     2.866040944;CPU0;60;;UNC_M_CAS_COUNT.WR[UNIT5];10306530;100.00;;"
9397 [140042433455808] INFO perfrun.perfcollector <> - PERF_STAT : "     2.866040944;CPU10;69406;;UNC_M_CAS_COUNT.WR[UNIT5];10323605;100.00;;"
9407 [140042433455808] INFO perfrun.perfcollector <> - PERF_STAT : "     2.876362160;CPU0;301;;UNC_M_CAS_COUNT.RD[UNIT0];10320685;100.00;;"
9407 [140042433455808] INFO perfrun.perfcollector <> - PERF_STAT : "     2.876362160;CPU10;71010;;UNC_M_CAS_COUNT.RD[UNIT0];10305882;100.00;;"
9407 [140042433455808] INFO perfrun.perfcollector <> - PERF_STAT : "     2.876362160;CPU0;354;;UNC_M_CAS_COUNT.RD[UNIT1];10320625;100.00;;"
9407 [140042433455808] INFO perfrun.perfcollector <> - PERF_STAT : "     2.876362160;CPU10;70444;;UNC_M_CAS_COUNT.RD[UNIT1];10305473;100.00;;"
9407 [140042433455808] INFO perfrun.perfcollector <> - PERF_STAT : "     2.876362160;CPU0;334;;UNC_M_CAS_COUNT.RD[UNIT4];10331985;100.00;;"
9407 [140042433455808] INFO perfrun.perfcollector <> - PERF_STAT : "     2.876362160;CPU10;71009;;UNC_M_CAS_COUNT.RD[UNIT4];10305214;100.00;;"
9407 [140042433455808] INFO perfrun.perfcollector <> - PERF_STAT : "     2.876362160;CPU0;379;;UNC_M_CAS_COUNT.RD[UNIT5];10330118;100.00;;"
9407 [140042433455808] INFO perfrun.perfcollector <> - PERF_STAT : "     2.876362160;CPU10;70457;;UNC_M_CAS_COUNT.RD[UNIT5];10305040;100.00;;"
9407 [140042433455808] INFO perfrun.perfcollector <> - PERF_STAT : "     2.876362160;CPU0;218;;UNC_M_CAS_COUNT.WR[UNIT0];10328256;100.00;;"
9407 [140042433455808] INFO perfrun.perfcollector <> - PERF_STAT : "     2.876362160;CPU10;70439;;UNC_M_CAS_COUNT.WR[UNIT0];10304817;100.00;;"
9407 [140042433455808] INFO perfrun.perfcollector <> - PERF_STAT : "     2.876362160;CPU0;221;;UNC_M_CAS_COUNT.WR[UNIT1];10326214;100.00;;"
9407 [140042433455808] INFO perfrun.perfcollector <> - PERF_STAT : "     2.876362160;CPU10;69752;;UNC_M_CAS_COUNT.WR[UNIT1];10304806;100.00;;"
9407 [140042433455808] INFO perfrun.perfcollector <> - PERF_STAT : "     2.876362160;CPU0;212;;UNC_M_CAS_COUNT.WR[UNIT4];10324199;100.00;;"
9407 [140042433455808] INFO perfrun.perfcollector <> - PERF_STAT : "     2.876362160;CPU10;70565;;UNC_M_CAS_COUNT.WR[UNIT4];10304773;100.00;;"
9407 [140042433455808] INFO perfrun.perfcollector <> - PERF_STAT : "     2.876362160;CPU0;231;;UNC_M_CAS_COUNT.WR[UNIT5];10322328;100.00;;"
9407 [140042433455808] INFO perfrun.perfcollector <> - PERF_STAT : "     2.876362160;CPU10;69955;;UNC_M_CAS_COUNT.WR[UNIT5];10304742;100.00;;"
9417 [140042433455808] INFO perfrun.perfcollector <> - PERF_STAT : "     2.886667357;CPU0;317;;UNC_M_CAS_COUNT.RD[UNIT0];10285984;100.00;;"
9417 [140042433455808] INFO perfrun.perfcollector <> - PERF_STAT : "     2.886667357;CPU10;70913;;UNC_M_CAS_COUNT.RD[UNIT0];10270040;100.00;;"
9417 [140042433455808] INFO perfrun.perfcollector <> - PERF_STAT : "     2.886667357;CPU0;349;;UNC_M_CAS_COUNT.RD[UNIT1];10283316;100.00;;"
9417 [140042433455808] INFO perfrun.perfcollector <> - PERF_STAT : "     2.886667357;CPU10;70412;;UNC_M_CAS_COUNT.RD[UNIT1];10270175;100.00;;"
9417 [140042433455808] INFO perfrun.perfcollector <> - PERF_STAT : "     2.886667357;CPU0;331;;UNC_M_CAS_COUNT.RD[UNIT4];10270074;100.00;;"
9417 [140042433455808] INFO perfrun.perfcollector <> - PERF_STAT : "     2.886667357;CPU10;70936;;UNC_M_CAS_COUNT.RD[UNIT4];10270182;100.00;;"
9417 [140042433455808] INFO perfrun.perfcollector <> - PERF_STAT : "     2.886667357;CPU0;375;;UNC_M_CAS_COUNT.RD[UNIT5];10270206;100.00;;"
9417 [140042433455808] INFO perfrun.perfcollector <> - PERF_STAT : "     2.886667357;CPU10;70351;;UNC_M_CAS_COUNT.RD[UNIT5];10270332;100.00;;"
9417 [140042433455808] INFO perfrun.perfcollector <> - PERF_STAT : "     2.886667357;CPU0;22;;UNC_M_CAS_COUNT.WR[UNIT0];10270381;100.00;;"
9417 [140042433455808] INFO perfrun.perfcollector <> - PERF_STAT : "     2.886667357;CPU10;70592;;UNC_M_CAS_COUNT.WR[UNIT0];10270348;100.00;;"
9417 [140042433455808] INFO perfrun.perfcollector <> - PERF_STAT : "     2.886667357;CPU0;44;;UNC_M_CAS_COUNT.WR[UNIT1];10270482;100.00;;"
9417 [140042433455808] INFO perfrun.perfcollector <> - PERF_STAT : "     2.886667357;CPU10;70191;;UNC_M_CAS_COUNT.WR[UNIT1];10270323;100.00;;"
9417 [140042433455808] INFO perfrun.perfcollector <> - PERF_STAT : "     2.886667357;CPU0;17;;UNC_M_CAS_COUNT.WR[UNIT4];10270559;100.00;;"
9417 [140042433455808] INFO perfrun.perfcollector <> - PERF_STAT : "     2.886667357;CPU10;70529;;UNC_M_CAS_COUNT.WR[UNIT4];10270334;100.00;;"
9417 [140042433455808] INFO perfrun.perfcollector <> - PERF_STAT : "     2.886667357;CPU0;51;;UNC_M_CAS_COUNT.WR[UNIT5];10270531;100.00;;"
9417 [140042433455808] INFO perfrun.perfcollector <> - PERF_STAT : "     2.886667357;CPU10;69938;;UNC_M_CAS_COUNT.WR[UNIT5];10270352;100.00;;"
9427 [140042433455808] INFO perfrun.perfcollector <> - PERF_STAT : "     2.896944779;CPU0;385;;UNC_M_CAS_COUNT.RD[UNIT0];10298770;100.00;;"
9427 [140042433455808] INFO perfrun.perfcollector <> - PERF_STAT : "     2.896944779;CPU10;70669;;UNC_M_CAS_COUNT.RD[UNIT0];10300408;100.00;;"
9428 [140042433455808] INFO perfrun.perfcollector <> - PERF_STAT : "     2.896944779;CPU0;423;;UNC_M_CAS_COUNT.RD[UNIT1];10298848;100.00;;"
9428 [140042433455808] INFO perfrun.perfcollector <> - PERF_STAT : "     2.896944779;CPU10;70108;;UNC_M_CAS_COUNT.RD[UNIT1];10300829;100.00;;"
9428 [140042433455808] INFO perfrun.perfcollector <> - PERF_STAT : "     2.896944779;CPU0;379;;UNC_M_CAS_COUNT.RD[UNIT4];10298959;100.00;;"
9428 [140042433455808] INFO perfrun.perfcollector <> - PERF_STAT : "     2.896944779;CPU10;70624;;UNC_M_CAS_COUNT.RD[UNIT4];10300935;100.00;;"
9428 [140042433455808] INFO perfrun.perfcollector <> - PERF_STAT : "     2.896944779;CPU0;439;;UNC_M_CAS_COUNT.RD[UNIT5];10298822;100.00;;"
9428 [140042433455808] INFO perfrun.perfcollector <> - PERF_STAT : "     2.896944779;CPU10;70105;;UNC_M_CAS_COUNT.RD[UNIT5];10301045;100.00;;"
9428 [140042433455808] INFO perfrun.perfcollector <> - PERF_STAT : "     2.896944779;CPU0;24;;UNC_M_CAS_COUNT.WR[UNIT0];10298674;100.00;;"
9428 [140042433455808] INFO perfrun.perfcollector <> - PERF_STAT : "     2.896944779;CPU10;70142;;UNC_M_CAS_COUNT.WR[UNIT0];10301041;100.00;;"
9428 [140042433455808] INFO perfrun.perfcollector <> - PERF_STAT : "     2.896944779;CPU0;95;;UNC_M_CAS_COUNT.WR[UNIT1];10298635;100.00;;"
9428 [140042433455808] INFO perfrun.perfcollector <> - PERF_STAT : "     2.896944779;CPU10;69706;;UNC_M_CAS_COUNT.WR[UNIT1];10301288;100.00;;"
9428 [140042433455808] INFO perfrun.perfcollector <> - PERF_STAT : "     2.896944779;CPU0;23;;UNC_M_CAS_COUNT.WR[UNIT4];10298772;100.00;;"
9428 [140042433455808] INFO perfrun.perfcollector <> - PERF_STAT : "     2.896944779;CPU10;70202;;UNC_M_CAS_COUNT.WR[UNIT4];10301286;100.00;;"
9428 [140042433455808] INFO perfrun.perfcollector <> - PERF_STAT : "     2.896944779;CPU0;85;;UNC_M_CAS_COUNT.WR[UNIT5];10298885;100.00;;"
9428 [140042433455808] INFO perfrun.perfcollector <> - PERF_STAT : "     2.896944779;CPU10;69744;;UNC_M_CAS_COUNT.WR[UNIT5];10301266;100.00;;"
9438 [140042433455808] INFO perfrun.perfcollector <> - PERF_STAT : "     2.907241535;CPU0;391;;UNC_M_CAS_COUNT.RD[UNIT0];10293926;100.00;;"
9438 [140042433455808] INFO perfrun.perfcollector <> - PERF_STAT : "     2.907241535;CPU10;70133;;UNC_M_CAS_COUNT.RD[UNIT0];10324557;100.00;;"
9438 [140042433455808] INFO perfrun.perfcollector <> - PERF_STAT : "     2.907241535;CPU0;393;;UNC_M_CAS_COUNT.RD[UNIT1];10296573;100.00;;"
9438 [140042433455808] INFO perfrun.perfcollector <> - PERF_STAT : "     2.907241535;CPU10;69631;;UNC_M_CAS_COUNT.RD[UNIT1];10324106;100.00;;"
9438 [140042433455808] INFO perfrun.perfcollector <> - PERF_STAT : "     2.907241535;CPU0;387;;UNC_M_CAS_COUNT.RD[UNIT4];10298384;100.00;;"
9438 [140042433455808] INFO perfrun.perfcollector <> - PERF_STAT : "     2.907241535;CPU10;70173;;UNC_M_CAS_COUNT.RD[UNIT4];10324005;100.00;;"
9438 [140042433455808] INFO perfrun.perfcollector <> - PERF_STAT : "     2.907241535;CPU0;427;;UNC_M_CAS_COUNT.RD[UNIT5];10300233;100.00;;"
9438 [140042433455808] INFO perfrun.perfcollector <> - PERF_STAT : "     2.907241535;CPU10;69595;;UNC_M_CAS_COUNT.RD[UNIT5];10323772;100.00;;"
9438 [140042433455808] INFO perfrun.perfcollector <> - PERF_STAT : "     2.907241535;CPU0;14;;UNC_M_CAS_COUNT.WR[UNIT0];10302074;100.00;;"
9438 [140042433455808] INFO perfrun.perfcollector <> - PERF_STAT : "     2.907241535;CPU10;70055;;UNC_M_CAS_COUNT.WR[UNIT0];10323910;100.00;;"
9438 [140042433455808] INFO perfrun.perfcollector <> - PERF_STAT : "     2.907241535;CPU0;34;;UNC_M_CAS_COUNT.WR[UNIT1];10303887;100.00;;"
9438 [140042433455808] INFO perfrun.perfcollector <> - PERF_STAT : "     2.907241535;CPU10;69502;;UNC_M_CAS_COUNT.WR[UNIT1];10323732;100.00;;"
9438 [140042433455808] INFO perfrun.perfcollector <> - PERF_STAT : "     2.907241535;CPU0;8;;UNC_M_CAS_COUNT.WR[UNIT4];10305517;100.00;;"
9438 [140042433455808] INFO perfrun.perfcollector <> - PERF_STAT : "     2.907241535;CPU10;69959;;UNC_M_CAS_COUNT.WR[UNIT4];10323731;100.00;;"
9438 [140042433455808] INFO perfrun.perfcollector <> - PERF_STAT : "     2.907241535;CPU0;38;;UNC_M_CAS_COUNT.WR[UNIT5];10307374;100.00;;"
9438 [140042433455808] INFO perfrun.perfcollector <> - PERF_STAT : "     2.907241535;CPU10;69441;;UNC_M_CAS_COUNT.WR[UNIT5];10323930;100.00;;"
9448 [140042433455808] INFO perfrun.perfcollector <> - PERF_STAT : "     2.917566544;CPU0;547;;UNC_M_CAS_COUNT.RD[UNIT0];10321711;100.00;;"
9448 [140042433455808] INFO perfrun.perfcollector <> - PERF_STAT : "     2.917566544;CPU10;68881;;UNC_M_CAS_COUNT.RD[UNIT0];10320087;100.00;;"
9448 [140042433455808] INFO perfrun.perfcollector <> - PERF_STAT : "     2.917566544;CPU0;597;;UNC_M_CAS_COUNT.RD[UNIT1];10321674;100.00;;"
9448 [140042433455808] INFO perfrun.perfcollector <> - PERF_STAT : "     2.917566544;CPU10;68400;;UNC_M_CAS_COUNT.RD[UNIT1];10320144;100.00;;"
9448 [140042433455808] INFO perfrun.perfcollector <> - PERF_STAT : "     2.917566544;CPU0;568;;UNC_M_CAS_COUNT.RD[UNIT4];10321627;100.00;;"
9448 [140042433455808] INFO perfrun.perfcollector <> - PERF_STAT : "     2.917566544;CPU10;68886;;UNC_M_CAS_COUNT.RD[UNIT4];10320069;100.00;;"
9448 [140042433455808] INFO perfrun.perfcollector <> - PERF_STAT : "     2.917566544;CPU0;606;;UNC_M_CAS_COUNT.RD[UNIT5];10321533;100.00;;"
9448 [140042433455808] INFO perfrun.perfcollector <> - PERF_STAT : "     2.917566544;CPU10;68382;;UNC_M_CAS_COUNT.RD[UNIT5];10320083;100.00;;"
9448 [140042433455808] INFO perfrun.perfcollector <> - PERF_STAT : "     2.917566544;CPU0;20;;UNC_M_CAS_COUNT.WR[UNIT0];10321554;100.00;;"
9448 [140042433455808] INFO perfrun.perfcollector <> - PERF_STAT : "     2.917566544;CPU10;68693;;UNC_M_CAS_COUNT.WR[UNIT0];10320204;100.00;;"
9448 [140042433455808] INFO perfrun.perfcollector <> - PERF_STAT : "     2.917566544;CPU0;42;;UNC_M_CAS_COUNT.WR[UNIT1];10321571;100.00;;"
9448 [140042433455808] INFO perfrun.perfcollector <> - PERF_STAT : "     2.917566544;CPU10;68141;;UNC_M_CAS_COUNT.WR[UNIT1];10320197;100.00;;"
9448 [140042433455808] INFO perfrun.perfcollector <> - PERF_STAT : "     2.917566544;CPU0;18;;UNC_M_CAS_COUNT.WR[UNIT4];10321661;100.00;;"
9448 [140042433455808] INFO perfrun.perfcollector <> - PERF_STAT : "     2.917566544;CPU10;68703;;UNC_M_CAS_COUNT.WR[UNIT4];10320197;100.00;;"
9448 [140042433455808] INFO perfrun.perfcollector <> - PERF_STAT : "     2.917566544;CPU0;40;;UNC_M_CAS_COUNT.WR[UNIT5];10321527;100.00;;"
9448 [140042433455808] INFO perfrun.perfcollector <> - PERF_STAT : "     2.917566544;CPU10;68110;;UNC_M_CAS_COUNT.WR[UNIT5];10319998;100.00;;"
9458 [140042433455808] INFO perfrun.perfcollector <> - PERF_STAT : "     2.927885330;CPU0;1743;;UNC_M_CAS_COUNT.RD[UNIT0];10317432;100.00;;"
9458 [140042433455808] INFO perfrun.perfcollector <> - PERF_STAT : "     2.927885330;CPU10;67643;;UNC_M_CAS_COUNT.RD[UNIT0];10317558;100.00;;"
9458 [140042433455808] INFO perfrun.perfcollector <> - PERF_STAT : "     2.927885330;CPU0;2135;;UNC_M_CAS_COUNT.RD[UNIT1];10317518;100.00;;"
9458 [140042433455808] INFO perfrun.perfcollector <> - PERF_STAT : "     2.927885330;CPU10;67116;;UNC_M_CAS_COUNT.RD[UNIT1];10317788;100.00;;"
9458 [140042433455808] INFO perfrun.perfcollector <> - PERF_STAT : "     2.927885330;CPU0;1730;;UNC_M_CAS_COUNT.RD[UNIT4];10317515;100.00;;"
9459 [140042433455808] INFO perfrun.perfcollector <> - PERF_STAT : "     2.927885330;CPU10;67681;;UNC_M_CAS_COUNT.RD[UNIT4];10317897;100.00;;"
9459 [140042433455808] INFO perfrun.perfcollector <> - PERF_STAT : "     2.927885330;CPU0;1947;;UNC_M_CAS_COUNT.RD[UNIT5];10317548;100.00;;"
9459 [140042433455808] INFO perfrun.perfcollector <> - PERF_STAT : "     2.927885330;CPU10;67121;;UNC_M_CAS_COUNT.RD[UNIT5];10318177;100.00;;"
9459 [140042433455808] INFO perfrun.perfcollector <> - PERF_STAT : "     2.927885330;CPU0;102;;UNC_M_CAS_COUNT.WR[UNIT0];10317594;100.00;;"
9459 [140042433455808] INFO perfrun.perfcollector <> - PERF_STAT : "     2.927885330;CPU10;67352;;UNC_M_CAS_COUNT.WR[UNIT0];10318166;100.00;;"
9459 [140042433455808] INFO perfrun.perfcollector <> - PERF_STAT : "     2.927885330;CPU0;195;;UNC_M_CAS_COUNT.WR[UNIT1];10317571;100.00;;"
9459 [140042433455808] INFO perfrun.perfcollector <> - PERF_STAT : "     2.927885330;CPU10;66720;;UNC_M_CAS_COUNT.WR[UNIT1];10318367;100.00;;"
9459 [140042433455808] INFO perfrun.perfcollector <> - PERF_STAT : "     2.927885330;CPU0;108;;UNC_M_CAS_COUNT.WR[UNIT4];10317505;100.00;;"
9459 [140042433455808] INFO perfrun.perfcollector <> - PERF_STAT : "     2.927885330;CPU10;67374;;UNC_M_CAS_COUNT.WR[UNIT4];10318404;100.00;;"
9459 [140042433455808] INFO perfrun.perfcollector <> - PERF_STAT : "     2.927885330;CPU0;197;;UNC_M_CAS_COUNT.WR[UNIT5];10317521;100.00;;"
9459 [140042433455808] INFO perfrun.perfcollector <> - PERF_STAT : "     2.927885330;CPU10;66851;;UNC_M_CAS_COUNT.WR[UNIT5];10318516;100.00;;"
9469 [140042433455808] INFO perfrun.perfcollector <> - PERF_STAT : "     2.938206659;CPU0;212;;UNC_M_CAS_COUNT.RD[UNIT0];10327628;100.00;;"
9469 [140042433455808] INFO perfrun.perfcollector <> - PERF_STAT : "     2.938206659;CPU10;70720;;UNC_M_CAS_COUNT.RD[UNIT0];10297569;100.00;;"
9469 [140042433455808] INFO perfrun.perfcollector <> - PERF_STAT : "     2.938206659;CPU0;261;;UNC_M_CAS_COUNT.RD[UNIT1];10324751;100.00;;"
9469 [140042433455808] INFO perfrun.perfcollector <> - PERF_STAT : "     2.938206659;CPU10;70191;;UNC_M_CAS_COUNT.RD[UNIT1];10297103;100.00;;"
9469 [140042433455808] INFO perfrun.perfcollector <> - PERF_STAT : "     2.938206659;CPU0;210;;UNC_M_CAS_COUNT.RD[UNIT4];10322993;100.00;;"
9469 [140042433455808] INFO perfrun.perfcollector <> - PERF_STAT : "     2.938206659;CPU10;70759;;UNC_M_CAS_COUNT.RD[UNIT4];10297123;100.00;;"
9469 [140042433455808] INFO perfrun.perfcollector <> - PERF_STAT : "     2.938206659;CPU0;270;;UNC_M_CAS_COUNT.RD[UNIT5];10321216;100.00;;"
9469 [140042433455808] INFO perfrun.perfcollector <> - PERF_STAT : "     2.938206659;CPU10;70194;;UNC_M_CAS_COUNT.RD[UNIT5];10296904;100.00;;"
9469 [140042433455808] INFO perfrun.perfcollector <> - PERF_STAT : "     2.938206659;CPU0;185;;UNC_M_CAS_COUNT.WR[UNIT0];10319279;100.00;;"
9469 [140042433455808] INFO perfrun.perfcollector <> - PERF_STAT : "     2.938206659;CPU10;69715;;UNC_M_CAS_COUNT.WR[UNIT0];10296700;100.00;;"
9469 [140042433455808] INFO perfrun.perfcollector <> - PERF_STAT : "     2.938206659;CPU0;230;;UNC_M_CAS_COUNT.WR[UNIT1];10317431;100.00;;"
9469 [140042433455808] INFO perfrun.perfcollector <> - PERF_STAT : "     2.938206659;CPU10;69289;;UNC_M_CAS_COUNT.WR[UNIT1];10296437;100.00;;"
9469 [140042433455808] INFO perfrun.perfcollector <> - PERF_STAT : "     2.938206659;CPU0;178;;UNC_M_CAS_COUNT.WR[UNIT4];10315531;100.00;;"
9469 [140042433455808] INFO perfrun.perfcollector <> - PERF_STAT : "     2.938206659;CPU10;69764;;UNC_M_CAS_COUNT.WR[UNIT4];10296414;100.00;;"
9469 [140042433455808] INFO perfrun.perfcollector <> - PERF_STAT : "     2.938206659;CPU0;223;;UNC_M_CAS_COUNT.WR[UNIT5];10313817;100.00;;"
9469 [140042433455808] INFO perfrun.perfcollector <> - PERF_STAT : "     2.938206659;CPU10;69264;;UNC_M_CAS_COUNT.WR[UNIT5];10296304;100.00;;"
9479 [140042433455808] INFO perfrun.perfcollector <> - PERF_STAT : "     2.948503543;CPU0;400;;UNC_M_CAS_COUNT.RD[UNIT0];10290815;100.00;;"
9479 [140042433455808] INFO perfrun.perfcollector <> - PERF_STAT : "     2.948503543;CPU10;70889;;UNC_M_CAS_COUNT.RD[UNIT0];10321002;100.00;;"
9479 [140042433455808] INFO perfrun.perfcollector <> - PERF_STAT : "     2.948503543;CPU0;470;;UNC_M_CAS_COUNT.RD[UNIT1];10293646;100.00;;"
9479 [140042433455808] INFO perfrun.perfcollector <> - PERF_STAT : "     2.948503543;CPU10;70372;;UNC_M_CAS_COUNT.RD[UNIT1];10321052;100.00;;"
9479 [140042433455808] INFO perfrun.perfcollector <> - PERF_STAT : "     2.948503543;CPU0;397;;UNC_M_CAS_COUNT.RD[UNIT4];10295438;100.00;;"
9479 [140042433455808] INFO perfrun.perfcollector <> - PERF_STAT : "     2.948503543;CPU10;70945;;UNC_M_CAS_COUNT.RD[UNIT4];10320992;100.00;;"
9479 [140042433455808] INFO perfrun.perfcollector <> - PERF_STAT : "     2.948503543;CPU0;480;;UNC_M_CAS_COUNT.RD[UNIT5];10297258;100.00;;"
9479 [140042433455808] INFO perfrun.perfcollector <> - PERF_STAT : "     2.948503543;CPU10;70337;;UNC_M_CAS_COUNT.RD[UNIT5];10320982;100.00;;"
9479 [140042433455808] INFO perfrun.perfcollector <> - PERF_STAT : "     2.948503543;CPU0;81;;UNC_M_CAS_COUNT.WR[UNIT0];10299196;100.00;;"
9479 [140042433455808] INFO perfrun.perfcollector <> - PERF_STAT : "     2.948503543;CPU10;70539;;UNC_M_CAS_COUNT.WR[UNIT0];10320937;100.00;;"
9479 [140042433455808] INFO perfrun.perfcollector <> - PERF_STAT : "     2.948503543;CPU0;133;;UNC_M_CAS_COUNT.WR[UNIT1];10301070;100.00;;"
9479 [140042433455808] INFO perfrun.perfcollector <> - PERF_STAT : "     2.948503543;CPU10;69862;;UNC_M_CAS_COUNT.WR[UNIT1];10320942;100.00;;"
9479 [140042433455808] INFO perfrun.perfcollector <> - PERF_STAT : "     2.948503543;CPU0;68;;UNC_M_CAS_COUNT.WR[UNIT4];10302933;100.00;;"
9479 [140042433455808] INFO perfrun.perfcollector <> - PERF_STAT : "     2.948503543;CPU10;70511;;UNC_M_CAS_COUNT.WR[UNIT4];10321215;100.00;;"
9479 [140042433455808] INFO perfrun.perfcollector <> - PERF_STAT : "     2.948503543;CPU0;136;;UNC_M_CAS_COUNT.WR[UNIT5];10304655;100.00;;"
9479 [140042433455808] INFO perfrun.perfcollector <> - PERF_STAT : "     2.948503543;CPU10;69877;;UNC_M_CAS_COUNT.WR[UNIT5];10321257;100.00;;"
9489 [140042433455808] INFO perfrun.perfcollector <> - PERF_STAT : "     2.958828520;CPU0;761;;UNC_M_CAS_COUNT.RD[UNIT0];10322587;100.00;;"
9489 [140042433455808] INFO perfrun.perfcollector <> - PERF_STAT : "     2.958828520;CPU10;70443;;UNC_M_CAS_COUNT.RD[UNIT0];10322550;100.00;;"
9489 [140042433455808] INFO perfrun.perfcollector <> - PERF_STAT : "     2.958828520;CPU0;813;;UNC_M_CAS_COUNT.RD[UNIT1];10322757;100.00;;"
9489 [140042433455808] INFO perfrun.perfcollector <> - PERF_STAT : "     2.958828520;CPU10;69888;;UNC_M_CAS_COUNT.RD[UNIT1];10322774;100.00;;"
9489 [140042433455808] INFO perfrun.perfcollector <> - PERF_STAT : "     2.958828520;CPU0;757;;UNC_M_CAS_COUNT.RD[UNIT4];10322709;100.00;;"
9489 [140042433455808] INFO perfrun.perfcollector <> - PERF_STAT : "     2.958828520;CPU10;70452;;UNC_M_CAS_COUNT.RD[UNIT4];10323014;100.00;;"
9489 [140042433455808] INFO perfrun.perfcollector <> - PERF_STAT : "     2.958828520;CPU0;806;;UNC_M_CAS_COUNT.RD[UNIT5];10322617;100.00;;"
9489 [140042433455808] INFO perfrun.perfcollector <> - PERF_STAT : "     2.958828520;CPU10;69893;;UNC_M_CAS_COUNT.RD[UNIT5];10323230;100.00;;"
9490 [140042433455808] INFO perfrun.perfcollector <> - PERF_STAT : "     2.958828520;CPU0;23;;UNC_M_CAS_COUNT.WR[UNIT0];10322553;100.00;;"
9490 [140042433455808] INFO perfrun.perfcollector <> - PERF_STAT : "     2.958828520;CPU10;70642;;UNC_M_CAS_COUNT.WR[UNIT0];10323217;100.00;;"
9490 [140042433455808] INFO perfrun.perfcollector <> - PERF_STAT : "     2.958828520;CPU0;67;;UNC_M_CAS_COUNT.WR[UNIT1];10322554;100.00;;"
9490 [140042433455808] INFO perfrun.perfcollector <> - PERF_STAT : "     2.958828520;CPU10;70080;;UNC_M_CAS_COUNT.WR[UNIT1];10323300;100.00;;"
9490 [140042433455808] INFO perfrun.perfcollector <> - PERF_STAT : "     2.958828520;CPU0;15;;UNC_M_CAS_COUNT.WR[UNIT4];10322570;100.00;;"
9490 [140042433455808] INFO perfrun.perfcollector <> - PERF_STAT : "     2.958828520;CPU10;70606;;UNC_M_CAS_COUNT.WR[UNIT4];10323018;100.00;;"
9490 [140042433455808] INFO perfrun.perfcollector <> - PERF_STAT : "     2.958828520;CPU0;62;;UNC_M_CAS_COUNT.WR[UNIT5];10322580;100.00;;"
9490 [140042433455808] INFO perfrun.perfcollector <> - PERF_STAT : "     2.958828520;CPU10;70185;;UNC_M_CAS_COUNT.WR[UNIT5];10323018;100.00;;"
9500 [140042433455808] INFO perfrun.perfcollector <> - PERF_STAT : "     2.969152908;CPU0;396;;UNC_M_CAS_COUNT.RD[UNIT0];10325075;100.00;;"
9500 [140042433455808] INFO perfrun.perfcollector <> - PERF_STAT : "     2.969152908;CPU10;71415;;UNC_M_CAS_COUNT.RD[UNIT0];10326338;100.00;;"
9500 [140042433455808] INFO perfrun.perfcollector <> - PERF_STAT : "     2.969152908;CPU0;502;;UNC_M_CAS_COUNT.RD[UNIT1];10324898;100.00;;"
9500 [140042433455808] INFO perfrun.perfcollector <> - PERF_STAT : "     2.969152908;CPU10;70904;;UNC_M_CAS_COUNT.RD[UNIT1];10326457;100.00;;"
9500 [140042433455808] INFO perfrun.perfcollector <> - PERF_STAT : "     2.969152908;CPU0;405;;UNC_M_CAS_COUNT.RD[UNIT4];10324986;100.00;;"
9500 [140042433455808] INFO perfrun.perfcollector <> - PERF_STAT : "     2.969152908;CPU10;71441;;UNC_M_CAS_COUNT.RD[UNIT4];10326657;100.00;;"
9500 [140042433455808] INFO perfrun.perfcollector <> - PERF_STAT : "     2.969152908;CPU0;488;;UNC_M_CAS_COUNT.RD[UNIT5];10325046;100.00;;"
9500 [140042433455808] INFO perfrun.perfcollector <> - PERF_STAT : "     2.969152908;CPU10;70874;;UNC_M_CAS_COUNT.RD[UNIT5];10326518;100.00;;"
9500 [140042433455808] INFO perfrun.perfcollector <> - PERF_STAT : "     2.969152908;CPU0;104;;UNC_M_CAS_COUNT.WR[UNIT0];10325152;100.00;;"
9500 [140042433455808] INFO perfrun.perfcollector <> - PERF_STAT : "     2.969152908;CPU10;70542;;UNC_M_CAS_COUNT.WR[UNIT0];10326508;100.00;;"
9500 [140042433455808] INFO perfrun.perfcollector <> - PERF_STAT : "     2.969152908;CPU0;173;;UNC_M_CAS_COUNT.WR[UNIT1];10325208;100.00;;"
9500 [140042433455808] INFO perfrun.perfcollector <> - PERF_STAT : "     2.969152908;CPU10;69911;;UNC_M_CAS_COUNT.WR[UNIT1];10326651;100.00;;"
9500 [140042433455808] INFO perfrun.perfcollector <> - PERF_STAT : "     2.969152908;CPU0;93;;UNC_M_CAS_COUNT.WR[UNIT4];10325266;100.00;;"
9500 [140042433455808] INFO perfrun.perfcollector <> - PERF_STAT : "     2.969152908;CPU10;70649;;UNC_M_CAS_COUNT.WR[UNIT4];10326631;100.00;;"
9500 [140042433455808] INFO perfrun.perfcollector <> - PERF_STAT : "     2.969152908;CPU0;185;;UNC_M_CAS_COUNT.WR[UNIT5];10325289;100.00;;"
9500 [140042433455808] INFO perfrun.perfcollector <> - PERF_STAT : "     2.969152908;CPU10;69972;;UNC_M_CAS_COUNT.WR[UNIT5];10326659;100.00;;"
9510 [140042433455808] INFO perfrun.perfcollector <> - PERF_STAT : "     2.979476026;CPU0;299;;UNC_M_CAS_COUNT.RD[UNIT0];10321127;100.00;;"
9510 [140042433455808] INFO perfrun.perfcollector <> - PERF_STAT : "     2.979476026;CPU10;70649;;UNC_M_CAS_COUNT.RD[UNIT0];10320506;100.00;;"
9510 [140042433455808] INFO perfrun.perfcollector <> - PERF_STAT : "     2.979476026;CPU0;347;;UNC_M_CAS_COUNT.RD[UNIT1];10321124;100.00;;"
9510 [140042433455808] INFO perfrun.perfcollector <> - PERF_STAT : "     2.979476026;CPU10;70080;;UNC_M_CAS_COUNT.RD[UNIT1];10320243;100.00;;"
9510 [140042433455808] INFO perfrun.perfcollector <> - PERF_STAT : "     2.979476026;CPU0;308;;UNC_M_CAS_COUNT.RD[UNIT4];10321063;100.00;;"
9510 [140042433455808] INFO perfrun.perfcollector <> - PERF_STAT : "     2.979476026;CPU10;70614;;UNC_M_CAS_COUNT.RD[UNIT4];10320091;100.00;;"
9510 [140042433455808] INFO perfrun.perfcollector <> - PERF_STAT : "     2.979476026;CPU0;346;;UNC_M_CAS_COUNT.RD[UNIT5];10321196;100.00;;"
9510 [140042433455808] INFO perfrun.perfcollector <> - PERF_STAT : "     2.979476026;CPU10;70075;;UNC_M_CAS_COUNT.RD[UNIT5];10319952;100.00;;"
9510 [140042433455808] INFO perfrun.perfcollector <> - PERF_STAT : "     2.979476026;CPU0;131;;UNC_M_CAS_COUNT.WR[UNIT0];10321073;100.00;;"
9510 [140042433455808] INFO perfrun.perfcollector <> - PERF_STAT : "     2.979476026;CPU10;70384;;UNC_M_CAS_COUNT.WR[UNIT0];10320031;100.00;;"
9510 [140042433455808] INFO perfrun.perfcollector <> - PERF_STAT : "     2.979476026;CPU0;144;;UNC_M_CAS_COUNT.WR[UNIT1];10321137;100.00;;"
9510 [140042433455808] INFO perfrun.perfcollector <> - PERF_STAT : "     2.979476026;CPU10;69890;;UNC_M_CAS_COUNT.WR[UNIT1];10320012;100.00;;"
9510 [140042433455808] INFO perfrun.perfcollector <> - PERF_STAT : "     2.979476026;CPU0;132;;UNC_M_CAS_COUNT.WR[UNIT4];10321233;100.00;;"
9510 [140042433455808] INFO perfrun.perfcollector <> - PERF_STAT : "     2.979476026;CPU10;70174;;UNC_M_CAS_COUNT.WR[UNIT4];10320037;100.00;;"
9510 [140042433455808] INFO perfrun.perfcollector <> - PERF_STAT : "     2.979476026;CPU0;151;;UNC_M_CAS_COUNT.WR[UNIT5];10321313;100.00;;"
9510 [140042433455808] INFO perfrun.perfcollector <> - PERF_STAT : "     2.979476026;CPU10;69534;;UNC_M_CAS_COUNT.WR[UNIT5];10320095;100.00;;"
9520 [140042433455808] INFO perfrun.perfcollector <> - PERF_STAT : "     2.989798025;CPU0;298;;UNC_M_CAS_COUNT.RD[UNIT0];10332213;100.00;;"
9520 [140042433455808] INFO perfrun.perfcollector <> - PERF_STAT : "     2.989798025;CPU10;70940;;UNC_M_CAS_COUNT.RD[UNIT0];10302276;100.00;;"
9520 [140042433455808] INFO perfrun.perfcollector <> - PERF_STAT : "     2.989798025;CPU0;350;;UNC_M_CAS_COUNT.RD[UNIT1];10329654;100.00;;"
9520 [140042433455808] INFO perfrun.perfcollector <> - PERF_STAT : "     2.989798025;CPU10;70420;;UNC_M_CAS_COUNT.RD[UNIT1];10302525;100.00;;"
9520 [140042433455808] INFO perfrun.perfcollector <> - PERF_STAT : "     2.989798025;CPU0;311;;UNC_M_CAS_COUNT.RD[UNIT4];10328347;100.00;;"
9520 [140042433455808] INFO perfrun.perfcollector <> - PERF_STAT : "     2.989798025;CPU10;70952;;UNC_M_CAS_COUNT.RD[UNIT4];10302389;100.00;;"
9520 [140042433455808] INFO perfrun.perfcollector <> - PERF_STAT : "     2.989798025;CPU0;353;;UNC_M_CAS_COUNT.RD[UNIT5];10326518;100.00;;"
9520 [140042433455808] INFO perfrun.perfcollector <> - PERF_STAT : "     2.989798025;CPU10;70388;;UNC_M_CAS_COUNT.RD[UNIT5];10302370;100.00;;"
9520 [140042433455808] INFO perfrun.perfcollector <> - PERF_STAT : "     2.989798025;CPU0;14;;UNC_M_CAS_COUNT.WR[UNIT0];10324671;100.00;;"
9520 [140042433455808] INFO perfrun.perfcollector <> - PERF_STAT : "     2.989798025;CPU10;70501;;UNC_M_CAS_COUNT.WR[UNIT0];10302168;100.00;;"
9520 [140042433455808] INFO perfrun.perfcollector <> - PERF_STAT : "     2.989798025;CPU0;44;;UNC_M_CAS_COUNT.WR[UNIT1];10322672;100.00;;"
9520 [140042433455808] INFO perfrun.perfcollector <> - PERF_STAT : "     2.989798025;CPU10;69925;;UNC_M_CAS_COUNT.WR[UNIT1];10302013;100.00;;"
9520 [140042433455808] INFO perfrun.perfcollector <> - PERF_STAT : "     2.989798025;CPU0;10;;UNC_M_CAS_COUNT.WR[UNIT4];10320648;100.00;;"
9520 [140042433455808] INFO perfrun.perfcollector <> - PERF_STAT : "     2.989798025;CPU10;70721;;UNC_M_CAS_COUNT.WR[UNIT4];10302198;100.00;;"
9521 [140042433455808] INFO perfrun.perfcollector <> - PERF_STAT : "     2.989798025;CPU0;39;;UNC_M_CAS_COUNT.WR[UNIT5];10318683;100.00;;"
9521 [140042433455808] INFO perfrun.perfcollector <> - PERF_STAT : "     2.989798025;CPU10;70181;;UNC_M_CAS_COUNT.WR[UNIT5];10302170;100.00;;"
9531 [140042433455808] INFO perfrun.perfcollector <> - PERF_STAT : "     3.000094317;CPU0;884;;UNC_M_CAS_COUNT.RD[UNIT0];10291513;100.00;;"
9531 [140042433455808] INFO perfrun.perfcollector <> - PERF_STAT : "     3.000094317;CPU10;70750;;UNC_M_CAS_COUNT.RD[UNIT0];10319590;100.00;;"
9531 [140042433455808] INFO perfrun.perfcollector <> - PERF_STAT : "     3.000094317;CPU0;1075;;UNC_M_CAS_COUNT.RD[UNIT1];10294082;100.00;;"
9531 [140042433455808] INFO perfrun.perfcollector <> - PERF_STAT : "     3.000094317;CPU10;70114;;UNC_M_CAS_COUNT.RD[UNIT1];10319268;100.00;;"
9531 [140042433455808] INFO perfrun.perfcollector <> - PERF_STAT : "     3.000094317;CPU0;939;;UNC_M_CAS_COUNT.RD[UNIT4];10295463;100.00;;"
9531 [140042433455808] INFO perfrun.perfcollector <> - PERF_STAT : "     3.000094317;CPU10;70715;;UNC_M_CAS_COUNT.RD[UNIT4];10319226;100.00;;"
9531 [140042433455808] INFO perfrun.perfcollector <> - PERF_STAT : "     3.000094317;CPU0;1020;;UNC_M_CAS_COUNT.RD[UNIT5];10297178;100.00;;"
9531 [140042433455808] INFO perfrun.perfcollector <> - PERF_STAT : "     3.000094317;CPU10;70173;;UNC_M_CAS_COUNT.RD[UNIT5];10319569;100.00;;"
9531 [140042433455808] INFO perfrun.perfcollector <> - PERF_STAT : "     3.000094317;CPU0;36;;UNC_M_CAS_COUNT.WR[UNIT0];10299035;100.00;;"
9531 [140042433455808] INFO perfrun.perfcollector <> - PERF_STAT : "     3.000094317;CPU10;70658;;UNC_M_CAS_COUNT.WR[UNIT0];10319721;100.00;;"
9531 [140042433455808] INFO perfrun.perfcollector <> - PERF_STAT : "     3.000094317;CPU0;160;;UNC_M_CAS_COUNT.WR[UNIT1];10300910;100.00;;"
9531 [140042433455808] INFO perfrun.perfcollector <> - PERF_STAT : "     3.000094317;CPU10;70368;;UNC_M_CAS_COUNT.WR[UNIT1];10319913;100.00;;"
9531 [140042433455808] INFO perfrun.perfcollector <> - PERF_STAT : "     3.000094317;CPU0;23;;UNC_M_CAS_COUNT.WR[UNIT4];10302781;100.00;;"
9531 [140042433455808] INFO perfrun.perfcollector <> - PERF_STAT : "     3.000094317;CPU10;70732;;UNC_M_CAS_COUNT.WR[UNIT4];10319742;100.00;;"
9531 [140042433455808] INFO perfrun.perfcollector <> - PERF_STAT : "     3.000094317;CPU0;165;;UNC_M_CAS_COUNT.WR[UNIT5];10304652;100.00;;"
9531 [140042433455808] INFO perfrun.perfcollector <> - PERF_STAT : "     3.000094317;CPU10;70432;;UNC_M_CAS_COUNT.WR[UNIT5];10319758;100.00;;"
9541 [140042433455808] INFO perfrun.perfcollector <> - PERF_STAT : "     3.010418405;CPU0;338;;UNC_M_CAS_COUNT.RD[UNIT0];10318026;100.00;;"
9541 [140042433455808] INFO perfrun.perfcollector <> - PERF_STAT : "     3.010418405;CPU10;70600;;UNC_M_CAS_COUNT.RD[UNIT0];10307540;100.00;;"
9541 [140042433455808] INFO perfrun.perfcollector <> - PERF_STAT : "     3.010418405;CPU0;450;;UNC_M_CAS_COUNT.RD[UNIT1];10318023;100.00;;"
9541 [140042433455808] INFO perfrun.perfcollector <> - PERF_STAT : "     3.010418405;CPU10;70054;;UNC_M_CAS_COUNT.RD[UNIT1];10307498;100.00;;"
9541 [140042433455808] INFO perfrun.perfcollector <> - PERF_STAT : "     3.010418405;CPU0;357;;UNC_M_CAS_COUNT.RD[UNIT4];10317999;100.00;;"
9541 [140042433455808] INFO perfrun.perfcollector <> - PERF_STAT : "     3.010418405;CPU10;70586;;UNC_M_CAS_COUNT.RD[UNIT4];10307357;100.00;;"
9541 [140042433455808] INFO perfrun.perfcollector <> - PERF_STAT : "     3.010418405;CPU0;469;;UNC_M_CAS_COUNT.RD[UNIT5];10329680;100.00;;"
9541 [140042433455808] INFO perfrun.perfcollector <> - PERF_STAT : "     3.010418405;CPU10;70022;;UNC_M_CAS_COUNT.RD[UNIT5];10307089;100.00;;"
9541 [140042433455808] INFO perfrun.perfcollector <> - PERF_STAT : "     3.010418405;CPU0;215;;UNC_M_CAS_COUNT.WR[UNIT0];10327828;100.00;;"
9541 [140042433455808] INFO perfrun.perfcollector <> - PERF_STAT : "     3.010418405;CPU10;69655;;UNC_M_CAS_COUNT.WR[UNIT0];10307120;100.00;;"
9541 [140042433455808] INFO perfrun.perfcollector <> - PERF_STAT : "     3.010418405;CPU0;318;;UNC_M_CAS_COUNT.WR[UNIT1];10325947;100.00;;"
9541 [140042433455808] INFO perfrun.perfcollector <> - PERF_STAT : "     3.010418405;CPU10;68994;;UNC_M_CAS_COUNT.WR[UNIT1];10306928;100.00;;"
9541 [140042433455808] INFO perfrun.perfcollector <> - PERF_STAT : "     3.010418405;CPU0;222;;UNC_M_CAS_COUNT.WR[UNIT4];10324088;100.00;;"
9541 [140042433455808] INFO perfrun.perfcollector <> - PERF_STAT : "     3.010418405;CPU10;69342;;UNC_M_CAS_COUNT.WR[UNIT4];10306877;100.00;;"
9541 [140042433455808] INFO perfrun.perfcollector <> - PERF_STAT : "     3.010418405;CPU0;324;;UNC_M_CAS_COUNT.WR[UNIT5];10322365;100.00;;"
9541 [140042433455808] INFO perfrun.perfcollector <> - PERF_STAT : "     3.010418405;CPU10;68712;;UNC_M_CAS_COUNT.WR[UNIT5];10306863;100.00;;"
9551 [140042433455808] INFO perfrun.perfcollector <> - PERF_STAT : "     3.020730845;CPU0;340;;UNC_M_CAS_COUNT.RD[UNIT0];10314397;100.00;;"
9551 [140042433455808] INFO perfrun.perfcollector <> - PERF_STAT : "     3.020730845;CPU10;68860;;UNC_M_CAS_COUNT.RD[UNIT0];10326294;100.00;;"
9551 [140042433455808] INFO perfrun.perfcollector <> - PERF_STAT : "     3.020730845;CPU0;406;;UNC_M_CAS_COUNT.RD[UNIT1];10314507;100.00;;"
9551 [140042433455808] INFO perfrun.perfcollector <> - PERF_STAT : "     3.020730845;CPU10;68314;;UNC_M_CAS_COUNT.RD[UNIT1];10326491;100.00;;"
9551 [140042433455808] INFO perfrun.perfcollector <> - PERF_STAT : "     3.020730845;CPU0;345;;UNC_M_CAS_COUNT.RD[UNIT4];10314601;100.00;;"
9551 [140042433455808] INFO perfrun.perfcollector <> - PERF_STAT : "     3.020730845;CPU10;68850;;UNC_M_CAS_COUNT.RD[UNIT4];10326867;100.00;;"
9551 [140042433455808] INFO perfrun.perfcollector <> - PERF_STAT : "     3.020730845;CPU0;405;;UNC_M_CAS_COUNT.RD[UNIT5];10303030;100.00;;"
9551 [140042433455808] INFO perfrun.perfcollector <> - PERF_STAT : "     3.020730845;CPU10;68303;;UNC_M_CAS_COUNT.RD[UNIT5];10326911;100.00;;"
9551 [140042433455808] INFO perfrun.perfcollector <> - PERF_STAT : "     3.020730845;CPU0;113;;UNC_M_CAS_COUNT.WR[UNIT0];10304913;100.00;;"
9551 [140042433455808] INFO perfrun.perfcollector <> - PERF_STAT : "     3.020730845;CPU10;68502;;UNC_M_CAS_COUNT.WR[UNIT0];10326857;100.00;;"
9551 [140042433455808] INFO perfrun.perfcollector <> - PERF_STAT : "     3.020730845;CPU0;141;;UNC_M_CAS_COUNT.WR[UNIT1];10306931;100.00;;"
9551 [140042433455808] INFO perfrun.perfcollector <> - PERF_STAT : "     3.020730845;CPU10;67760;;UNC_M_CAS_COUNT.WR[UNIT1];10326991;100.00;;"
9551 [140042433455808] INFO perfrun.perfcollector <> - PERF_STAT : "     3.020730845;CPU0;114;;UNC_M_CAS_COUNT.WR[UNIT4];10308772;100.00;;"
9551 [140042433455808] INFO perfrun.perfcollector <> - PERF_STAT : "     3.020730845;CPU10;68563;;UNC_M_CAS_COUNT.WR[UNIT4];10327131;100.00;;"
9551 [140042433455808] INFO perfrun.perfcollector <> - PERF_STAT : "     3.020730845;CPU0;166;;UNC_M_CAS_COUNT.WR[UNIT5];10310440;100.00;;"
9551 [140042433455808] INFO perfrun.perfcollector <> - PERF_STAT : "     3.020730845;CPU10;67822;;UNC_M_CAS_COUNT.WR[UNIT5];10327269;100.00;;"
9562 [140042433455808] INFO perfrun.perfcollector <> - PERF_STAT : "     3.031055312;CPU0;968;;UNC_M_CAS_COUNT.RD[UNIT0];10320438;100.00;;"
9562 [140042433455808] INFO perfrun.perfcollector <> - PERF_STAT : "     3.031055312;CPU10;70620;;UNC_M_CAS_COUNT.RD[UNIT0];10340908;100.00;;"
9562 [140042433455808] INFO perfrun.perfcollector <> - PERF_STAT : "     3.031055312;CPU0;1089;;UNC_M_CAS_COUNT.RD[UNIT1];10344056;100.00;;"
9562 [140042433455808] INFO perfrun.perfcollector <> - PERF_STAT : "     3.031055312;CPU10;70020;;UNC_M_CAS_COUNT.RD[UNIT1];10340779;100.00;;"
9562 [140042433455808] INFO perfrun.perfcollector <> - PERF_STAT : "     3.031055312;CPU0;1011;;UNC_M_CAS_COUNT.RD[UNIT4];10344089;100.00;;"
9562 [140042433455808] INFO perfrun.perfcollector <> - PERF_STAT : "     3.031055312;CPU10;70560;;UNC_M_CAS_COUNT.RD[UNIT4];10340608;100.00;;"
9562 [140042433455808] INFO perfrun.perfcollector <> - PERF_STAT : "     3.031055312;CPU0;1045;;UNC_M_CAS_COUNT.RD[UNIT5];10343843;100.00;;"
9562 [140042433455808] INFO perfrun.perfcollector <> - PERF_STAT : "     3.031055312;CPU10;70059;;UNC_M_CAS_COUNT.RD[UNIT5];10340722;100.00;;"
9562 [140042433455808] INFO perfrun.perfcollector <> - PERF_STAT : "     3.031055312;CPU0;48;;UNC_M_CAS_COUNT.WR[UNIT0];10343939;100.00;;"
9562 [140042433455808] INFO perfrun.perfcollector <> - PERF_STAT : "     3.031055312;CPU10;70891;;UNC_M_CAS_COUNT.WR[UNIT0];10340732;100.00;;"
9562 [140042433455808] INFO perfrun.perfcollector <> - PERF_STAT : "     3.031055312;CPU0;71;;UNC_M_CAS_COUNT.WR[UNIT1];10343799;100.00;;"
9562 [140042433455808] INFO perfrun.perfcollector <> - PERF_STAT : "     3.031055312;CPU10;70518;;UNC_M_CAS_COUNT.WR[UNIT1];10340887;100.00;;"
9562 [140042433455808] INFO perfrun.perfcollector <> - PERF_STAT : "     3.031055312;CPU0;42;;UNC_M_CAS_COUNT.WR[UNIT4];10343913;100.00;;"
9562 [140042433455808] INFO perfrun.perfcollector <> - PERF_STAT : "     3.031055312;CPU10;70973;;UNC_M_CAS_COUNT.WR[UNIT4];10341052;100.00;;"
9562 [140042433455808] INFO perfrun.perfcollector <> - PERF_STAT : "     3.031055312;CPU0;63;;UNC_M_CAS_COUNT.WR[UNIT5];10343962;100.00;;"
9562 [140042433455808] INFO perfrun.perfcollector <> - PERF_STAT : "     3.031055312;CPU10;70505;;UNC_M_CAS_COUNT.WR[UNIT5];10341031;100.00;;"
9572 [140042433455808] INFO perfrun.perfcollector <> - PERF_STAT : "     3.041399256;CPU0;498;;UNC_M_CAS_COUNT.RD[UNIT0];10343375;100.00;;"
9572 [140042433455808] INFO perfrun.perfcollector <> - PERF_STAT : "     3.041399256;CPU10;71152;;UNC_M_CAS_COUNT.RD[UNIT0];10322728;100.00;;"
9572 [140042433455808] INFO perfrun.perfcollector <> - PERF_STAT : "     3.041399256;CPU0;474;;UNC_M_CAS_COUNT.RD[UNIT1];10319653;100.00;;"
9572 [140042433455808] INFO perfrun.perfcollector <> - PERF_STAT : "     3.041399256;CPU10;70600;;UNC_M_CAS_COUNT.RD[UNIT1];10322601;100.00;;"
9572 [140042433455808] INFO perfrun.perfcollector <> - PERF_STAT : "     3.041399256;CPU0;418;;UNC_M_CAS_COUNT.RD[UNIT4];10319453;100.00;;"
9572 [140042433455808] INFO perfrun.perfcollector <> - PERF_STAT : "     3.041399256;CPU10;71164;;UNC_M_CAS_COUNT.RD[UNIT4];10322652;100.00;;"
9572 [140042433455808] INFO perfrun.perfcollector <> - PERF_STAT : "     3.041399256;CPU0;496;;UNC_M_CAS_COUNT.RD[UNIT5];10319539;100.00;;"
9572 [140042433455808] INFO perfrun.perfcollector <> - PERF_STAT : "     3.041399256;CPU10;70633;;UNC_M_CAS_COUNT.RD[UNIT5];10322441;100.00;;"
9572 [140042433455808] INFO perfrun.perfcollector <> - PERF_STAT : "     3.041399256;CPU0;226;;UNC_M_CAS_COUNT.WR[UNIT0];10319406;100.00;;"
9572 [140042433455808] INFO perfrun.perfcollector <> - PERF_STAT : "     3.041399256;CPU10;69976;;UNC_M_CAS_COUNT.WR[UNIT0];10322346;100.00;;"
9572 [140042433455808] INFO perfrun.perfcollector <> - PERF_STAT : "     3.041399256;CPU0;294;;UNC_M_CAS_COUNT.WR[UNIT1];10319405;100.00;;"
9572 [140042433455808] INFO perfrun.perfcollector <> - PERF_STAT : "     3.041399256;CPU10;69302;;UNC_M_CAS_COUNT.WR[UNIT1];10322238;100.00;;"
9572 [140042433455808] INFO perfrun.perfcollector <> - PERF_STAT : "     3.041399256;CPU0;218;;UNC_M_CAS_COUNT.WR[UNIT4];10319288;100.00;;"
9572 [140042433455808] INFO perfrun.perfcollector <> - PERF_STAT : "     3.041399256;CPU10;69825;;UNC_M_CAS_COUNT.WR[UNIT4];10322080;100.00;;"
9572 [140042433455808] INFO perfrun.perfcollector <> - PERF_STAT : "     3.041399256;CPU0;273;;UNC_M_CAS_COUNT.WR[UNIT5];10319265;100.00;;"
9572 [140042433455808] INFO perfrun.perfcollector <> - PERF_STAT : "     3.041399256;CPU10;69376;;UNC_M_CAS_COUNT.WR[UNIT5];10321972;100.00;;"
9582 [140042433455808] INFO perfrun.perfcollector <> - PERF_STAT : "     3.051716862;CPU0;1429;;UNC_M_CAS_COUNT.RD[UNIT0];10320064;100.00;;"
9582 [140042433455808] INFO perfrun.perfcollector <> - PERF_STAT : "     3.051716862;CPU10;68350;;UNC_M_CAS_COUNT.RD[UNIT0];10315270;100.00;;"
9582 [140042433455808] INFO perfrun.perfcollector <> - PERF_STAT : "     3.051716862;CPU0;1641;;UNC_M_CAS_COUNT.RD[UNIT1];10320188;100.00;;"
9582 [140042433455808] INFO perfrun.perfcollector <> - PERF_STAT : "     3.051716862;CPU10;67833;;UNC_M_CAS_COUNT.RD[UNIT1];10315403;100.00;;"
9582 [140042433455808] INFO perfrun.perfcollector <> - PERF_STAT : "     3.051716862;CPU0;1424;;UNC_M_CAS_COUNT.RD[UNIT4];10320211;100.00;;"
9582 [140042433455808] INFO perfrun.perfcollector <> - PERF_STAT : "     3.051716862;CPU10;68394;;UNC_M_CAS_COUNT.RD[UNIT4];10315431;100.00;;"
9582 [140042433455808] INFO perfrun.perfcollector <> - PERF_STAT : "     3.051716862;CPU0;1620;;UNC_M_CAS_COUNT.RD[UNIT5];10320201;100.00;;"
9582 [140042433455808] INFO perfrun.perfcollector <> - PERF_STAT : "     3.051716862;CPU10;67822;;UNC_M_CAS_COUNT.RD[UNIT5];10315414;100.00;;"
9582 [140042433455808] INFO perfrun.perfcollector <> - PERF_STAT : "     3.051716862;CPU0;142;;UNC_M_CAS_COUNT.WR[UNIT0];10320301;100.00;;"
9582 [140042433455808] INFO perfrun.perfcollector <> - PERF_STAT : "     3.051716862;CPU10;67763;;UNC_M_CAS_COUNT.WR[UNIT0];10315410;100.00;;"
9582 [140042433455808] INFO perfrun.perfcollector <> - PERF_STAT : "     3.051716862;CPU0;199;;UNC_M_CAS_COUNT.WR[UNIT1];10320429;100.00;;"
9582 [140042433455808] INFO perfrun.perfcollector <> - PERF_STAT : "     3.051716862;CPU10;67380;;UNC_M_CAS_COUNT.WR[UNIT1];10315235;100.00;;"
9582 [140042433455808] INFO perfrun.perfcollector <> - PERF_STAT : "     3.051716862;CPU0;102;;UNC_M_CAS_COUNT.WR[UNIT4];10332645;100.00;;"
9582 [140042433455808] INFO perfrun.perfcollector <> - PERF_STAT : "     3.051716862;CPU10;68053;;UNC_M_CAS_COUNT.WR[UNIT4];10315091;100.00;;"
9582 [140042433455808] INFO perfrun.perfcollector <> - PERF_STAT : "     3.051716862;CPU0;178;;UNC_M_CAS_COUNT.WR[UNIT5];10330842;100.00;;"
9582 [140042433455808] INFO perfrun.perfcollector <> - PERF_STAT : "     3.051716862;CPU10;67276;;UNC_M_CAS_COUNT.WR[UNIT5];10315081;100.00;;"
9593 [140042433455808] INFO perfrun.perfcollector <> - PERF_STAT : "     3.062034917;CPU0;858;;UNC_M_CAS_COUNT.RD[UNIT0];10320354;100.00;;"
9593 [140042433455808] INFO perfrun.perfcollector <> - PERF_STAT : "     3.062034917;CPU10;70232;;UNC_M_CAS_COUNT.RD[UNIT0];10294798;100.00;;"
9593 [140042433455808] INFO perfrun.perfcollector <> - PERF_STAT : "     3.062034917;CPU0;880;;UNC_M_CAS_COUNT.RD[UNIT1];10317606;100.00;;"
9593 [140042433455808] INFO perfrun.perfcollector <> - PERF_STAT : "     3.062034917;CPU10;69639;;UNC_M_CAS_COUNT.RD[UNIT1];10295191;100.00;;"
9593 [140042433455808] INFO perfrun.perfcollector <> - PERF_STAT : "     3.062034917;CPU0;871;;UNC_M_CAS_COUNT.RD[UNIT4];10315738;100.00;;"
9593 [140042433455808] INFO perfrun.perfcollector <> - PERF_STAT : "     3.062034917;CPU10;70227;;UNC_M_CAS_COUNT.RD[UNIT4];10294869;100.00;;"
9593 [140042433455808] INFO perfrun.perfcollector <> - PERF_STAT : "     3.062034917;CPU0;897;;UNC_M_CAS_COUNT.RD[UNIT5];10313881;100.00;;"
9593 [140042433455808] INFO perfrun.perfcollector <> - PERF_STAT : "     3.062034917;CPU10;69639;;UNC_M_CAS_COUNT.RD[UNIT5];10295023;100.00;;"
9593 [140042433455808] INFO perfrun.perfcollector <> - PERF_STAT : "     3.062034917;CPU0;156;;UNC_M_CAS_COUNT.WR[UNIT0];10311936;100.00;;"
9593 [140042433455808] INFO perfrun.perfcollector <> - PERF_STAT : "     3.062034917;CPU10;70070;;UNC_M_CAS_COUNT.WR[UNIT0];10295142;100.00;;"
9593 [140042433455808] INFO perfrun.perfcollector <> - PERF_STAT : "     3.062034917;CPU0;207;;UNC_M_CAS_COUNT.WR[UNIT1];10309930;100.00;;"
9593 [140042433455808] INFO perfrun.perfcollector <> - PERF_STAT : "     3.062034917;CPU10;69385;;UNC_M_CAS_COUNT.WR[UNIT1];10295104;100.00;;"
9593 [140042433455808] INFO perfrun.perfcollector <> - PERF_STAT : "     3.062034917;CPU0;159;;UNC_M_CAS_COUNT.WR[UNIT4];10295937;100.00;;"
9593 [140042433455808] INFO perfrun.perfcollector <> - PERF_STAT : "     3.062034917;CPU10;69753;;UNC_M_CAS_COUNT.WR[UNIT4];10295122;100.00;;"
9593 [140042433455808] INFO perfrun.perfcollector <> - PERF_STAT : "     3.062034917;CPU0;223;;UNC_M_CAS_COUNT.WR[UNIT5];10295902;100.00;;"
9593 [140042433455808] INFO perfrun.perfcollector <> - PERF_STAT : "     3.062034917;CPU10;69516;;UNC_M_CAS_COUNT.WR[UNIT5];10295121;100.00;;"
9603 [140042433455808] INFO perfrun.perfcollector <> - PERF_STAT : "     3.072327532;CPU0;241;;UNC_M_CAS_COUNT.RD[UNIT0];10295839;100.00;;"
9603 [140042433455808] INFO perfrun.perfcollector <> - PERF_STAT : "     3.072327532;CPU10;71065;;UNC_M_CAS_COUNT.RD[UNIT0];10296111;100.00;;"
9603 [140042433455808] INFO perfrun.perfcollector <> - PERF_STAT : "     3.072327532;CPU0;295;;UNC_M_CAS_COUNT.RD[UNIT1];10295585;100.00;;"
9603 [140042433455808] INFO perfrun.perfcollector <> - PERF_STAT : "     3.072327532;CPU10;70491;;UNC_M_CAS_COUNT.RD[UNIT1];10295786;100.00;;"
9603 [140042433455808] INFO perfrun.perfcollector <> - PERF_STAT : "     3.072327532;CPU0;245;;UNC_M_CAS_COUNT.RD[UNIT4];10295522;100.00;;"
9603 [140042433455808] INFO perfrun.perfcollector <> - PERF_STAT : "     3.072327532;CPU10;71052;;UNC_M_CAS_COUNT.RD[UNIT4];10295706;100.00;;"
9603 [140042433455808] INFO perfrun.perfcollector <> - PERF_STAT : "     3.072327532;CPU0;277;;UNC_M_CAS_COUNT.RD[UNIT5];10295526;100.00;;"
9603 [140042433455808] INFO perfrun.perfcollector <> - PERF_STAT : "     3.072327532;CPU10;70483;;UNC_M_CAS_COUNT.RD[UNIT5];10295549;100.00;;"
9603 [140042433455808] INFO perfrun.perfcollector <> - PERF_STAT : "     3.072327532;CPU0;217;;UNC_M_CAS_COUNT.WR[UNIT0];10295515;100.00;;"
9603 [140042433455808] INFO perfrun.perfcollector <> - PERF_STAT : "     3.072327532;CPU10;70051;;UNC_M_CAS_COUNT.WR[UNIT0];10295430;100.00;;"
9603 [140042433455808] INFO perfrun.perfcollector <> - PERF_STAT : "     3.072327532;CPU0;215;;UNC_M_CAS_COUNT.WR[UNIT1];10295506;100.00;;"
9603 [140042433455808] INFO perfrun.perfcollector <> - PERF_STAT : "     3.072327532;CPU10;69497;;UNC_M_CAS_COUNT.WR[UNIT1];10295467;100.00;;"
9603 [140042433455808] INFO perfrun.perfcollector <> - PERF_STAT : "     3.072327532;CPU0;194;;UNC_M_CAS_COUNT.WR[UNIT4];10295422;100.00;;"
9603 [140042433455808] INFO perfrun.perfcollector <> - PERF_STAT : "     3.072327532;CPU10;70013;;UNC_M_CAS_COUNT.WR[UNIT4];10295466;100.00;;"
9603 [140042433455808] INFO perfrun.perfcollector <> - PERF_STAT : "     3.072327532;CPU0;219;;UNC_M_CAS_COUNT.WR[UNIT5];10295410;100.00;;"
9603 [140042433455808] INFO perfrun.perfcollector <> - PERF_STAT : "     3.072327532;CPU10;69354;;UNC_M_CAS_COUNT.WR[UNIT5];10295695;100.00;;"
9613 [140042433455808] INFO perfrun.perfcollector <> - PERF_STAT : "     3.082626517;CPU0;742;;UNC_M_CAS_COUNT.RD[UNIT0];10276643;100.00;;"
9613 [140042433455808] INFO perfrun.perfcollector <> - PERF_STAT : "     3.082626517;CPU10;70915;;UNC_M_CAS_COUNT.RD[UNIT0];10276168;100.00;;"
9613 [140042433455808] INFO perfrun.perfcollector <> - PERF_STAT : "     3.082626517;CPU0;756;;UNC_M_CAS_COUNT.RD[UNIT1];10276814;100.00;;"
9613 [140042433455808] INFO perfrun.perfcollector <> - PERF_STAT : "     3.082626517;CPU10;70357;;UNC_M_CAS_COUNT.RD[UNIT1];10276228;100.00;;"
9613 [140042433455808] INFO perfrun.perfcollector <> - PERF_STAT : "     3.082626517;CPU0;741;;UNC_M_CAS_COUNT.RD[UNIT4];10277053;100.00;;"
9613 [140042433455808] INFO perfrun.perfcollector <> - PERF_STAT : "     3.082626517;CPU10;70952;;UNC_M_CAS_COUNT.RD[UNIT4];10276512;100.00;;"
9613 [140042433455808] INFO perfrun.perfcollector <> - PERF_STAT : "     3.082626517;CPU0;732;;UNC_M_CAS_COUNT.RD[UNIT5];10277140;100.00;;"
9613 [140042433455808] INFO perfrun.perfcollector <> - PERF_STAT : "     3.082626517;CPU10;70389;;UNC_M_CAS_COUNT.RD[UNIT5];10276640;100.00;;"
9613 [140042433455808] INFO perfrun.perfcollector <> - PERF_STAT : "     3.082626517;CPU0;51;;UNC_M_CAS_COUNT.WR[UNIT0];10277155;100.00;;"
9613 [140042433455808] INFO perfrun.perfcollector <> - PERF_STAT : "     3.082626517;CPU10;70822;;UNC_M_CAS_COUNT.WR[UNIT0];10276770;100.00;;"
9613 [140042433455808] INFO perfrun.perfcollector <> - PERF_STAT : "     3.082626517;CPU0;90;;UNC_M_CAS_COUNT.WR[UNIT1];10277147;100.00;;"
9613 [140042433455808] INFO perfrun.perfcollector <> - PERF_STAT : "     3.082626517;CPU10;70487;;UNC_M_CAS_COUNT.WR[UNIT1];10276766;100.00;;"
9613 [140042433455808] INFO perfrun.perfcollector <> - PERF_STAT : "     3.082626517;CPU0;56;;UNC_M_CAS_COUNT.WR[UNIT4];10277141;100.00;;"
9613 [140042433455808] INFO perfrun.perfcollector <> - PERF_STAT : "     3.082626517;CPU10;70904;;UNC_M_CAS_COUNT.WR[UNIT4];10276764;100.00;;"
9613 [140042433455808] INFO perfrun.perfcollector <> - PERF_STAT : "     3.082626517;CPU0;76;;UNC_M_CAS_COUNT.WR[UNIT5];10277123;100.00;;"
9613 [140042433455808] INFO perfrun.perfcollector <> - PERF_STAT : "     3.082626517;CPU10;70567;;UNC_M_CAS_COUNT.WR[UNIT5];10276530;100.00;;"
9623 [140042433455808] INFO perfrun.perfcollector <> - PERF_STAT : "     3.092902160;CPU0;281;;UNC_M_CAS_COUNT.RD[UNIT0];10293773;100.00;;"
9623 [140042433455808] INFO perfrun.perfcollector <> - PERF_STAT : "     3.092902160;CPU10;70856;;UNC_M_CAS_COUNT.RD[UNIT0];10295860;100.00;;"
9623 [140042433455808] INFO perfrun.perfcollector <> - PERF_STAT : "     3.092902160;CPU0;331;;UNC_M_CAS_COUNT.RD[UNIT1];10293672;100.00;;"
9623 [140042433455808] INFO perfrun.perfcollector <> - PERF_STAT : "     3.092902160;CPU10;70317;;UNC_M_CAS_COUNT.RD[UNIT1];10295963;100.00;;"
9624 [140042433455808] INFO perfrun.perfcollector <> - PERF_STAT : "     3.092902160;CPU0;310;;UNC_M_CAS_COUNT.RD[UNIT4];10293570;100.00;;"
9624 [140042433455808] INFO perfrun.perfcollector <> - PERF_STAT : "     3.092902160;CPU10;70876;;UNC_M_CAS_COUNT.RD[UNIT4];10295874;100.00;;"
9624 [140042433455808] INFO perfrun.perfcollector <> - PERF_STAT : "     3.092902160;CPU0;338;;UNC_M_CAS_COUNT.RD[UNIT5];10293690;100.00;;"
9624 [140042433455808] INFO perfrun.perfcollector <> - PERF_STAT : "     3.092902160;CPU10;70311;;UNC_M_CAS_COUNT.RD[UNIT5];10295754;100.00;;"
9624 [140042433455808] INFO perfrun.perfcollector <> - PERF_STAT : "     3.092902160;CPU0;62;;UNC_M_CAS_COUNT.WR[UNIT0];10293790;100.00;;"
9624 [140042433455808] INFO perfrun.perfcollector <> - PERF_STAT : "     3.092902160;CPU10;70231;;UNC_M_CAS_COUNT.WR[UNIT0];10295615;100.00;;"
9624 [140042433455808] INFO perfrun.perfcollector <> - PERF_STAT : "     3.092902160;CPU0;73;;UNC_M_CAS_COUNT.WR[UNIT1];10293798;100.00;;"
9624 [140042433455808] INFO perfrun.perfcollector <> - PERF_STAT : "     3.092902160;CPU10;69458;;UNC_M_CAS_COUNT.WR[UNIT1];10295622;100.00;;"
9624 [140042433455808] INFO perfrun.perfcollector <> - PERF_STAT : "     3.092902160;CPU0;50;;UNC_M_CAS_COUNT.WR[UNIT4];10293801;100.00;;"
9624 [140042433455808] INFO perfrun.perfcollector <> - PERF_STAT : "     3.092902160;CPU10;70248;;UNC_M_CAS_COUNT.WR[UNIT4];10295833;100.00;;"
9624 [140042433455808] INFO perfrun.perfcollector <> - PERF_STAT : "     3.092902160;CPU0;72;;UNC_M_CAS_COUNT.WR[UNIT5];10293817;100.00;;"
9624 [140042433455808] INFO perfrun.perfcollector <> - PERF_STAT : "     3.092902160;CPU10;69648;;UNC_M_CAS_COUNT.WR[UNIT5];10295966;100.00;;"
9634 [140042433455808] INFO perfrun.perfcollector <> - PERF_STAT : "     3.103198087;CPU0;325;;UNC_M_CAS_COUNT.RD[UNIT0];10273683;100.00;;"
9634 [140042433455808] INFO perfrun.perfcollector <> - PERF_STAT : "     3.103198087;CPU10;70806;;UNC_M_CAS_COUNT.RD[UNIT0];10271980;100.00;;"
9634 [140042433455808] INFO perfrun.perfcollector <> - PERF_STAT : "     3.103198087;CPU0;412;;UNC_M_CAS_COUNT.RD[UNIT1];10273695;100.00;;"
9634 [140042433455808] INFO perfrun.perfcollector <> - PERF_STAT : "     3.103198087;CPU10;70268;;UNC_M_CAS_COUNT.RD[UNIT1];10271820;100.00;;"
9634 [140042433455808] INFO perfrun.perfcollector <> - PERF_STAT : "     3.103198087;CPU0;330;;UNC_M_CAS_COUNT.RD[UNIT4];10273828;100.00;;"
9634 [140042433455808] INFO perfrun.perfcollector <> - PERF_STAT : "     3.103198087;CPU10;70823;;UNC_M_CAS_COUNT.RD[UNIT4];10271991;100.00;;"
9634 [140042433455808] INFO perfrun.perfcollector <> - PERF_STAT : "     3.103198087;CPU0;382;;UNC_M_CAS_COUNT.RD[UNIT5];10273834;100.00;;"
9634 [140042433455808] INFO perfrun.perfcollector <> - PERF_STAT : "     3.103198087;CPU10;70237;;UNC_M_CAS_COUNT.RD[UNIT5];10272134;100.00;;"
9634 [140042433455808] INFO perfrun.perfcollector <> - PERF_STAT : "     3.103198087;CPU0;49;;UNC_M_CAS_COUNT.WR[UNIT0];10273921;100.00;;"
9634 [140042433455808] INFO perfrun.perfcollector <> - PERF_STAT : "     3.103198087;CPU10;70484;;UNC_M_CAS_COUNT.WR[UNIT0];10272093;100.00;;"
9634 [140042433455808] INFO perfrun.perfcollector <> - PERF_STAT : "     3.103198087;CPU0;86;;UNC_M_CAS_COUNT.WR[UNIT1];10273934;100.00;;"
9634 [140042433455808] INFO perfrun.perfcollector <> - PERF_STAT : "     3.103198087;CPU10;69994;;UNC_M_CAS_COUNT.WR[UNIT1];10272023;100.00;;"
9634 [140042433455808] INFO perfrun.perfcollector <> - PERF_STAT : "     3.103198087;CPU0;34;;UNC_M_CAS_COUNT.WR[UNIT4];10273962;100.00;;"
9634 [140042433455808] INFO perfrun.perfcollector <> - PERF_STAT : "     3.103198087;CPU10;70456;;UNC_M_CAS_COUNT.WR[UNIT4];10271801;100.00;;"
9634 [140042433455808] INFO perfrun.perfcollector <> - PERF_STAT : "     3.103198087;CPU0;76;;UNC_M_CAS_COUNT.WR[UNIT5];10273957;100.00;;"
9634 [140042433455808] INFO perfrun.perfcollector <> - PERF_STAT : "     3.103198087;CPU10;69770;;UNC_M_CAS_COUNT.WR[UNIT5];10271684;100.00;;"
9644 [140042433455808] INFO perfrun.perfcollector <> - PERF_STAT : "     3.113470848;CPU0;531;;UNC_M_CAS_COUNT.RD[UNIT0];10296482;100.00;;"
9644 [140042433455808] INFO perfrun.perfcollector <> - PERF_STAT : "     3.113470848;CPU10;70469;;UNC_M_CAS_COUNT.RD[UNIT0];10297270;100.00;;"
9644 [140042433455808] INFO perfrun.perfcollector <> - PERF_STAT : "     3.113470848;CPU0;567;;UNC_M_CAS_COUNT.RD[UNIT1];10296487;100.00;;"
9644 [140042433455808] INFO perfrun.perfcollector <> - PERF_STAT : "     3.113470848;CPU10;69954;;UNC_M_CAS_COUNT.RD[UNIT1];10297216;100.00;;"
9644 [140042433455808] INFO perfrun.perfcollector <> - PERF_STAT : "     3.113470848;CPU0;510;;UNC_M_CAS_COUNT.RD[UNIT4];10296212;100.00;;"
9644 [140042433455808] INFO perfrun.perfcollector <> - PERF_STAT : "     3.113470848;CPU10;70464;;UNC_M_CAS_COUNT.RD[UNIT4];10296904;100.00;;"
9644 [140042433455808] INFO perfrun.perfcollector <> - PERF_STAT : "     3.113470848;CPU0;549;;UNC_M_CAS_COUNT.RD[UNIT5];10296088;100.00;;"
9644 [140042433455808] INFO perfrun.perfcollector <> - PERF_STAT : "     3.113470848;CPU10;69948;;UNC_M_CAS_COUNT.RD[UNIT5];10296743;100.00;;"
9644 [140042433455808] INFO perfrun.perfcollector <> - PERF_STAT : "     3.113470848;CPU0;33;;UNC_M_CAS_COUNT.WR[UNIT0];10295893;100.00;;"
9644 [140042433455808] INFO perfrun.perfcollector <> - PERF_STAT : "     3.113470848;CPU10;70358;;UNC_M_CAS_COUNT.WR[UNIT0];10296866;100.00;;"
9644 [140042433455808] INFO perfrun.perfcollector <> - PERF_STAT : "     3.113470848;CPU0;58;;UNC_M_CAS_COUNT.WR[UNIT1];10295891;100.00;;"
9644 [140042433455808] INFO perfrun.perfcollector <> - PERF_STAT : "     3.113470848;CPU10;69788;;UNC_M_CAS_COUNT.WR[UNIT1];10297004;100.00;;"
9644 [140042433455808] INFO perfrun.perfcollector <> - PERF_STAT : "     3.113470848;CPU0;26;;UNC_M_CAS_COUNT.WR[UNIT4];10295862;100.00;;"
9644 [140042433455808] INFO perfrun.perfcollector <> - PERF_STAT : "     3.113470848;CPU10;70330;;UNC_M_CAS_COUNT.WR[UNIT4];10297022;100.00;;"
9644 [140042433455808] INFO perfrun.perfcollector <> - PERF_STAT : "     3.113470848;CPU0;50;;UNC_M_CAS_COUNT.WR[UNIT5];10296068;100.00;;"
9644 [140042433455808] INFO perfrun.perfcollector <> - PERF_STAT : "     3.113470848;CPU10;69683;;UNC_M_CAS_COUNT.WR[UNIT5];10296962;100.00;;"
9654 [140042433455808] INFO perfrun.perfcollector <> - PERF_STAT : "     3.123771318;CPU0;341;;UNC_M_CAS_COUNT.RD[UNIT0];10293212;100.00;;"
9654 [140042433455808] INFO perfrun.perfcollector <> - PERF_STAT : "     3.123771318;CPU10;68981;;UNC_M_CAS_COUNT.RD[UNIT0];10323124;100.00;;"
9654 [140042433455808] INFO perfrun.perfcollector <> - PERF_STAT : "     3.123771318;CPU0;374;;UNC_M_CAS_COUNT.RD[UNIT1];10295947;100.00;;"
9654 [140042433455808] INFO perfrun.perfcollector <> - PERF_STAT : "     3.123771318;CPU10;68425;;UNC_M_CAS_COUNT.RD[UNIT1];10323430;100.00;;"
9654 [140042433455808] INFO perfrun.perfcollector <> - PERF_STAT : "     3.123771318;CPU0;339;;UNC_M_CAS_COUNT.RD[UNIT4];10297879;100.00;;"
9654 [140042433455808] INFO perfrun.perfcollector <> - PERF_STAT : "     3.123771318;CPU10;68999;;UNC_M_CAS_COUNT.RD[UNIT4];10323618;100.00;;"
9654 [140042433455808] INFO perfrun.perfcollector <> - PERF_STAT : "     3.123771318;CPU0;383;;UNC_M_CAS_COUNT.RD[UNIT5];10299781;100.00;;"
9654 [140042433455808] INFO perfrun.perfcollector <> - PERF_STAT : "     3.123771318;CPU10;68448;;UNC_M_CAS_COUNT.RD[UNIT5];10323638;100.00;;"
9654 [140042433455808] INFO perfrun.perfcollector <> - PERF_STAT : "     3.123771318;CPU0;23;;UNC_M_CAS_COUNT.WR[UNIT0];10301656;100.00;;"
9654 [140042433455808] INFO perfrun.perfcollector <> - PERF_STAT : "     3.123771318;CPU10;68290;;UNC_M_CAS_COUNT.WR[UNIT0];10323635;100.00;;"
9654 [140042433455808] INFO perfrun.perfcollector <> - PERF_STAT : "     3.123771318;CPU0;42;;UNC_M_CAS_COUNT.WR[UNIT1];10303543;100.00;;"
9654 [140042433455808] INFO perfrun.perfcollector <> - PERF_STAT : "     3.123771318;CPU10;68142;;UNC_M_CAS_COUNT.WR[UNIT1];10323892;100.00;;"
9654 [140042433455808] INFO perfrun.perfcollector <> - PERF_STAT : "     3.123771318;CPU0;23;;UNC_M_CAS_COUNT.WR[UNIT4];10305455;100.00;;"
9655 [140042433455808] INFO perfrun.perfcollector <> - PERF_STAT : "     3.123771318;CPU10;68354;;UNC_M_CAS_COUNT.WR[UNIT4];10324067;100.00;;"
9655 [140042433455808] INFO perfrun.perfcollector <> - PERF_STAT : "     3.123771318;CPU0;42;;UNC_M_CAS_COUNT.WR[UNIT5];10307112;100.00;;"
9655 [140042433455808] INFO perfrun.perfcollector <> - PERF_STAT : "     3.123771318;CPU10;68131;;UNC_M_CAS_COUNT.WR[UNIT5];10324219;100.00;;"
9665 [140042433455808] INFO perfrun.perfcollector <> - PERF_STAT : "     3.134091910;CPU0;250;;UNC_M_CAS_COUNT.RD[UNIT0];10318053;100.00;;"
9665 [140042433455808] INFO perfrun.perfcollector <> - PERF_STAT : "     3.134091910;CPU10;69963;;UNC_M_CAS_COUNT.RD[UNIT0];10317609;100.00;;"
9665 [140042433455808] INFO perfrun.perfcollector <> - PERF_STAT : "     3.134091910;CPU0;325;;UNC_M_CAS_COUNT.RD[UNIT1];10318119;100.00;;"
9665 [140042433455808] INFO perfrun.perfcollector <> - PERF_STAT : "     3.134091910;CPU10;69420;;UNC_M_CAS_COUNT.RD[UNIT1];10317242;100.00;;"
9665 [140042433455808] INFO perfrun.perfcollector <> - PERF_STAT : "     3.134091910;CPU0;256;;UNC_M_CAS_COUNT.RD[UNIT4];10318147;100.00;;"
9665 [140042433455808] INFO perfrun.perfcollector <> - PERF_STAT : "     3.134091910;CPU10;69963;;UNC_M_CAS_COUNT.RD[UNIT4];10317103;100.00;;"
9665 [140042433455808] INFO perfrun.perfcollector <> - PERF_STAT : "     3.134091910;CPU0;309;;UNC_M_CAS_COUNT.RD[UNIT5];10318076;100.00;;"
9665 [140042433455808] INFO perfrun.perfcollector <> - PERF_STAT : "     3.134091910;CPU10;69412;;UNC_M_CAS_COUNT.RD[UNIT5];10317258;100.00;;"
9665 [140042433455808] INFO perfrun.perfcollector <> - PERF_STAT : "     3.134091910;CPU0;35;;UNC_M_CAS_COUNT.WR[UNIT0];10318204;100.00;;"
9665 [140042433455808] INFO perfrun.perfcollector <> - PERF_STAT : "     3.134091910;CPU10;69451;;UNC_M_CAS_COUNT.WR[UNIT0];10317142;100.00;;"
9665 [140042433455808] INFO perfrun.perfcollector <> - PERF_STAT : "     3.134091910;CPU0;75;;UNC_M_CAS_COUNT.WR[UNIT1];10318233;100.00;;"
9665 [140042433455808] INFO perfrun.perfcollector <> - PERF_STAT : "     3.134091910;CPU10;68685;;UNC_M_CAS_COUNT.WR[UNIT1];10316891;100.00;;"
9665 [140042433455808] INFO perfrun.perfcollector <> - PERF_STAT : "     3.134091910;CPU0;26;;UNC_M_CAS_COUNT.WR[UNIT4];10318183;100.00;;"
9665 [140042433455808] INFO perfrun.perfcollector <> - PERF_STAT : "     3.134091910;CPU10;69366;;UNC_M_CAS_COUNT.WR[UNIT4];10316722;100.00;;"
9665 [140042433455808] INFO perfrun.perfcollector <> - PERF_STAT : "     3.134091910;CPU0;76;;UNC_M_CAS_COUNT.WR[UNIT5];10318177;100.00;;"
9665 [140042433455808] INFO perfrun.perfcollector <> - PERF_STAT : "     3.134091910;CPU10;68708;;UNC_M_CAS_COUNT.WR[UNIT5];10317003;100.00;;"
9675 [140042433455808] INFO perfrun.perfcollector <> - PERF_STAT : "     3.144410861;CPU0;267;;UNC_M_CAS_COUNT.RD[UNIT0];10323501;100.00;;"
9675 [140042433455808] INFO perfrun.perfcollector <> - PERF_STAT : "     3.144410861;CPU10;70987;;UNC_M_CAS_COUNT.RD[UNIT0];10324057;100.00;;"
9675 [140042433455808] INFO perfrun.perfcollector <> - PERF_STAT : "     3.144410861;CPU0;323;;UNC_M_CAS_COUNT.RD[UNIT1];10323572;100.00;;"
9675 [140042433455808] INFO perfrun.perfcollector <> - PERF_STAT : "     3.144410861;CPU10;70465;;UNC_M_CAS_COUNT.RD[UNIT1];10324195;100.00;;"
9675 [140042433455808] INFO perfrun.perfcollector <> - PERF_STAT : "     3.144410861;CPU0;268;;UNC_M_CAS_COUNT.RD[UNIT4];10324073;100.00;;"
9675 [140042433455808] INFO perfrun.perfcollector <> - PERF_STAT : "     3.144410861;CPU10;71002;;UNC_M_CAS_COUNT.RD[UNIT4];10324288;100.00;;"
9675 [140042433455808] INFO perfrun.perfcollector <> - PERF_STAT : "     3.144410861;CPU0;311;;UNC_M_CAS_COUNT.RD[UNIT5];10324193;100.00;;"
9675 [140042433455808] INFO perfrun.perfcollector <> - PERF_STAT : "     3.144410861;CPU10;70396;;UNC_M_CAS_COUNT.RD[UNIT5];10324385;100.00;;"
9675 [140042433455808] INFO perfrun.perfcollector <> - PERF_STAT : "     3.144410861;CPU0;36;;UNC_M_CAS_COUNT.WR[UNIT0];10324063;100.00;;"
9675 [140042433455808] INFO perfrun.perfcollector <> - PERF_STAT : "     3.144410861;CPU10;70685;;UNC_M_CAS_COUNT.WR[UNIT0];10324394;100.00;;"
9675 [140042433455808] INFO perfrun.perfcollector <> - PERF_STAT : "     3.144410861;CPU0;72;;UNC_M_CAS_COUNT.WR[UNIT1];10324073;100.00;;"
9675 [140042433455808] INFO perfrun.perfcollector <> - PERF_STAT : "     3.144410861;CPU10;70201;;UNC_M_CAS_COUNT.WR[UNIT1];10324407;100.00;;"
9675 [140042433455808] INFO perfrun.perfcollector <> - PERF_STAT : "     3.144410861;CPU0;27;;UNC_M_CAS_COUNT.WR[UNIT4];10324086;100.00;;"
9675 [140042433455808] INFO perfrun.perfcollector <> - PERF_STAT : "     3.144410861;CPU10;70681;;UNC_M_CAS_COUNT.WR[UNIT4];10324461;100.00;;"
9675 [140042433455808] INFO perfrun.perfcollector <> - PERF_STAT : "     3.144410861;CPU0;71;;UNC_M_CAS_COUNT.WR[UNIT5];10324110;100.00;;"
9675 [140042433455808] INFO perfrun.perfcollector <> - PERF_STAT : "     3.144410861;CPU10;70220;;UNC_M_CAS_COUNT.WR[UNIT5];10324141;100.00;;"
9685 [140042433455808] INFO perfrun.perfcollector <> - PERF_STAT : "     3.154740233;CPU0;4154;;UNC_M_CAS_COUNT.RD[UNIT0];10312978;100.00;;"
9685 [140042433455808] INFO perfrun.perfcollector <> - PERF_STAT : "     3.154740233;CPU10;74294;;UNC_M_CAS_COUNT.RD[UNIT0];10285925;100.00;;"
9685 [140042433455808] INFO perfrun.perfcollector <> - PERF_STAT : "     3.154740233;CPU0;4461;;UNC_M_CAS_COUNT.RD[UNIT1];10310765;100.00;;"
9685 [140042433455808] INFO perfrun.perfcollector <> - PERF_STAT : "     3.154740233;CPU10;73807;;UNC_M_CAS_COUNT.RD[UNIT1];10286002;100.00;;"
9685 [140042433455808] INFO perfrun.perfcollector <> - PERF_STAT : "     3.154740233;CPU0;4109;;UNC_M_CAS_COUNT.RD[UNIT4];10308605;100.00;;"
9685 [140042433455808] INFO perfrun.perfcollector <> - PERF_STAT : "     3.154740233;CPU10;74373;;UNC_M_CAS_COUNT.RD[UNIT4];10286023;100.00;;"
9685 [140042433455808] INFO perfrun.perfcollector <> - PERF_STAT : "     3.154740233;CPU0;4393;;UNC_M_CAS_COUNT.RD[UNIT5];10306849;100.00;;"
9685 [140042433455808] INFO perfrun.perfcollector <> - PERF_STAT : "     3.154740233;CPU10;73731;;UNC_M_CAS_COUNT.RD[UNIT5];10285925;100.00;;"
9685 [140042433455808] INFO perfrun.perfcollector <> - PERF_STAT : "     3.154740233;CPU0;3457;;UNC_M_CAS_COUNT.WR[UNIT0];10305157;100.00;;"
9685 [140042433455808] INFO perfrun.perfcollector <> - PERF_STAT : "     3.154740233;CPU10;71401;;UNC_M_CAS_COUNT.WR[UNIT0];10286035;100.00;;"
9685 [140042433455808] INFO perfrun.perfcollector <> - PERF_STAT : "     3.154740233;CPU0;3838;;UNC_M_CAS_COUNT.WR[UNIT1];10303527;100.00;;"
9685 [140042433455808] INFO perfrun.perfcollector <> - PERF_STAT : "     3.154740233;CPU10;71002;;UNC_M_CAS_COUNT.WR[UNIT1];10286042;100.00;;"
9685 [140042433455808] INFO perfrun.perfcollector <> - PERF_STAT : "     3.154740233;CPU0;3481;;UNC_M_CAS_COUNT.WR[UNIT4];10301875;100.00;;"
9685 [140042433455808] INFO perfrun.perfcollector <> - PERF_STAT : "     3.154740233;CPU10;71346;;UNC_M_CAS_COUNT.WR[UNIT4];10286142;100.00;;"
9685 [140042433455808] INFO perfrun.perfcollector <> - PERF_STAT : "     3.154740233;CPU0;3792;;UNC_M_CAS_COUNT.WR[UNIT5];10300163;100.00;;"
9686 [140042433455808] INFO perfrun.perfcollector <> - PERF_STAT : "     3.154740233;CPU10;70999;;UNC_M_CAS_COUNT.WR[UNIT5];10286034;100.00;;"
9696 [140042433455808] INFO perfrun.perfcollector <> - PERF_STAT : "     3.165029881;CPU0;11281;;UNC_M_CAS_COUNT.RD[UNIT0];10285952;100.00;;"
9696 [140042433455808] INFO perfrun.perfcollector <> - PERF_STAT : "     3.165029881;CPU10;81192;;UNC_M_CAS_COUNT.RD[UNIT0];10282422;100.00;;"
9696 [140042433455808] INFO perfrun.perfcollector <> - PERF_STAT : "     3.165029881;CPU0;11532;;UNC_M_CAS_COUNT.RD[UNIT1];10285262;100.00;;"
9696 [140042433455808] INFO perfrun.perfcollector <> - PERF_STAT : "     3.165029881;CPU10;80671;;UNC_M_CAS_COUNT.RD[UNIT1];10282302;100.00;;"
9696 [140042433455808] INFO perfrun.perfcollector <> - PERF_STAT : "     3.165029881;CPU0;11090;;UNC_M_CAS_COUNT.RD[UNIT4];10284960;100.00;;"
9696 [140042433455808] INFO perfrun.perfcollector <> - PERF_STAT : "     3.165029881;CPU10;81151;;UNC_M_CAS_COUNT.RD[UNIT4];10282154;100.00;;"
9696 [140042433455808] INFO perfrun.perfcollector <> - PERF_STAT : "     3.165029881;CPU0;11650;;UNC_M_CAS_COUNT.RD[UNIT5];10284767;100.00;;"
9696 [140042433455808] INFO perfrun.perfcollector <> - PERF_STAT : "     3.165029881;CPU10;80665;;UNC_M_CAS_COUNT.RD[UNIT5];10282275;100.00;;"
9696 [140042433455808] INFO perfrun.perfcollector <> - PERF_STAT : "     3.165029881;CPU0;12077;;UNC_M_CAS_COUNT.WR[UNIT0];10284582;100.00;;"
9696 [140042433455808] INFO perfrun.perfcollector <> - PERF_STAT : "     3.165029881;CPU10;72970;;UNC_M_CAS_COUNT.WR[UNIT0];10282337;100.00;;"
9696 [140042433455808] INFO perfrun.perfcollector <> - PERF_STAT : "     3.165029881;CPU0;12506;;UNC_M_CAS_COUNT.WR[UNIT1];10284286;100.00;;"
9696 [140042433455808] INFO perfrun.perfcollector <> - PERF_STAT : "     3.165029881;CPU10;72246;;UNC_M_CAS_COUNT.WR[UNIT1];10282420;100.00;;"
9696 [140042433455808] INFO perfrun.perfcollector <> - PERF_STAT : "     3.165029881;CPU0;12141;;UNC_M_CAS_COUNT.WR[UNIT4];10284061;100.00;;"
9696 [140042433455808] INFO perfrun.perfcollector <> - PERF_STAT : "     3.165029881;CPU10;73045;;UNC_M_CAS_COUNT.WR[UNIT4];10282268;100.00;;"
9696 [140042433455808] INFO perfrun.perfcollector <> - PERF_STAT : "     3.165029881;CPU0;12733;;UNC_M_CAS_COUNT.WR[UNIT5];10283894;100.00;;"
9696 [140042433455808] INFO perfrun.perfcollector <> - PERF_STAT : "     3.165029881;CPU10;72326;;UNC_M_CAS_COUNT.WR[UNIT5];10282252;100.00;;"
9706 [140042433455808] INFO perfrun.perfcollector <> - PERF_STAT : "     3.175304666;CPU0;1518;;UNC_M_CAS_COUNT.RD[UNIT0];10273909;100.00;;"
9706 [140042433455808] INFO perfrun.perfcollector <> - PERF_STAT : "     3.175304666;CPU10;68807;;UNC_M_CAS_COUNT.RD[UNIT0];10292364;100.00;;"
9706 [140042433455808] INFO perfrun.perfcollector <> - PERF_STAT : "     3.175304666;CPU0;1840;;UNC_M_CAS_COUNT.RD[UNIT1];10274093;100.00;;"
9706 [140042433455808] INFO perfrun.perfcollector <> - PERF_STAT : "     3.175304666;CPU10;68285;;UNC_M_CAS_COUNT.RD[UNIT1];10292245;100.00;;"
9706 [140042433455808] INFO perfrun.perfcollector <> - PERF_STAT : "     3.175304666;CPU0;1508;;UNC_M_CAS_COUNT.RD[UNIT4];10274356;100.00;;"
9706 [140042433455808] INFO perfrun.perfcollector <> - PERF_STAT : "     3.175304666;CPU10;68808;;UNC_M_CAS_COUNT.RD[UNIT4];10292555;100.00;;"
9706 [140042433455808] INFO perfrun.perfcollector <> - PERF_STAT : "     3.175304666;CPU0;1829;;UNC_M_CAS_COUNT.RD[UNIT5];10274517;100.00;;"
9706 [140042433455808] INFO perfrun.perfcollector <> - PERF_STAT : "     3.175304666;CPU10;68276;;UNC_M_CAS_COUNT.RD[UNIT5];10292431;100.00;;"
9706 [140042433455808] INFO perfrun.perfcollector <> - PERF_STAT : "     3.175304666;CPU0;362;;UNC_M_CAS_COUNT.WR[UNIT0];10274607;100.00;;"
9706 [140042433455808] INFO perfrun.perfcollector <> - PERF_STAT : "     3.175304666;CPU10;67850;;UNC_M_CAS_COUNT.WR[UNIT0];10292310;100.00;;"
9706 [140042433455808] INFO perfrun.perfcollector <> - PERF_STAT : "     3.175304666;CPU0;463;;UNC_M_CAS_COUNT.WR[UNIT1];10274791;100.00;;"
9706 [140042433455808] INFO perfrun.perfcollector <> - PERF_STAT : "     3.175304666;CPU10;67413;;UNC_M_CAS_COUNT.WR[UNIT1];10292530;100.00;;"
9706 [140042433455808] INFO perfrun.perfcollector <> - PERF_STAT : "     3.175304666;CPU0;308;;UNC_M_CAS_COUNT.WR[UNIT4];10274915;100.00;;"
9706 [140042433455808] INFO perfrun.perfcollector <> - PERF_STAT : "     3.175304666;CPU10;67932;;UNC_M_CAS_COUNT.WR[UNIT4];10292510;100.00;;"
9706 [140042433455808] INFO perfrun.perfcollector <> - PERF_STAT : "     3.175304666;CPU0;464;;UNC_M_CAS_COUNT.WR[UNIT5];10274997;100.00;;"
9706 [140042433455808] INFO perfrun.perfcollector <> - PERF_STAT : "     3.175304666;CPU10;67469;;UNC_M_CAS_COUNT.WR[UNIT5];10292512;100.00;;"
9716 [140042433455808] INFO perfrun.perfcollector <> - PERF_STAT : "     3.185597710;CPU0;236;;UNC_M_CAS_COUNT.RD[UNIT0];10307660;100.00;;"
9716 [140042433455808] INFO perfrun.perfcollector <> - PERF_STAT : "     3.185597710;CPU10;71325;;UNC_M_CAS_COUNT.RD[UNIT0];10320915;100.00;;"
9716 [140042433455808] INFO perfrun.perfcollector <> - PERF_STAT : "     3.185597710;CPU0;317;;UNC_M_CAS_COUNT.RD[UNIT1];10310589;100.00;;"
9716 [140042433455808] INFO perfrun.perfcollector <> - PERF_STAT : "     3.185597710;CPU10;70801;;UNC_M_CAS_COUNT.RD[UNIT1];10320933;100.00;;"
9716 [140042433455808] INFO perfrun.perfcollector <> - PERF_STAT : "     3.185597710;CPU0;252;;UNC_M_CAS_COUNT.RD[UNIT4];10312420;100.00;;"
9716 [140042433455808] INFO perfrun.perfcollector <> - PERF_STAT : "     3.185597710;CPU10;71332;;UNC_M_CAS_COUNT.RD[UNIT4];10320645;100.00;;"
9716 [140042433455808] INFO perfrun.perfcollector <> - PERF_STAT : "     3.185597710;CPU0;320;;UNC_M_CAS_COUNT.RD[UNIT5];10314091;100.00;;"
9716 [140042433455808] INFO perfrun.perfcollector <> - PERF_STAT : "     3.185597710;CPU10;70759;;UNC_M_CAS_COUNT.RD[UNIT5];10320499;100.00;;"
9716 [140042433455808] INFO perfrun.perfcollector <> - PERF_STAT : "     3.185597710;CPU0;163;;UNC_M_CAS_COUNT.WR[UNIT0];10315851;100.00;;"
9716 [140042433455808] INFO perfrun.perfcollector <> - PERF_STAT : "     3.185597710;CPU10;70068;;UNC_M_CAS_COUNT.WR[UNIT0];10320630;100.00;;"
9716 [140042433455808] INFO perfrun.perfcollector <> - PERF_STAT : "     3.185597710;CPU0;224;;UNC_M_CAS_COUNT.WR[UNIT1];10317557;100.00;;"
9716 [140042433455808] INFO perfrun.perfcollector <> - PERF_STAT : "     3.185597710;CPU10;69434;;UNC_M_CAS_COUNT.WR[UNIT1];10320485;100.00;;"
9716 [140042433455808] INFO perfrun.perfcollector <> - PERF_STAT : "     3.185597710;CPU0;169;;UNC_M_CAS_COUNT.WR[UNIT4];10319347;100.00;;"
9716 [140042433455808] INFO perfrun.perfcollector <> - PERF_STAT : "     3.185597710;CPU10;70110;;UNC_M_CAS_COUNT.WR[UNIT4];10320499;100.00;;"
9716 [140042433455808] INFO perfrun.perfcollector <> - PERF_STAT : "     3.185597710;CPU0;226;;UNC_M_CAS_COUNT.WR[UNIT5];10321146;100.00;;"
9716 [140042433455808] INFO perfrun.perfcollector <> - PERF_STAT : "     3.185597710;CPU10;69340;;UNC_M_CAS_COUNT.WR[UNIT5];10320682;100.00;;"
9726 [140042433455808] INFO perfrun.perfcollector <> - PERF_STAT : "     3.195920488;CPU0;913;;UNC_M_CAS_COUNT.RD[UNIT0];10319776;100.00;;"
9726 [140042433455808] INFO perfrun.perfcollector <> - PERF_STAT : "     3.195920488;CPU10;70668;;UNC_M_CAS_COUNT.RD[UNIT0];10318617;100.00;;"
9726 [140042433455808] INFO perfrun.perfcollector <> - PERF_STAT : "     3.195920488;CPU0;1000;;UNC_M_CAS_COUNT.RD[UNIT1];10319566;100.00;;"
9727 [140042433455808] INFO perfrun.perfcollector <> - PERF_STAT : "     3.195920488;CPU10;70101;;UNC_M_CAS_COUNT.RD[UNIT1];10318674;100.00;;"
9727 [140042433455808] INFO perfrun.perfcollector <> - PERF_STAT : "     3.195920488;CPU0;860;;UNC_M_CAS_COUNT.RD[UNIT4];10319386;100.00;;"
9727 [140042433455808] INFO perfrun.perfcollector <> - PERF_STAT : "     3.195920488;CPU10;70687;;UNC_M_CAS_COUNT.RD[UNIT4];10318767;100.00;;"
9727 [140042433455808] INFO perfrun.perfcollector <> - PERF_STAT : "     3.195920488;CPU0;913;;UNC_M_CAS_COUNT.RD[UNIT5];10319386;100.00;;"
9727 [140042433455808] INFO perfrun.perfcollector <> - PERF_STAT : "     3.195920488;CPU10;70122;;UNC_M_CAS_COUNT.RD[UNIT5];10319025;100.00;;"
9727 [140042433455808] INFO perfrun.perfcollector <> - PERF_STAT : "     3.195920488;CPU0;73;;UNC_M_CAS_COUNT.WR[UNIT0];10319425;100.00;;"
9727 [140042433455808] INFO perfrun.perfcollector <> - PERF_STAT : "     3.195920488;CPU10;70541;;UNC_M_CAS_COUNT.WR[UNIT0];10319020;100.00;;"
9727 [140042433455808] INFO perfrun.perfcollector <> - PERF_STAT : "     3.195920488;CPU0;108;;UNC_M_CAS_COUNT.WR[UNIT1];10319419;100.00;;"
9727 [140042433455808] INFO perfrun.perfcollector <> - PERF_STAT : "     3.195920488;CPU10;69934;;UNC_M_CAS_COUNT.WR[UNIT1];10319031;100.00;;"
9727 [140042433455808] INFO perfrun.perfcollector <> - PERF_STAT : "     3.195920488;CPU0;71;;UNC_M_CAS_COUNT.WR[UNIT4];10319376;100.00;;"
9727 [140042433455808] INFO perfrun.perfcollector <> - PERF_STAT : "     3.195920488;CPU10;70626;;UNC_M_CAS_COUNT.WR[UNIT4];10319038;100.00;;"
9727 [140042433455808] INFO perfrun.perfcollector <> - PERF_STAT : "     3.195920488;CPU0;116;;UNC_M_CAS_COUNT.WR[UNIT5];10319346;100.00;;"
9727 [140042433455808] INFO perfrun.perfcollector <> - PERF_STAT : "     3.195920488;CPU10;70228;;UNC_M_CAS_COUNT.WR[UNIT5];10319060;100.00;;"
9737 [140042433455808] INFO perfrun.perfcollector <> - PERF_STAT : "     3.206239940;CPU0;220;;UNC_M_CAS_COUNT.RD[UNIT0];10321911;100.00;;"
9737 [140042433455808] INFO perfrun.perfcollector <> - PERF_STAT : "     3.206239940;CPU10;71313;;UNC_M_CAS_COUNT.RD[UNIT0];10321454;100.00;;"
9737 [140042433455808] INFO perfrun.perfcollector <> - PERF_STAT : "     3.206239940;CPU0;276;;UNC_M_CAS_COUNT.RD[UNIT1];10321761;100.00;;"
9737 [140042433455808] INFO perfrun.perfcollector <> - PERF_STAT : "     3.206239940;CPU10;70797;;UNC_M_CAS_COUNT.RD[UNIT1];10321835;100.00;;"
9737 [140042433455808] INFO perfrun.perfcollector <> - PERF_STAT : "     3.206239940;CPU0;239;;UNC_M_CAS_COUNT.RD[UNIT4];10321811;100.00;;"
9737 [140042433455808] INFO perfrun.perfcollector <> - PERF_STAT : "     3.206239940;CPU10;71319;;UNC_M_CAS_COUNT.RD[UNIT4];10321660;100.00;;"
9737 [140042433455808] INFO perfrun.perfcollector <> - PERF_STAT : "     3.206239940;CPU0;259;;UNC_M_CAS_COUNT.RD[UNIT5];10321791;100.00;;"
9737 [140042433455808] INFO perfrun.perfcollector <> - PERF_STAT : "     3.206239940;CPU10;70761;;UNC_M_CAS_COUNT.RD[UNIT5];10321561;100.00;;"
9737 [140042433455808] INFO perfrun.perfcollector <> - PERF_STAT : "     3.206239940;CPU0;209;;UNC_M_CAS_COUNT.WR[UNIT0];10321825;100.00;;"
9737 [140042433455808] INFO perfrun.perfcollector <> - PERF_STAT : "     3.206239940;CPU10;70293;;UNC_M_CAS_COUNT.WR[UNIT0];10321490;100.00;;"
9737 [140042433455808] INFO perfrun.perfcollector <> - PERF_STAT : "     3.206239940;CPU0;261;;UNC_M_CAS_COUNT.WR[UNIT1];10321851;100.00;;"
9737 [140042433455808] INFO perfrun.perfcollector <> - PERF_STAT : "     3.206239940;CPU10;69913;;UNC_M_CAS_COUNT.WR[UNIT1];10321311;100.00;;"
9737 [140042433455808] INFO perfrun.perfcollector <> - PERF_STAT : "     3.206239940;CPU0;143;;UNC_M_CAS_COUNT.WR[UNIT4];10321955;100.00;;"
9737 [140042433455808] INFO perfrun.perfcollector <> - PERF_STAT : "     3.206239940;CPU10;70341;;UNC_M_CAS_COUNT.WR[UNIT4];10321298;100.00;;"
9737 [140042433455808] INFO perfrun.perfcollector <> - PERF_STAT : "     3.206239940;CPU0;180;;UNC_M_CAS_COUNT.WR[UNIT5];10321941;100.00;;"
9737 [140042433455808] INFO perfrun.perfcollector <> - PERF_STAT : "     3.206239940;CPU10;69866;;UNC_M_CAS_COUNT.WR[UNIT5];10321118;100.00;;"
9747 [140042433455808] INFO perfrun.perfcollector <> - PERF_STAT : "     3.216560333;CPU0;296;;UNC_M_CAS_COUNT.RD[UNIT0];10327331;100.00;;"
9747 [140042433455808] INFO perfrun.perfcollector <> - PERF_STAT : "     3.216560333;CPU10;70170;;UNC_M_CAS_COUNT.RD[UNIT0];10298614;100.00;;"
9747 [140042433455808] INFO perfrun.perfcollector <> - PERF_STAT : "     3.216560333;CPU0;347;;UNC_M_CAS_COUNT.RD[UNIT1];10324555;100.00;;"
9747 [140042433455808] INFO perfrun.perfcollector <> - PERF_STAT : "     3.216560333;CPU10;69585;;UNC_M_CAS_COUNT.RD[UNIT1];10298272;100.00;;"
9747 [140042433455808] INFO perfrun.perfcollector <> - PERF_STAT : "     3.216560333;CPU0;307;;UNC_M_CAS_COUNT.RD[UNIT4];10322776;100.00;;"
9747 [140042433455808] INFO perfrun.perfcollector <> - PERF_STAT : "     3.216560333;CPU10;70142;;UNC_M_CAS_COUNT.RD[UNIT4];10298191;100.00;;"
9747 [140042433455808] INFO perfrun.perfcollector <> - PERF_STAT : "     3.216560333;CPU0;347;;UNC_M_CAS_COUNT.RD[UNIT5];10321143;100.00;;"
9747 [140042433455808] INFO perfrun.perfcollector <> - PERF_STAT : "     3.216560333;CPU10;69590;;UNC_M_CAS_COUNT.RD[UNIT5];10298361;100.00;;"
9747 [140042433455808] INFO perfrun.perfcollector <> - PERF_STAT : "     3.216560333;CPU0;37;;UNC_M_CAS_COUNT.WR[UNIT0];10319217;100.00;;"
9747 [140042433455808] INFO perfrun.perfcollector <> - PERF_STAT : "     3.216560333;CPU10;69726;;UNC_M_CAS_COUNT.WR[UNIT0];10298531;100.00;;"
9747 [140042433455808] INFO perfrun.perfcollector <> - PERF_STAT : "     3.216560333;CPU0;74;;UNC_M_CAS_COUNT.WR[UNIT1];10317526;100.00;;"
9747 [140042433455808] INFO perfrun.perfcollector <> - PERF_STAT : "     3.216560333;CPU10;69091;;UNC_M_CAS_COUNT.WR[UNIT1];10298595;100.00;;"
9747 [140042433455808] INFO perfrun.perfcollector <> - PERF_STAT : "     3.216560333;CPU0;31;;UNC_M_CAS_COUNT.WR[UNIT4];10316016;100.00;;"
9747 [140042433455808] INFO perfrun.perfcollector <> - PERF_STAT : "     3.216560333;CPU10;69556;;UNC_M_CAS_COUNT.WR[UNIT4];10298591;100.00;;"
9747 [140042433455808] INFO perfrun.perfcollector <> - PERF_STAT : "     3.216560333;CPU0;80;;UNC_M_CAS_COUNT.WR[UNIT5];10314600;100.00;;"
9747 [140042433455808] INFO perfrun.perfcollector <> - PERF_STAT : "     3.216560333;CPU10;69085;;UNC_M_CAS_COUNT.WR[UNIT5];10298572;100.00;;"
9757 [140042433455808] INFO perfrun.perfcollector <> - PERF_STAT : "     3.226859939;CPU0;787;;UNC_M_CAS_COUNT.RD[UNIT0];10289848;100.00;;"
9757 [140042433455808] INFO perfrun.perfcollector <> - PERF_STAT : "     3.226859939;CPU10;69333;;UNC_M_CAS_COUNT.RD[UNIT0];10319673;100.00;;"
9757 [140042433455808] INFO perfrun.perfcollector <> - PERF_STAT : "     3.226859939;CPU0;845;;UNC_M_CAS_COUNT.RD[UNIT1];10292853;100.00;;"
9757 [140042433455808] INFO perfrun.perfcollector <> - PERF_STAT : "     3.226859939;CPU10;68769;;UNC_M_CAS_COUNT.RD[UNIT1];10319753;100.00;;"
9757 [140042433455808] INFO perfrun.perfcollector <> - PERF_STAT : "     3.226859939;CPU0;719;;UNC_M_CAS_COUNT.RD[UNIT4];10294603;100.00;;"
9758 [140042433455808] INFO perfrun.perfcollector <> - PERF_STAT : "     3.226859939;CPU10;69332;;UNC_M_CAS_COUNT.RD[UNIT4];10320138;100.00;;"
9758 [140042433455808] INFO perfrun.perfcollector <> - PERF_STAT : "     3.226859939;CPU0;783;;UNC_M_CAS_COUNT.RD[UNIT5];10296246;100.00;;"
9758 [140042433455808] INFO perfrun.perfcollector <> - PERF_STAT : "     3.226859939;CPU10;68768;;UNC_M_CAS_COUNT.RD[UNIT5];10319955;100.00;;"
9758 [140042433455808] INFO perfrun.perfcollector <> - PERF_STAT : "     3.226859939;CPU0;26;;UNC_M_CAS_COUNT.WR[UNIT0];10298128;100.00;;"
9758 [140042433455808] INFO perfrun.perfcollector <> - PERF_STAT : "     3.226859939;CPU10;69507;;UNC_M_CAS_COUNT.WR[UNIT0];10319682;100.00;;"
9758 [140042433455808] INFO perfrun.perfcollector <> - PERF_STAT : "     3.226859939;CPU0;52;;UNC_M_CAS_COUNT.WR[UNIT1];10299782;100.00;;"
9758 [140042433455808] INFO perfrun.perfcollector <> - PERF_STAT : "     3.226859939;CPU10;68933;;UNC_M_CAS_COUNT.WR[UNIT1];10319615;100.00;;"
9758 [140042433455808] INFO perfrun.perfcollector <> - PERF_STAT : "     3.226859939;CPU0;22;;UNC_M_CAS_COUNT.WR[UNIT4];10301242;100.00;;"
9758 [140042433455808] INFO perfrun.perfcollector <> - PERF_STAT : "     3.226859939;CPU10;69617;;UNC_M_CAS_COUNT.WR[UNIT4];10319629;100.00;;"
9758 [140042433455808] INFO perfrun.perfcollector <> - PERF_STAT : "     3.226859939;CPU0;50;;UNC_M_CAS_COUNT.WR[UNIT5];10302718;100.00;;"
9758 [140042433455808] INFO perfrun.perfcollector <> - PERF_STAT : "     3.226859939;CPU10;68860;;UNC_M_CAS_COUNT.WR[UNIT5];10319647;100.00;;"
9768 [140042433455808] INFO perfrun.perfcollector <> - PERF_STAT : "     3.237183815;CPU0;766;;UNC_M_CAS_COUNT.RD[UNIT0];10325219;100.00;;"
9768 [140042433455808] INFO perfrun.perfcollector <> - PERF_STAT : "     3.237183815;CPU10;70301;;UNC_M_CAS_COUNT.RD[UNIT0];10324100;100.00;;"
9768 [140042433455808] INFO perfrun.perfcollector <> - PERF_STAT : "     3.237183815;CPU0;887;;UNC_M_CAS_COUNT.RD[UNIT1];10325293;100.00;;"
9768 [140042433455808] INFO perfrun.perfcollector <> - PERF_STAT : "     3.237183815;CPU10;69712;;UNC_M_CAS_COUNT.RD[UNIT1];10324079;100.00;;"
9768 [140042433455808] INFO perfrun.perfcollector <> - PERF_STAT : "     3.237183815;CPU0;714;;UNC_M_CAS_COUNT.RD[UNIT4];10325259;100.00;;"
9768 [140042433455808] INFO perfrun.perfcollector <> - PERF_STAT : "     3.237183815;CPU10;70215;;UNC_M_CAS_COUNT.RD[UNIT4];10323772;100.00;;"
9768 [140042433455808] INFO perfrun.perfcollector <> - PERF_STAT : "     3.237183815;CPU0;820;;UNC_M_CAS_COUNT.RD[UNIT5];10325218;100.00;;"
9768 [140042433455808] INFO perfrun.perfcollector <> - PERF_STAT : "     3.237183815;CPU10;69672;;UNC_M_CAS_COUNT.RD[UNIT5];10324022;100.00;;"
9768 [140042433455808] INFO perfrun.perfcollector <> - PERF_STAT : "     3.237183815;CPU0;77;;UNC_M_CAS_COUNT.WR[UNIT0];10325236;100.00;;"
9768 [140042433455808] INFO perfrun.perfcollector <> - PERF_STAT : "     3.237183815;CPU10;69471;;UNC_M_CAS_COUNT.WR[UNIT0];10324341;100.00;;"
9768 [140042433455808] INFO perfrun.perfcollector <> - PERF_STAT : "     3.237183815;CPU0;153;;UNC_M_CAS_COUNT.WR[UNIT1];10325240;100.00;;"
9768 [140042433455808] INFO perfrun.perfcollector <> - PERF_STAT : "     3.237183815;CPU10;68946;;UNC_M_CAS_COUNT.WR[UNIT1];10324354;100.00;;"
9768 [140042433455808] INFO perfrun.perfcollector <> - PERF_STAT : "     3.237183815;CPU0;67;;UNC_M_CAS_COUNT.WR[UNIT4];10325218;100.00;;"
9768 [140042433455808] INFO perfrun.perfcollector <> - PERF_STAT : "     3.237183815;CPU10;69263;;UNC_M_CAS_COUNT.WR[UNIT4];10324359;100.00;;"
9768 [140042433455808] INFO perfrun.perfcollector <> - PERF_STAT : "     3.237183815;CPU0;145;;UNC_M_CAS_COUNT.WR[UNIT5];10325206;100.00;;"
9768 [140042433455808] INFO perfrun.perfcollector <> - PERF_STAT : "     3.237183815;CPU10;68780;;UNC_M_CAS_COUNT.WR[UNIT5];10324498;100.00;;"
9778 [140042433455808] INFO perfrun.perfcollector <> - PERF_STAT : "     3.247503606;CPU0;293;;UNC_M_CAS_COUNT.RD[UNIT0];10326140;100.00;;"
9778 [140042433455808] INFO perfrun.perfcollector <> - PERF_STAT : "     3.247503606;CPU10;70818;;UNC_M_CAS_COUNT.RD[UNIT0];10297067;100.00;;"
9778 [140042433455808] INFO perfrun.perfcollector <> - PERF_STAT : "     3.247503606;CPU0;346;;UNC_M_CAS_COUNT.RD[UNIT1];10323074;100.00;;"
9778 [140042433455808] INFO perfrun.perfcollector <> - PERF_STAT : "     3.247503606;CPU10;70284;;UNC_M_CAS_COUNT.RD[UNIT1];10297259;100.00;;"
9778 [140042433455808] INFO perfrun.perfcollector <> - PERF_STAT : "     3.247503606;CPU0;319;;UNC_M_CAS_COUNT.RD[UNIT4];10321191;100.00;;"
9778 [140042433455808] INFO perfrun.perfcollector <> - PERF_STAT : "     3.247503606;CPU10;70830;;UNC_M_CAS_COUNT.RD[UNIT4];10297346;100.00;;"
9778 [140042433455808] INFO perfrun.perfcollector <> - PERF_STAT : "     3.247503606;CPU0;341;;UNC_M_CAS_COUNT.RD[UNIT5];10319446;100.00;;"
9778 [140042433455808] INFO perfrun.perfcollector <> - PERF_STAT : "     3.247503606;CPU10;70275;;UNC_M_CAS_COUNT.RD[UNIT5];10297135;100.00;;"
9778 [140042433455808] INFO perfrun.perfcollector <> - PERF_STAT : "     3.247503606;CPU0;35;;UNC_M_CAS_COUNT.WR[UNIT0];10317782;100.00;;"
9778 [140042433455808] INFO perfrun.perfcollector <> - PERF_STAT : "     3.247503606;CPU10;70186;;UNC_M_CAS_COUNT.WR[UNIT0];10296991;100.00;;"
9778 [140042433455808] INFO perfrun.perfcollector <> - PERF_STAT : "     3.247503606;CPU0;61;;UNC_M_CAS_COUNT.WR[UNIT1];10316271;100.00;;"
9778 [140042433455808] INFO perfrun.perfcollector <> - PERF_STAT : "     3.247503606;CPU10;69627;;UNC_M_CAS_COUNT.WR[UNIT1];10296977;100.00;;"
9778 [140042433455808] INFO perfrun.perfcollector <> - PERF_STAT : "     3.247503606;CPU0;32;;UNC_M_CAS_COUNT.WR[UNIT4];10314358;100.00;;"
9778 [140042433455808] INFO perfrun.perfcollector <> - PERF_STAT : "     3.247503606;CPU10;70345;;UNC_M_CAS_COUNT.WR[UNIT4];10296973;100.00;;"
9778 [140042433455808] INFO perfrun.perfcollector <> - PERF_STAT : "     3.247503606;CPU0;65;;UNC_M_CAS_COUNT.WR[UNIT5];10312507;100.00;;"
9778 [140042433455808] INFO perfrun.perfcollector <> - PERF_STAT : "     3.247503606;CPU10;69726;;UNC_M_CAS_COUNT.WR[UNIT5];10296806;100.00;;"
9788 [140042433455808] INFO perfrun.perfcollector <> - PERF_STAT : "     3.257800035;CPU0;1503;;UNC_M_CAS_COUNT.RD[UNIT0];10272540;100.00;;"
9788 [140042433455808] INFO perfrun.perfcollector <> - PERF_STAT : "     3.257800035;CPU10;69838;;UNC_M_CAS_COUNT.RD[UNIT0];10270319;100.00;;"
9788 [140042433455808] INFO perfrun.perfcollector <> - PERF_STAT : "     3.257800035;CPU0;1642;;UNC_M_CAS_COUNT.RD[UNIT1];10272511;100.00;;"
9788 [140042433455808] INFO perfrun.perfcollector <> - PERF_STAT : "     3.257800035;CPU10;69253;;UNC_M_CAS_COUNT.RD[UNIT1];10270152;100.00;;"
9788 [140042433455808] INFO perfrun.perfcollector <> - PERF_STAT : "     3.257800035;CPU0;1522;;UNC_M_CAS_COUNT.RD[UNIT4];10272506;100.00;;"
9788 [140042433455808] INFO perfrun.perfcollector <> - PERF_STAT : "     3.257800035;CPU10;69828;;UNC_M_CAS_COUNT.RD[UNIT4];10270037;100.00;;"
9788 [140042433455808] INFO perfrun.perfcollector <> - PERF_STAT : "     3.257800035;CPU0;1591;;UNC_M_CAS_COUNT.RD[UNIT5];10272395;100.00;;"
9788 [140042433455808] INFO perfrun.perfcollector <> - PERF_STAT : "     3.257800035;CPU10;69295;;UNC_M_CAS_COUNT.RD[UNIT5];10269969;100.00;;"
9788 [140042433455808] INFO perfrun.perfcollector <> - PERF_STAT : "     3.257800035;CPU0;72;;UNC_M_CAS_COUNT.WR[UNIT0];10272270;100.00;;"
9788 [140042433455808] INFO perfrun.perfcollector <> - PERF_STAT : "     3.257800035;CPU10;70309;;UNC_M_CAS_COUNT.WR[UNIT0];10270058;100.00;;"
9788 [140042433455808] INFO perfrun.perfcollector <> - PERF_STAT : "     3.257800035;CPU0;178;;UNC_M_CAS_COUNT.WR[UNIT1];10271913;100.00;;"
9788 [140042433455808] INFO perfrun.perfcollector <> - PERF_STAT : "     3.257800035;CPU10;69897;;UNC_M_CAS_COUNT.WR[UNIT1];10270222;100.00;;"
9788 [140042433455808] INFO perfrun.perfcollector <> - PERF_STAT : "     3.257800035;CPU0;65;;UNC_M_CAS_COUNT.WR[UNIT4];10272108;100.00;;"
9788 [140042433455808] INFO perfrun.perfcollector <> - PERF_STAT : "     3.257800035;CPU10;70303;;UNC_M_CAS_COUNT.WR[UNIT4];10270333;100.00;;"
9788 [140042433455808] INFO perfrun.perfcollector <> - PERF_STAT : "     3.257800035;CPU0;186;;UNC_M_CAS_COUNT.WR[UNIT5];10272101;100.00;;"
9789 [140042433455808] INFO perfrun.perfcollector <> - PERF_STAT : "     3.257800035;CPU10;69817;;UNC_M_CAS_COUNT.WR[UNIT5];10270289;100.00;;"
9799 [140042433455808] INFO perfrun.perfcollector <> - PERF_STAT : "     3.268074929;CPU0;801;;UNC_M_CAS_COUNT.RD[UNIT0];10293658;100.00;;"
9799 [140042433455808] INFO perfrun.perfcollector <> - PERF_STAT : "     3.268074929;CPU10;71106;;UNC_M_CAS_COUNT.RD[UNIT0];10326299;100.00;;"
9799 [140042433455808] INFO perfrun.perfcollector <> - PERF_STAT : "     3.268074929;CPU0;908;;UNC_M_CAS_COUNT.RD[UNIT1];10296610;100.00;;"
9799 [140042433455808] INFO perfrun.perfcollector <> - PERF_STAT : "     3.268074929;CPU10;70557;;UNC_M_CAS_COUNT.RD[UNIT1];10326683;100.00;;"
9799 [140042433455808] INFO perfrun.perfcollector <> - PERF_STAT : "     3.268074929;CPU0;757;;UNC_M_CAS_COUNT.RD[UNIT4];10298657;100.00;;"
9799 [140042433455808] INFO perfrun.perfcollector <> - PERF_STAT : "     3.268074929;CPU10;71119;;UNC_M_CAS_COUNT.RD[UNIT4];10326837;100.00;;"
9799 [140042433455808] INFO perfrun.perfcollector <> - PERF_STAT : "     3.268074929;CPU0;850;;UNC_M_CAS_COUNT.RD[UNIT5];10300448;100.00;;"
9799 [140042433455808] INFO perfrun.perfcollector <> - PERF_STAT : "     3.268074929;CPU10;70551;;UNC_M_CAS_COUNT.RD[UNIT5];10326932;100.00;;"
9799 [140042433455808] INFO perfrun.perfcollector <> - PERF_STAT : "     3.268074929;CPU0;164;;UNC_M_CAS_COUNT.WR[UNIT0];10302233;100.00;;"
9799 [140042433455808] INFO perfrun.perfcollector <> - PERF_STAT : "     3.268074929;CPU10;70248;;UNC_M_CAS_COUNT.WR[UNIT0];10326719;100.00;;"
9799 [140042433455808] INFO perfrun.perfcollector <> - PERF_STAT : "     3.268074929;CPU0;199;;UNC_M_CAS_COUNT.WR[UNIT1];10304224;100.00;;"
9799 [140042433455808] INFO perfrun.perfcollector <> - PERF_STAT : "     3.268074929;CPU10;69534;;UNC_M_CAS_COUNT.WR[UNIT1];10326570;100.00;;"
9799 [140042433455808] INFO perfrun.perfcollector <> - PERF_STAT : "     3.268074929;CPU0;143;;UNC_M_CAS_COUNT.WR[UNIT4];10305943;100.00;;"
9799 [140042433455808] INFO perfrun.perfcollector <> - PERF_STAT : "     3.268074929;CPU10;70318;;UNC_M_CAS_COUNT.WR[UNIT4];10326484;100.00;;"
9799 [140042433455808] INFO perfrun.perfcollector <> - PERF_STAT : "     3.268074929;CPU0;202;;UNC_M_CAS_COUNT.WR[UNIT5];10307764;100.00;;"
9799 [140042433455808] INFO perfrun.perfcollector <> - PERF_STAT : "     3.268074929;CPU10;69705;;UNC_M_CAS_COUNT.WR[UNIT5];10326722;100.00;;"
9809 [140042433455808] INFO perfrun.perfcollector <> - PERF_STAT : "     3.278400375;CPU0;407;;UNC_M_CAS_COUNT.RD[UNIT0];10332151;100.00;;"
9809 [140042433455808] INFO perfrun.perfcollector <> - PERF_STAT : "     3.278400375;CPU10;71539;;UNC_M_CAS_COUNT.RD[UNIT0];10300559;100.00;;"
9809 [140042433455808] INFO perfrun.perfcollector <> - PERF_STAT : "     3.278400375;CPU0;444;;UNC_M_CAS_COUNT.RD[UNIT1];10329206;100.00;;"
9809 [140042433455808] INFO perfrun.perfcollector <> - PERF_STAT : "     3.278400375;CPU10;70961;;UNC_M_CAS_COUNT.RD[UNIT1];10300164;100.00;;"
9809 [140042433455808] INFO perfrun.perfcollector <> - PERF_STAT : "     3.278400375;CPU0;425;;UNC_M_CAS_COUNT.RD[UNIT4];10327261;100.00;;"
9809 [140042433455808] INFO perfrun.perfcollector <> - PERF_STAT : "     3.278400375;CPU10;71541;;UNC_M_CAS_COUNT.RD[UNIT4];10300137;100.00;;"
9809 [140042433455808] INFO perfrun.perfcollector <> - PERF_STAT : "     3.278400375;CPU0;421;;UNC_M_CAS_COUNT.RD[UNIT5];10325437;100.00;;"
9809 [140042433455808] INFO perfrun.perfcollector <> - PERF_STAT : "     3.278400375;CPU10;70981;;UNC_M_CAS_COUNT.RD[UNIT5];10300073;100.00;;"
9809 [140042433455808] INFO perfrun.perfcollector <> - PERF_STAT : "     3.278400375;CPU0;592;;UNC_M_CAS_COUNT.WR[UNIT0];10323766;100.00;;"
9809 [140042433455808] INFO perfrun.perfcollector <> - PERF_STAT : "     3.278400375;CPU10;70514;;UNC_M_CAS_COUNT.WR[UNIT0];10300257;100.00;;"
9809 [140042433455808] INFO perfrun.perfcollector <> - PERF_STAT : "     3.278400375;CPU0;662;;UNC_M_CAS_COUNT.WR[UNIT1];10321864;100.00;;"
9809 [140042433455808] INFO perfrun.perfcollector <> - PERF_STAT : "     3.278400375;CPU10;69848;;UNC_M_CAS_COUNT.WR[UNIT1];10300702;100.00;;"
9809 [140042433455808] INFO perfrun.perfcollector <> - PERF_STAT : "     3.278400375;CPU0;582;;UNC_M_CAS_COUNT.WR[UNIT4];10320003;100.00;;"
9809 [140042433455808] INFO perfrun.perfcollector <> - PERF_STAT : "     3.278400375;CPU10;70147;;UNC_M_CAS_COUNT.WR[UNIT4];10300781;100.00;;"
9809 [140042433455808] INFO perfrun.perfcollector <> - PERF_STAT : "     3.278400375;CPU0;610;;UNC_M_CAS_COUNT.WR[UNIT5];10318150;100.00;;"
9809 [140042433455808] INFO perfrun.perfcollector <> - PERF_STAT : "     3.278400375;CPU10;69752;;UNC_M_CAS_COUNT.WR[UNIT5];10300608;100.00;;"
9819 [140042433455808] INFO perfrun.perfcollector <> - PERF_STAT : "     3.288700439;CPU0;329;;UNC_M_CAS_COUNT.RD[UNIT0];10289681;100.00;;"
9819 [140042433455808] INFO perfrun.perfcollector <> - PERF_STAT : "     3.288700439;CPU10;71116;;UNC_M_CAS_COUNT.RD[UNIT0];10320448;100.00;;"
9819 [140042433455808] INFO perfrun.perfcollector <> - PERF_STAT : "     3.288700439;CPU0;385;;UNC_M_CAS_COUNT.RD[UNIT1];10292816;100.00;;"
9819 [140042433455808] INFO perfrun.perfcollector <> - PERF_STAT : "     3.288700439;CPU10;70561;;UNC_M_CAS_COUNT.RD[UNIT1];10320855;100.00;;"
9819 [140042433455808] INFO perfrun.perfcollector <> - PERF_STAT : "     3.288700439;CPU0;319;;UNC_M_CAS_COUNT.RD[UNIT4];10294732;100.00;;"
9819 [140042433455808] INFO perfrun.perfcollector <> - PERF_STAT : "     3.288700439;CPU10;71135;;UNC_M_CAS_COUNT.RD[UNIT4];10320926;100.00;;"
9819 [140042433455808] INFO perfrun.perfcollector <> - PERF_STAT : "     3.288700439;CPU0;368;;UNC_M_CAS_COUNT.RD[UNIT5];10296655;100.00;;"
9819 [140042433455808] INFO perfrun.perfcollector <> - PERF_STAT : "     3.288700439;CPU10;70578;;UNC_M_CAS_COUNT.RD[UNIT5];10320795;100.00;;"
9819 [140042433455808] INFO perfrun.perfcollector <> - PERF_STAT : "     3.288700439;CPU0;76;;UNC_M_CAS_COUNT.WR[UNIT0];10298390;100.00;;"
9819 [140042433455808] INFO perfrun.perfcollector <> - PERF_STAT : "     3.288700439;CPU10;70405;;UNC_M_CAS_COUNT.WR[UNIT0];10320610;100.00;;"
9819 [140042433455808] INFO perfrun.perfcollector <> - PERF_STAT : "     3.288700439;CPU0;90;;UNC_M_CAS_COUNT.WR[UNIT1];10300104;100.00;;"
9819 [140042433455808] INFO perfrun.perfcollector <> - PERF_STAT : "     3.288700439;CPU10;70046;;UNC_M_CAS_COUNT.WR[UNIT1];10320013;100.00;;"
9819 [140042433455808] INFO perfrun.perfcollector <> - PERF_STAT : "     3.288700439;CPU0;54;;UNC_M_CAS_COUNT.WR[UNIT4];10301933;100.00;;"
9819 [140042433455808] INFO perfrun.perfcollector <> - PERF_STAT : "     3.288700439;CPU10;70653;;UNC_M_CAS_COUNT.WR[UNIT4];10319908;100.00;;"
9819 [140042433455808] INFO perfrun.perfcollector <> - PERF_STAT : "     3.288700439;CPU0;97;;UNC_M_CAS_COUNT.WR[UNIT5];10303802;100.00;;"
9819 [140042433455808] INFO perfrun.perfcollector <> - PERF_STAT : "     3.288700439;CPU10;69979;;UNC_M_CAS_COUNT.WR[UNIT5];10319909;100.00;;"
9830 [140042433455808] INFO perfrun.perfcollector <> - PERF_STAT : "     3.299026216;CPU0;2149;;UNC_M_CAS_COUNT.RD[UNIT0];10329398;100.00;;"
9830 [140042433455808] INFO perfrun.perfcollector <> - PERF_STAT : "     3.299026216;CPU10;69217;;UNC_M_CAS_COUNT.RD[UNIT0];10321737;100.00;;"
9830 [140042433455808] INFO perfrun.perfcollector <> - PERF_STAT : "     3.299026216;CPU0;2493;;UNC_M_CAS_COUNT.RD[UNIT1];10326449;100.00;;"
9830 [140042433455808] INFO perfrun.perfcollector <> - PERF_STAT : "     3.299026216;CPU10;68644;;UNC_M_CAS_COUNT.RD[UNIT1];10321476;100.00;;"
9830 [140042433455808] INFO perfrun.perfcollector <> - PERF_STAT : "     3.299026216;CPU0;2127;;UNC_M_CAS_COUNT.RD[UNIT4];10324557;100.00;;"
9830 [140042433455808] INFO perfrun.perfcollector <> - PERF_STAT : "     3.299026216;CPU10;69219;;UNC_M_CAS_COUNT.RD[UNIT4];10321393;100.00;;"
9830 [140042433455808] INFO perfrun.perfcollector <> - PERF_STAT : "     3.299026216;CPU0;2356;;UNC_M_CAS_COUNT.RD[UNIT5];10322945;100.00;;"
9830 [140042433455808] INFO perfrun.perfcollector <> - PERF_STAT : "     3.299026216;CPU10;68649;;UNC_M_CAS_COUNT.RD[UNIT5];10321368;100.00;;"
9830 [140042433455808] INFO perfrun.perfcollector <> - PERF_STAT : "     3.299026216;CPU0;556;;UNC_M_CAS_COUNT.WR[UNIT0];10320986;100.00;;"
9830 [140042433455808] INFO perfrun.perfcollector <> - PERF_STAT : "     3.299026216;CPU10;68745;;UNC_M_CAS_COUNT.WR[UNIT0];10321363;100.00;;"
9830 [140042433455808] INFO perfrun.perfcollector <> - PERF_STAT : "     3.299026216;CPU0;752;;UNC_M_CAS_COUNT.WR[UNIT1];10319165;100.00;;"
9830 [140042433455808] INFO perfrun.perfcollector <> - PERF_STAT : "     3.299026216;CPU10;68008;;UNC_M_CAS_COUNT.WR[UNIT1];10321417;100.00;;"
9830 [140042433455808] INFO perfrun.perfcollector <> - PERF_STAT : "     3.299026216;CPU0;574;;UNC_M_CAS_COUNT.WR[UNIT4];10317296;100.00;;"
9830 [140042433455808] INFO perfrun.perfcollector <> - PERF_STAT : "     3.299026216;CPU10;68526;;UNC_M_CAS_COUNT.WR[UNIT4];10321424;100.00;;"
9830 [140042433455808] INFO perfrun.perfcollector <> - PERF_STAT : "     3.299026216;CPU0;729;;UNC_M_CAS_COUNT.WR[UNIT5];10315432;100.00;;"
9830 [140042433455808] INFO perfrun.perfcollector <> - PERF_STAT : "     3.299026216;CPU10;67874;;UNC_M_CAS_COUNT.WR[UNIT5];10321379;100.00;;"
9840 [140042433455808] INFO perfrun.perfcollector <> - PERF_STAT : "     3.309345278;CPU0;862;;UNC_M_CAS_COUNT.RD[UNIT0];10293155;100.00;;"
9840 [140042433455808] INFO perfrun.perfcollector <> - PERF_STAT : "     3.309345278;CPU10;71295;;UNC_M_CAS_COUNT.RD[UNIT0];10270828;100.00;;"
9840 [140042433455808] INFO perfrun.perfcollector <> - PERF_STAT : "     3.309345278;CPU0;1024;;UNC_M_CAS_COUNT.RD[UNIT1];10292961;100.00;;"
9840 [140042433455808] INFO perfrun.perfcollector <> - PERF_STAT : "     3.309345278;CPU10;70777;;UNC_M_CAS_COUNT.RD[UNIT1];10270929;100.00;;"
9840 [140042433455808] INFO perfrun.perfcollector <> - PERF_STAT : "     3.309345278;CPU0;835;;UNC_M_CAS_COUNT.RD[UNIT4];10293117;100.00;;"
9840 [140042433455808] INFO perfrun.perfcollector <> - PERF_STAT : "     3.309345278;CPU10;71260;;UNC_M_CAS_COUNT.RD[UNIT4];10270850;100.00;;"
9840 [140042433455808] INFO perfrun.perfcollector <> - PERF_STAT : "     3.309345278;CPU0;1047;;UNC_M_CAS_COUNT.RD[UNIT5];10292831;100.00;;"
9840 [140042433455808] INFO perfrun.perfcollector <> - PERF_STAT : "     3.309345278;CPU10;70700;;UNC_M_CAS_COUNT.RD[UNIT5];10270885;100.00;;"
9840 [140042433455808] INFO perfrun.perfcollector <> - PERF_STAT : "     3.309345278;CPU0;202;;UNC_M_CAS_COUNT.WR[UNIT0];10292966;100.00;;"
9840 [140042433455808] INFO perfrun.perfcollector <> - PERF_STAT : "     3.309345278;CPU10;70152;;UNC_M_CAS_COUNT.WR[UNIT0];10270834;100.00;;"
9840 [140042433455808] INFO perfrun.perfcollector <> - PERF_STAT : "     3.309345278;CPU0;346;;UNC_M_CAS_COUNT.WR[UNIT1];10293013;100.00;;"
9840 [140042433455808] INFO perfrun.perfcollector <> - PERF_STAT : "     3.309345278;CPU10;69694;;UNC_M_CAS_COUNT.WR[UNIT1];10270801;100.00;;"
9840 [140042433455808] INFO perfrun.perfcollector <> - PERF_STAT : "     3.309345278;CPU0;185;;UNC_M_CAS_COUNT.WR[UNIT4];10293000;100.00;;"
9840 [140042433455808] INFO perfrun.perfcollector <> - PERF_STAT : "     3.309345278;CPU10;70219;;UNC_M_CAS_COUNT.WR[UNIT4];10270766;100.00;;"
9840 [140042433455808] INFO perfrun.perfcollector <> - PERF_STAT : "     3.309345278;CPU0;371;;UNC_M_CAS_COUNT.WR[UNIT5];10292992;100.00;;"
9840 [140042433455808] INFO perfrun.perfcollector <> - PERF_STAT : "     3.309345278;CPU10;69898;;UNC_M_CAS_COUNT.WR[UNIT5];10271166;100.00;;"
9850 [140042433455808] INFO perfrun.perfcollector <> - PERF_STAT : "     3.319614884;CPU0;684;;UNC_M_CAS_COUNT.RD[UNIT0];10272489;100.00;;"
9850 [140042433455808] INFO perfrun.perfcollector <> - PERF_STAT : "     3.319614884;CPU10;70465;;UNC_M_CAS_COUNT.RD[UNIT0];10272017;100.00;;"
9850 [140042433455808] INFO perfrun.perfcollector <> - PERF_STAT : "     3.319614884;CPU0;844;;UNC_M_CAS_COUNT.RD[UNIT1];10272995;100.00;;"
9850 [140042433455808] INFO perfrun.perfcollector <> - PERF_STAT : "     3.319614884;CPU10;69943;;UNC_M_CAS_COUNT.RD[UNIT1];10271971;100.00;;"
9850 [140042433455808] INFO perfrun.perfcollector <> - PERF_STAT : "     3.319614884;CPU0;698;;UNC_M_CAS_COUNT.RD[UNIT4];10272844;100.00;;"
9850 [140042433455808] INFO perfrun.perfcollector <> - PERF_STAT : "     3.319614884;CPU10;70442;;UNC_M_CAS_COUNT.RD[UNIT4];10280354;100.00;;"
9850 [140042433455808] INFO perfrun.perfcollector <> - PERF_STAT : "     3.319614884;CPU0;873;;UNC_M_CAS_COUNT.RD[UNIT5];10272823;100.00;;"
9850 [140042433455808] INFO perfrun.perfcollector <> - PERF_STAT : "     3.319614884;CPU10;69932;;UNC_M_CAS_COUNT.RD[UNIT5];10280537;100.00;;"
9850 [140042433455808] INFO perfrun.perfcollector <> - PERF_STAT : "     3.319614884;CPU0;105;;UNC_M_CAS_COUNT.WR[UNIT0];10272678;100.00;;"
9850 [140042433455808] INFO perfrun.perfcollector <> - PERF_STAT : "     3.319614884;CPU10;69762;;UNC_M_CAS_COUNT.WR[UNIT0];10280718;100.00;;"
9850 [140042433455808] INFO perfrun.perfcollector <> - PERF_STAT : "     3.319614884;CPU0;229;;UNC_M_CAS_COUNT.WR[UNIT1];10272645;100.00;;"
9850 [140042433455808] INFO perfrun.perfcollector <> - PERF_STAT : "     3.319614884;CPU10;69214;;UNC_M_CAS_COUNT.WR[UNIT1];10280750;100.00;;"
9850 [140042433455808] INFO perfrun.perfcollector <> - PERF_STAT : "     3.319614884;CPU0;91;;UNC_M_CAS_COUNT.WR[UNIT4];10272665;100.00;;"
9850 [140042433455808] INFO perfrun.perfcollector <> - PERF_STAT : "     3.319614884;CPU10;70020;;UNC_M_CAS_COUNT.WR[UNIT4];10280976;100.00;;"
9850 [140042433455808] INFO perfrun.perfcollector <> - PERF_STAT : "     3.319614884;CPU0;250;;UNC_M_CAS_COUNT.WR[UNIT5];10272726;100.00;;"
9850 [140042433455808] INFO perfrun.perfcollector <> - PERF_STAT : "     3.319614884;CPU10;69309;;UNC_M_CAS_COUNT.WR[UNIT5];10280636;100.00;;"
9860 [140042433455808] INFO perfrun.perfcollector <> - PERF_STAT : "     3.329896120;CPU0;1300;;UNC_M_CAS_COUNT.RD[UNIT0];10299465;100.00;;"
9860 [140042433455808] INFO perfrun.perfcollector <> - PERF_STAT : "     3.329896120;CPU10;70414;;UNC_M_CAS_COUNT.RD[UNIT0];10331499;100.00;;"
9860 [140042433455808] INFO perfrun.perfcollector <> - PERF_STAT : "     3.329896120;CPU0;1455;;UNC_M_CAS_COUNT.RD[UNIT1];10301841;100.00;;"
9860 [140042433455808] INFO perfrun.perfcollector <> - PERF_STAT : "     3.329896120;CPU10;69876;;UNC_M_CAS_COUNT.RD[UNIT1];10331473;100.00;;"
9861 [140042433455808] INFO perfrun.perfcollector <> - PERF_STAT : "     3.329896120;CPU0;1318;;UNC_M_CAS_COUNT.RD[UNIT4];10303682;100.00;;"
9861 [140042433455808] INFO perfrun.perfcollector <> - PERF_STAT : "     3.329896120;CPU10;70422;;UNC_M_CAS_COUNT.RD[UNIT4];10323229;100.00;;"
9861 [140042433455808] INFO perfrun.perfcollector <> - PERF_STAT : "     3.329896120;CPU0;1505;;UNC_M_CAS_COUNT.RD[UNIT5];10305527;100.00;;"
9861 [140042433455808] INFO perfrun.perfcollector <> - PERF_STAT : "     3.329896120;CPU10;69868;;UNC_M_CAS_COUNT.RD[UNIT5];10323500;100.00;;"
9861 [140042433455808] INFO perfrun.perfcollector <> - PERF_STAT : "     3.329896120;CPU0;769;;UNC_M_CAS_COUNT.WR[UNIT0];10307383;100.00;;"
9861 [140042433455808] INFO perfrun.perfcollector <> - PERF_STAT : "     3.329896120;CPU10;69213;;UNC_M_CAS_COUNT.WR[UNIT0];10323388;100.00;;"
9861 [140042433455808] INFO perfrun.perfcollector <> - PERF_STAT : "     3.329896120;CPU0;938;;UNC_M_CAS_COUNT.WR[UNIT1];10309271;100.00;;"
9861 [140042433455808] INFO perfrun.perfcollector <> - PERF_STAT : "     3.329896120;CPU10;68745;;UNC_M_CAS_COUNT.WR[UNIT1];10323556;100.00;;"
9861 [140042433455808] INFO perfrun.perfcollector <> - PERF_STAT : "     3.329896120;CPU0;813;;UNC_M_CAS_COUNT.WR[UNIT4];10311121;100.00;;"
9861 [140042433455808] INFO perfrun.perfcollector <> - PERF_STAT : "     3.329896120;CPU10;69058;;UNC_M_CAS_COUNT.WR[UNIT4];10323387;100.00;;"
9861 [140042433455808] INFO perfrun.perfcollector <> - PERF_STAT : "     3.329896120;CPU0;952;;UNC_M_CAS_COUNT.WR[UNIT5];10312923;100.00;;"
9861 [140042433455808] INFO perfrun.perfcollector <> - PERF_STAT : "     3.329896120;CPU10;68548;;UNC_M_CAS_COUNT.WR[UNIT5];10323391;100.00;;"
9871 [140042433455808] INFO perfrun.perfcollector <> - PERF_STAT : "     3.340223718;CPU0;567;;UNC_M_CAS_COUNT.RD[UNIT0];10323478;100.00;;"
9874 [140042433455808] INFO perfrun.perfcollector <> - PERF_STAT : "     3.340223718;CPU10;70042;;UNC_M_CAS_COUNT.RD[UNIT0];10290646;100.00;;"
9874 [140042433455808] INFO perfrun.perfcollector <> - PERF_STAT : "     3.340223718;CPU0;843;;UNC_M_CAS_COUNT.RD[UNIT1];10320615;100.00;;"
9874 [140042433455808] INFO perfrun.perfcollector <> - PERF_STAT : "     3.340223718;CPU10;69474;;UNC_M_CAS_COUNT.RD[UNIT1];10290459;100.00;;"
9874 [140042433455808] INFO perfrun.perfcollector <> - PERF_STAT : "     3.340223718;CPU0;593;;UNC_M_CAS_COUNT.RD[UNIT4];10318640;100.00;;"
9874 [140042433455808] INFO perfrun.perfcollector <> - PERF_STAT : "     3.340223718;CPU10;70000;;UNC_M_CAS_COUNT.RD[UNIT4];10290401;100.00;;"
9874 [140042433455808] INFO perfrun.perfcollector <> - PERF_STAT : "     3.340223718;CPU0;894;;UNC_M_CAS_COUNT.RD[UNIT5];10316915;100.00;;"
9874 [140042433455808] INFO perfrun.perfcollector <> - PERF_STAT : "     3.340223718;CPU10;69486;;UNC_M_CAS_COUNT.RD[UNIT5];10290097;100.00;;"
9874 [140042433455808] INFO perfrun.perfcollector <> - PERF_STAT : "     3.340223718;CPU0;850;;UNC_M_CAS_COUNT.WR[UNIT0];10315203;100.00;;"
9874 [140042433455808] INFO perfrun.perfcollector <> - PERF_STAT : "     3.340223718;CPU10;68416;;UNC_M_CAS_COUNT.WR[UNIT0];10290247;100.00;;"
9874 [140042433455808] INFO perfrun.perfcollector <> - PERF_STAT : "     3.340223718;CPU0;1052;;UNC_M_CAS_COUNT.WR[UNIT1];10313301;100.00;;"
9874 [140042433455808] INFO perfrun.perfcollector <> - PERF_STAT : "     3.340223718;CPU10;68047;;UNC_M_CAS_COUNT.WR[UNIT1];10290150;100.00;;"
9874 [140042433455808] INFO perfrun.perfcollector <> - PERF_STAT : "     3.340223718;CPU0;801;;UNC_M_CAS_COUNT.WR[UNIT4];10311472;100.00;;"
9874 [140042433455808] INFO perfrun.perfcollector <> - PERF_STAT : "     3.340223718;CPU10;68598;;UNC_M_CAS_COUNT.WR[UNIT4];10290329;100.00;;"
9874 [140042433455808] INFO perfrun.perfcollector <> - PERF_STAT : "     3.340223718;CPU0;1070;;UNC_M_CAS_COUNT.WR[UNIT5];10309624;100.00;;"
9874 [140042433455808] INFO perfrun.perfcollector <> - PERF_STAT : "     3.340223718;CPU10;68092;;UNC_M_CAS_COUNT.WR[UNIT5];10290269;100.00;;"
9881 [140042433455808] INFO perfrun.perfcollector <> - PERF_STAT : "     3.350509879;CPU0;519;;UNC_M_CAS_COUNT.RD[UNIT0];10288027;100.00;;"
9881 [140042433455808] INFO perfrun.perfcollector <> - PERF_STAT : "     3.350509879;CPU10;71489;;UNC_M_CAS_COUNT.RD[UNIT0];10318637;100.00;;"
9881 [140042433455808] INFO perfrun.perfcollector <> - PERF_STAT : "     3.350509879;CPU0;787;;UNC_M_CAS_COUNT.RD[UNIT1];10290901;100.00;;"
9881 [140042433455808] INFO perfrun.perfcollector <> - PERF_STAT : "     3.350509879;CPU10;70938;;UNC_M_CAS_COUNT.RD[UNIT1];10319396;100.00;;"
9881 [140042433455808] INFO perfrun.perfcollector <> - PERF_STAT : "     3.350509879;CPU0;496;;UNC_M_CAS_COUNT.RD[UNIT4];10292828;100.00;;"
9881 [140042433455808] INFO perfrun.perfcollector <> - PERF_STAT : "     3.350509879;CPU10;71471;;UNC_M_CAS_COUNT.RD[UNIT4];10319402;100.00;;"
9881 [140042433455808] INFO perfrun.perfcollector <> - PERF_STAT : "     3.350509879;CPU0;791;;UNC_M_CAS_COUNT.RD[UNIT5];10294774;100.00;;"
9881 [140042433455808] INFO perfrun.perfcollector <> - PERF_STAT : "     3.350509879;CPU10;70918;;UNC_M_CAS_COUNT.RD[UNIT5];10319376;100.00;;"
9881 [140042433455808] INFO perfrun.perfcollector <> - PERF_STAT : "     3.350509879;CPU0;92;;UNC_M_CAS_COUNT.WR[UNIT0];10296635;100.00;;"
9881 [140042433455808] INFO perfrun.perfcollector <> - PERF_STAT : "     3.350509879;CPU10;71325;;UNC_M_CAS_COUNT.WR[UNIT0];10319513;100.00;;"
9881 [140042433455808] INFO perfrun.perfcollector <> - PERF_STAT : "     3.350509879;CPU0;368;;UNC_M_CAS_COUNT.WR[UNIT1];10298504;100.00;;"
9881 [140042433455808] INFO perfrun.perfcollector <> - PERF_STAT : "     3.350509879;CPU10;70624;;UNC_M_CAS_COUNT.WR[UNIT1];10319384;100.00;;"
9881 [140042433455808] INFO perfrun.perfcollector <> - PERF_STAT : "     3.350509879;CPU0;88;;UNC_M_CAS_COUNT.WR[UNIT4];10300344;100.00;;"
9881 [140042433455808] INFO perfrun.perfcollector <> - PERF_STAT : "     3.350509879;CPU10;71134;;UNC_M_CAS_COUNT.WR[UNIT4];10319085;100.00;;"
9881 [140042433455808] INFO perfrun.perfcollector <> - PERF_STAT : "     3.350509879;CPU0;364;;UNC_M_CAS_COUNT.WR[UNIT5];10302205;100.00;;"
9881 [140042433455808] INFO perfrun.perfcollector <> - PERF_STAT : "     3.350509879;CPU10;70512;;UNC_M_CAS_COUNT.WR[UNIT5];10319143;100.00;;"
9891 [140042433455808] INFO perfrun.perfcollector <> - PERF_STAT : "     3.360831261;CPU0;2091;;UNC_M_CAS_COUNT.RD[UNIT0];10325951;100.00;;"
9891 [140042433455808] INFO perfrun.perfcollector <> - PERF_STAT : "     3.360831261;CPU10;90192;;UNC_M_CAS_COUNT.RD[UNIT0];10329071;100.00;;"
9891 [140042433455808] INFO perfrun.perfcollector <> - PERF_STAT : "     3.360831261;CPU0;2138;;UNC_M_CAS_COUNT.RD[UNIT1];10326033;100.00;;"
9891 [140042433455808] INFO perfrun.perfcollector <> - PERF_STAT : "     3.360831261;CPU10;89625;;UNC_M_CAS_COUNT.RD[UNIT1];10328916;100.00;;"
9891 [140042433455808] INFO perfrun.perfcollector <> - PERF_STAT : "     3.360831261;CPU0;2119;;UNC_M_CAS_COUNT.RD[UNIT4];10326068;100.00;;"
9891 [140042433455808] INFO perfrun.perfcollector <> - PERF_STAT : "     3.360831261;CPU10;90079;;UNC_M_CAS_COUNT.RD[UNIT4];10329220;100.00;;"
9891 [140042433455808] INFO perfrun.perfcollector <> - PERF_STAT : "     3.360831261;CPU0;2147;;UNC_M_CAS_COUNT.RD[UNIT5];10326028;100.00;;"
9891 [140042433455808] INFO perfrun.perfcollector <> - PERF_STAT : "     3.360831261;CPU10;89560;;UNC_M_CAS_COUNT.RD[UNIT5];10329547;100.00;;"
9892 [140042433455808] INFO perfrun.perfcollector <> - PERF_STAT : "     3.360831261;CPU0;164;;UNC_M_CAS_COUNT.WR[UNIT0];10325907;100.00;;"
9892 [140042433455808] INFO perfrun.perfcollector <> - PERF_STAT : "     3.360831261;CPU10;171904;;UNC_M_CAS_COUNT.WR[UNIT0];10329395;100.00;;"
9892 [140042433455808] INFO perfrun.perfcollector <> - PERF_STAT : "     3.360831261;CPU0;226;;UNC_M_CAS_COUNT.WR[UNIT1];10325967;100.00;;"
9892 [140042433455808] INFO perfrun.perfcollector <> - PERF_STAT : "     3.360831261;CPU10;171777;;UNC_M_CAS_COUNT.WR[UNIT1];10329367;100.00;;"
9892 [140042433455808] INFO perfrun.perfcollector <> - PERF_STAT : "     3.360831261;CPU0;136;;UNC_M_CAS_COUNT.WR[UNIT4];10325951;100.00;;"
9892 [140042433455808] INFO perfrun.perfcollector <> - PERF_STAT : "     3.360831261;CPU10;172420;;UNC_M_CAS_COUNT.WR[UNIT4];10329368;100.00;;"
9892 [140042433455808] INFO perfrun.perfcollector <> - PERF_STAT : "     3.360831261;CPU0;220;;UNC_M_CAS_COUNT.WR[UNIT5];10326168;100.00;;"
9892 [140042433455808] INFO perfrun.perfcollector <> - PERF_STAT : "     3.360831261;CPU10;172491;;UNC_M_CAS_COUNT.WR[UNIT5];10329374;100.00;;"
9902 [140042433455808] INFO perfrun.perfcollector <> - PERF_STAT : "     3.371171257;CPU0;478;;UNC_M_CAS_COUNT.RD[UNIT0];10337915;100.00;;"
9902 [140042433455808] INFO perfrun.perfcollector <> - PERF_STAT : "     3.371171257;CPU10;104308;;UNC_M_CAS_COUNT.RD[UNIT0];10337159;100.00;;"
9902 [140042433455808] INFO perfrun.perfcollector <> - PERF_STAT : "     3.371171257;CPU0;519;;UNC_M_CAS_COUNT.RD[UNIT1];10337825;100.00;;"
9902 [140042433455808] INFO perfrun.perfcollector <> - PERF_STAT : "     3.371171257;CPU10;103838;;UNC_M_CAS_COUNT.RD[UNIT1];10337891;100.00;;"
9902 [140042433455808] INFO perfrun.perfcollector <> - PERF_STAT : "     3.371171257;CPU0;468;;UNC_M_CAS_COUNT.RD[UNIT4];10337988;100.00;;"
9902 [140042433455808] INFO perfrun.perfcollector <> - PERF_STAT : "     3.371171257;CPU10;104368;;UNC_M_CAS_COUNT.RD[UNIT4];10337639;100.00;;"
9902 [140042433455808] INFO perfrun.perfcollector <> - PERF_STAT : "     3.371171257;CPU0;542;;UNC_M_CAS_COUNT.RD[UNIT5];10337892;100.00;;"
9902 [140042433455808] INFO perfrun.perfcollector <> - PERF_STAT : "     3.371171257;CPU10;103755;;UNC_M_CAS_COUNT.RD[UNIT5];10337767;100.00;;"
9902 [140042433455808] INFO perfrun.perfcollector <> - PERF_STAT : "     3.371171257;CPU0;265;;UNC_M_CAS_COUNT.WR[UNIT0];10337892;100.00;;"
9902 [140042433455808] INFO perfrun.perfcollector <> - PERF_STAT : "     3.371171257;CPU10;212964;;UNC_M_CAS_COUNT.WR[UNIT0];10337746;100.00;;"
9902 [140042433455808] INFO perfrun.perfcollector <> - PERF_STAT : "     3.371171257;CPU0;312;;UNC_M_CAS_COUNT.WR[UNIT1];10337832;100.00;;"
9902 [140042433455808] INFO perfrun.perfcollector <> - PERF_STAT : "     3.371171257;CPU10;213499;;UNC_M_CAS_COUNT.WR[UNIT1];10337894;100.00;;"
9902 [140042433455808] INFO perfrun.perfcollector <> - PERF_STAT : "     3.371171257;CPU0;223;;UNC_M_CAS_COUNT.WR[UNIT4];10337875;100.00;;"
9902 [140042433455808] INFO perfrun.perfcollector <> - PERF_STAT : "     3.371171257;CPU10;214333;;UNC_M_CAS_COUNT.WR[UNIT4];10338353;100.00;;"
9902 [140042433455808] INFO perfrun.perfcollector <> - PERF_STAT : "     3.371171257;CPU0;304;;UNC_M_CAS_COUNT.WR[UNIT5];10338062;100.00;;"
9902 [140042433455808] INFO perfrun.perfcollector <> - PERF_STAT : "     3.371171257;CPU10;214856;;UNC_M_CAS_COUNT.WR[UNIT5];10338318;100.00;;"
9912 [140042433455808] INFO perfrun.perfcollector <> - PERF_STAT : "     3.381508845;CPU0;394;;UNC_M_CAS_COUNT.RD[UNIT0];10340928;100.00;;"
9912 [140042433455808] INFO perfrun.perfcollector <> - PERF_STAT : "     3.381508845;CPU10;108065;;UNC_M_CAS_COUNT.RD[UNIT0];10342059;100.00;;"
9912 [140042433455808] INFO perfrun.perfcollector <> - PERF_STAT : "     3.381508845;CPU0;461;;UNC_M_CAS_COUNT.RD[UNIT1];10340899;100.00;;"
9912 [140042433455808] INFO perfrun.perfcollector <> - PERF_STAT : "     3.381508845;CPU10;107727;;UNC_M_CAS_COUNT.RD[UNIT1];10342094;100.00;;"
9912 [140042433455808] INFO perfrun.perfcollector <> - PERF_STAT : "     3.381508845;CPU0;416;;UNC_M_CAS_COUNT.RD[UNIT4];10340859;100.00;;"
9912 [140042433455808] INFO perfrun.perfcollector <> - PERF_STAT : "     3.381508845;CPU10;108313;;UNC_M_CAS_COUNT.RD[UNIT4];10342646;100.00;;"
9912 [140042433455808] INFO perfrun.perfcollector <> - PERF_STAT : "     3.381508845;CPU0;464;;UNC_M_CAS_COUNT.RD[UNIT5];10340792;100.00;;"
9912 [140042433455808] INFO perfrun.perfcollector <> - PERF_STAT : "     3.381508845;CPU10;107817;;UNC_M_CAS_COUNT.RD[UNIT5];10342555;100.00;;"
9912 [140042433455808] INFO perfrun.perfcollector <> - PERF_STAT : "     3.381508845;CPU0;88;;UNC_M_CAS_COUNT.WR[UNIT0];10340789;100.00;;"
9912 [140042433455808] INFO perfrun.perfcollector <> - PERF_STAT : "     3.381508845;CPU10;186253;;UNC_M_CAS_COUNT.WR[UNIT0];10342675;100.00;;"
9912 [140042433455808] INFO perfrun.perfcollector <> - PERF_STAT : "     3.381508845;CPU0;103;;UNC_M_CAS_COUNT.WR[UNIT1];10340819;100.00;;"
9912 [140042433455808] INFO perfrun.perfcollector <> - PERF_STAT : "     3.381508845;CPU10;187076;;UNC_M_CAS_COUNT.WR[UNIT1];10342814;100.00;;"
9912 [140042433455808] INFO perfrun.perfcollector <> - PERF_STAT : "     3.381508845;CPU0;84;;UNC_M_CAS_COUNT.WR[UNIT4];10340812;100.00;;"
9912 [140042433455808] INFO perfrun.perfcollector <> - PERF_STAT : "     3.381508845;CPU10;187822;;UNC_M_CAS_COUNT.WR[UNIT4];10343315;100.00;;"
9912 [140042433455808] INFO perfrun.perfcollector <> - PERF_STAT : "     3.381508845;CPU0;110;;UNC_M_CAS_COUNT.WR[UNIT5];10340377;100.00;;"
9912 [140042433455808] INFO perfrun.perfcollector <> - PERF_STAT : "     3.381508845;CPU10;188375;;UNC_M_CAS_COUNT.WR[UNIT5];10343412;100.00;;"
9922 [140042433455808] INFO perfrun.perfcollector <> - PERF_STAT : "     3.391872216;CPU0;523;;UNC_M_CAS_COUNT.RD[UNIT0];10363789;100.00;;"
9922 [140042433455808] INFO perfrun.perfcollector <> - PERF_STAT : "     3.391872216;CPU10;110669;;UNC_M_CAS_COUNT.RD[UNIT0];10364033;100.00;;"
9923 [140042433455808] INFO perfrun.perfcollector <> - PERF_STAT : "     3.391872216;CPU0;559;;UNC_M_CAS_COUNT.RD[UNIT1];10364269;100.00;;"
9923 [140042433455808] INFO perfrun.perfcollector <> - PERF_STAT : "     3.391872216;CPU10;110079;;UNC_M_CAS_COUNT.RD[UNIT1];10363963;100.00;;"
9923 [140042433455808] INFO perfrun.perfcollector <> - PERF_STAT : "     3.391872216;CPU0;512;;UNC_M_CAS_COUNT.RD[UNIT4];10364196;100.00;;"
9923 [140042433455808] INFO perfrun.perfcollector <> - PERF_STAT : "     3.391872216;CPU10;110566;;UNC_M_CAS_COUNT.RD[UNIT4];10363986;100.00;;"
9923 [140042433455808] INFO perfrun.perfcollector <> - PERF_STAT : "     3.391872216;CPU0;541;;UNC_M_CAS_COUNT.RD[UNIT5];10364272;100.00;;"
9923 [140042433455808] INFO perfrun.perfcollector <> - PERF_STAT : "     3.391872216;CPU10;109913;;UNC_M_CAS_COUNT.RD[UNIT5];10364103;100.00;;"
9923 [140042433455808] INFO perfrun.perfcollector <> - PERF_STAT : "     3.391872216;CPU0;54;;UNC_M_CAS_COUNT.WR[UNIT0];10364389;100.00;;"
9923 [140042433455808] INFO perfrun.perfcollector <> - PERF_STAT : "     3.391872216;CPU10;183366;;UNC_M_CAS_COUNT.WR[UNIT0];10364466;100.00;;"
9923 [140042433455808] INFO perfrun.perfcollector <> - PERF_STAT : "     3.391872216;CPU0;106;;UNC_M_CAS_COUNT.WR[UNIT1];10364406;100.00;;"
9923 [140042433455808] INFO perfrun.perfcollector <> - PERF_STAT : "     3.391872216;CPU10;184029;;UNC_M_CAS_COUNT.WR[UNIT1];10364348;100.00;;"
9923 [140042433455808] INFO perfrun.perfcollector <> - PERF_STAT : "     3.391872216;CPU0;51;;UNC_M_CAS_COUNT.WR[UNIT4];10364436;100.00;;"
9923 [140042433455808] INFO perfrun.perfcollector <> - PERF_STAT : "     3.391872216;CPU10;184412;;UNC_M_CAS_COUNT.WR[UNIT4];10363875;100.00;;"
9923 [140042433455808] INFO perfrun.perfcollector <> - PERF_STAT : "     3.391872216;CPU0;94;;UNC_M_CAS_COUNT.WR[UNIT5];10364494;100.00;;"
9923 [140042433455808] INFO perfrun.perfcollector <> - PERF_STAT : "     3.391872216;CPU10;184891;;UNC_M_CAS_COUNT.WR[UNIT5];10363874;100.00;;"
9933 [140042433455808] INFO perfrun.perfcollector <> - PERF_STAT : "     3.402232525;CPU0;804;;UNC_M_CAS_COUNT.RD[UNIT0];10360774;100.00;;"
9933 [140042433455808] INFO perfrun.perfcollector <> - PERF_STAT : "     3.402232525;CPU10;98325;;UNC_M_CAS_COUNT.RD[UNIT0];10360129;100.00;;"
9933 [140042433455808] INFO perfrun.perfcollector <> - PERF_STAT : "     3.402232525;CPU0;874;;UNC_M_CAS_COUNT.RD[UNIT1];10360538;100.00;;"
9933 [140042433455808] INFO perfrun.perfcollector <> - PERF_STAT : "     3.402232525;CPU10;97757;;UNC_M_CAS_COUNT.RD[UNIT1];10360285;100.00;;"
9933 [140042433455808] INFO perfrun.perfcollector <> - PERF_STAT : "     3.402232525;CPU0;802;;UNC_M_CAS_COUNT.RD[UNIT4];10360510;100.00;;"
9933 [140042433455808] INFO perfrun.perfcollector <> - PERF_STAT : "     3.402232525;CPU10;98346;;UNC_M_CAS_COUNT.RD[UNIT4];10360584;100.00;;"
9933 [140042433455808] INFO perfrun.perfcollector <> - PERF_STAT : "     3.402232525;CPU0;851;;UNC_M_CAS_COUNT.RD[UNIT5];10360421;100.00;;"
9933 [140042433455808] INFO perfrun.perfcollector <> - PERF_STAT : "     3.402232525;CPU10;97894;;UNC_M_CAS_COUNT.RD[UNIT5];10361075;100.00;;"
9933 [140042433455808] INFO perfrun.perfcollector <> - PERF_STAT : "     3.402232525;CPU0;45;;UNC_M_CAS_COUNT.WR[UNIT0];10360307;100.00;;"
9933 [140042433455808] INFO perfrun.perfcollector <> - PERF_STAT : "     3.402232525;CPU10;132237;;UNC_M_CAS_COUNT.WR[UNIT0];10361224;100.00;;"
9933 [140042433455808] INFO perfrun.perfcollector <> - PERF_STAT : "     3.402232525;CPU0;85;;UNC_M_CAS_COUNT.WR[UNIT1];10360293;100.00;;"
9933 [140042433455808] INFO perfrun.perfcollector <> - PERF_STAT : "     3.402232525;CPU10;132323;;UNC_M_CAS_COUNT.WR[UNIT1];10361588;100.00;;"
9933 [140042433455808] INFO perfrun.perfcollector <> - PERF_STAT : "     3.402232525;CPU0;44;;UNC_M_CAS_COUNT.WR[UNIT4];10360364;100.00;;"
9933 [140042433455808] INFO perfrun.perfcollector <> - PERF_STAT : "     3.402232525;CPU10;132800;;UNC_M_CAS_COUNT.WR[UNIT4];10361481;100.00;;"
9933 [140042433455808] INFO perfrun.perfcollector <> - PERF_STAT : "     3.402232525;CPU0;92;;UNC_M_CAS_COUNT.WR[UNIT5];10360326;100.00;;"
9933 [140042433455808] INFO perfrun.perfcollector <> - PERF_STAT : "     3.402232525;CPU10;133151;;UNC_M_CAS_COUNT.WR[UNIT5];10361557;100.00;;"
9943 [140042433455808] INFO perfrun.perfcollector <> - PERF_STAT : "     3.412592058;CPU0;527;;UNC_M_CAS_COUNT.RD[UNIT0];10354935;100.00;;"
9943 [140042433455808] INFO perfrun.perfcollector <> - PERF_STAT : "     3.412592058;CPU10;71324;;UNC_M_CAS_COUNT.RD[UNIT0];10353855;100.00;;"
9943 [140042433455808] INFO perfrun.perfcollector <> - PERF_STAT : "     3.412592058;CPU0;604;;UNC_M_CAS_COUNT.RD[UNIT1];10354728;100.00;;"
9943 [140042433455808] INFO perfrun.perfcollector <> - PERF_STAT : "     3.412592058;CPU10;70827;;UNC_M_CAS_COUNT.RD[UNIT1];10354212;100.00;;"
9943 [140042433455808] INFO perfrun.perfcollector <> - PERF_STAT : "     3.412592058;CPU0;571;;UNC_M_CAS_COUNT.RD[UNIT4];10354811;100.00;;"
9943 [140042433455808] INFO perfrun.perfcollector <> - PERF_STAT : "     3.412592058;CPU10;71359;;UNC_M_CAS_COUNT.RD[UNIT4];10353768;100.00;;"
9943 [140042433455808] INFO perfrun.perfcollector <> - PERF_STAT : "     3.412592058;CPU0;645;;UNC_M_CAS_COUNT.RD[UNIT5];10354904;100.00;;"
9943 [140042433455808] INFO perfrun.perfcollector <> - PERF_STAT : "     3.412592058;CPU10;70771;;UNC_M_CAS_COUNT.RD[UNIT5];10353412;100.00;;"
9943 [140042433455808] INFO perfrun.perfcollector <> - PERF_STAT : "     3.412592058;CPU0;31;;UNC_M_CAS_COUNT.WR[UNIT0];10354891;100.00;;"
9943 [140042433455808] INFO perfrun.perfcollector <> - PERF_STAT : "     3.412592058;CPU10;5883;;UNC_M_CAS_COUNT.WR[UNIT0];10353176;100.00;;"
9943 [140042433455808] INFO perfrun.perfcollector <> - PERF_STAT : "     3.412592058;CPU0;66;;UNC_M_CAS_COUNT.WR[UNIT1];10354942;100.00;;"
9943 [140042433455808] INFO perfrun.perfcollector <> - PERF_STAT : "     3.412592058;CPU10;5357;;UNC_M_CAS_COUNT.WR[UNIT1];10353081;100.00;;"
9943 [140042433455808] INFO perfrun.perfcollector <> - PERF_STAT : "     3.412592058;CPU0;36;;UNC_M_CAS_COUNT.WR[UNIT4];10354820;100.00;;"
9943 [140042433455808] INFO perfrun.perfcollector <> - PERF_STAT : "     3.412592058;CPU10;5872;;UNC_M_CAS_COUNT.WR[UNIT4];10353141;100.00;;"
9943 [140042433455808] INFO perfrun.perfcollector <> - PERF_STAT : "     3.412592058;CPU0;59;;UNC_M_CAS_COUNT.WR[UNIT5];10354818;100.00;;"
9943 [140042433455808] INFO perfrun.perfcollector <> - PERF_STAT : "     3.412592058;CPU10;5347;;UNC_M_CAS_COUNT.WR[UNIT5];10353091;100.00;;"
9954 [140042433455808] INFO perfrun.perfcollector <> - PERF_STAT : "     3.422932299;CPU0;1668;;UNC_M_CAS_COUNT.RD[UNIT0];10353114;100.00;;"
9954 [140042433455808] INFO perfrun.perfcollector <> - PERF_STAT : "     3.422932299;CPU10;68386;;UNC_M_CAS_COUNT.RD[UNIT0];10352830;100.00;;"
9954 [140042433455808] INFO perfrun.perfcollector <> - PERF_STAT : "     3.422932299;CPU0;1965;;UNC_M_CAS_COUNT.RD[UNIT1];10353090;100.00;;"
9954 [140042433455808] INFO perfrun.perfcollector <> - PERF_STAT : "     3.422932299;CPU10;67851;;UNC_M_CAS_COUNT.RD[UNIT1];10352450;100.00;;"
9954 [140042433455808] INFO perfrun.perfcollector <> - PERF_STAT : "     3.422932299;CPU0;1623;;UNC_M_CAS_COUNT.RD[UNIT4];10352940;100.00;;"
9954 [140042433455808] INFO perfrun.perfcollector <> - PERF_STAT : "     3.422932299;CPU10;68416;;UNC_M_CAS_COUNT.RD[UNIT4];10352458;100.00;;"
9954 [140042433455808] INFO perfrun.perfcollector <> - PERF_STAT : "     3.422932299;CPU0;1796;;UNC_M_CAS_COUNT.RD[UNIT5];10352920;100.00;;"
9954 [140042433455808] INFO perfrun.perfcollector <> - PERF_STAT : "     3.422932299;CPU10;67841;;UNC_M_CAS_COUNT.RD[UNIT5];10352294;100.00;;"
9954 [140042433455808] INFO perfrun.perfcollector <> - PERF_STAT : "     3.422932299;CPU0;125;;UNC_M_CAS_COUNT.WR[UNIT0];10352913;100.00;;"
9954 [140042433455808] INFO perfrun.perfcollector <> - PERF_STAT : "     3.422932299;CPU10;55190;;UNC_M_CAS_COUNT.WR[UNIT0];10352336;100.00;;"
9954 [140042433455808] INFO perfrun.perfcollector <> - PERF_STAT : "     3.422932299;CPU0;188;;UNC_M_CAS_COUNT.WR[UNIT1];10352856;100.00;;"
9954 [140042433455808] INFO perfrun.perfcollector <> - PERF_STAT : "     3.422932299;CPU10;54670;;UNC_M_CAS_COUNT.WR[UNIT1];10352323;100.00;;"
9954 [140042433455808] INFO perfrun.perfcollector <> - PERF_STAT : "     3.422932299;CPU0;93;;UNC_M_CAS_COUNT.WR[UNIT4];10352884;100.00;;"
9954 [140042433455808] INFO perfrun.perfcollector <> - PERF_STAT : "     3.422932299;CPU10;55160;;UNC_M_CAS_COUNT.WR[UNIT4];10352214;100.00;;"
9954 [140042433455808] INFO perfrun.perfcollector <> - PERF_STAT : "     3.422932299;CPU0;178;;UNC_M_CAS_COUNT.WR[UNIT5];10352919;100.00;;"
9954 [140042433455808] INFO perfrun.perfcollector <> - PERF_STAT : "     3.422932299;CPU10;54876;;UNC_M_CAS_COUNT.WR[UNIT5];10366564;100.00;;"
9964 [140042433455808] INFO perfrun.perfcollector <> - PERF_STAT : "     3.433300177;CPU0;718;;UNC_M_CAS_COUNT.RD[UNIT0];10360626;100.00;;"
9964 [140042433455808] INFO perfrun.perfcollector <> - PERF_STAT : "     3.433300177;CPU10;69836;;UNC_M_CAS_COUNT.RD[UNIT0];10332222;100.00;;"
9964 [140042433455808] INFO perfrun.perfcollector <> - PERF_STAT : "     3.433300177;CPU0;798;;UNC_M_CAS_COUNT.RD[UNIT1];10357824;100.00;;"
9964 [140042433455808] INFO perfrun.perfcollector <> - PERF_STAT : "     3.433300177;CPU10;69262;;UNC_M_CAS_COUNT.RD[UNIT1];10332119;100.00;;"
9964 [140042433455808] INFO perfrun.perfcollector <> - PERF_STAT : "     3.433300177;CPU0;723;;UNC_M_CAS_COUNT.RD[UNIT4];10355939;100.00;;"
9964 [140042433455808] INFO perfrun.perfcollector <> - PERF_STAT : "     3.433300177;CPU10;69766;;UNC_M_CAS_COUNT.RD[UNIT4];10331797;100.00;;"
9964 [140042433455808] INFO perfrun.perfcollector <> - PERF_STAT : "     3.433300177;CPU0;813;;UNC_M_CAS_COUNT.RD[UNIT5];10354023;100.00;;"
9964 [140042433455808] INFO perfrun.perfcollector <> - PERF_STAT : "     3.433300177;CPU10;69280;;UNC_M_CAS_COUNT.RD[UNIT5];10331587;100.00;;"
9964 [140042433455808] INFO perfrun.perfcollector <> - PERF_STAT : "     3.433300177;CPU0;112;;UNC_M_CAS_COUNT.WR[UNIT0];10352349;100.00;;"
9964 [140042433455808] INFO perfrun.perfcollector <> - PERF_STAT : "     3.433300177;CPU10;68493;;UNC_M_CAS_COUNT.WR[UNIT0];10331176;100.00;;"
9964 [140042433455808] INFO perfrun.perfcollector <> - PERF_STAT : "     3.433300177;CPU0;185;;UNC_M_CAS_COUNT.WR[UNIT1];10350577;100.00;;"
9964 [140042433455808] INFO perfrun.perfcollector <> - PERF_STAT : "     3.433300177;CPU10;67938;;UNC_M_CAS_COUNT.WR[UNIT1];10331023;100.00;;"
9964 [140042433455808] INFO perfrun.perfcollector <> - PERF_STAT : "     3.433300177;CPU0;104;;UNC_M_CAS_COUNT.WR[UNIT4];10348806;100.00;;"
9964 [140042433455808] INFO perfrun.perfcollector <> - PERF_STAT : "     3.433300177;CPU10;68597;;UNC_M_CAS_COUNT.WR[UNIT4];10331361;100.00;;"
9964 [140042433455808] INFO perfrun.perfcollector <> - PERF_STAT : "     3.433300177;CPU0;196;;UNC_M_CAS_COUNT.WR[UNIT5];10346961;100.00;;"
9964 [140042433455808] INFO perfrun.perfcollector <> - PERF_STAT : "     3.433300177;CPU10;67766;;UNC_M_CAS_COUNT.WR[UNIT5];10316989;100.00;;"
9974 [140042433455808] INFO perfrun.perfcollector <> - PERF_STAT : "     3.443613844;CPU0;414;;UNC_M_CAS_COUNT.RD[UNIT0];10307048;100.00;;"
9974 [140042433455808] INFO perfrun.perfcollector <> - PERF_STAT : "     3.443613844;CPU10;69671;;UNC_M_CAS_COUNT.RD[UNIT0];10340667;100.00;;"
9974 [140042433455808] INFO perfrun.perfcollector <> - PERF_STAT : "     3.443613844;CPU0;494;;UNC_M_CAS_COUNT.RD[UNIT1];10309803;100.00;;"
9974 [140042433455808] INFO perfrun.perfcollector <> - PERF_STAT : "     3.443613844;CPU10;69137;;UNC_M_CAS_COUNT.RD[UNIT1];10340414;100.00;;"
9974 [140042433455808] INFO perfrun.perfcollector <> - PERF_STAT : "     3.443613844;CPU0;458;;UNC_M_CAS_COUNT.RD[UNIT4];10311698;100.00;;"
9974 [140042433455808] INFO perfrun.perfcollector <> - PERF_STAT : "     3.443613844;CPU10;69671;;UNC_M_CAS_COUNT.RD[UNIT4];10340535;100.00;;"
9974 [140042433455808] INFO perfrun.perfcollector <> - PERF_STAT : "     3.443613844;CPU0;505;;UNC_M_CAS_COUNT.RD[UNIT5];10313714;100.00;;"
9974 [140042433455808] INFO perfrun.perfcollector <> - PERF_STAT : "     3.443613844;CPU10;69111;;UNC_M_CAS_COUNT.RD[UNIT5];10340820;100.00;;"
9974 [140042433455808] INFO perfrun.perfcollector <> - PERF_STAT : "     3.443613844;CPU0;126;;UNC_M_CAS_COUNT.WR[UNIT0];10315700;100.00;;"
9974 [140042433455808] INFO perfrun.perfcollector <> - PERF_STAT : "     3.443613844;CPU10;68908;;UNC_M_CAS_COUNT.WR[UNIT0];10340793;100.00;;"
9974 [140042433455808] INFO perfrun.perfcollector <> - PERF_STAT : "     3.443613844;CPU0;172;;UNC_M_CAS_COUNT.WR[UNIT1];10317445;100.00;;"
9974 [140042433455808] INFO perfrun.perfcollector <> - PERF_STAT : "     3.443613844;CPU10;68312;;UNC_M_CAS_COUNT.WR[UNIT1];10340817;100.00;;"
9974 [140042433455808] INFO perfrun.perfcollector <> - PERF_STAT : "     3.443613844;CPU0;121;;UNC_M_CAS_COUNT.WR[UNIT4];10319179;100.00;;"
9974 [140042433455808] INFO perfrun.perfcollector <> - PERF_STAT : "     3.443613844;CPU10;68958;;UNC_M_CAS_COUNT.WR[UNIT4];10340333;100.00;;"
9974 [140042433455808] INFO perfrun.perfcollector <> - PERF_STAT : "     3.443613844;CPU0;166;;UNC_M_CAS_COUNT.WR[UNIT5];10320988;100.00;;"
9974 [140042433455808] INFO perfrun.perfcollector <> - PERF_STAT : "     3.443613844;CPU10;68412;;UNC_M_CAS_COUNT.WR[UNIT5];10340357;100.00;;"
9984 [140042433455808] INFO perfrun.perfcollector <> - PERF_STAT : "     3.453955058;CPU0;296;;UNC_M_CAS_COUNT.RD[UNIT0];10340371;100.00;;"
9985 [140042433455808] INFO perfrun.perfcollector <> - PERF_STAT : "     3.453955058;CPU10;71146;;UNC_M_CAS_COUNT.RD[UNIT0];10334429;100.00;;"
9985 [140042433455808] INFO perfrun.perfcollector <> - PERF_STAT : "     3.453955058;CPU0;337;;UNC_M_CAS_COUNT.RD[UNIT1];10340415;100.00;;"
9985 [140042433455808] INFO perfrun.perfcollector <> - PERF_STAT : "     3.453955058;CPU10;70614;;UNC_M_CAS_COUNT.RD[UNIT1];10334515;100.00;;"
9985 [140042433455808] INFO perfrun.perfcollector <> - PERF_STAT : "     3.453955058;CPU0;320;;UNC_M_CAS_COUNT.RD[UNIT4];10340438;100.00;;"
9985 [140042433455808] INFO perfrun.perfcollector <> - PERF_STAT : "     3.453955058;CPU10;71164;;UNC_M_CAS_COUNT.RD[UNIT4];10334378;100.00;;"
9985 [140042433455808] INFO perfrun.perfcollector <> - PERF_STAT : "     3.453955058;CPU0;367;;UNC_M_CAS_COUNT.RD[UNIT5];10340391;100.00;;"
9985 [140042433455808] INFO perfrun.perfcollector <> - PERF_STAT : "     3.453955058;CPU10;70591;;UNC_M_CAS_COUNT.RD[UNIT5];10334110;100.00;;"
9985 [140042433455808] INFO perfrun.perfcollector <> - PERF_STAT : "     3.453955058;CPU0;20;;UNC_M_CAS_COUNT.WR[UNIT0];10340084;100.00;;"
9985 [140042433455808] INFO perfrun.perfcollector <> - PERF_STAT : "     3.453955058;CPU10;70516;;UNC_M_CAS_COUNT.WR[UNIT0];10334203;100.00;;"
9985 [140042433455808] INFO perfrun.perfcollector <> - PERF_STAT : "     3.453955058;CPU0;59;;UNC_M_CAS_COUNT.WR[UNIT1];10340090;100.00;;"
9985 [140042433455808] INFO perfrun.perfcollector <> - PERF_STAT : "     3.453955058;CPU10;69961;;UNC_M_CAS_COUNT.WR[UNIT1];10334407;100.00;;"
9985 [140042433455808] INFO perfrun.perfcollector <> - PERF_STAT : "     3.453955058;CPU0;21;;UNC_M_CAS_COUNT.WR[UNIT4];10340150;100.00;;"
9985 [140042433455808] INFO perfrun.perfcollector <> - PERF_STAT : "     3.453955058;CPU10;70434;;UNC_M_CAS_COUNT.WR[UNIT4];10334704;100.00;;"
9985 [140042433455808] INFO perfrun.perfcollector <> - PERF_STAT : "     3.453955058;CPU0;71;;UNC_M_CAS_COUNT.WR[UNIT5];10340148;100.00;;"
9985 [140042433455808] INFO perfrun.perfcollector <> - PERF_STAT : "     3.453955058;CPU10;69944;;UNC_M_CAS_COUNT.WR[UNIT5];10334758;100.00;;"
9995 [140042433455808] INFO perfrun.perfcollector <> - PERF_STAT : "     3.464289412;CPU0;1071;;UNC_M_CAS_COUNT.RD[UNIT0];10332369;100.00;;"
9995 [140042433455808] INFO perfrun.perfcollector <> - PERF_STAT : "     3.464289412;CPU10;64223;;UNC_M_CAS_COUNT.RD[UNIT0];10333129;100.00;;"
9995 [140042433455808] INFO perfrun.perfcollector <> - PERF_STAT : "     3.464289412;CPU0;1030;;UNC_M_CAS_COUNT.RD[UNIT1];10332432;100.00;;"
9995 [140042433455808] INFO perfrun.perfcollector <> - PERF_STAT : "     3.464289412;CPU10;63674;;UNC_M_CAS_COUNT.RD[UNIT1];10333526;100.00;;"
9995 [140042433455808] INFO perfrun.perfcollector <> - PERF_STAT : "     3.464289412;CPU0;1105;;UNC_M_CAS_COUNT.RD[UNIT4];10332479;100.00;;"
9995 [140042433455808] INFO perfrun.perfcollector <> - PERF_STAT : "     3.464289412;CPU10;64210;;UNC_M_CAS_COUNT.RD[UNIT4];10333767;100.00;;"
9995 [140042433455808] INFO perfrun.perfcollector <> - PERF_STAT : "     3.464289412;CPU0;1093;;UNC_M_CAS_COUNT.RD[UNIT5];10332507;100.00;;"
9995 [140042433455808] INFO perfrun.perfcollector <> - PERF_STAT : "     3.464289412;CPU10;63613;;UNC_M_CAS_COUNT.RD[UNIT5];10333701;100.00;;"
9995 [140042433455808] INFO perfrun.perfcollector <> - PERF_STAT : "     3.464289412;CPU0;24;;UNC_M_CAS_COUNT.WR[UNIT0];10332605;100.00;;"
9995 [140042433455808] INFO perfrun.perfcollector <> - PERF_STAT : "     3.464289412;CPU10;64612;;UNC_M_CAS_COUNT.WR[UNIT0];10333780;100.00;;"
9995 [140042433455808] INFO perfrun.perfcollector <> - PERF_STAT : "     3.464289412;CPU0;46;;UNC_M_CAS_COUNT.WR[UNIT1];10332643;100.00;;"
9995 [140042433455808] INFO perfrun.perfcollector <> - PERF_STAT : "     3.464289412;CPU10;64156;;UNC_M_CAS_COUNT.WR[UNIT1];10333526;100.00;;"
9995 [140042433455808] INFO perfrun.perfcollector <> - PERF_STAT : "     3.464289412;CPU0;27;;UNC_M_CAS_COUNT.WR[UNIT4];10332623;100.00;;"
9995 [140042433455808] INFO perfrun.perfcollector <> - PERF_STAT : "     3.464289412;CPU10;64490;;UNC_M_CAS_COUNT.WR[UNIT4];10333171;100.00;;"
9995 [140042433455808] INFO perfrun.perfcollector <> - PERF_STAT : "     3.464289412;CPU0;53;;UNC_M_CAS_COUNT.WR[UNIT5];10332645;100.00;;"
9995 [140042433455808] INFO perfrun.perfcollector <> - PERF_STAT : "     3.464289412;CPU10;63913;;UNC_M_CAS_COUNT.WR[UNIT5];10333059;100.00;;"
10005 [140042433455808] INFO perfrun.perfcollector <> - PERF_STAT : "     3.474613935;CPU0;247;;UNC_M_CAS_COUNT.RD[UNIT0];10319786;100.00;;"
10005 [140042433455808] INFO perfrun.perfcollector <> - PERF_STAT : "     3.474613935;CPU10;30140;;UNC_M_CAS_COUNT.RD[UNIT0];10319267;100.00;;"
10005 [140042433455808] INFO perfrun.perfcollector <> - PERF_STAT : "     3.474613935;CPU0;304;;UNC_M_CAS_COUNT.RD[UNIT1];10319863;100.00;;"
10005 [140042433455808] INFO perfrun.perfcollector <> - PERF_STAT : "     3.474613935;CPU10;29599;;UNC_M_CAS_COUNT.RD[UNIT1];10317467;100.00;;"
10005 [140042433455808] INFO perfrun.perfcollector <> - PERF_STAT : "     3.474613935;CPU0;251;;UNC_M_CAS_COUNT.RD[UNIT4];10319880;100.00;;"
10005 [140042433455808] INFO perfrun.perfcollector <> - PERF_STAT : "     3.474613935;CPU10;30142;;UNC_M_CAS_COUNT.RD[UNIT4];10316879;100.00;;"
10005 [140042433455808] INFO perfrun.perfcollector <> - PERF_STAT : "     3.474613935;CPU0;302;;UNC_M_CAS_COUNT.RD[UNIT5];10319696;100.00;;"
10005 [140042433455808] INFO perfrun.perfcollector <> - PERF_STAT : "     3.474613935;CPU10;29606;;UNC_M_CAS_COUNT.RD[UNIT5];10316525;100.00;;"
10005 [140042433455808] INFO perfrun.perfcollector <> - PERF_STAT : "     3.474613935;CPU0;21;;UNC_M_CAS_COUNT.WR[UNIT0];10319603;100.00;;"
10005 [140042433455808] INFO perfrun.perfcollector <> - PERF_STAT : "     3.474613935;CPU10;29566;;UNC_M_CAS_COUNT.WR[UNIT0];10316147;100.00;;"
10005 [140042433455808] INFO perfrun.perfcollector <> - PERF_STAT : "     3.474613935;CPU0;58;;UNC_M_CAS_COUNT.WR[UNIT1];10319573;100.00;;"
10005 [140042433455808] INFO perfrun.perfcollector <> - PERF_STAT : "     3.474613935;CPU10;28995;;UNC_M_CAS_COUNT.WR[UNIT1];10315857;100.00;;"
10005 [140042433455808] INFO perfrun.perfcollector <> - PERF_STAT : "     3.474613935;CPU0;22;;UNC_M_CAS_COUNT.WR[UNIT4];10319532;100.00;;"
10005 [140042433455808] INFO perfrun.perfcollector <> - PERF_STAT : "     3.474613935;CPU10;29645;;UNC_M_CAS_COUNT.WR[UNIT4];10315561;100.00;;"
10005 [140042433455808] INFO perfrun.perfcollector <> - PERF_STAT : "     3.474613935;CPU0;52;;UNC_M_CAS_COUNT.WR[UNIT5];10319533;100.00;;"
10005 [140042433455808] INFO perfrun.perfcollector <> - PERF_STAT : "     3.474613935;CPU10;29042;;UNC_M_CAS_COUNT.WR[UNIT5];10315351;100.00;;"
10015 [140042433455808] INFO perfrun.perfcollector <> - PERF_STAT : "     3.484925176;CPU0;1518;;UNC_M_CAS_COUNT.RD[UNIT0];10309109;100.00;;"
10015 [140042433455808] INFO perfrun.perfcollector <> - PERF_STAT : "     3.484925176;CPU10;28982;;UNC_M_CAS_COUNT.RD[UNIT0];10307730;100.00;;"
10015 [140042433455808] INFO perfrun.perfcollector <> - PERF_STAT : "     3.484925176;CPU0;1773;;UNC_M_CAS_COUNT.RD[UNIT1];10308915;100.00;;"
10016 [140042433455808] INFO perfrun.perfcollector <> - PERF_STAT : "     3.484925176;CPU10;28454;;UNC_M_CAS_COUNT.RD[UNIT1];10307573;100.00;;"
10016 [140042433455808] INFO perfrun.perfcollector <> - PERF_STAT : "     3.484925176;CPU0;1458;;UNC_M_CAS_COUNT.RD[UNIT4];10308962;100.00;;"
10016 [140042433455808] INFO perfrun.perfcollector <> - PERF_STAT : "     3.484925176;CPU10;28999;;UNC_M_CAS_COUNT.RD[UNIT4];10307828;100.00;;"
10016 [140042433455808] INFO perfrun.perfcollector <> - PERF_STAT : "     3.484925176;CPU0;1641;;UNC_M_CAS_COUNT.RD[UNIT5];10309005;100.00;;"
10016 [140042433455808] INFO perfrun.perfcollector <> - PERF_STAT : "     3.484925176;CPU10;28465;;UNC_M_CAS_COUNT.RD[UNIT5];10307771;100.00;;"
10016 [140042433455808] INFO perfrun.perfcollector <> - PERF_STAT : "     3.484925176;CPU0;176;;UNC_M_CAS_COUNT.WR[UNIT0];10309018;100.00;;"
10016 [140042433455808] INFO perfrun.perfcollector <> - PERF_STAT : "     3.484925176;CPU10;28098;;UNC_M_CAS_COUNT.WR[UNIT0];10307621;100.00;;"
10016 [140042433455808] INFO perfrun.perfcollector <> - PERF_STAT : "     3.484925176;CPU0;216;;UNC_M_CAS_COUNT.WR[UNIT1];10309008;100.00;;"
10016 [140042433455808] INFO perfrun.perfcollector <> - PERF_STAT : "     3.484925176;CPU10;27568;;UNC_M_CAS_COUNT.WR[UNIT1];10307754;100.00;;"
10016 [140042433455808] INFO perfrun.perfcollector <> - PERF_STAT : "     3.484925176;CPU0;158;;UNC_M_CAS_COUNT.WR[UNIT4];10309146;100.00;;"
10016 [140042433455808] INFO perfrun.perfcollector <> - PERF_STAT : "     3.484925176;CPU10;28081;;UNC_M_CAS_COUNT.WR[UNIT4];10307743;100.00;;"
10016 [140042433455808] INFO perfrun.perfcollector <> - PERF_STAT : "     3.484925176;CPU0;241;;UNC_M_CAS_COUNT.WR[UNIT5];10309082;100.00;;"
10016 [140042433455808] INFO perfrun.perfcollector <> - PERF_STAT : "     3.484925176;CPU10;27507;;UNC_M_CAS_COUNT.WR[UNIT5];10307853;100.00;;"
10026 [140042433455808] INFO perfrun.perfcollector <> - PERF_STAT : "     3.495240477;CPU0;212;;UNC_M_CAS_COUNT.RD[UNIT0];10328429;100.00;;"
10026 [140042433455808] INFO perfrun.perfcollector <> - PERF_STAT : "     3.495240477;CPU10;30111;;UNC_M_CAS_COUNT.RD[UNIT0];10297975;100.00;;"
10026 [140042433455808] INFO perfrun.perfcollector <> - PERF_STAT : "     3.495240477;CPU0;271;;UNC_M_CAS_COUNT.RD[UNIT1];10325643;100.00;;"
10026 [140042433455808] INFO perfrun.perfcollector <> - PERF_STAT : "     3.495240477;CPU10;29552;;UNC_M_CAS_COUNT.RD[UNIT1];10298025;100.00;;"
10026 [140042433455808] INFO perfrun.perfcollector <> - PERF_STAT : "     3.495240477;CPU0;207;;UNC_M_CAS_COUNT.RD[UNIT4];10323582;100.00;;"
10026 [140042433455808] INFO perfrun.perfcollector <> - PERF_STAT : "     3.495240477;CPU10;30091;;UNC_M_CAS_COUNT.RD[UNIT4];10297847;100.00;;"
10026 [140042433455808] INFO perfrun.perfcollector <> - PERF_STAT : "     3.495240477;CPU0;272;;UNC_M_CAS_COUNT.RD[UNIT5];10321731;100.00;;"
10026 [140042433455808] INFO perfrun.perfcollector <> - PERF_STAT : "     3.495240477;CPU10;29545;;UNC_M_CAS_COUNT.RD[UNIT5];10297806;100.00;;"
10026 [140042433455808] INFO perfrun.perfcollector <> - PERF_STAT : "     3.495240477;CPU0;115;;UNC_M_CAS_COUNT.WR[UNIT0];10319854;100.00;;"
10026 [140042433455808] INFO perfrun.perfcollector <> - PERF_STAT : "     3.495240477;CPU10;24381;;UNC_M_CAS_COUNT.WR[UNIT0];10297910;100.00;;"
10026 [140042433455808] INFO perfrun.perfcollector <> - PERF_STAT : "     3.495240477;CPU0;150;;UNC_M_CAS_COUNT.WR[UNIT1];10317968;100.00;;"
10026 [140042433455808] INFO perfrun.perfcollector <> - PERF_STAT : "     3.495240477;CPU10;23861;;UNC_M_CAS_COUNT.WR[UNIT1];10297859;100.00;;"
10026 [140042433455808] INFO perfrun.perfcollector <> - PERF_STAT : "     3.495240477;CPU0;118;;UNC_M_CAS_COUNT.WR[UNIT4];10315976;100.00;;"
10026 [140042433455808] INFO perfrun.perfcollector <> - PERF_STAT : "     3.495240477;CPU10;24373;;UNC_M_CAS_COUNT.WR[UNIT4];10297850;100.00;;"
10026 [140042433455808] INFO perfrun.perfcollector <> - PERF_STAT : "     3.495240477;CPU0;165;;UNC_M_CAS_COUNT.WR[UNIT5];10314167;100.00;;"
10026 [140042433455808] INFO perfrun.perfcollector <> - PERF_STAT : "     3.495240477;CPU10;24099;;UNC_M_CAS_COUNT.WR[UNIT5];10297700;100.00;;"
10036 [140042433455808] INFO perfrun.perfcollector <> - PERF_STAT : "     3.505531708;CPU0;173;;UNC_M_CAS_COUNT.RD[UNIT0];10280032;100.00;;"
10036 [140042433455808] INFO perfrun.perfcollector <> - PERF_STAT : "     3.505531708;CPU10;30164;;UNC_M_CAS_COUNT.RD[UNIT0];10310309;100.00;;"
10036 [140042433455808] INFO perfrun.perfcollector <> - PERF_STAT : "     3.505531708;CPU0;204;;UNC_M_CAS_COUNT.RD[UNIT1];10282838;100.00;;"
10036 [140042433455808] INFO perfrun.perfcollector <> - PERF_STAT : "     3.505531708;CPU10;29604;;UNC_M_CAS_COUNT.RD[UNIT1];10310242;100.00;;"
10036 [140042433455808] INFO perfrun.perfcollector <> - PERF_STAT : "     3.505531708;CPU0;171;;UNC_M_CAS_COUNT.RD[UNIT4];10284738;100.00;;"
10036 [140042433455808] INFO perfrun.perfcollector <> - PERF_STAT : "     3.505531708;CPU10;30158;;UNC_M_CAS_COUNT.RD[UNIT4];10310105;100.00;;"
10036 [140042433455808] INFO perfrun.perfcollector <> - PERF_STAT : "     3.505531708;CPU0;217;;UNC_M_CAS_COUNT.RD[UNIT5];10286543;100.00;;"
10036 [140042433455808] INFO perfrun.perfcollector <> - PERF_STAT : "     3.505531708;CPU10;29599;;UNC_M_CAS_COUNT.RD[UNIT5];10310120;100.00;;"
10036 [140042433455808] INFO perfrun.perfcollector <> - PERF_STAT : "     3.505531708;CPU0;65;;UNC_M_CAS_COUNT.WR[UNIT0];10288441;100.00;;"
10036 [140042433455808] INFO perfrun.perfcollector <> - PERF_STAT : "     3.505531708;CPU10;10502;;UNC_M_CAS_COUNT.WR[UNIT0];10310016;100.00;;"
10036 [140042433455808] INFO perfrun.perfcollector <> - PERF_STAT : "     3.505531708;CPU0;101;;UNC_M_CAS_COUNT.WR[UNIT1];10290423;100.00;;"
10036 [140042433455808] INFO perfrun.perfcollector <> - PERF_STAT : "     3.505531708;CPU10;10035;;UNC_M_CAS_COUNT.WR[UNIT1];10310078;100.00;;"
10036 [140042433455808] INFO perfrun.perfcollector <> - PERF_STAT : "     3.505531708;CPU0;63;;UNC_M_CAS_COUNT.WR[UNIT4];10292284;100.00;;"
10036 [140042433455808] INFO perfrun.perfcollector <> - PERF_STAT : "     3.505531708;CPU10;10510;;UNC_M_CAS_COUNT.WR[UNIT4];10310080;100.00;;"
10036 [140042433455808] INFO perfrun.perfcollector <> - PERF_STAT : "     3.505531708;CPU0;110;;UNC_M_CAS_COUNT.WR[UNIT5];10294304;100.00;;"
10036 [140042433455808] INFO perfrun.perfcollector <> - PERF_STAT : "     3.505531708;CPU10;9839;;UNC_M_CAS_COUNT.WR[UNIT5];10310089;100.00;;"
10046 [140042433455808] INFO perfrun.perfcollector <> - PERF_STAT : "     3.515841377;CPU0;303;;UNC_M_CAS_COUNT.RD[UNIT0];10305911;100.00;;"
10046 [140042433455808] INFO perfrun.perfcollector <> - PERF_STAT : "     3.515841377;CPU10;30323;;UNC_M_CAS_COUNT.RD[UNIT0];10305629;100.00;;"
10046 [140042433455808] INFO perfrun.perfcollector <> - PERF_STAT : "     3.515841377;CPU0;330;;UNC_M_CAS_COUNT.RD[UNIT1];10306055;100.00;;"
10046 [140042433455808] INFO perfrun.perfcollector <> - PERF_STAT : "     3.515841377;CPU10;29821;;UNC_M_CAS_COUNT.RD[UNIT1];10305913;100.00;;"
10046 [140042433455808] INFO perfrun.perfcollector <> - PERF_STAT : "     3.515841377;CPU0;300;;UNC_M_CAS_COUNT.RD[UNIT4];10306169;100.00;;"
10046 [140042433455808] INFO perfrun.perfcollector <> - PERF_STAT : "     3.515841377;CPU10;30336;;UNC_M_CAS_COUNT.RD[UNIT4];10305914;100.00;;"
10046 [140042433455808] INFO perfrun.perfcollector <> - PERF_STAT : "     3.515841377;CPU0;358;;UNC_M_CAS_COUNT.RD[UNIT5];10306235;100.00;;"
10046 [140042433455808] INFO perfrun.perfcollector <> - PERF_STAT : "     3.515841377;CPU10;29828;;UNC_M_CAS_COUNT.RD[UNIT5];10305924;100.00;;"
10046 [140042433455808] INFO perfrun.perfcollector <> - PERF_STAT : "     3.515841377;CPU0;121;;UNC_M_CAS_COUNT.WR[UNIT0];10306211;100.00;;"
10046 [140042433455808] INFO perfrun.perfcollector <> - PERF_STAT : "     3.515841377;CPU10;3507;;UNC_M_CAS_COUNT.WR[UNIT0];10305933;100.00;;"
10046 [140042433455808] INFO perfrun.perfcollector <> - PERF_STAT : "     3.515841377;CPU0;156;;UNC_M_CAS_COUNT.WR[UNIT1];10306118;100.00;;"
10047 [140042433455808] INFO perfrun.perfcollector <> - PERF_STAT : "     3.515841377;CPU10;2850;;UNC_M_CAS_COUNT.WR[UNIT1];10305776;100.00;;"
10047 [140042433455808] INFO perfrun.perfcollector <> - PERF_STAT : "     3.515841377;CPU0;123;;UNC_M_CAS_COUNT.WR[UNIT4];10306129;100.00;;"
10047 [140042433455808] INFO perfrun.perfcollector <> - PERF_STAT : "     3.515841377;CPU10;3505;;UNC_M_CAS_COUNT.WR[UNIT4];10305819;100.00;;"
10047 [140042433455808] INFO perfrun.perfcollector <> - PERF_STAT : "     3.515841377;CPU0;132;;UNC_M_CAS_COUNT.WR[UNIT5];10305981;100.00;;"
10047 [140042433455808] INFO perfrun.perfcollector <> - PERF_STAT : "     3.515841377;CPU10;2889;;UNC_M_CAS_COUNT.WR[UNIT5];10305814;100.00;;"
10057 [140042433455808] INFO perfrun.perfcollector <> - PERF_STAT : "     3.526123140;CPU0;420;;UNC_M_CAS_COUNT.RD[UNIT0];10282062;100.00;;"
10057 [140042433455808] INFO perfrun.perfcollector <> - PERF_STAT : "     3.526123140;CPU10;30283;;UNC_M_CAS_COUNT.RD[UNIT0];10296548;100.00;;"
10057 [140042433455808] INFO perfrun.perfcollector <> - PERF_STAT : "     3.526123140;CPU0;471;;UNC_M_CAS_COUNT.RD[UNIT1];10287926;100.00;;"
10057 [140042433455808] INFO perfrun.perfcollector <> - PERF_STAT : "     3.526123140;CPU10;29699;;UNC_M_CAS_COUNT.RD[UNIT1];10296565;100.00;;"
10057 [140042433455808] INFO perfrun.perfcollector <> - PERF_STAT : "     3.526123140;CPU0;468;;UNC_M_CAS_COUNT.RD[UNIT4];10287832;100.00;;"
10057 [140042433455808] INFO perfrun.perfcollector <> - PERF_STAT : "     3.526123140;CPU10;30258;;UNC_M_CAS_COUNT.RD[UNIT4];10296806;100.00;;"
10057 [140042433455808] INFO perfrun.perfcollector <> - PERF_STAT : "     3.526123140;CPU0;500;;UNC_M_CAS_COUNT.RD[UNIT5];10287806;100.00;;"
10057 [140042433455808] INFO perfrun.perfcollector <> - PERF_STAT : "     3.526123140;CPU10;29750;;UNC_M_CAS_COUNT.RD[UNIT5];10296993;100.00;;"
10057 [140042433455808] INFO perfrun.perfcollector <> - PERF_STAT : "     3.526123140;CPU0;49;;UNC_M_CAS_COUNT.WR[UNIT0];10295642;100.00;;"
10057 [140042433455808] INFO perfrun.perfcollector <> - PERF_STAT : "     3.526123140;CPU10;1179;;UNC_M_CAS_COUNT.WR[UNIT0];10297170;100.00;;"
10057 [140042433455808] INFO perfrun.perfcollector <> - PERF_STAT : "     3.526123140;CPU0;106;;UNC_M_CAS_COUNT.WR[UNIT1];10295635;100.00;;"
10057 [140042433455808] INFO perfrun.perfcollector <> - PERF_STAT : "     3.526123140;CPU10;635;;UNC_M_CAS_COUNT.WR[UNIT1];10297531;100.00;;"
10057 [140042433455808] INFO perfrun.perfcollector <> - PERF_STAT : "     3.526123140;CPU0;54;;UNC_M_CAS_COUNT.WR[UNIT4];10295637;100.00;;"
10057 [140042433455808] INFO perfrun.perfcollector <> - PERF_STAT : "     3.526123140;CPU10;1199;;UNC_M_CAS_COUNT.WR[UNIT4];10297706;100.00;;"
10057 [140042433455808] INFO perfrun.perfcollector <> - PERF_STAT : "     3.526123140;CPU0;105;;UNC_M_CAS_COUNT.WR[UNIT5];10295761;100.00;;"
10057 [140042433455808] INFO perfrun.perfcollector <> - PERF_STAT : "     3.526123140;CPU10;688;;UNC_M_CAS_COUNT.WR[UNIT5];10298083;100.00;;"
10067 [140042433455808] INFO perfrun.perfcollector <> - PERF_STAT : "     3.536455464;CPU0;1532;;UNC_M_CAS_COUNT.RD[UNIT0];10332828;100.00;;"
10067 [140042433455808] INFO perfrun.perfcollector <> - PERF_STAT : "     3.536455464;CPU10;30767;;UNC_M_CAS_COUNT.RD[UNIT0];10319767;100.00;;"
10067 [140042433455808] INFO perfrun.perfcollector <> - PERF_STAT : "     3.536455464;CPU0;1656;;UNC_M_CAS_COUNT.RD[UNIT1];10326947;100.00;;"
10067 [140042433455808] INFO perfrun.perfcollector <> - PERF_STAT : "     3.536455464;CPU10;30048;;UNC_M_CAS_COUNT.RD[UNIT1];10319616;100.00;;"
10067 [140042433455808] INFO perfrun.perfcollector <> - PERF_STAT : "     3.536455464;CPU0;1530;;UNC_M_CAS_COUNT.RD[UNIT4];10326967;100.00;;"
10067 [140042433455808] INFO perfrun.perfcollector <> - PERF_STAT : "     3.536455464;CPU10;30674;;UNC_M_CAS_COUNT.RD[UNIT4];10319515;100.00;;"
10067 [140042433455808] INFO perfrun.perfcollector <> - PERF_STAT : "     3.536455464;CPU0;1593;;UNC_M_CAS_COUNT.RD[UNIT5];10327036;100.00;;"
10067 [140042433455808] INFO perfrun.perfcollector <> - PERF_STAT : "     3.536455464;CPU10;30090;;UNC_M_CAS_COUNT.RD[UNIT5];10319316;100.00;;"
10067 [140042433455808] INFO perfrun.perfcollector <> - PERF_STAT : "     3.536455464;CPU0;103;;UNC_M_CAS_COUNT.WR[UNIT0];10319342;100.00;;"
10067 [140042433455808] INFO perfrun.perfcollector <> - PERF_STAT : "     3.536455464;CPU10;704;;UNC_M_CAS_COUNT.WR[UNIT0];10319443;100.00;;"
10067 [140042433455808] INFO perfrun.perfcollector <> - PERF_STAT : "     3.536455464;CPU0;213;;UNC_M_CAS_COUNT.WR[UNIT1];10319342;100.00;;"
10067 [140042433455808] INFO perfrun.perfcollector <> - PERF_STAT : "     3.536455464;CPU10;184;;UNC_M_CAS_COUNT.WR[UNIT1];10319101;100.00;;"
10067 [140042433455808] INFO perfrun.perfcollector <> - PERF_STAT : "     3.536455464;CPU0;86;;UNC_M_CAS_COUNT.WR[UNIT4];10319342;100.00;;"
10067 [140042433455808] INFO perfrun.perfcollector <> - PERF_STAT : "     3.536455464;CPU10;691;;UNC_M_CAS_COUNT.WR[UNIT4];10318916;100.00;;"
10067 [140042433455808] INFO perfrun.perfcollector <> - PERF_STAT : "     3.536455464;CPU0;188;;UNC_M_CAS_COUNT.WR[UNIT5];10319179;100.00;;"
10067 [140042433455808] INFO perfrun.perfcollector <> - PERF_STAT : "     3.536455464;CPU10;169;;UNC_M_CAS_COUNT.WR[UNIT5];10318548;100.00;;"
10077 [140042433455808] INFO perfrun.perfcollector <> - PERF_STAT : "     3.546771258;CPU0;1415;;UNC_M_CAS_COUNT.RD[UNIT0];10315499;100.00;;"
10077 [140042433455808] INFO perfrun.perfcollector <> - PERF_STAT : "     3.546771258;CPU10;29076;;UNC_M_CAS_COUNT.RD[UNIT0];10313674;100.00;;"
10077 [140042433455808] INFO perfrun.perfcollector <> - PERF_STAT : "     3.546771258;CPU0;1630;;UNC_M_CAS_COUNT.RD[UNIT1];10315329;100.00;;"
10077 [140042433455808] INFO perfrun.perfcollector <> - PERF_STAT : "     3.546771258;CPU10;28529;;UNC_M_CAS_COUNT.RD[UNIT1];10313738;100.00;;"
10077 [140042433455808] INFO perfrun.perfcollector <> - PERF_STAT : "     3.546771258;CPU0;1387;;UNC_M_CAS_COUNT.RD[UNIT4];10315370;100.00;;"
10077 [140042433455808] INFO perfrun.perfcollector <> - PERF_STAT : "     3.546771258;CPU10;29070;;UNC_M_CAS_COUNT.RD[UNIT4];10313769;100.00;;"
10077 [140042433455808] INFO perfrun.perfcollector <> - PERF_STAT : "     3.546771258;CPU0;1576;;UNC_M_CAS_COUNT.RD[UNIT5];10315463;100.00;;"
10077 [140042433455808] INFO perfrun.perfcollector <> - PERF_STAT : "     3.546771258;CPU10;28524;;UNC_M_CAS_COUNT.RD[UNIT5];10313768;100.00;;"
10077 [140042433455808] INFO perfrun.perfcollector <> - PERF_STAT : "     3.546771258;CPU0;82;;UNC_M_CAS_COUNT.WR[UNIT0];10315359;100.00;;"
10077 [140042433455808] INFO perfrun.perfcollector <> - PERF_STAT : "     3.546771258;CPU10;674;;UNC_M_CAS_COUNT.WR[UNIT0];10313450;100.00;;"
10077 [140042433455808] INFO perfrun.perfcollector <> - PERF_STAT : "     3.546771258;CPU0;145;;UNC_M_CAS_COUNT.WR[UNIT1];10315416;100.00;;"
10077 [140042433455808] INFO perfrun.perfcollector <> - PERF_STAT : "     3.546771258;CPU10;154;;UNC_M_CAS_COUNT.WR[UNIT1];10313438;100.00;;"
10077 [140042433455808] INFO perfrun.perfcollector <> - PERF_STAT : "     3.546771258;CPU0;88;;UNC_M_CAS_COUNT.WR[UNIT4];10315413;100.00;;"
10077 [140042433455808] INFO perfrun.perfcollector <> - PERF_STAT : "     3.546771258;CPU10;678;;UNC_M_CAS_COUNT.WR[UNIT4];10313580;100.00;;"
10077 [140042433455808] INFO perfrun.perfcollector <> - PERF_STAT : "     3.546771258;CPU0;159;;UNC_M_CAS_COUNT.WR[UNIT5];10315510;100.00;;"
10078 [140042433455808] INFO perfrun.perfcollector <> - PERF_STAT : "     3.546771258;CPU10;137;;UNC_M_CAS_COUNT.WR[UNIT5];10313773;100.00;;"
10088 [140042433455808] INFO perfrun.perfcollector <> - PERF_STAT : "     3.557084274;CPU0;166;;UNC_M_CAS_COUNT.RD[UNIT0];10299228;100.00;;"
10088 [140042433455808] INFO perfrun.perfcollector <> - PERF_STAT : "     3.557084274;CPU10;30036;;UNC_M_CAS_COUNT.RD[UNIT0];10269775;100.00;;"
10088 [140042433455808] INFO perfrun.perfcollector <> - PERF_STAT : "     3.557084274;CPU0;226;;UNC_M_CAS_COUNT.RD[UNIT1];10296478;100.00;;"
10088 [140042433455808] INFO perfrun.perfcollector <> - PERF_STAT : "     3.557084274;CPU10;29507;;UNC_M_CAS_COUNT.RD[UNIT1];10269687;100.00;;"
10088 [140042433455808] INFO perfrun.perfcollector <> - PERF_STAT : "     3.557084274;CPU0;147;;UNC_M_CAS_COUNT.RD[UNIT4];10294557;100.00;;"
10088 [140042433455808] INFO perfrun.perfcollector <> - PERF_STAT : "     3.557084274;CPU10;30012;;UNC_M_CAS_COUNT.RD[UNIT4];10269681;100.00;;"
10088 [140042433455808] INFO perfrun.perfcollector <> - PERF_STAT : "     3.557084274;CPU0;251;;UNC_M_CAS_COUNT.RD[UNIT5];10292684;100.00;;"
10088 [140042433455808] INFO perfrun.perfcollector <> - PERF_STAT : "     3.557084274;CPU10;29469;;UNC_M_CAS_COUNT.RD[UNIT5];10269936;100.00;;"
10088 [140042433455808] INFO perfrun.perfcollector <> - PERF_STAT : "     3.557084274;CPU0;114;;UNC_M_CAS_COUNT.WR[UNIT0];10290896;100.00;;"
10088 [140042433455808] INFO perfrun.perfcollector <> - PERF_STAT : "     3.557084274;CPU10;705;;UNC_M_CAS_COUNT.WR[UNIT0];10269926;100.00;;"
10088 [140042433455808] INFO perfrun.perfcollector <> - PERF_STAT : "     3.557084274;CPU0;191;;UNC_M_CAS_COUNT.WR[UNIT1];10288972;100.00;;"
10088 [140042433455808] INFO perfrun.perfcollector <> - PERF_STAT : "     3.557084274;CPU10;156;;UNC_M_CAS_COUNT.WR[UNIT1];10269890;100.00;;"
10088 [140042433455808] INFO perfrun.perfcollector <> - PERF_STAT : "     3.557084274;CPU0;116;;UNC_M_CAS_COUNT.WR[UNIT4];10287089;100.00;;"
10088 [140042433455808] INFO perfrun.perfcollector <> - PERF_STAT : "     3.557084274;CPU10;710;;UNC_M_CAS_COUNT.WR[UNIT4];10269719;100.00;;"
10088 [140042433455808] INFO perfrun.perfcollector <> - PERF_STAT : "     3.557084274;CPU0;180;;UNC_M_CAS_COUNT.WR[UNIT5];10285164;100.00;;"
10088 [140042433455808] INFO perfrun.perfcollector <> - PERF_STAT : "     3.557084274;CPU10;174;;UNC_M_CAS_COUNT.WR[UNIT5];10269504;100.00;;"
10098 [140042433455808] INFO perfrun.perfcollector <> - PERF_STAT : "     3.567360936;CPU0;588;;UNC_M_CAS_COUNT.RD[UNIT0];10288583;100.00;;"
10098 [140042433455808] INFO perfrun.perfcollector <> - PERF_STAT : "     3.567360936;CPU10;29852;;UNC_M_CAS_COUNT.RD[UNIT0];10318938;100.00;;"
10098 [140042433455808] INFO perfrun.perfcollector <> - PERF_STAT : "     3.567360936;CPU0;608;;UNC_M_CAS_COUNT.RD[UNIT1];10291363;100.00;;"
10098 [140042433455808] INFO perfrun.perfcollector <> - PERF_STAT : "     3.567360936;CPU10;29304;;UNC_M_CAS_COUNT.RD[UNIT1];10318930;100.00;;"
10098 [140042433455808] INFO perfrun.perfcollector <> - PERF_STAT : "     3.567360936;CPU0;537;;UNC_M_CAS_COUNT.RD[UNIT4];10293233;100.00;;"
10098 [140042433455808] INFO perfrun.perfcollector <> - PERF_STAT : "     3.567360936;CPU10;29873;;UNC_M_CAS_COUNT.RD[UNIT4];10318792;100.00;;"
10098 [140042433455808] INFO perfrun.perfcollector <> - PERF_STAT : "     3.567360936;CPU0;621;;UNC_M_CAS_COUNT.RD[UNIT5];10294910;100.00;;"
10098 [140042433455808] INFO perfrun.perfcollector <> - PERF_STAT : "     3.567360936;CPU10;29313;;UNC_M_CAS_COUNT.RD[UNIT5];10318679;100.00;;"
10098 [140042433455808] INFO perfrun.perfcollector <> - PERF_STAT : "     3.567360936;CPU0;234;;UNC_M_CAS_COUNT.WR[UNIT0];10296855;100.00;;"
10098 [140042433455808] INFO perfrun.perfcollector <> - PERF_STAT : "     3.567360936;CPU10;748;;UNC_M_CAS_COUNT.WR[UNIT0];10318821;100.00;;"
10098 [140042433455808] INFO perfrun.perfcollector <> - PERF_STAT : "     3.567360936;CPU0;244;;UNC_M_CAS_COUNT.WR[UNIT1];10298918;100.00;;"
10098 [140042433455808] INFO perfrun.perfcollector <> - PERF_STAT : "     3.567360936;CPU10;218;;UNC_M_CAS_COUNT.WR[UNIT1];10319190;100.00;;"
10098 [140042433455808] INFO perfrun.perfcollector <> - PERF_STAT : "     3.567360936;CPU0;218;;UNC_M_CAS_COUNT.WR[UNIT4];10300801;100.00;;"
10098 [140042433455808] INFO perfrun.perfcollector <> - PERF_STAT : "     3.567360936;CPU10;756;;UNC_M_CAS_COUNT.WR[UNIT4];10319345;100.00;;"
10098 [140042433455808] INFO perfrun.perfcollector <> - PERF_STAT : "     3.567360936;CPU0;270;;UNC_M_CAS_COUNT.WR[UNIT5];10302653;100.00;;"
10098 [140042433455808] INFO perfrun.perfcollector <> - PERF_STAT : "     3.567360936;CPU10;215;;UNC_M_CAS_COUNT.WR[UNIT5];10319368;100.00;;"
10108 [140042433455808] INFO perfrun.perfcollector <> - PERF_STAT : "     3.577670875;CPU0;120;;UNC_M_CAS_COUNT.RD[UNIT0];10312442;100.00;;"
10108 [140042433455808] INFO perfrun.perfcollector <> - PERF_STAT : "     3.577670875;CPU10;29952;;UNC_M_CAS_COUNT.RD[UNIT0];10297185;100.00;;"
10108 [140042433455808] INFO perfrun.perfcollector <> - PERF_STAT : "     3.577670875;CPU0;149;;UNC_M_CAS_COUNT.RD[UNIT1];10324620;100.00;;"
10108 [140042433455808] INFO perfrun.perfcollector <> - PERF_STAT : "     3.577670875;CPU10;29388;;UNC_M_CAS_COUNT.RD[UNIT1];10297019;100.00;;"
10108 [140042433455808] INFO perfrun.perfcollector <> - PERF_STAT : "     3.577670875;CPU0;120;;UNC_M_CAS_COUNT.RD[UNIT4];10322716;100.00;;"
10108 [140042433455808] INFO perfrun.perfcollector <> - PERF_STAT : "     3.577670875;CPU10;29931;;UNC_M_CAS_COUNT.RD[UNIT4];10296982;100.00;;"
10108 [140042433455808] INFO perfrun.perfcollector <> - PERF_STAT : "     3.577670875;CPU0;156;;UNC_M_CAS_COUNT.RD[UNIT5];10320905;100.00;;"
10108 [140042433455808] INFO perfrun.perfcollector <> - PERF_STAT : "     3.577670875;CPU10;29405;;UNC_M_CAS_COUNT.RD[UNIT5];10296941;100.00;;"
10108 [140042433455808] INFO perfrun.perfcollector <> - PERF_STAT : "     3.577670875;CPU0;121;;UNC_M_CAS_COUNT.WR[UNIT0];10318838;100.00;;"
10108 [140042433455808] INFO perfrun.perfcollector <> - PERF_STAT : "     3.577670875;CPU10;664;;UNC_M_CAS_COUNT.WR[UNIT0];10296963;100.00;;"
10108 [140042433455808] INFO perfrun.perfcollector <> - PERF_STAT : "     3.577670875;CPU0;144;;UNC_M_CAS_COUNT.WR[UNIT1];10316763;100.00;;"
10108 [140042433455808] INFO perfrun.perfcollector <> - PERF_STAT : "     3.577670875;CPU10;124;;UNC_M_CAS_COUNT.WR[UNIT1];10296597;100.00;;"
10108 [140042433455808] INFO perfrun.perfcollector <> - PERF_STAT : "     3.577670875;CPU0;123;;UNC_M_CAS_COUNT.WR[UNIT4];10314918;100.00;;"
10108 [140042433455808] INFO perfrun.perfcollector <> - PERF_STAT : "     3.577670875;CPU10;638;;UNC_M_CAS_COUNT.WR[UNIT4];10296437;100.00;;"
10108 [140042433455808] INFO perfrun.perfcollector <> - PERF_STAT : "     3.577670875;CPU0;151;;UNC_M_CAS_COUNT.WR[UNIT5];10313082;100.00;;"
10108 [140042433455808] INFO perfrun.perfcollector <> - PERF_STAT : "     3.577670875;CPU10;127;;UNC_M_CAS_COUNT.WR[UNIT5];10296592;100.00;;"
10118 [140042433455808] INFO perfrun.perfcollector <> - PERF_STAT : "     3.587967834;CPU0;290;;UNC_M_CAS_COUNT.RD[UNIT0];10293600;100.00;;"
10118 [140042433455808] INFO perfrun.perfcollector <> - PERF_STAT : "     3.587967834;CPU10;30113;;UNC_M_CAS_COUNT.RD[UNIT0];10291382;100.00;;"
10119 [140042433455808] INFO perfrun.perfcollector <> - PERF_STAT : "     3.587967834;CPU0;309;;UNC_M_CAS_COUNT.RD[UNIT1];10292158;100.00;;"
10119 [140042433455808] INFO perfrun.perfcollector <> - PERF_STAT : "     3.587967834;CPU10;29563;;UNC_M_CAS_COUNT.RD[UNIT1];10291403;100.00;;"
10119 [140042433455808] INFO perfrun.perfcollector <> - PERF_STAT : "     3.587967834;CPU0;290;;UNC_M_CAS_COUNT.RD[UNIT4];10292141;100.00;;"
10119 [140042433455808] INFO perfrun.perfcollector <> - PERF_STAT : "     3.587967834;CPU10;30108;;UNC_M_CAS_COUNT.RD[UNIT4];10291798;100.00;;"
10119 [140042433455808] INFO perfrun.perfcollector <> - PERF_STAT : "     3.587967834;CPU0;332;;UNC_M_CAS_COUNT.RD[UNIT5];10292143;100.00;;"
10119 [140042433455808] INFO perfrun.perfcollector <> - PERF_STAT : "     3.587967834;CPU10;29587;;UNC_M_CAS_COUNT.RD[UNIT5];10291686;100.00;;"
10119 [140042433455808] INFO perfrun.perfcollector <> - PERF_STAT : "     3.587967834;CPU0;138;;UNC_M_CAS_COUNT.WR[UNIT0];10292135;100.00;;"
10119 [140042433455808] INFO perfrun.perfcollector <> - PERF_STAT : "     3.587967834;CPU10;695;;UNC_M_CAS_COUNT.WR[UNIT0];10291647;100.00;;"
10119 [140042433455808] INFO perfrun.perfcollector <> - PERF_STAT : "     3.587967834;CPU0;164;;UNC_M_CAS_COUNT.WR[UNIT1];10292135;100.00;;"
10119 [140042433455808] INFO perfrun.perfcollector <> - PERF_STAT : "     3.587967834;CPU10;133;;UNC_M_CAS_COUNT.WR[UNIT1];10291778;100.00;;"
10119 [140042433455808] INFO perfrun.perfcollector <> - PERF_STAT : "     3.587967834;CPU0;113;;UNC_M_CAS_COUNT.WR[UNIT4];10292119;100.00;;"
10119 [140042433455808] INFO perfrun.perfcollector <> - PERF_STAT : "     3.587967834;CPU10;664;;UNC_M_CAS_COUNT.WR[UNIT4];10291782;100.00;;"
10119 [140042433455808] INFO perfrun.perfcollector <> - PERF_STAT : "     3.587967834;CPU0;159;;UNC_M_CAS_COUNT.WR[UNIT5];10292112;100.00;;"
10119 [140042433455808] INFO perfrun.perfcollector <> - PERF_STAT : "     3.587967834;CPU10;130;;UNC_M_CAS_COUNT.WR[UNIT5];10291605;100.00;;"
10129 [140042433455808] INFO perfrun.perfcollector <> - PERF_STAT : "     3.598260391;CPU0;192;;UNC_M_CAS_COUNT.RD[UNIT0];10270862;100.00;;"
10129 [140042433455808] INFO perfrun.perfcollector <> - PERF_STAT : "     3.598260391;CPU10;30013;;UNC_M_CAS_COUNT.RD[UNIT0];10257283;100.00;;"
10129 [140042433455808] INFO perfrun.perfcollector <> - PERF_STAT : "     3.598260391;CPU0;242;;UNC_M_CAS_COUNT.RD[UNIT1];10257309;100.00;;"
10129 [140042433455808] INFO perfrun.perfcollector <> - PERF_STAT : "     3.598260391;CPU10;29475;;UNC_M_CAS_COUNT.RD[UNIT1];10257276;100.00;;"
10129 [140042433455808] INFO perfrun.perfcollector <> - PERF_STAT : "     3.598260391;CPU0;207;;UNC_M_CAS_COUNT.RD[UNIT4];10257306;100.00;;"
10129 [140042433455808] INFO perfrun.perfcollector <> - PERF_STAT : "     3.598260391;CPU10;30020;;UNC_M_CAS_COUNT.RD[UNIT4];10256896;100.00;;"
10129 [140042433455808] INFO perfrun.perfcollector <> - PERF_STAT : "     3.598260391;CPU0;267;;UNC_M_CAS_COUNT.RD[UNIT5];10257259;100.00;;"
10129 [140042433455808] INFO perfrun.perfcollector <> - PERF_STAT : "     3.598260391;CPU10;29462;;UNC_M_CAS_COUNT.RD[UNIT5];10257025;100.00;;"
10129 [140042433455808] INFO perfrun.perfcollector <> - PERF_STAT : "     3.598260391;CPU0;268;;UNC_M_CAS_COUNT.WR[UNIT0];10257307;100.00;;"
10129 [140042433455808] INFO perfrun.perfcollector <> - PERF_STAT : "     3.598260391;CPU10;657;;UNC_M_CAS_COUNT.WR[UNIT0];10256901;100.00;;"
10129 [140042433455808] INFO perfrun.perfcollector <> - PERF_STAT : "     3.598260391;CPU0;258;;UNC_M_CAS_COUNT.WR[UNIT1];10257481;100.00;;"
10129 [140042433455808] INFO perfrun.perfcollector <> - PERF_STAT : "     3.598260391;CPU10;120;;UNC_M_CAS_COUNT.WR[UNIT1];10256814;100.00;;"
10129 [140042433455808] INFO perfrun.perfcollector <> - PERF_STAT : "     3.598260391;CPU0;239;;UNC_M_CAS_COUNT.WR[UNIT4];10257464;100.00;;"
10129 [140042433455808] INFO perfrun.perfcollector <> - PERF_STAT : "     3.598260391;CPU10;657;;UNC_M_CAS_COUNT.WR[UNIT4];10256843;100.00;;"
10129 [140042433455808] INFO perfrun.perfcollector <> - PERF_STAT : "     3.598260391;CPU0;279;;UNC_M_CAS_COUNT.WR[UNIT5];10257578;100.00;;"
10129 [140042433455808] INFO perfrun.perfcollector <> - PERF_STAT : "     3.598260391;CPU10;108;;UNC_M_CAS_COUNT.WR[UNIT5];10256835;100.00;;"
10139 [140042433455808] INFO perfrun.perfcollector <> - PERF_STAT : "     3.608517624;CPU0;173;;UNC_M_CAS_COUNT.RD[UNIT0];10284747;100.00;;"
10139 [140042433455808] INFO perfrun.perfcollector <> - PERF_STAT : "     3.608517624;CPU10;29970;;UNC_M_CAS_COUNT.RD[UNIT0];10301889;100.00;;"
10139 [140042433455808] INFO perfrun.perfcollector <> - PERF_STAT : "     3.608517624;CPU0;271;;UNC_M_CAS_COUNT.RD[UNIT1];10287630;100.00;;"
10139 [140042433455808] INFO perfrun.perfcollector <> - PERF_STAT : "     3.608517624;CPU10;29416;;UNC_M_CAS_COUNT.RD[UNIT1];10302158;100.00;;"
10139 [140042433455808] INFO perfrun.perfcollector <> - PERF_STAT : "     3.608517624;CPU0;156;;UNC_M_CAS_COUNT.RD[UNIT4];10301635;100.00;;"
10139 [140042433455808] INFO perfrun.perfcollector <> - PERF_STAT : "     3.608517624;CPU10;29948;;UNC_M_CAS_COUNT.RD[UNIT4];10302256;100.00;;"
10139 [140042433455808] INFO perfrun.perfcollector <> - PERF_STAT : "     3.608517624;CPU0;289;;UNC_M_CAS_COUNT.RD[UNIT5];10301769;100.00;;"
10139 [140042433455808] INFO perfrun.perfcollector <> - PERF_STAT : "     3.608517624;CPU10;29426;;UNC_M_CAS_COUNT.RD[UNIT5];10302124;100.00;;"
10139 [140042433455808] INFO perfrun.perfcollector <> - PERF_STAT : "     3.608517624;CPU0;54;;UNC_M_CAS_COUNT.WR[UNIT0];10301732;100.00;;"
10139 [140042433455808] INFO perfrun.perfcollector <> - PERF_STAT : "     3.608517624;CPU10;609;;UNC_M_CAS_COUNT.WR[UNIT0];10302241;100.00;;"
10139 [140042433455808] INFO perfrun.perfcollector <> - PERF_STAT : "     3.608517624;CPU0;143;;UNC_M_CAS_COUNT.WR[UNIT1];10301571;100.00;;"
10139 [140042433455808] INFO perfrun.perfcollector <> - PERF_STAT : "     3.608517624;CPU10;82;;UNC_M_CAS_COUNT.WR[UNIT1];10302188;100.00;;"
10139 [140042433455808] INFO perfrun.perfcollector <> - PERF_STAT : "     3.608517624;CPU0;59;;UNC_M_CAS_COUNT.WR[UNIT4];10301568;100.00;;"
10139 [140042433455808] INFO perfrun.perfcollector <> - PERF_STAT : "     3.608517624;CPU10;599;;UNC_M_CAS_COUNT.WR[UNIT4];10302166;100.00;;"
10139 [140042433455808] INFO perfrun.perfcollector <> - PERF_STAT : "     3.608517624;CPU0;139;;UNC_M_CAS_COUNT.WR[UNIT5];10301447;100.00;;"
10139 [140042433455808] INFO perfrun.perfcollector <> - PERF_STAT : "     3.608517624;CPU10;74;;UNC_M_CAS_COUNT.WR[UNIT5];10302162;100.00;;"
10149 [140042433455808] INFO perfrun.perfcollector <> - PERF_STAT : "     3.618817157;CPU0;14243;;UNC_M_CAS_COUNT.RD[UNIT0];10247115;100.00;;"
10150 [140042433455808] INFO perfrun.perfcollector <> - PERF_STAT : "     3.618817157;CPU10;35365;;UNC_M_CAS_COUNT.RD[UNIT0];10230229;100.00;;"
10150 [140042433455808] INFO perfrun.perfcollector <> - PERF_STAT : "     3.618817157;CPU0;15461;;UNC_M_CAS_COUNT.RD[UNIT1];10244700;100.00;;"
10150 [140042433455808] INFO perfrun.perfcollector <> - PERF_STAT : "     3.618817157;CPU10;35007;;UNC_M_CAS_COUNT.RD[UNIT1];10230128;100.00;;"
10150 [140042433455808] INFO perfrun.perfcollector <> - PERF_STAT : "     3.618817157;CPU0;14908;;UNC_M_CAS_COUNT.RD[UNIT4];10230878;100.00;;"
10150 [140042709390016] INFO perfrun.launcher <> - Launcher: the profiled application was terminated  with exit code = 0
10150 [140042433455808] INFO perfrun.perfcollector <> - PERF_STAT : "     3.618817157;CPU10;36139;;UNC_M_CAS_COUNT.RD[UNIT4];10230200;100.00;;"
10150 [140042433455808] INFO perfrun.perfcollector <> - PERF_STAT : "     3.618817157;CPU0;16540;;UNC_M_CAS_COUNT.RD[UNIT5];10230922;100.00;;"
10150 [140042433455808] INFO perfrun.perfcollector <> - PERF_STAT : "     3.618817157;CPU10;36482;;UNC_M_CAS_COUNT.RD[UNIT5];10230258;100.00;;"
10150 [140042433455808] INFO perfrun.perfcollector <> - PERF_STAT : "     3.618817157;CPU0;2976;;UNC_M_CAS_COUNT.WR[UNIT0];10231038;100.00;;"
10150 [140042433455808] INFO perfrun.perfcollector <> - PERF_STAT : "     3.618817157;CPU10;1090;;UNC_M_CAS_COUNT.WR[UNIT0];10230313;100.00;;"
10150 [140042433455808] INFO perfrun.perfcollector <> - PERF_STAT : "     3.618817157;CPU0;3285;;UNC_M_CAS_COUNT.WR[UNIT1];10231212;100.00;;"
10150 [140042433455808] INFO perfrun.perfcollector <> - PERF_STAT : "     3.618817157;CPU10;577;;UNC_M_CAS_COUNT.WR[UNIT1];10230463;100.00;;"
10150 [140042433455808] INFO perfrun.perfcollector <> - PERF_STAT : "     3.618817157;CPU0;3024;;UNC_M_CAS_COUNT.WR[UNIT4];10231474;100.00;;"
10150 [140042433455808] INFO perfrun.perfcollector <> - PERF_STAT : "     3.618817157;CPU10;1237;;UNC_M_CAS_COUNT.WR[UNIT4];10230651;100.00;;"
10150 [140042433455808] INFO perfrun.perfcollector <> - PERF_STAT : "     3.618817157;CPU0;3426;;UNC_M_CAS_COUNT.WR[UNIT5];10231612;100.00;;"
10150 [140042433455808] INFO perfrun.perfcollector <> - PERF_STAT : "     3.618817157;CPU10;714;;UNC_M_CAS_COUNT.WR[UNIT5];10230866;100.00;;"
10159 [140042552993472] INFO perfrun.itt <> - stop itt controller
10159 [140042552993472] INFO perfrun.itt <> - detach itt controller
10166 [140042433455808] INFO perfrun.perfcollector <> - PERF_STAT : "     3.629057131;CPU0;6603;;UNC_M_CAS_COUNT.RD[UNIT0];16322580;100.00;;"
10166 [140042433455808] INFO perfrun.perfcollector <> - PERF_STAT : "     3.629057131;CPU10;8802;;UNC_M_CAS_COUNT.RD[UNIT0];16336680;100.00;;"
10166 [140042433455808] INFO perfrun.perfcollector <> - PERF_STAT : "     3.629057131;CPU0;7423;;UNC_M_CAS_COUNT.RD[UNIT1];16322226;100.00;;"
10166 [140042433455808] INFO perfrun.perfcollector <> - PERF_STAT : "     3.629057131;CPU10;8122;;UNC_M_CAS_COUNT.RD[UNIT1];16339467;100.00;;"
10166 [140042433455808] INFO perfrun.perfcollector <> - PERF_STAT : "     3.629057131;CPU0;6594;;UNC_M_CAS_COUNT.RD[UNIT4];16322236;100.00;;"
10166 [140042433455808] INFO perfrun.perfcollector <> - PERF_STAT : "     3.629057131;CPU10;8643;;UNC_M_CAS_COUNT.RD[UNIT4];16341239;100.00;;"
10166 [140042433455808] INFO perfrun.perfcollector <> - PERF_STAT : "     3.629057131;CPU0;7735;;UNC_M_CAS_COUNT.RD[UNIT5];16322297;100.00;;"
10166 [140042433455808] INFO perfrun.perfcollector <> - PERF_STAT : "     3.629057131;CPU10;8848;;UNC_M_CAS_COUNT.RD[UNIT5];16343094;100.00;;"
10166 [140042433455808] INFO perfrun.perfcollector <> - PERF_STAT : "     3.629057131;CPU0;5999;;UNC_M_CAS_COUNT.WR[UNIT0];16322615;100.00;;"
10166 [140042433455808] INFO perfrun.perfcollector <> - PERF_STAT : "     3.629057131;CPU10;1211;;UNC_M_CAS_COUNT.WR[UNIT0];16344849;100.00;;"
10166 [140042433455808] INFO perfrun.perfcollector <> - PERF_STAT : "     3.629057131;CPU0;6808;;UNC_M_CAS_COUNT.WR[UNIT1];16322418;100.00;;"
10166 [140042433455808] INFO perfrun.perfcollector <> - PERF_STAT : "     3.629057131;CPU10;621;;UNC_M_CAS_COUNT.WR[UNIT1];16346573;100.00;;"
10166 [140042433455808] INFO perfrun.perfcollector <> - PERF_STAT : "     3.629057131;CPU0;5849;;UNC_M_CAS_COUNT.WR[UNIT4];16322357;100.00;;"
10166 [140042433455808] INFO perfrun.perfcollector <> - PERF_STAT : "     3.629057131;CPU10;1225;;UNC_M_CAS_COUNT.WR[UNIT4];16348252;100.00;;"
10166 [140042433455808] INFO perfrun.perfcollector <> - PERF_STAT : "     3.629057131;CPU0;6777;;UNC_M_CAS_COUNT.WR[UNIT5];16322485;100.00;;"
10166 [140042433455808] INFO perfrun.perfcollector <> - PERF_STAT : "     3.629057131;CPU10;861;;UNC_M_CAS_COUNT.WR[UNIT5];16349943;100.00;;"
10176 [140042433455808] INFO perfrun.perfcollector <> - PERF_STAT : "     3.645447299;CPU0;9015;;UNC_M_CAS_COUNT.RD[UNIT0];10322517;100.00;;"
10176 [140042433455808] INFO perfrun.perfcollector <> - PERF_STAT : "     3.645447299;CPU10;4646;;UNC_M_CAS_COUNT.RD[UNIT0];10336496;100.00;;"
10176 [140042433455808] INFO perfrun.perfcollector <> - PERF_STAT : "     3.645447299;CPU0;9226;;UNC_M_CAS_COUNT.RD[UNIT1];10329835;100.00;;"
10176 [140042433455808] INFO perfrun.perfcollector <> - PERF_STAT : "     3.645447299;CPU10;4362;;UNC_M_CAS_COUNT.RD[UNIT1];10339734;100.00;;"
10176 [140042433455808] INFO perfrun.perfcollector <> - PERF_STAT : "     3.645447299;CPU0;8856;;UNC_M_CAS_COUNT.RD[UNIT4];10329832;100.00;;"
10176 [140042433455808] INFO perfrun.perfcollector <> - PERF_STAT : "     3.645447299;CPU10;4828;;UNC_M_CAS_COUNT.RD[UNIT4];10338116;100.00;;"
10176 [140042433455808] INFO perfrun.perfcollector <> - PERF_STAT : "     3.645447299;CPU0;9146;;UNC_M_CAS_COUNT.RD[UNIT5];10329689;100.00;;"
10176 [140042433455808] INFO perfrun.perfcollector <> - PERF_STAT : "     3.645447299;CPU10;4545;;UNC_M_CAS_COUNT.RD[UNIT5];10336252;100.00;;"
10176 [140042433455808] INFO perfrun.perfcollector <> - PERF_STAT : "     3.645447299;CPU0;3773;;UNC_M_CAS_COUNT.WR[UNIT0];10329296;100.00;;"
10176 [140042433455808] INFO perfrun.perfcollector <> - PERF_STAT : "     3.645447299;CPU10;756;;UNC_M_CAS_COUNT.WR[UNIT0];10334615;100.00;;"
10176 [140042433455808] INFO perfrun.perfcollector <> - PERF_STAT : "     3.645447299;CPU0;4246;;UNC_M_CAS_COUNT.WR[UNIT1];10335485;100.00;;"
10176 [140042433455808] INFO perfrun.perfcollector <> - PERF_STAT : "     3.645447299;CPU10;427;;UNC_M_CAS_COUNT.WR[UNIT1];10339070;100.00;;"
10176 [140042433455808] INFO perfrun.perfcollector <> - PERF_STAT : "     3.645447299;CPU0;3829;;UNC_M_CAS_COUNT.WR[UNIT4];10335636;100.00;;"
10176 [140042433455808] INFO perfrun.perfcollector <> - PERF_STAT : "     3.645447299;CPU10;814;;UNC_M_CAS_COUNT.WR[UNIT4];10337436;100.00;;"
10176 [140042433455808] INFO perfrun.perfcollector <> - PERF_STAT : "     3.645447299;CPU0;4254;;UNC_M_CAS_COUNT.WR[UNIT5];10335436;100.00;;"
10176 [140042433455808] INFO perfrun.perfcollector <> - PERF_STAT : "     3.645447299;CPU10;412;;UNC_M_CAS_COUNT.WR[UNIT5];10335689;100.00;;"
10180 [140042399884992] INFO perfrun.perfcollector <> - Monitor: runCmd RC = true
10180 [140042552993472] INFO perfrun.perfcollector <> - Monitor: state = 3, error = 1
10182 [140042433455808] INFO perfrun.perfcollector <> - PERF_STAT : "     3.651279058;CPU0;4636;;UNC_M_CAS_COUNT.RD[UNIT0];5811064;100.00;;"
10182 [140042433455808] INFO perfrun.perfcollector <> - PERF_STAT : "     3.651279058;CPU10;2109;;UNC_M_CAS_COUNT.RD[UNIT0];5778758;100.00;;"
10182 [140042433455808] INFO perfrun.perfcollector <> - PERF_STAT : "     3.651279058;CPU0;4619;;UNC_M_CAS_COUNT.RD[UNIT1];5803202;100.00;;"
10182 [140042433455808] INFO perfrun.perfcollector <> - PERF_STAT : "     3.651279058;CPU10;1843;;UNC_M_CAS_COUNT.RD[UNIT1];5772111;100.00;;"
10182 [140042433455808] INFO perfrun.perfcollector <> - PERF_STAT : "     3.651279058;CPU0;4370;;UNC_M_CAS_COUNT.RD[UNIT4];5803017;100.00;;"
10182 [140042433455808] INFO perfrun.perfcollector <> - PERF_STAT : "     3.651279058;CPU10;2257;;UNC_M_CAS_COUNT.RD[UNIT4];5771897;100.00;;"
10182 [140042433455808] INFO perfrun.perfcollector <> - PERF_STAT : "     3.651279058;CPU0;4606;;UNC_M_CAS_COUNT.RD[UNIT5];5803086;100.00;;"
10182 [140042433455808] INFO perfrun.perfcollector <> - PERF_STAT : "     3.651279058;CPU10;1892;;UNC_M_CAS_COUNT.RD[UNIT5];5771900;100.00;;"
10182 [140042433455808] INFO perfrun.perfcollector <> - PERF_STAT : "     3.651279058;CPU0;1567;;UNC_M_CAS_COUNT.WR[UNIT0];5803204;100.00;;"
10182 [140042433455808] INFO perfrun.perfcollector <> - PERF_STAT : "     3.651279058;CPU10;479;;UNC_M_CAS_COUNT.WR[UNIT0];5771802;100.00;;"
10182 [140042433455808] INFO perfrun.perfcollector <> - PERF_STAT : "     3.651279058;CPU0;1757;;UNC_M_CAS_COUNT.WR[UNIT1];5797019;100.00;;"
10182 [140042433455808] INFO perfrun.perfcollector <> - PERF_STAT : "     3.651279058;CPU10;138;;UNC_M_CAS_COUNT.WR[UNIT1];5765560;100.00;;"
10182 [140042433455808] INFO perfrun.perfcollector <> - PERF_STAT : "     3.651279058;CPU0;1386;;UNC_M_CAS_COUNT.WR[UNIT4];5796713;100.00;;"
10182 [140042433455808] INFO perfrun.perfcollector <> - PERF_STAT : "     3.651279058;CPU10;517;;UNC_M_CAS_COUNT.WR[UNIT4];5765477;100.00;;"
10182 [140042433455808] INFO perfrun.perfcollector <> - PERF_STAT : "     3.651279058;CPU0;1796;;UNC_M_CAS_COUNT.WR[UNIT5];5796715;100.00;;"
10182 [140042433455808] INFO perfrun.perfcollector <> - PERF_STAT : "     3.651279058;CPU10;178;;UNC_M_CAS_COUNT.WR[UNIT5];5765452;100.00;;"
10184 [140042391492288] INFO perfrun.perfcollector <> - Monitor: runCmd RC = true
10184 [140042552993472] INFO perfrun.perfcollector <> - Monitor: state = 3, error = 1
10185 [140042552993472] INFO perfrun.sdk <> - De-allocating TMU: /tmp/amplxe-tmp-efsilva/amplxe-res-3549388-36875725579941110/data.0/systemcollector-3549388-hype5.sc
10185 [140042552993472] INFO perfrun.system <> - closed the system trace file: /tmp/amplxe-tmp-efsilva/amplxe-res-3549388-36875725579941110/data.0/systemcollector-3549388-hype5.sc
10185 [140042709390016] INFO perfrun.launcher <> - Launcher: all plugins were stopped.
10185 [140042709390016] INFO perfrun.launcher <> - DeadlineTimer is going to be destroyed
10185 [140042709390016] INFO perfrun.launcher <> - DeadlineTimer was destroyed
10185 [140042709390016] INFO perfrun.launcher <> - DirectoryMonitor object was destroyed
10185 [140042709390016] WARN perfrun.launcher <> - Stop command is ignored because it is received when collection is already stopped, at file: vcs/perfrun1/launcher/src/command_handler.cpp:212
10285 [140042709390016] INFO perfrun.launcher <> - Application exit code: 0
10285 [140042709390016] INFO perfrun.launcher <> - Exit code: 0
