11 [139664388600512] INFO perfrun.launcher <> - Launcher main begin
15 [139664388600512] INFO perfrun.launcher <> - MessageCatalogInit finished
15 [139664388600512] INFO perfrun.launcher <> - Launcher instance created
15 [139664388600512] INFO perfrun.launcher <> - argc = 7; cmdline = /home/intel/oneapi/vtune/2021.1.1/bin64/amplxe-runss --ui-output-format xml --ui-output-fd 5 --option-file /tmp/efsilva_vtune_823233/project/resultados_vtune/01_adaptive_dynamic4_hpc_smoke/config/runsa.options 
28 [139664388600512] INFO perfrun.launcher <> - plugin remoteplug has been added successfully
28 [139664388600512] INFO perfrun.launcher <> - plugin system has been added successfully
28 [139664388600512] INFO perfrun.launcher <> - plugin vdso has been added successfully
28 [139664388600512] INFO perfrun.launcher <> - plugin itt has been added successfully
28 [139664388600512] INFO perfrun.launcher <> - plugin ptracecollector has been added successfully
28 [139664388600512] INFO perfrun.launcher <> - plugin gpu has been added successfully
28 [139664388600512] INFO perfrun.launcher <> - plugin  has been added successfully
28 [139664388600512] INFO perfrun.launcher <> - plugin  has been added successfully
28 [139664388600512] INFO perfrun.launcher <> - plugin  has been added successfully
28 [139664388600512] INFO perfrun.launcher <> - plugin mrte has been added successfully
28 [139664388600512] INFO perfrun.launcher <> - plugin emon has been added successfully
28 [139664388600512] INFO perfrun.launcher <> - plugin cuscol has been added successfully
28 [139664388600512] INFO perfrun.launcher <> - plugin stdsrc has been added successfully
28 [139664388600512] INFO perfrun.launcher <> - plugin sep has been added successfully
28 [139664388600512] INFO perfrun.launcher <> - plugin vtsspp has been added successfully
28 [139664388600512] INFO perfrun.sdk <> - Reading value (-1) from file: /proc/sys/kernel/perf_event_paranoid
28 [139664388600512] INFO perfrun.perfcollector <> - checking access to: /home/intel/oneapi/vtune/2021.1.1/bin64/amplxe-perf-priv
32 [139664388600512] INFO perfrun.perfcollector <> - cpu: family = 6 model = 63
32 [139664388600512] INFO perfrun.perfcollector <> - dir found : /sys/bus/event_source/devices/software
32 [139664388600512] WARN perfrun.perfcollector <> - format subdir doesn't exist, at file: vcs/perfrun1/plugins/perfcollector/src/controller.cpp:725
32 [139664388600512] WARN perfrun.perfcollector <> - pmu hwInfo is not set, at file: vcs/perfrun1/plugins/perfcollector/src/controller.cpp:819
32 [139664388600512] INFO perfrun.perfcollector <> - pmu added : family : software , id : 0
32 [139664388600512] INFO perfrun.perfcollector <> - dir found : /sys/bus/event_source/devices/uncore_imc_5
32 [139664388600512] INFO perfrun.perfcollector <> - format: event config:0-7 mask:0-7
32 [139664388600512] INFO perfrun.perfcollector <> - format: edge config:18 mask:18
32 [139664388600512] INFO perfrun.perfcollector <> - format: inv config:23 mask:23
32 [139664388600512] INFO perfrun.perfcollector <> - format: umask config:8-15 mask:8-15
32 [139664388600512] INFO perfrun.perfcollector <> - format: thresh config:24-31 mask:24-31
32 [139664388600512] INFO perfrun.perfcollector <> - hwInfo : PERF_IMC_PMU_DETAILS
32 [139664388600512] INFO perfrun.perfcollector <> - pmu added : family : uncore_imc , id : 5
32 [139664388600512] INFO perfrun.perfcollector <> - dir found : /sys/bus/event_source/devices/uncore_sbox_2
32 [139664388600512] INFO perfrun.perfcollector <> - format: event config:0-7 mask:0-7
32 [139664388600512] INFO perfrun.perfcollector <> - format: edge config:18 mask:18
32 [139664388600512] INFO perfrun.perfcollector <> - format: inv config:23 mask:23
32 [139664388600512] INFO perfrun.perfcollector <> - format: umask config:8-15 mask:8-15
32 [139664388600512] INFO perfrun.perfcollector <> - format: tid_en config:19 mask:19
32 [139664388600512] INFO perfrun.perfcollector <> - format: thresh config:24-31 mask:24-31
32 [139664388600512] WARN perfrun.perfcollector <> - pmu hwInfo is not set, at file: vcs/perfrun1/plugins/perfcollector/src/controller.cpp:819
32 [139664388600512] INFO perfrun.perfcollector <> - pmu added : family : uncore_sbox , id : 2
32 [139664388600512] INFO perfrun.perfcollector <> - dir found : /sys/bus/event_source/devices/uncore_cbox_8
33 [139664388600512] INFO perfrun.perfcollector <> - format: event config:0-7 mask:0-7
33 [139664388600512] INFO perfrun.perfcollector <> - format: filter_link config1:6-8 mask:6-8
33 [139664388600512] INFO perfrun.perfcollector <> - format: filter_c6 config1:61 mask:61
33 [139664388600512] INFO perfrun.perfcollector <> - format: edge config:18 mask:18
33 [139664388600512] INFO perfrun.perfcollector <> - format: filter_isoc config1:63 mask:63
33 [139664388600512] INFO perfrun.perfcollector <> - format: filter_tid config1:0-5 mask:0-5
33 [139664388600512] INFO perfrun.perfcollector <> - format: filter_nid config1:32-47 mask:32-47
33 [139664388600512] INFO perfrun.perfcollector <> - format: filter_nc config1:62 mask:62
33 [139664388600512] INFO perfrun.perfcollector <> - format: umask config:8-15 mask:8-15
33 [139664388600512] INFO perfrun.perfcollector <> - format: tid_en config:19 mask:19
33 [139664388600512] INFO perfrun.perfcollector <> - format: thresh config:24-31 mask:24-31
33 [139664388600512] INFO perfrun.perfcollector <> - format: filter_state config1:17-23 mask:17-23
33 [139664388600512] INFO perfrun.perfcollector <> - format: filter_opc config1:52-60 mask:52-60
33 [139664388600512] WARN perfrun.perfcollector <> - pmu hwInfo is not set, at file: vcs/perfrun1/plugins/perfcollector/src/controller.cpp:819
33 [139664388600512] INFO perfrun.perfcollector <> - pmu added : family : uncore_cbox , id : 8
33 [139664388600512] INFO perfrun.perfcollector <> - dir found : /sys/bus/event_source/devices/uncore_r2pcie
33 [139664388600512] INFO perfrun.perfcollector <> - format: event config:0-7 mask:0-7
33 [139664388600512] INFO perfrun.perfcollector <> - format: edge config:18 mask:18
33 [139664388600512] INFO perfrun.perfcollector <> - format: inv config:23 mask:23
33 [139664388600512] INFO perfrun.perfcollector <> - format: umask config:8-15 mask:8-15
33 [139664388600512] INFO perfrun.perfcollector <> - format: thresh config:24-31 mask:24-31
33 [139664388600512] WARN perfrun.perfcollector <> - pmu hwInfo is not set, at file: vcs/perfrun1/plugins/perfcollector/src/controller.cpp:819
33 [139664388600512] INFO perfrun.perfcollector <> - pmu added : family : uncore_r2pcie , id : 0
33 [139664388600512] INFO perfrun.perfcollector <> - dir found : /sys/bus/event_source/devices/uncore_sbox_0
33 [139664388600512] INFO perfrun.perfcollector <> - format: event config:0-7 mask:0-7
33 [139664388600512] INFO perfrun.perfcollector <> - format: edge config:18 mask:18
33 [139664388600512] INFO perfrun.perfcollector <> - format: inv config:23 mask:23
33 [139664388600512] INFO perfrun.perfcollector <> - format: umask config:8-15 mask:8-15
33 [139664388600512] INFO perfrun.perfcollector <> - format: tid_en config:19 mask:19
33 [139664388600512] INFO perfrun.perfcollector <> - format: thresh config:24-31 mask:24-31
33 [139664388600512] WARN perfrun.perfcollector <> - pmu hwInfo is not set, at file: vcs/perfrun1/plugins/perfcollector/src/controller.cpp:819
33 [139664388600512] INFO perfrun.perfcollector <> - pmu added : family : uncore_sbox , id : 0
33 [139664388600512] INFO perfrun.perfcollector <> - dir found : /sys/bus/event_source/devices/uncore_cbox_6
33 [139664388600512] INFO perfrun.perfcollector <> - format: event config:0-7 mask:0-7
33 [139664388600512] INFO perfrun.perfcollector <> - format: filter_link config1:6-8 mask:6-8
33 [139664388600512] INFO perfrun.perfcollector <> - format: filter_c6 config1:61 mask:61
34 [139664388600512] INFO perfrun.perfcollector <> - format: edge config:18 mask:18
34 [139664388600512] INFO perfrun.perfcollector <> - format: filter_isoc config1:63 mask:63
34 [139664388600512] INFO perfrun.perfcollector <> - format: filter_tid config1:0-5 mask:0-5
34 [139664388600512] INFO perfrun.perfcollector <> - format: filter_nid config1:32-47 mask:32-47
34 [139664388600512] INFO perfrun.perfcollector <> - format: filter_nc config1:62 mask:62
34 [139664388600512] INFO perfrun.perfcollector <> - format: umask config:8-15 mask:8-15
34 [139664388600512] INFO perfrun.perfcollector <> - format: tid_en config:19 mask:19
34 [139664388600512] INFO perfrun.perfcollector <> - format: thresh config:24-31 mask:24-31
34 [139664388600512] INFO perfrun.perfcollector <> - format: filter_state config1:17-23 mask:17-23
34 [139664388600512] INFO perfrun.perfcollector <> - format: filter_opc config1:52-60 mask:52-60
34 [139664388600512] WARN perfrun.perfcollector <> - pmu hwInfo is not set, at file: vcs/perfrun1/plugins/perfcollector/src/controller.cpp:819
34 [139664388600512] INFO perfrun.perfcollector <> - pmu added : family : uncore_cbox , id : 6
34 [139664388600512] INFO perfrun.perfcollector <> - dir found : /sys/bus/event_source/devices/uncore_imc_1
34 [139664388600512] INFO perfrun.perfcollector <> - format: event config:0-7 mask:0-7
34 [139664388600512] INFO perfrun.perfcollector <> - format: edge config:18 mask:18
34 [139664388600512] INFO perfrun.perfcollector <> - format: inv config:23 mask:23
34 [139664388600512] INFO perfrun.perfcollector <> - format: umask config:8-15 mask:8-15
34 [139664388600512] INFO perfrun.perfcollector <> - format: thresh config:24-31 mask:24-31
34 [139664388600512] INFO perfrun.perfcollector <> - hwInfo : PERF_IMC_PMU_DETAILS
34 [139664388600512] INFO perfrun.perfcollector <> - pmu added : family : uncore_imc , id : 1
34 [139664388600512] INFO perfrun.perfcollector <> - dir found : /sys/bus/event_source/devices/power
34 [139664388600512] INFO perfrun.perfcollector <> - format: event config:0-7 mask:0-7
34 [139664388600512] WARN perfrun.perfcollector <> - pmu hwInfo is not set, at file: vcs/perfrun1/plugins/perfcollector/src/controller.cpp:819
34 [139664388600512] INFO perfrun.perfcollector <> - pmu added : family : power , id : 0
34 [139664388600512] INFO perfrun.perfcollector <> - dir found : /sys/bus/event_source/devices/uncore_cbox_4
34 [139664388600512] INFO perfrun.perfcollector <> - format: event config:0-7 mask:0-7
34 [139664388600512] INFO perfrun.perfcollector <> - format: filter_link config1:6-8 mask:6-8
34 [139664388600512] INFO perfrun.perfcollector <> - format: filter_c6 config1:61 mask:61
34 [139664388600512] INFO perfrun.perfcollector <> - format: edge config:18 mask:18
34 [139664388600512] INFO perfrun.perfcollector <> - format: filter_isoc config1:63 mask:63
34 [139664388600512] INFO perfrun.perfcollector <> - format: filter_tid config1:0-5 mask:0-5
34 [139664388600512] INFO perfrun.perfcollector <> - format: filter_nid config1:32-47 mask:32-47
34 [139664388600512] INFO perfrun.perfcollector <> - format: filter_nc config1:62 mask:62
34 [139664388600512] INFO perfrun.perfcollector <> - format: umask config:8-15 mask:8-15
34 [139664388600512] INFO perfrun.perfcollector <> - format: tid_en config:19 mask:19
34 [139664388600512] INFO perfrun.perfcollector <> - format: thresh config:24-31 mask:24-31
34 [139664388600512] INFO perfrun.perfcollector <> - format: filter_state config1:17-23 mask:17-23
34 [139664388600512] INFO perfrun.perfcollector <> - format: filter_opc config1:52-60 mask:52-60
34 [139664388600512] WARN perfrun.perfcollector <> - pmu hwInfo is not set, at file: vcs/perfrun1/plugins/perfcollector/src/controller.cpp:819
34 [139664388600512] INFO perfrun.perfcollector <> - pmu added : family : uncore_cbox , id : 4
34 [139664388600512] INFO perfrun.perfcollector <> - dir found : /sys/bus/event_source/devices/uprobe
34 [139664388600512] INFO perfrun.perfcollector <> - format: ref_ctr_offset config:32-63 mask:32-63
34 [139664388600512] INFO perfrun.perfcollector <> - format: retprobe config:0 mask:0
34 [139664388600512] WARN perfrun.perfcollector <> - pmu hwInfo is not set, at file: vcs/perfrun1/plugins/perfcollector/src/controller.cpp:819
35 [139664388600512] INFO perfrun.perfcollector <> - pmu added : family : uprobe , id : 0
35 [139664388600512] INFO perfrun.perfcollector <> - dir found : /sys/bus/event_source/devices/cpu
35 [139664388600512] INFO perfrun.perfcollector <> - format: event config:0-7 mask:0-7
35 [139664388600512] INFO perfrun.perfcollector <> - format: pc config:19 mask:19
35 [139664388600512] INFO perfrun.perfcollector <> - format: edge config:18 mask:18
35 [139664388600512] INFO perfrun.perfcollector <> - format: any config:21 mask:21
35 [139664388600512] INFO perfrun.perfcollector <> - format: offcore_rsp config1:0-63 mask:0-63
35 [139664388600512] INFO perfrun.perfcollector <> - format: ldlat config1:0-15 mask:0-15
35 [139664388600512] INFO perfrun.perfcollector <> - format: inv config:23 mask:23
35 [139664388600512] INFO perfrun.perfcollector <> - format: umask config:8-15 mask:8-15
35 [139664388600512] INFO perfrun.perfcollector <> - format: cmask config:24-31 mask:24-31
35 [139664388600512] INFO perfrun.perfcollector <> - hwInfo : PERF_CPU_PMU_DETAILS
35 [139664388600512] INFO perfrun.perfcollector <> - pmu added : family : cpu , id : 0
35 [139664388600512] INFO perfrun.perfcollector <> - dir found : /sys/bus/event_source/devices/uncore_r3qpi_0
35 [139664388600512] INFO perfrun.perfcollector <> - format: event config:0-7 mask:0-7
35 [139664388600512] INFO perfrun.perfcollector <> - format: edge config:18 mask:18
35 [139664388600512] INFO perfrun.perfcollector <> - format: inv config:23 mask:23
35 [139664388600512] INFO perfrun.perfcollector <> - format: umask config:8-15 mask:8-15
35 [139664388600512] INFO perfrun.perfcollector <> - format: thresh config:24-31 mask:24-31
35 [139664388600512] WARN perfrun.perfcollector <> - pmu hwInfo is not set, at file: vcs/perfrun1/plugins/perfcollector/src/controller.cpp:819
35 [139664388600512] INFO perfrun.perfcollector <> - pmu added : family : uncore_r3qpi , id : 0
35 [139664388600512] INFO perfrun.perfcollector <> - dir found : /sys/bus/event_source/devices/cstate_core
35 [139664388600512] INFO perfrun.perfcollector <> - format: event config:0-63 mask:0-63
35 [139664388600512] WARN perfrun.perfcollector <> - pmu hwInfo is not set, at file: vcs/perfrun1/plugins/perfcollector/src/controller.cpp:819
35 [139664388600512] INFO perfrun.perfcollector <> - pmu added : family : cstate_core , id : 0
35 [139664388600512] INFO perfrun.perfcollector <> - dir found : /sys/bus/event_source/devices/uncore_cbox_2
35 [139664388600512] INFO perfrun.perfcollector <> - format: event config:0-7 mask:0-7
35 [139664388600512] INFO perfrun.perfcollector <> - format: filter_link config1:6-8 mask:6-8
35 [139664388600512] INFO perfrun.perfcollector <> - format: filter_c6 config1:61 mask:61
35 [139664388600512] INFO perfrun.perfcollector <> - format: edge config:18 mask:18
35 [139664388600512] INFO perfrun.perfcollector <> - format: filter_isoc config1:63 mask:63
35 [139664388600512] INFO perfrun.perfcollector <> - format: filter_tid config1:0-5 mask:0-5
35 [139664388600512] INFO perfrun.perfcollector <> - format: filter_nid config1:32-47 mask:32-47
35 [139664388600512] INFO perfrun.perfcollector <> - format: filter_nc config1:62 mask:62
35 [139664388600512] INFO perfrun.perfcollector <> - format: umask config:8-15 mask:8-15
35 [139664388600512] INFO perfrun.perfcollector <> - format: tid_en config:19 mask:19
35 [139664388600512] INFO perfrun.perfcollector <> - format: thresh config:24-31 mask:24-31
35 [139664388600512] INFO perfrun.perfcollector <> - format: filter_state config1:17-23 mask:17-23
35 [139664388600512] INFO perfrun.perfcollector <> - format: filter_opc config1:52-60 mask:52-60
35 [139664388600512] WARN perfrun.perfcollector <> - pmu hwInfo is not set, at file: vcs/perfrun1/plugins/perfcollector/src/controller.cpp:819
35 [139664388600512] INFO perfrun.perfcollector <> - pmu added : family : uncore_cbox , id : 2
35 [139664388600512] INFO perfrun.perfcollector <> - dir found : /sys/bus/event_source/devices/breakpoint
35 [139664388600512] WARN perfrun.perfcollector <> - format subdir doesn't exist, at file: vcs/perfrun1/plugins/perfcollector/src/controller.cpp:725
35 [139664388600512] WARN perfrun.perfcollector <> - pmu hwInfo is not set, at file: vcs/perfrun1/plugins/perfcollector/src/controller.cpp:819
36 [139664388600512] INFO perfrun.perfcollector <> - pmu added : family : breakpoint , id : 0
36 [139664388600512] INFO perfrun.perfcollector <> - dir found : /sys/bus/event_source/devices/uncore_ha_0
36 [139664388600512] INFO perfrun.perfcollector <> - format: event config:0-7 mask:0-7
36 [139664388600512] INFO perfrun.perfcollector <> - format: edge config:18 mask:18
36 [139664388600512] INFO perfrun.perfcollector <> - format: inv config:23 mask:23
36 [139664388600512] INFO perfrun.perfcollector <> - format: umask config:8-15 mask:8-15
36 [139664388600512] INFO perfrun.perfcollector <> - format: thresh config:24-31 mask:24-31
36 [139664388600512] WARN perfrun.perfcollector <> - pmu hwInfo is not set, at file: vcs/perfrun1/plugins/perfcollector/src/controller.cpp:819
36 [139664388600512] INFO perfrun.perfcollector <> - pmu added : family : uncore_ha , id : 0
36 [139664388600512] INFO perfrun.perfcollector <> - dir found : /sys/bus/event_source/devices/uncore_cbox_0
36 [139664388600512] INFO perfrun.perfcollector <> - format: event config:0-7 mask:0-7
36 [139664388600512] INFO perfrun.perfcollector <> - format: filter_link config1:6-8 mask:6-8
36 [139664388600512] INFO perfrun.perfcollector <> - format: filter_c6 config1:61 mask:61
36 [139664388600512] INFO perfrun.perfcollector <> - format: edge config:18 mask:18
36 [139664388600512] INFO perfrun.perfcollector <> - format: filter_isoc config1:63 mask:63
36 [139664388600512] INFO perfrun.perfcollector <> - format: filter_tid config1:0-5 mask:0-5
36 [139664388600512] INFO perfrun.perfcollector <> - format: filter_nid config1:32-47 mask:32-47
36 [139664388600512] INFO perfrun.perfcollector <> - format: filter_nc config1:62 mask:62
36 [139664388600512] INFO perfrun.perfcollector <> - format: umask config:8-15 mask:8-15
36 [139664388600512] INFO perfrun.perfcollector <> - format: tid_en config:19 mask:19
36 [139664388600512] INFO perfrun.perfcollector <> - format: thresh config:24-31 mask:24-31
36 [139664388600512] INFO perfrun.perfcollector <> - format: filter_state config1:17-23 mask:17-23
36 [139664388600512] INFO perfrun.perfcollector <> - format: filter_opc config1:52-60 mask:52-60
36 [139664388600512] WARN perfrun.perfcollector <> - pmu hwInfo is not set, at file: vcs/perfrun1/plugins/perfcollector/src/controller.cpp:819
36 [139664388600512] INFO perfrun.perfcollector <> - pmu added : family : uncore_cbox , id : 0
36 [139664388600512] INFO perfrun.perfcollector <> - dir found : /sys/bus/event_source/devices/tracepoint
36 [139664388600512] WARN perfrun.perfcollector <> - format subdir doesn't exist, at file: vcs/perfrun1/plugins/perfcollector/src/controller.cpp:725
36 [139664388600512] WARN perfrun.perfcollector <> - pmu hwInfo is not set, at file: vcs/perfrun1/plugins/perfcollector/src/controller.cpp:819
36 [139664388600512] INFO perfrun.perfcollector <> - pmu added : family : tracepoint , id : 0
36 [139664388600512] INFO perfrun.perfcollector <> - dir found : /sys/bus/event_source/devices/uncore_sbox_3
36 [139664388600512] INFO perfrun.perfcollector <> - format: event config:0-7 mask:0-7
36 [139664388600512] INFO perfrun.perfcollector <> - format: edge config:18 mask:18
36 [139664388600512] INFO perfrun.perfcollector <> - format: inv config:23 mask:23
36 [139664388600512] INFO perfrun.perfcollector <> - format: umask config:8-15 mask:8-15
36 [139664388600512] INFO perfrun.perfcollector <> - format: tid_en config:19 mask:19
36 [139664388600512] INFO perfrun.perfcollector <> - format: thresh config:24-31 mask:24-31
36 [139664388600512] WARN perfrun.perfcollector <> - pmu hwInfo is not set, at file: vcs/perfrun1/plugins/perfcollector/src/controller.cpp:819
36 [139664388600512] INFO perfrun.perfcollector <> - pmu added : family : uncore_sbox , id : 3
36 [139664388600512] INFO perfrun.perfcollector <> - dir found : /sys/bus/event_source/devices/uncore_cbox_9
36 [139664388600512] INFO perfrun.perfcollector <> - format: event config:0-7 mask:0-7
36 [139664388600512] INFO perfrun.perfcollector <> - format: filter_link config1:6-8 mask:6-8
36 [139664388600512] INFO perfrun.perfcollector <> - format: filter_c6 config1:61 mask:61
36 [139664388600512] INFO perfrun.perfcollector <> - format: edge config:18 mask:18
36 [139664388600512] INFO perfrun.perfcollector <> - format: filter_isoc config1:63 mask:63
37 [139664388600512] INFO perfrun.perfcollector <> - format: filter_tid config1:0-5 mask:0-5
37 [139664388600512] INFO perfrun.perfcollector <> - format: filter_nid config1:32-47 mask:32-47
37 [139664388600512] INFO perfrun.perfcollector <> - format: filter_nc config1:62 mask:62
37 [139664388600512] INFO perfrun.perfcollector <> - format: umask config:8-15 mask:8-15
37 [139664388600512] INFO perfrun.perfcollector <> - format: tid_en config:19 mask:19
37 [139664388600512] INFO perfrun.perfcollector <> - format: thresh config:24-31 mask:24-31
37 [139664388600512] INFO perfrun.perfcollector <> - format: filter_state config1:17-23 mask:17-23
37 [139664388600512] INFO perfrun.perfcollector <> - format: filter_opc config1:52-60 mask:52-60
37 [139664388600512] WARN perfrun.perfcollector <> - pmu hwInfo is not set, at file: vcs/perfrun1/plugins/perfcollector/src/controller.cpp:819
37 [139664388600512] INFO perfrun.perfcollector <> - pmu added : family : uncore_cbox , id : 9
37 [139664388600512] INFO perfrun.perfcollector <> - dir found : /sys/bus/event_source/devices/cstate_pkg
37 [139664388600512] INFO perfrun.perfcollector <> - format: event config:0-63 mask:0-63
37 [139664388600512] WARN perfrun.perfcollector <> - pmu hwInfo is not set, at file: vcs/perfrun1/plugins/perfcollector/src/controller.cpp:819
37 [139664388600512] INFO perfrun.perfcollector <> - pmu added : family : cstate_pkg , id : 0
37 [139664388600512] INFO perfrun.perfcollector <> - dir found : /sys/bus/event_source/devices/uncore_imc_4
37 [139664388600512] INFO perfrun.perfcollector <> - format: event config:0-7 mask:0-7
37 [139664388600512] INFO perfrun.perfcollector <> - format: edge config:18 mask:18
37 [139664388600512] INFO perfrun.perfcollector <> - format: inv config:23 mask:23
37 [139664388600512] INFO perfrun.perfcollector <> - format: umask config:8-15 mask:8-15
37 [139664388600512] INFO perfrun.perfcollector <> - format: thresh config:24-31 mask:24-31
37 [139664388600512] INFO perfrun.perfcollector <> - hwInfo : PERF_IMC_PMU_DETAILS
37 [139664388600512] INFO perfrun.perfcollector <> - pmu added : family : uncore_imc , id : 4
37 [139664388600512] INFO perfrun.perfcollector <> - dir found : /sys/bus/event_source/devices/uncore_ubox
37 [139664388600512] INFO perfrun.perfcollector <> - format: event config:0-7 mask:0-7
37 [139664388600512] INFO perfrun.perfcollector <> - format: edge config:18 mask:18
37 [139664388600512] INFO perfrun.perfcollector <> - format: filter_tid config1:0 mask:0
37 [139664388600512] INFO perfrun.perfcollector <> - format: inv config:23 mask:23
37 [139664388600512] INFO perfrun.perfcollector <> - format: umask config:8-15 mask:8-15
37 [139664388600512] INFO perfrun.perfcollector <> - format: thresh config:24-28 mask:24-28
37 [139664388600512] INFO perfrun.perfcollector <> - format: filter_cid config1:5 mask:5
37 [139664388600512] WARN perfrun.perfcollector <> - pmu hwInfo is not set, at file: vcs/perfrun1/plugins/perfcollector/src/controller.cpp:819
37 [139664388600512] INFO perfrun.perfcollector <> - pmu added : family : uncore_ubox , id : 0
37 [139664388600512] INFO perfrun.perfcollector <> - dir found : /sys/bus/event_source/devices/uncore_sbox_1
37 [139664388600512] INFO perfrun.perfcollector <> - format: event config:0-7 mask:0-7
38 [139664388600512] INFO perfrun.perfcollector <> - format: edge config:18 mask:18
38 [139664388600512] INFO perfrun.perfcollector <> - format: inv config:23 mask:23
38 [139664388600512] INFO perfrun.perfcollector <> - format: umask config:8-15 mask:8-15
38 [139664388600512] INFO perfrun.perfcollector <> - format: tid_en config:19 mask:19
38 [139664388600512] INFO perfrun.perfcollector <> - format: thresh config:24-31 mask:24-31
38 [139664388600512] WARN perfrun.perfcollector <> - pmu hwInfo is not set, at file: vcs/perfrun1/plugins/perfcollector/src/controller.cpp:819
38 [139664388600512] INFO perfrun.perfcollector <> - pmu added : family : uncore_sbox , id : 1
38 [139664388600512] INFO perfrun.perfcollector <> - dir found : /sys/bus/event_source/devices/uncore_cbox_7
38 [139664388600512] INFO perfrun.perfcollector <> - format: event config:0-7 mask:0-7
38 [139664388600512] INFO perfrun.perfcollector <> - format: filter_link config1:6-8 mask:6-8
38 [139664388600512] INFO perfrun.perfcollector <> - format: filter_c6 config1:61 mask:61
38 [139664388600512] INFO perfrun.perfcollector <> - format: edge config:18 mask:18
38 [139664388600512] INFO perfrun.perfcollector <> - format: filter_isoc config1:63 mask:63
38 [139664388600512] INFO perfrun.perfcollector <> - format: filter_tid config1:0-5 mask:0-5
38 [139664388600512] INFO perfrun.perfcollector <> - format: filter_nid config1:32-47 mask:32-47
38 [139664388600512] INFO perfrun.perfcollector <> - format: filter_nc config1:62 mask:62
38 [139664388600512] INFO perfrun.perfcollector <> - format: umask config:8-15 mask:8-15
38 [139664388600512] INFO perfrun.perfcollector <> - format: tid_en config:19 mask:19
38 [139664388600512] INFO perfrun.perfcollector <> - format: thresh config:24-31 mask:24-31
38 [139664388600512] INFO perfrun.perfcollector <> - format: filter_state config1:17-23 mask:17-23
38 [139664388600512] INFO perfrun.perfcollector <> - format: filter_opc config1:52-60 mask:52-60
38 [139664388600512] WARN perfrun.perfcollector <> - pmu hwInfo is not set, at file: vcs/perfrun1/plugins/perfcollector/src/controller.cpp:819
39 [139664388600512] INFO perfrun.perfcollector <> - pmu added : family : uncore_cbox , id : 7
39 [139664388600512] INFO perfrun.perfcollector <> - dir found : /sys/bus/event_source/devices/kprobe
39 [139664388600512] INFO perfrun.perfcollector <> - format: retprobe config:0 mask:0
39 [139664388600512] WARN perfrun.perfcollector <> - pmu hwInfo is not set, at file: vcs/perfrun1/plugins/perfcollector/src/controller.cpp:819
39 [139664388600512] INFO perfrun.perfcollector <> - pmu added : family : kprobe , id : 0
39 [139664388600512] INFO perfrun.perfcollector <> - dir found : /sys/bus/event_source/devices/uncore_cbox_5
39 [139664388600512] INFO perfrun.perfcollector <> - format: event config:0-7 mask:0-7
39 [139664388600512] INFO perfrun.perfcollector <> - format: filter_link config1:6-8 mask:6-8
39 [139664388600512] INFO perfrun.perfcollector <> - format: filter_c6 config1:61 mask:61
39 [139664388600512] INFO perfrun.perfcollector <> - format: edge config:18 mask:18
39 [139664388600512] INFO perfrun.perfcollector <> - format: filter_isoc config1:63 mask:63
39 [139664388600512] INFO perfrun.perfcollector <> - format: filter_tid config1:0-5 mask:0-5
39 [139664388600512] INFO perfrun.perfcollector <> - format: filter_nid config1:32-47 mask:32-47
39 [139664388600512] INFO perfrun.perfcollector <> - format: filter_nc config1:62 mask:62
39 [139664388600512] INFO perfrun.perfcollector <> - format: umask config:8-15 mask:8-15
39 [139664388600512] INFO perfrun.perfcollector <> - format: tid_en config:19 mask:19
39 [139664388600512] INFO perfrun.perfcollector <> - format: thresh config:24-31 mask:24-31
39 [139664388600512] INFO perfrun.perfcollector <> - format: filter_state config1:17-23 mask:17-23
39 [139664388600512] INFO perfrun.perfcollector <> - format: filter_opc config1:52-60 mask:52-60
39 [139664388600512] WARN perfrun.perfcollector <> - pmu hwInfo is not set, at file: vcs/perfrun1/plugins/perfcollector/src/controller.cpp:819
39 [139664388600512] INFO perfrun.perfcollector <> - pmu added : family : uncore_cbox , id : 5
39 [139664388600512] INFO perfrun.perfcollector <> - dir found : /sys/bus/event_source/devices/uncore_imc_0
39 [139664388600512] INFO perfrun.perfcollector <> - format: event config:0-7 mask:0-7
39 [139664388600512] INFO perfrun.perfcollector <> - format: edge config:18 mask:18
39 [139664388600512] INFO perfrun.perfcollector <> - format: inv config:23 mask:23
39 [139664388600512] INFO perfrun.perfcollector <> - format: umask config:8-15 mask:8-15
39 [139664388600512] INFO perfrun.perfcollector <> - format: thresh config:24-31 mask:24-31
39 [139664388600512] INFO perfrun.perfcollector <> - hwInfo : PERF_IMC_PMU_DETAILS
39 [139664388600512] INFO perfrun.perfcollector <> - pmu added : family : uncore_imc , id : 0
39 [139664388600512] INFO perfrun.perfcollector <> - dir found : /sys/bus/event_source/devices/uncore_pcu
39 [139664388600512] INFO perfrun.perfcollector <> - format: filter_band2 config1:16-23 mask:16-23
39 [139664388600512] INFO perfrun.perfcollector <> - format: event config:0-7 mask:0-7
39 [139664388600512] INFO perfrun.perfcollector <> - format: filter_band0 config1:0-7 mask:0-7
39 [139664388600512] INFO perfrun.perfcollector <> - format: edge config:18 mask:18
39 [139664388600512] INFO perfrun.perfcollector <> - format: occ_invert config:30 mask:30
40 [139664388600512] INFO perfrun.perfcollector <> - format: occ_edge config:14-51 mask:14-51
40 [139664388600512] INFO perfrun.perfcollector <> - format: filter_band3 config1:24-31 mask:24-31
40 [139664388600512] INFO perfrun.perfcollector <> - format: filter_band1 config1:8-15 mask:8-15
40 [139664388600512] INFO perfrun.perfcollector <> - format: inv config:23 mask:23
40 [139664388600512] INFO perfrun.perfcollector <> - format: thresh config:24-28 mask:24-28
40 [139664388600512] INFO perfrun.perfcollector <> - format: occ_sel config:14-15 mask:14-15
40 [139664388600512] WARN perfrun.perfcollector <> - pmu hwInfo is not set, at file: vcs/perfrun1/plugins/perfcollector/src/controller.cpp:819
40 [139664388600512] INFO perfrun.perfcollector <> - pmu added : family : uncore_pcu , id : 0
40 [139664388600512] INFO perfrun.perfcollector <> - dir found : /sys/bus/event_source/devices/uncore_r3qpi_1
40 [139664388600512] INFO perfrun.perfcollector <> - format: event config:0-7 mask:0-7
40 [139664388600512] INFO perfrun.perfcollector <> - format: edge config:18 mask:18
40 [139664388600512] INFO perfrun.perfcollector <> - format: inv config:23 mask:23
40 [139664388600512] INFO perfrun.perfcollector <> - format: umask config:8-15 mask:8-15
40 [139664388600512] INFO perfrun.perfcollector <> - format: thresh config:24-31 mask:24-31
40 [139664388600512] WARN perfrun.perfcollector <> - pmu hwInfo is not set, at file: vcs/perfrun1/plugins/perfcollector/src/controller.cpp:819
40 [139664388600512] INFO perfrun.perfcollector <> - pmu added : family : uncore_r3qpi , id : 1
40 [139664388600512] INFO perfrun.perfcollector <> - dir found : /sys/bus/event_source/devices/msr
40 [139664388600512] INFO perfrun.perfcollector <> - format: event config:0-63 mask:0-63
40 [139664388600512] WARN perfrun.perfcollector <> - pmu hwInfo is not set, at file: vcs/perfrun1/plugins/perfcollector/src/controller.cpp:819
40 [139664388600512] INFO perfrun.perfcollector <> - pmu added : family : msr , id : 0
40 [139664388600512] INFO perfrun.perfcollector <> - dir found : /sys/bus/event_source/devices/uncore_cbox_3
40 [139664388600512] INFO perfrun.perfcollector <> - format: event config:0-7 mask:0-7
40 [139664388600512] INFO perfrun.perfcollector <> - format: filter_link config1:6-8 mask:6-8
40 [139664388600512] INFO perfrun.perfcollector <> - format: filter_c6 config1:61 mask:61
40 [139664388600512] INFO perfrun.perfcollector <> - format: edge config:18 mask:18
40 [139664388600512] INFO perfrun.perfcollector <> - format: filter_isoc config1:63 mask:63
40 [139664388600512] INFO perfrun.perfcollector <> - format: filter_tid config1:0-5 mask:0-5
40 [139664388600512] INFO perfrun.perfcollector <> - format: filter_nid config1:32-47 mask:32-47
40 [139664388600512] INFO perfrun.perfcollector <> - format: filter_nc config1:62 mask:62
40 [139664388600512] INFO perfrun.perfcollector <> - format: umask config:8-15 mask:8-15
40 [139664388600512] INFO perfrun.perfcollector <> - format: tid_en config:19 mask:19
40 [139664388600512] INFO perfrun.perfcollector <> - format: thresh config:24-31 mask:24-31
40 [139664388600512] INFO perfrun.perfcollector <> - format: filter_state config1:17-23 mask:17-23
40 [139664388600512] INFO perfrun.perfcollector <> - format: filter_opc config1:52-60 mask:52-60
41 [139664388600512] WARN perfrun.perfcollector <> - pmu hwInfo is not set, at file: vcs/perfrun1/plugins/perfcollector/src/controller.cpp:819
41 [139664388600512] INFO perfrun.perfcollector <> - pmu added : family : uncore_cbox , id : 3
41 [139664388600512] INFO perfrun.perfcollector <> - dir found : /sys/bus/event_source/devices/uncore_ha_1
41 [139664388600512] INFO perfrun.perfcollector <> - format: event config:0-7 mask:0-7
41 [139664388600512] INFO perfrun.perfcollector <> - format: edge config:18 mask:18
41 [139664388600512] INFO perfrun.perfcollector <> - format: inv config:23 mask:23
41 [139664388600512] INFO perfrun.perfcollector <> - format: umask config:8-15 mask:8-15
41 [139664388600512] INFO perfrun.perfcollector <> - format: thresh config:24-31 mask:24-31
41 [139664388600512] WARN perfrun.perfcollector <> - pmu hwInfo is not set, at file: vcs/perfrun1/plugins/perfcollector/src/controller.cpp:819
41 [139664388600512] INFO perfrun.perfcollector <> - pmu added : family : uncore_ha , id : 1
41 [139664388600512] INFO perfrun.perfcollector <> - dir found : /sys/bus/event_source/devices/uncore_cbox_1
41 [139664388600512] INFO perfrun.perfcollector <> - format: event config:0-7 mask:0-7
41 [139664388600512] INFO perfrun.perfcollector <> - format: filter_link config1:6-8 mask:6-8
41 [139664388600512] INFO perfrun.perfcollector <> - format: filter_c6 config1:61 mask:61
41 [139664388600512] INFO perfrun.perfcollector <> - format: edge config:18 mask:18
41 [139664388600512] INFO perfrun.perfcollector <> - format: filter_isoc config1:63 mask:63
41 [139664388600512] INFO perfrun.perfcollector <> - format: filter_tid config1:0-5 mask:0-5
41 [139664388600512] INFO perfrun.perfcollector <> - format: filter_nid config1:32-47 mask:32-47
41 [139664388600512] INFO perfrun.perfcollector <> - format: filter_nc config1:62 mask:62
41 [139664388600512] INFO perfrun.perfcollector <> - format: umask config:8-15 mask:8-15
41 [139664388600512] INFO perfrun.perfcollector <> - format: tid_en config:19 mask:19
41 [139664388600512] INFO perfrun.perfcollector <> - format: thresh config:24-31 mask:24-31
41 [139664388600512] INFO perfrun.perfcollector <> - format: filter_state config1:17-23 mask:17-23
41 [139664388600512] INFO perfrun.perfcollector <> - format: filter_opc config1:52-60 mask:52-60
41 [139664388600512] WARN perfrun.perfcollector <> - pmu hwInfo is not set, at file: vcs/perfrun1/plugins/perfcollector/src/controller.cpp:819
41 [139664388600512] INFO perfrun.perfcollector <> - pmu added : family : uncore_cbox , id : 1
41 [139664388600512] INFO perfrun.launcher <> - plugin perf has been added successfully
41 [139664388600512] INFO perfrun.launcher <> - plugin aoclprofile has been added successfully
41 [139664388600512] INFO perfrun.launcher <> - plugin tpss has been added successfully
41 [139664388600512] INFO perfrun.launcher <> - plugin exprof has been added successfully
41 [139664388600512] INFO perfrun.launcher <> - plugin media has been added successfully
42 [139664388600512] INFO perfrun.launcher <> - plugin ice has been added successfully
42 [139664388600512] INFO perfrun.launcher <> - plugin  has been added successfully
42 [139664388600512] INFO perfrun.launcher <> - plugin  has been added successfully
42 [139664388600512] INFO perfrun.launcher <> - plugin parallelfs has been added successfully
42 [139664388600512] INFO perfrun.launcher <> - plugin power has been added successfully
42 [139664388600512] INFO perfrun.launcher <> - plugin hwloc has been added successfully
42 [139664388600512] INFO perfrun.launcher <> - plugin ipmwatch has been added successfully
42 [139664388600512] INFO perfrun.launcher <> - plugin os_counters has been added successfully
42 [139664388600512] INFO perfrun.launcher <> - the option was added --interval: Specify an interval of data collection (for example, sampling) in milliseconds.
42 [139664388600512] INFO perfrun.launcher <> - the option was added --follow-child: Profile process with or without children.
42 [139664388600512] INFO perfrun.launcher <> - the option was added --gelding: BADMSG: perfrun1.launcher.plugin_manager::gelding
42 [139664388600512] INFO perfrun.launcher <> - the option was added --time-source: Specify time source for measurement. Possible values: sys - wall clock time; tsc - time stamp counter; ext - time from an external source; auto - auto select accurate time source.
42 [139664388600512] INFO perfrun.launcher <> - the option was added --stack: Enable or disable collection of stacks.
42 [139664388600512] INFO perfrun.launcher <> - the option was added --stack-stitching: Enable or disable the stack stitching algorithm for Intel TBB-based applications.
43 [139664388600512] INFO perfrun.launcher <> - the option was added --type: Specify type of data to be collected. For example, --type cpu:counters,waiting:nostack,io.
43 [139664388600512] INFO perfrun.launcher <> - the option was added --mrte-mode: Specify Java/.NET/other managed runtime collection mode. Possible values: native - collect information only for native code; managed - collect information only for managed code; mixed - collect information for both managed and native code; auto - choose the mode based on binary type.
43 [139664388600512] INFO perfrun.launcher <> - the option was added --mrte-mode-list: List supported Java/.NET/other managed runtime collection modes.
43 [139664388600512] INFO perfrun.launcher <> - the option was added --mrte-type: Specify which managed runtimes to collect. Possible values: java - collect information for Java; dotnet - collect information for .NET; python - collect information for CPython. You can specify several values separated by comma.
43 [139664388600512] INFO perfrun.launcher <> - the option was added --mrte-type-list: List supported Java/.NET/other managed runtime types.
43 [139664388600512] INFO perfrun.launcher <> - the option was added --trace-strategy: Specify how to profile a process tree. <string> can be "<process>:trace:notrace" - profile the process but do not profile its children. Shorthand parameters: t - trace, nt - notrace. For example, "vtunedemo.exe:t:t".
43 [139664388600512] INFO perfrun.launcher <> - the option was added --collector: BADMSG: perfrun1.launcher.plugin_manager::collector
43 [139664388600512] INFO perfrun.launcher <> - the option was added --system-wide: Enable system-wide profiling. This mode may require additional permissions.
43 [139664388600512] INFO perfrun.launcher <> - the option was added --kvm-guest: Enable KVM guest OS profiling.
43 [139664388600512] INFO perfrun.launcher <> - the option was added --kvm-guest-kallsyms: Specify a local path to the /proc/kallsyms file copied from the guest OS for proper symbol resolution.
43 [139664388600512] INFO perfrun.launcher <> - the option was added --kvm-guest-modules: Specify a local path to the /proc/modules file copied from the guest OS for proper symbol resolution.
43 [139664388600512] INFO perfrun.launcher <> - the option was added --bandwidth-limits: Measure bandwidth limits
43 [139664388600512] INFO perfrun.launcher <> - the option was added --acrn-map-info: Collect map info for ACRN
43 [139664388600512] INFO perfrun.launcher <> - the option was added --bandwidth-strategy: Bandwidth limits determination specific properties (example: --bandwidth-strategy array-size=0,duration=500).
43 [139664388600512] INFO perfrun.launcher <> - the option was added --bandwidth-config: List of benchmarks to run.
43 [139664388600512] INFO perfrun.launcher <> - the option was added --target-gpu: target-gpu
43 [139664388600512] INFO perfrun.launcher <> - the option was added --dump-vdso: Dump [vdso] to result directory
43 [139664388600512] INFO perfrun.launcher <> - the option was added --system-collector-config: Specify subcollectors. Possible values: all, container, device-info, none. Specify subcollectors. Possible values: all, vdso.
43 [139664388600512] INFO perfrun.launcher <> - the option was added --itt-config: Specify a sub-set of ITT API to collect.
43 [139664388600512] INFO perfrun.launcher <> - the option was added --itt-debug: Set pseudo-breakpoint at ITT API collector's start to enable the debugger to attach early.
44 [139664388600512] INFO perfrun.launcher <> - the option was added --ptrace: Ptrace collector.
44 [139664388600512] INFO perfrun.launcher <> - the option was added --target-pid: BADMSG: perfrun1.ptracecollector::target-pid
44 [139664388600512] INFO perfrun.launcher <> - the option was added --ptrace-server-pid: BADMSG: perfrun1.ptracecollector::ptrace-server-pid
44 [139664388600512] INFO perfrun.launcher <> - the option was added --ptrace-trace: BADMSG: perfrun1.ptracecollector::ptrace-trace
44 [139664388600512] INFO perfrun.launcher <> - the option was added --ptrace-time-source: BADMSG: perfrun1.ptracecollector::ptrace-time-source
44 [139664388600512] INFO perfrun.launcher <> - the option was added --ptrace-start-type: BADMSG: perfrun1.ptracecollector::ptrace-start-type
44 [139664388600512] INFO perfrun.launcher <> - the option was added --gpu-config: Specify types of GPU data to be collected. Possible values: preset1, preset2.
44 [139664388600512] INFO perfrun.launcher <> - the option was added --gpu-debug: Enable self-testing of the GPGPU profiling collector.
44 [139664388600512] INFO perfrun.launcher <> - the option was added --gpu-counting: Collect GPU data in the counting mode.
44 [139664388600512] INFO perfrun.launcher <> - the option was added --emon-preset: Specify a preset for EMON collector. For available presets, run: emon -preset-list.
44 [139664388600512] INFO perfrun.launcher <> - the option was added --emon-csv-trace-format: Use CSV format for EMON trace file.
44 [139664388600512] INFO perfrun.launcher <> - the option was added --emon-machine-readable-ver: Write machine readable EMON version file.
44 [139664388600512] INFO perfrun.launcher <> - the option was added --custom-collector: Allows to provide arbitrary command line to be run on collection steps.
44 [139664388600512] INFO perfrun.launcher <> - the option was added --stdsrc-config: Specify Standard Sources category tag(s).
44 [139664388600512] INFO perfrun.launcher <> - the option was added --ftrace-config-list: List Linux Ftrace category tag(s).
44 [139664388600512] INFO perfrun.launcher <> - the option was added --ftrace-config: Specify Linux Ftrace category tag(s).
44 [139664388600512] INFO perfrun.launcher <> - the option was added --ftrace-function-groups: Enable tracing of specific groups of functions.
44 [139664388600512] INFO perfrun.launcher <> - the option was added --event-info: BADMSG: perfrun1.stdsrc::event-info
44 [139664388600512] INFO perfrun.launcher <> - the option was added --cpu-list: List supported CPUs.
45 [139664388600512] INFO perfrun.launcher <> - the option was added --target-list: List available targets for performing sampling collection.
45 [139664388600512] INFO perfrun.launcher <> - the option was added --event-value-list: Display event information.
45 [139664388600512] INFO perfrun.launcher <> - the option was added --platform-value-list: Display details of supported platforms.
45 [139664388600512] INFO perfrun.launcher <> - the option was added --uncore-event-list: List uncore events for which a sampling data collection can be performed on this platform.
45 [139664388600512] INFO perfrun.launcher <> - the option was added --modifier-list: Specify the event name <string> for which the modifiers list is requested.
45 [139664388600512] INFO perfrun.launcher <> - the option was added --pmu-list: List supported PMUs.
45 [139664388600512] INFO perfrun.launcher <> - the option was added --os-mode-only: Enable sampling data collection for OS-mode processes only.
45 [139664388600512] INFO perfrun.launcher <> - the option was added --user-mode-only: Enable sampling data collection for user-mode processes only.
45 [139664388600512] INFO perfrun.launcher <> - the option was added --event-config: Perform data collection for the events with <string> configured using the format <event name1>":modifier1=val:modifier2=val/constraint1={:modifier3=val:modifier4=val}...,"<event name2>":... Specify the events(s) to monitor and embed the event names within double quotes("). [:modifier=val] specifies individual event modifiers along with the respective values for a given platform. Note that the modifiers can be generic to an event as well as specific to a constraint (or an event qualifier). The constraint specific special modifiers appear after [/constraint=]. The modifiers can be in decimal or hexadecimal format. Only specific modifiers accept the value as a string. Each event specification is delimited by a comma (,). For a list of supported modifiers and constraints, refer to the documentation.
45 [139664388600512] INFO perfrun.launcher <> - the option was added --chipset-event-config: Perform data collection for the chipset events with <string> configured using the format "<event name1>"...,"<event name2>":... Specify the events(s) to monitor and embed the event names within double quotes(").
45 [139664388600512] INFO perfrun.launcher <> - the option was added --uncore-event-config: Perform uncore data collection in ebc count mode for the events with <string> configured using the format "<event name1>"...,"<event name2>":... Specify the events(s) to monitor and embed the event names within double quotes(").
45 [139664388600512] INFO perfrun.launcher <> - the option was added --count-emon: Enable counting mode and output the data in EMON format.
45 [139664388600512] INFO perfrun.launcher <> - the option was added --event-based-counts: Enable event-based counting mode. During sampling data collection, event counts data is collected for the list of events specified in -event-config option.
45 [139664388600512] INFO perfrun.launcher <> - the option was added --event-mux-tfactor: Specify the event multiplexing tfactor as <integer> to set the length of the interval between interrupts. The larger the tfactor value, the larger the period between interrupts. Currently this option is only available on Intel platforms codenamed Knights Corner.
45 [139664388600512] INFO perfrun.launcher <> - the option was added --full-pebs-capture: Capture full pebs information.
45 [139664388600512] INFO perfrun.launcher <> - the option was added --last-branch-records: Capture Last Branch Records information.
45 [139664388600512] INFO perfrun.launcher <> - the option was added --pmu-type: Specify the targeted PMU name as <string>.
45 [139664388600512] INFO perfrun.launcher <> - the option was added --platform-type: Specify the targeted platform number as <number>.
45 [139664388600512] INFO perfrun.launcher <> - the option was added --p-state-trigger: Specify the name of the trigger event for P-state data as <string>. The default trigger is CPU_CLK_UNHALTED.REF_TSC.
46 [139664388600512] INFO perfrun.launcher <> - the option was added --rdt-auto-rmid: Enable automatic Core pinning on RMIDs for RDT monitoring capabilities.
46 [139664388600512] INFO perfrun.launcher <> - the option was added --bts-count: Specify the <integer> number of BTS records collected after each sample or context switch (VTSS++ only).
46 [139664388600512] INFO perfrun.launcher <> - the option was added --cpu-mask: Specify which CPU(s) <string> to collect data on. For example, specify "2-8,10,12-14" to sample only CPUs 2 through 8, 10, and 12 through 14.
46 [139664388600512] INFO perfrun.launcher <> - the option was added --event-mux-alg: Specify the event multiplexing algorithm. Possible values: sequence, timer, trigger.
46 [139664388600512] INFO perfrun.launcher <> - the option was added --event-mux-timeslice: Specify the event multiplexing time slice value as <integer>. The time slice specifies the duration between cycles for each event multiplexing group. The default value is 50 milliseconds. This option is valid only for timer-based event multiplexing. Specify the event multiplexing time slice value as <integer>. The time slice specifies the duration between cycles for each event multiplexing group. The default value is 1 millisecond. This option is valid only for timer-based event multiplexing.
46 [139664388600512] INFO perfrun.launcher <> - the option was added --event-mux-factor: Specify the event multiplexing factor as <integer>. It controls the switching of event multiplexing groups. The default factor is 50. This option is valid only for trigger-based event multiplexing. Specify the event multiplexing factor as <integer>. It controls the switching of event multiplexing groups. The default factor is 1. This option is valid only for trigger-based event multiplexing.
46 [139664388600512] INFO perfrun.launcher <> - the option was added --event-mux-trigger: Specify the name of the trigger event for event multiplexing as <string>. This option is valid only for trigger-based event multiplexing. The default trigger is CPU_CLK_UNHALTED.CORE (or CPU_CLK_UNHALTED.THREAD). BADMSG: perfrun1.vtsspp::event-mux-trigger
46 [139664388600512] INFO perfrun.launcher <> - the option was added --pt-mode: BADMSG: perfrun1.vtsspp::pt-mode
46 [139664388600512] INFO perfrun.launcher <> - the option was added --sample-after-multiplier: Specify the sample after multiplier as <double>. This multiplier modifies the sample after value for all the events specified in -event-config option. The values can range from 0.1 to 100.0. SAV multiplier value
46 [139664388600512] INFO perfrun.launcher <> - the option was added --uncore-sampling-interval: Specify the uncore sampling interval as <integer>. This value set the uncore sampling interval for all the uncore events specified in -event-config option.
46 [139664388600512] INFO perfrun.launcher <> - the option was added --count: Enable counting mode. Enable counting mode
46 [139664388600512] INFO perfrun.launcher <> - the option was added --trace-mpi: Configure collector to trace MPI code.
46 [139664388600512] INFO perfrun.launcher <> - the option was added --aggregated-counting: Enable aggregated counting mode. Enable aggregated-counting mode
46 [139664388600512] INFO perfrun.launcher <> - the option was added --perf-per-cpu: System-wide collection from all CPUs
46 [139664388600512] INFO perfrun.launcher <> - the option was added --raw-perf-config: Specify a verified configuration for the Perf collector in the format: <describer>,<content>. For example: map-events-file,<path_to_map_events_file>.
46 [139664388600512] INFO perfrun.launcher <> - the option was added --sys-config: BADMSG: perfrun1.vtsspp::sys-config Specify types of system data to be collected. Supported value: cswitch - collect context switch information.
46 [139664388600512] INFO perfrun.launcher <> - the option was added --perf-event-config: Specify events for Perf collector in Perf format. For example: perf-event-config=cpu-clock.
46 [139664388600512] INFO perfrun.launcher <> - the option was added --perf-aio: Number of control blocks in asynchronous trace writing mode.
46 [139664388600512] INFO perfrun.launcher <> - the option was added --perf-compression: Specify compression of Perf collector output data. Possible levels: 0 - without compression, 1..3 - best speed, 4..22 - best compression that incurs big overhead.
47 [139664388600512] INFO perfrun.launcher <> - the option was added --perf-mmap-flush: Minimum data size read from the kernel mapped region.
47 [139664388600512] INFO perfrun.launcher <> - the option was added --perf-affinity: Adjust an affinity mask of the Perf thread to a node with an allocated memory trace buffer.
47 [139664388600512] INFO perfrun.launcher <> - the option was added --perf-threads: Setup threading mode for trace writing.
47 [139664388600512] INFO perfrun.launcher <> - the option was added --generate-platform-cmd: Get perf command line for an arbitrary target.
47 [139664388600512] INFO perfrun.launcher <> - the option was added --aocl-profile: Enable profiling and data collection through AOCL profiling tool.
47 [139664388600512] INFO perfrun.launcher <> - the option was added --aocl-source-file: Path to .source file. Find this in the compilation output directory of the FPGA application. Use this option to help attribute performance statistics to the source lines. If unspecified, AOCL profiler will attempt to locate the file in the current directory.
47 [139664388600512] INFO perfrun.launcher <> - the option was added --aocl-binary-aocx-file: Path to .aocx file (OpenCL flow) or host binary (DPC++ flow). If you do not provide this path: 1) For OpenCL flow, AOCL Profiler attempts to locate the file in the working directory. 2) For DPC++ flow, the collector assumes that host binary is used as an application to launch.
47 [139664388600512] INFO perfrun.launcher <> - the option was added --aocl-period: Specifies the number of cycles between readbacks from the device. The default value is 0 and indicates that the profiler should read back data as often as possible.
47 [139664388600512] INFO perfrun.launcher <> - the option was added --aocl-no-temporal: Disables readback during execution and only reads back non-autorun kernels once they finish executing.
47 [139664388600512] INFO perfrun.launcher <> - the option was added --aocl-no-mem-transfers: Disables the recording of memory transfer information.
47 [139664388600512] INFO perfrun.launcher <> - the option was added --stackwalk: Specify stack unwinding method. Possible values: online - unwind stacks during collection; offline - unwind stacks after collection is finished. Specify stack unwinding method. Possible value: lbr - unwind stacks during collection. Specify stack unwinding method. Possible values: online - unwind stacks during collection; offline - unwind stacks after collection is finished; lbr - enable LBR-based call stack collection. Specify stack unwinding method. Possible values: online - unwind stacks during collection; offline - unwind stacks after collection is finished. Specify stack unwinding method. Possible values: online - unwind stacks during collection; offline - unwind stacks after collection is finished.
47 [139664388600512] INFO perfrun.launcher <> - the option was added --filter-include: Filter data during collection. Possible values: contended=<on|off> - filter out uncontended events; contended_nostack=<time> - filter out stacks for contended events that take less than <time> microseconds; wait=<time> - ignore transitions and blocks with wait time less than <time> microseconds; wait_nostack=<time> - filter out stacks for waits that take less than <time> microseconds.
47 [139664388600512] INFO perfrun.launcher <> - the option was added --debug-pin: Debug PIN tool and runtime.
47 [139664388600512] INFO perfrun.launcher <> - the option was added --debug-exception: Disallow the application to set own abnormal termination handler.
47 [139664388600512] INFO perfrun.launcher <> - the option was added --trace-type: Specify the trace file granularity. Possible values: per-thread - per-thread trace file generation; per-process - per-process trace file generation.
47 [139664388600512] INFO perfrun.launcher <> - the option was added --instrumentation-type: Specify type of instrumentation.
48 [139664388600512] INFO perfrun.launcher <> - the option was added --altstack: Enable or disable usage of altstacks for profiling signal handlers.
48 [139664388600512] INFO perfrun.launcher <> - the option was added --profiling-signal: BADMSG: perfrun1.ptracecollector::profiling-signal Alternate profiling signal.
48 [139664388600512] INFO perfrun.launcher <> - the option was added --memory-strategy: Specify a minimal memory object size to be traced and a hash table size for faster objects search; for example: --memory-strategy obj-size-min=1024,hash-table-size=4096.
48 [139664388600512] INFO perfrun.launcher <> - the option was added --gpu-profiling-type: Specify a type of deep GPU profiling: none, bblatency, memlatency, instcount.
48 [139664388600512] INFO perfrun.launcher <> - the option was added --opencl-trace-mode: Specify OpenCL kernel tracing modes: 'default' to trace OpenCL kernels for Intel Graphics Driver only; 'epoch' for any non-Intel graphics, where OpenCL kernels will be traced and OpenCL profiling API timestamps will be interpreted as Unux Epoch time in nanoseconds; 'completion' to trace OpenCL kernels for any Graphics Driver and bind OpenCL profiling API timestamps to the timestamp of OpenCL completion callback.
48 [139664388600512] INFO perfrun.launcher <> - the option was added --gpu-kernels-to-profile: Specify a comma-separated list of GPU kernel names and invocations to be profiled in the following format: kernel_name[#start_idx#step#stop_idx], where kernel_name is the name of GPU kernel; start_idx is the number of the first invocation; and stop_idx is the number of the last invocation to be profiled.
48 [139664388600512] INFO perfrun.launcher <> - the option was added --exprof-com-list: List available COM ports.
48 [139664388600512] INFO perfrun.launcher <> - the option was added --exprof-dvc-list: List available DvC IDs.
48 [139664388600512] INFO perfrun.launcher <> - the option was added --exprof-trace-channel: BADMSG: perfrun1.exprof::exprof-trace-channel
48 [139664388600512] INFO perfrun.launcher <> - the option was added --exprof-event-config: Specify ExactProfiling Event Classes.
48 [139664388600512] INFO perfrun.launcher <> - the option was added --ice-pmons-list: BADMSG: perfrun1.ice::ice-pmons-list
48 [139664388600512] INFO perfrun.launcher <> - the option was added --ice-pmons-config: BADMSG: perfrun1.ice::ice-pmons-config
48 [139664388600512] INFO perfrun.launcher <> - the option was added --ice-sw-trace: Collect software traces of the Intel Neural Network Processor (NNP-I) and analyze software context of inference progress.
48 [139664388600512] INFO perfrun.launcher <> - the option was added --ice-sample-after-value: BADMSG: perfrun1.ice::ice-sample-after-value
48 [139664388600512] INFO perfrun.launcher <> - the option was added --ice-frequency: BADMSG: perfrun1.ice::ice-frequency
48 [139664388600512] INFO perfrun.launcher <> - the option was added --parallel-fs-config: Specify parallel fs counters to collect.
48 [139664388600512] INFO perfrun.launcher <> - the option was added --pwr-config: BADMSG: perfrun1.vtsspp::pwr-config Specify power metrics configuration.
48 [139664388600512] INFO perfrun.launcher <> - the option was added --pwr-sampling-interval: Specify Intel SoC Watch sampling interval.
49 [139664388600512] INFO perfrun.launcher <> - the option was added --collect-topology: Collect topology info with hwloc.
49 [139664388600512] INFO perfrun.launcher <> - the option was added --persistent-mem-metrics: Collect Persistent Memory performance counters.
49 [139664388600512] INFO perfrun.launcher <> - the option was added --os-counters: Collect OS counters
51 [139664388600512] INFO perfrun.launcher <> - create msngr2::ICliToolContext
51 [139664388600512] INFO perfrun.launcher <> - create file finder object
51 [139664388600512] INFO perfrun.launcher <> - create a result directory: pattern = /tmp/efsilva_vtune_823233/project/resultados_vtune/01_adaptive_dynamic4_hpc_smoke pid = 4294967295
53 [139664388600512] INFO perfrun.sdk <> - checked that the directory /tmp/efsilva_vtune_823233/project/resultados_vtune/01_adaptive_dynamic4_hpc_smoke is a local directory
53 [139664388600512] INFO perfrun.sdk <> - the directory /tmp/efsilva_vtune_823233/project/resultados_vtune/01_adaptive_dynamic4_hpc_smoke is a local directory with FS type ID 61267
53 [139664388600512] INFO perfrun.launcher <> - create data directory = /tmp/efsilva_vtune_823233/project/resultados_vtune/01_adaptive_dynamic4_hpc_smoke/data.0
53 [139664388600512] INFO perfrun.launcher <> - Creating the master collection flag
66 [139664388600512] INFO perfrun.launcher <> - Done creating the master collection flag
69 [139664233064128] INFO perfrun.launcher <> - plugin [remoteplug] was disabled because it doesn't support the given collection type.
70 [139664233064128] INFO perfrun.system <> - online nodes : 0-1
70 [139664233064128] INFO perfrun.system <> - nodes with cpus : 0-1
70 [139664233064128] INFO perfrun.system <> - nodes with memory : 0-1
74 [139664233064128] INFO perfrun.sdk <> - Allocating TMU :/tmp/efsilva_vtune_823233/project/resultados_vtune/01_adaptive_dynamic4_hpc_smoke/data.0/systemcollector-3506877-hype5.sc
74 [139664233064128] INFO perfrun.launcher <> - plugin [gpu] was disabled because it doesn't support the given collection type.
74 [139664233064128] INFO perfrun.launcher <> - plugin [] was disabled because it doesn't support the given collection type.
74 [139664233064128] INFO perfrun.launcher <> - plugin [] was disabled because it doesn't support the given collection type.
74 [139664233064128] INFO perfrun.launcher <> - plugin [] was disabled because it doesn't support the given collection type.
74 [139664233064128] INFO perfrun.mrte <> - system-wide mode is 0
74 [139664233064128] INFO perfrun.mrte <> - Getting  mrte profiling environment ...
104 [139664233064128] INFO perfrun.mrte <> - INTEL_MRTE_DATA_DIR=/tmp/efsilva_vtune_823233/project/resultados_vtune/01_adaptive_dynamic4_hpc_smoke/data.0
104 [139664233064128] INFO perfrun.mrte <> - INTEL_MRTE_HOST_NAME=hype5
104 [139664233064128] INFO perfrun.mrte <> - JAVA_TOOL_OPTIONS=-agentlib:amplxe_samplingmrte_javaprof_1.0 -Dsun.boot.library.path=/home/intel/oneapi/vtune/2021.1.1/lib32/runtime:/home/intel/oneapi/vtune/2021.1.1/lib64/runtime
104 [139664233064128] INFO perfrun.mrte <> - CORECLR_ENABLE_PROFILING=1
104 [139664233064128] INFO perfrun.mrte <> - CORECLR_PROFILER={AA5E4821-E3B1-479c-B7FF-5AD047D22CED}
104 [139664233064128] INFO perfrun.mrte <> - CORECLR_PROFILER_PATH=/home/intel/oneapi/vtune/2021.1.1/lib64/libamplxe_samplingmrte_clrprof_1.0.so
104 [139664233064128] INFO perfrun.mrte <> - INTEL_MRTE_PROFILER_MODE=mixed
104 [139664233064128] INFO perfrun.mrte <> - Data directory: /tmp/efsilva_vtune_823233/project/resultados_vtune/01_adaptive_dynamic4_hpc_smoke/data.0
104 [139664233064128] INFO perfrun.mrte <> - Mrte plugin is initialized
104 [139664233064128] INFO perfrun.launcher <> - plugin [emon] was disabled because it doesn't support the given collection type.
104 [139664233064128] INFO perfrun.launcher <> - plugin [cuscol] was disabled because it doesn't support the given collection type.
104 [139664233064128] INFO perfrun.launcher <> - plugin [stdsrc] was disabled because it doesn't support the given collection type.
104 [139664233064128] INFO perfrun.launcher <> - plugin [sep] was disabled because it doesn't support the given collection type.
104 [139664233064128] INFO perfrun.launcher <> - plugin [vtsspp] was disabled because it doesn't support the given collection type.
104 [139664233064128] INFO perfrun.perfcollector <> - AIO blocks = 0
104 [139664233064128] INFO perfrun.perfcollector <> - compression level = 1
104 [139664233064128] INFO perfrun.perfcollector <> - Perf threads mode = CPU
104 [139664233064128] INFO perfrun.perfcollector <> - No MPI detected-1
104 [139664233064128] WARN perfrun.launcher <> - Messenger::say: To profile kernel modules during the session, make sure they are available in the /lib/modules/kernel_version/ location.
104 [139664233064128] INFO perfrun.sdk <> - runCmd: "/home/intel/oneapi/vtune/2021.1.1/bin64/sep" -dry-run -sam 5 -ec "CPU_CLK_UNHALTED.THREAD:sa=2300000,CPU_CLK_UNHALTED.REF_TSC:sample:sa=2300000,INST_RETIRED.ANY:sample:sa=2300000,CPU_CLK_UNHALTED.REF_XCLK:sa=100003,CPU_CLK_UNHALTED.ONE_THREAD_ACTIVE:sa=100003,CYCLE_ACTIVITY.CYCLES_NO_EXECUTE:sa=2000003,CYCLE_ACTIVITY.STALLS_L1D_PENDING:sa=2000003,CYCLE_ACTIVITY.STALLS_LDM_PENDING:sa=2000003,CYCLE_ACTIVITY.STALLS_L2_PENDING:sa=2000003,IDQ_UOPS_NOT_DELIVERED.CORE:sa=2000003,INT_MISC.RECOVERY_CYCLES:sa=2000003,MEM_LOAD_UOPS_RETIRED.L3_HIT_PS:sa=50003,MEM_LOAD_UOPS_RETIRED.L3_MISS_PS:sa=50003,OFFCORE_REQUESTS_OUTSTANDING.CYCLES_WITH_DATA_RD:sa=2000003,OFFCORE_REQUESTS_OUTSTANDING.ALL_DATA_RD:cmask=6:sa=2000003,RESOURCE_STALLS.SB:sa=2000003,RS_EVENTS.EMPTY_CYCLES:sa=2000003,UOPS_EXECUTED.CORE:cmask=1:sa=2000003,UOPS_EXECUTED.CORE:cmask=2:sa=2000003,UOPS_EXECUTED.CORE:cmask=3:sa=2000003,UOPS_ISSUED.ANY:sa=2000003,UOPS_RETIRED.RETIRE_SLOTS:sa=2000003,IDQ_UOPS_NOT_DELIVERED.CYCLES_0_UOPS_DELIV.CORE:sa=2000003,MEM_UOPS_RETIRED.ALL_LOADS_PS:sa=100003,MEM_UOPS_RETIRED.ALL_STORES_PS:sa=100003,MEM_LOAD_UOPS_L3_MISS_RETIRED.LOCAL_DRAM_PS:sa=100003,MEM_LOAD_UOPS_L3_MISS_RETIRED.REMOTE_DRAM_PS:sa=100003,MEM_LOAD_UOPS_L3_MISS_RETIRED.REMOTE_HITM_PS:sa=100003,MEM_LOAD_UOPS_L3_MISS_RETIRED.REMOTE_FWD_PS:sa=100003,UNC_M_CAS_COUNT.RD,UNC_M_CAS_COUNT.WR" -experimental
127 [139664233064128] INFO perfrun.perfcollector <> - SepDryRun RC = true
127 [139664233064128] INFO perfrun.perfcollector <> - DRY_RUN : "PMU type: Core (core)"
130 [139664233064128] INFO perfrun.perfcollector <> - pmu type : cpu
130 [139664233064128] INFO perfrun.perfcollector <> - DRY_RUN : "Group 0:"
130 [139664233064128] INFO perfrun.perfcollector <> - id : 0
130 [139664233064128] INFO perfrun.perfcollector <> - DRY_RUN : "INST_RETIRED.ANY: event id 2"
130 [139664233064128] INFO perfrun.perfcollector <> - eventName : INST_RETIRED.ANY , eventId : 2
130 [139664233064128] INFO perfrun.perfcollector <> - DRY_RUN : "CPU_CLK_UNHALTED.THREAD: event id 0"
130 [139664233064128] INFO perfrun.perfcollector <> - eventName : CPU_CLK_UNHALTED.THREAD , eventId : 0
130 [139664233064128] INFO perfrun.perfcollector <> - DRY_RUN : "CPU_CLK_UNHALTED.REF_TSC: event id 1"
130 [139664233064128] INFO perfrun.perfcollector <> - eventName : CPU_CLK_UNHALTED.REF_TSC , eventId : 1
130 [139664233064128] INFO perfrun.perfcollector <> - DRY_RUN : "CPU_CLK_UNHALTED.REF_XCLK: event id 4"
130 [139664233064128] INFO perfrun.perfcollector <> - eventName : CPU_CLK_UNHALTED.REF_XCLK , eventId : 4
130 [139664233064128] INFO perfrun.perfcollector <> - DRY_RUN : "CPU_CLK_UNHALTED.ONE_THREAD_ACTIVE: event id 5"
130 [139664233064128] INFO perfrun.perfcollector <> - eventName : CPU_CLK_UNHALTED.ONE_THREAD_ACTIVE , eventId : 5
130 [139664233064128] INFO perfrun.perfcollector <> - DRY_RUN : "CYCLE_ACTIVITY.STALLS_L1D_PENDING: event id 3"
130 [139664233064128] INFO perfrun.perfcollector <> - eventName : CYCLE_ACTIVITY.STALLS_L1D_PENDING , eventId : 3
130 [139664233064128] INFO perfrun.perfcollector <> - DRY_RUN : "CYCLE_ACTIVITY.CYCLES_NO_EXECUTE: event id 6"
131 [139664233064128] INFO perfrun.perfcollector <> - eventName : CYCLE_ACTIVITY.CYCLES_NO_EXECUTE , eventId : 6
131 [139664233064128] INFO perfrun.perfcollector <> - DRY_RUN : "CCCR"
131 [139664233064128] INFO perfrun.perfcollector <> - DRY_RUN : "reg_type       = 1	event_id       = g	reg_id         = 38f	reg_value      = 70000000f"
131 [139664233064128] INFO perfrun.perfcollector <> - eventId : g , ignored
131 [139664233064128] INFO perfrun.perfcollector <> - DRY_RUN : "reg_type       = 1	event_id       = g	reg_id         = 390	reg_value      = 70000000f"
131 [139664233064128] INFO perfrun.perfcollector <> - eventId : g , ignored
131 [139664233064128] INFO perfrun.perfcollector <> - DRY_RUN : "reg_type       = 1	event_id       = g	reg_id         = 3f1	reg_value      = 0"
131 [139664233064128] INFO perfrun.perfcollector <> - eventId : g , ignored
131 [139664233064128] INFO perfrun.perfcollector <> - DRY_RUN : "reg_type       = 1	event_id       = g	reg_id         = 1d9	reg_value      = 1800"
131 [139664233064128] INFO perfrun.perfcollector <> - eventId : g , ignored
131 [139664233064128] INFO perfrun.perfcollector <> - DRY_RUN : "reg_type       = 1	event_id       = g	reg_id         = 38d	reg_value      = bbb"
131 [139664233064128] INFO perfrun.perfcollector <> - eventId : g , ignored
131 [139664233064128] INFO perfrun.perfcollector <> - DRY_RUN : "reg_type       = 1	event_id       = 4	reg_id         = 186	reg_value      = 53013c"
131 [139664233064128] INFO perfrun.perfcollector <> - eventId : 4 , cccrAddr : 186 , cccrVal : 53013c
131 [139664233064128] INFO perfrun.perfcollector <> - DRY_RUN : "reg_type       = 1	event_id       = 5	reg_id         = 187	reg_value      = 53023c"
131 [139664233064128] INFO perfrun.perfcollector <> - eventId : 5 , cccrAddr : 187 , cccrVal : 53023c
131 [139664233064128] INFO perfrun.perfcollector <> - DRY_RUN : "reg_type       = 1	event_id       = 3	reg_id         = 188	reg_value      = c530ca3"
131 [139664233064128] INFO perfrun.perfcollector <> - eventId : 3 , cccrAddr : 188 , cccrVal : c530ca3
131 [139664233064128] INFO perfrun.perfcollector <> - DRY_RUN : "reg_type       = 1	event_id       = 6	reg_id         = 189	reg_value      = 45304a3"
131 [139664233064128] INFO perfrun.perfcollector <> - eventId : 6 , cccrAddr : 189 , cccrVal : 45304a3
131 [139664233064128] INFO perfrun.perfcollector <> - DRY_RUN : "ESCR"
131 [139664233064128] INFO perfrun.perfcollector <> - DRY_RUN : "reg_type       = 2	event_id       = g	reg_id         = 1c8	reg_value      = 0"
131 [139664233064128] INFO perfrun.perfcollector <> - eventId : g , ignored
131 [139664233064128] INFO perfrun.perfcollector <> - DRY_RUN : "DATA"
131 [139664233064128] INFO perfrun.perfcollector <> - DRY_RUN : "reg_type       = 4	event_id       = 2	reg_id         = 309	reg_value      = ffffff508620"
131 [139664233064128] INFO perfrun.perfcollector <> - eventId : 2 , dataAddr : 309 , dataVal : ffffff508620
131 [139664233064128] INFO perfrun.perfcollector <> - DRY_RUN : "reg_type       = 4	event_id       = 0	reg_id         = 30a	reg_value      = ffffff508620"
131 [139664233064128] INFO perfrun.perfcollector <> - eventId : 0 , dataAddr : 30a , dataVal : ffffff508620
131 [139664233064128] INFO perfrun.perfcollector <> - DRY_RUN : "reg_type       = 4	event_id       = 1	reg_id         = 30b	reg_value      = ffffff508620"
131 [139664233064128] INFO perfrun.perfcollector <> - eventId : 1 , dataAddr : 30b , dataVal : ffffff508620
131 [139664233064128] INFO perfrun.perfcollector <> - DRY_RUN : "reg_type       = 4	event_id       = 4	reg_id         = c1	reg_value      = fffffff85ed1"
131 [139664233064128] INFO perfrun.perfcollector <> - eventId : 4 , dataAddr : c1 , dataVal : fffffff85ed1
131 [139664233064128] INFO perfrun.perfcollector <> - DRY_RUN : "reg_type       = 4	event_id       = 5	reg_id         = c2	reg_value      = fffffff85ed1"
131 [139664233064128] INFO perfrun.perfcollector <> - eventId : 5 , dataAddr : c2 , dataVal : fffffff85ed1
131 [139664233064128] INFO perfrun.perfcollector <> - DRY_RUN : "reg_type       = 4	event_id       = 3	reg_id         = c3	reg_value      = ffffff676971"
131 [139664233064128] INFO perfrun.perfcollector <> - eventId : 3 , dataAddr : c3 , dataVal : ffffff676971
131 [139664233064128] INFO perfrun.perfcollector <> - DRY_RUN : "reg_type       = 4	event_id       = 6	reg_id         = c4	reg_value      = ffffff676971"
131 [139664233064128] INFO perfrun.perfcollector <> - eventId : 6 , dataAddr : c4 , dataVal : ffffff676971
131 [139664233064128] INFO perfrun.perfcollector <> - DRY_RUN : "Group 1:"
131 [139664233064128] INFO perfrun.perfcollector <> - id : 1
131 [139664233064128] INFO perfrun.perfcollector <> - DRY_RUN : "INST_RETIRED.ANY: event id 2"
131 [139664233064128] INFO perfrun.perfcollector <> - eventName : INST_RETIRED.ANY , eventId : 2
131 [139664233064128] INFO perfrun.perfcollector <> - DRY_RUN : "CPU_CLK_UNHALTED.THREAD: event id 0"
131 [139664233064128] INFO perfrun.perfcollector <> - eventName : CPU_CLK_UNHALTED.THREAD , eventId : 0
131 [139664233064128] INFO perfrun.perfcollector <> - DRY_RUN : "CPU_CLK_UNHALTED.REF_TSC: event id 1"
131 [139664233064128] INFO perfrun.perfcollector <> - eventName : CPU_CLK_UNHALTED.REF_TSC , eventId : 1
131 [139664233064128] INFO perfrun.perfcollector <> - DRY_RUN : "CYCLE_ACTIVITY.STALLS_LDM_PENDING: event id 7"
131 [139664233064128] INFO perfrun.perfcollector <> - eventName : CYCLE_ACTIVITY.STALLS_LDM_PENDING , eventId : 7
131 [139664233064128] INFO perfrun.perfcollector <> - DRY_RUN : "CYCLE_ACTIVITY.STALLS_L2_PENDING: event id 8"
131 [139664233064128] INFO perfrun.perfcollector <> - eventName : CYCLE_ACTIVITY.STALLS_L2_PENDING , eventId : 8
131 [139664233064128] INFO perfrun.perfcollector <> - DRY_RUN : "IDQ_UOPS_NOT_DELIVERED.CORE: event id 9"
131 [139664233064128] INFO perfrun.perfcollector <> - eventName : IDQ_UOPS_NOT_DELIVERED.CORE , eventId : 9
131 [139664233064128] INFO perfrun.perfcollector <> - DRY_RUN : "INT_MISC.RECOVERY_CYCLES: event id 10"
131 [139664233064128] INFO perfrun.perfcollector <> - eventName : INT_MISC.RECOVERY_CYCLES , eventId : 10
131 [139664233064128] INFO perfrun.perfcollector <> - DRY_RUN : "CCCR"
131 [139664233064128] INFO perfrun.perfcollector <> - DRY_RUN : "reg_type       = 1	event_id       = g	reg_id         = 38f	reg_value      = 70000000f"
131 [139664233064128] INFO perfrun.perfcollector <> - eventId : g , ignored
131 [139664233064128] INFO perfrun.perfcollector <> - DRY_RUN : "reg_type       = 1	event_id       = g	reg_id         = 390	reg_value      = 70000000f"
131 [139664233064128] INFO perfrun.perfcollector <> - eventId : g , ignored
131 [139664233064128] INFO perfrun.perfcollector <> - DRY_RUN : "reg_type       = 1	event_id       = g	reg_id         = 3f1	reg_value      = 0"
131 [139664233064128] INFO perfrun.perfcollector <> - eventId : g , ignored
131 [139664233064128] INFO perfrun.perfcollector <> - DRY_RUN : "reg_type       = 1	event_id       = g	reg_id         = 1d9	reg_value      = 1800"
131 [139664233064128] INFO perfrun.perfcollector <> - eventId : g , ignored
131 [139664233064128] INFO perfrun.perfcollector <> - DRY_RUN : "reg_type       = 1	event_id       = g	reg_id         = 38d	reg_value      = bbb"
131 [139664233064128] INFO perfrun.perfcollector <> - eventId : g , ignored
131 [139664233064128] INFO perfrun.perfcollector <> - DRY_RUN : "reg_type       = 1	event_id       = 7	reg_id         = 186	reg_value      = 65306a3"
131 [139664233064128] INFO perfrun.perfcollector <> - eventId : 7 , cccrAddr : 186 , cccrVal : 65306a3
131 [139664233064128] INFO perfrun.perfcollector <> - DRY_RUN : "reg_type       = 1	event_id       = 8	reg_id         = 187	reg_value      = 55305a3"
131 [139664233064128] INFO perfrun.perfcollector <> - eventId : 8 , cccrAddr : 187 , cccrVal : 55305a3
131 [139664233064128] INFO perfrun.perfcollector <> - DRY_RUN : "reg_type       = 1	event_id       = 9	reg_id         = 188	reg_value      = 53019c"
131 [139664233064128] INFO perfrun.perfcollector <> - eventId : 9 , cccrAddr : 188 , cccrVal : 53019c
131 [139664233064128] INFO perfrun.perfcollector <> - DRY_RUN : "reg_type       = 1	event_id       = 10	reg_id         = 189	reg_value      = 153030d"
131 [139664233064128] INFO perfrun.perfcollector <> - eventId : 10 , cccrAddr : 189 , cccrVal : 153030d
131 [139664233064128] INFO perfrun.perfcollector <> - DRY_RUN : "ESCR"
131 [139664233064128] INFO perfrun.perfcollector <> - DRY_RUN : "reg_type       = 2	event_id       = g	reg_id         = 1c8	reg_value      = 0"
131 [139664233064128] INFO perfrun.perfcollector <> - eventId : g , ignored
131 [139664233064128] INFO perfrun.perfcollector <> - DRY_RUN : "DATA"
131 [139664233064128] INFO perfrun.perfcollector <> - DRY_RUN : "reg_type       = 4	event_id       = 2	reg_id         = 309	reg_value      = ffffff508620"
131 [139664233064128] INFO perfrun.perfcollector <> - eventId : 2 , dataAddr : 309 , dataVal : ffffff508620
131 [139664233064128] INFO perfrun.perfcollector <> - DRY_RUN : "reg_type       = 4	event_id       = 0	reg_id         = 30a	reg_value      = ffffff508620"
131 [139664233064128] INFO perfrun.perfcollector <> - eventId : 0 , dataAddr : 30a , dataVal : ffffff508620
131 [139664233064128] INFO perfrun.perfcollector <> - DRY_RUN : "reg_type       = 4	event_id       = 1	reg_id         = 30b	reg_value      = ffffff508620"
131 [139664233064128] INFO perfrun.perfcollector <> - eventId : 1 , dataAddr : 30b , dataVal : ffffff508620
131 [139664233064128] INFO perfrun.perfcollector <> - DRY_RUN : "reg_type       = 4	event_id       = 7	reg_id         = c1	reg_value      = ffffff676971"
131 [139664233064128] INFO perfrun.perfcollector <> - eventId : 7 , dataAddr : c1 , dataVal : ffffff676971
131 [139664233064128] INFO perfrun.perfcollector <> - DRY_RUN : "reg_type       = 4	event_id       = 8	reg_id         = c2	reg_value      = ffffff676971"
131 [139664233064128] INFO perfrun.perfcollector <> - eventId : 8 , dataAddr : c2 , dataVal : ffffff676971
131 [139664233064128] INFO perfrun.perfcollector <> - DRY_RUN : "reg_type       = 4	event_id       = 9	reg_id         = c3	reg_value      = ffffff676971"
131 [139664233064128] INFO perfrun.perfcollector <> - eventId : 9 , dataAddr : c3 , dataVal : ffffff676971
131 [139664233064128] INFO perfrun.perfcollector <> - DRY_RUN : "reg_type       = 4	event_id       = 10	reg_id         = c4	reg_value      = ffffff676971"
131 [139664233064128] INFO perfrun.perfcollector <> - eventId : 10 , dataAddr : c4 , dataVal : ffffff676971
131 [139664233064128] INFO perfrun.perfcollector <> - DRY_RUN : "Group 2:"
131 [139664233064128] INFO perfrun.perfcollector <> - id : 2
131 [139664233064128] INFO perfrun.perfcollector <> - DRY_RUN : "INST_RETIRED.ANY: event id 2"
131 [139664233064128] INFO perfrun.perfcollector <> - eventName : INST_RETIRED.ANY , eventId : 2
131 [139664233064128] INFO perfrun.perfcollector <> - DRY_RUN : "CPU_CLK_UNHALTED.THREAD: event id 0"
131 [139664233064128] INFO perfrun.perfcollector <> - eventName : CPU_CLK_UNHALTED.THREAD , eventId : 0
131 [139664233064128] INFO perfrun.perfcollector <> - DRY_RUN : "CPU_CLK_UNHALTED.REF_TSC: event id 1"
131 [139664233064128] INFO perfrun.perfcollector <> - eventName : CPU_CLK_UNHALTED.REF_TSC , eventId : 1
131 [139664233064128] INFO perfrun.perfcollector <> - DRY_RUN : "MEM_LOAD_UOPS_RETIRED.L3_HIT_PS: event id 11"
131 [139664233064128] INFO perfrun.perfcollector <> - eventName : MEM_LOAD_UOPS_RETIRED.L3_HIT_PS , eventId : 11
131 [139664233064128] INFO perfrun.perfcollector <> - DRY_RUN : "MEM_LOAD_UOPS_RETIRED.L3_MISS_PS: event id 12"
131 [139664233064128] INFO perfrun.perfcollector <> - eventName : MEM_LOAD_UOPS_RETIRED.L3_MISS_PS , eventId : 12
131 [139664233064128] INFO perfrun.perfcollector <> - DRY_RUN : "OFFCORE_REQUESTS_OUTSTANDING.CYCLES_WITH_DATA_RD: event id 13"
131 [139664233064128] INFO perfrun.perfcollector <> - eventName : OFFCORE_REQUESTS_OUTSTANDING.CYCLES_WITH_DATA_RD , eventId : 13
131 [139664233064128] INFO perfrun.perfcollector <> - DRY_RUN : "OFFCORE_REQUESTS_OUTSTANDING.ALL_DATA_RD:cmask=6: event id 14"
131 [139664233064128] INFO perfrun.perfcollector <> - eventName : OFFCORE_REQUESTS_OUTSTANDING.ALL_DATA_RD:cmask=6 , eventId : 14
131 [139664233064128] INFO perfrun.perfcollector <> - DRY_RUN : "CCCR"
131 [139664233064128] INFO perfrun.perfcollector <> - DRY_RUN : "reg_type       = 1	event_id       = g	reg_id         = 38f	reg_value      = 70000000f"
131 [139664233064128] INFO perfrun.perfcollector <> - eventId : g , ignored
131 [139664233064128] INFO perfrun.perfcollector <> - DRY_RUN : "reg_type       = 1	event_id       = g	reg_id         = 390	reg_value      = 70000000f"
131 [139664233064128] INFO perfrun.perfcollector <> - eventId : g , ignored
131 [139664233064128] INFO perfrun.perfcollector <> - DRY_RUN : "reg_type       = 1	event_id       = g	reg_id         = 3f1	reg_value      = 300000003"
131 [139664233064128] INFO perfrun.perfcollector <> - eventId : g , ignored
131 [139664233064128] INFO perfrun.perfcollector <> - DRY_RUN : "reg_type       = 1	event_id       = g	reg_id         = 1d9	reg_value      = 1800"
131 [139664233064128] INFO perfrun.perfcollector <> - eventId : g , ignored
131 [139664233064128] INFO perfrun.perfcollector <> - DRY_RUN : "reg_type       = 1	event_id       = g	reg_id         = 38d	reg_value      = bbb"
131 [139664233064128] INFO perfrun.perfcollector <> - eventId : g , ignored
131 [139664233064128] INFO perfrun.perfcollector <> - DRY_RUN : "reg_type       = 1	event_id       = 11	reg_id         = 186	reg_value      = 4304d1"
131 [139664233064128] INFO perfrun.perfcollector <> - eventId : 11 , cccrAddr : 186 , cccrVal : 4304d1
131 [139664233064128] INFO perfrun.perfcollector <> - DRY_RUN : "reg_type       = 1	event_id       = 12	reg_id         = 187	reg_value      = 4320d1"
131 [139664233064128] INFO perfrun.perfcollector <> - eventId : 12 , cccrAddr : 187 , cccrVal : 4320d1
131 [139664233064128] INFO perfrun.perfcollector <> - DRY_RUN : "reg_type       = 1	event_id       = 13	reg_id         = 188	reg_value      = 1530860"
131 [139664233064128] INFO perfrun.perfcollector <> - eventId : 13 , cccrAddr : 188 , cccrVal : 1530860
131 [139664233064128] INFO perfrun.perfcollector <> - DRY_RUN : "reg_type       = 1	event_id       = 14	reg_id         = 189	reg_value      = 6530860"
131 [139664233064128] INFO perfrun.perfcollector <> - eventId : 14 , cccrAddr : 189 , cccrVal : 6530860
131 [139664233064128] INFO perfrun.perfcollector <> - DRY_RUN : "ESCR"
131 [139664233064128] INFO perfrun.perfcollector <> - DRY_RUN : "reg_type       = 2	event_id       = g	reg_id         = 1c8	reg_value      = 0"
131 [139664233064128] INFO perfrun.perfcollector <> - eventId : g , ignored
131 [139664233064128] INFO perfrun.perfcollector <> - DRY_RUN : "DATA"
131 [139664233064128] INFO perfrun.perfcollector <> - DRY_RUN : "reg_type       = 4	event_id       = 2	reg_id         = 309	reg_value      = ffffff508620"
131 [139664233064128] INFO perfrun.perfcollector <> - eventId : 2 , dataAddr : 309 , dataVal : ffffff508620
131 [139664233064128] INFO perfrun.perfcollector <> - DRY_RUN : "reg_type       = 4	event_id       = 0	reg_id         = 30a	reg_value      = ffffff508620"
131 [139664233064128] INFO perfrun.perfcollector <> - eventId : 0 , dataAddr : 30a , dataVal : ffffff508620
131 [139664233064128] INFO perfrun.perfcollector <> - DRY_RUN : "reg_type       = 4	event_id       = 1	reg_id         = 30b	reg_value      = ffffff508620"
131 [139664233064128] INFO perfrun.perfcollector <> - eventId : 1 , dataAddr : 30b , dataVal : ffffff508620
131 [139664233064128] INFO perfrun.perfcollector <> - DRY_RUN : "reg_type       = 4	event_id       = 11	reg_id         = c1	reg_value      = fffffffc2f61"
131 [139664233064128] INFO perfrun.perfcollector <> - eventId : 11 , dataAddr : c1 , dataVal : fffffffc2f61
131 [139664233064128] INFO perfrun.perfcollector <> - DRY_RUN : "reg_type       = 4	event_id       = 12	reg_id         = c2	reg_value      = fffffffc2f61"
131 [139664233064128] INFO perfrun.perfcollector <> - eventId : 12 , dataAddr : c2 , dataVal : fffffffc2f61
131 [139664233064128] INFO perfrun.perfcollector <> - DRY_RUN : "reg_type       = 4	event_id       = 13	reg_id         = c3	reg_value      = ffffff676971"
131 [139664233064128] INFO perfrun.perfcollector <> - eventId : 13 , dataAddr : c3 , dataVal : ffffff676971
131 [139664233064128] INFO perfrun.perfcollector <> - DRY_RUN : "reg_type       = 4	event_id       = 14	reg_id         = c4	reg_value      = ffffff676971"
131 [139664233064128] INFO perfrun.perfcollector <> - eventId : 14 , dataAddr : c4 , dataVal : ffffff676971
131 [139664233064128] INFO perfrun.perfcollector <> - DRY_RUN : "Group 3:"
131 [139664233064128] INFO perfrun.perfcollector <> - id : 3
131 [139664233064128] INFO perfrun.perfcollector <> - DRY_RUN : "INST_RETIRED.ANY: event id 2"
131 [139664233064128] INFO perfrun.perfcollector <> - eventName : INST_RETIRED.ANY , eventId : 2
131 [139664233064128] INFO perfrun.perfcollector <> - DRY_RUN : "CPU_CLK_UNHALTED.THREAD: event id 0"
131 [139664233064128] INFO perfrun.perfcollector <> - eventName : CPU_CLK_UNHALTED.THREAD , eventId : 0
131 [139664233064128] INFO perfrun.perfcollector <> - DRY_RUN : "CPU_CLK_UNHALTED.REF_TSC: event id 1"
131 [139664233064128] INFO perfrun.perfcollector <> - eventName : CPU_CLK_UNHALTED.REF_TSC , eventId : 1
131 [139664233064128] INFO perfrun.perfcollector <> - DRY_RUN : "RESOURCE_STALLS.SB: event id 15"
131 [139664233064128] INFO perfrun.perfcollector <> - eventName : RESOURCE_STALLS.SB , eventId : 15
131 [139664233064128] INFO perfrun.perfcollector <> - DRY_RUN : "RS_EVENTS.EMPTY_CYCLES: event id 16"
131 [139664233064128] INFO perfrun.perfcollector <> - eventName : RS_EVENTS.EMPTY_CYCLES , eventId : 16
131 [139664233064128] INFO perfrun.perfcollector <> - DRY_RUN : "UOPS_EXECUTED.CORE:cmask=1: event id 17"
131 [139664233064128] INFO perfrun.perfcollector <> - eventName : UOPS_EXECUTED.CORE:cmask=1 , eventId : 17
131 [139664233064128] INFO perfrun.perfcollector <> - DRY_RUN : "UOPS_EXECUTED.CORE:cmask=2: event id 18"
131 [139664233064128] INFO perfrun.perfcollector <> - eventName : UOPS_EXECUTED.CORE:cmask=2 , eventId : 18
131 [139664233064128] INFO perfrun.perfcollector <> - DRY_RUN : "CCCR"
131 [139664233064128] INFO perfrun.perfcollector <> - DRY_RUN : "reg_type       = 1	event_id       = g	reg_id         = 38f	reg_value      = 70000000f"
131 [139664233064128] INFO perfrun.perfcollector <> - eventId : g , ignored
131 [139664233064128] INFO perfrun.perfcollector <> - DRY_RUN : "reg_type       = 1	event_id       = g	reg_id         = 390	reg_value      = 70000000f"
131 [139664233064128] INFO perfrun.perfcollector <> - eventId : g , ignored
131 [139664233064128] INFO perfrun.perfcollector <> - DRY_RUN : "reg_type       = 1	event_id       = g	reg_id         = 3f1	reg_value      = 0"
131 [139664233064128] INFO perfrun.perfcollector <> - eventId : g , ignored
131 [139664233064128] INFO perfrun.perfcollector <> - DRY_RUN : "reg_type       = 1	event_id       = g	reg_id         = 1d9	reg_value      = 1800"
131 [139664233064128] INFO perfrun.perfcollector <> - eventId : g , ignored
131 [139664233064128] INFO perfrun.perfcollector <> - DRY_RUN : "reg_type       = 1	event_id       = g	reg_id         = 38d	reg_value      = bbb"
131 [139664233064128] INFO perfrun.perfcollector <> - eventId : g , ignored
131 [139664233064128] INFO perfrun.perfcollector <> - DRY_RUN : "reg_type       = 1	event_id       = 15	reg_id         = 186	reg_value      = 5308a2"
131 [139664233064128] INFO perfrun.perfcollector <> - eventId : 15 , cccrAddr : 186 , cccrVal : 5308a2
131 [139664233064128] INFO perfrun.perfcollector <> - DRY_RUN : "reg_type       = 1	event_id       = 16	reg_id         = 187	reg_value      = 53015e"
131 [139664233064128] INFO perfrun.perfcollector <> - eventId : 16 , cccrAddr : 187 , cccrVal : 53015e
131 [139664233064128] INFO perfrun.perfcollector <> - DRY_RUN : "reg_type       = 1	event_id       = 17	reg_id         = 188	reg_value      = 15302b1"
132 [139664233064128] INFO perfrun.perfcollector <> - eventId : 17 , cccrAddr : 188 , cccrVal : 15302b1
132 [139664233064128] INFO perfrun.perfcollector <> - DRY_RUN : "reg_type       = 1	event_id       = 18	reg_id         = 189	reg_value      = 25302b1"
132 [139664233064128] INFO perfrun.perfcollector <> - eventId : 18 , cccrAddr : 189 , cccrVal : 25302b1
132 [139664233064128] INFO perfrun.perfcollector <> - DRY_RUN : "ESCR"
132 [139664233064128] INFO perfrun.perfcollector <> - DRY_RUN : "reg_type       = 2	event_id       = g	reg_id         = 1c8	reg_value      = 0"
132 [139664233064128] INFO perfrun.perfcollector <> - eventId : g , ignored
132 [139664233064128] INFO perfrun.perfcollector <> - DRY_RUN : "DATA"
132 [139664233064128] INFO perfrun.perfcollector <> - DRY_RUN : "reg_type       = 4	event_id       = 2	reg_id         = 309	reg_value      = ffffff508620"
132 [139664233064128] INFO perfrun.perfcollector <> - eventId : 2 , dataAddr : 309 , dataVal : ffffff508620
132 [139664233064128] INFO perfrun.perfcollector <> - DRY_RUN : "reg_type       = 4	event_id       = 0	reg_id         = 30a	reg_value      = ffffff508620"
132 [139664233064128] INFO perfrun.perfcollector <> - eventId : 0 , dataAddr : 30a , dataVal : ffffff508620
132 [139664233064128] INFO perfrun.perfcollector <> - DRY_RUN : "reg_type       = 4	event_id       = 1	reg_id         = 30b	reg_value      = ffffff508620"
132 [139664233064128] INFO perfrun.perfcollector <> - eventId : 1 , dataAddr : 30b , dataVal : ffffff508620
132 [139664233064128] INFO perfrun.perfcollector <> - DRY_RUN : "reg_type       = 4	event_id       = 15	reg_id         = c1	reg_value      = ffffff676971"
132 [139664233064128] INFO perfrun.perfcollector <> - eventId : 15 , dataAddr : c1 , dataVal : ffffff676971
132 [139664233064128] INFO perfrun.perfcollector <> - DRY_RUN : "reg_type       = 4	event_id       = 16	reg_id         = c2	reg_value      = ffffff676971"
132 [139664233064128] INFO perfrun.perfcollector <> - eventId : 16 , dataAddr : c2 , dataVal : ffffff676971
132 [139664233064128] INFO perfrun.perfcollector <> - DRY_RUN : "reg_type       = 4	event_id       = 17	reg_id         = c3	reg_value      = ffffff676971"
132 [139664233064128] INFO perfrun.perfcollector <> - eventId : 17 , dataAddr : c3 , dataVal : ffffff676971
132 [139664233064128] INFO perfrun.perfcollector <> - DRY_RUN : "reg_type       = 4	event_id       = 18	reg_id         = c4	reg_value      = ffffff676971"
132 [139664233064128] INFO perfrun.perfcollector <> - eventId : 18 , dataAddr : c4 , dataVal : ffffff676971
132 [139664233064128] INFO perfrun.perfcollector <> - DRY_RUN : "Group 4:"
132 [139664233064128] INFO perfrun.perfcollector <> - id : 4
132 [139664233064128] INFO perfrun.perfcollector <> - DRY_RUN : "INST_RETIRED.ANY: event id 2"
132 [139664233064128] INFO perfrun.perfcollector <> - eventName : INST_RETIRED.ANY , eventId : 2
132 [139664233064128] INFO perfrun.perfcollector <> - DRY_RUN : "CPU_CLK_UNHALTED.THREAD: event id 0"
132 [139664233064128] INFO perfrun.perfcollector <> - eventName : CPU_CLK_UNHALTED.THREAD , eventId : 0
132 [139664233064128] INFO perfrun.perfcollector <> - DRY_RUN : "CPU_CLK_UNHALTED.REF_TSC: event id 1"
132 [139664233064128] INFO perfrun.perfcollector <> - eventName : CPU_CLK_UNHALTED.REF_TSC , eventId : 1
132 [139664233064128] INFO perfrun.perfcollector <> - DRY_RUN : "UOPS_EXECUTED.CORE:cmask=3: event id 19"
132 [139664233064128] INFO perfrun.perfcollector <> - eventName : UOPS_EXECUTED.CORE:cmask=3 , eventId : 19
132 [139664233064128] INFO perfrun.perfcollector <> - DRY_RUN : "UOPS_ISSUED.ANY: event id 20"
132 [139664233064128] INFO perfrun.perfcollector <> - eventName : UOPS_ISSUED.ANY , eventId : 20
132 [139664233064128] INFO perfrun.perfcollector <> - DRY_RUN : "UOPS_RETIRED.RETIRE_SLOTS: event id 21"
132 [139664233064128] INFO perfrun.perfcollector <> - eventName : UOPS_RETIRED.RETIRE_SLOTS , eventId : 21
132 [139664233064128] INFO perfrun.perfcollector <> - DRY_RUN : "IDQ_UOPS_NOT_DELIVERED.CYCLES_0_UOPS_DELIV.CORE: event id 22"
132 [139664233064128] INFO perfrun.perfcollector <> - eventName : IDQ_UOPS_NOT_DELIVERED.CYCLES_0_UOPS_DELIV.CORE , eventId : 22
132 [139664233064128] INFO perfrun.perfcollector <> - DRY_RUN : "CCCR"
132 [139664233064128] INFO perfrun.perfcollector <> - DRY_RUN : "reg_type       = 1	event_id       = g	reg_id         = 38f	reg_value      = 70000000f"
132 [139664233064128] INFO perfrun.perfcollector <> - eventId : g , ignored
132 [139664233064128] INFO perfrun.perfcollector <> - DRY_RUN : "reg_type       = 1	event_id       = g	reg_id         = 390	reg_value      = 70000000f"
132 [139664233064128] INFO perfrun.perfcollector <> - eventId : g , ignored
132 [139664233064128] INFO perfrun.perfcollector <> - DRY_RUN : "reg_type       = 1	event_id       = g	reg_id         = 3f1	reg_value      = 0"
132 [139664233064128] INFO perfrun.perfcollector <> - eventId : g , ignored
132 [139664233064128] INFO perfrun.perfcollector <> - DRY_RUN : "reg_type       = 1	event_id       = g	reg_id         = 1d9	reg_value      = 1800"
132 [139664233064128] INFO perfrun.perfcollector <> - eventId : g , ignored
132 [139664233064128] INFO perfrun.perfcollector <> - DRY_RUN : "reg_type       = 1	event_id       = g	reg_id         = 38d	reg_value      = bbb"
132 [139664233064128] INFO perfrun.perfcollector <> - eventId : g , ignored
132 [139664233064128] INFO perfrun.perfcollector <> - DRY_RUN : "reg_type       = 1	event_id       = 19	reg_id         = 186	reg_value      = 35302b1"
132 [139664233064128] INFO perfrun.perfcollector <> - eventId : 19 , cccrAddr : 186 , cccrVal : 35302b1
132 [139664233064128] INFO perfrun.perfcollector <> - DRY_RUN : "reg_type       = 1	event_id       = 20	reg_id         = 187	reg_value      = 53010e"
132 [139664233064128] INFO perfrun.perfcollector <> - eventId : 20 , cccrAddr : 187 , cccrVal : 53010e
132 [139664233064128] INFO perfrun.perfcollector <> - DRY_RUN : "reg_type       = 1	event_id       = 21	reg_id         = 188	reg_value      = 5302c2"
132 [139664233064128] INFO perfrun.perfcollector <> - eventId : 21 , cccrAddr : 188 , cccrVal : 5302c2
132 [139664233064128] INFO perfrun.perfcollector <> - DRY_RUN : "reg_type       = 1	event_id       = 22	reg_id         = 189	reg_value      = 453019c"
132 [139664233064128] INFO perfrun.perfcollector <> - eventId : 22 , cccrAddr : 189 , cccrVal : 453019c
132 [139664233064128] INFO perfrun.perfcollector <> - DRY_RUN : "ESCR"
132 [139664233064128] INFO perfrun.perfcollector <> - DRY_RUN : "reg_type       = 2	event_id       = g	reg_id         = 1c8	reg_value      = 0"
132 [139664233064128] INFO perfrun.perfcollector <> - eventId : g , ignored
132 [139664233064128] INFO perfrun.perfcollector <> - DRY_RUN : "DATA"
132 [139664233064128] INFO perfrun.perfcollector <> - DRY_RUN : "reg_type       = 4	event_id       = 2	reg_id         = 309	reg_value      = ffffff508620"
132 [139664233064128] INFO perfrun.perfcollector <> - eventId : 2 , dataAddr : 309 , dataVal : ffffff508620
132 [139664233064128] INFO perfrun.perfcollector <> - DRY_RUN : "reg_type       = 4	event_id       = 0	reg_id         = 30a	reg_value      = ffffff508620"
132 [139664233064128] INFO perfrun.perfcollector <> - eventId : 0 , dataAddr : 30a , dataVal : ffffff508620
132 [139664233064128] INFO perfrun.perfcollector <> - DRY_RUN : "reg_type       = 4	event_id       = 1	reg_id         = 30b	reg_value      = ffffff508620"
132 [139664233064128] INFO perfrun.perfcollector <> - eventId : 1 , dataAddr : 30b , dataVal : ffffff508620
132 [139664233064128] INFO perfrun.perfcollector <> - DRY_RUN : "reg_type       = 4	event_id       = 19	reg_id         = c1	reg_value      = ffffff676971"
132 [139664233064128] INFO perfrun.perfcollector <> - eventId : 19 , dataAddr : c1 , dataVal : ffffff676971
132 [139664233064128] INFO perfrun.perfcollector <> - DRY_RUN : "reg_type       = 4	event_id       = 20	reg_id         = c2	reg_value      = ffffff676971"
132 [139664233064128] INFO perfrun.perfcollector <> - eventId : 20 , dataAddr : c2 , dataVal : ffffff676971
132 [139664233064128] INFO perfrun.perfcollector <> - DRY_RUN : "reg_type       = 4	event_id       = 21	reg_id         = c3	reg_value      = ffffff676971"
132 [139664233064128] INFO perfrun.perfcollector <> - eventId : 21 , dataAddr : c3 , dataVal : ffffff676971
132 [139664233064128] INFO perfrun.perfcollector <> - DRY_RUN : "reg_type       = 4	event_id       = 22	reg_id         = c4	reg_value      = ffffff676971"
132 [139664233064128] INFO perfrun.perfcollector <> - eventId : 22 , dataAddr : c4 , dataVal : ffffff676971
132 [139664233064128] INFO perfrun.perfcollector <> - DRY_RUN : "Group 5:"
132 [139664233064128] INFO perfrun.perfcollector <> - id : 5
132 [139664233064128] INFO perfrun.perfcollector <> - DRY_RUN : "INST_RETIRED.ANY: event id 2"
132 [139664233064128] INFO perfrun.perfcollector <> - eventName : INST_RETIRED.ANY , eventId : 2
132 [139664233064128] INFO perfrun.perfcollector <> - DRY_RUN : "CPU_CLK_UNHALTED.THREAD: event id 0"
132 [139664233064128] INFO perfrun.perfcollector <> - eventName : CPU_CLK_UNHALTED.THREAD , eventId : 0
132 [139664233064128] INFO perfrun.perfcollector <> - DRY_RUN : "CPU_CLK_UNHALTED.REF_TSC: event id 1"
132 [139664233064128] INFO perfrun.perfcollector <> - eventName : CPU_CLK_UNHALTED.REF_TSC , eventId : 1
132 [139664233064128] INFO perfrun.perfcollector <> - DRY_RUN : "MEM_UOPS_RETIRED.ALL_LOADS_PS: event id 23"
132 [139664233064128] INFO perfrun.perfcollector <> - eventName : MEM_UOPS_RETIRED.ALL_LOADS_PS , eventId : 23
132 [139664233064128] INFO perfrun.perfcollector <> - DRY_RUN : "MEM_UOPS_RETIRED.ALL_STORES_PS: event id 24"
132 [139664233064128] INFO perfrun.perfcollector <> - eventName : MEM_UOPS_RETIRED.ALL_STORES_PS , eventId : 24
132 [139664233064128] INFO perfrun.perfcollector <> - DRY_RUN : "MEM_LOAD_UOPS_L3_MISS_RETIRED.LOCAL_DRAM_PS: event id 25"
132 [139664233064128] INFO perfrun.perfcollector <> - eventName : MEM_LOAD_UOPS_L3_MISS_RETIRED.LOCAL_DRAM_PS , eventId : 25
132 [139664233064128] INFO perfrun.perfcollector <> - DRY_RUN : "MEM_LOAD_UOPS_L3_MISS_RETIRED.REMOTE_DRAM_PS: event id 26"
132 [139664233064128] INFO perfrun.perfcollector <> - eventName : MEM_LOAD_UOPS_L3_MISS_RETIRED.REMOTE_DRAM_PS , eventId : 26
132 [139664233064128] INFO perfrun.perfcollector <> - DRY_RUN : "CCCR"
132 [139664233064128] INFO perfrun.perfcollector <> - DRY_RUN : "reg_type       = 1	event_id       = g	reg_id         = 38f	reg_value      = 70000000f"
132 [139664233064128] INFO perfrun.perfcollector <> - eventId : g , ignored
132 [139664233064128] INFO perfrun.perfcollector <> - DRY_RUN : "reg_type       = 1	event_id       = g	reg_id         = 390	reg_value      = 70000000f"
132 [139664233064128] INFO perfrun.perfcollector <> - eventId : g , ignored
132 [139664233064128] INFO perfrun.perfcollector <> - DRY_RUN : "reg_type       = 1	event_id       = g	reg_id         = 3f1	reg_value      = f0000000f"
132 [139664233064128] INFO perfrun.perfcollector <> - eventId : g , ignored
132 [139664233064128] INFO perfrun.perfcollector <> - DRY_RUN : "reg_type       = 1	event_id       = g	reg_id         = 1d9	reg_value      = 1800"
132 [139664233064128] INFO perfrun.perfcollector <> - eventId : g , ignored
132 [139664233064128] INFO perfrun.perfcollector <> - DRY_RUN : "reg_type       = 1	event_id       = g	reg_id         = 38d	reg_value      = bbb"
132 [139664233064128] INFO perfrun.perfcollector <> - eventId : g , ignored
132 [139664233064128] INFO perfrun.perfcollector <> - DRY_RUN : "reg_type       = 1	event_id       = 23	reg_id         = 186	reg_value      = 4381d0"
132 [139664233064128] INFO perfrun.perfcollector <> - eventId : 23 , cccrAddr : 186 , cccrVal : 4381d0
132 [139664233064128] INFO perfrun.perfcollector <> - DRY_RUN : "reg_type       = 1	event_id       = 24	reg_id         = 187	reg_value      = 4382d0"
132 [139664233064128] INFO perfrun.perfcollector <> - eventId : 24 , cccrAddr : 187 , cccrVal : 4382d0
132 [139664233064128] INFO perfrun.perfcollector <> - DRY_RUN : "reg_type       = 1	event_id       = 25	reg_id         = 188	reg_value      = 4301d3"
132 [139664233064128] INFO perfrun.perfcollector <> - eventId : 25 , cccrAddr : 188 , cccrVal : 4301d3
132 [139664233064128] INFO perfrun.perfcollector <> - DRY_RUN : "reg_type       = 1	event_id       = 26	reg_id         = 189	reg_value      = 4304d3"
132 [139664233064128] INFO perfrun.perfcollector <> - eventId : 26 , cccrAddr : 189 , cccrVal : 4304d3
132 [139664233064128] INFO perfrun.perfcollector <> - DRY_RUN : "ESCR"
132 [139664233064128] INFO perfrun.perfcollector <> - DRY_RUN : "reg_type       = 2	event_id       = g	reg_id         = 1c8	reg_value      = 0"
132 [139664233064128] INFO perfrun.perfcollector <> - eventId : g , ignored
132 [139664233064128] INFO perfrun.perfcollector <> - DRY_RUN : "DATA"
132 [139664233064128] INFO perfrun.perfcollector <> - DRY_RUN : "reg_type       = 4	event_id       = 2	reg_id         = 309	reg_value      = ffffff508620"
132 [139664233064128] INFO perfrun.perfcollector <> - eventId : 2 , dataAddr : 309 , dataVal : ffffff508620
132 [139664233064128] INFO perfrun.perfcollector <> - DRY_RUN : "reg_type       = 4	event_id       = 0	reg_id         = 30a	reg_value      = ffffff508620"
132 [139664233064128] INFO perfrun.perfcollector <> - eventId : 0 , dataAddr : 30a , dataVal : ffffff508620
132 [139664233064128] INFO perfrun.perfcollector <> - DRY_RUN : "reg_type       = 4	event_id       = 1	reg_id         = 30b	reg_value      = ffffff508620"
132 [139664233064128] INFO perfrun.perfcollector <> - eventId : 1 , dataAddr : 30b , dataVal : ffffff508620
132 [139664233064128] INFO perfrun.perfcollector <> - DRY_RUN : "reg_type       = 4	event_id       = 23	reg_id         = c1	reg_value      = fffffff85ed1"
132 [139664233064128] INFO perfrun.perfcollector <> - eventId : 23 , dataAddr : c1 , dataVal : fffffff85ed1
132 [139664233064128] INFO perfrun.perfcollector <> - DRY_RUN : "reg_type       = 4	event_id       = 24	reg_id         = c2	reg_value      = fffffff85ed1"
132 [139664233064128] INFO perfrun.perfcollector <> - eventId : 24 , dataAddr : c2 , dataVal : fffffff85ed1
132 [139664233064128] INFO perfrun.perfcollector <> - DRY_RUN : "reg_type       = 4	event_id       = 25	reg_id         = c3	reg_value      = fffffff85ed1"
132 [139664233064128] INFO perfrun.perfcollector <> - eventId : 25 , dataAddr : c3 , dataVal : fffffff85ed1
132 [139664233064128] INFO perfrun.perfcollector <> - DRY_RUN : "reg_type       = 4	event_id       = 26	reg_id         = c4	reg_value      = fffffff85ed1"
132 [139664233064128] INFO perfrun.perfcollector <> - eventId : 26 , dataAddr : c4 , dataVal : fffffff85ed1
132 [139664233064128] INFO perfrun.perfcollector <> - DRY_RUN : "Group 6:"
132 [139664233064128] INFO perfrun.perfcollector <> - id : 6
132 [139664233064128] INFO perfrun.perfcollector <> - DRY_RUN : "INST_RETIRED.ANY: event id 2"
132 [139664233064128] INFO perfrun.perfcollector <> - eventName : INST_RETIRED.ANY , eventId : 2
132 [139664233064128] INFO perfrun.perfcollector <> - DRY_RUN : "CPU_CLK_UNHALTED.THREAD: event id 0"
132 [139664233064128] INFO perfrun.perfcollector <> - eventName : CPU_CLK_UNHALTED.THREAD , eventId : 0
132 [139664233064128] INFO perfrun.perfcollector <> - DRY_RUN : "CPU_CLK_UNHALTED.REF_TSC: event id 1"
132 [139664233064128] INFO perfrun.perfcollector <> - eventName : CPU_CLK_UNHALTED.REF_TSC , eventId : 1
132 [139664233064128] INFO perfrun.perfcollector <> - DRY_RUN : "MEM_LOAD_UOPS_L3_MISS_RETIRED.REMOTE_HITM_PS: event id 27"
132 [139664233064128] INFO perfrun.perfcollector <> - eventName : MEM_LOAD_UOPS_L3_MISS_RETIRED.REMOTE_HITM_PS , eventId : 27
132 [139664233064128] INFO perfrun.perfcollector <> - DRY_RUN : "MEM_LOAD_UOPS_L3_MISS_RETIRED.REMOTE_FWD_PS: event id 28"
132 [139664233064128] INFO perfrun.perfcollector <> - eventName : MEM_LOAD_UOPS_L3_MISS_RETIRED.REMOTE_FWD_PS , eventId : 28
132 [139664233064128] INFO perfrun.perfcollector <> - DRY_RUN : "CCCR"
132 [139664233064128] INFO perfrun.perfcollector <> - DRY_RUN : "reg_type       = 1	event_id       = g	reg_id         = 38f	reg_value      = 700000003"
132 [139664233064128] INFO perfrun.perfcollector <> - eventId : g , ignored
132 [139664233064128] INFO perfrun.perfcollector <> - DRY_RUN : "reg_type       = 1	event_id       = g	reg_id         = 390	reg_value      = 700000003"
132 [139664233064128] INFO perfrun.perfcollector <> - eventId : g , ignored
132 [139664233064128] INFO perfrun.perfcollector <> - DRY_RUN : "reg_type       = 1	event_id       = g	reg_id         = 3f1	reg_value      = 300000003"
132 [139664233064128] INFO perfrun.perfcollector <> - eventId : g , ignored
132 [139664233064128] INFO perfrun.perfcollector <> - DRY_RUN : "reg_type       = 1	event_id       = g	reg_id         = 1d9	reg_value      = 1800"
132 [139664233064128] INFO perfrun.perfcollector <> - eventId : g , ignored
132 [139664233064128] INFO perfrun.perfcollector <> - DRY_RUN : "reg_type       = 1	event_id       = g	reg_id         = 38d	reg_value      = bbb"
132 [139664233064128] INFO perfrun.perfcollector <> - eventId : g , ignored
132 [139664233064128] INFO perfrun.perfcollector <> - DRY_RUN : "reg_type       = 1	event_id       = 27	reg_id         = 186	reg_value      = 4310d3"
132 [139664233064128] INFO perfrun.perfcollector <> - eventId : 27 , cccrAddr : 186 , cccrVal : 4310d3
132 [139664233064128] INFO perfrun.perfcollector <> - DRY_RUN : "reg_type       = 1	event_id       = 28	reg_id         = 187	reg_value      = 4320d3"
132 [139664233064128] INFO perfrun.perfcollector <> - eventId : 28 , cccrAddr : 187 , cccrVal : 4320d3
132 [139664233064128] INFO perfrun.perfcollector <> - DRY_RUN : "ESCR"
132 [139664233064128] INFO perfrun.perfcollector <> - DRY_RUN : "reg_type       = 2	event_id       = g	reg_id         = 1c8	reg_value      = 0"
132 [139664233064128] INFO perfrun.perfcollector <> - eventId : g , ignored
132 [139664233064128] INFO perfrun.perfcollector <> - DRY_RUN : "DATA"
132 [139664233064128] INFO perfrun.perfcollector <> - DRY_RUN : "reg_type       = 4	event_id       = 2	reg_id         = 309	reg_value      = ffffff508620"
132 [139664233064128] INFO perfrun.perfcollector <> - eventId : 2 , dataAddr : 309 , dataVal : ffffff508620
132 [139664233064128] INFO perfrun.perfcollector <> - DRY_RUN : "reg_type       = 4	event_id       = 0	reg_id         = 30a	reg_value      = ffffff508620"
132 [139664233064128] INFO perfrun.perfcollector <> - eventId : 0 , dataAddr : 30a , dataVal : ffffff508620
132 [139664233064128] INFO perfrun.perfcollector <> - DRY_RUN : "reg_type       = 4	event_id       = 1	reg_id         = 30b	reg_value      = ffffff508620"
132 [139664233064128] INFO perfrun.perfcollector <> - eventId : 1 , dataAddr : 30b , dataVal : ffffff508620
132 [139664233064128] INFO perfrun.perfcollector <> - DRY_RUN : "reg_type       = 4	event_id       = 27	reg_id         = c1	reg_value      = fffffff85ed1"
132 [139664233064128] INFO perfrun.perfcollector <> - eventId : 27 , dataAddr : c1 , dataVal : fffffff85ed1
132 [139664233064128] INFO perfrun.perfcollector <> - DRY_RUN : "reg_type       = 4	event_id       = 28	reg_id         = c2	reg_value      = fffffff85ed1"
132 [139664233064128] INFO perfrun.perfcollector <> - eventId : 28 , dataAddr : c2 , dataVal : fffffff85ed1
132 [139664233064128] INFO perfrun.perfcollector <> - DRY_RUN : "PMU type: Uncore (imc)"
140 [139664233064128] INFO perfrun.perfcollector <> - pmu type : uncore_imc
140 [139664233064128] INFO perfrun.perfcollector <> - DRY_RUN : "Number of units: 8"
140 [139664233064128] INFO perfrun.perfcollector <> - id : 8
140 [139664233064128] INFO perfrun.perfcollector <> - DRY_RUN : "Group 0:"
140 [139664233064128] INFO perfrun.perfcollector <> - id : 0
140 [139664233064128] INFO perfrun.perfcollector <> - DRY_RUN : "UNC_M_CAS_COUNT.RD: event id 29"
140 [139664233064128] INFO perfrun.perfcollector <> - eventName : UNC_M_CAS_COUNT.RD , eventId : 29
140 [139664233064128] INFO perfrun.perfcollector <> - DRY_RUN : "UNC_M_CAS_COUNT.WR: event id 30"
140 [139664233064128] INFO perfrun.perfcollector <> - eventName : UNC_M_CAS_COUNT.WR , eventId : 30
140 [139664233064128] INFO perfrun.perfcollector <> - DRY_RUN : "CCCR"
140 [139664233064128] INFO perfrun.perfcollector <> - DRY_RUN : "idx = 0	reg_type       = 1	event_id = 30	reg_id         = 700	reg_value      = 80000000	bar_index      = 0"
140 [139664233064128] INFO perfrun.perfcollector <> - eventId : 30 , cccrAddr : 700 , cccrVal : 80000000
140 [139664233064128] INFO perfrun.perfcollector <> - DRY_RUN : "idx = 2	reg_type       = 5	event_id = 29	reg_id         = d8	reg_value      = 400304	bar_index      = 0"
140 [139664233064128] INFO perfrun.perfcollector <> - eventId : 29 , cccrAddr : d8 , cccrVal : 400304
140 [139664233064128] INFO perfrun.perfcollector <> - DRY_RUN : "idx = 3	reg_type       = 5	event_id = 30	reg_id         = dc	reg_value      = 400c04	bar_index      = 0"
140 [139664233064128] INFO perfrun.perfcollector <> - eventId : 30 , cccrAddr : dc , cccrVal : 400c04
140 [139664233064128] INFO perfrun.perfcollector <> - DRY_RUN : "idx = 6	reg_type       = 2	event_id = g	reg_id         = f4	reg_value      = 0	bar_index      = 0"
140 [139664233064128] INFO perfrun.perfcollector <> - eventId : g , ignored
140 [139664233064128] INFO perfrun.perfcollector <> - DRY_RUN : "idx = 8	reg_type       = 5	event_id = 29	reg_id         = d8	reg_value      = 400304	bar_index      = 0"
140 [139664233064128] INFO perfrun.perfcollector <> - eventId : 29 , cccrAddr : d8 , cccrVal : 400304
140 [139664233064128] INFO perfrun.perfcollector <> - DRY_RUN : "idx = 9	reg_type       = 5	event_id = 30	reg_id         = dc	reg_value      = 400c04	bar_index      = 0"
140 [139664233064128] INFO perfrun.perfcollector <> - eventId : 30 , cccrAddr : dc , cccrVal : 400c04
140 [139664233064128] INFO perfrun.perfcollector <> - DRY_RUN : "idx = 12	reg_type       = 2	event_id = g	reg_id         = f4	reg_value      = 0	bar_index      = 0"
140 [139664233064128] INFO perfrun.perfcollector <> - eventId : g , ignored
140 [139664233064128] INFO perfrun.perfcollector <> - DRY_RUN : "idx = 14	reg_type       = 5	event_id = 29	reg_id         = d8	reg_value      = 400304	bar_index      = 0"
140 [139664233064128] INFO perfrun.perfcollector <> - eventId : 29 , cccrAddr : d8 , cccrVal : 400304
140 [139664233064128] INFO perfrun.perfcollector <> - DRY_RUN : "idx = 15	reg_type       = 5	event_id = 30	reg_id         = dc	reg_value      = 400c04	bar_index      = 0"
140 [139664233064128] INFO perfrun.perfcollector <> - eventId : 30 , cccrAddr : dc , cccrVal : 400c04
140 [139664233064128] INFO perfrun.perfcollector <> - DRY_RUN : "idx = 18	reg_type       = 2	event_id = g	reg_id         = f4	reg_value      = 0	bar_index      = 0"
140 [139664233064128] INFO perfrun.perfcollector <> - eventId : g , ignored
140 [139664233064128] INFO perfrun.perfcollector <> - DRY_RUN : "idx = 20	reg_type       = 5	event_id = 29	reg_id         = d8	reg_value      = 400304	bar_index      = 0"
140 [139664233064128] INFO perfrun.perfcollector <> - eventId : 29 , cccrAddr : d8 , cccrVal : 400304
140 [139664233064128] INFO perfrun.perfcollector <> - DRY_RUN : "idx = 21	reg_type       = 5	event_id = 30	reg_id         = dc	reg_value      = 400c04	bar_index      = 0"
140 [139664233064128] INFO perfrun.perfcollector <> - eventId : 30 , cccrAddr : dc , cccrVal : 400c04
140 [139664233064128] INFO perfrun.perfcollector <> - DRY_RUN : "idx = 24	reg_type       = 2	event_id = g	reg_id         = f4	reg_value      = 0	bar_index      = 0"
140 [139664233064128] INFO perfrun.perfcollector <> - eventId : g , ignored
140 [139664233064128] INFO perfrun.perfcollector <> - DRY_RUN : "idx = 26	reg_type       = 5	event_id = 29	reg_id         = d8	reg_value      = 400304	bar_index      = 0"
140 [139664233064128] INFO perfrun.perfcollector <> - eventId : 29 , cccrAddr : d8 , cccrVal : 400304
140 [139664233064128] INFO perfrun.perfcollector <> - DRY_RUN : "idx = 27	reg_type       = 5	event_id = 30	reg_id         = dc	reg_value      = 400c04	bar_index      = 0"
140 [139664233064128] INFO perfrun.perfcollector <> - eventId : 30 , cccrAddr : dc , cccrVal : 400c04
140 [139664233064128] INFO perfrun.perfcollector <> - DRY_RUN : "idx = 30	reg_type       = 2	event_id = g	reg_id         = f4	reg_value      = 0	bar_index      = 0"
140 [139664233064128] INFO perfrun.perfcollector <> - eventId : g , ignored
140 [139664233064128] INFO perfrun.perfcollector <> - DRY_RUN : "idx = 32	reg_type       = 5	event_id = 29	reg_id         = d8	reg_value      = 400304	bar_index      = 0"
140 [139664233064128] INFO perfrun.perfcollector <> - eventId : 29 , cccrAddr : d8 , cccrVal : 400304
140 [139664233064128] INFO perfrun.perfcollector <> - DRY_RUN : "idx = 33	reg_type       = 5	event_id = 30	reg_id         = dc	reg_value      = 400c04	bar_index      = 0"
140 [139664233064128] INFO perfrun.perfcollector <> - eventId : 30 , cccrAddr : dc , cccrVal : 400c04
140 [139664233064128] INFO perfrun.perfcollector <> - DRY_RUN : "idx = 36	reg_type       = 2	event_id = g	reg_id         = f4	reg_value      = 0	bar_index      = 0"
140 [139664233064128] INFO perfrun.perfcollector <> - eventId : g , ignored
140 [139664233064128] INFO perfrun.perfcollector <> - DRY_RUN : "idx = 38	reg_type       = 5	event_id = 29	reg_id         = d8	reg_value      = 400304	bar_index      = 0"
140 [139664233064128] INFO perfrun.perfcollector <> - eventId : 29 , cccrAddr : d8 , cccrVal : 400304
140 [139664233064128] INFO perfrun.perfcollector <> - DRY_RUN : "idx = 39	reg_type       = 5	event_id = 30	reg_id         = dc	reg_value      = 400c04	bar_index      = 0"
140 [139664233064128] INFO perfrun.perfcollector <> - eventId : 30 , cccrAddr : dc , cccrVal : 400c04
140 [139664233064128] INFO perfrun.perfcollector <> - DRY_RUN : "idx = 42	reg_type       = 2	event_id = g	reg_id         = f4	reg_value      = 0	bar_index      = 0"
140 [139664233064128] INFO perfrun.perfcollector <> - eventId : g , ignored
140 [139664233064128] INFO perfrun.perfcollector <> - DRY_RUN : "idx = 44	reg_type       = 5	event_id = 29	reg_id         = d8	reg_value      = 400304	bar_index      = 0"
140 [139664233064128] INFO perfrun.perfcollector <> - eventId : 29 , cccrAddr : d8 , cccrVal : 400304
140 [139664233064128] INFO perfrun.perfcollector <> - DRY_RUN : "idx = 45	reg_type       = 5	event_id = 30	reg_id         = dc	reg_value      = 400c04	bar_index      = 0"
140 [139664233064128] INFO perfrun.perfcollector <> - eventId : 30 , cccrAddr : dc , cccrVal : 400c04
140 [139664233064128] INFO perfrun.perfcollector <> - DRY_RUN : "idx = 48	reg_type       = 2	event_id = g	reg_id         = f4	reg_value      = 0	bar_index      = 0"
140 [139664233064128] INFO perfrun.perfcollector <> - eventId : g , ignored
140 [139664233064128] INFO perfrun.perfcollector <> - DRY_RUN : "ESCR"
140 [139664233064128] INFO perfrun.perfcollector <> - DRY_RUN : "DATA"
140 [139664233064128] INFO perfrun.perfcollector <> - DRY_RUN : "idx = 50	reg_type       = 4	event_id       = 29	reg_id         = a0	reg_value      = 0	pci reg_id  offset    = 0xa0	pci reg id  data_size = 0	bar_index      = 0"
140 [139664233064128] INFO perfrun.perfcollector <> - eventId : 29 , dataAddr : a0 , dataVal : 0
140 [139664233064128] INFO perfrun.perfcollector <> - DRY_RUN : "idx = 51	reg_type       = 4	event_id       = 30	reg_id         = a8	reg_value      = 0	pci reg_id  offset    = 0xa8	pci reg id  data_size = 0	bar_index      = 0"
140 [139664233064128] INFO perfrun.perfcollector <> - eventId : 30 , dataAddr : a8 , dataVal : 0
140 [139664233064128] INFO perfrun.perfcollector <> - DRY_RUN : "idx = 55	reg_type       = 4	event_id       = 29	reg_id         = a0	reg_value      = 0	pci reg_id  offset    = 0xa0	pci reg id  data_size = 0	bar_index      = 0"
140 [139664233064128] INFO perfrun.perfcollector <> - eventId : 29 , dataAddr : a0 , dataVal : 0
140 [139664233064128] INFO perfrun.perfcollector <> - DRY_RUN : "idx = 56	reg_type       = 4	event_id       = 30	reg_id         = a8	reg_value      = 0	pci reg_id  offset    = 0xa8	pci reg id  data_size = 0	bar_index      = 0"
140 [139664233064128] INFO perfrun.perfcollector <> - eventId : 30 , dataAddr : a8 , dataVal : 0
140 [139664233064128] INFO perfrun.perfcollector <> - DRY_RUN : "idx = 60	reg_type       = 4	event_id       = 29	reg_id         = a0	reg_value      = 0	pci reg_id  offset    = 0xa0	pci reg id  data_size = 0	bar_index      = 0"
140 [139664233064128] INFO perfrun.perfcollector <> - eventId : 29 , dataAddr : a0 , dataVal : 0
140 [139664233064128] INFO perfrun.perfcollector <> - DRY_RUN : "idx = 61	reg_type       = 4	event_id       = 30	reg_id         = a8	reg_value      = 0	pci reg_id  offset    = 0xa8	pci reg id  data_size = 0	bar_index      = 0"
140 [139664233064128] INFO perfrun.perfcollector <> - eventId : 30 , dataAddr : a8 , dataVal : 0
140 [139664233064128] INFO perfrun.perfcollector <> - DRY_RUN : "idx = 65	reg_type       = 4	event_id       = 29	reg_id         = a0	reg_value      = 0	pci reg_id  offset    = 0xa0	pci reg id  data_size = 0	bar_index      = 0"
140 [139664233064128] INFO perfrun.perfcollector <> - eventId : 29 , dataAddr : a0 , dataVal : 0
140 [139664233064128] INFO perfrun.perfcollector <> - DRY_RUN : "idx = 66	reg_type       = 4	event_id       = 30	reg_id         = a8	reg_value      = 0	pci reg_id  offset    = 0xa8	pci reg id  data_size = 0	bar_index      = 0"
140 [139664233064128] INFO perfrun.perfcollector <> - eventId : 30 , dataAddr : a8 , dataVal : 0
140 [139664233064128] INFO perfrun.perfcollector <> - DRY_RUN : "idx = 70	reg_type       = 4	event_id       = 29	reg_id         = a0	reg_value      = 0	pci reg_id  offset    = 0xa0	pci reg id  data_size = 0	bar_index      = 0"
140 [139664233064128] INFO perfrun.perfcollector <> - eventId : 29 , dataAddr : a0 , dataVal : 0
140 [139664233064128] INFO perfrun.perfcollector <> - DRY_RUN : "idx = 71	reg_type       = 4	event_id       = 30	reg_id         = a8	reg_value      = 0	pci reg_id  offset    = 0xa8	pci reg id  data_size = 0	bar_index      = 0"
140 [139664233064128] INFO perfrun.perfcollector <> - eventId : 30 , dataAddr : a8 , dataVal : 0
140 [139664233064128] INFO perfrun.perfcollector <> - DRY_RUN : "idx = 75	reg_type       = 4	event_id       = 29	reg_id         = a0	reg_value      = 0	pci reg_id  offset    = 0xa0	pci reg id  data_size = 0	bar_index      = 0"
140 [139664233064128] INFO perfrun.perfcollector <> - eventId : 29 , dataAddr : a0 , dataVal : 0
140 [139664233064128] INFO perfrun.perfcollector <> - DRY_RUN : "idx = 76	reg_type       = 4	event_id       = 30	reg_id         = a8	reg_value      = 0	pci reg_id  offset    = 0xa8	pci reg id  data_size = 0	bar_index      = 0"
140 [139664233064128] INFO perfrun.perfcollector <> - eventId : 30 , dataAddr : a8 , dataVal : 0
140 [139664233064128] INFO perfrun.perfcollector <> - DRY_RUN : "idx = 80	reg_type       = 4	event_id       = 29	reg_id         = a0	reg_value      = 0	pci reg_id  offset    = 0xa0	pci reg id  data_size = 0	bar_index      = 0"
140 [139664233064128] INFO perfrun.perfcollector <> - eventId : 29 , dataAddr : a0 , dataVal : 0
140 [139664233064128] INFO perfrun.perfcollector <> - DRY_RUN : "idx = 81	reg_type       = 4	event_id       = 30	reg_id         = a8	reg_value      = 0	pci reg_id  offset    = 0xa8	pci reg id  data_size = 0	bar_index      = 0"
140 [139664233064128] INFO perfrun.perfcollector <> - eventId : 30 , dataAddr : a8 , dataVal : 0
140 [139664233064128] INFO perfrun.perfcollector <> - DRY_RUN : "idx = 85	reg_type       = 4	event_id       = 29	reg_id         = a0	reg_value      = 0	pci reg_id  offset    = 0xa0	pci reg id  data_size = 0	bar_index      = 0"
140 [139664233064128] INFO perfrun.perfcollector <> - eventId : 29 , dataAddr : a0 , dataVal : 0
140 [139664233064128] INFO perfrun.perfcollector <> - DRY_RUN : "idx = 86	reg_type       = 4	event_id       = 30	reg_id         = a8	reg_value      = 0	pci reg_id  offset    = 0xa8	pci reg id  data_size = 0	bar_index      = 0"
140 [139664233064128] INFO perfrun.perfcollector <> - eventId : 30 , dataAddr : a8 , dataVal : 0
140 [139664233064128] INFO perfrun.perfcollector <> - pmu config : cpu , m_cccrAddr : ffffffff , m_cccrVal : 0 , m_escrAddr : ffffffff , m_escrVal : 0 , m_dataAddr : 30a , m_dataVal : ffffffffff508620
140 [139664233064128] INFO perfrun.perfcollector <> - config : event : 3c
140 [139664233064128] INFO perfrun.perfcollector <> - config : pc : 0
140 [139664233064128] INFO perfrun.perfcollector <> - config : edge : 0
140 [139664233064128] INFO perfrun.perfcollector <> - config : any : 0
140 [139664233064128] INFO perfrun.perfcollector <> - config1 : offcore_rsp : 0
140 [139664233064128] INFO perfrun.perfcollector <> - config1 : ldlat : 0
140 [139664233064128] INFO perfrun.perfcollector <> - config : inv : 0
140 [139664233064128] INFO perfrun.perfcollector <> - config : umask : 0
140 [139664233064128] INFO perfrun.perfcollector <> - config : cmask : 0
140 [139664233064128] INFO perfrun.perfcollector <> - format : cpu/period=0xaf79e0,event=0x3c,name='CPU_CLK_UNHALTED.THREAD'/D
140 [139664233064128] INFO perfrun.perfcollector <> - pmu config : cpu , m_cccrAddr : ffffffff , m_cccrVal : 0 , m_escrAddr : ffffffff , m_escrVal : 0 , m_dataAddr : 30b , m_dataVal : ffffffffff508620
140 [139664233064128] INFO perfrun.perfcollector <> - config : event : 0
140 [139664233064128] INFO perfrun.perfcollector <> - config : pc : 0
140 [139664233064128] INFO perfrun.perfcollector <> - config : edge : 0
140 [139664233064128] INFO perfrun.perfcollector <> - config : any : 0
140 [139664233064128] INFO perfrun.perfcollector <> - config1 : offcore_rsp : 0
140 [139664233064128] INFO perfrun.perfcollector <> - config1 : ldlat : 0
140 [139664233064128] INFO perfrun.perfcollector <> - config : inv : 0
140 [139664233064128] INFO perfrun.perfcollector <> - config : umask : 3
140 [139664233064128] INFO perfrun.perfcollector <> - config : cmask : 0
140 [139664233064128] INFO perfrun.perfcollector <> - format : cpu/period=0xaf79e0,umask=0x3,name='CPU_CLK_UNHALTED.REF_TSC'/D
140 [139664233064128] INFO perfrun.perfcollector <> - pmu config : cpu , m_cccrAddr : ffffffff , m_cccrVal : 0 , m_escrAddr : ffffffff , m_escrVal : 0 , m_dataAddr : 309 , m_dataVal : ffffffffff508620
140 [139664233064128] INFO perfrun.perfcollector <> - config : event : c0
140 [139664233064128] INFO perfrun.perfcollector <> - config : pc : 0
140 [139664233064128] INFO perfrun.perfcollector <> - config : edge : 0
140 [139664233064128] INFO perfrun.perfcollector <> - config : any : 0
140 [139664233064128] INFO perfrun.perfcollector <> - config1 : offcore_rsp : 0
140 [139664233064128] INFO perfrun.perfcollector <> - config1 : ldlat : 0
140 [139664233064128] INFO perfrun.perfcollector <> - config : inv : 0
140 [139664233064128] INFO perfrun.perfcollector <> - config : umask : 0
140 [139664233064128] INFO perfrun.perfcollector <> - config : cmask : 0
140 [139664233064128] INFO perfrun.perfcollector <> - format : cpu/period=0xaf79e0,event=0xc0,name='INST_RETIRED.ANY'/D
140 [139664233064128] INFO perfrun.perfcollector <> - pmu config : cpu , m_cccrAddr : 188 , m_cccrVal : c530ca3 , m_escrAddr : ffffffff , m_escrVal : 0 , m_dataAddr : c3 , m_dataVal : ffffffffff676971
140 [139664233064128] INFO perfrun.perfcollector <> - config : event : a3
140 [139664233064128] INFO perfrun.perfcollector <> - config : pc : 0
140 [139664233064128] INFO perfrun.perfcollector <> - config : edge : 0
140 [139664233064128] INFO perfrun.perfcollector <> - config : any : 0
140 [139664233064128] INFO perfrun.perfcollector <> - config1 : offcore_rsp : 0
140 [139664233064128] INFO perfrun.perfcollector <> - config1 : ldlat : 0
140 [139664233064128] INFO perfrun.perfcollector <> - config : inv : 0
140 [139664233064128] INFO perfrun.perfcollector <> - config : umask : c
140 [139664233064128] INFO perfrun.perfcollector <> - config : cmask : c
140 [139664233064128] INFO perfrun.perfcollector <> - format : cpu/period=0x98968f,event=0xa3,umask=0xc,cmask=0xc,name='CYCLE_ACTIVITY.STALLS_L1D_PENDING'/
140 [139664233064128] INFO perfrun.perfcollector <> - pmu config : cpu , m_cccrAddr : 186 , m_cccrVal : 53013c , m_escrAddr : ffffffff , m_escrVal : 0 , m_dataAddr : c1 , m_dataVal : fffffffffff85ed1
140 [139664233064128] INFO perfrun.perfcollector <> - config : event : 3c
140 [139664233064128] INFO perfrun.perfcollector <> - config : pc : 0
140 [139664233064128] INFO perfrun.perfcollector <> - config : edge : 0
140 [139664233064128] INFO perfrun.perfcollector <> - config : any : 0
140 [139664233064128] INFO perfrun.perfcollector <> - config1 : offcore_rsp : 0
140 [139664233064128] INFO perfrun.perfcollector <> - config1 : ldlat : 0
140 [139664233064128] INFO perfrun.perfcollector <> - config : inv : 0
140 [139664233064128] INFO perfrun.perfcollector <> - config : umask : 1
140 [139664233064128] INFO perfrun.perfcollector <> - config : cmask : 0
140 [139664233064128] INFO perfrun.perfcollector <> - format : cpu/period=0x7a12f,event=0x3c,umask=0x1,name='CPU_CLK_UNHALTED.REF_XCLK'/
140 [139664233064128] INFO perfrun.perfcollector <> - pmu config : cpu , m_cccrAddr : 187 , m_cccrVal : 53023c , m_escrAddr : ffffffff , m_escrVal : 0 , m_dataAddr : c2 , m_dataVal : fffffffffff85ed1
140 [139664233064128] INFO perfrun.perfcollector <> - config : event : 3c
140 [139664233064128] INFO perfrun.perfcollector <> - config : pc : 0
140 [139664233064128] INFO perfrun.perfcollector <> - config : edge : 0
140 [139664233064128] INFO perfrun.perfcollector <> - config : any : 0
140 [139664233064128] INFO perfrun.perfcollector <> - config1 : offcore_rsp : 0
140 [139664233064128] INFO perfrun.perfcollector <> - config1 : ldlat : 0
140 [139664233064128] INFO perfrun.perfcollector <> - config : inv : 0
140 [139664233064128] INFO perfrun.perfcollector <> - config : umask : 2
140 [139664233064128] INFO perfrun.perfcollector <> - config : cmask : 0
140 [139664233064128] INFO perfrun.perfcollector <> - format : cpu/period=0x7a12f,event=0x3c,umask=0x2,name='CPU_CLK_UNHALTED.ONE_THREAD_ACTIVE'/
141 [139664233064128] INFO perfrun.perfcollector <> - pmu config : cpu , m_cccrAddr : 189 , m_cccrVal : 45304a3 , m_escrAddr : ffffffff , m_escrVal : 0 , m_dataAddr : c4 , m_dataVal : ffffffffff676971
141 [139664233064128] INFO perfrun.perfcollector <> - config : event : a3
141 [139664233064128] INFO perfrun.perfcollector <> - config : pc : 0
141 [139664233064128] INFO perfrun.perfcollector <> - config : edge : 0
141 [139664233064128] INFO perfrun.perfcollector <> - config : any : 0
141 [139664233064128] INFO perfrun.perfcollector <> - config1 : offcore_rsp : 0
141 [139664233064128] INFO perfrun.perfcollector <> - config1 : ldlat : 0
141 [139664233064128] INFO perfrun.perfcollector <> - config : inv : 0
141 [139664233064128] INFO perfrun.perfcollector <> - config : umask : 4
141 [139664233064128] INFO perfrun.perfcollector <> - config : cmask : 4
141 [139664233064128] INFO perfrun.perfcollector <> - format : cpu/period=0x98968f,event=0xa3,umask=0x4,cmask=0x4,name='CYCLE_ACTIVITY.CYCLES_NO_EXECUTE'/
141 [139664233064128] INFO perfrun.perfcollector <> - pmu config : cpu , m_cccrAddr : 186 , m_cccrVal : 65306a3 , m_escrAddr : ffffffff , m_escrVal : 0 , m_dataAddr : c1 , m_dataVal : ffffffffff676971
141 [139664233064128] INFO perfrun.perfcollector <> - config : event : a3
141 [139664233064128] INFO perfrun.perfcollector <> - config : pc : 0
141 [139664233064128] INFO perfrun.perfcollector <> - config : edge : 0
141 [139664233064128] INFO perfrun.perfcollector <> - config : any : 0
141 [139664233064128] INFO perfrun.perfcollector <> - config1 : offcore_rsp : 0
141 [139664233064128] INFO perfrun.perfcollector <> - config1 : ldlat : 0
141 [139664233064128] INFO perfrun.perfcollector <> - config : inv : 0
141 [139664233064128] INFO perfrun.perfcollector <> - config : umask : 6
141 [139664233064128] INFO perfrun.perfcollector <> - config : cmask : 6
141 [139664233064128] INFO perfrun.perfcollector <> - format : cpu/period=0x98968f,event=0xa3,umask=0x6,cmask=0x6,name='CYCLE_ACTIVITY.STALLS_LDM_PENDING'/
141 [139664233064128] INFO perfrun.perfcollector <> - pmu config : cpu , m_cccrAddr : 187 , m_cccrVal : 55305a3 , m_escrAddr : ffffffff , m_escrVal : 0 , m_dataAddr : c2 , m_dataVal : ffffffffff676971
141 [139664233064128] INFO perfrun.perfcollector <> - config : event : a3
141 [139664233064128] INFO perfrun.perfcollector <> - config : pc : 0
141 [139664233064128] INFO perfrun.perfcollector <> - config : edge : 0
141 [139664233064128] INFO perfrun.perfcollector <> - config : any : 0
141 [139664233064128] INFO perfrun.perfcollector <> - config1 : offcore_rsp : 0
141 [139664233064128] INFO perfrun.perfcollector <> - config1 : ldlat : 0
141 [139664233064128] INFO perfrun.perfcollector <> - config : inv : 0
141 [139664233064128] INFO perfrun.perfcollector <> - config : umask : 5
141 [139664233064128] INFO perfrun.perfcollector <> - config : cmask : 5
141 [139664233064128] INFO perfrun.perfcollector <> - format : cpu/period=0x98968f,event=0xa3,umask=0x5,cmask=0x5,name='CYCLE_ACTIVITY.STALLS_L2_PENDING'/
141 [139664233064128] INFO perfrun.perfcollector <> - pmu config : cpu , m_cccrAddr : 188 , m_cccrVal : 53019c , m_escrAddr : ffffffff , m_escrVal : 0 , m_dataAddr : c3 , m_dataVal : ffffffffff676971
141 [139664233064128] INFO perfrun.perfcollector <> - config : event : 9c
141 [139664233064128] INFO perfrun.perfcollector <> - config : pc : 0
141 [139664233064128] INFO perfrun.perfcollector <> - config : edge : 0
141 [139664233064128] INFO perfrun.perfcollector <> - config : any : 0
141 [139664233064128] INFO perfrun.perfcollector <> - config1 : offcore_rsp : 0
141 [139664233064128] INFO perfrun.perfcollector <> - config1 : ldlat : 0
141 [139664233064128] INFO perfrun.perfcollector <> - config : inv : 0
141 [139664233064128] INFO perfrun.perfcollector <> - config : umask : 1
141 [139664233064128] INFO perfrun.perfcollector <> - config : cmask : 0
141 [139664233064128] INFO perfrun.perfcollector <> - format : cpu/period=0x98968f,event=0x9c,umask=0x1,name='IDQ_UOPS_NOT_DELIVERED.CORE'/
141 [139664233064128] INFO perfrun.perfcollector <> - pmu config : cpu , m_cccrAddr : 189 , m_cccrVal : 153030d , m_escrAddr : ffffffff , m_escrVal : 0 , m_dataAddr : c4 , m_dataVal : ffffffffff676971
141 [139664233064128] INFO perfrun.perfcollector <> - config : event : d
141 [139664233064128] INFO perfrun.perfcollector <> - config : pc : 0
141 [139664233064128] INFO perfrun.perfcollector <> - config : edge : 0
141 [139664233064128] INFO perfrun.perfcollector <> - config : any : 0
141 [139664233064128] INFO perfrun.perfcollector <> - config1 : offcore_rsp : 0
141 [139664233064128] INFO perfrun.perfcollector <> - config1 : ldlat : 0
141 [139664233064128] INFO perfrun.perfcollector <> - config : inv : 0
141 [139664233064128] INFO perfrun.perfcollector <> - config : umask : 3
141 [139664233064128] INFO perfrun.perfcollector <> - config : cmask : 1
141 [139664233064128] INFO perfrun.perfcollector <> - format : cpu/period=0x98968f,event=0xd,umask=0x3,cmask=0x1,name='INT_MISC.RECOVERY_CYCLES'/
141 [139664233064128] INFO perfrun.perfcollector <> - pmu config : cpu , m_cccrAddr : 186 , m_cccrVal : 4304d1 , m_escrAddr : ffffffff , m_escrVal : 0 , m_dataAddr : c1 , m_dataVal : fffffffffffc2f61
141 [139664233064128] INFO perfrun.perfcollector <> - config : event : d1
141 [139664233064128] INFO perfrun.perfcollector <> - config : pc : 0
141 [139664233064128] INFO perfrun.perfcollector <> - config : edge : 0
141 [139664233064128] INFO perfrun.perfcollector <> - config : any : 0
141 [139664233064128] INFO perfrun.perfcollector <> - config1 : offcore_rsp : 0
141 [139664233064128] INFO perfrun.perfcollector <> - config1 : ldlat : 0
141 [139664233064128] INFO perfrun.perfcollector <> - config : inv : 0
141 [139664233064128] INFO perfrun.perfcollector <> - config : umask : 4
141 [139664233064128] INFO perfrun.perfcollector <> - config : cmask : 0
141 [139664233064128] WARN perfrun.perfcollector <> - precise event : config : 4d1 , [m_cccrVal & impreciseMask(0x100000)] : 0, at file: vcs/perfrun1/plugins/perfcollector/src/event_manager.cpp:292
141 [139664233064128] INFO perfrun.perfcollector <> - format : cpu/period=0x3d09f,event=0xd1,umask=0x4,name='MEM_LOAD_UOPS_RETIRED.L3_HIT_PS'/
141 [139664233064128] INFO perfrun.perfcollector <> - pmu config : cpu , m_cccrAddr : 187 , m_cccrVal : 4320d1 , m_escrAddr : ffffffff , m_escrVal : 0 , m_dataAddr : c2 , m_dataVal : fffffffffffc2f61
141 [139664233064128] INFO perfrun.perfcollector <> - config : event : d1
141 [139664233064128] INFO perfrun.perfcollector <> - config : pc : 0
141 [139664233064128] INFO perfrun.perfcollector <> - config : edge : 0
141 [139664233064128] INFO perfrun.perfcollector <> - config : any : 0
141 [139664233064128] INFO perfrun.perfcollector <> - config1 : offcore_rsp : 0
141 [139664233064128] INFO perfrun.perfcollector <> - config1 : ldlat : 0
141 [139664233064128] INFO perfrun.perfcollector <> - config : inv : 0
141 [139664233064128] INFO perfrun.perfcollector <> - config : umask : 20
141 [139664233064128] INFO perfrun.perfcollector <> - config : cmask : 0
141 [139664233064128] WARN perfrun.perfcollector <> - precise event : config : 20d1 , [m_cccrVal & impreciseMask(0x100000)] : 0, at file: vcs/perfrun1/plugins/perfcollector/src/event_manager.cpp:292
141 [139664233064128] INFO perfrun.perfcollector <> - format : cpu/period=0x3d09f,event=0xd1,umask=0x20,name='MEM_LOAD_UOPS_RETIRED.L3_MISS_PS'/
141 [139664233064128] INFO perfrun.perfcollector <> - pmu config : cpu , m_cccrAddr : 188 , m_cccrVal : 1530860 , m_escrAddr : ffffffff , m_escrVal : 0 , m_dataAddr : c3 , m_dataVal : ffffffffff676971
141 [139664233064128] INFO perfrun.perfcollector <> - config : event : 60
141 [139664233064128] INFO perfrun.perfcollector <> - config : pc : 0
141 [139664233064128] INFO perfrun.perfcollector <> - config : edge : 0
141 [139664233064128] INFO perfrun.perfcollector <> - config : any : 0
141 [139664233064128] INFO perfrun.perfcollector <> - config1 : offcore_rsp : 0
141 [139664233064128] INFO perfrun.perfcollector <> - config1 : ldlat : 0
141 [139664233064128] INFO perfrun.perfcollector <> - config : inv : 0
141 [139664233064128] INFO perfrun.perfcollector <> - config : umask : 8
141 [139664233064128] INFO perfrun.perfcollector <> - config : cmask : 1
141 [139664233064128] INFO perfrun.perfcollector <> - format : cpu/period=0x98968f,event=0x60,umask=0x8,cmask=0x1,name='OFFCORE_REQUESTS_OUTSTANDING.CYCLES_WITH_DATA_RD'/
141 [139664233064128] INFO perfrun.perfcollector <> - pmu config : cpu , m_cccrAddr : 189 , m_cccrVal : 6530860 , m_escrAddr : ffffffff , m_escrVal : 0 , m_dataAddr : c4 , m_dataVal : ffffffffff676971
141 [139664233064128] INFO perfrun.perfcollector <> - config : event : 60
141 [139664233064128] INFO perfrun.perfcollector <> - config : pc : 0
141 [139664233064128] INFO perfrun.perfcollector <> - config : edge : 0
141 [139664233064128] INFO perfrun.perfcollector <> - config : any : 0
141 [139664233064128] INFO perfrun.perfcollector <> - config1 : offcore_rsp : 0
141 [139664233064128] INFO perfrun.perfcollector <> - config1 : ldlat : 0
141 [139664233064128] INFO perfrun.perfcollector <> - config : inv : 0
141 [139664233064128] INFO perfrun.perfcollector <> - config : umask : 8
141 [139664233064128] INFO perfrun.perfcollector <> - config : cmask : 6
141 [139664233064128] INFO perfrun.perfcollector <> - format : cpu/period=0x98968f,event=0x60,umask=0x8,cmask=0x6,name='OFFCORE_REQUESTS_OUTSTANDING.ALL_DATA_RD:cmask=6'/
141 [139664233064128] INFO perfrun.perfcollector <> - pmu config : cpu , m_cccrAddr : 186 , m_cccrVal : 5308a2 , m_escrAddr : ffffffff , m_escrVal : 0 , m_dataAddr : c1 , m_dataVal : ffffffffff676971
141 [139664233064128] INFO perfrun.perfcollector <> - config : event : a2
141 [139664233064128] INFO perfrun.perfcollector <> - config : pc : 0
141 [139664233064128] INFO perfrun.perfcollector <> - config : edge : 0
141 [139664233064128] INFO perfrun.perfcollector <> - config : any : 0
141 [139664233064128] INFO perfrun.perfcollector <> - config1 : offcore_rsp : 0
141 [139664233064128] INFO perfrun.perfcollector <> - config1 : ldlat : 0
141 [139664233064128] INFO perfrun.perfcollector <> - config : inv : 0
141 [139664233064128] INFO perfrun.perfcollector <> - config : umask : 8
141 [139664233064128] INFO perfrun.perfcollector <> - config : cmask : 0
141 [139664233064128] INFO perfrun.perfcollector <> - format : cpu/period=0x98968f,event=0xa2,umask=0x8,name='RESOURCE_STALLS.SB'/
141 [139664233064128] INFO perfrun.perfcollector <> - pmu config : cpu , m_cccrAddr : 187 , m_cccrVal : 53015e , m_escrAddr : ffffffff , m_escrVal : 0 , m_dataAddr : c2 , m_dataVal : ffffffffff676971
141 [139664233064128] INFO perfrun.perfcollector <> - config : event : 5e
141 [139664233064128] INFO perfrun.perfcollector <> - config : pc : 0
141 [139664233064128] INFO perfrun.perfcollector <> - config : edge : 0
141 [139664233064128] INFO perfrun.perfcollector <> - config : any : 0
141 [139664233064128] INFO perfrun.perfcollector <> - config1 : offcore_rsp : 0
141 [139664233064128] INFO perfrun.perfcollector <> - config1 : ldlat : 0
141 [139664233064128] INFO perfrun.perfcollector <> - config : inv : 0
141 [139664233064128] INFO perfrun.perfcollector <> - config : umask : 1
141 [139664233064128] INFO perfrun.perfcollector <> - config : cmask : 0
141 [139664233064128] INFO perfrun.perfcollector <> - format : cpu/period=0x98968f,event=0x5e,umask=0x1,name='RS_EVENTS.EMPTY_CYCLES'/
141 [139664233064128] INFO perfrun.perfcollector <> - pmu config : cpu , m_cccrAddr : 188 , m_cccrVal : 15302b1 , m_escrAddr : ffffffff , m_escrVal : 0 , m_dataAddr : c3 , m_dataVal : ffffffffff676971
141 [139664233064128] INFO perfrun.perfcollector <> - config : event : b1
141 [139664233064128] INFO perfrun.perfcollector <> - config : pc : 0
141 [139664233064128] INFO perfrun.perfcollector <> - config : edge : 0
141 [139664233064128] INFO perfrun.perfcollector <> - config : any : 0
141 [139664233064128] INFO perfrun.perfcollector <> - config1 : offcore_rsp : 0
141 [139664233064128] INFO perfrun.perfcollector <> - config1 : ldlat : 0
141 [139664233064128] INFO perfrun.perfcollector <> - config : inv : 0
141 [139664233064128] INFO perfrun.perfcollector <> - config : umask : 2
141 [139664233064128] INFO perfrun.perfcollector <> - config : cmask : 1
141 [139664233064128] INFO perfrun.perfcollector <> - format : cpu/period=0x98968f,event=0xb1,umask=0x2,cmask=0x1,name='UOPS_EXECUTED.CORE:cmask=1'/
141 [139664233064128] INFO perfrun.perfcollector <> - pmu config : cpu , m_cccrAddr : 189 , m_cccrVal : 25302b1 , m_escrAddr : ffffffff , m_escrVal : 0 , m_dataAddr : c4 , m_dataVal : ffffffffff676971
141 [139664233064128] INFO perfrun.perfcollector <> - config : event : b1
141 [139664233064128] INFO perfrun.perfcollector <> - config : pc : 0
141 [139664233064128] INFO perfrun.perfcollector <> - config : edge : 0
141 [139664233064128] INFO perfrun.perfcollector <> - config : any : 0
141 [139664233064128] INFO perfrun.perfcollector <> - config1 : offcore_rsp : 0
141 [139664233064128] INFO perfrun.perfcollector <> - config1 : ldlat : 0
141 [139664233064128] INFO perfrun.perfcollector <> - config : inv : 0
141 [139664233064128] INFO perfrun.perfcollector <> - config : umask : 2
141 [139664233064128] INFO perfrun.perfcollector <> - config : cmask : 2
141 [139664233064128] INFO perfrun.perfcollector <> - format : cpu/period=0x98968f,event=0xb1,umask=0x2,cmask=0x2,name='UOPS_EXECUTED.CORE:cmask=2'/
141 [139664233064128] INFO perfrun.perfcollector <> - pmu config : cpu , m_cccrAddr : 186 , m_cccrVal : 35302b1 , m_escrAddr : ffffffff , m_escrVal : 0 , m_dataAddr : c1 , m_dataVal : ffffffffff676971
141 [139664233064128] INFO perfrun.perfcollector <> - config : event : b1
141 [139664233064128] INFO perfrun.perfcollector <> - config : pc : 0
141 [139664233064128] INFO perfrun.perfcollector <> - config : edge : 0
141 [139664233064128] INFO perfrun.perfcollector <> - config : any : 0
141 [139664233064128] INFO perfrun.perfcollector <> - config1 : offcore_rsp : 0
141 [139664233064128] INFO perfrun.perfcollector <> - config1 : ldlat : 0
141 [139664233064128] INFO perfrun.perfcollector <> - config : inv : 0
141 [139664233064128] INFO perfrun.perfcollector <> - config : umask : 2
141 [139664233064128] INFO perfrun.perfcollector <> - config : cmask : 3
141 [139664233064128] INFO perfrun.perfcollector <> - format : cpu/period=0x98968f,event=0xb1,umask=0x2,cmask=0x3,name='UOPS_EXECUTED.CORE:cmask=3'/
141 [139664233064128] INFO perfrun.perfcollector <> - pmu config : cpu , m_cccrAddr : 187 , m_cccrVal : 53010e , m_escrAddr : ffffffff , m_escrVal : 0 , m_dataAddr : c2 , m_dataVal : ffffffffff676971
141 [139664233064128] INFO perfrun.perfcollector <> - config : event : e
141 [139664233064128] INFO perfrun.perfcollector <> - config : pc : 0
141 [139664233064128] INFO perfrun.perfcollector <> - config : edge : 0
141 [139664233064128] INFO perfrun.perfcollector <> - config : any : 0
141 [139664233064128] INFO perfrun.perfcollector <> - config1 : offcore_rsp : 0
141 [139664233064128] INFO perfrun.perfcollector <> - config1 : ldlat : 0
141 [139664233064128] INFO perfrun.perfcollector <> - config : inv : 0
141 [139664233064128] INFO perfrun.perfcollector <> - config : umask : 1
141 [139664233064128] INFO perfrun.perfcollector <> - config : cmask : 0
141 [139664233064128] INFO perfrun.perfcollector <> - format : cpu/period=0x98968f,event=0xe,umask=0x1,name='UOPS_ISSUED.ANY'/
141 [139664233064128] INFO perfrun.perfcollector <> - pmu config : cpu , m_cccrAddr : 188 , m_cccrVal : 5302c2 , m_escrAddr : ffffffff , m_escrVal : 0 , m_dataAddr : c3 , m_dataVal : ffffffffff676971
141 [139664233064128] INFO perfrun.perfcollector <> - config : event : c2
141 [139664233064128] INFO perfrun.perfcollector <> - config : pc : 0
141 [139664233064128] INFO perfrun.perfcollector <> - config : edge : 0
141 [139664233064128] INFO perfrun.perfcollector <> - config : any : 0
141 [139664233064128] INFO perfrun.perfcollector <> - config1 : offcore_rsp : 0
141 [139664233064128] INFO perfrun.perfcollector <> - config1 : ldlat : 0
141 [139664233064128] INFO perfrun.perfcollector <> - config : inv : 0
141 [139664233064128] INFO perfrun.perfcollector <> - config : umask : 2
141 [139664233064128] INFO perfrun.perfcollector <> - config : cmask : 0
141 [139664233064128] INFO perfrun.perfcollector <> - format : cpu/period=0x98968f,event=0xc2,umask=0x2,name='UOPS_RETIRED.RETIRE_SLOTS'/
141 [139664233064128] INFO perfrun.perfcollector <> - pmu config : cpu , m_cccrAddr : 189 , m_cccrVal : 453019c , m_escrAddr : ffffffff , m_escrVal : 0 , m_dataAddr : c4 , m_dataVal : ffffffffff676971
141 [139664233064128] INFO perfrun.perfcollector <> - config : event : 9c
141 [139664233064128] INFO perfrun.perfcollector <> - config : pc : 0
141 [139664233064128] INFO perfrun.perfcollector <> - config : edge : 0
141 [139664233064128] INFO perfrun.perfcollector <> - config : any : 0
141 [139664233064128] INFO perfrun.perfcollector <> - config1 : offcore_rsp : 0
141 [139664233064128] INFO perfrun.perfcollector <> - config1 : ldlat : 0
141 [139664233064128] INFO perfrun.perfcollector <> - config : inv : 0
141 [139664233064128] INFO perfrun.perfcollector <> - config : umask : 1
141 [139664233064128] INFO perfrun.perfcollector <> - config : cmask : 4
141 [139664233064128] INFO perfrun.perfcollector <> - format : cpu/period=0x98968f,event=0x9c,umask=0x1,cmask=0x4,name='IDQ_UOPS_NOT_DELIVERED.CYCLES_0_UOPS_DELIV.CORE'/
141 [139664233064128] INFO perfrun.perfcollector <> - pmu config : cpu , m_cccrAddr : 186 , m_cccrVal : 4381d0 , m_escrAddr : ffffffff , m_escrVal : 0 , m_dataAddr : c1 , m_dataVal : fffffffffff85ed1
141 [139664233064128] INFO perfrun.perfcollector <> - config : event : d0
141 [139664233064128] INFO perfrun.perfcollector <> - config : pc : 0
141 [139664233064128] INFO perfrun.perfcollector <> - config : edge : 0
141 [139664233064128] INFO perfrun.perfcollector <> - config : any : 0
141 [139664233064128] INFO perfrun.perfcollector <> - config1 : offcore_rsp : 0
141 [139664233064128] INFO perfrun.perfcollector <> - config1 : ldlat : 0
141 [139664233064128] INFO perfrun.perfcollector <> - config : inv : 0
141 [139664233064128] INFO perfrun.perfcollector <> - config : umask : 81
141 [139664233064128] INFO perfrun.perfcollector <> - config : cmask : 0
141 [139664233064128] WARN perfrun.perfcollector <> - precise event : config : 81d0 , [m_cccrVal & impreciseMask(0x100000)] : 0, at file: vcs/perfrun1/plugins/perfcollector/src/event_manager.cpp:292
141 [139664233064128] INFO perfrun.perfcollector <> - format : cpu/period=0x7a12f,event=0xd0,umask=0x81,name='MEM_UOPS_RETIRED.ALL_LOADS_PS'/
141 [139664233064128] INFO perfrun.perfcollector <> - pmu config : cpu , m_cccrAddr : 187 , m_cccrVal : 4382d0 , m_escrAddr : ffffffff , m_escrVal : 0 , m_dataAddr : c2 , m_dataVal : fffffffffff85ed1
141 [139664233064128] INFO perfrun.perfcollector <> - config : event : d0
141 [139664233064128] INFO perfrun.perfcollector <> - config : pc : 0
141 [139664233064128] INFO perfrun.perfcollector <> - config : edge : 0
141 [139664233064128] INFO perfrun.perfcollector <> - config : any : 0
141 [139664233064128] INFO perfrun.perfcollector <> - config1 : offcore_rsp : 0
141 [139664233064128] INFO perfrun.perfcollector <> - config1 : ldlat : 0
141 [139664233064128] INFO perfrun.perfcollector <> - config : inv : 0
141 [139664233064128] INFO perfrun.perfcollector <> - config : umask : 82
141 [139664233064128] INFO perfrun.perfcollector <> - config : cmask : 0
141 [139664233064128] WARN perfrun.perfcollector <> - precise event : config : 82d0 , [m_cccrVal & impreciseMask(0x100000)] : 0, at file: vcs/perfrun1/plugins/perfcollector/src/event_manager.cpp:292
141 [139664233064128] INFO perfrun.perfcollector <> - format : cpu/period=0x7a12f,event=0xd0,umask=0x82,name='MEM_UOPS_RETIRED.ALL_STORES_PS'/
141 [139664233064128] INFO perfrun.perfcollector <> - pmu config : cpu , m_cccrAddr : 188 , m_cccrVal : 4301d3 , m_escrAddr : ffffffff , m_escrVal : 0 , m_dataAddr : c3 , m_dataVal : fffffffffff85ed1
141 [139664233064128] INFO perfrun.perfcollector <> - config : event : d3
141 [139664233064128] INFO perfrun.perfcollector <> - config : pc : 0
141 [139664233064128] INFO perfrun.perfcollector <> - config : edge : 0
141 [139664233064128] INFO perfrun.perfcollector <> - config : any : 0
141 [139664233064128] INFO perfrun.perfcollector <> - config1 : offcore_rsp : 0
141 [139664233064128] INFO perfrun.perfcollector <> - config1 : ldlat : 0
142 [139664233064128] INFO perfrun.perfcollector <> - config : inv : 0
142 [139664233064128] INFO perfrun.perfcollector <> - config : umask : 1
142 [139664233064128] INFO perfrun.perfcollector <> - config : cmask : 0
142 [139664233064128] WARN perfrun.perfcollector <> - precise event : config : 1d3 , [m_cccrVal & impreciseMask(0x100000)] : 0, at file: vcs/perfrun1/plugins/perfcollector/src/event_manager.cpp:292
142 [139664233064128] INFO perfrun.perfcollector <> - format : cpu/period=0x7a12f,event=0xd3,umask=0x1,name='MEM_LOAD_UOPS_L3_MISS_RETIRED.LOCAL_DRAM_PS'/
142 [139664233064128] INFO perfrun.perfcollector <> - pmu config : cpu , m_cccrAddr : 189 , m_cccrVal : 4304d3 , m_escrAddr : ffffffff , m_escrVal : 0 , m_dataAddr : c4 , m_dataVal : fffffffffff85ed1
142 [139664233064128] INFO perfrun.perfcollector <> - config : event : d3
142 [139664233064128] INFO perfrun.perfcollector <> - config : pc : 0
142 [139664233064128] INFO perfrun.perfcollector <> - config : edge : 0
142 [139664233064128] INFO perfrun.perfcollector <> - config : any : 0
142 [139664233064128] INFO perfrun.perfcollector <> - config1 : offcore_rsp : 0
142 [139664233064128] INFO perfrun.perfcollector <> - config1 : ldlat : 0
142 [139664233064128] INFO perfrun.perfcollector <> - config : inv : 0
142 [139664233064128] INFO perfrun.perfcollector <> - config : umask : 4
142 [139664233064128] INFO perfrun.perfcollector <> - config : cmask : 0
142 [139664233064128] WARN perfrun.perfcollector <> - precise event : config : 4d3 , [m_cccrVal & impreciseMask(0x100000)] : 0, at file: vcs/perfrun1/plugins/perfcollector/src/event_manager.cpp:292
142 [139664233064128] INFO perfrun.perfcollector <> - format : cpu/period=0x7a12f,event=0xd3,umask=0x4,name='MEM_LOAD_UOPS_L3_MISS_RETIRED.REMOTE_DRAM_PS'/
142 [139664233064128] INFO perfrun.perfcollector <> - pmu config : cpu , m_cccrAddr : 186 , m_cccrVal : 4310d3 , m_escrAddr : ffffffff , m_escrVal : 0 , m_dataAddr : c1 , m_dataVal : fffffffffff85ed1
142 [139664233064128] INFO perfrun.perfcollector <> - config : event : d3
142 [139664233064128] INFO perfrun.perfcollector <> - config : pc : 0
142 [139664233064128] INFO perfrun.perfcollector <> - config : edge : 0
142 [139664233064128] INFO perfrun.perfcollector <> - config : any : 0
142 [139664233064128] INFO perfrun.perfcollector <> - config1 : offcore_rsp : 0
142 [139664233064128] INFO perfrun.perfcollector <> - config1 : ldlat : 0
142 [139664233064128] INFO perfrun.perfcollector <> - config : inv : 0
142 [139664233064128] INFO perfrun.perfcollector <> - config : umask : 10
142 [139664233064128] INFO perfrun.perfcollector <> - config : cmask : 0
142 [139664233064128] WARN perfrun.perfcollector <> - precise event : config : 10d3 , [m_cccrVal & impreciseMask(0x100000)] : 0, at file: vcs/perfrun1/plugins/perfcollector/src/event_manager.cpp:292
142 [139664233064128] INFO perfrun.perfcollector <> - format : cpu/period=0x7a12f,event=0xd3,umask=0x10,name='MEM_LOAD_UOPS_L3_MISS_RETIRED.REMOTE_HITM_PS'/
142 [139664233064128] INFO perfrun.perfcollector <> - pmu config : cpu , m_cccrAddr : 187 , m_cccrVal : 4320d3 , m_escrAddr : ffffffff , m_escrVal : 0 , m_dataAddr : c2 , m_dataVal : fffffffffff85ed1
142 [139664233064128] INFO perfrun.perfcollector <> - config : event : d3
142 [139664233064128] INFO perfrun.perfcollector <> - config : pc : 0
142 [139664233064128] INFO perfrun.perfcollector <> - config : edge : 0
142 [139664233064128] INFO perfrun.perfcollector <> - config : any : 0
142 [139664233064128] INFO perfrun.perfcollector <> - config1 : offcore_rsp : 0
142 [139664233064128] INFO perfrun.perfcollector <> - config1 : ldlat : 0
142 [139664233064128] INFO perfrun.perfcollector <> - config : inv : 0
142 [139664233064128] INFO perfrun.perfcollector <> - config : umask : 20
142 [139664233064128] INFO perfrun.perfcollector <> - config : cmask : 0
142 [139664233064128] WARN perfrun.perfcollector <> - precise event : config : 20d3 , [m_cccrVal & impreciseMask(0x100000)] : 0, at file: vcs/perfrun1/plugins/perfcollector/src/event_manager.cpp:292
142 [139664233064128] INFO perfrun.perfcollector <> - format : cpu/period=0x7a12f,event=0xd3,umask=0x20,name='MEM_LOAD_UOPS_L3_MISS_RETIRED.REMOTE_FWD_PS'/
142 [139664233064128] INFO perfrun.perfcollector <> - pmu config : uncore_imc_0 , m_cccrAddr : d8 , m_cccrVal : 400304 , m_escrAddr : ffffffff , m_escrVal : 0 , m_dataAddr : a0 , m_dataVal : 0
142 [139664233064128] INFO perfrun.perfcollector <> - config : event : 4
142 [139664233064128] INFO perfrun.perfcollector <> - config : edge : 0
142 [139664233064128] INFO perfrun.perfcollector <> - config : inv : 0
142 [139664233064128] INFO perfrun.perfcollector <> - config : umask : 3
142 [139664233064128] INFO perfrun.perfcollector <> - config : thresh : 0
142 [139664233064128] INFO perfrun.perfcollector <> - format : uncore_imc_0/period=0x0,event=0x4,umask=0x3,name='UNC_M_CAS_COUNT.RD[UNIT0]'/
142 [139664233064128] INFO perfrun.perfcollector <> - pmu config : uncore_imc_1 , m_cccrAddr : d8 , m_cccrVal : 400304 , m_escrAddr : ffffffff , m_escrVal : 0 , m_dataAddr : a0 , m_dataVal : 0
142 [139664233064128] INFO perfrun.perfcollector <> - config : event : 4
142 [139664233064128] INFO perfrun.perfcollector <> - config : edge : 0
142 [139664233064128] INFO perfrun.perfcollector <> - config : inv : 0
142 [139664233064128] INFO perfrun.perfcollector <> - config : umask : 3
142 [139664233064128] INFO perfrun.perfcollector <> - config : thresh : 0
142 [139664233064128] INFO perfrun.perfcollector <> - format : uncore_imc_1/period=0x0,event=0x4,umask=0x3,name='UNC_M_CAS_COUNT.RD[UNIT1]'/
142 [139664233064128] INFO perfrun.perfcollector <> - pmu config : uncore_imc_4 , m_cccrAddr : d8 , m_cccrVal : 400304 , m_escrAddr : ffffffff , m_escrVal : 0 , m_dataAddr : a0 , m_dataVal : 0
142 [139664233064128] INFO perfrun.perfcollector <> - config : event : 4
142 [139664233064128] INFO perfrun.perfcollector <> - config : edge : 0
142 [139664233064128] INFO perfrun.perfcollector <> - config : inv : 0
142 [139664233064128] INFO perfrun.perfcollector <> - config : umask : 3
142 [139664233064128] INFO perfrun.perfcollector <> - config : thresh : 0
142 [139664233064128] INFO perfrun.perfcollector <> - format : uncore_imc_4/period=0x0,event=0x4,umask=0x3,name='UNC_M_CAS_COUNT.RD[UNIT4]'/
142 [139664233064128] INFO perfrun.perfcollector <> - pmu config : uncore_imc_5 , m_cccrAddr : d8 , m_cccrVal : 400304 , m_escrAddr : ffffffff , m_escrVal : 0 , m_dataAddr : a0 , m_dataVal : 0
142 [139664233064128] INFO perfrun.perfcollector <> - config : event : 4
142 [139664233064128] INFO perfrun.perfcollector <> - config : edge : 0
142 [139664233064128] INFO perfrun.perfcollector <> - config : inv : 0
142 [139664233064128] INFO perfrun.perfcollector <> - config : umask : 3
142 [139664233064128] INFO perfrun.perfcollector <> - config : thresh : 0
142 [139664233064128] INFO perfrun.perfcollector <> - format : uncore_imc_5/period=0x0,event=0x4,umask=0x3,name='UNC_M_CAS_COUNT.RD[UNIT5]'/
142 [139664233064128] INFO perfrun.perfcollector <> - pmu config : uncore_imc_0 , m_cccrAddr : dc , m_cccrVal : 400c04 , m_escrAddr : ffffffff , m_escrVal : 0 , m_dataAddr : a8 , m_dataVal : 0
142 [139664233064128] INFO perfrun.perfcollector <> - config : event : 4
142 [139664233064128] INFO perfrun.perfcollector <> - config : edge : 0
142 [139664233064128] INFO perfrun.perfcollector <> - config : inv : 0
142 [139664233064128] INFO perfrun.perfcollector <> - config : umask : c
142 [139664233064128] INFO perfrun.perfcollector <> - config : thresh : 0
142 [139664233064128] INFO perfrun.perfcollector <> - format : uncore_imc_0/period=0x0,event=0x4,umask=0xc,name='UNC_M_CAS_COUNT.WR[UNIT0]'/
142 [139664233064128] INFO perfrun.perfcollector <> - pmu config : uncore_imc_1 , m_cccrAddr : dc , m_cccrVal : 400c04 , m_escrAddr : ffffffff , m_escrVal : 0 , m_dataAddr : a8 , m_dataVal : 0
142 [139664233064128] INFO perfrun.perfcollector <> - config : event : 4
142 [139664233064128] INFO perfrun.perfcollector <> - config : edge : 0
142 [139664233064128] INFO perfrun.perfcollector <> - config : inv : 0
142 [139664233064128] INFO perfrun.perfcollector <> - config : umask : c
142 [139664233064128] INFO perfrun.perfcollector <> - config : thresh : 0
142 [139664233064128] INFO perfrun.perfcollector <> - format : uncore_imc_1/period=0x0,event=0x4,umask=0xc,name='UNC_M_CAS_COUNT.WR[UNIT1]'/
142 [139664233064128] INFO perfrun.perfcollector <> - pmu config : uncore_imc_4 , m_cccrAddr : dc , m_cccrVal : 400c04 , m_escrAddr : ffffffff , m_escrVal : 0 , m_dataAddr : a8 , m_dataVal : 0
142 [139664233064128] INFO perfrun.perfcollector <> - config : event : 4
142 [139664233064128] INFO perfrun.perfcollector <> - config : edge : 0
142 [139664233064128] INFO perfrun.perfcollector <> - config : inv : 0
142 [139664233064128] INFO perfrun.perfcollector <> - config : umask : c
142 [139664233064128] INFO perfrun.perfcollector <> - config : thresh : 0
142 [139664233064128] INFO perfrun.perfcollector <> - format : uncore_imc_4/period=0x0,event=0x4,umask=0xc,name='UNC_M_CAS_COUNT.WR[UNIT4]'/
142 [139664233064128] INFO perfrun.perfcollector <> - pmu config : uncore_imc_5 , m_cccrAddr : dc , m_cccrVal : 400c04 , m_escrAddr : ffffffff , m_escrVal : 0 , m_dataAddr : a8 , m_dataVal : 0
142 [139664233064128] INFO perfrun.perfcollector <> - config : event : 4
142 [139664233064128] INFO perfrun.perfcollector <> - config : edge : 0
142 [139664233064128] INFO perfrun.perfcollector <> - config : inv : 0
142 [139664233064128] INFO perfrun.perfcollector <> - config : umask : c
142 [139664233064128] INFO perfrun.perfcollector <> - config : thresh : 0
142 [139664233064128] INFO perfrun.perfcollector <> - format : uncore_imc_5/period=0x0,event=0x4,umask=0xc,name='UNC_M_CAS_COUNT.WR[UNIT5]'/
142 [139664233064128] INFO perfrun.perfcollector <> - event: cpu/period=0xaf79e0,event=0x3c,name='CPU_CLK_UNHALTED.THREAD'/Duk , added for sampling
142 [139664233064128] INFO perfrun.perfcollector <> - event: cpu/period=0xaf79e0,umask=0x3,name='CPU_CLK_UNHALTED.REF_TSC'/Duk , added for sampling
142 [139664233064128] INFO perfrun.perfcollector <> - event: cpu/period=0xaf79e0,event=0xc0,name='INST_RETIRED.ANY'/Duk , added for sampling
142 [139664233064128] INFO perfrun.perfcollector <> - event: cpu/period=0x98968f,event=0xa3,umask=0xc,cmask=0xc,name='CYCLE_ACTIVITY.STALLS_L1D_PENDING'/uk , added for sampling
142 [139664233064128] INFO perfrun.perfcollector <> - event: cpu/period=0x7a12f,event=0x3c,umask=0x1,name='CPU_CLK_UNHALTED.REF_XCLK'/uk , added for sampling
142 [139664233064128] INFO perfrun.perfcollector <> - event: cpu/period=0x7a12f,event=0x3c,umask=0x2,name='CPU_CLK_UNHALTED.ONE_THREAD_ACTIVE'/uk , added for sampling
142 [139664233064128] INFO perfrun.perfcollector <> - event: cpu/period=0x98968f,event=0xa3,umask=0x4,cmask=0x4,name='CYCLE_ACTIVITY.CYCLES_NO_EXECUTE'/uk , added for sampling
142 [139664233064128] INFO perfrun.perfcollector <> - event: cpu/period=0x98968f,event=0xa3,umask=0x6,cmask=0x6,name='CYCLE_ACTIVITY.STALLS_LDM_PENDING'/uk , added for sampling
142 [139664233064128] INFO perfrun.perfcollector <> - event: cpu/period=0x98968f,event=0xa3,umask=0x5,cmask=0x5,name='CYCLE_ACTIVITY.STALLS_L2_PENDING'/uk , added for sampling
142 [139664233064128] INFO perfrun.perfcollector <> - event: cpu/period=0x98968f,event=0x9c,umask=0x1,name='IDQ_UOPS_NOT_DELIVERED.CORE'/uk , added for sampling
142 [139664233064128] INFO perfrun.perfcollector <> - event: cpu/period=0x98968f,event=0xd,umask=0x3,cmask=0x1,name='INT_MISC.RECOVERY_CYCLES'/uk , added for sampling
142 [139664233064128] INFO perfrun.perfcollector <> - event: cpu/period=0x3d09f,event=0xd1,umask=0x4,name='MEM_LOAD_UOPS_RETIRED.L3_HIT_PS'/ukpp , added for sampling
142 [139664233064128] INFO perfrun.perfcollector <> - event: cpu/period=0x3d09f,event=0xd1,umask=0x20,name='MEM_LOAD_UOPS_RETIRED.L3_MISS_PS'/ukpp , added for sampling
142 [139664233064128] INFO perfrun.perfcollector <> - event: cpu/period=0x98968f,event=0x60,umask=0x8,cmask=0x1,name='OFFCORE_REQUESTS_OUTSTANDING.CYCLES_WITH_DATA_RD'/uk , added for sampling
142 [139664233064128] INFO perfrun.perfcollector <> - event: cpu/period=0x98968f,event=0x60,umask=0x8,cmask=0x6,name='OFFCORE_REQUESTS_OUTSTANDING.ALL_DATA_RD:cmask=6'/uk , added for sampling
142 [139664233064128] INFO perfrun.perfcollector <> - event: cpu/period=0x98968f,event=0xa2,umask=0x8,name='RESOURCE_STALLS.SB'/uk , added for sampling
142 [139664233064128] INFO perfrun.perfcollector <> - event: cpu/period=0x98968f,event=0x5e,umask=0x1,name='RS_EVENTS.EMPTY_CYCLES'/uk , added for sampling
142 [139664233064128] INFO perfrun.perfcollector <> - event: cpu/period=0x98968f,event=0xb1,umask=0x2,cmask=0x1,name='UOPS_EXECUTED.CORE:cmask=1'/uk , added for sampling
142 [139664233064128] INFO perfrun.perfcollector <> - event: cpu/period=0x98968f,event=0xb1,umask=0x2,cmask=0x2,name='UOPS_EXECUTED.CORE:cmask=2'/uk , added for sampling
142 [139664233064128] INFO perfrun.perfcollector <> - event: cpu/period=0x98968f,event=0xb1,umask=0x2,cmask=0x3,name='UOPS_EXECUTED.CORE:cmask=3'/uk , added for sampling
142 [139664233064128] INFO perfrun.perfcollector <> - event: cpu/period=0x98968f,event=0xe,umask=0x1,name='UOPS_ISSUED.ANY'/uk , added for sampling
142 [139664233064128] INFO perfrun.perfcollector <> - event: cpu/period=0x98968f,event=0xc2,umask=0x2,name='UOPS_RETIRED.RETIRE_SLOTS'/uk , added for sampling
142 [139664233064128] INFO perfrun.perfcollector <> - event: cpu/period=0x98968f,event=0x9c,umask=0x1,cmask=0x4,name='IDQ_UOPS_NOT_DELIVERED.CYCLES_0_UOPS_DELIV.CORE'/uk , added for sampling
142 [139664233064128] INFO perfrun.perfcollector <> - event: cpu/period=0x7a12f,event=0xd0,umask=0x81,name='MEM_UOPS_RETIRED.ALL_LOADS_PS'/ukpp , added for sampling
142 [139664233064128] INFO perfrun.perfcollector <> - event: cpu/period=0x7a12f,event=0xd0,umask=0x82,name='MEM_UOPS_RETIRED.ALL_STORES_PS'/ukpp , added for sampling
142 [139664233064128] INFO perfrun.perfcollector <> - event: cpu/period=0x7a12f,event=0xd3,umask=0x1,name='MEM_LOAD_UOPS_L3_MISS_RETIRED.LOCAL_DRAM_PS'/ukpp , added for sampling
142 [139664233064128] INFO perfrun.perfcollector <> - event: cpu/period=0x7a12f,event=0xd3,umask=0x4,name='MEM_LOAD_UOPS_L3_MISS_RETIRED.REMOTE_DRAM_PS'/ukpp , added for sampling
142 [139664233064128] INFO perfrun.perfcollector <> - event: cpu/period=0x7a12f,event=0xd3,umask=0x10,name='MEM_LOAD_UOPS_L3_MISS_RETIRED.REMOTE_HITM_PS'/ukpp , added for sampling
142 [139664233064128] INFO perfrun.perfcollector <> - event: cpu/period=0x7a12f,event=0xd3,umask=0x20,name='MEM_LOAD_UOPS_L3_MISS_RETIRED.REMOTE_FWD_PS'/ukpp , added for sampling
142 [139664233064128] INFO perfrun.perfcollector <> - event: uncore_imc_0/period=0x0,event=0x4,umask=0x3,name='UNC_M_CAS_COUNT.RD[UNIT0]'/ , added for counting
142 [139664233064128] INFO perfrun.perfcollector <> - event: uncore_imc_1/period=0x0,event=0x4,umask=0x3,name='UNC_M_CAS_COUNT.RD[UNIT1]'/ , added for counting
142 [139664233064128] INFO perfrun.perfcollector <> - event: uncore_imc_4/period=0x0,event=0x4,umask=0x3,name='UNC_M_CAS_COUNT.RD[UNIT4]'/ , added for counting
142 [139664233064128] INFO perfrun.perfcollector <> - event: uncore_imc_5/period=0x0,event=0x4,umask=0x3,name='UNC_M_CAS_COUNT.RD[UNIT5]'/ , added for counting
142 [139664233064128] INFO perfrun.perfcollector <> - event: uncore_imc_0/period=0x0,event=0x4,umask=0xc,name='UNC_M_CAS_COUNT.WR[UNIT0]'/ , added for counting
142 [139664233064128] INFO perfrun.perfcollector <> - event: uncore_imc_1/period=0x0,event=0x4,umask=0xc,name='UNC_M_CAS_COUNT.WR[UNIT1]'/ , added for counting
142 [139664233064128] INFO perfrun.perfcollector <> - event: uncore_imc_4/period=0x0,event=0x4,umask=0xc,name='UNC_M_CAS_COUNT.WR[UNIT4]'/ , added for counting
142 [139664233064128] INFO perfrun.perfcollector <> - event: uncore_imc_5/period=0x0,event=0x4,umask=0xc,name='UNC_M_CAS_COUNT.WR[UNIT5]'/ , added for counting
142 [139664135124672] WARN perfrun.perfcollector <> - Perf stat trace pipe capacity: read = 1048576, write = 1048576, at file: vcs/perfrun1/plugins/perfcollector/src/profiler.cpp:763
142 [139664135124672] INFO perfrun.perfcollector <> - Path to Perf control pipe: /tmp/amplxe-tmp-efsilva/perf-pipe-3506877-36851391020587902
144 [139664135124672] INFO perfrun.sdk <> - runCmd: "/home/intel/oneapi/vtune/2021.1.1/bin64/amplxe-perf" stat -v --log-fd 11 --pipe "/tmp/amplxe-tmp-efsilva/perf-pipe-3506877-36851391020587902" --pipe-sync -I 10 -A --scale -x ; -a -e uncore_imc_0/period=0x0,event=0x4,umask=0x3,name='UNC_M_CAS_COUNT.RD[UNIT0]'/,uncore_imc_1/period=0x0,event=0x4,umask=0x3,name='UNC_M_CAS_COUNT.RD[UNIT1]'/,uncore_imc_4/period=0x0,event=0x4,umask=0x3,name='UNC_M_CAS_COUNT.RD[UNIT4]'/,uncore_imc_5/period=0x0,event=0x4,umask=0x3,name='UNC_M_CAS_COUNT.RD[UNIT5]'/,uncore_imc_0/period=0x0,event=0x4,umask=0xc,name='UNC_M_CAS_COUNT.WR[UNIT0]'/,uncore_imc_1/period=0x0,event=0x4,umask=0xc,name='UNC_M_CAS_COUNT.WR[UNIT1]'/,uncore_imc_4/period=0x0,event=0x4,umask=0xc,name='UNC_M_CAS_COUNT.WR[UNIT4]'/,uncore_imc_5/period=0x0,event=0x4,umask=0xc,name='UNC_M_CAS_COUNT.WR[UNIT5]'/ "/home/intel/oneapi/vtune/2021.1.1/bin64/amplxe-perf-sync" dryrun sys
177 [139664126731968] INFO perfrun.perfcollector <> - PERF_STAT : "     0.003984764;CPU0;1008;;UNC_M_CAS_COUNT.RD[UNIT0];3978408;100.00;;"
177 [139664126731968] INFO perfrun.perfcollector <> - PERF_STAT : "     0.003984764;CPU10;1332;;UNC_M_CAS_COUNT.RD[UNIT0];3925791;100.00;;"
177 [139664126731968] INFO perfrun.perfcollector <> - PERF_STAT : "     0.003984764;CPU0;1085;;UNC_M_CAS_COUNT.RD[UNIT1];3984973;100.00;;"
177 [139664126731968] INFO perfrun.perfcollector <> - PERF_STAT : "     0.003984764;CPU10;1092;;UNC_M_CAS_COUNT.RD[UNIT1];3917754;100.00;;"
177 [139664126731968] INFO perfrun.perfcollector <> - PERF_STAT : "     0.003984764;CPU0;986;;UNC_M_CAS_COUNT.RD[UNIT4];3977937;100.00;;"
177 [139664126731968] INFO perfrun.perfcollector <> - PERF_STAT : "     0.003984764;CPU10;1308;;UNC_M_CAS_COUNT.RD[UNIT4];3909952;100.00;;"
177 [139664126731968] INFO perfrun.perfcollector <> - PERF_STAT : "     0.003984764;CPU0;1029;;UNC_M_CAS_COUNT.RD[UNIT5];3971102;100.00;;"
177 [139664126731968] INFO perfrun.perfcollector <> - PERF_STAT : "     0.003984764;CPU10;1151;;UNC_M_CAS_COUNT.RD[UNIT5];3901975;100.00;;"
177 [139664126731968] INFO perfrun.perfcollector <> - PERF_STAT : "     0.003984764;CPU0;170;;UNC_M_CAS_COUNT.WR[UNIT0];3965444;100.00;;"
177 [139664126731968] INFO perfrun.perfcollector <> - PERF_STAT : "     0.003984764;CPU10;1686;;UNC_M_CAS_COUNT.WR[UNIT0];3895596;100.00;;"
177 [139664126731968] INFO perfrun.perfcollector <> - PERF_STAT : "     0.003984764;CPU0;245;;UNC_M_CAS_COUNT.WR[UNIT1];3956785;100.00;;"
177 [139664126731968] INFO perfrun.perfcollector <> - PERF_STAT : "     0.003984764;CPU10;1426;;UNC_M_CAS_COUNT.WR[UNIT1];3881983;100.00;;"
177 [139664126731968] INFO perfrun.perfcollector <> - PERF_STAT : "     0.003984764;CPU0;157;;UNC_M_CAS_COUNT.WR[UNIT4];3945279;100.00;;"
177 [139664126731968] INFO perfrun.perfcollector <> - PERF_STAT : "     0.003984764;CPU10;1646;;UNC_M_CAS_COUNT.WR[UNIT4];3868594;100.00;;"
177 [139664126731968] INFO perfrun.perfcollector <> - PERF_STAT : "     0.003984764;CPU0;217;;UNC_M_CAS_COUNT.WR[UNIT5];3925855;100.00;;"
177 [139664126731968] INFO perfrun.perfcollector <> - PERF_STAT : "     0.003984764;CPU10;1439;;UNC_M_CAS_COUNT.WR[UNIT5];3855013;100.00;;"
178 [139664135124672] INFO perfrun.perfcollector <> - Monitor: runCmd RC = true
178 [139664126731968] INFO perfrun.perfcollector <> - Path to Perf control pipe: /tmp/amplxe-tmp-efsilva/perf-pipe-3506877-36851391103064556
178 [139664126731968] INFO perfrun.sdk <> - runCmd: "/home/intel/oneapi/vtune/2021.1.1/bin64/amplxe-perf" record -v --pipe "/tmp/amplxe-tmp-efsilva/perf-pipe-3506877-36851391103064556" --pipe-sync -o "/tmp/efsilva_vtune_823233/project/resultados_vtune/01_adaptive_dynamic4_hpc_smoke/data.0/temp.dryrun.perf" -N -B -T -R --compression-level=1 -e cpu/period=0xaf79e0,event=0x3c,name='CPU_CLK_UNHALTED.THREAD'/Duk,cpu/period=0xaf79e0,umask=0x3,name='CPU_CLK_UNHALTED.REF_TSC'/Duk,cpu/period=0xaf79e0,event=0xc0,name='INST_RETIRED.ANY'/Duk,cpu/period=0x98968f,event=0xa3,umask=0xc,cmask=0xc,name='CYCLE_ACTIVITY.STALLS_L1D_PENDING'/uk,cpu/period=0x7a12f,event=0x3c,umask=0x1,name='CPU_CLK_UNHALTED.REF_XCLK'/uk,cpu/period=0x7a12f,event=0x3c,umask=0x2,name='CPU_CLK_UNHALTED.ONE_THREAD_ACTIVE'/uk,cpu/period=0x98968f,event=0xa3,umask=0x4,cmask=0x4,name='CYCLE_ACTIVITY.CYCLES_NO_EXECUTE'/uk,cpu/period=0x98968f,event=0xa3,umask=0x6,cmask=0x6,name='CYCLE_ACTIVITY.STALLS_LDM_PENDING'/uk,cpu/period=0x98968f,event=0xa3,umask=0x5,cmask=0x5,name='CYCLE_ACTIVITY.STALLS_L2_PENDING'/uk,cpu/period=0x98968f,event=0x9c,umask=0x1,name='IDQ_UOPS_NOT_DELIVERED.CORE'/uk,cpu/period=0x98968f,event=0xd,umask=0x3,cmask=0x1,name='INT_MISC.RECOVERY_CYCLES'/uk,cpu/period=0x3d09f,event=0xd1,umask=0x4,name='MEM_LOAD_UOPS_RETIRED.L3_HIT_PS'/ukpp,cpu/period=0x3d09f,event=0xd1,umask=0x20,name='MEM_LOAD_UOPS_RETIRED.L3_MISS_PS'/ukpp,cpu/period=0x98968f,event=0x60,umask=0x8,cmask=0x1,name='OFFCORE_REQUESTS_OUTSTANDING.CYCLES_WITH_DATA_RD'/uk,cpu/period=0x98968f,event=0x60,umask=0x8,cmask=0x6,name='OFFCORE_REQUESTS_OUTSTANDING.ALL_DATA_RD:cmask=6'/uk,cpu/period=0x98968f,event=0xa2,umask=0x8,name='RESOURCE_STALLS.SB'/uk,cpu/period=0x98968f,event=0x5e,umask=0x1,name='RS_EVENTS.EMPTY_CYCLES'/uk,cpu/period=0x98968f,event=0xb1,umask=0x2,cmask=0x1,name='UOPS_EXECUTED.CORE:cmask=1'/uk,cpu/period=0x98968f,event=0xb1,umask=0x2,cmask=0x2,name='UOPS_EXECUTED.CORE:cmask=2'/uk,cpu/period=0x98968f,event=0xb1,umask=0x2,cmask=0x3,name='UOPS_EXECUTED.CORE:cmask=3'/uk,cpu/period=0x98968f,event=0xe,umask=0x1,name='UOPS_ISSUED.ANY'/uk,cpu/period=0x98968f,event=0xc2,umask=0x2,name='UOPS_RETIRED.RETIRE_SLOTS'/uk,cpu/period=0x98968f,event=0x9c,umask=0x1,cmask=0x4,name='IDQ_UOPS_NOT_DELIVERED.CYCLES_0_UOPS_DELIV.CORE'/uk,cpu/period=0x7a12f,event=0xd0,umask=0x81,name='MEM_UOPS_RETIRED.ALL_LOADS_PS'/ukpp,cpu/period=0x7a12f,event=0xd0,umask=0x82,name='MEM_UOPS_RETIRED.ALL_STORES_PS'/ukpp,cpu/period=0x7a12f,event=0xd3,umask=0x1,name='MEM_LOAD_UOPS_L3_MISS_RETIRED.LOCAL_DRAM_PS'/ukpp,cpu/period=0x7a12f,event=0xd3,umask=0x4,name='MEM_LOAD_UOPS_L3_MISS_RETIRED.REMOTE_DRAM_PS'/ukpp,cpu/period=0x7a12f,event=0xd3,umask=0x10,name='MEM_LOAD_UOPS_L3_MISS_RETIRED.REMOTE_HITM_PS'/ukpp,cpu/period=0x7a12f,event=0xd3,umask=0x20,name='MEM_LOAD_UOPS_L3_MISS_RETIRED.REMOTE_FWD_PS'/ukpp --clockid=monotonic_raw "/home/intel/oneapi/vtune/2021.1.1/bin64/amplxe-perf-sync" dryrun sys
516 [139664126731968] INFO perfrun.perfcollector <> - Monitor: runCmd RC = true
516 [139664118339264] WARN perfrun.perfcollector <> - Perf stat trace pipe capacity: read = 1048576, write = 1048576, at file: vcs/perfrun1/plugins/perfcollector/src/profiler.cpp:763
516 [139664118339264] INFO perfrun.perfcollector <> - Path to Perf control pipe: /tmp/amplxe-tmp-efsilva/perf-pipe-3506877-36851391877690279
517 [139664118339264] INFO perfrun.sdk <> - runCmd: "/home/intel/oneapi/vtune/2021.1.1/bin64/amplxe-perf" stat -v --log-fd 11 --pipe "/tmp/amplxe-tmp-efsilva/perf-pipe-3506877-36851391877690279" --pipe-sync -I 10 -A --scale -x ; -a -e uncore_imc_0/period=0x0,event=0x4,umask=0x3,name='UNC_M_CAS_COUNT.RD[UNIT0]'/,uncore_imc_1/period=0x0,event=0x4,umask=0x3,name='UNC_M_CAS_COUNT.RD[UNIT1]'/,uncore_imc_4/period=0x0,event=0x4,umask=0x3,name='UNC_M_CAS_COUNT.RD[UNIT4]'/,uncore_imc_5/period=0x0,event=0x4,umask=0x3,name='UNC_M_CAS_COUNT.RD[UNIT5]'/,uncore_imc_0/period=0x0,event=0x4,umask=0xc,name='UNC_M_CAS_COUNT.WR[UNIT0]'/,uncore_imc_1/period=0x0,event=0x4,umask=0xc,name='UNC_M_CAS_COUNT.WR[UNIT1]'/,uncore_imc_4/period=0x0,event=0x4,umask=0xc,name='UNC_M_CAS_COUNT.WR[UNIT4]'/,uncore_imc_5/period=0x0,event=0x4,umask=0xc,name='UNC_M_CAS_COUNT.WR[UNIT5]'/ "/home/intel/oneapi/vtune/2021.1.1/bin64/amplxe-perf-sync" dryrun sys
549 [139664135124672] INFO perfrun.perfcollector <> - PERF_STAT : "     0.003206401;CPU0;778;;UNC_M_CAS_COUNT.RD[UNIT0];3183672;100.00;;"
549 [139664135124672] INFO perfrun.perfcollector <> - PERF_STAT : "     0.003206401;CPU10;856;;UNC_M_CAS_COUNT.RD[UNIT0];3137023;100.00;;"
549 [139664135124672] INFO perfrun.perfcollector <> - PERF_STAT : "     0.003206401;CPU0;790;;UNC_M_CAS_COUNT.RD[UNIT1];3179797;100.00;;"
549 [139664135124672] INFO perfrun.perfcollector <> - PERF_STAT : "     0.003206401;CPU10;626;;UNC_M_CAS_COUNT.RD[UNIT1];3129780;100.00;;"
549 [139664135124672] INFO perfrun.perfcollector <> - PERF_STAT : "     0.003206401;CPU0;727;;UNC_M_CAS_COUNT.RD[UNIT4];3173349;100.00;;"
549 [139664135124672] INFO perfrun.perfcollector <> - PERF_STAT : "     0.003206401;CPU10;960;;UNC_M_CAS_COUNT.RD[UNIT4];3122269;100.00;;"
549 [139664135124672] INFO perfrun.perfcollector <> - PERF_STAT : "     0.003206401;CPU0;682;;UNC_M_CAS_COUNT.RD[UNIT5];3167207;100.00;;"
549 [139664135124672] INFO perfrun.perfcollector <> - PERF_STAT : "     0.003206401;CPU10;820;;UNC_M_CAS_COUNT.RD[UNIT5];3114929;100.00;;"
549 [139664135124672] INFO perfrun.perfcollector <> - PERF_STAT : "     0.003206401;CPU0;86;;UNC_M_CAS_COUNT.WR[UNIT0];3162925;100.00;;"
549 [139664135124672] INFO perfrun.perfcollector <> - PERF_STAT : "     0.003206401;CPU10;1088;;UNC_M_CAS_COUNT.WR[UNIT0];3108886;100.00;;"
549 [139664135124672] INFO perfrun.perfcollector <> - PERF_STAT : "     0.003206401;CPU0;104;;UNC_M_CAS_COUNT.WR[UNIT1];3157173;100.00;;"
549 [139664135124672] INFO perfrun.perfcollector <> - PERF_STAT : "     0.003206401;CPU10;950;;UNC_M_CAS_COUNT.WR[UNIT1];3095790;100.00;;"
549 [139664135124672] INFO perfrun.perfcollector <> - PERF_STAT : "     0.003206401;CPU0;79;;UNC_M_CAS_COUNT.WR[UNIT4];3145939;100.00;;"
549 [139664135124672] INFO perfrun.perfcollector <> - PERF_STAT : "     0.003206401;CPU10;1045;;UNC_M_CAS_COUNT.WR[UNIT4];3083021;100.00;;"
549 [139664135124672] INFO perfrun.perfcollector <> - PERF_STAT : "     0.003206401;CPU0;99;;UNC_M_CAS_COUNT.WR[UNIT5];3134679;100.00;;"
549 [139664135124672] INFO perfrun.perfcollector <> - PERF_STAT : "     0.003206401;CPU10;857;;UNC_M_CAS_COUNT.WR[UNIT5];3070059;100.00;;"
550 [139664118339264] INFO perfrun.perfcollector <> - Monitor: runCmd RC = true
550 [139664135124672] INFO perfrun.perfcollector <> - Path to Perf control pipe: /tmp/amplxe-tmp-efsilva/perf-pipe-3506877-36851391955679094
550 [139664135124672] INFO perfrun.sdk <> - runCmd: "/home/intel/oneapi/vtune/2021.1.1/bin64/amplxe-perf" record -v --pipe "/tmp/amplxe-tmp-efsilva/perf-pipe-3506877-36851391955679094" --pipe-sync -o "/tmp/efsilva_vtune_823233/project/resultados_vtune/01_adaptive_dynamic4_hpc_smoke/data.0/temp.dryrun.perf" -N -B -T -R -d --compression-level=1 -e cpu/period=0xaf79e0,event=0x3c,name='CPU_CLK_UNHALTED.THREAD'/Duk,cpu/period=0xaf79e0,umask=0x3,name='CPU_CLK_UNHALTED.REF_TSC'/Duk,cpu/period=0xaf79e0,event=0xc0,name='INST_RETIRED.ANY'/Duk,cpu/period=0x98968f,event=0xa3,umask=0xc,cmask=0xc,name='CYCLE_ACTIVITY.STALLS_L1D_PENDING'/uk,cpu/period=0x7a12f,event=0x3c,umask=0x1,name='CPU_CLK_UNHALTED.REF_XCLK'/uk,cpu/period=0x7a12f,event=0x3c,umask=0x2,name='CPU_CLK_UNHALTED.ONE_THREAD_ACTIVE'/uk,cpu/period=0x98968f,event=0xa3,umask=0x4,cmask=0x4,name='CYCLE_ACTIVITY.CYCLES_NO_EXECUTE'/uk,cpu/period=0x98968f,event=0xa3,umask=0x6,cmask=0x6,name='CYCLE_ACTIVITY.STALLS_LDM_PENDING'/uk,cpu/period=0x98968f,event=0xa3,umask=0x5,cmask=0x5,name='CYCLE_ACTIVITY.STALLS_L2_PENDING'/uk,cpu/period=0x98968f,event=0x9c,umask=0x1,name='IDQ_UOPS_NOT_DELIVERED.CORE'/uk,cpu/period=0x98968f,event=0xd,umask=0x3,cmask=0x1,name='INT_MISC.RECOVERY_CYCLES'/uk,cpu/period=0x3d09f,event=0xd1,umask=0x4,name='MEM_LOAD_UOPS_RETIRED.L3_HIT_PS'/ukpp,cpu/period=0x3d09f,event=0xd1,umask=0x20,name='MEM_LOAD_UOPS_RETIRED.L3_MISS_PS'/ukpp,cpu/period=0x98968f,event=0x60,umask=0x8,cmask=0x1,name='OFFCORE_REQUESTS_OUTSTANDING.CYCLES_WITH_DATA_RD'/uk,cpu/period=0x98968f,event=0x60,umask=0x8,cmask=0x6,name='OFFCORE_REQUESTS_OUTSTANDING.ALL_DATA_RD:cmask=6'/uk,cpu/period=0x98968f,event=0xa2,umask=0x8,name='RESOURCE_STALLS.SB'/uk,cpu/period=0x98968f,event=0x5e,umask=0x1,name='RS_EVENTS.EMPTY_CYCLES'/uk,cpu/period=0x98968f,event=0xb1,umask=0x2,cmask=0x1,name='UOPS_EXECUTED.CORE:cmask=1'/uk,cpu/period=0x98968f,event=0xb1,umask=0x2,cmask=0x2,name='UOPS_EXECUTED.CORE:cmask=2'/uk,cpu/period=0x98968f,event=0xb1,umask=0x2,cmask=0x3,name='UOPS_EXECUTED.CORE:cmask=3'/uk,cpu/period=0x98968f,event=0xe,umask=0x1,name='UOPS_ISSUED.ANY'/uk,cpu/period=0x98968f,event=0xc2,umask=0x2,name='UOPS_RETIRED.RETIRE_SLOTS'/uk,cpu/period=0x98968f,event=0x9c,umask=0x1,cmask=0x4,name='IDQ_UOPS_NOT_DELIVERED.CYCLES_0_UOPS_DELIV.CORE'/uk,cpu/period=0x7a12f,event=0xd0,umask=0x81,name='MEM_UOPS_RETIRED.ALL_LOADS_PS'/ukpp,cpu/period=0x7a12f,event=0xd0,umask=0x82,name='MEM_UOPS_RETIRED.ALL_STORES_PS'/ukpp,cpu/period=0x7a12f,event=0xd3,umask=0x1,name='MEM_LOAD_UOPS_L3_MISS_RETIRED.LOCAL_DRAM_PS'/ukpp,cpu/period=0x7a12f,event=0xd3,umask=0x4,name='MEM_LOAD_UOPS_L3_MISS_RETIRED.REMOTE_DRAM_PS'/ukpp,cpu/period=0x7a12f,event=0xd3,umask=0x10,name='MEM_LOAD_UOPS_L3_MISS_RETIRED.REMOTE_HITM_PS'/ukpp,cpu/period=0x7a12f,event=0xd3,umask=0x20,name='MEM_LOAD_UOPS_L3_MISS_RETIRED.REMOTE_FWD_PS'/ukpp --clockid=monotonic_raw "/home/intel/oneapi/vtune/2021.1.1/bin64/amplxe-perf-sync" dryrun sys
860 [139664135124672] INFO perfrun.perfcollector <> - Monitor: runCmd RC = true
860 [139664233064128] INFO perfrun.launcher <> - plugin [aoclprofile] was disabled because it doesn't support the given collection type.
860 [139664233064128] INFO perfrun.tpss <> - initialize tpss controller
860 [139664233064128] INFO perfrun.launcher <> - plugin [tpss] was disabled because it doesn't support the given collection type.
860 [139664233064128] INFO perfrun.launcher <> - plugin [exprof] was disabled because it doesn't support the given collection type.
860 [139664233064128] INFO perfrun.launcher <> - plugin [ice] was disabled because it doesn't support the given collection type.
860 [139664233064128] INFO perfrun.launcher <> - plugin [] was disabled because it doesn't support the given collection type.
860 [139664233064128] INFO perfrun.launcher <> - plugin [] was disabled because it doesn't support the given collection type.
860 [139664233064128] INFO perfrun.launcher <> - plugin [parallelfs] was disabled because it doesn't support the given collection type.
860 [139664233064128] INFO perfrun.launcher <> - plugin [power] was disabled because it doesn't support the given collection type.
860 [139664233064128] INFO perfrun.launcher <> - plugin [hwloc] was disabled because it doesn't support the given collection type.
860 [139664233064128] INFO perfrun.launcher <> - plugin [ipmwatch] was disabled because it doesn't support the given collection type.
860 [139664233064128] INFO perfrun.launcher <> - plugin [os_counters] was disabled because it doesn't support the given collection type.
860 [139664388600512] INFO perfrun.launcher <> - set environment variable: LD_LIBRARY_PATH = /home/intel/oneapi/vtune/2021.1.1/lib32/runtime:/home/intel/oneapi/vtune/2021.1.1/lib64/runtime
860 [139664388600512] INFO perfrun.launcher <> - set environment variable: INTEL_LIBITTNOTIFY32 = /home/intel/oneapi/vtune/2021.1.1/lib32/runtime/libittnotify_collector.so
860 [139664388600512] INFO perfrun.launcher <> - set environment variable: INTEL_LIBITTNOTIFY64 = /home/intel/oneapi/vtune/2021.1.1/lib64/runtime/libittnotify_collector.so
860 [139664388600512] INFO perfrun.launcher <> - set environment variable: INTEL_ITTNOTIFY_GROUPS = 
860 [139664388600512] INFO perfrun.launcher <> - set environment variable: INTEL_JIT_PROFILER32 = /home/intel/oneapi/vtune/2021.1.1/lib32/runtime/libittnotify_collector.so
860 [139664388600512] INFO perfrun.launcher <> - set environment variable: INTEL_JIT_PROFILER64 = /home/intel/oneapi/vtune/2021.1.1/lib64/runtime/libittnotify_collector.so
860 [139664388600512] INFO perfrun.launcher <> - set environment variable: VS_PROFILER = libittnotify_collector.so
860 [139664388600512] INFO perfrun.launcher <> - set environment variable: OMP_TOOL_LIBRARIES = /home/intel/oneapi/vtune/2021.1.1/lib32/runtime/libittnotify_collector.so:/home/intel/oneapi/vtune/2021.1.1/lib64/runtime/libittnotify_collector.so
860 [139664388600512] INFO perfrun.launcher <> - set environment variable: ENABLE_JITPROFILING = 1
860 [139664388600512] INFO perfrun.launcher <> - set environment variable: CL_CONFIG_USE_VTUNE = True
861 [139664388600512] INFO perfrun.launcher <> - set environment variable: INTEL_MRTE_DATA_DIR = /tmp/efsilva_vtune_823233/project/resultados_vtune/01_adaptive_dynamic4_hpc_smoke/data.0
861 [139664388600512] INFO perfrun.launcher <> - set environment variable: INTEL_MRTE_HOST_NAME = hype5
861 [139664388600512] INFO perfrun.launcher <> - set environment variable: JAVA_TOOL_OPTIONS = -agentlib:amplxe_samplingmrte_javaprof_1.0 -Dsun.boot.library.path=/home/intel/oneapi/vtune/2021.1.1/lib32/runtime:/home/intel/oneapi/vtune/2021.1.1/lib64/runtime
861 [139664388600512] INFO perfrun.launcher <> - set environment variable: CORECLR_ENABLE_PROFILING = 1
861 [139664388600512] INFO perfrun.launcher <> - set environment variable: CORECLR_PROFILER = {AA5E4821-E3B1-479c-B7FF-5AD047D22CED}
861 [139664388600512] INFO perfrun.launcher <> - set environment variable: CORECLR_PROFILER_PATH = /home/intel/oneapi/vtune/2021.1.1/lib64/libamplxe_samplingmrte_clrprof_1.0.so
861 [139664388600512] INFO perfrun.launcher <> - set environment variable: INTEL_MRTE_PROFILER_MODE = mixed
861 [139664388600512] INFO perfrun.launcher <> - RpcServer: run RPC server to handle requests
861 [139664388600512] INFO perfrun.launcher <> - Launcher: command line to start before modification = build/omp-avx2/image_benchmark --image images/rain_paisage.jpg /tmp/vtune_benchmark.csv --operations adaptive --run-id vtune-hpc-performance-omp-avx2 --repeat 0 --warmup
861 [139664388600512] INFO perfrun.launcher <> - Launcher: command line to start after modification = build/omp-avx2/image_benchmark --image images/rain_paisage.jpg /tmp/vtune_benchmark.csv --operations adaptive --run-id vtune-hpc-performance-omp-avx2 --repeat 0 --warmup
861 [139664388600512] INFO perfrun.launcher <> - ProcessCreator object was created
862 [139664388600512] INFO perfrun.launcher <> - Launcher: the process was started in suspend mode
862 [139664233064128] INFO perfrun.launcher <> - Messenger::say: Peak bandwidth measurement started.
6304 [139664233064128] INFO perfrun.launcher <> - Messenger::say: Peak bandwidth measurement finished.
6308 [139664233064128] WARN perfrun.system <> - Could not do anything with /sys/kernel/debug/kvm: boost::filesystem::status: Permission denied: "/sys/kernel/debug/kvm", at file: vcs/perfrun1/plugins/system/src/trace_writer.cpp:796
6308 [139664233064128] WARN perfrun.system <> - Folder "/var/run/libvirt/qemu/"doesn't exist, at file: vcs/perfrun1/plugins/system/src/trace_writer.cpp:809
6346 [139664233064128] WARN perfrun.sdk <> - Failed to find xl binary on any of the system paths: /bin, /sbin, /usr/bin, /usr/sbin., at file: vcs/perfrun1/sdk/src/utils.cpp:197
6346 [139664233064128] WARN perfrun.system <> - Could not start ContainerMapping collector, at file: vcs/perfrun1/plugins/system/src/controller.cpp:468
6376 [139664233064128] INFO perfrun.vdso <> - Helper runtool '/home/intel/oneapi/vtune/2021.1.1/bin32/amplxe-runss -dump-vdso -r /tmp/efsilva_vtune_823233/project/resultados_vtune/01_adaptive_dynamic4_hpc_smoke --tmp-dir /tmp/amplxe-tmp-efsilva' returned 1
6458 [139664233064128] INFO perfrun.vdso <> - Helper runtool '/home/intel/oneapi/vtune/2021.1.1/bin64/amplxe-runss -dump-vdso -r /tmp/efsilva_vtune_823233/project/resultados_vtune/01_adaptive_dynamic4_hpc_smoke --tmp-dir /tmp/amplxe-tmp-efsilva' returned 0
6458 [139664233064128] INFO perfrun.itt <> - start itt controller for pid #3506897
6465 [139664014964416] WARN perfrun.perfcollector <> - Perf stat trace pipe capacity: read = 1048576, write = 1048576, at file: vcs/perfrun1/plugins/perfcollector/src/profiler.cpp:763
6465 [139664014964416] INFO perfrun.perfcollector <> - Path to Perf control pipe: /tmp/amplxe-tmp-efsilva/perf-pipe-3506877-36851405528877147
6467 [139664014964416] INFO perfrun.sdk <> - runCmd: "/home/intel/oneapi/vtune/2021.1.1/bin64/amplxe-perf" stat -v --log-fd 23 --pipe "/tmp/amplxe-tmp-efsilva/perf-pipe-3506877-36851405528877147" --pipe-sync -I 10 -A --scale -x ; -a -e uncore_imc_0/period=0x0,event=0x4,umask=0x3,name='UNC_M_CAS_COUNT.RD[UNIT0]'/,uncore_imc_1/period=0x0,event=0x4,umask=0x3,name='UNC_M_CAS_COUNT.RD[UNIT1]'/,uncore_imc_4/period=0x0,event=0x4,umask=0x3,name='UNC_M_CAS_COUNT.RD[UNIT4]'/,uncore_imc_5/period=0x0,event=0x4,umask=0x3,name='UNC_M_CAS_COUNT.RD[UNIT5]'/,uncore_imc_0/period=0x0,event=0x4,umask=0xc,name='UNC_M_CAS_COUNT.WR[UNIT0]'/,uncore_imc_1/period=0x0,event=0x4,umask=0xc,name='UNC_M_CAS_COUNT.WR[UNIT1]'/,uncore_imc_4/period=0x0,event=0x4,umask=0xc,name='UNC_M_CAS_COUNT.WR[UNIT4]'/,uncore_imc_5/period=0x0,event=0x4,umask=0xc,name='UNC_M_CAS_COUNT.WR[UNIT5]'/ "/home/intel/oneapi/vtune/2021.1.1/bin64/amplxe-perf-sync" sync sys
6501 [139664093161152] INFO perfrun.perfcollector <> - Path to Perf control pipe: /tmp/amplxe-tmp-efsilva/perf-pipe-3506877-36851405609843561
6501 [139664093161152] INFO perfrun.sdk <> - runCmd: "/home/intel/oneapi/vtune/2021.1.1/bin64/amplxe-perf" record -v --pipe "/tmp/amplxe-tmp-efsilva/perf-pipe-3506877-36851405609843561" --pipe-sync -o "/tmp/efsilva_vtune_823233/project/resultados_vtune/01_adaptive_dynamic4_hpc_smoke/data.0/3506897.perf" -N -B -T -R -d -p 3506897 --compression-level=1 --threads -e cpu/period=0xaf79e0,event=0x3c,name='CPU_CLK_UNHALTED.THREAD'/Duk,cpu/period=0xaf79e0,umask=0x3,name='CPU_CLK_UNHALTED.REF_TSC'/Duk,cpu/period=0xaf79e0,event=0xc0,name='INST_RETIRED.ANY'/Duk,cpu/period=0x98968f,event=0xa3,umask=0xc,cmask=0xc,name='CYCLE_ACTIVITY.STALLS_L1D_PENDING'/uk,cpu/period=0x7a12f,event=0x3c,umask=0x1,name='CPU_CLK_UNHALTED.REF_XCLK'/uk,cpu/period=0x7a12f,event=0x3c,umask=0x2,name='CPU_CLK_UNHALTED.ONE_THREAD_ACTIVE'/uk,cpu/period=0x98968f,event=0xa3,umask=0x4,cmask=0x4,name='CYCLE_ACTIVITY.CYCLES_NO_EXECUTE'/uk,cpu/period=0x98968f,event=0xa3,umask=0x6,cmask=0x6,name='CYCLE_ACTIVITY.STALLS_LDM_PENDING'/uk,cpu/period=0x98968f,event=0xa3,umask=0x5,cmask=0x5,name='CYCLE_ACTIVITY.STALLS_L2_PENDING'/uk,cpu/period=0x98968f,event=0x9c,umask=0x1,name='IDQ_UOPS_NOT_DELIVERED.CORE'/uk,cpu/period=0x98968f,event=0xd,umask=0x3,cmask=0x1,name='INT_MISC.RECOVERY_CYCLES'/uk,cpu/period=0x3d09f,event=0xd1,umask=0x4,name='MEM_LOAD_UOPS_RETIRED.L3_HIT_PS'/ukpp,cpu/period=0x3d09f,event=0xd1,umask=0x20,name='MEM_LOAD_UOPS_RETIRED.L3_MISS_PS'/ukpp,cpu/period=0x98968f,event=0x60,umask=0x8,cmask=0x1,name='OFFCORE_REQUESTS_OUTSTANDING.CYCLES_WITH_DATA_RD'/uk,cpu/period=0x98968f,event=0x60,umask=0x8,cmask=0x6,name='OFFCORE_REQUESTS_OUTSTANDING.ALL_DATA_RD:cmask=6'/uk,cpu/period=0x98968f,event=0xa2,umask=0x8,name='RESOURCE_STALLS.SB'/uk,cpu/period=0x98968f,event=0x5e,umask=0x1,name='RS_EVENTS.EMPTY_CYCLES'/uk,cpu/period=0x98968f,event=0xb1,umask=0x2,cmask=0x1,name='UOPS_EXECUTED.CORE:cmask=1'/uk,cpu/period=0x98968f,event=0xb1,umask=0x2,cmask=0x2,name='UOPS_EXECUTED.CORE:cmask=2'/uk,cpu/period=0x98968f,event=0xb1,umask=0x2,cmask=0x3,name='UOPS_EXECUTED.CORE:cmask=3'/uk,cpu/period=0x98968f,event=0xe,umask=0x1,name='UOPS_ISSUED.ANY'/uk,cpu/period=0x98968f,event=0xc2,umask=0x2,name='UOPS_RETIRED.RETIRE_SLOTS'/uk,cpu/period=0x98968f,event=0x9c,umask=0x1,cmask=0x4,name='IDQ_UOPS_NOT_DELIVERED.CYCLES_0_UOPS_DELIV.CORE'/uk,cpu/period=0x7a12f,event=0xd0,umask=0x81,name='MEM_UOPS_RETIRED.ALL_LOADS_PS'/ukpp,cpu/period=0x7a12f,event=0xd0,umask=0x82,name='MEM_UOPS_RETIRED.ALL_STORES_PS'/ukpp,cpu/period=0x7a12f,event=0xd3,umask=0x1,name='MEM_LOAD_UOPS_L3_MISS_RETIRED.LOCAL_DRAM_PS'/ukpp,cpu/period=0x7a12f,event=0xd3,umask=0x4,name='MEM_LOAD_UOPS_L3_MISS_RETIRED.REMOTE_DRAM_PS'/ukpp,cpu/period=0x7a12f,event=0xd3,umask=0x10,name='MEM_LOAD_UOPS_L3_MISS_RETIRED.REMOTE_HITM_PS'/ukpp,cpu/period=0x7a12f,event=0xd3,umask=0x20,name='MEM_LOAD_UOPS_L3_MISS_RETIRED.REMOTE_FWD_PS'/ukpp --clockid=monotonic_raw "/home/intel/oneapi/vtune/2021.1.1/bin64/amplxe-perf-sync" sync sys
6507 [139664118339264] INFO perfrun.perfcollector <> - PERF_STAT : "     0.010434832;CPU0;5657;;UNC_M_CAS_COUNT.RD[UNIT0];10385225;100.00;;"
6507 [139664118339264] INFO perfrun.perfcollector <> - PERF_STAT : "     0.010434832;CPU10;4275;;UNC_M_CAS_COUNT.RD[UNIT0];10293793;100.00;;"
6507 [139664118339264] INFO perfrun.perfcollector <> - PERF_STAT : "     0.010434832;CPU0;6325;;UNC_M_CAS_COUNT.RD[UNIT1];10378517;100.00;;"
6507 [139664118339264] INFO perfrun.perfcollector <> - PERF_STAT : "     0.010434832;CPU10;3672;;UNC_M_CAS_COUNT.RD[UNIT1];10285842;100.00;;"
6507 [139664118339264] INFO perfrun.perfcollector <> - PERF_STAT : "     0.010434832;CPU0;5811;;UNC_M_CAS_COUNT.RD[UNIT4];10371294;100.00;;"
6507 [139664118339264] INFO perfrun.perfcollector <> - PERF_STAT : "     0.010434832;CPU10;4368;;UNC_M_CAS_COUNT.RD[UNIT4];10277825;100.00;;"
6507 [139664118339264] INFO perfrun.perfcollector <> - PERF_STAT : "     0.010434832;CPU0;6198;;UNC_M_CAS_COUNT.RD[UNIT5];10363978;100.00;;"
6507 [139664118339264] INFO perfrun.perfcollector <> - PERF_STAT : "     0.010434832;CPU10;3765;;UNC_M_CAS_COUNT.RD[UNIT5];10269773;100.00;;"
6507 [139664118339264] INFO perfrun.perfcollector <> - PERF_STAT : "     0.010434832;CPU0;748;;UNC_M_CAS_COUNT.WR[UNIT0];10358575;100.00;;"
6507 [139664118339264] INFO perfrun.perfcollector <> - PERF_STAT : "     0.010434832;CPU10;5762;;UNC_M_CAS_COUNT.WR[UNIT0];10263523;100.00;;"
6508 [139664118339264] INFO perfrun.perfcollector <> - PERF_STAT : "     0.010434832;CPU0;1309;;UNC_M_CAS_COUNT.WR[UNIT1];10349666;100.00;;"
6508 [139664118339264] INFO perfrun.perfcollector <> - PERF_STAT : "     0.010434832;CPU10;5161;;UNC_M_CAS_COUNT.WR[UNIT1];10250216;100.00;;"
6508 [139664118339264] INFO perfrun.perfcollector <> - PERF_STAT : "     0.010434832;CPU0;774;;UNC_M_CAS_COUNT.WR[UNIT4];10338082;100.00;;"
6508 [139664118339264] INFO perfrun.perfcollector <> - PERF_STAT : "     0.010434832;CPU10;5806;;UNC_M_CAS_COUNT.WR[UNIT4];10236698;100.00;;"
6508 [139664118339264] INFO perfrun.perfcollector <> - PERF_STAT : "     0.010434832;CPU0;1298;;UNC_M_CAS_COUNT.WR[UNIT5];10326605;100.00;;"
6508 [139664118339264] INFO perfrun.perfcollector <> - PERF_STAT : "     0.010434832;CPU10;5118;;UNC_M_CAS_COUNT.WR[UNIT5];10223045;100.00;;"
6518 [139664118339264] INFO perfrun.perfcollector <> - PERF_STAT : "     0.020717835;CPU0;750;;UNC_M_CAS_COUNT.RD[UNIT0];10264839;100.00;;"
6518 [139664118339264] INFO perfrun.perfcollector <> - PERF_STAT : "     0.020717835;CPU10;1554;;UNC_M_CAS_COUNT.RD[UNIT0];10262670;100.00;;"
6518 [139664118339264] INFO perfrun.perfcollector <> - PERF_STAT : "     0.020717835;CPU0;1300;;UNC_M_CAS_COUNT.RD[UNIT1];10264498;100.00;;"
6518 [139664118339264] INFO perfrun.perfcollector <> - PERF_STAT : "     0.020717835;CPU10;1022;;UNC_M_CAS_COUNT.RD[UNIT1];10262730;100.00;;"
6518 [139664118339264] INFO perfrun.perfcollector <> - PERF_STAT : "     0.020717835;CPU0;782;;UNC_M_CAS_COUNT.RD[UNIT4];10264584;100.00;;"
6518 [139664118339264] INFO perfrun.perfcollector <> - PERF_STAT : "     0.020717835;CPU10;1571;;UNC_M_CAS_COUNT.RD[UNIT4];10262645;100.00;;"
6518 [139664118339264] INFO perfrun.perfcollector <> - PERF_STAT : "     0.020717835;CPU0;1320;;UNC_M_CAS_COUNT.RD[UNIT5];10264632;100.00;;"
6518 [139664118339264] INFO perfrun.perfcollector <> - PERF_STAT : "     0.020717835;CPU10;1007;;UNC_M_CAS_COUNT.RD[UNIT5];10262636;100.00;;"
6518 [139664118339264] INFO perfrun.perfcollector <> - PERF_STAT : "     0.020717835;CPU0;99;;UNC_M_CAS_COUNT.WR[UNIT0];10264541;100.00;;"
6518 [139664118339264] INFO perfrun.perfcollector <> - PERF_STAT : "     0.020717835;CPU10;1415;;UNC_M_CAS_COUNT.WR[UNIT0];10262634;100.00;;"
6518 [139664118339264] INFO perfrun.perfcollector <> - PERF_STAT : "     0.020717835;CPU0;655;;UNC_M_CAS_COUNT.WR[UNIT1];10262095;100.00;;"
6518 [139664118339264] INFO perfrun.perfcollector <> - PERF_STAT : "     0.020717835;CPU10;868;;UNC_M_CAS_COUNT.WR[UNIT1];10262594;100.00;;"
6518 [139664118339264] INFO perfrun.perfcollector <> - PERF_STAT : "     0.020717835;CPU0;86;;UNC_M_CAS_COUNT.WR[UNIT4];10262319;100.00;;"
6518 [139664118339264] INFO perfrun.perfcollector <> - PERF_STAT : "     0.020717835;CPU10;1453;;UNC_M_CAS_COUNT.WR[UNIT4];10262777;100.00;;"
6518 [139664118339264] INFO perfrun.perfcollector <> - PERF_STAT : "     0.020717835;CPU0;614;;UNC_M_CAS_COUNT.WR[UNIT5];10262361;100.00;;"
6518 [139664118339264] INFO perfrun.perfcollector <> - PERF_STAT : "     0.020717835;CPU10;931;;UNC_M_CAS_COUNT.WR[UNIT5];10262850;100.00;;"
6528 [139664118339264] INFO perfrun.perfcollector <> - PERF_STAT : "     0.030950610;CPU0;1561;;UNC_M_CAS_COUNT.RD[UNIT0];10249055;100.00;;"
6528 [139664118339264] INFO perfrun.perfcollector <> - PERF_STAT : "     0.030950610;CPU10;1193;;UNC_M_CAS_COUNT.RD[UNIT0];10246763;100.00;;"
6528 [139664118339264] INFO perfrun.perfcollector <> - PERF_STAT : "     0.030950610;CPU0;2337;;UNC_M_CAS_COUNT.RD[UNIT1];10248840;100.00;;"
6528 [139664118339264] INFO perfrun.perfcollector <> - PERF_STAT : "     0.030950610;CPU10;608;;UNC_M_CAS_COUNT.RD[UNIT1];10246557;100.00;;"
6528 [139664118339264] INFO perfrun.perfcollector <> - PERF_STAT : "     0.030950610;CPU0;1586;;UNC_M_CAS_COUNT.RD[UNIT4];10248680;100.00;;"
6528 [139664118339264] INFO perfrun.perfcollector <> - PERF_STAT : "     0.030950610;CPU10;1146;;UNC_M_CAS_COUNT.RD[UNIT4];10246750;100.00;;"
6528 [139664118339264] INFO perfrun.perfcollector <> - PERF_STAT : "     0.030950610;CPU0;2157;;UNC_M_CAS_COUNT.RD[UNIT5];10248669;100.00;;"
6528 [139664118339264] INFO perfrun.perfcollector <> - PERF_STAT : "     0.030950610;CPU10;607;;UNC_M_CAS_COUNT.RD[UNIT5];10246551;100.00;;"
6528 [139664118339264] INFO perfrun.perfcollector <> - PERF_STAT : "     0.030950610;CPU0;104;;UNC_M_CAS_COUNT.WR[UNIT0];10248574;100.00;;"
6528 [139664118339264] INFO perfrun.perfcollector <> - PERF_STAT : "     0.030950610;CPU10;1072;;UNC_M_CAS_COUNT.WR[UNIT0];10246147;100.00;;"
6528 [139664118339264] INFO perfrun.perfcollector <> - PERF_STAT : "     0.030950610;CPU0;634;;UNC_M_CAS_COUNT.WR[UNIT1];10248299;100.00;;"
6528 [139664118339264] INFO perfrun.perfcollector <> - PERF_STAT : "     0.030950610;CPU10;595;;UNC_M_CAS_COUNT.WR[UNIT1];10246021;100.00;;"
6528 [139664118339264] INFO perfrun.perfcollector <> - PERF_STAT : "     0.030950610;CPU0;91;;UNC_M_CAS_COUNT.WR[UNIT4];10248125;100.00;;"
6528 [139664118339264] INFO perfrun.perfcollector <> - PERF_STAT : "     0.030950610;CPU10;1092;;UNC_M_CAS_COUNT.WR[UNIT4];10245774;100.00;;"
6528 [139664118339264] INFO perfrun.perfcollector <> - PERF_STAT : "     0.030950610;CPU0;617;;UNC_M_CAS_COUNT.WR[UNIT5];10247981;100.00;;"
6528 [139664118339264] INFO perfrun.perfcollector <> - PERF_STAT : "     0.030950610;CPU10;522;;UNC_M_CAS_COUNT.WR[UNIT5];10245629;100.00;;"
6538 [139664118339264] INFO perfrun.perfcollector <> - PERF_STAT : "     0.041170118;CPU0;5705;;UNC_M_CAS_COUNT.RD[UNIT0];10224328;100.00;;"
6538 [139664118339264] INFO perfrun.perfcollector <> - PERF_STAT : "     0.041170118;CPU10;6236;;UNC_M_CAS_COUNT.RD[UNIT0];10225662;100.00;;"
6538 [139664118339264] INFO perfrun.perfcollector <> - PERF_STAT : "     0.041170118;CPU0;6256;;UNC_M_CAS_COUNT.RD[UNIT1];10224512;100.00;;"
6538 [139664118339264] INFO perfrun.perfcollector <> - PERF_STAT : "     0.041170118;CPU10;5816;;UNC_M_CAS_COUNT.RD[UNIT1];10225436;100.00;;"
6538 [139664118339264] INFO perfrun.perfcollector <> - PERF_STAT : "     0.041170118;CPU0;5682;;UNC_M_CAS_COUNT.RD[UNIT4];10224626;100.00;;"
6538 [139664118339264] INFO perfrun.perfcollector <> - PERF_STAT : "     0.041170118;CPU10;6283;;UNC_M_CAS_COUNT.RD[UNIT4];10225122;100.00;;"
6538 [139664118339264] INFO perfrun.perfcollector <> - PERF_STAT : "     0.041170118;CPU0;6216;;UNC_M_CAS_COUNT.RD[UNIT5];10224635;100.00;;"
6538 [139664118339264] INFO perfrun.perfcollector <> - PERF_STAT : "     0.041170118;CPU10;5689;;UNC_M_CAS_COUNT.RD[UNIT5];10225235;100.00;;"
6538 [139664118339264] INFO perfrun.perfcollector <> - PERF_STAT : "     0.041170118;CPU0;278;;UNC_M_CAS_COUNT.WR[UNIT0];10224796;100.00;;"
6538 [139664118339264] INFO perfrun.perfcollector <> - PERF_STAT : "     0.041170118;CPU10;4341;;UNC_M_CAS_COUNT.WR[UNIT0];10225596;100.00;;"
6538 [139664118339264] INFO perfrun.perfcollector <> - PERF_STAT : "     0.041170118;CPU0;797;;UNC_M_CAS_COUNT.WR[UNIT1];10224902;100.00;;"
6538 [139664118339264] INFO perfrun.perfcollector <> - PERF_STAT : "     0.041170118;CPU10;3703;;UNC_M_CAS_COUNT.WR[UNIT1];10225775;100.00;;"
6538 [139664118339264] INFO perfrun.perfcollector <> - PERF_STAT : "     0.041170118;CPU0;252;;UNC_M_CAS_COUNT.WR[UNIT4];10224927;100.00;;"
6538 [139664118339264] INFO perfrun.perfcollector <> - PERF_STAT : "     0.041170118;CPU10;4217;;UNC_M_CAS_COUNT.WR[UNIT4];10225782;100.00;;"
6538 [139664118339264] INFO perfrun.perfcollector <> - PERF_STAT : "     0.041170118;CPU0;794;;UNC_M_CAS_COUNT.WR[UNIT5];10225014;100.00;;"
6538 [139664118339264] INFO perfrun.perfcollector <> - PERF_STAT : "     0.041170118;CPU10;3671;;UNC_M_CAS_COUNT.WR[UNIT5];10225763;100.00;;"
6548 [139664118339264] INFO perfrun.perfcollector <> - PERF_STAT : "     0.051418955;CPU0;2348;;UNC_M_CAS_COUNT.RD[UNIT0];10241880;100.00;;"
6548 [139664118339264] INFO perfrun.perfcollector <> - PERF_STAT : "     0.051418955;CPU10;7011;;UNC_M_CAS_COUNT.RD[UNIT0];10239433;100.00;;"
6548 [139664118339264] INFO perfrun.perfcollector <> - PERF_STAT : "     0.051418955;CPU0;2836;;UNC_M_CAS_COUNT.RD[UNIT1];10241709;100.00;;"
6548 [139664118339264] INFO perfrun.perfcollector <> - PERF_STAT : "     0.051418955;CPU10;6419;;UNC_M_CAS_COUNT.RD[UNIT1];10239424;100.00;;"
6548 [139664118339264] INFO perfrun.perfcollector <> - PERF_STAT : "     0.051418955;CPU0;2349;;UNC_M_CAS_COUNT.RD[UNIT4];10241565;100.00;;"
6548 [139664118339264] INFO perfrun.perfcollector <> - PERF_STAT : "     0.051418955;CPU10;7027;;UNC_M_CAS_COUNT.RD[UNIT4];10239543;100.00;;"
6548 [139664118339264] INFO perfrun.perfcollector <> - PERF_STAT : "     0.051418955;CPU0;2841;;UNC_M_CAS_COUNT.RD[UNIT5];10241547;100.00;;"
6548 [139664118339264] INFO perfrun.perfcollector <> - PERF_STAT : "     0.051418955;CPU10;6480;;UNC_M_CAS_COUNT.RD[UNIT5];10239367;100.00;;"
6548 [139664118339264] INFO perfrun.perfcollector <> - PERF_STAT : "     0.051418955;CPU0;279;;UNC_M_CAS_COUNT.WR[UNIT0];10241431;100.00;;"
6548 [139664118339264] INFO perfrun.perfcollector <> - PERF_STAT : "     0.051418955;CPU10;4596;;UNC_M_CAS_COUNT.WR[UNIT0];10238966;100.00;;"
6548 [139664118339264] INFO perfrun.perfcollector <> - PERF_STAT : "     0.051418955;CPU0;818;;UNC_M_CAS_COUNT.WR[UNIT1];10241452;100.00;;"
6548 [139664118339264] INFO perfrun.perfcollector <> - PERF_STAT : "     0.051418955;CPU10;4103;;UNC_M_CAS_COUNT.WR[UNIT1];10238746;100.00;;"
6548 [139664118339264] INFO perfrun.perfcollector <> - PERF_STAT : "     0.051418955;CPU0;279;;UNC_M_CAS_COUNT.WR[UNIT4];10241329;100.00;;"
6548 [139664118339264] INFO perfrun.perfcollector <> - PERF_STAT : "     0.051418955;CPU10;4600;;UNC_M_CAS_COUNT.WR[UNIT4];10238693;100.00;;"
6548 [139664118339264] INFO perfrun.perfcollector <> - PERF_STAT : "     0.051418955;CPU0;821;;UNC_M_CAS_COUNT.WR[UNIT5];10241243;100.00;;"
6548 [139664118339264] INFO perfrun.perfcollector <> - PERF_STAT : "     0.051418955;CPU10;4255;;UNC_M_CAS_COUNT.WR[UNIT5];10238679;100.00;;"
6558 [139664118339264] INFO perfrun.perfcollector <> - PERF_STAT : "     0.061656041;CPU0;1515;;UNC_M_CAS_COUNT.RD[UNIT0];10236466;100.00;;"
6559 [139664118339264] INFO perfrun.perfcollector <> - PERF_STAT : "     0.061656041;CPU10;6768;;UNC_M_CAS_COUNT.RD[UNIT0];10235181;100.00;;"
6559 [139664118339264] INFO perfrun.perfcollector <> - PERF_STAT : "     0.061656041;CPU0;2160;;UNC_M_CAS_COUNT.RD[UNIT1];10236491;100.00;;"
6559 [139664118339264] INFO perfrun.perfcollector <> - PERF_STAT : "     0.061656041;CPU10;6218;;UNC_M_CAS_COUNT.RD[UNIT1];10235150;100.00;;"
6559 [139664118339264] INFO perfrun.perfcollector <> - PERF_STAT : "     0.061656041;CPU0;1574;;UNC_M_CAS_COUNT.RD[UNIT4];10236473;100.00;;"
6559 [139664118339264] INFO perfrun.perfcollector <> - PERF_STAT : "     0.061656041;CPU10;6777;;UNC_M_CAS_COUNT.RD[UNIT4];10234988;100.00;;"
6559 [139664118339264] INFO perfrun.perfcollector <> - PERF_STAT : "     0.061656041;CPU0;2161;;UNC_M_CAS_COUNT.RD[UNIT5];10236329;100.00;;"
6559 [139664118339264] INFO perfrun.perfcollector <> - PERF_STAT : "     0.061656041;CPU10;6312;;UNC_M_CAS_COUNT.RD[UNIT5];10234978;100.00;;"
6559 [139664118339264] INFO perfrun.perfcollector <> - PERF_STAT : "     0.061656041;CPU0;241;;UNC_M_CAS_COUNT.WR[UNIT0];10236271;100.00;;"
6559 [139664118339264] INFO perfrun.perfcollector <> - PERF_STAT : "     0.061656041;CPU10;4202;;UNC_M_CAS_COUNT.WR[UNIT0];10234958;100.00;;"
6559 [139664118339264] INFO perfrun.perfcollector <> - PERF_STAT : "     0.061656041;CPU0;804;;UNC_M_CAS_COUNT.WR[UNIT1];10236151;100.00;;"
6559 [139664118339264] INFO perfrun.perfcollector <> - PERF_STAT : "     0.061656041;CPU10;3674;;UNC_M_CAS_COUNT.WR[UNIT1];10235054;100.00;;"
6559 [139664118339264] INFO perfrun.perfcollector <> - PERF_STAT : "     0.061656041;CPU0;286;;UNC_M_CAS_COUNT.WR[UNIT4];10236171;100.00;;"
6559 [139664118339264] INFO perfrun.perfcollector <> - PERF_STAT : "     0.061656041;CPU10;4261;;UNC_M_CAS_COUNT.WR[UNIT4];10235090;100.00;;"
6559 [139664118339264] INFO perfrun.perfcollector <> - PERF_STAT : "     0.061656041;CPU0;788;;UNC_M_CAS_COUNT.WR[UNIT5];10236161;100.00;;"
6559 [139664118339264] INFO perfrun.perfcollector <> - PERF_STAT : "     0.061656041;CPU10;3556;;UNC_M_CAS_COUNT.WR[UNIT5];10235074;100.00;;"
6569 [139664118339264] INFO perfrun.perfcollector <> - PERF_STAT : "     0.071892841;CPU0;1348;;UNC_M_CAS_COUNT.RD[UNIT0];10236429;100.00;;"
6569 [139664118339264] INFO perfrun.perfcollector <> - PERF_STAT : "     0.071892841;CPU10;3002;;UNC_M_CAS_COUNT.RD[UNIT0];10236720;100.00;;"
6569 [139664118339264] INFO perfrun.perfcollector <> - PERF_STAT : "     0.071892841;CPU0;1842;;UNC_M_CAS_COUNT.RD[UNIT1];10236351;100.00;;"
6569 [139664118339264] INFO perfrun.perfcollector <> - PERF_STAT : "     0.071892841;CPU10;2462;;UNC_M_CAS_COUNT.RD[UNIT1];10236704;100.00;;"
6569 [139664118339264] INFO perfrun.perfcollector <> - PERF_STAT : "     0.071892841;CPU0;1343;;UNC_M_CAS_COUNT.RD[UNIT4];10236285;100.00;;"
6569 [139664118339264] INFO perfrun.perfcollector <> - PERF_STAT : "     0.071892841;CPU10;3038;;UNC_M_CAS_COUNT.RD[UNIT4];10236695;100.00;;"
6569 [139664118339264] INFO perfrun.perfcollector <> - PERF_STAT : "     0.071892841;CPU0;1875;;UNC_M_CAS_COUNT.RD[UNIT5];10236265;100.00;;"
6569 [139664118339264] INFO perfrun.perfcollector <> - PERF_STAT : "     0.071892841;CPU10;2531;;UNC_M_CAS_COUNT.RD[UNIT5];10236689;100.00;;"
6569 [139664118339264] INFO perfrun.perfcollector <> - PERF_STAT : "     0.071892841;CPU0;128;;UNC_M_CAS_COUNT.WR[UNIT0];10236255;100.00;;"
6569 [139664118339264] INFO perfrun.perfcollector <> - PERF_STAT : "     0.071892841;CPU10;2217;;UNC_M_CAS_COUNT.WR[UNIT0];10236677;100.00;;"
6569 [139664118339264] INFO perfrun.perfcollector <> - PERF_STAT : "     0.071892841;CPU0;669;;UNC_M_CAS_COUNT.WR[UNIT1];10236237;100.00;;"
6569 [139664118339264] INFO perfrun.perfcollector <> - PERF_STAT : "     0.071892841;CPU10;1828;;UNC_M_CAS_COUNT.WR[UNIT1];10236532;100.00;;"
6569 [139664118339264] INFO perfrun.perfcollector <> - PERF_STAT : "     0.071892841;CPU0;128;;UNC_M_CAS_COUNT.WR[UNIT4];10236367;100.00;;"
6569 [139664118339264] INFO perfrun.perfcollector <> - PERF_STAT : "     0.071892841;CPU10;2222;;UNC_M_CAS_COUNT.WR[UNIT4];10236468;100.00;;"
6569 [139664118339264] INFO perfrun.perfcollector <> - PERF_STAT : "     0.071892841;CPU0;668;;UNC_M_CAS_COUNT.WR[UNIT5];10236351;100.00;;"
6569 [139664118339264] INFO perfrun.perfcollector <> - PERF_STAT : "     0.071892841;CPU10;1803;;UNC_M_CAS_COUNT.WR[UNIT5];10236453;100.00;;"
6579 [139664118339264] INFO perfrun.perfcollector <> - PERF_STAT : "     0.082129394;CPU0;1785;;UNC_M_CAS_COUNT.RD[UNIT0];10235634;100.00;;"
6579 [139664118339264] INFO perfrun.perfcollector <> - PERF_STAT : "     0.082129394;CPU10;1056;;UNC_M_CAS_COUNT.RD[UNIT0];10235703;100.00;;"
6579 [139664118339264] INFO perfrun.perfcollector <> - PERF_STAT : "     0.082129394;CPU0;2317;;UNC_M_CAS_COUNT.RD[UNIT1];10235575;100.00;;"
6579 [139664118339264] INFO perfrun.perfcollector <> - PERF_STAT : "     0.082129394;CPU10;495;;UNC_M_CAS_COUNT.RD[UNIT1];10235592;100.00;;"
6579 [139664118339264] INFO perfrun.perfcollector <> - PERF_STAT : "     0.082129394;CPU0;1765;;UNC_M_CAS_COUNT.RD[UNIT4];10235570;100.00;;"
6579 [139664118339264] INFO perfrun.perfcollector <> - PERF_STAT : "     0.082129394;CPU10;1022;;UNC_M_CAS_COUNT.RD[UNIT4];10235849;100.00;;"
6579 [139664118339264] INFO perfrun.perfcollector <> - PERF_STAT : "     0.082129394;CPU0;2321;;UNC_M_CAS_COUNT.RD[UNIT5];10235703;100.00;;"
6579 [139664118339264] INFO perfrun.perfcollector <> - PERF_STAT : "     0.082129394;CPU10;470;;UNC_M_CAS_COUNT.RD[UNIT5];10235930;100.00;;"
6579 [139664118339264] INFO perfrun.perfcollector <> - PERF_STAT : "     0.082129394;CPU0;109;;UNC_M_CAS_COUNT.WR[UNIT0];10235690;100.00;;"
6579 [139664118339264] INFO perfrun.perfcollector <> - PERF_STAT : "     0.082129394;CPU10;1477;;UNC_M_CAS_COUNT.WR[UNIT0];10235923;100.00;;"
6579 [139664118339264] INFO perfrun.perfcollector <> - PERF_STAT : "     0.082129394;CPU0;632;;UNC_M_CAS_COUNT.WR[UNIT1];10235690;100.00;;"
6579 [139664118339264] INFO perfrun.perfcollector <> - PERF_STAT : "     0.082129394;CPU10;927;;UNC_M_CAS_COUNT.WR[UNIT1];10235914;100.00;;"
6579 [139664118339264] INFO perfrun.perfcollector <> - PERF_STAT : "     0.082129394;CPU0;89;;UNC_M_CAS_COUNT.WR[UNIT4];10235537;100.00;;"
6579 [139664118339264] INFO perfrun.perfcollector <> - PERF_STAT : "     0.082129394;CPU10;1448;;UNC_M_CAS_COUNT.WR[UNIT4];10235904;100.00;;"
6579 [139664118339264] INFO perfrun.perfcollector <> - PERF_STAT : "     0.082129394;CPU0;631;;UNC_M_CAS_COUNT.WR[UNIT5];10235544;100.00;;"
6579 [139664118339264] INFO perfrun.perfcollector <> - PERF_STAT : "     0.082129394;CPU10;917;;UNC_M_CAS_COUNT.WR[UNIT5];10235887;100.00;;"
6589 [139664118339264] INFO perfrun.perfcollector <> - PERF_STAT : "     0.092365943;CPU0;1004;;UNC_M_CAS_COUNT.RD[UNIT0];10236706;100.00;;"
6589 [139664118339264] INFO perfrun.perfcollector <> - PERF_STAT : "     0.092365943;CPU10;689;;UNC_M_CAS_COUNT.RD[UNIT0];10236432;100.00;;"
6589 [139664118339264] INFO perfrun.perfcollector <> - PERF_STAT : "     0.092365943;CPU0;1557;;UNC_M_CAS_COUNT.RD[UNIT1];10236851;100.00;;"
6589 [139664118339264] INFO perfrun.perfcollector <> - PERF_STAT : "     0.092365943;CPU10;144;;UNC_M_CAS_COUNT.RD[UNIT1];10236431;100.00;;"
6589 [139664118339264] INFO perfrun.perfcollector <> - PERF_STAT : "     0.092365943;CPU0;984;;UNC_M_CAS_COUNT.RD[UNIT4];10236842;100.00;;"
6589 [139664118339264] INFO perfrun.perfcollector <> - PERF_STAT : "     0.092365943;CPU10;666;;UNC_M_CAS_COUNT.RD[UNIT4];10236345;100.00;;"
6589 [139664118339264] INFO perfrun.perfcollector <> - PERF_STAT : "     0.092365943;CPU0;1521;;UNC_M_CAS_COUNT.RD[UNIT5];10236701;100.00;;"
6589 [139664118339264] INFO perfrun.perfcollector <> - PERF_STAT : "     0.092365943;CPU10;139;;UNC_M_CAS_COUNT.RD[UNIT5];10236324;100.00;;"
6589 [139664118339264] INFO perfrun.perfcollector <> - PERF_STAT : "     0.092365943;CPU0;61;;UNC_M_CAS_COUNT.WR[UNIT0];10236707;100.00;;"
6589 [139664118339264] INFO perfrun.perfcollector <> - PERF_STAT : "     0.092365943;CPU10;954;;UNC_M_CAS_COUNT.WR[UNIT0];10236474;100.00;;"
6589 [139664118339264] INFO perfrun.perfcollector <> - PERF_STAT : "     0.092365943;CPU0;588;;UNC_M_CAS_COUNT.WR[UNIT1];10236707;100.00;;"
6589 [139664118339264] INFO perfrun.perfcollector <> - PERF_STAT : "     0.092365943;CPU10;424;;UNC_M_CAS_COUNT.WR[UNIT1];10236557;100.00;;"
6589 [139664118339264] INFO perfrun.perfcollector <> - PERF_STAT : "     0.092365943;CPU0;48;;UNC_M_CAS_COUNT.WR[UNIT4];10236794;100.00;;"
6589 [139664118339264] INFO perfrun.perfcollector <> - PERF_STAT : "     0.092365943;CPU10;995;;UNC_M_CAS_COUNT.WR[UNIT4];10236549;100.00;;"
6589 [139664118339264] INFO perfrun.perfcollector <> - PERF_STAT : "     0.092365943;CPU0;577;;UNC_M_CAS_COUNT.WR[UNIT5];10236790;100.00;;"
6589 [139664118339264] INFO perfrun.perfcollector <> - PERF_STAT : "     0.092365943;CPU10;462;;UNC_M_CAS_COUNT.WR[UNIT5];10236543;100.00;;"
6599 [139664118339264] INFO perfrun.perfcollector <> - PERF_STAT : "     0.102613361;CPU0;241;;UNC_M_CAS_COUNT.RD[UNIT0];10246486;100.00;;"
6599 [139664118339264] INFO perfrun.perfcollector <> - PERF_STAT : "     0.102613361;CPU10;762;;UNC_M_CAS_COUNT.RD[UNIT0];10246601;100.00;;"
6599 [139664118339264] INFO perfrun.perfcollector <> - PERF_STAT : "     0.102613361;CPU0;790;;UNC_M_CAS_COUNT.RD[UNIT1];10246532;100.00;;"
6599 [139664118339264] INFO perfrun.perfcollector <> - PERF_STAT : "     0.102613361;CPU10;220;;UNC_M_CAS_COUNT.RD[UNIT1];10246622;100.00;;"
6600 [139664118339264] INFO perfrun.perfcollector <> - PERF_STAT : "     0.102613361;CPU0;186;;UNC_M_CAS_COUNT.RD[UNIT4];10246634;100.00;;"
6600 [139664118339264] INFO perfrun.perfcollector <> - PERF_STAT : "     0.102613361;CPU10;762;;UNC_M_CAS_COUNT.RD[UNIT4];10246440;100.00;;"
6600 [139664118339264] INFO perfrun.perfcollector <> - PERF_STAT : "     0.102613361;CPU0;813;;UNC_M_CAS_COUNT.RD[UNIT5];10246785;100.00;;"
6600 [139664118339264] INFO perfrun.perfcollector <> - PERF_STAT : "     0.102613361;CPU10;216;;UNC_M_CAS_COUNT.RD[UNIT5];10246330;100.00;;"
6600 [139664118339264] INFO perfrun.perfcollector <> - PERF_STAT : "     0.102613361;CPU0;61;;UNC_M_CAS_COUNT.WR[UNIT0];10246849;100.00;;"
6600 [139664118339264] INFO perfrun.perfcollector <> - PERF_STAT : "     0.102613361;CPU10;608;;UNC_M_CAS_COUNT.WR[UNIT0];10246153;100.00;;"
6600 [139664118339264] INFO perfrun.perfcollector <> - PERF_STAT : "     0.102613361;CPU0;596;;UNC_M_CAS_COUNT.WR[UNIT1];10246847;100.00;;"
6600 [139664118339264] INFO perfrun.perfcollector <> - PERF_STAT : "     0.102613361;CPU10;76;;UNC_M_CAS_COUNT.WR[UNIT1];10246040;100.00;;"
6600 [139664118339264] INFO perfrun.perfcollector <> - PERF_STAT : "     0.102613361;CPU0;45;;UNC_M_CAS_COUNT.WR[UNIT4];10246749;100.00;;"
6600 [139664118339264] INFO perfrun.perfcollector <> - PERF_STAT : "     0.102613361;CPU10;614;;UNC_M_CAS_COUNT.WR[UNIT4];10246037;100.00;;"
6600 [139664118339264] INFO perfrun.perfcollector <> - PERF_STAT : "     0.102613361;CPU0;613;;UNC_M_CAS_COUNT.WR[UNIT5];10246749;100.00;;"
6600 [139664118339264] INFO perfrun.perfcollector <> - PERF_STAT : "     0.102613361;CPU10;74;;UNC_M_CAS_COUNT.WR[UNIT5];10246015;100.00;;"
6610 [139664118339264] INFO perfrun.perfcollector <> - PERF_STAT : "     0.112847114;CPU0;666;;UNC_M_CAS_COUNT.RD[UNIT0];10232041;100.00;;"
6610 [139664118339264] INFO perfrun.perfcollector <> - PERF_STAT : "     0.112847114;CPU10;824;;UNC_M_CAS_COUNT.RD[UNIT0];10231583;100.00;;"
6610 [139664118339264] INFO perfrun.perfcollector <> - PERF_STAT : "     0.112847114;CPU0;1168;;UNC_M_CAS_COUNT.RD[UNIT1];10231798;100.00;;"
6610 [139664118339264] INFO perfrun.perfcollector <> - PERF_STAT : "     0.112847114;CPU10;290;;UNC_M_CAS_COUNT.RD[UNIT1];10231683;100.00;;"
6610 [139664118339264] INFO perfrun.perfcollector <> - PERF_STAT : "     0.112847114;CPU0;644;;UNC_M_CAS_COUNT.RD[UNIT4];10231777;100.00;;"
6610 [139664118339264] INFO perfrun.perfcollector <> - PERF_STAT : "     0.112847114;CPU10;836;;UNC_M_CAS_COUNT.RD[UNIT4];10231717;100.00;;"
6610 [139664118339264] INFO perfrun.perfcollector <> - PERF_STAT : "     0.112847114;CPU0;1172;;UNC_M_CAS_COUNT.RD[UNIT5];10231630;100.00;;"
6610 [139664118339264] INFO perfrun.perfcollector <> - PERF_STAT : "     0.112847114;CPU10;284;;UNC_M_CAS_COUNT.RD[UNIT5];10231710;100.00;;"
6610 [139664118339264] INFO perfrun.perfcollector <> - PERF_STAT : "     0.112847114;CPU0;50;;UNC_M_CAS_COUNT.WR[UNIT0];10231556;100.00;;"
6610 [139664118339264] INFO perfrun.perfcollector <> - PERF_STAT : "     0.112847114;CPU10;811;;UNC_M_CAS_COUNT.WR[UNIT0];10231852;100.00;;"
6610 [139664118339264] INFO perfrun.perfcollector <> - PERF_STAT : "     0.112847114;CPU0;577;;UNC_M_CAS_COUNT.WR[UNIT1];10231539;100.00;;"
6610 [139664118339264] INFO perfrun.perfcollector <> - PERF_STAT : "     0.112847114;CPU10;310;;UNC_M_CAS_COUNT.WR[UNIT1];10231824;100.00;;"
6610 [139664118339264] INFO perfrun.perfcollector <> - PERF_STAT : "     0.112847114;CPU0;39;;UNC_M_CAS_COUNT.WR[UNIT4];10231536;100.00;;"
6610 [139664118339264] INFO perfrun.perfcollector <> - PERF_STAT : "     0.112847114;CPU10;802;;UNC_M_CAS_COUNT.WR[UNIT4];10231794;100.00;;"
6610 [139664118339264] INFO perfrun.perfcollector <> - PERF_STAT : "     0.112847114;CPU0;572;;UNC_M_CAS_COUNT.WR[UNIT5];10231591;100.00;;"
6610 [139664118339264] INFO perfrun.perfcollector <> - PERF_STAT : "     0.112847114;CPU10;286;;UNC_M_CAS_COUNT.WR[UNIT5];10231780;100.00;;"
6620 [139664118339264] INFO perfrun.perfcollector <> - PERF_STAT : "     0.123079283;CPU0;1566;;UNC_M_CAS_COUNT.RD[UNIT0];10232113;100.00;;"
6620 [139664118339264] INFO perfrun.perfcollector <> - PERF_STAT : "     0.123079283;CPU10;652;;UNC_M_CAS_COUNT.RD[UNIT0];10232038;100.00;;"
6620 [139664118339264] INFO perfrun.perfcollector <> - PERF_STAT : "     0.123079283;CPU0;2091;;UNC_M_CAS_COUNT.RD[UNIT1];10232270;100.00;;"
6620 [139664118339264] INFO perfrun.perfcollector <> - PERF_STAT : "     0.123079283;CPU10;107;;UNC_M_CAS_COUNT.RD[UNIT1];10231785;100.00;;"
6620 [139664118339264] INFO perfrun.perfcollector <> - PERF_STAT : "     0.123079283;CPU0;1580;;UNC_M_CAS_COUNT.RD[UNIT4];10232257;100.00;;"
6620 [139664118339264] INFO perfrun.perfcollector <> - PERF_STAT : "     0.123079283;CPU10;658;;UNC_M_CAS_COUNT.RD[UNIT4];10231686;100.00;;"
6620 [139664118339264] INFO perfrun.perfcollector <> - PERF_STAT : "     0.123079283;CPU0;2115;;UNC_M_CAS_COUNT.RD[UNIT5];10232365;100.00;;"
6620 [139664118339264] INFO perfrun.perfcollector <> - PERF_STAT : "     0.123079283;CPU10;130;;UNC_M_CAS_COUNT.RD[UNIT5];10231651;100.00;;"
6620 [139664118339264] INFO perfrun.perfcollector <> - PERF_STAT : "     0.123079283;CPU0;55;;UNC_M_CAS_COUNT.WR[UNIT0];10232378;100.00;;"
6620 [139664118339264] INFO perfrun.perfcollector <> - PERF_STAT : "     0.123079283;CPU10;1218;;UNC_M_CAS_COUNT.WR[UNIT0];10231770;100.00;;"
6620 [139664118339264] INFO perfrun.perfcollector <> - PERF_STAT : "     0.123079283;CPU0;584;;UNC_M_CAS_COUNT.WR[UNIT1];10232367;100.00;;"
6620 [139664118339264] INFO perfrun.perfcollector <> - PERF_STAT : "     0.123079283;CPU10;656;;UNC_M_CAS_COUNT.WR[UNIT1];10231769;100.00;;"
6620 [139664118339264] INFO perfrun.perfcollector <> - PERF_STAT : "     0.123079283;CPU0;57;;UNC_M_CAS_COUNT.WR[UNIT4];10232367;100.00;;"
6620 [139664118339264] INFO perfrun.perfcollector <> - PERF_STAT : "     0.123079283;CPU10;1189;;UNC_M_CAS_COUNT.WR[UNIT4];10231779;100.00;;"
6620 [139664118339264] INFO perfrun.perfcollector <> - PERF_STAT : "     0.123079283;CPU0;579;;UNC_M_CAS_COUNT.WR[UNIT5];10232407;100.00;;"
6620 [139664118339264] INFO perfrun.perfcollector <> - PERF_STAT : "     0.123079283;CPU10;683;;UNC_M_CAS_COUNT.WR[UNIT5];10231770;100.00;;"
6630 [139664118339264] INFO perfrun.perfcollector <> - PERF_STAT : "     0.133314789;CPU0;1729;;UNC_M_CAS_COUNT.RD[UNIT0];10237173;100.00;;"
6630 [139664118339264] INFO perfrun.perfcollector <> - PERF_STAT : "     0.133314789;CPU10;962;;UNC_M_CAS_COUNT.RD[UNIT0];10236276;100.00;;"
6630 [139664118339264] INFO perfrun.perfcollector <> - PERF_STAT : "     0.133314789;CPU0;2259;;UNC_M_CAS_COUNT.RD[UNIT1];10237141;100.00;;"
6630 [139664118339264] INFO perfrun.perfcollector <> - PERF_STAT : "     0.133314789;CPU10;397;;UNC_M_CAS_COUNT.RD[UNIT1];10236266;100.00;;"
6630 [139664118339264] INFO perfrun.perfcollector <> - PERF_STAT : "     0.133314789;CPU0;1692;;UNC_M_CAS_COUNT.RD[UNIT4];10237067;100.00;;"
6630 [139664118339264] INFO perfrun.perfcollector <> - PERF_STAT : "     0.133314789;CPU10;942;;UNC_M_CAS_COUNT.RD[UNIT4];10236267;100.00;;"
6630 [139664118339264] INFO perfrun.perfcollector <> - PERF_STAT : "     0.133314789;CPU0;2281;;UNC_M_CAS_COUNT.RD[UNIT5];10236959;100.00;;"
6630 [139664118339264] INFO perfrun.perfcollector <> - PERF_STAT : "     0.133314789;CPU10;412;;UNC_M_CAS_COUNT.RD[UNIT5];10236248;100.00;;"
6630 [139664118339264] INFO perfrun.perfcollector <> - PERF_STAT : "     0.133314789;CPU0;73;;UNC_M_CAS_COUNT.WR[UNIT0];10236948;100.00;;"
6630 [139664118339264] INFO perfrun.perfcollector <> - PERF_STAT : "     0.133314789;CPU10;1370;;UNC_M_CAS_COUNT.WR[UNIT0];10236118;100.00;;"
6630 [139664118339264] INFO perfrun.perfcollector <> - PERF_STAT : "     0.133314789;CPU0;618;;UNC_M_CAS_COUNT.WR[UNIT1];10237042;100.00;;"
6630 [139664118339264] INFO perfrun.perfcollector <> - PERF_STAT : "     0.133314789;CPU10;846;;UNC_M_CAS_COUNT.WR[UNIT1];10236192;100.00;;"
6630 [139664118339264] INFO perfrun.perfcollector <> - PERF_STAT : "     0.133314789;CPU0;60;;UNC_M_CAS_COUNT.WR[UNIT4];10237122;100.00;;"
6630 [139664118339264] INFO perfrun.perfcollector <> - PERF_STAT : "     0.133314789;CPU10;1376;;UNC_M_CAS_COUNT.WR[UNIT4];10236180;100.00;;"
6630 [139664118339264] INFO perfrun.perfcollector <> - PERF_STAT : "     0.133314789;CPU0;607;;UNC_M_CAS_COUNT.WR[UNIT5];10237040;100.00;;"
6630 [139664118339264] INFO perfrun.perfcollector <> - PERF_STAT : "     0.133314789;CPU10;885;;UNC_M_CAS_COUNT.WR[UNIT5];10236171;100.00;;"
6640 [139664118339264] INFO perfrun.perfcollector <> - PERF_STAT : "     0.143545708;CPU0;2003;;UNC_M_CAS_COUNT.RD[UNIT0];10227494;100.00;;"
6640 [139664118339264] INFO perfrun.perfcollector <> - PERF_STAT : "     0.143545708;CPU10;2818;;UNC_M_CAS_COUNT.RD[UNIT0];10228183;100.00;;"
6640 [139664118339264] INFO perfrun.perfcollector <> - PERF_STAT : "     0.143545708;CPU0;2537;;UNC_M_CAS_COUNT.RD[UNIT1];10227433;100.00;;"
6640 [139664118339264] INFO perfrun.perfcollector <> - PERF_STAT : "     0.143545708;CPU10;2259;;UNC_M_CAS_COUNT.RD[UNIT1];10228479;100.00;;"
6640 [139664118339264] INFO perfrun.perfcollector <> - PERF_STAT : "     0.143545708;CPU0;2006;;UNC_M_CAS_COUNT.RD[UNIT4];10227465;100.00;;"
6640 [139664118339264] INFO perfrun.perfcollector <> - PERF_STAT : "     0.143545708;CPU10;2820;;UNC_M_CAS_COUNT.RD[UNIT4];10228466;100.00;;"
6640 [139664118339264] INFO perfrun.perfcollector <> - PERF_STAT : "     0.143545708;CPU0;2515;;UNC_M_CAS_COUNT.RD[UNIT5];10227560;100.00;;"
6640 [139664118339264] INFO perfrun.perfcollector <> - PERF_STAT : "     0.143545708;CPU10;2267;;UNC_M_CAS_COUNT.RD[UNIT5];10228473;100.00;;"
6640 [139664118339264] INFO perfrun.perfcollector <> - PERF_STAT : "     0.143545708;CPU0;149;;UNC_M_CAS_COUNT.WR[UNIT0];10227623;100.00;;"
6640 [139664118339264] INFO perfrun.perfcollector <> - PERF_STAT : "     0.143545708;CPU10;2328;;UNC_M_CAS_COUNT.WR[UNIT0];10228305;100.00;;"
6641 [139664118339264] INFO perfrun.perfcollector <> - PERF_STAT : "     0.143545708;CPU0;674;;UNC_M_CAS_COUNT.WR[UNIT1];10227531;100.00;;"
6641 [139664118339264] INFO perfrun.perfcollector <> - PERF_STAT : "     0.143545708;CPU10;1696;;UNC_M_CAS_COUNT.WR[UNIT1];10228221;100.00;;"
6641 [139664118339264] INFO perfrun.perfcollector <> - PERF_STAT : "     0.143545708;CPU0;152;;UNC_M_CAS_COUNT.WR[UNIT4];10227435;100.00;;"
6641 [139664118339264] INFO perfrun.perfcollector <> - PERF_STAT : "     0.143545708;CPU10;2262;;UNC_M_CAS_COUNT.WR[UNIT4];10228209;100.00;;"
6641 [139664118339264] INFO perfrun.perfcollector <> - PERF_STAT : "     0.143545708;CPU0;665;;UNC_M_CAS_COUNT.WR[UNIT5];10227416;100.00;;"
6641 [139664118339264] INFO perfrun.perfcollector <> - PERF_STAT : "     0.143545708;CPU10;1723;;UNC_M_CAS_COUNT.WR[UNIT5];10228209;100.00;;"
6651 [139664118339264] INFO perfrun.perfcollector <> - PERF_STAT : "     0.153776234;CPU0;1274;;UNC_M_CAS_COUNT.RD[UNIT0];10231730;100.00;;"
6651 [139664118339264] INFO perfrun.perfcollector <> - PERF_STAT : "     0.153776234;CPU10;2370;;UNC_M_CAS_COUNT.RD[UNIT0];10231320;100.00;;"
6651 [139664118339264] INFO perfrun.perfcollector <> - PERF_STAT : "     0.153776234;CPU0;1978;;UNC_M_CAS_COUNT.RD[UNIT1];10231699;100.00;;"
6651 [139664118339264] INFO perfrun.perfcollector <> - PERF_STAT : "     0.153776234;CPU10;1837;;UNC_M_CAS_COUNT.RD[UNIT1];10231096;100.00;;"
6651 [139664118339264] INFO perfrun.perfcollector <> - PERF_STAT : "     0.153776234;CPU0;1277;;UNC_M_CAS_COUNT.RD[UNIT4];10231655;100.00;;"
6651 [139664118339264] INFO perfrun.perfcollector <> - PERF_STAT : "     0.153776234;CPU10;2365;;UNC_M_CAS_COUNT.RD[UNIT4];10231099;100.00;;"
6651 [139664118339264] INFO perfrun.perfcollector <> - PERF_STAT : "     0.153776234;CPU0;1902;;UNC_M_CAS_COUNT.RD[UNIT5];10231553;100.00;;"
6651 [139664118339264] INFO perfrun.perfcollector <> - PERF_STAT : "     0.153776234;CPU10;1801;;UNC_M_CAS_COUNT.RD[UNIT5];10231108;100.00;;"
6651 [139664118339264] INFO perfrun.perfcollector <> - PERF_STAT : "     0.153776234;CPU0;144;;UNC_M_CAS_COUNT.WR[UNIT0];10231489;100.00;;"
6651 [139664118339264] INFO perfrun.perfcollector <> - PERF_STAT : "     0.153776234;CPU10;1431;;UNC_M_CAS_COUNT.WR[UNIT0];10231259;100.00;;"
6651 [139664118339264] INFO perfrun.perfcollector <> - PERF_STAT : "     0.153776234;CPU0;684;;UNC_M_CAS_COUNT.WR[UNIT1];10231492;100.00;;"
6651 [139664118339264] INFO perfrun.perfcollector <> - PERF_STAT : "     0.153776234;CPU10;939;;UNC_M_CAS_COUNT.WR[UNIT1];10231361;100.00;;"
6651 [139664118339264] INFO perfrun.perfcollector <> - PERF_STAT : "     0.153776234;CPU0;142;;UNC_M_CAS_COUNT.WR[UNIT4];10231499;100.00;;"
6651 [139664118339264] INFO perfrun.perfcollector <> - PERF_STAT : "     0.153776234;CPU10;1504;;UNC_M_CAS_COUNT.WR[UNIT4];10231492;100.00;;"
6651 [139664118339264] INFO perfrun.perfcollector <> - PERF_STAT : "     0.153776234;CPU0;690;;UNC_M_CAS_COUNT.WR[UNIT5];10231478;100.00;;"
6651 [139664118339264] INFO perfrun.perfcollector <> - PERF_STAT : "     0.153776234;CPU10;987;;UNC_M_CAS_COUNT.WR[UNIT5];10231694;100.00;;"
6661 [139664118339264] INFO perfrun.perfcollector <> - PERF_STAT : "     0.164012240;CPU0;131;;UNC_M_CAS_COUNT.RD[UNIT0];10235034;100.00;;"
6661 [139664118339264] INFO perfrun.perfcollector <> - PERF_STAT : "     0.164012240;CPU10;2187;;UNC_M_CAS_COUNT.RD[UNIT0];10235001;100.00;;"
6661 [139664118339264] INFO perfrun.perfcollector <> - PERF_STAT : "     0.164012240;CPU0;653;;UNC_M_CAS_COUNT.RD[UNIT1];10235208;100.00;;"
6661 [139664118339264] INFO perfrun.perfcollector <> - PERF_STAT : "     0.164012240;CPU10;1637;;UNC_M_CAS_COUNT.RD[UNIT1];10234944;100.00;;"
6661 [139664118339264] INFO perfrun.perfcollector <> - PERF_STAT : "     0.164012240;CPU0;121;;UNC_M_CAS_COUNT.RD[UNIT4];10235203;100.00;;"
6661 [139664118339264] INFO perfrun.perfcollector <> - PERF_STAT : "     0.164012240;CPU10;2152;;UNC_M_CAS_COUNT.RD[UNIT4];10235044;100.00;;"
6661 [139664118339264] INFO perfrun.perfcollector <> - PERF_STAT : "     0.164012240;CPU0;658;;UNC_M_CAS_COUNT.RD[UNIT5];10235282;100.00;;"
6661 [139664118339264] INFO perfrun.perfcollector <> - PERF_STAT : "     0.164012240;CPU10;1621;;UNC_M_CAS_COUNT.RD[UNIT5];10235139;100.00;;"
6661 [139664118339264] INFO perfrun.perfcollector <> - PERF_STAT : "     0.164012240;CPU0;63;;UNC_M_CAS_COUNT.WR[UNIT0];10235271;100.00;;"
6661 [139664118339264] INFO perfrun.perfcollector <> - PERF_STAT : "     0.164012240;CPU10;1174;;UNC_M_CAS_COUNT.WR[UNIT0];10235238;100.00;;"
6661 [139664118339264] INFO perfrun.perfcollector <> - PERF_STAT : "     0.164012240;CPU0;598;;UNC_M_CAS_COUNT.WR[UNIT1];10235270;100.00;;"
6661 [139664118339264] INFO perfrun.perfcollector <> - PERF_STAT : "     0.164012240;CPU10;703;;UNC_M_CAS_COUNT.WR[UNIT1];10235144;100.00;;"
6661 [139664118339264] INFO perfrun.perfcollector <> - PERF_STAT : "     0.164012240;CPU0;68;;UNC_M_CAS_COUNT.WR[UNIT4];10235269;100.00;;"
6661 [139664118339264] INFO perfrun.perfcollector <> - PERF_STAT : "     0.164012240;CPU10;1210;;UNC_M_CAS_COUNT.WR[UNIT4];10235044;100.00;;"
6661 [139664118339264] INFO perfrun.perfcollector <> - PERF_STAT : "     0.164012240;CPU0;604;;UNC_M_CAS_COUNT.WR[UNIT5];10235264;100.00;;"
6661 [139664118339264] INFO perfrun.perfcollector <> - PERF_STAT : "     0.164012240;CPU10;662;;UNC_M_CAS_COUNT.WR[UNIT5];10234839;100.00;;"
6671 [139664118339264] INFO perfrun.perfcollector <> - PERF_STAT : "     0.174243993;CPU0;128;;UNC_M_CAS_COUNT.RD[UNIT0];10231022;100.00;;"
6671 [139664118339264] INFO perfrun.perfcollector <> - PERF_STAT : "     0.174243993;CPU10;2137;;UNC_M_CAS_COUNT.RD[UNIT0];10231872;100.00;;"
6671 [139664118339264] INFO perfrun.perfcollector <> - PERF_STAT : "     0.174243993;CPU0;655;;UNC_M_CAS_COUNT.RD[UNIT1];10230933;100.00;;"
6671 [139664118339264] INFO perfrun.perfcollector <> - PERF_STAT : "     0.174243993;CPU10;1586;;UNC_M_CAS_COUNT.RD[UNIT1];10231909;100.00;;"
6671 [139664118339264] INFO perfrun.perfcollector <> - PERF_STAT : "     0.174243993;CPU0;112;;UNC_M_CAS_COUNT.RD[UNIT4];10230936;100.00;;"
6671 [139664118339264] INFO perfrun.perfcollector <> - PERF_STAT : "     0.174243993;CPU10;2148;;UNC_M_CAS_COUNT.RD[UNIT4];10231996;100.00;;"
6671 [139664118339264] INFO perfrun.perfcollector <> - PERF_STAT : "     0.174243993;CPU0;655;;UNC_M_CAS_COUNT.RD[UNIT5];10230943;100.00;;"
6671 [139664118339264] INFO perfrun.perfcollector <> - PERF_STAT : "     0.174243993;CPU10;1592;;UNC_M_CAS_COUNT.RD[UNIT5];10231908;100.00;;"
6671 [139664118339264] INFO perfrun.perfcollector <> - PERF_STAT : "     0.174243993;CPU0;66;;UNC_M_CAS_COUNT.WR[UNIT0];10231032;100.00;;"
6671 [139664118339264] INFO perfrun.perfcollector <> - PERF_STAT : "     0.174243993;CPU10;1147;;UNC_M_CAS_COUNT.WR[UNIT0];10231823;100.00;;"
6671 [139664118339264] INFO perfrun.perfcollector <> - PERF_STAT : "     0.174243993;CPU0;607;;UNC_M_CAS_COUNT.WR[UNIT1];10231113;100.00;;"
6671 [139664118339264] INFO perfrun.perfcollector <> - PERF_STAT : "     0.174243993;CPU10;575;;UNC_M_CAS_COUNT.WR[UNIT1];10231811;100.00;;"
6671 [139664118339264] INFO perfrun.perfcollector <> - PERF_STAT : "     0.174243993;CPU0;54;;UNC_M_CAS_COUNT.WR[UNIT4];10231196;100.00;;"
6671 [139664118339264] INFO perfrun.perfcollector <> - PERF_STAT : "     0.174243993;CPU10;1132;;UNC_M_CAS_COUNT.WR[UNIT4];10231821;100.00;;"
6671 [139664118339264] INFO perfrun.perfcollector <> - PERF_STAT : "     0.174243993;CPU0;591;;UNC_M_CAS_COUNT.WR[UNIT5];10231225;100.00;;"
6671 [139664118339264] INFO perfrun.perfcollector <> - PERF_STAT : "     0.174243993;CPU10;570;;UNC_M_CAS_COUNT.WR[UNIT5];10231824;100.00;;"
6681 [139664118339264] INFO perfrun.perfcollector <> - PERF_STAT : "     0.184476928;CPU0;104;;UNC_M_CAS_COUNT.RD[UNIT0];10232291;100.00;;"
6681 [139664118339264] INFO perfrun.perfcollector <> - PERF_STAT : "     0.184476928;CPU10;2093;;UNC_M_CAS_COUNT.RD[UNIT0];10231793;100.00;;"
6681 [139664118339264] INFO perfrun.perfcollector <> - PERF_STAT : "     0.184476928;CPU0;646;;UNC_M_CAS_COUNT.RD[UNIT1];10232277;100.00;;"
6681 [139664118339264] INFO perfrun.perfcollector <> - PERF_STAT : "     0.184476928;CPU10;1547;;UNC_M_CAS_COUNT.RD[UNIT1];10231863;100.00;;"
6681 [139664118339264] INFO perfrun.perfcollector <> - PERF_STAT : "     0.184476928;CPU0;104;;UNC_M_CAS_COUNT.RD[UNIT4];10232348;100.00;;"
6681 [139664118339264] INFO perfrun.perfcollector <> - PERF_STAT : "     0.184476928;CPU10;2101;;UNC_M_CAS_COUNT.RD[UNIT4];10231686;100.00;;"
6681 [139664118339264] INFO perfrun.perfcollector <> - PERF_STAT : "     0.184476928;CPU0;645;;UNC_M_CAS_COUNT.RD[UNIT5];10232264;100.00;;"
6681 [139664118339264] INFO perfrun.perfcollector <> - PERF_STAT : "     0.184476928;CPU10;1552;;UNC_M_CAS_COUNT.RD[UNIT5];10231680;100.00;;"
6681 [139664118339264] INFO perfrun.perfcollector <> - PERF_STAT : "     0.184476928;CPU0;48;;UNC_M_CAS_COUNT.WR[UNIT0];10232179;100.00;;"
6681 [139664118339264] INFO perfrun.perfcollector <> - PERF_STAT : "     0.184476928;CPU10;1164;;UNC_M_CAS_COUNT.WR[UNIT0];10231508;100.00;;"
6681 [139664118339264] INFO perfrun.perfcollector <> - PERF_STAT : "     0.184476928;CPU0;583;;UNC_M_CAS_COUNT.WR[UNIT1];10232105;100.00;;"
6681 [139664118339264] INFO perfrun.perfcollector <> - PERF_STAT : "     0.184476928;CPU10;679;;UNC_M_CAS_COUNT.WR[UNIT1];10231602;100.00;;"
6681 [139664118339264] INFO perfrun.perfcollector <> - PERF_STAT : "     0.184476928;CPU0;60;;UNC_M_CAS_COUNT.WR[UNIT4];10232029;100.00;;"
6681 [139664118339264] INFO perfrun.perfcollector <> - PERF_STAT : "     0.184476928;CPU10;1173;;UNC_M_CAS_COUNT.WR[UNIT4];10231572;100.00;;"
6682 [139664118339264] INFO perfrun.perfcollector <> - PERF_STAT : "     0.184476928;CPU0;585;;UNC_M_CAS_COUNT.WR[UNIT5];10232019;100.00;;"
6682 [139664118339264] INFO perfrun.perfcollector <> - PERF_STAT : "     0.184476928;CPU10;660;;UNC_M_CAS_COUNT.WR[UNIT5];10231568;100.00;;"
6692 [139664118339264] INFO perfrun.perfcollector <> - PERF_STAT : "     0.194713442;CPU0;316;;UNC_M_CAS_COUNT.RD[UNIT0];10236052;100.00;;"
6692 [139664118339264] INFO perfrun.perfcollector <> - PERF_STAT : "     0.194713442;CPU10;2523;;UNC_M_CAS_COUNT.RD[UNIT0];10236135;100.00;;"
6692 [139664118339264] INFO perfrun.perfcollector <> - PERF_STAT : "     0.194713442;CPU0;866;;UNC_M_CAS_COUNT.RD[UNIT1];10236137;100.00;;"
6692 [139664118339264] INFO perfrun.perfcollector <> - PERF_STAT : "     0.194713442;CPU10;1964;;UNC_M_CAS_COUNT.RD[UNIT1];10235997;100.00;;"
6692 [139664118339264] INFO perfrun.perfcollector <> - PERF_STAT : "     0.194713442;CPU0;313;;UNC_M_CAS_COUNT.RD[UNIT4];10236165;100.00;;"
6692 [139664118339264] INFO perfrun.perfcollector <> - PERF_STAT : "     0.194713442;CPU10;2513;;UNC_M_CAS_COUNT.RD[UNIT4];10236163;100.00;;"
6692 [139664118339264] INFO perfrun.perfcollector <> - PERF_STAT : "     0.194713442;CPU0;877;;UNC_M_CAS_COUNT.RD[UNIT5];10236170;100.00;;"
6692 [139664118339264] INFO perfrun.perfcollector <> - PERF_STAT : "     0.194713442;CPU10;1977;;UNC_M_CAS_COUNT.RD[UNIT5];10236300;100.00;;"
6692 [139664118339264] INFO perfrun.perfcollector <> - PERF_STAT : "     0.194713442;CPU0;95;;UNC_M_CAS_COUNT.WR[UNIT0];10236191;100.00;;"
6692 [139664118339264] INFO perfrun.perfcollector <> - PERF_STAT : "     0.194713442;CPU10;1345;;UNC_M_CAS_COUNT.WR[UNIT0];10236466;100.00;;"
6692 [139664118339264] INFO perfrun.perfcollector <> - PERF_STAT : "     0.194713442;CPU0;616;;UNC_M_CAS_COUNT.WR[UNIT1];10236195;100.00;;"
6692 [139664118339264] INFO perfrun.perfcollector <> - PERF_STAT : "     0.194713442;CPU10;819;;UNC_M_CAS_COUNT.WR[UNIT1];10236368;100.00;;"
6692 [139664118339264] INFO perfrun.perfcollector <> - PERF_STAT : "     0.194713442;CPU0;86;;UNC_M_CAS_COUNT.WR[UNIT4];10236212;100.00;;"
6692 [139664118339264] INFO perfrun.perfcollector <> - PERF_STAT : "     0.194713442;CPU10;1336;;UNC_M_CAS_COUNT.WR[UNIT4];10236357;100.00;;"
6692 [139664118339264] INFO perfrun.perfcollector <> - PERF_STAT : "     0.194713442;CPU0;622;;UNC_M_CAS_COUNT.WR[UNIT5];10236210;100.00;;"
6692 [139664118339264] INFO perfrun.perfcollector <> - PERF_STAT : "     0.194713442;CPU10;819;;UNC_M_CAS_COUNT.WR[UNIT5];10236360;100.00;;"
6702 [139664118339264] INFO perfrun.perfcollector <> - PERF_STAT : "     0.204945152;CPU0;972;;UNC_M_CAS_COUNT.RD[UNIT0];10230354;100.00;;"
6702 [139664118339264] INFO perfrun.perfcollector <> - PERF_STAT : "     0.204945152;CPU10;2075;;UNC_M_CAS_COUNT.RD[UNIT0];10231078;100.00;;"
6702 [139664118339264] INFO perfrun.perfcollector <> - PERF_STAT : "     0.204945152;CPU0;1497;;UNC_M_CAS_COUNT.RD[UNIT1];10230314;100.00;;"
6702 [139664118339264] INFO perfrun.perfcollector <> - PERF_STAT : "     0.204945152;CPU10;1526;;UNC_M_CAS_COUNT.RD[UNIT1];10231270;100.00;;"
6702 [139664118339264] INFO perfrun.perfcollector <> - PERF_STAT : "     0.204945152;CPU0;961;;UNC_M_CAS_COUNT.RD[UNIT4];10230386;100.00;;"
6702 [139664118339264] INFO perfrun.perfcollector <> - PERF_STAT : "     0.204945152;CPU10;2082;;UNC_M_CAS_COUNT.RD[UNIT4];10231366;100.00;;"
6702 [139664118339264] INFO perfrun.perfcollector <> - PERF_STAT : "     0.204945152;CPU0;1502;;UNC_M_CAS_COUNT.RD[UNIT5];10230404;100.00;;"
6702 [139664118339264] INFO perfrun.perfcollector <> - PERF_STAT : "     0.204945152;CPU10;1539;;UNC_M_CAS_COUNT.RD[UNIT5];10231401;100.00;;"
6702 [139664118339264] INFO perfrun.perfcollector <> - PERF_STAT : "     0.204945152;CPU0;88;;UNC_M_CAS_COUNT.WR[UNIT0];10230456;100.00;;"
6702 [139664118339264] INFO perfrun.perfcollector <> - PERF_STAT : "     0.204945152;CPU10;1345;;UNC_M_CAS_COUNT.WR[UNIT0];10231338;100.00;;"
6702 [139664118339264] INFO perfrun.perfcollector <> - PERF_STAT : "     0.204945152;CPU0;626;;UNC_M_CAS_COUNT.WR[UNIT1];10230535;100.00;;"
6702 [139664118339264] INFO perfrun.perfcollector <> - PERF_STAT : "     0.204945152;CPU10;812;;UNC_M_CAS_COUNT.WR[UNIT1];10231694;100.00;;"
6702 [139664118339264] INFO perfrun.perfcollector <> - PERF_STAT : "     0.204945152;CPU0;96;;UNC_M_CAS_COUNT.WR[UNIT4];10230608;100.00;;"
6702 [139664118339264] INFO perfrun.perfcollector <> - PERF_STAT : "     0.204945152;CPU10;1442;;UNC_M_CAS_COUNT.WR[UNIT4];10231779;100.00;;"
6702 [139664118339264] INFO perfrun.perfcollector <> - PERF_STAT : "     0.204945152;CPU0;660;;UNC_M_CAS_COUNT.WR[UNIT5];10230644;100.00;;"
6702 [139664118339264] INFO perfrun.perfcollector <> - PERF_STAT : "     0.204945152;CPU10;862;;UNC_M_CAS_COUNT.WR[UNIT5];10231869;100.00;;"
6712 [139664118339264] INFO perfrun.perfcollector <> - PERF_STAT : "     0.215181545;CPU0;394;;UNC_M_CAS_COUNT.RD[UNIT0];10236040;100.00;;"
6712 [139664118339264] INFO perfrun.perfcollector <> - PERF_STAT : "     0.215181545;CPU10;1957;;UNC_M_CAS_COUNT.RD[UNIT0];10235186;100.00;;"
6712 [139664118339264] INFO perfrun.perfcollector <> - PERF_STAT : "     0.215181545;CPU0;914;;UNC_M_CAS_COUNT.RD[UNIT1];10235991;100.00;;"
6712 [139664118339264] INFO perfrun.perfcollector <> - PERF_STAT : "     0.215181545;CPU10;1395;;UNC_M_CAS_COUNT.RD[UNIT1];10234967;100.00;;"
6712 [139664118339264] INFO perfrun.perfcollector <> - PERF_STAT : "     0.215181545;CPU0;381;;UNC_M_CAS_COUNT.RD[UNIT4];10235831;100.00;;"
6712 [139664118339264] INFO perfrun.perfcollector <> - PERF_STAT : "     0.215181545;CPU10;1970;;UNC_M_CAS_COUNT.RD[UNIT4];10234691;100.00;;"
6712 [139664118339264] INFO perfrun.perfcollector <> - PERF_STAT : "     0.215181545;CPU0;913;;UNC_M_CAS_COUNT.RD[UNIT5];10235987;100.00;;"
6712 [139664118339264] INFO perfrun.perfcollector <> - PERF_STAT : "     0.215181545;CPU10;1415;;UNC_M_CAS_COUNT.RD[UNIT5];10234597;100.00;;"
6712 [139664118339264] INFO perfrun.perfcollector <> - PERF_STAT : "     0.215181545;CPU0;80;;UNC_M_CAS_COUNT.WR[UNIT0];10235905;100.00;;"
6712 [139664118339264] INFO perfrun.perfcollector <> - PERF_STAT : "     0.215181545;CPU10;1115;;UNC_M_CAS_COUNT.WR[UNIT0];10234695;100.00;;"
6712 [139664118339264] INFO perfrun.perfcollector <> - PERF_STAT : "     0.215181545;CPU0;599;;UNC_M_CAS_COUNT.WR[UNIT1];10235817;100.00;;"
6712 [139664118339264] INFO perfrun.perfcollector <> - PERF_STAT : "     0.215181545;CPU10;633;;UNC_M_CAS_COUNT.WR[UNIT1];10234408;100.00;;"
6712 [139664118339264] INFO perfrun.perfcollector <> - PERF_STAT : "     0.215181545;CPU0;75;;UNC_M_CAS_COUNT.WR[UNIT4];10235761;100.00;;"
6712 [139664118339264] INFO perfrun.perfcollector <> - PERF_STAT : "     0.215181545;CPU10;1159;;UNC_M_CAS_COUNT.WR[UNIT4];10234325;100.00;;"
6712 [139664118339264] INFO perfrun.perfcollector <> - PERF_STAT : "     0.215181545;CPU0;601;;UNC_M_CAS_COUNT.WR[UNIT5];10235722;100.00;;"
6712 [139664118339264] INFO perfrun.perfcollector <> - PERF_STAT : "     0.215181545;CPU10;642;;UNC_M_CAS_COUNT.WR[UNIT5];10234232;100.00;;"
6722 [139664118339264] INFO perfrun.perfcollector <> - PERF_STAT : "     0.225417245;CPU0;156;;UNC_M_CAS_COUNT.RD[UNIT0];10235327;100.00;;"
6722 [139664118339264] INFO perfrun.perfcollector <> - PERF_STAT : "     0.225417245;CPU10;2279;;UNC_M_CAS_COUNT.RD[UNIT0];10235235;100.00;;"
6722 [139664118339264] INFO perfrun.perfcollector <> - PERF_STAT : "     0.225417245;CPU0;687;;UNC_M_CAS_COUNT.RD[UNIT1];10235353;100.00;;"
6722 [139664118339264] INFO perfrun.perfcollector <> - PERF_STAT : "     0.225417245;CPU10;1736;;UNC_M_CAS_COUNT.RD[UNIT1];10235355;100.00;;"
6722 [139664118339264] INFO perfrun.perfcollector <> - PERF_STAT : "     0.225417245;CPU0;131;;UNC_M_CAS_COUNT.RD[UNIT4];10235407;100.00;;"
6722 [139664118339264] INFO perfrun.perfcollector <> - PERF_STAT : "     0.225417245;CPU10;2298;;UNC_M_CAS_COUNT.RD[UNIT4];10235456;100.00;;"
6722 [139664118339264] INFO perfrun.perfcollector <> - PERF_STAT : "     0.225417245;CPU0;698;;UNC_M_CAS_COUNT.RD[UNIT5];10235271;100.00;;"
6722 [139664118339264] INFO perfrun.perfcollector <> - PERF_STAT : "     0.225417245;CPU10;1732;;UNC_M_CAS_COUNT.RD[UNIT5];10235363;100.00;;"
6722 [139664118339264] INFO perfrun.perfcollector <> - PERF_STAT : "     0.225417245;CPU0;95;;UNC_M_CAS_COUNT.WR[UNIT0];10235320;100.00;;"
6722 [139664118339264] INFO perfrun.perfcollector <> - PERF_STAT : "     0.225417245;CPU10;1158;;UNC_M_CAS_COUNT.WR[UNIT0];10235329;100.00;;"
6722 [139664118339264] INFO perfrun.perfcollector <> - PERF_STAT : "     0.225417245;CPU0;624;;UNC_M_CAS_COUNT.WR[UNIT1];10235313;100.00;;"
6722 [139664118339264] INFO perfrun.perfcollector <> - PERF_STAT : "     0.225417245;CPU10;580;;UNC_M_CAS_COUNT.WR[UNIT1];10235258;100.00;;"
6722 [139664118339264] INFO perfrun.perfcollector <> - PERF_STAT : "     0.225417245;CPU0;61;;UNC_M_CAS_COUNT.WR[UNIT4];10235271;100.00;;"
6722 [139664118339264] INFO perfrun.perfcollector <> - PERF_STAT : "     0.225417245;CPU10;1158;;UNC_M_CAS_COUNT.WR[UNIT4];10235277;100.00;;"
6722 [139664118339264] INFO perfrun.perfcollector <> - PERF_STAT : "     0.225417245;CPU0;620;;UNC_M_CAS_COUNT.WR[UNIT5];10235265;100.00;;"
6722 [139664118339264] INFO perfrun.perfcollector <> - PERF_STAT : "     0.225417245;CPU10;612;;UNC_M_CAS_COUNT.WR[UNIT5];10235279;100.00;;"
6732 [139664118339264] INFO perfrun.perfcollector <> - PERF_STAT : "     0.235649406;CPU0;144;;UNC_M_CAS_COUNT.RD[UNIT0];10231998;100.00;;"
6733 [139664118339264] INFO perfrun.perfcollector <> - PERF_STAT : "     0.235649406;CPU10;1854;;UNC_M_CAS_COUNT.RD[UNIT0];10232809;100.00;;"
6733 [139664118339264] INFO perfrun.perfcollector <> - PERF_STAT : "     0.235649406;CPU0;671;;UNC_M_CAS_COUNT.RD[UNIT1];10231957;100.00;;"
6733 [139664118339264] INFO perfrun.perfcollector <> - PERF_STAT : "     0.235649406;CPU10;1294;;UNC_M_CAS_COUNT.RD[UNIT1];10232908;100.00;;"
6733 [139664118339264] INFO perfrun.perfcollector <> - PERF_STAT : "     0.235649406;CPU0;139;;UNC_M_CAS_COUNT.RD[UNIT4];10231986;100.00;;"
6733 [139664118339264] INFO perfrun.perfcollector <> - PERF_STAT : "     0.235649406;CPU10;1866;;UNC_M_CAS_COUNT.RD[UNIT4];10232881;100.00;;"
6733 [139664118339264] INFO perfrun.perfcollector <> - PERF_STAT : "     0.235649406;CPU0;673;;UNC_M_CAS_COUNT.RD[UNIT5];10232083;100.00;;"
6733 [139664118339264] INFO perfrun.perfcollector <> - PERF_STAT : "     0.235649406;CPU10;1314;;UNC_M_CAS_COUNT.RD[UNIT5];10232937;100.00;;"
6733 [139664118339264] INFO perfrun.perfcollector <> - PERF_STAT : "     0.235649406;CPU0;61;;UNC_M_CAS_COUNT.WR[UNIT0];10232152;100.00;;"
6733 [139664118339264] INFO perfrun.perfcollector <> - PERF_STAT : "     0.235649406;CPU10;1007;;UNC_M_CAS_COUNT.WR[UNIT0];10232930;100.00;;"
6733 [139664118339264] INFO perfrun.perfcollector <> - PERF_STAT : "     0.235649406;CPU0;602;;UNC_M_CAS_COUNT.WR[UNIT1];10232259;100.00;;"
6733 [139664118339264] INFO perfrun.perfcollector <> - PERF_STAT : "     0.235649406;CPU10;428;;UNC_M_CAS_COUNT.WR[UNIT1];10232939;100.00;;"
6733 [139664118339264] INFO perfrun.perfcollector <> - PERF_STAT : "     0.235649406;CPU0;52;;UNC_M_CAS_COUNT.WR[UNIT4];10232349;100.00;;"
6733 [139664118339264] INFO perfrun.perfcollector <> - PERF_STAT : "     0.235649406;CPU10;1021;;UNC_M_CAS_COUNT.WR[UNIT4];10232915;100.00;;"
6733 [139664118339264] INFO perfrun.perfcollector <> - PERF_STAT : "     0.235649406;CPU0;593;;UNC_M_CAS_COUNT.WR[UNIT5];10232371;100.00;;"
6733 [139664118339264] INFO perfrun.perfcollector <> - PERF_STAT : "     0.235649406;CPU10;461;;UNC_M_CAS_COUNT.WR[UNIT5];10232902;100.00;;"
6743 [139664118339264] INFO perfrun.perfcollector <> - PERF_STAT : "     0.245882577;CPU0;700;;UNC_M_CAS_COUNT.RD[UNIT0];10232608;100.00;;"
6743 [139664118339264] INFO perfrun.perfcollector <> - PERF_STAT : "     0.245882577;CPU10;1380;;UNC_M_CAS_COUNT.RD[UNIT0];10231900;100.00;;"
6743 [139664118339264] INFO perfrun.perfcollector <> - PERF_STAT : "     0.245882577;CPU0;1219;;UNC_M_CAS_COUNT.RD[UNIT1];10232545;100.00;;"
6743 [139664118339264] INFO perfrun.perfcollector <> - PERF_STAT : "     0.245882577;CPU10;841;;UNC_M_CAS_COUNT.RD[UNIT1];10231885;100.00;;"
6743 [139664118339264] INFO perfrun.perfcollector <> - PERF_STAT : "     0.245882577;CPU0;671;;UNC_M_CAS_COUNT.RD[UNIT4];10232558;100.00;;"
6743 [139664118339264] INFO perfrun.perfcollector <> - PERF_STAT : "     0.245882577;CPU10;1392;;UNC_M_CAS_COUNT.RD[UNIT4];10231846;100.00;;"
6743 [139664118339264] INFO perfrun.perfcollector <> - PERF_STAT : "     0.245882577;CPU0;1236;;UNC_M_CAS_COUNT.RD[UNIT5];10232415;100.00;;"
6743 [139664118339264] INFO perfrun.perfcollector <> - PERF_STAT : "     0.245882577;CPU10;841;;UNC_M_CAS_COUNT.RD[UNIT5];10231788;100.00;;"
6743 [139664118339264] INFO perfrun.perfcollector <> - PERF_STAT : "     0.245882577;CPU0;67;;UNC_M_CAS_COUNT.WR[UNIT0];10232382;100.00;;"
6743 [139664118339264] INFO perfrun.perfcollector <> - PERF_STAT : "     0.245882577;CPU10;1021;;UNC_M_CAS_COUNT.WR[UNIT0];10231794;100.00;;"
6743 [139664118339264] INFO perfrun.perfcollector <> - PERF_STAT : "     0.245882577;CPU0;613;;UNC_M_CAS_COUNT.WR[UNIT1];10232367;100.00;;"
6743 [139664118339264] INFO perfrun.perfcollector <> - PERF_STAT : "     0.245882577;CPU10;487;;UNC_M_CAS_COUNT.WR[UNIT1];10231807;100.00;;"
6743 [139664118339264] INFO perfrun.perfcollector <> - PERF_STAT : "     0.245882577;CPU0;65;;UNC_M_CAS_COUNT.WR[UNIT4];10232298;100.00;;"
6743 [139664118339264] INFO perfrun.perfcollector <> - PERF_STAT : "     0.245882577;CPU10;1006;;UNC_M_CAS_COUNT.WR[UNIT4];10231812;100.00;;"
6743 [139664118339264] INFO perfrun.perfcollector <> - PERF_STAT : "     0.245882577;CPU0;613;;UNC_M_CAS_COUNT.WR[UNIT5];10232286;100.00;;"
6743 [139664118339264] INFO perfrun.perfcollector <> - PERF_STAT : "     0.245882577;CPU10;492;;UNC_M_CAS_COUNT.WR[UNIT5];10231843;100.00;;"
6753 [139664118339264] INFO perfrun.perfcollector <> - PERF_STAT : "     0.256097853;CPU0;2284;;UNC_M_CAS_COUNT.RD[UNIT0];10215949;100.00;;"
6753 [139664118339264] INFO perfrun.perfcollector <> - PERF_STAT : "     0.256097853;CPU10;3389;;UNC_M_CAS_COUNT.RD[UNIT0];10240625;100.00;;"
6753 [139664118339264] INFO perfrun.perfcollector <> - PERF_STAT : "     0.256097853;CPU0;2674;;UNC_M_CAS_COUNT.RD[UNIT1];10221698;100.00;;"
6753 [139664118339264] INFO perfrun.perfcollector <> - PERF_STAT : "     0.256097853;CPU10;2810;;UNC_M_CAS_COUNT.RD[UNIT1];10247253;100.00;;"
6753 [139664118339264] INFO perfrun.perfcollector <> - PERF_STAT : "     0.256097853;CPU0;16206;;UNC_M_CAS_COUNT.RD[UNIT4];10221865;100.00;;"
6753 [139664118339264] INFO perfrun.perfcollector <> - PERF_STAT : "     0.256097853;CPU10;3320;;UNC_M_CAS_COUNT.RD[UNIT4];10247655;100.00;;"
6753 [139664118339264] INFO perfrun.perfcollector <> - PERF_STAT : "     0.256097853;CPU0;18374;;UNC_M_CAS_COUNT.RD[UNIT5];10222279;100.00;;"
6753 [139664118339264] INFO perfrun.perfcollector <> - PERF_STAT : "     0.256097853;CPU10;3882;;UNC_M_CAS_COUNT.RD[UNIT5];10247992;100.00;;"
6753 [139664118339264] INFO perfrun.perfcollector <> - PERF_STAT : "     0.256097853;CPU0;1377;;UNC_M_CAS_COUNT.WR[UNIT0];10222344;100.00;;"
6753 [139664118339264] INFO perfrun.perfcollector <> - PERF_STAT : "     0.256097853;CPU10;9274;;UNC_M_CAS_COUNT.WR[UNIT0];10248139;100.00;;"
6753 [139664118339264] INFO perfrun.perfcollector <> - PERF_STAT : "     0.256097853;CPU0;1788;;UNC_M_CAS_COUNT.WR[UNIT1];10222523;100.00;;"
6753 [139664118339264] INFO perfrun.perfcollector <> - PERF_STAT : "     0.256097853;CPU10;8662;;UNC_M_CAS_COUNT.WR[UNIT1];10248327;100.00;;"
6753 [139664118339264] INFO perfrun.perfcollector <> - PERF_STAT : "     0.256097853;CPU0;1326;;UNC_M_CAS_COUNT.WR[UNIT4];10228682;100.00;;"
6753 [139664118339264] INFO perfrun.perfcollector <> - PERF_STAT : "     0.256097853;CPU10;9247;;UNC_M_CAS_COUNT.WR[UNIT4];10254859;100.00;;"
6753 [139664118339264] INFO perfrun.perfcollector <> - PERF_STAT : "     0.256097853;CPU0;2217;;UNC_M_CAS_COUNT.WR[UNIT5];10228913;100.00;;"
6753 [139664118339264] INFO perfrun.perfcollector <> - PERF_STAT : "     0.256097853;CPU10;9170;;UNC_M_CAS_COUNT.WR[UNIT5];10255293;100.00;;"
6763 [139664118339264] INFO perfrun.perfcollector <> - PERF_STAT : "     0.266385798;CPU0;551;;UNC_M_CAS_COUNT.RD[UNIT0];10262301;100.00;;"
6763 [139664118339264] INFO perfrun.perfcollector <> - PERF_STAT : "     0.266385798;CPU10;856;;UNC_M_CAS_COUNT.RD[UNIT0];10234407;100.00;;"
6763 [139664118339264] INFO perfrun.perfcollector <> - PERF_STAT : "     0.266385798;CPU0;938;;UNC_M_CAS_COUNT.RD[UNIT1];10256044;100.00;;"
6763 [139664118339264] INFO perfrun.perfcollector <> - PERF_STAT : "     0.266385798;CPU10;293;;UNC_M_CAS_COUNT.RD[UNIT1];10227434;100.00;;"
6763 [139664118339264] INFO perfrun.perfcollector <> - PERF_STAT : "     0.266385798;CPU0;2293;;UNC_M_CAS_COUNT.RD[UNIT4];10255834;100.00;;"
6763 [139664118339264] INFO perfrun.perfcollector <> - PERF_STAT : "     0.266385798;CPU10;854;;UNC_M_CAS_COUNT.RD[UNIT4];10227256;100.00;;"
6763 [139664118339264] INFO perfrun.perfcollector <> - PERF_STAT : "     0.266385798;CPU0;2838;;UNC_M_CAS_COUNT.RD[UNIT5];10255534;100.00;;"
6763 [139664118339264] INFO perfrun.perfcollector <> - PERF_STAT : "     0.266385798;CPU10;409;;UNC_M_CAS_COUNT.RD[UNIT5];10227086;100.00;;"
6763 [139664118339264] INFO perfrun.perfcollector <> - PERF_STAT : "     0.266385798;CPU0;95;;UNC_M_CAS_COUNT.WR[UNIT0];10255596;100.00;;"
6763 [139664118339264] INFO perfrun.perfcollector <> - PERF_STAT : "     0.266385798;CPU10;637;;UNC_M_CAS_COUNT.WR[UNIT0];10226946;100.00;;"
6763 [139664118339264] INFO perfrun.perfcollector <> - PERF_STAT : "     0.266385798;CPU0;585;;UNC_M_CAS_COUNT.WR[UNIT1];10255626;100.00;;"
6763 [139664118339264] INFO perfrun.perfcollector <> - PERF_STAT : "     0.266385798;CPU10;125;;UNC_M_CAS_COUNT.WR[UNIT1];10226921;100.00;;"
6763 [139664118339264] INFO perfrun.perfcollector <> - PERF_STAT : "     0.266385798;CPU0;92;;UNC_M_CAS_COUNT.WR[UNIT4];10249724;100.00;;"
6763 [139664118339264] INFO perfrun.perfcollector <> - PERF_STAT : "     0.266385798;CPU10;654;;UNC_M_CAS_COUNT.WR[UNIT4];10220636;100.00;;"
6763 [139664118339264] INFO perfrun.perfcollector <> - PERF_STAT : "     0.266385798;CPU0;627;;UNC_M_CAS_COUNT.WR[UNIT5];10249694;100.00;;"
6763 [139664118339264] INFO perfrun.perfcollector <> - PERF_STAT : "     0.266385798;CPU10;142;;UNC_M_CAS_COUNT.WR[UNIT5];10220363;100.00;;"
6773 [139664118339264] INFO perfrun.perfcollector <> - PERF_STAT : "     0.276592730;CPU0;236;;UNC_M_CAS_COUNT.RD[UNIT0];10209417;100.00;;"
6773 [139664118339264] INFO perfrun.perfcollector <> - PERF_STAT : "     0.276592730;CPU10;848;;UNC_M_CAS_COUNT.RD[UNIT0];10208980;100.00;;"
6773 [139664118339264] INFO perfrun.perfcollector <> - PERF_STAT : "     0.276592730;CPU0;752;;UNC_M_CAS_COUNT.RD[UNIT1];10209184;100.00;;"
6773 [139664118339264] INFO perfrun.perfcollector <> - PERF_STAT : "     0.276592730;CPU10;277;;UNC_M_CAS_COUNT.RD[UNIT1];10209481;100.00;;"
6773 [139664118339264] INFO perfrun.perfcollector <> - PERF_STAT : "     0.276592730;CPU0;219;;UNC_M_CAS_COUNT.RD[UNIT4];10209184;100.00;;"
6773 [139664118339264] INFO perfrun.perfcollector <> - PERF_STAT : "     0.276592730;CPU10;849;;UNC_M_CAS_COUNT.RD[UNIT4];10209634;100.00;;"
6773 [139664118339264] INFO perfrun.perfcollector <> - PERF_STAT : "     0.276592730;CPU0;732;;UNC_M_CAS_COUNT.RD[UNIT5];10209172;100.00;;"
6773 [139664118339264] INFO perfrun.perfcollector <> - PERF_STAT : "     0.276592730;CPU10;360;;UNC_M_CAS_COUNT.RD[UNIT5];10217462;100.00;;"
6773 [139664118339264] INFO perfrun.perfcollector <> - PERF_STAT : "     0.276592730;CPU0;33;;UNC_M_CAS_COUNT.WR[UNIT0];10208922;100.00;;"
6774 [139664118339264] INFO perfrun.perfcollector <> - PERF_STAT : "     0.276592730;CPU10;635;;UNC_M_CAS_COUNT.WR[UNIT0];10217739;100.00;;"
6774 [139664118339264] INFO perfrun.perfcollector <> - PERF_STAT : "     0.276592730;CPU0;564;;UNC_M_CAS_COUNT.WR[UNIT1];10208891;100.00;;"
6774 [139664118339264] INFO perfrun.perfcollector <> - PERF_STAT : "     0.276592730;CPU10;101;;UNC_M_CAS_COUNT.WR[UNIT1];10217765;100.00;;"
6774 [139664118339264] INFO perfrun.perfcollector <> - PERF_STAT : "     0.276592730;CPU0;31;;UNC_M_CAS_COUNT.WR[UNIT4];10208770;100.00;;"
6774 [139664118339264] INFO perfrun.perfcollector <> - PERF_STAT : "     0.276592730;CPU10;652;;UNC_M_CAS_COUNT.WR[UNIT4];10217750;100.00;;"
6774 [139664118339264] INFO perfrun.perfcollector <> - PERF_STAT : "     0.276592730;CPU0;560;;UNC_M_CAS_COUNT.WR[UNIT5];10208693;100.00;;"
6774 [139664118339264] INFO perfrun.perfcollector <> - PERF_STAT : "     0.276592730;CPU10;99;;UNC_M_CAS_COUNT.WR[UNIT5];10217783;100.00;;"
6784 [139664118339264] INFO perfrun.perfcollector <> - PERF_STAT : "     0.286816030;CPU0;1202;;UNC_M_CAS_COUNT.RD[UNIT0];10243144;100.00;;"
6784 [139664118339264] INFO perfrun.perfcollector <> - PERF_STAT : "     0.286816030;CPU10;1345;;UNC_M_CAS_COUNT.RD[UNIT0];10247990;100.00;;"
6784 [139664118339264] INFO perfrun.perfcollector <> - PERF_STAT : "     0.286816030;CPU0;1898;;UNC_M_CAS_COUNT.RD[UNIT1];10243955;100.00;;"
6784 [139664118339264] INFO perfrun.perfcollector <> - PERF_STAT : "     0.286816030;CPU10;1132;;UNC_M_CAS_COUNT.RD[UNIT1];10247696;100.00;;"
6784 [139664118339264] INFO perfrun.perfcollector <> - PERF_STAT : "     0.286816030;CPU0;1109;;UNC_M_CAS_COUNT.RD[UNIT4];10243993;100.00;;"
6784 [139664118339264] INFO perfrun.perfcollector <> - PERF_STAT : "     0.286816030;CPU10;1339;;UNC_M_CAS_COUNT.RD[UNIT4];10247376;100.00;;"
6784 [139664118339264] INFO perfrun.perfcollector <> - PERF_STAT : "     0.286816030;CPU0;1754;;UNC_M_CAS_COUNT.RD[UNIT5];10244048;100.00;;"
6784 [139664118339264] INFO perfrun.perfcollector <> - PERF_STAT : "     0.286816030;CPU10;1101;;UNC_M_CAS_COUNT.RD[UNIT5];10239511;100.00;;"
6784 [139664118339264] INFO perfrun.perfcollector <> - PERF_STAT : "     0.286816030;CPU0;402;;UNC_M_CAS_COUNT.WR[UNIT0];10244236;100.00;;"
6784 [139664118339264] INFO perfrun.perfcollector <> - PERF_STAT : "     0.286816030;CPU10;1543;;UNC_M_CAS_COUNT.WR[UNIT0];10239303;100.00;;"
6784 [139664118339264] INFO perfrun.perfcollector <> - PERF_STAT : "     0.286816030;CPU0;924;;UNC_M_CAS_COUNT.WR[UNIT1];10243980;100.00;;"
6784 [139664118339264] INFO perfrun.perfcollector <> - PERF_STAT : "     0.286816030;CPU10;1391;;UNC_M_CAS_COUNT.WR[UNIT1];10239107;100.00;;"
6784 [139664118339264] INFO perfrun.perfcollector <> - PERF_STAT : "     0.286816030;CPU0;395;;UNC_M_CAS_COUNT.WR[UNIT4];10243850;100.00;;"
6784 [139664118339264] INFO perfrun.perfcollector <> - PERF_STAT : "     0.286816030;CPU10;1533;;UNC_M_CAS_COUNT.WR[UNIT4];10238871;100.00;;"
6784 [139664118339264] INFO perfrun.perfcollector <> - PERF_STAT : "     0.286816030;CPU0;963;;UNC_M_CAS_COUNT.WR[UNIT5];10243717;100.00;;"
6784 [139664118339264] INFO perfrun.perfcollector <> - PERF_STAT : "     0.286816030;CPU10;1453;;UNC_M_CAS_COUNT.WR[UNIT5];10238657;100.00;;"
6794 [139664118339264] INFO perfrun.perfcollector <> - PERF_STAT : "     0.297060766;CPU0;2931;;UNC_M_CAS_COUNT.RD[UNIT0];10251265;100.00;;"
6794 [139664118339264] INFO perfrun.perfcollector <> - PERF_STAT : "     0.297060766;CPU10;5393;;UNC_M_CAS_COUNT.RD[UNIT0];10508470;100.00;;"
6794 [139664118339264] INFO perfrun.perfcollector <> - PERF_STAT : "     0.297060766;CPU0;3440;;UNC_M_CAS_COUNT.RD[UNIT1];10251287;100.00;;"
6794 [139664118339264] INFO perfrun.perfcollector <> - PERF_STAT : "     0.297060766;CPU10;4797;;UNC_M_CAS_COUNT.RD[UNIT1];10509185;100.00;;"
6794 [139664118339264] INFO perfrun.perfcollector <> - PERF_STAT : "     0.297060766;CPU0;2863;;UNC_M_CAS_COUNT.RD[UNIT4];10251326;100.00;;"
6794 [139664118339264] INFO perfrun.perfcollector <> - PERF_STAT : "     0.297060766;CPU10;5326;;UNC_M_CAS_COUNT.RD[UNIT4];10509543;100.00;;"
6794 [139664118339264] INFO perfrun.perfcollector <> - PERF_STAT : "     0.297060766;CPU0;3414;;UNC_M_CAS_COUNT.RD[UNIT5];10251271;100.00;;"
6794 [139664118339264] INFO perfrun.perfcollector <> - PERF_STAT : "     0.297060766;CPU10;4703;;UNC_M_CAS_COUNT.RD[UNIT5];10509564;100.00;;"
6794 [139664118339264] INFO perfrun.perfcollector <> - PERF_STAT : "     0.297060766;CPU0;19239;;UNC_M_CAS_COUNT.WR[UNIT0];10251226;100.00;;"
6794 [139664118339264] INFO perfrun.perfcollector <> - PERF_STAT : "     0.297060766;CPU10;32349;;UNC_M_CAS_COUNT.WR[UNIT0];10509851;100.00;;"
6794 [139664118339264] INFO perfrun.perfcollector <> - PERF_STAT : "     0.297060766;CPU0;19991;;UNC_M_CAS_COUNT.WR[UNIT1];10251215;100.00;;"
6794 [139664118339264] INFO perfrun.perfcollector <> - PERF_STAT : "     0.297060766;CPU10;31785;;UNC_M_CAS_COUNT.WR[UNIT1];10510109;100.00;;"
6794 [139664118339264] INFO perfrun.perfcollector <> - PERF_STAT : "     0.297060766;CPU0;19368;;UNC_M_CAS_COUNT.WR[UNIT4];10251317;100.00;;"
6794 [139664118339264] INFO perfrun.perfcollector <> - PERF_STAT : "     0.297060766;CPU10;32387;;UNC_M_CAS_COUNT.WR[UNIT4];10510319;100.00;;"
6794 [139664118339264] INFO perfrun.perfcollector <> - PERF_STAT : "     0.297060766;CPU0;19881;;UNC_M_CAS_COUNT.WR[UNIT5];10251498;100.00;;"
6794 [139664118339264] INFO perfrun.perfcollector <> - PERF_STAT : "     0.297060766;CPU10;31670;;UNC_M_CAS_COUNT.WR[UNIT5];10510390;100.00;;"
6804 [139664118339264] INFO perfrun.perfcollector <> - PERF_STAT : "     0.307575075;CPU0;8374;;UNC_M_CAS_COUNT.RD[UNIT0];10490406;100.00;;"
6804 [139664118339264] INFO perfrun.perfcollector <> - PERF_STAT : "     0.307575075;CPU10;9242;;UNC_M_CAS_COUNT.RD[UNIT0];10250824;100.00;;"
6804 [139664118339264] INFO perfrun.perfcollector <> - PERF_STAT : "     0.307575075;CPU0;10021;;UNC_M_CAS_COUNT.RD[UNIT1];10490883;100.00;;"
6804 [139664118339264] INFO perfrun.perfcollector <> - PERF_STAT : "     0.307575075;CPU10;8573;;UNC_M_CAS_COUNT.RD[UNIT1];10250398;100.00;;"
6805 [139664118339264] INFO perfrun.perfcollector <> - PERF_STAT : "     0.307575075;CPU0;8495;;UNC_M_CAS_COUNT.RD[UNIT4];10491536;100.00;;"
6805 [139664118339264] INFO perfrun.perfcollector <> - PERF_STAT : "     0.307575075;CPU10;9461;;UNC_M_CAS_COUNT.RD[UNIT4];10250094;100.00;;"
6805 [139664118339264] INFO perfrun.perfcollector <> - PERF_STAT : "     0.307575075;CPU0;9918;;UNC_M_CAS_COUNT.RD[UNIT5];10492110;100.00;;"
6805 [139664118339264] INFO perfrun.perfcollector <> - PERF_STAT : "     0.307575075;CPU10;9291;;UNC_M_CAS_COUNT.RD[UNIT5];10250104;100.00;;"
6805 [139664118339264] INFO perfrun.perfcollector <> - PERF_STAT : "     0.307575075;CPU0;12390;;UNC_M_CAS_COUNT.WR[UNIT0];10492576;100.00;;"
6805 [139664118339264] INFO perfrun.perfcollector <> - PERF_STAT : "     0.307575075;CPU10;12083;;UNC_M_CAS_COUNT.WR[UNIT0];10249871;100.00;;"
6805 [139664118339264] INFO perfrun.perfcollector <> - PERF_STAT : "     0.307575075;CPU0;13115;;UNC_M_CAS_COUNT.WR[UNIT1];10498942;100.00;;"
6805 [139664118339264] INFO perfrun.perfcollector <> - PERF_STAT : "     0.307575075;CPU10;11530;;UNC_M_CAS_COUNT.WR[UNIT1];10249746;100.00;;"
6805 [139664118339264] INFO perfrun.perfcollector <> - PERF_STAT : "     0.307575075;CPU0;12216;;UNC_M_CAS_COUNT.WR[UNIT4];10498888;100.00;;"
6805 [139664118339264] INFO perfrun.perfcollector <> - PERF_STAT : "     0.307575075;CPU10;11981;;UNC_M_CAS_COUNT.WR[UNIT4];10249678;100.00;;"
6805 [139664118339264] INFO perfrun.perfcollector <> - PERF_STAT : "     0.307575075;CPU0;12709;;UNC_M_CAS_COUNT.WR[UNIT5];10500144;100.00;;"
6805 [139664118339264] INFO perfrun.perfcollector <> - PERF_STAT : "     0.307575075;CPU10;11496;;UNC_M_CAS_COUNT.WR[UNIT5];10249740;100.00;;"
6809 [139664388600512] INFO perfrun.launcher <> - Launcher: all plugins were started
6809 [139664388600512] INFO perfrun.launcher <> - DirectoryMonitor object was created
6809 [139664388600512] INFO perfrun.launcher <> - DirectoryMonitor: a callback was added
6809 [139664388600512] INFO perfrun.launcher <> - DirectoryMonitor was started with pingTime = 1000
6809 [139664388600512] INFO perfrun.launcher <> - DeadlineTimer is going to be constructed
6810 [139664388600512] INFO perfrun.launcher <> - DeadlineTimer: a callback was added
6815 [139664118339264] INFO perfrun.perfcollector <> - PERF_STAT : "     0.317846092;CPU0;6606;;UNC_M_CAS_COUNT.RD[UNIT0];10311727;100.00;;"
6819 [139664118339264] INFO perfrun.perfcollector <> - PERF_STAT : "     0.317846092;CPU10;6763;;UNC_M_CAS_COUNT.RD[UNIT0];10299613;100.00;;"
6819 [139664118339264] INFO perfrun.perfcollector <> - PERF_STAT : "     0.317846092;CPU0;7297;;UNC_M_CAS_COUNT.RD[UNIT1];10311235;100.00;;"
6819 [139664118339264] INFO perfrun.perfcollector <> - PERF_STAT : "     0.317846092;CPU10;6571;;UNC_M_CAS_COUNT.RD[UNIT1];10302343;100.00;;"
6819 [139664118339264] INFO perfrun.perfcollector <> - PERF_STAT : "     0.317846092;CPU0;6497;;UNC_M_CAS_COUNT.RD[UNIT4];10310453;100.00;;"
6819 [139664118339264] INFO perfrun.perfcollector <> - PERF_STAT : "     0.317846092;CPU10;6745;;UNC_M_CAS_COUNT.RD[UNIT4];10304174;100.00;;"
6819 [139664118339264] INFO perfrun.perfcollector <> - PERF_STAT : "     0.317846092;CPU0;7096;;UNC_M_CAS_COUNT.RD[UNIT5];10309824;100.00;;"
6820 [139664118339264] INFO perfrun.perfcollector <> - PERF_STAT : "     0.317846092;CPU10;6655;;UNC_M_CAS_COUNT.RD[UNIT5];10305919;100.00;;"
6820 [139664118339264] INFO perfrun.perfcollector <> - PERF_STAT : "     0.317846092;CPU0;1238;;UNC_M_CAS_COUNT.WR[UNIT0];10309383;100.00;;"
6820 [139664118339264] INFO perfrun.perfcollector <> - PERF_STAT : "     0.317846092;CPU10;1210;;UNC_M_CAS_COUNT.WR[UNIT0];10307778;100.00;;"
6820 [139664118339264] INFO perfrun.perfcollector <> - PERF_STAT : "     0.317846092;CPU0;1759;;UNC_M_CAS_COUNT.WR[UNIT1];10303129;100.00;;"
6820 [139664118339264] INFO perfrun.perfcollector <> - PERF_STAT : "     0.317846092;CPU10;1083;;UNC_M_CAS_COUNT.WR[UNIT1];10309508;100.00;;"
6820 [139664118339264] INFO perfrun.perfcollector <> - PERF_STAT : "     0.317846092;CPU0;1104;;UNC_M_CAS_COUNT.WR[UNIT4];10303071;100.00;;"
6820 [139664118339264] INFO perfrun.perfcollector <> - PERF_STAT : "     0.317846092;CPU10;1216;;UNC_M_CAS_COUNT.WR[UNIT4];10311264;100.00;;"
6820 [139664118339264] INFO perfrun.perfcollector <> - PERF_STAT : "     0.317846092;CPU0;1682;;UNC_M_CAS_COUNT.WR[UNIT5];10301708;100.00;;"
6820 [139664118339264] INFO perfrun.perfcollector <> - PERF_STAT : "     0.317846092;CPU10;1061;;UNC_M_CAS_COUNT.WR[UNIT5];10313054;100.00;;"
6821 [139664388600512] INFO perfrun.launcher <> - Launcher: resume the profiled application and  wait its termination or stop command
6825 [139664118339264] INFO perfrun.perfcollector <> - PERF_STAT : "     0.328214025;CPU0;5680;;UNC_M_CAS_COUNT.RD[UNIT0];10378924;100.00;;"
6825 [139664118339264] INFO perfrun.perfcollector <> - PERF_STAT : "     0.328214025;CPU10;5377;;UNC_M_CAS_COUNT.RD[UNIT0];10378079;100.00;;"
6825 [139664118339264] INFO perfrun.perfcollector <> - PERF_STAT : "     0.328214025;CPU0;5994;;UNC_M_CAS_COUNT.RD[UNIT1];10379092;100.00;;"
6825 [139664118339264] INFO perfrun.perfcollector <> - PERF_STAT : "     0.328214025;CPU10;5175;;UNC_M_CAS_COUNT.RD[UNIT1];10375237;100.00;;"
6825 [139664118339264] INFO perfrun.perfcollector <> - PERF_STAT : "     0.328214025;CPU0;5693;;UNC_M_CAS_COUNT.RD[UNIT4];10379185;100.00;;"
6825 [139664118339264] INFO perfrun.perfcollector <> - PERF_STAT : "     0.328214025;CPU10;5346;;UNC_M_CAS_COUNT.RD[UNIT4];10373477;100.00;;"
6825 [139664118339264] INFO perfrun.perfcollector <> - PERF_STAT : "     0.328214025;CPU0;5821;;UNC_M_CAS_COUNT.RD[UNIT5];10379247;100.00;;"
6825 [139664118339264] INFO perfrun.perfcollector <> - PERF_STAT : "     0.328214025;CPU10;5270;;UNC_M_CAS_COUNT.RD[UNIT5];10371713;100.00;;"
6825 [139664118339264] INFO perfrun.perfcollector <> - PERF_STAT : "     0.328214025;CPU0;1257;;UNC_M_CAS_COUNT.WR[UNIT0];10379235;100.00;;"
6825 [139664118339264] INFO perfrun.perfcollector <> - PERF_STAT : "     0.328214025;CPU10;682;;UNC_M_CAS_COUNT.WR[UNIT0];10369830;100.00;;"
6825 [139664118339264] INFO perfrun.perfcollector <> - PERF_STAT : "     0.328214025;CPU0;1520;;UNC_M_CAS_COUNT.WR[UNIT1];10379231;100.00;;"
6825 [139664118339264] INFO perfrun.perfcollector <> - PERF_STAT : "     0.328214025;CPU10;548;;UNC_M_CAS_COUNT.WR[UNIT1];10368071;100.00;;"
6825 [139664118339264] INFO perfrun.perfcollector <> - PERF_STAT : "     0.328214025;CPU0;1192;;UNC_M_CAS_COUNT.WR[UNIT4];10379437;100.00;;"
6825 [139664118339264] INFO perfrun.perfcollector <> - PERF_STAT : "     0.328214025;CPU10;693;;UNC_M_CAS_COUNT.WR[UNIT4];10366284;100.00;;"
6825 [139664118339264] INFO perfrun.perfcollector <> - PERF_STAT : "     0.328214025;CPU0;1529;;UNC_M_CAS_COUNT.WR[UNIT5];10379583;100.00;;"
6825 [139664118339264] INFO perfrun.perfcollector <> - PERF_STAT : "     0.328214025;CPU10;608;;UNC_M_CAS_COUNT.WR[UNIT5];10364457;100.00;;"
6835 [139664118339264] INFO perfrun.perfcollector <> - PERF_STAT : "     0.338514679;CPU0;1411;;UNC_M_CAS_COUNT.RD[UNIT0];10283545;100.00;;"
6836 [139664118339264] INFO perfrun.perfcollector <> - PERF_STAT : "     0.338514679;CPU10;7071;;UNC_M_CAS_COUNT.RD[UNIT0];10285550;100.00;;"
6836 [139664118339264] INFO perfrun.perfcollector <> - PERF_STAT : "     0.338514679;CPU0;1944;;UNC_M_CAS_COUNT.RD[UNIT1];10283401;100.00;;"
6836 [139664118339264] INFO perfrun.perfcollector <> - PERF_STAT : "     0.338514679;CPU10;6895;;UNC_M_CAS_COUNT.RD[UNIT1];10288498;100.00;;"
6836 [139664118339264] INFO perfrun.perfcollector <> - PERF_STAT : "     0.338514679;CPU0;1312;;UNC_M_CAS_COUNT.RD[UNIT4];10283294;100.00;;"
6836 [139664118339264] INFO perfrun.perfcollector <> - PERF_STAT : "     0.338514679;CPU10;7010;;UNC_M_CAS_COUNT.RD[UNIT4];10290369;100.00;;"
6836 [139664118339264] INFO perfrun.perfcollector <> - PERF_STAT : "     0.338514679;CPU0;1842;;UNC_M_CAS_COUNT.RD[UNIT5];10283390;100.00;;"
6836 [139664118339264] INFO perfrun.perfcollector <> - PERF_STAT : "     0.338514679;CPU10;6916;;UNC_M_CAS_COUNT.RD[UNIT5];10292170;100.00;;"
6836 [139664118339264] INFO perfrun.perfcollector <> - PERF_STAT : "     0.338514679;CPU0;1323;;UNC_M_CAS_COUNT.WR[UNIT0];10283298;100.00;;"
6836 [139664118339264] INFO perfrun.perfcollector <> - PERF_STAT : "     0.338514679;CPU10;517;;UNC_M_CAS_COUNT.WR[UNIT0];10294216;100.00;;"
6836 [139664118339264] INFO perfrun.perfcollector <> - PERF_STAT : "     0.338514679;CPU0;1877;;UNC_M_CAS_COUNT.WR[UNIT1];10283566;100.00;;"
6836 [139664118339264] INFO perfrun.perfcollector <> - PERF_STAT : "     0.338514679;CPU10;428;;UNC_M_CAS_COUNT.WR[UNIT1];10296018;100.00;;"
6836 [139664118339264] INFO perfrun.perfcollector <> - PERF_STAT : "     0.338514679;CPU0;1272;;UNC_M_CAS_COUNT.WR[UNIT4];10283530;100.00;;"
6836 [139664118339264] INFO perfrun.perfcollector <> - PERF_STAT : "     0.338514679;CPU10;475;;UNC_M_CAS_COUNT.WR[UNIT4];10297870;100.00;;"
6836 [139664118339264] INFO perfrun.perfcollector <> - PERF_STAT : "     0.338514679;CPU0;1787;;UNC_M_CAS_COUNT.WR[UNIT5];10283329;100.00;;"
6836 [139664118339264] INFO perfrun.perfcollector <> - PERF_STAT : "     0.338514679;CPU10;429;;UNC_M_CAS_COUNT.WR[UNIT5];10299790;100.00;;"
6846 [139664118339264] INFO perfrun.perfcollector <> - PERF_STAT : "     0.348847007;CPU0;990;;UNC_M_CAS_COUNT.RD[UNIT0];10295494;100.00;;"
6846 [139664118339264] INFO perfrun.perfcollector <> - PERF_STAT : "     0.348847007;CPU10;7963;;UNC_M_CAS_COUNT.RD[UNIT0];10291045;100.00;;"
6846 [139664118339264] INFO perfrun.perfcollector <> - PERF_STAT : "     0.348847007;CPU0;1476;;UNC_M_CAS_COUNT.RD[UNIT1];10295723;100.00;;"
6846 [139664118339264] INFO perfrun.perfcollector <> - PERF_STAT : "     0.348847007;CPU10;7858;;UNC_M_CAS_COUNT.RD[UNIT1];10288157;100.00;;"
6846 [139664118339264] INFO perfrun.perfcollector <> - PERF_STAT : "     0.348847007;CPU0;943;;UNC_M_CAS_COUNT.RD[UNIT4];10296020;100.00;;"
6846 [139664118339264] INFO perfrun.perfcollector <> - PERF_STAT : "     0.348847007;CPU10;7880;;UNC_M_CAS_COUNT.RD[UNIT4];10286237;100.00;;"
6846 [139664118339264] INFO perfrun.perfcollector <> - PERF_STAT : "     0.348847007;CPU0;1453;;UNC_M_CAS_COUNT.RD[UNIT5];10295982;100.00;;"
6846 [139664118339264] INFO perfrun.perfcollector <> - PERF_STAT : "     0.348847007;CPU10;7738;;UNC_M_CAS_COUNT.RD[UNIT5];10284362;100.00;;"
6846 [139664118339264] INFO perfrun.perfcollector <> - PERF_STAT : "     0.348847007;CPU0;2733;;UNC_M_CAS_COUNT.WR[UNIT0];10296112;100.00;;"
6846 [139664118339264] INFO perfrun.perfcollector <> - PERF_STAT : "     0.348847007;CPU10;978;;UNC_M_CAS_COUNT.WR[UNIT0];10282273;100.00;;"
6846 [139664118339264] INFO perfrun.perfcollector <> - PERF_STAT : "     0.348847007;CPU0;3368;;UNC_M_CAS_COUNT.WR[UNIT1];10295957;100.00;;"
6846 [139664118339264] INFO perfrun.perfcollector <> - PERF_STAT : "     0.348847007;CPU10;915;;UNC_M_CAS_COUNT.WR[UNIT1];10280408;100.00;;"
6846 [139664118339264] INFO perfrun.perfcollector <> - PERF_STAT : "     0.348847007;CPU0;2870;;UNC_M_CAS_COUNT.WR[UNIT4];10295991;100.00;;"
6846 [139664118339264] INFO perfrun.perfcollector <> - PERF_STAT : "     0.348847007;CPU10;993;;UNC_M_CAS_COUNT.WR[UNIT4];10278499;100.00;;"
6846 [139664118339264] INFO perfrun.perfcollector <> - PERF_STAT : "     0.348847007;CPU0;3320;;UNC_M_CAS_COUNT.WR[UNIT5];10296208;100.00;;"
6846 [139664118339264] INFO perfrun.perfcollector <> - PERF_STAT : "     0.348847007;CPU10;899;;UNC_M_CAS_COUNT.WR[UNIT5];10276532;100.00;;"
6856 [139664118339264] INFO perfrun.perfcollector <> - PERF_STAT : "     0.359104048;CPU0;3271;;UNC_M_CAS_COUNT.RD[UNIT0];10312772;100.00;;"
6856 [139664118339264] INFO perfrun.perfcollector <> - PERF_STAT : "     0.359104048;CPU10;3767;;UNC_M_CAS_COUNT.RD[UNIT0];10359152;100.00;;"
6856 [139664118339264] INFO perfrun.perfcollector <> - PERF_STAT : "     0.359104048;CPU0;3753;;UNC_M_CAS_COUNT.RD[UNIT1];10315544;100.00;;"
6856 [139664118339264] INFO perfrun.perfcollector <> - PERF_STAT : "     0.359104048;CPU10;3563;;UNC_M_CAS_COUNT.RD[UNIT1];10361873;100.00;;"
6856 [139664118339264] INFO perfrun.perfcollector <> - PERF_STAT : "     0.359104048;CPU0;3320;;UNC_M_CAS_COUNT.RD[UNIT4];10317395;100.00;;"
6856 [139664118339264] INFO perfrun.perfcollector <> - PERF_STAT : "     0.359104048;CPU10;3871;;UNC_M_CAS_COUNT.RD[UNIT4];10363770;100.00;;"
6856 [139664118339264] INFO perfrun.perfcollector <> - PERF_STAT : "     0.359104048;CPU0;3872;;UNC_M_CAS_COUNT.RD[UNIT5];10319279;100.00;;"
6856 [139664118339264] INFO perfrun.perfcollector <> - PERF_STAT : "     0.359104048;CPU10;3620;;UNC_M_CAS_COUNT.RD[UNIT5];10365641;100.00;;"
6856 [139664118339264] INFO perfrun.perfcollector <> - PERF_STAT : "     0.359104048;CPU0;5498;;UNC_M_CAS_COUNT.WR[UNIT0];10321055;100.00;;"
6856 [139664118339264] INFO perfrun.perfcollector <> - PERF_STAT : "     0.359104048;CPU10;3076;;UNC_M_CAS_COUNT.WR[UNIT0];10367530;100.00;;"
6856 [139664118339264] INFO perfrun.perfcollector <> - PERF_STAT : "     0.359104048;CPU0;5951;;UNC_M_CAS_COUNT.WR[UNIT1];10322860;100.00;;"
6856 [139664118339264] INFO perfrun.perfcollector <> - PERF_STAT : "     0.359104048;CPU10;2953;;UNC_M_CAS_COUNT.WR[UNIT1];10369366;100.00;;"
6856 [139664118339264] INFO perfrun.perfcollector <> - PERF_STAT : "     0.359104048;CPU0;5325;;UNC_M_CAS_COUNT.WR[UNIT4];10324668;100.00;;"
6856 [139664118339264] INFO perfrun.perfcollector <> - PERF_STAT : "     0.359104048;CPU10;3200;;UNC_M_CAS_COUNT.WR[UNIT4];10371258;100.00;;"
6856 [139664118339264] INFO perfrun.perfcollector <> - PERF_STAT : "     0.359104048;CPU0;5825;;UNC_M_CAS_COUNT.WR[UNIT5];10326353;100.00;;"
6856 [139664118339264] INFO perfrun.perfcollector <> - PERF_STAT : "     0.359104048;CPU10;3038;;UNC_M_CAS_COUNT.WR[UNIT5];10373174;100.00;;"
6866 [139664118339264] INFO perfrun.perfcollector <> - PERF_STAT : "     0.369528011;CPU0;2277;;UNC_M_CAS_COUNT.RD[UNIT0];10387458;100.00;;"
6867 [139664118339264] INFO perfrun.perfcollector <> - PERF_STAT : "     0.369528011;CPU10;18147;;UNC_M_CAS_COUNT.RD[UNIT0];10356685;100.00;;"
6867 [139664118339264] INFO perfrun.perfcollector <> - PERF_STAT : "     0.369528011;CPU0;2651;;UNC_M_CAS_COUNT.RD[UNIT1];10384476;100.00;;"
6867 [139664118339264] INFO perfrun.perfcollector <> - PERF_STAT : "     0.369528011;CPU10;17829;;UNC_M_CAS_COUNT.RD[UNIT1];10356713;100.00;;"
6867 [139664118339264] INFO perfrun.perfcollector <> - PERF_STAT : "     0.369528011;CPU0;2330;;UNC_M_CAS_COUNT.RD[UNIT4];10382440;100.00;;"
6867 [139664118339264] INFO perfrun.perfcollector <> - PERF_STAT : "     0.369528011;CPU10;18320;;UNC_M_CAS_COUNT.RD[UNIT4];10356625;100.00;;"
6867 [139664118339264] INFO perfrun.perfcollector <> - PERF_STAT : "     0.369528011;CPU0;2589;;UNC_M_CAS_COUNT.RD[UNIT5];10380434;100.00;;"
6867 [139664118339264] INFO perfrun.perfcollector <> - PERF_STAT : "     0.369528011;CPU10;17855;;UNC_M_CAS_COUNT.RD[UNIT5];10356726;100.00;;"
6867 [139664118339264] INFO perfrun.perfcollector <> - PERF_STAT : "     0.369528011;CPU0;10157;;UNC_M_CAS_COUNT.WR[UNIT0];10378488;100.00;;"
6867 [139664118339264] INFO perfrun.perfcollector <> - PERF_STAT : "     0.369528011;CPU10;10933;;UNC_M_CAS_COUNT.WR[UNIT0];10356686;100.00;;"
6867 [139664118339264] INFO perfrun.perfcollector <> - PERF_STAT : "     0.369528011;CPU0;10413;;UNC_M_CAS_COUNT.WR[UNIT1];10376568;100.00;;"
6867 [139664118339264] INFO perfrun.perfcollector <> - PERF_STAT : "     0.369528011;CPU10;10342;;UNC_M_CAS_COUNT.WR[UNIT1];10356698;100.00;;"
6867 [139664118339264] INFO perfrun.perfcollector <> - PERF_STAT : "     0.369528011;CPU0;10316;;UNC_M_CAS_COUNT.WR[UNIT4];10374937;100.00;;"
6867 [139664118339264] INFO perfrun.perfcollector <> - PERF_STAT : "     0.369528011;CPU10;10842;;UNC_M_CAS_COUNT.WR[UNIT4];10356674;100.00;;"
6867 [139664118339264] INFO perfrun.perfcollector <> - PERF_STAT : "     0.369528011;CPU0;10489;;UNC_M_CAS_COUNT.WR[UNIT5];10373233;100.00;;"
6867 [139664118339264] INFO perfrun.perfcollector <> - PERF_STAT : "     0.369528011;CPU10;10248;;UNC_M_CAS_COUNT.WR[UNIT5];10356622;100.00;;"
6877 [139664118339264] INFO perfrun.perfcollector <> - PERF_STAT : "     0.379884195;CPU0;11487;;UNC_M_CAS_COUNT.RD[UNIT0];10353738;100.00;;"
6877 [139664118339264] INFO perfrun.perfcollector <> - PERF_STAT : "     0.379884195;CPU10;27101;;UNC_M_CAS_COUNT.RD[UNIT0];10336594;100.00;;"
6877 [139664118339264] INFO perfrun.perfcollector <> - PERF_STAT : "     0.379884195;CPU0;11894;;UNC_M_CAS_COUNT.RD[UNIT1];10353760;100.00;;"
6877 [139664118339264] INFO perfrun.perfcollector <> - PERF_STAT : "     0.379884195;CPU10;26802;;UNC_M_CAS_COUNT.RD[UNIT1];10333830;100.00;;"
6877 [139664118339264] INFO perfrun.perfcollector <> - PERF_STAT : "     0.379884195;CPU0;11352;;UNC_M_CAS_COUNT.RD[UNIT4];10354062;100.00;;"
6877 [139664118339264] INFO perfrun.perfcollector <> - PERF_STAT : "     0.379884195;CPU10;26978;;UNC_M_CAS_COUNT.RD[UNIT4];10331989;100.00;;"
6877 [139664118339264] INFO perfrun.perfcollector <> - PERF_STAT : "     0.379884195;CPU0;11897;;UNC_M_CAS_COUNT.RD[UNIT5];10354064;100.00;;"
6877 [139664118339264] INFO perfrun.perfcollector <> - PERF_STAT : "     0.379884195;CPU10;26755;;UNC_M_CAS_COUNT.RD[UNIT5];10330002;100.00;;"
6877 [139664118339264] INFO perfrun.perfcollector <> - PERF_STAT : "     0.379884195;CPU0;29434;;UNC_M_CAS_COUNT.WR[UNIT0];10354226;100.00;;"
6877 [139664118339264] INFO perfrun.perfcollector <> - PERF_STAT : "     0.379884195;CPU10;4363;;UNC_M_CAS_COUNT.WR[UNIT0];10327963;100.00;;"
6877 [139664118339264] INFO perfrun.perfcollector <> - PERF_STAT : "     0.379884195;CPU0;29967;;UNC_M_CAS_COUNT.WR[UNIT1];10354212;100.00;;"
6877 [139664118339264] INFO perfrun.perfcollector <> - PERF_STAT : "     0.379884195;CPU10;4166;;UNC_M_CAS_COUNT.WR[UNIT1];10326378;100.00;;"
6877 [139664118339264] INFO perfrun.perfcollector <> - PERF_STAT : "     0.379884195;CPU0;29576;;UNC_M_CAS_COUNT.WR[UNIT4];10353972;100.00;;"
6877 [139664118339264] INFO perfrun.perfcollector <> - PERF_STAT : "     0.379884195;CPU10;4348;;UNC_M_CAS_COUNT.WR[UNIT4];10324505;100.00;;"
6877 [139664118339264] INFO perfrun.perfcollector <> - PERF_STAT : "     0.379884195;CPU0;30197;;UNC_M_CAS_COUNT.WR[UNIT5];10353781;100.00;;"
6877 [139664118339264] INFO perfrun.perfcollector <> - PERF_STAT : "     0.379884195;CPU10;4167;;UNC_M_CAS_COUNT.WR[UNIT5];10322647;100.00;;"
6887 [139664118339264] INFO perfrun.perfcollector <> - PERF_STAT : "     0.390152709;CPU0;1301;;UNC_M_CAS_COUNT.RD[UNIT0];10267600;100.00;;"
6887 [139664118339264] INFO perfrun.perfcollector <> - PERF_STAT : "     0.390152709;CPU10;1300;;UNC_M_CAS_COUNT.RD[UNIT0];10267551;100.00;;"
6887 [139664118339264] INFO perfrun.perfcollector <> - PERF_STAT : "     0.390152709;CPU0;1874;;UNC_M_CAS_COUNT.RD[UNIT1];10267507;100.00;;"
6887 [139664118339264] INFO perfrun.perfcollector <> - PERF_STAT : "     0.390152709;CPU10;1202;;UNC_M_CAS_COUNT.RD[UNIT1];10267399;100.00;;"
6887 [139664118339264] INFO perfrun.perfcollector <> - PERF_STAT : "     0.390152709;CPU0;1333;;UNC_M_CAS_COUNT.RD[UNIT4];10267197;100.00;;"
6887 [139664118339264] INFO perfrun.perfcollector <> - PERF_STAT : "     0.390152709;CPU10;1263;;UNC_M_CAS_COUNT.RD[UNIT4];10267454;100.00;;"
6887 [139664118339264] INFO perfrun.perfcollector <> - PERF_STAT : "     0.390152709;CPU0;1881;;UNC_M_CAS_COUNT.RD[UNIT5];10267428;100.00;;"
6887 [139664118339264] INFO perfrun.perfcollector <> - PERF_STAT : "     0.390152709;CPU10;1165;;UNC_M_CAS_COUNT.RD[UNIT5];10267587;100.00;;"
6887 [139664118339264] INFO perfrun.perfcollector <> - PERF_STAT : "     0.390152709;CPU0;1543;;UNC_M_CAS_COUNT.WR[UNIT0];10267388;100.00;;"
6887 [139664118339264] INFO perfrun.perfcollector <> - PERF_STAT : "     0.390152709;CPU10;242;;UNC_M_CAS_COUNT.WR[UNIT0];10267774;100.00;;"
6887 [139664118339264] INFO perfrun.perfcollector <> - PERF_STAT : "     0.390152709;CPU0;2098;;UNC_M_CAS_COUNT.WR[UNIT1];10267427;100.00;;"
6887 [139664118339264] INFO perfrun.perfcollector <> - PERF_STAT : "     0.390152709;CPU10;128;;UNC_M_CAS_COUNT.WR[UNIT1];10267534;100.00;;"
6887 [139664118339264] INFO perfrun.perfcollector <> - PERF_STAT : "     0.390152709;CPU0;1527;;UNC_M_CAS_COUNT.WR[UNIT4];10267394;100.00;;"
6887 [139664118339264] INFO perfrun.perfcollector <> - PERF_STAT : "     0.390152709;CPU10;224;;UNC_M_CAS_COUNT.WR[UNIT4];10267548;100.00;;"
6887 [139664118339264] INFO perfrun.perfcollector <> - PERF_STAT : "     0.390152709;CPU0;2154;;UNC_M_CAS_COUNT.WR[UNIT5];10267431;100.00;;"
6887 [139664118339264] INFO perfrun.perfcollector <> - PERF_STAT : "     0.390152709;CPU10;126;;UNC_M_CAS_COUNT.WR[UNIT5];10267556;100.00;;"
6897 [139664118339264] INFO perfrun.perfcollector <> - PERF_STAT : "     0.400420162;CPU0;368;;UNC_M_CAS_COUNT.RD[UNIT0];10285036;100.00;;"
6897 [139664118339264] INFO perfrun.perfcollector <> - PERF_STAT : "     0.400420162;CPU10;394;;UNC_M_CAS_COUNT.RD[UNIT0];10291511;100.00;;"
6897 [139664118339264] INFO perfrun.perfcollector <> - PERF_STAT : "     0.400420162;CPU0;933;;UNC_M_CAS_COUNT.RD[UNIT1];10285288;100.00;;"
6897 [139664118339264] INFO perfrun.perfcollector <> - PERF_STAT : "     0.400420162;CPU10;284;;UNC_M_CAS_COUNT.RD[UNIT1];10294459;100.00;;"
6897 [139664118339264] INFO perfrun.perfcollector <> - PERF_STAT : "     0.400420162;CPU0;356;;UNC_M_CAS_COUNT.RD[UNIT4];10285222;100.00;;"
6897 [139664118339264] INFO perfrun.perfcollector <> - PERF_STAT : "     0.400420162;CPU10;404;;UNC_M_CAS_COUNT.RD[UNIT4];10296276;100.00;;"
6897 [139664118339264] INFO perfrun.perfcollector <> - PERF_STAT : "     0.400420162;CPU0;902;;UNC_M_CAS_COUNT.RD[UNIT5];10284970;100.00;;"
6897 [139664118339264] INFO perfrun.perfcollector <> - PERF_STAT : "     0.400420162;CPU10;270;;UNC_M_CAS_COUNT.RD[UNIT5];10298056;100.00;;"
6897 [139664118339264] INFO perfrun.perfcollector <> - PERF_STAT : "     0.400420162;CPU0;236;;UNC_M_CAS_COUNT.WR[UNIT0];10284897;100.00;;"
6898 [139664118339264] INFO perfrun.perfcollector <> - PERF_STAT : "     0.400420162;CPU10;134;;UNC_M_CAS_COUNT.WR[UNIT0];10299945;100.00;;"
6898 [139664118339264] INFO perfrun.perfcollector <> - PERF_STAT : "     0.400420162;CPU0;780;;UNC_M_CAS_COUNT.WR[UNIT1];10284791;100.00;;"
6898 [139664118339264] INFO perfrun.perfcollector <> - PERF_STAT : "     0.400420162;CPU10;56;;UNC_M_CAS_COUNT.WR[UNIT1];10302172;100.00;;"
6898 [139664118339264] INFO perfrun.perfcollector <> - PERF_STAT : "     0.400420162;CPU0;242;;UNC_M_CAS_COUNT.WR[UNIT4];10284717;100.00;;"
6898 [139664118339264] INFO perfrun.perfcollector <> - PERF_STAT : "     0.400420162;CPU10;151;;UNC_M_CAS_COUNT.WR[UNIT4];10304074;100.00;;"
6898 [139664118339264] INFO perfrun.perfcollector <> - PERF_STAT : "     0.400420162;CPU0;781;;UNC_M_CAS_COUNT.WR[UNIT5];10284699;100.00;;"
6898 [139664118339264] INFO perfrun.perfcollector <> - PERF_STAT : "     0.400420162;CPU10;69;;UNC_M_CAS_COUNT.WR[UNIT5];10305977;100.00;;"
6908 [139664118339264] INFO perfrun.perfcollector <> - PERF_STAT : "     0.410794096;CPU0;4408;;UNC_M_CAS_COUNT.RD[UNIT0];10374876;100.00;;"
6908 [139664118339264] INFO perfrun.perfcollector <> - PERF_STAT : "     0.410794096;CPU10;3462;;UNC_M_CAS_COUNT.RD[UNIT0];10404362;100.00;;"
6908 [139664118339264] INFO perfrun.perfcollector <> - PERF_STAT : "     0.410794096;CPU0;5276;;UNC_M_CAS_COUNT.RD[UNIT1];10375213;100.00;;"
6908 [139664118339264] INFO perfrun.perfcollector <> - PERF_STAT : "     0.410794096;CPU10;3314;;UNC_M_CAS_COUNT.RD[UNIT1];10404393;100.00;;"
6908 [139664118339264] INFO perfrun.perfcollector <> - PERF_STAT : "     0.410794096;CPU0;4389;;UNC_M_CAS_COUNT.RD[UNIT4];10375409;100.00;;"
6908 [139664118339264] INFO perfrun.perfcollector <> - PERF_STAT : "     0.410794096;CPU10;3502;;UNC_M_CAS_COUNT.RD[UNIT4];10412404;100.00;;"
6908 [139664118339264] INFO perfrun.perfcollector <> - PERF_STAT : "     0.410794096;CPU0;5070;;UNC_M_CAS_COUNT.RD[UNIT5];10375774;100.00;;"
6908 [139664118339264] INFO perfrun.perfcollector <> - PERF_STAT : "     0.410794096;CPU10;3320;;UNC_M_CAS_COUNT.RD[UNIT5];10412461;100.00;;"
6908 [139664118339264] INFO perfrun.perfcollector <> - PERF_STAT : "     0.410794096;CPU0;14213;;UNC_M_CAS_COUNT.WR[UNIT0];10375972;100.00;;"
6908 [139664118339264] INFO perfrun.perfcollector <> - PERF_STAT : "     0.410794096;CPU10;1317;;UNC_M_CAS_COUNT.WR[UNIT0];10412514;100.00;;"
6908 [139664118339264] INFO perfrun.perfcollector <> - PERF_STAT : "     0.410794096;CPU0;14776;;UNC_M_CAS_COUNT.WR[UNIT1];10376293;100.00;;"
6908 [139664118339264] INFO perfrun.perfcollector <> - PERF_STAT : "     0.410794096;CPU10;1214;;UNC_M_CAS_COUNT.WR[UNIT1];10412189;100.00;;"
6908 [139664118339264] INFO perfrun.perfcollector <> - PERF_STAT : "     0.410794096;CPU0;14193;;UNC_M_CAS_COUNT.WR[UNIT4];10376554;100.00;;"
6908 [139664118339264] INFO perfrun.perfcollector <> - PERF_STAT : "     0.410794096;CPU10;1372;;UNC_M_CAS_COUNT.WR[UNIT4];10412220;100.00;;"
6908 [139664118339264] INFO perfrun.perfcollector <> - PERF_STAT : "     0.410794096;CPU0;14766;;UNC_M_CAS_COUNT.WR[UNIT5];10376745;100.00;;"
6908 [139664118339264] INFO perfrun.perfcollector <> - PERF_STAT : "     0.410794096;CPU10;1181;;UNC_M_CAS_COUNT.WR[UNIT5];10412260;100.00;;"
6918 [139664118339264] INFO perfrun.perfcollector <> - PERF_STAT : "     0.421196651;CPU0;2035;;UNC_M_CAS_COUNT.RD[UNIT0];10400591;100.00;;"
6918 [139664118339264] INFO perfrun.perfcollector <> - PERF_STAT : "     0.421196651;CPU10;3176;;UNC_M_CAS_COUNT.RD[UNIT0];10370791;100.00;;"
6918 [139664118339264] INFO perfrun.perfcollector <> - PERF_STAT : "     0.421196651;CPU0;2561;;UNC_M_CAS_COUNT.RD[UNIT1];10400028;100.00;;"
6918 [139664118339264] INFO perfrun.perfcollector <> - PERF_STAT : "     0.421196651;CPU10;3065;;UNC_M_CAS_COUNT.RD[UNIT1];10370944;100.00;;"
6918 [139664118339264] INFO perfrun.perfcollector <> - PERF_STAT : "     0.421196651;CPU0;2006;;UNC_M_CAS_COUNT.RD[UNIT4];10399914;100.00;;"
6918 [139664118339264] INFO perfrun.perfcollector <> - PERF_STAT : "     0.421196651;CPU10;3162;;UNC_M_CAS_COUNT.RD[UNIT4];10362967;100.00;;"
6918 [139664118339264] INFO perfrun.perfcollector <> - PERF_STAT : "     0.421196651;CPU0;2577;;UNC_M_CAS_COUNT.RD[UNIT5];10399653;100.00;;"
6918 [139664118339264] INFO perfrun.perfcollector <> - PERF_STAT : "     0.421196651;CPU10;2985;;UNC_M_CAS_COUNT.RD[UNIT5];10362956;100.00;;"
6918 [139664118339264] INFO perfrun.perfcollector <> - PERF_STAT : "     0.421196651;CPU0;5875;;UNC_M_CAS_COUNT.WR[UNIT0];10399621;100.00;;"
6918 [139664118339264] INFO perfrun.perfcollector <> - PERF_STAT : "     0.421196651;CPU10;577;;UNC_M_CAS_COUNT.WR[UNIT0];10362956;100.00;;"
6918 [139664118339264] INFO perfrun.perfcollector <> - PERF_STAT : "     0.421196651;CPU0;6358;;UNC_M_CAS_COUNT.WR[UNIT1];10399392;100.00;;"
6918 [139664118339264] INFO perfrun.perfcollector <> - PERF_STAT : "     0.421196651;CPU10;526;;UNC_M_CAS_COUNT.WR[UNIT1];10362956;100.00;;"
6918 [139664118339264] INFO perfrun.perfcollector <> - PERF_STAT : "     0.421196651;CPU0;6012;;UNC_M_CAS_COUNT.WR[UNIT4];10399139;100.00;;"
6918 [139664118339264] INFO perfrun.perfcollector <> - PERF_STAT : "     0.421196651;CPU10;634;;UNC_M_CAS_COUNT.WR[UNIT4];10363040;100.00;;"
6918 [139664118339264] INFO perfrun.perfcollector <> - PERF_STAT : "     0.421196651;CPU0;6347;;UNC_M_CAS_COUNT.WR[UNIT5];10398957;100.00;;"
6918 [139664118339264] INFO perfrun.perfcollector <> - PERF_STAT : "     0.421196651;CPU10;517;;UNC_M_CAS_COUNT.WR[UNIT5];10363020;100.00;;"
6928 [139664118339264] INFO perfrun.perfcollector <> - PERF_STAT : "     0.431534252;CPU0;1087;;UNC_M_CAS_COUNT.RD[UNIT0];10319731;100.00;;"
6928 [139664118339264] INFO perfrun.perfcollector <> - PERF_STAT : "     0.431534252;CPU10;1238;;UNC_M_CAS_COUNT.RD[UNIT0];10314991;100.00;;"
6928 [139664118339264] INFO perfrun.perfcollector <> - PERF_STAT : "     0.431534252;CPU0;1619;;UNC_M_CAS_COUNT.RD[UNIT1];10319731;100.00;;"
6928 [139664118339264] INFO perfrun.perfcollector <> - PERF_STAT : "     0.431534252;CPU10;1168;;UNC_M_CAS_COUNT.RD[UNIT1];10312036;100.00;;"
6928 [139664118339264] INFO perfrun.perfcollector <> - PERF_STAT : "     0.431534252;CPU0;1020;;UNC_M_CAS_COUNT.RD[UNIT4];10319646;100.00;;"
6928 [139664118339264] INFO perfrun.perfcollector <> - PERF_STAT : "     0.431534252;CPU10;1191;;UNC_M_CAS_COUNT.RD[UNIT4];10310131;100.00;;"
6928 [139664118339264] INFO perfrun.perfcollector <> - PERF_STAT : "     0.431534252;CPU0;1526;;UNC_M_CAS_COUNT.RD[UNIT5];10319548;100.00;;"
6928 [139664118339264] INFO perfrun.perfcollector <> - PERF_STAT : "     0.431534252;CPU10;1142;;UNC_M_CAS_COUNT.RD[UNIT5];10308263;100.00;;"
6928 [139664118339264] INFO perfrun.perfcollector <> - PERF_STAT : "     0.431534252;CPU0;5803;;UNC_M_CAS_COUNT.WR[UNIT0];10319386;100.00;;"
6928 [139664118339264] INFO perfrun.perfcollector <> - PERF_STAT : "     0.431534252;CPU10;349;;UNC_M_CAS_COUNT.WR[UNIT0];10306400;100.00;;"
6929 [139664118339264] INFO perfrun.perfcollector <> - PERF_STAT : "     0.431534252;CPU0;6231;;UNC_M_CAS_COUNT.WR[UNIT1];10319551;100.00;;"
6929 [139664118339264] INFO perfrun.perfcollector <> - PERF_STAT : "     0.431534252;CPU10;281;;UNC_M_CAS_COUNT.WR[UNIT1];10304547;100.00;;"
6929 [139664118339264] INFO perfrun.perfcollector <> - PERF_STAT : "     0.431534252;CPU0;5889;;UNC_M_CAS_COUNT.WR[UNIT4];10319752;100.00;;"
6929 [139664118339264] INFO perfrun.perfcollector <> - PERF_STAT : "     0.431534252;CPU10;333;;UNC_M_CAS_COUNT.WR[UNIT4];10302585;100.00;;"
6929 [139664118339264] INFO perfrun.perfcollector <> - PERF_STAT : "     0.431534252;CPU0;6437;;UNC_M_CAS_COUNT.WR[UNIT5];10319839;100.00;;"
6929 [139664118339264] INFO perfrun.perfcollector <> - PERF_STAT : "     0.431534252;CPU10;293;;UNC_M_CAS_COUNT.WR[UNIT5];10300725;100.00;;"
6939 [139664118339264] INFO perfrun.perfcollector <> - PERF_STAT : "     0.441806709;CPU0;817;;UNC_M_CAS_COUNT.RD[UNIT0];10290405;100.00;;"
6939 [139664118339264] INFO perfrun.perfcollector <> - PERF_STAT : "     0.441806709;CPU10;817;;UNC_M_CAS_COUNT.RD[UNIT0];10296353;100.00;;"
6939 [139664118339264] INFO perfrun.perfcollector <> - PERF_STAT : "     0.441806709;CPU0;1338;;UNC_M_CAS_COUNT.RD[UNIT1];10290548;100.00;;"
6939 [139664118339264] INFO perfrun.perfcollector <> - PERF_STAT : "     0.441806709;CPU10;696;;UNC_M_CAS_COUNT.RD[UNIT1];10299272;100.00;;"
6939 [139664118339264] INFO perfrun.perfcollector <> - PERF_STAT : "     0.441806709;CPU0;798;;UNC_M_CAS_COUNT.RD[UNIT4];10290738;100.00;;"
6939 [139664118339264] INFO perfrun.perfcollector <> - PERF_STAT : "     0.441806709;CPU10;767;;UNC_M_CAS_COUNT.RD[UNIT4];10301260;100.00;;"
6939 [139664118339264] INFO perfrun.perfcollector <> - PERF_STAT : "     0.441806709;CPU0;1336;;UNC_M_CAS_COUNT.RD[UNIT5];10290763;100.00;;"
6939 [139664118339264] INFO perfrun.perfcollector <> - PERF_STAT : "     0.441806709;CPU10;704;;UNC_M_CAS_COUNT.RD[UNIT5];10303275;100.00;;"
6939 [139664118339264] INFO perfrun.perfcollector <> - PERF_STAT : "     0.441806709;CPU0;749;;UNC_M_CAS_COUNT.WR[UNIT0];10290772;100.00;;"
6939 [139664118339264] INFO perfrun.perfcollector <> - PERF_STAT : "     0.441806709;CPU10;241;;UNC_M_CAS_COUNT.WR[UNIT0];10305159;100.00;;"
6939 [139664118339264] INFO perfrun.perfcollector <> - PERF_STAT : "     0.441806709;CPU0;1276;;UNC_M_CAS_COUNT.WR[UNIT1];10290529;100.00;;"
6939 [139664118339264] INFO perfrun.perfcollector <> - PERF_STAT : "     0.441806709;CPU10;157;;UNC_M_CAS_COUNT.WR[UNIT1];10307082;100.00;;"
6939 [139664118339264] INFO perfrun.perfcollector <> - PERF_STAT : "     0.441806709;CPU0;779;;UNC_M_CAS_COUNT.WR[UNIT4];10290312;100.00;;"
6939 [139664118339264] INFO perfrun.perfcollector <> - PERF_STAT : "     0.441806709;CPU10;232;;UNC_M_CAS_COUNT.WR[UNIT4];10308980;100.00;;"
6939 [139664118339264] INFO perfrun.perfcollector <> - PERF_STAT : "     0.441806709;CPU0;1325;;UNC_M_CAS_COUNT.WR[UNIT5];10290240;100.00;;"
6939 [139664118339264] INFO perfrun.perfcollector <> - PERF_STAT : "     0.441806709;CPU10;183;;UNC_M_CAS_COUNT.WR[UNIT5];10310897;100.00;;"
6949 [139664118339264] INFO perfrun.perfcollector <> - PERF_STAT : "     0.452141764;CPU0;1365;;UNC_M_CAS_COUNT.RD[UNIT0];10318246;100.00;;"
6949 [139664118339264] INFO perfrun.perfcollector <> - PERF_STAT : "     0.452141764;CPU10;2037;;UNC_M_CAS_COUNT.RD[UNIT0];10310502;100.00;;"
6949 [139664118339264] INFO perfrun.perfcollector <> - PERF_STAT : "     0.452141764;CPU0;1972;;UNC_M_CAS_COUNT.RD[UNIT1];10318165;100.00;;"
6949 [139664118339264] INFO perfrun.perfcollector <> - PERF_STAT : "     0.452141764;CPU10;1630;;UNC_M_CAS_COUNT.RD[UNIT1];10307645;100.00;;"
6949 [139664118339264] INFO perfrun.perfcollector <> - PERF_STAT : "     0.452141764;CPU0;1403;;UNC_M_CAS_COUNT.RD[UNIT4];10318037;100.00;;"
6949 [139664118339264] INFO perfrun.perfcollector <> - PERF_STAT : "     0.452141764;CPU10;1955;;UNC_M_CAS_COUNT.RD[UNIT4];10305676;100.00;;"
6949 [139664118339264] INFO perfrun.perfcollector <> - PERF_STAT : "     0.452141764;CPU0;1912;;UNC_M_CAS_COUNT.RD[UNIT5];10318058;100.00;;"
6949 [139664118339264] INFO perfrun.perfcollector <> - PERF_STAT : "     0.452141764;CPU10;1617;;UNC_M_CAS_COUNT.RD[UNIT5];10303663;100.00;;"
6949 [139664118339264] INFO perfrun.perfcollector <> - PERF_STAT : "     0.452141764;CPU0;1020;;UNC_M_CAS_COUNT.WR[UNIT0];10318045;100.00;;"
6949 [139664118339264] INFO perfrun.perfcollector <> - PERF_STAT : "     0.452141764;CPU10;1412;;UNC_M_CAS_COUNT.WR[UNIT0];10301790;100.00;;"
6949 [139664118339264] INFO perfrun.perfcollector <> - PERF_STAT : "     0.452141764;CPU0;1556;;UNC_M_CAS_COUNT.WR[UNIT1];10318262;100.00;;"
6949 [139664118339264] INFO perfrun.perfcollector <> - PERF_STAT : "     0.452141764;CPU10;1016;;UNC_M_CAS_COUNT.WR[UNIT1];10299879;100.00;;"
6949 [139664118339264] INFO perfrun.perfcollector <> - PERF_STAT : "     0.452141764;CPU0;991;;UNC_M_CAS_COUNT.WR[UNIT4];10318362;100.00;;"
6949 [139664118339264] INFO perfrun.perfcollector <> - PERF_STAT : "     0.452141764;CPU10;1356;;UNC_M_CAS_COUNT.WR[UNIT4];10298094;100.00;;"
6949 [139664118339264] INFO perfrun.perfcollector <> - PERF_STAT : "     0.452141764;CPU0;1484;;UNC_M_CAS_COUNT.WR[UNIT5];10318363;100.00;;"
6949 [139664118339264] INFO perfrun.perfcollector <> - PERF_STAT : "     0.452141764;CPU10;1008;;UNC_M_CAS_COUNT.WR[UNIT5];10296184;100.00;;"
6976 [139664118339264] INFO perfrun.perfcollector <> - PERF_STAT : "     0.462383529;CPU0;689;;UNC_M_CAS_COUNT.RD[UNIT0];10243724;100.00;;"
6976 [139664118339264] INFO perfrun.perfcollector <> - PERF_STAT : "     0.462383529;CPU10;1218;;UNC_M_CAS_COUNT.RD[UNIT0];10244795;100.00;;"
6976 [139664118339264] INFO perfrun.perfcollector <> - PERF_STAT : "     0.462383529;CPU0;734;;UNC_M_CAS_COUNT.RD[UNIT1];10243659;100.00;;"
6976 [139664118339264] INFO perfrun.perfcollector <> - PERF_STAT : "     0.462383529;CPU10;664;;UNC_M_CAS_COUNT.RD[UNIT1];10244854;100.00;;"
6976 [139664118339264] INFO perfrun.perfcollector <> - PERF_STAT : "     0.462383529;CPU0;664;;UNC_M_CAS_COUNT.RD[UNIT4];10243807;100.00;;"
6976 [139664118339264] INFO perfrun.perfcollector <> - PERF_STAT : "     0.462383529;CPU10;1207;;UNC_M_CAS_COUNT.RD[UNIT4];10245146;100.00;;"
6976 [139664118339264] INFO perfrun.perfcollector <> - PERF_STAT : "     0.462383529;CPU0;770;;UNC_M_CAS_COUNT.RD[UNIT5];10243844;100.00;;"
6976 [139664118339264] INFO perfrun.perfcollector <> - PERF_STAT : "     0.462383529;CPU10;677;;UNC_M_CAS_COUNT.RD[UNIT5];10245172;100.00;;"
6976 [139664118339264] INFO perfrun.perfcollector <> - PERF_STAT : "     0.462383529;CPU0;627;;UNC_M_CAS_COUNT.WR[UNIT0];10243865;100.00;;"
6976 [139664118339264] INFO perfrun.perfcollector <> - PERF_STAT : "     0.462383529;CPU10;1178;;UNC_M_CAS_COUNT.WR[UNIT0];10244988;100.00;;"
6976 [139664118339264] INFO perfrun.perfcollector <> - PERF_STAT : "     0.462383529;CPU0;673;;UNC_M_CAS_COUNT.WR[UNIT1];10243752;100.00;;"
6976 [139664118339264] INFO perfrun.perfcollector <> - PERF_STAT : "     0.462383529;CPU10;632;;UNC_M_CAS_COUNT.WR[UNIT1];10245013;100.00;;"
6976 [139664118339264] INFO perfrun.perfcollector <> - PERF_STAT : "     0.462383529;CPU0;602;;UNC_M_CAS_COUNT.WR[UNIT4];10243831;100.00;;"
6976 [139664118339264] INFO perfrun.perfcollector <> - PERF_STAT : "     0.462383529;CPU10;1159;;UNC_M_CAS_COUNT.WR[UNIT4];10244922;100.00;;"
6976 [139664118339264] INFO perfrun.perfcollector <> - PERF_STAT : "     0.462383529;CPU0;701;;UNC_M_CAS_COUNT.WR[UNIT5];10243810;100.00;;"
6976 [139664118339264] INFO perfrun.perfcollector <> - PERF_STAT : "     0.462383529;CPU10;612;;UNC_M_CAS_COUNT.WR[UNIT5];10244957;100.00;;"
6976 [139664118339264] INFO perfrun.perfcollector <> - PERF_STAT : "     0.472628779;CPU0;2062;;UNC_M_CAS_COUNT.RD[UNIT0];10246371;100.00;;"
6976 [139664118339264] INFO perfrun.perfcollector <> - PERF_STAT : "     0.472628779;CPU10;2045;;UNC_M_CAS_COUNT.RD[UNIT0];10247465;100.00;;"
6976 [139664118339264] INFO perfrun.perfcollector <> - PERF_STAT : "     0.472628779;CPU0;2092;;UNC_M_CAS_COUNT.RD[UNIT1];10246400;100.00;;"
6976 [139664118339264] INFO perfrun.perfcollector <> - PERF_STAT : "     0.472628779;CPU10;1487;;UNC_M_CAS_COUNT.RD[UNIT1];10247507;100.00;;"
6976 [139664118339264] INFO perfrun.perfcollector <> - PERF_STAT : "     0.472628779;CPU0;2068;;UNC_M_CAS_COUNT.RD[UNIT4];10246202;100.00;;"
6976 [139664118339264] INFO perfrun.perfcollector <> - PERF_STAT : "     0.472628779;CPU10;2156;;UNC_M_CAS_COUNT.RD[UNIT4];10247266;100.00;;"
6976 [139664118339264] INFO perfrun.perfcollector <> - PERF_STAT : "     0.472628779;CPU0;2135;;UNC_M_CAS_COUNT.RD[UNIT5];10246278;100.00;;"
6976 [139664118339264] INFO perfrun.perfcollector <> - PERF_STAT : "     0.472628779;CPU10;1590;;UNC_M_CAS_COUNT.RD[UNIT5];10247340;100.00;;"
6976 [139664118339264] INFO perfrun.perfcollector <> - PERF_STAT : "     0.472628779;CPU0;5237;;UNC_M_CAS_COUNT.WR[UNIT0];10246258;100.00;;"
6976 [139664118339264] INFO perfrun.perfcollector <> - PERF_STAT : "     0.472628779;CPU10;8578;;UNC_M_CAS_COUNT.WR[UNIT0];10247525;100.00;;"
6976 [139664118339264] INFO perfrun.perfcollector <> - PERF_STAT : "     0.472628779;CPU0;5227;;UNC_M_CAS_COUNT.WR[UNIT1];10246284;100.00;;"
6976 [139664118339264] INFO perfrun.perfcollector <> - PERF_STAT : "     0.472628779;CPU10;7993;;UNC_M_CAS_COUNT.WR[UNIT1];10247559;100.00;;"
6976 [139664118339264] INFO perfrun.perfcollector <> - PERF_STAT : "     0.472628779;CPU0;5157;;UNC_M_CAS_COUNT.WR[UNIT4];10246153;100.00;;"
6976 [139664118339264] INFO perfrun.perfcollector <> - PERF_STAT : "     0.472628779;CPU10;8550;;UNC_M_CAS_COUNT.WR[UNIT4];10247520;100.00;;"
6976 [139664118339264] INFO perfrun.perfcollector <> - PERF_STAT : "     0.472628779;CPU0;5297;;UNC_M_CAS_COUNT.WR[UNIT5];10246162;100.00;;"
6976 [139664118339264] INFO perfrun.perfcollector <> - PERF_STAT : "     0.472628779;CPU10;8088;;UNC_M_CAS_COUNT.WR[UNIT5];10247463;100.00;;"
6980 [139664118339264] INFO perfrun.perfcollector <> - PERF_STAT : "     0.482908063;CPU0;450;;UNC_M_CAS_COUNT.RD[UNIT0];10292382;100.00;;"
6980 [139664118339264] INFO perfrun.perfcollector <> - PERF_STAT : "     0.482908063;CPU10;1961;;UNC_M_CAS_COUNT.RD[UNIT0];10299329;100.00;;"
6980 [139664118339264] INFO perfrun.perfcollector <> - PERF_STAT : "     0.482908063;CPU0;709;;UNC_M_CAS_COUNT.RD[UNIT1];10292416;100.00;;"
6980 [139664118339264] INFO perfrun.perfcollector <> - PERF_STAT : "     0.482908063;CPU10;1566;;UNC_M_CAS_COUNT.RD[UNIT1];10302108;100.00;;"
6980 [139664118339264] INFO perfrun.perfcollector <> - PERF_STAT : "     0.482908063;CPU0;417;;UNC_M_CAS_COUNT.RD[UNIT4];10292620;100.00;;"
6980 [139664118339264] INFO perfrun.perfcollector <> - PERF_STAT : "     0.482908063;CPU10;1961;;UNC_M_CAS_COUNT.RD[UNIT4];10303975;100.00;;"
6980 [139664118339264] INFO perfrun.perfcollector <> - PERF_STAT : "     0.482908063;CPU0;699;;UNC_M_CAS_COUNT.RD[UNIT5];10292707;100.00;;"
6980 [139664118339264] INFO perfrun.perfcollector <> - PERF_STAT : "     0.482908063;CPU10;1548;;UNC_M_CAS_COUNT.RD[UNIT5];10317306;100.00;;"
6980 [139664118339264] INFO perfrun.perfcollector <> - PERF_STAT : "     0.482908063;CPU0;5190;;UNC_M_CAS_COUNT.WR[UNIT0];10292739;100.00;;"
6980 [139664118339264] INFO perfrun.perfcollector <> - PERF_STAT : "     0.482908063;CPU10;13823;;UNC_M_CAS_COUNT.WR[UNIT0];10317481;100.00;;"
6980 [139664118339264] INFO perfrun.perfcollector <> - PERF_STAT : "     0.482908063;CPU0;5490;;UNC_M_CAS_COUNT.WR[UNIT1];10292641;100.00;;"
6980 [139664118339264] INFO perfrun.perfcollector <> - PERF_STAT : "     0.482908063;CPU10;13487;;UNC_M_CAS_COUNT.WR[UNIT1];10317391;100.00;;"
6980 [139664118339264] INFO perfrun.perfcollector <> - PERF_STAT : "     0.482908063;CPU0;5250;;UNC_M_CAS_COUNT.WR[UNIT4];10292608;100.00;;"
6980 [139664118339264] INFO perfrun.perfcollector <> - PERF_STAT : "     0.482908063;CPU10;13858;;UNC_M_CAS_COUNT.WR[UNIT4];10317386;100.00;;"
6980 [139664118339264] INFO perfrun.perfcollector <> - PERF_STAT : "     0.482908063;CPU0;5453;;UNC_M_CAS_COUNT.WR[UNIT5];10292615;100.00;;"
6980 [139664118339264] INFO perfrun.perfcollector <> - PERF_STAT : "     0.482908063;CPU10;13345;;UNC_M_CAS_COUNT.WR[UNIT5];10317379;100.00;;"
6990 [139664118339264] INFO perfrun.perfcollector <> - PERF_STAT : "     0.493194447;CPU0;498;;UNC_M_CAS_COUNT.RD[UNIT0];10294821;100.00;;"
6990 [139664118339264] INFO perfrun.perfcollector <> - PERF_STAT : "     0.493194447;CPU10;799;;UNC_M_CAS_COUNT.RD[UNIT0];10304564;100.00;;"
6990 [139664118339264] INFO perfrun.perfcollector <> - PERF_STAT : "     0.493194447;CPU0;843;;UNC_M_CAS_COUNT.RD[UNIT1];10297948;100.00;;"
6990 [139664118339264] INFO perfrun.perfcollector <> - PERF_STAT : "     0.493194447;CPU10;452;;UNC_M_CAS_COUNT.RD[UNIT1];10301560;100.00;;"
6990 [139664118339264] INFO perfrun.perfcollector <> - PERF_STAT : "     0.493194447;CPU0;530;;UNC_M_CAS_COUNT.RD[UNIT4];10299731;100.00;;"
6990 [139664118339264] INFO perfrun.perfcollector <> - PERF_STAT : "     0.493194447;CPU10;800;;UNC_M_CAS_COUNT.RD[UNIT4];10299585;100.00;;"
6990 [139664118339264] INFO perfrun.perfcollector <> - PERF_STAT : "     0.493194447;CPU0;848;;UNC_M_CAS_COUNT.RD[UNIT5];10311931;100.00;;"
6990 [139664118339264] INFO perfrun.perfcollector <> - PERF_STAT : "     0.493194447;CPU10;423;;UNC_M_CAS_COUNT.RD[UNIT5];10286376;100.00;;"
6990 [139664118339264] INFO perfrun.perfcollector <> - PERF_STAT : "     0.493194447;CPU0;220;;UNC_M_CAS_COUNT.WR[UNIT0];10312011;100.00;;"
6990 [139664118339264] INFO perfrun.perfcollector <> - PERF_STAT : "     0.493194447;CPU10;494;;UNC_M_CAS_COUNT.WR[UNIT0];10285979;100.00;;"
6990 [139664118339264] INFO perfrun.perfcollector <> - PERF_STAT : "     0.493194447;CPU0;553;;UNC_M_CAS_COUNT.WR[UNIT1];10312090;100.00;;"
6990 [139664118339264] INFO perfrun.perfcollector <> - PERF_STAT : "     0.493194447;CPU10;166;;UNC_M_CAS_COUNT.WR[UNIT1];10285988;100.00;;"
6990 [139664118339264] INFO perfrun.perfcollector <> - PERF_STAT : "     0.493194447;CPU0;220;;UNC_M_CAS_COUNT.WR[UNIT4];10312187;100.00;;"
6990 [139664118339264] INFO perfrun.perfcollector <> - PERF_STAT : "     0.493194447;CPU10;514;;UNC_M_CAS_COUNT.WR[UNIT4];10285992;100.00;;"
6990 [139664118339264] INFO perfrun.perfcollector <> - PERF_STAT : "     0.493194447;CPU0;550;;UNC_M_CAS_COUNT.WR[UNIT5];10312202;100.00;;"
6991 [139664118339264] INFO perfrun.perfcollector <> - PERF_STAT : "     0.493194447;CPU10;196;;UNC_M_CAS_COUNT.WR[UNIT5];10285985;100.00;;"
7000 [139664118339264] INFO perfrun.perfcollector <> - PERF_STAT : "     0.503508345;CPU0;3587;;UNC_M_CAS_COUNT.RD[UNIT0];10306101;100.00;;"
7000 [139664118339264] INFO perfrun.perfcollector <> - PERF_STAT : "     0.503508345;CPU10;27437;;UNC_M_CAS_COUNT.RD[UNIT0];10296223;100.00;;"
7001 [139664118339264] INFO perfrun.perfcollector <> - PERF_STAT : "     0.503508345;CPU0;4149;;UNC_M_CAS_COUNT.RD[UNIT1];10303147;100.00;;"
7001 [139664118339264] INFO perfrun.perfcollector <> - PERF_STAT : "     0.503508345;CPU10;27330;;UNC_M_CAS_COUNT.RD[UNIT1];10299140;100.00;;"
7001 [139664118339264] INFO perfrun.perfcollector <> - PERF_STAT : "     0.503508345;CPU0;3536;;UNC_M_CAS_COUNT.RD[UNIT4];10301312;100.00;;"
7001 [139664118339264] INFO perfrun.perfcollector <> - PERF_STAT : "     0.503508345;CPU10;27364;;UNC_M_CAS_COUNT.RD[UNIT4];10301235;100.00;;"
7001 [139664118339264] INFO perfrun.perfcollector <> - PERF_STAT : "     0.503508345;CPU0;4105;;UNC_M_CAS_COUNT.RD[UNIT5];10288913;100.00;;"
7001 [139664118339264] INFO perfrun.perfcollector <> - PERF_STAT : "     0.503508345;CPU10;27558;;UNC_M_CAS_COUNT.RD[UNIT5];10302953;100.00;;"
7001 [139664118339264] INFO perfrun.perfcollector <> - PERF_STAT : "     0.503508345;CPU0;15091;;UNC_M_CAS_COUNT.WR[UNIT0];10288862;100.00;;"
7001 [139664118339264] INFO perfrun.perfcollector <> - PERF_STAT : "     0.503508345;CPU10;4381;;UNC_M_CAS_COUNT.WR[UNIT0];10305013;100.00;;"
7001 [139664118339264] INFO perfrun.perfcollector <> - PERF_STAT : "     0.503508345;CPU0;16069;;UNC_M_CAS_COUNT.WR[UNIT1];10288770;100.00;;"
7001 [139664118339264] INFO perfrun.perfcollector <> - PERF_STAT : "     0.503508345;CPU10;4214;;UNC_M_CAS_COUNT.WR[UNIT1];10306873;100.00;;"
7001 [139664118339264] INFO perfrun.perfcollector <> - PERF_STAT : "     0.503508345;CPU0;14988;;UNC_M_CAS_COUNT.WR[UNIT4];10288678;100.00;;"
7001 [139664118339264] INFO perfrun.perfcollector <> - PERF_STAT : "     0.503508345;CPU10;4320;;UNC_M_CAS_COUNT.WR[UNIT4];10308726;100.00;;"
7001 [139664118339264] INFO perfrun.perfcollector <> - PERF_STAT : "     0.503508345;CPU0;15754;;UNC_M_CAS_COUNT.WR[UNIT5];10288664;100.00;;"
7001 [139664118339264] INFO perfrun.perfcollector <> - PERF_STAT : "     0.503508345;CPU10;4266;;UNC_M_CAS_COUNT.WR[UNIT5];10310622;100.00;;"
7011 [139664118339264] INFO perfrun.perfcollector <> - PERF_STAT : "     0.513876188;CPU0;10635;;UNC_M_CAS_COUNT.RD[UNIT0];10372597;100.00;;"
7011 [139664118339264] INFO perfrun.perfcollector <> - PERF_STAT : "     0.513876188;CPU10;7683;;UNC_M_CAS_COUNT.RD[UNIT0];10384492;100.00;;"
7011 [139664118339264] INFO perfrun.perfcollector <> - PERF_STAT : "     0.513876188;CPU0;11404;;UNC_M_CAS_COUNT.RD[UNIT1];10383545;100.00;;"
7011 [139664118339264] INFO perfrun.perfcollector <> - PERF_STAT : "     0.513876188;CPU10;7544;;UNC_M_CAS_COUNT.RD[UNIT1];10384566;100.00;;"
7011 [139664118339264] INFO perfrun.perfcollector <> - PERF_STAT : "     0.513876188;CPU0;10656;;UNC_M_CAS_COUNT.RD[UNIT4];10383832;100.00;;"
7011 [139664118339264] INFO perfrun.perfcollector <> - PERF_STAT : "     0.513876188;CPU10;7600;;UNC_M_CAS_COUNT.RD[UNIT4];10384570;100.00;;"
7011 [139664118339264] INFO perfrun.perfcollector <> - PERF_STAT : "     0.513876188;CPU0;11274;;UNC_M_CAS_COUNT.RD[UNIT5];10384073;100.00;;"
7011 [139664118339264] INFO perfrun.perfcollector <> - PERF_STAT : "     0.513876188;CPU10;7495;;UNC_M_CAS_COUNT.RD[UNIT5];10384664;100.00;;"
7011 [139664118339264] INFO perfrun.perfcollector <> - PERF_STAT : "     0.513876188;CPU0;11633;;UNC_M_CAS_COUNT.WR[UNIT0];10384071;100.00;;"
7011 [139664118339264] INFO perfrun.perfcollector <> - PERF_STAT : "     0.513876188;CPU10;6741;;UNC_M_CAS_COUNT.WR[UNIT0];10384701;100.00;;"
7011 [139664118339264] INFO perfrun.perfcollector <> - PERF_STAT : "     0.513876188;CPU0;12270;;UNC_M_CAS_COUNT.WR[UNIT1];10384206;100.00;;"
7011 [139664118339264] INFO perfrun.perfcollector <> - PERF_STAT : "     0.513876188;CPU10;6648;;UNC_M_CAS_COUNT.WR[UNIT1];10384697;100.00;;"
7011 [139664118339264] INFO perfrun.perfcollector <> - PERF_STAT : "     0.513876188;CPU0;11502;;UNC_M_CAS_COUNT.WR[UNIT4];10384441;100.00;;"
7011 [139664118339264] INFO perfrun.perfcollector <> - PERF_STAT : "     0.513876188;CPU10;6661;;UNC_M_CAS_COUNT.WR[UNIT4];10392511;100.00;;"
7011 [139664118339264] INFO perfrun.perfcollector <> - PERF_STAT : "     0.513876188;CPU0;12131;;UNC_M_CAS_COUNT.WR[UNIT5];10384596;100.00;;"
7011 [139664118339264] INFO perfrun.perfcollector <> - PERF_STAT : "     0.513876188;CPU10;6636;;UNC_M_CAS_COUNT.WR[UNIT5];10392588;100.00;;"
7021 [139664118339264] INFO perfrun.perfcollector <> - PERF_STAT : "     0.524277033;CPU0;3720;;UNC_M_CAS_COUNT.RD[UNIT0];10375336;100.00;;"
7021 [139664118339264] INFO perfrun.perfcollector <> - PERF_STAT : "     0.524277033;CPU10;3730;;UNC_M_CAS_COUNT.RD[UNIT0];10356029;100.00;;"
7021 [139664118339264] INFO perfrun.perfcollector <> - PERF_STAT : "     0.524277033;CPU0;4198;;UNC_M_CAS_COUNT.RD[UNIT1];10364253;100.00;;"
7021 [139664118339264] INFO perfrun.perfcollector <> - PERF_STAT : "     0.524277033;CPU10;3466;;UNC_M_CAS_COUNT.RD[UNIT1];10353108;100.00;;"
7021 [139664118339264] INFO perfrun.perfcollector <> - PERF_STAT : "     0.524277033;CPU0;3790;;UNC_M_CAS_COUNT.RD[UNIT4];10363920;100.00;;"
7021 [139664118339264] INFO perfrun.perfcollector <> - PERF_STAT : "     0.524277033;CPU10;3714;;UNC_M_CAS_COUNT.RD[UNIT4];10351149;100.00;;"
7021 [139664118339264] INFO perfrun.perfcollector <> - PERF_STAT : "     0.524277033;CPU0;4323;;UNC_M_CAS_COUNT.RD[UNIT5];10363754;100.00;;"
7021 [139664118339264] INFO perfrun.perfcollector <> - PERF_STAT : "     0.524277033;CPU10;3506;;UNC_M_CAS_COUNT.RD[UNIT5];10349135;100.00;;"
7021 [139664118339264] INFO perfrun.perfcollector <> - PERF_STAT : "     0.524277033;CPU0;4052;;UNC_M_CAS_COUNT.WR[UNIT0];10363725;100.00;;"
7021 [139664118339264] INFO perfrun.perfcollector <> - PERF_STAT : "     0.524277033;CPU10;4235;;UNC_M_CAS_COUNT.WR[UNIT0];10347265;100.00;;"
7021 [139664118339264] INFO perfrun.perfcollector <> - PERF_STAT : "     0.524277033;CPU0;4554;;UNC_M_CAS_COUNT.WR[UNIT1];10363692;100.00;;"
7021 [139664118339264] INFO perfrun.perfcollector <> - PERF_STAT : "     0.524277033;CPU10;4005;;UNC_M_CAS_COUNT.WR[UNIT1];10345430;100.00;;"
7021 [139664118339264] INFO perfrun.perfcollector <> - PERF_STAT : "     0.524277033;CPU0;4006;;UNC_M_CAS_COUNT.WR[UNIT4];10363542;100.00;;"
7021 [139664118339264] INFO perfrun.perfcollector <> - PERF_STAT : "     0.524277033;CPU10;4261;;UNC_M_CAS_COUNT.WR[UNIT4];10335814;100.00;;"
7021 [139664118339264] INFO perfrun.perfcollector <> - PERF_STAT : "     0.524277033;CPU0;4481;;UNC_M_CAS_COUNT.WR[UNIT5];10363407;100.00;;"
7021 [139664118339264] INFO perfrun.perfcollector <> - PERF_STAT : "     0.524277033;CPU10;4113;;UNC_M_CAS_COUNT.WR[UNIT5];10333885;100.00;;"
7031 [139664118339264] INFO perfrun.perfcollector <> - PERF_STAT : "     0.534552590;CPU0;9304;;UNC_M_CAS_COUNT.RD[UNIT0];10293696;100.00;;"
7032 [139664118339264] INFO perfrun.perfcollector <> - PERF_STAT : "     0.534552590;CPU10;4778;;UNC_M_CAS_COUNT.RD[UNIT0];10299731;100.00;;"
7032 [139664118339264] INFO perfrun.perfcollector <> - PERF_STAT : "     0.534552590;CPU0;9943;;UNC_M_CAS_COUNT.RD[UNIT1];10293644;100.00;;"
7032 [139664118339264] INFO perfrun.perfcollector <> - PERF_STAT : "     0.534552590;CPU10;4547;;UNC_M_CAS_COUNT.RD[UNIT1];10302936;100.00;;"
7032 [139664118339264] INFO perfrun.perfcollector <> - PERF_STAT : "     0.534552590;CPU0;9360;;UNC_M_CAS_COUNT.RD[UNIT4];10293645;100.00;;"
7032 [139664118339264] INFO perfrun.perfcollector <> - PERF_STAT : "     0.534552590;CPU10;4878;;UNC_M_CAS_COUNT.RD[UNIT4];10305136;100.00;;"
7032 [139664118339264] INFO perfrun.perfcollector <> - PERF_STAT : "     0.534552590;CPU0;9961;;UNC_M_CAS_COUNT.RD[UNIT5];10293568;100.00;;"
7032 [139664118339264] INFO perfrun.perfcollector <> - PERF_STAT : "     0.534552590;CPU10;4563;;UNC_M_CAS_COUNT.RD[UNIT5];10307019;100.00;;"
7032 [139664118339264] INFO perfrun.perfcollector <> - PERF_STAT : "     0.534552590;CPU0;8656;;UNC_M_CAS_COUNT.WR[UNIT0];10293779;100.00;;"
7032 [139664118339264] INFO perfrun.perfcollector <> - PERF_STAT : "     0.534552590;CPU10;6768;;UNC_M_CAS_COUNT.WR[UNIT0];10308886;100.00;;"
7032 [139664118339264] INFO perfrun.perfcollector <> - PERF_STAT : "     0.534552590;CPU0;9295;;UNC_M_CAS_COUNT.WR[UNIT1];10293766;100.00;;"
7032 [139664118339264] INFO perfrun.perfcollector <> - PERF_STAT : "     0.534552590;CPU10;6626;;UNC_M_CAS_COUNT.WR[UNIT1];10310748;100.00;;"
7032 [139664118339264] INFO perfrun.perfcollector <> - PERF_STAT : "     0.534552590;CPU0;8771;;UNC_M_CAS_COUNT.WR[UNIT4];10293668;100.00;;"
7032 [139664118339264] INFO perfrun.perfcollector <> - PERF_STAT : "     0.534552590;CPU10;6743;;UNC_M_CAS_COUNT.WR[UNIT4];10312610;100.00;;"
7032 [139664118339264] INFO perfrun.perfcollector <> - PERF_STAT : "     0.534552590;CPU0;9281;;UNC_M_CAS_COUNT.WR[UNIT5];10293642;100.00;;"
7032 [139664118339264] INFO perfrun.perfcollector <> - PERF_STAT : "     0.534552590;CPU10;6582;;UNC_M_CAS_COUNT.WR[UNIT5];10314528;100.00;;"
7042 [139664118339264] INFO perfrun.perfcollector <> - PERF_STAT : "     0.544897016;CPU0;6233;;UNC_M_CAS_COUNT.RD[UNIT0];10307473;100.00;;"
7042 [139664118339264] INFO perfrun.perfcollector <> - PERF_STAT : "     0.544897016;CPU10;4037;;UNC_M_CAS_COUNT.RD[UNIT0];10310911;100.00;;"
7042 [139664118339264] INFO perfrun.perfcollector <> - PERF_STAT : "     0.544897016;CPU0;6775;;UNC_M_CAS_COUNT.RD[UNIT1];10307832;100.00;;"
7042 [139664118339264] INFO perfrun.perfcollector <> - PERF_STAT : "     0.544897016;CPU10;3939;;UNC_M_CAS_COUNT.RD[UNIT1];10307780;100.00;;"
7042 [139664118339264] INFO perfrun.perfcollector <> - PERF_STAT : "     0.544897016;CPU0;6289;;UNC_M_CAS_COUNT.RD[UNIT4];10307936;100.00;;"
7042 [139664118339264] INFO perfrun.perfcollector <> - PERF_STAT : "     0.544897016;CPU10;4113;;UNC_M_CAS_COUNT.RD[UNIT4];10305505;100.00;;"
7042 [139664118339264] INFO perfrun.perfcollector <> - PERF_STAT : "     0.544897016;CPU0;6781;;UNC_M_CAS_COUNT.RD[UNIT5];10308170;100.00;;"
7042 [139664118339264] INFO perfrun.perfcollector <> - PERF_STAT : "     0.544897016;CPU10;3913;;UNC_M_CAS_COUNT.RD[UNIT5];10303647;100.00;;"
7042 [139664118339264] INFO perfrun.perfcollector <> - PERF_STAT : "     0.544897016;CPU0;6048;;UNC_M_CAS_COUNT.WR[UNIT0];10308002;100.00;;"
7042 [139664118339264] INFO perfrun.perfcollector <> - PERF_STAT : "     0.544897016;CPU10;3342;;UNC_M_CAS_COUNT.WR[UNIT0];10301817;100.00;;"
7042 [139664118339264] INFO perfrun.perfcollector <> - PERF_STAT : "     0.544897016;CPU0;6634;;UNC_M_CAS_COUNT.WR[UNIT1];10308204;100.00;;"
7042 [139664118339264] INFO perfrun.perfcollector <> - PERF_STAT : "     0.544897016;CPU10;3255;;UNC_M_CAS_COUNT.WR[UNIT1];10299997;100.00;;"
7042 [139664118339264] INFO perfrun.perfcollector <> - PERF_STAT : "     0.544897016;CPU0;6246;;UNC_M_CAS_COUNT.WR[UNIT4];10308497;100.00;;"
7042 [139664118339264] INFO perfrun.perfcollector <> - PERF_STAT : "     0.544897016;CPU10;3257;;UNC_M_CAS_COUNT.WR[UNIT4];10305730;100.00;;"
7042 [139664118339264] INFO perfrun.perfcollector <> - PERF_STAT : "     0.544897016;CPU0;6675;;UNC_M_CAS_COUNT.WR[UNIT5];10308756;100.00;;"
7042 [139664118339264] INFO perfrun.perfcollector <> - PERF_STAT : "     0.544897016;CPU10;3235;;UNC_M_CAS_COUNT.WR[UNIT5];10303831;100.00;;"
7052 [139664118339264] INFO perfrun.perfcollector <> - PERF_STAT : "     0.555172535;CPU0;8630;;UNC_M_CAS_COUNT.RD[UNIT0];10313005;100.00;;"
7052 [139664118339264] INFO perfrun.perfcollector <> - PERF_STAT : "     0.555172535;CPU10;9342;;UNC_M_CAS_COUNT.RD[UNIT0];10311493;100.00;;"
7052 [139664118339264] INFO perfrun.perfcollector <> - PERF_STAT : "     0.555172535;CPU0;9302;;UNC_M_CAS_COUNT.RD[UNIT1];10312735;100.00;;"
7052 [139664118339264] INFO perfrun.perfcollector <> - PERF_STAT : "     0.555172535;CPU10;9264;;UNC_M_CAS_COUNT.RD[UNIT1];10314524;100.00;;"
7052 [139664118339264] INFO perfrun.perfcollector <> - PERF_STAT : "     0.555172535;CPU0;8491;;UNC_M_CAS_COUNT.RD[UNIT4];10312539;100.00;;"
7052 [139664118339264] INFO perfrun.perfcollector <> - PERF_STAT : "     0.555172535;CPU10;9273;;UNC_M_CAS_COUNT.RD[UNIT4];10316554;100.00;;"
7052 [139664118339264] INFO perfrun.perfcollector <> - PERF_STAT : "     0.555172535;CPU0;9233;;UNC_M_CAS_COUNT.RD[UNIT5];10312334;100.00;;"
7052 [139664118339264] INFO perfrun.perfcollector <> - PERF_STAT : "     0.555172535;CPU10;9208;;UNC_M_CAS_COUNT.RD[UNIT5];10318469;100.00;;"
7052 [139664118339264] INFO perfrun.perfcollector <> - PERF_STAT : "     0.555172535;CPU0;9521;;UNC_M_CAS_COUNT.WR[UNIT0];10312454;100.00;;"
7052 [139664118339264] INFO perfrun.perfcollector <> - PERF_STAT : "     0.555172535;CPU10;4069;;UNC_M_CAS_COUNT.WR[UNIT0];10320362;100.00;;"
7052 [139664118339264] INFO perfrun.perfcollector <> - PERF_STAT : "     0.555172535;CPU0;9831;;UNC_M_CAS_COUNT.WR[UNIT1];10312154;100.00;;"
7052 [139664118339264] INFO perfrun.perfcollector <> - PERF_STAT : "     0.555172535;CPU10;3986;;UNC_M_CAS_COUNT.WR[UNIT1];10322263;100.00;;"
7052 [139664118339264] INFO perfrun.perfcollector <> - PERF_STAT : "     0.555172535;CPU0;9341;;UNC_M_CAS_COUNT.WR[UNIT4];10311878;100.00;;"
7052 [139664118339264] INFO perfrun.perfcollector <> - PERF_STAT : "     0.555172535;CPU10;4228;;UNC_M_CAS_COUNT.WR[UNIT4];10316570;100.00;;"
7052 [139664118339264] INFO perfrun.perfcollector <> - PERF_STAT : "     0.555172535;CPU0;9973;;UNC_M_CAS_COUNT.WR[UNIT5];10311626;100.00;;"
7052 [139664118339264] INFO perfrun.perfcollector <> - PERF_STAT : "     0.555172535;CPU10;3873;;UNC_M_CAS_COUNT.WR[UNIT5];10318490;100.00;;"
7063 [139664118339264] INFO perfrun.perfcollector <> - PERF_STAT : "     0.565550826;CPU0;5067;;UNC_M_CAS_COUNT.RD[UNIT0];10382654;100.00;;"
7063 [139664118339264] INFO perfrun.perfcollector <> - PERF_STAT : "     0.565550826;CPU10;3635;;UNC_M_CAS_COUNT.RD[UNIT0];10382996;100.00;;"
7063 [139664118339264] INFO perfrun.perfcollector <> - PERF_STAT : "     0.565550826;CPU0;5484;;UNC_M_CAS_COUNT.RD[UNIT1];10382492;100.00;;"
7063 [139664118339264] INFO perfrun.perfcollector <> - PERF_STAT : "     0.565550826;CPU10;3535;;UNC_M_CAS_COUNT.RD[UNIT1];10382899;100.00;;"
7063 [139664118339264] INFO perfrun.perfcollector <> - PERF_STAT : "     0.565550826;CPU0;5202;;UNC_M_CAS_COUNT.RD[UNIT4];10382494;100.00;;"
7063 [139664118339264] INFO perfrun.perfcollector <> - PERF_STAT : "     0.565550826;CPU10;3566;;UNC_M_CAS_COUNT.RD[UNIT4];10382959;100.00;;"
7063 [139664118339264] INFO perfrun.perfcollector <> - PERF_STAT : "     0.565550826;CPU0;5333;;UNC_M_CAS_COUNT.RD[UNIT5];10382488;100.00;;"
7063 [139664118339264] INFO perfrun.perfcollector <> - PERF_STAT : "     0.565550826;CPU10;3543;;UNC_M_CAS_COUNT.RD[UNIT5];10382939;100.00;;"
7063 [139664118339264] INFO perfrun.perfcollector <> - PERF_STAT : "     0.565550826;CPU0;4323;;UNC_M_CAS_COUNT.WR[UNIT0];10382312;100.00;;"
7063 [139664118339264] INFO perfrun.perfcollector <> - PERF_STAT : "     0.565550826;CPU10;1538;;UNC_M_CAS_COUNT.WR[UNIT0];10383047;100.00;;"
7063 [139664118339264] INFO perfrun.perfcollector <> - PERF_STAT : "     0.565550826;CPU0;4528;;UNC_M_CAS_COUNT.WR[UNIT1];10382659;100.00;;"
7063 [139664118339264] INFO perfrun.perfcollector <> - PERF_STAT : "     0.565550826;CPU10;1516;;UNC_M_CAS_COUNT.WR[UNIT1];10383133;100.00;;"
7063 [139664118339264] INFO perfrun.perfcollector <> - PERF_STAT : "     0.565550826;CPU0;4302;;UNC_M_CAS_COUNT.WR[UNIT4];10382838;100.00;;"
7063 [139664118339264] INFO perfrun.perfcollector <> - PERF_STAT : "     0.565550826;CPU10;1588;;UNC_M_CAS_COUNT.WR[UNIT4];10383156;100.00;;"
7063 [139664118339264] INFO perfrun.perfcollector <> - PERF_STAT : "     0.565550826;CPU0;4510;;UNC_M_CAS_COUNT.WR[UNIT5];10382866;100.00;;"
7063 [139664118339264] INFO perfrun.perfcollector <> - PERF_STAT : "     0.565550826;CPU10;1602;;UNC_M_CAS_COUNT.WR[UNIT5];10383179;100.00;;"
7073 [139664118339264] INFO perfrun.perfcollector <> - PERF_STAT : "     0.575946538;CPU0;119;;UNC_M_CAS_COUNT.RD[UNIT0];10397385;100.00;;"
7073 [139664118339264] INFO perfrun.perfcollector <> - PERF_STAT : "     0.575946538;CPU10;179;;UNC_M_CAS_COUNT.RD[UNIT0];10407875;100.00;;"
7073 [139664118339264] INFO perfrun.perfcollector <> - PERF_STAT : "     0.575946538;CPU0;170;;UNC_M_CAS_COUNT.RD[UNIT1];10400383;100.00;;"
7073 [139664118339264] INFO perfrun.perfcollector <> - PERF_STAT : "     0.575946538;CPU10;104;;UNC_M_CAS_COUNT.RD[UNIT1];10405050;100.00;;"
7073 [139664118339264] INFO perfrun.perfcollector <> - PERF_STAT : "     0.575946538;CPU0;133;;UNC_M_CAS_COUNT.RD[UNIT4];10402416;100.00;;"
7073 [139664118339264] INFO perfrun.perfcollector <> - PERF_STAT : "     0.575946538;CPU10;191;;UNC_M_CAS_COUNT.RD[UNIT4];10403051;100.00;;"
7073 [139664118339264] INFO perfrun.perfcollector <> - PERF_STAT : "     0.575946538;CPU0;187;;UNC_M_CAS_COUNT.RD[UNIT5];10415503;100.00;;"
7073 [139664118339264] INFO perfrun.perfcollector <> - PERF_STAT : "     0.575946538;CPU10;112;;UNC_M_CAS_COUNT.RD[UNIT5];10401233;100.00;;"
7073 [139664118339264] INFO perfrun.perfcollector <> - PERF_STAT : "     0.575946538;CPU0;41;;UNC_M_CAS_COUNT.WR[UNIT0];10415691;100.00;;"
7073 [139664118339264] INFO perfrun.perfcollector <> - PERF_STAT : "     0.575946538;CPU10;73;;UNC_M_CAS_COUNT.WR[UNIT0];10399101;100.00;;"
7073 [139664118339264] INFO perfrun.perfcollector <> - PERF_STAT : "     0.575946538;CPU0;97;;UNC_M_CAS_COUNT.WR[UNIT1];10415363;100.00;;"
7073 [139664118339264] INFO perfrun.perfcollector <> - PERF_STAT : "     0.575946538;CPU10;19;;UNC_M_CAS_COUNT.WR[UNIT1];10397353;100.00;;"
7073 [139664118339264] INFO perfrun.perfcollector <> - PERF_STAT : "     0.575946538;CPU0;30;;UNC_M_CAS_COUNT.WR[UNIT4];10415387;100.00;;"
7073 [139664118339264] INFO perfrun.perfcollector <> - PERF_STAT : "     0.575946538;CPU10;73;;UNC_M_CAS_COUNT.WR[UNIT4];10395486;100.00;;"
7073 [139664118339264] INFO perfrun.perfcollector <> - PERF_STAT : "     0.575946538;CPU0;83;;UNC_M_CAS_COUNT.WR[UNIT5];10415361;100.00;;"
7073 [139664118339264] INFO perfrun.perfcollector <> - PERF_STAT : "     0.575946538;CPU10;29;;UNC_M_CAS_COUNT.WR[UNIT5];10393626;100.00;;"
