13 [140161357624000] INFO perfrun.launcher <> - Launcher main begin
15 [140161357624000] INFO perfrun.launcher <> - MessageCatalogInit finished
15 [140161357624000] INFO perfrun.launcher <> - Launcher instance created
15 [140161357624000] INFO perfrun.launcher <> - argc = 7; cmdline = /home/intel/oneapi/vtune/2021.1.1/bin64/amplxe-runss --ui-output-format xml --ui-output-fd 5 --option-file /home/users/efsilva/teste/INF01077/577262-FPI-Relatorio2/resultados_hello_hpc/config/runsa.options 
27 [140161357624000] INFO perfrun.launcher <> - plugin remoteplug has been added successfully
27 [140161357624000] INFO perfrun.launcher <> - plugin system has been added successfully
27 [140161357624000] INFO perfrun.launcher <> - plugin vdso has been added successfully
27 [140161357624000] INFO perfrun.launcher <> - plugin itt has been added successfully
27 [140161357624000] INFO perfrun.launcher <> - plugin ptracecollector has been added successfully
27 [140161357624000] INFO perfrun.launcher <> - plugin gpu has been added successfully
27 [140161357624000] INFO perfrun.launcher <> - plugin  has been added successfully
27 [140161357624000] INFO perfrun.launcher <> - plugin  has been added successfully
27 [140161357624000] INFO perfrun.launcher <> - plugin  has been added successfully
27 [140161357624000] INFO perfrun.launcher <> - plugin mrte has been added successfully
27 [140161357624000] INFO perfrun.launcher <> - plugin emon has been added successfully
27 [140161357624000] INFO perfrun.launcher <> - plugin cuscol has been added successfully
27 [140161357624000] INFO perfrun.launcher <> - plugin stdsrc has been added successfully
27 [140161357624000] INFO perfrun.launcher <> - plugin sep has been added successfully
27 [140161357624000] INFO perfrun.launcher <> - plugin vtsspp has been added successfully
27 [140161357624000] INFO perfrun.sdk <> - Reading value (-1) from file: /proc/sys/kernel/perf_event_paranoid
27 [140161357624000] INFO perfrun.perfcollector <> - checking access to: /home/intel/oneapi/vtune/2021.1.1/bin64/amplxe-perf-priv
31 [140161357624000] INFO perfrun.perfcollector <> - cpu: family = 6 model = 63
31 [140161357624000] INFO perfrun.perfcollector <> - dir found : /sys/bus/event_source/devices/software
31 [140161357624000] WARN perfrun.perfcollector <> - format subdir doesn't exist, at file: vcs/perfrun1/plugins/perfcollector/src/controller.cpp:725
31 [140161357624000] WARN perfrun.perfcollector <> - pmu hwInfo is not set, at file: vcs/perfrun1/plugins/perfcollector/src/controller.cpp:819
31 [140161357624000] INFO perfrun.perfcollector <> - pmu added : family : software , id : 0
31 [140161357624000] INFO perfrun.perfcollector <> - dir found : /sys/bus/event_source/devices/uncore_imc_5
31 [140161357624000] INFO perfrun.perfcollector <> - format: event config:0-7 mask:0-7
31 [140161357624000] INFO perfrun.perfcollector <> - format: edge config:18 mask:18
31 [140161357624000] INFO perfrun.perfcollector <> - format: inv config:23 mask:23
31 [140161357624000] INFO perfrun.perfcollector <> - format: umask config:8-15 mask:8-15
31 [140161357624000] INFO perfrun.perfcollector <> - format: thresh config:24-31 mask:24-31
31 [140161357624000] INFO perfrun.perfcollector <> - hwInfo : PERF_IMC_PMU_DETAILS
31 [140161357624000] INFO perfrun.perfcollector <> - pmu added : family : uncore_imc , id : 5
31 [140161357624000] INFO perfrun.perfcollector <> - dir found : /sys/bus/event_source/devices/uncore_sbox_2
31 [140161357624000] INFO perfrun.perfcollector <> - format: event config:0-7 mask:0-7
31 [140161357624000] INFO perfrun.perfcollector <> - format: edge config:18 mask:18
31 [140161357624000] INFO perfrun.perfcollector <> - format: inv config:23 mask:23
32 [140161357624000] INFO perfrun.perfcollector <> - format: umask config:8-15 mask:8-15
32 [140161357624000] INFO perfrun.perfcollector <> - format: tid_en config:19 mask:19
32 [140161357624000] INFO perfrun.perfcollector <> - format: thresh config:24-31 mask:24-31
32 [140161357624000] WARN perfrun.perfcollector <> - pmu hwInfo is not set, at file: vcs/perfrun1/plugins/perfcollector/src/controller.cpp:819
32 [140161357624000] INFO perfrun.perfcollector <> - pmu added : family : uncore_sbox , id : 2
32 [140161357624000] INFO perfrun.perfcollector <> - dir found : /sys/bus/event_source/devices/uncore_cbox_8
32 [140161357624000] INFO perfrun.perfcollector <> - format: event config:0-7 mask:0-7
32 [140161357624000] INFO perfrun.perfcollector <> - format: filter_link config1:6-8 mask:6-8
32 [140161357624000] INFO perfrun.perfcollector <> - format: filter_c6 config1:61 mask:61
32 [140161357624000] INFO perfrun.perfcollector <> - format: edge config:18 mask:18
32 [140161357624000] INFO perfrun.perfcollector <> - format: filter_isoc config1:63 mask:63
32 [140161357624000] INFO perfrun.perfcollector <> - format: filter_tid config1:0-5 mask:0-5
32 [140161357624000] INFO perfrun.perfcollector <> - format: filter_nid config1:32-47 mask:32-47
32 [140161357624000] INFO perfrun.perfcollector <> - format: filter_nc config1:62 mask:62
32 [140161357624000] INFO perfrun.perfcollector <> - format: umask config:8-15 mask:8-15
32 [140161357624000] INFO perfrun.perfcollector <> - format: tid_en config:19 mask:19
32 [140161357624000] INFO perfrun.perfcollector <> - format: thresh config:24-31 mask:24-31
32 [140161357624000] INFO perfrun.perfcollector <> - format: filter_state config1:17-23 mask:17-23
32 [140161357624000] INFO perfrun.perfcollector <> - format: filter_opc config1:52-60 mask:52-60
32 [140161357624000] WARN perfrun.perfcollector <> - pmu hwInfo is not set, at file: vcs/perfrun1/plugins/perfcollector/src/controller.cpp:819
32 [140161357624000] INFO perfrun.perfcollector <> - pmu added : family : uncore_cbox , id : 8
32 [140161357624000] INFO perfrun.perfcollector <> - dir found : /sys/bus/event_source/devices/uncore_r2pcie
32 [140161357624000] INFO perfrun.perfcollector <> - format: event config:0-7 mask:0-7
32 [140161357624000] INFO perfrun.perfcollector <> - format: edge config:18 mask:18
32 [140161357624000] INFO perfrun.perfcollector <> - format: inv config:23 mask:23
32 [140161357624000] INFO perfrun.perfcollector <> - format: umask config:8-15 mask:8-15
32 [140161357624000] INFO perfrun.perfcollector <> - format: thresh config:24-31 mask:24-31
32 [140161357624000] WARN perfrun.perfcollector <> - pmu hwInfo is not set, at file: vcs/perfrun1/plugins/perfcollector/src/controller.cpp:819
32 [140161357624000] INFO perfrun.perfcollector <> - pmu added : family : uncore_r2pcie , id : 0
32 [140161357624000] INFO perfrun.perfcollector <> - dir found : /sys/bus/event_source/devices/uncore_sbox_0
32 [140161357624000] INFO perfrun.perfcollector <> - format: event config:0-7 mask:0-7
32 [140161357624000] INFO perfrun.perfcollector <> - format: edge config:18 mask:18
32 [140161357624000] INFO perfrun.perfcollector <> - format: inv config:23 mask:23
32 [140161357624000] INFO perfrun.perfcollector <> - format: umask config:8-15 mask:8-15
32 [140161357624000] INFO perfrun.perfcollector <> - format: tid_en config:19 mask:19
32 [140161357624000] INFO perfrun.perfcollector <> - format: thresh config:24-31 mask:24-31
32 [140161357624000] WARN perfrun.perfcollector <> - pmu hwInfo is not set, at file: vcs/perfrun1/plugins/perfcollector/src/controller.cpp:819
32 [140161357624000] INFO perfrun.perfcollector <> - pmu added : family : uncore_sbox , id : 0
32 [140161357624000] INFO perfrun.perfcollector <> - dir found : /sys/bus/event_source/devices/uncore_cbox_6
33 [140161357624000] INFO perfrun.perfcollector <> - format: event config:0-7 mask:0-7
33 [140161357624000] INFO perfrun.perfcollector <> - format: filter_link config1:6-8 mask:6-8
33 [140161357624000] INFO perfrun.perfcollector <> - format: filter_c6 config1:61 mask:61
33 [140161357624000] INFO perfrun.perfcollector <> - format: edge config:18 mask:18
33 [140161357624000] INFO perfrun.perfcollector <> - format: filter_isoc config1:63 mask:63
33 [140161357624000] INFO perfrun.perfcollector <> - format: filter_tid config1:0-5 mask:0-5
33 [140161357624000] INFO perfrun.perfcollector <> - format: filter_nid config1:32-47 mask:32-47
33 [140161357624000] INFO perfrun.perfcollector <> - format: filter_nc config1:62 mask:62
33 [140161357624000] INFO perfrun.perfcollector <> - format: umask config:8-15 mask:8-15
33 [140161357624000] INFO perfrun.perfcollector <> - format: tid_en config:19 mask:19
33 [140161357624000] INFO perfrun.perfcollector <> - format: thresh config:24-31 mask:24-31
33 [140161357624000] INFO perfrun.perfcollector <> - format: filter_state config1:17-23 mask:17-23
33 [140161357624000] INFO perfrun.perfcollector <> - format: filter_opc config1:52-60 mask:52-60
33 [140161357624000] WARN perfrun.perfcollector <> - pmu hwInfo is not set, at file: vcs/perfrun1/plugins/perfcollector/src/controller.cpp:819
33 [140161357624000] INFO perfrun.perfcollector <> - pmu added : family : uncore_cbox , id : 6
33 [140161357624000] INFO perfrun.perfcollector <> - dir found : /sys/bus/event_source/devices/uncore_imc_1
33 [140161357624000] INFO perfrun.perfcollector <> - format: event config:0-7 mask:0-7
33 [140161357624000] INFO perfrun.perfcollector <> - format: edge config:18 mask:18
33 [140161357624000] INFO perfrun.perfcollector <> - format: inv config:23 mask:23
33 [140161357624000] INFO perfrun.perfcollector <> - format: umask config:8-15 mask:8-15
33 [140161357624000] INFO perfrun.perfcollector <> - format: thresh config:24-31 mask:24-31
33 [140161357624000] INFO perfrun.perfcollector <> - hwInfo : PERF_IMC_PMU_DETAILS
33 [140161357624000] INFO perfrun.perfcollector <> - pmu added : family : uncore_imc , id : 1
33 [140161357624000] INFO perfrun.perfcollector <> - dir found : /sys/bus/event_source/devices/power
33 [140161357624000] INFO perfrun.perfcollector <> - format: event config:0-7 mask:0-7
33 [140161357624000] WARN perfrun.perfcollector <> - pmu hwInfo is not set, at file: vcs/perfrun1/plugins/perfcollector/src/controller.cpp:819
33 [140161357624000] INFO perfrun.perfcollector <> - pmu added : family : power , id : 0
33 [140161357624000] INFO perfrun.perfcollector <> - dir found : /sys/bus/event_source/devices/uncore_cbox_4
33 [140161357624000] INFO perfrun.perfcollector <> - format: event config:0-7 mask:0-7
33 [140161357624000] INFO perfrun.perfcollector <> - format: filter_link config1:6-8 mask:6-8
33 [140161357624000] INFO perfrun.perfcollector <> - format: filter_c6 config1:61 mask:61
33 [140161357624000] INFO perfrun.perfcollector <> - format: edge config:18 mask:18
33 [140161357624000] INFO perfrun.perfcollector <> - format: filter_isoc config1:63 mask:63
33 [140161357624000] INFO perfrun.perfcollector <> - format: filter_tid config1:0-5 mask:0-5
33 [140161357624000] INFO perfrun.perfcollector <> - format: filter_nid config1:32-47 mask:32-47
33 [140161357624000] INFO perfrun.perfcollector <> - format: filter_nc config1:62 mask:62
33 [140161357624000] INFO perfrun.perfcollector <> - format: umask config:8-15 mask:8-15
33 [140161357624000] INFO perfrun.perfcollector <> - format: tid_en config:19 mask:19
33 [140161357624000] INFO perfrun.perfcollector <> - format: thresh config:24-31 mask:24-31
33 [140161357624000] INFO perfrun.perfcollector <> - format: filter_state config1:17-23 mask:17-23
33 [140161357624000] INFO perfrun.perfcollector <> - format: filter_opc config1:52-60 mask:52-60
33 [140161357624000] WARN perfrun.perfcollector <> - pmu hwInfo is not set, at file: vcs/perfrun1/plugins/perfcollector/src/controller.cpp:819
33 [140161357624000] INFO perfrun.perfcollector <> - pmu added : family : uncore_cbox , id : 4
33 [140161357624000] INFO perfrun.perfcollector <> - dir found : /sys/bus/event_source/devices/uprobe
34 [140161357624000] INFO perfrun.perfcollector <> - format: ref_ctr_offset config:32-63 mask:32-63
34 [140161357624000] INFO perfrun.perfcollector <> - format: retprobe config:0 mask:0
34 [140161357624000] WARN perfrun.perfcollector <> - pmu hwInfo is not set, at file: vcs/perfrun1/plugins/perfcollector/src/controller.cpp:819
34 [140161357624000] INFO perfrun.perfcollector <> - pmu added : family : uprobe , id : 0
34 [140161357624000] INFO perfrun.perfcollector <> - dir found : /sys/bus/event_source/devices/cpu
34 [140161357624000] INFO perfrun.perfcollector <> - format: event config:0-7 mask:0-7
34 [140161357624000] INFO perfrun.perfcollector <> - format: pc config:19 mask:19
34 [140161357624000] INFO perfrun.perfcollector <> - format: edge config:18 mask:18
34 [140161357624000] INFO perfrun.perfcollector <> - format: any config:21 mask:21
34 [140161357624000] INFO perfrun.perfcollector <> - format: offcore_rsp config1:0-63 mask:0-63
34 [140161357624000] INFO perfrun.perfcollector <> - format: ldlat config1:0-15 mask:0-15
34 [140161357624000] INFO perfrun.perfcollector <> - format: inv config:23 mask:23
34 [140161357624000] INFO perfrun.perfcollector <> - format: umask config:8-15 mask:8-15
34 [140161357624000] INFO perfrun.perfcollector <> - format: cmask config:24-31 mask:24-31
34 [140161357624000] INFO perfrun.perfcollector <> - hwInfo : PERF_CPU_PMU_DETAILS
34 [140161357624000] INFO perfrun.perfcollector <> - pmu added : family : cpu , id : 0
34 [140161357624000] INFO perfrun.perfcollector <> - dir found : /sys/bus/event_source/devices/uncore_r3qpi_0
34 [140161357624000] INFO perfrun.perfcollector <> - format: event config:0-7 mask:0-7
34 [140161357624000] INFO perfrun.perfcollector <> - format: edge config:18 mask:18
34 [140161357624000] INFO perfrun.perfcollector <> - format: inv config:23 mask:23
34 [140161357624000] INFO perfrun.perfcollector <> - format: umask config:8-15 mask:8-15
34 [140161357624000] INFO perfrun.perfcollector <> - format: thresh config:24-31 mask:24-31
34 [140161357624000] WARN perfrun.perfcollector <> - pmu hwInfo is not set, at file: vcs/perfrun1/plugins/perfcollector/src/controller.cpp:819
34 [140161357624000] INFO perfrun.perfcollector <> - pmu added : family : uncore_r3qpi , id : 0
34 [140161357624000] INFO perfrun.perfcollector <> - dir found : /sys/bus/event_source/devices/cstate_core
34 [140161357624000] INFO perfrun.perfcollector <> - format: event config:0-63 mask:0-63
34 [140161357624000] WARN perfrun.perfcollector <> - pmu hwInfo is not set, at file: vcs/perfrun1/plugins/perfcollector/src/controller.cpp:819
34 [140161357624000] INFO perfrun.perfcollector <> - pmu added : family : cstate_core , id : 0
34 [140161357624000] INFO perfrun.perfcollector <> - dir found : /sys/bus/event_source/devices/uncore_cbox_2
34 [140161357624000] INFO perfrun.perfcollector <> - format: event config:0-7 mask:0-7
34 [140161357624000] INFO perfrun.perfcollector <> - format: filter_link config1:6-8 mask:6-8
34 [140161357624000] INFO perfrun.perfcollector <> - format: filter_c6 config1:61 mask:61
34 [140161357624000] INFO perfrun.perfcollector <> - format: edge config:18 mask:18
34 [140161357624000] INFO perfrun.perfcollector <> - format: filter_isoc config1:63 mask:63
34 [140161357624000] INFO perfrun.perfcollector <> - format: filter_tid config1:0-5 mask:0-5
34 [140161357624000] INFO perfrun.perfcollector <> - format: filter_nid config1:32-47 mask:32-47
34 [140161357624000] INFO perfrun.perfcollector <> - format: filter_nc config1:62 mask:62
34 [140161357624000] INFO perfrun.perfcollector <> - format: umask config:8-15 mask:8-15
34 [140161357624000] INFO perfrun.perfcollector <> - format: tid_en config:19 mask:19
34 [140161357624000] INFO perfrun.perfcollector <> - format: thresh config:24-31 mask:24-31
34 [140161357624000] INFO perfrun.perfcollector <> - format: filter_state config1:17-23 mask:17-23
34 [140161357624000] INFO perfrun.perfcollector <> - format: filter_opc config1:52-60 mask:52-60
34 [140161357624000] WARN perfrun.perfcollector <> - pmu hwInfo is not set, at file: vcs/perfrun1/plugins/perfcollector/src/controller.cpp:819
34 [140161357624000] INFO perfrun.perfcollector <> - pmu added : family : uncore_cbox , id : 2
34 [140161357624000] INFO perfrun.perfcollector <> - dir found : /sys/bus/event_source/devices/breakpoint
35 [140161357624000] WARN perfrun.perfcollector <> - format subdir doesn't exist, at file: vcs/perfrun1/plugins/perfcollector/src/controller.cpp:725
35 [140161357624000] WARN perfrun.perfcollector <> - pmu hwInfo is not set, at file: vcs/perfrun1/plugins/perfcollector/src/controller.cpp:819
35 [140161357624000] INFO perfrun.perfcollector <> - pmu added : family : breakpoint , id : 0
35 [140161357624000] INFO perfrun.perfcollector <> - dir found : /sys/bus/event_source/devices/uncore_ha_0
35 [140161357624000] INFO perfrun.perfcollector <> - format: event config:0-7 mask:0-7
35 [140161357624000] INFO perfrun.perfcollector <> - format: edge config:18 mask:18
35 [140161357624000] INFO perfrun.perfcollector <> - format: inv config:23 mask:23
35 [140161357624000] INFO perfrun.perfcollector <> - format: umask config:8-15 mask:8-15
35 [140161357624000] INFO perfrun.perfcollector <> - format: thresh config:24-31 mask:24-31
35 [140161357624000] WARN perfrun.perfcollector <> - pmu hwInfo is not set, at file: vcs/perfrun1/plugins/perfcollector/src/controller.cpp:819
35 [140161357624000] INFO perfrun.perfcollector <> - pmu added : family : uncore_ha , id : 0
35 [140161357624000] INFO perfrun.perfcollector <> - dir found : /sys/bus/event_source/devices/uncore_cbox_0
35 [140161357624000] INFO perfrun.perfcollector <> - format: event config:0-7 mask:0-7
35 [140161357624000] INFO perfrun.perfcollector <> - format: filter_link config1:6-8 mask:6-8
35 [140161357624000] INFO perfrun.perfcollector <> - format: filter_c6 config1:61 mask:61
35 [140161357624000] INFO perfrun.perfcollector <> - format: edge config:18 mask:18
35 [140161357624000] INFO perfrun.perfcollector <> - format: filter_isoc config1:63 mask:63
35 [140161357624000] INFO perfrun.perfcollector <> - format: filter_tid config1:0-5 mask:0-5
35 [140161357624000] INFO perfrun.perfcollector <> - format: filter_nid config1:32-47 mask:32-47
35 [140161357624000] INFO perfrun.perfcollector <> - format: filter_nc config1:62 mask:62
35 [140161357624000] INFO perfrun.perfcollector <> - format: umask config:8-15 mask:8-15
35 [140161357624000] INFO perfrun.perfcollector <> - format: tid_en config:19 mask:19
35 [140161357624000] INFO perfrun.perfcollector <> - format: thresh config:24-31 mask:24-31
35 [140161357624000] INFO perfrun.perfcollector <> - format: filter_state config1:17-23 mask:17-23
35 [140161357624000] INFO perfrun.perfcollector <> - format: filter_opc config1:52-60 mask:52-60
35 [140161357624000] WARN perfrun.perfcollector <> - pmu hwInfo is not set, at file: vcs/perfrun1/plugins/perfcollector/src/controller.cpp:819
35 [140161357624000] INFO perfrun.perfcollector <> - pmu added : family : uncore_cbox , id : 0
35 [140161357624000] INFO perfrun.perfcollector <> - dir found : /sys/bus/event_source/devices/tracepoint
35 [140161357624000] WARN perfrun.perfcollector <> - format subdir doesn't exist, at file: vcs/perfrun1/plugins/perfcollector/src/controller.cpp:725
35 [140161357624000] WARN perfrun.perfcollector <> - pmu hwInfo is not set, at file: vcs/perfrun1/plugins/perfcollector/src/controller.cpp:819
35 [140161357624000] INFO perfrun.perfcollector <> - pmu added : family : tracepoint , id : 0
35 [140161357624000] INFO perfrun.perfcollector <> - dir found : /sys/bus/event_source/devices/uncore_sbox_3
35 [140161357624000] INFO perfrun.perfcollector <> - format: event config:0-7 mask:0-7
35 [140161357624000] INFO perfrun.perfcollector <> - format: edge config:18 mask:18
35 [140161357624000] INFO perfrun.perfcollector <> - format: inv config:23 mask:23
35 [140161357624000] INFO perfrun.perfcollector <> - format: umask config:8-15 mask:8-15
35 [140161357624000] INFO perfrun.perfcollector <> - format: tid_en config:19 mask:19
35 [140161357624000] INFO perfrun.perfcollector <> - format: thresh config:24-31 mask:24-31
35 [140161357624000] WARN perfrun.perfcollector <> - pmu hwInfo is not set, at file: vcs/perfrun1/plugins/perfcollector/src/controller.cpp:819
35 [140161357624000] INFO perfrun.perfcollector <> - pmu added : family : uncore_sbox , id : 3
35 [140161357624000] INFO perfrun.perfcollector <> - dir found : /sys/bus/event_source/devices/uncore_cbox_9
35 [140161357624000] INFO perfrun.perfcollector <> - format: event config:0-7 mask:0-7
35 [140161357624000] INFO perfrun.perfcollector <> - format: filter_link config1:6-8 mask:6-8
35 [140161357624000] INFO perfrun.perfcollector <> - format: filter_c6 config1:61 mask:61
35 [140161357624000] INFO perfrun.perfcollector <> - format: edge config:18 mask:18
35 [140161357624000] INFO perfrun.perfcollector <> - format: filter_isoc config1:63 mask:63
36 [140161357624000] INFO perfrun.perfcollector <> - format: filter_tid config1:0-5 mask:0-5
36 [140161357624000] INFO perfrun.perfcollector <> - format: filter_nid config1:32-47 mask:32-47
36 [140161357624000] INFO perfrun.perfcollector <> - format: filter_nc config1:62 mask:62
36 [140161357624000] INFO perfrun.perfcollector <> - format: umask config:8-15 mask:8-15
36 [140161357624000] INFO perfrun.perfcollector <> - format: tid_en config:19 mask:19
36 [140161357624000] INFO perfrun.perfcollector <> - format: thresh config:24-31 mask:24-31
36 [140161357624000] INFO perfrun.perfcollector <> - format: filter_state config1:17-23 mask:17-23
36 [140161357624000] INFO perfrun.perfcollector <> - format: filter_opc config1:52-60 mask:52-60
36 [140161357624000] WARN perfrun.perfcollector <> - pmu hwInfo is not set, at file: vcs/perfrun1/plugins/perfcollector/src/controller.cpp:819
36 [140161357624000] INFO perfrun.perfcollector <> - pmu added : family : uncore_cbox , id : 9
36 [140161357624000] INFO perfrun.perfcollector <> - dir found : /sys/bus/event_source/devices/cstate_pkg
36 [140161357624000] INFO perfrun.perfcollector <> - format: event config:0-63 mask:0-63
36 [140161357624000] WARN perfrun.perfcollector <> - pmu hwInfo is not set, at file: vcs/perfrun1/plugins/perfcollector/src/controller.cpp:819
36 [140161357624000] INFO perfrun.perfcollector <> - pmu added : family : cstate_pkg , id : 0
36 [140161357624000] INFO perfrun.perfcollector <> - dir found : /sys/bus/event_source/devices/uncore_imc_4
36 [140161357624000] INFO perfrun.perfcollector <> - format: event config:0-7 mask:0-7
36 [140161357624000] INFO perfrun.perfcollector <> - format: edge config:18 mask:18
36 [140161357624000] INFO perfrun.perfcollector <> - format: inv config:23 mask:23
36 [140161357624000] INFO perfrun.perfcollector <> - format: umask config:8-15 mask:8-15
36 [140161357624000] INFO perfrun.perfcollector <> - format: thresh config:24-31 mask:24-31
36 [140161357624000] INFO perfrun.perfcollector <> - hwInfo : PERF_IMC_PMU_DETAILS
36 [140161357624000] INFO perfrun.perfcollector <> - pmu added : family : uncore_imc , id : 4
36 [140161357624000] INFO perfrun.perfcollector <> - dir found : /sys/bus/event_source/devices/uncore_ubox
36 [140161357624000] INFO perfrun.perfcollector <> - format: event config:0-7 mask:0-7
36 [140161357624000] INFO perfrun.perfcollector <> - format: edge config:18 mask:18
36 [140161357624000] INFO perfrun.perfcollector <> - format: filter_tid config1:0 mask:0
36 [140161357624000] INFO perfrun.perfcollector <> - format: inv config:23 mask:23
36 [140161357624000] INFO perfrun.perfcollector <> - format: umask config:8-15 mask:8-15
36 [140161357624000] INFO perfrun.perfcollector <> - format: thresh config:24-28 mask:24-28
36 [140161357624000] INFO perfrun.perfcollector <> - format: filter_cid config1:5 mask:5
36 [140161357624000] WARN perfrun.perfcollector <> - pmu hwInfo is not set, at file: vcs/perfrun1/plugins/perfcollector/src/controller.cpp:819
36 [140161357624000] INFO perfrun.perfcollector <> - pmu added : family : uncore_ubox , id : 0
36 [140161357624000] INFO perfrun.perfcollector <> - dir found : /sys/bus/event_source/devices/uncore_sbox_1
36 [140161357624000] INFO perfrun.perfcollector <> - format: event config:0-7 mask:0-7
36 [140161357624000] INFO perfrun.perfcollector <> - format: edge config:18 mask:18
36 [140161357624000] INFO perfrun.perfcollector <> - format: inv config:23 mask:23
36 [140161357624000] INFO perfrun.perfcollector <> - format: umask config:8-15 mask:8-15
36 [140161357624000] INFO perfrun.perfcollector <> - format: tid_en config:19 mask:19
36 [140161357624000] INFO perfrun.perfcollector <> - format: thresh config:24-31 mask:24-31
36 [140161357624000] WARN perfrun.perfcollector <> - pmu hwInfo is not set, at file: vcs/perfrun1/plugins/perfcollector/src/controller.cpp:819
36 [140161357624000] INFO perfrun.perfcollector <> - pmu added : family : uncore_sbox , id : 1
36 [140161357624000] INFO perfrun.perfcollector <> - dir found : /sys/bus/event_source/devices/uncore_cbox_7
36 [140161357624000] INFO perfrun.perfcollector <> - format: event config:0-7 mask:0-7
36 [140161357624000] INFO perfrun.perfcollector <> - format: filter_link config1:6-8 mask:6-8
37 [140161357624000] INFO perfrun.perfcollector <> - format: filter_c6 config1:61 mask:61
37 [140161357624000] INFO perfrun.perfcollector <> - format: edge config:18 mask:18
37 [140161357624000] INFO perfrun.perfcollector <> - format: filter_isoc config1:63 mask:63
37 [140161357624000] INFO perfrun.perfcollector <> - format: filter_tid config1:0-5 mask:0-5
37 [140161357624000] INFO perfrun.perfcollector <> - format: filter_nid config1:32-47 mask:32-47
37 [140161357624000] INFO perfrun.perfcollector <> - format: filter_nc config1:62 mask:62
37 [140161357624000] INFO perfrun.perfcollector <> - format: umask config:8-15 mask:8-15
37 [140161357624000] INFO perfrun.perfcollector <> - format: tid_en config:19 mask:19
37 [140161357624000] INFO perfrun.perfcollector <> - format: thresh config:24-31 mask:24-31
37 [140161357624000] INFO perfrun.perfcollector <> - format: filter_state config1:17-23 mask:17-23
37 [140161357624000] INFO perfrun.perfcollector <> - format: filter_opc config1:52-60 mask:52-60
37 [140161357624000] WARN perfrun.perfcollector <> - pmu hwInfo is not set, at file: vcs/perfrun1/plugins/perfcollector/src/controller.cpp:819
37 [140161357624000] INFO perfrun.perfcollector <> - pmu added : family : uncore_cbox , id : 7
37 [140161357624000] INFO perfrun.perfcollector <> - dir found : /sys/bus/event_source/devices/kprobe
37 [140161357624000] INFO perfrun.perfcollector <> - format: retprobe config:0 mask:0
37 [140161357624000] WARN perfrun.perfcollector <> - pmu hwInfo is not set, at file: vcs/perfrun1/plugins/perfcollector/src/controller.cpp:819
37 [140161357624000] INFO perfrun.perfcollector <> - pmu added : family : kprobe , id : 0
37 [140161357624000] INFO perfrun.perfcollector <> - dir found : /sys/bus/event_source/devices/uncore_cbox_5
37 [140161357624000] INFO perfrun.perfcollector <> - format: event config:0-7 mask:0-7
37 [140161357624000] INFO perfrun.perfcollector <> - format: filter_link config1:6-8 mask:6-8
37 [140161357624000] INFO perfrun.perfcollector <> - format: filter_c6 config1:61 mask:61
37 [140161357624000] INFO perfrun.perfcollector <> - format: edge config:18 mask:18
37 [140161357624000] INFO perfrun.perfcollector <> - format: filter_isoc config1:63 mask:63
37 [140161357624000] INFO perfrun.perfcollector <> - format: filter_tid config1:0-5 mask:0-5
37 [140161357624000] INFO perfrun.perfcollector <> - format: filter_nid config1:32-47 mask:32-47
37 [140161357624000] INFO perfrun.perfcollector <> - format: filter_nc config1:62 mask:62
37 [140161357624000] INFO perfrun.perfcollector <> - format: umask config:8-15 mask:8-15
37 [140161357624000] INFO perfrun.perfcollector <> - format: tid_en config:19 mask:19
37 [140161357624000] INFO perfrun.perfcollector <> - format: thresh config:24-31 mask:24-31
37 [140161357624000] INFO perfrun.perfcollector <> - format: filter_state config1:17-23 mask:17-23
37 [140161357624000] INFO perfrun.perfcollector <> - format: filter_opc config1:52-60 mask:52-60
37 [140161357624000] WARN perfrun.perfcollector <> - pmu hwInfo is not set, at file: vcs/perfrun1/plugins/perfcollector/src/controller.cpp:819
37 [140161357624000] INFO perfrun.perfcollector <> - pmu added : family : uncore_cbox , id : 5
37 [140161357624000] INFO perfrun.perfcollector <> - dir found : /sys/bus/event_source/devices/uncore_imc_0
37 [140161357624000] INFO perfrun.perfcollector <> - format: event config:0-7 mask:0-7
37 [140161357624000] INFO perfrun.perfcollector <> - format: edge config:18 mask:18
37 [140161357624000] INFO perfrun.perfcollector <> - format: inv config:23 mask:23
37 [140161357624000] INFO perfrun.perfcollector <> - format: umask config:8-15 mask:8-15
37 [140161357624000] INFO perfrun.perfcollector <> - format: thresh config:24-31 mask:24-31
37 [140161357624000] INFO perfrun.perfcollector <> - hwInfo : PERF_IMC_PMU_DETAILS
37 [140161357624000] INFO perfrun.perfcollector <> - pmu added : family : uncore_imc , id : 0
37 [140161357624000] INFO perfrun.perfcollector <> - dir found : /sys/bus/event_source/devices/uncore_pcu
37 [140161357624000] INFO perfrun.perfcollector <> - format: filter_band2 config1:16-23 mask:16-23
38 [140161357624000] INFO perfrun.perfcollector <> - format: event config:0-7 mask:0-7
38 [140161357624000] INFO perfrun.perfcollector <> - format: filter_band0 config1:0-7 mask:0-7
38 [140161357624000] INFO perfrun.perfcollector <> - format: edge config:18 mask:18
38 [140161357624000] INFO perfrun.perfcollector <> - format: occ_invert config:30 mask:30
38 [140161357624000] INFO perfrun.perfcollector <> - format: occ_edge config:14-51 mask:14-51
38 [140161357624000] INFO perfrun.perfcollector <> - format: filter_band3 config1:24-31 mask:24-31
38 [140161357624000] INFO perfrun.perfcollector <> - format: filter_band1 config1:8-15 mask:8-15
38 [140161357624000] INFO perfrun.perfcollector <> - format: inv config:23 mask:23
38 [140161357624000] INFO perfrun.perfcollector <> - format: thresh config:24-28 mask:24-28
38 [140161357624000] INFO perfrun.perfcollector <> - format: occ_sel config:14-15 mask:14-15
38 [140161357624000] WARN perfrun.perfcollector <> - pmu hwInfo is not set, at file: vcs/perfrun1/plugins/perfcollector/src/controller.cpp:819
38 [140161357624000] INFO perfrun.perfcollector <> - pmu added : family : uncore_pcu , id : 0
38 [140161357624000] INFO perfrun.perfcollector <> - dir found : /sys/bus/event_source/devices/uncore_r3qpi_1
38 [140161357624000] INFO perfrun.perfcollector <> - format: event config:0-7 mask:0-7
38 [140161357624000] INFO perfrun.perfcollector <> - format: edge config:18 mask:18
38 [140161357624000] INFO perfrun.perfcollector <> - format: inv config:23 mask:23
38 [140161357624000] INFO perfrun.perfcollector <> - format: umask config:8-15 mask:8-15
38 [140161357624000] INFO perfrun.perfcollector <> - format: thresh config:24-31 mask:24-31
38 [140161357624000] WARN perfrun.perfcollector <> - pmu hwInfo is not set, at file: vcs/perfrun1/plugins/perfcollector/src/controller.cpp:819
38 [140161357624000] INFO perfrun.perfcollector <> - pmu added : family : uncore_r3qpi , id : 1
38 [140161357624000] INFO perfrun.perfcollector <> - dir found : /sys/bus/event_source/devices/msr
38 [140161357624000] INFO perfrun.perfcollector <> - format: event config:0-63 mask:0-63
38 [140161357624000] WARN perfrun.perfcollector <> - pmu hwInfo is not set, at file: vcs/perfrun1/plugins/perfcollector/src/controller.cpp:819
38 [140161357624000] INFO perfrun.perfcollector <> - pmu added : family : msr , id : 0
38 [140161357624000] INFO perfrun.perfcollector <> - dir found : /sys/bus/event_source/devices/uncore_cbox_3
38 [140161357624000] INFO perfrun.perfcollector <> - format: event config:0-7 mask:0-7
38 [140161357624000] INFO perfrun.perfcollector <> - format: filter_link config1:6-8 mask:6-8
38 [140161357624000] INFO perfrun.perfcollector <> - format: filter_c6 config1:61 mask:61
38 [140161357624000] INFO perfrun.perfcollector <> - format: edge config:18 mask:18
38 [140161357624000] INFO perfrun.perfcollector <> - format: filter_isoc config1:63 mask:63
38 [140161357624000] INFO perfrun.perfcollector <> - format: filter_tid config1:0-5 mask:0-5
38 [140161357624000] INFO perfrun.perfcollector <> - format: filter_nid config1:32-47 mask:32-47
38 [140161357624000] INFO perfrun.perfcollector <> - format: filter_nc config1:62 mask:62
38 [140161357624000] INFO perfrun.perfcollector <> - format: umask config:8-15 mask:8-15
38 [140161357624000] INFO perfrun.perfcollector <> - format: tid_en config:19 mask:19
38 [140161357624000] INFO perfrun.perfcollector <> - format: thresh config:24-31 mask:24-31
38 [140161357624000] INFO perfrun.perfcollector <> - format: filter_state config1:17-23 mask:17-23
38 [140161357624000] INFO perfrun.perfcollector <> - format: filter_opc config1:52-60 mask:52-60
38 [140161357624000] WARN perfrun.perfcollector <> - pmu hwInfo is not set, at file: vcs/perfrun1/plugins/perfcollector/src/controller.cpp:819
38 [140161357624000] INFO perfrun.perfcollector <> - pmu added : family : uncore_cbox , id : 3
38 [140161357624000] INFO perfrun.perfcollector <> - dir found : /sys/bus/event_source/devices/uncore_ha_1
38 [140161357624000] INFO perfrun.perfcollector <> - format: event config:0-7 mask:0-7
38 [140161357624000] INFO perfrun.perfcollector <> - format: edge config:18 mask:18
38 [140161357624000] INFO perfrun.perfcollector <> - format: inv config:23 mask:23
39 [140161357624000] INFO perfrun.perfcollector <> - format: umask config:8-15 mask:8-15
39 [140161357624000] INFO perfrun.perfcollector <> - format: thresh config:24-31 mask:24-31
39 [140161357624000] WARN perfrun.perfcollector <> - pmu hwInfo is not set, at file: vcs/perfrun1/plugins/perfcollector/src/controller.cpp:819
39 [140161357624000] INFO perfrun.perfcollector <> - pmu added : family : uncore_ha , id : 1
39 [140161357624000] INFO perfrun.perfcollector <> - dir found : /sys/bus/event_source/devices/uncore_cbox_1
39 [140161357624000] INFO perfrun.perfcollector <> - format: event config:0-7 mask:0-7
39 [140161357624000] INFO perfrun.perfcollector <> - format: filter_link config1:6-8 mask:6-8
39 [140161357624000] INFO perfrun.perfcollector <> - format: filter_c6 config1:61 mask:61
39 [140161357624000] INFO perfrun.perfcollector <> - format: edge config:18 mask:18
39 [140161357624000] INFO perfrun.perfcollector <> - format: filter_isoc config1:63 mask:63
39 [140161357624000] INFO perfrun.perfcollector <> - format: filter_tid config1:0-5 mask:0-5
39 [140161357624000] INFO perfrun.perfcollector <> - format: filter_nid config1:32-47 mask:32-47
39 [140161357624000] INFO perfrun.perfcollector <> - format: filter_nc config1:62 mask:62
39 [140161357624000] INFO perfrun.perfcollector <> - format: umask config:8-15 mask:8-15
39 [140161357624000] INFO perfrun.perfcollector <> - format: tid_en config:19 mask:19
39 [140161357624000] INFO perfrun.perfcollector <> - format: thresh config:24-31 mask:24-31
39 [140161357624000] INFO perfrun.perfcollector <> - format: filter_state config1:17-23 mask:17-23
39 [140161357624000] INFO perfrun.perfcollector <> - format: filter_opc config1:52-60 mask:52-60
39 [140161357624000] WARN perfrun.perfcollector <> - pmu hwInfo is not set, at file: vcs/perfrun1/plugins/perfcollector/src/controller.cpp:819
39 [140161357624000] INFO perfrun.perfcollector <> - pmu added : family : uncore_cbox , id : 1
39 [140161357624000] INFO perfrun.launcher <> - plugin perf has been added successfully
39 [140161357624000] INFO perfrun.launcher <> - plugin aoclprofile has been added successfully
39 [140161357624000] INFO perfrun.launcher <> - plugin tpss has been added successfully
39 [140161357624000] INFO perfrun.launcher <> - plugin exprof has been added successfully
39 [140161357624000] INFO perfrun.launcher <> - plugin media has been added successfully
39 [140161357624000] INFO perfrun.launcher <> - plugin ice has been added successfully
39 [140161357624000] INFO perfrun.launcher <> - plugin  has been added successfully
39 [140161357624000] INFO perfrun.launcher <> - plugin  has been added successfully
39 [140161357624000] INFO perfrun.launcher <> - plugin parallelfs has been added successfully
39 [140161357624000] INFO perfrun.launcher <> - plugin power has been added successfully
39 [140161357624000] INFO perfrun.launcher <> - plugin hwloc has been added successfully
39 [140161357624000] INFO perfrun.launcher <> - plugin ipmwatch has been added successfully
39 [140161357624000] INFO perfrun.launcher <> - plugin os_counters has been added successfully
40 [140161357624000] INFO perfrun.launcher <> - the option was added --interval: Specify an interval of data collection (for example, sampling) in milliseconds.
40 [140161357624000] INFO perfrun.launcher <> - the option was added --follow-child: Profile process with or without children.
40 [140161357624000] INFO perfrun.launcher <> - the option was added --gelding: BADMSG: perfrun1.launcher.plugin_manager::gelding
40 [140161357624000] INFO perfrun.launcher <> - the option was added --time-source: Specify time source for measurement. Possible values: sys - wall clock time; tsc - time stamp counter; ext - time from an external source; auto - auto select accurate time source.
40 [140161357624000] INFO perfrun.launcher <> - the option was added --stack: Enable or disable collection of stacks.
40 [140161357624000] INFO perfrun.launcher <> - the option was added --stack-stitching: Enable or disable the stack stitching algorithm for Intel TBB-based applications.
40 [140161357624000] INFO perfrun.launcher <> - the option was added --type: Specify type of data to be collected. For example, --type cpu:counters,waiting:nostack,io.
40 [140161357624000] INFO perfrun.launcher <> - the option was added --mrte-mode: Specify Java/.NET/other managed runtime collection mode. Possible values: native - collect information only for native code; managed - collect information only for managed code; mixed - collect information for both managed and native code; auto - choose the mode based on binary type.
40 [140161357624000] INFO perfrun.launcher <> - the option was added --mrte-mode-list: List supported Java/.NET/other managed runtime collection modes.
40 [140161357624000] INFO perfrun.launcher <> - the option was added --mrte-type: Specify which managed runtimes to collect. Possible values: java - collect information for Java; dotnet - collect information for .NET; python - collect information for CPython. You can specify several values separated by comma.
40 [140161357624000] INFO perfrun.launcher <> - the option was added --mrte-type-list: List supported Java/.NET/other managed runtime types.
40 [140161357624000] INFO perfrun.launcher <> - the option was added --trace-strategy: Specify how to profile a process tree. <string> can be "<process>:trace:notrace" - profile the process but do not profile its children. Shorthand parameters: t - trace, nt - notrace. For example, "vtunedemo.exe:t:t".
40 [140161357624000] INFO perfrun.launcher <> - the option was added --collector: BADMSG: perfrun1.launcher.plugin_manager::collector
40 [140161357624000] INFO perfrun.launcher <> - the option was added --system-wide: Enable system-wide profiling. This mode may require additional permissions.
40 [140161357624000] INFO perfrun.launcher <> - the option was added --kvm-guest: Enable KVM guest OS profiling.
40 [140161357624000] INFO perfrun.launcher <> - the option was added --kvm-guest-kallsyms: Specify a local path to the /proc/kallsyms file copied from the guest OS for proper symbol resolution.
40 [140161357624000] INFO perfrun.launcher <> - the option was added --kvm-guest-modules: Specify a local path to the /proc/modules file copied from the guest OS for proper symbol resolution.
40 [140161357624000] INFO perfrun.launcher <> - the option was added --bandwidth-limits: Measure bandwidth limits
40 [140161357624000] INFO perfrun.launcher <> - the option was added --acrn-map-info: Collect map info for ACRN
40 [140161357624000] INFO perfrun.launcher <> - the option was added --bandwidth-strategy: Bandwidth limits determination specific properties (example: --bandwidth-strategy array-size=0,duration=500).
40 [140161357624000] INFO perfrun.launcher <> - the option was added --bandwidth-config: List of benchmarks to run.
40 [140161357624000] INFO perfrun.launcher <> - the option was added --target-gpu: target-gpu
40 [140161357624000] INFO perfrun.launcher <> - the option was added --dump-vdso: Dump [vdso] to result directory
40 [140161357624000] INFO perfrun.launcher <> - the option was added --system-collector-config: Specify subcollectors. Possible values: all, container, device-info, none. Specify subcollectors. Possible values: all, vdso.
40 [140161357624000] INFO perfrun.launcher <> - the option was added --itt-config: Specify a sub-set of ITT API to collect.
40 [140161357624000] INFO perfrun.launcher <> - the option was added --itt-debug: Set pseudo-breakpoint at ITT API collector's start to enable the debugger to attach early.
40 [140161357624000] INFO perfrun.launcher <> - the option was added --ptrace: Ptrace collector.
41 [140161357624000] INFO perfrun.launcher <> - the option was added --target-pid: BADMSG: perfrun1.ptracecollector::target-pid
41 [140161357624000] INFO perfrun.launcher <> - the option was added --ptrace-server-pid: BADMSG: perfrun1.ptracecollector::ptrace-server-pid
41 [140161357624000] INFO perfrun.launcher <> - the option was added --ptrace-trace: BADMSG: perfrun1.ptracecollector::ptrace-trace
41 [140161357624000] INFO perfrun.launcher <> - the option was added --ptrace-time-source: BADMSG: perfrun1.ptracecollector::ptrace-time-source
41 [140161357624000] INFO perfrun.launcher <> - the option was added --ptrace-start-type: BADMSG: perfrun1.ptracecollector::ptrace-start-type
41 [140161357624000] INFO perfrun.launcher <> - the option was added --gpu-config: Specify types of GPU data to be collected. Possible values: preset1, preset2.
41 [140161357624000] INFO perfrun.launcher <> - the option was added --gpu-debug: Enable self-testing of the GPGPU profiling collector.
41 [140161357624000] INFO perfrun.launcher <> - the option was added --gpu-counting: Collect GPU data in the counting mode.
41 [140161357624000] INFO perfrun.launcher <> - the option was added --emon-preset: Specify a preset for EMON collector. For available presets, run: emon -preset-list.
41 [140161357624000] INFO perfrun.launcher <> - the option was added --emon-csv-trace-format: Use CSV format for EMON trace file.
41 [140161357624000] INFO perfrun.launcher <> - the option was added --emon-machine-readable-ver: Write machine readable EMON version file.
41 [140161357624000] INFO perfrun.launcher <> - the option was added --custom-collector: Allows to provide arbitrary command line to be run on collection steps.
41 [140161357624000] INFO perfrun.launcher <> - the option was added --stdsrc-config: Specify Standard Sources category tag(s).
41 [140161357624000] INFO perfrun.launcher <> - the option was added --ftrace-config-list: List Linux Ftrace category tag(s).
41 [140161357624000] INFO perfrun.launcher <> - the option was added --ftrace-config: Specify Linux Ftrace category tag(s).
41 [140161357624000] INFO perfrun.launcher <> - the option was added --ftrace-function-groups: Enable tracing of specific groups of functions.
41 [140161357624000] INFO perfrun.launcher <> - the option was added --event-info: BADMSG: perfrun1.stdsrc::event-info
41 [140161357624000] INFO perfrun.launcher <> - the option was added --cpu-list: List supported CPUs.
41 [140161357624000] INFO perfrun.launcher <> - the option was added --target-list: List available targets for performing sampling collection.
41 [140161357624000] INFO perfrun.launcher <> - the option was added --event-value-list: Display event information.
41 [140161357624000] INFO perfrun.launcher <> - the option was added --platform-value-list: Display details of supported platforms.
41 [140161357624000] INFO perfrun.launcher <> - the option was added --uncore-event-list: List uncore events for which a sampling data collection can be performed on this platform.
41 [140161357624000] INFO perfrun.launcher <> - the option was added --modifier-list: Specify the event name <string> for which the modifiers list is requested.
41 [140161357624000] INFO perfrun.launcher <> - the option was added --pmu-list: List supported PMUs.
41 [140161357624000] INFO perfrun.launcher <> - the option was added --os-mode-only: Enable sampling data collection for OS-mode processes only.
41 [140161357624000] INFO perfrun.launcher <> - the option was added --user-mode-only: Enable sampling data collection for user-mode processes only.
41 [140161357624000] INFO perfrun.launcher <> - the option was added --event-config: Perform data collection for the events with <string> configured using the format <event name1>":modifier1=val:modifier2=val/constraint1={:modifier3=val:modifier4=val}...,"<event name2>":... Specify the events(s) to monitor and embed the event names within double quotes("). [:modifier=val] specifies individual event modifiers along with the respective values for a given platform. Note that the modifiers can be generic to an event as well as specific to a constraint (or an event qualifier). The constraint specific special modifiers appear after [/constraint=]. The modifiers can be in decimal or hexadecimal format. Only specific modifiers accept the value as a string. Each event specification is delimited by a comma (,). For a list of supported modifiers and constraints, refer to the documentation.
41 [140161357624000] INFO perfrun.launcher <> - the option was added --chipset-event-config: Perform data collection for the chipset events with <string> configured using the format "<event name1>"...,"<event name2>":... Specify the events(s) to monitor and embed the event names within double quotes(").
41 [140161357624000] INFO perfrun.launcher <> - the option was added --uncore-event-config: Perform uncore data collection in ebc count mode for the events with <string> configured using the format "<event name1>"...,"<event name2>":... Specify the events(s) to monitor and embed the event names within double quotes(").
41 [140161357624000] INFO perfrun.launcher <> - the option was added --count-emon: Enable counting mode and output the data in EMON format.
41 [140161357624000] INFO perfrun.launcher <> - the option was added --event-based-counts: Enable event-based counting mode. During sampling data collection, event counts data is collected for the list of events specified in -event-config option.
41 [140161357624000] INFO perfrun.launcher <> - the option was added --event-mux-tfactor: Specify the event multiplexing tfactor as <integer> to set the length of the interval between interrupts. The larger the tfactor value, the larger the period between interrupts. Currently this option is only available on Intel platforms codenamed Knights Corner.
42 [140161357624000] INFO perfrun.launcher <> - the option was added --full-pebs-capture: Capture full pebs information.
42 [140161357624000] INFO perfrun.launcher <> - the option was added --last-branch-records: Capture Last Branch Records information.
42 [140161357624000] INFO perfrun.launcher <> - the option was added --pmu-type: Specify the targeted PMU name as <string>.
42 [140161357624000] INFO perfrun.launcher <> - the option was added --platform-type: Specify the targeted platform number as <number>.
42 [140161357624000] INFO perfrun.launcher <> - the option was added --p-state-trigger: Specify the name of the trigger event for P-state data as <string>. The default trigger is CPU_CLK_UNHALTED.REF_TSC.
42 [140161357624000] INFO perfrun.launcher <> - the option was added --rdt-auto-rmid: Enable automatic Core pinning on RMIDs for RDT monitoring capabilities.
42 [140161357624000] INFO perfrun.launcher <> - the option was added --bts-count: Specify the <integer> number of BTS records collected after each sample or context switch (VTSS++ only).
42 [140161357624000] INFO perfrun.launcher <> - the option was added --cpu-mask: Specify which CPU(s) <string> to collect data on. For example, specify "2-8,10,12-14" to sample only CPUs 2 through 8, 10, and 12 through 14.
42 [140161357624000] INFO perfrun.launcher <> - the option was added --event-mux-alg: Specify the event multiplexing algorithm. Possible values: sequence, timer, trigger.
42 [140161357624000] INFO perfrun.launcher <> - the option was added --event-mux-timeslice: Specify the event multiplexing time slice value as <integer>. The time slice specifies the duration between cycles for each event multiplexing group. The default value is 50 milliseconds. This option is valid only for timer-based event multiplexing. Specify the event multiplexing time slice value as <integer>. The time slice specifies the duration between cycles for each event multiplexing group. The default value is 1 millisecond. This option is valid only for timer-based event multiplexing.
42 [140161357624000] INFO perfrun.launcher <> - the option was added --event-mux-factor: Specify the event multiplexing factor as <integer>. It controls the switching of event multiplexing groups. The default factor is 50. This option is valid only for trigger-based event multiplexing. Specify the event multiplexing factor as <integer>. It controls the switching of event multiplexing groups. The default factor is 1. This option is valid only for trigger-based event multiplexing.
42 [140161357624000] INFO perfrun.launcher <> - the option was added --event-mux-trigger: Specify the name of the trigger event for event multiplexing as <string>. This option is valid only for trigger-based event multiplexing. The default trigger is CPU_CLK_UNHALTED.CORE (or CPU_CLK_UNHALTED.THREAD). BADMSG: perfrun1.vtsspp::event-mux-trigger
42 [140161357624000] INFO perfrun.launcher <> - the option was added --pt-mode: BADMSG: perfrun1.vtsspp::pt-mode
42 [140161357624000] INFO perfrun.launcher <> - the option was added --sample-after-multiplier: Specify the sample after multiplier as <double>. This multiplier modifies the sample after value for all the events specified in -event-config option. The values can range from 0.1 to 100.0. SAV multiplier value
42 [140161357624000] INFO perfrun.launcher <> - the option was added --uncore-sampling-interval: Specify the uncore sampling interval as <integer>. This value set the uncore sampling interval for all the uncore events specified in -event-config option.
42 [140161357624000] INFO perfrun.launcher <> - the option was added --count: Enable counting mode. Enable counting mode
42 [140161357624000] INFO perfrun.launcher <> - the option was added --trace-mpi: Configure collector to trace MPI code.
42 [140161357624000] INFO perfrun.launcher <> - the option was added --aggregated-counting: Enable aggregated counting mode. Enable aggregated-counting mode
42 [140161357624000] INFO perfrun.launcher <> - the option was added --perf-per-cpu: System-wide collection from all CPUs
42 [140161357624000] INFO perfrun.launcher <> - the option was added --raw-perf-config: Specify a verified configuration for the Perf collector in the format: <describer>,<content>. For example: map-events-file,<path_to_map_events_file>.
42 [140161357624000] INFO perfrun.launcher <> - the option was added --sys-config: BADMSG: perfrun1.vtsspp::sys-config Specify types of system data to be collected. Supported value: cswitch - collect context switch information.
42 [140161357624000] INFO perfrun.launcher <> - the option was added --perf-event-config: Specify events for Perf collector in Perf format. For example: perf-event-config=cpu-clock.
42 [140161357624000] INFO perfrun.launcher <> - the option was added --perf-aio: Number of control blocks in asynchronous trace writing mode.
42 [140161357624000] INFO perfrun.launcher <> - the option was added --perf-compression: Specify compression of Perf collector output data. Possible levels: 0 - without compression, 1..3 - best speed, 4..22 - best compression that incurs big overhead.
42 [140161357624000] INFO perfrun.launcher <> - the option was added --perf-mmap-flush: Minimum data size read from the kernel mapped region.
42 [140161357624000] INFO perfrun.launcher <> - the option was added --perf-affinity: Adjust an affinity mask of the Perf thread to a node with an allocated memory trace buffer.
42 [140161357624000] INFO perfrun.launcher <> - the option was added --perf-threads: Setup threading mode for trace writing.
42 [140161357624000] INFO perfrun.launcher <> - the option was added --generate-platform-cmd: Get perf command line for an arbitrary target.
42 [140161357624000] INFO perfrun.launcher <> - the option was added --aocl-profile: Enable profiling and data collection through AOCL profiling tool.
42 [140161357624000] INFO perfrun.launcher <> - the option was added --aocl-source-file: Path to .source file. Find this in the compilation output directory of the FPGA application. Use this option to help attribute performance statistics to the source lines. If unspecified, AOCL profiler will attempt to locate the file in the current directory.
42 [140161357624000] INFO perfrun.launcher <> - the option was added --aocl-binary-aocx-file: Path to .aocx file (OpenCL flow) or host binary (DPC++ flow). If you do not provide this path: 1) For OpenCL flow, AOCL Profiler attempts to locate the file in the working directory. 2) For DPC++ flow, the collector assumes that host binary is used as an application to launch.
42 [140161357624000] INFO perfrun.launcher <> - the option was added --aocl-period: Specifies the number of cycles between readbacks from the device. The default value is 0 and indicates that the profiler should read back data as often as possible.
43 [140161357624000] INFO perfrun.launcher <> - the option was added --aocl-no-temporal: Disables readback during execution and only reads back non-autorun kernels once they finish executing.
43 [140161357624000] INFO perfrun.launcher <> - the option was added --aocl-no-mem-transfers: Disables the recording of memory transfer information.
43 [140161357624000] INFO perfrun.launcher <> - the option was added --stackwalk: Specify stack unwinding method. Possible values: online - unwind stacks during collection; offline - unwind stacks after collection is finished. Specify stack unwinding method. Possible value: lbr - unwind stacks during collection. Specify stack unwinding method. Possible values: online - unwind stacks during collection; offline - unwind stacks after collection is finished; lbr - enable LBR-based call stack collection. Specify stack unwinding method. Possible values: online - unwind stacks during collection; offline - unwind stacks after collection is finished. Specify stack unwinding method. Possible values: online - unwind stacks during collection; offline - unwind stacks after collection is finished.
43 [140161357624000] INFO perfrun.launcher <> - the option was added --filter-include: Filter data during collection. Possible values: contended=<on|off> - filter out uncontended events; contended_nostack=<time> - filter out stacks for contended events that take less than <time> microseconds; wait=<time> - ignore transitions and blocks with wait time less than <time> microseconds; wait_nostack=<time> - filter out stacks for waits that take less than <time> microseconds.
43 [140161357624000] INFO perfrun.launcher <> - the option was added --debug-pin: Debug PIN tool and runtime.
43 [140161357624000] INFO perfrun.launcher <> - the option was added --debug-exception: Disallow the application to set own abnormal termination handler.
43 [140161357624000] INFO perfrun.launcher <> - the option was added --trace-type: Specify the trace file granularity. Possible values: per-thread - per-thread trace file generation; per-process - per-process trace file generation.
43 [140161357624000] INFO perfrun.launcher <> - the option was added --instrumentation-type: Specify type of instrumentation.
43 [140161357624000] INFO perfrun.launcher <> - the option was added --altstack: Enable or disable usage of altstacks for profiling signal handlers.
43 [140161357624000] INFO perfrun.launcher <> - the option was added --profiling-signal: BADMSG: perfrun1.ptracecollector::profiling-signal Alternate profiling signal.
43 [140161357624000] INFO perfrun.launcher <> - the option was added --memory-strategy: Specify a minimal memory object size to be traced and a hash table size for faster objects search; for example: --memory-strategy obj-size-min=1024,hash-table-size=4096.
43 [140161357624000] INFO perfrun.launcher <> - the option was added --gpu-profiling-type: Specify a type of deep GPU profiling: none, bblatency, memlatency, instcount.
43 [140161357624000] INFO perfrun.launcher <> - the option was added --opencl-trace-mode: Specify OpenCL kernel tracing modes: 'default' to trace OpenCL kernels for Intel Graphics Driver only; 'epoch' for any non-Intel graphics, where OpenCL kernels will be traced and OpenCL profiling API timestamps will be interpreted as Unux Epoch time in nanoseconds; 'completion' to trace OpenCL kernels for any Graphics Driver and bind OpenCL profiling API timestamps to the timestamp of OpenCL completion callback.
43 [140161357624000] INFO perfrun.launcher <> - the option was added --gpu-kernels-to-profile: Specify a comma-separated list of GPU kernel names and invocations to be profiled in the following format: kernel_name[#start_idx#step#stop_idx], where kernel_name is the name of GPU kernel; start_idx is the number of the first invocation; and stop_idx is the number of the last invocation to be profiled.
43 [140161357624000] INFO perfrun.launcher <> - the option was added --exprof-com-list: List available COM ports.
43 [140161357624000] INFO perfrun.launcher <> - the option was added --exprof-dvc-list: List available DvC IDs.
43 [140161357624000] INFO perfrun.launcher <> - the option was added --exprof-trace-channel: BADMSG: perfrun1.exprof::exprof-trace-channel
43 [140161357624000] INFO perfrun.launcher <> - the option was added --exprof-event-config: Specify ExactProfiling Event Classes.
43 [140161357624000] INFO perfrun.launcher <> - the option was added --ice-pmons-list: BADMSG: perfrun1.ice::ice-pmons-list
43 [140161357624000] INFO perfrun.launcher <> - the option was added --ice-pmons-config: BADMSG: perfrun1.ice::ice-pmons-config
43 [140161357624000] INFO perfrun.launcher <> - the option was added --ice-sw-trace: Collect software traces of the Intel Neural Network Processor (NNP-I) and analyze software context of inference progress.
43 [140161357624000] INFO perfrun.launcher <> - the option was added --ice-sample-after-value: BADMSG: perfrun1.ice::ice-sample-after-value
43 [140161357624000] INFO perfrun.launcher <> - the option was added --ice-frequency: BADMSG: perfrun1.ice::ice-frequency
43 [140161357624000] INFO perfrun.launcher <> - the option was added --parallel-fs-config: Specify parallel fs counters to collect.
43 [140161357624000] INFO perfrun.launcher <> - the option was added --pwr-config: BADMSG: perfrun1.vtsspp::pwr-config Specify power metrics configuration.
43 [140161357624000] INFO perfrun.launcher <> - the option was added --pwr-sampling-interval: Specify Intel SoC Watch sampling interval.
43 [140161357624000] INFO perfrun.launcher <> - the option was added --collect-topology: Collect topology info with hwloc.
43 [140161357624000] INFO perfrun.launcher <> - the option was added --persistent-mem-metrics: Collect Persistent Memory performance counters.
43 [140161357624000] INFO perfrun.launcher <> - the option was added --os-counters: Collect OS counters
46 [140161357624000] INFO perfrun.launcher <> - create msngr2::ICliToolContext
46 [140161357624000] INFO perfrun.launcher <> - create file finder object
46 [140161357624000] INFO perfrun.launcher <> - create a result directory: pattern = /home/users/efsilva/teste/INF01077/577262-FPI-Relatorio2/resultados_hello_hpc pid = 4294967295
49 [140161357624000] INFO perfrun.sdk <> - checked that the directory /home/users/efsilva/teste/INF01077/577262-FPI-Relatorio2/resultados_hello_hpc is a local directory
49 [140161357624000] INFO perfrun.sdk <> - the directory /home/users/efsilva/teste/INF01077/577262-FPI-Relatorio2/resultados_hello_hpc is located on a share or its FS ID is unknown 26985
49 [140161357624000] INFO perfrun.sdk <> - checked that the directory /tmp/amplxe-tmp-efsilva is a local directory
49 [140161357624000] INFO perfrun.sdk <> - the directory /tmp/amplxe-tmp-efsilva is a local directory with FS type ID 61267
50 [140161357624000] INFO perfrun.launcher <> - Create a local result directory /tmp/amplxe-tmp-efsilva/amplxe-res-3499001-36848114589027849 due to the user result path /home/users/efsilva/teste/INF01077/577262-FPI-Relatorio2/resultados_hello_hpc is located on a share
50 [140161357624000] INFO perfrun.launcher <> - create data directory = /tmp/amplxe-tmp-efsilva/amplxe-res-3499001-36848114589027849/data.0
50 [140161357624000] INFO perfrun.launcher <> - create data directory = /home/users/efsilva/teste/INF01077/577262-FPI-Relatorio2/resultados_hello_hpc/data.0
52 [140161357624000] INFO perfrun.launcher <> - Creating the master collection flag
55 [140161357624000] INFO perfrun.launcher <> - Done creating the master collection flag
59 [140161201465024] INFO perfrun.launcher <> - plugin [remoteplug] was disabled because it doesn't support the given collection type.
59 [140161201465024] INFO perfrun.sdk <> - Allocating TMU :/tmp/amplxe-tmp-efsilva/amplxe-res-3499001-36848114589027849/data.0/systemcollector-3499001-hype5.sc
59 [140161201465024] INFO perfrun.launcher <> - plugin [gpu] was disabled because it doesn't support the given collection type.
59 [140161201465024] INFO perfrun.launcher <> - plugin [] was disabled because it doesn't support the given collection type.
59 [140161201465024] INFO perfrun.launcher <> - plugin [] was disabled because it doesn't support the given collection type.
59 [140161201465024] INFO perfrun.launcher <> - plugin [] was disabled because it doesn't support the given collection type.
59 [140161201465024] INFO perfrun.mrte <> - system-wide mode is 0
59 [140161201465024] INFO perfrun.mrte <> - Getting  mrte profiling environment ...
110 [140161201465024] INFO perfrun.mrte <> - INTEL_MRTE_DATA_DIR=/tmp/amplxe-tmp-efsilva/amplxe-res-3499001-36848114589027849/data.0
110 [140161201465024] INFO perfrun.mrte <> - INTEL_MRTE_HOST_NAME=hype5
110 [140161201465024] INFO perfrun.mrte <> - JAVA_TOOL_OPTIONS=-agentlib:amplxe_samplingmrte_javaprof_1.0 -Dsun.boot.library.path=/home/intel/oneapi/vtune/2021.1.1/lib32/runtime:/home/intel/oneapi/vtune/2021.1.1/lib64/runtime
110 [140161201465024] INFO perfrun.mrte <> - CORECLR_ENABLE_PROFILING=1
110 [140161201465024] INFO perfrun.mrte <> - CORECLR_PROFILER={AA5E4821-E3B1-479c-B7FF-5AD047D22CED}
110 [140161201465024] INFO perfrun.mrte <> - CORECLR_PROFILER_PATH=/home/intel/oneapi/vtune/2021.1.1/lib64/libamplxe_samplingmrte_clrprof_1.0.so
110 [140161201465024] INFO perfrun.mrte <> - INTEL_MRTE_PROFILER_MODE=mixed
110 [140161201465024] INFO perfrun.mrte <> - Data directory: /tmp/amplxe-tmp-efsilva/amplxe-res-3499001-36848114589027849/data.0
110 [140161201465024] INFO perfrun.mrte <> - Mrte plugin is initialized
110 [140161201465024] INFO perfrun.launcher <> - plugin [emon] was disabled because it doesn't support the given collection type.
110 [140161201465024] INFO perfrun.launcher <> - plugin [cuscol] was disabled because it doesn't support the given collection type.
110 [140161201465024] INFO perfrun.launcher <> - plugin [stdsrc] was disabled because it doesn't support the given collection type.
110 [140161201465024] INFO perfrun.launcher <> - plugin [sep] was disabled because it doesn't support the given collection type.
110 [140161201465024] INFO perfrun.launcher <> - plugin [vtsspp] was disabled because it doesn't support the given collection type.
110 [140161201465024] INFO perfrun.perfcollector <> - AIO blocks = 0
110 [140161201465024] INFO perfrun.perfcollector <> - compression level = 1
110 [140161201465024] INFO perfrun.perfcollector <> - Perf threads mode = CPU
110 [140161201465024] INFO perfrun.perfcollector <> - No MPI detected-1
110 [140161201465024] WARN perfrun.launcher <> - Messenger::say: To profile kernel modules during the session, make sure they are available in the /lib/modules/kernel_version/ location.
110 [140161201465024] INFO perfrun.sdk <> - runCmd: "/home/intel/oneapi/vtune/2021.1.1/bin64/sep" -dry-run -sam 5 -ec "CPU_CLK_UNHALTED.THREAD:sa=2300000,CPU_CLK_UNHALTED.REF_TSC:sample:sa=2300000,INST_RETIRED.ANY:sample:sa=2300000,CPU_CLK_UNHALTED.REF_XCLK:sa=100003,CPU_CLK_UNHALTED.ONE_THREAD_ACTIVE:sa=100003,CYCLE_ACTIVITY.CYCLES_NO_EXECUTE:sa=2000003,CYCLE_ACTIVITY.STALLS_L1D_PENDING:sa=2000003,CYCLE_ACTIVITY.STALLS_LDM_PENDING:sa=2000003,CYCLE_ACTIVITY.STALLS_L2_PENDING:sa=2000003,IDQ_UOPS_NOT_DELIVERED.CORE:sa=2000003,INT_MISC.RECOVERY_CYCLES:sa=2000003,MEM_LOAD_UOPS_RETIRED.L3_HIT_PS:sa=50003,MEM_LOAD_UOPS_RETIRED.L3_MISS_PS:sa=50003,OFFCORE_REQUESTS_OUTSTANDING.CYCLES_WITH_DATA_RD:sa=2000003,OFFCORE_REQUESTS_OUTSTANDING.ALL_DATA_RD:cmask=6:sa=2000003,RESOURCE_STALLS.SB:sa=2000003,RS_EVENTS.EMPTY_CYCLES:sa=2000003,UOPS_EXECUTED.CORE:cmask=1:sa=2000003,UOPS_EXECUTED.CORE:cmask=2:sa=2000003,UOPS_EXECUTED.CORE:cmask=3:sa=2000003,UOPS_ISSUED.ANY:sa=2000003,UOPS_RETIRED.RETIRE_SLOTS:sa=2000003,IDQ_UOPS_NOT_DELIVERED.CYCLES_0_UOPS_DELIV.CORE:sa=2000003,MEM_UOPS_RETIRED.ALL_LOADS_PS:sa=100003,MEM_UOPS_RETIRED.ALL_STORES_PS:sa=100003,MEM_LOAD_UOPS_L3_MISS_RETIRED.LOCAL_DRAM_PS:sa=100003,MEM_LOAD_UOPS_L3_MISS_RETIRED.REMOTE_DRAM_PS:sa=100003,MEM_LOAD_UOPS_L3_MISS_RETIRED.REMOTE_HITM_PS:sa=100003,MEM_LOAD_UOPS_L3_MISS_RETIRED.REMOTE_FWD_PS:sa=100003,UNC_M_CAS_COUNT.RD,UNC_M_CAS_COUNT.WR" -experimental
135 [140161201465024] INFO perfrun.perfcollector <> - SepDryRun RC = true
135 [140161201465024] INFO perfrun.perfcollector <> - DRY_RUN : "PMU type: Core (core)"
139 [140161201465024] INFO perfrun.perfcollector <> - pmu type : cpu
139 [140161201465024] INFO perfrun.perfcollector <> - DRY_RUN : "Group 0:"
139 [140161201465024] INFO perfrun.perfcollector <> - id : 0
139 [140161201465024] INFO perfrun.perfcollector <> - DRY_RUN : "INST_RETIRED.ANY: event id 2"
139 [140161201465024] INFO perfrun.perfcollector <> - eventName : INST_RETIRED.ANY , eventId : 2
139 [140161201465024] INFO perfrun.perfcollector <> - DRY_RUN : "CPU_CLK_UNHALTED.THREAD: event id 0"
139 [140161201465024] INFO perfrun.perfcollector <> - eventName : CPU_CLK_UNHALTED.THREAD , eventId : 0
139 [140161201465024] INFO perfrun.perfcollector <> - DRY_RUN : "CPU_CLK_UNHALTED.REF_TSC: event id 1"
139 [140161201465024] INFO perfrun.perfcollector <> - eventName : CPU_CLK_UNHALTED.REF_TSC , eventId : 1
139 [140161201465024] INFO perfrun.perfcollector <> - DRY_RUN : "CPU_CLK_UNHALTED.REF_XCLK: event id 4"
139 [140161201465024] INFO perfrun.perfcollector <> - eventName : CPU_CLK_UNHALTED.REF_XCLK , eventId : 4
139 [140161201465024] INFO perfrun.perfcollector <> - DRY_RUN : "CPU_CLK_UNHALTED.ONE_THREAD_ACTIVE: event id 5"
139 [140161201465024] INFO perfrun.perfcollector <> - eventName : CPU_CLK_UNHALTED.ONE_THREAD_ACTIVE , eventId : 5
139 [140161201465024] INFO perfrun.perfcollector <> - DRY_RUN : "CYCLE_ACTIVITY.STALLS_L1D_PENDING: event id 3"
139 [140161201465024] INFO perfrun.perfcollector <> - eventName : CYCLE_ACTIVITY.STALLS_L1D_PENDING , eventId : 3
139 [140161201465024] INFO perfrun.perfcollector <> - DRY_RUN : "CYCLE_ACTIVITY.CYCLES_NO_EXECUTE: event id 6"
139 [140161201465024] INFO perfrun.perfcollector <> - eventName : CYCLE_ACTIVITY.CYCLES_NO_EXECUTE , eventId : 6
139 [140161201465024] INFO perfrun.perfcollector <> - DRY_RUN : "CCCR"
139 [140161201465024] INFO perfrun.perfcollector <> - DRY_RUN : "reg_type       = 1	event_id       = g	reg_id         = 38f	reg_value      = 70000000f"
139 [140161201465024] INFO perfrun.perfcollector <> - eventId : g , ignored
139 [140161201465024] INFO perfrun.perfcollector <> - DRY_RUN : "reg_type       = 1	event_id       = g	reg_id         = 390	reg_value      = 70000000f"
139 [140161201465024] INFO perfrun.perfcollector <> - eventId : g , ignored
139 [140161201465024] INFO perfrun.perfcollector <> - DRY_RUN : "reg_type       = 1	event_id       = g	reg_id         = 3f1	reg_value      = 0"
139 [140161201465024] INFO perfrun.perfcollector <> - eventId : g , ignored
139 [140161201465024] INFO perfrun.perfcollector <> - DRY_RUN : "reg_type       = 1	event_id       = g	reg_id         = 1d9	reg_value      = 1800"
139 [140161201465024] INFO perfrun.perfcollector <> - eventId : g , ignored
139 [140161201465024] INFO perfrun.perfcollector <> - DRY_RUN : "reg_type       = 1	event_id       = g	reg_id         = 38d	reg_value      = bbb"
139 [140161201465024] INFO perfrun.perfcollector <> - eventId : g , ignored
139 [140161201465024] INFO perfrun.perfcollector <> - DRY_RUN : "reg_type       = 1	event_id       = 4	reg_id         = 186	reg_value      = 53013c"
139 [140161201465024] INFO perfrun.perfcollector <> - eventId : 4 , cccrAddr : 186 , cccrVal : 53013c
139 [140161201465024] INFO perfrun.perfcollector <> - DRY_RUN : "reg_type       = 1	event_id       = 5	reg_id         = 187	reg_value      = 53023c"
139 [140161201465024] INFO perfrun.perfcollector <> - eventId : 5 , cccrAddr : 187 , cccrVal : 53023c
139 [140161201465024] INFO perfrun.perfcollector <> - DRY_RUN : "reg_type       = 1	event_id       = 3	reg_id         = 188	reg_value      = c530ca3"
139 [140161201465024] INFO perfrun.perfcollector <> - eventId : 3 , cccrAddr : 188 , cccrVal : c530ca3
139 [140161201465024] INFO perfrun.perfcollector <> - DRY_RUN : "reg_type       = 1	event_id       = 6	reg_id         = 189	reg_value      = 45304a3"
139 [140161201465024] INFO perfrun.perfcollector <> - eventId : 6 , cccrAddr : 189 , cccrVal : 45304a3
139 [140161201465024] INFO perfrun.perfcollector <> - DRY_RUN : "ESCR"
139 [140161201465024] INFO perfrun.perfcollector <> - DRY_RUN : "reg_type       = 2	event_id       = g	reg_id         = 1c8	reg_value      = 0"
139 [140161201465024] INFO perfrun.perfcollector <> - eventId : g , ignored
139 [140161201465024] INFO perfrun.perfcollector <> - DRY_RUN : "DATA"
139 [140161201465024] INFO perfrun.perfcollector <> - DRY_RUN : "reg_type       = 4	event_id       = 2	reg_id         = 309	reg_value      = ffffff508620"
139 [140161201465024] INFO perfrun.perfcollector <> - eventId : 2 , dataAddr : 309 , dataVal : ffffff508620
139 [140161201465024] INFO perfrun.perfcollector <> - DRY_RUN : "reg_type       = 4	event_id       = 0	reg_id         = 30a	reg_value      = ffffff508620"
139 [140161201465024] INFO perfrun.perfcollector <> - eventId : 0 , dataAddr : 30a , dataVal : ffffff508620
139 [140161201465024] INFO perfrun.perfcollector <> - DRY_RUN : "reg_type       = 4	event_id       = 1	reg_id         = 30b	reg_value      = ffffff508620"
139 [140161201465024] INFO perfrun.perfcollector <> - eventId : 1 , dataAddr : 30b , dataVal : ffffff508620
139 [140161201465024] INFO perfrun.perfcollector <> - DRY_RUN : "reg_type       = 4	event_id       = 4	reg_id         = c1	reg_value      = fffffff85ed1"
139 [140161201465024] INFO perfrun.perfcollector <> - eventId : 4 , dataAddr : c1 , dataVal : fffffff85ed1
139 [140161201465024] INFO perfrun.perfcollector <> - DRY_RUN : "reg_type       = 4	event_id       = 5	reg_id         = c2	reg_value      = fffffff85ed1"
139 [140161201465024] INFO perfrun.perfcollector <> - eventId : 5 , dataAddr : c2 , dataVal : fffffff85ed1
139 [140161201465024] INFO perfrun.perfcollector <> - DRY_RUN : "reg_type       = 4	event_id       = 3	reg_id         = c3	reg_value      = ffffff676971"
139 [140161201465024] INFO perfrun.perfcollector <> - eventId : 3 , dataAddr : c3 , dataVal : ffffff676971
139 [140161201465024] INFO perfrun.perfcollector <> - DRY_RUN : "reg_type       = 4	event_id       = 6	reg_id         = c4	reg_value      = ffffff676971"
139 [140161201465024] INFO perfrun.perfcollector <> - eventId : 6 , dataAddr : c4 , dataVal : ffffff676971
139 [140161201465024] INFO perfrun.perfcollector <> - DRY_RUN : "Group 1:"
139 [140161201465024] INFO perfrun.perfcollector <> - id : 1
139 [140161201465024] INFO perfrun.perfcollector <> - DRY_RUN : "INST_RETIRED.ANY: event id 2"
139 [140161201465024] INFO perfrun.perfcollector <> - eventName : INST_RETIRED.ANY , eventId : 2
139 [140161201465024] INFO perfrun.perfcollector <> - DRY_RUN : "CPU_CLK_UNHALTED.THREAD: event id 0"
139 [140161201465024] INFO perfrun.perfcollector <> - eventName : CPU_CLK_UNHALTED.THREAD , eventId : 0
139 [140161201465024] INFO perfrun.perfcollector <> - DRY_RUN : "CPU_CLK_UNHALTED.REF_TSC: event id 1"
139 [140161201465024] INFO perfrun.perfcollector <> - eventName : CPU_CLK_UNHALTED.REF_TSC , eventId : 1
139 [140161201465024] INFO perfrun.perfcollector <> - DRY_RUN : "CYCLE_ACTIVITY.STALLS_LDM_PENDING: event id 7"
139 [140161201465024] INFO perfrun.perfcollector <> - eventName : CYCLE_ACTIVITY.STALLS_LDM_PENDING , eventId : 7
139 [140161201465024] INFO perfrun.perfcollector <> - DRY_RUN : "CYCLE_ACTIVITY.STALLS_L2_PENDING: event id 8"
139 [140161201465024] INFO perfrun.perfcollector <> - eventName : CYCLE_ACTIVITY.STALLS_L2_PENDING , eventId : 8
139 [140161201465024] INFO perfrun.perfcollector <> - DRY_RUN : "IDQ_UOPS_NOT_DELIVERED.CORE: event id 9"
139 [140161201465024] INFO perfrun.perfcollector <> - eventName : IDQ_UOPS_NOT_DELIVERED.CORE , eventId : 9
139 [140161201465024] INFO perfrun.perfcollector <> - DRY_RUN : "INT_MISC.RECOVERY_CYCLES: event id 10"
139 [140161201465024] INFO perfrun.perfcollector <> - eventName : INT_MISC.RECOVERY_CYCLES , eventId : 10
139 [140161201465024] INFO perfrun.perfcollector <> - DRY_RUN : "CCCR"
139 [140161201465024] INFO perfrun.perfcollector <> - DRY_RUN : "reg_type       = 1	event_id       = g	reg_id         = 38f	reg_value      = 70000000f"
140 [140161201465024] INFO perfrun.perfcollector <> - eventId : g , ignored
140 [140161201465024] INFO perfrun.perfcollector <> - DRY_RUN : "reg_type       = 1	event_id       = g	reg_id         = 390	reg_value      = 70000000f"
140 [140161201465024] INFO perfrun.perfcollector <> - eventId : g , ignored
140 [140161201465024] INFO perfrun.perfcollector <> - DRY_RUN : "reg_type       = 1	event_id       = g	reg_id         = 3f1	reg_value      = 0"
140 [140161201465024] INFO perfrun.perfcollector <> - eventId : g , ignored
140 [140161201465024] INFO perfrun.perfcollector <> - DRY_RUN : "reg_type       = 1	event_id       = g	reg_id         = 1d9	reg_value      = 1800"
140 [140161201465024] INFO perfrun.perfcollector <> - eventId : g , ignored
140 [140161201465024] INFO perfrun.perfcollector <> - DRY_RUN : "reg_type       = 1	event_id       = g	reg_id         = 38d	reg_value      = bbb"
140 [140161201465024] INFO perfrun.perfcollector <> - eventId : g , ignored
140 [140161201465024] INFO perfrun.perfcollector <> - DRY_RUN : "reg_type       = 1	event_id       = 7	reg_id         = 186	reg_value      = 65306a3"
140 [140161201465024] INFO perfrun.perfcollector <> - eventId : 7 , cccrAddr : 186 , cccrVal : 65306a3
140 [140161201465024] INFO perfrun.perfcollector <> - DRY_RUN : "reg_type       = 1	event_id       = 8	reg_id         = 187	reg_value      = 55305a3"
140 [140161201465024] INFO perfrun.perfcollector <> - eventId : 8 , cccrAddr : 187 , cccrVal : 55305a3
140 [140161201465024] INFO perfrun.perfcollector <> - DRY_RUN : "reg_type       = 1	event_id       = 9	reg_id         = 188	reg_value      = 53019c"
140 [140161201465024] INFO perfrun.perfcollector <> - eventId : 9 , cccrAddr : 188 , cccrVal : 53019c
140 [140161201465024] INFO perfrun.perfcollector <> - DRY_RUN : "reg_type       = 1	event_id       = 10	reg_id         = 189	reg_value      = 153030d"
140 [140161201465024] INFO perfrun.perfcollector <> - eventId : 10 , cccrAddr : 189 , cccrVal : 153030d
140 [140161201465024] INFO perfrun.perfcollector <> - DRY_RUN : "ESCR"
140 [140161201465024] INFO perfrun.perfcollector <> - DRY_RUN : "reg_type       = 2	event_id       = g	reg_id         = 1c8	reg_value      = 0"
140 [140161201465024] INFO perfrun.perfcollector <> - eventId : g , ignored
140 [140161201465024] INFO perfrun.perfcollector <> - DRY_RUN : "DATA"
140 [140161201465024] INFO perfrun.perfcollector <> - DRY_RUN : "reg_type       = 4	event_id       = 2	reg_id         = 309	reg_value      = ffffff508620"
140 [140161201465024] INFO perfrun.perfcollector <> - eventId : 2 , dataAddr : 309 , dataVal : ffffff508620
140 [140161201465024] INFO perfrun.perfcollector <> - DRY_RUN : "reg_type       = 4	event_id       = 0	reg_id         = 30a	reg_value      = ffffff508620"
140 [140161201465024] INFO perfrun.perfcollector <> - eventId : 0 , dataAddr : 30a , dataVal : ffffff508620
140 [140161201465024] INFO perfrun.perfcollector <> - DRY_RUN : "reg_type       = 4	event_id       = 1	reg_id         = 30b	reg_value      = ffffff508620"
140 [140161201465024] INFO perfrun.perfcollector <> - eventId : 1 , dataAddr : 30b , dataVal : ffffff508620
140 [140161201465024] INFO perfrun.perfcollector <> - DRY_RUN : "reg_type       = 4	event_id       = 7	reg_id         = c1	reg_value      = ffffff676971"
140 [140161201465024] INFO perfrun.perfcollector <> - eventId : 7 , dataAddr : c1 , dataVal : ffffff676971
140 [140161201465024] INFO perfrun.perfcollector <> - DRY_RUN : "reg_type       = 4	event_id       = 8	reg_id         = c2	reg_value      = ffffff676971"
140 [140161201465024] INFO perfrun.perfcollector <> - eventId : 8 , dataAddr : c2 , dataVal : ffffff676971
140 [140161201465024] INFO perfrun.perfcollector <> - DRY_RUN : "reg_type       = 4	event_id       = 9	reg_id         = c3	reg_value      = ffffff676971"
140 [140161201465024] INFO perfrun.perfcollector <> - eventId : 9 , dataAddr : c3 , dataVal : ffffff676971
140 [140161201465024] INFO perfrun.perfcollector <> - DRY_RUN : "reg_type       = 4	event_id       = 10	reg_id         = c4	reg_value      = ffffff676971"
140 [140161201465024] INFO perfrun.perfcollector <> - eventId : 10 , dataAddr : c4 , dataVal : ffffff676971
140 [140161201465024] INFO perfrun.perfcollector <> - DRY_RUN : "Group 2:"
140 [140161201465024] INFO perfrun.perfcollector <> - id : 2
140 [140161201465024] INFO perfrun.perfcollector <> - DRY_RUN : "INST_RETIRED.ANY: event id 2"
140 [140161201465024] INFO perfrun.perfcollector <> - eventName : INST_RETIRED.ANY , eventId : 2
140 [140161201465024] INFO perfrun.perfcollector <> - DRY_RUN : "CPU_CLK_UNHALTED.THREAD: event id 0"
140 [140161201465024] INFO perfrun.perfcollector <> - eventName : CPU_CLK_UNHALTED.THREAD , eventId : 0
140 [140161201465024] INFO perfrun.perfcollector <> - DRY_RUN : "CPU_CLK_UNHALTED.REF_TSC: event id 1"
140 [140161201465024] INFO perfrun.perfcollector <> - eventName : CPU_CLK_UNHALTED.REF_TSC , eventId : 1
140 [140161201465024] INFO perfrun.perfcollector <> - DRY_RUN : "MEM_LOAD_UOPS_RETIRED.L3_HIT_PS: event id 11"
140 [140161201465024] INFO perfrun.perfcollector <> - eventName : MEM_LOAD_UOPS_RETIRED.L3_HIT_PS , eventId : 11
140 [140161201465024] INFO perfrun.perfcollector <> - DRY_RUN : "MEM_LOAD_UOPS_RETIRED.L3_MISS_PS: event id 12"
140 [140161201465024] INFO perfrun.perfcollector <> - eventName : MEM_LOAD_UOPS_RETIRED.L3_MISS_PS , eventId : 12
140 [140161201465024] INFO perfrun.perfcollector <> - DRY_RUN : "OFFCORE_REQUESTS_OUTSTANDING.CYCLES_WITH_DATA_RD: event id 13"
140 [140161201465024] INFO perfrun.perfcollector <> - eventName : OFFCORE_REQUESTS_OUTSTANDING.CYCLES_WITH_DATA_RD , eventId : 13
140 [140161201465024] INFO perfrun.perfcollector <> - DRY_RUN : "OFFCORE_REQUESTS_OUTSTANDING.ALL_DATA_RD:cmask=6: event id 14"
140 [140161201465024] INFO perfrun.perfcollector <> - eventName : OFFCORE_REQUESTS_OUTSTANDING.ALL_DATA_RD:cmask=6 , eventId : 14
140 [140161201465024] INFO perfrun.perfcollector <> - DRY_RUN : "CCCR"
140 [140161201465024] INFO perfrun.perfcollector <> - DRY_RUN : "reg_type       = 1	event_id       = g	reg_id         = 38f	reg_value      = 70000000f"
140 [140161201465024] INFO perfrun.perfcollector <> - eventId : g , ignored
140 [140161201465024] INFO perfrun.perfcollector <> - DRY_RUN : "reg_type       = 1	event_id       = g	reg_id         = 390	reg_value      = 70000000f"
140 [140161201465024] INFO perfrun.perfcollector <> - eventId : g , ignored
140 [140161201465024] INFO perfrun.perfcollector <> - DRY_RUN : "reg_type       = 1	event_id       = g	reg_id         = 3f1	reg_value      = 300000003"
140 [140161201465024] INFO perfrun.perfcollector <> - eventId : g , ignored
140 [140161201465024] INFO perfrun.perfcollector <> - DRY_RUN : "reg_type       = 1	event_id       = g	reg_id         = 1d9	reg_value      = 1800"
140 [140161201465024] INFO perfrun.perfcollector <> - eventId : g , ignored
140 [140161201465024] INFO perfrun.perfcollector <> - DRY_RUN : "reg_type       = 1	event_id       = g	reg_id         = 38d	reg_value      = bbb"
140 [140161201465024] INFO perfrun.perfcollector <> - eventId : g , ignored
140 [140161201465024] INFO perfrun.perfcollector <> - DRY_RUN : "reg_type       = 1	event_id       = 11	reg_id         = 186	reg_value      = 4304d1"
140 [140161201465024] INFO perfrun.perfcollector <> - eventId : 11 , cccrAddr : 186 , cccrVal : 4304d1
140 [140161201465024] INFO perfrun.perfcollector <> - DRY_RUN : "reg_type       = 1	event_id       = 12	reg_id         = 187	reg_value      = 4320d1"
140 [140161201465024] INFO perfrun.perfcollector <> - eventId : 12 , cccrAddr : 187 , cccrVal : 4320d1
140 [140161201465024] INFO perfrun.perfcollector <> - DRY_RUN : "reg_type       = 1	event_id       = 13	reg_id         = 188	reg_value      = 1530860"
140 [140161201465024] INFO perfrun.perfcollector <> - eventId : 13 , cccrAddr : 188 , cccrVal : 1530860
140 [140161201465024] INFO perfrun.perfcollector <> - DRY_RUN : "reg_type       = 1	event_id       = 14	reg_id         = 189	reg_value      = 6530860"
140 [140161201465024] INFO perfrun.perfcollector <> - eventId : 14 , cccrAddr : 189 , cccrVal : 6530860
140 [140161201465024] INFO perfrun.perfcollector <> - DRY_RUN : "ESCR"
140 [140161201465024] INFO perfrun.perfcollector <> - DRY_RUN : "reg_type       = 2	event_id       = g	reg_id         = 1c8	reg_value      = 0"
140 [140161201465024] INFO perfrun.perfcollector <> - eventId : g , ignored
140 [140161201465024] INFO perfrun.perfcollector <> - DRY_RUN : "DATA"
140 [140161201465024] INFO perfrun.perfcollector <> - DRY_RUN : "reg_type       = 4	event_id       = 2	reg_id         = 309	reg_value      = ffffff508620"
140 [140161201465024] INFO perfrun.perfcollector <> - eventId : 2 , dataAddr : 309 , dataVal : ffffff508620
140 [140161201465024] INFO perfrun.perfcollector <> - DRY_RUN : "reg_type       = 4	event_id       = 0	reg_id         = 30a	reg_value      = ffffff508620"
140 [140161201465024] INFO perfrun.perfcollector <> - eventId : 0 , dataAddr : 30a , dataVal : ffffff508620
140 [140161201465024] INFO perfrun.perfcollector <> - DRY_RUN : "reg_type       = 4	event_id       = 1	reg_id         = 30b	reg_value      = ffffff508620"
140 [140161201465024] INFO perfrun.perfcollector <> - eventId : 1 , dataAddr : 30b , dataVal : ffffff508620
140 [140161201465024] INFO perfrun.perfcollector <> - DRY_RUN : "reg_type       = 4	event_id       = 11	reg_id         = c1	reg_value      = fffffffc2f61"
140 [140161201465024] INFO perfrun.perfcollector <> - eventId : 11 , dataAddr : c1 , dataVal : fffffffc2f61
140 [140161201465024] INFO perfrun.perfcollector <> - DRY_RUN : "reg_type       = 4	event_id       = 12	reg_id         = c2	reg_value      = fffffffc2f61"
140 [140161201465024] INFO perfrun.perfcollector <> - eventId : 12 , dataAddr : c2 , dataVal : fffffffc2f61
140 [140161201465024] INFO perfrun.perfcollector <> - DRY_RUN : "reg_type       = 4	event_id       = 13	reg_id         = c3	reg_value      = ffffff676971"
140 [140161201465024] INFO perfrun.perfcollector <> - eventId : 13 , dataAddr : c3 , dataVal : ffffff676971
140 [140161201465024] INFO perfrun.perfcollector <> - DRY_RUN : "reg_type       = 4	event_id       = 14	reg_id         = c4	reg_value      = ffffff676971"
140 [140161201465024] INFO perfrun.perfcollector <> - eventId : 14 , dataAddr : c4 , dataVal : ffffff676971
140 [140161201465024] INFO perfrun.perfcollector <> - DRY_RUN : "Group 3:"
140 [140161201465024] INFO perfrun.perfcollector <> - id : 3
140 [140161201465024] INFO perfrun.perfcollector <> - DRY_RUN : "INST_RETIRED.ANY: event id 2"
140 [140161201465024] INFO perfrun.perfcollector <> - eventName : INST_RETIRED.ANY , eventId : 2
140 [140161201465024] INFO perfrun.perfcollector <> - DRY_RUN : "CPU_CLK_UNHALTED.THREAD: event id 0"
140 [140161201465024] INFO perfrun.perfcollector <> - eventName : CPU_CLK_UNHALTED.THREAD , eventId : 0
140 [140161201465024] INFO perfrun.perfcollector <> - DRY_RUN : "CPU_CLK_UNHALTED.REF_TSC: event id 1"
140 [140161201465024] INFO perfrun.perfcollector <> - eventName : CPU_CLK_UNHALTED.REF_TSC , eventId : 1
140 [140161201465024] INFO perfrun.perfcollector <> - DRY_RUN : "RESOURCE_STALLS.SB: event id 15"
140 [140161201465024] INFO perfrun.perfcollector <> - eventName : RESOURCE_STALLS.SB , eventId : 15
140 [140161201465024] INFO perfrun.perfcollector <> - DRY_RUN : "RS_EVENTS.EMPTY_CYCLES: event id 16"
140 [140161201465024] INFO perfrun.perfcollector <> - eventName : RS_EVENTS.EMPTY_CYCLES , eventId : 16
140 [140161201465024] INFO perfrun.perfcollector <> - DRY_RUN : "UOPS_EXECUTED.CORE:cmask=1: event id 17"
140 [140161201465024] INFO perfrun.perfcollector <> - eventName : UOPS_EXECUTED.CORE:cmask=1 , eventId : 17
140 [140161201465024] INFO perfrun.perfcollector <> - DRY_RUN : "UOPS_EXECUTED.CORE:cmask=2: event id 18"
140 [140161201465024] INFO perfrun.perfcollector <> - eventName : UOPS_EXECUTED.CORE:cmask=2 , eventId : 18
140 [140161201465024] INFO perfrun.perfcollector <> - DRY_RUN : "CCCR"
140 [140161201465024] INFO perfrun.perfcollector <> - DRY_RUN : "reg_type       = 1	event_id       = g	reg_id         = 38f	reg_value      = 70000000f"
140 [140161201465024] INFO perfrun.perfcollector <> - eventId : g , ignored
140 [140161201465024] INFO perfrun.perfcollector <> - DRY_RUN : "reg_type       = 1	event_id       = g	reg_id         = 390	reg_value      = 70000000f"
140 [140161201465024] INFO perfrun.perfcollector <> - eventId : g , ignored
140 [140161201465024] INFO perfrun.perfcollector <> - DRY_RUN : "reg_type       = 1	event_id       = g	reg_id         = 3f1	reg_value      = 0"
140 [140161201465024] INFO perfrun.perfcollector <> - eventId : g , ignored
140 [140161201465024] INFO perfrun.perfcollector <> - DRY_RUN : "reg_type       = 1	event_id       = g	reg_id         = 1d9	reg_value      = 1800"
140 [140161201465024] INFO perfrun.perfcollector <> - eventId : g , ignored
140 [140161201465024] INFO perfrun.perfcollector <> - DRY_RUN : "reg_type       = 1	event_id       = g	reg_id         = 38d	reg_value      = bbb"
140 [140161201465024] INFO perfrun.perfcollector <> - eventId : g , ignored
140 [140161201465024] INFO perfrun.perfcollector <> - DRY_RUN : "reg_type       = 1	event_id       = 15	reg_id         = 186	reg_value      = 5308a2"
140 [140161201465024] INFO perfrun.perfcollector <> - eventId : 15 , cccrAddr : 186 , cccrVal : 5308a2
140 [140161201465024] INFO perfrun.perfcollector <> - DRY_RUN : "reg_type       = 1	event_id       = 16	reg_id         = 187	reg_value      = 53015e"
140 [140161201465024] INFO perfrun.perfcollector <> - eventId : 16 , cccrAddr : 187 , cccrVal : 53015e
140 [140161201465024] INFO perfrun.perfcollector <> - DRY_RUN : "reg_type       = 1	event_id       = 17	reg_id         = 188	reg_value      = 15302b1"
140 [140161201465024] INFO perfrun.perfcollector <> - eventId : 17 , cccrAddr : 188 , cccrVal : 15302b1
140 [140161201465024] INFO perfrun.perfcollector <> - DRY_RUN : "reg_type       = 1	event_id       = 18	reg_id         = 189	reg_value      = 25302b1"
140 [140161201465024] INFO perfrun.perfcollector <> - eventId : 18 , cccrAddr : 189 , cccrVal : 25302b1
140 [140161201465024] INFO perfrun.perfcollector <> - DRY_RUN : "ESCR"
140 [140161201465024] INFO perfrun.perfcollector <> - DRY_RUN : "reg_type       = 2	event_id       = g	reg_id         = 1c8	reg_value      = 0"
140 [140161201465024] INFO perfrun.perfcollector <> - eventId : g , ignored
140 [140161201465024] INFO perfrun.perfcollector <> - DRY_RUN : "DATA"
140 [140161201465024] INFO perfrun.perfcollector <> - DRY_RUN : "reg_type       = 4	event_id       = 2	reg_id         = 309	reg_value      = ffffff508620"
140 [140161201465024] INFO perfrun.perfcollector <> - eventId : 2 , dataAddr : 309 , dataVal : ffffff508620
140 [140161201465024] INFO perfrun.perfcollector <> - DRY_RUN : "reg_type       = 4	event_id       = 0	reg_id         = 30a	reg_value      = ffffff508620"
140 [140161201465024] INFO perfrun.perfcollector <> - eventId : 0 , dataAddr : 30a , dataVal : ffffff508620
140 [140161201465024] INFO perfrun.perfcollector <> - DRY_RUN : "reg_type       = 4	event_id       = 1	reg_id         = 30b	reg_value      = ffffff508620"
140 [140161201465024] INFO perfrun.perfcollector <> - eventId : 1 , dataAddr : 30b , dataVal : ffffff508620
140 [140161201465024] INFO perfrun.perfcollector <> - DRY_RUN : "reg_type       = 4	event_id       = 15	reg_id         = c1	reg_value      = ffffff676971"
140 [140161201465024] INFO perfrun.perfcollector <> - eventId : 15 , dataAddr : c1 , dataVal : ffffff676971
140 [140161201465024] INFO perfrun.perfcollector <> - DRY_RUN : "reg_type       = 4	event_id       = 16	reg_id         = c2	reg_value      = ffffff676971"
140 [140161201465024] INFO perfrun.perfcollector <> - eventId : 16 , dataAddr : c2 , dataVal : ffffff676971
140 [140161201465024] INFO perfrun.perfcollector <> - DRY_RUN : "reg_type       = 4	event_id       = 17	reg_id         = c3	reg_value      = ffffff676971"
140 [140161201465024] INFO perfrun.perfcollector <> - eventId : 17 , dataAddr : c3 , dataVal : ffffff676971
140 [140161201465024] INFO perfrun.perfcollector <> - DRY_RUN : "reg_type       = 4	event_id       = 18	reg_id         = c4	reg_value      = ffffff676971"
140 [140161201465024] INFO perfrun.perfcollector <> - eventId : 18 , dataAddr : c4 , dataVal : ffffff676971
140 [140161201465024] INFO perfrun.perfcollector <> - DRY_RUN : "Group 4:"
140 [140161201465024] INFO perfrun.perfcollector <> - id : 4
140 [140161201465024] INFO perfrun.perfcollector <> - DRY_RUN : "INST_RETIRED.ANY: event id 2"
140 [140161201465024] INFO perfrun.perfcollector <> - eventName : INST_RETIRED.ANY , eventId : 2
140 [140161201465024] INFO perfrun.perfcollector <> - DRY_RUN : "CPU_CLK_UNHALTED.THREAD: event id 0"
140 [140161201465024] INFO perfrun.perfcollector <> - eventName : CPU_CLK_UNHALTED.THREAD , eventId : 0
140 [140161201465024] INFO perfrun.perfcollector <> - DRY_RUN : "CPU_CLK_UNHALTED.REF_TSC: event id 1"
140 [140161201465024] INFO perfrun.perfcollector <> - eventName : CPU_CLK_UNHALTED.REF_TSC , eventId : 1
140 [140161201465024] INFO perfrun.perfcollector <> - DRY_RUN : "UOPS_EXECUTED.CORE:cmask=3: event id 19"
140 [140161201465024] INFO perfrun.perfcollector <> - eventName : UOPS_EXECUTED.CORE:cmask=3 , eventId : 19
140 [140161201465024] INFO perfrun.perfcollector <> - DRY_RUN : "UOPS_ISSUED.ANY: event id 20"
140 [140161201465024] INFO perfrun.perfcollector <> - eventName : UOPS_ISSUED.ANY , eventId : 20
140 [140161201465024] INFO perfrun.perfcollector <> - DRY_RUN : "UOPS_RETIRED.RETIRE_SLOTS: event id 21"
140 [140161201465024] INFO perfrun.perfcollector <> - eventName : UOPS_RETIRED.RETIRE_SLOTS , eventId : 21
140 [140161201465024] INFO perfrun.perfcollector <> - DRY_RUN : "IDQ_UOPS_NOT_DELIVERED.CYCLES_0_UOPS_DELIV.CORE: event id 22"
140 [140161201465024] INFO perfrun.perfcollector <> - eventName : IDQ_UOPS_NOT_DELIVERED.CYCLES_0_UOPS_DELIV.CORE , eventId : 22
140 [140161201465024] INFO perfrun.perfcollector <> - DRY_RUN : "CCCR"
140 [140161201465024] INFO perfrun.perfcollector <> - DRY_RUN : "reg_type       = 1	event_id       = g	reg_id         = 38f	reg_value      = 70000000f"
140 [140161201465024] INFO perfrun.perfcollector <> - eventId : g , ignored
140 [140161201465024] INFO perfrun.perfcollector <> - DRY_RUN : "reg_type       = 1	event_id       = g	reg_id         = 390	reg_value      = 70000000f"
140 [140161201465024] INFO perfrun.perfcollector <> - eventId : g , ignored
140 [140161201465024] INFO perfrun.perfcollector <> - DRY_RUN : "reg_type       = 1	event_id       = g	reg_id         = 3f1	reg_value      = 0"
140 [140161201465024] INFO perfrun.perfcollector <> - eventId : g , ignored
140 [140161201465024] INFO perfrun.perfcollector <> - DRY_RUN : "reg_type       = 1	event_id       = g	reg_id         = 1d9	reg_value      = 1800"
140 [140161201465024] INFO perfrun.perfcollector <> - eventId : g , ignored
140 [140161201465024] INFO perfrun.perfcollector <> - DRY_RUN : "reg_type       = 1	event_id       = g	reg_id         = 38d	reg_value      = bbb"
140 [140161201465024] INFO perfrun.perfcollector <> - eventId : g , ignored
140 [140161201465024] INFO perfrun.perfcollector <> - DRY_RUN : "reg_type       = 1	event_id       = 19	reg_id         = 186	reg_value      = 35302b1"
140 [140161201465024] INFO perfrun.perfcollector <> - eventId : 19 , cccrAddr : 186 , cccrVal : 35302b1
140 [140161201465024] INFO perfrun.perfcollector <> - DRY_RUN : "reg_type       = 1	event_id       = 20	reg_id         = 187	reg_value      = 53010e"
140 [140161201465024] INFO perfrun.perfcollector <> - eventId : 20 , cccrAddr : 187 , cccrVal : 53010e
140 [140161201465024] INFO perfrun.perfcollector <> - DRY_RUN : "reg_type       = 1	event_id       = 21	reg_id         = 188	reg_value      = 5302c2"
140 [140161201465024] INFO perfrun.perfcollector <> - eventId : 21 , cccrAddr : 188 , cccrVal : 5302c2
140 [140161201465024] INFO perfrun.perfcollector <> - DRY_RUN : "reg_type       = 1	event_id       = 22	reg_id         = 189	reg_value      = 453019c"
140 [140161201465024] INFO perfrun.perfcollector <> - eventId : 22 , cccrAddr : 189 , cccrVal : 453019c
140 [140161201465024] INFO perfrun.perfcollector <> - DRY_RUN : "ESCR"
140 [140161201465024] INFO perfrun.perfcollector <> - DRY_RUN : "reg_type       = 2	event_id       = g	reg_id         = 1c8	reg_value      = 0"
140 [140161201465024] INFO perfrun.perfcollector <> - eventId : g , ignored
140 [140161201465024] INFO perfrun.perfcollector <> - DRY_RUN : "DATA"
140 [140161201465024] INFO perfrun.perfcollector <> - DRY_RUN : "reg_type       = 4	event_id       = 2	reg_id         = 309	reg_value      = ffffff508620"
140 [140161201465024] INFO perfrun.perfcollector <> - eventId : 2 , dataAddr : 309 , dataVal : ffffff508620
140 [140161201465024] INFO perfrun.perfcollector <> - DRY_RUN : "reg_type       = 4	event_id       = 0	reg_id         = 30a	reg_value      = ffffff508620"
140 [140161201465024] INFO perfrun.perfcollector <> - eventId : 0 , dataAddr : 30a , dataVal : ffffff508620
140 [140161201465024] INFO perfrun.perfcollector <> - DRY_RUN : "reg_type       = 4	event_id       = 1	reg_id         = 30b	reg_value      = ffffff508620"
140 [140161201465024] INFO perfrun.perfcollector <> - eventId : 1 , dataAddr : 30b , dataVal : ffffff508620
140 [140161201465024] INFO perfrun.perfcollector <> - DRY_RUN : "reg_type       = 4	event_id       = 19	reg_id         = c1	reg_value      = ffffff676971"
140 [140161201465024] INFO perfrun.perfcollector <> - eventId : 19 , dataAddr : c1 , dataVal : ffffff676971
140 [140161201465024] INFO perfrun.perfcollector <> - DRY_RUN : "reg_type       = 4	event_id       = 20	reg_id         = c2	reg_value      = ffffff676971"
140 [140161201465024] INFO perfrun.perfcollector <> - eventId : 20 , dataAddr : c2 , dataVal : ffffff676971
140 [140161201465024] INFO perfrun.perfcollector <> - DRY_RUN : "reg_type       = 4	event_id       = 21	reg_id         = c3	reg_value      = ffffff676971"
140 [140161201465024] INFO perfrun.perfcollector <> - eventId : 21 , dataAddr : c3 , dataVal : ffffff676971
140 [140161201465024] INFO perfrun.perfcollector <> - DRY_RUN : "reg_type       = 4	event_id       = 22	reg_id         = c4	reg_value      = ffffff676971"
140 [140161201465024] INFO perfrun.perfcollector <> - eventId : 22 , dataAddr : c4 , dataVal : ffffff676971
140 [140161201465024] INFO perfrun.perfcollector <> - DRY_RUN : "Group 5:"
140 [140161201465024] INFO perfrun.perfcollector <> - id : 5
140 [140161201465024] INFO perfrun.perfcollector <> - DRY_RUN : "INST_RETIRED.ANY: event id 2"
140 [140161201465024] INFO perfrun.perfcollector <> - eventName : INST_RETIRED.ANY , eventId : 2
140 [140161201465024] INFO perfrun.perfcollector <> - DRY_RUN : "CPU_CLK_UNHALTED.THREAD: event id 0"
140 [140161201465024] INFO perfrun.perfcollector <> - eventName : CPU_CLK_UNHALTED.THREAD , eventId : 0
140 [140161201465024] INFO perfrun.perfcollector <> - DRY_RUN : "CPU_CLK_UNHALTED.REF_TSC: event id 1"
140 [140161201465024] INFO perfrun.perfcollector <> - eventName : CPU_CLK_UNHALTED.REF_TSC , eventId : 1
140 [140161201465024] INFO perfrun.perfcollector <> - DRY_RUN : "MEM_UOPS_RETIRED.ALL_LOADS_PS: event id 23"
140 [140161201465024] INFO perfrun.perfcollector <> - eventName : MEM_UOPS_RETIRED.ALL_LOADS_PS , eventId : 23
140 [140161201465024] INFO perfrun.perfcollector <> - DRY_RUN : "MEM_UOPS_RETIRED.ALL_STORES_PS: event id 24"
140 [140161201465024] INFO perfrun.perfcollector <> - eventName : MEM_UOPS_RETIRED.ALL_STORES_PS , eventId : 24
140 [140161201465024] INFO perfrun.perfcollector <> - DRY_RUN : "MEM_LOAD_UOPS_L3_MISS_RETIRED.LOCAL_DRAM_PS: event id 25"
140 [140161201465024] INFO perfrun.perfcollector <> - eventName : MEM_LOAD_UOPS_L3_MISS_RETIRED.LOCAL_DRAM_PS , eventId : 25
140 [140161201465024] INFO perfrun.perfcollector <> - DRY_RUN : "MEM_LOAD_UOPS_L3_MISS_RETIRED.REMOTE_DRAM_PS: event id 26"
140 [140161201465024] INFO perfrun.perfcollector <> - eventName : MEM_LOAD_UOPS_L3_MISS_RETIRED.REMOTE_DRAM_PS , eventId : 26
140 [140161201465024] INFO perfrun.perfcollector <> - DRY_RUN : "CCCR"
140 [140161201465024] INFO perfrun.perfcollector <> - DRY_RUN : "reg_type       = 1	event_id       = g	reg_id         = 38f	reg_value      = 70000000f"
140 [140161201465024] INFO perfrun.perfcollector <> - eventId : g , ignored
140 [140161201465024] INFO perfrun.perfcollector <> - DRY_RUN : "reg_type       = 1	event_id       = g	reg_id         = 390	reg_value      = 70000000f"
140 [140161201465024] INFO perfrun.perfcollector <> - eventId : g , ignored
141 [140161201465024] INFO perfrun.perfcollector <> - DRY_RUN : "reg_type       = 1	event_id       = g	reg_id         = 3f1	reg_value      = f0000000f"
141 [140161201465024] INFO perfrun.perfcollector <> - eventId : g , ignored
141 [140161201465024] INFO perfrun.perfcollector <> - DRY_RUN : "reg_type       = 1	event_id       = g	reg_id         = 1d9	reg_value      = 1800"
141 [140161201465024] INFO perfrun.perfcollector <> - eventId : g , ignored
141 [140161201465024] INFO perfrun.perfcollector <> - DRY_RUN : "reg_type       = 1	event_id       = g	reg_id         = 38d	reg_value      = bbb"
141 [140161201465024] INFO perfrun.perfcollector <> - eventId : g , ignored
141 [140161201465024] INFO perfrun.perfcollector <> - DRY_RUN : "reg_type       = 1	event_id       = 23	reg_id         = 186	reg_value      = 4381d0"
141 [140161201465024] INFO perfrun.perfcollector <> - eventId : 23 , cccrAddr : 186 , cccrVal : 4381d0
141 [140161201465024] INFO perfrun.perfcollector <> - DRY_RUN : "reg_type       = 1	event_id       = 24	reg_id         = 187	reg_value      = 4382d0"
141 [140161201465024] INFO perfrun.perfcollector <> - eventId : 24 , cccrAddr : 187 , cccrVal : 4382d0
141 [140161201465024] INFO perfrun.perfcollector <> - DRY_RUN : "reg_type       = 1	event_id       = 25	reg_id         = 188	reg_value      = 4301d3"
141 [140161201465024] INFO perfrun.perfcollector <> - eventId : 25 , cccrAddr : 188 , cccrVal : 4301d3
141 [140161201465024] INFO perfrun.perfcollector <> - DRY_RUN : "reg_type       = 1	event_id       = 26	reg_id         = 189	reg_value      = 4304d3"
141 [140161201465024] INFO perfrun.perfcollector <> - eventId : 26 , cccrAddr : 189 , cccrVal : 4304d3
141 [140161201465024] INFO perfrun.perfcollector <> - DRY_RUN : "ESCR"
141 [140161201465024] INFO perfrun.perfcollector <> - DRY_RUN : "reg_type       = 2	event_id       = g	reg_id         = 1c8	reg_value      = 0"
141 [140161201465024] INFO perfrun.perfcollector <> - eventId : g , ignored
141 [140161201465024] INFO perfrun.perfcollector <> - DRY_RUN : "DATA"
141 [140161201465024] INFO perfrun.perfcollector <> - DRY_RUN : "reg_type       = 4	event_id       = 2	reg_id         = 309	reg_value      = ffffff508620"
141 [140161201465024] INFO perfrun.perfcollector <> - eventId : 2 , dataAddr : 309 , dataVal : ffffff508620
141 [140161201465024] INFO perfrun.perfcollector <> - DRY_RUN : "reg_type       = 4	event_id       = 0	reg_id         = 30a	reg_value      = ffffff508620"
141 [140161201465024] INFO perfrun.perfcollector <> - eventId : 0 , dataAddr : 30a , dataVal : ffffff508620
141 [140161201465024] INFO perfrun.perfcollector <> - DRY_RUN : "reg_type       = 4	event_id       = 1	reg_id         = 30b	reg_value      = ffffff508620"
141 [140161201465024] INFO perfrun.perfcollector <> - eventId : 1 , dataAddr : 30b , dataVal : ffffff508620
141 [140161201465024] INFO perfrun.perfcollector <> - DRY_RUN : "reg_type       = 4	event_id       = 23	reg_id         = c1	reg_value      = fffffff85ed1"
141 [140161201465024] INFO perfrun.perfcollector <> - eventId : 23 , dataAddr : c1 , dataVal : fffffff85ed1
141 [140161201465024] INFO perfrun.perfcollector <> - DRY_RUN : "reg_type       = 4	event_id       = 24	reg_id         = c2	reg_value      = fffffff85ed1"
141 [140161201465024] INFO perfrun.perfcollector <> - eventId : 24 , dataAddr : c2 , dataVal : fffffff85ed1
141 [140161201465024] INFO perfrun.perfcollector <> - DRY_RUN : "reg_type       = 4	event_id       = 25	reg_id         = c3	reg_value      = fffffff85ed1"
141 [140161201465024] INFO perfrun.perfcollector <> - eventId : 25 , dataAddr : c3 , dataVal : fffffff85ed1
141 [140161201465024] INFO perfrun.perfcollector <> - DRY_RUN : "reg_type       = 4	event_id       = 26	reg_id         = c4	reg_value      = fffffff85ed1"
141 [140161201465024] INFO perfrun.perfcollector <> - eventId : 26 , dataAddr : c4 , dataVal : fffffff85ed1
141 [140161201465024] INFO perfrun.perfcollector <> - DRY_RUN : "Group 6:"
141 [140161201465024] INFO perfrun.perfcollector <> - id : 6
141 [140161201465024] INFO perfrun.perfcollector <> - DRY_RUN : "INST_RETIRED.ANY: event id 2"
141 [140161201465024] INFO perfrun.perfcollector <> - eventName : INST_RETIRED.ANY , eventId : 2
141 [140161201465024] INFO perfrun.perfcollector <> - DRY_RUN : "CPU_CLK_UNHALTED.THREAD: event id 0"
141 [140161201465024] INFO perfrun.perfcollector <> - eventName : CPU_CLK_UNHALTED.THREAD , eventId : 0
141 [140161201465024] INFO perfrun.perfcollector <> - DRY_RUN : "CPU_CLK_UNHALTED.REF_TSC: event id 1"
141 [140161201465024] INFO perfrun.perfcollector <> - eventName : CPU_CLK_UNHALTED.REF_TSC , eventId : 1
141 [140161201465024] INFO perfrun.perfcollector <> - DRY_RUN : "MEM_LOAD_UOPS_L3_MISS_RETIRED.REMOTE_HITM_PS: event id 27"
141 [140161201465024] INFO perfrun.perfcollector <> - eventName : MEM_LOAD_UOPS_L3_MISS_RETIRED.REMOTE_HITM_PS , eventId : 27
141 [140161201465024] INFO perfrun.perfcollector <> - DRY_RUN : "MEM_LOAD_UOPS_L3_MISS_RETIRED.REMOTE_FWD_PS: event id 28"
141 [140161201465024] INFO perfrun.perfcollector <> - eventName : MEM_LOAD_UOPS_L3_MISS_RETIRED.REMOTE_FWD_PS , eventId : 28
141 [140161201465024] INFO perfrun.perfcollector <> - DRY_RUN : "CCCR"
141 [140161201465024] INFO perfrun.perfcollector <> - DRY_RUN : "reg_type       = 1	event_id       = g	reg_id         = 38f	reg_value      = 700000003"
141 [140161201465024] INFO perfrun.perfcollector <> - eventId : g , ignored
141 [140161201465024] INFO perfrun.perfcollector <> - DRY_RUN : "reg_type       = 1	event_id       = g	reg_id         = 390	reg_value      = 700000003"
141 [140161201465024] INFO perfrun.perfcollector <> - eventId : g , ignored
141 [140161201465024] INFO perfrun.perfcollector <> - DRY_RUN : "reg_type       = 1	event_id       = g	reg_id         = 3f1	reg_value      = 300000003"
141 [140161201465024] INFO perfrun.perfcollector <> - eventId : g , ignored
141 [140161201465024] INFO perfrun.perfcollector <> - DRY_RUN : "reg_type       = 1	event_id       = g	reg_id         = 1d9	reg_value      = 1800"
141 [140161201465024] INFO perfrun.perfcollector <> - eventId : g , ignored
141 [140161201465024] INFO perfrun.perfcollector <> - DRY_RUN : "reg_type       = 1	event_id       = g	reg_id         = 38d	reg_value      = bbb"
141 [140161201465024] INFO perfrun.perfcollector <> - eventId : g , ignored
141 [140161201465024] INFO perfrun.perfcollector <> - DRY_RUN : "reg_type       = 1	event_id       = 27	reg_id         = 186	reg_value      = 4310d3"
141 [140161201465024] INFO perfrun.perfcollector <> - eventId : 27 , cccrAddr : 186 , cccrVal : 4310d3
141 [140161201465024] INFO perfrun.perfcollector <> - DRY_RUN : "reg_type       = 1	event_id       = 28	reg_id         = 187	reg_value      = 4320d3"
141 [140161201465024] INFO perfrun.perfcollector <> - eventId : 28 , cccrAddr : 187 , cccrVal : 4320d3
141 [140161201465024] INFO perfrun.perfcollector <> - DRY_RUN : "ESCR"
141 [140161201465024] INFO perfrun.perfcollector <> - DRY_RUN : "reg_type       = 2	event_id       = g	reg_id         = 1c8	reg_value      = 0"
141 [140161201465024] INFO perfrun.perfcollector <> - eventId : g , ignored
141 [140161201465024] INFO perfrun.perfcollector <> - DRY_RUN : "DATA"
141 [140161201465024] INFO perfrun.perfcollector <> - DRY_RUN : "reg_type       = 4	event_id       = 2	reg_id         = 309	reg_value      = ffffff508620"
141 [140161201465024] INFO perfrun.perfcollector <> - eventId : 2 , dataAddr : 309 , dataVal : ffffff508620
141 [140161201465024] INFO perfrun.perfcollector <> - DRY_RUN : "reg_type       = 4	event_id       = 0	reg_id         = 30a	reg_value      = ffffff508620"
141 [140161201465024] INFO perfrun.perfcollector <> - eventId : 0 , dataAddr : 30a , dataVal : ffffff508620
141 [140161201465024] INFO perfrun.perfcollector <> - DRY_RUN : "reg_type       = 4	event_id       = 1	reg_id         = 30b	reg_value      = ffffff508620"
141 [140161201465024] INFO perfrun.perfcollector <> - eventId : 1 , dataAddr : 30b , dataVal : ffffff508620
141 [140161201465024] INFO perfrun.perfcollector <> - DRY_RUN : "reg_type       = 4	event_id       = 27	reg_id         = c1	reg_value      = fffffff85ed1"
141 [140161201465024] INFO perfrun.perfcollector <> - eventId : 27 , dataAddr : c1 , dataVal : fffffff85ed1
141 [140161201465024] INFO perfrun.perfcollector <> - DRY_RUN : "reg_type       = 4	event_id       = 28	reg_id         = c2	reg_value      = fffffff85ed1"
141 [140161201465024] INFO perfrun.perfcollector <> - eventId : 28 , dataAddr : c2 , dataVal : fffffff85ed1
141 [140161201465024] INFO perfrun.perfcollector <> - DRY_RUN : "PMU type: Uncore (imc)"
148 [140161201465024] INFO perfrun.perfcollector <> - pmu type : uncore_imc
148 [140161201465024] INFO perfrun.perfcollector <> - DRY_RUN : "Number of units: 8"
148 [140161201465024] INFO perfrun.perfcollector <> - id : 8
148 [140161201465024] INFO perfrun.perfcollector <> - DRY_RUN : "Group 0:"
148 [140161201465024] INFO perfrun.perfcollector <> - id : 0
148 [140161201465024] INFO perfrun.perfcollector <> - DRY_RUN : "UNC_M_CAS_COUNT.RD: event id 29"
148 [140161201465024] INFO perfrun.perfcollector <> - eventName : UNC_M_CAS_COUNT.RD , eventId : 29
148 [140161201465024] INFO perfrun.perfcollector <> - DRY_RUN : "UNC_M_CAS_COUNT.WR: event id 30"
148 [140161201465024] INFO perfrun.perfcollector <> - eventName : UNC_M_CAS_COUNT.WR , eventId : 30
148 [140161201465024] INFO perfrun.perfcollector <> - DRY_RUN : "CCCR"
148 [140161201465024] INFO perfrun.perfcollector <> - DRY_RUN : "idx = 0	reg_type       = 1	event_id = 30	reg_id         = 700	reg_value      = 80000000	bar_index      = 0"
148 [140161201465024] INFO perfrun.perfcollector <> - eventId : 30 , cccrAddr : 700 , cccrVal : 80000000
148 [140161201465024] INFO perfrun.perfcollector <> - DRY_RUN : "idx = 2	reg_type       = 5	event_id = 29	reg_id         = d8	reg_value      = 400304	bar_index      = 0"
148 [140161201465024] INFO perfrun.perfcollector <> - eventId : 29 , cccrAddr : d8 , cccrVal : 400304
148 [140161201465024] INFO perfrun.perfcollector <> - DRY_RUN : "idx = 3	reg_type       = 5	event_id = 30	reg_id         = dc	reg_value      = 400c04	bar_index      = 0"
148 [140161201465024] INFO perfrun.perfcollector <> - eventId : 30 , cccrAddr : dc , cccrVal : 400c04
148 [140161201465024] INFO perfrun.perfcollector <> - DRY_RUN : "idx = 6	reg_type       = 2	event_id = g	reg_id         = f4	reg_value      = 0	bar_index      = 0"
148 [140161201465024] INFO perfrun.perfcollector <> - eventId : g , ignored
148 [140161201465024] INFO perfrun.perfcollector <> - DRY_RUN : "idx = 8	reg_type       = 5	event_id = 29	reg_id         = d8	reg_value      = 400304	bar_index      = 0"
148 [140161201465024] INFO perfrun.perfcollector <> - eventId : 29 , cccrAddr : d8 , cccrVal : 400304
148 [140161201465024] INFO perfrun.perfcollector <> - DRY_RUN : "idx = 9	reg_type       = 5	event_id = 30	reg_id         = dc	reg_value      = 400c04	bar_index      = 0"
148 [140161201465024] INFO perfrun.perfcollector <> - eventId : 30 , cccrAddr : dc , cccrVal : 400c04
148 [140161201465024] INFO perfrun.perfcollector <> - DRY_RUN : "idx = 12	reg_type       = 2	event_id = g	reg_id         = f4	reg_value      = 0	bar_index      = 0"
148 [140161201465024] INFO perfrun.perfcollector <> - eventId : g , ignored
148 [140161201465024] INFO perfrun.perfcollector <> - DRY_RUN : "idx = 14	reg_type       = 5	event_id = 29	reg_id         = d8	reg_value      = 400304	bar_index      = 0"
148 [140161201465024] INFO perfrun.perfcollector <> - eventId : 29 , cccrAddr : d8 , cccrVal : 400304
148 [140161201465024] INFO perfrun.perfcollector <> - DRY_RUN : "idx = 15	reg_type       = 5	event_id = 30	reg_id         = dc	reg_value      = 400c04	bar_index      = 0"
148 [140161201465024] INFO perfrun.perfcollector <> - eventId : 30 , cccrAddr : dc , cccrVal : 400c04
148 [140161201465024] INFO perfrun.perfcollector <> - DRY_RUN : "idx = 18	reg_type       = 2	event_id = g	reg_id         = f4	reg_value      = 0	bar_index      = 0"
148 [140161201465024] INFO perfrun.perfcollector <> - eventId : g , ignored
148 [140161201465024] INFO perfrun.perfcollector <> - DRY_RUN : "idx = 20	reg_type       = 5	event_id = 29	reg_id         = d8	reg_value      = 400304	bar_index      = 0"
148 [140161201465024] INFO perfrun.perfcollector <> - eventId : 29 , cccrAddr : d8 , cccrVal : 400304
148 [140161201465024] INFO perfrun.perfcollector <> - DRY_RUN : "idx = 21	reg_type       = 5	event_id = 30	reg_id         = dc	reg_value      = 400c04	bar_index      = 0"
148 [140161201465024] INFO perfrun.perfcollector <> - eventId : 30 , cccrAddr : dc , cccrVal : 400c04
148 [140161201465024] INFO perfrun.perfcollector <> - DRY_RUN : "idx = 24	reg_type       = 2	event_id = g	reg_id         = f4	reg_value      = 0	bar_index      = 0"
148 [140161201465024] INFO perfrun.perfcollector <> - eventId : g , ignored
148 [140161201465024] INFO perfrun.perfcollector <> - DRY_RUN : "idx = 26	reg_type       = 5	event_id = 29	reg_id         = d8	reg_value      = 400304	bar_index      = 0"
148 [140161201465024] INFO perfrun.perfcollector <> - eventId : 29 , cccrAddr : d8 , cccrVal : 400304
148 [140161201465024] INFO perfrun.perfcollector <> - DRY_RUN : "idx = 27	reg_type       = 5	event_id = 30	reg_id         = dc	reg_value      = 400c04	bar_index      = 0"
148 [140161201465024] INFO perfrun.perfcollector <> - eventId : 30 , cccrAddr : dc , cccrVal : 400c04
148 [140161201465024] INFO perfrun.perfcollector <> - DRY_RUN : "idx = 30	reg_type       = 2	event_id = g	reg_id         = f4	reg_value      = 0	bar_index      = 0"
148 [140161201465024] INFO perfrun.perfcollector <> - eventId : g , ignored
148 [140161201465024] INFO perfrun.perfcollector <> - DRY_RUN : "idx = 32	reg_type       = 5	event_id = 29	reg_id         = d8	reg_value      = 400304	bar_index      = 0"
148 [140161201465024] INFO perfrun.perfcollector <> - eventId : 29 , cccrAddr : d8 , cccrVal : 400304
148 [140161201465024] INFO perfrun.perfcollector <> - DRY_RUN : "idx = 33	reg_type       = 5	event_id = 30	reg_id         = dc	reg_value      = 400c04	bar_index      = 0"
148 [140161201465024] INFO perfrun.perfcollector <> - eventId : 30 , cccrAddr : dc , cccrVal : 400c04
148 [140161201465024] INFO perfrun.perfcollector <> - DRY_RUN : "idx = 36	reg_type       = 2	event_id = g	reg_id         = f4	reg_value      = 0	bar_index      = 0"
148 [140161201465024] INFO perfrun.perfcollector <> - eventId : g , ignored
148 [140161201465024] INFO perfrun.perfcollector <> - DRY_RUN : "idx = 38	reg_type       = 5	event_id = 29	reg_id         = d8	reg_value      = 400304	bar_index      = 0"
148 [140161201465024] INFO perfrun.perfcollector <> - eventId : 29 , cccrAddr : d8 , cccrVal : 400304
148 [140161201465024] INFO perfrun.perfcollector <> - DRY_RUN : "idx = 39	reg_type       = 5	event_id = 30	reg_id         = dc	reg_value      = 400c04	bar_index      = 0"
148 [140161201465024] INFO perfrun.perfcollector <> - eventId : 30 , cccrAddr : dc , cccrVal : 400c04
148 [140161201465024] INFO perfrun.perfcollector <> - DRY_RUN : "idx = 42	reg_type       = 2	event_id = g	reg_id         = f4	reg_value      = 0	bar_index      = 0"
148 [140161201465024] INFO perfrun.perfcollector <> - eventId : g , ignored
148 [140161201465024] INFO perfrun.perfcollector <> - DRY_RUN : "idx = 44	reg_type       = 5	event_id = 29	reg_id         = d8	reg_value      = 400304	bar_index      = 0"
148 [140161201465024] INFO perfrun.perfcollector <> - eventId : 29 , cccrAddr : d8 , cccrVal : 400304
148 [140161201465024] INFO perfrun.perfcollector <> - DRY_RUN : "idx = 45	reg_type       = 5	event_id = 30	reg_id         = dc	reg_value      = 400c04	bar_index      = 0"
148 [140161201465024] INFO perfrun.perfcollector <> - eventId : 30 , cccrAddr : dc , cccrVal : 400c04
148 [140161201465024] INFO perfrun.perfcollector <> - DRY_RUN : "idx = 48	reg_type       = 2	event_id = g	reg_id         = f4	reg_value      = 0	bar_index      = 0"
148 [140161201465024] INFO perfrun.perfcollector <> - eventId : g , ignored
148 [140161201465024] INFO perfrun.perfcollector <> - DRY_RUN : "ESCR"
148 [140161201465024] INFO perfrun.perfcollector <> - DRY_RUN : "DATA"
148 [140161201465024] INFO perfrun.perfcollector <> - DRY_RUN : "idx = 50	reg_type       = 4	event_id       = 29	reg_id         = a0	reg_value      = 0	pci reg_id  offset    = 0xa0	pci reg id  data_size = 0	bar_index      = 0"
148 [140161201465024] INFO perfrun.perfcollector <> - eventId : 29 , dataAddr : a0 , dataVal : 0
148 [140161201465024] INFO perfrun.perfcollector <> - DRY_RUN : "idx = 51	reg_type       = 4	event_id       = 30	reg_id         = a8	reg_value      = 0	pci reg_id  offset    = 0xa8	pci reg id  data_size = 0	bar_index      = 0"
148 [140161201465024] INFO perfrun.perfcollector <> - eventId : 30 , dataAddr : a8 , dataVal : 0
148 [140161201465024] INFO perfrun.perfcollector <> - DRY_RUN : "idx = 55	reg_type       = 4	event_id       = 29	reg_id         = a0	reg_value      = 0	pci reg_id  offset    = 0xa0	pci reg id  data_size = 0	bar_index      = 0"
148 [140161201465024] INFO perfrun.perfcollector <> - eventId : 29 , dataAddr : a0 , dataVal : 0
148 [140161201465024] INFO perfrun.perfcollector <> - DRY_RUN : "idx = 56	reg_type       = 4	event_id       = 30	reg_id         = a8	reg_value      = 0	pci reg_id  offset    = 0xa8	pci reg id  data_size = 0	bar_index      = 0"
148 [140161201465024] INFO perfrun.perfcollector <> - eventId : 30 , dataAddr : a8 , dataVal : 0
148 [140161201465024] INFO perfrun.perfcollector <> - DRY_RUN : "idx = 60	reg_type       = 4	event_id       = 29	reg_id         = a0	reg_value      = 0	pci reg_id  offset    = 0xa0	pci reg id  data_size = 0	bar_index      = 0"
148 [140161201465024] INFO perfrun.perfcollector <> - eventId : 29 , dataAddr : a0 , dataVal : 0
148 [140161201465024] INFO perfrun.perfcollector <> - DRY_RUN : "idx = 61	reg_type       = 4	event_id       = 30	reg_id         = a8	reg_value      = 0	pci reg_id  offset    = 0xa8	pci reg id  data_size = 0	bar_index      = 0"
148 [140161201465024] INFO perfrun.perfcollector <> - eventId : 30 , dataAddr : a8 , dataVal : 0
148 [140161201465024] INFO perfrun.perfcollector <> - DRY_RUN : "idx = 65	reg_type       = 4	event_id       = 29	reg_id         = a0	reg_value      = 0	pci reg_id  offset    = 0xa0	pci reg id  data_size = 0	bar_index      = 0"
148 [140161201465024] INFO perfrun.perfcollector <> - eventId : 29 , dataAddr : a0 , dataVal : 0
148 [140161201465024] INFO perfrun.perfcollector <> - DRY_RUN : "idx = 66	reg_type       = 4	event_id       = 30	reg_id         = a8	reg_value      = 0	pci reg_id  offset    = 0xa8	pci reg id  data_size = 0	bar_index      = 0"
148 [140161201465024] INFO perfrun.perfcollector <> - eventId : 30 , dataAddr : a8 , dataVal : 0
148 [140161201465024] INFO perfrun.perfcollector <> - DRY_RUN : "idx = 70	reg_type       = 4	event_id       = 29	reg_id         = a0	reg_value      = 0	pci reg_id  offset    = 0xa0	pci reg id  data_size = 0	bar_index      = 0"
149 [140161201465024] INFO perfrun.perfcollector <> - eventId : 29 , dataAddr : a0 , dataVal : 0
149 [140161201465024] INFO perfrun.perfcollector <> - DRY_RUN : "idx = 71	reg_type       = 4	event_id       = 30	reg_id         = a8	reg_value      = 0	pci reg_id  offset    = 0xa8	pci reg id  data_size = 0	bar_index      = 0"
149 [140161201465024] INFO perfrun.perfcollector <> - eventId : 30 , dataAddr : a8 , dataVal : 0
149 [140161201465024] INFO perfrun.perfcollector <> - DRY_RUN : "idx = 75	reg_type       = 4	event_id       = 29	reg_id         = a0	reg_value      = 0	pci reg_id  offset    = 0xa0	pci reg id  data_size = 0	bar_index      = 0"
149 [140161201465024] INFO perfrun.perfcollector <> - eventId : 29 , dataAddr : a0 , dataVal : 0
149 [140161201465024] INFO perfrun.perfcollector <> - DRY_RUN : "idx = 76	reg_type       = 4	event_id       = 30	reg_id         = a8	reg_value      = 0	pci reg_id  offset    = 0xa8	pci reg id  data_size = 0	bar_index      = 0"
149 [140161201465024] INFO perfrun.perfcollector <> - eventId : 30 , dataAddr : a8 , dataVal : 0
149 [140161201465024] INFO perfrun.perfcollector <> - DRY_RUN : "idx = 80	reg_type       = 4	event_id       = 29	reg_id         = a0	reg_value      = 0	pci reg_id  offset    = 0xa0	pci reg id  data_size = 0	bar_index      = 0"
149 [140161201465024] INFO perfrun.perfcollector <> - eventId : 29 , dataAddr : a0 , dataVal : 0
149 [140161201465024] INFO perfrun.perfcollector <> - DRY_RUN : "idx = 81	reg_type       = 4	event_id       = 30	reg_id         = a8	reg_value      = 0	pci reg_id  offset    = 0xa8	pci reg id  data_size = 0	bar_index      = 0"
149 [140161201465024] INFO perfrun.perfcollector <> - eventId : 30 , dataAddr : a8 , dataVal : 0
149 [140161201465024] INFO perfrun.perfcollector <> - DRY_RUN : "idx = 85	reg_type       = 4	event_id       = 29	reg_id         = a0	reg_value      = 0	pci reg_id  offset    = 0xa0	pci reg id  data_size = 0	bar_index      = 0"
149 [140161201465024] INFO perfrun.perfcollector <> - eventId : 29 , dataAddr : a0 , dataVal : 0
149 [140161201465024] INFO perfrun.perfcollector <> - DRY_RUN : "idx = 86	reg_type       = 4	event_id       = 30	reg_id         = a8	reg_value      = 0	pci reg_id  offset    = 0xa8	pci reg id  data_size = 0	bar_index      = 0"
149 [140161201465024] INFO perfrun.perfcollector <> - eventId : 30 , dataAddr : a8 , dataVal : 0
149 [140161201465024] INFO perfrun.perfcollector <> - pmu config : cpu , m_cccrAddr : ffffffff , m_cccrVal : 0 , m_escrAddr : ffffffff , m_escrVal : 0 , m_dataAddr : 30a , m_dataVal : ffffffffff508620
149 [140161201465024] INFO perfrun.perfcollector <> - config : event : 3c
149 [140161201465024] INFO perfrun.perfcollector <> - config : pc : 0
149 [140161201465024] INFO perfrun.perfcollector <> - config : edge : 0
149 [140161201465024] INFO perfrun.perfcollector <> - config : any : 0
149 [140161201465024] INFO perfrun.perfcollector <> - config1 : offcore_rsp : 0
149 [140161201465024] INFO perfrun.perfcollector <> - config1 : ldlat : 0
149 [140161201465024] INFO perfrun.perfcollector <> - config : inv : 0
149 [140161201465024] INFO perfrun.perfcollector <> - config : umask : 0
149 [140161201465024] INFO perfrun.perfcollector <> - config : cmask : 0
149 [140161201465024] INFO perfrun.perfcollector <> - format : cpu/period=0xaf79e0,event=0x3c,name='CPU_CLK_UNHALTED.THREAD'/D
149 [140161201465024] INFO perfrun.perfcollector <> - pmu config : cpu , m_cccrAddr : ffffffff , m_cccrVal : 0 , m_escrAddr : ffffffff , m_escrVal : 0 , m_dataAddr : 30b , m_dataVal : ffffffffff508620
149 [140161201465024] INFO perfrun.perfcollector <> - config : event : 0
149 [140161201465024] INFO perfrun.perfcollector <> - config : pc : 0
149 [140161201465024] INFO perfrun.perfcollector <> - config : edge : 0
149 [140161201465024] INFO perfrun.perfcollector <> - config : any : 0
149 [140161201465024] INFO perfrun.perfcollector <> - config1 : offcore_rsp : 0
149 [140161201465024] INFO perfrun.perfcollector <> - config1 : ldlat : 0
149 [140161201465024] INFO perfrun.perfcollector <> - config : inv : 0
149 [140161201465024] INFO perfrun.perfcollector <> - config : umask : 3
149 [140161201465024] INFO perfrun.perfcollector <> - config : cmask : 0
149 [140161201465024] INFO perfrun.perfcollector <> - format : cpu/period=0xaf79e0,umask=0x3,name='CPU_CLK_UNHALTED.REF_TSC'/D
149 [140161201465024] INFO perfrun.perfcollector <> - pmu config : cpu , m_cccrAddr : ffffffff , m_cccrVal : 0 , m_escrAddr : ffffffff , m_escrVal : 0 , m_dataAddr : 309 , m_dataVal : ffffffffff508620
149 [140161201465024] INFO perfrun.perfcollector <> - config : event : c0
149 [140161201465024] INFO perfrun.perfcollector <> - config : pc : 0
149 [140161201465024] INFO perfrun.perfcollector <> - config : edge : 0
149 [140161201465024] INFO perfrun.perfcollector <> - config : any : 0
149 [140161201465024] INFO perfrun.perfcollector <> - config1 : offcore_rsp : 0
149 [140161201465024] INFO perfrun.perfcollector <> - config1 : ldlat : 0
149 [140161201465024] INFO perfrun.perfcollector <> - config : inv : 0
149 [140161201465024] INFO perfrun.perfcollector <> - config : umask : 0
149 [140161201465024] INFO perfrun.perfcollector <> - config : cmask : 0
149 [140161201465024] INFO perfrun.perfcollector <> - format : cpu/period=0xaf79e0,event=0xc0,name='INST_RETIRED.ANY'/D
149 [140161201465024] INFO perfrun.perfcollector <> - pmu config : cpu , m_cccrAddr : 188 , m_cccrVal : c530ca3 , m_escrAddr : ffffffff , m_escrVal : 0 , m_dataAddr : c3 , m_dataVal : ffffffffff676971
149 [140161201465024] INFO perfrun.perfcollector <> - config : event : a3
149 [140161201465024] INFO perfrun.perfcollector <> - config : pc : 0
149 [140161201465024] INFO perfrun.perfcollector <> - config : edge : 0
149 [140161201465024] INFO perfrun.perfcollector <> - config : any : 0
149 [140161201465024] INFO perfrun.perfcollector <> - config1 : offcore_rsp : 0
149 [140161201465024] INFO perfrun.perfcollector <> - config1 : ldlat : 0
149 [140161201465024] INFO perfrun.perfcollector <> - config : inv : 0
149 [140161201465024] INFO perfrun.perfcollector <> - config : umask : c
149 [140161201465024] INFO perfrun.perfcollector <> - config : cmask : c
149 [140161201465024] INFO perfrun.perfcollector <> - format : cpu/period=0x98968f,event=0xa3,umask=0xc,cmask=0xc,name='CYCLE_ACTIVITY.STALLS_L1D_PENDING'/
149 [140161201465024] INFO perfrun.perfcollector <> - pmu config : cpu , m_cccrAddr : 186 , m_cccrVal : 53013c , m_escrAddr : ffffffff , m_escrVal : 0 , m_dataAddr : c1 , m_dataVal : fffffffffff85ed1
149 [140161201465024] INFO perfrun.perfcollector <> - config : event : 3c
149 [140161201465024] INFO perfrun.perfcollector <> - config : pc : 0
149 [140161201465024] INFO perfrun.perfcollector <> - config : edge : 0
149 [140161201465024] INFO perfrun.perfcollector <> - config : any : 0
149 [140161201465024] INFO perfrun.perfcollector <> - config1 : offcore_rsp : 0
149 [140161201465024] INFO perfrun.perfcollector <> - config1 : ldlat : 0
149 [140161201465024] INFO perfrun.perfcollector <> - config : inv : 0
149 [140161201465024] INFO perfrun.perfcollector <> - config : umask : 1
149 [140161201465024] INFO perfrun.perfcollector <> - config : cmask : 0
149 [140161201465024] INFO perfrun.perfcollector <> - format : cpu/period=0x7a12f,event=0x3c,umask=0x1,name='CPU_CLK_UNHALTED.REF_XCLK'/
149 [140161201465024] INFO perfrun.perfcollector <> - pmu config : cpu , m_cccrAddr : 187 , m_cccrVal : 53023c , m_escrAddr : ffffffff , m_escrVal : 0 , m_dataAddr : c2 , m_dataVal : fffffffffff85ed1
149 [140161201465024] INFO perfrun.perfcollector <> - config : event : 3c
149 [140161201465024] INFO perfrun.perfcollector <> - config : pc : 0
149 [140161201465024] INFO perfrun.perfcollector <> - config : edge : 0
149 [140161201465024] INFO perfrun.perfcollector <> - config : any : 0
149 [140161201465024] INFO perfrun.perfcollector <> - config1 : offcore_rsp : 0
149 [140161201465024] INFO perfrun.perfcollector <> - config1 : ldlat : 0
149 [140161201465024] INFO perfrun.perfcollector <> - config : inv : 0
149 [140161201465024] INFO perfrun.perfcollector <> - config : umask : 2
149 [140161201465024] INFO perfrun.perfcollector <> - config : cmask : 0
149 [140161201465024] INFO perfrun.perfcollector <> - format : cpu/period=0x7a12f,event=0x3c,umask=0x2,name='CPU_CLK_UNHALTED.ONE_THREAD_ACTIVE'/
149 [140161201465024] INFO perfrun.perfcollector <> - pmu config : cpu , m_cccrAddr : 189 , m_cccrVal : 45304a3 , m_escrAddr : ffffffff , m_escrVal : 0 , m_dataAddr : c4 , m_dataVal : ffffffffff676971
149 [140161201465024] INFO perfrun.perfcollector <> - config : event : a3
149 [140161201465024] INFO perfrun.perfcollector <> - config : pc : 0
149 [140161201465024] INFO perfrun.perfcollector <> - config : edge : 0
149 [140161201465024] INFO perfrun.perfcollector <> - config : any : 0
149 [140161201465024] INFO perfrun.perfcollector <> - config1 : offcore_rsp : 0
149 [140161201465024] INFO perfrun.perfcollector <> - config1 : ldlat : 0
149 [140161201465024] INFO perfrun.perfcollector <> - config : inv : 0
149 [140161201465024] INFO perfrun.perfcollector <> - config : umask : 4
149 [140161201465024] INFO perfrun.perfcollector <> - config : cmask : 4
149 [140161201465024] INFO perfrun.perfcollector <> - format : cpu/period=0x98968f,event=0xa3,umask=0x4,cmask=0x4,name='CYCLE_ACTIVITY.CYCLES_NO_EXECUTE'/
149 [140161201465024] INFO perfrun.perfcollector <> - pmu config : cpu , m_cccrAddr : 186 , m_cccrVal : 65306a3 , m_escrAddr : ffffffff , m_escrVal : 0 , m_dataAddr : c1 , m_dataVal : ffffffffff676971
149 [140161201465024] INFO perfrun.perfcollector <> - config : event : a3
149 [140161201465024] INFO perfrun.perfcollector <> - config : pc : 0
149 [140161201465024] INFO perfrun.perfcollector <> - config : edge : 0
149 [140161201465024] INFO perfrun.perfcollector <> - config : any : 0
149 [140161201465024] INFO perfrun.perfcollector <> - config1 : offcore_rsp : 0
149 [140161201465024] INFO perfrun.perfcollector <> - config1 : ldlat : 0
149 [140161201465024] INFO perfrun.perfcollector <> - config : inv : 0
149 [140161201465024] INFO perfrun.perfcollector <> - config : umask : 6
149 [140161201465024] INFO perfrun.perfcollector <> - config : cmask : 6
149 [140161201465024] INFO perfrun.perfcollector <> - format : cpu/period=0x98968f,event=0xa3,umask=0x6,cmask=0x6,name='CYCLE_ACTIVITY.STALLS_LDM_PENDING'/
149 [140161201465024] INFO perfrun.perfcollector <> - pmu config : cpu , m_cccrAddr : 187 , m_cccrVal : 55305a3 , m_escrAddr : ffffffff , m_escrVal : 0 , m_dataAddr : c2 , m_dataVal : ffffffffff676971
149 [140161201465024] INFO perfrun.perfcollector <> - config : event : a3
149 [140161201465024] INFO perfrun.perfcollector <> - config : pc : 0
149 [140161201465024] INFO perfrun.perfcollector <> - config : edge : 0
149 [140161201465024] INFO perfrun.perfcollector <> - config : any : 0
149 [140161201465024] INFO perfrun.perfcollector <> - config1 : offcore_rsp : 0
149 [140161201465024] INFO perfrun.perfcollector <> - config1 : ldlat : 0
149 [140161201465024] INFO perfrun.perfcollector <> - config : inv : 0
149 [140161201465024] INFO perfrun.perfcollector <> - config : umask : 5
149 [140161201465024] INFO perfrun.perfcollector <> - config : cmask : 5
149 [140161201465024] INFO perfrun.perfcollector <> - format : cpu/period=0x98968f,event=0xa3,umask=0x5,cmask=0x5,name='CYCLE_ACTIVITY.STALLS_L2_PENDING'/
149 [140161201465024] INFO perfrun.perfcollector <> - pmu config : cpu , m_cccrAddr : 188 , m_cccrVal : 53019c , m_escrAddr : ffffffff , m_escrVal : 0 , m_dataAddr : c3 , m_dataVal : ffffffffff676971
149 [140161201465024] INFO perfrun.perfcollector <> - config : event : 9c
149 [140161201465024] INFO perfrun.perfcollector <> - config : pc : 0
149 [140161201465024] INFO perfrun.perfcollector <> - config : edge : 0
149 [140161201465024] INFO perfrun.perfcollector <> - config : any : 0
149 [140161201465024] INFO perfrun.perfcollector <> - config1 : offcore_rsp : 0
149 [140161201465024] INFO perfrun.perfcollector <> - config1 : ldlat : 0
149 [140161201465024] INFO perfrun.perfcollector <> - config : inv : 0
149 [140161201465024] INFO perfrun.perfcollector <> - config : umask : 1
149 [140161201465024] INFO perfrun.perfcollector <> - config : cmask : 0
149 [140161201465024] INFO perfrun.perfcollector <> - format : cpu/period=0x98968f,event=0x9c,umask=0x1,name='IDQ_UOPS_NOT_DELIVERED.CORE'/
149 [140161201465024] INFO perfrun.perfcollector <> - pmu config : cpu , m_cccrAddr : 189 , m_cccrVal : 153030d , m_escrAddr : ffffffff , m_escrVal : 0 , m_dataAddr : c4 , m_dataVal : ffffffffff676971
149 [140161201465024] INFO perfrun.perfcollector <> - config : event : d
149 [140161201465024] INFO perfrun.perfcollector <> - config : pc : 0
149 [140161201465024] INFO perfrun.perfcollector <> - config : edge : 0
149 [140161201465024] INFO perfrun.perfcollector <> - config : any : 0
149 [140161201465024] INFO perfrun.perfcollector <> - config1 : offcore_rsp : 0
149 [140161201465024] INFO perfrun.perfcollector <> - config1 : ldlat : 0
149 [140161201465024] INFO perfrun.perfcollector <> - config : inv : 0
149 [140161201465024] INFO perfrun.perfcollector <> - config : umask : 3
149 [140161201465024] INFO perfrun.perfcollector <> - config : cmask : 1
149 [140161201465024] INFO perfrun.perfcollector <> - format : cpu/period=0x98968f,event=0xd,umask=0x3,cmask=0x1,name='INT_MISC.RECOVERY_CYCLES'/
149 [140161201465024] INFO perfrun.perfcollector <> - pmu config : cpu , m_cccrAddr : 186 , m_cccrVal : 4304d1 , m_escrAddr : ffffffff , m_escrVal : 0 , m_dataAddr : c1 , m_dataVal : fffffffffffc2f61
149 [140161201465024] INFO perfrun.perfcollector <> - config : event : d1
149 [140161201465024] INFO perfrun.perfcollector <> - config : pc : 0
149 [140161201465024] INFO perfrun.perfcollector <> - config : edge : 0
149 [140161201465024] INFO perfrun.perfcollector <> - config : any : 0
149 [140161201465024] INFO perfrun.perfcollector <> - config1 : offcore_rsp : 0
149 [140161201465024] INFO perfrun.perfcollector <> - config1 : ldlat : 0
149 [140161201465024] INFO perfrun.perfcollector <> - config : inv : 0
149 [140161201465024] INFO perfrun.perfcollector <> - config : umask : 4
149 [140161201465024] INFO perfrun.perfcollector <> - config : cmask : 0
149 [140161201465024] WARN perfrun.perfcollector <> - precise event : config : 4d1 , [m_cccrVal & impreciseMask(0x100000)] : 0, at file: vcs/perfrun1/plugins/perfcollector/src/event_manager.cpp:292
149 [140161201465024] INFO perfrun.perfcollector <> - format : cpu/period=0x3d09f,event=0xd1,umask=0x4,name='MEM_LOAD_UOPS_RETIRED.L3_HIT_PS'/
149 [140161201465024] INFO perfrun.perfcollector <> - pmu config : cpu , m_cccrAddr : 187 , m_cccrVal : 4320d1 , m_escrAddr : ffffffff , m_escrVal : 0 , m_dataAddr : c2 , m_dataVal : fffffffffffc2f61
149 [140161201465024] INFO perfrun.perfcollector <> - config : event : d1
149 [140161201465024] INFO perfrun.perfcollector <> - config : pc : 0
149 [140161201465024] INFO perfrun.perfcollector <> - config : edge : 0
149 [140161201465024] INFO perfrun.perfcollector <> - config : any : 0
149 [140161201465024] INFO perfrun.perfcollector <> - config1 : offcore_rsp : 0
149 [140161201465024] INFO perfrun.perfcollector <> - config1 : ldlat : 0
149 [140161201465024] INFO perfrun.perfcollector <> - config : inv : 0
149 [140161201465024] INFO perfrun.perfcollector <> - config : umask : 20
149 [140161201465024] INFO perfrun.perfcollector <> - config : cmask : 0
149 [140161201465024] WARN perfrun.perfcollector <> - precise event : config : 20d1 , [m_cccrVal & impreciseMask(0x100000)] : 0, at file: vcs/perfrun1/plugins/perfcollector/src/event_manager.cpp:292
149 [140161201465024] INFO perfrun.perfcollector <> - format : cpu/period=0x3d09f,event=0xd1,umask=0x20,name='MEM_LOAD_UOPS_RETIRED.L3_MISS_PS'/
149 [140161201465024] INFO perfrun.perfcollector <> - pmu config : cpu , m_cccrAddr : 188 , m_cccrVal : 1530860 , m_escrAddr : ffffffff , m_escrVal : 0 , m_dataAddr : c3 , m_dataVal : ffffffffff676971
149 [140161201465024] INFO perfrun.perfcollector <> - config : event : 60
149 [140161201465024] INFO perfrun.perfcollector <> - config : pc : 0
149 [140161201465024] INFO perfrun.perfcollector <> - config : edge : 0
149 [140161201465024] INFO perfrun.perfcollector <> - config : any : 0
149 [140161201465024] INFO perfrun.perfcollector <> - config1 : offcore_rsp : 0
149 [140161201465024] INFO perfrun.perfcollector <> - config1 : ldlat : 0
149 [140161201465024] INFO perfrun.perfcollector <> - config : inv : 0
149 [140161201465024] INFO perfrun.perfcollector <> - config : umask : 8
149 [140161201465024] INFO perfrun.perfcollector <> - config : cmask : 1
149 [140161201465024] INFO perfrun.perfcollector <> - format : cpu/period=0x98968f,event=0x60,umask=0x8,cmask=0x1,name='OFFCORE_REQUESTS_OUTSTANDING.CYCLES_WITH_DATA_RD'/
149 [140161201465024] INFO perfrun.perfcollector <> - pmu config : cpu , m_cccrAddr : 189 , m_cccrVal : 6530860 , m_escrAddr : ffffffff , m_escrVal : 0 , m_dataAddr : c4 , m_dataVal : ffffffffff676971
149 [140161201465024] INFO perfrun.perfcollector <> - config : event : 60
149 [140161201465024] INFO perfrun.perfcollector <> - config : pc : 0
149 [140161201465024] INFO perfrun.perfcollector <> - config : edge : 0
149 [140161201465024] INFO perfrun.perfcollector <> - config : any : 0
149 [140161201465024] INFO perfrun.perfcollector <> - config1 : offcore_rsp : 0
149 [140161201465024] INFO perfrun.perfcollector <> - config1 : ldlat : 0
149 [140161201465024] INFO perfrun.perfcollector <> - config : inv : 0
149 [140161201465024] INFO perfrun.perfcollector <> - config : umask : 8
149 [140161201465024] INFO perfrun.perfcollector <> - config : cmask : 6
149 [140161201465024] INFO perfrun.perfcollector <> - format : cpu/period=0x98968f,event=0x60,umask=0x8,cmask=0x6,name='OFFCORE_REQUESTS_OUTSTANDING.ALL_DATA_RD:cmask=6'/
149 [140161201465024] INFO perfrun.perfcollector <> - pmu config : cpu , m_cccrAddr : 186 , m_cccrVal : 5308a2 , m_escrAddr : ffffffff , m_escrVal : 0 , m_dataAddr : c1 , m_dataVal : ffffffffff676971
149 [140161201465024] INFO perfrun.perfcollector <> - config : event : a2
149 [140161201465024] INFO perfrun.perfcollector <> - config : pc : 0
149 [140161201465024] INFO perfrun.perfcollector <> - config : edge : 0
149 [140161201465024] INFO perfrun.perfcollector <> - config : any : 0
149 [140161201465024] INFO perfrun.perfcollector <> - config1 : offcore_rsp : 0
149 [140161201465024] INFO perfrun.perfcollector <> - config1 : ldlat : 0
149 [140161201465024] INFO perfrun.perfcollector <> - config : inv : 0
149 [140161201465024] INFO perfrun.perfcollector <> - config : umask : 8
149 [140161201465024] INFO perfrun.perfcollector <> - config : cmask : 0
149 [140161201465024] INFO perfrun.perfcollector <> - format : cpu/period=0x98968f,event=0xa2,umask=0x8,name='RESOURCE_STALLS.SB'/
149 [140161201465024] INFO perfrun.perfcollector <> - pmu config : cpu , m_cccrAddr : 187 , m_cccrVal : 53015e , m_escrAddr : ffffffff , m_escrVal : 0 , m_dataAddr : c2 , m_dataVal : ffffffffff676971
149 [140161201465024] INFO perfrun.perfcollector <> - config : event : 5e
149 [140161201465024] INFO perfrun.perfcollector <> - config : pc : 0
149 [140161201465024] INFO perfrun.perfcollector <> - config : edge : 0
149 [140161201465024] INFO perfrun.perfcollector <> - config : any : 0
149 [140161201465024] INFO perfrun.perfcollector <> - config1 : offcore_rsp : 0
149 [140161201465024] INFO perfrun.perfcollector <> - config1 : ldlat : 0
149 [140161201465024] INFO perfrun.perfcollector <> - config : inv : 0
149 [140161201465024] INFO perfrun.perfcollector <> - config : umask : 1
149 [140161201465024] INFO perfrun.perfcollector <> - config : cmask : 0
149 [140161201465024] INFO perfrun.perfcollector <> - format : cpu/period=0x98968f,event=0x5e,umask=0x1,name='RS_EVENTS.EMPTY_CYCLES'/
149 [140161201465024] INFO perfrun.perfcollector <> - pmu config : cpu , m_cccrAddr : 188 , m_cccrVal : 15302b1 , m_escrAddr : ffffffff , m_escrVal : 0 , m_dataAddr : c3 , m_dataVal : ffffffffff676971
149 [140161201465024] INFO perfrun.perfcollector <> - config : event : b1
149 [140161201465024] INFO perfrun.perfcollector <> - config : pc : 0
149 [140161201465024] INFO perfrun.perfcollector <> - config : edge : 0
149 [140161201465024] INFO perfrun.perfcollector <> - config : any : 0
149 [140161201465024] INFO perfrun.perfcollector <> - config1 : offcore_rsp : 0
149 [140161201465024] INFO perfrun.perfcollector <> - config1 : ldlat : 0
149 [140161201465024] INFO perfrun.perfcollector <> - config : inv : 0
149 [140161201465024] INFO perfrun.perfcollector <> - config : umask : 2
149 [140161201465024] INFO perfrun.perfcollector <> - config : cmask : 1
149 [140161201465024] INFO perfrun.perfcollector <> - format : cpu/period=0x98968f,event=0xb1,umask=0x2,cmask=0x1,name='UOPS_EXECUTED.CORE:cmask=1'/
149 [140161201465024] INFO perfrun.perfcollector <> - pmu config : cpu , m_cccrAddr : 189 , m_cccrVal : 25302b1 , m_escrAddr : ffffffff , m_escrVal : 0 , m_dataAddr : c4 , m_dataVal : ffffffffff676971
149 [140161201465024] INFO perfrun.perfcollector <> - config : event : b1
149 [140161201465024] INFO perfrun.perfcollector <> - config : pc : 0
149 [140161201465024] INFO perfrun.perfcollector <> - config : edge : 0
149 [140161201465024] INFO perfrun.perfcollector <> - config : any : 0
149 [140161201465024] INFO perfrun.perfcollector <> - config1 : offcore_rsp : 0
149 [140161201465024] INFO perfrun.perfcollector <> - config1 : ldlat : 0
149 [140161201465024] INFO perfrun.perfcollector <> - config : inv : 0
149 [140161201465024] INFO perfrun.perfcollector <> - config : umask : 2
149 [140161201465024] INFO perfrun.perfcollector <> - config : cmask : 2
149 [140161201465024] INFO perfrun.perfcollector <> - format : cpu/period=0x98968f,event=0xb1,umask=0x2,cmask=0x2,name='UOPS_EXECUTED.CORE:cmask=2'/
149 [140161201465024] INFO perfrun.perfcollector <> - pmu config : cpu , m_cccrAddr : 186 , m_cccrVal : 35302b1 , m_escrAddr : ffffffff , m_escrVal : 0 , m_dataAddr : c1 , m_dataVal : ffffffffff676971
149 [140161201465024] INFO perfrun.perfcollector <> - config : event : b1
149 [140161201465024] INFO perfrun.perfcollector <> - config : pc : 0
149 [140161201465024] INFO perfrun.perfcollector <> - config : edge : 0
149 [140161201465024] INFO perfrun.perfcollector <> - config : any : 0
149 [140161201465024] INFO perfrun.perfcollector <> - config1 : offcore_rsp : 0
149 [140161201465024] INFO perfrun.perfcollector <> - config1 : ldlat : 0
149 [140161201465024] INFO perfrun.perfcollector <> - config : inv : 0
149 [140161201465024] INFO perfrun.perfcollector <> - config : umask : 2
149 [140161201465024] INFO perfrun.perfcollector <> - config : cmask : 3
150 [140161201465024] INFO perfrun.perfcollector <> - format : cpu/period=0x98968f,event=0xb1,umask=0x2,cmask=0x3,name='UOPS_EXECUTED.CORE:cmask=3'/
150 [140161201465024] INFO perfrun.perfcollector <> - pmu config : cpu , m_cccrAddr : 187 , m_cccrVal : 53010e , m_escrAddr : ffffffff , m_escrVal : 0 , m_dataAddr : c2 , m_dataVal : ffffffffff676971
150 [140161201465024] INFO perfrun.perfcollector <> - config : event : e
150 [140161201465024] INFO perfrun.perfcollector <> - config : pc : 0
150 [140161201465024] INFO perfrun.perfcollector <> - config : edge : 0
150 [140161201465024] INFO perfrun.perfcollector <> - config : any : 0
150 [140161201465024] INFO perfrun.perfcollector <> - config1 : offcore_rsp : 0
150 [140161201465024] INFO perfrun.perfcollector <> - config1 : ldlat : 0
150 [140161201465024] INFO perfrun.perfcollector <> - config : inv : 0
150 [140161201465024] INFO perfrun.perfcollector <> - config : umask : 1
150 [140161201465024] INFO perfrun.perfcollector <> - config : cmask : 0
150 [140161201465024] INFO perfrun.perfcollector <> - format : cpu/period=0x98968f,event=0xe,umask=0x1,name='UOPS_ISSUED.ANY'/
150 [140161201465024] INFO perfrun.perfcollector <> - pmu config : cpu , m_cccrAddr : 188 , m_cccrVal : 5302c2 , m_escrAddr : ffffffff , m_escrVal : 0 , m_dataAddr : c3 , m_dataVal : ffffffffff676971
150 [140161201465024] INFO perfrun.perfcollector <> - config : event : c2
150 [140161201465024] INFO perfrun.perfcollector <> - config : pc : 0
150 [140161201465024] INFO perfrun.perfcollector <> - config : edge : 0
150 [140161201465024] INFO perfrun.perfcollector <> - config : any : 0
150 [140161201465024] INFO perfrun.perfcollector <> - config1 : offcore_rsp : 0
150 [140161201465024] INFO perfrun.perfcollector <> - config1 : ldlat : 0
150 [140161201465024] INFO perfrun.perfcollector <> - config : inv : 0
150 [140161201465024] INFO perfrun.perfcollector <> - config : umask : 2
150 [140161201465024] INFO perfrun.perfcollector <> - config : cmask : 0
150 [140161201465024] INFO perfrun.perfcollector <> - format : cpu/period=0x98968f,event=0xc2,umask=0x2,name='UOPS_RETIRED.RETIRE_SLOTS'/
150 [140161201465024] INFO perfrun.perfcollector <> - pmu config : cpu , m_cccrAddr : 189 , m_cccrVal : 453019c , m_escrAddr : ffffffff , m_escrVal : 0 , m_dataAddr : c4 , m_dataVal : ffffffffff676971
150 [140161201465024] INFO perfrun.perfcollector <> - config : event : 9c
150 [140161201465024] INFO perfrun.perfcollector <> - config : pc : 0
150 [140161201465024] INFO perfrun.perfcollector <> - config : edge : 0
150 [140161201465024] INFO perfrun.perfcollector <> - config : any : 0
150 [140161201465024] INFO perfrun.perfcollector <> - config1 : offcore_rsp : 0
150 [140161201465024] INFO perfrun.perfcollector <> - config1 : ldlat : 0
150 [140161201465024] INFO perfrun.perfcollector <> - config : inv : 0
150 [140161201465024] INFO perfrun.perfcollector <> - config : umask : 1
150 [140161201465024] INFO perfrun.perfcollector <> - config : cmask : 4
150 [140161201465024] INFO perfrun.perfcollector <> - format : cpu/period=0x98968f,event=0x9c,umask=0x1,cmask=0x4,name='IDQ_UOPS_NOT_DELIVERED.CYCLES_0_UOPS_DELIV.CORE'/
150 [140161201465024] INFO perfrun.perfcollector <> - pmu config : cpu , m_cccrAddr : 186 , m_cccrVal : 4381d0 , m_escrAddr : ffffffff , m_escrVal : 0 , m_dataAddr : c1 , m_dataVal : fffffffffff85ed1
150 [140161201465024] INFO perfrun.perfcollector <> - config : event : d0
150 [140161201465024] INFO perfrun.perfcollector <> - config : pc : 0
150 [140161201465024] INFO perfrun.perfcollector <> - config : edge : 0
150 [140161201465024] INFO perfrun.perfcollector <> - config : any : 0
150 [140161201465024] INFO perfrun.perfcollector <> - config1 : offcore_rsp : 0
150 [140161201465024] INFO perfrun.perfcollector <> - config1 : ldlat : 0
150 [140161201465024] INFO perfrun.perfcollector <> - config : inv : 0
150 [140161201465024] INFO perfrun.perfcollector <> - config : umask : 81
150 [140161201465024] INFO perfrun.perfcollector <> - config : cmask : 0
150 [140161201465024] WARN perfrun.perfcollector <> - precise event : config : 81d0 , [m_cccrVal & impreciseMask(0x100000)] : 0, at file: vcs/perfrun1/plugins/perfcollector/src/event_manager.cpp:292
150 [140161201465024] INFO perfrun.perfcollector <> - format : cpu/period=0x7a12f,event=0xd0,umask=0x81,name='MEM_UOPS_RETIRED.ALL_LOADS_PS'/
150 [140161201465024] INFO perfrun.perfcollector <> - pmu config : cpu , m_cccrAddr : 187 , m_cccrVal : 4382d0 , m_escrAddr : ffffffff , m_escrVal : 0 , m_dataAddr : c2 , m_dataVal : fffffffffff85ed1
150 [140161201465024] INFO perfrun.perfcollector <> - config : event : d0
150 [140161201465024] INFO perfrun.perfcollector <> - config : pc : 0
150 [140161201465024] INFO perfrun.perfcollector <> - config : edge : 0
150 [140161201465024] INFO perfrun.perfcollector <> - config : any : 0
150 [140161201465024] INFO perfrun.perfcollector <> - config1 : offcore_rsp : 0
150 [140161201465024] INFO perfrun.perfcollector <> - config1 : ldlat : 0
150 [140161201465024] INFO perfrun.perfcollector <> - config : inv : 0
150 [140161201465024] INFO perfrun.perfcollector <> - config : umask : 82
150 [140161201465024] INFO perfrun.perfcollector <> - config : cmask : 0
150 [140161201465024] WARN perfrun.perfcollector <> - precise event : config : 82d0 , [m_cccrVal & impreciseMask(0x100000)] : 0, at file: vcs/perfrun1/plugins/perfcollector/src/event_manager.cpp:292
150 [140161201465024] INFO perfrun.perfcollector <> - format : cpu/period=0x7a12f,event=0xd0,umask=0x82,name='MEM_UOPS_RETIRED.ALL_STORES_PS'/
150 [140161201465024] INFO perfrun.perfcollector <> - pmu config : cpu , m_cccrAddr : 188 , m_cccrVal : 4301d3 , m_escrAddr : ffffffff , m_escrVal : 0 , m_dataAddr : c3 , m_dataVal : fffffffffff85ed1
150 [140161201465024] INFO perfrun.perfcollector <> - config : event : d3
150 [140161201465024] INFO perfrun.perfcollector <> - config : pc : 0
150 [140161201465024] INFO perfrun.perfcollector <> - config : edge : 0
150 [140161201465024] INFO perfrun.perfcollector <> - config : any : 0
150 [140161201465024] INFO perfrun.perfcollector <> - config1 : offcore_rsp : 0
150 [140161201465024] INFO perfrun.perfcollector <> - config1 : ldlat : 0
150 [140161201465024] INFO perfrun.perfcollector <> - config : inv : 0
150 [140161201465024] INFO perfrun.perfcollector <> - config : umask : 1
150 [140161201465024] INFO perfrun.perfcollector <> - config : cmask : 0
150 [140161201465024] WARN perfrun.perfcollector <> - precise event : config : 1d3 , [m_cccrVal & impreciseMask(0x100000)] : 0, at file: vcs/perfrun1/plugins/perfcollector/src/event_manager.cpp:292
150 [140161201465024] INFO perfrun.perfcollector <> - format : cpu/period=0x7a12f,event=0xd3,umask=0x1,name='MEM_LOAD_UOPS_L3_MISS_RETIRED.LOCAL_DRAM_PS'/
150 [140161201465024] INFO perfrun.perfcollector <> - pmu config : cpu , m_cccrAddr : 189 , m_cccrVal : 4304d3 , m_escrAddr : ffffffff , m_escrVal : 0 , m_dataAddr : c4 , m_dataVal : fffffffffff85ed1
150 [140161201465024] INFO perfrun.perfcollector <> - config : event : d3
150 [140161201465024] INFO perfrun.perfcollector <> - config : pc : 0
150 [140161201465024] INFO perfrun.perfcollector <> - config : edge : 0
150 [140161201465024] INFO perfrun.perfcollector <> - config : any : 0
150 [140161201465024] INFO perfrun.perfcollector <> - config1 : offcore_rsp : 0
150 [140161201465024] INFO perfrun.perfcollector <> - config1 : ldlat : 0
150 [140161201465024] INFO perfrun.perfcollector <> - config : inv : 0
150 [140161201465024] INFO perfrun.perfcollector <> - config : umask : 4
150 [140161201465024] INFO perfrun.perfcollector <> - config : cmask : 0
150 [140161201465024] WARN perfrun.perfcollector <> - precise event : config : 4d3 , [m_cccrVal & impreciseMask(0x100000)] : 0, at file: vcs/perfrun1/plugins/perfcollector/src/event_manager.cpp:292
150 [140161201465024] INFO perfrun.perfcollector <> - format : cpu/period=0x7a12f,event=0xd3,umask=0x4,name='MEM_LOAD_UOPS_L3_MISS_RETIRED.REMOTE_DRAM_PS'/
150 [140161201465024] INFO perfrun.perfcollector <> - pmu config : cpu , m_cccrAddr : 186 , m_cccrVal : 4310d3 , m_escrAddr : ffffffff , m_escrVal : 0 , m_dataAddr : c1 , m_dataVal : fffffffffff85ed1
150 [140161201465024] INFO perfrun.perfcollector <> - config : event : d3
150 [140161201465024] INFO perfrun.perfcollector <> - config : pc : 0
150 [140161201465024] INFO perfrun.perfcollector <> - config : edge : 0
150 [140161201465024] INFO perfrun.perfcollector <> - config : any : 0
150 [140161201465024] INFO perfrun.perfcollector <> - config1 : offcore_rsp : 0
150 [140161201465024] INFO perfrun.perfcollector <> - config1 : ldlat : 0
150 [140161201465024] INFO perfrun.perfcollector <> - config : inv : 0
150 [140161201465024] INFO perfrun.perfcollector <> - config : umask : 10
150 [140161201465024] INFO perfrun.perfcollector <> - config : cmask : 0
150 [140161201465024] WARN perfrun.perfcollector <> - precise event : config : 10d3 , [m_cccrVal & impreciseMask(0x100000)] : 0, at file: vcs/perfrun1/plugins/perfcollector/src/event_manager.cpp:292
150 [140161201465024] INFO perfrun.perfcollector <> - format : cpu/period=0x7a12f,event=0xd3,umask=0x10,name='MEM_LOAD_UOPS_L3_MISS_RETIRED.REMOTE_HITM_PS'/
150 [140161201465024] INFO perfrun.perfcollector <> - pmu config : cpu , m_cccrAddr : 187 , m_cccrVal : 4320d3 , m_escrAddr : ffffffff , m_escrVal : 0 , m_dataAddr : c2 , m_dataVal : fffffffffff85ed1
150 [140161201465024] INFO perfrun.perfcollector <> - config : event : d3
150 [140161201465024] INFO perfrun.perfcollector <> - config : pc : 0
150 [140161201465024] INFO perfrun.perfcollector <> - config : edge : 0
150 [140161201465024] INFO perfrun.perfcollector <> - config : any : 0
150 [140161201465024] INFO perfrun.perfcollector <> - config1 : offcore_rsp : 0
150 [140161201465024] INFO perfrun.perfcollector <> - config1 : ldlat : 0
150 [140161201465024] INFO perfrun.perfcollector <> - config : inv : 0
150 [140161201465024] INFO perfrun.perfcollector <> - config : umask : 20
150 [140161201465024] INFO perfrun.perfcollector <> - config : cmask : 0
150 [140161201465024] WARN perfrun.perfcollector <> - precise event : config : 20d3 , [m_cccrVal & impreciseMask(0x100000)] : 0, at file: vcs/perfrun1/plugins/perfcollector/src/event_manager.cpp:292
150 [140161201465024] INFO perfrun.perfcollector <> - format : cpu/period=0x7a12f,event=0xd3,umask=0x20,name='MEM_LOAD_UOPS_L3_MISS_RETIRED.REMOTE_FWD_PS'/
150 [140161201465024] INFO perfrun.perfcollector <> - pmu config : uncore_imc_0 , m_cccrAddr : d8 , m_cccrVal : 400304 , m_escrAddr : ffffffff , m_escrVal : 0 , m_dataAddr : a0 , m_dataVal : 0
150 [140161201465024] INFO perfrun.perfcollector <> - config : event : 4
150 [140161201465024] INFO perfrun.perfcollector <> - config : edge : 0
150 [140161201465024] INFO perfrun.perfcollector <> - config : inv : 0
150 [140161201465024] INFO perfrun.perfcollector <> - config : umask : 3
150 [140161201465024] INFO perfrun.perfcollector <> - config : thresh : 0
150 [140161201465024] INFO perfrun.perfcollector <> - format : uncore_imc_0/period=0x0,event=0x4,umask=0x3,name='UNC_M_CAS_COUNT.RD[UNIT0]'/
150 [140161201465024] INFO perfrun.perfcollector <> - pmu config : uncore_imc_1 , m_cccrAddr : d8 , m_cccrVal : 400304 , m_escrAddr : ffffffff , m_escrVal : 0 , m_dataAddr : a0 , m_dataVal : 0
150 [140161201465024] INFO perfrun.perfcollector <> - config : event : 4
150 [140161201465024] INFO perfrun.perfcollector <> - config : edge : 0
150 [140161201465024] INFO perfrun.perfcollector <> - config : inv : 0
150 [140161201465024] INFO perfrun.perfcollector <> - config : umask : 3
150 [140161201465024] INFO perfrun.perfcollector <> - config : thresh : 0
150 [140161201465024] INFO perfrun.perfcollector <> - format : uncore_imc_1/period=0x0,event=0x4,umask=0x3,name='UNC_M_CAS_COUNT.RD[UNIT1]'/
150 [140161201465024] INFO perfrun.perfcollector <> - pmu config : uncore_imc_4 , m_cccrAddr : d8 , m_cccrVal : 400304 , m_escrAddr : ffffffff , m_escrVal : 0 , m_dataAddr : a0 , m_dataVal : 0
150 [140161201465024] INFO perfrun.perfcollector <> - config : event : 4
150 [140161201465024] INFO perfrun.perfcollector <> - config : edge : 0
150 [140161201465024] INFO perfrun.perfcollector <> - config : inv : 0
150 [140161201465024] INFO perfrun.perfcollector <> - config : umask : 3
150 [140161201465024] INFO perfrun.perfcollector <> - config : thresh : 0
150 [140161201465024] INFO perfrun.perfcollector <> - format : uncore_imc_4/period=0x0,event=0x4,umask=0x3,name='UNC_M_CAS_COUNT.RD[UNIT4]'/
150 [140161201465024] INFO perfrun.perfcollector <> - pmu config : uncore_imc_5 , m_cccrAddr : d8 , m_cccrVal : 400304 , m_escrAddr : ffffffff , m_escrVal : 0 , m_dataAddr : a0 , m_dataVal : 0
150 [140161201465024] INFO perfrun.perfcollector <> - config : event : 4
150 [140161201465024] INFO perfrun.perfcollector <> - config : edge : 0
150 [140161201465024] INFO perfrun.perfcollector <> - config : inv : 0
150 [140161201465024] INFO perfrun.perfcollector <> - config : umask : 3
150 [140161201465024] INFO perfrun.perfcollector <> - config : thresh : 0
150 [140161201465024] INFO perfrun.perfcollector <> - format : uncore_imc_5/period=0x0,event=0x4,umask=0x3,name='UNC_M_CAS_COUNT.RD[UNIT5]'/
150 [140161201465024] INFO perfrun.perfcollector <> - pmu config : uncore_imc_0 , m_cccrAddr : dc , m_cccrVal : 400c04 , m_escrAddr : ffffffff , m_escrVal : 0 , m_dataAddr : a8 , m_dataVal : 0
150 [140161201465024] INFO perfrun.perfcollector <> - config : event : 4
150 [140161201465024] INFO perfrun.perfcollector <> - config : edge : 0
150 [140161201465024] INFO perfrun.perfcollector <> - config : inv : 0
150 [140161201465024] INFO perfrun.perfcollector <> - config : umask : c
150 [140161201465024] INFO perfrun.perfcollector <> - config : thresh : 0
150 [140161201465024] INFO perfrun.perfcollector <> - format : uncore_imc_0/period=0x0,event=0x4,umask=0xc,name='UNC_M_CAS_COUNT.WR[UNIT0]'/
150 [140161201465024] INFO perfrun.perfcollector <> - pmu config : uncore_imc_1 , m_cccrAddr : dc , m_cccrVal : 400c04 , m_escrAddr : ffffffff , m_escrVal : 0 , m_dataAddr : a8 , m_dataVal : 0
150 [140161201465024] INFO perfrun.perfcollector <> - config : event : 4
150 [140161201465024] INFO perfrun.perfcollector <> - config : edge : 0
150 [140161201465024] INFO perfrun.perfcollector <> - config : inv : 0
150 [140161201465024] INFO perfrun.perfcollector <> - config : umask : c
150 [140161201465024] INFO perfrun.perfcollector <> - config : thresh : 0
150 [140161201465024] INFO perfrun.perfcollector <> - format : uncore_imc_1/period=0x0,event=0x4,umask=0xc,name='UNC_M_CAS_COUNT.WR[UNIT1]'/
150 [140161201465024] INFO perfrun.perfcollector <> - pmu config : uncore_imc_4 , m_cccrAddr : dc , m_cccrVal : 400c04 , m_escrAddr : ffffffff , m_escrVal : 0 , m_dataAddr : a8 , m_dataVal : 0
150 [140161201465024] INFO perfrun.perfcollector <> - config : event : 4
150 [140161201465024] INFO perfrun.perfcollector <> - config : edge : 0
150 [140161201465024] INFO perfrun.perfcollector <> - config : inv : 0
150 [140161201465024] INFO perfrun.perfcollector <> - config : umask : c
150 [140161201465024] INFO perfrun.perfcollector <> - config : thresh : 0
150 [140161201465024] INFO perfrun.perfcollector <> - format : uncore_imc_4/period=0x0,event=0x4,umask=0xc,name='UNC_M_CAS_COUNT.WR[UNIT4]'/
150 [140161201465024] INFO perfrun.perfcollector <> - pmu config : uncore_imc_5 , m_cccrAddr : dc , m_cccrVal : 400c04 , m_escrAddr : ffffffff , m_escrVal : 0 , m_dataAddr : a8 , m_dataVal : 0
150 [140161201465024] INFO perfrun.perfcollector <> - config : event : 4
150 [140161201465024] INFO perfrun.perfcollector <> - config : edge : 0
150 [140161201465024] INFO perfrun.perfcollector <> - config : inv : 0
150 [140161201465024] INFO perfrun.perfcollector <> - config : umask : c
150 [140161201465024] INFO perfrun.perfcollector <> - config : thresh : 0
150 [140161201465024] INFO perfrun.perfcollector <> - format : uncore_imc_5/period=0x0,event=0x4,umask=0xc,name='UNC_M_CAS_COUNT.WR[UNIT5]'/
150 [140161201465024] INFO perfrun.perfcollector <> - event: cpu/period=0xaf79e0,event=0x3c,name='CPU_CLK_UNHALTED.THREAD'/Duk , added for sampling
150 [140161201465024] INFO perfrun.perfcollector <> - event: cpu/period=0xaf79e0,umask=0x3,name='CPU_CLK_UNHALTED.REF_TSC'/Duk , added for sampling
150 [140161201465024] INFO perfrun.perfcollector <> - event: cpu/period=0xaf79e0,event=0xc0,name='INST_RETIRED.ANY'/Duk , added for sampling
150 [140161201465024] INFO perfrun.perfcollector <> - event: cpu/period=0x98968f,event=0xa3,umask=0xc,cmask=0xc,name='CYCLE_ACTIVITY.STALLS_L1D_PENDING'/uk , added for sampling
150 [140161201465024] INFO perfrun.perfcollector <> - event: cpu/period=0x7a12f,event=0x3c,umask=0x1,name='CPU_CLK_UNHALTED.REF_XCLK'/uk , added for sampling
150 [140161201465024] INFO perfrun.perfcollector <> - event: cpu/period=0x7a12f,event=0x3c,umask=0x2,name='CPU_CLK_UNHALTED.ONE_THREAD_ACTIVE'/uk , added for sampling
150 [140161201465024] INFO perfrun.perfcollector <> - event: cpu/period=0x98968f,event=0xa3,umask=0x4,cmask=0x4,name='CYCLE_ACTIVITY.CYCLES_NO_EXECUTE'/uk , added for sampling
150 [140161201465024] INFO perfrun.perfcollector <> - event: cpu/period=0x98968f,event=0xa3,umask=0x6,cmask=0x6,name='CYCLE_ACTIVITY.STALLS_LDM_PENDING'/uk , added for sampling
150 [140161201465024] INFO perfrun.perfcollector <> - event: cpu/period=0x98968f,event=0xa3,umask=0x5,cmask=0x5,name='CYCLE_ACTIVITY.STALLS_L2_PENDING'/uk , added for sampling
150 [140161201465024] INFO perfrun.perfcollector <> - event: cpu/period=0x98968f,event=0x9c,umask=0x1,name='IDQ_UOPS_NOT_DELIVERED.CORE'/uk , added for sampling
150 [140161201465024] INFO perfrun.perfcollector <> - event: cpu/period=0x98968f,event=0xd,umask=0x3,cmask=0x1,name='INT_MISC.RECOVERY_CYCLES'/uk , added for sampling
150 [140161201465024] INFO perfrun.perfcollector <> - event: cpu/period=0x3d09f,event=0xd1,umask=0x4,name='MEM_LOAD_UOPS_RETIRED.L3_HIT_PS'/ukpp , added for sampling
150 [140161201465024] INFO perfrun.perfcollector <> - event: cpu/period=0x3d09f,event=0xd1,umask=0x20,name='MEM_LOAD_UOPS_RETIRED.L3_MISS_PS'/ukpp , added for sampling
150 [140161201465024] INFO perfrun.perfcollector <> - event: cpu/period=0x98968f,event=0x60,umask=0x8,cmask=0x1,name='OFFCORE_REQUESTS_OUTSTANDING.CYCLES_WITH_DATA_RD'/uk , added for sampling
150 [140161201465024] INFO perfrun.perfcollector <> - event: cpu/period=0x98968f,event=0x60,umask=0x8,cmask=0x6,name='OFFCORE_REQUESTS_OUTSTANDING.ALL_DATA_RD:cmask=6'/uk , added for sampling
150 [140161201465024] INFO perfrun.perfcollector <> - event: cpu/period=0x98968f,event=0xa2,umask=0x8,name='RESOURCE_STALLS.SB'/uk , added for sampling
150 [140161201465024] INFO perfrun.perfcollector <> - event: cpu/period=0x98968f,event=0x5e,umask=0x1,name='RS_EVENTS.EMPTY_CYCLES'/uk , added for sampling
150 [140161201465024] INFO perfrun.perfcollector <> - event: cpu/period=0x98968f,event=0xb1,umask=0x2,cmask=0x1,name='UOPS_EXECUTED.CORE:cmask=1'/uk , added for sampling
150 [140161201465024] INFO perfrun.perfcollector <> - event: cpu/period=0x98968f,event=0xb1,umask=0x2,cmask=0x2,name='UOPS_EXECUTED.CORE:cmask=2'/uk , added for sampling
150 [140161201465024] INFO perfrun.perfcollector <> - event: cpu/period=0x98968f,event=0xb1,umask=0x2,cmask=0x3,name='UOPS_EXECUTED.CORE:cmask=3'/uk , added for sampling
150 [140161201465024] INFO perfrun.perfcollector <> - event: cpu/period=0x98968f,event=0xe,umask=0x1,name='UOPS_ISSUED.ANY'/uk , added for sampling
150 [140161201465024] INFO perfrun.perfcollector <> - event: cpu/period=0x98968f,event=0xc2,umask=0x2,name='UOPS_RETIRED.RETIRE_SLOTS'/uk , added for sampling
150 [140161201465024] INFO perfrun.perfcollector <> - event: cpu/period=0x98968f,event=0x9c,umask=0x1,cmask=0x4,name='IDQ_UOPS_NOT_DELIVERED.CYCLES_0_UOPS_DELIV.CORE'/uk , added for sampling
150 [140161201465024] INFO perfrun.perfcollector <> - event: cpu/period=0x7a12f,event=0xd0,umask=0x81,name='MEM_UOPS_RETIRED.ALL_LOADS_PS'/ukpp , added for sampling
150 [140161201465024] INFO perfrun.perfcollector <> - event: cpu/period=0x7a12f,event=0xd0,umask=0x82,name='MEM_UOPS_RETIRED.ALL_STORES_PS'/ukpp , added for sampling
150 [140161201465024] INFO perfrun.perfcollector <> - event: cpu/period=0x7a12f,event=0xd3,umask=0x1,name='MEM_LOAD_UOPS_L3_MISS_RETIRED.LOCAL_DRAM_PS'/ukpp , added for sampling
150 [140161201465024] INFO perfrun.perfcollector <> - event: cpu/period=0x7a12f,event=0xd3,umask=0x4,name='MEM_LOAD_UOPS_L3_MISS_RETIRED.REMOTE_DRAM_PS'/ukpp , added for sampling
150 [140161201465024] INFO perfrun.perfcollector <> - event: cpu/period=0x7a12f,event=0xd3,umask=0x10,name='MEM_LOAD_UOPS_L3_MISS_RETIRED.REMOTE_HITM_PS'/ukpp , added for sampling
150 [140161201465024] INFO perfrun.perfcollector <> - event: cpu/period=0x7a12f,event=0xd3,umask=0x20,name='MEM_LOAD_UOPS_L3_MISS_RETIRED.REMOTE_FWD_PS'/ukpp , added for sampling
150 [140161201465024] INFO perfrun.perfcollector <> - event: uncore_imc_0/period=0x0,event=0x4,umask=0x3,name='UNC_M_CAS_COUNT.RD[UNIT0]'/ , added for counting
150 [140161201465024] INFO perfrun.perfcollector <> - event: uncore_imc_1/period=0x0,event=0x4,umask=0x3,name='UNC_M_CAS_COUNT.RD[UNIT1]'/ , added for counting
150 [140161201465024] INFO perfrun.perfcollector <> - event: uncore_imc_4/period=0x0,event=0x4,umask=0x3,name='UNC_M_CAS_COUNT.RD[UNIT4]'/ , added for counting
150 [140161201465024] INFO perfrun.perfcollector <> - event: uncore_imc_5/period=0x0,event=0x4,umask=0x3,name='UNC_M_CAS_COUNT.RD[UNIT5]'/ , added for counting
150 [140161201465024] INFO perfrun.perfcollector <> - event: uncore_imc_0/period=0x0,event=0x4,umask=0xc,name='UNC_M_CAS_COUNT.WR[UNIT0]'/ , added for counting
150 [140161201465024] INFO perfrun.perfcollector <> - event: uncore_imc_1/period=0x0,event=0x4,umask=0xc,name='UNC_M_CAS_COUNT.WR[UNIT1]'/ , added for counting
150 [140161201465024] INFO perfrun.perfcollector <> - event: uncore_imc_4/period=0x0,event=0x4,umask=0xc,name='UNC_M_CAS_COUNT.WR[UNIT4]'/ , added for counting
150 [140161201465024] INFO perfrun.perfcollector <> - event: uncore_imc_5/period=0x0,event=0x4,umask=0xc,name='UNC_M_CAS_COUNT.WR[UNIT5]'/ , added for counting
150 [140161171347136] WARN perfrun.perfcollector <> - Perf stat trace pipe capacity: read = 1048576, write = 1048576, at file: vcs/perfrun1/plugins/perfcollector/src/profiler.cpp:763
150 [140161171347136] INFO perfrun.perfcollector <> - Path to Perf control pipe: /tmp/amplxe-tmp-efsilva/perf-pipe-3499001-36848114821718090
153 [140161171347136] INFO perfrun.sdk <> - runCmd: "/home/intel/oneapi/vtune/2021.1.1/bin64/amplxe-perf" stat -v --log-fd 11 --pipe "/tmp/amplxe-tmp-efsilva/perf-pipe-3499001-36848114821718090" --pipe-sync -I 10 -A --scale -x ; -a -e uncore_imc_0/period=0x0,event=0x4,umask=0x3,name='UNC_M_CAS_COUNT.RD[UNIT0]'/,uncore_imc_1/period=0x0,event=0x4,umask=0x3,name='UNC_M_CAS_COUNT.RD[UNIT1]'/,uncore_imc_4/period=0x0,event=0x4,umask=0x3,name='UNC_M_CAS_COUNT.RD[UNIT4]'/,uncore_imc_5/period=0x0,event=0x4,umask=0x3,name='UNC_M_CAS_COUNT.RD[UNIT5]'/,uncore_imc_0/period=0x0,event=0x4,umask=0xc,name='UNC_M_CAS_COUNT.WR[UNIT0]'/,uncore_imc_1/period=0x0,event=0x4,umask=0xc,name='UNC_M_CAS_COUNT.WR[UNIT1]'/,uncore_imc_4/period=0x0,event=0x4,umask=0xc,name='UNC_M_CAS_COUNT.WR[UNIT4]'/,uncore_imc_5/period=0x0,event=0x4,umask=0xc,name='UNC_M_CAS_COUNT.WR[UNIT5]'/ "/home/intel/oneapi/vtune/2021.1.1/bin64/amplxe-perf-sync" dryrun sys
194 [140161090320064] INFO perfrun.perfcollector <> - PERF_STAT : "     0.010405525;CPU0;2937;;UNC_M_CAS_COUNT.RD[UNIT0];10387871;100.00;;"
194 [140161090320064] INFO perfrun.perfcollector <> - PERF_STAT : "     0.010405525;CPU10;3175;;UNC_M_CAS_COUNT.RD[UNIT0];10315999;100.00;;"
194 [140161090320064] INFO perfrun.perfcollector <> - PERF_STAT : "     0.010405525;CPU0;3497;;UNC_M_CAS_COUNT.RD[UNIT1];10381306;100.00;;"
194 [140161090320064] INFO perfrun.perfcollector <> - PERF_STAT : "     0.010405525;CPU10;2906;;UNC_M_CAS_COUNT.RD[UNIT1];10308418;100.00;;"
194 [140161090320064] INFO perfrun.perfcollector <> - PERF_STAT : "     0.010405525;CPU0;2887;;UNC_M_CAS_COUNT.RD[UNIT4];10374233;100.00;;"
194 [140161090320064] INFO perfrun.perfcollector <> - PERF_STAT : "     0.010405525;CPU10;3277;;UNC_M_CAS_COUNT.RD[UNIT4];10291646;100.00;;"
194 [140161090320064] INFO perfrun.perfcollector <> - PERF_STAT : "     0.010405525;CPU0;3508;;UNC_M_CAS_COUNT.RD[UNIT5];10367626;100.00;;"
194 [140161090320064] INFO perfrun.perfcollector <> - PERF_STAT : "     0.010405525;CPU10;2798;;UNC_M_CAS_COUNT.RD[UNIT5];10283648;100.00;;"
194 [140161090320064] INFO perfrun.perfcollector <> - PERF_STAT : "     0.010405525;CPU0;174;;UNC_M_CAS_COUNT.WR[UNIT0];10361984;100.00;;"
194 [140161090320064] INFO perfrun.perfcollector <> - PERF_STAT : "     0.010405525;CPU10;2984;;UNC_M_CAS_COUNT.WR[UNIT0];10277254;100.00;;"
194 [140161090320064] INFO perfrun.perfcollector <> - PERF_STAT : "     0.010405525;CPU0;725;;UNC_M_CAS_COUNT.WR[UNIT1];10350495;100.00;;"
194 [140161090320064] INFO perfrun.perfcollector <> - PERF_STAT : "     0.010405525;CPU10;2614;;UNC_M_CAS_COUNT.WR[UNIT1];10263312;100.00;;"
194 [140161090320064] INFO perfrun.perfcollector <> - PERF_STAT : "     0.010405525;CPU0;164;;UNC_M_CAS_COUNT.WR[UNIT4];10341523;100.00;;"
195 [140161090320064] INFO perfrun.perfcollector <> - PERF_STAT : "     0.010405525;CPU10;3036;;UNC_M_CAS_COUNT.WR[UNIT4];10249234;100.00;;"
195 [140161090320064] INFO perfrun.perfcollector <> - PERF_STAT : "     0.010405525;CPU0;714;;UNC_M_CAS_COUNT.WR[UNIT5];10330174;100.00;;"
195 [140161090320064] INFO perfrun.perfcollector <> - PERF_STAT : "     0.010405525;CPU10;2697;;UNC_M_CAS_COUNT.WR[UNIT5];10234959;100.00;;"
195 [140161090320064] INFO perfrun.perfcollector <> - PERF_STAT : "     0.011499455;CPU0;598;;UNC_M_CAS_COUNT.RD[UNIT0];1100468;100.00;;"
195 [140161090320064] INFO perfrun.perfcollector <> - PERF_STAT : "     0.011499455;CPU10;610;;UNC_M_CAS_COUNT.RD[UNIT0];1098760;100.00;;"
195 [140161090320064] INFO perfrun.perfcollector <> - PERF_STAT : "     0.011499455;CPU0;683;;UNC_M_CAS_COUNT.RD[UNIT1];1100386;100.00;;"
195 [140161090320064] INFO perfrun.perfcollector <> - PERF_STAT : "     0.011499455;CPU10;547;;UNC_M_CAS_COUNT.RD[UNIT1];1098142;100.00;;"
195 [140161090320064] INFO perfrun.perfcollector <> - PERF_STAT : "     0.011499455;CPU0;555;;UNC_M_CAS_COUNT.RD[UNIT4];1100297;100.00;;"
195 [140161090320064] INFO perfrun.perfcollector <> - PERF_STAT : "     0.011499455;CPU10;615;;UNC_M_CAS_COUNT.RD[UNIT4];1098141;100.00;;"
195 [140161090320064] INFO perfrun.perfcollector <> - PERF_STAT : "     0.011499455;CPU0;642;;UNC_M_CAS_COUNT.RD[UNIT5];1099934;100.00;;"
195 [140161090320064] INFO perfrun.perfcollector <> - PERF_STAT : "     0.011499455;CPU10;518;;UNC_M_CAS_COUNT.RD[UNIT5];1098114;100.00;;"
195 [140161090320064] INFO perfrun.perfcollector <> - PERF_STAT : "     0.011499455;CPU0;36;;UNC_M_CAS_COUNT.WR[UNIT0];1099954;100.00;;"
195 [140161090320064] INFO perfrun.perfcollector <> - PERF_STAT : "     0.011499455;CPU10;432;;UNC_M_CAS_COUNT.WR[UNIT0];1098075;100.00;;"
195 [140161090320064] INFO perfrun.perfcollector <> - PERF_STAT : "     0.011499455;CPU0;112;;UNC_M_CAS_COUNT.WR[UNIT1];1100286;100.00;;"
195 [140161090320064] INFO perfrun.perfcollector <> - PERF_STAT : "     0.011499455;CPU10;409;;UNC_M_CAS_COUNT.WR[UNIT1];1098070;100.00;;"
195 [140161090320064] INFO perfrun.perfcollector <> - PERF_STAT : "     0.011499455;CPU0;44;;UNC_M_CAS_COUNT.WR[UNIT4];1097890;100.00;;"
195 [140161090320064] INFO perfrun.perfcollector <> - PERF_STAT : "     0.011499455;CPU10;427;;UNC_M_CAS_COUNT.WR[UNIT4];1098156;100.00;;"
195 [140161090320064] INFO perfrun.perfcollector <> - PERF_STAT : "     0.011499455;CPU0;97;;UNC_M_CAS_COUNT.WR[UNIT5];1097729;100.00;;"
195 [140161090320064] INFO perfrun.perfcollector <> - PERF_STAT : "     0.011499455;CPU10;385;;UNC_M_CAS_COUNT.WR[UNIT5];1098324;100.00;;"
197 [140161171347136] INFO perfrun.perfcollector <> - Monitor: runCmd RC = true
198 [140161090320064] INFO perfrun.perfcollector <> - Path to Perf control pipe: /tmp/amplxe-tmp-efsilva/perf-pipe-3499001-36848114929725052
198 [140161090320064] INFO perfrun.sdk <> - runCmd: "/home/intel/oneapi/vtune/2021.1.1/bin64/amplxe-perf" record -v --pipe "/tmp/amplxe-tmp-efsilva/perf-pipe-3499001-36848114929725052" --pipe-sync -o "/tmp/amplxe-tmp-efsilva/amplxe-res-3499001-36848114589027849/data.0/temp.dryrun.perf" -N -B -T -R --compression-level=1 -e cpu/period=0xaf79e0,event=0x3c,name='CPU_CLK_UNHALTED.THREAD'/Duk,cpu/period=0xaf79e0,umask=0x3,name='CPU_CLK_UNHALTED.REF_TSC'/Duk,cpu/period=0xaf79e0,event=0xc0,name='INST_RETIRED.ANY'/Duk,cpu/period=0x98968f,event=0xa3,umask=0xc,cmask=0xc,name='CYCLE_ACTIVITY.STALLS_L1D_PENDING'/uk,cpu/period=0x7a12f,event=0x3c,umask=0x1,name='CPU_CLK_UNHALTED.REF_XCLK'/uk,cpu/period=0x7a12f,event=0x3c,umask=0x2,name='CPU_CLK_UNHALTED.ONE_THREAD_ACTIVE'/uk,cpu/period=0x98968f,event=0xa3,umask=0x4,cmask=0x4,name='CYCLE_ACTIVITY.CYCLES_NO_EXECUTE'/uk,cpu/period=0x98968f,event=0xa3,umask=0x6,cmask=0x6,name='CYCLE_ACTIVITY.STALLS_LDM_PENDING'/uk,cpu/period=0x98968f,event=0xa3,umask=0x5,cmask=0x5,name='CYCLE_ACTIVITY.STALLS_L2_PENDING'/uk,cpu/period=0x98968f,event=0x9c,umask=0x1,name='IDQ_UOPS_NOT_DELIVERED.CORE'/uk,cpu/period=0x98968f,event=0xd,umask=0x3,cmask=0x1,name='INT_MISC.RECOVERY_CYCLES'/uk,cpu/period=0x3d09f,event=0xd1,umask=0x4,name='MEM_LOAD_UOPS_RETIRED.L3_HIT_PS'/ukpp,cpu/period=0x3d09f,event=0xd1,umask=0x20,name='MEM_LOAD_UOPS_RETIRED.L3_MISS_PS'/ukpp,cpu/period=0x98968f,event=0x60,umask=0x8,cmask=0x1,name='OFFCORE_REQUESTS_OUTSTANDING.CYCLES_WITH_DATA_RD'/uk,cpu/period=0x98968f,event=0x60,umask=0x8,cmask=0x6,name='OFFCORE_REQUESTS_OUTSTANDING.ALL_DATA_RD:cmask=6'/uk,cpu/period=0x98968f,event=0xa2,umask=0x8,name='RESOURCE_STALLS.SB'/uk,cpu/period=0x98968f,event=0x5e,umask=0x1,name='RS_EVENTS.EMPTY_CYCLES'/uk,cpu/period=0x98968f,event=0xb1,umask=0x2,cmask=0x1,name='UOPS_EXECUTED.CORE:cmask=1'/uk,cpu/period=0x98968f,event=0xb1,umask=0x2,cmask=0x2,name='UOPS_EXECUTED.CORE:cmask=2'/uk,cpu/period=0x98968f,event=0xb1,umask=0x2,cmask=0x3,name='UOPS_EXECUTED.CORE:cmask=3'/uk,cpu/period=0x98968f,event=0xe,umask=0x1,name='UOPS_ISSUED.ANY'/uk,cpu/period=0x98968f,event=0xc2,umask=0x2,name='UOPS_RETIRED.RETIRE_SLOTS'/uk,cpu/period=0x98968f,event=0x9c,umask=0x1,cmask=0x4,name='IDQ_UOPS_NOT_DELIVERED.CYCLES_0_UOPS_DELIV.CORE'/uk,cpu/period=0x7a12f,event=0xd0,umask=0x81,name='MEM_UOPS_RETIRED.ALL_LOADS_PS'/ukpp,cpu/period=0x7a12f,event=0xd0,umask=0x82,name='MEM_UOPS_RETIRED.ALL_STORES_PS'/ukpp,cpu/period=0x7a12f,event=0xd3,umask=0x1,name='MEM_LOAD_UOPS_L3_MISS_RETIRED.LOCAL_DRAM_PS'/ukpp,cpu/period=0x7a12f,event=0xd3,umask=0x4,name='MEM_LOAD_UOPS_L3_MISS_RETIRED.REMOTE_DRAM_PS'/ukpp,cpu/period=0x7a12f,event=0xd3,umask=0x10,name='MEM_LOAD_UOPS_L3_MISS_RETIRED.REMOTE_HITM_PS'/ukpp,cpu/period=0x7a12f,event=0xd3,umask=0x20,name='MEM_LOAD_UOPS_L3_MISS_RETIRED.REMOTE_FWD_PS'/ukpp --clockid=monotonic_raw "/home/intel/oneapi/vtune/2021.1.1/bin64/amplxe-perf-sync" dryrun sys
532 [140161090320064] INFO perfrun.perfcollector <> - Monitor: runCmd RC = true
532 [140161081927360] WARN perfrun.perfcollector <> - Perf stat trace pipe capacity: read = 1048576, write = 1048576, at file: vcs/perfrun1/plugins/perfcollector/src/profiler.cpp:763
532 [140161081927360] INFO perfrun.perfcollector <> - Path to Perf control pipe: /tmp/amplxe-tmp-efsilva/perf-pipe-3499001-36848115698009916
534 [140161081927360] INFO perfrun.sdk <> - runCmd: "/home/intel/oneapi/vtune/2021.1.1/bin64/amplxe-perf" stat -v --log-fd 11 --pipe "/tmp/amplxe-tmp-efsilva/perf-pipe-3499001-36848115698009916" --pipe-sync -I 10 -A --scale -x ; -a -e uncore_imc_0/period=0x0,event=0x4,umask=0x3,name='UNC_M_CAS_COUNT.RD[UNIT0]'/,uncore_imc_1/period=0x0,event=0x4,umask=0x3,name='UNC_M_CAS_COUNT.RD[UNIT1]'/,uncore_imc_4/period=0x0,event=0x4,umask=0x3,name='UNC_M_CAS_COUNT.RD[UNIT4]'/,uncore_imc_5/period=0x0,event=0x4,umask=0x3,name='UNC_M_CAS_COUNT.RD[UNIT5]'/,uncore_imc_0/period=0x0,event=0x4,umask=0xc,name='UNC_M_CAS_COUNT.WR[UNIT0]'/,uncore_imc_1/period=0x0,event=0x4,umask=0xc,name='UNC_M_CAS_COUNT.WR[UNIT1]'/,uncore_imc_4/period=0x0,event=0x4,umask=0xc,name='UNC_M_CAS_COUNT.WR[UNIT4]'/,uncore_imc_5/period=0x0,event=0x4,umask=0xc,name='UNC_M_CAS_COUNT.WR[UNIT5]'/ "/home/intel/oneapi/vtune/2021.1.1/bin64/amplxe-perf-sync" dryrun sys
568 [140161171347136] INFO perfrun.perfcollector <> - PERF_STAT : "     0.005602538;CPU0;2852;;UNC_M_CAS_COUNT.RD[UNIT0];5621894;100.00;;"
568 [140161171347136] INFO perfrun.perfcollector <> - PERF_STAT : "     0.005602538;CPU10;4035;;UNC_M_CAS_COUNT.RD[UNIT0];5557460;100.00;;"
568 [140161171347136] INFO perfrun.perfcollector <> - PERF_STAT : "     0.005602538;CPU0;3188;;UNC_M_CAS_COUNT.RD[UNIT1];5616523;100.00;;"
568 [140161171347136] INFO perfrun.perfcollector <> - PERF_STAT : "     0.005602538;CPU10;3779;;UNC_M_CAS_COUNT.RD[UNIT1];5551582;100.00;;"
568 [140161171347136] INFO perfrun.perfcollector <> - PERF_STAT : "     0.005602538;CPU0;2678;;UNC_M_CAS_COUNT.RD[UNIT4];5610229;100.00;;"
568 [140161171347136] INFO perfrun.perfcollector <> - PERF_STAT : "     0.005602538;CPU10;4182;;UNC_M_CAS_COUNT.RD[UNIT4];5548250;100.00;;"
568 [140161171347136] INFO perfrun.perfcollector <> - PERF_STAT : "     0.005602538;CPU0;3037;;UNC_M_CAS_COUNT.RD[UNIT5];5603725;100.00;;"
568 [140161171347136] INFO perfrun.perfcollector <> - PERF_STAT : "     0.005602538;CPU10;3787;;UNC_M_CAS_COUNT.RD[UNIT5];5541017;100.00;;"
568 [140161171347136] INFO perfrun.perfcollector <> - PERF_STAT : "     0.005602538;CPU0;2131;;UNC_M_CAS_COUNT.WR[UNIT0];5599069;100.00;;"
568 [140161171347136] INFO perfrun.perfcollector <> - PERF_STAT : "     0.005602538;CPU10;3413;;UNC_M_CAS_COUNT.WR[UNIT0];5535185;100.00;;"
568 [140161171347136] INFO perfrun.perfcollector <> - PERF_STAT : "     0.005602538;CPU0;2416;;UNC_M_CAS_COUNT.WR[UNIT1];5586324;100.00;;"
568 [140161171347136] INFO perfrun.perfcollector <> - PERF_STAT : "     0.005602538;CPU10;3165;;UNC_M_CAS_COUNT.WR[UNIT1];5521979;100.00;;"
568 [140161171347136] INFO perfrun.perfcollector <> - PERF_STAT : "     0.005602538;CPU0;2121;;UNC_M_CAS_COUNT.WR[UNIT4];5578288;100.00;;"
568 [140161171347136] INFO perfrun.perfcollector <> - PERF_STAT : "     0.005602538;CPU10;3509;;UNC_M_CAS_COUNT.WR[UNIT4];5515448;100.00;;"
568 [140161171347136] INFO perfrun.perfcollector <> - PERF_STAT : "     0.005602538;CPU0;2400;;UNC_M_CAS_COUNT.WR[UNIT5];5567092;100.00;;"
568 [140161171347136] INFO perfrun.perfcollector <> - PERF_STAT : "     0.005602538;CPU10;3327;;UNC_M_CAS_COUNT.WR[UNIT5];5502330;100.00;;"
570 [140161081927360] INFO perfrun.perfcollector <> - Monitor: runCmd RC = true
570 [140161171347136] INFO perfrun.perfcollector <> - Path to Perf control pipe: /tmp/amplxe-tmp-efsilva/perf-pipe-3499001-36848115784348193
570 [140161171347136] INFO perfrun.sdk <> - runCmd: "/home/intel/oneapi/vtune/2021.1.1/bin64/amplxe-perf" record -v --pipe "/tmp/amplxe-tmp-efsilva/perf-pipe-3499001-36848115784348193" --pipe-sync -o "/tmp/amplxe-tmp-efsilva/amplxe-res-3499001-36848114589027849/data.0/temp.dryrun.perf" -N -B -T -R -d --compression-level=1 -e cpu/period=0xaf79e0,event=0x3c,name='CPU_CLK_UNHALTED.THREAD'/Duk,cpu/period=0xaf79e0,umask=0x3,name='CPU_CLK_UNHALTED.REF_TSC'/Duk,cpu/period=0xaf79e0,event=0xc0,name='INST_RETIRED.ANY'/Duk,cpu/period=0x98968f,event=0xa3,umask=0xc,cmask=0xc,name='CYCLE_ACTIVITY.STALLS_L1D_PENDING'/uk,cpu/period=0x7a12f,event=0x3c,umask=0x1,name='CPU_CLK_UNHALTED.REF_XCLK'/uk,cpu/period=0x7a12f,event=0x3c,umask=0x2,name='CPU_CLK_UNHALTED.ONE_THREAD_ACTIVE'/uk,cpu/period=0x98968f,event=0xa3,umask=0x4,cmask=0x4,name='CYCLE_ACTIVITY.CYCLES_NO_EXECUTE'/uk,cpu/period=0x98968f,event=0xa3,umask=0x6,cmask=0x6,name='CYCLE_ACTIVITY.STALLS_LDM_PENDING'/uk,cpu/period=0x98968f,event=0xa3,umask=0x5,cmask=0x5,name='CYCLE_ACTIVITY.STALLS_L2_PENDING'/uk,cpu/period=0x98968f,event=0x9c,umask=0x1,name='IDQ_UOPS_NOT_DELIVERED.CORE'/uk,cpu/period=0x98968f,event=0xd,umask=0x3,cmask=0x1,name='INT_MISC.RECOVERY_CYCLES'/uk,cpu/period=0x3d09f,event=0xd1,umask=0x4,name='MEM_LOAD_UOPS_RETIRED.L3_HIT_PS'/ukpp,cpu/period=0x3d09f,event=0xd1,umask=0x20,name='MEM_LOAD_UOPS_RETIRED.L3_MISS_PS'/ukpp,cpu/period=0x98968f,event=0x60,umask=0x8,cmask=0x1,name='OFFCORE_REQUESTS_OUTSTANDING.CYCLES_WITH_DATA_RD'/uk,cpu/period=0x98968f,event=0x60,umask=0x8,cmask=0x6,name='OFFCORE_REQUESTS_OUTSTANDING.ALL_DATA_RD:cmask=6'/uk,cpu/period=0x98968f,event=0xa2,umask=0x8,name='RESOURCE_STALLS.SB'/uk,cpu/period=0x98968f,event=0x5e,umask=0x1,name='RS_EVENTS.EMPTY_CYCLES'/uk,cpu/period=0x98968f,event=0xb1,umask=0x2,cmask=0x1,name='UOPS_EXECUTED.CORE:cmask=1'/uk,cpu/period=0x98968f,event=0xb1,umask=0x2,cmask=0x2,name='UOPS_EXECUTED.CORE:cmask=2'/uk,cpu/period=0x98968f,event=0xb1,umask=0x2,cmask=0x3,name='UOPS_EXECUTED.CORE:cmask=3'/uk,cpu/period=0x98968f,event=0xe,umask=0x1,name='UOPS_ISSUED.ANY'/uk,cpu/period=0x98968f,event=0xc2,umask=0x2,name='UOPS_RETIRED.RETIRE_SLOTS'/uk,cpu/period=0x98968f,event=0x9c,umask=0x1,cmask=0x4,name='IDQ_UOPS_NOT_DELIVERED.CYCLES_0_UOPS_DELIV.CORE'/uk,cpu/period=0x7a12f,event=0xd0,umask=0x81,name='MEM_UOPS_RETIRED.ALL_LOADS_PS'/ukpp,cpu/period=0x7a12f,event=0xd0,umask=0x82,name='MEM_UOPS_RETIRED.ALL_STORES_PS'/ukpp,cpu/period=0x7a12f,event=0xd3,umask=0x1,name='MEM_LOAD_UOPS_L3_MISS_RETIRED.LOCAL_DRAM_PS'/ukpp,cpu/period=0x7a12f,event=0xd3,umask=0x4,name='MEM_LOAD_UOPS_L3_MISS_RETIRED.REMOTE_DRAM_PS'/ukpp,cpu/period=0x7a12f,event=0xd3,umask=0x10,name='MEM_LOAD_UOPS_L3_MISS_RETIRED.REMOTE_HITM_PS'/ukpp,cpu/period=0x7a12f,event=0xd3,umask=0x20,name='MEM_LOAD_UOPS_L3_MISS_RETIRED.REMOTE_FWD_PS'/ukpp --clockid=monotonic_raw "/home/intel/oneapi/vtune/2021.1.1/bin64/amplxe-perf-sync" dryrun sys
880 [140161171347136] INFO perfrun.perfcollector <> - Monitor: runCmd RC = true
880 [140161201465024] INFO perfrun.launcher <> - plugin [aoclprofile] was disabled because it doesn't support the given collection type.
880 [140161201465024] INFO perfrun.tpss <> - initialize tpss controller
880 [140161201465024] INFO perfrun.launcher <> - plugin [tpss] was disabled because it doesn't support the given collection type.
880 [140161201465024] INFO perfrun.launcher <> - plugin [exprof] was disabled because it doesn't support the given collection type.
880 [140161201465024] INFO perfrun.launcher <> - plugin [ice] was disabled because it doesn't support the given collection type.
880 [140161201465024] INFO perfrun.launcher <> - plugin [] was disabled because it doesn't support the given collection type.
880 [140161201465024] INFO perfrun.launcher <> - plugin [] was disabled because it doesn't support the given collection type.
880 [140161201465024] INFO perfrun.launcher <> - plugin [parallelfs] was disabled because it doesn't support the given collection type.
880 [140161201465024] INFO perfrun.launcher <> - plugin [power] was disabled because it doesn't support the given collection type.
880 [140161201465024] INFO perfrun.launcher <> - plugin [hwloc] was disabled because it doesn't support the given collection type.
880 [140161201465024] INFO perfrun.launcher <> - plugin [ipmwatch] was disabled because it doesn't support the given collection type.
880 [140161201465024] INFO perfrun.launcher <> - plugin [os_counters] was disabled because it doesn't support the given collection type.
880 [140161357624000] INFO perfrun.launcher <> - set environment variable: LD_LIBRARY_PATH = /home/intel/oneapi/vtune/2021.1.1/lib32/runtime:/home/intel/oneapi/vtune/2021.1.1/lib64/runtime
880 [140161357624000] INFO perfrun.launcher <> - set environment variable: INTEL_LIBITTNOTIFY32 = /home/intel/oneapi/vtune/2021.1.1/lib32/runtime/libittnotify_collector.so
881 [140161357624000] INFO perfrun.launcher <> - set environment variable: INTEL_LIBITTNOTIFY64 = /home/intel/oneapi/vtune/2021.1.1/lib64/runtime/libittnotify_collector.so
881 [140161357624000] INFO perfrun.launcher <> - set environment variable: INTEL_ITTNOTIFY_GROUPS = 
881 [140161357624000] INFO perfrun.launcher <> - set environment variable: INTEL_JIT_PROFILER32 = /home/intel/oneapi/vtune/2021.1.1/lib32/runtime/libittnotify_collector.so
881 [140161357624000] INFO perfrun.launcher <> - set environment variable: INTEL_JIT_PROFILER64 = /home/intel/oneapi/vtune/2021.1.1/lib64/runtime/libittnotify_collector.so
881 [140161357624000] INFO perfrun.launcher <> - set environment variable: VS_PROFILER = libittnotify_collector.so
881 [140161357624000] INFO perfrun.launcher <> - set environment variable: OMP_TOOL_LIBRARIES = /home/intel/oneapi/vtune/2021.1.1/lib32/runtime/libittnotify_collector.so:/home/intel/oneapi/vtune/2021.1.1/lib64/runtime/libittnotify_collector.so
881 [140161357624000] INFO perfrun.launcher <> - set environment variable: ENABLE_JITPROFILING = 1
881 [140161357624000] INFO perfrun.launcher <> - set environment variable: CL_CONFIG_USE_VTUNE = True
881 [140161357624000] INFO perfrun.launcher <> - set environment variable: INTEL_MRTE_DATA_DIR = /tmp/amplxe-tmp-efsilva/amplxe-res-3499001-36848114589027849/data.0
881 [140161357624000] INFO perfrun.launcher <> - set environment variable: INTEL_MRTE_HOST_NAME = hype5
881 [140161357624000] INFO perfrun.launcher <> - set environment variable: JAVA_TOOL_OPTIONS = -agentlib:amplxe_samplingmrte_javaprof_1.0 -Dsun.boot.library.path=/home/intel/oneapi/vtune/2021.1.1/lib32/runtime:/home/intel/oneapi/vtune/2021.1.1/lib64/runtime
881 [140161357624000] INFO perfrun.launcher <> - set environment variable: CORECLR_ENABLE_PROFILING = 1
881 [140161357624000] INFO perfrun.launcher <> - set environment variable: CORECLR_PROFILER = {AA5E4821-E3B1-479c-B7FF-5AD047D22CED}
881 [140161357624000] INFO perfrun.launcher <> - set environment variable: CORECLR_PROFILER_PATH = /home/intel/oneapi/vtune/2021.1.1/lib64/libamplxe_samplingmrte_clrprof_1.0.so
881 [140161357624000] INFO perfrun.launcher <> - set environment variable: INTEL_MRTE_PROFILER_MODE = mixed
881 [140161357624000] INFO perfrun.launcher <> - RpcServer: run RPC server to handle requests
883 [140161357624000] INFO perfrun.launcher <> - Launcher: command line to start before modification = env OMP_NUM_THREADS=20 ./hello_hpc
883 [140161357624000] INFO perfrun.launcher <> - Launcher: command line to start after modification = env OMP_NUM_THREADS=20 ./hello_hpc
883 [140161357624000] INFO perfrun.launcher <> - ProcessCreator object was created
884 [140161357624000] INFO perfrun.launcher <> - Launcher: the process was started in suspend mode
888 [140161201465024] WARN perfrun.system <> - Could not do anything with /sys/kernel/debug/kvm: boost::filesystem::status: Permission denied: "/sys/kernel/debug/kvm", at file: vcs/perfrun1/plugins/system/src/trace_writer.cpp:796
888 [140161201465024] WARN perfrun.system <> - Folder "/var/run/libvirt/qemu/"doesn't exist, at file: vcs/perfrun1/plugins/system/src/trace_writer.cpp:809
925 [140161201465024] WARN perfrun.sdk <> - Failed to find xl binary on any of the system paths: /bin, /sbin, /usr/bin, /usr/sbin., at file: vcs/perfrun1/sdk/src/utils.cpp:197
926 [140161201465024] WARN perfrun.system <> - Could not start ContainerMapping collector, at file: vcs/perfrun1/plugins/system/src/controller.cpp:468
946 [140161201465024] INFO perfrun.vdso <> - Helper runtool '/home/intel/oneapi/vtune/2021.1.1/bin32/amplxe-runss -dump-vdso -r /tmp/amplxe-tmp-efsilva/amplxe-res-3499001-36848114589027849 --tmp-dir /tmp/amplxe-tmp-efsilva' returned 1
1035 [140161201465024] INFO perfrun.vdso <> - Helper runtool '/home/intel/oneapi/vtune/2021.1.1/bin64/amplxe-runss -dump-vdso -r /tmp/amplxe-tmp-efsilva/amplxe-res-3499001-36848114589027849 --tmp-dir /tmp/amplxe-tmp-efsilva' returned 0
1036 [140161201465024] INFO perfrun.itt <> - start itt controller for pid #3499021
1042 [140161184679616] WARN perfrun.perfcollector <> - Perf stat trace pipe capacity: read = 1048576, write = 1048576, at file: vcs/perfrun1/plugins/perfcollector/src/profiler.cpp:763
1042 [140161184679616] INFO perfrun.perfcollector <> - Path to Perf control pipe: /tmp/amplxe-tmp-efsilva/perf-pipe-3499001-36848116868183636
1044 [140161184679616] INFO perfrun.sdk <> - runCmd: "/home/intel/oneapi/vtune/2021.1.1/bin64/amplxe-perf" stat -v --log-fd 23 --pipe "/tmp/amplxe-tmp-efsilva/perf-pipe-3499001-36848116868183636" --pipe-sync -I 10 -A --scale -x ; -a -e uncore_imc_0/period=0x0,event=0x4,umask=0x3,name='UNC_M_CAS_COUNT.RD[UNIT0]'/,uncore_imc_1/period=0x0,event=0x4,umask=0x3,name='UNC_M_CAS_COUNT.RD[UNIT1]'/,uncore_imc_4/period=0x0,event=0x4,umask=0x3,name='UNC_M_CAS_COUNT.RD[UNIT4]'/,uncore_imc_5/period=0x0,event=0x4,umask=0x3,name='UNC_M_CAS_COUNT.RD[UNIT5]'/,uncore_imc_0/period=0x0,event=0x4,umask=0xc,name='UNC_M_CAS_COUNT.WR[UNIT0]'/,uncore_imc_1/period=0x0,event=0x4,umask=0xc,name='UNC_M_CAS_COUNT.WR[UNIT1]'/,uncore_imc_4/period=0x0,event=0x4,umask=0xc,name='UNC_M_CAS_COUNT.WR[UNIT4]'/,uncore_imc_5/period=0x0,event=0x4,umask=0xc,name='UNC_M_CAS_COUNT.WR[UNIT5]'/ "/home/intel/oneapi/vtune/2021.1.1/bin64/amplxe-perf-sync" sync sys
1077 [140161065141952] INFO perfrun.perfcollector <> - Path to Perf control pipe: /tmp/amplxe-tmp-efsilva/perf-pipe-3499001-36848116947618350
1077 [140161065141952] INFO perfrun.sdk <> - runCmd: "/home/intel/oneapi/vtune/2021.1.1/bin64/amplxe-perf" record -v --pipe "/tmp/amplxe-tmp-efsilva/perf-pipe-3499001-36848116947618350" --pipe-sync -o "/tmp/amplxe-tmp-efsilva/amplxe-res-3499001-36848114589027849/data.0/3499021.perf" -N -B -T -R -d -p 3499021 --compression-level=1 --threads -e cpu/period=0xaf79e0,event=0x3c,name='CPU_CLK_UNHALTED.THREAD'/Duk,cpu/period=0xaf79e0,umask=0x3,name='CPU_CLK_UNHALTED.REF_TSC'/Duk,cpu/period=0xaf79e0,event=0xc0,name='INST_RETIRED.ANY'/Duk,cpu/period=0x98968f,event=0xa3,umask=0xc,cmask=0xc,name='CYCLE_ACTIVITY.STALLS_L1D_PENDING'/uk,cpu/period=0x7a12f,event=0x3c,umask=0x1,name='CPU_CLK_UNHALTED.REF_XCLK'/uk,cpu/period=0x7a12f,event=0x3c,umask=0x2,name='CPU_CLK_UNHALTED.ONE_THREAD_ACTIVE'/uk,cpu/period=0x98968f,event=0xa3,umask=0x4,cmask=0x4,name='CYCLE_ACTIVITY.CYCLES_NO_EXECUTE'/uk,cpu/period=0x98968f,event=0xa3,umask=0x6,cmask=0x6,name='CYCLE_ACTIVITY.STALLS_LDM_PENDING'/uk,cpu/period=0x98968f,event=0xa3,umask=0x5,cmask=0x5,name='CYCLE_ACTIVITY.STALLS_L2_PENDING'/uk,cpu/period=0x98968f,event=0x9c,umask=0x1,name='IDQ_UOPS_NOT_DELIVERED.CORE'/uk,cpu/period=0x98968f,event=0xd,umask=0x3,cmask=0x1,name='INT_MISC.RECOVERY_CYCLES'/uk,cpu/period=0x3d09f,event=0xd1,umask=0x4,name='MEM_LOAD_UOPS_RETIRED.L3_HIT_PS'/ukpp,cpu/period=0x3d09f,event=0xd1,umask=0x20,name='MEM_LOAD_UOPS_RETIRED.L3_MISS_PS'/ukpp,cpu/period=0x98968f,event=0x60,umask=0x8,cmask=0x1,name='OFFCORE_REQUESTS_OUTSTANDING.CYCLES_WITH_DATA_RD'/uk,cpu/period=0x98968f,event=0x60,umask=0x8,cmask=0x6,name='OFFCORE_REQUESTS_OUTSTANDING.ALL_DATA_RD:cmask=6'/uk,cpu/period=0x98968f,event=0xa2,umask=0x8,name='RESOURCE_STALLS.SB'/uk,cpu/period=0x98968f,event=0x5e,umask=0x1,name='RS_EVENTS.EMPTY_CYCLES'/uk,cpu/period=0x98968f,event=0xb1,umask=0x2,cmask=0x1,name='UOPS_EXECUTED.CORE:cmask=1'/uk,cpu/period=0x98968f,event=0xb1,umask=0x2,cmask=0x2,name='UOPS_EXECUTED.CORE:cmask=2'/uk,cpu/period=0x98968f,event=0xb1,umask=0x2,cmask=0x3,name='UOPS_EXECUTED.CORE:cmask=3'/uk,cpu/period=0x98968f,event=0xe,umask=0x1,name='UOPS_ISSUED.ANY'/uk,cpu/period=0x98968f,event=0xc2,umask=0x2,name='UOPS_RETIRED.RETIRE_SLOTS'/uk,cpu/period=0x98968f,event=0x9c,umask=0x1,cmask=0x4,name='IDQ_UOPS_NOT_DELIVERED.CYCLES_0_UOPS_DELIV.CORE'/uk,cpu/period=0x7a12f,event=0xd0,umask=0x81,name='MEM_UOPS_RETIRED.ALL_LOADS_PS'/ukpp,cpu/period=0x7a12f,event=0xd0,umask=0x82,name='MEM_UOPS_RETIRED.ALL_STORES_PS'/ukpp,cpu/period=0x7a12f,event=0xd3,umask=0x1,name='MEM_LOAD_UOPS_L3_MISS_RETIRED.LOCAL_DRAM_PS'/ukpp,cpu/period=0x7a12f,event=0xd3,umask=0x4,name='MEM_LOAD_UOPS_L3_MISS_RETIRED.REMOTE_DRAM_PS'/ukpp,cpu/period=0x7a12f,event=0xd3,umask=0x10,name='MEM_LOAD_UOPS_L3_MISS_RETIRED.REMOTE_HITM_PS'/ukpp,cpu/period=0x7a12f,event=0xd3,umask=0x20,name='MEM_LOAD_UOPS_L3_MISS_RETIRED.REMOTE_FWD_PS'/ukpp --clockid=monotonic_raw "/home/intel/oneapi/vtune/2021.1.1/bin64/amplxe-perf-sync" sync sys
1084 [140161081927360] INFO perfrun.perfcollector <> - PERF_STAT : "     0.010388884;CPU0;6002;;UNC_M_CAS_COUNT.RD[UNIT0];10377775;100.00;;"
1084 [140161081927360] INFO perfrun.perfcollector <> - PERF_STAT : "     0.010388884;CPU10;4421;;UNC_M_CAS_COUNT.RD[UNIT0];10294380;100.00;;"
1084 [140161081927360] INFO perfrun.perfcollector <> - PERF_STAT : "     0.010388884;CPU0;6486;;UNC_M_CAS_COUNT.RD[UNIT1];10370286;100.00;;"
1084 [140161081927360] INFO perfrun.perfcollector <> - PERF_STAT : "     0.010388884;CPU10;3841;;UNC_M_CAS_COUNT.RD[UNIT1];10286875;100.00;;"
1084 [140161081927360] INFO perfrun.perfcollector <> - PERF_STAT : "     0.010388884;CPU0;5682;;UNC_M_CAS_COUNT.RD[UNIT4];10363602;100.00;;"
1084 [140161081927360] INFO perfrun.perfcollector <> - PERF_STAT : "     0.010388884;CPU10;4485;;UNC_M_CAS_COUNT.RD[UNIT4];10279017;100.00;;"
1084 [140161081927360] INFO perfrun.perfcollector <> - PERF_STAT : "     0.010388884;CPU0;6225;;UNC_M_CAS_COUNT.RD[UNIT5];10356375;100.00;;"
1084 [140161081927360] INFO perfrun.perfcollector <> - PERF_STAT : "     0.010388884;CPU10;3965;;UNC_M_CAS_COUNT.RD[UNIT5];10271419;100.00;;"
1084 [140161081927360] INFO perfrun.perfcollector <> - PERF_STAT : "     0.010388884;CPU0;4718;;UNC_M_CAS_COUNT.WR[UNIT0];10350729;100.00;;"
1084 [140161081927360] INFO perfrun.perfcollector <> - PERF_STAT : "     0.010388884;CPU10;8266;;UNC_M_CAS_COUNT.WR[UNIT0];10265102;100.00;;"
1084 [140161081927360] INFO perfrun.perfcollector <> - PERF_STAT : "     0.010388884;CPU0;5184;;UNC_M_CAS_COUNT.WR[UNIT1];10341742;100.00;;"
1084 [140161081927360] INFO perfrun.perfcollector <> - PERF_STAT : "     0.010388884;CPU10;7655;;UNC_M_CAS_COUNT.WR[UNIT1];10252022;100.00;;"
1084 [140161081927360] INFO perfrun.perfcollector <> - PERF_STAT : "     0.010388884;CPU0;4723;;UNC_M_CAS_COUNT.WR[UNIT4];10330342;100.00;;"
1084 [140161081927360] INFO perfrun.perfcollector <> - PERF_STAT : "     0.010388884;CPU10;8289;;UNC_M_CAS_COUNT.WR[UNIT4];10239143;100.00;;"
1084 [140161081927360] INFO perfrun.perfcollector <> - PERF_STAT : "     0.010388884;CPU0;5308;;UNC_M_CAS_COUNT.WR[UNIT5];10318889;100.00;;"
1084 [140161081927360] INFO perfrun.perfcollector <> - PERF_STAT : "     0.010388884;CPU10;7593;;UNC_M_CAS_COUNT.WR[UNIT5];10225970;100.00;;"
1094 [140161081927360] INFO perfrun.perfcollector <> - PERF_STAT : "     0.020668183;CPU0;862;;UNC_M_CAS_COUNT.RD[UNIT0];10278109;100.00;;"
1094 [140161081927360] INFO perfrun.perfcollector <> - PERF_STAT : "     0.020668183;CPU10;1420;;UNC_M_CAS_COUNT.RD[UNIT0];10274668;100.00;;"
1094 [140161081927360] INFO perfrun.perfcollector <> - PERF_STAT : "     0.020668183;CPU0;1364;;UNC_M_CAS_COUNT.RD[UNIT1];10277831;100.00;;"
1094 [140161081927360] INFO perfrun.perfcollector <> - PERF_STAT : "     0.020668183;CPU10;880;;UNC_M_CAS_COUNT.RD[UNIT1];10274412;100.00;;"
1094 [140161081927360] INFO perfrun.perfcollector <> - PERF_STAT : "     0.020668183;CPU0;869;;UNC_M_CAS_COUNT.RD[UNIT4];10277941;100.00;;"
1094 [140161081927360] INFO perfrun.perfcollector <> - PERF_STAT : "     0.020668183;CPU10;1440;;UNC_M_CAS_COUNT.RD[UNIT4];10274525;100.00;;"
1094 [140161081927360] INFO perfrun.perfcollector <> - PERF_STAT : "     0.020668183;CPU0;1350;;UNC_M_CAS_COUNT.RD[UNIT5];10278032;100.00;;"
1094 [140161081927360] INFO perfrun.perfcollector <> - PERF_STAT : "     0.020668183;CPU10;891;;UNC_M_CAS_COUNT.RD[UNIT5];10274483;100.00;;"
1094 [140161081927360] INFO perfrun.perfcollector <> - PERF_STAT : "     0.020668183;CPU0;726;;UNC_M_CAS_COUNT.WR[UNIT0];10277919;100.00;;"
1094 [140161081927360] INFO perfrun.perfcollector <> - PERF_STAT : "     0.020668183;CPU10;2003;;UNC_M_CAS_COUNT.WR[UNIT0];10274341;100.00;;"
1094 [140161081927360] INFO perfrun.perfcollector <> - PERF_STAT : "     0.020668183;CPU0;1260;;UNC_M_CAS_COUNT.WR[UNIT1];10275262;100.00;;"
1094 [140161081927360] INFO perfrun.perfcollector <> - PERF_STAT : "     0.020668183;CPU10;1455;;UNC_M_CAS_COUNT.WR[UNIT1];10274259;100.00;;"
1094 [140161081927360] INFO perfrun.perfcollector <> - PERF_STAT : "     0.020668183;CPU0;697;;UNC_M_CAS_COUNT.WR[UNIT4];10275174;100.00;;"
1094 [140161081927360] INFO perfrun.perfcollector <> - PERF_STAT : "     0.020668183;CPU10;1995;;UNC_M_CAS_COUNT.WR[UNIT4];10274130;100.00;;"
1094 [140161081927360] INFO perfrun.perfcollector <> - PERF_STAT : "     0.020668183;CPU0;1291;;UNC_M_CAS_COUNT.WR[UNIT5];10275124;100.00;;"
1094 [140161081927360] INFO perfrun.perfcollector <> - PERF_STAT : "     0.020668183;CPU10;1494;;UNC_M_CAS_COUNT.WR[UNIT5];10274092;100.00;;"
1104 [140161081927360] INFO perfrun.perfcollector <> - PERF_STAT : "     0.030916107;CPU0;390;;UNC_M_CAS_COUNT.RD[UNIT0];10248265;100.00;;"
1104 [140161081927360] INFO perfrun.perfcollector <> - PERF_STAT : "     0.030916107;CPU10;1023;;UNC_M_CAS_COUNT.RD[UNIT0];10247731;100.00;;"
1104 [140161081927360] INFO perfrun.perfcollector <> - PERF_STAT : "     0.030916107;CPU0;920;;UNC_M_CAS_COUNT.RD[UNIT1];10248299;100.00;;"
1104 [140161081927360] INFO perfrun.perfcollector <> - PERF_STAT : "     0.030916107;CPU10;498;;UNC_M_CAS_COUNT.RD[UNIT1];10247718;100.00;;"
1104 [140161081927360] INFO perfrun.perfcollector <> - PERF_STAT : "     0.030916107;CPU0;357;;UNC_M_CAS_COUNT.RD[UNIT4];10248309;100.00;;"
1104 [140161081927360] INFO perfrun.perfcollector <> - PERF_STAT : "     0.030916107;CPU10;1009;;UNC_M_CAS_COUNT.RD[UNIT4];10247471;100.00;;"
1104 [140161081927360] INFO perfrun.perfcollector <> - PERF_STAT : "     0.030916107;CPU0;887;;UNC_M_CAS_COUNT.RD[UNIT5];10248207;100.00;;"
1104 [140161081927360] INFO perfrun.perfcollector <> - PERF_STAT : "     0.030916107;CPU10;508;;UNC_M_CAS_COUNT.RD[UNIT5];10247507;100.00;;"
1104 [140161081927360] INFO perfrun.perfcollector <> - PERF_STAT : "     0.030916107;CPU0;297;;UNC_M_CAS_COUNT.WR[UNIT0];10248279;100.00;;"
1104 [140161081927360] INFO perfrun.perfcollector <> - PERF_STAT : "     0.030916107;CPU10;1194;;UNC_M_CAS_COUNT.WR[UNIT0];10247491;100.00;;"
1104 [140161081927360] INFO perfrun.perfcollector <> - PERF_STAT : "     0.030916107;CPU0;844;;UNC_M_CAS_COUNT.WR[UNIT1];10248359;100.00;;"
1104 [140161081927360] INFO perfrun.perfcollector <> - PERF_STAT : "     0.030916107;CPU10;679;;UNC_M_CAS_COUNT.WR[UNIT1];10247571;100.00;;"
1104 [140161081927360] INFO perfrun.perfcollector <> - PERF_STAT : "     0.030916107;CPU0;294;;UNC_M_CAS_COUNT.WR[UNIT4];10248369;100.00;;"
1104 [140161081927360] INFO perfrun.perfcollector <> - PERF_STAT : "     0.030916107;CPU10;1251;;UNC_M_CAS_COUNT.WR[UNIT4];10247707;100.00;;"
1104 [140161081927360] INFO perfrun.perfcollector <> - PERF_STAT : "     0.030916107;CPU0;806;;UNC_M_CAS_COUNT.WR[UNIT5];10248334;100.00;;"
1104 [140161081927360] INFO perfrun.perfcollector <> - PERF_STAT : "     0.030916107;CPU10;646;;UNC_M_CAS_COUNT.WR[UNIT5];10247695;100.00;;"
1114 [140161081927360] INFO perfrun.perfcollector <> - PERF_STAT : "     0.041280591;CPU0;3919;;UNC_M_CAS_COUNT.RD[UNIT0];10347840;100.00;;"
1115 [140161081927360] INFO perfrun.perfcollector <> - PERF_STAT : "     0.041280591;CPU10;3874;;UNC_M_CAS_COUNT.RD[UNIT0];10350294;100.00;;"
1115 [140161081927360] INFO perfrun.perfcollector <> - PERF_STAT : "     0.041280591;CPU0;4504;;UNC_M_CAS_COUNT.RD[UNIT1];10348012;100.00;;"
1115 [140161081927360] INFO perfrun.perfcollector <> - PERF_STAT : "     0.041280591;CPU10;3387;;UNC_M_CAS_COUNT.RD[UNIT1];10350591;100.00;;"
1115 [140161081927360] INFO perfrun.perfcollector <> - PERF_STAT : "     0.041280591;CPU0;3822;;UNC_M_CAS_COUNT.RD[UNIT4];10348080;100.00;;"
1115 [140161081927360] INFO perfrun.perfcollector <> - PERF_STAT : "     0.041280591;CPU10;3881;;UNC_M_CAS_COUNT.RD[UNIT4];10350858;100.00;;"
1115 [140161081927360] INFO perfrun.perfcollector <> - PERF_STAT : "     0.041280591;CPU0;4544;;UNC_M_CAS_COUNT.RD[UNIT5];10348228;100.00;;"
1115 [140161081927360] INFO perfrun.perfcollector <> - PERF_STAT : "     0.041280591;CPU10;3348;;UNC_M_CAS_COUNT.RD[UNIT5];10350984;100.00;;"
1115 [140161081927360] INFO perfrun.perfcollector <> - PERF_STAT : "     0.041280591;CPU0;1490;;UNC_M_CAS_COUNT.WR[UNIT0];10348248;100.00;;"
1115 [140161081927360] INFO perfrun.perfcollector <> - PERF_STAT : "     0.041280591;CPU10;4346;;UNC_M_CAS_COUNT.WR[UNIT0];10350948;100.00;;"
1115 [140161081927360] INFO perfrun.perfcollector <> - PERF_STAT : "     0.041280591;CPU0;2036;;UNC_M_CAS_COUNT.WR[UNIT1];10348339;100.00;;"
1115 [140161081927360] INFO perfrun.perfcollector <> - PERF_STAT : "     0.041280591;CPU10;3790;;UNC_M_CAS_COUNT.WR[UNIT1];10351080;100.00;;"
1115 [140161081927360] INFO perfrun.perfcollector <> - PERF_STAT : "     0.041280591;CPU0;1600;;UNC_M_CAS_COUNT.WR[UNIT4];10348463;100.00;;"
1115 [140161081927360] INFO perfrun.perfcollector <> - PERF_STAT : "     0.041280591;CPU10;4329;;UNC_M_CAS_COUNT.WR[UNIT4];10351070;100.00;;"
1115 [140161081927360] INFO perfrun.perfcollector <> - PERF_STAT : "     0.041280591;CPU0;2087;;UNC_M_CAS_COUNT.WR[UNIT5];10348580;100.00;;"
1115 [140161081927360] INFO perfrun.perfcollector <> - PERF_STAT : "     0.041280591;CPU10;3738;;UNC_M_CAS_COUNT.WR[UNIT5];10351137;100.00;;"
1125 [140161081927360] INFO perfrun.perfcollector <> - PERF_STAT : "     0.051535439;CPU0;2404;;UNC_M_CAS_COUNT.RD[UNIT0];10254654;100.00;;"
1125 [140161081927360] INFO perfrun.perfcollector <> - PERF_STAT : "     0.051535439;CPU10;7758;;UNC_M_CAS_COUNT.RD[UNIT0];10254440;100.00;;"
1125 [140161081927360] INFO perfrun.perfcollector <> - PERF_STAT : "     0.051535439;CPU0;2880;;UNC_M_CAS_COUNT.RD[UNIT1];10254561;100.00;;"
1125 [140161081927360] INFO perfrun.perfcollector <> - PERF_STAT : "     0.051535439;CPU10;7212;;UNC_M_CAS_COUNT.RD[UNIT1];10254146;100.00;;"
1125 [140161081927360] INFO perfrun.perfcollector <> - PERF_STAT : "     0.051535439;CPU0;2376;;UNC_M_CAS_COUNT.RD[UNIT4];10254576;100.00;;"
1125 [140161081927360] INFO perfrun.perfcollector <> - PERF_STAT : "     0.051535439;CPU10;7763;;UNC_M_CAS_COUNT.RD[UNIT4];10254080;100.00;;"
1125 [140161081927360] INFO perfrun.perfcollector <> - PERF_STAT : "     0.051535439;CPU0;2919;;UNC_M_CAS_COUNT.RD[UNIT5];10254698;100.00;;"
1125 [140161081927360] INFO perfrun.perfcollector <> - PERF_STAT : "     0.051535439;CPU10;7233;;UNC_M_CAS_COUNT.RD[UNIT5];10254083;100.00;;"
1125 [140161081927360] INFO perfrun.perfcollector <> - PERF_STAT : "     0.051535439;CPU0;1692;;UNC_M_CAS_COUNT.WR[UNIT0];10254793;100.00;;"
1125 [140161081927360] INFO perfrun.perfcollector <> - PERF_STAT : "     0.051535439;CPU10;5642;;UNC_M_CAS_COUNT.WR[UNIT0];10254162;100.00;;"
1125 [140161081927360] INFO perfrun.perfcollector <> - PERF_STAT : "     0.051535439;CPU0;2272;;UNC_M_CAS_COUNT.WR[UNIT1];10254909;100.00;;"
1125 [140161081927360] INFO perfrun.perfcollector <> - PERF_STAT : "     0.051535439;CPU10;5446;;UNC_M_CAS_COUNT.WR[UNIT1];10253999;100.00;;"
1125 [140161081927360] INFO perfrun.perfcollector <> - PERF_STAT : "     0.051535439;CPU0;1614;;UNC_M_CAS_COUNT.WR[UNIT4];10254969;100.00;;"
1125 [140161081927360] INFO perfrun.perfcollector <> - PERF_STAT : "     0.051535439;CPU10;5833;;UNC_M_CAS_COUNT.WR[UNIT4];10253912;100.00;;"
1125 [140161081927360] INFO perfrun.perfcollector <> - PERF_STAT : "     0.051535439;CPU0;2169;;UNC_M_CAS_COUNT.WR[UNIT5];10255004;100.00;;"
1125 [140161081927360] INFO perfrun.perfcollector <> - PERF_STAT : "     0.051535439;CPU10;5229;;UNC_M_CAS_COUNT.WR[UNIT5];10253953;100.00;;"
1135 [140161081927360] INFO perfrun.perfcollector <> - PERF_STAT : "     0.061770811;CPU0;1508;;UNC_M_CAS_COUNT.RD[UNIT0];10248295;100.00;;"
1135 [140161081927360] INFO perfrun.perfcollector <> - PERF_STAT : "     0.061770811;CPU10;6744;;UNC_M_CAS_COUNT.RD[UNIT0];10245020;100.00;;"
1135 [140161081927360] INFO perfrun.perfcollector <> - PERF_STAT : "     0.061770811;CPU0;2131;;UNC_M_CAS_COUNT.RD[UNIT1];10248037;100.00;;"
1135 [140161081927360] INFO perfrun.perfcollector <> - PERF_STAT : "     0.061770811;CPU10;6225;;UNC_M_CAS_COUNT.RD[UNIT1];10244839;100.00;;"
1135 [140161081927360] INFO perfrun.perfcollector <> - PERF_STAT : "     0.061770811;CPU0;1493;;UNC_M_CAS_COUNT.RD[UNIT4];10247841;100.00;;"
1135 [140161081927360] INFO perfrun.perfcollector <> - PERF_STAT : "     0.061770811;CPU10;6778;;UNC_M_CAS_COUNT.RD[UNIT4];10244470;100.00;;"
1135 [140161081927360] INFO perfrun.perfcollector <> - PERF_STAT : "     0.061770811;CPU0;2066;;UNC_M_CAS_COUNT.RD[UNIT5];10247689;100.00;;"
1135 [140161081927360] INFO perfrun.perfcollector <> - PERF_STAT : "     0.061770811;CPU10;6299;;UNC_M_CAS_COUNT.RD[UNIT5];10244212;100.00;;"
1135 [140161081927360] INFO perfrun.perfcollector <> - PERF_STAT : "     0.061770811;CPU0;1197;;UNC_M_CAS_COUNT.WR[UNIT0];10247560;100.00;;"
1135 [140161081927360] INFO perfrun.perfcollector <> - PERF_STAT : "     0.061770811;CPU10;4627;;UNC_M_CAS_COUNT.WR[UNIT0];10244099;100.00;;"
1135 [140161081927360] INFO perfrun.perfcollector <> - PERF_STAT : "     0.061770811;CPU0;1740;;UNC_M_CAS_COUNT.WR[UNIT1];10247261;100.00;;"
1135 [140161081927360] INFO perfrun.perfcollector <> - PERF_STAT : "     0.061770811;CPU10;4071;;UNC_M_CAS_COUNT.WR[UNIT1];10243985;100.00;;"
1135 [140161081927360] INFO perfrun.perfcollector <> - PERF_STAT : "     0.061770811;CPU0;1120;;UNC_M_CAS_COUNT.WR[UNIT4];10247149;100.00;;"
1135 [140161081927360] INFO perfrun.perfcollector <> - PERF_STAT : "     0.061770811;CPU10;4583;;UNC_M_CAS_COUNT.WR[UNIT4];10243874;100.00;;"
1135 [140161081927360] INFO perfrun.perfcollector <> - PERF_STAT : "     0.061770811;CPU0;1723;;UNC_M_CAS_COUNT.WR[UNIT5];10246969;100.00;;"
1135 [140161081927360] INFO perfrun.perfcollector <> - PERF_STAT : "     0.061770811;CPU10;4043;;UNC_M_CAS_COUNT.WR[UNIT5];10243671;100.00;;"
1145 [140161081927360] INFO perfrun.perfcollector <> - PERF_STAT : "     0.072007635;CPU0;1809;;UNC_M_CAS_COUNT.RD[UNIT0];10236004;100.00;;"
1145 [140161081927360] INFO perfrun.perfcollector <> - PERF_STAT : "     0.072007635;CPU10;2415;;UNC_M_CAS_COUNT.RD[UNIT0];10235706;100.00;;"
1145 [140161081927360] INFO perfrun.perfcollector <> - PERF_STAT : "     0.072007635;CPU0;2254;;UNC_M_CAS_COUNT.RD[UNIT1];10236017;100.00;;"
1145 [140161081927360] INFO perfrun.perfcollector <> - PERF_STAT : "     0.072007635;CPU10;1931;;UNC_M_CAS_COUNT.RD[UNIT1];10235692;100.00;;"
1145 [140161081927360] INFO perfrun.perfcollector <> - PERF_STAT : "     0.072007635;CPU0;1758;;UNC_M_CAS_COUNT.RD[UNIT4];10236010;100.00;;"
1145 [140161081927360] INFO perfrun.perfcollector <> - PERF_STAT : "     0.072007635;CPU10;2487;;UNC_M_CAS_COUNT.RD[UNIT4];10235987;100.00;;"
1145 [140161081927360] INFO perfrun.perfcollector <> - PERF_STAT : "     0.072007635;CPU0;2306;;UNC_M_CAS_COUNT.RD[UNIT5];10235881;100.00;;"
1145 [140161081927360] INFO perfrun.perfcollector <> - PERF_STAT : "     0.072007635;CPU10;1941;;UNC_M_CAS_COUNT.RD[UNIT5];10236036;100.00;;"
1145 [140161081927360] INFO perfrun.perfcollector <> - PERF_STAT : "     0.072007635;CPU0;497;;UNC_M_CAS_COUNT.WR[UNIT0];10235796;100.00;;"
1145 [140161081927360] INFO perfrun.perfcollector <> - PERF_STAT : "     0.072007635;CPU10;2316;;UNC_M_CAS_COUNT.WR[UNIT0];10236006;100.00;;"
1145 [140161081927360] INFO perfrun.perfcollector <> - PERF_STAT : "     0.072007635;CPU0;1053;;UNC_M_CAS_COUNT.WR[UNIT1];10235794;100.00;;"
1145 [140161081927360] INFO perfrun.perfcollector <> - PERF_STAT : "     0.072007635;CPU10;1754;;UNC_M_CAS_COUNT.WR[UNIT1];10235978;100.00;;"
1145 [140161081927360] INFO perfrun.perfcollector <> - PERF_STAT : "     0.072007635;CPU0;507;;UNC_M_CAS_COUNT.WR[UNIT4];10235698;100.00;;"
1145 [140161081927360] INFO perfrun.perfcollector <> - PERF_STAT : "     0.072007635;CPU10;2292;;UNC_M_CAS_COUNT.WR[UNIT4];10235996;100.00;;"
1145 [140161081927360] INFO perfrun.perfcollector <> - PERF_STAT : "     0.072007635;CPU0;1014;;UNC_M_CAS_COUNT.WR[UNIT5];10235694;100.00;;"
1145 [140161081927360] INFO perfrun.perfcollector <> - PERF_STAT : "     0.072007635;CPU10;1768;;UNC_M_CAS_COUNT.WR[UNIT5];10235990;100.00;;"
1155 [140161081927360] INFO perfrun.perfcollector <> - PERF_STAT : "     0.082241968;CPU0;1820;;UNC_M_CAS_COUNT.RD[UNIT0];10234757;100.00;;"
1156 [140161081927360] INFO perfrun.perfcollector <> - PERF_STAT : "     0.082241968;CPU10;818;;UNC_M_CAS_COUNT.RD[UNIT0];10234459;100.00;;"
1156 [140161081927360] INFO perfrun.perfcollector <> - PERF_STAT : "     0.082241968;CPU0;2302;;UNC_M_CAS_COUNT.RD[UNIT1];10234735;100.00;;"
1156 [140161081927360] INFO perfrun.perfcollector <> - PERF_STAT : "     0.082241968;CPU10;291;;UNC_M_CAS_COUNT.RD[UNIT1];10234402;100.00;;"
1156 [140161081927360] INFO perfrun.perfcollector <> - PERF_STAT : "     0.082241968;CPU0;1755;;UNC_M_CAS_COUNT.RD[UNIT4];10234771;100.00;;"
1156 [140161081927360] INFO perfrun.perfcollector <> - PERF_STAT : "     0.082241968;CPU10;854;;UNC_M_CAS_COUNT.RD[UNIT4];10234059;100.00;;"
1156 [140161081927360] INFO perfrun.perfcollector <> - PERF_STAT : "     0.082241968;CPU0;2315;;UNC_M_CAS_COUNT.RD[UNIT5];10234882;100.00;;"
1156 [140161081927360] INFO perfrun.perfcollector <> - PERF_STAT : "     0.082241968;CPU10;310;;UNC_M_CAS_COUNT.RD[UNIT5];10234059;100.00;;"
1156 [140161081927360] INFO perfrun.perfcollector <> - PERF_STAT : "     0.082241968;CPU0;237;;UNC_M_CAS_COUNT.WR[UNIT0];10234884;100.00;;"
1156 [140161081927360] INFO perfrun.perfcollector <> - PERF_STAT : "     0.082241968;CPU10;1525;;UNC_M_CAS_COUNT.WR[UNIT0];10234054;100.00;;"
1156 [140161081927360] INFO perfrun.perfcollector <> - PERF_STAT : "     0.082241968;CPU0;759;;UNC_M_CAS_COUNT.WR[UNIT1];10234877;100.00;;"
1156 [140161081927360] INFO perfrun.perfcollector <> - PERF_STAT : "     0.082241968;CPU10;972;;UNC_M_CAS_COUNT.WR[UNIT1];10234153;100.00;;"
1156 [140161081927360] INFO perfrun.perfcollector <> - PERF_STAT : "     0.082241968;CPU0;229;;UNC_M_CAS_COUNT.WR[UNIT4];10234870;100.00;;"
1156 [140161081927360] INFO perfrun.perfcollector <> - PERF_STAT : "     0.082241968;CPU10;1478;;UNC_M_CAS_COUNT.WR[UNIT4];10234125;100.00;;"
1156 [140161081927360] INFO perfrun.perfcollector <> - PERF_STAT : "     0.082241968;CPU0;749;;UNC_M_CAS_COUNT.WR[UNIT5];10234884;100.00;;"
1156 [140161081927360] INFO perfrun.perfcollector <> - PERF_STAT : "     0.082241968;CPU10;931;;UNC_M_CAS_COUNT.WR[UNIT5];10234110;100.00;;"
1166 [140161081927360] INFO perfrun.perfcollector <> - PERF_STAT : "     0.092484714;CPU0;873;;UNC_M_CAS_COUNT.RD[UNIT0];10244759;100.00;;"
1166 [140161081927360] INFO perfrun.perfcollector <> - PERF_STAT : "     0.092484714;CPU10;819;;UNC_M_CAS_COUNT.RD[UNIT0];10244528;100.00;;"
1166 [140161081927360] INFO perfrun.perfcollector <> - PERF_STAT : "     0.092484714;CPU0;1421;;UNC_M_CAS_COUNT.RD[UNIT1];10244771;100.00;;"
1166 [140161081927360] INFO perfrun.perfcollector <> - PERF_STAT : "     0.092484714;CPU10;308;;UNC_M_CAS_COUNT.RD[UNIT1];10244518;100.00;;"
1166 [140161081927360] INFO perfrun.perfcollector <> - PERF_STAT : "     0.092484714;CPU0;857;;UNC_M_CAS_COUNT.RD[UNIT4];10244722;100.00;;"
1166 [140161081927360] INFO perfrun.perfcollector <> - PERF_STAT : "     0.092484714;CPU10;847;;UNC_M_CAS_COUNT.RD[UNIT4];10244509;100.00;;"
1166 [140161081927360] INFO perfrun.perfcollector <> - PERF_STAT : "     0.092484714;CPU0;1411;;UNC_M_CAS_COUNT.RD[UNIT5];10244898;100.00;;"
1166 [140161081927360] INFO perfrun.perfcollector <> - PERF_STAT : "     0.092484714;CPU10;302;;UNC_M_CAS_COUNT.RD[UNIT5];10244403;100.00;;"
1166 [140161081927360] INFO perfrun.perfcollector <> - PERF_STAT : "     0.092484714;CPU0;165;;UNC_M_CAS_COUNT.WR[UNIT0];10244961;100.00;;"
1166 [140161081927360] INFO perfrun.perfcollector <> - PERF_STAT : "     0.092484714;CPU10;992;;UNC_M_CAS_COUNT.WR[UNIT0];10244386;100.00;;"
1166 [140161081927360] INFO perfrun.perfcollector <> - PERF_STAT : "     0.092484714;CPU0;714;;UNC_M_CAS_COUNT.WR[UNIT1];10244955;100.00;;"
1166 [140161081927360] INFO perfrun.perfcollector <> - PERF_STAT : "     0.092484714;CPU10;514;;UNC_M_CAS_COUNT.WR[UNIT1];10244266;100.00;;"
1166 [140161081927360] INFO perfrun.perfcollector <> - PERF_STAT : "     0.092484714;CPU0;162;;UNC_M_CAS_COUNT.WR[UNIT4];10244951;100.00;;"
1166 [140161081927360] INFO perfrun.perfcollector <> - PERF_STAT : "     0.092484714;CPU10;974;;UNC_M_CAS_COUNT.WR[UNIT4];10244235;100.00;;"
1166 [140161081927360] INFO perfrun.perfcollector <> - PERF_STAT : "     0.092484714;CPU0;678;;UNC_M_CAS_COUNT.WR[UNIT5];10244950;100.00;;"
1166 [140161081927360] INFO perfrun.perfcollector <> - PERF_STAT : "     0.092484714;CPU10;458;;UNC_M_CAS_COUNT.WR[UNIT5];10244221;100.00;;"
1176 [140161081927360] INFO perfrun.perfcollector <> - PERF_STAT : "     0.102723346;CPU0;148;;UNC_M_CAS_COUNT.RD[UNIT0];10234483;100.00;;"
1176 [140161081927360] INFO perfrun.perfcollector <> - PERF_STAT : "     0.102723346;CPU10;617;;UNC_M_CAS_COUNT.RD[UNIT0];10234198;100.00;;"
1176 [140161081927360] INFO perfrun.perfcollector <> - PERF_STAT : "     0.102723346;CPU0;657;;UNC_M_CAS_COUNT.RD[UNIT1];10234512;100.00;;"
1176 [140161081927360] INFO perfrun.perfcollector <> - PERF_STAT : "     0.102723346;CPU10;100;;UNC_M_CAS_COUNT.RD[UNIT1];10234147;100.00;;"
1176 [140161081927360] INFO perfrun.perfcollector <> - PERF_STAT : "     0.102723346;CPU0;100;;UNC_M_CAS_COUNT.RD[UNIT4];10234549;100.00;;"
1176 [140161081927360] INFO perfrun.perfcollector <> - PERF_STAT : "     0.102723346;CPU10;650;;UNC_M_CAS_COUNT.RD[UNIT4];10234232;100.00;;"
1176 [140161081927360] INFO perfrun.perfcollector <> - PERF_STAT : "     0.102723346;CPU0;662;;UNC_M_CAS_COUNT.RD[UNIT5];10234239;100.00;;"
1176 [140161081927360] INFO perfrun.perfcollector <> - PERF_STAT : "     0.102723346;CPU10;109;;UNC_M_CAS_COUNT.RD[UNIT5];10234328;100.00;;"
1176 [140161081927360] INFO perfrun.perfcollector <> - PERF_STAT : "     0.102723346;CPU0;22;;UNC_M_CAS_COUNT.WR[UNIT0];10234240;100.00;;"
1176 [140161081927360] INFO perfrun.perfcollector <> - PERF_STAT : "     0.102723346;CPU10;549;;UNC_M_CAS_COUNT.WR[UNIT0];10234322;100.00;;"
1176 [140161081927360] INFO perfrun.perfcollector <> - PERF_STAT : "     0.102723346;CPU0;554;;UNC_M_CAS_COUNT.WR[UNIT1];10234242;100.00;;"
1176 [140161081927360] INFO perfrun.perfcollector <> - PERF_STAT : "     0.102723346;CPU10;23;;UNC_M_CAS_COUNT.WR[UNIT1];10234300;100.00;;"
1176 [140161081927360] INFO perfrun.perfcollector <> - PERF_STAT : "     0.102723346;CPU0;12;;UNC_M_CAS_COUNT.WR[UNIT4];10234353;100.00;;"
1176 [140161081927360] INFO perfrun.perfcollector <> - PERF_STAT : "     0.102723346;CPU10;566;;UNC_M_CAS_COUNT.WR[UNIT4];10234382;100.00;;"
1176 [140161081927360] INFO perfrun.perfcollector <> - PERF_STAT : "     0.102723346;CPU0;556;;UNC_M_CAS_COUNT.WR[UNIT5];10234402;100.00;;"
1176 [140161081927360] INFO perfrun.perfcollector <> - PERF_STAT : "     0.102723346;CPU10;16;;UNC_M_CAS_COUNT.WR[UNIT5];10234391;100.00;;"
1186 [140161081927360] INFO perfrun.perfcollector <> - PERF_STAT : "     0.112958472;CPU0;743;;UNC_M_CAS_COUNT.RD[UNIT0];10234915;100.00;;"
1186 [140161081927360] INFO perfrun.perfcollector <> - PERF_STAT : "     0.112958472;CPU10;758;;UNC_M_CAS_COUNT.RD[UNIT0];10236122;100.00;;"
1186 [140161081927360] INFO perfrun.perfcollector <> - PERF_STAT : "     0.112958472;CPU0;1265;;UNC_M_CAS_COUNT.RD[UNIT1];10234999;100.00;;"
1186 [140161081927360] INFO perfrun.perfcollector <> - PERF_STAT : "     0.112958472;CPU10;222;;UNC_M_CAS_COUNT.RD[UNIT1];10236132;100.00;;"
1186 [140161081927360] INFO perfrun.perfcollector <> - PERF_STAT : "     0.112958472;CPU0;689;;UNC_M_CAS_COUNT.RD[UNIT4];10234957;100.00;;"
1186 [140161081927360] INFO perfrun.perfcollector <> - PERF_STAT : "     0.112958472;CPU10;747;;UNC_M_CAS_COUNT.RD[UNIT4];10236140;100.00;;"
1186 [140161081927360] INFO perfrun.perfcollector <> - PERF_STAT : "     0.112958472;CPU0;1254;;UNC_M_CAS_COUNT.RD[UNIT5];10235052;100.00;;"
1186 [140161081927360] INFO perfrun.perfcollector <> - PERF_STAT : "     0.112958472;CPU10;233;;UNC_M_CAS_COUNT.RD[UNIT5];10236112;100.00;;"
1186 [140161081927360] INFO perfrun.perfcollector <> - PERF_STAT : "     0.112958472;CPU0;132;;UNC_M_CAS_COUNT.WR[UNIT0];10235006;100.00;;"
1186 [140161081927360] INFO perfrun.perfcollector <> - PERF_STAT : "     0.112958472;CPU10;840;;UNC_M_CAS_COUNT.WR[UNIT0];10236171;100.00;;"
1186 [140161081927360] INFO perfrun.perfcollector <> - PERF_STAT : "     0.112958472;CPU0;683;;UNC_M_CAS_COUNT.WR[UNIT1];10235233;100.00;;"
1186 [140161081927360] INFO perfrun.perfcollector <> - PERF_STAT : "     0.112958472;CPU10;336;;UNC_M_CAS_COUNT.WR[UNIT1];10236379;100.00;;"
1186 [140161081927360] INFO perfrun.perfcollector <> - PERF_STAT : "     0.112958472;CPU0;139;;UNC_M_CAS_COUNT.WR[UNIT4];10235137;100.00;;"
1186 [140161081927360] INFO perfrun.perfcollector <> - PERF_STAT : "     0.112958472;CPU10;860;;UNC_M_CAS_COUNT.WR[UNIT4];10236338;100.00;;"
1186 [140161081927360] INFO perfrun.perfcollector <> - PERF_STAT : "     0.112958472;CPU0;671;;UNC_M_CAS_COUNT.WR[UNIT5];10235595;100.00;;"
1186 [140161081927360] INFO perfrun.perfcollector <> - PERF_STAT : "     0.112958472;CPU10;309;;UNC_M_CAS_COUNT.WR[UNIT5];10236331;100.00;;"
1196 [140161081927360] INFO perfrun.perfcollector <> - PERF_STAT : "     0.123192332;CPU0;1588;;UNC_M_CAS_COUNT.RD[UNIT0];10232766;100.00;;"
1196 [140161081927360] INFO perfrun.perfcollector <> - PERF_STAT : "     0.123192332;CPU10;644;;UNC_M_CAS_COUNT.RD[UNIT0];10231576;100.00;;"
1196 [140161081927360] INFO perfrun.perfcollector <> - PERF_STAT : "     0.123192332;CPU0;2110;;UNC_M_CAS_COUNT.RD[UNIT1];10232715;100.00;;"
1196 [140161081927360] INFO perfrun.perfcollector <> - PERF_STAT : "     0.123192332;CPU10;115;;UNC_M_CAS_COUNT.RD[UNIT1];10231574;100.00;;"
1196 [140161081927360] INFO perfrun.perfcollector <> - PERF_STAT : "     0.123192332;CPU0;1549;;UNC_M_CAS_COUNT.RD[UNIT4];10232842;100.00;;"
1197 [140161081927360] INFO perfrun.perfcollector <> - PERF_STAT : "     0.123192332;CPU10;674;;UNC_M_CAS_COUNT.RD[UNIT4];10231523;100.00;;"
1197 [140161081927360] INFO perfrun.perfcollector <> - PERF_STAT : "     0.123192332;CPU0;2110;;UNC_M_CAS_COUNT.RD[UNIT5];10232752;100.00;;"
1197 [140161081927360] INFO perfrun.perfcollector <> - PERF_STAT : "     0.123192332;CPU10;140;;UNC_M_CAS_COUNT.RD[UNIT5];10231455;100.00;;"
1197 [140161081927360] INFO perfrun.perfcollector <> - PERF_STAT : "     0.123192332;CPU0;218;;UNC_M_CAS_COUNT.WR[UNIT0];10232738;100.00;;"
1197 [140161081927360] INFO perfrun.perfcollector <> - PERF_STAT : "     0.123192332;CPU10;1267;;UNC_M_CAS_COUNT.WR[UNIT0];10231284;100.00;;"
1197 [140161081927360] INFO perfrun.perfcollector <> - PERF_STAT : "     0.123192332;CPU0;710;;UNC_M_CAS_COUNT.WR[UNIT1];10232502;100.00;;"
1197 [140161081927360] INFO perfrun.perfcollector <> - PERF_STAT : "     0.123192332;CPU10;688;;UNC_M_CAS_COUNT.WR[UNIT1];10231158;100.00;;"
1197 [140161081927360] INFO perfrun.perfcollector <> - PERF_STAT : "     0.123192332;CPU0;156;;UNC_M_CAS_COUNT.WR[UNIT4];10232484;100.00;;"
1197 [140161081927360] INFO perfrun.perfcollector <> - PERF_STAT : "     0.123192332;CPU10;1212;;UNC_M_CAS_COUNT.WR[UNIT4];10231100;100.00;;"
1197 [140161081927360] INFO perfrun.perfcollector <> - PERF_STAT : "     0.123192332;CPU0;733;;UNC_M_CAS_COUNT.WR[UNIT5];10231969;100.00;;"
1197 [140161081927360] INFO perfrun.perfcollector <> - PERF_STAT : "     0.123192332;CPU10;770;;UNC_M_CAS_COUNT.WR[UNIT5];10231066;100.00;;"
1207 [140161081927360] INFO perfrun.perfcollector <> - PERF_STAT : "     0.133426623;CPU0;2018;;UNC_M_CAS_COUNT.RD[UNIT0];10234490;100.00;;"
1207 [140161081927360] INFO perfrun.perfcollector <> - PERF_STAT : "     0.133426623;CPU10;1003;;UNC_M_CAS_COUNT.RD[UNIT0];10234486;100.00;;"
1207 [140161081927360] INFO perfrun.perfcollector <> - PERF_STAT : "     0.133426623;CPU0;2532;;UNC_M_CAS_COUNT.RD[UNIT1];10234420;100.00;;"
1207 [140161081927360] INFO perfrun.perfcollector <> - PERF_STAT : "     0.133426623;CPU10;470;;UNC_M_CAS_COUNT.RD[UNIT1];10234529;100.00;;"
1207 [140161081927360] INFO perfrun.perfcollector <> - PERF_STAT : "     0.133426623;CPU0;1976;;UNC_M_CAS_COUNT.RD[UNIT4];10234284;100.00;;"
1207 [140161081927360] INFO perfrun.perfcollector <> - PERF_STAT : "     0.133426623;CPU10;981;;UNC_M_CAS_COUNT.RD[UNIT4];10234446;100.00;;"
1207 [140161081927360] INFO perfrun.perfcollector <> - PERF_STAT : "     0.133426623;CPU0;2556;;UNC_M_CAS_COUNT.RD[UNIT5];10234277;100.00;;"
1207 [140161081927360] INFO perfrun.perfcollector <> - PERF_STAT : "     0.133426623;CPU10;499;;UNC_M_CAS_COUNT.RD[UNIT5];10234387;100.00;;"
1207 [140161081927360] INFO perfrun.perfcollector <> - PERF_STAT : "     0.133426623;CPU0;264;;UNC_M_CAS_COUNT.WR[UNIT0];10234263;100.00;;"
1207 [140161081927360] INFO perfrun.perfcollector <> - PERF_STAT : "     0.133426623;CPU10;1615;;UNC_M_CAS_COUNT.WR[UNIT0];10234460;100.00;;"
1207 [140161081927360] INFO perfrun.perfcollector <> - PERF_STAT : "     0.133426623;CPU0;786;;UNC_M_CAS_COUNT.WR[UNIT1];10234377;100.00;;"
1207 [140161081927360] INFO perfrun.perfcollector <> - PERF_STAT : "     0.133426623;CPU10;1102;;UNC_M_CAS_COUNT.WR[UNIT1];10234372;100.00;;"
1207 [140161081927360] INFO perfrun.perfcollector <> - PERF_STAT : "     0.133426623;CPU0;230;;UNC_M_CAS_COUNT.WR[UNIT4];10234375;100.00;;"
1207 [140161081927360] INFO perfrun.perfcollector <> - PERF_STAT : "     0.133426623;CPU10;1621;;UNC_M_CAS_COUNT.WR[UNIT4];10234368;100.00;;"
1207 [140161081927360] INFO perfrun.perfcollector <> - PERF_STAT : "     0.133426623;CPU0;799;;UNC_M_CAS_COUNT.WR[UNIT5];10234358;100.00;;"
1207 [140161081927360] INFO perfrun.perfcollector <> - PERF_STAT : "     0.133426623;CPU10;1128;;UNC_M_CAS_COUNT.WR[UNIT5];10234395;100.00;;"
1217 [140161081927360] INFO perfrun.perfcollector <> - PERF_STAT : "     0.143658149;CPU0;1648;;UNC_M_CAS_COUNT.RD[UNIT0];10230234;100.00;;"
1217 [140161081927360] INFO perfrun.perfcollector <> - PERF_STAT : "     0.143658149;CPU10;3013;;UNC_M_CAS_COUNT.RD[UNIT0];10229841;100.00;;"
1217 [140161081927360] INFO perfrun.perfcollector <> - PERF_STAT : "     0.143658149;CPU0;2158;;UNC_M_CAS_COUNT.RD[UNIT1];10230443;100.00;;"
1217 [140161081927360] INFO perfrun.perfcollector <> - PERF_STAT : "     0.143658149;CPU10;2506;;UNC_M_CAS_COUNT.RD[UNIT1];10229766;100.00;;"
1217 [140161081927360] INFO perfrun.perfcollector <> - PERF_STAT : "     0.143658149;CPU0;1621;;UNC_M_CAS_COUNT.RD[UNIT4];10230557;100.00;;"
1217 [140161081927360] INFO perfrun.perfcollector <> - PERF_STAT : "     0.143658149;CPU10;3034;;UNC_M_CAS_COUNT.RD[UNIT4];10229766;100.00;;"
1217 [140161081927360] INFO perfrun.perfcollector <> - PERF_STAT : "     0.143658149;CPU0;2152;;UNC_M_CAS_COUNT.RD[UNIT5];10230574;100.00;;"
1217 [140161081927360] INFO perfrun.perfcollector <> - PERF_STAT : "     0.143658149;CPU10;2518;;UNC_M_CAS_COUNT.RD[UNIT5];10229761;100.00;;"
1217 [140161081927360] INFO perfrun.perfcollector <> - PERF_STAT : "     0.143658149;CPU0;442;;UNC_M_CAS_COUNT.WR[UNIT0];10230578;100.00;;"
1217 [140161081927360] INFO perfrun.perfcollector <> - PERF_STAT : "     0.143658149;CPU10;2390;;UNC_M_CAS_COUNT.WR[UNIT0];10229845;100.00;;"
1217 [140161081927360] INFO perfrun.perfcollector <> - PERF_STAT : "     0.143658149;CPU0;953;;UNC_M_CAS_COUNT.WR[UNIT1];10230453;100.00;;"
1217 [140161081927360] INFO perfrun.perfcollector <> - PERF_STAT : "     0.143658149;CPU10;1835;;UNC_M_CAS_COUNT.WR[UNIT1];10229943;100.00;;"
1217 [140161081927360] INFO perfrun.perfcollector <> - PERF_STAT : "     0.143658149;CPU0;437;;UNC_M_CAS_COUNT.WR[UNIT4];10230446;100.00;;"
1217 [140161081927360] INFO perfrun.perfcollector <> - PERF_STAT : "     0.143658149;CPU10;2402;;UNC_M_CAS_COUNT.WR[UNIT4];10230118;100.00;;"
1217 [140161081927360] INFO perfrun.perfcollector <> - PERF_STAT : "     0.143658149;CPU0;997;;UNC_M_CAS_COUNT.WR[UNIT5];10230457;100.00;;"
1217 [140161081927360] INFO perfrun.perfcollector <> - PERF_STAT : "     0.143658149;CPU10;1847;;UNC_M_CAS_COUNT.WR[UNIT5];10230174;100.00;;"
1227 [140161081927360] INFO perfrun.perfcollector <> - PERF_STAT : "     0.153887966;CPU0;447;;UNC_M_CAS_COUNT.RD[UNIT0];10230452;100.00;;"
1227 [140161081927360] INFO perfrun.perfcollector <> - PERF_STAT : "     0.153887966;CPU10;2231;;UNC_M_CAS_COUNT.RD[UNIT0];10230922;100.00;;"
1227 [140161081927360] INFO perfrun.perfcollector <> - PERF_STAT : "     0.153887966;CPU0;950;;UNC_M_CAS_COUNT.RD[UNIT1];10230243;100.00;;"
1227 [140161081927360] INFO perfrun.perfcollector <> - PERF_STAT : "     0.153887966;CPU10;1693;;UNC_M_CAS_COUNT.RD[UNIT1];10230907;100.00;;"
1227 [140161081927360] INFO perfrun.perfcollector <> - PERF_STAT : "     0.153887966;CPU0;399;;UNC_M_CAS_COUNT.RD[UNIT4];10230112;100.00;;"
1227 [140161081927360] INFO perfrun.perfcollector <> - PERF_STAT : "     0.153887966;CPU10;2250;;UNC_M_CAS_COUNT.RD[UNIT4];10231097;100.00;;"
1227 [140161081927360] INFO perfrun.perfcollector <> - PERF_STAT : "     0.153887966;CPU0;961;;UNC_M_CAS_COUNT.RD[UNIT5];10230096;100.00;;"
1227 [140161081927360] INFO perfrun.perfcollector <> - PERF_STAT : "     0.153887966;CPU10;1720;;UNC_M_CAS_COUNT.RD[UNIT5];10231131;100.00;;"
1227 [140161081927360] INFO perfrun.perfcollector <> - PERF_STAT : "     0.153887966;CPU0;233;;UNC_M_CAS_COUNT.WR[UNIT0];10230096;100.00;;"
1227 [140161081927360] INFO perfrun.perfcollector <> - PERF_STAT : "     0.153887966;CPU10;1410;;UNC_M_CAS_COUNT.WR[UNIT0];10231052;100.00;;"
1227 [140161081927360] INFO perfrun.perfcollector <> - PERF_STAT : "     0.153887966;CPU0;762;;UNC_M_CAS_COUNT.WR[UNIT1];10230107;100.00;;"
1227 [140161081927360] INFO perfrun.perfcollector <> - PERF_STAT : "     0.153887966;CPU10;879;;UNC_M_CAS_COUNT.WR[UNIT1];10231062;100.00;;"
1227 [140161081927360] INFO perfrun.perfcollector <> - PERF_STAT : "     0.153887966;CPU0;244;;UNC_M_CAS_COUNT.WR[UNIT4];10230106;100.00;;"
1227 [140161081927360] INFO perfrun.perfcollector <> - PERF_STAT : "     0.153887966;CPU10;1409;;UNC_M_CAS_COUNT.WR[UNIT4];10230897;100.00;;"
1227 [140161081927360] INFO perfrun.perfcollector <> - PERF_STAT : "     0.153887966;CPU0;765;;UNC_M_CAS_COUNT.WR[UNIT5];10230107;100.00;;"
1227 [140161081927360] INFO perfrun.perfcollector <> - PERF_STAT : "     0.153887966;CPU10;863;;UNC_M_CAS_COUNT.WR[UNIT5];10230831;100.00;;"
1237 [140161081927360] INFO perfrun.perfcollector <> - PERF_STAT : "     0.164122882;CPU0;152;;UNC_M_CAS_COUNT.RD[UNIT0];10234661;100.00;;"
1237 [140161081927360] INFO perfrun.perfcollector <> - PERF_STAT : "     0.164122882;CPU10;2183;;UNC_M_CAS_COUNT.RD[UNIT0];10234528;100.00;;"
1237 [140161081927360] INFO perfrun.perfcollector <> - PERF_STAT : "     0.164122882;CPU0;685;;UNC_M_CAS_COUNT.RD[UNIT1];10234742;100.00;;"
1237 [140161081927360] INFO perfrun.perfcollector <> - PERF_STAT : "     0.164122882;CPU10;1650;;UNC_M_CAS_COUNT.RD[UNIT1];10234491;100.00;;"
1237 [140161081927360] INFO perfrun.perfcollector <> - PERF_STAT : "     0.164122882;CPU0;112;;UNC_M_CAS_COUNT.RD[UNIT4];10234851;100.00;;"
1237 [140161081927360] INFO perfrun.perfcollector <> - PERF_STAT : "     0.164122882;CPU10;2185;;UNC_M_CAS_COUNT.RD[UNIT4];10234305;100.00;;"
1237 [140161081927360] INFO perfrun.perfcollector <> - PERF_STAT : "     0.164122882;CPU0;701;;UNC_M_CAS_COUNT.RD[UNIT5];10234849;100.00;;"
1237 [140161081927360] INFO perfrun.perfcollector <> - PERF_STAT : "     0.164122882;CPU10;1675;;UNC_M_CAS_COUNT.RD[UNIT5];10234306;100.00;;"
1237 [140161081927360] INFO perfrun.perfcollector <> - PERF_STAT : "     0.164122882;CPU0;167;;UNC_M_CAS_COUNT.WR[UNIT0];10234873;100.00;;"
1237 [140161081927360] INFO perfrun.perfcollector <> - PERF_STAT : "     0.164122882;CPU10;1208;;UNC_M_CAS_COUNT.WR[UNIT0];10234293;100.00;;"
1237 [140161081927360] INFO perfrun.perfcollector <> - PERF_STAT : "     0.164122882;CPU0;693;;UNC_M_CAS_COUNT.WR[UNIT1];10234872;100.00;;"
1238 [140161081927360] INFO perfrun.perfcollector <> - PERF_STAT : "     0.164122882;CPU10;664;;UNC_M_CAS_COUNT.WR[UNIT1];10234182;100.00;;"
1238 [140161081927360] INFO perfrun.perfcollector <> - PERF_STAT : "     0.164122882;CPU0;147;;UNC_M_CAS_COUNT.WR[UNIT4];10234980;100.00;;"
1238 [140161081927360] INFO perfrun.perfcollector <> - PERF_STAT : "     0.164122882;CPU10;1243;;UNC_M_CAS_COUNT.WR[UNIT4];10234175;100.00;;"
1238 [140161081927360] INFO perfrun.perfcollector <> - PERF_STAT : "     0.164122882;CPU0;721;;UNC_M_CAS_COUNT.WR[UNIT5];10235163;100.00;;"
1238 [140161081927360] INFO perfrun.perfcollector <> - PERF_STAT : "     0.164122882;CPU10;700;;UNC_M_CAS_COUNT.WR[UNIT5];10234200;100.00;;"
1248 [140161081927360] INFO perfrun.perfcollector <> - PERF_STAT : "     0.174355456;CPU0;876;;UNC_M_CAS_COUNT.RD[UNIT0];10230807;100.00;;"
1248 [140161081927360] INFO perfrun.perfcollector <> - PERF_STAT : "     0.174355456;CPU10;2129;;UNC_M_CAS_COUNT.RD[UNIT0];10230888;100.00;;"
1248 [140161081927360] INFO perfrun.perfcollector <> - PERF_STAT : "     0.174355456;CPU0;1505;;UNC_M_CAS_COUNT.RD[UNIT1];10230791;100.00;;"
1248 [140161081927360] INFO perfrun.perfcollector <> - PERF_STAT : "     0.174355456;CPU10;1594;;UNC_M_CAS_COUNT.RD[UNIT1];10231103;100.00;;"
1248 [140161081927360] INFO perfrun.perfcollector <> - PERF_STAT : "     0.174355456;CPU0;814;;UNC_M_CAS_COUNT.RD[UNIT4];10230787;100.00;;"
1248 [140161081927360] INFO perfrun.perfcollector <> - PERF_STAT : "     0.174355456;CPU10;2142;;UNC_M_CAS_COUNT.RD[UNIT4];10231112;100.00;;"
1248 [140161081927360] INFO perfrun.perfcollector <> - PERF_STAT : "     0.174355456;CPU0;1510;;UNC_M_CAS_COUNT.RD[UNIT5];10230806;100.00;;"
1248 [140161081927360] INFO perfrun.perfcollector <> - PERF_STAT : "     0.174355456;CPU10;1574;;UNC_M_CAS_COUNT.RD[UNIT5];10231103;100.00;;"
1248 [140161081927360] INFO perfrun.perfcollector <> - PERF_STAT : "     0.174355456;CPU0;194;;UNC_M_CAS_COUNT.WR[UNIT0];10230812;100.00;;"
1248 [140161081927360] INFO perfrun.perfcollector <> - PERF_STAT : "     0.174355456;CPU10;1190;;UNC_M_CAS_COUNT.WR[UNIT0];10231109;100.00;;"
1248 [140161081927360] INFO perfrun.perfcollector <> - PERF_STAT : "     0.174355456;CPU0;749;;UNC_M_CAS_COUNT.WR[UNIT1];10230804;100.00;;"
1248 [140161081927360] INFO perfrun.perfcollector <> - PERF_STAT : "     0.174355456;CPU10;697;;UNC_M_CAS_COUNT.WR[UNIT1];10231114;100.00;;"
1248 [140161081927360] INFO perfrun.perfcollector <> - PERF_STAT : "     0.174355456;CPU0;200;;UNC_M_CAS_COUNT.WR[UNIT4];10230704;100.00;;"
1248 [140161081927360] INFO perfrun.perfcollector <> - PERF_STAT : "     0.174355456;CPU10;1205;;UNC_M_CAS_COUNT.WR[UNIT4];10231122;100.00;;"
1248 [140161081927360] INFO perfrun.perfcollector <> - PERF_STAT : "     0.174355456;CPU0;755;;UNC_M_CAS_COUNT.WR[UNIT5];10230544;100.00;;"
1248 [140161081927360] INFO perfrun.perfcollector <> - PERF_STAT : "     0.174355456;CPU10;672;;UNC_M_CAS_COUNT.WR[UNIT5];10231089;100.00;;"
1258 [140161081927360] INFO perfrun.perfcollector <> - PERF_STAT : "     0.184586991;CPU0;144;;UNC_M_CAS_COUNT.RD[UNIT0];10230928;100.00;;"
1258 [140161081927360] INFO perfrun.perfcollector <> - PERF_STAT : "     0.184586991;CPU10;2091;;UNC_M_CAS_COUNT.RD[UNIT0];10230350;100.00;;"
1258 [140161081927360] INFO perfrun.perfcollector <> - PERF_STAT : "     0.184586991;CPU0;662;;UNC_M_CAS_COUNT.RD[UNIT1];10230930;100.00;;"
1258 [140161081927360] INFO perfrun.perfcollector <> - PERF_STAT : "     0.184586991;CPU10;1580;;UNC_M_CAS_COUNT.RD[UNIT1];10230198;100.00;;"
1258 [140161081927360] INFO perfrun.perfcollector <> - PERF_STAT : "     0.184586991;CPU0;95;;UNC_M_CAS_COUNT.RD[UNIT4];10230843;100.00;;"
1258 [140161081927360] INFO perfrun.perfcollector <> - PERF_STAT : "     0.184586991;CPU10;2120;;UNC_M_CAS_COUNT.RD[UNIT4];10230248;100.00;;"
1258 [140161081927360] INFO perfrun.perfcollector <> - PERF_STAT : "     0.184586991;CPU0;676;;UNC_M_CAS_COUNT.RD[UNIT5];10230831;100.00;;"
1258 [140161081927360] INFO perfrun.perfcollector <> - PERF_STAT : "     0.184586991;CPU10;1579;;UNC_M_CAS_COUNT.RD[UNIT5];10230237;100.00;;"
1258 [140161081927360] INFO perfrun.perfcollector <> - PERF_STAT : "     0.184586991;CPU0;150;;UNC_M_CAS_COUNT.WR[UNIT0];10230806;100.00;;"
1258 [140161081927360] INFO perfrun.perfcollector <> - PERF_STAT : "     0.184586991;CPU10;1226;;UNC_M_CAS_COUNT.WR[UNIT0];10230230;100.00;;"
1258 [140161081927360] INFO perfrun.perfcollector <> - PERF_STAT : "     0.184586991;CPU0;708;;UNC_M_CAS_COUNT.WR[UNIT1];10230815;100.00;;"
1258 [140161081927360] INFO perfrun.perfcollector <> - PERF_STAT : "     0.184586991;CPU10;693;;UNC_M_CAS_COUNT.WR[UNIT1];10230226;100.00;;"
1258 [140161081927360] INFO perfrun.perfcollector <> - PERF_STAT : "     0.184586991;CPU0;156;;UNC_M_CAS_COUNT.WR[UNIT4];10230819;100.00;;"
1258 [140161081927360] INFO perfrun.perfcollector <> - PERF_STAT : "     0.184586991;CPU10;1249;;UNC_M_CAS_COUNT.WR[UNIT4];10230230;100.00;;"
1258 [140161081927360] INFO perfrun.perfcollector <> - PERF_STAT : "     0.184586991;CPU0;688;;UNC_M_CAS_COUNT.WR[UNIT5];10230787;100.00;;"
1258 [140161081927360] INFO perfrun.perfcollector <> - PERF_STAT : "     0.184586991;CPU10;693;;UNC_M_CAS_COUNT.WR[UNIT5];10230319;100.00;;"
1268 [140161081927360] INFO perfrun.perfcollector <> - PERF_STAT : "     0.194820944;CPU0;323;;UNC_M_CAS_COUNT.RD[UNIT0];10234182;100.00;;"
1268 [140161081927360] INFO perfrun.perfcollector <> - PERF_STAT : "     0.194820944;CPU10;2630;;UNC_M_CAS_COUNT.RD[UNIT0];10234711;100.00;;"
1268 [140161081927360] INFO perfrun.perfcollector <> - PERF_STAT : "     0.194820944;CPU0;832;;UNC_M_CAS_COUNT.RD[UNIT1];10234120;100.00;;"
1268 [140161081927360] INFO perfrun.perfcollector <> - PERF_STAT : "     0.194820944;CPU10;2108;;UNC_M_CAS_COUNT.RD[UNIT1];10234682;100.00;;"
1268 [140161081927360] INFO perfrun.perfcollector <> - PERF_STAT : "     0.194820944;CPU0;279;;UNC_M_CAS_COUNT.RD[UNIT4];10234127;100.00;;"
1268 [140161081927360] INFO perfrun.perfcollector <> - PERF_STAT : "     0.194820944;CPU10;2613;;UNC_M_CAS_COUNT.RD[UNIT4];10234618;100.00;;"
1268 [140161081927360] INFO perfrun.perfcollector <> - PERF_STAT : "     0.194820944;CPU0;827;;UNC_M_CAS_COUNT.RD[UNIT5];10234121;100.00;;"
1268 [140161081927360] INFO perfrun.perfcollector <> - PERF_STAT : "     0.194820944;CPU10;2098;;UNC_M_CAS_COUNT.RD[UNIT5];10234636;100.00;;"
1268 [140161081927360] INFO perfrun.perfcollector <> - PERF_STAT : "     0.194820944;CPU0;235;;UNC_M_CAS_COUNT.WR[UNIT0];10234161;100.00;;"
1268 [140161081927360] INFO perfrun.perfcollector <> - PERF_STAT : "     0.194820944;CPU10;1479;;UNC_M_CAS_COUNT.WR[UNIT0];10234642;100.00;;"
1268 [140161081927360] INFO perfrun.perfcollector <> - PERF_STAT : "     0.194820944;CPU0;733;;UNC_M_CAS_COUNT.WR[UNIT1];10234176;100.00;;"
1268 [140161081927360] INFO perfrun.perfcollector <> - PERF_STAT : "     0.194820944;CPU10;913;;UNC_M_CAS_COUNT.WR[UNIT1];10234729;100.00;;"
1268 [140161081927360] INFO perfrun.perfcollector <> - PERF_STAT : "     0.194820944;CPU0;218;;UNC_M_CAS_COUNT.WR[UNIT4];10234184;100.00;;"
1268 [140161081927360] INFO perfrun.perfcollector <> - PERF_STAT : "     0.194820944;CPU10;1473;;UNC_M_CAS_COUNT.WR[UNIT4];10234733;100.00;;"
1268 [140161081927360] INFO perfrun.perfcollector <> - PERF_STAT : "     0.194820944;CPU0;750;;UNC_M_CAS_COUNT.WR[UNIT5];10234196;100.00;;"
1268 [140161081927360] INFO perfrun.perfcollector <> - PERF_STAT : "     0.194820944;CPU10;812;;UNC_M_CAS_COUNT.WR[UNIT5];10234655;100.00;;"
1278 [140161081927360] INFO perfrun.perfcollector <> - PERF_STAT : "     0.205054772;CPU0;1014;;UNC_M_CAS_COUNT.RD[UNIT0];10232604;100.00;;"
1278 [140161081927360] INFO perfrun.perfcollector <> - PERF_STAT : "     0.205054772;CPU10;1976;;UNC_M_CAS_COUNT.RD[UNIT0];10231647;100.00;;"
1278 [140161081927360] INFO perfrun.perfcollector <> - PERF_STAT : "     0.205054772;CPU0;1509;;UNC_M_CAS_COUNT.RD[UNIT1];10232585;100.00;;"
1278 [140161081927360] INFO perfrun.perfcollector <> - PERF_STAT : "     0.205054772;CPU10;1424;;UNC_M_CAS_COUNT.RD[UNIT1];10231685;100.00;;"
1278 [140161081927360] INFO perfrun.perfcollector <> - PERF_STAT : "     0.205054772;CPU0;955;;UNC_M_CAS_COUNT.RD[UNIT4];10232597;100.00;;"
1278 [140161081927360] INFO perfrun.perfcollector <> - PERF_STAT : "     0.205054772;CPU10;1953;;UNC_M_CAS_COUNT.RD[UNIT4];10231680;100.00;;"
1278 [140161081927360] INFO perfrun.perfcollector <> - PERF_STAT : "     0.205054772;CPU0;1513;;UNC_M_CAS_COUNT.RD[UNIT5];10232627;100.00;;"
1278 [140161081927360] INFO perfrun.perfcollector <> - PERF_STAT : "     0.205054772;CPU10;1445;;UNC_M_CAS_COUNT.RD[UNIT5];10231670;100.00;;"
1278 [140161081927360] INFO perfrun.perfcollector <> - PERF_STAT : "     0.205054772;CPU0;208;;UNC_M_CAS_COUNT.WR[UNIT0];10232584;100.00;;"
1278 [140161081927360] INFO perfrun.perfcollector <> - PERF_STAT : "     0.205054772;CPU10;1347;;UNC_M_CAS_COUNT.WR[UNIT0];10231665;100.00;;"
1278 [140161081927360] INFO perfrun.perfcollector <> - PERF_STAT : "     0.205054772;CPU0;743;;UNC_M_CAS_COUNT.WR[UNIT1];10232658;100.00;;"
1278 [140161081927360] INFO perfrun.perfcollector <> - PERF_STAT : "     0.205054772;CPU10;826;;UNC_M_CAS_COUNT.WR[UNIT1];10231590;100.00;;"
1278 [140161081927360] INFO perfrun.perfcollector <> - PERF_STAT : "     0.205054772;CPU0;194;;UNC_M_CAS_COUNT.WR[UNIT4];10232772;100.00;;"
1278 [140161081927360] INFO perfrun.perfcollector <> - PERF_STAT : "     0.205054772;CPU10;1406;;UNC_M_CAS_COUNT.WR[UNIT4];10231567;100.00;;"
1278 [140161081927360] INFO perfrun.perfcollector <> - PERF_STAT : "     0.205054772;CPU0;739;;UNC_M_CAS_COUNT.WR[UNIT5];10232762;100.00;;"
1278 [140161081927360] INFO perfrun.perfcollector <> - PERF_STAT : "     0.205054772;CPU10;838;;UNC_M_CAS_COUNT.WR[UNIT5];10231548;100.00;;"
1289 [140161081927360] INFO perfrun.perfcollector <> - PERF_STAT : "     0.215284394;CPU0;450;;UNC_M_CAS_COUNT.RD[UNIT0];10228565;100.00;;"
1289 [140161081927360] INFO perfrun.perfcollector <> - PERF_STAT : "     0.215284394;CPU10;1986;;UNC_M_CAS_COUNT.RD[UNIT0];10230360;100.00;;"
1289 [140161081927360] INFO perfrun.perfcollector <> - PERF_STAT : "     0.215284394;CPU0;959;;UNC_M_CAS_COUNT.RD[UNIT1];10228627;100.00;;"
1289 [140161081927360] INFO perfrun.perfcollector <> - PERF_STAT : "     0.215284394;CPU10;1465;;UNC_M_CAS_COUNT.RD[UNIT1];10230326;100.00;;"
1289 [140161081927360] INFO perfrun.perfcollector <> - PERF_STAT : "     0.215284394;CPU0;418;;UNC_M_CAS_COUNT.RD[UNIT4];10228601;100.00;;"
1289 [140161081927360] INFO perfrun.perfcollector <> - PERF_STAT : "     0.215284394;CPU10;2024;;UNC_M_CAS_COUNT.RD[UNIT4];10230423;100.00;;"
1289 [140161081927360] INFO perfrun.perfcollector <> - PERF_STAT : "     0.215284394;CPU0;955;;UNC_M_CAS_COUNT.RD[UNIT5];10228570;100.00;;"
1289 [140161081927360] INFO perfrun.perfcollector <> - PERF_STAT : "     0.215284394;CPU10;1476;;UNC_M_CAS_COUNT.RD[UNIT5];10230429;100.00;;"
1289 [140161081927360] INFO perfrun.perfcollector <> - PERF_STAT : "     0.215284394;CPU0;170;;UNC_M_CAS_COUNT.WR[UNIT0];10228575;100.00;;"
1289 [140161081927360] INFO perfrun.perfcollector <> - PERF_STAT : "     0.215284394;CPU10;1236;;UNC_M_CAS_COUNT.WR[UNIT0];10230434;100.00;;"
1289 [140161081927360] INFO perfrun.perfcollector <> - PERF_STAT : "     0.215284394;CPU0;692;;UNC_M_CAS_COUNT.WR[UNIT1];10228704;100.00;;"
1289 [140161081927360] INFO perfrun.perfcollector <> - PERF_STAT : "     0.215284394;CPU10;691;;UNC_M_CAS_COUNT.WR[UNIT1];10230417;100.00;;"
1289 [140161081927360] INFO perfrun.perfcollector <> - PERF_STAT : "     0.215284394;CPU0;170;;UNC_M_CAS_COUNT.WR[UNIT4];10228584;100.00;;"
1289 [140161081927360] INFO perfrun.perfcollector <> - PERF_STAT : "     0.215284394;CPU10;1175;;UNC_M_CAS_COUNT.WR[UNIT4];10230417;100.00;;"
1289 [140161081927360] INFO perfrun.perfcollector <> - PERF_STAT : "     0.215284394;CPU0;676;;UNC_M_CAS_COUNT.WR[UNIT5];10228919;100.00;;"
1289 [140161081927360] INFO perfrun.perfcollector <> - PERF_STAT : "     0.215284394;CPU10;715;;UNC_M_CAS_COUNT.WR[UNIT5];10230418;100.00;;"
1299 [140161081927360] INFO perfrun.perfcollector <> - PERF_STAT : "     0.225518573;CPU0;424;;UNC_M_CAS_COUNT.RD[UNIT0];10234642;100.00;;"
1299 [140161081927360] INFO perfrun.perfcollector <> - PERF_STAT : "     0.225518573;CPU10;2524;;UNC_M_CAS_COUNT.RD[UNIT0];10233507;100.00;;"
1299 [140161081927360] INFO perfrun.perfcollector <> - PERF_STAT : "     0.225518573;CPU0;958;;UNC_M_CAS_COUNT.RD[UNIT1];10234599;100.00;;"
1299 [140161081927360] INFO perfrun.perfcollector <> - PERF_STAT : "     0.225518573;CPU10;1989;;UNC_M_CAS_COUNT.RD[UNIT1];10233557;100.00;;"
1299 [140161081927360] INFO perfrun.perfcollector <> - PERF_STAT : "     0.225518573;CPU0;388;;UNC_M_CAS_COUNT.RD[UNIT4];10234654;100.00;;"
1299 [140161081927360] INFO perfrun.perfcollector <> - PERF_STAT : "     0.225518573;CPU10;2518;;UNC_M_CAS_COUNT.RD[UNIT4];10233741;100.00;;"
1299 [140161081927360] INFO perfrun.perfcollector <> - PERF_STAT : "     0.225518573;CPU0;935;;UNC_M_CAS_COUNT.RD[UNIT5];10234763;100.00;;"
1299 [140161081927360] INFO perfrun.perfcollector <> - PERF_STAT : "     0.225518573;CPU10;1983;;UNC_M_CAS_COUNT.RD[UNIT5];10233745;100.00;;"
1299 [140161081927360] INFO perfrun.perfcollector <> - PERF_STAT : "     0.225518573;CPU0;282;;UNC_M_CAS_COUNT.WR[UNIT0];10234872;100.00;;"
1299 [140161081927360] INFO perfrun.perfcollector <> - PERF_STAT : "     0.225518573;CPU10;1289;;UNC_M_CAS_COUNT.WR[UNIT0];10233745;100.00;;"
1299 [140161081927360] INFO perfrun.perfcollector <> - PERF_STAT : "     0.225518573;CPU0;813;;UNC_M_CAS_COUNT.WR[UNIT1];10234756;100.00;;"
1299 [140161081927360] INFO perfrun.perfcollector <> - PERF_STAT : "     0.225518573;CPU10;743;;UNC_M_CAS_COUNT.WR[UNIT1];10233752;100.00;;"
1299 [140161081927360] INFO perfrun.perfcollector <> - PERF_STAT : "     0.225518573;CPU0;258;;UNC_M_CAS_COUNT.WR[UNIT4];10234749;100.00;;"
1299 [140161081927360] INFO perfrun.perfcollector <> - PERF_STAT : "     0.225518573;CPU10;1286;;UNC_M_CAS_COUNT.WR[UNIT4];10233758;100.00;;"
1299 [140161081927360] INFO perfrun.perfcollector <> - PERF_STAT : "     0.225518573;CPU0;786;;UNC_M_CAS_COUNT.WR[UNIT5];10234407;100.00;;"
1299 [140161081927360] INFO perfrun.perfcollector <> - PERF_STAT : "     0.225518573;CPU10;690;;UNC_M_CAS_COUNT.WR[UNIT5];10233776;100.00;;"
1309 [140161081927360] INFO perfrun.perfcollector <> - PERF_STAT : "     0.235756438;CPU0;240;;UNC_M_CAS_COUNT.RD[UNIT0];10273904;100.00;;"
1309 [140161081927360] INFO perfrun.perfcollector <> - PERF_STAT : "     0.235756438;CPU10;1728;;UNC_M_CAS_COUNT.RD[UNIT0];10274147;100.00;;"
1309 [140161081927360] INFO perfrun.perfcollector <> - PERF_STAT : "     0.235756438;CPU0;740;;UNC_M_CAS_COUNT.RD[UNIT1];10273888;100.00;;"
1309 [140161081927360] INFO perfrun.perfcollector <> - PERF_STAT : "     0.235756438;CPU10;1201;;UNC_M_CAS_COUNT.RD[UNIT1];10274082;100.00;;"
1309 [140161081927360] INFO perfrun.perfcollector <> - PERF_STAT : "     0.235756438;CPU0;198;;UNC_M_CAS_COUNT.RD[UNIT4];10274030;100.00;;"
1309 [140161081927360] INFO perfrun.perfcollector <> - PERF_STAT : "     0.235756438;CPU10;1731;;UNC_M_CAS_COUNT.RD[UNIT4];10273818;100.00;;"
1309 [140161081927360] INFO perfrun.perfcollector <> - PERF_STAT : "     0.235756438;CPU0;753;;UNC_M_CAS_COUNT.RD[UNIT5];10273996;100.00;;"
1309 [140161081927360] INFO perfrun.perfcollector <> - PERF_STAT : "     0.235756438;CPU10;1218;;UNC_M_CAS_COUNT.RD[UNIT5];10273781;100.00;;"
1309 [140161081927360] INFO perfrun.perfcollector <> - PERF_STAT : "     0.235756438;CPU0;115;;UNC_M_CAS_COUNT.WR[UNIT0];10273875;100.00;;"
1309 [140161081927360] INFO perfrun.perfcollector <> - PERF_STAT : "     0.235756438;CPU10;994;;UNC_M_CAS_COUNT.WR[UNIT0];10273773;100.00;;"
1309 [140161081927360] INFO perfrun.perfcollector <> - PERF_STAT : "     0.235756438;CPU0;657;;UNC_M_CAS_COUNT.WR[UNIT1];10273767;100.00;;"
1309 [140161081927360] INFO perfrun.perfcollector <> - PERF_STAT : "     0.235756438;CPU10;469;;UNC_M_CAS_COUNT.WR[UNIT1];10273770;100.00;;"
1309 [140161081927360] INFO perfrun.perfcollector <> - PERF_STAT : "     0.235756438;CPU0;117;;UNC_M_CAS_COUNT.WR[UNIT4];10273771;100.00;;"
1309 [140161081927360] INFO perfrun.perfcollector <> - PERF_STAT : "     0.235756438;CPU10;976;;UNC_M_CAS_COUNT.WR[UNIT4];10273765;100.00;;"
1309 [140161081927360] INFO perfrun.perfcollector <> - PERF_STAT : "     0.235756438;CPU0;662;;UNC_M_CAS_COUNT.WR[UNIT5];10273773;100.00;;"
1309 [140161081927360] INFO perfrun.perfcollector <> - PERF_STAT : "     0.235756438;CPU10;471;;UNC_M_CAS_COUNT.WR[UNIT5];10273750;100.00;;"
1319 [140161081927360] INFO perfrun.perfcollector <> - PERF_STAT : "     0.246024674;CPU0;630;;UNC_M_CAS_COUNT.RD[UNIT0];10231374;100.00;;"
1319 [140161081927360] INFO perfrun.perfcollector <> - PERF_STAT : "     0.246024674;CPU10;1435;;UNC_M_CAS_COUNT.RD[UNIT0];10231977;100.00;;"
1319 [140161081927360] INFO perfrun.perfcollector <> - PERF_STAT : "     0.246024674;CPU0;1159;;UNC_M_CAS_COUNT.RD[UNIT1];10231377;100.00;;"
1319 [140161081927360] INFO perfrun.perfcollector <> - PERF_STAT : "     0.246024674;CPU10;917;;UNC_M_CAS_COUNT.RD[UNIT1];10232000;100.00;;"
1319 [140161081927360] INFO perfrun.perfcollector <> - PERF_STAT : "     0.246024674;CPU0;584;;UNC_M_CAS_COUNT.RD[UNIT4];10231176;100.00;;"
1319 [140161081927360] INFO perfrun.perfcollector <> - PERF_STAT : "     0.246024674;CPU10;1471;;UNC_M_CAS_COUNT.RD[UNIT4];10232040;100.00;;"
1319 [140161081927360] INFO perfrun.perfcollector <> - PERF_STAT : "     0.246024674;CPU0;1161;;UNC_M_CAS_COUNT.RD[UNIT5];10231113;100.00;;"
1319 [140161081927360] INFO perfrun.perfcollector <> - PERF_STAT : "     0.246024674;CPU10;925;;UNC_M_CAS_COUNT.RD[UNIT5];10232042;100.00;;"
1319 [140161081927360] INFO perfrun.perfcollector <> - PERF_STAT : "     0.246024674;CPU0;130;;UNC_M_CAS_COUNT.WR[UNIT0];10231118;100.00;;"
1319 [140161081927360] INFO perfrun.perfcollector <> - PERF_STAT : "     0.246024674;CPU10;1067;;UNC_M_CAS_COUNT.WR[UNIT0];10232036;100.00;;"
1319 [140161081927360] INFO perfrun.perfcollector <> - PERF_STAT : "     0.246024674;CPU0;677;;UNC_M_CAS_COUNT.WR[UNIT1];10231212;100.00;;"
1319 [140161081927360] INFO perfrun.perfcollector <> - PERF_STAT : "     0.246024674;CPU10;454;;UNC_M_CAS_COUNT.WR[UNIT1];10232042;100.00;;"
1319 [140161081927360] INFO perfrun.perfcollector <> - PERF_STAT : "     0.246024674;CPU0;112;;UNC_M_CAS_COUNT.WR[UNIT4];10231274;100.00;;"
1319 [140161081927360] INFO perfrun.perfcollector <> - PERF_STAT : "     0.246024674;CPU10;1066;;UNC_M_CAS_COUNT.WR[UNIT4];10232046;100.00;;"
1319 [140161081927360] INFO perfrun.perfcollector <> - PERF_STAT : "     0.246024674;CPU0;644;;UNC_M_CAS_COUNT.WR[UNIT5];10231276;100.00;;"
1319 [140161081927360] INFO perfrun.perfcollector <> - PERF_STAT : "     0.246024674;CPU10;494;;UNC_M_CAS_COUNT.WR[UNIT5];10232051;100.00;;"
1329 [140161081927360] INFO perfrun.perfcollector <> - PERF_STAT : "     0.256234700;CPU0;2505;;UNC_M_CAS_COUNT.RD[UNIT0];10192339;100.00;;"
1329 [140161081927360] INFO perfrun.perfcollector <> - PERF_STAT : "     0.256234700;CPU10;3944;;UNC_M_CAS_COUNT.RD[UNIT0];10193229;100.00;;"
1329 [140161081927360] INFO perfrun.perfcollector <> - PERF_STAT : "     0.256234700;CPU0;3009;;UNC_M_CAS_COUNT.RD[UNIT1];10192853;100.00;;"
1329 [140161081927360] INFO perfrun.perfcollector <> - PERF_STAT : "     0.256234700;CPU10;3215;;UNC_M_CAS_COUNT.RD[UNIT1];10193433;100.00;;"
1330 [140161081927360] INFO perfrun.perfcollector <> - PERF_STAT : "     0.256234700;CPU0;19820;;UNC_M_CAS_COUNT.RD[UNIT4];10193074;100.00;;"
1330 [140161081927360] INFO perfrun.perfcollector <> - PERF_STAT : "     0.256234700;CPU10;4115;;UNC_M_CAS_COUNT.RD[UNIT4];10193546;100.00;;"
1330 [140161081927360] INFO perfrun.perfcollector <> - PERF_STAT : "     0.256234700;CPU0;18521;;UNC_M_CAS_COUNT.RD[UNIT5];10193236;100.00;;"
1330 [140161081927360] INFO perfrun.perfcollector <> - PERF_STAT : "     0.256234700;CPU10;4577;;UNC_M_CAS_COUNT.RD[UNIT5];10193715;100.00;;"
1330 [140161081927360] INFO perfrun.perfcollector <> - PERF_STAT : "     0.256234700;CPU0;2259;;UNC_M_CAS_COUNT.WR[UNIT0];10193391;100.00;;"
1330 [140161081927360] INFO perfrun.perfcollector <> - PERF_STAT : "     0.256234700;CPU10;10515;;UNC_M_CAS_COUNT.WR[UNIT0];10193814;100.00;;"
1330 [140161081927360] INFO perfrun.perfcollector <> - PERF_STAT : "     0.256234700;CPU0;2753;;UNC_M_CAS_COUNT.WR[UNIT1];10193465;100.00;;"
1330 [140161081927360] INFO perfrun.perfcollector <> - PERF_STAT : "     0.256234700;CPU10;9721;;UNC_M_CAS_COUNT.WR[UNIT1];10194083;100.00;;"
1330 [140161081927360] INFO perfrun.perfcollector <> - PERF_STAT : "     0.256234700;CPU0;2734;;UNC_M_CAS_COUNT.WR[UNIT4];10193508;100.00;;"
1330 [140161081927360] INFO perfrun.perfcollector <> - PERF_STAT : "     0.256234700;CPU10;10388;;UNC_M_CAS_COUNT.WR[UNIT4];10194233;100.00;;"
1330 [140161081927360] INFO perfrun.perfcollector <> - PERF_STAT : "     0.256234700;CPU0;2760;;UNC_M_CAS_COUNT.WR[UNIT5];10193624;100.00;;"
1330 [140161081927360] INFO perfrun.perfcollector <> - PERF_STAT : "     0.256234700;CPU10;10296;;UNC_M_CAS_COUNT.WR[UNIT5];10194351;100.00;;"
1340 [140161081927360] INFO perfrun.perfcollector <> - PERF_STAT : "     0.266435762;CPU0;2861;;UNC_M_CAS_COUNT.RD[UNIT0];10193868;100.00;;"
1340 [140161081927360] INFO perfrun.perfcollector <> - PERF_STAT : "     0.266435762;CPU10;4095;;UNC_M_CAS_COUNT.RD[UNIT0];10187671;100.00;;"
1340 [140161081927360] INFO perfrun.perfcollector <> - PERF_STAT : "     0.266435762;CPU0;3361;;UNC_M_CAS_COUNT.RD[UNIT1];10192904;100.00;;"
1340 [140161081927360] INFO perfrun.perfcollector <> - PERF_STAT : "     0.266435762;CPU10;3662;;UNC_M_CAS_COUNT.RD[UNIT1];10187818;100.00;;"
1340 [140161081927360] INFO perfrun.perfcollector <> - PERF_STAT : "     0.266435762;CPU0;2871;;UNC_M_CAS_COUNT.RD[UNIT4];10192806;100.00;;"
1340 [140161081927360] INFO perfrun.perfcollector <> - PERF_STAT : "     0.266435762;CPU10;4138;;UNC_M_CAS_COUNT.RD[UNIT4];10187976;100.00;;"
1340 [140161081927360] INFO perfrun.perfcollector <> - PERF_STAT : "     0.266435762;CPU0;3333;;UNC_M_CAS_COUNT.RD[UNIT5];10192759;100.00;;"
1340 [140161081927360] INFO perfrun.perfcollector <> - PERF_STAT : "     0.266435762;CPU10;3600;;UNC_M_CAS_COUNT.RD[UNIT5];10188479;100.00;;"
1340 [140161081927360] INFO perfrun.perfcollector <> - PERF_STAT : "     0.266435762;CPU0;10832;;UNC_M_CAS_COUNT.WR[UNIT0];10192683;100.00;;"
1340 [140161081927360] INFO perfrun.perfcollector <> - PERF_STAT : "     0.266435762;CPU10;23294;;UNC_M_CAS_COUNT.WR[UNIT0];10189051;100.00;;"
1340 [140161081927360] INFO perfrun.perfcollector <> - PERF_STAT : "     0.266435762;CPU0;11398;;UNC_M_CAS_COUNT.WR[UNIT1];10192720;100.00;;"
1340 [140161081927360] INFO perfrun.perfcollector <> - PERF_STAT : "     0.266435762;CPU10;22776;;UNC_M_CAS_COUNT.WR[UNIT1];10189141;100.00;;"
1340 [140161081927360] INFO perfrun.perfcollector <> - PERF_STAT : "     0.266435762;CPU0;10770;;UNC_M_CAS_COUNT.WR[UNIT4];10192712;100.00;;"
1340 [140161081927360] INFO perfrun.perfcollector <> - PERF_STAT : "     0.266435762;CPU10;23234;;UNC_M_CAS_COUNT.WR[UNIT4];10189140;100.00;;"
1340 [140161081927360] INFO perfrun.perfcollector <> - PERF_STAT : "     0.266435762;CPU0;11400;;UNC_M_CAS_COUNT.WR[UNIT5];10192664;100.00;;"
1340 [140161081927360] INFO perfrun.perfcollector <> - PERF_STAT : "     0.266435762;CPU10;22692;;UNC_M_CAS_COUNT.WR[UNIT5];10189156;100.00;;"
1350 [140161081927360] INFO perfrun.perfcollector <> - PERF_STAT : "     0.276669701;CPU0;5517;;UNC_M_CAS_COUNT.RD[UNIT0];10283318;100.00;;"
1350 [140161081927360] INFO perfrun.perfcollector <> - PERF_STAT : "     0.276669701;CPU10;10266;;UNC_M_CAS_COUNT.RD[UNIT0];10298124;100.00;;"
1350 [140161081927360] INFO perfrun.perfcollector <> - PERF_STAT : "     0.276669701;CPU0;6074;;UNC_M_CAS_COUNT.RD[UNIT1];10284038;100.00;;"
1350 [140161081927360] INFO perfrun.perfcollector <> - PERF_STAT : "     0.276669701;CPU10;10273;;UNC_M_CAS_COUNT.RD[UNIT1];10301475;100.00;;"
1350 [140161081927360] INFO perfrun.perfcollector <> - PERF_STAT : "     0.276669701;CPU0;5880;;UNC_M_CAS_COUNT.RD[UNIT4];10284411;100.00;;"
1350 [140161081927360] INFO perfrun.perfcollector <> - PERF_STAT : "     0.276669701;CPU10;10753;;UNC_M_CAS_COUNT.RD[UNIT4];10303308;100.00;;"
1350 [140161081927360] INFO perfrun.perfcollector <> - PERF_STAT : "     0.276669701;CPU0;6254;;UNC_M_CAS_COUNT.RD[UNIT5];10284599;100.00;;"
1350 [140161081927360] INFO perfrun.perfcollector <> - PERF_STAT : "     0.276669701;CPU10;9956;;UNC_M_CAS_COUNT.RD[UNIT5];10304923;100.00;;"
1350 [140161081927360] INFO perfrun.perfcollector <> - PERF_STAT : "     0.276669701;CPU0;23096;;UNC_M_CAS_COUNT.WR[UNIT0];10284733;100.00;;"
1350 [140161081927360] INFO perfrun.perfcollector <> - PERF_STAT : "     0.276669701;CPU10;22659;;UNC_M_CAS_COUNT.WR[UNIT0];10306327;100.00;;"
1350 [140161081927360] INFO perfrun.perfcollector <> - PERF_STAT : "     0.276669701;CPU0;23560;;UNC_M_CAS_COUNT.WR[UNIT1];10284604;100.00;;"
1350 [140161081927360] INFO perfrun.perfcollector <> - PERF_STAT : "     0.276669701;CPU10;22243;;UNC_M_CAS_COUNT.WR[UNIT1];10307931;100.00;;"
1350 [140161081927360] INFO perfrun.perfcollector <> - PERF_STAT : "     0.276669701;CPU0;22805;;UNC_M_CAS_COUNT.WR[UNIT4];10284633;100.00;;"
1350 [140161081927360] INFO perfrun.perfcollector <> - PERF_STAT : "     0.276669701;CPU10;22831;;UNC_M_CAS_COUNT.WR[UNIT4];10309662;100.00;;"
1350 [140161081927360] INFO perfrun.perfcollector <> - PERF_STAT : "     0.276669701;CPU0;23579;;UNC_M_CAS_COUNT.WR[UNIT5];10284679;100.00;;"
1350 [140161081927360] INFO perfrun.perfcollector <> - PERF_STAT : "     0.276669701;CPU10;22363;;UNC_M_CAS_COUNT.WR[UNIT5];10311757;100.00;;"
1358 [140161357624000] INFO perfrun.launcher <> - Launcher: all plugins were started
1358 [140161357624000] INFO perfrun.launcher <> - DirectoryMonitor object was created
1358 [140161357624000] INFO perfrun.launcher <> - DirectoryMonitor: a callback was added
1358 [140161357624000] INFO perfrun.launcher <> - DirectoryMonitor was started with pingTime = 1000
1358 [140161357624000] INFO perfrun.launcher <> - DeadlineTimer is going to be constructed
1358 [140161357624000] INFO perfrun.launcher <> - DeadlineTimer: a callback was added
1360 [140161081927360] INFO perfrun.perfcollector <> - PERF_STAT : "     0.287009488;CPU0;4843;;UNC_M_CAS_COUNT.RD[UNIT0];10353469;100.00;;"
1360 [140161081927360] INFO perfrun.perfcollector <> - PERF_STAT : "     0.287009488;CPU10;9485;;UNC_M_CAS_COUNT.RD[UNIT0];10346235;100.00;;"
1360 [140161081927360] INFO perfrun.perfcollector <> - PERF_STAT : "     0.287009488;CPU0;5497;;UNC_M_CAS_COUNT.RD[UNIT1];10353641;100.00;;"
1360 [140161081927360] INFO perfrun.perfcollector <> - PERF_STAT : "     0.287009488;CPU10;8889;;UNC_M_CAS_COUNT.RD[UNIT1];10342548;100.00;;"
1360 [140161081927360] INFO perfrun.perfcollector <> - PERF_STAT : "     0.287009488;CPU0;6326;;UNC_M_CAS_COUNT.RD[UNIT4];10353373;100.00;;"
1360 [140161081927360] INFO perfrun.perfcollector <> - PERF_STAT : "     0.287009488;CPU10;9267;;UNC_M_CAS_COUNT.RD[UNIT4];10340534;100.00;;"
1360 [140161081927360] INFO perfrun.perfcollector <> - PERF_STAT : "     0.287009488;CPU0;6532;;UNC_M_CAS_COUNT.RD[UNIT5];10353273;100.00;;"
1360 [140161081927360] INFO perfrun.perfcollector <> - PERF_STAT : "     0.287009488;CPU10;9386;;UNC_M_CAS_COUNT.RD[UNIT5];10338323;100.00;;"
1360 [140161081927360] INFO perfrun.perfcollector <> - PERF_STAT : "     0.287009488;CPU0;4948;;UNC_M_CAS_COUNT.WR[UNIT0];10353284;100.00;;"
1360 [140161081927360] INFO perfrun.perfcollector <> - PERF_STAT : "     0.287009488;CPU10;1874;;UNC_M_CAS_COUNT.WR[UNIT0];10336184;100.00;;"
1360 [140161081927360] INFO perfrun.perfcollector <> - PERF_STAT : "     0.287009488;CPU0;5479;;UNC_M_CAS_COUNT.WR[UNIT1];10353391;100.00;;"
1360 [140161081927360] INFO perfrun.perfcollector <> - PERF_STAT : "     0.287009488;CPU10;1536;;UNC_M_CAS_COUNT.WR[UNIT1];10334311;100.00;;"
1360 [140161081927360] INFO perfrun.perfcollector <> - PERF_STAT : "     0.287009488;CPU0;5401;;UNC_M_CAS_COUNT.WR[UNIT4];10353476;100.00;;"
1360 [140161081927360] INFO perfrun.perfcollector <> - PERF_STAT : "     0.287009488;CPU10;1813;;UNC_M_CAS_COUNT.WR[UNIT4];10332537;100.00;;"
1360 [140161081927360] INFO perfrun.perfcollector <> - PERF_STAT : "     0.287009488;CPU0;5391;;UNC_M_CAS_COUNT.WR[UNIT5];10353551;100.00;;"
1360 [140161081927360] INFO perfrun.perfcollector <> - PERF_STAT : "     0.287009488;CPU10;1537;;UNC_M_CAS_COUNT.WR[UNIT5];10330308;100.00;;"
1366 [140161357624000] INFO perfrun.launcher <> - Launcher: resume the profiled application and  wait its termination or stop command
1371 [140161081927360] INFO perfrun.perfcollector <> - PERF_STAT : "     0.297317892;CPU0;7646;;UNC_M_CAS_COUNT.RD[UNIT0];10292151;100.00;;"
1371 [140161081927360] INFO perfrun.perfcollector <> - PERF_STAT : "     0.297317892;CPU10;4280;;UNC_M_CAS_COUNT.RD[UNIT0];10299580;100.00;;"
1371 [140161081927360] INFO perfrun.perfcollector <> - PERF_STAT : "     0.297317892;CPU0;8263;;UNC_M_CAS_COUNT.RD[UNIT1];10291969;100.00;;"
1371 [140161081927360] INFO perfrun.perfcollector <> - PERF_STAT : "     0.297317892;CPU10;4113;;UNC_M_CAS_COUNT.RD[UNIT1];10302621;100.00;;"
1371 [140161081927360] INFO perfrun.perfcollector <> - PERF_STAT : "     0.297317892;CPU0;7601;;UNC_M_CAS_COUNT.RD[UNIT4];10291912;100.00;;"
1371 [140161081927360] INFO perfrun.perfcollector <> - PERF_STAT : "     0.297317892;CPU10;4232;;UNC_M_CAS_COUNT.RD[UNIT4];10304431;100.00;;"
1371 [140161081927360] INFO perfrun.perfcollector <> - PERF_STAT : "     0.297317892;CPU0;8248;;UNC_M_CAS_COUNT.RD[UNIT5];10291856;100.00;;"
1371 [140161081927360] INFO perfrun.perfcollector <> - PERF_STAT : "     0.297317892;CPU10;4076;;UNC_M_CAS_COUNT.RD[UNIT5];10306312;100.00;;"
1371 [140161081927360] INFO perfrun.perfcollector <> - PERF_STAT : "     0.297317892;CPU0;7456;;UNC_M_CAS_COUNT.WR[UNIT0];10291795;100.00;;"
1371 [140161081927360] INFO perfrun.perfcollector <> - PERF_STAT : "     0.297317892;CPU10;1075;;UNC_M_CAS_COUNT.WR[UNIT0];10308361;100.00;;"
1371 [140161081927360] INFO perfrun.perfcollector <> - PERF_STAT : "     0.297317892;CPU0;8060;;UNC_M_CAS_COUNT.WR[UNIT1];10291794;100.00;;"
1371 [140161081927360] INFO perfrun.perfcollector <> - PERF_STAT : "     0.297317892;CPU10;862;;UNC_M_CAS_COUNT.WR[UNIT1];10310201;100.00;;"
1371 [140161081927360] INFO perfrun.perfcollector <> - PERF_STAT : "     0.297317892;CPU0;7567;;UNC_M_CAS_COUNT.WR[UNIT4];10291748;100.00;;"
1371 [140161081927360] INFO perfrun.perfcollector <> - PERF_STAT : "     0.297317892;CPU10;1001;;UNC_M_CAS_COUNT.WR[UNIT4];10311984;100.00;;"
1371 [140161081927360] INFO perfrun.perfcollector <> - PERF_STAT : "     0.297317892;CPU0;8122;;UNC_M_CAS_COUNT.WR[UNIT5];10291721;100.00;;"
1371 [140161081927360] INFO perfrun.perfcollector <> - PERF_STAT : "     0.297317892;CPU10;867;;UNC_M_CAS_COUNT.WR[UNIT5];10313886;100.00;;"
1381 [140161081927360] INFO perfrun.perfcollector <> - PERF_STAT : "     0.307664163;CPU0;940;;UNC_M_CAS_COUNT.RD[UNIT0];10305707;100.00;;"
1381 [140161081927360] INFO perfrun.perfcollector <> - PERF_STAT : "     0.307664163;CPU10;9805;;UNC_M_CAS_COUNT.RD[UNIT0];10299948;100.00;;"
1381 [140161081927360] INFO perfrun.perfcollector <> - PERF_STAT : "     0.307664163;CPU0;1425;;UNC_M_CAS_COUNT.RD[UNIT1];10305917;100.00;;"
1381 [140161081927360] INFO perfrun.perfcollector <> - PERF_STAT : "     0.307664163;CPU10;9707;;UNC_M_CAS_COUNT.RD[UNIT1];10297141;100.00;;"
1381 [140161081927360] INFO perfrun.perfcollector <> - PERF_STAT : "     0.307664163;CPU0;883;;UNC_M_CAS_COUNT.RD[UNIT4];10305963;100.00;;"
1381 [140161081927360] INFO perfrun.perfcollector <> - PERF_STAT : "     0.307664163;CPU10;9707;;UNC_M_CAS_COUNT.RD[UNIT4];10295359;100.00;;"
1381 [140161081927360] INFO perfrun.perfcollector <> - PERF_STAT : "     0.307664163;CPU0;1401;;UNC_M_CAS_COUNT.RD[UNIT5];10306110;100.00;;"
1381 [140161081927360] INFO perfrun.perfcollector <> - PERF_STAT : "     0.307664163;CPU10;9686;;UNC_M_CAS_COUNT.RD[UNIT5];10293584;100.00;;"
1381 [140161081927360] INFO perfrun.perfcollector <> - PERF_STAT : "     0.307664163;CPU0;6568;;UNC_M_CAS_COUNT.WR[UNIT0];10306218;100.00;;"
1381 [140161081927360] INFO perfrun.perfcollector <> - PERF_STAT : "     0.307664163;CPU10;479;;UNC_M_CAS_COUNT.WR[UNIT0];10291767;100.00;;"
1381 [140161081927360] INFO perfrun.perfcollector <> - PERF_STAT : "     0.307664163;CPU0;7161;;UNC_M_CAS_COUNT.WR[UNIT1];10306349;100.00;;"
1381 [140161081927360] INFO perfrun.perfcollector <> - PERF_STAT : "     0.307664163;CPU10;382;;UNC_M_CAS_COUNT.WR[UNIT1];10290127;100.00;;"
1381 [140161081927360] INFO perfrun.perfcollector <> - PERF_STAT : "     0.307664163;CPU0;6606;;UNC_M_CAS_COUNT.WR[UNIT4];10306385;100.00;;"
1381 [140161081927360] INFO perfrun.perfcollector <> - PERF_STAT : "     0.307664163;CPU10;440;;UNC_M_CAS_COUNT.WR[UNIT4];10288390;100.00;;"
1381 [140161081927360] INFO perfrun.perfcollector <> - PERF_STAT : "     0.307664163;CPU0;7227;;UNC_M_CAS_COUNT.WR[UNIT5];10306431;100.00;;"
1381 [140161081927360] INFO perfrun.perfcollector <> - PERF_STAT : "     0.307664163;CPU10;342;;UNC_M_CAS_COUNT.WR[UNIT5];10286652;100.00;;"
1391 [140161081927360] INFO perfrun.perfcollector <> - PERF_STAT : "     0.317940196;CPU0;1061;;UNC_M_CAS_COUNT.RD[UNIT0];10311519;100.00;;"
1391 [140161081927360] INFO perfrun.perfcollector <> - PERF_STAT : "     0.317940196;CPU10;2688;;UNC_M_CAS_COUNT.RD[UNIT0];10316080;100.00;;"
1391 [140161081927360] INFO perfrun.perfcollector <> - PERF_STAT : "     0.317940196;CPU0;1650;;UNC_M_CAS_COUNT.RD[UNIT1];10311247;100.00;;"
1391 [140161081927360] INFO perfrun.perfcollector <> - PERF_STAT : "     0.317940196;CPU10;2608;;UNC_M_CAS_COUNT.RD[UNIT1];10318808;100.00;;"
1391 [140161081927360] INFO perfrun.perfcollector <> - PERF_STAT : "     0.317940196;CPU0;998;;UNC_M_CAS_COUNT.RD[UNIT4];10311158;100.00;;"
1391 [140161081927360] INFO perfrun.perfcollector <> - PERF_STAT : "     0.317940196;CPU10;2574;;UNC_M_CAS_COUNT.RD[UNIT4];10320580;100.00;;"
1391 [140161081927360] INFO perfrun.perfcollector <> - PERF_STAT : "     0.317940196;CPU0;1627;;UNC_M_CAS_COUNT.RD[UNIT5];10311055;100.00;;"
1391 [140161081927360] INFO perfrun.perfcollector <> - PERF_STAT : "     0.317940196;CPU10;2576;;UNC_M_CAS_COUNT.RD[UNIT5];10322435;100.00;;"
1391 [140161081927360] INFO perfrun.perfcollector <> - PERF_STAT : "     0.317940196;CPU0;8219;;UNC_M_CAS_COUNT.WR[UNIT0];10310892;100.00;;"
1391 [140161081927360] INFO perfrun.perfcollector <> - PERF_STAT : "     0.317940196;CPU10;997;;UNC_M_CAS_COUNT.WR[UNIT0];10324262;100.00;;"
1391 [140161081927360] INFO perfrun.perfcollector <> - PERF_STAT : "     0.317940196;CPU0;8672;;UNC_M_CAS_COUNT.WR[UNIT1];10310644;100.00;;"
1391 [140161081927360] INFO perfrun.perfcollector <> - PERF_STAT : "     0.317940196;CPU10;941;;UNC_M_CAS_COUNT.WR[UNIT1];10326008;100.00;;"
1391 [140161081927360] INFO perfrun.perfcollector <> - PERF_STAT : "     0.317940196;CPU0;8247;;UNC_M_CAS_COUNT.WR[UNIT4];10310473;100.00;;"
1391 [140161081927360] INFO perfrun.perfcollector <> - PERF_STAT : "     0.317940196;CPU10;992;;UNC_M_CAS_COUNT.WR[UNIT4];10327782;100.00;;"
1391 [140161081927360] INFO perfrun.perfcollector <> - PERF_STAT : "     0.317940196;CPU0;8801;;UNC_M_CAS_COUNT.WR[UNIT5];10310368;100.00;;"
1391 [140161081927360] INFO perfrun.perfcollector <> - PERF_STAT : "     0.317940196;CPU10;903;;UNC_M_CAS_COUNT.WR[UNIT5];10329547;100.00;;"
1402 [140161081927360] INFO perfrun.perfcollector <> - PERF_STAT : "     0.328258241;CPU0;6910;;UNC_M_CAS_COUNT.RD[UNIT0];10323173;100.00;;"
1402 [140161081927360] INFO perfrun.perfcollector <> - PERF_STAT : "     0.328258241;CPU10;9512;;UNC_M_CAS_COUNT.RD[UNIT0];10336218;100.00;;"
1402 [140161081927360] INFO perfrun.perfcollector <> - PERF_STAT : "     0.328258241;CPU0;7593;;UNC_M_CAS_COUNT.RD[UNIT1];10323298;100.00;;"
1402 [140161081927360] INFO perfrun.perfcollector <> - PERF_STAT : "     0.328258241;CPU10;8909;;UNC_M_CAS_COUNT.RD[UNIT1];10336281;100.00;;"
1402 [140161081927360] INFO perfrun.perfcollector <> - PERF_STAT : "     0.328258241;CPU0;7015;;UNC_M_CAS_COUNT.RD[UNIT4];10323372;100.00;;"
1402 [140161081927360] INFO perfrun.perfcollector <> - PERF_STAT : "     0.328258241;CPU10;9529;;UNC_M_CAS_COUNT.RD[UNIT4];10336244;100.00;;"
1402 [140161081927360] INFO perfrun.perfcollector <> - PERF_STAT : "     0.328258241;CPU0;7682;;UNC_M_CAS_COUNT.RD[UNIT5];10323314;100.00;;"
1402 [140161081927360] INFO perfrun.perfcollector <> - PERF_STAT : "     0.328258241;CPU10;9242;;UNC_M_CAS_COUNT.RD[UNIT5];10336167;100.00;;"
1402 [140161081927360] INFO perfrun.perfcollector <> - PERF_STAT : "     0.328258241;CPU0;8126;;UNC_M_CAS_COUNT.WR[UNIT0];10323317;100.00;;"
1402 [140161081927360] INFO perfrun.perfcollector <> - PERF_STAT : "     0.328258241;CPU10;7001;;UNC_M_CAS_COUNT.WR[UNIT0];10336053;100.00;;"
1402 [140161081927360] INFO perfrun.perfcollector <> - PERF_STAT : "     0.328258241;CPU0;8491;;UNC_M_CAS_COUNT.WR[UNIT1];10323351;100.00;;"
1402 [140161081927360] INFO perfrun.perfcollector <> - PERF_STAT : "     0.328258241;CPU10;6733;;UNC_M_CAS_COUNT.WR[UNIT1];10336128;100.00;;"
1402 [140161081927360] INFO perfrun.perfcollector <> - PERF_STAT : "     0.328258241;CPU0;8304;;UNC_M_CAS_COUNT.WR[UNIT4];10323427;100.00;;"
1402 [140161081927360] INFO perfrun.perfcollector <> - PERF_STAT : "     0.328258241;CPU10;6969;;UNC_M_CAS_COUNT.WR[UNIT4];10336084;100.00;;"
1402 [140161081927360] INFO perfrun.perfcollector <> - PERF_STAT : "     0.328258241;CPU0;8567;;UNC_M_CAS_COUNT.WR[UNIT5];10323428;100.00;;"
1402 [140161081927360] INFO perfrun.perfcollector <> - PERF_STAT : "     0.328258241;CPU10;6640;;UNC_M_CAS_COUNT.WR[UNIT5];10336107;100.00;;"
1412 [140161081927360] INFO perfrun.perfcollector <> - PERF_STAT : "     0.338573919;CPU0;2112;;UNC_M_CAS_COUNT.RD[UNIT0];10307800;100.00;;"
1412 [140161081927360] INFO perfrun.perfcollector <> - PERF_STAT : "     0.338573919;CPU10;17076;;UNC_M_CAS_COUNT.RD[UNIT0];10325911;100.00;;"
1412 [140161081927360] INFO perfrun.perfcollector <> - PERF_STAT : "     0.338573919;CPU0;2229;;UNC_M_CAS_COUNT.RD[UNIT1];10310642;100.00;;"
1412 [140161081927360] INFO perfrun.perfcollector <> - PERF_STAT : "     0.338573919;CPU10;16636;;UNC_M_CAS_COUNT.RD[UNIT1];10330244;100.00;;"
1412 [140161081927360] INFO perfrun.perfcollector <> - PERF_STAT : "     0.338573919;CPU0;1962;;UNC_M_CAS_COUNT.RD[UNIT4];10312462;100.00;;"
1412 [140161081927360] INFO perfrun.perfcollector <> - PERF_STAT : "     0.338573919;CPU10;17151;;UNC_M_CAS_COUNT.RD[UNIT4];10328377;100.00;;"
1412 [140161081927360] INFO perfrun.perfcollector <> - PERF_STAT : "     0.338573919;CPU0;2181;;UNC_M_CAS_COUNT.RD[UNIT5];10314230;100.00;;"
1412 [140161081927360] INFO perfrun.perfcollector <> - PERF_STAT : "     0.338573919;CPU10;16554;;UNC_M_CAS_COUNT.RD[UNIT5];10326543;100.00;;"
1412 [140161081927360] INFO perfrun.perfcollector <> - PERF_STAT : "     0.338573919;CPU0;9909;;UNC_M_CAS_COUNT.WR[UNIT0];10316075;100.00;;"
1412 [140161081927360] INFO perfrun.perfcollector <> - PERF_STAT : "     0.338573919;CPU10;11444;;UNC_M_CAS_COUNT.WR[UNIT0];10324960;100.00;;"
1412 [140161081927360] INFO perfrun.perfcollector <> - PERF_STAT : "     0.338573919;CPU0;10109;;UNC_M_CAS_COUNT.WR[UNIT1];10317949;100.00;;"
1412 [140161081927360] INFO perfrun.perfcollector <> - PERF_STAT : "     0.338573919;CPU10;11070;;UNC_M_CAS_COUNT.WR[UNIT1];10322906;100.00;;"
1412 [140161081927360] INFO perfrun.perfcollector <> - PERF_STAT : "     0.338573919;CPU0;9825;;UNC_M_CAS_COUNT.WR[UNIT4];10319723;100.00;;"
1412 [140161081927360] INFO perfrun.perfcollector <> - PERF_STAT : "     0.338573919;CPU10;11643;;UNC_M_CAS_COUNT.WR[UNIT4];10321038;100.00;;"
1412 [140161081927360] INFO perfrun.perfcollector <> - PERF_STAT : "     0.338573919;CPU0;10117;;UNC_M_CAS_COUNT.WR[UNIT5];10321554;100.00;;"
1412 [140161081927360] INFO perfrun.perfcollector <> - PERF_STAT : "     0.338573919;CPU10;10937;;UNC_M_CAS_COUNT.WR[UNIT5];10319120;100.00;;"
1422 [140161081927360] INFO perfrun.perfcollector <> - PERF_STAT : "     0.348900221;CPU0;8789;;UNC_M_CAS_COUNT.RD[UNIT0];10325268;100.00;;"
1422 [140161081927360] INFO perfrun.perfcollector <> - PERF_STAT : "     0.348900221;CPU10;30632;;UNC_M_CAS_COUNT.RD[UNIT0];10293045;100.00;;"
1422 [140161081927360] INFO perfrun.perfcollector <> - PERF_STAT : "     0.348900221;CPU0;9090;;UNC_M_CAS_COUNT.RD[UNIT1];10322177;100.00;;"
1422 [140161081927360] INFO perfrun.perfcollector <> - PERF_STAT : "     0.348900221;CPU10;30092;;UNC_M_CAS_COUNT.RD[UNIT1];10288811;100.00;;"
1422 [140161081927360] INFO perfrun.perfcollector <> - PERF_STAT : "     0.348900221;CPU0;8712;;UNC_M_CAS_COUNT.RD[UNIT4];10320198;100.00;;"
1422 [140161081927360] INFO perfrun.perfcollector <> - PERF_STAT : "     0.348900221;CPU10;30617;;UNC_M_CAS_COUNT.RD[UNIT4];10290756;100.00;;"
1422 [140161081927360] INFO perfrun.perfcollector <> - PERF_STAT : "     0.348900221;CPU0;8992;;UNC_M_CAS_COUNT.RD[UNIT5];10318299;100.00;;"
1422 [140161081927360] INFO perfrun.perfcollector <> - PERF_STAT : "     0.348900221;CPU10;30187;;UNC_M_CAS_COUNT.RD[UNIT5];10292636;100.00;;"
1422 [140161081927360] INFO perfrun.perfcollector <> - PERF_STAT : "     0.348900221;CPU0;11476;;UNC_M_CAS_COUNT.WR[UNIT0];10316462;100.00;;"
1422 [140161081927360] INFO perfrun.perfcollector <> - PERF_STAT : "     0.348900221;CPU10;35566;;UNC_M_CAS_COUNT.WR[UNIT0];10294243;100.00;;"
1422 [140161081927360] INFO perfrun.perfcollector <> - PERF_STAT : "     0.348900221;CPU0;11581;;UNC_M_CAS_COUNT.WR[UNIT1];10314517;100.00;;"
1422 [140161081927360] INFO perfrun.perfcollector <> - PERF_STAT : "     0.348900221;CPU10;35023;;UNC_M_CAS_COUNT.WR[UNIT1];10296156;100.00;;"
1422 [140161081927360] INFO perfrun.perfcollector <> - PERF_STAT : "     0.348900221;CPU0;11462;;UNC_M_CAS_COUNT.WR[UNIT4];10312655;100.00;;"
1422 [140161081927360] INFO perfrun.perfcollector <> - PERF_STAT : "     0.348900221;CPU10;35568;;UNC_M_CAS_COUNT.WR[UNIT4];10298028;100.00;;"
1422 [140161081927360] INFO perfrun.perfcollector <> - PERF_STAT : "     0.348900221;CPU0;11656;;UNC_M_CAS_COUNT.WR[UNIT5];10310777;100.00;;"
1422 [140161081927360] INFO perfrun.perfcollector <> - PERF_STAT : "     0.348900221;CPU10;35139;;UNC_M_CAS_COUNT.WR[UNIT5];10299902;100.00;;"
1433 [140161081927360] INFO perfrun.perfcollector <> - PERF_STAT : "     0.359239243;CPU0;386;;UNC_M_CAS_COUNT.RD[UNIT0];10320485;100.00;;"
1433 [140161081927360] INFO perfrun.perfcollector <> - PERF_STAT : "     0.359239243;CPU10;396;;UNC_M_CAS_COUNT.RD[UNIT0];10329990;100.00;;"
1433 [140161081927360] INFO perfrun.perfcollector <> - PERF_STAT : "     0.359239243;CPU0;922;;UNC_M_CAS_COUNT.RD[UNIT1];10328685;100.00;;"
1433 [140161081927360] INFO perfrun.perfcollector <> - PERF_STAT : "     0.359239243;CPU10;316;;UNC_M_CAS_COUNT.RD[UNIT1];10329924;100.00;;"
1433 [140161081927360] INFO perfrun.perfcollector <> - PERF_STAT : "     0.359239243;CPU0;357;;UNC_M_CAS_COUNT.RD[UNIT4];10328729;100.00;;"
1433 [140161081927360] INFO perfrun.perfcollector <> - PERF_STAT : "     0.359239243;CPU10;388;;UNC_M_CAS_COUNT.RD[UNIT4];10330210;100.00;;"
1433 [140161081927360] INFO perfrun.perfcollector <> - PERF_STAT : "     0.359239243;CPU0;884;;UNC_M_CAS_COUNT.RD[UNIT5];10328727;100.00;;"
1433 [140161081927360] INFO perfrun.perfcollector <> - PERF_STAT : "     0.359239243;CPU10;348;;UNC_M_CAS_COUNT.RD[UNIT5];10330201;100.00;;"
1433 [140161081927360] INFO perfrun.perfcollector <> - PERF_STAT : "     0.359239243;CPU0;107;;UNC_M_CAS_COUNT.WR[UNIT0];10328771;100.00;;"
1433 [140161081927360] INFO perfrun.perfcollector <> - PERF_STAT : "     0.359239243;CPU10;193;;UNC_M_CAS_COUNT.WR[UNIT0];10330207;100.00;;"
1433 [140161081927360] INFO perfrun.perfcollector <> - PERF_STAT : "     0.359239243;CPU0;654;;UNC_M_CAS_COUNT.WR[UNIT1];10328907;100.00;;"
1433 [140161081927360] INFO perfrun.perfcollector <> - PERF_STAT : "     0.359239243;CPU10;108;;UNC_M_CAS_COUNT.WR[UNIT1];10330198;100.00;;"
1433 [140161081927360] INFO perfrun.perfcollector <> - PERF_STAT : "     0.359239243;CPU0;95;;UNC_M_CAS_COUNT.WR[UNIT4];10328934;100.00;;"
1433 [140161081927360] INFO perfrun.perfcollector <> - PERF_STAT : "     0.359239243;CPU10;161;;UNC_M_CAS_COUNT.WR[UNIT4];10330220;100.00;;"
1433 [140161081927360] INFO perfrun.perfcollector <> - PERF_STAT : "     0.359239243;CPU0;637;;UNC_M_CAS_COUNT.WR[UNIT5];10328888;100.00;;"
1433 [140161081927360] INFO perfrun.perfcollector <> - PERF_STAT : "     0.359239243;CPU10;95;;UNC_M_CAS_COUNT.WR[UNIT5];10330275;100.00;;"
1443 [140161081927360] INFO perfrun.perfcollector <> - PERF_STAT : "     0.369598811;CPU0;268;;UNC_M_CAS_COUNT.RD[UNIT0];10360642;100.00;;"
1443 [140161081927360] INFO perfrun.perfcollector <> - PERF_STAT : "     0.369598811;CPU10;376;;UNC_M_CAS_COUNT.RD[UNIT0];10343497;100.00;;"
1443 [140161081927360] INFO perfrun.perfcollector <> - PERF_STAT : "     0.369598811;CPU0;788;;UNC_M_CAS_COUNT.RD[UNIT1];10352390;100.00;;"
1443 [140161081927360] INFO perfrun.perfcollector <> - PERF_STAT : "     0.369598811;CPU10;284;;UNC_M_CAS_COUNT.RD[UNIT1];10340590;100.00;;"
1443 [140161081927360] INFO perfrun.perfcollector <> - PERF_STAT : "     0.369598811;CPU0;245;;UNC_M_CAS_COUNT.RD[UNIT4];10352328;100.00;;"
1443 [140161081927360] INFO perfrun.perfcollector <> - PERF_STAT : "     0.369598811;CPU10;337;;UNC_M_CAS_COUNT.RD[UNIT4];10338378;100.00;;"
1443 [140161081927360] INFO perfrun.perfcollector <> - PERF_STAT : "     0.369598811;CPU0;777;;UNC_M_CAS_COUNT.RD[UNIT5];10352344;100.00;;"
1443 [140161081927360] INFO perfrun.perfcollector <> - PERF_STAT : "     0.369598811;CPU10;284;;UNC_M_CAS_COUNT.RD[UNIT5];10336439;100.00;;"
1443 [140161081927360] INFO perfrun.perfcollector <> - PERF_STAT : "     0.369598811;CPU0;66;;UNC_M_CAS_COUNT.WR[UNIT0];10352198;100.00;;"
1443 [140161081927360] INFO perfrun.perfcollector <> - PERF_STAT : "     0.369598811;CPU10;185;;UNC_M_CAS_COUNT.WR[UNIT0];10334660;100.00;;"
1443 [140161081927360] INFO perfrun.perfcollector <> - PERF_STAT : "     0.369598811;CPU0;610;;UNC_M_CAS_COUNT.WR[UNIT1];10352072;100.00;;"
1443 [140161081927360] INFO perfrun.perfcollector <> - PERF_STAT : "     0.369598811;CPU10;96;;UNC_M_CAS_COUNT.WR[UNIT1];10332728;100.00;;"
1443 [140161081927360] INFO perfrun.perfcollector <> - PERF_STAT : "     0.369598811;CPU0;64;;UNC_M_CAS_COUNT.WR[UNIT4];10352068;100.00;;"
1443 [140161081927360] INFO perfrun.perfcollector <> - PERF_STAT : "     0.369598811;CPU10;177;;UNC_M_CAS_COUNT.WR[UNIT4];10330853;100.00;;"
1443 [140161081927360] INFO perfrun.perfcollector <> - PERF_STAT : "     0.369598811;CPU0;605;;UNC_M_CAS_COUNT.WR[UNIT5];10352070;100.00;;"
1443 [140161081927360] INFO perfrun.perfcollector <> - PERF_STAT : "     0.369598811;CPU10;94;;UNC_M_CAS_COUNT.WR[UNIT5];10328901;100.00;;"
1453 [140161081927360] INFO perfrun.perfcollector <> - PERF_STAT : "     0.379824078;CPU0;2236;;UNC_M_CAS_COUNT.RD[UNIT0];10221927;100.00;;"
1453 [140161081927360] INFO perfrun.perfcollector <> - PERF_STAT : "     0.379824078;CPU10;3354;;UNC_M_CAS_COUNT.RD[UNIT0];10229228;100.00;;"
1453 [140161081927360] INFO perfrun.perfcollector <> - PERF_STAT : "     0.379824078;CPU0;2723;;UNC_M_CAS_COUNT.RD[UNIT1];10222139;100.00;;"
1453 [140161081927360] INFO perfrun.perfcollector <> - PERF_STAT : "     0.379824078;CPU10;3255;;UNC_M_CAS_COUNT.RD[UNIT1];10232172;100.00;;"
1453 [140161081927360] INFO perfrun.perfcollector <> - PERF_STAT : "     0.379824078;CPU0;2102;;UNC_M_CAS_COUNT.RD[UNIT4];10222261;100.00;;"
1453 [140161081927360] INFO perfrun.perfcollector <> - PERF_STAT : "     0.379824078;CPU10;3303;;UNC_M_CAS_COUNT.RD[UNIT4];10234077;100.00;;"
1453 [140161081927360] INFO perfrun.perfcollector <> - PERF_STAT : "     0.379824078;CPU0;2635;;UNC_M_CAS_COUNT.RD[UNIT5];10222400;100.00;;"
1453 [140161081927360] INFO perfrun.perfcollector <> - PERF_STAT : "     0.379824078;CPU10;3253;;UNC_M_CAS_COUNT.RD[UNIT5];10235999;100.00;;"
1453 [140161081927360] INFO perfrun.perfcollector <> - PERF_STAT : "     0.379824078;CPU0;10920;;UNC_M_CAS_COUNT.WR[UNIT0];10222506;100.00;;"
1453 [140161081927360] INFO perfrun.perfcollector <> - PERF_STAT : "     0.379824078;CPU10;1613;;UNC_M_CAS_COUNT.WR[UNIT0];10237811;100.00;;"
1453 [140161081927360] INFO perfrun.perfcollector <> - PERF_STAT : "     0.379824078;CPU0;11406;;UNC_M_CAS_COUNT.WR[UNIT1];10222518;100.00;;"
1453 [140161081927360] INFO perfrun.perfcollector <> - PERF_STAT : "     0.379824078;CPU10;1516;;UNC_M_CAS_COUNT.WR[UNIT1];10239740;100.00;;"
1453 [140161081927360] INFO perfrun.perfcollector <> - PERF_STAT : "     0.379824078;CPU0;10709;;UNC_M_CAS_COUNT.WR[UNIT4];10222612;100.00;;"
1453 [140161081927360] INFO perfrun.perfcollector <> - PERF_STAT : "     0.379824078;CPU10;1646;;UNC_M_CAS_COUNT.WR[UNIT4];10241625;100.00;;"
1453 [140161081927360] INFO perfrun.perfcollector <> - PERF_STAT : "     0.379824078;CPU0;11337;;UNC_M_CAS_COUNT.WR[UNIT5];10222610;100.00;;"
1453 [140161081927360] INFO perfrun.perfcollector <> - PERF_STAT : "     0.379824078;CPU10;1604;;UNC_M_CAS_COUNT.WR[UNIT5];10243557;100.00;;"
1463 [140161081927360] INFO perfrun.perfcollector <> - PERF_STAT : "     0.390159966;CPU0;2195;;UNC_M_CAS_COUNT.RD[UNIT0];10336517;100.00;;"
1463 [140161081927360] INFO perfrun.perfcollector <> - PERF_STAT : "     0.390159966;CPU10;3756;;UNC_M_CAS_COUNT.RD[UNIT0];10329293;100.00;;"
1463 [140161081927360] INFO perfrun.perfcollector <> - PERF_STAT : "     0.390159966;CPU0;2688;;UNC_M_CAS_COUNT.RD[UNIT1];10336324;100.00;;"
1463 [140161081927360] INFO perfrun.perfcollector <> - PERF_STAT : "     0.390159966;CPU10;3555;;UNC_M_CAS_COUNT.RD[UNIT1];10326383;100.00;;"
1463 [140161081927360] INFO perfrun.perfcollector <> - PERF_STAT : "     0.390159966;CPU0;2203;;UNC_M_CAS_COUNT.RD[UNIT4];10336198;100.00;;"
1463 [140161081927360] INFO perfrun.perfcollector <> - PERF_STAT : "     0.390159966;CPU10;3712;;UNC_M_CAS_COUNT.RD[UNIT4];10324486;100.00;;"
1463 [140161081927360] INFO perfrun.perfcollector <> - PERF_STAT : "     0.390159966;CPU0;2758;;UNC_M_CAS_COUNT.RD[UNIT5];10336321;100.00;;"
1463 [140161081927360] INFO perfrun.perfcollector <> - PERF_STAT : "     0.390159966;CPU10;3402;;UNC_M_CAS_COUNT.RD[UNIT5];10322596;100.00;;"
1463 [140161081927360] INFO perfrun.perfcollector <> - PERF_STAT : "     0.390159966;CPU0;5931;;UNC_M_CAS_COUNT.WR[UNIT0];10336212;100.00;;"
1464 [140161081927360] INFO perfrun.perfcollector <> - PERF_STAT : "     0.390159966;CPU10;1132;;UNC_M_CAS_COUNT.WR[UNIT0];10320645;100.00;;"
1464 [140161081927360] INFO perfrun.perfcollector <> - PERF_STAT : "     0.390159966;CPU0;6586;;UNC_M_CAS_COUNT.WR[UNIT1];10336198;100.00;;"
1464 [140161081927360] INFO perfrun.perfcollector <> - PERF_STAT : "     0.390159966;CPU10;1020;;UNC_M_CAS_COUNT.WR[UNIT1];10318843;100.00;;"
1464 [140161081927360] INFO perfrun.perfcollector <> - PERF_STAT : "     0.390159966;CPU0;6005;;UNC_M_CAS_COUNT.WR[UNIT4];10336074;100.00;;"
1464 [140161081927360] INFO perfrun.perfcollector <> - PERF_STAT : "     0.390159966;CPU10;1153;;UNC_M_CAS_COUNT.WR[UNIT4];10316977;100.00;;"
1464 [140161081927360] INFO perfrun.perfcollector <> - PERF_STAT : "     0.390159966;CPU0;6583;;UNC_M_CAS_COUNT.WR[UNIT5];10336075;100.00;;"
1464 [140161081927360] INFO perfrun.perfcollector <> - PERF_STAT : "     0.390159966;CPU10;932;;UNC_M_CAS_COUNT.WR[UNIT5];10315104;100.00;;"
1474 [140161081927360] INFO perfrun.perfcollector <> - PERF_STAT : "     0.400423481;CPU0;1050;;UNC_M_CAS_COUNT.RD[UNIT0];10283754;100.00;;"
1474 [140161081927360] INFO perfrun.perfcollector <> - PERF_STAT : "     0.400423481;CPU10;949;;UNC_M_CAS_COUNT.RD[UNIT0];10300366;100.00;;"
1474 [140161081927360] INFO perfrun.perfcollector <> - PERF_STAT : "     0.400423481;CPU0;1608;;UNC_M_CAS_COUNT.RD[UNIT1];10283734;100.00;;"
1474 [140161081927360] INFO perfrun.perfcollector <> - PERF_STAT : "     0.400423481;CPU10;911;;UNC_M_CAS_COUNT.RD[UNIT1];10300347;100.00;;"
1474 [140161081927360] INFO perfrun.perfcollector <> - PERF_STAT : "     0.400423481;CPU0;1119;;UNC_M_CAS_COUNT.RD[UNIT4];10283848;100.00;;"
1474 [140161081927360] INFO perfrun.perfcollector <> - PERF_STAT : "     0.400423481;CPU10;940;;UNC_M_CAS_COUNT.RD[UNIT4];10300453;100.00;;"
1474 [140161081927360] INFO perfrun.perfcollector <> - PERF_STAT : "     0.400423481;CPU0;1635;;UNC_M_CAS_COUNT.RD[UNIT5];10283662;100.00;;"
1474 [140161081927360] INFO perfrun.perfcollector <> - PERF_STAT : "     0.400423481;CPU10;877;;UNC_M_CAS_COUNT.RD[UNIT5];10300589;100.00;;"
1474 [140161081927360] INFO perfrun.perfcollector <> - PERF_STAT : "     0.400423481;CPU0;6500;;UNC_M_CAS_COUNT.WR[UNIT0];10283957;100.00;;"
1474 [140161081927360] INFO perfrun.perfcollector <> - PERF_STAT : "     0.400423481;CPU10;586;;UNC_M_CAS_COUNT.WR[UNIT0];10300607;100.00;;"
1474 [140161081927360] INFO perfrun.perfcollector <> - PERF_STAT : "     0.400423481;CPU0;7061;;UNC_M_CAS_COUNT.WR[UNIT1];10284136;100.00;;"
1474 [140161081927360] INFO perfrun.perfcollector <> - PERF_STAT : "     0.400423481;CPU10;446;;UNC_M_CAS_COUNT.WR[UNIT1];10300595;100.00;;"
1474 [140161081927360] INFO perfrun.perfcollector <> - PERF_STAT : "     0.400423481;CPU0;6605;;UNC_M_CAS_COUNT.WR[UNIT4];10284173;100.00;;"
1474 [140161081927360] INFO perfrun.perfcollector <> - PERF_STAT : "     0.400423481;CPU10;536;;UNC_M_CAS_COUNT.WR[UNIT4];10300598;100.00;;"
1474 [140161081927360] INFO perfrun.perfcollector <> - PERF_STAT : "     0.400423481;CPU0;7210;;UNC_M_CAS_COUNT.WR[UNIT5];10284219;100.00;;"
1474 [140161081927360] INFO perfrun.perfcollector <> - PERF_STAT : "     0.400423481;CPU10;463;;UNC_M_CAS_COUNT.WR[UNIT5];10300630;100.00;;"
1484 [140161081927360] INFO perfrun.perfcollector <> - PERF_STAT : "     0.410724335;CPU0;645;;UNC_M_CAS_COUNT.RD[UNIT0];10299600;100.00;;"
1484 [140161081927360] INFO perfrun.perfcollector <> - PERF_STAT : "     0.410724335;CPU10;701;;UNC_M_CAS_COUNT.RD[UNIT0];10291085;100.00;;"
1484 [140161081927360] INFO perfrun.perfcollector <> - PERF_STAT : "     0.410724335;CPU0;1171;;UNC_M_CAS_COUNT.RD[UNIT1];10299684;100.00;;"
1484 [140161081927360] INFO perfrun.perfcollector <> - PERF_STAT : "     0.410724335;CPU10;654;;UNC_M_CAS_COUNT.RD[UNIT1];10293927;100.00;;"
1484 [140161081927360] INFO perfrun.perfcollector <> - PERF_STAT : "     0.410724335;CPU0;626;;UNC_M_CAS_COUNT.RD[UNIT4];10299617;100.00;;"
1484 [140161081927360] INFO perfrun.perfcollector <> - PERF_STAT : "     0.410724335;CPU10;658;;UNC_M_CAS_COUNT.RD[UNIT4];10295811;100.00;;"
1484 [140161081927360] INFO perfrun.perfcollector <> - PERF_STAT : "     0.410724335;CPU0;1186;;UNC_M_CAS_COUNT.RD[UNIT5];10299550;100.00;;"
1484 [140161081927360] INFO perfrun.perfcollector <> - PERF_STAT : "     0.410724335;CPU10;613;;UNC_M_CAS_COUNT.RD[UNIT5];10297555;100.00;;"
1484 [140161081927360] INFO perfrun.perfcollector <> - PERF_STAT : "     0.410724335;CPU0;803;;UNC_M_CAS_COUNT.WR[UNIT0];10299280;100.00;;"
1484 [140161081927360] INFO perfrun.perfcollector <> - PERF_STAT : "     0.410724335;CPU10;162;;UNC_M_CAS_COUNT.WR[UNIT0];10299439;100.00;;"
1484 [140161081927360] INFO perfrun.perfcollector <> - PERF_STAT : "     0.410724335;CPU0;1372;;UNC_M_CAS_COUNT.WR[UNIT1];10299119;100.00;;"
1484 [140161081927360] INFO perfrun.perfcollector <> - PERF_STAT : "     0.410724335;CPU10;82;;UNC_M_CAS_COUNT.WR[UNIT1];10301483;100.00;;"
1484 [140161081927360] INFO perfrun.perfcollector <> - PERF_STAT : "     0.410724335;CPU0;766;;UNC_M_CAS_COUNT.WR[UNIT4];10299100;100.00;;"
1484 [140161081927360] INFO perfrun.perfcollector <> - PERF_STAT : "     0.410724335;CPU10;156;;UNC_M_CAS_COUNT.WR[UNIT4];10303343;100.00;;"
1484 [140161081927360] INFO perfrun.perfcollector <> - PERF_STAT : "     0.410724335;CPU0;1350;;UNC_M_CAS_COUNT.WR[UNIT5];10299100;100.00;;"
1484 [140161081927360] INFO perfrun.perfcollector <> - PERF_STAT : "     0.410724335;CPU10;74;;UNC_M_CAS_COUNT.WR[UNIT5];10305197;100.00;;"
1494 [140161081927360] INFO perfrun.perfcollector <> - PERF_STAT : "     0.421060146;CPU0;2434;;UNC_M_CAS_COUNT.RD[UNIT0];10335370;100.00;;"
1494 [140161081927360] INFO perfrun.perfcollector <> - PERF_STAT : "     0.421060146;CPU10;1052;;UNC_M_CAS_COUNT.RD[UNIT0];10362265;100.00;;"
1494 [140161081927360] INFO perfrun.perfcollector <> - PERF_STAT : "     0.421060146;CPU0;3049;;UNC_M_CAS_COUNT.RD[UNIT1];10338366;100.00;;"
1494 [140161081927360] INFO perfrun.perfcollector <> - PERF_STAT : "     0.421060146;CPU10;798;;UNC_M_CAS_COUNT.RD[UNIT1];10359491;100.00;;"
1494 [140161081927360] INFO perfrun.perfcollector <> - PERF_STAT : "     0.421060146;CPU0;2393;;UNC_M_CAS_COUNT.RD[UNIT4];10340407;100.00;;"
1494 [140161081927360] INFO perfrun.perfcollector <> - PERF_STAT : "     0.421060146;CPU10;975;;UNC_M_CAS_COUNT.RD[UNIT4];10357580;100.00;;"
1494 [140161081927360] INFO perfrun.perfcollector <> - PERF_STAT : "     0.421060146;CPU0;3114;;UNC_M_CAS_COUNT.RD[UNIT5];10342290;100.00;;"
1494 [140161081927360] INFO perfrun.perfcollector <> - PERF_STAT : "     0.421060146;CPU10;727;;UNC_M_CAS_COUNT.RD[UNIT5];10355784;100.00;;"
1494 [140161081927360] INFO perfrun.perfcollector <> - PERF_STAT : "     0.421060146;CPU0;1036;;UNC_M_CAS_COUNT.WR[UNIT0];10344234;100.00;;"
1494 [140161081927360] INFO perfrun.perfcollector <> - PERF_STAT : "     0.421060146;CPU10;695;;UNC_M_CAS_COUNT.WR[UNIT0];10354052;100.00;;"
1494 [140161081927360] INFO perfrun.perfcollector <> - PERF_STAT : "     0.421060146;CPU0;1662;;UNC_M_CAS_COUNT.WR[UNIT1];10346280;100.00;;"
1495 [140161081927360] INFO perfrun.perfcollector <> - PERF_STAT : "     0.421060146;CPU10;442;;UNC_M_CAS_COUNT.WR[UNIT1];10351972;100.00;;"
1495 [140161081927360] INFO perfrun.perfcollector <> - PERF_STAT : "     0.421060146;CPU0;1019;;UNC_M_CAS_COUNT.WR[UNIT4];10348168;100.00;;"
1495 [140161081927360] INFO perfrun.perfcollector <> - PERF_STAT : "     0.421060146;CPU10;663;;UNC_M_CAS_COUNT.WR[UNIT4];10350168;100.00;;"
1495 [140161081927360] INFO perfrun.perfcollector <> - PERF_STAT : "     0.421060146;CPU0;1575;;UNC_M_CAS_COUNT.WR[UNIT5];10350037;100.00;;"
1495 [140161081927360] INFO perfrun.perfcollector <> - PERF_STAT : "     0.421060146;CPU10;384;;UNC_M_CAS_COUNT.WR[UNIT5];10348322;100.00;;"
1519 [140161081927360] INFO perfrun.perfcollector <> - PERF_STAT : "     0.431354810;CPU0;906;;UNC_M_CAS_COUNT.RD[UNIT0];10300769;100.00;;"
1519 [140161081927360] INFO perfrun.perfcollector <> - PERF_STAT : "     0.431354810;CPU10;1986;;UNC_M_CAS_COUNT.RD[UNIT0];10324432;100.00;;"
1519 [140161081927360] INFO perfrun.perfcollector <> - PERF_STAT : "     0.431354810;CPU0;1268;;UNC_M_CAS_COUNT.RD[UNIT1];10300797;100.00;;"
1519 [140161081927360] INFO perfrun.perfcollector <> - PERF_STAT : "     0.431354810;CPU10;1486;;UNC_M_CAS_COUNT.RD[UNIT1];10324797;100.00;;"
1519 [140161081927360] INFO perfrun.perfcollector <> - PERF_STAT : "     0.431354810;CPU0;942;;UNC_M_CAS_COUNT.RD[UNIT4];10300749;100.00;;"
1519 [140161081927360] INFO perfrun.perfcollector <> - PERF_STAT : "     0.431354810;CPU10;2010;;UNC_M_CAS_COUNT.RD[UNIT4];10324971;100.00;;"
1519 [140161081927360] INFO perfrun.perfcollector <> - PERF_STAT : "     0.431354810;CPU0;1260;;UNC_M_CAS_COUNT.RD[UNIT5];10300767;100.00;;"
1519 [140161081927360] INFO perfrun.perfcollector <> - PERF_STAT : "     0.431354810;CPU10;1484;;UNC_M_CAS_COUNT.RD[UNIT5];10325015;100.00;;"
1519 [140161081927360] INFO perfrun.perfcollector <> - PERF_STAT : "     0.431354810;CPU0;141;;UNC_M_CAS_COUNT.WR[UNIT0];10300863;100.00;;"
1519 [140161081927360] INFO perfrun.perfcollector <> - PERF_STAT : "     0.431354810;CPU10;1592;;UNC_M_CAS_COUNT.WR[UNIT0];10324998;100.00;;"
1519 [140161081927360] INFO perfrun.perfcollector <> - PERF_STAT : "     0.431354810;CPU0;503;;UNC_M_CAS_COUNT.WR[UNIT1];10300830;100.00;;"
1519 [140161081927360] INFO perfrun.perfcollector <> - PERF_STAT : "     0.431354810;CPU10;970;;UNC_M_CAS_COUNT.WR[UNIT1];10325172;100.00;;"
1519 [140161081927360] INFO perfrun.perfcollector <> - PERF_STAT : "     0.431354810;CPU0;104;;UNC_M_CAS_COUNT.WR[UNIT4];10308958;100.00;;"
1519 [140161081927360] INFO perfrun.perfcollector <> - PERF_STAT : "     0.431354810;CPU10;1548;;UNC_M_CAS_COUNT.WR[UNIT4];10325256;100.00;;"
1519 [140161081927360] INFO perfrun.perfcollector <> - PERF_STAT : "     0.431354810;CPU0;497;;UNC_M_CAS_COUNT.WR[UNIT5];10308962;100.00;;"
1519 [140161081927360] INFO perfrun.perfcollector <> - PERF_STAT : "     0.431354810;CPU10;1014;;UNC_M_CAS_COUNT.WR[UNIT5];10325326;100.00;;"
1519 [140161081927360] INFO perfrun.perfcollector <> - PERF_STAT : "     0.441690910;CPU0;2063;;UNC_M_CAS_COUNT.RD[UNIT0];10335660;100.00;;"
1519 [140161081927360] INFO perfrun.perfcollector <> - PERF_STAT : "     0.441690910;CPU10;2530;;UNC_M_CAS_COUNT.RD[UNIT0];10309783;100.00;;"
1519 [140161081927360] INFO perfrun.perfcollector <> - PERF_STAT : "     0.441690910;CPU0;2079;;UNC_M_CAS_COUNT.RD[UNIT1];10335576;100.00;;"
1519 [140161081927360] INFO perfrun.perfcollector <> - PERF_STAT : "     0.441690910;CPU10;1927;;UNC_M_CAS_COUNT.RD[UNIT1];10309398;100.00;;"
1519 [140161081927360] INFO perfrun.perfcollector <> - PERF_STAT : "     0.441690910;CPU0;2075;;UNC_M_CAS_COUNT.RD[UNIT4];10335637;100.00;;"
1519 [140161081927360] INFO perfrun.perfcollector <> - PERF_STAT : "     0.441690910;CPU10;2532;;UNC_M_CAS_COUNT.RD[UNIT4];10309323;100.00;;"
1519 [140161081927360] INFO perfrun.perfcollector <> - PERF_STAT : "     0.441690910;CPU0;2146;;UNC_M_CAS_COUNT.RD[UNIT5];10335619;100.00;;"
1519 [140161081927360] INFO perfrun.perfcollector <> - PERF_STAT : "     0.441690910;CPU10;2022;;UNC_M_CAS_COUNT.RD[UNIT5];10309336;100.00;;"
1519 [140161081927360] INFO perfrun.perfcollector <> - PERF_STAT : "     0.441690910;CPU0;941;;UNC_M_CAS_COUNT.WR[UNIT0];10335506;100.00;;"
1519 [140161081927360] INFO perfrun.perfcollector <> - PERF_STAT : "     0.441690910;CPU10;10121;;UNC_M_CAS_COUNT.WR[UNIT0];10309352;100.00;;"
1519 [140161081927360] INFO perfrun.perfcollector <> - PERF_STAT : "     0.441690910;CPU0;1056;;UNC_M_CAS_COUNT.WR[UNIT1];10335519;100.00;;"
1519 [140161081927360] INFO perfrun.perfcollector <> - PERF_STAT : "     0.441690910;CPU10;9539;;UNC_M_CAS_COUNT.WR[UNIT1];10309294;100.00;;"
1519 [140161081927360] INFO perfrun.perfcollector <> - PERF_STAT : "     0.441690910;CPU0;890;;UNC_M_CAS_COUNT.WR[UNIT4];10327357;100.00;;"
1519 [140161081927360] INFO perfrun.perfcollector <> - PERF_STAT : "     0.441690910;CPU10;10147;;UNC_M_CAS_COUNT.WR[UNIT4];10309190;100.00;;"
1519 [140161081927360] INFO perfrun.perfcollector <> - PERF_STAT : "     0.441690910;CPU0;963;;UNC_M_CAS_COUNT.WR[UNIT5];10327361;100.00;;"
1519 [140161081927360] INFO perfrun.perfcollector <> - PERF_STAT : "     0.441690910;CPU10;9804;;UNC_M_CAS_COUNT.WR[UNIT5];10309100;100.00;;"
1525 [140161081927360] INFO perfrun.perfcollector <> - PERF_STAT : "     0.452013310;CPU0;441;;UNC_M_CAS_COUNT.RD[UNIT0];10315660;100.00;;"
1525 [140161081927360] INFO perfrun.perfcollector <> - PERF_STAT : "     0.452013310;CPU10;1444;;UNC_M_CAS_COUNT.RD[UNIT0];10291045;100.00;;"
1525 [140161081927360] INFO perfrun.perfcollector <> - PERF_STAT : "     0.452013310;CPU0;799;;UNC_M_CAS_COUNT.RD[UNIT1];10312689;100.00;;"
1525 [140161081927360] INFO perfrun.perfcollector <> - PERF_STAT : "     0.452013310;CPU10;1146;;UNC_M_CAS_COUNT.RD[UNIT1];10293922;100.00;;"
1525 [140161081927360] INFO perfrun.perfcollector <> - PERF_STAT : "     0.452013310;CPU0;407;;UNC_M_CAS_COUNT.RD[UNIT4];10310627;100.00;;"
1525 [140161081927360] INFO perfrun.perfcollector <> - PERF_STAT : "     0.452013310;CPU10;1346;;UNC_M_CAS_COUNT.RD[UNIT4];10295695;100.00;;"
1525 [140161081927360] INFO perfrun.perfcollector <> - PERF_STAT : "     0.452013310;CPU0;784;;UNC_M_CAS_COUNT.RD[UNIT5];10308814;100.00;;"
1525 [140161081927360] INFO perfrun.perfcollector <> - PERF_STAT : "     0.452013310;CPU10;1093;;UNC_M_CAS_COUNT.RD[UNIT5];10297447;100.00;;"
1525 [140161081927360] INFO perfrun.perfcollector <> - PERF_STAT : "     0.452013310;CPU0;495;;UNC_M_CAS_COUNT.WR[UNIT0];10306956;100.00;;"
1525 [140161081927360] INFO perfrun.perfcollector <> - PERF_STAT : "     0.452013310;CPU10;6753;;UNC_M_CAS_COUNT.WR[UNIT0];10299230;100.00;;"
1525 [140161081927360] INFO perfrun.perfcollector <> - PERF_STAT : "     0.452013310;CPU0;883;;UNC_M_CAS_COUNT.WR[UNIT1];10304908;100.00;;"
1525 [140161081927360] INFO perfrun.perfcollector <> - PERF_STAT : "     0.452013310;CPU10;6366;;UNC_M_CAS_COUNT.WR[UNIT1];10301014;100.00;;"
1526 [140161081927360] INFO perfrun.perfcollector <> - PERF_STAT : "     0.452013310;CPU0;484;;UNC_M_CAS_COUNT.WR[UNIT4];10303071;100.00;;"
1526 [140161081927360] INFO perfrun.perfcollector <> - PERF_STAT : "     0.452013310;CPU10;6800;;UNC_M_CAS_COUNT.WR[UNIT4];10302814;100.00;;"
1526 [140161081927360] INFO perfrun.perfcollector <> - PERF_STAT : "     0.452013310;CPU0;857;;UNC_M_CAS_COUNT.WR[UNIT5];10301182;100.00;;"
1526 [140161081927360] INFO perfrun.perfcollector <> - PERF_STAT : "     0.452013310;CPU10;6308;;UNC_M_CAS_COUNT.WR[UNIT5];10304680;100.00;;"
1536 [140161081927360] INFO perfrun.perfcollector <> - PERF_STAT : "     0.462353064;CPU0;809;;UNC_M_CAS_COUNT.RD[UNIT0];10319288;100.00;;"
1536 [140161081927360] INFO perfrun.perfcollector <> - PERF_STAT : "     0.462353064;CPU10;887;;UNC_M_CAS_COUNT.RD[UNIT0];10312432;100.00;;"
1536 [140161081927360] INFO perfrun.perfcollector <> - PERF_STAT : "     0.462353064;CPU0;1115;;UNC_M_CAS_COUNT.RD[UNIT1];10319303;100.00;;"
1536 [140161081927360] INFO perfrun.perfcollector <> - PERF_STAT : "     0.462353064;CPU10;545;;UNC_M_CAS_COUNT.RD[UNIT1];10309493;100.00;;"
1536 [140161081927360] INFO perfrun.perfcollector <> - PERF_STAT : "     0.462353064;CPU0;763;;UNC_M_CAS_COUNT.RD[UNIT4];10319289;100.00;;"
1536 [140161081927360] INFO perfrun.perfcollector <> - PERF_STAT : "     0.462353064;CPU10;945;;UNC_M_CAS_COUNT.RD[UNIT4];10307658;100.00;;"
1536 [140161081927360] INFO perfrun.perfcollector <> - PERF_STAT : "     0.462353064;CPU0;1103;;UNC_M_CAS_COUNT.RD[UNIT5];10319225;100.00;;"
1536 [140161081927360] INFO perfrun.perfcollector <> - PERF_STAT : "     0.462353064;CPU10;555;;UNC_M_CAS_COUNT.RD[UNIT5];10305785;100.00;;"
1536 [140161081927360] INFO perfrun.perfcollector <> - PERF_STAT : "     0.462353064;CPU0;229;;UNC_M_CAS_COUNT.WR[UNIT0];10319258;100.00;;"
1536 [140161081927360] INFO perfrun.perfcollector <> - PERF_STAT : "     0.462353064;CPU10;669;;UNC_M_CAS_COUNT.WR[UNIT0];10303934;100.00;;"
1536 [140161081927360] INFO perfrun.perfcollector <> - PERF_STAT : "     0.462353064;CPU0;528;;UNC_M_CAS_COUNT.WR[UNIT1];10319299;100.00;;"
1536 [140161081927360] INFO perfrun.perfcollector <> - PERF_STAT : "     0.462353064;CPU10;333;;UNC_M_CAS_COUNT.WR[UNIT1];10301987;100.00;;"
1536 [140161081927360] INFO perfrun.perfcollector <> - PERF_STAT : "     0.462353064;CPU0;202;;UNC_M_CAS_COUNT.WR[UNIT4];10319289;100.00;;"
1536 [140161081927360] INFO perfrun.perfcollector <> - PERF_STAT : "     0.462353064;CPU10;722;;UNC_M_CAS_COUNT.WR[UNIT4];10300150;100.00;;"
1536 [140161081927360] INFO perfrun.perfcollector <> - PERF_STAT : "     0.462353064;CPU0;527;;UNC_M_CAS_COUNT.WR[UNIT5];10319360;100.00;;"
1536 [140161081927360] INFO perfrun.perfcollector <> - PERF_STAT : "     0.462353064;CPU10;322;;UNC_M_CAS_COUNT.WR[UNIT5];10298242;100.00;;"
1546 [140161081927360] INFO perfrun.perfcollector <> - PERF_STAT : "     0.472615915;CPU0;6451;;UNC_M_CAS_COUNT.RD[UNIT0];10281729;100.00;;"
1546 [140161081927360] INFO perfrun.perfcollector <> - PERF_STAT : "     0.472615915;CPU10;27548;;UNC_M_CAS_COUNT.RD[UNIT0];10288869;100.00;;"
1546 [140161081927360] INFO perfrun.perfcollector <> - PERF_STAT : "     0.472615915;CPU0;7071;;UNC_M_CAS_COUNT.RD[UNIT1];10281703;100.00;;"
1546 [140161081927360] INFO perfrun.perfcollector <> - PERF_STAT : "     0.472615915;CPU10;27582;;UNC_M_CAS_COUNT.RD[UNIT1];10291729;100.00;;"
1546 [140161081927360] INFO perfrun.perfcollector <> - PERF_STAT : "     0.472615915;CPU0;6652;;UNC_M_CAS_COUNT.RD[UNIT4];10281898;100.00;;"
1546 [140161081927360] INFO perfrun.perfcollector <> - PERF_STAT : "     0.472615915;CPU10;27713;;UNC_M_CAS_COUNT.RD[UNIT4];10293547;100.00;;"
1546 [140161081927360] INFO perfrun.perfcollector <> - PERF_STAT : "     0.472615915;CPU0;6964;;UNC_M_CAS_COUNT.RD[UNIT5];10281890;100.00;;"
1546 [140161081927360] INFO perfrun.perfcollector <> - PERF_STAT : "     0.472615915;CPU10;27575;;UNC_M_CAS_COUNT.RD[UNIT5];10295423;100.00;;"
1546 [140161081927360] INFO perfrun.perfcollector <> - PERF_STAT : "     0.472615915;CPU0;22667;;UNC_M_CAS_COUNT.WR[UNIT0];10281776;100.00;;"
1546 [140161081927360] INFO perfrun.perfcollector <> - PERF_STAT : "     0.472615915;CPU10;2142;;UNC_M_CAS_COUNT.WR[UNIT0];10297321;100.00;;"
1546 [140161081927360] INFO perfrun.perfcollector <> - PERF_STAT : "     0.472615915;CPU0;23131;;UNC_M_CAS_COUNT.WR[UNIT1];10281762;100.00;;"
1546 [140161081927360] INFO perfrun.perfcollector <> - PERF_STAT : "     0.472615915;CPU10;2115;;UNC_M_CAS_COUNT.WR[UNIT1];10299234;100.00;;"
1546 [140161081927360] INFO perfrun.perfcollector <> - PERF_STAT : "     0.472615915;CPU0;22595;;UNC_M_CAS_COUNT.WR[UNIT4];10281838;100.00;;"
1546 [140161081927360] INFO perfrun.perfcollector <> - PERF_STAT : "     0.472615915;CPU10;2064;;UNC_M_CAS_COUNT.WR[UNIT4];10301112;100.00;;"
1546 [140161081927360] INFO perfrun.perfcollector <> - PERF_STAT : "     0.472615915;CPU0;23018;;UNC_M_CAS_COUNT.WR[UNIT5];10281777;100.00;;"
1546 [140161081927360] INFO perfrun.perfcollector <> - PERF_STAT : "     0.472615915;CPU10;2081;;UNC_M_CAS_COUNT.WR[UNIT5];10303063;100.00;;"
1556 [140161081927360] INFO perfrun.perfcollector <> - PERF_STAT : "     0.482972140;CPU0;6884;;UNC_M_CAS_COUNT.RD[UNIT0];10365189;100.00;;"
1556 [140161081927360] INFO perfrun.perfcollector <> - PERF_STAT : "     0.482972140;CPU10;5664;;UNC_M_CAS_COUNT.RD[UNIT0];10361575;100.00;;"
1556 [140161081927360] INFO perfrun.perfcollector <> - PERF_STAT : "     0.482972140;CPU0;7433;;UNC_M_CAS_COUNT.RD[UNIT1];10365472;100.00;;"
1556 [140161081927360] INFO perfrun.perfcollector <> - PERF_STAT : "     0.482972140;CPU10;5573;;UNC_M_CAS_COUNT.RD[UNIT1];10358709;100.00;;"
1556 [140161081927360] INFO perfrun.perfcollector <> - PERF_STAT : "     0.482972140;CPU0;6990;;UNC_M_CAS_COUNT.RD[UNIT4];10365474;100.00;;"
1556 [140161081927360] INFO perfrun.perfcollector <> - PERF_STAT : "     0.482972140;CPU10;5626;;UNC_M_CAS_COUNT.RD[UNIT4];10356810;100.00;;"
1556 [140161081927360] INFO perfrun.perfcollector <> - PERF_STAT : "     0.482972140;CPU0;7395;;UNC_M_CAS_COUNT.RD[UNIT5];10365663;100.00;;"
1556 [140161081927360] INFO perfrun.perfcollector <> - PERF_STAT : "     0.482972140;CPU10;5557;;UNC_M_CAS_COUNT.RD[UNIT5];10354920;100.00;;"
1556 [140161081927360] INFO perfrun.perfcollector <> - PERF_STAT : "     0.482972140;CPU0;7733;;UNC_M_CAS_COUNT.WR[UNIT0];10365854;100.00;;"
1556 [140161081927360] INFO perfrun.perfcollector <> - PERF_STAT : "     0.482972140;CPU10;5972;;UNC_M_CAS_COUNT.WR[UNIT0];10353043;100.00;;"
1556 [140161081927360] INFO perfrun.perfcollector <> - PERF_STAT : "     0.482972140;CPU0;8368;;UNC_M_CAS_COUNT.WR[UNIT1];10366044;100.00;;"
1556 [140161081927360] INFO perfrun.perfcollector <> - PERF_STAT : "     0.482972140;CPU10;5993;;UNC_M_CAS_COUNT.WR[UNIT1];10351374;100.00;;"
1556 [140161081927360] INFO perfrun.perfcollector <> - PERF_STAT : "     0.482972140;CPU0;8041;;UNC_M_CAS_COUNT.WR[UNIT4];10366143;100.00;;"
1556 [140161081927360] INFO perfrun.perfcollector <> - PERF_STAT : "     0.482972140;CPU10;6209;;UNC_M_CAS_COUNT.WR[UNIT4];10349624;100.00;;"
1556 [140161081927360] INFO perfrun.perfcollector <> - PERF_STAT : "     0.482972140;CPU0;8369;;UNC_M_CAS_COUNT.WR[UNIT5];10366333;100.00;;"
1556 [140161081927360] INFO perfrun.perfcollector <> - PERF_STAT : "     0.482972140;CPU10;6042;;UNC_M_CAS_COUNT.WR[UNIT5];10347698;100.00;;"
1567 [140161081927360] INFO perfrun.perfcollector <> - PERF_STAT : "     0.493232515;CPU0;2936;;UNC_M_CAS_COUNT.RD[UNIT0];10250147;100.00;;"
1567 [140161081927360] INFO perfrun.perfcollector <> - PERF_STAT : "     0.493232515;CPU10;3213;;UNC_M_CAS_COUNT.RD[UNIT0];10253602;100.00;;"
1567 [140161081927360] INFO perfrun.perfcollector <> - PERF_STAT : "     0.493232515;CPU0;3424;;UNC_M_CAS_COUNT.RD[UNIT1];10249852;100.00;;"
1567 [140161081927360] INFO perfrun.perfcollector <> - PERF_STAT : "     0.493232515;CPU10;3048;;UNC_M_CAS_COUNT.RD[UNIT1];10256554;100.00;;"
1567 [140161081927360] INFO perfrun.perfcollector <> - PERF_STAT : "     0.493232515;CPU0;2875;;UNC_M_CAS_COUNT.RD[UNIT4];10249571;100.00;;"
1567 [140161081927360] INFO perfrun.perfcollector <> - PERF_STAT : "     0.493232515;CPU10;3180;;UNC_M_CAS_COUNT.RD[UNIT4];10258483;100.00;;"
1567 [140161081927360] INFO perfrun.perfcollector <> - PERF_STAT : "     0.493232515;CPU0;3414;;UNC_M_CAS_COUNT.RD[UNIT5];10249377;100.00;;"
1567 [140161081927360] INFO perfrun.perfcollector <> - PERF_STAT : "     0.493232515;CPU10;3066;;UNC_M_CAS_COUNT.RD[UNIT5];10260384;100.00;;"
1567 [140161081927360] INFO perfrun.perfcollector <> - PERF_STAT : "     0.493232515;CPU0;2843;;UNC_M_CAS_COUNT.WR[UNIT0];10249193;100.00;;"
1567 [140161081927360] INFO perfrun.perfcollector <> - PERF_STAT : "     0.493232515;CPU10;2820;;UNC_M_CAS_COUNT.WR[UNIT0];10262468;100.00;;"
1567 [140161081927360] INFO perfrun.perfcollector <> - PERF_STAT : "     0.493232515;CPU0;3465;;UNC_M_CAS_COUNT.WR[UNIT1];10249003;100.00;;"
1567 [140161081927360] INFO perfrun.perfcollector <> - PERF_STAT : "     0.493232515;CPU10;2768;;UNC_M_CAS_COUNT.WR[UNIT1];10264294;100.00;;"
1567 [140161081927360] INFO perfrun.perfcollector <> - PERF_STAT : "     0.493232515;CPU0;2915;;UNC_M_CAS_COUNT.WR[UNIT4];10248961;100.00;;"
1567 [140161081927360] INFO perfrun.perfcollector <> - PERF_STAT : "     0.493232515;CPU10;2965;;UNC_M_CAS_COUNT.WR[UNIT4];10266040;100.00;;"
1567 [140161081927360] INFO perfrun.perfcollector <> - PERF_STAT : "     0.493232515;CPU0;3405;;UNC_M_CAS_COUNT.WR[UNIT5];10248930;100.00;;"
1567 [140161081927360] INFO perfrun.perfcollector <> - PERF_STAT : "     0.493232515;CPU10;2774;;UNC_M_CAS_COUNT.WR[UNIT5];10268043;100.00;;"
1577 [140161081927360] INFO perfrun.perfcollector <> - PERF_STAT : "     0.503523160;CPU0;5645;;UNC_M_CAS_COUNT.RD[UNIT0];10267288;100.00;;"
1577 [140161081927360] INFO perfrun.perfcollector <> - PERF_STAT : "     0.503523160;CPU10;2981;;UNC_M_CAS_COUNT.RD[UNIT0];10270291;100.00;;"
1577 [140161081927360] INFO perfrun.perfcollector <> - PERF_STAT : "     0.503523160;CPU0;6220;;UNC_M_CAS_COUNT.RD[UNIT1];10267640;100.00;;"
1577 [140161081927360] INFO perfrun.perfcollector <> - PERF_STAT : "     0.503523160;CPU10;2735;;UNC_M_CAS_COUNT.RD[UNIT1];10267924;100.00;;"
1577 [140161081927360] INFO perfrun.perfcollector <> - PERF_STAT : "     0.503523160;CPU0;5987;;UNC_M_CAS_COUNT.RD[UNIT4];10267940;100.00;;"
1577 [140161081927360] INFO perfrun.perfcollector <> - PERF_STAT : "     0.503523160;CPU10;3056;;UNC_M_CAS_COUNT.RD[UNIT4];10266249;100.00;;"
1577 [140161081927360] INFO perfrun.perfcollector <> - PERF_STAT : "     0.503523160;CPU0;6393;;UNC_M_CAS_COUNT.RD[UNIT5];10268160;100.00;;"
1577 [140161081927360] INFO perfrun.perfcollector <> - PERF_STAT : "     0.503523160;CPU10;2772;;UNC_M_CAS_COUNT.RD[UNIT5];10264597;100.00;;"
1577 [140161081927360] INFO perfrun.perfcollector <> - PERF_STAT : "     0.503523160;CPU0;7855;;UNC_M_CAS_COUNT.WR[UNIT0];10268348;100.00;;"
1577 [140161081927360] INFO perfrun.perfcollector <> - PERF_STAT : "     0.503523160;CPU10;6482;;UNC_M_CAS_COUNT.WR[UNIT0];10262933;100.00;;"
1577 [140161081927360] INFO perfrun.perfcollector <> - PERF_STAT : "     0.503523160;CPU0;8395;;UNC_M_CAS_COUNT.WR[UNIT1];10268545;100.00;;"
1577 [140161081927360] INFO perfrun.perfcollector <> - PERF_STAT : "     0.503523160;CPU10;6257;;UNC_M_CAS_COUNT.WR[UNIT1];10261229;100.00;;"
1577 [140161081927360] INFO perfrun.perfcollector <> - PERF_STAT : "     0.503523160;CPU0;7777;;UNC_M_CAS_COUNT.WR[UNIT4];10268989;100.00;;"
1577 [140161081927360] INFO perfrun.perfcollector <> - PERF_STAT : "     0.503523160;CPU10;6567;;UNC_M_CAS_COUNT.WR[UNIT4];10259653;100.00;;"
1577 [140161081927360] INFO perfrun.perfcollector <> - PERF_STAT : "     0.503523160;CPU0;8432;;UNC_M_CAS_COUNT.WR[UNIT5];10269555;100.00;;"
1577 [140161081927360] INFO perfrun.perfcollector <> - PERF_STAT : "     0.503523160;CPU10;6271;;UNC_M_CAS_COUNT.WR[UNIT5];10257842;100.00;;"
1587 [140161081927360] INFO perfrun.perfcollector <> - PERF_STAT : "     0.513808905;CPU0;7257;;UNC_M_CAS_COUNT.RD[UNIT0];10289688;100.00;;"
1587 [140161081927360] INFO perfrun.perfcollector <> - PERF_STAT : "     0.513808905;CPU10;4939;;UNC_M_CAS_COUNT.RD[UNIT0];10279697;100.00;;"
1587 [140161081927360] INFO perfrun.perfcollector <> - PERF_STAT : "     0.513808905;CPU0;7808;;UNC_M_CAS_COUNT.RD[UNIT1];10289425;100.00;;"
1587 [140161081927360] INFO perfrun.perfcollector <> - PERF_STAT : "     0.513808905;CPU10;4958;;UNC_M_CAS_COUNT.RD[UNIT1];10279252;100.00;;"
1587 [140161081927360] INFO perfrun.perfcollector <> - PERF_STAT : "     0.513808905;CPU0;7259;;UNC_M_CAS_COUNT.RD[UNIT4];10289219;100.00;;"
1587 [140161081927360] INFO perfrun.perfcollector <> - PERF_STAT : "     0.513808905;CPU10;4976;;UNC_M_CAS_COUNT.RD[UNIT4];10279236;100.00;;"
1587 [140161081927360] INFO perfrun.perfcollector <> - PERF_STAT : "     0.513808905;CPU0;7832;;UNC_M_CAS_COUNT.RD[UNIT5];10289018;100.00;;"
1587 [140161081927360] INFO perfrun.perfcollector <> - PERF_STAT : "     0.513808905;CPU10;4695;;UNC_M_CAS_COUNT.RD[UNIT5];10279069;100.00;;"
1587 [140161081927360] INFO perfrun.perfcollector <> - PERF_STAT : "     0.513808905;CPU0;6917;;UNC_M_CAS_COUNT.WR[UNIT0];10288827;100.00;;"
1587 [140161081927360] INFO perfrun.perfcollector <> - PERF_STAT : "     0.513808905;CPU10;4037;;UNC_M_CAS_COUNT.WR[UNIT0];10278698;100.00;;"
1587 [140161081927360] INFO perfrun.perfcollector <> - PERF_STAT : "     0.513808905;CPU0;7280;;UNC_M_CAS_COUNT.WR[UNIT1];10288618;100.00;;"
1587 [140161081927360] INFO perfrun.perfcollector <> - PERF_STAT : "     0.513808905;CPU10;3813;;UNC_M_CAS_COUNT.WR[UNIT1];10278460;100.00;;"
1587 [140161081927360] INFO perfrun.perfcollector <> - PERF_STAT : "     0.513808905;CPU0;6769;;UNC_M_CAS_COUNT.WR[UNIT4];10288059;100.00;;"
1587 [140161081927360] INFO perfrun.perfcollector <> - PERF_STAT : "     0.513808905;CPU10;3815;;UNC_M_CAS_COUNT.WR[UNIT4];10278301;100.00;;"
1587 [140161081927360] INFO perfrun.perfcollector <> - PERF_STAT : "     0.513808905;CPU0;7275;;UNC_M_CAS_COUNT.WR[UNIT5];10287311;100.00;;"
1587 [140161081927360] INFO perfrun.perfcollector <> - PERF_STAT : "     0.513808905;CPU10;3745;;UNC_M_CAS_COUNT.WR[UNIT5];10278228;100.00;;"
1597 [140161081927360] INFO perfrun.perfcollector <> - PERF_STAT : "     0.524076877;CPU0;6492;;UNC_M_CAS_COUNT.RD[UNIT0];10286323;100.00;;"
1597 [140161081927360] INFO perfrun.perfcollector <> - PERF_STAT : "     0.524076877;CPU10;3561;;UNC_M_CAS_COUNT.RD[UNIT0];10293086;100.00;;"
1597 [140161081927360] INFO perfrun.perfcollector <> - PERF_STAT : "     0.524076877;CPU0;7010;;UNC_M_CAS_COUNT.RD[UNIT1];10286330;100.00;;"
1598 [140161081927360] INFO perfrun.perfcollector <> - PERF_STAT : "     0.524076877;CPU10;3345;;UNC_M_CAS_COUNT.RD[UNIT1];10296006;100.00;;"
1598 [140161081927360] INFO perfrun.perfcollector <> - PERF_STAT : "     0.524076877;CPU0;6403;;UNC_M_CAS_COUNT.RD[UNIT4];10286335;100.00;;"
1598 [140161081927360] INFO perfrun.perfcollector <> - PERF_STAT : "     0.524076877;CPU10;3632;;UNC_M_CAS_COUNT.RD[UNIT4];10297720;100.00;;"
1598 [140161081927360] INFO perfrun.perfcollector <> - PERF_STAT : "     0.524076877;CPU0;7004;;UNC_M_CAS_COUNT.RD[UNIT5];10286448;100.00;;"
1598 [140161081927360] INFO perfrun.perfcollector <> - PERF_STAT : "     0.524076877;CPU10;3483;;UNC_M_CAS_COUNT.RD[UNIT5];10299569;100.00;;"
1598 [140161081927360] INFO perfrun.perfcollector <> - PERF_STAT : "     0.524076877;CPU0;5266;;UNC_M_CAS_COUNT.WR[UNIT0];10286454;100.00;;"
1598 [140161081927360] INFO perfrun.perfcollector <> - PERF_STAT : "     0.524076877;CPU10;2671;;UNC_M_CAS_COUNT.WR[UNIT0];10301363;100.00;;"
1598 [140161081927360] INFO perfrun.perfcollector <> - PERF_STAT : "     0.524076877;CPU0;5758;;UNC_M_CAS_COUNT.WR[UNIT1];10286700;100.00;;"
1598 [140161081927360] INFO perfrun.perfcollector <> - PERF_STAT : "     0.524076877;CPU10;2463;;UNC_M_CAS_COUNT.WR[UNIT1];10303298;100.00;;"
1598 [140161081927360] INFO perfrun.perfcollector <> - PERF_STAT : "     0.524076877;CPU0;5110;;UNC_M_CAS_COUNT.WR[UNIT4];10286668;100.00;;"
1598 [140161081927360] INFO perfrun.perfcollector <> - PERF_STAT : "     0.524076877;CPU10;2592;;UNC_M_CAS_COUNT.WR[UNIT4];10305050;100.00;;"
1598 [140161081927360] INFO perfrun.perfcollector <> - PERF_STAT : "     0.524076877;CPU0;5809;;UNC_M_CAS_COUNT.WR[UNIT5];10286692;100.00;;"
1598 [140161081927360] INFO perfrun.perfcollector <> - PERF_STAT : "     0.524076877;CPU10;2444;;UNC_M_CAS_COUNT.WR[UNIT5];10306848;100.00;;"
1608 [140161081927360] INFO perfrun.perfcollector <> - PERF_STAT : "     0.534439456;CPU0;586;;UNC_M_CAS_COUNT.RD[UNIT0];10367114;100.00;;"
1609 [140161081927360] INFO perfrun.perfcollector <> - PERF_STAT : "     0.534439456;CPU10;355;;UNC_M_CAS_COUNT.RD[UNIT0];10392496;100.00;;"
1609 [140161081927360] INFO perfrun.perfcollector <> - PERF_STAT : "     0.534439456;CPU0;812;;UNC_M_CAS_COUNT.RD[UNIT1];10370122;100.00;;"
1609 [140161081927360] INFO perfrun.perfcollector <> - PERF_STAT : "     0.534439456;CPU10;285;;UNC_M_CAS_COUNT.RD[UNIT1];10389934;100.00;;"
1609 [140161081927360] INFO perfrun.perfcollector <> - PERF_STAT : "     0.534439456;CPU0;553;;UNC_M_CAS_COUNT.RD[UNIT4];10372108;100.00;;"
1609 [140161081927360] INFO perfrun.perfcollector <> - PERF_STAT : "     0.534439456;CPU10;424;;UNC_M_CAS_COUNT.RD[UNIT4];10388125;100.00;;"
1609 [140161081927360] INFO perfrun.perfcollector <> - PERF_STAT : "     0.534439456;CPU0;832;;UNC_M_CAS_COUNT.RD[UNIT5];10373884;100.00;;"
1609 [140161081927360] INFO perfrun.perfcollector <> - PERF_STAT : "     0.534439456;CPU10;346;;UNC_M_CAS_COUNT.RD[UNIT5];10386269;100.00;;"
1609 [140161081927360] INFO perfrun.perfcollector <> - PERF_STAT : "     0.534439456;CPU0;529;;UNC_M_CAS_COUNT.WR[UNIT0];10375823;100.00;;"
1609 [140161081927360] INFO perfrun.perfcollector <> - PERF_STAT : "     0.534439456;CPU10;296;;UNC_M_CAS_COUNT.WR[UNIT0];10384505;100.00;;"
1609 [140161081927360] INFO perfrun.perfcollector <> - PERF_STAT : "     0.534439456;CPU0;823;;UNC_M_CAS_COUNT.WR[UNIT1];10377543;100.00;;"
1609 [140161081927360] INFO perfrun.perfcollector <> - PERF_STAT : "     0.534439456;CPU10;239;;UNC_M_CAS_COUNT.WR[UNIT1];10382514;100.00;;"
1609 [140161081927360] INFO perfrun.perfcollector <> - PERF_STAT : "     0.534439456;CPU0;528;;UNC_M_CAS_COUNT.WR[UNIT4];10379414;100.00;;"
1609 [140161081927360] INFO perfrun.perfcollector <> - PERF_STAT : "     0.534439456;CPU10;299;;UNC_M_CAS_COUNT.WR[UNIT4];10380706;100.00;;"
1609 [140161081927360] INFO perfrun.perfcollector <> - PERF_STAT : "     0.534439456;CPU0;799;;UNC_M_CAS_COUNT.WR[UNIT5];10381339;100.00;;"
1609 [140161081927360] INFO perfrun.perfcollector <> - PERF_STAT : "     0.534439456;CPU10;256;;UNC_M_CAS_COUNT.WR[UNIT5];10378876;100.00;;"
1618 [140161081927360] INFO perfrun.perfcollector <> - PERF_STAT : "     0.544777891;CPU0;11952;;UNC_M_CAS_COUNT.RD[UNIT0];10339054;100.00;;"
1618 [140161081927360] INFO perfrun.perfcollector <> - PERF_STAT : "     0.544777891;CPU10;9174;;UNC_M_CAS_COUNT.RD[UNIT0];10341964;100.00;;"
1618 [140161081927360] INFO perfrun.perfcollector <> - PERF_STAT : "     0.544777891;CPU0;12576;;UNC_M_CAS_COUNT.RD[UNIT1];10338960;100.00;;"
1618 [140161081927360] INFO perfrun.perfcollector <> - PERF_STAT : "     0.544777891;CPU10;9145;;UNC_M_CAS_COUNT.RD[UNIT1];10341894;100.00;;"
1618 [140161081927360] INFO perfrun.perfcollector <> - PERF_STAT : "     0.544777891;CPU0;11972;;UNC_M_CAS_COUNT.RD[UNIT4];10339132;100.00;;"
1618 [140161081927360] INFO perfrun.perfcollector <> - PERF_STAT : "     0.544777891;CPU10;9164;;UNC_M_CAS_COUNT.RD[UNIT4];10342036;100.00;;"
1618 [140161081927360] INFO perfrun.perfcollector <> - PERF_STAT : "     0.544777891;CPU0;12559;;UNC_M_CAS_COUNT.RD[UNIT5];10339192;100.00;;"
1618 [140161081927360] INFO perfrun.perfcollector <> - PERF_STAT : "     0.544777891;CPU10;9011;;UNC_M_CAS_COUNT.RD[UNIT5];10342192;100.00;;"
1618 [140161081927360] INFO perfrun.perfcollector <> - PERF_STAT : "     0.544777891;CPU0;11456;;UNC_M_CAS_COUNT.WR[UNIT0];10339195;100.00;;"
1618 [140161081927360] INFO perfrun.perfcollector <> - PERF_STAT : "     0.544777891;CPU10;4640;;UNC_M_CAS_COUNT.WR[UNIT0];10342095;100.00;;"
1618 [140161081927360] INFO perfrun.perfcollector <> - PERF_STAT : "     0.544777891;CPU0;11771;;UNC_M_CAS_COUNT.WR[UNIT1];10339164;100.00;;"
1618 [140161081927360] INFO perfrun.perfcollector <> - PERF_STAT : "     0.544777891;CPU10;4475;;UNC_M_CAS_COUNT.WR[UNIT1];10342220;100.00;;"
1618 [140161081927360] INFO perfrun.perfcollector <> - PERF_STAT : "     0.544777891;CPU0;11370;;UNC_M_CAS_COUNT.WR[UNIT4];10339168;100.00;;"
1618 [140161081927360] INFO perfrun.perfcollector <> - PERF_STAT : "     0.544777891;CPU10;4631;;UNC_M_CAS_COUNT.WR[UNIT4];10342235;100.00;;"
1618 [140161081927360] INFO perfrun.perfcollector <> - PERF_STAT : "     0.544777891;CPU0;11954;;UNC_M_CAS_COUNT.WR[UNIT5];10339181;100.00;;"
1618 [140161081927360] INFO perfrun.perfcollector <> - PERF_STAT : "     0.544777891;CPU10;4535;;UNC_M_CAS_COUNT.WR[UNIT5];10342251;100.00;;"
