Run_ID,Timestamp_UTC,Image,Operation,Width,Height,Layout,Phase,Repeat,Threads,Schedule,Chunk,Simd_Build,OMP_Places,OMP_Proc_Bind,Hostname,Compiler,Build_Flags,Elapsed_ms,Result_Hash,Validation,Reference_Max_Abs_Error,Reference_Differing_Bytes
layout-1-20-off-avx2-1t,2026-09-24T13:10:04Z,6000x6000.png,Gaussian_11x11,5990,5990,AoS_Naive,Kernel,1,1,static,,off-avx2,,,hype5,g++,-O3 -Wall -Wextra -std=c++17 -fopenmp -ffp-contract=off -g -DOMP_EXPLICIT_SIMD=0 -fno-tree-vectorize -march=haswell,9239.075569,c923a906c8989668,passed,0,0
layout-1-20-off-avx2-1t,2026-09-24T13:10:04Z,6000x6000.png,Gaussian_11x11,5990,5990,SoA_Naive,AoS_to_SoA,1,1,static,,off-avx2,,,hype5,g++,-O3 -Wall -Wextra -std=c++17 -fopenmp -ffp-contract=off -g -DOMP_EXPLICIT_SIMD=0 -fno-tree-vectorize -march=haswell,74.592735,c923a906c8989668,passed,0,0
layout-1-20-off-avx2-1t,2026-09-24T13:10:04Z,6000x6000.png,Gaussian_11x11,5990,5990,SoA_Naive,Kernel,1,1,static,,off-avx2,,,hype5,g++,-O3 -Wall -Wextra -std=c++17 -fopenmp -ffp-contract=off -g -DOMP_EXPLICIT_SIMD=0 -fno-tree-vectorize -march=haswell,9257.513644,c923a906c8989668,passed,0,0
layout-1-20-off-avx2-1t,2026-09-24T13:10:04Z,6000x6000.png,Gaussian_11x11,5990,5990,SoA_Naive,SoA_to_AoS,1,1,static,,off-avx2,,,hype5,g++,-O3 -Wall -Wextra -std=c++17 -fopenmp -ffp-contract=off -g -DOMP_EXPLICIT_SIMD=0 -fno-tree-vectorize -march=haswell,75.158544,c923a906c8989668,passed,0,0
layout-1-20-off-avx2-1t,2026-09-24T13:10:04Z,6000x6000.png,Gaussian_11x11,5990,5990,SoA_Naive,End_to_End,1,1,static,,off-avx2,,,hype5,g++,-O3 -Wall -Wextra -std=c++17 -fopenmp -ffp-contract=off -g -DOMP_EXPLICIT_SIMD=0 -fno-tree-vectorize -march=haswell,9407.264923,c923a906c8989668,passed,0,0
layout-1-20-off-avx2-1t,2026-09-24T13:10:04Z,6000x6000.png,Gaussian_11x11,5990,5990,SoA_Separable,AoS_to_SoA,1,1,static,,off-avx2,,,hype5,g++,-O3 -Wall -Wextra -std=c++17 -fopenmp -ffp-contract=off -g -DOMP_EXPLICIT_SIMD=0 -fno-tree-vectorize -march=haswell,74.592735,acaa148feb45213a,passed,1,802
layout-1-20-off-avx2-1t,2026-09-24T13:10:04Z,6000x6000.png,Gaussian_11x11,5990,5990,SoA_Separable,Horizontal_Passes,1,1,static,,off-avx2,,,hype5,g++,-O3 -Wall -Wextra -std=c++17 -fopenmp -ffp-contract=off -g -DOMP_EXPLICIT_SIMD=0 -fno-tree-vectorize -march=haswell,290.156256,acaa148feb45213a,passed,1,802
layout-1-20-off-avx2-1t,2026-09-24T13:10:04Z,6000x6000.png,Gaussian_11x11,5990,5990,SoA_Separable,Vertical_Passes,1,1,static,,off-avx2,,,hype5,g++,-O3 -Wall -Wextra -std=c++17 -fopenmp -ffp-contract=off -g -DOMP_EXPLICIT_SIMD=0 -fno-tree-vectorize -march=haswell,399.619081,acaa148feb45213a,passed,1,802
layout-1-20-off-avx2-1t,2026-09-24T13:10:04Z,6000x6000.png,Gaussian_11x11,5990,5990,SoA_Separable,Kernel,1,1,static,,off-avx2,,,hype5,g++,-O3 -Wall -Wextra -std=c++17 -fopenmp -ffp-contract=off -g -DOMP_EXPLICIT_SIMD=0 -fno-tree-vectorize -march=haswell,689.775337,acaa148feb45213a,passed,1,802
layout-1-20-off-avx2-1t,2026-09-24T13:10:04Z,6000x6000.png,Gaussian_11x11,5990,5990,SoA_Separable,SoA_to_AoS,1,1,static,,off-avx2,,,hype5,g++,-O3 -Wall -Wextra -std=c++17 -fopenmp -ffp-contract=off -g -DOMP_EXPLICIT_SIMD=0 -fno-tree-vectorize -march=haswell,43.149540,acaa148feb45213a,passed,1,802
layout-1-20-off-avx2-1t,2026-09-24T13:10:04Z,6000x6000.png,Gaussian_11x11,5990,5990,SoA_Separable,End_to_End,1,1,static,,off-avx2,,,hype5,g++,-O3 -Wall -Wextra -std=c++17 -fopenmp -ffp-contract=off -g -DOMP_EXPLICIT_SIMD=0 -fno-tree-vectorize -march=haswell,807.517612,acaa148feb45213a,passed,1,802
layout-1-20-off-avx2-1t,2026-09-24T13:10:36Z,6000x6000.png,Gaussian_11x11,5990,5990,AoS_Naive,Kernel,2,1,static,,off-avx2,,,hype5,g++,-O3 -Wall -Wextra -std=c++17 -fopenmp -ffp-contract=off -g -DOMP_EXPLICIT_SIMD=0 -fno-tree-vectorize -march=haswell,9233.053591,c923a906c8989668,passed,0,0
layout-1-20-off-avx2-1t,2026-09-24T13:10:36Z,6000x6000.png,Gaussian_11x11,5990,5990,SoA_Naive,AoS_to_SoA,2,1,static,,off-avx2,,,hype5,g++,-O3 -Wall -Wextra -std=c++17 -fopenmp -ffp-contract=off -g -DOMP_EXPLICIT_SIMD=0 -fno-tree-vectorize -march=haswell,75.146720,c923a906c8989668,passed,0,0
layout-1-20-off-avx2-1t,2026-09-24T13:10:36Z,6000x6000.png,Gaussian_11x11,5990,5990,SoA_Naive,Kernel,2,1,static,,off-avx2,,,hype5,g++,-O3 -Wall -Wextra -std=c++17 -fopenmp -ffp-contract=off -g -DOMP_EXPLICIT_SIMD=0 -fno-tree-vectorize -march=haswell,9250.511741,c923a906c8989668,passed,0,0
layout-1-20-off-avx2-1t,2026-09-24T13:10:36Z,6000x6000.png,Gaussian_11x11,5990,5990,SoA_Naive,SoA_to_AoS,2,1,static,,off-avx2,,,hype5,g++,-O3 -Wall -Wextra -std=c++17 -fopenmp -ffp-contract=off -g -DOMP_EXPLICIT_SIMD=0 -fno-tree-vectorize -march=haswell,73.433320,c923a906c8989668,passed,0,0
layout-1-20-off-avx2-1t,2026-09-24T13:10:36Z,6000x6000.png,Gaussian_11x11,5990,5990,SoA_Naive,End_to_End,2,1,static,,off-avx2,,,hype5,g++,-O3 -Wall -Wextra -std=c++17 -fopenmp -ffp-contract=off -g -DOMP_EXPLICIT_SIMD=0 -fno-tree-vectorize -march=haswell,9399.091781,c923a906c8989668,passed,0,0
layout-1-20-off-avx2-1t,2026-09-24T13:10:36Z,6000x6000.png,Gaussian_11x11,5990,5990,SoA_Separable,AoS_to_SoA,2,1,static,,off-avx2,,,hype5,g++,-O3 -Wall -Wextra -std=c++17 -fopenmp -ffp-contract=off -g -DOMP_EXPLICIT_SIMD=0 -fno-tree-vectorize -march=haswell,75.146720,acaa148feb45213a,passed,1,802
layout-1-20-off-avx2-1t,2026-09-24T13:10:36Z,6000x6000.png,Gaussian_11x11,5990,5990,SoA_Separable,Horizontal_Passes,2,1,static,,off-avx2,,,hype5,g++,-O3 -Wall -Wextra -std=c++17 -fopenmp -ffp-contract=off -g -DOMP_EXPLICIT_SIMD=0 -fno-tree-vectorize -march=haswell,292.202655,acaa148feb45213a,passed,1,802
layout-1-20-off-avx2-1t,2026-09-24T13:10:36Z,6000x6000.png,Gaussian_11x11,5990,5990,SoA_Separable,Vertical_Passes,2,1,static,,off-avx2,,,hype5,g++,-O3 -Wall -Wextra -std=c++17 -fopenmp -ffp-contract=off -g -DOMP_EXPLICIT_SIMD=0 -fno-tree-vectorize -march=haswell,401.008210,acaa148feb45213a,passed,1,802
layout-1-20-off-avx2-1t,2026-09-24T13:10:36Z,6000x6000.png,Gaussian_11x11,5990,5990,SoA_Separable,Kernel,2,1,static,,off-avx2,,,hype5,g++,-O3 -Wall -Wextra -std=c++17 -fopenmp -ffp-contract=off -g -DOMP_EXPLICIT_SIMD=0 -fno-tree-vectorize -march=haswell,693.210865,acaa148feb45213a,passed,1,802
layout-1-20-off-avx2-1t,2026-09-24T13:10:36Z,6000x6000.png,Gaussian_11x11,5990,5990,SoA_Separable,SoA_to_AoS,2,1,static,,off-avx2,,,hype5,g++,-O3 -Wall -Wextra -std=c++17 -fopenmp -ffp-contract=off -g -DOMP_EXPLICIT_SIMD=0 -fno-tree-vectorize -march=haswell,43.740288,acaa148feb45213a,passed,1,802
layout-1-20-off-avx2-1t,2026-09-24T13:10:36Z,6000x6000.png,Gaussian_11x11,5990,5990,SoA_Separable,End_to_End,2,1,static,,off-avx2,,,hype5,g++,-O3 -Wall -Wextra -std=c++17 -fopenmp -ffp-contract=off -g -DOMP_EXPLICIT_SIMD=0 -fno-tree-vectorize -march=haswell,812.097873,acaa148feb45213a,passed,1,802
layout-1-20-off-avx2-1t,2026-09-24T13:11:07Z,6000x6000.png,Gaussian_11x11,5990,5990,AoS_Naive,Kernel,3,1,static,,off-avx2,,,hype5,g++,-O3 -Wall -Wextra -std=c++17 -fopenmp -ffp-contract=off -g -DOMP_EXPLICIT_SIMD=0 -fno-tree-vectorize -march=haswell,9235.252807,c923a906c8989668,passed,0,0
layout-1-20-off-avx2-1t,2026-09-24T13:11:07Z,6000x6000.png,Gaussian_11x11,5990,5990,SoA_Naive,AoS_to_SoA,3,1,static,,off-avx2,,,hype5,g++,-O3 -Wall -Wextra -std=c++17 -fopenmp -ffp-contract=off -g -DOMP_EXPLICIT_SIMD=0 -fno-tree-vectorize -march=haswell,75.125004,c923a906c8989668,passed,0,0
layout-1-20-off-avx2-1t,2026-09-24T13:11:07Z,6000x6000.png,Gaussian_11x11,5990,5990,SoA_Naive,Kernel,3,1,static,,off-avx2,,,hype5,g++,-O3 -Wall -Wextra -std=c++17 -fopenmp -ffp-contract=off -g -DOMP_EXPLICIT_SIMD=0 -fno-tree-vectorize -march=haswell,9269.800117,c923a906c8989668,passed,0,0
layout-1-20-off-avx2-1t,2026-09-24T13:11:07Z,6000x6000.png,Gaussian_11x11,5990,5990,SoA_Naive,SoA_to_AoS,3,1,static,,off-avx2,,,hype5,g++,-O3 -Wall -Wextra -std=c++17 -fopenmp -ffp-contract=off -g -DOMP_EXPLICIT_SIMD=0 -fno-tree-vectorize -march=haswell,73.453540,c923a906c8989668,passed,0,0
layout-1-20-off-avx2-1t,2026-09-24T13:11:07Z,6000x6000.png,Gaussian_11x11,5990,5990,SoA_Naive,End_to_End,3,1,static,,off-avx2,,,hype5,g++,-O3 -Wall -Wextra -std=c++17 -fopenmp -ffp-contract=off -g -DOMP_EXPLICIT_SIMD=0 -fno-tree-vectorize -march=haswell,9418.378661,c923a906c8989668,passed,0,0
layout-1-20-off-avx2-1t,2026-09-24T13:11:07Z,6000x6000.png,Gaussian_11x11,5990,5990,SoA_Separable,AoS_to_SoA,3,1,static,,off-avx2,,,hype5,g++,-O3 -Wall -Wextra -std=c++17 -fopenmp -ffp-contract=off -g -DOMP_EXPLICIT_SIMD=0 -fno-tree-vectorize -march=haswell,75.125004,acaa148feb45213a,passed,1,802
layout-1-20-off-avx2-1t,2026-09-24T13:11:07Z,6000x6000.png,Gaussian_11x11,5990,5990,SoA_Separable,Horizontal_Passes,3,1,static,,off-avx2,,,hype5,g++,-O3 -Wall -Wextra -std=c++17 -fopenmp -ffp-contract=off -g -DOMP_EXPLICIT_SIMD=0 -fno-tree-vectorize -march=haswell,290.647764,acaa148feb45213a,passed,1,802
layout-1-20-off-avx2-1t,2026-09-24T13:11:07Z,6000x6000.png,Gaussian_11x11,5990,5990,SoA_Separable,Vertical_Passes,3,1,static,,off-avx2,,,hype5,g++,-O3 -Wall -Wextra -std=c++17 -fopenmp -ffp-contract=off -g -DOMP_EXPLICIT_SIMD=0 -fno-tree-vectorize -march=haswell,400.651714,acaa148feb45213a,passed,1,802
layout-1-20-off-avx2-1t,2026-09-24T13:11:07Z,6000x6000.png,Gaussian_11x11,5990,5990,SoA_Separable,Kernel,3,1,static,,off-avx2,,,hype5,g++,-O3 -Wall -Wextra -std=c++17 -fopenmp -ffp-contract=off -g -DOMP_EXPLICIT_SIMD=0 -fno-tree-vectorize -march=haswell,691.299478,acaa148feb45213a,passed,1,802
layout-1-20-off-avx2-1t,2026-09-24T13:11:07Z,6000x6000.png,Gaussian_11x11,5990,5990,SoA_Separable,SoA_to_AoS,3,1,static,,off-avx2,,,hype5,g++,-O3 -Wall -Wextra -std=c++17 -fopenmp -ffp-contract=off -g -DOMP_EXPLICIT_SIMD=0 -fno-tree-vectorize -march=haswell,43.663778,acaa148feb45213a,passed,1,802
layout-1-20-off-avx2-1t,2026-09-24T13:11:07Z,6000x6000.png,Gaussian_11x11,5990,5990,SoA_Separable,End_to_End,3,1,static,,off-avx2,,,hype5,g++,-O3 -Wall -Wextra -std=c++17 -fopenmp -ffp-contract=off -g -DOMP_EXPLICIT_SIMD=0 -fno-tree-vectorize -march=haswell,810.088260,acaa148feb45213a,passed,1,802
layout-1-20-off-avx2-1t,2026-09-24T13:11:42Z,6000x6000.png,Gaussian_11x11,5990,5990,AoS_Naive,Kernel,4,1,static,,off-avx2,,,hype5,g++,-O3 -Wall -Wextra -std=c++17 -fopenmp -ffp-contract=off -g -DOMP_EXPLICIT_SIMD=0 -fno-tree-vectorize -march=haswell,9225.336881,c923a906c8989668,passed,0,0
layout-1-20-off-avx2-1t,2026-09-24T13:11:42Z,6000x6000.png,Gaussian_11x11,5990,5990,SoA_Naive,AoS_to_SoA,4,1,static,,off-avx2,,,hype5,g++,-O3 -Wall -Wextra -std=c++17 -fopenmp -ffp-contract=off -g -DOMP_EXPLICIT_SIMD=0 -fno-tree-vectorize -march=haswell,72.419476,c923a906c8989668,passed,0,0
layout-1-20-off-avx2-1t,2026-09-24T13:11:42Z,6000x6000.png,Gaussian_11x11,5990,5990,SoA_Naive,Kernel,4,1,static,,off-avx2,,,hype5,g++,-O3 -Wall -Wextra -std=c++17 -fopenmp -ffp-contract=off -g -DOMP_EXPLICIT_SIMD=0 -fno-tree-vectorize -march=haswell,9268.819467,c923a906c8989668,passed,0,0
layout-1-20-off-avx2-1t,2026-09-24T13:11:42Z,6000x6000.png,Gaussian_11x11,5990,5990,SoA_Naive,SoA_to_AoS,4,1,static,,off-avx2,,,hype5,g++,-O3 -Wall -Wextra -std=c++17 -fopenmp -ffp-contract=off -g -DOMP_EXPLICIT_SIMD=0 -fno-tree-vectorize -march=haswell,72.771011,c923a906c8989668,passed,0,0
layout-1-20-off-avx2-1t,2026-09-24T13:11:42Z,6000x6000.png,Gaussian_11x11,5990,5990,SoA_Naive,End_to_End,4,1,static,,off-avx2,,,hype5,g++,-O3 -Wall -Wextra -std=c++17 -fopenmp -ffp-contract=off -g -DOMP_EXPLICIT_SIMD=0 -fno-tree-vectorize -march=haswell,9414.009954,c923a906c8989668,passed,0,0
layout-1-20-off-avx2-1t,2026-09-24T13:11:42Z,6000x6000.png,Gaussian_11x11,5990,5990,SoA_Separable,AoS_to_SoA,4,1,static,,off-avx2,,,hype5,g++,-O3 -Wall -Wextra -std=c++17 -fopenmp -ffp-contract=off -g -DOMP_EXPLICIT_SIMD=0 -fno-tree-vectorize -march=haswell,72.419476,acaa148feb45213a,passed,1,802
layout-1-20-off-avx2-1t,2026-09-24T13:11:42Z,6000x6000.png,Gaussian_11x11,5990,5990,SoA_Separable,Horizontal_Passes,4,1,static,,off-avx2,,,hype5,g++,-O3 -Wall -Wextra -std=c++17 -fopenmp -ffp-contract=off -g -DOMP_EXPLICIT_SIMD=0 -fno-tree-vectorize -march=haswell,290.657312,acaa148feb45213a,passed,1,802
layout-1-20-off-avx2-1t,2026-09-24T13:11:42Z,6000x6000.png,Gaussian_11x11,5990,5990,SoA_Separable,Vertical_Passes,4,1,static,,off-avx2,,,hype5,g++,-O3 -Wall -Wextra -std=c++17 -fopenmp -ffp-contract=off -g -DOMP_EXPLICIT_SIMD=0 -fno-tree-vectorize -march=haswell,402.644985,acaa148feb45213a,passed,1,802
layout-1-20-off-avx2-1t,2026-09-24T13:11:42Z,6000x6000.png,Gaussian_11x11,5990,5990,SoA_Separable,Kernel,4,1,static,,off-avx2,,,hype5,g++,-O3 -Wall -Wextra -std=c++17 -fopenmp -ffp-contract=off -g -DOMP_EXPLICIT_SIMD=0 -fno-tree-vectorize -march=haswell,693.302297,acaa148feb45213a,passed,1,802
layout-1-20-off-avx2-1t,2026-09-24T13:11:42Z,6000x6000.png,Gaussian_11x11,5990,5990,SoA_Separable,SoA_to_AoS,4,1,static,,off-avx2,,,hype5,g++,-O3 -Wall -Wextra -std=c++17 -fopenmp -ffp-contract=off -g -DOMP_EXPLICIT_SIMD=0 -fno-tree-vectorize -march=haswell,43.554482,acaa148feb45213a,passed,1,802
layout-1-20-off-avx2-1t,2026-09-24T13:11:42Z,6000x6000.png,Gaussian_11x11,5990,5990,SoA_Separable,End_to_End,4,1,static,,off-avx2,,,hype5,g++,-O3 -Wall -Wextra -std=c++17 -fopenmp -ffp-contract=off -g -DOMP_EXPLICIT_SIMD=0 -fno-tree-vectorize -march=haswell,809.276255,acaa148feb45213a,passed,1,802
layout-1-20-off-avx2-1t,2026-09-24T13:12:13Z,6000x6000.png,Gaussian_11x11,5990,5990,AoS_Naive,Kernel,5,1,static,,off-avx2,,,hype5,g++,-O3 -Wall -Wextra -std=c++17 -fopenmp -ffp-contract=off -g -DOMP_EXPLICIT_SIMD=0 -fno-tree-vectorize -march=haswell,9213.818320,c923a906c8989668,passed,0,0
layout-1-20-off-avx2-1t,2026-09-24T13:12:13Z,6000x6000.png,Gaussian_11x11,5990,5990,SoA_Naive,AoS_to_SoA,5,1,static,,off-avx2,,,hype5,g++,-O3 -Wall -Wextra -std=c++17 -fopenmp -ffp-contract=off -g -DOMP_EXPLICIT_SIMD=0 -fno-tree-vectorize -march=haswell,75.842615,c923a906c8989668,passed,0,0
layout-1-20-off-avx2-1t,2026-09-24T13:12:13Z,6000x6000.png,Gaussian_11x11,5990,5990,SoA_Naive,Kernel,5,1,static,,off-avx2,,,hype5,g++,-O3 -Wall -Wextra -std=c++17 -fopenmp -ffp-contract=off -g -DOMP_EXPLICIT_SIMD=0 -fno-tree-vectorize -march=haswell,9265.218914,c923a906c8989668,passed,0,0
layout-1-20-off-avx2-1t,2026-09-24T13:12:13Z,6000x6000.png,Gaussian_11x11,5990,5990,SoA_Naive,SoA_to_AoS,5,1,static,,off-avx2,,,hype5,g++,-O3 -Wall -Wextra -std=c++17 -fopenmp -ffp-contract=off -g -DOMP_EXPLICIT_SIMD=0 -fno-tree-vectorize -march=haswell,73.145842,c923a906c8989668,passed,0,0
layout-1-20-off-avx2-1t,2026-09-24T13:12:13Z,6000x6000.png,Gaussian_11x11,5990,5990,SoA_Naive,End_to_End,5,1,static,,off-avx2,,,hype5,g++,-O3 -Wall -Wextra -std=c++17 -fopenmp -ffp-contract=off -g -DOMP_EXPLICIT_SIMD=0 -fno-tree-vectorize -march=haswell,9414.207371,c923a906c8989668,passed,0,0
layout-1-20-off-avx2-1t,2026-09-24T13:12:13Z,6000x6000.png,Gaussian_11x11,5990,5990,SoA_Separable,AoS_to_SoA,5,1,static,,off-avx2,,,hype5,g++,-O3 -Wall -Wextra -std=c++17 -fopenmp -ffp-contract=off -g -DOMP_EXPLICIT_SIMD=0 -fno-tree-vectorize -march=haswell,75.842615,acaa148feb45213a,passed,1,802
layout-1-20-off-avx2-1t,2026-09-24T13:12:13Z,6000x6000.png,Gaussian_11x11,5990,5990,SoA_Separable,Horizontal_Passes,5,1,static,,off-avx2,,,hype5,g++,-O3 -Wall -Wextra -std=c++17 -fopenmp -ffp-contract=off -g -DOMP_EXPLICIT_SIMD=0 -fno-tree-vectorize -march=haswell,290.761748,acaa148feb45213a,passed,1,802
layout-1-20-off-avx2-1t,2026-09-24T13:12:13Z,6000x6000.png,Gaussian_11x11,5990,5990,SoA_Separable,Vertical_Passes,5,1,static,,off-avx2,,,hype5,g++,-O3 -Wall -Wextra -std=c++17 -fopenmp -ffp-contract=off -g -DOMP_EXPLICIT_SIMD=0 -fno-tree-vectorize -march=haswell,400.106919,acaa148feb45213a,passed,1,802
layout-1-20-off-avx2-1t,2026-09-24T13:12:13Z,6000x6000.png,Gaussian_11x11,5990,5990,SoA_Separable,Kernel,5,1,static,,off-avx2,,,hype5,g++,-O3 -Wall -Wextra -std=c++17 -fopenmp -ffp-contract=off -g -DOMP_EXPLICIT_SIMD=0 -fno-tree-vectorize -march=haswell,690.868667,acaa148feb45213a,passed,1,802
layout-1-20-off-avx2-1t,2026-09-24T13:12:13Z,6000x6000.png,Gaussian_11x11,5990,5990,SoA_Separable,SoA_to_AoS,5,1,static,,off-avx2,,,hype5,g++,-O3 -Wall -Wextra -std=c++17 -fopenmp -ffp-contract=off -g -DOMP_EXPLICIT_SIMD=0 -fno-tree-vectorize -march=haswell,43.490342,acaa148feb45213a,passed,1,802
layout-1-20-off-avx2-1t,2026-09-24T13:12:13Z,6000x6000.png,Gaussian_11x11,5990,5990,SoA_Separable,End_to_End,5,1,static,,off-avx2,,,hype5,g++,-O3 -Wall -Wextra -std=c++17 -fopenmp -ffp-contract=off -g -DOMP_EXPLICIT_SIMD=0 -fno-tree-vectorize -march=haswell,810.201624,acaa148feb45213a,passed,1,802
layout-1-20-off-avx2-1t,2026-09-24T13:12:44Z,6000x6000.png,Gaussian_11x11,5990,5990,AoS_Naive,Kernel,6,1,static,,off-avx2,,,hype5,g++,-O3 -Wall -Wextra -std=c++17 -fopenmp -ffp-contract=off -g -DOMP_EXPLICIT_SIMD=0 -fno-tree-vectorize -march=haswell,9221.987155,c923a906c8989668,passed,0,0
layout-1-20-off-avx2-1t,2026-09-24T13:12:44Z,6000x6000.png,Gaussian_11x11,5990,5990,SoA_Naive,AoS_to_SoA,6,1,static,,off-avx2,,,hype5,g++,-O3 -Wall -Wextra -std=c++17 -fopenmp -ffp-contract=off -g -DOMP_EXPLICIT_SIMD=0 -fno-tree-vectorize -march=haswell,73.776749,c923a906c8989668,passed,0,0
layout-1-20-off-avx2-1t,2026-09-24T13:12:44Z,6000x6000.png,Gaussian_11x11,5990,5990,SoA_Naive,Kernel,6,1,static,,off-avx2,,,hype5,g++,-O3 -Wall -Wextra -std=c++17 -fopenmp -ffp-contract=off -g -DOMP_EXPLICIT_SIMD=0 -fno-tree-vectorize -march=haswell,9261.044186,c923a906c8989668,passed,0,0
layout-1-20-off-avx2-1t,2026-09-24T13:12:44Z,6000x6000.png,Gaussian_11x11,5990,5990,SoA_Naive,SoA_to_AoS,6,1,static,,off-avx2,,,hype5,g++,-O3 -Wall -Wextra -std=c++17 -fopenmp -ffp-contract=off -g -DOMP_EXPLICIT_SIMD=0 -fno-tree-vectorize -march=haswell,75.333283,c923a906c8989668,passed,0,0
layout-1-20-off-avx2-1t,2026-09-24T13:12:44Z,6000x6000.png,Gaussian_11x11,5990,5990,SoA_Naive,End_to_End,6,1,static,,off-avx2,,,hype5,g++,-O3 -Wall -Wextra -std=c++17 -fopenmp -ffp-contract=off -g -DOMP_EXPLICIT_SIMD=0 -fno-tree-vectorize -march=haswell,9410.154218,c923a906c8989668,passed,0,0
layout-1-20-off-avx2-1t,2026-09-24T13:12:44Z,6000x6000.png,Gaussian_11x11,5990,5990,SoA_Separable,AoS_to_SoA,6,1,static,,off-avx2,,,hype5,g++,-O3 -Wall -Wextra -std=c++17 -fopenmp -ffp-contract=off -g -DOMP_EXPLICIT_SIMD=0 -fno-tree-vectorize -march=haswell,73.776749,acaa148feb45213a,passed,1,802
layout-1-20-off-avx2-1t,2026-09-24T13:12:44Z,6000x6000.png,Gaussian_11x11,5990,5990,SoA_Separable,Horizontal_Passes,6,1,static,,off-avx2,,,hype5,g++,-O3 -Wall -Wextra -std=c++17 -fopenmp -ffp-contract=off -g -DOMP_EXPLICIT_SIMD=0 -fno-tree-vectorize -march=haswell,290.622440,acaa148feb45213a,passed,1,802
layout-1-20-off-avx2-1t,2026-09-24T13:12:44Z,6000x6000.png,Gaussian_11x11,5990,5990,SoA_Separable,Vertical_Passes,6,1,static,,off-avx2,,,hype5,g++,-O3 -Wall -Wextra -std=c++17 -fopenmp -ffp-contract=off -g -DOMP_EXPLICIT_SIMD=0 -fno-tree-vectorize -march=haswell,399.906796,acaa148feb45213a,passed,1,802
layout-1-20-off-avx2-1t,2026-09-24T13:12:44Z,6000x6000.png,Gaussian_11x11,5990,5990,SoA_Separable,Kernel,6,1,static,,off-avx2,,,hype5,g++,-O3 -Wall -Wextra -std=c++17 -fopenmp -ffp-contract=off -g -DOMP_EXPLICIT_SIMD=0 -fno-tree-vectorize -march=haswell,690.529236,acaa148feb45213a,passed,1,802
layout-1-20-off-avx2-1t,2026-09-24T13:12:44Z,6000x6000.png,Gaussian_11x11,5990,5990,SoA_Separable,SoA_to_AoS,6,1,static,,off-avx2,,,hype5,g++,-O3 -Wall -Wextra -std=c++17 -fopenmp -ffp-contract=off -g -DOMP_EXPLICIT_SIMD=0 -fno-tree-vectorize -march=haswell,43.125413,acaa148feb45213a,passed,1,802
layout-1-20-off-avx2-1t,2026-09-24T13:12:44Z,6000x6000.png,Gaussian_11x11,5990,5990,SoA_Separable,End_to_End,6,1,static,,off-avx2,,,hype5,g++,-O3 -Wall -Wextra -std=c++17 -fopenmp -ffp-contract=off -g -DOMP_EXPLICIT_SIMD=0 -fno-tree-vectorize -march=haswell,807.431398,acaa148feb45213a,passed,1,802
layout-1-20-off-avx2-1t,2026-09-24T13:13:16Z,6000x6000.png,Gaussian_11x11,5990,5990,AoS_Naive,Kernel,7,1,static,,off-avx2,,,hype5,g++,-O3 -Wall -Wextra -std=c++17 -fopenmp -ffp-contract=off -g -DOMP_EXPLICIT_SIMD=0 -fno-tree-vectorize -march=haswell,9212.180888,c923a906c8989668,passed,0,0
layout-1-20-off-avx2-1t,2026-09-24T13:13:16Z,6000x6000.png,Gaussian_11x11,5990,5990,SoA_Naive,AoS_to_SoA,7,1,static,,off-avx2,,,hype5,g++,-O3 -Wall -Wextra -std=c++17 -fopenmp -ffp-contract=off -g -DOMP_EXPLICIT_SIMD=0 -fno-tree-vectorize -march=haswell,74.197940,c923a906c8989668,passed,0,0
layout-1-20-off-avx2-1t,2026-09-24T13:13:16Z,6000x6000.png,Gaussian_11x11,5990,5990,SoA_Naive,Kernel,7,1,static,,off-avx2,,,hype5,g++,-O3 -Wall -Wextra -std=c++17 -fopenmp -ffp-contract=off -g -DOMP_EXPLICIT_SIMD=0 -fno-tree-vectorize -march=haswell,9246.562091,c923a906c8989668,passed,0,0
layout-1-20-off-avx2-1t,2026-09-24T13:13:16Z,6000x6000.png,Gaussian_11x11,5990,5990,SoA_Naive,SoA_to_AoS,7,1,static,,off-avx2,,,hype5,g++,-O3 -Wall -Wextra -std=c++17 -fopenmp -ffp-contract=off -g -DOMP_EXPLICIT_SIMD=0 -fno-tree-vectorize -march=haswell,72.886125,c923a906c8989668,passed,0,0
layout-1-20-off-avx2-1t,2026-09-24T13:13:16Z,6000x6000.png,Gaussian_11x11,5990,5990,SoA_Naive,End_to_End,7,1,static,,off-avx2,,,hype5,g++,-O3 -Wall -Wextra -std=c++17 -fopenmp -ffp-contract=off -g -DOMP_EXPLICIT_SIMD=0 -fno-tree-vectorize -march=haswell,9393.646156,c923a906c8989668,passed,0,0
layout-1-20-off-avx2-1t,2026-09-24T13:13:16Z,6000x6000.png,Gaussian_11x11,5990,5990,SoA_Separable,AoS_to_SoA,7,1,static,,off-avx2,,,hype5,g++,-O3 -Wall -Wextra -std=c++17 -fopenmp -ffp-contract=off -g -DOMP_EXPLICIT_SIMD=0 -fno-tree-vectorize -march=haswell,74.197940,acaa148feb45213a,passed,1,802
layout-1-20-off-avx2-1t,2026-09-24T13:13:16Z,6000x6000.png,Gaussian_11x11,5990,5990,SoA_Separable,Horizontal_Passes,7,1,static,,off-avx2,,,hype5,g++,-O3 -Wall -Wextra -std=c++17 -fopenmp -ffp-contract=off -g -DOMP_EXPLICIT_SIMD=0 -fno-tree-vectorize -march=haswell,292.033654,acaa148feb45213a,passed,1,802
layout-1-20-off-avx2-1t,2026-09-24T13:13:16Z,6000x6000.png,Gaussian_11x11,5990,5990,SoA_Separable,Vertical_Passes,7,1,static,,off-avx2,,,hype5,g++,-O3 -Wall -Wextra -std=c++17 -fopenmp -ffp-contract=off -g -DOMP_EXPLICIT_SIMD=0 -fno-tree-vectorize -march=haswell,399.980391,acaa148feb45213a,passed,1,802
layout-1-20-off-avx2-1t,2026-09-24T13:13:16Z,6000x6000.png,Gaussian_11x11,5990,5990,SoA_Separable,Kernel,7,1,static,,off-avx2,,,hype5,g++,-O3 -Wall -Wextra -std=c++17 -fopenmp -ffp-contract=off -g -DOMP_EXPLICIT_SIMD=0 -fno-tree-vectorize -march=haswell,692.014045,acaa148feb45213a,passed,1,802
layout-1-20-off-avx2-1t,2026-09-24T13:13:16Z,6000x6000.png,Gaussian_11x11,5990,5990,SoA_Separable,SoA_to_AoS,7,1,static,,off-avx2,,,hype5,g++,-O3 -Wall -Wextra -std=c++17 -fopenmp -ffp-contract=off -g -DOMP_EXPLICIT_SIMD=0 -fno-tree-vectorize -march=haswell,43.121899,acaa148feb45213a,passed,1,802
layout-1-20-off-avx2-1t,2026-09-24T13:13:16Z,6000x6000.png,Gaussian_11x11,5990,5990,SoA_Separable,End_to_End,7,1,static,,off-avx2,,,hype5,g++,-O3 -Wall -Wextra -std=c++17 -fopenmp -ffp-contract=off -g -DOMP_EXPLICIT_SIMD=0 -fno-tree-vectorize -march=haswell,809.333884,acaa148feb45213a,passed,1,802
layout-1-20-off-avx2-1t,2026-09-24T13:13:47Z,6000x6000.png,Gaussian_11x11,5990,5990,AoS_Naive,Kernel,8,1,static,,off-avx2,,,hype5,g++,-O3 -Wall -Wextra -std=c++17 -fopenmp -ffp-contract=off -g -DOMP_EXPLICIT_SIMD=0 -fno-tree-vectorize -march=haswell,9206.751693,c923a906c8989668,passed,0,0
layout-1-20-off-avx2-1t,2026-09-24T13:13:47Z,6000x6000.png,Gaussian_11x11,5990,5990,SoA_Naive,AoS_to_SoA,8,1,static,,off-avx2,,,hype5,g++,-O3 -Wall -Wextra -std=c++17 -fopenmp -ffp-contract=off -g -DOMP_EXPLICIT_SIMD=0 -fno-tree-vectorize -march=haswell,74.721332,c923a906c8989668,passed,0,0
layout-1-20-off-avx2-1t,2026-09-24T13:13:47Z,6000x6000.png,Gaussian_11x11,5990,5990,SoA_Naive,Kernel,8,1,static,,off-avx2,,,hype5,g++,-O3 -Wall -Wextra -std=c++17 -fopenmp -ffp-contract=off -g -DOMP_EXPLICIT_SIMD=0 -fno-tree-vectorize -march=haswell,9259.315525,c923a906c8989668,passed,0,0
layout-1-20-off-avx2-1t,2026-09-24T13:13:47Z,6000x6000.png,Gaussian_11x11,5990,5990,SoA_Naive,SoA_to_AoS,8,1,static,,off-avx2,,,hype5,g++,-O3 -Wall -Wextra -std=c++17 -fopenmp -ffp-contract=off -g -DOMP_EXPLICIT_SIMD=0 -fno-tree-vectorize -march=haswell,73.537102,c923a906c8989668,passed,0,0
layout-1-20-off-avx2-1t,2026-09-24T13:13:47Z,6000x6000.png,Gaussian_11x11,5990,5990,SoA_Naive,End_to_End,8,1,static,,off-avx2,,,hype5,g++,-O3 -Wall -Wextra -std=c++17 -fopenmp -ffp-contract=off -g -DOMP_EXPLICIT_SIMD=0 -fno-tree-vectorize -march=haswell,9407.573959,c923a906c8989668,passed,0,0
layout-1-20-off-avx2-1t,2026-09-24T13:13:47Z,6000x6000.png,Gaussian_11x11,5990,5990,SoA_Separable,AoS_to_SoA,8,1,static,,off-avx2,,,hype5,g++,-O3 -Wall -Wextra -std=c++17 -fopenmp -ffp-contract=off -g -DOMP_EXPLICIT_SIMD=0 -fno-tree-vectorize -march=haswell,74.721332,acaa148feb45213a,passed,1,802
layout-1-20-off-avx2-1t,2026-09-24T13:13:47Z,6000x6000.png,Gaussian_11x11,5990,5990,SoA_Separable,Horizontal_Passes,8,1,static,,off-avx2,,,hype5,g++,-O3 -Wall -Wextra -std=c++17 -fopenmp -ffp-contract=off -g -DOMP_EXPLICIT_SIMD=0 -fno-tree-vectorize -march=haswell,290.489030,acaa148feb45213a,passed,1,802
layout-1-20-off-avx2-1t,2026-09-24T13:13:47Z,6000x6000.png,Gaussian_11x11,5990,5990,SoA_Separable,Vertical_Passes,8,1,static,,off-avx2,,,hype5,g++,-O3 -Wall -Wextra -std=c++17 -fopenmp -ffp-contract=off -g -DOMP_EXPLICIT_SIMD=0 -fno-tree-vectorize -march=haswell,399.803323,acaa148feb45213a,passed,1,802
layout-1-20-off-avx2-1t,2026-09-24T13:13:47Z,6000x6000.png,Gaussian_11x11,5990,5990,SoA_Separable,Kernel,8,1,static,,off-avx2,,,hype5,g++,-O3 -Wall -Wextra -std=c++17 -fopenmp -ffp-contract=off -g -DOMP_EXPLICIT_SIMD=0 -fno-tree-vectorize -march=haswell,690.292353,acaa148feb45213a,passed,1,802
layout-1-20-off-avx2-1t,2026-09-24T13:13:47Z,6000x6000.png,Gaussian_11x11,5990,5990,SoA_Separable,SoA_to_AoS,8,1,static,,off-avx2,,,hype5,g++,-O3 -Wall -Wextra -std=c++17 -fopenmp -ffp-contract=off -g -DOMP_EXPLICIT_SIMD=0 -fno-tree-vectorize -march=haswell,43.110418,acaa148feb45213a,passed,1,802
layout-1-20-off-avx2-1t,2026-09-24T13:13:47Z,6000x6000.png,Gaussian_11x11,5990,5990,SoA_Separable,End_to_End,8,1,static,,off-avx2,,,hype5,g++,-O3 -Wall -Wextra -std=c++17 -fopenmp -ffp-contract=off -g -DOMP_EXPLICIT_SIMD=0 -fno-tree-vectorize -march=haswell,808.124103,acaa148feb45213a,passed,1,802
layout-1-20-off-avx2-1t,2026-09-24T13:14:19Z,6000x6000.png,Gaussian_11x11,5990,5990,AoS_Naive,Kernel,9,1,static,,off-avx2,,,hype5,g++,-O3 -Wall -Wextra -std=c++17 -fopenmp -ffp-contract=off -g -DOMP_EXPLICIT_SIMD=0 -fno-tree-vectorize -march=haswell,9208.830313,c923a906c8989668,passed,0,0
layout-1-20-off-avx2-1t,2026-09-24T13:14:19Z,6000x6000.png,Gaussian_11x11,5990,5990,SoA_Naive,AoS_to_SoA,9,1,static,,off-avx2,,,hype5,g++,-O3 -Wall -Wextra -std=c++17 -fopenmp -ffp-contract=off -g -DOMP_EXPLICIT_SIMD=0 -fno-tree-vectorize -march=haswell,76.014014,c923a906c8989668,passed,0,0
layout-1-20-off-avx2-1t,2026-09-24T13:14:19Z,6000x6000.png,Gaussian_11x11,5990,5990,SoA_Naive,Kernel,9,1,static,,off-avx2,,,hype5,g++,-O3 -Wall -Wextra -std=c++17 -fopenmp -ffp-contract=off -g -DOMP_EXPLICIT_SIMD=0 -fno-tree-vectorize -march=haswell,9265.117939,c923a906c8989668,passed,0,0
layout-1-20-off-avx2-1t,2026-09-24T13:14:19Z,6000x6000.png,Gaussian_11x11,5990,5990,SoA_Naive,SoA_to_AoS,9,1,static,,off-avx2,,,hype5,g++,-O3 -Wall -Wextra -std=c++17 -fopenmp -ffp-contract=off -g -DOMP_EXPLICIT_SIMD=0 -fno-tree-vectorize -march=haswell,72.932838,c923a906c8989668,passed,0,0
layout-1-20-off-avx2-1t,2026-09-24T13:14:19Z,6000x6000.png,Gaussian_11x11,5990,5990,SoA_Naive,End_to_End,9,1,static,,off-avx2,,,hype5,g++,-O3 -Wall -Wextra -std=c++17 -fopenmp -ffp-contract=off -g -DOMP_EXPLICIT_SIMD=0 -fno-tree-vectorize -march=haswell,9414.064791,c923a906c8989668,passed,0,0
layout-1-20-off-avx2-1t,2026-09-24T13:14:19Z,6000x6000.png,Gaussian_11x11,5990,5990,SoA_Separable,AoS_to_SoA,9,1,static,,off-avx2,,,hype5,g++,-O3 -Wall -Wextra -std=c++17 -fopenmp -ffp-contract=off -g -DOMP_EXPLICIT_SIMD=0 -fno-tree-vectorize -march=haswell,76.014014,acaa148feb45213a,passed,1,802
layout-1-20-off-avx2-1t,2026-09-24T13:14:19Z,6000x6000.png,Gaussian_11x11,5990,5990,SoA_Separable,Horizontal_Passes,9,1,static,,off-avx2,,,hype5,g++,-O3 -Wall -Wextra -std=c++17 -fopenmp -ffp-contract=off -g -DOMP_EXPLICIT_SIMD=0 -fno-tree-vectorize -march=haswell,290.495557,acaa148feb45213a,passed,1,802
layout-1-20-off-avx2-1t,2026-09-24T13:14:19Z,6000x6000.png,Gaussian_11x11,5990,5990,SoA_Separable,Vertical_Passes,9,1,static,,off-avx2,,,hype5,g++,-O3 -Wall -Wextra -std=c++17 -fopenmp -ffp-contract=off -g -DOMP_EXPLICIT_SIMD=0 -fno-tree-vectorize -march=haswell,403.661362,acaa148feb45213a,passed,1,802
layout-1-20-off-avx2-1t,2026-09-24T13:14:19Z,6000x6000.png,Gaussian_11x11,5990,5990,SoA_Separable,Kernel,9,1,static,,off-avx2,,,hype5,g++,-O3 -Wall -Wextra -std=c++17 -fopenmp -ffp-contract=off -g -DOMP_EXPLICIT_SIMD=0 -fno-tree-vectorize -march=haswell,694.156919,acaa148feb45213a,passed,1,802
layout-1-20-off-avx2-1t,2026-09-24T13:14:19Z,6000x6000.png,Gaussian_11x11,5990,5990,SoA_Separable,SoA_to_AoS,9,1,static,,off-avx2,,,hype5,g++,-O3 -Wall -Wextra -std=c++17 -fopenmp -ffp-contract=off -g -DOMP_EXPLICIT_SIMD=0 -fno-tree-vectorize -march=haswell,43.335631,acaa148feb45213a,passed,1,802
layout-1-20-off-avx2-1t,2026-09-24T13:14:19Z,6000x6000.png,Gaussian_11x11,5990,5990,SoA_Separable,End_to_End,9,1,static,,off-avx2,,,hype5,g++,-O3 -Wall -Wextra -std=c++17 -fopenmp -ffp-contract=off -g -DOMP_EXPLICIT_SIMD=0 -fno-tree-vectorize -march=haswell,813.506564,acaa148feb45213a,passed,1,802
layout-1-20-off-avx2-1t,2026-09-24T13:14:50Z,6000x6000.png,Gaussian_11x11,5990,5990,AoS_Naive,Kernel,10,1,static,,off-avx2,,,hype5,g++,-O3 -Wall -Wextra -std=c++17 -fopenmp -ffp-contract=off -g -DOMP_EXPLICIT_SIMD=0 -fno-tree-vectorize -march=haswell,9204.714167,c923a906c8989668,passed,0,0
layout-1-20-off-avx2-1t,2026-09-24T13:14:50Z,6000x6000.png,Gaussian_11x11,5990,5990,SoA_Naive,AoS_to_SoA,10,1,static,,off-avx2,,,hype5,g++,-O3 -Wall -Wextra -std=c++17 -fopenmp -ffp-contract=off -g -DOMP_EXPLICIT_SIMD=0 -fno-tree-vectorize -march=haswell,75.198664,c923a906c8989668,passed,0,0
layout-1-20-off-avx2-1t,2026-09-24T13:14:50Z,6000x6000.png,Gaussian_11x11,5990,5990,SoA_Naive,Kernel,10,1,static,,off-avx2,,,hype5,g++,-O3 -Wall -Wextra -std=c++17 -fopenmp -ffp-contract=off -g -DOMP_EXPLICIT_SIMD=0 -fno-tree-vectorize -march=haswell,9259.596665,c923a906c8989668,passed,0,0
layout-1-20-off-avx2-1t,2026-09-24T13:14:50Z,6000x6000.png,Gaussian_11x11,5990,5990,SoA_Naive,SoA_to_AoS,10,1,static,,off-avx2,,,hype5,g++,-O3 -Wall -Wextra -std=c++17 -fopenmp -ffp-contract=off -g -DOMP_EXPLICIT_SIMD=0 -fno-tree-vectorize -march=haswell,72.999867,c923a906c8989668,passed,0,0
layout-1-20-off-avx2-1t,2026-09-24T13:14:50Z,6000x6000.png,Gaussian_11x11,5990,5990,SoA_Naive,End_to_End,10,1,static,,off-avx2,,,hype5,g++,-O3 -Wall -Wextra -std=c++17 -fopenmp -ffp-contract=off -g -DOMP_EXPLICIT_SIMD=0 -fno-tree-vectorize -march=haswell,9407.795196,c923a906c8989668,passed,0,0
layout-1-20-off-avx2-1t,2026-09-24T13:14:50Z,6000x6000.png,Gaussian_11x11,5990,5990,SoA_Separable,AoS_to_SoA,10,1,static,,off-avx2,,,hype5,g++,-O3 -Wall -Wextra -std=c++17 -fopenmp -ffp-contract=off -g -DOMP_EXPLICIT_SIMD=0 -fno-tree-vectorize -march=haswell,75.198664,acaa148feb45213a,passed,1,802
layout-1-20-off-avx2-1t,2026-09-24T13:14:50Z,6000x6000.png,Gaussian_11x11,5990,5990,SoA_Separable,Horizontal_Passes,10,1,static,,off-avx2,,,hype5,g++,-O3 -Wall -Wextra -std=c++17 -fopenmp -ffp-contract=off -g -DOMP_EXPLICIT_SIMD=0 -fno-tree-vectorize -march=haswell,290.924582,acaa148feb45213a,passed,1,802
layout-1-20-off-avx2-1t,2026-09-24T13:14:50Z,6000x6000.png,Gaussian_11x11,5990,5990,SoA_Separable,Vertical_Passes,10,1,static,,off-avx2,,,hype5,g++,-O3 -Wall -Wextra -std=c++17 -fopenmp -ffp-contract=off -g -DOMP_EXPLICIT_SIMD=0 -fno-tree-vectorize -march=haswell,399.777385,acaa148feb45213a,passed,1,802
layout-1-20-off-avx2-1t,2026-09-24T13:14:50Z,6000x6000.png,Gaussian_11x11,5990,5990,SoA_Separable,Kernel,10,1,static,,off-avx2,,,hype5,g++,-O3 -Wall -Wextra -std=c++17 -fopenmp -ffp-contract=off -g -DOMP_EXPLICIT_SIMD=0 -fno-tree-vectorize -march=haswell,690.701967,acaa148feb45213a,passed,1,802
layout-1-20-off-avx2-1t,2026-09-24T13:14:50Z,6000x6000.png,Gaussian_11x11,5990,5990,SoA_Separable,SoA_to_AoS,10,1,static,,off-avx2,,,hype5,g++,-O3 -Wall -Wextra -std=c++17 -fopenmp -ffp-contract=off -g -DOMP_EXPLICIT_SIMD=0 -fno-tree-vectorize -march=haswell,43.159461,acaa148feb45213a,passed,1,802
layout-1-20-off-avx2-1t,2026-09-24T13:14:50Z,6000x6000.png,Gaussian_11x11,5990,5990,SoA_Separable,End_to_End,10,1,static,,off-avx2,,,hype5,g++,-O3 -Wall -Wextra -std=c++17 -fopenmp -ffp-contract=off -g -DOMP_EXPLICIT_SIMD=0 -fno-tree-vectorize -march=haswell,809.060092,acaa148feb45213a,passed,1,802
layout-1-20-off-avx2-20t,2026-09-24T13:16:12Z,6000x6000.png,Gaussian_11x11,5990,5990,AoS_Naive,Kernel,1,20,static,,off-avx2,,,hype5,g++,-O3 -Wall -Wextra -std=c++17 -fopenmp -ffp-contract=off -g -DOMP_EXPLICIT_SIMD=0 -fno-tree-vectorize -march=haswell,531.432710,c923a906c8989668,passed,0,0
layout-1-20-off-avx2-20t,2026-09-24T13:16:12Z,6000x6000.png,Gaussian_11x11,5990,5990,SoA_Naive,AoS_to_SoA,1,20,static,,off-avx2,,,hype5,g++,-O3 -Wall -Wextra -std=c++17 -fopenmp -ffp-contract=off -g -DOMP_EXPLICIT_SIMD=0 -fno-tree-vectorize -march=haswell,5.974915,c923a906c8989668,passed,0,0
layout-1-20-off-avx2-20t,2026-09-24T13:16:12Z,6000x6000.png,Gaussian_11x11,5990,5990,SoA_Naive,Kernel,1,20,static,,off-avx2,,,hype5,g++,-O3 -Wall -Wextra -std=c++17 -fopenmp -ffp-contract=off -g -DOMP_EXPLICIT_SIMD=0 -fno-tree-vectorize -march=haswell,533.885282,c923a906c8989668,passed,0,0
layout-1-20-off-avx2-20t,2026-09-24T13:16:12Z,6000x6000.png,Gaussian_11x11,5990,5990,SoA_Naive,SoA_to_AoS,1,20,static,,off-avx2,,,hype5,g++,-O3 -Wall -Wextra -std=c++17 -fopenmp -ffp-contract=off -g -DOMP_EXPLICIT_SIMD=0 -fno-tree-vectorize -march=haswell,5.651935,c923a906c8989668,passed,0,0
layout-1-20-off-avx2-20t,2026-09-24T13:16:12Z,6000x6000.png,Gaussian_11x11,5990,5990,SoA_Naive,End_to_End,1,20,static,,off-avx2,,,hype5,g++,-O3 -Wall -Wextra -std=c++17 -fopenmp -ffp-contract=off -g -DOMP_EXPLICIT_SIMD=0 -fno-tree-vectorize -march=haswell,545.512132,c923a906c8989668,passed,0,0
layout-1-20-off-avx2-20t,2026-09-24T13:16:12Z,6000x6000.png,Gaussian_11x11,5990,5990,SoA_Separable,AoS_to_SoA,1,20,static,,off-avx2,,,hype5,g++,-O3 -Wall -Wextra -std=c++17 -fopenmp -ffp-contract=off -g -DOMP_EXPLICIT_SIMD=0 -fno-tree-vectorize -march=haswell,5.974915,acaa148feb45213a,passed,1,802
layout-1-20-off-avx2-20t,2026-09-24T13:16:12Z,6000x6000.png,Gaussian_11x11,5990,5990,SoA_Separable,Horizontal_Passes,1,20,static,,off-avx2,,,hype5,g++,-O3 -Wall -Wextra -std=c++17 -fopenmp -ffp-contract=off -g -DOMP_EXPLICIT_SIMD=0 -fno-tree-vectorize -march=haswell,19.040446,acaa148feb45213a,passed,1,802
layout-1-20-off-avx2-20t,2026-09-24T13:16:12Z,6000x6000.png,Gaussian_11x11,5990,5990,SoA_Separable,Vertical_Passes,1,20,static,,off-avx2,,,hype5,g++,-O3 -Wall -Wextra -std=c++17 -fopenmp -ffp-contract=off -g -DOMP_EXPLICIT_SIMD=0 -fno-tree-vectorize -march=haswell,26.074603,acaa148feb45213a,passed,1,802
layout-1-20-off-avx2-20t,2026-09-24T13:16:12Z,6000x6000.png,Gaussian_11x11,5990,5990,SoA_Separable,Kernel,1,20,static,,off-avx2,,,hype5,g++,-O3 -Wall -Wextra -std=c++17 -fopenmp -ffp-contract=off -g -DOMP_EXPLICIT_SIMD=0 -fno-tree-vectorize -march=haswell,45.115049,acaa148feb45213a,passed,1,802
layout-1-20-off-avx2-20t,2026-09-24T13:16:12Z,6000x6000.png,Gaussian_11x11,5990,5990,SoA_Separable,SoA_to_AoS,1,20,static,,off-avx2,,,hype5,g++,-O3 -Wall -Wextra -std=c++17 -fopenmp -ffp-contract=off -g -DOMP_EXPLICIT_SIMD=0 -fno-tree-vectorize -march=haswell,3.643272,acaa148feb45213a,passed,1,802
layout-1-20-off-avx2-20t,2026-09-24T13:16:12Z,6000x6000.png,Gaussian_11x11,5990,5990,SoA_Separable,End_to_End,1,20,static,,off-avx2,,,hype5,g++,-O3 -Wall -Wextra -std=c++17 -fopenmp -ffp-contract=off -g -DOMP_EXPLICIT_SIMD=0 -fno-tree-vectorize -march=haswell,54.733236,acaa148feb45213a,passed,1,802
layout-1-20-off-avx2-20t,2026-09-24T13:16:16Z,6000x6000.png,Gaussian_11x11,5990,5990,AoS_Naive,Kernel,2,20,static,,off-avx2,,,hype5,g++,-O3 -Wall -Wextra -std=c++17 -fopenmp -ffp-contract=off -g -DOMP_EXPLICIT_SIMD=0 -fno-tree-vectorize -march=haswell,536.101786,c923a906c8989668,passed,0,0
layout-1-20-off-avx2-20t,2026-09-24T13:16:16Z,6000x6000.png,Gaussian_11x11,5990,5990,SoA_Naive,AoS_to_SoA,2,20,static,,off-avx2,,,hype5,g++,-O3 -Wall -Wextra -std=c++17 -fopenmp -ffp-contract=off -g -DOMP_EXPLICIT_SIMD=0 -fno-tree-vectorize -march=haswell,6.005491,c923a906c8989668,passed,0,0
layout-1-20-off-avx2-20t,2026-09-24T13:16:16Z,6000x6000.png,Gaussian_11x11,5990,5990,SoA_Naive,Kernel,2,20,static,,off-avx2,,,hype5,g++,-O3 -Wall -Wextra -std=c++17 -fopenmp -ffp-contract=off -g -DOMP_EXPLICIT_SIMD=0 -fno-tree-vectorize -march=haswell,534.459957,c923a906c8989668,passed,0,0
layout-1-20-off-avx2-20t,2026-09-24T13:16:16Z,6000x6000.png,Gaussian_11x11,5990,5990,SoA_Naive,SoA_to_AoS,2,20,static,,off-avx2,,,hype5,g++,-O3 -Wall -Wextra -std=c++17 -fopenmp -ffp-contract=off -g -DOMP_EXPLICIT_SIMD=0 -fno-tree-vectorize -march=haswell,5.248710,c923a906c8989668,passed,0,0
layout-1-20-off-avx2-20t,2026-09-24T13:16:16Z,6000x6000.png,Gaussian_11x11,5990,5990,SoA_Naive,End_to_End,2,20,static,,off-avx2,,,hype5,g++,-O3 -Wall -Wextra -std=c++17 -fopenmp -ffp-contract=off -g -DOMP_EXPLICIT_SIMD=0 -fno-tree-vectorize -march=haswell,545.714158,c923a906c8989668,passed,0,0
layout-1-20-off-avx2-20t,2026-09-24T13:16:16Z,6000x6000.png,Gaussian_11x11,5990,5990,SoA_Separable,AoS_to_SoA,2,20,static,,off-avx2,,,hype5,g++,-O3 -Wall -Wextra -std=c++17 -fopenmp -ffp-contract=off -g -DOMP_EXPLICIT_SIMD=0 -fno-tree-vectorize -march=haswell,6.005491,acaa148feb45213a,passed,1,802
layout-1-20-off-avx2-20t,2026-09-24T13:16:16Z,6000x6000.png,Gaussian_11x11,5990,5990,SoA_Separable,Horizontal_Passes,2,20,static,,off-avx2,,,hype5,g++,-O3 -Wall -Wextra -std=c++17 -fopenmp -ffp-contract=off -g -DOMP_EXPLICIT_SIMD=0 -fno-tree-vectorize -march=haswell,18.994247,acaa148feb45213a,passed,1,802
layout-1-20-off-avx2-20t,2026-09-24T13:16:16Z,6000x6000.png,Gaussian_11x11,5990,5990,SoA_Separable,Vertical_Passes,2,20,static,,off-avx2,,,hype5,g++,-O3 -Wall -Wextra -std=c++17 -fopenmp -ffp-contract=off -g -DOMP_EXPLICIT_SIMD=0 -fno-tree-vectorize -march=haswell,25.944208,acaa148feb45213a,passed,1,802
layout-1-20-off-avx2-20t,2026-09-24T13:16:16Z,6000x6000.png,Gaussian_11x11,5990,5990,SoA_Separable,Kernel,2,20,static,,off-avx2,,,hype5,g++,-O3 -Wall -Wextra -std=c++17 -fopenmp -ffp-contract=off -g -DOMP_EXPLICIT_SIMD=0 -fno-tree-vectorize -march=haswell,44.938455,acaa148feb45213a,passed,1,802
layout-1-20-off-avx2-20t,2026-09-24T13:16:16Z,6000x6000.png,Gaussian_11x11,5990,5990,SoA_Separable,SoA_to_AoS,2,20,static,,off-avx2,,,hype5,g++,-O3 -Wall -Wextra -std=c++17 -fopenmp -ffp-contract=off -g -DOMP_EXPLICIT_SIMD=0 -fno-tree-vectorize -march=haswell,3.747969,acaa148feb45213a,passed,1,802
layout-1-20-off-avx2-20t,2026-09-24T13:16:16Z,6000x6000.png,Gaussian_11x11,5990,5990,SoA_Separable,End_to_End,2,20,static,,off-avx2,,,hype5,g++,-O3 -Wall -Wextra -std=c++17 -fopenmp -ffp-contract=off -g -DOMP_EXPLICIT_SIMD=0 -fno-tree-vectorize -march=haswell,54.691915,acaa148feb45213a,passed,1,802
layout-1-20-off-avx2-20t,2026-09-24T13:16:20Z,6000x6000.png,Gaussian_11x11,5990,5990,AoS_Naive,Kernel,3,20,static,,off-avx2,,,hype5,g++,-O3 -Wall -Wextra -std=c++17 -fopenmp -ffp-contract=off -g -DOMP_EXPLICIT_SIMD=0 -fno-tree-vectorize -march=haswell,531.277694,c923a906c8989668,passed,0,0
layout-1-20-off-avx2-20t,2026-09-24T13:16:20Z,6000x6000.png,Gaussian_11x11,5990,5990,SoA_Naive,AoS_to_SoA,3,20,static,,off-avx2,,,hype5,g++,-O3 -Wall -Wextra -std=c++17 -fopenmp -ffp-contract=off -g -DOMP_EXPLICIT_SIMD=0 -fno-tree-vectorize -march=haswell,5.883175,c923a906c8989668,passed,0,0
layout-1-20-off-avx2-20t,2026-09-24T13:16:20Z,6000x6000.png,Gaussian_11x11,5990,5990,SoA_Naive,Kernel,3,20,static,,off-avx2,,,hype5,g++,-O3 -Wall -Wextra -std=c++17 -fopenmp -ffp-contract=off -g -DOMP_EXPLICIT_SIMD=0 -fno-tree-vectorize -march=haswell,534.958891,c923a906c8989668,passed,0,0
layout-1-20-off-avx2-20t,2026-09-24T13:16:20Z,6000x6000.png,Gaussian_11x11,5990,5990,SoA_Naive,SoA_to_AoS,3,20,static,,off-avx2,,,hype5,g++,-O3 -Wall -Wextra -std=c++17 -fopenmp -ffp-contract=off -g -DOMP_EXPLICIT_SIMD=0 -fno-tree-vectorize -march=haswell,5.115912,c923a906c8989668,passed,0,0
layout-1-20-off-avx2-20t,2026-09-24T13:16:20Z,6000x6000.png,Gaussian_11x11,5990,5990,SoA_Naive,End_to_End,3,20,static,,off-avx2,,,hype5,g++,-O3 -Wall -Wextra -std=c++17 -fopenmp -ffp-contract=off -g -DOMP_EXPLICIT_SIMD=0 -fno-tree-vectorize -march=haswell,545.957978,c923a906c8989668,passed,0,0
layout-1-20-off-avx2-20t,2026-09-24T13:16:20Z,6000x6000.png,Gaussian_11x11,5990,5990,SoA_Separable,AoS_to_SoA,3,20,static,,off-avx2,,,hype5,g++,-O3 -Wall -Wextra -std=c++17 -fopenmp -ffp-contract=off -g -DOMP_EXPLICIT_SIMD=0 -fno-tree-vectorize -march=haswell,5.883175,acaa148feb45213a,passed,1,802
layout-1-20-off-avx2-20t,2026-09-24T13:16:20Z,6000x6000.png,Gaussian_11x11,5990,5990,SoA_Separable,Horizontal_Passes,3,20,static,,off-avx2,,,hype5,g++,-O3 -Wall -Wextra -std=c++17 -fopenmp -ffp-contract=off -g -DOMP_EXPLICIT_SIMD=0 -fno-tree-vectorize -march=haswell,19.134509,acaa148feb45213a,passed,1,802
layout-1-20-off-avx2-20t,2026-09-24T13:16:20Z,6000x6000.png,Gaussian_11x11,5990,5990,SoA_Separable,Vertical_Passes,3,20,static,,off-avx2,,,hype5,g++,-O3 -Wall -Wextra -std=c++17 -fopenmp -ffp-contract=off -g -DOMP_EXPLICIT_SIMD=0 -fno-tree-vectorize -march=haswell,25.992005,acaa148feb45213a,passed,1,802
layout-1-20-off-avx2-20t,2026-09-24T13:16:20Z,6000x6000.png,Gaussian_11x11,5990,5990,SoA_Separable,Kernel,3,20,static,,off-avx2,,,hype5,g++,-O3 -Wall -Wextra -std=c++17 -fopenmp -ffp-contract=off -g -DOMP_EXPLICIT_SIMD=0 -fno-tree-vectorize -march=haswell,45.126514,acaa148feb45213a,passed,1,802
layout-1-20-off-avx2-20t,2026-09-24T13:16:20Z,6000x6000.png,Gaussian_11x11,5990,5990,SoA_Separable,SoA_to_AoS,3,20,static,,off-avx2,,,hype5,g++,-O3 -Wall -Wextra -std=c++17 -fopenmp -ffp-contract=off -g -DOMP_EXPLICIT_SIMD=0 -fno-tree-vectorize -march=haswell,3.666383,acaa148feb45213a,passed,1,802
layout-1-20-off-avx2-20t,2026-09-24T13:16:20Z,6000x6000.png,Gaussian_11x11,5990,5990,SoA_Separable,End_to_End,3,20,static,,off-avx2,,,hype5,g++,-O3 -Wall -Wextra -std=c++17 -fopenmp -ffp-contract=off -g -DOMP_EXPLICIT_SIMD=0 -fno-tree-vectorize -march=haswell,54.676072,acaa148feb45213a,passed,1,802
layout-1-20-off-avx2-20t,2026-09-24T13:16:24Z,6000x6000.png,Gaussian_11x11,5990,5990,AoS_Naive,Kernel,4,20,static,,off-avx2,,,hype5,g++,-O3 -Wall -Wextra -std=c++17 -fopenmp -ffp-contract=off -g -DOMP_EXPLICIT_SIMD=0 -fno-tree-vectorize -march=haswell,651.417759,c923a906c8989668,passed,0,0
layout-1-20-off-avx2-20t,2026-09-24T13:16:24Z,6000x6000.png,Gaussian_11x11,5990,5990,SoA_Naive,AoS_to_SoA,4,20,static,,off-avx2,,,hype5,g++,-O3 -Wall -Wextra -std=c++17 -fopenmp -ffp-contract=off -g -DOMP_EXPLICIT_SIMD=0 -fno-tree-vectorize -march=haswell,5.657413,c923a906c8989668,passed,0,0
layout-1-20-off-avx2-20t,2026-09-24T13:16:24Z,6000x6000.png,Gaussian_11x11,5990,5990,SoA_Naive,Kernel,4,20,static,,off-avx2,,,hype5,g++,-O3 -Wall -Wextra -std=c++17 -fopenmp -ffp-contract=off -g -DOMP_EXPLICIT_SIMD=0 -fno-tree-vectorize -march=haswell,533.443633,c923a906c8989668,passed,0,0
layout-1-20-off-avx2-20t,2026-09-24T13:16:24Z,6000x6000.png,Gaussian_11x11,5990,5990,SoA_Naive,SoA_to_AoS,4,20,static,,off-avx2,,,hype5,g++,-O3 -Wall -Wextra -std=c++17 -fopenmp -ffp-contract=off -g -DOMP_EXPLICIT_SIMD=0 -fno-tree-vectorize -march=haswell,5.243491,c923a906c8989668,passed,0,0
layout-1-20-off-avx2-20t,2026-09-24T13:16:24Z,6000x6000.png,Gaussian_11x11,5990,5990,SoA_Naive,End_to_End,4,20,static,,off-avx2,,,hype5,g++,-O3 -Wall -Wextra -std=c++17 -fopenmp -ffp-contract=off -g -DOMP_EXPLICIT_SIMD=0 -fno-tree-vectorize -march=haswell,544.344537,c923a906c8989668,passed,0,0
layout-1-20-off-avx2-20t,2026-09-24T13:16:24Z,6000x6000.png,Gaussian_11x11,5990,5990,SoA_Separable,AoS_to_SoA,4,20,static,,off-avx2,,,hype5,g++,-O3 -Wall -Wextra -std=c++17 -fopenmp -ffp-contract=off -g -DOMP_EXPLICIT_SIMD=0 -fno-tree-vectorize -march=haswell,5.657413,acaa148feb45213a,passed,1,802
layout-1-20-off-avx2-20t,2026-09-24T13:16:24Z,6000x6000.png,Gaussian_11x11,5990,5990,SoA_Separable,Horizontal_Passes,4,20,static,,off-avx2,,,hype5,g++,-O3 -Wall -Wextra -std=c++17 -fopenmp -ffp-contract=off -g -DOMP_EXPLICIT_SIMD=0 -fno-tree-vectorize -march=haswell,18.845766,acaa148feb45213a,passed,1,802
layout-1-20-off-avx2-20t,2026-09-24T13:16:24Z,6000x6000.png,Gaussian_11x11,5990,5990,SoA_Separable,Vertical_Passes,4,20,static,,off-avx2,,,hype5,g++,-O3 -Wall -Wextra -std=c++17 -fopenmp -ffp-contract=off -g -DOMP_EXPLICIT_SIMD=0 -fno-tree-vectorize -march=haswell,25.495449,acaa148feb45213a,passed,1,802
layout-1-20-off-avx2-20t,2026-09-24T13:16:24Z,6000x6000.png,Gaussian_11x11,5990,5990,SoA_Separable,Kernel,4,20,static,,off-avx2,,,hype5,g++,-O3 -Wall -Wextra -std=c++17 -fopenmp -ffp-contract=off -g -DOMP_EXPLICIT_SIMD=0 -fno-tree-vectorize -march=haswell,44.341215,acaa148feb45213a,passed,1,802
layout-1-20-off-avx2-20t,2026-09-24T13:16:24Z,6000x6000.png,Gaussian_11x11,5990,5990,SoA_Separable,SoA_to_AoS,4,20,static,,off-avx2,,,hype5,g++,-O3 -Wall -Wextra -std=c++17 -fopenmp -ffp-contract=off -g -DOMP_EXPLICIT_SIMD=0 -fno-tree-vectorize -march=haswell,3.642349,acaa148feb45213a,passed,1,802
layout-1-20-off-avx2-20t,2026-09-24T13:16:24Z,6000x6000.png,Gaussian_11x11,5990,5990,SoA_Separable,End_to_End,4,20,static,,off-avx2,,,hype5,g++,-O3 -Wall -Wextra -std=c++17 -fopenmp -ffp-contract=off -g -DOMP_EXPLICIT_SIMD=0 -fno-tree-vectorize -march=haswell,53.640977,acaa148feb45213a,passed,1,802
layout-1-20-off-avx2-20t,2026-09-24T13:16:30Z,6000x6000.png,Gaussian_11x11,5990,5990,AoS_Naive,Kernel,5,20,static,,off-avx2,,,hype5,g++,-O3 -Wall -Wextra -std=c++17 -fopenmp -ffp-contract=off -g -DOMP_EXPLICIT_SIMD=0 -fno-tree-vectorize -march=haswell,558.896709,c923a906c8989668,passed,0,0
layout-1-20-off-avx2-20t,2026-09-24T13:16:30Z,6000x6000.png,Gaussian_11x11,5990,5990,SoA_Naive,AoS_to_SoA,5,20,static,,off-avx2,,,hype5,g++,-O3 -Wall -Wextra -std=c++17 -fopenmp -ffp-contract=off -g -DOMP_EXPLICIT_SIMD=0 -fno-tree-vectorize -march=haswell,6.102963,c923a906c8989668,passed,0,0
layout-1-20-off-avx2-20t,2026-09-24T13:16:30Z,6000x6000.png,Gaussian_11x11,5990,5990,SoA_Naive,Kernel,5,20,static,,off-avx2,,,hype5,g++,-O3 -Wall -Wextra -std=c++17 -fopenmp -ffp-contract=off -g -DOMP_EXPLICIT_SIMD=0 -fno-tree-vectorize -march=haswell,534.532913,c923a906c8989668,passed,0,0
layout-1-20-off-avx2-20t,2026-09-24T13:16:30Z,6000x6000.png,Gaussian_11x11,5990,5990,SoA_Naive,SoA_to_AoS,5,20,static,,off-avx2,,,hype5,g++,-O3 -Wall -Wextra -std=c++17 -fopenmp -ffp-contract=off -g -DOMP_EXPLICIT_SIMD=0 -fno-tree-vectorize -march=haswell,5.115676,c923a906c8989668,passed,0,0
layout-1-20-off-avx2-20t,2026-09-24T13:16:30Z,6000x6000.png,Gaussian_11x11,5990,5990,SoA_Naive,End_to_End,5,20,static,,off-avx2,,,hype5,g++,-O3 -Wall -Wextra -std=c++17 -fopenmp -ffp-contract=off -g -DOMP_EXPLICIT_SIMD=0 -fno-tree-vectorize -march=haswell,545.751552,c923a906c8989668,passed,0,0
layout-1-20-off-avx2-20t,2026-09-24T13:16:30Z,6000x6000.png,Gaussian_11x11,5990,5990,SoA_Separable,AoS_to_SoA,5,20,static,,off-avx2,,,hype5,g++,-O3 -Wall -Wextra -std=c++17 -fopenmp -ffp-contract=off -g -DOMP_EXPLICIT_SIMD=0 -fno-tree-vectorize -march=haswell,6.102963,acaa148feb45213a,passed,1,802
layout-1-20-off-avx2-20t,2026-09-24T13:16:30Z,6000x6000.png,Gaussian_11x11,5990,5990,SoA_Separable,Horizontal_Passes,5,20,static,,off-avx2,,,hype5,g++,-O3 -Wall -Wextra -std=c++17 -fopenmp -ffp-contract=off -g -DOMP_EXPLICIT_SIMD=0 -fno-tree-vectorize -march=haswell,19.306121,acaa148feb45213a,passed,1,802
layout-1-20-off-avx2-20t,2026-09-24T13:16:30Z,6000x6000.png,Gaussian_11x11,5990,5990,SoA_Separable,Vertical_Passes,5,20,static,,off-avx2,,,hype5,g++,-O3 -Wall -Wextra -std=c++17 -fopenmp -ffp-contract=off -g -DOMP_EXPLICIT_SIMD=0 -fno-tree-vectorize -march=haswell,25.945805,acaa148feb45213a,passed,1,802
layout-1-20-off-avx2-20t,2026-09-24T13:16:30Z,6000x6000.png,Gaussian_11x11,5990,5990,SoA_Separable,Kernel,5,20,static,,off-avx2,,,hype5,g++,-O3 -Wall -Wextra -std=c++17 -fopenmp -ffp-contract=off -g -DOMP_EXPLICIT_SIMD=0 -fno-tree-vectorize -march=haswell,45.251926,acaa148feb45213a,passed,1,802
layout-1-20-off-avx2-20t,2026-09-24T13:16:30Z,6000x6000.png,Gaussian_11x11,5990,5990,SoA_Separable,SoA_to_AoS,5,20,static,,off-avx2,,,hype5,g++,-O3 -Wall -Wextra -std=c++17 -fopenmp -ffp-contract=off -g -DOMP_EXPLICIT_SIMD=0 -fno-tree-vectorize -march=haswell,3.743181,acaa148feb45213a,passed,1,802
layout-1-20-off-avx2-20t,2026-09-24T13:16:30Z,6000x6000.png,Gaussian_11x11,5990,5990,SoA_Separable,End_to_End,5,20,static,,off-avx2,,,hype5,g++,-O3 -Wall -Wextra -std=c++17 -fopenmp -ffp-contract=off -g -DOMP_EXPLICIT_SIMD=0 -fno-tree-vectorize -march=haswell,55.098070,acaa148feb45213a,passed,1,802
layout-1-20-off-avx2-20t,2026-09-24T13:16:34Z,6000x6000.png,Gaussian_11x11,5990,5990,AoS_Naive,Kernel,6,20,static,,off-avx2,,,hype5,g++,-O3 -Wall -Wextra -std=c++17 -fopenmp -ffp-contract=off -g -DOMP_EXPLICIT_SIMD=0 -fno-tree-vectorize -march=haswell,530.911237,c923a906c8989668,passed,0,0
layout-1-20-off-avx2-20t,2026-09-24T13:16:34Z,6000x6000.png,Gaussian_11x11,5990,5990,SoA_Naive,AoS_to_SoA,6,20,static,,off-avx2,,,hype5,g++,-O3 -Wall -Wextra -std=c++17 -fopenmp -ffp-contract=off -g -DOMP_EXPLICIT_SIMD=0 -fno-tree-vectorize -march=haswell,6.192101,c923a906c8989668,passed,0,0
layout-1-20-off-avx2-20t,2026-09-24T13:16:34Z,6000x6000.png,Gaussian_11x11,5990,5990,SoA_Naive,Kernel,6,20,static,,off-avx2,,,hype5,g++,-O3 -Wall -Wextra -std=c++17 -fopenmp -ffp-contract=off -g -DOMP_EXPLICIT_SIMD=0 -fno-tree-vectorize -march=haswell,540.596499,c923a906c8989668,passed,0,0
layout-1-20-off-avx2-20t,2026-09-24T13:16:34Z,6000x6000.png,Gaussian_11x11,5990,5990,SoA_Naive,SoA_to_AoS,6,20,static,,off-avx2,,,hype5,g++,-O3 -Wall -Wextra -std=c++17 -fopenmp -ffp-contract=off -g -DOMP_EXPLICIT_SIMD=0 -fno-tree-vectorize -march=haswell,5.162840,c923a906c8989668,passed,0,0
layout-1-20-off-avx2-20t,2026-09-24T13:16:34Z,6000x6000.png,Gaussian_11x11,5990,5990,SoA_Naive,End_to_End,6,20,static,,off-avx2,,,hype5,g++,-O3 -Wall -Wextra -std=c++17 -fopenmp -ffp-contract=off -g -DOMP_EXPLICIT_SIMD=0 -fno-tree-vectorize -march=haswell,551.951440,c923a906c8989668,passed,0,0
layout-1-20-off-avx2-20t,2026-09-24T13:16:34Z,6000x6000.png,Gaussian_11x11,5990,5990,SoA_Separable,AoS_to_SoA,6,20,static,,off-avx2,,,hype5,g++,-O3 -Wall -Wextra -std=c++17 -fopenmp -ffp-contract=off -g -DOMP_EXPLICIT_SIMD=0 -fno-tree-vectorize -march=haswell,6.192101,acaa148feb45213a,passed,1,802
layout-1-20-off-avx2-20t,2026-09-24T13:16:34Z,6000x6000.png,Gaussian_11x11,5990,5990,SoA_Separable,Horizontal_Passes,6,20,static,,off-avx2,,,hype5,g++,-O3 -Wall -Wextra -std=c++17 -fopenmp -ffp-contract=off -g -DOMP_EXPLICIT_SIMD=0 -fno-tree-vectorize -march=haswell,19.296863,acaa148feb45213a,passed,1,802
layout-1-20-off-avx2-20t,2026-09-24T13:16:34Z,6000x6000.png,Gaussian_11x11,5990,5990,SoA_Separable,Vertical_Passes,6,20,static,,off-avx2,,,hype5,g++,-O3 -Wall -Wextra -std=c++17 -fopenmp -ffp-contract=off -g -DOMP_EXPLICIT_SIMD=0 -fno-tree-vectorize -march=haswell,25.968356,acaa148feb45213a,passed,1,802
layout-1-20-off-avx2-20t,2026-09-24T13:16:34Z,6000x6000.png,Gaussian_11x11,5990,5990,SoA_Separable,Kernel,6,20,static,,off-avx2,,,hype5,g++,-O3 -Wall -Wextra -std=c++17 -fopenmp -ffp-contract=off -g -DOMP_EXPLICIT_SIMD=0 -fno-tree-vectorize -march=haswell,45.265219,acaa148feb45213a,passed,1,802
layout-1-20-off-avx2-20t,2026-09-24T13:16:34Z,6000x6000.png,Gaussian_11x11,5990,5990,SoA_Separable,SoA_to_AoS,6,20,static,,off-avx2,,,hype5,g++,-O3 -Wall -Wextra -std=c++17 -fopenmp -ffp-contract=off -g -DOMP_EXPLICIT_SIMD=0 -fno-tree-vectorize -march=haswell,3.988664,acaa148feb45213a,passed,1,802
layout-1-20-off-avx2-20t,2026-09-24T13:16:34Z,6000x6000.png,Gaussian_11x11,5990,5990,SoA_Separable,End_to_End,6,20,static,,off-avx2,,,hype5,g++,-O3 -Wall -Wextra -std=c++17 -fopenmp -ffp-contract=off -g -DOMP_EXPLICIT_SIMD=0 -fno-tree-vectorize -march=haswell,55.445984,acaa148feb45213a,passed,1,802
layout-1-20-off-avx2-20t,2026-09-24T13:16:38Z,6000x6000.png,Gaussian_11x11,5990,5990,AoS_Naive,Kernel,7,20,static,,off-avx2,,,hype5,g++,-O3 -Wall -Wextra -std=c++17 -fopenmp -ffp-contract=off -g -DOMP_EXPLICIT_SIMD=0 -fno-tree-vectorize -march=haswell,531.349149,c923a906c8989668,passed,0,0
layout-1-20-off-avx2-20t,2026-09-24T13:16:38Z,6000x6000.png,Gaussian_11x11,5990,5990,SoA_Naive,AoS_to_SoA,7,20,static,,off-avx2,,,hype5,g++,-O3 -Wall -Wextra -std=c++17 -fopenmp -ffp-contract=off -g -DOMP_EXPLICIT_SIMD=0 -fno-tree-vectorize -march=haswell,6.144964,c923a906c8989668,passed,0,0
layout-1-20-off-avx2-20t,2026-09-24T13:16:38Z,6000x6000.png,Gaussian_11x11,5990,5990,SoA_Naive,Kernel,7,20,static,,off-avx2,,,hype5,g++,-O3 -Wall -Wextra -std=c++17 -fopenmp -ffp-contract=off -g -DOMP_EXPLICIT_SIMD=0 -fno-tree-vectorize -march=haswell,533.783648,c923a906c8989668,passed,0,0
layout-1-20-off-avx2-20t,2026-09-24T13:16:38Z,6000x6000.png,Gaussian_11x11,5990,5990,SoA_Naive,SoA_to_AoS,7,20,static,,off-avx2,,,hype5,g++,-O3 -Wall -Wextra -std=c++17 -fopenmp -ffp-contract=off -g -DOMP_EXPLICIT_SIMD=0 -fno-tree-vectorize -march=haswell,5.142011,c923a906c8989668,passed,0,0
layout-1-20-off-avx2-20t,2026-09-24T13:16:38Z,6000x6000.png,Gaussian_11x11,5990,5990,SoA_Naive,End_to_End,7,20,static,,off-avx2,,,hype5,g++,-O3 -Wall -Wextra -std=c++17 -fopenmp -ffp-contract=off -g -DOMP_EXPLICIT_SIMD=0 -fno-tree-vectorize -march=haswell,545.070623,c923a906c8989668,passed,0,0
layout-1-20-off-avx2-20t,2026-09-24T13:16:38Z,6000x6000.png,Gaussian_11x11,5990,5990,SoA_Separable,AoS_to_SoA,7,20,static,,off-avx2,,,hype5,g++,-O3 -Wall -Wextra -std=c++17 -fopenmp -ffp-contract=off -g -DOMP_EXPLICIT_SIMD=0 -fno-tree-vectorize -march=haswell,6.144964,acaa148feb45213a,passed,1,802
layout-1-20-off-avx2-20t,2026-09-24T13:16:38Z,6000x6000.png,Gaussian_11x11,5990,5990,SoA_Separable,Horizontal_Passes,7,20,static,,off-avx2,,,hype5,g++,-O3 -Wall -Wextra -std=c++17 -fopenmp -ffp-contract=off -g -DOMP_EXPLICIT_SIMD=0 -fno-tree-vectorize -march=haswell,18.866834,acaa148feb45213a,passed,1,802
layout-1-20-off-avx2-20t,2026-09-24T13:16:38Z,6000x6000.png,Gaussian_11x11,5990,5990,SoA_Separable,Vertical_Passes,7,20,static,,off-avx2,,,hype5,g++,-O3 -Wall -Wextra -std=c++17 -fopenmp -ffp-contract=off -g -DOMP_EXPLICIT_SIMD=0 -fno-tree-vectorize -march=haswell,25.948385,acaa148feb45213a,passed,1,802
layout-1-20-off-avx2-20t,2026-09-24T13:16:38Z,6000x6000.png,Gaussian_11x11,5990,5990,SoA_Separable,Kernel,7,20,static,,off-avx2,,,hype5,g++,-O3 -Wall -Wextra -std=c++17 -fopenmp -ffp-contract=off -g -DOMP_EXPLICIT_SIMD=0 -fno-tree-vectorize -march=haswell,44.815219,acaa148feb45213a,passed,1,802
layout-1-20-off-avx2-20t,2026-09-24T13:16:38Z,6000x6000.png,Gaussian_11x11,5990,5990,SoA_Separable,SoA_to_AoS,7,20,static,,off-avx2,,,hype5,g++,-O3 -Wall -Wextra -std=c++17 -fopenmp -ffp-contract=off -g -DOMP_EXPLICIT_SIMD=0 -fno-tree-vectorize -march=haswell,3.635362,acaa148feb45213a,passed,1,802
layout-1-20-off-avx2-20t,2026-09-24T13:16:38Z,6000x6000.png,Gaussian_11x11,5990,5990,SoA_Separable,End_to_End,7,20,static,,off-avx2,,,hype5,g++,-O3 -Wall -Wextra -std=c++17 -fopenmp -ffp-contract=off -g -DOMP_EXPLICIT_SIMD=0 -fno-tree-vectorize -march=haswell,54.595545,acaa148feb45213a,passed,1,802
layout-1-20-off-avx2-20t,2026-09-24T13:16:42Z,6000x6000.png,Gaussian_11x11,5990,5990,AoS_Naive,Kernel,8,20,static,,off-avx2,,,hype5,g++,-O3 -Wall -Wextra -std=c++17 -fopenmp -ffp-contract=off -g -DOMP_EXPLICIT_SIMD=0 -fno-tree-vectorize -march=haswell,531.523168,c923a906c8989668,passed,0,0
layout-1-20-off-avx2-20t,2026-09-24T13:16:42Z,6000x6000.png,Gaussian_11x11,5990,5990,SoA_Naive,AoS_to_SoA,8,20,static,,off-avx2,,,hype5,g++,-O3 -Wall -Wextra -std=c++17 -fopenmp -ffp-contract=off -g -DOMP_EXPLICIT_SIMD=0 -fno-tree-vectorize -march=haswell,6.001747,c923a906c8989668,passed,0,0
layout-1-20-off-avx2-20t,2026-09-24T13:16:42Z,6000x6000.png,Gaussian_11x11,5990,5990,SoA_Naive,Kernel,8,20,static,,off-avx2,,,hype5,g++,-O3 -Wall -Wextra -std=c++17 -fopenmp -ffp-contract=off -g -DOMP_EXPLICIT_SIMD=0 -fno-tree-vectorize -march=haswell,534.440694,c923a906c8989668,passed,0,0
layout-1-20-off-avx2-20t,2026-09-24T13:16:42Z,6000x6000.png,Gaussian_11x11,5990,5990,SoA_Naive,SoA_to_AoS,8,20,static,,off-avx2,,,hype5,g++,-O3 -Wall -Wextra -std=c++17 -fopenmp -ffp-contract=off -g -DOMP_EXPLICIT_SIMD=0 -fno-tree-vectorize -march=haswell,5.257903,c923a906c8989668,passed,0,0
layout-1-20-off-avx2-20t,2026-09-24T13:16:42Z,6000x6000.png,Gaussian_11x11,5990,5990,SoA_Naive,End_to_End,8,20,static,,off-avx2,,,hype5,g++,-O3 -Wall -Wextra -std=c++17 -fopenmp -ffp-contract=off -g -DOMP_EXPLICIT_SIMD=0 -fno-tree-vectorize -march=haswell,545.700344,c923a906c8989668,passed,0,0
layout-1-20-off-avx2-20t,2026-09-24T13:16:42Z,6000x6000.png,Gaussian_11x11,5990,5990,SoA_Separable,AoS_to_SoA,8,20,static,,off-avx2,,,hype5,g++,-O3 -Wall -Wextra -std=c++17 -fopenmp -ffp-contract=off -g -DOMP_EXPLICIT_SIMD=0 -fno-tree-vectorize -march=haswell,6.001747,acaa148feb45213a,passed,1,802
layout-1-20-off-avx2-20t,2026-09-24T13:16:42Z,6000x6000.png,Gaussian_11x11,5990,5990,SoA_Separable,Horizontal_Passes,8,20,static,,off-avx2,,,hype5,g++,-O3 -Wall -Wextra -std=c++17 -fopenmp -ffp-contract=off -g -DOMP_EXPLICIT_SIMD=0 -fno-tree-vectorize -march=haswell,18.654521,acaa148feb45213a,passed,1,802
layout-1-20-off-avx2-20t,2026-09-24T13:16:42Z,6000x6000.png,Gaussian_11x11,5990,5990,SoA_Separable,Vertical_Passes,8,20,static,,off-avx2,,,hype5,g++,-O3 -Wall -Wextra -std=c++17 -fopenmp -ffp-contract=off -g -DOMP_EXPLICIT_SIMD=0 -fno-tree-vectorize -march=haswell,25.906144,acaa148feb45213a,passed,1,802
layout-1-20-off-avx2-20t,2026-09-24T13:16:42Z,6000x6000.png,Gaussian_11x11,5990,5990,SoA_Separable,Kernel,8,20,static,,off-avx2,,,hype5,g++,-O3 -Wall -Wextra -std=c++17 -fopenmp -ffp-contract=off -g -DOMP_EXPLICIT_SIMD=0 -fno-tree-vectorize -march=haswell,44.560665,acaa148feb45213a,passed,1,802
layout-1-20-off-avx2-20t,2026-09-24T13:16:42Z,6000x6000.png,Gaussian_11x11,5990,5990,SoA_Separable,SoA_to_AoS,8,20,static,,off-avx2,,,hype5,g++,-O3 -Wall -Wextra -std=c++17 -fopenmp -ffp-contract=off -g -DOMP_EXPLICIT_SIMD=0 -fno-tree-vectorize -march=haswell,3.742144,acaa148feb45213a,passed,1,802
layout-1-20-off-avx2-20t,2026-09-24T13:16:42Z,6000x6000.png,Gaussian_11x11,5990,5990,SoA_Separable,End_to_End,8,20,static,,off-avx2,,,hype5,g++,-O3 -Wall -Wextra -std=c++17 -fopenmp -ffp-contract=off -g -DOMP_EXPLICIT_SIMD=0 -fno-tree-vectorize -march=haswell,54.304556,acaa148feb45213a,passed,1,802
layout-1-20-off-avx2-20t,2026-09-24T13:16:47Z,6000x6000.png,Gaussian_11x11,5990,5990,AoS_Naive,Kernel,9,20,static,,off-avx2,,,hype5,g++,-O3 -Wall -Wextra -std=c++17 -fopenmp -ffp-contract=off -g -DOMP_EXPLICIT_SIMD=0 -fno-tree-vectorize -march=haswell,542.921654,c923a906c8989668,passed,0,0
layout-1-20-off-avx2-20t,2026-09-24T13:16:47Z,6000x6000.png,Gaussian_11x11,5990,5990,SoA_Naive,AoS_to_SoA,9,20,static,,off-avx2,,,hype5,g++,-O3 -Wall -Wextra -std=c++17 -fopenmp -ffp-contract=off -g -DOMP_EXPLICIT_SIMD=0 -fno-tree-vectorize -march=haswell,6.107431,c923a906c8989668,passed,0,0
layout-1-20-off-avx2-20t,2026-09-24T13:16:47Z,6000x6000.png,Gaussian_11x11,5990,5990,SoA_Naive,Kernel,9,20,static,,off-avx2,,,hype5,g++,-O3 -Wall -Wextra -std=c++17 -fopenmp -ffp-contract=off -g -DOMP_EXPLICIT_SIMD=0 -fno-tree-vectorize -march=haswell,535.113548,c923a906c8989668,passed,0,0
layout-1-20-off-avx2-20t,2026-09-24T13:16:47Z,6000x6000.png,Gaussian_11x11,5990,5990,SoA_Naive,SoA_to_AoS,9,20,static,,off-avx2,,,hype5,g++,-O3 -Wall -Wextra -std=c++17 -fopenmp -ffp-contract=off -g -DOMP_EXPLICIT_SIMD=0 -fno-tree-vectorize -march=haswell,5.199047,c923a906c8989668,passed,0,0
layout-1-20-off-avx2-20t,2026-09-24T13:16:47Z,6000x6000.png,Gaussian_11x11,5990,5990,SoA_Naive,End_to_End,9,20,static,,off-avx2,,,hype5,g++,-O3 -Wall -Wextra -std=c++17 -fopenmp -ffp-contract=off -g -DOMP_EXPLICIT_SIMD=0 -fno-tree-vectorize -march=haswell,546.420026,c923a906c8989668,passed,0,0
layout-1-20-off-avx2-20t,2026-09-24T13:16:47Z,6000x6000.png,Gaussian_11x11,5990,5990,SoA_Separable,AoS_to_SoA,9,20,static,,off-avx2,,,hype5,g++,-O3 -Wall -Wextra -std=c++17 -fopenmp -ffp-contract=off -g -DOMP_EXPLICIT_SIMD=0 -fno-tree-vectorize -march=haswell,6.107431,acaa148feb45213a,passed,1,802
layout-1-20-off-avx2-20t,2026-09-24T13:16:47Z,6000x6000.png,Gaussian_11x11,5990,5990,SoA_Separable,Horizontal_Passes,9,20,static,,off-avx2,,,hype5,g++,-O3 -Wall -Wextra -std=c++17 -fopenmp -ffp-contract=off -g -DOMP_EXPLICIT_SIMD=0 -fno-tree-vectorize -march=haswell,18.826964,acaa148feb45213a,passed,1,802
layout-1-20-off-avx2-20t,2026-09-24T13:16:47Z,6000x6000.png,Gaussian_11x11,5990,5990,SoA_Separable,Vertical_Passes,9,20,static,,off-avx2,,,hype5,g++,-O3 -Wall -Wextra -std=c++17 -fopenmp -ffp-contract=off -g -DOMP_EXPLICIT_SIMD=0 -fno-tree-vectorize -march=haswell,26.023467,acaa148feb45213a,passed,1,802
layout-1-20-off-avx2-20t,2026-09-24T13:16:47Z,6000x6000.png,Gaussian_11x11,5990,5990,SoA_Separable,Kernel,9,20,static,,off-avx2,,,hype5,g++,-O3 -Wall -Wextra -std=c++17 -fopenmp -ffp-contract=off -g -DOMP_EXPLICIT_SIMD=0 -fno-tree-vectorize -march=haswell,44.850431,acaa148feb45213a,passed,1,802
layout-1-20-off-avx2-20t,2026-09-24T13:16:47Z,6000x6000.png,Gaussian_11x11,5990,5990,SoA_Separable,SoA_to_AoS,9,20,static,,off-avx2,,,hype5,g++,-O3 -Wall -Wextra -std=c++17 -fopenmp -ffp-contract=off -g -DOMP_EXPLICIT_SIMD=0 -fno-tree-vectorize -march=haswell,3.719606,acaa148feb45213a,passed,1,802
layout-1-20-off-avx2-20t,2026-09-24T13:16:47Z,6000x6000.png,Gaussian_11x11,5990,5990,SoA_Separable,End_to_End,9,20,static,,off-avx2,,,hype5,g++,-O3 -Wall -Wextra -std=c++17 -fopenmp -ffp-contract=off -g -DOMP_EXPLICIT_SIMD=0 -fno-tree-vectorize -march=haswell,54.677468,acaa148feb45213a,passed,1,802
layout-1-20-off-avx2-20t,2026-09-24T13:16:51Z,6000x6000.png,Gaussian_11x11,5990,5990,AoS_Naive,Kernel,10,20,static,,off-avx2,,,hype5,g++,-O3 -Wall -Wextra -std=c++17 -fopenmp -ffp-contract=off -g -DOMP_EXPLICIT_SIMD=0 -fno-tree-vectorize -march=haswell,531.118929,c923a906c8989668,passed,0,0
layout-1-20-off-avx2-20t,2026-09-24T13:16:51Z,6000x6000.png,Gaussian_11x11,5990,5990,SoA_Naive,AoS_to_SoA,10,20,static,,off-avx2,,,hype5,g++,-O3 -Wall -Wextra -std=c++17 -fopenmp -ffp-contract=off -g -DOMP_EXPLICIT_SIMD=0 -fno-tree-vectorize -march=haswell,5.955723,c923a906c8989668,passed,0,0
layout-1-20-off-avx2-20t,2026-09-24T13:16:51Z,6000x6000.png,Gaussian_11x11,5990,5990,SoA_Naive,Kernel,10,20,static,,off-avx2,,,hype5,g++,-O3 -Wall -Wextra -std=c++17 -fopenmp -ffp-contract=off -g -DOMP_EXPLICIT_SIMD=0 -fno-tree-vectorize -march=haswell,567.476760,c923a906c8989668,passed,0,0
layout-1-20-off-avx2-20t,2026-09-24T13:16:51Z,6000x6000.png,Gaussian_11x11,5990,5990,SoA_Naive,SoA_to_AoS,10,20,static,,off-avx2,,,hype5,g++,-O3 -Wall -Wextra -std=c++17 -fopenmp -ffp-contract=off -g -DOMP_EXPLICIT_SIMD=0 -fno-tree-vectorize -march=haswell,5.630593,c923a906c8989668,passed,0,0
layout-1-20-off-avx2-20t,2026-09-24T13:16:51Z,6000x6000.png,Gaussian_11x11,5990,5990,SoA_Naive,End_to_End,10,20,static,,off-avx2,,,hype5,g++,-O3 -Wall -Wextra -std=c++17 -fopenmp -ffp-contract=off -g -DOMP_EXPLICIT_SIMD=0 -fno-tree-vectorize -march=haswell,579.063076,c923a906c8989668,passed,0,0
layout-1-20-off-avx2-20t,2026-09-24T13:16:51Z,6000x6000.png,Gaussian_11x11,5990,5990,SoA_Separable,AoS_to_SoA,10,20,static,,off-avx2,,,hype5,g++,-O3 -Wall -Wextra -std=c++17 -fopenmp -ffp-contract=off -g -DOMP_EXPLICIT_SIMD=0 -fno-tree-vectorize -march=haswell,5.955723,acaa148feb45213a,passed,1,802
layout-1-20-off-avx2-20t,2026-09-24T13:16:51Z,6000x6000.png,Gaussian_11x11,5990,5990,SoA_Separable,Horizontal_Passes,10,20,static,,off-avx2,,,hype5,g++,-O3 -Wall -Wextra -std=c++17 -fopenmp -ffp-contract=off -g -DOMP_EXPLICIT_SIMD=0 -fno-tree-vectorize -march=haswell,19.251941,acaa148feb45213a,passed,1,802
layout-1-20-off-avx2-20t,2026-09-24T13:16:51Z,6000x6000.png,Gaussian_11x11,5990,5990,SoA_Separable,Vertical_Passes,10,20,static,,off-avx2,,,hype5,g++,-O3 -Wall -Wextra -std=c++17 -fopenmp -ffp-contract=off -g -DOMP_EXPLICIT_SIMD=0 -fno-tree-vectorize -march=haswell,25.932913,acaa148feb45213a,passed,1,802
layout-1-20-off-avx2-20t,2026-09-24T13:16:51Z,6000x6000.png,Gaussian_11x11,5990,5990,SoA_Separable,Kernel,10,20,static,,off-avx2,,,hype5,g++,-O3 -Wall -Wextra -std=c++17 -fopenmp -ffp-contract=off -g -DOMP_EXPLICIT_SIMD=0 -fno-tree-vectorize -march=haswell,45.184854,acaa148feb45213a,passed,1,802
layout-1-20-off-avx2-20t,2026-09-24T13:16:51Z,6000x6000.png,Gaussian_11x11,5990,5990,SoA_Separable,SoA_to_AoS,10,20,static,,off-avx2,,,hype5,g++,-O3 -Wall -Wextra -std=c++17 -fopenmp -ffp-contract=off -g -DOMP_EXPLICIT_SIMD=0 -fno-tree-vectorize -march=haswell,3.665150,acaa148feb45213a,passed,1,802
layout-1-20-off-avx2-20t,2026-09-24T13:16:51Z,6000x6000.png,Gaussian_11x11,5990,5990,SoA_Separable,End_to_End,10,20,static,,off-avx2,,,hype5,g++,-O3 -Wall -Wextra -std=c++17 -fopenmp -ffp-contract=off -g -DOMP_EXPLICIT_SIMD=0 -fno-tree-vectorize -march=haswell,54.805727,acaa148feb45213a,passed,1,802
layout-1-20-omp-avx2-1t,2026-09-24T13:24:00Z,6000x6000.png,Gaussian_11x11,5990,5990,AoS_Naive,Kernel,1,1,static,,omp-avx2,,,hype5,g++,-O3 -Wall -Wextra -std=c++17 -fopenmp -ffp-contract=off -g -DOMP_EXPLICIT_SIMD=1 -march=haswell,9201.722158,c923a906c8989668,passed,0,0
layout-1-20-omp-avx2-1t,2026-09-24T13:24:00Z,6000x6000.png,Gaussian_11x11,5990,5990,SoA_Naive,AoS_to_SoA,1,1,static,,omp-avx2,,,hype5,g++,-O3 -Wall -Wextra -std=c++17 -fopenmp -ffp-contract=off -g -DOMP_EXPLICIT_SIMD=1 -march=haswell,71.813549,c923a906c8989668,passed,0,0
layout-1-20-omp-avx2-1t,2026-09-24T13:24:00Z,6000x6000.png,Gaussian_11x11,5990,5990,SoA_Naive,Kernel,1,1,static,,omp-avx2,,,hype5,g++,-O3 -Wall -Wextra -std=c++17 -fopenmp -ffp-contract=off -g -DOMP_EXPLICIT_SIMD=1 -march=haswell,18288.618677,c923a906c8989668,passed,0,0
layout-1-20-omp-avx2-1t,2026-09-24T13:24:00Z,6000x6000.png,Gaussian_11x11,5990,5990,SoA_Naive,SoA_to_AoS,1,1,static,,omp-avx2,,,hype5,g++,-O3 -Wall -Wextra -std=c++17 -fopenmp -ffp-contract=off -g -DOMP_EXPLICIT_SIMD=1 -march=haswell,73.267875,c923a906c8989668,passed,0,0
layout-1-20-omp-avx2-1t,2026-09-24T13:24:00Z,6000x6000.png,Gaussian_11x11,5990,5990,SoA_Naive,End_to_End,1,1,static,,omp-avx2,,,hype5,g++,-O3 -Wall -Wextra -std=c++17 -fopenmp -ffp-contract=off -g -DOMP_EXPLICIT_SIMD=1 -march=haswell,18433.700101,c923a906c8989668,passed,0,0
layout-1-20-omp-avx2-1t,2026-09-24T13:24:00Z,6000x6000.png,Gaussian_11x11,5990,5990,SoA_Separable,AoS_to_SoA,1,1,static,,omp-avx2,,,hype5,g++,-O3 -Wall -Wextra -std=c++17 -fopenmp -ffp-contract=off -g -DOMP_EXPLICIT_SIMD=1 -march=haswell,71.813549,acaa148feb45213a,passed,1,802
layout-1-20-omp-avx2-1t,2026-09-24T13:24:00Z,6000x6000.png,Gaussian_11x11,5990,5990,SoA_Separable,Horizontal_Passes,1,1,static,,omp-avx2,,,hype5,g++,-O3 -Wall -Wextra -std=c++17 -fopenmp -ffp-contract=off -g -DOMP_EXPLICIT_SIMD=1 -march=haswell,155.941226,acaa148feb45213a,passed,1,802
layout-1-20-omp-avx2-1t,2026-09-24T13:24:00Z,6000x6000.png,Gaussian_11x11,5990,5990,SoA_Separable,Vertical_Passes,1,1,static,,omp-avx2,,,hype5,g++,-O3 -Wall -Wextra -std=c++17 -fopenmp -ffp-contract=off -g -DOMP_EXPLICIT_SIMD=1 -march=haswell,128.968246,acaa148feb45213a,passed,1,802
layout-1-20-omp-avx2-1t,2026-09-24T13:24:00Z,6000x6000.png,Gaussian_11x11,5990,5990,SoA_Separable,Kernel,1,1,static,,omp-avx2,,,hype5,g++,-O3 -Wall -Wextra -std=c++17 -fopenmp -ffp-contract=off -g -DOMP_EXPLICIT_SIMD=1 -march=haswell,284.909472,acaa148feb45213a,passed,1,802
layout-1-20-omp-avx2-1t,2026-09-24T13:24:00Z,6000x6000.png,Gaussian_11x11,5990,5990,SoA_Separable,SoA_to_AoS,1,1,static,,omp-avx2,,,hype5,g++,-O3 -Wall -Wextra -std=c++17 -fopenmp -ffp-contract=off -g -DOMP_EXPLICIT_SIMD=1 -march=haswell,44.984738,acaa148feb45213a,passed,1,802
layout-1-20-omp-avx2-1t,2026-09-24T13:24:00Z,6000x6000.png,Gaussian_11x11,5990,5990,SoA_Separable,End_to_End,1,1,static,,omp-avx2,,,hype5,g++,-O3 -Wall -Wextra -std=c++17 -fopenmp -ffp-contract=off -g -DOMP_EXPLICIT_SIMD=1 -march=haswell,401.707759,acaa148feb45213a,passed,1,802
layout-1-20-omp-avx2-1t,2026-09-24T13:24:40Z,6000x6000.png,Gaussian_11x11,5990,5990,AoS_Naive,Kernel,2,1,static,,omp-avx2,,,hype5,g++,-O3 -Wall -Wextra -std=c++17 -fopenmp -ffp-contract=off -g -DOMP_EXPLICIT_SIMD=1 -march=haswell,9198.794709,c923a906c8989668,passed,0,0
layout-1-20-omp-avx2-1t,2026-09-24T13:24:40Z,6000x6000.png,Gaussian_11x11,5990,5990,SoA_Naive,AoS_to_SoA,2,1,static,,omp-avx2,,,hype5,g++,-O3 -Wall -Wextra -std=c++17 -fopenmp -ffp-contract=off -g -DOMP_EXPLICIT_SIMD=1 -march=haswell,75.220037,c923a906c8989668,passed,0,0
layout-1-20-omp-avx2-1t,2026-09-24T13:24:40Z,6000x6000.png,Gaussian_11x11,5990,5990,SoA_Naive,Kernel,2,1,static,,omp-avx2,,,hype5,g++,-O3 -Wall -Wextra -std=c++17 -fopenmp -ffp-contract=off -g -DOMP_EXPLICIT_SIMD=1 -march=haswell,18245.345800,c923a906c8989668,passed,0,0
layout-1-20-omp-avx2-1t,2026-09-24T13:24:40Z,6000x6000.png,Gaussian_11x11,5990,5990,SoA_Naive,SoA_to_AoS,2,1,static,,omp-avx2,,,hype5,g++,-O3 -Wall -Wextra -std=c++17 -fopenmp -ffp-contract=off -g -DOMP_EXPLICIT_SIMD=1 -march=haswell,73.083928,c923a906c8989668,passed,0,0
layout-1-20-omp-avx2-1t,2026-09-24T13:24:40Z,6000x6000.png,Gaussian_11x11,5990,5990,SoA_Naive,End_to_End,2,1,static,,omp-avx2,,,hype5,g++,-O3 -Wall -Wextra -std=c++17 -fopenmp -ffp-contract=off -g -DOMP_EXPLICIT_SIMD=1 -march=haswell,18393.649765,c923a906c8989668,passed,0,0
layout-1-20-omp-avx2-1t,2026-09-24T13:24:40Z,6000x6000.png,Gaussian_11x11,5990,5990,SoA_Separable,AoS_to_SoA,2,1,static,,omp-avx2,,,hype5,g++,-O3 -Wall -Wextra -std=c++17 -fopenmp -ffp-contract=off -g -DOMP_EXPLICIT_SIMD=1 -march=haswell,75.220037,acaa148feb45213a,passed,1,802
layout-1-20-omp-avx2-1t,2026-09-24T13:24:40Z,6000x6000.png,Gaussian_11x11,5990,5990,SoA_Separable,Horizontal_Passes,2,1,static,,omp-avx2,,,hype5,g++,-O3 -Wall -Wextra -std=c++17 -fopenmp -ffp-contract=off -g -DOMP_EXPLICIT_SIMD=1 -march=haswell,155.133440,acaa148feb45213a,passed,1,802
layout-1-20-omp-avx2-1t,2026-09-24T13:24:40Z,6000x6000.png,Gaussian_11x11,5990,5990,SoA_Separable,Vertical_Passes,2,1,static,,omp-avx2,,,hype5,g++,-O3 -Wall -Wextra -std=c++17 -fopenmp -ffp-contract=off -g -DOMP_EXPLICIT_SIMD=1 -march=haswell,127.240005,acaa148feb45213a,passed,1,802
layout-1-20-omp-avx2-1t,2026-09-24T13:24:40Z,6000x6000.png,Gaussian_11x11,5990,5990,SoA_Separable,Kernel,2,1,static,,omp-avx2,,,hype5,g++,-O3 -Wall -Wextra -std=c++17 -fopenmp -ffp-contract=off -g -DOMP_EXPLICIT_SIMD=1 -march=haswell,282.373445,acaa148feb45213a,passed,1,802
layout-1-20-omp-avx2-1t,2026-09-24T13:24:40Z,6000x6000.png,Gaussian_11x11,5990,5990,SoA_Separable,SoA_to_AoS,2,1,static,,omp-avx2,,,hype5,g++,-O3 -Wall -Wextra -std=c++17 -fopenmp -ffp-contract=off -g -DOMP_EXPLICIT_SIMD=1 -march=haswell,43.621178,acaa148feb45213a,passed,1,802
layout-1-20-omp-avx2-1t,2026-09-24T13:24:40Z,6000x6000.png,Gaussian_11x11,5990,5990,SoA_Separable,End_to_End,2,1,static,,omp-avx2,,,hype5,g++,-O3 -Wall -Wextra -std=c++17 -fopenmp -ffp-contract=off -g -DOMP_EXPLICIT_SIMD=1 -march=haswell,401.214660,acaa148feb45213a,passed,1,802
layout-1-20-omp-avx2-1t,2026-09-24T13:25:20Z,6000x6000.png,Gaussian_11x11,5990,5990,AoS_Naive,Kernel,3,1,static,,omp-avx2,,,hype5,g++,-O3 -Wall -Wextra -std=c++17 -fopenmp -ffp-contract=off -g -DOMP_EXPLICIT_SIMD=1 -march=haswell,9219.069463,c923a906c8989668,passed,0,0
layout-1-20-omp-avx2-1t,2026-09-24T13:25:20Z,6000x6000.png,Gaussian_11x11,5990,5990,SoA_Naive,AoS_to_SoA,3,1,static,,omp-avx2,,,hype5,g++,-O3 -Wall -Wextra -std=c++17 -fopenmp -ffp-contract=off -g -DOMP_EXPLICIT_SIMD=1 -march=haswell,74.374710,c923a906c8989668,passed,0,0
layout-1-20-omp-avx2-1t,2026-09-24T13:25:20Z,6000x6000.png,Gaussian_11x11,5990,5990,SoA_Naive,Kernel,3,1,static,,omp-avx2,,,hype5,g++,-O3 -Wall -Wextra -std=c++17 -fopenmp -ffp-contract=off -g -DOMP_EXPLICIT_SIMD=1 -march=haswell,18257.384617,c923a906c8989668,passed,0,0
layout-1-20-omp-avx2-1t,2026-09-24T13:25:20Z,6000x6000.png,Gaussian_11x11,5990,5990,SoA_Naive,SoA_to_AoS,3,1,static,,omp-avx2,,,hype5,g++,-O3 -Wall -Wextra -std=c++17 -fopenmp -ffp-contract=off -g -DOMP_EXPLICIT_SIMD=1 -march=haswell,72.857347,c923a906c8989668,passed,0,0
layout-1-20-omp-avx2-1t,2026-09-24T13:25:20Z,6000x6000.png,Gaussian_11x11,5990,5990,SoA_Naive,End_to_End,3,1,static,,omp-avx2,,,hype5,g++,-O3 -Wall -Wextra -std=c++17 -fopenmp -ffp-contract=off -g -DOMP_EXPLICIT_SIMD=1 -march=haswell,18404.616674,c923a906c8989668,passed,0,0
layout-1-20-omp-avx2-1t,2026-09-24T13:25:20Z,6000x6000.png,Gaussian_11x11,5990,5990,SoA_Separable,AoS_to_SoA,3,1,static,,omp-avx2,,,hype5,g++,-O3 -Wall -Wextra -std=c++17 -fopenmp -ffp-contract=off -g -DOMP_EXPLICIT_SIMD=1 -march=haswell,74.374710,acaa148feb45213a,passed,1,802
layout-1-20-omp-avx2-1t,2026-09-24T13:25:20Z,6000x6000.png,Gaussian_11x11,5990,5990,SoA_Separable,Horizontal_Passes,3,1,static,,omp-avx2,,,hype5,g++,-O3 -Wall -Wextra -std=c++17 -fopenmp -ffp-contract=off -g -DOMP_EXPLICIT_SIMD=1 -march=haswell,156.163869,acaa148feb45213a,passed,1,802
layout-1-20-omp-avx2-1t,2026-09-24T13:25:20Z,6000x6000.png,Gaussian_11x11,5990,5990,SoA_Separable,Vertical_Passes,3,1,static,,omp-avx2,,,hype5,g++,-O3 -Wall -Wextra -std=c++17 -fopenmp -ffp-contract=off -g -DOMP_EXPLICIT_SIMD=1 -march=haswell,127.791477,acaa148feb45213a,passed,1,802
layout-1-20-omp-avx2-1t,2026-09-24T13:25:20Z,6000x6000.png,Gaussian_11x11,5990,5990,SoA_Separable,Kernel,3,1,static,,omp-avx2,,,hype5,g++,-O3 -Wall -Wextra -std=c++17 -fopenmp -ffp-contract=off -g -DOMP_EXPLICIT_SIMD=1 -march=haswell,283.955346,acaa148feb45213a,passed,1,802
layout-1-20-omp-avx2-1t,2026-09-24T13:25:20Z,6000x6000.png,Gaussian_11x11,5990,5990,SoA_Separable,SoA_to_AoS,3,1,static,,omp-avx2,,,hype5,g++,-O3 -Wall -Wextra -std=c++17 -fopenmp -ffp-contract=off -g -DOMP_EXPLICIT_SIMD=1 -march=haswell,42.898387,acaa148feb45213a,passed,1,802
layout-1-20-omp-avx2-1t,2026-09-24T13:25:20Z,6000x6000.png,Gaussian_11x11,5990,5990,SoA_Separable,End_to_End,3,1,static,,omp-avx2,,,hype5,g++,-O3 -Wall -Wextra -std=c++17 -fopenmp -ffp-contract=off -g -DOMP_EXPLICIT_SIMD=1 -march=haswell,401.228443,acaa148feb45213a,passed,1,802
layout-1-20-omp-avx2-1t,2026-09-24T13:26:00Z,6000x6000.png,Gaussian_11x11,5990,5990,AoS_Naive,Kernel,4,1,static,,omp-avx2,,,hype5,g++,-O3 -Wall -Wextra -std=c++17 -fopenmp -ffp-contract=off -g -DOMP_EXPLICIT_SIMD=1 -march=haswell,9200.054196,c923a906c8989668,passed,0,0
layout-1-20-omp-avx2-1t,2026-09-24T13:26:00Z,6000x6000.png,Gaussian_11x11,5990,5990,SoA_Naive,AoS_to_SoA,4,1,static,,omp-avx2,,,hype5,g++,-O3 -Wall -Wextra -std=c++17 -fopenmp -ffp-contract=off -g -DOMP_EXPLICIT_SIMD=1 -march=haswell,75.485386,c923a906c8989668,passed,0,0
layout-1-20-omp-avx2-1t,2026-09-24T13:26:00Z,6000x6000.png,Gaussian_11x11,5990,5990,SoA_Naive,Kernel,4,1,static,,omp-avx2,,,hype5,g++,-O3 -Wall -Wextra -std=c++17 -fopenmp -ffp-contract=off -g -DOMP_EXPLICIT_SIMD=1 -march=haswell,18216.116945,c923a906c8989668,passed,0,0
layout-1-20-omp-avx2-1t,2026-09-24T13:26:00Z,6000x6000.png,Gaussian_11x11,5990,5990,SoA_Naive,SoA_to_AoS,4,1,static,,omp-avx2,,,hype5,g++,-O3 -Wall -Wextra -std=c++17 -fopenmp -ffp-contract=off -g -DOMP_EXPLICIT_SIMD=1 -march=haswell,72.939763,c923a906c8989668,passed,0,0
layout-1-20-omp-avx2-1t,2026-09-24T13:26:00Z,6000x6000.png,Gaussian_11x11,5990,5990,SoA_Naive,End_to_End,4,1,static,,omp-avx2,,,hype5,g++,-O3 -Wall -Wextra -std=c++17 -fopenmp -ffp-contract=off -g -DOMP_EXPLICIT_SIMD=1 -march=haswell,18364.542094,c923a906c8989668,passed,0,0
layout-1-20-omp-avx2-1t,2026-09-24T13:26:00Z,6000x6000.png,Gaussian_11x11,5990,5990,SoA_Separable,AoS_to_SoA,4,1,static,,omp-avx2,,,hype5,g++,-O3 -Wall -Wextra -std=c++17 -fopenmp -ffp-contract=off -g -DOMP_EXPLICIT_SIMD=1 -march=haswell,75.485386,acaa148feb45213a,passed,1,802
layout-1-20-omp-avx2-1t,2026-09-24T13:26:00Z,6000x6000.png,Gaussian_11x11,5990,5990,SoA_Separable,Horizontal_Passes,4,1,static,,omp-avx2,,,hype5,g++,-O3 -Wall -Wextra -std=c++17 -fopenmp -ffp-contract=off -g -DOMP_EXPLICIT_SIMD=1 -march=haswell,154.903276,acaa148feb45213a,passed,1,802
layout-1-20-omp-avx2-1t,2026-09-24T13:26:00Z,6000x6000.png,Gaussian_11x11,5990,5990,SoA_Separable,Vertical_Passes,4,1,static,,omp-avx2,,,hype5,g++,-O3 -Wall -Wextra -std=c++17 -fopenmp -ffp-contract=off -g -DOMP_EXPLICIT_SIMD=1 -march=haswell,129.169309,acaa148feb45213a,passed,1,802
layout-1-20-omp-avx2-1t,2026-09-24T13:26:00Z,6000x6000.png,Gaussian_11x11,5990,5990,SoA_Separable,Kernel,4,1,static,,omp-avx2,,,hype5,g++,-O3 -Wall -Wextra -std=c++17 -fopenmp -ffp-contract=off -g -DOMP_EXPLICIT_SIMD=1 -march=haswell,284.072585,acaa148feb45213a,passed,1,802
layout-1-20-omp-avx2-1t,2026-09-24T13:26:00Z,6000x6000.png,Gaussian_11x11,5990,5990,SoA_Separable,SoA_to_AoS,4,1,static,,omp-avx2,,,hype5,g++,-O3 -Wall -Wextra -std=c++17 -fopenmp -ffp-contract=off -g -DOMP_EXPLICIT_SIMD=1 -march=haswell,44.346292,acaa148feb45213a,passed,1,802
layout-1-20-omp-avx2-1t,2026-09-24T13:26:00Z,6000x6000.png,Gaussian_11x11,5990,5990,SoA_Separable,End_to_End,4,1,static,,omp-avx2,,,hype5,g++,-O3 -Wall -Wextra -std=c++17 -fopenmp -ffp-contract=off -g -DOMP_EXPLICIT_SIMD=1 -march=haswell,403.904263,acaa148feb45213a,passed,1,802
layout-1-20-omp-avx2-1t,2026-09-24T13:26:40Z,6000x6000.png,Gaussian_11x11,5990,5990,AoS_Naive,Kernel,5,1,static,,omp-avx2,,,hype5,g++,-O3 -Wall -Wextra -std=c++17 -fopenmp -ffp-contract=off -g -DOMP_EXPLICIT_SIMD=1 -march=haswell,9197.735334,c923a906c8989668,passed,0,0
layout-1-20-omp-avx2-1t,2026-09-24T13:26:40Z,6000x6000.png,Gaussian_11x11,5990,5990,SoA_Naive,AoS_to_SoA,5,1,static,,omp-avx2,,,hype5,g++,-O3 -Wall -Wextra -std=c++17 -fopenmp -ffp-contract=off -g -DOMP_EXPLICIT_SIMD=1 -march=haswell,74.253177,c923a906c8989668,passed,0,0
layout-1-20-omp-avx2-1t,2026-09-24T13:26:40Z,6000x6000.png,Gaussian_11x11,5990,5990,SoA_Naive,Kernel,5,1,static,,omp-avx2,,,hype5,g++,-O3 -Wall -Wextra -std=c++17 -fopenmp -ffp-contract=off -g -DOMP_EXPLICIT_SIMD=1 -march=haswell,18235.939711,c923a906c8989668,passed,0,0
layout-1-20-omp-avx2-1t,2026-09-24T13:26:40Z,6000x6000.png,Gaussian_11x11,5990,5990,SoA_Naive,SoA_to_AoS,5,1,static,,omp-avx2,,,hype5,g++,-O3 -Wall -Wextra -std=c++17 -fopenmp -ffp-contract=off -g -DOMP_EXPLICIT_SIMD=1 -march=haswell,73.233552,c923a906c8989668,passed,0,0
layout-1-20-omp-avx2-1t,2026-09-24T13:26:40Z,6000x6000.png,Gaussian_11x11,5990,5990,SoA_Naive,End_to_End,5,1,static,,omp-avx2,,,hype5,g++,-O3 -Wall -Wextra -std=c++17 -fopenmp -ffp-contract=off -g -DOMP_EXPLICIT_SIMD=1 -march=haswell,18383.426440,c923a906c8989668,passed,0,0
layout-1-20-omp-avx2-1t,2026-09-24T13:26:40Z,6000x6000.png,Gaussian_11x11,5990,5990,SoA_Separable,AoS_to_SoA,5,1,static,,omp-avx2,,,hype5,g++,-O3 -Wall -Wextra -std=c++17 -fopenmp -ffp-contract=off -g -DOMP_EXPLICIT_SIMD=1 -march=haswell,74.253177,acaa148feb45213a,passed,1,802
layout-1-20-omp-avx2-1t,2026-09-24T13:26:40Z,6000x6000.png,Gaussian_11x11,5990,5990,SoA_Separable,Horizontal_Passes,5,1,static,,omp-avx2,,,hype5,g++,-O3 -Wall -Wextra -std=c++17 -fopenmp -ffp-contract=off -g -DOMP_EXPLICIT_SIMD=1 -march=haswell,155.113947,acaa148feb45213a,passed,1,802
layout-1-20-omp-avx2-1t,2026-09-24T13:26:40Z,6000x6000.png,Gaussian_11x11,5990,5990,SoA_Separable,Vertical_Passes,5,1,static,,omp-avx2,,,hype5,g++,-O3 -Wall -Wextra -std=c++17 -fopenmp -ffp-contract=off -g -DOMP_EXPLICIT_SIMD=1 -march=haswell,127.856912,acaa148feb45213a,passed,1,802
layout-1-20-omp-avx2-1t,2026-09-24T13:26:40Z,6000x6000.png,Gaussian_11x11,5990,5990,SoA_Separable,Kernel,5,1,static,,omp-avx2,,,hype5,g++,-O3 -Wall -Wextra -std=c++17 -fopenmp -ffp-contract=off -g -DOMP_EXPLICIT_SIMD=1 -march=haswell,282.970859,acaa148feb45213a,passed,1,802
layout-1-20-omp-avx2-1t,2026-09-24T13:26:40Z,6000x6000.png,Gaussian_11x11,5990,5990,SoA_Separable,SoA_to_AoS,5,1,static,,omp-avx2,,,hype5,g++,-O3 -Wall -Wextra -std=c++17 -fopenmp -ffp-contract=off -g -DOMP_EXPLICIT_SIMD=1 -march=haswell,43.719157,acaa148feb45213a,passed,1,802
layout-1-20-omp-avx2-1t,2026-09-24T13:26:40Z,6000x6000.png,Gaussian_11x11,5990,5990,SoA_Separable,End_to_End,5,1,static,,omp-avx2,,,hype5,g++,-O3 -Wall -Wextra -std=c++17 -fopenmp -ffp-contract=off -g -DOMP_EXPLICIT_SIMD=1 -march=haswell,400.943193,acaa148feb45213a,passed,1,802
layout-1-20-omp-avx2-1t,2026-09-24T13:27:20Z,6000x6000.png,Gaussian_11x11,5990,5990,AoS_Naive,Kernel,6,1,static,,omp-avx2,,,hype5,g++,-O3 -Wall -Wextra -std=c++17 -fopenmp -ffp-contract=off -g -DOMP_EXPLICIT_SIMD=1 -march=haswell,9203.923352,c923a906c8989668,passed,0,0
layout-1-20-omp-avx2-1t,2026-09-24T13:27:20Z,6000x6000.png,Gaussian_11x11,5990,5990,SoA_Naive,AoS_to_SoA,6,1,static,,omp-avx2,,,hype5,g++,-O3 -Wall -Wextra -std=c++17 -fopenmp -ffp-contract=off -g -DOMP_EXPLICIT_SIMD=1 -march=haswell,75.321397,c923a906c8989668,passed,0,0
layout-1-20-omp-avx2-1t,2026-09-24T13:27:20Z,6000x6000.png,Gaussian_11x11,5990,5990,SoA_Naive,Kernel,6,1,static,,omp-avx2,,,hype5,g++,-O3 -Wall -Wextra -std=c++17 -fopenmp -ffp-contract=off -g -DOMP_EXPLICIT_SIMD=1 -march=haswell,18217.653665,c923a906c8989668,passed,0,0
layout-1-20-omp-avx2-1t,2026-09-24T13:27:20Z,6000x6000.png,Gaussian_11x11,5990,5990,SoA_Naive,SoA_to_AoS,6,1,static,,omp-avx2,,,hype5,g++,-O3 -Wall -Wextra -std=c++17 -fopenmp -ffp-contract=off -g -DOMP_EXPLICIT_SIMD=1 -march=haswell,72.689234,c923a906c8989668,passed,0,0
layout-1-20-omp-avx2-1t,2026-09-24T13:27:20Z,6000x6000.png,Gaussian_11x11,5990,5990,SoA_Naive,End_to_End,6,1,static,,omp-avx2,,,hype5,g++,-O3 -Wall -Wextra -std=c++17 -fopenmp -ffp-contract=off -g -DOMP_EXPLICIT_SIMD=1 -march=haswell,18365.664296,c923a906c8989668,passed,0,0
layout-1-20-omp-avx2-1t,2026-09-24T13:27:20Z,6000x6000.png,Gaussian_11x11,5990,5990,SoA_Separable,AoS_to_SoA,6,1,static,,omp-avx2,,,hype5,g++,-O3 -Wall -Wextra -std=c++17 -fopenmp -ffp-contract=off -g -DOMP_EXPLICIT_SIMD=1 -march=haswell,75.321397,acaa148feb45213a,passed,1,802
layout-1-20-omp-avx2-1t,2026-09-24T13:27:20Z,6000x6000.png,Gaussian_11x11,5990,5990,SoA_Separable,Horizontal_Passes,6,1,static,,omp-avx2,,,hype5,g++,-O3 -Wall -Wextra -std=c++17 -fopenmp -ffp-contract=off -g -DOMP_EXPLICIT_SIMD=1 -march=haswell,154.956557,acaa148feb45213a,passed,1,802
layout-1-20-omp-avx2-1t,2026-09-24T13:27:20Z,6000x6000.png,Gaussian_11x11,5990,5990,SoA_Separable,Vertical_Passes,6,1,static,,omp-avx2,,,hype5,g++,-O3 -Wall -Wextra -std=c++17 -fopenmp -ffp-contract=off -g -DOMP_EXPLICIT_SIMD=1 -march=haswell,127.159976,acaa148feb45213a,passed,1,802
layout-1-20-omp-avx2-1t,2026-09-24T13:27:20Z,6000x6000.png,Gaussian_11x11,5990,5990,SoA_Separable,Kernel,6,1,static,,omp-avx2,,,hype5,g++,-O3 -Wall -Wextra -std=c++17 -fopenmp -ffp-contract=off -g -DOMP_EXPLICIT_SIMD=1 -march=haswell,282.116533,acaa148feb45213a,passed,1,802
layout-1-20-omp-avx2-1t,2026-09-24T13:27:20Z,6000x6000.png,Gaussian_11x11,5990,5990,SoA_Separable,SoA_to_AoS,6,1,static,,omp-avx2,,,hype5,g++,-O3 -Wall -Wextra -std=c++17 -fopenmp -ffp-contract=off -g -DOMP_EXPLICIT_SIMD=1 -march=haswell,43.255045,acaa148feb45213a,passed,1,802
layout-1-20-omp-avx2-1t,2026-09-24T13:27:20Z,6000x6000.png,Gaussian_11x11,5990,5990,SoA_Separable,End_to_End,6,1,static,,omp-avx2,,,hype5,g++,-O3 -Wall -Wextra -std=c++17 -fopenmp -ffp-contract=off -g -DOMP_EXPLICIT_SIMD=1 -march=haswell,400.692975,acaa148feb45213a,passed,1,802
layout-1-20-omp-avx2-1t,2026-09-24T13:27:59Z,6000x6000.png,Gaussian_11x11,5990,5990,AoS_Naive,Kernel,7,1,static,,omp-avx2,,,hype5,g++,-O3 -Wall -Wextra -std=c++17 -fopenmp -ffp-contract=off -g -DOMP_EXPLICIT_SIMD=1 -march=haswell,9204.354910,c923a906c8989668,passed,0,0
layout-1-20-omp-avx2-1t,2026-09-24T13:27:59Z,6000x6000.png,Gaussian_11x11,5990,5990,SoA_Naive,AoS_to_SoA,7,1,static,,omp-avx2,,,hype5,g++,-O3 -Wall -Wextra -std=c++17 -fopenmp -ffp-contract=off -g -DOMP_EXPLICIT_SIMD=1 -march=haswell,74.013487,c923a906c8989668,passed,0,0
layout-1-20-omp-avx2-1t,2026-09-24T13:27:59Z,6000x6000.png,Gaussian_11x11,5990,5990,SoA_Naive,Kernel,7,1,static,,omp-avx2,,,hype5,g++,-O3 -Wall -Wextra -std=c++17 -fopenmp -ffp-contract=off -g -DOMP_EXPLICIT_SIMD=1 -march=haswell,18220.944332,c923a906c8989668,passed,0,0
layout-1-20-omp-avx2-1t,2026-09-24T13:27:59Z,6000x6000.png,Gaussian_11x11,5990,5990,SoA_Naive,SoA_to_AoS,7,1,static,,omp-avx2,,,hype5,g++,-O3 -Wall -Wextra -std=c++17 -fopenmp -ffp-contract=off -g -DOMP_EXPLICIT_SIMD=1 -march=haswell,73.376705,c923a906c8989668,passed,0,0
layout-1-20-omp-avx2-1t,2026-09-24T13:27:59Z,6000x6000.png,Gaussian_11x11,5990,5990,SoA_Naive,End_to_End,7,1,static,,omp-avx2,,,hype5,g++,-O3 -Wall -Wextra -std=c++17 -fopenmp -ffp-contract=off -g -DOMP_EXPLICIT_SIMD=1 -march=haswell,18368.334524,c923a906c8989668,passed,0,0
layout-1-20-omp-avx2-1t,2026-09-24T13:27:59Z,6000x6000.png,Gaussian_11x11,5990,5990,SoA_Separable,AoS_to_SoA,7,1,static,,omp-avx2,,,hype5,g++,-O3 -Wall -Wextra -std=c++17 -fopenmp -ffp-contract=off -g -DOMP_EXPLICIT_SIMD=1 -march=haswell,74.013487,acaa148feb45213a,passed,1,802
layout-1-20-omp-avx2-1t,2026-09-24T13:27:59Z,6000x6000.png,Gaussian_11x11,5990,5990,SoA_Separable,Horizontal_Passes,7,1,static,,omp-avx2,,,hype5,g++,-O3 -Wall -Wextra -std=c++17 -fopenmp -ffp-contract=off -g -DOMP_EXPLICIT_SIMD=1 -march=haswell,155.216351,acaa148feb45213a,passed,1,802
layout-1-20-omp-avx2-1t,2026-09-24T13:27:59Z,6000x6000.png,Gaussian_11x11,5990,5990,SoA_Separable,Vertical_Passes,7,1,static,,omp-avx2,,,hype5,g++,-O3 -Wall -Wextra -std=c++17 -fopenmp -ffp-contract=off -g -DOMP_EXPLICIT_SIMD=1 -march=haswell,127.834785,acaa148feb45213a,passed,1,802
layout-1-20-omp-avx2-1t,2026-09-24T13:27:59Z,6000x6000.png,Gaussian_11x11,5990,5990,SoA_Separable,Kernel,7,1,static,,omp-avx2,,,hype5,g++,-O3 -Wall -Wextra -std=c++17 -fopenmp -ffp-contract=off -g -DOMP_EXPLICIT_SIMD=1 -march=haswell,283.051136,acaa148feb45213a,passed,1,802
layout-1-20-omp-avx2-1t,2026-09-24T13:27:59Z,6000x6000.png,Gaussian_11x11,5990,5990,SoA_Separable,SoA_to_AoS,7,1,static,,omp-avx2,,,hype5,g++,-O3 -Wall -Wextra -std=c++17 -fopenmp -ffp-contract=off -g -DOMP_EXPLICIT_SIMD=1 -march=haswell,43.252561,acaa148feb45213a,passed,1,802
layout-1-20-omp-avx2-1t,2026-09-24T13:27:59Z,6000x6000.png,Gaussian_11x11,5990,5990,SoA_Separable,End_to_End,7,1,static,,omp-avx2,,,hype5,g++,-O3 -Wall -Wextra -std=c++17 -fopenmp -ffp-contract=off -g -DOMP_EXPLICIT_SIMD=1 -march=haswell,400.317184,acaa148feb45213a,passed,1,802
layout-1-20-omp-avx2-1t,2026-09-24T13:28:39Z,6000x6000.png,Gaussian_11x11,5990,5990,AoS_Naive,Kernel,8,1,static,,omp-avx2,,,hype5,g++,-O3 -Wall -Wextra -std=c++17 -fopenmp -ffp-contract=off -g -DOMP_EXPLICIT_SIMD=1 -march=haswell,9193.816826,c923a906c8989668,passed,0,0
layout-1-20-omp-avx2-1t,2026-09-24T13:28:39Z,6000x6000.png,Gaussian_11x11,5990,5990,SoA_Naive,AoS_to_SoA,8,1,static,,omp-avx2,,,hype5,g++,-O3 -Wall -Wextra -std=c++17 -fopenmp -ffp-contract=off -g -DOMP_EXPLICIT_SIMD=1 -march=haswell,75.765259,c923a906c8989668,passed,0,0
layout-1-20-omp-avx2-1t,2026-09-24T13:28:39Z,6000x6000.png,Gaussian_11x11,5990,5990,SoA_Naive,Kernel,8,1,static,,omp-avx2,,,hype5,g++,-O3 -Wall -Wextra -std=c++17 -fopenmp -ffp-contract=off -g -DOMP_EXPLICIT_SIMD=1 -march=haswell,18230.366141,c923a906c8989668,passed,0,0
layout-1-20-omp-avx2-1t,2026-09-24T13:28:39Z,6000x6000.png,Gaussian_11x11,5990,5990,SoA_Naive,SoA_to_AoS,8,1,static,,omp-avx2,,,hype5,g++,-O3 -Wall -Wextra -std=c++17 -fopenmp -ffp-contract=off -g -DOMP_EXPLICIT_SIMD=1 -march=haswell,72.506800,c923a906c8989668,passed,0,0
layout-1-20-omp-avx2-1t,2026-09-24T13:28:39Z,6000x6000.png,Gaussian_11x11,5990,5990,SoA_Naive,End_to_End,8,1,static,,omp-avx2,,,hype5,g++,-O3 -Wall -Wextra -std=c++17 -fopenmp -ffp-contract=off -g -DOMP_EXPLICIT_SIMD=1 -march=haswell,18378.638200,c923a906c8989668,passed,0,0
layout-1-20-omp-avx2-1t,2026-09-24T13:28:39Z,6000x6000.png,Gaussian_11x11,5990,5990,SoA_Separable,AoS_to_SoA,8,1,static,,omp-avx2,,,hype5,g++,-O3 -Wall -Wextra -std=c++17 -fopenmp -ffp-contract=off -g -DOMP_EXPLICIT_SIMD=1 -march=haswell,75.765259,acaa148feb45213a,passed,1,802
layout-1-20-omp-avx2-1t,2026-09-24T13:28:39Z,6000x6000.png,Gaussian_11x11,5990,5990,SoA_Separable,Horizontal_Passes,8,1,static,,omp-avx2,,,hype5,g++,-O3 -Wall -Wextra -std=c++17 -fopenmp -ffp-contract=off -g -DOMP_EXPLICIT_SIMD=1 -march=haswell,155.533086,acaa148feb45213a,passed,1,802
layout-1-20-omp-avx2-1t,2026-09-24T13:28:39Z,6000x6000.png,Gaussian_11x11,5990,5990,SoA_Separable,Vertical_Passes,8,1,static,,omp-avx2,,,hype5,g++,-O3 -Wall -Wextra -std=c++17 -fopenmp -ffp-contract=off -g -DOMP_EXPLICIT_SIMD=1 -march=haswell,126.762266,acaa148feb45213a,passed,1,802
layout-1-20-omp-avx2-1t,2026-09-24T13:28:39Z,6000x6000.png,Gaussian_11x11,5990,5990,SoA_Separable,Kernel,8,1,static,,omp-avx2,,,hype5,g++,-O3 -Wall -Wextra -std=c++17 -fopenmp -ffp-contract=off -g -DOMP_EXPLICIT_SIMD=1 -march=haswell,282.295352,acaa148feb45213a,passed,1,802
layout-1-20-omp-avx2-1t,2026-09-24T13:28:39Z,6000x6000.png,Gaussian_11x11,5990,5990,SoA_Separable,SoA_to_AoS,8,1,static,,omp-avx2,,,hype5,g++,-O3 -Wall -Wextra -std=c++17 -fopenmp -ffp-contract=off -g -DOMP_EXPLICIT_SIMD=1 -march=haswell,43.105742,acaa148feb45213a,passed,1,802
layout-1-20-omp-avx2-1t,2026-09-24T13:28:39Z,6000x6000.png,Gaussian_11x11,5990,5990,SoA_Separable,End_to_End,8,1,static,,omp-avx2,,,hype5,g++,-O3 -Wall -Wextra -std=c++17 -fopenmp -ffp-contract=off -g -DOMP_EXPLICIT_SIMD=1 -march=haswell,401.166353,acaa148feb45213a,passed,1,802
layout-1-20-omp-avx2-1t,2026-09-24T13:29:19Z,6000x6000.png,Gaussian_11x11,5990,5990,AoS_Naive,Kernel,9,1,static,,omp-avx2,,,hype5,g++,-O3 -Wall -Wextra -std=c++17 -fopenmp -ffp-contract=off -g -DOMP_EXPLICIT_SIMD=1 -march=haswell,9197.096432,c923a906c8989668,passed,0,0
layout-1-20-omp-avx2-1t,2026-09-24T13:29:19Z,6000x6000.png,Gaussian_11x11,5990,5990,SoA_Naive,AoS_to_SoA,9,1,static,,omp-avx2,,,hype5,g++,-O3 -Wall -Wextra -std=c++17 -fopenmp -ffp-contract=off -g -DOMP_EXPLICIT_SIMD=1 -march=haswell,75.426795,c923a906c8989668,passed,0,0
layout-1-20-omp-avx2-1t,2026-09-24T13:29:19Z,6000x6000.png,Gaussian_11x11,5990,5990,SoA_Naive,Kernel,9,1,static,,omp-avx2,,,hype5,g++,-O3 -Wall -Wextra -std=c++17 -fopenmp -ffp-contract=off -g -DOMP_EXPLICIT_SIMD=1 -march=haswell,18229.962027,c923a906c8989668,passed,0,0
layout-1-20-omp-avx2-1t,2026-09-24T13:29:19Z,6000x6000.png,Gaussian_11x11,5990,5990,SoA_Naive,SoA_to_AoS,9,1,static,,omp-avx2,,,hype5,g++,-O3 -Wall -Wextra -std=c++17 -fopenmp -ffp-contract=off -g -DOMP_EXPLICIT_SIMD=1 -march=haswell,72.734333,c923a906c8989668,passed,0,0
layout-1-20-omp-avx2-1t,2026-09-24T13:29:19Z,6000x6000.png,Gaussian_11x11,5990,5990,SoA_Naive,End_to_End,9,1,static,,omp-avx2,,,hype5,g++,-O3 -Wall -Wextra -std=c++17 -fopenmp -ffp-contract=off -g -DOMP_EXPLICIT_SIMD=1 -march=haswell,18378.123155,c923a906c8989668,passed,0,0
layout-1-20-omp-avx2-1t,2026-09-24T13:29:19Z,6000x6000.png,Gaussian_11x11,5990,5990,SoA_Separable,AoS_to_SoA,9,1,static,,omp-avx2,,,hype5,g++,-O3 -Wall -Wextra -std=c++17 -fopenmp -ffp-contract=off -g -DOMP_EXPLICIT_SIMD=1 -march=haswell,75.426795,acaa148feb45213a,passed,1,802
layout-1-20-omp-avx2-1t,2026-09-24T13:29:19Z,6000x6000.png,Gaussian_11x11,5990,5990,SoA_Separable,Horizontal_Passes,9,1,static,,omp-avx2,,,hype5,g++,-O3 -Wall -Wextra -std=c++17 -fopenmp -ffp-contract=off -g -DOMP_EXPLICIT_SIMD=1 -march=haswell,155.384307,acaa148feb45213a,passed,1,802
layout-1-20-omp-avx2-1t,2026-09-24T13:29:19Z,6000x6000.png,Gaussian_11x11,5990,5990,SoA_Separable,Vertical_Passes,9,1,static,,omp-avx2,,,hype5,g++,-O3 -Wall -Wextra -std=c++17 -fopenmp -ffp-contract=off -g -DOMP_EXPLICIT_SIMD=1 -march=haswell,127.252585,acaa148feb45213a,passed,1,802
layout-1-20-omp-avx2-1t,2026-09-24T13:29:19Z,6000x6000.png,Gaussian_11x11,5990,5990,SoA_Separable,Kernel,9,1,static,,omp-avx2,,,hype5,g++,-O3 -Wall -Wextra -std=c++17 -fopenmp -ffp-contract=off -g -DOMP_EXPLICIT_SIMD=1 -march=haswell,282.636892,acaa148feb45213a,passed,1,802
layout-1-20-omp-avx2-1t,2026-09-24T13:29:19Z,6000x6000.png,Gaussian_11x11,5990,5990,SoA_Separable,SoA_to_AoS,9,1,static,,omp-avx2,,,hype5,g++,-O3 -Wall -Wextra -std=c++17 -fopenmp -ffp-contract=off -g -DOMP_EXPLICIT_SIMD=1 -march=haswell,43.158826,acaa148feb45213a,passed,1,802
layout-1-20-omp-avx2-1t,2026-09-24T13:29:19Z,6000x6000.png,Gaussian_11x11,5990,5990,SoA_Separable,End_to_End,9,1,static,,omp-avx2,,,hype5,g++,-O3 -Wall -Wextra -std=c++17 -fopenmp -ffp-contract=off -g -DOMP_EXPLICIT_SIMD=1 -march=haswell,401.222513,acaa148feb45213a,passed,1,802
layout-1-20-omp-avx2-1t,2026-09-24T13:29:59Z,6000x6000.png,Gaussian_11x11,5990,5990,AoS_Naive,Kernel,10,1,static,,omp-avx2,,,hype5,g++,-O3 -Wall -Wextra -std=c++17 -fopenmp -ffp-contract=off -g -DOMP_EXPLICIT_SIMD=1 -march=haswell,9210.452625,c923a906c8989668,passed,0,0
layout-1-20-omp-avx2-1t,2026-09-24T13:29:59Z,6000x6000.png,Gaussian_11x11,5990,5990,SoA_Naive,AoS_to_SoA,10,1,static,,omp-avx2,,,hype5,g++,-O3 -Wall -Wextra -std=c++17 -fopenmp -ffp-contract=off -g -DOMP_EXPLICIT_SIMD=1 -march=haswell,76.877171,c923a906c8989668,passed,0,0
layout-1-20-omp-avx2-1t,2026-09-24T13:29:59Z,6000x6000.png,Gaussian_11x11,5990,5990,SoA_Naive,Kernel,10,1,static,,omp-avx2,,,hype5,g++,-O3 -Wall -Wextra -std=c++17 -fopenmp -ffp-contract=off -g -DOMP_EXPLICIT_SIMD=1 -march=haswell,18208.795145,c923a906c8989668,passed,0,0
layout-1-20-omp-avx2-1t,2026-09-24T13:29:59Z,6000x6000.png,Gaussian_11x11,5990,5990,SoA_Naive,SoA_to_AoS,10,1,static,,omp-avx2,,,hype5,g++,-O3 -Wall -Wextra -std=c++17 -fopenmp -ffp-contract=off -g -DOMP_EXPLICIT_SIMD=1 -march=haswell,73.155985,c923a906c8989668,passed,0,0
layout-1-20-omp-avx2-1t,2026-09-24T13:29:59Z,6000x6000.png,Gaussian_11x11,5990,5990,SoA_Naive,End_to_End,10,1,static,,omp-avx2,,,hype5,g++,-O3 -Wall -Wextra -std=c++17 -fopenmp -ffp-contract=off -g -DOMP_EXPLICIT_SIMD=1 -march=haswell,18358.828301,c923a906c8989668,passed,0,0
layout-1-20-omp-avx2-1t,2026-09-24T13:29:59Z,6000x6000.png,Gaussian_11x11,5990,5990,SoA_Separable,AoS_to_SoA,10,1,static,,omp-avx2,,,hype5,g++,-O3 -Wall -Wextra -std=c++17 -fopenmp -ffp-contract=off -g -DOMP_EXPLICIT_SIMD=1 -march=haswell,76.877171,acaa148feb45213a,passed,1,802
layout-1-20-omp-avx2-1t,2026-09-24T13:29:59Z,6000x6000.png,Gaussian_11x11,5990,5990,SoA_Separable,Horizontal_Passes,10,1,static,,omp-avx2,,,hype5,g++,-O3 -Wall -Wextra -std=c++17 -fopenmp -ffp-contract=off -g -DOMP_EXPLICIT_SIMD=1 -march=haswell,155.141214,acaa148feb45213a,passed,1,802
layout-1-20-omp-avx2-1t,2026-09-24T13:29:59Z,6000x6000.png,Gaussian_11x11,5990,5990,SoA_Separable,Vertical_Passes,10,1,static,,omp-avx2,,,hype5,g++,-O3 -Wall -Wextra -std=c++17 -fopenmp -ffp-contract=off -g -DOMP_EXPLICIT_SIMD=1 -march=haswell,127.059459,acaa148feb45213a,passed,1,802
layout-1-20-omp-avx2-1t,2026-09-24T13:29:59Z,6000x6000.png,Gaussian_11x11,5990,5990,SoA_Separable,Kernel,10,1,static,,omp-avx2,,,hype5,g++,-O3 -Wall -Wextra -std=c++17 -fopenmp -ffp-contract=off -g -DOMP_EXPLICIT_SIMD=1 -march=haswell,282.200673,acaa148feb45213a,passed,1,802
layout-1-20-omp-avx2-1t,2026-09-24T13:29:59Z,6000x6000.png,Gaussian_11x11,5990,5990,SoA_Separable,SoA_to_AoS,10,1,static,,omp-avx2,,,hype5,g++,-O3 -Wall -Wextra -std=c++17 -fopenmp -ffp-contract=off -g -DOMP_EXPLICIT_SIMD=1 -march=haswell,43.128972,acaa148feb45213a,passed,1,802
layout-1-20-omp-avx2-1t,2026-09-24T13:29:59Z,6000x6000.png,Gaussian_11x11,5990,5990,SoA_Separable,End_to_End,10,1,static,,omp-avx2,,,hype5,g++,-O3 -Wall -Wextra -std=c++17 -fopenmp -ffp-contract=off -g -DOMP_EXPLICIT_SIMD=1 -march=haswell,402.206816,acaa148feb45213a,passed,1,802
layout-1-20-omp-avx2-20t,2026-09-24T13:31:21Z,6000x6000.png,Gaussian_11x11,5990,5990,AoS_Naive,Kernel,1,20,static,,omp-avx2,,,hype5,g++,-O3 -Wall -Wextra -std=c++17 -fopenmp -ffp-contract=off -g -DOMP_EXPLICIT_SIMD=1 -march=haswell,530.866999,c923a906c8989668,passed,0,0
layout-1-20-omp-avx2-20t,2026-09-24T13:31:21Z,6000x6000.png,Gaussian_11x11,5990,5990,SoA_Naive,AoS_to_SoA,1,20,static,,omp-avx2,,,hype5,g++,-O3 -Wall -Wextra -std=c++17 -fopenmp -ffp-contract=off -g -DOMP_EXPLICIT_SIMD=1 -march=haswell,6.080219,c923a906c8989668,passed,0,0
layout-1-20-omp-avx2-20t,2026-09-24T13:31:21Z,6000x6000.png,Gaussian_11x11,5990,5990,SoA_Naive,Kernel,1,20,static,,omp-avx2,,,hype5,g++,-O3 -Wall -Wextra -std=c++17 -fopenmp -ffp-contract=off -g -DOMP_EXPLICIT_SIMD=1 -march=haswell,1071.516080,c923a906c8989668,passed,0,0
layout-1-20-omp-avx2-20t,2026-09-24T13:31:21Z,6000x6000.png,Gaussian_11x11,5990,5990,SoA_Naive,SoA_to_AoS,1,20,static,,omp-avx2,,,hype5,g++,-O3 -Wall -Wextra -std=c++17 -fopenmp -ffp-contract=off -g -DOMP_EXPLICIT_SIMD=1 -march=haswell,5.667313,c923a906c8989668,passed,0,0
layout-1-20-omp-avx2-20t,2026-09-24T13:31:21Z,6000x6000.png,Gaussian_11x11,5990,5990,SoA_Naive,End_to_End,1,20,static,,omp-avx2,,,hype5,g++,-O3 -Wall -Wextra -std=c++17 -fopenmp -ffp-contract=off -g -DOMP_EXPLICIT_SIMD=1 -march=haswell,1083.263612,c923a906c8989668,passed,0,0
layout-1-20-omp-avx2-20t,2026-09-24T13:31:21Z,6000x6000.png,Gaussian_11x11,5990,5990,SoA_Separable,AoS_to_SoA,1,20,static,,omp-avx2,,,hype5,g++,-O3 -Wall -Wextra -std=c++17 -fopenmp -ffp-contract=off -g -DOMP_EXPLICIT_SIMD=1 -march=haswell,6.080219,acaa148feb45213a,passed,1,802
layout-1-20-omp-avx2-20t,2026-09-24T13:31:21Z,6000x6000.png,Gaussian_11x11,5990,5990,SoA_Separable,Horizontal_Passes,1,20,static,,omp-avx2,,,hype5,g++,-O3 -Wall -Wextra -std=c++17 -fopenmp -ffp-contract=off -g -DOMP_EXPLICIT_SIMD=1 -march=haswell,17.533677,acaa148feb45213a,passed,1,802
layout-1-20-omp-avx2-20t,2026-09-24T13:31:21Z,6000x6000.png,Gaussian_11x11,5990,5990,SoA_Separable,Vertical_Passes,1,20,static,,omp-avx2,,,hype5,g++,-O3 -Wall -Wextra -std=c++17 -fopenmp -ffp-contract=off -g -DOMP_EXPLICIT_SIMD=1 -march=haswell,15.520290,acaa148feb45213a,passed,1,802
layout-1-20-omp-avx2-20t,2026-09-24T13:31:21Z,6000x6000.png,Gaussian_11x11,5990,5990,SoA_Separable,Kernel,1,20,static,,omp-avx2,,,hype5,g++,-O3 -Wall -Wextra -std=c++17 -fopenmp -ffp-contract=off -g -DOMP_EXPLICIT_SIMD=1 -march=haswell,33.053967,acaa148feb45213a,passed,1,802
layout-1-20-omp-avx2-20t,2026-09-24T13:31:21Z,6000x6000.png,Gaussian_11x11,5990,5990,SoA_Separable,SoA_to_AoS,1,20,static,,omp-avx2,,,hype5,g++,-O3 -Wall -Wextra -std=c++17 -fopenmp -ffp-contract=off -g -DOMP_EXPLICIT_SIMD=1 -march=haswell,3.705003,acaa148feb45213a,passed,1,802
layout-1-20-omp-avx2-20t,2026-09-24T13:31:21Z,6000x6000.png,Gaussian_11x11,5990,5990,SoA_Separable,End_to_End,1,20,static,,omp-avx2,,,hype5,g++,-O3 -Wall -Wextra -std=c++17 -fopenmp -ffp-contract=off -g -DOMP_EXPLICIT_SIMD=1 -march=haswell,42.839189,acaa148feb45213a,passed,1,802
layout-1-20-omp-avx2-20t,2026-09-24T13:31:26Z,6000x6000.png,Gaussian_11x11,5990,5990,AoS_Naive,Kernel,2,20,static,,omp-avx2,,,hype5,g++,-O3 -Wall -Wextra -std=c++17 -fopenmp -ffp-contract=off -g -DOMP_EXPLICIT_SIMD=1 -march=haswell,531.351617,c923a906c8989668,passed,0,0
layout-1-20-omp-avx2-20t,2026-09-24T13:31:26Z,6000x6000.png,Gaussian_11x11,5990,5990,SoA_Naive,AoS_to_SoA,2,20,static,,omp-avx2,,,hype5,g++,-O3 -Wall -Wextra -std=c++17 -fopenmp -ffp-contract=off -g -DOMP_EXPLICIT_SIMD=1 -march=haswell,5.977632,c923a906c8989668,passed,0,0
layout-1-20-omp-avx2-20t,2026-09-24T13:31:26Z,6000x6000.png,Gaussian_11x11,5990,5990,SoA_Naive,Kernel,2,20,static,,omp-avx2,,,hype5,g++,-O3 -Wall -Wextra -std=c++17 -fopenmp -ffp-contract=off -g -DOMP_EXPLICIT_SIMD=1 -march=haswell,1071.062162,c923a906c8989668,passed,0,0
layout-1-20-omp-avx2-20t,2026-09-24T13:31:26Z,6000x6000.png,Gaussian_11x11,5990,5990,SoA_Naive,SoA_to_AoS,2,20,static,,omp-avx2,,,hype5,g++,-O3 -Wall -Wextra -std=c++17 -fopenmp -ffp-contract=off -g -DOMP_EXPLICIT_SIMD=1 -march=haswell,5.089209,c923a906c8989668,passed,0,0
layout-1-20-omp-avx2-20t,2026-09-24T13:31:26Z,6000x6000.png,Gaussian_11x11,5990,5990,SoA_Naive,End_to_End,2,20,static,,omp-avx2,,,hype5,g++,-O3 -Wall -Wextra -std=c++17 -fopenmp -ffp-contract=off -g -DOMP_EXPLICIT_SIMD=1 -march=haswell,1082.129003,c923a906c8989668,passed,0,0
layout-1-20-omp-avx2-20t,2026-09-24T13:31:26Z,6000x6000.png,Gaussian_11x11,5990,5990,SoA_Separable,AoS_to_SoA,2,20,static,,omp-avx2,,,hype5,g++,-O3 -Wall -Wextra -std=c++17 -fopenmp -ffp-contract=off -g -DOMP_EXPLICIT_SIMD=1 -march=haswell,5.977632,acaa148feb45213a,passed,1,802
layout-1-20-omp-avx2-20t,2026-09-24T13:31:26Z,6000x6000.png,Gaussian_11x11,5990,5990,SoA_Separable,Horizontal_Passes,2,20,static,,omp-avx2,,,hype5,g++,-O3 -Wall -Wextra -std=c++17 -fopenmp -ffp-contract=off -g -DOMP_EXPLICIT_SIMD=1 -march=haswell,17.180747,acaa148feb45213a,passed,1,802
layout-1-20-omp-avx2-20t,2026-09-24T13:31:26Z,6000x6000.png,Gaussian_11x11,5990,5990,SoA_Separable,Vertical_Passes,2,20,static,,omp-avx2,,,hype5,g++,-O3 -Wall -Wextra -std=c++17 -fopenmp -ffp-contract=off -g -DOMP_EXPLICIT_SIMD=1 -march=haswell,15.496534,acaa148feb45213a,passed,1,802
layout-1-20-omp-avx2-20t,2026-09-24T13:31:26Z,6000x6000.png,Gaussian_11x11,5990,5990,SoA_Separable,Kernel,2,20,static,,omp-avx2,,,hype5,g++,-O3 -Wall -Wextra -std=c++17 -fopenmp -ffp-contract=off -g -DOMP_EXPLICIT_SIMD=1 -march=haswell,32.677281,acaa148feb45213a,passed,1,802
layout-1-20-omp-avx2-20t,2026-09-24T13:31:26Z,6000x6000.png,Gaussian_11x11,5990,5990,SoA_Separable,SoA_to_AoS,2,20,static,,omp-avx2,,,hype5,g++,-O3 -Wall -Wextra -std=c++17 -fopenmp -ffp-contract=off -g -DOMP_EXPLICIT_SIMD=1 -march=haswell,3.707626,acaa148feb45213a,passed,1,802
layout-1-20-omp-avx2-20t,2026-09-24T13:31:26Z,6000x6000.png,Gaussian_11x11,5990,5990,SoA_Separable,End_to_End,2,20,static,,omp-avx2,,,hype5,g++,-O3 -Wall -Wextra -std=c++17 -fopenmp -ffp-contract=off -g -DOMP_EXPLICIT_SIMD=1 -march=haswell,42.362539,acaa148feb45213a,passed,1,802
layout-1-20-omp-avx2-20t,2026-09-24T13:31:31Z,6000x6000.png,Gaussian_11x11,5990,5990,AoS_Naive,Kernel,3,20,static,,omp-avx2,,,hype5,g++,-O3 -Wall -Wextra -std=c++17 -fopenmp -ffp-contract=off -g -DOMP_EXPLICIT_SIMD=1 -march=haswell,531.222394,c923a906c8989668,passed,0,0
layout-1-20-omp-avx2-20t,2026-09-24T13:31:31Z,6000x6000.png,Gaussian_11x11,5990,5990,SoA_Naive,AoS_to_SoA,3,20,static,,omp-avx2,,,hype5,g++,-O3 -Wall -Wextra -std=c++17 -fopenmp -ffp-contract=off -g -DOMP_EXPLICIT_SIMD=1 -march=haswell,6.027339,c923a906c8989668,passed,0,0
layout-1-20-omp-avx2-20t,2026-09-24T13:31:31Z,6000x6000.png,Gaussian_11x11,5990,5990,SoA_Naive,Kernel,3,20,static,,omp-avx2,,,hype5,g++,-O3 -Wall -Wextra -std=c++17 -fopenmp -ffp-contract=off -g -DOMP_EXPLICIT_SIMD=1 -march=haswell,1083.798117,c923a906c8989668,passed,0,0
layout-1-20-omp-avx2-20t,2026-09-24T13:31:31Z,6000x6000.png,Gaussian_11x11,5990,5990,SoA_Naive,SoA_to_AoS,3,20,static,,omp-avx2,,,hype5,g++,-O3 -Wall -Wextra -std=c++17 -fopenmp -ffp-contract=off -g -DOMP_EXPLICIT_SIMD=1 -march=haswell,5.640046,c923a906c8989668,passed,0,0
layout-1-20-omp-avx2-20t,2026-09-24T13:31:31Z,6000x6000.png,Gaussian_11x11,5990,5990,SoA_Naive,End_to_End,3,20,static,,omp-avx2,,,hype5,g++,-O3 -Wall -Wextra -std=c++17 -fopenmp -ffp-contract=off -g -DOMP_EXPLICIT_SIMD=1 -march=haswell,1095.465502,c923a906c8989668,passed,0,0
layout-1-20-omp-avx2-20t,2026-09-24T13:31:31Z,6000x6000.png,Gaussian_11x11,5990,5990,SoA_Separable,AoS_to_SoA,3,20,static,,omp-avx2,,,hype5,g++,-O3 -Wall -Wextra -std=c++17 -fopenmp -ffp-contract=off -g -DOMP_EXPLICIT_SIMD=1 -march=haswell,6.027339,acaa148feb45213a,passed,1,802
layout-1-20-omp-avx2-20t,2026-09-24T13:31:31Z,6000x6000.png,Gaussian_11x11,5990,5990,SoA_Separable,Horizontal_Passes,3,20,static,,omp-avx2,,,hype5,g++,-O3 -Wall -Wextra -std=c++17 -fopenmp -ffp-contract=off -g -DOMP_EXPLICIT_SIMD=1 -march=haswell,17.396603,acaa148feb45213a,passed,1,802
layout-1-20-omp-avx2-20t,2026-09-24T13:31:31Z,6000x6000.png,Gaussian_11x11,5990,5990,SoA_Separable,Vertical_Passes,3,20,static,,omp-avx2,,,hype5,g++,-O3 -Wall -Wextra -std=c++17 -fopenmp -ffp-contract=off -g -DOMP_EXPLICIT_SIMD=1 -march=haswell,15.542767,acaa148feb45213a,passed,1,802
layout-1-20-omp-avx2-20t,2026-09-24T13:31:31Z,6000x6000.png,Gaussian_11x11,5990,5990,SoA_Separable,Kernel,3,20,static,,omp-avx2,,,hype5,g++,-O3 -Wall -Wextra -std=c++17 -fopenmp -ffp-contract=off -g -DOMP_EXPLICIT_SIMD=1 -march=haswell,32.939370,acaa148feb45213a,passed,1,802
layout-1-20-omp-avx2-20t,2026-09-24T13:31:31Z,6000x6000.png,Gaussian_11x11,5990,5990,SoA_Separable,SoA_to_AoS,3,20,static,,omp-avx2,,,hype5,g++,-O3 -Wall -Wextra -std=c++17 -fopenmp -ffp-contract=off -g -DOMP_EXPLICIT_SIMD=1 -march=haswell,3.669936,acaa148feb45213a,passed,1,802
layout-1-20-omp-avx2-20t,2026-09-24T13:31:31Z,6000x6000.png,Gaussian_11x11,5990,5990,SoA_Separable,End_to_End,3,20,static,,omp-avx2,,,hype5,g++,-O3 -Wall -Wextra -std=c++17 -fopenmp -ffp-contract=off -g -DOMP_EXPLICIT_SIMD=1 -march=haswell,42.636645,acaa148feb45213a,passed,1,802
layout-1-20-omp-avx2-20t,2026-09-24T13:31:35Z,6000x6000.png,Gaussian_11x11,5990,5990,AoS_Naive,Kernel,4,20,static,,omp-avx2,,,hype5,g++,-O3 -Wall -Wextra -std=c++17 -fopenmp -ffp-contract=off -g -DOMP_EXPLICIT_SIMD=1 -march=haswell,555.536922,c923a906c8989668,passed,0,0
layout-1-20-omp-avx2-20t,2026-09-24T13:31:35Z,6000x6000.png,Gaussian_11x11,5990,5990,SoA_Naive,AoS_to_SoA,4,20,static,,omp-avx2,,,hype5,g++,-O3 -Wall -Wextra -std=c++17 -fopenmp -ffp-contract=off -g -DOMP_EXPLICIT_SIMD=1 -march=haswell,5.654650,c923a906c8989668,passed,0,0
layout-1-20-omp-avx2-20t,2026-09-24T13:31:35Z,6000x6000.png,Gaussian_11x11,5990,5990,SoA_Naive,Kernel,4,20,static,,omp-avx2,,,hype5,g++,-O3 -Wall -Wextra -std=c++17 -fopenmp -ffp-contract=off -g -DOMP_EXPLICIT_SIMD=1 -march=haswell,1166.692339,c923a906c8989668,passed,0,0
layout-1-20-omp-avx2-20t,2026-09-24T13:31:35Z,6000x6000.png,Gaussian_11x11,5990,5990,SoA_Naive,SoA_to_AoS,4,20,static,,omp-avx2,,,hype5,g++,-O3 -Wall -Wextra -std=c++17 -fopenmp -ffp-contract=off -g -DOMP_EXPLICIT_SIMD=1 -march=haswell,6.132022,c923a906c8989668,passed,0,0
layout-1-20-omp-avx2-20t,2026-09-24T13:31:35Z,6000x6000.png,Gaussian_11x11,5990,5990,SoA_Naive,End_to_End,4,20,static,,omp-avx2,,,hype5,g++,-O3 -Wall -Wextra -std=c++17 -fopenmp -ffp-contract=off -g -DOMP_EXPLICIT_SIMD=1 -march=haswell,1178.479011,c923a906c8989668,passed,0,0
layout-1-20-omp-avx2-20t,2026-09-24T13:31:35Z,6000x6000.png,Gaussian_11x11,5990,5990,SoA_Separable,AoS_to_SoA,4,20,static,,omp-avx2,,,hype5,g++,-O3 -Wall -Wextra -std=c++17 -fopenmp -ffp-contract=off -g -DOMP_EXPLICIT_SIMD=1 -march=haswell,5.654650,acaa148feb45213a,passed,1,802
layout-1-20-omp-avx2-20t,2026-09-24T13:31:35Z,6000x6000.png,Gaussian_11x11,5990,5990,SoA_Separable,Horizontal_Passes,4,20,static,,omp-avx2,,,hype5,g++,-O3 -Wall -Wextra -std=c++17 -fopenmp -ffp-contract=off -g -DOMP_EXPLICIT_SIMD=1 -march=haswell,17.376867,acaa148feb45213a,passed,1,802
layout-1-20-omp-avx2-20t,2026-09-24T13:31:35Z,6000x6000.png,Gaussian_11x11,5990,5990,SoA_Separable,Vertical_Passes,4,20,static,,omp-avx2,,,hype5,g++,-O3 -Wall -Wextra -std=c++17 -fopenmp -ffp-contract=off -g -DOMP_EXPLICIT_SIMD=1 -march=haswell,15.813954,acaa148feb45213a,passed,1,802
layout-1-20-omp-avx2-20t,2026-09-24T13:31:35Z,6000x6000.png,Gaussian_11x11,5990,5990,SoA_Separable,Kernel,4,20,static,,omp-avx2,,,hype5,g++,-O3 -Wall -Wextra -std=c++17 -fopenmp -ffp-contract=off -g -DOMP_EXPLICIT_SIMD=1 -march=haswell,33.190821,acaa148feb45213a,passed,1,802
layout-1-20-omp-avx2-20t,2026-09-24T13:31:35Z,6000x6000.png,Gaussian_11x11,5990,5990,SoA_Separable,SoA_to_AoS,4,20,static,,omp-avx2,,,hype5,g++,-O3 -Wall -Wextra -std=c++17 -fopenmp -ffp-contract=off -g -DOMP_EXPLICIT_SIMD=1 -march=haswell,3.772644,acaa148feb45213a,passed,1,802
layout-1-20-omp-avx2-20t,2026-09-24T13:31:35Z,6000x6000.png,Gaussian_11x11,5990,5990,SoA_Separable,End_to_End,4,20,static,,omp-avx2,,,hype5,g++,-O3 -Wall -Wextra -std=c++17 -fopenmp -ffp-contract=off -g -DOMP_EXPLICIT_SIMD=1 -march=haswell,42.618115,acaa148feb45213a,passed,1,802
layout-1-20-omp-avx2-20t,2026-09-24T13:31:40Z,6000x6000.png,Gaussian_11x11,5990,5990,AoS_Naive,Kernel,5,20,static,,omp-avx2,,,hype5,g++,-O3 -Wall -Wextra -std=c++17 -fopenmp -ffp-contract=off -g -DOMP_EXPLICIT_SIMD=1 -march=haswell,538.699888,c923a906c8989668,passed,0,0
layout-1-20-omp-avx2-20t,2026-09-24T13:31:40Z,6000x6000.png,Gaussian_11x11,5990,5990,SoA_Naive,AoS_to_SoA,5,20,static,,omp-avx2,,,hype5,g++,-O3 -Wall -Wextra -std=c++17 -fopenmp -ffp-contract=off -g -DOMP_EXPLICIT_SIMD=1 -march=haswell,5.941256,c923a906c8989668,passed,0,0
layout-1-20-omp-avx2-20t,2026-09-24T13:31:40Z,6000x6000.png,Gaussian_11x11,5990,5990,SoA_Naive,Kernel,5,20,static,,omp-avx2,,,hype5,g++,-O3 -Wall -Wextra -std=c++17 -fopenmp -ffp-contract=off -g -DOMP_EXPLICIT_SIMD=1 -march=haswell,1054.396532,c923a906c8989668,passed,0,0
layout-1-20-omp-avx2-20t,2026-09-24T13:31:40Z,6000x6000.png,Gaussian_11x11,5990,5990,SoA_Naive,SoA_to_AoS,5,20,static,,omp-avx2,,,hype5,g++,-O3 -Wall -Wextra -std=c++17 -fopenmp -ffp-contract=off -g -DOMP_EXPLICIT_SIMD=1 -march=haswell,5.034657,c923a906c8989668,passed,0,0
layout-1-20-omp-avx2-20t,2026-09-24T13:31:40Z,6000x6000.png,Gaussian_11x11,5990,5990,SoA_Naive,End_to_End,5,20,static,,omp-avx2,,,hype5,g++,-O3 -Wall -Wextra -std=c++17 -fopenmp -ffp-contract=off -g -DOMP_EXPLICIT_SIMD=1 -march=haswell,1065.372445,c923a906c8989668,passed,0,0
layout-1-20-omp-avx2-20t,2026-09-24T13:31:40Z,6000x6000.png,Gaussian_11x11,5990,5990,SoA_Separable,AoS_to_SoA,5,20,static,,omp-avx2,,,hype5,g++,-O3 -Wall -Wextra -std=c++17 -fopenmp -ffp-contract=off -g -DOMP_EXPLICIT_SIMD=1 -march=haswell,5.941256,acaa148feb45213a,passed,1,802
layout-1-20-omp-avx2-20t,2026-09-24T13:31:40Z,6000x6000.png,Gaussian_11x11,5990,5990,SoA_Separable,Horizontal_Passes,5,20,static,,omp-avx2,,,hype5,g++,-O3 -Wall -Wextra -std=c++17 -fopenmp -ffp-contract=off -g -DOMP_EXPLICIT_SIMD=1 -march=haswell,17.292613,acaa148feb45213a,passed,1,802
layout-1-20-omp-avx2-20t,2026-09-24T13:31:40Z,6000x6000.png,Gaussian_11x11,5990,5990,SoA_Separable,Vertical_Passes,5,20,static,,omp-avx2,,,hype5,g++,-O3 -Wall -Wextra -std=c++17 -fopenmp -ffp-contract=off -g -DOMP_EXPLICIT_SIMD=1 -march=haswell,15.756450,acaa148feb45213a,passed,1,802
layout-1-20-omp-avx2-20t,2026-09-24T13:31:40Z,6000x6000.png,Gaussian_11x11,5990,5990,SoA_Separable,Kernel,5,20,static,,omp-avx2,,,hype5,g++,-O3 -Wall -Wextra -std=c++17 -fopenmp -ffp-contract=off -g -DOMP_EXPLICIT_SIMD=1 -march=haswell,33.049063,acaa148feb45213a,passed,1,802
layout-1-20-omp-avx2-20t,2026-09-24T13:31:40Z,6000x6000.png,Gaussian_11x11,5990,5990,SoA_Separable,SoA_to_AoS,5,20,static,,omp-avx2,,,hype5,g++,-O3 -Wall -Wextra -std=c++17 -fopenmp -ffp-contract=off -g -DOMP_EXPLICIT_SIMD=1 -march=haswell,3.634430,acaa148feb45213a,passed,1,802
layout-1-20-omp-avx2-20t,2026-09-24T13:31:40Z,6000x6000.png,Gaussian_11x11,5990,5990,SoA_Separable,End_to_End,5,20,static,,omp-avx2,,,hype5,g++,-O3 -Wall -Wextra -std=c++17 -fopenmp -ffp-contract=off -g -DOMP_EXPLICIT_SIMD=1 -march=haswell,42.624749,acaa148feb45213a,passed,1,802
layout-1-20-omp-avx2-20t,2026-09-24T13:31:45Z,6000x6000.png,Gaussian_11x11,5990,5990,AoS_Naive,Kernel,6,20,static,,omp-avx2,,,hype5,g++,-O3 -Wall -Wextra -std=c++17 -fopenmp -ffp-contract=off -g -DOMP_EXPLICIT_SIMD=1 -march=haswell,530.888088,c923a906c8989668,passed,0,0
layout-1-20-omp-avx2-20t,2026-09-24T13:31:45Z,6000x6000.png,Gaussian_11x11,5990,5990,SoA_Naive,AoS_to_SoA,6,20,static,,omp-avx2,,,hype5,g++,-O3 -Wall -Wextra -std=c++17 -fopenmp -ffp-contract=off -g -DOMP_EXPLICIT_SIMD=1 -march=haswell,5.990717,c923a906c8989668,passed,0,0
layout-1-20-omp-avx2-20t,2026-09-24T13:31:45Z,6000x6000.png,Gaussian_11x11,5990,5990,SoA_Naive,Kernel,6,20,static,,omp-avx2,,,hype5,g++,-O3 -Wall -Wextra -std=c++17 -fopenmp -ffp-contract=off -g -DOMP_EXPLICIT_SIMD=1 -march=haswell,1055.865117,c923a906c8989668,passed,0,0
layout-1-20-omp-avx2-20t,2026-09-24T13:31:45Z,6000x6000.png,Gaussian_11x11,5990,5990,SoA_Naive,SoA_to_AoS,6,20,static,,omp-avx2,,,hype5,g++,-O3 -Wall -Wextra -std=c++17 -fopenmp -ffp-contract=off -g -DOMP_EXPLICIT_SIMD=1 -march=haswell,5.186370,c923a906c8989668,passed,0,0
layout-1-20-omp-avx2-20t,2026-09-24T13:31:45Z,6000x6000.png,Gaussian_11x11,5990,5990,SoA_Naive,End_to_End,6,20,static,,omp-avx2,,,hype5,g++,-O3 -Wall -Wextra -std=c++17 -fopenmp -ffp-contract=off -g -DOMP_EXPLICIT_SIMD=1 -march=haswell,1067.042204,c923a906c8989668,passed,0,0
layout-1-20-omp-avx2-20t,2026-09-24T13:31:45Z,6000x6000.png,Gaussian_11x11,5990,5990,SoA_Separable,AoS_to_SoA,6,20,static,,omp-avx2,,,hype5,g++,-O3 -Wall -Wextra -std=c++17 -fopenmp -ffp-contract=off -g -DOMP_EXPLICIT_SIMD=1 -march=haswell,5.990717,acaa148feb45213a,passed,1,802
layout-1-20-omp-avx2-20t,2026-09-24T13:31:45Z,6000x6000.png,Gaussian_11x11,5990,5990,SoA_Separable,Horizontal_Passes,6,20,static,,omp-avx2,,,hype5,g++,-O3 -Wall -Wextra -std=c++17 -fopenmp -ffp-contract=off -g -DOMP_EXPLICIT_SIMD=1 -march=haswell,17.145912,acaa148feb45213a,passed,1,802
layout-1-20-omp-avx2-20t,2026-09-24T13:31:45Z,6000x6000.png,Gaussian_11x11,5990,5990,SoA_Separable,Vertical_Passes,6,20,static,,omp-avx2,,,hype5,g++,-O3 -Wall -Wextra -std=c++17 -fopenmp -ffp-contract=off -g -DOMP_EXPLICIT_SIMD=1 -march=haswell,15.685662,acaa148feb45213a,passed,1,802
layout-1-20-omp-avx2-20t,2026-09-24T13:31:45Z,6000x6000.png,Gaussian_11x11,5990,5990,SoA_Separable,Kernel,6,20,static,,omp-avx2,,,hype5,g++,-O3 -Wall -Wextra -std=c++17 -fopenmp -ffp-contract=off -g -DOMP_EXPLICIT_SIMD=1 -march=haswell,32.831574,acaa148feb45213a,passed,1,802
layout-1-20-omp-avx2-20t,2026-09-24T13:31:45Z,6000x6000.png,Gaussian_11x11,5990,5990,SoA_Separable,SoA_to_AoS,6,20,static,,omp-avx2,,,hype5,g++,-O3 -Wall -Wextra -std=c++17 -fopenmp -ffp-contract=off -g -DOMP_EXPLICIT_SIMD=1 -march=haswell,3.773793,acaa148feb45213a,passed,1,802
layout-1-20-omp-avx2-20t,2026-09-24T13:31:45Z,6000x6000.png,Gaussian_11x11,5990,5990,SoA_Separable,End_to_End,6,20,static,,omp-avx2,,,hype5,g++,-O3 -Wall -Wextra -std=c++17 -fopenmp -ffp-contract=off -g -DOMP_EXPLICIT_SIMD=1 -march=haswell,42.596084,acaa148feb45213a,passed,1,802
layout-1-20-omp-avx2-20t,2026-09-24T13:31:49Z,6000x6000.png,Gaussian_11x11,5990,5990,AoS_Naive,Kernel,7,20,static,,omp-avx2,,,hype5,g++,-O3 -Wall -Wextra -std=c++17 -fopenmp -ffp-contract=off -g -DOMP_EXPLICIT_SIMD=1 -march=haswell,533.728104,c923a906c8989668,passed,0,0
layout-1-20-omp-avx2-20t,2026-09-24T13:31:49Z,6000x6000.png,Gaussian_11x11,5990,5990,SoA_Naive,AoS_to_SoA,7,20,static,,omp-avx2,,,hype5,g++,-O3 -Wall -Wextra -std=c++17 -fopenmp -ffp-contract=off -g -DOMP_EXPLICIT_SIMD=1 -march=haswell,6.004609,c923a906c8989668,passed,0,0
layout-1-20-omp-avx2-20t,2026-09-24T13:31:49Z,6000x6000.png,Gaussian_11x11,5990,5990,SoA_Naive,Kernel,7,20,static,,omp-avx2,,,hype5,g++,-O3 -Wall -Wextra -std=c++17 -fopenmp -ffp-contract=off -g -DOMP_EXPLICIT_SIMD=1 -march=haswell,1055.716298,c923a906c8989668,passed,0,0
layout-1-20-omp-avx2-20t,2026-09-24T13:31:49Z,6000x6000.png,Gaussian_11x11,5990,5990,SoA_Naive,SoA_to_AoS,7,20,static,,omp-avx2,,,hype5,g++,-O3 -Wall -Wextra -std=c++17 -fopenmp -ffp-contract=off -g -DOMP_EXPLICIT_SIMD=1 -march=haswell,5.194739,c923a906c8989668,passed,0,0
layout-1-20-omp-avx2-20t,2026-09-24T13:31:49Z,6000x6000.png,Gaussian_11x11,5990,5990,SoA_Naive,End_to_End,7,20,static,,omp-avx2,,,hype5,g++,-O3 -Wall -Wextra -std=c++17 -fopenmp -ffp-contract=off -g -DOMP_EXPLICIT_SIMD=1 -march=haswell,1066.915646,c923a906c8989668,passed,0,0
layout-1-20-omp-avx2-20t,2026-09-24T13:31:49Z,6000x6000.png,Gaussian_11x11,5990,5990,SoA_Separable,AoS_to_SoA,7,20,static,,omp-avx2,,,hype5,g++,-O3 -Wall -Wextra -std=c++17 -fopenmp -ffp-contract=off -g -DOMP_EXPLICIT_SIMD=1 -march=haswell,6.004609,acaa148feb45213a,passed,1,802
layout-1-20-omp-avx2-20t,2026-09-24T13:31:49Z,6000x6000.png,Gaussian_11x11,5990,5990,SoA_Separable,Horizontal_Passes,7,20,static,,omp-avx2,,,hype5,g++,-O3 -Wall -Wextra -std=c++17 -fopenmp -ffp-contract=off -g -DOMP_EXPLICIT_SIMD=1 -march=haswell,17.631553,acaa148feb45213a,passed,1,802
layout-1-20-omp-avx2-20t,2026-09-24T13:31:49Z,6000x6000.png,Gaussian_11x11,5990,5990,SoA_Separable,Vertical_Passes,7,20,static,,omp-avx2,,,hype5,g++,-O3 -Wall -Wextra -std=c++17 -fopenmp -ffp-contract=off -g -DOMP_EXPLICIT_SIMD=1 -march=haswell,15.472654,acaa148feb45213a,passed,1,802
layout-1-20-omp-avx2-20t,2026-09-24T13:31:49Z,6000x6000.png,Gaussian_11x11,5990,5990,SoA_Separable,Kernel,7,20,static,,omp-avx2,,,hype5,g++,-O3 -Wall -Wextra -std=c++17 -fopenmp -ffp-contract=off -g -DOMP_EXPLICIT_SIMD=1 -march=haswell,33.104207,acaa148feb45213a,passed,1,802
layout-1-20-omp-avx2-20t,2026-09-24T13:31:49Z,6000x6000.png,Gaussian_11x11,5990,5990,SoA_Separable,SoA_to_AoS,7,20,static,,omp-avx2,,,hype5,g++,-O3 -Wall -Wextra -std=c++17 -fopenmp -ffp-contract=off -g -DOMP_EXPLICIT_SIMD=1 -march=haswell,3.783058,acaa148feb45213a,passed,1,802
layout-1-20-omp-avx2-20t,2026-09-24T13:31:49Z,6000x6000.png,Gaussian_11x11,5990,5990,SoA_Separable,End_to_End,7,20,static,,omp-avx2,,,hype5,g++,-O3 -Wall -Wextra -std=c++17 -fopenmp -ffp-contract=off -g -DOMP_EXPLICIT_SIMD=1 -march=haswell,42.891874,acaa148feb45213a,passed,1,802
layout-1-20-omp-avx2-20t,2026-09-24T13:31:54Z,6000x6000.png,Gaussian_11x11,5990,5990,AoS_Naive,Kernel,8,20,static,,omp-avx2,,,hype5,g++,-O3 -Wall -Wextra -std=c++17 -fopenmp -ffp-contract=off -g -DOMP_EXPLICIT_SIMD=1 -march=haswell,531.084125,c923a906c8989668,passed,0,0
layout-1-20-omp-avx2-20t,2026-09-24T13:31:54Z,6000x6000.png,Gaussian_11x11,5990,5990,SoA_Naive,AoS_to_SoA,8,20,static,,omp-avx2,,,hype5,g++,-O3 -Wall -Wextra -std=c++17 -fopenmp -ffp-contract=off -g -DOMP_EXPLICIT_SIMD=1 -march=haswell,7.072748,c923a906c8989668,passed,0,0
layout-1-20-omp-avx2-20t,2026-09-24T13:31:54Z,6000x6000.png,Gaussian_11x11,5990,5990,SoA_Naive,Kernel,8,20,static,,omp-avx2,,,hype5,g++,-O3 -Wall -Wextra -std=c++17 -fopenmp -ffp-contract=off -g -DOMP_EXPLICIT_SIMD=1 -march=haswell,1069.994746,c923a906c8989668,passed,0,0
layout-1-20-omp-avx2-20t,2026-09-24T13:31:54Z,6000x6000.png,Gaussian_11x11,5990,5990,SoA_Naive,SoA_to_AoS,8,20,static,,omp-avx2,,,hype5,g++,-O3 -Wall -Wextra -std=c++17 -fopenmp -ffp-contract=off -g -DOMP_EXPLICIT_SIMD=1 -march=haswell,5.491274,c923a906c8989668,passed,0,0
layout-1-20-omp-avx2-20t,2026-09-24T13:31:54Z,6000x6000.png,Gaussian_11x11,5990,5990,SoA_Naive,End_to_End,8,20,static,,omp-avx2,,,hype5,g++,-O3 -Wall -Wextra -std=c++17 -fopenmp -ffp-contract=off -g -DOMP_EXPLICIT_SIMD=1 -march=haswell,1082.558768,c923a906c8989668,passed,0,0
layout-1-20-omp-avx2-20t,2026-09-24T13:31:54Z,6000x6000.png,Gaussian_11x11,5990,5990,SoA_Separable,AoS_to_SoA,8,20,static,,omp-avx2,,,hype5,g++,-O3 -Wall -Wextra -std=c++17 -fopenmp -ffp-contract=off -g -DOMP_EXPLICIT_SIMD=1 -march=haswell,7.072748,acaa148feb45213a,passed,1,802
layout-1-20-omp-avx2-20t,2026-09-24T13:31:54Z,6000x6000.png,Gaussian_11x11,5990,5990,SoA_Separable,Horizontal_Passes,8,20,static,,omp-avx2,,,hype5,g++,-O3 -Wall -Wextra -std=c++17 -fopenmp -ffp-contract=off -g -DOMP_EXPLICIT_SIMD=1 -march=haswell,17.729446,acaa148feb45213a,passed,1,802
layout-1-20-omp-avx2-20t,2026-09-24T13:31:54Z,6000x6000.png,Gaussian_11x11,5990,5990,SoA_Separable,Vertical_Passes,8,20,static,,omp-avx2,,,hype5,g++,-O3 -Wall -Wextra -std=c++17 -fopenmp -ffp-contract=off -g -DOMP_EXPLICIT_SIMD=1 -march=haswell,15.415848,acaa148feb45213a,passed,1,802
layout-1-20-omp-avx2-20t,2026-09-24T13:31:54Z,6000x6000.png,Gaussian_11x11,5990,5990,SoA_Separable,Kernel,8,20,static,,omp-avx2,,,hype5,g++,-O3 -Wall -Wextra -std=c++17 -fopenmp -ffp-contract=off -g -DOMP_EXPLICIT_SIMD=1 -march=haswell,33.145294,acaa148feb45213a,passed,1,802
layout-1-20-omp-avx2-20t,2026-09-24T13:31:54Z,6000x6000.png,Gaussian_11x11,5990,5990,SoA_Separable,SoA_to_AoS,8,20,static,,omp-avx2,,,hype5,g++,-O3 -Wall -Wextra -std=c++17 -fopenmp -ffp-contract=off -g -DOMP_EXPLICIT_SIMD=1 -march=haswell,3.679749,acaa148feb45213a,passed,1,802
layout-1-20-omp-avx2-20t,2026-09-24T13:31:54Z,6000x6000.png,Gaussian_11x11,5990,5990,SoA_Separable,End_to_End,8,20,static,,omp-avx2,,,hype5,g++,-O3 -Wall -Wextra -std=c++17 -fopenmp -ffp-contract=off -g -DOMP_EXPLICIT_SIMD=1 -march=haswell,43.897791,acaa148feb45213a,passed,1,802
layout-1-20-omp-avx2-20t,2026-09-24T13:31:58Z,6000x6000.png,Gaussian_11x11,5990,5990,AoS_Naive,Kernel,9,20,static,,omp-avx2,,,hype5,g++,-O3 -Wall -Wextra -std=c++17 -fopenmp -ffp-contract=off -g -DOMP_EXPLICIT_SIMD=1 -march=haswell,530.855960,c923a906c8989668,passed,0,0
layout-1-20-omp-avx2-20t,2026-09-24T13:31:58Z,6000x6000.png,Gaussian_11x11,5990,5990,SoA_Naive,AoS_to_SoA,9,20,static,,omp-avx2,,,hype5,g++,-O3 -Wall -Wextra -std=c++17 -fopenmp -ffp-contract=off -g -DOMP_EXPLICIT_SIMD=1 -march=haswell,5.871143,c923a906c8989668,passed,0,0
layout-1-20-omp-avx2-20t,2026-09-24T13:31:58Z,6000x6000.png,Gaussian_11x11,5990,5990,SoA_Naive,Kernel,9,20,static,,omp-avx2,,,hype5,g++,-O3 -Wall -Wextra -std=c++17 -fopenmp -ffp-contract=off -g -DOMP_EXPLICIT_SIMD=1 -march=haswell,1053.206788,c923a906c8989668,passed,0,0
layout-1-20-omp-avx2-20t,2026-09-24T13:31:58Z,6000x6000.png,Gaussian_11x11,5990,5990,SoA_Naive,SoA_to_AoS,9,20,static,,omp-avx2,,,hype5,g++,-O3 -Wall -Wextra -std=c++17 -fopenmp -ffp-contract=off -g -DOMP_EXPLICIT_SIMD=1 -march=haswell,5.488326,c923a906c8989668,passed,0,0
layout-1-20-omp-avx2-20t,2026-09-24T13:31:58Z,6000x6000.png,Gaussian_11x11,5990,5990,SoA_Naive,End_to_End,9,20,static,,omp-avx2,,,hype5,g++,-O3 -Wall -Wextra -std=c++17 -fopenmp -ffp-contract=off -g -DOMP_EXPLICIT_SIMD=1 -march=haswell,1064.566257,c923a906c8989668,passed,0,0
layout-1-20-omp-avx2-20t,2026-09-24T13:31:58Z,6000x6000.png,Gaussian_11x11,5990,5990,SoA_Separable,AoS_to_SoA,9,20,static,,omp-avx2,,,hype5,g++,-O3 -Wall -Wextra -std=c++17 -fopenmp -ffp-contract=off -g -DOMP_EXPLICIT_SIMD=1 -march=haswell,5.871143,acaa148feb45213a,passed,1,802
layout-1-20-omp-avx2-20t,2026-09-24T13:31:58Z,6000x6000.png,Gaussian_11x11,5990,5990,SoA_Separable,Horizontal_Passes,9,20,static,,omp-avx2,,,hype5,g++,-O3 -Wall -Wextra -std=c++17 -fopenmp -ffp-contract=off -g -DOMP_EXPLICIT_SIMD=1 -march=haswell,17.530556,acaa148feb45213a,passed,1,802
layout-1-20-omp-avx2-20t,2026-09-24T13:31:58Z,6000x6000.png,Gaussian_11x11,5990,5990,SoA_Separable,Vertical_Passes,9,20,static,,omp-avx2,,,hype5,g++,-O3 -Wall -Wextra -std=c++17 -fopenmp -ffp-contract=off -g -DOMP_EXPLICIT_SIMD=1 -march=haswell,15.904278,acaa148feb45213a,passed,1,802
layout-1-20-omp-avx2-20t,2026-09-24T13:31:58Z,6000x6000.png,Gaussian_11x11,5990,5990,SoA_Separable,Kernel,9,20,static,,omp-avx2,,,hype5,g++,-O3 -Wall -Wextra -std=c++17 -fopenmp -ffp-contract=off -g -DOMP_EXPLICIT_SIMD=1 -march=haswell,33.434834,acaa148feb45213a,passed,1,802
layout-1-20-omp-avx2-20t,2026-09-24T13:31:58Z,6000x6000.png,Gaussian_11x11,5990,5990,SoA_Separable,SoA_to_AoS,9,20,static,,omp-avx2,,,hype5,g++,-O3 -Wall -Wextra -std=c++17 -fopenmp -ffp-contract=off -g -DOMP_EXPLICIT_SIMD=1 -march=haswell,6.419878,acaa148feb45213a,passed,1,802
layout-1-20-omp-avx2-20t,2026-09-24T13:31:58Z,6000x6000.png,Gaussian_11x11,5990,5990,SoA_Separable,End_to_End,9,20,static,,omp-avx2,,,hype5,g++,-O3 -Wall -Wextra -std=c++17 -fopenmp -ffp-contract=off -g -DOMP_EXPLICIT_SIMD=1 -march=haswell,45.725855,acaa148feb45213a,passed,1,802
layout-1-20-omp-avx2-20t,2026-09-24T13:32:03Z,6000x6000.png,Gaussian_11x11,5990,5990,AoS_Naive,Kernel,10,20,static,,omp-avx2,,,hype5,g++,-O3 -Wall -Wextra -std=c++17 -fopenmp -ffp-contract=off -g -DOMP_EXPLICIT_SIMD=1 -march=haswell,531.099195,c923a906c8989668,passed,0,0
layout-1-20-omp-avx2-20t,2026-09-24T13:32:03Z,6000x6000.png,Gaussian_11x11,5990,5990,SoA_Naive,AoS_to_SoA,10,20,static,,omp-avx2,,,hype5,g++,-O3 -Wall -Wextra -std=c++17 -fopenmp -ffp-contract=off -g -DOMP_EXPLICIT_SIMD=1 -march=haswell,5.863436,c923a906c8989668,passed,0,0
layout-1-20-omp-avx2-20t,2026-09-24T13:32:03Z,6000x6000.png,Gaussian_11x11,5990,5990,SoA_Naive,Kernel,10,20,static,,omp-avx2,,,hype5,g++,-O3 -Wall -Wextra -std=c++17 -fopenmp -ffp-contract=off -g -DOMP_EXPLICIT_SIMD=1 -march=haswell,1056.715761,c923a906c8989668,passed,0,0
layout-1-20-omp-avx2-20t,2026-09-24T13:32:03Z,6000x6000.png,Gaussian_11x11,5990,5990,SoA_Naive,SoA_to_AoS,10,20,static,,omp-avx2,,,hype5,g++,-O3 -Wall -Wextra -std=c++17 -fopenmp -ffp-contract=off -g -DOMP_EXPLICIT_SIMD=1 -march=haswell,5.494431,c923a906c8989668,passed,0,0
layout-1-20-omp-avx2-20t,2026-09-24T13:32:03Z,6000x6000.png,Gaussian_11x11,5990,5990,SoA_Naive,End_to_End,10,20,static,,omp-avx2,,,hype5,g++,-O3 -Wall -Wextra -std=c++17 -fopenmp -ffp-contract=off -g -DOMP_EXPLICIT_SIMD=1 -march=haswell,1068.073628,c923a906c8989668,passed,0,0
layout-1-20-omp-avx2-20t,2026-09-24T13:32:03Z,6000x6000.png,Gaussian_11x11,5990,5990,SoA_Separable,AoS_to_SoA,10,20,static,,omp-avx2,,,hype5,g++,-O3 -Wall -Wextra -std=c++17 -fopenmp -ffp-contract=off -g -DOMP_EXPLICIT_SIMD=1 -march=haswell,5.863436,acaa148feb45213a,passed,1,802
layout-1-20-omp-avx2-20t,2026-09-24T13:32:03Z,6000x6000.png,Gaussian_11x11,5990,5990,SoA_Separable,Horizontal_Passes,10,20,static,,omp-avx2,,,hype5,g++,-O3 -Wall -Wextra -std=c++17 -fopenmp -ffp-contract=off -g -DOMP_EXPLICIT_SIMD=1 -march=haswell,17.441270,acaa148feb45213a,passed,1,802
layout-1-20-omp-avx2-20t,2026-09-24T13:32:03Z,6000x6000.png,Gaussian_11x11,5990,5990,SoA_Separable,Vertical_Passes,10,20,static,,omp-avx2,,,hype5,g++,-O3 -Wall -Wextra -std=c++17 -fopenmp -ffp-contract=off -g -DOMP_EXPLICIT_SIMD=1 -march=haswell,15.868388,acaa148feb45213a,passed,1,802
layout-1-20-omp-avx2-20t,2026-09-24T13:32:03Z,6000x6000.png,Gaussian_11x11,5990,5990,SoA_Separable,Kernel,10,20,static,,omp-avx2,,,hype5,g++,-O3 -Wall -Wextra -std=c++17 -fopenmp -ffp-contract=off -g -DOMP_EXPLICIT_SIMD=1 -march=haswell,33.309658,acaa148feb45213a,passed,1,802
layout-1-20-omp-avx2-20t,2026-09-24T13:32:03Z,6000x6000.png,Gaussian_11x11,5990,5990,SoA_Separable,SoA_to_AoS,10,20,static,,omp-avx2,,,hype5,g++,-O3 -Wall -Wextra -std=c++17 -fopenmp -ffp-contract=off -g -DOMP_EXPLICIT_SIMD=1 -march=haswell,3.874245,acaa148feb45213a,passed,1,802
layout-1-20-omp-avx2-20t,2026-09-24T13:32:03Z,6000x6000.png,Gaussian_11x11,5990,5990,SoA_Separable,End_to_End,10,20,static,,omp-avx2,,,hype5,g++,-O3 -Wall -Wextra -std=c++17 -fopenmp -ffp-contract=off -g -DOMP_EXPLICIT_SIMD=1 -march=haswell,43.047339,acaa148feb45213a,passed,1,802
