11 [140405702886080] INFO perfrun.launcher <> - Launcher main begin
15 [140405702886080] INFO perfrun.launcher <> - MessageCatalogInit finished
15 [140405702886080] INFO perfrun.launcher <> - Launcher instance created
15 [140405702886080] INFO perfrun.launcher <> - argc = 7; cmdline = /home/intel/oneapi/vtune/2021.1.1/bin64/amplxe-runss --ui-output-format xml --ui-output-fd 5 --option-file /tmp/efsilva_vtune_823225/project/resultados_vtune/01_adaptive_dynamic4_hpc_smoke/config/runsa.options 
49 [140405702886080] INFO perfrun.launcher <> - plugin remoteplug has been added successfully
50 [140405702886080] INFO perfrun.launcher <> - plugin system has been added successfully
50 [140405702886080] INFO perfrun.launcher <> - plugin vdso has been added successfully
50 [140405702886080] INFO perfrun.launcher <> - plugin itt has been added successfully
50 [140405702886080] INFO perfrun.launcher <> - plugin ptracecollector has been added successfully
50 [140405702886080] INFO perfrun.launcher <> - plugin gpu has been added successfully
50 [140405702886080] INFO perfrun.launcher <> - plugin  has been added successfully
50 [140405702886080] INFO perfrun.launcher <> - plugin  has been added successfully
50 [140405702886080] INFO perfrun.launcher <> - plugin  has been added successfully
50 [140405702886080] INFO perfrun.launcher <> - plugin mrte has been added successfully
50 [140405702886080] INFO perfrun.launcher <> - plugin emon has been added successfully
50 [140405702886080] INFO perfrun.launcher <> - plugin cuscol has been added successfully
50 [140405702886080] INFO perfrun.launcher <> - plugin stdsrc has been added successfully
50 [140405702886080] INFO perfrun.launcher <> - plugin sep has been added successfully
50 [140405702886080] INFO perfrun.launcher <> - plugin vtsspp has been added successfully
50 [140405702886080] INFO perfrun.sdk <> - Reading value (-1) from file: /proc/sys/kernel/perf_event_paranoid
50 [140405702886080] INFO perfrun.perfcollector <> - checking access to: /home/intel/oneapi/vtune/2021.1.1/bin64/amplxe-perf-priv
54 [140405702886080] INFO perfrun.perfcollector <> - cpu: family = 6 model = 63
54 [140405702886080] INFO perfrun.perfcollector <> - dir found : /sys/bus/event_source/devices/software
54 [140405702886080] WARN perfrun.perfcollector <> - format subdir doesn't exist, at file: vcs/perfrun1/plugins/perfcollector/src/controller.cpp:725
54 [140405702886080] WARN perfrun.perfcollector <> - pmu hwInfo is not set, at file: vcs/perfrun1/plugins/perfcollector/src/controller.cpp:819
54 [140405702886080] INFO perfrun.perfcollector <> - pmu added : family : software , id : 0
54 [140405702886080] INFO perfrun.perfcollector <> - dir found : /sys/bus/event_source/devices/uncore_imc_5
54 [140405702886080] INFO perfrun.perfcollector <> - format: event config:0-7 mask:0-7
54 [140405702886080] INFO perfrun.perfcollector <> - format: edge config:18 mask:18
54 [140405702886080] INFO perfrun.perfcollector <> - format: inv config:23 mask:23
54 [140405702886080] INFO perfrun.perfcollector <> - format: umask config:8-15 mask:8-15
54 [140405702886080] INFO perfrun.perfcollector <> - format: thresh config:24-31 mask:24-31
54 [140405702886080] INFO perfrun.perfcollector <> - hwInfo : PERF_IMC_PMU_DETAILS
54 [140405702886080] INFO perfrun.perfcollector <> - pmu added : family : uncore_imc , id : 5
54 [140405702886080] INFO perfrun.perfcollector <> - dir found : /sys/bus/event_source/devices/uncore_sbox_2
54 [140405702886080] INFO perfrun.perfcollector <> - format: event config:0-7 mask:0-7
55 [140405702886080] INFO perfrun.perfcollector <> - format: edge config:18 mask:18
55 [140405702886080] INFO perfrun.perfcollector <> - format: inv config:23 mask:23
55 [140405702886080] INFO perfrun.perfcollector <> - format: umask config:8-15 mask:8-15
55 [140405702886080] INFO perfrun.perfcollector <> - format: tid_en config:19 mask:19
55 [140405702886080] INFO perfrun.perfcollector <> - format: thresh config:24-31 mask:24-31
55 [140405702886080] WARN perfrun.perfcollector <> - pmu hwInfo is not set, at file: vcs/perfrun1/plugins/perfcollector/src/controller.cpp:819
55 [140405702886080] INFO perfrun.perfcollector <> - pmu added : family : uncore_sbox , id : 2
55 [140405702886080] INFO perfrun.perfcollector <> - dir found : /sys/bus/event_source/devices/uncore_cbox_8
55 [140405702886080] INFO perfrun.perfcollector <> - format: event config:0-7 mask:0-7
55 [140405702886080] INFO perfrun.perfcollector <> - format: filter_link config1:6-8 mask:6-8
55 [140405702886080] INFO perfrun.perfcollector <> - format: filter_c6 config1:61 mask:61
55 [140405702886080] INFO perfrun.perfcollector <> - format: edge config:18 mask:18
55 [140405702886080] INFO perfrun.perfcollector <> - format: filter_isoc config1:63 mask:63
55 [140405702886080] INFO perfrun.perfcollector <> - format: filter_tid config1:0-5 mask:0-5
55 [140405702886080] INFO perfrun.perfcollector <> - format: filter_nid config1:32-47 mask:32-47
55 [140405702886080] INFO perfrun.perfcollector <> - format: filter_nc config1:62 mask:62
55 [140405702886080] INFO perfrun.perfcollector <> - format: umask config:8-15 mask:8-15
55 [140405702886080] INFO perfrun.perfcollector <> - format: tid_en config:19 mask:19
55 [140405702886080] INFO perfrun.perfcollector <> - format: thresh config:24-31 mask:24-31
55 [140405702886080] INFO perfrun.perfcollector <> - format: filter_state config1:17-23 mask:17-23
55 [140405702886080] INFO perfrun.perfcollector <> - format: filter_opc config1:52-60 mask:52-60
55 [140405702886080] WARN perfrun.perfcollector <> - pmu hwInfo is not set, at file: vcs/perfrun1/plugins/perfcollector/src/controller.cpp:819
55 [140405702886080] INFO perfrun.perfcollector <> - pmu added : family : uncore_cbox , id : 8
55 [140405702886080] INFO perfrun.perfcollector <> - dir found : /sys/bus/event_source/devices/uncore_r2pcie
55 [140405702886080] INFO perfrun.perfcollector <> - format: event config:0-7 mask:0-7
55 [140405702886080] INFO perfrun.perfcollector <> - format: edge config:18 mask:18
55 [140405702886080] INFO perfrun.perfcollector <> - format: inv config:23 mask:23
55 [140405702886080] INFO perfrun.perfcollector <> - format: umask config:8-15 mask:8-15
55 [140405702886080] INFO perfrun.perfcollector <> - format: thresh config:24-31 mask:24-31
56 [140405702886080] WARN perfrun.perfcollector <> - pmu hwInfo is not set, at file: vcs/perfrun1/plugins/perfcollector/src/controller.cpp:819
56 [140405702886080] INFO perfrun.perfcollector <> - pmu added : family : uncore_r2pcie , id : 0
56 [140405702886080] INFO perfrun.perfcollector <> - dir found : /sys/bus/event_source/devices/uncore_sbox_0
56 [140405702886080] INFO perfrun.perfcollector <> - format: event config:0-7 mask:0-7
56 [140405702886080] INFO perfrun.perfcollector <> - format: edge config:18 mask:18
56 [140405702886080] INFO perfrun.perfcollector <> - format: inv config:23 mask:23
56 [140405702886080] INFO perfrun.perfcollector <> - format: umask config:8-15 mask:8-15
56 [140405702886080] INFO perfrun.perfcollector <> - format: tid_en config:19 mask:19
56 [140405702886080] INFO perfrun.perfcollector <> - format: thresh config:24-31 mask:24-31
56 [140405702886080] WARN perfrun.perfcollector <> - pmu hwInfo is not set, at file: vcs/perfrun1/plugins/perfcollector/src/controller.cpp:819
56 [140405702886080] INFO perfrun.perfcollector <> - pmu added : family : uncore_sbox , id : 0
56 [140405702886080] INFO perfrun.perfcollector <> - dir found : /sys/bus/event_source/devices/uncore_cbox_6
56 [140405702886080] INFO perfrun.perfcollector <> - format: event config:0-7 mask:0-7
56 [140405702886080] INFO perfrun.perfcollector <> - format: filter_link config1:6-8 mask:6-8
56 [140405702886080] INFO perfrun.perfcollector <> - format: filter_c6 config1:61 mask:61
56 [140405702886080] INFO perfrun.perfcollector <> - format: edge config:18 mask:18
56 [140405702886080] INFO perfrun.perfcollector <> - format: filter_isoc config1:63 mask:63
56 [140405702886080] INFO perfrun.perfcollector <> - format: filter_tid config1:0-5 mask:0-5
56 [140405702886080] INFO perfrun.perfcollector <> - format: filter_nid config1:32-47 mask:32-47
56 [140405702886080] INFO perfrun.perfcollector <> - format: filter_nc config1:62 mask:62
56 [140405702886080] INFO perfrun.perfcollector <> - format: umask config:8-15 mask:8-15
56 [140405702886080] INFO perfrun.perfcollector <> - format: tid_en config:19 mask:19
56 [140405702886080] INFO perfrun.perfcollector <> - format: thresh config:24-31 mask:24-31
56 [140405702886080] INFO perfrun.perfcollector <> - format: filter_state config1:17-23 mask:17-23
56 [140405702886080] INFO perfrun.perfcollector <> - format: filter_opc config1:52-60 mask:52-60
56 [140405702886080] WARN perfrun.perfcollector <> - pmu hwInfo is not set, at file: vcs/perfrun1/plugins/perfcollector/src/controller.cpp:819
56 [140405702886080] INFO perfrun.perfcollector <> - pmu added : family : uncore_cbox , id : 6
56 [140405702886080] INFO perfrun.perfcollector <> - dir found : /sys/bus/event_source/devices/uncore_imc_1
56 [140405702886080] INFO perfrun.perfcollector <> - format: event config:0-7 mask:0-7
56 [140405702886080] INFO perfrun.perfcollector <> - format: edge config:18 mask:18
56 [140405702886080] INFO perfrun.perfcollector <> - format: inv config:23 mask:23
57 [140405702886080] INFO perfrun.perfcollector <> - format: umask config:8-15 mask:8-15
57 [140405702886080] INFO perfrun.perfcollector <> - format: thresh config:24-31 mask:24-31
57 [140405702886080] INFO perfrun.perfcollector <> - hwInfo : PERF_IMC_PMU_DETAILS
57 [140405702886080] INFO perfrun.perfcollector <> - pmu added : family : uncore_imc , id : 1
57 [140405702886080] INFO perfrun.perfcollector <> - dir found : /sys/bus/event_source/devices/power
57 [140405702886080] INFO perfrun.perfcollector <> - format: event config:0-7 mask:0-7
57 [140405702886080] WARN perfrun.perfcollector <> - pmu hwInfo is not set, at file: vcs/perfrun1/plugins/perfcollector/src/controller.cpp:819
57 [140405702886080] INFO perfrun.perfcollector <> - pmu added : family : power , id : 0
57 [140405702886080] INFO perfrun.perfcollector <> - dir found : /sys/bus/event_source/devices/uncore_cbox_4
57 [140405702886080] INFO perfrun.perfcollector <> - format: event config:0-7 mask:0-7
57 [140405702886080] INFO perfrun.perfcollector <> - format: filter_link config1:6-8 mask:6-8
57 [140405702886080] INFO perfrun.perfcollector <> - format: filter_c6 config1:61 mask:61
57 [140405702886080] INFO perfrun.perfcollector <> - format: edge config:18 mask:18
57 [140405702886080] INFO perfrun.perfcollector <> - format: filter_isoc config1:63 mask:63
57 [140405702886080] INFO perfrun.perfcollector <> - format: filter_tid config1:0-5 mask:0-5
57 [140405702886080] INFO perfrun.perfcollector <> - format: filter_nid config1:32-47 mask:32-47
57 [140405702886080] INFO perfrun.perfcollector <> - format: filter_nc config1:62 mask:62
57 [140405702886080] INFO perfrun.perfcollector <> - format: umask config:8-15 mask:8-15
57 [140405702886080] INFO perfrun.perfcollector <> - format: tid_en config:19 mask:19
57 [140405702886080] INFO perfrun.perfcollector <> - format: thresh config:24-31 mask:24-31
57 [140405702886080] INFO perfrun.perfcollector <> - format: filter_state config1:17-23 mask:17-23
57 [140405702886080] INFO perfrun.perfcollector <> - format: filter_opc config1:52-60 mask:52-60
57 [140405702886080] WARN perfrun.perfcollector <> - pmu hwInfo is not set, at file: vcs/perfrun1/plugins/perfcollector/src/controller.cpp:819
57 [140405702886080] INFO perfrun.perfcollector <> - pmu added : family : uncore_cbox , id : 4
57 [140405702886080] INFO perfrun.perfcollector <> - dir found : /sys/bus/event_source/devices/uprobe
57 [140405702886080] INFO perfrun.perfcollector <> - format: ref_ctr_offset config:32-63 mask:32-63
57 [140405702886080] INFO perfrun.perfcollector <> - format: retprobe config:0 mask:0
57 [140405702886080] WARN perfrun.perfcollector <> - pmu hwInfo is not set, at file: vcs/perfrun1/plugins/perfcollector/src/controller.cpp:819
57 [140405702886080] INFO perfrun.perfcollector <> - pmu added : family : uprobe , id : 0
57 [140405702886080] INFO perfrun.perfcollector <> - dir found : /sys/bus/event_source/devices/cpu
57 [140405702886080] INFO perfrun.perfcollector <> - format: event config:0-7 mask:0-7
57 [140405702886080] INFO perfrun.perfcollector <> - format: pc config:19 mask:19
57 [140405702886080] INFO perfrun.perfcollector <> - format: edge config:18 mask:18
57 [140405702886080] INFO perfrun.perfcollector <> - format: any config:21 mask:21
58 [140405702886080] INFO perfrun.perfcollector <> - format: offcore_rsp config1:0-63 mask:0-63
58 [140405702886080] INFO perfrun.perfcollector <> - format: ldlat config1:0-15 mask:0-15
58 [140405702886080] INFO perfrun.perfcollector <> - format: inv config:23 mask:23
58 [140405702886080] INFO perfrun.perfcollector <> - format: umask config:8-15 mask:8-15
58 [140405702886080] INFO perfrun.perfcollector <> - format: cmask config:24-31 mask:24-31
58 [140405702886080] INFO perfrun.perfcollector <> - hwInfo : PERF_CPU_PMU_DETAILS
58 [140405702886080] INFO perfrun.perfcollector <> - pmu added : family : cpu , id : 0
58 [140405702886080] INFO perfrun.perfcollector <> - dir found : /sys/bus/event_source/devices/uncore_r3qpi_0
58 [140405702886080] INFO perfrun.perfcollector <> - format: event config:0-7 mask:0-7
58 [140405702886080] INFO perfrun.perfcollector <> - format: edge config:18 mask:18
58 [140405702886080] INFO perfrun.perfcollector <> - format: inv config:23 mask:23
58 [140405702886080] INFO perfrun.perfcollector <> - format: umask config:8-15 mask:8-15
58 [140405702886080] INFO perfrun.perfcollector <> - format: thresh config:24-31 mask:24-31
58 [140405702886080] WARN perfrun.perfcollector <> - pmu hwInfo is not set, at file: vcs/perfrun1/plugins/perfcollector/src/controller.cpp:819
58 [140405702886080] INFO perfrun.perfcollector <> - pmu added : family : uncore_r3qpi , id : 0
58 [140405702886080] INFO perfrun.perfcollector <> - dir found : /sys/bus/event_source/devices/cstate_core
58 [140405702886080] INFO perfrun.perfcollector <> - format: event config:0-63 mask:0-63
58 [140405702886080] WARN perfrun.perfcollector <> - pmu hwInfo is not set, at file: vcs/perfrun1/plugins/perfcollector/src/controller.cpp:819
58 [140405702886080] INFO perfrun.perfcollector <> - pmu added : family : cstate_core , id : 0
58 [140405702886080] INFO perfrun.perfcollector <> - dir found : /sys/bus/event_source/devices/uncore_cbox_2
58 [140405702886080] INFO perfrun.perfcollector <> - format: event config:0-7 mask:0-7
58 [140405702886080] INFO perfrun.perfcollector <> - format: filter_link config1:6-8 mask:6-8
58 [140405702886080] INFO perfrun.perfcollector <> - format: filter_c6 config1:61 mask:61
58 [140405702886080] INFO perfrun.perfcollector <> - format: edge config:18 mask:18
58 [140405702886080] INFO perfrun.perfcollector <> - format: filter_isoc config1:63 mask:63
58 [140405702886080] INFO perfrun.perfcollector <> - format: filter_tid config1:0-5 mask:0-5
58 [140405702886080] INFO perfrun.perfcollector <> - format: filter_nid config1:32-47 mask:32-47
58 [140405702886080] INFO perfrun.perfcollector <> - format: filter_nc config1:62 mask:62
58 [140405702886080] INFO perfrun.perfcollector <> - format: umask config:8-15 mask:8-15
58 [140405702886080] INFO perfrun.perfcollector <> - format: tid_en config:19 mask:19
58 [140405702886080] INFO perfrun.perfcollector <> - format: thresh config:24-31 mask:24-31
58 [140405702886080] INFO perfrun.perfcollector <> - format: filter_state config1:17-23 mask:17-23
58 [140405702886080] INFO perfrun.perfcollector <> - format: filter_opc config1:52-60 mask:52-60
58 [140405702886080] WARN perfrun.perfcollector <> - pmu hwInfo is not set, at file: vcs/perfrun1/plugins/perfcollector/src/controller.cpp:819
58 [140405702886080] INFO perfrun.perfcollector <> - pmu added : family : uncore_cbox , id : 2
59 [140405702886080] INFO perfrun.perfcollector <> - dir found : /sys/bus/event_source/devices/breakpoint
59 [140405702886080] WARN perfrun.perfcollector <> - format subdir doesn't exist, at file: vcs/perfrun1/plugins/perfcollector/src/controller.cpp:725
59 [140405702886080] WARN perfrun.perfcollector <> - pmu hwInfo is not set, at file: vcs/perfrun1/plugins/perfcollector/src/controller.cpp:819
59 [140405702886080] INFO perfrun.perfcollector <> - pmu added : family : breakpoint , id : 0
59 [140405702886080] INFO perfrun.perfcollector <> - dir found : /sys/bus/event_source/devices/uncore_ha_0
59 [140405702886080] INFO perfrun.perfcollector <> - format: event config:0-7 mask:0-7
59 [140405702886080] INFO perfrun.perfcollector <> - format: edge config:18 mask:18
59 [140405702886080] INFO perfrun.perfcollector <> - format: inv config:23 mask:23
59 [140405702886080] INFO perfrun.perfcollector <> - format: umask config:8-15 mask:8-15
59 [140405702886080] INFO perfrun.perfcollector <> - format: thresh config:24-31 mask:24-31
59 [140405702886080] WARN perfrun.perfcollector <> - pmu hwInfo is not set, at file: vcs/perfrun1/plugins/perfcollector/src/controller.cpp:819
59 [140405702886080] INFO perfrun.perfcollector <> - pmu added : family : uncore_ha , id : 0
59 [140405702886080] INFO perfrun.perfcollector <> - dir found : /sys/bus/event_source/devices/uncore_cbox_0
59 [140405702886080] INFO perfrun.perfcollector <> - format: event config:0-7 mask:0-7
59 [140405702886080] INFO perfrun.perfcollector <> - format: filter_link config1:6-8 mask:6-8
59 [140405702886080] INFO perfrun.perfcollector <> - format: filter_c6 config1:61 mask:61
59 [140405702886080] INFO perfrun.perfcollector <> - format: edge config:18 mask:18
59 [140405702886080] INFO perfrun.perfcollector <> - format: filter_isoc config1:63 mask:63
59 [140405702886080] INFO perfrun.perfcollector <> - format: filter_tid config1:0-5 mask:0-5
59 [140405702886080] INFO perfrun.perfcollector <> - format: filter_nid config1:32-47 mask:32-47
59 [140405702886080] INFO perfrun.perfcollector <> - format: filter_nc config1:62 mask:62
59 [140405702886080] INFO perfrun.perfcollector <> - format: umask config:8-15 mask:8-15
59 [140405702886080] INFO perfrun.perfcollector <> - format: tid_en config:19 mask:19
59 [140405702886080] INFO perfrun.perfcollector <> - format: thresh config:24-31 mask:24-31
59 [140405702886080] INFO perfrun.perfcollector <> - format: filter_state config1:17-23 mask:17-23
59 [140405702886080] INFO perfrun.perfcollector <> - format: filter_opc config1:52-60 mask:52-60
59 [140405702886080] WARN perfrun.perfcollector <> - pmu hwInfo is not set, at file: vcs/perfrun1/plugins/perfcollector/src/controller.cpp:819
59 [140405702886080] INFO perfrun.perfcollector <> - pmu added : family : uncore_cbox , id : 0
59 [140405702886080] INFO perfrun.perfcollector <> - dir found : /sys/bus/event_source/devices/tracepoint
59 [140405702886080] WARN perfrun.perfcollector <> - format subdir doesn't exist, at file: vcs/perfrun1/plugins/perfcollector/src/controller.cpp:725
59 [140405702886080] WARN perfrun.perfcollector <> - pmu hwInfo is not set, at file: vcs/perfrun1/plugins/perfcollector/src/controller.cpp:819
59 [140405702886080] INFO perfrun.perfcollector <> - pmu added : family : tracepoint , id : 0
59 [140405702886080] INFO perfrun.perfcollector <> - dir found : /sys/bus/event_source/devices/uncore_sbox_3
59 [140405702886080] INFO perfrun.perfcollector <> - format: event config:0-7 mask:0-7
59 [140405702886080] INFO perfrun.perfcollector <> - format: edge config:18 mask:18
59 [140405702886080] INFO perfrun.perfcollector <> - format: inv config:23 mask:23
59 [140405702886080] INFO perfrun.perfcollector <> - format: umask config:8-15 mask:8-15
59 [140405702886080] INFO perfrun.perfcollector <> - format: tid_en config:19 mask:19
60 [140405702886080] INFO perfrun.perfcollector <> - format: thresh config:24-31 mask:24-31
60 [140405702886080] WARN perfrun.perfcollector <> - pmu hwInfo is not set, at file: vcs/perfrun1/plugins/perfcollector/src/controller.cpp:819
60 [140405702886080] INFO perfrun.perfcollector <> - pmu added : family : uncore_sbox , id : 3
60 [140405702886080] INFO perfrun.perfcollector <> - dir found : /sys/bus/event_source/devices/uncore_cbox_9
60 [140405702886080] INFO perfrun.perfcollector <> - format: event config:0-7 mask:0-7
60 [140405702886080] INFO perfrun.perfcollector <> - format: filter_link config1:6-8 mask:6-8
60 [140405702886080] INFO perfrun.perfcollector <> - format: filter_c6 config1:61 mask:61
60 [140405702886080] INFO perfrun.perfcollector <> - format: edge config:18 mask:18
60 [140405702886080] INFO perfrun.perfcollector <> - format: filter_isoc config1:63 mask:63
60 [140405702886080] INFO perfrun.perfcollector <> - format: filter_tid config1:0-5 mask:0-5
60 [140405702886080] INFO perfrun.perfcollector <> - format: filter_nid config1:32-47 mask:32-47
60 [140405702886080] INFO perfrun.perfcollector <> - format: filter_nc config1:62 mask:62
60 [140405702886080] INFO perfrun.perfcollector <> - format: umask config:8-15 mask:8-15
60 [140405702886080] INFO perfrun.perfcollector <> - format: tid_en config:19 mask:19
60 [140405702886080] INFO perfrun.perfcollector <> - format: thresh config:24-31 mask:24-31
60 [140405702886080] INFO perfrun.perfcollector <> - format: filter_state config1:17-23 mask:17-23
60 [140405702886080] INFO perfrun.perfcollector <> - format: filter_opc config1:52-60 mask:52-60
60 [140405702886080] WARN perfrun.perfcollector <> - pmu hwInfo is not set, at file: vcs/perfrun1/plugins/perfcollector/src/controller.cpp:819
60 [140405702886080] INFO perfrun.perfcollector <> - pmu added : family : uncore_cbox , id : 9
60 [140405702886080] INFO perfrun.perfcollector <> - dir found : /sys/bus/event_source/devices/cstate_pkg
60 [140405702886080] INFO perfrun.perfcollector <> - format: event config:0-63 mask:0-63
60 [140405702886080] WARN perfrun.perfcollector <> - pmu hwInfo is not set, at file: vcs/perfrun1/plugins/perfcollector/src/controller.cpp:819
60 [140405702886080] INFO perfrun.perfcollector <> - pmu added : family : cstate_pkg , id : 0
60 [140405702886080] INFO perfrun.perfcollector <> - dir found : /sys/bus/event_source/devices/uncore_imc_4
60 [140405702886080] INFO perfrun.perfcollector <> - format: event config:0-7 mask:0-7
60 [140405702886080] INFO perfrun.perfcollector <> - format: edge config:18 mask:18
60 [140405702886080] INFO perfrun.perfcollector <> - format: inv config:23 mask:23
60 [140405702886080] INFO perfrun.perfcollector <> - format: umask config:8-15 mask:8-15
60 [140405702886080] INFO perfrun.perfcollector <> - format: thresh config:24-31 mask:24-31
60 [140405702886080] INFO perfrun.perfcollector <> - hwInfo : PERF_IMC_PMU_DETAILS
60 [140405702886080] INFO perfrun.perfcollector <> - pmu added : family : uncore_imc , id : 4
60 [140405702886080] INFO perfrun.perfcollector <> - dir found : /sys/bus/event_source/devices/uncore_ubox
60 [140405702886080] INFO perfrun.perfcollector <> - format: event config:0-7 mask:0-7
61 [140405702886080] INFO perfrun.perfcollector <> - format: edge config:18 mask:18
61 [140405702886080] INFO perfrun.perfcollector <> - format: filter_tid config1:0 mask:0
61 [140405702886080] INFO perfrun.perfcollector <> - format: inv config:23 mask:23
61 [140405702886080] INFO perfrun.perfcollector <> - format: umask config:8-15 mask:8-15
61 [140405702886080] INFO perfrun.perfcollector <> - format: thresh config:24-28 mask:24-28
61 [140405702886080] INFO perfrun.perfcollector <> - format: filter_cid config1:5 mask:5
61 [140405702886080] WARN perfrun.perfcollector <> - pmu hwInfo is not set, at file: vcs/perfrun1/plugins/perfcollector/src/controller.cpp:819
61 [140405702886080] INFO perfrun.perfcollector <> - pmu added : family : uncore_ubox , id : 0
61 [140405702886080] INFO perfrun.perfcollector <> - dir found : /sys/bus/event_source/devices/uncore_sbox_1
61 [140405702886080] INFO perfrun.perfcollector <> - format: event config:0-7 mask:0-7
61 [140405702886080] INFO perfrun.perfcollector <> - format: edge config:18 mask:18
61 [140405702886080] INFO perfrun.perfcollector <> - format: inv config:23 mask:23
61 [140405702886080] INFO perfrun.perfcollector <> - format: umask config:8-15 mask:8-15
61 [140405702886080] INFO perfrun.perfcollector <> - format: tid_en config:19 mask:19
61 [140405702886080] INFO perfrun.perfcollector <> - format: thresh config:24-31 mask:24-31
61 [140405702886080] WARN perfrun.perfcollector <> - pmu hwInfo is not set, at file: vcs/perfrun1/plugins/perfcollector/src/controller.cpp:819
61 [140405702886080] INFO perfrun.perfcollector <> - pmu added : family : uncore_sbox , id : 1
61 [140405702886080] INFO perfrun.perfcollector <> - dir found : /sys/bus/event_source/devices/uncore_cbox_7
61 [140405702886080] INFO perfrun.perfcollector <> - format: event config:0-7 mask:0-7
61 [140405702886080] INFO perfrun.perfcollector <> - format: filter_link config1:6-8 mask:6-8
61 [140405702886080] INFO perfrun.perfcollector <> - format: filter_c6 config1:61 mask:61
61 [140405702886080] INFO perfrun.perfcollector <> - format: edge config:18 mask:18
61 [140405702886080] INFO perfrun.perfcollector <> - format: filter_isoc config1:63 mask:63
61 [140405702886080] INFO perfrun.perfcollector <> - format: filter_tid config1:0-5 mask:0-5
61 [140405702886080] INFO perfrun.perfcollector <> - format: filter_nid config1:32-47 mask:32-47
61 [140405702886080] INFO perfrun.perfcollector <> - format: filter_nc config1:62 mask:62
61 [140405702886080] INFO perfrun.perfcollector <> - format: umask config:8-15 mask:8-15
61 [140405702886080] INFO perfrun.perfcollector <> - format: tid_en config:19 mask:19
61 [140405702886080] INFO perfrun.perfcollector <> - format: thresh config:24-31 mask:24-31
61 [140405702886080] INFO perfrun.perfcollector <> - format: filter_state config1:17-23 mask:17-23
61 [140405702886080] INFO perfrun.perfcollector <> - format: filter_opc config1:52-60 mask:52-60
61 [140405702886080] WARN perfrun.perfcollector <> - pmu hwInfo is not set, at file: vcs/perfrun1/plugins/perfcollector/src/controller.cpp:819
61 [140405702886080] INFO perfrun.perfcollector <> - pmu added : family : uncore_cbox , id : 7
61 [140405702886080] INFO perfrun.perfcollector <> - dir found : /sys/bus/event_source/devices/kprobe
62 [140405702886080] INFO perfrun.perfcollector <> - format: retprobe config:0 mask:0
62 [140405702886080] WARN perfrun.perfcollector <> - pmu hwInfo is not set, at file: vcs/perfrun1/plugins/perfcollector/src/controller.cpp:819
62 [140405702886080] INFO perfrun.perfcollector <> - pmu added : family : kprobe , id : 0
62 [140405702886080] INFO perfrun.perfcollector <> - dir found : /sys/bus/event_source/devices/uncore_cbox_5
62 [140405702886080] INFO perfrun.perfcollector <> - format: event config:0-7 mask:0-7
62 [140405702886080] INFO perfrun.perfcollector <> - format: filter_link config1:6-8 mask:6-8
62 [140405702886080] INFO perfrun.perfcollector <> - format: filter_c6 config1:61 mask:61
62 [140405702886080] INFO perfrun.perfcollector <> - format: edge config:18 mask:18
62 [140405702886080] INFO perfrun.perfcollector <> - format: filter_isoc config1:63 mask:63
62 [140405702886080] INFO perfrun.perfcollector <> - format: filter_tid config1:0-5 mask:0-5
62 [140405702886080] INFO perfrun.perfcollector <> - format: filter_nid config1:32-47 mask:32-47
62 [140405702886080] INFO perfrun.perfcollector <> - format: filter_nc config1:62 mask:62
62 [140405702886080] INFO perfrun.perfcollector <> - format: umask config:8-15 mask:8-15
62 [140405702886080] INFO perfrun.perfcollector <> - format: tid_en config:19 mask:19
62 [140405702886080] INFO perfrun.perfcollector <> - format: thresh config:24-31 mask:24-31
62 [140405702886080] INFO perfrun.perfcollector <> - format: filter_state config1:17-23 mask:17-23
62 [140405702886080] INFO perfrun.perfcollector <> - format: filter_opc config1:52-60 mask:52-60
62 [140405702886080] WARN perfrun.perfcollector <> - pmu hwInfo is not set, at file: vcs/perfrun1/plugins/perfcollector/src/controller.cpp:819
62 [140405702886080] INFO perfrun.perfcollector <> - pmu added : family : uncore_cbox , id : 5
62 [140405702886080] INFO perfrun.perfcollector <> - dir found : /sys/bus/event_source/devices/uncore_imc_0
62 [140405702886080] INFO perfrun.perfcollector <> - format: event config:0-7 mask:0-7
62 [140405702886080] INFO perfrun.perfcollector <> - format: edge config:18 mask:18
62 [140405702886080] INFO perfrun.perfcollector <> - format: inv config:23 mask:23
62 [140405702886080] INFO perfrun.perfcollector <> - format: umask config:8-15 mask:8-15
62 [140405702886080] INFO perfrun.perfcollector <> - format: thresh config:24-31 mask:24-31
62 [140405702886080] INFO perfrun.perfcollector <> - hwInfo : PERF_IMC_PMU_DETAILS
62 [140405702886080] INFO perfrun.perfcollector <> - pmu added : family : uncore_imc , id : 0
62 [140405702886080] INFO perfrun.perfcollector <> - dir found : /sys/bus/event_source/devices/uncore_pcu
62 [140405702886080] INFO perfrun.perfcollector <> - format: filter_band2 config1:16-23 mask:16-23
62 [140405702886080] INFO perfrun.perfcollector <> - format: event config:0-7 mask:0-7
62 [140405702886080] INFO perfrun.perfcollector <> - format: filter_band0 config1:0-7 mask:0-7
62 [140405702886080] INFO perfrun.perfcollector <> - format: edge config:18 mask:18
62 [140405702886080] INFO perfrun.perfcollector <> - format: occ_invert config:30 mask:30
63 [140405702886080] INFO perfrun.perfcollector <> - format: occ_edge config:14-51 mask:14-51
63 [140405702886080] INFO perfrun.perfcollector <> - format: filter_band3 config1:24-31 mask:24-31
63 [140405702886080] INFO perfrun.perfcollector <> - format: filter_band1 config1:8-15 mask:8-15
63 [140405702886080] INFO perfrun.perfcollector <> - format: inv config:23 mask:23
63 [140405702886080] INFO perfrun.perfcollector <> - format: thresh config:24-28 mask:24-28
63 [140405702886080] INFO perfrun.perfcollector <> - format: occ_sel config:14-15 mask:14-15
63 [140405702886080] WARN perfrun.perfcollector <> - pmu hwInfo is not set, at file: vcs/perfrun1/plugins/perfcollector/src/controller.cpp:819
63 [140405702886080] INFO perfrun.perfcollector <> - pmu added : family : uncore_pcu , id : 0
63 [140405702886080] INFO perfrun.perfcollector <> - dir found : /sys/bus/event_source/devices/uncore_r3qpi_1
63 [140405702886080] INFO perfrun.perfcollector <> - format: event config:0-7 mask:0-7
63 [140405702886080] INFO perfrun.perfcollector <> - format: edge config:18 mask:18
63 [140405702886080] INFO perfrun.perfcollector <> - format: inv config:23 mask:23
63 [140405702886080] INFO perfrun.perfcollector <> - format: umask config:8-15 mask:8-15
63 [140405702886080] INFO perfrun.perfcollector <> - format: thresh config:24-31 mask:24-31
63 [140405702886080] WARN perfrun.perfcollector <> - pmu hwInfo is not set, at file: vcs/perfrun1/plugins/perfcollector/src/controller.cpp:819
63 [140405702886080] INFO perfrun.perfcollector <> - pmu added : family : uncore_r3qpi , id : 1
63 [140405702886080] INFO perfrun.perfcollector <> - dir found : /sys/bus/event_source/devices/msr
63 [140405702886080] INFO perfrun.perfcollector <> - format: event config:0-63 mask:0-63
63 [140405702886080] WARN perfrun.perfcollector <> - pmu hwInfo is not set, at file: vcs/perfrun1/plugins/perfcollector/src/controller.cpp:819
63 [140405702886080] INFO perfrun.perfcollector <> - pmu added : family : msr , id : 0
63 [140405702886080] INFO perfrun.perfcollector <> - dir found : /sys/bus/event_source/devices/uncore_cbox_3
63 [140405702886080] INFO perfrun.perfcollector <> - format: event config:0-7 mask:0-7
63 [140405702886080] INFO perfrun.perfcollector <> - format: filter_link config1:6-8 mask:6-8
63 [140405702886080] INFO perfrun.perfcollector <> - format: filter_c6 config1:61 mask:61
63 [140405702886080] INFO perfrun.perfcollector <> - format: edge config:18 mask:18
63 [140405702886080] INFO perfrun.perfcollector <> - format: filter_isoc config1:63 mask:63
63 [140405702886080] INFO perfrun.perfcollector <> - format: filter_tid config1:0-5 mask:0-5
63 [140405702886080] INFO perfrun.perfcollector <> - format: filter_nid config1:32-47 mask:32-47
63 [140405702886080] INFO perfrun.perfcollector <> - format: filter_nc config1:62 mask:62
63 [140405702886080] INFO perfrun.perfcollector <> - format: umask config:8-15 mask:8-15
63 [140405702886080] INFO perfrun.perfcollector <> - format: tid_en config:19 mask:19
63 [140405702886080] INFO perfrun.perfcollector <> - format: thresh config:24-31 mask:24-31
63 [140405702886080] INFO perfrun.perfcollector <> - format: filter_state config1:17-23 mask:17-23
63 [140405702886080] INFO perfrun.perfcollector <> - format: filter_opc config1:52-60 mask:52-60
63 [140405702886080] WARN perfrun.perfcollector <> - pmu hwInfo is not set, at file: vcs/perfrun1/plugins/perfcollector/src/controller.cpp:819
64 [140405702886080] INFO perfrun.perfcollector <> - pmu added : family : uncore_cbox , id : 3
64 [140405702886080] INFO perfrun.perfcollector <> - dir found : /sys/bus/event_source/devices/uncore_ha_1
64 [140405702886080] INFO perfrun.perfcollector <> - format: event config:0-7 mask:0-7
64 [140405702886080] INFO perfrun.perfcollector <> - format: edge config:18 mask:18
64 [140405702886080] INFO perfrun.perfcollector <> - format: inv config:23 mask:23
64 [140405702886080] INFO perfrun.perfcollector <> - format: umask config:8-15 mask:8-15
64 [140405702886080] INFO perfrun.perfcollector <> - format: thresh config:24-31 mask:24-31
64 [140405702886080] WARN perfrun.perfcollector <> - pmu hwInfo is not set, at file: vcs/perfrun1/plugins/perfcollector/src/controller.cpp:819
64 [140405702886080] INFO perfrun.perfcollector <> - pmu added : family : uncore_ha , id : 1
64 [140405702886080] INFO perfrun.perfcollector <> - dir found : /sys/bus/event_source/devices/uncore_cbox_1
64 [140405702886080] INFO perfrun.perfcollector <> - format: event config:0-7 mask:0-7
64 [140405702886080] INFO perfrun.perfcollector <> - format: filter_link config1:6-8 mask:6-8
64 [140405702886080] INFO perfrun.perfcollector <> - format: filter_c6 config1:61 mask:61
64 [140405702886080] INFO perfrun.perfcollector <> - format: edge config:18 mask:18
64 [140405702886080] INFO perfrun.perfcollector <> - format: filter_isoc config1:63 mask:63
64 [140405702886080] INFO perfrun.perfcollector <> - format: filter_tid config1:0-5 mask:0-5
64 [140405702886080] INFO perfrun.perfcollector <> - format: filter_nid config1:32-47 mask:32-47
64 [140405702886080] INFO perfrun.perfcollector <> - format: filter_nc config1:62 mask:62
64 [140405702886080] INFO perfrun.perfcollector <> - format: umask config:8-15 mask:8-15
64 [140405702886080] INFO perfrun.perfcollector <> - format: tid_en config:19 mask:19
64 [140405702886080] INFO perfrun.perfcollector <> - format: thresh config:24-31 mask:24-31
64 [140405702886080] INFO perfrun.perfcollector <> - format: filter_state config1:17-23 mask:17-23
64 [140405702886080] INFO perfrun.perfcollector <> - format: filter_opc config1:52-60 mask:52-60
64 [140405702886080] WARN perfrun.perfcollector <> - pmu hwInfo is not set, at file: vcs/perfrun1/plugins/perfcollector/src/controller.cpp:819
64 [140405702886080] INFO perfrun.perfcollector <> - pmu added : family : uncore_cbox , id : 1
64 [140405702886080] INFO perfrun.launcher <> - plugin perf has been added successfully
64 [140405702886080] INFO perfrun.launcher <> - plugin aoclprofile has been added successfully
64 [140405702886080] INFO perfrun.launcher <> - plugin tpss has been added successfully
64 [140405702886080] INFO perfrun.launcher <> - plugin exprof has been added successfully
65 [140405702886080] INFO perfrun.launcher <> - plugin media has been added successfully
65 [140405702886080] INFO perfrun.launcher <> - plugin ice has been added successfully
65 [140405702886080] INFO perfrun.launcher <> - plugin  has been added successfully
65 [140405702886080] INFO perfrun.launcher <> - plugin  has been added successfully
65 [140405702886080] INFO perfrun.launcher <> - plugin parallelfs has been added successfully
65 [140405702886080] INFO perfrun.launcher <> - plugin power has been added successfully
65 [140405702886080] INFO perfrun.launcher <> - plugin hwloc has been added successfully
65 [140405702886080] INFO perfrun.launcher <> - plugin ipmwatch has been added successfully
65 [140405702886080] INFO perfrun.launcher <> - plugin os_counters has been added successfully
65 [140405702886080] INFO perfrun.launcher <> - the option was added --interval: Specify an interval of data collection (for example, sampling) in milliseconds.
65 [140405702886080] INFO perfrun.launcher <> - the option was added --follow-child: Profile process with or without children.
65 [140405702886080] INFO perfrun.launcher <> - the option was added --gelding: BADMSG: perfrun1.launcher.plugin_manager::gelding
65 [140405702886080] INFO perfrun.launcher <> - the option was added --time-source: Specify time source for measurement. Possible values: sys - wall clock time; tsc - time stamp counter; ext - time from an external source; auto - auto select accurate time source.
65 [140405702886080] INFO perfrun.launcher <> - the option was added --stack: Enable or disable collection of stacks.
65 [140405702886080] INFO perfrun.launcher <> - the option was added --stack-stitching: Enable or disable the stack stitching algorithm for Intel TBB-based applications.
65 [140405702886080] INFO perfrun.launcher <> - the option was added --type: Specify type of data to be collected. For example, --type cpu:counters,waiting:nostack,io.
65 [140405702886080] INFO perfrun.launcher <> - the option was added --mrte-mode: Specify Java/.NET/other managed runtime collection mode. Possible values: native - collect information only for native code; managed - collect information only for managed code; mixed - collect information for both managed and native code; auto - choose the mode based on binary type.
65 [140405702886080] INFO perfrun.launcher <> - the option was added --mrte-mode-list: List supported Java/.NET/other managed runtime collection modes.
66 [140405702886080] INFO perfrun.launcher <> - the option was added --mrte-type: Specify which managed runtimes to collect. Possible values: java - collect information for Java; dotnet - collect information for .NET; python - collect information for CPython. You can specify several values separated by comma.
66 [140405702886080] INFO perfrun.launcher <> - the option was added --mrte-type-list: List supported Java/.NET/other managed runtime types.
66 [140405702886080] INFO perfrun.launcher <> - the option was added --trace-strategy: Specify how to profile a process tree. <string> can be "<process>:trace:notrace" - profile the process but do not profile its children. Shorthand parameters: t - trace, nt - notrace. For example, "vtunedemo.exe:t:t".
66 [140405702886080] INFO perfrun.launcher <> - the option was added --collector: BADMSG: perfrun1.launcher.plugin_manager::collector
66 [140405702886080] INFO perfrun.launcher <> - the option was added --system-wide: Enable system-wide profiling. This mode may require additional permissions.
66 [140405702886080] INFO perfrun.launcher <> - the option was added --kvm-guest: Enable KVM guest OS profiling.
66 [140405702886080] INFO perfrun.launcher <> - the option was added --kvm-guest-kallsyms: Specify a local path to the /proc/kallsyms file copied from the guest OS for proper symbol resolution.
66 [140405702886080] INFO perfrun.launcher <> - the option was added --kvm-guest-modules: Specify a local path to the /proc/modules file copied from the guest OS for proper symbol resolution.
66 [140405702886080] INFO perfrun.launcher <> - the option was added --bandwidth-limits: Measure bandwidth limits
66 [140405702886080] INFO perfrun.launcher <> - the option was added --acrn-map-info: Collect map info for ACRN
66 [140405702886080] INFO perfrun.launcher <> - the option was added --bandwidth-strategy: Bandwidth limits determination specific properties (example: --bandwidth-strategy array-size=0,duration=500).
66 [140405702886080] INFO perfrun.launcher <> - the option was added --bandwidth-config: List of benchmarks to run.
66 [140405702886080] INFO perfrun.launcher <> - the option was added --target-gpu: target-gpu
66 [140405702886080] INFO perfrun.launcher <> - the option was added --dump-vdso: Dump [vdso] to result directory
66 [140405702886080] INFO perfrun.launcher <> - the option was added --system-collector-config: Specify subcollectors. Possible values: all, container, device-info, none. Specify subcollectors. Possible values: all, vdso.
66 [140405702886080] INFO perfrun.launcher <> - the option was added --itt-config: Specify a sub-set of ITT API to collect.
66 [140405702886080] INFO perfrun.launcher <> - the option was added --itt-debug: Set pseudo-breakpoint at ITT API collector's start to enable the debugger to attach early.
66 [140405702886080] INFO perfrun.launcher <> - the option was added --ptrace: Ptrace collector.
67 [140405702886080] INFO perfrun.launcher <> - the option was added --target-pid: BADMSG: perfrun1.ptracecollector::target-pid
67 [140405702886080] INFO perfrun.launcher <> - the option was added --ptrace-server-pid: BADMSG: perfrun1.ptracecollector::ptrace-server-pid
67 [140405702886080] INFO perfrun.launcher <> - the option was added --ptrace-trace: BADMSG: perfrun1.ptracecollector::ptrace-trace
67 [140405702886080] INFO perfrun.launcher <> - the option was added --ptrace-time-source: BADMSG: perfrun1.ptracecollector::ptrace-time-source
67 [140405702886080] INFO perfrun.launcher <> - the option was added --ptrace-start-type: BADMSG: perfrun1.ptracecollector::ptrace-start-type
67 [140405702886080] INFO perfrun.launcher <> - the option was added --gpu-config: Specify types of GPU data to be collected. Possible values: preset1, preset2.
67 [140405702886080] INFO perfrun.launcher <> - the option was added --gpu-debug: Enable self-testing of the GPGPU profiling collector.
67 [140405702886080] INFO perfrun.launcher <> - the option was added --gpu-counting: Collect GPU data in the counting mode.
67 [140405702886080] INFO perfrun.launcher <> - the option was added --emon-preset: Specify a preset for EMON collector. For available presets, run: emon -preset-list.
67 [140405702886080] INFO perfrun.launcher <> - the option was added --emon-csv-trace-format: Use CSV format for EMON trace file.
67 [140405702886080] INFO perfrun.launcher <> - the option was added --emon-machine-readable-ver: Write machine readable EMON version file.
67 [140405702886080] INFO perfrun.launcher <> - the option was added --custom-collector: Allows to provide arbitrary command line to be run on collection steps.
67 [140405702886080] INFO perfrun.launcher <> - the option was added --stdsrc-config: Specify Standard Sources category tag(s).
67 [140405702886080] INFO perfrun.launcher <> - the option was added --ftrace-config-list: List Linux Ftrace category tag(s).
67 [140405702886080] INFO perfrun.launcher <> - the option was added --ftrace-config: Specify Linux Ftrace category tag(s).
67 [140405702886080] INFO perfrun.launcher <> - the option was added --ftrace-function-groups: Enable tracing of specific groups of functions.
67 [140405702886080] INFO perfrun.launcher <> - the option was added --event-info: BADMSG: perfrun1.stdsrc::event-info
67 [140405702886080] INFO perfrun.launcher <> - the option was added --cpu-list: List supported CPUs.
67 [140405702886080] INFO perfrun.launcher <> - the option was added --target-list: List available targets for performing sampling collection.
67 [140405702886080] INFO perfrun.launcher <> - the option was added --event-value-list: Display event information.
67 [140405702886080] INFO perfrun.launcher <> - the option was added --platform-value-list: Display details of supported platforms.
67 [140405702886080] INFO perfrun.launcher <> - the option was added --uncore-event-list: List uncore events for which a sampling data collection can be performed on this platform.
67 [140405702886080] INFO perfrun.launcher <> - the option was added --modifier-list: Specify the event name <string> for which the modifiers list is requested.
68 [140405702886080] INFO perfrun.launcher <> - the option was added --pmu-list: List supported PMUs.
68 [140405702886080] INFO perfrun.launcher <> - the option was added --os-mode-only: Enable sampling data collection for OS-mode processes only.
68 [140405702886080] INFO perfrun.launcher <> - the option was added --user-mode-only: Enable sampling data collection for user-mode processes only.
68 [140405702886080] INFO perfrun.launcher <> - the option was added --event-config: Perform data collection for the events with <string> configured using the format <event name1>":modifier1=val:modifier2=val/constraint1={:modifier3=val:modifier4=val}...,"<event name2>":... Specify the events(s) to monitor and embed the event names within double quotes("). [:modifier=val] specifies individual event modifiers along with the respective values for a given platform. Note that the modifiers can be generic to an event as well as specific to a constraint (or an event qualifier). The constraint specific special modifiers appear after [/constraint=]. The modifiers can be in decimal or hexadecimal format. Only specific modifiers accept the value as a string. Each event specification is delimited by a comma (,). For a list of supported modifiers and constraints, refer to the documentation.
68 [140405702886080] INFO perfrun.launcher <> - the option was added --chipset-event-config: Perform data collection for the chipset events with <string> configured using the format "<event name1>"...,"<event name2>":... Specify the events(s) to monitor and embed the event names within double quotes(").
68 [140405702886080] INFO perfrun.launcher <> - the option was added --uncore-event-config: Perform uncore data collection in ebc count mode for the events with <string> configured using the format "<event name1>"...,"<event name2>":... Specify the events(s) to monitor and embed the event names within double quotes(").
68 [140405702886080] INFO perfrun.launcher <> - the option was added --count-emon: Enable counting mode and output the data in EMON format.
68 [140405702886080] INFO perfrun.launcher <> - the option was added --event-based-counts: Enable event-based counting mode. During sampling data collection, event counts data is collected for the list of events specified in -event-config option.
68 [140405702886080] INFO perfrun.launcher <> - the option was added --event-mux-tfactor: Specify the event multiplexing tfactor as <integer> to set the length of the interval between interrupts. The larger the tfactor value, the larger the period between interrupts. Currently this option is only available on Intel platforms codenamed Knights Corner.
68 [140405702886080] INFO perfrun.launcher <> - the option was added --full-pebs-capture: Capture full pebs information.
68 [140405702886080] INFO perfrun.launcher <> - the option was added --last-branch-records: Capture Last Branch Records information.
68 [140405702886080] INFO perfrun.launcher <> - the option was added --pmu-type: Specify the targeted PMU name as <string>.
68 [140405702886080] INFO perfrun.launcher <> - the option was added --platform-type: Specify the targeted platform number as <number>.
68 [140405702886080] INFO perfrun.launcher <> - the option was added --p-state-trigger: Specify the name of the trigger event for P-state data as <string>. The default trigger is CPU_CLK_UNHALTED.REF_TSC.
68 [140405702886080] INFO perfrun.launcher <> - the option was added --rdt-auto-rmid: Enable automatic Core pinning on RMIDs for RDT monitoring capabilities.
68 [140405702886080] INFO perfrun.launcher <> - the option was added --bts-count: Specify the <integer> number of BTS records collected after each sample or context switch (VTSS++ only).
68 [140405702886080] INFO perfrun.launcher <> - the option was added --cpu-mask: Specify which CPU(s) <string> to collect data on. For example, specify "2-8,10,12-14" to sample only CPUs 2 through 8, 10, and 12 through 14.
68 [140405702886080] INFO perfrun.launcher <> - the option was added --event-mux-alg: Specify the event multiplexing algorithm. Possible values: sequence, timer, trigger.
68 [140405702886080] INFO perfrun.launcher <> - the option was added --event-mux-timeslice: Specify the event multiplexing time slice value as <integer>. The time slice specifies the duration between cycles for each event multiplexing group. The default value is 50 milliseconds. This option is valid only for timer-based event multiplexing. Specify the event multiplexing time slice value as <integer>. The time slice specifies the duration between cycles for each event multiplexing group. The default value is 1 millisecond. This option is valid only for timer-based event multiplexing.
68 [140405702886080] INFO perfrun.launcher <> - the option was added --event-mux-factor: Specify the event multiplexing factor as <integer>. It controls the switching of event multiplexing groups. The default factor is 50. This option is valid only for trigger-based event multiplexing. Specify the event multiplexing factor as <integer>. It controls the switching of event multiplexing groups. The default factor is 1. This option is valid only for trigger-based event multiplexing.
68 [140405702886080] INFO perfrun.launcher <> - the option was added --event-mux-trigger: Specify the name of the trigger event for event multiplexing as <string>. This option is valid only for trigger-based event multiplexing. The default trigger is CPU_CLK_UNHALTED.CORE (or CPU_CLK_UNHALTED.THREAD). BADMSG: perfrun1.vtsspp::event-mux-trigger
68 [140405702886080] INFO perfrun.launcher <> - the option was added --pt-mode: BADMSG: perfrun1.vtsspp::pt-mode
68 [140405702886080] INFO perfrun.launcher <> - the option was added --sample-after-multiplier: Specify the sample after multiplier as <double>. This multiplier modifies the sample after value for all the events specified in -event-config option. The values can range from 0.1 to 100.0. SAV multiplier value
68 [140405702886080] INFO perfrun.launcher <> - the option was added --uncore-sampling-interval: Specify the uncore sampling interval as <integer>. This value set the uncore sampling interval for all the uncore events specified in -event-config option.
68 [140405702886080] INFO perfrun.launcher <> - the option was added --count: Enable counting mode. Enable counting mode
69 [140405702886080] INFO perfrun.launcher <> - the option was added --trace-mpi: Configure collector to trace MPI code.
69 [140405702886080] INFO perfrun.launcher <> - the option was added --aggregated-counting: Enable aggregated counting mode. Enable aggregated-counting mode
69 [140405702886080] INFO perfrun.launcher <> - the option was added --perf-per-cpu: System-wide collection from all CPUs
69 [140405702886080] INFO perfrun.launcher <> - the option was added --raw-perf-config: Specify a verified configuration for the Perf collector in the format: <describer>,<content>. For example: map-events-file,<path_to_map_events_file>.
69 [140405702886080] INFO perfrun.launcher <> - the option was added --sys-config: BADMSG: perfrun1.vtsspp::sys-config Specify types of system data to be collected. Supported value: cswitch - collect context switch information.
69 [140405702886080] INFO perfrun.launcher <> - the option was added --perf-event-config: Specify events for Perf collector in Perf format. For example: perf-event-config=cpu-clock.
69 [140405702886080] INFO perfrun.launcher <> - the option was added --perf-aio: Number of control blocks in asynchronous trace writing mode.
69 [140405702886080] INFO perfrun.launcher <> - the option was added --perf-compression: Specify compression of Perf collector output data. Possible levels: 0 - without compression, 1..3 - best speed, 4..22 - best compression that incurs big overhead.
69 [140405702886080] INFO perfrun.launcher <> - the option was added --perf-mmap-flush: Minimum data size read from the kernel mapped region.
69 [140405702886080] INFO perfrun.launcher <> - the option was added --perf-affinity: Adjust an affinity mask of the Perf thread to a node with an allocated memory trace buffer.
69 [140405702886080] INFO perfrun.launcher <> - the option was added --perf-threads: Setup threading mode for trace writing.
69 [140405702886080] INFO perfrun.launcher <> - the option was added --generate-platform-cmd: Get perf command line for an arbitrary target.
69 [140405702886080] INFO perfrun.launcher <> - the option was added --aocl-profile: Enable profiling and data collection through AOCL profiling tool.
69 [140405702886080] INFO perfrun.launcher <> - the option was added --aocl-source-file: Path to .source file. Find this in the compilation output directory of the FPGA application. Use this option to help attribute performance statistics to the source lines. If unspecified, AOCL profiler will attempt to locate the file in the current directory.
69 [140405702886080] INFO perfrun.launcher <> - the option was added --aocl-binary-aocx-file: Path to .aocx file (OpenCL flow) or host binary (DPC++ flow). If you do not provide this path: 1) For OpenCL flow, AOCL Profiler attempts to locate the file in the working directory. 2) For DPC++ flow, the collector assumes that host binary is used as an application to launch.
69 [140405702886080] INFO perfrun.launcher <> - the option was added --aocl-period: Specifies the number of cycles between readbacks from the device. The default value is 0 and indicates that the profiler should read back data as often as possible.
69 [140405702886080] INFO perfrun.launcher <> - the option was added --aocl-no-temporal: Disables readback during execution and only reads back non-autorun kernels once they finish executing.
69 [140405702886080] INFO perfrun.launcher <> - the option was added --aocl-no-mem-transfers: Disables the recording of memory transfer information.
69 [140405702886080] INFO perfrun.launcher <> - the option was added --stackwalk: Specify stack unwinding method. Possible values: online - unwind stacks during collection; offline - unwind stacks after collection is finished. Specify stack unwinding method. Possible value: lbr - unwind stacks during collection. Specify stack unwinding method. Possible values: online - unwind stacks during collection; offline - unwind stacks after collection is finished; lbr - enable LBR-based call stack collection. Specify stack unwinding method. Possible values: online - unwind stacks during collection; offline - unwind stacks after collection is finished. Specify stack unwinding method. Possible values: online - unwind stacks during collection; offline - unwind stacks after collection is finished.
69 [140405702886080] INFO perfrun.launcher <> - the option was added --filter-include: Filter data during collection. Possible values: contended=<on|off> - filter out uncontended events; contended_nostack=<time> - filter out stacks for contended events that take less than <time> microseconds; wait=<time> - ignore transitions and blocks with wait time less than <time> microseconds; wait_nostack=<time> - filter out stacks for waits that take less than <time> microseconds.
69 [140405702886080] INFO perfrun.launcher <> - the option was added --debug-pin: Debug PIN tool and runtime.
69 [140405702886080] INFO perfrun.launcher <> - the option was added --debug-exception: Disallow the application to set own abnormal termination handler.
70 [140405702886080] INFO perfrun.launcher <> - the option was added --trace-type: Specify the trace file granularity. Possible values: per-thread - per-thread trace file generation; per-process - per-process trace file generation.
70 [140405702886080] INFO perfrun.launcher <> - the option was added --instrumentation-type: Specify type of instrumentation.
70 [140405702886080] INFO perfrun.launcher <> - the option was added --altstack: Enable or disable usage of altstacks for profiling signal handlers.
70 [140405702886080] INFO perfrun.launcher <> - the option was added --profiling-signal: BADMSG: perfrun1.ptracecollector::profiling-signal Alternate profiling signal.
70 [140405702886080] INFO perfrun.launcher <> - the option was added --memory-strategy: Specify a minimal memory object size to be traced and a hash table size for faster objects search; for example: --memory-strategy obj-size-min=1024,hash-table-size=4096.
70 [140405702886080] INFO perfrun.launcher <> - the option was added --gpu-profiling-type: Specify a type of deep GPU profiling: none, bblatency, memlatency, instcount.
70 [140405702886080] INFO perfrun.launcher <> - the option was added --opencl-trace-mode: Specify OpenCL kernel tracing modes: 'default' to trace OpenCL kernels for Intel Graphics Driver only; 'epoch' for any non-Intel graphics, where OpenCL kernels will be traced and OpenCL profiling API timestamps will be interpreted as Unux Epoch time in nanoseconds; 'completion' to trace OpenCL kernels for any Graphics Driver and bind OpenCL profiling API timestamps to the timestamp of OpenCL completion callback.
70 [140405702886080] INFO perfrun.launcher <> - the option was added --gpu-kernels-to-profile: Specify a comma-separated list of GPU kernel names and invocations to be profiled in the following format: kernel_name[#start_idx#step#stop_idx], where kernel_name is the name of GPU kernel; start_idx is the number of the first invocation; and stop_idx is the number of the last invocation to be profiled.
70 [140405702886080] INFO perfrun.launcher <> - the option was added --exprof-com-list: List available COM ports.
70 [140405702886080] INFO perfrun.launcher <> - the option was added --exprof-dvc-list: List available DvC IDs.
70 [140405702886080] INFO perfrun.launcher <> - the option was added --exprof-trace-channel: BADMSG: perfrun1.exprof::exprof-trace-channel
70 [140405702886080] INFO perfrun.launcher <> - the option was added --exprof-event-config: Specify ExactProfiling Event Classes.
70 [140405702886080] INFO perfrun.launcher <> - the option was added --ice-pmons-list: BADMSG: perfrun1.ice::ice-pmons-list
70 [140405702886080] INFO perfrun.launcher <> - the option was added --ice-pmons-config: BADMSG: perfrun1.ice::ice-pmons-config
70 [140405702886080] INFO perfrun.launcher <> - the option was added --ice-sw-trace: Collect software traces of the Intel Neural Network Processor (NNP-I) and analyze software context of inference progress.
70 [140405702886080] INFO perfrun.launcher <> - the option was added --ice-sample-after-value: BADMSG: perfrun1.ice::ice-sample-after-value
70 [140405702886080] INFO perfrun.launcher <> - the option was added --ice-frequency: BADMSG: perfrun1.ice::ice-frequency
70 [140405702886080] INFO perfrun.launcher <> - the option was added --parallel-fs-config: Specify parallel fs counters to collect.
70 [140405702886080] INFO perfrun.launcher <> - the option was added --pwr-config: BADMSG: perfrun1.vtsspp::pwr-config Specify power metrics configuration.
70 [140405702886080] INFO perfrun.launcher <> - the option was added --pwr-sampling-interval: Specify Intel SoC Watch sampling interval.
70 [140405702886080] INFO perfrun.launcher <> - the option was added --collect-topology: Collect topology info with hwloc.
70 [140405702886080] INFO perfrun.launcher <> - the option was added --persistent-mem-metrics: Collect Persistent Memory performance counters.
70 [140405702886080] INFO perfrun.launcher <> - the option was added --os-counters: Collect OS counters
73 [140405702886080] INFO perfrun.launcher <> - create msngr2::ICliToolContext
73 [140405702886080] INFO perfrun.launcher <> - create file finder object
73 [140405702886080] INFO perfrun.launcher <> - create a result directory: pattern = /tmp/efsilva_vtune_823225/project/resultados_vtune/01_adaptive_dynamic4_hpc_smoke pid = 4294967295
74 [140405702886080] INFO perfrun.sdk <> - checked that the directory /tmp/efsilva_vtune_823225/project/resultados_vtune/01_adaptive_dynamic4_hpc_smoke is a local directory
74 [140405702886080] INFO perfrun.sdk <> - the directory /tmp/efsilva_vtune_823225/project/resultados_vtune/01_adaptive_dynamic4_hpc_smoke is a local directory with FS type ID 61267
74 [140405702886080] INFO perfrun.launcher <> - create data directory = /tmp/efsilva_vtune_823225/project/resultados_vtune/01_adaptive_dynamic4_hpc_smoke/data.0
75 [140405702886080] INFO perfrun.launcher <> - Creating the master collection flag
78 [140405702886080] INFO perfrun.launcher <> - Done creating the master collection flag
82 [140405546936000] INFO perfrun.launcher <> - plugin [remoteplug] was disabled because it doesn't support the given collection type.
82 [140405546936000] INFO perfrun.sdk <> - Allocating TMU :/tmp/efsilva_vtune_823225/project/resultados_vtune/01_adaptive_dynamic4_hpc_smoke/data.0/systemcollector-3832005-hype1.sc
83 [140405546936000] INFO perfrun.launcher <> - plugin [gpu] was disabled because it doesn't support the given collection type.
83 [140405546936000] INFO perfrun.launcher <> - plugin [] was disabled because it doesn't support the given collection type.
83 [140405546936000] INFO perfrun.launcher <> - plugin [] was disabled because it doesn't support the given collection type.
83 [140405546936000] INFO perfrun.launcher <> - plugin [] was disabled because it doesn't support the given collection type.
83 [140405546936000] INFO perfrun.mrte <> - system-wide mode is 0
83 [140405546936000] INFO perfrun.mrte <> - Getting  mrte profiling environment ...
112 [140405546936000] INFO perfrun.mrte <> - INTEL_MRTE_DATA_DIR=/tmp/efsilva_vtune_823225/project/resultados_vtune/01_adaptive_dynamic4_hpc_smoke/data.0
112 [140405546936000] INFO perfrun.mrte <> - INTEL_MRTE_HOST_NAME=hype1
112 [140405546936000] INFO perfrun.mrte <> - JAVA_TOOL_OPTIONS=-agentlib:amplxe_samplingmrte_javaprof_1.0 -Dsun.boot.library.path=/home/intel/oneapi/vtune/2021.1.1/lib32/runtime:/home/intel/oneapi/vtune/2021.1.1/lib64/runtime
112 [140405546936000] INFO perfrun.mrte <> - CORECLR_ENABLE_PROFILING=1
112 [140405546936000] INFO perfrun.mrte <> - CORECLR_PROFILER={AA5E4821-E3B1-479c-B7FF-5AD047D22CED}
112 [140405546936000] INFO perfrun.mrte <> - CORECLR_PROFILER_PATH=/home/intel/oneapi/vtune/2021.1.1/lib64/libamplxe_samplingmrte_clrprof_1.0.so
112 [140405546936000] INFO perfrun.mrte <> - INTEL_MRTE_PROFILER_MODE=mixed
112 [140405546936000] INFO perfrun.mrte <> - Data directory: /tmp/efsilva_vtune_823225/project/resultados_vtune/01_adaptive_dynamic4_hpc_smoke/data.0
112 [140405546936000] INFO perfrun.mrte <> - Mrte plugin is initialized
112 [140405546936000] INFO perfrun.launcher <> - plugin [emon] was disabled because it doesn't support the given collection type.
112 [140405546936000] INFO perfrun.launcher <> - plugin [cuscol] was disabled because it doesn't support the given collection type.
112 [140405546936000] INFO perfrun.launcher <> - plugin [stdsrc] was disabled because it doesn't support the given collection type.
112 [140405546936000] INFO perfrun.launcher <> - plugin [sep] was disabled because it doesn't support the given collection type.
112 [140405546936000] INFO perfrun.launcher <> - plugin [vtsspp] was disabled because it doesn't support the given collection type.
112 [140405546936000] INFO perfrun.perfcollector <> - AIO blocks = 0
112 [140405546936000] INFO perfrun.perfcollector <> - compression level = 1
112 [140405546936000] INFO perfrun.perfcollector <> - Perf threads mode = CPU
113 [140405546936000] INFO perfrun.perfcollector <> - No MPI detected-1
113 [140405546936000] WARN perfrun.launcher <> - Messenger::say: To profile kernel modules during the session, make sure they are available in the /lib/modules/kernel_version/ location.
113 [140405546936000] INFO perfrun.sdk <> - runCmd: "/home/intel/oneapi/vtune/2021.1.1/bin64/sep" -dry-run -sam 5 -ec "CPU_CLK_UNHALTED.THREAD:sa=2300000,CPU_CLK_UNHALTED.REF_TSC:sample:sa=2300000,INST_RETIRED.ANY:sample:sa=2300000,CPU_CLK_UNHALTED.REF_XCLK:sa=100003,CPU_CLK_UNHALTED.ONE_THREAD_ACTIVE:sa=100003,CYCLE_ACTIVITY.CYCLES_NO_EXECUTE:sa=2000003,CYCLE_ACTIVITY.STALLS_L1D_PENDING:sa=2000003,CYCLE_ACTIVITY.STALLS_LDM_PENDING:sa=2000003,CYCLE_ACTIVITY.STALLS_L2_PENDING:sa=2000003,IDQ_UOPS_NOT_DELIVERED.CORE:sa=2000003,INT_MISC.RECOVERY_CYCLES:sa=2000003,MEM_LOAD_UOPS_RETIRED.L3_HIT_PS:sa=50003,MEM_LOAD_UOPS_RETIRED.L3_MISS_PS:sa=50003,OFFCORE_REQUESTS_OUTSTANDING.CYCLES_WITH_DATA_RD:sa=2000003,OFFCORE_REQUESTS_OUTSTANDING.ALL_DATA_RD:cmask=6:sa=2000003,RESOURCE_STALLS.SB:sa=2000003,RS_EVENTS.EMPTY_CYCLES:sa=2000003,UOPS_EXECUTED.CORE:cmask=1:sa=2000003,UOPS_EXECUTED.CORE:cmask=2:sa=2000003,UOPS_EXECUTED.CORE:cmask=3:sa=2000003,UOPS_ISSUED.ANY:sa=2000003,UOPS_RETIRED.RETIRE_SLOTS:sa=2000003,IDQ_UOPS_NOT_DELIVERED.CYCLES_0_UOPS_DELIV.CORE:sa=2000003,MEM_UOPS_RETIRED.ALL_LOADS_PS:sa=100003,MEM_UOPS_RETIRED.ALL_STORES_PS:sa=100003,MEM_LOAD_UOPS_L3_MISS_RETIRED.LOCAL_DRAM_PS:sa=100003,MEM_LOAD_UOPS_L3_MISS_RETIRED.REMOTE_DRAM_PS:sa=100003,MEM_LOAD_UOPS_L3_MISS_RETIRED.REMOTE_HITM_PS:sa=100003,MEM_LOAD_UOPS_L3_MISS_RETIRED.REMOTE_FWD_PS:sa=100003,UNC_M_CAS_COUNT.RD,UNC_M_CAS_COUNT.WR" -experimental
139 [140405546936000] INFO perfrun.perfcollector <> - SepDryRun RC = true
139 [140405546936000] INFO perfrun.perfcollector <> - DRY_RUN : "PMU type: Core (core)"
143 [140405546936000] INFO perfrun.perfcollector <> - pmu type : cpu
143 [140405546936000] INFO perfrun.perfcollector <> - DRY_RUN : "Group 0:"
143 [140405546936000] INFO perfrun.perfcollector <> - id : 0
143 [140405546936000] INFO perfrun.perfcollector <> - DRY_RUN : "INST_RETIRED.ANY: event id 2"
143 [140405546936000] INFO perfrun.perfcollector <> - eventName : INST_RETIRED.ANY , eventId : 2
143 [140405546936000] INFO perfrun.perfcollector <> - DRY_RUN : "CPU_CLK_UNHALTED.THREAD: event id 0"
143 [140405546936000] INFO perfrun.perfcollector <> - eventName : CPU_CLK_UNHALTED.THREAD , eventId : 0
143 [140405546936000] INFO perfrun.perfcollector <> - DRY_RUN : "CPU_CLK_UNHALTED.REF_TSC: event id 1"
143 [140405546936000] INFO perfrun.perfcollector <> - eventName : CPU_CLK_UNHALTED.REF_TSC , eventId : 1
143 [140405546936000] INFO perfrun.perfcollector <> - DRY_RUN : "CPU_CLK_UNHALTED.REF_XCLK: event id 4"
143 [140405546936000] INFO perfrun.perfcollector <> - eventName : CPU_CLK_UNHALTED.REF_XCLK , eventId : 4
143 [140405546936000] INFO perfrun.perfcollector <> - DRY_RUN : "CPU_CLK_UNHALTED.ONE_THREAD_ACTIVE: event id 5"
143 [140405546936000] INFO perfrun.perfcollector <> - eventName : CPU_CLK_UNHALTED.ONE_THREAD_ACTIVE , eventId : 5
143 [140405546936000] INFO perfrun.perfcollector <> - DRY_RUN : "CYCLE_ACTIVITY.STALLS_L1D_PENDING: event id 3"
143 [140405546936000] INFO perfrun.perfcollector <> - eventName : CYCLE_ACTIVITY.STALLS_L1D_PENDING , eventId : 3
143 [140405546936000] INFO perfrun.perfcollector <> - DRY_RUN : "CYCLE_ACTIVITY.CYCLES_NO_EXECUTE: event id 6"
143 [140405546936000] INFO perfrun.perfcollector <> - eventName : CYCLE_ACTIVITY.CYCLES_NO_EXECUTE , eventId : 6
143 [140405546936000] INFO perfrun.perfcollector <> - DRY_RUN : "CCCR"
143 [140405546936000] INFO perfrun.perfcollector <> - DRY_RUN : "reg_type       = 1	event_id       = g	reg_id         = 38f	reg_value      = 70000000f"
143 [140405546936000] INFO perfrun.perfcollector <> - eventId : g , ignored
143 [140405546936000] INFO perfrun.perfcollector <> - DRY_RUN : "reg_type       = 1	event_id       = g	reg_id         = 390	reg_value      = 70000000f"
143 [140405546936000] INFO perfrun.perfcollector <> - eventId : g , ignored
143 [140405546936000] INFO perfrun.perfcollector <> - DRY_RUN : "reg_type       = 1	event_id       = g	reg_id         = 3f1	reg_value      = 0"
143 [140405546936000] INFO perfrun.perfcollector <> - eventId : g , ignored
143 [140405546936000] INFO perfrun.perfcollector <> - DRY_RUN : "reg_type       = 1	event_id       = g	reg_id         = 1d9	reg_value      = 1800"
143 [140405546936000] INFO perfrun.perfcollector <> - eventId : g , ignored
143 [140405546936000] INFO perfrun.perfcollector <> - DRY_RUN : "reg_type       = 1	event_id       = g	reg_id         = 38d	reg_value      = bbb"
143 [140405546936000] INFO perfrun.perfcollector <> - eventId : g , ignored
143 [140405546936000] INFO perfrun.perfcollector <> - DRY_RUN : "reg_type       = 1	event_id       = 4	reg_id         = 186	reg_value      = 53013c"
143 [140405546936000] INFO perfrun.perfcollector <> - eventId : 4 , cccrAddr : 186 , cccrVal : 53013c
143 [140405546936000] INFO perfrun.perfcollector <> - DRY_RUN : "reg_type       = 1	event_id       = 5	reg_id         = 187	reg_value      = 53023c"
143 [140405546936000] INFO perfrun.perfcollector <> - eventId : 5 , cccrAddr : 187 , cccrVal : 53023c
143 [140405546936000] INFO perfrun.perfcollector <> - DRY_RUN : "reg_type       = 1	event_id       = 3	reg_id         = 188	reg_value      = c530ca3"
143 [140405546936000] INFO perfrun.perfcollector <> - eventId : 3 , cccrAddr : 188 , cccrVal : c530ca3
143 [140405546936000] INFO perfrun.perfcollector <> - DRY_RUN : "reg_type       = 1	event_id       = 6	reg_id         = 189	reg_value      = 45304a3"
143 [140405546936000] INFO perfrun.perfcollector <> - eventId : 6 , cccrAddr : 189 , cccrVal : 45304a3
143 [140405546936000] INFO perfrun.perfcollector <> - DRY_RUN : "ESCR"
143 [140405546936000] INFO perfrun.perfcollector <> - DRY_RUN : "reg_type       = 2	event_id       = g	reg_id         = 1c8	reg_value      = 0"
143 [140405546936000] INFO perfrun.perfcollector <> - eventId : g , ignored
143 [140405546936000] INFO perfrun.perfcollector <> - DRY_RUN : "DATA"
143 [140405546936000] INFO perfrun.perfcollector <> - DRY_RUN : "reg_type       = 4	event_id       = 2	reg_id         = 309	reg_value      = ffffff508620"
143 [140405546936000] INFO perfrun.perfcollector <> - eventId : 2 , dataAddr : 309 , dataVal : ffffff508620
143 [140405546936000] INFO perfrun.perfcollector <> - DRY_RUN : "reg_type       = 4	event_id       = 0	reg_id         = 30a	reg_value      = ffffff508620"
143 [140405546936000] INFO perfrun.perfcollector <> - eventId : 0 , dataAddr : 30a , dataVal : ffffff508620
143 [140405546936000] INFO perfrun.perfcollector <> - DRY_RUN : "reg_type       = 4	event_id       = 1	reg_id         = 30b	reg_value      = ffffff508620"
143 [140405546936000] INFO perfrun.perfcollector <> - eventId : 1 , dataAddr : 30b , dataVal : ffffff508620
143 [140405546936000] INFO perfrun.perfcollector <> - DRY_RUN : "reg_type       = 4	event_id       = 4	reg_id         = c1	reg_value      = fffffff85ed1"
143 [140405546936000] INFO perfrun.perfcollector <> - eventId : 4 , dataAddr : c1 , dataVal : fffffff85ed1
143 [140405546936000] INFO perfrun.perfcollector <> - DRY_RUN : "reg_type       = 4	event_id       = 5	reg_id         = c2	reg_value      = fffffff85ed1"
143 [140405546936000] INFO perfrun.perfcollector <> - eventId : 5 , dataAddr : c2 , dataVal : fffffff85ed1
143 [140405546936000] INFO perfrun.perfcollector <> - DRY_RUN : "reg_type       = 4	event_id       = 3	reg_id         = c3	reg_value      = ffffff676971"
143 [140405546936000] INFO perfrun.perfcollector <> - eventId : 3 , dataAddr : c3 , dataVal : ffffff676971
143 [140405546936000] INFO perfrun.perfcollector <> - DRY_RUN : "reg_type       = 4	event_id       = 6	reg_id         = c4	reg_value      = ffffff676971"
143 [140405546936000] INFO perfrun.perfcollector <> - eventId : 6 , dataAddr : c4 , dataVal : ffffff676971
143 [140405546936000] INFO perfrun.perfcollector <> - DRY_RUN : "Group 1:"
143 [140405546936000] INFO perfrun.perfcollector <> - id : 1
143 [140405546936000] INFO perfrun.perfcollector <> - DRY_RUN : "INST_RETIRED.ANY: event id 2"
143 [140405546936000] INFO perfrun.perfcollector <> - eventName : INST_RETIRED.ANY , eventId : 2
143 [140405546936000] INFO perfrun.perfcollector <> - DRY_RUN : "CPU_CLK_UNHALTED.THREAD: event id 0"
143 [140405546936000] INFO perfrun.perfcollector <> - eventName : CPU_CLK_UNHALTED.THREAD , eventId : 0
143 [140405546936000] INFO perfrun.perfcollector <> - DRY_RUN : "CPU_CLK_UNHALTED.REF_TSC: event id 1"
143 [140405546936000] INFO perfrun.perfcollector <> - eventName : CPU_CLK_UNHALTED.REF_TSC , eventId : 1
143 [140405546936000] INFO perfrun.perfcollector <> - DRY_RUN : "CYCLE_ACTIVITY.STALLS_LDM_PENDING: event id 7"
143 [140405546936000] INFO perfrun.perfcollector <> - eventName : CYCLE_ACTIVITY.STALLS_LDM_PENDING , eventId : 7
143 [140405546936000] INFO perfrun.perfcollector <> - DRY_RUN : "CYCLE_ACTIVITY.STALLS_L2_PENDING: event id 8"
143 [140405546936000] INFO perfrun.perfcollector <> - eventName : CYCLE_ACTIVITY.STALLS_L2_PENDING , eventId : 8
143 [140405546936000] INFO perfrun.perfcollector <> - DRY_RUN : "IDQ_UOPS_NOT_DELIVERED.CORE: event id 9"
143 [140405546936000] INFO perfrun.perfcollector <> - eventName : IDQ_UOPS_NOT_DELIVERED.CORE , eventId : 9
143 [140405546936000] INFO perfrun.perfcollector <> - DRY_RUN : "INT_MISC.RECOVERY_CYCLES: event id 10"
143 [140405546936000] INFO perfrun.perfcollector <> - eventName : INT_MISC.RECOVERY_CYCLES , eventId : 10
143 [140405546936000] INFO perfrun.perfcollector <> - DRY_RUN : "CCCR"
143 [140405546936000] INFO perfrun.perfcollector <> - DRY_RUN : "reg_type       = 1	event_id       = g	reg_id         = 38f	reg_value      = 70000000f"
143 [140405546936000] INFO perfrun.perfcollector <> - eventId : g , ignored
143 [140405546936000] INFO perfrun.perfcollector <> - DRY_RUN : "reg_type       = 1	event_id       = g	reg_id         = 390	reg_value      = 70000000f"
143 [140405546936000] INFO perfrun.perfcollector <> - eventId : g , ignored
143 [140405546936000] INFO perfrun.perfcollector <> - DRY_RUN : "reg_type       = 1	event_id       = g	reg_id         = 3f1	reg_value      = 0"
143 [140405546936000] INFO perfrun.perfcollector <> - eventId : g , ignored
143 [140405546936000] INFO perfrun.perfcollector <> - DRY_RUN : "reg_type       = 1	event_id       = g	reg_id         = 1d9	reg_value      = 1800"
143 [140405546936000] INFO perfrun.perfcollector <> - eventId : g , ignored
143 [140405546936000] INFO perfrun.perfcollector <> - DRY_RUN : "reg_type       = 1	event_id       = g	reg_id         = 38d	reg_value      = bbb"
143 [140405546936000] INFO perfrun.perfcollector <> - eventId : g , ignored
143 [140405546936000] INFO perfrun.perfcollector <> - DRY_RUN : "reg_type       = 1	event_id       = 7	reg_id         = 186	reg_value      = 65306a3"
143 [140405546936000] INFO perfrun.perfcollector <> - eventId : 7 , cccrAddr : 186 , cccrVal : 65306a3
143 [140405546936000] INFO perfrun.perfcollector <> - DRY_RUN : "reg_type       = 1	event_id       = 8	reg_id         = 187	reg_value      = 55305a3"
143 [140405546936000] INFO perfrun.perfcollector <> - eventId : 8 , cccrAddr : 187 , cccrVal : 55305a3
143 [140405546936000] INFO perfrun.perfcollector <> - DRY_RUN : "reg_type       = 1	event_id       = 9	reg_id         = 188	reg_value      = 53019c"
143 [140405546936000] INFO perfrun.perfcollector <> - eventId : 9 , cccrAddr : 188 , cccrVal : 53019c
143 [140405546936000] INFO perfrun.perfcollector <> - DRY_RUN : "reg_type       = 1	event_id       = 10	reg_id         = 189	reg_value      = 153030d"
143 [140405546936000] INFO perfrun.perfcollector <> - eventId : 10 , cccrAddr : 189 , cccrVal : 153030d
143 [140405546936000] INFO perfrun.perfcollector <> - DRY_RUN : "ESCR"
143 [140405546936000] INFO perfrun.perfcollector <> - DRY_RUN : "reg_type       = 2	event_id       = g	reg_id         = 1c8	reg_value      = 0"
143 [140405546936000] INFO perfrun.perfcollector <> - eventId : g , ignored
143 [140405546936000] INFO perfrun.perfcollector <> - DRY_RUN : "DATA"
143 [140405546936000] INFO perfrun.perfcollector <> - DRY_RUN : "reg_type       = 4	event_id       = 2	reg_id         = 309	reg_value      = ffffff508620"
143 [140405546936000] INFO perfrun.perfcollector <> - eventId : 2 , dataAddr : 309 , dataVal : ffffff508620
143 [140405546936000] INFO perfrun.perfcollector <> - DRY_RUN : "reg_type       = 4	event_id       = 0	reg_id         = 30a	reg_value      = ffffff508620"
143 [140405546936000] INFO perfrun.perfcollector <> - eventId : 0 , dataAddr : 30a , dataVal : ffffff508620
143 [140405546936000] INFO perfrun.perfcollector <> - DRY_RUN : "reg_type       = 4	event_id       = 1	reg_id         = 30b	reg_value      = ffffff508620"
143 [140405546936000] INFO perfrun.perfcollector <> - eventId : 1 , dataAddr : 30b , dataVal : ffffff508620
143 [140405546936000] INFO perfrun.perfcollector <> - DRY_RUN : "reg_type       = 4	event_id       = 7	reg_id         = c1	reg_value      = ffffff676971"
143 [140405546936000] INFO perfrun.perfcollector <> - eventId : 7 , dataAddr : c1 , dataVal : ffffff676971
143 [140405546936000] INFO perfrun.perfcollector <> - DRY_RUN : "reg_type       = 4	event_id       = 8	reg_id         = c2	reg_value      = ffffff676971"
143 [140405546936000] INFO perfrun.perfcollector <> - eventId : 8 , dataAddr : c2 , dataVal : ffffff676971
143 [140405546936000] INFO perfrun.perfcollector <> - DRY_RUN : "reg_type       = 4	event_id       = 9	reg_id         = c3	reg_value      = ffffff676971"
143 [140405546936000] INFO perfrun.perfcollector <> - eventId : 9 , dataAddr : c3 , dataVal : ffffff676971
143 [140405546936000] INFO perfrun.perfcollector <> - DRY_RUN : "reg_type       = 4	event_id       = 10	reg_id         = c4	reg_value      = ffffff676971"
143 [140405546936000] INFO perfrun.perfcollector <> - eventId : 10 , dataAddr : c4 , dataVal : ffffff676971
143 [140405546936000] INFO perfrun.perfcollector <> - DRY_RUN : "Group 2:"
143 [140405546936000] INFO perfrun.perfcollector <> - id : 2
143 [140405546936000] INFO perfrun.perfcollector <> - DRY_RUN : "INST_RETIRED.ANY: event id 2"
143 [140405546936000] INFO perfrun.perfcollector <> - eventName : INST_RETIRED.ANY , eventId : 2
143 [140405546936000] INFO perfrun.perfcollector <> - DRY_RUN : "CPU_CLK_UNHALTED.THREAD: event id 0"
143 [140405546936000] INFO perfrun.perfcollector <> - eventName : CPU_CLK_UNHALTED.THREAD , eventId : 0
143 [140405546936000] INFO perfrun.perfcollector <> - DRY_RUN : "CPU_CLK_UNHALTED.REF_TSC: event id 1"
143 [140405546936000] INFO perfrun.perfcollector <> - eventName : CPU_CLK_UNHALTED.REF_TSC , eventId : 1
143 [140405546936000] INFO perfrun.perfcollector <> - DRY_RUN : "MEM_LOAD_UOPS_RETIRED.L3_HIT_PS: event id 11"
143 [140405546936000] INFO perfrun.perfcollector <> - eventName : MEM_LOAD_UOPS_RETIRED.L3_HIT_PS , eventId : 11
143 [140405546936000] INFO perfrun.perfcollector <> - DRY_RUN : "MEM_LOAD_UOPS_RETIRED.L3_MISS_PS: event id 12"
143 [140405546936000] INFO perfrun.perfcollector <> - eventName : MEM_LOAD_UOPS_RETIRED.L3_MISS_PS , eventId : 12
143 [140405546936000] INFO perfrun.perfcollector <> - DRY_RUN : "OFFCORE_REQUESTS_OUTSTANDING.CYCLES_WITH_DATA_RD: event id 13"
143 [140405546936000] INFO perfrun.perfcollector <> - eventName : OFFCORE_REQUESTS_OUTSTANDING.CYCLES_WITH_DATA_RD , eventId : 13
143 [140405546936000] INFO perfrun.perfcollector <> - DRY_RUN : "OFFCORE_REQUESTS_OUTSTANDING.ALL_DATA_RD:cmask=6: event id 14"
143 [140405546936000] INFO perfrun.perfcollector <> - eventName : OFFCORE_REQUESTS_OUTSTANDING.ALL_DATA_RD:cmask=6 , eventId : 14
143 [140405546936000] INFO perfrun.perfcollector <> - DRY_RUN : "CCCR"
143 [140405546936000] INFO perfrun.perfcollector <> - DRY_RUN : "reg_type       = 1	event_id       = g	reg_id         = 38f	reg_value      = 70000000f"
143 [140405546936000] INFO perfrun.perfcollector <> - eventId : g , ignored
143 [140405546936000] INFO perfrun.perfcollector <> - DRY_RUN : "reg_type       = 1	event_id       = g	reg_id         = 390	reg_value      = 70000000f"
143 [140405546936000] INFO perfrun.perfcollector <> - eventId : g , ignored
143 [140405546936000] INFO perfrun.perfcollector <> - DRY_RUN : "reg_type       = 1	event_id       = g	reg_id         = 3f1	reg_value      = 300000003"
143 [140405546936000] INFO perfrun.perfcollector <> - eventId : g , ignored
143 [140405546936000] INFO perfrun.perfcollector <> - DRY_RUN : "reg_type       = 1	event_id       = g	reg_id         = 1d9	reg_value      = 1800"
143 [140405546936000] INFO perfrun.perfcollector <> - eventId : g , ignored
143 [140405546936000] INFO perfrun.perfcollector <> - DRY_RUN : "reg_type       = 1	event_id       = g	reg_id         = 38d	reg_value      = bbb"
143 [140405546936000] INFO perfrun.perfcollector <> - eventId : g , ignored
143 [140405546936000] INFO perfrun.perfcollector <> - DRY_RUN : "reg_type       = 1	event_id       = 11	reg_id         = 186	reg_value      = 4304d1"
143 [140405546936000] INFO perfrun.perfcollector <> - eventId : 11 , cccrAddr : 186 , cccrVal : 4304d1
143 [140405546936000] INFO perfrun.perfcollector <> - DRY_RUN : "reg_type       = 1	event_id       = 12	reg_id         = 187	reg_value      = 4320d1"
143 [140405546936000] INFO perfrun.perfcollector <> - eventId : 12 , cccrAddr : 187 , cccrVal : 4320d1
143 [140405546936000] INFO perfrun.perfcollector <> - DRY_RUN : "reg_type       = 1	event_id       = 13	reg_id         = 188	reg_value      = 1530860"
143 [140405546936000] INFO perfrun.perfcollector <> - eventId : 13 , cccrAddr : 188 , cccrVal : 1530860
143 [140405546936000] INFO perfrun.perfcollector <> - DRY_RUN : "reg_type       = 1	event_id       = 14	reg_id         = 189	reg_value      = 6530860"
143 [140405546936000] INFO perfrun.perfcollector <> - eventId : 14 , cccrAddr : 189 , cccrVal : 6530860
143 [140405546936000] INFO perfrun.perfcollector <> - DRY_RUN : "ESCR"
143 [140405546936000] INFO perfrun.perfcollector <> - DRY_RUN : "reg_type       = 2	event_id       = g	reg_id         = 1c8	reg_value      = 0"
143 [140405546936000] INFO perfrun.perfcollector <> - eventId : g , ignored
143 [140405546936000] INFO perfrun.perfcollector <> - DRY_RUN : "DATA"
143 [140405546936000] INFO perfrun.perfcollector <> - DRY_RUN : "reg_type       = 4	event_id       = 2	reg_id         = 309	reg_value      = ffffff508620"
143 [140405546936000] INFO perfrun.perfcollector <> - eventId : 2 , dataAddr : 309 , dataVal : ffffff508620
143 [140405546936000] INFO perfrun.perfcollector <> - DRY_RUN : "reg_type       = 4	event_id       = 0	reg_id         = 30a	reg_value      = ffffff508620"
143 [140405546936000] INFO perfrun.perfcollector <> - eventId : 0 , dataAddr : 30a , dataVal : ffffff508620
143 [140405546936000] INFO perfrun.perfcollector <> - DRY_RUN : "reg_type       = 4	event_id       = 1	reg_id         = 30b	reg_value      = ffffff508620"
143 [140405546936000] INFO perfrun.perfcollector <> - eventId : 1 , dataAddr : 30b , dataVal : ffffff508620
143 [140405546936000] INFO perfrun.perfcollector <> - DRY_RUN : "reg_type       = 4	event_id       = 11	reg_id         = c1	reg_value      = fffffffc2f61"
143 [140405546936000] INFO perfrun.perfcollector <> - eventId : 11 , dataAddr : c1 , dataVal : fffffffc2f61
143 [140405546936000] INFO perfrun.perfcollector <> - DRY_RUN : "reg_type       = 4	event_id       = 12	reg_id         = c2	reg_value      = fffffffc2f61"
144 [140405546936000] INFO perfrun.perfcollector <> - eventId : 12 , dataAddr : c2 , dataVal : fffffffc2f61
144 [140405546936000] INFO perfrun.perfcollector <> - DRY_RUN : "reg_type       = 4	event_id       = 13	reg_id         = c3	reg_value      = ffffff676971"
144 [140405546936000] INFO perfrun.perfcollector <> - eventId : 13 , dataAddr : c3 , dataVal : ffffff676971
144 [140405546936000] INFO perfrun.perfcollector <> - DRY_RUN : "reg_type       = 4	event_id       = 14	reg_id         = c4	reg_value      = ffffff676971"
144 [140405546936000] INFO perfrun.perfcollector <> - eventId : 14 , dataAddr : c4 , dataVal : ffffff676971
144 [140405546936000] INFO perfrun.perfcollector <> - DRY_RUN : "Group 3:"
144 [140405546936000] INFO perfrun.perfcollector <> - id : 3
144 [140405546936000] INFO perfrun.perfcollector <> - DRY_RUN : "INST_RETIRED.ANY: event id 2"
144 [140405546936000] INFO perfrun.perfcollector <> - eventName : INST_RETIRED.ANY , eventId : 2
144 [140405546936000] INFO perfrun.perfcollector <> - DRY_RUN : "CPU_CLK_UNHALTED.THREAD: event id 0"
144 [140405546936000] INFO perfrun.perfcollector <> - eventName : CPU_CLK_UNHALTED.THREAD , eventId : 0
144 [140405546936000] INFO perfrun.perfcollector <> - DRY_RUN : "CPU_CLK_UNHALTED.REF_TSC: event id 1"
144 [140405546936000] INFO perfrun.perfcollector <> - eventName : CPU_CLK_UNHALTED.REF_TSC , eventId : 1
144 [140405546936000] INFO perfrun.perfcollector <> - DRY_RUN : "RESOURCE_STALLS.SB: event id 15"
144 [140405546936000] INFO perfrun.perfcollector <> - eventName : RESOURCE_STALLS.SB , eventId : 15
144 [140405546936000] INFO perfrun.perfcollector <> - DRY_RUN : "RS_EVENTS.EMPTY_CYCLES: event id 16"
144 [140405546936000] INFO perfrun.perfcollector <> - eventName : RS_EVENTS.EMPTY_CYCLES , eventId : 16
144 [140405546936000] INFO perfrun.perfcollector <> - DRY_RUN : "UOPS_EXECUTED.CORE:cmask=1: event id 17"
144 [140405546936000] INFO perfrun.perfcollector <> - eventName : UOPS_EXECUTED.CORE:cmask=1 , eventId : 17
144 [140405546936000] INFO perfrun.perfcollector <> - DRY_RUN : "UOPS_EXECUTED.CORE:cmask=2: event id 18"
144 [140405546936000] INFO perfrun.perfcollector <> - eventName : UOPS_EXECUTED.CORE:cmask=2 , eventId : 18
144 [140405546936000] INFO perfrun.perfcollector <> - DRY_RUN : "CCCR"
144 [140405546936000] INFO perfrun.perfcollector <> - DRY_RUN : "reg_type       = 1	event_id       = g	reg_id         = 38f	reg_value      = 70000000f"
144 [140405546936000] INFO perfrun.perfcollector <> - eventId : g , ignored
144 [140405546936000] INFO perfrun.perfcollector <> - DRY_RUN : "reg_type       = 1	event_id       = g	reg_id         = 390	reg_value      = 70000000f"
144 [140405546936000] INFO perfrun.perfcollector <> - eventId : g , ignored
144 [140405546936000] INFO perfrun.perfcollector <> - DRY_RUN : "reg_type       = 1	event_id       = g	reg_id         = 3f1	reg_value      = 0"
144 [140405546936000] INFO perfrun.perfcollector <> - eventId : g , ignored
144 [140405546936000] INFO perfrun.perfcollector <> - DRY_RUN : "reg_type       = 1	event_id       = g	reg_id         = 1d9	reg_value      = 1800"
144 [140405546936000] INFO perfrun.perfcollector <> - eventId : g , ignored
144 [140405546936000] INFO perfrun.perfcollector <> - DRY_RUN : "reg_type       = 1	event_id       = g	reg_id         = 38d	reg_value      = bbb"
144 [140405546936000] INFO perfrun.perfcollector <> - eventId : g , ignored
144 [140405546936000] INFO perfrun.perfcollector <> - DRY_RUN : "reg_type       = 1	event_id       = 15	reg_id         = 186	reg_value      = 5308a2"
144 [140405546936000] INFO perfrun.perfcollector <> - eventId : 15 , cccrAddr : 186 , cccrVal : 5308a2
144 [140405546936000] INFO perfrun.perfcollector <> - DRY_RUN : "reg_type       = 1	event_id       = 16	reg_id         = 187	reg_value      = 53015e"
144 [140405546936000] INFO perfrun.perfcollector <> - eventId : 16 , cccrAddr : 187 , cccrVal : 53015e
144 [140405546936000] INFO perfrun.perfcollector <> - DRY_RUN : "reg_type       = 1	event_id       = 17	reg_id         = 188	reg_value      = 15302b1"
144 [140405546936000] INFO perfrun.perfcollector <> - eventId : 17 , cccrAddr : 188 , cccrVal : 15302b1
144 [140405546936000] INFO perfrun.perfcollector <> - DRY_RUN : "reg_type       = 1	event_id       = 18	reg_id         = 189	reg_value      = 25302b1"
144 [140405546936000] INFO perfrun.perfcollector <> - eventId : 18 , cccrAddr : 189 , cccrVal : 25302b1
144 [140405546936000] INFO perfrun.perfcollector <> - DRY_RUN : "ESCR"
144 [140405546936000] INFO perfrun.perfcollector <> - DRY_RUN : "reg_type       = 2	event_id       = g	reg_id         = 1c8	reg_value      = 0"
144 [140405546936000] INFO perfrun.perfcollector <> - eventId : g , ignored
144 [140405546936000] INFO perfrun.perfcollector <> - DRY_RUN : "DATA"
144 [140405546936000] INFO perfrun.perfcollector <> - DRY_RUN : "reg_type       = 4	event_id       = 2	reg_id         = 309	reg_value      = ffffff508620"
144 [140405546936000] INFO perfrun.perfcollector <> - eventId : 2 , dataAddr : 309 , dataVal : ffffff508620
144 [140405546936000] INFO perfrun.perfcollector <> - DRY_RUN : "reg_type       = 4	event_id       = 0	reg_id         = 30a	reg_value      = ffffff508620"
144 [140405546936000] INFO perfrun.perfcollector <> - eventId : 0 , dataAddr : 30a , dataVal : ffffff508620
144 [140405546936000] INFO perfrun.perfcollector <> - DRY_RUN : "reg_type       = 4	event_id       = 1	reg_id         = 30b	reg_value      = ffffff508620"
144 [140405546936000] INFO perfrun.perfcollector <> - eventId : 1 , dataAddr : 30b , dataVal : ffffff508620
144 [140405546936000] INFO perfrun.perfcollector <> - DRY_RUN : "reg_type       = 4	event_id       = 15	reg_id         = c1	reg_value      = ffffff676971"
144 [140405546936000] INFO perfrun.perfcollector <> - eventId : 15 , dataAddr : c1 , dataVal : ffffff676971
144 [140405546936000] INFO perfrun.perfcollector <> - DRY_RUN : "reg_type       = 4	event_id       = 16	reg_id         = c2	reg_value      = ffffff676971"
144 [140405546936000] INFO perfrun.perfcollector <> - eventId : 16 , dataAddr : c2 , dataVal : ffffff676971
144 [140405546936000] INFO perfrun.perfcollector <> - DRY_RUN : "reg_type       = 4	event_id       = 17	reg_id         = c3	reg_value      = ffffff676971"
144 [140405546936000] INFO perfrun.perfcollector <> - eventId : 17 , dataAddr : c3 , dataVal : ffffff676971
144 [140405546936000] INFO perfrun.perfcollector <> - DRY_RUN : "reg_type       = 4	event_id       = 18	reg_id         = c4	reg_value      = ffffff676971"
144 [140405546936000] INFO perfrun.perfcollector <> - eventId : 18 , dataAddr : c4 , dataVal : ffffff676971
144 [140405546936000] INFO perfrun.perfcollector <> - DRY_RUN : "Group 4:"
144 [140405546936000] INFO perfrun.perfcollector <> - id : 4
144 [140405546936000] INFO perfrun.perfcollector <> - DRY_RUN : "INST_RETIRED.ANY: event id 2"
144 [140405546936000] INFO perfrun.perfcollector <> - eventName : INST_RETIRED.ANY , eventId : 2
144 [140405546936000] INFO perfrun.perfcollector <> - DRY_RUN : "CPU_CLK_UNHALTED.THREAD: event id 0"
144 [140405546936000] INFO perfrun.perfcollector <> - eventName : CPU_CLK_UNHALTED.THREAD , eventId : 0
144 [140405546936000] INFO perfrun.perfcollector <> - DRY_RUN : "CPU_CLK_UNHALTED.REF_TSC: event id 1"
144 [140405546936000] INFO perfrun.perfcollector <> - eventName : CPU_CLK_UNHALTED.REF_TSC , eventId : 1
144 [140405546936000] INFO perfrun.perfcollector <> - DRY_RUN : "UOPS_EXECUTED.CORE:cmask=3: event id 19"
144 [140405546936000] INFO perfrun.perfcollector <> - eventName : UOPS_EXECUTED.CORE:cmask=3 , eventId : 19
144 [140405546936000] INFO perfrun.perfcollector <> - DRY_RUN : "UOPS_ISSUED.ANY: event id 20"
144 [140405546936000] INFO perfrun.perfcollector <> - eventName : UOPS_ISSUED.ANY , eventId : 20
144 [140405546936000] INFO perfrun.perfcollector <> - DRY_RUN : "UOPS_RETIRED.RETIRE_SLOTS: event id 21"
144 [140405546936000] INFO perfrun.perfcollector <> - eventName : UOPS_RETIRED.RETIRE_SLOTS , eventId : 21
144 [140405546936000] INFO perfrun.perfcollector <> - DRY_RUN : "IDQ_UOPS_NOT_DELIVERED.CYCLES_0_UOPS_DELIV.CORE: event id 22"
144 [140405546936000] INFO perfrun.perfcollector <> - eventName : IDQ_UOPS_NOT_DELIVERED.CYCLES_0_UOPS_DELIV.CORE , eventId : 22
144 [140405546936000] INFO perfrun.perfcollector <> - DRY_RUN : "CCCR"
144 [140405546936000] INFO perfrun.perfcollector <> - DRY_RUN : "reg_type       = 1	event_id       = g	reg_id         = 38f	reg_value      = 70000000f"
144 [140405546936000] INFO perfrun.perfcollector <> - eventId : g , ignored
144 [140405546936000] INFO perfrun.perfcollector <> - DRY_RUN : "reg_type       = 1	event_id       = g	reg_id         = 390	reg_value      = 70000000f"
144 [140405546936000] INFO perfrun.perfcollector <> - eventId : g , ignored
144 [140405546936000] INFO perfrun.perfcollector <> - DRY_RUN : "reg_type       = 1	event_id       = g	reg_id         = 3f1	reg_value      = 0"
144 [140405546936000] INFO perfrun.perfcollector <> - eventId : g , ignored
144 [140405546936000] INFO perfrun.perfcollector <> - DRY_RUN : "reg_type       = 1	event_id       = g	reg_id         = 1d9	reg_value      = 1800"
144 [140405546936000] INFO perfrun.perfcollector <> - eventId : g , ignored
144 [140405546936000] INFO perfrun.perfcollector <> - DRY_RUN : "reg_type       = 1	event_id       = g	reg_id         = 38d	reg_value      = bbb"
144 [140405546936000] INFO perfrun.perfcollector <> - eventId : g , ignored
144 [140405546936000] INFO perfrun.perfcollector <> - DRY_RUN : "reg_type       = 1	event_id       = 19	reg_id         = 186	reg_value      = 35302b1"
144 [140405546936000] INFO perfrun.perfcollector <> - eventId : 19 , cccrAddr : 186 , cccrVal : 35302b1
144 [140405546936000] INFO perfrun.perfcollector <> - DRY_RUN : "reg_type       = 1	event_id       = 20	reg_id         = 187	reg_value      = 53010e"
144 [140405546936000] INFO perfrun.perfcollector <> - eventId : 20 , cccrAddr : 187 , cccrVal : 53010e
144 [140405546936000] INFO perfrun.perfcollector <> - DRY_RUN : "reg_type       = 1	event_id       = 21	reg_id         = 188	reg_value      = 5302c2"
144 [140405546936000] INFO perfrun.perfcollector <> - eventId : 21 , cccrAddr : 188 , cccrVal : 5302c2
144 [140405546936000] INFO perfrun.perfcollector <> - DRY_RUN : "reg_type       = 1	event_id       = 22	reg_id         = 189	reg_value      = 453019c"
144 [140405546936000] INFO perfrun.perfcollector <> - eventId : 22 , cccrAddr : 189 , cccrVal : 453019c
144 [140405546936000] INFO perfrun.perfcollector <> - DRY_RUN : "ESCR"
144 [140405546936000] INFO perfrun.perfcollector <> - DRY_RUN : "reg_type       = 2	event_id       = g	reg_id         = 1c8	reg_value      = 0"
144 [140405546936000] INFO perfrun.perfcollector <> - eventId : g , ignored
144 [140405546936000] INFO perfrun.perfcollector <> - DRY_RUN : "DATA"
144 [140405546936000] INFO perfrun.perfcollector <> - DRY_RUN : "reg_type       = 4	event_id       = 2	reg_id         = 309	reg_value      = ffffff508620"
144 [140405546936000] INFO perfrun.perfcollector <> - eventId : 2 , dataAddr : 309 , dataVal : ffffff508620
144 [140405546936000] INFO perfrun.perfcollector <> - DRY_RUN : "reg_type       = 4	event_id       = 0	reg_id         = 30a	reg_value      = ffffff508620"
144 [140405546936000] INFO perfrun.perfcollector <> - eventId : 0 , dataAddr : 30a , dataVal : ffffff508620
144 [140405546936000] INFO perfrun.perfcollector <> - DRY_RUN : "reg_type       = 4	event_id       = 1	reg_id         = 30b	reg_value      = ffffff508620"
144 [140405546936000] INFO perfrun.perfcollector <> - eventId : 1 , dataAddr : 30b , dataVal : ffffff508620
144 [140405546936000] INFO perfrun.perfcollector <> - DRY_RUN : "reg_type       = 4	event_id       = 19	reg_id         = c1	reg_value      = ffffff676971"
144 [140405546936000] INFO perfrun.perfcollector <> - eventId : 19 , dataAddr : c1 , dataVal : ffffff676971
144 [140405546936000] INFO perfrun.perfcollector <> - DRY_RUN : "reg_type       = 4	event_id       = 20	reg_id         = c2	reg_value      = ffffff676971"
144 [140405546936000] INFO perfrun.perfcollector <> - eventId : 20 , dataAddr : c2 , dataVal : ffffff676971
144 [140405546936000] INFO perfrun.perfcollector <> - DRY_RUN : "reg_type       = 4	event_id       = 21	reg_id         = c3	reg_value      = ffffff676971"
144 [140405546936000] INFO perfrun.perfcollector <> - eventId : 21 , dataAddr : c3 , dataVal : ffffff676971
144 [140405546936000] INFO perfrun.perfcollector <> - DRY_RUN : "reg_type       = 4	event_id       = 22	reg_id         = c4	reg_value      = ffffff676971"
144 [140405546936000] INFO perfrun.perfcollector <> - eventId : 22 , dataAddr : c4 , dataVal : ffffff676971
144 [140405546936000] INFO perfrun.perfcollector <> - DRY_RUN : "Group 5:"
144 [140405546936000] INFO perfrun.perfcollector <> - id : 5
144 [140405546936000] INFO perfrun.perfcollector <> - DRY_RUN : "INST_RETIRED.ANY: event id 2"
144 [140405546936000] INFO perfrun.perfcollector <> - eventName : INST_RETIRED.ANY , eventId : 2
144 [140405546936000] INFO perfrun.perfcollector <> - DRY_RUN : "CPU_CLK_UNHALTED.THREAD: event id 0"
144 [140405546936000] INFO perfrun.perfcollector <> - eventName : CPU_CLK_UNHALTED.THREAD , eventId : 0
144 [140405546936000] INFO perfrun.perfcollector <> - DRY_RUN : "CPU_CLK_UNHALTED.REF_TSC: event id 1"
144 [140405546936000] INFO perfrun.perfcollector <> - eventName : CPU_CLK_UNHALTED.REF_TSC , eventId : 1
144 [140405546936000] INFO perfrun.perfcollector <> - DRY_RUN : "MEM_UOPS_RETIRED.ALL_LOADS_PS: event id 23"
144 [140405546936000] INFO perfrun.perfcollector <> - eventName : MEM_UOPS_RETIRED.ALL_LOADS_PS , eventId : 23
144 [140405546936000] INFO perfrun.perfcollector <> - DRY_RUN : "MEM_UOPS_RETIRED.ALL_STORES_PS: event id 24"
144 [140405546936000] INFO perfrun.perfcollector <> - eventName : MEM_UOPS_RETIRED.ALL_STORES_PS , eventId : 24
144 [140405546936000] INFO perfrun.perfcollector <> - DRY_RUN : "MEM_LOAD_UOPS_L3_MISS_RETIRED.LOCAL_DRAM_PS: event id 25"
144 [140405546936000] INFO perfrun.perfcollector <> - eventName : MEM_LOAD_UOPS_L3_MISS_RETIRED.LOCAL_DRAM_PS , eventId : 25
144 [140405546936000] INFO perfrun.perfcollector <> - DRY_RUN : "MEM_LOAD_UOPS_L3_MISS_RETIRED.REMOTE_DRAM_PS: event id 26"
144 [140405546936000] INFO perfrun.perfcollector <> - eventName : MEM_LOAD_UOPS_L3_MISS_RETIRED.REMOTE_DRAM_PS , eventId : 26
144 [140405546936000] INFO perfrun.perfcollector <> - DRY_RUN : "CCCR"
144 [140405546936000] INFO perfrun.perfcollector <> - DRY_RUN : "reg_type       = 1	event_id       = g	reg_id         = 38f	reg_value      = 70000000f"
144 [140405546936000] INFO perfrun.perfcollector <> - eventId : g , ignored
144 [140405546936000] INFO perfrun.perfcollector <> - DRY_RUN : "reg_type       = 1	event_id       = g	reg_id         = 390	reg_value      = 70000000f"
144 [140405546936000] INFO perfrun.perfcollector <> - eventId : g , ignored
144 [140405546936000] INFO perfrun.perfcollector <> - DRY_RUN : "reg_type       = 1	event_id       = g	reg_id         = 3f1	reg_value      = f0000000f"
144 [140405546936000] INFO perfrun.perfcollector <> - eventId : g , ignored
144 [140405546936000] INFO perfrun.perfcollector <> - DRY_RUN : "reg_type       = 1	event_id       = g	reg_id         = 1d9	reg_value      = 1800"
144 [140405546936000] INFO perfrun.perfcollector <> - eventId : g , ignored
144 [140405546936000] INFO perfrun.perfcollector <> - DRY_RUN : "reg_type       = 1	event_id       = g	reg_id         = 38d	reg_value      = bbb"
144 [140405546936000] INFO perfrun.perfcollector <> - eventId : g , ignored
144 [140405546936000] INFO perfrun.perfcollector <> - DRY_RUN : "reg_type       = 1	event_id       = 23	reg_id         = 186	reg_value      = 4381d0"
144 [140405546936000] INFO perfrun.perfcollector <> - eventId : 23 , cccrAddr : 186 , cccrVal : 4381d0
144 [140405546936000] INFO perfrun.perfcollector <> - DRY_RUN : "reg_type       = 1	event_id       = 24	reg_id         = 187	reg_value      = 4382d0"
144 [140405546936000] INFO perfrun.perfcollector <> - eventId : 24 , cccrAddr : 187 , cccrVal : 4382d0
144 [140405546936000] INFO perfrun.perfcollector <> - DRY_RUN : "reg_type       = 1	event_id       = 25	reg_id         = 188	reg_value      = 4301d3"
144 [140405546936000] INFO perfrun.perfcollector <> - eventId : 25 , cccrAddr : 188 , cccrVal : 4301d3
144 [140405546936000] INFO perfrun.perfcollector <> - DRY_RUN : "reg_type       = 1	event_id       = 26	reg_id         = 189	reg_value      = 4304d3"
144 [140405546936000] INFO perfrun.perfcollector <> - eventId : 26 , cccrAddr : 189 , cccrVal : 4304d3
144 [140405546936000] INFO perfrun.perfcollector <> - DRY_RUN : "ESCR"
144 [140405546936000] INFO perfrun.perfcollector <> - DRY_RUN : "reg_type       = 2	event_id       = g	reg_id         = 1c8	reg_value      = 0"
144 [140405546936000] INFO perfrun.perfcollector <> - eventId : g , ignored
144 [140405546936000] INFO perfrun.perfcollector <> - DRY_RUN : "DATA"
144 [140405546936000] INFO perfrun.perfcollector <> - DRY_RUN : "reg_type       = 4	event_id       = 2	reg_id         = 309	reg_value      = ffffff508620"
144 [140405546936000] INFO perfrun.perfcollector <> - eventId : 2 , dataAddr : 309 , dataVal : ffffff508620
144 [140405546936000] INFO perfrun.perfcollector <> - DRY_RUN : "reg_type       = 4	event_id       = 0	reg_id         = 30a	reg_value      = ffffff508620"
144 [140405546936000] INFO perfrun.perfcollector <> - eventId : 0 , dataAddr : 30a , dataVal : ffffff508620
144 [140405546936000] INFO perfrun.perfcollector <> - DRY_RUN : "reg_type       = 4	event_id       = 1	reg_id         = 30b	reg_value      = ffffff508620"
144 [140405546936000] INFO perfrun.perfcollector <> - eventId : 1 , dataAddr : 30b , dataVal : ffffff508620
144 [140405546936000] INFO perfrun.perfcollector <> - DRY_RUN : "reg_type       = 4	event_id       = 23	reg_id         = c1	reg_value      = fffffff85ed1"
144 [140405546936000] INFO perfrun.perfcollector <> - eventId : 23 , dataAddr : c1 , dataVal : fffffff85ed1
144 [140405546936000] INFO perfrun.perfcollector <> - DRY_RUN : "reg_type       = 4	event_id       = 24	reg_id         = c2	reg_value      = fffffff85ed1"
144 [140405546936000] INFO perfrun.perfcollector <> - eventId : 24 , dataAddr : c2 , dataVal : fffffff85ed1
144 [140405546936000] INFO perfrun.perfcollector <> - DRY_RUN : "reg_type       = 4	event_id       = 25	reg_id         = c3	reg_value      = fffffff85ed1"
144 [140405546936000] INFO perfrun.perfcollector <> - eventId : 25 , dataAddr : c3 , dataVal : fffffff85ed1
144 [140405546936000] INFO perfrun.perfcollector <> - DRY_RUN : "reg_type       = 4	event_id       = 26	reg_id         = c4	reg_value      = fffffff85ed1"
144 [140405546936000] INFO perfrun.perfcollector <> - eventId : 26 , dataAddr : c4 , dataVal : fffffff85ed1
144 [140405546936000] INFO perfrun.perfcollector <> - DRY_RUN : "Group 6:"
144 [140405546936000] INFO perfrun.perfcollector <> - id : 6
144 [140405546936000] INFO perfrun.perfcollector <> - DRY_RUN : "INST_RETIRED.ANY: event id 2"
144 [140405546936000] INFO perfrun.perfcollector <> - eventName : INST_RETIRED.ANY , eventId : 2
144 [140405546936000] INFO perfrun.perfcollector <> - DRY_RUN : "CPU_CLK_UNHALTED.THREAD: event id 0"
144 [140405546936000] INFO perfrun.perfcollector <> - eventName : CPU_CLK_UNHALTED.THREAD , eventId : 0
144 [140405546936000] INFO perfrun.perfcollector <> - DRY_RUN : "CPU_CLK_UNHALTED.REF_TSC: event id 1"
144 [140405546936000] INFO perfrun.perfcollector <> - eventName : CPU_CLK_UNHALTED.REF_TSC , eventId : 1
144 [140405546936000] INFO perfrun.perfcollector <> - DRY_RUN : "MEM_LOAD_UOPS_L3_MISS_RETIRED.REMOTE_HITM_PS: event id 27"
144 [140405546936000] INFO perfrun.perfcollector <> - eventName : MEM_LOAD_UOPS_L3_MISS_RETIRED.REMOTE_HITM_PS , eventId : 27
144 [140405546936000] INFO perfrun.perfcollector <> - DRY_RUN : "MEM_LOAD_UOPS_L3_MISS_RETIRED.REMOTE_FWD_PS: event id 28"
144 [140405546936000] INFO perfrun.perfcollector <> - eventName : MEM_LOAD_UOPS_L3_MISS_RETIRED.REMOTE_FWD_PS , eventId : 28
144 [140405546936000] INFO perfrun.perfcollector <> - DRY_RUN : "CCCR"
144 [140405546936000] INFO perfrun.perfcollector <> - DRY_RUN : "reg_type       = 1	event_id       = g	reg_id         = 38f	reg_value      = 700000003"
144 [140405546936000] INFO perfrun.perfcollector <> - eventId : g , ignored
144 [140405546936000] INFO perfrun.perfcollector <> - DRY_RUN : "reg_type       = 1	event_id       = g	reg_id         = 390	reg_value      = 700000003"
144 [140405546936000] INFO perfrun.perfcollector <> - eventId : g , ignored
145 [140405546936000] INFO perfrun.perfcollector <> - DRY_RUN : "reg_type       = 1	event_id       = g	reg_id         = 3f1	reg_value      = 300000003"
145 [140405546936000] INFO perfrun.perfcollector <> - eventId : g , ignored
145 [140405546936000] INFO perfrun.perfcollector <> - DRY_RUN : "reg_type       = 1	event_id       = g	reg_id         = 1d9	reg_value      = 1800"
145 [140405546936000] INFO perfrun.perfcollector <> - eventId : g , ignored
145 [140405546936000] INFO perfrun.perfcollector <> - DRY_RUN : "reg_type       = 1	event_id       = g	reg_id         = 38d	reg_value      = bbb"
145 [140405546936000] INFO perfrun.perfcollector <> - eventId : g , ignored
145 [140405546936000] INFO perfrun.perfcollector <> - DRY_RUN : "reg_type       = 1	event_id       = 27	reg_id         = 186	reg_value      = 4310d3"
145 [140405546936000] INFO perfrun.perfcollector <> - eventId : 27 , cccrAddr : 186 , cccrVal : 4310d3
145 [140405546936000] INFO perfrun.perfcollector <> - DRY_RUN : "reg_type       = 1	event_id       = 28	reg_id         = 187	reg_value      = 4320d3"
145 [140405546936000] INFO perfrun.perfcollector <> - eventId : 28 , cccrAddr : 187 , cccrVal : 4320d3
145 [140405546936000] INFO perfrun.perfcollector <> - DRY_RUN : "ESCR"
145 [140405546936000] INFO perfrun.perfcollector <> - DRY_RUN : "reg_type       = 2	event_id       = g	reg_id         = 1c8	reg_value      = 0"
145 [140405546936000] INFO perfrun.perfcollector <> - eventId : g , ignored
145 [140405546936000] INFO perfrun.perfcollector <> - DRY_RUN : "DATA"
145 [140405546936000] INFO perfrun.perfcollector <> - DRY_RUN : "reg_type       = 4	event_id       = 2	reg_id         = 309	reg_value      = ffffff508620"
145 [140405546936000] INFO perfrun.perfcollector <> - eventId : 2 , dataAddr : 309 , dataVal : ffffff508620
145 [140405546936000] INFO perfrun.perfcollector <> - DRY_RUN : "reg_type       = 4	event_id       = 0	reg_id         = 30a	reg_value      = ffffff508620"
145 [140405546936000] INFO perfrun.perfcollector <> - eventId : 0 , dataAddr : 30a , dataVal : ffffff508620
145 [140405546936000] INFO perfrun.perfcollector <> - DRY_RUN : "reg_type       = 4	event_id       = 1	reg_id         = 30b	reg_value      = ffffff508620"
145 [140405546936000] INFO perfrun.perfcollector <> - eventId : 1 , dataAddr : 30b , dataVal : ffffff508620
145 [140405546936000] INFO perfrun.perfcollector <> - DRY_RUN : "reg_type       = 4	event_id       = 27	reg_id         = c1	reg_value      = fffffff85ed1"
145 [140405546936000] INFO perfrun.perfcollector <> - eventId : 27 , dataAddr : c1 , dataVal : fffffff85ed1
145 [140405546936000] INFO perfrun.perfcollector <> - DRY_RUN : "reg_type       = 4	event_id       = 28	reg_id         = c2	reg_value      = fffffff85ed1"
145 [140405546936000] INFO perfrun.perfcollector <> - eventId : 28 , dataAddr : c2 , dataVal : fffffff85ed1
145 [140405546936000] INFO perfrun.perfcollector <> - DRY_RUN : "PMU type: Uncore (imc)"
152 [140405546936000] INFO perfrun.perfcollector <> - pmu type : uncore_imc
152 [140405546936000] INFO perfrun.perfcollector <> - DRY_RUN : "Number of units: 8"
152 [140405546936000] INFO perfrun.perfcollector <> - id : 8
152 [140405546936000] INFO perfrun.perfcollector <> - DRY_RUN : "Group 0:"
152 [140405546936000] INFO perfrun.perfcollector <> - id : 0
152 [140405546936000] INFO perfrun.perfcollector <> - DRY_RUN : "UNC_M_CAS_COUNT.RD: event id 29"
152 [140405546936000] INFO perfrun.perfcollector <> - eventName : UNC_M_CAS_COUNT.RD , eventId : 29
152 [140405546936000] INFO perfrun.perfcollector <> - DRY_RUN : "UNC_M_CAS_COUNT.WR: event id 30"
152 [140405546936000] INFO perfrun.perfcollector <> - eventName : UNC_M_CAS_COUNT.WR , eventId : 30
152 [140405546936000] INFO perfrun.perfcollector <> - DRY_RUN : "CCCR"
152 [140405546936000] INFO perfrun.perfcollector <> - DRY_RUN : "idx = 0	reg_type       = 1	event_id = 30	reg_id         = 700	reg_value      = 80000000	bar_index      = 0"
152 [140405546936000] INFO perfrun.perfcollector <> - eventId : 30 , cccrAddr : 700 , cccrVal : 80000000
152 [140405546936000] INFO perfrun.perfcollector <> - DRY_RUN : "idx = 2	reg_type       = 5	event_id = 29	reg_id         = d8	reg_value      = 400304	bar_index      = 0"
152 [140405546936000] INFO perfrun.perfcollector <> - eventId : 29 , cccrAddr : d8 , cccrVal : 400304
152 [140405546936000] INFO perfrun.perfcollector <> - DRY_RUN : "idx = 3	reg_type       = 5	event_id = 30	reg_id         = dc	reg_value      = 400c04	bar_index      = 0"
152 [140405546936000] INFO perfrun.perfcollector <> - eventId : 30 , cccrAddr : dc , cccrVal : 400c04
152 [140405546936000] INFO perfrun.perfcollector <> - DRY_RUN : "idx = 6	reg_type       = 2	event_id = g	reg_id         = f4	reg_value      = 0	bar_index      = 0"
152 [140405546936000] INFO perfrun.perfcollector <> - eventId : g , ignored
152 [140405546936000] INFO perfrun.perfcollector <> - DRY_RUN : "idx = 8	reg_type       = 5	event_id = 29	reg_id         = d8	reg_value      = 400304	bar_index      = 0"
152 [140405546936000] INFO perfrun.perfcollector <> - eventId : 29 , cccrAddr : d8 , cccrVal : 400304
152 [140405546936000] INFO perfrun.perfcollector <> - DRY_RUN : "idx = 9	reg_type       = 5	event_id = 30	reg_id         = dc	reg_value      = 400c04	bar_index      = 0"
152 [140405546936000] INFO perfrun.perfcollector <> - eventId : 30 , cccrAddr : dc , cccrVal : 400c04
152 [140405546936000] INFO perfrun.perfcollector <> - DRY_RUN : "idx = 12	reg_type       = 2	event_id = g	reg_id         = f4	reg_value      = 0	bar_index      = 0"
152 [140405546936000] INFO perfrun.perfcollector <> - eventId : g , ignored
152 [140405546936000] INFO perfrun.perfcollector <> - DRY_RUN : "idx = 14	reg_type       = 5	event_id = 29	reg_id         = d8	reg_value      = 400304	bar_index      = 0"
152 [140405546936000] INFO perfrun.perfcollector <> - eventId : 29 , cccrAddr : d8 , cccrVal : 400304
152 [140405546936000] INFO perfrun.perfcollector <> - DRY_RUN : "idx = 15	reg_type       = 5	event_id = 30	reg_id         = dc	reg_value      = 400c04	bar_index      = 0"
152 [140405546936000] INFO perfrun.perfcollector <> - eventId : 30 , cccrAddr : dc , cccrVal : 400c04
152 [140405546936000] INFO perfrun.perfcollector <> - DRY_RUN : "idx = 18	reg_type       = 2	event_id = g	reg_id         = f4	reg_value      = 0	bar_index      = 0"
152 [140405546936000] INFO perfrun.perfcollector <> - eventId : g , ignored
152 [140405546936000] INFO perfrun.perfcollector <> - DRY_RUN : "idx = 20	reg_type       = 5	event_id = 29	reg_id         = d8	reg_value      = 400304	bar_index      = 0"
152 [140405546936000] INFO perfrun.perfcollector <> - eventId : 29 , cccrAddr : d8 , cccrVal : 400304
152 [140405546936000] INFO perfrun.perfcollector <> - DRY_RUN : "idx = 21	reg_type       = 5	event_id = 30	reg_id         = dc	reg_value      = 400c04	bar_index      = 0"
152 [140405546936000] INFO perfrun.perfcollector <> - eventId : 30 , cccrAddr : dc , cccrVal : 400c04
152 [140405546936000] INFO perfrun.perfcollector <> - DRY_RUN : "idx = 24	reg_type       = 2	event_id = g	reg_id         = f4	reg_value      = 0	bar_index      = 0"
152 [140405546936000] INFO perfrun.perfcollector <> - eventId : g , ignored
152 [140405546936000] INFO perfrun.perfcollector <> - DRY_RUN : "idx = 26	reg_type       = 5	event_id = 29	reg_id         = d8	reg_value      = 400304	bar_index      = 0"
152 [140405546936000] INFO perfrun.perfcollector <> - eventId : 29 , cccrAddr : d8 , cccrVal : 400304
152 [140405546936000] INFO perfrun.perfcollector <> - DRY_RUN : "idx = 27	reg_type       = 5	event_id = 30	reg_id         = dc	reg_value      = 400c04	bar_index      = 0"
152 [140405546936000] INFO perfrun.perfcollector <> - eventId : 30 , cccrAddr : dc , cccrVal : 400c04
152 [140405546936000] INFO perfrun.perfcollector <> - DRY_RUN : "idx = 30	reg_type       = 2	event_id = g	reg_id         = f4	reg_value      = 0	bar_index      = 0"
152 [140405546936000] INFO perfrun.perfcollector <> - eventId : g , ignored
152 [140405546936000] INFO perfrun.perfcollector <> - DRY_RUN : "idx = 32	reg_type       = 5	event_id = 29	reg_id         = d8	reg_value      = 400304	bar_index      = 0"
152 [140405546936000] INFO perfrun.perfcollector <> - eventId : 29 , cccrAddr : d8 , cccrVal : 400304
152 [140405546936000] INFO perfrun.perfcollector <> - DRY_RUN : "idx = 33	reg_type       = 5	event_id = 30	reg_id         = dc	reg_value      = 400c04	bar_index      = 0"
152 [140405546936000] INFO perfrun.perfcollector <> - eventId : 30 , cccrAddr : dc , cccrVal : 400c04
152 [140405546936000] INFO perfrun.perfcollector <> - DRY_RUN : "idx = 36	reg_type       = 2	event_id = g	reg_id         = f4	reg_value      = 0	bar_index      = 0"
152 [140405546936000] INFO perfrun.perfcollector <> - eventId : g , ignored
152 [140405546936000] INFO perfrun.perfcollector <> - DRY_RUN : "idx = 38	reg_type       = 5	event_id = 29	reg_id         = d8	reg_value      = 400304	bar_index      = 0"
152 [140405546936000] INFO perfrun.perfcollector <> - eventId : 29 , cccrAddr : d8 , cccrVal : 400304
152 [140405546936000] INFO perfrun.perfcollector <> - DRY_RUN : "idx = 39	reg_type       = 5	event_id = 30	reg_id         = dc	reg_value      = 400c04	bar_index      = 0"
152 [140405546936000] INFO perfrun.perfcollector <> - eventId : 30 , cccrAddr : dc , cccrVal : 400c04
152 [140405546936000] INFO perfrun.perfcollector <> - DRY_RUN : "idx = 42	reg_type       = 2	event_id = g	reg_id         = f4	reg_value      = 0	bar_index      = 0"
152 [140405546936000] INFO perfrun.perfcollector <> - eventId : g , ignored
152 [140405546936000] INFO perfrun.perfcollector <> - DRY_RUN : "idx = 44	reg_type       = 5	event_id = 29	reg_id         = d8	reg_value      = 400304	bar_index      = 0"
152 [140405546936000] INFO perfrun.perfcollector <> - eventId : 29 , cccrAddr : d8 , cccrVal : 400304
152 [140405546936000] INFO perfrun.perfcollector <> - DRY_RUN : "idx = 45	reg_type       = 5	event_id = 30	reg_id         = dc	reg_value      = 400c04	bar_index      = 0"
152 [140405546936000] INFO perfrun.perfcollector <> - eventId : 30 , cccrAddr : dc , cccrVal : 400c04
152 [140405546936000] INFO perfrun.perfcollector <> - DRY_RUN : "idx = 48	reg_type       = 2	event_id = g	reg_id         = f4	reg_value      = 0	bar_index      = 0"
152 [140405546936000] INFO perfrun.perfcollector <> - eventId : g , ignored
152 [140405546936000] INFO perfrun.perfcollector <> - DRY_RUN : "ESCR"
152 [140405546936000] INFO perfrun.perfcollector <> - DRY_RUN : "DATA"
152 [140405546936000] INFO perfrun.perfcollector <> - DRY_RUN : "idx = 50	reg_type       = 4	event_id       = 29	reg_id         = a0	reg_value      = 0	pci reg_id  offset    = 0xa0	pci reg id  data_size = 0	bar_index      = 0"
152 [140405546936000] INFO perfrun.perfcollector <> - eventId : 29 , dataAddr : a0 , dataVal : 0
152 [140405546936000] INFO perfrun.perfcollector <> - DRY_RUN : "idx = 51	reg_type       = 4	event_id       = 30	reg_id         = a8	reg_value      = 0	pci reg_id  offset    = 0xa8	pci reg id  data_size = 0	bar_index      = 0"
152 [140405546936000] INFO perfrun.perfcollector <> - eventId : 30 , dataAddr : a8 , dataVal : 0
152 [140405546936000] INFO perfrun.perfcollector <> - DRY_RUN : "idx = 55	reg_type       = 4	event_id       = 29	reg_id         = a0	reg_value      = 0	pci reg_id  offset    = 0xa0	pci reg id  data_size = 0	bar_index      = 0"
152 [140405546936000] INFO perfrun.perfcollector <> - eventId : 29 , dataAddr : a0 , dataVal : 0
152 [140405546936000] INFO perfrun.perfcollector <> - DRY_RUN : "idx = 56	reg_type       = 4	event_id       = 30	reg_id         = a8	reg_value      = 0	pci reg_id  offset    = 0xa8	pci reg id  data_size = 0	bar_index      = 0"
152 [140405546936000] INFO perfrun.perfcollector <> - eventId : 30 , dataAddr : a8 , dataVal : 0
152 [140405546936000] INFO perfrun.perfcollector <> - DRY_RUN : "idx = 60	reg_type       = 4	event_id       = 29	reg_id         = a0	reg_value      = 0	pci reg_id  offset    = 0xa0	pci reg id  data_size = 0	bar_index      = 0"
152 [140405546936000] INFO perfrun.perfcollector <> - eventId : 29 , dataAddr : a0 , dataVal : 0
152 [140405546936000] INFO perfrun.perfcollector <> - DRY_RUN : "idx = 61	reg_type       = 4	event_id       = 30	reg_id         = a8	reg_value      = 0	pci reg_id  offset    = 0xa8	pci reg id  data_size = 0	bar_index      = 0"
152 [140405546936000] INFO perfrun.perfcollector <> - eventId : 30 , dataAddr : a8 , dataVal : 0
152 [140405546936000] INFO perfrun.perfcollector <> - DRY_RUN : "idx = 65	reg_type       = 4	event_id       = 29	reg_id         = a0	reg_value      = 0	pci reg_id  offset    = 0xa0	pci reg id  data_size = 0	bar_index      = 0"
152 [140405546936000] INFO perfrun.perfcollector <> - eventId : 29 , dataAddr : a0 , dataVal : 0
152 [140405546936000] INFO perfrun.perfcollector <> - DRY_RUN : "idx = 66	reg_type       = 4	event_id       = 30	reg_id         = a8	reg_value      = 0	pci reg_id  offset    = 0xa8	pci reg id  data_size = 0	bar_index      = 0"
152 [140405546936000] INFO perfrun.perfcollector <> - eventId : 30 , dataAddr : a8 , dataVal : 0
152 [140405546936000] INFO perfrun.perfcollector <> - DRY_RUN : "idx = 70	reg_type       = 4	event_id       = 29	reg_id         = a0	reg_value      = 0	pci reg_id  offset    = 0xa0	pci reg id  data_size = 0	bar_index      = 0"
152 [140405546936000] INFO perfrun.perfcollector <> - eventId : 29 , dataAddr : a0 , dataVal : 0
152 [140405546936000] INFO perfrun.perfcollector <> - DRY_RUN : "idx = 71	reg_type       = 4	event_id       = 30	reg_id         = a8	reg_value      = 0	pci reg_id  offset    = 0xa8	pci reg id  data_size = 0	bar_index      = 0"
152 [140405546936000] INFO perfrun.perfcollector <> - eventId : 30 , dataAddr : a8 , dataVal : 0
152 [140405546936000] INFO perfrun.perfcollector <> - DRY_RUN : "idx = 75	reg_type       = 4	event_id       = 29	reg_id         = a0	reg_value      = 0	pci reg_id  offset    = 0xa0	pci reg id  data_size = 0	bar_index      = 0"
152 [140405546936000] INFO perfrun.perfcollector <> - eventId : 29 , dataAddr : a0 , dataVal : 0
152 [140405546936000] INFO perfrun.perfcollector <> - DRY_RUN : "idx = 76	reg_type       = 4	event_id       = 30	reg_id         = a8	reg_value      = 0	pci reg_id  offset    = 0xa8	pci reg id  data_size = 0	bar_index      = 0"
152 [140405546936000] INFO perfrun.perfcollector <> - eventId : 30 , dataAddr : a8 , dataVal : 0
152 [140405546936000] INFO perfrun.perfcollector <> - DRY_RUN : "idx = 80	reg_type       = 4	event_id       = 29	reg_id         = a0	reg_value      = 0	pci reg_id  offset    = 0xa0	pci reg id  data_size = 0	bar_index      = 0"
152 [140405546936000] INFO perfrun.perfcollector <> - eventId : 29 , dataAddr : a0 , dataVal : 0
152 [140405546936000] INFO perfrun.perfcollector <> - DRY_RUN : "idx = 81	reg_type       = 4	event_id       = 30	reg_id         = a8	reg_value      = 0	pci reg_id  offset    = 0xa8	pci reg id  data_size = 0	bar_index      = 0"
152 [140405546936000] INFO perfrun.perfcollector <> - eventId : 30 , dataAddr : a8 , dataVal : 0
152 [140405546936000] INFO perfrun.perfcollector <> - DRY_RUN : "idx = 85	reg_type       = 4	event_id       = 29	reg_id         = a0	reg_value      = 0	pci reg_id  offset    = 0xa0	pci reg id  data_size = 0	bar_index      = 0"
152 [140405546936000] INFO perfrun.perfcollector <> - eventId : 29 , dataAddr : a0 , dataVal : 0
152 [140405546936000] INFO perfrun.perfcollector <> - DRY_RUN : "idx = 86	reg_type       = 4	event_id       = 30	reg_id         = a8	reg_value      = 0	pci reg_id  offset    = 0xa8	pci reg id  data_size = 0	bar_index      = 0"
152 [140405546936000] INFO perfrun.perfcollector <> - eventId : 30 , dataAddr : a8 , dataVal : 0
152 [140405546936000] INFO perfrun.perfcollector <> - pmu config : cpu , m_cccrAddr : ffffffff , m_cccrVal : 0 , m_escrAddr : ffffffff , m_escrVal : 0 , m_dataAddr : 30a , m_dataVal : ffffffffff508620
152 [140405546936000] INFO perfrun.perfcollector <> - config : event : 3c
152 [140405546936000] INFO perfrun.perfcollector <> - config : pc : 0
152 [140405546936000] INFO perfrun.perfcollector <> - config : edge : 0
152 [140405546936000] INFO perfrun.perfcollector <> - config : any : 0
152 [140405546936000] INFO perfrun.perfcollector <> - config1 : offcore_rsp : 0
152 [140405546936000] INFO perfrun.perfcollector <> - config1 : ldlat : 0
152 [140405546936000] INFO perfrun.perfcollector <> - config : inv : 0
152 [140405546936000] INFO perfrun.perfcollector <> - config : umask : 0
152 [140405546936000] INFO perfrun.perfcollector <> - config : cmask : 0
152 [140405546936000] INFO perfrun.perfcollector <> - format : cpu/period=0xaf79e0,event=0x3c,name='CPU_CLK_UNHALTED.THREAD'/D
153 [140405546936000] INFO perfrun.perfcollector <> - pmu config : cpu , m_cccrAddr : ffffffff , m_cccrVal : 0 , m_escrAddr : ffffffff , m_escrVal : 0 , m_dataAddr : 30b , m_dataVal : ffffffffff508620
153 [140405546936000] INFO perfrun.perfcollector <> - config : event : 0
153 [140405546936000] INFO perfrun.perfcollector <> - config : pc : 0
153 [140405546936000] INFO perfrun.perfcollector <> - config : edge : 0
153 [140405546936000] INFO perfrun.perfcollector <> - config : any : 0
153 [140405546936000] INFO perfrun.perfcollector <> - config1 : offcore_rsp : 0
153 [140405546936000] INFO perfrun.perfcollector <> - config1 : ldlat : 0
153 [140405546936000] INFO perfrun.perfcollector <> - config : inv : 0
153 [140405546936000] INFO perfrun.perfcollector <> - config : umask : 3
153 [140405546936000] INFO perfrun.perfcollector <> - config : cmask : 0
153 [140405546936000] INFO perfrun.perfcollector <> - format : cpu/period=0xaf79e0,umask=0x3,name='CPU_CLK_UNHALTED.REF_TSC'/D
153 [140405546936000] INFO perfrun.perfcollector <> - pmu config : cpu , m_cccrAddr : ffffffff , m_cccrVal : 0 , m_escrAddr : ffffffff , m_escrVal : 0 , m_dataAddr : 309 , m_dataVal : ffffffffff508620
153 [140405546936000] INFO perfrun.perfcollector <> - config : event : c0
153 [140405546936000] INFO perfrun.perfcollector <> - config : pc : 0
153 [140405546936000] INFO perfrun.perfcollector <> - config : edge : 0
153 [140405546936000] INFO perfrun.perfcollector <> - config : any : 0
153 [140405546936000] INFO perfrun.perfcollector <> - config1 : offcore_rsp : 0
153 [140405546936000] INFO perfrun.perfcollector <> - config1 : ldlat : 0
153 [140405546936000] INFO perfrun.perfcollector <> - config : inv : 0
153 [140405546936000] INFO perfrun.perfcollector <> - config : umask : 0
153 [140405546936000] INFO perfrun.perfcollector <> - config : cmask : 0
153 [140405546936000] INFO perfrun.perfcollector <> - format : cpu/period=0xaf79e0,event=0xc0,name='INST_RETIRED.ANY'/D
153 [140405546936000] INFO perfrun.perfcollector <> - pmu config : cpu , m_cccrAddr : 188 , m_cccrVal : c530ca3 , m_escrAddr : ffffffff , m_escrVal : 0 , m_dataAddr : c3 , m_dataVal : ffffffffff676971
153 [140405546936000] INFO perfrun.perfcollector <> - config : event : a3
153 [140405546936000] INFO perfrun.perfcollector <> - config : pc : 0
153 [140405546936000] INFO perfrun.perfcollector <> - config : edge : 0
153 [140405546936000] INFO perfrun.perfcollector <> - config : any : 0
153 [140405546936000] INFO perfrun.perfcollector <> - config1 : offcore_rsp : 0
153 [140405546936000] INFO perfrun.perfcollector <> - config1 : ldlat : 0
153 [140405546936000] INFO perfrun.perfcollector <> - config : inv : 0
153 [140405546936000] INFO perfrun.perfcollector <> - config : umask : c
153 [140405546936000] INFO perfrun.perfcollector <> - config : cmask : c
153 [140405546936000] INFO perfrun.perfcollector <> - format : cpu/period=0x98968f,event=0xa3,umask=0xc,cmask=0xc,name='CYCLE_ACTIVITY.STALLS_L1D_PENDING'/
153 [140405546936000] INFO perfrun.perfcollector <> - pmu config : cpu , m_cccrAddr : 186 , m_cccrVal : 53013c , m_escrAddr : ffffffff , m_escrVal : 0 , m_dataAddr : c1 , m_dataVal : fffffffffff85ed1
153 [140405546936000] INFO perfrun.perfcollector <> - config : event : 3c
153 [140405546936000] INFO perfrun.perfcollector <> - config : pc : 0
153 [140405546936000] INFO perfrun.perfcollector <> - config : edge : 0
153 [140405546936000] INFO perfrun.perfcollector <> - config : any : 0
153 [140405546936000] INFO perfrun.perfcollector <> - config1 : offcore_rsp : 0
153 [140405546936000] INFO perfrun.perfcollector <> - config1 : ldlat : 0
153 [140405546936000] INFO perfrun.perfcollector <> - config : inv : 0
153 [140405546936000] INFO perfrun.perfcollector <> - config : umask : 1
153 [140405546936000] INFO perfrun.perfcollector <> - config : cmask : 0
153 [140405546936000] INFO perfrun.perfcollector <> - format : cpu/period=0x7a12f,event=0x3c,umask=0x1,name='CPU_CLK_UNHALTED.REF_XCLK'/
153 [140405546936000] INFO perfrun.perfcollector <> - pmu config : cpu , m_cccrAddr : 187 , m_cccrVal : 53023c , m_escrAddr : ffffffff , m_escrVal : 0 , m_dataAddr : c2 , m_dataVal : fffffffffff85ed1
153 [140405546936000] INFO perfrun.perfcollector <> - config : event : 3c
153 [140405546936000] INFO perfrun.perfcollector <> - config : pc : 0
153 [140405546936000] INFO perfrun.perfcollector <> - config : edge : 0
153 [140405546936000] INFO perfrun.perfcollector <> - config : any : 0
153 [140405546936000] INFO perfrun.perfcollector <> - config1 : offcore_rsp : 0
153 [140405546936000] INFO perfrun.perfcollector <> - config1 : ldlat : 0
153 [140405546936000] INFO perfrun.perfcollector <> - config : inv : 0
153 [140405546936000] INFO perfrun.perfcollector <> - config : umask : 2
153 [140405546936000] INFO perfrun.perfcollector <> - config : cmask : 0
153 [140405546936000] INFO perfrun.perfcollector <> - format : cpu/period=0x7a12f,event=0x3c,umask=0x2,name='CPU_CLK_UNHALTED.ONE_THREAD_ACTIVE'/
153 [140405546936000] INFO perfrun.perfcollector <> - pmu config : cpu , m_cccrAddr : 189 , m_cccrVal : 45304a3 , m_escrAddr : ffffffff , m_escrVal : 0 , m_dataAddr : c4 , m_dataVal : ffffffffff676971
153 [140405546936000] INFO perfrun.perfcollector <> - config : event : a3
153 [140405546936000] INFO perfrun.perfcollector <> - config : pc : 0
153 [140405546936000] INFO perfrun.perfcollector <> - config : edge : 0
153 [140405546936000] INFO perfrun.perfcollector <> - config : any : 0
153 [140405546936000] INFO perfrun.perfcollector <> - config1 : offcore_rsp : 0
153 [140405546936000] INFO perfrun.perfcollector <> - config1 : ldlat : 0
153 [140405546936000] INFO perfrun.perfcollector <> - config : inv : 0
153 [140405546936000] INFO perfrun.perfcollector <> - config : umask : 4
153 [140405546936000] INFO perfrun.perfcollector <> - config : cmask : 4
153 [140405546936000] INFO perfrun.perfcollector <> - format : cpu/period=0x98968f,event=0xa3,umask=0x4,cmask=0x4,name='CYCLE_ACTIVITY.CYCLES_NO_EXECUTE'/
153 [140405546936000] INFO perfrun.perfcollector <> - pmu config : cpu , m_cccrAddr : 186 , m_cccrVal : 65306a3 , m_escrAddr : ffffffff , m_escrVal : 0 , m_dataAddr : c1 , m_dataVal : ffffffffff676971
153 [140405546936000] INFO perfrun.perfcollector <> - config : event : a3
153 [140405546936000] INFO perfrun.perfcollector <> - config : pc : 0
153 [140405546936000] INFO perfrun.perfcollector <> - config : edge : 0
153 [140405546936000] INFO perfrun.perfcollector <> - config : any : 0
153 [140405546936000] INFO perfrun.perfcollector <> - config1 : offcore_rsp : 0
153 [140405546936000] INFO perfrun.perfcollector <> - config1 : ldlat : 0
153 [140405546936000] INFO perfrun.perfcollector <> - config : inv : 0
153 [140405546936000] INFO perfrun.perfcollector <> - config : umask : 6
153 [140405546936000] INFO perfrun.perfcollector <> - config : cmask : 6
153 [140405546936000] INFO perfrun.perfcollector <> - format : cpu/period=0x98968f,event=0xa3,umask=0x6,cmask=0x6,name='CYCLE_ACTIVITY.STALLS_LDM_PENDING'/
153 [140405546936000] INFO perfrun.perfcollector <> - pmu config : cpu , m_cccrAddr : 187 , m_cccrVal : 55305a3 , m_escrAddr : ffffffff , m_escrVal : 0 , m_dataAddr : c2 , m_dataVal : ffffffffff676971
153 [140405546936000] INFO perfrun.perfcollector <> - config : event : a3
153 [140405546936000] INFO perfrun.perfcollector <> - config : pc : 0
153 [140405546936000] INFO perfrun.perfcollector <> - config : edge : 0
153 [140405546936000] INFO perfrun.perfcollector <> - config : any : 0
153 [140405546936000] INFO perfrun.perfcollector <> - config1 : offcore_rsp : 0
153 [140405546936000] INFO perfrun.perfcollector <> - config1 : ldlat : 0
153 [140405546936000] INFO perfrun.perfcollector <> - config : inv : 0
153 [140405546936000] INFO perfrun.perfcollector <> - config : umask : 5
153 [140405546936000] INFO perfrun.perfcollector <> - config : cmask : 5
153 [140405546936000] INFO perfrun.perfcollector <> - format : cpu/period=0x98968f,event=0xa3,umask=0x5,cmask=0x5,name='CYCLE_ACTIVITY.STALLS_L2_PENDING'/
153 [140405546936000] INFO perfrun.perfcollector <> - pmu config : cpu , m_cccrAddr : 188 , m_cccrVal : 53019c , m_escrAddr : ffffffff , m_escrVal : 0 , m_dataAddr : c3 , m_dataVal : ffffffffff676971
153 [140405546936000] INFO perfrun.perfcollector <> - config : event : 9c
153 [140405546936000] INFO perfrun.perfcollector <> - config : pc : 0
153 [140405546936000] INFO perfrun.perfcollector <> - config : edge : 0
153 [140405546936000] INFO perfrun.perfcollector <> - config : any : 0
153 [140405546936000] INFO perfrun.perfcollector <> - config1 : offcore_rsp : 0
153 [140405546936000] INFO perfrun.perfcollector <> - config1 : ldlat : 0
153 [140405546936000] INFO perfrun.perfcollector <> - config : inv : 0
153 [140405546936000] INFO perfrun.perfcollector <> - config : umask : 1
153 [140405546936000] INFO perfrun.perfcollector <> - config : cmask : 0
153 [140405546936000] INFO perfrun.perfcollector <> - format : cpu/period=0x98968f,event=0x9c,umask=0x1,name='IDQ_UOPS_NOT_DELIVERED.CORE'/
153 [140405546936000] INFO perfrun.perfcollector <> - pmu config : cpu , m_cccrAddr : 189 , m_cccrVal : 153030d , m_escrAddr : ffffffff , m_escrVal : 0 , m_dataAddr : c4 , m_dataVal : ffffffffff676971
153 [140405546936000] INFO perfrun.perfcollector <> - config : event : d
153 [140405546936000] INFO perfrun.perfcollector <> - config : pc : 0
153 [140405546936000] INFO perfrun.perfcollector <> - config : edge : 0
153 [140405546936000] INFO perfrun.perfcollector <> - config : any : 0
153 [140405546936000] INFO perfrun.perfcollector <> - config1 : offcore_rsp : 0
153 [140405546936000] INFO perfrun.perfcollector <> - config1 : ldlat : 0
153 [140405546936000] INFO perfrun.perfcollector <> - config : inv : 0
153 [140405546936000] INFO perfrun.perfcollector <> - config : umask : 3
153 [140405546936000] INFO perfrun.perfcollector <> - config : cmask : 1
153 [140405546936000] INFO perfrun.perfcollector <> - format : cpu/period=0x98968f,event=0xd,umask=0x3,cmask=0x1,name='INT_MISC.RECOVERY_CYCLES'/
153 [140405546936000] INFO perfrun.perfcollector <> - pmu config : cpu , m_cccrAddr : 186 , m_cccrVal : 4304d1 , m_escrAddr : ffffffff , m_escrVal : 0 , m_dataAddr : c1 , m_dataVal : fffffffffffc2f61
153 [140405546936000] INFO perfrun.perfcollector <> - config : event : d1
153 [140405546936000] INFO perfrun.perfcollector <> - config : pc : 0
153 [140405546936000] INFO perfrun.perfcollector <> - config : edge : 0
153 [140405546936000] INFO perfrun.perfcollector <> - config : any : 0
153 [140405546936000] INFO perfrun.perfcollector <> - config1 : offcore_rsp : 0
153 [140405546936000] INFO perfrun.perfcollector <> - config1 : ldlat : 0
153 [140405546936000] INFO perfrun.perfcollector <> - config : inv : 0
153 [140405546936000] INFO perfrun.perfcollector <> - config : umask : 4
153 [140405546936000] INFO perfrun.perfcollector <> - config : cmask : 0
153 [140405546936000] WARN perfrun.perfcollector <> - precise event : config : 4d1 , [m_cccrVal & impreciseMask(0x100000)] : 0, at file: vcs/perfrun1/plugins/perfcollector/src/event_manager.cpp:292
153 [140405546936000] INFO perfrun.perfcollector <> - format : cpu/period=0x3d09f,event=0xd1,umask=0x4,name='MEM_LOAD_UOPS_RETIRED.L3_HIT_PS'/
153 [140405546936000] INFO perfrun.perfcollector <> - pmu config : cpu , m_cccrAddr : 187 , m_cccrVal : 4320d1 , m_escrAddr : ffffffff , m_escrVal : 0 , m_dataAddr : c2 , m_dataVal : fffffffffffc2f61
153 [140405546936000] INFO perfrun.perfcollector <> - config : event : d1
153 [140405546936000] INFO perfrun.perfcollector <> - config : pc : 0
153 [140405546936000] INFO perfrun.perfcollector <> - config : edge : 0
153 [140405546936000] INFO perfrun.perfcollector <> - config : any : 0
153 [140405546936000] INFO perfrun.perfcollector <> - config1 : offcore_rsp : 0
153 [140405546936000] INFO perfrun.perfcollector <> - config1 : ldlat : 0
153 [140405546936000] INFO perfrun.perfcollector <> - config : inv : 0
153 [140405546936000] INFO perfrun.perfcollector <> - config : umask : 20
153 [140405546936000] INFO perfrun.perfcollector <> - config : cmask : 0
153 [140405546936000] WARN perfrun.perfcollector <> - precise event : config : 20d1 , [m_cccrVal & impreciseMask(0x100000)] : 0, at file: vcs/perfrun1/plugins/perfcollector/src/event_manager.cpp:292
153 [140405546936000] INFO perfrun.perfcollector <> - format : cpu/period=0x3d09f,event=0xd1,umask=0x20,name='MEM_LOAD_UOPS_RETIRED.L3_MISS_PS'/
153 [140405546936000] INFO perfrun.perfcollector <> - pmu config : cpu , m_cccrAddr : 188 , m_cccrVal : 1530860 , m_escrAddr : ffffffff , m_escrVal : 0 , m_dataAddr : c3 , m_dataVal : ffffffffff676971
153 [140405546936000] INFO perfrun.perfcollector <> - config : event : 60
153 [140405546936000] INFO perfrun.perfcollector <> - config : pc : 0
153 [140405546936000] INFO perfrun.perfcollector <> - config : edge : 0
153 [140405546936000] INFO perfrun.perfcollector <> - config : any : 0
153 [140405546936000] INFO perfrun.perfcollector <> - config1 : offcore_rsp : 0
153 [140405546936000] INFO perfrun.perfcollector <> - config1 : ldlat : 0
153 [140405546936000] INFO perfrun.perfcollector <> - config : inv : 0
153 [140405546936000] INFO perfrun.perfcollector <> - config : umask : 8
153 [140405546936000] INFO perfrun.perfcollector <> - config : cmask : 1
153 [140405546936000] INFO perfrun.perfcollector <> - format : cpu/period=0x98968f,event=0x60,umask=0x8,cmask=0x1,name='OFFCORE_REQUESTS_OUTSTANDING.CYCLES_WITH_DATA_RD'/
153 [140405546936000] INFO perfrun.perfcollector <> - pmu config : cpu , m_cccrAddr : 189 , m_cccrVal : 6530860 , m_escrAddr : ffffffff , m_escrVal : 0 , m_dataAddr : c4 , m_dataVal : ffffffffff676971
153 [140405546936000] INFO perfrun.perfcollector <> - config : event : 60
153 [140405546936000] INFO perfrun.perfcollector <> - config : pc : 0
153 [140405546936000] INFO perfrun.perfcollector <> - config : edge : 0
153 [140405546936000] INFO perfrun.perfcollector <> - config : any : 0
153 [140405546936000] INFO perfrun.perfcollector <> - config1 : offcore_rsp : 0
153 [140405546936000] INFO perfrun.perfcollector <> - config1 : ldlat : 0
153 [140405546936000] INFO perfrun.perfcollector <> - config : inv : 0
153 [140405546936000] INFO perfrun.perfcollector <> - config : umask : 8
153 [140405546936000] INFO perfrun.perfcollector <> - config : cmask : 6
153 [140405546936000] INFO perfrun.perfcollector <> - format : cpu/period=0x98968f,event=0x60,umask=0x8,cmask=0x6,name='OFFCORE_REQUESTS_OUTSTANDING.ALL_DATA_RD:cmask=6'/
153 [140405546936000] INFO perfrun.perfcollector <> - pmu config : cpu , m_cccrAddr : 186 , m_cccrVal : 5308a2 , m_escrAddr : ffffffff , m_escrVal : 0 , m_dataAddr : c1 , m_dataVal : ffffffffff676971
153 [140405546936000] INFO perfrun.perfcollector <> - config : event : a2
153 [140405546936000] INFO perfrun.perfcollector <> - config : pc : 0
153 [140405546936000] INFO perfrun.perfcollector <> - config : edge : 0
153 [140405546936000] INFO perfrun.perfcollector <> - config : any : 0
153 [140405546936000] INFO perfrun.perfcollector <> - config1 : offcore_rsp : 0
153 [140405546936000] INFO perfrun.perfcollector <> - config1 : ldlat : 0
154 [140405546936000] INFO perfrun.perfcollector <> - config : inv : 0
154 [140405546936000] INFO perfrun.perfcollector <> - config : umask : 8
154 [140405546936000] INFO perfrun.perfcollector <> - config : cmask : 0
154 [140405546936000] INFO perfrun.perfcollector <> - format : cpu/period=0x98968f,event=0xa2,umask=0x8,name='RESOURCE_STALLS.SB'/
154 [140405546936000] INFO perfrun.perfcollector <> - pmu config : cpu , m_cccrAddr : 187 , m_cccrVal : 53015e , m_escrAddr : ffffffff , m_escrVal : 0 , m_dataAddr : c2 , m_dataVal : ffffffffff676971
154 [140405546936000] INFO perfrun.perfcollector <> - config : event : 5e
154 [140405546936000] INFO perfrun.perfcollector <> - config : pc : 0
154 [140405546936000] INFO perfrun.perfcollector <> - config : edge : 0
154 [140405546936000] INFO perfrun.perfcollector <> - config : any : 0
154 [140405546936000] INFO perfrun.perfcollector <> - config1 : offcore_rsp : 0
154 [140405546936000] INFO perfrun.perfcollector <> - config1 : ldlat : 0
154 [140405546936000] INFO perfrun.perfcollector <> - config : inv : 0
154 [140405546936000] INFO perfrun.perfcollector <> - config : umask : 1
154 [140405546936000] INFO perfrun.perfcollector <> - config : cmask : 0
154 [140405546936000] INFO perfrun.perfcollector <> - format : cpu/period=0x98968f,event=0x5e,umask=0x1,name='RS_EVENTS.EMPTY_CYCLES'/
154 [140405546936000] INFO perfrun.perfcollector <> - pmu config : cpu , m_cccrAddr : 188 , m_cccrVal : 15302b1 , m_escrAddr : ffffffff , m_escrVal : 0 , m_dataAddr : c3 , m_dataVal : ffffffffff676971
154 [140405546936000] INFO perfrun.perfcollector <> - config : event : b1
154 [140405546936000] INFO perfrun.perfcollector <> - config : pc : 0
154 [140405546936000] INFO perfrun.perfcollector <> - config : edge : 0
154 [140405546936000] INFO perfrun.perfcollector <> - config : any : 0
154 [140405546936000] INFO perfrun.perfcollector <> - config1 : offcore_rsp : 0
154 [140405546936000] INFO perfrun.perfcollector <> - config1 : ldlat : 0
154 [140405546936000] INFO perfrun.perfcollector <> - config : inv : 0
154 [140405546936000] INFO perfrun.perfcollector <> - config : umask : 2
154 [140405546936000] INFO perfrun.perfcollector <> - config : cmask : 1
154 [140405546936000] INFO perfrun.perfcollector <> - format : cpu/period=0x98968f,event=0xb1,umask=0x2,cmask=0x1,name='UOPS_EXECUTED.CORE:cmask=1'/
154 [140405546936000] INFO perfrun.perfcollector <> - pmu config : cpu , m_cccrAddr : 189 , m_cccrVal : 25302b1 , m_escrAddr : ffffffff , m_escrVal : 0 , m_dataAddr : c4 , m_dataVal : ffffffffff676971
154 [140405546936000] INFO perfrun.perfcollector <> - config : event : b1
154 [140405546936000] INFO perfrun.perfcollector <> - config : pc : 0
154 [140405546936000] INFO perfrun.perfcollector <> - config : edge : 0
154 [140405546936000] INFO perfrun.perfcollector <> - config : any : 0
154 [140405546936000] INFO perfrun.perfcollector <> - config1 : offcore_rsp : 0
154 [140405546936000] INFO perfrun.perfcollector <> - config1 : ldlat : 0
154 [140405546936000] INFO perfrun.perfcollector <> - config : inv : 0
154 [140405546936000] INFO perfrun.perfcollector <> - config : umask : 2
154 [140405546936000] INFO perfrun.perfcollector <> - config : cmask : 2
154 [140405546936000] INFO perfrun.perfcollector <> - format : cpu/period=0x98968f,event=0xb1,umask=0x2,cmask=0x2,name='UOPS_EXECUTED.CORE:cmask=2'/
154 [140405546936000] INFO perfrun.perfcollector <> - pmu config : cpu , m_cccrAddr : 186 , m_cccrVal : 35302b1 , m_escrAddr : ffffffff , m_escrVal : 0 , m_dataAddr : c1 , m_dataVal : ffffffffff676971
154 [140405546936000] INFO perfrun.perfcollector <> - config : event : b1
154 [140405546936000] INFO perfrun.perfcollector <> - config : pc : 0
154 [140405546936000] INFO perfrun.perfcollector <> - config : edge : 0
154 [140405546936000] INFO perfrun.perfcollector <> - config : any : 0
154 [140405546936000] INFO perfrun.perfcollector <> - config1 : offcore_rsp : 0
154 [140405546936000] INFO perfrun.perfcollector <> - config1 : ldlat : 0
154 [140405546936000] INFO perfrun.perfcollector <> - config : inv : 0
154 [140405546936000] INFO perfrun.perfcollector <> - config : umask : 2
154 [140405546936000] INFO perfrun.perfcollector <> - config : cmask : 3
154 [140405546936000] INFO perfrun.perfcollector <> - format : cpu/period=0x98968f,event=0xb1,umask=0x2,cmask=0x3,name='UOPS_EXECUTED.CORE:cmask=3'/
154 [140405546936000] INFO perfrun.perfcollector <> - pmu config : cpu , m_cccrAddr : 187 , m_cccrVal : 53010e , m_escrAddr : ffffffff , m_escrVal : 0 , m_dataAddr : c2 , m_dataVal : ffffffffff676971
154 [140405546936000] INFO perfrun.perfcollector <> - config : event : e
154 [140405546936000] INFO perfrun.perfcollector <> - config : pc : 0
154 [140405546936000] INFO perfrun.perfcollector <> - config : edge : 0
154 [140405546936000] INFO perfrun.perfcollector <> - config : any : 0
154 [140405546936000] INFO perfrun.perfcollector <> - config1 : offcore_rsp : 0
154 [140405546936000] INFO perfrun.perfcollector <> - config1 : ldlat : 0
154 [140405546936000] INFO perfrun.perfcollector <> - config : inv : 0
154 [140405546936000] INFO perfrun.perfcollector <> - config : umask : 1
154 [140405546936000] INFO perfrun.perfcollector <> - config : cmask : 0
154 [140405546936000] INFO perfrun.perfcollector <> - format : cpu/period=0x98968f,event=0xe,umask=0x1,name='UOPS_ISSUED.ANY'/
154 [140405546936000] INFO perfrun.perfcollector <> - pmu config : cpu , m_cccrAddr : 188 , m_cccrVal : 5302c2 , m_escrAddr : ffffffff , m_escrVal : 0 , m_dataAddr : c3 , m_dataVal : ffffffffff676971
154 [140405546936000] INFO perfrun.perfcollector <> - config : event : c2
154 [140405546936000] INFO perfrun.perfcollector <> - config : pc : 0
154 [140405546936000] INFO perfrun.perfcollector <> - config : edge : 0
154 [140405546936000] INFO perfrun.perfcollector <> - config : any : 0
154 [140405546936000] INFO perfrun.perfcollector <> - config1 : offcore_rsp : 0
154 [140405546936000] INFO perfrun.perfcollector <> - config1 : ldlat : 0
154 [140405546936000] INFO perfrun.perfcollector <> - config : inv : 0
154 [140405546936000] INFO perfrun.perfcollector <> - config : umask : 2
154 [140405546936000] INFO perfrun.perfcollector <> - config : cmask : 0
154 [140405546936000] INFO perfrun.perfcollector <> - format : cpu/period=0x98968f,event=0xc2,umask=0x2,name='UOPS_RETIRED.RETIRE_SLOTS'/
154 [140405546936000] INFO perfrun.perfcollector <> - pmu config : cpu , m_cccrAddr : 189 , m_cccrVal : 453019c , m_escrAddr : ffffffff , m_escrVal : 0 , m_dataAddr : c4 , m_dataVal : ffffffffff676971
154 [140405546936000] INFO perfrun.perfcollector <> - config : event : 9c
154 [140405546936000] INFO perfrun.perfcollector <> - config : pc : 0
154 [140405546936000] INFO perfrun.perfcollector <> - config : edge : 0
154 [140405546936000] INFO perfrun.perfcollector <> - config : any : 0
154 [140405546936000] INFO perfrun.perfcollector <> - config1 : offcore_rsp : 0
154 [140405546936000] INFO perfrun.perfcollector <> - config1 : ldlat : 0
154 [140405546936000] INFO perfrun.perfcollector <> - config : inv : 0
154 [140405546936000] INFO perfrun.perfcollector <> - config : umask : 1
154 [140405546936000] INFO perfrun.perfcollector <> - config : cmask : 4
154 [140405546936000] INFO perfrun.perfcollector <> - format : cpu/period=0x98968f,event=0x9c,umask=0x1,cmask=0x4,name='IDQ_UOPS_NOT_DELIVERED.CYCLES_0_UOPS_DELIV.CORE'/
154 [140405546936000] INFO perfrun.perfcollector <> - pmu config : cpu , m_cccrAddr : 186 , m_cccrVal : 4381d0 , m_escrAddr : ffffffff , m_escrVal : 0 , m_dataAddr : c1 , m_dataVal : fffffffffff85ed1
154 [140405546936000] INFO perfrun.perfcollector <> - config : event : d0
154 [140405546936000] INFO perfrun.perfcollector <> - config : pc : 0
154 [140405546936000] INFO perfrun.perfcollector <> - config : edge : 0
154 [140405546936000] INFO perfrun.perfcollector <> - config : any : 0
154 [140405546936000] INFO perfrun.perfcollector <> - config1 : offcore_rsp : 0
154 [140405546936000] INFO perfrun.perfcollector <> - config1 : ldlat : 0
154 [140405546936000] INFO perfrun.perfcollector <> - config : inv : 0
154 [140405546936000] INFO perfrun.perfcollector <> - config : umask : 81
154 [140405546936000] INFO perfrun.perfcollector <> - config : cmask : 0
154 [140405546936000] WARN perfrun.perfcollector <> - precise event : config : 81d0 , [m_cccrVal & impreciseMask(0x100000)] : 0, at file: vcs/perfrun1/plugins/perfcollector/src/event_manager.cpp:292
154 [140405546936000] INFO perfrun.perfcollector <> - format : cpu/period=0x7a12f,event=0xd0,umask=0x81,name='MEM_UOPS_RETIRED.ALL_LOADS_PS'/
154 [140405546936000] INFO perfrun.perfcollector <> - pmu config : cpu , m_cccrAddr : 187 , m_cccrVal : 4382d0 , m_escrAddr : ffffffff , m_escrVal : 0 , m_dataAddr : c2 , m_dataVal : fffffffffff85ed1
154 [140405546936000] INFO perfrun.perfcollector <> - config : event : d0
154 [140405546936000] INFO perfrun.perfcollector <> - config : pc : 0
154 [140405546936000] INFO perfrun.perfcollector <> - config : edge : 0
154 [140405546936000] INFO perfrun.perfcollector <> - config : any : 0
154 [140405546936000] INFO perfrun.perfcollector <> - config1 : offcore_rsp : 0
154 [140405546936000] INFO perfrun.perfcollector <> - config1 : ldlat : 0
154 [140405546936000] INFO perfrun.perfcollector <> - config : inv : 0
154 [140405546936000] INFO perfrun.perfcollector <> - config : umask : 82
154 [140405546936000] INFO perfrun.perfcollector <> - config : cmask : 0
154 [140405546936000] WARN perfrun.perfcollector <> - precise event : config : 82d0 , [m_cccrVal & impreciseMask(0x100000)] : 0, at file: vcs/perfrun1/plugins/perfcollector/src/event_manager.cpp:292
154 [140405546936000] INFO perfrun.perfcollector <> - format : cpu/period=0x7a12f,event=0xd0,umask=0x82,name='MEM_UOPS_RETIRED.ALL_STORES_PS'/
154 [140405546936000] INFO perfrun.perfcollector <> - pmu config : cpu , m_cccrAddr : 188 , m_cccrVal : 4301d3 , m_escrAddr : ffffffff , m_escrVal : 0 , m_dataAddr : c3 , m_dataVal : fffffffffff85ed1
154 [140405546936000] INFO perfrun.perfcollector <> - config : event : d3
154 [140405546936000] INFO perfrun.perfcollector <> - config : pc : 0
154 [140405546936000] INFO perfrun.perfcollector <> - config : edge : 0
154 [140405546936000] INFO perfrun.perfcollector <> - config : any : 0
154 [140405546936000] INFO perfrun.perfcollector <> - config1 : offcore_rsp : 0
154 [140405546936000] INFO perfrun.perfcollector <> - config1 : ldlat : 0
154 [140405546936000] INFO perfrun.perfcollector <> - config : inv : 0
154 [140405546936000] INFO perfrun.perfcollector <> - config : umask : 1
154 [140405546936000] INFO perfrun.perfcollector <> - config : cmask : 0
154 [140405546936000] WARN perfrun.perfcollector <> - precise event : config : 1d3 , [m_cccrVal & impreciseMask(0x100000)] : 0, at file: vcs/perfrun1/plugins/perfcollector/src/event_manager.cpp:292
154 [140405546936000] INFO perfrun.perfcollector <> - format : cpu/period=0x7a12f,event=0xd3,umask=0x1,name='MEM_LOAD_UOPS_L3_MISS_RETIRED.LOCAL_DRAM_PS'/
154 [140405546936000] INFO perfrun.perfcollector <> - pmu config : cpu , m_cccrAddr : 189 , m_cccrVal : 4304d3 , m_escrAddr : ffffffff , m_escrVal : 0 , m_dataAddr : c4 , m_dataVal : fffffffffff85ed1
154 [140405546936000] INFO perfrun.perfcollector <> - config : event : d3
154 [140405546936000] INFO perfrun.perfcollector <> - config : pc : 0
154 [140405546936000] INFO perfrun.perfcollector <> - config : edge : 0
154 [140405546936000] INFO perfrun.perfcollector <> - config : any : 0
154 [140405546936000] INFO perfrun.perfcollector <> - config1 : offcore_rsp : 0
154 [140405546936000] INFO perfrun.perfcollector <> - config1 : ldlat : 0
154 [140405546936000] INFO perfrun.perfcollector <> - config : inv : 0
154 [140405546936000] INFO perfrun.perfcollector <> - config : umask : 4
154 [140405546936000] INFO perfrun.perfcollector <> - config : cmask : 0
154 [140405546936000] WARN perfrun.perfcollector <> - precise event : config : 4d3 , [m_cccrVal & impreciseMask(0x100000)] : 0, at file: vcs/perfrun1/plugins/perfcollector/src/event_manager.cpp:292
154 [140405546936000] INFO perfrun.perfcollector <> - format : cpu/period=0x7a12f,event=0xd3,umask=0x4,name='MEM_LOAD_UOPS_L3_MISS_RETIRED.REMOTE_DRAM_PS'/
154 [140405546936000] INFO perfrun.perfcollector <> - pmu config : cpu , m_cccrAddr : 186 , m_cccrVal : 4310d3 , m_escrAddr : ffffffff , m_escrVal : 0 , m_dataAddr : c1 , m_dataVal : fffffffffff85ed1
154 [140405546936000] INFO perfrun.perfcollector <> - config : event : d3
154 [140405546936000] INFO perfrun.perfcollector <> - config : pc : 0
154 [140405546936000] INFO perfrun.perfcollector <> - config : edge : 0
154 [140405546936000] INFO perfrun.perfcollector <> - config : any : 0
154 [140405546936000] INFO perfrun.perfcollector <> - config1 : offcore_rsp : 0
154 [140405546936000] INFO perfrun.perfcollector <> - config1 : ldlat : 0
154 [140405546936000] INFO perfrun.perfcollector <> - config : inv : 0
154 [140405546936000] INFO perfrun.perfcollector <> - config : umask : 10
154 [140405546936000] INFO perfrun.perfcollector <> - config : cmask : 0
154 [140405546936000] WARN perfrun.perfcollector <> - precise event : config : 10d3 , [m_cccrVal & impreciseMask(0x100000)] : 0, at file: vcs/perfrun1/plugins/perfcollector/src/event_manager.cpp:292
154 [140405546936000] INFO perfrun.perfcollector <> - format : cpu/period=0x7a12f,event=0xd3,umask=0x10,name='MEM_LOAD_UOPS_L3_MISS_RETIRED.REMOTE_HITM_PS'/
155 [140405546936000] INFO perfrun.perfcollector <> - pmu config : cpu , m_cccrAddr : 187 , m_cccrVal : 4320d3 , m_escrAddr : ffffffff , m_escrVal : 0 , m_dataAddr : c2 , m_dataVal : fffffffffff85ed1
155 [140405546936000] INFO perfrun.perfcollector <> - config : event : d3
155 [140405546936000] INFO perfrun.perfcollector <> - config : pc : 0
155 [140405546936000] INFO perfrun.perfcollector <> - config : edge : 0
155 [140405546936000] INFO perfrun.perfcollector <> - config : any : 0
155 [140405546936000] INFO perfrun.perfcollector <> - config1 : offcore_rsp : 0
155 [140405546936000] INFO perfrun.perfcollector <> - config1 : ldlat : 0
155 [140405546936000] INFO perfrun.perfcollector <> - config : inv : 0
155 [140405546936000] INFO perfrun.perfcollector <> - config : umask : 20
155 [140405546936000] INFO perfrun.perfcollector <> - config : cmask : 0
155 [140405546936000] WARN perfrun.perfcollector <> - precise event : config : 20d3 , [m_cccrVal & impreciseMask(0x100000)] : 0, at file: vcs/perfrun1/plugins/perfcollector/src/event_manager.cpp:292
155 [140405546936000] INFO perfrun.perfcollector <> - format : cpu/period=0x7a12f,event=0xd3,umask=0x20,name='MEM_LOAD_UOPS_L3_MISS_RETIRED.REMOTE_FWD_PS'/
155 [140405546936000] INFO perfrun.perfcollector <> - pmu config : uncore_imc_0 , m_cccrAddr : d8 , m_cccrVal : 400304 , m_escrAddr : ffffffff , m_escrVal : 0 , m_dataAddr : a0 , m_dataVal : 0
155 [140405546936000] INFO perfrun.perfcollector <> - config : event : 4
155 [140405546936000] INFO perfrun.perfcollector <> - config : edge : 0
155 [140405546936000] INFO perfrun.perfcollector <> - config : inv : 0
155 [140405546936000] INFO perfrun.perfcollector <> - config : umask : 3
155 [140405546936000] INFO perfrun.perfcollector <> - config : thresh : 0
155 [140405546936000] INFO perfrun.perfcollector <> - format : uncore_imc_0/period=0x0,event=0x4,umask=0x3,name='UNC_M_CAS_COUNT.RD[UNIT0]'/
155 [140405546936000] INFO perfrun.perfcollector <> - pmu config : uncore_imc_1 , m_cccrAddr : d8 , m_cccrVal : 400304 , m_escrAddr : ffffffff , m_escrVal : 0 , m_dataAddr : a0 , m_dataVal : 0
155 [140405546936000] INFO perfrun.perfcollector <> - config : event : 4
155 [140405546936000] INFO perfrun.perfcollector <> - config : edge : 0
155 [140405546936000] INFO perfrun.perfcollector <> - config : inv : 0
155 [140405546936000] INFO perfrun.perfcollector <> - config : umask : 3
155 [140405546936000] INFO perfrun.perfcollector <> - config : thresh : 0
155 [140405546936000] INFO perfrun.perfcollector <> - format : uncore_imc_1/period=0x0,event=0x4,umask=0x3,name='UNC_M_CAS_COUNT.RD[UNIT1]'/
155 [140405546936000] INFO perfrun.perfcollector <> - pmu config : uncore_imc_4 , m_cccrAddr : d8 , m_cccrVal : 400304 , m_escrAddr : ffffffff , m_escrVal : 0 , m_dataAddr : a0 , m_dataVal : 0
155 [140405546936000] INFO perfrun.perfcollector <> - config : event : 4
155 [140405546936000] INFO perfrun.perfcollector <> - config : edge : 0
155 [140405546936000] INFO perfrun.perfcollector <> - config : inv : 0
155 [140405546936000] INFO perfrun.perfcollector <> - config : umask : 3
155 [140405546936000] INFO perfrun.perfcollector <> - config : thresh : 0
155 [140405546936000] INFO perfrun.perfcollector <> - format : uncore_imc_4/period=0x0,event=0x4,umask=0x3,name='UNC_M_CAS_COUNT.RD[UNIT4]'/
155 [140405546936000] INFO perfrun.perfcollector <> - pmu config : uncore_imc_5 , m_cccrAddr : d8 , m_cccrVal : 400304 , m_escrAddr : ffffffff , m_escrVal : 0 , m_dataAddr : a0 , m_dataVal : 0
155 [140405546936000] INFO perfrun.perfcollector <> - config : event : 4
155 [140405546936000] INFO perfrun.perfcollector <> - config : edge : 0
155 [140405546936000] INFO perfrun.perfcollector <> - config : inv : 0
155 [140405546936000] INFO perfrun.perfcollector <> - config : umask : 3
155 [140405546936000] INFO perfrun.perfcollector <> - config : thresh : 0
155 [140405546936000] INFO perfrun.perfcollector <> - format : uncore_imc_5/period=0x0,event=0x4,umask=0x3,name='UNC_M_CAS_COUNT.RD[UNIT5]'/
155 [140405546936000] INFO perfrun.perfcollector <> - pmu config : uncore_imc_0 , m_cccrAddr : dc , m_cccrVal : 400c04 , m_escrAddr : ffffffff , m_escrVal : 0 , m_dataAddr : a8 , m_dataVal : 0
155 [140405546936000] INFO perfrun.perfcollector <> - config : event : 4
155 [140405546936000] INFO perfrun.perfcollector <> - config : edge : 0
155 [140405546936000] INFO perfrun.perfcollector <> - config : inv : 0
155 [140405546936000] INFO perfrun.perfcollector <> - config : umask : c
155 [140405546936000] INFO perfrun.perfcollector <> - config : thresh : 0
155 [140405546936000] INFO perfrun.perfcollector <> - format : uncore_imc_0/period=0x0,event=0x4,umask=0xc,name='UNC_M_CAS_COUNT.WR[UNIT0]'/
155 [140405546936000] INFO perfrun.perfcollector <> - pmu config : uncore_imc_1 , m_cccrAddr : dc , m_cccrVal : 400c04 , m_escrAddr : ffffffff , m_escrVal : 0 , m_dataAddr : a8 , m_dataVal : 0
155 [140405546936000] INFO perfrun.perfcollector <> - config : event : 4
155 [140405546936000] INFO perfrun.perfcollector <> - config : edge : 0
155 [140405546936000] INFO perfrun.perfcollector <> - config : inv : 0
155 [140405546936000] INFO perfrun.perfcollector <> - config : umask : c
155 [140405546936000] INFO perfrun.perfcollector <> - config : thresh : 0
155 [140405546936000] INFO perfrun.perfcollector <> - format : uncore_imc_1/period=0x0,event=0x4,umask=0xc,name='UNC_M_CAS_COUNT.WR[UNIT1]'/
155 [140405546936000] INFO perfrun.perfcollector <> - pmu config : uncore_imc_4 , m_cccrAddr : dc , m_cccrVal : 400c04 , m_escrAddr : ffffffff , m_escrVal : 0 , m_dataAddr : a8 , m_dataVal : 0
155 [140405546936000] INFO perfrun.perfcollector <> - config : event : 4
155 [140405546936000] INFO perfrun.perfcollector <> - config : edge : 0
155 [140405546936000] INFO perfrun.perfcollector <> - config : inv : 0
155 [140405546936000] INFO perfrun.perfcollector <> - config : umask : c
155 [140405546936000] INFO perfrun.perfcollector <> - config : thresh : 0
155 [140405546936000] INFO perfrun.perfcollector <> - format : uncore_imc_4/period=0x0,event=0x4,umask=0xc,name='UNC_M_CAS_COUNT.WR[UNIT4]'/
155 [140405546936000] INFO perfrun.perfcollector <> - pmu config : uncore_imc_5 , m_cccrAddr : dc , m_cccrVal : 400c04 , m_escrAddr : ffffffff , m_escrVal : 0 , m_dataAddr : a8 , m_dataVal : 0
155 [140405546936000] INFO perfrun.perfcollector <> - config : event : 4
155 [140405546936000] INFO perfrun.perfcollector <> - config : edge : 0
155 [140405546936000] INFO perfrun.perfcollector <> - config : inv : 0
155 [140405546936000] INFO perfrun.perfcollector <> - config : umask : c
155 [140405546936000] INFO perfrun.perfcollector <> - config : thresh : 0
155 [140405546936000] INFO perfrun.perfcollector <> - format : uncore_imc_5/period=0x0,event=0x4,umask=0xc,name='UNC_M_CAS_COUNT.WR[UNIT5]'/
155 [140405546936000] INFO perfrun.perfcollector <> - event: cpu/period=0xaf79e0,event=0x3c,name='CPU_CLK_UNHALTED.THREAD'/Duk , added for sampling
155 [140405546936000] INFO perfrun.perfcollector <> - event: cpu/period=0xaf79e0,umask=0x3,name='CPU_CLK_UNHALTED.REF_TSC'/Duk , added for sampling
155 [140405546936000] INFO perfrun.perfcollector <> - event: cpu/period=0xaf79e0,event=0xc0,name='INST_RETIRED.ANY'/Duk , added for sampling
155 [140405546936000] INFO perfrun.perfcollector <> - event: cpu/period=0x98968f,event=0xa3,umask=0xc,cmask=0xc,name='CYCLE_ACTIVITY.STALLS_L1D_PENDING'/uk , added for sampling
155 [140405546936000] INFO perfrun.perfcollector <> - event: cpu/period=0x7a12f,event=0x3c,umask=0x1,name='CPU_CLK_UNHALTED.REF_XCLK'/uk , added for sampling
155 [140405546936000] INFO perfrun.perfcollector <> - event: cpu/period=0x7a12f,event=0x3c,umask=0x2,name='CPU_CLK_UNHALTED.ONE_THREAD_ACTIVE'/uk , added for sampling
155 [140405546936000] INFO perfrun.perfcollector <> - event: cpu/period=0x98968f,event=0xa3,umask=0x4,cmask=0x4,name='CYCLE_ACTIVITY.CYCLES_NO_EXECUTE'/uk , added for sampling
155 [140405546936000] INFO perfrun.perfcollector <> - event: cpu/period=0x98968f,event=0xa3,umask=0x6,cmask=0x6,name='CYCLE_ACTIVITY.STALLS_LDM_PENDING'/uk , added for sampling
155 [140405546936000] INFO perfrun.perfcollector <> - event: cpu/period=0x98968f,event=0xa3,umask=0x5,cmask=0x5,name='CYCLE_ACTIVITY.STALLS_L2_PENDING'/uk , added for sampling
155 [140405546936000] INFO perfrun.perfcollector <> - event: cpu/period=0x98968f,event=0x9c,umask=0x1,name='IDQ_UOPS_NOT_DELIVERED.CORE'/uk , added for sampling
155 [140405546936000] INFO perfrun.perfcollector <> - event: cpu/period=0x98968f,event=0xd,umask=0x3,cmask=0x1,name='INT_MISC.RECOVERY_CYCLES'/uk , added for sampling
155 [140405546936000] INFO perfrun.perfcollector <> - event: cpu/period=0x3d09f,event=0xd1,umask=0x4,name='MEM_LOAD_UOPS_RETIRED.L3_HIT_PS'/ukpp , added for sampling
155 [140405546936000] INFO perfrun.perfcollector <> - event: cpu/period=0x3d09f,event=0xd1,umask=0x20,name='MEM_LOAD_UOPS_RETIRED.L3_MISS_PS'/ukpp , added for sampling
155 [140405546936000] INFO perfrun.perfcollector <> - event: cpu/period=0x98968f,event=0x60,umask=0x8,cmask=0x1,name='OFFCORE_REQUESTS_OUTSTANDING.CYCLES_WITH_DATA_RD'/uk , added for sampling
155 [140405546936000] INFO perfrun.perfcollector <> - event: cpu/period=0x98968f,event=0x60,umask=0x8,cmask=0x6,name='OFFCORE_REQUESTS_OUTSTANDING.ALL_DATA_RD:cmask=6'/uk , added for sampling
155 [140405546936000] INFO perfrun.perfcollector <> - event: cpu/period=0x98968f,event=0xa2,umask=0x8,name='RESOURCE_STALLS.SB'/uk , added for sampling
155 [140405546936000] INFO perfrun.perfcollector <> - event: cpu/period=0x98968f,event=0x5e,umask=0x1,name='RS_EVENTS.EMPTY_CYCLES'/uk , added for sampling
155 [140405546936000] INFO perfrun.perfcollector <> - event: cpu/period=0x98968f,event=0xb1,umask=0x2,cmask=0x1,name='UOPS_EXECUTED.CORE:cmask=1'/uk , added for sampling
155 [140405546936000] INFO perfrun.perfcollector <> - event: cpu/period=0x98968f,event=0xb1,umask=0x2,cmask=0x2,name='UOPS_EXECUTED.CORE:cmask=2'/uk , added for sampling
155 [140405546936000] INFO perfrun.perfcollector <> - event: cpu/period=0x98968f,event=0xb1,umask=0x2,cmask=0x3,name='UOPS_EXECUTED.CORE:cmask=3'/uk , added for sampling
155 [140405546936000] INFO perfrun.perfcollector <> - event: cpu/period=0x98968f,event=0xe,umask=0x1,name='UOPS_ISSUED.ANY'/uk , added for sampling
155 [140405546936000] INFO perfrun.perfcollector <> - event: cpu/period=0x98968f,event=0xc2,umask=0x2,name='UOPS_RETIRED.RETIRE_SLOTS'/uk , added for sampling
155 [140405546936000] INFO perfrun.perfcollector <> - event: cpu/period=0x98968f,event=0x9c,umask=0x1,cmask=0x4,name='IDQ_UOPS_NOT_DELIVERED.CYCLES_0_UOPS_DELIV.CORE'/uk , added for sampling
155 [140405546936000] INFO perfrun.perfcollector <> - event: cpu/period=0x7a12f,event=0xd0,umask=0x81,name='MEM_UOPS_RETIRED.ALL_LOADS_PS'/ukpp , added for sampling
155 [140405546936000] INFO perfrun.perfcollector <> - event: cpu/period=0x7a12f,event=0xd0,umask=0x82,name='MEM_UOPS_RETIRED.ALL_STORES_PS'/ukpp , added for sampling
155 [140405546936000] INFO perfrun.perfcollector <> - event: cpu/period=0x7a12f,event=0xd3,umask=0x1,name='MEM_LOAD_UOPS_L3_MISS_RETIRED.LOCAL_DRAM_PS'/ukpp , added for sampling
155 [140405546936000] INFO perfrun.perfcollector <> - event: cpu/period=0x7a12f,event=0xd3,umask=0x4,name='MEM_LOAD_UOPS_L3_MISS_RETIRED.REMOTE_DRAM_PS'/ukpp , added for sampling
155 [140405546936000] INFO perfrun.perfcollector <> - event: cpu/period=0x7a12f,event=0xd3,umask=0x10,name='MEM_LOAD_UOPS_L3_MISS_RETIRED.REMOTE_HITM_PS'/ukpp , added for sampling
155 [140405546936000] INFO perfrun.perfcollector <> - event: cpu/period=0x7a12f,event=0xd3,umask=0x20,name='MEM_LOAD_UOPS_L3_MISS_RETIRED.REMOTE_FWD_PS'/ukpp , added for sampling
155 [140405546936000] INFO perfrun.perfcollector <> - event: uncore_imc_0/period=0x0,event=0x4,umask=0x3,name='UNC_M_CAS_COUNT.RD[UNIT0]'/ , added for counting
155 [140405546936000] INFO perfrun.perfcollector <> - event: uncore_imc_1/period=0x0,event=0x4,umask=0x3,name='UNC_M_CAS_COUNT.RD[UNIT1]'/ , added for counting
155 [140405546936000] INFO perfrun.perfcollector <> - event: uncore_imc_4/period=0x0,event=0x4,umask=0x3,name='UNC_M_CAS_COUNT.RD[UNIT4]'/ , added for counting
155 [140405546936000] INFO perfrun.perfcollector <> - event: uncore_imc_5/period=0x0,event=0x4,umask=0x3,name='UNC_M_CAS_COUNT.RD[UNIT5]'/ , added for counting
155 [140405546936000] INFO perfrun.perfcollector <> - event: uncore_imc_0/period=0x0,event=0x4,umask=0xc,name='UNC_M_CAS_COUNT.WR[UNIT0]'/ , added for counting
155 [140405546936000] INFO perfrun.perfcollector <> - event: uncore_imc_1/period=0x0,event=0x4,umask=0xc,name='UNC_M_CAS_COUNT.WR[UNIT1]'/ , added for counting
155 [140405546936000] INFO perfrun.perfcollector <> - event: uncore_imc_4/period=0x0,event=0x4,umask=0xc,name='UNC_M_CAS_COUNT.WR[UNIT4]'/ , added for counting
155 [140405546936000] INFO perfrun.perfcollector <> - event: uncore_imc_5/period=0x0,event=0x4,umask=0xc,name='UNC_M_CAS_COUNT.WR[UNIT5]'/ , added for counting
155 [140405516818112] WARN perfrun.perfcollector <> - Perf stat trace pipe capacity: read = 1048576, write = 1048576, at file: vcs/perfrun1/plugins/perfcollector/src/profiler.cpp:763
155 [140405516818112] INFO perfrun.perfcollector <> - Path to Perf control pipe: /tmp/amplxe-tmp-efsilva/perf-pipe-3832005-55561788372349754
157 [140405516818112] INFO perfrun.sdk <> - runCmd: "/home/intel/oneapi/vtune/2021.1.1/bin64/amplxe-perf" stat -v --log-fd 11 --pipe "/tmp/amplxe-tmp-efsilva/perf-pipe-3832005-55561788372349754" --pipe-sync -I 10 -A --scale -x ; -a -e uncore_imc_0/period=0x0,event=0x4,umask=0x3,name='UNC_M_CAS_COUNT.RD[UNIT0]'/,uncore_imc_1/period=0x0,event=0x4,umask=0x3,name='UNC_M_CAS_COUNT.RD[UNIT1]'/,uncore_imc_4/period=0x0,event=0x4,umask=0x3,name='UNC_M_CAS_COUNT.RD[UNIT4]'/,uncore_imc_5/period=0x0,event=0x4,umask=0x3,name='UNC_M_CAS_COUNT.RD[UNIT5]'/,uncore_imc_0/period=0x0,event=0x4,umask=0xc,name='UNC_M_CAS_COUNT.WR[UNIT0]'/,uncore_imc_1/period=0x0,event=0x4,umask=0xc,name='UNC_M_CAS_COUNT.WR[UNIT1]'/,uncore_imc_4/period=0x0,event=0x4,umask=0xc,name='UNC_M_CAS_COUNT.WR[UNIT4]'/,uncore_imc_5/period=0x0,event=0x4,umask=0xc,name='UNC_M_CAS_COUNT.WR[UNIT5]'/ "/home/intel/oneapi/vtune/2021.1.1/bin64/amplxe-perf-sync" dryrun sys
191 [140405433693888] INFO perfrun.perfcollector <> - PERF_STAT : "     0.004213743;CPU0;1631;;UNC_M_CAS_COUNT.RD[UNIT0];4200539;100.00;;"
191 [140405433693888] INFO perfrun.perfcollector <> - PERF_STAT : "     0.004213743;CPU10;1129;;UNC_M_CAS_COUNT.RD[UNIT0];4129671;100.00;;"
191 [140405433693888] INFO perfrun.perfcollector <> - PERF_STAT : "     0.004213743;CPU0;1540;;UNC_M_CAS_COUNT.RD[UNIT1];4194214;100.00;;"
191 [140405433693888] INFO perfrun.perfcollector <> - PERF_STAT : "     0.004213743;CPU10;1298;;UNC_M_CAS_COUNT.RD[UNIT1];4121976;100.00;;"
191 [140405433693888] INFO perfrun.perfcollector <> - PERF_STAT : "     0.004213743;CPU0;1551;;UNC_M_CAS_COUNT.RD[UNIT4];4186909;100.00;;"
191 [140405433693888] INFO perfrun.perfcollector <> - PERF_STAT : "     0.004213743;CPU10;1141;;UNC_M_CAS_COUNT.RD[UNIT4];4114186;100.00;;"
191 [140405433693888] INFO perfrun.perfcollector <> - PERF_STAT : "     0.004213743;CPU0;1464;;UNC_M_CAS_COUNT.RD[UNIT5];4180517;100.00;;"
191 [140405433693888] INFO perfrun.perfcollector <> - PERF_STAT : "     0.004213743;CPU10;1289;;UNC_M_CAS_COUNT.RD[UNIT5];4106357;100.00;;"
191 [140405433693888] INFO perfrun.perfcollector <> - PERF_STAT : "     0.004213743;CPU0;263;;UNC_M_CAS_COUNT.WR[UNIT0];4174525;100.00;;"
191 [140405433693888] INFO perfrun.perfcollector <> - PERF_STAT : "     0.004213743;CPU10;1384;;UNC_M_CAS_COUNT.WR[UNIT0];4100139;100.00;;"
191 [140405433693888] INFO perfrun.perfcollector <> - PERF_STAT : "     0.004213743;CPU0;198;;UNC_M_CAS_COUNT.WR[UNIT1];4165867;100.00;;"
191 [140405433693888] INFO perfrun.perfcollector <> - PERF_STAT : "     0.004213743;CPU10;1572;;UNC_M_CAS_COUNT.WR[UNIT1];4086597;100.00;;"
191 [140405433693888] INFO perfrun.perfcollector <> - PERF_STAT : "     0.004213743;CPU0;267;;UNC_M_CAS_COUNT.WR[UNIT4];4154097;100.00;;"
191 [140405433693888] INFO perfrun.perfcollector <> - PERF_STAT : "     0.004213743;CPU10;1415;;UNC_M_CAS_COUNT.WR[UNIT4];4073357;100.00;;"
191 [140405433693888] INFO perfrun.perfcollector <> - PERF_STAT : "     0.004213743;CPU0;190;;UNC_M_CAS_COUNT.WR[UNIT5];4142232;100.00;;"
191 [140405433693888] INFO perfrun.perfcollector <> - PERF_STAT : "     0.004213743;CPU10;1531;;UNC_M_CAS_COUNT.WR[UNIT5];4059945;100.00;;"
192 [140405516818112] INFO perfrun.perfcollector <> - Monitor: runCmd RC = true
193 [140405433693888] INFO perfrun.perfcollector <> - Path to Perf control pipe: /tmp/amplxe-tmp-efsilva/perf-pipe-3832005-55561788458079914
193 [140405433693888] INFO perfrun.sdk <> - runCmd: "/home/intel/oneapi/vtune/2021.1.1/bin64/amplxe-perf" record -v --pipe "/tmp/amplxe-tmp-efsilva/perf-pipe-3832005-55561788458079914" --pipe-sync -o "/tmp/efsilva_vtune_823225/project/resultados_vtune/01_adaptive_dynamic4_hpc_smoke/data.0/temp.dryrun.perf" -N -B -T -R --compression-level=1 -e cpu/period=0xaf79e0,event=0x3c,name='CPU_CLK_UNHALTED.THREAD'/Duk,cpu/period=0xaf79e0,umask=0x3,name='CPU_CLK_UNHALTED.REF_TSC'/Duk,cpu/period=0xaf79e0,event=0xc0,name='INST_RETIRED.ANY'/Duk,cpu/period=0x98968f,event=0xa3,umask=0xc,cmask=0xc,name='CYCLE_ACTIVITY.STALLS_L1D_PENDING'/uk,cpu/period=0x7a12f,event=0x3c,umask=0x1,name='CPU_CLK_UNHALTED.REF_XCLK'/uk,cpu/period=0x7a12f,event=0x3c,umask=0x2,name='CPU_CLK_UNHALTED.ONE_THREAD_ACTIVE'/uk,cpu/period=0x98968f,event=0xa3,umask=0x4,cmask=0x4,name='CYCLE_ACTIVITY.CYCLES_NO_EXECUTE'/uk,cpu/period=0x98968f,event=0xa3,umask=0x6,cmask=0x6,name='CYCLE_ACTIVITY.STALLS_LDM_PENDING'/uk,cpu/period=0x98968f,event=0xa3,umask=0x5,cmask=0x5,name='CYCLE_ACTIVITY.STALLS_L2_PENDING'/uk,cpu/period=0x98968f,event=0x9c,umask=0x1,name='IDQ_UOPS_NOT_DELIVERED.CORE'/uk,cpu/period=0x98968f,event=0xd,umask=0x3,cmask=0x1,name='INT_MISC.RECOVERY_CYCLES'/uk,cpu/period=0x3d09f,event=0xd1,umask=0x4,name='MEM_LOAD_UOPS_RETIRED.L3_HIT_PS'/ukpp,cpu/period=0x3d09f,event=0xd1,umask=0x20,name='MEM_LOAD_UOPS_RETIRED.L3_MISS_PS'/ukpp,cpu/period=0x98968f,event=0x60,umask=0x8,cmask=0x1,name='OFFCORE_REQUESTS_OUTSTANDING.CYCLES_WITH_DATA_RD'/uk,cpu/period=0x98968f,event=0x60,umask=0x8,cmask=0x6,name='OFFCORE_REQUESTS_OUTSTANDING.ALL_DATA_RD:cmask=6'/uk,cpu/period=0x98968f,event=0xa2,umask=0x8,name='RESOURCE_STALLS.SB'/uk,cpu/period=0x98968f,event=0x5e,umask=0x1,name='RS_EVENTS.EMPTY_CYCLES'/uk,cpu/period=0x98968f,event=0xb1,umask=0x2,cmask=0x1,name='UOPS_EXECUTED.CORE:cmask=1'/uk,cpu/period=0x98968f,event=0xb1,umask=0x2,cmask=0x2,name='UOPS_EXECUTED.CORE:cmask=2'/uk,cpu/period=0x98968f,event=0xb1,umask=0x2,cmask=0x3,name='UOPS_EXECUTED.CORE:cmask=3'/uk,cpu/period=0x98968f,event=0xe,umask=0x1,name='UOPS_ISSUED.ANY'/uk,cpu/period=0x98968f,event=0xc2,umask=0x2,name='UOPS_RETIRED.RETIRE_SLOTS'/uk,cpu/period=0x98968f,event=0x9c,umask=0x1,cmask=0x4,name='IDQ_UOPS_NOT_DELIVERED.CYCLES_0_UOPS_DELIV.CORE'/uk,cpu/period=0x7a12f,event=0xd0,umask=0x81,name='MEM_UOPS_RETIRED.ALL_LOADS_PS'/ukpp,cpu/period=0x7a12f,event=0xd0,umask=0x82,name='MEM_UOPS_RETIRED.ALL_STORES_PS'/ukpp,cpu/period=0x7a12f,event=0xd3,umask=0x1,name='MEM_LOAD_UOPS_L3_MISS_RETIRED.LOCAL_DRAM_PS'/ukpp,cpu/period=0x7a12f,event=0xd3,umask=0x4,name='MEM_LOAD_UOPS_L3_MISS_RETIRED.REMOTE_DRAM_PS'/ukpp,cpu/period=0x7a12f,event=0xd3,umask=0x10,name='MEM_LOAD_UOPS_L3_MISS_RETIRED.REMOTE_HITM_PS'/ukpp,cpu/period=0x7a12f,event=0xd3,umask=0x20,name='MEM_LOAD_UOPS_L3_MISS_RETIRED.REMOTE_FWD_PS'/ukpp --clockid=monotonic_raw "/home/intel/oneapi/vtune/2021.1.1/bin64/amplxe-perf-sync" dryrun sys
463 [140405433693888] INFO perfrun.perfcollector <> - Monitor: runCmd RC = true
463 [140405425301184] WARN perfrun.perfcollector <> - Perf stat trace pipe capacity: read = 1048576, write = 1048576, at file: vcs/perfrun1/plugins/perfcollector/src/profiler.cpp:763
464 [140405425301184] INFO perfrun.perfcollector <> - Path to Perf control pipe: /tmp/amplxe-tmp-efsilva/perf-pipe-3832005-55561789080647619
465 [140405425301184] INFO perfrun.sdk <> - runCmd: "/home/intel/oneapi/vtune/2021.1.1/bin64/amplxe-perf" stat -v --log-fd 11 --pipe "/tmp/amplxe-tmp-efsilva/perf-pipe-3832005-55561789080647619" --pipe-sync -I 10 -A --scale -x ; -a -e uncore_imc_0/period=0x0,event=0x4,umask=0x3,name='UNC_M_CAS_COUNT.RD[UNIT0]'/,uncore_imc_1/period=0x0,event=0x4,umask=0x3,name='UNC_M_CAS_COUNT.RD[UNIT1]'/,uncore_imc_4/period=0x0,event=0x4,umask=0x3,name='UNC_M_CAS_COUNT.RD[UNIT4]'/,uncore_imc_5/period=0x0,event=0x4,umask=0x3,name='UNC_M_CAS_COUNT.RD[UNIT5]'/,uncore_imc_0/period=0x0,event=0x4,umask=0xc,name='UNC_M_CAS_COUNT.WR[UNIT0]'/,uncore_imc_1/period=0x0,event=0x4,umask=0xc,name='UNC_M_CAS_COUNT.WR[UNIT1]'/,uncore_imc_4/period=0x0,event=0x4,umask=0xc,name='UNC_M_CAS_COUNT.WR[UNIT4]'/,uncore_imc_5/period=0x0,event=0x4,umask=0xc,name='UNC_M_CAS_COUNT.WR[UNIT5]'/ "/home/intel/oneapi/vtune/2021.1.1/bin64/amplxe-perf-sync" dryrun sys
496 [140405516818112] INFO perfrun.perfcollector <> - PERF_STAT : "     0.002952059;CPU0;2397;;UNC_M_CAS_COUNT.RD[UNIT0];2924696;100.00;;"
496 [140405516818112] INFO perfrun.perfcollector <> - PERF_STAT : "     0.002952059;CPU10;1773;;UNC_M_CAS_COUNT.RD[UNIT0];2821309;100.00;;"
496 [140405516818112] INFO perfrun.perfcollector <> - PERF_STAT : "     0.002952059;CPU0;2162;;UNC_M_CAS_COUNT.RD[UNIT1];2914893;100.00;;"
496 [140405516818112] INFO perfrun.perfcollector <> - PERF_STAT : "     0.002952059;CPU10;1858;;UNC_M_CAS_COUNT.RD[UNIT1];2814285;100.00;;"
496 [140405516818112] INFO perfrun.perfcollector <> - PERF_STAT : "     0.002952059;CPU0;2328;;UNC_M_CAS_COUNT.RD[UNIT4];2905612;100.00;;"
496 [140405516818112] INFO perfrun.perfcollector <> - PERF_STAT : "     0.002952059;CPU10;1652;;UNC_M_CAS_COUNT.RD[UNIT4];2806939;100.00;;"
496 [140405516818112] INFO perfrun.perfcollector <> - PERF_STAT : "     0.002952059;CPU0;2055;;UNC_M_CAS_COUNT.RD[UNIT5];2896401;100.00;;"
496 [140405516818112] INFO perfrun.perfcollector <> - PERF_STAT : "     0.002952059;CPU10;1885;;UNC_M_CAS_COUNT.RD[UNIT5];2800027;100.00;;"
496 [140405516818112] INFO perfrun.perfcollector <> - PERF_STAT : "     0.002952059;CPU0;805;;UNC_M_CAS_COUNT.WR[UNIT0];2889351;100.00;;"
496 [140405516818112] INFO perfrun.perfcollector <> - PERF_STAT : "     0.002952059;CPU10;1056;;UNC_M_CAS_COUNT.WR[UNIT0];2794635;100.00;;"
496 [140405516818112] INFO perfrun.perfcollector <> - PERF_STAT : "     0.002952059;CPU0;702;;UNC_M_CAS_COUNT.WR[UNIT1];2876281;100.00;;"
496 [140405516818112] INFO perfrun.perfcollector <> - PERF_STAT : "     0.002952059;CPU10;1220;;UNC_M_CAS_COUNT.WR[UNIT1];2781481;100.00;;"
496 [140405516818112] INFO perfrun.perfcollector <> - PERF_STAT : "     0.002952059;CPU0;804;;UNC_M_CAS_COUNT.WR[UNIT4];2861113;100.00;;"
496 [140405516818112] INFO perfrun.perfcollector <> - PERF_STAT : "     0.002952059;CPU10;1060;;UNC_M_CAS_COUNT.WR[UNIT4];2768656;100.00;;"
496 [140405516818112] INFO perfrun.perfcollector <> - PERF_STAT : "     0.002952059;CPU0;688;;UNC_M_CAS_COUNT.WR[UNIT5];2845750;100.00;;"
496 [140405516818112] INFO perfrun.perfcollector <> - PERF_STAT : "     0.002952059;CPU10;1183;;UNC_M_CAS_COUNT.WR[UNIT5];2751217;100.00;;"
497 [140405425301184] INFO perfrun.perfcollector <> - Monitor: runCmd RC = true
497 [140405516818112] INFO perfrun.perfcollector <> - Path to Perf control pipe: /tmp/amplxe-tmp-efsilva/perf-pipe-3832005-55561789157905409
497 [140405516818112] INFO perfrun.sdk <> - runCmd: "/home/intel/oneapi/vtune/2021.1.1/bin64/amplxe-perf" record -v --pipe "/tmp/amplxe-tmp-efsilva/perf-pipe-3832005-55561789157905409" --pipe-sync -o "/tmp/efsilva_vtune_823225/project/resultados_vtune/01_adaptive_dynamic4_hpc_smoke/data.0/temp.dryrun.perf" -N -B -T -R -d --compression-level=1 -e cpu/period=0xaf79e0,event=0x3c,name='CPU_CLK_UNHALTED.THREAD'/Duk,cpu/period=0xaf79e0,umask=0x3,name='CPU_CLK_UNHALTED.REF_TSC'/Duk,cpu/period=0xaf79e0,event=0xc0,name='INST_RETIRED.ANY'/Duk,cpu/period=0x98968f,event=0xa3,umask=0xc,cmask=0xc,name='CYCLE_ACTIVITY.STALLS_L1D_PENDING'/uk,cpu/period=0x7a12f,event=0x3c,umask=0x1,name='CPU_CLK_UNHALTED.REF_XCLK'/uk,cpu/period=0x7a12f,event=0x3c,umask=0x2,name='CPU_CLK_UNHALTED.ONE_THREAD_ACTIVE'/uk,cpu/period=0x98968f,event=0xa3,umask=0x4,cmask=0x4,name='CYCLE_ACTIVITY.CYCLES_NO_EXECUTE'/uk,cpu/period=0x98968f,event=0xa3,umask=0x6,cmask=0x6,name='CYCLE_ACTIVITY.STALLS_LDM_PENDING'/uk,cpu/period=0x98968f,event=0xa3,umask=0x5,cmask=0x5,name='CYCLE_ACTIVITY.STALLS_L2_PENDING'/uk,cpu/period=0x98968f,event=0x9c,umask=0x1,name='IDQ_UOPS_NOT_DELIVERED.CORE'/uk,cpu/period=0x98968f,event=0xd,umask=0x3,cmask=0x1,name='INT_MISC.RECOVERY_CYCLES'/uk,cpu/period=0x3d09f,event=0xd1,umask=0x4,name='MEM_LOAD_UOPS_RETIRED.L3_HIT_PS'/ukpp,cpu/period=0x3d09f,event=0xd1,umask=0x20,name='MEM_LOAD_UOPS_RETIRED.L3_MISS_PS'/ukpp,cpu/period=0x98968f,event=0x60,umask=0x8,cmask=0x1,name='OFFCORE_REQUESTS_OUTSTANDING.CYCLES_WITH_DATA_RD'/uk,cpu/period=0x98968f,event=0x60,umask=0x8,cmask=0x6,name='OFFCORE_REQUESTS_OUTSTANDING.ALL_DATA_RD:cmask=6'/uk,cpu/period=0x98968f,event=0xa2,umask=0x8,name='RESOURCE_STALLS.SB'/uk,cpu/period=0x98968f,event=0x5e,umask=0x1,name='RS_EVENTS.EMPTY_CYCLES'/uk,cpu/period=0x98968f,event=0xb1,umask=0x2,cmask=0x1,name='UOPS_EXECUTED.CORE:cmask=1'/uk,cpu/period=0x98968f,event=0xb1,umask=0x2,cmask=0x2,name='UOPS_EXECUTED.CORE:cmask=2'/uk,cpu/period=0x98968f,event=0xb1,umask=0x2,cmask=0x3,name='UOPS_EXECUTED.CORE:cmask=3'/uk,cpu/period=0x98968f,event=0xe,umask=0x1,name='UOPS_ISSUED.ANY'/uk,cpu/period=0x98968f,event=0xc2,umask=0x2,name='UOPS_RETIRED.RETIRE_SLOTS'/uk,cpu/period=0x98968f,event=0x9c,umask=0x1,cmask=0x4,name='IDQ_UOPS_NOT_DELIVERED.CYCLES_0_UOPS_DELIV.CORE'/uk,cpu/period=0x7a12f,event=0xd0,umask=0x81,name='MEM_UOPS_RETIRED.ALL_LOADS_PS'/ukpp,cpu/period=0x7a12f,event=0xd0,umask=0x82,name='MEM_UOPS_RETIRED.ALL_STORES_PS'/ukpp,cpu/period=0x7a12f,event=0xd3,umask=0x1,name='MEM_LOAD_UOPS_L3_MISS_RETIRED.LOCAL_DRAM_PS'/ukpp,cpu/period=0x7a12f,event=0xd3,umask=0x4,name='MEM_LOAD_UOPS_L3_MISS_RETIRED.REMOTE_DRAM_PS'/ukpp,cpu/period=0x7a12f,event=0xd3,umask=0x10,name='MEM_LOAD_UOPS_L3_MISS_RETIRED.REMOTE_HITM_PS'/ukpp,cpu/period=0x7a12f,event=0xd3,umask=0x20,name='MEM_LOAD_UOPS_L3_MISS_RETIRED.REMOTE_FWD_PS'/ukpp --clockid=monotonic_raw "/home/intel/oneapi/vtune/2021.1.1/bin64/amplxe-perf-sync" dryrun sys
747 [140405516818112] INFO perfrun.perfcollector <> - Monitor: runCmd RC = true
747 [140405546936000] INFO perfrun.launcher <> - plugin [aoclprofile] was disabled because it doesn't support the given collection type.
747 [140405546936000] INFO perfrun.tpss <> - initialize tpss controller
747 [140405546936000] INFO perfrun.launcher <> - plugin [tpss] was disabled because it doesn't support the given collection type.
748 [140405546936000] INFO perfrun.launcher <> - plugin [exprof] was disabled because it doesn't support the given collection type.
748 [140405546936000] INFO perfrun.launcher <> - plugin [ice] was disabled because it doesn't support the given collection type.
748 [140405546936000] INFO perfrun.launcher <> - plugin [] was disabled because it doesn't support the given collection type.
748 [140405546936000] INFO perfrun.launcher <> - plugin [] was disabled because it doesn't support the given collection type.
748 [140405546936000] INFO perfrun.launcher <> - plugin [parallelfs] was disabled because it doesn't support the given collection type.
748 [140405546936000] INFO perfrun.launcher <> - plugin [power] was disabled because it doesn't support the given collection type.
748 [140405546936000] INFO perfrun.launcher <> - plugin [hwloc] was disabled because it doesn't support the given collection type.
748 [140405546936000] INFO perfrun.launcher <> - plugin [ipmwatch] was disabled because it doesn't support the given collection type.
748 [140405546936000] INFO perfrun.launcher <> - plugin [os_counters] was disabled because it doesn't support the given collection type.
748 [140405702886080] INFO perfrun.launcher <> - set environment variable: LD_LIBRARY_PATH = /home/intel/oneapi/vtune/2021.1.1/lib32/runtime:/home/intel/oneapi/vtune/2021.1.1/lib64/runtime
748 [140405702886080] INFO perfrun.launcher <> - set environment variable: INTEL_LIBITTNOTIFY32 = /home/intel/oneapi/vtune/2021.1.1/lib32/runtime/libittnotify_collector.so
748 [140405702886080] INFO perfrun.launcher <> - set environment variable: INTEL_LIBITTNOTIFY64 = /home/intel/oneapi/vtune/2021.1.1/lib64/runtime/libittnotify_collector.so
748 [140405702886080] INFO perfrun.launcher <> - set environment variable: INTEL_ITTNOTIFY_GROUPS = 
748 [140405702886080] INFO perfrun.launcher <> - set environment variable: INTEL_JIT_PROFILER32 = /home/intel/oneapi/vtune/2021.1.1/lib32/runtime/libittnotify_collector.so
748 [140405702886080] INFO perfrun.launcher <> - set environment variable: INTEL_JIT_PROFILER64 = /home/intel/oneapi/vtune/2021.1.1/lib64/runtime/libittnotify_collector.so
748 [140405702886080] INFO perfrun.launcher <> - set environment variable: VS_PROFILER = libittnotify_collector.so
748 [140405702886080] INFO perfrun.launcher <> - set environment variable: OMP_TOOL_LIBRARIES = /home/intel/oneapi/vtune/2021.1.1/lib32/runtime/libittnotify_collector.so:/home/intel/oneapi/vtune/2021.1.1/lib64/runtime/libittnotify_collector.so
748 [140405702886080] INFO perfrun.launcher <> - set environment variable: ENABLE_JITPROFILING = 1
748 [140405702886080] INFO perfrun.launcher <> - set environment variable: CL_CONFIG_USE_VTUNE = True
748 [140405702886080] INFO perfrun.launcher <> - set environment variable: INTEL_MRTE_DATA_DIR = /tmp/efsilva_vtune_823225/project/resultados_vtune/01_adaptive_dynamic4_hpc_smoke/data.0
748 [140405702886080] INFO perfrun.launcher <> - set environment variable: INTEL_MRTE_HOST_NAME = hype1
748 [140405702886080] INFO perfrun.launcher <> - set environment variable: JAVA_TOOL_OPTIONS = -agentlib:amplxe_samplingmrte_javaprof_1.0 -Dsun.boot.library.path=/home/intel/oneapi/vtune/2021.1.1/lib32/runtime:/home/intel/oneapi/vtune/2021.1.1/lib64/runtime
748 [140405702886080] INFO perfrun.launcher <> - set environment variable: CORECLR_ENABLE_PROFILING = 1
748 [140405702886080] INFO perfrun.launcher <> - set environment variable: CORECLR_PROFILER = {AA5E4821-E3B1-479c-B7FF-5AD047D22CED}
748 [140405702886080] INFO perfrun.launcher <> - set environment variable: CORECLR_PROFILER_PATH = /home/intel/oneapi/vtune/2021.1.1/lib64/libamplxe_samplingmrte_clrprof_1.0.so
748 [140405702886080] INFO perfrun.launcher <> - set environment variable: INTEL_MRTE_PROFILER_MODE = mixed
748 [140405702886080] INFO perfrun.launcher <> - RpcServer: run RPC server to handle requests
748 [140405702886080] INFO perfrun.launcher <> - Launcher: command line to start before modification = build/omp-avx2/image_benchmark --image images/rain_paisage.jpg /tmp/vtune_benchmark.csv --operations adaptive --run-id vtune-hpc-performance-omp-avx2 --repeat 0 --warmup
749 [140405702886080] INFO perfrun.launcher <> - Launcher: command line to start after modification = build/omp-avx2/image_benchmark --image images/rain_paisage.jpg /tmp/vtune_benchmark.csv --operations adaptive --run-id vtune-hpc-performance-omp-avx2 --repeat 0 --warmup
749 [140405702886080] INFO perfrun.launcher <> - ProcessCreator object was created
749 [140405702886080] INFO perfrun.launcher <> - Launcher: the process was started in suspend mode
754 [140405546936000] WARN perfrun.system <> - Could not do anything with /sys/kernel/debug/kvm: boost::filesystem::status: Permission denied: "/sys/kernel/debug/kvm", at file: vcs/perfrun1/plugins/system/src/trace_writer.cpp:796
754 [140405546936000] WARN perfrun.system <> - Folder "/var/run/libvirt/qemu/"doesn't exist, at file: vcs/perfrun1/plugins/system/src/trace_writer.cpp:809
789 [140405546936000] WARN perfrun.sdk <> - Failed to find xl binary on any of the system paths: /bin, /sbin, /usr/bin, /usr/sbin., at file: vcs/perfrun1/sdk/src/utils.cpp:197
789 [140405546936000] WARN perfrun.system <> - Could not start ContainerMapping collector, at file: vcs/perfrun1/plugins/system/src/controller.cpp:468
814 [140405546936000] INFO perfrun.vdso <> - Helper runtool '/home/intel/oneapi/vtune/2021.1.1/bin32/amplxe-runss -dump-vdso -r /tmp/efsilva_vtune_823225/project/resultados_vtune/01_adaptive_dynamic4_hpc_smoke --tmp-dir /tmp/amplxe-tmp-efsilva' returned 1
891 [140405546936000] INFO perfrun.vdso <> - Helper runtool '/home/intel/oneapi/vtune/2021.1.1/bin64/amplxe-runss -dump-vdso -r /tmp/efsilva_vtune_823225/project/resultados_vtune/01_adaptive_dynamic4_hpc_smoke --tmp-dir /tmp/amplxe-tmp-efsilva' returned 0
891 [140405546936000] INFO perfrun.itt <> - start itt controller for pid #3832025
898 [140405530150592] WARN perfrun.perfcollector <> - Perf stat trace pipe capacity: read = 1048576, write = 1048576, at file: vcs/perfrun1/plugins/perfcollector/src/profiler.cpp:763
898 [140405530150592] INFO perfrun.perfcollector <> - Path to Perf control pipe: /tmp/amplxe-tmp-efsilva/perf-pipe-3832005-55561790078548669
899 [140405530150592] INFO perfrun.sdk <> - runCmd: "/home/intel/oneapi/vtune/2021.1.1/bin64/amplxe-perf" stat -v --log-fd 23 --pipe "/tmp/amplxe-tmp-efsilva/perf-pipe-3832005-55561790078548669" --pipe-sync -I 10 -A --scale -x ; -a -e uncore_imc_0/period=0x0,event=0x4,umask=0x3,name='UNC_M_CAS_COUNT.RD[UNIT0]'/,uncore_imc_1/period=0x0,event=0x4,umask=0x3,name='UNC_M_CAS_COUNT.RD[UNIT1]'/,uncore_imc_4/period=0x0,event=0x4,umask=0x3,name='UNC_M_CAS_COUNT.RD[UNIT4]'/,uncore_imc_5/period=0x0,event=0x4,umask=0x3,name='UNC_M_CAS_COUNT.RD[UNIT5]'/,uncore_imc_0/period=0x0,event=0x4,umask=0xc,name='UNC_M_CAS_COUNT.WR[UNIT0]'/,uncore_imc_1/period=0x0,event=0x4,umask=0xc,name='UNC_M_CAS_COUNT.WR[UNIT1]'/,uncore_imc_4/period=0x0,event=0x4,umask=0xc,name='UNC_M_CAS_COUNT.WR[UNIT4]'/,uncore_imc_5/period=0x0,event=0x4,umask=0xc,name='UNC_M_CAS_COUNT.WR[UNIT5]'/ "/home/intel/oneapi/vtune/2021.1.1/bin64/amplxe-perf-sync" sync sys
932 [140405408515776] INFO perfrun.perfcollector <> - Path to Perf control pipe: /tmp/amplxe-tmp-efsilva/perf-pipe-3832005-55561790156193115
932 [140405408515776] INFO perfrun.sdk <> - runCmd: "/home/intel/oneapi/vtune/2021.1.1/bin64/amplxe-perf" record -v --pipe "/tmp/amplxe-tmp-efsilva/perf-pipe-3832005-55561790156193115" --pipe-sync -o "/tmp/efsilva_vtune_823225/project/resultados_vtune/01_adaptive_dynamic4_hpc_smoke/data.0/3832025.perf" -N -B -T -R -d -p 3832025 --compression-level=1 --threads -e cpu/period=0xaf79e0,event=0x3c,name='CPU_CLK_UNHALTED.THREAD'/Duk,cpu/period=0xaf79e0,umask=0x3,name='CPU_CLK_UNHALTED.REF_TSC'/Duk,cpu/period=0xaf79e0,event=0xc0,name='INST_RETIRED.ANY'/Duk,cpu/period=0x98968f,event=0xa3,umask=0xc,cmask=0xc,name='CYCLE_ACTIVITY.STALLS_L1D_PENDING'/uk,cpu/period=0x7a12f,event=0x3c,umask=0x1,name='CPU_CLK_UNHALTED.REF_XCLK'/uk,cpu/period=0x7a12f,event=0x3c,umask=0x2,name='CPU_CLK_UNHALTED.ONE_THREAD_ACTIVE'/uk,cpu/period=0x98968f,event=0xa3,umask=0x4,cmask=0x4,name='CYCLE_ACTIVITY.CYCLES_NO_EXECUTE'/uk,cpu/period=0x98968f,event=0xa3,umask=0x6,cmask=0x6,name='CYCLE_ACTIVITY.STALLS_LDM_PENDING'/uk,cpu/period=0x98968f,event=0xa3,umask=0x5,cmask=0x5,name='CYCLE_ACTIVITY.STALLS_L2_PENDING'/uk,cpu/period=0x98968f,event=0x9c,umask=0x1,name='IDQ_UOPS_NOT_DELIVERED.CORE'/uk,cpu/period=0x98968f,event=0xd,umask=0x3,cmask=0x1,name='INT_MISC.RECOVERY_CYCLES'/uk,cpu/period=0x3d09f,event=0xd1,umask=0x4,name='MEM_LOAD_UOPS_RETIRED.L3_HIT_PS'/ukpp,cpu/period=0x3d09f,event=0xd1,umask=0x20,name='MEM_LOAD_UOPS_RETIRED.L3_MISS_PS'/ukpp,cpu/period=0x98968f,event=0x60,umask=0x8,cmask=0x1,name='OFFCORE_REQUESTS_OUTSTANDING.CYCLES_WITH_DATA_RD'/uk,cpu/period=0x98968f,event=0x60,umask=0x8,cmask=0x6,name='OFFCORE_REQUESTS_OUTSTANDING.ALL_DATA_RD:cmask=6'/uk,cpu/period=0x98968f,event=0xa2,umask=0x8,name='RESOURCE_STALLS.SB'/uk,cpu/period=0x98968f,event=0x5e,umask=0x1,name='RS_EVENTS.EMPTY_CYCLES'/uk,cpu/period=0x98968f,event=0xb1,umask=0x2,cmask=0x1,name='UOPS_EXECUTED.CORE:cmask=1'/uk,cpu/period=0x98968f,event=0xb1,umask=0x2,cmask=0x2,name='UOPS_EXECUTED.CORE:cmask=2'/uk,cpu/period=0x98968f,event=0xb1,umask=0x2,cmask=0x3,name='UOPS_EXECUTED.CORE:cmask=3'/uk,cpu/period=0x98968f,event=0xe,umask=0x1,name='UOPS_ISSUED.ANY'/uk,cpu/period=0x98968f,event=0xc2,umask=0x2,name='UOPS_RETIRED.RETIRE_SLOTS'/uk,cpu/period=0x98968f,event=0x9c,umask=0x1,cmask=0x4,name='IDQ_UOPS_NOT_DELIVERED.CYCLES_0_UOPS_DELIV.CORE'/uk,cpu/period=0x7a12f,event=0xd0,umask=0x81,name='MEM_UOPS_RETIRED.ALL_LOADS_PS'/ukpp,cpu/period=0x7a12f,event=0xd0,umask=0x82,name='MEM_UOPS_RETIRED.ALL_STORES_PS'/ukpp,cpu/period=0x7a12f,event=0xd3,umask=0x1,name='MEM_LOAD_UOPS_L3_MISS_RETIRED.LOCAL_DRAM_PS'/ukpp,cpu/period=0x7a12f,event=0xd3,umask=0x4,name='MEM_LOAD_UOPS_L3_MISS_RETIRED.REMOTE_DRAM_PS'/ukpp,cpu/period=0x7a12f,event=0xd3,umask=0x10,name='MEM_LOAD_UOPS_L3_MISS_RETIRED.REMOTE_HITM_PS'/ukpp,cpu/period=0x7a12f,event=0xd3,umask=0x20,name='MEM_LOAD_UOPS_L3_MISS_RETIRED.REMOTE_FWD_PS'/ukpp --clockid=monotonic_raw "/home/intel/oneapi/vtune/2021.1.1/bin64/amplxe-perf-sync" sync sys
949 [140405425301184] INFO perfrun.perfcollector <> - PERF_STAT : "     0.010380807;CPU0;7461;;UNC_M_CAS_COUNT.RD[UNIT0];20859764;100.00;;"
949 [140405425301184] INFO perfrun.perfcollector <> - PERF_STAT : "     0.010380807;CPU10;6096;;UNC_M_CAS_COUNT.RD[UNIT0];20794028;100.00;;"
949 [140405425301184] INFO perfrun.perfcollector <> - PERF_STAT : "     0.010380807;CPU0;6628;;UNC_M_CAS_COUNT.RD[UNIT1];20853614;100.00;;"
949 [140405425301184] INFO perfrun.perfcollector <> - PERF_STAT : "     0.010380807;CPU10;7018;;UNC_M_CAS_COUNT.RD[UNIT1];20786370;100.00;;"
949 [140405425301184] INFO perfrun.perfcollector <> - PERF_STAT : "     0.010380807;CPU0;7495;;UNC_M_CAS_COUNT.RD[UNIT4];20846795;100.00;;"
949 [140405425301184] INFO perfrun.perfcollector <> - PERF_STAT : "     0.010380807;CPU10;5896;;UNC_M_CAS_COUNT.RD[UNIT4];20778589;100.00;;"
949 [140405425301184] INFO perfrun.perfcollector <> - PERF_STAT : "     0.010380807;CPU0;6593;;UNC_M_CAS_COUNT.RD[UNIT5];20840243;100.00;;"
949 [140405425301184] INFO perfrun.perfcollector <> - PERF_STAT : "     0.010380807;CPU10;7003;;UNC_M_CAS_COUNT.RD[UNIT5];20771467;100.00;;"
949 [140405425301184] INFO perfrun.perfcollector <> - PERF_STAT : "     0.010380807;CPU0;5356;;UNC_M_CAS_COUNT.WR[UNIT0];20835359;100.00;;"
949 [140405425301184] INFO perfrun.perfcollector <> - PERF_STAT : "     0.010380807;CPU10;8536;;UNC_M_CAS_COUNT.WR[UNIT0];20765435;100.00;;"
949 [140405425301184] INFO perfrun.perfcollector <> - PERF_STAT : "     0.010380807;CPU0;4469;;UNC_M_CAS_COUNT.WR[UNIT1];20827155;100.00;;"
949 [140405425301184] INFO perfrun.perfcollector <> - PERF_STAT : "     0.010380807;CPU10;9504;;UNC_M_CAS_COUNT.WR[UNIT1];20752335;100.00;;"
949 [140405425301184] INFO perfrun.perfcollector <> - PERF_STAT : "     0.010380807;CPU0;5229;;UNC_M_CAS_COUNT.WR[UNIT4];20815684;100.00;;"
949 [140405425301184] INFO perfrun.perfcollector <> - PERF_STAT : "     0.010380807;CPU10;8614;;UNC_M_CAS_COUNT.WR[UNIT4];20739541;100.00;;"
949 [140405425301184] INFO perfrun.perfcollector <> - PERF_STAT : "     0.010380807;CPU0;4316;;UNC_M_CAS_COUNT.WR[UNIT5];20796719;100.00;;"
949 [140405425301184] INFO perfrun.perfcollector <> - PERF_STAT : "     0.010380807;CPU10;9600;;UNC_M_CAS_COUNT.WR[UNIT5];20726811;100.00;;"
959 [140405425301184] INFO perfrun.perfcollector <> - PERF_STAT : "     0.031174339;CPU0;1367;;UNC_M_CAS_COUNT.RD[UNIT0];10281424;100.00;;"
959 [140405425301184] INFO perfrun.perfcollector <> - PERF_STAT : "     0.031174339;CPU10;403;;UNC_M_CAS_COUNT.RD[UNIT0];10272102;100.00;;"
959 [140405425301184] INFO perfrun.perfcollector <> - PERF_STAT : "     0.031174339;CPU0;765;;UNC_M_CAS_COUNT.RD[UNIT1];10280840;100.00;;"
959 [140405425301184] INFO perfrun.perfcollector <> - PERF_STAT : "     0.031174339;CPU10;874;;UNC_M_CAS_COUNT.RD[UNIT1];10271810;100.00;;"
959 [140405425301184] INFO perfrun.perfcollector <> - PERF_STAT : "     0.031174339;CPU0;1354;;UNC_M_CAS_COUNT.RD[UNIT4];10280821;100.00;;"
959 [140405425301184] INFO perfrun.perfcollector <> - PERF_STAT : "     0.031174339;CPU10;327;;UNC_M_CAS_COUNT.RD[UNIT4];10271633;100.00;;"
959 [140405425301184] INFO perfrun.perfcollector <> - PERF_STAT : "     0.031174339;CPU0;800;;UNC_M_CAS_COUNT.RD[UNIT5];10280731;100.00;;"
959 [140405425301184] INFO perfrun.perfcollector <> - PERF_STAT : "     0.031174339;CPU10;916;;UNC_M_CAS_COUNT.RD[UNIT5];10271469;100.00;;"
959 [140405425301184] INFO perfrun.perfcollector <> - PERF_STAT : "     0.031174339;CPU0;895;;UNC_M_CAS_COUNT.WR[UNIT0];10280636;100.00;;"
959 [140405425301184] INFO perfrun.perfcollector <> - PERF_STAT : "     0.031174339;CPU10;507;;UNC_M_CAS_COUNT.WR[UNIT0];10271240;100.00;;"
959 [140405425301184] INFO perfrun.perfcollector <> - PERF_STAT : "     0.031174339;CPU0;340;;UNC_M_CAS_COUNT.WR[UNIT1];10277312;100.00;;"
959 [140405425301184] INFO perfrun.perfcollector <> - PERF_STAT : "     0.031174339;CPU10;1034;;UNC_M_CAS_COUNT.WR[UNIT1];10271051;100.00;;"
960 [140405425301184] INFO perfrun.perfcollector <> - PERF_STAT : "     0.031174339;CPU0;861;;UNC_M_CAS_COUNT.WR[UNIT4];10277359;100.00;;"
960 [140405425301184] INFO perfrun.perfcollector <> - PERF_STAT : "     0.031174339;CPU10;466;;UNC_M_CAS_COUNT.WR[UNIT4];10271123;100.00;;"
960 [140405425301184] INFO perfrun.perfcollector <> - PERF_STAT : "     0.031174339;CPU0;328;;UNC_M_CAS_COUNT.WR[UNIT5];10277407;100.00;;"
960 [140405425301184] INFO perfrun.perfcollector <> - PERF_STAT : "     0.031174339;CPU10;1054;;UNC_M_CAS_COUNT.WR[UNIT5];10271034;100.00;;"
970 [140405425301184] INFO perfrun.perfcollector <> - PERF_STAT : "     0.041404311;CPU0;2600;;UNC_M_CAS_COUNT.RD[UNIT0];10230935;100.00;;"
970 [140405425301184] INFO perfrun.perfcollector <> - PERF_STAT : "     0.041404311;CPU10;6092;;UNC_M_CAS_COUNT.RD[UNIT0];10232190;100.00;;"
970 [140405425301184] INFO perfrun.perfcollector <> - PERF_STAT : "     0.041404311;CPU0;2093;;UNC_M_CAS_COUNT.RD[UNIT1];10231028;100.00;;"
970 [140405425301184] INFO perfrun.perfcollector <> - PERF_STAT : "     0.041404311;CPU10;6517;;UNC_M_CAS_COUNT.RD[UNIT1];10231987;100.00;;"
970 [140405425301184] INFO perfrun.perfcollector <> - PERF_STAT : "     0.041404311;CPU0;2714;;UNC_M_CAS_COUNT.RD[UNIT4];10231114;100.00;;"
970 [140405425301184] INFO perfrun.perfcollector <> - PERF_STAT : "     0.041404311;CPU10;5957;;UNC_M_CAS_COUNT.RD[UNIT4];10232031;100.00;;"
970 [140405425301184] INFO perfrun.perfcollector <> - PERF_STAT : "     0.041404311;CPU0;2123;;UNC_M_CAS_COUNT.RD[UNIT5];10231114;100.00;;"
970 [140405425301184] INFO perfrun.perfcollector <> - PERF_STAT : "     0.041404311;CPU10;6555;;UNC_M_CAS_COUNT.RD[UNIT5];10231677;100.00;;"
970 [140405425301184] INFO perfrun.perfcollector <> - PERF_STAT : "     0.041404311;CPU0;3009;;UNC_M_CAS_COUNT.WR[UNIT0];10231115;100.00;;"
970 [140405425301184] INFO perfrun.perfcollector <> - PERF_STAT : "     0.041404311;CPU10;2939;;UNC_M_CAS_COUNT.WR[UNIT0];10231756;100.00;;"
970 [140405425301184] INFO perfrun.perfcollector <> - PERF_STAT : "     0.041404311;CPU0;2542;;UNC_M_CAS_COUNT.WR[UNIT1];10230905;100.00;;"
970 [140405425301184] INFO perfrun.perfcollector <> - PERF_STAT : "     0.041404311;CPU10;3516;;UNC_M_CAS_COUNT.WR[UNIT1];10231832;100.00;;"
970 [140405425301184] INFO perfrun.perfcollector <> - PERF_STAT : "     0.041404311;CPU0;3039;;UNC_M_CAS_COUNT.WR[UNIT4];10231004;100.00;;"
970 [140405425301184] INFO perfrun.perfcollector <> - PERF_STAT : "     0.041404311;CPU10;3009;;UNC_M_CAS_COUNT.WR[UNIT4];10231601;100.00;;"
970 [140405425301184] INFO perfrun.perfcollector <> - PERF_STAT : "     0.041404311;CPU0;2552;;UNC_M_CAS_COUNT.WR[UNIT5];10231253;100.00;;"
970 [140405425301184] INFO perfrun.perfcollector <> - PERF_STAT : "     0.041404311;CPU10;3509;;UNC_M_CAS_COUNT.WR[UNIT5];10231660;100.00;;"
980 [140405425301184] INFO perfrun.perfcollector <> - PERF_STAT : "     0.051635530;CPU0;1443;;UNC_M_CAS_COUNT.RD[UNIT0];10229879;100.00;;"
980 [140405425301184] INFO perfrun.perfcollector <> - PERF_STAT : "     0.051635530;CPU10;6745;;UNC_M_CAS_COUNT.RD[UNIT0];10230401;100.00;;"
980 [140405425301184] INFO perfrun.perfcollector <> - PERF_STAT : "     0.051635530;CPU0;898;;UNC_M_CAS_COUNT.RD[UNIT1];10229632;100.00;;"
980 [140405425301184] INFO perfrun.perfcollector <> - PERF_STAT : "     0.051635530;CPU10;7336;;UNC_M_CAS_COUNT.RD[UNIT1];10230431;100.00;;"
980 [140405425301184] INFO perfrun.perfcollector <> - PERF_STAT : "     0.051635530;CPU0;1404;;UNC_M_CAS_COUNT.RD[UNIT4];10229671;100.00;;"
980 [140405425301184] INFO perfrun.perfcollector <> - PERF_STAT : "     0.051635530;CPU10;6807;;UNC_M_CAS_COUNT.RD[UNIT4];10230344;100.00;;"
980 [140405425301184] INFO perfrun.perfcollector <> - PERF_STAT : "     0.051635530;CPU0;850;;UNC_M_CAS_COUNT.RD[UNIT5];10229722;100.00;;"
980 [140405425301184] INFO perfrun.perfcollector <> - PERF_STAT : "     0.051635530;CPU10;7379;;UNC_M_CAS_COUNT.RD[UNIT5];10230464;100.00;;"
980 [140405425301184] INFO perfrun.perfcollector <> - PERF_STAT : "     0.051635530;CPU0;2822;;UNC_M_CAS_COUNT.WR[UNIT0];10229483;100.00;;"
980 [140405425301184] INFO perfrun.perfcollector <> - PERF_STAT : "     0.051635530;CPU10;2326;;UNC_M_CAS_COUNT.WR[UNIT0];10230299;100.00;;"
980 [140405425301184] INFO perfrun.perfcollector <> - PERF_STAT : "     0.051635530;CPU0;2339;;UNC_M_CAS_COUNT.WR[UNIT1];10229870;100.00;;"
980 [140405425301184] INFO perfrun.perfcollector <> - PERF_STAT : "     0.051635530;CPU10;2723;;UNC_M_CAS_COUNT.WR[UNIT1];10230189;100.00;;"
980 [140405425301184] INFO perfrun.perfcollector <> - PERF_STAT : "     0.051635530;CPU0;2934;;UNC_M_CAS_COUNT.WR[UNIT4];10230098;100.00;;"
980 [140405425301184] INFO perfrun.perfcollector <> - PERF_STAT : "     0.051635530;CPU10;2168;;UNC_M_CAS_COUNT.WR[UNIT4];10230228;100.00;;"
980 [140405425301184] INFO perfrun.perfcollector <> - PERF_STAT : "     0.051635530;CPU0;2327;;UNC_M_CAS_COUNT.WR[UNIT5];10229968;100.00;;"
980 [140405425301184] INFO perfrun.perfcollector <> - PERF_STAT : "     0.051635530;CPU10;2707;;UNC_M_CAS_COUNT.WR[UNIT5];10230226;100.00;;"
1001 [140405425301184] INFO perfrun.perfcollector <> - PERF_STAT : "     0.061866808;CPU0;3559;;UNC_M_CAS_COUNT.RD[UNIT0];21244657;100.00;;"
1001 [140405425301184] INFO perfrun.perfcollector <> - PERF_STAT : "     0.061866808;CPU10;10374;;UNC_M_CAS_COUNT.RD[UNIT0];21263726;100.00;;"
1001 [140405425301184] INFO perfrun.perfcollector <> - PERF_STAT : "     0.061866808;CPU0;2554;;UNC_M_CAS_COUNT.RD[UNIT1];21244591;100.00;;"
1001 [140405425301184] INFO perfrun.perfcollector <> - PERF_STAT : "     0.061866808;CPU10;11400;;UNC_M_CAS_COUNT.RD[UNIT1];21263996;100.00;;"
1001 [140405425301184] INFO perfrun.perfcollector <> - PERF_STAT : "     0.061866808;CPU0;3593;;UNC_M_CAS_COUNT.RD[UNIT4];21244251;100.00;;"
1001 [140405425301184] INFO perfrun.perfcollector <> - PERF_STAT : "     0.061866808;CPU10;10315;;UNC_M_CAS_COUNT.RD[UNIT4];21264108;100.00;;"
1001 [140405425301184] INFO perfrun.perfcollector <> - PERF_STAT : "     0.061866808;CPU0;2476;;UNC_M_CAS_COUNT.RD[UNIT5];21243986;100.00;;"
1001 [140405425301184] INFO perfrun.perfcollector <> - PERF_STAT : "     0.061866808;CPU10;11564;;UNC_M_CAS_COUNT.RD[UNIT5];21264144;100.00;;"
1001 [140405425301184] INFO perfrun.perfcollector <> - PERF_STAT : "     0.061866808;CPU0;5046;;UNC_M_CAS_COUNT.WR[UNIT0];21243962;100.00;;"
1001 [140405425301184] INFO perfrun.perfcollector <> - PERF_STAT : "     0.061866808;CPU10;3026;;UNC_M_CAS_COUNT.WR[UNIT0];21264288;100.00;;"
1001 [140405425301184] INFO perfrun.perfcollector <> - PERF_STAT : "     0.061866808;CPU0;3894;;UNC_M_CAS_COUNT.WR[UNIT1];21243577;100.00;;"
1001 [140405425301184] INFO perfrun.perfcollector <> - PERF_STAT : "     0.061866808;CPU10;4076;;UNC_M_CAS_COUNT.WR[UNIT1];21264522;100.00;;"
1001 [140405425301184] INFO perfrun.perfcollector <> - PERF_STAT : "     0.061866808;CPU0;5111;;UNC_M_CAS_COUNT.WR[UNIT4];21243120;100.00;;"
1001 [140405425301184] INFO perfrun.perfcollector <> - PERF_STAT : "     0.061866808;CPU10;2941;;UNC_M_CAS_COUNT.WR[UNIT4];21264622;100.00;;"
1001 [140405425301184] INFO perfrun.perfcollector <> - PERF_STAT : "     0.061866808;CPU0;3988;;UNC_M_CAS_COUNT.WR[UNIT5];21242938;100.00;;"
1001 [140405425301184] INFO perfrun.perfcollector <> - PERF_STAT : "     0.061866808;CPU10;4083;;UNC_M_CAS_COUNT.WR[UNIT5];21264670;100.00;;"
1011 [140405425301184] INFO perfrun.perfcollector <> - PERF_STAT : "     0.083136144;CPU0;2307;;UNC_M_CAS_COUNT.RD[UNIT0];10254080;100.00;;"
1011 [140405425301184] INFO perfrun.perfcollector <> - PERF_STAT : "     0.083136144;CPU10;310;;UNC_M_CAS_COUNT.RD[UNIT0];10228285;100.00;;"
1011 [140405425301184] INFO perfrun.perfcollector <> - PERF_STAT : "     0.083136144;CPU0;1753;;UNC_M_CAS_COUNT.RD[UNIT1];10253651;100.00;;"
1011 [140405425301184] INFO perfrun.perfcollector <> - PERF_STAT : "     0.083136144;CPU10;777;;UNC_M_CAS_COUNT.RD[UNIT1];10228026;100.00;;"
1011 [140405425301184] INFO perfrun.perfcollector <> - PERF_STAT : "     0.083136144;CPU0;2305;;UNC_M_CAS_COUNT.RD[UNIT4];10253753;100.00;;"
1011 [140405425301184] INFO perfrun.perfcollector <> - PERF_STAT : "     0.083136144;CPU10;242;;UNC_M_CAS_COUNT.RD[UNIT4];10227906;100.00;;"
1011 [140405425301184] INFO perfrun.perfcollector <> - PERF_STAT : "     0.083136144;CPU0;1748;;UNC_M_CAS_COUNT.RD[UNIT5];10253646;100.00;;"
1011 [140405425301184] INFO perfrun.perfcollector <> - PERF_STAT : "     0.083136144;CPU10;788;;UNC_M_CAS_COUNT.RD[UNIT5];10227846;100.00;;"
1011 [140405425301184] INFO perfrun.perfcollector <> - PERF_STAT : "     0.083136144;CPU0;1056;;UNC_M_CAS_COUNT.WR[UNIT0];10253656;100.00;;"
1011 [140405425301184] INFO perfrun.perfcollector <> - PERF_STAT : "     0.083136144;CPU10;374;;UNC_M_CAS_COUNT.WR[UNIT0];10227707;100.00;;"
1011 [140405425301184] INFO perfrun.perfcollector <> - PERF_STAT : "     0.083136144;CPU0;494;;UNC_M_CAS_COUNT.WR[UNIT1];10253691;100.00;;"
1011 [140405425301184] INFO perfrun.perfcollector <> - PERF_STAT : "     0.083136144;CPU10;910;;UNC_M_CAS_COUNT.WR[UNIT1];10227463;100.00;;"
1011 [140405425301184] INFO perfrun.perfcollector <> - PERF_STAT : "     0.083136144;CPU0;1063;;UNC_M_CAS_COUNT.WR[UNIT4];10253786;100.00;;"
1011 [140405425301184] INFO perfrun.perfcollector <> - PERF_STAT : "     0.083136144;CPU10;381;;UNC_M_CAS_COUNT.WR[UNIT4];10227335;100.00;;"
1011 [140405425301184] INFO perfrun.perfcollector <> - PERF_STAT : "     0.083136144;CPU0;515;;UNC_M_CAS_COUNT.WR[UNIT5];10253850;100.00;;"
1011 [140405425301184] INFO perfrun.perfcollector <> - PERF_STAT : "     0.083136144;CPU10;896;;UNC_M_CAS_COUNT.WR[UNIT5];10227183;100.00;;"
1022 [140405425301184] INFO perfrun.perfcollector <> - PERF_STAT : "     0.093356602;CPU0;1440;;UNC_M_CAS_COUNT.RD[UNIT0];10219564;100.00;;"
1022 [140405425301184] INFO perfrun.perfcollector <> - PERF_STAT : "     0.093356602;CPU10;225;;UNC_M_CAS_COUNT.RD[UNIT0];10219667;100.00;;"
1022 [140405425301184] INFO perfrun.perfcollector <> - PERF_STAT : "     0.093356602;CPU0;897;;UNC_M_CAS_COUNT.RD[UNIT1];10219548;100.00;;"
1022 [140405425301184] INFO perfrun.perfcollector <> - PERF_STAT : "     0.093356602;CPU10;715;;UNC_M_CAS_COUNT.RD[UNIT1];10219661;100.00;;"
1022 [140405425301184] INFO perfrun.perfcollector <> - PERF_STAT : "     0.093356602;CPU0;1420;;UNC_M_CAS_COUNT.RD[UNIT4];10219363;100.00;;"
1022 [140405425301184] INFO perfrun.perfcollector <> - PERF_STAT : "     0.093356602;CPU10;172;;UNC_M_CAS_COUNT.RD[UNIT4];10219713;100.00;;"
1022 [140405425301184] INFO perfrun.perfcollector <> - PERF_STAT : "     0.093356602;CPU0;889;;UNC_M_CAS_COUNT.RD[UNIT5];10219494;100.00;;"
1022 [140405425301184] INFO perfrun.perfcollector <> - PERF_STAT : "     0.093356602;CPU10;747;;UNC_M_CAS_COUNT.RD[UNIT5];10219739;100.00;;"
1022 [140405425301184] INFO perfrun.perfcollector <> - PERF_STAT : "     0.093356602;CPU0;789;;UNC_M_CAS_COUNT.WR[UNIT0];10219553;100.00;;"
1022 [140405425301184] INFO perfrun.perfcollector <> - PERF_STAT : "     0.093356602;CPU10;185;;UNC_M_CAS_COUNT.WR[UNIT0];10219745;100.00;;"
1022 [140405425301184] INFO perfrun.perfcollector <> - PERF_STAT : "     0.093356602;CPU0;260;;UNC_M_CAS_COUNT.WR[UNIT1];10219583;100.00;;"
1022 [140405425301184] INFO perfrun.perfcollector <> - PERF_STAT : "     0.093356602;CPU10;717;;UNC_M_CAS_COUNT.WR[UNIT1];10219756;100.00;;"
1022 [140405425301184] INFO perfrun.perfcollector <> - PERF_STAT : "     0.093356602;CPU0;767;;UNC_M_CAS_COUNT.WR[UNIT4];10219453;100.00;;"
1022 [140405425301184] INFO perfrun.perfcollector <> - PERF_STAT : "     0.093356602;CPU10;182;;UNC_M_CAS_COUNT.WR[UNIT4];10219761;100.00;;"
1022 [140405425301184] INFO perfrun.perfcollector <> - PERF_STAT : "     0.093356602;CPU0;254;;UNC_M_CAS_COUNT.WR[UNIT5];10219306;100.00;;"
1022 [140405425301184] INFO perfrun.perfcollector <> - PERF_STAT : "     0.093356602;CPU10;727;;UNC_M_CAS_COUNT.WR[UNIT5];10219773;100.00;;"
1032 [140405425301184] INFO perfrun.perfcollector <> - PERF_STAT : "     0.103576111;CPU0;3145;;UNC_M_CAS_COUNT.RD[UNIT0];10221404;100.00;;"
1032 [140405425301184] INFO perfrun.perfcollector <> - PERF_STAT : "     0.103576111;CPU10;2117;;UNC_M_CAS_COUNT.RD[UNIT0];10222120;100.00;;"
1032 [140405425301184] INFO perfrun.perfcollector <> - PERF_STAT : "     0.103576111;CPU0;2466;;UNC_M_CAS_COUNT.RD[UNIT1];10221338;100.00;;"
1032 [140405425301184] INFO perfrun.perfcollector <> - PERF_STAT : "     0.103576111;CPU10;2584;;UNC_M_CAS_COUNT.RD[UNIT1];10222087;100.00;;"
1032 [140405425301184] INFO perfrun.perfcollector <> - PERF_STAT : "     0.103576111;CPU0;3142;;UNC_M_CAS_COUNT.RD[UNIT4];10221477;100.00;;"
1032 [140405425301184] INFO perfrun.perfcollector <> - PERF_STAT : "     0.103576111;CPU10;2053;;UNC_M_CAS_COUNT.RD[UNIT4];10222091;100.00;;"
1032 [140405425301184] INFO perfrun.perfcollector <> - PERF_STAT : "     0.103576111;CPU0;2331;;UNC_M_CAS_COUNT.RD[UNIT5];10221538;100.00;;"
1032 [140405425301184] INFO perfrun.perfcollector <> - PERF_STAT : "     0.103576111;CPU10;2593;;UNC_M_CAS_COUNT.RD[UNIT5];10222092;100.00;;"
1032 [140405425301184] INFO perfrun.perfcollector <> - PERF_STAT : "     0.103576111;CPU0;741;;UNC_M_CAS_COUNT.WR[UNIT0];10221589;100.00;;"
1032 [140405425301184] INFO perfrun.perfcollector <> - PERF_STAT : "     0.103576111;CPU10;1283;;UNC_M_CAS_COUNT.WR[UNIT0];10222077;100.00;;"
1032 [140405425301184] INFO perfrun.perfcollector <> - PERF_STAT : "     0.103576111;CPU0;212;;UNC_M_CAS_COUNT.WR[UNIT1];10221768;100.00;;"
1032 [140405425301184] INFO perfrun.perfcollector <> - PERF_STAT : "     0.103576111;CPU10;1807;;UNC_M_CAS_COUNT.WR[UNIT1];10222137;100.00;;"
1032 [140405425301184] INFO perfrun.perfcollector <> - PERF_STAT : "     0.103576111;CPU0;726;;UNC_M_CAS_COUNT.WR[UNIT4];10221766;100.00;;"
1032 [140405425301184] INFO perfrun.perfcollector <> - PERF_STAT : "     0.103576111;CPU10;1314;;UNC_M_CAS_COUNT.WR[UNIT4];10222348;100.00;;"
1032 [140405425301184] INFO perfrun.perfcollector <> - PERF_STAT : "     0.103576111;CPU0;188;;UNC_M_CAS_COUNT.WR[UNIT5];10221696;100.00;;"
1032 [140405425301184] INFO perfrun.perfcollector <> - PERF_STAT : "     0.103576111;CPU10;1820;;UNC_M_CAS_COUNT.WR[UNIT5];10222334;100.00;;"
1042 [140405425301184] INFO perfrun.perfcollector <> - PERF_STAT : "     0.113799738;CPU0;1168;;UNC_M_CAS_COUNT.RD[UNIT0];10222313;100.00;;"
1042 [140405425301184] INFO perfrun.perfcollector <> - PERF_STAT : "     0.113799738;CPU10;215;;UNC_M_CAS_COUNT.RD[UNIT0];10220400;100.00;;"
1042 [140405425301184] INFO perfrun.perfcollector <> - PERF_STAT : "     0.113799738;CPU0;647;;UNC_M_CAS_COUNT.RD[UNIT1];10222123;100.00;;"
1042 [140405425301184] INFO perfrun.perfcollector <> - PERF_STAT : "     0.113799738;CPU10;700;;UNC_M_CAS_COUNT.RD[UNIT1];10220375;100.00;;"
1042 [140405425301184] INFO perfrun.perfcollector <> - PERF_STAT : "     0.113799738;CPU0;1144;;UNC_M_CAS_COUNT.RD[UNIT4];10222129;100.00;;"
1042 [140405425301184] INFO perfrun.perfcollector <> - PERF_STAT : "     0.113799738;CPU10;189;;UNC_M_CAS_COUNT.RD[UNIT4];10220408;100.00;;"
1042 [140405425301184] INFO perfrun.perfcollector <> - PERF_STAT : "     0.113799738;CPU0;633;;UNC_M_CAS_COUNT.RD[UNIT5];10221964;100.00;;"
1042 [140405425301184] INFO perfrun.perfcollector <> - PERF_STAT : "     0.113799738;CPU10;743;;UNC_M_CAS_COUNT.RD[UNIT5];10220294;100.00;;"
1042 [140405425301184] INFO perfrun.perfcollector <> - PERF_STAT : "     0.113799738;CPU0;676;;UNC_M_CAS_COUNT.WR[UNIT0];10221835;100.00;;"
1042 [140405425301184] INFO perfrun.perfcollector <> - PERF_STAT : "     0.113799738;CPU10;156;;UNC_M_CAS_COUNT.WR[UNIT0];10220304;100.00;;"
1042 [140405425301184] INFO perfrun.perfcollector <> - PERF_STAT : "     0.113799738;CPU0;143;;UNC_M_CAS_COUNT.WR[UNIT1];10221600;100.00;;"
1042 [140405425301184] INFO perfrun.perfcollector <> - PERF_STAT : "     0.113799738;CPU10;683;;UNC_M_CAS_COUNT.WR[UNIT1];10220488;100.00;;"
1042 [140405425301184] INFO perfrun.perfcollector <> - PERF_STAT : "     0.113799738;CPU0;661;;UNC_M_CAS_COUNT.WR[UNIT4];10221589;100.00;;"
1042 [140405425301184] INFO perfrun.perfcollector <> - PERF_STAT : "     0.113799738;CPU10;154;;UNC_M_CAS_COUNT.WR[UNIT4];10220265;100.00;;"
1042 [140405425301184] INFO perfrun.perfcollector <> - PERF_STAT : "     0.113799738;CPU0;127;;UNC_M_CAS_COUNT.WR[UNIT5];10221780;100.00;;"
1042 [140405425301184] INFO perfrun.perfcollector <> - PERF_STAT : "     0.113799738;CPU10;704;;UNC_M_CAS_COUNT.WR[UNIT5];10220280;100.00;;"
1052 [140405425301184] INFO perfrun.perfcollector <> - PERF_STAT : "     0.124015891;CPU0;2130;;UNC_M_CAS_COUNT.RD[UNIT0];10214877;100.00;;"
1052 [140405425301184] INFO perfrun.perfcollector <> - PERF_STAT : "     0.124015891;CPU10;99;;UNC_M_CAS_COUNT.RD[UNIT0];10213984;100.00;;"
1052 [140405425301184] INFO perfrun.perfcollector <> - PERF_STAT : "     0.124015891;CPU0;1611;;UNC_M_CAS_COUNT.RD[UNIT1];10214724;100.00;;"
1052 [140405425301184] INFO perfrun.perfcollector <> - PERF_STAT : "     0.124015891;CPU10;602;;UNC_M_CAS_COUNT.RD[UNIT1];10213976;100.00;;"
1052 [140405425301184] INFO perfrun.perfcollector <> - PERF_STAT : "     0.124015891;CPU0;2157;;UNC_M_CAS_COUNT.RD[UNIT4];10214693;100.00;;"
1052 [140405425301184] INFO perfrun.perfcollector <> - PERF_STAT : "     0.124015891;CPU10;93;;UNC_M_CAS_COUNT.RD[UNIT4];10213869;100.00;;"
1052 [140405425301184] INFO perfrun.perfcollector <> - PERF_STAT : "     0.124015891;CPU0;1612;;UNC_M_CAS_COUNT.RD[UNIT5];10214790;100.00;;"
1052 [140405425301184] INFO perfrun.perfcollector <> - PERF_STAT : "     0.124015891;CPU10;620;;UNC_M_CAS_COUNT.RD[UNIT5];10213907;100.00;;"
1052 [140405425301184] INFO perfrun.perfcollector <> - PERF_STAT : "     0.124015891;CPU0;1059;;UNC_M_CAS_COUNT.WR[UNIT0];10214801;100.00;;"
1052 [140405425301184] INFO perfrun.perfcollector <> - PERF_STAT : "     0.124015891;CPU10;344;;UNC_M_CAS_COUNT.WR[UNIT0];10214069;100.00;;"
1052 [140405425301184] INFO perfrun.perfcollector <> - PERF_STAT : "     0.124015891;CPU0;497;;UNC_M_CAS_COUNT.WR[UNIT1];10215040;100.00;;"
1052 [140405425301184] INFO perfrun.perfcollector <> - PERF_STAT : "     0.124015891;CPU10;852;;UNC_M_CAS_COUNT.WR[UNIT1];10213809;100.00;;"
1052 [140405425301184] INFO perfrun.perfcollector <> - PERF_STAT : "     0.124015891;CPU0;1091;;UNC_M_CAS_COUNT.WR[UNIT4];10215180;100.00;;"
1052 [140405425301184] INFO perfrun.perfcollector <> - PERF_STAT : "     0.124015891;CPU10;337;;UNC_M_CAS_COUNT.WR[UNIT4];10213807;100.00;;"
1052 [140405425301184] INFO perfrun.perfcollector <> - PERF_STAT : "     0.124015891;CPU0;492;;UNC_M_CAS_COUNT.WR[UNIT5];10215108;100.00;;"
1052 [140405425301184] INFO perfrun.perfcollector <> - PERF_STAT : "     0.124015891;CPU10;879;;UNC_M_CAS_COUNT.WR[UNIT5];10213796;100.00;;"
1062 [140405425301184] INFO perfrun.perfcollector <> - PERF_STAT : "     0.134230767;CPU0;2596;;UNC_M_CAS_COUNT.RD[UNIT0];10215385;100.00;;"
1062 [140405425301184] INFO perfrun.perfcollector <> - PERF_STAT : "     0.134230767;CPU10;86;;UNC_M_CAS_COUNT.RD[UNIT0];10215066;100.00;;"
1062 [140405425301184] INFO perfrun.perfcollector <> - PERF_STAT : "     0.134230767;CPU0;2056;;UNC_M_CAS_COUNT.RD[UNIT1];10215643;100.00;;"
1062 [140405425301184] INFO perfrun.perfcollector <> - PERF_STAT : "     0.134230767;CPU10;603;;UNC_M_CAS_COUNT.RD[UNIT1];10215097;100.00;;"
1062 [140405425301184] INFO perfrun.perfcollector <> - PERF_STAT : "     0.134230767;CPU0;2573;;UNC_M_CAS_COUNT.RD[UNIT4];10215543;100.00;;"
1062 [140405425301184] INFO perfrun.perfcollector <> - PERF_STAT : "     0.134230767;CPU10;66;;UNC_M_CAS_COUNT.RD[UNIT4];10215102;100.00;;"
1062 [140405425301184] INFO perfrun.perfcollector <> - PERF_STAT : "     0.134230767;CPU0;2063;;UNC_M_CAS_COUNT.RD[UNIT5];10215599;100.00;;"
1062 [140405425301184] INFO perfrun.perfcollector <> - PERF_STAT : "     0.134230767;CPU10;625;;UNC_M_CAS_COUNT.RD[UNIT5];10215076;100.00;;"
1063 [140405425301184] INFO perfrun.perfcollector <> - PERF_STAT : "     0.134230767;CPU0;1179;;UNC_M_CAS_COUNT.WR[UNIT0];10215697;100.00;;"
1063 [140405425301184] INFO perfrun.perfcollector <> - PERF_STAT : "     0.134230767;CPU10;386;;UNC_M_CAS_COUNT.WR[UNIT0];10214906;100.00;;"
1063 [140405425301184] INFO perfrun.perfcollector <> - PERF_STAT : "     0.134230767;CPU0;693;;UNC_M_CAS_COUNT.WR[UNIT1];10215463;100.00;;"
1063 [140405425301184] INFO perfrun.perfcollector <> - PERF_STAT : "     0.134230767;CPU10;894;;UNC_M_CAS_COUNT.WR[UNIT1];10214998;100.00;;"
1063 [140405425301184] INFO perfrun.perfcollector <> - PERF_STAT : "     0.134230767;CPU0;1142;;UNC_M_CAS_COUNT.WR[UNIT4];10215309;100.00;;"
1063 [140405425301184] INFO perfrun.perfcollector <> - PERF_STAT : "     0.134230767;CPU10;385;;UNC_M_CAS_COUNT.WR[UNIT4];10215001;100.00;;"
1063 [140405425301184] INFO perfrun.perfcollector <> - PERF_STAT : "     0.134230767;CPU0;604;;UNC_M_CAS_COUNT.WR[UNIT5];10215290;100.00;;"
1063 [140405425301184] INFO perfrun.perfcollector <> - PERF_STAT : "     0.134230767;CPU10;892;;UNC_M_CAS_COUNT.WR[UNIT5];10215006;100.00;;"
1073 [140405425301184] INFO perfrun.perfcollector <> - PERF_STAT : "     0.144450170;CPU0;3162;;UNC_M_CAS_COUNT.RD[UNIT0];10220089;100.00;;"
1073 [140405425301184] INFO perfrun.perfcollector <> - PERF_STAT : "     0.144450170;CPU10;1639;;UNC_M_CAS_COUNT.RD[UNIT0];10220765;100.00;;"
1073 [140405425301184] INFO perfrun.perfcollector <> - PERF_STAT : "     0.144450170;CPU0;2623;;UNC_M_CAS_COUNT.RD[UNIT1];10219951;100.00;;"
1073 [140405425301184] INFO perfrun.perfcollector <> - PERF_STAT : "     0.144450170;CPU10;2138;;UNC_M_CAS_COUNT.RD[UNIT1];10220797;100.00;;"
1073 [140405425301184] INFO perfrun.perfcollector <> - PERF_STAT : "     0.144450170;CPU0;3168;;UNC_M_CAS_COUNT.RD[UNIT4];10220186;100.00;;"
1073 [140405425301184] INFO perfrun.perfcollector <> - PERF_STAT : "     0.144450170;CPU10;1599;;UNC_M_CAS_COUNT.RD[UNIT4];10220851;100.00;;"
1073 [140405425301184] INFO perfrun.perfcollector <> - PERF_STAT : "     0.144450170;CPU0;2608;;UNC_M_CAS_COUNT.RD[UNIT5];10220297;100.00;;"
1073 [140405425301184] INFO perfrun.perfcollector <> - PERF_STAT : "     0.144450170;CPU10;2147;;UNC_M_CAS_COUNT.RD[UNIT5];10220849;100.00;;"
1073 [140405425301184] INFO perfrun.perfcollector <> - PERF_STAT : "     0.144450170;CPU0;1718;;UNC_M_CAS_COUNT.WR[UNIT0];10220222;100.00;;"
1073 [140405425301184] INFO perfrun.perfcollector <> - PERF_STAT : "     0.144450170;CPU10;711;;UNC_M_CAS_COUNT.WR[UNIT0];10220853;100.00;;"
1073 [140405425301184] INFO perfrun.perfcollector <> - PERF_STAT : "     0.144450170;CPU0;1219;;UNC_M_CAS_COUNT.WR[UNIT1];10220201;100.00;;"
1073 [140405425301184] INFO perfrun.perfcollector <> - PERF_STAT : "     0.144450170;CPU10;1281;;UNC_M_CAS_COUNT.WR[UNIT1];10220763;100.00;;"
1073 [140405425301184] INFO perfrun.perfcollector <> - PERF_STAT : "     0.144450170;CPU0;1688;;UNC_M_CAS_COUNT.WR[UNIT4];10220226;100.00;;"
1073 [140405425301184] INFO perfrun.perfcollector <> - PERF_STAT : "     0.144450170;CPU10;703;;UNC_M_CAS_COUNT.WR[UNIT4];10220770;100.00;;"
1073 [140405425301184] INFO perfrun.perfcollector <> - PERF_STAT : "     0.144450170;CPU0;1181;;UNC_M_CAS_COUNT.WR[UNIT5];10220168;100.00;;"
1073 [140405425301184] INFO perfrun.perfcollector <> - PERF_STAT : "     0.144450170;CPU10;1240;;UNC_M_CAS_COUNT.WR[UNIT5];10220775;100.00;;"
1083 [140405425301184] INFO perfrun.perfcollector <> - PERF_STAT : "     0.154667317;CPU0;3095;;UNC_M_CAS_COUNT.RD[UNIT0];10217604;100.00;;"
1083 [140405425301184] INFO perfrun.perfcollector <> - PERF_STAT : "     0.154667317;CPU10;867;;UNC_M_CAS_COUNT.RD[UNIT0];10217202;100.00;;"
1083 [140405425301184] INFO perfrun.perfcollector <> - PERF_STAT : "     0.154667317;CPU0;2535;;UNC_M_CAS_COUNT.RD[UNIT1];10217554;100.00;;"
1083 [140405425301184] INFO perfrun.perfcollector <> - PERF_STAT : "     0.154667317;CPU10;1423;;UNC_M_CAS_COUNT.RD[UNIT1];10217197;100.00;;"
1083 [140405425301184] INFO perfrun.perfcollector <> - PERF_STAT : "     0.154667317;CPU0;3088;;UNC_M_CAS_COUNT.RD[UNIT4];10217455;100.00;;"
1083 [140405425301184] INFO perfrun.perfcollector <> - PERF_STAT : "     0.154667317;CPU10;856;;UNC_M_CAS_COUNT.RD[UNIT4];10217156;100.00;;"
1083 [140405425301184] INFO perfrun.perfcollector <> - PERF_STAT : "     0.154667317;CPU0;2545;;UNC_M_CAS_COUNT.RD[UNIT5];10217327;100.00;;"
1083 [140405425301184] INFO perfrun.perfcollector <> - PERF_STAT : "     0.154667317;CPU10;1399;;UNC_M_CAS_COUNT.RD[UNIT5];10217236;100.00;;"
1083 [140405425301184] INFO perfrun.perfcollector <> - PERF_STAT : "     0.154667317;CPU0;1650;;UNC_M_CAS_COUNT.WR[UNIT0];10217284;100.00;;"
1083 [140405425301184] INFO perfrun.perfcollector <> - PERF_STAT : "     0.154667317;CPU10;504;;UNC_M_CAS_COUNT.WR[UNIT0];10217324;100.00;;"
1083 [140405425301184] INFO perfrun.perfcollector <> - PERF_STAT : "     0.154667317;CPU0;1026;;UNC_M_CAS_COUNT.WR[UNIT1];10217379;100.00;;"
1083 [140405425301184] INFO perfrun.perfcollector <> - PERF_STAT : "     0.154667317;CPU10;1031;;UNC_M_CAS_COUNT.WR[UNIT1];10217413;100.00;;"
1083 [140405425301184] INFO perfrun.perfcollector <> - PERF_STAT : "     0.154667317;CPU0;1547;;UNC_M_CAS_COUNT.WR[UNIT4];10217379;100.00;;"
1083 [140405425301184] INFO perfrun.perfcollector <> - PERF_STAT : "     0.154667317;CPU10;511;;UNC_M_CAS_COUNT.WR[UNIT4];10217439;100.00;;"
1083 [140405425301184] INFO perfrun.perfcollector <> - PERF_STAT : "     0.154667317;CPU0;1062;;UNC_M_CAS_COUNT.WR[UNIT5];10217357;100.00;;"
1083 [140405425301184] INFO perfrun.perfcollector <> - PERF_STAT : "     0.154667317;CPU10;1048;;UNC_M_CAS_COUNT.WR[UNIT5];10217445;100.00;;"
1093 [140405425301184] INFO perfrun.perfcollector <> - PERF_STAT : "     0.164901625;CPU0;1377;;UNC_M_CAS_COUNT.RD[UNIT0];10232831;100.00;;"
1093 [140405425301184] INFO perfrun.perfcollector <> - PERF_STAT : "     0.164901625;CPU10;1329;;UNC_M_CAS_COUNT.RD[UNIT0];10233687;100.00;;"
1093 [140405425301184] INFO perfrun.perfcollector <> - PERF_STAT : "     0.164901625;CPU0;844;;UNC_M_CAS_COUNT.RD[UNIT1];10232921;100.00;;"
1093 [140405425301184] INFO perfrun.perfcollector <> - PERF_STAT : "     0.164901625;CPU10;1820;;UNC_M_CAS_COUNT.RD[UNIT1];10233828;100.00;;"
1093 [140405425301184] INFO perfrun.perfcollector <> - PERF_STAT : "     0.164901625;CPU0;1392;;UNC_M_CAS_COUNT.RD[UNIT4];10233036;100.00;;"
1093 [140405425301184] INFO perfrun.perfcollector <> - PERF_STAT : "     0.164901625;CPU10;1264;;UNC_M_CAS_COUNT.RD[UNIT4];10233888;100.00;;"
1093 [140405425301184] INFO perfrun.perfcollector <> - PERF_STAT : "     0.164901625;CPU0;868;;UNC_M_CAS_COUNT.RD[UNIT5];10232917;100.00;;"
1093 [140405425301184] INFO perfrun.perfcollector <> - PERF_STAT : "     0.164901625;CPU10;1805;;UNC_M_CAS_COUNT.RD[UNIT5];10233890;100.00;;"
1093 [140405425301184] INFO perfrun.perfcollector <> - PERF_STAT : "     0.164901625;CPU0;1167;;UNC_M_CAS_COUNT.WR[UNIT0];10233060;100.00;;"
1093 [140405425301184] INFO perfrun.perfcollector <> - PERF_STAT : "     0.164901625;CPU10;312;;UNC_M_CAS_COUNT.WR[UNIT0];10233895;100.00;;"
1093 [140405425301184] INFO perfrun.perfcollector <> - PERF_STAT : "     0.164901625;CPU0;688;;UNC_M_CAS_COUNT.WR[UNIT1];10233102;100.00;;"
1093 [140405425301184] INFO perfrun.perfcollector <> - PERF_STAT : "     0.164901625;CPU10;853;;UNC_M_CAS_COUNT.WR[UNIT1];10233875;100.00;;"
1093 [140405425301184] INFO perfrun.perfcollector <> - PERF_STAT : "     0.164901625;CPU0;1195;;UNC_M_CAS_COUNT.WR[UNIT4];10233289;100.00;;"
1093 [140405425301184] INFO perfrun.perfcollector <> - PERF_STAT : "     0.164901625;CPU10;277;;UNC_M_CAS_COUNT.WR[UNIT4];10233923;100.00;;"
1093 [140405425301184] INFO perfrun.perfcollector <> - PERF_STAT : "     0.164901625;CPU0;659;;UNC_M_CAS_COUNT.WR[UNIT5];10233410;100.00;;"
1093 [140405425301184] INFO perfrun.perfcollector <> - PERF_STAT : "     0.164901625;CPU10;821;;UNC_M_CAS_COUNT.WR[UNIT5];10234014;100.00;;"
1103 [140405425301184] INFO perfrun.perfcollector <> - PERF_STAT : "     0.175121464;CPU0;1411;;UNC_M_CAS_COUNT.RD[UNIT0];10220092;100.00;;"
1103 [140405425301184] INFO perfrun.perfcollector <> - PERF_STAT : "     0.175121464;CPU10;1001;;UNC_M_CAS_COUNT.RD[UNIT0];10219325;100.00;;"
1103 [140405425301184] INFO perfrun.perfcollector <> - PERF_STAT : "     0.175121464;CPU0;906;;UNC_M_CAS_COUNT.RD[UNIT1];10220411;100.00;;"
1103 [140405425301184] INFO perfrun.perfcollector <> - PERF_STAT : "     0.175121464;CPU10;1522;;UNC_M_CAS_COUNT.RD[UNIT1];10219237;100.00;;"
1103 [140405425301184] INFO perfrun.perfcollector <> - PERF_STAT : "     0.175121464;CPU0;1445;;UNC_M_CAS_COUNT.RD[UNIT4];10220202;100.00;;"
1103 [140405425301184] INFO perfrun.perfcollector <> - PERF_STAT : "     0.175121464;CPU10;969;;UNC_M_CAS_COUNT.RD[UNIT4];10219363;100.00;;"
1103 [140405425301184] INFO perfrun.perfcollector <> - PERF_STAT : "     0.175121464;CPU0;941;;UNC_M_CAS_COUNT.RD[UNIT5];10220247;100.00;;"
1103 [140405425301184] INFO perfrun.perfcollector <> - PERF_STAT : "     0.175121464;CPU10;1510;;UNC_M_CAS_COUNT.RD[UNIT5];10219269;100.00;;"
1103 [140405425301184] INFO perfrun.perfcollector <> - PERF_STAT : "     0.175121464;CPU0;1091;;UNC_M_CAS_COUNT.WR[UNIT0];10220067;100.00;;"
1103 [140405425301184] INFO perfrun.perfcollector <> - PERF_STAT : "     0.175121464;CPU10;275;;UNC_M_CAS_COUNT.WR[UNIT0];10219167;100.00;;"
1103 [140405425301184] INFO perfrun.perfcollector <> - PERF_STAT : "     0.175121464;CPU0;570;;UNC_M_CAS_COUNT.WR[UNIT1];10220031;100.00;;"
1103 [140405425301184] INFO perfrun.perfcollector <> - PERF_STAT : "     0.175121464;CPU10;802;;UNC_M_CAS_COUNT.WR[UNIT1];10219170;100.00;;"
1103 [140405425301184] INFO perfrun.perfcollector <> - PERF_STAT : "     0.175121464;CPU0;1108;;UNC_M_CAS_COUNT.WR[UNIT4];10219844;100.00;;"
1103 [140405425301184] INFO perfrun.perfcollector <> - PERF_STAT : "     0.175121464;CPU10;279;;UNC_M_CAS_COUNT.WR[UNIT4];10219086;100.00;;"
1103 [140405425301184] INFO perfrun.perfcollector <> - PERF_STAT : "     0.175121464;CPU0;598;;UNC_M_CAS_COUNT.WR[UNIT5];10219796;100.00;;"
1103 [140405425301184] INFO perfrun.perfcollector <> - PERF_STAT : "     0.175121464;CPU10;810;;UNC_M_CAS_COUNT.WR[UNIT5];10218996;100.00;;"
1113 [140405425301184] INFO perfrun.perfcollector <> - PERF_STAT : "     0.185337624;CPU0;2112;;UNC_M_CAS_COUNT.RD[UNIT0];10216461;100.00;;"
1114 [140405425301184] INFO perfrun.perfcollector <> - PERF_STAT : "     0.185337624;CPU10;97;;UNC_M_CAS_COUNT.RD[UNIT0];10216302;100.00;;"
1114 [140405425301184] INFO perfrun.perfcollector <> - PERF_STAT : "     0.185337624;CPU0;1584;;UNC_M_CAS_COUNT.RD[UNIT1];10216222;100.00;;"
1114 [140405425301184] INFO perfrun.perfcollector <> - PERF_STAT : "     0.185337624;CPU10;601;;UNC_M_CAS_COUNT.RD[UNIT1];10216334;100.00;;"
1114 [140405425301184] INFO perfrun.perfcollector <> - PERF_STAT : "     0.185337624;CPU0;2106;;UNC_M_CAS_COUNT.RD[UNIT4];10216416;100.00;;"
1114 [140405425301184] INFO perfrun.perfcollector <> - PERF_STAT : "     0.185337624;CPU10;95;;UNC_M_CAS_COUNT.RD[UNIT4];10216187;100.00;;"
1114 [140405425301184] INFO perfrun.perfcollector <> - PERF_STAT : "     0.185337624;CPU0;1569;;UNC_M_CAS_COUNT.RD[UNIT5];10216435;100.00;;"
1114 [140405425301184] INFO perfrun.perfcollector <> - PERF_STAT : "     0.185337624;CPU10;646;;UNC_M_CAS_COUNT.RD[UNIT5];10216240;100.00;;"
1114 [140405425301184] INFO perfrun.perfcollector <> - PERF_STAT : "     0.185337624;CPU0;991;;UNC_M_CAS_COUNT.WR[UNIT0];10216649;100.00;;"
1114 [140405425301184] INFO perfrun.perfcollector <> - PERF_STAT : "     0.185337624;CPU10;245;;UNC_M_CAS_COUNT.WR[UNIT0];10216382;100.00;;"
1114 [140405425301184] INFO perfrun.perfcollector <> - PERF_STAT : "     0.185337624;CPU0;418;;UNC_M_CAS_COUNT.WR[UNIT1];10216620;100.00;;"
1114 [140405425301184] INFO perfrun.perfcollector <> - PERF_STAT : "     0.185337624;CPU10;758;;UNC_M_CAS_COUNT.WR[UNIT1];10216296;100.00;;"
1114 [140405425301184] INFO perfrun.perfcollector <> - PERF_STAT : "     0.185337624;CPU0;960;;UNC_M_CAS_COUNT.WR[UNIT4];10216711;100.00;;"
1114 [140405425301184] INFO perfrun.perfcollector <> - PERF_STAT : "     0.185337624;CPU10;230;;UNC_M_CAS_COUNT.WR[UNIT4];10216333;100.00;;"
1114 [140405425301184] INFO perfrun.perfcollector <> - PERF_STAT : "     0.185337624;CPU0;418;;UNC_M_CAS_COUNT.WR[UNIT5];10216631;100.00;;"
1114 [140405425301184] INFO perfrun.perfcollector <> - PERF_STAT : "     0.185337624;CPU10;757;;UNC_M_CAS_COUNT.WR[UNIT5];10216325;100.00;;"
1124 [140405425301184] INFO perfrun.perfcollector <> - PERF_STAT : "     0.195554814;CPU0;1700;;UNC_M_CAS_COUNT.RD[UNIT0];10217706;100.00;;"
1124 [140405425301184] INFO perfrun.perfcollector <> - PERF_STAT : "     0.195554814;CPU10;411;;UNC_M_CAS_COUNT.RD[UNIT0];10216496;100.00;;"
1124 [140405425301184] INFO perfrun.perfcollector <> - PERF_STAT : "     0.195554814;CPU0;1196;;UNC_M_CAS_COUNT.RD[UNIT1];10217480;100.00;;"
1124 [140405425301184] INFO perfrun.perfcollector <> - PERF_STAT : "     0.195554814;CPU10;938;;UNC_M_CAS_COUNT.RD[UNIT1];10216418;100.00;;"
1124 [140405425301184] INFO perfrun.perfcollector <> - PERF_STAT : "     0.195554814;CPU0;1700;;UNC_M_CAS_COUNT.RD[UNIT4];10217462;100.00;;"
1124 [140405425301184] INFO perfrun.perfcollector <> - PERF_STAT : "     0.195554814;CPU10;401;;UNC_M_CAS_COUNT.RD[UNIT4];10216468;100.00;;"
1124 [140405425301184] INFO perfrun.perfcollector <> - PERF_STAT : "     0.195554814;CPU0;1179;;UNC_M_CAS_COUNT.RD[UNIT5];10217466;100.00;;"
1124 [140405425301184] INFO perfrun.perfcollector <> - PERF_STAT : "     0.195554814;CPU10;952;;UNC_M_CAS_COUNT.RD[UNIT5];10216482;100.00;;"
1124 [140405425301184] INFO perfrun.perfcollector <> - PERF_STAT : "     0.195554814;CPU0;982;;UNC_M_CAS_COUNT.WR[UNIT0];10217272;100.00;;"
1124 [140405425301184] INFO perfrun.perfcollector <> - PERF_STAT : "     0.195554814;CPU10;176;;UNC_M_CAS_COUNT.WR[UNIT0];10216341;100.00;;"
1124 [140405425301184] INFO perfrun.perfcollector <> - PERF_STAT : "     0.195554814;CPU0;483;;UNC_M_CAS_COUNT.WR[UNIT1];10217231;100.00;;"
1124 [140405425301184] INFO perfrun.perfcollector <> - PERF_STAT : "     0.195554814;CPU10;718;;UNC_M_CAS_COUNT.WR[UNIT1];10216357;100.00;;"
1124 [140405425301184] INFO perfrun.perfcollector <> - PERF_STAT : "     0.195554814;CPU0;997;;UNC_M_CAS_COUNT.WR[UNIT4];10217099;100.00;;"
1124 [140405425301184] INFO perfrun.perfcollector <> - PERF_STAT : "     0.195554814;CPU10;189;;UNC_M_CAS_COUNT.WR[UNIT4];10216296;100.00;;"
1124 [140405425301184] INFO perfrun.perfcollector <> - PERF_STAT : "     0.195554814;CPU0;475;;UNC_M_CAS_COUNT.WR[UNIT5];10217181;100.00;;"
1124 [140405425301184] INFO perfrun.perfcollector <> - PERF_STAT : "     0.195554814;CPU10;757;;UNC_M_CAS_COUNT.WR[UNIT5];10216396;100.00;;"
1134 [140405425301184] INFO perfrun.perfcollector <> - PERF_STAT : "     0.205752987;CPU0;3445;;UNC_M_CAS_COUNT.RD[UNIT0];10210079;100.00;;"
1134 [140405425301184] INFO perfrun.perfcollector <> - PERF_STAT : "     0.205752987;CPU10;1677;;UNC_M_CAS_COUNT.RD[UNIT0];10238197;100.00;;"
1134 [140405425301184] INFO perfrun.perfcollector <> - PERF_STAT : "     0.205752987;CPU0;2940;;UNC_M_CAS_COUNT.RD[UNIT1];10210966;100.00;;"
1134 [140405425301184] INFO perfrun.perfcollector <> - PERF_STAT : "     0.205752987;CPU10;2039;;UNC_M_CAS_COUNT.RD[UNIT1];10238551;100.00;;"
1134 [140405425301184] INFO perfrun.perfcollector <> - PERF_STAT : "     0.205752987;CPU0;4293;;UNC_M_CAS_COUNT.RD[UNIT4];10215946;100.00;;"
1134 [140405425301184] INFO perfrun.perfcollector <> - PERF_STAT : "     0.205752987;CPU10;8934;;UNC_M_CAS_COUNT.RD[UNIT4];10238637;100.00;;"
1134 [140405425301184] INFO perfrun.perfcollector <> - PERF_STAT : "     0.205752987;CPU0;3106;;UNC_M_CAS_COUNT.RD[UNIT5];10216280;100.00;;"
1134 [140405425301184] INFO perfrun.perfcollector <> - PERF_STAT : "     0.205752987;CPU10;10371;;UNC_M_CAS_COUNT.RD[UNIT5];10244406;100.00;;"
1134 [140405425301184] INFO perfrun.perfcollector <> - PERF_STAT : "     0.205752987;CPU0;8528;;UNC_M_CAS_COUNT.WR[UNIT0];10216833;100.00;;"
1134 [140405425301184] INFO perfrun.perfcollector <> - PERF_STAT : "     0.205752987;CPU10;3158;;UNC_M_CAS_COUNT.WR[UNIT0];10245201;100.00;;"
1134 [140405425301184] INFO perfrun.perfcollector <> - PERF_STAT : "     0.205752987;CPU0;7809;;UNC_M_CAS_COUNT.WR[UNIT1];10217146;100.00;;"
1134 [140405425301184] INFO perfrun.perfcollector <> - PERF_STAT : "     0.205752987;CPU10;3779;;UNC_M_CAS_COUNT.WR[UNIT1];10245350;100.00;;"
1134 [140405425301184] INFO perfrun.perfcollector <> - PERF_STAT : "     0.205752987;CPU0;8481;;UNC_M_CAS_COUNT.WR[UNIT4];10217503;100.00;;"
1134 [140405425301184] INFO perfrun.perfcollector <> - PERF_STAT : "     0.205752987;CPU10;3064;;UNC_M_CAS_COUNT.WR[UNIT4];10245584;100.00;;"
1134 [140405425301184] INFO perfrun.perfcollector <> - PERF_STAT : "     0.205752987;CPU0;7839;;UNC_M_CAS_COUNT.WR[UNIT5];10217660;100.00;;"
1134 [140405425301184] INFO perfrun.perfcollector <> - PERF_STAT : "     0.205752987;CPU10;4022;;UNC_M_CAS_COUNT.WR[UNIT5];10245664;100.00;;"
1144 [140405425301184] INFO perfrun.perfcollector <> - PERF_STAT : "     0.216029002;CPU0;4382;;UNC_M_CAS_COUNT.RD[UNIT0];10268304;100.00;;"
1144 [140405425301184] INFO perfrun.perfcollector <> - PERF_STAT : "     0.216029002;CPU10;1233;;UNC_M_CAS_COUNT.RD[UNIT0];10253159;100.00;;"
1144 [140405425301184] INFO perfrun.perfcollector <> - PERF_STAT : "     0.216029002;CPU0;3739;;UNC_M_CAS_COUNT.RD[UNIT1];10269456;100.00;;"
1144 [140405425301184] INFO perfrun.perfcollector <> - PERF_STAT : "     0.216029002;CPU10;1668;;UNC_M_CAS_COUNT.RD[UNIT1];10252473;100.00;;"
1144 [140405425301184] INFO perfrun.perfcollector <> - PERF_STAT : "     0.216029002;CPU0;5132;;UNC_M_CAS_COUNT.RD[UNIT4];10265249;100.00;;"
1144 [140405425301184] INFO perfrun.perfcollector <> - PERF_STAT : "     0.216029002;CPU10;9104;;UNC_M_CAS_COUNT.RD[UNIT4];10252553;100.00;;"
1144 [140405425301184] INFO perfrun.perfcollector <> - PERF_STAT : "     0.216029002;CPU0;3749;;UNC_M_CAS_COUNT.RD[UNIT5];10265950;100.00;;"
1144 [140405425301184] INFO perfrun.perfcollector <> - PERF_STAT : "     0.216029002;CPU10;10020;;UNC_M_CAS_COUNT.RD[UNIT5];10246936;100.00;;"
1144 [140405425301184] INFO perfrun.perfcollector <> - PERF_STAT : "     0.216029002;CPU0;9744;;UNC_M_CAS_COUNT.WR[UNIT0];10265893;100.00;;"
1144 [140405425301184] INFO perfrun.perfcollector <> - PERF_STAT : "     0.216029002;CPU10;4059;;UNC_M_CAS_COUNT.WR[UNIT0];10246308;100.00;;"
1144 [140405425301184] INFO perfrun.perfcollector <> - PERF_STAT : "     0.216029002;CPU0;9362;;UNC_M_CAS_COUNT.WR[UNIT1];10266325;100.00;;"
1144 [140405425301184] INFO perfrun.perfcollector <> - PERF_STAT : "     0.216029002;CPU10;4517;;UNC_M_CAS_COUNT.WR[UNIT1];10246262;100.00;;"
1144 [140405425301184] INFO perfrun.perfcollector <> - PERF_STAT : "     0.216029002;CPU0;10128;;UNC_M_CAS_COUNT.WR[UNIT4];10266916;100.00;;"
1144 [140405425301184] INFO perfrun.perfcollector <> - PERF_STAT : "     0.216029002;CPU10;3912;;UNC_M_CAS_COUNT.WR[UNIT4];10246243;100.00;;"
1144 [140405425301184] INFO perfrun.perfcollector <> - PERF_STAT : "     0.216029002;CPU0;9372;;UNC_M_CAS_COUNT.WR[UNIT5];10266868;100.00;;"
1144 [140405425301184] INFO perfrun.perfcollector <> - PERF_STAT : "     0.216029002;CPU10;4766;;UNC_M_CAS_COUNT.WR[UNIT5];10246520;100.00;;"
1154 [140405425301184] INFO perfrun.perfcollector <> - PERF_STAT : "     0.226281928;CPU0;8356;;UNC_M_CAS_COUNT.RD[UNIT0];10257320;100.00;;"
1155 [140405425301184] INFO perfrun.perfcollector <> - PERF_STAT : "     0.226281928;CPU10;3635;;UNC_M_CAS_COUNT.RD[UNIT0];10266934;100.00;;"
1155 [140405425301184] INFO perfrun.perfcollector <> - PERF_STAT : "     0.226281928;CPU0;7647;;UNC_M_CAS_COUNT.RD[UNIT1];10257273;100.00;;"
1155 [140405425301184] INFO perfrun.perfcollector <> - PERF_STAT : "     0.226281928;CPU10;4042;;UNC_M_CAS_COUNT.RD[UNIT1];10267434;100.00;;"
1155 [140405425301184] INFO perfrun.perfcollector <> - PERF_STAT : "     0.226281928;CPU0;8249;;UNC_M_CAS_COUNT.RD[UNIT4];10267917;100.00;;"
1155 [140405425301184] INFO perfrun.perfcollector <> - PERF_STAT : "     0.226281928;CPU10;3558;;UNC_M_CAS_COUNT.RD[UNIT4];10267531;100.00;;"
1155 [140405425301184] INFO perfrun.perfcollector <> - PERF_STAT : "     0.226281928;CPU0;7443;;UNC_M_CAS_COUNT.RD[UNIT5];10267717;100.00;;"
1155 [140405425301184] INFO perfrun.perfcollector <> - PERF_STAT : "     0.226281928;CPU10;4164;;UNC_M_CAS_COUNT.RD[UNIT5];10267400;100.00;;"
1155 [140405425301184] INFO perfrun.perfcollector <> - PERF_STAT : "     0.226281928;CPU0;40135;;UNC_M_CAS_COUNT.WR[UNIT0];10268173;100.00;;"
1155 [140405425301184] INFO perfrun.perfcollector <> - PERF_STAT : "     0.226281928;CPU10;18791;;UNC_M_CAS_COUNT.WR[UNIT0];10267333;100.00;;"
1155 [140405425301184] INFO perfrun.perfcollector <> - PERF_STAT : "     0.226281928;CPU0;39804;;UNC_M_CAS_COUNT.WR[UNIT1];10268009;100.00;;"
1155 [140405425301184] INFO perfrun.perfcollector <> - PERF_STAT : "     0.226281928;CPU10;19218;;UNC_M_CAS_COUNT.WR[UNIT1];10267312;100.00;;"
1155 [140405425301184] INFO perfrun.perfcollector <> - PERF_STAT : "     0.226281928;CPU0;40095;;UNC_M_CAS_COUNT.WR[UNIT4];10267435;100.00;;"
1155 [140405425301184] INFO perfrun.perfcollector <> - PERF_STAT : "     0.226281928;CPU10;18891;;UNC_M_CAS_COUNT.WR[UNIT4];10267253;100.00;;"
1155 [140405425301184] INFO perfrun.perfcollector <> - PERF_STAT : "     0.226281928;CPU0;39718;;UNC_M_CAS_COUNT.WR[UNIT5];10267871;100.00;;"
1155 [140405425301184] INFO perfrun.perfcollector <> - PERF_STAT : "     0.226281928;CPU10;19444;;UNC_M_CAS_COUNT.WR[UNIT5];10274067;100.00;;"
1165 [140405425301184] INFO perfrun.perfcollector <> - PERF_STAT : "     0.236540069;CPU0;10761;;UNC_M_CAS_COUNT.RD[UNIT0];10268442;100.00;;"
1165 [140405425301184] INFO perfrun.perfcollector <> - PERF_STAT : "     0.236540069;CPU10;10679;;UNC_M_CAS_COUNT.RD[UNIT0];10241706;100.00;;"
1165 [140405425301184] INFO perfrun.perfcollector <> - PERF_STAT : "     0.236540069;CPU0;10728;;UNC_M_CAS_COUNT.RD[UNIT1];10266656;100.00;;"
1165 [140405425301184] INFO perfrun.perfcollector <> - PERF_STAT : "     0.236540069;CPU10;10435;;UNC_M_CAS_COUNT.RD[UNIT1];10241585;100.00;;"
1165 [140405425301184] INFO perfrun.perfcollector <> - PERF_STAT : "     0.236540069;CPU0;11202;;UNC_M_CAS_COUNT.RD[UNIT4];10254787;100.00;;"
1165 [140405425301184] INFO perfrun.perfcollector <> - PERF_STAT : "     0.236540069;CPU10;11289;;UNC_M_CAS_COUNT.RD[UNIT4];10241539;100.00;;"
1165 [140405425301184] INFO perfrun.perfcollector <> - PERF_STAT : "     0.236540069;CPU0;10607;;UNC_M_CAS_COUNT.RD[UNIT5];10253628;100.00;;"
1165 [140405425301184] INFO perfrun.perfcollector <> - PERF_STAT : "     0.236540069;CPU10;12345;;UNC_M_CAS_COUNT.RD[UNIT5];10241510;100.00;;"
1165 [140405425301184] INFO perfrun.perfcollector <> - PERF_STAT : "     0.236540069;CPU0;7911;;UNC_M_CAS_COUNT.WR[UNIT0];10252274;100.00;;"
1165 [140405425301184] INFO perfrun.perfcollector <> - PERF_STAT : "     0.236540069;CPU10;8123;;UNC_M_CAS_COUNT.WR[UNIT0];10241416;100.00;;"
1165 [140405425301184] INFO perfrun.perfcollector <> - PERF_STAT : "     0.236540069;CPU0;7539;;UNC_M_CAS_COUNT.WR[UNIT1];10251294;100.00;;"
1165 [140405425301184] INFO perfrun.perfcollector <> - PERF_STAT : "     0.236540069;CPU10;8500;;UNC_M_CAS_COUNT.WR[UNIT1];10241329;100.00;;"
1165 [140405425301184] INFO perfrun.perfcollector <> - PERF_STAT : "     0.236540069;CPU0;8188;;UNC_M_CAS_COUNT.WR[UNIT4];10250507;100.00;;"
1165 [140405425301184] INFO perfrun.perfcollector <> - PERF_STAT : "     0.236540069;CPU10;8245;;UNC_M_CAS_COUNT.WR[UNIT4];10241213;100.00;;"
1165 [140405425301184] INFO perfrun.perfcollector <> - PERF_STAT : "     0.236540069;CPU0;7460;;UNC_M_CAS_COUNT.WR[UNIT5];10249499;100.00;;"
1165 [140405425301184] INFO perfrun.perfcollector <> - PERF_STAT : "     0.236540069;CPU10;8508;;UNC_M_CAS_COUNT.WR[UNIT5];10233946;100.00;;"
1167 [140405702886080] INFO perfrun.launcher <> - Launcher: all plugins were started
1167 [140405702886080] INFO perfrun.launcher <> - DirectoryMonitor object was created
1167 [140405702886080] INFO perfrun.launcher <> - DirectoryMonitor: a callback was added
1167 [140405702886080] INFO perfrun.launcher <> - DirectoryMonitor was started with pingTime = 1000
1167 [140405702886080] INFO perfrun.launcher <> - DeadlineTimer is going to be constructed
1167 [140405702886080] INFO perfrun.launcher <> - DeadlineTimer: a callback was added
1171 [140405702886080] INFO perfrun.launcher <> - Launcher: resume the profiled application and  wait its termination or stop command
1175 [140405425301184] INFO perfrun.perfcollector <> - PERF_STAT : "     0.246793334;CPU0;7992;;UNC_M_CAS_COUNT.RD[UNIT0];10278076;100.00;;"
1175 [140405425301184] INFO perfrun.perfcollector <> - PERF_STAT : "     0.246793334;CPU10;10750;;UNC_M_CAS_COUNT.RD[UNIT0];10287593;100.00;;"
1175 [140405425301184] INFO perfrun.perfcollector <> - PERF_STAT : "     0.246793334;CPU0;7793;;UNC_M_CAS_COUNT.RD[UNIT1];10278201;100.00;;"
1175 [140405425301184] INFO perfrun.perfcollector <> - PERF_STAT : "     0.246793334;CPU10;11357;;UNC_M_CAS_COUNT.RD[UNIT1];10287754;100.00;;"
1175 [140405425301184] INFO perfrun.perfcollector <> - PERF_STAT : "     0.246793334;CPU0;8134;;UNC_M_CAS_COUNT.RD[UNIT4];10278170;100.00;;"
1175 [140405425301184] INFO perfrun.perfcollector <> - PERF_STAT : "     0.246793334;CPU10;10821;;UNC_M_CAS_COUNT.RD[UNIT4];10287525;100.00;;"
1175 [140405425301184] INFO perfrun.perfcollector <> - PERF_STAT : "     0.246793334;CPU0;7762;;UNC_M_CAS_COUNT.RD[UNIT5];10278030;100.00;;"
1175 [140405425301184] INFO perfrun.perfcollector <> - PERF_STAT : "     0.246793334;CPU10;11278;;UNC_M_CAS_COUNT.RD[UNIT5];10287610;100.00;;"
1175 [140405425301184] INFO perfrun.perfcollector <> - PERF_STAT : "     0.246793334;CPU0;2624;;UNC_M_CAS_COUNT.WR[UNIT0];10285495;100.00;;"
1175 [140405425301184] INFO perfrun.perfcollector <> - PERF_STAT : "     0.246793334;CPU10;9659;;UNC_M_CAS_COUNT.WR[UNIT0];10287802;100.00;;"
1175 [140405425301184] INFO perfrun.perfcollector <> - PERF_STAT : "     0.246793334;CPU0;2488;;UNC_M_CAS_COUNT.WR[UNIT1];10285477;100.00;;"
1175 [140405425301184] INFO perfrun.perfcollector <> - PERF_STAT : "     0.246793334;CPU10;10140;;UNC_M_CAS_COUNT.WR[UNIT1];10287900;100.00;;"
1175 [140405425301184] INFO perfrun.perfcollector <> - PERF_STAT : "     0.246793334;CPU0;2723;;UNC_M_CAS_COUNT.WR[UNIT4];10285476;100.00;;"
1175 [140405425301184] INFO perfrun.perfcollector <> - PERF_STAT : "     0.246793334;CPU10;9678;;UNC_M_CAS_COUNT.WR[UNIT4];10288003;100.00;;"
1175 [140405425301184] INFO perfrun.perfcollector <> - PERF_STAT : "     0.246793334;CPU0;2533;;UNC_M_CAS_COUNT.WR[UNIT5];10285462;100.00;;"
1175 [140405425301184] INFO perfrun.perfcollector <> - PERF_STAT : "     0.246793334;CPU10;10241;;UNC_M_CAS_COUNT.WR[UNIT5];10288088;100.00;;"
1185 [140405425301184] INFO perfrun.perfcollector <> - PERF_STAT : "     0.257064287;CPU0;2883;;UNC_M_CAS_COUNT.RD[UNIT0];10231867;100.00;;"
1185 [140405425301184] INFO perfrun.perfcollector <> - PERF_STAT : "     0.257064287;CPU10;8116;;UNC_M_CAS_COUNT.RD[UNIT0];10234910;100.00;;"
1185 [140405425301184] INFO perfrun.perfcollector <> - PERF_STAT : "     0.257064287;CPU0;2712;;UNC_M_CAS_COUNT.RD[UNIT1];10232137;100.00;;"
1185 [140405425301184] INFO perfrun.perfcollector <> - PERF_STAT : "     0.257064287;CPU10;8477;;UNC_M_CAS_COUNT.RD[UNIT1];10242097;100.00;;"
1185 [140405425301184] INFO perfrun.perfcollector <> - PERF_STAT : "     0.257064287;CPU0;2905;;UNC_M_CAS_COUNT.RD[UNIT4];10232302;100.00;;"
1185 [140405425301184] INFO perfrun.perfcollector <> - PERF_STAT : "     0.257064287;CPU10;7876;;UNC_M_CAS_COUNT.RD[UNIT4];10242667;100.00;;"
1185 [140405425301184] INFO perfrun.perfcollector <> - PERF_STAT : "     0.257064287;CPU0;2731;;UNC_M_CAS_COUNT.RD[UNIT5];10232454;100.00;;"
1185 [140405425301184] INFO perfrun.perfcollector <> - PERF_STAT : "     0.257064287;CPU10;8495;;UNC_M_CAS_COUNT.RD[UNIT5];10242829;100.00;;"
1185 [140405425301184] INFO perfrun.perfcollector <> - PERF_STAT : "     0.257064287;CPU0;388;;UNC_M_CAS_COUNT.WR[UNIT0];10225143;100.00;;"
1185 [140405425301184] INFO perfrun.perfcollector <> - PERF_STAT : "     0.257064287;CPU10;7046;;UNC_M_CAS_COUNT.WR[UNIT0];10242845;100.00;;"
1185 [140405425301184] INFO perfrun.perfcollector <> - PERF_STAT : "     0.257064287;CPU0;290;;UNC_M_CAS_COUNT.WR[UNIT1];10225378;100.00;;"
1185 [140405425301184] INFO perfrun.perfcollector <> - PERF_STAT : "     0.257064287;CPU10;7583;;UNC_M_CAS_COUNT.WR[UNIT1];10242959;100.00;;"
1185 [140405425301184] INFO perfrun.perfcollector <> - PERF_STAT : "     0.257064287;CPU0;388;;UNC_M_CAS_COUNT.WR[UNIT4];10225521;100.00;;"
1185 [140405425301184] INFO perfrun.perfcollector <> - PERF_STAT : "     0.257064287;CPU10;7069;;UNC_M_CAS_COUNT.WR[UNIT4];10255570;100.00;;"
1185 [140405425301184] INFO perfrun.perfcollector <> - PERF_STAT : "     0.257064287;CPU0;270;;UNC_M_CAS_COUNT.WR[UNIT5];10225683;100.00;;"
1185 [140405425301184] INFO perfrun.perfcollector <> - PERF_STAT : "     0.257064287;CPU10;7721;;UNC_M_CAS_COUNT.WR[UNIT5];10255583;100.00;;"
1196 [140405425301184] INFO perfrun.perfcollector <> - PERF_STAT : "     0.267328141;CPU0;1621;;UNC_M_CAS_COUNT.RD[UNIT0];10300710;100.00;;"
1196 [140405425301184] INFO perfrun.perfcollector <> - PERF_STAT : "     0.267328141;CPU10;3991;;UNC_M_CAS_COUNT.RD[UNIT0];10321780;100.00;;"
1196 [140405425301184] INFO perfrun.perfcollector <> - PERF_STAT : "     0.267328141;CPU0;1539;;UNC_M_CAS_COUNT.RD[UNIT1];10303503;100.00;;"
1196 [140405425301184] INFO perfrun.perfcollector <> - PERF_STAT : "     0.267328141;CPU10;4454;;UNC_M_CAS_COUNT.RD[UNIT1];10314636;100.00;;"
1196 [140405425301184] INFO perfrun.perfcollector <> - PERF_STAT : "     0.267328141;CPU0;1667;;UNC_M_CAS_COUNT.RD[UNIT4];10305285;100.00;;"
1196 [140405425301184] INFO perfrun.perfcollector <> - PERF_STAT : "     0.267328141;CPU10;3914;;UNC_M_CAS_COUNT.RD[UNIT4];10314126;100.00;;"
1196 [140405425301184] INFO perfrun.perfcollector <> - PERF_STAT : "     0.267328141;CPU0;1525;;UNC_M_CAS_COUNT.RD[UNIT5];10307378;100.00;;"
1196 [140405425301184] INFO perfrun.perfcollector <> - PERF_STAT : "     0.267328141;CPU10;4438;;UNC_M_CAS_COUNT.RD[UNIT5];10313916;100.00;;"
1196 [140405425301184] INFO perfrun.perfcollector <> - PERF_STAT : "     0.267328141;CPU0;818;;UNC_M_CAS_COUNT.WR[UNIT0];10309164;100.00;;"
1196 [140405425301184] INFO perfrun.perfcollector <> - PERF_STAT : "     0.267328141;CPU10;11484;;UNC_M_CAS_COUNT.WR[UNIT0];10313733;100.00;;"
1196 [140405425301184] INFO perfrun.perfcollector <> - PERF_STAT : "     0.267328141;CPU0;705;;UNC_M_CAS_COUNT.WR[UNIT1];10310857;100.00;;"
1196 [140405425301184] INFO perfrun.perfcollector <> - PERF_STAT : "     0.267328141;CPU10;12151;;UNC_M_CAS_COUNT.WR[UNIT1];10313590;100.00;;"
1196 [140405425301184] INFO perfrun.perfcollector <> - PERF_STAT : "     0.267328141;CPU0;794;;UNC_M_CAS_COUNT.WR[UNIT4];10312710;100.00;;"
1196 [140405425301184] INFO perfrun.perfcollector <> - PERF_STAT : "     0.267328141;CPU10;11500;;UNC_M_CAS_COUNT.WR[UNIT4];10300917;100.00;;"
1196 [140405425301184] INFO perfrun.perfcollector <> - PERF_STAT : "     0.267328141;CPU0;777;;UNC_M_CAS_COUNT.WR[UNIT5];10314470;100.00;;"
1196 [140405425301184] INFO perfrun.perfcollector <> - PERF_STAT : "     0.267328141;CPU10;11807;;UNC_M_CAS_COUNT.WR[UNIT5];10301001;100.00;;"
1206 [140405425301184] INFO perfrun.perfcollector <> - PERF_STAT : "     0.277650328;CPU0;4223;;UNC_M_CAS_COUNT.RD[UNIT0];10294104;100.00;;"
1206 [140405425301184] INFO perfrun.perfcollector <> - PERF_STAT : "     0.277650328;CPU10;4688;;UNC_M_CAS_COUNT.RD[UNIT0];10300392;100.00;;"
1206 [140405425301184] INFO perfrun.perfcollector <> - PERF_STAT : "     0.277650328;CPU0;3891;;UNC_M_CAS_COUNT.RD[UNIT1];10294249;100.00;;"
1206 [140405425301184] INFO perfrun.perfcollector <> - PERF_STAT : "     0.277650328;CPU10;4874;;UNC_M_CAS_COUNT.RD[UNIT1];10300291;100.00;;"
1206 [140405425301184] INFO perfrun.perfcollector <> - PERF_STAT : "     0.277650328;CPU0;4322;;UNC_M_CAS_COUNT.RD[UNIT4];10294322;100.00;;"
1206 [140405425301184] INFO perfrun.perfcollector <> - PERF_STAT : "     0.277650328;CPU10;4624;;UNC_M_CAS_COUNT.RD[UNIT4];10300184;100.00;;"
1206 [140405425301184] INFO perfrun.perfcollector <> - PERF_STAT : "     0.277650328;CPU0;3908;;UNC_M_CAS_COUNT.RD[UNIT5];10294124;100.00;;"
1206 [140405425301184] INFO perfrun.perfcollector <> - PERF_STAT : "     0.277650328;CPU10;4893;;UNC_M_CAS_COUNT.RD[UNIT5];10300086;100.00;;"
1206 [140405425301184] INFO perfrun.perfcollector <> - PERF_STAT : "     0.277650328;CPU0;4349;;UNC_M_CAS_COUNT.WR[UNIT0];10294061;100.00;;"
1206 [140405425301184] INFO perfrun.perfcollector <> - PERF_STAT : "     0.277650328;CPU10;6440;;UNC_M_CAS_COUNT.WR[UNIT0];10300078;100.00;;"
1206 [140405425301184] INFO perfrun.perfcollector <> - PERF_STAT : "     0.277650328;CPU0;3858;;UNC_M_CAS_COUNT.WR[UNIT1];10294028;100.00;;"
1206 [140405425301184] INFO perfrun.perfcollector <> - PERF_STAT : "     0.277650328;CPU10;6720;;UNC_M_CAS_COUNT.WR[UNIT1];10300054;100.00;;"
1206 [140405425301184] INFO perfrun.perfcollector <> - PERF_STAT : "     0.277650328;CPU0;4111;;UNC_M_CAS_COUNT.WR[UNIT4];10293964;100.00;;"
1206 [140405425301184] INFO perfrun.perfcollector <> - PERF_STAT : "     0.277650328;CPU10;6175;;UNC_M_CAS_COUNT.WR[UNIT4];10300005;100.00;;"
1206 [140405425301184] INFO perfrun.perfcollector <> - PERF_STAT : "     0.277650328;CPU0;3758;;UNC_M_CAS_COUNT.WR[UNIT5];10293978;100.00;;"
1206 [140405425301184] INFO perfrun.perfcollector <> - PERF_STAT : "     0.277650328;CPU10;6450;;UNC_M_CAS_COUNT.WR[UNIT5];10299825;100.00;;"
1216 [140405425301184] INFO perfrun.perfcollector <> - PERF_STAT : "     0.287944875;CPU0;9100;;UNC_M_CAS_COUNT.RD[UNIT0];10344549;100.00;;"
1216 [140405425301184] INFO perfrun.perfcollector <> - PERF_STAT : "     0.287944875;CPU10;6095;;UNC_M_CAS_COUNT.RD[UNIT0];10345973;100.00;;"
1216 [140405425301184] INFO perfrun.perfcollector <> - PERF_STAT : "     0.287944875;CPU0;8655;;UNC_M_CAS_COUNT.RD[UNIT1];10344322;100.00;;"
1216 [140405425301184] INFO perfrun.perfcollector <> - PERF_STAT : "     0.287944875;CPU10;6207;;UNC_M_CAS_COUNT.RD[UNIT1];10349104;100.00;;"
1216 [140405425301184] INFO perfrun.perfcollector <> - PERF_STAT : "     0.287944875;CPU0;9044;;UNC_M_CAS_COUNT.RD[UNIT4];10344352;100.00;;"
1216 [140405425301184] INFO perfrun.perfcollector <> - PERF_STAT : "     0.287944875;CPU10;6045;;UNC_M_CAS_COUNT.RD[UNIT4];10351197;100.00;;"
1216 [140405425301184] INFO perfrun.perfcollector <> - PERF_STAT : "     0.287944875;CPU0;8692;;UNC_M_CAS_COUNT.RD[UNIT5];10344349;100.00;;"
1216 [140405425301184] INFO perfrun.perfcollector <> - PERF_STAT : "     0.287944875;CPU10;6186;;UNC_M_CAS_COUNT.RD[UNIT5];10353265;100.00;;"
1216 [140405425301184] INFO perfrun.perfcollector <> - PERF_STAT : "     0.287944875;CPU0;9114;;UNC_M_CAS_COUNT.WR[UNIT0];10344439;100.00;;"
1216 [140405425301184] INFO perfrun.perfcollector <> - PERF_STAT : "     0.287944875;CPU10;7610;;UNC_M_CAS_COUNT.WR[UNIT0];10355240;100.00;;"
1216 [140405425301184] INFO perfrun.perfcollector <> - PERF_STAT : "     0.287944875;CPU0;8565;;UNC_M_CAS_COUNT.WR[UNIT1];10344629;100.00;;"
1216 [140405425301184] INFO perfrun.perfcollector <> - PERF_STAT : "     0.287944875;CPU10;7887;;UNC_M_CAS_COUNT.WR[UNIT1];10357126;100.00;;"
1216 [140405425301184] INFO perfrun.perfcollector <> - PERF_STAT : "     0.287944875;CPU0;8963;;UNC_M_CAS_COUNT.WR[UNIT4];10344656;100.00;;"
1217 [140405425301184] INFO perfrun.perfcollector <> - PERF_STAT : "     0.287944875;CPU10;7748;;UNC_M_CAS_COUNT.WR[UNIT4];10359136;100.00;;"
1217 [140405425301184] INFO perfrun.perfcollector <> - PERF_STAT : "     0.287944875;CPU0;8578;;UNC_M_CAS_COUNT.WR[UNIT5];10344669;100.00;;"
1217 [140405425301184] INFO perfrun.perfcollector <> - PERF_STAT : "     0.287944875;CPU10;7890;;UNC_M_CAS_COUNT.WR[UNIT5];10361044;100.00;;"
1227 [140405425301184] INFO perfrun.perfcollector <> - PERF_STAT : "     0.298334013;CPU0;3574;;UNC_M_CAS_COUNT.RD[UNIT0];10349883;100.00;;"
1227 [140405425301184] INFO perfrun.perfcollector <> - PERF_STAT : "     0.298334013;CPU10;7699;;UNC_M_CAS_COUNT.RD[UNIT0];10311975;100.00;;"
1227 [140405425301184] INFO perfrun.perfcollector <> - PERF_STAT : "     0.298334013;CPU0;3304;;UNC_M_CAS_COUNT.RD[UNIT1];10347097;100.00;;"
1227 [140405425301184] INFO perfrun.perfcollector <> - PERF_STAT : "     0.298334013;CPU10;7914;;UNC_M_CAS_COUNT.RD[UNIT1];10308875;100.00;;"
1227 [140405425301184] INFO perfrun.perfcollector <> - PERF_STAT : "     0.298334013;CPU0;3466;;UNC_M_CAS_COUNT.RD[UNIT4];10345185;100.00;;"
1227 [140405425301184] INFO perfrun.perfcollector <> - PERF_STAT : "     0.298334013;CPU10;7728;;UNC_M_CAS_COUNT.RD[UNIT4];10306789;100.00;;"
1227 [140405425301184] INFO perfrun.perfcollector <> - PERF_STAT : "     0.298334013;CPU0;3241;;UNC_M_CAS_COUNT.RD[UNIT5];10343299;100.00;;"
1227 [140405425301184] INFO perfrun.perfcollector <> - PERF_STAT : "     0.298334013;CPU10;7972;;UNC_M_CAS_COUNT.RD[UNIT5];10304776;100.00;;"
1227 [140405425301184] INFO perfrun.perfcollector <> - PERF_STAT : "     0.298334013;CPU0;11008;;UNC_M_CAS_COUNT.WR[UNIT0];10341389;100.00;;"
1227 [140405425301184] INFO perfrun.perfcollector <> - PERF_STAT : "     0.298334013;CPU10;10785;;UNC_M_CAS_COUNT.WR[UNIT0];10302802;100.00;;"
1227 [140405425301184] INFO perfrun.perfcollector <> - PERF_STAT : "     0.298334013;CPU0;10661;;UNC_M_CAS_COUNT.WR[UNIT1];10339354;100.00;;"
1227 [140405425301184] INFO perfrun.perfcollector <> - PERF_STAT : "     0.298334013;CPU10;11065;;UNC_M_CAS_COUNT.WR[UNIT1];10300895;100.00;;"
1227 [140405425301184] INFO perfrun.perfcollector <> - PERF_STAT : "     0.298334013;CPU0;10972;;UNC_M_CAS_COUNT.WR[UNIT4];10337459;100.00;;"
1227 [140405425301184] INFO perfrun.perfcollector <> - PERF_STAT : "     0.298334013;CPU10;10795;;UNC_M_CAS_COUNT.WR[UNIT4];10298917;100.00;;"
1227 [140405425301184] INFO perfrun.perfcollector <> - PERF_STAT : "     0.298334013;CPU0;10793;;UNC_M_CAS_COUNT.WR[UNIT5];10335556;100.00;;"
1227 [140405425301184] INFO perfrun.perfcollector <> - PERF_STAT : "     0.298334013;CPU10;10998;;UNC_M_CAS_COUNT.WR[UNIT5];10297042;100.00;;"
1237 [140405425301184] INFO perfrun.perfcollector <> - PERF_STAT : "     0.308571887;CPU0;15805;;UNC_M_CAS_COUNT.RD[UNIT0];10257605;100.00;;"
1237 [140405425301184] INFO perfrun.perfcollector <> - PERF_STAT : "     0.308571887;CPU10;12704;;UNC_M_CAS_COUNT.RD[UNIT0];10289402;100.00;;"
1237 [140405425301184] INFO perfrun.perfcollector <> - PERF_STAT : "     0.308571887;CPU0;15435;;UNC_M_CAS_COUNT.RD[UNIT1];10260467;100.00;;"
1237 [140405425301184] INFO perfrun.perfcollector <> - PERF_STAT : "     0.308571887;CPU10;12865;;UNC_M_CAS_COUNT.RD[UNIT1];10289376;100.00;;"
1237 [140405425301184] INFO perfrun.perfcollector <> - PERF_STAT : "     0.308571887;CPU0;15769;;UNC_M_CAS_COUNT.RD[UNIT4];10262279;100.00;;"
1237 [140405425301184] INFO perfrun.perfcollector <> - PERF_STAT : "     0.308571887;CPU10;12485;;UNC_M_CAS_COUNT.RD[UNIT4];10289648;100.00;;"
1237 [140405425301184] INFO perfrun.perfcollector <> - PERF_STAT : "     0.308571887;CPU0;15322;;UNC_M_CAS_COUNT.RD[UNIT5];10264132;100.00;;"
1237 [140405425301184] INFO perfrun.perfcollector <> - PERF_STAT : "     0.308571887;CPU10;12793;;UNC_M_CAS_COUNT.RD[UNIT5];10289651;100.00;;"
1237 [140405425301184] INFO perfrun.perfcollector <> - PERF_STAT : "     0.308571887;CPU0;19567;;UNC_M_CAS_COUNT.WR[UNIT0];10266046;100.00;;"
1237 [140405425301184] INFO perfrun.perfcollector <> - PERF_STAT : "     0.308571887;CPU10;10569;;UNC_M_CAS_COUNT.WR[UNIT0];10289690;100.00;;"
1237 [140405425301184] INFO perfrun.perfcollector <> - PERF_STAT : "     0.308571887;CPU0;19348;;UNC_M_CAS_COUNT.WR[UNIT1];10267940;100.00;;"
1237 [140405425301184] INFO perfrun.perfcollector <> - PERF_STAT : "     0.308571887;CPU10;10652;;UNC_M_CAS_COUNT.WR[UNIT1];10289747;100.00;;"
1237 [140405425301184] INFO perfrun.perfcollector <> - PERF_STAT : "     0.308571887;CPU0;19792;;UNC_M_CAS_COUNT.WR[UNIT4];10269834;100.00;;"
1237 [140405425301184] INFO perfrun.perfcollector <> - PERF_STAT : "     0.308571887;CPU10;10332;;UNC_M_CAS_COUNT.WR[UNIT4];10289792;100.00;;"
1237 [140405425301184] INFO perfrun.perfcollector <> - PERF_STAT : "     0.308571887;CPU0;19275;;UNC_M_CAS_COUNT.WR[UNIT5];10271809;100.00;;"
1237 [140405425301184] INFO perfrun.perfcollector <> - PERF_STAT : "     0.308571887;CPU10;10558;;UNC_M_CAS_COUNT.WR[UNIT5];10289810;100.00;;"
1247 [140405425301184] INFO perfrun.perfcollector <> - PERF_STAT : "     0.318867297;CPU0;416;;UNC_M_CAS_COUNT.RD[UNIT0];10302345;100.00;;"
1247 [140405425301184] INFO perfrun.perfcollector <> - PERF_STAT : "     0.318867297;CPU10;395;;UNC_M_CAS_COUNT.RD[UNIT0];10270375;100.00;;"
1247 [140405425301184] INFO perfrun.perfcollector <> - PERF_STAT : "     0.318867297;CPU0;290;;UNC_M_CAS_COUNT.RD[UNIT1];10299292;100.00;;"
1247 [140405425301184] INFO perfrun.perfcollector <> - PERF_STAT : "     0.318867297;CPU10;905;;UNC_M_CAS_COUNT.RD[UNIT1];10270279;100.00;;"
1247 [140405425301184] INFO perfrun.perfcollector <> - PERF_STAT : "     0.318867297;CPU0;407;;UNC_M_CAS_COUNT.RD[UNIT4];10297293;100.00;;"
1247 [140405425301184] INFO perfrun.perfcollector <> - PERF_STAT : "     0.318867297;CPU10;352;;UNC_M_CAS_COUNT.RD[UNIT4];10269997;100.00;;"
1247 [140405425301184] INFO perfrun.perfcollector <> - PERF_STAT : "     0.318867297;CPU0;291;;UNC_M_CAS_COUNT.RD[UNIT5];10295362;100.00;;"
1247 [140405425301184] INFO perfrun.perfcollector <> - PERF_STAT : "     0.318867297;CPU10;894;;UNC_M_CAS_COUNT.RD[UNIT5];10270128;100.00;;"
1247 [140405425301184] INFO perfrun.perfcollector <> - PERF_STAT : "     0.318867297;CPU0;203;;UNC_M_CAS_COUNT.WR[UNIT0];10293526;100.00;;"
1247 [140405425301184] INFO perfrun.perfcollector <> - PERF_STAT : "     0.318867297;CPU10;127;;UNC_M_CAS_COUNT.WR[UNIT0];10270093;100.00;;"
1247 [140405425301184] INFO perfrun.perfcollector <> - PERF_STAT : "     0.318867297;CPU0;106;;UNC_M_CAS_COUNT.WR[UNIT1];10291680;100.00;;"
1247 [140405425301184] INFO perfrun.perfcollector <> - PERF_STAT : "     0.318867297;CPU10;677;;UNC_M_CAS_COUNT.WR[UNIT1];10270036;100.00;;"
1247 [140405425301184] INFO perfrun.perfcollector <> - PERF_STAT : "     0.318867297;CPU0;199;;UNC_M_CAS_COUNT.WR[UNIT4];10289833;100.00;;"
1247 [140405425301184] INFO perfrun.perfcollector <> - PERF_STAT : "     0.318867297;CPU10;127;;UNC_M_CAS_COUNT.WR[UNIT4];10269995;100.00;;"
1247 [140405425301184] INFO perfrun.perfcollector <> - PERF_STAT : "     0.318867297;CPU0;104;;UNC_M_CAS_COUNT.WR[UNIT5];10287941;100.00;;"
1247 [140405425301184] INFO perfrun.perfcollector <> - PERF_STAT : "     0.318867297;CPU10;645;;UNC_M_CAS_COUNT.WR[UNIT5];10269982;100.00;;"
1257 [140405425301184] INFO perfrun.perfcollector <> - PERF_STAT : "     0.329130216;CPU0;1053;;UNC_M_CAS_COUNT.RD[UNIT0];10237199;100.00;;"
1257 [140405425301184] INFO perfrun.perfcollector <> - PERF_STAT : "     0.329130216;CPU10;933;;UNC_M_CAS_COUNT.RD[UNIT0];10235818;100.00;;"
1257 [140405425301184] INFO perfrun.perfcollector <> - PERF_STAT : "     0.329130216;CPU0;975;;UNC_M_CAS_COUNT.RD[UNIT1];10237179;100.00;;"
1257 [140405425301184] INFO perfrun.perfcollector <> - PERF_STAT : "     0.329130216;CPU10;1445;;UNC_M_CAS_COUNT.RD[UNIT1];10235842;100.00;;"
1257 [140405425301184] INFO perfrun.perfcollector <> - PERF_STAT : "     0.329130216;CPU0;987;;UNC_M_CAS_COUNT.RD[UNIT4];10237263;100.00;;"
1257 [140405425301184] INFO perfrun.perfcollector <> - PERF_STAT : "     0.329130216;CPU10;1109;;UNC_M_CAS_COUNT.RD[UNIT4];10235840;100.00;;"
1257 [140405425301184] INFO perfrun.perfcollector <> - PERF_STAT : "     0.329130216;CPU0;978;;UNC_M_CAS_COUNT.RD[UNIT5];10237316;100.00;;"
1257 [140405425301184] INFO perfrun.perfcollector <> - PERF_STAT : "     0.329130216;CPU10;1639;;UNC_M_CAS_COUNT.RD[UNIT5];10235739;100.00;;"
1257 [140405425301184] INFO perfrun.perfcollector <> - PERF_STAT : "     0.329130216;CPU0;585;;UNC_M_CAS_COUNT.WR[UNIT0];10237304;100.00;;"
1257 [140405425301184] INFO perfrun.perfcollector <> - PERF_STAT : "     0.329130216;CPU10;4221;;UNC_M_CAS_COUNT.WR[UNIT0];10235719;100.00;;"
1257 [140405425301184] INFO perfrun.perfcollector <> - PERF_STAT : "     0.329130216;CPU0;524;;UNC_M_CAS_COUNT.WR[UNIT1];10237273;100.00;;"
1257 [140405425301184] INFO perfrun.perfcollector <> - PERF_STAT : "     0.329130216;CPU10;4833;;UNC_M_CAS_COUNT.WR[UNIT1];10235707;100.00;;"
1257 [140405425301184] INFO perfrun.perfcollector <> - PERF_STAT : "     0.329130216;CPU0;595;;UNC_M_CAS_COUNT.WR[UNIT4];10237201;100.00;;"
1257 [140405425301184] INFO perfrun.perfcollector <> - PERF_STAT : "     0.329130216;CPU10;4352;;UNC_M_CAS_COUNT.WR[UNIT4];10235697;100.00;;"
1257 [140405425301184] INFO perfrun.perfcollector <> - PERF_STAT : "     0.329130216;CPU0;508;;UNC_M_CAS_COUNT.WR[UNIT5];10237110;100.00;;"
1258 [140405425301184] INFO perfrun.perfcollector <> - PERF_STAT : "     0.329130216;CPU10;4819;;UNC_M_CAS_COUNT.WR[UNIT5];10235663;100.00;;"
1268 [140405425301184] INFO perfrun.perfcollector <> - PERF_STAT : "     0.339366078;CPU0;3164;;UNC_M_CAS_COUNT.RD[UNIT0];10236805;100.00;;"
1268 [140405425301184] INFO perfrun.perfcollector <> - PERF_STAT : "     0.339366078;CPU10;4077;;UNC_M_CAS_COUNT.RD[UNIT0];10237178;100.00;;"
1268 [140405425301184] INFO perfrun.perfcollector <> - PERF_STAT : "     0.339366078;CPU0;3077;;UNC_M_CAS_COUNT.RD[UNIT1];10236761;100.00;;"
1268 [140405425301184] INFO perfrun.perfcollector <> - PERF_STAT : "     0.339366078;CPU10;4622;;UNC_M_CAS_COUNT.RD[UNIT1];10237173;100.00;;"
1268 [140405425301184] INFO perfrun.perfcollector <> - PERF_STAT : "     0.339366078;CPU0;3183;;UNC_M_CAS_COUNT.RD[UNIT4];10236823;100.00;;"
1268 [140405425301184] INFO perfrun.perfcollector <> - PERF_STAT : "     0.339366078;CPU10;4163;;UNC_M_CAS_COUNT.RD[UNIT4];10237312;100.00;;"
1268 [140405425301184] INFO perfrun.perfcollector <> - PERF_STAT : "     0.339366078;CPU0;2949;;UNC_M_CAS_COUNT.RD[UNIT5];10236709;100.00;;"
1268 [140405425301184] INFO perfrun.perfcollector <> - PERF_STAT : "     0.339366078;CPU10;4738;;UNC_M_CAS_COUNT.RD[UNIT5];10237372;100.00;;"
1268 [140405425301184] INFO perfrun.perfcollector <> - PERF_STAT : "     0.339366078;CPU0;1695;;UNC_M_CAS_COUNT.WR[UNIT0];10236641;100.00;;"
1268 [140405425301184] INFO perfrun.perfcollector <> - PERF_STAT : "     0.339366078;CPU10;12278;;UNC_M_CAS_COUNT.WR[UNIT0];10237387;100.00;;"
1268 [140405425301184] INFO perfrun.perfcollector <> - PERF_STAT : "     0.339366078;CPU0;1596;;UNC_M_CAS_COUNT.WR[UNIT1];10236627;100.00;;"
1268 [140405425301184] INFO perfrun.perfcollector <> - PERF_STAT : "     0.339366078;CPU10;12764;;UNC_M_CAS_COUNT.WR[UNIT1];10237543;100.00;;"
1268 [140405425301184] INFO perfrun.perfcollector <> - PERF_STAT : "     0.339366078;CPU0;1681;;UNC_M_CAS_COUNT.WR[UNIT4];10236630;100.00;;"
1268 [140405425301184] INFO perfrun.perfcollector <> - PERF_STAT : "     0.339366078;CPU10;12199;;UNC_M_CAS_COUNT.WR[UNIT4];10237634;100.00;;"
1268 [140405425301184] INFO perfrun.perfcollector <> - PERF_STAT : "     0.339366078;CPU0;1627;;UNC_M_CAS_COUNT.WR[UNIT5];10236634;100.00;;"
1268 [140405425301184] INFO perfrun.perfcollector <> - PERF_STAT : "     0.339366078;CPU10;12926;;UNC_M_CAS_COUNT.WR[UNIT5];10237650;100.00;;"
1278 [140405425301184] INFO perfrun.perfcollector <> - PERF_STAT : "     0.349607359;CPU0;1556;;UNC_M_CAS_COUNT.RD[UNIT0];10241549;100.00;;"
1278 [140405425301184] INFO perfrun.perfcollector <> - PERF_STAT : "     0.349607359;CPU10;1479;;UNC_M_CAS_COUNT.RD[UNIT0];10241787;100.00;;"
1278 [140405425301184] INFO perfrun.perfcollector <> - PERF_STAT : "     0.349607359;CPU0;1413;;UNC_M_CAS_COUNT.RD[UNIT1];10241615;100.00;;"
1278 [140405425301184] INFO perfrun.perfcollector <> - PERF_STAT : "     0.349607359;CPU10;1986;;UNC_M_CAS_COUNT.RD[UNIT1];10241815;100.00;;"
1278 [140405425301184] INFO perfrun.perfcollector <> - PERF_STAT : "     0.349607359;CPU0;1545;;UNC_M_CAS_COUNT.RD[UNIT4];10241488;100.00;;"
1278 [140405425301184] INFO perfrun.perfcollector <> - PERF_STAT : "     0.349607359;CPU10;1369;;UNC_M_CAS_COUNT.RD[UNIT4];10241776;100.00;;"
1278 [140405425301184] INFO perfrun.perfcollector <> - PERF_STAT : "     0.349607359;CPU0;1409;;UNC_M_CAS_COUNT.RD[UNIT5];10241621;100.00;;"
1278 [140405425301184] INFO perfrun.perfcollector <> - PERF_STAT : "     0.349607359;CPU10;1923;;UNC_M_CAS_COUNT.RD[UNIT5];10241635;100.00;;"
1278 [140405425301184] INFO perfrun.perfcollector <> - PERF_STAT : "     0.349607359;CPU0;517;;UNC_M_CAS_COUNT.WR[UNIT0];10241783;100.00;;"
1278 [140405425301184] INFO perfrun.perfcollector <> - PERF_STAT : "     0.349607359;CPU10;3023;;UNC_M_CAS_COUNT.WR[UNIT0];10241633;100.00;;"
1278 [140405425301184] INFO perfrun.perfcollector <> - PERF_STAT : "     0.349607359;CPU0;451;;UNC_M_CAS_COUNT.WR[UNIT1];10241778;100.00;;"
1278 [140405425301184] INFO perfrun.perfcollector <> - PERF_STAT : "     0.349607359;CPU10;3407;;UNC_M_CAS_COUNT.WR[UNIT1];10241497;100.00;;"
1278 [140405425301184] INFO perfrun.perfcollector <> - PERF_STAT : "     0.349607359;CPU0;605;;UNC_M_CAS_COUNT.WR[UNIT4];10241771;100.00;;"
1278 [140405425301184] INFO perfrun.perfcollector <> - PERF_STAT : "     0.349607359;CPU10;2926;;UNC_M_CAS_COUNT.WR[UNIT4];10241535;100.00;;"
1278 [140405425301184] INFO perfrun.perfcollector <> - PERF_STAT : "     0.349607359;CPU0;503;;UNC_M_CAS_COUNT.WR[UNIT5];10241770;100.00;;"
1278 [140405425301184] INFO perfrun.perfcollector <> - PERF_STAT : "     0.349607359;CPU10;3455;;UNC_M_CAS_COUNT.WR[UNIT5];10241638;100.00;;"
1288 [140405425301184] INFO perfrun.perfcollector <> - PERF_STAT : "     0.359845424;CPU0;2662;;UNC_M_CAS_COUNT.RD[UNIT0];10260235;100.00;;"
1288 [140405425301184] INFO perfrun.perfcollector <> - PERF_STAT : "     0.359845424;CPU10;1283;;UNC_M_CAS_COUNT.RD[UNIT0];10261171;100.00;;"
1288 [140405425301184] INFO perfrun.perfcollector <> - PERF_STAT : "     0.359845424;CPU0;2337;;UNC_M_CAS_COUNT.RD[UNIT1];10260273;100.00;;"
1288 [140405425301184] INFO perfrun.perfcollector <> - PERF_STAT : "     0.359845424;CPU10;1729;;UNC_M_CAS_COUNT.RD[UNIT1];10261256;100.00;;"
1288 [140405425301184] INFO perfrun.perfcollector <> - PERF_STAT : "     0.359845424;CPU0;2565;;UNC_M_CAS_COUNT.RD[UNIT4];10260291;100.00;;"
1288 [140405425301184] INFO perfrun.perfcollector <> - PERF_STAT : "     0.359845424;CPU10;1218;;UNC_M_CAS_COUNT.RD[UNIT4];10261228;100.00;;"
1288 [140405425301184] INFO perfrun.perfcollector <> - PERF_STAT : "     0.359845424;CPU0;2242;;UNC_M_CAS_COUNT.RD[UNIT5];10260291;100.00;;"
1288 [140405425301184] INFO perfrun.perfcollector <> - PERF_STAT : "     0.359845424;CPU10;1777;;UNC_M_CAS_COUNT.RD[UNIT5];10261708;100.00;;"
1288 [140405425301184] INFO perfrun.perfcollector <> - PERF_STAT : "     0.359845424;CPU0;799;;UNC_M_CAS_COUNT.WR[UNIT0];10260275;100.00;;"
1288 [140405425301184] INFO perfrun.perfcollector <> - PERF_STAT : "     0.359845424;CPU10;6974;;UNC_M_CAS_COUNT.WR[UNIT0];10261706;100.00;;"
1288 [140405425301184] INFO perfrun.perfcollector <> - PERF_STAT : "     0.359845424;CPU0;680;;UNC_M_CAS_COUNT.WR[UNIT1];10260413;100.00;;"
1288 [140405425301184] INFO perfrun.perfcollector <> - PERF_STAT : "     0.359845424;CPU10;7530;;UNC_M_CAS_COUNT.WR[UNIT1];10261717;100.00;;"
1288 [140405425301184] INFO perfrun.perfcollector <> - PERF_STAT : "     0.359845424;CPU0;782;;UNC_M_CAS_COUNT.WR[UNIT4];10260420;100.00;;"
1288 [140405425301184] INFO perfrun.perfcollector <> - PERF_STAT : "     0.359845424;CPU10;7039;;UNC_M_CAS_COUNT.WR[UNIT4];10261603;100.00;;"
1288 [140405425301184] INFO perfrun.perfcollector <> - PERF_STAT : "     0.359845424;CPU0;671;;UNC_M_CAS_COUNT.WR[UNIT5];10260445;100.00;;"
1288 [140405425301184] INFO perfrun.perfcollector <> - PERF_STAT : "     0.359845424;CPU10;7609;;UNC_M_CAS_COUNT.WR[UNIT5];10261515;100.00;;"
1298 [140405425301184] INFO perfrun.perfcollector <> - PERF_STAT : "     0.370113442;CPU0;2285;;UNC_M_CAS_COUNT.RD[UNIT0];10248623;100.00;;"
1298 [140405425301184] INFO perfrun.perfcollector <> - PERF_STAT : "     0.370113442;CPU10;1450;;UNC_M_CAS_COUNT.RD[UNIT0];10248978;100.00;;"
1298 [140405425301184] INFO perfrun.perfcollector <> - PERF_STAT : "     0.370113442;CPU0;1775;;UNC_M_CAS_COUNT.RD[UNIT1];10248689;100.00;;"
1298 [140405425301184] INFO perfrun.perfcollector <> - PERF_STAT : "     0.370113442;CPU10;1999;;UNC_M_CAS_COUNT.RD[UNIT1];10248824;100.00;;"
1298 [140405425301184] INFO perfrun.perfcollector <> - PERF_STAT : "     0.370113442;CPU0;2261;;UNC_M_CAS_COUNT.RD[UNIT4];10248737;100.00;;"
1298 [140405425301184] INFO perfrun.perfcollector <> - PERF_STAT : "     0.370113442;CPU10;1440;;UNC_M_CAS_COUNT.RD[UNIT4];10248842;100.00;;"
1298 [140405425301184] INFO perfrun.perfcollector <> - PERF_STAT : "     0.370113442;CPU0;1806;;UNC_M_CAS_COUNT.RD[UNIT5];10248794;100.00;;"
1298 [140405425301184] INFO perfrun.perfcollector <> - PERF_STAT : "     0.370113442;CPU10;1965;;UNC_M_CAS_COUNT.RD[UNIT5];10248683;100.00;;"
1298 [140405425301184] INFO perfrun.perfcollector <> - PERF_STAT : "     0.370113442;CPU0;1628;;UNC_M_CAS_COUNT.WR[UNIT0];10248761;100.00;;"
1298 [140405425301184] INFO perfrun.perfcollector <> - PERF_STAT : "     0.370113442;CPU10;474;;UNC_M_CAS_COUNT.WR[UNIT0];10248683;100.00;;"
1298 [140405425301184] INFO perfrun.perfcollector <> - PERF_STAT : "     0.370113442;CPU0;1192;;UNC_M_CAS_COUNT.WR[UNIT1];10248659;100.00;;"
1298 [140405425301184] INFO perfrun.perfcollector <> - PERF_STAT : "     0.370113442;CPU10;1087;;UNC_M_CAS_COUNT.WR[UNIT1];10248675;100.00;;"
1298 [140405425301184] INFO perfrun.perfcollector <> - PERF_STAT : "     0.370113442;CPU0;1614;;UNC_M_CAS_COUNT.WR[UNIT4];10248679;100.00;;"
1298 [140405425301184] INFO perfrun.perfcollector <> - PERF_STAT : "     0.370113442;CPU10;544;;UNC_M_CAS_COUNT.WR[UNIT4];10248698;100.00;;"
1298 [140405425301184] INFO perfrun.perfcollector <> - PERF_STAT : "     0.370113442;CPU0;1049;;UNC_M_CAS_COUNT.WR[UNIT5];10248676;100.00;;"
1299 [140405425301184] INFO perfrun.perfcollector <> - PERF_STAT : "     0.370113442;CPU10;1060;;UNC_M_CAS_COUNT.WR[UNIT5];10248706;100.00;;"
1309 [140405425301184] INFO perfrun.perfcollector <> - PERF_STAT : "     0.380359310;CPU0;524;;UNC_M_CAS_COUNT.RD[UNIT0];10268727;100.00;;"
1309 [140405425301184] INFO perfrun.perfcollector <> - PERF_STAT : "     0.380359310;CPU10;821;;UNC_M_CAS_COUNT.RD[UNIT0];10299449;100.00;;"
1309 [140405425301184] INFO perfrun.perfcollector <> - PERF_STAT : "     0.380359310;CPU0;430;;UNC_M_CAS_COUNT.RD[UNIT1];10271724;100.00;;"
1309 [140405425301184] INFO perfrun.perfcollector <> - PERF_STAT : "     0.380359310;CPU10;1322;;UNC_M_CAS_COUNT.RD[UNIT1];10299556;100.00;;"
1309 [140405425301184] INFO perfrun.perfcollector <> - PERF_STAT : "     0.380359310;CPU0;502;;UNC_M_CAS_COUNT.RD[UNIT4];10273808;100.00;;"
1309 [140405425301184] INFO perfrun.perfcollector <> - PERF_STAT : "     0.380359310;CPU10;841;;UNC_M_CAS_COUNT.RD[UNIT4];10299513;100.00;;"
1309 [140405425301184] INFO perfrun.perfcollector <> - PERF_STAT : "     0.380359310;CPU0;438;;UNC_M_CAS_COUNT.RD[UNIT5];10275682;100.00;;"
1309 [140405425301184] INFO perfrun.perfcollector <> - PERF_STAT : "     0.380359310;CPU10;1302;;UNC_M_CAS_COUNT.RD[UNIT5];10299318;100.00;;"
1309 [140405425301184] INFO perfrun.perfcollector <> - PERF_STAT : "     0.380359310;CPU0;188;;UNC_M_CAS_COUNT.WR[UNIT0];10277539;100.00;;"
1309 [140405425301184] INFO perfrun.perfcollector <> - PERF_STAT : "     0.380359310;CPU10;451;;UNC_M_CAS_COUNT.WR[UNIT0];10299327;100.00;;"
1309 [140405425301184] INFO perfrun.perfcollector <> - PERF_STAT : "     0.380359310;CPU0;105;;UNC_M_CAS_COUNT.WR[UNIT1];10279466;100.00;;"
1309 [140405425301184] INFO perfrun.perfcollector <> - PERF_STAT : "     0.380359310;CPU10;991;;UNC_M_CAS_COUNT.WR[UNIT1];10299367;100.00;;"
1309 [140405425301184] INFO perfrun.perfcollector <> - PERF_STAT : "     0.380359310;CPU0;168;;UNC_M_CAS_COUNT.WR[UNIT4];10281372;100.00;;"
1309 [140405425301184] INFO perfrun.perfcollector <> - PERF_STAT : "     0.380359310;CPU10;479;;UNC_M_CAS_COUNT.WR[UNIT4];10299367;100.00;;"
1309 [140405425301184] INFO perfrun.perfcollector <> - PERF_STAT : "     0.380359310;CPU0;78;;UNC_M_CAS_COUNT.WR[UNIT5];10283246;100.00;;"
1309 [140405425301184] INFO perfrun.perfcollector <> - PERF_STAT : "     0.380359310;CPU10;985;;UNC_M_CAS_COUNT.WR[UNIT5];10299377;100.00;;"
1331 [140405425301184] INFO perfrun.perfcollector <> - PERF_STAT : "     0.390661515;CPU0;401;;UNC_M_CAS_COUNT.RD[UNIT0];10277899;100.00;;"
1331 [140405425301184] INFO perfrun.perfcollector <> - PERF_STAT : "     0.390661515;CPU10;743;;UNC_M_CAS_COUNT.RD[UNIT0];10247590;100.00;;"
1331 [140405425301184] INFO perfrun.perfcollector <> - PERF_STAT : "     0.390661515;CPU0;305;;UNC_M_CAS_COUNT.RD[UNIT1];10275002;100.00;;"
1331 [140405425301184] INFO perfrun.perfcollector <> - PERF_STAT : "     0.390661515;CPU10;1193;;UNC_M_CAS_COUNT.RD[UNIT1];10247480;100.00;;"
1331 [140405425301184] INFO perfrun.perfcollector <> - PERF_STAT : "     0.390661515;CPU0;343;;UNC_M_CAS_COUNT.RD[UNIT4];10272920;100.00;;"
1331 [140405425301184] INFO perfrun.perfcollector <> - PERF_STAT : "     0.390661515;CPU10;690;;UNC_M_CAS_COUNT.RD[UNIT4];10247530;100.00;;"
1331 [140405425301184] INFO perfrun.perfcollector <> - PERF_STAT : "     0.390661515;CPU0;310;;UNC_M_CAS_COUNT.RD[UNIT5];10271012;100.00;;"
1331 [140405425301184] INFO perfrun.perfcollector <> - PERF_STAT : "     0.390661515;CPU10;1173;;UNC_M_CAS_COUNT.RD[UNIT5];10247500;100.00;;"
1331 [140405425301184] INFO perfrun.perfcollector <> - PERF_STAT : "     0.390661515;CPU0;160;;UNC_M_CAS_COUNT.WR[UNIT0];10269245;100.00;;"
1331 [140405425301184] INFO perfrun.perfcollector <> - PERF_STAT : "     0.390661515;CPU10;622;;UNC_M_CAS_COUNT.WR[UNIT0];10247502;100.00;;"
1331 [140405425301184] INFO perfrun.perfcollector <> - PERF_STAT : "     0.390661515;CPU0;79;;UNC_M_CAS_COUNT.WR[UNIT1];10267432;100.00;;"
1331 [140405425301184] INFO perfrun.perfcollector <> - PERF_STAT : "     0.390661515;CPU10;1139;;UNC_M_CAS_COUNT.WR[UNIT1];10247459;100.00;;"
1331 [140405425301184] INFO perfrun.perfcollector <> - PERF_STAT : "     0.390661515;CPU0;139;;UNC_M_CAS_COUNT.WR[UNIT4];10265564;100.00;;"
1331 [140405425301184] INFO perfrun.perfcollector <> - PERF_STAT : "     0.390661515;CPU10;604;;UNC_M_CAS_COUNT.WR[UNIT4];10247537;100.00;;"
1331 [140405425301184] INFO perfrun.perfcollector <> - PERF_STAT : "     0.390661515;CPU0;83;;UNC_M_CAS_COUNT.WR[UNIT5];10263712;100.00;;"
1331 [140405425301184] INFO perfrun.perfcollector <> - PERF_STAT : "     0.390661515;CPU10;1120;;UNC_M_CAS_COUNT.WR[UNIT5];10247795;100.00;;"
1331 [140405425301184] INFO perfrun.perfcollector <> - PERF_STAT : "     0.400917964;CPU0;523;;UNC_M_CAS_COUNT.RD[UNIT0];10247893;100.00;;"
1331 [140405425301184] INFO perfrun.perfcollector <> - PERF_STAT : "     0.400917964;CPU10;3076;;UNC_M_CAS_COUNT.RD[UNIT0];10279108;100.00;;"
1331 [140405425301184] INFO perfrun.perfcollector <> - PERF_STAT : "     0.400917964;CPU0;393;;UNC_M_CAS_COUNT.RD[UNIT1];10250827;100.00;;"
1331 [140405425301184] INFO perfrun.perfcollector <> - PERF_STAT : "     0.400917964;CPU10;3529;;UNC_M_CAS_COUNT.RD[UNIT1];10279397;100.00;;"
1331 [140405425301184] INFO perfrun.perfcollector <> - PERF_STAT : "     0.400917964;CPU0;490;;UNC_M_CAS_COUNT.RD[UNIT4];10252776;100.00;;"
1331 [140405425301184] INFO perfrun.perfcollector <> - PERF_STAT : "     0.400917964;CPU10;3004;;UNC_M_CAS_COUNT.RD[UNIT4];10279442;100.00;;"
1331 [140405425301184] INFO perfrun.perfcollector <> - PERF_STAT : "     0.400917964;CPU0;406;;UNC_M_CAS_COUNT.RD[UNIT5];10254655;100.00;;"
1331 [140405425301184] INFO perfrun.perfcollector <> - PERF_STAT : "     0.400917964;CPU10;3588;;UNC_M_CAS_COUNT.RD[UNIT5];10279960;100.00;;"
1331 [140405425301184] INFO perfrun.perfcollector <> - PERF_STAT : "     0.400917964;CPU0;843;;UNC_M_CAS_COUNT.WR[UNIT0];10256404;100.00;;"
1331 [140405425301184] INFO perfrun.perfcollector <> - PERF_STAT : "     0.400917964;CPU10;21814;;UNC_M_CAS_COUNT.WR[UNIT0];10280393;100.00;;"
1331 [140405425301184] INFO perfrun.perfcollector <> - PERF_STAT : "     0.400917964;CPU0;755;;UNC_M_CAS_COUNT.WR[UNIT1];10258198;100.00;;"
1331 [140405425301184] INFO perfrun.perfcollector <> - PERF_STAT : "     0.400917964;CPU10;22537;;UNC_M_CAS_COUNT.WR[UNIT1];10280550;100.00;;"
1331 [140405425301184] INFO perfrun.perfcollector <> - PERF_STAT : "     0.400917964;CPU0;834;;UNC_M_CAS_COUNT.WR[UNIT4];10260100;100.00;;"
1331 [140405425301184] INFO perfrun.perfcollector <> - PERF_STAT : "     0.400917964;CPU10;21514;;UNC_M_CAS_COUNT.WR[UNIT4];10280589;100.00;;"
1331 [140405425301184] INFO perfrun.perfcollector <> - PERF_STAT : "     0.400917964;CPU0;742;;UNC_M_CAS_COUNT.WR[UNIT5];10261991;100.00;;"
1331 [140405425301184] INFO perfrun.perfcollector <> - PERF_STAT : "     0.400917964;CPU10;22291;;UNC_M_CAS_COUNT.WR[UNIT5];10280432;100.00;;"
1339 [140405425301184] INFO perfrun.perfcollector <> - PERF_STAT : "     0.411212110;CPU0;932;;UNC_M_CAS_COUNT.RD[UNIT0];10305801;100.00;;"
1339 [140405425301184] INFO perfrun.perfcollector <> - PERF_STAT : "     0.411212110;CPU10;859;;UNC_M_CAS_COUNT.RD[UNIT0];10307386;100.00;;"
1339 [140405425301184] INFO perfrun.perfcollector <> - PERF_STAT : "     0.411212110;CPU0;416;;UNC_M_CAS_COUNT.RD[UNIT1];10305001;100.00;;"
1339 [140405425301184] INFO perfrun.perfcollector <> - PERF_STAT : "     0.411212110;CPU10;984;;UNC_M_CAS_COUNT.RD[UNIT1];10307269;100.00;;"
1339 [140405425301184] INFO perfrun.perfcollector <> - PERF_STAT : "     0.411212110;CPU0;888;;UNC_M_CAS_COUNT.RD[UNIT4];10304027;100.00;;"
1340 [140405425301184] INFO perfrun.perfcollector <> - PERF_STAT : "     0.411212110;CPU10;787;;UNC_M_CAS_COUNT.RD[UNIT4];10307244;100.00;;"
1340 [140405425301184] INFO perfrun.perfcollector <> - PERF_STAT : "     0.411212110;CPU0;408;;UNC_M_CAS_COUNT.RD[UNIT5];10302857;100.00;;"
1340 [140405425301184] INFO perfrun.perfcollector <> - PERF_STAT : "     0.411212110;CPU10;968;;UNC_M_CAS_COUNT.RD[UNIT5];10306800;100.00;;"
1340 [140405425301184] INFO perfrun.perfcollector <> - PERF_STAT : "     0.411212110;CPU0;711;;UNC_M_CAS_COUNT.WR[UNIT0];10301868;100.00;;"
1340 [140405425301184] INFO perfrun.perfcollector <> - PERF_STAT : "     0.411212110;CPU10;4074;;UNC_M_CAS_COUNT.WR[UNIT0];10306337;100.00;;"
1340 [140405425301184] INFO perfrun.perfcollector <> - PERF_STAT : "     0.411212110;CPU0;251;;UNC_M_CAS_COUNT.WR[UNIT1];10300918;100.00;;"
1340 [140405425301184] INFO perfrun.perfcollector <> - PERF_STAT : "     0.411212110;CPU10;4281;;UNC_M_CAS_COUNT.WR[UNIT1];10306182;100.00;;"
1340 [140405425301184] INFO perfrun.perfcollector <> - PERF_STAT : "     0.411212110;CPU0;706;;UNC_M_CAS_COUNT.WR[UNIT4];10300080;100.00;;"
1340 [140405425301184] INFO perfrun.perfcollector <> - PERF_STAT : "     0.411212110;CPU10;4183;;UNC_M_CAS_COUNT.WR[UNIT4];10306053;100.00;;"
1340 [140405425301184] INFO perfrun.perfcollector <> - PERF_STAT : "     0.411212110;CPU0;213;;UNC_M_CAS_COUNT.WR[UNIT5];10299160;100.00;;"
1340 [140405425301184] INFO perfrun.perfcollector <> - PERF_STAT : "     0.411212110;CPU10;4431;;UNC_M_CAS_COUNT.WR[UNIT5];10305916;100.00;;"
1350 [140405425301184] INFO perfrun.perfcollector <> - PERF_STAT : "     0.421493113;CPU0;847;;UNC_M_CAS_COUNT.RD[UNIT0];10303186;100.00;;"
1350 [140405425301184] INFO perfrun.perfcollector <> - PERF_STAT : "     0.421493113;CPU10;900;;UNC_M_CAS_COUNT.RD[UNIT0];10301456;100.00;;"
1350 [140405425301184] INFO perfrun.perfcollector <> - PERF_STAT : "     0.421493113;CPU0;506;;UNC_M_CAS_COUNT.RD[UNIT1];10303942;100.00;;"
1350 [140405425301184] INFO perfrun.perfcollector <> - PERF_STAT : "     0.421493113;CPU10;1164;;UNC_M_CAS_COUNT.RD[UNIT1];10301395;100.00;;"
1350 [140405425301184] INFO perfrun.perfcollector <> - PERF_STAT : "     0.421493113;CPU0;843;;UNC_M_CAS_COUNT.RD[UNIT4];10305056;100.00;;"
1350 [140405425301184] INFO perfrun.perfcollector <> - PERF_STAT : "     0.421493113;CPU10;843;;UNC_M_CAS_COUNT.RD[UNIT4];10301643;100.00;;"
1350 [140405425301184] INFO perfrun.perfcollector <> - PERF_STAT : "     0.421493113;CPU0;495;;UNC_M_CAS_COUNT.RD[UNIT5];10306242;100.00;;"
1350 [140405425301184] INFO perfrun.perfcollector <> - PERF_STAT : "     0.421493113;CPU10;1164;;UNC_M_CAS_COUNT.RD[UNIT5];10301633;100.00;;"
1350 [140405425301184] INFO perfrun.perfcollector <> - PERF_STAT : "     0.421493113;CPU0;646;;UNC_M_CAS_COUNT.WR[UNIT0];10307235;100.00;;"
1350 [140405425301184] INFO perfrun.perfcollector <> - PERF_STAT : "     0.421493113;CPU10;201;;UNC_M_CAS_COUNT.WR[UNIT0];10302017;100.00;;"
1350 [140405425301184] INFO perfrun.perfcollector <> - PERF_STAT : "     0.421493113;CPU0;300;;UNC_M_CAS_COUNT.WR[UNIT1];10308201;100.00;;"
1350 [140405425301184] INFO perfrun.perfcollector <> - PERF_STAT : "     0.421493113;CPU10;493;;UNC_M_CAS_COUNT.WR[UNIT1];10302315;100.00;;"
1350 [140405425301184] INFO perfrun.perfcollector <> - PERF_STAT : "     0.421493113;CPU0;631;;UNC_M_CAS_COUNT.WR[UNIT4];10309039;100.00;;"
1350 [140405425301184] INFO perfrun.perfcollector <> - PERF_STAT : "     0.421493113;CPU10;178;;UNC_M_CAS_COUNT.WR[UNIT4];10302371;100.00;;"
1350 [140405425301184] INFO perfrun.perfcollector <> - PERF_STAT : "     0.421493113;CPU0;305;;UNC_M_CAS_COUNT.WR[UNIT5];10309956;100.00;;"
1350 [140405425301184] INFO perfrun.perfcollector <> - PERF_STAT : "     0.421493113;CPU10;518;;UNC_M_CAS_COUNT.WR[UNIT5];10302432;100.00;;"
1360 [140405425301184] INFO perfrun.perfcollector <> - PERF_STAT : "     0.431819436;CPU0;2052;;UNC_M_CAS_COUNT.RD[UNIT0];10337899;100.00;;"
1360 [140405425301184] INFO perfrun.perfcollector <> - PERF_STAT : "     0.431819436;CPU10;15605;;UNC_M_CAS_COUNT.RD[UNIT0];10315194;100.00;;"
1360 [140405425301184] INFO perfrun.perfcollector <> - PERF_STAT : "     0.431819436;CPU0;1821;;UNC_M_CAS_COUNT.RD[UNIT1];10335067;100.00;;"
1360 [140405425301184] INFO perfrun.perfcollector <> - PERF_STAT : "     0.431819436;CPU10;16076;;UNC_M_CAS_COUNT.RD[UNIT1];10318230;100.00;;"
1360 [140405425301184] INFO perfrun.perfcollector <> - PERF_STAT : "     0.431819436;CPU0;1941;;UNC_M_CAS_COUNT.RD[UNIT4];10333264;100.00;;"
1360 [140405425301184] INFO perfrun.perfcollector <> - PERF_STAT : "     0.431819436;CPU10;15603;;UNC_M_CAS_COUNT.RD[UNIT4];10320173;100.00;;"
1360 [140405425301184] INFO perfrun.perfcollector <> - PERF_STAT : "     0.431819436;CPU0;1854;;UNC_M_CAS_COUNT.RD[UNIT5];10331394;100.00;;"
1360 [140405425301184] INFO perfrun.perfcollector <> - PERF_STAT : "     0.431819436;CPU10;16276;;UNC_M_CAS_COUNT.RD[UNIT5];10322175;100.00;;"
1360 [140405425301184] INFO perfrun.perfcollector <> - PERF_STAT : "     0.431819436;CPU0;674;;UNC_M_CAS_COUNT.WR[UNIT0];10329569;100.00;;"
1360 [140405425301184] INFO perfrun.perfcollector <> - PERF_STAT : "     0.431819436;CPU10;10652;;UNC_M_CAS_COUNT.WR[UNIT0];10323742;100.00;;"
1360 [140405425301184] INFO perfrun.perfcollector <> - PERF_STAT : "     0.431819436;CPU0;514;;UNC_M_CAS_COUNT.WR[UNIT1];10327767;100.00;;"
1360 [140405425301184] INFO perfrun.perfcollector <> - PERF_STAT : "     0.431819436;CPU10;11278;;UNC_M_CAS_COUNT.WR[UNIT1];10325374;100.00;;"
1360 [140405425301184] INFO perfrun.perfcollector <> - PERF_STAT : "     0.431819436;CPU0;647;;UNC_M_CAS_COUNT.WR[UNIT4];10325948;100.00;;"
1360 [140405425301184] INFO perfrun.perfcollector <> - PERF_STAT : "     0.431819436;CPU10;10770;;UNC_M_CAS_COUNT.WR[UNIT4];10334621;100.00;;"
1360 [140405425301184] INFO perfrun.perfcollector <> - PERF_STAT : "     0.431819436;CPU0;528;;UNC_M_CAS_COUNT.WR[UNIT5];10324151;100.00;;"
1360 [140405425301184] INFO perfrun.perfcollector <> - PERF_STAT : "     0.431819436;CPU10;11158;;UNC_M_CAS_COUNT.WR[UNIT5];10336461;100.00;;"
1370 [140405425301184] INFO perfrun.perfcollector <> - PERF_STAT : "     0.442202590;CPU0;6272;;UNC_M_CAS_COUNT.RD[UNIT0];10342608;100.00;;"
1370 [140405425301184] INFO perfrun.perfcollector <> - PERF_STAT : "     0.442202590;CPU10;4806;;UNC_M_CAS_COUNT.RD[UNIT0];10334464;100.00;;"
1370 [140405425301184] INFO perfrun.perfcollector <> - PERF_STAT : "     0.442202590;CPU0;5774;;UNC_M_CAS_COUNT.RD[UNIT1];10342472;100.00;;"
1370 [140405425301184] INFO perfrun.perfcollector <> - PERF_STAT : "     0.442202590;CPU10;5093;;UNC_M_CAS_COUNT.RD[UNIT1];10331311;100.00;;"
1370 [140405425301184] INFO perfrun.perfcollector <> - PERF_STAT : "     0.442202590;CPU0;6264;;UNC_M_CAS_COUNT.RD[UNIT4];10342173;100.00;;"
1370 [140405425301184] INFO perfrun.perfcollector <> - PERF_STAT : "     0.442202590;CPU10;4764;;UNC_M_CAS_COUNT.RD[UNIT4];10329021;100.00;;"
1370 [140405425301184] INFO perfrun.perfcollector <> - PERF_STAT : "     0.442202590;CPU0;5590;;UNC_M_CAS_COUNT.RD[UNIT5];10342151;100.00;;"
1370 [140405425301184] INFO perfrun.perfcollector <> - PERF_STAT : "     0.442202590;CPU10;5043;;UNC_M_CAS_COUNT.RD[UNIT5];10326955;100.00;;"
1370 [140405425301184] INFO perfrun.perfcollector <> - PERF_STAT : "     0.442202590;CPU0;2420;;UNC_M_CAS_COUNT.WR[UNIT0];10342232;100.00;;"
1370 [140405425301184] INFO perfrun.perfcollector <> - PERF_STAT : "     0.442202590;CPU10;8978;;UNC_M_CAS_COUNT.WR[UNIT0];10325235;100.00;;"
1371 [140405425301184] INFO perfrun.perfcollector <> - PERF_STAT : "     0.442202590;CPU0;2016;;UNC_M_CAS_COUNT.WR[UNIT1];10342205;100.00;;"
1371 [140405425301184] INFO perfrun.perfcollector <> - PERF_STAT : "     0.442202590;CPU10;9147;;UNC_M_CAS_COUNT.WR[UNIT1];10323564;100.00;;"
1371 [140405425301184] INFO perfrun.perfcollector <> - PERF_STAT : "     0.442202590;CPU0;2390;;UNC_M_CAS_COUNT.WR[UNIT4];10342167;100.00;;"
1371 [140405425301184] INFO perfrun.perfcollector <> - PERF_STAT : "     0.442202590;CPU10;9020;;UNC_M_CAS_COUNT.WR[UNIT4];10314278;100.00;;"
1371 [140405425301184] INFO perfrun.perfcollector <> - PERF_STAT : "     0.442202590;CPU0;1869;;UNC_M_CAS_COUNT.WR[UNIT5];10342177;100.00;;"
1371 [140405425301184] INFO perfrun.perfcollector <> - PERF_STAT : "     0.442202590;CPU10;9382;;UNC_M_CAS_COUNT.WR[UNIT5];10312410;100.00;;"
1381 [140405425301184] INFO perfrun.perfcollector <> - PERF_STAT : "     0.452443722;CPU0;4266;;UNC_M_CAS_COUNT.RD[UNIT0];10245264;100.00;;"
1382 [140405425301184] INFO perfrun.perfcollector <> - PERF_STAT : "     0.452443722;CPU10;2729;;UNC_M_CAS_COUNT.RD[UNIT0];10244991;100.00;;"
1382 [140405425301184] INFO perfrun.perfcollector <> - PERF_STAT : "     0.452443722;CPU0;3799;;UNC_M_CAS_COUNT.RD[UNIT1];10245397;100.00;;"
1382 [140405425301184] INFO perfrun.perfcollector <> - PERF_STAT : "     0.452443722;CPU10;3020;;UNC_M_CAS_COUNT.RD[UNIT1];10245010;100.00;;"
1382 [140405425301184] INFO perfrun.perfcollector <> - PERF_STAT : "     0.452443722;CPU0;4252;;UNC_M_CAS_COUNT.RD[UNIT4];10245456;100.00;;"
1382 [140405425301184] INFO perfrun.perfcollector <> - PERF_STAT : "     0.452443722;CPU10;2698;;UNC_M_CAS_COUNT.RD[UNIT4];10245104;100.00;;"
1382 [140405425301184] INFO perfrun.perfcollector <> - PERF_STAT : "     0.452443722;CPU0;3719;;UNC_M_CAS_COUNT.RD[UNIT5];10245499;100.00;;"
1382 [140405425301184] INFO perfrun.perfcollector <> - PERF_STAT : "     0.452443722;CPU10;2977;;UNC_M_CAS_COUNT.RD[UNIT5];10245038;100.00;;"
1382 [140405425301184] INFO perfrun.perfcollector <> - PERF_STAT : "     0.452443722;CPU0;4032;;UNC_M_CAS_COUNT.WR[UNIT0];10245421;100.00;;"
1382 [140405425301184] INFO perfrun.perfcollector <> - PERF_STAT : "     0.452443722;CPU10;1918;;UNC_M_CAS_COUNT.WR[UNIT0];10245050;100.00;;"
1382 [140405425301184] INFO perfrun.perfcollector <> - PERF_STAT : "     0.452443722;CPU0;3463;;UNC_M_CAS_COUNT.WR[UNIT1];10245422;100.00;;"
1382 [140405425301184] INFO perfrun.perfcollector <> - PERF_STAT : "     0.452443722;CPU10;2248;;UNC_M_CAS_COUNT.WR[UNIT1];10244857;100.00;;"
1382 [140405425301184] INFO perfrun.perfcollector <> - PERF_STAT : "     0.452443722;CPU0;3997;;UNC_M_CAS_COUNT.WR[UNIT4];10245424;100.00;;"
1382 [140405425301184] INFO perfrun.perfcollector <> - PERF_STAT : "     0.452443722;CPU10;1984;;UNC_M_CAS_COUNT.WR[UNIT4];10244828;100.00;;"
1383 [140405425301184] INFO perfrun.perfcollector <> - PERF_STAT : "     0.452443722;CPU0;3339;;UNC_M_CAS_COUNT.WR[UNIT5];10245396;100.00;;"
1383 [140405425301184] INFO perfrun.perfcollector <> - PERF_STAT : "     0.452443722;CPU10;2286;;UNC_M_CAS_COUNT.WR[UNIT5];10245039;100.00;;"
1391 [140405425301184] INFO perfrun.perfcollector <> - PERF_STAT : "     0.462686399;CPU0;9815;;UNC_M_CAS_COUNT.RD[UNIT0];10258144;100.00;;"
1391 [140405425301184] INFO perfrun.perfcollector <> - PERF_STAT : "     0.462686399;CPU10;6137;;UNC_M_CAS_COUNT.RD[UNIT0];10289464;100.00;;"
1391 [140405425301184] INFO perfrun.perfcollector <> - PERF_STAT : "     0.462686399;CPU0;9530;;UNC_M_CAS_COUNT.RD[UNIT1];10261123;100.00;;"
1391 [140405425301184] INFO perfrun.perfcollector <> - PERF_STAT : "     0.462686399;CPU10;6615;;UNC_M_CAS_COUNT.RD[UNIT1];10289585;100.00;;"
1391 [140405425301184] INFO perfrun.perfcollector <> - PERF_STAT : "     0.462686399;CPU0;9916;;UNC_M_CAS_COUNT.RD[UNIT4];10263126;100.00;;"
1391 [140405425301184] INFO perfrun.perfcollector <> - PERF_STAT : "     0.462686399;CPU10;5953;;UNC_M_CAS_COUNT.RD[UNIT4];10289631;100.00;;"
1391 [140405425301184] INFO perfrun.perfcollector <> - PERF_STAT : "     0.462686399;CPU0;9496;;UNC_M_CAS_COUNT.RD[UNIT5];10264985;100.00;;"
1391 [140405425301184] INFO perfrun.perfcollector <> - PERF_STAT : "     0.462686399;CPU10;6474;;UNC_M_CAS_COUNT.RD[UNIT5];10289824;100.00;;"
1391 [140405425301184] INFO perfrun.perfcollector <> - PERF_STAT : "     0.462686399;CPU0;3955;;UNC_M_CAS_COUNT.WR[UNIT0];10266811;100.00;;"
1391 [140405425301184] INFO perfrun.perfcollector <> - PERF_STAT : "     0.462686399;CPU10;8488;;UNC_M_CAS_COUNT.WR[UNIT0];10289619;100.00;;"
1391 [140405425301184] INFO perfrun.perfcollector <> - PERF_STAT : "     0.462686399;CPU0;3664;;UNC_M_CAS_COUNT.WR[UNIT1];10268646;100.00;;"
1391 [140405425301184] INFO perfrun.perfcollector <> - PERF_STAT : "     0.462686399;CPU10;8692;;UNC_M_CAS_COUNT.WR[UNIT1];10289600;100.00;;"
1391 [140405425301184] INFO perfrun.perfcollector <> - PERF_STAT : "     0.462686399;CPU0;3886;;UNC_M_CAS_COUNT.WR[UNIT4];10270460;100.00;;"
1391 [140405425301184] INFO perfrun.perfcollector <> - PERF_STAT : "     0.462686399;CPU10;8413;;UNC_M_CAS_COUNT.WR[UNIT4];10289763;100.00;;"
1391 [140405425301184] INFO perfrun.perfcollector <> - PERF_STAT : "     0.462686399;CPU0;3693;;UNC_M_CAS_COUNT.WR[UNIT5];10272292;100.00;;"
1391 [140405425301184] INFO perfrun.perfcollector <> - PERF_STAT : "     0.462686399;CPU10;8989;;UNC_M_CAS_COUNT.WR[UNIT5];10289578;100.00;;"
1401 [140405425301184] INFO perfrun.perfcollector <> - PERF_STAT : "     0.472982990;CPU0;6195;;UNC_M_CAS_COUNT.RD[UNIT0];10266381;100.00;;"
1401 [140405425301184] INFO perfrun.perfcollector <> - PERF_STAT : "     0.472982990;CPU10;5796;;UNC_M_CAS_COUNT.RD[UNIT0];10250208;100.00;;"
1401 [140405425301184] INFO perfrun.perfcollector <> - PERF_STAT : "     0.472982990;CPU0;5825;;UNC_M_CAS_COUNT.RD[UNIT1];10264085;100.00;;"
1401 [140405425301184] INFO perfrun.perfcollector <> - PERF_STAT : "     0.472982990;CPU10;6126;;UNC_M_CAS_COUNT.RD[UNIT1];10250435;100.00;;"
1401 [140405425301184] INFO perfrun.perfcollector <> - PERF_STAT : "     0.472982990;CPU0;6287;;UNC_M_CAS_COUNT.RD[UNIT4];10262758;100.00;;"
1401 [140405425301184] INFO perfrun.perfcollector <> - PERF_STAT : "     0.472982990;CPU10;5769;;UNC_M_CAS_COUNT.RD[UNIT4];10250525;100.00;;"
1401 [140405425301184] INFO perfrun.perfcollector <> - PERF_STAT : "     0.472982990;CPU0;5782;;UNC_M_CAS_COUNT.RD[UNIT5];10261732;100.00;;"
1401 [140405425301184] INFO perfrun.perfcollector <> - PERF_STAT : "     0.472982990;CPU10;6015;;UNC_M_CAS_COUNT.RD[UNIT5];10250718;100.00;;"
1401 [140405425301184] INFO perfrun.perfcollector <> - PERF_STAT : "     0.472982990;CPU0;3125;;UNC_M_CAS_COUNT.WR[UNIT0];10260530;100.00;;"
1401 [140405425301184] INFO perfrun.perfcollector <> - PERF_STAT : "     0.472982990;CPU10;3782;;UNC_M_CAS_COUNT.WR[UNIT0];10250874;100.00;;"
1401 [140405425301184] INFO perfrun.perfcollector <> - PERF_STAT : "     0.472982990;CPU0;2810;;UNC_M_CAS_COUNT.WR[UNIT1];10259708;100.00;;"
1401 [140405425301184] INFO perfrun.perfcollector <> - PERF_STAT : "     0.472982990;CPU10;4062;;UNC_M_CAS_COUNT.WR[UNIT1];10251019;100.00;;"
1401 [140405425301184] INFO perfrun.perfcollector <> - PERF_STAT : "     0.472982990;CPU0;3020;;UNC_M_CAS_COUNT.WR[UNIT4];10258497;100.00;;"
1401 [140405425301184] INFO perfrun.perfcollector <> - PERF_STAT : "     0.472982990;CPU10;3651;;UNC_M_CAS_COUNT.WR[UNIT4];10251047;100.00;;"
1401 [140405425301184] INFO perfrun.perfcollector <> - PERF_STAT : "     0.472982990;CPU0;2671;;UNC_M_CAS_COUNT.WR[UNIT5];10257310;100.00;;"
1401 [140405425301184] INFO perfrun.perfcollector <> - PERF_STAT : "     0.472982990;CPU10;3922;;UNC_M_CAS_COUNT.WR[UNIT5];10251210;100.00;;"
1412 [140405425301184] INFO perfrun.perfcollector <> - PERF_STAT : "     0.483280862;CPU0;12271;;UNC_M_CAS_COUNT.RD[UNIT0];10314080;100.00;;"
1412 [140405425301184] INFO perfrun.perfcollector <> - PERF_STAT : "     0.483280862;CPU10;12980;;UNC_M_CAS_COUNT.RD[UNIT0];10314081;100.00;;"
1412 [140405425301184] INFO perfrun.perfcollector <> - PERF_STAT : "     0.483280862;CPU0;11647;;UNC_M_CAS_COUNT.RD[UNIT1];10314122;100.00;;"
1412 [140405425301184] INFO perfrun.perfcollector <> - PERF_STAT : "     0.483280862;CPU10;13010;;UNC_M_CAS_COUNT.RD[UNIT1];10316891;100.00;;"
1412 [140405425301184] INFO perfrun.perfcollector <> - PERF_STAT : "     0.483280862;CPU0;12169;;UNC_M_CAS_COUNT.RD[UNIT4];10313844;100.00;;"
1412 [140405425301184] INFO perfrun.perfcollector <> - PERF_STAT : "     0.483280862;CPU10;12846;;UNC_M_CAS_COUNT.RD[UNIT4];10318720;100.00;;"
1412 [140405425301184] INFO perfrun.perfcollector <> - PERF_STAT : "     0.483280862;CPU0;11424;;UNC_M_CAS_COUNT.RD[UNIT5];10313401;100.00;;"
1412 [140405425301184] INFO perfrun.perfcollector <> - PERF_STAT : "     0.483280862;CPU10;12925;;UNC_M_CAS_COUNT.RD[UNIT5];10320306;100.00;;"
1412 [140405425301184] INFO perfrun.perfcollector <> - PERF_STAT : "     0.483280862;CPU0;11181;;UNC_M_CAS_COUNT.WR[UNIT0];10313175;100.00;;"
1412 [140405425301184] INFO perfrun.perfcollector <> - PERF_STAT : "     0.483280862;CPU10;2246;;UNC_M_CAS_COUNT.WR[UNIT0];10322060;100.00;;"
1412 [140405425301184] INFO perfrun.perfcollector <> - PERF_STAT : "     0.483280862;CPU0;10749;;UNC_M_CAS_COUNT.WR[UNIT1];10312607;100.00;;"
1412 [140405425301184] INFO perfrun.perfcollector <> - PERF_STAT : "     0.483280862;CPU10;2344;;UNC_M_CAS_COUNT.WR[UNIT1];10323768;100.00;;"
1412 [140405425301184] INFO perfrun.perfcollector <> - PERF_STAT : "     0.483280862;CPU0;11418;;UNC_M_CAS_COUNT.WR[UNIT4];10312580;100.00;;"
1412 [140405425301184] INFO perfrun.perfcollector <> - PERF_STAT : "     0.483280862;CPU10;2188;;UNC_M_CAS_COUNT.WR[UNIT4];10325427;100.00;;"
1412 [140405425301184] INFO perfrun.perfcollector <> - PERF_STAT : "     0.483280862;CPU0;10877;;UNC_M_CAS_COUNT.WR[UNIT5];10312337;100.00;;"
1412 [140405425301184] INFO perfrun.perfcollector <> - PERF_STAT : "     0.483280862;CPU10;2312;;UNC_M_CAS_COUNT.WR[UNIT5];10327072;100.00;;"
1422 [140405425301184] INFO perfrun.perfcollector <> - PERF_STAT : "     0.493641030;CPU0;1125;;UNC_M_CAS_COUNT.RD[UNIT0];10378467;100.00;;"
1422 [140405425301184] INFO perfrun.perfcollector <> - PERF_STAT : "     0.493641030;CPU10;981;;UNC_M_CAS_COUNT.RD[UNIT0];10377470;100.00;;"
1422 [140405425301184] INFO perfrun.perfcollector <> - PERF_STAT : "     0.493641030;CPU0;970;;UNC_M_CAS_COUNT.RD[UNIT1];10377527;100.00;;"
1422 [140405425301184] INFO perfrun.perfcollector <> - PERF_STAT : "     0.493641030;CPU10;1126;;UNC_M_CAS_COUNT.RD[UNIT1];10374573;100.00;;"
1422 [140405425301184] INFO perfrun.perfcollector <> - PERF_STAT : "     0.493641030;CPU0;1114;;UNC_M_CAS_COUNT.RD[UNIT4];10377328;100.00;;"
1422 [140405425301184] INFO perfrun.perfcollector <> - PERF_STAT : "     0.493641030;CPU10;928;;UNC_M_CAS_COUNT.RD[UNIT4];10372582;100.00;;"
1422 [140405425301184] INFO perfrun.perfcollector <> - PERF_STAT : "     0.493641030;CPU0;903;;UNC_M_CAS_COUNT.RD[UNIT5];10376898;100.00;;"
1422 [140405425301184] INFO perfrun.perfcollector <> - PERF_STAT : "     0.493641030;CPU10;1129;;UNC_M_CAS_COUNT.RD[UNIT5];10370679;100.00;;"
1422 [140405425301184] INFO perfrun.perfcollector <> - PERF_STAT : "     0.493641030;CPU0;552;;UNC_M_CAS_COUNT.WR[UNIT0];10376424;100.00;;"
1422 [140405425301184] INFO perfrun.perfcollector <> - PERF_STAT : "     0.493641030;CPU10;306;;UNC_M_CAS_COUNT.WR[UNIT0];10368766;100.00;;"
1422 [140405425301184] INFO perfrun.perfcollector <> - PERF_STAT : "     0.493641030;CPU0;382;;UNC_M_CAS_COUNT.WR[UNIT1];10375912;100.00;;"
1422 [140405425301184] INFO perfrun.perfcollector <> - PERF_STAT : "     0.493641030;CPU10;435;;UNC_M_CAS_COUNT.WR[UNIT1];10366888;100.00;;"
1422 [140405425301184] INFO perfrun.perfcollector <> - PERF_STAT : "     0.493641030;CPU0;533;;UNC_M_CAS_COUNT.WR[UNIT4];10375388;100.00;;"
1422 [140405425301184] INFO perfrun.perfcollector <> - PERF_STAT : "     0.493641030;CPU10;321;;UNC_M_CAS_COUNT.WR[UNIT4];10365057;100.00;;"
1422 [140405425301184] INFO perfrun.perfcollector <> - PERF_STAT : "     0.493641030;CPU0;403;;UNC_M_CAS_COUNT.WR[UNIT5];10374916;100.00;;"
1422 [140405425301184] INFO perfrun.perfcollector <> - PERF_STAT : "     0.493641030;CPU10;439;;UNC_M_CAS_COUNT.WR[UNIT5];10363461;100.00;;"
1432 [140405425301184] INFO perfrun.perfcollector <> - PERF_STAT : "     0.503930497;CPU0;261;;UNC_M_CAS_COUNT.RD[UNIT0];10269711;100.00;;"
1432 [140405425301184] INFO perfrun.perfcollector <> - PERF_STAT : "     0.503930497;CPU10;78;;UNC_M_CAS_COUNT.RD[UNIT0];10277702;100.00;;"
1432 [140405425301184] INFO perfrun.perfcollector <> - PERF_STAT : "     0.503930497;CPU0;173;;UNC_M_CAS_COUNT.RD[UNIT1];10269768;100.00;;"
1432 [140405425301184] INFO perfrun.perfcollector <> - PERF_STAT : "     0.503930497;CPU10;145;;UNC_M_CAS_COUNT.RD[UNIT1];10277476;100.00;;"
1432 [140405425301184] INFO perfrun.perfcollector <> - PERF_STAT : "     0.503930497;CPU0;234;;UNC_M_CAS_COUNT.RD[UNIT4];10277745;100.00;;"
1432 [140405425301184] INFO perfrun.perfcollector <> - PERF_STAT : "     0.503930497;CPU10;64;;UNC_M_CAS_COUNT.RD[UNIT4];10277432;100.00;;"
1432 [140405425301184] INFO perfrun.perfcollector <> - PERF_STAT : "     0.503930497;CPU0;167;;UNC_M_CAS_COUNT.RD[UNIT5];10277727;100.00;;"
1432 [140405425301184] INFO perfrun.perfcollector <> - PERF_STAT : "     0.503930497;CPU10;157;;UNC_M_CAS_COUNT.RD[UNIT5];10277377;100.00;;"
1432 [140405425301184] INFO perfrun.perfcollector <> - PERF_STAT : "     0.503930497;CPU0;96;;UNC_M_CAS_COUNT.WR[UNIT0];10277854;100.00;;"
1432 [140405425301184] INFO perfrun.perfcollector <> - PERF_STAT : "     0.503930497;CPU10;17;;UNC_M_CAS_COUNT.WR[UNIT0];10277404;100.00;;"
1432 [140405425301184] INFO perfrun.perfcollector <> - PERF_STAT : "     0.503930497;CPU0;31;;UNC_M_CAS_COUNT.WR[UNIT1];10277929;100.00;;"
1432 [140405425301184] INFO perfrun.perfcollector <> - PERF_STAT : "     0.503930497;CPU10;97;;UNC_M_CAS_COUNT.WR[UNIT1];10277415;100.00;;"
1432 [140405425301184] INFO perfrun.perfcollector <> - PERF_STAT : "     0.503930497;CPU0;85;;UNC_M_CAS_COUNT.WR[UNIT4];10277837;100.00;;"
1432 [140405425301184] INFO perfrun.perfcollector <> - PERF_STAT : "     0.503930497;CPU10;17;;UNC_M_CAS_COUNT.WR[UNIT4];10277417;100.00;;"
1432 [140405425301184] INFO perfrun.perfcollector <> - PERF_STAT : "     0.503930497;CPU0;31;;UNC_M_CAS_COUNT.WR[UNIT5];10277843;100.00;;"
1432 [140405425301184] INFO perfrun.perfcollector <> - PERF_STAT : "     0.503930497;CPU10;104;;UNC_M_CAS_COUNT.WR[UNIT5];10277427;100.00;;"
